student_id,previous_cgpa,previous_semester_percentage,previous_subject_avg,weak_subject_count,subject_consistency,performance_band
S100000,7.65,69.92,91.88,2,55.52,At_Risk
S100001,6.82,63.57,75.66,1,69.7,Average
S100002,7.84,72.11,61.9,1,80.49,Average
S100003,8.98,85.75,63.9,0,72.74,Average
S100004,6.7,68.4,78.91,1,48.62,Average
S100005,6.7,60.52,63.21,2,85.87,Average
S100006,9.05,90.01,50.36,1,64.83,Average
S100007,8.0,72.85,73.85,1,56.62,Average
S100008,6.39,57.31,84.03,1,77.75,Average
S100009,7.71,76.0,67.05,3,78.49,Average
S100010,6.4,64.46,77.75,2,54.13,At_Risk
S100011,6.39,64.15,60.31,1,85.8,At_Risk
S100012,7.31,64.23,69.64,1,60.58,Average
S100013,4.51,41.01,69.3,0,50.41,At_Risk
S100014,4.76,48.49,63.45,0,64.38,At_Risk
S100015,6.27,59.72,55.72,1,70.54,At_Risk
S100016,5.68,49.7,58.51,1,58.88,Average
S100017,7.41,72.21,59.09,2,80.65,Average
S100018,5.82,52.43,62.03,1,90.71,At_Risk
S100019,5.16,56.24,66.22,1,91.84,At_Risk
S100020,8.91,90.78,69.88,2,59.22,Excellent
S100021,6.71,66.13,69.86,3,62.76,At_Risk
S100022,7.09,72.78,66.67,1,65.29,Average
S100023,5.15,49.16,68.19,6,57.49,At_Risk
S100024,6.29,62.84,56.86,0,84.06,At_Risk
S100025,7.14,73.78,70.48,1,90.54,Average
S100026,5.5,53.27,47.64,1,61.01,At_Risk
S100027,7.49,70.12,54.85,1,49.33,At_Risk
S100028,6.22,52.26,54.47,2,88.28,At_Risk
S100029,6.62,62.57,60.58,2,73.56,At_Risk
S100030,6.22,62.36,71.76,3,44.99,At_Risk
S100031,9.41,93.16,70.27,1,58.07,Excellent
S100032,6.98,68.35,71.55,2,69.81,At_Risk
S100033,5.62,51.27,78.52,3,84.57,At_Risk
S100034,8.07,68.75,70.35,3,77.94,Average
S100035,5.41,49.44,54.91,1,52.5,At_Risk
S100036,7.27,68.0,68.39,2,86.8,At_Risk
S100037,4.45,41.05,55.87,2,55.27,At_Risk
S100038,5.27,52.57,63.65,0,74.26,At_Risk
S100039,7.26,76.87,73.17,0,55.4,Average
S100040,7.96,76.11,65.8,0,81.8,Average
S100041,7.22,67.75,76.36,1,63.6,Average
S100042,6.85,64.03,68.11,0,56.79,Average
S100043,6.61,63.3,48.31,2,72.28,At_Risk
S100044,5.08,44.93,62.87,1,93.27,At_Risk
S100045,6.06,58.09,76.26,1,74.11,At_Risk
S100046,6.4,62.61,73.93,2,76.4,Average
S100047,8.37,80.39,54.07,0,52.91,At_Risk
S100048,7.45,72.57,62.02,2,49.17,Average
S100049,4.71,46.46,70.69,1,49.84,At_Risk
S100050,7.42,63.41,61.21,0,47.22,At_Risk
S100051,6.5,64.29,63.59,2,59.1,At_Risk
S100052,6.12,55.5,71.24,1,96.35,Average
S100053,7.8,69.67,91.82,1,78.69,At_Risk
S100054,8.34,74.82,72.03,2,46.71,Average
S100055,8.21,79.74,77.01,1,82.68,Average
S100056,5.91,55.25,56.47,3,52.33,At_Risk
S100057,6.6,55.95,51.82,1,65.17,At_Risk
S100058,7.43,72.5,56.62,1,79.9,At_Risk
S100059,8.27,73.0,65.72,1,48.02,Average
S100060,6.38,61.14,70.95,1,71.63,Good
S100061,6.76,65.16,74.25,1,48.43,At_Risk
S100062,5.56,56.38,79.59,0,79.39,Average
S100063,5.44,58.85,84.35,3,100.0,At_Risk
S100064,8.06,71.1,40.96,1,65.23,At_Risk
S100065,8.76,83.04,55.25,1,74.31,Average
S100066,6.91,64.51,89.62,0,59.66,Average
S100067,8.3,80.63,72.54,3,76.61,Average
S100068,7.47,71.83,66.61,3,66.83,Average
S100069,6.16,57.12,39.03,3,69.29,At_Risk
S100070,7.47,69.2,51.16,2,52.5,At_Risk
S100071,9.0,81.03,79.5,1,65.35,Average
S100072,6.95,70.01,61.91,7,95.42,At_Risk
S100073,9.03,87.66,75.08,0,95.49,Good
S100074,3.59,38.0,62.79,3,71.59,At_Risk
S100075,8.07,75.41,96.37,2,52.24,At_Risk
S100076,7.11,64.95,67.43,0,78.88,Average
S100077,6.61,58.49,48.63,0,49.22,Average
S100078,7.12,69.07,75.55,1,45.19,At_Risk
S100079,4.42,37.79,68.97,2,72.63,At_Risk
S100080,6.71,71.18,59.91,1,48.24,At_Risk
S100081,7.46,65.68,70.61,1,64.14,At_Risk
S100082,8.92,85.85,81.6,0,53.87,Average
S100083,6.33,66.37,64.89,1,57.78,At_Risk
S100084,5.95,58.91,55.59,1,63.86,Average
S100085,6.35,61.01,70.69,1,42.47,Average
S100086,8.19,73.93,59.65,1,86.34,Average
S100087,7.43,65.03,72.26,2,57.88,At_Risk
S100088,6.31,63.0,84.47,1,81.24,Average
S100089,7.67,78.86,53.15,1,70.26,At_Risk
S100090,7.13,65.94,44.0,1,49.86,At_Risk
S100091,8.26,73.91,97.8,1,71.74,Average
S100092,6.09,48.0,69.73,1,47.98,At_Risk
S100093,6.57,58.53,51.8,2,91.04,At_Risk
S100094,6.49,61.2,54.98,2,80.85,At_Risk
S100095,5.1,54.82,61.83,0,69.41,Average
S100096,7.38,72.85,71.93,0,90.94,Average
S100097,7.34,70.94,36.58,1,96.41,Average
S100098,7.01,64.96,77.08,0,66.2,At_Risk
S100099,6.7,61.27,59.07,2,76.57,At_Risk
S100100,5.16,54.64,87.28,2,53.89,At_Risk
S100101,6.45,62.11,73.02,0,50.13,Average
S100102,6.55,53.86,79.63,1,49.37,At_Risk
S100103,5.96,53.9,64.96,2,56.06,At_Risk
S100104,6.79,61.08,71.19,4,70.13,At_Risk
S100105,7.53,69.3,86.0,4,78.1,At_Risk
S100106,9.45,92.05,56.92,3,66.49,Average
S100107,7.23,68.23,73.75,1,43.79,Average
S100108,7.33,69.37,74.97,1,52.26,Average
S100109,6.9,71.0,85.71,2,54.27,At_Risk
S100110,4.51,40.02,59.67,2,67.15,At_Risk
S100111,6.97,73.63,56.97,1,79.15,Average
S100112,7.08,64.56,83.46,2,72.47,At_Risk
S100113,10.0,95.36,65.07,0,73.68,Good
S100114,6.75,63.0,56.31,3,62.02,At_Risk
S100115,7.39,70.72,61.56,2,57.84,At_Risk
S100116,6.95,67.85,49.99,3,68.6,At_Risk
S100117,5.48,53.8,67.64,3,47.27,At_Risk
S100118,8.49,77.6,30.55,1,68.42,Average
S100119,7.98,71.29,71.46,2,79.84,At_Risk
S100120,8.03,86.28,47.96,3,46.2,Average
S100121,5.82,53.33,84.49,0,86.35,Average
S100122,8.82,86.62,58.83,1,74.47,Good
S100123,5.18,42.76,57.24,0,61.82,At_Risk
S100124,7.76,72.63,68.55,4,62.82,Average
S100125,9.85,93.04,73.11,1,91.48,Excellent
S100126,5.71,56.16,68.46,1,66.22,At_Risk
S100127,6.26,48.62,46.92,0,55.44,At_Risk
S100128,7.13,68.4,69.53,1,65.15,Average
S100129,6.35,55.68,66.97,2,63.13,At_Risk
S100130,4.98,49.0,66.48,1,66.45,At_Risk
S100131,7.09,63.2,75.53,1,73.44,Good
S100132,5.62,49.96,57.95,0,80.22,At_Risk
S100133,7.62,71.25,53.28,1,73.68,At_Risk
S100134,5.8,50.94,75.99,0,82.3,At_Risk
S100135,9.01,83.74,42.66,2,40.13,Average
S100136,5.98,52.05,71.68,2,83.61,At_Risk
S100137,6.58,55.19,52.24,1,54.87,At_Risk
S100138,8.06,80.62,86.23,0,75.86,Good
S100139,5.4,46.11,49.08,1,90.21,At_Risk
S100140,7.3,68.59,49.36,2,93.59,Average
S100141,8.7,85.65,98.29,0,54.22,Average
S100142,4.91,44.19,84.41,3,69.15,At_Risk
S100143,7.24,65.48,57.51,2,82.54,Average
S100144,7.34,70.61,51.93,3,80.29,At_Risk
S100145,8.02,80.6,55.96,0,86.75,Average
S100146,5.39,46.5,72.68,0,82.56,Average
S100147,5.28,49.59,71.7,3,96.19,At_Risk
S100148,7.68,66.02,62.81,2,66.29,At_Risk
S100149,7.39,68.59,90.3,2,72.17,Average
S100150,7.33,69.73,57.78,1,69.99,At_Risk
S100151,7.45,67.36,43.43,1,69.7,At_Risk
S100152,6.12,56.27,100.0,3,74.77,Average
S100153,7.3,63.74,79.89,2,50.76,Average
S100154,7.38,70.43,65.33,3,83.06,Average
S100155,6.07,61.9,70.71,2,67.3,Average
S100156,9.43,85.15,69.57,2,77.79,Average
S100157,7.62,69.86,46.9,3,53.43,Average
S100158,5.45,53.8,67.78,2,50.05,At_Risk
S100159,7.85,79.5,73.62,3,84.32,Average
S100160,5.73,48.49,72.98,0,54.51,At_Risk
S100161,8.02,75.55,37.01,2,84.87,Average
S100162,8.51,81.94,70.45,3,54.77,Average
S100163,5.93,55.96,74.04,2,56.48,At_Risk
S100164,8.25,68.49,67.34,1,63.46,At_Risk
S100165,7.54,73.6,52.21,1,70.78,At_Risk
S100166,8.07,82.73,85.05,1,92.14,Average
S100167,9.47,90.39,67.56,1,56.97,Good
S100168,6.68,59.35,65.22,0,91.44,Average
S100169,6.02,55.14,65.97,0,67.06,Average
S100170,5.84,62.59,48.95,1,53.92,At_Risk
S100171,5.94,60.06,93.42,0,53.95,Average
S100172,6.9,68.0,82.69,0,72.63,Good
S100173,7.44,72.14,59.03,1,66.82,Good
S100174,7.36,67.27,42.99,1,80.79,At_Risk
S100175,8.08,75.9,74.85,3,57.29,At_Risk
S100176,7.02,66.35,77.73,4,64.49,At_Risk
S100177,8.89,86.65,68.85,3,47.29,At_Risk
S100178,6.66,69.27,63.63,4,69.31,At_Risk
S100179,10.0,99.47,46.34,0,61.56,Average
S100180,7.81,69.0,75.78,3,77.46,Average
S100181,5.89,56.8,46.12,1,87.12,At_Risk
S100182,5.61,56.22,71.59,1,84.92,At_Risk
S100183,7.63,74.93,77.45,2,66.54,Average
S100184,6.71,61.22,64.0,0,74.83,Average
S100185,7.93,86.97,64.7,1,74.78,Average
S100186,7.62,67.24,35.22,1,67.04,At_Risk
S100187,6.91,61.27,55.95,0,70.39,Average
S100188,5.9,56.98,61.78,2,82.72,At_Risk
S100189,5.03,56.26,47.01,1,77.86,At_Risk
S100190,6.42,57.64,84.68,0,53.31,Average
S100191,8.11,76.0,57.9,0,78.72,Average
S100192,7.28,73.45,61.95,2,67.08,Average
S100193,5.38,51.04,91.19,2,89.94,At_Risk
S100194,7.23,67.3,81.28,2,65.53,Average
S100195,7.5,73.52,90.86,2,55.6,Good
S100196,5.85,56.67,84.58,2,63.67,At_Risk
S100197,7.2,72.52,77.02,1,57.09,Average
S100198,7.08,72.38,57.57,1,80.05,At_Risk
S100199,5.51,53.61,48.85,2,87.05,At_Risk
S100200,7.47,72.09,78.37,0,69.23,Average
S100201,7.73,74.28,60.91,2,73.36,At_Risk
S100202,8.41,81.83,37.49,0,81.71,Good
S100203,8.37,79.74,73.68,4,67.33,Average
S100204,5.21,49.48,71.01,0,71.5,At_Risk
S100205,5.78,59.7,51.08,3,64.76,At_Risk
S100206,7.67,78.93,86.15,0,61.49,Average
S100207,7.67,66.82,56.68,0,65.36,At_Risk
S100208,7.67,72.9,96.96,5,83.57,At_Risk
S100209,10.0,92.25,85.08,2,46.23,Good
S100210,7.74,72.31,81.14,1,69.73,Good
S100211,8.48,82.13,60.11,2,54.29,At_Risk
S100212,8.24,80.96,70.25,3,59.09,Average
S100213,7.85,74.1,71.49,2,83.33,At_Risk
S100214,6.59,54.95,64.23,1,60.97,Average
S100215,7.99,72.01,68.21,0,50.15,Average
S100216,6.0,60.54,90.53,1,72.74,Good
S100217,6.69,52.61,58.92,1,72.14,At_Risk
S100218,6.37,65.26,73.94,2,87.26,At_Risk
S100219,7.11,69.6,60.66,3,63.42,Good
S100220,10.0,100.0,47.54,1,77.34,Good
S100221,4.57,42.6,81.8,4,74.05,At_Risk
S100222,7.89,66.73,73.25,1,54.24,Average
S100223,4.9,48.3,80.79,0,68.26,Average
S100224,6.39,66.0,55.55,1,66.64,At_Risk
S100225,8.42,83.65,59.92,1,82.33,Good
S100226,7.08,64.64,73.13,2,54.75,At_Risk
S100227,5.6,53.54,78.05,1,82.4,Average
S100228,6.07,55.53,83.51,1,83.6,Average
S100229,7.88,71.62,66.69,3,82.46,Average
S100230,6.05,61.3,74.55,1,70.36,Average
S100231,7.28,64.38,91.24,3,44.02,At_Risk
S100232,7.06,63.49,63.02,2,87.53,At_Risk
S100233,6.15,54.04,71.66,1,87.55,At_Risk
S100234,9.79,87.02,66.11,1,82.2,Good
S100235,7.82,74.91,70.73,0,86.38,At_Risk
S100236,4.37,46.14,86.02,0,65.07,At_Risk
S100237,7.24,68.1,60.26,2,86.0,Average
S100238,6.14,52.3,57.05,4,73.14,At_Risk
S100239,8.11,80.39,79.39,2,67.01,Average
S100240,5.97,63.5,87.63,1,83.77,At_Risk
S100241,6.85,62.5,49.05,1,75.44,At_Risk
S100242,7.66,70.82,63.6,0,49.42,Average
S100243,8.13,79.25,72.09,4,79.8,At_Risk
S100244,5.44,58.16,68.58,0,51.59,At_Risk
S100245,6.57,60.3,69.81,2,49.08,At_Risk
S100246,6.38,55.3,68.89,3,73.25,At_Risk
S100247,6.15,60.96,58.46,1,92.47,At_Risk
S100248,9.3,92.0,34.7,1,70.35,Average
S100249,7.53,71.53,67.66,4,64.83,At_Risk
S100250,5.36,48.7,65.04,0,95.85,At_Risk
S100251,8.19,81.81,48.57,1,90.1,Good
S100252,9.76,94.82,59.16,1,82.79,At_Risk
S100253,8.34,76.18,79.58,0,62.57,Good
S100254,5.02,47.93,65.45,0,56.84,At_Risk
S100255,6.37,55.11,70.43,0,69.73,At_Risk
S100256,8.65,85.0,54.09,2,61.06,Average
S100257,6.08,56.71,75.72,0,80.25,Average
S100258,7.58,70.24,96.92,3,91.03,At_Risk
S100259,8.01,75.94,74.81,1,84.7,Average
S100260,5.79,55.21,73.7,1,71.11,Average
S100261,6.92,69.34,71.27,1,83.4,Average
S100262,3.5,35.61,59.42,2,55.31,At_Risk
S100263,5.67,53.22,80.48,2,77.72,At_Risk
S100264,6.67,66.44,66.42,1,69.38,At_Risk
S100265,5.38,52.69,90.41,5,67.75,At_Risk
S100266,9.12,84.95,91.23,1,58.3,Good
S100267,5.14,48.34,61.01,1,97.07,At_Risk
S100268,6.43,60.47,77.96,0,76.81,At_Risk
S100269,7.17,70.1,60.36,1,44.28,Average
S100270,8.87,82.83,83.12,3,57.2,Average
S100271,5.13,47.21,56.54,0,52.99,At_Risk
S100272,8.51,88.74,71.08,2,74.0,Good
S100273,7.01,70.4,74.75,1,79.82,At_Risk
S100274,5.72,51.34,78.01,1,100.0,At_Risk
S100275,7.6,74.49,54.72,2,62.68,Average
S100276,7.26,69.43,73.93,3,49.07,Average
S100277,6.22,60.65,70.8,0,66.09,At_Risk
S100278,7.09,67.91,53.25,1,71.97,At_Risk
S100279,6.5,66.5,83.03,0,86.63,Average
S100280,7.15,69.28,88.89,0,79.75,Average
S100281,7.86,74.43,68.78,8,77.43,Average
S100282,9.06,90.26,66.27,0,62.13,Average
S100283,5.39,52.15,63.22,0,95.44,Average
S100284,9.77,93.33,100.0,1,47.06,Good
S100285,4.46,43.65,80.21,2,69.23,At_Risk
S100286,6.8,64.25,58.71,0,84.85,At_Risk
S100287,7.76,73.8,47.3,2,67.62,At_Risk
S100288,7.37,67.6,62.45,1,58.87,At_Risk
S100289,6.19,55.8,62.54,2,56.74,At_Risk
S100290,6.73,59.94,71.32,2,67.3,Average
S100291,6.36,54.84,68.58,1,93.18,Average
S100292,6.23,55.7,82.88,1,81.03,Average
S100293,8.1,76.3,32.79,2,82.06,At_Risk
S100294,7.46,71.3,74.99,0,84.93,Average
S100295,6.1,56.86,79.62,1,83.75,At_Risk
S100296,8.17,68.19,44.64,2,89.06,At_Risk
S100297,7.4,76.59,56.72,2,82.99,Good
S100298,8.06,80.9,61.71,1,65.5,At_Risk
S100299,7.82,76.06,74.58,0,84.86,Average
S100300,5.92,63.89,62.62,3,71.55,At_Risk
S100301,6.27,55.67,67.55,2,49.03,Average
S100302,7.97,83.28,57.75,2,64.49,Average
S100303,7.79,70.2,68.83,2,42.01,At_Risk
S100304,6.97,67.2,59.79,6,50.83,At_Risk
S100305,7.15,62.85,56.59,2,50.22,At_Risk
S100306,8.66,82.34,69.83,5,60.08,Average
S100307,6.23,60.74,79.23,3,91.23,At_Risk
S100308,7.71,72.64,71.41,1,56.23,At_Risk
S100309,6.74,66.86,65.07,1,89.27,Good
S100310,6.72,64.21,81.12,2,61.76,At_Risk
S100311,8.43,78.0,62.04,3,81.57,At_Risk
S100312,8.07,74.4,66.96,1,89.73,Average
S100313,8.06,79.79,83.21,0,85.86,Average
S100314,8.7,80.01,62.4,1,82.94,Good
S100315,7.03,70.42,60.97,1,79.32,At_Risk
S100316,7.89,79.81,77.67,2,91.84,Average
S100317,6.6,55.99,55.02,0,67.07,At_Risk
S100318,7.42,75.04,83.62,3,53.68,At_Risk
S100319,6.83,73.1,42.81,0,62.86,Average
S100320,7.13,68.71,68.97,0,52.12,At_Risk
S100321,7.77,76.2,59.54,1,49.03,Good
S100322,5.94,60.54,72.41,1,43.25,At_Risk
S100323,9.72,91.24,87.03,1,70.01,Good
S100324,5.69,54.8,52.96,1,61.67,At_Risk
S100325,5.42,46.25,49.74,0,66.36,At_Risk
S100326,8.51,81.36,82.95,1,62.8,Average
S100327,8.03,78.3,65.01,0,79.66,Good
S100328,7.81,76.27,66.92,3,62.78,Average
S100329,7.82,78.52,64.54,1,84.21,At_Risk
S100330,6.98,63.25,63.29,2,51.03,At_Risk
S100331,5.83,53.29,56.14,1,88.02,At_Risk
S100332,7.1,75.02,64.85,3,58.01,At_Risk
S100333,6.12,57.54,57.04,1,73.31,Average
S100334,8.27,79.0,81.02,1,65.79,Average
S100335,6.81,64.42,60.81,2,72.82,At_Risk
S100336,5.93,53.02,85.04,3,91.31,At_Risk
S100337,6.58,69.0,76.7,1,47.24,Average
S100338,7.54,69.49,54.97,2,71.75,Good
S100339,6.27,55.0,54.18,5,78.83,At_Risk
S100340,5.93,54.54,65.13,1,71.44,At_Risk
S100341,7.32,61.5,58.48,2,82.25,At_Risk
S100342,7.32,66.92,58.39,2,98.98,Average
S100343,6.34,56.37,78.92,2,58.01,At_Risk
S100344,6.39,63.15,71.57,0,50.02,Average
S100345,7.3,66.67,83.99,2,44.72,Average
S100346,5.12,52.0,54.07,2,55.93,At_Risk
S100347,5.17,54.71,44.17,0,62.89,At_Risk
S100348,6.07,60.75,58.5,1,79.74,At_Risk
S100349,6.72,63.0,82.0,0,79.26,At_Risk
S100350,7.4,70.9,59.85,0,95.45,Good
S100351,8.92,78.62,89.28,0,72.67,Excellent
S100352,8.11,76.6,61.07,1,72.89,Average
S100353,6.79,61.08,75.59,0,72.87,Average
S100354,6.98,69.04,67.66,1,82.07,Average
S100355,5.7,64.41,42.52,1,86.73,At_Risk
S100356,6.98,68.0,59.42,0,85.66,Average
S100357,6.62,54.97,74.24,2,93.9,Average
S100358,7.42,69.04,67.39,3,49.55,At_Risk
S100359,5.92,56.77,62.31,1,86.5,At_Risk
S100360,7.68,73.26,65.81,2,56.31,At_Risk
S100361,8.99,82.51,69.96,1,90.31,Average
S100362,6.86,66.14,32.62,3,73.99,At_Risk
S100363,7.52,66.49,60.75,2,86.16,Average
S100364,7.9,71.24,57.48,0,63.88,Average
S100365,6.48,64.13,77.0,1,89.28,Average
S100366,7.29,65.2,77.85,0,60.28,At_Risk
S100367,7.02,68.8,70.21,1,62.96,Good
S100368,7.13,62.23,69.47,1,80.91,Average
S100369,6.0,64.01,41.84,0,65.53,At_Risk
S100370,7.03,63.71,56.19,2,97.38,Average
S100371,7.65,71.76,63.41,1,53.68,Good
S100372,8.89,85.74,66.58,1,65.48,Excellent
S100373,8.25,76.09,67.93,0,89.53,Average
S100374,9.8,94.0,42.67,1,46.43,Average
S100375,6.0,59.32,80.68,3,66.78,Average
S100376,8.13,81.12,54.7,3,89.79,Average
S100377,7.24,71.93,38.53,1,79.56,At_Risk
S100378,9.85,92.86,78.19,1,79.59,Good
S100379,5.95,55.93,56.14,5,88.07,At_Risk
S100380,5.91,65.53,77.0,2,78.22,At_Risk
S100381,6.22,62.9,45.33,2,55.49,At_Risk
S100382,4.24,36.58,62.73,6,70.84,At_Risk
S100383,6.32,60.41,55.47,3,85.7,Average
S100384,6.01,56.0,73.11,1,56.31,At_Risk
S100385,7.2,67.82,56.42,0,86.88,Average
S100386,7.44,65.8,73.11,6,56.67,At_Risk
S100387,9.44,88.02,62.5,1,69.79,Average
S100388,8.24,85.48,59.45,3,71.24,Average
S100389,6.25,61.69,79.69,1,68.65,At_Risk
S100390,5.83,45.44,93.4,1,76.02,At_Risk
S100391,7.64,77.44,63.26,3,49.92,Average
S100392,5.28,54.55,57.94,0,65.27,At_Risk
S100393,9.38,87.68,66.2,2,78.14,Good
S100394,8.53,83.94,69.4,0,49.64,Average
S100395,6.39,57.27,44.68,4,54.01,At_Risk
S100396,4.77,43.46,54.81,0,59.48,At_Risk
S100397,8.76,89.21,48.42,2,63.53,Average
S100398,6.85,64.0,53.02,1,90.64,Average
S100399,8.61,74.31,86.88,1,51.42,Good
S100400,4.93,46.56,38.27,1,52.6,At_Risk
S100401,6.22,58.78,72.84,2,43.98,Average
S100402,7.01,71.36,63.19,1,82.24,Good
S100403,7.06,67.14,71.17,0,49.29,Average
S100404,6.41,59.26,52.81,3,46.72,At_Risk
S100405,7.81,78.37,62.02,5,65.17,At_Risk
S100406,5.61,53.8,83.91,2,97.53,At_Risk
S100407,6.81,61.74,62.09,3,64.86,At_Risk
S100408,7.16,72.61,86.33,3,64.0,Average
S100409,7.67,73.63,32.57,5,61.26,At_Risk
S100410,7.93,75.3,75.01,3,82.72,Average
S100411,5.54,53.32,68.54,5,97.06,At_Risk
S100412,5.01,43.27,49.3,3,68.85,At_Risk
S100413,8.66,80.17,79.91,1,76.64,Average
S100414,7.43,70.62,58.27,0,87.8,At_Risk
S100415,6.03,56.48,71.01,3,82.22,Average
S100416,9.02,91.0,55.17,2,54.0,Average
S100417,7.15,68.8,61.37,0,54.72,Average
S100418,8.53,84.48,77.17,3,60.58,At_Risk
S100419,7.09,67.37,98.58,4,90.94,At_Risk
S100420,9.68,96.18,56.33,2,99.71,Average
S100421,9.28,89.77,84.24,4,88.24,Excellent
S100422,6.68,63.48,85.42,3,38.43,At_Risk
S100423,8.26,78.45,76.29,4,84.17,At_Risk
S100424,7.84,70.65,77.98,1,64.17,Good
S100425,8.78,85.43,58.81,0,68.23,Good
S100426,5.75,54.4,55.4,2,87.74,At_Risk
S100427,7.89,72.96,61.85,1,75.05,Average
S100428,8.38,84.0,71.47,0,53.43,Good
S100429,4.71,39.78,64.08,0,84.25,At_Risk
S100430,5.46,50.2,58.29,0,65.77,At_Risk
S100431,4.35,45.43,58.86,0,84.93,At_Risk
S100432,6.65,64.43,64.05,0,89.54,At_Risk
S100433,7.93,75.17,79.18,3,67.64,At_Risk
S100434,8.95,86.06,53.98,3,54.07,At_Risk
S100435,7.1,68.13,75.36,1,65.09,Average
S100436,9.12,80.55,74.83,0,90.95,Good
S100437,5.21,48.06,61.21,0,75.01,At_Risk
S100438,4.79,52.0,71.85,2,73.48,At_Risk
S100439,6.93,63.18,83.42,5,55.89,At_Risk
S100440,7.5,69.97,63.79,5,66.58,At_Risk
S100441,6.96,63.93,57.96,3,83.33,At_Risk
S100442,4.31,40.62,55.49,1,55.12,At_Risk
S100443,6.88,63.07,57.02,3,61.23,At_Risk
S100444,5.3,52.34,78.28,3,72.92,At_Risk
S100445,7.87,75.56,67.26,0,42.94,At_Risk
S100446,7.48,74.12,47.17,1,68.76,At_Risk
S100447,5.78,50.69,84.31,0,90.54,Average
S100448,6.33,58.79,65.65,1,75.93,At_Risk
S100449,5.62,52.52,74.24,0,63.97,Average
S100450,6.92,68.0,75.82,2,54.21,At_Risk
S100451,8.24,75.12,57.16,0,58.1,Average
S100452,5.72,58.0,52.0,3,75.28,At_Risk
S100453,7.66,77.47,55.43,0,70.77,Average
S100454,6.31,56.0,65.46,0,86.53,At_Risk
S100455,5.97,54.74,73.69,2,45.49,Average
S100456,6.86,63.05,92.22,0,96.77,Average
S100457,5.65,64.24,79.67,3,89.23,At_Risk
S100458,6.28,57.94,42.46,1,58.39,At_Risk
S100459,5.44,58.42,66.02,1,84.76,At_Risk
S100460,9.55,85.7,38.43,1,58.94,Average
S100461,7.05,62.98,80.49,1,62.35,Average
S100462,6.09,55.1,65.41,0,73.54,Average
S100463,7.28,65.76,68.46,1,95.18,Good
S100464,6.85,64.04,64.93,1,73.18,At_Risk
S100465,6.71,60.94,68.98,1,85.14,Average
S100466,7.8,70.81,59.09,0,96.28,At_Risk
S100467,7.98,80.49,69.28,2,79.73,Average
S100468,6.31,64.84,55.65,2,57.46,Average
S100469,6.25,63.19,71.78,4,70.91,At_Risk
S100470,6.64,65.2,71.52,1,65.36,At_Risk
S100471,4.01,38.44,74.22,2,51.04,At_Risk
S100472,5.03,45.8,66.71,1,72.23,At_Risk
S100473,8.78,79.57,81.51,3,62.4,Average
S100474,9.14,88.27,91.64,1,89.38,Good
S100475,6.68,59.0,48.06,3,89.03,At_Risk
S100476,7.75,70.0,51.53,2,63.49,Average
S100477,7.4,74.96,65.78,0,92.74,Average
S100478,10.0,100.0,62.12,5,87.2,Average
S100479,8.46,81.9,74.17,1,86.13,Average
S100480,6.83,69.35,74.18,2,81.22,Average
S100481,5.76,53.72,71.9,1,93.49,Average
S100482,4.91,41.31,46.42,1,82.53,At_Risk
S100483,7.26,71.46,70.55,2,63.38,Average
S100484,6.02,59.0,92.07,0,75.03,Average
S100485,5.15,49.22,74.71,0,65.13,At_Risk
S100486,6.16,58.0,67.14,0,56.86,Average
S100487,5.59,56.99,76.04,2,77.85,Average
S100488,9.19,83.39,56.76,4,57.33,At_Risk
S100489,8.15,74.29,73.43,0,46.24,Average
S100490,6.99,62.37,67.73,0,73.93,Average
S100491,8.92,85.12,53.13,2,56.26,Average
S100492,7.1,63.1,71.19,3,79.93,Average
S100493,5.88,53.13,68.57,4,60.91,At_Risk
S100494,8.98,82.49,78.5,1,49.24,At_Risk
S100495,7.7,72.11,69.73,1,73.4,Average
S100496,5.65,47.74,70.68,2,64.1,At_Risk
S100497,6.75,64.5,69.93,4,82.67,At_Risk
S100498,5.86,60.68,69.74,1,78.34,At_Risk
S100499,5.2,49.96,82.81,1,86.23,At_Risk
S100500,8.2,84.1,77.31,0,69.34,Average
S100501,9.48,95.42,55.81,2,67.87,Excellent
S100502,5.18,52.34,66.37,1,80.53,At_Risk
S100503,7.73,73.75,49.69,2,75.75,At_Risk
S100504,6.15,58.55,87.39,0,77.56,Average
S100505,6.37,63.54,58.94,0,94.63,Average
S100506,6.23,57.62,58.11,0,88.28,Average
S100507,5.88,48.3,91.73,1,50.62,Average
S100508,7.06,69.07,60.25,1,44.79,Good
S100509,5.92,51.71,55.65,2,81.21,At_Risk
S100510,7.35,66.0,76.56,3,68.37,At_Risk
S100511,6.93,65.88,67.88,2,91.36,At_Risk
S100512,6.69,63.17,56.38,2,70.57,Average
S100513,5.82,49.64,72.38,2,81.23,At_Risk
S100514,6.25,60.04,76.15,1,95.36,Average
S100515,7.98,79.69,79.22,1,76.99,Average
S100516,7.65,68.17,71.3,2,62.33,Average
S100517,5.73,59.52,79.53,3,81.35,Average
S100518,7.13,61.49,79.01,3,72.17,At_Risk
S100519,7.98,84.25,61.98,1,39.42,Average
S100520,4.83,44.24,90.2,3,100.0,At_Risk
S100521,7.71,73.79,76.46,1,51.81,At_Risk
S100522,6.14,50.75,86.13,1,63.92,Average
S100523,7.74,73.3,66.2,2,88.63,Average
S100524,6.01,58.0,79.01,2,93.24,Average
S100525,4.65,43.87,71.54,0,37.81,At_Risk
S100526,4.88,44.15,80.61,0,80.24,Average
S100527,7.06,63.31,62.55,2,79.16,Average
S100528,7.34,74.23,60.77,2,67.21,Average
S100529,5.82,55.0,84.02,0,72.04,At_Risk
S100530,7.83,80.55,71.16,1,47.35,Average
S100531,4.84,43.87,80.77,0,77.66,At_Risk
S100532,6.91,63.94,49.65,3,69.71,At_Risk
S100533,5.43,54.81,57.53,1,58.51,At_Risk
S100534,6.15,52.0,61.2,1,52.49,At_Risk
S100535,7.06,62.23,84.87,1,48.15,Average
S100536,5.88,60.26,84.38,1,85.66,At_Risk
S100537,6.5,57.06,69.14,2,79.43,At_Risk
S100538,8.31,71.65,74.25,1,62.37,Good
S100539,6.25,67.0,70.19,1,87.15,At_Risk
S100540,8.09,71.25,55.03,2,75.56,Average
S100541,5.53,53.28,68.78,1,54.91,Average
S100542,7.69,73.3,56.26,1,83.34,Average
S100543,8.87,73.06,63.05,1,71.87,Average
S100544,3.79,35.0,65.08,1,89.79,At_Risk
S100545,5.96,58.45,89.46,1,53.19,Good
S100546,7.75,75.04,70.05,2,68.1,Average
S100547,6.74,67.61,62.7,1,50.42,At_Risk
S100548,7.48,69.5,75.98,1,53.34,Average
S100549,6.21,61.89,59.41,1,82.07,Average
S100550,7.11,64.8,100.0,3,56.18,At_Risk
S100551,6.8,58.94,73.59,2,41.7,Average
S100552,8.52,75.73,35.86,1,59.83,At_Risk
S100553,7.33,63.79,57.55,1,55.24,Average
S100554,7.44,74.71,91.42,2,65.67,Average
S100555,6.46,55.36,69.93,3,63.5,At_Risk
S100556,6.37,61.57,61.85,2,62.71,At_Risk
S100557,6.44,60.09,73.27,4,84.76,At_Risk
S100558,7.51,71.0,47.34,0,48.41,At_Risk
S100559,6.45,66.76,55.37,3,79.72,At_Risk
S100560,7.38,68.33,49.7,0,73.71,Average
S100561,9.7,95.0,63.22,1,65.5,Average
S100562,8.13,77.4,88.92,1,55.79,Good
S100563,6.58,61.87,75.77,1,72.62,Average
S100564,8.56,91.0,74.22,1,76.74,Good
S100565,6.47,55.69,59.42,2,81.55,At_Risk
S100566,4.35,46.49,78.14,1,53.09,At_Risk
S100567,5.69,56.68,57.91,2,51.82,At_Risk
S100568,4.57,41.48,65.34,3,76.59,At_Risk
S100569,6.54,69.0,77.81,0,65.95,Good
S100570,7.02,59.0,66.95,1,78.6,Average
S100571,9.18,85.0,79.89,2,64.79,Average
S100572,7.43,65.7,65.39,3,73.64,At_Risk
S100573,6.72,65.0,85.65,4,67.28,At_Risk
S100574,8.08,72.29,73.43,0,88.48,Good
S100575,4.13,40.92,56.54,2,63.1,At_Risk
S100576,7.31,68.7,60.94,1,64.26,Average
S100577,8.0,74.1,65.1,2,45.69,Average
S100578,5.08,49.79,80.44,3,74.89,At_Risk
S100579,8.49,79.55,91.89,1,48.86,Good
S100580,7.44,66.33,48.67,0,66.26,Good
S100581,6.46,72.58,62.98,2,51.9,Average
S100582,7.82,72.0,83.94,2,53.07,Average
S100583,9.95,85.67,67.28,1,53.57,Average
S100584,7.24,65.38,65.98,1,42.98,Good
S100585,7.32,64.5,75.47,2,84.98,Average
S100586,6.4,64.13,50.49,3,73.63,At_Risk
S100587,5.9,57.29,75.89,2,88.64,Good
S100588,8.08,78.0,71.98,0,52.94,Average
S100589,5.89,54.45,70.57,0,58.12,Average
S100590,7.09,66.27,82.05,0,48.78,At_Risk
S100591,6.38,59.1,67.1,1,62.02,At_Risk
S100592,7.62,72.09,68.52,2,89.17,Average
S100593,7.43,73.96,70.35,0,80.76,Average
S100594,8.35,80.66,41.38,1,83.88,Average
S100595,6.34,62.2,81.62,1,87.38,Average
S100596,6.65,65.2,75.72,4,81.82,At_Risk
S100597,5.73,58.0,75.02,1,64.71,At_Risk
S100598,6.42,62.17,72.43,2,52.49,At_Risk
S100599,7.49,72.6,85.66,1,69.79,Good
S100600,7.98,80.6,70.77,2,78.36,At_Risk
S100601,5.8,52.45,65.21,0,67.58,At_Risk
S100602,8.13,73.82,45.46,1,88.99,Good
S100603,8.76,78.5,51.49,3,64.76,Average
S100604,7.54,72.34,64.04,5,65.23,At_Risk
S100605,9.44,82.26,69.3,2,86.21,Average
S100606,5.99,58.79,60.33,0,97.06,At_Risk
S100607,5.38,50.69,65.01,2,66.4,At_Risk
S100608,4.69,49.07,56.24,1,76.81,Average
S100609,8.94,82.29,80.27,2,52.22,Average
S100610,7.85,73.77,64.3,1,67.22,Average
S100611,6.93,70.3,83.32,1,92.66,At_Risk
S100612,7.36,75.5,64.59,3,69.71,Average
S100613,5.54,49.88,72.71,2,68.29,At_Risk
S100614,10.0,95.73,74.09,2,76.81,Average
S100615,7.17,69.27,70.09,1,95.36,Average
S100616,7.14,69.35,53.65,1,60.53,Average
S100617,7.94,74.41,63.56,2,79.86,Average
S100618,7.63,77.57,41.0,3,91.26,At_Risk
S100619,7.29,61.71,89.35,2,54.61,Average
S100620,5.97,55.05,24.31,0,85.02,At_Risk
S100621,7.61,74.1,78.95,1,84.83,At_Risk
S100622,9.45,91.57,69.41,0,90.9,Average
S100623,8.75,88.53,45.42,2,80.46,Average
S100624,9.07,90.97,71.39,2,79.97,Good
S100625,6.34,59.04,53.61,2,87.39,At_Risk
S100626,5.71,59.48,73.62,1,57.94,At_Risk
S100627,6.84,62.09,67.25,2,59.44,At_Risk
S100628,7.07,70.91,70.98,2,94.62,Average
S100629,8.42,87.26,63.2,2,83.74,Good
S100630,4.8,50.46,85.29,3,52.4,At_Risk
S100631,8.99,85.81,54.79,1,70.95,Average
S100632,6.79,63.22,59.23,2,86.32,Average
S100633,6.45,55.11,65.77,0,57.52,Average
S100634,5.68,55.24,66.67,0,53.59,Average
S100635,4.85,41.6,53.29,2,71.1,At_Risk
S100636,8.07,73.49,42.06,2,91.0,At_Risk
S100637,7.1,62.64,72.62,2,60.71,Average
S100638,5.32,48.73,72.26,3,68.72,At_Risk
S100639,5.32,50.39,90.14,1,80.63,Average
S100640,6.56,63.45,84.27,1,74.33,Average
S100641,9.17,84.71,68.86,1,82.12,Average
S100642,6.66,67.57,59.22,1,50.84,Average
S100643,5.05,47.1,82.67,0,78.81,At_Risk
S100644,6.68,60.0,56.97,1,63.6,Average
S100645,6.65,64.04,79.61,1,85.68,Average
S100646,3.5,41.1,49.35,1,74.89,At_Risk
S100647,6.93,67.17,93.56,0,57.66,Average
S100648,6.7,62.2,54.11,3,74.63,At_Risk
S100649,7.91,68.99,55.13,1,66.46,Average
S100650,9.4,88.46,43.22,5,81.49,Average
S100651,8.46,81.35,62.83,3,88.78,Average
S100652,6.65,61.63,73.67,1,86.37,At_Risk
S100653,5.56,46.17,60.23,0,88.1,Average
S100654,10.0,91.6,56.45,1,56.36,Good
S100655,7.08,73.05,49.16,0,92.74,Average
S100656,7.02,72.41,71.64,1,81.36,At_Risk
S100657,6.97,62.66,77.04,2,45.82,At_Risk
S100658,7.26,71.64,70.13,1,81.18,Average
S100659,6.81,60.0,77.0,3,81.0,At_Risk
S100660,6.25,65.03,52.2,3,54.19,At_Risk
S100661,6.29,60.73,59.77,1,66.75,Average
S100662,6.96,69.89,65.4,1,93.59,At_Risk
S100663,6.29,52.93,84.61,4,86.59,At_Risk
S100664,6.07,60.41,84.53,0,76.46,Average
S100665,7.14,67.78,78.31,1,77.52,Average
S100666,6.67,66.76,77.99,0,94.47,Average
S100667,8.96,88.7,57.74,3,82.19,Good
S100668,3.55,35.0,69.34,2,62.85,At_Risk
S100669,8.42,77.58,46.33,1,83.03,Average
S100670,8.62,85.01,77.99,0,57.18,Good
S100671,4.3,40.65,64.76,1,61.49,At_Risk
S100672,6.55,58.78,94.54,1,67.04,Average
S100673,6.52,58.23,71.39,3,51.07,At_Risk
S100674,5.17,43.21,58.18,2,64.89,At_Risk
S100675,5.99,54.85,64.44,4,83.45,At_Risk
S100676,5.56,57.2,59.8,1,80.86,At_Risk
S100677,9.28,88.85,60.44,1,89.62,Average
S100678,8.22,75.94,67.71,2,92.03,Average
S100679,8.65,85.0,55.17,1,67.68,Average
S100680,7.94,72.08,67.24,5,63.25,At_Risk
S100681,5.53,52.94,42.34,0,48.81,At_Risk
S100682,6.32,59.3,70.09,2,66.8,Average
S100683,7.64,75.66,58.13,2,77.6,Average
S100684,5.41,45.1,50.47,1,64.73,Average
S100685,7.93,71.9,77.41,3,60.26,Average
S100686,6.69,56.98,45.0,0,55.96,At_Risk
S100687,6.51,60.83,76.12,3,67.72,At_Risk
S100688,7.92,80.13,74.1,0,83.45,Average
S100689,7.58,69.96,56.4,0,81.1,Average
S100690,6.53,60.0,64.43,2,65.27,Average
S100691,8.51,84.3,71.45,2,80.01,At_Risk
S100692,5.59,57.42,71.02,2,47.94,At_Risk
S100693,7.8,73.75,79.88,0,50.17,Average
S100694,7.77,76.56,77.52,2,92.3,Average
S100695,6.6,58.37,81.45,0,41.42,At_Risk
S100696,7.42,76.04,82.95,2,66.12,Average
S100697,5.37,59.6,69.48,1,65.16,Average
S100698,8.2,80.0,64.22,1,80.93,Good
S100699,6.76,55.88,66.42,2,60.02,At_Risk
S100700,6.32,57.81,63.56,1,81.04,At_Risk
S100701,8.36,81.9,86.82,1,67.89,Average
S100702,6.08,56.12,58.14,2,56.93,At_Risk
S100703,5.17,54.19,82.75,0,94.81,Average
S100704,4.98,49.63,61.74,2,69.57,At_Risk
S100705,7.79,71.16,82.36,1,71.37,Good
S100706,5.34,50.82,77.45,1,59.05,At_Risk
S100707,9.28,84.6,67.49,4,66.11,Average
S100708,4.29,40.06,71.37,2,87.89,At_Risk
S100709,9.21,85.23,53.57,0,69.92,Average
S100710,7.27,73.81,75.51,1,52.65,Average
S100711,6.87,73.77,80.31,2,63.13,At_Risk
S100712,6.29,54.05,85.39,2,71.56,Average
S100713,7.52,63.7,63.78,1,84.0,Average
S100714,6.95,65.05,96.6,2,78.39,Average
S100715,8.43,74.0,63.87,0,61.72,Average
S100716,7.15,68.1,62.15,1,82.49,At_Risk
S100717,7.2,71.3,65.83,1,79.95,Average
S100718,6.53,67.99,65.95,5,65.24,At_Risk
S100719,6.93,66.6,49.36,0,59.47,At_Risk
S100720,7.4,69.53,53.29,0,62.89,Excellent
S100721,4.78,37.47,52.12,1,86.42,At_Risk
S100722,5.25,50.0,71.06,2,90.74,At_Risk
S100723,7.97,75.96,87.45,0,67.1,Average
S100724,7.22,71.17,59.31,0,49.11,At_Risk
S100725,6.76,61.39,66.33,2,83.37,Average
S100726,7.02,65.0,57.5,0,60.41,At_Risk
S100727,7.45,64.88,76.58,0,77.51,Average
S100728,6.3,50.67,71.47,1,55.61,Average
S100729,5.99,52.0,80.0,4,87.88,At_Risk
S100730,7.25,62.64,54.93,0,65.7,At_Risk
S100731,5.73,56.0,67.52,3,84.15,Average
S100732,7.53,69.47,64.96,0,76.28,Average
S100733,4.79,43.32,65.79,0,61.48,At_Risk
S100734,8.34,75.27,80.93,2,82.31,Good
S100735,7.61,59.41,60.58,0,79.42,Average
S100736,7.33,75.7,62.16,2,60.18,At_Risk
S100737,8.28,75.0,57.71,0,52.9,Average
S100738,9.17,85.0,96.05,2,56.42,Average
S100739,8.32,73.21,55.61,1,77.97,At_Risk
S100740,4.61,47.65,75.73,1,68.79,At_Risk
S100741,5.34,51.27,50.19,3,83.75,At_Risk
S100742,6.19,55.48,74.02,1,64.45,At_Risk
S100743,7.03,65.25,53.07,1,75.69,Average
S100744,7.67,79.61,69.97,1,90.16,Good
S100745,6.06,57.25,72.05,2,59.69,Average
S100746,7.24,68.1,67.03,2,60.72,At_Risk
S100747,6.02,53.41,77.18,1,55.94,At_Risk
S100748,6.21,51.37,74.05,0,88.52,Average
S100749,5.17,48.49,59.12,5,91.72,At_Risk
S100750,5.8,56.4,74.4,4,52.83,Average
S100751,5.24,54.21,70.95,1,68.42,At_Risk
S100752,5.73,45.45,80.44,2,64.11,At_Risk
S100753,8.37,75.0,49.13,3,84.29,Average
S100754,5.77,52.45,69.46,3,79.45,At_Risk
S100755,10.0,94.99,69.24,2,49.42,Average
S100756,7.64,72.01,63.17,3,92.85,Average
S100757,7.24,68.3,81.77,2,62.88,At_Risk
S100758,5.88,57.53,58.76,0,72.13,Average
S100759,7.91,71.54,77.26,3,47.83,Average
S100760,6.25,63.1,58.59,3,54.38,At_Risk
S100761,7.16,69.74,85.24,7,86.5,At_Risk
S100762,10.0,93.72,73.27,0,71.87,Good
S100763,6.88,71.72,47.76,1,72.09,Average
S100764,8.49,86.92,82.78,2,92.48,Average
S100765,6.09,61.55,75.31,0,78.86,Average
S100766,6.95,53.99,69.19,1,62.92,Average
S100767,9.3,94.69,59.68,1,78.23,Good
S100768,6.18,61.94,56.9,2,81.31,At_Risk
S100769,9.36,96.91,74.57,4,68.74,Average
S100770,7.92,80.19,47.96,0,78.99,Good
S100771,6.27,65.87,59.2,1,88.19,Average
S100772,7.82,77.82,77.07,3,81.38,Average
S100773,8.26,83.91,49.71,3,56.04,At_Risk
S100774,7.81,82.16,50.3,1,59.16,Average
S100775,4.96,47.97,74.78,1,66.78,At_Risk
S100776,6.05,51.23,64.54,3,45.95,At_Risk
S100777,6.68,62.21,89.64,3,90.08,At_Risk
S100778,6.9,67.14,64.03,1,63.63,At_Risk
S100779,7.81,74.46,47.84,3,73.49,At_Risk
S100780,7.23,63.7,82.73,0,78.03,Good
S100781,5.26,43.48,50.71,2,73.89,At_Risk
S100782,7.49,68.23,54.87,0,80.04,Average
S100783,7.79,77.27,63.63,2,70.98,Average
S100784,7.73,79.73,70.11,0,85.85,Good
S100785,8.41,83.51,72.95,2,76.97,Average
S100786,8.08,81.03,80.49,0,95.2,Good
S100787,7.6,71.85,34.52,2,73.59,At_Risk
S100788,6.91,58.67,55.76,0,52.17,Average
S100789,4.84,44.17,81.76,3,84.29,At_Risk
S100790,7.56,70.77,56.37,1,50.7,Average
S100791,7.27,67.08,67.34,2,67.64,Average
S100792,7.35,70.07,85.51,0,76.24,Average
S100793,5.34,52.0,65.78,0,55.87,Average
S100794,5.59,57.0,64.59,0,86.83,Average
S100795,8.37,78.39,65.92,1,90.03,Average
S100796,6.95,58.4,84.74,2,65.64,At_Risk
S100797,7.89,72.99,47.16,1,57.06,Average
S100798,7.04,67.02,91.24,2,66.79,Good
S100799,7.04,71.76,65.06,3,60.81,At_Risk
S100800,8.22,75.82,63.56,2,68.74,At_Risk
S100801,6.33,62.18,57.45,2,89.43,At_Risk
S100802,7.12,68.85,53.25,2,46.09,At_Risk
S100803,6.4,60.97,37.6,0,95.67,At_Risk
S100804,6.44,64.86,83.83,0,85.46,Average
S100805,6.6,60.04,39.19,2,51.98,Average
S100806,7.29,66.9,67.33,1,87.62,Average
S100807,6.38,60.54,62.25,1,65.02,At_Risk
S100808,8.63,79.45,71.81,0,83.49,Good
S100809,5.84,57.48,42.05,1,84.77,At_Risk
S100810,6.76,61.34,57.26,0,71.91,At_Risk
S100811,6.43,61.97,74.17,3,79.16,Average
S100812,8.88,83.97,70.4,2,45.54,Average
S100813,7.26,69.79,59.37,1,74.24,Average
S100814,8.34,77.4,69.34,2,68.29,Average
S100815,5.07,46.8,90.4,1,98.43,Average
S100816,7.35,70.18,82.16,0,80.6,Good
S100817,8.16,78.3,80.63,0,68.27,Good
S100818,7.11,67.5,75.15,2,75.41,Average
S100819,8.39,86.48,70.36,0,70.04,Average
S100820,6.33,56.0,59.11,1,63.53,Average
S100821,8.83,83.65,68.72,1,63.13,Good
S100822,9.99,88.6,93.57,0,83.78,Excellent
S100823,6.53,63.51,79.95,1,83.64,At_Risk
S100824,6.42,56.54,63.34,0,68.52,Average
S100825,8.89,83.34,40.76,3,66.28,At_Risk
S100826,9.05,84.52,77.85,1,87.17,Excellent
S100827,6.32,61.17,80.17,2,86.84,At_Risk
S100828,6.45,59.1,60.94,3,57.24,At_Risk
S100829,6.63,60.64,59.32,1,92.76,At_Risk
S100830,5.25,55.6,42.66,0,60.04,At_Risk
S100831,5.81,56.29,84.33,1,63.85,At_Risk
S100832,5.69,51.9,62.61,1,53.46,At_Risk
S100833,6.0,56.01,71.39,1,89.82,Average
S100834,6.95,72.65,53.72,1,78.87,Average
S100835,7.3,68.45,49.18,4,60.02,At_Risk
S100836,9.02,82.89,87.44,0,74.12,Good
S100837,5.7,51.43,62.94,2,73.16,At_Risk
S100838,8.28,76.46,58.24,0,62.28,Average
S100839,6.72,61.5,100.0,0,84.63,Average
S100840,6.94,60.77,80.81,1,68.05,Average
S100841,7.88,70.0,58.62,0,53.61,Average
S100842,5.54,49.32,77.58,1,74.91,Average
S100843,7.5,73.59,47.13,1,42.88,Average
S100844,7.22,67.03,63.85,1,68.84,Good
S100845,7.64,72.0,57.11,1,68.89,At_Risk
S100846,7.38,75.15,73.44,1,81.77,Average
S100847,10.0,100.0,89.54,2,52.45,Average
S100848,6.17,57.5,45.98,0,73.9,At_Risk
S100849,6.31,57.42,92.14,2,79.02,At_Risk
S100850,6.19,55.35,77.75,1,95.85,At_Risk
S100851,6.28,62.41,55.01,2,67.38,At_Risk
S100852,6.17,57.81,55.26,1,84.08,At_Risk
S100853,8.55,79.64,58.71,1,81.5,Average
S100854,8.85,80.79,56.74,2,94.06,Average
S100855,6.26,56.4,57.14,4,63.53,At_Risk
S100856,5.92,57.5,44.42,3,70.25,At_Risk
S100857,7.61,67.06,65.46,2,58.15,At_Risk
S100858,6.28,63.66,77.71,2,62.62,At_Risk
S100859,7.82,72.18,60.54,3,53.36,Average
S100860,7.26,68.41,71.87,0,54.35,Good
S100861,5.03,42.43,82.63,2,95.92,At_Risk
S100862,9.01,85.56,48.56,0,57.16,Good
S100863,9.33,87.37,59.32,1,54.26,Average
S100864,6.2,58.7,48.43,1,60.88,At_Risk
S100865,6.5,67.6,49.78,2,65.33,Average
S100866,7.37,70.74,85.7,0,46.98,Good
S100867,7.43,67.45,61.44,1,50.78,At_Risk
S100868,7.86,71.79,74.02,1,62.94,Good
S100869,9.61,93.71,70.15,0,75.39,Good
S100870,6.77,69.51,77.21,0,84.59,Average
S100871,5.96,57.77,69.92,2,81.3,At_Risk
S100872,5.21,52.22,69.39,0,81.41,Average
S100873,6.05,59.91,48.72,2,93.99,At_Risk
S100874,6.96,71.77,68.45,0,47.53,Good
S100875,9.33,80.86,68.31,1,53.36,Average
S100876,6.33,62.78,55.76,2,77.11,At_Risk
S100877,7.29,73.2,41.11,2,54.46,Average
S100878,6.98,60.94,71.18,3,60.42,At_Risk
S100879,8.54,77.63,83.92,2,77.63,Average
S100880,10.0,92.0,45.0,1,83.0,Good
S100881,6.31,57.03,65.81,1,56.52,At_Risk
S100882,6.36,58.53,38.96,1,53.79,At_Risk
S100883,8.36,80.37,76.45,1,66.68,At_Risk
S100884,7.89,78.38,83.39,2,39.16,Average
S100885,9.4,93.63,66.73,0,69.51,Average
S100886,7.76,70.36,76.12,2,64.69,Average
S100887,6.53,58.68,68.83,0,76.09,At_Risk
S100888,7.77,79.06,55.38,2,79.76,Average
S100889,8.44,82.78,66.25,4,86.68,Good
S100890,8.07,76.96,67.64,2,50.84,Average
S100891,7.66,74.7,66.11,2,84.87,Average
S100892,8.39,79.55,72.83,5,46.12,Average
S100893,8.52,83.04,69.72,1,57.19,Average
S100894,8.8,82.23,65.48,2,78.73,At_Risk
S100895,7.84,75.59,59.66,3,73.41,At_Risk
S100896,6.78,58.4,74.5,1,77.94,Good
S100897,7.19,65.56,73.59,1,60.69,Average
S100898,8.57,78.69,70.3,0,51.21,Good
S100899,5.94,54.91,57.22,2,59.69,At_Risk
S100900,7.48,67.35,53.29,1,67.28,At_Risk
S100901,6.49,59.51,76.78,3,47.03,At_Risk
S100902,7.04,60.8,56.41,1,53.45,At_Risk
S100903,8.66,84.48,63.61,2,60.38,Average
S100904,7.25,68.53,47.78,1,83.26,Average
S100905,7.06,60.25,73.76,1,52.28,Good
S100906,5.23,46.0,51.88,1,81.49,At_Risk
S100907,7.97,77.06,51.21,1,65.63,Average
S100908,7.84,72.3,55.14,1,56.32,Average
S100909,9.81,90.0,73.58,0,85.95,Average
S100910,6.6,62.4,65.19,1,54.57,At_Risk
S100911,7.28,70.58,59.76,1,52.05,At_Risk
S100912,7.32,64.0,89.48,0,64.75,Average
S100913,9.05,88.18,74.79,2,64.01,Good
S100914,6.88,62.12,42.11,4,67.51,Average
S100915,7.36,69.87,56.65,0,73.23,Average
S100916,7.79,73.9,42.29,0,55.07,Average
S100917,7.24,66.7,61.79,0,84.66,At_Risk
S100918,6.42,56.89,81.47,0,71.25,Average
S100919,7.25,67.75,71.23,1,70.83,Average
S100920,8.4,86.26,64.96,1,64.52,Good
S100921,5.67,48.38,61.87,3,61.99,At_Risk
S100922,7.17,74.91,72.16,2,61.2,At_Risk
S100923,6.09,56.81,45.98,1,41.81,At_Risk
S100924,8.55,81.0,66.43,1,78.94,Average
S100925,5.02,43.34,70.19,1,53.45,At_Risk
S100926,6.27,56.51,51.44,3,82.71,At_Risk
S100927,7.49,69.15,56.46,0,95.5,Average
S100928,9.04,81.7,93.57,4,63.51,Good
S100929,6.91,64.85,74.86,1,83.95,Average
S100930,6.28,58.02,45.84,5,48.48,At_Risk
S100931,9.45,97.14,58.25,1,84.91,Good
S100932,5.12,43.95,67.62,2,63.35,At_Risk
S100933,4.14,39.76,98.01,1,58.51,At_Risk
S100934,7.57,72.93,79.57,4,71.16,At_Risk
S100935,6.35,56.02,82.17,4,70.73,At_Risk
S100936,5.67,56.64,73.17,1,68.82,At_Risk
S100937,7.92,73.65,55.2,1,88.72,At_Risk
S100938,7.32,59.54,88.74,1,71.59,Good
S100939,6.27,62.17,79.11,4,51.15,Average
S100940,5.34,46.22,84.58,0,100.0,Average
S100941,8.13,73.08,90.11,3,70.71,Average
S100942,7.85,77.28,88.22,2,57.1,Average
S100943,6.87,63.89,67.79,1,51.69,Average
S100944,9.4,92.98,71.55,4,81.59,Average
S100945,5.61,58.13,70.51,3,64.61,At_Risk
S100946,5.02,45.08,80.07,1,49.66,At_Risk
S100947,6.1,61.13,72.32,3,95.46,At_Risk
S100948,6.94,62.92,69.89,2,74.03,Average
S100949,7.32,78.44,66.63,2,61.74,At_Risk
S100950,6.69,60.75,66.07,0,85.66,Average
S100951,7.46,74.95,71.91,1,84.8,Average
S100952,5.37,54.42,84.88,0,92.28,Average
S100953,8.88,85.59,55.62,0,97.62,Good
S100954,6.89,62.8,68.95,0,62.14,At_Risk
S100955,8.45,79.69,72.49,2,73.01,Good
S100956,7.45,62.12,89.53,3,69.44,At_Risk
S100957,7.59,73.04,62.38,2,41.84,Average
S100958,7.74,74.94,57.86,1,72.48,Average
S100959,7.58,72.56,87.63,2,47.96,Average
S100960,7.84,62.54,74.63,0,62.66,Average
S100961,8.73,77.8,62.51,1,72.3,Average
S100962,7.26,65.93,81.72,2,91.39,Average
S100963,7.92,76.0,43.6,2,85.85,Average
S100964,6.88,66.55,67.3,0,53.31,Average
S100965,8.87,83.6,71.82,1,55.84,Good
S100966,6.12,60.69,75.67,0,49.55,At_Risk
S100967,9.34,84.64,57.26,0,68.52,Average
S100968,6.95,68.44,57.04,1,68.81,Average
S100969,5.14,50.73,88.02,2,54.8,Average
S100970,7.17,69.59,68.21,2,72.74,At_Risk
S100971,6.11,57.4,70.07,1,78.92,At_Risk
S100972,8.09,84.2,58.53,2,69.99,Average
S100973,6.15,60.41,56.08,0,78.82,At_Risk
S100974,6.42,57.12,60.62,1,83.85,Average
S100975,4.54,44.16,83.54,3,52.25,At_Risk
S100976,6.41,63.92,59.91,4,70.17,Average
S100977,3.85,35.0,64.93,1,71.81,At_Risk
S100978,4.94,51.3,88.96,2,73.7,At_Risk
S100979,7.99,77.42,95.78,0,91.7,Good
S100980,8.02,66.83,48.93,0,78.39,Average
S100981,7.55,72.95,40.37,3,73.9,Average
S100982,5.74,52.93,58.74,0,84.78,Average
S100983,6.94,68.06,55.29,0,66.59,At_Risk
S100984,7.0,70.23,74.2,2,83.77,Average
S100985,5.49,52.97,67.82,3,52.2,At_Risk
S100986,8.95,91.73,66.32,1,62.01,Good
S100987,8.14,76.62,79.41,2,65.95,Average
S100988,6.71,66.27,40.34,0,51.32,At_Risk
S100989,7.03,70.05,59.96,3,93.28,At_Risk
S100990,7.27,68.68,66.49,1,66.53,At_Risk
S100991,4.35,44.4,81.42,1,81.0,At_Risk
S100992,6.68,61.0,67.24,1,77.39,At_Risk
S100993,6.11,56.39,73.35,1,74.58,Average
S100994,5.7,48.88,63.77,2,71.53,At_Risk
S100995,6.63,63.99,67.44,1,56.69,At_Risk
S100996,9.34,90.0,64.19,1,80.41,Good
S100997,7.83,79.13,65.01,0,68.94,Average
S100998,6.26,63.0,68.98,2,75.24,At_Risk
S100999,7.74,72.4,86.8,0,84.21,At_Risk
S101000,8.82,79.07,73.39,1,34.45,Average
S101001,8.2,79.65,65.33,3,71.72,Average
S101002,7.08,72.0,75.08,0,84.18,At_Risk
S101003,6.16,61.53,70.37,2,56.38,At_Risk
S101004,7.91,79.0,75.63,0,67.44,Excellent
S101005,7.51,70.51,62.88,2,82.89,Good
S101006,8.16,75.69,74.39,1,93.05,Good
S101007,7.83,71.0,74.63,0,88.98,Average
S101008,8.36,79.2,49.55,2,57.14,Average
S101009,6.3,59.58,62.99,1,82.88,At_Risk
S101010,8.71,83.6,65.78,1,91.69,Average
S101011,7.26,68.42,63.77,4,80.55,Average
S101012,9.7,91.59,54.63,3,92.02,At_Risk
S101013,6.1,54.88,35.87,1,71.02,At_Risk
S101014,9.26,91.71,81.37,1,84.93,Excellent
S101015,7.26,69.25,39.84,3,66.99,Average
S101016,6.15,57.76,93.72,1,93.17,At_Risk
S101017,6.37,57.53,64.93,0,61.89,Average
S101018,6.58,57.22,59.32,1,76.65,Average
S101019,7.55,76.97,47.85,2,84.67,At_Risk
S101020,7.68,75.18,46.42,0,57.32,Average
S101021,6.25,52.92,56.41,1,69.16,At_Risk
S101022,6.97,69.25,70.48,2,58.5,At_Risk
S101023,9.78,96.65,86.36,2,69.99,Good
S101024,9.25,88.33,47.86,2,82.8,Good
S101025,7.57,78.28,72.67,0,72.94,Average
S101026,7.05,67.84,43.94,0,46.55,At_Risk
S101027,7.16,62.32,56.22,1,62.29,At_Risk
S101028,7.8,75.54,74.53,0,85.0,At_Risk
S101029,5.67,54.85,54.78,2,49.61,At_Risk
S101030,6.67,60.91,88.07,1,90.66,At_Risk
S101031,4.83,48.19,77.81,1,57.39,Average
S101032,7.52,64.76,74.44,0,52.65,Average
S101033,7.84,78.46,60.75,2,62.37,Average
S101034,6.37,57.02,56.74,2,87.85,At_Risk
S101035,9.05,82.0,62.06,1,97.67,Excellent
S101036,5.41,50.91,71.25,3,80.41,At_Risk
S101037,5.1,50.15,71.24,1,79.58,At_Risk
S101038,7.29,69.93,57.35,0,62.45,At_Risk
S101039,8.36,76.46,58.56,2,68.52,At_Risk
S101040,9.19,85.27,47.88,2,87.65,Average
S101041,6.4,56.3,97.63,0,57.3,At_Risk
S101042,8.4,78.92,56.33,1,55.85,Average
S101043,6.95,70.32,46.1,4,81.43,At_Risk
S101044,6.78,64.35,35.66,2,65.97,At_Risk
S101045,8.15,80.85,59.27,2,62.83,At_Risk
S101046,7.85,80.38,73.28,2,63.94,At_Risk
S101047,4.95,45.0,66.64,2,60.36,At_Risk
S101048,8.92,83.99,65.54,4,84.23,Average
S101049,8.79,92.23,77.49,2,62.73,At_Risk
S101050,6.19,64.55,75.59,3,84.6,At_Risk
S101051,7.51,64.7,56.32,3,80.03,Average
S101052,7.64,74.0,71.39,2,57.06,Average
S101053,7.34,69.72,68.9,1,95.5,Average
S101054,6.28,63.01,60.3,2,83.94,At_Risk
S101055,6.13,55.23,86.58,5,58.77,At_Risk
S101056,6.97,62.83,57.9,1,65.87,At_Risk
S101057,8.52,78.28,60.5,0,84.67,Average
S101058,7.71,70.93,61.81,3,75.4,At_Risk
S101059,6.52,65.18,80.05,5,77.33,At_Risk
S101060,8.0,71.31,82.13,1,67.73,Average
S101061,3.5,35.0,85.56,2,60.18,At_Risk
S101062,8.49,73.53,78.07,0,66.79,At_Risk
S101063,4.74,49.04,66.7,1,63.49,At_Risk
S101064,6.53,67.11,80.5,2,59.73,At_Risk
S101065,5.54,51.0,72.88,2,69.1,Average
S101066,5.32,49.32,66.39,1,59.86,Average
S101067,8.51,82.65,61.97,1,91.17,Average
S101068,6.39,66.62,65.77,3,70.55,Average
S101069,7.45,72.41,61.8,3,59.25,Average
S101070,6.94,63.13,73.4,3,81.17,At_Risk
S101071,7.62,65.92,65.24,1,83.5,Average
S101072,7.1,63.0,74.35,0,88.92,Average
S101073,5.33,50.95,74.59,4,74.14,At_Risk
S101074,8.3,76.18,68.1,1,38.58,Average
S101075,6.36,61.18,62.13,1,51.53,At_Risk
S101076,4.98,45.1,56.19,1,77.74,At_Risk
S101077,6.44,56.98,66.6,1,84.72,Average
S101078,8.95,80.33,71.81,4,63.81,Average
S101079,8.11,83.25,50.26,0,55.6,At_Risk
S101080,6.55,65.75,44.89,2,57.72,Average
S101081,6.55,69.11,66.41,1,85.0,Average
S101082,6.58,64.69,56.36,4,64.05,At_Risk
S101083,9.7,90.43,81.12,5,78.35,Average
S101084,7.5,76.51,84.96,1,86.23,Average
S101085,7.56,71.68,54.85,1,95.01,Average
S101086,8.34,80.11,45.87,1,52.17,Average
S101087,7.31,69.28,75.48,0,70.88,Average
S101088,6.66,51.51,70.65,1,85.72,At_Risk
S101089,6.74,70.49,73.12,2,47.37,Average
S101090,6.91,67.58,77.98,1,81.83,At_Risk
S101091,6.95,67.36,62.56,3,71.83,Average
S101092,7.95,75.24,65.44,0,62.62,Average
S101093,7.07,67.8,78.56,1,78.12,Average
S101094,7.95,73.16,73.8,1,88.32,Average
S101095,6.9,68.0,94.61,1,51.83,Average
S101096,7.1,62.24,71.82,1,67.48,Good
S101097,4.4,42.57,71.34,2,84.05,At_Risk
S101098,8.19,80.1,79.46,2,84.95,Average
S101099,7.45,70.0,94.86,1,92.17,At_Risk
S101100,8.3,80.31,77.29,2,51.66,Average
S101101,3.5,35.0,64.27,1,79.89,At_Risk
S101102,9.71,88.43,59.41,4,67.37,Average
S101103,6.82,65.72,70.11,4,97.96,At_Risk
S101104,8.44,82.9,53.7,0,64.66,Average
S101105,5.65,46.16,76.39,1,75.78,At_Risk
S101106,7.8,76.16,71.87,2,48.6,Average
S101107,5.63,51.32,74.74,2,59.24,At_Risk
S101108,6.19,58.03,44.89,2,56.43,At_Risk
S101109,9.49,84.78,85.51,0,91.19,Good
S101110,6.75,60.74,53.43,2,86.63,At_Risk
S101111,7.28,73.0,51.64,1,66.38,Average
S101112,8.13,77.38,41.77,1,78.11,Average
S101113,7.64,71.09,60.13,1,40.21,At_Risk
S101114,7.2,67.89,69.99,1,85.12,At_Risk
S101115,7.47,72.96,66.67,2,58.85,At_Risk
S101116,10.0,96.76,77.05,1,85.87,Good
S101117,6.93,65.49,84.59,2,69.13,At_Risk
S101118,7.26,73.36,85.69,0,53.04,Average
S101119,8.37,83.36,64.67,2,80.64,Average
S101120,8.44,81.81,66.1,2,89.79,Good
S101121,8.54,81.38,66.21,1,62.51,At_Risk
S101122,7.83,77.02,62.63,0,90.23,Average
S101123,5.51,53.64,94.32,3,48.34,At_Risk
S101124,9.12,90.92,72.06,1,54.5,Average
S101125,5.51,55.94,74.6,1,55.32,Average
S101126,7.39,66.16,76.84,0,79.42,Average
S101127,6.02,52.84,83.78,1,73.2,Average
S101128,6.92,62.9,65.02,2,82.03,At_Risk
S101129,7.43,74.46,74.66,3,59.76,Average
S101130,7.42,64.16,75.65,1,94.73,At_Risk
S101131,7.55,73.0,47.72,2,59.95,Average
S101132,9.1,87.88,61.66,2,91.77,Average
S101133,7.59,76.75,65.86,5,52.63,At_Risk
S101134,6.68,64.21,80.87,0,51.98,Average
S101135,8.25,73.03,100.0,1,77.99,Average
S101136,8.55,77.35,62.32,2,84.65,Average
S101137,5.4,46.61,61.77,0,79.84,At_Risk
S101138,7.78,71.73,73.75,1,55.79,Average
S101139,7.91,74.0,45.57,1,61.56,Good
S101140,6.61,58.16,44.8,0,51.01,At_Risk
S101141,8.79,89.37,66.21,1,54.26,Average
S101142,6.8,59.35,60.96,2,47.17,At_Risk
S101143,7.16,73.44,82.52,0,61.96,Average
S101144,6.78,69.1,63.15,2,83.19,Average
S101145,7.02,70.0,51.02,2,76.6,Average
S101146,5.57,50.19,54.77,1,76.61,At_Risk
S101147,5.13,50.09,83.45,2,49.94,At_Risk
S101148,9.07,81.08,58.51,3,76.79,Average
S101149,5.9,59.68,63.52,2,81.23,At_Risk
S101150,5.71,54.0,64.07,2,73.63,At_Risk
S101151,4.2,38.27,60.43,2,69.78,Average
S101152,6.17,53.71,71.97,2,66.05,At_Risk
S101153,5.28,40.25,91.03,0,78.11,At_Risk
S101154,9.13,82.62,75.17,1,68.65,Good
S101155,8.31,83.0,78.68,1,82.0,Good
S101156,6.11,56.39,55.47,2,39.89,At_Risk
S101157,9.93,94.0,72.83,0,67.09,Good
S101158,8.28,81.25,85.79,1,79.63,Average
S101159,6.58,69.71,64.98,2,66.37,Average
S101160,3.75,40.93,67.95,2,86.28,At_Risk
S101161,9.98,91.0,77.93,3,63.82,Average
S101162,5.19,41.57,87.89,1,80.67,Average
S101163,4.86,55.62,83.43,1,83.55,At_Risk
S101164,8.33,88.2,51.52,1,86.77,Average
S101165,10.0,95.75,72.38,1,72.31,Average
S101166,8.8,78.51,60.12,4,70.33,Average
S101167,7.73,77.32,63.82,4,60.11,Average
S101168,7.77,73.41,51.06,2,82.94,Average
S101169,8.11,76.59,64.54,0,59.38,Average
S101170,7.99,79.45,56.94,1,75.17,Average
S101171,7.37,71.31,65.92,0,67.25,Average
S101172,7.14,63.04,74.4,3,58.98,At_Risk
S101173,6.92,64.43,71.67,3,51.75,Average
S101174,6.02,59.83,79.51,3,78.22,At_Risk
S101175,6.64,65.0,61.67,1,63.91,At_Risk
S101176,4.8,46.64,46.04,0,87.09,At_Risk
S101177,6.87,69.02,88.76,3,46.96,At_Risk
S101178,5.71,52.84,75.12,1,58.62,At_Risk
S101179,5.57,53.59,75.73,0,56.16,At_Risk
S101180,7.23,55.22,75.01,3,62.73,At_Risk
S101181,8.81,81.89,71.35,0,81.41,Average
S101182,8.19,80.9,80.89,1,66.25,Average
S101183,4.96,45.54,59.47,3,68.42,At_Risk
S101184,5.71,52.41,78.26,2,71.84,At_Risk
S101185,8.22,73.95,72.63,2,60.96,Average
S101186,5.72,58.38,69.71,0,55.55,At_Risk
S101187,6.71,65.92,61.63,2,84.34,Average
S101188,7.72,76.59,71.26,1,66.91,Average
S101189,5.74,47.64,65.29,1,71.57,At_Risk
S101190,7.14,67.16,79.13,0,97.05,Average
S101191,5.27,48.9,61.99,4,82.37,At_Risk
S101192,6.22,57.95,54.6,1,55.52,Average
S101193,7.42,67.99,75.34,2,50.64,Average
S101194,4.93,45.44,95.39,3,94.5,Average
S101195,7.57,75.34,71.33,3,91.41,At_Risk
S101196,6.97,58.61,66.12,2,69.3,At_Risk
S101197,7.72,80.43,91.25,2,90.87,Average
S101198,7.29,71.2,73.97,0,62.1,Good
S101199,8.77,83.2,66.07,0,100.0,Excellent
S101200,7.16,71.67,90.31,2,77.53,Good
S101201,6.44,55.39,58.41,0,62.1,At_Risk
S101202,7.16,65.35,63.67,2,57.25,Average
S101203,7.71,72.73,72.41,2,90.53,At_Risk
S101204,7.06,72.6,100.0,4,75.65,At_Risk
S101205,7.05,66.82,55.97,1,57.39,Average
S101206,6.09,59.63,53.26,0,89.76,At_Risk
S101207,6.14,55.95,70.94,1,63.06,At_Risk
S101208,5.18,51.13,87.36,1,86.27,Average
S101209,9.27,94.82,79.74,2,83.55,Average
S101210,5.38,55.12,59.25,1,57.7,At_Risk
S101211,6.1,57.62,53.07,0,52.57,Average
S101212,6.07,60.3,59.48,5,59.4,At_Risk
S101213,8.16,79.86,69.36,1,50.92,Average
S101214,6.62,64.88,72.08,2,52.16,Average
S101215,8.62,86.36,64.86,2,52.71,Average
S101216,6.12,62.6,64.53,4,63.96,Average
S101217,7.36,69.44,64.43,4,93.75,At_Risk
S101218,5.91,58.75,75.86,2,54.8,At_Risk
S101219,9.79,91.46,72.53,1,71.28,Excellent
S101220,5.46,48.14,76.09,0,70.67,At_Risk
S101221,7.4,69.2,72.45,2,65.96,Average
S101222,7.82,74.02,43.69,4,49.75,Average
S101223,7.54,64.96,68.14,1,55.31,Average
S101224,6.76,67.65,59.29,3,64.73,At_Risk
S101225,6.83,53.83,88.56,0,40.35,At_Risk
S101226,7.06,77.9,53.09,0,49.49,At_Risk
S101227,6.81,70.7,43.14,2,81.45,At_Risk
S101228,8.25,77.36,78.28,1,79.92,Average
S101229,9.87,93.84,71.19,2,72.49,Average
S101230,6.28,60.83,69.8,1,58.62,Average
S101231,5.22,47.23,73.26,0,64.61,At_Risk
S101232,6.89,66.18,66.81,0,100.0,Average
S101233,10.0,94.42,62.01,0,81.9,Good
S101234,5.96,56.2,70.17,4,51.97,At_Risk
S101235,9.13,87.47,54.21,1,55.1,Average
S101236,9.18,81.97,87.27,4,90.63,Average
S101237,6.28,59.8,59.52,1,47.29,At_Risk
S101238,7.74,74.18,52.2,1,68.76,Average
S101239,9.12,87.13,73.04,0,62.64,Average
S101240,6.51,60.95,57.25,4,53.95,At_Risk
S101241,6.74,68.54,83.53,1,79.98,Average
S101242,6.24,57.9,42.07,1,68.43,At_Risk
S101243,5.68,54.88,46.55,1,85.31,At_Risk
S101244,6.16,63.67,63.16,2,73.98,At_Risk
S101245,5.41,51.07,69.69,2,79.99,Average
S101246,7.04,67.8,58.39,0,61.74,At_Risk
S101247,6.0,56.61,64.54,0,83.8,Average
S101248,7.3,74.34,90.48,2,52.38,Average
S101249,4.98,46.25,58.89,1,78.32,At_Risk
S101250,7.43,75.72,47.07,2,83.2,Average
S101251,8.08,76.38,64.97,0,60.51,At_Risk
S101252,4.41,38.44,53.28,2,51.48,At_Risk
S101253,7.49,73.84,75.47,1,52.84,Average
S101254,8.6,80.44,74.46,0,56.19,At_Risk
S101255,5.43,54.04,66.26,1,73.64,Average
S101256,9.17,76.24,72.91,1,90.09,Good
S101257,7.54,71.7,54.1,2,53.83,Average
S101258,6.08,55.95,80.28,1,90.35,At_Risk
S101259,6.93,61.56,60.63,2,54.34,At_Risk
S101260,7.73,71.18,89.83,0,69.16,Average
S101261,7.1,65.14,63.8,2,58.63,Average
S101262,7.7,73.0,62.14,0,76.75,Average
S101263,5.8,49.66,65.44,0,66.9,Average
S101264,7.22,69.86,75.61,3,66.08,At_Risk
S101265,5.16,54.5,86.8,4,74.21,At_Risk
S101266,6.86,66.25,72.65,3,75.97,Average
S101267,5.82,58.57,95.78,0,56.52,At_Risk
S101268,6.04,61.79,57.32,1,86.34,At_Risk
S101269,8.61,86.71,65.34,0,71.09,Good
S101270,8.42,87.46,53.6,0,73.7,Average
S101271,7.79,72.03,61.45,0,91.5,Average
S101272,5.58,50.14,59.42,2,54.29,At_Risk
S101273,6.59,66.0,48.93,0,50.19,Average
S101274,8.58,84.31,80.16,1,77.46,Good
S101275,7.18,71.35,75.69,2,73.22,Average
S101276,10.0,100.0,62.8,1,43.92,Good
S101277,7.51,71.4,72.17,0,50.44,Average
S101278,7.25,70.58,62.63,3,64.75,At_Risk
S101279,6.6,58.76,65.09,2,70.29,At_Risk
S101280,7.17,76.69,74.58,2,74.08,Average
S101281,6.8,63.27,67.78,2,58.2,At_Risk
S101282,7.92,74.01,68.22,0,69.72,At_Risk
S101283,8.24,76.93,43.15,1,76.89,At_Risk
S101284,5.98,54.21,78.67,1,46.63,At_Risk
S101285,5.27,47.14,84.94,3,76.07,Average
S101286,4.61,41.73,81.34,1,77.52,At_Risk
S101287,7.66,67.31,61.07,0,79.25,Average
S101288,5.57,49.73,80.7,2,63.76,At_Risk
S101289,4.2,47.71,73.62,2,87.3,At_Risk
S101290,7.51,74.24,56.75,0,69.57,At_Risk
S101291,10.0,98.7,64.07,0,72.11,Good
S101292,6.99,71.1,66.7,1,51.93,Average
S101293,8.09,84.19,37.69,2,75.44,At_Risk
S101294,7.11,60.42,70.53,2,77.55,At_Risk
S101295,6.87,60.36,53.4,0,84.99,Average
S101296,8.19,74.64,54.27,1,71.62,Average
S101297,6.62,61.04,70.03,4,76.68,Average
S101298,7.35,68.6,63.52,1,49.67,Excellent
S101299,7.42,68.69,55.0,4,90.44,At_Risk
S101300,6.13,59.1,69.98,0,47.06,At_Risk
S101301,8.29,78.89,56.84,0,70.71,Average
S101302,6.77,61.45,56.81,1,87.41,Average
S101303,6.02,48.46,83.29,0,76.03,Average
S101304,7.7,69.15,70.08,2,44.42,Average
S101305,5.83,53.21,72.3,2,77.73,At_Risk
S101306,7.04,65.86,88.38,0,70.12,At_Risk
S101307,6.99,61.87,64.98,0,68.97,At_Risk
S101308,8.41,77.95,59.76,2,63.67,Average
S101309,7.62,67.84,59.96,3,48.25,At_Risk
S101310,6.97,65.69,92.06,0,55.0,Average
S101311,8.06,72.31,66.76,3,67.32,At_Risk
S101312,8.81,80.27,55.9,0,54.81,Good
S101313,7.73,68.15,69.73,0,55.91,Average
S101314,7.01,66.01,59.91,1,77.43,At_Risk
S101315,5.29,46.83,62.67,1,89.67,At_Risk
S101316,5.62,56.97,89.18,1,49.25,At_Risk
S101317,6.6,64.35,69.64,1,91.39,At_Risk
S101318,6.21,58.69,51.37,1,78.86,At_Risk
S101319,6.76,61.0,62.28,1,57.71,At_Risk
S101320,7.07,68.72,43.93,3,88.93,At_Risk
S101321,7.69,75.8,58.14,1,55.18,Average
S101322,6.91,66.2,81.04,1,81.82,Average
S101323,7.63,78.92,58.6,0,88.0,At_Risk
S101324,7.08,69.13,100.0,5,63.01,At_Risk
S101325,4.43,45.76,34.03,2,67.93,At_Risk
S101326,5.78,55.43,62.24,0,73.64,At_Risk
S101327,6.81,67.42,69.47,2,71.62,Average
S101328,5.43,48.37,68.79,1,89.86,At_Risk
S101329,7.78,72.08,75.32,4,67.16,At_Risk
S101330,8.99,86.8,64.43,1,51.02,Average
S101331,8.58,82.92,84.29,0,68.0,Average
S101332,6.72,65.89,52.01,2,85.27,At_Risk
S101333,8.94,89.31,64.91,2,82.33,Average
S101334,7.19,62.64,53.51,1,75.75,At_Risk
S101335,6.56,58.0,61.56,2,44.68,Average
S101336,6.2,59.8,64.66,3,72.25,At_Risk
S101337,6.61,59.9,76.04,2,62.42,Average
S101338,6.5,75.22,54.83,2,72.27,At_Risk
S101339,7.22,70.67,64.38,1,78.13,Good
S101340,7.21,68.17,68.27,2,57.93,At_Risk
S101341,7.0,64.48,69.87,0,83.11,Average
S101342,7.57,69.98,53.55,2,83.04,Average
S101343,8.55,81.33,71.04,1,77.83,Average
S101344,8.23,78.67,83.17,1,48.59,Average
S101345,5.07,46.33,83.02,0,87.08,At_Risk
S101346,3.68,35.0,64.39,3,80.96,At_Risk
S101347,8.21,83.42,74.75,1,51.01,Average
S101348,5.22,55.16,65.89,1,82.17,At_Risk
S101349,6.71,64.73,81.85,0,63.35,At_Risk
S101350,5.48,46.68,76.82,2,82.84,At_Risk
S101351,4.66,46.4,52.92,0,49.17,At_Risk
S101352,7.7,79.4,66.01,2,51.14,At_Risk
S101353,7.99,81.35,59.46,5,52.26,Average
S101354,6.25,62.32,66.76,0,62.61,At_Risk
S101355,3.63,40.19,53.02,2,72.37,At_Risk
S101356,6.29,59.97,66.46,1,79.06,At_Risk
S101357,7.51,73.85,65.99,3,95.2,Average
S101358,5.08,45.5,66.35,2,60.53,At_Risk
S101359,7.24,70.0,71.3,1,69.77,At_Risk
S101360,6.98,71.63,47.95,2,86.1,At_Risk
S101361,7.75,71.3,78.15,0,68.75,Average
S101362,7.16,64.53,78.91,2,67.0,At_Risk
S101363,5.74,54.87,86.27,4,80.01,At_Risk
S101364,8.56,80.37,66.74,0,71.1,Average
S101365,6.79,67.14,71.38,2,66.23,Average
S101366,6.96,64.35,81.6,1,85.68,Average
S101367,5.79,61.85,58.87,0,79.26,At_Risk
S101368,6.42,55.87,74.39,1,57.19,Average
S101369,5.85,60.59,58.42,1,65.04,Average
S101370,6.78,61.0,74.72,3,73.75,Average
S101371,9.23,80.46,73.1,2,82.03,Average
S101372,5.22,50.51,56.35,0,70.35,At_Risk
S101373,4.9,45.55,74.64,1,74.65,At_Risk
S101374,8.91,80.23,62.3,1,60.66,Excellent
S101375,6.73,57.19,65.9,2,61.05,At_Risk
S101376,6.13,58.0,78.59,1,74.25,Average
S101377,8.35,83.25,82.0,3,85.96,At_Risk
S101378,6.21,61.36,73.39,2,48.67,Average
S101379,9.37,89.28,68.17,1,51.98,At_Risk
S101380,7.88,76.79,77.17,0,83.31,At_Risk
S101381,6.37,60.37,63.77,1,82.92,At_Risk
S101382,9.8,87.42,79.64,0,82.37,Excellent
S101383,6.21,53.34,59.97,3,70.87,Average
S101384,7.96,74.8,65.17,2,68.41,At_Risk
S101385,7.39,69.55,55.92,1,93.38,Average
S101386,8.69,85.98,66.91,1,54.23,Average
S101387,9.03,88.81,87.71,3,62.72,Average
S101388,7.04,69.32,87.81,3,87.52,Average
S101389,6.02,56.07,89.17,0,50.08,Average
S101390,7.6,66.66,59.67,3,76.83,Average
S101391,6.12,59.8,100.0,1,57.49,Average
S101392,9.62,93.47,83.38,1,45.67,Good
S101393,7.18,58.63,81.24,1,100.0,Average
S101394,6.53,58.65,71.24,1,53.9,Average
S101395,7.24,66.02,47.69,2,74.19,Average
S101396,5.25,50.34,59.86,1,98.17,At_Risk
S101397,5.74,51.29,62.57,1,55.28,At_Risk
S101398,8.56,81.0,66.06,2,95.95,Excellent
S101399,6.15,57.55,62.45,1,79.1,At_Risk
S101400,5.64,53.0,67.64,0,60.99,At_Risk
S101401,7.7,70.0,74.22,2,54.42,At_Risk
S101402,8.54,78.59,68.98,0,43.1,Good
S101403,7.93,71.06,65.4,1,92.38,At_Risk
S101404,8.29,80.32,64.61,1,65.19,Good
S101405,6.02,59.44,86.43,3,89.16,Average
S101406,5.15,45.86,62.98,2,53.34,At_Risk
S101407,8.95,91.12,78.12,3,82.85,Average
S101408,6.58,61.26,68.28,0,55.48,At_Risk
S101409,6.67,69.52,43.75,0,64.75,At_Risk
S101410,8.73,80.33,98.16,2,77.42,Good
S101411,7.72,65.26,84.02,1,73.89,At_Risk
S101412,7.59,73.7,97.43,0,61.63,Good
S101413,9.81,94.23,79.49,2,65.53,Excellent
S101414,6.16,58.69,68.71,2,63.28,At_Risk
S101415,8.21,75.39,75.47,1,86.53,Good
S101416,7.07,67.07,61.79,2,77.89,At_Risk
S101417,7.35,67.77,56.93,3,80.12,At_Risk
S101418,8.99,84.17,95.24,2,81.95,Good
S101419,7.66,76.14,64.29,4,73.58,At_Risk
S101420,7.7,73.88,69.81,0,58.26,Average
S101421,8.39,82.19,74.12,1,75.18,At_Risk
S101422,6.53,61.0,64.95,2,72.14,Average
S101423,5.91,54.77,80.53,4,57.37,At_Risk
S101424,5.64,48.98,66.71,2,60.45,At_Risk
S101425,4.44,40.74,100.0,1,67.53,At_Risk
S101426,9.67,78.61,43.22,2,59.59,Good
S101427,5.57,50.51,59.32,0,72.65,At_Risk
S101428,6.71,63.44,82.0,1,61.23,Average
S101429,6.64,65.34,47.59,1,69.47,At_Risk
S101430,7.4,69.22,70.56,1,81.21,At_Risk
S101431,8.06,78.0,63.68,2,56.05,At_Risk
S101432,8.12,68.41,66.48,2,71.53,Average
S101433,6.24,59.07,83.75,2,59.03,At_Risk
S101434,6.78,57.72,69.9,1,70.55,At_Risk
S101435,7.37,65.16,58.24,0,66.96,Good
S101436,6.68,62.68,81.24,4,58.96,At_Risk
S101437,9.09,91.46,71.04,1,84.31,Average
S101438,7.64,74.05,50.05,1,64.7,Average
S101439,7.96,75.7,59.3,0,56.22,Average
S101440,7.86,74.61,66.91,3,60.08,Average
S101441,8.53,78.1,77.99,2,89.28,Average
S101442,7.24,66.6,66.33,1,53.22,At_Risk
S101443,5.31,52.19,80.43,1,63.43,At_Risk
S101444,7.52,65.89,68.92,0,46.45,Average
S101445,6.15,60.83,59.19,3,48.12,At_Risk
S101446,6.31,58.42,68.74,1,96.42,Average
S101447,7.76,77.04,77.48,2,68.97,At_Risk
S101448,8.61,85.64,65.6,0,69.95,Good
S101449,7.03,60.07,53.68,0,58.22,At_Risk
S101450,7.4,67.99,70.56,3,82.88,At_Risk
S101451,9.21,84.1,56.19,1,60.78,Good
S101452,7.31,62.22,87.49,2,89.94,Good
S101453,10.0,90.87,82.81,1,89.18,Good
S101454,7.74,83.25,64.96,4,78.08,At_Risk
S101455,4.71,47.19,73.94,1,81.03,At_Risk
S101456,7.98,83.47,66.85,1,78.22,Average
S101457,7.5,74.52,87.55,0,81.15,Average
S101458,8.68,79.46,47.07,2,73.38,Average
S101459,7.88,73.29,70.53,0,57.27,Average
S101460,6.82,67.14,55.62,2,72.3,Average
S101461,5.41,53.13,73.5,4,62.56,At_Risk
S101462,6.73,61.61,43.52,0,48.47,Average
S101463,5.89,49.96,72.28,1,52.42,At_Risk
S101464,6.25,72.48,93.21,0,74.82,Average
S101465,7.77,73.2,60.9,1,59.32,Average
S101466,9.17,85.8,48.4,1,67.69,Average
S101467,7.51,71.83,76.58,2,82.51,Average
S101468,5.45,50.76,63.89,1,93.01,Average
S101469,7.58,72.48,80.27,1,60.85,At_Risk
S101470,8.56,86.43,82.29,0,67.27,Good
S101471,6.21,58.47,81.41,0,50.73,Average
S101472,6.83,60.19,67.67,2,56.67,At_Risk
S101473,7.02,66.0,91.71,2,93.58,At_Risk
S101474,5.98,54.95,78.33,0,65.89,At_Risk
S101475,7.84,80.2,58.59,0,74.63,Good
S101476,6.84,69.69,59.55,1,67.25,At_Risk
S101477,7.55,72.0,84.96,1,91.22,Average
S101478,5.85,50.4,76.7,0,70.68,At_Risk
S101479,6.43,56.19,58.62,1,53.25,At_Risk
S101480,7.94,75.48,63.35,1,90.38,At_Risk
S101481,6.52,63.24,67.17,0,64.8,Average
S101482,9.25,86.33,78.66,0,87.49,Good
S101483,6.48,59.64,65.1,5,85.43,Average
S101484,7.29,66.9,85.09,0,96.54,Good
S101485,8.21,77.92,72.71,3,51.5,Average
S101486,5.16,39.45,85.72,0,77.82,Average
S101487,4.71,40.35,53.1,2,68.72,At_Risk
S101488,5.02,45.15,87.5,3,51.22,At_Risk
S101489,8.64,86.92,83.21,1,83.83,Average
S101490,6.28,56.43,68.98,2,50.92,At_Risk
S101491,10.0,96.0,61.17,2,77.88,Average
S101492,6.27,60.44,84.93,3,55.02,At_Risk
S101493,7.24,73.97,62.04,2,55.5,Average
S101494,9.0,90.6,67.93,4,100.0,Average
S101495,9.61,91.05,74.57,5,49.12,Average
S101496,9.68,90.06,53.24,0,70.64,Average
S101497,8.57,78.77,65.62,5,68.53,At_Risk
S101498,8.33,78.0,56.02,2,79.01,Average
S101499,7.77,72.0,47.77,1,47.0,Average
S101500,8.01,78.33,95.09,1,89.53,Average
S101501,6.28,61.37,59.48,0,75.15,At_Risk
S101502,5.94,58.76,76.11,3,100.0,Average
S101503,7.0,71.5,95.23,0,66.92,Average
S101504,6.78,72.0,59.77,0,55.3,Average
S101505,6.41,61.4,51.62,1,81.74,At_Risk
S101506,7.91,79.5,90.91,3,55.13,At_Risk
S101507,8.24,76.89,55.89,2,83.6,Average
S101508,7.11,72.33,62.66,1,66.4,Average
S101509,8.92,88.99,60.59,1,74.65,Average
S101510,5.52,56.43,70.01,0,92.54,At_Risk
S101511,6.75,64.48,44.33,1,74.48,At_Risk
S101512,6.07,55.0,76.09,2,73.05,At_Risk
S101513,4.57,38.0,74.05,1,45.84,At_Risk
S101514,6.89,65.32,79.25,1,86.03,Average
S101515,6.84,71.13,78.98,2,70.75,Good
S101516,8.97,84.0,73.9,1,62.29,At_Risk
S101517,7.82,77.43,64.03,0,92.17,Average
S101518,5.67,57.23,68.76,1,59.12,At_Risk
S101519,9.41,88.26,59.53,2,86.17,Average
S101520,8.59,86.8,70.52,0,48.44,Average
S101521,7.76,62.0,57.73,0,48.95,Average
S101522,6.71,58.81,69.78,4,53.72,At_Risk
S101523,5.75,50.99,62.28,1,68.72,At_Risk
S101524,6.52,58.62,57.37,1,78.46,At_Risk
S101525,8.42,81.29,81.65,0,90.65,Good
S101526,9.45,90.93,78.31,2,65.81,Good
S101527,9.01,87.14,68.74,2,58.4,Average
S101528,6.36,62.85,45.34,1,46.01,At_Risk
S101529,5.54,48.87,56.57,2,80.35,At_Risk
S101530,7.18,63.37,67.0,1,77.3,At_Risk
S101531,4.7,46.25,74.15,2,53.46,At_Risk
S101532,7.42,67.97,74.36,1,79.43,Good
S101533,6.81,58.4,71.01,0,72.3,Good
S101534,6.39,64.63,68.4,1,69.34,Average
S101535,4.93,52.39,65.2,1,73.96,At_Risk
S101536,7.67,79.07,59.83,2,78.68,Average
S101537,6.31,60.67,89.52,1,64.19,At_Risk
S101538,5.48,54.56,81.42,0,54.82,At_Risk
S101539,3.5,38.7,75.58,1,87.8,At_Risk
S101540,6.96,63.59,53.25,1,61.93,At_Risk
S101541,9.3,92.83,52.63,1,48.43,Good
S101542,9.16,88.0,67.58,3,86.31,Average
S101543,6.41,64.51,61.32,1,55.56,At_Risk
S101544,6.22,59.81,53.19,0,61.42,At_Risk
S101545,7.61,77.47,69.36,1,71.48,At_Risk
S101546,5.7,55.06,43.51,0,51.09,At_Risk
S101547,7.39,64.29,66.81,1,59.14,Excellent
S101548,8.0,81.8,74.62,0,69.98,Excellent
S101549,8.6,77.86,74.2,5,74.18,At_Risk
S101550,6.87,70.28,44.53,1,57.87,At_Risk
S101551,6.74,63.6,43.92,2,71.6,At_Risk
S101552,5.86,60.36,65.24,0,77.14,At_Risk
S101553,5.93,60.83,59.79,5,97.06,At_Risk
S101554,6.71,65.42,52.18,6,59.31,At_Risk
S101555,7.48,73.07,40.02,0,62.48,Good
S101556,8.19,79.47,56.53,0,86.31,Average
S101557,5.96,48.53,66.68,2,69.37,At_Risk
S101558,8.94,85.41,64.93,1,82.77,Average
S101559,6.65,58.69,52.36,0,80.57,At_Risk
S101560,6.97,66.92,54.96,1,54.21,At_Risk
S101561,6.03,52.7,63.57,1,48.51,At_Risk
S101562,3.85,35.0,57.22,0,85.99,At_Risk
S101563,8.15,83.84,72.19,1,80.04,Average
S101564,7.96,79.88,75.27,1,82.4,Average
S101565,6.63,63.01,73.89,1,82.36,At_Risk
S101566,7.09,68.1,53.78,2,70.83,Average
S101567,7.67,71.88,72.34,1,61.07,Average
S101568,4.97,49.48,72.67,0,59.11,At_Risk
S101569,6.31,57.26,87.32,2,56.02,At_Risk
S101570,8.03,80.3,93.67,3,71.44,Average
S101571,5.37,50.0,84.12,3,52.33,At_Risk
S101572,7.38,68.45,62.05,2,58.33,Average
S101573,5.24,49.83,57.97,1,44.79,At_Risk
S101574,7.61,69.9,65.39,2,95.54,At_Risk
S101575,6.95,67.37,60.57,1,76.42,Average
S101576,4.9,44.4,95.22,0,58.1,At_Risk
S101577,8.51,82.76,80.42,0,51.88,Good
S101578,6.05,62.29,76.1,0,81.71,Good
S101579,5.95,53.62,78.44,2,74.25,Average
S101580,7.26,68.5,85.82,1,75.46,Average
S101581,8.49,82.53,76.04,1,68.28,Average
S101582,5.68,52.21,65.52,1,49.01,Average
S101583,7.08,69.12,77.65,4,69.83,Good
S101584,7.56,74.02,77.54,5,89.95,At_Risk
S101585,7.9,79.39,53.48,1,58.59,Average
S101586,7.23,66.26,99.21,3,45.11,Average
S101587,6.52,58.2,60.02,2,57.56,At_Risk
S101588,5.92,55.0,88.05,3,78.39,At_Risk
S101589,7.11,63.7,65.91,2,59.09,At_Risk
S101590,5.61,55.52,83.06,1,78.34,Average
S101591,3.5,35.0,68.7,0,75.75,At_Risk
S101592,7.57,81.0,49.24,1,78.71,At_Risk
S101593,8.18,82.85,81.9,2,60.96,Average
S101594,3.93,37.37,87.15,0,56.65,At_Risk
S101595,5.69,57.5,67.91,5,96.34,At_Risk
S101596,7.8,67.6,79.15,1,59.84,Good
S101597,9.67,100.0,58.99,2,39.37,At_Risk
S101598,7.03,64.4,68.82,0,50.97,Average
S101599,6.05,57.03,82.41,0,70.95,At_Risk
S101600,6.76,56.82,72.97,0,51.87,Average
S101601,8.79,85.42,74.66,0,72.84,Average
S101602,6.16,54.1,81.35,2,64.95,At_Risk
S101603,5.96,57.04,89.93,3,79.42,At_Risk
S101604,6.37,58.36,82.71,3,91.36,At_Risk
S101605,5.76,50.42,72.31,2,62.11,At_Risk
S101606,7.16,64.8,67.81,1,81.34,Average
S101607,9.11,87.47,70.5,0,87.13,Average
S101608,7.42,65.36,51.31,4,98.69,At_Risk
S101609,6.67,60.39,71.48,0,53.02,At_Risk
S101610,6.62,65.55,53.12,2,75.47,At_Risk
S101611,4.97,57.6,63.14,1,63.3,At_Risk
S101612,8.15,79.32,77.75,3,68.43,Average
S101613,6.9,61.87,62.88,0,81.9,Average
S101614,6.77,62.8,86.32,3,66.03,At_Risk
S101615,10.0,95.13,67.48,2,90.45,Average
S101616,7.39,68.79,83.65,3,63.15,Average
S101617,6.02,60.83,64.41,3,76.76,At_Risk
S101618,6.45,62.1,66.6,1,78.28,At_Risk
S101619,8.49,84.31,82.99,0,80.02,Excellent
S101620,7.15,66.64,65.7,4,46.04,Average
S101621,5.13,54.04,72.87,1,57.43,Average
S101622,8.19,77.19,62.48,1,87.74,Average
S101623,6.13,54.36,38.18,3,45.06,At_Risk
S101624,9.44,98.34,60.24,1,61.22,Good
S101625,8.4,73.0,87.01,4,66.14,Average
S101626,6.42,58.02,72.36,3,83.25,Average
S101627,8.67,79.8,79.62,4,66.14,At_Risk
S101628,7.09,77.37,80.09,1,58.6,Average
S101629,8.11,84.0,78.13,1,85.93,Average
S101630,7.63,78.46,88.74,1,69.61,Average
S101631,5.9,54.72,63.86,1,58.37,At_Risk
S101632,6.16,68.26,87.31,2,68.67,At_Risk
S101633,8.34,80.7,76.72,1,50.23,Average
S101634,6.56,66.27,73.79,1,72.31,At_Risk
S101635,6.48,62.23,41.27,2,39.84,At_Risk
S101636,5.76,54.51,73.22,3,68.56,At_Risk
S101637,7.55,70.72,79.93,3,80.2,Average
S101638,9.68,91.0,71.03,2,93.6,Good
S101639,5.61,55.75,84.26,1,71.13,At_Risk
S101640,7.03,68.27,84.84,0,92.79,Good
S101641,8.84,83.8,64.38,2,50.84,At_Risk
S101642,6.9,71.55,69.42,3,60.34,Average
S101643,7.59,60.22,64.55,3,65.8,Average
S101644,5.62,55.42,62.52,1,85.84,Good
S101645,7.56,74.66,69.29,3,57.2,Average
S101646,6.76,68.78,71.05,1,46.76,Average
S101647,8.28,78.41,40.82,2,74.8,At_Risk
S101648,8.54,82.0,67.49,5,41.76,Average
S101649,10.0,98.9,73.26,1,67.33,Average
S101650,7.75,79.62,69.69,2,57.8,Average
S101651,7.42,69.32,67.08,2,70.74,At_Risk
S101652,7.25,69.97,54.86,1,67.25,Average
S101653,6.54,68.85,51.02,1,60.97,At_Risk
S101654,7.44,62.18,61.08,2,83.41,At_Risk
S101655,6.62,60.09,44.44,1,75.29,At_Risk
S101656,7.22,74.44,67.44,2,55.12,At_Risk
S101657,8.71,87.14,57.06,0,54.74,Good
S101658,5.69,56.16,70.62,5,67.92,At_Risk
S101659,8.48,78.8,60.71,2,72.04,Average
S101660,8.71,79.24,42.72,1,76.96,At_Risk
S101661,6.85,62.68,55.24,1,59.64,At_Risk
S101662,4.24,46.49,70.42,2,43.3,At_Risk
S101663,6.21,56.48,78.14,1,86.71,At_Risk
S101664,8.69,83.0,64.45,1,86.64,Average
S101665,6.97,63.2,71.27,1,78.35,Average
S101666,5.7,57.53,65.62,2,63.49,At_Risk
S101667,6.34,58.11,65.19,2,62.23,Average
S101668,8.09,76.49,57.45,2,78.07,Average
S101669,7.71,66.52,67.59,1,86.78,At_Risk
S101670,6.69,57.1,60.03,1,70.93,Average
S101671,6.52,62.0,85.91,1,50.29,Average
S101672,6.49,56.0,59.22,1,68.92,At_Risk
S101673,5.8,63.53,70.29,1,95.45,At_Risk
S101674,9.1,78.2,54.14,1,86.78,Good
S101675,6.58,59.32,65.41,3,61.47,At_Risk
S101676,8.58,81.6,54.87,2,74.28,Average
S101677,8.98,83.8,60.59,0,91.03,Average
S101678,8.3,74.41,80.68,4,56.23,Average
S101679,6.44,57.0,67.41,3,69.42,At_Risk
S101680,7.52,67.52,78.77,1,57.36,Average
S101681,6.97,65.05,65.26,2,59.89,At_Risk
S101682,5.83,63.15,77.55,0,80.75,At_Risk
S101683,7.42,70.8,78.64,0,51.15,Average
S101684,5.47,56.67,77.27,0,80.02,At_Risk
S101685,8.54,83.2,80.36,4,86.91,Average
S101686,6.4,65.2,74.34,1,69.62,Average
S101687,7.26,57.78,62.44,3,43.98,Average
S101688,7.37,68.78,49.59,3,44.63,At_Risk
S101689,6.66,68.53,58.1,3,48.13,At_Risk
S101690,7.76,71.46,73.09,1,96.67,Average
S101691,6.38,67.68,82.46,1,84.81,Average
S101692,8.13,83.2,74.36,1,59.06,Average
S101693,5.25,48.0,63.95,2,48.36,At_Risk
S101694,7.16,66.05,62.46,1,74.61,At_Risk
S101695,9.52,86.39,68.45,2,75.35,At_Risk
S101696,5.7,51.63,75.89,2,75.44,At_Risk
S101697,6.12,53.2,68.46,4,66.45,At_Risk
S101698,7.67,74.56,61.5,0,84.91,Good
S101699,7.23,62.89,56.96,1,68.92,Average
S101700,7.46,73.25,58.69,0,75.27,Average
S101701,7.64,75.05,58.96,1,68.65,Average
S101702,7.83,67.69,67.16,2,75.72,Good
S101703,8.44,86.4,57.48,2,89.87,Average
S101704,7.53,73.62,60.72,3,90.91,At_Risk
S101705,6.69,66.52,76.91,3,50.52,At_Risk
S101706,7.87,71.77,75.63,0,66.45,Average
S101707,9.47,92.45,90.05,1,71.11,Average
S101708,6.83,69.0,72.43,1,75.54,Average
S101709,5.73,54.07,49.71,0,49.91,At_Risk
S101710,8.44,88.18,47.97,2,83.73,Average
S101711,6.84,65.19,69.65,1,66.35,At_Risk
S101712,4.18,44.23,67.37,1,53.93,At_Risk
S101713,8.1,78.14,64.75,1,79.21,Good
S101714,6.3,62.23,52.65,2,64.64,At_Risk
S101715,6.88,58.7,55.5,2,62.43,At_Risk
S101716,7.43,72.08,81.98,1,82.88,Good
S101717,7.25,65.91,81.26,2,78.21,At_Risk
S101718,7.92,71.88,71.44,1,64.72,At_Risk
S101719,6.43,68.1,76.1,1,66.72,Average
S101720,7.67,71.98,53.09,2,68.98,Average
S101721,6.66,59.28,72.12,1,85.77,Average
S101722,7.96,74.19,59.55,1,73.9,Average
S101723,7.8,68.9,84.18,3,82.66,Average
S101724,5.78,61.0,74.29,2,77.68,At_Risk
S101725,8.41,77.13,47.88,4,71.6,Average
S101726,6.3,62.0,52.12,1,81.59,At_Risk
S101727,8.05,81.9,66.93,0,80.11,Good
S101728,7.48,69.04,56.19,1,49.08,At_Risk
S101729,9.39,91.33,82.51,0,47.58,Average
S101730,6.71,59.62,43.89,1,65.56,At_Risk
S101731,6.55,71.97,67.09,1,71.59,Average
S101732,6.97,70.01,47.39,0,68.33,At_Risk
S101733,6.61,61.99,63.08,3,64.32,At_Risk
S101734,8.04,73.29,51.87,1,52.26,At_Risk
S101735,4.9,46.08,67.09,1,53.14,At_Risk
S101736,5.63,52.13,56.11,3,87.85,At_Risk
S101737,5.61,61.12,58.99,1,54.27,Average
S101738,8.24,73.33,81.83,2,49.47,Average
S101739,9.22,88.17,62.17,2,60.27,Average
S101740,6.86,65.14,32.4,1,55.17,At_Risk
S101741,6.78,63.95,65.84,1,54.42,Average
S101742,7.09,66.93,86.38,1,67.0,Average
S101743,8.51,80.38,72.68,2,60.12,Good
S101744,5.79,58.54,80.01,0,81.5,Average
S101745,7.31,72.0,60.06,1,88.68,Average
S101746,8.27,80.2,76.28,2,60.07,Average
S101747,7.65,60.55,62.04,4,60.13,At_Risk
S101748,7.25,70.04,72.15,2,64.5,At_Risk
S101749,8.3,72.24,83.24,1,88.05,Good
S101750,3.5,35.84,54.03,1,55.59,At_Risk
S101751,7.88,80.77,44.64,3,54.39,At_Risk
S101752,6.15,54.72,62.53,1,61.68,At_Risk
S101753,4.62,42.84,72.28,0,89.24,At_Risk
S101754,7.66,70.42,89.41,2,79.04,Good
S101755,8.79,88.4,69.14,3,76.94,At_Risk
S101756,6.82,65.18,76.14,2,100.0,At_Risk
S101757,8.24,85.18,59.08,0,77.37,Average
S101758,9.1,88.07,59.44,3,61.48,Average
S101759,8.71,83.71,72.51,5,71.94,At_Risk
S101760,9.13,87.03,88.64,4,45.39,Good
S101761,7.96,78.94,68.31,2,83.99,Average
S101762,7.1,60.48,71.46,1,60.39,At_Risk
S101763,4.92,47.0,59.14,2,100.0,At_Risk
S101764,6.68,63.0,60.66,1,64.19,At_Risk
S101765,5.9,58.99,82.57,0,87.2,Average
S101766,9.82,92.56,49.08,3,85.55,Average
S101767,6.77,60.17,58.09,0,73.39,Average
S101768,7.16,68.05,64.89,4,78.04,Average
S101769,7.72,68.98,69.42,3,63.06,At_Risk
S101770,7.06,59.34,66.83,2,82.68,Average
S101771,9.2,90.34,78.28,3,94.41,Good
S101772,6.19,61.13,100.0,1,94.32,At_Risk
S101773,7.25,70.77,54.26,0,90.22,Average
S101774,6.03,62.54,71.54,0,64.81,At_Risk
S101775,5.28,47.54,59.27,0,78.04,Average
S101776,6.2,53.22,80.07,4,70.88,At_Risk
S101777,6.95,65.76,91.94,2,85.72,Average
S101778,6.44,59.81,67.27,0,49.6,Average
S101779,6.1,54.58,81.05,3,79.01,At_Risk
S101780,5.17,48.81,55.42,1,64.51,At_Risk
S101781,6.89,63.03,84.47,2,78.21,Average
S101782,5.04,40.57,90.42,0,53.94,At_Risk
S101783,7.99,74.0,66.3,2,81.99,Average
S101784,7.11,62.97,76.72,2,58.74,Average
S101785,5.11,49.43,51.79,2,57.71,At_Risk
S101786,6.6,60.1,59.94,4,46.47,At_Risk
S101787,6.02,61.66,75.07,1,71.14,At_Risk
S101788,7.41,76.86,98.85,3,48.81,Average
S101789,8.74,85.77,44.35,2,70.24,Average
S101790,4.56,37.14,70.52,2,92.43,At_Risk
S101791,7.15,73.94,84.43,2,82.62,Average
S101792,6.79,70.83,91.79,1,73.57,Average
S101793,7.87,74.87,65.4,2,62.39,Average
S101794,7.28,74.4,84.84,2,61.44,Average
S101795,6.02,55.01,77.63,2,80.32,Average
S101796,6.59,55.09,91.1,0,56.42,At_Risk
S101797,5.97,53.63,65.43,1,50.92,Average
S101798,8.4,86.71,69.27,0,55.37,Average
S101799,7.03,60.8,59.95,5,57.65,Average
S101800,9.47,89.98,64.17,4,52.98,Average
S101801,6.92,65.89,64.1,1,75.89,Average
S101802,6.08,55.7,57.41,3,60.62,At_Risk
S101803,5.03,46.03,91.36,1,65.32,At_Risk
S101804,4.66,44.52,68.82,5,73.48,At_Risk
S101805,4.94,44.69,61.76,1,70.7,At_Risk
S101806,7.35,64.11,62.79,0,68.56,Average
S101807,7.66,73.64,47.89,2,55.11,At_Risk
S101808,4.94,51.27,75.95,2,61.37,At_Risk
S101809,8.16,81.03,56.77,2,69.36,At_Risk
S101810,6.37,57.3,60.03,0,53.53,At_Risk
S101811,7.19,63.31,82.79,2,48.65,At_Risk
S101812,9.1,85.27,61.03,1,65.09,Good
S101813,8.17,83.85,73.98,1,77.52,Average
S101814,6.65,65.77,60.83,3,85.99,At_Risk
S101815,5.84,58.31,61.38,3,40.33,Average
S101816,4.2,43.48,59.82,1,70.12,At_Risk
S101817,6.07,59.3,65.63,1,64.38,Average
S101818,6.73,64.37,49.94,2,63.83,Average
S101819,5.72,56.96,77.91,0,68.03,Average
S101820,6.83,62.69,100.0,0,75.32,Average
S101821,7.1,61.79,75.74,0,50.76,Average
S101822,6.71,66.62,56.01,2,77.56,At_Risk
S101823,6.15,63.42,76.78,1,47.2,At_Risk
S101824,7.22,64.11,47.93,4,59.23,At_Risk
S101825,7.57,75.25,58.01,2,86.15,Good
S101826,5.58,59.76,62.31,1,77.31,At_Risk
S101827,8.83,83.92,81.59,1,80.72,Good
S101828,6.87,62.01,77.08,1,58.25,At_Risk
S101829,7.02,67.0,49.44,1,82.69,Average
S101830,7.92,73.04,78.59,1,71.87,Average
S101831,7.3,66.91,60.78,1,57.44,At_Risk
S101832,8.24,80.0,75.91,2,84.64,Average
S101833,7.37,63.63,58.13,1,83.25,At_Risk
S101834,6.2,53.16,66.62,4,66.05,At_Risk
S101835,7.47,71.04,57.28,3,87.87,At_Risk
S101836,5.51,52.29,66.67,0,77.84,At_Risk
S101837,7.14,69.21,52.58,1,84.12,At_Risk
S101838,6.96,73.59,56.91,1,75.3,At_Risk
S101839,6.73,64.35,59.74,1,80.33,At_Risk
S101840,6.83,67.31,55.38,1,71.64,Average
S101841,4.55,39.36,63.07,0,55.61,At_Risk
S101842,6.29,62.79,69.09,0,76.93,Average
S101843,7.12,65.54,85.25,3,56.42,At_Risk
S101844,7.21,68.76,53.45,2,80.73,Average
S101845,5.66,53.37,54.51,1,84.32,At_Risk
S101846,8.65,86.26,68.43,0,48.45,At_Risk
S101847,5.87,50.56,46.74,3,55.33,At_Risk
S101848,8.26,69.34,71.18,2,94.58,Average
S101849,7.56,70.92,68.2,1,72.26,Good
S101850,6.16,60.39,75.08,1,84.24,At_Risk
S101851,9.31,89.03,97.09,0,48.73,Excellent
S101852,5.45,56.7,68.76,2,90.82,At_Risk
S101853,8.19,79.6,60.98,4,55.43,Average
S101854,8.3,76.6,80.51,0,81.44,Average
S101855,6.13,48.9,67.84,2,79.38,At_Risk
S101856,8.81,82.8,65.87,1,60.62,At_Risk
S101857,6.67,67.52,91.23,1,77.71,Average
S101858,7.38,68.5,77.76,1,66.76,At_Risk
S101859,7.34,69.83,55.63,3,67.41,At_Risk
S101860,6.83,66.53,56.02,0,58.22,Average
S101861,8.05,72.45,50.64,0,87.0,Average
S101862,8.03,78.79,53.69,0,81.07,Average
S101863,4.73,51.45,82.67,1,57.15,At_Risk
S101864,8.7,81.92,61.39,1,42.73,Average
S101865,4.84,41.45,44.79,1,87.52,At_Risk
S101866,8.34,79.0,73.95,0,70.9,Excellent
S101867,8.46,71.52,70.2,1,77.91,Average
S101868,5.58,54.0,62.17,1,77.03,At_Risk
S101869,6.47,63.24,59.72,1,87.65,At_Risk
S101870,5.56,59.55,68.23,2,88.92,At_Risk
S101871,6.72,63.07,68.95,3,86.35,Average
S101872,6.6,64.33,73.22,3,70.88,At_Risk
S101873,8.01,72.68,45.27,0,64.0,At_Risk
S101874,8.7,81.26,53.72,1,63.27,Average
S101875,8.81,77.6,62.18,1,75.93,Average
S101876,6.27,58.78,50.66,1,63.79,Average
S101877,6.73,62.69,74.2,2,69.6,Average
S101878,4.81,46.91,76.78,1,81.34,At_Risk
S101879,5.95,54.0,60.11,1,54.82,At_Risk
S101880,8.25,78.75,76.62,4,45.1,Average
S101881,9.1,85.12,70.95,1,85.76,Average
S101882,5.4,49.93,71.03,2,59.45,At_Risk
S101883,6.23,59.5,30.59,2,53.11,At_Risk
S101884,6.97,66.34,65.47,2,67.32,Average
S101885,7.36,73.0,60.22,1,74.51,At_Risk
S101886,5.95,56.02,66.16,0,67.33,At_Risk
S101887,7.55,70.3,62.47,1,80.39,Average
S101888,6.38,59.92,52.42,0,51.47,At_Risk
S101889,6.98,63.46,63.65,2,70.96,Average
S101890,7.71,71.81,62.61,2,86.98,At_Risk
S101891,7.01,74.7,79.73,0,78.92,Average
S101892,6.43,57.46,66.17,1,60.43,At_Risk
S101893,6.86,64.03,60.57,0,83.56,At_Risk
S101894,6.89,63.86,51.79,4,51.61,At_Risk
S101895,6.52,60.94,100.0,1,84.48,Average
S101896,6.66,62.0,80.93,0,66.74,Average
S101897,9.08,87.4,70.14,2,58.8,Average
S101898,7.73,66.59,49.55,2,62.27,Good
S101899,6.62,67.0,48.27,0,86.69,Good
S101900,7.91,77.64,89.72,1,88.68,Average
S101901,6.57,57.41,88.95,1,74.56,At_Risk
S101902,8.53,71.91,71.57,0,46.8,Good
S101903,7.48,67.16,57.47,2,83.39,Average
S101904,6.86,64.2,60.86,1,52.42,Average
S101905,7.58,82.35,56.7,1,52.58,Average
S101906,4.96,49.27,95.01,1,91.23,At_Risk
S101907,5.54,45.35,65.35,2,61.59,At_Risk
S101908,5.45,49.0,78.56,0,50.14,At_Risk
S101909,7.19,68.05,80.39,2,76.3,At_Risk
S101910,9.25,88.91,51.3,2,67.99,Good
S101911,9.9,88.8,69.03,0,75.47,Excellent
S101912,7.83,73.84,64.35,3,65.81,Average
S101913,7.65,69.81,84.74,0,71.78,Good
S101914,4.66,39.84,75.84,1,59.5,At_Risk
S101915,6.29,60.84,67.3,2,78.5,Average
S101916,5.98,59.87,69.92,1,78.38,Average
S101917,6.19,62.2,59.08,2,72.54,At_Risk
S101918,6.78,66.72,55.66,1,63.8,Average
S101919,6.39,58.68,58.17,1,74.34,At_Risk
S101920,4.43,44.91,74.44,0,60.57,Average
S101921,7.97,77.0,79.94,2,85.42,Good
S101922,5.61,53.79,76.21,1,53.63,At_Risk
S101923,7.31,67.01,47.64,3,67.53,At_Risk
S101924,9.7,90.13,72.21,0,44.51,Good
S101925,5.8,55.44,75.97,1,61.27,At_Risk
S101926,3.71,45.0,90.16,2,82.55,At_Risk
S101927,6.63,64.17,50.63,2,61.6,At_Risk
S101928,8.43,77.65,81.96,2,77.12,Good
S101929,9.55,87.36,88.72,1,42.71,Average
S101930,5.4,49.35,53.76,2,63.82,Average
S101931,7.65,81.34,76.45,0,87.57,Good
S101932,6.4,59.0,45.97,2,80.43,At_Risk
S101933,6.86,68.82,67.67,2,64.33,Average
S101934,10.0,93.5,54.5,0,66.66,Average
S101935,5.05,48.98,76.87,3,87.6,At_Risk
S101936,7.33,72.8,67.35,3,71.71,At_Risk
S101937,7.61,69.99,63.46,2,56.17,Average
S101938,8.41,77.35,75.93,1,80.67,Good
S101939,7.13,74.35,56.91,3,100.0,At_Risk
S101940,7.4,74.24,68.26,0,90.58,Good
S101941,6.49,64.83,77.04,1,83.56,At_Risk
S101942,7.35,72.97,63.68,2,69.39,Average
S101943,6.55,64.1,69.71,2,85.14,At_Risk
S101944,7.81,82.25,64.69,3,92.6,Average
S101945,6.52,62.11,86.6,2,76.96,At_Risk
S101946,7.49,73.47,86.36,3,62.6,Average
S101947,6.96,60.33,66.93,1,75.44,At_Risk
S101948,8.46,77.11,66.48,1,56.75,Average
S101949,6.93,61.0,54.86,1,52.69,At_Risk
S101950,4.7,49.7,97.34,1,74.12,At_Risk
S101951,8.64,71.87,78.18,2,38.56,Good
S101952,5.82,53.7,79.71,1,41.77,At_Risk
S101953,6.15,46.5,86.54,0,99.85,Average
S101954,6.23,55.82,67.37,2,53.73,At_Risk
S101955,8.79,81.51,64.52,5,79.66,At_Risk
S101956,4.22,45.66,87.39,1,73.47,Average
S101957,10.0,96.59,60.96,1,66.18,Good
S101958,8.37,76.21,65.64,1,62.77,Average
S101959,7.29,73.52,72.05,0,64.12,Average
S101960,6.93,65.89,53.93,0,85.86,At_Risk
S101961,7.37,70.18,78.42,2,67.82,Average
S101962,7.68,68.13,75.15,2,63.46,Average
S101963,7.84,70.51,60.97,0,41.3,At_Risk
S101964,7.72,70.1,83.14,0,55.62,Average
S101965,7.12,67.79,52.75,0,72.05,Average
S101966,6.74,64.37,63.19,1,58.96,Average
S101967,6.8,70.81,87.42,3,53.59,At_Risk
S101968,6.75,65.63,66.28,0,48.39,Average
S101969,8.47,69.67,48.72,1,80.24,Average
S101970,7.77,74.9,71.15,1,54.98,Average
S101971,3.5,35.0,64.34,1,47.32,At_Risk
S101972,7.85,70.74,74.81,1,65.61,Average
S101973,7.25,65.66,82.26,3,80.51,At_Risk
S101974,6.98,63.62,67.13,2,59.87,At_Risk
S101975,6.49,56.2,37.16,3,76.12,At_Risk
S101976,8.46,81.2,75.27,1,75.25,At_Risk
S101977,8.23,72.56,54.87,1,91.73,Good
S101978,6.0,58.4,74.63,5,83.58,At_Risk
S101979,7.53,80.47,79.25,3,77.71,Average
S101980,5.74,49.18,81.81,0,67.69,At_Risk
S101981,5.21,48.32,79.03,1,58.11,At_Risk
S101982,6.19,48.67,63.99,2,52.41,At_Risk
S101983,8.12,75.95,66.48,0,88.2,Good
S101984,8.24,80.84,73.56,0,81.53,Good
S101985,7.67,75.72,78.59,0,82.02,Good
S101986,7.94,75.76,55.14,1,64.91,At_Risk
S101987,7.67,76.43,79.98,0,87.0,Good
S101988,6.17,68.76,44.4,0,83.97,At_Risk
S101989,7.56,78.68,40.87,1,65.13,Average
S101990,8.04,74.29,46.53,1,78.82,Average
S101991,7.98,70.01,74.77,0,62.49,Good
S101992,8.55,79.56,76.09,0,72.41,Excellent
S101993,7.92,71.46,70.62,3,82.12,At_Risk
S101994,7.46,72.65,60.67,1,62.24,Average
S101995,8.39,74.99,74.15,1,64.66,Good
S101996,6.97,66.0,59.28,1,85.83,At_Risk
S101997,5.85,58.96,63.77,0,57.98,At_Risk
S101998,6.79,64.08,57.12,1,44.59,Average
S101999,6.03,53.52,76.41,2,68.07,At_Risk
S102000,6.12,62.86,60.45,1,64.6,At_Risk
S102001,6.81,57.2,73.03,4,79.15,Average
S102002,5.97,55.4,69.15,2,57.27,At_Risk
S102003,6.6,62.53,88.81,1,57.87,At_Risk
S102004,4.54,43.18,68.9,2,56.72,At_Risk
S102005,7.28,69.86,84.17,3,64.25,At_Risk
S102006,7.0,68.96,78.51,1,45.7,Average
S102007,5.94,56.27,53.4,0,31.87,At_Risk
S102008,7.86,73.2,60.76,0,78.85,At_Risk
S102009,8.22,76.45,64.46,3,64.33,At_Risk
S102010,4.91,44.2,75.08,1,88.04,At_Risk
S102011,6.01,60.23,78.09,1,76.55,Average
S102012,6.0,54.41,76.5,0,82.39,At_Risk
S102013,5.78,58.28,57.66,3,63.54,Average
S102014,8.08,76.82,67.76,1,74.55,Average
S102015,6.75,62.02,62.56,1,81.02,Average
S102016,6.66,65.7,72.8,3,62.98,At_Risk
S102017,4.39,38.84,46.85,0,79.91,At_Risk
S102018,7.83,76.9,67.69,1,81.47,At_Risk
S102019,5.39,52.05,45.08,4,58.33,At_Risk
S102020,7.08,64.85,53.9,0,85.46,Average
S102021,7.36,72.04,89.22,2,94.14,At_Risk
S102022,8.77,85.49,90.02,2,87.21,At_Risk
S102023,5.3,54.97,59.54,4,63.69,At_Risk
S102024,3.5,37.11,74.41,2,79.03,At_Risk
S102025,7.24,70.74,74.26,3,97.62,Average
S102026,9.34,84.23,85.75,1,74.35,Average
S102027,8.61,91.6,71.2,1,87.42,Good
S102028,7.27,63.47,54.37,3,80.35,At_Risk
S102029,6.36,64.23,57.34,2,53.79,At_Risk
S102030,8.05,78.19,73.15,2,94.11,Good
S102031,5.73,49.78,44.24,2,56.51,At_Risk
S102032,7.62,71.89,45.7,0,96.29,Average
S102033,7.66,72.43,78.99,1,50.13,At_Risk
S102034,8.38,84.82,100.0,1,52.49,Good
S102035,10.0,92.15,59.89,1,54.8,Average
S102036,7.51,70.3,65.91,2,53.93,Average
S102037,6.34,50.87,66.95,4,65.43,At_Risk
S102038,6.97,73.12,71.18,2,85.35,Average
S102039,4.7,40.37,56.88,1,82.21,At_Risk
S102040,6.1,59.23,66.66,4,45.9,At_Risk
S102041,6.47,61.0,78.37,1,84.98,Average
S102042,6.32,59.64,60.48,2,74.26,At_Risk
S102043,7.2,71.62,68.14,0,77.95,Average
S102044,5.93,63.03,81.46,2,48.14,At_Risk
S102045,8.46,81.35,67.58,2,80.35,At_Risk
S102046,7.0,69.12,48.03,2,78.79,Average
S102047,6.99,67.7,38.44,3,97.05,Average
S102048,6.57,66.5,53.16,1,49.08,At_Risk
S102049,7.2,66.56,83.38,1,82.32,Average
S102050,8.07,80.99,64.61,3,70.15,At_Risk
S102051,5.87,60.0,72.51,2,93.6,At_Risk
S102052,6.14,62.7,84.86,0,95.57,At_Risk
S102053,6.61,60.11,51.8,0,46.85,At_Risk
S102054,5.25,49.2,100.0,2,67.5,Average
S102055,5.93,57.34,66.64,1,66.01,At_Risk
S102056,6.38,55.0,74.97,1,56.77,Average
S102057,8.14,83.68,58.83,1,56.86,At_Risk
S102058,7.34,69.69,55.45,1,75.05,Average
S102059,7.25,70.03,68.33,2,53.39,At_Risk
S102060,8.11,74.7,60.07,3,80.69,At_Risk
S102061,6.82,59.5,69.19,1,57.15,Average
S102062,7.51,68.91,40.32,2,86.8,At_Risk
S102063,6.87,66.1,50.14,2,73.88,Average
S102064,7.34,72.47,61.28,2,73.32,Average
S102065,6.24,59.95,53.2,2,80.89,Average
S102066,3.83,37.77,100.0,1,74.62,At_Risk
S102067,6.83,63.49,70.37,1,67.05,Average
S102068,8.85,86.06,71.47,3,47.66,Average
S102069,8.2,83.87,53.8,4,85.27,Average
S102070,8.26,81.24,58.94,1,91.45,Average
S102071,8.61,85.0,61.45,0,63.1,Average
S102072,7.12,68.77,82.91,2,59.41,Average
S102073,7.26,62.92,49.56,1,61.44,At_Risk
S102074,6.2,54.69,63.55,0,82.21,At_Risk
S102075,6.59,64.42,73.74,3,76.74,At_Risk
S102076,7.8,74.06,37.96,1,69.86,Average
S102077,8.57,83.13,46.39,1,83.9,Good
S102078,6.82,71.48,49.75,2,59.76,At_Risk
S102079,6.41,63.8,65.59,2,100.0,Average
S102080,7.0,71.54,62.07,2,49.51,At_Risk
S102081,7.78,74.3,80.09,2,69.31,Good
S102082,5.12,45.44,39.14,0,68.84,At_Risk
S102083,4.01,37.9,62.61,2,79.53,At_Risk
S102084,6.28,56.48,83.28,2,76.49,At_Risk
S102085,5.41,57.66,47.54,3,64.15,At_Risk
S102086,6.34,63.39,66.49,1,83.25,Average
S102087,6.81,66.76,77.76,2,69.33,Average
S102088,6.41,65.85,86.3,3,63.95,Average
S102089,8.89,76.36,51.7,3,53.31,Average
S102090,7.42,72.89,72.84,2,79.7,Average
S102091,7.39,64.97,68.53,3,61.54,Average
S102092,7.81,74.16,54.5,1,84.35,At_Risk
S102093,5.52,51.19,51.98,5,96.42,At_Risk
S102094,8.35,81.98,51.56,1,61.04,Average
S102095,6.9,66.48,100.0,1,58.11,Average
S102096,7.87,80.16,83.33,2,60.36,Good
S102097,5.61,50.85,68.89,0,84.63,Average
S102098,4.98,50.15,57.03,1,80.7,At_Risk
S102099,8.06,77.25,75.3,1,47.77,At_Risk
S102100,7.49,64.61,52.18,2,68.86,Average
S102101,5.83,52.0,72.23,1,77.19,Average
S102102,5.87,55.16,78.88,3,64.92,At_Risk
S102103,8.46,84.85,65.91,0,86.06,Average
S102104,5.45,53.7,60.2,2,55.43,At_Risk
S102105,9.14,82.12,61.3,1,84.7,Average
S102106,5.83,55.0,80.6,1,76.34,At_Risk
S102107,7.83,82.46,67.38,4,56.29,At_Risk
S102108,6.57,63.0,89.51,0,89.12,At_Risk
S102109,7.78,72.64,44.25,1,53.68,At_Risk
S102110,6.29,61.75,51.51,2,71.22,At_Risk
S102111,6.79,67.54,69.09,2,60.19,At_Risk
S102112,7.05,65.18,73.87,1,88.53,Average
S102113,5.7,56.13,67.12,0,58.96,At_Risk
S102114,7.96,74.0,86.23,0,64.62,Average
S102115,6.33,63.04,55.72,1,84.41,At_Risk
S102116,6.7,64.36,68.21,2,78.87,At_Risk
S102117,5.71,56.15,82.09,1,56.22,Average
S102118,3.67,35.0,91.16,1,83.36,At_Risk
S102119,6.75,60.86,65.34,0,71.78,At_Risk
S102120,10.0,98.78,100.0,0,73.06,Excellent
S102121,8.02,75.87,69.2,3,64.08,Average
S102122,6.97,67.4,90.07,3,70.24,Average
S102123,6.66,62.03,63.52,3,56.08,At_Risk
S102124,7.03,70.37,66.0,3,90.63,Average
S102125,7.71,70.83,83.22,1,81.81,Average
S102126,5.46,51.37,78.64,0,80.13,At_Risk
S102127,8.45,83.41,67.78,1,90.33,Good
S102128,7.93,80.03,54.44,3,67.06,At_Risk
S102129,7.93,73.27,100.0,1,55.56,Average
S102130,7.57,79.75,64.45,0,68.48,Average
S102131,7.03,68.0,68.92,2,68.93,Average
S102132,7.87,70.64,42.97,1,60.47,Average
S102133,7.77,75.29,60.73,1,50.55,Average
S102134,6.54,60.6,79.55,1,58.91,Average
S102135,6.25,61.15,66.13,2,55.31,At_Risk
S102136,7.13,67.59,100.0,2,49.9,Good
S102137,9.01,85.93,71.78,1,47.94,Average
S102138,5.39,47.55,60.31,2,79.33,At_Risk
S102139,5.09,52.34,90.25,2,69.88,At_Risk
S102140,7.21,63.9,99.9,4,95.65,Good
S102141,7.07,62.69,85.52,2,69.86,Average
S102142,7.23,70.11,69.76,0,60.07,At_Risk
S102143,7.32,75.92,65.61,1,50.93,Average
S102144,6.71,62.33,46.67,2,83.98,At_Risk
S102145,8.94,87.7,72.62,1,84.54,Average
S102146,4.92,51.02,73.15,1,73.14,Average
S102147,5.92,59.53,53.18,0,85.28,Average
S102148,6.87,63.98,69.01,0,79.26,Average
S102149,4.86,41.84,82.56,2,75.39,At_Risk
S102150,6.77,55.5,64.33,6,57.87,At_Risk
S102151,9.16,85.97,72.23,2,76.47,Average
S102152,7.03,71.5,41.88,0,81.79,Average
S102153,7.3,64.85,91.69,1,80.78,Average
S102154,5.36,53.74,59.3,1,93.65,At_Risk
S102155,6.2,55.09,64.15,1,85.51,Average
S102156,6.51,62.29,71.37,5,77.23,At_Risk
S102157,6.59,65.41,65.45,1,88.2,Average
S102158,8.67,79.69,80.49,3,68.76,At_Risk
S102159,7.72,74.07,63.19,0,59.78,At_Risk
S102160,5.56,51.11,60.47,1,77.5,At_Risk
S102161,7.32,72.36,80.13,0,62.08,Good
S102162,7.65,73.59,32.49,1,43.71,Average
S102163,8.48,80.81,51.42,1,84.58,Average
S102164,9.05,92.25,71.15,2,90.14,Good
S102165,5.68,56.61,78.89,2,66.89,At_Risk
S102166,5.95,53.72,79.01,1,77.99,At_Risk
S102167,5.37,50.63,32.6,2,51.42,At_Risk
S102168,6.7,63.0,61.71,1,87.27,At_Risk
S102169,7.61,72.58,79.19,0,84.05,Average
S102170,8.28,89.0,54.65,1,46.94,Average
S102171,6.9,67.05,64.97,0,75.95,At_Risk
S102172,6.58,54.4,73.86,1,53.31,At_Risk
S102173,7.2,66.2,68.85,1,72.73,Average
S102174,5.91,48.46,74.36,1,46.78,At_Risk
S102175,9.72,91.0,65.75,1,54.99,Average
S102176,4.91,38.7,75.4,2,54.43,At_Risk
S102177,7.24,65.3,75.71,1,51.67,At_Risk
S102178,9.63,85.4,79.1,0,65.18,Excellent
S102179,7.01,68.12,78.36,2,73.53,At_Risk
S102180,6.75,64.16,80.81,3,66.58,Average
S102181,6.54,63.3,61.72,4,81.34,At_Risk
S102182,6.77,63.85,62.45,0,69.48,At_Risk
S102183,8.78,77.88,70.63,2,54.29,Average
S102184,4.12,41.24,93.47,1,94.44,At_Risk
S102185,8.99,93.13,70.97,1,59.99,At_Risk
S102186,5.15,50.55,89.81,2,77.76,At_Risk
S102187,6.65,61.5,87.24,0,52.26,Average
S102188,6.44,55.49,87.33,2,54.54,Average
S102189,7.77,70.14,86.36,2,49.17,At_Risk
S102190,4.92,48.58,55.67,0,88.02,Average
S102191,7.6,76.5,53.98,2,61.35,Good
S102192,9.63,92.54,56.81,2,87.1,Average
S102193,5.23,52.86,82.54,2,82.38,At_Risk
S102194,7.25,71.67,64.41,1,62.75,Average
S102195,6.14,60.35,60.18,2,55.17,At_Risk
S102196,7.55,69.13,62.58,0,73.01,Average
S102197,7.02,67.4,74.22,2,52.05,Average
S102198,6.17,55.18,58.95,3,72.69,At_Risk
S102199,7.63,72.59,61.49,1,80.18,Good
S102200,9.35,90.11,64.04,1,86.37,Average
S102201,6.75,70.86,79.93,3,60.51,Average
S102202,7.94,70.2,46.44,0,74.02,Average
S102203,5.32,52.45,68.12,2,85.21,Average
S102204,5.76,60.61,63.36,2,64.23,At_Risk
S102205,7.61,75.37,75.9,2,89.83,Good
S102206,8.93,88.16,66.52,2,78.27,Good
S102207,7.46,73.24,56.07,0,52.06,Average
S102208,6.59,67.8,95.94,0,69.81,Average
S102209,7.0,62.14,88.08,2,72.5,Average
S102210,5.37,46.0,71.2,0,47.88,At_Risk
S102211,7.79,73.9,75.7,1,52.61,At_Risk
S102212,8.15,68.75,58.32,2,61.31,At_Risk
S102213,6.41,65.84,70.71,0,70.72,Average
S102214,6.39,65.58,100.0,1,83.07,Average
S102215,7.35,68.05,84.12,2,67.45,Average
S102216,6.43,59.62,54.27,4,71.91,At_Risk
S102217,6.91,65.39,73.26,2,91.97,Good
S102218,9.73,92.6,69.06,2,73.12,Good
S102219,6.68,63.96,74.77,0,68.64,Average
S102220,6.53,64.31,91.17,2,71.67,At_Risk
S102221,6.16,57.81,56.17,1,49.02,At_Risk
S102222,7.97,79.46,65.38,2,88.14,Average
S102223,6.76,66.05,53.39,0,89.2,Good
S102224,6.16,56.05,70.79,2,53.2,At_Risk
S102225,8.72,88.16,69.4,1,55.61,Average
S102226,8.85,78.6,95.08,1,65.1,Good
S102227,6.22,58.7,56.93,0,56.5,At_Risk
S102228,4.57,47.32,79.78,1,68.45,At_Risk
S102229,8.31,76.0,33.93,0,45.67,At_Risk
S102230,6.11,59.28,93.13,1,67.14,At_Risk
S102231,8.03,78.44,68.38,1,75.24,Average
S102232,4.44,38.73,69.81,2,95.66,At_Risk
S102233,8.16,77.23,65.1,0,56.34,Average
S102234,5.43,50.92,74.16,1,73.7,At_Risk
S102235,7.95,73.32,60.27,3,77.51,Average
S102236,7.02,76.0,69.87,0,88.53,Average
S102237,5.76,51.67,85.53,2,57.04,Average
S102238,6.47,65.49,62.93,2,60.03,At_Risk
S102239,7.89,73.4,64.06,2,85.29,At_Risk
S102240,7.14,63.46,64.35,1,62.79,At_Risk
S102241,7.76,74.13,80.45,1,68.71,Good
S102242,9.57,93.51,66.03,1,60.08,Average
S102243,4.97,50.86,62.21,2,72.6,At_Risk
S102244,9.1,92.72,70.33,0,58.94,Good
S102245,7.14,79.57,81.82,1,86.42,Good
S102246,5.83,56.4,51.05,2,76.04,At_Risk
S102247,5.27,47.42,77.72,1,60.6,At_Risk
S102248,6.75,65.98,72.59,1,55.08,Average
S102249,8.2,76.82,73.16,2,60.99,Average
S102250,6.83,69.0,68.24,0,76.8,At_Risk
S102251,8.96,79.97,68.41,0,77.67,Average
S102252,5.11,58.05,77.15,3,73.11,At_Risk
S102253,6.98,69.77,47.86,2,67.44,Average
S102254,5.37,44.3,57.49,4,86.3,At_Risk
S102255,7.47,68.15,46.05,1,77.39,At_Risk
S102256,8.15,80.72,91.55,0,85.58,Good
S102257,6.45,66.01,84.37,2,74.32,Average
S102258,3.61,35.0,39.76,0,71.24,At_Risk
S102259,7.26,71.81,72.71,2,78.51,At_Risk
S102260,7.57,64.1,65.15,1,64.71,Average
S102261,7.53,71.14,75.73,2,54.36,At_Risk
S102262,8.61,86.21,72.35,4,50.89,Average
S102263,5.61,51.07,66.15,1,84.09,At_Risk
S102264,7.88,68.87,67.2,2,65.8,Average
S102265,8.55,81.81,81.23,4,53.7,Average
S102266,4.69,42.12,60.27,3,86.55,At_Risk
S102267,7.42,72.97,63.0,3,59.21,At_Risk
S102268,6.34,56.73,76.41,1,65.87,At_Risk
S102269,6.89,62.4,79.13,1,71.41,Good
S102270,7.45,62.71,71.81,1,61.32,At_Risk
S102271,6.37,61.16,61.75,5,74.67,Average
S102272,6.12,57.51,46.28,1,56.83,At_Risk
S102273,7.04,62.17,46.81,0,87.24,At_Risk
S102274,5.59,53.85,65.35,2,76.55,At_Risk
S102275,5.59,57.2,70.16,1,93.76,At_Risk
S102276,7.88,74.03,63.41,1,56.63,Average
S102277,5.51,53.39,54.33,3,51.96,At_Risk
S102278,7.87,75.8,52.32,1,62.69,Average
S102279,7.6,67.4,70.11,0,69.14,Average
S102280,4.76,53.41,85.64,3,80.17,Average
S102281,6.12,56.25,58.31,0,67.81,At_Risk
S102282,8.55,83.87,67.68,2,44.46,At_Risk
S102283,5.72,57.46,58.76,2,59.64,At_Risk
S102284,6.4,60.21,75.82,1,56.91,At_Risk
S102285,7.6,74.63,66.37,0,89.31,Average
S102286,8.02,77.16,80.84,0,49.84,Good
S102287,6.67,57.7,69.53,1,81.49,At_Risk
S102288,6.22,57.79,69.56,2,47.19,At_Risk
S102289,8.85,81.62,56.91,2,58.43,Average
S102290,9.26,86.13,57.13,0,47.28,Good
S102291,8.27,73.37,73.98,1,55.12,Average
S102292,7.11,72.06,70.99,1,57.31,Average
S102293,5.95,62.93,94.18,0,54.5,Average
S102294,5.92,60.16,53.74,3,50.29,At_Risk
S102295,7.68,78.04,80.88,3,83.62,Average
S102296,7.54,70.29,69.69,0,53.25,Average
S102297,8.82,81.26,55.34,2,69.08,At_Risk
S102298,7.85,71.42,33.23,5,56.08,At_Risk
S102299,5.05,50.51,59.74,1,72.99,At_Risk
S102300,8.37,80.0,61.38,1,73.01,At_Risk
S102301,5.7,53.87,61.35,1,73.58,Average
S102302,6.5,66.94,79.72,1,50.64,Average
S102303,7.33,71.21,62.04,1,50.61,At_Risk
S102304,9.59,87.79,71.55,0,93.32,Good
S102305,10.0,92.28,49.88,2,81.72,Average
S102306,7.79,76.72,73.05,1,82.2,Good
S102307,6.76,68.4,51.11,0,75.32,Average
S102308,7.69,75.31,76.79,0,57.7,Average
S102309,8.15,85.05,80.57,1,75.17,Average
S102310,6.58,69.08,48.51,2,84.1,Average
S102311,9.33,90.44,93.0,2,77.31,Good
S102312,7.3,65.99,62.09,1,64.22,Average
S102313,7.65,67.41,72.71,2,63.93,Average
S102314,7.87,73.17,77.94,0,54.9,Average
S102315,7.55,74.72,59.24,3,60.66,At_Risk
S102316,8.09,84.17,58.89,2,58.31,Average
S102317,6.2,60.55,62.49,0,56.49,Average
S102318,6.27,64.28,73.95,1,62.43,Average
S102319,5.57,51.93,75.59,1,63.12,At_Risk
S102320,7.57,74.0,86.14,2,86.89,Average
S102321,8.01,79.41,84.16,3,73.71,Average
S102322,7.6,64.24,84.0,1,53.33,At_Risk
S102323,9.18,85.53,79.36,1,60.05,Average
S102324,6.99,70.23,78.37,1,72.76,Average
S102325,7.87,75.86,62.75,5,59.69,Average
S102326,5.58,48.23,60.8,0,75.27,At_Risk
S102327,6.5,52.0,47.94,3,93.53,At_Risk
S102328,7.9,73.63,86.18,3,70.26,Good
S102329,8.1,76.7,68.62,1,55.61,Average
S102330,6.62,59.33,72.34,0,84.62,Good
S102331,6.91,66.2,31.43,0,77.79,Average
S102332,5.03,49.78,59.44,2,67.18,At_Risk
S102333,6.54,64.77,80.66,0,81.41,Average
S102334,8.16,68.07,72.3,3,73.1,Average
S102335,7.75,68.35,59.4,1,68.31,Average
S102336,7.65,71.5,66.48,1,84.29,Good
S102337,7.06,69.4,93.73,2,62.52,At_Risk
S102338,7.01,68.54,64.94,1,83.79,At_Risk
S102339,6.14,60.23,69.57,2,67.66,At_Risk
S102340,7.91,73.6,67.91,1,47.73,Average
S102341,7.55,70.39,70.7,0,47.71,Good
S102342,7.64,69.66,83.65,2,76.82,Average
S102343,6.32,63.08,100.0,1,60.83,At_Risk
S102344,4.2,36.22,87.2,0,68.8,At_Risk
S102345,8.43,83.45,71.03,0,87.53,Good
S102346,6.38,61.42,83.51,2,73.03,Average
S102347,5.88,55.66,48.57,2,52.78,At_Risk
S102348,7.9,72.44,67.77,3,70.92,Average
S102349,6.49,56.0,58.9,0,53.01,At_Risk
S102350,8.38,77.0,60.6,1,68.66,Good
S102351,7.8,72.8,80.49,1,71.29,Average
S102352,7.89,65.47,85.76,1,85.85,Good
S102353,5.22,48.84,50.7,3,44.48,At_Risk
S102354,8.58,85.16,65.71,0,84.31,Average
S102355,7.34,72.0,59.53,0,63.25,Average
S102356,6.52,59.95,76.68,2,78.82,At_Risk
S102357,7.19,68.46,82.45,2,84.71,Average
S102358,4.69,42.34,97.46,1,69.03,At_Risk
S102359,7.53,72.14,83.56,1,66.95,At_Risk
S102360,5.66,59.95,82.89,0,88.0,At_Risk
S102361,5.24,53.67,54.98,1,89.76,At_Risk
S102362,5.02,49.78,59.22,0,56.79,At_Risk
S102363,8.45,78.27,68.73,0,66.15,Good
S102364,6.18,61.73,100.0,1,75.55,Average
S102365,8.99,78.69,68.99,2,71.84,Average
S102366,6.3,58.87,86.61,0,71.47,At_Risk
S102367,4.78,47.75,62.55,0,99.74,At_Risk
S102368,5.55,56.0,67.69,1,43.87,At_Risk
S102369,8.61,84.44,67.72,2,77.62,Good
S102370,6.8,65.75,61.59,1,58.8,Average
S102371,6.29,58.95,76.93,1,60.72,At_Risk
S102372,7.21,70.63,51.18,0,81.75,At_Risk
S102373,7.65,68.89,44.24,1,57.63,Average
S102374,8.45,76.92,64.59,2,34.52,Average
S102375,8.88,84.64,75.16,2,51.14,Average
S102376,6.53,62.75,58.12,1,75.83,At_Risk
S102377,5.28,42.82,98.24,2,96.27,At_Risk
S102378,6.46,63.0,67.97,1,43.02,At_Risk
S102379,7.34,72.81,69.0,2,47.77,Average
S102380,5.75,54.29,54.97,1,48.8,At_Risk
S102381,5.76,64.18,76.18,0,52.46,At_Risk
S102382,7.45,68.01,81.33,0,88.1,Average
S102383,6.94,64.0,70.58,3,80.47,At_Risk
S102384,7.04,65.32,72.08,1,69.77,At_Risk
S102385,6.01,56.83,71.16,4,84.75,At_Risk
S102386,6.7,62.34,56.27,0,41.86,At_Risk
S102387,5.8,49.46,86.74,1,64.04,At_Risk
S102388,8.16,75.31,63.95,2,90.96,Good
S102389,8.35,78.89,90.45,1,68.46,Good
S102390,4.6,48.61,52.31,2,82.25,At_Risk
S102391,5.79,63.83,79.79,0,51.34,Average
S102392,5.05,53.36,70.42,0,67.84,Average
S102393,6.15,55.37,69.19,0,64.97,At_Risk
S102394,6.89,62.69,60.32,1,75.19,Average
S102395,5.12,47.96,76.71,0,67.96,At_Risk
S102396,5.8,62.25,74.97,4,80.45,At_Risk
S102397,5.69,53.44,91.23,0,96.91,At_Risk
S102398,7.27,63.75,76.7,1,53.39,Average
S102399,7.09,65.35,62.69,3,91.14,At_Risk
S102400,6.06,60.61,62.4,2,63.68,At_Risk
S102401,7.23,71.44,72.21,3,70.62,Average
S102402,6.29,58.95,87.32,2,76.04,At_Risk
S102403,6.65,65.88,73.04,0,89.04,Average
S102404,9.18,78.07,81.3,2,82.62,Average
S102405,8.74,83.47,71.85,1,86.56,Average
S102406,5.31,54.0,43.59,1,100.0,At_Risk
S102407,8.08,73.42,73.91,1,64.15,Average
S102408,8.05,73.18,65.49,3,53.5,Average
S102409,5.51,44.85,83.98,1,73.83,Average
S102410,8.06,82.97,89.48,2,91.27,Good
S102411,9.0,82.61,91.45,2,66.79,Average
S102412,5.54,53.6,65.76,0,72.31,At_Risk
S102413,5.81,57.58,61.86,2,58.89,At_Risk
S102414,8.32,85.12,63.84,0,88.43,Good
S102415,7.35,69.24,66.48,1,58.05,At_Risk
S102416,7.72,71.15,70.15,4,90.13,Average
S102417,7.44,71.4,56.02,0,65.59,At_Risk
S102418,7.51,76.46,68.27,4,53.76,Average
S102419,5.28,49.44,41.57,2,79.97,At_Risk
S102420,8.36,75.61,95.97,2,93.67,Average
S102421,8.52,74.78,65.01,1,87.61,Good
S102422,6.7,58.78,62.46,2,53.76,At_Risk
S102423,6.94,69.42,75.09,3,91.97,Average
S102424,5.01,46.31,78.9,2,69.86,At_Risk
S102425,7.67,70.42,41.62,2,48.07,At_Risk
S102426,7.74,70.7,59.08,2,75.61,At_Risk
S102427,6.92,66.07,86.48,4,85.11,Average
S102428,8.46,79.43,79.37,3,91.24,Average
S102429,6.57,61.28,52.77,0,41.55,Average
S102430,7.73,78.9,83.43,1,46.26,At_Risk
S102431,5.67,60.06,77.84,3,90.7,At_Risk
S102432,6.97,59.77,57.49,1,65.82,At_Risk
S102433,6.77,65.66,67.94,0,71.25,Average
S102434,7.29,66.18,45.89,1,64.21,Average
S102435,6.52,60.94,78.55,1,93.91,Average
S102436,6.83,66.11,88.03,0,91.29,Good
S102437,8.07,75.85,63.58,0,51.5,At_Risk
S102438,6.43,62.0,67.93,1,70.04,Average
S102439,4.91,49.35,73.49,1,71.31,At_Risk
S102440,9.27,89.29,65.05,5,57.19,At_Risk
S102441,8.8,80.97,41.13,2,63.53,Average
S102442,5.32,48.02,82.01,0,95.96,At_Risk
S102443,7.9,69.26,83.68,1,58.13,At_Risk
S102444,6.35,56.87,76.91,0,54.22,Average
S102445,7.34,77.6,86.16,1,85.85,Average
S102446,7.38,66.97,66.29,1,71.17,Good
S102447,6.7,58.83,73.76,4,82.11,At_Risk
S102448,5.98,58.1,58.89,0,79.94,Average
S102449,6.1,57.53,56.62,1,71.45,At_Risk
S102450,5.81,54.4,51.07,0,88.29,At_Risk
S102451,5.92,61.86,72.48,0,93.43,Average
S102452,6.91,67.87,69.14,1,53.92,At_Risk
S102453,6.07,55.54,82.28,1,75.78,At_Risk
S102454,7.89,73.23,45.37,4,82.33,At_Risk
S102455,8.93,82.86,71.43,1,82.19,Good
S102456,6.25,62.84,90.44,2,72.24,Average
S102457,7.31,68.22,69.53,2,73.45,Average
S102458,7.65,65.5,79.71,0,48.89,Good
S102459,7.61,72.0,98.47,2,49.24,Average
S102460,7.1,61.29,85.74,0,50.58,Average
S102461,7.97,84.41,49.47,2,60.6,Good
S102462,7.63,68.59,63.95,0,51.13,At_Risk
S102463,5.39,51.0,72.68,3,71.16,At_Risk
S102464,8.13,78.3,67.16,3,80.76,Average
S102465,8.15,76.3,85.07,5,69.18,Average
S102466,6.01,55.91,67.74,5,61.05,At_Risk
S102467,7.05,68.66,67.08,3,81.45,Average
S102468,7.89,81.0,82.1,2,93.09,Average
S102469,6.73,66.99,49.69,4,56.14,At_Risk
S102470,8.39,85.67,74.35,3,70.05,Average
S102471,10.0,90.81,59.79,2,60.46,Average
S102472,5.98,58.06,78.08,2,67.74,At_Risk
S102473,5.2,50.07,63.25,3,88.53,At_Risk
S102474,7.39,71.66,74.67,2,67.73,At_Risk
S102475,7.94,80.92,60.9,3,49.16,Average
S102476,6.7,62.77,42.26,3,61.86,At_Risk
S102477,8.89,82.83,72.69,1,80.85,Average
S102478,5.26,52.1,51.12,1,85.65,At_Risk
S102479,7.9,67.94,87.46,1,89.35,Average
S102480,6.21,58.1,75.33,0,63.47,Average
S102481,9.24,87.2,77.43,1,60.84,Average
S102482,9.59,87.4,64.32,2,88.04,At_Risk
S102483,6.0,61.26,67.75,1,48.2,At_Risk
S102484,6.29,55.46,37.24,1,64.02,At_Risk
S102485,8.12,76.57,73.11,3,76.94,At_Risk
S102486,6.5,62.89,53.16,2,81.01,At_Risk
S102487,6.94,71.35,72.11,0,61.94,Average
S102488,7.03,66.77,53.75,2,68.19,At_Risk
S102489,4.5,46.54,76.0,0,78.26,Average
S102490,6.98,69.13,70.37,4,87.4,At_Risk
S102491,6.1,58.0,50.91,1,72.4,At_Risk
S102492,6.36,56.05,85.56,0,66.75,Average
S102493,8.88,78.59,65.45,1,55.61,Average
S102494,5.37,51.41,56.54,0,45.17,At_Risk
S102495,8.06,74.37,81.47,1,68.0,Good
S102496,6.64,66.73,60.85,3,46.85,At_Risk
S102497,6.64,66.03,65.79,2,85.16,Average
S102498,8.03,75.52,87.9,0,72.03,Good
S102499,7.44,66.07,73.17,2,56.39,At_Risk
S102500,7.74,75.59,76.04,1,85.04,Average
S102501,8.26,74.39,66.54,3,64.85,Average
S102502,6.57,59.37,59.39,0,56.62,Average
S102503,6.2,55.02,63.71,3,71.02,At_Risk
S102504,5.59,53.0,37.27,1,53.92,At_Risk
S102505,5.93,60.99,76.73,1,83.06,Average
S102506,10.0,94.98,75.69,1,49.64,Good
S102507,8.62,80.1,48.67,2,95.64,At_Risk
S102508,5.24,43.71,72.93,0,67.35,At_Risk
S102509,5.28,52.38,29.11,2,75.28,At_Risk
S102510,7.63,69.33,95.76,2,91.56,Average
S102511,7.71,73.73,60.57,1,72.97,Average
S102512,7.71,71.86,61.31,1,63.31,Average
S102513,6.67,66.7,77.69,2,48.22,Average
S102514,6.84,64.32,74.07,1,87.55,Average
S102515,7.43,70.0,48.1,2,41.47,Average
S102516,7.11,70.0,68.61,2,80.7,At_Risk
S102517,4.11,47.52,73.55,0,58.71,At_Risk
S102518,6.7,67.22,57.14,0,62.89,Good
S102519,5.89,55.63,78.26,0,65.93,Average
S102520,7.23,68.68,51.44,4,52.97,At_Risk
S102521,10.0,92.9,75.81,1,70.91,Good
S102522,7.48,67.0,48.58,1,90.77,Good
S102523,6.59,60.42,62.48,2,78.03,At_Risk
S102524,8.2,74.8,46.82,0,55.51,Average
S102525,7.63,75.07,78.41,1,61.42,At_Risk
S102526,7.55,67.4,84.25,2,89.44,Good
S102527,7.79,79.3,90.18,1,79.0,Average
S102528,9.67,94.91,62.63,0,65.63,Excellent
S102529,5.53,52.62,57.95,0,84.74,Average
S102530,7.62,72.35,81.18,0,85.44,Average
S102531,5.8,52.83,68.79,3,67.14,At_Risk
S102532,7.72,74.44,59.69,2,44.76,Average
S102533,5.81,59.51,59.54,0,79.05,Average
S102534,6.46,58.53,68.38,1,68.46,At_Risk
S102535,6.62,56.72,83.88,0,79.64,Average
S102536,8.27,81.36,54.28,1,54.55,Average
S102537,8.19,79.14,85.13,2,60.43,Average
S102538,5.38,46.63,65.66,1,60.15,Average
S102539,7.07,64.24,83.81,1,66.3,Excellent
S102540,6.08,54.3,65.31,1,57.6,Average
S102541,5.36,48.06,78.89,0,88.95,At_Risk
S102542,6.72,62.53,57.21,4,48.06,At_Risk
S102543,6.6,61.62,73.5,3,79.67,Average
S102544,10.0,92.4,76.48,0,64.41,Good
S102545,7.56,68.81,43.83,3,66.75,At_Risk
S102546,5.21,48.57,89.28,0,72.52,At_Risk
S102547,6.27,60.2,49.11,1,75.86,Average
S102548,8.33,77.85,82.08,3,74.14,At_Risk
S102549,9.71,97.0,61.58,1,73.39,Average
S102550,4.94,48.95,77.99,0,93.26,Average
S102551,4.56,36.92,73.53,0,43.62,At_Risk
S102552,9.43,91.7,63.5,2,93.55,At_Risk
S102553,7.51,73.73,56.49,1,62.71,Average
S102554,5.87,54.04,64.81,1,75.65,At_Risk
S102555,7.7,67.12,61.75,0,67.09,Average
S102556,3.57,35.0,72.79,2,77.76,At_Risk
S102557,7.0,66.51,69.11,1,44.59,At_Risk
S102558,7.43,66.06,57.66,3,90.12,At_Risk
S102559,8.2,72.11,52.04,1,71.36,Good
S102560,5.68,53.63,62.63,1,42.25,At_Risk
S102561,7.11,66.63,66.95,2,88.86,At_Risk
S102562,5.8,53.4,58.21,7,64.02,At_Risk
S102563,7.33,69.32,72.94,4,99.77,At_Risk
S102564,5.84,51.03,65.12,1,44.3,At_Risk
S102565,6.47,60.0,80.78,1,85.95,Average
S102566,5.71,56.33,72.86,1,73.31,At_Risk
S102567,7.85,73.14,75.75,1,64.05,Average
S102568,8.12,70.41,60.57,1,87.68,Average
S102569,6.69,61.71,84.68,0,56.36,Average
S102570,7.05,62.69,71.33,2,55.68,Average
S102571,5.12,49.68,85.12,2,90.83,At_Risk
S102572,6.61,64.07,79.38,3,55.83,At_Risk
S102573,6.93,59.24,65.34,0,72.34,Average
S102574,10.0,98.04,60.13,2,77.37,Average
S102575,5.55,48.32,69.33,3,71.97,At_Risk
S102576,8.9,90.82,64.28,2,90.22,Good
S102577,8.3,78.62,58.84,1,96.75,Good
S102578,7.36,64.98,54.24,0,57.58,Average
S102579,9.29,83.65,93.02,3,61.96,Average
S102580,7.48,72.49,50.4,3,56.52,Average
S102581,7.51,69.74,42.98,1,49.6,Average
S102582,6.93,65.46,73.01,3,79.27,Average
S102583,8.59,88.06,58.61,3,53.68,Average
S102584,8.43,77.24,64.13,1,98.16,Average
S102585,6.19,59.0,50.19,1,68.5,At_Risk
S102586,5.28,55.89,73.29,3,78.18,At_Risk
S102587,6.74,65.08,71.68,1,69.15,Good
S102588,5.96,50.19,80.36,2,56.03,At_Risk
S102589,6.92,67.7,75.17,2,78.97,Average
S102590,8.61,77.13,64.24,3,78.77,Average
S102591,6.41,66.48,47.05,2,87.39,At_Risk
S102592,6.94,62.68,57.64,0,45.84,Average
S102593,7.08,79.09,56.95,2,60.13,Average
S102594,8.1,82.85,53.67,3,72.27,Average
S102595,4.08,35.56,84.83,0,89.87,At_Risk
S102596,6.21,59.09,86.08,1,81.83,Good
S102597,7.27,72.12,61.33,0,55.23,At_Risk
S102598,8.56,84.46,78.52,0,65.57,Average
S102599,6.36,62.19,71.37,1,62.75,At_Risk
S102600,4.56,48.33,60.41,1,55.6,At_Risk
S102601,7.81,73.66,69.24,1,74.81,Average
S102602,6.17,57.19,42.48,2,48.64,At_Risk
S102603,5.45,50.42,47.56,1,58.07,At_Risk
S102604,6.19,62.0,73.5,1,91.73,Average
S102605,6.76,65.7,80.25,2,82.46,Average
S102606,6.21,60.2,79.77,1,46.7,At_Risk
S102607,4.13,42.0,54.31,2,82.7,At_Risk
S102608,8.17,69.37,79.47,1,92.24,At_Risk
S102609,8.66,83.48,76.61,1,65.09,Average
S102610,7.85,75.42,73.96,1,57.05,At_Risk
S102611,5.52,59.12,66.17,1,95.9,At_Risk
S102612,6.74,57.9,61.19,2,83.82,At_Risk
S102613,6.99,72.65,77.55,0,75.27,Good
S102614,7.78,74.2,78.37,1,66.67,Average
S102615,7.87,76.71,65.29,4,72.59,Average
S102616,6.05,64.14,73.57,0,70.08,Average
S102617,7.11,69.76,74.03,2,70.04,Average
S102618,7.59,73.75,66.66,1,65.31,At_Risk
S102619,8.89,85.45,58.98,0,66.71,Average
S102620,7.92,73.27,68.91,2,66.76,Average
S102621,8.03,76.13,79.25,2,95.92,Excellent
S102622,7.11,64.67,56.73,0,75.99,Average
S102623,8.83,83.74,83.06,1,73.29,Average
S102624,7.53,62.22,58.44,1,80.73,Average
S102625,5.88,57.58,91.63,1,72.77,Average
S102626,8.82,83.34,78.39,2,88.21,Average
S102627,7.91,73.77,62.26,2,59.82,Average
S102628,6.42,61.91,50.4,3,73.14,Average
S102629,6.38,54.84,60.86,2,54.55,Average
S102630,7.39,77.88,64.03,0,63.58,At_Risk
S102631,7.6,71.81,63.71,1,54.74,At_Risk
S102632,7.26,68.35,59.26,2,49.54,Average
S102633,7.4,66.48,68.44,0,85.11,Average
S102634,9.21,87.59,66.83,1,77.8,Average
S102635,8.39,85.28,57.75,1,79.0,Average
S102636,7.25,73.0,81.74,0,80.03,Average
S102637,8.22,81.54,82.6,4,87.29,Good
S102638,5.66,55.93,68.19,3,90.7,Average
S102639,7.52,69.98,80.31,2,76.58,Average
S102640,9.35,83.04,76.34,3,58.7,Average
S102641,6.72,63.0,60.18,1,39.36,At_Risk
S102642,5.9,55.09,73.64,0,68.86,Average
S102643,6.15,62.64,56.55,1,89.18,At_Risk
S102644,5.58,54.28,55.79,2,78.41,Average
S102645,5.98,63.26,75.92,3,53.74,At_Risk
S102646,6.52,66.71,74.67,0,74.72,At_Risk
S102647,5.17,47.32,73.86,1,76.61,At_Risk
S102648,7.02,59.51,69.84,1,65.79,Average
S102649,8.17,83.19,45.73,1,54.29,Average
S102650,5.82,60.73,48.52,0,62.33,At_Risk
S102651,8.98,79.8,72.87,3,74.52,At_Risk
S102652,7.66,78.85,77.56,2,63.45,Average
S102653,8.34,80.76,58.75,3,59.16,Average
S102654,6.14,59.02,90.05,2,49.79,At_Risk
S102655,8.11,83.51,59.69,0,91.57,Average
S102656,5.58,58.39,83.42,1,71.16,Average
S102657,8.16,80.1,46.42,1,74.21,Good
S102658,7.22,70.52,57.15,1,90.79,Average
S102659,7.72,75.8,72.51,5,47.49,At_Risk
S102660,5.47,50.0,63.88,2,57.32,At_Risk
S102661,5.84,55.23,78.74,3,82.73,At_Risk
S102662,7.78,70.27,71.42,3,49.82,Average
S102663,5.77,53.46,86.76,0,86.97,At_Risk
S102664,7.6,70.75,61.51,2,76.36,At_Risk
S102665,5.22,47.07,53.78,1,53.88,At_Risk
S102666,8.1,77.52,65.07,1,55.5,At_Risk
S102667,5.4,49.98,62.69,2,53.09,At_Risk
S102668,7.72,75.33,59.28,4,43.26,At_Risk
S102669,7.81,67.74,56.71,1,87.38,Average
S102670,6.09,57.44,49.37,0,71.47,Average
S102671,7.76,74.21,84.81,0,75.02,At_Risk
S102672,7.34,68.47,48.7,1,66.4,At_Risk
S102673,6.3,59.16,66.91,0,59.86,Average
S102674,5.69,47.7,69.68,2,58.61,At_Risk
S102675,4.45,43.69,72.66,2,82.62,At_Risk
S102676,7.45,73.41,67.4,2,90.68,Average
S102677,4.97,49.15,49.32,0,81.57,At_Risk
S102678,7.12,71.83,57.7,3,59.21,At_Risk
S102679,6.66,64.05,67.3,2,75.28,Average
S102680,7.88,76.8,67.9,1,69.94,At_Risk
S102681,6.61,63.39,52.42,1,54.38,At_Risk
S102682,6.57,65.18,76.16,0,63.85,Good
S102683,7.95,69.23,56.27,3,47.03,At_Risk
S102684,7.44,67.06,89.75,1,75.98,Average
S102685,7.41,76.75,42.95,1,71.09,At_Risk
S102686,7.61,62.45,74.93,1,88.62,Average
S102687,5.0,46.97,69.83,0,87.33,At_Risk
S102688,7.98,80.54,65.7,2,77.38,At_Risk
S102689,7.8,73.69,76.03,1,71.65,Average
S102690,5.68,52.32,58.55,3,70.92,At_Risk
S102691,6.68,64.0,63.81,0,87.39,Average
S102692,6.95,64.6,53.81,3,54.38,At_Risk
S102693,6.83,64.96,85.36,0,82.49,Average
S102694,7.43,68.0,60.95,1,73.4,At_Risk
S102695,8.86,88.61,60.5,0,86.85,Good
S102696,8.41,85.55,85.0,2,85.76,Average
S102697,5.29,50.0,45.79,1,76.19,At_Risk
S102698,7.81,68.64,89.5,2,65.91,Average
S102699,8.73,80.82,66.64,3,91.72,Good
S102700,7.5,70.54,81.18,2,93.09,Good
S102701,8.42,82.0,74.74,3,80.2,Average
S102702,9.62,87.32,42.65,0,94.62,Average
S102703,8.33,76.07,76.7,3,61.18,At_Risk
S102704,7.32,71.62,54.09,0,51.77,At_Risk
S102705,8.36,83.16,64.82,0,49.43,Average
S102706,7.19,65.8,90.06,2,67.76,At_Risk
S102707,7.03,61.46,60.69,2,44.56,At_Risk
S102708,6.54,75.3,82.55,1,71.88,Average
S102709,9.03,88.94,55.47,1,98.43,Good
S102710,5.94,55.0,87.14,3,94.56,At_Risk
S102711,8.99,88.9,66.46,0,52.89,Average
S102712,7.65,72.2,73.73,2,51.13,Average
S102713,5.18,52.69,66.76,2,94.22,At_Risk
S102714,7.48,71.68,68.31,0,55.81,Average
S102715,4.27,40.93,50.38,0,82.73,At_Risk
S102716,7.81,73.77,61.36,1,78.81,At_Risk
S102717,8.15,71.64,58.58,1,54.7,Average
S102718,6.23,66.94,50.99,4,77.41,At_Risk
S102719,7.16,64.26,69.01,1,55.58,At_Risk
S102720,9.54,85.19,86.23,3,62.24,Good
S102721,6.34,59.4,56.41,2,47.18,At_Risk
S102722,5.62,49.58,89.76,2,74.4,Average
S102723,8.93,84.59,66.19,3,66.85,Average
S102724,9.55,93.49,62.11,1,70.93,Good
S102725,7.0,70.53,64.5,1,44.61,At_Risk
S102726,8.31,82.2,97.21,1,83.96,Good
S102727,8.74,81.84,72.86,4,50.89,Average
S102728,6.03,57.53,72.89,1,62.64,At_Risk
S102729,6.37,62.14,75.96,1,56.14,Average
S102730,8.6,74.67,50.86,0,76.28,Average
S102731,9.19,89.59,82.34,2,66.46,Average
S102732,7.73,67.62,57.22,3,74.25,Average
S102733,5.86,63.8,55.65,1,63.39,At_Risk
S102734,9.58,89.42,61.94,2,86.95,Excellent
S102735,6.31,59.2,64.86,0,79.87,Average
S102736,6.56,59.28,68.02,1,55.44,At_Risk
S102737,7.45,68.21,64.02,2,64.5,At_Risk
S102738,9.02,94.79,60.84,2,90.27,Good
S102739,8.11,80.81,59.47,2,60.34,At_Risk
S102740,7.54,65.4,68.47,0,43.55,Average
S102741,7.6,78.24,45.05,0,66.03,At_Risk
S102742,7.06,71.81,68.33,2,47.48,At_Risk
S102743,7.73,72.27,84.54,0,90.59,At_Risk
S102744,3.71,36.49,72.01,0,95.87,At_Risk
S102745,6.61,62.78,77.63,3,86.68,At_Risk
S102746,7.31,77.37,85.93,4,59.5,Average
S102747,5.5,49.1,76.13,1,62.77,At_Risk
S102748,7.5,71.86,60.46,0,64.03,At_Risk
S102749,6.73,62.26,61.54,2,47.14,At_Risk
S102750,9.28,82.45,69.47,3,61.12,Average
S102751,9.04,94.69,51.98,1,54.05,Average
S102752,6.39,56.0,100.0,1,61.63,At_Risk
S102753,6.8,65.52,68.07,1,78.11,Average
S102754,6.9,58.62,87.49,1,80.06,Good
S102755,6.41,59.33,65.86,2,48.98,At_Risk
S102756,7.25,70.6,68.92,2,75.66,Average
S102757,6.01,53.84,67.41,2,79.87,At_Risk
S102758,5.53,54.88,84.59,3,52.75,At_Risk
S102759,7.81,73.11,100.0,1,55.21,Average
S102760,7.82,78.9,49.0,0,69.55,Average
S102761,5.95,62.0,64.84,1,55.69,At_Risk
S102762,8.16,75.21,73.52,2,87.87,Good
S102763,6.18,59.01,45.31,0,78.45,Average
S102764,7.33,70.4,59.82,5,89.32,At_Risk
S102765,8.07,79.11,73.51,0,71.22,Average
S102766,6.96,66.14,61.58,2,46.27,Average
S102767,7.59,72.88,68.31,1,77.69,At_Risk
S102768,6.33,59.15,74.5,3,77.13,At_Risk
S102769,6.74,65.0,61.22,1,47.68,At_Risk
S102770,6.73,69.15,55.55,4,75.36,Average
S102771,6.03,59.86,55.18,0,58.46,At_Risk
S102772,6.77,67.12,38.87,0,52.82,At_Risk
S102773,4.99,50.27,75.02,1,52.18,Average
S102774,6.36,59.82,65.88,3,67.9,At_Risk
S102775,6.63,64.26,83.73,1,67.43,At_Risk
S102776,6.67,59.0,76.38,0,76.79,Average
S102777,6.69,68.59,69.0,3,69.77,At_Risk
S102778,6.92,54.6,72.65,2,58.82,At_Risk
S102779,7.62,72.0,45.49,1,57.52,Good
S102780,8.14,81.86,72.68,3,64.27,Average
S102781,6.16,53.02,65.3,2,84.55,At_Risk
S102782,5.44,53.24,58.66,1,74.52,At_Risk
S102783,5.65,50.91,62.47,3,65.13,At_Risk
S102784,6.37,59.01,76.63,2,60.16,Average
S102785,6.54,65.94,60.6,0,55.49,At_Risk
S102786,6.0,57.78,64.86,1,57.0,At_Risk
S102787,5.32,42.36,75.44,2,62.9,At_Risk
S102788,6.41,56.96,64.68,2,63.95,At_Risk
S102789,7.24,72.64,70.31,0,92.77,Average
S102790,7.77,75.64,66.63,3,76.76,Average
S102791,6.28,66.61,82.37,2,40.15,At_Risk
S102792,6.46,68.13,70.23,2,88.76,At_Risk
S102793,5.8,53.69,46.69,3,52.63,At_Risk
S102794,6.96,76.0,78.35,2,68.57,Good
S102795,5.9,56.12,59.56,1,80.71,At_Risk
S102796,7.75,69.73,61.31,0,59.22,Average
S102797,4.68,41.91,65.21,2,41.25,At_Risk
S102798,6.53,53.03,96.64,1,72.38,At_Risk
S102799,7.39,76.7,74.81,2,63.36,Average
S102800,7.24,75.15,92.96,0,93.55,Good
S102801,10.0,90.94,68.77,2,54.66,Average
S102802,7.45,69.91,77.54,0,86.84,Average
S102803,5.69,54.48,91.3,2,43.4,At_Risk
S102804,6.88,61.48,78.67,4,92.44,Average
S102805,4.69,37.54,73.36,1,74.39,Average
S102806,6.9,64.66,50.2,4,88.82,At_Risk
S102807,5.92,54.93,54.82,2,79.13,At_Risk
S102808,8.19,76.25,71.87,0,96.26,Average
S102809,6.29,60.6,81.16,0,57.44,Average
S102810,6.85,70.78,66.24,0,68.6,Average
S102811,6.17,57.44,76.77,2,91.64,At_Risk
S102812,9.26,88.66,57.01,2,71.95,At_Risk
S102813,6.58,65.44,59.74,3,52.93,At_Risk
S102814,9.38,91.35,74.25,1,81.51,Good
S102815,8.06,74.0,68.76,3,80.58,At_Risk
S102816,7.63,72.84,63.06,1,55.72,Average
S102817,7.48,73.2,61.07,0,77.78,Average
S102818,7.51,66.85,48.49,3,58.12,Average
S102819,4.49,47.75,67.7,1,73.19,At_Risk
S102820,6.64,68.78,49.05,0,78.74,Average
S102821,8.1,74.0,63.99,0,89.77,Average
S102822,6.94,66.67,65.81,0,64.24,Average
S102823,5.17,51.72,86.58,1,60.05,At_Risk
S102824,6.93,63.67,54.33,3,94.78,At_Risk
S102825,9.22,89.47,74.23,3,76.16,Average
S102826,8.62,83.0,70.25,2,62.45,At_Risk
S102827,6.92,59.86,54.28,1,63.26,At_Risk
S102828,8.24,80.09,68.81,1,83.37,Average
S102829,6.52,57.6,50.79,1,75.58,Average
S102830,4.78,49.21,68.8,0,51.26,At_Risk
S102831,5.8,52.4,65.17,1,64.62,At_Risk
S102832,9.03,85.16,79.54,3,51.13,Average
S102833,6.64,69.0,58.72,4,74.19,At_Risk
S102834,6.68,65.48,39.11,2,76.24,At_Risk
S102835,6.61,58.48,60.49,0,87.58,At_Risk
S102836,9.48,85.96,76.09,3,62.1,Average
S102837,9.11,84.18,69.92,2,86.66,Average
S102838,9.88,95.48,60.55,2,78.2,Excellent
S102839,6.79,65.97,83.73,1,75.71,At_Risk
S102840,7.38,66.78,64.36,1,78.22,Average
S102841,5.03,43.1,78.19,3,75.93,At_Risk
S102842,8.92,85.87,68.31,4,52.28,Good
S102843,5.48,51.35,76.74,1,53.04,Average
S102844,7.28,77.81,78.0,0,86.86,Good
S102845,5.57,53.0,85.42,2,92.63,At_Risk
S102846,6.23,66.48,57.85,2,54.29,Average
S102847,5.91,51.48,75.42,2,66.62,At_Risk
S102848,6.21,52.7,51.99,1,59.4,At_Risk
S102849,6.3,55.36,75.27,2,73.0,At_Risk
S102850,6.29,64.49,46.07,3,51.74,Average
S102851,8.08,83.82,93.05,2,67.68,Good
S102852,5.56,49.73,72.33,2,62.46,Average
S102853,7.29,67.38,70.93,1,77.18,Average
S102854,8.58,76.87,46.62,3,62.72,Average
S102855,6.33,52.92,81.15,3,89.93,At_Risk
S102856,6.07,60.51,84.2,4,50.74,At_Risk
S102857,6.7,65.0,65.03,0,57.53,Average
S102858,8.53,81.11,62.33,1,80.35,Good
S102859,7.25,63.3,63.11,1,64.82,Average
S102860,6.31,66.5,90.45,0,57.12,Average
S102861,7.63,70.46,66.73,1,86.2,At_Risk
S102862,5.57,55.02,70.15,4,49.9,At_Risk
S102863,7.89,69.1,80.35,6,43.46,At_Risk
S102864,7.53,70.78,36.3,5,77.76,At_Risk
S102865,6.6,63.86,66.94,3,80.75,At_Risk
S102866,5.91,57.45,64.33,3,67.04,At_Risk
S102867,5.85,56.0,69.97,2,39.64,At_Risk
S102868,7.7,75.08,78.49,1,79.02,Average
S102869,8.6,77.16,80.67,2,78.48,Average
S102870,6.17,59.42,64.94,0,100.0,At_Risk
S102871,7.6,72.62,66.12,1,54.77,Average
S102872,4.29,41.65,68.32,1,57.65,At_Risk
S102873,6.24,59.57,77.85,0,89.67,Average
S102874,6.96,61.02,82.92,1,63.53,At_Risk
S102875,5.82,50.0,49.73,4,79.17,At_Risk
S102876,5.78,46.08,72.88,2,81.5,At_Risk
S102877,6.13,61.52,65.4,2,65.2,Average
S102878,7.38,73.42,94.64,1,62.62,Average
S102879,6.76,67.6,53.67,2,84.76,At_Risk
S102880,4.09,40.09,52.92,1,60.38,At_Risk
S102881,4.24,35.0,60.28,1,55.25,At_Risk
S102882,6.21,54.9,75.71,3,61.48,Average
S102883,7.59,72.83,75.85,3,69.77,At_Risk
S102884,3.5,35.0,60.88,0,57.34,At_Risk
S102885,6.35,59.4,81.22,2,58.98,Average
S102886,6.32,61.48,62.34,2,83.73,At_Risk
S102887,8.8,83.69,79.07,1,67.77,Average
S102888,6.5,62.23,49.89,0,96.57,At_Risk
S102889,7.5,68.67,55.46,1,55.74,Average
S102890,7.18,72.0,62.61,1,70.08,Average
S102891,4.23,38.46,67.21,2,59.04,At_Risk
S102892,8.0,70.66,57.1,1,70.41,At_Risk
S102893,7.28,66.08,56.89,2,52.67,Average
S102894,7.66,71.38,73.87,0,74.67,Average
S102895,10.0,98.98,78.63,3,82.77,At_Risk
S102896,4.29,40.59,57.9,2,84.62,At_Risk
S102897,9.24,87.06,50.56,1,68.62,Good
S102898,6.63,57.96,69.26,1,66.08,At_Risk
S102899,7.37,73.19,74.04,1,81.43,Good
S102900,6.94,63.33,54.35,1,55.65,At_Risk
S102901,6.45,60.86,89.77,2,93.08,Average
S102902,6.26,65.38,56.59,0,96.9,At_Risk
S102903,7.43,73.0,64.56,1,56.68,Average
S102904,5.03,41.2,64.76,1,90.98,Average
S102905,7.98,68.69,57.43,4,62.1,At_Risk
S102906,6.46,61.1,91.59,3,95.06,Average
S102907,5.53,48.0,55.86,1,65.6,At_Risk
S102908,6.41,63.54,90.58,1,81.72,Good
S102909,8.63,82.19,64.09,2,93.05,At_Risk
S102910,6.3,60.55,64.11,0,94.04,Average
S102911,7.47,68.1,59.57,0,43.59,Average
S102912,6.05,64.44,76.86,4,46.98,At_Risk
S102913,7.99,87.23,93.78,1,52.27,Average
S102914,7.89,73.85,60.66,3,81.96,At_Risk
S102915,9.4,90.74,64.08,1,94.17,Average
S102916,6.77,64.72,87.01,0,81.87,Average
S102917,7.87,73.72,53.47,3,70.45,At_Risk
S102918,7.13,64.38,57.84,1,88.34,Average
S102919,8.68,78.16,85.8,2,80.87,Good
S102920,6.07,53.08,73.48,1,93.45,At_Risk
S102921,7.97,77.32,56.76,1,51.54,Average
S102922,6.75,62.02,76.08,2,64.61,At_Risk
S102923,6.92,55.39,47.97,2,90.59,At_Risk
S102924,7.12,69.41,82.11,1,67.67,Good
S102925,7.33,69.46,42.42,0,63.85,Average
S102926,6.85,70.45,54.72,1,81.65,Average
S102927,7.28,70.64,72.87,1,56.23,At_Risk
S102928,9.05,80.0,51.59,1,85.4,Average
S102929,8.28,69.75,68.14,2,54.95,Average
S102930,8.13,74.36,75.36,1,88.41,Average
S102931,6.41,58.37,58.4,0,60.53,Average
S102932,5.84,59.29,66.45,1,67.26,Average
S102933,8.24,78.26,78.9,3,81.1,Average
S102934,8.14,81.85,73.83,0,75.6,Average
S102935,8.91,79.39,87.73,1,68.45,Average
S102936,6.21,62.9,57.09,2,86.21,At_Risk
S102937,6.7,66.5,55.05,1,49.04,Average
S102938,4.87,38.18,85.11,3,60.6,At_Risk
S102939,6.49,66.94,72.94,1,72.39,At_Risk
S102940,8.3,79.18,64.72,1,86.07,At_Risk
S102941,6.39,62.31,60.41,1,79.37,At_Risk
S102942,7.83,70.95,78.58,1,55.19,Average
S102943,6.75,69.25,62.98,4,61.54,At_Risk
S102944,7.42,65.76,78.13,2,79.84,Good
S102945,5.51,55.65,84.47,2,93.47,At_Risk
S102946,7.11,70.83,69.35,1,62.66,Good
S102947,3.5,35.0,50.35,1,74.36,At_Risk
S102948,6.76,72.13,75.39,0,54.68,Average
S102949,4.88,47.29,82.4,1,49.24,At_Risk
S102950,8.57,84.01,83.6,3,41.62,Average
S102951,8.01,69.99,70.14,1,75.3,Good
S102952,7.61,80.73,45.69,0,82.56,Average
S102953,8.98,80.4,62.09,2,54.96,Average
S102954,5.77,58.88,61.54,3,73.62,At_Risk
S102955,9.27,84.1,79.1,3,87.0,Excellent
S102956,8.21,75.54,73.36,0,56.72,Good
S102957,6.69,66.73,79.69,2,53.63,At_Risk
S102958,8.48,84.64,59.15,2,88.15,Average
S102959,5.56,47.75,70.77,0,87.67,At_Risk
S102960,5.93,60.68,38.18,1,89.95,At_Risk
S102961,6.21,63.16,62.68,1,72.92,At_Risk
S102962,6.31,56.22,48.71,1,72.03,Average
S102963,5.63,59.85,90.61,0,57.47,Average
S102964,8.59,75.78,74.07,1,68.83,Good
S102965,6.66,60.8,73.54,0,48.82,Average
S102966,7.46,72.77,52.08,4,84.83,At_Risk
S102967,6.26,56.0,66.32,3,63.85,At_Risk
S102968,4.63,45.07,76.58,0,94.13,At_Risk
S102969,7.35,70.8,56.67,1,57.66,Average
S102970,4.51,42.14,62.06,5,80.5,At_Risk
S102971,6.91,68.98,82.38,1,64.45,At_Risk
S102972,5.22,48.69,54.06,1,45.67,At_Risk
S102973,9.58,91.97,62.39,1,50.93,Average
S102974,8.18,82.34,57.37,2,92.93,Good
S102975,7.14,70.97,72.41,2,52.26,Average
S102976,8.64,85.25,78.08,2,78.73,Good
S102977,5.9,51.45,88.88,0,57.78,At_Risk
S102978,7.71,75.3,73.14,1,87.77,Average
S102979,7.26,65.45,84.22,1,83.34,Average
S102980,7.34,65.0,72.77,2,61.09,At_Risk
S102981,8.65,82.0,50.23,1,53.97,Good
S102982,7.95,71.93,68.52,1,91.25,Good
S102983,7.38,73.23,68.72,2,54.41,Average
S102984,4.85,49.32,81.86,0,64.71,Average
S102985,5.75,47.03,66.77,1,70.29,At_Risk
S102986,6.84,61.67,63.17,0,53.75,Average
S102987,7.12,61.81,56.93,0,54.29,At_Risk
S102988,5.53,50.69,64.6,0,73.24,At_Risk
S102989,10.0,96.82,66.84,3,55.54,At_Risk
S102990,8.97,84.26,75.75,1,49.35,Average
S102991,7.78,71.58,57.4,2,90.53,At_Risk
S102992,7.09,72.59,98.42,3,68.57,At_Risk
S102993,6.72,54.66,56.24,1,62.02,At_Risk
S102994,5.76,59.69,51.37,1,76.31,At_Risk
S102995,7.1,65.28,74.63,1,78.39,At_Risk
S102996,7.34,69.37,51.38,1,85.7,Average
S102997,5.39,49.05,68.33,1,46.31,At_Risk
S102998,7.43,76.8,59.0,4,45.82,At_Risk
S102999,6.8,60.0,76.48,3,81.37,At_Risk
S103000,4.52,42.99,70.01,3,62.21,At_Risk
S103001,5.88,57.98,82.85,1,69.42,Average
S103002,6.46,54.95,73.51,3,54.11,At_Risk
S103003,9.45,86.0,68.62,2,57.49,Good
S103004,7.72,72.78,70.66,3,54.94,At_Risk
S103005,5.26,46.0,55.41,2,87.45,At_Risk
S103006,7.63,69.24,58.91,0,87.77,Average
S103007,4.99,45.99,70.85,0,54.72,At_Risk
S103008,8.41,82.47,75.73,4,69.76,At_Risk
S103009,6.39,59.31,63.77,0,45.48,Average
S103010,6.88,69.7,65.23,0,68.76,At_Risk
S103011,8.72,78.88,62.88,3,80.97,Average
S103012,5.33,45.6,72.89,2,76.15,At_Risk
S103013,5.18,56.95,68.05,3,50.48,At_Risk
S103014,6.24,56.66,76.05,2,85.69,Average
S103015,8.35,74.08,59.97,3,75.31,Average
S103016,5.02,40.77,67.29,5,73.92,At_Risk
S103017,3.5,37.55,87.64,1,56.03,At_Risk
S103018,6.41,59.56,94.48,3,43.6,At_Risk
S103019,7.72,72.3,64.94,0,64.22,Average
S103020,8.56,81.0,85.1,1,89.47,Average
S103021,6.4,64.83,84.48,0,41.68,Average
S103022,6.47,60.7,78.66,1,66.93,At_Risk
S103023,8.5,90.1,44.91,1,73.27,Average
S103024,4.57,43.94,49.54,1,74.0,At_Risk
S103025,6.49,66.0,61.42,0,79.71,At_Risk
S103026,7.25,72.0,61.51,4,92.88,At_Risk
S103027,7.58,71.9,56.13,5,53.14,Good
S103028,6.34,57.86,75.23,3,78.17,At_Risk
S103029,7.04,68.25,75.95,3,74.96,At_Risk
S103030,3.77,37.81,91.29,2,80.23,At_Risk
S103031,6.14,56.08,60.11,2,95.69,At_Risk
S103032,7.59,72.77,59.54,1,58.42,At_Risk
S103033,5.72,59.31,70.43,0,85.41,At_Risk
S103034,7.08,75.51,51.26,0,78.14,At_Risk
S103035,7.58,75.44,92.31,3,90.18,Average
S103036,6.55,69.72,63.35,3,69.28,At_Risk
S103037,7.22,66.0,66.97,4,60.12,At_Risk
S103038,5.75,57.42,69.77,0,89.54,Average
S103039,6.73,69.3,66.08,0,88.39,Average
S103040,7.79,70.0,64.42,0,64.05,Average
S103041,7.2,66.5,98.62,2,78.97,Average
S103042,6.24,66.2,69.12,0,56.6,At_Risk
S103043,7.29,65.37,74.27,3,73.14,At_Risk
S103044,7.93,69.96,61.58,3,62.61,At_Risk
S103045,4.34,47.3,76.0,1,58.64,At_Risk
S103046,8.51,85.6,68.41,2,96.87,Average
S103047,6.56,64.08,71.24,4,53.97,At_Risk
S103048,7.55,71.57,74.21,2,52.34,Average
S103049,8.56,79.53,79.47,3,91.2,Average
S103050,5.22,50.69,77.1,4,87.18,Average
S103051,6.08,64.06,67.7,1,79.34,At_Risk
S103052,6.62,63.9,68.08,1,48.15,Average
S103053,5.98,65.49,53.54,2,66.87,Average
S103054,9.26,84.0,65.73,2,68.78,Average
S103055,5.89,55.84,69.4,4,54.31,Average
S103056,6.28,58.1,79.92,1,64.95,Average
S103057,7.27,64.68,37.22,2,87.92,At_Risk
S103058,5.44,51.04,72.02,0,51.45,At_Risk
S103059,6.49,63.28,57.95,3,50.44,At_Risk
S103060,7.41,73.0,78.09,0,77.5,Average
S103061,6.57,71.1,85.28,1,91.54,Average
S103062,6.88,67.2,67.37,2,54.76,At_Risk
S103063,6.31,64.56,86.65,2,91.45,Average
S103064,5.03,48.06,79.28,1,65.18,At_Risk
S103065,7.42,77.18,69.81,1,93.53,Average
S103066,9.28,97.77,47.16,1,63.36,Good
S103067,7.02,68.85,73.0,0,70.62,Average
S103068,7.29,65.31,57.23,0,49.82,At_Risk
S103069,7.9,72.86,30.83,2,63.1,At_Risk
S103070,5.35,51.95,53.7,2,56.05,At_Risk
S103071,9.21,89.35,85.53,4,91.25,Average
S103072,7.26,71.79,69.68,1,56.28,Average
S103073,9.12,88.49,83.96,3,55.95,Good
S103074,6.05,57.47,88.47,1,62.93,At_Risk
S103075,9.36,86.41,71.6,3,89.39,Good
S103076,8.01,77.68,60.5,1,63.74,At_Risk
S103077,7.72,80.75,54.29,2,67.44,Average
S103078,7.3,73.47,67.18,2,84.96,Average
S103079,6.68,65.57,56.4,3,86.02,At_Risk
S103080,8.56,85.44,53.27,0,49.7,Average
S103081,7.18,66.75,59.6,4,86.32,Average
S103082,4.44,40.0,64.52,1,91.19,Average
S103083,5.55,49.71,64.87,2,76.5,At_Risk
S103084,6.76,63.7,66.84,3,77.06,At_Risk
S103085,7.4,68.6,73.53,2,69.5,At_Risk
S103086,6.93,70.63,65.65,0,59.69,At_Risk
S103087,8.58,79.65,77.8,0,47.36,Excellent
S103088,4.46,39.19,77.28,2,62.32,At_Risk
S103089,7.19,76.04,80.99,3,49.51,At_Risk
S103090,4.64,42.2,66.47,2,87.04,At_Risk
S103091,7.99,76.5,51.88,3,97.03,Average
S103092,6.88,67.14,64.87,1,67.52,Average
S103093,7.55,67.14,55.41,2,80.32,Average
S103094,5.88,60.77,78.36,0,60.17,Average
S103095,8.66,84.85,48.79,1,50.1,Average
S103096,8.35,85.6,72.43,1,62.67,Average
S103097,7.76,70.99,70.62,1,63.65,Average
S103098,6.83,65.3,77.53,1,69.81,Average
S103099,7.75,74.0,71.54,3,58.44,At_Risk
S103100,6.08,58.83,67.39,1,65.2,Average
S103101,8.11,71.25,53.79,1,75.31,At_Risk
S103102,9.14,87.31,90.18,3,64.54,Average
S103103,8.39,74.02,67.33,1,95.11,Average
S103104,6.05,58.92,63.43,0,57.89,At_Risk
S103105,7.47,62.45,69.5,2,70.56,At_Risk
S103106,5.32,43.12,82.68,1,88.97,Average
S103107,7.74,76.84,64.73,2,80.68,Good
S103108,7.59,69.88,82.96,3,58.5,Average
S103109,4.57,39.46,70.67,3,96.99,At_Risk
S103110,5.49,57.24,77.55,2,46.06,Average
S103111,6.63,64.31,71.35,2,54.09,Average
S103112,6.61,66.27,76.76,1,87.62,Good
S103113,5.43,50.9,79.4,2,53.89,At_Risk
S103114,7.51,82.02,73.63,2,54.84,Average
S103115,7.33,67.19,88.74,1,69.97,Average
S103116,6.75,71.08,66.49,0,58.07,At_Risk
S103117,6.02,56.92,83.39,2,96.76,At_Risk
S103118,8.36,72.83,59.92,2,63.34,Average
S103119,9.15,88.88,73.28,3,65.31,Good
S103120,6.37,61.8,57.23,3,55.99,At_Risk
S103121,6.2,55.0,57.44,0,64.03,Average
S103122,7.64,68.88,85.09,1,74.52,Average
S103123,6.53,61.98,95.15,4,63.56,At_Risk
S103124,6.82,66.18,65.9,1,46.98,Average
S103125,7.96,65.75,54.92,1,83.9,At_Risk
S103126,4.52,47.13,67.86,3,66.57,At_Risk
S103127,8.71,81.0,57.98,0,58.85,Average
S103128,7.09,62.07,84.87,4,59.93,Average
S103129,6.47,65.0,75.84,2,48.28,Average
S103130,6.88,65.3,75.57,2,59.42,Average
S103131,6.95,70.9,66.52,1,71.35,At_Risk
S103132,4.75,46.87,58.66,1,65.03,At_Risk
S103133,8.94,84.96,81.73,2,74.89,Average
S103134,7.05,66.4,66.57,2,56.95,At_Risk
S103135,7.58,73.9,54.53,5,86.33,Average
S103136,8.24,76.6,88.17,1,47.05,Good
S103137,5.67,50.48,100.0,1,68.11,Average
S103138,7.62,74.79,70.04,3,90.46,At_Risk
S103139,6.65,62.62,72.63,1,60.38,At_Risk
S103140,8.1,77.09,91.56,3,69.52,Average
S103141,4.23,44.59,64.13,1,86.9,At_Risk
S103142,6.87,65.0,82.63,1,98.86,At_Risk
S103143,6.22,59.12,60.56,2,82.94,At_Risk
S103144,7.56,69.44,74.25,0,62.31,Average
S103145,7.61,74.0,55.46,0,69.86,Average
S103146,6.08,59.2,64.68,1,91.3,Average
S103147,6.07,61.0,46.45,0,76.78,At_Risk
S103148,6.86,62.8,74.39,0,62.71,Average
S103149,5.83,53.6,73.2,1,70.67,Average
S103150,8.09,80.07,54.73,3,63.09,Average
S103151,6.52,62.95,96.54,2,93.43,Average
S103152,3.5,35.0,68.99,2,89.03,At_Risk
S103153,6.51,67.1,66.17,1,55.16,Average
S103154,5.65,46.88,55.29,1,94.59,At_Risk
S103155,4.88,49.49,78.15,1,70.7,Average
S103156,5.39,46.0,56.34,0,49.55,At_Risk
S103157,7.14,75.0,77.94,0,97.79,Good
S103158,8.73,76.73,56.61,1,61.54,Average
S103159,7.41,74.98,73.65,2,78.81,At_Risk
S103160,6.21,58.68,65.48,1,67.25,At_Risk
S103161,7.59,70.66,78.2,2,51.04,Average
S103162,6.4,61.57,51.09,0,88.88,Average
S103163,6.1,60.45,73.94,3,61.9,At_Risk
S103164,5.5,49.0,55.25,1,57.77,At_Risk
S103165,4.72,41.6,59.59,0,78.27,At_Risk
S103166,6.49,64.28,75.54,2,86.82,At_Risk
S103167,7.21,61.62,68.61,6,94.43,At_Risk
S103168,6.87,62.97,72.85,0,78.81,Average
S103169,6.46,73.53,77.77,3,68.54,At_Risk
S103170,5.77,50.95,70.16,3,52.41,At_Risk
S103171,7.79,78.6,66.21,0,62.9,Average
S103172,5.29,47.89,54.99,1,53.33,At_Risk
S103173,8.01,78.12,96.55,1,66.87,At_Risk
S103174,5.7,56.74,75.12,0,70.6,Average
S103175,6.02,61.72,68.01,2,72.54,Good
S103176,5.09,47.58,63.84,1,87.03,At_Risk
S103177,6.35,68.26,70.7,2,64.96,At_Risk
S103178,8.27,76.19,67.93,5,75.46,At_Risk
S103179,7.67,73.8,74.87,2,56.97,Average
S103180,8.27,79.56,60.54,1,79.7,Average
S103181,7.68,68.46,89.84,1,73.0,Average
S103182,5.57,51.73,76.97,1,73.71,At_Risk
S103183,6.57,63.0,44.51,4,62.31,At_Risk
S103184,5.99,55.14,71.74,3,51.38,At_Risk
S103185,8.73,92.7,78.47,3,75.47,Average
S103186,5.44,48.0,50.84,0,82.24,At_Risk
S103187,8.16,82.25,82.32,3,47.0,Average
S103188,8.16,81.0,76.19,2,75.14,Average
S103189,9.38,89.0,50.99,1,83.6,Average
S103190,6.47,57.98,65.75,1,77.92,At_Risk
S103191,7.93,72.22,53.15,2,86.64,Average
S103192,9.97,92.61,78.88,0,83.99,Good
S103193,6.2,51.73,54.77,0,85.72,Average
S103194,5.0,43.53,55.85,0,61.92,Average
S103195,4.56,37.35,69.07,4,69.19,At_Risk
S103196,7.93,80.69,94.92,2,46.67,Average
S103197,4.55,45.72,83.87,2,77.84,At_Risk
S103198,6.52,65.05,55.14,4,72.75,At_Risk
S103199,7.57,74.26,52.08,2,64.57,Average
S103200,7.24,69.45,60.31,1,63.1,Average
S103201,7.55,77.6,49.77,0,87.16,Average
S103202,7.29,66.8,78.23,2,79.25,Average
S103203,8.66,82.72,76.56,3,71.95,Average
S103204,5.76,57.73,79.88,2,52.31,At_Risk
S103205,6.12,53.0,68.64,2,67.84,At_Risk
S103206,6.0,69.34,69.56,1,64.57,Average
S103207,8.08,76.87,54.14,2,83.45,Average
S103208,8.17,78.19,71.57,1,75.69,Average
S103209,7.59,77.1,84.43,2,83.26,Average
S103210,8.54,84.78,62.41,2,82.49,Average
S103211,5.47,52.1,73.29,3,89.94,At_Risk
S103212,9.17,87.61,68.88,2,84.84,Excellent
S103213,8.98,79.3,61.07,2,85.01,Good
S103214,7.96,73.36,74.69,3,54.39,At_Risk
S103215,9.32,90.57,91.63,0,74.31,Good
S103216,4.85,47.82,85.88,0,83.95,Average
S103217,6.32,64.91,57.06,4,43.51,At_Risk
S103218,6.04,56.94,69.55,0,69.71,At_Risk
S103219,7.94,69.86,77.51,2,63.82,At_Risk
S103220,5.63,57.76,69.08,0,71.15,Average
S103221,7.98,81.6,51.3,1,81.83,Good
S103222,8.78,87.0,58.16,4,92.12,Average
S103223,7.9,74.43,76.16,0,72.83,At_Risk
S103224,7.37,74.18,93.07,1,69.74,Average
S103225,5.72,68.02,59.59,3,57.08,At_Risk
S103226,5.9,56.5,55.62,0,58.93,At_Risk
S103227,8.62,76.69,82.67,1,69.43,Average
S103228,8.01,73.78,71.05,2,79.79,Average
S103229,6.95,68.52,62.94,1,50.46,At_Risk
S103230,6.46,55.0,65.49,2,55.04,At_Risk
S103231,4.37,42.16,66.16,5,85.31,At_Risk
S103232,5.61,54.8,77.77,0,61.07,Average
S103233,9.48,96.25,70.96,0,66.27,Excellent
S103234,5.34,55.93,48.11,2,49.2,At_Risk
S103235,7.25,72.3,66.35,3,49.5,At_Risk
S103236,8.31,70.29,91.87,0,79.37,Good
S103237,5.37,54.69,82.42,1,82.93,At_Risk
S103238,7.24,71.6,84.3,0,75.36,Average
S103239,8.22,79.1,57.14,0,64.19,Average
S103240,7.02,59.73,72.7,2,71.22,At_Risk
S103241,10.0,91.89,80.34,1,81.08,Excellent
S103242,4.83,41.23,68.96,2,72.08,At_Risk
S103243,8.38,71.52,83.38,2,65.38,Average
S103244,6.78,64.35,56.87,1,62.7,At_Risk
S103245,8.0,72.84,70.77,2,95.69,Good
S103246,7.57,82.45,60.28,1,67.65,Excellent
S103247,6.05,56.77,87.2,1,84.19,At_Risk
S103248,7.3,74.5,67.28,1,39.15,Average
S103249,4.58,37.28,65.26,1,73.38,At_Risk
S103250,7.78,71.83,53.23,2,83.48,Average
S103251,7.39,70.57,78.77,4,48.56,Average
S103252,7.83,70.75,73.74,2,68.06,Average
S103253,8.38,77.88,67.76,1,53.5,Average
S103254,7.48,70.17,75.84,1,51.95,Average
S103255,7.19,67.39,81.93,0,84.04,Average
S103256,5.85,63.04,70.63,2,51.64,At_Risk
S103257,6.07,59.22,73.78,0,86.31,Average
S103258,8.54,83.07,75.04,1,58.89,Average
S103259,8.87,86.4,45.1,0,49.3,Average
S103260,6.69,66.01,74.13,4,46.3,At_Risk
S103261,7.06,66.74,46.72,1,70.62,At_Risk
S103262,5.82,54.0,68.1,2,54.18,At_Risk
S103263,8.52,81.7,75.32,1,45.53,At_Risk
S103264,7.87,79.35,44.25,2,64.98,At_Risk
S103265,9.52,94.98,68.67,3,74.13,Average
S103266,5.86,55.0,63.4,2,80.56,Average
S103267,6.51,64.9,64.77,3,87.51,At_Risk
S103268,7.3,68.58,78.1,1,73.18,At_Risk
S103269,7.84,74.62,92.7,1,68.83,Average
S103270,6.72,61.94,77.56,1,98.46,Good
S103271,5.87,55.0,68.33,1,61.54,At_Risk
S103272,8.15,82.75,50.5,1,86.91,Average
S103273,7.94,75.8,85.78,2,70.47,At_Risk
S103274,5.81,55.73,65.88,0,85.34,At_Risk
S103275,8.76,77.45,46.08,1,85.7,Average
S103276,8.52,79.71,52.97,1,65.32,At_Risk
S103277,7.17,67.19,51.5,3,87.96,Average
S103278,7.1,64.2,53.52,2,69.4,Average
S103279,7.72,73.43,81.18,1,53.52,Average
S103280,5.88,54.14,70.58,1,62.49,At_Risk
S103281,7.04,67.19,75.03,0,77.86,Average
S103282,4.2,40.4,31.59,3,57.67,At_Risk
S103283,8.14,73.5,77.98,3,66.88,Average
S103284,4.97,45.62,76.19,0,80.6,Average
S103285,8.95,85.38,44.71,2,74.51,Average
S103286,6.57,67.16,51.82,1,69.14,At_Risk
S103287,6.72,64.9,82.79,2,57.14,Average
S103288,6.18,56.1,60.25,2,64.95,Average
S103289,6.63,64.54,81.12,3,72.75,At_Risk
S103290,8.84,90.85,68.13,1,66.71,Average
S103291,3.77,39.44,61.33,4,78.02,At_Risk
S103292,8.66,84.46,66.18,1,88.51,At_Risk
S103293,7.44,73.58,42.11,1,46.24,Average
S103294,5.43,57.35,72.95,2,55.77,At_Risk
S103295,5.6,57.52,52.41,3,70.76,At_Risk
S103296,9.18,89.47,44.21,1,67.36,Good
S103297,5.77,59.1,48.74,3,79.55,At_Risk
S103298,5.5,47.93,56.18,3,63.84,At_Risk
S103299,8.48,75.0,75.61,1,59.26,At_Risk
S103300,7.44,71.31,57.61,3,85.49,Average
S103301,5.78,55.19,77.78,1,71.43,At_Risk
S103302,7.28,67.0,79.51,0,46.82,Average
S103303,5.67,57.14,80.54,2,58.93,At_Risk
S103304,8.43,72.64,91.89,1,61.38,Average
S103305,8.38,77.47,74.12,4,55.39,Average
S103306,7.69,71.13,75.56,5,60.03,At_Risk
S103307,7.47,64.42,59.64,2,58.6,At_Risk
S103308,9.29,94.23,37.94,1,80.89,Average
S103309,7.0,61.06,72.2,3,55.09,At_Risk
S103310,5.46,49.55,50.21,1,45.93,At_Risk
S103311,7.58,75.68,49.82,1,63.65,Average
S103312,9.71,94.8,52.86,2,74.26,Average
S103313,5.68,49.54,76.43,2,82.54,At_Risk
S103314,6.53,64.77,80.56,0,66.4,Average
S103315,7.54,72.8,70.09,1,95.73,Average
S103316,6.93,75.17,53.59,2,59.3,At_Risk
S103317,5.72,55.98,64.32,0,97.11,At_Risk
S103318,8.46,79.8,86.34,2,44.61,Good
S103319,10.0,91.57,64.55,0,63.4,Good
S103320,7.25,65.95,61.48,4,93.05,Average
S103321,5.82,52.03,85.58,4,67.35,At_Risk
S103322,4.99,52.85,97.65,2,69.66,At_Risk
S103323,7.34,69.76,63.73,2,62.88,Average
S103324,8.44,82.39,46.82,1,55.49,Average
S103325,7.62,78.43,69.01,1,66.99,Average
S103326,7.0,57.04,63.61,2,78.03,At_Risk
S103327,6.23,64.34,87.24,2,77.56,Average
S103328,5.58,53.23,51.34,2,83.58,At_Risk
S103329,8.09,78.55,56.07,3,59.58,At_Risk
S103330,8.19,74.5,63.19,2,74.04,Average
S103331,4.99,44.39,77.02,1,96.32,At_Risk
S103332,9.07,88.09,54.24,2,70.73,Average
S103333,7.75,83.13,81.95,1,69.29,Average
S103334,8.82,87.8,61.61,2,71.69,Average
S103335,5.26,54.99,48.32,4,55.52,At_Risk
S103336,5.22,48.86,56.99,0,58.41,At_Risk
S103337,6.81,62.26,50.23,1,62.01,At_Risk
S103338,7.65,69.59,51.21,1,83.15,Average
S103339,9.34,86.73,93.05,4,51.24,Average
S103340,7.92,67.01,69.8,2,73.26,At_Risk
S103341,6.68,60.6,81.81,4,62.62,At_Risk
S103342,5.67,51.58,62.65,1,86.36,Average
S103343,8.6,80.99,75.92,0,71.69,Average
S103344,5.75,55.11,57.52,1,53.4,At_Risk
S103345,9.12,88.06,90.26,3,80.77,Good
S103346,6.63,62.93,64.71,2,83.93,At_Risk
S103347,9.07,83.82,57.01,0,77.79,Excellent
S103348,7.88,67.03,51.41,0,85.82,At_Risk
S103349,6.82,62.51,53.1,2,66.46,At_Risk
S103350,6.32,56.2,51.44,0,51.93,Average
S103351,6.56,64.15,90.44,2,61.46,At_Risk
S103352,7.56,75.43,65.18,1,74.6,Average
S103353,7.1,71.21,64.21,2,65.6,At_Risk
S103354,6.23,62.0,100.0,0,69.51,Average
S103355,6.78,64.0,87.83,0,69.78,At_Risk
S103356,7.1,65.38,51.71,2,71.62,At_Risk
S103357,4.23,37.22,85.5,0,64.73,Average
S103358,7.6,66.13,63.36,1,90.99,Average
S103359,5.73,58.37,66.31,0,54.93,At_Risk
S103360,5.5,51.56,60.3,2,55.25,At_Risk
S103361,4.81,40.68,66.04,4,53.24,At_Risk
S103362,4.67,41.04,60.16,0,84.23,Average
S103363,5.24,46.29,63.59,0,73.77,At_Risk
S103364,6.08,57.92,62.55,4,78.13,At_Risk
S103365,9.54,94.89,74.1,0,53.53,Excellent
S103366,6.32,58.61,74.54,2,60.64,Average
S103367,7.23,59.69,69.77,0,86.55,At_Risk
S103368,7.52,70.69,87.26,2,69.4,At_Risk
S103369,7.17,67.49,81.88,2,69.47,Average
S103370,6.9,64.64,85.13,1,56.77,Good
S103371,5.45,49.23,58.33,3,75.81,At_Risk
S103372,8.89,85.29,52.96,2,76.71,At_Risk
S103373,9.35,89.08,71.63,2,85.9,Average
S103374,4.81,45.62,73.4,1,93.36,At_Risk
S103375,5.67,55.5,55.02,4,83.45,At_Risk
S103376,6.64,61.0,72.31,3,94.44,At_Risk
S103377,5.75,52.64,45.63,2,81.55,At_Risk
S103378,7.66,78.27,63.56,0,77.59,Average
S103379,6.05,59.74,51.08,1,64.11,At_Risk
S103380,9.81,96.55,73.41,1,83.94,Good
S103381,8.55,86.11,78.28,1,52.06,Good
S103382,7.28,71.23,40.9,1,86.64,Good
S103383,8.34,82.9,27.7,1,73.6,At_Risk
S103384,8.44,73.84,88.59,1,80.22,Excellent
S103385,6.27,60.4,52.76,2,99.55,At_Risk
S103386,5.94,55.69,60.86,3,71.2,At_Risk
S103387,7.1,74.18,54.33,2,61.43,Average
S103388,8.12,80.8,83.12,3,48.3,Average
S103389,7.18,65.7,80.24,2,92.65,Good
S103390,4.95,48.52,63.53,4,62.63,At_Risk
S103391,5.96,57.26,76.84,4,85.4,Average
S103392,6.9,67.4,71.64,3,71.49,At_Risk
S103393,6.9,61.49,71.97,3,66.73,Good
S103394,9.56,92.3,76.18,1,80.37,Good
S103395,5.2,48.5,67.89,3,51.95,At_Risk
S103396,7.66,73.87,61.28,0,60.93,Average
S103397,8.94,81.99,79.58,2,69.9,Average
S103398,9.95,92.21,70.08,1,92.52,Excellent
S103399,6.47,66.2,67.84,1,70.37,Average
S103400,7.64,68.36,69.44,1,91.38,Average
S103401,7.74,69.6,59.92,0,71.44,Average
S103402,7.25,68.71,50.85,2,72.93,Average
S103403,6.87,62.19,59.77,2,71.45,Average
S103404,7.57,68.34,70.89,2,67.89,At_Risk
S103405,3.71,35.65,66.87,2,61.49,At_Risk
S103406,7.89,68.9,53.8,1,91.81,At_Risk
S103407,7.16,64.03,49.66,2,77.59,Average
S103408,6.71,72.0,52.18,2,95.98,Average
S103409,9.66,93.62,65.73,2,74.91,Good
S103410,6.12,55.18,88.77,0,84.45,At_Risk
S103411,6.48,63.19,52.32,0,56.23,At_Risk
S103412,9.59,93.37,77.27,4,84.34,At_Risk
S103413,5.92,60.2,49.84,3,90.32,At_Risk
S103414,6.28,59.2,77.98,4,67.61,Average
S103415,6.81,68.59,59.11,2,55.85,At_Risk
S103416,8.09,68.73,66.84,1,47.97,Average
S103417,7.27,64.84,77.14,0,67.38,Average
S103418,5.32,51.19,69.12,3,74.71,At_Risk
S103419,6.31,61.25,71.15,3,72.95,Average
S103420,6.21,55.35,69.29,5,61.04,At_Risk
S103421,6.9,66.58,92.05,3,89.1,Average
S103422,7.55,69.26,51.39,1,85.0,At_Risk
S103423,7.54,70.56,66.16,0,83.03,Good
S103424,4.69,49.0,68.13,2,90.68,At_Risk
S103425,8.38,83.28,56.44,1,88.13,Good
S103426,7.33,65.63,78.38,4,75.98,At_Risk
S103427,8.8,79.37,62.33,0,91.24,Good
S103428,7.58,70.34,78.58,2,83.2,Average
S103429,8.43,79.99,69.1,3,87.23,Average
S103430,7.61,69.63,63.25,2,77.66,At_Risk
S103431,8.75,87.29,90.39,1,54.75,Good
S103432,7.68,74.34,44.18,0,56.92,Average
S103433,6.87,66.92,76.06,2,60.84,At_Risk
S103434,9.95,89.5,86.19,2,78.38,Average
S103435,8.16,82.15,48.62,1,65.43,Average
S103436,7.75,62.31,67.64,1,55.51,Average
S103437,5.34,54.07,74.16,2,89.21,Average
S103438,5.33,54.33,56.74,0,65.89,At_Risk
S103439,7.38,68.39,75.33,1,71.12,Good
S103440,7.19,73.39,86.52,1,81.09,Good
S103441,6.2,58.66,77.54,3,64.85,At_Risk
S103442,7.18,68.49,92.43,0,70.34,Average
S103443,9.07,87.48,54.26,2,84.86,Average
S103444,7.9,87.83,65.05,0,76.97,Good
S103445,5.52,57.79,48.17,2,85.54,At_Risk
S103446,6.86,67.93,61.86,1,59.91,At_Risk
S103447,5.95,52.91,74.65,1,68.7,Average
S103448,6.5,62.3,71.43,2,77.41,At_Risk
S103449,6.46,58.14,60.83,1,82.11,At_Risk
S103450,6.38,63.89,66.36,1,63.49,At_Risk
S103451,5.37,51.56,42.26,0,74.75,Average
S103452,6.83,60.43,68.5,0,77.15,At_Risk
S103453,6.27,59.9,88.21,2,59.04,At_Risk
S103454,3.5,35.0,47.93,1,76.74,At_Risk
S103455,9.67,92.46,67.67,2,67.38,Good
S103456,8.42,76.51,85.77,1,76.49,Average
S103457,6.51,62.0,54.71,0,87.88,At_Risk
S103458,7.02,69.73,65.42,1,56.35,Average
S103459,5.48,51.82,83.15,1,69.12,At_Risk
S103460,9.2,85.88,100.0,0,74.24,Excellent
S103461,9.47,90.74,71.41,1,59.18,Good
S103462,7.2,71.22,72.5,2,37.48,At_Risk
S103463,8.33,74.71,52.77,1,83.0,Good
S103464,7.23,69.71,72.74,2,77.12,Average
S103465,5.26,55.3,63.9,1,72.64,At_Risk
S103466,6.46,63.7,72.39,1,50.81,Average
S103467,7.17,68.36,74.27,1,66.68,Average
S103468,6.41,63.45,65.02,1,47.84,Average
S103469,6.72,65.61,84.86,2,65.27,At_Risk
S103470,6.88,68.39,75.12,0,93.15,Average
S103471,6.89,57.41,58.6,2,73.99,At_Risk
S103472,7.07,60.9,51.99,3,44.1,At_Risk
S103473,5.62,57.42,86.85,1,87.28,At_Risk
S103474,6.07,51.62,82.47,2,47.73,At_Risk
S103475,5.33,52.24,71.64,2,80.63,At_Risk
S103476,8.27,77.17,51.12,2,50.41,At_Risk
S103477,4.26,36.51,64.11,1,70.05,At_Risk
S103478,8.5,82.15,74.78,0,70.14,Good
S103479,8.8,84.43,55.96,0,51.27,Average
S103480,6.61,71.21,92.49,4,90.54,At_Risk
S103481,3.62,35.0,52.33,1,63.76,At_Risk
S103482,6.53,67.8,52.69,1,66.46,At_Risk
S103483,6.92,67.12,70.9,2,72.84,Average
S103484,5.69,51.38,84.39,1,68.16,At_Risk
S103485,6.33,63.33,35.09,1,52.86,At_Risk
S103486,8.99,87.66,57.01,2,88.42,Good
S103487,7.86,74.86,32.45,1,89.85,Average
S103488,5.8,56.15,85.03,0,70.74,Average
S103489,4.92,44.38,57.06,1,59.2,At_Risk
S103490,6.57,59.16,89.63,3,47.99,At_Risk
S103491,6.72,66.9,45.75,1,50.67,At_Risk
S103492,7.65,71.73,54.12,3,69.17,Average
S103493,6.3,59.57,63.2,3,75.23,At_Risk
S103494,7.66,73.94,73.91,2,56.04,Average
S103495,9.52,91.46,68.66,2,74.45,Average
S103496,8.06,70.85,59.51,2,70.74,Average
S103497,6.94,71.05,36.18,0,65.97,At_Risk
S103498,6.76,64.72,64.35,0,87.55,Average
S103499,6.54,61.28,65.4,1,52.65,Average
S103500,8.53,82.8,61.62,0,90.64,Average
S103501,6.18,59.7,85.36,2,85.76,Average
S103502,7.06,70.13,64.57,0,69.1,Average
S103503,7.07,69.28,86.8,0,75.45,Average
S103504,6.35,63.17,74.55,0,93.55,Average
S103505,5.22,54.95,75.17,0,54.67,At_Risk
S103506,7.42,74.02,79.11,4,89.91,At_Risk
S103507,6.92,65.1,72.73,1,49.84,At_Risk
S103508,7.65,68.19,62.88,3,49.33,Average
S103509,6.31,66.58,74.27,0,73.21,Average
S103510,8.59,80.63,79.28,3,55.02,Average
S103511,5.86,53.78,74.64,1,51.0,Average
S103512,9.23,80.7,48.73,3,68.11,Average
S103513,4.73,46.27,78.53,1,65.29,At_Risk
S103514,7.57,72.46,77.65,0,47.62,Average
S103515,7.62,66.3,78.99,2,49.56,Average
S103516,5.97,58.49,63.9,3,78.2,Average
S103517,7.55,69.75,58.36,2,61.39,At_Risk
S103518,8.66,93.06,67.49,2,54.4,Average
S103519,4.12,36.84,80.21,1,83.76,At_Risk
S103520,7.65,70.97,49.19,1,86.74,Average
S103521,3.76,35.0,68.44,1,47.95,At_Risk
S103522,5.74,59.69,42.11,0,84.78,At_Risk
S103523,9.12,85.13,49.61,3,56.47,At_Risk
S103524,6.24,56.42,82.13,2,72.3,Average
S103525,5.47,55.0,71.45,4,84.28,At_Risk
S103526,6.74,59.0,53.41,2,48.69,At_Risk
S103527,9.69,94.54,76.33,1,55.01,Average
S103528,4.62,51.0,60.01,1,69.32,At_Risk
S103529,5.63,55.78,73.44,3,63.09,At_Risk
S103530,8.95,87.54,73.7,1,56.09,Average
S103531,9.42,92.92,76.72,2,64.69,Good
S103532,6.87,72.06,79.74,1,66.41,Average
S103533,5.39,56.04,65.41,1,92.0,At_Risk
S103534,9.72,94.14,65.03,0,58.62,Good
S103535,9.07,89.8,85.47,1,80.78,Excellent
S103536,7.88,71.34,56.6,0,83.8,Average
S103537,5.94,59.57,74.67,1,85.59,Average
S103538,6.94,61.87,59.38,1,93.11,At_Risk
S103539,6.79,63.05,68.66,1,61.36,Average
S103540,7.43,58.26,91.03,0,71.64,At_Risk
S103541,8.89,86.03,51.98,2,73.65,Average
S103542,8.14,74.79,49.36,2,51.57,Average
S103543,5.6,57.64,86.34,0,86.64,At_Risk
S103544,8.79,85.06,71.13,3,91.39,Average
S103545,7.41,74.86,58.84,0,63.64,Average
S103546,7.89,70.65,66.34,1,84.81,Average
S103547,8.91,88.77,65.4,1,80.28,Good
S103548,5.55,61.2,64.32,3,67.34,Average
S103549,6.95,69.0,85.61,1,84.2,Average
S103550,6.31,63.1,56.17,0,47.99,At_Risk
S103551,4.96,47.82,65.12,2,65.37,At_Risk
S103552,7.45,69.0,54.01,3,64.0,At_Risk
S103553,10.0,98.04,65.27,3,69.72,Average
S103554,4.61,37.75,59.49,0,80.27,At_Risk
S103555,6.96,64.43,72.09,1,67.47,Average
S103556,7.83,67.33,66.11,4,80.41,Average
S103557,7.16,65.21,75.58,2,64.43,At_Risk
S103558,6.85,67.67,85.45,3,76.54,Average
S103559,5.31,52.48,52.74,1,69.14,At_Risk
S103560,7.3,69.58,69.88,3,57.94,At_Risk
S103561,6.02,57.84,47.4,1,56.02,At_Risk
S103562,4.15,35.0,68.7,4,60.8,At_Risk
S103563,8.55,79.76,75.16,1,80.77,Good
S103564,8.25,75.61,63.73,2,90.71,Average
S103565,7.07,64.5,73.1,0,77.19,At_Risk
S103566,7.3,71.73,72.13,2,79.07,Average
S103567,8.4,76.0,75.57,0,49.95,Good
S103568,7.29,66.8,52.37,4,88.05,At_Risk
S103569,8.18,69.32,82.12,1,69.73,Average
S103570,6.61,62.0,63.83,0,47.06,At_Risk
S103571,8.71,78.35,46.51,0,43.66,Good
S103572,7.42,70.78,56.06,2,51.61,Average
S103573,7.25,65.09,51.64,0,71.25,Average
S103574,5.35,51.23,61.03,3,66.93,At_Risk
S103575,7.37,69.47,56.82,1,83.94,Average
S103576,5.92,62.91,48.1,2,83.01,At_Risk
S103577,6.17,60.61,46.26,1,76.06,At_Risk
S103578,5.94,49.07,67.69,2,66.98,At_Risk
S103579,5.61,48.27,86.48,3,67.51,At_Risk
S103580,9.76,92.96,69.75,1,90.8,Good
S103581,8.73,79.2,60.27,3,89.0,At_Risk
S103582,9.5,78.34,54.22,3,60.29,Average
S103583,5.41,56.8,51.38,1,74.66,At_Risk
S103584,7.09,70.0,64.58,2,68.41,Average
S103585,5.32,52.61,65.42,2,79.95,At_Risk
S103586,6.1,55.48,75.17,3,57.65,At_Risk
S103587,5.81,56.87,63.36,4,69.35,At_Risk
S103588,8.61,79.0,86.05,1,51.78,At_Risk
S103589,6.48,62.43,51.17,1,83.42,At_Risk
S103590,8.39,76.01,53.38,1,63.34,Average
S103591,7.79,80.03,73.33,2,59.53,At_Risk
S103592,9.99,88.67,61.64,0,79.89,Good
S103593,5.08,53.16,60.73,0,76.92,Average
S103594,8.64,82.21,57.83,1,66.42,Average
S103595,8.49,78.7,49.99,2,58.21,Good
S103596,5.73,55.0,40.66,0,65.66,At_Risk
S103597,8.31,81.87,59.27,0,67.1,Average
S103598,7.44,76.12,53.23,2,76.19,At_Risk
S103599,6.7,64.94,71.85,0,95.88,Average
S103600,5.93,52.76,67.28,1,61.91,Average
S103601,6.07,57.84,59.58,0,75.7,At_Risk
S103602,9.66,99.08,61.34,3,41.99,Good
S103603,7.0,71.9,82.2,1,62.5,Average
S103604,8.02,79.79,57.35,2,60.55,Average
S103605,5.97,59.92,80.2,0,60.05,Average
S103606,5.99,59.67,85.59,2,67.82,At_Risk
S103607,8.41,84.0,71.79,3,92.2,Average
S103608,5.25,48.01,63.04,2,79.48,At_Risk
S103609,6.46,55.95,65.43,0,71.11,At_Risk
S103610,7.04,67.2,78.01,6,86.07,At_Risk
S103611,7.14,64.61,63.55,4,73.33,At_Risk
S103612,6.77,60.07,99.09,2,59.78,At_Risk
S103613,7.51,69.0,57.73,2,90.9,At_Risk
S103614,7.9,85.0,77.08,1,81.51,Average
S103615,7.96,76.12,80.24,1,76.34,At_Risk
S103616,5.72,55.77,46.66,1,93.28,Average
S103617,6.63,58.1,70.72,3,56.68,Average
S103618,8.55,73.88,64.02,1,56.25,Average
S103619,8.16,74.27,63.83,1,59.99,Good
S103620,5.22,55.3,80.99,0,61.39,At_Risk
S103621,7.46,72.18,65.17,0,52.37,Good
S103622,4.43,44.46,86.69,4,83.39,At_Risk
S103623,7.06,70.03,51.64,3,53.91,At_Risk
S103624,9.47,87.57,52.82,2,70.38,At_Risk
S103625,5.77,60.35,63.98,2,64.65,At_Risk
S103626,5.92,53.66,59.89,0,53.35,At_Risk
S103627,7.99,81.56,57.26,3,43.68,At_Risk
S103628,4.99,49.22,38.13,4,87.67,At_Risk
S103629,6.18,51.53,81.52,1,78.29,Average
S103630,7.78,70.87,72.74,4,91.56,Average
S103631,6.18,51.53,74.68,0,73.64,Average
S103632,6.69,68.24,57.94,3,74.22,At_Risk
S103633,7.97,75.59,75.14,2,98.36,At_Risk
S103634,7.55,62.79,96.28,1,66.47,Good
S103635,7.35,71.3,75.53,1,65.42,At_Risk
S103636,6.56,60.0,68.06,2,74.18,At_Risk
S103637,7.48,65.14,69.33,1,83.69,Good
S103638,6.84,71.68,84.02,0,90.87,Average
S103639,7.6,72.58,53.06,1,47.89,At_Risk
S103640,6.35,59.19,66.56,2,80.84,Average
S103641,6.76,62.65,68.43,1,51.0,Average
S103642,5.71,48.2,72.85,2,81.68,At_Risk
S103643,6.95,60.85,58.51,3,49.26,At_Risk
S103644,5.95,61.62,42.12,3,48.52,At_Risk
S103645,5.55,50.85,68.77,2,71.13,At_Risk
S103646,7.34,69.78,98.76,1,59.11,Average
S103647,7.28,60.95,73.55,2,65.84,Average
S103648,8.02,70.9,52.84,1,51.43,Average
S103649,6.44,63.61,61.57,0,81.71,At_Risk
S103650,7.53,73.05,64.51,3,67.4,At_Risk
S103651,7.72,80.32,88.54,1,58.83,Average
S103652,7.58,77.36,66.29,2,51.62,Average
S103653,5.93,55.38,82.26,2,70.32,At_Risk
S103654,7.19,70.24,70.58,0,78.61,Average
S103655,7.47,70.0,69.06,0,82.54,Good
S103656,7.01,74.81,54.96,1,64.83,Average
S103657,4.29,45.33,78.35,1,87.12,At_Risk
S103658,7.21,69.16,60.94,0,65.8,At_Risk
S103659,9.88,94.63,82.64,1,99.2,Excellent
S103660,6.53,67.83,68.36,1,63.95,Good
S103661,6.05,59.83,66.78,1,73.5,At_Risk
S103662,7.49,77.35,58.37,0,79.08,At_Risk
S103663,7.41,61.58,61.91,0,77.89,Average
S103664,8.55,83.08,62.03,2,56.48,At_Risk
S103665,5.36,48.9,68.59,1,57.39,At_Risk
S103666,7.95,82.56,88.62,1,81.24,Average
S103667,7.77,79.98,49.24,3,50.45,At_Risk
S103668,6.82,64.88,69.71,2,87.39,Average
S103669,7.44,76.83,91.08,0,76.88,At_Risk
S103670,8.34,86.0,52.68,1,73.6,Average
S103671,8.13,77.57,62.61,0,65.72,At_Risk
S103672,5.51,62.27,79.17,1,83.38,At_Risk
S103673,8.07,76.5,52.31,1,68.54,At_Risk
S103674,6.92,64.84,87.7,1,50.78,Average
S103675,7.09,70.86,84.35,1,50.06,Average
S103676,7.1,66.0,71.5,2,47.5,Average
S103677,6.8,64.99,29.56,2,51.97,Average
S103678,8.55,86.86,61.73,3,83.61,At_Risk
S103679,6.89,65.54,80.89,1,84.63,Average
S103680,5.54,45.89,63.23,1,89.81,At_Risk
S103681,6.49,63.11,68.12,0,72.41,At_Risk
S103682,7.23,65.92,94.36,1,48.65,Average
S103683,8.6,85.14,72.16,0,68.09,Average
S103684,7.78,76.73,71.03,3,78.95,Average
S103685,5.89,62.0,63.09,3,92.82,At_Risk
S103686,10.0,98.63,88.46,0,66.5,Good
S103687,7.34,74.13,81.37,2,47.39,At_Risk
S103688,8.66,79.57,61.81,0,46.23,Average
S103689,6.8,67.84,58.6,2,69.5,Average
S103690,7.69,80.96,57.39,4,60.99,Average
S103691,8.09,74.11,62.01,1,97.16,At_Risk
S103692,8.58,88.74,57.91,1,53.47,Average
S103693,8.37,77.36,69.57,3,72.93,Average
S103694,8.13,73.86,79.04,1,82.13,Good
S103695,6.59,63.79,57.71,2,78.33,At_Risk
S103696,6.26,62.3,58.85,3,58.31,At_Risk
S103697,7.43,74.25,60.13,1,48.83,At_Risk
S103698,8.21,74.18,72.29,2,48.14,At_Risk
S103699,6.71,65.49,54.87,1,66.53,Average
S103700,8.38,77.0,48.69,1,67.09,Good
S103701,8.89,78.48,64.83,2,74.9,At_Risk
S103702,5.81,51.5,68.98,0,61.23,At_Risk
S103703,5.91,53.16,66.26,1,84.9,At_Risk
S103704,6.82,66.85,66.57,4,42.75,At_Risk
S103705,7.4,74.91,78.86,2,59.76,At_Risk
S103706,6.32,54.13,83.29,0,60.43,Average
S103707,8.76,84.61,67.2,1,75.12,Average
S103708,7.55,67.03,69.59,0,55.41,At_Risk
S103709,7.05,69.5,91.88,1,59.46,Average
S103710,5.13,46.28,64.72,1,53.34,At_Risk
S103711,5.29,46.04,62.55,2,78.14,Average
S103712,7.37,73.0,50.47,0,53.69,At_Risk
S103713,4.23,37.81,76.86,6,92.0,At_Risk
S103714,8.32,77.74,49.27,0,81.27,Average
S103715,6.79,56.0,59.76,0,70.14,Average
S103716,10.0,98.79,54.82,1,57.22,Excellent
S103717,10.0,98.28,51.32,1,74.58,Average
S103718,6.76,64.28,87.66,1,82.96,At_Risk
S103719,6.86,59.0,69.77,0,85.14,At_Risk
S103720,8.29,83.63,47.32,1,77.46,At_Risk
S103721,9.21,84.87,72.11,2,60.65,Good
S103722,4.87,44.5,81.1,1,78.79,At_Risk
S103723,4.68,53.69,74.14,2,52.6,Average
S103724,6.19,56.0,82.72,1,87.95,Average
S103725,7.76,76.67,75.32,1,72.97,Average
S103726,7.65,74.88,78.23,2,62.25,Average
S103727,8.39,81.0,66.78,1,67.03,Good
S103728,5.44,52.81,87.59,1,71.81,At_Risk
S103729,3.99,39.4,78.58,1,55.2,At_Risk
S103730,8.12,78.18,71.64,2,94.27,Good
S103731,5.92,56.06,57.01,1,92.23,At_Risk
S103732,4.38,47.62,81.72,1,91.47,At_Risk
S103733,7.19,63.04,83.5,2,62.16,At_Risk
S103734,8.03,80.38,95.91,0,79.56,Good
S103735,6.84,68.28,67.34,4,52.43,At_Risk
S103736,6.4,63.6,73.26,2,68.2,At_Risk
S103737,6.79,69.0,73.03,0,82.03,Average
S103738,6.52,61.55,42.69,0,60.8,At_Risk
S103739,5.25,42.38,79.22,1,60.33,At_Risk
S103740,6.07,57.38,74.25,1,49.09,At_Risk
S103741,7.68,68.97,62.32,1,88.24,Average
S103742,7.42,67.55,57.42,1,85.32,At_Risk
S103743,7.22,63.6,53.2,0,92.03,At_Risk
S103744,5.71,52.3,76.28,0,59.89,At_Risk
S103745,6.76,61.87,59.19,0,42.32,At_Risk
S103746,4.17,35.0,74.79,1,79.15,At_Risk
S103747,7.23,71.51,67.05,3,57.37,At_Risk
S103748,8.86,93.03,71.69,0,57.74,Good
S103749,5.08,50.72,85.17,3,81.06,Average
S103750,6.24,58.45,74.89,6,56.56,At_Risk
S103751,7.43,70.35,73.7,2,75.93,Average
S103752,8.63,80.29,61.07,4,73.56,Average
S103753,6.42,61.32,74.6,1,64.0,Good
S103754,6.1,58.0,67.69,0,55.27,At_Risk
S103755,4.44,38.8,51.12,0,61.19,At_Risk
S103756,7.13,74.51,65.99,0,88.88,Average
S103757,9.65,85.77,83.88,1,61.36,Excellent
S103758,7.36,73.0,56.52,5,60.23,Average
S103759,6.97,65.82,72.56,1,80.61,Average
S103760,7.42,78.08,66.66,0,81.41,Average
S103761,6.99,67.73,68.26,1,54.95,At_Risk
S103762,5.94,55.02,65.44,1,71.26,At_Risk
S103763,8.07,76.0,71.6,2,80.16,Average
S103764,7.29,69.45,54.82,0,86.76,At_Risk
S103765,7.02,62.15,75.28,1,64.75,Average
S103766,5.73,51.39,62.31,1,65.77,At_Risk
S103767,8.69,75.46,70.37,2,46.15,Average
S103768,7.86,71.02,71.09,0,60.07,At_Risk
S103769,6.28,60.05,71.42,1,72.29,At_Risk
S103770,8.3,80.1,65.02,3,75.71,Average
S103771,6.35,52.44,51.73,0,61.83,At_Risk
S103772,5.98,56.29,60.92,1,67.8,At_Risk
S103773,6.01,59.37,63.38,3,78.61,At_Risk
S103774,4.7,43.98,45.59,3,64.71,At_Risk
S103775,7.61,69.8,61.05,0,81.53,Good
S103776,4.62,42.24,82.39,5,75.16,At_Risk
S103777,5.4,49.17,54.59,0,83.19,At_Risk
S103778,4.3,38.32,77.91,0,69.11,At_Risk
S103779,6.89,66.0,60.89,3,60.5,At_Risk
S103780,6.8,73.87,60.4,1,88.96,At_Risk
S103781,6.58,59.49,65.52,1,74.03,Average
S103782,5.64,52.35,72.06,1,93.08,At_Risk
S103783,5.48,51.82,62.33,2,71.53,At_Risk
S103784,7.6,69.49,61.18,1,87.48,Average
S103785,6.28,64.09,85.96,1,49.2,At_Risk
S103786,7.41,60.92,69.63,0,65.68,Average
S103787,5.85,53.44,49.79,0,80.69,Average
S103788,7.24,72.01,40.6,3,57.87,At_Risk
S103789,8.69,81.42,86.77,1,85.36,Average
S103790,7.76,70.46,80.01,2,94.03,At_Risk
S103791,6.46,63.17,70.33,0,74.54,Good
S103792,7.33,73.3,69.88,0,60.12,Average
S103793,6.69,64.37,67.87,0,74.35,At_Risk
S103794,7.01,63.39,69.26,3,76.28,Average
S103795,6.58,64.3,70.75,1,78.65,At_Risk
S103796,6.79,62.86,81.57,1,54.57,At_Risk
S103797,7.28,72.1,80.31,3,75.99,Average
S103798,5.71,60.17,70.56,2,93.75,At_Risk
S103799,5.68,43.53,70.8,3,79.69,At_Risk
S103800,5.19,49.8,78.93,1,73.14,At_Risk
S103801,4.92,39.79,75.6,2,60.63,At_Risk
S103802,5.42,61.23,66.88,1,58.81,Average
S103803,7.21,66.6,31.55,3,46.39,At_Risk
S103804,5.84,58.46,77.01,2,73.53,At_Risk
S103805,7.67,72.7,82.5,1,43.24,Average
S103806,7.05,63.72,64.6,1,70.04,Average
S103807,4.44,38.0,53.56,3,94.77,At_Risk
S103808,7.85,80.93,80.18,2,96.22,Good
S103809,8.05,80.34,80.38,2,72.27,At_Risk
S103810,5.71,62.0,56.88,2,81.36,At_Risk
S103811,7.55,71.91,74.17,3,73.69,Average
S103812,5.89,57.07,62.08,1,61.54,At_Risk
S103813,7.13,66.64,72.47,0,68.09,Average
S103814,5.36,49.74,86.14,2,77.14,At_Risk
S103815,4.67,40.19,74.13,3,46.13,At_Risk
S103816,6.5,62.11,59.9,1,36.65,At_Risk
S103817,6.84,61.81,61.0,1,88.31,At_Risk
S103818,6.48,63.36,93.75,4,70.46,At_Risk
S103819,5.46,52.56,84.61,4,74.58,At_Risk
S103820,6.48,62.71,62.33,1,69.34,Average
S103821,7.35,76.53,66.64,2,47.91,Average
S103822,6.94,65.79,63.54,1,68.11,At_Risk
S103823,7.24,71.78,70.45,0,43.2,Average
S103824,6.13,66.43,78.29,1,77.69,Average
S103825,8.52,86.0,74.74,0,84.43,At_Risk
S103826,5.47,56.59,77.14,0,58.09,Average
S103827,7.63,71.3,58.84,1,66.64,At_Risk
S103828,8.54,82.01,69.54,2,59.05,Average
S103829,7.63,67.17,79.04,3,55.29,Average
S103830,6.74,65.99,87.74,0,78.28,At_Risk
S103831,6.31,61.07,40.13,1,53.14,At_Risk
S103832,8.35,79.39,74.04,2,77.02,Average
S103833,5.15,53.04,83.83,3,77.92,At_Risk
S103834,5.74,49.69,41.87,1,76.74,At_Risk
S103835,6.48,68.13,85.76,0,53.15,At_Risk
S103836,8.61,85.0,96.72,4,71.12,Average
S103837,7.49,71.0,70.39,2,68.55,Good
S103838,5.74,53.95,75.04,0,100.0,Average
S103839,6.6,64.59,55.4,1,92.61,Average
S103840,6.2,65.0,94.61,2,72.81,At_Risk
S103841,6.08,58.14,71.68,4,70.34,At_Risk
S103842,8.27,79.17,34.74,0,87.82,Average
S103843,5.22,49.63,80.56,3,92.75,At_Risk
S103844,9.09,93.5,56.21,2,63.74,Average
S103845,8.08,75.2,61.45,3,73.0,At_Risk
S103846,8.42,79.8,71.76,1,55.87,Average
S103847,6.4,66.64,68.33,1,64.8,Average
S103848,6.81,65.24,72.32,3,79.76,At_Risk
S103849,5.14,53.35,73.81,1,54.28,Average
S103850,6.32,56.38,85.49,3,77.38,Average
S103851,7.64,72.0,50.41,1,88.54,Average
S103852,8.68,88.44,74.97,2,73.35,Average
S103853,5.56,50.12,70.17,1,58.83,Average
S103854,6.52,61.38,65.06,2,44.09,Average
S103855,6.8,65.66,51.64,2,84.4,Average
S103856,5.19,45.31,73.16,1,77.26,At_Risk
S103857,7.77,72.15,55.62,2,64.32,Average
S103858,6.06,58.01,46.06,2,81.39,At_Risk
S103859,6.75,64.27,65.48,2,91.25,At_Risk
S103860,6.41,66.04,75.7,1,79.19,Average
S103861,5.97,62.92,58.62,0,72.0,Average
S103862,6.99,62.99,43.89,0,71.1,At_Risk
S103863,6.72,64.28,67.67,2,74.73,At_Risk
S103864,6.52,64.6,83.59,0,87.44,Average
S103865,6.05,63.57,58.62,3,46.92,Average
S103866,7.42,73.32,50.22,3,53.93,Average
S103867,9.15,88.09,47.18,3,51.38,Average
S103868,7.18,70.89,58.73,1,40.38,At_Risk
S103869,8.29,81.5,68.34,0,55.38,Average
S103870,5.19,46.0,61.88,2,67.83,Average
S103871,7.21,69.22,71.29,5,71.84,At_Risk
S103872,5.57,58.78,69.4,2,95.4,Average
S103873,5.08,47.43,80.98,2,60.17,At_Risk
S103874,6.04,57.89,66.22,1,83.0,At_Risk
S103875,8.55,80.25,76.05,1,71.67,Average
S103876,8.24,68.98,68.53,3,55.79,Good
S103877,7.32,69.58,70.35,2,58.65,Average
S103878,5.01,48.78,70.22,3,87.73,At_Risk
S103879,6.74,62.03,54.68,1,66.12,At_Risk
S103880,7.39,65.61,66.9,3,61.82,At_Risk
S103881,7.23,65.15,59.78,5,85.03,Average
S103882,4.6,46.79,57.16,4,81.58,At_Risk
S103883,5.84,63.39,73.14,1,68.04,At_Risk
S103884,6.92,71.24,74.4,1,47.77,At_Risk
S103885,7.7,67.75,59.8,2,68.46,At_Risk
S103886,4.15,42.8,77.06,2,59.01,Average
S103887,6.79,61.85,62.17,2,78.52,At_Risk
S103888,7.19,65.94,79.64,2,85.54,Average
S103889,8.1,75.14,96.46,0,50.9,Excellent
S103890,7.9,77.88,74.22,3,68.87,Average
S103891,7.76,77.53,66.58,0,81.42,Average
S103892,5.96,56.23,59.07,1,97.84,Good
S103893,4.52,42.61,70.64,4,76.58,At_Risk
S103894,6.49,63.5,55.29,2,77.98,Average
S103895,8.3,81.0,64.91,3,72.77,Average
S103896,8.81,88.41,56.35,0,92.05,Good
S103897,7.92,70.14,78.93,0,50.88,At_Risk
S103898,7.56,71.9,61.11,0,66.93,Average
S103899,7.49,66.92,67.59,2,52.36,At_Risk
S103900,6.28,59.43,45.62,0,78.13,At_Risk
S103901,6.83,63.99,63.55,0,87.42,At_Risk
S103902,9.17,86.93,63.19,2,56.63,Average
S103903,5.77,51.7,56.06,1,48.41,At_Risk
S103904,9.1,80.49,64.18,0,66.55,Average
S103905,6.58,54.15,35.64,0,83.56,At_Risk
S103906,8.72,82.34,53.0,4,61.8,At_Risk
S103907,5.17,47.4,46.27,2,47.49,At_Risk
S103908,7.76,71.03,77.89,0,46.66,Average
S103909,6.04,62.69,67.65,3,71.11,At_Risk
S103910,5.16,45.58,34.55,1,60.1,At_Risk
S103911,7.28,74.87,80.9,1,57.21,Average
S103912,8.31,85.46,73.54,0,72.0,Average
S103913,5.9,48.26,66.6,1,82.07,Average
S103914,5.05,48.36,72.43,0,71.49,At_Risk
S103915,6.88,63.77,66.32,4,91.68,At_Risk
S103916,6.89,53.77,63.4,2,66.13,Average
S103917,7.71,67.49,69.07,0,63.73,Good
S103918,8.23,81.33,68.75,0,48.17,Average
S103919,6.92,73.84,57.39,1,76.44,Average
S103920,9.41,93.03,77.67,2,89.24,Average
S103921,7.29,70.56,57.67,1,63.93,At_Risk
S103922,6.55,62.14,64.06,2,51.68,At_Risk
S103923,4.9,53.33,79.03,1,52.81,At_Risk
S103924,6.66,71.8,82.1,1,50.56,At_Risk
S103925,6.56,60.0,80.27,2,67.62,At_Risk
S103926,8.25,70.36,45.98,0,61.61,Average
S103927,7.6,63.82,65.56,1,87.0,At_Risk
S103928,5.47,57.0,52.92,1,73.04,At_Risk
S103929,7.22,68.44,54.4,1,42.62,Average
S103930,7.87,75.53,59.68,1,73.59,Average
S103931,8.99,78.21,64.23,2,77.37,Average
S103932,8.15,74.45,60.77,0,87.55,At_Risk
S103933,7.99,74.71,33.66,0,79.21,Good
S103934,7.08,68.0,71.33,0,65.27,Average
S103935,7.5,69.7,66.79,1,60.34,Average
S103936,8.62,77.78,84.02,3,76.83,Average
S103937,5.27,46.9,66.85,1,49.86,At_Risk
S103938,6.55,67.02,43.44,1,70.89,At_Risk
S103939,6.0,57.94,50.29,1,71.05,At_Risk
S103940,7.49,73.63,45.9,1,70.62,At_Risk
S103941,8.6,78.1,64.49,1,89.71,Good
S103942,6.22,47.31,88.6,3,56.0,At_Risk
S103943,3.89,35.0,74.49,4,75.19,At_Risk
S103944,6.46,57.94,69.83,4,85.23,Average
S103945,8.19,79.18,53.73,2,54.21,Average
S103946,7.7,86.28,73.56,0,42.5,Average
S103947,7.56,74.57,64.21,2,78.89,At_Risk
S103948,6.64,73.99,71.45,2,74.24,Average
S103949,5.34,52.98,74.67,0,63.51,At_Risk
S103950,7.67,70.3,61.92,3,50.03,Average
S103951,5.92,57.59,71.67,0,78.59,Average
S103952,9.84,100.0,92.01,0,68.64,Excellent
S103953,7.74,80.86,84.4,2,88.57,Average
S103954,6.25,57.03,79.81,3,63.05,Average
S103955,6.21,60.0,98.95,1,53.5,Good
S103956,6.88,59.6,93.45,2,78.67,Average
S103957,6.69,66.84,87.78,1,62.13,Good
S103958,8.45,86.51,54.44,1,81.81,Average
S103959,7.24,68.96,52.56,1,85.95,Average
S103960,6.05,54.79,51.54,1,65.8,At_Risk
S103961,9.46,91.0,79.11,2,89.63,Average
S103962,7.06,68.78,77.81,2,65.75,Average
S103963,8.0,76.32,73.92,1,73.9,Good
S103964,6.21,59.7,54.19,1,73.56,At_Risk
S103965,7.47,70.29,80.54,0,73.3,Good
S103966,7.4,74.33,64.15,0,63.8,At_Risk
S103967,4.54,46.11,65.23,2,61.4,At_Risk
S103968,9.62,87.46,77.3,1,87.54,Average
S103969,8.68,78.4,65.86,3,86.93,Average
S103970,6.48,60.58,66.8,2,85.09,At_Risk
S103971,5.57,55.83,49.53,1,74.41,At_Risk
S103972,7.45,71.38,48.3,0,77.73,Average
S103973,7.11,65.0,81.32,1,88.0,Good
S103974,7.46,71.94,72.19,5,93.97,At_Risk
S103975,7.25,67.54,56.03,2,78.69,Average
S103976,7.66,76.3,72.53,0,77.16,Average
S103977,8.88,85.7,68.34,3,61.49,Average
S103978,7.74,72.25,52.12,1,84.05,Average
S103979,5.64,54.5,66.57,2,75.91,At_Risk
S103980,8.77,88.59,71.51,0,76.42,Good
S103981,9.13,84.48,46.11,2,65.31,Average
S103982,10.0,96.61,79.56,3,61.77,Good
S103983,5.54,52.34,70.72,4,72.71,At_Risk
S103984,7.32,71.21,90.13,1,52.79,At_Risk
S103985,4.29,38.17,84.52,0,46.34,At_Risk
S103986,7.72,73.77,88.97,0,84.45,Good
S103987,6.29,64.16,58.84,0,60.76,At_Risk
S103988,9.5,86.51,75.7,2,54.27,Good
S103989,5.99,51.62,68.95,2,61.22,At_Risk
S103990,4.8,40.47,88.09,1,56.39,At_Risk
S103991,6.39,56.0,85.8,4,51.58,Average
S103992,4.43,44.48,89.88,3,76.46,At_Risk
S103993,7.98,70.15,64.86,0,53.22,Average
S103994,4.32,39.8,52.03,1,81.49,At_Risk
S103995,7.04,69.32,56.31,1,80.13,At_Risk
S103996,4.3,42.51,73.42,0,71.84,At_Risk
S103997,6.58,61.0,52.13,0,84.98,Average
S103998,9.14,87.56,70.73,1,79.32,Good
S103999,7.47,71.4,65.37,3,64.6,Average
S104000,5.88,55.0,38.34,2,87.36,At_Risk
S104001,6.96,65.27,71.36,1,62.19,At_Risk
S104002,7.02,75.66,76.84,1,74.53,Average
S104003,7.61,75.57,83.66,0,80.64,Good
S104004,5.22,59.5,60.92,2,74.99,At_Risk
S104005,7.77,71.83,54.33,1,56.59,At_Risk
S104006,3.5,35.0,62.93,2,57.76,At_Risk
S104007,6.18,53.39,52.32,0,55.2,Average
S104008,6.37,57.23,75.13,4,45.63,Average
S104009,7.82,81.93,69.44,3,70.36,Average
S104010,7.03,64.69,52.43,4,84.8,Average
S104011,5.17,56.82,62.5,1,65.83,At_Risk
S104012,5.72,49.36,88.29,2,68.41,At_Risk
S104013,7.26,64.74,67.2,0,87.56,Average
S104014,6.9,64.16,58.57,0,53.63,Average
S104015,6.25,59.09,61.15,2,44.75,Average
S104016,6.37,64.25,70.27,0,71.35,At_Risk
S104017,7.91,76.9,91.69,6,87.1,Average
S104018,6.33,58.44,54.35,3,48.98,At_Risk
S104019,6.89,65.0,86.57,1,74.7,Average
S104020,9.82,92.02,63.99,3,77.37,Good
S104021,5.15,45.26,84.73,2,78.02,At_Risk
S104022,4.59,40.08,52.98,1,76.1,At_Risk
S104023,8.02,80.29,88.17,3,75.53,Average
S104024,6.12,50.81,91.15,1,81.74,Average
S104025,6.59,69.04,92.24,0,58.56,Average
S104026,5.98,55.48,67.95,2,76.63,At_Risk
S104027,6.66,60.2,68.04,2,76.8,At_Risk
S104028,9.08,89.2,58.4,2,91.66,Good
S104029,8.04,82.35,55.31,0,63.02,Average
S104030,8.12,82.0,79.7,2,76.73,At_Risk
S104031,5.16,51.02,68.21,2,65.66,At_Risk
S104032,5.5,56.63,74.24,0,51.97,Average
S104033,3.5,35.0,73.53,1,76.42,At_Risk
S104034,5.95,54.0,51.19,4,82.18,At_Risk
S104035,8.24,74.67,52.18,3,66.85,Average
S104036,7.67,77.78,78.22,0,63.35,Average
S104037,6.71,62.23,73.61,0,78.04,Average
S104038,6.97,69.61,66.45,1,78.42,Average
S104039,6.1,60.14,73.19,2,79.07,At_Risk
S104040,7.27,65.58,86.84,2,74.65,Good
S104041,8.0,73.61,80.0,0,85.25,Good
S104042,4.9,51.72,71.42,0,60.49,At_Risk
S104043,7.39,67.1,73.82,3,54.78,At_Risk
S104044,8.21,78.52,87.16,1,68.22,Good
S104045,6.46,58.24,62.65,0,77.15,Average
S104046,7.91,73.9,70.99,0,64.17,Average
S104047,10.0,94.82,67.69,1,73.0,Average
S104048,6.86,62.08,59.74,4,74.45,Average
S104049,7.51,67.52,65.39,2,95.17,At_Risk
S104050,6.04,58.53,54.78,1,67.73,At_Risk
S104051,7.24,65.4,81.81,1,93.91,Average
S104052,7.6,68.94,62.33,1,70.64,Average
S104053,7.25,65.15,70.75,1,68.01,Average
S104054,5.67,53.6,81.6,4,52.1,At_Risk
S104055,7.27,72.82,85.94,1,85.94,Average
S104056,8.9,90.58,68.77,1,53.66,Excellent
S104057,7.58,69.1,66.76,0,73.16,Average
S104058,8.25,86.98,77.16,0,48.43,Average
S104059,6.69,60.0,73.36,1,83.71,Average
S104060,7.97,80.1,53.12,2,54.33,At_Risk
S104061,7.36,67.06,89.41,1,52.62,At_Risk
S104062,5.76,51.27,71.09,1,74.04,At_Risk
S104063,7.41,67.0,78.62,0,50.99,Average
S104064,5.71,54.04,72.61,1,88.4,At_Risk
S104065,6.18,61.0,74.68,3,77.94,Average
S104066,7.25,71.52,65.86,1,63.16,Good
S104067,7.39,66.4,77.06,5,90.32,At_Risk
S104068,5.45,47.85,76.81,2,83.95,At_Risk
S104069,8.37,75.85,79.09,2,74.73,Good
S104070,7.74,73.12,50.21,0,67.21,At_Risk
S104071,6.08,56.96,52.17,4,64.42,At_Risk
S104072,5.0,43.71,69.6,3,58.16,At_Risk
S104073,6.81,65.79,62.79,0,49.96,Average
S104074,6.42,70.04,84.09,0,65.17,At_Risk
S104075,7.15,65.88,56.62,0,60.66,Average
S104076,6.53,60.3,79.6,2,70.9,At_Risk
S104077,4.39,43.95,46.32,1,76.93,At_Risk
S104078,6.5,59.47,48.26,4,72.19,At_Risk
S104079,6.6,65.4,67.7,2,52.54,At_Risk
S104080,7.82,71.45,72.6,2,71.74,At_Risk
S104081,6.09,65.21,76.38,1,92.62,Average
S104082,9.18,88.61,80.69,0,64.72,Average
S104083,4.51,40.0,72.17,0,87.55,Average
S104084,8.7,80.34,66.9,4,66.59,At_Risk
S104085,6.71,61.67,57.66,2,93.23,At_Risk
S104086,8.12,83.0,44.98,1,87.75,Average
S104087,7.1,62.41,76.91,1,61.94,Average
S104088,8.48,77.9,56.53,2,75.87,Average
S104089,6.5,59.47,69.88,2,91.52,Average
S104090,5.57,52.87,79.28,1,65.33,At_Risk
S104091,8.85,82.96,100.0,0,84.27,Excellent
S104092,6.85,59.0,67.03,0,44.41,Average
S104093,7.29,67.64,53.55,0,72.75,Average
S104094,8.61,81.35,69.99,0,53.74,At_Risk
S104095,5.66,51.24,44.35,1,69.97,At_Risk
S104096,7.77,76.6,65.84,4,81.86,Average
S104097,6.23,63.0,68.28,0,91.52,Good
S104098,6.83,64.55,70.01,0,60.9,Average
S104099,7.09,68.31,83.71,3,51.63,At_Risk
S104100,5.05,39.33,77.3,2,63.18,At_Risk
S104101,5.99,55.2,59.0,0,61.11,At_Risk
S104102,8.76,87.21,85.5,0,85.36,Average
S104103,8.15,75.75,84.6,1,80.3,Average
S104104,6.92,62.78,57.01,2,56.97,At_Risk
S104105,7.32,78.61,46.62,2,68.35,At_Risk
S104106,6.62,70.14,39.31,0,69.17,At_Risk
S104107,8.76,85.12,75.96,0,86.02,Average
S104108,6.74,68.58,81.27,2,69.0,Good
S104109,7.3,60.46,62.74,1,84.08,Average
S104110,8.49,77.5,67.71,2,48.73,Average
S104111,5.99,55.02,75.14,3,62.43,At_Risk
S104112,9.03,84.81,71.97,0,74.6,Good
S104113,5.01,45.64,72.83,0,35.8,Average
S104114,9.12,76.4,95.48,1,78.87,Good
S104115,6.52,63.44,65.93,2,90.72,Average
S104116,6.68,65.68,70.42,2,81.72,At_Risk
S104117,4.54,49.57,60.64,0,88.11,At_Risk
S104118,6.41,57.73,82.27,2,67.16,At_Risk
S104119,5.65,50.18,87.85,0,62.08,Average
S104120,6.21,48.28,71.08,2,65.41,At_Risk
S104121,6.82,63.63,73.06,1,77.78,Average
S104122,8.25,81.9,85.95,3,81.98,Average
S104123,7.27,66.62,62.92,1,79.55,At_Risk
S104124,7.4,78.87,72.08,0,73.23,Average
S104125,5.58,51.94,47.05,1,86.35,At_Risk
S104126,5.86,56.21,69.76,1,85.35,At_Risk
S104127,9.34,83.0,65.33,0,53.45,Good
S104128,6.04,58.57,83.63,1,61.94,Average
S104129,9.15,79.04,65.78,1,77.08,Good
S104130,6.68,66.27,63.91,2,61.78,At_Risk
S104131,7.0,69.43,88.89,2,75.76,At_Risk
S104132,8.39,85.16,65.41,2,84.96,Average
S104133,8.65,78.13,76.34,1,52.55,Good
S104134,6.86,65.77,86.48,1,94.58,At_Risk
S104135,6.5,63.96,60.43,0,49.54,Average
S104136,6.93,67.58,79.23,1,77.53,Average
S104137,7.44,67.0,58.36,3,46.15,At_Risk
S104138,8.16,67.94,76.45,2,83.11,Average
S104139,7.01,67.94,79.27,2,43.71,At_Risk
S104140,7.8,73.53,60.85,5,61.4,At_Risk
S104141,9.13,84.47,38.51,0,63.67,Good
S104142,7.5,74.26,54.26,0,58.16,Average
S104143,7.41,70.17,70.02,2,62.15,At_Risk
S104144,5.03,42.46,54.15,1,68.6,At_Risk
S104145,3.58,35.0,62.65,0,55.53,At_Risk
S104146,7.5,66.78,74.65,4,59.43,At_Risk
S104147,6.88,74.9,64.3,2,74.23,At_Risk
S104148,6.33,63.0,69.05,0,71.38,At_Risk
S104149,7.32,70.26,59.36,1,55.71,Average
S104150,6.92,65.03,92.46,1,81.94,Average
S104151,8.47,79.44,58.62,5,44.19,Average
S104152,7.11,72.23,67.37,1,60.06,At_Risk
S104153,6.03,55.31,75.03,0,50.23,Average
S104154,8.29,81.04,54.41,0,54.51,Average
S104155,6.72,62.42,68.19,1,58.9,Average
S104156,7.68,80.76,65.28,1,91.27,Average
S104157,6.38,63.57,78.04,1,65.58,Average
S104158,6.16,63.46,68.5,2,78.45,At_Risk
S104159,7.11,65.2,60.39,3,56.6,At_Risk
S104160,7.02,70.9,71.86,3,72.86,At_Risk
S104161,7.62,71.18,82.62,0,59.57,Average
S104162,6.65,63.62,64.12,1,64.32,At_Risk
S104163,4.61,50.4,68.8,4,71.87,At_Risk
S104164,6.44,56.98,66.97,1,61.16,At_Risk
S104165,8.03,77.12,73.16,2,69.39,Average
S104166,6.61,64.58,58.14,1,58.91,At_Risk
S104167,6.68,65.54,92.24,1,84.1,At_Risk
S104168,8.28,76.88,85.76,1,73.07,Average
S104169,6.07,66.05,63.57,0,80.08,At_Risk
S104170,4.99,42.27,95.5,1,95.0,Average
S104171,6.79,70.35,36.4,2,58.14,Average
S104172,6.37,65.4,79.28,2,55.9,At_Risk
S104173,5.74,62.17,100.0,2,96.19,Average
S104174,6.77,57.98,64.81,0,58.48,At_Risk
S104175,7.64,69.0,79.54,1,60.73,Average
S104176,6.99,72.35,79.57,2,59.88,Average
S104177,7.4,62.8,65.16,0,54.94,Good
S104178,9.36,82.47,75.36,3,46.99,Average
S104179,6.55,60.3,90.17,1,69.15,At_Risk
S104180,7.36,70.71,56.87,0,74.46,Average
S104181,6.34,66.58,74.75,1,54.54,At_Risk
S104182,5.9,55.31,80.6,2,50.15,Average
S104183,6.24,56.84,59.3,1,59.56,At_Risk
S104184,6.38,61.83,69.68,2,59.2,At_Risk
S104185,7.47,72.82,74.83,2,71.74,Average
S104186,10.0,96.76,59.21,1,78.09,Excellent
S104187,6.07,56.94,87.51,3,58.05,At_Risk
S104188,6.46,53.53,72.0,2,74.94,At_Risk
S104189,6.92,62.05,59.3,2,89.43,Average
S104190,7.51,77.07,53.68,0,60.41,Average
S104191,7.34,70.5,64.96,1,60.02,At_Risk
S104192,8.67,81.07,64.44,1,74.43,Average
S104193,3.85,41.01,73.68,4,54.2,At_Risk
S104194,3.9,35.0,53.03,2,63.34,At_Risk
S104195,6.36,59.5,60.2,2,70.89,At_Risk
S104196,8.43,80.6,88.18,0,61.96,Good
S104197,4.96,45.4,48.4,0,53.66,At_Risk
S104198,3.5,35.0,60.6,1,67.53,At_Risk
S104199,7.74,72.8,52.63,2,57.81,At_Risk
S104200,7.32,63.91,71.22,1,57.41,At_Risk
S104201,5.58,53.76,77.67,2,68.29,At_Risk
S104202,5.72,49.02,100.0,1,61.99,At_Risk
S104203,5.74,55.19,81.03,0,84.96,Average
S104204,7.14,73.36,52.54,1,79.95,Average
S104205,6.19,58.0,75.59,3,78.98,Average
S104206,7.64,67.92,66.88,1,74.88,Average
S104207,3.5,35.0,62.17,4,87.64,At_Risk
S104208,5.89,53.0,68.3,2,73.43,At_Risk
S104209,5.54,54.97,79.63,1,66.62,At_Risk
S104210,6.67,62.74,78.86,4,56.21,Average
S104211,6.3,67.0,50.46,5,72.16,At_Risk
S104212,8.04,81.01,68.57,3,75.59,Average
S104213,4.58,42.92,55.06,1,46.63,At_Risk
S104214,7.06,69.92,70.11,1,39.88,Average
S104215,7.73,71.82,62.28,1,67.93,Average
S104216,9.41,89.57,78.66,2,76.66,Excellent
S104217,6.37,59.1,64.44,2,77.59,At_Risk
S104218,7.42,73.57,58.9,2,90.75,At_Risk
S104219,4.65,50.0,68.78,3,87.28,At_Risk
S104220,3.89,40.15,67.75,1,65.62,At_Risk
S104221,8.1,80.62,65.94,1,64.37,At_Risk
S104222,6.99,70.12,62.2,3,73.04,Average
S104223,8.53,83.26,36.0,1,64.93,Average
S104224,5.21,44.98,93.27,3,71.21,Average
S104225,7.68,79.72,50.54,3,52.01,At_Risk
S104226,9.43,96.8,71.13,1,54.97,At_Risk
S104227,7.55,70.75,72.91,1,56.26,Average
S104228,7.36,68.43,96.32,3,100.0,At_Risk
S104229,7.01,69.06,98.07,1,64.55,Average
S104230,4.96,49.3,73.3,2,66.53,At_Risk
S104231,8.76,82.43,54.68,1,91.75,Excellent
S104232,6.21,53.96,55.08,0,57.77,Average
S104233,7.66,73.95,59.91,1,82.12,Average
S104234,4.97,49.4,67.62,4,95.69,At_Risk
S104235,5.47,54.84,61.96,2,72.29,At_Risk
S104236,8.87,85.62,55.39,2,91.95,Average
S104237,6.55,61.13,69.16,1,61.33,At_Risk
S104238,8.89,88.42,57.05,2,58.54,At_Risk
S104239,6.9,65.8,85.98,2,74.64,Average
S104240,4.61,41.89,57.16,0,47.34,At_Risk
S104241,8.16,76.79,59.1,3,62.8,Average
S104242,6.23,52.23,69.46,0,63.07,Average
S104243,7.91,74.4,51.02,3,54.17,At_Risk
S104244,7.03,69.57,63.17,1,83.87,At_Risk
S104245,4.99,48.8,48.46,0,86.87,At_Risk
S104246,7.21,74.61,67.23,0,55.27,At_Risk
S104247,9.86,92.57,57.23,1,93.42,Good
S104248,7.64,74.54,61.57,3,87.26,Average
S104249,6.93,68.96,69.81,2,62.87,Average
S104250,8.4,89.15,62.79,1,71.82,At_Risk
S104251,7.27,69.68,77.54,1,48.89,Average
S104252,7.27,64.91,55.14,1,52.56,At_Risk
S104253,5.58,56.41,61.86,1,88.87,Average
S104254,7.3,76.85,63.78,0,77.63,Average
S104255,8.35,78.0,78.5,2,88.6,Average
S104256,5.91,59.54,81.72,0,59.96,At_Risk
S104257,8.85,89.01,55.36,1,87.83,Average
S104258,6.88,69.44,62.75,1,50.64,Average
S104259,5.85,56.04,42.85,2,44.31,At_Risk
S104260,8.3,76.03,67.99,2,73.1,Average
S104261,6.63,62.63,68.59,4,75.14,At_Risk
S104262,7.99,77.71,86.41,1,78.11,Average
S104263,6.62,66.53,65.73,0,63.66,At_Risk
S104264,6.92,67.1,66.42,0,74.52,Average
S104265,7.64,71.08,62.2,1,54.67,Average
S104266,7.38,72.31,74.87,1,95.22,Average
S104267,4.41,45.3,71.34,1,75.97,At_Risk
S104268,5.54,54.17,73.59,4,72.77,At_Risk
S104269,8.21,74.63,95.84,0,84.96,Good
S104270,6.83,64.14,48.65,3,83.62,At_Risk
S104271,6.32,63.82,32.43,2,62.13,At_Risk
S104272,5.23,44.19,77.26,1,81.37,Average
S104273,5.6,44.79,67.4,1,57.77,At_Risk
S104274,4.37,47.56,60.54,1,86.97,At_Risk
S104275,6.87,67.29,81.16,2,51.63,At_Risk
S104276,6.22,61.54,70.21,1,95.18,Average
S104277,5.74,50.26,62.71,0,53.35,At_Risk
S104278,6.91,68.61,79.61,2,78.83,At_Risk
S104279,7.47,72.1,77.77,1,63.44,At_Risk
S104280,9.72,86.01,76.47,2,87.23,Average
S104281,5.03,53.5,51.46,3,53.25,At_Risk
S104282,8.51,81.45,57.31,0,70.73,At_Risk
S104283,8.27,76.93,71.83,1,77.23,Average
S104284,5.99,55.37,74.14,1,66.08,At_Risk
S104285,7.26,61.0,86.26,4,61.98,Average
S104286,6.41,63.22,60.52,1,56.61,Average
S104287,7.24,69.84,67.96,2,68.98,Average
S104288,8.96,84.36,83.22,1,84.16,Good
S104289,7.79,79.09,66.19,0,47.73,Average
S104290,7.66,67.25,70.15,0,65.83,Average
S104291,6.44,58.8,67.43,1,52.47,Average
S104292,5.07,44.77,75.41,4,86.5,At_Risk
S104293,6.73,63.0,74.57,0,55.87,Average
S104294,8.57,81.67,47.11,0,56.55,Average
S104295,5.01,49.36,76.4,2,44.2,At_Risk
S104296,5.63,52.08,89.8,1,72.82,Average
S104297,7.16,64.55,49.97,0,60.39,At_Risk
S104298,5.72,61.08,72.42,0,81.6,Average
S104299,5.97,66.4,75.51,1,52.93,Average
S104300,6.45,61.84,50.84,1,71.01,At_Risk
S104301,5.22,46.61,58.09,2,73.22,At_Risk
S104302,5.73,60.37,59.14,3,79.73,At_Risk
S104303,7.91,69.4,70.83,1,78.98,Good
S104304,5.3,49.01,50.26,1,77.44,At_Risk
S104305,4.92,43.98,59.08,3,82.85,At_Risk
S104306,6.18,54.08,72.73,1,98.23,At_Risk
S104307,7.95,74.42,79.2,0,100.0,At_Risk
S104308,6.74,60.61,68.4,4,77.34,Average
S104309,6.4,60.81,54.33,3,77.09,At_Risk
S104310,7.06,67.16,64.45,2,80.49,At_Risk
S104311,4.73,42.46,70.63,4,71.6,At_Risk
S104312,7.64,71.13,87.79,1,43.66,Average
S104313,7.5,70.31,73.52,1,75.44,Average
S104314,6.47,65.0,95.12,2,57.29,At_Risk
S104315,8.31,78.33,78.76,2,95.2,Average
S104316,5.53,55.87,83.79,1,48.92,At_Risk
S104317,8.47,83.0,59.53,1,86.05,Average
S104318,7.2,70.69,77.89,0,82.09,Average
S104319,6.56,67.89,70.34,0,72.31,Average
S104320,6.97,61.78,99.84,0,79.02,Average
S104321,6.86,63.0,63.49,2,53.51,Average
S104322,8.59,88.62,91.15,0,93.24,Good
S104323,5.6,52.0,90.33,2,89.76,At_Risk
S104324,6.01,45.82,60.54,2,76.17,Average
S104325,8.35,78.49,72.05,2,90.01,Good
S104326,6.23,59.68,49.38,1,58.49,At_Risk
S104327,8.17,67.15,91.56,2,86.61,Good
S104328,9.21,92.82,40.08,1,78.11,Good
S104329,6.48,58.68,47.04,0,77.01,Average
S104330,7.89,76.23,65.99,0,49.45,Average
S104331,5.5,51.35,55.77,1,53.85,At_Risk
S104332,7.98,70.67,55.03,3,62.47,At_Risk
S104333,7.26,64.68,63.57,1,95.07,Average
S104334,7.61,68.6,80.45,0,74.83,Average
S104335,6.16,62.87,80.97,1,66.38,Average
S104336,4.84,45.4,73.97,0,70.62,At_Risk
S104337,7.65,70.63,74.48,1,73.51,At_Risk
S104338,4.32,37.28,68.51,3,63.81,At_Risk
S104339,6.59,67.37,81.48,3,82.35,Average
S104340,8.22,83.98,69.61,2,65.82,Average
S104341,7.25,73.61,57.8,3,77.92,At_Risk
S104342,9.53,92.53,64.45,0,73.86,Average
S104343,8.33,80.32,71.13,2,79.28,Average
S104344,6.15,53.56,79.14,2,73.97,Average
S104345,7.04,65.85,72.27,0,79.05,At_Risk
S104346,6.94,63.18,52.05,0,90.16,Good
S104347,4.94,39.7,78.98,3,84.15,At_Risk
S104348,5.78,59.11,63.22,4,60.96,At_Risk
S104349,6.27,57.0,74.82,1,90.04,At_Risk
S104350,4.35,46.14,47.53,5,89.6,At_Risk
S104351,7.06,70.61,75.52,0,85.73,Average
S104352,6.68,65.65,80.61,1,73.28,At_Risk
S104353,4.83,48.29,61.35,2,58.43,At_Risk
S104354,7.53,69.0,73.24,2,69.87,At_Risk
S104355,7.93,82.77,70.59,1,84.83,Excellent
S104356,7.3,69.0,58.81,1,74.92,Average
S104357,6.58,63.71,80.39,2,66.56,Average
S104358,7.77,71.21,65.25,1,66.28,At_Risk
S104359,7.88,71.18,62.92,3,65.59,At_Risk
S104360,7.4,72.21,75.79,3,45.78,Good
S104361,5.93,57.19,70.65,2,70.94,At_Risk
S104362,7.36,66.76,76.75,1,72.87,At_Risk
S104363,8.55,75.51,70.03,2,67.19,Average
S104364,6.22,54.0,73.41,0,95.13,Average
S104365,9.73,97.19,67.13,1,90.21,Excellent
S104366,6.32,57.56,59.4,2,66.96,At_Risk
S104367,7.04,65.54,58.72,3,78.51,At_Risk
S104368,6.13,64.0,59.33,1,72.48,At_Risk
S104369,7.29,64.77,61.33,1,57.24,Average
S104370,4.74,42.08,100.0,0,83.11,At_Risk
S104371,6.29,56.68,75.14,2,58.94,At_Risk
S104372,5.58,59.48,58.75,0,74.78,At_Risk
S104373,7.18,76.14,81.23,0,95.23,Good
S104374,8.29,81.79,92.44,2,53.37,Average
S104375,7.84,77.61,61.27,0,61.09,Good
S104376,3.92,35.0,62.05,1,67.2,At_Risk
S104377,9.65,99.51,44.63,1,77.85,Average
S104378,7.38,71.22,64.35,1,91.94,At_Risk
S104379,5.99,60.32,78.43,3,67.76,Average
S104380,7.2,68.02,63.63,2,95.74,Average
S104381,7.23,68.0,54.53,0,66.42,At_Risk
S104382,6.13,64.92,48.66,1,63.54,At_Risk
S104383,7.26,71.1,72.04,2,63.59,At_Risk
S104384,6.21,64.8,59.9,5,67.86,At_Risk
S104385,6.47,62.5,94.35,0,67.25,Average
S104386,6.11,54.63,68.69,3,93.74,At_Risk
S104387,5.14,46.47,57.89,2,64.9,At_Risk
S104388,7.19,68.71,79.46,3,78.78,At_Risk
S104389,7.76,71.22,94.53,3,94.97,Average
S104390,7.67,68.43,91.49,1,65.88,Good
S104391,8.07,81.43,56.04,0,91.29,Average
S104392,7.42,68.33,51.56,2,72.9,At_Risk
S104393,6.31,60.47,51.17,1,52.5,Average
S104394,8.09,78.05,77.09,1,67.78,Average
S104395,5.24,47.38,64.21,3,71.71,At_Risk
S104396,5.83,61.18,59.09,2,56.08,At_Risk
S104397,5.75,50.12,78.72,0,61.83,Average
S104398,8.4,80.89,56.56,2,71.53,Average
S104399,8.23,79.13,81.21,2,82.01,Good
S104400,7.63,72.3,54.95,1,45.78,At_Risk
S104401,8.39,74.55,63.48,2,74.64,Good
S104402,5.86,59.12,86.03,0,57.51,At_Risk
S104403,7.45,73.78,69.62,1,52.68,Good
S104404,6.84,62.25,54.58,3,82.95,Average
S104405,8.1,79.8,87.69,1,72.14,Average
S104406,6.85,66.58,82.75,2,48.48,Good
S104407,6.5,56.62,86.7,4,65.03,Average
S104408,7.7,69.76,45.79,1,78.55,Average
S104409,8.14,81.87,71.89,1,70.06,Average
S104410,6.13,59.48,58.85,0,70.15,At_Risk
S104411,6.92,63.49,60.13,3,54.36,Average
S104412,5.62,49.99,76.35,2,62.46,At_Risk
S104413,3.75,35.0,45.25,3,64.57,At_Risk
S104414,7.26,67.2,70.06,3,67.61,Good
S104415,7.79,70.64,87.93,1,84.94,Average
S104416,7.34,62.77,69.89,1,59.61,Average
S104417,4.47,46.98,82.22,1,73.1,At_Risk
S104418,6.54,66.05,69.57,0,52.52,At_Risk
S104419,4.12,35.0,56.92,1,66.4,At_Risk
S104420,8.78,83.96,93.09,0,67.14,Average
S104421,5.59,49.48,65.5,0,59.92,At_Risk
S104422,8.63,80.96,51.63,1,81.97,Average
S104423,8.23,76.8,49.96,4,71.93,Average
S104424,5.83,53.67,65.58,2,44.33,At_Risk
S104425,5.53,60.52,79.36,2,73.91,At_Risk
S104426,7.46,69.07,67.86,0,46.52,Average
S104427,5.9,52.8,48.53,1,55.28,At_Risk
S104428,7.13,64.72,69.09,4,54.19,At_Risk
S104429,6.37,64.71,82.18,5,78.07,At_Risk
S104430,4.68,37.89,66.34,1,88.63,At_Risk
S104431,4.1,35.9,86.94,2,54.21,At_Risk
S104432,7.29,75.09,57.13,4,58.73,At_Risk
S104433,6.27,60.54,79.67,4,67.12,At_Risk
S104434,6.28,60.44,74.29,1,46.74,At_Risk
S104435,7.9,83.62,74.87,1,85.9,Average
S104436,8.53,81.98,73.79,1,48.85,Average
S104437,6.65,60.3,63.72,2,70.02,Average
S104438,6.56,61.17,71.9,1,84.82,Average
S104439,7.65,68.14,62.45,0,62.7,Average
S104440,5.24,54.77,71.57,1,54.01,Average
S104441,7.29,71.55,71.8,1,83.94,Average
S104442,7.72,77.81,64.97,6,52.03,At_Risk
S104443,7.88,79.8,66.15,3,82.05,Average
S104444,4.48,40.92,49.43,3,97.45,At_Risk
S104445,6.01,53.32,68.68,1,60.64,Average
S104446,5.86,55.45,75.68,3,67.42,At_Risk
S104447,7.13,64.24,71.14,1,80.63,At_Risk
S104448,7.62,73.1,69.86,3,70.98,Average
S104449,8.95,89.51,49.33,1,79.93,Good
S104450,6.36,59.71,72.97,2,96.04,Average
S104451,6.35,60.95,52.01,0,70.07,Average
S104452,8.49,80.32,58.23,0,71.24,Good
S104453,7.39,73.37,53.0,0,82.68,At_Risk
S104454,8.65,79.48,54.6,1,70.07,Average
S104455,7.38,61.28,69.85,1,56.15,Average
S104456,5.5,54.09,50.4,3,51.12,At_Risk
S104457,5.27,53.99,51.98,0,61.15,At_Risk
S104458,4.98,49.12,88.57,0,83.03,At_Risk
S104459,7.86,72.12,92.26,2,71.83,Good
S104460,8.55,76.64,80.93,0,92.5,Good
S104461,9.4,91.32,64.11,0,89.99,Good
S104462,8.1,77.48,82.82,2,55.46,Average
S104463,8.51,80.36,74.95,3,47.07,At_Risk
S104464,6.25,66.63,42.67,1,64.77,At_Risk
S104465,5.5,48.43,83.08,0,79.68,At_Risk
S104466,8.11,84.1,51.73,4,62.89,Average
S104467,7.54,71.79,61.33,2,68.57,Average
S104468,7.14,60.48,71.93,0,53.81,Average
S104469,7.5,70.57,71.83,4,76.43,At_Risk
S104470,7.42,74.33,72.98,0,80.34,Good
S104471,8.67,80.89,83.56,0,64.94,Good
S104472,8.68,76.6,71.52,3,77.66,Good
S104473,7.71,72.56,70.06,2,85.11,Average
S104474,8.1,73.52,87.94,2,91.28,At_Risk
S104475,7.67,74.82,66.97,1,81.79,Excellent
S104476,6.4,63.9,66.5,2,68.89,Average
S104477,7.98,71.62,73.83,0,40.98,At_Risk
S104478,5.19,46.45,94.0,1,91.03,Average
S104479,8.37,82.54,59.05,3,63.66,Average
S104480,5.45,48.31,45.69,2,64.93,At_Risk
S104481,7.37,65.7,67.87,0,78.72,Good
S104482,5.9,51.35,86.16,0,70.23,Average
S104483,7.72,74.74,75.6,1,74.03,Average
S104484,6.96,67.32,61.31,4,63.28,At_Risk
S104485,4.93,44.07,68.09,0,70.33,At_Risk
S104486,7.55,71.72,55.22,2,74.01,Average
S104487,6.25,65.5,44.83,2,63.67,At_Risk
S104488,8.15,73.49,64.3,1,52.49,Average
S104489,7.0,58.7,55.06,1,85.34,At_Risk
S104490,7.51,73.2,63.93,0,70.84,Good
S104491,5.76,54.2,48.66,0,82.41,At_Risk
S104492,6.23,56.38,90.39,0,92.64,At_Risk
S104493,6.4,63.44,80.33,0,52.62,At_Risk
S104494,8.11,80.44,61.07,3,51.87,At_Risk
S104495,9.18,78.38,68.6,1,90.12,Good
S104496,5.95,53.95,81.8,1,89.99,At_Risk
S104497,8.4,89.07,72.0,1,55.65,Average
S104498,4.18,42.04,63.49,0,61.87,At_Risk
S104499,5.45,54.46,74.13,3,81.17,At_Risk
S104500,5.75,59.35,64.57,3,80.01,At_Risk
S104501,5.24,49.86,66.14,2,81.19,At_Risk
S104502,4.94,50.13,90.72,2,57.08,At_Risk
S104503,7.54,74.47,73.55,3,42.12,Average
S104504,6.72,66.01,66.98,0,71.97,At_Risk
S104505,7.49,69.9,55.06,0,83.14,At_Risk
S104506,7.9,75.72,75.03,2,46.42,At_Risk
S104507,7.35,67.43,81.47,2,75.38,Average
S104508,7.86,74.67,83.0,2,59.85,At_Risk
S104509,6.91,60.97,100.0,0,50.65,At_Risk
S104510,5.46,48.68,55.26,3,55.89,At_Risk
S104511,8.38,78.43,41.97,1,53.58,At_Risk
S104512,6.23,55.45,80.98,2,83.71,Average
S104513,5.78,52.93,52.41,2,76.53,At_Risk
S104514,6.77,63.65,52.95,3,66.79,Average
S104515,5.81,56.84,75.24,2,78.53,At_Risk
S104516,6.46,65.14,72.07,1,77.32,Average
S104517,7.45,68.89,59.67,3,63.97,At_Risk
S104518,7.45,76.14,57.31,4,72.01,Average
S104519,5.83,59.17,68.42,1,45.76,Average
S104520,6.37,62.49,61.76,0,54.51,Average
S104521,8.4,80.38,69.61,1,79.47,Average
S104522,7.65,73.91,55.01,0,64.97,Average
S104523,9.7,96.88,56.58,1,47.77,Good
S104524,8.53,86.0,47.89,3,66.92,At_Risk
S104525,8.49,85.97,72.76,3,51.87,Average
S104526,5.2,49.53,59.58,2,46.97,At_Risk
S104527,7.99,78.15,77.47,0,55.15,Good
S104528,6.93,71.0,39.38,0,88.85,At_Risk
S104529,6.28,57.2,49.98,1,85.48,At_Risk
S104530,7.22,67.3,65.73,0,82.06,Average
S104531,8.23,78.24,59.2,5,69.79,At_Risk
S104532,7.65,76.28,53.95,1,74.94,Average
S104533,5.86,59.31,64.36,2,55.88,At_Risk
S104534,7.97,74.8,64.28,1,45.79,Average
S104535,6.17,52.59,79.32,2,62.1,At_Risk
S104536,7.28,70.16,71.46,1,93.39,Average
S104537,6.61,59.08,82.64,1,50.1,Average
S104538,6.72,57.84,87.96,0,84.42,At_Risk
S104539,8.0,70.91,59.76,1,77.27,Average
S104540,5.65,55.0,82.33,2,82.64,At_Risk
S104541,9.53,95.97,79.36,1,82.25,Good
S104542,4.63,44.17,67.46,2,52.26,At_Risk
S104543,6.22,59.96,74.83,2,70.36,At_Risk
S104544,7.48,75.8,70.51,0,82.81,Good
S104545,7.76,67.54,67.24,2,84.73,Average
S104546,6.87,67.34,71.36,1,63.29,At_Risk
S104547,6.93,65.74,72.24,2,80.0,Average
S104548,7.53,73.83,81.27,1,71.76,Average
S104549,6.7,61.71,54.43,1,85.02,Average
S104550,8.81,80.43,77.91,1,85.96,Good
S104551,8.09,77.43,53.03,0,69.01,At_Risk
S104552,8.13,83.88,66.91,2,53.08,Average
S104553,5.74,58.01,71.4,2,67.32,At_Risk
S104554,6.9,63.49,35.34,1,84.06,At_Risk
S104555,6.61,57.43,64.21,1,58.85,Average
S104556,5.69,47.35,73.79,2,77.28,At_Risk
S104557,7.47,76.21,66.58,2,59.97,Good
S104558,6.3,56.04,56.07,2,64.2,At_Risk
S104559,7.85,73.29,77.42,2,63.77,Average
S104560,5.61,59.0,57.71,0,41.49,At_Risk
S104561,9.23,81.27,70.7,1,96.14,Average
S104562,5.83,61.4,66.56,3,85.07,Average
S104563,7.29,68.19,66.89,1,64.83,Average
S104564,8.03,71.69,70.2,1,64.72,Average
S104565,6.26,58.46,59.95,2,51.78,At_Risk
S104566,8.11,74.14,79.78,2,85.46,Average
S104567,5.4,53.08,57.44,0,73.98,At_Risk
S104568,8.89,82.0,78.89,0,77.88,Good
S104569,7.02,59.03,63.17,0,95.12,Average
S104570,6.22,58.25,42.15,0,57.74,At_Risk
S104571,6.61,57.38,57.84,1,70.32,Average
S104572,8.05,77.31,85.01,0,84.07,Average
S104573,6.24,54.53,83.05,3,95.81,At_Risk
S104574,6.03,55.29,42.59,1,89.14,Average
S104575,6.71,64.49,58.38,3,67.27,At_Risk
S104576,5.47,51.11,42.75,2,47.82,At_Risk
S104577,9.37,89.99,69.3,1,75.37,Average
S104578,6.26,62.23,59.19,0,90.07,Average
S104579,8.08,72.1,72.61,1,65.22,Average
S104580,7.27,68.83,76.77,3,71.71,Average
S104581,5.72,41.02,87.66,2,65.78,At_Risk
S104582,6.99,67.42,90.42,1,70.44,Average
S104583,8.02,74.98,93.0,0,87.78,Average
S104584,6.76,60.24,80.08,0,52.36,Average
S104585,8.55,82.5,66.09,1,56.96,Average
S104586,8.33,83.81,44.35,4,62.06,At_Risk
S104587,8.19,75.94,57.68,0,79.37,Average
S104588,6.4,57.04,50.35,0,97.27,Average
S104589,5.6,53.82,73.97,0,76.16,Average
S104590,6.2,53.58,95.09,1,82.43,At_Risk
S104591,7.26,66.3,56.39,2,83.09,At_Risk
S104592,7.71,78.13,48.72,3,80.61,Average
S104593,4.18,39.93,54.62,4,73.41,At_Risk
S104594,6.99,58.88,90.94,1,66.1,Good
S104595,7.21,61.26,84.4,1,83.85,Good
S104596,6.64,63.72,81.9,0,55.5,Average
S104597,8.68,85.9,50.5,1,53.38,Average
S104598,7.55,65.24,80.02,3,79.91,Average
S104599,8.7,84.48,68.73,0,73.76,Good
S104600,6.72,69.15,79.14,1,46.02,Average
S104601,8.22,85.63,54.17,4,68.56,At_Risk
S104602,9.13,88.02,67.67,2,68.96,Average
S104603,8.71,84.73,60.35,1,64.6,Average
S104604,5.58,44.48,76.97,3,73.49,At_Risk
S104605,6.67,71.77,96.63,2,36.01,Average
S104606,6.55,59.94,51.07,0,97.58,Good
S104607,7.64,68.81,65.26,1,78.76,Average
S104608,7.89,73.96,81.49,4,58.71,Average
S104609,5.91,62.19,62.67,4,61.46,Average
S104610,7.09,76.17,57.3,1,67.34,At_Risk
S104611,4.37,42.1,69.25,3,94.32,At_Risk
S104612,8.87,88.3,62.76,1,59.64,Average
S104613,6.33,60.34,90.77,0,79.79,Average
S104614,7.07,63.0,72.16,2,90.74,At_Risk
S104615,6.6,68.58,74.5,1,52.66,Average
S104616,8.49,78.16,56.75,3,63.45,Average
S104617,3.5,39.39,69.78,4,72.61,At_Risk
S104618,6.98,71.49,67.15,5,84.09,At_Risk
S104619,6.86,68.0,76.92,2,55.55,Average
S104620,6.41,68.21,76.64,1,88.37,Average
S104621,9.24,96.75,60.69,1,77.99,Good
S104622,5.85,54.84,69.68,1,67.2,At_Risk
S104623,8.0,72.8,80.66,2,84.02,Average
S104624,7.46,63.44,59.94,1,60.07,Average
S104625,8.64,91.06,92.77,2,88.27,Good
S104626,6.13,56.5,52.75,1,44.59,At_Risk
S104627,6.05,61.99,64.66,3,77.44,At_Risk
S104628,8.42,77.07,56.32,0,58.07,Average
S104629,7.55,77.91,74.62,3,66.82,At_Risk
S104630,4.99,44.62,68.15,3,55.04,At_Risk
S104631,6.3,55.07,50.52,4,67.84,At_Risk
S104632,7.5,70.44,95.08,0,69.44,Average
S104633,8.09,74.72,60.42,1,49.69,Average
S104634,6.12,60.5,42.34,1,55.03,At_Risk
S104635,3.5,35.0,71.08,3,89.21,At_Risk
S104636,7.68,75.47,69.64,2,56.33,Average
S104637,5.41,50.26,59.81,2,65.04,At_Risk
S104638,4.38,38.93,57.09,1,64.54,At_Risk
S104639,3.5,35.0,67.71,2,98.19,At_Risk
S104640,8.06,84.73,54.32,1,46.05,Average
S104641,7.17,68.99,79.11,0,67.23,Good
S104642,6.71,55.78,78.04,0,76.1,At_Risk
S104643,8.81,81.57,68.93,1,78.83,Average
S104644,7.83,75.0,52.96,3,80.81,At_Risk
S104645,9.1,93.84,53.37,0,55.24,Good
S104646,5.19,53.41,72.67,3,91.31,At_Risk
S104647,6.96,62.39,73.48,1,77.9,At_Risk
S104648,4.9,56.21,68.31,0,77.82,At_Risk
S104649,6.7,63.54,74.89,0,80.64,Average
S104650,6.68,68.41,74.88,1,89.46,Good
S104651,7.81,69.62,68.28,4,48.08,Average
S104652,7.06,57.0,69.04,1,49.13,At_Risk
S104653,7.81,68.57,46.85,0,77.33,Good
S104654,7.91,62.19,68.42,2,53.66,At_Risk
S104655,9.8,100.0,65.96,2,70.44,Average
S104656,6.59,63.46,57.47,1,91.08,At_Risk
S104657,5.78,51.18,75.65,5,60.81,At_Risk
S104658,7.32,71.35,67.18,3,67.33,At_Risk
S104659,5.96,57.0,71.8,2,67.42,Average
S104660,8.93,87.29,42.25,4,84.05,At_Risk
S104661,6.63,68.0,65.7,1,52.63,At_Risk
S104662,6.26,58.36,76.36,2,68.24,Average
S104663,6.39,57.16,63.05,0,57.9,At_Risk
S104664,7.93,78.68,65.72,2,81.65,Average
S104665,6.79,67.76,71.07,1,50.13,Average
S104666,6.17,58.98,67.89,2,55.75,Average
S104667,9.16,95.8,85.08,1,65.68,Average
S104668,5.89,54.18,74.97,1,55.52,At_Risk
S104669,7.05,63.34,74.04,2,61.29,Average
S104670,7.85,76.23,72.2,2,74.81,At_Risk
S104671,4.88,43.65,84.23,3,64.67,At_Risk
S104672,7.62,74.41,73.65,0,75.78,At_Risk
S104673,5.63,50.14,53.86,3,99.38,Average
S104674,8.07,75.06,81.48,2,62.22,Average
S104675,5.75,62.17,57.97,1,76.25,At_Risk
S104676,7.9,73.43,75.45,1,64.52,Average
S104677,8.44,76.96,52.95,0,62.09,Average
S104678,8.12,82.0,46.4,2,83.27,Average
S104679,7.33,65.4,64.45,2,48.23,At_Risk
S104680,6.7,60.87,89.64,5,88.77,At_Risk
S104681,6.25,61.69,55.02,1,80.82,Average
S104682,8.91,88.42,53.83,3,68.38,Good
S104683,6.09,62.74,58.75,2,75.29,Average
S104684,5.65,50.7,42.84,2,54.61,At_Risk
S104685,7.86,77.1,85.22,0,82.41,Good
S104686,5.97,54.8,92.36,3,48.59,At_Risk
S104687,5.76,52.34,65.75,3,69.07,At_Risk
S104688,5.12,53.48,58.11,0,57.96,At_Risk
S104689,6.37,58.34,61.78,0,87.32,At_Risk
S104690,6.89,66.59,54.82,0,53.15,At_Risk
S104691,7.32,70.12,69.29,1,90.94,Average
S104692,8.24,73.97,79.52,2,72.91,At_Risk
S104693,7.68,76.87,90.2,3,97.93,Average
S104694,6.75,66.38,57.89,2,68.22,At_Risk
S104695,6.74,56.11,56.36,1,90.45,At_Risk
S104696,7.66,73.91,75.79,2,36.25,Average
S104697,8.65,79.12,64.55,1,54.18,Average
S104698,7.16,72.45,67.17,2,64.74,At_Risk
S104699,6.39,54.92,64.3,3,64.82,At_Risk
S104700,5.71,52.81,71.58,0,55.49,Average
S104701,5.12,50.1,74.69,0,90.02,At_Risk
S104702,7.87,74.95,67.89,2,82.14,At_Risk
S104703,7.75,76.69,58.66,4,94.43,Average
S104704,7.75,67.56,81.5,1,59.99,Average
S104705,6.83,71.52,65.98,0,67.46,At_Risk
S104706,8.83,85.98,86.5,1,76.66,Average
S104707,6.37,65.96,54.4,0,91.7,Average
S104708,8.24,82.0,61.57,1,92.21,Good
S104709,6.95,65.98,49.88,1,73.42,At_Risk
S104710,6.21,53.85,77.21,1,65.65,Average
S104711,7.77,71.56,73.41,3,73.22,Good
S104712,7.53,77.92,75.22,0,81.34,Average
S104713,7.46,76.45,63.25,3,49.09,Average
S104714,7.11,65.03,78.06,3,67.06,Average
S104715,6.95,54.76,75.22,0,67.52,At_Risk
S104716,10.0,94.15,60.94,1,59.4,Average
S104717,8.54,79.97,92.91,7,45.62,At_Risk
S104718,7.94,74.43,68.42,0,87.75,Average
S104719,7.15,69.99,70.57,2,49.29,Average
S104720,8.31,82.44,79.48,0,43.48,Good
S104721,7.67,76.86,58.17,1,87.91,Average
S104722,7.03,68.61,67.83,2,47.76,Average
S104723,6.61,55.5,59.1,2,60.05,At_Risk
S104724,6.89,64.1,52.15,2,82.54,At_Risk
S104725,3.5,42.47,75.01,1,48.35,At_Risk
S104726,7.27,70.6,34.04,2,86.34,At_Risk
S104727,6.36,61.94,48.03,4,83.89,Average
S104728,9.07,87.6,77.77,0,87.21,Good
S104729,7.03,68.4,48.26,4,55.23,At_Risk
S104730,5.45,42.28,60.15,3,95.44,At_Risk
S104731,6.94,64.93,71.37,0,66.64,Average
S104732,5.64,53.43,74.56,0,76.18,Average
S104733,7.62,77.47,74.64,0,93.89,Good
S104734,7.38,70.28,76.8,2,80.41,Average
S104735,8.25,71.74,54.18,2,71.11,Average
S104736,5.97,58.45,74.6,4,73.78,At_Risk
S104737,7.04,63.7,61.85,1,49.24,At_Risk
S104738,5.23,44.77,33.19,3,84.55,At_Risk
S104739,7.91,71.83,89.35,0,66.92,Average
S104740,7.67,75.08,62.19,3,75.06,At_Risk
S104741,7.64,77.66,68.01,1,74.72,At_Risk
S104742,7.0,68.5,57.52,1,55.6,Average
S104743,7.54,74.15,74.81,3,80.06,Average
S104744,9.09,88.21,62.57,0,94.79,Good
S104745,6.63,63.0,58.09,1,85.63,Average
S104746,7.18,71.0,100.0,1,50.7,Average
S104747,5.59,43.41,31.29,0,61.45,At_Risk
S104748,5.87,56.22,61.11,1,85.64,At_Risk
S104749,7.13,63.53,70.49,1,55.14,At_Risk
S104750,8.44,84.79,52.4,1,61.56,Good
S104751,6.67,62.75,58.14,3,73.82,At_Risk
S104752,6.69,63.7,71.12,0,76.15,Average
S104753,6.47,55.45,34.9,0,65.18,At_Risk
S104754,6.3,63.96,87.16,2,80.08,Average
S104755,7.38,72.65,70.34,1,63.48,Average
S104756,5.05,50.24,69.86,1,73.32,At_Risk
S104757,8.67,79.1,67.63,1,75.36,Average
S104758,6.13,55.19,60.26,2,65.74,At_Risk
S104759,7.94,76.31,63.95,1,81.09,At_Risk
S104760,5.35,48.04,69.32,2,69.68,At_Risk
S104761,7.87,76.5,60.72,1,67.82,Average
S104762,7.87,66.15,62.97,0,51.23,At_Risk
S104763,7.5,69.29,73.31,2,89.88,Average
S104764,5.71,61.41,49.4,3,90.74,At_Risk
S104765,7.32,71.34,75.27,2,88.29,Average
S104766,5.46,52.6,98.58,1,75.07,Average
S104767,6.67,71.32,94.19,2,51.15,Average
S104768,8.34,69.87,71.83,1,46.3,Average
S104769,8.04,73.08,51.76,0,55.65,Average
S104770,7.02,65.08,85.98,0,84.92,Good
S104771,5.73,58.0,65.52,1,61.78,At_Risk
S104772,7.84,78.0,86.5,1,53.7,Good
S104773,7.03,63.28,58.07,2,72.47,At_Risk
S104774,3.98,41.8,60.36,3,69.54,At_Risk
S104775,8.02,74.55,74.26,1,65.15,Good
S104776,6.97,71.05,59.07,1,62.74,Average
S104777,8.56,77.22,92.4,0,60.34,Excellent
S104778,5.58,52.48,75.33,3,67.34,At_Risk
S104779,3.5,35.0,91.05,0,71.87,At_Risk
S104780,7.36,74.17,53.24,2,69.69,At_Risk
S104781,7.38,68.01,56.65,3,68.11,Average
S104782,4.8,45.45,100.0,1,62.94,Average
S104783,5.73,56.4,47.1,2,77.76,At_Risk
S104784,10.0,97.18,85.67,0,79.14,Excellent
S104785,6.6,66.27,70.6,1,80.96,Average
S104786,7.95,76.37,62.48,3,78.39,Average
S104787,6.15,56.79,80.94,1,86.08,Good
S104788,4.28,39.29,89.15,1,77.52,At_Risk
S104789,6.78,64.5,68.93,2,88.0,Average
S104790,6.65,64.22,71.69,5,81.39,At_Risk
S104791,6.48,60.97,70.17,0,100.0,Average
S104792,6.85,65.16,67.04,1,58.12,At_Risk
S104793,7.34,63.69,46.33,1,81.04,At_Risk
S104794,6.8,67.32,56.69,2,94.98,At_Risk
S104795,5.36,51.6,84.17,3,55.66,At_Risk
S104796,7.63,76.51,61.2,2,84.29,At_Risk
S104797,4.47,42.43,54.59,2,64.1,At_Risk
S104798,4.33,35.0,63.38,0,94.08,At_Risk
S104799,7.96,74.0,64.79,2,54.73,Average
S104800,7.66,71.96,49.4,0,81.23,Good
S104801,6.93,68.76,65.86,2,63.93,Average
S104802,5.19,40.99,69.21,1,86.71,At_Risk
S104803,6.08,57.92,58.66,1,49.44,At_Risk
S104804,6.66,65.31,72.16,2,59.37,At_Risk
S104805,4.93,44.14,100.0,0,90.39,At_Risk
S104806,6.04,57.67,63.96,0,88.46,At_Risk
S104807,7.85,72.05,52.02,1,92.95,Average
S104808,8.86,81.21,81.69,0,69.75,Average
S104809,6.45,59.7,80.61,0,42.25,Average
S104810,7.98,73.0,82.97,0,70.36,Average
S104811,4.51,45.6,72.56,2,85.45,At_Risk
S104812,7.86,71.7,60.39,3,70.75,At_Risk
S104813,5.95,52.96,70.02,1,88.61,Average
S104814,7.4,77.37,60.58,4,47.34,At_Risk
S104815,6.68,67.28,85.48,2,51.9,At_Risk
S104816,8.72,75.0,81.01,3,56.01,Average
S104817,5.86,52.64,47.44,4,47.11,At_Risk
S104818,7.82,75.0,62.23,0,85.61,Average
S104819,6.64,64.34,78.87,2,49.98,At_Risk
S104820,6.79,58.58,52.06,2,68.94,At_Risk
S104821,6.76,69.0,68.35,1,74.0,At_Risk
S104822,5.9,59.36,45.14,2,75.71,At_Risk
S104823,6.98,68.0,62.77,1,93.98,At_Risk
S104824,6.92,71.15,67.58,1,87.13,At_Risk
S104825,7.31,71.0,52.74,1,54.32,Average
S104826,7.11,69.34,69.68,1,85.68,At_Risk
S104827,8.04,82.59,74.83,3,78.12,Average
S104828,8.2,82.31,55.97,3,60.08,Good
S104829,5.63,50.16,77.39,1,76.47,Average
S104830,8.13,79.76,81.36,3,89.83,Average
S104831,5.46,49.19,65.42,1,68.94,Average
S104832,7.76,75.78,44.83,1,52.78,Average
S104833,7.81,76.06,59.66,4,56.03,At_Risk
S104834,4.52,37.36,71.6,2,64.23,Average
S104835,7.12,67.16,52.99,2,81.4,At_Risk
S104836,6.39,61.78,65.91,1,87.4,At_Risk
S104837,6.01,55.38,56.85,3,65.61,At_Risk
S104838,8.76,84.44,67.78,2,90.2,Good
S104839,6.15,61.65,65.09,2,61.62,At_Risk
S104840,5.95,56.4,67.4,0,46.38,At_Risk
S104841,7.1,68.33,74.3,0,89.5,Good
S104842,7.89,80.5,64.42,0,70.18,Good
S104843,6.82,66.64,89.56,1,41.92,Average
S104844,8.52,81.71,86.31,1,95.22,Good
S104845,7.69,69.23,73.78,3,93.43,At_Risk
S104846,4.17,42.28,74.25,0,73.3,At_Risk
S104847,6.31,61.28,60.81,2,80.99,At_Risk
S104848,6.27,64.7,72.82,2,62.36,At_Risk
S104849,7.62,72.61,75.02,1,64.71,At_Risk
S104850,3.59,35.0,75.26,0,79.47,At_Risk
S104851,10.0,88.2,81.61,2,64.49,Average
S104852,7.69,76.0,73.25,0,65.65,Average
S104853,7.19,66.06,72.16,1,52.6,At_Risk
S104854,8.54,82.84,84.54,0,75.07,Good
S104855,10.0,95.46,69.3,3,73.98,Average
S104856,8.13,77.0,60.19,2,91.93,Average
S104857,8.23,77.83,75.42,1,81.53,Good
S104858,7.17,64.65,76.58,2,89.15,At_Risk
S104859,6.82,64.69,63.16,1,62.99,Average
S104860,6.38,58.29,63.15,4,60.8,At_Risk
S104861,5.93,54.81,69.71,1,51.4,Average
S104862,6.11,56.72,84.59,1,87.74,At_Risk
S104863,5.24,48.91,61.56,0,88.44,At_Risk
S104864,6.9,69.25,49.96,1,72.27,At_Risk
S104865,4.81,45.18,48.89,1,74.84,At_Risk
S104866,7.25,72.95,51.13,2,54.58,At_Risk
S104867,6.95,72.2,52.6,0,88.66,Average
S104868,7.19,71.73,61.15,2,58.53,At_Risk
S104869,6.32,62.19,61.25,0,87.65,At_Risk
S104870,10.0,96.31,74.44,2,72.69,Average
S104871,8.77,86.76,84.4,0,79.13,Average
S104872,5.38,51.49,79.51,0,74.97,At_Risk
S104873,7.3,73.31,58.77,0,63.67,Good
S104874,6.21,61.45,60.24,2,52.42,Average
S104875,5.68,52.53,100.0,1,52.51,Average
S104876,5.26,53.53,48.33,3,76.27,At_Risk
S104877,7.56,72.2,79.89,1,67.85,Average
S104878,6.11,57.66,56.88,1,85.9,At_Risk
S104879,8.26,76.55,78.16,2,79.18,Average
S104880,8.29,79.44,83.4,2,61.54,Average
S104881,8.79,87.45,70.54,1,40.35,Average
S104882,5.89,59.53,81.99,1,74.88,Average
S104883,7.62,74.0,100.0,2,57.41,At_Risk
S104884,7.82,76.71,50.45,1,54.94,Average
S104885,6.38,65.73,81.95,2,72.03,Average
S104886,6.0,56.4,83.25,1,80.79,Average
S104887,9.09,81.92,49.37,1,44.78,At_Risk
S104888,7.3,74.51,72.79,3,83.75,At_Risk
S104889,7.83,72.24,66.04,1,49.36,At_Risk
S104890,5.93,53.59,76.49,3,61.73,At_Risk
S104891,5.41,44.26,71.09,1,59.99,At_Risk
S104892,6.26,61.75,79.15,1,71.57,At_Risk
S104893,6.84,58.48,56.71,0,73.94,At_Risk
S104894,5.62,50.36,96.27,0,77.31,At_Risk
S104895,6.99,68.73,70.84,2,63.98,At_Risk
S104896,4.8,48.53,89.38,0,69.63,Average
S104897,5.54,50.06,74.12,0,95.67,At_Risk
S104898,7.87,74.25,85.34,2,66.22,Good
S104899,7.78,70.47,68.56,2,90.52,Average
S104900,6.49,59.47,84.07,0,92.09,Good
S104901,5.68,55.0,55.2,1,64.91,At_Risk
S104902,5.66,51.8,81.47,1,93.5,At_Risk
S104903,6.51,60.91,58.69,2,57.39,At_Risk
S104904,7.84,68.6,65.88,1,63.8,At_Risk
S104905,8.21,82.5,54.07,2,96.04,At_Risk
S104906,6.35,62.41,59.56,2,67.16,At_Risk
S104907,5.5,55.43,64.2,2,44.86,Average
S104908,7.35,74.97,75.98,0,84.91,Good
S104909,5.93,53.03,72.76,0,82.77,At_Risk
S104910,6.33,58.67,63.16,1,74.17,At_Risk
S104911,8.72,75.29,75.76,1,53.36,Good
S104912,8.08,89.28,74.31,0,65.13,Good
S104913,7.21,67.85,63.63,1,72.87,At_Risk
S104914,5.35,54.95,62.98,2,64.23,At_Risk
S104915,7.27,64.16,63.59,2,63.93,At_Risk
S104916,8.38,83.61,94.48,0,90.17,Good
S104917,6.51,69.29,59.79,2,65.76,At_Risk
S104918,8.76,82.95,82.36,0,81.91,Good
S104919,8.68,78.42,58.26,1,79.92,Average
S104920,9.16,86.49,62.45,2,52.85,Average
S104921,7.4,61.36,74.26,3,65.43,At_Risk
S104922,7.76,73.6,76.88,1,75.61,Average
S104923,8.84,87.25,72.43,2,59.48,At_Risk
S104924,7.58,71.88,77.23,2,79.42,Average
S104925,6.35,59.17,76.43,1,75.5,At_Risk
S104926,6.42,63.07,76.18,1,84.31,Average
S104927,7.31,72.0,61.23,2,67.22,At_Risk
S104928,5.32,43.92,63.97,1,72.76,Average
S104929,6.81,65.09,68.07,1,53.13,Average
S104930,8.43,89.79,82.69,2,81.69,Average
S104931,4.15,35.0,76.93,1,40.37,At_Risk
S104932,8.99,85.11,69.39,5,47.2,At_Risk
S104933,8.46,88.13,70.37,2,66.36,Good
S104934,6.4,65.24,54.15,2,60.08,Average
S104935,7.71,71.0,64.83,0,45.25,Average
S104936,7.0,67.36,61.55,0,81.62,At_Risk
S104937,8.6,81.68,79.49,2,86.93,Average
S104938,8.28,75.64,70.74,3,88.86,Good
S104939,5.18,49.0,83.98,2,85.38,At_Risk
S104940,7.76,72.63,98.19,2,55.72,Good
S104941,6.73,64.41,78.86,2,75.29,At_Risk
S104942,7.11,64.53,55.85,2,81.3,At_Risk
S104943,6.05,52.4,65.5,2,50.49,At_Risk
S104944,9.27,87.92,46.82,0,86.43,Average
S104945,8.35,86.21,91.19,2,48.69,Average
S104946,6.04,57.69,97.78,1,66.91,At_Risk
S104947,5.27,48.69,55.87,2,62.94,At_Risk
S104948,6.5,64.75,62.67,0,55.68,Average
S104949,7.56,71.23,60.67,1,57.26,Average
S104950,7.31,76.94,57.03,0,81.28,Average
S104951,8.63,81.96,49.02,1,65.15,Average
S104952,8.03,79.06,79.08,3,65.46,Average
S104953,8.26,75.46,54.07,1,56.05,At_Risk
S104954,7.42,72.55,67.98,2,75.96,Average
S104955,5.19,50.44,57.85,2,71.2,At_Risk
S104956,6.75,63.86,45.8,2,43.28,At_Risk
S104957,8.38,77.59,59.91,1,52.77,Average
S104958,6.93,63.31,49.42,3,79.14,At_Risk
S104959,7.65,73.84,68.04,2,67.92,Average
S104960,6.59,65.1,75.83,4,44.58,At_Risk
S104961,5.66,53.27,75.53,2,75.23,At_Risk
S104962,6.84,66.13,71.3,1,56.16,At_Risk
S104963,7.4,70.17,76.43,1,55.74,At_Risk
S104964,6.15,58.8,55.81,1,52.89,Average
S104965,6.69,62.79,63.93,1,90.44,At_Risk
S104966,5.78,54.97,63.93,2,73.38,At_Risk
S104967,8.46,91.11,49.08,1,50.49,Good
S104968,6.62,64.11,57.39,2,64.67,At_Risk
S104969,8.89,87.02,53.61,0,58.01,Average
S104970,8.99,87.0,66.1,3,64.6,Average
S104971,6.89,64.45,75.41,1,49.51,At_Risk
S104972,5.69,59.22,62.46,1,64.02,Average
S104973,4.29,39.57,55.52,1,60.35,At_Risk
S104974,5.09,52.54,69.4,1,63.07,At_Risk
S104975,5.21,48.2,62.44,2,72.7,At_Risk
S104976,8.79,79.7,59.09,1,85.4,Average
S104977,7.15,69.39,88.36,2,83.29,Average
S104978,7.51,66.89,81.66,1,81.75,At_Risk
S104979,4.11,41.22,69.87,2,61.14,At_Risk
S104980,5.44,46.93,61.41,2,66.61,At_Risk
S104981,8.15,76.18,62.21,1,69.5,Average
S104982,7.37,64.31,57.19,2,85.8,At_Risk
S104983,6.81,75.98,58.7,1,92.71,At_Risk
S104984,7.73,66.86,66.65,1,74.84,At_Risk
S104985,9.13,86.74,35.82,1,76.94,Good
S104986,6.71,68.34,86.26,1,78.02,Good
S104987,7.09,71.5,73.18,1,76.2,Average
S104988,7.25,72.28,56.76,2,51.09,At_Risk
S104989,10.0,93.73,86.69,4,75.22,Average
S104990,4.27,45.98,76.22,1,41.71,At_Risk
S104991,7.89,78.59,78.05,2,54.54,Average
S104992,6.85,65.9,63.52,2,56.33,At_Risk
S104993,7.74,74.46,74.84,5,45.65,At_Risk
S104994,6.15,57.17,46.24,0,48.21,At_Risk
S104995,6.94,62.26,72.09,1,83.66,At_Risk
S104996,7.92,80.23,63.44,3,54.97,At_Risk
S104997,10.0,100.0,80.41,1,48.78,Good
S104998,8.05,73.0,63.06,0,63.63,Average
S104999,5.9,55.0,60.75,2,52.66,At_Risk
S105000,6.45,60.69,83.34,4,71.12,Average
S105001,6.41,60.77,82.51,3,55.13,At_Risk
S105002,4.67,44.58,78.16,1,85.73,At_Risk
S105003,6.57,66.21,73.78,0,72.6,Average
S105004,7.95,72.56,76.92,0,56.07,Average
S105005,5.34,47.38,64.83,1,63.52,At_Risk
S105006,8.36,84.4,56.73,2,55.08,Average
S105007,7.63,70.67,72.24,0,93.5,At_Risk
S105008,6.05,52.38,45.57,0,60.43,At_Risk
S105009,6.82,62.81,85.28,0,73.67,Average
S105010,9.08,84.92,66.75,0,82.43,Good
S105011,7.95,81.78,65.89,2,53.21,Average
S105012,7.01,70.31,55.84,0,86.78,Good
S105013,6.69,68.15,85.03,0,69.75,Average
S105014,7.1,71.0,77.23,2,83.29,At_Risk
S105015,6.33,63.96,71.28,0,47.56,Average
S105016,4.26,37.75,75.16,2,56.14,At_Risk
S105017,9.65,90.93,69.43,1,60.7,Good
S105018,7.2,64.46,78.85,0,47.69,At_Risk
S105019,7.52,70.58,63.48,0,62.01,At_Risk
S105020,6.92,68.52,68.28,2,63.11,At_Risk
S105021,6.04,57.96,75.12,4,72.17,At_Risk
S105022,6.76,69.45,49.74,2,60.09,At_Risk
S105023,4.92,42.18,51.29,3,51.98,At_Risk
S105024,9.96,96.62,91.91,2,62.73,Excellent
S105025,5.4,46.0,56.73,0,69.84,At_Risk
S105026,5.66,54.13,87.88,0,77.08,Average
S105027,6.43,64.02,63.36,1,67.59,At_Risk
S105028,8.67,81.5,53.72,1,64.25,At_Risk
S105029,7.02,68.88,83.55,0,81.52,At_Risk
S105030,5.39,47.39,75.92,2,62.37,At_Risk
S105031,8.63,75.0,77.39,3,56.62,At_Risk
S105032,7.95,77.76,52.58,2,86.16,Average
S105033,7.7,80.0,73.81,1,77.81,Good
S105034,7.93,71.36,28.48,0,61.47,At_Risk
S105035,10.0,99.89,73.17,3,42.92,Good
S105036,9.84,93.66,56.38,3,66.12,Average
S105037,6.11,52.68,86.59,3,39.17,At_Risk
S105038,9.11,82.03,80.17,3,54.33,Good
S105039,7.5,71.3,70.4,1,61.86,At_Risk
S105040,7.65,71.05,82.04,4,38.06,Average
S105041,4.8,40.35,99.15,1,82.5,At_Risk
S105042,6.78,57.62,67.35,3,85.23,At_Risk
S105043,5.94,53.07,72.48,0,79.85,Average
S105044,8.08,77.5,51.81,0,68.01,Average
S105045,8.39,79.7,56.74,2,59.58,At_Risk
S105046,4.3,38.88,56.1,0,63.2,At_Risk
S105047,6.97,67.04,68.68,1,52.57,At_Risk
S105048,8.46,84.52,72.89,1,76.33,Average
S105049,6.76,65.77,59.2,1,82.75,At_Risk
S105050,7.95,75.02,71.71,0,82.5,Average
S105051,7.46,74.55,80.99,1,74.88,Average
S105052,7.44,66.88,70.35,2,84.59,Average
S105053,6.65,62.25,82.19,1,63.69,At_Risk
S105054,5.42,50.67,45.2,4,83.26,At_Risk
S105055,5.54,47.7,47.45,1,54.44,At_Risk
S105056,7.92,73.58,76.25,2,47.72,At_Risk
S105057,7.03,58.44,71.2,1,77.5,Average
S105058,6.82,72.44,69.06,2,50.92,At_Risk
S105059,6.45,57.52,69.51,0,44.84,Average
S105060,6.6,69.08,53.27,0,62.8,At_Risk
S105061,8.36,79.58,45.83,2,79.87,Average
S105062,6.56,64.62,80.11,1,71.82,At_Risk
S105063,5.26,47.98,82.27,4,62.05,At_Risk
S105064,7.97,76.52,59.12,1,86.14,Average
S105065,6.73,66.57,40.49,0,50.86,At_Risk
S105066,7.04,69.55,66.23,1,56.64,Good
S105067,9.09,89.45,59.2,1,55.79,Good
S105068,6.97,64.77,78.8,2,70.05,At_Risk
S105069,7.38,68.15,55.56,0,82.97,Good
S105070,5.47,46.0,77.29,2,87.49,At_Risk
S105071,6.71,65.88,69.39,0,69.91,Average
S105072,7.79,78.36,84.95,3,89.82,Average
S105073,4.98,53.8,75.26,3,80.04,At_Risk
S105074,7.26,70.2,62.91,1,72.58,Average
S105075,7.13,64.68,72.86,1,72.15,At_Risk
S105076,7.05,60.22,68.12,1,69.57,Average
S105077,8.35,83.48,48.19,2,74.17,At_Risk
S105078,7.43,63.45,75.96,1,81.07,Average
S105079,8.92,83.39,67.4,3,67.85,Average
S105080,5.71,53.33,40.33,1,72.42,At_Risk
S105081,7.18,67.9,49.27,2,77.2,At_Risk
S105082,7.11,67.69,60.67,1,81.55,Average
S105083,5.61,53.85,79.39,3,86.07,At_Risk
S105084,8.24,68.65,59.72,3,88.61,Average
S105085,10.0,95.06,77.73,2,56.99,Excellent
S105086,6.98,57.0,78.29,2,69.04,At_Risk
S105087,7.66,75.67,65.64,1,90.91,Good
S105088,7.11,65.32,77.94,2,53.56,At_Risk
S105089,6.07,49.06,67.37,2,90.18,At_Risk
S105090,4.63,40.8,58.33,1,90.01,At_Risk
S105091,6.08,55.5,65.14,2,90.69,At_Risk
S105092,5.19,54.07,57.87,5,86.53,At_Risk
S105093,9.22,88.33,78.58,1,84.98,Good
S105094,6.85,66.46,74.16,0,71.44,Average
S105095,6.55,66.95,88.1,2,86.54,At_Risk
S105096,8.16,77.0,67.2,1,57.15,Average
S105097,5.54,55.66,73.14,4,87.46,At_Risk
S105098,6.0,59.76,71.99,2,87.27,At_Risk
S105099,7.09,62.19,75.04,1,80.67,At_Risk
S105100,8.34,85.1,73.82,2,80.24,Average
S105101,7.65,67.0,58.27,2,78.86,Average
S105102,7.32,73.24,69.84,3,87.49,At_Risk
S105103,7.1,61.4,68.53,0,73.49,Average
S105104,7.52,73.85,96.82,2,87.88,Average
S105105,7.26,76.44,45.7,1,73.51,At_Risk
S105106,5.66,53.0,78.33,3,84.01,At_Risk
S105107,7.06,66.04,88.03,4,58.28,At_Risk
S105108,5.6,55.68,56.2,2,47.28,At_Risk
S105109,7.11,66.18,96.24,1,88.35,Average
S105110,6.38,67.84,70.49,1,77.36,At_Risk
S105111,10.0,95.77,65.57,3,68.82,Excellent
S105112,6.95,64.73,69.53,2,76.87,Average
S105113,5.17,47.0,70.77,2,76.09,At_Risk
S105114,6.83,61.11,71.49,1,50.24,Average
S105115,7.68,70.4,52.99,0,89.0,Average
S105116,9.18,85.76,74.21,3,90.43,Average
S105117,6.23,57.27,45.86,5,65.46,At_Risk
S105118,4.94,44.3,62.78,2,65.34,At_Risk
S105119,8.06,84.98,63.76,1,76.97,Good
S105120,5.21,45.3,68.97,1,54.46,At_Risk
S105121,6.43,61.7,67.24,3,69.71,At_Risk
S105122,6.67,65.69,71.73,1,60.09,At_Risk
S105123,6.91,68.16,50.82,2,49.75,At_Risk
S105124,7.9,74.78,68.54,2,80.94,Average
S105125,6.11,57.0,56.52,1,96.81,Average
S105126,6.64,64.93,72.18,1,55.93,Average
S105127,6.98,67.39,90.94,2,74.41,Average
S105128,7.19,67.31,69.52,1,63.44,At_Risk
S105129,7.13,61.46,88.5,0,86.34,Average
S105130,7.57,70.01,71.47,0,71.45,Average
S105131,8.1,72.34,59.63,1,72.32,Average
S105132,7.51,68.68,71.08,0,45.11,Average
S105133,7.59,72.23,41.44,3,94.62,Average
S105134,4.94,48.39,71.32,1,100.0,At_Risk
S105135,7.07,74.24,84.58,1,61.43,Average
S105136,7.62,70.0,55.07,2,55.5,Average
S105137,7.95,78.6,82.17,1,72.65,Average
S105138,6.1,59.17,56.3,0,83.3,Average
S105139,6.14,63.5,66.26,2,92.4,Average
S105140,6.25,61.71,54.28,0,75.4,At_Risk
S105141,7.7,69.09,68.21,0,51.82,Average
S105142,8.34,72.38,100.0,2,50.82,Good
S105143,6.47,62.71,60.46,0,63.66,At_Risk
S105144,8.18,75.6,65.99,2,52.95,Average
S105145,7.16,64.1,68.32,1,76.29,Average
S105146,6.84,59.89,66.26,1,81.57,At_Risk
S105147,6.73,64.53,82.88,3,47.8,Average
S105148,7.97,81.75,59.94,2,49.24,Average
S105149,7.42,68.89,72.29,2,58.91,At_Risk
S105150,9.96,96.97,62.99,2,55.57,Average
S105151,5.89,55.57,88.93,1,94.44,Average
S105152,7.67,67.74,71.38,0,80.93,Average
S105153,6.31,62.9,69.91,0,43.65,Average
S105154,5.87,51.39,77.42,0,63.02,At_Risk
S105155,6.99,66.0,86.94,3,79.21,Average
S105156,7.18,66.83,81.32,1,59.92,At_Risk
S105157,10.0,98.57,79.45,0,56.22,Excellent
S105158,6.76,59.99,84.4,0,63.76,Average
S105159,5.53,54.11,68.1,0,72.18,At_Risk
S105160,7.35,66.51,94.87,0,53.83,Average
S105161,4.3,38.83,79.05,0,63.57,At_Risk
S105162,6.88,50.82,75.46,3,48.94,At_Risk
S105163,7.02,75.07,66.74,2,79.47,Average
S105164,8.03,78.52,48.67,2,62.94,Average
S105165,8.27,75.45,69.02,1,60.44,Average
S105166,6.35,55.78,56.85,0,62.95,Average
S105167,6.8,62.66,62.26,3,98.85,At_Risk
S105168,6.0,59.91,69.74,1,94.04,Average
S105169,5.53,45.0,85.65,2,74.32,Average
S105170,7.4,69.76,66.49,1,57.83,Average
S105171,5.34,57.85,55.35,1,55.93,At_Risk
S105172,6.46,56.84,49.35,1,59.93,At_Risk
S105173,5.71,54.53,54.07,3,92.91,At_Risk
S105174,7.71,82.1,95.96,1,81.89,At_Risk
S105175,9.34,91.28,60.68,1,51.52,At_Risk
S105176,5.31,50.93,44.85,2,79.67,At_Risk
S105177,4.59,45.64,71.9,4,86.41,At_Risk
S105178,6.84,63.35,60.19,2,63.75,At_Risk
S105179,7.02,71.89,67.78,2,62.13,At_Risk
S105180,7.28,67.6,79.49,1,86.97,Average
S105181,6.42,53.15,84.05,1,73.95,Average
S105182,6.74,62.46,66.77,0,92.53,Average
S105183,7.48,67.17,72.45,0,47.1,Good
S105184,8.35,78.22,85.15,4,76.97,Good
S105185,4.46,41.3,57.93,2,47.62,At_Risk
S105186,6.52,66.73,51.6,3,51.97,At_Risk
S105187,7.28,71.92,74.42,2,64.28,At_Risk
S105188,5.81,56.22,54.66,2,91.59,At_Risk
S105189,9.25,87.87,62.36,0,61.44,Average
S105190,6.17,54.42,68.08,1,85.29,At_Risk
S105191,6.95,57.27,70.68,3,87.18,Average
S105192,7.72,73.82,64.26,1,86.2,At_Risk
S105193,6.23,62.38,80.94,1,78.26,Good
S105194,4.6,43.26,67.0,0,72.1,At_Risk
S105195,6.44,59.07,46.76,3,47.03,At_Risk
S105196,8.34,81.07,70.98,2,54.01,At_Risk
S105197,6.56,62.01,69.96,2,89.09,At_Risk
S105198,5.9,62.79,64.21,2,99.04,At_Risk
S105199,8.2,82.86,64.87,1,88.92,Good
S105200,6.57,66.25,61.56,0,69.57,At_Risk
S105201,6.34,63.23,56.89,1,77.6,Average
S105202,7.19,63.19,87.57,3,50.62,At_Risk
S105203,8.0,78.67,76.13,1,69.5,Average
S105204,10.0,96.51,76.82,2,68.7,Good
S105205,8.08,79.1,65.15,3,71.01,Average
S105206,8.51,83.0,56.41,0,54.47,Good
S105207,6.34,62.0,28.6,2,50.24,At_Risk
S105208,5.67,64.63,82.86,4,63.05,At_Risk
S105209,7.08,66.97,94.84,3,71.86,Average
S105210,7.14,71.57,50.4,1,46.75,At_Risk
S105211,5.6,51.3,42.43,2,76.23,At_Risk
S105212,6.77,67.5,76.51,2,76.18,At_Risk
S105213,7.52,75.19,91.3,1,48.16,Average
S105214,7.47,72.41,58.21,0,82.09,Average
S105215,7.66,79.4,93.44,2,73.32,Average
S105216,7.38,66.56,74.4,2,74.4,Average
S105217,6.34,58.29,35.57,3,83.75,At_Risk
S105218,6.33,61.0,82.99,1,56.06,At_Risk
S105219,5.44,55.22,64.78,1,92.57,Average
S105220,9.32,89.26,66.31,2,72.57,At_Risk
S105221,7.02,71.81,64.48,3,47.37,Average
S105222,6.71,61.08,69.07,1,56.95,Average
S105223,5.79,50.47,56.89,2,97.27,Average
S105224,10.0,96.23,52.81,2,67.57,Average
S105225,5.6,52.94,75.85,0,59.25,Average
S105226,6.44,63.38,52.12,2,75.44,At_Risk
S105227,7.54,71.53,54.08,1,88.43,Average
S105228,7.78,72.55,42.24,1,69.43,At_Risk
S105229,8.25,78.03,80.19,2,88.89,Average
S105230,9.35,88.94,98.89,3,70.86,Excellent
S105231,7.66,71.53,50.61,2,58.21,At_Risk
S105232,5.63,52.65,58.5,2,47.98,At_Risk
S105233,6.67,61.71,67.84,1,82.31,Average
S105234,7.4,73.73,78.68,2,58.19,Average
S105235,9.69,92.82,67.05,2,48.56,Good
S105236,5.18,58.26,89.39,1,68.89,At_Risk
S105237,8.56,81.99,58.27,2,53.72,Average
S105238,7.23,66.52,68.05,3,71.15,At_Risk
S105239,8.09,87.53,68.49,0,65.73,At_Risk
S105240,6.87,66.89,45.2,1,91.85,Average
S105241,5.9,60.06,66.36,3,53.2,At_Risk
S105242,7.98,78.14,72.04,1,61.01,Average
S105243,7.85,77.1,48.39,2,76.45,Average
S105244,8.26,80.65,58.32,1,56.07,Average
S105245,6.98,61.93,91.64,0,85.97,Average
S105246,6.22,60.6,58.26,3,71.41,At_Risk
S105247,4.97,41.95,69.63,1,72.24,At_Risk
S105248,8.07,75.92,64.05,4,70.48,At_Risk
S105249,7.55,68.83,59.94,1,92.41,Average
S105250,5.74,56.0,52.43,0,45.55,At_Risk
S105251,6.3,61.19,72.72,0,64.83,At_Risk
S105252,6.39,62.66,55.88,2,89.39,At_Risk
S105253,5.07,49.3,62.65,3,75.72,At_Risk
S105254,5.94,54.0,84.0,1,68.09,Good
S105255,5.53,51.0,56.49,2,76.07,At_Risk
S105256,6.46,65.09,82.9,2,73.57,Average
S105257,6.04,61.65,62.06,3,91.53,At_Risk
S105258,4.88,41.82,65.29,0,81.67,At_Risk
S105259,9.63,85.36,74.01,1,92.87,Excellent
S105260,8.63,79.0,49.66,1,75.8,Average
S105261,5.99,61.1,77.39,0,49.84,Average
S105262,7.35,74.72,55.04,2,83.2,At_Risk
S105263,7.54,67.96,70.34,0,86.01,Average
S105264,8.55,82.44,52.76,1,42.3,Average
S105265,5.94,63.73,72.76,1,54.5,At_Risk
S105266,8.42,81.65,49.87,2,63.0,At_Risk
S105267,6.29,65.4,60.67,2,81.3,At_Risk
S105268,5.26,54.0,60.85,1,68.95,At_Risk
S105269,7.94,71.8,74.64,3,54.19,Average
S105270,8.68,81.68,86.75,0,75.65,Average
S105271,10.0,95.14,61.98,1,83.29,Good
S105272,5.44,52.1,63.44,5,50.41,At_Risk
S105273,7.91,78.8,58.6,0,75.91,Good
S105274,6.47,63.07,88.3,1,54.81,Average
S105275,8.02,64.43,64.35,1,90.01,At_Risk
S105276,5.09,43.09,74.05,1,55.32,Average
S105277,5.36,42.16,72.89,1,43.71,At_Risk
S105278,5.99,58.0,57.45,0,61.49,At_Risk
S105279,7.1,68.44,75.08,2,67.7,Average
S105280,6.17,59.72,84.11,2,57.4,At_Risk
S105281,7.86,70.8,62.19,0,51.9,Average
S105282,8.33,81.88,80.46,2,45.12,Average
S105283,7.78,76.77,71.69,2,72.5,Average
S105284,9.1,81.47,52.54,1,90.46,Average
S105285,7.54,65.8,88.13,2,51.75,Average
S105286,5.42,51.47,77.81,2,45.36,At_Risk
S105287,8.77,90.5,51.39,4,86.11,Good
S105288,6.21,65.83,55.8,3,64.64,At_Risk
S105289,8.18,80.0,84.76,1,62.92,Average
S105290,9.05,83.02,55.2,2,97.88,At_Risk
S105291,7.59,75.7,50.57,0,54.48,At_Risk
S105292,5.05,46.0,47.59,4,64.9,At_Risk
S105293,5.81,52.09,59.31,0,71.99,At_Risk
S105294,8.72,74.26,77.17,1,91.89,Good
S105295,6.78,64.8,71.29,1,63.54,At_Risk
S105296,7.1,64.96,51.54,2,87.74,At_Risk
S105297,7.99,76.26,64.27,3,52.53,Average
S105298,7.91,65.9,76.13,0,47.08,Average
S105299,7.36,70.62,56.83,5,45.53,At_Risk
S105300,6.73,54.2,65.69,4,67.16,At_Risk
S105301,6.59,66.99,90.45,3,81.63,Average
S105302,8.12,79.18,68.87,0,45.03,At_Risk
S105303,7.72,72.22,88.95,1,94.21,Average
S105304,6.67,65.57,57.8,5,81.32,At_Risk
S105305,8.41,75.95,62.48,1,58.2,Average
S105306,6.83,65.2,84.35,1,54.83,Average
S105307,5.89,59.16,68.79,4,68.99,At_Risk
S105308,6.01,44.75,52.05,2,73.66,At_Risk
S105309,5.73,52.62,94.42,3,75.3,At_Risk
S105310,6.65,63.05,71.63,1,76.11,At_Risk
S105311,8.6,80.95,92.41,2,69.03,Average
S105312,5.95,62.39,59.22,2,48.82,At_Risk
S105313,7.25,64.33,65.74,0,52.54,Average
S105314,6.15,55.91,76.76,2,58.92,At_Risk
S105315,6.66,55.62,86.26,1,89.34,At_Risk
S105316,5.04,53.9,81.51,1,56.66,At_Risk
S105317,6.71,62.8,36.67,0,66.24,At_Risk
S105318,6.75,62.35,58.83,2,83.36,Average
S105319,7.7,72.96,69.94,1,64.67,Average
S105320,7.29,71.8,77.92,1,61.26,Average
S105321,5.44,53.09,63.36,0,89.86,At_Risk
S105322,8.41,90.48,62.87,3,91.59,Average
S105323,7.27,70.91,70.9,1,58.42,At_Risk
S105324,7.26,67.0,56.73,3,58.71,At_Risk
S105325,6.99,64.0,59.53,0,86.15,Average
S105326,6.33,58.53,70.09,1,64.8,At_Risk
S105327,7.28,63.18,67.49,0,59.83,Average
S105328,7.62,72.53,52.89,1,64.19,Average
S105329,4.73,48.06,71.41,3,87.49,At_Risk
S105330,6.3,57.39,73.41,1,84.35,At_Risk
S105331,6.67,60.12,85.9,1,52.52,At_Risk
S105332,7.33,75.73,67.44,2,78.96,Average
S105333,8.55,75.53,82.76,1,81.8,Good
S105334,6.0,48.7,41.65,1,54.81,Average
S105335,6.35,55.74,67.27,3,72.59,At_Risk
S105336,6.33,54.01,61.5,2,72.91,At_Risk
S105337,5.96,58.15,61.58,1,100.0,At_Risk
S105338,6.55,60.77,73.56,1,49.72,At_Risk
S105339,8.0,75.0,44.26,1,89.62,Average
S105340,5.63,58.1,46.04,1,58.23,At_Risk
S105341,7.56,69.02,75.69,0,92.06,Average
S105342,4.79,49.0,70.46,1,57.35,At_Risk
S105343,6.27,65.6,58.5,0,68.42,Average
S105344,6.57,60.61,84.89,1,90.68,At_Risk
S105345,9.18,90.1,81.31,0,88.07,Average
S105346,6.64,62.14,72.5,1,54.21,At_Risk
S105347,4.14,43.01,49.87,1,46.87,At_Risk
S105348,4.4,35.53,85.41,3,72.31,At_Risk
S105349,7.04,60.34,43.34,0,74.36,At_Risk
S105350,7.8,72.51,53.5,2,76.6,At_Risk
S105351,7.49,67.58,78.54,0,50.15,Average
S105352,7.22,66.5,48.57,1,81.0,Average
S105353,8.51,79.98,85.91,0,79.13,Average
S105354,6.3,63.0,93.05,1,80.44,Average
S105355,8.16,75.92,76.28,2,67.78,Average
S105356,4.88,43.05,58.4,0,81.11,At_Risk
S105357,5.82,53.92,51.13,3,80.76,At_Risk
S105358,4.65,41.11,48.2,2,60.91,At_Risk
S105359,6.64,59.0,71.91,0,86.58,Average
S105360,6.94,59.0,69.34,0,73.72,Average
S105361,7.15,68.19,70.63,2,53.02,At_Risk
S105362,7.08,65.0,86.19,4,51.98,At_Risk
S105363,5.79,58.91,78.19,1,58.5,At_Risk
S105364,6.75,58.4,71.95,0,90.86,Average
S105365,5.05,45.84,69.25,1,53.35,At_Risk
S105366,8.77,90.59,54.74,0,52.33,Good
S105367,6.61,58.99,74.45,4,65.44,At_Risk
S105368,6.36,60.0,71.11,2,91.92,At_Risk
S105369,9.07,81.26,82.11,0,64.65,Average
S105370,5.39,45.76,71.51,2,82.33,Average
S105371,5.54,58.79,99.02,1,47.06,At_Risk
S105372,5.57,53.65,83.51,1,73.06,Average
S105373,6.91,66.2,43.97,3,88.74,At_Risk
S105374,7.56,65.05,71.11,5,74.7,At_Risk
S105375,7.96,77.07,84.55,3,73.52,Average
S105376,10.0,99.63,60.01,0,47.56,Average
S105377,4.08,43.32,59.62,2,66.28,At_Risk
S105378,7.79,76.69,89.87,2,80.77,Average
S105379,6.28,55.1,55.24,1,60.91,At_Risk
S105380,6.24,60.51,75.7,1,81.79,At_Risk
S105381,6.19,62.0,66.64,2,77.64,At_Risk
S105382,5.82,48.1,77.07,1,92.03,Average
S105383,9.19,82.82,60.52,1,67.45,Average
S105384,8.09,80.46,59.35,3,88.44,Average
S105385,7.03,70.29,82.44,2,60.2,At_Risk
S105386,8.76,76.99,88.7,0,79.4,Good
S105387,5.03,51.0,65.68,1,67.07,At_Risk
S105388,5.27,50.45,73.67,2,65.75,At_Risk
S105389,4.17,42.73,79.01,2,87.3,At_Risk
S105390,6.09,55.32,70.57,0,93.99,Average
S105391,7.21,71.08,77.02,1,87.72,Good
S105392,7.13,71.15,90.35,1,93.99,Average
S105393,7.19,66.9,50.9,1,61.94,At_Risk
S105394,5.17,49.14,81.03,3,66.49,At_Risk
S105395,8.04,74.0,95.83,4,86.34,Good
S105396,7.31,76.07,81.91,2,89.89,Average
S105397,7.95,75.07,51.89,1,59.02,Good
S105398,4.54,39.44,89.5,1,85.02,At_Risk
S105399,7.4,67.48,67.79,1,66.2,At_Risk
S105400,5.46,52.0,75.8,2,81.75,At_Risk
S105401,6.48,64.61,81.53,1,85.26,At_Risk
S105402,7.69,67.76,87.01,0,58.49,Average
S105403,7.12,75.02,57.35,0,62.6,At_Risk
S105404,5.89,57.22,68.83,1,84.08,At_Risk
S105405,7.01,68.44,71.73,1,88.44,Average
S105406,5.01,47.2,56.71,0,78.58,At_Risk
S105407,8.5,80.78,78.22,0,66.61,Good
S105408,6.73,63.37,64.65,2,50.49,At_Risk
S105409,8.45,84.39,69.11,1,47.65,Average
S105410,6.32,59.97,61.62,2,77.46,Average
S105411,6.32,63.1,75.56,0,65.54,At_Risk
S105412,6.01,55.33,60.38,2,55.45,At_Risk
S105413,8.14,78.1,67.5,1,82.8,Average
S105414,6.08,54.52,68.15,1,68.2,Average
S105415,7.84,79.33,61.02,2,48.3,At_Risk
S105416,6.5,58.44,44.32,0,70.94,Average
S105417,4.43,40.8,76.92,2,63.71,At_Risk
S105418,6.26,58.2,67.62,0,75.77,Average
S105419,5.47,50.52,63.46,3,63.1,At_Risk
S105420,7.04,70.0,67.59,1,49.68,At_Risk
S105421,5.45,50.53,78.92,1,88.8,At_Risk
S105422,8.2,83.51,96.02,1,86.64,Average
S105423,6.88,62.1,45.67,3,75.37,At_Risk
S105424,6.77,65.0,73.54,0,84.16,Average
S105425,7.85,71.5,61.87,1,72.77,At_Risk
S105426,8.25,80.09,86.59,0,88.58,Average
S105427,6.97,66.19,50.9,0,58.9,At_Risk
S105428,6.0,56.36,69.27,0,74.14,At_Risk
S105429,4.69,49.35,65.97,3,71.86,At_Risk
S105430,6.11,55.41,53.45,0,61.74,At_Risk
S105431,6.2,61.2,59.55,1,51.94,At_Risk
S105432,7.14,64.75,64.01,2,43.83,At_Risk
S105433,6.55,62.69,69.97,1,57.57,Average
S105434,7.89,70.21,36.94,4,49.42,At_Risk
S105435,6.2,56.28,64.33,1,67.74,At_Risk
S105436,6.93,65.47,77.93,4,92.07,Average
S105437,8.54,88.38,85.24,2,92.85,Average
S105438,7.44,71.0,72.12,2,72.78,At_Risk
S105439,6.92,72.38,75.11,1,73.15,Average
S105440,6.22,59.95,51.57,3,78.06,At_Risk
S105441,6.18,57.13,63.6,1,50.47,Good
S105442,5.89,62.15,51.83,3,87.98,Average
S105443,6.3,61.57,65.58,1,74.45,At_Risk
S105444,7.98,73.26,97.84,1,73.71,Good
S105445,6.71,65.64,87.0,0,60.66,Average
S105446,5.25,48.66,78.29,1,62.73,Average
S105447,9.3,80.38,72.13,3,74.27,Average
S105448,7.42,74.2,64.73,3,83.63,Average
S105449,5.17,53.5,76.47,2,64.04,At_Risk
S105450,6.43,68.39,60.17,0,69.69,Average
S105451,7.14,69.56,96.15,1,84.7,Excellent
S105452,9.22,86.56,78.79,0,73.34,Average
S105453,5.56,56.15,80.6,1,59.34,At_Risk
S105454,8.27,81.95,61.59,1,58.39,Average
S105455,8.82,90.34,62.01,2,55.04,Average
S105456,6.18,58.56,58.39,2,90.18,At_Risk
S105457,6.64,62.41,51.76,0,59.06,At_Risk
S105458,5.65,50.84,86.09,4,73.51,At_Risk
S105459,6.74,66.14,76.89,1,53.06,Average
S105460,6.95,59.86,62.62,0,69.52,Average
S105461,7.86,77.75,60.16,1,53.75,Average
S105462,8.42,82.32,87.0,6,82.89,Average
S105463,6.03,59.6,74.75,1,60.41,At_Risk
S105464,4.44,42.76,62.51,2,69.61,At_Risk
S105465,6.97,72.37,83.11,2,64.7,At_Risk
S105466,7.38,73.61,92.75,3,71.32,At_Risk
S105467,7.32,67.15,60.49,0,84.7,Average
S105468,6.58,60.11,62.57,2,46.11,Average
S105469,7.16,64.52,65.11,3,71.32,At_Risk
S105470,8.97,87.42,71.86,0,55.3,Good
S105471,7.5,67.21,67.55,2,62.89,At_Risk
S105472,6.51,66.22,49.02,1,77.41,Average
S105473,6.35,65.61,56.1,4,100.0,Average
S105474,6.78,61.0,69.66,1,88.56,At_Risk
S105475,9.13,85.97,87.62,3,68.42,Average
S105476,6.76,64.0,70.79,1,85.81,Average
S105477,6.97,69.8,80.06,1,68.89,Average
S105478,6.37,66.98,72.45,0,83.5,At_Risk
S105479,8.43,73.33,65.92,0,59.17,Average
S105480,9.55,89.4,56.62,0,78.83,Good
S105481,7.59,71.0,72.87,1,77.68,Average
S105482,7.11,61.92,84.01,3,50.32,Average
S105483,7.05,65.01,51.53,4,66.3,At_Risk
S105484,3.9,38.76,75.44,3,79.42,At_Risk
S105485,7.97,75.0,60.76,2,57.48,At_Risk
S105486,7.17,61.98,72.58,0,59.03,At_Risk
S105487,7.56,83.29,58.37,0,58.18,Good
S105488,6.08,58.78,69.89,4,92.11,Average
S105489,6.5,62.2,55.69,0,48.81,Average
S105490,6.47,57.03,80.61,1,58.07,Average
S105491,8.33,80.16,68.72,5,83.52,Average
S105492,6.51,61.17,91.25,2,73.95,Average
S105493,9.71,84.67,71.97,3,66.56,Average
S105494,7.56,67.54,55.01,2,83.98,Average
S105495,5.34,53.93,47.34,3,43.73,At_Risk
S105496,6.83,72.69,86.47,1,57.44,Average
S105497,6.15,59.92,60.23,3,86.31,Average
S105498,4.15,44.0,55.18,0,63.25,At_Risk
S105499,9.08,85.63,85.48,2,73.96,Good
S105500,7.91,74.8,62.35,3,78.07,At_Risk
S105501,7.69,77.45,79.87,3,58.21,Good
S105502,7.22,75.19,72.59,4,91.95,Average
S105503,5.2,55.0,43.1,2,74.17,Average
S105504,6.37,56.26,76.32,2,55.09,At_Risk
S105505,8.09,76.6,55.35,2,51.97,At_Risk
S105506,5.63,54.63,51.97,1,79.39,At_Risk
S105507,3.71,35.0,39.18,0,82.04,At_Risk
S105508,6.7,65.25,52.98,3,54.64,At_Risk
S105509,6.82,68.03,63.35,1,68.11,At_Risk
S105510,7.18,72.0,69.03,2,56.65,Average
S105511,7.95,82.24,69.96,3,52.75,At_Risk
S105512,7.83,73.06,79.48,0,56.82,Average
S105513,7.34,64.24,45.89,2,98.83,Average
S105514,8.55,82.7,40.95,2,85.42,Average
S105515,5.03,55.28,100.0,1,53.01,Average
S105516,7.66,70.82,67.26,1,59.66,Average
S105517,7.81,76.99,74.95,0,66.34,Average
S105518,5.39,53.97,49.29,2,65.5,At_Risk
S105519,5.05,48.71,76.86,2,78.45,At_Risk
S105520,6.03,57.0,81.63,3,82.91,At_Risk
S105521,6.14,54.64,43.18,1,70.68,Average
S105522,7.98,66.68,74.35,2,82.78,Average
S105523,6.2,54.46,74.11,2,54.91,At_Risk
S105524,5.89,54.36,35.58,1,51.27,At_Risk
S105525,6.2,63.34,70.37,2,58.27,At_Risk
S105526,8.45,79.9,59.52,4,61.55,Average
S105527,7.02,64.58,73.99,1,71.16,At_Risk
S105528,6.77,60.72,77.08,2,91.55,At_Risk
S105529,6.86,67.77,74.09,1,65.7,Average
S105530,8.68,87.89,64.01,1,80.53,Average
S105531,6.03,61.5,62.37,2,72.07,At_Risk
S105532,8.71,85.17,70.75,0,53.37,Excellent
S105533,7.27,63.2,64.64,2,51.86,At_Risk
S105534,6.79,63.11,48.78,3,90.18,At_Risk
S105535,10.0,100.0,70.52,2,49.97,Good
S105536,5.63,57.95,65.63,0,60.44,At_Risk
S105537,6.54,55.98,65.61,1,63.59,At_Risk
S105538,5.4,51.06,63.36,1,76.61,At_Risk
S105539,8.24,79.72,65.43,0,55.8,At_Risk
S105540,9.2,84.31,59.54,2,80.78,Good
S105541,9.17,77.89,79.14,0,61.89,Average
S105542,8.59,82.01,62.33,1,52.46,Good
S105543,6.74,60.91,69.04,0,81.55,Average
S105544,6.53,58.85,58.81,3,85.91,Average
S105545,4.83,44.44,53.77,3,77.08,At_Risk
S105546,9.65,91.11,66.52,0,52.42,Good
S105547,7.61,72.26,76.79,3,86.68,At_Risk
S105548,6.36,56.89,81.48,2,94.12,At_Risk
S105549,8.73,82.0,77.3,3,78.77,Good
S105550,5.74,47.46,55.72,2,69.14,At_Risk
S105551,7.53,72.77,68.72,2,78.83,At_Risk
S105552,6.78,52.9,66.91,1,74.02,At_Risk
S105553,7.83,73.23,77.46,0,76.16,Average
S105554,6.92,69.39,74.62,0,57.19,Average
S105555,5.11,44.0,59.87,1,52.02,At_Risk
S105556,7.1,70.3,72.52,1,80.99,Good
S105557,8.36,84.08,75.43,1,59.69,Average
S105558,6.96,52.91,72.27,2,61.84,At_Risk
S105559,8.01,75.47,67.52,2,62.61,Average
S105560,5.64,42.08,59.46,0,63.84,At_Risk
S105561,6.97,65.7,62.77,1,82.13,Average
S105562,6.19,58.76,96.14,3,76.74,Average
S105563,7.97,65.8,52.61,0,63.28,Average
S105564,7.04,74.59,92.47,2,63.16,At_Risk
S105565,7.9,76.17,92.37,0,60.8,Average
S105566,8.41,76.54,51.09,2,73.02,Average
S105567,7.9,80.9,59.91,1,89.26,Average
S105568,7.36,62.69,64.0,1,49.18,Average
S105569,5.7,49.26,60.0,1,52.33,At_Risk
S105570,7.0,57.27,60.12,0,59.36,At_Risk
S105571,6.31,67.12,77.06,1,79.28,At_Risk
S105572,6.55,63.58,71.32,3,60.49,At_Risk
S105573,6.51,64.51,75.15,2,86.18,Average
S105574,5.73,55.6,66.0,4,46.09,At_Risk
S105575,4.46,44.62,65.1,3,64.63,At_Risk
S105576,6.13,58.56,58.26,0,65.58,Average
S105577,7.25,69.97,74.23,1,75.53,Average
S105578,5.25,50.28,81.25,1,59.24,At_Risk
S105579,7.02,64.26,53.08,0,58.61,Average
S105580,9.47,89.78,78.21,2,65.25,Good
S105581,8.33,80.23,71.57,1,44.13,Average
S105582,9.14,87.24,52.96,0,63.22,Good
S105583,7.51,65.42,49.24,1,73.12,At_Risk
S105584,8.52,75.54,64.4,1,92.37,Average
S105585,6.06,61.89,61.28,1,74.57,At_Risk
S105586,6.16,57.31,81.55,5,89.95,At_Risk
S105587,3.5,35.59,62.91,0,58.5,At_Risk
S105588,8.54,76.78,60.95,2,72.55,Good
S105589,9.0,79.63,62.25,6,63.84,Average
S105590,6.28,56.29,64.94,2,51.09,At_Risk
S105591,6.67,62.47,71.63,2,72.29,Average
S105592,6.02,54.53,81.85,1,79.96,Average
S105593,7.5,76.4,51.97,3,92.19,Average
S105594,8.46,81.11,73.15,1,87.53,Good
S105595,4.73,52.37,50.6,1,73.6,At_Risk
S105596,7.53,73.17,81.59,3,69.94,At_Risk
S105597,6.64,53.43,47.79,2,80.0,At_Risk
S105598,7.15,72.12,83.91,1,53.2,Average
S105599,7.6,66.13,80.27,0,89.18,Good
S105600,6.76,65.1,57.8,0,71.56,Average
S105601,6.87,62.12,61.06,1,75.62,At_Risk
S105602,6.72,72.43,43.35,4,43.88,At_Risk
S105603,8.26,84.24,45.11,2,78.46,Good
S105604,7.54,68.7,64.11,1,91.52,Average
S105605,7.29,69.0,70.49,1,82.82,Average
S105606,5.35,51.78,81.52,0,59.91,Average
S105607,6.51,65.0,64.34,3,76.86,At_Risk
S105608,8.17,77.72,66.25,2,71.78,Average
S105609,7.05,62.87,51.66,2,59.23,At_Risk
S105610,7.86,71.77,66.09,2,66.34,Average
S105611,9.3,88.3,69.26,1,92.72,Good
S105612,8.35,84.26,75.64,0,75.23,Good
S105613,7.12,69.36,67.39,3,70.28,At_Risk
S105614,6.34,57.1,80.21,2,68.15,At_Risk
S105615,3.68,37.56,68.28,2,74.83,At_Risk
S105616,6.78,62.87,66.24,3,64.44,Average
S105617,6.58,66.04,78.39,3,84.85,Average
S105618,7.51,81.43,78.49,0,68.87,Average
S105619,6.8,63.16,63.81,1,44.64,Average
S105620,6.58,65.75,91.42,0,89.79,Good
S105621,4.69,41.54,71.41,2,81.54,At_Risk
S105622,5.78,54.44,69.47,2,71.8,At_Risk
S105623,7.62,72.5,63.92,1,78.26,Average
S105624,9.23,86.92,73.82,1,65.74,Average
S105625,6.87,75.15,79.33,1,68.9,Average
S105626,7.43,69.32,69.21,0,78.56,Average
S105627,8.24,80.61,70.83,1,100.0,Average
S105628,5.95,48.77,53.47,0,80.68,Average
S105629,7.48,72.76,57.11,2,46.71,Average
S105630,6.04,61.92,57.97,3,54.43,At_Risk
S105631,8.12,75.07,71.21,1,61.44,At_Risk
S105632,7.2,58.33,53.29,2,64.23,Average
S105633,7.39,70.03,41.86,1,74.85,At_Risk
S105634,5.98,56.9,49.83,3,65.38,At_Risk
S105635,7.92,78.13,74.93,4,99.07,Average
S105636,9.71,100.0,89.79,1,65.93,Average
S105637,5.69,52.53,80.34,0,82.21,At_Risk
S105638,6.56,58.88,53.94,2,71.43,At_Risk
S105639,7.3,64.69,56.86,2,53.98,Average
S105640,8.02,77.0,59.81,0,88.5,Good
S105641,6.27,61.51,47.88,2,74.83,At_Risk
S105642,3.5,35.0,65.36,1,82.77,At_Risk
S105643,8.77,86.4,73.92,1,44.42,Average
S105644,7.99,77.75,55.19,4,57.53,Average
S105645,4.73,45.15,52.43,3,56.47,At_Risk
S105646,6.21,55.39,78.12,2,60.77,Average
S105647,9.04,83.94,56.21,2,84.08,Good
S105648,8.88,74.66,57.71,4,55.27,Average
S105649,8.22,79.04,36.86,1,80.01,Average
S105650,6.77,64.43,79.95,0,58.53,Average
S105651,7.11,68.28,85.11,0,49.97,At_Risk
S105652,6.83,66.9,63.75,4,52.69,At_Risk
S105653,8.47,81.98,67.15,2,77.68,Average
S105654,5.86,55.24,74.23,0,54.33,Average
S105655,5.95,56.74,76.58,1,69.55,At_Risk
S105656,8.31,73.36,66.95,2,57.83,Good
S105657,6.94,63.62,60.37,3,71.06,Average
S105658,8.79,83.73,65.92,3,62.16,Average
S105659,6.13,55.26,62.96,1,92.45,At_Risk
S105660,6.93,69.26,71.08,1,53.46,Average
S105661,5.8,52.47,53.92,0,47.12,At_Risk
S105662,7.01,67.46,83.17,2,88.42,Average
S105663,5.08,48.71,93.62,4,45.37,At_Risk
S105664,6.37,63.46,58.59,1,91.64,At_Risk
S105665,5.13,52.37,57.8,1,53.46,At_Risk
S105666,7.9,77.85,56.93,0,74.4,Average
S105667,7.93,66.93,61.82,1,51.33,Average
S105668,4.75,49.91,90.66,0,63.11,Average
S105669,8.73,89.0,60.51,3,95.27,Good
S105670,10.0,93.07,69.66,6,70.19,Average
S105671,7.06,68.01,61.9,0,67.32,At_Risk
S105672,6.17,55.02,41.33,1,66.07,At_Risk
S105673,10.0,87.21,60.77,0,71.03,Good
S105674,5.29,47.26,67.38,0,86.76,At_Risk
S105675,7.03,64.59,87.78,4,69.42,Average
S105676,7.23,67.3,45.25,0,51.41,Average
S105677,8.75,79.28,80.27,2,60.34,Good
S105678,7.47,68.01,70.93,1,58.1,At_Risk
S105679,6.35,60.3,66.68,2,64.45,Average
S105680,5.76,51.67,54.4,4,70.3,At_Risk
S105681,6.56,64.45,83.93,3,77.68,At_Risk
S105682,5.69,57.0,72.31,1,59.51,At_Risk
S105683,7.06,76.61,67.37,0,68.45,Average
S105684,6.27,64.0,66.6,0,46.47,Average
S105685,5.06,49.02,80.03,3,85.22,At_Risk
S105686,8.63,79.52,56.78,0,87.15,Good
S105687,6.35,61.5,86.5,2,80.96,At_Risk
S105688,5.35,52.14,96.47,0,86.1,Average
S105689,6.78,62.37,63.96,2,69.82,At_Risk
S105690,7.09,70.0,84.75,1,71.31,Average
S105691,4.73,39.34,60.32,2,93.93,At_Risk
S105692,7.43,69.62,53.19,3,58.63,At_Risk
S105693,5.64,55.79,60.35,1,88.84,At_Risk
S105694,9.22,86.48,73.26,1,58.73,Average
S105695,7.68,72.14,64.8,1,85.67,Average
S105696,6.48,61.01,73.16,0,83.28,Average
S105697,6.03,53.95,71.29,1,49.98,At_Risk
S105698,6.86,69.9,62.34,3,67.15,At_Risk
S105699,7.8,70.0,51.96,0,76.88,Average
S105700,6.97,67.46,67.49,3,55.68,At_Risk
S105701,6.72,65.47,50.02,1,52.02,Average
S105702,7.08,63.43,68.81,3,71.77,At_Risk
S105703,6.21,59.33,72.25,1,76.52,At_Risk
S105704,6.55,58.62,37.62,1,57.31,At_Risk
S105705,4.29,46.3,84.4,2,61.77,At_Risk
S105706,8.27,73.97,63.51,2,82.95,Average
S105707,7.39,67.57,74.54,1,66.68,Average
S105708,5.99,52.05,59.43,0,83.78,Average
S105709,9.47,84.52,62.62,2,85.19,Average
S105710,7.11,73.94,88.8,4,78.03,Average
S105711,5.65,55.87,50.33,0,83.16,Average
S105712,8.11,77.64,61.28,1,82.73,Average
S105713,7.52,68.79,68.58,1,51.13,Average
S105714,7.51,75.0,35.83,1,71.34,At_Risk
S105715,6.45,57.95,55.86,1,50.66,At_Risk
S105716,7.59,75.24,78.51,2,68.87,Average
S105717,6.66,59.78,51.26,0,62.77,At_Risk
S105718,7.72,70.79,69.98,0,64.94,Average
S105719,4.52,46.01,72.35,0,79.74,At_Risk
S105720,6.44,64.6,74.53,0,47.31,At_Risk
S105721,9.24,90.16,54.21,1,89.32,Average
S105722,6.0,52.83,70.04,3,85.1,At_Risk
S105723,6.22,57.26,52.72,1,81.17,At_Risk
S105724,6.42,61.6,64.11,2,63.82,At_Risk
S105725,5.42,48.1,79.24,2,76.64,At_Risk
S105726,4.13,44.7,56.91,1,68.84,At_Risk
S105727,6.7,54.04,74.88,2,84.78,Average
S105728,7.18,65.1,66.97,2,89.74,At_Risk
S105729,6.93,63.81,77.84,0,49.64,Average
S105730,6.81,53.33,42.38,1,94.32,Average
S105731,7.06,61.45,83.29,1,85.52,Average
S105732,8.33,81.63,44.54,2,75.83,Average
S105733,6.75,64.27,52.02,1,42.71,At_Risk
S105734,6.25,65.7,82.85,3,75.88,Average
S105735,6.63,69.21,67.01,3,58.61,Average
S105736,7.75,75.39,62.23,2,55.25,At_Risk
S105737,8.84,85.19,80.23,0,56.96,Excellent
S105738,6.18,59.01,66.32,1,72.29,Average
S105739,7.13,57.1,55.1,1,87.35,Average
S105740,7.44,65.0,84.21,1,58.54,Average
S105741,5.71,54.64,71.41,0,56.07,At_Risk
S105742,7.03,69.22,51.36,0,49.39,Average
S105743,5.09,49.56,57.98,3,69.56,At_Risk
S105744,4.7,41.08,54.94,0,87.78,At_Risk
S105745,7.48,74.78,52.61,1,57.33,At_Risk
S105746,6.5,67.69,66.23,2,78.79,At_Risk
S105747,7.26,72.75,67.01,4,84.99,Average
S105748,6.98,70.24,73.51,2,89.73,At_Risk
S105749,5.73,52.0,75.27,2,88.92,At_Risk
S105750,6.94,70.24,78.99,5,73.56,At_Risk
S105751,5.4,51.85,81.25,3,83.29,At_Risk
S105752,8.81,85.72,74.32,1,53.98,Average
S105753,5.24,51.22,72.63,1,77.63,Average
S105754,6.75,63.6,80.58,2,89.57,At_Risk
S105755,5.65,50.19,73.37,3,59.07,At_Risk
S105756,7.74,73.22,55.61,0,68.86,At_Risk
S105757,6.57,66.35,49.89,1,85.68,Average
S105758,6.33,58.33,54.67,2,70.17,At_Risk
S105759,8.11,80.61,72.1,1,79.38,Average
S105760,7.04,69.81,64.02,1,63.67,At_Risk
S105761,7.67,71.68,70.95,3,69.14,Average
S105762,5.72,59.94,64.65,1,89.29,Average
S105763,5.17,47.7,56.05,1,54.81,At_Risk
S105764,7.14,73.86,34.29,2,67.59,At_Risk
S105765,6.59,64.3,52.14,1,66.14,Average
S105766,7.81,74.17,90.72,1,55.22,Average
S105767,6.9,61.96,80.52,1,50.33,Average
S105768,7.27,68.68,58.26,3,82.78,At_Risk
S105769,4.89,45.64,61.05,0,61.07,At_Risk
S105770,9.45,84.79,61.47,2,86.41,Good
S105771,6.79,63.6,82.17,2,88.24,At_Risk
S105772,7.91,71.9,79.82,2,52.26,Average
S105773,5.91,58.52,80.53,2,51.53,Average
S105774,7.4,76.0,54.83,1,68.99,Average
S105775,5.31,45.5,91.21,2,86.59,At_Risk
S105776,7.59,78.93,64.22,1,93.27,Average
S105777,6.54,61.6,78.89,0,50.33,At_Risk
S105778,7.04,62.96,71.8,3,92.07,Average
S105779,7.91,78.15,45.76,4,75.0,At_Risk
S105780,5.4,49.5,61.3,1,60.08,Average
S105781,6.11,57.72,67.48,1,54.4,Average
S105782,7.59,70.53,57.28,2,56.56,At_Risk
S105783,9.73,89.15,48.75,2,74.72,Average
S105784,6.82,67.69,62.03,1,78.66,Average
S105785,7.77,72.66,85.0,1,58.78,Average
S105786,6.86,59.43,75.17,3,82.13,At_Risk
S105787,9.52,93.0,60.78,0,94.02,Average
S105788,4.73,40.1,70.85,3,47.78,At_Risk
S105789,7.12,63.06,50.3,4,53.78,Average
S105790,4.89,51.19,67.7,0,66.63,At_Risk
S105791,3.74,35.0,42.7,1,67.14,At_Risk
S105792,7.39,60.91,52.51,0,57.07,At_Risk
S105793,7.18,70.71,78.32,1,73.96,Average
S105794,6.63,61.77,60.11,0,91.36,At_Risk
S105795,6.86,64.3,61.93,1,80.44,Average
S105796,10.0,93.74,66.54,0,65.18,Good
S105797,6.66,64.24,87.87,3,56.43,Average
S105798,7.66,69.8,20.06,2,79.63,At_Risk
S105799,6.16,64.38,55.69,2,90.09,At_Risk
S105800,7.38,64.24,98.65,2,81.9,Good
S105801,6.69,65.34,82.78,1,61.53,Average
S105802,6.47,64.0,74.44,1,62.6,At_Risk
S105803,9.36,85.92,71.06,0,60.46,Good
S105804,8.53,76.94,64.4,1,48.91,Average
S105805,7.18,72.26,49.78,1,71.19,Average
S105806,4.0,35.0,62.15,3,84.4,At_Risk
S105807,6.53,59.6,66.03,4,59.17,At_Risk
S105808,10.0,98.5,82.51,1,87.25,Good
S105809,6.7,63.79,72.16,5,76.39,At_Risk
S105810,8.43,72.94,68.46,3,42.38,Average
S105811,8.87,91.3,59.11,0,72.74,Average
S105812,7.28,67.08,61.49,0,68.51,Average
S105813,5.91,54.0,44.92,2,56.77,At_Risk
S105814,3.83,37.45,70.59,5,72.31,At_Risk
S105815,7.89,77.45,51.48,0,57.96,Average
S105816,5.94,64.28,63.08,1,73.16,Average
S105817,7.23,62.04,80.94,2,97.91,At_Risk
S105818,5.38,54.37,71.04,4,80.45,At_Risk
S105819,6.66,66.2,71.96,0,57.62,At_Risk
S105820,7.04,66.37,83.56,3,69.95,Average
S105821,7.35,72.97,76.51,2,49.81,Average
S105822,5.55,56.47,65.89,0,75.09,At_Risk
S105823,8.56,75.75,41.67,2,50.05,Average
S105824,6.22,66.13,62.2,2,86.27,At_Risk
S105825,4.82,39.59,66.55,3,92.01,At_Risk
S105826,6.86,60.61,67.74,2,51.75,Average
S105827,7.04,65.88,46.64,0,76.69,At_Risk
S105828,7.21,76.18,70.11,2,59.37,At_Risk
S105829,8.77,82.09,77.24,0,61.1,Good
S105830,6.69,63.45,62.83,0,64.43,Average
S105831,6.84,70.75,73.48,3,66.13,At_Risk
S105832,5.57,51.67,58.94,1,57.62,At_Risk
S105833,8.07,71.92,70.76,0,73.29,Average
S105834,7.24,67.11,92.01,1,61.39,At_Risk
S105835,6.45,66.8,62.24,0,84.22,Average
S105836,4.52,43.26,52.69,2,64.26,At_Risk
S105837,8.88,92.1,77.26,1,63.98,Good
S105838,5.4,54.29,64.09,2,47.46,At_Risk
S105839,6.23,56.62,57.48,4,76.72,At_Risk
S105840,7.47,71.13,57.88,0,80.79,At_Risk
S105841,5.44,48.31,70.72,0,56.76,At_Risk
S105842,5.06,45.38,68.19,1,85.18,At_Risk
S105843,4.24,58.0,84.32,0,62.63,At_Risk
S105844,7.94,79.48,73.05,0,67.93,Average
S105845,6.29,63.2,80.11,2,63.77,Average
S105846,10.0,93.0,67.89,0,58.6,Average
S105847,5.71,60.5,73.98,0,70.01,Average
S105848,5.8,59.52,66.98,2,51.6,At_Risk
S105849,6.26,67.04,91.15,3,80.39,Average
S105850,7.32,76.84,73.71,2,81.96,Average
S105851,6.39,54.78,48.76,2,60.73,Average
S105852,7.8,69.62,65.19,0,59.47,Average
S105853,5.73,50.4,70.61,2,63.87,Average
S105854,5.2,45.66,67.47,1,79.62,At_Risk
S105855,4.66,45.59,78.49,2,64.23,At_Risk
S105856,4.11,36.77,61.4,6,71.99,At_Risk
S105857,6.33,68.39,68.06,4,51.17,At_Risk
S105858,6.61,70.4,79.6,1,76.61,Average
S105859,6.18,58.68,49.58,1,88.56,At_Risk
S105860,8.62,89.68,55.35,1,80.93,Good
S105861,8.6,87.62,92.8,0,54.45,Excellent
S105862,6.56,60.56,63.08,1,60.48,At_Risk
S105863,4.67,36.31,78.86,2,82.5,At_Risk
S105864,6.26,58.63,81.93,2,64.63,At_Risk
S105865,6.22,56.51,51.13,4,66.82,At_Risk
S105866,6.15,59.21,56.82,1,74.73,Average
S105867,6.09,58.24,68.12,1,50.07,At_Risk
S105868,6.15,58.68,59.21,2,66.32,At_Risk
S105869,6.5,63.82,73.23,0,50.97,At_Risk
S105870,6.17,53.8,74.85,1,63.42,Average
S105871,7.27,70.72,70.66,1,68.81,At_Risk
S105872,7.47,69.19,67.35,2,65.85,Average
S105873,5.82,56.05,75.48,1,45.36,At_Risk
S105874,8.65,86.03,83.51,4,79.38,Average
S105875,5.73,49.5,84.92,1,61.73,At_Risk
S105876,4.9,45.39,71.5,1,64.29,At_Risk
S105877,7.5,70.73,56.6,2,69.84,Average
S105878,5.94,54.35,65.72,2,49.12,At_Risk
S105879,7.42,74.07,76.8,3,75.18,Good
S105880,3.88,35.0,82.28,4,98.47,At_Risk
S105881,8.81,81.0,81.86,2,53.31,Average
S105882,7.87,72.0,65.71,1,80.08,At_Risk
S105883,5.05,52.34,70.93,4,83.32,At_Risk
S105884,5.08,46.27,74.76,0,52.34,At_Risk
S105885,9.17,88.99,86.99,1,77.39,Good
S105886,6.04,65.3,58.18,1,75.82,Average
S105887,5.92,55.9,73.98,0,73.99,At_Risk
S105888,4.05,42.96,61.31,0,45.62,At_Risk
S105889,6.54,68.85,83.19,2,78.55,At_Risk
S105890,6.7,67.8,67.58,1,56.48,Average
S105891,7.93,75.27,71.1,0,96.37,Average
S105892,5.18,51.79,57.11,1,89.93,At_Risk
S105893,5.02,42.6,62.44,1,86.11,Average
S105894,7.59,69.0,93.8,2,44.91,Average
S105895,8.31,76.51,76.0,1,86.28,Good
S105896,4.96,56.06,70.43,0,78.55,At_Risk
S105897,8.41,76.61,85.83,0,65.88,At_Risk
S105898,7.05,63.65,87.62,1,75.87,Average
S105899,8.42,75.81,67.48,0,78.12,Average
S105900,6.91,67.87,58.07,1,60.48,At_Risk
S105901,3.72,36.0,66.02,0,43.93,At_Risk
S105902,6.8,69.0,63.31,3,51.41,At_Risk
S105903,8.38,82.28,69.32,1,94.64,Average
S105904,5.84,49.94,71.54,3,60.59,At_Risk
S105905,6.5,58.48,100.0,2,82.59,Average
S105906,6.77,69.79,54.49,1,42.5,Average
S105907,3.5,35.0,50.99,0,70.27,At_Risk
S105908,9.17,91.89,60.35,2,92.95,Excellent
S105909,5.83,54.8,28.55,2,84.19,At_Risk
S105910,7.66,68.88,43.4,0,89.18,Average
S105911,6.89,64.22,50.76,1,78.81,At_Risk
S105912,8.63,78.16,82.73,2,62.43,Average
S105913,7.53,69.25,50.43,1,60.14,Average
S105914,6.69,64.4,45.94,2,70.16,At_Risk
S105915,5.84,57.51,57.03,2,60.0,At_Risk
S105916,8.04,69.99,73.2,0,67.42,Good
S105917,4.56,43.29,61.34,4,91.13,At_Risk
S105918,7.84,72.13,63.56,1,58.75,At_Risk
S105919,5.57,50.33,60.54,3,63.89,At_Risk
S105920,8.63,82.5,50.79,4,46.43,Average
S105921,7.21,66.29,55.99,1,52.31,Average
S105922,7.84,79.98,57.37,0,51.75,Average
S105923,7.11,72.26,76.24,0,60.79,Average
S105924,4.72,49.59,53.44,0,87.8,At_Risk
S105925,5.88,53.89,81.26,2,55.35,At_Risk
S105926,7.87,70.95,76.89,1,75.15,At_Risk
S105927,7.22,68.89,47.67,1,74.06,Average
S105928,8.54,80.48,73.02,0,83.17,Good
S105929,7.52,69.05,68.72,1,69.57,Average
S105930,5.74,49.86,85.69,2,83.23,At_Risk
S105931,5.97,56.5,57.37,3,78.59,At_Risk
S105932,7.13,66.15,76.5,1,74.79,Average
S105933,3.99,40.7,78.35,0,82.21,At_Risk
S105934,9.18,89.83,45.31,2,73.39,Good
S105935,7.57,76.36,85.02,2,68.17,Average
S105936,8.6,76.62,58.45,1,76.81,Average
S105937,4.95,48.58,74.1,0,75.29,Average
S105938,8.62,78.96,65.13,1,38.17,Average
S105939,9.9,89.18,65.51,2,80.3,Good
S105940,5.28,48.5,57.53,1,75.65,At_Risk
S105941,8.0,80.3,60.29,2,50.45,Average
S105942,7.0,65.02,73.84,2,71.49,Average
S105943,4.99,53.69,86.43,4,94.2,At_Risk
S105944,7.64,74.78,52.17,2,80.79,Average
S105945,8.08,75.22,61.09,0,59.16,At_Risk
S105946,6.22,63.72,71.4,0,56.77,Average
S105947,8.52,82.68,70.71,2,61.69,At_Risk
S105948,4.83,42.19,74.51,2,46.16,At_Risk
S105949,5.06,55.47,83.1,2,82.69,At_Risk
S105950,7.18,69.22,45.71,1,74.32,Average
S105951,7.03,66.89,60.58,3,78.75,Average
S105952,6.07,54.23,81.58,4,66.01,At_Risk
S105953,8.05,81.22,65.67,1,73.16,Average
S105954,7.69,75.13,53.05,2,64.01,Average
S105955,8.12,79.61,51.55,1,72.99,Good
S105956,6.84,62.95,67.84,2,44.08,Average
S105957,7.78,77.28,62.62,1,56.49,Good
S105958,6.42,64.64,96.04,1,63.15,Average
S105959,9.67,89.19,65.96,1,68.95,Good
S105960,5.94,50.8,58.07,0,66.92,At_Risk
S105961,9.74,94.83,84.23,0,72.39,Excellent
S105962,7.05,60.64,66.97,5,77.12,Average
S105963,5.21,50.12,78.07,0,54.93,At_Risk
S105964,8.78,82.0,92.47,2,88.16,Average
S105965,7.16,72.93,87.21,2,59.29,At_Risk
S105966,8.11,75.44,72.85,3,45.48,At_Risk
S105967,8.59,86.04,77.46,1,64.44,Average
S105968,7.44,68.62,85.51,2,65.21,Average
S105969,6.23,63.2,55.57,0,59.0,Average
S105970,8.27,87.0,51.03,1,63.77,Average
S105971,7.0,62.24,94.18,1,40.64,At_Risk
S105972,7.89,76.1,51.73,0,60.57,Average
S105973,4.2,50.9,97.49,1,78.86,At_Risk
S105974,7.58,72.29,58.97,0,88.82,Average
S105975,6.17,58.86,56.26,0,70.37,At_Risk
S105976,9.15,90.07,78.32,0,62.23,Good
S105977,7.81,74.36,47.13,1,54.36,At_Risk
S105978,7.31,62.63,100.0,2,46.8,Average
S105979,7.63,77.04,93.01,1,75.37,Good
S105980,5.7,46.16,88.02,4,50.64,At_Risk
S105981,9.11,84.88,48.17,1,39.13,Average
S105982,9.59,95.92,84.83,1,82.96,Good
S105983,7.51,69.93,83.46,2,72.28,At_Risk
S105984,9.07,83.37,70.16,4,50.42,Average
S105985,6.26,63.0,78.94,2,49.37,Average
S105986,5.96,53.25,76.03,0,90.03,Excellent
S105987,7.05,62.12,52.25,0,54.3,At_Risk
S105988,7.57,72.97,62.32,1,84.38,Average
S105989,6.49,60.9,64.08,0,62.64,Average
S105990,7.7,68.17,48.28,3,77.5,Average
S105991,7.4,72.83,77.8,2,64.63,At_Risk
S105992,5.7,56.03,82.68,3,46.12,At_Risk
S105993,7.67,71.47,73.89,0,77.59,At_Risk
S105994,8.12,76.0,92.36,2,59.78,Average
S105995,7.22,70.5,72.53,3,63.57,At_Risk
S105996,8.5,85.5,68.27,1,61.54,At_Risk
S105997,5.42,50.3,60.82,4,43.6,At_Risk
S105998,7.61,74.9,71.59,0,64.14,Average
S105999,5.48,54.31,32.96,3,77.62,At_Risk
S106000,5.55,56.26,90.92,2,70.31,At_Risk
S106001,6.18,58.87,73.1,2,95.12,Average
S106002,5.78,51.22,82.74,0,100.0,Average
S106003,6.29,57.88,82.9,2,78.4,Average
S106004,6.72,65.23,77.57,3,71.22,At_Risk
S106005,8.09,84.11,54.73,1,69.82,Average
S106006,6.58,60.6,24.31,5,69.15,At_Risk
S106007,4.94,50.14,96.38,0,77.99,Average
S106008,8.48,79.27,68.24,1,56.97,Average
S106009,5.91,56.6,63.61,2,67.02,At_Risk
S106010,6.92,71.84,64.57,1,64.52,At_Risk
S106011,7.58,75.07,62.0,2,51.82,At_Risk
S106012,7.26,64.0,67.8,1,88.39,Average
S106013,8.42,77.72,67.02,1,62.75,Average
S106014,7.62,77.44,69.52,2,57.42,Average
S106015,5.88,56.43,64.84,2,90.49,At_Risk
S106016,9.83,88.81,79.55,3,77.36,Average
S106017,7.25,65.62,77.45,0,75.72,At_Risk
S106018,6.81,67.49,61.05,2,83.61,Average
S106019,8.25,82.38,70.52,1,51.4,Good
S106020,7.32,69.65,52.86,1,75.73,At_Risk
S106021,7.52,81.33,76.11,1,67.53,Average
S106022,10.0,98.0,89.97,2,36.67,Excellent
S106023,6.64,62.13,79.49,1,71.01,Average
S106024,6.59,59.3,66.94,3,89.13,At_Risk
S106025,7.15,64.04,55.44,2,63.23,At_Risk
S106026,8.39,81.07,76.9,2,70.05,Good
S106027,5.04,45.94,60.27,1,60.38,At_Risk
S106028,4.44,48.92,68.37,1,69.1,Average
S106029,6.24,65.11,77.97,2,49.94,At_Risk
S106030,4.88,48.85,57.56,2,64.78,At_Risk
S106031,6.45,56.54,69.36,0,53.29,Average
S106032,7.65,70.02,54.51,0,79.55,Average
S106033,5.84,60.52,63.79,3,68.74,At_Risk
S106034,5.15,46.63,62.19,2,58.22,At_Risk
S106035,7.09,72.0,83.93,4,97.65,At_Risk
S106036,8.12,79.05,70.82,3,80.94,At_Risk
S106037,4.8,45.77,59.4,0,50.27,At_Risk
S106038,8.07,73.82,62.67,0,57.85,Average
S106039,8.06,76.22,81.36,0,76.73,Excellent
S106040,8.24,79.04,47.72,0,62.66,At_Risk
S106041,8.58,85.68,57.56,1,67.99,Average
S106042,9.86,90.15,54.5,0,65.77,Good
S106043,6.54,61.05,70.29,0,37.0,At_Risk
S106044,7.14,68.03,69.76,4,77.56,At_Risk
S106045,6.46,64.0,66.18,0,56.75,At_Risk
S106046,7.0,62.89,67.09,2,43.02,Average
S106047,8.99,80.16,50.67,2,93.04,Good
S106048,5.25,52.58,55.96,1,58.8,At_Risk
S106049,5.88,49.79,75.7,0,85.33,At_Risk
S106050,8.79,88.65,49.12,3,86.64,Average
S106051,8.33,78.47,64.64,1,79.19,Average
S106052,6.53,55.8,80.57,2,54.77,At_Risk
S106053,8.11,75.13,70.87,3,61.34,Average
S106054,7.44,72.23,59.21,1,52.75,At_Risk
S106055,8.95,82.9,77.43,4,92.96,Good
S106056,7.1,67.5,58.7,0,83.28,At_Risk
S106057,8.33,82.13,68.79,2,62.36,Average
S106058,10.0,94.19,57.98,0,63.06,Good
S106059,7.78,70.14,48.76,2,63.85,At_Risk
S106060,7.06,65.91,66.51,3,68.72,At_Risk
S106061,7.94,81.08,83.78,1,67.37,Average
S106062,6.53,68.73,82.89,1,50.97,Average
S106063,10.0,86.92,77.61,1,64.67,Good
S106064,7.23,73.09,77.37,2,53.85,At_Risk
S106065,6.65,64.1,77.92,0,90.71,Average
S106066,5.91,59.88,65.41,3,63.22,At_Risk
S106067,8.43,77.85,51.85,0,50.55,Average
S106068,8.13,70.14,70.2,6,53.86,Average
S106069,6.35,62.7,80.24,1,85.85,Average
S106070,7.75,69.86,79.24,1,59.07,Average
S106071,5.04,42.32,71.07,2,66.75,At_Risk
S106072,7.24,63.51,72.42,2,65.43,At_Risk
S106073,7.59,74.5,49.82,1,59.07,At_Risk
S106074,9.22,88.14,88.28,2,56.28,Excellent
S106075,6.0,60.11,66.52,0,88.39,At_Risk
S106076,5.34,53.39,40.6,0,65.05,At_Risk
S106077,5.84,53.76,66.22,3,79.52,At_Risk
S106078,5.26,49.71,69.04,3,93.97,At_Risk
S106079,8.74,80.96,74.98,0,51.48,Average
S106080,9.01,84.78,67.06,1,56.81,Average
S106081,7.42,66.59,60.5,2,61.68,At_Risk
S106082,8.59,83.14,61.12,2,64.12,Average
S106083,7.17,72.45,68.02,1,82.31,Average
S106084,6.88,62.06,65.62,2,87.15,At_Risk
S106085,6.57,67.51,93.91,1,64.71,Average
S106086,6.6,63.12,63.75,2,64.21,At_Risk
S106087,4.99,48.35,58.0,0,53.4,At_Risk
S106088,7.34,62.97,82.11,2,78.08,Average
S106089,6.95,58.77,68.03,1,58.37,At_Risk
S106090,7.97,76.28,79.84,1,56.97,Average
S106091,7.12,70.81,66.87,2,94.46,At_Risk
S106092,6.79,61.81,77.32,1,85.76,At_Risk
S106093,5.87,62.42,84.41,1,90.81,At_Risk
S106094,7.09,70.33,86.55,2,64.0,Average
S106095,7.96,71.98,77.9,1,82.59,Good
S106096,5.51,52.5,41.02,1,80.18,At_Risk
S106097,7.11,77.49,48.32,0,81.43,Average
S106098,7.3,64.41,71.92,1,83.91,Average
S106099,6.07,59.74,49.04,1,81.13,At_Risk
S106100,6.24,57.95,53.9,2,87.67,At_Risk
S106101,7.3,72.18,79.69,4,74.75,Average
S106102,5.53,57.57,59.37,0,62.98,Average
S106103,7.45,69.28,60.61,2,89.32,At_Risk
S106104,5.84,59.92,62.86,2,80.81,At_Risk
S106105,8.38,88.51,83.77,0,72.95,Excellent
S106106,10.0,95.27,84.41,3,67.21,Good
S106107,5.88,59.01,98.38,1,54.72,At_Risk
S106108,7.69,70.74,79.13,0,87.24,Average
S106109,6.06,57.6,88.51,0,87.82,At_Risk
S106110,8.35,78.65,58.84,0,82.79,Good
S106111,5.36,54.0,49.69,1,74.65,At_Risk
S106112,7.62,77.25,75.87,1,77.23,Average
S106113,5.87,55.28,65.5,1,100.0,Average
S106114,6.73,70.1,89.69,1,52.06,At_Risk
S106115,5.66,59.89,63.02,2,74.9,At_Risk
S106116,8.07,80.04,60.04,2,79.24,Average
S106117,5.91,54.1,64.15,2,86.98,At_Risk
S106118,7.72,70.87,67.45,0,64.02,Average
S106119,6.55,59.0,68.42,2,63.84,Average
S106120,6.85,68.88,69.95,2,51.67,Average
S106121,7.19,63.0,85.51,0,57.36,At_Risk
S106122,6.01,59.8,53.03,1,77.92,At_Risk
S106123,7.27,64.8,79.51,3,93.52,At_Risk
S106124,8.99,88.69,77.09,3,88.65,Average
S106125,5.99,57.0,72.14,2,83.54,At_Risk
S106126,8.52,86.3,73.83,1,83.3,Average
S106127,8.95,89.57,62.17,3,85.39,Average
S106128,5.94,62.16,49.9,0,81.53,Average
S106129,5.11,54.37,72.97,0,87.24,At_Risk
S106130,7.39,70.8,61.81,0,71.89,Average
S106131,6.29,55.1,75.55,2,65.24,At_Risk
S106132,9.43,85.37,63.84,1,66.24,Average
S106133,7.05,58.58,79.1,4,69.26,At_Risk
S106134,5.96,52.26,81.79,2,58.43,At_Risk
S106135,5.51,52.61,80.0,2,47.13,At_Risk
S106136,8.42,77.72,84.29,3,62.81,Average
S106137,6.26,58.73,67.82,1,61.42,At_Risk
S106138,7.06,69.01,81.01,1,57.75,Average
S106139,8.24,77.09,63.2,1,54.66,Average
S106140,6.37,56.03,60.92,2,80.97,At_Risk
S106141,6.94,65.72,69.08,1,85.55,Average
S106142,6.98,62.7,85.06,1,93.55,At_Risk
S106143,7.89,73.86,65.37,1,72.56,Average
S106144,7.77,79.17,79.75,0,80.45,Average
S106145,6.71,62.7,54.99,2,49.45,Average
S106146,7.08,74.37,43.63,1,48.82,Average
S106147,6.52,67.64,61.71,1,75.29,At_Risk
S106148,5.08,46.0,67.33,2,73.14,At_Risk
S106149,7.33,65.24,80.95,1,87.36,Average
S106150,9.46,89.66,65.0,1,99.34,Good
S106151,5.85,60.2,88.99,2,84.44,At_Risk
S106152,6.0,54.99,74.52,1,84.47,At_Risk
S106153,5.87,59.38,64.97,2,60.71,At_Risk
S106154,7.94,80.0,71.03,0,76.58,Average
S106155,7.58,68.94,54.29,1,87.71,Average
S106156,6.79,61.84,65.06,1,54.64,At_Risk
S106157,5.81,58.01,65.68,1,96.28,At_Risk
S106158,7.12,68.25,70.51,1,60.75,At_Risk
S106159,4.97,44.43,64.2,3,82.92,At_Risk
S106160,7.19,66.86,74.06,1,61.72,At_Risk
S106161,8.13,76.98,47.1,2,75.83,At_Risk
S106162,5.37,44.79,82.36,3,39.27,At_Risk
S106163,5.01,50.64,67.71,2,93.07,At_Risk
S106164,9.05,84.09,77.93,2,89.72,Good
S106165,6.2,47.81,81.54,2,77.0,Average
S106166,8.48,80.43,70.4,3,84.85,Average
S106167,6.8,61.63,79.27,3,63.47,Average
S106168,6.79,71.26,72.67,5,77.62,At_Risk
S106169,7.57,69.57,72.13,4,70.96,At_Risk
S106170,5.85,51.2,61.65,0,69.19,At_Risk
S106171,7.17,70.17,83.7,1,68.71,Good
S106172,6.5,59.15,69.42,4,46.01,Average
S106173,5.28,47.07,86.13,4,72.03,At_Risk
S106174,7.44,72.71,53.49,0,53.66,At_Risk
S106175,6.66,59.09,60.28,2,65.78,At_Risk
S106176,6.8,58.73,53.67,1,52.53,Average
S106177,5.43,58.46,82.14,0,69.46,At_Risk
S106178,9.07,88.47,75.76,7,88.72,Good
S106179,8.14,76.27,48.01,0,67.81,At_Risk
S106180,8.25,78.39,57.03,0,50.26,At_Risk
S106181,6.6,64.75,53.26,1,50.29,At_Risk
S106182,4.75,49.04,81.36,2,66.51,At_Risk
S106183,9.54,87.59,83.7,2,92.05,Good
S106184,6.92,67.21,61.91,3,85.28,Average
S106185,6.03,55.23,41.1,0,84.85,At_Risk
S106186,7.54,71.0,42.25,3,58.69,At_Risk
S106187,8.52,81.56,85.04,0,65.96,Good
S106188,6.97,66.0,84.06,2,90.87,Average
S106189,8.66,85.23,88.25,1,87.39,Excellent
S106190,8.41,81.82,66.38,3,72.59,Excellent
S106191,5.6,47.17,41.26,3,55.87,At_Risk
S106192,6.12,52.75,74.38,0,92.79,Average
S106193,8.24,76.85,61.65,2,73.75,At_Risk
S106194,3.5,40.56,91.02,0,61.57,At_Risk
S106195,6.81,61.25,76.92,0,68.16,Average
S106196,5.14,48.0,70.59,1,74.62,At_Risk
S106197,6.38,58.47,62.85,1,76.77,At_Risk
S106198,6.61,60.59,85.45,1,53.97,At_Risk
S106199,6.53,62.79,58.69,1,90.68,At_Risk
S106200,6.28,65.28,49.98,0,85.76,Average
S106201,5.57,54.77,69.05,0,84.59,At_Risk
S106202,9.98,91.59,82.15,1,71.56,Average
S106203,9.43,100.0,89.34,1,61.21,Excellent
S106204,5.49,52.46,47.53,2,73.24,At_Risk
S106205,9.06,83.73,84.53,4,63.81,At_Risk
S106206,6.48,67.0,67.19,0,58.87,At_Risk
S106207,7.17,66.22,78.51,1,81.14,Average
S106208,6.92,72.37,49.44,1,50.62,Average
S106209,6.14,54.87,63.01,3,60.9,Average
S106210,8.28,84.37,76.42,2,86.29,At_Risk
S106211,7.16,68.86,68.01,2,72.39,At_Risk
S106212,6.38,65.8,66.43,2,67.21,At_Risk
S106213,5.3,58.0,63.6,1,79.43,At_Risk
S106214,5.84,50.93,68.07,3,46.52,At_Risk
S106215,4.87,51.3,68.29,3,73.51,At_Risk
S106216,7.02,61.02,53.29,1,70.55,At_Risk
S106217,5.44,47.53,60.76,1,56.05,At_Risk
S106218,6.65,60.01,75.72,3,76.98,Average
S106219,8.78,85.44,66.29,1,44.71,Average
S106220,8.56,81.44,74.42,4,59.18,Average
S106221,6.96,65.43,65.84,1,96.02,Excellent
S106222,6.89,66.01,60.57,2,72.51,Average
S106223,9.44,92.08,81.3,1,65.29,Good
S106224,7.68,75.6,76.36,3,83.65,At_Risk
S106225,6.57,66.83,66.59,0,63.24,Average
S106226,5.15,56.17,78.08,2,54.29,At_Risk
S106227,7.51,71.28,76.07,5,81.9,Average
S106228,8.08,74.66,60.57,2,68.92,Average
S106229,6.18,61.15,70.15,1,48.13,At_Risk
S106230,7.38,65.52,72.9,3,88.5,Average
S106231,6.53,59.3,74.35,0,66.98,At_Risk
S106232,6.76,68.22,90.88,2,55.35,Good
S106233,3.77,35.28,76.38,2,85.55,At_Risk
S106234,6.71,58.93,76.55,2,58.99,Average
S106235,8.26,72.51,53.88,3,66.94,At_Risk
S106236,6.18,58.9,100.0,2,73.16,Average
S106237,7.07,71.7,51.26,0,80.15,Average
S106238,6.02,61.68,60.82,3,71.26,At_Risk
S106239,7.47,71.39,61.37,1,62.65,Average
S106240,6.72,71.86,63.91,3,49.45,At_Risk
S106241,5.78,54.48,56.6,2,69.81,At_Risk
S106242,8.73,82.4,46.94,3,69.27,At_Risk
S106243,8.21,67.7,83.34,1,55.05,Average
S106244,6.21,57.24,61.3,1,75.68,At_Risk
S106245,7.65,76.06,40.45,1,93.23,At_Risk
S106246,7.7,79.39,64.29,2,63.53,Average
S106247,7.83,71.11,73.78,2,50.38,At_Risk
S106248,4.8,47.42,47.26,1,71.3,At_Risk
S106249,8.31,83.12,76.04,3,43.8,At_Risk
S106250,6.26,59.51,72.1,0,76.93,At_Risk
S106251,6.53,52.95,56.69,3,49.69,At_Risk
S106252,10.0,95.99,71.71,3,76.46,Good
S106253,7.39,73.27,89.13,4,44.08,Average
S106254,6.5,57.94,68.73,2,55.15,At_Risk
S106255,4.13,38.25,61.52,1,52.05,At_Risk
S106256,8.81,79.0,57.3,1,54.68,Good
S106257,5.25,39.61,91.59,0,88.86,At_Risk
S106258,5.7,58.22,65.29,0,55.08,At_Risk
S106259,6.57,62.39,64.91,3,77.77,At_Risk
S106260,8.84,90.38,79.44,5,55.36,Average
S106261,8.01,79.48,75.43,2,58.11,Good
S106262,6.79,63.13,50.08,4,52.44,At_Risk
S106263,7.4,69.97,70.65,2,75.68,At_Risk
S106264,6.22,61.4,61.65,4,88.95,At_Risk
S106265,7.18,72.09,83.32,0,52.87,Average
S106266,7.1,68.7,53.03,1,78.88,At_Risk
S106267,8.26,82.89,78.32,1,88.49,At_Risk
S106268,8.26,77.26,42.5,0,88.09,Good
S106269,7.64,68.61,76.43,1,59.04,Good
S106270,6.53,61.77,78.07,1,73.13,Average
S106271,7.96,76.0,56.3,4,72.37,Average
S106272,6.88,60.56,79.26,2,62.29,Average
S106273,5.59,47.79,66.37,4,67.25,At_Risk
S106274,6.48,63.31,39.56,1,70.39,At_Risk
S106275,7.11,65.92,71.87,0,52.41,At_Risk
S106276,8.18,77.08,57.54,1,66.3,Good
S106277,6.76,62.79,80.1,0,58.26,Average
S106278,5.43,57.65,85.04,4,82.97,At_Risk
S106279,7.07,72.25,62.64,0,59.28,Average
S106280,7.15,62.95,53.84,0,56.06,At_Risk
S106281,7.24,66.66,67.66,2,60.72,At_Risk
S106282,8.2,81.26,77.52,3,89.99,Average
S106283,8.32,81.49,60.09,3,49.57,At_Risk
S106284,6.23,59.0,73.95,0,72.54,At_Risk
S106285,6.2,54.34,79.65,1,45.28,Average
S106286,5.65,50.92,82.62,0,90.0,At_Risk
S106287,7.91,73.0,72.96,0,84.88,Good
S106288,8.88,85.5,45.59,1,90.14,Good
S106289,6.59,69.42,64.16,0,90.84,Average
S106290,6.69,60.8,65.27,1,62.15,At_Risk
S106291,8.91,81.0,69.14,3,95.55,Average
S106292,7.66,72.31,34.53,1,62.27,At_Risk
S106293,7.57,76.01,57.62,0,66.21,At_Risk
S106294,5.45,46.0,65.63,0,90.16,At_Risk
S106295,7.88,80.7,73.74,3,90.47,Average
S106296,5.79,54.34,97.36,1,77.36,At_Risk
S106297,5.53,49.56,76.57,1,80.94,Average
S106298,6.55,55.82,55.04,2,84.39,At_Risk
S106299,6.24,62.1,57.2,3,86.85,At_Risk
S106300,6.71,63.08,59.15,0,55.06,Average
S106301,5.13,49.39,62.91,1,76.47,At_Risk
S106302,8.25,74.74,70.94,1,62.85,Average
S106303,8.47,79.15,55.73,1,55.22,At_Risk
S106304,4.47,40.5,65.16,1,57.91,At_Risk
S106305,8.27,78.18,65.41,2,82.46,Good
S106306,5.95,53.81,72.4,2,56.34,At_Risk
S106307,8.11,71.0,62.7,1,85.14,Good
S106308,6.91,76.57,58.04,2,85.3,Average
S106309,7.04,61.0,58.85,2,72.64,Average
S106310,6.76,64.94,73.1,1,60.6,At_Risk
S106311,8.58,74.38,58.57,3,53.24,Average
S106312,5.39,43.2,77.09,1,76.02,Average
S106313,7.79,74.4,72.76,0,74.33,At_Risk
S106314,8.43,80.8,53.84,2,62.29,Average
S106315,7.93,80.39,84.1,0,58.5,Average
S106316,10.0,96.6,69.04,1,57.87,Excellent
S106317,6.31,59.4,59.34,2,57.78,At_Risk
S106318,8.24,74.52,91.79,2,75.77,Good
S106319,6.86,71.2,67.84,0,66.55,Good
S106320,8.6,85.45,72.66,1,89.83,Excellent
S106321,6.99,61.42,68.2,1,68.09,At_Risk
S106322,6.5,61.86,86.74,0,62.36,Average
S106323,8.7,83.21,91.15,1,83.89,Excellent
S106324,6.36,59.05,71.36,1,51.02,At_Risk
S106325,5.16,52.1,68.93,1,53.03,At_Risk
S106326,6.33,63.44,80.15,0,50.71,At_Risk
S106327,7.8,73.38,61.72,0,46.24,At_Risk
S106328,8.81,82.57,71.21,2,78.4,Average
S106329,7.14,73.87,59.53,1,57.09,Average
S106330,8.71,86.51,92.6,2,66.17,Good
S106331,5.23,50.02,82.12,0,39.44,At_Risk
S106332,6.42,54.51,91.18,0,55.26,Average
S106333,6.62,64.31,61.62,1,62.07,At_Risk
S106334,6.85,67.88,79.81,0,45.4,Average
S106335,7.11,56.52,73.5,0,78.96,Average
S106336,7.9,76.04,71.97,4,59.71,Average
S106337,6.42,59.34,89.52,0,62.29,Average
S106338,7.18,67.33,56.14,2,55.32,Average
S106339,6.94,62.31,60.13,1,44.32,At_Risk
S106340,5.8,54.47,61.06,0,59.78,At_Risk
S106341,6.85,70.66,49.23,1,65.66,At_Risk
S106342,6.81,62.94,42.1,3,96.13,At_Risk
S106343,6.79,68.32,65.79,1,70.4,Average
S106344,7.04,63.67,77.68,2,81.51,At_Risk
S106345,7.1,70.47,65.1,5,50.86,At_Risk
S106346,6.44,61.0,57.37,4,71.57,At_Risk
S106347,8.65,83.63,83.78,2,81.65,Average
S106348,5.48,52.09,53.25,2,71.54,At_Risk
S106349,6.06,60.2,43.97,2,77.73,At_Risk
S106350,10.0,84.73,48.19,2,58.17,Good
S106351,5.65,48.0,88.32,0,52.1,At_Risk
S106352,5.24,51.0,65.36,2,60.14,At_Risk
S106353,7.95,67.4,84.54,2,73.28,Good
S106354,4.3,38.73,83.86,3,59.27,At_Risk
S106355,6.69,63.38,42.88,1,63.28,At_Risk
S106356,9.79,89.69,68.81,1,85.5,Good
S106357,4.99,45.0,78.05,2,55.76,At_Risk
S106358,4.42,43.11,54.02,3,76.18,At_Risk
S106359,5.05,52.02,51.25,0,80.35,Average
S106360,8.17,73.76,74.54,2,90.05,At_Risk
S106361,8.46,78.09,52.45,0,61.96,Good
S106362,6.33,57.24,71.73,2,67.96,At_Risk
S106363,7.89,65.25,77.79,0,58.98,Average
S106364,8.81,84.24,79.55,1,92.45,Average
S106365,9.32,92.31,78.49,1,85.73,Good
S106366,6.68,67.52,84.66,1,75.22,Average
S106367,4.01,35.0,54.91,1,80.94,At_Risk
S106368,5.93,51.36,89.95,0,62.02,Good
S106369,6.45,61.32,61.33,2,69.18,Average
S106370,6.66,66.62,53.96,1,51.97,Average
S106371,6.76,64.8,81.97,2,61.45,At_Risk
S106372,8.45,81.48,76.07,0,62.0,Excellent
S106373,8.66,86.81,45.85,3,45.47,Good
S106374,6.78,61.42,79.36,3,68.9,At_Risk
S106375,8.43,79.19,71.69,3,62.86,Good
S106376,7.46,77.46,68.43,0,76.89,Average
S106377,7.08,66.51,61.82,0,72.9,At_Risk
S106378,8.18,72.63,85.02,2,62.59,Average
S106379,7.09,64.7,88.58,0,66.04,Average
S106380,9.68,88.16,76.42,0,91.54,Average
S106381,5.13,50.16,51.78,0,47.77,Average
S106382,6.33,56.55,52.1,0,85.76,At_Risk
S106383,6.84,66.02,57.26,1,71.8,Average
S106384,7.57,68.98,80.52,3,64.6,Good
S106385,8.65,73.67,63.79,4,81.6,Average
S106386,6.97,67.4,76.07,0,51.26,Average
S106387,5.15,49.53,60.27,2,90.44,At_Risk
S106388,8.1,78.98,86.21,1,60.24,Average
S106389,7.98,73.13,53.0,3,55.24,At_Risk
S106390,4.48,39.4,65.12,0,72.84,Average
S106391,7.0,68.06,64.92,2,75.44,Average
S106392,4.93,52.94,76.91,1,91.06,Average
S106393,6.14,58.34,72.69,1,67.95,At_Risk
S106394,5.83,57.05,87.26,2,63.68,At_Risk
S106395,8.05,75.21,84.86,1,44.69,Average
S106396,7.15,61.77,58.9,1,56.04,Average
S106397,5.33,54.49,68.57,1,99.91,Good
S106398,8.14,81.0,67.9,2,68.1,Good
S106399,5.14,51.64,60.97,1,62.17,At_Risk
S106400,7.43,69.85,47.97,1,88.48,At_Risk
S106401,5.94,59.0,67.74,1,87.6,Average
S106402,6.52,65.56,79.36,2,88.2,Average
S106403,7.66,79.21,70.51,1,73.47,Average
S106404,7.68,76.89,72.39,1,60.98,Average
S106405,8.74,83.27,86.65,3,85.66,Good
S106406,6.89,60.0,56.65,1,53.51,At_Risk
S106407,7.4,70.91,57.67,1,77.3,Good
S106408,6.43,62.12,62.43,1,56.57,At_Risk
S106409,7.24,71.58,82.02,4,64.94,Average
S106410,7.57,77.34,79.65,0,64.11,Average
S106411,6.87,64.91,71.44,2,82.43,Average
S106412,4.66,52.63,86.58,1,53.03,At_Risk
S106413,7.43,63.56,55.95,4,63.83,Average
S106414,7.47,72.68,62.51,1,75.28,At_Risk
S106415,6.12,54.91,72.72,2,74.14,Average
S106416,5.33,43.01,65.35,2,82.17,At_Risk
S106417,8.92,83.92,79.02,1,56.23,Good
S106418,7.64,67.0,90.47,4,44.01,Average
S106419,6.7,63.03,66.8,0,68.47,Good
S106420,5.52,53.0,73.33,1,75.3,At_Risk
S106421,5.93,60.82,80.06,1,61.11,At_Risk
S106422,8.69,76.56,77.94,1,71.33,Good
S106423,7.18,71.83,91.02,1,76.29,Average
S106424,6.28,60.09,73.42,3,48.07,At_Risk
S106425,7.66,76.91,68.7,0,74.87,Good
S106426,5.94,54.72,55.38,0,78.34,Average
S106427,8.95,79.71,72.56,1,48.25,Average
S106428,8.76,78.34,56.07,3,85.21,Average
S106429,6.39,56.0,55.54,1,85.96,At_Risk
S106430,6.18,61.0,73.38,1,72.24,Good
S106431,3.6,40.07,63.7,1,53.76,At_Risk
S106432,5.07,46.0,36.54,2,45.91,At_Risk
S106433,5.26,52.47,98.18,2,50.54,Average
S106434,7.18,62.08,49.11,1,57.22,At_Risk
S106435,6.58,63.19,64.69,1,67.29,At_Risk
S106436,5.25,52.56,52.56,1,68.96,Average
S106437,6.63,57.2,64.68,1,62.28,At_Risk
S106438,7.66,71.93,62.28,0,89.76,Average
S106439,7.69,75.88,59.25,2,93.58,Average
S106440,4.53,35.0,66.74,1,83.43,At_Risk
S106441,6.83,70.26,54.19,1,61.16,At_Risk
S106442,5.2,51.0,74.98,0,95.87,At_Risk
S106443,8.17,80.5,73.66,1,60.73,Average
S106444,8.02,74.53,68.86,4,60.28,Average
S106445,5.83,48.52,75.03,2,77.31,At_Risk
S106446,6.0,59.18,81.44,0,82.59,Average
S106447,6.4,60.47,49.72,3,74.38,At_Risk
S106448,4.07,38.81,88.91,2,79.0,At_Risk
S106449,7.44,75.0,89.74,1,54.4,Average
S106450,6.65,66.18,79.16,1,56.63,Average
S106451,8.26,86.17,63.76,0,65.7,Good
S106452,5.57,53.55,95.65,1,94.47,At_Risk
S106453,6.2,56.09,82.55,5,88.85,Average
S106454,5.04,47.14,48.56,1,93.02,At_Risk
S106455,5.69,55.76,63.11,0,78.82,Average
S106456,5.46,56.0,75.86,1,60.82,At_Risk
S106457,8.29,72.9,51.52,1,82.32,Average
S106458,6.09,57.91,82.34,0,69.1,At_Risk
S106459,7.16,74.47,65.45,1,49.12,At_Risk
S106460,6.51,60.84,55.17,1,79.76,At_Risk
S106461,5.35,54.55,65.71,0,68.04,Average
S106462,6.78,66.39,60.79,1,68.16,At_Risk
S106463,7.78,77.72,45.63,4,59.97,At_Risk
S106464,5.43,48.35,67.47,0,79.21,Average
S106465,8.05,73.27,62.56,3,72.06,At_Risk
S106466,5.9,56.09,69.51,4,57.1,Average
S106467,6.37,54.41,53.97,3,73.15,At_Risk
S106468,7.69,71.97,70.1,4,66.37,At_Risk
S106469,6.14,59.32,99.39,0,85.9,Average
S106470,7.05,74.1,51.76,1,52.03,Average
S106471,6.59,64.22,68.85,1,56.31,At_Risk
S106472,7.17,70.6,72.15,2,51.07,At_Risk
S106473,3.91,41.76,68.86,1,76.43,At_Risk
S106474,4.62,40.0,67.68,2,70.86,At_Risk
S106475,7.8,73.5,69.02,2,77.88,Average
S106476,8.35,89.01,62.41,0,93.1,Good
S106477,5.82,54.94,89.84,3,62.96,At_Risk
S106478,6.68,68.0,73.38,1,75.37,At_Risk
S106479,7.38,73.99,59.9,1,57.18,At_Risk
S106480,7.9,69.15,83.74,1,64.51,Average
S106481,4.36,42.7,58.59,1,46.35,At_Risk
S106482,5.85,56.0,53.25,2,68.25,At_Risk
S106483,6.57,63.71,62.52,0,55.89,Average
S106484,7.91,72.17,86.65,0,74.87,Good
S106485,10.0,90.53,53.47,3,42.43,Average
S106486,6.7,61.78,64.28,3,53.43,At_Risk
S106487,5.17,48.73,60.41,4,87.65,At_Risk
S106488,7.52,76.21,79.14,1,77.54,At_Risk
S106489,8.72,90.08,54.02,1,78.27,Average
S106490,7.14,73.0,76.2,3,75.91,Average
S106491,5.82,58.74,50.66,3,71.2,At_Risk
S106492,8.25,74.31,82.21,1,92.44,Average
S106493,7.86,73.1,75.25,1,60.77,Average
S106494,5.67,54.67,77.54,2,85.41,At_Risk
S106495,7.5,68.68,70.34,1,74.97,Average
S106496,8.3,81.13,54.14,2,78.27,Average
S106497,8.54,83.98,78.34,1,61.26,Good
S106498,6.91,67.82,75.64,0,84.14,Average
S106499,6.53,66.18,58.09,1,61.44,Average
S106500,8.6,78.04,51.91,2,92.16,At_Risk
S106501,5.43,55.29,68.9,2,73.49,At_Risk
S106502,7.57,69.0,69.93,0,93.55,Average
S106503,5.22,45.82,77.5,2,80.24,At_Risk
S106504,8.38,81.79,59.87,0,83.11,Good
S106505,6.66,68.2,73.01,1,67.73,Average
S106506,8.65,84.12,80.75,3,67.28,Good
S106507,7.64,72.7,40.98,2,87.62,Average
S106508,5.41,52.63,37.72,6,51.89,At_Risk
S106509,8.85,84.64,70.32,3,50.61,Average
S106510,9.02,81.15,71.7,1,85.55,Excellent
S106511,8.15,72.43,59.81,2,62.53,Average
S106512,6.01,56.78,48.77,1,90.04,At_Risk
S106513,6.6,63.0,91.69,2,49.67,At_Risk
S106514,7.19,68.34,68.87,0,52.96,Average
S106515,6.09,61.0,69.45,3,49.5,At_Risk
S106516,9.2,86.54,61.52,2,78.47,Good
S106517,7.19,70.53,66.04,3,82.12,At_Risk
S106518,3.5,35.0,64.44,0,80.01,At_Risk
S106519,7.44,77.98,85.85,1,72.34,Average
S106520,6.55,62.52,100.0,1,68.77,At_Risk
S106521,6.9,74.94,57.74,2,96.68,Average
S106522,6.52,63.36,82.19,1,64.67,Average
S106523,8.05,75.61,88.96,1,80.77,Good
S106524,8.46,76.73,57.24,0,80.01,Average
S106525,7.37,64.22,60.69,2,88.61,Average
S106526,6.56,58.34,52.46,1,56.39,At_Risk
S106527,6.95,62.47,60.29,2,73.8,Average
S106528,7.03,68.32,56.73,1,72.09,Average
S106529,5.96,54.49,65.14,3,61.37,Average
S106530,7.75,74.4,51.42,0,73.65,At_Risk
S106531,7.6,77.31,75.82,0,88.25,Average
S106532,9.0,85.17,78.95,1,74.22,Good
S106533,8.63,90.3,62.38,0,82.07,At_Risk
S106534,6.11,53.33,54.09,3,65.36,At_Risk
S106535,8.07,76.03,70.63,4,87.64,Average
S106536,5.76,52.6,71.52,0,81.12,At_Risk
S106537,7.9,78.84,58.78,1,96.0,Average
S106538,6.33,51.16,62.57,1,41.38,At_Risk
S106539,5.67,48.09,61.96,5,67.45,Average
S106540,7.36,69.53,78.32,0,50.77,Average
S106541,3.52,39.67,70.56,3,89.43,At_Risk
S106542,4.72,45.78,44.25,3,72.93,At_Risk
S106543,6.77,58.9,99.05,0,66.81,Average
S106544,7.11,62.73,62.36,4,46.59,At_Risk
S106545,6.52,68.63,77.8,1,88.76,Average
S106546,4.95,44.51,68.81,0,50.59,At_Risk
S106547,5.94,52.63,61.47,1,41.76,At_Risk
S106548,7.51,77.24,80.42,3,70.28,At_Risk
S106549,7.76,77.73,91.47,1,50.78,Average
S106550,6.98,71.4,53.45,0,80.95,Average
S106551,8.5,77.0,57.82,2,82.25,At_Risk
S106552,7.52,65.31,88.11,1,93.5,Average
S106553,6.03,57.8,94.9,1,64.2,Average
S106554,6.64,64.38,72.86,3,65.73,At_Risk
S106555,5.18,50.63,85.54,4,59.74,At_Risk
S106556,6.86,71.08,61.85,1,51.53,Average
S106557,8.45,73.3,46.33,3,66.92,At_Risk
S106558,7.89,78.4,67.11,3,86.24,At_Risk
S106559,8.82,79.43,86.58,2,80.56,Excellent
S106560,6.61,66.18,58.63,0,88.53,At_Risk
S106561,8.75,81.22,89.07,1,66.31,Good
S106562,6.75,60.86,84.23,1,59.55,Average
S106563,8.91,82.23,70.26,2,86.59,Average
S106564,6.97,60.45,100.0,0,56.04,Good
S106565,7.92,75.4,66.02,0,77.72,Good
S106566,8.92,81.63,51.1,0,66.37,At_Risk
S106567,6.75,67.26,63.75,1,50.03,At_Risk
S106568,7.28,71.76,72.9,4,95.35,At_Risk
S106569,8.68,89.17,59.34,3,53.35,At_Risk
S106570,6.83,66.32,59.08,1,84.17,At_Risk
S106571,5.28,52.27,74.25,0,50.53,At_Risk
S106572,9.79,98.57,79.11,3,80.03,Good
S106573,6.39,58.19,71.86,3,93.56,At_Risk
S106574,7.21,62.51,67.46,2,88.22,Average
S106575,8.5,81.58,60.6,1,78.54,Average
S106576,6.21,53.29,58.72,1,91.6,At_Risk
S106577,5.69,63.87,64.62,0,71.34,At_Risk
S106578,7.33,75.46,51.67,1,59.43,Average
S106579,4.67,53.0,60.26,1,70.11,At_Risk
S106580,6.63,63.19,72.01,0,54.81,Average
S106581,7.32,71.73,52.99,2,68.99,Average
S106582,6.65,61.33,41.12,3,56.94,At_Risk
S106583,4.99,50.97,61.99,2,75.76,At_Risk
S106584,9.07,81.0,52.44,1,82.32,Average
S106585,7.13,57.61,61.11,1,64.77,At_Risk
S106586,8.86,81.01,79.03,4,59.09,Average
S106587,6.66,57.47,78.93,1,58.59,At_Risk
S106588,5.86,61.54,67.26,3,87.18,At_Risk
S106589,7.35,77.09,75.51,4,70.55,At_Risk
S106590,6.72,58.22,93.59,1,92.44,At_Risk
S106591,5.47,57.12,64.7,0,57.78,Average
S106592,8.91,88.46,55.4,2,62.09,Average
S106593,6.19,52.54,76.71,2,46.7,At_Risk
S106594,4.61,42.21,61.45,1,85.28,At_Risk
S106595,8.73,80.58,53.91,2,86.38,At_Risk
S106596,6.34,63.26,64.77,0,86.67,Average
S106597,6.21,54.08,73.12,1,81.07,Average
S106598,4.7,44.3,72.72,2,90.26,At_Risk
S106599,9.26,85.3,50.01,1,60.53,Average
S106600,5.32,52.47,73.61,2,58.45,At_Risk
S106601,7.08,66.35,49.01,3,75.92,At_Risk
S106602,8.19,75.63,51.21,5,73.77,At_Risk
S106603,7.55,70.86,85.42,1,73.45,Good
S106604,6.92,73.91,45.63,4,79.3,At_Risk
S106605,4.79,43.82,36.73,0,83.51,At_Risk
S106606,5.95,52.34,73.71,0,58.32,Average
S106607,7.24,71.15,60.2,1,94.41,Average
S106608,5.98,56.2,62.91,0,89.97,Average
S106609,7.26,63.35,87.32,2,68.75,Average
S106610,7.89,83.85,81.86,1,86.43,Average
S106611,8.25,76.98,80.15,3,76.24,At_Risk
S106612,5.41,49.9,68.37,0,80.27,At_Risk
S106613,9.86,94.27,74.67,0,78.94,Excellent
S106614,8.0,82.9,61.71,1,81.7,Average
S106615,7.0,59.76,60.09,4,88.71,At_Risk
S106616,8.42,81.0,67.93,1,69.41,Average
S106617,10.0,100.0,75.89,0,60.89,Good
S106618,5.13,49.25,88.17,1,78.87,At_Risk
S106619,6.71,58.78,81.94,0,55.01,Average
S106620,3.91,35.0,76.73,0,56.43,At_Risk
S106621,7.25,69.71,66.49,1,48.21,Average
S106622,7.48,76.34,64.6,0,67.6,Average
S106623,6.95,65.0,70.97,1,65.67,Average
S106624,6.15,61.72,70.3,0,32.24,Average
S106625,4.34,35.45,54.09,1,57.17,At_Risk
S106626,7.49,65.34,63.11,1,54.6,Average
S106627,8.89,82.54,68.37,1,54.56,Average
S106628,6.23,64.95,76.36,1,59.85,Average
S106629,7.57,72.21,67.17,3,57.93,Average
S106630,4.96,48.29,93.02,1,57.63,Average
S106631,7.59,73.26,60.06,1,66.53,Average
S106632,6.49,66.08,71.17,1,71.57,Average
S106633,6.01,54.64,66.4,3,64.95,At_Risk
S106634,6.01,59.86,73.39,0,91.54,Average
S106635,6.49,58.32,68.12,3,41.82,At_Risk
S106636,7.5,79.16,63.98,0,81.69,Good
S106637,5.29,47.1,75.23,1,69.53,At_Risk
S106638,6.48,58.07,57.36,1,53.02,At_Risk
S106639,6.95,68.0,50.92,0,81.67,Average
S106640,5.57,53.25,80.48,1,53.12,Average
S106641,9.34,90.0,68.28,1,84.13,Average
S106642,5.89,57.0,87.59,1,88.52,Good
S106643,6.13,53.87,68.1,2,54.4,At_Risk
S106644,5.73,60.9,49.13,1,68.86,Average
S106645,9.34,92.3,73.49,2,85.97,Average
S106646,7.72,78.76,44.69,1,77.08,At_Risk
S106647,5.78,52.82,47.1,1,71.12,At_Risk
S106648,8.44,81.83,68.27,4,85.11,At_Risk
S106649,7.26,69.77,70.64,0,86.52,Good
S106650,7.33,74.19,69.74,2,70.71,At_Risk
S106651,6.55,67.0,58.12,2,85.65,Average
S106652,6.03,58.02,57.68,1,84.3,Average
S106653,7.44,64.6,100.0,0,64.06,Good
S106654,6.29,66.89,53.32,4,91.48,At_Risk
S106655,9.36,91.16,57.56,0,61.13,Average
S106656,5.35,48.39,86.88,1,68.21,Average
S106657,9.0,87.1,57.54,1,70.87,Average
S106658,6.86,59.08,64.62,3,83.93,At_Risk
S106659,7.39,74.42,68.56,0,91.36,Average
S106660,8.08,70.9,63.53,1,73.31,At_Risk
S106661,6.18,57.83,82.94,1,67.43,At_Risk
S106662,8.12,78.15,81.16,2,86.06,Average
S106663,3.5,37.41,78.12,0,52.68,At_Risk
S106664,6.06,58.03,86.93,1,86.1,At_Risk
S106665,5.8,57.63,66.48,3,59.03,At_Risk
S106666,5.37,50.91,84.51,1,62.59,At_Risk
S106667,6.72,63.72,74.11,3,87.18,At_Risk
S106668,7.5,71.61,56.21,0,59.26,Good
S106669,7.91,74.42,74.42,0,91.1,Average
S106670,7.31,62.73,62.31,0,71.84,Average
S106671,6.13,55.21,48.39,2,69.13,At_Risk
S106672,7.48,72.04,48.4,1,77.39,At_Risk
S106673,7.16,67.04,55.47,1,83.18,At_Risk
S106674,8.22,77.44,88.31,0,74.39,Good
S106675,8.01,74.8,32.62,2,69.03,At_Risk
S106676,7.04,63.0,64.55,3,51.63,Average
S106677,5.83,53.45,75.08,0,60.3,At_Risk
S106678,6.15,57.21,66.11,2,81.17,At_Risk
S106679,6.29,59.73,63.49,3,47.56,At_Risk
S106680,6.59,64.18,57.5,2,87.64,At_Risk
S106681,7.35,69.09,87.19,3,83.02,Average
S106682,7.93,71.21,62.13,1,82.17,Average
S106683,6.93,60.28,52.04,1,66.98,Average
S106684,7.02,77.09,61.58,2,80.72,At_Risk
S106685,7.19,63.75,71.47,2,85.35,At_Risk
S106686,6.33,58.05,58.02,2,56.3,At_Risk
S106687,5.8,57.14,73.36,2,51.02,At_Risk
S106688,4.72,46.26,67.44,5,59.42,At_Risk
S106689,6.1,60.0,72.78,3,63.61,At_Risk
S106690,7.62,70.57,86.25,1,76.0,At_Risk
S106691,6.09,58.77,44.8,2,58.39,At_Risk
S106692,6.69,63.81,62.57,1,66.44,At_Risk
S106693,7.61,71.01,56.46,1,83.62,Average
S106694,7.68,73.91,58.58,4,86.73,At_Risk
S106695,5.6,57.39,69.57,0,51.44,Average
S106696,8.3,78.72,67.76,0,57.9,Average
S106697,8.47,80.36,45.94,5,66.97,Average
S106698,5.53,56.82,52.36,2,84.36,At_Risk
S106699,5.93,60.17,82.42,1,92.65,Average
S106700,8.55,87.55,50.23,1,85.47,Average
S106701,6.81,58.0,76.95,0,72.06,At_Risk
S106702,4.11,42.71,42.91,1,56.08,At_Risk
S106703,5.18,51.62,46.83,1,45.66,At_Risk
S106704,6.68,59.88,74.67,1,45.0,At_Risk
S106705,5.49,53.14,87.41,0,80.23,Average
S106706,6.46,65.6,80.53,0,66.31,At_Risk
S106707,7.04,64.0,61.2,1,81.28,At_Risk
S106708,8.9,86.33,58.23,3,61.94,Average
S106709,6.62,66.4,73.54,1,62.38,Average
S106710,8.39,75.46,46.79,0,67.91,Good
S106711,8.86,83.58,73.76,0,60.52,Good
S106712,8.86,85.42,60.76,1,58.81,Average
S106713,7.37,66.83,89.12,1,43.23,At_Risk
S106714,4.45,38.74,71.85,2,80.18,At_Risk
S106715,7.6,71.65,65.73,2,64.55,Average
S106716,8.36,82.65,70.95,0,69.88,Average
S106717,6.89,68.07,63.32,0,59.88,At_Risk
S106718,9.27,84.6,74.44,2,92.62,Average
S106719,8.12,79.73,56.51,1,74.52,At_Risk
S106720,7.74,70.17,81.96,1,75.65,Good
S106721,8.41,73.48,63.29,0,82.49,At_Risk
S106722,7.43,69.0,78.81,1,75.7,Good
S106723,3.76,40.21,77.94,4,80.09,At_Risk
S106724,6.35,62.96,69.97,1,77.12,Average
S106725,8.56,81.28,76.99,1,68.52,Average
S106726,5.95,55.0,62.23,0,60.88,At_Risk
S106727,6.71,62.18,76.37,0,82.45,Good
S106728,5.64,54.03,47.17,1,93.97,Average
S106729,9.32,84.26,54.28,0,68.45,Good
S106730,9.19,85.87,65.66,1,60.35,Average
S106731,5.85,54.72,43.4,3,82.71,At_Risk
S106732,7.19,62.91,69.14,4,59.25,At_Risk
S106733,6.12,54.74,95.57,1,82.2,Average
S106734,7.8,75.74,58.75,1,61.54,At_Risk
S106735,7.66,72.83,68.58,1,54.91,Good
S106736,8.06,75.29,55.54,4,86.81,At_Risk
S106737,7.43,66.95,82.04,3,76.11,Average
S106738,10.0,100.0,65.1,3,73.42,Good
S106739,5.66,50.45,67.82,1,93.79,Average
S106740,4.78,46.38,65.25,1,49.98,At_Risk
S106741,6.49,59.69,64.64,2,97.72,At_Risk
S106742,4.96,47.28,52.01,0,50.17,At_Risk
S106743,5.06,49.9,70.34,1,48.85,At_Risk
S106744,5.7,48.6,64.62,1,80.95,At_Risk
S106745,5.8,55.08,48.66,2,60.12,At_Risk
S106746,5.76,59.47,44.1,2,54.55,At_Risk
S106747,7.67,79.95,65.82,4,62.33,At_Risk
S106748,6.34,60.0,64.07,1,85.66,At_Risk
S106749,6.77,64.45,50.87,1,73.21,At_Risk
S106750,8.16,86.39,78.76,1,89.25,Good
S106751,6.0,61.58,61.22,2,47.82,Average
S106752,6.66,60.8,75.25,1,54.44,Average
S106753,7.48,68.54,57.08,3,58.8,At_Risk
S106754,4.48,46.35,63.11,2,72.7,At_Risk
S106755,3.9,35.0,60.12,1,69.03,At_Risk
S106756,7.45,75.0,63.02,2,76.8,At_Risk
S106757,7.64,73.91,70.91,2,75.98,At_Risk
S106758,9.68,94.06,64.44,2,74.27,Good
S106759,7.21,67.43,76.12,1,99.85,Average
S106760,8.07,74.1,52.92,0,76.31,At_Risk
S106761,6.75,70.0,58.57,1,65.43,At_Risk
S106762,7.39,69.18,72.4,1,46.94,Average
S106763,9.17,85.45,79.69,3,74.41,Average
S106764,4.24,39.95,69.13,0,72.09,At_Risk
S106765,7.54,72.38,77.68,2,78.44,At_Risk
S106766,9.78,88.75,56.41,3,55.31,At_Risk
S106767,7.37,67.72,61.68,1,67.08,At_Risk
S106768,9.15,84.0,75.44,2,40.13,Good
S106769,6.18,62.11,63.28,0,63.13,Average
S106770,6.96,63.0,62.05,4,61.47,At_Risk
S106771,7.04,59.89,63.02,1,80.82,Average
S106772,4.12,35.0,52.28,1,65.41,At_Risk
S106773,5.48,46.0,54.33,3,69.0,At_Risk
S106774,5.57,58.0,59.03,2,75.69,Average
S106775,8.07,76.72,86.57,5,89.65,Average
S106776,8.13,79.28,62.48,0,63.7,Good
S106777,7.42,72.65,63.41,0,72.38,Average
S106778,8.07,76.9,76.64,1,72.34,Average
S106779,6.79,64.17,67.92,1,63.42,At_Risk
S106780,8.56,85.52,61.75,0,65.7,Average
S106781,7.01,67.19,66.85,1,78.98,At_Risk
S106782,7.08,72.81,56.19,0,93.47,Average
S106783,6.65,65.7,52.42,0,81.21,Average
S106784,7.89,72.48,80.54,0,46.07,At_Risk
S106785,6.45,59.31,72.08,4,89.02,Average
S106786,8.27,75.65,42.82,3,92.1,Average
S106787,5.53,57.39,78.39,1,50.91,At_Risk
S106788,5.57,51.31,65.25,1,90.72,Average
S106789,7.89,71.8,64.6,2,51.97,Average
S106790,6.88,66.69,80.0,2,63.31,At_Risk
S106791,6.41,60.51,55.21,0,67.78,Average
S106792,8.16,78.67,68.71,0,68.34,Excellent
S106793,6.21,66.56,86.61,1,91.01,Good
S106794,6.74,68.0,64.18,1,66.25,Average
S106795,8.82,83.89,62.52,2,61.02,Average
S106796,9.0,79.87,89.37,5,83.52,Average
S106797,9.04,83.92,60.93,2,61.56,Average
S106798,6.63,65.86,76.98,1,85.8,Average
S106799,8.6,77.02,51.34,1,74.8,Average
S106800,5.77,63.34,78.31,2,56.39,At_Risk
S106801,5.82,55.36,60.8,2,57.99,At_Risk
S106802,3.94,37.7,79.86,1,69.95,At_Risk
S106803,9.17,84.49,60.85,3,52.68,Average
S106804,5.88,57.82,74.81,2,76.45,At_Risk
S106805,6.84,60.31,42.97,3,51.69,At_Risk
S106806,5.82,64.0,66.57,2,85.09,At_Risk
S106807,7.9,80.35,69.03,3,67.83,At_Risk
S106808,6.51,65.8,55.16,0,52.25,Average
S106809,5.3,44.82,68.46,1,65.59,Average
S106810,7.57,72.78,100.0,1,56.6,Average
S106811,5.14,53.63,54.77,0,55.87,At_Risk
S106812,5.91,58.53,73.89,1,48.46,At_Risk
S106813,4.26,36.47,60.31,1,84.14,At_Risk
S106814,5.15,46.31,83.67,1,62.81,At_Risk
S106815,7.23,66.9,71.44,3,49.12,At_Risk
S106816,4.45,39.82,61.5,0,92.21,At_Risk
S106817,5.07,54.32,69.64,0,69.41,At_Risk
S106818,7.0,58.79,90.01,1,42.46,Average
S106819,6.29,62.41,61.79,1,74.89,At_Risk
S106820,9.59,85.93,79.59,2,66.25,Excellent
S106821,9.38,85.3,54.05,1,48.69,At_Risk
S106822,5.87,47.74,73.39,2,55.55,At_Risk
S106823,7.72,71.18,66.77,1,60.37,Average
S106824,7.97,81.8,83.51,1,51.47,Average
S106825,6.22,60.18,67.29,5,53.01,At_Risk
S106826,5.06,43.24,84.55,2,56.47,At_Risk
S106827,6.98,70.42,57.55,1,82.74,Average
S106828,6.78,69.29,52.43,1,94.33,Average
S106829,6.43,61.53,55.44,0,68.73,At_Risk
S106830,7.58,80.1,74.08,3,95.57,Average
S106831,6.02,60.51,53.96,1,85.67,At_Risk
S106832,5.5,55.0,39.07,0,48.75,At_Risk
S106833,7.14,65.0,63.59,3,56.47,At_Risk
S106834,7.5,73.78,70.1,0,58.19,Average
S106835,5.47,52.84,62.15,0,39.86,At_Risk
S106836,8.21,80.04,53.3,3,79.35,Good
S106837,4.7,41.9,83.16,3,61.12,At_Risk
S106838,6.25,59.87,78.53,0,59.6,Average
S106839,6.66,60.05,72.42,1,75.03,Average
S106840,6.17,50.05,84.91,1,87.08,At_Risk
S106841,6.27,63.51,56.28,2,59.89,Average
S106842,9.43,83.6,65.26,0,50.57,Average
S106843,5.89,56.42,83.21,3,59.17,At_Risk
S106844,10.0,96.33,70.1,1,54.22,Average
S106845,7.57,73.0,90.12,0,80.84,Good
S106846,7.12,66.5,45.25,2,37.35,At_Risk
S106847,7.62,73.47,44.37,3,44.32,At_Risk
S106848,10.0,96.88,61.55,1,71.8,Average
S106849,5.71,57.17,75.58,4,90.41,At_Risk
S106850,5.54,59.6,77.24,3,54.51,At_Risk
S106851,6.02,58.11,64.9,3,59.4,At_Risk
S106852,7.04,67.15,81.41,2,47.08,Average
S106853,4.76,41.56,73.4,1,84.24,At_Risk
S106854,7.03,68.52,68.85,1,83.97,Average
S106855,9.2,90.08,85.3,2,75.49,Average
S106856,7.2,67.6,68.85,1,52.83,Average
S106857,6.62,65.06,58.55,1,61.06,At_Risk
S106858,6.2,57.7,65.17,5,81.57,At_Risk
S106859,8.17,80.28,54.73,0,100.0,Average
S106860,5.93,59.95,65.43,1,53.16,At_Risk
S106861,9.4,92.9,57.36,3,56.67,At_Risk
S106862,9.51,90.85,50.67,3,84.39,Good
S106863,7.33,65.51,61.78,1,62.14,Average
S106864,6.99,63.91,48.44,1,79.58,At_Risk
S106865,8.34,81.61,77.74,3,94.5,Average
S106866,8.42,89.82,76.28,4,88.44,Average
S106867,5.95,55.18,81.21,1,54.33,At_Risk
S106868,6.32,61.82,61.09,0,61.66,At_Risk
S106869,5.28,47.94,73.89,3,76.93,At_Risk
S106870,7.53,67.66,53.16,0,55.36,Average
S106871,7.87,72.03,60.58,0,72.27,At_Risk
S106872,5.25,41.5,81.33,0,84.43,At_Risk
S106873,6.41,66.29,83.27,0,84.77,At_Risk
S106874,5.25,40.94,69.6,0,90.75,At_Risk
S106875,5.83,54.34,76.82,1,83.79,Average
S106876,7.72,68.59,64.98,4,71.29,Average
S106877,6.05,53.9,81.08,1,79.72,Average
S106878,6.61,68.29,56.16,0,82.26,At_Risk
S106879,4.88,47.21,69.56,3,68.66,At_Risk
S106880,7.24,64.95,83.39,0,68.59,Average
S106881,6.94,63.6,61.42,2,63.31,At_Risk
S106882,6.05,54.44,67.82,0,69.26,At_Risk
S106883,6.75,63.99,73.62,1,66.91,At_Risk
S106884,7.23,69.42,80.21,2,49.97,Average
S106885,5.94,64.02,58.36,2,87.61,At_Risk
S106886,5.08,40.6,72.89,1,63.22,Average
S106887,9.35,88.66,80.73,2,74.74,Good
S106888,6.18,57.42,80.69,3,81.99,Average
S106889,6.87,69.09,67.44,4,81.36,Average
S106890,8.31,80.4,63.47,4,45.83,Average
S106891,10.0,97.36,67.84,0,57.07,Good
S106892,5.38,52.51,58.81,2,78.0,At_Risk
S106893,7.58,68.33,74.97,4,51.61,Average
S106894,6.08,62.61,69.75,0,64.37,At_Risk
S106895,6.3,63.04,36.26,2,97.95,At_Risk
S106896,6.06,61.27,72.73,1,61.27,At_Risk
S106897,5.54,57.65,61.65,2,83.7,At_Risk
S106898,6.95,67.66,70.13,0,71.05,At_Risk
S106899,5.08,54.21,87.73,2,90.31,Average
S106900,8.23,79.7,56.16,1,74.69,Average
S106901,7.07,66.3,62.86,4,54.96,At_Risk
S106902,7.55,71.69,64.98,2,96.66,Average
S106903,6.39,60.65,51.07,3,77.34,At_Risk
S106904,6.52,59.89,69.3,2,74.85,At_Risk
S106905,7.37,76.58,73.64,2,50.57,Average
S106906,5.49,53.31,63.0,1,64.48,Good
S106907,6.53,62.46,75.17,1,83.08,At_Risk
S106908,5.88,57.44,87.35,0,91.33,Average
S106909,5.84,67.42,59.03,2,59.7,At_Risk
S106910,4.26,35.92,66.01,4,87.37,At_Risk
S106911,8.74,79.66,64.18,2,46.25,Average
S106912,6.11,52.5,91.06,1,50.12,At_Risk
S106913,8.51,80.0,75.44,3,39.72,At_Risk
S106914,8.39,80.68,81.92,0,66.28,Good
S106915,5.33,48.76,65.56,0,65.52,Average
S106916,5.59,51.0,91.38,0,46.9,At_Risk
S106917,10.0,95.57,81.04,0,56.6,Average
S106918,9.28,86.12,56.37,5,83.3,Average
S106919,6.96,67.35,52.5,3,61.07,At_Risk
S106920,7.33,74.0,68.74,2,48.74,Average
S106921,6.18,61.42,74.81,2,48.63,At_Risk
S106922,7.56,75.0,63.25,1,50.74,At_Risk
S106923,6.07,61.99,58.47,1,81.42,At_Risk
S106924,4.36,42.53,80.59,1,78.84,At_Risk
S106925,5.28,49.54,72.72,0,50.22,At_Risk
S106926,7.03,63.67,66.99,1,89.26,At_Risk
S106927,5.53,50.97,58.48,1,72.93,At_Risk
S106928,6.91,63.57,67.14,1,86.37,Average
S106929,5.6,56.15,58.18,0,57.39,At_Risk
S106930,5.98,58.23,79.94,3,66.34,At_Risk
S106931,8.11,79.82,77.69,2,58.26,Average
S106932,7.32,64.92,55.71,1,62.45,Average
S106933,6.99,72.1,56.08,3,61.99,At_Risk
S106934,8.14,75.65,84.99,2,70.9,Good
S106935,7.62,68.04,78.45,4,55.01,At_Risk
S106936,8.88,82.6,77.02,2,92.09,Average
S106937,6.4,70.76,82.85,1,52.41,Average
S106938,6.44,60.0,55.41,3,84.53,At_Risk
S106939,5.31,49.13,65.21,0,78.37,At_Risk
S106940,6.44,60.43,92.65,1,71.98,At_Risk
S106941,8.25,77.82,87.75,0,80.12,Average
S106942,8.69,79.43,75.62,0,61.02,Excellent
S106943,8.25,78.9,70.72,1,84.65,Good
S106944,4.67,48.64,75.18,3,56.82,At_Risk
S106945,8.41,81.13,67.04,4,57.58,At_Risk
S106946,4.61,39.35,58.95,0,67.77,At_Risk
S106947,8.17,76.21,57.49,3,56.44,Average
S106948,6.52,59.8,96.39,1,45.84,At_Risk
S106949,7.91,75.0,60.39,1,73.68,Average
S106950,5.27,55.37,81.6,0,88.24,Average
S106951,8.52,80.37,39.98,3,84.27,At_Risk
S106952,5.1,48.05,61.22,1,96.07,At_Risk
S106953,6.13,65.0,66.53,0,86.51,At_Risk
S106954,5.7,57.68,60.88,5,93.49,At_Risk
S106955,4.72,47.13,58.0,2,73.1,At_Risk
S106956,7.12,75.5,80.21,1,58.32,At_Risk
S106957,9.35,90.76,72.51,1,84.2,At_Risk
S106958,10.0,87.05,60.9,2,90.49,Average
S106959,7.13,71.03,59.76,0,77.21,Average
S106960,8.45,73.92,50.37,1,47.26,At_Risk
S106961,7.3,71.17,53.59,1,59.11,At_Risk
S106962,7.65,65.81,54.14,2,58.6,At_Risk
S106963,6.56,60.41,62.17,0,90.93,At_Risk
S106964,7.25,67.45,100.0,3,52.25,Average
S106965,7.7,70.06,60.88,4,67.18,At_Risk
S106966,6.25,57.96,62.17,3,89.08,At_Risk
S106967,6.9,69.67,60.77,1,71.85,At_Risk
S106968,6.92,62.92,73.89,5,55.08,At_Risk
S106969,8.07,78.89,51.41,2,59.71,Average
S106970,5.61,49.47,54.91,1,73.54,At_Risk
S106971,6.93,65.11,82.25,1,74.43,Average
S106972,9.49,91.41,71.44,3,89.63,Average
S106973,8.51,76.89,70.23,4,85.15,Average
S106974,8.75,77.92,79.56,3,57.5,Average
S106975,7.03,68.77,68.52,2,82.48,At_Risk
S106976,7.42,75.0,52.5,0,67.3,Average
S106977,8.3,78.56,74.43,0,81.57,Good
S106978,9.03,83.94,75.33,2,63.07,Average
S106979,4.46,43.02,48.25,0,60.21,At_Risk
S106980,5.29,50.48,71.97,0,53.25,Average
S106981,8.7,84.0,76.46,2,69.66,Good
S106982,6.64,52.97,77.05,3,66.82,Average
S106983,6.13,53.93,78.88,2,86.28,Average
S106984,5.37,47.63,73.36,3,95.93,Average
S106985,6.28,60.25,80.96,1,51.26,Average
S106986,5.18,49.92,55.03,1,77.63,At_Risk
S106987,9.72,94.87,88.12,1,49.57,Good
S106988,6.97,67.25,43.45,2,81.81,Average
S106989,6.92,60.58,79.16,0,68.08,At_Risk
S106990,7.76,79.55,55.59,3,60.65,Average
S106991,8.25,83.47,84.2,1,88.56,Average
S106992,8.23,73.15,77.38,0,74.75,Average
S106993,8.4,81.09,60.84,0,58.51,Average
S106994,6.18,56.33,64.47,1,90.1,At_Risk
S106995,6.61,63.38,62.21,3,60.04,At_Risk
S106996,8.0,80.21,77.51,2,92.87,Average
S106997,6.31,68.51,49.69,1,75.63,Average
S106998,6.99,69.4,64.95,2,76.87,Average
S106999,7.52,72.6,74.29,2,84.11,Average
S107000,8.02,74.84,43.25,3,56.75,At_Risk
S107001,4.69,45.27,51.18,4,43.05,At_Risk
S107002,7.93,80.8,83.69,1,65.77,Average
S107003,6.7,63.43,43.4,0,83.65,Average
S107004,7.92,71.69,55.41,1,76.83,Good
S107005,8.01,69.62,89.38,2,48.79,At_Risk
S107006,9.09,88.41,72.81,1,55.77,Good
S107007,8.76,84.0,84.76,1,61.72,Average
S107008,8.75,80.55,57.75,2,91.09,Average
S107009,8.88,88.43,49.78,0,87.1,Good
S107010,7.38,68.4,69.27,2,54.88,Average
S107011,7.04,66.36,73.76,1,76.55,Average
S107012,8.13,77.21,46.54,2,81.49,Average
S107013,7.95,74.14,68.06,3,77.69,Average
S107014,6.6,63.6,57.16,0,57.71,Average
S107015,7.53,76.11,68.86,1,65.01,At_Risk
S107016,6.95,61.5,81.15,0,88.75,Average
S107017,5.89,57.91,64.41,1,58.49,At_Risk
S107018,8.68,83.13,83.31,4,76.3,Average
S107019,7.07,67.8,64.95,0,90.17,Average
S107020,9.66,95.0,79.76,1,46.94,Good
S107021,4.89,46.62,79.24,1,69.12,At_Risk
S107022,6.28,61.54,76.32,3,62.25,At_Risk
S107023,7.04,69.77,70.88,3,91.02,At_Risk
S107024,8.48,78.53,90.84,1,84.76,Good
S107025,7.52,72.6,70.81,1,66.74,Good
S107026,7.4,69.33,77.54,3,67.24,Average
S107027,5.53,52.05,48.94,1,53.96,At_Risk
S107028,5.5,50.92,77.55,3,67.55,At_Risk
S107029,7.42,72.37,81.22,3,58.61,Average
S107030,5.23,49.98,62.87,0,88.77,At_Risk
S107031,6.31,61.51,84.36,1,61.92,Average
S107032,7.65,72.62,55.19,4,73.51,At_Risk
S107033,5.72,47.95,55.6,4,47.9,At_Risk
S107034,9.09,86.45,73.18,1,88.62,Good
S107035,8.59,81.87,72.45,1,83.73,Average
S107036,4.96,48.06,60.98,2,73.5,At_Risk
S107037,5.79,52.61,52.02,1,75.89,At_Risk
S107038,4.03,35.0,83.29,1,70.12,At_Risk
S107039,5.98,59.33,47.52,1,87.97,At_Risk
S107040,8.0,74.87,73.75,0,76.8,Good
S107041,6.46,62.07,57.04,1,60.26,Good
S107042,7.6,71.07,71.51,1,76.58,Average
S107043,5.02,47.67,66.36,1,72.58,At_Risk
S107044,8.04,74.56,89.41,1,91.64,Average
S107045,6.28,55.77,86.12,2,83.02,At_Risk
S107046,7.02,68.5,65.77,0,53.95,At_Risk
S107047,6.88,62.94,83.17,6,91.25,At_Risk
S107048,5.35,51.45,43.85,3,58.0,At_Risk
S107049,5.5,54.0,66.24,3,63.33,At_Risk
S107050,8.26,76.11,64.47,2,60.18,Average
S107051,7.52,66.61,41.41,2,72.19,At_Risk
S107052,8.37,89.17,62.17,1,87.74,Average
S107053,7.42,68.4,83.1,3,43.93,At_Risk
S107054,7.19,70.76,70.37,0,39.65,At_Risk
S107055,4.76,52.94,74.9,1,53.42,At_Risk
S107056,6.65,66.3,53.76,2,75.7,At_Risk
S107057,6.96,64.96,56.3,2,73.66,At_Risk
S107058,9.54,90.35,66.39,0,76.94,Average
S107059,7.89,71.65,72.55,2,88.2,Good
S107060,9.0,89.0,75.91,2,71.48,At_Risk
S107061,7.78,76.14,68.46,3,61.32,Average
S107062,6.08,56.0,60.71,4,51.88,At_Risk
S107063,7.15,63.8,61.27,3,74.07,At_Risk
S107064,7.31,64.1,59.1,2,89.87,At_Risk
S107065,5.78,58.85,58.42,2,71.36,At_Risk
S107066,6.5,62.23,56.81,1,78.04,At_Risk
S107067,6.73,64.82,75.0,3,75.65,At_Risk
S107068,9.09,83.0,68.68,1,63.94,Average
S107069,4.3,35.0,74.9,2,72.14,At_Risk
S107070,8.57,85.24,64.2,1,61.65,Good
S107071,5.78,55.1,66.89,2,61.56,At_Risk
S107072,5.22,53.18,44.08,3,81.58,At_Risk
S107073,8.53,79.53,77.81,0,93.29,Average
S107074,7.95,74.59,73.04,1,76.43,Average
S107075,8.63,84.85,69.66,1,60.09,Average
S107076,8.04,79.32,79.91,1,58.79,At_Risk
S107077,9.68,95.1,90.12,6,66.67,Good
S107078,7.73,72.22,57.81,2,88.67,Average
S107079,6.8,67.03,86.41,2,85.87,Average
S107080,7.45,75.17,84.42,1,92.69,Good
S107081,8.62,81.44,62.62,1,88.1,Average
S107082,5.99,54.82,53.81,1,47.44,At_Risk
S107083,6.15,63.82,71.66,3,80.24,At_Risk
S107084,6.6,60.07,82.71,3,71.32,At_Risk
S107085,4.26,43.03,51.63,2,85.77,At_Risk
S107086,7.18,67.97,51.79,0,96.49,Average
S107087,4.55,35.84,75.61,3,65.23,At_Risk
S107088,7.07,71.7,69.8,0,82.8,Good
S107089,8.12,66.15,79.11,1,54.23,Average
S107090,6.38,52.67,71.79,2,92.16,At_Risk
S107091,9.18,89.0,72.8,3,51.24,Average
S107092,5.1,50.57,70.1,1,46.76,Average
S107093,8.55,79.0,68.52,1,68.26,Good
S107094,7.88,75.43,76.53,1,93.54,Average
S107095,4.77,35.2,50.42,1,88.47,At_Risk
S107096,10.0,97.83,67.41,5,56.49,Good
S107097,6.92,66.71,62.28,2,64.37,Average
S107098,5.86,55.48,61.53,1,88.59,At_Risk
S107099,5.17,49.21,76.15,0,68.4,At_Risk
S107100,6.71,65.76,78.61,2,97.54,Average
S107101,6.83,64.81,78.21,2,67.34,Average
S107102,7.13,60.27,78.56,1,52.39,Average
S107103,6.61,71.61,71.61,0,68.7,Average
S107104,7.82,79.0,49.43,1,72.4,Average
S107105,6.5,56.57,64.77,1,88.3,At_Risk
S107106,4.48,41.22,73.74,2,74.74,At_Risk
S107107,6.81,63.71,69.94,3,52.13,At_Risk
S107108,3.92,41.58,79.59,1,80.78,At_Risk
S107109,7.46,62.23,71.98,2,81.99,At_Risk
S107110,5.73,52.41,69.28,3,63.84,At_Risk
S107111,7.21,61.47,57.66,3,85.49,At_Risk
S107112,8.71,81.59,63.64,0,69.8,Good
S107113,5.77,52.89,81.31,0,92.15,Average
S107114,8.38,79.93,64.04,1,94.1,Good
S107115,6.44,58.73,78.42,1,71.06,At_Risk
S107116,9.28,85.15,45.18,1,89.97,Good
S107117,6.53,64.47,57.24,0,91.14,Average
S107118,5.91,57.94,47.03,1,54.24,At_Risk
S107119,7.89,77.19,38.39,2,52.68,Average
S107120,6.43,60.41,44.22,2,52.11,At_Risk
S107121,5.91,53.82,65.86,0,85.25,Good
S107122,6.38,60.12,86.9,0,64.05,Average
S107123,6.94,67.95,47.16,0,35.38,At_Risk
S107124,8.74,74.37,68.28,2,70.6,Average
S107125,4.49,44.2,65.06,5,66.25,At_Risk
S107126,7.03,68.02,68.65,0,82.41,Average
S107127,7.81,74.47,65.1,1,52.74,Average
S107128,7.25,68.29,59.21,0,72.01,Average
S107129,8.7,72.41,38.85,1,72.94,Average
S107130,6.9,63.82,75.39,1,71.09,Average
S107131,6.76,71.38,81.31,3,70.42,At_Risk
S107132,7.77,73.87,67.6,2,54.23,Average
S107133,7.13,66.5,68.67,3,73.27,At_Risk
S107134,6.49,61.75,50.35,2,43.59,At_Risk
S107135,7.67,74.29,61.48,0,73.13,Good
S107136,6.15,61.1,74.89,1,71.45,Average
S107137,6.21,58.04,54.83,2,90.34,At_Risk
S107138,6.31,61.68,66.56,0,49.91,At_Risk
S107139,8.76,89.92,95.91,0,49.58,Good
S107140,3.5,37.3,70.79,1,99.76,At_Risk
S107141,7.51,80.75,53.35,4,88.66,At_Risk
S107142,7.04,64.3,100.0,1,71.36,Average
S107143,4.81,52.45,72.84,2,78.84,At_Risk
S107144,7.4,67.0,57.32,1,83.08,Average
S107145,7.62,73.79,66.69,2,90.04,At_Risk
S107146,7.77,77.0,45.89,1,61.48,At_Risk
S107147,3.55,35.0,57.33,1,94.14,At_Risk
S107148,8.78,83.73,79.35,0,59.49,Good
S107149,6.04,61.03,51.93,2,84.51,At_Risk
S107150,7.89,72.14,49.62,1,64.12,At_Risk
S107151,7.96,82.33,80.23,5,52.86,Average
S107152,5.86,50.13,96.55,0,76.53,At_Risk
S107153,7.86,82.42,75.16,2,67.43,Average
S107154,6.5,65.74,90.99,2,74.79,At_Risk
S107155,4.31,40.56,53.08,2,85.69,At_Risk
S107156,8.52,79.31,74.03,0,71.01,Average
S107157,5.99,54.9,82.68,1,45.95,At_Risk
S107158,5.89,55.4,61.39,0,52.56,At_Risk
S107159,6.48,61.33,55.63,1,92.39,At_Risk
S107160,7.35,74.88,66.63,1,82.18,Average
S107161,6.93,73.67,72.58,3,65.11,At_Risk
S107162,7.71,74.07,65.05,1,86.28,Average
S107163,5.26,46.57,70.71,3,100.0,At_Risk
S107164,6.03,55.1,51.72,3,90.48,At_Risk
S107165,6.85,64.3,71.88,1,48.37,At_Risk
S107166,9.47,85.82,77.86,2,60.24,Average
S107167,6.85,60.38,71.59,1,80.81,At_Risk
S107168,8.41,88.29,57.86,1,69.25,Average
S107169,7.05,68.19,47.03,0,64.94,Average
S107170,6.37,57.19,69.24,3,75.78,At_Risk
S107171,6.68,66.72,60.57,1,81.42,Average
S107172,6.78,59.71,89.06,4,74.13,At_Risk
S107173,7.78,69.57,86.44,0,90.05,Excellent
S107174,8.79,80.26,43.73,2,63.54,Good
S107175,7.47,77.56,64.56,1,70.81,Average
S107176,8.54,80.15,58.14,3,66.94,At_Risk
S107177,5.75,44.82,52.57,3,59.23,At_Risk
S107178,6.46,66.22,65.8,1,58.55,At_Risk
S107179,6.06,56.33,57.73,1,78.31,Average
S107180,7.41,63.0,56.13,1,75.37,At_Risk
S107181,6.53,60.8,54.77,2,88.32,At_Risk
S107182,7.95,77.6,85.25,3,65.82,At_Risk
S107183,5.79,56.62,65.42,4,77.83,At_Risk
S107184,7.06,74.23,67.19,1,41.84,Average
S107185,7.89,72.0,84.39,1,61.54,Good
S107186,4.32,41.18,63.89,2,71.58,At_Risk
S107187,9.76,89.9,72.16,0,78.04,Average
S107188,6.63,56.83,58.59,0,97.19,Average
S107189,4.37,45.03,61.55,1,78.51,At_Risk
S107190,7.21,70.31,69.59,1,62.74,At_Risk
S107191,7.04,68.05,70.6,5,59.85,At_Risk
S107192,6.89,67.2,77.69,1,82.75,Average
S107193,8.29,76.0,81.92,0,67.94,Good
S107194,7.97,71.71,67.31,1,59.07,Average
S107195,7.39,70.33,82.04,1,74.59,Average
S107196,7.59,76.7,57.3,2,70.97,At_Risk
S107197,6.86,71.64,77.18,0,53.9,At_Risk
S107198,9.31,91.61,58.44,3,68.75,Average
S107199,5.08,48.35,58.89,0,56.3,At_Risk
S107200,7.18,69.3,81.41,2,64.04,Average
S107201,7.08,67.35,38.97,4,63.16,At_Risk
S107202,8.06,72.44,76.61,1,66.61,Average
S107203,5.9,56.18,70.58,2,91.98,At_Risk
S107204,4.73,39.63,70.19,1,62.22,At_Risk
S107205,7.2,67.94,89.04,3,93.13,At_Risk
S107206,7.37,76.52,54.05,2,65.58,Average
S107207,8.94,88.19,52.7,1,71.09,Good
S107208,5.35,47.1,82.43,2,85.22,At_Risk
S107209,8.5,80.47,65.26,1,51.48,Average
S107210,10.0,91.66,83.77,6,48.19,Good
S107211,6.51,61.58,76.56,0,76.77,Average
S107212,5.32,54.72,72.3,3,68.53,At_Risk
S107213,6.47,64.09,65.29,0,76.23,At_Risk
S107214,7.02,76.6,64.72,1,89.72,Average
S107215,7.73,78.23,93.82,3,73.86,Good
S107216,6.23,60.01,60.05,0,61.23,Average
S107217,9.02,88.42,81.53,4,91.31,Average
S107218,5.55,51.93,56.0,2,76.28,At_Risk
S107219,4.74,40.51,56.4,2,89.36,At_Risk
S107220,8.44,85.39,70.37,5,93.07,At_Risk
S107221,4.04,42.44,66.02,0,93.04,At_Risk
S107222,6.73,63.0,80.49,1,76.33,Average
S107223,10.0,96.0,64.39,2,53.84,Average
S107224,6.98,71.32,61.26,2,71.45,Average
S107225,5.54,56.04,51.47,2,81.6,At_Risk
S107226,6.93,59.94,98.38,1,62.0,Average
S107227,6.93,67.0,48.74,0,70.04,At_Risk
S107228,7.21,67.81,100.0,4,89.48,Average
S107229,7.86,79.13,76.72,1,94.81,At_Risk
S107230,5.65,57.79,73.85,2,61.31,At_Risk
S107231,9.19,92.6,48.41,0,86.55,Average
S107232,7.32,65.06,75.1,1,75.99,Average
S107233,7.94,72.34,47.82,2,76.28,Average
S107234,6.18,63.2,65.86,1,93.57,At_Risk
S107235,8.67,80.02,82.28,3,61.69,Average
S107236,6.67,57.24,49.25,1,81.12,At_Risk
S107237,7.36,72.06,76.51,1,55.12,Average
S107238,5.79,52.79,63.29,0,90.25,Average
S107239,5.7,61.35,75.33,3,59.08,At_Risk
S107240,7.89,76.18,50.55,0,75.95,Good
S107241,6.42,61.66,85.24,0,68.87,Average
S107242,5.89,54.48,77.02,0,61.66,At_Risk
S107243,6.16,64.92,57.06,1,75.75,Average
S107244,7.91,76.57,57.9,1,43.67,Average
S107245,6.18,57.1,84.51,2,69.64,Average
S107246,6.85,61.87,62.45,0,80.74,Average
S107247,7.02,66.39,57.05,2,84.03,At_Risk
S107248,4.51,38.91,74.78,2,64.89,At_Risk
S107249,5.09,52.45,76.37,0,50.74,At_Risk
S107250,7.44,63.42,60.78,4,83.97,At_Risk
S107251,6.04,56.84,86.62,0,58.28,At_Risk
S107252,8.37,81.99,67.98,2,78.14,Average
S107253,8.26,79.81,79.87,1,66.17,Good
S107254,7.93,72.51,79.82,2,56.53,At_Risk
S107255,9.37,91.62,50.79,2,77.7,Average
S107256,6.89,61.93,83.05,0,69.99,Good
S107257,7.84,74.42,81.3,1,89.78,Average
S107258,6.24,61.89,72.36,1,52.09,Average
S107259,10.0,96.85,36.65,2,46.72,Average
S107260,9.58,88.3,71.05,0,58.92,Average
S107261,7.02,71.44,56.18,3,50.9,At_Risk
S107262,7.5,71.62,50.25,3,68.19,At_Risk
S107263,8.77,86.26,65.96,1,78.29,Average
S107264,6.81,70.8,39.66,3,78.62,At_Risk
S107265,6.15,62.86,66.65,5,57.29,At_Risk
S107266,8.14,81.8,82.2,1,67.29,Good
S107267,7.1,68.24,75.14,2,46.5,Average
S107268,7.24,71.94,83.24,1,85.38,Average
S107269,5.92,57.05,63.87,1,60.65,At_Risk
S107270,4.77,40.45,73.89,4,61.04,At_Risk
S107271,7.31,70.63,53.85,1,56.67,At_Risk
S107272,8.18,78.7,42.7,2,95.26,At_Risk
S107273,6.71,66.0,53.55,4,50.82,At_Risk
S107274,8.87,83.73,58.39,2,87.26,At_Risk
S107275,6.08,54.76,57.86,0,59.41,At_Risk
S107276,5.63,56.1,83.96,1,64.64,At_Risk
S107277,6.91,60.4,66.03,1,57.08,Average
S107278,6.89,71.32,95.85,2,62.9,Good
S107279,8.0,75.0,87.82,2,50.76,Average
S107280,5.99,57.91,54.89,0,83.42,At_Risk
S107281,8.78,85.63,81.34,0,77.01,Average
S107282,9.56,93.15,81.61,0,81.98,Good
S107283,6.95,60.38,63.32,1,65.22,At_Risk
S107284,8.62,85.23,68.26,3,87.88,Average
S107285,5.63,54.66,59.43,1,91.21,At_Risk
S107286,8.4,77.24,98.99,0,90.22,Average
S107287,8.36,76.44,89.01,1,82.16,Average
S107288,8.12,75.83,64.22,0,80.76,Average
S107289,6.98,61.11,88.31,1,66.03,Good
S107290,3.5,40.14,62.21,0,70.32,At_Risk
S107291,6.17,64.52,80.36,2,46.59,Average
S107292,6.19,60.58,71.33,0,74.73,Average
S107293,5.73,53.52,66.85,0,80.08,Average
S107294,7.16,67.0,54.75,2,54.9,At_Risk
S107295,6.46,64.36,60.45,3,71.81,At_Risk
S107296,5.93,63.0,75.92,2,50.57,At_Risk
S107297,5.62,51.14,68.91,1,76.32,At_Risk
S107298,6.07,53.0,63.68,1,60.92,At_Risk
S107299,8.46,86.54,86.92,2,62.84,Average
S107300,6.14,51.19,69.68,0,62.07,At_Risk
S107301,6.33,56.11,68.02,3,60.01,At_Risk
S107302,6.41,59.87,61.01,1,86.07,Average
S107303,7.44,64.44,71.84,2,90.23,Average
S107304,7.59,76.58,75.71,3,73.9,At_Risk
S107305,3.5,36.68,69.91,2,87.76,At_Risk
S107306,8.33,77.0,75.65,0,86.4,Average
S107307,8.87,89.36,59.42,1,55.15,Average
S107308,5.63,59.33,53.92,2,82.46,At_Risk
S107309,5.74,54.04,64.64,0,73.92,At_Risk
S107310,6.41,59.14,73.54,1,81.44,Average
S107311,6.02,66.2,81.43,2,50.2,At_Risk
S107312,7.29,72.0,97.06,2,81.93,Good
S107313,4.47,43.49,76.38,1,61.15,At_Risk
S107314,5.55,58.1,41.61,3,82.71,At_Risk
S107315,9.0,86.72,83.23,1,73.72,Good
S107316,5.79,53.01,73.41,1,66.68,At_Risk
S107317,8.62,82.18,59.0,0,58.17,Good
S107318,7.46,75.04,78.71,1,67.53,Good
S107319,4.65,36.19,73.48,4,51.49,At_Risk
S107320,7.83,73.19,61.72,0,87.38,Average
S107321,6.85,70.58,69.58,1,75.72,At_Risk
S107322,6.41,58.83,56.36,5,49.99,At_Risk
S107323,7.32,75.71,65.41,0,82.18,At_Risk
S107324,7.62,78.02,51.03,0,49.03,At_Risk
S107325,7.92,74.98,73.53,3,86.82,At_Risk
S107326,8.53,78.78,72.82,1,69.27,Good
S107327,7.53,70.39,82.74,3,87.66,Average
S107328,5.21,60.17,81.04,3,74.63,At_Risk
S107329,6.38,68.15,59.43,1,46.46,At_Risk
S107330,10.0,95.5,73.03,3,59.99,Good
S107331,7.94,73.01,73.47,3,80.37,Average
S107332,10.0,95.47,57.6,2,66.8,At_Risk
S107333,8.81,84.71,79.79,3,66.95,Average
S107334,7.31,64.5,63.89,2,61.44,Average
S107335,7.39,71.0,59.6,4,83.38,At_Risk
S107336,6.95,71.34,65.81,2,62.08,Average
S107337,4.74,37.84,46.09,1,88.58,At_Risk
S107338,7.02,70.03,44.99,2,59.98,At_Risk
S107339,8.57,86.95,75.58,1,84.27,Good
S107340,6.22,56.85,59.39,4,59.38,At_Risk
S107341,7.54,78.36,52.1,2,66.14,At_Risk
S107342,8.11,74.26,46.86,2,71.73,At_Risk
S107343,5.82,57.0,51.48,2,50.26,At_Risk
S107344,6.41,59.7,58.0,1,70.51,At_Risk
S107345,5.68,52.7,42.09,0,67.79,Average
S107346,5.93,53.88,76.55,1,80.31,At_Risk
S107347,5.33,53.39,73.39,2,70.89,At_Risk
S107348,5.83,58.77,57.65,0,91.4,At_Risk
S107349,8.85,83.77,84.98,1,82.08,Good
S107350,5.81,49.75,58.73,0,88.72,At_Risk
S107351,7.16,69.67,67.51,2,83.55,At_Risk
S107352,6.35,61.98,85.31,0,89.46,Average
S107353,8.53,80.19,63.49,1,78.77,Average
S107354,8.7,90.16,78.4,3,53.12,Average
S107355,8.12,70.92,77.05,1,72.6,At_Risk
S107356,7.4,61.41,61.67,4,73.72,Average
S107357,6.7,60.72,64.38,3,71.49,At_Risk
S107358,5.45,54.62,50.24,3,54.3,At_Risk
S107359,9.53,86.28,31.64,1,57.16,Average
S107360,6.01,53.0,57.93,3,54.89,At_Risk
S107361,7.86,78.5,71.09,0,90.4,Average
S107362,8.38,81.44,52.13,0,94.86,Average
S107363,6.28,61.15,75.98,1,90.16,Average
S107364,8.35,82.45,62.21,2,49.3,Average
S107365,7.99,74.24,80.9,1,75.37,At_Risk
S107366,9.25,86.32,54.04,3,87.83,Average
S107367,6.39,63.94,67.25,2,49.47,At_Risk
S107368,5.33,45.24,52.3,2,82.21,Average
S107369,6.34,51.69,43.18,1,57.29,At_Risk
S107370,7.27,67.3,64.59,2,84.55,Average
S107371,7.08,70.94,52.41,0,75.06,Average
S107372,6.49,62.66,67.23,0,55.67,At_Risk
S107373,4.52,46.35,73.46,1,77.11,At_Risk
S107374,7.61,64.25,49.09,1,50.88,Average
S107375,9.56,92.12,78.79,0,74.61,Good
S107376,7.6,74.85,52.35,2,84.58,At_Risk
S107377,7.79,68.62,58.71,0,76.6,Good
S107378,7.74,77.02,59.35,3,81.14,At_Risk
S107379,7.52,70.96,70.8,2,94.11,At_Risk
S107380,8.21,90.29,75.37,1,74.01,Average
S107381,7.51,62.67,74.77,1,91.77,Average
S107382,6.59,68.11,58.96,3,71.49,At_Risk
S107383,5.97,55.09,74.9,1,81.44,At_Risk
S107384,6.68,56.96,79.13,2,89.04,At_Risk
S107385,7.41,68.27,60.25,2,92.39,At_Risk
S107386,6.59,63.71,47.7,0,86.42,At_Risk
S107387,7.41,74.53,63.56,1,52.36,Average
S107388,7.57,78.81,82.85,3,56.92,Good
S107389,8.08,82.48,90.55,0,45.31,At_Risk
S107390,8.67,78.5,40.25,3,67.11,Average
S107391,7.1,71.98,71.45,2,82.0,At_Risk
S107392,5.3,51.91,72.78,2,65.28,At_Risk
S107393,6.55,59.62,87.01,0,66.67,Average
S107394,7.06,66.2,70.17,3,77.94,At_Risk
S107395,4.61,40.99,70.4,2,87.52,At_Risk
S107396,8.81,83.8,63.38,2,63.65,Average
S107397,7.19,65.34,55.6,0,46.88,At_Risk
S107398,7.5,67.1,60.63,0,58.93,Average
S107399,8.78,85.28,73.1,2,52.74,Average
S107400,6.18,61.23,52.77,1,43.82,At_Risk
S107401,7.75,72.84,83.7,1,63.77,Average
S107402,6.86,70.61,71.45,3,58.94,At_Risk
S107403,6.76,63.18,47.75,1,58.16,At_Risk
S107404,6.0,55.75,71.47,2,71.98,At_Risk
S107405,9.17,89.7,60.66,0,81.55,Average
S107406,6.51,61.33,89.57,1,56.78,Average
S107407,7.91,75.48,47.46,0,89.38,Average
S107408,4.56,35.0,66.37,0,48.69,At_Risk
S107409,8.53,81.14,57.07,2,89.49,Average
S107410,8.37,72.19,77.08,0,87.86,Average
S107411,7.13,62.82,80.32,1,77.55,Average
S107412,6.7,58.36,50.17,0,70.0,At_Risk
S107413,7.52,67.27,70.22,1,61.94,Average
S107414,9.98,92.57,90.3,3,84.83,Excellent
S107415,4.71,42.78,79.32,2,75.95,At_Risk
S107416,8.02,78.82,88.33,3,72.61,Average
S107417,5.81,56.0,72.73,3,68.82,At_Risk
S107418,6.97,58.65,50.21,1,55.92,At_Risk
S107419,6.68,63.77,46.97,2,89.27,At_Risk
S107420,6.44,62.48,60.68,2,66.66,At_Risk
S107421,6.99,65.06,58.83,0,58.82,Average
S107422,5.53,52.25,90.27,2,54.84,At_Risk
S107423,8.34,79.97,93.9,2,47.13,Average
S107424,4.67,47.4,76.83,2,61.54,At_Risk
S107425,7.7,66.87,76.14,1,88.9,Average
S107426,6.58,61.49,56.45,4,61.85,Average
S107427,5.48,58.07,74.64,2,85.21,At_Risk
S107428,7.26,74.67,49.48,1,55.29,At_Risk
S107429,4.98,50.68,53.5,2,63.32,At_Risk
S107430,7.05,69.14,87.56,0,93.91,Average
S107431,5.15,55.55,71.95,1,44.33,At_Risk
S107432,7.6,79.87,77.25,0,53.91,Good
S107433,5.8,54.57,36.0,2,90.81,At_Risk
S107434,6.41,57.0,62.09,2,65.67,At_Risk
S107435,7.38,69.0,61.24,1,56.66,Average
S107436,6.0,69.35,82.13,1,79.51,Average
S107437,6.92,59.51,80.32,1,64.54,At_Risk
S107438,5.03,45.92,79.5,2,68.92,At_Risk
S107439,7.82,68.64,69.65,1,87.73,Good
S107440,9.29,89.0,86.34,0,61.41,At_Risk
S107441,10.0,90.19,57.64,4,53.83,Average
S107442,7.12,67.19,64.27,2,53.78,At_Risk
S107443,8.02,68.43,90.72,0,63.34,Average
S107444,4.69,46.98,69.31,3,47.69,At_Risk
S107445,8.95,89.95,84.74,1,59.24,Good
S107446,8.01,74.55,62.12,3,54.56,At_Risk
S107447,6.37,59.98,69.62,1,89.25,Average
S107448,8.61,81.13,81.73,0,80.67,Good
S107449,6.67,64.1,85.3,0,55.24,Average
S107450,6.4,60.69,66.91,0,47.37,Average
S107451,7.62,75.44,50.08,0,77.57,At_Risk
S107452,5.62,58.3,56.14,3,52.62,At_Risk
S107453,8.33,75.86,62.97,3,55.84,Average
S107454,5.63,52.22,74.17,3,81.5,At_Risk
S107455,5.63,57.14,58.05,1,85.75,At_Risk
S107456,5.82,49.58,74.0,2,84.45,At_Risk
S107457,7.99,68.0,71.81,2,49.51,At_Risk
S107458,6.2,59.79,62.0,2,44.99,Average
S107459,5.25,51.8,43.51,1,61.94,At_Risk
S107460,6.21,56.13,74.52,1,86.9,Average
S107461,6.96,63.79,46.01,3,79.3,Average
S107462,5.46,48.87,79.0,2,71.45,At_Risk
S107463,5.5,48.8,96.07,2,85.55,Average
S107464,9.74,95.35,68.3,0,69.77,Excellent
S107465,5.88,51.15,61.33,0,64.96,At_Risk
S107466,6.58,61.45,87.74,3,69.06,At_Risk
S107467,6.52,58.34,64.45,7,67.26,At_Risk
S107468,6.45,55.5,71.47,1,82.05,At_Risk
S107469,7.81,77.65,76.66,1,61.66,Average
S107470,8.23,76.13,57.56,1,79.96,Excellent
S107471,6.6,63.48,87.73,2,67.83,At_Risk
S107472,5.39,45.2,82.77,2,81.16,Average
S107473,8.66,79.27,97.17,1,82.99,Good
S107474,6.88,68.35,75.54,0,93.16,At_Risk
S107475,9.25,98.22,63.65,1,63.48,Average
S107476,4.08,35.0,52.14,0,86.88,At_Risk
S107477,7.25,68.11,69.68,2,50.92,At_Risk
S107478,9.49,91.84,69.34,2,69.03,Average
S107479,6.54,59.7,84.41,4,73.22,Average
S107480,6.71,67.11,65.56,0,58.15,Average
S107481,7.38,66.68,58.58,5,67.12,At_Risk
S107482,6.27,60.21,44.7,0,75.41,At_Risk
S107483,6.59,61.0,66.71,1,53.81,Average
S107484,6.56,67.21,58.75,0,49.62,Average
S107485,6.18,56.05,62.83,1,51.45,At_Risk
S107486,8.6,80.27,65.36,0,53.77,Good
S107487,7.6,75.98,69.25,2,75.66,Average
S107488,7.33,65.48,56.17,4,46.74,At_Risk
S107489,8.05,76.76,59.08,1,76.41,Average
S107490,6.66,55.95,86.86,3,49.94,At_Risk
S107491,5.99,52.59,64.61,2,44.02,At_Risk
S107492,6.22,60.59,77.3,2,54.98,Average
S107493,7.0,62.56,62.98,0,83.06,Good
S107494,5.62,51.24,64.66,0,55.55,At_Risk
S107495,6.35,62.29,81.3,2,93.92,At_Risk
S107496,6.33,57.81,61.1,2,56.11,At_Risk
S107497,9.76,96.03,79.33,4,45.59,Average
S107498,3.5,35.0,75.69,6,55.89,At_Risk
S107499,6.77,66.02,62.97,0,50.67,At_Risk
S107500,9.24,92.78,53.11,3,86.63,Good
S107501,7.16,69.28,78.12,3,84.85,Average
S107502,7.98,81.96,59.91,1,68.95,At_Risk
S107503,7.13,71.38,64.21,0,59.95,Average
S107504,6.13,56.16,60.96,2,55.05,At_Risk
S107505,4.09,44.0,45.64,2,73.0,At_Risk
S107506,7.27,70.09,68.25,1,83.74,At_Risk
S107507,5.99,55.34,40.75,2,75.99,Average
S107508,5.96,57.73,76.08,2,73.49,At_Risk
S107509,6.35,64.8,76.45,1,67.0,Average
S107510,9.27,89.87,66.54,0,57.04,Average
S107511,10.0,100.0,51.97,4,93.91,Average
S107512,7.28,73.53,75.1,1,57.23,Good
S107513,6.4,62.85,20.0,2,68.81,Average
S107514,5.47,47.86,67.86,4,70.18,At_Risk
S107515,7.61,72.0,84.79,0,61.57,At_Risk
S107516,9.32,88.81,71.94,1,49.51,Average
S107517,6.68,66.23,59.73,3,69.54,At_Risk
S107518,3.91,40.0,52.46,0,83.6,At_Risk
S107519,7.87,75.45,100.0,3,59.3,At_Risk
S107520,8.28,79.15,62.61,0,93.34,Average
S107521,4.94,49.8,65.29,0,83.5,At_Risk
S107522,7.23,65.0,61.22,0,55.36,At_Risk
S107523,7.59,78.85,55.6,1,51.93,Average
S107524,6.9,57.41,35.54,4,75.53,At_Risk
S107525,5.97,62.56,60.23,2,59.01,At_Risk
S107526,8.32,78.87,66.73,3,85.73,Average
S107527,6.48,65.53,54.47,1,52.98,At_Risk
S107528,5.07,49.6,34.29,2,68.8,At_Risk
S107529,4.34,42.57,71.23,3,77.68,At_Risk
S107530,8.64,84.29,67.6,2,54.6,Average
S107531,7.8,77.35,87.31,1,94.31,Average
S107532,7.11,66.27,66.23,1,75.48,Average
S107533,6.43,65.2,42.82,2,63.62,At_Risk
S107534,6.31,55.63,84.58,1,69.13,Average
S107535,5.6,53.19,85.06,0,86.11,At_Risk
S107536,6.44,64.52,50.03,1,72.18,At_Risk
S107537,4.24,44.3,74.8,2,79.66,At_Risk
S107538,6.04,59.25,86.54,1,78.04,Average
S107539,6.6,61.09,89.36,0,78.27,Good
S107540,7.79,77.62,85.36,2,68.67,Good
S107541,6.95,63.33,71.92,0,71.84,Good
S107542,8.03,83.32,67.26,1,77.22,Average
S107543,8.75,82.82,60.2,0,62.54,Good
S107544,8.38,73.41,59.61,3,48.01,At_Risk
S107545,7.61,68.0,51.34,2,86.4,At_Risk
S107546,7.02,66.82,74.05,2,87.88,Average
S107547,5.72,54.95,65.62,1,66.59,At_Risk
S107548,7.96,83.52,62.61,2,47.98,Average
S107549,9.18,83.09,66.06,2,63.13,At_Risk
S107550,7.44,70.88,82.35,0,88.18,Average
S107551,9.49,85.94,77.08,2,61.07,Good
S107552,5.02,45.69,42.14,2,78.09,At_Risk
S107553,5.5,58.98,99.74,1,72.26,Average
S107554,8.11,72.52,82.64,1,79.56,Average
S107555,7.34,72.11,61.56,1,58.65,Average
S107556,8.71,84.3,68.04,3,94.16,Average
S107557,6.98,66.21,66.56,0,94.55,Good
S107558,5.87,57.86,54.49,0,63.41,Average
S107559,6.72,59.22,63.07,2,95.6,At_Risk
S107560,5.01,54.2,54.91,3,59.58,At_Risk
S107561,5.53,60.26,79.96,1,84.79,At_Risk
S107562,8.26,78.7,46.41,3,54.33,Average
S107563,8.13,86.97,59.55,3,64.21,Average
S107564,7.47,69.39,55.14,1,65.63,Average
S107565,4.76,46.85,91.06,0,73.53,Average
S107566,6.53,67.8,78.33,2,58.23,Average
S107567,5.41,49.54,74.53,2,85.53,Average
S107568,8.53,75.5,82.29,0,78.24,Average
S107569,6.24,52.84,68.55,2,93.81,At_Risk
S107570,5.59,61.33,66.04,0,91.45,At_Risk
S107571,7.04,64.75,66.35,0,88.29,Average
S107572,6.17,57.85,61.91,6,54.68,At_Risk
S107573,8.93,80.37,77.03,4,81.77,Average
S107574,6.04,61.22,80.48,3,73.61,Average
S107575,5.18,46.09,76.86,0,74.55,At_Risk
S107576,4.2,38.0,62.21,1,69.75,At_Risk
S107577,6.96,67.32,60.65,5,45.63,At_Risk
S107578,6.27,55.3,97.08,2,55.98,At_Risk
S107579,5.14,48.14,63.28,1,83.44,At_Risk
S107580,8.55,86.8,86.26,2,55.27,Excellent
S107581,7.87,76.45,62.88,2,87.24,Good
S107582,6.96,66.67,63.21,0,74.58,Average
S107583,8.77,84.2,73.64,3,48.37,Average
S107584,7.86,73.13,87.89,3,53.71,Average
S107585,5.93,64.32,73.03,2,70.4,Average
S107586,5.65,50.0,60.25,2,85.49,At_Risk
S107587,8.06,77.45,99.26,1,71.1,Good
S107588,7.52,72.0,71.03,1,64.69,Average
S107589,7.22,72.63,64.97,1,76.61,At_Risk
S107590,5.9,60.46,76.08,1,88.39,At_Risk
S107591,7.79,73.88,54.49,2,50.0,At_Risk
S107592,6.02,58.33,78.55,3,55.2,At_Risk
S107593,6.87,66.55,54.44,1,62.31,At_Risk
S107594,8.88,75.28,76.58,0,71.65,At_Risk
S107595,6.14,51.98,88.72,0,62.86,At_Risk
S107596,4.96,44.65,56.53,0,57.69,Average
S107597,5.63,51.25,69.58,2,81.31,Average
S107598,8.29,73.98,72.61,1,79.35,Average
S107599,7.33,72.64,80.41,2,58.82,Average
S107600,6.83,64.92,74.72,1,57.63,Average
S107601,6.34,59.4,69.14,1,90.26,Average
S107602,7.63,67.47,85.62,1,53.3,Average
S107603,5.9,55.84,70.94,3,88.1,At_Risk
S107604,7.4,59.77,59.48,0,72.78,Average
S107605,6.05,56.82,53.74,2,46.57,At_Risk
S107606,5.83,55.67,83.4,2,71.34,Average
S107607,6.17,59.59,87.0,0,69.72,Average
S107608,6.51,55.61,70.26,0,63.93,At_Risk
S107609,6.94,66.8,48.85,2,70.83,At_Risk
S107610,7.31,65.24,60.88,1,82.51,At_Risk
S107611,3.5,35.0,85.5,2,56.46,At_Risk
S107612,5.95,59.4,75.15,4,69.23,At_Risk
S107613,6.49,69.72,48.51,1,83.83,At_Risk
S107614,8.96,85.29,74.54,2,54.38,At_Risk
S107615,5.6,49.89,67.34,3,68.43,At_Risk
S107616,7.21,69.27,79.52,2,91.06,Average
S107617,8.94,88.72,62.3,0,87.23,At_Risk
S107618,5.29,52.77,85.28,5,82.16,Average
S107619,7.51,82.34,64.77,1,95.45,At_Risk
S107620,5.96,53.73,29.53,3,90.72,At_Risk
S107621,6.34,61.28,59.93,1,60.72,Average
S107622,5.96,62.78,71.27,0,84.28,At_Risk
S107623,6.05,63.41,69.76,2,79.82,At_Risk
S107624,10.0,87.2,61.71,3,49.87,Good
S107625,8.1,76.92,47.76,3,65.61,At_Risk
S107626,8.43,86.04,82.98,0,62.22,Good
S107627,7.64,84.0,89.2,2,89.13,Average
S107628,4.91,49.48,55.7,0,75.25,Average
S107629,7.51,69.91,79.33,1,79.26,Average
S107630,8.39,75.71,76.09,2,64.35,Good
S107631,5.89,64.84,51.74,3,64.72,At_Risk
S107632,8.25,81.0,72.85,3,62.82,Good
S107633,7.92,71.8,100.0,0,74.43,Good
S107634,9.41,88.56,50.79,2,62.64,Average
S107635,6.46,62.58,85.57,0,80.95,Average
S107636,5.57,55.12,67.48,0,77.58,At_Risk
S107637,6.53,58.44,64.37,1,76.32,At_Risk
S107638,8.87,81.77,84.54,3,66.58,Good
S107639,4.62,37.31,59.9,1,67.08,At_Risk
S107640,4.31,45.11,69.16,1,43.26,At_Risk
S107641,7.12,66.24,66.3,1,42.08,Average
S107642,6.42,62.9,55.33,1,60.65,At_Risk
S107643,7.01,72.28,84.13,0,87.12,Average
S107644,8.23,79.05,74.17,2,70.95,Average
S107645,6.28,59.22,97.52,0,86.78,Good
S107646,4.57,44.14,69.98,3,65.1,At_Risk
S107647,9.66,92.0,66.59,3,75.31,Average
S107648,5.7,59.17,63.69,4,83.1,At_Risk
S107649,5.62,54.66,64.31,0,62.45,At_Risk
S107650,8.43,77.95,87.76,0,94.19,Average
S107651,6.5,65.94,60.67,2,76.4,At_Risk
S107652,6.92,70.64,73.94,2,52.64,Average
S107653,7.63,67.11,63.49,0,50.83,Average
S107654,8.41,86.01,51.12,2,70.43,Average
S107655,6.57,63.84,72.23,0,61.24,At_Risk
S107656,8.98,86.4,47.89,1,73.36,Good
S107657,4.22,44.15,71.21,0,57.14,At_Risk
S107658,7.99,73.62,62.08,1,47.24,Average
S107659,5.91,60.0,62.91,0,76.87,At_Risk
S107660,8.78,82.0,66.36,0,62.92,Average
S107661,7.18,62.35,68.3,1,47.27,At_Risk
S107662,6.13,54.2,65.33,2,66.08,At_Risk
S107663,7.86,76.95,74.82,2,51.26,Average
S107664,8.16,73.75,68.09,0,84.08,Average
S107665,7.83,80.87,100.0,1,72.85,Good
S107666,5.66,58.54,53.68,3,49.83,At_Risk
S107667,6.37,65.86,53.37,1,57.41,At_Risk
S107668,6.99,66.95,62.99,1,68.63,Average
S107669,6.95,67.02,56.76,0,55.37,Good
S107670,7.97,71.0,83.59,2,81.95,Good
S107671,4.38,45.6,90.74,4,83.19,At_Risk
S107672,7.43,72.15,62.78,1,73.92,Average
S107673,6.62,65.2,74.69,5,46.09,At_Risk
S107674,5.91,62.9,73.33,1,68.07,At_Risk
S107675,6.03,54.91,62.08,0,80.16,Average
S107676,6.72,63.0,76.03,2,84.55,At_Risk
S107677,3.5,35.0,78.79,4,60.6,At_Risk
S107678,6.09,54.1,46.31,0,64.58,Average
S107679,5.86,54.93,52.66,0,80.74,Average
S107680,7.69,75.05,64.2,2,54.2,Average
S107681,5.95,55.25,63.83,1,62.52,At_Risk
S107682,6.72,69.08,69.01,3,53.99,At_Risk
S107683,9.0,79.5,56.05,0,68.39,Good
S107684,8.29,83.27,54.48,2,59.68,Average
S107685,8.17,80.29,63.3,3,83.0,At_Risk
S107686,6.35,58.05,52.82,0,66.66,At_Risk
S107687,7.71,69.51,83.54,0,80.12,Good
S107688,6.7,55.29,81.53,2,91.37,At_Risk
S107689,6.75,60.9,75.93,2,87.2,Average
S107690,7.53,75.75,81.26,1,76.41,Average
S107691,6.22,59.0,62.43,1,88.3,At_Risk
S107692,8.94,89.59,62.3,1,88.25,Average
S107693,6.79,62.0,73.22,2,80.46,At_Risk
S107694,7.8,77.0,78.08,1,57.32,Average
S107695,8.89,81.61,72.7,0,79.18,Good
S107696,8.34,75.38,71.81,1,91.23,Average
S107697,5.17,48.67,72.56,3,88.62,At_Risk
S107698,7.58,69.33,80.65,1,83.55,Good
S107699,8.11,70.84,82.18,1,91.13,Average
S107700,8.16,76.79,64.96,1,66.2,At_Risk
S107701,5.55,53.18,76.15,0,60.91,At_Risk
S107702,6.15,63.0,40.46,2,50.57,Average
S107703,8.29,82.53,46.44,2,90.86,Average
S107704,6.01,62.0,63.44,0,54.31,Average
S107705,6.61,65.68,59.72,1,88.78,Average
S107706,9.05,87.29,90.79,5,48.99,Average
S107707,6.94,60.99,64.15,2,78.42,At_Risk
S107708,6.06,58.12,72.83,3,92.33,At_Risk
S107709,5.86,58.05,70.74,3,92.22,At_Risk
S107710,7.43,76.44,49.73,0,59.43,Average
S107711,5.27,52.78,71.77,0,84.86,Average
S107712,6.68,68.0,68.43,3,92.45,At_Risk
S107713,7.43,66.49,88.34,3,60.65,At_Risk
S107714,8.69,81.24,60.8,3,51.32,At_Risk
S107715,7.87,76.46,76.09,3,86.06,At_Risk
S107716,6.07,62.33,75.54,0,64.21,Average
S107717,8.53,80.47,57.01,2,72.83,At_Risk
S107718,6.61,62.47,37.5,1,86.47,Average
S107719,5.39,53.99,68.47,3,75.16,At_Risk
S107720,6.78,59.87,84.22,1,82.12,Average
S107721,8.87,91.0,72.03,1,48.37,Excellent
S107722,7.21,65.02,79.88,3,73.65,At_Risk
S107723,7.02,58.98,59.77,2,92.4,Average
S107724,9.13,86.76,78.01,2,71.54,Average
S107725,5.14,55.62,44.59,5,45.53,At_Risk
S107726,5.33,52.97,75.52,2,75.05,At_Risk
S107727,4.9,49.55,46.43,0,73.15,At_Risk
S107728,7.48,71.27,75.77,1,65.78,Average
S107729,7.22,67.95,60.73,1,76.67,Average
S107730,9.01,79.37,79.01,1,66.61,Average
S107731,7.32,60.47,67.49,0,52.35,At_Risk
S107732,6.47,62.29,82.28,0,65.92,Average
S107733,7.0,71.77,73.66,0,90.61,At_Risk
S107734,7.15,69.33,69.16,3,61.56,Average
S107735,4.83,48.35,83.41,0,48.47,At_Risk
S107736,10.0,100.0,73.82,2,52.51,Excellent
S107737,7.68,74.24,90.6,1,83.78,Good
S107738,7.27,68.6,67.57,2,80.41,At_Risk
S107739,7.8,70.82,65.27,3,86.38,At_Risk
S107740,7.92,83.35,56.32,0,68.73,At_Risk
S107741,6.82,66.87,60.76,4,66.56,At_Risk
S107742,6.18,54.93,64.9,1,72.44,At_Risk
S107743,7.78,69.22,59.02,3,82.91,At_Risk
S107744,7.5,76.3,76.3,0,44.41,At_Risk
S107745,5.95,52.35,51.67,1,73.02,At_Risk
S107746,8.84,91.44,56.74,3,61.32,Average
S107747,7.38,59.1,40.27,3,46.22,At_Risk
S107748,7.95,81.2,59.03,1,71.36,Average
S107749,8.81,85.64,83.83,1,73.82,Average
S107750,7.03,67.24,61.31,2,58.34,Average
S107751,7.41,69.71,57.09,2,86.69,Good
S107752,8.05,84.07,58.31,1,77.96,Average
S107753,6.06,60.38,72.55,1,80.14,At_Risk
S107754,7.07,63.55,84.61,4,60.3,At_Risk
S107755,7.16,61.17,79.36,3,53.71,At_Risk
S107756,5.76,55.4,50.8,0,61.37,At_Risk
S107757,10.0,95.0,86.12,3,64.57,Excellent
S107758,5.17,43.04,81.23,2,68.87,At_Risk
S107759,5.31,50.0,74.13,1,50.84,Average
S107760,8.71,80.0,53.28,0,53.15,Good
S107761,7.93,75.35,56.25,4,78.53,Average
S107762,5.67,56.73,58.03,0,78.96,Average
S107763,7.79,79.97,61.03,3,93.58,Average
S107764,8.91,88.26,70.5,2,83.42,Average
S107765,6.96,63.24,32.53,1,90.07,Average
S107766,10.0,96.48,51.32,3,74.75,Average
S107767,4.76,45.46,65.01,1,77.0,At_Risk
S107768,7.9,69.74,80.81,3,74.36,Average
S107769,8.52,82.0,64.02,1,95.6,Average
S107770,8.16,84.93,70.43,1,53.31,Average
S107771,6.73,64.11,82.28,1,88.89,At_Risk
S107772,6.62,56.54,57.64,4,57.52,At_Risk
S107773,7.58,72.11,54.88,2,51.8,Average
S107774,8.06,71.72,53.63,0,68.89,Average
S107775,7.78,77.39,64.39,0,53.3,Average
S107776,8.35,81.44,59.53,3,45.99,At_Risk
S107777,5.68,53.23,89.6,0,72.4,Average
S107778,6.7,62.36,71.16,4,79.92,At_Risk
S107779,5.78,54.04,76.76,3,95.47,Average
S107780,6.5,61.76,56.89,3,69.21,At_Risk
S107781,8.32,75.95,67.36,1,88.6,Average
S107782,7.14,62.28,64.01,1,49.75,At_Risk
S107783,10.0,99.55,70.48,0,48.05,Average
S107784,7.25,67.35,72.97,1,58.34,Average
S107785,7.08,67.91,63.4,2,92.82,Average
S107786,7.14,68.95,65.29,2,66.77,At_Risk
S107787,6.17,59.91,82.67,0,74.77,At_Risk
S107788,6.92,61.09,56.08,1,72.46,At_Risk
S107789,8.47,73.72,77.36,2,49.82,At_Risk
S107790,7.15,65.55,71.78,0,86.24,Average
S107791,5.97,58.3,77.73,2,62.55,At_Risk
S107792,5.8,52.16,63.94,0,55.91,At_Risk
S107793,6.41,59.52,81.43,0,88.42,Average
S107794,7.1,75.92,59.71,2,60.65,At_Risk
S107795,8.55,73.86,74.51,2,67.18,Average
S107796,5.26,46.92,74.47,1,59.98,Average
S107797,6.58,70.14,70.03,1,79.14,At_Risk
S107798,7.19,68.1,81.34,1,62.18,At_Risk
S107799,4.62,41.03,82.36,0,55.05,At_Risk
S107800,5.92,60.88,76.89,0,77.36,Average
S107801,6.12,58.32,91.09,0,85.39,At_Risk
S107802,5.97,55.28,62.79,1,53.3,At_Risk
S107803,7.25,69.64,64.52,0,60.98,At_Risk
S107804,6.79,61.88,71.71,1,40.82,Average
S107805,6.28,56.0,65.72,1,80.84,At_Risk
S107806,7.56,71.33,63.26,0,49.49,Average
S107807,9.24,84.0,48.94,1,61.23,Good
S107808,9.13,86.79,78.12,0,72.44,Good
S107809,4.5,44.17,66.59,1,71.93,At_Risk
S107810,7.75,77.04,67.26,5,70.77,Average
S107811,6.77,68.81,54.77,2,63.67,Average
S107812,7.2,66.8,62.91,2,63.98,Average
S107813,6.48,63.58,71.08,4,55.41,At_Risk
S107814,7.15,69.92,52.33,2,74.77,At_Risk
S107815,7.2,69.68,65.82,2,92.61,Average
S107816,6.25,57.43,62.35,1,80.14,At_Risk
S107817,5.83,51.32,66.65,2,54.95,At_Risk
S107818,6.42,62.97,65.66,1,58.33,Average
S107819,7.3,62.57,50.5,0,82.87,At_Risk
S107820,7.78,72.83,79.03,3,58.09,At_Risk
S107821,8.11,66.82,35.96,1,71.65,Average
S107822,6.36,55.05,70.78,3,88.27,At_Risk
S107823,7.37,66.5,81.52,3,95.23,Good
S107824,8.25,82.77,66.91,1,86.07,At_Risk
S107825,8.52,83.65,50.09,2,69.91,Average
S107826,6.92,63.56,78.26,3,52.03,At_Risk
S107827,6.71,66.69,47.02,1,86.97,At_Risk
S107828,7.25,72.41,63.62,3,79.98,Average
S107829,5.51,51.66,82.79,0,47.93,At_Risk
S107830,6.75,58.57,66.56,3,62.19,At_Risk
S107831,7.97,74.86,68.27,4,73.7,Average
S107832,7.83,74.04,84.01,1,71.42,Good
S107833,6.65,58.23,48.25,1,79.14,Average
S107834,7.28,70.66,68.64,0,78.84,Average
S107835,5.93,57.43,68.08,0,88.06,At_Risk
S107836,7.91,77.0,57.98,1,59.46,Average
S107837,6.9,66.65,59.9,0,68.67,At_Risk
S107838,6.64,66.01,81.04,0,56.65,At_Risk
S107839,6.53,61.32,43.84,1,57.84,Average
S107840,6.92,66.5,65.6,0,83.62,Average
S107841,6.42,59.38,58.84,2,68.5,Average
S107842,7.86,72.29,70.49,0,79.92,Average
S107843,6.49,66.97,61.14,1,55.76,At_Risk
S107844,9.07,78.0,70.27,1,46.59,Average
S107845,8.9,88.1,67.25,1,82.88,Average
S107846,5.84,53.01,68.45,2,81.6,At_Risk
S107847,7.09,64.36,66.62,3,85.78,At_Risk
S107848,6.15,59.51,69.24,0,51.87,At_Risk
S107849,6.58,56.51,70.68,2,76.1,At_Risk
S107850,9.6,87.97,68.83,0,83.7,Excellent
S107851,6.6,59.3,65.53,0,73.97,At_Risk
S107852,7.47,70.06,81.13,1,71.67,Average
S107853,7.7,69.97,55.91,1,51.03,At_Risk
S107854,5.7,61.0,96.15,3,48.58,At_Risk
S107855,5.89,63.13,56.61,1,72.1,Average
S107856,5.43,43.52,61.72,0,60.05,At_Risk
S107857,5.85,57.74,44.26,5,86.79,At_Risk
S107858,3.5,37.0,64.06,2,72.29,At_Risk
S107859,7.71,75.4,79.45,3,58.12,At_Risk
S107860,9.67,89.24,55.51,0,80.22,Good
S107861,7.19,67.35,85.76,1,54.44,At_Risk
S107862,5.16,46.02,65.72,0,75.42,At_Risk
S107863,6.16,56.88,49.64,3,52.29,At_Risk
S107864,6.4,55.99,57.16,2,49.84,Average
S107865,5.68,53.47,74.1,1,80.17,At_Risk
S107866,8.12,71.11,61.07,1,66.68,Average
S107867,8.05,75.71,88.92,2,64.14,At_Risk
S107868,5.5,47.24,58.98,4,46.43,At_Risk
S107869,7.94,76.28,66.54,2,75.94,Average
S107870,8.98,82.64,59.75,3,69.16,Average
S107871,9.47,91.16,79.94,2,66.82,Good
S107872,10.0,99.33,48.58,0,55.69,Good
S107873,5.83,61.72,41.2,5,69.7,At_Risk
S107874,10.0,84.89,61.0,0,84.95,Average
S107875,6.54,58.79,65.19,0,57.17,At_Risk
S107876,6.23,58.0,45.97,0,78.8,Average
S107877,7.43,72.4,73.58,6,89.54,At_Risk
S107878,6.24,52.71,77.2,2,73.9,At_Risk
S107879,7.52,67.5,63.4,2,74.24,Average
S107880,5.28,50.72,59.14,0,53.36,At_Risk
S107881,6.69,63.89,87.01,0,89.78,Average
S107882,8.67,83.89,53.53,1,88.94,Average
S107883,6.93,67.57,74.9,2,52.61,At_Risk
S107884,7.18,69.6,61.79,7,65.12,At_Risk
S107885,7.62,73.14,70.38,0,66.35,Average
S107886,8.52,81.18,78.25,1,54.54,Average
S107887,4.85,48.72,72.15,0,86.59,Average
S107888,7.76,64.76,44.46,2,97.58,At_Risk
S107889,6.65,69.37,79.88,1,76.6,Average
S107890,7.22,59.74,43.07,0,56.93,At_Risk
S107891,8.38,75.27,76.62,3,76.72,At_Risk
S107892,5.45,50.84,73.87,0,87.27,At_Risk
S107893,5.68,56.68,64.3,0,65.08,Average
S107894,4.48,35.0,74.02,3,42.24,At_Risk
S107895,6.29,59.61,53.51,2,82.74,At_Risk
S107896,8.73,86.1,50.66,3,77.39,Average
S107897,6.84,68.99,75.18,2,63.09,At_Risk
S107898,5.26,47.16,63.66,1,71.89,At_Risk
S107899,6.37,59.0,87.42,1,77.37,Average
S107900,5.07,45.66,63.29,3,59.41,At_Risk
S107901,5.54,51.03,54.7,2,79.24,At_Risk
S107902,7.51,67.17,100.0,1,55.03,Average
S107903,5.47,48.45,49.49,4,93.02,At_Risk
S107904,8.45,81.98,69.95,2,76.96,Average
S107905,6.91,66.0,69.4,1,90.5,Average
S107906,7.11,69.52,77.28,2,77.67,At_Risk
S107907,6.64,63.92,63.62,0,75.68,Average
S107908,8.0,78.86,64.44,3,72.02,Good
S107909,8.02,79.68,66.06,1,73.55,At_Risk
S107910,7.44,63.7,91.41,3,93.6,At_Risk
S107911,7.73,70.06,79.25,1,70.86,Good
S107912,6.72,62.96,56.9,3,52.21,Average
S107913,7.7,73.11,61.13,3,74.99,Good
S107914,6.56,59.65,66.29,2,79.76,At_Risk
S107915,7.0,70.18,56.36,4,72.07,At_Risk
S107916,6.64,71.03,47.11,3,56.15,Average
S107917,6.41,61.6,59.15,0,49.62,Average
S107918,6.1,58.33,56.16,4,77.78,At_Risk
S107919,7.61,76.0,88.49,0,75.04,Average
S107920,8.7,75.0,69.1,1,68.52,At_Risk
S107921,8.52,81.08,48.51,0,85.51,Average
S107922,5.37,54.9,63.99,5,80.54,At_Risk
S107923,8.68,79.85,73.7,2,69.62,Average
S107924,6.59,57.66,77.52,1,92.0,Average
S107925,7.78,73.18,70.58,2,92.49,Average
S107926,5.82,55.1,74.86,1,64.15,At_Risk
S107927,7.18,64.62,66.18,1,60.75,At_Risk
S107928,7.41,78.76,66.21,3,45.14,At_Risk
S107929,5.07,46.25,100.0,2,73.42,At_Risk
S107930,7.79,69.4,60.18,1,61.18,Average
S107931,8.75,82.75,51.63,1,85.43,Average
S107932,6.77,67.97,62.31,1,60.17,Average
S107933,8.77,83.0,66.59,0,90.01,Average
S107934,6.75,66.1,47.64,1,83.06,Average
S107935,8.1,73.51,74.52,1,94.95,Average
S107936,4.12,45.05,60.07,0,67.84,At_Risk
S107937,10.0,97.25,37.93,3,71.57,Average
S107938,8.94,89.16,67.73,2,71.33,At_Risk
S107939,6.63,64.45,57.44,0,78.4,Average
S107940,4.44,45.0,81.18,0,59.29,At_Risk
S107941,7.37,66.56,54.87,2,84.41,At_Risk
S107942,5.12,46.7,60.96,0,49.96,At_Risk
S107943,7.58,77.38,72.48,2,42.5,Average
S107944,7.54,78.0,63.2,1,67.3,Average
S107945,5.78,50.29,55.72,3,71.52,Average
S107946,8.46,81.34,55.68,3,64.04,At_Risk
S107947,8.05,74.73,83.6,3,74.49,Average
S107948,8.27,76.0,61.05,6,79.1,Average
S107949,7.01,67.75,52.37,3,99.09,Average
S107950,5.16,53.58,64.72,2,76.6,At_Risk
S107951,8.27,80.38,66.1,3,60.27,At_Risk
S107952,6.65,61.88,75.47,2,79.69,Average
S107953,5.19,51.4,51.31,2,81.24,At_Risk
S107954,8.76,81.76,90.09,1,66.17,Good
S107955,9.73,94.08,60.96,2,56.05,Average
S107956,6.95,71.58,90.45,1,71.83,Average
S107957,9.81,84.86,70.64,2,90.48,Good
S107958,7.12,70.82,75.37,3,76.94,Average
S107959,6.51,55.65,78.74,1,77.68,Average
S107960,6.18,63.6,62.61,1,66.91,At_Risk
S107961,9.13,84.17,50.37,0,55.61,Average
S107962,5.99,51.99,77.32,2,67.25,At_Risk
S107963,7.96,78.36,96.21,1,47.9,Average
S107964,6.27,61.0,68.14,2,76.97,At_Risk
S107965,6.4,56.82,68.74,3,87.0,At_Risk
S107966,8.34,74.0,72.33,2,56.67,At_Risk
S107967,6.51,61.06,49.02,1,76.22,At_Risk
S107968,6.47,56.68,83.3,2,62.39,At_Risk
S107969,8.47,76.24,51.86,1,77.68,Average
S107970,9.08,86.7,87.44,1,47.57,Average
S107971,7.84,70.6,71.4,2,63.21,At_Risk
S107972,6.15,60.12,84.64,1,66.94,Average
S107973,6.34,66.15,44.8,3,55.13,At_Risk
S107974,7.1,66.89,79.42,1,78.22,Average
S107975,7.42,70.98,70.46,5,70.38,At_Risk
S107976,5.72,62.37,64.75,1,49.55,At_Risk
S107977,7.94,70.68,82.91,2,76.01,At_Risk
S107978,7.11,72.32,78.11,1,69.87,Average
S107979,4.77,49.59,70.31,2,81.65,At_Risk
S107980,5.79,58.45,39.86,1,68.05,At_Risk
S107981,6.34,65.44,63.83,3,79.02,At_Risk
S107982,6.91,66.72,79.78,1,89.81,At_Risk
S107983,9.46,87.5,59.86,1,59.1,Average
S107984,7.31,73.82,71.95,3,83.66,At_Risk
S107985,5.91,60.65,76.46,4,60.31,At_Risk
S107986,7.29,74.0,84.35,1,57.94,Average
S107987,6.54,62.33,70.88,0,57.44,Good
S107988,7.42,67.65,56.02,2,72.12,At_Risk
S107989,7.75,74.44,84.09,1,62.08,Average
S107990,8.57,85.2,64.87,2,71.5,Good
S107991,6.97,70.3,74.69,1,81.87,Average
S107992,9.13,85.02,59.69,2,64.39,Average
S107993,8.18,78.98,51.11,0,52.88,Average
S107994,6.08,52.53,51.76,1,62.79,At_Risk
S107995,9.87,97.73,86.48,1,60.05,At_Risk
S107996,7.43,67.41,67.48,2,65.34,At_Risk
S107997,5.91,59.33,77.45,1,52.42,Average
S107998,9.15,82.32,94.81,0,59.33,Good
S107999,9.7,96.29,80.17,1,67.63,Excellent
S108000,6.96,67.4,92.69,1,87.98,Average
S108001,6.35,57.15,54.33,3,55.26,Average
S108002,6.78,67.14,68.06,0,60.68,Average
S108003,7.93,72.97,56.45,5,85.25,At_Risk
S108004,8.66,85.28,54.13,3,55.54,At_Risk
S108005,7.74,72.45,60.1,0,60.7,Good
S108006,7.13,60.87,58.29,3,62.14,At_Risk
S108007,8.95,81.07,60.37,0,68.87,Average
S108008,6.59,60.91,69.14,1,69.14,Average
S108009,8.34,84.7,72.2,2,72.15,Average
S108010,6.63,66.55,80.68,1,66.66,At_Risk
S108011,7.56,78.3,75.35,0,72.77,Average
S108012,6.85,71.71,93.41,2,83.91,Average
S108013,6.93,63.67,95.47,0,81.29,Average
S108014,6.51,61.09,61.59,0,47.28,At_Risk
S108015,8.75,81.46,71.29,1,71.97,Good
S108016,6.05,54.76,68.26,2,56.34,At_Risk
S108017,6.04,49.99,54.76,3,86.19,At_Risk
S108018,9.76,92.64,79.92,3,50.65,Good
S108019,8.27,73.43,78.74,1,76.93,Good
S108020,3.9,36.91,77.15,1,76.8,At_Risk
S108021,6.27,67.98,80.19,3,90.79,At_Risk
S108022,4.64,42.08,59.91,1,69.89,At_Risk
S108023,5.76,56.0,85.05,0,61.55,At_Risk
S108024,3.5,36.88,84.39,0,78.11,Average
S108025,6.82,66.0,40.06,1,76.62,Average
S108026,5.52,53.57,62.34,0,84.02,At_Risk
S108027,7.08,65.79,74.49,4,95.82,At_Risk
S108028,4.89,45.5,100.0,0,58.03,At_Risk
S108029,7.11,63.68,71.43,4,71.99,At_Risk
S108030,6.46,64.76,72.42,1,61.62,Average
S108031,8.95,78.08,64.71,3,91.92,Average
S108032,8.83,87.81,67.0,2,93.8,Average
S108033,8.02,70.58,88.05,1,65.92,Average
S108034,6.58,66.32,69.45,4,72.44,Average
S108035,9.58,89.6,87.44,3,86.23,Average
S108036,4.98,42.39,65.24,1,63.87,At_Risk
S108037,5.18,51.48,73.41,2,96.51,At_Risk
S108038,6.89,69.18,44.55,1,66.08,At_Risk
S108039,9.93,92.59,60.56,1,80.37,Average
S108040,6.74,66.88,64.06,1,52.93,Average
S108041,6.76,55.1,67.43,2,42.7,At_Risk
S108042,5.13,43.41,66.63,1,94.12,At_Risk
S108043,8.23,83.35,66.05,1,51.97,Average
S108044,8.24,77.38,84.34,2,37.42,Good
S108045,8.03,68.8,62.16,3,57.37,At_Risk
S108046,6.18,55.93,76.49,1,59.16,At_Risk
S108047,6.08,54.08,68.59,3,90.56,At_Risk
S108048,5.32,49.87,63.99,2,94.9,At_Risk
S108049,7.11,66.05,95.87,0,90.07,Average
S108050,5.6,53.87,76.11,0,66.18,At_Risk
S108051,5.47,51.68,66.46,3,51.66,At_Risk
S108052,6.45,66.71,76.15,1,54.77,At_Risk
S108053,6.36,62.2,75.65,3,59.97,Average
S108054,6.3,61.69,66.84,3,82.88,At_Risk
S108055,7.61,76.92,55.28,3,45.46,At_Risk
S108056,7.1,66.0,63.06,0,47.0,At_Risk
S108057,6.63,57.89,27.86,0,89.94,At_Risk
S108058,7.24,74.0,59.92,2,60.84,At_Risk
S108059,5.71,54.8,76.57,1,53.58,At_Risk
S108060,7.14,68.36,71.87,2,77.84,Average
S108061,7.2,65.83,64.54,2,62.58,At_Risk
S108062,5.05,45.47,74.23,1,81.94,Average
S108063,8.29,82.18,80.56,4,53.21,Average
S108064,5.85,60.0,69.69,2,53.54,At_Risk
S108065,7.12,70.75,64.65,1,51.23,Average
S108066,8.51,84.05,64.97,1,97.23,Average
S108067,8.2,80.21,56.49,3,47.12,Average
S108068,7.04,67.45,78.54,1,82.86,At_Risk
S108069,6.53,61.32,95.01,2,79.41,Average
S108070,8.23,83.04,51.6,2,89.55,Good
S108071,7.88,73.34,60.96,3,83.18,Average
S108072,6.2,60.34,72.04,3,65.26,At_Risk
S108073,5.97,53.47,64.03,0,86.17,At_Risk
S108074,4.31,38.27,76.17,1,58.19,At_Risk
S108075,7.2,67.46,56.78,1,83.78,At_Risk
S108076,6.89,62.3,41.16,1,75.62,Average
S108077,8.48,83.72,80.23,1,62.53,Average
S108078,7.47,65.54,78.0,2,80.65,Average
S108079,8.73,83.37,79.15,2,81.15,Average
S108080,6.09,58.4,93.52,4,98.63,At_Risk
S108081,8.48,73.0,61.78,0,68.86,Good
S108082,6.31,58.2,92.11,1,78.35,At_Risk
S108083,8.01,77.13,87.78,2,61.3,Average
S108084,5.1,50.2,64.16,0,84.86,At_Risk
S108085,7.31,68.59,52.86,2,82.6,Average
S108086,4.42,44.7,55.27,0,57.27,At_Risk
S108087,6.65,62.76,76.89,2,59.9,At_Risk
S108088,7.57,71.99,54.32,1,76.44,Average
S108089,6.32,61.07,71.01,0,84.99,Average
S108090,5.63,57.24,65.18,0,64.48,At_Risk
S108091,8.1,74.25,71.38,0,57.35,Good
S108092,6.87,63.3,79.92,3,89.3,Average
S108093,6.36,57.78,73.28,1,67.25,At_Risk
S108094,7.05,65.69,79.31,3,51.84,Average
S108095,10.0,100.0,92.99,1,79.72,Good
S108096,8.5,83.04,43.09,4,60.85,At_Risk
S108097,8.51,76.33,71.61,0,79.13,Good
S108098,7.57,69.0,67.44,1,87.53,Average
S108099,7.22,70.05,68.15,0,53.66,Average
S108100,3.89,35.0,41.34,0,92.11,At_Risk
S108101,6.12,55.21,70.82,0,68.04,Average
S108102,6.38,65.94,61.43,5,82.76,At_Risk
S108103,4.56,40.89,77.15,1,76.99,At_Risk
S108104,5.5,56.02,100.0,0,85.28,Average
S108105,4.42,47.06,53.69,2,50.12,At_Risk
S108106,6.95,63.09,72.74,1,79.34,At_Risk
S108107,8.06,73.05,44.74,2,56.57,At_Risk
S108108,8.44,79.06,69.92,1,71.48,Good
S108109,7.54,67.27,80.34,2,46.93,Average
S108110,5.75,55.09,74.29,3,79.67,At_Risk
S108111,4.49,41.82,85.72,0,87.36,Average
S108112,4.72,46.24,76.7,2,87.11,At_Risk
S108113,5.35,56.42,45.3,1,67.69,At_Risk
S108114,5.84,58.79,92.43,0,45.49,Average
S108115,6.79,66.5,48.74,4,98.57,At_Risk
S108116,5.68,46.11,92.03,0,69.57,At_Risk
S108117,7.44,72.46,76.83,4,91.68,Average
S108118,6.7,70.52,72.75,2,65.68,Average
S108119,7.01,54.59,90.41,2,53.92,Good
S108120,8.48,83.34,75.58,5,62.71,Average
S108121,5.47,51.0,80.68,1,68.48,At_Risk
S108122,7.54,68.27,70.52,3,51.85,At_Risk
S108123,6.98,69.53,59.86,1,72.19,Average
S108124,6.57,69.22,54.44,2,88.72,At_Risk
S108125,8.15,80.53,95.41,3,70.07,At_Risk
S108126,8.14,76.0,87.83,2,65.8,Average
S108127,5.77,51.04,66.37,3,62.21,At_Risk
S108128,6.76,64.83,59.94,1,57.54,At_Risk
S108129,7.37,73.47,88.89,0,55.48,Good
S108130,6.65,61.58,80.32,0,57.97,At_Risk
S108131,7.76,72.56,82.07,0,80.7,Average
S108132,7.37,81.26,85.23,1,75.16,Average
S108133,9.38,93.45,83.67,2,73.56,Good
S108134,5.01,52.2,93.52,3,61.37,Average
S108135,6.84,59.15,79.06,1,58.51,Average
S108136,5.82,52.45,50.86,1,56.86,At_Risk
S108137,7.79,74.26,63.65,4,57.72,At_Risk
S108138,4.9,42.52,74.57,1,46.75,At_Risk
S108139,7.45,77.18,72.39,1,51.17,Average
S108140,6.18,64.4,78.53,1,89.41,At_Risk
S108141,6.05,55.3,68.57,1,60.39,Average
S108142,5.12,55.77,49.16,1,58.58,At_Risk
S108143,6.4,60.74,71.88,1,88.3,Average
S108144,8.41,90.25,44.58,4,49.17,Average
S108145,6.97,66.77,45.89,1,59.57,At_Risk
S108146,7.82,76.56,74.93,2,59.39,Good
S108147,9.16,92.66,55.97,1,56.14,Average
S108148,7.34,75.0,62.49,1,75.05,Average
S108149,6.27,61.64,74.48,1,63.54,At_Risk
S108150,7.61,71.7,60.86,1,68.02,Average
S108151,6.29,61.83,73.4,1,59.12,At_Risk
S108152,6.34,57.01,83.59,1,72.15,At_Risk
S108153,5.02,48.34,57.07,1,67.17,At_Risk
S108154,8.2,73.5,60.76,3,56.6,Average
S108155,6.5,54.61,76.26,1,86.47,Average
S108156,7.24,68.95,62.34,2,66.78,At_Risk
S108157,5.65,58.75,76.18,1,62.73,At_Risk
S108158,7.57,75.59,74.7,2,78.1,Average
S108159,6.01,57.0,63.72,4,60.65,Average
S108160,6.82,71.74,85.26,0,90.29,Average
S108161,8.14,75.06,52.41,2,69.01,Average
S108162,8.03,68.59,75.94,2,64.62,Average
S108163,6.97,57.5,40.5,2,84.21,At_Risk
S108164,4.7,39.94,69.22,2,59.45,At_Risk
S108165,10.0,98.27,68.79,3,59.1,Average
S108166,9.27,85.52,52.33,3,94.41,Average
S108167,7.94,77.27,87.95,0,60.26,Average
S108168,6.02,63.78,53.75,0,78.14,Good
S108169,6.85,60.7,63.61,0,90.58,Average
S108170,6.29,61.7,83.35,1,70.99,Average
S108171,8.64,84.26,70.94,1,57.32,Average
S108172,7.34,66.3,62.97,3,75.92,Average
S108173,5.98,62.0,60.21,2,81.5,At_Risk
S108174,6.39,59.54,68.27,2,44.82,At_Risk
S108175,8.46,78.81,62.94,3,57.7,Good
S108176,9.08,94.71,69.51,1,78.72,Good
S108177,8.99,87.47,59.59,2,83.05,Average
S108178,7.98,79.55,79.53,2,84.5,Good
S108179,6.67,68.8,59.78,0,70.01,At_Risk
S108180,3.5,35.0,48.62,0,75.94,At_Risk
S108181,7.39,75.17,100.0,0,45.08,Good
S108182,7.0,64.47,81.02,2,77.33,Average
S108183,7.18,66.0,59.25,0,86.94,Average
S108184,7.07,66.08,56.5,1,73.85,At_Risk
S108185,5.28,47.63,76.94,0,89.58,At_Risk
S108186,7.72,76.67,59.6,0,64.34,Good
S108187,7.82,75.38,81.51,3,50.78,At_Risk
S108188,7.89,72.96,74.75,1,60.94,Average
S108189,8.23,80.89,71.77,1,87.71,Average
S108190,7.79,72.86,70.46,3,49.27,At_Risk
S108191,6.47,60.12,87.0,2,83.19,Good
S108192,6.91,65.82,65.4,1,83.54,Average
S108193,7.12,69.48,69.83,2,84.83,Average
S108194,7.14,69.39,58.16,1,46.26,Average
S108195,8.3,77.37,75.87,1,69.57,Average
S108196,7.84,77.8,56.77,1,61.38,Average
S108197,9.7,91.27,83.87,2,52.06,Average
S108198,9.87,91.13,85.14,4,67.52,Good
S108199,7.1,61.61,46.4,2,70.31,At_Risk
S108200,3.5,37.0,81.34,2,83.2,At_Risk
S108201,8.61,81.82,51.85,0,49.73,Good
S108202,6.3,60.67,62.38,0,86.49,At_Risk
S108203,5.96,60.78,67.71,4,89.49,Average
S108204,6.48,59.67,62.13,1,82.33,At_Risk
S108205,6.42,55.49,63.37,3,43.14,At_Risk
S108206,7.8,74.34,78.53,3,71.96,At_Risk
S108207,4.97,48.47,81.91,3,85.3,At_Risk
S108208,5.6,52.14,66.52,2,56.26,At_Risk
S108209,7.45,77.0,67.97,1,47.71,Average
S108210,7.81,64.25,76.21,0,87.87,Average
S108211,7.83,78.9,54.31,2,79.16,Average
S108212,5.98,59.94,68.49,2,57.37,Average
S108213,5.73,56.25,65.09,1,66.28,At_Risk
S108214,6.34,46.9,71.67,2,73.56,Average
S108215,7.31,75.0,52.84,1,88.41,Average
S108216,8.93,80.74,72.74,0,89.71,Average
S108217,4.34,39.0,71.69,1,91.44,At_Risk
S108218,6.71,63.09,93.73,0,64.77,Good
S108219,5.27,51.67,51.19,1,80.46,At_Risk
S108220,4.85,48.65,98.09,5,76.46,At_Risk
S108221,8.26,82.01,93.01,2,60.44,Average
S108222,7.71,76.49,84.68,5,80.5,At_Risk
S108223,7.58,73.06,61.43,1,92.95,Average
S108224,8.2,79.54,80.79,3,70.45,Average
S108225,6.38,56.0,45.55,2,62.53,At_Risk
S108226,6.44,58.15,41.52,1,90.03,At_Risk
S108227,9.84,97.08,60.51,2,64.76,Excellent
S108228,6.68,66.8,55.36,2,86.24,Average
S108229,7.96,78.47,42.46,1,86.01,Average
S108230,7.01,64.52,89.06,0,54.34,Good
S108231,4.6,47.32,58.7,2,86.91,At_Risk
S108232,4.34,36.6,74.05,4,84.82,At_Risk
S108233,6.25,63.66,100.0,3,70.45,At_Risk
S108234,8.37,78.5,66.54,2,78.96,Good
S108235,8.02,83.0,51.29,0,64.86,Good
S108236,8.19,71.7,92.27,0,46.72,Average
S108237,5.72,61.36,66.09,1,91.0,At_Risk
S108238,9.1,85.01,79.03,2,50.36,Average
S108239,5.75,53.07,32.64,0,56.74,At_Risk
S108240,7.28,69.91,71.86,1,73.07,At_Risk
S108241,6.99,63.58,67.2,1,54.15,Average
S108242,6.77,64.06,63.23,0,90.63,Average
S108243,8.74,80.08,80.59,0,38.68,Good
S108244,6.08,54.99,59.24,2,60.77,At_Risk
S108245,5.25,51.78,64.38,0,77.44,Average
S108246,7.03,63.14,69.36,0,65.56,Average
S108247,6.48,58.49,79.27,2,47.67,At_Risk
S108248,10.0,90.0,64.78,1,80.31,Average
S108249,7.88,72.84,65.95,4,71.3,Average
S108250,6.47,66.69,65.85,2,59.5,At_Risk
S108251,5.63,50.07,65.77,2,70.74,Average
S108252,4.56,40.35,50.87,5,84.54,At_Risk
S108253,5.67,54.61,77.86,1,67.32,Average
S108254,7.15,66.44,78.74,1,92.15,Good
S108255,8.86,93.04,46.87,3,52.28,Average
S108256,8.46,79.7,62.12,4,87.72,At_Risk
S108257,7.3,70.67,85.2,2,73.42,Average
S108258,6.58,66.28,69.38,2,65.75,At_Risk
S108259,7.35,73.52,63.83,3,57.93,At_Risk
S108260,6.33,61.03,53.51,1,67.69,At_Risk
S108261,9.23,87.08,84.36,1,56.44,Good
S108262,6.75,72.26,58.88,2,57.89,At_Risk
S108263,6.89,65.03,76.93,3,83.39,At_Risk
S108264,4.12,37.37,92.98,2,48.86,At_Risk
S108265,6.75,61.5,69.6,1,72.11,Average
S108266,8.09,69.92,86.49,0,54.9,Average
S108267,5.61,56.6,74.07,2,87.74,At_Risk
S108268,6.02,47.84,81.13,1,40.56,At_Risk
S108269,8.03,76.27,64.74,1,57.09,Average
S108270,5.08,47.44,56.56,1,52.23,At_Risk
S108271,8.38,88.52,61.99,2,52.01,At_Risk
S108272,6.31,52.6,63.39,0,65.16,Average
S108273,6.49,58.1,71.5,1,57.44,At_Risk
S108274,5.54,52.08,77.27,1,48.85,At_Risk
S108275,7.49,70.38,47.85,3,76.42,At_Risk
S108276,10.0,92.8,70.09,3,80.78,Good
S108277,8.02,75.83,72.1,2,65.42,At_Risk
S108278,5.88,50.79,68.68,1,75.9,At_Risk
S108279,8.48,81.95,54.44,2,81.92,Average
S108280,6.59,53.3,73.36,3,84.25,At_Risk
S108281,8.79,83.4,72.86,1,82.32,Average
S108282,8.05,74.06,78.75,2,49.96,Average
S108283,3.5,37.32,65.13,6,88.86,At_Risk
S108284,5.69,61.12,71.92,2,45.63,At_Risk
S108285,8.23,76.84,75.31,0,93.78,Average
S108286,7.2,73.94,68.62,1,85.0,Average
S108287,5.67,52.59,50.63,2,68.0,At_Risk
S108288,6.18,54.81,38.53,0,47.24,At_Risk
S108289,4.52,49.94,57.45,1,60.43,At_Risk
S108290,6.89,67.49,45.83,2,94.29,At_Risk
S108291,9.87,93.8,71.28,1,76.45,Good
S108292,8.05,79.19,54.73,1,51.84,At_Risk
S108293,9.85,94.65,59.48,2,97.48,Good
S108294,8.15,77.12,91.03,1,75.23,Good
S108295,8.34,73.88,62.87,0,62.79,Average
S108296,9.57,89.8,83.43,0,41.72,Good
S108297,7.49,73.65,68.51,0,82.31,At_Risk
S108298,6.76,63.7,49.31,2,55.48,Average
S108299,8.34,82.86,67.46,0,69.37,At_Risk
S108300,8.89,85.99,37.86,1,89.97,Average
S108301,6.38,57.06,70.86,1,51.82,At_Risk
S108302,6.06,52.3,55.85,2,83.25,Average
S108303,7.18,67.59,67.75,3,80.03,Average
S108304,8.08,74.67,59.48,0,97.07,Average
S108305,8.04,77.7,83.39,0,70.27,Average
S108306,5.15,46.04,68.56,2,82.43,At_Risk
S108307,9.49,87.65,63.92,0,87.62,Excellent
S108308,6.17,62.79,61.59,1,63.14,At_Risk
S108309,6.66,63.82,70.76,2,68.84,At_Risk
S108310,5.83,52.54,63.1,1,84.19,At_Risk
S108311,10.0,95.07,37.93,2,47.41,Average
S108312,7.31,75.01,60.92,0,83.32,Average
S108313,5.89,57.17,68.04,1,90.74,At_Risk
S108314,8.12,79.54,58.19,5,82.28,At_Risk
S108315,8.0,72.99,71.21,2,76.3,At_Risk
S108316,6.76,68.29,69.4,1,64.44,Average
S108317,8.09,86.15,39.48,2,63.87,Average
S108318,5.93,53.0,58.77,1,56.19,Average
S108319,6.36,55.68,85.2,2,76.96,At_Risk
S108320,4.39,42.38,74.95,1,72.14,At_Risk
S108321,5.28,53.65,76.18,0,52.73,At_Risk
S108322,9.35,88.46,80.67,0,53.91,Average
S108323,9.13,82.56,64.81,1,77.66,Good
S108324,7.09,66.88,60.69,0,77.6,Average
S108325,9.16,89.43,78.98,2,72.66,Average
S108326,6.79,62.89,82.49,2,94.82,Average
S108327,6.68,65.92,84.05,1,81.48,At_Risk
S108328,7.07,71.86,59.7,2,72.21,At_Risk
S108329,6.84,65.92,76.54,0,56.8,Average
S108330,6.72,63.73,66.51,1,61.15,Average
S108331,8.49,83.94,77.19,4,54.22,At_Risk
S108332,7.2,64.93,66.81,6,79.64,At_Risk
S108333,7.93,71.48,67.66,3,53.72,Average
S108334,8.34,78.17,78.38,0,69.68,Average
S108335,7.5,69.33,63.72,5,85.02,At_Risk
S108336,5.74,51.3,63.15,1,69.98,At_Risk
S108337,5.24,57.11,81.8,3,63.48,At_Risk
S108338,7.19,77.03,73.34,1,75.96,Average
S108339,6.78,62.97,55.18,1,54.65,At_Risk
S108340,7.11,67.95,83.1,2,60.86,Average
S108341,6.98,65.55,86.95,2,69.89,At_Risk
S108342,10.0,99.43,71.86,2,64.64,Good
S108343,5.27,55.29,63.84,2,59.24,At_Risk
S108344,4.41,35.0,88.97,1,81.57,At_Risk
S108345,7.43,72.51,88.1,1,66.11,Average
S108346,6.51,56.62,56.49,1,72.3,At_Risk
S108347,7.41,77.44,64.57,1,70.5,Average
S108348,7.76,75.47,67.3,2,53.79,At_Risk
S108349,8.67,79.07,89.33,1,66.84,Excellent
S108350,5.04,46.92,79.59,2,52.02,At_Risk
S108351,6.28,58.47,63.81,1,70.37,At_Risk
S108352,7.56,73.9,67.94,0,75.54,Good
S108353,8.0,80.0,66.59,3,61.26,Average
S108354,9.85,89.0,58.09,0,70.25,Average
S108355,8.24,85.66,74.75,2,69.37,Average
S108356,6.93,72.22,73.89,0,77.0,Average
S108357,5.84,52.0,75.7,4,56.92,At_Risk
S108358,6.27,59.8,70.9,0,67.14,Average
S108359,6.23,66.02,53.88,2,65.37,At_Risk
S108360,7.85,79.52,59.75,1,77.47,Average
S108361,7.33,68.33,68.83,3,48.36,At_Risk
S108362,5.28,53.41,79.7,0,51.11,At_Risk
S108363,6.43,73.11,71.66,2,50.8,At_Risk
S108364,8.14,78.0,52.0,3,66.48,Average
S108365,7.46,68.31,41.71,0,71.08,At_Risk
S108366,7.74,74.21,67.51,2,72.57,Average
S108367,7.5,72.22,73.33,1,73.29,Average
S108368,9.11,84.0,78.29,2,79.5,Average
S108369,7.31,71.18,90.79,0,92.04,Average
S108370,6.5,57.0,82.61,1,50.79,At_Risk
S108371,5.81,52.53,76.02,4,86.5,Average
S108372,7.32,72.62,61.01,2,49.98,At_Risk
S108373,3.83,35.0,86.76,0,56.89,At_Risk
S108374,6.76,67.84,53.92,1,42.0,At_Risk
S108375,6.73,55.9,82.24,1,69.56,Good
S108376,5.23,42.72,92.5,1,42.3,At_Risk
S108377,5.79,53.04,86.2,0,73.51,Good
S108378,8.05,77.65,62.94,2,65.16,Average
S108379,7.3,74.65,46.62,0,68.95,Average
S108380,7.13,67.99,58.27,0,66.39,At_Risk
S108381,7.4,69.3,68.6,1,84.04,Average
S108382,7.12,69.96,64.37,1,50.53,At_Risk
S108383,8.62,78.37,71.13,0,72.4,Average
S108384,7.16,68.58,44.43,4,84.74,At_Risk
S108385,5.1,43.69,78.32,3,91.79,At_Risk
S108386,9.12,86.96,59.9,4,53.45,Average
S108387,7.48,70.55,67.99,4,94.96,Average
S108388,6.23,56.01,61.79,2,77.37,At_Risk
S108389,5.37,51.68,77.74,0,71.47,Average
S108390,7.51,72.02,60.64,1,84.63,At_Risk
S108391,6.85,69.75,45.72,3,54.36,At_Risk
S108392,9.05,79.52,75.28,2,77.29,Average
S108393,6.55,61.92,47.31,0,52.14,Average
S108394,5.91,53.12,65.73,1,54.33,At_Risk
S108395,8.16,81.04,82.17,1,75.11,Average
S108396,8.2,80.94,75.48,2,83.15,Good
S108397,7.22,71.0,68.37,0,75.96,Average
S108398,7.88,72.0,68.89,1,51.99,Average
S108399,6.95,69.6,54.35,3,58.23,Average
S108400,7.3,63.27,73.32,3,84.5,Average
S108401,8.51,73.95,74.41,2,67.5,Average
S108402,7.81,69.12,70.75,1,64.95,At_Risk
S108403,6.78,64.28,68.13,2,85.66,At_Risk
S108404,8.76,85.9,66.14,0,58.12,Average
S108405,3.93,35.0,78.28,0,91.24,At_Risk
S108406,9.67,97.13,60.02,2,78.4,Good
S108407,4.78,45.96,50.55,2,73.36,At_Risk
S108408,6.18,52.48,79.76,0,89.7,Average
S108409,6.95,66.4,50.84,4,45.6,At_Risk
S108410,6.81,69.06,58.36,1,82.44,At_Risk
S108411,8.31,81.33,73.52,1,76.99,Average
S108412,5.62,57.83,72.32,1,65.53,At_Risk
S108413,7.34,64.26,65.89,0,51.53,Good
S108414,6.25,58.0,86.3,1,50.89,At_Risk
S108415,7.38,66.45,80.68,2,95.0,Average
S108416,6.92,73.0,66.62,1,71.9,Average
S108417,7.12,70.2,60.7,0,54.29,At_Risk
S108418,6.29,71.1,71.46,1,78.1,At_Risk
S108419,6.34,58.33,70.45,0,65.2,At_Risk
S108420,7.37,67.15,83.44,1,87.0,Average
S108421,8.23,77.58,65.43,0,78.52,Good
S108422,6.22,64.62,81.34,0,77.48,At_Risk
S108423,5.87,54.31,50.68,3,87.58,At_Risk
S108424,7.8,74.57,72.57,3,69.6,Average
S108425,6.96,66.49,58.79,2,84.87,At_Risk
S108426,8.08,76.91,68.08,2,69.71,At_Risk
S108427,5.82,52.7,65.15,4,61.82,At_Risk
S108428,4.69,43.97,53.57,1,49.59,At_Risk
S108429,6.31,59.2,58.44,1,49.7,Average
S108430,6.0,57.0,61.98,1,84.56,At_Risk
S108431,6.9,69.3,90.69,1,92.5,Average
S108432,6.17,65.68,61.06,1,77.42,At_Risk
S108433,7.96,72.29,43.35,0,64.26,At_Risk
S108434,6.63,61.37,58.37,1,77.48,Average
S108435,7.2,65.0,45.09,3,93.85,At_Risk
S108436,7.2,69.2,54.43,2,58.46,Average
S108437,7.25,66.75,36.31,2,52.45,At_Risk
S108438,6.97,67.16,59.92,2,60.98,At_Risk
S108439,7.66,77.22,72.85,1,78.2,Good
S108440,5.97,46.57,62.63,2,58.26,At_Risk
S108441,8.82,85.75,63.32,1,58.22,Average
S108442,6.69,61.74,100.0,1,84.3,At_Risk
S108443,5.29,52.14,60.17,6,52.91,At_Risk
S108444,7.24,65.24,70.84,3,70.49,At_Risk
S108445,5.89,60.77,69.37,1,70.34,At_Risk
S108446,7.86,78.37,71.3,0,87.72,Average
S108447,9.87,96.06,60.09,0,51.76,Good
S108448,5.98,59.96,77.96,1,72.72,At_Risk
S108449,7.43,67.62,83.44,1,83.3,Average
S108450,4.72,42.34,68.86,1,42.93,At_Risk
S108451,7.59,75.12,83.15,2,58.69,Average
S108452,5.85,52.49,75.02,1,50.91,At_Risk
S108453,6.19,64.57,70.18,2,95.0,Average
S108454,5.57,51.6,54.54,0,57.44,At_Risk
S108455,7.95,77.55,66.4,2,63.16,Average
S108456,8.31,87.34,80.94,0,82.29,Average
S108457,7.03,63.96,62.97,1,90.51,At_Risk
S108458,5.88,56.1,69.02,3,68.48,At_Risk
S108459,9.07,90.35,54.02,0,83.97,Average
S108460,6.02,61.04,72.83,3,66.13,At_Risk
S108461,4.19,38.49,74.03,1,52.98,At_Risk
S108462,7.6,70.09,98.47,0,87.98,Good
S108463,5.56,51.92,71.03,1,73.65,At_Risk
S108464,8.29,84.5,71.92,1,62.55,Average
S108465,6.5,60.68,66.0,1,77.41,At_Risk
S108466,7.78,74.27,66.88,4,95.75,Average
S108467,8.82,82.1,64.08,0,77.0,Average
S108468,5.43,54.39,85.67,2,62.92,Average
S108469,6.26,60.13,61.3,1,86.93,At_Risk
S108470,6.9,62.0,82.93,2,91.07,Average
S108471,9.0,81.61,66.87,3,88.98,Average
S108472,6.14,50.37,57.12,3,85.69,At_Risk
S108473,6.23,55.83,60.72,2,68.43,Average
S108474,7.62,75.58,59.02,4,57.84,At_Risk
S108475,6.25,64.67,61.05,1,76.61,At_Risk
S108476,7.2,71.13,52.3,2,84.03,At_Risk
S108477,4.98,49.56,58.29,1,68.88,At_Risk
S108478,9.88,93.34,35.77,0,64.53,Good
S108479,5.25,52.96,69.38,2,68.4,At_Risk
S108480,6.58,63.67,60.72,3,80.38,Average
S108481,6.96,73.32,65.12,0,55.11,Average
S108482,9.49,89.73,57.29,2,60.17,Average
S108483,5.28,56.0,85.66,1,63.7,Average
S108484,9.58,94.5,43.52,0,66.35,Good
S108485,7.98,78.79,80.16,1,82.77,Average
S108486,7.54,63.61,47.57,1,45.42,At_Risk
S108487,5.72,58.06,58.34,1,74.33,At_Risk
S108488,7.74,73.04,72.75,1,65.15,Good
S108489,6.06,55.79,93.35,0,44.34,Average
S108490,8.65,76.2,78.13,1,43.36,Good
S108491,5.74,54.49,34.44,1,61.25,At_Risk
S108492,6.85,65.24,72.52,3,100.0,At_Risk
S108493,6.28,54.43,57.49,0,87.33,Average
S108494,5.72,48.41,99.17,1,61.64,At_Risk
S108495,7.96,77.6,72.04,1,72.84,Average
S108496,7.7,76.6,80.39,3,71.24,Average
S108497,8.57,82.19,56.66,2,62.91,Average
S108498,4.69,49.1,55.86,2,51.07,At_Risk
S108499,8.38,79.0,67.35,1,68.62,Good
S108500,10.0,94.78,58.23,4,86.14,Average
S108501,6.41,57.25,72.28,1,91.59,Average
S108502,9.46,83.66,62.18,0,72.76,Good
S108503,6.66,70.67,67.65,2,60.4,Average
S108504,5.22,54.08,80.59,1,52.15,At_Risk
S108505,6.6,57.16,68.41,1,58.57,Average
S108506,8.36,80.07,64.52,0,63.59,Excellent
S108507,5.91,55.75,58.78,1,80.03,At_Risk
S108508,6.22,57.99,61.16,4,60.24,At_Risk
S108509,7.77,72.19,77.19,4,71.4,Average
S108510,7.0,68.06,66.2,2,54.04,Average
S108511,7.76,76.99,55.54,2,78.64,Average
S108512,7.31,71.05,62.82,4,44.91,At_Risk
S108513,7.62,71.94,78.79,5,50.92,At_Risk
S108514,6.44,60.53,63.84,0,83.02,At_Risk
S108515,7.3,73.11,34.59,2,72.66,At_Risk
S108516,5.79,56.9,79.77,2,60.95,At_Risk
S108517,8.67,82.7,64.81,1,80.91,Average
S108518,6.18,58.52,78.33,1,92.9,Average
S108519,8.47,81.82,62.69,4,74.61,Average
S108520,6.7,61.74,74.23,1,58.2,At_Risk
S108521,7.26,72.3,75.44,3,78.43,Average
S108522,6.36,56.08,58.41,1,64.13,Average
S108523,5.68,52.31,50.68,4,91.6,At_Risk
S108524,4.73,47.4,53.12,1,92.91,At_Risk
S108525,5.63,48.94,70.64,0,70.15,Average
S108526,6.58,56.21,66.02,3,84.11,At_Risk
S108527,7.28,69.0,67.74,2,56.37,Average
S108528,8.31,72.19,73.55,5,65.23,Average
S108529,6.42,55.8,63.79,0,60.03,Average
S108530,5.85,58.63,62.11,1,67.01,Average
S108531,5.12,47.86,57.28,1,48.82,At_Risk
S108532,7.62,78.0,72.86,2,78.97,Average
S108533,8.8,78.76,90.1,1,79.53,Good
S108534,8.65,81.76,61.47,3,89.98,Average
S108535,7.92,76.87,73.81,1,49.02,Average
S108536,7.83,69.7,85.16,0,95.63,Average
S108537,9.21,91.59,59.21,1,73.72,Average
S108538,7.43,72.64,90.82,1,87.4,Average
S108539,7.84,68.04,55.89,2,72.23,Average
S108540,6.58,62.39,75.21,3,90.32,At_Risk
S108541,5.23,51.22,53.56,7,88.56,At_Risk
S108542,6.11,56.0,74.83,1,56.73,At_Risk
S108543,6.99,60.47,59.47,3,86.04,At_Risk
S108544,7.08,68.0,38.03,1,72.07,At_Risk
S108545,9.5,99.13,86.13,1,55.07,Good
S108546,7.11,65.96,70.69,4,47.8,At_Risk
S108547,8.53,87.34,61.0,2,62.28,Average
S108548,6.43,58.12,64.96,4,87.19,At_Risk
S108549,6.59,63.51,65.51,2,55.44,At_Risk
S108550,5.27,53.17,63.36,2,83.78,At_Risk
S108551,6.03,57.3,62.94,2,52.59,At_Risk
S108552,7.69,71.82,66.19,0,80.94,Average
S108553,7.01,69.5,93.85,4,78.31,Average
S108554,8.23,85.71,38.37,2,78.79,Average
S108555,7.24,69.94,41.83,0,59.58,At_Risk
S108556,6.54,60.08,73.84,4,70.09,At_Risk
S108557,9.79,92.27,34.41,1,82.64,At_Risk
S108558,6.88,75.42,61.5,1,95.38,Average
S108559,8.51,81.4,57.8,2,84.15,Average
S108560,6.48,59.17,67.5,0,71.94,Average
S108561,7.92,70.68,59.86,3,48.38,At_Risk
S108562,8.21,70.66,66.07,2,75.15,Average
S108563,7.27,70.53,57.86,2,83.43,Average
S108564,3.94,40.04,51.65,5,71.8,At_Risk
S108565,7.02,65.14,64.54,0,58.41,Average
S108566,8.6,81.64,74.64,4,45.88,Average
S108567,7.69,68.33,76.19,0,86.9,At_Risk
S108568,7.58,72.54,70.34,0,92.46,Average
S108569,4.76,47.16,84.58,0,73.84,At_Risk
S108570,6.06,55.46,69.11,1,48.21,At_Risk
S108571,7.53,78.34,78.7,1,82.5,Average
S108572,7.53,68.22,64.57,0,72.59,Average
S108573,8.58,82.64,73.94,1,47.44,Good
S108574,6.81,68.1,93.47,0,72.37,Good
S108575,7.53,71.2,70.31,2,68.51,Average
S108576,7.02,65.95,83.56,1,78.14,Average
S108577,5.72,48.6,68.13,2,66.4,At_Risk
S108578,4.07,44.07,51.7,2,91.79,Average
S108579,7.56,71.14,70.06,3,82.05,Average
S108580,7.23,70.8,74.95,1,46.69,Average
S108581,6.2,61.56,79.04,4,48.91,At_Risk
S108582,4.9,43.99,59.14,1,41.46,At_Risk
S108583,7.82,73.49,100.0,3,65.28,Average
S108584,6.65,68.55,82.04,0,64.41,Average
S108585,7.72,68.9,84.34,2,64.77,Average
S108586,9.42,98.03,79.43,1,73.98,Good
S108587,4.22,37.07,57.07,2,81.59,At_Risk
S108588,6.09,53.14,62.56,0,76.59,At_Risk
S108589,6.73,64.44,75.32,1,52.29,Average
S108590,8.89,93.3,44.01,1,53.82,Average
S108591,4.87,38.65,61.83,0,60.84,At_Risk
S108592,9.52,89.84,61.44,1,92.65,Good
S108593,7.18,70.08,75.88,1,61.47,Average
S108594,6.88,65.5,55.09,1,70.87,Average
S108595,6.74,65.58,94.14,1,64.46,At_Risk
S108596,6.43,58.24,100.0,0,81.97,Average
S108597,8.36,77.05,73.63,0,56.61,At_Risk
S108598,5.61,53.0,84.17,1,59.75,Average
S108599,7.45,66.25,74.45,1,54.37,Good
S108600,6.5,61.58,60.97,0,50.3,At_Risk
S108601,6.01,55.53,55.81,2,68.52,Average
S108602,10.0,93.12,72.46,0,78.01,Good
S108603,7.54,72.96,59.23,2,59.94,At_Risk
S108604,7.8,67.0,81.17,0,57.36,Average
S108605,8.48,79.64,59.64,0,83.75,Average
S108606,5.15,58.22,70.87,2,71.02,At_Risk
S108607,9.28,83.8,56.85,2,87.53,Average
S108608,3.74,40.66,55.97,0,89.45,At_Risk
S108609,6.0,57.22,86.77,1,64.53,Average
S108610,6.4,58.42,62.0,1,58.34,Average
S108611,7.76,68.4,62.72,3,78.66,At_Risk
S108612,7.28,69.76,59.59,0,81.52,Average
S108613,6.78,70.25,61.47,1,92.96,Average
S108614,6.98,64.8,66.61,3,55.89,At_Risk
S108615,5.73,54.1,41.69,0,57.08,At_Risk
S108616,5.05,52.0,78.57,1,64.16,At_Risk
S108617,7.94,76.8,73.13,1,77.89,Average
S108618,7.9,68.78,79.4,4,58.79,Average
S108619,9.06,86.46,84.84,2,63.13,Excellent
S108620,5.97,62.79,69.9,2,71.16,At_Risk
S108621,7.9,74.91,69.35,1,82.29,Good
S108622,6.63,52.03,75.76,1,74.19,At_Risk
S108623,8.55,82.76,50.89,1,72.1,Average
S108624,8.33,78.33,63.34,1,70.05,Average
S108625,7.27,61.79,80.73,0,71.73,Average
S108626,6.56,55.59,79.23,1,67.21,At_Risk
S108627,8.25,82.27,96.59,0,50.67,At_Risk
S108628,7.84,71.56,67.01,1,66.67,Average
S108629,6.11,54.42,83.82,1,67.18,Average
S108630,5.27,49.96,67.23,0,63.41,At_Risk
S108631,6.62,60.36,53.69,2,47.11,At_Risk
S108632,8.97,85.62,70.3,0,87.49,Good
S108633,8.49,79.85,65.15,0,66.96,Average
S108634,5.55,47.96,62.52,3,89.74,At_Risk
S108635,5.48,50.03,54.03,4,61.4,At_Risk
S108636,8.66,84.01,64.64,2,67.21,Average
S108637,5.52,52.64,57.09,1,59.37,At_Risk
S108638,7.66,72.46,93.8,1,93.07,At_Risk
S108639,6.2,66.64,79.79,2,94.73,Average
S108640,9.1,89.0,52.81,1,70.53,Average
S108641,6.0,60.4,60.24,1,78.93,At_Risk
S108642,8.49,80.0,62.87,2,47.45,Average
S108643,7.24,69.66,65.29,2,80.88,Good
S108644,7.33,67.89,57.11,3,80.48,At_Risk
S108645,4.44,45.28,66.56,0,57.28,At_Risk
S108646,4.14,38.85,81.2,3,88.15,At_Risk
S108647,6.71,64.67,63.2,0,82.7,At_Risk
S108648,7.32,70.19,52.5,2,88.05,Average
S108649,5.54,52.53,41.78,5,78.57,At_Risk
S108650,5.58,64.81,42.52,3,80.08,At_Risk
S108651,7.73,70.77,71.7,2,64.48,At_Risk
S108652,7.73,70.8,69.65,3,46.2,At_Risk
S108653,6.82,67.58,65.37,2,73.44,Average
S108654,8.01,73.75,60.43,2,91.93,Average
S108655,5.47,50.83,62.48,2,61.15,At_Risk
S108656,6.54,57.76,71.37,0,79.31,Average
S108657,9.14,88.82,60.29,1,67.78,Good
S108658,7.09,69.36,68.64,2,93.94,Average
S108659,7.16,66.8,64.71,0,73.07,At_Risk
S108660,10.0,97.84,69.28,2,56.12,Good
S108661,5.18,41.79,39.64,0,78.32,At_Risk
S108662,8.04,73.51,78.53,2,60.45,At_Risk
S108663,9.16,86.37,71.61,2,61.9,Average
S108664,6.58,57.8,61.83,2,80.7,At_Risk
S108665,8.12,70.12,63.89,5,51.57,Average
S108666,5.72,53.14,74.85,3,67.52,At_Risk
S108667,6.11,60.79,66.32,1,82.33,At_Risk
S108668,7.5,76.38,75.87,3,86.13,At_Risk
S108669,8.04,74.17,69.47,1,86.67,Average
S108670,8.46,83.28,80.1,0,73.55,Good
S108671,9.04,88.43,55.45,1,76.61,Average
S108672,6.91,70.5,69.65,4,58.38,At_Risk
S108673,8.55,79.84,44.85,2,53.6,At_Risk
S108674,6.56,55.0,55.45,0,53.29,Average
S108675,8.17,77.92,50.4,3,90.96,Average
S108676,7.27,65.01,65.94,1,60.92,At_Risk
S108677,7.58,69.11,63.62,2,77.42,Average
S108678,7.55,70.53,60.06,2,38.26,At_Risk
S108679,4.91,45.33,50.63,1,71.73,At_Risk
S108680,5.54,53.18,46.32,1,62.43,At_Risk
S108681,7.13,70.58,53.21,1,45.12,At_Risk
S108682,4.81,44.19,79.33,1,55.74,At_Risk
S108683,8.08,78.35,68.37,1,57.77,Average
S108684,8.13,77.32,55.94,2,60.91,Average
S108685,7.43,74.28,66.73,2,70.14,At_Risk
S108686,5.54,52.0,71.36,3,85.05,At_Risk
S108687,8.79,83.23,69.34,1,85.9,Good
S108688,9.65,90.16,60.95,4,87.05,Average
S108689,7.19,67.67,60.99,0,83.65,Average
S108690,7.66,69.67,61.89,0,80.17,Average
S108691,7.26,65.46,83.71,1,74.13,Average
S108692,7.69,76.15,75.7,1,50.51,Average
S108693,6.84,60.69,84.77,1,84.04,Average
S108694,6.96,64.8,69.52,3,84.79,At_Risk
S108695,8.18,81.75,55.16,4,67.76,Average
S108696,10.0,93.59,84.83,1,91.7,Good
S108697,5.18,52.52,63.71,1,81.9,At_Risk
S108698,6.87,62.85,53.52,2,49.55,At_Risk
S108699,5.47,48.0,55.43,2,76.54,At_Risk
S108700,9.07,79.78,76.96,1,89.07,Average
S108701,6.24,64.0,69.79,1,53.44,Average
S108702,5.12,44.13,58.55,2,60.9,At_Risk
S108703,7.83,77.37,58.45,2,82.27,At_Risk
S108704,9.27,84.04,100.0,1,51.36,Excellent
S108705,7.86,79.96,73.83,1,52.27,Good
S108706,7.27,77.86,65.63,5,82.44,Average
S108707,7.53,64.81,73.86,1,49.34,At_Risk
S108708,8.84,79.63,43.25,0,83.36,Good
S108709,5.86,58.8,55.49,0,61.1,Average
S108710,6.85,67.2,57.43,0,85.04,Average
S108711,6.41,64.02,85.13,0,58.27,Average
S108712,5.48,49.78,42.26,1,77.66,At_Risk
S108713,6.57,70.39,55.7,3,99.29,At_Risk
S108714,8.44,81.0,68.53,2,84.76,Average
S108715,7.74,68.63,62.01,4,66.12,Average
S108716,7.84,73.44,55.24,2,81.58,At_Risk
S108717,7.19,63.5,64.36,2,72.71,Average
S108718,7.68,79.33,89.12,1,87.65,Good
S108719,5.96,53.97,79.23,4,67.45,At_Risk
S108720,6.6,64.65,46.49,4,42.03,At_Risk
S108721,7.25,66.99,69.01,2,84.13,At_Risk
S108722,7.36,67.47,45.02,3,78.33,At_Risk
S108723,7.42,62.81,71.5,0,58.56,At_Risk
S108724,6.82,67.2,79.96,0,70.96,At_Risk
S108725,6.51,67.04,50.19,5,44.83,At_Risk
S108726,10.0,91.34,72.89,1,88.89,Average
S108727,8.18,71.52,87.7,2,91.69,Good
S108728,7.54,74.82,39.61,1,89.41,Average
S108729,6.7,57.03,69.3,0,61.23,At_Risk
S108730,6.41,65.81,69.88,0,72.99,Average
S108731,6.83,61.27,66.61,2,62.41,At_Risk
S108732,7.38,65.7,54.27,1,59.14,Average
S108733,4.56,44.27,71.82,1,69.6,At_Risk
S108734,4.96,42.97,62.76,2,60.58,At_Risk
S108735,6.17,56.0,71.17,2,81.06,At_Risk
S108736,7.27,70.47,58.63,2,91.38,Average
S108737,6.69,54.0,68.42,2,80.2,Average
S108738,8.92,91.32,100.0,3,91.71,Good
S108739,5.07,48.37,47.91,2,65.19,At_Risk
S108740,6.02,52.0,30.32,3,66.87,At_Risk
S108741,8.98,81.2,69.71,2,80.06,Average
S108742,7.17,72.1,63.79,2,57.66,Average
S108743,8.15,79.83,65.36,4,86.4,Average
S108744,9.67,97.4,54.48,1,81.59,Good
S108745,6.1,55.2,72.95,1,73.17,At_Risk
S108746,6.87,66.46,86.52,0,69.06,Average
S108747,6.65,64.8,58.63,2,67.09,At_Risk
S108748,4.46,45.14,80.6,3,55.23,Average
S108749,6.6,67.18,71.6,3,49.07,Average
S108750,8.15,74.51,73.39,2,99.26,At_Risk
S108751,7.7,72.72,70.22,2,88.82,Good
S108752,7.8,71.71,62.17,2,81.91,At_Risk
S108753,6.51,61.6,76.67,1,51.96,At_Risk
S108754,6.15,61.19,60.74,1,90.4,Good
S108755,8.65,75.56,80.73,0,69.63,Average
S108756,6.35,64.8,82.79,2,63.61,At_Risk
S108757,7.38,65.58,65.38,2,63.31,Average
S108758,7.21,67.0,54.2,0,61.47,At_Risk
S108759,8.9,89.53,67.73,1,75.37,Good
S108760,8.26,79.81,82.53,2,47.34,Average
S108761,5.32,51.86,61.51,1,53.57,At_Risk
S108762,5.46,47.11,69.7,1,83.98,At_Risk
S108763,7.75,69.47,64.94,5,70.04,At_Risk
S108764,6.92,69.47,62.97,3,58.01,At_Risk
S108765,6.41,58.52,89.46,2,61.98,At_Risk
S108766,8.32,77.06,79.95,2,67.68,Average
S108767,7.24,72.67,57.73,1,48.18,Average
S108768,7.07,62.95,41.59,2,83.07,At_Risk
S108769,8.01,77.21,74.05,1,67.74,Average
S108770,6.51,62.04,57.01,1,64.93,At_Risk
S108771,9.04,86.0,71.23,0,42.28,Average
S108772,5.98,54.69,65.01,0,72.22,At_Risk
S108773,7.85,72.29,84.58,2,94.13,Average
S108774,8.86,79.89,65.83,0,43.34,Good
S108775,5.21,51.42,70.79,1,83.7,Average
S108776,6.55,59.59,96.41,2,91.31,Average
S108777,8.48,84.48,83.32,1,81.33,Average
S108778,8.5,79.89,44.88,1,54.58,Good
S108779,6.78,60.15,64.31,4,100.0,At_Risk
S108780,6.04,56.48,60.9,2,54.04,Average
S108781,8.24,76.66,75.51,0,52.11,At_Risk
S108782,8.54,85.15,60.64,2,72.81,Average
S108783,5.49,50.64,47.92,3,93.81,At_Risk
S108784,5.43,50.53,69.4,0,56.5,At_Risk
S108785,7.29,75.0,80.43,4,92.89,At_Risk
S108786,7.82,76.31,66.04,1,57.36,Average
S108787,6.61,69.46,65.13,1,85.87,Average
S108788,7.88,79.93,66.82,2,67.86,Average
S108789,6.08,54.18,58.09,1,58.66,At_Risk
S108790,4.25,44.34,65.0,1,52.37,At_Risk
S108791,6.45,67.37,64.13,1,85.74,At_Risk
S108792,7.08,73.41,75.83,3,54.76,At_Risk
S108793,6.64,67.05,83.47,1,73.85,Average
S108794,5.49,56.1,77.67,0,62.16,At_Risk
S108795,4.64,43.0,62.44,3,73.97,At_Risk
S108796,6.33,56.8,43.73,4,77.53,At_Risk
S108797,8.17,76.18,65.02,0,72.5,Average
S108798,8.63,75.35,76.32,0,67.58,Average
S108799,8.54,86.54,80.64,1,58.96,Excellent
S108800,5.94,55.29,64.94,1,87.01,Average
S108801,5.5,57.42,60.45,2,48.53,At_Risk
S108802,7.65,67.71,52.33,1,85.41,At_Risk
S108803,7.83,78.67,78.59,0,83.19,Average
S108804,7.52,69.46,48.12,1,69.85,Average
S108805,4.38,36.5,79.57,2,49.7,At_Risk
S108806,5.87,62.3,60.45,1,48.28,At_Risk
S108807,6.96,70.56,52.82,1,75.95,At_Risk
S108808,7.63,73.36,86.12,0,55.73,Average
S108809,8.0,76.11,51.84,1,54.73,Average
S108810,7.19,70.04,49.31,2,84.19,At_Risk
S108811,7.43,71.36,93.68,0,92.09,Average
S108812,7.11,64.38,75.73,0,53.5,Average
S108813,7.89,73.32,73.26,3,81.03,Average
S108814,7.41,78.21,70.92,0,72.17,Average
S108815,7.09,78.0,59.16,3,83.21,Average
S108816,6.65,69.44,61.47,0,80.39,Average
S108817,7.11,69.42,90.54,3,59.51,Average
S108818,7.63,71.13,66.82,6,69.91,At_Risk
S108819,7.35,66.61,59.41,1,50.86,Average
S108820,7.5,68.27,85.39,1,74.42,Good
S108821,8.75,80.87,58.3,2,82.19,Average
S108822,7.34,78.38,74.1,2,95.29,Average
S108823,6.16,65.71,85.97,2,76.8,At_Risk
S108824,8.15,80.4,65.62,2,58.81,Average
S108825,5.22,45.8,39.66,2,56.64,At_Risk
S108826,5.59,56.72,79.48,0,84.6,Average
S108827,7.44,69.69,84.62,2,50.28,Average
S108828,7.67,64.27,68.27,1,80.94,Good
S108829,5.38,52.27,65.16,4,82.0,Average
S108830,6.5,58.4,67.78,1,59.19,Average
S108831,6.21,55.78,69.2,3,65.08,At_Risk
S108832,6.37,59.49,63.51,3,75.27,Average
S108833,8.23,76.16,90.87,1,52.97,Average
S108834,7.92,75.0,70.61,3,60.11,Average
S108835,6.98,65.93,68.25,2,47.35,Average
S108836,6.29,52.2,78.13,0,56.89,At_Risk
S108837,5.25,55.91,62.55,1,79.12,At_Risk
S108838,8.85,80.11,64.83,0,55.9,Good
S108839,7.77,70.0,74.52,3,67.54,Good
S108840,6.08,56.46,67.5,0,74.07,Average
S108841,7.94,74.95,77.77,1,70.45,Average
S108842,6.91,71.47,63.97,0,83.17,At_Risk
S108843,6.63,64.03,73.41,4,71.76,Average
S108844,7.57,74.14,78.49,5,77.29,At_Risk
S108845,6.04,58.44,81.25,1,66.51,At_Risk
S108846,6.55,63.18,42.23,2,48.99,At_Risk
S108847,7.16,69.24,71.91,2,54.46,At_Risk
S108848,6.35,52.6,78.98,0,82.03,Average
S108849,7.87,73.76,55.48,0,79.55,At_Risk
S108850,9.43,94.23,81.99,2,71.24,Average
S108851,6.02,72.95,70.74,3,67.85,At_Risk
S108852,4.84,41.12,62.38,0,70.38,Average
S108853,4.4,43.47,73.56,2,77.1,At_Risk
S108854,6.8,62.36,78.7,1,53.61,Good
S108855,6.14,66.5,40.0,1,76.18,At_Risk
S108856,7.27,63.65,89.05,0,87.25,Good
S108857,7.17,70.64,42.66,1,77.35,Good
S108858,4.92,41.07,53.65,3,53.92,At_Risk
S108859,4.64,42.81,86.54,3,80.07,At_Risk
S108860,7.38,70.02,80.02,0,71.09,Average
S108861,7.18,72.45,62.14,2,84.88,At_Risk
S108862,6.45,56.93,81.38,2,51.38,Average
S108863,4.85,48.69,72.45,2,58.42,At_Risk
S108864,7.61,72.4,71.05,2,77.03,Average
S108865,8.65,83.3,30.46,2,53.09,Average
S108866,7.36,73.77,54.62,1,45.27,At_Risk
S108867,5.9,50.9,63.22,2,73.51,Average
S108868,7.06,70.29,37.4,1,86.0,At_Risk
S108869,5.22,47.35,78.07,5,74.54,At_Risk
S108870,8.38,83.95,67.23,1,67.1,Average
S108871,7.11,68.85,85.16,1,72.57,Good
S108872,4.7,43.83,61.31,2,56.8,At_Risk
S108873,6.61,60.43,49.65,0,71.04,At_Risk
S108874,7.6,75.51,55.14,1,82.22,Average
S108875,6.57,67.43,71.98,2,85.97,Average
S108876,6.64,60.96,82.35,1,56.43,Average
S108877,5.41,46.85,68.33,5,65.55,At_Risk
S108878,7.74,76.3,80.89,0,60.65,Average
S108879,6.16,53.0,67.9,3,63.02,Average
S108880,4.2,35.0,76.2,0,52.84,At_Risk
S108881,6.52,57.66,90.35,0,92.41,Average
S108882,8.28,76.96,75.11,1,74.52,Average
S108883,6.5,56.38,58.48,0,93.26,At_Risk
S108884,9.26,80.21,71.45,2,69.21,At_Risk
S108885,7.56,67.26,69.32,0,49.29,At_Risk
S108886,7.44,73.25,63.32,0,80.1,Average
S108887,6.83,59.83,57.62,2,89.58,Average
S108888,6.91,64.3,97.02,5,74.52,Average
S108889,6.66,71.03,64.57,0,76.23,At_Risk
S108890,6.61,62.57,37.58,1,72.74,At_Risk
S108891,7.69,74.43,59.74,1,100.0,At_Risk
S108892,5.78,51.16,58.0,0,75.95,Average
S108893,5.6,61.87,64.77,2,58.46,At_Risk
S108894,5.54,50.46,48.52,2,57.58,At_Risk
S108895,9.66,90.85,60.87,1,68.54,Good
S108896,7.69,78.32,71.27,1,91.76,Average
S108897,7.4,69.53,50.59,3,52.5,At_Risk
S108898,5.63,53.63,83.25,0,57.67,Average
S108899,7.81,73.07,68.55,4,79.91,At_Risk
S108900,6.85,63.96,70.22,1,68.8,Average
S108901,7.28,70.63,62.81,3,50.13,Average
S108902,5.73,56.65,70.9,2,63.91,At_Risk
S108903,7.21,65.91,77.97,1,62.46,Average
S108904,6.45,58.2,71.1,2,70.89,At_Risk
S108905,6.0,54.61,82.72,4,59.21,At_Risk
S108906,7.95,69.96,69.83,2,61.68,At_Risk
S108907,5.0,41.15,78.89,1,50.94,Average
S108908,7.73,74.66,73.53,0,68.59,Average
S108909,7.89,78.71,40.91,0,84.97,Average
S108910,5.86,59.12,56.53,1,71.55,At_Risk
S108911,5.93,46.8,57.27,1,72.2,At_Risk
S108912,6.71,62.77,57.61,3,95.69,Average
S108913,7.37,65.57,53.99,1,85.04,Average
S108914,6.8,65.19,82.71,2,51.53,At_Risk
S108915,7.56,70.18,87.67,2,57.52,Average
S108916,9.29,90.64,46.66,0,75.45,Good
S108917,6.34,60.0,78.29,2,57.56,Average
S108918,4.77,37.73,75.76,2,79.09,At_Risk
S108919,8.07,72.83,96.91,0,62.62,Good
S108920,9.19,87.31,67.0,1,37.48,Good
S108921,7.51,71.71,47.9,3,93.88,At_Risk
S108922,5.59,47.44,47.85,1,59.05,At_Risk
S108923,6.84,58.82,82.53,1,84.41,Average
S108924,5.55,52.91,56.96,1,70.62,At_Risk
S108925,7.84,68.82,77.36,0,65.4,Average
S108926,5.24,43.14,67.64,1,74.76,At_Risk
S108927,6.61,61.01,79.54,1,73.79,Average
S108928,5.69,52.14,47.87,0,83.48,Average
S108929,7.16,64.55,68.89,3,52.6,At_Risk
S108930,6.52,59.16,78.24,2,88.62,At_Risk
S108931,7.23,68.74,76.98,2,64.33,Average
S108932,7.03,63.9,80.52,2,67.98,At_Risk
S108933,5.72,54.6,46.14,1,62.51,At_Risk
S108934,7.81,72.72,66.5,2,66.43,At_Risk
S108935,6.94,66.57,67.64,1,76.58,Average
S108936,5.71,57.8,87.07,1,84.7,At_Risk
S108937,9.91,97.53,100.0,1,78.0,Good
S108938,7.62,77.54,86.69,2,81.19,Average
S108939,6.8,67.96,79.65,2,75.12,Average
S108940,8.84,84.93,73.82,1,66.38,Average
S108941,9.39,87.51,68.43,0,60.34,Good
S108942,6.81,63.15,84.43,3,71.2,At_Risk
S108943,7.45,67.28,70.61,4,81.92,At_Risk
S108944,5.72,54.32,61.85,3,95.89,At_Risk
S108945,6.81,67.47,67.2,1,69.83,Average
S108946,6.74,61.14,58.93,2,75.12,At_Risk
S108947,7.24,68.63,43.84,0,89.46,At_Risk
S108948,7.43,67.9,45.75,2,82.0,At_Risk
S108949,7.73,74.25,68.56,2,86.32,Average
S108950,7.31,67.24,41.37,1,88.22,At_Risk
S108951,5.43,48.6,52.98,1,71.58,At_Risk
S108952,5.78,52.19,74.08,0,88.54,At_Risk
S108953,6.29,61.77,58.25,3,38.12,At_Risk
S108954,6.63,62.63,52.0,2,86.93,At_Risk
S108955,8.37,77.76,53.48,3,90.33,Good
S108956,5.49,53.18,83.52,0,73.51,Average
S108957,6.54,60.43,78.76,3,66.81,Average
S108958,8.24,82.78,57.16,1,62.28,At_Risk
S108959,6.61,58.9,74.39,0,91.65,At_Risk
S108960,7.6,71.44,69.38,0,87.38,Average
S108961,6.82,59.16,78.68,1,80.9,Good
S108962,7.33,68.28,84.61,1,93.59,Good
S108963,6.7,56.96,45.56,3,91.76,At_Risk
S108964,7.87,77.72,73.47,4,54.62,Average
S108965,4.99,50.48,68.49,0,65.38,At_Risk
S108966,6.53,65.15,82.25,0,69.53,At_Risk
S108967,7.39,70.28,45.65,0,45.29,At_Risk
S108968,7.69,69.57,51.3,5,56.84,At_Risk
S108969,8.94,81.74,69.24,2,57.31,At_Risk
S108970,6.49,67.79,64.42,4,72.72,At_Risk
S108971,8.92,90.51,72.58,1,59.25,Average
S108972,6.14,58.85,46.68,1,61.31,At_Risk
S108973,8.73,80.8,83.52,2,81.16,Good
S108974,8.06,82.07,70.36,4,68.48,Average
S108975,5.81,52.44,70.35,2,82.8,At_Risk
S108976,7.4,71.21,66.09,4,78.63,Average
S108977,6.93,71.28,53.07,0,86.0,Average
S108978,7.81,70.88,57.9,1,75.96,Average
S108979,6.71,67.06,89.33,1,58.15,At_Risk
S108980,6.6,64.79,68.97,3,87.65,At_Risk
S108981,8.78,83.25,68.11,2,87.21,Average
S108982,6.87,61.31,79.1,0,70.66,Average
S108983,8.07,73.81,57.76,1,64.02,At_Risk
S108984,6.71,64.87,73.59,2,51.49,Average
S108985,9.17,81.39,69.99,2,87.13,Average
S108986,6.12,58.65,64.33,2,86.35,Average
S108987,6.2,61.08,61.68,0,53.71,At_Risk
S108988,8.98,89.27,76.62,2,61.62,Average
S108989,6.42,55.41,75.21,2,63.0,At_Risk
S108990,9.08,92.0,58.14,1,84.52,At_Risk
S108991,8.16,84.3,74.12,1,93.88,Average
S108992,6.8,66.23,53.38,1,50.16,At_Risk
S108993,4.64,39.95,59.0,1,54.94,At_Risk
S108994,6.97,64.95,72.93,3,70.59,At_Risk
S108995,7.13,67.56,71.32,3,60.2,Average
S108996,8.52,82.0,53.95,2,52.38,At_Risk
S108997,9.06,86.21,72.61,1,59.32,Good
S108998,6.11,59.17,65.6,1,77.61,Average
S108999,8.04,76.03,81.81,2,74.2,At_Risk
S109000,8.0,77.01,73.46,2,59.71,Good
S109001,8.4,77.91,53.26,1,56.27,Average
S109002,7.65,71.31,70.38,2,58.07,Average
S109003,4.47,40.21,58.02,2,92.37,At_Risk
S109004,6.8,72.25,69.0,3,57.91,At_Risk
S109005,5.5,58.1,73.05,2,44.78,At_Risk
S109006,6.74,66.22,74.37,3,95.63,Average
S109007,8.27,83.9,55.53,3,49.04,Average
S109008,7.4,73.46,60.07,1,60.15,Average
S109009,8.49,81.4,68.6,2,78.67,Average
S109010,7.44,65.0,62.28,1,83.77,Average
S109011,5.31,49.0,62.55,0,76.96,Average
S109012,3.72,35.0,54.1,3,99.08,At_Risk
S109013,7.19,63.81,72.87,1,72.31,Average
S109014,6.72,57.91,59.54,1,58.83,At_Risk
S109015,5.73,56.41,63.78,2,72.71,At_Risk
S109016,4.79,46.8,68.54,2,77.41,At_Risk
S109017,6.04,53.0,35.41,1,66.17,At_Risk
S109018,6.75,61.11,47.2,2,62.94,At_Risk
S109019,7.87,79.37,88.63,0,69.41,Average
S109020,7.25,65.32,47.75,3,55.45,Average
S109021,9.09,87.04,79.96,1,75.16,Average
S109022,5.65,52.95,79.54,3,76.78,At_Risk
S109023,8.15,79.41,67.76,1,82.56,Average
S109024,7.06,63.66,87.39,2,70.32,Average
S109025,7.9,75.44,78.69,0,82.24,Average
S109026,6.43,61.78,70.56,2,97.54,At_Risk
S109027,8.39,80.66,73.06,1,82.42,Average
S109028,7.38,70.46,80.4,3,80.58,At_Risk
S109029,6.12,59.49,73.16,1,61.7,At_Risk
S109030,6.98,75.12,79.09,2,87.68,At_Risk
S109031,6.69,73.8,88.91,1,62.86,At_Risk
S109032,7.64,69.98,84.31,1,80.41,At_Risk
S109033,5.47,42.66,63.96,0,74.94,At_Risk
S109034,6.96,68.5,56.92,1,78.27,At_Risk
S109035,7.51,72.13,68.61,1,85.92,Average
S109036,7.04,71.15,94.98,2,88.5,Average
S109037,8.75,84.27,52.69,2,56.67,At_Risk
S109038,8.01,76.29,65.22,3,95.64,Average
S109039,6.99,70.92,66.24,0,53.89,At_Risk
S109040,7.28,74.25,56.97,1,61.45,Average
S109041,7.38,64.6,69.55,1,59.39,Average
S109042,7.52,68.0,60.56,1,83.66,Average
S109043,4.63,43.53,67.32,2,89.55,At_Risk
S109044,6.61,63.17,65.82,1,53.98,Average
S109045,5.07,47.26,68.44,2,60.02,At_Risk
S109046,8.66,84.02,55.48,3,76.7,Average
S109047,6.92,69.73,61.39,0,62.59,Average
S109048,6.75,71.0,65.94,4,79.17,At_Risk
S109049,8.17,79.89,67.56,0,71.7,Average
S109050,7.55,68.31,68.1,2,83.71,At_Risk
S109051,5.53,51.97,75.69,1,59.56,Average
S109052,6.91,65.32,53.73,0,76.3,At_Risk
S109053,6.56,64.42,64.53,2,73.66,At_Risk
S109054,4.73,46.51,55.92,3,62.5,At_Risk
S109055,6.1,66.18,54.58,2,49.11,At_Risk
S109056,6.76,62.39,72.54,2,66.7,At_Risk
S109057,6.85,66.62,69.04,1,85.18,Average
S109058,5.07,57.61,60.95,0,56.7,At_Risk
S109059,8.5,78.38,60.29,0,83.1,Good
S109060,6.87,65.82,50.99,1,53.39,At_Risk
S109061,7.05,63.18,81.67,1,57.76,Average
S109062,7.52,71.78,66.21,0,100.0,Average
S109063,5.98,53.6,46.98,2,73.73,At_Risk
S109064,7.59,76.32,68.91,3,77.79,Average
S109065,6.52,62.56,58.1,0,48.0,At_Risk
S109066,5.83,51.69,60.15,1,55.48,At_Risk
S109067,7.75,76.94,80.85,2,48.2,At_Risk
S109068,8.94,85.64,64.88,6,48.77,Average
S109069,7.94,79.26,89.6,1,66.94,Average
S109070,8.2,73.31,100.0,0,97.36,Good
S109071,6.32,61.55,85.86,0,75.88,At_Risk
S109072,4.92,49.86,54.25,4,74.9,At_Risk
S109073,8.94,83.21,86.26,3,71.77,Average
S109074,9.67,86.84,60.55,3,92.6,Average
S109075,9.01,85.4,74.49,1,86.48,Good
S109076,6.56,67.3,85.98,4,77.54,At_Risk
S109077,5.5,56.74,53.43,2,57.46,At_Risk
S109078,5.61,51.63,69.57,1,94.56,At_Risk
S109079,4.81,40.57,69.53,0,74.73,Average
S109080,6.86,63.45,56.67,1,57.97,At_Risk
S109081,9.09,84.46,44.42,0,79.9,Average
S109082,6.82,66.54,77.32,2,75.7,Average
S109083,7.39,69.81,49.61,0,57.76,At_Risk
S109084,8.79,80.48,76.46,1,56.47,Good
S109085,6.47,65.93,65.51,1,66.97,Good
S109086,9.65,92.2,85.42,2,40.75,Average
S109087,9.59,92.84,53.3,1,73.6,At_Risk
S109088,6.83,57.98,67.02,1,41.64,At_Risk
S109089,6.25,49.67,95.24,0,84.25,Average
S109090,7.91,69.36,58.78,1,79.92,At_Risk
S109091,6.55,60.29,89.31,1,72.57,At_Risk
S109092,5.5,54.52,57.81,0,76.5,At_Risk
S109093,8.67,72.95,70.09,2,81.93,Good
S109094,8.58,87.89,56.91,3,60.28,At_Risk
S109095,7.2,69.1,74.76,1,88.78,Average
S109096,5.36,56.34,51.58,1,61.88,At_Risk
S109097,5.4,47.8,61.02,3,66.21,At_Risk
S109098,7.14,69.84,61.42,1,88.42,At_Risk
S109099,6.35,60.67,58.72,1,93.92,Average
S109100,6.56,65.56,87.1,2,56.7,Average
S109101,8.33,78.0,57.98,1,58.74,Average
S109102,7.95,77.45,69.59,1,74.51,Average
S109103,8.79,88.0,92.13,3,58.42,Good
S109104,5.71,51.66,71.24,3,66.01,At_Risk
S109105,6.55,63.23,35.69,2,49.49,At_Risk
S109106,7.99,68.32,94.36,0,55.43,At_Risk
S109107,7.58,74.84,82.51,2,74.8,Average
S109108,8.99,93.24,84.75,0,80.43,Good
S109109,7.55,66.72,85.48,0,64.7,Average
S109110,9.4,88.96,66.77,0,71.94,Good
S109111,7.7,76.69,48.87,2,75.55,Average
S109112,8.38,79.74,80.82,1,89.99,Average
S109113,6.58,63.0,45.86,2,58.67,At_Risk
S109114,7.02,65.11,49.41,1,53.65,At_Risk
S109115,8.18,76.04,67.9,1,49.57,At_Risk
S109116,9.1,86.07,81.49,1,77.43,Average
S109117,7.95,75.67,59.16,2,92.76,Average
S109118,6.89,60.75,60.09,2,81.4,Average
S109119,8.79,83.25,100.0,1,86.26,Excellent
S109120,4.15,45.7,80.07,2,71.47,At_Risk
S109121,5.15,47.26,73.84,4,62.92,At_Risk
S109122,7.89,69.97,87.26,1,56.39,Average
S109123,7.02,66.07,75.86,1,56.22,At_Risk
S109124,7.79,71.12,53.46,3,88.09,Average
S109125,7.08,61.94,52.33,3,85.55,At_Risk
S109126,7.74,74.11,66.04,3,59.32,Average
S109127,5.94,53.6,64.35,1,85.18,At_Risk
S109128,7.74,71.05,95.39,0,58.73,Average
S109129,8.29,79.39,66.51,2,83.37,Average
S109130,8.59,75.44,90.73,1,55.05,Average
S109131,9.62,84.4,72.93,3,97.16,Average
S109132,7.32,72.2,78.77,2,84.62,Average
S109133,7.36,62.2,29.69,2,50.07,At_Risk
S109134,5.02,44.0,98.79,5,48.13,At_Risk
S109135,6.31,52.74,58.18,3,72.38,At_Risk
S109136,6.75,62.17,82.46,1,93.51,At_Risk
S109137,8.37,81.18,47.47,0,71.17,Good
S109138,6.21,59.4,89.59,2,92.98,At_Risk
S109139,8.04,85.9,47.67,1,64.67,Average
S109140,7.0,70.83,55.19,2,72.24,At_Risk
S109141,6.77,60.59,62.03,2,72.47,Average
S109142,7.32,64.79,62.95,0,68.84,At_Risk
S109143,6.49,72.0,63.66,2,78.03,At_Risk
S109144,6.44,65.45,72.9,1,63.41,At_Risk
S109145,4.78,47.8,54.03,3,85.62,At_Risk
S109146,6.68,63.74,72.25,2,84.16,Average
S109147,6.38,62.0,90.32,0,50.89,Average
S109148,6.33,54.2,54.11,1,59.68,Average
S109149,7.54,72.28,66.61,3,73.12,Average
S109150,7.86,74.92,79.03,1,60.78,Average
S109151,7.3,65.75,45.71,2,94.94,At_Risk
S109152,8.29,76.64,51.16,2,74.85,Average
S109153,7.75,79.67,74.97,1,89.77,Good
S109154,6.62,62.36,63.56,4,71.78,At_Risk
S109155,6.4,69.07,70.85,1,61.11,At_Risk
S109156,7.41,63.4,73.39,1,65.57,Average
S109157,7.75,71.5,46.26,2,74.86,Average
S109158,8.82,77.57,90.65,3,62.11,Average
S109159,8.55,76.37,66.62,0,56.07,Average
S109160,6.3,56.5,67.09,1,58.17,At_Risk
S109161,6.87,66.5,65.52,1,57.28,At_Risk
S109162,7.87,75.85,75.2,1,61.81,At_Risk
S109163,8.39,76.97,77.82,0,56.0,Average
S109164,8.22,69.19,30.01,2,71.39,Average
S109165,6.92,71.62,78.43,3,78.13,Average
S109166,5.37,49.87,51.48,0,65.49,At_Risk
S109167,5.7,49.7,61.09,0,68.0,Average
S109168,7.35,70.97,53.98,1,85.52,Average
S109169,7.44,71.54,60.74,1,44.12,At_Risk
S109170,5.57,51.64,63.31,3,50.65,At_Risk
S109171,7.06,67.64,65.02,1,53.4,Average
S109172,7.82,69.68,46.33,3,47.07,At_Risk
S109173,5.5,55.32,68.08,4,80.2,At_Risk
S109174,8.44,76.16,73.96,2,56.5,Average
S109175,6.51,59.42,66.76,3,76.03,Average
S109176,8.63,84.63,60.44,2,59.92,Average
S109177,6.31,64.73,55.66,1,82.15,Average
S109178,5.67,60.16,32.88,5,51.22,At_Risk
S109179,6.4,65.07,74.4,0,80.08,At_Risk
S109180,6.88,64.03,71.36,1,77.46,At_Risk
S109181,6.49,55.54,62.49,0,46.28,At_Risk
S109182,6.72,69.45,46.08,3,56.03,Average
S109183,7.43,76.11,65.31,1,63.79,Average
S109184,6.78,61.7,60.45,2,64.08,Average
S109185,6.91,69.37,85.34,0,75.71,At_Risk
S109186,4.78,44.06,82.53,1,85.38,At_Risk
S109187,7.51,77.34,57.57,1,49.51,Average
S109188,6.88,63.3,77.51,4,67.77,At_Risk
S109189,9.09,94.3,53.48,1,46.58,Average
S109190,5.78,58.04,84.48,2,67.81,Average
S109191,4.65,51.36,70.36,2,68.28,At_Risk
S109192,7.8,72.28,95.0,1,76.55,At_Risk
S109193,7.45,72.4,58.85,2,39.85,At_Risk
S109194,5.69,50.17,84.19,0,82.72,At_Risk
S109195,5.01,50.98,87.01,0,98.96,At_Risk
S109196,9.0,89.08,61.92,0,80.07,Good
S109197,8.84,93.5,50.15,0,68.6,Average
S109198,3.77,37.71,77.75,1,80.33,At_Risk
S109199,6.4,63.74,55.08,3,47.64,At_Risk
S109200,9.16,85.17,63.4,1,48.41,Average
S109201,6.38,62.79,57.35,1,93.12,Average
S109202,6.36,58.92,92.72,2,46.18,At_Risk
S109203,6.63,63.47,68.61,0,88.52,Average
S109204,5.54,53.4,72.47,0,88.91,At_Risk
S109205,4.78,44.04,67.96,3,85.74,At_Risk
S109206,8.37,79.75,57.99,0,53.31,Average
S109207,4.6,42.24,75.69,2,62.9,At_Risk
S109208,7.32,68.0,79.98,1,70.15,Average
S109209,8.15,81.76,59.85,4,64.62,Average
S109210,5.11,49.28,69.12,0,78.7,Average
S109211,5.8,56.47,81.61,0,78.57,Average
S109212,8.58,75.65,52.68,1,46.09,At_Risk
S109213,7.69,74.78,65.82,3,52.75,At_Risk
S109214,6.2,61.0,78.67,2,49.38,At_Risk
S109215,8.56,79.75,54.72,0,53.84,Good
S109216,8.57,89.74,69.64,0,42.11,At_Risk
S109217,7.35,61.0,60.99,1,77.01,At_Risk
S109218,5.83,58.52,58.76,2,67.57,At_Risk
S109219,6.46,64.25,58.91,1,66.94,At_Risk
S109220,7.37,72.2,50.54,2,93.78,Average
S109221,6.75,64.88,39.06,3,87.3,At_Risk
S109222,8.22,80.3,55.51,1,65.93,At_Risk
S109223,5.01,51.08,73.31,5,73.4,At_Risk
S109224,5.06,45.14,55.21,1,59.34,At_Risk
S109225,7.24,69.93,62.1,4,75.04,At_Risk
S109226,6.36,59.7,50.06,3,82.46,At_Risk
S109227,6.18,54.38,69.77,1,69.21,At_Risk
S109228,4.7,47.5,90.55,3,72.05,At_Risk
S109229,7.03,64.48,75.31,1,71.52,Average
S109230,6.93,59.86,64.6,3,52.36,At_Risk
S109231,7.85,72.41,73.31,3,71.63,Average
S109232,7.09,64.16,83.33,1,60.44,Average
S109233,6.83,69.0,81.01,0,87.02,Average
S109234,8.53,81.65,82.62,2,60.15,At_Risk
S109235,5.29,55.82,71.13,4,57.98,At_Risk
S109236,7.7,70.46,91.17,2,73.94,At_Risk
S109237,4.83,49.36,63.38,2,51.26,At_Risk
S109238,5.91,67.5,86.79,5,65.9,Average
S109239,5.42,52.95,77.22,0,97.09,At_Risk
S109240,8.02,79.6,59.52,1,57.15,At_Risk
S109241,6.91,68.47,45.52,1,79.93,Average
S109242,6.98,60.64,70.65,0,56.94,Average
S109243,5.56,55.18,46.94,0,62.93,Average
S109244,6.61,64.02,70.81,1,62.87,Average
S109245,6.01,56.03,55.35,3,65.14,At_Risk
S109246,7.5,67.7,78.42,2,82.13,Good
S109247,5.71,57.04,50.7,1,57.26,At_Risk
S109248,8.73,79.03,92.85,1,64.52,Average
S109249,4.82,54.34,71.51,1,59.34,At_Risk
S109250,5.95,57.0,45.59,1,51.1,Average
S109251,9.18,82.32,78.03,1,95.57,Average
S109252,6.43,59.07,47.08,1,58.69,At_Risk
S109253,5.29,49.1,75.61,1,62.61,At_Risk
S109254,7.28,78.86,57.35,2,91.85,Average
S109255,6.38,57.09,97.44,1,65.84,Average
S109256,5.91,56.0,67.08,2,45.88,Average
S109257,5.58,50.81,39.92,0,54.61,At_Risk
S109258,10.0,97.0,65.61,4,67.68,Good
S109259,6.67,61.31,55.07,2,71.06,At_Risk
S109260,4.5,38.16,86.9,3,65.22,At_Risk
S109261,8.94,84.17,72.11,0,80.11,Good
S109262,7.79,72.85,62.44,0,85.36,Average
S109263,6.0,54.67,73.44,1,58.74,Average
S109264,5.79,52.82,79.22,1,61.78,At_Risk
S109265,7.88,79.56,78.27,1,100.0,Good
S109266,6.68,62.17,38.91,0,84.89,Average
S109267,4.5,38.18,85.74,0,63.09,At_Risk
S109268,9.32,87.0,44.27,0,90.13,Good
S109269,6.44,61.36,82.16,2,59.74,At_Risk
S109270,8.94,79.63,60.21,2,79.06,Average
S109271,8.66,88.8,63.56,3,43.58,Average
S109272,5.7,57.6,64.28,2,52.37,At_Risk
S109273,8.34,84.98,69.3,4,82.54,At_Risk
S109274,6.15,60.02,84.42,2,57.36,At_Risk
S109275,4.57,35.07,84.89,1,79.58,Average
S109276,6.45,67.4,70.46,2,70.03,At_Risk
S109277,7.52,67.96,78.84,1,47.67,Average
S109278,6.4,57.66,65.04,1,67.46,Average
S109279,6.6,63.33,63.43,4,60.16,At_Risk
S109280,8.49,86.1,79.24,3,74.81,Average
S109281,7.14,72.03,81.52,1,71.76,Average
S109282,5.9,59.71,60.32,1,65.32,At_Risk
S109283,7.91,73.92,89.19,1,43.3,Average
S109284,7.26,67.63,85.19,3,83.8,At_Risk
S109285,3.72,36.74,45.03,2,81.01,At_Risk
S109286,7.56,71.27,57.03,2,50.32,At_Risk
S109287,7.51,74.9,59.74,0,58.91,At_Risk
S109288,7.03,70.07,63.24,1,85.76,At_Risk
S109289,8.16,79.88,53.86,4,51.29,Average
S109290,6.13,48.09,65.95,1,82.54,At_Risk
S109291,7.44,71.17,70.72,3,65.89,At_Risk
S109292,4.96,46.7,90.45,1,48.73,Average
S109293,7.53,72.2,81.99,2,77.1,Average
S109294,9.54,87.6,98.85,2,69.27,Average
S109295,5.71,49.0,51.14,1,70.64,At_Risk
S109296,6.01,58.97,69.69,1,54.84,Average
S109297,6.08,56.31,66.15,1,79.92,At_Risk
S109298,7.17,70.4,66.36,1,72.83,At_Risk
S109299,5.62,50.69,60.52,2,70.78,At_Risk
S109300,7.55,77.37,62.22,0,58.84,Average
S109301,8.1,80.96,62.83,0,78.51,Average
S109302,7.69,74.29,77.53,2,79.48,Average
S109303,4.7,43.81,72.27,2,50.7,At_Risk
S109304,8.29,82.2,59.21,0,70.15,Average
S109305,8.22,79.65,80.21,3,48.46,At_Risk
S109306,8.08,77.71,47.8,1,73.61,At_Risk
S109307,7.48,75.28,78.57,1,50.77,Average
S109308,7.29,74.93,74.46,2,55.11,At_Risk
S109309,8.34,74.24,54.87,0,45.68,At_Risk
S109310,9.5,86.05,70.84,2,80.18,Good
S109311,5.76,51.61,54.26,2,58.85,Average
S109312,8.4,73.81,73.93,3,93.68,Good
S109313,6.89,65.18,47.27,1,86.18,At_Risk
S109314,6.83,67.3,74.09,2,89.81,Good
S109315,5.0,47.44,40.68,2,59.31,At_Risk
S109316,6.63,60.85,74.11,1,51.34,At_Risk
S109317,5.7,58.69,52.29,3,93.81,At_Risk
S109318,6.4,61.0,70.61,2,82.77,Average
S109319,5.57,54.31,80.68,1,75.48,At_Risk
S109320,6.42,65.57,52.5,0,79.57,Average
S109321,6.47,61.0,34.03,3,98.05,At_Risk
S109322,7.13,75.94,49.45,0,70.27,Average
S109323,4.9,44.77,61.3,2,79.28,At_Risk
S109324,5.12,56.64,52.12,3,88.35,At_Risk
S109325,7.47,67.1,43.67,2,70.91,At_Risk
S109326,5.96,58.72,53.51,1,58.77,At_Risk
S109327,8.4,77.2,83.07,2,81.84,Good
S109328,7.29,73.76,86.86,2,74.65,Average
S109329,7.79,72.08,49.1,0,73.89,At_Risk
S109330,8.83,85.09,74.57,0,73.89,Good
S109331,6.6,60.07,73.57,1,67.08,Average
S109332,6.25,63.0,55.3,3,58.44,At_Risk
S109333,8.13,74.64,97.72,2,80.79,Average
S109334,7.66,79.53,65.81,0,53.52,At_Risk
S109335,6.76,60.2,68.75,0,69.79,Average
S109336,8.81,78.0,44.37,1,45.2,Average
S109337,6.72,67.68,75.48,1,82.11,Average
S109338,7.04,64.54,43.93,1,59.56,Average
S109339,7.03,66.73,70.18,1,61.76,Average
S109340,5.79,53.67,60.72,0,61.01,Average
S109341,7.1,62.2,58.97,2,70.39,At_Risk
S109342,8.82,83.44,58.78,1,65.13,Good
S109343,7.58,77.06,85.98,2,54.1,At_Risk
S109344,7.04,70.9,80.16,1,82.7,Average
S109345,6.79,65.43,78.87,1,64.09,Average
S109346,7.43,75.0,67.13,1,67.95,At_Risk
S109347,7.97,71.52,55.81,2,62.35,At_Risk
S109348,7.79,72.72,60.28,2,74.66,Average
S109349,6.57,63.98,59.06,3,68.34,At_Risk
S109350,7.42,69.99,72.24,0,44.62,At_Risk
S109351,7.62,71.44,72.1,4,97.03,At_Risk
S109352,5.69,49.26,68.16,2,62.92,At_Risk
S109353,7.22,60.0,80.24,2,58.92,At_Risk
S109354,4.19,43.08,64.45,2,79.38,At_Risk
S109355,7.63,73.43,74.19,3,61.05,Average
S109356,7.86,78.26,51.61,0,51.48,Average
S109357,7.97,74.0,93.19,2,67.2,Good
S109358,6.49,58.77,80.68,2,68.97,At_Risk
S109359,7.4,70.34,57.76,2,56.98,At_Risk
S109360,8.85,87.5,79.61,2,92.35,Good
S109361,8.84,83.03,78.98,1,71.56,Good
S109362,6.96,69.0,46.13,0,87.44,Average
S109363,7.18,64.2,81.21,0,54.21,At_Risk
S109364,8.44,79.57,54.26,2,70.42,Average
S109365,5.05,47.68,75.9,2,56.19,At_Risk
S109366,6.58,67.42,91.05,1,70.93,Good
S109367,8.74,83.82,72.7,0,63.01,Average
S109368,8.27,85.53,100.0,0,78.66,Average
S109369,7.48,65.67,78.58,4,53.74,At_Risk
S109370,5.04,48.42,66.56,2,84.49,At_Risk
S109371,6.94,66.6,65.98,1,98.92,Average
S109372,6.23,61.69,73.19,1,84.05,At_Risk
S109373,7.43,67.33,67.45,1,49.82,Average
S109374,5.95,63.24,45.79,2,78.05,Good
S109375,5.67,53.88,63.1,0,74.09,At_Risk
S109376,4.32,36.65,57.56,2,84.69,At_Risk
S109377,8.59,81.53,78.59,0,54.4,Good
S109378,6.48,60.31,58.39,3,84.16,At_Risk
S109379,7.2,79.57,73.53,4,79.57,At_Risk
S109380,7.0,70.67,69.59,2,73.43,At_Risk
S109381,5.61,53.52,64.01,1,70.1,At_Risk
S109382,5.36,50.5,59.62,1,50.61,At_Risk
S109383,5.69,57.89,69.16,1,57.03,At_Risk
S109384,6.06,61.56,68.91,2,75.72,At_Risk
S109385,7.48,59.38,58.03,3,96.68,Average
S109386,5.97,59.0,64.64,2,57.9,At_Risk
S109387,9.27,88.18,64.23,0,60.1,Good
S109388,8.34,73.94,74.3,0,80.26,Good
S109389,8.05,80.0,68.33,1,81.57,Average
S109390,6.84,74.01,70.89,0,79.23,At_Risk
S109391,8.97,87.43,69.24,1,69.42,Average
S109392,6.72,68.21,63.22,1,58.43,Average
S109393,6.96,73.33,61.18,2,66.45,At_Risk
S109394,7.22,65.28,84.43,0,69.58,Average
S109395,7.91,67.7,57.67,3,40.83,Average
S109396,7.83,76.99,89.74,0,60.51,Average
S109397,6.38,59.64,90.08,3,81.11,Average
S109398,6.31,54.42,59.38,1,60.87,Average
S109399,7.83,74.09,75.48,2,82.55,Average
S109400,7.93,78.24,75.24,1,43.59,Average
S109401,6.49,61.05,77.8,1,76.15,Average
S109402,4.94,43.75,73.58,1,90.12,At_Risk
S109403,6.73,63.05,55.44,2,62.28,At_Risk
S109404,7.81,74.12,87.02,1,68.48,Average
S109405,9.35,81.1,89.86,2,66.14,Average
S109406,5.44,51.13,61.09,1,60.3,At_Risk
S109407,6.45,55.85,58.37,2,53.27,At_Risk
S109408,6.49,64.33,41.66,0,54.31,At_Risk
S109409,8.76,77.0,74.3,0,57.12,Average
S109410,6.95,70.12,64.86,2,60.1,At_Risk
S109411,5.82,53.66,52.73,0,75.93,At_Risk
S109412,7.73,71.23,70.11,1,77.61,Average
S109413,6.47,62.68,57.21,2,70.22,At_Risk
S109414,5.41,47.91,73.76,2,89.57,At_Risk
S109415,5.84,56.59,59.05,1,83.13,Average
S109416,9.25,84.99,57.5,2,51.62,Average
S109417,7.5,69.0,69.17,2,76.8,At_Risk
S109418,7.14,69.45,63.19,1,71.34,Average
S109419,6.68,58.86,49.18,1,69.57,At_Risk
S109420,7.38,65.05,83.23,2,69.23,At_Risk
S109421,7.36,71.0,63.06,1,46.23,At_Risk
S109422,7.38,70.0,79.18,2,55.41,At_Risk
S109423,7.15,68.59,71.69,2,54.99,Good
S109424,8.13,78.54,43.51,2,65.08,Average
S109425,7.03,67.0,74.78,1,48.23,At_Risk
S109426,5.73,56.85,62.99,1,64.77,At_Risk
S109427,6.2,59.33,65.02,2,54.2,Average
S109428,4.43,35.0,96.58,2,66.52,At_Risk
S109429,9.63,84.54,74.23,1,75.8,Good
S109430,8.12,84.9,66.1,1,69.57,Average
S109431,5.92,56.25,62.49,5,66.43,At_Risk
S109432,6.63,66.82,93.43,1,54.58,Average
S109433,6.17,57.25,67.89,0,69.85,At_Risk
S109434,9.01,85.32,81.3,4,58.46,Good
S109435,5.15,47.15,72.47,1,65.82,At_Risk
S109436,7.15,77.78,70.09,1,77.02,Average
S109437,6.86,66.17,81.29,1,48.1,At_Risk
S109438,8.07,74.57,71.18,2,62.33,Good
S109439,6.86,58.61,67.76,1,44.19,Average
S109440,4.71,52.68,74.75,1,51.86,At_Risk
S109441,6.67,62.75,53.14,0,66.64,At_Risk
S109442,5.74,57.47,73.99,2,89.89,At_Risk
S109443,7.1,70.91,69.57,1,56.93,Average
S109444,8.86,82.36,61.52,1,91.69,Good
S109445,4.74,47.71,72.61,0,89.72,At_Risk
S109446,5.96,54.2,59.86,0,79.52,Average
S109447,6.28,55.71,56.96,4,100.0,At_Risk
S109448,6.5,66.44,82.88,2,89.6,At_Risk
S109449,7.96,75.01,78.6,2,42.52,Average
S109450,6.77,66.43,78.65,0,56.1,At_Risk
S109451,7.54,73.28,84.55,2,51.78,Average
S109452,6.19,61.32,77.06,2,57.35,Average
S109453,7.3,63.11,47.95,1,100.0,At_Risk
S109454,8.01,73.76,80.6,0,76.99,Average
S109455,6.05,56.16,62.71,3,50.72,At_Risk
S109456,8.02,72.82,61.2,0,62.66,Average
S109457,7.07,68.86,75.74,1,85.89,Average
S109458,8.36,84.16,81.05,3,57.4,Average
S109459,6.74,69.39,74.28,2,54.51,At_Risk
S109460,7.5,69.85,65.89,3,76.27,Average
S109461,6.95,67.17,79.64,1,42.44,Good
S109462,6.87,67.0,71.11,0,55.45,At_Risk
S109463,7.34,72.18,73.26,0,75.8,Good
S109464,7.7,69.62,55.0,5,74.9,At_Risk
S109465,5.38,58.35,51.31,1,71.45,At_Risk
S109466,8.86,87.91,63.69,2,59.53,Average
S109467,4.58,47.34,55.13,4,76.04,At_Risk
S109468,6.11,62.86,85.54,1,68.05,At_Risk
S109469,6.88,67.47,48.83,2,85.28,At_Risk
S109470,7.54,67.5,58.79,0,87.47,At_Risk
S109471,9.05,85.41,45.51,1,69.84,Good
S109472,4.58,37.0,73.16,0,55.83,At_Risk
S109473,6.34,61.89,59.79,2,69.37,Average
S109474,4.24,39.56,89.71,3,82.47,At_Risk
S109475,7.04,66.73,72.97,2,64.96,Average
S109476,7.35,74.67,64.27,0,81.48,At_Risk
S109477,9.07,84.32,71.23,1,93.93,Average
S109478,7.16,66.98,73.74,1,74.79,At_Risk
S109479,8.36,79.48,78.26,0,78.48,Excellent
S109480,7.76,66.35,80.98,0,82.13,Average
S109481,6.43,60.06,62.98,0,59.44,Average
S109482,5.17,39.0,56.91,1,54.24,At_Risk
S109483,7.36,67.55,72.93,0,78.02,At_Risk
S109484,5.06,51.49,90.35,3,43.97,Average
S109485,8.68,84.28,84.53,1,61.14,Good
S109486,6.79,62.12,92.78,1,51.03,Good
S109487,8.55,81.42,89.09,1,52.1,Average
S109488,6.38,56.27,53.1,3,52.59,At_Risk
S109489,7.35,69.81,67.49,1,90.95,Average
S109490,7.27,80.81,66.49,4,86.26,At_Risk
S109491,6.94,73.33,69.49,2,88.48,Average
S109492,6.44,61.37,70.36,2,63.51,At_Risk
S109493,7.51,71.99,82.23,1,82.48,At_Risk
S109494,5.8,51.14,45.77,1,82.45,At_Risk
S109495,5.43,48.36,78.36,0,85.04,At_Risk
S109496,8.62,83.3,75.73,0,62.66,Average
S109497,7.95,73.4,75.8,2,86.49,Average
S109498,7.09,70.9,60.24,1,66.15,Average
S109499,9.16,93.34,75.89,1,74.52,Excellent
S109500,6.65,64.52,61.33,2,80.16,At_Risk
S109501,8.72,83.24,71.45,1,59.9,Good
S109502,7.23,61.95,65.93,2,71.72,At_Risk
S109503,5.67,56.83,58.37,1,91.6,At_Risk
S109504,9.4,85.0,46.56,1,83.28,Average
S109505,8.29,77.06,79.16,1,69.81,Average
S109506,6.84,68.84,61.88,0,88.0,Average
S109507,7.95,79.6,65.2,3,97.98,Average
S109508,6.48,60.0,73.85,2,87.61,Average
S109509,8.08,75.1,51.86,0,64.62,Average
S109510,3.89,35.0,76.03,4,64.45,At_Risk
S109511,5.67,49.1,71.57,1,66.28,At_Risk
S109512,8.27,76.05,50.77,3,87.52,Average
S109513,6.68,56.96,59.81,2,72.39,Average
S109514,7.27,71.8,80.3,3,72.43,Average
S109515,5.25,51.45,83.55,2,80.42,At_Risk
S109516,9.4,91.56,79.9,4,71.8,Average
S109517,8.55,77.39,58.06,2,73.98,Average
S109518,6.74,59.24,60.56,2,38.69,At_Risk
S109519,6.47,61.7,53.37,3,67.53,At_Risk
S109520,8.34,79.47,77.54,1,47.19,Average
S109521,9.58,90.39,51.73,0,96.66,Average
S109522,8.24,77.12,90.63,2,73.0,At_Risk
S109523,9.82,100.0,67.2,0,85.75,Excellent
S109524,5.8,56.81,64.13,2,68.7,At_Risk
S109525,5.93,64.0,61.76,2,90.15,Average
S109526,5.45,56.89,59.0,0,78.19,At_Risk
S109527,7.57,78.77,67.7,3,75.19,At_Risk
S109528,7.23,64.37,56.0,2,48.3,At_Risk
S109529,6.8,67.0,80.74,1,54.72,At_Risk
S109530,8.05,74.77,78.9,3,70.85,Average
S109531,8.6,75.07,70.82,6,76.77,At_Risk
S109532,5.02,53.64,79.02,1,78.44,At_Risk
S109533,6.22,57.95,56.98,1,42.49,At_Risk
S109534,8.07,72.41,53.5,1,57.44,Average
S109535,6.39,59.07,74.04,0,64.51,Average
S109536,5.96,53.46,66.23,1,95.43,Average
S109537,8.32,76.3,68.94,1,80.12,Average
S109538,5.32,49.69,54.5,3,55.74,At_Risk
S109539,6.61,69.7,68.67,2,44.13,At_Risk
S109540,7.43,67.89,53.24,0,49.52,Average
S109541,6.25,66.05,82.06,1,77.77,Good
S109542,8.02,79.57,67.38,2,82.85,Average
S109543,6.26,61.06,86.2,1,84.46,At_Risk
S109544,8.83,86.89,70.28,0,83.93,Average
S109545,6.84,65.0,58.23,2,76.35,Average
S109546,7.87,79.93,78.17,3,63.62,Average
S109547,7.97,77.98,53.26,2,53.07,At_Risk
S109548,6.18,52.09,64.15,1,75.86,Average
S109549,4.33,42.32,65.78,4,80.02,At_Risk
S109550,7.47,74.09,38.44,2,81.33,At_Risk
S109551,7.09,66.24,86.96,4,55.28,Average
S109552,7.72,73.87,75.02,4,82.35,Good
S109553,6.71,61.25,49.45,1,92.2,Average
S109554,6.44,55.67,72.17,2,94.15,Average
S109555,9.61,85.1,53.41,3,45.23,Average
S109556,5.09,42.17,72.06,2,97.69,Average
S109557,7.95,78.24,56.06,2,57.51,Average
S109558,6.25,49.44,68.9,1,76.89,At_Risk
S109559,6.56,59.69,73.23,2,88.47,At_Risk
S109560,6.59,59.52,71.32,1,73.54,Average
S109561,5.96,55.45,63.86,5,74.75,Average
S109562,7.74,66.13,59.36,1,75.37,At_Risk
S109563,8.81,85.29,64.43,0,56.36,Average
S109564,7.61,67.21,81.17,1,82.55,Average
S109565,7.13,72.31,74.2,2,73.53,Average
S109566,5.72,51.83,77.93,2,46.25,At_Risk
S109567,7.67,72.5,67.6,5,69.4,At_Risk
S109568,9.8,93.15,81.29,0,78.42,Good
S109569,6.51,62.78,87.36,0,43.91,Average
S109570,6.51,62.0,50.33,2,66.23,Average
S109571,6.27,57.86,54.25,0,52.09,At_Risk
S109572,6.36,62.0,82.04,2,100.0,Average
S109573,3.5,35.11,90.43,0,72.26,At_Risk
S109574,7.53,68.44,53.6,2,68.95,Average
S109575,5.9,57.76,50.31,3,81.3,At_Risk
S109576,4.91,51.38,58.16,2,73.83,Average
S109577,7.98,78.63,61.67,0,77.87,Average
S109578,5.59,56.87,69.97,1,66.11,At_Risk
S109579,6.56,63.01,78.06,2,58.23,At_Risk
S109580,8.91,80.87,65.61,0,63.67,Average
S109581,5.17,46.0,90.49,0,92.08,Good
S109582,5.01,49.0,67.39,1,64.01,At_Risk
S109583,7.35,73.6,59.07,0,62.81,At_Risk
S109584,8.49,91.84,55.6,2,58.5,Average
S109585,4.95,50.98,62.37,2,65.76,At_Risk
S109586,7.53,67.0,70.46,2,64.81,At_Risk
S109587,7.76,70.61,66.37,1,66.75,At_Risk
S109588,4.32,50.18,62.9,0,72.2,At_Risk
S109589,8.04,75.5,63.93,1,62.12,Average
S109590,8.14,77.52,57.74,2,49.72,Average
S109591,6.59,58.81,70.96,4,85.81,At_Risk
S109592,8.63,88.23,93.92,0,81.31,Good
S109593,8.48,83.0,63.94,3,79.09,Average
S109594,7.13,64.68,72.88,1,83.53,At_Risk
S109595,6.41,56.95,61.71,0,46.18,At_Risk
S109596,5.74,55.71,90.12,4,72.39,At_Risk
S109597,6.95,66.21,60.55,1,76.4,At_Risk
S109598,7.74,76.86,62.7,1,64.28,At_Risk
S109599,6.58,64.68,47.3,0,60.2,At_Risk
S109600,4.14,38.3,43.65,3,87.92,At_Risk
S109601,8.65,79.99,65.19,2,85.62,Good
S109602,7.25,68.21,60.76,0,48.84,At_Risk
S109603,6.51,59.61,74.54,3,53.04,At_Risk
S109604,8.11,76.57,74.82,2,77.52,Average
S109605,8.98,85.4,70.58,2,72.77,Good
S109606,3.5,35.0,74.28,3,100.0,At_Risk
S109607,7.56,74.39,76.03,2,57.97,At_Risk
S109608,5.15,47.4,73.4,2,96.86,At_Risk
S109609,7.65,69.3,60.55,1,56.85,At_Risk
S109610,7.17,67.0,57.37,3,77.9,At_Risk
S109611,7.83,75.32,64.64,2,51.06,Average
S109612,6.35,60.67,62.86,1,80.64,Average
S109613,4.56,45.05,70.34,0,47.32,At_Risk
S109614,6.41,64.53,81.01,0,82.78,Average
S109615,7.53,76.74,63.71,0,49.64,Average
S109616,8.32,80.18,70.37,1,83.28,Average
S109617,5.48,47.8,93.65,0,59.1,At_Risk
S109618,8.34,78.11,72.28,1,82.54,Average
S109619,6.16,54.48,74.56,2,70.75,At_Risk
S109620,7.47,77.76,89.55,0,62.09,Good
S109621,6.34,68.15,65.36,2,53.77,At_Risk
S109622,7.24,71.35,76.38,0,82.17,Average
S109623,8.16,80.95,56.88,0,48.5,Average
S109624,5.4,52.35,63.32,2,77.75,At_Risk
S109625,6.12,59.57,63.37,3,65.57,At_Risk
S109626,7.24,62.39,74.14,2,70.07,At_Risk
S109627,10.0,95.0,95.05,0,51.23,Good
S109628,5.88,52.31,57.79,3,39.46,At_Risk
S109629,9.65,92.82,82.48,1,79.18,Good
S109630,9.61,91.02,79.09,0,63.96,Good
S109631,6.87,73.09,71.03,4,67.06,At_Risk
S109632,6.61,66.48,71.54,5,70.28,At_Risk
S109633,6.1,59.09,77.33,1,74.86,Average
S109634,6.91,64.59,68.33,2,50.72,At_Risk
S109635,5.17,55.83,62.43,2,63.05,At_Risk
S109636,6.9,65.44,82.55,0,74.68,Average
S109637,8.95,86.3,66.23,1,48.32,Average
S109638,6.21,59.12,69.77,2,53.26,Average
S109639,6.69,61.91,54.99,2,63.1,At_Risk
S109640,4.79,45.64,67.12,1,58.99,At_Risk
S109641,7.49,63.27,49.48,6,64.38,At_Risk
S109642,7.34,63.58,69.89,3,70.62,Average
S109643,7.08,68.69,49.47,1,78.9,At_Risk
S109644,6.72,70.09,45.34,1,76.35,Average
S109645,6.62,64.28,49.12,1,76.41,At_Risk
S109646,7.65,69.82,73.93,2,76.19,At_Risk
S109647,6.96,60.37,55.4,0,47.31,Average
S109648,7.41,73.53,66.34,1,69.34,Average
S109649,7.28,66.89,59.7,3,86.05,At_Risk
S109650,8.46,83.0,73.56,3,96.44,Good
S109651,7.88,76.42,45.07,1,47.07,Average
S109652,7.25,70.8,67.31,1,63.46,Average
S109653,8.97,85.39,62.66,1,70.16,Good
S109654,7.55,73.22,77.55,2,73.5,Average
S109655,8.7,82.14,75.89,1,46.44,Good
S109656,7.79,71.45,40.15,1,60.0,At_Risk
S109657,4.61,39.9,83.27,3,50.42,At_Risk
S109658,8.7,73.07,81.44,2,71.4,Average
S109659,7.18,67.44,73.97,1,92.24,At_Risk
S109660,6.93,71.94,49.91,2,54.52,At_Risk
S109661,7.37,72.89,74.64,4,63.57,Average
S109662,6.55,63.15,77.1,2,56.33,Average
S109663,7.3,66.37,63.86,2,59.99,At_Risk
S109664,6.23,63.18,80.27,1,85.11,Average
S109665,8.66,81.76,89.92,0,63.02,Good
S109666,6.85,71.4,62.9,1,70.1,Average
S109667,6.5,57.85,56.39,3,48.81,At_Risk
S109668,5.8,52.08,65.3,2,75.46,At_Risk
S109669,7.35,66.43,74.88,1,62.96,At_Risk
S109670,7.24,62.88,67.81,1,58.73,Average
S109671,7.5,67.55,55.54,1,96.05,Average
S109672,5.66,54.23,83.13,2,61.46,Average
S109673,4.92,43.88,65.78,3,63.97,At_Risk
S109674,7.81,58.8,75.86,2,49.55,Average
S109675,8.93,89.13,76.37,1,73.82,Good
S109676,5.67,47.09,65.65,0,67.15,At_Risk
S109677,9.07,88.49,76.09,4,58.73,Average
S109678,7.37,70.13,90.51,4,55.27,At_Risk
S109679,6.99,74.88,79.88,4,79.09,At_Risk
S109680,6.48,65.58,46.95,0,45.08,At_Risk
S109681,5.2,47.38,65.71,3,61.82,At_Risk
S109682,8.28,75.89,59.01,0,53.46,Average
S109683,5.99,62.93,83.65,2,62.03,Average
S109684,5.99,50.97,67.97,1,64.24,Average
S109685,8.29,79.5,66.06,2,82.19,At_Risk
S109686,4.55,42.72,48.51,2,65.0,At_Risk
S109687,5.02,46.31,100.0,0,58.37,At_Risk
S109688,6.98,68.0,69.41,0,63.68,At_Risk
S109689,7.38,70.88,66.03,1,69.85,At_Risk
S109690,7.63,74.32,48.34,1,76.49,Average
S109691,6.61,63.33,70.27,1,63.18,Average
S109692,10.0,96.67,67.28,1,95.26,Good
S109693,6.7,64.0,69.67,2,65.86,At_Risk
S109694,6.7,61.01,49.91,1,52.78,At_Risk
S109695,5.96,56.67,46.33,0,44.47,At_Risk
S109696,7.16,65.17,90.01,1,59.96,Average
S109697,7.8,70.97,52.8,2,72.7,Average
S109698,8.56,80.02,74.82,4,81.6,Average
S109699,5.06,47.63,64.35,2,72.2,At_Risk
S109700,6.68,63.6,80.94,1,98.27,At_Risk
S109701,7.58,75.68,70.48,1,72.22,Average
S109702,7.76,72.0,69.2,0,82.97,Average
S109703,7.01,67.37,69.86,2,74.93,Average
S109704,7.71,73.67,57.98,3,89.44,Average
S109705,5.95,54.07,52.91,3,68.7,At_Risk
S109706,9.03,86.04,64.83,1,71.91,Average
S109707,8.29,82.77,48.1,2,55.68,At_Risk
S109708,5.25,50.64,40.45,1,67.52,At_Risk
S109709,5.6,54.13,69.88,1,55.34,Average
S109710,5.64,50.75,64.44,4,82.42,At_Risk
S109711,7.88,82.75,80.68,1,93.34,At_Risk
S109712,5.33,48.0,78.98,2,74.96,Average
S109713,6.57,55.74,74.71,2,80.32,At_Risk
S109714,7.59,75.56,74.52,3,87.95,Average
S109715,6.91,65.22,57.71,2,55.05,At_Risk
S109716,7.34,68.49,74.16,3,40.95,At_Risk
S109717,5.61,51.16,60.06,2,50.78,At_Risk
S109718,7.77,81.33,75.56,4,48.23,At_Risk
S109719,6.2,60.4,100.0,1,46.93,At_Risk
S109720,6.58,64.69,36.75,1,82.54,At_Risk
S109721,7.31,70.09,77.57,1,89.5,Average
S109722,7.13,69.0,68.94,0,83.35,At_Risk
S109723,7.03,72.39,59.93,3,71.44,Average
S109724,6.02,56.23,77.74,0,77.13,At_Risk
S109725,6.61,56.97,51.59,0,50.05,At_Risk
S109726,7.0,70.0,94.71,0,82.02,Good
S109727,5.21,51.5,81.79,1,89.47,Average
S109728,6.4,61.22,60.79,1,61.13,At_Risk
S109729,7.5,73.17,42.94,2,65.0,At_Risk
S109730,5.34,49.24,59.87,1,77.31,Average
S109731,8.5,80.87,86.6,0,61.97,Average
S109732,8.65,81.65,92.97,2,54.26,Average
S109733,5.38,48.76,64.92,4,43.56,At_Risk
S109734,8.76,88.02,77.25,1,44.2,Good
S109735,6.81,59.08,62.66,3,60.56,At_Risk
S109736,7.54,81.11,64.25,1,78.94,Average
S109737,6.35,63.88,56.63,4,88.11,Average
S109738,8.2,70.79,86.18,0,56.11,Average
S109739,7.53,70.6,58.8,1,71.54,At_Risk
S109740,5.94,55.77,73.14,0,48.56,Average
S109741,5.49,53.7,70.26,2,79.86,At_Risk
S109742,5.1,44.51,100.0,1,48.52,At_Risk
S109743,7.24,68.95,68.42,1,95.55,Average
S109744,7.74,73.09,61.44,0,79.49,Good
S109745,7.85,71.59,58.51,2,72.58,Average
S109746,6.85,61.54,79.88,0,54.7,At_Risk
S109747,5.5,55.89,94.3,0,54.91,At_Risk
S109748,6.11,51.29,91.52,2,60.67,At_Risk
S109749,8.5,82.64,61.63,2,60.31,At_Risk
S109750,6.37,63.7,78.56,1,74.11,Good
S109751,7.19,67.4,54.49,0,57.89,At_Risk
S109752,5.6,53.43,67.7,3,47.59,At_Risk
S109753,7.44,75.3,50.16,1,70.33,At_Risk
S109754,6.41,58.03,68.59,2,57.26,Good
S109755,8.36,77.0,54.85,1,51.84,Average
S109756,8.01,74.07,67.13,1,73.24,Average
S109757,6.36,65.0,85.24,2,63.0,At_Risk
S109758,6.84,70.1,56.96,3,70.25,At_Risk
S109759,6.28,54.11,62.75,2,54.09,At_Risk
S109760,5.15,52.99,80.44,2,82.84,At_Risk
S109761,5.89,59.19,63.08,2,55.73,At_Risk
S109762,7.26,75.16,52.36,0,67.75,Average
S109763,7.42,72.06,62.59,1,78.46,Good
S109764,7.19,68.2,68.33,0,56.82,Average
S109765,6.61,67.35,76.04,1,70.41,Average
S109766,8.21,80.82,44.66,1,86.78,Average
S109767,7.08,76.3,75.39,0,50.57,Average
S109768,7.91,79.02,70.56,2,67.56,Good
S109769,4.69,45.21,40.66,0,57.08,At_Risk
S109770,3.5,35.0,64.52,0,44.58,At_Risk
S109771,7.37,67.68,69.42,0,91.54,Average
S109772,5.15,43.16,56.69,0,57.32,At_Risk
S109773,6.72,63.02,54.32,2,74.83,At_Risk
S109774,6.61,66.47,67.31,1,70.97,Average
S109775,9.06,86.09,67.66,1,76.5,Excellent
S109776,7.52,75.53,40.3,3,57.18,Average
S109777,7.22,69.9,58.95,0,56.13,Average
S109778,8.09,75.22,57.42,0,74.45,Good
S109779,7.48,71.4,50.57,2,93.33,Average
S109780,6.41,63.0,79.14,0,83.3,At_Risk
S109781,8.39,80.29,80.25,1,72.56,At_Risk
S109782,5.56,53.4,49.07,1,67.31,Average
S109783,7.42,67.42,65.67,0,79.97,Average
S109784,4.99,45.66,73.62,1,49.1,At_Risk
S109785,7.27,78.05,80.88,0,76.76,Good
S109786,7.25,73.8,79.34,3,97.84,At_Risk
S109787,9.18,81.31,63.38,1,47.04,Average
S109788,4.97,37.7,69.13,0,76.09,At_Risk
S109789,6.22,59.38,82.22,3,88.18,At_Risk
S109790,8.07,80.2,62.63,1,65.62,Average
S109791,7.44,68.56,56.04,2,49.11,Average
S109792,7.23,72.81,82.65,0,73.84,Good
S109793,5.76,55.0,54.4,0,83.02,At_Risk
S109794,6.23,58.55,45.58,1,57.9,At_Risk
S109795,8.62,84.9,71.76,1,74.16,Average
S109796,6.93,63.74,77.32,2,60.47,Average
S109797,7.49,69.99,83.83,1,68.82,Average
S109798,6.85,67.76,76.63,1,85.14,Good
S109799,5.46,51.76,78.25,1,46.77,At_Risk
S109800,8.21,85.67,53.46,2,62.43,Average
S109801,7.65,75.49,72.94,2,65.76,At_Risk
S109802,10.0,97.49,75.47,2,80.72,Good
S109803,5.68,53.76,60.06,0,67.12,At_Risk
S109804,8.07,80.16,68.09,0,75.51,Good
S109805,5.29,49.01,83.14,1,76.38,At_Risk
S109806,7.2,69.57,79.44,3,57.17,At_Risk
S109807,8.27,74.89,83.62,2,49.78,Good
S109808,4.31,45.07,61.22,2,58.95,At_Risk
S109809,6.73,65.13,87.87,0,87.3,Average
S109810,6.27,67.47,60.94,2,71.63,At_Risk
S109811,6.09,67.4,49.03,0,45.9,At_Risk
S109812,7.5,74.31,66.42,3,82.11,At_Risk
S109813,8.46,80.61,66.73,1,81.82,Good
S109814,6.83,61.07,56.94,2,69.16,Good
S109815,7.27,72.66,73.05,1,55.27,Average
S109816,7.15,68.75,99.69,1,65.28,At_Risk
S109817,7.0,68.7,74.52,2,74.34,Average
S109818,5.58,60.0,79.2,2,75.21,At_Risk
S109819,8.44,76.89,77.59,4,77.75,Average
S109820,7.38,66.5,60.24,3,44.17,At_Risk
S109821,7.51,70.4,54.42,2,87.26,Average
S109822,5.95,59.82,66.09,3,62.39,At_Risk
S109823,6.4,63.0,68.17,0,64.03,At_Risk
S109824,6.77,60.74,84.9,4,89.72,At_Risk
S109825,5.01,50.58,58.18,3,62.01,At_Risk
S109826,4.81,40.85,68.39,2,89.35,At_Risk
S109827,6.22,55.73,67.98,1,76.72,At_Risk
S109828,7.68,72.0,64.24,1,74.04,Average
S109829,6.15,56.22,75.08,0,57.39,At_Risk
S109830,5.68,57.48,71.09,1,84.43,At_Risk
S109831,5.94,57.58,85.89,3,48.32,Average
S109832,6.41,67.94,69.98,0,92.44,Average
S109833,6.54,61.14,42.85,0,68.85,At_Risk
S109834,9.82,92.76,54.79,2,69.94,Good
S109835,8.37,84.37,61.11,2,84.32,Average
S109836,8.33,78.79,35.87,3,87.73,Average
S109837,8.52,86.91,54.15,1,78.43,Average
S109838,5.7,56.33,80.72,3,87.45,Average
S109839,5.41,41.99,48.18,0,65.18,At_Risk
S109840,5.56,57.54,74.57,1,50.76,Average
S109841,8.73,87.0,51.21,0,70.22,Average
S109842,6.29,63.5,67.72,2,86.17,At_Risk
S109843,5.37,43.4,67.94,0,67.18,Average
S109844,6.44,58.53,71.34,7,89.36,At_Risk
S109845,6.69,61.2,49.23,1,72.99,At_Risk
S109846,7.35,66.45,81.1,5,52.9,Average
S109847,7.33,76.57,62.13,0,83.09,Average
S109848,5.92,56.22,56.1,3,92.31,At_Risk
S109849,7.89,74.82,74.0,1,70.36,Average
S109850,6.17,60.81,67.7,1,48.32,Average
S109851,6.8,66.85,58.67,1,86.22,At_Risk
S109852,7.89,61.64,62.67,2,52.55,Average
S109853,6.17,55.99,30.93,0,65.84,At_Risk
S109854,6.26,53.82,65.4,2,67.14,At_Risk
S109855,7.77,75.41,62.52,4,56.4,At_Risk
S109856,5.88,54.75,62.07,0,57.05,At_Risk
S109857,6.5,61.81,58.14,3,85.24,At_Risk
S109858,7.72,65.05,75.99,3,73.03,At_Risk
S109859,9.67,90.63,73.51,2,92.14,Average
S109860,7.79,78.44,71.66,3,71.67,Average
S109861,7.61,78.0,54.37,1,83.64,Average
S109862,7.69,75.93,59.49,2,61.78,Good
S109863,5.6,47.9,31.5,1,53.12,At_Risk
S109864,7.15,72.97,73.5,1,80.21,Average
S109865,6.96,69.03,85.28,1,65.81,Good
S109866,7.42,70.0,40.97,2,49.89,Average
S109867,7.15,59.84,80.89,3,62.9,Average
S109868,7.49,75.0,83.2,1,59.72,Average
S109869,6.6,60.28,56.27,1,74.14,Average
S109870,7.08,68.61,100.0,0,70.94,Average
S109871,5.4,51.61,55.8,3,59.93,At_Risk
S109872,6.58,68.7,61.82,1,71.09,At_Risk
S109873,8.81,83.18,64.75,2,60.09,At_Risk
S109874,7.41,70.4,74.83,3,66.86,At_Risk
S109875,6.97,72.56,57.06,3,81.58,At_Risk
S109876,9.46,87.28,61.63,1,73.65,Average
S109877,5.23,52.95,50.51,2,60.3,At_Risk
S109878,5.56,52.0,69.46,3,73.0,At_Risk
S109879,9.23,83.64,85.46,4,70.12,Average
S109880,7.06,67.07,65.29,0,69.04,Average
S109881,6.68,66.27,76.89,3,53.69,At_Risk
S109882,5.44,57.1,63.34,3,67.41,At_Risk
S109883,7.58,77.93,87.61,2,53.43,At_Risk
S109884,7.71,72.05,68.93,5,90.28,Average
S109885,5.58,49.03,54.21,2,67.1,At_Risk
S109886,6.82,63.49,69.24,1,77.04,At_Risk
S109887,6.56,57.63,65.21,0,58.27,At_Risk
S109888,7.33,68.79,64.92,4,68.24,At_Risk
S109889,5.54,51.31,73.13,3,64.53,Average
S109890,8.63,85.0,47.77,1,68.2,Average
S109891,8.19,68.99,65.56,0,64.7,Average
S109892,6.53,59.08,82.0,4,100.0,Average
S109893,6.72,60.93,84.97,1,87.27,Average
S109894,6.82,69.56,58.52,1,63.14,At_Risk
S109895,5.99,52.43,46.63,0,83.44,At_Risk
S109896,6.42,61.9,87.55,2,99.56,Average
S109897,6.65,62.6,56.17,1,59.33,Average
S109898,9.1,90.59,62.49,2,89.66,Average
S109899,8.23,80.57,57.31,1,82.28,Average
S109900,8.22,78.5,66.96,1,78.63,At_Risk
S109901,7.48,68.8,60.28,3,70.45,At_Risk
S109902,5.55,45.29,78.93,1,49.85,At_Risk
S109903,6.95,66.98,77.12,4,86.92,At_Risk
S109904,8.26,80.61,51.01,4,54.62,Average
S109905,5.36,44.66,48.11,4,70.68,At_Risk
S109906,7.83,69.43,53.07,0,65.17,Average
S109907,10.0,96.0,59.46,0,55.75,Good
S109908,8.38,80.97,75.55,6,54.93,At_Risk
S109909,8.84,80.0,72.11,1,50.79,Average
S109910,7.28,66.9,88.55,1,66.17,Average
S109911,8.26,71.11,59.29,2,74.91,At_Risk
S109912,6.07,63.14,53.86,1,59.19,At_Risk
S109913,8.03,71.13,67.58,4,70.69,At_Risk
S109914,7.85,76.75,45.32,0,60.94,Good
S109915,7.38,69.94,69.15,0,64.54,Average
S109916,8.71,87.91,60.37,1,53.28,Average
S109917,6.3,57.0,93.4,3,87.64,Average
S109918,6.76,64.43,65.22,1,79.94,Average
S109919,7.12,60.89,94.26,1,98.56,Average
S109920,5.66,46.03,73.57,1,82.23,At_Risk
S109921,7.3,71.69,77.69,0,86.19,Average
S109922,4.77,38.13,73.49,0,87.62,At_Risk
S109923,8.36,78.52,47.96,0,77.56,At_Risk
S109924,7.06,71.1,85.81,0,75.11,Average
S109925,6.32,63.05,78.22,1,83.94,Good
S109926,5.92,53.54,69.0,1,49.92,At_Risk
S109927,6.7,57.25,49.86,0,82.37,Average
S109928,7.89,77.04,46.01,0,83.13,Good
S109929,7.71,78.63,64.52,1,65.95,At_Risk
S109930,6.08,55.14,79.47,4,77.33,At_Risk
S109931,5.9,52.84,69.09,2,73.74,At_Risk
S109932,7.85,72.51,72.23,1,89.76,Average
S109933,6.06,59.87,87.64,4,67.2,At_Risk
S109934,7.08,72.15,79.21,1,87.92,At_Risk
S109935,7.16,63.07,76.92,1,78.59,At_Risk
S109936,7.41,64.36,76.98,3,56.95,At_Risk
S109937,8.12,86.46,73.55,1,75.45,Good
S109938,5.36,50.2,75.76,1,95.86,Average
S109939,4.52,43.91,74.56,1,60.03,Average
S109940,6.26,56.72,75.34,0,86.23,Average
S109941,9.34,90.71,100.0,1,63.56,Excellent
S109942,9.63,95.31,66.61,1,81.89,Average
S109943,9.38,90.31,38.86,3,67.8,At_Risk
S109944,6.75,71.08,54.01,2,63.07,Average
S109945,4.68,43.18,82.6,0,48.19,At_Risk
S109946,3.95,36.51,73.15,2,74.02,At_Risk
S109947,6.2,60.0,64.26,1,53.16,Average
S109948,6.74,65.9,73.49,1,65.38,At_Risk
S109949,8.69,83.47,80.12,4,62.5,At_Risk
S109950,8.13,72.1,75.14,4,48.84,At_Risk
S109951,7.3,70.56,86.58,3,75.32,At_Risk
S109952,5.84,54.01,92.53,1,84.84,Average
S109953,5.75,52.31,80.03,2,69.01,At_Risk
S109954,7.33,69.77,67.24,1,76.07,At_Risk
S109955,7.91,71.26,85.56,3,81.3,At_Risk
S109956,7.51,66.8,58.45,0,83.22,Average
S109957,5.66,43.26,52.84,4,47.16,At_Risk
S109958,7.85,81.52,52.74,1,58.67,Average
S109959,7.55,74.0,64.74,4,67.71,At_Risk
S109960,5.61,52.81,54.04,4,61.72,At_Risk
S109961,5.98,54.14,72.33,1,82.01,Average
S109962,7.9,63.5,76.32,3,80.48,Average
S109963,6.7,60.69,91.88,1,79.68,Average
S109964,9.07,88.99,63.51,1,44.14,At_Risk
S109965,7.65,76.46,82.8,0,64.67,Average
S109966,6.37,63.06,71.46,4,75.91,At_Risk
S109967,6.99,67.01,77.17,1,53.74,At_Risk
S109968,7.08,72.0,92.23,3,79.63,Average
S109969,6.05,56.19,78.7,0,67.14,Average
S109970,5.81,59.6,58.18,2,61.37,At_Risk
S109971,7.91,73.62,53.54,1,52.08,Average
S109972,8.1,73.41,49.08,1,60.51,Good
S109973,7.78,69.93,45.11,3,62.21,At_Risk
S109974,8.97,80.96,62.36,3,66.2,At_Risk
S109975,6.3,62.45,70.75,1,66.83,At_Risk
S109976,9.18,84.21,68.36,2,92.28,Good
S109977,5.83,51.24,60.0,1,91.03,At_Risk
S109978,5.68,57.0,43.76,2,91.21,At_Risk
S109979,4.71,46.08,84.92,4,60.51,At_Risk
S109980,6.42,64.84,58.91,1,89.58,At_Risk
S109981,6.35,62.33,74.77,1,78.97,Average
S109982,7.68,69.98,54.66,4,88.65,Average
S109983,7.32,69.82,46.94,0,87.06,Average
S109984,5.45,52.0,61.94,3,85.92,At_Risk
S109985,6.49,57.97,75.3,0,63.86,Average
S109986,6.52,57.5,45.99,0,85.51,Average
S109987,4.69,41.84,63.89,2,82.37,Average
S109988,5.72,62.53,66.41,3,74.06,At_Risk
S109989,6.0,55.33,62.52,0,68.92,At_Risk
S109990,8.86,89.0,51.76,0,53.52,Average
S109991,7.25,66.99,66.06,0,74.6,Average
S109992,7.86,78.23,58.87,3,92.01,Average
S109993,5.05,51.6,49.07,1,62.55,At_Risk
S109994,8.55,85.06,83.27,3,56.3,Average
S109995,8.69,84.12,80.76,0,74.28,Good
S109996,4.4,47.33,59.71,3,86.8,At_Risk
S109997,6.08,59.3,60.28,3,64.39,At_Risk
S109998,7.64,79.48,66.72,4,81.26,Average
S109999,7.84,67.98,79.07,0,59.31,Average
