student_id,sleep_hours,screen_time,gaming_hours,stress_level,burnout_score,motivation_level,adaptability_score,gym_frequency,wellness_score,screen_to_study_ratio,extracurricular_hours,survey_date
S100000,8.67,6.15,1.87,5.57,62.7,1.0,40.78,2,53.02,2.0,0.86,2024-03-16
S100001,5.65,5.74,0.29,7.31,41.01,1.3,74.15,1,49.23,1.47,3.7,2024-03-04
S100002,6.35,8.33,0.21,7.59,30.04,6.18,99.6,0,45.59,2.1,0.96,2024-03-03
S100003,6.87,9.19,0.16,4.39,28.03,1.29,80.46,1,64.51,9.93,4.98,2024-02-26
S100004,5.2,7.54,0.88,8.62,23.08,4.7,63.01,1,46.48,2.94,0.91,2024-04-02
S100005,6.3,9.45,1.11,3.58,45.9,6.26,52.31,3,52.12,6.18,1.21,2024-03-18
S100006,6.3,8.84,1.63,5.04,0.0,4.16,53.14,2,67.79,6.22,8.16,2024-04-24
S100007,3.84,8.18,0.14,6.17,13.88,5.69,31.28,1,59.48,1.87,0.04,2024-03-01
S100008,7.72,7.82,0.63,4.88,27.69,8.14,64.06,1,64.14,3.15,9.42,2024-01-02
S100009,7.14,9.24,0.94,8.08,22.8,4.52,81.35,3,54.38,1.85,6.78,2024-04-26
S100010,5.42,5.22,5.13,1.8,24.87,5.7,51.84,1,68.79,2.01,9.24,2024-03-18
S100011,6.06,6.505,3.47,10.0,86.57,4.25,46.98,0,22.92,0.64,0.62,2024-03-10
S100012,7.01,8.7,2.14,3.68,60.37,8.6,59.32,1,48.97,5.59,0.94,2024-04-10
S100013,5.93,8.89,1.99,7.24,40.13,4.62,41.76,2,47.89,4.63,0.69,2024-04-29
S100014,5.96,10.65,0.2,8.41,55.31,3.93,73.83,1,46.74,3.76,1.24,2024-03-13
S100015,4.27,6.36,3.87,2.93,30.51,6.86,49.42,4,63.34,2.56,0.69,2024-04-13
S100016,7.08,3.7,0.14,6.04,81.43,3.94,61.47,1,33.54,1.0,4.57,2024-02-19
S100017,6.47,7.53,1.11,7.46,19.54,7.22,71.34,3,59.39,30.14,16.12,2024-04-08
S100018,6.68,10.17,0.12,3.07,4.49,5.65,53.74,4,80.63,1.78,4.4,2024-02-17
S100019,4.16,5.09,0.6,3.94,59.81,8.82,29.31,0,46.41,1.41,10.8,2024-04-13
S100020,8.61,6.21,1.88,6.48,30.95,7.66,53.97,0,63.75,1.32,2.39,2024-03-23
S100021,6.52,5.19,7.22,3.36,38.03,6.01,85.64,2,67.98,3.11,0.03,2024-02-19
S100022,5.76,2.78,2.7,5.75,25.7,7.95,53.65,0,61.18,0.52,2.27,2024-02-01
S100023,9.14,9.57,0.31,4.7,18.25,5.68,80.9,1,72.19,29.54,4.08,2024-04-02
S100024,6.24,5.49,2.66,6.0,25.25,6.43,96.89,1,60.09,1.42,0.3,2024-03-29
S100025,4.27,10.58,7.0,3.76,24.42,6.15,29.86,0,61.7,1.81,8.99,2024-02-22
S100026,5.73,6.505,1.7,1.32,30.59,7.12,42.57,0,67.15,1.77,0.24,2024-03-29
S100027,3.1,2.2,2.72,3.97,72.13,8.99,51.18,2,38.19,0.61,4.54,2024-03-16
S100028,7.77,4.21,0.05,6.04,37.07,4.86,53.7,1,63.3,0.95,0.85,2024-02-29
S100029,5.72,4.12,0.07,5.83,44.23,7.5,58.61,2,50.32,0.98,1.98,2024-04-21
S100030,5.26,4.77,0.24,6.22,45.23,8.82,67.2,2,52.74,1.37,0.93,2024-03-13
S100031,7.8,5.94,0.48,3.54,40.4,3.27,50.27,0,61.46,12.08,0.19,2024-03-30
S100032,3.99,5.59,0.41,1.42,56.34,6.91,65.26,1,58.37,22.38,4.09,2024-02-02
S100033,7.05,10.61,1.38,5.98,65.5,5.95,65.31,1,41.03,3.65,0.25,2024-02-22
S100034,3.41,0.92,1.32,5.49,60.49,7.43,79.2,0,40.03,0.27,1.54,2024-04-03
S100035,5.37,3.97,0.22,6.09,51.17,3.92,46.2,2,49.9,0.86,2.11,2024-02-10
S100036,4.61,6.77,0.98,3.0,30.3,9.12,62.07,0,69.56,2.13,0.97,2024-02-27
S100037,8.35,8.37,0.13,5.77,65.39,4.97,57.81,1,51.47,3.18,4.22,2024-04-22
S100038,8.77,6.77,2.31,3.81,9.3,9.34,49.99,4,80.52,1.39,3.43,2024-02-04
S100039,5.84,6.42,0.2,10.0,75.26,6.33,80.4,3,20.04,1.64,3.97,2024-03-01
S100040,7.48,7.84,0.77,2.41,32.65,10.0,75.15,1,72.92,3.1,3.37,2024-04-15
S100041,6.05,6.02,3.8,7.89,59.35,4.28,59.32,2,36.99,1.79,9.29,2024-03-19
S100042,7.1,5.78,3.63,3.33,38.57,6.33,54.8,3,68.06,2.21,8.2,2024-03-31
S100043,5.25,7.42,0.64,5.61,34.89,7.09,56.62,1,49.01,3.13,2.05,2024-04-02
S100044,3.91,2.88,1.7,5.81,51.45,1.81,75.66,1,42.84,0.68,1.59,2024-04-06
S100045,3.78,6.53,5.43,7.26,23.23,4.38,72.02,0,49.63,2.88,10.1,2024-03-23
S100046,6.84,4.53,1.59,7.63,15.99,5.16,59.31,3,68.95,1.46,2.1,2024-02-27
S100047,9.45,7.13,2.72,6.17,44.03,8.43,100.0,1,63.04,1.75,1.13,2024-03-26
S100048,6.68,5.99,2.46,3.73,73.68,6.52,37.24,2,49.57,2.35,3.61,2024-02-28
S100049,5.57,9.59,0.71,5.97,44.17,5.4,91.97,3,52.83,2.15,3.52,2024-04-23
S100050,8.98,7.85,0.06,5.62,60.52,8.88,68.23,3,57.51,1.23,0.16,2024-02-08
S100051,6.63,7.23,0.14,4.47,6.07,6.19,47.71,1,71.84,8.9,3.7,2024-05-02
S100052,6.44,4.52,0.55,5.54,81.45,6.43,42.57,1,41.37,1.26,10.93,2024-03-19
S100053,6.65,7.86,0.26,8.59,45.55,7.6,81.35,4,42.0,4.18,1.39,2024-03-24
S100054,6.11,1.15,3.34,5.98,27.03,5.92,41.58,2,58.91,0.4,0.7,2024-04-13
S100055,5.87,8.68,0.68,4.17,11.26,2.98,45.31,2,75.23,34.71,1.88,2024-03-28
S100056,4.29,8.59,0.52,8.5,84.52,8.06,84.94,1,24.05,2.53,0.13,2024-04-11
S100057,7.0,6.96,0.38,9.8,44.23,2.94,68.5,0,39.81,2.2,1.13,2024-02-02
S100058,6.17,8.15,1.46,9.13,51.69,5.63,60.77,2,30.29,3.73,0.2,2024-12-02
S100059,7.97,3.01,1.17,5.86,48.35,6.11,49.35,2,52.96,0.57,4.76,2024-02-23
S100060,5.78,5.26,0.2,5.74,49.9,7.04,46.29,3,50.8,2.43,1.09,2024-03-22
S100061,3.63,4.27,0.62,6.7,18.96,4.08,64.24,0,52.66,2.7,4.13,2024-04-08
S100062,6.16,7.93,1.7,5.41,37.27,6.36,53.56,0,61.64,9.68,7.11,2024-02-18
S100063,8.68,7.93,0.51,1.81,21.62,7.94,76.63,0,81.37,1.64,3.33,2024-04-12
S100064,5.76,10.4,2.29,8.24,24.55,5.48,62.45,3,63.49,3.36,6.73,2024-03-18
S100065,5.05,3.91,0.85,3.42,15.72,4.54,59.96,4,66.95,1.63,10.03,2024-02-22
S100066,4.63,4.29,0.19,3.37,0.16,5.04,57.93,1,81.23,1.51,0.82,2024-02-09
S100067,4.83,7.54,4.68,5.08,28.89,4.63,57.0,0,55.07,6.67,1.16,2024-03-27
S100068,5.88,4.96,0.52,8.37,24.6,7.29,57.72,3,54.17,1.84,0.13,2024-03-25
S100069,4.65,4.84,0.27,5.43,100.0,8.28,42.11,4,30.17,1.31,1.6,2024-02-28
S100070,8.4,8.03,0.04,8.13,25.75,5.13,53.04,2,66.31,2.02,0.07,2024-03-06
S100071,5.9,6.5,1.97,7.09,50.75,4.3,57.6,3,48.23,1.42,2.58,2024-04-07
S100072,6.45,5.07,4.99,7.78,36.55,1.39,55.46,2,48.84,1.87,6.37,2024-03-25
S100073,8.31,9.21,4.83,4.02,45.66,6.01,80.82,1,63.57,2.23,2.09,2024-03-03
S100074,8.4,6.21,3.59,2.69,71.55,6.38,33.17,2,58.13,2.66,4.78,2024-02-23
S100075,6.0,3.0,2.98,3.6,14.2,2.01,75.79,1,69.74,0.88,1.06,2024-02-14
S100076,6.76,5.97,0.06,9.85,76.37,1.0,65.7,1,31.03,2.55,1.36,2024-04-10
S100077,7.33,6.48,1.08,3.28,95.65,4.94,14.43,1,46.2,1.83,5.47,2024-03-21
S100078,6.03,4.77,5.88,9.2,28.5,1.99,90.72,2,44.73,1.33,2.46,2024-03-25
S100079,3.81,9.03,0.19,5.65,41.05,5.85,58.25,3,48.06,3.91,0.31,2024-04-17
S100080,7.22,7.19,3.28,3.38,82.1,5.74,34.95,0,53.3,2.13,0.24,2024-04-21
S100081,7.55,8.22,0.56,4.36,19.35,5.96,71.59,0,71.99,4.62,3.34,2024-02-19
S100082,6.88,8.68,0.38,8.08,40.62,8.33,80.74,4,45.34,23.4,0.73,2024-07-04
S100083,5.01,5.87,0.71,5.14,25.76,6.78,80.82,3,59.89,1.47,1.1,2024-04-06
S100084,6.03,5.98,2.3,4.4,67.85,4.61,70.1,0,47.84,5.24,8.89,2024-02-03
S100085,5.47,6.79,0.38,8.06,42.41,8.07,35.03,2,48.13,2.75,4.96,2024-01-02
S100086,5.88,6.505,3.98,4.75,8.87,6.45,88.66,3,67.37,2.84,0.23,2024-02-22
S100087,8.12,10.12,1.11,4.78,57.86,8.03,80.9,0,61.68,7.15,2.58,2024-03-26
S100088,8.44,4.43,2.13,8.12,33.48,5.53,49.05,1,52.86,2.68,5.31,2024-03-27
S100089,7.24,3.29,0.12,7.55,63.81,9.58,42.6,3,41.56,0.98,3.15,2024-02-05
S100090,7.07,7.96,4.55,6.25,44.79,2.38,53.12,1,55.58,3.76,1.56,2024-03-07
S100091,7.25,6.12,0.51,4.69,52.9,4.41,67.13,2,46.66,1.51,0.32,2024-03-19
S100092,6.28,3.12,0.63,4.72,48.15,4.06,48.41,4,53.55,0.87,6.78,2024-04-24
S100093,6.19,8.4,0.98,10.0,81.81,3.91,69.54,0,19.93,5.68,1.71,2024-02-02
S100094,5.36,8.51,0.18,3.24,10.89,6.74,47.9,3,70.53,2.59,1.53,2024-04-26
S100095,6.22,4.53,3.54,1.54,24.54,10.0,34.82,1,70.49,0.84,2.74,2024-02-08
S100096,9.46,3.73,0.27,5.92,41.56,4.38,34.52,2,67.02,1.54,1.05,2024-03-02
S100097,7.52,8.62,0.07,4.79,49.49,5.39,66.36,3,67.89,2.06,0.78,2024-04-05
S100098,5.82,8.39,1.65,7.88,22.28,8.64,94.52,2,51.26,7.37,0.81,2024-02-24
S100099,5.64,8.58,1.44,4.73,50.67,3.93,69.86,2,51.11,2.52,9.52,2024-03-11
S100100,5.09,5.88,3.97,7.1,31.01,10.0,63.6,1,59.34,0.87,3.35,2024-02-02
S100101,6.82,8.78,1.43,5.63,27.91,5.68,52.92,2,69.88,4.7,16.25,2024-04-02
S100102,6.85,10.77,2.31,4.73,36.8,2.23,58.17,2,66.75,2.89,2.34,2024-03-03
S100103,4.28,8.51,7.21,6.44,56.95,9.81,68.3,2,49.14,2.33,0.36,2024-02-04
S100104,6.98,8.38,0.96,4.28,61.3,7.22,52.12,4,46.4,1.27,10.99,2024-03-24
S100105,5.5,9.54,0.05,10.0,73.16,2.51,86.02,3,32.12,3.5,1.98,2024-04-17
S100106,8.3,7.95,0.66,7.99,65.52,6.55,54.83,0,37.81,2.48,0.41,2024-04-07
S100107,6.52,6.78,1.8,6.52,40.07,5.99,50.59,2,56.03,2.13,3.42,2024-03-17
S100108,8.7,7.64,1.58,7.43,30.86,2.67,91.07,4,63.37,1.69,2.47,2024-02-08
S100109,5.66,9.14,1.77,4.83,41.82,4.65,33.38,1,50.04,2.0,0.75,2024-04-14
S100110,5.9,7.53,1.11,6.22,51.91,9.23,45.5,1,47.04,1.27,6.49,2024-02-24
S100111,6.72,8.45,0.47,6.82,38.04,4.08,95.44,1,51.73,2.33,0.18,2024-02-17
S100112,7.78,5.8,2.55,8.3,0.0,3.89,48.43,3,64.83,5.45,3.54,2024-04-27
S100113,7.09,6.54,4.79,6.99,74.5,4.54,52.07,4,39.52,1.73,1.14,2024-03-17
S100114,4.57,3.14,0.85,7.03,50.48,6.62,64.77,3,50.93,0.65,5.44,2024-02-08
S100115,6.56,8.94,2.93,9.7,20.77,5.54,36.11,3,55.09,1.58,3.45,2024-02-14
S100116,6.33,7.62,0.4,6.72,55.83,3.81,54.74,1,47.34,2.55,0.6,2024-04-13
S100117,5.7,4.23,1.37,3.74,54.64,1.68,90.57,0,55.55,16.94,0.61,2024-04-28
S100118,5.39,7.87,1.88,6.55,9.4,5.81,79.1,1,69.33,1.33,10.32,2024-04-10
S100119,8.75,4.8,2.94,6.15,52.09,8.67,48.98,2,56.45,1.62,8.01,2024-04-22
S100120,5.75,8.0,0.59,7.91,53.16,8.28,46.85,1,43.0,2.56,3.73,2024-04-27
S100121,5.12,11.46,1.83,1.91,60.69,8.98,64.36,2,63.85,4.71,12.82,2024-03-27
S100122,7.19,7.08,4.65,8.88,35.19,5.3,74.54,0,51.79,2.14,1.21,2024-02-10
S100123,6.48,4.95,1.42,3.26,44.16,5.81,59.96,2,60.87,4.43,0.77,2024-04-11
S100124,6.19,5.61,1.72,8.73,54.77,6.0,62.57,1,37.27,22.45,17.17,2024-04-29
S100125,7.39,7.33,0.07,7.32,50.8,6.88,20.35,1,49.69,2.35,5.55,2024-04-28
S100126,6.98,5.67,0.03,4.05,22.66,7.34,40.52,1,66.65,0.99,0.3,2024-04-18
S100127,6.81,8.31,1.56,4.65,22.02,5.4,76.7,1,69.59,2.12,2.52,2024-03-01
S100128,7.65,2.07,1.05,4.98,25.69,7.06,84.01,0,68.1,0.82,3.23,2024-04-14
S100129,6.7,10.08,2.64,6.24,32.43,1.0,100.0,0,54.4,24.05,1.74,2024-03-23
S100130,5.44,6.31,1.1,3.54,45.77,3.98,74.73,1,59.9,2.34,7.65,2024-08-04
S100131,5.79,6.57,0.22,4.98,40.76,6.68,43.45,4,51.63,1.21,10.61,2024-03-05
S100132,5.57,9.82,4.19,7.58,81.21,2.81,59.35,6,30.42,2.13,1.96,2024-03-19
S100133,6.59,9.03,2.42,6.0,42.35,3.29,56.5,4,59.34,9.36,0.13,2024-02-04
S100134,4.79,2.26,0.16,5.57,75.27,7.48,53.11,3,35.35,0.88,6.7,2024-02-12
S100135,3.73,3.23,3.44,7.48,65.02,5.71,71.06,1,37.57,2.93,0.07,2024-03-31
S100136,6.42,8.78,0.24,3.74,24.33,6.52,63.42,5,76.4,4.58,7.02,2024-03-31
S100137,4.43,6.505,0.41,3.44,79.74,5.34,60.67,1,37.52,4.22,2.83,2024-11-04
S100138,3.57,4.37,0.07,5.21,68.68,4.9,46.9,3,36.07,1.09,2.51,2024-02-29
S100139,6.82,6.505,0.28,6.38,74.63,7.12,76.48,3,43.27,1.77,1.82,2024-12-02
S100140,5.3,6.25,0.93,4.29,48.13,4.24,53.29,4,53.4,1.91,6.09,2024-02-10
S100141,6.99,7.55,3.4,5.88,20.64,5.94,38.2,1,69.5,2.62,6.08,2024-03-14
S100142,5.56,4.53,0.47,6.48,36.03,3.96,69.48,6,55.58,2.22,10.27,2024-03-11
S100143,4.73,5.43,0.61,6.98,40.72,6.62,73.72,4,42.08,1.6,7.38,2024-04-03
S100144,4.56,6.08,0.34,7.46,45.76,4.99,75.08,0,44.01,3.87,4.52,2024-03-20
S100145,5.58,7.21,0.01,4.96,43.19,7.36,75.6,2,47.86,2.05,0.8,2024-04-24
S100146,5.92,9.03,4.01,8.78,58.06,3.42,53.53,1,29.94,1.89,0.01,2024-02-05
S100147,5.15,2.58,2.65,6.48,29.09,4.6,37.33,1,58.79,1.1,2.38,2024-03-30
S100148,5.91,4.54,3.24,5.22,100.0,7.35,46.88,1,32.49,2.45,3.51,2024-04-06
S100149,4.15,4.67,0.91,8.46,40.51,6.57,64.42,0,39.01,1.05,1.52,2024-04-13
S100150,6.32,6.78,3.09,4.99,61.16,6.49,56.63,2,53.3,2.32,5.5,2024-03-09
S100151,3.79,4.7,2.16,3.39,59.81,3.54,77.28,2,47.12,2.1,2.06,2024-03-16
S100152,6.03,6.66,1.55,6.59,49.64,2.29,88.09,2,52.18,2.03,4.95,2024-02-26
S100153,7.28,9.2,0.42,2.34,32.46,2.72,49.32,3,66.64,2.46,5.42,2024-02-25
S100154,7.83,6.82,2.51,4.54,85.51,3.45,74.51,2,39.53,2.21,1.08,2024-03-31
S100155,8.7,9.48,0.58,5.97,38.73,4.61,58.31,5,62.73,2.99,4.55,2024-02-04
S100156,4.12,6.44,0.93,6.86,55.79,3.6,65.75,1,44.92,1.46,11.16,2024-04-21
S100157,7.36,2.07,2.99,7.57,31.19,6.75,32.7,1,61.3,0.8,1.73,2024-02-27
S100158,7.99,6.39,1.47,6.68,56.4,5.51,66.84,4,49.84,15.49,1.95,2024-04-26
S100159,7.67,7.21,0.5,6.56,61.35,10.0,45.19,2,46.84,1.78,0.27,2024-03-24
S100160,5.0,4.9,0.16,4.33,31.43,1.0,52.43,3,57.33,0.75,10.12,2024-04-09
S100161,6.88,6.13,2.35,6.73,66.19,7.22,79.65,1,41.66,9.91,6.85,2024-04-25
S100162,8.9,6.505,0.34,4.95,45.4,8.71,64.16,2,68.56,3.9,2.71,2024-03-21
S100163,4.2,7.63,0.05,5.22,14.42,4.89,33.98,2,56.32,2.46,1.6,2024-04-14
S100164,6.97,3.83,0.42,4.64,29.24,5.72,72.25,3,68.6,1.9,1.83,2024-03-01
S100165,7.86,3.38,0.4,8.86,20.29,4.79,37.1,2,57.95,3.86,0.44,2024-03-09
S100166,5.32,8.08,0.26,8.67,18.69,6.19,86.27,1,53.13,2.44,0.22,2024-02-04
S100167,7.12,7.92,2.96,1.28,55.52,4.18,56.15,1,64.79,1.54,8.96,2024-02-26
S100168,4.8,3.56,0.69,4.99,56.2,9.73,42.69,1,48.95,1.34,7.65,2024-04-16
S100169,5.16,5.99,1.22,3.52,35.76,4.04,48.74,0,65.48,0.97,13.22,2024-04-01
S100170,5.16,6.67,2.44,5.61,19.86,9.69,76.28,3,61.17,1.82,4.26,2024-04-25
S100171,6.57,8.9,0.98,8.55,44.35,1.68,51.7,2,51.67,8.71,3.88,2024-02-28
S100172,6.17,8.49,0.37,5.91,61.67,7.3,56.86,3,45.4,2.16,2.36,2024-03-16
S100173,7.64,12.24,1.49,7.97,48.41,8.24,45.65,0,49.97,4.61,2.02,2024-04-21
S100174,4.98,4.83,0.3,4.06,19.66,5.58,45.16,1,65.15,1.59,1.27,2024-03-06
S100175,6.12,2.11,2.17,9.23,60.08,6.59,48.85,1,34.76,1.34,6.76,2024-11-02
S100176,7.65,6.25,0.4,10.0,66.5,3.47,61.1,2,37.05,1.2,0.07,2024-02-05
S100177,7.09,8.98,0.39,6.05,48.8,9.62,76.36,2,55.03,2.01,2.37,2024-03-22
S100178,4.45,3.74,0.2,1.0,1.14,5.37,30.76,0,76.91,1.71,1.19,2024-03-17
S100179,7.23,3.9,5.15,2.6,45.89,7.17,63.42,1,76.83,1.06,3.59,2024-08-02
S100180,5.63,7.07,3.06,3.26,45.76,5.75,46.22,1,67.01,2.32,1.87,2024-05-04
S100181,6.84,6.57,3.21,7.71,29.02,7.76,78.84,0,57.22,10.94,5.68,2024-04-23
S100182,6.72,9.68,0.83,5.54,15.29,8.17,75.42,2,61.16,1.78,0.98,2024-04-13
S100183,8.01,5.32,0.27,3.48,59.45,6.95,69.45,3,58.73,2.05,1.44,2024-04-03
S100184,6.46,12.96,5.81,7.19,58.8,6.64,62.75,2,49.37,3.96,1.7,2024-03-07
S100185,3.7,8.69,0.41,4.75,33.41,5.33,55.19,1,45.63,2.48,3.88,2024-03-18
S100186,4.38,8.72,0.12,2.33,62.71,1.0,62.16,2,43.23,4.14,3.6,2024-03-17
S100187,7.32,3.29,1.81,1.45,21.53,5.71,38.37,2,79.36,0.99,9.46,2024-02-09
S100188,5.94,7.68,1.05,7.46,26.95,5.41,73.66,0,52.02,2.43,0.12,2024-03-18
S100189,7.89,11.03,0.13,7.39,7.37,3.66,28.57,2,68.19,4.13,2.04,2024-04-11
S100190,6.68,5.88,0.75,3.73,36.39,10.0,75.12,0,63.78,2.12,0.0,2024-01-04
S100191,5.25,10.94,0.25,3.35,37.47,3.3,46.92,5,62.59,2.5,3.71,2024-02-04
S100192,7.82,8.5,2.74,4.9,68.08,8.78,31.75,3,53.17,1.96,1.51,2024-06-03
S100193,5.17,9.55,0.5,10.0,47.76,5.49,30.0,1,38.98,3.88,0.16,2024-03-28
S100194,3.43,6.505,1.34,6.53,51.3,6.79,87.3,1,42.81,3.05,3.89,2024-03-05
S100195,9.19,9.07,1.03,4.65,12.57,2.69,56.24,0,79.7,3.02,7.81,2024-05-02
S100196,3.62,2.2,3.11,4.42,35.31,6.4,69.54,0,51.17,0.61,7.64,2024-02-05
S100197,7.19,6.18,0.97,7.07,45.89,5.33,66.47,3,51.05,24.7,6.58,2024-03-17
S100198,7.61,5.4,0.16,7.92,64.25,7.87,68.09,2,38.77,1.24,2.31,2024-03-10
S100199,6.51,6.75,0.34,3.32,38.06,2.6,68.84,0,60.19,1.17,0.07,2024-02-01
S100200,3.94,5.48,1.2,4.76,54.59,6.29,18.0,0,48.88,5.72,3.76,2024-02-11
S100201,7.72,3.46,0.59,5.86,62.52,1.9,72.55,2,53.48,2.46,10.11,2024-03-31
S100202,4.28,7.52,0.68,5.69,32.37,6.88,75.24,3,47.53,2.73,1.51,2024-10-03
S100203,4.42,7.29,0.17,6.05,36.79,4.13,76.54,1,49.98,3.55,0.06,2024-03-17
S100204,5.79,6.47,4.0,5.39,12.39,7.48,33.54,1,67.53,1.82,2.01,2024-03-28
S100205,7.4,8.83,1.16,9.55,30.33,3.41,65.31,3,54.82,2.57,20.0,2024-02-26
S100206,6.72,5.6,1.05,4.69,39.99,8.42,100.0,1,59.94,4.42,3.63,2024-03-15
S100207,7.44,8.81,0.53,7.95,44.08,3.98,51.92,4,55.83,1.87,5.3,2024-02-04
S100208,5.68,8.41,0.14,4.81,79.37,5.63,64.04,2,46.64,2.15,3.87,2024-02-13
S100209,6.06,4.31,1.13,10.0,50.63,7.04,47.53,2,35.73,1.28,1.97,2024-04-02
S100210,4.71,8.54,0.54,5.04,57.82,2.89,40.92,3,50.45,3.12,1.56,2024-02-02
S100211,5.86,6.505,0.1,5.55,58.21,6.7,71.17,3,46.29,1.13,4.32,2024-04-13
S100212,7.13,7.38,0.23,8.18,45.47,6.49,35.09,0,54.33,1.49,3.38,2024-09-02
S100213,5.88,5.51,1.56,4.08,2.98,3.06,39.97,3,78.97,1.49,6.18,2024-04-15
S100214,6.97,9.77,2.34,7.75,56.22,5.81,70.77,1,46.6,4.39,3.65,2024-04-07
S100215,5.5,7.69,0.43,5.49,53.55,4.42,33.86,2,47.54,1.15,1.2,2024-02-24
S100216,5.47,0.0,0.28,5.62,45.91,4.41,58.92,1,46.72,0.0,0.31,2024-04-26
S100217,6.35,4.14,0.88,3.85,36.77,5.83,91.1,1,65.8,1.39,1.68,2024-03-23
S100218,6.03,3.36,4.11,6.85,31.59,5.25,72.12,2,54.32,0.5,3.3,2024-03-17
S100219,7.13,5.81,3.26,4.53,55.8,1.0,72.68,2,61.18,1.51,0.49,2024-02-21
S100220,6.55,8.2,1.29,6.06,46.76,10.0,86.59,3,56.28,1.58,5.25,2024-09-02
S100221,8.74,6.67,2.48,5.41,24.96,1.09,49.18,1,65.76,26.69,5.25,2024-04-26
S100222,5.99,2.19,0.07,6.29,12.68,5.74,52.66,2,65.73,0.53,0.82,2024-03-26
S100223,5.98,1.23,1.11,5.42,56.51,5.58,61.08,0,43.79,0.86,8.75,2024-02-28
S100224,4.84,6.49,0.59,8.24,27.94,5.51,65.42,3,52.2,4.65,6.47,2024-02-17
S100225,6.33,5.77,1.81,3.25,30.01,4.35,34.44,0,64.68,1.85,4.31,2024-01-04
S100226,7.26,8.53,3.11,5.79,54.61,4.83,75.12,3,48.44,1.72,0.85,2024-02-16
S100227,5.26,7.88,0.62,8.17,17.78,1.54,69.71,1,55.96,2.46,1.86,2024-03-03
S100228,6.23,7.11,0.09,7.38,14.18,5.57,63.86,3,53.04,2.81,1.7,2024-03-26
S100229,7.31,9.96,0.6,8.02,45.88,5.89,65.72,5,51.24,9.65,2.48,2024-04-17
S100230,6.12,7.36,1.94,3.73,25.53,8.54,31.47,0,64.7,2.17,5.19,2024-04-17
S100231,5.57,8.27,3.03,8.86,68.42,5.07,77.21,1,33.19,2.61,1.19,2024-02-20
S100232,7.66,5.35,0.04,4.72,29.06,3.85,48.35,2,71.38,1.25,8.86,2024-04-05
S100233,6.44,7.49,2.09,5.88,22.62,4.24,65.28,0,59.21,2.5,1.69,2024-04-14
S100234,6.86,10.72,0.15,4.32,60.66,3.07,50.83,2,47.27,2.37,15.38,2024-03-17
S100235,7.94,3.72,0.91,7.51,51.56,3.25,28.22,2,54.17,1.45,0.49,2024-03-23
S100236,7.9,3.39,0.06,7.62,53.6,7.52,93.79,3,44.71,0.85,3.95,2024-03-10
S100237,5.81,5.33,1.17,2.29,65.32,5.7,55.66,1,54.38,1.19,6.72,2024-04-14
S100238,5.56,9.26,0.51,1.0,53.92,8.44,100.0,0,56.44,4.3,3.56,2024-03-11
S100239,6.7,6.63,3.09,7.42,50.29,7.14,68.28,0,47.58,2.18,3.75,2024-04-04
S100240,6.11,4.66,1.34,4.73,28.03,5.32,31.3,2,59.63,1.11,4.14,2024-02-03
S100241,3.64,7.97,1.21,7.45,55.46,9.61,86.22,1,36.3,3.75,5.69,2024-04-05
S100242,8.09,6.35,1.07,6.3,35.54,6.2,67.38,3,56.06,1.03,2.74,2024-04-15
S100243,6.33,6.47,1.76,5.85,91.49,2.18,55.32,2,39.81,2.06,6.66,2024-10-04
S100244,7.33,3.2,0.2,5.37,80.96,3.24,99.03,1,47.26,1.8,3.5,2024-03-30
S100245,4.66,1.87,0.66,3.02,75.98,7.21,74.46,2,49.55,1.17,5.23,2024-02-21
S100246,8.1,7.6,0.7,4.48,35.17,6.48,52.76,1,70.2,1.62,1.79,2024-02-02
S100247,5.48,5.12,0.08,6.95,41.08,5.63,59.03,1,44.13,1.1,0.21,2024-02-22
S100248,6.15,8.25,0.94,7.03,14.92,3.97,49.86,2,69.63,4.55,2.43,2024-03-18
S100249,4.34,11.51,0.75,8.55,54.37,5.24,66.73,2,30.24,3.8,0.39,2024-02-15
S100250,6.07,8.58,0.54,5.29,43.06,7.32,61.88,4,54.12,5.02,3.06,2024-02-14
S100251,5.98,3.51,0.54,5.29,42.45,6.07,35.29,1,57.04,4.04,0.2,2024-02-02
S100252,6.04,7.17,1.63,6.46,33.21,7.05,66.34,3,53.76,2.19,1.68,2024-03-07
S100253,6.91,5.04,0.94,1.0,0.0,6.67,65.4,2,92.27,1.13,5.54,2024-02-14
S100254,6.38,7.28,1.4,8.28,47.63,6.45,65.9,3,48.13,1.3,18.33,2024-03-19
S100255,7.67,8.74,0.95,5.14,47.49,5.23,74.78,2,58.76,5.62,1.21,2024-04-13
S100256,5.64,5.73,0.35,5.64,57.95,8.74,57.27,1,45.83,1.78,0.57,2024-04-12
S100257,4.91,7.93,0.43,6.12,30.09,2.89,47.81,0,56.17,2.29,4.43,2024-06-04
S100258,6.27,6.87,0.05,3.52,60.94,4.32,63.02,1,45.78,1.56,1.14,2024-02-02
S100259,7.18,7.74,0.04,6.85,88.26,5.37,66.1,2,33.0,4.47,0.11,2024-04-27
S100260,8.04,6.505,2.03,3.76,75.65,5.79,61.87,1,48.31,1.99,13.21,2024-04-13
S100261,7.44,6.39,3.5,1.0,32.73,3.83,57.57,2,72.65,3.58,8.98,2024-03-18
S100262,3.83,9.34,1.06,7.26,16.6,7.86,51.51,4,49.1,2.63,0.9,2024-02-25
S100263,6.83,9.74,2.24,10.0,45.62,4.24,39.45,1,41.37,3.03,2.95,2024-04-23
S100264,8.34,4.35,0.42,7.22,60.1,4.03,80.49,1,43.35,1.59,6.97,2024-03-13
S100265,6.39,6.14,3.23,7.11,30.28,5.53,70.45,1,64.4,1.32,9.43,2024-02-28
S100266,5.58,6.45,1.24,5.73,66.5,6.25,39.89,2,40.82,8.77,3.68,2024-04-22
S100267,6.73,1.73,0.24,10.0,96.01,5.39,56.41,1,17.61,0.42,1.52,2024-02-14
S100268,5.6,4.27,1.29,9.19,58.72,4.39,89.65,3,36.3,1.34,5.1,2024-04-08
S100269,7.19,9.69,1.77,4.71,63.75,7.61,80.73,3,51.52,2.84,1.11,2024-03-12
S100270,6.28,7.99,0.01,5.63,47.12,3.14,55.85,0,51.01,13.87,1.88,2024-02-01
S100271,8.25,6.71,1.04,3.5,34.99,3.65,61.66,0,70.83,1.82,4.24,2024-03-15
S100272,7.0,7.06,1.62,5.91,15.72,9.96,20.31,0,69.73,5.38,0.86,2024-03-07
S100273,5.29,8.92,0.9,2.27,39.35,6.56,51.91,4,62.19,2.59,4.65,2024-03-25
S100274,7.15,3.6,0.16,4.34,34.38,8.02,69.32,3,58.52,1.09,4.2,2024-04-16
S100275,7.61,10.23,2.33,5.79,30.85,5.7,70.72,0,65.94,6.09,5.43,2024-03-13
S100276,5.5,5.12,2.81,1.88,78.23,6.26,83.71,1,49.15,4.26,4.99,2024-02-07
S100277,5.7,5.59,0.1,4.18,67.88,3.19,70.82,1,42.45,4.52,3.02,2024-03-14
S100278,3.07,6.505,0.6,7.49,40.78,8.34,42.27,1,39.43,0.97,2.9,2024-02-04
S100279,7.56,7.3,0.39,7.8,37.19,4.75,85.12,1,53.32,28.62,9.4,2024-04-15
S100280,5.48,4.39,3.3,3.67,46.54,2.09,66.7,1,61.56,1.08,5.04,2024-04-19
S100281,3.33,6.3,0.53,5.24,44.77,2.78,71.4,0,48.53,1.41,7.42,2024-04-29
S100282,3.82,4.27,4.3,5.31,38.22,7.96,51.09,3,51.14,1.35,0.35,2024-03-07
S100283,5.99,9.36,0.08,5.47,45.23,7.22,65.58,1,50.79,2.47,0.64,2024-03-04
S100284,7.36,9.73,0.82,5.35,61.81,5.24,40.62,4,55.94,5.92,8.88,2024-02-06
S100285,6.18,4.6,1.08,3.64,47.09,4.77,65.82,5,55.6,2.11,1.51,2024-11-04
S100286,6.96,3.13,2.33,8.27,72.84,7.39,57.95,2,35.33,1.41,2.05,2024-04-23
S100287,4.76,3.28,0.58,5.84,52.85,7.29,61.02,4,46.73,0.6,6.38,2024-04-17
S100288,4.42,8.41,1.6,3.93,51.13,5.1,61.08,2,51.13,3.24,3.2,2024-02-13
S100289,7.54,3.2,1.37,6.17,39.62,8.14,62.79,2,53.77,0.77,6.68,2024-04-26
S100290,6.99,4.26,1.58,7.37,68.67,1.0,61.95,1,37.63,1.22,2.47,2024-03-25
S100291,6.26,6.24,2.41,7.0,58.99,4.7,53.02,2,38.13,7.3,2.05,2024-02-01
S100292,8.09,10.12,3.39,10.0,42.47,4.99,59.48,3,48.56,5.09,7.25,2024-08-03
S100293,4.97,6.6,0.4,3.69,31.86,6.78,85.5,0,59.81,1.65,6.06,2024-03-11
S100294,5.71,5.77,0.5,4.52,54.31,3.46,52.75,1,52.4,1.86,1.8,2024-04-19
S100295,7.74,8.15,0.05,3.51,33.32,9.02,52.39,0,66.16,2.83,9.94,2024-02-19
S100296,8.87,2.25,1.39,2.94,58.82,6.48,75.92,2,67.33,1.13,3.12,2024-03-24
S100297,6.31,3.76,4.61,8.37,46.74,10.0,95.23,1,43.75,0.66,3.51,2024-04-04
S100298,8.65,8.86,2.19,6.04,73.22,7.3,26.54,1,50.65,2.25,2.6,2024-02-20
S100299,5.46,9.19,3.71,5.57,27.86,6.02,63.61,1,52.42,2.21,10.51,2024-03-20
S100300,6.76,7.85,3.08,8.01,71.01,8.87,39.4,2,39.3,21.37,3.42,2024-04-26
S100301,6.06,7.47,2.36,4.89,27.79,4.83,44.2,3,67.05,3.02,2.24,2024-02-16
S100302,4.08,5.74,0.26,2.76,31.41,2.58,75.05,2,69.16,1.43,5.37,2024-04-07
S100303,6.66,5.89,2.62,5.45,75.35,10.0,73.91,3,42.73,1.69,0.43,2024-03-24
S100304,7.61,10.85,3.29,4.02,48.71,7.02,73.25,2,55.07,14.82,3.5,2024-02-11
S100305,6.09,4.02,0.53,2.81,49.52,7.21,22.86,3,63.68,1.16,7.3,2024-04-26
S100306,6.2,9.63,0.75,9.61,17.37,8.1,45.99,4,52.56,7.55,20.0,2024-03-09
S100307,8.25,6.505,0.2,6.48,34.85,10.0,35.24,0,60.01,1.32,0.85,2024-03-01
S100308,4.55,2.63,3.74,7.13,26.47,6.36,17.83,1,50.34,10.5,0.4,2024-04-17
S100309,4.2,7.87,3.17,9.46,43.85,10.0,75.46,2,36.45,2.38,0.63,2024-04-26
S100310,5.38,4.5,0.33,5.98,78.23,1.54,72.9,7,40.83,1.2,0.9,2024-04-15
S100311,4.62,7.49,3.6,7.31,41.46,7.16,33.24,0,48.51,3.15,17.03,2024-04-20
S100312,8.18,7.38,1.96,4.93,13.24,4.28,35.55,3,80.82,1.75,1.28,2024-04-11
S100313,6.73,12.24,1.2,1.72,37.6,1.03,51.62,1,70.24,2.15,4.43,2024-02-25
S100314,5.09,5.02,0.48,7.34,9.39,7.93,61.65,3,65.21,1.89,6.61,2024-10-03
S100315,5.44,1.6,0.85,8.68,73.14,10.0,58.33,2,32.95,1.52,0.94,2024-03-06
S100316,10.0,7.52,2.37,4.88,41.55,7.76,48.35,1,74.79,6.53,1.55,2024-03-26
S100317,5.45,8.1,0.12,5.34,42.71,4.55,24.95,0,50.47,1.52,0.1,2024-02-05
S100318,5.23,5.89,2.11,2.2,50.11,4.17,34.51,2,58.71,1.64,0.06,2024-04-20
S100319,6.73,4.66,0.65,3.32,88.41,3.49,78.8,0,46.12,1.63,7.49,2024-02-10
S100320,7.19,6.505,3.91,9.05,59.82,5.59,66.82,1,35.22,4.95,16.3,2024-04-17
S100321,6.61,8.23,0.36,4.65,38.78,6.84,79.3,2,54.06,1.66,3.78,2024-01-02
S100322,5.03,5.47,2.37,4.16,38.95,6.76,73.25,1,57.4,3.67,4.59,2024-04-21
S100323,4.68,8.57,0.67,5.29,36.25,5.26,2.42,2,55.92,9.86,1.52,2024-03-22
S100324,7.13,6.64,0.86,3.56,18.24,5.7,69.83,0,69.54,2.44,8.59,2024-04-29
S100325,6.22,6.32,0.0,3.18,11.02,7.19,78.06,1,70.0,1.46,5.05,2024-03-21
S100326,4.0,3.53,0.85,2.45,78.31,8.44,24.19,2,41.0,1.07,7.87,2024-12-02
S100327,7.94,4.87,0.79,6.1,58.05,7.99,38.58,2,55.03,5.1,1.78,2024-03-18
S100328,7.39,8.16,0.07,4.54,43.85,7.14,57.83,1,57.7,5.78,0.99,2024-04-19
S100329,5.96,9.61,3.2,4.72,50.1,4.42,56.4,4,55.66,3.03,0.31,2024-03-05
S100330,5.94,9.35,1.87,7.26,4.6,4.44,82.38,1,61.26,1.82,3.94,2024-04-16
S100331,6.62,6.29,0.13,9.97,29.84,5.52,45.02,1,53.15,2.33,0.66,2024-04-07
S100332,5.34,6.505,0.67,4.57,50.4,10.0,28.37,1,49.44,1.31,7.65,2024-04-29
S100333,4.41,4.39,1.49,3.01,50.81,6.12,57.79,5,50.93,3.32,0.4,2024-02-12
S100334,6.75,4.55,3.9,3.24,34.14,4.84,57.38,2,69.59,1.72,1.08,2024-03-14
S100335,4.29,6.505,0.93,7.97,42.65,4.49,72.72,2,41.59,1.21,1.81,2024-03-31
S100336,6.85,8.9,1.14,3.63,62.55,6.08,30.42,3,50.16,3.75,3.76,2024-09-04
S100337,4.28,9.45,3.63,6.76,80.66,3.65,94.97,1,24.82,3.31,0.51,2024-03-29
S100338,6.16,7.39,0.25,8.95,55.01,1.95,46.99,1,36.35,1.58,10.47,2024-03-28
S100339,6.11,7.91,2.49,5.7,78.77,4.35,56.22,1,42.11,3.22,0.47,2024-02-07
S100340,8.8,4.17,2.29,5.42,19.34,3.68,46.34,4,69.52,0.92,1.36,2024-04-25
S100341,4.81,6.05,1.84,6.65,36.23,6.91,45.66,2,52.65,4.63,4.2,2024-06-03
S100342,4.32,8.23,2.71,9.49,40.9,6.0,48.5,6,28.61,2.91,2.76,2024-02-14
S100343,5.4,6.65,0.97,4.48,22.31,5.27,48.11,2,64.42,2.35,3.12,2024-02-20
S100344,4.73,7.94,1.35,5.84,57.39,2.41,63.84,1,43.35,3.05,0.19,2024-04-05
S100345,5.47,3.28,7.79,4.76,28.68,5.14,58.38,0,64.02,1.3,2.27,2024-03-12
S100346,6.89,10.26,0.09,5.25,35.19,5.24,67.96,3,70.17,4.61,1.08,2024-02-14
S100347,7.38,5.73,1.07,3.35,36.19,3.25,46.02,2,70.58,4.43,1.09,2024-03-20
S100348,8.62,4.94,2.36,9.05,19.41,5.47,44.38,2,62.7,1.05,3.21,2024-02-22
S100349,5.27,6.76,1.62,7.22,81.35,3.91,24.47,4,30.61,1.86,5.93,2024-04-12
S100350,9.99,0.0,5.01,6.64,40.84,8.07,68.62,1,63.47,0.0,0.02,2024-02-03
S100351,9.08,5.68,0.7,7.61,59.82,9.4,57.82,1,45.7,1.9,1.88,2024-03-19
S100352,6.02,11.45,2.69,6.98,45.84,6.06,76.8,3,51.86,45.8,5.07,2024-02-06
S100353,3.09,5.06,0.2,8.53,29.77,5.39,50.65,0,42.45,1.14,0.97,2024-02-29
S100354,6.18,6.505,2.83,4.72,48.56,6.9,47.98,3,48.56,2.32,7.14,2024-02-21
S100355,6.4,2.33,0.38,5.45,37.15,2.52,43.41,3,60.58,1.15,0.51,2024-02-11
S100356,3.08,3.0,0.41,5.35,45.27,5.35,75.78,2,39.7,1.6,5.06,2024-02-23
S100357,6.4,2.54,0.48,6.26,82.68,7.79,36.72,2,42.62,0.59,3.85,2024-02-15
S100358,6.02,9.9,1.3,2.97,21.19,3.8,35.26,3,71.24,2.29,3.39,2024-02-15
S100359,5.2,1.79,1.98,10.0,0.0,7.8,42.56,0,60.71,2.37,1.7,2024-02-07
S100360,7.18,7.21,0.79,4.09,32.55,5.16,51.51,2,59.25,1.74,2.14,2024-04-07
S100361,7.71,4.44,0.24,5.65,37.97,9.5,53.42,1,65.95,0.92,5.35,2024-04-21
S100362,5.62,8.11,2.07,8.91,21.77,4.7,57.23,1,52.71,3.18,6.96,2024-04-22
S100363,6.62,3.81,0.36,5.07,38.59,7.28,68.54,3,58.2,1.62,0.16,2024-04-04
S100364,5.38,4.79,0.33,7.65,51.98,2.33,79.16,1,47.31,2.04,2.88,2024-03-17
S100365,5.2,7.42,0.64,8.42,37.23,5.76,56.29,1,40.7,4.0,3.44,2024-03-22
S100366,6.41,2.16,0.19,1.63,30.54,3.0,47.98,2,73.95,1.1,2.53,2024-03-25
S100367,7.03,1.42,0.1,3.85,52.36,5.75,48.39,0,61.03,0.36,0.4,2024-08-03
S100368,5.51,11.48,0.62,6.43,63.49,1.86,39.78,1,37.74,2.39,8.91,2024-04-11
S100369,3.2,6.69,0.96,3.48,73.32,4.91,54.55,4,38.28,1.86,3.96,2024-03-30
S100370,7.12,7.73,0.43,8.58,35.2,3.07,80.47,1,45.79,2.6,0.01,2024-04-09
S100371,4.06,6.51,0.88,8.54,43.79,1.62,70.3,2,37.04,1.72,6.12,2024-04-26
S100372,6.47,7.4,1.98,7.5,81.81,4.32,40.6,3,35.64,1.52,0.01,2024-04-15
S100373,8.79,6.52,0.36,4.64,53.78,10.0,89.72,1,51.64,1.56,0.37,2024-04-27
S100374,6.28,7.52,3.4,4.66,61.07,3.5,57.59,3,55.97,1.26,3.25,2024-03-21
S100375,4.63,3.41,0.24,7.18,34.3,4.33,77.55,0,45.48,1.61,1.68,2024-04-20
S100376,4.25,0.01,1.53,1.9,72.91,3.78,61.05,3,53.66,0.01,0.95,2024-03-20
S100377,7.94,4.84,2.04,3.94,18.41,1.54,31.3,4,75.87,1.14,5.58,2024-04-29
S100378,6.28,10.37,0.74,7.52,27.76,4.0,51.06,2,55.12,6.68,1.93,2024-03-21
S100379,7.06,4.88,1.16,5.97,66.57,3.11,74.22,5,46.08,1.64,7.03,2024-04-18
S100380,7.6,1.93,2.03,2.64,61.07,3.93,30.97,4,65.42,0.42,7.28,2024-04-15
S100381,6.23,10.31,0.36,6.71,54.72,7.09,36.94,2,44.19,2.96,1.78,2024-03-15
S100382,5.87,9.1,0.03,7.46,20.97,7.49,75.01,0,50.92,2.18,7.08,2024-02-16
S100383,4.97,5.04,0.68,4.77,62.72,4.99,52.23,2,51.58,1.21,0.92,2024-03-06
S100384,3.0,8.4,0.63,1.82,4.47,8.59,75.05,1,72.75,1.99,10.76,2024-05-04
S100385,4.17,7.85,3.29,3.44,43.96,8.57,64.2,1,49.68,1.99,2.82,2024-03-27
S100386,6.2,3.4,2.21,5.68,78.77,5.73,49.94,2,45.21,1.18,0.27,2024-03-03
S100387,6.05,9.54,0.41,5.11,60.07,5.63,72.61,1,44.03,2.22,2.79,2024-04-02
S100388,6.86,8.13,0.01,2.51,63.35,5.27,68.67,2,62.81,1.44,2.77,2024-04-05
S100389,6.12,7.66,0.44,4.37,36.19,5.82,59.23,2,61.0,2.96,0.71,2024-04-17
S100390,6.52,9.3,0.63,4.89,42.26,5.86,98.22,1,48.43,4.44,9.05,2024-04-11
S100391,7.4,1.72,0.31,6.84,55.85,6.56,60.13,0,49.95,0.38,3.38,2024-03-03
S100392,5.06,6.25,0.72,2.56,29.52,7.11,53.76,0,65.56,2.13,2.98,2024-04-21
S100393,5.9,10.41,0.85,3.6,56.59,5.43,75.31,2,57.83,5.99,11.04,2024-03-27
S100394,4.05,9.73,3.15,8.14,87.47,7.76,50.26,3,24.6,2.42,0.8,2024-03-13
S100395,7.66,2.88,1.2,2.55,70.37,5.94,31.91,7,64.41,1.67,1.69,2024-04-19
S100396,6.35,8.13,0.45,1.0,45.48,1.78,53.4,2,67.32,3.6,10.35,2024-04-12
S100397,6.99,4.92,6.55,2.61,85.21,4.46,62.29,0,44.72,1.14,0.35,2024-04-13
S100398,8.46,7.5,4.22,4.42,54.75,5.33,63.53,2,66.9,10.24,7.77,2024-03-06
S100399,7.81,4.64,0.12,3.91,55.37,9.65,63.76,4,57.65,1.6,1.23,2024-02-02
S100400,6.22,9.98,0.29,5.45,38.74,4.99,56.47,2,55.97,2.09,2.01,2024-04-29
S100401,7.4,11.82,2.03,5.11,54.34,4.2,49.35,2,52.48,5.37,3.31,2024-03-20
S100402,4.3,9.25,0.33,3.1,73.95,7.97,43.95,3,41.08,2.0,0.89,2024-03-17
S100403,6.91,9.32,1.73,7.55,77.05,8.39,78.53,0,37.92,2.08,1.79,2024-03-26
S100404,6.49,6.505,1.01,3.59,46.27,1.0,61.42,2,58.74,9.23,3.56,2024-02-09
S100405,4.03,6.21,0.87,7.99,47.69,5.06,77.15,2,41.22,2.19,9.22,2024-02-16
S100406,8.17,10.41,0.15,3.45,59.18,6.03,63.54,2,65.86,3.04,1.21,2024-02-18
S100407,5.31,8.83,2.87,5.42,41.05,5.01,28.82,1,53.82,1.86,2.51,2024-03-22
S100408,7.26,7.44,0.46,8.27,49.15,5.15,71.99,1,46.83,2.74,0.97,2024-03-30
S100409,5.71,5.12,1.27,4.77,41.75,10.0,63.22,2,53.7,1.55,2.71,2024-02-04
S100410,7.69,3.92,1.35,7.03,16.62,4.89,66.38,2,68.35,4.0,1.86,2024-04-05
S100411,8.14,8.88,0.04,8.06,47.8,1.22,46.56,3,56.77,4.15,10.6,2024-05-03
S100412,5.14,8.86,2.23,2.5,41.92,7.21,52.73,2,66.22,7.15,3.71,2024-04-22
S100413,4.16,6.74,1.2,3.52,74.45,3.53,53.59,4,42.02,4.13,2.94,2024-02-27
S100414,6.12,6.95,0.47,5.43,10.88,8.64,32.12,1,68.39,4.41,2.35,2024-03-22
S100415,7.49,3.13,0.41,2.51,53.27,5.43,56.85,1,68.84,0.56,0.33,2024-03-09
S100416,5.78,4.94,3.04,5.43,28.93,5.56,73.43,2,54.8,1.52,2.93,2024-02-08
S100417,5.44,4.29,1.27,6.31,34.27,5.08,36.59,2,54.65,0.93,0.82,2024-02-27
S100418,6.98,8.08,0.1,5.28,45.01,1.87,55.79,2,52.16,2.55,1.58,2024-03-04
S100419,3.0,6.22,1.72,4.27,48.18,8.42,66.2,1,46.68,2.03,1.59,2024-02-26
S100420,5.37,6.7,2.26,5.97,63.33,4.91,73.28,1,39.76,1.28,16.07,2024-10-02
S100421,4.36,4.87,0.91,4.69,45.81,3.39,63.46,0,57.66,1.92,1.98,2024-03-25
S100422,6.71,6.9,2.06,5.48,26.79,3.67,49.64,1,66.76,2.65,12.72,2024-04-09
S100423,5.27,2.57,2.46,3.93,39.22,5.59,54.47,2,61.86,2.08,1.13,2024-02-02
S100424,4.74,11.07,2.96,8.88,79.69,8.73,52.27,1,23.77,3.04,5.91,2024-03-22
S100425,5.8,6.79,1.29,8.63,80.72,6.6,43.25,1,23.09,2.01,0.09,2024-04-18
S100426,4.24,7.94,1.81,7.27,37.64,3.66,33.56,1,51.82,2.66,0.27,2024-03-18
S100427,6.28,7.81,3.24,5.4,5.04,5.64,79.42,0,73.78,2.2,11.67,2024-06-03
S100428,5.34,4.61,5.01,7.04,23.86,5.24,65.61,2,56.22,1.6,2.32,2024-02-08
S100429,5.77,10.13,1.79,6.45,16.88,2.44,67.15,1,61.33,4.54,2.0,2024-02-19
S100430,5.3,7.15,0.47,5.09,32.37,6.2,79.63,1,64.29,3.2,2.89,2024-04-10
S100431,7.58,6.35,0.12,8.35,68.2,5.48,67.93,2,41.34,1.02,1.02,2024-03-21
S100432,6.15,9.29,0.45,9.49,38.14,6.26,66.61,0,44.76,2.74,5.71,2024-02-25
S100433,7.03,4.48,1.18,1.0,29.81,7.08,64.09,2,75.19,0.89,1.46,2024-04-17
S100434,6.97,8.37,2.44,7.22,37.38,7.11,78.15,1,57.26,4.12,8.71,2024-02-26
S100435,5.17,11.14,0.07,6.33,42.98,9.55,73.82,2,47.06,4.55,3.4,2024-02-11
S100436,7.1,5.53,0.38,6.64,7.6,4.58,64.17,0,71.27,2.11,4.5,2024-02-22
S100437,6.79,7.87,0.57,4.31,35.95,6.85,76.69,6,63.25,4.5,3.04,2024-04-04
S100438,6.74,3.44,2.07,6.73,74.23,7.5,37.98,1,34.73,1.02,0.98,2024-04-09
S100439,5.74,7.36,1.26,4.97,71.32,8.14,66.52,0,36.55,2.7,2.23,2024-06-04
S100440,5.7,7.46,1.33,2.45,67.12,3.25,70.8,0,47.94,3.8,4.27,2024-02-19
S100441,7.4,2.68,3.43,5.28,46.02,6.1,51.8,5,54.99,1.91,1.23,2024-03-05
S100442,9.35,10.8,1.42,10.0,73.1,4.26,84.26,1,37.21,2.18,9.64,2024-03-27
S100443,5.14,11.85,0.82,5.54,31.64,7.93,69.5,1,57.14,4.0,0.98,2024-04-07
S100444,7.05,2.05,1.62,4.92,40.45,3.62,64.31,0,60.7,0.37,1.67,2024-03-30
S100445,5.79,7.81,0.0,3.3,24.52,5.59,71.56,1,68.69,5.03,0.07,2024-04-13
S100446,7.4,5.71,2.4,8.42,52.3,5.86,31.56,1,50.37,2.51,5.56,2024-04-22
S100447,6.91,6.11,1.55,6.78,43.86,6.53,46.73,3,60.1,2.33,4.67,2024-04-05
S100448,7.78,7.77,3.21,4.92,48.91,7.44,56.9,4,58.35,2.5,1.98,2024-04-05
S100449,3.0,6.88,1.76,9.15,13.1,4.7,84.53,1,50.61,1.37,1.95,2024-04-10
S100450,5.46,6.23,0.76,5.96,50.73,5.37,62.25,2,40.69,12.29,0.35,2024-03-12
S100451,4.92,7.44,2.52,7.1,53.24,2.17,32.48,1,39.4,7.36,1.35,2024-02-29
S100452,6.15,5.75,0.67,4.75,60.75,4.31,70.56,2,57.73,23.02,6.58,2024-04-15
S100453,5.29,7.28,1.19,9.62,40.7,7.25,52.23,1,31.3,2.37,0.69,2024-04-02
S100454,5.4,5.05,3.32,3.23,76.75,1.15,64.04,3,36.37,1.27,0.91,2024-03-15
S100455,7.25,8.93,2.75,8.21,68.39,3.56,60.96,3,37.52,4.03,0.12,2024-03-22
S100456,8.96,11.73,1.83,4.97,23.62,6.32,34.4,4,75.12,2.08,4.07,2024-04-25
S100457,3.0,6.79,2.26,3.22,45.57,3.74,74.66,0,48.38,27.18,0.65,2024-02-12
S100458,5.87,5.97,3.33,6.99,21.65,1.83,25.47,1,54.59,1.56,1.64,2024-03-08
S100459,6.74,10.1,1.14,3.65,68.41,4.44,22.68,0,51.13,2.33,2.99,2024-04-15
S100460,6.31,1.8,1.07,4.49,31.61,4.75,65.38,2,66.39,1.58,1.54,2024-02-26
S100461,5.82,6.27,1.19,7.0,2.17,5.86,51.35,1,61.47,2.2,2.17,2024-02-28
S100462,4.41,3.87,2.54,7.86,64.76,5.59,63.72,4,29.02,0.56,4.69,2024-08-02
S100463,4.98,5.32,0.05,9.96,51.37,6.92,70.27,0,28.54,1.69,0.7,2024-03-25
S100464,7.31,4.04,0.11,5.19,48.26,3.13,86.09,1,67.88,0.92,3.29,2024-04-02
S100465,7.81,5.97,1.46,6.2,27.93,3.62,54.83,0,58.01,1.28,0.52,2024-04-10
S100466,6.44,9.73,0.09,1.0,0.0,7.56,56.87,0,79.43,1.57,0.74,2024-02-07
S100467,5.13,4.56,1.53,5.56,74.54,6.55,57.4,2,36.93,1.66,2.23,2024-03-08
S100468,6.43,6.13,3.64,2.37,78.74,6.24,72.86,2,55.32,4.82,0.18,2024-02-15
S100469,5.96,9.5,2.35,4.68,36.51,7.76,67.53,1,57.37,1.91,2.21,2024-03-28
S100470,7.06,7.95,0.87,5.29,39.21,6.27,80.97,5,53.32,2.88,0.82,2024-02-19
S100471,6.47,8.51,3.02,6.65,2.66,1.61,80.83,3,64.28,3.98,3.0,2024-04-22
S100472,5.43,6.35,3.26,6.55,22.43,9.46,57.41,0,53.92,1.57,12.8,2024-03-21
S100473,6.57,5.36,1.99,7.15,100.0,5.07,66.66,1,23.5,1.85,1.56,2024-03-02
S100474,4.65,5.52,1.86,3.56,46.3,5.7,80.67,0,61.33,2.06,2.34,2024-02-18
S100475,7.45,5.68,3.98,1.03,52.14,5.73,66.75,1,64.97,1.93,3.88,2024-04-05
S100476,7.96,3.36,0.0,8.88,57.88,7.47,55.74,0,49.27,0.89,3.8,2024-03-25
S100477,4.65,0.76,2.43,5.22,61.16,4.35,60.68,3,46.94,0.46,2.66,2024-09-04
S100478,6.89,5.31,2.09,7.03,6.11,7.74,39.61,1,65.47,1.26,0.9,2024-04-18
S100479,4.91,7.16,3.13,3.94,23.51,6.37,66.87,3,53.23,1.96,3.34,2024-02-25
S100480,7.8,5.2,0.07,4.4,28.84,6.58,67.69,0,71.95,1.24,2.94,2024-02-11
S100481,7.57,9.32,0.71,4.65,2.68,8.89,57.41,0,79.56,2.22,1.78,2024-03-25
S100482,5.98,9.49,1.02,4.88,8.49,6.6,95.95,2,67.69,11.41,0.8,2024-02-13
S100483,7.69,6.8,1.81,6.78,19.05,5.37,34.5,0,58.12,20.77,1.08,2024-02-18
S100484,5.7,5.76,1.38,5.0,74.17,6.03,29.76,0,42.97,2.25,0.74,2024-02-02
S100485,5.4,7.7,1.58,5.04,0.0,5.59,63.47,0,65.24,1.82,5.2,2024-02-29
S100486,5.5,5.31,1.94,5.71,63.29,4.78,69.01,1,41.0,1.16,8.84,2024-03-21
S100487,6.1,6.04,0.2,5.26,38.34,4.65,62.15,2,52.71,2.63,2.87,2024-03-16
S100488,5.85,4.48,1.12,4.94,16.96,5.38,40.49,2,70.5,1.65,6.76,2024-04-03
S100489,6.52,6.505,0.01,8.5,42.1,7.52,68.24,3,49.74,9.88,3.22,2024-01-03
S100490,5.44,8.03,1.91,6.07,67.32,8.46,49.89,0,35.14,3.85,1.67,2024-04-17
S100491,7.37,5.56,1.16,10.0,24.93,7.66,85.93,2,46.96,2.41,0.69,2024-02-03
S100492,7.73,7.82,2.44,6.14,27.72,6.13,33.59,3,56.09,3.72,14.72,2024-03-01
S100493,5.61,6.59,0.85,3.83,47.67,4.25,33.2,3,62.53,3.56,12.12,2024-02-29
S100494,4.3,6.78,1.54,3.33,44.48,3.52,53.27,0,56.09,1.32,0.65,2024-03-27
S100495,7.31,7.42,0.14,5.6,44.87,6.41,83.09,4,57.87,1.73,5.57,2024-08-04
S100496,7.89,1.11,1.77,3.36,36.81,5.37,53.14,3,68.77,0.43,6.81,2024-03-18
S100497,6.07,5.53,3.64,4.85,39.06,6.61,72.6,3,58.74,3.3,7.19,2024-02-06
S100498,4.5,7.33,8.0,3.84,48.51,4.87,69.89,2,49.86,2.12,4.13,2024-02-21
S100499,6.67,10.21,0.81,8.36,32.57,2.85,53.32,2,49.06,6.37,4.35,2024-03-17
S100500,8.43,7.91,0.96,6.18,38.91,4.22,70.78,2,62.85,2.59,1.36,2024-04-08
S100501,3.67,12.95,0.48,5.3,25.82,8.33,63.13,3,58.2,5.09,5.63,2024-03-10
S100502,6.97,9.85,1.32,4.7,41.98,4.24,15.82,3,63.43,2.57,2.04,2024-03-04
S100503,5.86,6.98,0.28,3.67,24.9,6.56,66.9,1,69.36,2.04,5.88,2024-03-30
S100504,5.1,3.43,0.09,4.09,10.76,7.21,70.22,0,65.65,0.69,3.48,2024-04-29
S100505,7.0,5.88,1.34,5.44,50.04,7.67,81.69,4,54.12,3.88,2.87,2024-03-30
S100506,4.48,6.08,1.72,8.44,13.0,3.1,56.97,4,54.6,6.3,3.42,2024-02-18
S100507,6.72,6.85,1.96,6.88,64.03,6.04,63.18,1,45.25,1.51,8.45,2024-06-02
S100508,8.14,7.57,1.28,4.8,43.54,6.5,62.38,3,66.87,4.69,0.7,2024-06-02
S100509,6.55,3.33,1.01,5.9,92.69,5.18,62.17,2,37.96,1.85,8.9,2024-04-20
S100510,5.07,7.87,2.84,6.88,31.18,9.2,74.33,0,47.33,7.68,3.08,2024-03-31
S100511,3.81,5.91,1.19,2.76,34.73,4.79,53.09,1,54.66,4.48,2.43,2024-04-02
S100512,4.51,4.96,0.33,5.74,24.63,5.62,73.95,1,60.25,1.16,2.0,2024-02-06
S100513,3.72,3.41,0.93,3.93,47.41,6.83,89.39,2,52.11,2.41,6.02,2024-02-16
S100514,8.54,7.12,1.54,3.87,67.12,4.22,33.58,5,51.71,1.55,0.29,2024-02-10
S100515,5.95,5.32,2.23,7.2,8.8,3.19,78.89,1,58.29,1.97,4.32,2024-02-26
S100516,4.84,0.99,1.11,6.76,60.59,7.55,55.3,2,49.68,0.19,11.58,2024-03-11
S100517,4.48,6.75,0.49,7.19,43.04,5.1,11.44,1,39.09,4.16,3.68,2024-04-29
S100518,4.81,6.09,4.07,3.62,39.61,5.53,67.6,1,63.71,0.9,1.82,2024-03-28
S100519,5.83,2.45,1.02,5.99,50.7,6.31,63.37,3,51.28,0.53,7.77,2024-02-06
S100520,4.5,8.15,0.26,7.2,32.15,6.17,38.8,2,46.92,1.49,0.29,2024-02-16
S100521,8.65,6.505,3.07,3.97,44.12,5.34,50.87,4,62.97,6.27,6.96,2024-04-27
S100522,5.25,7.53,2.53,5.89,24.38,4.81,81.29,3,53.11,3.93,5.37,2024-04-04
S100523,5.2,3.48,2.86,5.07,41.6,2.83,75.39,0,54.56,1.63,0.1,2024-02-18
S100524,6.73,5.21,0.75,8.78,70.72,4.9,88.55,1,35.07,1.87,1.61,2024-08-03
S100525,8.33,7.47,2.1,4.5,65.82,6.79,33.57,0,58.04,5.53,4.29,2024-02-06
S100526,8.15,8.21,0.05,3.71,28.94,9.51,48.08,1,73.05,1.49,0.4,2024-03-26
S100527,5.62,4.82,0.54,6.46,34.56,9.06,36.12,1,53.43,0.79,1.15,2024-02-03
S100528,6.66,0.0,0.31,3.85,45.41,5.93,37.81,1,65.6,0.0,4.04,2024-02-06
S100529,6.51,7.08,0.22,6.92,37.8,6.09,60.94,2,51.8,1.25,0.8,2024-03-21
S100530,7.04,5.99,0.16,7.56,5.48,2.89,75.57,3,74.44,1.89,0.27,2024-03-19
S100531,6.66,9.99,0.05,6.87,38.82,3.03,62.71,3,53.98,2.58,7.98,2024-10-04
S100532,4.98,3.99,0.34,7.02,87.52,9.48,80.27,2,25.72,1.02,1.53,2024-02-24
S100533,4.54,7.69,3.24,4.67,57.31,2.93,69.12,3,50.06,8.45,0.44,2024-03-02
S100534,6.55,2.86,3.17,7.91,59.54,7.05,42.02,1,39.05,0.57,0.87,2024-02-15
S100535,4.64,7.26,3.28,6.02,43.36,5.04,60.45,0,48.9,1.74,0.34,2024-03-17
S100536,8.21,5.62,4.36,7.24,53.27,2.72,61.29,5,46.48,4.22,14.97,2024-02-17
S100537,6.36,7.07,0.05,3.57,24.52,4.74,42.99,2,72.24,1.16,0.63,2024-03-16
S100538,4.86,6.35,0.15,5.21,60.42,6.72,42.55,2,46.93,25.4,2.17,2024-03-16
S100539,5.85,6.08,0.7,1.0,23.5,1.1,55.02,2,74.18,2.63,0.22,2024-02-20
S100540,5.59,10.42,1.55,1.0,45.55,8.63,58.46,1,69.65,2.93,1.47,2024-03-19
S100541,6.12,9.44,0.15,9.58,53.87,6.91,72.87,2,37.67,3.37,13.72,2024-02-28
S100542,7.62,6.54,1.07,6.44,64.02,6.98,54.86,1,47.98,2.06,0.91,2024-04-29
S100543,4.28,4.22,0.06,2.63,64.7,5.31,65.35,3,49.87,3.84,1.78,2024-03-12
S100544,3.69,4.48,1.63,3.92,19.28,3.12,74.29,6,53.37,2.14,4.08,2024-04-16
S100545,6.77,9.17,2.57,3.6,42.74,3.44,18.4,2,56.7,3.71,4.08,2024-04-11
S100546,6.05,6.63,0.66,9.79,36.76,6.87,62.5,2,38.44,1.77,4.38,2024-02-21
S100547,6.53,4.71,1.37,5.69,39.74,2.52,42.4,2,57.96,1.42,3.22,2024-02-25
S100548,6.92,4.85,0.55,3.73,36.1,2.04,42.96,0,62.53,4.54,4.36,2024-03-03
S100549,6.05,9.92,0.14,7.4,38.52,2.57,40.99,4,49.26,3.04,5.39,2024-03-29
S100550,7.42,6.83,2.05,6.84,67.15,2.19,73.35,0,36.44,3.58,1.25,2024-03-26
S100551,5.05,4.33,3.93,8.29,57.09,6.25,57.44,0,38.12,2.01,1.59,2024-04-28
S100552,6.39,10.3,2.6,6.07,2.31,5.78,47.63,2,64.58,7.48,0.17,2024-03-28
S100553,5.14,7.46,0.39,6.67,42.92,4.81,16.5,4,46.73,2.24,0.12,2024-03-10
S100554,4.72,3.05,0.25,5.2,42.4,6.12,51.16,1,50.82,1.99,8.8,2024-03-06
S100555,7.16,3.4,1.46,6.29,39.38,6.13,58.45,1,54.96,13.61,6.59,2024-02-22
S100556,7.1,7.3,0.29,3.64,84.16,9.2,57.21,3,45.26,2.28,2.26,2024-03-14
S100557,3.58,4.67,1.56,3.42,71.9,4.63,84.55,1,44.42,1.24,1.6,2024-04-26
S100558,4.73,5.42,0.98,5.66,12.2,6.84,79.4,3,62.63,1.6,0.13,2024-02-15
S100559,6.71,11.04,1.91,7.04,67.37,7.72,74.55,5,48.26,10.12,0.62,2024-03-03
S100560,7.8,11.42,3.51,10.0,1.88,6.81,64.51,1,61.67,13.21,1.11,2024-04-08
S100561,5.37,11.04,1.08,6.09,46.3,1.0,68.31,3,43.93,10.14,3.83,2024-02-23
S100562,6.04,6.505,0.07,5.75,20.73,5.25,100.0,2,64.11,5.11,1.53,2024-03-20
S100563,4.32,7.22,4.34,7.4,55.38,9.08,43.15,0,33.77,2.78,8.26,2024-11-03
S100564,9.82,3.72,0.52,2.62,5.04,7.61,60.37,2,84.78,1.19,0.03,2024-02-08
S100565,6.97,3.62,0.74,4.44,49.57,4.08,59.9,1,52.42,0.81,8.52,2024-04-22
S100566,7.55,6.82,2.25,8.93,63.67,3.43,100.0,2,37.02,1.5,0.21,2024-03-31
S100567,7.22,6.95,0.82,5.46,62.0,1.28,100.0,2,45.39,10.22,2.9,2024-02-01
S100568,7.61,8.96,0.4,6.45,68.54,2.39,67.97,1,45.81,3.1,6.51,2024-02-28
S100569,7.15,8.63,1.8,4.99,36.62,3.12,57.69,1,63.95,8.32,4.95,2024-02-04
S100570,5.83,7.77,2.27,6.63,40.76,5.42,24.68,2,44.05,2.31,12.41,2024-04-29
S100571,7.34,8.14,0.69,10.0,13.57,8.76,63.44,1,62.5,6.84,2.34,2024-04-29
S100572,6.41,7.23,0.83,3.79,34.08,2.25,37.35,3,63.93,10.29,4.3,2024-03-29
S100573,8.12,9.87,1.52,6.42,57.44,1.88,45.6,1,54.24,14.01,2.57,2024-03-08
S100574,5.27,3.85,0.96,4.52,65.93,5.67,70.69,5,43.78,0.99,3.91,2024-02-19
S100575,5.54,11.56,0.01,6.46,30.99,6.69,73.71,4,57.95,15.47,0.26,2024-03-18
S100576,7.23,8.09,1.25,5.98,61.72,4.74,53.22,1,51.78,4.7,5.25,2024-04-28
S100577,8.09,3.24,0.52,8.69,72.41,1.0,23.99,1,38.76,1.2,5.43,2024-04-17
S100578,6.5,7.3,4.44,7.46,38.51,9.1,52.15,0,48.29,2.15,2.61,2024-03-07
S100579,5.3,10.91,0.24,3.34,53.83,3.74,76.03,1,52.96,2.16,1.18,2024-02-14
S100580,6.13,5.08,1.52,6.62,26.09,7.34,46.32,2,57.6,1.91,0.49,2024-03-11
S100581,5.6,7.93,3.31,7.13,33.35,8.91,61.7,1,55.1,5.32,3.45,2024-02-06
S100582,8.96,6.43,0.91,6.0,67.54,5.11,56.82,2,53.76,1.97,5.65,2024-10-03
S100583,7.56,10.28,0.09,5.42,36.49,5.74,74.12,1,65.4,7.46,1.99,2024-04-28
S100584,8.07,7.19,3.62,2.02,75.19,7.34,65.54,1,60.53,1.81,16.62,2024-02-21
S100585,6.72,5.06,0.13,5.74,22.01,4.8,53.45,2,57.82,1.15,0.61,2024-04-27
S100586,5.52,7.75,0.4,6.56,49.6,7.33,14.89,2,48.29,1.6,1.42,2024-05-04
S100587,7.94,7.81,2.87,8.13,31.95,3.73,100.0,3,56.72,7.12,1.85,2024-04-25
S100588,8.62,6.88,0.39,4.98,21.15,6.72,85.32,2,67.75,2.23,4.29,2024-06-02
S100589,7.11,5.23,0.05,3.28,70.2,4.77,84.24,0,54.15,1.67,0.08,2024-03-05
S100590,6.27,3.09,0.46,5.46,49.8,3.61,58.96,4,48.86,0.85,3.11,2024-03-27
S100591,7.81,6.51,0.12,6.35,19.45,8.05,62.03,2,64.77,1.81,4.17,2024-10-03
S100592,5.78,2.56,1.78,5.68,41.23,2.26,54.35,0,55.27,0.87,5.31,2024-03-01
S100593,7.37,4.45,1.56,2.13,27.46,7.41,67.31,1,77.65,1.39,1.9,2024-07-02
S100594,5.3,6.79,0.51,5.17,71.43,4.57,82.69,2,39.83,2.54,9.12,2024-04-08
S100595,4.94,9.28,4.92,4.85,49.12,7.64,50.78,2,40.51,7.02,0.94,2024-04-03
S100596,7.09,8.83,1.09,2.48,51.03,2.8,64.38,2,63.26,2.45,3.4,2024-04-20
S100597,6.77,2.22,4.19,5.2,47.92,3.29,64.13,3,57.28,1.73,2.62,2024-03-04
S100598,8.97,9.03,2.63,3.22,47.47,2.91,48.83,1,66.54,2.65,13.63,2024-03-29
S100599,5.91,1.42,2.64,4.45,38.26,10.0,100.0,0,58.76,0.51,1.33,2024-03-28
S100600,6.33,7.14,2.08,7.25,17.43,4.37,66.85,0,56.95,4.06,1.95,2024-03-04
S100601,4.7,6.85,0.65,7.68,79.71,5.4,45.54,3,27.74,1.98,4.78,2024-01-04
S100602,3.68,8.81,0.02,6.94,53.29,1.0,44.7,0,41.3,1.77,4.76,2024-02-06
S100603,3.81,7.04,2.7,6.59,64.92,6.65,53.83,2,30.82,1.71,0.18,2024-03-26
S100604,6.95,9.23,1.54,2.09,47.14,7.61,69.59,4,61.32,6.6,1.6,2024-04-11
S100605,4.65,5.09,0.11,3.78,49.99,3.4,55.24,0,54.39,1.08,0.99,2024-03-06
S100606,7.88,6.31,0.58,5.8,32.88,3.75,82.37,4,63.4,2.93,10.07,2024-04-23
S100607,8.29,8.79,0.27,9.39,46.76,5.82,78.5,1,44.43,2.19,6.27,2024-03-09
S100608,5.9,5.28,0.57,5.92,52.38,6.81,58.06,1,48.8,1.66,9.12,2024-04-23
S100609,8.62,5.25,2.75,2.93,34.66,6.45,63.38,2,69.1,1.32,1.18,2024-04-24
S100610,6.62,6.78,0.79,3.84,38.24,4.84,49.79,3,63.16,1.58,1.57,2024-03-25
S100611,7.87,2.75,0.88,4.92,65.83,7.29,47.94,2,44.72,0.76,1.5,2024-04-08
S100612,5.98,6.02,0.54,8.22,29.2,6.02,53.87,0,45.05,1.4,6.79,2024-01-04
S100613,7.64,4.06,0.31,7.52,35.42,6.52,66.5,4,56.67,1.4,20.0,2024-03-13
S100614,4.98,10.27,0.22,5.85,42.9,5.16,42.58,1,52.0,2.44,0.36,2024-03-20
S100615,7.17,9.74,0.05,4.69,36.47,4.77,64.75,1,62.74,4.13,0.86,2024-11-04
S100616,5.66,8.37,0.23,3.43,56.6,7.24,62.55,2,58.24,4.75,5.42,2024-01-03
S100617,6.12,12.07,1.01,4.56,24.99,8.81,57.66,1,67.81,3.38,1.23,2024-02-07
S100618,7.18,7.13,0.13,4.23,42.93,4.28,53.95,2,50.85,1.95,4.48,2024-04-28
S100619,6.54,5.7,0.83,3.95,35.53,5.04,49.45,2,59.91,4.37,1.26,2024-03-15
S100620,6.2,7.47,1.06,5.35,49.75,1.44,47.06,2,57.1,3.42,2.74,2024-03-23
S100621,7.32,7.39,6.72,5.83,56.75,4.15,91.73,2,50.38,29.56,2.26,2024-04-25
S100622,7.42,5.91,0.37,4.27,94.59,7.06,30.79,0,38.2,2.11,2.71,2024-11-04
S100623,4.36,7.52,0.42,9.48,60.82,6.91,81.84,2,33.76,3.8,2.04,2024-04-07
S100624,7.08,3.61,2.26,4.61,43.86,4.76,89.28,3,64.0,0.89,1.44,2024-03-22
S100625,7.24,4.18,0.15,4.34,12.32,5.35,62.61,0,71.5,1.24,10.07,2024-04-02
S100626,5.25,7.3,2.28,2.18,42.77,2.68,81.75,2,69.24,18.9,0.37,2024-08-02
S100627,6.84,3.54,0.33,5.52,30.09,5.14,56.78,2,54.93,0.63,4.68,2024-03-09
S100628,4.45,9.39,0.33,10.0,40.23,8.19,67.18,1,28.38,3.95,6.93,2024-05-04
S100629,8.32,7.68,0.64,4.79,52.57,7.94,36.38,2,55.82,2.11,6.62,2024-03-24
S100630,5.97,5.11,0.37,6.88,55.24,9.45,89.28,1,47.18,1.62,12.56,2024-03-31
S100631,6.19,9.38,1.42,7.97,55.2,8.37,77.68,1,46.09,2.67,0.37,2024-04-20
S100632,7.98,7.21,0.85,9.12,41.04,4.74,58.47,1,47.74,1.47,6.4,2024-03-26
S100633,6.1,10.74,2.36,8.34,43.59,7.63,39.71,0,56.75,4.47,1.33,2024-03-26
S100634,7.14,6.1,2.05,3.27,72.53,4.55,67.84,1,59.09,12.89,3.44,2024-08-02
S100635,4.83,5.28,0.97,6.78,47.94,3.3,95.81,3,44.75,2.14,19.68,2024-04-16
S100636,5.5,7.71,1.83,8.35,19.55,4.57,39.54,2,51.34,1.79,0.72,2024-03-30
S100637,4.35,6.505,0.56,7.25,61.05,4.4,32.99,1,40.29,1.91,9.82,2024-04-05
S100638,6.01,9.18,0.37,4.8,52.3,9.15,45.85,3,58.23,3.26,8.07,2024-04-13
S100639,7.74,6.505,0.04,5.07,27.04,5.05,78.21,2,72.06,3.06,5.91,2024-11-03
S100640,6.61,0.0,3.82,5.14,27.73,6.27,42.45,2,66.95,0.0,11.13,2024-03-19
S100641,7.54,6.52,2.05,2.64,40.02,5.81,88.43,3,72.02,1.91,3.41,2024-04-14
S100642,4.86,7.08,1.56,5.82,1.02,5.79,51.83,1,66.49,1.92,2.3,2024-04-21
S100643,5.06,3.52,1.41,9.65,79.29,5.94,41.73,1,27.3,2.08,6.03,2024-04-26
S100644,5.65,5.81,3.47,6.91,81.43,3.35,77.59,3,27.53,4.88,6.43,2024-02-02
S100645,7.1,5.74,6.04,6.83,36.35,5.39,65.13,3,59.03,3.46,0.14,2024-03-20
S100646,6.8,1.61,0.13,4.33,21.11,6.51,73.3,1,67.63,0.36,11.55,2024-06-03
S100647,6.28,6.505,0.26,3.24,31.59,1.88,47.39,2,66.19,4.14,0.85,2024-03-26
S100648,7.17,6.42,2.44,5.14,4.65,5.16,51.74,3,78.47,2.29,4.86,2024-03-05
S100649,6.09,4.85,2.6,6.59,58.35,7.71,51.05,1,44.36,2.61,1.62,2024-04-16
S100650,6.27,5.52,0.19,3.94,22.81,4.4,75.26,3,66.68,1.6,7.42,2024-02-11
S100651,8.13,6.66,0.86,6.01,29.19,6.32,59.62,3,62.39,26.64,1.61,2024-02-19
S100652,5.48,9.26,1.69,6.01,54.22,2.15,74.75,2,50.8,2.54,3.83,2024-04-10
S100653,6.56,7.69,0.49,9.08,57.43,1.54,46.66,2,37.77,2.67,4.7,2024-03-02
S100654,8.56,5.9,0.13,6.18,23.6,8.06,62.49,2,68.62,2.45,13.24,2024-03-22
S100655,6.44,5.64,1.09,9.38,32.64,4.55,50.74,0,52.94,1.17,8.88,2024-03-30
S100656,7.29,5.3,3.59,6.93,51.92,6.49,61.43,6,48.88,1.47,0.19,2024-04-05
S100657,5.45,8.94,0.48,3.24,48.47,5.77,56.74,2,56.9,10.64,2.35,2024-03-29
S100658,9.04,7.44,0.27,6.24,51.32,4.85,58.11,1,59.3,1.28,3.92,2024-02-12
S100659,3.15,5.26,4.42,6.93,47.46,6.55,67.9,3,44.6,2.05,5.09,2024-03-13
S100660,4.71,9.91,3.27,4.54,15.37,5.21,55.08,1,61.75,3.12,4.6,2024-04-29
S100661,4.82,8.56,0.37,6.36,47.97,6.48,40.98,1,42.7,2.79,2.42,2024-03-04
S100662,8.57,4.47,2.18,10.0,39.51,3.82,56.51,2,48.51,1.1,2.17,2024-04-10
S100663,6.79,7.88,1.57,3.39,75.95,5.84,81.27,1,43.82,5.34,1.18,2024-04-20
S100664,5.93,6.505,4.47,4.97,29.65,7.76,75.66,3,63.2,28.22,1.34,2024-04-29
S100665,4.51,7.53,4.38,7.21,67.01,7.22,82.8,0,31.02,2.99,7.26,2024-02-13
S100666,6.81,8.36,0.76,4.31,68.71,5.97,58.96,1,52.33,1.74,6.53,2024-02-29
S100667,6.46,5.75,0.24,4.42,63.76,3.03,59.73,4,48.93,1.93,1.07,2024-04-08
S100668,5.33,5.29,1.8,8.34,56.9,8.18,65.57,2,38.77,3.24,3.91,2024-04-01
S100669,4.21,3.84,4.63,6.08,64.68,7.09,73.34,3,41.18,2.99,0.58,2024-03-22
S100670,4.76,7.32,0.49,3.79,62.21,4.7,56.08,2,51.79,2.24,2.02,2024-03-31
S100671,6.6,6.38,1.3,5.43,59.05,4.13,48.75,3,49.96,1.98,0.6,2024-02-12
S100672,6.74,2.25,0.13,5.64,66.9,8.37,22.57,1,42.36,0.29,11.31,2024-09-02
S100673,6.4,6.67,0.13,5.95,49.66,2.82,33.33,3,50.03,1.84,4.18,2024-04-13
S100674,6.09,7.55,1.87,6.65,30.77,8.59,47.73,2,56.4,1.95,1.6,2024-04-25
S100675,3.82,7.0,0.51,3.27,75.79,5.94,51.91,3,40.13,2.6,1.29,2024-03-20
S100676,6.37,5.87,3.84,8.39,22.54,2.56,42.12,2,54.04,2.76,5.99,2024-03-20
S100677,4.85,8.41,0.33,3.62,54.96,3.98,70.05,1,48.73,2.11,0.22,2024-02-16
S100678,6.36,5.18,1.04,7.46,68.33,5.58,66.74,2,39.31,1.51,0.11,2024-02-23
S100679,6.95,2.87,1.99,7.92,55.65,6.89,65.99,1,54.72,1.01,3.71,2024-03-21
S100680,5.35,10.32,0.61,5.02,24.98,6.51,61.39,3,65.99,3.8,3.76,2024-04-01
S100681,4.87,2.99,0.72,5.34,34.96,10.0,58.44,0,55.86,0.65,4.48,2024-03-29
S100682,7.69,7.31,1.93,7.31,13.05,6.95,53.03,2,62.94,1.97,0.57,2024-02-03
S100683,6.79,10.99,5.56,7.87,49.23,7.36,48.92,1,55.65,2.87,6.17,2024-03-11
S100684,5.41,5.41,1.79,6.55,75.02,4.11,100.0,1,31.79,1.28,6.96,2024-02-25
S100685,3.0,9.62,1.28,2.33,15.1,6.17,27.37,1,65.62,4.68,4.59,2024-03-04
S100686,6.23,6.06,0.62,4.76,32.8,7.95,49.96,2,61.74,1.27,2.07,2024-02-19
S100687,7.18,5.95,2.83,7.94,26.06,3.6,74.39,0,59.5,1.36,15.89,2024-01-03
S100688,7.87,2.23,0.02,2.66,59.46,4.96,68.23,2,63.97,0.6,1.86,2024-02-05
S100689,5.35,8.25,4.55,3.2,33.73,7.84,24.77,1,58.13,1.49,7.07,2024-03-01
S100690,5.4,5.03,0.01,6.83,66.87,1.29,52.81,2,46.78,3.56,7.32,2024-03-27
S100691,5.68,8.5,1.63,4.44,62.52,4.89,41.91,3,49.78,1.84,0.95,2024-02-15
S100692,7.47,4.43,0.45,4.96,80.6,1.0,18.5,2,44.07,0.84,9.96,2024-02-05
S100693,4.66,6.505,1.27,4.98,69.35,9.81,54.44,2,40.05,1.91,4.85,2024-04-16
S100694,6.14,6.99,0.67,4.59,46.08,7.3,37.45,5,49.81,1.62,5.52,2024-04-07
S100695,5.0,9.93,0.17,6.59,29.82,7.01,47.42,3,54.33,1.94,10.93,2024-08-03
S100696,6.68,8.68,0.48,8.74,56.1,3.26,70.17,2,42.22,2.58,2.09,2024-04-21
S100697,4.12,3.73,0.74,3.83,31.17,5.3,90.03,2,57.32,2.51,0.78,2024-05-04
S100698,6.83,8.95,1.62,5.94,37.27,5.82,13.2,1,55.46,35.8,7.73,2024-02-19
S100699,5.6,6.32,2.37,4.33,37.55,3.13,80.49,2,53.8,10.22,5.88,2024-04-24
S100700,5.99,4.91,1.26,7.33,63.71,7.16,58.54,3,43.13,2.68,3.73,2024-02-18
S100701,7.04,5.47,0.92,5.37,35.05,1.02,68.16,0,61.52,1.44,7.02,2024-02-03
S100702,7.9,9.01,1.1,10.0,47.37,3.64,80.2,2,47.5,2.37,4.8,2024-03-17
S100703,3.92,2.63,2.02,6.57,23.04,2.58,51.97,1,54.81,2.31,0.1,2024-04-16
S100704,7.7,5.38,2.79,6.31,40.59,5.35,41.36,4,53.26,21.54,1.09,2024-03-09
S100705,7.08,3.88,0.1,8.73,26.85,6.9,82.08,3,58.27,15.52,3.98,2024-02-19
S100706,5.89,6.63,0.24,4.93,71.12,3.34,47.74,1,45.48,26.51,5.37,2024-04-28
S100707,8.27,5.89,4.77,4.64,12.82,5.87,28.11,1,77.29,1.75,1.2,2024-02-19
S100708,6.56,3.68,0.43,6.17,47.04,10.0,61.67,3,55.02,2.67,0.25,2024-03-07
S100709,8.11,5.96,1.11,4.67,50.21,6.79,26.58,1,65.52,1.55,0.14,2024-03-10
S100710,5.47,6.07,0.33,2.03,66.77,1.38,57.84,2,52.62,1.39,1.25,2024-03-13
S100711,5.09,5.67,0.03,4.37,46.84,5.4,34.82,1,54.08,1.2,3.71,2024-04-22
S100712,8.01,6.8,3.26,5.21,98.42,6.33,47.18,7,39.13,2.35,5.83,2024-02-02
S100713,9.33,9.43,0.09,7.58,55.35,2.8,49.69,2,57.05,8.05,1.77,2024-04-05
S100714,7.19,6.51,0.83,4.8,59.45,5.67,60.12,3,51.68,5.41,1.75,2024-02-27
S100715,7.55,6.66,2.65,2.52,58.81,2.1,95.62,0,55.96,26.63,9.87,2024-03-06
S100716,5.64,8.08,1.48,2.99,46.33,7.97,50.0,2,58.75,1.13,0.11,2024-02-05
S100717,4.44,5.95,2.82,9.06,74.71,5.11,70.79,0,31.58,1.58,0.52,2024-04-28
S100718,5.98,5.96,2.06,6.17,36.84,2.76,66.44,1,55.24,1.23,3.72,2024-02-03
S100719,8.4,5.03,0.05,8.54,21.08,1.93,61.52,2,62.46,1.3,13.51,2024-04-01
S100720,3.7,4.86,0.06,10.0,68.53,9.65,82.26,2,28.11,1.56,0.76,2024-04-02
S100721,5.61,4.7,0.67,3.51,64.4,9.73,54.46,1,50.76,1.26,1.05,2024-02-15
S100722,3.62,6.91,1.14,5.11,26.08,6.62,61.77,1,58.06,3.24,2.23,2024-03-18
S100723,6.45,0.63,0.37,1.65,86.11,10.0,57.8,3,51.59,0.11,4.99,2024-03-18
S100724,7.52,5.29,0.07,4.43,54.62,1.25,40.47,3,59.74,1.09,1.32,2024-03-20
S100725,4.56,6.9,0.97,4.32,39.44,1.65,75.99,1,62.44,3.91,2.98,2024-12-03
S100726,5.73,8.97,0.93,8.61,53.11,8.52,17.16,2,38.79,2.31,2.98,2024-03-16
S100727,8.16,6.505,0.83,5.28,64.82,5.4,51.23,2,62.52,2.59,3.03,2024-03-04
S100728,6.18,2.64,3.87,4.24,16.95,7.66,52.69,3,71.44,1.2,5.47,2024-02-28
S100729,4.57,4.77,1.64,10.0,76.79,5.66,29.24,0,23.77,2.2,1.52,2024-03-15
S100730,4.46,6.14,0.83,1.75,40.0,4.49,61.1,0,63.02,1.3,1.86,2024-03-10
S100731,3.48,2.1,1.48,8.42,61.01,4.44,68.31,4,29.74,0.63,6.4,2024-03-27
S100732,7.38,4.65,1.43,6.71,33.04,6.83,36.64,1,60.53,1.43,1.11,2024-01-04
S100733,5.26,6.74,0.13,4.49,60.63,5.39,67.95,1,47.91,2.07,4.15,2024-04-02
S100734,7.77,5.77,0.3,4.08,21.11,3.84,61.61,3,67.13,2.1,12.09,2024-03-27
S100735,7.51,1.84,0.8,5.36,21.59,7.41,5.09,1,64.67,0.41,3.46,2024-03-14
S100736,5.38,8.19,2.27,5.67,36.37,5.11,52.84,1,56.37,1.89,6.39,2024-03-12
S100737,5.56,4.16,2.19,6.0,33.2,3.88,35.14,5,54.41,0.72,8.59,2024-04-13
S100738,7.39,6.46,0.01,6.31,47.48,5.95,77.7,1,50.27,1.6,5.35,2024-04-19
S100739,6.51,2.24,2.21,6.25,29.31,5.89,65.06,1,60.4,0.47,0.39,2024-04-25
S100740,6.67,6.2,2.13,5.25,13.86,7.32,73.26,1,82.14,2.36,1.11,2024-02-24
S100741,3.99,8.54,6.77,7.26,48.68,5.49,74.09,0,43.91,1.95,3.93,2024-02-23
S100742,7.56,8.71,0.3,6.1,55.79,8.23,42.18,2,52.45,1.74,6.72,2024-04-26
S100743,5.07,8.57,0.39,1.9,38.62,6.29,61.06,1,57.36,2.16,0.14,2024-03-20
S100744,3.12,7.66,0.88,4.49,76.52,7.65,17.51,2,34.83,4.14,9.56,2024-04-17
S100745,5.44,4.2,2.19,9.36,35.67,2.83,12.51,4,46.03,1.23,2.82,2024-02-10
S100746,6.89,2.94,0.01,7.31,47.35,5.38,61.1,1,52.17,0.5,2.94,2024-02-26
S100747,9.24,9.86,4.75,10.0,26.69,5.32,74.56,1,65.21,2.35,2.94,2024-04-27
S100748,5.78,3.29,1.16,4.84,38.73,6.06,61.47,1,52.37,1.19,6.39,2024-03-13
S100749,4.44,4.14,0.36,3.54,33.81,6.43,54.07,0,62.31,2.65,0.76,2024-02-18
S100750,9.27,8.2,5.23,6.8,70.23,3.02,22.72,1,44.62,2.12,1.64,2024-12-04
S100751,6.52,6.505,1.87,4.85,23.37,4.05,12.69,3,68.55,1.5,3.03,2024-02-09
S100752,5.93,9.63,1.03,5.35,4.83,1.23,52.24,0,63.32,3.75,1.22,2024-03-22
S100753,4.79,5.33,0.61,3.36,34.2,3.87,32.54,6,60.07,1.85,1.91,2024-02-26
S100754,4.89,9.05,0.27,5.57,58.09,5.42,65.64,3,42.07,9.22,4.29,2024-02-29
S100755,8.37,13.53,0.26,7.71,51.96,7.99,78.48,1,49.07,2.51,0.15,2024-04-15
S100756,5.92,4.93,2.38,5.79,51.92,8.48,45.34,3,43.95,1.33,2.03,2024-03-13
S100757,5.55,6.32,0.82,6.27,42.47,7.95,30.67,4,43.15,3.8,0.1,2024-04-04
S100758,5.59,5.07,0.46,5.76,67.44,4.1,42.38,0,40.02,1.38,1.33,2024-04-23
S100759,8.5,6.03,0.34,8.38,70.57,3.5,62.49,2,46.25,2.62,14.39,2024-03-23
S100760,5.47,5.31,4.48,8.03,33.32,2.18,73.2,5,41.84,3.46,0.53,2024-02-11
S100761,7.18,8.26,0.35,4.73,71.93,2.06,36.0,1,52.0,1.75,14.09,2024-12-04
S100762,6.67,8.73,0.17,3.37,58.14,3.1,49.31,2,53.22,3.72,4.12,2024-04-22
S100763,6.63,7.06,0.31,5.69,52.05,5.7,61.7,1,55.36,2.45,0.26,2024-05-03
S100764,5.07,8.5,6.63,5.75,64.16,4.12,44.47,2,44.06,10.53,0.54,2024-03-13
S100765,7.22,4.06,0.81,6.72,35.06,8.57,50.22,4,53.97,1.44,2.58,2024-04-13
S100766,8.55,7.56,0.25,3.36,13.25,5.89,78.36,4,84.59,1.83,2.88,2024-03-19
S100767,6.23,5.06,0.77,8.84,52.27,4.94,38.25,2,34.92,2.47,3.71,2024-04-12
S100768,5.01,9.16,2.7,9.38,95.88,5.66,30.59,1,20.28,3.11,1.27,2024-04-18
S100769,4.49,7.4,0.65,3.36,50.59,2.78,74.45,2,55.42,2.35,5.68,2024-02-26
S100770,6.57,1.77,3.46,5.62,53.76,3.18,79.45,0,53.8,0.25,0.01,2024-02-18
S100771,5.92,6.46,1.56,4.5,49.45,7.5,48.26,4,56.19,1.88,1.18,2024-04-16
S100772,6.15,3.28,1.76,4.9,22.84,2.65,90.65,2,57.86,13.11,1.09,2024-02-19
S100773,6.32,5.74,0.69,9.72,30.34,6.73,38.63,2,55.87,1.24,0.47,2024-09-03
S100774,4.23,9.01,0.2,6.27,12.44,4.04,57.56,1,57.91,3.88,1.67,2024-03-23
S100775,7.39,11.53,0.26,6.01,61.06,10.0,74.54,0,53.38,3.29,5.87,2024-04-16
S100776,6.63,7.64,0.56,8.08,59.55,3.82,63.95,0,33.04,2.74,1.08,2024-04-12
S100777,6.2,7.72,2.42,1.65,18.18,6.0,76.32,0,69.39,2.27,1.99,2024-03-17
S100778,6.62,7.82,0.65,9.32,100.0,4.8,38.27,1,14.36,31.26,1.65,2024-03-16
S100779,7.6,5.96,0.2,10.0,45.05,2.46,38.17,0,47.66,2.19,3.75,2024-03-22
S100780,6.37,1.86,1.34,6.62,42.85,3.78,42.87,1,52.58,0.82,2.99,2024-03-01
S100781,5.11,8.6,1.4,1.46,66.42,1.94,40.94,1,53.12,1.72,1.76,2024-03-10
S100782,7.93,7.09,1.18,5.27,45.58,4.6,60.27,2,65.41,2.8,5.1,2024-02-20
S100783,5.69,6.55,0.81,9.37,0.0,8.18,36.19,1,58.18,1.27,0.79,2024-04-26
S100784,5.28,7.31,0.01,5.0,70.97,2.27,37.84,1,38.99,9.87,0.61,2024-02-22
S100785,4.11,6.505,1.72,2.35,65.43,5.6,56.28,3,54.64,3.34,3.01,2024-04-17
S100786,6.31,6.84,0.74,5.86,76.41,8.75,69.92,4,43.38,2.22,0.86,2024-02-24
S100787,4.83,9.04,2.06,1.66,32.27,7.55,76.15,0,68.7,3.53,1.28,2024-03-19
S100788,5.57,6.44,0.63,5.56,54.6,5.62,59.02,1,49.98,1.62,1.36,2024-03-19
S100789,6.93,9.35,3.7,5.03,32.89,6.57,36.7,0,65.22,4.09,2.04,2024-04-16
S100790,6.35,5.73,0.14,4.74,49.3,8.62,11.23,2,58.6,2.82,8.86,2024-03-10
S100791,7.72,5.62,3.89,8.3,47.19,7.59,59.91,3,49.13,2.84,1.56,2024-02-18
S100792,6.73,6.505,2.95,6.49,40.66,2.73,57.26,3,57.44,2.03,2.61,2024-02-05
S100793,5.73,4.52,1.8,8.69,33.04,5.61,72.07,2,50.29,3.92,3.95,2024-08-03
S100794,5.84,0.39,0.57,6.2,41.58,4.54,54.31,2,44.63,0.21,14.19,2024-02-09
S100795,5.59,3.45,0.9,4.57,53.28,4.18,57.79,1,53.3,2.42,0.36,2024-02-04
S100796,7.2,5.88,0.09,5.11,50.19,4.43,27.54,0,58.98,1.05,0.11,2024-02-03
S100797,6.33,8.78,0.3,4.95,30.17,5.45,80.16,3,68.67,6.86,3.05,2024-03-21
S100798,5.72,4.37,1.44,1.85,68.32,3.84,54.04,0,56.32,1.5,0.91,2024-03-02
S100799,7.48,6.505,2.88,6.93,48.09,6.17,72.42,2,50.49,1.22,1.04,2024-02-21
S100800,6.43,6.07,1.33,6.65,24.49,2.41,57.03,2,66.29,1.24,7.57,2024-04-07
S100801,5.65,6.38,0.68,7.22,13.08,3.95,62.73,2,60.62,2.32,2.94,2024-04-15
S100802,4.18,1.72,0.57,4.92,50.38,5.32,78.0,2,44.5,0.33,0.55,2024-02-17
S100803,6.91,5.19,1.57,7.05,54.49,3.3,49.87,1,47.69,1.0,6.97,2024-03-04
S100804,6.63,11.72,0.22,3.87,24.93,4.52,55.14,2,66.89,6.04,1.02,2024-02-14
S100805,6.37,8.86,2.01,5.34,25.09,5.5,62.26,3,68.2,2.65,8.29,2024-04-22
S100806,5.69,4.88,0.04,5.26,60.85,4.73,61.03,2,42.25,1.5,8.6,2024-03-06
S100807,5.13,6.99,0.43,4.72,36.4,1.82,59.87,1,53.12,1.14,2.48,2024-05-04
S100808,5.98,8.92,2.8,6.06,41.63,4.59,66.5,2,50.47,3.22,1.76,2024-10-04
S100809,6.62,6.0,1.04,8.95,51.37,6.63,63.2,2,41.73,3.39,6.25,2024-04-03
S100810,6.12,8.0,2.48,9.11,9.54,7.83,39.82,0,59.22,31.99,11.71,2024-04-18
S100811,6.1,6.89,2.88,4.71,61.59,6.07,8.89,1,54.34,1.23,0.04,2024-04-14
S100812,5.64,4.52,3.31,8.42,44.59,4.32,18.75,0,40.34,2.16,1.59,2024-04-07
S100813,6.77,6.7,0.59,1.0,33.28,6.19,39.9,0,69.93,1.32,8.22,2024-03-09
S100814,6.63,3.65,1.99,6.24,16.54,9.24,52.6,1,62.82,0.84,3.93,2024-03-18
S100815,5.25,6.36,0.04,4.52,39.04,5.95,70.47,1,63.88,10.89,1.48,2024-03-08
S100816,7.36,7.33,2.02,5.24,71.75,4.73,70.28,1,43.15,3.62,1.18,2024-04-07
S100817,7.41,5.19,8.0,7.31,41.29,4.1,85.76,1,58.49,1.01,0.12,2024-04-26
S100818,7.44,7.68,2.16,8.19,34.46,1.03,70.72,2,56.02,4.21,8.47,2024-04-27
S100819,6.12,7.1,1.59,6.88,44.54,6.62,75.98,2,54.94,1.57,1.41,2024-03-06
S100820,6.03,6.63,0.79,4.45,39.88,4.44,74.64,4,47.44,1.63,2.7,2024-02-09
S100821,4.68,5.38,2.1,4.29,64.35,1.23,80.06,2,44.89,4.16,1.14,2024-02-18
S100822,7.36,6.505,0.47,7.39,41.42,4.31,50.03,5,49.63,0.76,5.22,2024-03-05
S100823,3.31,6.9,1.17,5.42,52.5,7.17,75.01,0,38.97,1.38,1.87,2024-03-21
S100824,5.75,6.87,0.63,4.79,49.1,4.36,48.07,1,51.18,2.74,20.0,2024-02-22
S100825,5.82,8.93,1.57,5.27,35.4,7.79,88.04,2,55.06,1.39,0.1,2024-04-08
S100826,7.5,2.11,0.46,2.63,33.29,1.96,70.7,1,71.45,1.98,8.77,2024-12-03
S100827,6.3,7.22,1.25,7.64,26.59,5.46,67.09,0,54.43,2.45,1.81,2024-10-02
S100828,4.95,5.78,0.54,4.32,47.22,5.34,74.93,0,45.56,4.28,0.52,2024-02-04
S100829,4.3,5.43,1.12,5.77,28.71,7.94,63.64,0,47.15,1.92,5.52,2024-03-31
S100830,5.28,3.48,3.26,9.24,31.26,6.61,50.29,6,41.66,0.77,2.46,2024-04-10
S100831,6.45,12.01,2.12,10.0,43.31,4.78,52.12,2,40.34,4.4,9.05,2024-02-29
S100832,6.38,8.22,2.13,1.24,42.28,4.11,53.68,0,67.41,6.1,5.1,2024-02-28
S100833,6.02,6.64,0.64,6.46,53.28,4.87,53.75,3,52.97,1.64,9.43,2024-04-24
S100834,5.34,7.72,4.51,2.94,74.73,3.74,82.45,1,45.83,4.88,0.81,2024-04-21
S100835,6.01,2.61,5.67,3.81,59.56,10.0,49.19,1,49.89,0.66,0.28,2024-10-03
S100836,7.7,6.23,0.4,5.6,54.83,8.96,74.91,1,51.15,2.49,7.68,2024-04-19
S100837,4.76,7.05,1.63,7.11,25.78,6.91,65.07,2,50.77,1.51,0.13,2024-03-03
S100838,6.35,6.45,1.85,6.83,45.12,3.22,79.25,2,48.78,2.04,7.22,2024-02-21
S100839,8.57,3.18,0.68,4.44,20.89,9.18,82.0,4,70.51,0.56,6.65,2024-04-23
S100840,7.08,5.67,1.49,5.63,51.99,6.1,50.27,0,59.28,1.29,5.47,2024-03-17
S100841,5.66,10.63,0.66,10.0,68.07,6.86,60.41,1,28.13,42.54,7.27,2024-04-07
S100842,7.23,8.91,0.35,6.94,13.76,9.97,61.49,1,66.58,2.14,12.48,2024-05-02
S100843,5.25,7.52,1.39,1.95,54.7,7.76,44.47,2,62.5,3.5,3.55,2024-04-22
S100844,6.31,8.03,1.43,6.77,16.03,6.34,42.39,2,63.12,6.5,11.44,2024-03-26
S100845,8.48,12.96,0.28,2.85,48.39,1.0,74.67,0,59.82,6.62,4.57,2024-04-19
S100846,8.95,7.85,0.16,5.08,63.92,4.92,69.67,2,52.47,3.24,2.72,2024-05-03
S100847,3.91,5.16,2.31,8.96,67.12,7.73,60.83,4,29.99,2.25,2.64,2024-03-02
S100848,7.28,2.46,1.78,6.24,54.05,5.18,52.6,1,53.44,1.4,3.23,2024-04-08
S100849,9.03,6.83,2.01,3.28,84.92,6.08,83.85,2,52.85,27.32,10.22,2024-02-20
S100850,5.54,6.5,5.19,9.5,31.01,4.01,70.52,0,49.63,4.19,2.75,2024-05-04
S100851,6.66,1.84,0.22,4.6,56.66,3.9,76.92,1,58.11,0.85,1.15,2024-04-04
S100852,8.41,5.39,0.52,5.47,63.81,3.43,53.76,0,54.19,4.64,0.24,2024-03-28
S100853,5.61,6.29,0.52,8.65,38.47,5.72,75.61,4,43.65,2.8,0.3,2024-04-16
S100854,6.93,5.6,0.46,8.41,40.79,5.97,51.28,3,47.73,7.87,7.38,2024-04-07
S100855,6.22,0.99,0.4,8.17,40.44,9.87,90.57,0,43.33,0.27,3.2,2024-02-21
S100856,6.29,3.5,1.99,4.59,69.58,2.14,43.81,3,39.52,0.4,7.02,2024-02-04
S100857,6.78,3.4,0.28,3.66,43.05,4.97,78.02,3,63.44,0.85,2.9,2024-03-21
S100858,6.04,9.44,1.18,5.01,52.11,4.87,69.29,2,48.79,5.81,1.21,2024-02-13
S100859,7.6,5.93,0.82,7.42,4.85,4.04,57.75,2,62.6,1.88,8.5,2024-03-26
S100860,9.23,3.73,3.13,8.03,55.0,3.33,30.51,3,52.86,2.99,2.58,2024-03-06
S100861,7.26,7.98,3.64,8.42,49.7,5.07,15.71,2,51.3,1.74,0.41,2024-03-30
S100862,5.79,2.06,0.35,7.22,55.58,6.26,64.19,1,36.66,0.5,7.58,2024-03-28
S100863,6.93,5.26,2.31,3.11,35.0,3.54,52.68,3,72.4,1.02,12.12,2024-02-18
S100864,6.58,7.66,1.83,5.32,50.53,5.6,61.87,1,58.95,2.2,20.0,2024-02-25
S100865,7.73,3.99,2.87,8.06,46.82,8.53,67.03,2,48.23,2.14,3.35,2024-04-14
S100866,4.29,3.91,5.04,2.24,65.04,5.98,85.31,4,49.22,1.33,6.56,2024-02-13
S100867,4.67,2.16,0.28,3.1,56.75,2.17,66.04,7,48.79,1.32,4.03,2024-03-21
S100868,3.44,4.28,2.15,5.52,38.05,6.2,47.55,4,50.21,1.15,2.6,2024-02-04
S100869,7.15,8.23,0.79,5.52,0.0,1.88,39.77,1,76.74,3.16,20.0,2024-03-06
S100870,6.27,7.2,0.29,5.57,61.41,4.28,89.09,1,49.74,1.66,3.42,2024-03-11
S100871,5.4,8.75,0.21,8.19,15.83,6.61,62.68,3,52.94,9.68,1.67,2024-03-20
S100872,5.28,4.85,0.27,6.95,49.96,4.63,85.87,0,46.41,3.81,1.97,2024-03-23
S100873,5.5,12.51,1.91,6.92,37.12,5.88,23.07,2,49.9,3.48,7.65,2024-03-05
S100874,5.0,2.13,1.59,6.18,34.76,5.66,24.14,1,50.69,1.43,1.61,2024-02-21
S100875,5.85,3.86,1.55,8.34,0.0,3.7,73.3,1,66.74,1.03,8.94,2024-02-06
S100876,5.61,0.78,1.89,9.03,0.78,10.0,28.47,2,63.32,0.35,4.52,2024-04-09
S100877,8.25,7.4,0.44,9.92,27.53,5.79,49.64,0,57.42,2.25,0.15,2024-04-02
S100878,6.75,6.9,1.08,6.45,63.49,5.45,53.19,1,43.18,5.47,4.32,2024-04-04
S100879,5.15,6.505,2.49,6.77,65.15,3.38,70.43,1,31.53,12.81,2.21,2024-02-01
S100880,5.48,5.1,1.5,3.26,38.34,3.98,69.99,2,58.71,1.55,1.27,2024-03-07
S100881,7.98,5.24,1.44,4.44,26.88,4.27,62.67,2,77.41,20.98,1.39,2024-03-24
S100882,6.93,0.0,2.58,3.86,29.83,8.36,45.15,1,62.05,0.0,3.79,2024-03-02
S100883,6.71,0.56,1.31,10.0,27.5,7.55,55.71,0,49.31,0.23,9.66,2024-02-28
S100884,7.31,6.33,0.02,8.51,36.3,10.0,48.93,1,52.31,1.91,0.29,2024-04-06
S100885,8.52,4.43,1.92,2.21,58.43,8.74,74.29,2,60.43,1.61,1.48,2024-04-08
S100886,4.6,7.57,0.97,8.44,26.71,6.15,42.65,4,46.55,2.28,0.39,2024-03-29
S100887,5.26,3.71,2.57,4.67,44.82,4.21,86.14,3,52.4,3.24,2.15,2024-08-03
S100888,3.86,7.01,1.72,4.38,37.76,3.14,71.52,2,52.9,3.35,12.98,2024-07-04
S100889,6.99,6.69,0.95,6.87,30.15,9.08,100.0,3,52.94,1.63,5.79,2024-03-31
S100890,5.77,6.505,0.05,2.24,20.42,1.0,51.18,1,66.84,0.58,10.25,2024-02-29
S100891,5.36,7.79,0.37,2.31,23.03,9.26,33.21,3,69.93,9.7,8.31,2024-03-14
S100892,5.23,9.06,0.13,8.88,42.14,5.28,62.38,1,37.35,9.96,2.28,2024-04-18
S100893,7.27,6.5,0.06,6.71,12.92,4.65,45.47,1,63.07,3.17,3.99,2024-03-10
S100894,6.1,8.19,1.99,5.38,42.44,4.74,74.92,3,60.27,2.93,3.65,2024-03-08
S100895,5.56,7.84,0.75,7.32,67.31,8.04,76.28,0,31.65,1.65,0.69,2024-03-31
S100896,8.06,5.65,4.06,6.71,24.86,2.94,42.75,3,61.07,4.96,3.3,2024-03-16
S100897,4.84,7.96,0.79,3.51,68.98,6.42,45.6,0,52.18,3.13,3.43,2024-03-02
S100898,4.53,10.83,0.07,6.73,50.89,3.91,82.1,2,40.35,4.42,5.65,2024-03-29
S100899,9.93,3.66,1.33,5.53,25.97,2.07,77.46,3,74.67,1.26,0.08,2024-07-04
S100900,5.79,7.26,2.41,5.97,18.6,5.68,51.79,4,66.62,1.8,2.61,2024-03-26
S100901,5.54,5.3,2.3,4.03,49.35,6.67,74.54,1,53.47,1.28,9.23,2024-02-16
S100902,5.28,6.25,2.14,3.84,45.66,3.15,27.44,3,55.49,2.98,1.69,2024-02-14
S100903,6.11,5.38,0.25,10.0,15.6,5.3,49.04,1,52.64,1.23,2.88,2024-03-15
S100904,7.4,5.37,2.08,5.84,76.95,3.9,67.05,0,48.74,1.15,3.18,2024-02-15
S100905,7.35,6.6,0.16,6.45,51.89,3.1,63.17,3,56.66,1.5,4.0,2024-02-12
S100906,7.06,4.94,0.51,9.85,12.45,2.75,62.96,2,48.04,2.41,2.89,2024-04-24
S100907,5.91,7.11,0.43,6.63,51.62,9.33,51.47,1,44.75,3.2,4.38,2024-04-08
S100908,4.21,1.17,2.99,7.23,70.51,1.0,62.48,3,30.5,0.26,6.68,2024-04-24
S100909,6.7,8.42,0.08,2.57,44.55,7.3,82.15,1,67.78,3.27,4.48,2024-03-06
S100910,8.43,4.83,0.04,7.25,11.79,8.3,30.51,2,73.62,1.1,2.58,2024-04-19
S100911,7.8,4.69,6.86,9.6,36.74,6.39,67.07,3,48.96,1.48,1.56,2024-02-10
S100912,6.06,9.03,1.4,6.64,69.15,2.31,81.35,1,46.47,2.67,0.36,2024-03-23
S100913,7.42,8.27,1.6,3.58,17.82,3.97,43.82,2,80.9,3.51,7.93,2024-04-27
S100914,5.76,7.94,4.62,1.64,26.29,1.0,77.29,0,71.0,31.78,4.36,2024-02-04
S100915,6.22,7.87,0.64,6.55,22.77,6.49,35.28,3,62.09,5.76,3.01,2024-02-23
S100916,4.57,6.95,2.01,1.69,72.25,5.58,16.74,3,51.82,1.26,4.19,2024-03-02
S100917,5.86,3.96,4.09,4.94,59.86,6.63,46.91,2,54.26,4.73,5.17,2024-03-02
S100918,6.5,7.84,1.23,4.36,64.15,6.79,74.86,2,47.91,1.82,0.17,2024-03-11
S100919,6.06,7.4,2.13,3.9,9.41,7.85,71.66,1,66.54,8.13,10.41,2024-04-12
S100920,7.38,7.91,0.41,8.15,95.95,6.25,65.23,3,28.72,4.56,1.11,2024-04-07
S100921,8.94,5.92,0.79,3.02,41.73,6.14,80.09,1,62.95,1.25,10.09,2024-04-09
S100922,8.15,5.87,3.39,6.3,47.32,5.33,100.0,2,55.31,2.22,0.08,2024-04-02
S100923,5.87,4.58,3.5,6.87,30.38,2.84,59.42,2,55.43,2.51,5.26,2024-04-28
S100924,5.28,9.8,1.42,4.2,54.96,7.46,91.04,1,57.55,2.56,4.38,2024-03-26
S100925,5.39,4.58,0.77,4.23,7.59,8.34,79.7,0,62.4,1.08,1.26,2024-04-25
S100926,4.93,7.71,2.66,7.65,28.47,3.62,46.37,2,54.31,2.82,0.69,2024-07-03
S100927,6.35,5.24,1.66,4.87,35.49,2.33,68.58,1,63.56,2.34,0.68,2024-03-08
S100928,6.89,3.55,0.36,5.16,52.97,4.21,66.54,1,51.78,0.8,0.79,2024-04-26
S100929,6.56,5.75,2.49,8.27,57.34,6.83,70.08,1,44.09,2.71,6.6,2024-02-14
S100930,6.57,2.85,0.64,7.58,1.04,5.66,52.12,3,66.99,11.39,1.25,2024-02-29
S100931,6.52,5.59,0.09,10.0,40.88,10.0,54.92,3,46.52,1.13,0.11,2024-03-23
S100932,6.12,6.26,0.89,6.79,75.17,3.88,88.3,2,33.91,2.33,2.78,2024-03-01
S100933,5.26,4.22,0.86,5.2,51.42,6.27,73.37,0,43.16,1.19,7.4,2024-04-20
S100934,8.71,5.47,0.29,8.0,39.86,6.16,51.55,3,58.34,1.18,3.26,2024-02-06
S100935,7.77,6.66,0.59,6.25,22.16,10.0,74.38,1,68.56,2.29,0.17,2024-02-23
S100936,5.03,6.31,2.89,7.97,49.54,8.87,40.43,4,41.61,1.22,0.1,2024-04-29
S100937,5.03,3.48,0.35,6.08,12.11,7.74,84.38,2,58.86,1.76,1.23,2024-02-09
S100938,5.48,6.66,0.28,5.22,56.0,7.02,63.41,2,50.64,1.75,1.06,2024-02-26
S100939,6.35,4.56,3.43,6.29,32.9,1.98,70.43,2,57.61,18.26,5.99,2024-04-16
S100940,8.06,4.13,1.28,7.03,76.91,5.72,69.01,1,38.42,1.71,0.07,2024-03-19
S100941,7.72,5.73,1.4,8.34,48.63,6.57,41.25,1,45.32,0.87,0.24,2024-04-02
S100942,7.79,5.34,0.03,10.0,29.83,5.45,62.48,5,49.3,0.95,8.64,2024-02-25
S100943,7.82,8.31,0.33,5.69,32.83,6.92,64.42,0,65.18,2.88,9.22,2024-04-23
S100944,7.85,6.76,0.43,3.63,30.69,3.46,50.86,0,78.07,9.04,7.94,2024-02-12
S100945,7.33,5.16,0.51,3.75,46.17,3.84,92.68,1,68.17,1.14,1.36,2024-03-15
S100946,6.94,11.56,4.0,4.5,36.5,7.93,47.43,1,57.69,2.25,1.21,2024-03-08
S100947,6.13,9.38,0.34,6.74,36.57,8.22,49.13,2,54.93,1.96,4.31,2024-02-22
S100948,3.86,1.15,0.49,3.53,69.8,8.02,70.32,1,33.01,0.27,7.62,2024-04-10
S100949,6.12,2.69,3.75,4.77,36.96,4.19,28.84,4,57.09,0.89,3.5,2024-02-18
S100950,8.82,3.76,1.99,6.38,0.38,4.02,48.77,0,73.9,15.05,0.12,2024-04-23
S100951,5.54,9.2,4.08,4.7,93.63,3.97,36.22,0,30.75,1.78,6.97,2024-03-27
S100952,5.42,3.53,0.06,1.0,29.66,3.69,39.19,1,69.62,0.84,2.96,2024-04-12
S100953,7.72,6.505,3.65,7.23,20.99,3.75,80.57,1,58.55,1.35,2.33,2024-02-12
S100954,6.41,5.63,0.16,6.94,46.53,4.15,46.89,0,49.54,2.8,0.04,2024-03-07
S100955,5.63,9.25,3.18,9.77,35.81,4.07,73.21,3,46.71,3.07,13.46,2024-03-11
S100956,8.48,5.37,0.07,10.0,18.78,6.6,80.19,2,57.62,2.48,3.08,2024-02-21
S100957,7.17,7.48,0.08,6.38,34.09,6.86,62.52,3,59.14,1.69,4.93,2024-02-26
S100958,7.36,5.96,0.59,1.0,46.38,9.48,42.98,1,61.97,1.99,0.02,2024-02-19
S100959,5.51,9.66,1.19,4.08,53.14,1.0,21.11,1,52.5,2.15,0.11,2024-02-23
S100960,7.0,7.67,0.44,6.1,36.96,4.22,64.15,2,49.44,1.22,0.38,2024-01-04
S100961,6.83,8.27,1.11,7.21,42.38,7.61,82.69,3,48.03,4.0,0.05,2024-03-14
S100962,7.39,5.69,0.6,1.0,62.64,7.35,73.84,1,65.75,0.98,3.51,2024-02-19
S100963,7.91,6.11,2.85,7.95,64.8,3.71,60.05,1,45.61,6.19,0.46,2024-03-23
S100964,7.88,8.98,2.19,6.3,9.96,8.33,51.39,2,70.07,3.1,11.26,2024-02-11
S100965,6.54,11.14,0.35,6.67,55.18,1.47,54.93,2,47.9,3.89,10.1,2024-02-07
S100966,7.27,6.2,1.06,6.62,29.72,2.18,84.91,4,63.61,1.55,1.02,2024-01-04
S100967,4.7,7.69,4.06,3.1,22.26,8.05,29.18,2,73.25,3.27,2.73,2024-04-21
S100968,7.2,4.01,0.47,7.19,53.83,6.54,65.51,3,49.37,1.48,2.35,2024-02-19
S100969,7.26,10.25,1.7,6.31,46.36,5.47,62.29,1,51.55,2.12,1.97,2024-04-09
S100970,5.76,3.74,2.9,3.3,65.23,5.12,68.54,2,53.72,2.36,2.44,2024-02-24
S100971,5.22,7.59,2.19,7.07,11.13,5.3,48.83,2,60.86,2.45,1.7,2024-04-27
S100972,6.22,7.61,3.41,5.9,29.83,7.5,100.0,0,54.38,3.01,1.25,2024-02-21
S100973,4.6,4.6,0.72,7.49,53.91,6.5,27.24,5,39.03,2.59,1.05,2024-03-14
S100974,6.78,3.63,1.75,5.8,44.23,5.89,59.57,1,56.05,2.07,6.05,2024-03-16
S100975,6.71,6.19,1.33,3.12,50.67,5.86,40.52,0,53.64,0.94,0.66,2024-03-21
S100976,4.97,8.93,0.22,4.67,67.2,5.55,74.3,5,39.6,2.72,0.46,2024-04-13
S100977,6.37,3.04,0.69,4.69,42.59,4.81,58.2,1,57.5,1.23,0.23,2024-02-11
S100978,7.79,5.45,2.09,5.55,0.0,6.58,69.63,4,81.95,2.71,0.57,2024-04-29
S100979,7.79,0.0,0.24,7.78,43.61,4.46,71.35,2,51.48,0.0,0.31,2024-04-16
S100980,7.71,6.0,1.91,4.11,30.81,9.3,74.91,3,66.25,3.18,1.22,2024-02-07
S100981,6.09,3.53,3.93,6.76,57.17,6.94,76.61,3,44.59,1.29,2.63,2024-03-19
S100982,5.83,5.09,3.74,3.28,24.49,6.83,62.08,3,64.65,7.37,6.5,2024-02-26
S100983,5.75,6.38,0.28,9.04,50.58,4.61,77.07,1,41.15,4.52,2.85,2024-02-27
S100984,7.13,4.66,0.91,5.21,54.75,9.01,18.49,1,62.58,1.03,2.91,2024-04-23
S100985,9.59,8.29,0.19,5.23,56.03,5.3,68.2,3,62.44,1.95,8.51,2024-03-09
S100986,8.27,9.25,1.7,4.05,67.45,4.45,29.85,3,58.53,2.03,3.28,2024-02-07
S100987,8.52,9.42,2.1,9.73,0.0,3.59,53.45,2,69.1,2.12,2.84,2024-02-22
S100988,8.19,6.17,1.74,1.96,24.64,3.74,66.62,3,79.61,1.13,9.72,2024-04-13
S100989,4.04,5.25,0.24,8.33,32.79,5.99,80.51,2,45.88,2.1,16.46,2024-03-26
S100990,6.02,6.505,1.44,6.78,31.14,4.64,55.32,3,63.94,4.17,8.41,2024-04-02
S100991,5.69,8.99,0.08,2.21,37.5,5.53,71.66,2,61.94,2.09,0.93,2024-05-04
S100992,8.05,5.15,0.41,5.82,54.23,5.54,92.23,1,53.88,1.86,19.18,2024-03-11
S100993,8.66,6.34,0.28,3.41,40.42,3.21,58.55,5,68.65,1.65,0.2,2024-04-27
S100994,5.37,5.85,0.52,5.14,75.51,3.25,48.54,1,38.4,2.16,0.55,2024-02-04
S100995,6.35,8.34,0.16,4.55,62.61,2.82,48.69,0,52.3,6.21,4.14,2024-12-02
S100996,7.08,5.16,0.13,7.6,61.29,4.66,64.5,2,40.97,2.18,1.27,2024-03-04
S100997,5.62,0.7,0.3,7.59,49.93,6.44,52.25,3,45.52,0.31,4.26,2024-03-03
S100998,5.42,7.9,1.99,7.76,14.34,7.83,54.05,0,62.32,1.63,5.56,2024-03-06
S100999,5.35,8.75,0.45,3.74,48.03,6.32,57.1,0,47.59,1.87,0.1,2024-02-19
S101000,7.54,6.97,3.88,5.62,39.44,1.66,34.31,2,55.11,1.12,1.85,2024-02-25
S101001,5.03,8.55,0.69,2.59,49.71,2.25,45.2,3,59.7,2.13,0.65,2024-04-13
S101002,7.89,6.32,1.75,6.24,38.29,1.0,19.64,1,61.48,2.01,2.89,2024-02-28
S101003,6.42,3.33,5.57,3.54,66.6,8.2,59.35,2,48.77,1.0,0.39,2024-04-14
S101004,7.35,7.36,0.05,4.85,47.63,7.75,73.69,3,54.04,6.62,9.68,2024-03-25
S101005,8.46,6.505,1.68,1.0,52.9,9.42,57.99,2,76.77,2.23,0.87,2024-02-05
S101006,5.36,3.34,0.01,4.6,68.15,3.23,76.69,5,44.92,0.54,4.94,2024-03-26
S101007,5.16,9.16,0.01,4.31,74.79,7.74,76.94,4,50.68,1.94,0.73,2024-04-16
S101008,6.9,6.3,0.67,3.6,41.42,10.0,68.87,3,55.83,1.22,13.48,2024-03-14
S101009,4.86,0.0,0.63,6.4,18.86,6.34,49.18,5,61.94,0.0,1.56,2024-02-13
S101010,5.28,7.84,0.29,4.34,33.37,4.76,36.89,1,60.83,2.21,8.87,2024-03-04
S101011,6.14,6.57,0.82,5.46,36.96,9.01,31.78,1,49.68,26.27,1.61,2024-04-26
S101012,6.52,5.2,0.4,6.02,54.12,5.4,24.06,1,45.66,1.28,2.11,2024-02-09
S101013,4.56,5.35,2.69,4.14,59.84,2.55,57.25,2,49.26,2.44,1.46,2024-03-22
S101014,5.77,7.68,0.76,5.5,47.87,2.33,77.98,1,55.5,27.52,0.25,2024-02-02
S101015,7.12,8.05,0.21,4.41,15.44,3.77,69.73,1,76.87,1.78,0.07,2024-03-19
S101016,8.18,8.15,0.06,3.61,8.95,7.66,42.99,1,81.42,3.0,1.03,2024-04-29
S101017,3.56,9.31,0.1,4.58,23.32,4.33,33.99,1,53.56,1.97,0.2,2024-03-19
S101018,8.13,6.505,0.27,5.55,25.45,1.72,37.01,5,66.87,1.44,0.81,2024-04-05
S101019,7.53,10.48,2.81,6.05,32.56,8.25,52.81,0,64.69,2.71,3.56,2024-03-01
S101020,4.78,6.505,1.29,8.46,68.87,6.26,73.95,0,35.94,2.26,0.54,2024-04-07
S101021,4.25,6.83,1.51,8.15,66.47,6.67,29.93,0,28.64,1.93,8.86,2024-03-05
S101022,6.88,7.67,0.04,4.8,38.47,5.93,64.91,2,67.71,2.36,6.84,2024-07-03
S101023,5.71,7.81,2.28,8.96,35.43,6.75,45.22,1,45.32,3.56,1.23,2024-02-28
S101024,6.49,9.68,2.96,7.43,58.14,10.0,64.95,4,43.9,1.94,1.44,2024-02-21
S101025,7.5,3.33,7.89,4.41,34.64,5.99,48.36,4,60.46,5.13,6.34,2024-08-04
S101026,5.78,9.26,0.06,4.06,44.83,2.36,24.59,2,65.55,3.73,3.49,2024-04-16
S101027,6.53,5.19,0.35,8.13,55.78,5.27,81.42,0,43.15,2.51,8.44,2024-02-09
S101028,6.96,6.65,0.09,5.02,24.25,3.62,37.1,2,71.42,2.05,3.94,2024-04-17
S101029,7.54,7.6,0.94,8.14,48.62,9.16,74.7,1,52.08,2.75,0.3,2024-04-18
S101030,8.76,8.13,1.32,10.0,46.59,8.79,50.94,1,51.83,2.73,20.0,2024-06-04
S101031,8.67,6.09,0.38,3.8,34.93,4.36,30.39,2,68.76,2.07,3.35,2024-04-28
S101032,6.64,7.7,0.88,6.57,17.69,6.1,40.08,1,64.05,2.49,0.07,2024-04-11
S101033,5.97,9.41,3.23,8.34,61.03,4.15,52.53,2,43.09,2.43,1.78,2024-03-24
S101034,9.61,7.2,0.85,5.18,42.8,3.08,77.56,3,61.88,1.66,3.53,2024-04-22
S101035,7.19,9.76,0.12,2.94,38.08,5.51,66.67,4,69.21,2.25,4.03,2024-08-03
S101036,6.9,5.95,0.84,8.44,63.11,6.29,70.19,2,44.07,1.74,6.48,2024-03-16
S101037,4.77,1.64,0.11,7.99,55.05,7.51,62.66,1,33.65,0.61,2.88,2024-04-08
S101038,7.39,6.2,0.49,8.23,44.26,5.04,52.54,2,47.09,1.33,1.52,2024-04-12
S101039,5.22,6.37,3.51,3.77,43.14,6.06,88.35,1,56.11,4.71,3.75,2024-02-14
S101040,5.66,6.36,0.0,3.89,12.96,6.4,95.68,2,72.51,3.05,1.41,2024-02-10
S101041,4.44,2.56,1.07,5.63,68.19,5.44,36.65,2,33.02,0.54,1.61,2024-03-08
S101042,5.58,3.09,2.82,4.6,60.48,6.0,55.12,4,47.43,0.82,1.27,2024-03-18
S101043,6.39,5.32,1.7,6.61,14.64,4.93,73.6,2,67.0,2.51,1.55,2024-04-01
S101044,4.21,6.46,0.53,8.29,45.82,2.9,68.83,2,43.71,1.31,7.41,2024-02-19
S101045,5.05,5.84,0.5,6.13,29.79,1.81,45.92,2,46.15,1.6,0.8,2024-02-18
S101046,6.19,9.42,0.84,5.86,57.7,2.47,74.66,3,48.7,9.07,0.82,2024-02-28
S101047,4.54,7.71,1.04,8.73,51.27,3.13,56.11,0,40.03,1.57,0.73,2024-04-04
S101048,4.56,7.09,0.65,4.97,33.51,1.83,63.96,2,55.12,7.5,7.7,2024-02-07
S101049,5.14,5.82,2.92,1.0,71.73,10.0,56.79,1,52.62,4.49,5.89,2024-04-14
S101050,4.34,2.64,4.27,4.96,34.18,7.7,52.25,0,53.77,0.7,9.96,2024-04-19
S101051,7.16,7.33,1.23,8.74,21.38,4.01,62.89,1,50.0,1.52,1.08,2024-03-28
S101052,4.92,5.7,1.31,7.92,36.09,5.68,69.15,3,47.44,1.59,2.96,2024-04-18
S101053,7.37,7.33,0.67,7.17,0.55,8.75,56.01,0,71.32,2.57,1.96,2024-03-13
S101054,7.59,11.07,0.75,4.29,17.55,6.09,56.06,2,70.94,2.84,5.84,2024-04-29
S101055,4.63,6.45,1.11,5.55,50.48,5.19,69.08,3,48.1,3.54,3.27,2024-04-01
S101056,6.36,11.51,1.4,4.61,5.96,4.56,64.98,1,75.08,2.11,7.74,2024-03-28
S101057,5.63,5.03,0.88,4.76,87.54,7.31,87.6,1,36.81,1.88,5.43,2024-05-03
S101058,4.72,4.99,2.32,6.59,27.6,5.44,57.39,5,50.36,1.51,2.23,2024-02-16
S101059,5.83,3.94,1.65,3.79,63.11,3.21,59.64,0,46.6,1.5,1.95,2024-03-05
S101060,5.96,6.8,3.14,8.47,22.27,7.48,87.77,2,57.35,27.2,7.38,2024-03-21
S101061,7.29,1.28,0.98,4.81,67.7,4.99,42.06,4,49.42,0.32,7.09,2024-04-26
S101062,7.73,6.505,0.78,7.55,0.13,6.02,32.27,1,69.62,7.75,0.46,2024-02-04
S101063,4.77,7.53,0.58,8.88,60.36,6.4,64.9,1,29.08,1.46,0.29,2024-03-25
S101064,5.73,8.32,1.34,1.88,69.79,5.04,38.16,3,51.66,1.89,0.78,2024-03-04
S101065,7.04,7.31,1.64,4.25,58.45,5.54,46.24,0,50.37,1.86,1.48,2024-03-13
S101066,7.94,8.36,3.72,4.83,50.57,4.71,37.94,5,58.87,1.27,1.11,2024-02-27
S101067,3.0,8.18,0.6,1.24,70.06,6.83,73.75,2,50.4,13.31,2.35,2024-03-29
S101068,8.08,6.61,0.43,6.64,57.5,8.89,33.56,2,51.04,2.1,4.67,2024-02-20
S101069,6.07,7.18,0.7,6.1,77.53,5.23,55.02,0,36.37,1.9,0.84,2024-03-10
S101070,8.44,5.22,0.07,7.93,54.24,6.2,35.79,4,45.81,1.02,1.03,2024-01-02
S101071,5.71,5.98,0.47,4.84,77.19,6.47,33.9,2,46.48,1.82,11.94,2024-04-09
S101072,5.14,10.11,0.67,6.86,33.57,3.99,62.83,2,54.89,3.84,3.82,2024-04-18
S101073,6.36,3.57,3.17,3.56,34.86,1.53,61.19,1,63.29,3.31,1.56,2024-04-03
S101074,7.93,9.25,4.13,6.58,50.22,5.95,30.23,1,41.74,11.73,0.87,2024-08-02
S101075,6.34,8.44,1.55,1.99,35.95,5.39,51.75,4,70.11,5.71,12.84,2024-02-20
S101076,3.01,2.63,2.57,6.35,51.66,5.6,87.81,2,51.17,0.91,15.63,2024-03-14
S101077,7.26,2.43,1.42,5.21,38.17,7.63,96.5,1,66.68,0.81,3.01,2024-02-26
S101078,4.05,5.05,0.33,7.64,12.79,5.77,64.81,3,56.65,20.22,1.66,2024-03-17
S101079,4.93,7.37,0.28,10.0,38.06,10.0,55.07,4,38.11,1.56,0.13,2024-04-29
S101080,4.68,5.46,2.14,6.29,52.05,5.77,34.12,1,48.13,1.49,20.0,2024-02-19
S101081,3.73,8.24,1.68,6.71,33.87,5.83,92.18,0,41.58,3.65,9.82,2024-02-17
S101082,4.55,5.97,0.14,6.48,28.77,4.21,27.97,4,53.74,1.7,4.81,2024-02-21
S101083,4.92,3.09,8.0,6.67,56.51,5.47,42.46,0,36.47,3.06,1.6,2024-03-04
S101084,5.44,7.68,0.62,3.93,27.37,8.45,70.09,2,64.45,2.68,4.44,2024-04-16
S101085,6.23,8.38,0.72,4.28,87.67,5.01,62.96,1,34.22,1.96,2.95,2024-02-11
S101086,5.83,5.8,1.34,1.0,73.2,5.7,50.09,4,54.0,1.63,1.6,2024-09-02
S101087,4.23,5.83,0.11,4.53,73.13,3.82,68.56,2,36.81,23.34,7.12,2024-02-11
S101088,6.05,3.01,0.23,8.87,57.25,7.1,82.06,0,41.15,1.04,5.37,2024-03-25
S101089,7.66,8.44,1.32,4.58,72.31,9.2,74.59,2,47.58,1.97,15.71,2024-03-19
S101090,7.63,10.59,2.12,2.96,17.66,8.11,49.45,0,73.85,3.48,3.89,2024-04-25
S101091,6.49,6.66,1.18,6.94,43.54,3.46,78.26,1,48.24,1.53,0.98,2024-04-01
S101092,7.17,2.98,1.09,8.31,54.82,9.27,53.68,3,44.31,0.56,0.72,2024-04-20
S101093,7.55,3.06,0.67,5.64,41.36,5.01,48.57,2,59.91,1.14,4.09,2024-03-15
S101094,8.21,6.26,0.08,6.05,64.22,3.76,53.89,3,40.86,1.85,0.43,2024-03-07
S101095,8.68,3.21,1.62,8.42,48.84,5.97,40.19,2,49.64,1.46,1.52,2024-02-06
S101096,5.85,5.02,2.64,2.24,20.27,3.16,61.23,3,70.48,2.0,8.32,2024-04-03
S101097,5.92,3.47,1.91,9.48,36.45,9.21,39.77,3,47.3,0.83,14.94,2024-04-03
S101098,8.36,6.75,1.14,4.58,86.88,8.24,76.64,3,46.09,4.53,2.52,2024-03-17
S101099,8.49,3.48,0.26,6.08,38.94,5.55,44.78,3,61.0,0.86,0.07,2024-02-04
S101100,8.46,8.76,0.32,1.35,60.55,6.41,49.17,2,65.5,7.68,7.06,2024-04-13
S101101,3.02,10.24,0.14,7.41,64.21,2.67,65.59,1,29.26,7.2,2.02,2024-04-08
S101102,5.99,10.15,0.77,7.28,31.56,5.05,52.55,2,54.19,2.87,0.21,2024-11-02
S101103,3.0,2.6,4.11,7.25,70.83,5.81,54.43,2,28.23,1.02,0.87,2024-12-04
S101104,7.32,9.54,2.84,5.98,39.39,8.04,56.9,2,53.91,10.16,0.96,2024-04-04
S101105,6.38,7.47,2.14,8.59,65.91,10.0,72.14,1,39.26,2.92,1.14,2024-10-04
S101106,6.37,8.0,1.55,5.9,37.6,4.13,46.43,2,57.8,4.06,15.08,2024-04-17
S101107,6.11,7.75,2.22,7.66,61.85,6.71,20.35,3,42.25,3.37,4.92,2024-04-28
S101108,8.12,8.26,2.06,5.02,56.33,8.66,95.12,1,57.47,2.4,6.61,2024-02-21
S101109,5.89,7.62,1.49,6.27,39.56,5.88,60.46,2,52.27,2.14,1.59,2024-03-29
S101110,7.75,7.04,2.0,9.11,49.88,3.65,39.84,2,48.75,3.29,5.17,2024-03-15
S101111,7.08,6.34,1.12,4.07,75.21,6.84,79.52,2,55.23,2.49,5.88,2024-02-24
S101112,6.8,4.94,0.1,5.92,60.52,6.33,67.3,2,40.38,1.56,0.48,2024-03-01
S101113,6.95,9.2,0.11,3.25,38.32,3.15,44.33,0,67.63,2.71,1.17,2024-04-23
S101114,6.45,6.24,1.31,5.94,28.49,6.36,52.02,3,54.97,1.91,0.38,2024-04-15
S101115,4.77,5.61,0.29,5.28,37.31,5.13,79.13,5,50.09,1.26,0.56,2024-04-23
S101116,7.3,8.67,2.76,5.76,61.98,6.62,44.1,4,48.5,3.26,12.79,2024-03-08
S101117,7.3,7.69,2.7,5.62,45.14,4.58,62.8,4,53.98,5.08,0.91,2024-02-19
S101118,6.1,6.2,2.03,7.19,49.84,4.16,52.32,4,48.31,3.75,0.91,2024-03-31
S101119,7.32,6.46,0.22,5.39,27.03,3.54,81.35,4,59.89,2.1,6.58,2024-04-17
S101120,7.56,1.78,0.25,7.6,76.73,6.44,56.8,3,32.87,0.47,5.93,2024-03-26
S101121,4.51,3.65,0.01,5.64,23.07,5.65,48.47,2,56.67,1.27,7.28,2024-02-14
S101122,6.1,5.52,0.63,4.19,72.2,6.01,97.94,2,42.41,3.53,0.06,2024-03-08
S101123,5.68,7.14,0.24,7.87,68.4,7.55,65.68,2,36.44,2.55,6.68,2024-08-02
S101124,5.03,7.41,1.98,6.46,15.07,5.73,51.4,1,58.74,2.32,2.91,2024-03-29
S101125,6.75,3.39,0.41,5.74,75.97,7.26,63.7,0,37.89,0.71,2.77,2024-04-11
S101126,5.12,5.22,0.18,1.61,51.23,4.78,66.43,0,66.12,1.17,5.34,2024-04-04
S101127,5.69,6.96,1.17,4.83,31.43,9.18,61.72,1,65.52,1.43,2.79,2024-02-17
S101128,6.64,8.57,0.94,6.04,35.81,9.68,48.48,2,58.81,4.05,2.85,2024-04-23
S101129,6.79,4.57,0.41,6.47,62.65,6.37,39.58,2,47.95,1.36,7.43,2024-02-23
S101130,6.75,4.28,1.79,1.0,56.75,1.26,51.36,2,61.33,0.78,0.75,2024-04-16
S101131,9.43,3.22,1.06,2.44,72.29,7.02,62.73,3,64.77,0.57,2.04,2024-03-13
S101132,5.59,6.25,0.57,9.0,35.16,1.61,45.91,2,45.67,1.77,6.31,2024-04-26
S101133,6.65,7.15,1.45,5.0,35.45,4.62,55.27,2,58.15,7.45,5.39,2024-02-09
S101134,4.61,8.86,1.59,7.5,53.29,7.25,58.4,2,36.05,1.78,7.16,2024-02-18
S101135,6.97,5.81,2.29,5.93,27.02,6.88,35.28,0,57.53,1.89,13.62,2024-04-25
S101136,7.91,8.74,1.2,4.22,67.62,2.27,30.67,1,51.3,1.32,0.5,2024-04-10
S101137,8.0,6.61,1.33,3.06,72.6,9.23,81.68,3,62.78,1.61,0.13,2024-02-13
S101138,5.41,7.0,0.78,5.55,36.07,3.91,53.55,1,53.7,4.09,0.23,2024-03-13
S101139,5.91,3.36,2.27,7.46,29.5,8.31,43.47,3,53.9,1.29,0.42,2024-04-02
S101140,8.07,10.69,1.76,6.03,32.41,6.67,75.23,2,61.74,3.67,0.89,2024-02-26
S101141,6.17,5.95,0.27,2.16,79.24,7.26,88.92,1,46.9,1.68,0.82,2024-04-21
S101142,7.64,9.43,4.71,4.03,100.0,5.96,49.1,0,35.87,11.13,5.31,2024-03-13
S101143,4.94,8.1,4.46,5.16,40.96,2.7,84.48,4,51.29,7.59,0.97,2024-02-20
S101144,8.24,5.67,2.37,6.1,50.52,7.2,56.18,3,57.19,5.7,1.69,2024-03-26
S101145,7.74,4.96,1.66,7.92,64.13,8.11,82.21,1,47.12,1.48,4.93,2024-03-01
S101146,6.95,8.29,0.92,10.0,43.75,6.06,33.03,3,35.57,4.49,2.3,2024-02-25
S101147,5.18,4.99,0.59,2.36,25.73,3.25,48.85,2,72.27,1.15,0.44,2024-04-09
S101148,6.08,4.46,1.52,7.97,34.46,8.69,65.11,2,50.77,5.2,4.88,2024-10-03
S101149,6.51,4.44,0.55,7.11,35.06,5.26,72.88,0,49.98,1.78,7.27,2024-02-12
S101150,6.67,4.41,5.29,8.11,32.79,1.0,82.5,1,51.02,1.23,13.72,2024-04-07
S101151,6.15,4.72,2.08,5.66,14.53,5.8,58.7,4,62.75,1.0,9.67,2024-04-22
S101152,5.99,10.01,2.54,1.0,35.59,3.98,69.51,0,76.92,3.17,2.19,2024-03-16
S101153,6.57,6.62,1.73,4.5,51.83,5.64,67.29,1,59.31,2.85,3.1,2024-02-19
S101154,8.25,9.19,0.58,9.22,72.31,3.68,57.86,1,46.58,2.38,6.97,2024-06-02
S101155,3.49,7.5,1.05,6.19,91.88,5.49,58.62,1,25.25,3.86,1.78,2024-02-22
S101156,4.38,6.1,4.48,2.68,70.7,9.12,48.24,2,53.39,3.83,2.55,2024-02-18
S101157,4.14,5.53,1.6,8.05,8.73,2.09,39.18,2,55.55,1.53,5.43,2024-04-04
S101158,5.34,3.81,2.32,7.0,64.63,5.03,60.23,1,40.63,1.14,0.73,2024-02-18
S101159,3.86,7.15,0.24,3.33,82.73,5.07,51.16,0,42.86,3.75,1.42,2024-03-12
S101160,7.07,6.5,4.37,4.72,38.95,9.75,60.44,1,60.59,1.38,12.36,2024-04-16
S101161,6.43,6.47,0.77,4.73,18.68,5.54,59.28,1,67.96,2.41,0.25,2024-03-06
S101162,5.94,6.13,0.49,5.24,43.26,4.34,75.41,1,58.46,1.21,5.74,2024-03-17
S101163,5.35,7.73,0.7,4.06,20.09,1.35,69.42,5,68.83,2.75,4.3,2024-03-11
S101164,6.52,5.07,1.22,2.41,33.19,1.78,55.87,4,71.42,13.12,1.78,2024-04-04
S101165,6.55,3.28,1.1,6.4,66.9,4.35,57.59,0,38.73,0.5,2.95,2024-04-25
S101166,6.76,4.88,0.66,8.13,46.16,4.13,66.32,1,49.78,4.25,0.65,2024-02-03
S101167,5.28,2.03,0.51,5.22,45.36,5.62,50.27,1,56.48,0.76,6.15,2024-07-03
S101168,7.21,6.95,0.24,7.38,34.89,4.51,80.51,5,59.7,3.48,3.51,2024-04-02
S101169,4.24,10.3,2.49,2.3,63.32,6.9,38.34,0,47.88,3.24,13.31,2024-02-20
S101170,8.05,5.25,0.96,1.93,51.0,9.92,60.25,0,66.23,0.93,3.02,2024-04-21
S101171,3.0,8.79,3.1,4.73,53.32,8.16,74.97,1,34.53,11.22,7.04,2024-03-24
S101172,5.47,11.32,0.4,6.43,39.82,7.88,47.92,2,53.71,45.29,0.65,2024-04-09
S101173,4.62,5.83,2.0,5.69,46.4,4.2,50.26,1,45.33,6.6,0.63,2024-02-22
S101174,7.41,7.71,1.6,9.23,32.37,3.54,35.29,1,48.66,2.02,2.23,2024-04-15
S101175,4.22,8.19,0.12,7.07,67.45,3.43,80.74,4,36.97,3.46,5.61,2024-02-17
S101176,8.85,10.39,0.59,4.53,43.74,5.77,64.19,0,71.06,2.19,5.23,2024-03-10
S101177,4.14,7.41,0.91,6.95,48.16,4.97,49.91,1,40.07,2.78,6.9,2024-04-04
S101178,9.14,4.72,1.57,6.47,81.95,5.99,45.51,5,54.95,0.88,0.05,2024-03-29
S101179,6.93,5.04,1.26,6.9,32.02,3.9,49.05,4,60.28,1.29,1.9,2024-02-25
S101180,6.34,4.08,0.48,9.02,20.03,7.16,54.92,3,50.36,1.74,6.57,2024-03-17
S101181,6.91,5.97,0.75,5.68,48.01,5.46,34.37,1,48.22,1.83,8.42,2024-04-13
S101182,9.37,8.06,1.05,6.85,39.64,8.82,42.86,1,59.32,7.5,6.28,2024-04-28
S101183,7.55,7.93,1.98,8.79,62.0,5.91,66.49,0,36.18,7.45,2.87,2024-02-22
S101184,3.17,5.17,8.0,6.53,23.38,5.15,31.1,1,49.89,1.28,8.31,2024-02-02
S101185,7.97,7.84,0.66,7.47,28.21,6.31,63.57,0,71.39,1.76,4.54,2024-03-05
S101186,6.62,2.24,1.19,6.83,43.06,5.4,58.1,0,49.44,0.49,6.24,2024-03-21
S101187,4.04,6.26,2.99,7.06,46.08,4.56,61.65,2,40.78,1.09,2.72,2024-04-07
S101188,7.36,9.67,0.69,3.42,45.41,7.26,25.83,3,55.3,4.48,7.51,2024-03-11
S101189,4.6,6.18,2.07,2.89,12.2,6.67,38.03,3,70.91,1.57,0.68,2024-02-21
S101190,6.55,5.42,0.88,1.09,90.57,7.0,32.52,1,54.79,6.74,0.58,2024-04-04
S101191,6.63,9.53,1.49,5.16,39.17,6.3,81.31,2,64.2,6.77,0.36,2024-04-03
S101192,5.39,9.79,2.04,4.57,0.0,3.77,43.59,1,74.58,4.65,2.92,2024-03-06
S101193,7.21,6.63,1.97,4.94,48.62,6.7,36.02,0,52.92,1.51,1.44,2024-02-16
S101194,4.87,1.39,1.62,5.76,28.76,2.02,68.48,2,53.44,5.54,1.53,2024-12-02
S101195,6.57,8.25,0.4,7.11,66.96,7.5,54.98,2,39.49,1.34,0.41,2024-02-07
S101196,5.53,11.08,0.02,4.94,30.88,6.12,51.2,1,51.05,6.64,1.96,2024-03-31
S101197,6.04,4.34,1.43,6.1,44.63,5.65,41.21,1,48.93,1.59,0.42,2024-02-18
S101198,8.99,12.25,0.2,2.97,51.09,7.46,83.65,1,70.28,3.17,7.67,2024-02-06
S101199,6.46,4.35,3.26,3.82,58.96,7.18,56.9,0,49.35,1.87,0.52,2024-04-04
S101200,4.78,9.21,2.76,8.6,33.63,8.77,19.85,2,40.44,2.79,2.88,2024-09-04
S101201,6.14,8.96,0.36,6.83,40.67,5.77,70.88,1,47.9,5.27,6.04,2024-04-22
S101202,5.22,8.54,0.62,3.79,57.09,7.26,70.4,1,56.31,1.37,3.32,2024-03-17
S101203,6.34,4.66,1.22,7.19,11.04,4.78,73.05,1,63.96,1.44,0.46,2024-02-08
S101204,6.53,8.55,0.47,3.52,62.81,4.11,68.85,2,59.58,1.93,1.97,2024-04-29
S101205,6.42,3.04,1.66,4.96,35.74,3.57,62.24,2,65.1,0.77,9.31,2024-02-18
S101206,6.42,6.54,1.97,3.55,68.47,6.19,86.89,2,55.56,2.55,1.65,2024-02-18
S101207,5.54,6.47,1.59,4.46,39.76,4.65,80.78,0,55.15,2.23,3.17,2024-02-26
S101208,6.93,6.71,3.07,6.53,63.44,2.54,56.28,0,46.48,2.01,4.03,2024-03-22
S101209,7.78,3.73,0.03,5.53,54.74,6.18,57.18,0,55.36,3.54,0.81,2024-04-23
S101210,5.43,4.71,0.57,4.76,59.37,5.97,41.93,0,52.13,0.87,13.02,2024-03-21
S101211,6.22,2.12,0.81,5.78,35.44,6.6,84.0,0,56.14,0.58,4.9,2024-05-03
S101212,6.38,10.97,2.59,6.56,51.82,4.45,67.26,2,45.8,9.16,3.46,2024-03-03
S101213,8.06,7.15,1.61,7.46,37.63,3.23,69.61,0,63.79,4.99,1.09,2024-02-06
S101214,7.81,4.89,0.56,5.1,64.51,1.0,57.63,3,50.67,1.85,1.05,2024-03-31
S101215,5.28,7.23,0.16,7.79,59.37,5.04,45.8,2,38.34,1.99,1.37,2024-05-04
S101216,6.4,6.51,2.56,4.97,60.7,2.32,89.55,1,45.6,1.72,8.56,2024-04-01
S101217,4.21,10.49,1.26,5.74,38.76,6.07,64.12,2,51.05,5.26,5.26,2024-02-10
S101218,4.95,5.13,0.62,5.28,11.75,6.07,23.6,3,65.4,1.85,11.44,2024-01-04
S101219,6.32,9.42,0.23,5.1,55.83,3.57,83.46,3,47.94,1.76,11.24,2024-03-23
S101220,7.18,2.97,0.31,5.43,25.73,7.53,54.63,1,68.08,0.98,4.15,2024-02-21
S101221,7.64,6.25,0.76,4.32,44.93,4.12,70.54,1,60.83,25.01,6.04,2024-02-18
S101222,5.86,7.75,3.41,6.74,58.93,1.0,47.19,1,45.02,4.41,6.53,2024-04-15
S101223,4.41,5.97,3.63,5.09,29.14,7.22,71.41,1,56.13,1.3,3.5,2024-03-29
S101224,6.86,9.0,0.12,4.06,41.07,5.18,39.98,0,64.64,21.96,0.54,2024-03-31
S101225,6.06,6.97,0.17,7.67,50.49,3.12,92.04,2,40.8,3.35,0.39,2024-02-22
S101226,6.89,5.1,2.97,7.2,15.01,1.0,77.03,6,66.87,2.31,1.33,2024-04-04
S101227,6.52,5.34,0.08,7.78,51.83,4.47,80.63,4,44.4,1.71,1.64,2024-02-03
S101228,7.3,9.84,1.42,7.76,11.57,4.43,66.84,1,65.42,39.36,3.83,2024-04-24
S101229,7.22,6.54,0.09,4.97,51.95,7.84,85.83,2,52.64,1.86,1.37,2024-02-13
S101230,7.48,5.73,2.09,5.89,80.29,4.42,61.24,5,39.89,3.15,1.02,2024-02-15
S101231,5.66,2.61,1.19,6.68,33.45,6.64,74.3,1,48.38,0.44,1.14,2024-07-04
S101232,7.69,2.99,0.44,7.47,66.47,8.39,49.09,2,41.46,2.37,0.35,2024-02-27
S101233,5.6,4.19,2.4,6.22,68.79,4.81,54.41,0,45.96,0.71,2.38,2024-04-22
S101234,6.42,8.06,0.13,4.97,0.0,4.6,52.75,1,73.86,2.94,1.21,2024-03-04
S101235,8.9,9.4,0.46,4.21,77.06,9.74,84.58,1,53.21,2.57,0.64,2024-07-03
S101236,6.8,4.87,1.07,8.61,52.41,5.69,51.84,0,47.38,1.58,6.36,2024-04-23
S101237,4.67,11.64,0.94,8.03,0.0,4.23,73.1,0,61.18,2.75,4.06,2024-04-21
S101238,8.39,7.05,3.52,7.55,16.48,3.17,53.12,2,64.68,2.02,1.73,2024-04-01
S101239,7.7,6.91,0.31,1.07,50.56,4.85,53.39,3,69.64,1.71,2.31,2024-03-12
S101240,7.9,7.14,0.59,7.16,8.34,5.12,79.37,3,75.19,2.8,1.33,2024-10-02
S101241,6.58,4.53,3.44,5.14,31.84,4.92,72.14,2,59.43,8.91,18.7,2024-03-04
S101242,6.78,9.03,7.38,4.66,62.8,8.01,46.25,2,57.67,3.32,1.1,2024-03-29
S101243,5.97,6.97,1.39,1.37,41.71,6.41,26.37,4,65.8,1.17,3.52,2024-04-26
S101244,5.32,8.22,4.0,3.21,68.72,7.51,54.97,3,46.21,3.94,13.52,2024-04-20
S101245,8.44,2.56,2.47,8.3,28.8,2.86,62.9,3,60.11,2.91,4.96,2024-02-27
S101246,5.78,3.2,8.0,7.25,14.06,9.11,78.21,4,61.56,0.65,9.73,2024-04-21
S101247,5.63,8.54,1.22,8.04,43.72,7.81,42.85,0,46.26,18.73,1.72,2024-04-20
S101248,5.68,10.14,0.85,4.87,60.31,4.58,93.3,3,46.47,2.39,1.79,2024-03-11
S101249,8.91,6.02,1.9,7.7,46.49,6.14,58.63,0,52.61,1.62,3.75,2024-04-18
S101250,7.53,5.93,2.33,8.09,57.45,7.48,48.43,3,43.91,4.24,1.62,2024-02-22
S101251,5.78,6.41,6.98,7.83,55.5,7.32,60.16,2,44.85,1.16,3.32,2024-03-26
S101252,6.24,5.36,0.27,4.12,56.98,4.98,34.95,1,57.18,3.22,20.0,2024-03-15
S101253,7.01,3.78,0.1,4.61,38.39,4.91,50.92,0,63.35,9.22,6.98,2024-11-04
S101254,7.53,3.85,0.45,5.95,23.59,5.59,76.39,1,73.4,1.25,4.32,2024-04-29
S101255,4.05,9.86,0.49,6.49,40.84,8.18,76.93,3,50.09,39.44,0.23,2024-04-07
S101256,7.57,5.17,0.08,2.37,22.36,2.59,67.99,4,73.58,1.2,3.82,2024-04-15
S101257,5.99,8.47,2.39,7.42,77.13,4.6,85.08,2,38.13,1.87,0.67,2024-04-16
S101258,5.34,2.78,2.36,4.25,34.41,8.38,46.74,4,64.49,1.91,2.64,2024-02-25
S101259,5.75,7.99,1.41,5.23,33.1,5.51,64.55,3,62.58,12.23,0.08,2024-04-08
S101260,7.41,9.69,0.21,7.45,5.39,6.4,80.63,2,68.41,4.24,1.5,2024-03-22
S101261,8.76,5.83,2.97,7.09,57.41,6.96,44.98,1,53.35,1.79,13.23,2024-02-16
S101262,6.51,9.17,0.61,9.88,78.72,1.0,67.28,1,30.46,5.02,2.05,2024-03-18
S101263,7.08,7.37,1.5,6.3,64.65,7.18,62.9,3,50.92,5.37,5.89,2024-02-17
S101264,5.16,12.65,0.09,5.61,24.42,10.0,73.09,2,60.47,4.45,5.31,2024-04-08
S101265,6.99,6.08,3.66,1.78,39.4,4.18,22.3,1,68.35,1.61,1.96,2024-03-28
S101266,7.45,6.07,0.65,3.15,50.84,4.97,65.93,2,63.86,1.96,4.45,2024-03-22
S101267,4.22,4.03,1.17,7.09,41.85,8.05,64.44,2,45.55,3.41,0.24,2024-04-14
S101268,5.58,6.36,0.56,7.45,35.93,9.03,42.88,2,50.97,1.14,4.5,2024-03-04
S101269,7.41,8.45,1.04,7.61,43.59,5.04,51.62,2,56.8,3.78,7.91,2024-04-04
S101270,3.84,4.75,0.57,5.96,46.5,6.04,67.5,3,45.23,2.81,0.52,2024-03-06
S101271,5.78,9.96,5.32,2.85,76.48,9.5,44.57,3,42.53,6.46,2.35,2024-04-18
S101272,7.14,5.26,3.62,1.12,28.08,6.7,51.73,6,73.52,1.98,0.14,2024-04-19
S101273,3.93,7.2,1.81,4.01,55.33,5.37,41.14,3,45.05,28.81,8.04,2024-03-17
S101274,5.74,10.0,4.07,4.82,21.35,8.84,64.56,2,59.82,9.81,2.72,2024-02-09
S101275,6.38,5.21,3.48,6.92,34.38,5.23,59.57,4,54.03,1.13,1.72,2024-05-02
S101276,7.55,7.05,0.88,8.48,54.46,5.18,50.7,2,48.44,1.42,3.68,2024-03-09
S101277,4.51,6.01,2.0,8.4,27.43,6.87,87.31,3,43.12,2.89,16.88,2024-04-21
S101278,7.85,4.74,0.82,2.97,53.23,5.97,67.1,0,56.39,1.31,1.06,2024-04-16
S101279,6.73,8.03,3.67,2.99,48.74,3.65,64.37,0,63.46,8.71,6.02,2024-03-25
S101280,7.98,1.29,0.35,2.88,49.95,3.4,39.31,1,68.56,0.21,0.59,2024-04-09
S101281,7.93,4.05,1.07,6.26,14.87,7.02,80.42,2,66.05,1.4,7.63,2024-04-13
S101282,6.78,6.32,1.25,6.63,80.08,5.04,68.03,2,38.29,1.54,8.61,2024-04-09
S101283,6.98,7.33,0.87,5.37,84.54,9.23,70.6,3,36.13,1.64,6.06,2024-02-03
S101284,3.86,4.5,0.75,6.23,57.01,5.41,98.73,4,42.71,1.15,0.08,2024-03-31
S101285,4.41,3.35,0.2,7.67,28.29,2.31,47.75,0,53.4,0.95,0.67,2024-03-27
S101286,4.89,10.6,0.03,6.0,30.37,7.92,12.26,4,61.85,1.61,4.99,2024-03-07
S101287,5.81,6.505,1.12,8.3,46.55,2.78,48.14,1,41.46,5.29,3.06,2024-03-08
S101288,7.61,8.08,2.85,7.92,56.24,6.87,50.22,2,52.44,5.14,0.73,2024-02-23
S101289,3.8,6.95,1.59,5.68,55.29,2.99,74.97,2,41.02,27.82,3.15,2024-11-04
S101290,5.85,9.46,2.19,7.15,48.32,4.97,33.56,1,52.78,1.67,0.46,2024-03-27
S101291,4.45,7.42,1.5,3.74,66.02,1.0,44.48,2,50.87,2.38,8.26,2024-04-01
S101292,4.12,3.37,1.05,6.61,60.64,6.84,67.92,1,45.9,1.01,5.1,2024-03-01
S101293,8.37,6.62,1.12,4.48,45.42,7.2,71.66,2,63.4,5.8,1.42,2024-03-23
S101294,6.44,9.1,1.86,9.05,78.99,4.22,59.52,0,38.86,3.74,10.82,2024-02-17
S101295,8.59,2.55,2.3,7.76,64.7,8.76,57.3,1,47.89,0.89,6.82,2024-04-24
S101296,7.96,5.14,3.1,1.0,63.66,5.74,89.62,0,64.55,1.26,2.22,2024-02-05
S101297,5.01,6.77,0.78,7.23,47.76,3.35,33.2,2,42.06,2.07,12.73,2024-04-18
S101298,3.7,6.63,0.33,7.21,44.78,6.21,85.99,2,36.77,1.59,5.41,2024-03-20
S101299,9.2,5.07,0.72,7.08,50.18,4.91,55.58,1,51.5,4.73,0.5,2024-02-18
S101300,5.73,7.1,2.05,1.65,70.43,3.78,68.9,0,55.04,4.87,11.34,2024-03-18
S101301,4.7,7.49,0.04,8.15,67.76,6.86,52.57,1,31.11,1.44,4.37,2024-02-15
S101302,7.27,11.19,1.99,7.04,32.83,7.77,69.76,3,59.33,7.51,0.1,2024-02-02
S101303,6.49,4.61,1.36,4.27,24.23,7.87,59.85,2,65.43,4.41,1.27,2024-02-03
S101304,5.36,6.51,1.69,7.99,52.44,2.91,63.45,3,39.76,4.19,2.55,2024-02-20
S101305,5.82,3.92,0.46,6.97,73.64,3.36,58.82,3,40.58,1.56,1.42,2024-04-20
S101306,6.53,9.35,0.01,7.89,52.46,6.07,52.86,1,40.07,9.43,11.84,2024-04-16
S101307,6.4,7.55,0.13,3.5,13.13,8.78,71.92,0,75.27,5.22,6.28,2024-04-29
S101308,7.36,8.05,0.41,3.03,55.53,3.61,53.77,2,63.54,1.22,0.62,2024-04-06
S101309,5.81,7.76,2.39,6.12,38.55,4.81,56.65,3,55.18,2.01,6.49,2024-02-18
S101310,5.82,11.05,0.87,3.74,23.12,6.36,33.71,4,65.95,20.32,5.41,2024-04-26
S101311,7.14,5.76,0.99,5.95,41.24,8.16,41.32,2,59.31,1.58,5.83,2024-03-29
S101312,6.74,7.25,3.05,2.79,48.69,4.39,74.74,0,64.09,15.96,4.45,2024-02-08
S101313,7.83,7.93,0.61,2.01,53.94,5.74,59.62,3,60.51,1.89,1.58,2024-03-18
S101314,5.95,3.9,0.05,6.03,51.97,5.39,62.75,1,52.16,0.63,0.06,2024-12-04
S101315,6.16,2.68,0.56,2.09,25.26,1.91,58.88,1,72.39,0.82,0.51,2024-02-04
S101316,4.68,8.63,1.28,7.06,15.48,3.45,88.15,1,56.73,2.28,6.92,2024-02-04
S101317,8.4,6.87,1.16,5.23,30.16,2.23,72.5,0,70.53,3.59,1.11,2024-03-07
S101318,4.35,8.56,0.35,6.18,69.47,8.07,67.43,1,36.6,1.89,0.32,2024-02-01
S101319,6.58,6.5,2.8,5.61,77.9,7.03,55.13,1,41.7,2.1,4.97,2024-03-07
S101320,5.05,6.05,1.69,8.38,70.93,9.76,53.49,0,31.32,5.54,4.6,2024-04-23
S101321,6.77,6.02,1.72,9.04,42.36,5.76,62.38,0,48.82,1.88,4.53,2024-04-16
S101322,7.34,7.11,1.09,5.24,75.31,4.45,69.94,0,47.95,3.48,8.24,2024-04-02
S101323,4.0,5.72,0.7,6.95,43.14,1.82,60.84,2,51.3,2.19,4.68,2024-03-21
S101324,6.0,5.59,1.58,9.11,66.41,6.61,58.9,3,31.04,4.36,4.85,2024-03-27
S101325,3.84,9.73,0.94,7.69,49.22,5.85,60.09,1,38.89,2.08,2.06,2024-03-17
S101326,8.27,9.2,2.77,4.59,19.09,9.17,59.56,0,77.01,7.84,8.96,2024-02-03
S101327,5.68,6.55,1.62,6.87,70.46,3.53,67.43,3,34.02,2.29,6.85,2024-03-23
S101328,4.09,10.62,0.85,5.52,59.99,2.58,41.01,2,42.88,2.57,12.45,2024-04-18
S101329,5.32,5.37,0.06,3.98,44.15,5.45,70.27,3,57.62,2.32,1.44,2024-03-14
S101330,8.14,8.9,0.96,5.47,50.62,3.33,45.79,1,60.15,10.71,2.06,2024-03-24
S101331,8.38,9.3,0.56,4.7,19.76,4.77,75.89,0,70.51,3.74,7.3,2024-03-19
S101332,8.08,6.0,1.17,4.47,80.99,5.09,51.34,5,46.98,2.06,1.82,2024-02-03
S101333,5.2,10.75,1.59,9.42,32.98,5.12,94.31,2,44.68,2.74,1.74,2024-04-09
S101334,6.09,3.86,0.18,5.23,41.97,7.13,69.37,0,59.46,0.7,5.53,2024-02-22
S101335,8.59,6.53,0.19,4.91,0.0,5.41,96.88,0,81.97,2.06,1.78,2024-02-18
S101336,5.28,5.27,0.32,8.18,28.48,4.02,63.83,2,42.16,1.78,7.13,2024-02-23
S101337,5.83,10.19,0.52,4.28,54.82,3.74,44.43,2,52.79,7.8,0.24,2024-02-02
S101338,4.96,7.49,1.5,6.31,48.66,3.07,18.96,2,51.13,2.71,3.34,2024-02-23
S101339,4.67,4.8,3.13,5.79,62.14,2.55,42.95,3,52.63,3.48,3.94,2024-03-30
S101340,7.99,6.29,0.09,4.18,58.26,8.25,76.84,3,63.58,2.47,3.84,2024-03-04
S101341,7.18,4.84,0.67,6.59,26.44,5.58,89.34,1,55.95,1.48,0.18,2024-03-21
S101342,6.93,9.31,8.0,9.94,24.65,4.21,51.99,3,47.93,4.27,1.0,2024-04-09
S101343,7.11,4.7,1.28,2.02,59.47,3.24,68.55,1,56.12,4.29,2.25,2024-04-21
S101344,7.73,4.71,0.61,4.02,9.92,8.0,82.21,0,80.47,1.67,0.95,2024-04-13
S101345,8.41,7.59,1.33,1.0,61.34,4.05,68.16,3,66.86,30.15,1.3,2024-03-13
S101346,6.29,5.44,0.0,5.26,47.3,5.43,73.04,4,54.01,1.41,7.27,2024-03-29
S101347,5.82,7.2,0.33,1.12,33.58,6.28,62.38,1,67.85,5.55,10.63,2024-04-07
S101348,4.87,6.93,0.41,3.73,71.39,5.26,100.0,4,43.69,1.11,9.89,2024-04-12
S101349,7.82,5.36,0.25,5.85,30.6,6.88,78.87,4,65.8,2.09,0.65,2024-02-07
S101350,5.58,2.92,2.5,10.0,16.93,2.26,73.42,2,52.92,1.46,2.46,2024-03-07
S101351,4.21,1.36,0.6,8.24,53.16,5.53,75.64,1,30.03,0.38,1.25,2024-03-23
S101352,5.92,6.88,0.54,6.97,33.17,6.35,77.11,1,49.06,3.63,0.4,2024-04-07
S101353,6.33,5.78,2.36,7.33,61.37,1.0,59.51,5,46.04,3.41,5.9,2024-02-21
S101354,7.47,7.87,0.51,3.71,60.14,7.23,66.53,1,51.9,2.04,0.78,2024-04-26
S101355,7.71,7.0,3.09,6.86,41.97,6.18,30.55,2,54.13,2.05,0.57,2024-02-22
S101356,5.28,6.37,0.45,7.61,47.23,4.43,34.72,5,43.47,2.72,4.41,2024-02-03
S101357,5.18,5.69,0.34,3.46,52.61,4.5,90.76,3,56.46,22.77,1.18,2024-11-02
S101358,5.84,8.65,1.98,8.39,62.84,4.11,59.47,1,37.62,9.79,1.72,2024-02-04
S101359,4.6,0.0,0.19,3.65,52.32,7.77,44.2,6,48.67,0.0,1.64,2024-02-10
S101360,6.15,2.34,0.22,6.8,63.57,6.03,66.49,2,49.33,2.16,2.75,2024-03-30
S101361,6.95,7.63,0.89,4.46,71.81,6.02,65.54,2,49.14,3.11,5.47,2024-04-24
S101362,6.36,6.18,1.14,1.48,60.69,3.58,61.99,1,53.97,2.15,3.09,2024-03-18
S101363,4.04,4.52,0.52,2.28,40.98,6.94,43.22,0,59.76,1.47,2.46,2024-03-12
S101364,4.63,5.24,0.49,7.6,18.34,9.23,86.69,1,55.64,2.13,1.57,2024-04-07
S101365,8.1,8.46,2.13,6.01,29.05,7.35,79.85,5,59.4,2.62,6.97,2024-02-24
S101366,4.88,7.53,4.41,7.61,31.17,7.5,73.72,1,51.58,3.02,1.06,2024-03-23
S101367,7.33,6.85,5.74,4.81,12.81,2.69,55.47,0,71.81,1.06,4.66,2024-03-16
S101368,7.18,2.25,1.73,5.24,60.21,6.58,84.93,2,44.09,0.43,1.34,2024-02-12
S101369,5.85,8.89,0.01,1.61,58.81,5.36,62.89,1,55.92,1.77,0.9,2024-12-04
S101370,4.9,4.77,2.35,5.4,54.94,4.4,69.84,2,41.02,3.4,5.75,2024-03-17
S101371,6.59,6.505,1.49,3.2,56.07,9.5,54.82,1,65.55,3.82,4.2,2024-04-07
S101372,5.06,7.72,2.53,5.67,68.75,5.87,84.75,1,48.11,1.68,13.32,2024-04-29
S101373,6.05,2.37,0.65,6.25,56.91,4.07,35.13,5,40.98,0.59,1.96,2024-04-14
S101374,6.45,3.12,2.46,4.93,55.42,6.22,40.98,1,44.34,1.57,0.12,2024-03-08
S101375,5.3,2.74,0.1,9.48,63.42,6.56,100.0,3,28.71,0.79,19.97,2024-02-22
S101376,5.98,4.01,0.44,5.97,25.11,10.0,52.15,0,51.1,0.77,1.0,2024-03-13
S101377,5.87,6.505,0.16,4.18,0.0,3.27,38.57,2,69.47,3.37,3.25,2024-03-28
S101378,4.57,9.32,0.57,7.14,14.21,8.89,19.75,3,57.6,4.09,2.93,2024-04-10
S101379,6.03,7.1,0.38,5.81,45.94,3.73,61.36,6,59.09,3.09,1.74,2024-04-06
S101380,5.41,6.505,6.36,4.18,34.07,2.23,86.04,2,61.19,2.71,0.42,2024-02-04
S101381,3.75,4.68,0.44,3.96,55.79,8.88,20.62,2,46.07,0.79,3.42,2024-03-23
S101382,5.83,10.18,1.59,5.86,76.69,4.88,58.22,4,39.2,5.4,2.15,2024-03-29
S101383,5.9,6.44,0.95,2.49,55.86,4.57,29.05,1,59.78,1.39,0.6,2024-02-22
S101384,5.45,4.41,1.29,4.43,35.94,2.68,21.57,1,63.68,3.13,0.34,2024-02-16
S101385,3.41,6.53,0.13,6.26,48.53,4.59,75.85,1,44.96,2.82,1.56,2024-03-19
S101386,7.39,7.86,0.06,8.9,45.92,2.21,70.77,0,42.62,9.03,1.65,2024-03-26
S101387,7.26,6.505,0.7,7.27,51.69,6.8,59.53,3,51.5,1.96,2.67,2024-02-25
S101388,7.21,5.35,0.44,7.5,52.27,9.22,100.0,3,47.95,2.78,3.65,2024-04-21
S101389,6.75,6.505,0.21,1.0,24.86,7.47,94.53,1,78.23,0.89,2.32,2024-03-09
S101390,4.54,7.75,1.83,8.11,58.1,5.72,62.82,2,29.94,1.11,2.39,2024-03-26
S101391,6.47,4.66,5.97,5.89,38.97,3.29,91.98,2,61.62,1.22,3.47,2024-04-02
S101392,5.0,8.0,0.11,4.64,60.36,4.63,61.1,4,40.63,1.93,3.69,2024-04-20
S101393,9.36,6.77,3.56,6.01,34.62,4.23,56.63,4,63.42,2.11,6.62,2024-04-17
S101394,5.57,6.96,0.53,1.78,67.88,5.95,49.69,2,54.77,1.83,1.81,2024-03-05
S101395,7.23,4.85,0.66,8.04,81.3,2.34,85.08,4,33.78,0.84,0.96,2024-02-02
S101396,4.13,7.56,2.21,5.19,54.27,7.2,52.7,1,47.18,5.47,4.4,2024-02-17
S101397,4.65,3.63,0.65,2.33,28.44,8.8,71.49,2,65.75,0.89,6.45,2024-04-14
S101398,5.55,6.85,3.45,2.38,60.77,5.7,54.45,1,58.69,4.27,1.26,2024-03-27
S101399,7.28,10.23,3.47,3.5,75.91,8.42,52.61,2,47.74,2.58,8.45,2024-03-20
S101400,7.07,11.97,0.09,6.4,54.14,4.41,49.01,2,54.11,9.79,3.12,2024-02-22
S101401,6.7,3.85,0.97,1.0,38.13,3.96,68.36,1,66.47,1.43,1.81,2024-02-02
S101402,3.7,7.7,1.05,10.0,54.67,4.87,47.89,0,34.89,1.45,9.49,2024-10-02
S101403,7.88,6.6,2.7,3.47,51.93,4.77,32.87,1,62.02,1.99,3.35,2024-04-15
S101404,5.0,5.62,0.08,7.37,54.99,6.42,54.76,1,38.23,1.25,1.93,2024-02-03
S101405,8.56,8.44,0.96,2.32,64.01,5.0,78.87,5,54.88,4.3,3.25,2024-04-23
S101406,8.91,3.28,0.57,6.42,45.87,7.54,80.2,0,56.94,0.65,2.82,2024-04-27
S101407,7.46,7.93,2.74,6.17,41.05,5.51,62.0,3,59.26,31.71,5.52,2024-03-17
S101408,7.68,4.3,0.81,6.56,64.7,5.27,78.61,2,49.92,4.45,1.33,2024-03-13
S101409,4.53,9.81,0.92,7.89,32.32,2.36,60.54,3,53.5,4.71,2.65,2024-03-24
S101410,9.91,7.23,1.07,6.68,29.42,4.66,67.95,2,68.28,2.59,3.02,2024-03-28
S101411,6.6,6.505,0.26,1.0,29.06,6.23,63.34,4,71.06,3.99,0.06,2024-02-23
S101412,7.7,9.55,0.3,6.82,27.16,8.24,37.35,1,58.5,38.21,5.08,2024-04-20
S101413,5.1,7.01,0.58,4.12,4.62,1.0,65.46,2,72.22,2.52,0.19,2024-04-06
S101414,6.21,3.27,0.02,3.85,44.24,1.21,43.4,0,55.08,2.71,8.9,2024-04-27
S101415,4.64,0.53,1.23,7.2,38.63,1.0,59.29,4,49.36,0.5,20.0,2024-02-22
S101416,5.96,7.03,0.8,10.0,51.28,8.61,51.7,1,38.81,13.38,0.03,2024-02-21
S101417,6.32,5.73,0.29,8.3,69.66,5.19,68.1,1,35.6,1.15,1.72,2024-10-03
S101418,6.66,8.91,0.02,3.39,23.17,6.69,79.96,0,71.99,13.81,0.08,2024-02-27
S101419,8.25,4.38,0.35,5.5,42.74,3.17,61.74,2,53.75,1.92,9.73,2024-07-03
S101420,6.97,6.71,0.21,6.34,48.06,5.63,22.45,1,46.38,3.54,1.9,2024-03-24
S101421,6.64,6.505,0.93,3.0,78.3,2.89,57.15,1,46.21,3.19,4.58,2024-04-21
S101422,6.35,7.46,1.56,8.79,59.11,4.26,81.89,3,37.48,1.47,6.57,2024-02-10
S101423,9.11,7.39,1.08,7.23,2.28,3.26,72.58,2,71.56,29.55,13.26,2024-04-23
S101424,5.49,2.93,2.79,7.74,63.63,6.2,63.21,3,38.8,0.77,9.1,2024-02-01
S101425,7.96,6.52,0.72,5.48,50.74,8.1,55.4,4,57.66,1.04,0.8,2024-03-22
S101426,3.55,9.17,0.08,3.67,43.44,6.43,45.92,3,54.67,5.18,0.33,2024-03-27
S101427,5.07,7.46,1.22,6.45,44.09,5.22,57.55,3,48.85,29.84,1.5,2024-02-16
S101428,6.87,9.61,2.99,7.25,55.58,6.84,47.93,0,42.84,4.95,0.94,2024-02-09
S101429,6.07,4.51,2.13,1.12,27.89,6.67,63.85,1,75.76,13.63,0.83,2024-03-27
S101430,10.0,2.26,3.25,6.12,35.33,4.88,46.29,0,69.86,0.68,2.82,2024-03-05
S101431,9.91,4.57,2.65,4.49,57.0,6.35,79.57,5,62.03,0.92,1.51,2024-06-03
S101432,4.17,3.59,0.1,10.0,68.36,2.82,70.02,0,22.8,0.76,1.29,2024-02-05
S101433,4.8,10.57,4.28,6.39,25.69,7.25,49.46,2,53.86,2.87,13.65,2024-02-13
S101434,6.1,6.84,1.7,2.09,53.87,4.07,58.86,0,60.09,27.35,4.88,2024-03-21
S101435,8.74,8.71,1.64,6.34,63.96,10.0,46.75,1,52.34,2.89,0.51,2024-03-16
S101436,7.89,6.505,0.09,5.99,30.76,5.96,56.38,3,60.47,4.02,1.76,2024-02-09
S101437,6.76,7.09,2.13,6.8,48.52,10.0,55.47,0,51.27,2.45,6.44,2024-04-03
S101438,4.32,1.36,0.78,6.11,69.91,6.33,47.68,1,26.8,0.32,4.47,2024-04-04
S101439,5.12,0.88,2.35,6.81,24.59,3.86,59.32,0,52.61,1.11,0.24,2024-04-03
S101440,3.0,8.25,2.37,2.41,30.3,8.72,74.6,1,59.1,1.87,8.87,2024-02-04
S101441,4.15,8.56,0.54,5.94,23.48,6.3,74.61,3,50.48,1.91,1.51,2024-03-20
S101442,6.9,3.78,1.28,8.46,59.41,3.69,73.36,5,43.3,1.03,4.05,2024-02-23
S101443,7.41,7.65,0.54,6.45,33.04,9.88,71.89,0,60.73,2.11,3.48,2024-03-13
S101444,4.48,7.89,1.92,5.02,51.21,6.41,20.27,0,38.74,31.57,0.9,2024-03-22
S101445,6.46,6.79,3.25,5.48,73.79,7.57,51.88,1,51.84,3.31,1.17,2024-04-26
S101446,8.58,3.28,0.8,4.96,35.36,1.23,60.78,2,71.8,0.71,2.14,2024-02-20
S101447,6.53,9.39,0.64,7.14,33.43,3.17,52.95,1,54.37,2.74,9.13,2024-02-16
S101448,5.88,4.0,1.25,10.0,92.94,6.13,55.24,1,24.1,0.99,0.41,2024-02-13
S101449,7.16,7.71,0.65,5.83,68.06,4.13,62.37,2,49.97,3.78,0.96,2024-03-04
S101450,7.05,2.92,0.61,6.66,31.72,5.68,53.05,0,57.89,1.73,3.46,2024-02-14
S101451,6.42,4.28,0.23,4.0,62.89,7.1,69.76,3,51.11,1.91,6.67,2024-04-25
S101452,5.56,8.51,2.8,6.32,12.58,4.85,55.9,3,63.38,2.2,18.11,2024-02-01
S101453,5.71,3.94,1.66,6.73,37.47,9.83,77.69,0,50.82,1.0,1.66,2024-04-11
S101454,6.43,2.59,0.27,3.32,39.54,6.78,49.21,3,65.52,1.64,1.75,2024-02-15
S101455,5.54,6.17,0.11,3.47,65.74,8.65,48.12,3,47.11,1.96,1.45,2024-03-31
S101456,8.17,6.01,0.58,4.33,33.2,5.89,64.03,2,58.9,0.99,3.12,2024-03-08
S101457,7.56,3.62,0.28,4.12,20.18,4.32,88.58,3,68.92,0.77,2.91,2024-02-03
S101458,7.83,7.32,4.01,4.83,27.13,5.21,71.82,2,70.67,2.79,1.51,2024-03-01
S101459,9.15,7.87,0.79,5.5,56.16,6.99,58.44,2,54.32,2.58,5.0,2024-02-29
S101460,8.52,6.99,2.0,6.37,13.21,1.46,67.55,0,68.19,2.12,8.64,2024-03-08
S101461,8.29,10.6,1.3,9.27,64.66,3.83,67.88,0,38.17,2.55,3.44,2024-02-17
S101462,6.83,5.02,0.35,7.21,43.3,4.51,59.35,1,52.94,2.68,1.45,2024-02-28
S101463,6.04,9.66,0.62,5.81,68.3,6.3,54.07,4,42.14,3.68,1.87,2024-11-04
S101464,9.53,6.14,0.25,5.11,26.57,3.65,58.13,2,76.12,1.69,2.67,2024-10-03
S101465,5.36,3.03,3.76,7.82,34.21,4.01,67.59,2,51.51,1.24,8.86,2024-03-11
S101466,5.44,3.17,1.33,6.17,35.38,4.48,67.68,2,53.35,0.88,7.43,2024-04-13
S101467,5.09,2.51,0.27,5.48,49.74,5.16,53.2,2,50.76,0.6,4.91,2024-03-28
S101468,6.61,1.53,3.81,2.68,16.05,4.89,90.89,1,71.94,0.51,0.36,2024-03-02
S101469,6.89,7.21,1.21,6.92,31.29,5.78,71.02,0,54.08,2.16,2.45,2024-03-24
S101470,7.75,2.18,0.63,7.15,50.63,7.49,83.3,4,54.61,0.56,7.05,2024-03-08
S101471,5.99,5.51,0.8,6.87,26.69,2.44,59.06,3,58.43,3.05,5.75,2024-03-13
S101472,3.88,6.58,0.53,6.16,77.7,7.16,71.53,0,29.02,1.81,6.28,2024-02-26
S101473,6.75,5.75,0.36,2.95,79.52,5.47,97.79,2,44.46,1.35,1.31,2024-03-20
S101474,7.67,8.51,0.62,6.1,35.25,8.62,38.76,3,54.25,2.63,2.29,2024-03-22
S101475,6.35,3.39,2.88,4.94,56.18,6.86,53.3,0,53.24,0.76,9.18,2024-05-04
S101476,6.12,4.05,6.46,5.6,51.57,4.8,47.97,2,55.14,5.65,2.49,2024-03-22
S101477,7.09,8.96,4.63,3.53,48.04,2.94,88.69,4,57.57,1.59,20.0,2024-03-17
S101478,8.31,8.86,1.69,5.29,31.51,1.0,62.34,2,71.66,4.45,1.93,2024-04-20
S101479,6.21,6.12,4.07,8.75,9.21,8.61,66.31,2,59.79,2.47,4.86,2024-02-01
S101480,4.32,3.79,0.39,4.26,36.56,6.04,59.09,4,57.21,1.99,5.43,2024-02-18
S101481,5.52,4.43,0.14,5.67,13.57,4.12,81.39,6,65.31,1.02,0.49,2024-03-11
S101482,6.07,8.12,4.71,6.17,76.45,4.93,46.29,2,33.93,1.99,1.1,2024-03-24
S101483,3.78,10.67,2.82,6.51,50.89,3.16,82.51,0,38.0,7.07,5.63,2024-04-21
S101484,7.38,4.67,1.42,3.37,43.34,6.12,35.55,1,70.8,3.0,7.13,2024-04-20
S101485,5.23,5.85,0.4,4.93,63.31,3.48,36.02,0,48.34,4.69,2.7,2024-04-26
S101486,7.02,3.91,1.19,5.66,37.41,6.78,59.99,0,66.93,0.7,2.24,2024-02-18
S101487,6.58,8.93,2.39,1.29,51.49,2.65,59.18,3,66.11,3.18,0.2,2024-03-05
S101488,5.87,6.49,8.0,7.82,23.02,2.88,64.17,5,53.86,1.08,1.26,2024-03-08
S101489,8.58,7.38,2.83,8.75,27.4,6.07,67.72,1,57.34,2.44,9.01,2024-03-06
S101490,5.52,4.65,4.25,6.17,25.53,5.79,43.68,0,60.98,0.73,4.93,2024-02-17
S101491,5.36,9.29,5.82,6.99,31.5,5.05,78.76,5,53.64,2.95,6.71,2024-07-02
S101492,6.71,7.6,0.66,7.89,38.34,8.29,49.41,0,57.16,9.46,0.4,2024-03-26
S101493,7.48,8.74,0.33,8.09,67.75,5.62,58.42,4,35.46,7.57,3.97,2024-04-19
S101494,6.3,5.6,2.71,8.54,51.47,2.12,36.93,4,47.0,1.04,0.79,2024-02-10
S101495,4.93,4.76,3.24,2.7,60.34,6.12,49.95,2,53.04,1.15,2.23,2024-04-14
S101496,7.27,7.21,1.24,3.15,37.7,1.78,33.18,3,68.37,1.64,1.07,2024-04-13
S101497,7.15,7.01,0.25,2.97,35.5,6.03,100.0,2,69.73,6.22,0.72,2024-03-31
S101498,9.21,9.33,1.35,5.87,43.74,5.47,62.3,3,61.12,2.25,0.28,2024-03-28
S101499,5.99,9.26,0.14,6.71,58.44,1.96,73.47,2,39.9,2.5,0.97,2024-03-23
S101500,6.6,3.19,0.59,6.55,44.0,8.39,54.3,1,51.26,0.68,20.0,2024-03-21
S101501,5.51,1.71,2.34,5.72,67.43,2.7,66.1,1,35.53,0.31,4.19,2024-04-17
S101502,4.22,9.34,1.08,5.93,41.62,5.48,89.44,2,48.21,2.72,3.48,2024-03-03
S101503,6.41,5.31,0.93,3.68,51.18,5.45,47.85,3,49.62,1.45,1.77,2024-02-12
S101504,7.49,5.24,1.88,5.54,26.4,5.85,36.19,3,62.34,9.6,0.72,2024-04-06
S101505,4.88,8.04,0.08,5.27,63.95,6.93,50.58,1,41.48,2.5,1.25,2024-02-03
S101506,5.36,6.67,0.98,7.58,30.2,5.01,74.15,2,54.46,1.88,7.02,2024-04-27
S101507,4.66,6.45,1.21,5.19,64.76,7.03,86.83,0,52.96,1.25,0.87,2024-03-24
S101508,8.18,7.46,0.19,1.0,61.24,8.24,79.62,0,64.7,5.02,14.59,2024-03-27
S101509,5.41,5.55,1.08,3.49,83.5,4.67,40.2,1,42.77,1.12,1.21,2024-02-25
S101510,7.11,6.05,2.18,6.25,61.39,6.06,72.18,1,51.73,2.83,3.36,2024-12-02
S101511,5.09,5.26,1.24,1.01,41.44,3.67,77.85,0,58.18,3.45,0.92,2024-03-01
S101512,6.41,7.11,1.91,1.3,49.87,4.55,47.21,2,67.12,28.44,11.6,2024-02-08
S101513,5.42,5.01,0.17,8.1,22.38,3.82,61.77,1,53.58,1.66,3.1,2024-03-02
S101514,3.01,6.505,0.29,5.36,86.79,4.57,55.94,1,28.71,3.29,6.18,2024-05-02
S101515,6.41,7.46,0.51,5.9,74.12,9.16,80.66,2,44.2,1.56,0.29,2024-03-13
S101516,7.04,6.18,0.64,4.83,18.01,5.73,43.67,2,64.77,2.12,3.92,2024-03-19
S101517,3.38,8.82,2.35,4.16,43.55,3.49,35.28,1,55.44,1.64,4.19,2024-03-22
S101518,6.06,7.22,0.08,6.53,34.36,7.79,69.9,3,52.48,1.36,1.77,2024-04-29
S101519,5.69,8.47,2.57,7.24,61.63,5.33,100.0,1,38.75,1.95,1.23,2024-02-18
S101520,4.79,7.86,1.79,4.9,76.76,7.57,68.15,1,37.27,2.96,3.38,2024-03-15
S101521,5.95,3.22,0.29,2.51,35.35,7.23,87.44,0,67.1,0.65,8.21,2024-02-04
S101522,3.58,9.32,2.14,6.4,32.06,4.98,20.17,0,49.69,1.57,2.4,2024-03-22
S101523,6.65,8.88,2.46,7.23,69.81,5.13,67.29,3,43.46,5.39,9.34,2024-04-04
S101524,7.96,5.55,0.66,3.16,42.32,5.41,87.38,1,64.31,1.75,2.46,2024-02-29
S101525,4.53,12.68,0.7,8.78,30.79,4.9,44.54,1,53.62,50.7,1.43,2024-03-18
S101526,6.21,3.31,0.03,6.92,70.53,6.11,61.78,2,42.36,5.08,0.16,2024-03-16
S101527,8.3,9.05,5.37,9.4,63.47,5.5,79.31,3,40.23,2.21,5.09,2024-04-29
S101528,6.47,5.77,1.9,4.84,65.75,5.55,75.93,2,47.54,3.17,5.27,2024-03-31
S101529,5.57,6.32,1.27,3.31,24.39,4.32,92.23,0,64.49,1.23,4.46,2024-02-08
S101530,5.03,8.68,2.34,6.37,19.71,6.76,64.36,1,61.23,3.34,0.54,2024-03-07
S101531,6.55,9.04,4.09,8.38,45.94,3.72,54.69,0,38.78,8.01,4.17,2024-04-15
S101532,6.11,8.52,1.22,4.8,36.01,5.57,56.09,3,66.55,2.04,7.44,2024-03-28
S101533,7.18,3.12,0.23,4.22,38.4,5.38,73.35,1,60.66,1.23,4.6,2024-03-04
S101534,4.17,9.16,3.77,5.29,44.6,3.19,46.55,1,50.75,3.37,4.01,2024-02-05
S101535,7.81,4.88,0.43,5.15,36.77,3.47,88.36,1,58.53,1.23,9.59,2024-03-06
S101536,5.73,6.11,0.86,4.3,89.2,6.72,53.19,3,36.58,6.87,5.1,2024-03-25
S101537,7.2,6.96,2.04,2.97,18.71,9.26,45.35,1,76.19,2.99,1.36,2024-02-26
S101538,5.29,3.11,2.39,8.45,60.34,9.62,60.14,3,35.34,1.16,5.14,2024-04-20
S101539,4.48,9.29,3.14,3.11,69.32,7.96,100.0,3,44.95,3.7,20.0,2024-04-20
S101540,5.51,6.01,0.05,2.49,61.58,6.51,45.04,2,57.32,1.55,2.08,2024-02-08
S101541,4.96,3.77,2.91,1.81,60.41,3.73,59.12,3,59.25,1.52,0.66,2024-03-18
S101542,5.78,4.94,2.9,6.88,44.83,5.12,46.74,2,45.45,2.55,0.15,2024-03-31
S101543,7.21,3.37,0.5,3.3,49.66,5.74,62.59,1,59.67,0.56,1.35,2024-08-04
S101544,7.81,3.62,1.12,6.06,39.74,4.04,63.44,1,58.6,1.41,5.17,2024-02-01
S101545,6.59,7.41,4.0,4.81,0.0,6.96,32.3,1,71.31,4.01,4.15,2024-04-10
S101546,5.54,7.75,0.23,4.52,58.67,6.42,58.45,2,58.07,1.52,8.77,2024-03-01
S101547,5.67,9.71,3.87,6.43,61.04,7.07,80.13,2,43.56,2.59,8.12,2024-04-29
S101548,7.13,12.22,0.52,6.57,28.61,6.68,71.97,0,55.29,7.65,0.97,2024-04-29
S101549,7.89,8.62,2.19,7.67,69.32,5.12,53.94,1,41.6,2.24,0.82,2024-04-26
S101550,5.85,0.55,0.13,10.0,37.45,8.25,54.31,5,46.1,0.37,2.82,2024-02-05
S101551,6.12,8.28,0.75,6.82,68.67,1.39,55.34,5,35.84,3.26,0.07,2024-04-06
S101552,5.25,7.23,1.2,7.54,31.94,8.07,58.77,1,51.11,2.29,1.14,2024-02-11
S101553,6.59,8.19,5.48,7.1,71.02,7.13,53.88,1,46.38,1.89,0.81,2024-07-04
S101554,7.64,8.76,0.83,7.53,43.88,2.86,48.41,0,58.02,7.01,1.49,2024-04-21
S101555,3.0,7.02,0.0,4.07,87.37,2.31,51.15,2,25.3,2.33,1.69,2024-02-10
S101556,6.66,8.9,1.99,8.45,69.08,4.42,79.14,2,39.67,35.61,0.53,2024-02-04
S101557,5.53,8.36,1.78,7.38,86.44,4.13,72.74,2,32.29,2.26,0.91,2024-04-25
S101558,3.04,11.88,2.03,2.72,66.63,7.5,68.18,0,43.31,5.81,4.93,2024-03-29
S101559,6.74,4.97,2.55,6.97,49.96,3.62,53.94,1,46.54,0.89,13.85,2024-02-10
S101560,6.17,4.13,1.91,4.45,95.18,6.02,77.34,0,33.82,0.83,0.04,2024-04-26
S101561,6.82,6.08,1.28,5.92,68.61,5.62,93.89,1,42.37,1.74,14.8,2024-02-09
S101562,4.39,12.84,1.34,5.68,1.94,2.75,54.59,1,66.6,6.68,0.27,2024-04-17
S101563,9.29,1.55,0.53,5.89,30.47,4.52,52.83,1,63.45,0.51,1.9,2024-04-07
S101564,6.45,6.03,0.33,9.98,100.0,5.09,46.66,2,23.35,2.02,1.91,2024-04-02
S101565,5.82,3.74,3.75,6.1,52.93,5.68,80.32,1,57.0,0.82,1.22,2024-02-15
S101566,8.43,6.31,0.28,7.25,58.89,4.01,34.32,0,46.39,1.31,1.27,2024-03-15
S101567,7.21,7.55,1.09,7.88,9.97,3.52,55.41,0,54.81,3.22,1.97,2024-03-09
S101568,7.47,4.2,0.26,3.92,12.55,8.76,73.31,1,78.5,1.0,0.66,2024-02-10
S101569,7.93,9.61,0.62,3.91,28.16,6.63,36.46,2,71.27,2.53,4.85,2024-04-16
S101570,3.4,11.59,1.68,2.95,5.14,3.69,39.2,4,69.53,2.32,0.36,2024-03-25
S101571,8.64,5.41,5.27,6.29,46.83,7.26,22.01,4,64.5,5.74,2.06,2024-02-21
S101572,5.81,8.73,3.84,6.56,46.64,2.14,55.68,1,54.35,4.29,1.15,2024-03-09
S101573,6.7,4.29,1.78,1.0,21.74,4.93,56.93,2,81.71,1.86,0.62,2024-04-01
S101574,7.59,3.9,0.22,4.95,30.09,1.46,37.49,2,62.63,1.19,1.52,2024-06-03
S101575,5.3,8.45,1.24,5.93,49.43,5.08,84.3,0,51.99,3.29,0.38,2024-08-02
S101576,6.75,8.44,7.71,6.11,11.75,5.57,35.7,1,65.31,5.11,9.1,2024-03-02
S101577,7.37,3.81,0.74,2.97,30.73,1.52,57.32,3,68.88,1.36,3.55,2024-04-28
S101578,6.24,8.1,0.46,4.19,48.27,3.82,45.48,4,55.59,2.58,1.85,2024-02-12
S101579,6.99,10.09,6.16,6.93,33.34,7.09,47.56,0,55.79,3.28,2.27,2024-04-23
S101580,4.05,5.14,0.89,6.53,59.23,6.09,40.8,2,43.9,1.89,2.92,2024-04-09
S101581,4.63,2.65,0.1,5.76,27.49,5.5,88.98,3,59.14,0.78,9.57,2024-03-18
S101582,4.69,7.3,0.38,4.52,66.81,4.37,48.16,4,39.86,1.37,17.98,2024-03-13
S101583,6.82,9.16,0.54,7.13,50.52,5.25,53.48,2,43.36,1.58,1.29,2024-04-17
S101584,10.0,6.52,0.94,7.64,72.92,6.29,91.82,3,49.99,1.63,0.37,2024-04-05
S101585,6.67,8.03,0.45,4.34,63.81,1.41,44.03,3,56.19,2.86,4.3,2024-03-15
S101586,6.09,5.21,0.59,5.95,57.34,4.99,65.89,0,42.47,1.31,2.93,2024-03-12
S101587,6.21,7.2,3.03,5.2,14.97,5.86,69.05,2,67.76,8.21,4.77,2024-04-10
S101588,7.68,5.89,0.2,6.58,11.87,4.46,67.17,4,69.1,2.16,0.84,2024-02-16
S101589,7.3,7.01,0.03,9.34,69.45,8.45,57.85,3,42.0,8.61,2.06,2024-02-22
S101590,4.69,8.32,0.32,6.59,33.08,4.66,53.16,2,48.37,2.4,0.21,2024-03-18
S101591,7.72,6.41,1.16,7.17,25.34,6.46,49.73,0,52.62,2.09,5.24,2024-03-07
S101592,6.27,6.22,1.92,9.23,40.04,7.37,59.63,0,47.99,2.44,1.7,2024-04-21
S101593,7.45,2.7,0.77,9.08,55.44,7.29,65.3,4,46.89,0.81,4.15,2024-04-23
S101594,3.5,1.84,1.27,6.13,53.22,6.35,54.4,1,43.74,0.32,3.24,2024-02-02
S101595,4.12,5.1,0.92,5.9,75.36,5.13,65.66,1,35.57,1.66,3.95,2024-02-24
S101596,7.14,6.44,0.49,3.91,11.89,2.88,71.92,2,76.63,3.48,5.67,2024-04-04
S101597,3.78,5.53,0.84,4.35,46.46,3.61,71.33,3,49.12,1.3,0.62,2024-04-03
S101598,6.85,6.54,1.61,4.73,33.07,5.74,63.0,4,64.67,5.06,4.55,2024-02-02
S101599,6.77,5.71,0.04,8.74,41.27,5.48,72.32,1,53.08,1.25,17.7,2024-03-01
S101600,6.5,5.38,2.54,6.84,56.48,5.96,80.89,1,38.07,1.61,5.06,2024-03-06
S101601,6.8,4.94,1.76,3.98,36.65,2.69,70.86,0,59.11,1.37,1.39,2024-02-11
S101602,6.67,6.21,2.99,8.38,52.94,6.48,65.55,0,36.45,6.07,1.27,2024-12-04
S101603,6.93,8.24,0.4,7.83,21.13,4.8,57.49,1,57.55,2.41,1.72,2024-04-25
S101604,5.73,5.76,2.55,7.03,69.51,5.86,70.95,1,36.06,1.42,3.69,2024-02-01
S101605,6.27,2.4,1.8,10.0,21.22,9.88,53.04,0,55.2,1.67,0.83,2024-03-25
S101606,10.0,4.34,1.34,7.94,50.37,4.05,65.67,0,51.38,17.34,8.33,2024-02-24
S101607,7.89,4.26,1.72,5.96,43.27,2.55,48.55,2,62.2,0.89,6.99,2024-02-24
S101608,7.16,6.73,0.21,5.07,37.82,4.27,68.23,1,59.59,1.47,1.52,2024-03-13
S101609,6.85,8.92,2.91,4.03,56.26,5.15,60.72,1,56.03,6.52,0.41,2024-04-29
S101610,5.28,0.0,4.72,5.74,32.66,7.05,54.0,1,57.27,0.0,6.77,2024-02-16
S101611,6.62,4.58,1.68,2.68,46.07,2.99,66.53,1,61.47,3.62,3.18,2024-02-23
S101612,5.95,4.72,0.44,10.0,71.87,7.02,70.16,2,24.95,1.92,7.79,2024-03-14
S101613,7.62,11.93,1.55,6.16,72.24,9.89,78.56,1,45.31,2.62,0.89,2024-02-19
S101614,5.02,4.68,0.88,9.51,49.9,4.32,31.86,4,49.59,1.5,3.61,2024-02-16
S101615,3.0,7.77,3.69,2.58,24.75,7.03,85.84,2,60.82,7.61,5.29,2024-03-18
S101616,5.52,10.24,2.42,7.5,47.3,4.83,67.0,1,48.37,1.45,2.48,2024-04-21
S101617,7.28,5.26,0.62,5.65,25.04,3.16,73.44,4,60.95,1.48,0.13,2024-02-14
S101618,9.74,6.05,0.54,5.95,33.68,2.93,70.22,0,63.62,1.4,1.22,2024-04-24
S101619,7.74,6.32,1.71,1.0,67.79,3.62,46.38,0,68.27,2.54,3.24,2024-04-19
S101620,4.93,6.97,0.19,5.9,15.21,5.16,37.62,0,55.72,1.49,4.14,2024-02-22
S101621,5.99,4.44,0.49,6.13,11.82,1.98,48.61,1,56.56,1.11,0.33,2024-02-09
S101622,4.97,6.77,1.25,6.17,46.16,4.72,42.32,2,41.89,1.48,0.57,2024-02-17
S101623,6.04,5.11,0.62,6.13,32.09,7.81,80.0,3,59.9,1.53,8.22,2024-03-03
S101624,5.04,4.66,0.44,4.91,30.19,5.58,59.55,1,62.93,2.74,3.44,2024-04-16
S101625,4.0,10.13,1.07,7.56,26.48,6.25,65.27,2,51.09,3.35,3.68,2024-04-25
S101626,6.92,2.73,1.96,8.15,56.71,7.44,33.24,0,43.14,1.67,1.59,2024-03-15
S101627,6.57,8.85,1.42,7.64,0.76,4.78,49.95,1,63.34,2.13,1.44,2024-04-15
S101628,6.06,5.96,0.45,5.17,40.89,6.46,53.24,4,55.99,1.97,2.1,2024-02-06
S101629,6.78,6.28,0.19,4.9,50.25,3.95,42.06,2,56.78,15.66,4.09,2024-04-10
S101630,9.15,4.83,2.31,3.35,38.24,8.81,25.38,0,71.55,0.84,1.95,2024-03-20
S101631,6.46,6.79,1.11,6.23,60.76,5.15,49.24,1,46.64,1.44,2.14,2024-04-25
S101632,5.77,7.93,1.86,7.88,52.73,2.6,51.15,3,38.62,1.99,4.66,2024-03-23
S101633,7.51,3.8,0.33,5.33,34.79,10.0,27.28,3,55.35,2.17,2.36,2024-02-05
S101634,4.0,7.84,1.1,5.04,20.47,3.16,50.26,0,51.01,2.15,2.72,2024-04-22
S101635,7.36,1.2,3.01,5.09,24.63,7.17,42.81,3,68.39,0.45,9.84,2024-08-02
S101636,5.22,4.3,0.09,7.79,0.0,5.3,45.84,1,62.38,1.03,3.49,2024-04-03
S101637,5.16,3.11,0.94,3.1,48.31,2.82,54.96,2,55.61,2.26,3.38,2024-02-02
S101638,6.45,5.7,0.67,3.51,53.94,5.96,71.08,5,59.97,1.26,1.24,2024-02-03
S101639,8.64,7.95,0.11,6.44,6.58,7.92,32.42,0,77.6,2.66,2.2,2024-03-17
S101640,5.26,4.55,1.39,3.31,40.54,5.86,37.93,3,62.31,1.48,1.75,2024-03-31
S101641,7.63,7.07,0.27,3.98,64.43,4.87,38.44,0,48.46,6.2,1.25,2024-04-14
S101642,6.83,5.97,1.14,7.09,68.46,2.92,49.84,1,43.09,1.49,5.44,2024-02-16
S101643,4.35,9.56,1.36,9.22,31.0,4.86,54.16,5,45.94,1.99,2.68,2024-02-24
S101644,7.58,1.83,0.82,6.52,58.82,4.09,64.42,3,49.03,0.33,7.08,2024-04-25
S101645,5.14,2.02,0.12,4.09,56.12,3.48,100.0,4,45.71,1.16,9.29,2024-02-15
S101646,4.24,5.66,0.43,4.87,38.19,3.89,49.74,4,51.16,2.82,1.24,2024-02-10
S101647,5.19,1.46,0.86,7.3,57.74,5.48,68.85,2,36.58,0.32,5.47,2024-03-10
S101648,5.28,6.66,3.29,7.96,27.35,6.78,43.86,2,50.76,2.95,6.5,2024-04-24
S101649,7.13,6.77,0.2,9.05,50.6,6.17,79.92,1,47.36,2.18,6.13,2024-02-15
S101650,5.28,4.02,0.39,4.16,24.74,6.54,63.43,5,60.08,1.24,2.03,2024-02-24
S101651,8.39,4.29,4.94,6.43,48.39,8.95,58.41,5,50.43,1.45,1.02,2024-12-03
S101652,6.61,6.94,0.96,6.9,69.18,7.65,56.11,0,43.6,1.65,0.07,2024-03-23
S101653,5.29,7.33,1.11,4.31,35.07,5.22,75.42,5,55.52,2.64,0.7,2024-04-09
S101654,5.13,5.71,0.49,6.45,39.79,2.59,52.19,2,48.34,3.95,0.01,2024-03-11
S101655,6.62,7.78,0.14,6.2,49.94,6.43,55.2,0,54.89,1.45,0.78,2024-04-27
S101656,3.46,4.65,0.24,2.18,76.75,3.61,90.43,1,39.38,2.5,8.8,2024-03-29
S101657,3.25,6.92,0.06,6.57,14.02,7.03,63.38,0,59.59,4.6,10.66,2024-11-04
S101658,5.06,9.07,1.97,4.02,73.41,7.7,55.87,1,43.53,2.2,3.12,2024-02-10
S101659,7.18,8.83,0.54,3.84,31.46,2.91,51.39,3,71.69,3.82,1.61,2024-04-25
S101660,6.55,3.89,2.18,5.26,49.27,3.22,29.05,2,56.58,1.32,1.03,2024-09-02
S101661,6.33,4.3,0.01,8.88,51.89,3.89,49.54,1,43.79,0.83,0.14,2024-03-02
S101662,6.0,4.31,0.43,7.4,34.55,9.32,51.07,1,55.11,0.88,2.94,2024-03-15
S101663,3.25,6.84,0.56,7.47,30.93,8.24,99.86,4,41.37,4.23,0.05,2024-03-16
S101664,5.84,7.43,0.93,7.42,41.59,6.73,76.93,2,49.11,3.66,4.83,2024-03-02
S101665,3.81,3.29,6.61,7.29,18.3,6.07,59.1,1,49.48,1.03,4.6,2024-03-12
S101666,7.47,3.32,0.92,3.64,44.05,8.27,54.55,1,63.16,0.8,6.5,2024-02-04
S101667,6.29,6.77,0.65,6.7,39.22,8.37,55.99,2,44.0,1.82,0.05,2024-02-22
S101668,6.17,0.46,1.45,8.46,52.56,9.63,68.26,2,43.32,0.14,5.12,2024-03-01
S101669,6.86,8.62,0.99,8.34,46.68,8.16,98.14,1,44.33,2.47,5.13,2024-04-21
S101670,6.75,6.2,0.1,2.59,37.53,8.74,43.71,0,71.12,1.62,0.2,2024-04-05
S101671,6.63,4.21,3.29,3.87,33.71,9.36,52.9,2,71.45,0.81,1.35,2024-04-26
S101672,6.79,8.75,0.02,6.42,43.04,4.65,65.89,2,54.26,3.53,2.23,2024-04-02
S101673,5.48,6.24,4.55,5.23,83.81,6.56,30.2,2,46.45,3.07,5.9,2024-03-06
S101674,4.43,4.65,1.29,8.04,11.81,4.13,51.16,3,49.82,2.42,13.54,2024-03-16
S101675,6.78,11.83,1.04,3.57,24.71,5.79,74.39,2,70.47,2.49,1.4,2024-03-10
S101676,8.32,6.27,2.13,3.68,74.16,4.98,27.97,1,54.07,2.09,2.1,2024-04-15
S101677,7.72,6.54,4.84,5.51,62.03,3.01,58.0,2,53.01,2.33,2.24,2024-02-27
S101678,6.0,7.17,2.91,8.29,12.88,9.98,38.5,1,55.04,28.67,2.37,2024-03-09
S101679,7.16,6.07,4.96,5.16,93.16,2.68,34.39,3,44.17,3.56,9.05,2024-02-11
S101680,5.68,7.72,0.43,3.67,46.35,6.43,58.92,2,55.27,30.9,1.5,2024-04-28
S101681,6.84,5.16,0.42,4.17,44.34,6.67,55.94,2,54.68,1.74,4.39,2024-04-21
S101682,5.45,8.52,1.98,7.38,51.6,6.0,28.69,1,41.24,6.02,7.24,2024-04-20
S101683,6.5,6.83,1.35,1.51,45.36,5.04,25.23,4,57.74,2.7,0.68,2024-04-23
S101684,9.1,6.7,1.11,4.6,23.72,3.51,79.05,1,67.65,1.53,2.28,2024-03-28
S101685,7.38,8.88,0.55,2.59,76.78,10.0,65.77,1,49.1,3.8,4.47,2024-02-26
S101686,8.4,3.51,5.95,5.46,55.12,5.95,46.63,2,60.7,1.11,0.01,2024-02-09
S101687,5.22,6.38,0.08,7.92,0.0,8.21,60.52,3,65.24,1.22,4.11,2024-04-13
S101688,5.34,8.02,1.41,7.41,31.94,6.74,54.9,2,50.82,12.1,9.34,2024-03-09
S101689,6.24,8.8,0.34,4.31,65.3,8.99,40.04,0,46.26,4.55,7.74,2024-04-04
S101690,7.08,5.82,1.58,4.8,44.25,2.51,79.89,2,57.51,1.79,6.71,2024-03-09
S101691,6.01,4.87,0.24,7.63,32.64,5.85,25.4,0,53.05,5.04,0.01,2024-02-02
S101692,7.72,8.57,0.16,1.94,42.38,6.15,68.99,2,66.88,3.38,2.32,2024-04-08
S101693,5.53,1.95,1.04,3.43,23.59,3.43,51.89,1,63.22,0.58,7.97,2024-04-22
S101694,8.2,9.09,1.4,5.11,31.12,5.72,34.4,2,58.74,2.63,7.28,2024-04-29
S101695,7.66,2.01,1.8,4.62,78.73,6.41,18.35,4,46.28,0.35,1.86,2024-04-19
S101696,4.74,3.84,0.4,7.69,63.13,3.44,81.81,1,34.79,1.33,0.78,2024-04-26
S101697,7.12,8.73,0.62,5.29,22.0,3.36,26.37,1,64.94,3.51,11.33,2024-02-21
S101698,5.99,6.26,0.31,6.09,36.58,7.13,58.09,3,50.92,1.75,2.98,2024-03-17
S101699,7.73,4.16,0.58,4.14,56.12,3.56,98.24,1,45.54,0.79,5.93,2024-03-31
S101700,5.55,9.44,2.25,7.05,50.25,5.82,74.64,6,45.44,2.09,2.49,2024-02-16
S101701,6.74,7.19,0.76,3.7,0.0,9.21,45.78,2,76.92,1.37,1.99,2024-08-03
S101702,7.06,4.98,1.35,3.38,39.05,7.1,56.02,1,71.52,1.56,10.51,2024-03-18
S101703,3.0,7.86,0.41,6.5,15.8,8.22,59.11,3,55.2,2.69,0.89,2024-03-03
S101704,3.67,7.33,0.63,5.94,65.38,8.81,44.28,0,35.34,3.42,6.93,2024-04-17
S101705,6.48,5.87,2.48,7.82,44.78,4.98,67.4,0,46.19,5.15,1.16,2024-04-04
S101706,6.12,8.29,2.12,5.77,40.85,7.26,64.84,1,55.04,4.63,0.12,2024-02-04
S101707,7.72,7.63,1.75,5.77,20.19,3.96,34.66,0,67.89,30.53,0.21,2024-03-21
S101708,6.62,2.99,0.02,2.31,11.14,5.34,60.64,1,74.43,0.67,2.87,2024-03-10
S101709,4.52,6.99,2.25,3.98,48.45,2.69,78.57,2,48.15,1.92,0.95,2024-03-05
S101710,6.76,7.17,0.99,10.0,74.62,8.5,72.56,3,38.88,3.66,12.64,2024-05-02
S101711,5.25,7.63,1.32,9.26,49.12,4.79,44.48,3,35.05,1.66,3.95,2024-04-09
S101712,5.98,4.21,0.22,3.39,67.64,3.47,80.18,1,50.45,1.2,0.74,2024-02-23
S101713,5.59,8.86,2.26,9.38,45.9,7.5,44.88,2,35.45,1.78,13.61,2024-08-02
S101714,6.79,2.71,4.11,4.25,80.59,3.31,37.47,3,45.53,0.89,1.54,2024-03-04
S101715,4.31,5.23,0.02,4.03,12.75,6.05,55.41,0,63.11,4.25,4.21,2024-04-09
S101716,4.73,5.66,1.69,4.35,57.18,3.83,25.74,1,46.35,1.43,0.54,2024-02-15
S101717,3.19,6.58,0.47,8.64,82.12,2.58,32.98,2,21.63,1.61,1.07,2024-02-13
S101718,9.3,5.96,0.71,6.05,46.96,7.44,60.49,4,61.49,1.38,0.56,2024-04-06
S101719,4.9,6.91,1.73,10.0,63.87,1.0,72.81,2,32.01,3.31,0.97,2024-03-18
S101720,5.09,7.72,0.6,5.94,55.71,8.75,47.09,5,41.66,1.76,15.49,2024-03-13
S101721,4.68,11.31,0.88,5.76,38.54,6.28,32.82,2,52.7,45.23,6.1,2024-02-18
S101722,5.4,5.51,3.46,6.61,19.37,6.37,82.69,3,58.87,2.24,8.5,2024-02-11
S101723,5.69,8.09,1.19,1.0,80.77,6.56,30.82,1,50.75,32.36,3.08,2024-04-15
S101724,7.16,5.88,0.0,6.27,80.23,7.36,65.66,2,42.53,2.97,1.32,2024-04-08
S101725,6.55,6.34,2.53,8.25,33.93,7.86,68.4,0,51.18,2.35,1.15,2024-04-21
S101726,6.76,4.53,1.77,3.54,33.33,8.1,66.15,2,65.76,1.1,0.03,2024-02-16
S101727,5.47,5.3,0.15,6.68,36.87,3.55,55.81,2,50.12,4.49,20.0,2024-02-25
S101728,6.2,9.71,0.25,9.27,13.86,6.17,89.96,0,58.27,1.84,5.41,2024-04-16
S101729,8.0,6.3,0.61,4.65,21.23,3.66,55.59,2,73.2,1.85,1.75,2024-04-05
S101730,6.27,7.21,2.25,7.93,14.92,4.77,52.78,0,63.92,3.7,0.79,2024-02-29
S101731,6.73,3.46,0.76,6.74,48.76,5.13,51.27,1,50.45,0.94,0.73,2024-03-19
S101732,3.46,7.78,1.0,4.51,73.62,4.89,51.57,3,31.99,1.98,2.66,2024-02-21
S101733,7.02,7.73,2.29,6.71,47.34,8.9,61.39,2,52.98,2.78,3.39,2024-05-03
S101734,6.66,7.41,0.34,1.43,0.0,3.48,35.86,5,82.66,2.45,1.76,2024-04-25
S101735,8.1,9.17,3.88,7.62,0.0,4.52,91.45,1,79.13,3.33,2.16,2024-03-12
S101736,3.0,6.56,0.54,6.03,43.69,10.0,83.47,3,43.04,2.61,3.37,2024-04-27
S101737,6.33,5.04,0.86,5.46,19.07,7.65,52.75,1,72.48,2.34,3.84,2024-02-13
S101738,6.12,7.68,1.98,3.1,31.26,5.68,59.8,2,68.24,2.59,10.38,2024-02-04
S101739,6.41,7.57,1.81,8.89,40.69,4.71,60.92,4,36.89,12.13,11.47,2024-02-15
S101740,5.41,10.83,1.53,10.0,32.94,5.55,47.6,1,42.87,2.47,0.29,2024-02-29
S101741,6.58,5.52,0.19,5.79,64.77,6.57,63.6,3,41.98,1.75,2.23,2024-03-03
S101742,7.26,6.84,3.03,6.28,64.29,8.92,65.03,6,46.12,1.51,1.63,2024-02-14
S101743,6.34,9.88,2.36,6.34,29.79,4.24,76.35,0,53.82,3.09,10.11,2024-03-09
S101744,5.87,6.28,0.97,5.99,18.39,8.2,37.03,2,58.29,3.92,1.21,2024-03-24
S101745,5.98,12.17,1.75,6.19,56.65,5.68,85.6,1,53.15,3.41,4.0,2024-03-05
S101746,5.73,12.01,1.64,9.37,68.57,5.43,74.34,2,27.49,8.18,0.41,2024-02-05
S101747,6.33,6.81,1.5,8.4,42.12,8.01,55.54,1,42.84,1.67,2.71,2024-02-05
S101748,5.27,8.33,1.28,5.54,29.57,5.87,43.02,0,56.8,1.67,0.76,2024-02-19
S101749,3.49,8.94,2.95,1.58,55.82,5.47,50.34,0,56.4,2.23,1.83,2024-05-03
S101750,8.17,5.07,0.19,6.8,13.49,4.87,71.34,2,64.41,1.09,0.86,2024-02-14
S101751,3.81,4.52,3.63,5.25,50.9,7.81,88.49,1,41.76,2.87,4.12,2024-03-11
S101752,6.1,9.59,4.85,5.7,26.92,5.11,51.06,1,52.57,6.79,2.84,2024-03-25
S101753,4.44,8.95,0.14,6.82,48.7,5.26,52.76,1,43.08,8.24,5.71,2024-04-05
S101754,5.86,5.63,1.3,4.92,33.25,3.71,60.52,3,62.27,0.72,1.61,2024-02-28
S101755,4.91,5.03,4.1,7.8,57.53,7.31,54.01,0,40.44,1.32,0.72,2024-04-18
S101756,6.2,3.63,1.3,7.98,56.97,3.91,68.39,1,40.99,0.89,4.04,2024-03-30
S101757,5.08,2.98,1.27,4.66,36.53,3.46,73.53,2,50.95,0.68,2.77,2024-03-28
S101758,4.44,8.75,2.0,7.08,24.47,6.1,63.22,1,58.65,6.77,9.92,2024-03-02
S101759,6.69,7.48,0.3,2.06,60.54,7.02,100.0,3,57.62,1.28,12.09,2024-03-06
S101760,8.13,6.21,0.07,4.68,57.41,7.63,53.81,0,62.98,2.03,2.37,2024-09-02
S101761,6.74,3.06,0.44,3.1,49.79,8.07,79.06,2,60.58,1.54,2.94,2024-04-15
S101762,6.41,4.44,0.06,4.8,63.6,2.29,62.36,2,54.28,17.76,0.52,2024-04-16
S101763,4.78,6.93,1.02,6.77,53.47,6.96,57.67,4,42.84,4.5,2.07,2024-03-03
S101764,6.14,3.43,1.19,5.62,38.85,6.21,54.73,2,67.62,0.81,3.26,2024-04-15
S101765,6.88,6.68,0.99,8.97,70.49,8.97,53.22,0,34.21,2.12,2.41,2024-04-25
S101766,5.34,5.07,0.54,7.54,31.16,4.24,79.48,7,51.42,2.61,0.19,2024-04-19
S101767,7.51,0.26,3.18,5.3,44.9,1.26,60.4,0,59.77,0.06,2.09,2024-03-02
S101768,6.19,7.76,0.81,2.69,46.61,1.04,54.54,0,63.12,5.49,14.86,2024-04-04
S101769,6.74,4.63,3.39,6.27,25.54,6.49,54.33,2,64.85,2.3,1.19,2024-03-20
S101770,5.55,1.23,2.58,6.33,22.67,10.0,43.9,2,54.79,0.29,3.11,2024-04-28
S101771,5.56,5.76,5.42,1.0,41.66,5.14,32.38,1,65.38,9.88,4.3,2024-02-18
S101772,6.55,2.75,1.07,4.56,39.82,7.03,78.24,1,58.43,1.28,6.32,2024-03-30
S101773,6.78,8.53,2.81,3.84,69.65,7.56,50.31,3,50.48,1.71,0.73,2024-03-03
S101774,6.73,5.36,2.23,3.84,76.71,6.02,36.51,1,48.87,2.21,2.36,2024-04-09
S101775,4.82,6.06,0.0,7.84,43.49,9.63,47.19,1,35.92,1.63,4.99,2024-02-03
S101776,5.21,8.96,1.43,7.19,41.41,5.32,76.98,3,49.13,6.72,16.95,2024-04-15
S101777,6.21,2.08,0.51,5.44,54.07,8.86,83.54,2,49.67,0.53,1.66,2024-02-23
S101778,3.64,6.71,0.56,5.58,32.56,4.54,65.91,2,45.86,2.49,9.53,2024-03-10
S101779,7.7,8.77,1.29,5.45,64.92,6.06,70.82,3,49.25,3.49,0.23,2024-02-13
S101780,6.68,7.72,5.69,5.36,46.49,5.64,46.66,2,58.45,0.99,0.03,2024-03-15
S101781,6.29,3.92,2.59,1.69,75.65,5.35,32.19,2,57.23,6.23,5.91,2024-03-12
S101782,5.23,7.37,1.97,6.1,95.17,4.51,33.03,2,24.07,2.63,6.44,2024-03-10
S101783,7.38,10.67,2.68,2.01,50.98,9.47,15.17,4,70.18,1.71,3.29,2024-02-18
S101784,5.85,4.15,0.78,5.79,9.9,6.53,57.87,1,60.75,2.04,0.12,2024-04-14
S101785,8.89,5.04,5.54,3.5,41.56,1.0,40.85,1,71.66,1.61,5.21,2024-04-19
S101786,6.78,8.02,1.17,2.2,60.42,4.16,59.56,0,48.8,3.25,5.6,2024-02-06
S101787,4.14,6.41,1.68,4.55,65.11,6.8,51.89,1,43.63,25.66,1.64,2024-03-25
S101788,7.25,5.93,0.06,5.85,36.3,9.7,34.87,3,64.5,2.42,4.9,2024-04-04
S101789,5.49,10.72,2.07,3.87,3.9,5.17,54.18,1,65.08,3.33,3.4,2024-03-19
S101790,5.5,6.505,1.07,7.45,29.01,6.6,56.83,2,55.23,3.13,2.24,2024-04-16
S101791,5.89,8.66,0.58,7.5,53.44,4.53,28.53,2,35.69,2.86,1.85,2024-02-20
S101792,6.04,3.33,1.72,7.09,51.26,10.0,53.28,3,50.46,0.86,1.39,2024-02-18
S101793,6.58,0.0,4.09,4.84,46.7,7.35,65.21,2,50.95,0.0,0.94,2024-03-30
S101794,7.29,6.31,2.31,5.58,72.02,4.83,28.64,1,43.71,1.85,3.82,2024-03-29
S101795,6.86,8.3,5.73,6.77,37.14,5.66,41.71,2,53.64,4.22,2.87,2024-04-09
S101796,5.21,5.33,0.83,8.01,67.46,8.49,55.52,4,35.7,2.05,1.71,2024-04-16
S101797,4.33,10.6,3.37,7.83,68.21,5.94,76.9,0,32.09,2.02,1.0,2024-03-27
S101798,5.09,6.56,0.24,4.86,85.22,4.53,62.03,2,35.94,1.31,3.27,2024-02-16
S101799,6.73,7.97,2.98,1.39,52.12,8.37,75.88,1,55.99,2.46,6.77,2024-02-18
S101800,7.44,7.2,0.38,4.26,64.72,4.97,69.01,1,55.55,2.36,2.58,2024-02-24
S101801,8.74,3.88,0.77,6.81,10.85,6.15,46.46,1,76.57,3.93,4.88,2024-04-24
S101802,4.34,9.55,2.49,7.55,66.87,5.43,28.47,1,35.09,2.14,5.76,2024-03-04
S101803,6.33,10.0,1.47,9.71,46.58,5.86,45.96,1,43.26,4.31,10.38,2024-04-09
S101804,5.9,9.9,0.08,4.31,65.52,3.06,59.67,3,51.41,2.93,5.69,2024-02-01
S101805,5.66,9.54,1.0,7.78,61.57,6.39,27.15,2,31.63,2.05,20.0,2024-04-28
S101806,6.41,9.76,0.16,8.54,50.8,6.79,52.41,2,41.41,3.55,7.72,2024-02-26
S101807,5.87,8.76,0.03,8.05,64.47,7.65,62.06,0,30.99,2.74,2.11,2024-07-04
S101808,5.85,9.67,1.44,2.68,31.48,8.28,48.74,2,61.02,1.54,0.81,2024-03-01
S101809,5.31,7.31,0.07,5.24,60.35,6.74,50.71,2,41.25,1.55,1.24,2024-04-11
S101810,6.77,4.74,4.28,8.66,19.92,6.16,35.51,1,51.94,1.18,0.31,2024-03-21
S101811,7.7,7.76,0.05,7.6,33.54,3.08,84.62,3,55.25,1.9,2.98,2024-04-28
S101812,8.5,8.9,3.73,7.08,58.13,9.57,19.16,2,45.18,1.82,11.89,2024-03-09
S101813,5.48,4.67,0.22,7.11,45.24,2.54,81.04,2,47.45,2.35,4.42,2024-03-21
S101814,4.74,6.43,1.04,5.77,33.45,1.84,86.39,2,55.97,2.02,5.6,2024-02-20
S101815,5.85,9.35,0.34,7.14,37.88,3.83,48.97,2,51.78,2.12,0.07,2024-04-26
S101816,5.05,5.61,0.03,8.36,38.61,9.15,55.35,1,39.97,1.68,1.97,2024-11-03
S101817,7.66,12.97,0.3,5.43,63.89,1.21,49.11,4,51.27,3.91,3.72,2024-02-02
S101818,5.07,8.09,0.9,6.7,54.97,5.96,75.64,3,45.05,5.05,20.0,2024-04-28
S101819,6.32,9.81,0.7,8.05,12.95,5.12,68.95,2,58.49,2.55,5.98,2024-03-05
S101820,4.34,8.82,1.83,4.29,77.07,7.48,64.42,3,43.45,2.36,2.46,2024-03-18
S101821,5.73,9.4,2.23,3.81,36.14,4.28,91.48,1,66.05,5.7,4.2,2024-03-16
S101822,6.48,7.11,4.99,4.04,50.26,5.4,73.27,1,55.01,4.49,2.55,2024-03-25
S101823,8.36,4.83,0.86,4.46,32.66,4.85,71.37,1,66.56,9.52,4.17,2024-04-27
S101824,5.25,3.29,0.43,3.35,18.56,7.11,74.85,2,59.85,1.02,10.94,2024-11-04
S101825,6.73,2.79,1.26,6.83,75.74,9.02,72.6,0,39.65,1.18,8.83,2024-02-06
S101826,3.31,4.5,1.79,7.18,83.27,4.91,44.06,3,28.77,1.58,8.17,2024-02-19
S101827,4.53,1.85,0.86,6.79,55.0,4.86,52.07,2,38.75,2.17,2.18,2024-03-14
S101828,5.08,5.77,3.76,6.65,54.8,6.42,65.45,4,48.95,3.62,2.04,2024-04-11
S101829,5.52,4.05,0.44,5.63,61.05,3.12,69.2,2,42.59,1.07,1.64,2024-03-29
S101830,6.82,4.87,0.44,4.21,14.69,4.86,80.56,2,69.64,1.42,6.55,2024-04-15
S101831,7.1,4.46,0.21,7.67,55.9,6.32,58.93,1,46.45,5.58,0.1,2024-02-02
S101832,3.96,8.41,0.04,6.15,76.58,4.13,60.67,3,28.66,2.85,3.91,2024-02-05
S101833,6.96,4.88,1.33,5.9,44.69,7.0,60.28,2,59.09,2.27,1.68,2024-12-04
S101834,4.65,4.52,1.55,7.33,61.51,5.44,68.64,0,37.83,1.17,6.42,2024-04-05
S101835,8.78,10.53,0.97,2.22,14.29,9.38,55.29,2,85.91,7.75,3.9,2024-03-02
S101836,6.65,5.69,1.1,1.0,39.41,4.29,88.18,0,72.15,1.32,5.03,2024-03-25
S101837,6.43,10.08,1.03,6.44,52.27,7.44,42.1,1,50.05,7.26,14.36,2024-02-21
S101838,5.96,5.45,0.93,5.27,27.15,5.79,61.5,6,60.41,2.0,0.71,2024-04-18
S101839,6.16,6.04,1.1,10.0,43.76,9.06,20.87,6,38.36,24.16,3.0,2024-03-13
S101840,6.21,7.11,0.39,6.58,54.62,2.48,46.02,2,52.23,2.14,0.08,2024-01-03
S101841,5.24,3.04,0.1,7.17,40.33,3.87,44.25,2,43.75,1.0,2.05,2024-02-19
S101842,7.26,10.3,1.67,7.24,43.97,6.0,75.58,1,50.88,3.03,6.73,2024-03-07
S101843,6.59,10.81,0.97,7.47,40.84,7.62,72.35,0,48.75,2.43,10.55,2024-02-26
S101844,7.26,5.42,2.62,5.64,60.87,6.63,67.55,1,44.7,1.93,3.4,2024-03-18
S101845,6.13,9.28,0.02,7.32,50.85,5.55,65.94,1,46.44,2.87,0.49,2024-02-13
S101846,7.16,7.14,0.09,4.57,62.46,7.01,83.89,1,51.61,1.75,7.81,2024-04-21
S101847,5.15,5.35,4.32,7.08,83.73,7.0,75.67,1,26.32,1.09,7.03,2024-04-22
S101848,10.0,6.505,0.17,7.85,59.99,5.99,57.8,3,49.6,42.34,1.63,2024-02-24
S101849,5.22,3.96,1.28,8.38,68.98,9.92,84.13,0,28.15,15.84,9.97,2024-02-05
S101850,5.59,6.39,3.94,2.48,26.33,7.19,23.09,1,67.03,2.96,0.51,2024-02-19
S101851,7.56,8.96,1.49,5.54,58.99,6.32,69.89,4,56.49,5.27,13.39,2024-03-16
S101852,7.94,5.94,0.46,5.7,69.23,6.78,82.39,3,48.05,3.28,1.05,2024-04-16
S101853,5.1,7.66,0.86,4.87,27.25,4.82,50.82,2,59.94,2.71,5.88,2024-03-08
S101854,3.88,3.28,0.51,4.92,62.75,5.72,50.45,1,49.7,1.9,5.44,2024-02-17
S101855,4.25,6.0,3.01,6.83,63.27,4.79,69.08,0,31.42,1.13,6.25,2024-07-03
S101856,4.82,6.78,1.53,2.75,38.24,3.39,54.78,2,71.62,2.71,3.84,2024-02-14
S101857,5.11,3.34,1.89,6.2,43.54,8.13,34.47,1,46.65,1.75,5.08,2024-03-02
S101858,5.98,4.42,2.29,8.77,72.59,3.51,76.55,1,31.79,2.01,0.23,2024-04-05
S101859,7.65,4.91,0.11,6.05,54.72,2.83,95.04,1,52.17,2.42,1.12,2024-03-03
S101860,7.72,5.83,0.35,4.3,41.63,9.87,58.28,2,63.09,1.26,6.31,2024-10-03
S101861,5.35,7.01,1.15,1.61,19.48,4.66,96.9,1,74.19,2.17,3.86,2024-02-19
S101862,6.96,5.67,0.71,7.45,33.3,5.27,60.79,2,56.73,8.46,1.02,2024-04-02
S101863,7.44,2.4,5.42,2.38,60.93,9.03,37.38,0,60.57,0.9,2.62,2024-04-13
S101864,8.17,6.62,0.96,4.49,65.13,2.99,49.17,2,59.03,1.54,1.17,2024-02-24
S101865,5.99,9.75,1.36,8.53,51.86,7.03,73.99,3,35.41,2.33,4.36,2024-03-14
S101866,5.17,6.505,0.16,1.0,44.13,6.56,63.91,4,58.8,2.73,20.0,2024-03-24
S101867,7.26,5.53,0.74,4.61,18.47,7.29,66.98,1,72.38,2.1,0.4,2024-02-02
S101868,8.33,6.46,4.66,7.38,32.57,1.0,51.78,1,60.92,2.74,1.69,2024-04-05
S101869,5.47,8.01,0.11,2.93,47.83,7.86,67.1,3,56.23,2.73,3.48,2024-02-01
S101870,8.93,3.08,0.09,10.0,25.14,4.39,69.68,1,55.89,2.48,3.84,2024-03-31
S101871,8.61,10.46,0.6,4.46,3.57,2.35,73.9,2,79.6,3.02,3.32,2024-03-09
S101872,5.84,5.75,1.59,6.75,16.05,5.48,94.22,1,61.78,0.95,0.36,2024-03-29
S101873,4.01,11.26,8.0,8.58,46.44,2.92,47.35,2,35.84,2.79,4.52,2024-04-27
S101874,5.37,4.8,0.36,4.93,43.48,4.16,36.49,1,52.59,1.79,11.6,2024-04-28
S101875,5.71,4.04,5.33,1.0,47.4,4.96,56.97,2,61.25,5.82,2.6,2024-02-25
S101876,6.95,7.0,1.46,6.33,78.42,5.78,25.79,2,41.68,2.58,0.85,2024-03-09
S101877,3.87,8.98,1.33,3.71,26.99,6.12,41.0,2,56.92,4.01,4.36,2024-02-21
S101878,9.61,7.73,8.0,5.28,56.65,4.11,62.38,1,56.2,3.46,19.44,2024-04-25
S101879,9.48,7.02,0.79,4.16,42.16,3.41,74.97,1,70.86,2.45,4.15,2024-03-28
S101880,5.19,7.29,1.41,3.34,37.11,7.59,62.9,2,64.01,3.44,0.34,2024-04-12
S101881,3.6,7.06,0.03,6.69,62.94,5.21,64.41,2,35.92,1.78,0.97,2024-02-23
S101882,5.97,9.27,0.84,9.27,52.5,3.19,43.53,0,34.17,1.95,2.03,2024-04-27
S101883,6.8,6.41,1.08,8.12,18.22,5.39,62.05,2,61.03,3.34,4.66,2024-03-27
S101884,8.09,8.24,0.07,7.88,12.51,6.59,53.81,1,57.8,2.58,1.47,2024-02-18
S101885,7.2,5.15,2.11,6.3,43.46,8.1,49.76,1,56.82,1.17,0.96,2024-03-22
S101886,5.92,6.14,0.36,3.59,37.54,3.04,40.61,3,58.29,1.72,6.87,2024-03-03
S101887,3.45,4.67,1.66,7.04,29.26,6.88,61.92,1,47.49,1.67,7.92,2024-03-21
S101888,6.92,5.85,1.4,2.93,47.08,4.15,23.6,1,62.74,1.98,9.94,2024-02-03
S101889,7.38,5.26,0.24,5.53,55.49,3.76,69.31,4,50.19,1.93,1.66,2024-04-12
S101890,5.77,2.81,0.91,6.32,67.31,6.59,53.37,2,43.69,1.63,0.02,2024-03-20
S101891,6.59,9.0,0.49,8.04,45.29,6.3,48.53,2,45.77,31.7,6.62,2024-03-20
S101892,6.49,7.49,0.31,5.49,42.41,3.89,72.65,0,54.8,3.11,10.11,2024-04-01
S101893,5.86,7.94,5.19,4.71,43.57,4.62,13.47,2,60.85,2.68,7.33,2024-03-03
S101894,4.58,12.26,4.8,6.14,17.0,10.0,50.91,2,60.02,3.62,1.14,2024-04-26
S101895,6.68,1.46,6.29,3.94,31.22,8.52,37.83,2,65.98,5.86,0.34,2024-03-27
S101896,4.21,7.58,3.33,6.69,50.43,1.0,30.29,1,45.64,3.16,5.14,2024-03-20
S101897,8.16,6.9,0.33,3.52,54.87,4.28,47.46,4,49.79,2.52,0.38,2024-03-27
S101898,4.94,9.32,0.27,2.33,58.66,5.49,51.94,0,52.37,2.58,1.74,2024-04-22
S101899,6.89,5.1,0.02,5.66,42.37,2.19,59.27,2,59.43,3.58,0.44,2024-04-24
S101900,5.18,5.34,0.71,7.16,51.48,4.72,67.9,1,43.15,4.5,0.55,2024-04-16
S101901,6.73,6.505,1.9,6.84,58.33,2.64,94.38,1,47.64,0.93,11.39,2024-02-26
S101902,5.9,6.505,3.84,4.51,52.55,6.8,43.53,0,42.65,3.98,5.85,2024-04-28
S101903,6.94,11.25,1.65,7.07,54.66,6.36,62.78,3,46.59,19.81,3.5,2024-01-04
S101904,5.09,4.67,0.1,6.06,51.83,3.92,70.47,2,44.26,2.72,2.79,2024-03-12
S101905,3.92,6.94,0.03,6.45,36.76,4.17,62.1,2,42.4,2.12,1.79,2024-04-17
S101906,5.8,7.19,1.34,4.13,52.54,3.5,55.36,1,52.69,2.14,0.5,2024-04-05
S101907,5.71,4.93,0.0,8.29,37.41,3.83,46.15,3,44.23,1.23,2.96,2024-02-04
S101908,4.09,1.67,0.24,5.88,15.04,7.46,75.85,2,60.56,0.5,1.17,2024-04-14
S101909,5.23,8.78,2.86,4.02,36.05,4.53,82.03,0,56.06,3.15,1.63,2024-04-26
S101910,3.85,2.36,0.94,1.8,62.64,5.45,57.28,1,52.66,2.61,1.76,2024-01-04
S101911,6.36,9.25,1.0,2.75,38.29,5.74,63.51,2,60.08,1.92,3.53,2024-03-11
S101912,5.67,3.26,0.11,8.4,82.82,5.85,71.6,2,21.17,0.67,1.5,2024-03-20
S101913,6.22,8.92,0.38,4.92,18.53,3.89,49.79,3,68.26,3.67,1.19,2024-02-13
S101914,9.84,9.77,1.79,2.96,28.81,6.59,56.58,1,83.12,3.08,2.11,2024-10-02
S101915,6.42,5.27,0.27,6.48,76.69,6.45,88.13,3,27.2,2.28,0.31,2024-02-15
S101916,6.72,3.64,1.2,4.87,75.59,7.85,27.54,0,33.89,1.83,1.92,2024-03-04
S101917,7.07,6.12,0.22,6.6,64.01,4.68,74.4,0,47.91,1.83,0.29,2024-04-08
S101918,6.0,6.46,1.2,2.51,56.3,3.77,32.28,3,59.9,2.29,0.88,2024-03-22
S101919,5.37,3.56,1.48,6.07,47.07,9.64,66.4,3,45.67,1.11,9.72,2024-04-13
S101920,7.42,5.75,5.4,5.9,15.06,7.58,35.89,3,69.48,1.37,1.87,2024-03-02
S101921,7.64,8.72,1.09,5.22,46.88,5.61,78.44,3,54.69,1.75,2.08,2024-01-03
S101922,3.0,8.01,2.42,8.24,41.16,9.48,81.1,2,36.15,5.66,8.17,2024-02-12
S101923,5.97,9.42,0.68,5.11,55.5,4.84,46.3,1,44.63,3.22,3.11,2024-04-01
S101924,5.72,2.79,0.26,5.08,26.83,6.34,66.07,4,67.06,1.61,0.02,2024-02-22
S101925,5.4,4.32,0.22,2.62,32.43,5.7,50.01,3,63.62,2.17,2.97,2024-03-18
S101926,7.93,6.2,0.37,5.61,27.31,9.92,67.76,0,64.64,2.28,0.03,2024-02-02
S101927,5.44,6.11,0.08,3.26,39.77,3.46,78.62,2,57.29,4.0,4.57,2024-04-17
S101928,7.4,8.61,1.5,7.18,19.18,2.6,25.5,1,62.96,2.18,0.22,2024-02-10
S101929,5.43,6.505,0.02,7.08,40.89,6.11,88.67,1,44.5,0.85,1.75,2024-05-03
S101930,5.62,10.36,0.95,4.26,51.07,8.19,14.93,3,55.57,4.31,0.76,2024-03-07
S101931,7.21,9.21,0.79,7.43,55.48,7.66,81.69,1,49.0,2.39,9.2,2024-03-13
S101932,5.16,8.31,0.73,4.56,36.74,3.57,75.67,2,63.45,5.44,4.22,2024-06-02
S101933,5.97,5.67,0.22,8.58,43.61,1.47,60.58,5,53.05,1.03,4.06,2024-03-25
S101934,4.65,2.58,1.32,4.27,27.16,3.95,92.17,5,66.47,0.44,4.19,2024-07-02
S101935,4.95,2.97,0.66,4.8,47.44,4.67,56.76,6,55.58,0.82,3.75,2024-04-28
S101936,7.2,8.76,1.26,4.94,65.67,5.16,81.12,3,52.99,3.51,4.29,2024-03-08
S101937,7.01,6.04,2.55,8.31,19.62,4.29,78.21,2,58.48,2.68,10.02,2024-02-23
S101938,4.59,10.96,0.99,6.8,56.62,4.85,42.99,2,34.79,4.95,0.05,2024-02-15
S101939,4.53,7.19,2.71,8.79,48.42,6.59,88.93,1,36.57,1.38,4.06,2024-04-15
S101940,9.75,3.07,0.5,6.79,17.94,5.14,40.32,2,73.57,0.93,5.28,2024-03-14
S101941,5.29,9.38,0.79,5.8,62.68,4.85,72.37,2,43.81,2.14,0.3,2024-04-01
S101942,4.97,5.87,0.98,3.34,18.71,8.7,69.5,2,62.1,1.36,6.93,2024-02-14
S101943,6.91,6.69,4.75,3.44,39.04,9.05,73.86,3,60.77,4.19,2.92,2024-02-01
S101944,5.1,8.15,0.67,3.82,67.06,5.57,67.34,3,47.99,1.56,5.35,2024-03-02
S101945,5.68,2.91,3.76,5.9,49.02,4.41,90.66,3,51.96,0.49,3.53,2024-03-14
S101946,7.44,3.53,0.53,4.29,38.92,2.39,51.23,2,58.89,0.72,6.06,2024-03-14
S101947,7.59,10.01,0.52,8.78,39.68,3.76,87.73,2,52.02,1.89,12.64,2024-03-22
S101948,5.91,2.9,5.38,6.76,42.42,7.6,48.32,2,53.73,1.45,3.95,2024-03-11
S101949,8.07,3.51,1.17,7.95,52.25,5.17,92.95,3,48.82,0.79,2.34,2024-03-25
S101950,5.99,3.17,0.13,4.35,38.43,4.88,41.83,2,64.08,0.84,5.48,2024-03-23
S101951,5.85,3.28,2.02,5.69,59.35,9.78,99.67,4,46.73,1.43,2.51,2024-02-23
S101952,6.18,5.3,0.15,9.74,63.56,3.69,35.31,2,28.99,1.27,8.45,2024-03-09
S101953,5.76,5.1,0.23,5.4,16.54,5.78,92.34,3,65.77,5.02,1.15,2024-03-05
S101954,6.93,3.69,1.07,5.37,32.17,10.0,87.85,2,54.51,0.89,11.01,2024-02-22
S101955,6.58,4.92,2.53,1.0,25.26,1.82,64.4,2,79.69,1.55,1.33,2024-04-05
S101956,5.1,7.19,0.34,6.91,44.49,4.86,83.98,0,44.93,2.61,1.12,2024-03-27
S101957,6.44,1.03,0.39,3.75,32.08,2.76,70.95,2,61.35,0.44,9.21,2024-03-22
S101958,5.43,5.29,1.5,5.12,35.31,6.02,47.27,3,55.59,2.52,4.78,2024-04-29
S101959,5.38,5.85,0.09,6.9,51.35,2.65,65.13,0,42.86,1.86,0.86,2024-03-14
S101960,5.99,1.94,3.05,8.27,28.67,3.55,62.61,2,50.76,1.41,1.87,2024-02-22
S101961,7.61,9.28,0.29,3.63,20.98,4.91,70.83,5,73.04,1.89,7.0,2024-04-02
S101962,6.57,6.75,2.31,6.54,24.7,4.73,51.58,2,60.47,1.95,8.01,2024-02-27
S101963,7.96,5.93,0.31,6.87,36.99,10.0,75.55,1,59.23,2.98,1.86,2024-03-14
S101964,8.37,7.69,2.3,4.83,59.99,4.72,67.35,3,55.48,30.74,5.49,2024-03-21
S101965,6.14,7.14,1.96,5.47,65.06,3.98,66.35,3,48.99,1.94,10.62,2024-04-24
S101966,5.34,5.65,0.32,3.95,61.26,7.48,32.07,3,47.72,2.5,2.39,2024-04-25
S101967,5.09,5.65,1.93,8.98,79.75,5.34,81.88,1,22.22,2.91,3.33,2024-04-22
S101968,6.58,3.35,0.14,5.22,51.21,2.4,57.75,1,56.53,1.04,5.25,2024-04-01
S101969,7.4,7.32,1.02,4.27,47.51,8.48,74.45,3,58.14,2.7,0.81,2024-04-11
S101970,8.4,6.79,0.12,3.25,61.6,4.61,43.91,1,63.28,2.91,17.4,2024-02-25
S101971,4.36,3.74,0.0,6.81,62.27,6.18,70.4,2,37.35,1.74,10.16,2024-03-14
S101972,7.48,7.88,5.13,3.11,28.22,5.79,69.03,1,77.52,4.35,0.58,2024-12-02
S101973,7.69,10.07,3.11,8.57,66.98,8.03,54.66,1,37.08,3.04,1.27,2024-04-26
S101974,9.6,3.17,1.43,7.23,34.3,3.14,50.45,2,61.27,0.99,0.1,2024-04-02
S101975,6.45,10.84,3.7,5.77,16.5,7.27,60.03,0,75.94,2.24,14.22,2024-04-23
S101976,6.15,9.4,0.03,4.39,17.22,10.0,67.47,2,68.82,6.96,0.5,2024-03-26
S101977,4.07,8.94,0.74,5.09,56.44,4.37,51.45,1,51.49,35.75,9.11,2024-03-10
S101978,5.1,6.02,1.14,1.77,46.1,6.81,52.34,0,63.66,2.33,0.1,2024-03-15
S101979,4.65,10.69,0.26,3.21,51.31,7.6,38.83,2,54.34,7.19,1.68,2024-03-14
S101980,4.78,5.75,1.06,4.54,56.66,2.32,50.06,2,52.9,1.94,2.32,2024-03-10
S101981,4.94,7.96,1.26,1.25,73.84,2.64,40.44,3,54.94,2.74,1.87,2024-04-15
S101982,4.05,5.07,1.67,1.23,54.36,4.33,66.04,2,52.49,1.69,1.94,2024-03-07
S101983,6.07,3.24,0.3,5.11,47.48,4.31,50.91,1,51.78,12.95,0.43,2024-03-26
S101984,6.74,8.01,7.76,6.74,41.55,6.53,52.31,0,59.24,4.42,4.57,2024-04-23
S101985,7.26,9.86,0.08,4.18,67.08,4.79,56.43,4,54.16,5.18,9.16,2024-02-08
S101986,6.07,3.16,0.7,6.67,29.05,4.63,77.1,2,61.2,1.55,2.36,2024-02-13
S101987,7.68,6.33,0.06,7.41,33.1,4.23,50.84,2,57.22,2.13,6.74,2024-03-20
S101988,7.69,4.76,0.14,7.42,65.11,2.13,60.59,1,46.65,0.91,1.74,2024-02-28
S101989,4.08,4.02,0.5,4.92,36.15,5.61,80.39,1,56.56,0.98,11.38,2024-02-08
S101990,5.82,5.46,0.46,4.69,88.28,7.07,57.73,2,36.16,2.08,4.75,2024-04-20
S101991,4.46,8.94,0.05,6.09,15.86,5.48,82.67,1,51.25,10.41,1.47,2024-02-08
S101992,4.83,10.04,0.52,3.28,7.82,9.2,70.48,1,67.23,2.1,5.12,2024-04-23
S101993,6.46,7.62,1.61,4.95,48.92,5.36,55.59,1,51.53,4.36,1.22,2024-04-28
S101994,6.03,6.73,0.13,4.97,73.08,8.85,41.27,5,47.55,2.57,12.91,2024-10-03
S101995,8.25,8.23,2.62,6.15,51.03,2.97,66.47,0,56.69,3.36,2.57,2024-04-01
S101996,9.07,4.2,2.79,6.72,17.32,1.0,52.34,1,68.43,1.19,9.99,2024-03-22
S101997,6.8,6.96,0.52,9.81,57.33,8.11,59.01,0,42.97,1.32,1.36,2024-03-25
S101998,5.94,5.18,1.31,3.54,44.19,3.21,74.11,4,60.47,2.93,2.84,2024-02-04
S101999,6.01,7.08,2.67,3.69,58.3,3.43,50.76,1,47.22,1.5,8.62,2024-03-20
S102000,6.19,2.21,1.28,5.84,19.3,7.55,20.91,4,62.58,0.5,2.56,2024-03-11
S102001,7.01,7.68,1.23,3.93,52.62,2.96,86.16,3,56.61,2.17,10.04,2024-03-25
S102002,5.18,5.79,2.71,4.94,22.98,5.91,59.86,0,67.24,1.21,2.59,2024-09-03
S102003,7.03,6.98,5.71,8.77,29.87,6.37,54.04,1,53.68,1.79,4.06,2024-02-05
S102004,5.87,7.06,0.12,5.49,33.53,4.28,55.94,1,61.19,2.33,10.13,2024-03-03
S102005,7.7,9.94,0.36,2.07,72.75,5.27,60.15,0,57.27,11.94,6.78,2024-02-28
S102006,8.12,5.71,0.14,7.59,57.37,2.57,62.62,0,57.57,2.63,6.44,2024-02-25
S102007,8.65,2.57,6.46,6.62,76.77,7.64,60.23,1,50.26,1.27,10.63,2024-02-25
S102008,6.0,9.09,0.93,9.73,78.91,8.68,43.89,5,24.99,2.2,9.95,2024-02-26
S102009,4.33,8.62,0.88,1.64,47.57,3.97,59.3,1,59.48,2.31,1.51,2024-02-10
S102010,3.86,5.13,0.4,5.65,75.66,1.82,33.98,3,42.81,3.73,0.75,2024-02-23
S102011,5.81,9.12,0.91,4.4,32.03,3.83,83.42,5,61.51,2.94,6.69,2024-02-23
S102012,4.24,9.13,0.15,5.83,30.01,5.68,33.61,5,52.49,1.79,12.58,2024-02-08
S102013,3.92,3.53,2.54,7.6,35.02,6.22,61.86,1,45.29,1.23,4.75,2024-02-09
S102014,5.73,4.19,1.2,3.09,65.87,5.89,21.41,2,56.91,1.42,1.89,2024-04-01
S102015,4.84,3.39,3.7,3.91,73.52,4.55,69.74,1,42.73,1.17,4.73,2024-07-02
S102016,7.19,10.45,1.26,6.56,39.84,6.47,61.28,2,54.73,4.59,6.82,2024-03-09
S102017,8.94,1.96,0.13,3.82,8.33,4.16,63.27,7,79.63,1.04,4.25,2024-03-18
S102018,5.91,3.99,2.28,5.68,41.15,7.4,51.69,2,56.21,2.68,9.27,2024-04-27
S102019,6.66,7.38,1.54,4.18,24.47,5.07,34.34,0,69.7,3.97,10.31,2024-02-10
S102020,4.02,9.33,1.42,7.02,4.69,3.0,81.56,2,61.31,2.4,5.76,2024-02-18
S102021,6.48,9.27,0.7,7.01,59.81,10.0,50.23,0,37.13,2.42,2.31,2024-03-29
S102022,5.25,7.43,0.35,4.1,48.09,3.55,100.0,2,58.41,1.7,5.75,2024-04-23
S102023,4.69,8.1,0.48,7.5,39.15,5.62,98.95,2,46.73,4.26,1.74,2024-02-21
S102024,3.62,9.22,1.25,6.13,46.05,4.59,67.83,4,40.52,13.92,3.22,2024-03-07
S102025,8.47,7.63,4.36,3.27,44.77,7.41,56.22,4,69.23,1.99,3.22,2024-04-17
S102026,3.97,5.94,0.84,7.15,60.62,3.62,27.46,3,41.28,0.99,3.39,2024-04-03
S102027,4.54,7.09,0.3,6.18,56.7,6.48,63.74,2,42.78,2.87,0.03,2024-03-13
S102028,6.25,7.96,1.76,4.14,60.5,1.0,17.8,0,53.18,2.22,8.65,2024-02-15
S102029,6.64,8.08,0.29,4.01,10.6,6.26,77.61,3,68.1,2.61,1.38,2024-02-12
S102030,6.64,7.02,0.9,9.01,55.28,3.66,66.7,1,47.38,2.16,2.11,2024-02-23
S102031,6.39,4.39,1.4,5.9,57.54,6.3,32.98,2,47.72,1.69,10.71,2024-03-28
S102032,4.99,6.71,0.1,4.27,48.64,5.35,58.18,2,43.8,2.72,2.71,2024-04-21
S102033,7.31,6.505,0.14,1.0,67.85,10.0,86.94,2,57.45,5.82,7.5,2024-04-18
S102034,6.51,3.78,0.94,5.28,49.98,8.51,64.13,1,55.29,2.23,1.72,2024-02-11
S102035,4.21,4.67,2.14,6.84,23.47,2.7,26.4,1,53.92,1.05,9.93,2024-02-12
S102036,8.48,7.58,0.02,8.31,40.24,5.9,45.3,2,55.71,2.95,0.49,2024-03-11
S102037,5.76,8.15,4.42,5.82,35.31,6.92,88.62,2,58.76,4.54,2.61,2024-11-04
S102038,7.57,5.94,1.43,9.19,27.33,3.69,44.54,5,56.34,1.84,8.7,2024-03-04
S102039,4.21,5.92,0.86,5.36,49.31,5.45,83.39,3,46.95,4.68,3.5,2024-04-29
S102040,4.58,6.7,0.0,7.58,48.79,6.57,58.53,1,41.82,2.13,2.4,2024-03-01
S102041,5.44,5.41,5.32,7.55,51.71,4.8,57.29,1,43.6,1.38,3.59,2024-02-01
S102042,5.28,5.3,3.97,5.29,41.92,6.05,54.88,2,50.57,1.31,3.28,2024-02-29
S102043,7.66,2.03,1.98,8.17,24.94,2.66,64.98,0,61.57,0.59,1.02,2024-03-29
S102044,3.97,5.92,0.23,9.67,58.83,3.59,41.69,1,27.72,1.68,5.91,2024-02-15
S102045,6.48,10.59,3.12,5.77,58.66,6.46,81.1,2,54.42,3.24,1.83,2024-03-26
S102046,4.83,4.78,2.14,3.71,12.71,3.28,59.34,0,66.77,1.1,0.39,2024-03-14
S102047,6.97,5.04,0.65,3.58,26.08,3.5,39.9,0,64.18,5.64,1.15,2024-03-28
S102048,6.54,7.68,1.01,5.28,41.27,4.19,84.08,3,56.23,5.09,7.1,2024-03-15
S102049,5.48,8.38,0.04,3.96,54.99,4.36,52.22,1,53.01,2.13,16.35,2024-03-26
S102050,9.36,12.08,2.19,4.29,51.08,3.05,93.6,3,63.73,29.28,10.2,2024-04-24
S102051,6.19,5.36,1.36,6.95,32.39,3.28,64.95,3,49.24,2.0,2.12,2024-10-02
S102052,7.79,7.74,1.68,5.43,24.97,3.1,76.36,5,66.46,2.11,0.26,2024-04-14
S102053,4.39,3.9,3.38,6.57,55.87,2.53,67.93,5,43.43,0.67,1.72,2024-02-28
S102054,6.08,4.41,0.12,5.21,79.52,5.96,50.53,3,36.13,17.63,4.72,2024-02-09
S102055,6.38,4.78,0.94,4.66,45.77,2.28,38.02,3,49.89,2.0,16.83,2024-02-16
S102056,6.45,6.3,1.73,6.98,30.51,4.93,62.4,2,62.29,4.5,4.74,2024-04-02
S102057,5.77,7.71,1.51,4.62,30.26,7.59,49.6,1,59.01,2.37,0.91,2024-04-24
S102058,5.09,7.16,2.41,3.1,50.94,9.35,50.62,2,55.64,2.38,0.99,2024-04-21
S102059,3.0,4.4,1.98,4.71,68.06,3.85,89.26,1,33.79,0.89,5.64,2024-02-02
S102060,5.46,6.52,4.43,3.77,64.16,5.99,47.8,2,57.19,1.77,3.89,2024-02-10
S102061,4.97,6.505,0.5,3.21,24.82,5.91,95.73,2,68.32,4.23,0.5,2024-03-09
S102062,5.9,5.02,1.6,4.64,40.17,9.56,87.57,2,59.59,1.07,1.41,2024-04-14
S102063,7.46,3.58,0.66,7.11,92.11,4.78,33.92,2,34.91,1.7,8.94,2024-02-19
S102064,9.36,5.84,0.9,8.35,39.13,9.55,58.38,2,60.87,5.03,2.26,2024-03-28
S102065,7.0,7.34,1.33,7.75,40.05,5.28,37.2,0,54.73,1.63,0.67,2024-03-16
S102066,7.68,11.81,1.4,7.46,47.89,4.72,38.55,5,60.27,3.2,5.25,2024-03-25
S102067,7.14,4.71,0.32,4.4,47.24,4.89,81.53,2,61.35,4.15,0.45,2024-02-03
S102068,7.28,7.88,0.47,6.29,53.15,5.73,63.53,4,47.96,2.97,3.5,2024-02-06
S102069,7.09,7.13,1.8,7.08,31.46,4.28,72.04,2,58.1,4.63,1.04,2024-03-18
S102070,5.9,5.73,0.06,6.47,15.62,4.99,71.78,1,72.99,2.47,4.62,2024-04-21
S102071,5.81,4.87,3.86,5.44,27.97,6.14,18.7,0,62.27,12.79,0.31,2024-03-02
S102072,6.73,3.69,0.03,2.95,44.97,4.56,73.8,0,65.52,0.94,1.47,2024-04-22
S102073,8.79,6.85,0.66,2.17,42.94,4.27,37.88,3,74.82,3.55,3.9,2024-03-22
S102074,7.37,4.83,1.89,3.23,72.64,5.57,64.12,1,56.03,5.74,3.0,2024-02-05
S102075,8.53,6.35,4.21,6.24,68.42,4.71,62.86,1,54.44,9.83,7.93,2024-02-20
S102076,4.46,8.73,0.29,3.3,78.58,6.46,31.13,1,40.38,4.51,0.21,2024-02-20
S102077,6.65,2.59,3.88,7.26,44.81,6.52,60.07,3,46.4,1.12,1.46,2024-05-04
S102078,6.84,10.07,0.6,5.16,55.57,5.66,61.53,3,53.5,8.74,0.1,2024-02-05
S102079,7.01,4.74,0.12,8.38,58.94,7.83,84.79,1,39.66,1.27,19.04,2024-04-08
S102080,4.36,7.98,0.04,6.68,43.54,5.22,79.0,1,43.32,2.82,2.28,2024-02-13
S102081,3.7,7.45,1.42,5.03,40.89,4.15,50.08,1,57.78,1.9,5.96,2024-04-14
S102082,3.31,6.07,1.66,5.37,57.26,6.44,63.54,1,39.93,24.27,0.14,2024-02-21
S102083,5.72,7.62,2.16,6.63,14.13,6.18,43.39,1,69.6,1.22,2.55,2024-04-23
S102084,9.57,9.76,1.26,1.8,27.73,5.81,74.94,0,84.7,2.4,18.36,2024-03-25
S102085,6.59,6.62,0.63,4.98,53.28,7.45,48.5,4,52.45,4.47,3.42,2024-02-25
S102086,4.59,9.15,0.7,7.82,63.47,3.47,44.76,0,37.09,2.41,6.82,2024-03-24
S102087,6.76,11.29,0.8,5.78,68.66,7.19,70.09,6,40.53,4.87,7.27,2024-03-16
S102088,5.87,6.78,0.79,4.63,68.43,6.55,58.5,3,48.23,27.13,1.8,2024-03-20
S102089,6.53,4.45,2.91,6.92,41.12,3.79,75.09,1,52.98,1.31,2.27,2024-03-25
S102090,5.66,5.52,5.38,3.01,55.49,8.37,52.36,1,57.79,1.33,5.1,2024-04-23
S102091,4.48,7.42,1.22,8.3,31.45,1.51,73.52,2,47.71,1.88,2.89,2024-02-20
S102092,5.55,8.89,1.44,4.02,61.25,4.11,66.23,2,51.77,2.39,0.49,2024-03-14
S102093,7.29,1.81,0.83,10.0,5.39,3.43,77.58,1,55.62,7.25,1.83,2024-02-11
S102094,6.72,6.06,1.26,5.41,61.09,10.0,62.37,2,49.51,4.58,2.06,2024-02-21
S102095,8.01,5.01,0.96,5.43,47.61,7.29,75.64,2,52.5,1.35,1.9,2024-07-02
S102096,4.8,10.73,2.72,7.9,35.13,1.62,90.99,1,54.15,2.11,1.33,2024-06-04
S102097,7.77,4.16,2.45,6.49,80.46,5.06,56.86,2,47.18,3.09,3.2,2024-04-08
S102098,6.39,7.95,0.01,5.07,56.09,6.04,60.55,2,60.58,2.1,1.46,2024-09-03
S102099,6.58,6.69,0.92,2.82,56.05,4.77,60.16,0,58.5,6.37,3.75,2024-02-17
S102100,8.05,8.7,0.8,5.06,28.3,3.34,64.04,4,72.1,3.17,3.34,2024-04-29
S102101,6.13,10.79,0.2,8.04,53.93,8.07,61.98,1,37.69,4.01,0.01,2024-04-17
S102102,6.67,5.82,1.74,4.93,58.31,9.13,45.17,2,55.92,1.33,4.01,2024-03-18
S102103,7.21,3.26,0.17,5.29,78.21,4.86,51.58,3,43.94,1.2,3.9,2024-03-04
S102104,7.23,9.88,1.83,6.56,10.87,5.59,48.7,1,71.9,5.14,1.7,2024-03-16
S102105,7.46,4.78,0.34,9.01,30.7,5.71,68.88,0,52.85,3.88,1.99,2024-04-17
S102106,8.13,6.88,0.59,2.97,31.87,3.73,68.61,4,77.38,3.86,6.35,2024-04-15
S102107,7.07,8.21,0.25,4.11,57.8,8.18,59.51,1,52.13,10.45,5.75,2024-02-06
S102108,5.72,2.75,0.89,6.05,31.55,4.9,57.51,5,56.05,0.66,13.81,2024-02-12
S102109,9.76,5.05,3.34,5.77,16.64,6.87,80.77,3,72.3,1.36,2.13,2024-03-02
S102110,6.29,7.06,1.21,5.26,77.41,2.35,68.15,2,35.42,4.35,0.87,2024-05-03
S102111,6.87,4.93,3.21,6.18,28.07,4.83,31.25,0,69.95,19.74,2.27,2024-04-29
S102112,5.3,6.505,0.7,4.85,14.27,3.25,59.38,2,72.99,4.6,7.28,2024-02-21
S102113,3.29,3.22,0.64,7.28,56.37,10.0,62.69,4,37.01,7.99,5.88,2024-03-02
S102114,5.26,8.54,0.75,3.41,60.66,2.91,49.18,0,53.24,1.71,0.94,2024-03-18
S102115,6.44,5.03,0.88,5.48,33.54,7.67,100.0,1,62.72,1.56,1.69,2024-03-18
S102116,7.09,6.68,2.75,6.92,56.14,5.83,48.85,0,45.63,26.71,18.16,2024-09-03
S102117,6.39,4.68,4.14,4.53,68.44,8.44,49.65,2,50.66,2.91,1.56,2024-02-03
S102118,7.46,7.69,2.02,6.57,41.7,5.75,44.56,2,53.07,2.76,0.5,2024-03-31
S102119,7.74,9.26,5.11,3.06,71.34,7.94,80.06,2,53.31,19.03,2.54,2024-04-25
S102120,7.73,7.8,3.32,8.01,36.94,6.31,59.44,2,46.59,3.44,0.32,2024-02-29
S102121,6.36,6.24,1.0,6.83,15.07,5.57,58.54,1,59.28,2.71,0.2,2024-04-22
S102122,6.47,0.88,0.59,9.43,36.21,4.2,68.57,4,53.11,0.17,2.91,2024-02-09
S102123,6.05,7.04,1.5,7.88,57.67,5.46,45.25,5,39.93,4.24,1.23,2024-04-19
S102124,5.13,1.53,0.76,3.18,56.85,3.42,41.75,0,52.93,0.36,10.8,2024-03-02
S102125,8.35,6.505,0.0,4.81,34.96,6.93,62.2,2,74.17,2.64,2.95,2024-03-29
S102126,4.62,3.77,0.24,6.86,30.81,3.2,34.79,0,44.74,1.44,3.89,2024-02-29
S102127,6.25,1.87,0.39,3.92,34.88,5.72,86.92,0,61.25,0.88,2.89,2024-03-13
S102128,6.67,2.5,0.92,7.94,78.94,9.65,55.07,1,31.39,0.51,0.01,2024-03-09
S102129,3.36,6.48,0.93,7.37,23.87,1.0,42.45,0,53.22,7.79,15.26,2024-02-21
S102130,7.4,4.35,2.41,7.83,31.24,4.19,69.02,3,57.03,3.2,3.86,2024-02-19
S102131,5.87,6.62,0.18,1.47,65.99,4.8,60.1,0,49.34,2.24,10.0,2024-02-05
S102132,6.67,3.27,0.47,1.94,56.31,2.77,66.67,3,64.19,0.54,6.15,2024-02-07
S102133,5.89,8.28,0.86,5.24,38.43,4.39,24.56,2,57.45,2.58,9.12,2024-02-15
S102134,4.21,10.18,1.13,1.0,50.28,8.76,57.74,6,66.53,2.24,7.31,2024-04-17
S102135,6.63,6.6,2.47,5.15,36.87,6.89,74.68,1,59.34,12.42,0.54,2024-04-13
S102136,6.51,3.89,0.16,9.41,50.21,5.91,63.6,3,41.2,1.02,2.42,2024-02-20
S102137,7.75,3.13,1.0,5.63,44.13,1.0,56.48,1,62.26,1.26,0.51,2024-04-14
S102138,7.02,4.39,1.43,6.25,51.18,4.24,66.05,2,48.6,3.69,18.12,2024-02-17
S102139,4.0,9.07,0.88,1.99,71.7,8.01,58.61,2,47.16,5.51,3.92,2024-02-28
S102140,7.9,4.78,1.18,8.33,18.07,5.0,40.82,2,61.03,0.73,4.02,2024-02-28
S102141,7.47,2.49,1.49,3.73,49.18,7.17,55.94,3,63.69,1.6,17.45,2024-03-15
S102142,7.43,12.9,3.36,6.11,89.13,6.14,64.88,2,41.49,4.25,4.62,2024-04-10
S102143,7.04,10.37,0.09,5.03,56.71,3.48,59.01,1,53.19,3.24,3.24,2024-03-16
S102144,5.37,10.08,0.05,3.82,19.86,4.02,57.65,4,66.81,3.4,4.86,2024-03-05
S102145,7.11,4.73,3.93,6.11,88.9,9.89,70.23,3,35.9,1.44,12.68,2024-04-19
S102146,5.85,8.36,0.68,7.68,71.0,6.32,58.75,0,35.22,2.04,0.73,2024-03-29
S102147,10.0,4.11,0.88,3.4,25.45,6.01,62.55,1,83.46,1.12,4.49,2024-03-13
S102148,6.03,5.17,0.17,5.88,46.58,7.09,48.39,3,57.41,2.75,0.04,2024-03-09
S102149,4.81,7.93,0.72,3.53,49.48,3.95,56.36,3,53.2,1.46,6.01,2024-04-11
S102150,5.88,3.54,4.33,4.5,66.43,5.38,73.65,2,46.97,1.38,7.65,2024-03-07
S102151,8.38,6.34,0.89,10.0,54.0,1.11,40.2,1,40.19,2.45,2.12,2024-03-15
S102152,5.56,3.1,0.94,6.09,30.57,3.86,55.47,3,53.64,1.61,2.1,2024-11-02
S102153,3.0,8.58,0.18,4.53,20.69,3.99,16.92,1,52.46,1.55,0.73,2024-04-21
S102154,8.42,5.37,0.3,4.84,36.33,7.56,63.19,1,60.4,2.3,0.2,2024-02-21
S102155,6.82,6.74,0.22,8.42,60.89,6.08,48.67,2,37.78,1.95,0.22,2024-03-26
S102156,5.67,6.92,0.86,7.26,55.55,5.14,62.88,3,42.15,3.47,6.88,2024-04-16
S102157,7.36,4.24,0.74,8.84,20.01,1.0,30.08,4,57.42,2.9,2.01,2024-03-02
S102158,5.07,4.84,3.18,6.19,44.1,3.93,53.44,1,47.4,2.17,6.41,2024-03-31
S102159,4.72,4.33,0.2,7.81,59.21,7.76,81.75,4,42.21,17.3,1.68,2024-04-04
S102160,7.69,0.12,0.24,8.49,64.64,1.0,78.17,1,39.65,0.04,0.46,2024-03-04
S102161,5.64,6.78,0.55,3.69,23.01,6.46,76.22,2,69.72,2.69,9.73,2024-02-24
S102162,7.1,8.57,5.78,4.97,57.39,4.96,90.21,2,63.5,4.04,1.15,2024-04-23
S102163,6.38,9.08,2.73,5.59,46.3,8.74,52.74,1,56.23,36.33,0.32,2024-03-25
S102164,7.53,6.19,2.48,1.69,44.07,4.07,61.14,2,65.37,1.74,0.89,2024-03-29
S102165,6.51,8.41,1.7,7.57,59.02,2.67,82.53,2,51.84,3.95,8.44,2024-02-21
S102166,3.49,4.07,1.52,3.73,40.27,4.31,82.96,2,50.98,1.52,12.41,2024-02-14
S102167,7.31,5.72,0.99,3.27,28.41,5.38,79.78,2,72.51,3.94,6.45,2024-04-04
S102168,5.7,1.49,1.6,4.76,28.39,3.24,30.13,3,72.17,0.24,1.69,2024-04-10
S102169,7.6,4.78,0.02,5.81,39.2,6.77,69.99,1,58.86,4.26,3.22,2024-03-07
S102170,6.52,7.51,2.09,9.0,28.75,6.19,61.51,1,54.79,3.99,2.6,2024-04-14
S102171,8.35,6.505,2.04,5.95,45.76,6.81,81.32,1,67.14,1.47,0.77,2024-03-02
S102172,5.92,6.14,0.62,9.31,39.4,5.3,39.36,1,50.26,2.18,6.16,2024-03-10
S102173,3.48,12.27,0.03,7.7,60.19,6.07,43.72,2,31.39,1.81,6.73,2024-04-01
S102174,5.91,8.56,1.52,7.22,54.45,6.76,87.36,0,41.6,4.42,0.86,2024-04-11
S102175,7.08,6.68,0.03,6.46,33.07,3.75,94.53,2,62.48,26.7,5.19,2024-01-04
S102176,5.88,9.64,2.93,4.3,56.68,2.5,62.12,5,54.49,3.33,2.75,2024-04-10
S102177,5.7,8.31,5.59,6.52,23.79,4.57,80.17,3,60.63,1.94,0.69,2024-04-02
S102178,8.42,5.15,0.33,7.69,61.54,5.36,30.76,0,49.05,5.49,5.45,2024-03-25
S102179,6.15,13.79,0.23,3.85,36.34,3.57,69.73,1,71.02,4.73,1.19,2024-02-10
S102180,7.83,8.94,0.33,9.28,22.96,6.36,54.18,6,57.68,3.41,6.25,2024-02-02
S102181,6.57,8.93,1.29,2.25,44.95,2.18,68.26,1,66.05,2.18,16.33,2024-04-24
S102182,4.33,9.19,0.29,6.09,47.87,7.86,42.76,0,41.58,2.8,1.43,2024-02-03
S102183,5.04,4.37,1.09,7.04,37.85,6.77,52.78,0,47.06,17.47,1.62,2024-03-24
S102184,5.92,6.1,2.31,6.56,29.2,4.55,57.37,1,57.99,1.31,3.34,2024-02-04
S102185,6.79,8.46,0.73,5.11,51.17,3.8,59.81,0,54.94,1.75,8.89,2024-03-26
S102186,5.22,5.67,0.07,2.42,41.46,4.37,49.35,1,56.41,1.47,9.18,2024-04-25
S102187,4.38,6.59,0.56,5.64,56.8,10.0,73.82,0,44.73,2.5,2.29,2024-02-03
S102188,4.94,5.26,0.48,5.96,71.78,5.9,59.98,2,38.82,1.32,1.94,2024-04-15
S102189,5.63,5.23,1.37,6.31,54.73,5.48,75.45,1,48.18,4.89,0.98,2024-04-18
S102190,5.12,9.47,0.17,2.54,47.11,5.24,43.93,2,64.05,3.45,6.17,2024-04-01
S102191,5.54,5.43,0.09,6.93,90.3,3.25,69.22,5,27.35,2.45,5.51,2024-04-25
S102192,8.96,10.03,0.49,3.78,48.31,7.54,94.73,0,65.2,7.92,0.62,2024-03-27
S102193,6.75,8.09,0.03,6.03,4.72,3.15,59.85,0,64.41,1.35,3.0,2024-03-09
S102194,5.21,2.71,0.64,6.49,38.15,7.27,66.78,1,51.81,10.86,1.14,2024-04-11
S102195,6.34,4.44,4.67,6.59,34.54,5.64,62.71,3,55.62,0.87,4.94,2024-04-25
S102196,8.56,4.74,4.04,9.33,38.93,4.41,66.79,0,50.36,1.84,2.17,2024-03-07
S102197,7.26,9.94,0.31,6.81,73.19,6.24,57.31,0,40.4,2.82,0.38,2024-03-08
S102198,6.21,5.85,0.11,7.24,1.08,5.65,69.99,5,72.48,1.6,2.48,2024-03-17
S102199,4.45,8.63,6.72,3.95,38.33,5.61,46.25,1,57.29,3.07,2.63,2024-03-12
S102200,3.97,9.65,1.27,4.57,81.34,5.94,69.97,1,38.48,2.63,1.97,2024-04-17
S102201,5.87,7.25,0.03,4.95,48.55,7.31,51.82,1,51.78,2.33,8.81,2024-02-07
S102202,6.2,4.58,3.8,3.23,16.67,3.61,54.57,0,75.72,1.26,0.74,2024-02-06
S102203,4.08,6.83,2.38,6.95,49.22,4.24,57.56,1,43.99,3.74,1.39,2024-09-02
S102204,4.48,8.58,3.64,6.25,50.46,5.7,40.26,0,44.53,6.13,2.03,2024-02-11
S102205,6.29,6.31,0.11,8.67,47.03,4.84,64.37,0,37.7,1.22,4.1,2024-04-20
S102206,3.24,8.41,3.24,6.74,53.01,7.61,32.31,2,29.96,3.01,1.98,2024-04-03
S102207,3.94,4.81,2.4,2.94,27.85,4.84,81.22,1,60.36,2.06,6.77,2024-03-22
S102208,6.28,3.11,4.84,6.22,34.41,3.94,87.96,0,55.4,4.07,12.87,2024-04-20
S102209,7.13,5.27,0.26,2.55,0.0,5.11,62.45,2,81.84,1.62,5.21,2024-04-07
S102210,6.8,7.11,0.9,8.11,59.73,8.08,85.21,1,48.03,2.13,0.05,2024-02-22
S102211,7.75,2.65,0.71,7.73,51.73,7.44,79.5,1,47.67,0.48,18.95,2024-04-28
S102212,8.56,7.07,0.44,5.59,50.92,2.73,42.66,2,59.6,1.83,5.85,2024-08-04
S102213,7.61,4.98,1.48,2.61,45.98,5.83,42.4,4,63.28,19.92,5.69,2024-03-02
S102214,5.98,2.7,0.83,9.82,34.98,10.0,78.2,2,38.82,0.81,2.74,2024-04-24
S102215,9.33,7.18,2.52,7.43,51.26,5.85,87.3,3,46.91,2.93,0.06,2024-03-14
S102216,8.71,10.02,1.11,3.03,39.05,1.95,58.44,2,70.52,3.85,2.85,2024-03-16
S102217,7.67,2.86,1.01,3.54,55.54,5.2,29.96,2,51.91,0.96,0.81,2024-03-31
S102218,5.22,12.57,3.33,2.08,38.75,4.13,64.0,3,67.65,4.06,4.49,2024-03-25
S102219,6.92,6.69,3.18,7.55,70.99,2.05,50.79,1,42.31,12.32,0.07,2024-11-02
S102220,3.43,4.33,2.34,7.03,21.62,5.34,62.54,2,58.96,1.23,2.38,2024-03-10
S102221,5.89,7.2,1.88,5.35,33.13,8.01,85.51,5,55.0,2.14,7.11,2024-02-08
S102222,3.0,1.79,3.9,1.97,57.28,3.81,53.81,0,43.22,0.52,15.5,2024-04-01
S102223,5.77,6.86,0.12,6.29,23.06,3.75,52.05,5,61.44,2.25,15.61,2024-04-02
S102224,7.8,6.56,1.34,3.64,47.85,4.52,44.82,2,70.84,3.91,10.43,2024-04-26
S102225,6.39,0.27,0.15,2.81,31.2,5.16,29.95,1,67.9,0.06,2.44,2024-04-16
S102226,8.63,1.21,3.45,4.62,55.77,3.56,69.57,2,63.69,0.7,3.85,2024-02-15
S102227,6.36,3.35,0.25,5.35,39.97,3.23,66.57,2,60.07,1.17,0.19,2024-02-26
S102228,6.51,5.14,1.05,5.84,37.66,6.72,48.79,1,66.16,2.61,2.71,2024-03-23
S102229,5.94,6.95,0.35,5.37,51.31,7.02,51.95,1,47.67,2.7,6.62,2024-02-26
S102230,7.11,5.41,3.29,9.55,41.79,2.11,89.19,2,55.73,1.21,0.4,2024-03-20
S102231,6.32,3.84,1.12,8.18,8.17,2.7,63.0,0,63.51,1.23,1.71,2024-02-25
S102232,8.05,7.63,3.47,6.65,56.35,3.88,75.18,0,51.71,2.57,2.85,2024-03-26
S102233,8.63,7.25,1.17,10.0,7.07,6.45,50.74,3,62.37,1.7,3.19,2024-02-26
S102234,6.9,6.13,1.47,6.02,46.96,7.24,57.18,1,45.97,3.63,2.83,2024-04-03
S102235,4.8,4.96,1.17,10.0,43.05,4.17,82.34,2,43.52,1.52,3.7,2024-02-20
S102236,7.16,3.23,0.55,4.63,48.69,2.19,46.21,3,64.51,1.67,6.48,2024-07-03
S102237,8.27,5.68,2.77,3.08,64.48,2.5,73.15,3,57.59,1.29,8.19,2024-04-19
S102238,7.29,9.99,0.4,5.33,26.68,4.39,57.38,3,69.46,1.95,1.23,2024-02-26
S102239,6.79,7.51,1.46,3.52,29.67,5.88,83.29,1,68.84,8.04,4.18,2024-04-16
S102240,7.7,8.96,4.69,5.44,54.12,9.17,47.18,2,54.19,3.04,4.98,2024-02-27
S102241,8.23,2.54,2.05,4.84,33.14,3.21,81.18,3,64.95,0.8,1.23,2024-02-23
S102242,3.0,6.82,3.71,7.34,68.62,8.25,39.37,2,32.15,2.35,2.52,2024-05-03
S102243,8.51,3.1,0.59,5.32,29.78,7.05,34.7,0,65.45,0.67,2.17,2024-02-29
S102244,7.46,7.55,0.88,7.32,61.91,8.71,70.11,2,41.62,3.01,1.54,2024-04-22
S102245,7.06,7.12,4.69,8.82,63.19,6.0,50.01,1,34.64,1.87,4.15,2024-02-25
S102246,5.6,7.18,1.16,2.52,57.28,5.24,62.64,0,51.25,4.58,0.86,2024-02-01
S102247,6.7,9.38,0.19,8.31,29.53,5.14,25.37,2,47.86,6.68,3.29,2024-02-22
S102248,7.23,5.3,1.23,5.9,54.3,7.81,76.43,2,58.0,1.4,2.72,2024-04-01
S102249,4.3,9.27,0.72,4.44,66.69,1.31,62.52,0,46.6,7.82,1.28,2024-02-19
S102250,7.43,6.62,0.42,9.5,56.8,3.35,71.05,0,43.75,2.07,0.61,2024-04-24
S102251,6.48,4.68,1.48,6.83,70.5,7.02,74.86,4,43.35,3.74,5.03,2024-02-17
S102252,8.44,5.56,1.55,3.38,28.12,6.41,60.29,3,73.66,2.53,3.76,2024-03-15
S102253,7.33,8.2,5.68,6.34,43.93,6.5,74.24,0,60.21,1.74,1.23,2024-03-14
S102254,6.14,4.86,2.87,1.87,84.58,6.26,44.11,1,46.18,2.14,0.2,2024-04-24
S102255,6.46,8.09,0.63,9.43,34.95,5.35,35.43,2,51.72,1.4,8.24,2024-02-14
S102256,7.28,6.92,0.55,9.48,18.7,1.43,40.79,0,50.01,7.64,5.19,2024-03-23
S102257,6.59,4.7,1.04,2.82,47.09,8.82,71.52,3,52.5,1.53,5.63,2024-04-27
S102258,7.15,0.0,3.05,6.0,30.07,8.33,62.09,4,62.06,0.0,8.53,2024-02-22
S102259,5.39,6.28,0.17,4.24,48.75,8.87,49.18,3,54.49,1.62,1.23,2024-03-23
S102260,4.63,8.59,1.17,10.0,66.56,2.1,63.17,2,26.85,1.45,4.01,2024-01-04
S102261,5.58,5.0,0.87,10.0,27.55,3.46,84.61,2,43.61,0.9,9.73,2024-04-21
S102262,4.38,8.27,0.24,6.19,35.24,5.95,63.14,0,49.55,7.44,3.76,2024-04-17
S102263,5.3,4.06,1.05,9.46,2.05,7.68,64.65,1,57.12,0.79,0.5,2024-03-28
S102264,6.88,9.26,3.1,2.61,25.51,9.38,53.08,5,72.64,4.03,8.67,2024-04-27
S102265,4.1,10.5,0.07,3.38,47.45,7.41,36.42,3,47.94,3.66,2.13,2024-03-13
S102266,4.66,7.03,1.39,3.86,45.83,6.51,69.04,0,50.75,5.74,1.61,2024-04-18
S102267,7.41,7.64,0.82,1.37,29.85,10.0,52.64,2,75.68,2.39,1.49,2024-02-02
S102268,5.64,3.05,0.61,8.13,54.91,6.71,62.59,3,42.41,0.86,3.29,2024-04-19
S102269,6.37,10.11,1.25,3.82,92.34,4.09,41.02,2,42.99,5.96,4.57,2024-04-25
S102270,4.65,4.67,0.47,4.07,60.7,4.45,52.82,0,38.96,1.23,1.12,2024-02-13
S102271,4.92,8.01,0.26,8.56,73.27,10.0,75.76,1,36.35,2.45,4.29,2024-03-24
S102272,5.96,11.63,0.28,4.79,54.03,6.37,49.43,1,52.27,5.92,3.91,2024-02-22
S102273,8.67,7.44,2.06,6.74,30.4,6.29,65.6,1,62.22,5.47,5.92,2024-03-12
S102274,7.01,7.21,0.46,7.12,65.19,2.0,45.98,3,42.58,2.71,0.27,2024-04-20
S102275,4.04,7.69,3.58,8.79,60.33,5.86,51.76,2,23.12,2.11,8.38,2024-04-13
S102276,7.01,4.96,0.83,3.52,16.16,2.37,34.4,3,74.39,1.16,4.34,2024-04-26
S102277,7.68,4.98,0.0,4.67,35.44,4.63,100.0,1,58.29,2.19,8.29,2024-03-30
S102278,7.35,9.51,1.14,5.17,49.3,3.65,45.67,0,62.55,4.82,0.01,2024-03-31
S102279,4.67,4.64,0.33,5.17,56.7,3.51,34.43,3,43.09,0.99,0.14,2024-02-22
S102280,6.29,5.62,0.08,4.1,2.9,3.02,84.23,2,73.48,3.21,3.09,2024-03-26
S102281,9.36,3.06,1.23,6.5,59.86,6.59,55.48,1,50.68,1.05,3.11,2024-02-23
S102282,5.08,6.95,0.79,4.46,50.56,8.45,62.5,0,53.87,1.86,3.58,2024-04-10
S102283,6.85,3.92,0.43,8.07,69.46,2.4,68.85,1,38.03,0.91,3.42,2024-02-07
S102284,5.33,5.98,0.83,2.59,40.95,5.09,46.8,3,57.4,5.05,1.48,2024-03-17
S102285,4.6,5.78,0.73,7.48,59.3,1.94,83.24,1,35.22,6.34,0.44,2024-02-08
S102286,5.78,6.31,0.21,2.36,41.24,1.42,40.26,2,68.96,5.77,10.27,2024-10-02
S102287,7.83,4.69,0.84,6.93,44.92,1.32,69.97,0,61.44,2.61,6.3,2024-02-21
S102288,8.01,5.73,0.02,8.11,40.66,3.24,31.56,2,54.94,2.16,3.74,2024-04-28
S102289,5.15,9.3,0.16,1.47,32.77,2.47,74.72,6,56.79,1.93,2.98,2024-03-17
S102290,5.72,8.82,0.22,4.76,27.98,6.14,38.11,1,64.98,2.36,2.04,2024-10-02
S102291,5.14,7.97,0.97,2.71,50.33,4.64,65.21,1,52.01,1.56,1.46,2024-03-22
S102292,3.48,7.8,1.47,8.24,32.06,8.94,69.79,2,46.63,2.5,0.68,2024-04-27
S102293,7.23,2.39,2.05,6.6,51.58,2.75,53.35,1,47.65,1.3,3.29,2024-02-08
S102294,8.57,5.94,0.02,7.83,46.74,1.0,51.97,2,49.76,6.25,4.72,2024-03-06
S102295,8.49,6.505,2.02,6.67,21.2,5.63,40.87,5,60.83,1.82,3.99,2024-03-03
S102296,5.73,7.15,0.05,6.9,28.01,6.95,71.93,2,56.28,1.74,0.0,2024-03-22
S102297,8.25,7.91,1.53,6.41,55.82,7.08,95.76,0,50.87,4.0,0.21,2024-04-09
S102298,7.92,3.26,0.8,2.83,5.99,4.31,70.48,1,84.83,1.65,5.99,2024-03-27
S102299,5.92,7.54,0.33,4.46,68.44,6.51,46.02,2,45.55,2.95,3.26,2024-04-15
S102300,6.38,5.1,0.63,7.69,26.27,5.4,32.92,1,57.73,1.79,4.53,2024-06-03
S102301,5.87,7.21,1.07,8.69,22.78,1.85,25.53,1,46.91,1.71,4.43,2024-07-04
S102302,6.73,10.66,0.93,4.24,71.3,5.11,71.04,1,45.34,3.48,5.92,2024-02-27
S102303,8.93,7.85,3.79,6.88,2.74,2.16,85.17,2,70.11,2.21,1.07,2024-03-08
S102304,5.1,6.38,0.22,7.63,40.06,1.46,45.43,2,46.6,1.5,1.87,2024-03-10
S102305,4.72,4.31,0.03,2.24,45.68,2.23,47.52,2,63.75,1.14,8.25,2024-02-23
S102306,7.62,8.87,1.47,3.5,38.74,6.08,55.43,1,67.18,1.98,2.16,2024-04-28
S102307,6.48,1.58,0.2,3.66,35.81,5.06,51.91,1,62.21,0.39,3.01,2024-02-19
S102308,3.75,4.5,0.72,9.32,48.16,3.84,66.22,2,24.98,1.41,10.29,2024-02-29
S102309,4.98,0.35,2.93,7.49,15.93,3.85,64.71,0,55.36,0.13,2.92,2024-03-15
S102310,5.24,5.98,2.3,4.26,35.96,5.89,56.24,1,53.47,1.65,2.69,2024-02-24
S102311,5.55,4.44,0.12,5.73,21.25,5.25,70.48,1,61.86,1.94,0.69,2024-04-12
S102312,6.85,5.08,2.85,6.74,29.46,1.4,58.04,1,49.24,0.98,2.31,2024-04-27
S102313,7.79,3.87,2.3,8.24,22.73,7.14,62.8,1,56.49,1.41,7.9,2024-03-13
S102314,6.18,11.35,0.18,6.07,58.05,4.37,79.05,3,45.57,15.02,0.75,2024-01-02
S102315,6.61,8.43,0.48,10.0,56.99,9.36,62.28,0,40.67,1.45,1.49,2024-03-08
S102316,5.36,8.27,2.59,5.23,39.25,6.87,49.02,2,48.24,4.51,9.25,2024-03-24
S102317,7.83,4.73,0.01,7.59,48.64,6.09,58.73,1,47.86,1.5,13.48,2024-02-11
S102318,8.29,8.38,2.18,5.29,62.21,1.95,88.42,0,58.73,1.98,2.31,2024-03-29
S102319,6.04,6.36,1.62,4.12,62.85,1.74,41.29,3,58.18,1.94,0.05,2024-03-23
S102320,5.37,5.57,0.08,5.68,31.63,4.46,69.13,2,60.98,1.29,10.14,2024-04-29
S102321,9.31,2.58,2.48,5.92,49.74,2.77,74.08,3,62.12,10.31,0.69,2024-04-19
S102322,7.71,6.64,0.12,6.81,73.02,5.09,69.55,4,47.28,4.46,3.86,2024-03-19
S102323,5.16,0.0,0.84,5.96,47.37,3.5,56.13,1,45.16,0.0,2.87,2024-04-12
S102324,4.04,4.47,6.13,9.78,51.73,3.96,100.0,3,26.93,0.87,0.23,2024-03-19
S102325,6.0,0.69,0.7,5.16,20.57,8.86,52.08,2,67.6,0.26,2.53,2024-04-29
S102326,8.09,7.34,0.62,7.61,52.73,7.29,60.82,3,45.82,4.24,1.94,2024-03-11
S102327,5.65,7.78,2.41,4.67,15.38,3.32,73.11,1,63.59,2.12,5.28,2024-02-14
S102328,6.07,6.505,1.73,3.79,64.92,5.32,66.37,2,50.43,7.97,8.62,2024-12-04
S102329,5.72,2.91,0.09,5.61,76.1,6.36,51.39,2,45.97,0.76,0.55,2024-04-07
S102330,7.32,8.99,0.78,5.52,57.43,3.0,25.02,1,53.16,2.38,1.34,2024-04-08
S102331,8.37,11.33,3.66,4.5,43.87,6.05,34.51,0,66.85,5.71,1.89,2024-04-25
S102332,4.65,5.05,0.79,7.61,11.04,6.6,84.43,4,57.35,1.14,2.03,2024-03-22
S102333,6.01,4.1,0.47,3.05,75.95,6.32,69.45,1,44.28,3.03,2.48,2024-04-08
S102334,6.13,4.83,0.07,9.46,10.66,5.01,100.0,2,53.51,1.92,1.02,2024-03-21
S102335,5.54,4.87,0.08,7.67,20.96,8.04,58.69,5,60.61,19.49,2.27,2024-03-08
S102336,4.74,8.54,2.28,5.93,57.52,4.26,83.86,4,47.74,3.2,1.92,2024-03-01
S102337,7.57,4.87,2.23,4.28,15.15,6.78,62.4,1,68.64,2.24,0.67,2024-03-21
S102338,6.63,7.36,0.59,4.66,88.93,7.97,72.02,3,37.69,2.65,0.08,2024-02-22
S102339,7.42,6.29,3.03,4.81,72.17,7.36,65.22,1,43.86,3.41,4.16,2024-03-06
S102340,8.54,3.97,0.01,5.99,65.45,5.22,24.69,1,44.73,1.04,0.86,2024-04-06
S102341,5.91,6.44,1.51,5.67,43.18,4.6,62.69,0,52.92,1.92,3.84,2024-03-24
S102342,7.18,6.42,3.4,6.89,20.44,2.17,48.37,2,57.78,1.79,0.45,2024-04-04
S102343,5.85,6.7,0.66,4.4,20.5,6.97,84.83,2,64.67,1.75,0.7,2024-03-22
S102344,6.3,7.09,2.11,6.15,37.84,8.34,65.11,1,54.43,2.57,11.59,2024-03-12
S102345,6.89,5.56,0.69,3.74,29.16,6.99,58.09,4,67.26,1.59,8.15,2024-02-15
S102346,6.19,7.39,1.47,4.62,74.85,6.79,84.02,2,43.38,1.93,2.87,2024-02-15
S102347,4.31,2.01,0.74,8.93,38.78,3.19,62.36,2,39.05,0.85,1.68,2024-04-14
S102348,8.53,5.04,1.1,4.72,35.24,7.42,65.33,1,59.24,5.08,4.66,2024-04-18
S102349,6.63,9.54,0.25,7.14,45.0,6.28,54.25,2,44.0,2.02,6.49,2024-04-04
S102350,4.82,7.13,8.0,8.24,30.88,4.24,100.0,1,45.85,2.02,5.65,2024-09-03
S102351,3.33,5.6,0.38,1.59,53.9,5.89,52.84,2,56.66,1.35,4.54,2024-04-26
S102352,6.39,4.4,0.32,5.87,39.16,6.22,49.07,4,49.06,0.87,0.2,2024-04-17
S102353,7.34,4.77,0.79,8.04,57.78,4.0,88.85,2,41.8,2.14,5.96,2024-03-16
S102354,7.84,5.96,1.51,9.84,61.77,4.07,78.92,2,42.14,1.5,6.44,2024-02-19
S102355,7.99,1.73,2.75,6.03,88.25,2.2,79.7,3,39.71,0.71,0.45,2024-02-25
S102356,5.89,5.39,2.03,6.61,19.2,3.25,66.75,3,62.17,0.99,0.66,2024-04-02
S102357,7.33,5.78,1.28,6.38,55.74,5.52,80.73,1,49.07,1.22,1.44,2024-04-21
S102358,4.26,0.95,1.56,4.7,47.0,1.89,78.29,3,50.19,0.3,0.69,2024-04-21
S102359,6.64,1.93,2.13,7.6,81.22,8.8,60.49,3,37.63,0.32,0.7,2024-07-02
S102360,7.71,6.505,2.78,5.38,46.76,8.21,45.94,1,57.72,1.3,1.33,2024-04-12
S102361,5.57,5.46,1.87,1.77,75.96,10.0,37.78,0,46.71,1.75,3.46,2024-03-21
S102362,6.2,10.87,0.18,7.88,62.59,4.22,52.22,2,41.32,2.27,4.14,2024-03-20
S102363,6.57,11.36,2.02,5.72,74.21,1.5,65.49,0,48.77,38.19,1.44,2024-02-18
S102364,6.62,0.0,0.5,8.25,54.83,6.08,65.43,1,43.11,0.0,9.59,2024-02-26
S102365,8.51,4.56,1.39,6.42,73.33,4.51,67.19,3,48.46,0.94,6.16,2024-04-08
S102366,4.91,6.505,2.16,8.16,8.71,5.52,66.87,3,57.68,3.29,2.81,2024-02-10
S102367,8.3,7.16,5.05,5.09,34.89,5.69,83.64,3,66.8,1.75,1.01,2024-04-03
S102368,4.68,9.89,1.08,1.26,28.25,6.99,46.55,2,65.44,6.97,3.86,2024-03-18
S102369,5.49,9.42,0.25,7.14,69.25,2.25,82.71,0,34.46,2.98,0.15,2024-03-13
S102370,5.34,6.01,4.34,1.52,44.58,7.66,64.07,1,64.31,2.37,0.75,2024-02-03
S102371,6.3,9.16,0.81,6.16,31.05,2.71,87.02,0,63.05,2.65,2.31,2024-04-07
S102372,5.73,6.17,1.18,6.7,84.19,9.02,55.9,2,33.91,3.54,6.62,2024-03-27
S102373,7.1,3.23,0.08,4.38,61.99,10.0,50.34,4,50.76,1.21,2.43,2024-02-09
S102374,6.44,6.7,1.81,8.64,53.69,7.31,70.9,4,38.66,0.93,1.11,2024-04-24
S102375,9.51,9.58,0.93,4.37,15.6,6.97,73.39,6,72.78,2.22,1.21,2024-04-13
S102376,6.97,8.46,2.21,4.58,65.04,8.18,46.75,2,45.47,4.86,1.82,2024-02-15
S102377,6.07,5.4,0.35,8.62,57.19,5.33,87.51,4,45.58,2.16,3.56,2024-04-28
S102378,6.95,9.98,2.54,6.73,70.25,4.99,66.33,1,42.14,3.42,0.26,2024-03-09
S102379,7.26,9.74,1.01,7.78,67.69,8.82,32.9,1,46.48,1.77,2.97,2024-02-27
S102380,6.16,9.78,0.09,3.28,50.34,1.0,60.48,3,52.65,9.96,1.55,2024-04-24
S102381,4.86,1.67,0.89,1.98,48.79,4.68,76.33,1,61.12,0.59,6.95,2024-03-10
S102382,5.3,4.3,0.51,6.4,7.7,2.1,41.94,4,58.12,1.31,1.34,2024-04-20
S102383,6.67,4.84,0.67,7.13,62.05,7.94,80.32,1,45.15,3.52,1.16,2024-02-28
S102384,7.59,4.64,1.15,6.38,0.0,5.97,54.89,4,75.24,1.62,3.33,2024-03-20
S102385,7.1,1.13,0.71,7.46,18.72,2.02,43.97,1,61.34,0.47,5.89,2024-03-20
S102386,6.3,4.94,0.84,8.71,68.67,6.47,77.58,2,30.1,8.98,2.51,2024-03-31
S102387,7.22,9.21,0.75,6.05,59.79,2.2,50.25,0,50.57,2.76,5.56,2024-03-15
S102388,5.74,3.83,0.41,7.31,57.26,6.59,63.95,2,37.47,1.16,1.0,2024-03-08
S102389,6.79,11.78,0.06,3.16,60.13,7.16,56.27,2,65.23,5.89,3.15,2024-02-02
S102390,8.42,3.87,0.33,7.86,17.96,10.0,48.41,3,59.91,1.35,12.59,2024-08-04
S102391,7.99,7.35,0.87,6.37,16.36,3.04,80.27,3,69.8,3.06,6.12,2024-02-03
S102392,8.33,5.85,0.11,5.49,27.98,1.37,72.31,2,67.64,1.87,1.24,2024-07-02
S102393,5.91,3.34,0.57,5.45,53.14,5.26,35.73,0,48.18,1.0,13.58,2024-04-22
S102394,6.71,6.97,1.16,8.92,53.52,4.42,58.4,0,36.53,2.3,7.85,2024-03-03
S102395,5.01,6.76,0.71,3.07,24.94,9.09,63.11,3,70.03,2.16,0.67,2024-04-29
S102396,7.71,6.15,0.07,4.93,53.96,5.67,65.98,2,54.0,1.92,3.58,2024-02-12
S102397,5.83,6.505,0.57,6.49,49.8,6.66,64.11,0,47.03,5.6,5.21,2024-04-25
S102398,4.58,8.33,1.02,3.18,29.72,3.89,52.46,3,59.49,1.59,1.43,2024-03-17
S102399,5.73,2.5,0.63,5.21,53.26,6.54,59.21,1,50.13,0.9,0.93,2024-03-24
S102400,6.78,6.505,3.24,1.64,54.66,6.42,60.26,3,63.27,2.65,2.62,2024-02-02
S102401,3.33,4.12,0.74,6.86,85.11,3.93,71.51,0,26.07,1.21,0.69,2024-03-27
S102402,4.44,1.64,1.93,6.77,31.48,6.99,89.46,1,48.78,0.38,7.15,2024-02-13
S102403,7.8,8.45,1.33,10.0,67.94,2.45,34.21,2,35.12,2.2,4.22,2024-02-28
S102404,6.56,9.23,1.64,3.02,44.56,5.56,91.17,4,63.0,5.78,0.39,2024-02-06
S102405,6.36,4.15,0.62,5.61,47.47,4.4,54.87,1,50.17,0.99,0.0,2024-02-02
S102406,4.17,6.5,0.65,5.35,49.33,8.54,44.9,3,43.24,2.67,0.45,2024-03-11
S102407,8.64,4.63,2.16,9.05,34.47,4.52,75.29,3,58.07,1.7,3.05,2024-03-17
S102408,7.86,7.95,0.13,4.76,21.07,5.67,41.33,3,72.12,2.02,5.5,2024-04-26
S102409,7.4,5.16,0.5,7.42,65.22,5.48,42.79,2,45.16,0.92,0.82,2024-03-12
S102410,4.86,7.01,2.36,1.12,23.43,3.54,58.72,3,74.27,2.37,2.18,2024-04-18
S102411,7.23,3.26,0.16,7.66,31.69,3.96,25.65,3,57.65,1.43,7.48,2024-03-09
S102412,8.02,7.79,0.72,4.26,58.31,1.71,35.2,1,55.11,2.15,0.85,2024-03-25
S102413,5.96,6.52,4.34,4.53,64.27,5.74,60.34,1,44.89,1.17,5.34,2024-02-16
S102414,6.07,12.81,1.31,7.82,59.18,4.04,35.19,0,43.68,4.15,5.41,2024-11-03
S102415,5.76,9.74,0.47,5.22,44.8,4.05,86.18,2,51.57,2.46,0.42,2024-02-18
S102416,7.26,4.99,5.36,5.34,84.07,3.94,71.61,1,34.87,2.39,1.13,2024-03-18
S102417,6.09,3.24,4.93,5.08,29.09,1.0,31.35,1,59.81,0.9,0.22,2024-02-10
S102418,5.97,8.19,2.19,6.36,22.53,3.66,77.47,3,60.41,3.24,11.05,2024-02-10
S102419,4.38,4.24,0.19,7.38,45.56,10.0,42.25,4,44.33,1.67,4.58,2024-03-22
S102420,4.09,8.28,5.07,5.6,12.68,2.83,53.13,2,65.75,2.64,12.81,2024-03-02
S102421,7.73,9.03,2.99,4.34,43.22,6.67,77.53,5,65.17,2.37,3.06,2024-04-29
S102422,8.62,10.15,0.51,3.82,21.4,2.96,75.81,2,73.8,7.28,4.04,2024-03-30
S102423,7.63,10.18,1.39,5.77,51.84,7.07,55.01,0,51.17,2.5,2.49,2024-04-10
S102424,8.4,9.44,0.99,6.12,15.85,2.17,73.76,3,68.06,37.76,3.75,2024-04-04
S102425,5.66,6.38,0.4,8.2,44.24,3.2,42.05,2,41.46,3.79,6.9,2024-02-23
S102426,6.35,6.3,3.69,6.62,26.77,6.96,66.05,1,56.64,1.94,4.25,2024-04-15
S102427,6.94,6.9,0.47,1.71,25.43,5.29,62.65,1,71.64,1.41,12.93,2024-02-26
S102428,6.18,10.45,1.68,7.3,70.34,2.23,48.5,5,38.61,6.65,7.09,2024-04-04
S102429,8.75,5.49,0.43,1.0,47.44,4.63,59.21,1,72.6,1.86,2.49,2024-02-16
S102430,4.55,6.44,0.43,5.98,60.0,4.97,71.43,0,43.24,1.77,0.99,2024-04-20
S102431,5.61,8.54,1.25,6.97,11.33,3.55,75.98,1,65.01,2.18,6.59,2024-10-04
S102432,5.92,3.39,0.17,5.65,42.94,7.24,30.58,3,49.75,13.57,11.76,2024-03-20
S102433,5.42,5.46,0.26,4.97,44.4,2.65,79.97,3,52.5,2.39,3.53,2024-04-05
S102434,7.59,6.51,3.31,6.61,70.01,9.33,37.28,2,46.93,1.66,0.53,2024-03-09
S102435,3.62,5.4,0.0,8.22,41.61,1.45,80.01,0,47.8,2.54,5.4,2024-04-15
S102436,8.0,5.07,1.0,5.67,47.92,3.52,66.16,1,57.97,0.84,14.62,2024-03-25
S102437,7.68,7.4,1.47,5.42,15.63,5.4,53.42,2,70.69,1.61,0.72,2024-03-05
S102438,6.86,4.05,2.65,4.39,58.45,7.12,47.07,4,51.04,0.6,5.83,2024-04-16
S102439,8.37,7.77,1.71,4.03,33.11,4.55,31.68,2,66.36,2.15,1.21,2024-04-15
S102440,9.7,5.62,0.24,4.29,26.46,5.63,57.33,4,77.84,1.08,0.47,2024-02-20
S102441,6.67,2.42,0.82,10.0,26.07,1.62,68.66,4,42.43,3.74,5.93,2024-04-28
S102442,7.44,0.0,0.17,4.92,13.66,4.07,83.15,1,72.08,0.0,3.07,2024-02-01
S102443,6.97,3.77,0.95,7.1,17.3,5.39,58.27,0,63.71,1.4,3.84,2024-03-04
S102444,7.15,7.48,1.99,7.37,20.41,9.97,56.17,1,58.04,2.07,0.04,2024-02-20
S102445,5.71,5.87,0.16,6.64,43.33,7.12,50.44,2,49.9,1.68,2.6,2024-03-06
S102446,5.41,4.9,2.33,4.84,42.28,6.62,61.78,4,53.22,1.01,4.77,2024-04-02
S102447,7.28,6.17,0.37,7.36,39.19,7.9,65.04,3,63.68,2.45,4.21,2024-02-03
S102448,5.69,7.28,2.5,6.93,55.58,4.28,55.64,3,43.21,3.2,0.86,2024-04-10
S102449,7.73,5.68,2.32,5.27,30.8,4.7,75.96,2,69.49,1.36,1.27,2024-04-19
S102450,7.54,3.83,1.45,8.29,95.2,5.46,41.03,0,29.37,10.77,0.56,2024-03-24
S102451,5.81,9.65,0.02,8.04,44.28,10.0,83.06,1,42.42,1.91,6.96,2024-02-22
S102452,6.94,6.505,1.47,4.85,71.25,4.51,82.22,0,47.59,1.71,1.75,2024-02-22
S102453,6.54,7.47,1.4,8.58,28.48,3.85,27.52,2,49.91,29.87,0.68,2024-04-11
S102454,6.24,4.78,0.94,8.42,28.02,7.05,63.13,6,48.44,1.72,1.08,2024-04-22
S102455,8.02,6.75,6.45,8.74,22.29,4.7,48.63,0,62.53,4.37,0.74,2024-02-19
S102456,6.49,8.92,0.19,4.12,39.26,2.75,58.19,2,64.0,5.31,5.5,2024-03-08
S102457,6.76,4.08,6.05,1.0,32.38,4.03,21.41,1,75.78,1.33,5.82,2024-01-02
S102458,3.72,5.83,2.26,8.03,53.82,1.0,83.11,1,35.2,3.16,2.59,2024-04-25
S102459,7.27,5.48,1.81,6.64,49.07,7.97,49.36,3,49.61,1.21,3.14,2024-02-25
S102460,4.43,3.48,1.39,3.2,7.09,2.24,88.4,1,78.07,0.96,0.48,2024-02-15
S102461,5.9,10.59,0.53,2.04,11.34,6.18,62.67,1,74.48,4.87,18.0,2024-03-24
S102462,8.69,3.38,0.05,5.25,47.5,4.2,78.78,0,59.04,0.76,5.78,2024-03-17
S102463,8.94,7.58,0.25,2.05,90.57,5.15,77.85,3,57.93,2.03,4.37,2024-02-17
S102464,5.9,4.53,2.46,6.21,53.13,5.75,33.43,2,46.73,2.23,2.05,2024-02-16
S102465,4.68,5.92,0.16,8.24,41.41,7.95,64.81,1,37.58,1.5,2.34,2024-03-22
S102466,7.0,5.1,4.57,5.85,65.09,5.7,52.31,3,38.2,1.85,1.23,2024-04-09
S102467,5.89,4.67,1.35,5.82,52.62,5.18,37.56,2,41.44,0.99,1.41,2024-02-06
S102468,6.92,6.13,1.12,4.17,39.2,2.9,53.1,3,55.95,2.29,6.66,2024-03-10
S102469,4.56,0.52,1.11,3.54,65.99,7.39,29.16,1,47.97,0.1,2.01,2024-02-06
S102470,8.01,4.02,1.91,6.19,40.83,5.66,57.13,2,60.64,1.85,2.21,2024-03-15
S102471,8.61,6.74,0.01,7.2,38.99,9.33,55.97,0,60.58,2.17,0.99,2024-03-26
S102472,4.42,10.31,0.47,4.32,51.17,1.21,73.18,4,50.04,2.21,7.58,2024-04-27
S102473,5.37,6.27,0.04,5.07,26.02,5.2,50.91,2,58.36,2.48,2.54,2024-02-05
S102474,5.47,4.0,0.29,5.49,34.4,7.56,61.29,2,51.82,1.07,9.73,2024-03-07
S102475,7.47,8.46,0.12,4.71,15.91,8.04,30.31,0,75.03,2.19,5.44,2024-04-26
S102476,3.69,7.34,1.54,6.15,66.34,2.63,38.69,2,38.79,1.61,0.64,2024-04-13
S102477,6.74,3.39,0.46,3.22,28.79,4.8,56.64,0,66.77,1.07,5.53,2024-02-08
S102478,6.13,4.39,0.52,6.74,37.32,4.28,82.5,0,50.57,0.91,14.75,2024-03-18
S102479,5.34,3.17,1.99,6.75,21.84,6.32,40.78,2,56.73,1.16,3.59,2024-02-24
S102480,7.43,8.93,2.66,6.12,60.2,5.75,81.13,3,51.97,2.42,0.59,2024-03-05
S102481,3.72,3.37,1.29,1.0,63.08,4.01,60.4,1,49.12,3.61,1.75,2024-07-04
S102482,4.53,3.2,3.1,5.87,44.15,1.58,62.61,2,43.76,0.66,0.61,2024-03-21
S102483,5.35,6.56,1.39,3.84,22.6,5.85,64.45,2,61.87,7.01,6.13,2024-04-20
S102484,7.44,8.53,1.33,6.05,49.42,3.34,52.14,2,51.28,2.14,1.44,2024-03-01
S102485,5.96,4.62,0.31,6.5,96.2,6.77,72.75,1,26.37,3.06,3.99,2024-02-17
S102486,5.29,7.94,0.07,2.87,88.68,5.57,68.36,3,36.98,5.25,4.29,2024-03-04
S102487,7.12,2.79,1.96,8.72,79.12,2.93,66.63,2,33.11,1.39,9.45,2024-02-07
S102488,5.78,7.98,0.58,6.79,72.19,10.0,80.94,0,39.42,6.38,0.91,2024-04-02
S102489,5.55,6.53,0.01,8.11,54.27,6.42,80.77,0,44.57,1.25,3.97,2024-02-04
S102490,6.03,6.2,1.88,7.14,80.45,4.87,54.78,0,30.93,3.18,5.82,2024-04-11
S102491,6.93,0.71,0.77,7.0,45.11,3.26,60.25,2,51.5,0.27,1.61,2024-01-04
S102492,10.0,8.51,0.82,6.49,5.64,4.68,69.75,1,82.47,2.01,0.4,2024-03-26
S102493,4.93,6.16,0.47,3.89,70.91,7.22,80.73,3,45.33,2.63,0.86,2024-04-28
S102494,6.85,6.56,0.53,6.5,100.0,4.82,48.92,1,24.33,4.56,9.3,2024-02-12
S102495,6.24,3.41,0.67,6.99,36.6,2.23,83.86,0,52.22,0.94,12.77,2024-02-15
S102496,6.1,9.6,1.35,5.05,100.0,8.42,77.63,1,28.91,9.41,3.68,2024-04-27
S102497,8.59,5.03,1.66,8.65,42.84,3.62,77.97,3,51.76,1.53,3.16,2024-02-07
S102498,7.55,7.1,0.17,8.02,68.65,6.22,61.92,1,41.93,1.31,8.78,2024-04-07
S102499,7.41,5.73,8.0,5.88,25.13,1.01,56.51,3,70.02,1.02,6.6,2024-03-07
S102500,5.84,5.39,2.43,4.88,86.53,2.1,49.22,3,41.05,2.57,4.23,2024-03-09
S102501,5.29,7.76,4.26,7.46,28.91,8.32,22.3,2,52.08,1.92,10.84,2024-02-03
S102502,6.88,7.37,0.05,10.0,26.87,3.13,54.91,2,47.46,1.98,12.45,2024-02-11
S102503,6.07,9.34,0.98,8.88,13.33,5.21,49.02,4,58.94,3.44,5.35,2024-04-14
S102504,5.67,4.86,0.2,3.22,82.53,4.43,76.91,1,46.98,1.2,10.87,2024-04-04
S102505,7.41,8.15,0.57,3.85,63.61,2.46,41.49,1,56.75,5.18,1.93,2024-03-04
S102506,4.79,3.78,2.19,4.71,24.04,2.8,52.73,2,51.41,1.42,13.33,2024-02-29
S102507,5.46,6.41,2.61,7.84,42.77,2.57,69.21,5,47.64,2.37,0.68,2024-02-18
S102508,7.58,2.02,1.41,7.91,67.33,5.71,68.96,6,39.29,0.55,6.99,2024-02-22
S102509,6.37,6.2,2.83,4.32,53.16,6.69,74.31,3,54.98,1.87,0.18,2024-02-01
S102510,7.41,5.75,0.09,6.25,40.24,5.14,42.86,0,59.88,1.66,6.48,2024-03-14
S102511,5.29,4.47,0.1,4.13,11.3,10.0,38.66,1,67.45,3.78,1.79,2024-02-20
S102512,7.47,4.48,0.12,3.65,0.0,5.04,64.91,0,76.34,0.94,2.51,2024-04-17
S102513,5.49,5.73,0.18,6.03,6.47,6.37,43.08,3,66.67,1.7,0.85,2024-08-02
S102514,8.38,9.03,0.39,5.17,15.71,1.0,63.17,1,72.16,4.07,3.2,2024-02-17
S102515,7.59,5.95,1.17,5.58,33.58,4.13,64.61,2,64.19,1.79,1.03,2024-06-03
S102516,7.14,6.37,1.61,10.0,25.8,9.91,45.48,2,51.79,3.71,6.65,2024-03-26
S102517,8.64,7.26,2.46,1.2,25.52,7.08,69.12,1,72.91,1.18,6.09,2024-04-12
S102518,6.98,9.65,1.59,6.44,38.68,4.23,74.03,1,57.03,7.2,4.47,2024-02-20
S102519,5.61,9.0,1.25,5.82,34.71,5.39,58.92,2,55.86,24.79,0.91,2024-02-12
S102520,8.67,7.59,0.76,6.88,44.49,3.45,80.41,3,52.75,4.39,0.66,2024-04-29
S102521,6.98,2.07,0.98,8.07,17.39,2.49,48.48,1,65.91,0.52,1.08,2024-04-17
S102522,8.2,7.86,0.0,8.49,48.18,5.82,62.72,2,44.05,3.08,1.6,2024-04-04
S102523,6.71,4.76,1.56,5.53,31.99,6.38,60.58,3,60.56,1.29,1.73,2024-03-14
S102524,8.13,7.45,2.88,7.55,38.51,9.41,42.64,3,59.22,1.58,0.9,2024-04-18
S102525,5.29,4.42,0.96,4.48,45.78,5.62,61.49,2,51.88,1.66,7.55,2024-02-06
S102526,4.74,7.72,2.75,5.62,41.42,7.68,60.94,1,44.87,2.6,1.28,2024-09-02
S102527,4.54,5.32,2.22,4.06,49.21,6.51,79.38,1,52.92,1.97,0.33,2024-03-21
S102528,7.57,5.22,2.71,6.97,72.57,6.65,89.54,1,44.69,1.85,0.55,2024-04-13
S102529,3.76,6.87,0.34,6.29,52.67,3.92,58.81,3,43.82,2.32,3.04,2024-03-20
S102530,4.02,2.79,1.69,3.92,54.77,5.32,58.57,0,51.29,0.74,0.14,2024-02-16
S102531,4.53,9.19,1.01,6.94,48.95,1.59,54.18,1,40.99,3.04,3.38,2024-04-10
S102532,6.84,6.26,0.58,7.3,60.62,6.49,85.04,0,46.38,2.2,3.41,2024-02-18
S102533,7.12,5.99,1.11,6.72,23.36,5.56,100.0,1,67.22,2.68,5.01,2024-04-12
S102534,5.37,4.04,0.77,3.92,19.13,5.12,68.75,2,71.1,0.89,1.82,2024-04-17
S102535,7.61,8.0,0.38,8.9,56.22,7.35,61.76,1,45.36,2.47,2.83,2024-04-08
S102536,6.96,3.67,2.33,8.85,3.81,4.86,76.66,3,64.88,14.67,0.13,2024-02-04
S102537,8.21,9.02,1.12,9.14,23.2,7.49,56.72,4,51.73,2.12,6.15,2024-04-08
S102538,7.84,6.505,0.58,6.78,77.55,6.12,55.83,3,37.93,2.67,2.39,2024-02-18
S102539,5.55,6.48,2.26,6.1,83.39,6.91,41.33,0,32.97,6.13,2.22,2024-03-31
S102540,6.8,4.47,4.19,2.7,51.09,5.64,46.38,2,54.62,1.32,3.19,2024-04-13
S102541,6.29,6.42,1.74,6.35,82.04,9.24,52.51,4,35.17,2.52,3.81,2024-09-03
S102542,7.17,8.29,0.21,5.03,61.23,4.4,65.3,2,53.22,6.76,7.0,2024-03-09
S102543,6.81,4.78,0.15,9.78,46.25,5.26,60.08,5,44.44,19.13,9.57,2024-02-22
S102544,6.56,3.4,1.13,4.26,39.85,5.15,31.32,5,62.07,0.59,8.8,2024-02-28
S102545,7.52,5.73,0.98,9.14,61.44,5.86,38.88,1,46.63,3.16,2.39,2024-02-04
S102546,6.61,4.3,2.23,1.0,23.57,4.27,61.38,4,78.11,1.25,5.76,2024-03-31
S102547,7.55,6.83,0.55,6.93,32.92,1.92,79.0,7,56.56,2.02,3.61,2024-03-25
S102548,6.58,3.26,0.14,3.55,31.14,7.86,50.07,1,62.16,1.29,6.92,2024-03-21
S102549,6.31,4.94,0.14,5.75,41.98,4.0,61.19,2,61.29,1.45,0.65,2024-12-04
S102550,7.82,8.13,0.64,6.21,65.97,4.59,66.82,1,47.65,3.75,0.36,2024-03-19
S102551,7.86,6.66,1.19,3.82,59.05,3.76,41.5,3,61.14,26.66,8.85,2024-03-17
S102552,8.26,3.73,2.64,4.21,40.72,4.36,90.51,2,74.39,1.01,10.72,2024-02-20
S102553,7.41,5.49,0.17,5.05,53.68,3.03,67.03,1,56.98,2.14,2.21,2024-03-08
S102554,6.23,6.76,1.4,3.97,27.38,2.55,100.0,3,67.45,9.95,0.67,2024-04-29
S102555,6.8,8.14,1.44,7.25,57.07,5.48,35.04,1,50.88,2.94,7.08,2024-02-02
S102556,6.75,3.91,1.62,4.63,72.39,5.75,59.71,1,52.33,1.21,5.34,2024-04-12
S102557,4.07,6.64,1.06,5.52,38.02,4.38,96.37,4,62.23,1.34,7.74,2024-02-25
S102558,4.96,3.98,2.55,3.73,23.7,5.8,81.46,1,63.7,0.79,3.4,2024-04-14
S102559,8.66,2.35,1.86,5.57,0.0,2.55,68.15,0,76.74,0.91,14.67,2024-04-25
S102560,6.45,8.81,6.1,5.38,41.66,4.77,13.85,1,59.35,1.94,3.4,2024-04-29
S102561,3.0,7.81,2.24,7.73,20.78,5.1,85.83,1,37.78,4.21,0.93,2024-03-12
S102562,6.36,7.97,0.73,9.34,38.07,10.0,58.81,1,45.0,2.0,2.41,2024-04-16
S102563,6.75,8.53,1.31,4.44,61.68,4.64,78.21,1,54.4,6.7,2.06,2024-04-28
S102564,4.81,5.68,1.34,6.25,25.95,7.59,40.87,0,53.84,1.37,1.71,2024-02-02
S102565,9.71,9.56,2.73,5.37,41.7,4.06,59.93,2,69.87,2.97,4.64,2024-03-12
S102566,8.1,8.46,0.4,5.37,37.26,3.52,54.85,0,60.12,2.22,5.6,2024-02-17
S102567,7.66,4.53,1.24,7.39,47.52,6.37,93.34,3,50.86,1.0,3.42,2024-03-21
S102568,6.26,5.27,1.44,6.85,39.77,4.01,57.91,2,51.21,2.27,7.19,2024-02-24
S102569,7.2,2.31,2.34,5.66,66.37,5.04,77.11,0,56.03,0.36,7.27,2024-02-11
S102570,7.7,1.35,1.15,2.79,53.42,6.88,60.93,2,61.04,0.33,4.56,2024-02-11
S102571,7.19,7.96,0.08,5.37,19.45,3.78,62.6,2,67.15,2.04,1.77,2024-04-27
S102572,5.59,7.74,2.97,9.98,79.26,5.92,63.16,0,22.13,1.93,13.67,2024-02-23
S102573,6.79,4.26,4.05,6.18,46.53,4.56,62.28,2,57.38,1.66,1.98,2024-04-06
S102574,6.71,7.85,1.49,6.63,54.08,5.08,35.82,1,44.48,2.75,0.48,2024-02-25
S102575,6.93,6.25,1.86,2.98,37.37,5.78,87.15,3,66.44,1.79,4.33,2024-03-29
S102576,5.07,2.69,2.91,4.69,83.69,7.17,76.69,4,44.23,0.53,5.82,2024-09-03
S102577,6.89,7.75,0.24,1.13,80.38,6.33,36.05,2,56.53,3.5,10.89,2024-03-27
S102578,6.52,7.57,0.49,5.48,27.43,6.33,91.78,2,67.99,2.32,0.6,2024-04-13
S102579,6.85,7.7,0.17,6.01,53.97,8.03,92.17,1,45.25,5.09,0.53,2024-02-10
S102580,6.8,4.48,0.95,7.41,31.02,1.0,60.25,2,54.88,17.93,4.97,2024-03-21
S102581,4.5,2.77,1.2,6.99,64.96,7.1,63.09,2,33.35,4.92,4.28,2024-02-16
S102582,7.71,7.27,0.03,7.71,59.75,2.26,76.03,4,45.06,29.09,2.07,2024-04-06
S102583,7.55,9.13,0.36,8.94,66.83,3.97,12.8,3,43.77,2.73,3.34,2024-03-03
S102584,4.63,14.0,3.46,6.88,54.32,6.92,73.24,3,38.6,5.62,0.39,2024-11-02
S102585,6.37,1.29,1.26,7.4,41.84,7.19,53.86,0,49.11,1.44,2.37,2024-04-11
S102586,5.32,5.25,0.65,3.09,54.83,3.58,57.36,2,52.91,2.17,4.75,2024-09-04
S102587,5.87,8.75,1.82,5.1,69.11,7.33,68.74,1,42.14,35.0,4.66,2024-02-29
S102588,7.9,7.83,1.36,7.5,37.78,5.72,33.22,1,55.02,31.31,1.99,2024-02-25
S102589,7.24,9.03,2.41,5.25,34.13,5.23,50.92,4,59.87,3.27,6.64,2024-02-14
S102590,9.26,3.16,1.67,3.25,0.0,6.7,50.43,2,78.63,0.83,3.89,2024-03-12
S102591,6.62,3.3,1.05,7.65,64.55,9.45,46.66,1,43.37,1.49,6.01,2024-03-06
S102592,4.93,8.08,1.3,3.3,73.33,3.23,55.23,1,45.3,3.02,6.56,2024-03-09
S102593,6.64,1.22,1.62,5.68,77.89,8.33,67.33,1,38.44,0.62,2.55,2024-07-02
S102594,3.07,5.08,2.11,9.0,77.16,5.4,74.24,1,14.08,1.56,1.8,2024-10-02
S102595,8.96,2.37,0.1,4.81,43.36,6.6,71.66,2,69.29,0.38,3.21,2024-04-07
S102596,6.84,6.7,0.35,5.8,63.85,4.73,46.08,1,52.3,2.93,2.02,2024-04-03
S102597,7.09,5.73,1.77,3.24,23.7,5.12,83.51,1,71.15,1.51,1.22,2024-02-16
S102598,6.68,10.12,0.44,10.0,86.37,1.0,36.54,3,17.16,1.68,5.69,2024-06-04
S102599,5.27,5.69,0.34,5.06,48.52,7.59,76.68,4,43.46,2.61,3.07,2024-04-07
S102600,6.29,9.76,0.75,2.39,69.87,7.44,46.58,2,61.32,2.7,0.83,2024-02-16
S102601,5.36,7.17,1.38,2.86,40.91,6.28,45.05,3,58.85,1.76,0.31,2024-03-18
S102602,5.74,5.52,0.45,5.07,29.6,5.9,65.27,2,61.02,3.48,2.42,2024-02-26
S102603,6.91,2.73,1.13,8.13,50.82,5.57,53.18,3,44.88,10.91,6.4,2024-02-16
S102604,4.76,7.82,0.58,5.57,41.68,6.89,71.21,1,52.55,2.86,0.78,2024-05-03
S102605,8.72,4.89,0.82,3.61,58.01,5.21,56.29,4,63.04,1.03,2.8,2024-02-24
S102606,4.94,10.86,1.85,2.77,46.08,3.31,50.3,2,58.36,3.18,3.94,2024-03-19
S102607,7.58,6.505,0.67,8.48,21.67,4.37,72.93,2,60.46,2.38,7.5,2024-02-25
S102608,5.53,7.74,4.13,3.75,19.2,5.71,67.25,2,59.59,2.48,0.23,2024-03-21
S102609,4.68,8.11,0.09,4.36,78.02,9.54,43.27,1,42.08,32.43,1.75,2024-03-07
S102610,6.94,0.1,2.81,4.72,41.65,6.73,83.22,2,57.01,0.02,5.94,2024-02-20
S102611,6.63,4.78,1.84,4.52,69.1,6.89,61.31,1,47.92,3.35,6.91,2024-04-09
S102612,6.08,6.84,0.05,5.68,31.27,3.26,85.03,2,52.53,4.07,3.86,2024-03-14
S102613,6.31,7.62,0.77,5.37,33.68,4.65,68.42,1,60.39,2.38,2.94,2024-04-27
S102614,5.51,6.24,3.34,4.76,42.71,5.42,47.14,3,51.84,1.48,2.78,2024-03-07
S102615,6.97,10.13,1.36,8.35,40.45,2.11,100.0,1,47.45,1.87,10.94,2024-04-28
S102616,5.7,8.89,1.59,6.87,39.67,4.64,68.35,1,50.27,3.18,10.34,2024-04-19
S102617,6.4,8.74,0.44,3.08,91.31,3.51,61.14,3,47.94,3.26,9.56,2024-03-14
S102618,7.91,9.71,2.4,6.03,32.98,3.63,74.71,5,51.94,2.61,9.09,2024-03-05
S102619,4.52,2.93,1.06,6.56,53.17,5.67,56.9,1,45.46,0.58,7.05,2024-03-29
S102620,5.56,8.87,0.98,8.68,23.33,6.82,65.93,1,45.65,3.17,1.98,2024-02-17
S102621,5.41,6.05,7.46,1.0,54.73,3.05,63.0,3,56.24,1.52,3.61,2024-03-16
S102622,5.24,2.91,5.28,6.38,83.35,5.43,45.57,3,38.53,0.83,3.74,2024-08-02
S102623,4.47,8.39,1.84,5.49,42.82,8.34,55.42,2,53.71,33.58,7.14,2024-03-16
S102624,5.96,10.04,0.08,3.02,85.37,4.55,61.64,0,46.28,4.54,2.23,2024-04-20
S102625,6.55,8.98,0.31,6.15,56.45,2.46,59.18,3,42.51,14.2,17.98,2024-04-11
S102626,6.17,8.05,0.19,6.85,70.69,3.54,56.04,3,36.49,2.06,0.26,2024-03-23
S102627,4.11,5.53,0.97,6.0,34.83,4.82,25.74,2,50.0,1.51,0.28,2024-03-25
S102628,7.27,11.42,0.3,6.95,46.63,1.95,63.29,0,56.01,3.49,0.17,2024-04-15
S102629,7.31,8.06,1.6,5.22,75.21,7.02,68.71,3,46.17,2.56,4.09,2024-02-27
S102630,6.42,5.59,2.65,4.88,45.97,7.28,80.82,1,55.08,1.51,0.96,2024-03-13
S102631,4.93,3.88,2.01,6.87,18.39,4.23,57.43,3,57.09,1.5,2.61,2024-03-16
S102632,5.13,6.39,0.13,6.16,64.39,9.49,84.03,3,36.05,5.21,1.15,2024-04-20
S102633,9.03,2.34,3.26,1.33,0.0,7.63,41.81,2,96.77,4.16,0.32,2024-03-31
S102634,8.71,8.89,2.82,4.88,53.73,4.2,92.23,3,58.15,1.81,0.23,2024-04-19
S102635,6.98,9.05,1.13,7.5,41.14,7.09,71.86,3,52.85,6.56,4.31,2024-04-17
S102636,5.04,5.77,0.19,5.45,78.02,7.26,74.15,2,37.26,10.06,2.88,2024-04-10
S102637,8.07,2.74,0.31,5.83,42.43,7.98,39.85,0,53.28,1.11,7.43,2024-03-24
S102638,6.56,4.81,2.95,3.7,68.63,5.34,51.42,2,50.62,0.72,0.67,2024-03-06
S102639,8.64,10.87,0.2,6.33,44.18,3.75,62.65,0,54.64,2.53,6.12,2024-04-07
S102640,5.51,10.54,0.87,8.21,70.47,4.57,62.45,3,33.1,2.59,5.82,2024-03-15
S102641,6.96,8.16,0.44,6.83,55.67,8.49,32.57,1,52.58,4.79,0.02,2024-02-19
S102642,6.01,10.56,1.64,3.15,78.35,6.69,69.17,3,48.05,2.72,13.74,2024-02-11
S102643,7.35,9.0,1.09,8.18,34.93,10.0,68.24,2,54.06,6.38,2.45,2024-02-04
S102644,5.42,5.38,1.4,4.1,18.6,5.88,56.04,0,67.64,1.82,4.52,2024-04-29
S102645,7.58,4.79,0.47,7.34,31.57,2.74,44.26,1,58.51,0.87,5.21,2024-02-16
S102646,5.77,8.29,0.06,7.9,61.88,4.08,33.91,6,32.81,3.64,2.81,2024-03-02
S102647,5.07,9.46,0.48,6.96,48.13,4.82,27.21,3,46.3,5.33,0.3,2024-02-17
S102648,7.1,1.21,2.68,3.58,21.78,4.96,87.97,0,74.83,0.32,0.83,2024-06-02
S102649,6.63,6.6,0.34,2.23,40.37,4.39,97.79,3,72.32,2.18,4.02,2024-12-04
S102650,3.36,4.03,0.9,5.1,39.29,2.52,72.31,2,46.44,7.16,2.48,2024-03-20
S102651,6.25,1.93,1.62,3.05,21.98,2.4,71.88,2,72.93,0.65,0.42,2024-03-19
S102652,6.45,4.89,0.73,6.47,14.27,6.75,51.57,4,70.81,2.36,3.61,2024-03-07
S102653,6.56,6.66,1.41,10.0,34.67,8.96,55.61,2,43.51,1.77,2.54,2024-03-28
S102654,9.15,7.25,2.19,5.23,32.37,8.21,42.36,1,69.89,3.44,6.61,2024-04-12
S102655,5.41,6.93,0.19,8.59,65.75,4.53,58.65,3,32.65,1.8,1.42,2024-02-24
S102656,6.28,8.1,0.6,7.43,14.74,7.52,38.52,0,55.06,1.8,5.51,2024-04-14
S102657,3.94,5.57,0.43,2.21,61.48,3.34,94.23,1,51.73,1.64,7.32,2024-04-20
S102658,4.27,3.76,1.26,6.3,25.59,4.36,15.95,1,56.72,0.87,0.01,2024-04-03
S102659,5.5,6.505,0.97,2.36,19.27,10.0,35.45,1,74.17,2.06,0.08,2024-02-07
S102660,6.12,11.94,1.56,8.24,39.45,7.55,66.7,6,50.66,20.75,3.38,2024-04-27
S102661,6.03,3.55,4.72,3.62,32.23,5.99,57.43,0,66.8,1.36,0.56,2024-02-19
S102662,7.19,4.01,0.47,4.95,42.43,3.94,73.24,3,60.75,0.62,2.83,2024-03-08
S102663,7.32,3.36,1.31,5.55,56.54,6.46,63.18,2,51.43,1.72,3.34,2024-04-06
S102664,7.71,6.72,1.29,6.08,31.07,4.08,72.49,1,65.4,7.33,0.13,2024-04-27
S102665,6.07,6.47,5.22,6.66,31.3,5.8,74.92,0,54.47,2.34,2.09,2024-03-22
S102666,6.99,4.45,0.77,6.01,28.96,7.54,47.18,0,61.71,0.97,4.89,2024-03-02
S102667,5.3,6.9,6.37,4.71,26.93,10.0,53.88,3,58.48,3.11,0.77,2024-04-08
S102668,6.8,7.15,0.17,3.41,63.6,6.13,61.47,1,57.45,1.81,5.41,2024-03-27
S102669,6.97,7.72,0.06,4.5,62.71,7.94,54.96,1,45.99,1.75,4.38,2024-02-13
S102670,5.6,6.42,0.35,1.88,49.64,7.99,66.05,1,69.79,2.63,0.73,2024-05-02
S102671,3.0,5.37,0.15,6.28,56.91,1.0,54.02,1,42.28,1.66,13.75,2024-03-01
S102672,5.39,6.505,0.49,3.22,71.09,5.89,52.04,1,46.89,1.59,2.85,2024-03-06
S102673,9.89,1.5,0.16,3.27,61.66,4.58,81.84,1,63.61,1.08,0.39,2024-02-21
S102674,6.16,5.81,0.87,4.33,37.85,6.38,51.4,3,61.5,1.53,1.61,2024-02-15
S102675,5.41,1.96,0.4,6.94,53.67,6.51,60.57,3,45.16,0.38,3.26,2024-02-08
S102676,6.45,7.11,0.66,4.78,56.84,2.23,77.68,2,54.32,2.1,1.08,2024-06-04
S102677,7.85,7.63,0.29,8.32,44.25,5.63,66.87,3,54.37,5.98,3.63,2024-03-26
S102678,6.76,6.42,1.25,1.86,35.68,1.62,61.71,3,68.54,2.0,4.43,2024-03-06
S102679,6.01,6.505,0.49,5.67,61.33,6.93,53.69,4,44.73,1.25,0.77,2024-05-02
S102680,4.51,11.32,0.3,4.68,54.49,3.33,85.99,2,40.85,3.1,1.5,2024-02-03
S102681,5.88,10.06,1.91,6.39,41.71,6.92,55.24,2,50.54,3.24,1.46,2024-02-23
S102682,4.63,9.54,1.37,4.54,51.45,4.91,37.03,2,48.78,38.15,0.21,2024-04-13
S102683,6.79,6.8,0.61,4.14,40.1,8.26,29.77,3,57.96,1.65,13.18,2024-04-03
S102684,8.4,8.87,0.05,10.0,16.01,5.67,75.88,3,52.43,2.4,2.34,2024-03-14
S102685,7.77,6.14,0.17,5.72,55.5,4.29,69.13,4,52.42,3.88,3.44,2024-03-26
S102686,5.47,8.7,2.34,2.34,59.42,6.55,49.36,3,56.62,4.33,0.76,2024-02-23
S102687,4.92,2.03,2.69,3.75,46.28,6.14,79.16,2,53.8,0.7,0.15,2024-02-20
S102688,4.35,7.97,1.53,4.58,69.12,1.0,45.83,3,39.4,1.76,3.79,2024-03-13
S102689,6.91,2.47,3.78,3.39,55.05,3.95,84.3,2,60.14,0.38,5.71,2024-03-03
S102690,7.09,6.56,2.54,6.46,44.69,3.83,60.25,1,57.33,3.48,3.92,2024-05-02
S102691,7.4,7.18,0.77,3.84,0.0,5.69,39.43,0,83.84,4.16,3.14,2024-04-06
S102692,6.77,10.09,1.33,9.06,19.89,7.22,60.27,2,53.28,3.98,6.87,2024-02-25
S102693,4.6,6.21,0.84,4.61,50.6,7.41,37.2,3,54.63,1.29,2.18,2024-02-16
S102694,3.61,4.98,0.01,6.25,83.36,6.44,22.9,1,34.03,4.66,0.74,2024-04-23
S102695,7.85,8.02,0.8,5.61,26.79,3.17,61.66,0,68.39,3.74,0.36,2024-04-12
S102696,5.12,8.51,1.02,5.12,22.33,6.32,51.95,3,56.37,3.28,6.54,2024-04-12
S102697,8.94,6.505,0.31,5.08,50.08,10.0,53.99,6,62.56,1.81,13.29,2024-03-04
S102698,3.34,5.69,1.55,3.74,29.41,8.26,65.27,1,64.3,4.23,3.08,2024-02-03
S102699,4.74,7.97,0.02,6.17,34.6,2.27,86.35,0,52.25,1.56,2.27,2024-10-04
S102700,4.98,3.82,1.12,7.54,81.64,3.6,63.1,1,34.57,1.25,17.05,2024-04-16
S102701,6.65,6.68,0.08,3.99,3.19,1.77,48.14,1,74.79,4.02,0.7,2024-04-23
S102702,7.21,5.0,1.46,6.94,50.41,6.09,73.24,3,52.86,1.22,4.27,2024-03-09
S102703,5.51,8.62,1.6,3.56,27.29,5.27,68.74,3,67.22,34.49,0.15,2024-03-24
S102704,7.11,4.43,0.03,5.57,43.1,7.66,52.12,4,61.33,1.0,1.01,2024-02-15
S102705,4.46,9.91,0.73,7.84,38.93,3.98,68.69,0,45.21,2.71,0.45,2024-04-15
S102706,5.58,10.64,2.06,2.19,29.48,10.0,44.3,1,68.99,2.94,3.41,2024-03-16
S102707,4.58,6.66,0.69,9.08,35.58,3.79,44.0,2,46.84,2.88,1.96,2024-02-21
S102708,5.5,3.37,0.96,4.53,41.91,7.22,80.07,2,62.56,1.41,1.64,2024-02-12
S102709,5.38,7.71,0.27,10.0,65.81,2.7,73.3,1,34.51,1.35,2.82,2024-02-18
S102710,6.7,5.62,0.95,7.04,21.62,1.53,57.28,2,68.93,5.55,0.91,2024-02-13
S102711,10.0,6.82,0.92,6.28,13.46,3.99,36.88,0,77.65,2.66,3.85,2024-02-19
S102712,4.36,7.87,0.32,2.7,42.64,4.97,82.2,2,62.78,3.54,1.12,2024-02-26
S102713,5.99,7.85,2.77,1.42,67.02,6.55,48.85,3,62.51,1.69,10.7,2024-03-11
S102714,7.23,7.36,0.21,7.93,69.12,5.74,46.79,0,35.0,29.43,4.13,2024-02-28
S102715,6.37,2.28,0.16,5.53,4.5,7.12,37.89,0,68.27,1.41,5.15,2024-03-31
S102716,8.25,6.63,0.01,9.2,39.73,2.18,9.03,1,57.72,2.2,3.19,2024-02-17
S102717,4.84,4.53,0.81,6.39,51.31,4.79,50.15,1,45.4,0.98,1.34,2024-04-22
S102718,7.35,7.45,0.71,5.2,42.28,2.35,60.31,6,58.58,10.85,8.6,2024-04-23
S102719,5.17,0.0,1.53,4.35,24.43,2.82,36.11,0,63.96,0.0,0.28,2024-04-09
S102720,7.41,4.08,1.01,8.82,44.3,7.31,53.04,4,46.59,1.2,3.9,2024-04-27
S102721,6.5,4.92,1.26,7.36,48.09,10.0,91.19,2,60.36,1.55,0.65,2024-02-08
S102722,6.62,2.33,2.24,4.99,33.12,3.18,87.52,4,61.71,0.55,0.63,2024-03-15
S102723,5.45,7.11,2.68,5.65,48.54,5.65,51.72,3,40.11,4.77,0.55,2024-04-03
S102724,3.68,8.14,0.95,6.98,22.37,7.3,24.51,1,51.13,1.68,3.82,2024-03-08
S102725,4.73,8.31,1.49,1.56,38.92,8.58,53.87,2,63.5,1.55,12.04,2024-03-04
S102726,7.26,5.88,4.01,9.84,46.68,2.59,76.14,3,42.65,1.56,3.24,2024-04-09
S102727,5.9,4.96,0.15,6.46,55.98,10.0,78.16,0,43.85,1.27,2.92,2024-03-22
S102728,7.3,9.39,0.1,8.84,58.59,4.36,76.91,3,44.19,2.05,5.77,2024-04-07
S102729,4.42,4.8,1.0,4.28,29.17,5.45,41.9,3,58.19,1.88,0.2,2024-04-10
S102730,7.17,10.67,2.2,2.16,58.51,4.64,35.25,0,53.37,7.97,4.74,2024-02-19
S102731,7.68,8.47,2.41,1.0,52.35,1.0,78.09,3,66.88,5.79,3.16,2024-03-16
S102732,3.18,5.55,0.86,3.87,48.31,2.65,68.7,1,44.37,2.08,4.84,2024-04-01
S102733,6.72,10.05,0.92,5.19,39.37,4.09,67.1,5,55.32,1.81,5.39,2024-04-04
S102734,8.98,9.62,2.01,6.36,38.86,4.92,95.2,2,71.48,3.04,0.23,2024-03-17
S102735,5.22,1.7,5.47,7.77,65.37,6.15,44.66,2,38.95,0.61,5.81,2024-02-12
S102736,7.67,6.79,0.17,6.3,79.28,4.52,71.22,1,43.54,1.86,0.41,2024-04-19
S102737,6.33,5.79,5.27,9.36,19.07,4.28,56.9,0,54.07,0.94,5.71,2024-02-08
S102738,7.47,6.02,2.33,9.13,77.46,3.87,70.43,2,38.0,1.49,7.37,2024-04-13
S102739,5.74,11.05,0.32,4.9,22.73,8.79,46.76,3,65.11,8.05,4.58,2024-04-28
S102740,5.19,9.73,0.61,10.0,37.99,10.0,54.53,4,45.35,3.46,1.72,2024-02-06
S102741,5.68,12.16,0.74,5.14,30.55,3.04,36.26,4,60.29,3.22,1.03,2024-03-08
S102742,5.77,9.2,0.19,6.7,27.3,1.78,67.12,0,53.95,26.69,4.84,2024-02-29
S102743,5.45,6.64,0.58,7.54,48.98,7.15,69.69,1,42.22,1.97,13.47,2024-08-02
S102744,5.05,4.74,1.13,6.08,55.09,5.07,58.15,2,49.3,2.15,8.92,2024-03-03
S102745,7.82,7.96,4.02,4.76,37.51,1.84,48.27,0,62.69,1.87,1.42,2024-03-27
S102746,5.47,8.36,0.14,3.33,41.61,4.63,48.8,2,62.03,1.79,2.05,2024-03-02
S102747,4.59,6.2,0.8,8.16,67.19,7.95,65.4,3,29.2,3.2,4.76,2024-02-22
S102748,4.97,5.6,1.54,4.03,24.65,5.8,68.94,3,59.75,1.47,0.88,2024-03-23
S102749,6.96,8.7,0.17,6.47,69.49,3.38,77.83,2,39.22,6.68,1.56,2024-02-14
S102750,3.16,6.98,2.35,4.88,66.45,2.58,59.04,4,35.67,1.54,2.14,2024-03-07
S102751,6.98,11.62,1.71,8.14,51.66,8.37,54.59,0,50.73,3.76,0.31,2024-04-20
S102752,7.28,5.41,3.03,6.24,26.32,3.01,82.74,4,62.43,3.72,3.37,2024-03-15
S102753,8.07,8.31,1.49,3.31,61.43,7.59,55.76,4,53.85,2.79,11.86,2024-02-21
S102754,5.67,7.55,1.11,5.73,42.97,7.02,77.1,2,54.01,2.57,6.8,2024-03-07
S102755,5.13,12.7,0.53,1.0,47.82,8.25,82.36,3,60.37,3.98,2.75,2024-04-11
S102756,6.53,6.19,0.18,7.93,16.28,6.45,94.75,4,59.73,2.19,5.09,2024-02-20
S102757,6.48,5.31,0.59,10.0,21.72,1.43,54.65,2,48.34,1.25,18.42,2024-03-20
S102758,8.12,7.38,4.03,6.38,20.09,4.13,73.85,2,73.02,1.4,2.02,2024-02-19
S102759,6.36,6.1,2.46,5.46,34.5,5.71,60.13,2,60.68,24.4,0.06,2024-07-03
S102760,5.69,10.23,4.92,7.88,30.64,6.47,61.75,3,56.76,3.92,4.12,2024-04-11
S102761,4.42,9.03,0.26,3.54,22.94,5.38,43.32,0,60.53,11.09,13.79,2024-03-30
S102762,6.0,7.85,1.15,4.46,67.84,7.06,62.62,2,42.0,3.91,0.3,2024-02-23
S102763,6.39,6.7,2.17,7.25,9.6,8.63,80.26,1,63.76,2.02,2.63,2024-03-04
S102764,7.94,0.82,2.07,3.53,42.91,5.17,33.77,2,68.98,0.23,3.82,2024-04-26
S102765,6.44,3.7,0.64,1.0,17.65,7.42,97.28,4,92.13,1.37,0.76,2024-03-22
S102766,8.18,5.43,0.21,7.96,57.04,5.74,44.47,1,50.15,3.26,1.06,2024-04-28
S102767,8.03,4.06,0.79,4.64,41.07,8.79,65.4,2,62.87,1.56,0.89,2024-04-17
S102768,5.22,8.57,2.36,3.52,58.04,7.91,63.63,0,50.39,6.7,6.35,2024-02-06
S102769,4.7,10.99,2.77,8.71,74.06,5.2,69.67,2,27.51,7.34,1.08,2024-03-01
S102770,5.4,5.17,1.86,5.65,55.18,6.08,90.58,3,45.05,1.8,1.47,2024-04-14
S102771,5.96,4.0,0.6,8.41,84.48,6.43,54.72,1,23.84,1.54,2.04,2024-03-21
S102772,5.16,6.99,1.34,6.41,34.51,2.69,39.84,1,54.02,1.39,0.13,2024-02-13
S102773,7.27,10.96,1.59,4.79,48.76,4.22,65.94,1,58.9,4.78,2.47,2024-04-20
S102774,7.24,6.13,2.09,9.65,81.7,9.53,85.91,2,30.41,1.97,10.68,2024-03-29
S102775,7.98,4.55,0.71,1.0,50.9,8.56,67.13,1,77.99,18.21,1.56,2024-02-16
S102776,6.69,7.71,1.17,8.48,26.55,7.64,30.18,3,46.48,5.3,1.11,2024-04-01
S102777,5.68,3.28,2.65,5.76,49.41,4.07,61.76,5,44.32,1.44,4.89,2024-04-13
S102778,6.87,3.87,0.62,8.5,18.44,7.66,47.35,2,57.55,1.0,1.42,2024-12-02
S102779,5.02,7.33,2.17,4.29,65.26,7.14,82.17,2,53.01,1.41,1.92,2024-03-26
S102780,6.5,3.65,1.75,4.3,48.9,6.62,48.75,0,57.31,1.73,7.93,2024-03-26
S102781,5.23,6.34,0.06,5.41,47.37,5.89,94.47,2,55.29,2.48,2.29,2024-04-19
S102782,7.92,6.03,0.7,9.69,6.97,8.86,82.81,3,58.55,1.49,0.39,2024-04-01
S102783,3.0,3.66,6.48,7.88,49.28,6.69,76.94,3,30.8,2.68,20.0,2024-04-08
S102784,7.48,7.98,0.15,4.64,26.87,4.53,77.11,1,71.97,1.38,0.43,2024-04-10
S102785,7.53,11.71,0.73,3.87,50.65,8.13,47.08,0,61.05,1.87,1.01,2024-02-11
S102786,6.24,8.01,1.27,8.92,68.11,1.82,49.19,0,31.51,3.65,2.8,2024-05-04
S102787,6.77,4.76,0.69,8.13,7.59,2.4,47.7,1,62.05,0.95,0.89,2024-04-06
S102788,6.59,5.49,1.05,5.04,35.0,5.98,75.74,3,62.5,1.23,3.01,2024-04-23
S102789,8.11,8.11,0.43,5.51,62.91,6.54,68.29,1,55.08,2.89,1.7,2024-03-20
S102790,8.62,6.505,0.64,8.98,43.97,5.6,58.96,2,52.52,1.63,0.58,2024-03-25
S102791,6.31,5.26,2.56,1.0,37.1,8.16,47.02,1,69.52,0.98,0.61,2024-04-28
S102792,8.59,4.73,1.47,7.57,35.69,8.54,72.23,2,62.95,1.72,2.51,2024-03-03
S102793,5.4,6.77,1.2,3.47,43.91,6.63,44.42,3,59.05,2.92,3.44,2024-04-10
S102794,6.88,7.06,2.03,6.37,25.69,2.19,60.26,2,66.59,1.53,0.35,2024-03-14
S102795,6.91,5.97,1.55,8.01,54.93,7.31,90.12,0,41.12,4.93,5.23,2024-01-02
S102796,4.53,8.06,1.89,1.9,76.23,2.3,88.26,1,45.03,11.43,2.64,2024-04-02
S102797,6.76,8.62,1.75,8.82,42.07,2.22,95.54,2,45.49,1.94,2.86,2024-02-18
S102798,5.37,10.2,3.52,10.0,31.34,9.84,73.28,4,49.31,2.58,0.38,2024-03-08
S102799,7.41,7.38,0.91,3.84,84.09,1.0,27.89,1,45.24,2.75,4.48,2024-03-01
S102800,5.06,7.61,0.48,5.06,15.63,3.48,46.16,0,56.05,1.58,1.7,2024-02-03
S102801,3.82,7.81,0.98,5.71,2.53,6.44,76.21,1,71.38,1.29,3.9,2024-04-20
S102802,4.48,5.71,1.23,7.47,46.28,3.95,84.87,2,42.61,1.91,5.04,2024-04-11
S102803,6.33,8.74,1.75,8.02,68.48,3.49,50.55,3,36.67,2.48,2.84,2024-03-30
S102804,6.74,2.06,3.95,5.66,36.14,3.22,68.49,0,59.74,0.63,5.64,2024-03-06
S102805,6.78,6.505,2.75,6.8,32.42,8.63,57.1,0,61.18,2.96,1.27,2024-02-22
S102806,5.23,5.27,0.08,5.35,49.88,3.86,59.31,1,49.84,7.22,1.11,2024-02-11
S102807,7.4,7.18,6.16,7.18,58.45,6.33,58.97,1,45.01,1.43,2.62,2024-03-14
S102808,5.53,10.02,0.32,3.07,93.55,4.94,68.43,5,39.06,3.05,2.62,2024-02-15
S102809,5.99,9.61,3.06,6.54,28.37,4.73,77.99,0,56.19,3.53,1.09,2024-02-27
S102810,7.67,11.33,3.91,9.05,32.26,3.71,45.89,0,48.53,2.26,5.02,2024-04-28
S102811,6.07,6.505,2.84,7.39,45.8,6.61,74.06,1,51.91,0.0,3.69,2024-11-04
S102812,3.67,6.505,0.26,7.98,85.04,3.68,86.1,3,18.91,3.0,2.26,2024-02-27
S102813,7.3,6.09,4.91,4.73,11.53,5.16,52.64,5,80.02,2.85,8.49,2024-02-02
S102814,6.3,9.83,0.85,4.5,55.61,4.92,50.81,1,48.94,1.81,2.77,2024-02-22
S102815,5.76,5.01,1.06,6.43,73.48,5.42,95.32,0,42.66,1.43,0.25,2024-04-20
S102816,8.1,7.94,1.76,4.37,72.56,7.26,31.9,1,50.7,2.87,2.25,2024-03-05
S102817,5.42,4.94,0.41,2.75,34.28,4.32,65.78,0,62.58,5.19,2.66,2024-02-29
S102818,7.21,5.63,0.18,7.9,46.04,4.31,46.31,3,46.25,1.8,3.42,2024-04-08
S102819,6.49,3.11,2.93,6.3,54.38,3.8,76.63,6,54.81,3.1,0.03,2024-02-03
S102820,9.93,6.505,0.4,4.26,59.69,5.99,82.36,4,59.08,2.56,1.83,2024-03-14
S102821,3.78,5.24,0.33,6.86,57.54,4.63,58.68,3,36.33,20.94,2.35,2024-04-18
S102822,6.57,5.4,0.55,9.4,12.89,5.73,66.35,2,54.44,1.59,12.62,2024-04-05
S102823,6.78,11.08,5.73,5.37,22.52,6.19,100.0,3,61.02,2.48,4.8,2024-02-11
S102824,7.84,4.5,0.32,5.22,92.3,7.86,62.29,3,36.72,2.2,4.15,2024-03-18
S102825,5.71,9.44,0.86,8.48,0.0,7.92,49.56,4,62.78,1.99,2.29,2024-04-26
S102826,5.41,5.96,1.52,2.02,43.55,10.0,84.97,5,67.29,2.24,0.35,2024-02-01
S102827,8.24,5.98,0.43,5.83,51.48,1.07,43.05,2,51.85,1.79,2.63,2024-04-13
S102828,5.7,7.11,1.13,4.79,37.38,7.25,83.8,2,60.94,2.21,1.54,2024-02-19
S102829,6.69,5.55,2.18,2.02,33.74,2.46,51.8,1,69.95,2.67,4.99,2024-02-17
S102830,6.22,13.24,0.09,7.63,70.86,5.32,51.13,2,38.84,4.23,4.97,2024-02-09
S102831,6.83,4.35,5.33,5.23,55.28,4.7,64.43,1,44.8,17.41,6.12,2024-04-02
S102832,4.41,5.78,0.07,7.15,26.97,4.1,100.0,2,52.78,3.92,20.0,2024-05-02
S102833,5.54,6.85,1.01,7.33,48.82,2.99,66.83,1,49.18,3.64,3.39,2024-03-24
S102834,6.22,9.41,3.89,6.67,75.94,5.64,75.98,4,39.33,2.84,4.47,2024-02-03
S102835,6.45,8.37,2.4,4.13,61.53,2.94,48.38,1,48.15,3.94,1.77,2024-04-17
S102836,7.83,8.02,1.74,5.4,69.73,1.0,54.17,3,51.88,8.12,0.19,2024-04-14
S102837,7.01,5.82,1.02,5.5,47.51,3.13,59.48,1,56.11,1.58,14.69,2024-04-24
S102838,7.1,7.02,3.85,7.16,43.76,7.67,79.86,2,52.84,2.17,0.43,2024-03-24
S102839,6.22,9.76,0.93,5.74,40.31,6.34,76.57,2,57.52,3.12,1.27,2024-03-13
S102840,8.06,10.22,2.21,7.05,16.79,4.96,60.59,2,65.54,4.57,1.12,2024-02-25
S102841,5.45,4.37,0.68,4.6,34.02,5.64,49.55,1,53.27,1.4,1.74,2024-02-22
S102842,6.16,0.97,4.04,7.55,39.08,5.0,31.02,2,53.58,0.39,5.54,2024-02-04
S102843,4.21,9.33,1.91,4.81,60.81,3.43,48.56,1,41.44,3.46,9.39,2024-03-28
S102844,4.83,6.505,3.0,2.41,58.14,4.5,77.33,1,56.61,2.76,1.95,2024-02-05
S102845,7.48,7.65,3.58,5.27,6.5,2.39,71.81,1,68.94,1.68,0.59,2024-02-20
S102846,6.23,4.13,0.16,5.82,59.56,8.67,57.93,1,49.25,1.0,0.09,2024-02-23
S102847,3.7,7.67,1.12,5.97,4.15,1.51,45.58,3,65.02,8.92,0.18,2024-02-24
S102848,6.23,7.94,1.64,2.18,39.93,3.06,39.34,3,64.88,1.82,3.67,2024-07-04
S102849,5.96,10.35,0.39,6.9,33.01,4.08,50.95,4,52.38,7.45,1.61,2024-02-28
S102850,4.71,12.68,1.61,6.18,39.55,6.39,69.68,2,48.17,50.73,0.98,2024-03-14
S102851,6.76,7.36,3.18,5.66,60.29,3.82,87.78,1,55.32,3.45,1.03,2024-02-03
S102852,5.91,7.32,1.63,7.52,17.43,8.49,69.57,3,59.1,3.76,0.01,2024-04-28
S102853,6.3,6.85,0.21,5.92,42.34,6.89,60.07,3,54.36,2.51,0.91,2024-02-28
S102854,7.61,7.29,1.51,3.01,66.36,6.18,85.27,3,56.28,6.37,0.7,2024-03-11
S102855,5.43,0.94,2.11,2.79,35.05,3.86,100.0,1,67.5,3.77,4.37,2024-04-20
S102856,7.8,5.65,1.02,7.57,73.9,5.13,49.82,2,39.11,1.91,3.63,2024-04-12
S102857,5.91,6.505,0.29,1.67,46.1,7.19,36.41,2,60.12,2.31,8.52,2024-04-06
S102858,5.93,11.04,4.82,8.25,28.05,5.59,89.18,3,58.71,3.32,0.58,2024-04-02
S102859,8.09,8.83,4.05,3.31,22.71,6.91,45.84,1,70.4,9.38,17.51,2024-04-28
S102860,6.82,5.02,4.4,3.99,50.77,9.31,64.56,3,62.06,2.59,1.48,2024-03-26
S102861,5.72,5.34,0.68,7.3,81.33,6.52,55.67,2,35.14,2.43,2.63,2024-03-17
S102862,6.12,4.86,0.29,4.24,61.55,5.52,72.41,2,54.84,3.09,2.69,2024-04-23
S102863,6.59,3.4,1.63,2.94,25.66,3.12,48.95,3,72.68,13.6,2.86,2024-03-01
S102864,4.26,8.09,0.35,4.77,59.32,6.74,69.7,1,44.25,6.82,3.66,2024-03-06
S102865,7.22,8.94,0.71,4.01,78.85,1.84,65.12,1,47.59,2.4,0.85,2024-02-16
S102866,6.28,5.71,0.59,6.57,35.14,7.86,98.94,0,54.81,3.45,0.13,2024-03-08
S102867,4.48,1.62,0.05,3.54,53.04,7.83,65.18,0,43.27,0.33,7.24,2024-03-12
S102868,4.97,6.61,2.13,5.0,43.87,7.88,65.18,2,55.4,3.52,4.54,2024-02-15
S102869,7.5,8.78,0.32,4.07,65.08,7.95,62.89,5,49.21,1.96,2.57,2024-04-19
S102870,4.52,5.88,0.89,2.88,7.15,4.54,83.26,1,68.12,3.21,0.82,2024-03-30
S102871,9.29,3.53,0.07,3.96,24.71,5.56,56.7,3,76.77,1.17,4.64,2024-03-29
S102872,4.79,6.03,0.78,8.67,28.73,5.53,76.59,1,51.4,1.6,7.93,2024-04-08
S102873,6.57,12.29,0.11,5.5,49.99,4.94,71.19,0,55.6,7.39,0.38,2024-03-30
S102874,3.0,7.38,1.27,3.07,65.38,5.3,47.58,1,41.13,6.44,0.6,2024-02-25
S102875,6.18,8.24,0.42,3.87,45.29,7.85,96.66,2,55.95,9.92,0.41,2024-02-26
S102876,5.55,4.7,3.43,6.69,65.03,5.39,86.02,2,37.12,1.7,3.21,2024-03-10
S102877,6.95,6.505,0.5,6.87,21.97,7.18,100.0,1,58.92,3.07,4.83,2024-03-24
S102878,6.55,4.06,0.15,5.86,39.78,3.77,45.32,4,55.35,1.17,7.05,2024-02-08
S102879,5.81,7.85,1.1,4.72,27.52,7.02,31.99,4,60.55,4.96,0.4,2024-04-06
S102880,9.28,2.28,1.75,6.27,35.74,5.84,46.15,2,67.39,0.68,7.42,2024-02-14
S102881,7.35,2.55,1.68,4.64,53.85,8.79,37.05,1,55.8,1.72,6.79,2024-04-23
S102882,5.25,11.5,2.47,7.93,51.05,4.72,79.44,2,37.09,3.42,3.13,2024-02-25
S102883,6.76,5.6,2.9,6.21,63.75,5.32,48.47,3,50.85,5.59,5.27,2024-03-18
S102884,3.0,8.82,0.22,6.74,35.91,4.89,78.77,0,44.28,8.76,2.16,2024-03-04
S102885,5.45,5.22,2.28,7.66,57.15,4.51,45.66,4,35.56,1.28,0.2,2024-02-15
S102886,8.0,8.9,1.79,5.43,6.16,5.89,51.4,4,73.13,4.45,5.17,2024-09-04
S102887,5.48,3.85,0.0,6.45,48.43,2.34,43.39,2,47.57,1.01,1.29,2024-04-21
S102888,6.46,3.69,2.8,4.72,61.91,5.27,48.55,2,40.82,1.98,0.43,2024-03-03
S102889,4.64,9.57,0.54,10.0,69.5,7.02,23.71,3,23.75,2.31,0.58,2024-04-29
S102890,7.35,8.13,0.62,6.65,41.86,6.35,48.74,1,54.83,6.92,3.39,2024-04-10
S102891,6.41,1.06,0.06,5.48,33.47,4.66,68.46,3,58.03,0.4,1.99,2024-04-13
S102892,6.25,4.37,1.26,8.56,48.83,3.18,30.18,1,40.82,1.0,1.89,2024-03-14
S102893,7.55,6.72,0.96,4.98,87.61,7.59,68.29,0,44.68,4.56,0.71,2024-04-18
S102894,8.54,10.68,0.25,6.85,48.55,7.49,58.0,0,58.63,42.74,1.22,2024-09-03
S102895,7.36,7.02,0.18,5.63,74.56,1.3,55.22,3,46.43,5.24,1.35,2024-04-28
S102896,3.82,6.72,0.56,5.45,44.85,4.46,67.85,2,49.62,1.32,8.09,2024-02-29
S102897,6.8,3.3,2.99,6.95,26.87,9.12,78.43,1,60.16,1.27,4.81,2024-02-29
S102898,6.61,9.91,0.93,5.63,22.91,3.31,60.35,3,63.79,6.69,1.66,2024-04-13
S102899,4.63,8.94,1.54,2.14,62.79,8.61,53.73,1,62.09,3.47,3.11,2024-02-22
S102900,3.97,1.78,0.49,4.87,41.79,9.23,47.74,2,51.46,1.03,0.92,2024-04-17
S102901,5.66,7.34,1.39,3.38,51.75,4.28,36.91,5,57.29,2.85,4.77,2024-03-25
S102902,5.81,0.0,2.53,5.26,37.42,5.75,46.79,3,55.08,0.0,4.11,2024-02-12
S102903,6.13,6.39,1.39,5.61,13.87,6.9,55.7,1,68.73,1.45,4.05,2024-04-03
S102904,5.2,4.34,0.96,5.86,17.98,5.62,21.46,2,63.93,3.1,2.12,2024-02-26
S102905,6.44,7.13,0.47,9.58,35.67,5.85,56.32,0,46.92,1.44,2.54,2024-03-20
S102906,6.63,2.68,1.01,4.84,55.03,5.27,73.84,1,52.02,0.77,0.23,2024-03-30
S102907,5.82,7.7,0.59,6.68,56.85,6.97,39.16,2,39.46,2.4,1.43,2024-02-01
S102908,6.76,3.29,0.95,4.38,41.57,7.22,79.8,1,58.09,1.01,4.83,2024-08-03
S102909,5.4,5.65,0.26,6.07,19.84,6.06,72.35,2,58.49,1.2,9.14,2024-02-29
S102910,4.02,4.3,2.19,4.52,55.6,6.46,59.1,2,47.03,1.37,1.3,2024-10-04
S102911,6.21,3.91,0.12,5.54,49.73,8.32,100.0,1,48.92,1.02,8.13,2024-04-17
S102912,7.45,9.4,2.9,3.01,39.94,4.48,47.1,1,71.28,2.72,0.16,2024-04-19
S102913,9.99,6.63,0.49,2.62,31.23,3.72,82.61,1,82.98,1.88,5.59,2024-02-10
S102914,3.24,9.7,1.29,7.47,40.43,3.1,32.31,2,48.45,4.13,3.76,2024-02-09
S102915,5.51,6.13,0.5,4.88,47.83,5.04,42.48,1,54.54,1.22,5.79,2024-02-21
S102916,4.99,7.37,2.08,10.0,44.83,5.54,46.23,4,35.35,1.51,11.47,2024-04-03
S102917,6.59,10.0,0.38,5.71,44.07,5.77,83.57,3,57.36,3.47,5.48,2024-04-29
S102918,4.99,6.06,2.07,3.56,29.56,5.39,52.16,1,65.13,1.18,0.77,2024-03-14
S102919,6.39,5.3,0.56,4.64,52.37,6.03,39.96,4,61.63,0.97,9.9,2024-02-04
S102920,7.6,4.13,1.98,10.0,64.15,7.64,69.11,1,40.86,6.22,5.23,2024-02-19
S102921,5.17,5.06,1.61,4.83,48.34,9.79,56.32,1,54.95,1.49,1.22,2024-02-10
S102922,6.12,8.67,2.62,9.75,75.29,6.5,84.73,3,30.52,2.38,0.94,2024-02-14
S102923,8.48,7.41,0.54,3.56,51.76,3.35,45.93,4,67.22,3.49,4.48,2024-02-15
S102924,7.46,6.25,0.57,5.55,0.0,5.9,40.17,2,72.11,1.58,1.96,2024-02-19
S102925,3.95,7.23,5.38,3.37,46.0,4.72,62.37,4,51.34,28.93,0.96,2024-04-25
S102926,9.12,8.47,1.15,6.12,37.28,4.68,84.15,2,60.88,2.95,0.23,2024-04-02
S102927,5.27,8.45,0.36,6.89,47.95,3.01,57.37,3,54.29,1.5,6.67,2024-03-16
S102928,6.65,4.07,1.85,10.0,65.83,3.66,38.9,1,34.25,2.63,1.15,2024-04-29
S102929,5.65,4.18,3.13,10.0,63.19,9.21,86.19,1,34.0,1.06,0.23,2024-04-21
S102930,5.59,10.81,0.55,7.05,42.88,6.41,58.63,4,45.81,11.86,0.65,2024-12-03
S102931,5.26,6.47,1.86,4.17,68.17,6.65,86.1,1,40.38,1.45,2.85,2024-03-18
S102932,7.1,8.26,0.39,6.52,40.97,4.29,58.48,0,46.86,1.95,6.83,2024-04-07
S102933,5.14,5.12,2.69,5.72,51.64,9.0,71.88,1,53.71,0.89,4.11,2024-04-14
S102934,4.47,3.35,1.04,7.06,43.73,3.05,61.84,2,42.84,0.73,1.82,2024-03-31
S102935,5.43,4.43,0.42,5.67,32.66,3.45,60.29,4,51.09,1.86,1.12,2024-02-13
S102936,6.23,9.04,8.0,1.0,55.73,6.48,83.36,4,63.89,2.26,5.05,2024-03-16
S102937,3.42,5.3,0.85,5.66,46.84,6.06,27.52,3,42.89,1.79,6.3,2024-02-28
S102938,7.34,9.08,8.0,3.09,37.47,8.58,63.54,2,76.53,2.74,0.23,2024-02-29
S102939,5.23,7.73,0.23,4.58,56.11,5.82,73.29,1,54.02,2.65,0.98,2024-03-12
S102940,7.24,3.28,0.97,4.45,21.06,6.27,36.58,2,69.49,1.1,2.21,2024-04-22
S102941,8.17,4.34,0.32,4.62,47.07,3.66,55.32,1,64.17,1.16,11.54,2024-04-25
S102942,6.67,6.99,2.5,5.52,58.63,6.43,55.39,1,55.51,3.99,0.17,2024-02-04
S102943,6.98,10.36,4.99,4.52,53.94,7.46,79.61,1,53.79,4.99,0.29,2024-02-09
S102944,5.6,8.36,0.75,5.52,45.24,4.16,41.87,3,51.01,1.48,6.75,2024-02-29
S102945,5.3,0.86,0.64,7.85,62.06,8.24,57.68,2,41.59,0.21,3.53,2024-02-19
S102946,3.58,7.8,4.84,5.18,19.85,7.16,70.95,3,54.66,2.15,2.0,2024-05-03
S102947,5.97,5.83,1.51,7.62,54.13,5.24,59.11,1,47.38,23.31,6.55,2024-04-28
S102948,5.47,6.98,6.93,7.41,48.64,8.31,82.87,2,41.38,4.15,10.24,2024-04-20
S102949,3.0,8.63,1.81,8.67,56.38,5.43,80.96,3,33.38,27.56,3.2,2024-03-21
S102950,6.62,3.89,1.1,9.81,34.34,7.09,51.22,3,43.57,1.06,2.55,2024-04-28
S102951,8.36,9.1,0.32,7.55,45.86,5.66,31.83,4,54.31,2.25,14.42,2024-07-04
S102952,6.8,5.96,2.25,5.43,32.51,3.15,60.77,3,64.26,1.71,1.73,2024-03-04
S102953,7.86,3.93,0.01,6.02,52.56,6.41,61.35,1,55.55,0.78,9.07,2024-02-04
S102954,5.86,7.85,1.22,3.74,39.82,1.74,60.3,1,54.57,2.3,0.14,2024-03-15
S102955,4.82,4.11,0.35,5.17,65.52,5.42,78.03,4,51.61,1.37,1.1,2024-03-06
S102956,6.33,4.18,7.02,7.97,49.2,7.34,64.4,2,40.46,1.57,3.66,2024-04-13
S102957,5.75,4.54,1.31,9.27,34.47,4.23,59.69,3,49.67,3.12,12.79,2024-08-02
S102958,4.65,7.78,1.53,7.78,40.43,3.7,51.08,0,41.68,1.92,20.0,2024-06-02
S102959,7.68,9.04,0.22,5.82,37.59,4.67,51.89,0,60.48,2.26,1.79,2024-03-24
S102960,6.48,5.22,0.27,7.37,56.02,5.55,38.65,2,51.52,1.09,1.16,2024-06-04
S102961,5.32,11.38,0.96,3.36,46.25,4.78,73.54,1,51.37,4.4,1.73,2024-06-02
S102962,6.51,6.08,0.06,10.0,50.44,4.61,72.1,0,32.6,1.79,2.34,2024-04-26
S102963,6.03,7.8,0.79,5.28,16.84,9.27,37.27,3,69.09,1.66,3.64,2024-02-19
S102964,7.11,7.25,0.49,5.49,39.16,5.78,39.69,3,55.37,2.08,14.32,2024-02-17
S102965,8.48,6.38,1.85,4.34,49.18,5.88,49.51,4,66.6,1.86,20.0,2024-03-20
S102966,5.38,3.52,0.05,3.9,58.83,10.0,44.62,0,49.61,0.75,11.63,2024-02-10
S102967,4.57,6.75,0.45,8.98,41.55,9.08,63.83,3,38.67,2.38,5.07,2024-04-12
S102968,8.17,4.92,4.58,8.84,71.1,8.84,44.83,2,38.35,6.44,9.49,2024-02-20
S102969,9.6,4.42,3.5,4.37,54.75,6.06,28.11,4,66.65,1.42,3.22,2024-03-19
S102970,5.39,3.74,2.35,7.04,51.57,4.84,66.88,1,44.41,0.73,0.93,2024-07-04
S102971,4.97,7.07,0.08,9.15,52.33,6.38,80.81,1,31.67,2.66,0.55,2024-04-12
S102972,4.57,5.26,3.64,1.47,11.94,5.57,59.08,4,68.91,1.24,1.16,2024-03-01
S102973,6.24,6.6,1.3,1.35,40.54,3.31,73.95,3,72.51,1.86,2.89,2024-03-01
S102974,6.4,4.91,0.14,7.24,45.81,10.0,60.16,0,54.62,2.35,4.92,2024-03-29
S102975,5.88,6.505,0.7,5.78,67.36,1.58,35.71,2,40.75,0.68,1.63,2024-04-11
S102976,7.42,3.73,0.56,8.62,68.2,7.82,50.23,3,41.88,0.92,1.58,2024-03-05
S102977,5.11,9.54,7.69,8.79,47.34,1.43,52.0,1,34.62,10.94,2.41,2024-04-22
S102978,5.42,7.9,0.06,3.77,17.02,5.43,92.08,1,69.2,1.81,1.99,2024-03-23
S102979,4.5,7.15,0.5,5.6,72.27,4.01,74.52,4,42.79,2.42,1.43,2024-01-03
S102980,8.19,7.93,0.61,6.31,42.76,3.07,69.41,5,63.56,31.72,0.94,2024-04-25
S102981,7.76,3.47,0.75,3.82,73.51,7.32,100.0,5,54.14,1.75,0.76,2024-04-02
S102982,8.08,8.55,3.39,7.6,43.61,3.8,95.38,0,52.01,2.72,0.07,2024-03-06
S102983,5.08,2.36,0.13,7.32,23.49,6.16,58.9,1,52.3,0.67,0.82,2024-03-02
S102984,8.13,4.89,6.3,5.98,43.51,4.77,46.06,3,60.1,1.31,12.61,2024-02-26
S102985,6.66,4.75,2.05,6.31,42.16,8.94,53.05,1,56.95,1.56,1.04,2024-03-09
S102986,7.26,4.99,1.51,4.03,49.99,7.34,71.83,1,56.65,3.35,3.28,2024-02-28
S102987,7.07,1.83,1.15,8.47,34.58,6.97,59.09,0,46.13,0.43,6.41,2024-04-11
S102988,5.81,8.95,3.0,8.85,43.35,7.23,26.96,3,41.78,2.75,3.55,2024-02-04
S102989,6.03,2.01,0.07,9.36,54.6,3.97,54.53,4,38.19,1.01,7.19,2024-02-23
S102990,4.11,8.43,0.29,6.06,53.48,6.78,71.77,0,35.93,3.29,0.69,2024-10-04
S102991,5.5,7.27,2.89,4.57,39.32,3.37,26.4,1,54.92,2.48,9.51,2024-04-22
S102992,5.95,6.93,0.38,6.81,31.3,1.84,66.74,2,47.18,2.62,1.01,2024-12-02
S102993,4.65,5.7,1.09,6.82,49.59,4.88,62.83,2,34.28,22.82,8.33,2024-03-27
S102994,6.4,5.03,3.09,6.48,86.04,6.86,53.21,4,38.36,2.14,1.52,2024-03-21
S102995,8.05,4.31,3.78,1.0,8.45,4.76,59.21,1,89.56,1.38,4.81,2024-03-25
S102996,5.58,9.79,1.85,6.85,57.09,7.51,93.65,1,47.75,6.63,0.81,2024-02-18
S102997,4.92,5.2,0.34,6.89,0.0,8.07,25.88,2,58.47,1.41,2.45,2024-02-03
S102998,5.08,4.28,4.43,8.24,41.06,3.24,34.22,1,46.01,1.39,5.4,2024-02-03
S102999,6.53,8.58,1.12,1.0,37.61,5.11,61.45,2,75.19,2.24,3.54,2024-02-23
S103000,8.71,11.46,1.87,8.58,57.84,5.3,64.81,2,49.64,5.51,2.08,2024-02-05
S103001,6.5,3.18,5.51,3.13,32.86,9.91,71.36,3,65.56,4.98,2.91,2024-04-09
S103002,6.35,6.03,1.76,6.6,39.35,4.14,33.82,3,60.66,24.13,2.65,2024-03-20
S103003,4.54,5.94,0.62,6.46,51.45,7.27,54.31,3,47.58,2.13,4.04,2024-04-25
S103004,6.73,3.61,1.48,7.46,52.32,4.59,100.0,3,45.41,1.77,3.13,2024-03-23
S103005,7.15,3.3,0.08,5.82,55.05,3.74,62.86,2,54.34,4.88,11.58,2024-03-14
S103006,5.7,7.54,2.36,6.64,44.86,7.9,64.4,1,44.1,2.82,0.97,2024-02-03
S103007,6.23,5.96,0.53,6.5,34.26,3.48,52.7,1,56.69,4.15,1.77,2024-03-21
S103008,5.35,8.05,0.03,9.06,7.0,5.94,52.05,1,58.89,2.44,5.79,2024-02-22
S103009,7.3,2.63,1.36,3.6,25.12,6.06,95.11,4,76.59,1.1,10.77,2024-02-19
S103010,8.14,3.22,0.52,4.78,56.93,7.55,78.91,3,65.4,1.56,16.57,2024-04-13
S103011,6.8,4.11,0.47,4.97,63.76,8.82,59.2,2,46.06,1.03,20.0,2024-03-09
S103012,6.98,5.83,1.66,7.84,32.31,3.88,48.17,1,51.54,1.4,6.84,2024-04-25
S103013,6.35,6.85,0.96,5.85,43.58,4.83,100.0,4,47.52,2.04,4.62,2024-02-22
S103014,5.38,5.21,0.08,3.1,39.27,5.46,61.16,2,56.78,1.29,0.21,2024-03-09
S103015,5.19,1.2,1.97,2.19,33.04,8.25,76.02,0,64.67,0.29,1.15,2024-03-25
S103016,5.71,4.14,0.66,4.22,26.39,2.7,69.89,3,68.25,1.87,7.32,2024-03-08
S103017,6.43,10.19,0.01,1.0,52.81,2.8,41.63,2,66.73,3.02,9.19,2024-03-25
S103018,6.26,4.32,1.78,5.54,47.72,4.88,76.88,2,57.58,2.56,6.16,2024-03-04
S103019,7.69,7.05,0.53,5.52,26.81,3.21,16.76,1,70.26,3.1,0.23,2024-03-11
S103020,7.31,4.95,1.24,5.94,58.47,1.0,58.6,5,55.35,1.06,1.17,2024-03-08
S103021,8.35,7.08,0.92,8.86,0.0,6.87,39.08,1,68.07,2.09,1.92,2024-04-19
S103022,7.36,8.23,0.11,4.27,42.55,5.43,60.8,0,61.69,2.81,5.11,2024-02-20
S103023,5.94,1.71,0.12,5.18,54.22,8.45,75.2,1,56.01,0.29,2.48,2024-02-08
S103024,6.41,5.54,1.89,7.16,52.67,2.47,77.15,1,44.91,1.33,2.27,2024-03-26
S103025,4.01,9.66,0.41,4.17,33.88,2.42,93.49,3,52.88,3.18,9.88,2024-04-05
S103026,8.6,4.13,0.54,4.7,55.38,7.58,58.27,1,64.24,1.25,3.57,2024-03-18
S103027,5.46,4.32,0.25,5.37,46.46,6.39,84.44,1,45.76,0.93,0.7,2024-03-30
S103028,5.71,6.52,0.2,6.7,57.71,6.97,89.9,1,45.38,1.7,3.13,2024-03-02
S103029,8.82,7.48,0.83,10.0,35.75,5.43,43.93,0,54.68,5.25,6.84,2024-04-12
S103030,4.78,2.53,5.62,5.97,36.99,4.99,60.49,3,52.59,0.35,9.4,2024-02-09
S103031,5.42,8.71,0.6,4.94,64.73,6.1,31.25,2,43.37,5.14,3.96,2024-04-18
S103032,6.19,6.17,0.6,5.53,61.91,1.0,48.79,2,46.77,1.8,0.23,2024-04-29
S103033,5.47,6.47,0.45,5.88,58.38,7.32,77.1,1,48.49,5.52,0.05,2024-02-24
S103034,6.41,6.94,0.24,3.39,10.91,2.91,64.97,4,72.48,2.59,0.12,2024-08-03
S103035,6.62,5.85,1.3,8.41,15.48,4.81,76.84,2,58.29,1.49,2.87,2024-04-17
S103036,7.17,8.85,0.75,7.33,80.1,6.37,83.72,5,25.13,1.76,1.7,2024-03-06
S103037,6.13,6.0,3.29,7.88,60.8,7.12,74.72,3,40.15,2.17,15.82,2024-02-18
S103038,7.25,7.27,1.19,4.93,58.68,1.92,53.79,1,46.21,2.5,8.06,2024-04-18
S103039,5.82,6.505,0.85,6.18,29.23,4.36,42.63,2,51.77,1.58,5.26,2024-03-18
S103040,7.13,7.08,0.68,6.01,50.27,5.74,46.3,0,50.98,2.73,0.83,2024-04-12
S103041,7.92,6.69,5.41,4.61,34.96,8.56,83.08,0,67.39,26.75,4.22,2024-03-08
S103042,3.87,3.32,0.9,7.25,16.42,6.26,79.39,4,53.14,0.63,0.17,2024-02-05
S103043,5.97,8.3,0.78,4.27,53.67,5.17,55.09,1,48.73,1.72,15.59,2024-04-27
S103044,6.54,3.52,0.8,9.5,55.11,4.99,61.99,2,39.14,1.36,1.36,2024-03-08
S103045,3.65,7.91,0.72,7.41,32.16,9.4,78.71,1,43.05,1.87,2.92,2024-02-06
S103046,3.0,7.1,5.52,6.55,45.87,7.53,53.89,3,32.32,6.62,8.57,2024-04-18
S103047,6.72,3.77,0.77,10.0,68.99,7.95,73.03,1,28.75,1.32,0.09,2024-04-10
S103048,5.39,6.45,0.92,3.01,32.9,5.89,57.2,3,69.09,1.82,0.17,2024-03-11
S103049,7.38,5.51,2.57,4.79,38.26,3.45,61.09,2,60.65,1.31,0.11,2024-04-04
S103050,6.27,6.88,0.23,8.62,71.31,8.49,60.74,2,29.72,1.83,0.46,2024-04-22
S103051,6.27,4.23,0.3,3.17,49.21,6.29,51.83,2,60.37,0.64,0.1,2024-02-22
S103052,5.8,8.93,2.23,8.36,26.98,5.8,67.72,1,40.06,3.18,4.18,2024-03-31
S103053,6.43,6.77,1.53,7.34,33.64,5.19,71.61,1,56.32,2.26,15.94,2024-02-27
S103054,5.02,8.97,0.65,9.69,61.63,4.51,47.92,0,33.54,1.91,7.81,2024-04-20
S103055,5.57,4.98,0.67,8.03,39.29,6.44,41.29,1,42.36,2.15,11.56,2024-03-24
S103056,7.38,4.69,1.01,5.73,46.46,3.14,57.99,3,60.5,2.94,2.29,2024-04-23
S103057,5.93,7.32,0.4,8.63,60.4,5.61,26.73,2,36.17,3.12,19.96,2024-03-08
S103058,6.99,3.0,1.19,3.57,37.49,5.1,56.18,3,66.56,1.21,0.62,2024-02-06
S103059,6.27,4.84,2.26,5.22,25.52,7.67,60.36,0,63.91,1.18,5.9,2024-04-24
S103060,5.81,9.93,0.34,8.21,38.12,4.73,87.74,2,42.48,2.17,6.92,2024-03-09
S103061,4.94,4.93,2.19,5.96,37.22,4.3,64.13,1,53.22,19.74,4.6,2024-03-31
S103062,7.46,6.63,0.14,1.09,55.45,9.44,45.67,0,65.88,2.77,0.99,2024-02-04
S103063,5.13,2.92,1.78,8.58,29.92,8.27,82.91,2,48.34,0.8,2.49,2024-01-03
S103064,6.81,8.79,0.16,5.33,64.29,3.06,56.23,1,50.72,3.81,0.78,2024-03-27
S103065,4.12,3.49,2.11,6.74,32.38,8.58,75.24,1,48.91,0.72,6.69,2024-04-21
S103066,6.66,3.42,2.72,9.57,44.63,3.81,65.17,2,41.56,1.32,3.15,2024-03-30
S103067,6.82,6.93,1.12,6.51,53.53,8.72,39.67,3,48.82,1.74,17.07,2024-04-08
S103068,5.4,3.82,1.34,8.63,10.61,4.52,37.69,4,54.93,3.29,3.07,2024-04-03
S103069,4.03,6.505,0.24,6.38,42.66,4.11,51.01,0,45.43,2.61,1.19,2024-04-06
S103070,6.07,3.7,0.32,2.83,30.87,8.26,92.49,1,67.98,1.17,1.44,2024-02-26
S103071,6.43,6.99,0.87,8.03,37.88,2.71,52.6,3,49.88,1.62,7.01,2024-03-02
S103072,5.56,5.23,1.97,6.65,28.92,9.32,28.57,1,58.59,1.61,0.61,2024-02-17
S103073,5.34,7.47,1.68,8.17,69.36,7.27,93.94,2,33.49,7.78,0.15,2024-02-11
S103074,7.55,8.18,1.82,5.43,48.2,6.56,43.21,2,60.57,2.38,3.03,2024-04-24
S103075,6.13,7.71,5.34,4.85,34.07,5.12,100.0,2,64.67,2.29,1.67,2024-02-25
S103076,5.71,9.86,0.07,7.74,39.8,5.35,71.66,1,51.01,2.77,4.99,2024-03-03
S103077,7.46,6.65,0.1,1.0,51.61,2.79,51.07,2,73.39,7.43,2.54,2024-04-16
S103078,6.26,6.505,0.01,10.0,35.27,5.33,90.96,3,39.38,1.68,3.73,2024-02-18
S103079,5.31,5.62,0.59,3.24,33.71,9.31,77.82,1,57.79,5.59,2.3,2024-03-26
S103080,7.5,9.66,0.87,7.23,67.18,1.2,75.3,3,43.11,4.23,0.18,2024-03-06
S103081,5.78,8.59,5.72,7.04,92.93,5.57,71.86,3,33.58,3.01,0.29,2024-03-18
S103082,7.57,6.505,4.07,7.13,43.19,8.14,79.58,0,51.19,3.92,2.77,2024-04-22
S103083,5.35,14.0,1.37,10.0,20.73,6.18,72.76,1,44.44,6.47,9.57,2024-06-02
S103084,6.73,7.27,3.18,4.84,55.43,8.66,49.57,3,57.46,2.53,1.03,2024-02-16
S103085,8.0,8.02,6.39,8.13,31.78,2.85,98.74,0,64.09,3.1,1.09,2024-03-04
S103086,6.92,8.81,7.19,6.62,57.85,4.54,64.33,3,47.74,35.23,4.9,2024-04-17
S103087,6.98,8.91,2.13,6.87,41.14,7.84,36.71,2,54.57,1.82,12.7,2024-03-27
S103088,6.91,8.15,0.1,8.89,65.06,6.36,28.54,3,43.87,2.81,7.58,2024-02-17
S103089,7.48,8.25,2.95,5.39,32.68,6.94,65.77,1,64.72,2.07,2.56,2024-04-25
S103090,6.4,6.45,0.83,4.71,14.76,8.0,68.31,2,64.83,2.07,2.45,2024-03-15
S103091,6.91,5.04,2.11,4.39,67.64,3.53,48.61,2,49.05,1.37,0.68,2024-02-23
S103092,5.97,3.21,1.41,5.48,85.22,5.76,51.62,0,36.95,1.17,1.56,2024-12-03
S103093,8.97,6.71,3.48,2.84,2.86,2.6,28.74,2,85.72,1.3,0.55,2024-02-17
S103094,5.07,4.91,1.57,2.73,67.1,5.05,69.21,1,52.46,0.89,2.46,2024-04-04
S103095,7.43,2.9,0.21,6.36,86.39,6.12,90.2,3,39.56,11.61,10.67,2024-04-20
S103096,4.93,10.28,3.26,7.1,47.05,5.14,98.98,0,44.52,2.78,2.46,2024-04-04
S103097,7.03,9.2,0.46,5.95,37.11,4.9,56.96,1,55.4,3.08,14.22,2024-03-27
S103098,8.11,7.01,0.14,5.38,40.79,2.64,45.26,2,59.4,1.45,2.4,2024-11-04
S103099,4.77,3.49,0.19,3.43,25.65,5.08,62.17,3,66.94,1.5,2.53,2024-04-22
S103100,8.72,6.37,0.19,6.36,43.24,6.47,31.47,0,57.45,4.05,5.52,2024-04-08
S103101,4.96,6.7,0.5,5.86,44.16,6.91,63.3,0,43.81,1.43,1.84,2024-03-18
S103102,5.15,5.33,0.7,9.3,55.86,5.06,93.05,3,40.09,1.79,1.91,2024-04-23
S103103,6.73,10.1,0.12,7.29,51.76,4.31,65.79,0,48.92,4.49,6.38,2024-03-20
S103104,4.77,8.93,1.56,4.02,56.14,2.32,60.83,3,54.39,4.64,6.22,2024-12-02
S103105,7.64,6.505,3.71,3.73,42.13,3.81,70.57,1,70.03,1.54,5.45,2024-02-12
S103106,6.97,7.51,0.11,5.74,81.04,7.63,71.23,4,40.34,1.97,3.37,2024-02-14
S103107,3.0,2.38,1.43,8.29,24.28,2.56,52.39,0,46.47,0.89,7.8,2024-02-02
S103108,4.31,7.68,1.87,3.42,49.29,4.15,26.92,1,48.17,2.07,7.38,2024-02-29
S103109,5.29,8.24,0.39,7.45,52.89,6.38,83.77,3,42.77,1.03,18.62,2024-02-18
S103110,6.86,9.96,0.03,2.86,65.87,3.88,48.16,1,53.55,1.78,10.43,2024-04-28
S103111,4.8,0.32,0.77,2.17,52.22,6.61,52.39,3,58.53,0.35,15.38,2024-04-03
S103112,5.28,10.37,1.53,4.98,53.11,4.03,43.16,1,47.76,4.01,11.04,2024-02-11
S103113,7.14,4.21,0.79,3.64,28.18,1.0,56.88,2,68.0,1.1,6.39,2024-02-22
S103114,4.91,8.33,0.04,2.68,71.48,2.91,73.55,0,48.1,3.73,3.84,2024-02-02
S103115,6.69,4.09,0.72,6.91,47.98,1.0,100.0,1,46.95,0.87,2.44,2024-04-27
S103116,4.39,6.69,0.68,1.57,48.93,8.17,50.64,5,53.19,3.14,2.95,2024-02-17
S103117,7.66,7.82,2.78,4.83,54.85,6.74,60.51,0,62.41,1.5,13.01,2024-04-06
S103118,8.24,5.95,2.95,6.65,30.62,1.65,76.84,1,63.37,2.3,8.71,2024-02-25
S103119,4.69,7.87,1.59,8.15,68.34,4.22,79.23,0,26.71,2.97,6.77,2024-03-30
S103120,3.01,5.38,5.2,5.23,23.69,7.08,60.04,2,52.1,2.29,1.35,2024-02-13
S103121,3.95,4.81,1.27,3.42,44.25,8.58,52.23,2,53.1,1.24,6.08,2024-02-16
S103122,7.6,4.55,3.0,6.83,66.17,4.35,73.3,2,38.43,1.82,1.95,2024-04-16
S103123,5.48,2.77,3.7,3.54,55.83,10.0,28.42,0,55.4,1.18,7.92,2024-02-26
S103124,7.72,6.505,0.05,10.0,61.24,4.03,67.35,4,40.67,4.65,6.07,2024-02-04
S103125,4.42,5.05,1.32,4.85,49.26,8.44,61.42,2,49.15,20.21,0.77,2024-02-26
S103126,4.97,10.33,2.52,8.09,77.57,4.13,78.47,2,21.77,3.07,3.44,2024-04-18
S103127,6.1,5.3,1.75,10.0,2.28,9.46,24.05,3,56.33,3.11,4.02,2024-04-12
S103128,7.74,9.5,0.51,7.54,25.36,1.0,42.72,1,67.39,4.84,3.64,2024-05-03
S103129,5.96,0.0,2.51,8.61,21.15,3.27,62.24,3,61.8,0.0,2.67,2024-02-29
S103130,4.84,7.64,0.04,4.05,22.73,6.75,54.34,4,61.93,2.08,5.96,2024-04-25
S103131,6.68,7.26,2.0,7.88,51.76,7.22,91.95,1,36.25,1.88,5.19,2024-03-27
S103132,6.38,9.3,0.52,6.29,42.45,4.48,100.0,0,50.17,4.78,0.29,2024-04-02
S103133,6.95,10.98,1.87,8.41,38.52,4.71,47.9,1,56.26,11.15,2.08,2024-04-03
S103134,6.02,7.62,2.42,3.13,33.93,1.31,72.82,2,69.22,3.47,7.41,2024-02-13
S103135,5.4,10.65,0.09,4.74,40.64,3.34,43.38,1,54.3,1.72,1.04,2024-04-02
S103136,6.29,5.68,0.53,6.76,58.48,6.73,50.24,1,50.49,1.27,3.12,2024-04-23
S103137,3.0,5.24,0.7,7.61,44.14,7.14,68.64,3,36.48,2.3,6.74,2024-03-07
S103138,6.63,9.17,0.49,3.52,10.74,5.86,66.49,1,75.38,2.0,7.87,2024-02-29
S103139,7.96,7.26,0.08,3.73,26.49,5.41,30.83,7,67.87,2.26,3.72,2024-03-27
S103140,7.02,9.32,8.0,4.6,28.1,3.06,53.7,3,65.08,4.82,0.93,2024-03-08
S103141,4.95,4.38,0.35,7.06,21.55,6.08,21.22,3,57.43,3.48,10.51,2024-03-18
S103142,4.14,5.76,0.52,4.74,66.65,5.2,33.77,0,41.37,1.88,2.6,2024-03-09
S103143,8.08,7.21,0.05,5.55,45.7,5.66,77.57,1,60.98,2.58,2.61,2024-04-18
S103144,5.56,6.49,0.7,10.0,0.0,10.0,61.97,2,59.13,1.59,1.41,2024-04-15
S103145,5.97,8.81,0.27,8.04,59.3,6.44,56.09,3,36.25,9.41,2.58,2024-12-02
S103146,6.57,13.77,2.77,4.99,63.69,6.91,62.33,0,47.23,6.12,2.9,2024-03-02
S103147,5.44,6.12,0.72,1.7,51.21,9.06,86.96,2,57.52,1.66,0.59,2024-03-23
S103148,6.32,10.12,0.22,10.0,91.27,7.18,56.32,1,25.47,2.06,1.25,2024-11-04
S103149,8.33,5.96,2.07,3.56,52.51,6.17,64.95,1,58.78,1.38,1.33,2024-04-27
S103150,5.57,2.89,3.4,4.69,50.95,5.59,95.43,5,50.15,0.89,17.3,2024-02-03
S103151,8.91,2.82,0.21,4.91,60.79,5.63,54.98,2,53.82,0.7,0.19,2024-02-23
S103152,6.79,4.15,0.65,5.22,64.76,5.89,52.73,3,49.51,0.79,3.52,2024-03-16
S103153,6.7,1.36,0.64,6.96,19.43,5.67,66.44,1,65.76,0.49,7.09,2024-03-20
S103154,7.57,6.505,1.04,10.0,84.36,1.53,76.44,2,29.94,1.14,3.29,2024-02-27
S103155,7.54,8.19,1.85,4.15,44.27,4.65,26.71,2,66.2,2.08,1.94,2024-04-13
S103156,7.72,0.92,1.27,5.94,72.51,6.44,52.89,2,43.86,0.14,9.22,2024-03-17
S103157,7.03,5.5,0.0,4.21,33.19,2.42,66.56,2,60.81,0.92,2.94,2024-03-24
S103158,5.46,3.34,1.76,9.43,24.71,5.47,59.47,2,49.4,0.94,3.18,2024-02-11
S103159,8.52,9.67,2.66,6.9,62.26,7.13,37.91,3,45.48,13.36,0.84,2024-04-22
S103160,6.06,9.71,0.76,7.95,66.86,5.7,53.23,1,40.77,3.34,12.38,2024-04-03
S103161,5.11,7.34,4.14,6.16,36.88,9.13,24.23,1,57.35,4.73,2.12,2024-02-06
S103162,7.5,6.67,0.48,8.68,31.65,3.2,86.68,1,54.27,2.26,0.74,2024-02-05
S103163,7.16,5.42,0.59,4.53,47.53,4.14,64.12,2,58.48,2.42,2.57,2024-02-04
S103164,6.22,6.22,0.6,6.73,41.03,8.18,33.55,4,49.62,12.67,6.27,2024-01-02
S103165,6.37,6.505,1.34,9.45,52.89,6.35,78.7,5,36.46,2.37,0.49,2024-03-06
S103166,7.07,8.12,1.61,5.72,36.54,1.0,51.62,2,59.1,1.6,2.35,2024-03-01
S103167,8.93,7.17,0.39,4.51,35.66,7.42,50.21,3,70.42,2.41,2.25,2024-02-19
S103168,6.16,11.12,2.63,3.81,97.7,10.0,70.69,1,38.99,4.03,7.13,2024-04-13
S103169,4.53,7.04,0.34,4.71,20.06,8.66,50.73,5,60.49,2.02,0.53,2024-02-04
S103170,5.48,7.35,3.57,9.8,63.55,5.86,43.77,2,25.47,7.36,8.62,2024-02-15
S103171,6.97,5.39,4.42,6.64,31.22,7.82,38.43,5,58.48,1.64,1.7,2024-03-01
S103172,5.99,2.48,4.24,2.98,32.83,4.79,34.53,0,63.31,0.65,1.56,2024-03-24
S103173,5.35,6.73,0.9,4.3,70.06,8.53,51.09,2,40.03,1.66,2.49,2024-02-13
S103174,7.27,5.47,0.33,5.99,50.12,2.53,58.04,4,51.0,0.9,0.69,2024-03-09
S103175,7.29,8.67,1.16,7.53,39.39,6.75,48.78,0,52.6,3.81,12.44,2024-03-05
S103176,5.98,2.99,0.11,5.56,38.57,5.31,58.3,2,57.22,1.88,1.19,2024-04-13
S103177,6.66,3.15,0.27,3.21,30.37,6.66,27.26,2,73.06,0.55,0.32,2024-03-04
S103178,5.39,6.47,0.66,3.93,38.92,7.43,41.59,0,54.94,1.12,2.03,2024-02-28
S103179,5.42,4.53,2.21,5.24,39.21,5.06,53.55,2,54.54,2.31,0.33,2024-02-14
S103180,5.79,5.05,1.36,2.98,43.12,4.21,73.14,2,56.15,1.11,0.64,2024-08-02
S103181,4.38,6.43,4.6,8.3,35.29,6.53,31.89,1,40.13,2.34,0.75,2024-03-20
S103182,6.73,3.89,0.67,9.88,20.89,3.8,68.85,3,45.5,1.12,0.4,2024-02-02
S103183,6.15,6.02,1.09,7.36,19.01,3.15,46.29,2,58.91,1.23,3.7,2024-03-28
S103184,5.56,11.07,1.8,5.91,44.96,10.0,72.93,1,54.32,3.66,2.43,2024-04-03
S103185,6.4,6.59,0.92,3.11,47.21,4.86,77.97,2,65.38,2.99,2.52,2024-04-23
S103186,6.44,5.53,5.19,7.73,30.06,1.52,57.49,2,51.46,2.88,1.06,2024-02-23
S103187,5.22,6.87,2.61,4.62,60.98,1.25,33.19,0,54.53,1.61,4.5,2024-04-05
S103188,5.43,4.55,0.54,3.08,19.68,5.95,47.14,3,62.1,0.71,8.36,2024-04-19
S103189,5.15,7.47,2.19,8.91,66.96,4.78,70.31,0,24.72,9.4,4.11,2024-02-12
S103190,8.11,8.71,1.5,7.23,62.43,1.87,58.33,3,48.4,2.17,6.2,2024-04-13
S103191,3.92,5.0,1.66,7.61,37.87,4.83,28.0,5,35.91,2.41,13.19,2024-04-13
S103192,6.12,5.15,0.12,5.0,29.0,4.41,39.1,1,60.91,1.25,6.15,2024-02-21
S103193,7.38,7.59,2.43,4.97,40.76,4.41,76.12,2,60.06,2.44,2.05,2024-03-19
S103194,4.73,2.1,0.61,9.41,28.37,4.9,70.03,5,42.69,8.38,4.32,2024-03-20
S103195,4.89,9.7,4.12,3.96,0.93,4.02,47.7,4,70.93,2.54,4.26,2024-04-11
S103196,4.86,4.49,0.53,2.05,36.3,4.25,55.56,0,55.32,1.25,3.58,2024-02-27
S103197,3.72,1.63,3.99,10.0,33.02,3.83,43.22,2,33.4,0.54,3.72,2024-02-27
S103198,7.83,6.54,0.06,8.71,61.46,3.14,72.37,1,46.11,1.2,1.95,2024-03-02
S103199,5.84,3.64,0.33,7.9,55.95,4.34,83.57,0,37.91,0.88,3.26,2024-04-16
S103200,4.63,6.505,1.11,4.83,59.87,7.9,71.62,2,44.97,11.52,10.36,2024-06-02
S103201,5.27,3.82,2.49,5.31,81.61,1.97,44.77,1,33.66,1.31,16.83,2024-03-02
S103202,6.37,6.3,0.32,5.14,40.19,3.38,100.0,1,58.64,1.14,0.3,2024-12-02
S103203,5.67,7.44,2.25,5.76,58.66,8.14,78.21,3,48.72,4.03,0.86,2024-01-03
S103204,4.88,1.66,1.29,5.67,61.33,4.59,58.57,3,43.65,0.54,10.4,2024-03-02
S103205,6.81,6.22,1.43,7.06,46.14,4.22,57.24,3,48.79,24.87,1.98,2024-04-01
S103206,4.88,3.91,1.47,4.87,21.27,10.0,69.06,0,59.88,1.02,0.46,2024-04-18
S103207,5.56,5.61,0.95,5.78,53.71,4.14,79.43,5,41.85,1.34,2.46,2024-02-25
S103208,6.34,7.77,0.42,5.41,40.51,5.33,52.03,2,62.49,1.35,1.23,2024-04-25
S103209,5.09,7.03,0.86,7.12,64.44,4.74,42.94,1,41.54,1.22,20.0,2024-03-25
S103210,6.2,9.19,1.34,4.71,80.44,6.47,63.38,3,40.97,6.12,4.58,2024-02-08
S103211,5.2,3.9,0.27,3.7,70.43,8.02,86.02,1,43.96,1.96,14.7,2024-03-30
S103212,9.77,6.42,0.21,6.97,51.35,7.03,50.81,1,44.92,2.29,4.04,2024-02-09
S103213,5.52,7.39,2.34,6.61,68.07,4.51,51.14,4,42.01,1.97,3.14,2024-03-29
S103214,7.03,4.75,0.15,6.14,44.71,6.28,48.66,4,50.29,2.32,0.23,2024-07-04
S103215,4.89,4.24,1.29,7.88,36.46,9.32,37.66,5,43.63,1.29,4.11,2024-03-22
S103216,4.53,2.49,0.16,2.83,46.87,1.96,40.78,0,57.23,0.49,2.85,2024-03-03
S103217,5.9,2.72,0.36,6.7,39.95,2.4,47.15,3,52.25,0.76,7.69,2024-02-13
S103218,5.59,10.94,0.23,5.69,57.94,4.68,74.13,1,48.49,3.11,1.71,2024-02-21
S103219,5.6,4.74,0.93,2.51,21.9,3.4,31.46,3,69.96,3.54,3.39,2024-03-10
S103220,6.02,6.54,0.65,6.3,22.59,7.1,56.23,2,66.58,1.68,1.47,2024-03-26
S103221,7.29,6.76,0.2,6.86,61.07,3.56,100.0,3,48.79,2.47,0.35,2024-03-25
S103222,8.71,5.31,0.75,5.43,19.8,2.93,39.35,2,75.12,2.67,12.59,2024-04-20
S103223,8.85,6.73,0.36,6.77,45.64,7.1,91.7,4,55.68,1.43,0.09,2024-03-10
S103224,6.14,7.57,0.4,6.01,47.72,7.26,89.99,2,51.59,9.15,1.91,2024-02-14
S103225,8.59,4.46,6.14,3.78,16.62,4.29,47.86,1,76.21,0.82,1.51,2024-03-29
S103226,8.4,9.4,2.88,7.17,22.23,5.06,14.96,1,72.53,4.11,7.88,2024-02-17
S103227,5.18,6.75,0.02,10.0,59.01,4.23,60.8,2,24.82,1.44,0.71,2024-03-13
S103228,5.37,5.33,1.65,1.0,50.77,1.69,52.23,1,61.79,3.09,9.34,2024-03-29
S103229,5.89,5.74,1.55,2.54,39.2,5.01,73.29,0,63.23,2.47,4.06,2024-04-10
S103230,8.74,9.37,1.44,5.83,4.27,3.99,37.71,1,83.67,6.88,3.83,2024-04-07
S103231,5.83,10.34,0.05,3.64,58.79,5.5,40.25,1,53.85,3.6,5.45,2024-03-11
S103232,5.69,6.505,1.57,8.43,51.06,5.81,67.5,1,40.25,2.79,2.62,2024-04-19
S103233,7.94,7.47,1.98,4.47,53.81,4.69,24.36,1,63.32,29.87,1.15,2024-03-14
S103234,5.76,4.93,0.04,9.26,40.34,7.86,83.13,1,49.3,2.52,1.35,2024-03-04
S103235,5.8,6.505,1.43,6.34,76.35,5.01,49.07,2,37.83,0.81,1.15,2024-02-06
S103236,6.83,6.28,1.16,6.85,38.38,7.47,64.17,4,53.59,1.22,2.95,2024-02-27
S103237,6.24,7.44,1.45,4.95,4.74,4.58,59.13,3,70.17,3.54,19.52,2024-03-10
S103238,3.0,11.26,0.07,5.24,16.86,10.0,68.76,3,56.23,45.03,1.37,2024-02-01
S103239,4.27,4.12,0.35,7.5,44.4,6.8,61.34,2,41.0,0.95,6.46,2024-03-17
S103240,6.97,3.6,0.7,2.13,14.76,5.96,80.19,2,81.15,4.05,1.43,2024-02-04
S103241,4.0,1.22,0.78,6.9,21.61,9.17,21.46,3,44.9,0.83,7.61,2024-04-22
S103242,7.68,2.96,8.0,4.88,49.37,4.27,57.51,3,55.64,1.09,5.45,2024-03-15
S103243,5.89,7.88,2.7,1.41,18.8,6.57,51.44,1,82.12,2.97,1.14,2024-10-04
S103244,6.33,7.7,0.54,8.29,56.99,6.91,55.61,1,36.2,2.28,2.83,2024-03-31
S103245,6.37,10.9,3.36,7.23,55.16,5.24,77.23,3,43.1,5.58,4.61,2024-02-20
S103246,3.5,8.73,0.12,2.94,25.04,7.43,42.67,4,55.94,2.86,4.8,2024-02-11
S103247,5.0,6.01,0.11,5.77,60.55,5.74,29.72,1,46.58,1.65,0.84,2024-03-19
S103248,4.53,8.02,0.74,7.83,20.82,6.01,67.4,0,48.46,4.83,9.82,2024-08-03
S103249,6.31,9.93,1.37,3.98,52.15,5.15,50.6,2,55.33,4.1,1.36,2024-04-17
S103250,8.1,2.4,1.14,4.35,9.13,5.79,65.56,2,73.58,0.65,6.1,2024-02-26
S103251,5.67,1.53,0.31,4.51,10.9,3.06,81.03,2,70.44,6.13,3.03,2024-03-11
S103252,6.08,7.23,0.0,5.15,33.65,3.23,60.84,2,61.77,1.12,4.9,2024-02-29
S103253,3.28,7.68,1.68,4.93,41.66,3.16,70.29,3,47.25,2.13,5.43,2024-04-11
S103254,5.47,1.73,1.88,4.61,3.66,2.82,62.11,2,60.74,0.49,3.4,2024-04-04
S103255,5.65,5.35,0.04,5.7,43.08,5.11,44.84,4,48.79,0.86,4.52,2024-03-20
S103256,5.73,3.35,1.74,4.55,54.71,5.07,55.58,1,52.07,2.2,11.23,2024-02-01
S103257,6.82,7.22,0.6,7.37,42.25,3.46,26.1,1,52.3,5.32,0.3,2024-03-25
S103258,7.93,9.9,2.16,6.6,62.57,3.99,54.15,3,51.38,3.12,0.7,2024-02-12
S103259,5.97,8.66,1.45,10.0,31.63,8.15,72.24,3,42.67,1.84,4.54,2024-02-15
S103260,6.53,9.56,0.98,3.62,28.22,6.54,64.44,2,68.85,7.34,3.73,2024-04-02
S103261,3.83,5.36,0.95,2.34,32.11,5.11,95.42,3,58.13,2.77,1.23,2024-02-01
S103262,6.83,4.73,0.47,5.67,5.13,10.0,57.15,0,67.29,1.65,3.62,2024-02-05
S103263,6.04,9.01,1.54,9.53,63.09,4.76,23.6,1,35.53,4.37,3.61,2024-02-09
S103264,3.57,4.91,0.53,7.19,60.66,9.62,54.22,1,28.28,1.13,0.95,2024-10-04
S103265,6.46,6.69,1.8,4.03,46.74,6.52,47.8,3,57.92,2.42,1.78,2024-03-03
S103266,5.08,8.0,0.99,9.79,30.68,3.84,52.83,3,46.38,2.34,1.29,2024-03-22
S103267,7.39,3.67,1.51,6.01,46.38,4.4,66.79,4,55.1,2.29,2.56,2024-02-18
S103268,6.63,0.93,3.37,6.32,52.0,5.36,57.37,2,42.98,0.19,2.8,2024-03-29
S103269,6.11,9.46,0.94,5.66,42.48,2.6,50.32,2,56.07,2.12,0.69,2024-09-03
S103270,8.38,6.11,0.67,5.95,47.5,3.43,68.46,0,60.57,3.09,1.34,2024-03-25
S103271,5.78,8.53,4.41,5.78,42.43,7.6,74.14,1,52.26,34.13,10.22,2024-03-16
S103272,5.57,7.61,1.03,4.67,48.13,7.75,52.28,2,56.51,5.74,4.09,2024-11-02
S103273,6.05,2.36,1.14,3.5,26.86,6.92,64.21,3,68.86,0.61,1.81,2024-04-03
S103274,6.17,7.09,1.58,1.0,23.26,9.33,49.98,2,76.83,2.18,9.35,2024-02-13
S103275,4.83,4.97,0.59,9.62,47.72,10.0,49.75,3,27.56,1.83,0.96,2024-02-17
S103276,6.8,5.78,0.13,6.76,31.36,5.57,53.37,3,62.21,2.54,3.39,2024-02-18
S103277,6.6,5.03,1.73,7.02,48.17,10.0,56.01,0,51.69,1.26,0.36,2024-02-12
S103278,5.29,6.38,1.94,6.95,34.13,8.05,84.22,3,58.52,2.05,2.16,2024-03-30
S103279,3.86,7.24,0.16,4.91,13.23,4.61,51.88,4,61.58,2.42,5.47,2024-03-09
S103280,7.7,4.43,1.69,7.43,90.28,5.38,69.7,1,29.56,1.8,0.35,2024-06-02
S103281,7.86,6.505,1.99,4.53,12.83,4.39,48.82,1,78.87,4.2,6.47,2024-03-14
S103282,7.29,11.31,0.11,4.02,26.92,4.13,9.2,1,70.24,10.81,0.74,2024-03-09
S103283,7.42,6.06,0.24,6.65,45.15,2.73,47.95,3,56.59,2.21,18.63,2024-03-31
S103284,8.56,10.19,2.55,5.45,55.96,10.0,67.28,3,62.85,3.5,5.34,2024-02-13
S103285,6.55,6.14,3.68,6.25,49.47,7.02,77.76,2,44.27,1.39,6.99,2024-02-15
S103286,8.36,5.44,1.01,6.69,33.03,2.45,30.84,2,63.03,3.38,1.89,2024-03-25
S103287,5.91,4.25,0.47,6.8,34.56,7.16,62.97,1,56.23,2.47,0.52,2024-03-15
S103288,4.92,9.66,3.32,8.96,42.6,7.76,45.66,1,38.02,3.39,4.3,2024-02-16
S103289,6.16,6.1,0.59,5.73,38.22,2.23,66.75,1,62.22,8.56,3.77,2024-02-26
S103290,5.71,4.43,0.91,7.13,68.91,6.3,62.59,1,38.14,1.0,3.81,2024-02-25
S103291,6.83,9.1,0.23,7.75,42.88,5.1,100.0,5,45.29,3.1,5.69,2024-03-03
S103292,8.68,5.73,1.01,10.0,48.14,4.61,62.44,2,39.1,1.08,0.59,2024-02-09
S103293,6.75,7.15,5.37,3.75,42.93,4.09,78.57,2,70.01,1.73,1.18,2024-03-08
S103294,7.62,2.01,4.83,6.62,43.43,8.42,54.97,1,62.54,0.45,0.3,2024-04-20
S103295,9.13,4.39,1.82,3.39,53.26,5.01,69.94,2,64.63,1.79,4.22,2024-02-15
S103296,8.68,6.505,1.87,7.58,59.24,9.67,65.48,1,52.47,1.95,3.7,2024-03-07
S103297,6.31,7.93,1.16,4.52,8.72,3.13,41.23,3,69.57,1.6,1.15,2024-03-03
S103298,5.25,7.78,0.58,8.57,33.35,8.14,49.54,2,41.12,1.14,0.14,2024-04-26
S103299,9.15,6.99,1.47,3.98,26.91,8.65,57.93,1,73.55,1.64,0.44,2024-04-21
S103300,4.7,5.06,1.53,4.68,36.86,10.0,53.26,0,57.13,20.24,0.86,2024-04-16
S103301,3.66,9.8,1.74,10.0,55.04,4.23,62.79,0,29.51,3.5,8.64,2024-04-15
S103302,3.42,5.91,0.96,6.61,59.53,5.76,41.43,1,35.82,1.7,8.41,2024-02-18
S103303,7.83,5.86,0.2,6.89,22.9,5.34,74.64,2,63.91,1.54,2.38,2024-03-31
S103304,4.15,2.81,2.97,9.72,63.93,3.42,72.48,3,34.52,0.68,4.04,2024-03-22
S103305,5.85,8.57,0.62,7.84,68.04,8.76,45.37,2,31.77,34.27,5.13,2024-02-26
S103306,6.02,8.75,0.45,8.03,36.17,6.85,28.51,1,44.49,2.32,1.3,2024-03-29
S103307,8.02,9.49,0.02,8.51,44.5,7.13,51.11,0,43.17,3.96,5.23,2024-03-06
S103308,4.29,4.75,4.33,6.21,69.2,3.17,70.05,3,37.07,1.66,2.52,2024-03-02
S103309,6.28,9.76,0.2,7.98,68.68,4.68,57.13,3,36.17,6.45,6.46,2024-02-10
S103310,6.63,7.47,0.8,1.0,54.88,2.95,39.92,1,69.85,2.29,1.77,2024-02-21
S103311,8.17,1.51,0.12,6.38,56.07,7.79,52.3,3,52.22,0.51,3.49,2024-03-27
S103312,5.87,6.87,0.55,3.59,52.17,5.99,46.62,2,63.5,5.69,7.33,2024-03-16
S103313,6.59,5.2,2.49,3.26,56.58,5.1,85.29,2,53.63,3.27,0.11,2024-04-01
S103314,5.82,7.91,2.63,6.14,47.36,5.38,78.68,4,46.69,2.61,1.83,2024-04-13
S103315,7.73,4.0,0.7,3.01,36.23,6.15,83.88,2,67.1,1.24,3.8,2024-02-13
S103316,7.53,3.17,4.72,4.07,52.27,5.9,57.26,2,61.02,0.73,2.25,2024-04-04
S103317,5.67,5.61,3.17,5.67,49.7,6.23,79.75,1,43.19,4.09,4.34,2024-08-04
S103318,6.98,12.56,0.31,3.96,51.01,5.17,88.09,2,57.59,2.71,0.88,2024-04-25
S103319,4.15,5.36,0.15,3.25,20.81,4.51,81.9,4,62.04,0.96,0.2,2024-03-10
S103320,6.31,4.89,1.19,1.69,69.88,5.42,51.74,1,59.13,0.95,0.79,2024-03-23
S103321,4.99,4.14,1.01,6.5,62.7,3.58,62.18,1,37.53,1.04,2.29,2024-04-19
S103322,5.64,2.46,0.59,6.66,40.04,4.18,79.52,3,51.11,0.71,4.84,2024-03-11
S103323,7.63,4.17,0.02,5.47,45.21,6.26,65.92,2,50.81,1.27,1.31,2024-04-22
S103324,9.23,8.19,0.53,8.06,58.13,6.8,66.91,1,45.23,3.13,0.6,2024-03-27
S103325,6.52,2.93,0.94,6.55,35.63,4.29,32.58,0,51.24,1.14,2.59,2024-03-22
S103326,6.04,4.77,1.19,6.9,51.04,9.05,56.24,4,47.58,1.66,13.95,2024-02-15
S103327,5.77,5.26,3.21,7.01,22.29,5.35,52.02,1,52.07,1.39,3.48,2024-02-17
S103328,7.28,7.79,1.98,7.89,18.39,7.17,53.85,1,59.57,2.02,9.04,2024-03-08
S103329,5.99,6.16,5.47,7.78,49.89,5.94,92.56,2,44.04,2.21,6.5,2024-02-26
S103330,7.61,5.41,2.8,5.23,69.9,6.41,55.62,0,52.88,0.99,0.78,2024-03-10
S103331,8.39,11.37,1.83,6.71,16.1,6.14,31.07,2,66.73,6.44,1.2,2024-04-18
S103332,7.11,10.34,1.25,5.61,45.2,7.76,63.75,4,58.04,2.09,2.82,2024-02-16
S103333,5.7,7.93,1.41,8.34,46.35,5.82,39.39,1,44.22,2.45,2.7,2024-04-28
S103334,7.31,4.21,2.22,5.92,61.77,6.86,56.6,1,48.42,0.77,2.13,2024-02-14
S103335,5.28,6.49,0.62,5.2,18.37,4.83,83.21,3,60.35,11.2,5.97,2024-02-18
S103336,3.79,1.42,0.25,7.4,72.15,4.08,60.49,2,25.85,0.57,2.37,2024-03-17
S103337,7.84,1.83,1.34,8.91,64.32,3.5,56.15,1,48.54,0.49,1.17,2024-03-24
S103338,8.92,4.2,0.23,9.27,60.66,1.0,61.13,2,46.89,0.61,1.95,2024-03-25
S103339,8.09,6.06,0.08,10.0,74.54,8.8,72.54,1,37.71,5.78,0.46,2024-04-27
S103340,5.74,7.43,1.68,1.0,54.03,6.92,76.12,3,64.89,2.19,0.35,2024-01-03
S103341,3.0,5.44,0.9,5.22,54.18,4.15,71.0,2,39.03,1.03,3.25,2024-03-18
S103342,5.22,2.62,2.4,4.34,62.03,4.61,43.19,1,49.35,0.88,6.85,2024-04-01
S103343,7.11,5.94,0.53,7.02,26.5,2.16,72.03,4,61.12,1.39,1.48,2024-12-02
S103344,5.69,5.95,4.29,5.2,8.32,3.05,77.49,2,72.71,3.52,0.25,2024-04-21
S103345,8.18,7.79,0.76,9.9,51.57,6.02,76.51,1,39.06,3.02,0.84,2024-03-13
S103346,5.1,8.66,0.81,6.22,56.01,4.49,37.1,1,42.32,18.53,3.07,2024-03-19
S103347,6.93,7.79,0.22,3.77,46.31,2.62,45.66,4,64.74,1.82,4.45,2024-04-01
S103348,6.55,9.63,0.17,4.0,59.08,5.42,56.95,2,57.54,5.88,6.64,2024-03-13
S103349,6.59,7.7,0.2,6.51,36.47,5.02,43.84,1,58.22,1.9,1.4,2024-04-25
S103350,4.26,6.52,1.26,2.85,70.42,5.76,61.21,0,46.37,1.49,8.05,2024-02-21
S103351,6.08,8.94,0.85,2.63,88.73,8.63,51.66,2,44.5,1.52,1.17,2024-02-29
S103352,6.59,7.36,0.3,5.72,27.16,2.31,63.89,0,55.02,3.17,5.1,2024-04-15
S103353,5.66,2.44,1.33,6.82,56.09,6.39,9.75,0,43.64,0.65,0.37,2024-03-03
S103354,4.39,8.33,0.23,5.23,57.19,7.69,52.34,1,41.07,2.46,0.4,2024-03-15
S103355,5.54,7.96,0.22,8.43,31.84,5.92,72.91,2,44.71,4.95,5.86,2024-04-02
S103356,4.88,4.0,3.75,8.35,48.88,6.98,55.07,2,38.38,7.89,2.53,2024-03-27
S103357,6.7,8.65,0.66,3.37,65.47,3.23,78.26,2,59.65,1.56,0.79,2024-02-23
S103358,7.57,3.42,0.29,8.24,47.53,1.06,76.58,3,50.23,0.87,13.96,2024-03-01
S103359,6.67,11.56,0.85,10.0,37.82,5.2,50.43,2,43.13,3.54,2.14,2024-02-06
S103360,6.73,0.7,1.35,4.33,69.98,5.78,76.5,1,42.67,0.32,6.74,2024-02-16
S103361,5.96,7.4,0.41,1.0,41.56,5.47,94.04,3,67.82,4.12,3.72,2024-02-18
S103362,6.48,4.74,4.38,5.41,33.35,1.29,71.16,2,65.75,4.32,6.01,2024-02-06
S103363,3.48,5.55,3.38,7.05,29.76,5.67,84.58,2,45.61,2.04,0.9,2024-11-02
S103364,6.31,8.12,4.03,7.86,22.16,1.0,74.98,1,59.33,1.18,0.05,2024-12-04
S103365,7.45,8.25,4.53,4.7,66.57,3.23,81.48,2,55.46,1.73,0.91,2024-02-27
S103366,5.47,8.69,0.81,10.0,50.72,7.38,76.49,1,38.17,1.97,0.15,2024-04-24
S103367,7.18,9.58,1.11,7.02,20.84,5.64,57.81,1,62.35,2.07,3.2,2024-01-03
S103368,4.09,3.81,0.15,6.38,58.06,3.18,53.01,1,44.87,1.46,1.22,2024-02-09
S103369,6.27,5.98,0.08,6.84,34.01,9.29,69.49,1,55.89,1.13,7.65,2024-04-26
S103370,5.94,5.71,0.41,6.15,34.3,5.92,37.25,1,60.96,1.41,3.59,2024-04-20
S103371,6.85,6.62,0.35,5.97,28.51,3.44,61.2,1,55.15,1.46,0.02,2024-03-29
S103372,6.4,1.34,4.33,4.26,54.46,7.78,62.72,3,55.33,0.38,2.58,2024-03-19
S103373,9.32,9.33,0.87,7.08,71.33,7.8,87.04,2,40.65,4.31,2.74,2024-04-10
S103374,3.0,7.75,0.65,3.06,43.56,3.93,87.73,3,49.14,2.22,2.34,2024-02-17
S103375,4.16,8.54,2.5,6.51,93.21,5.95,82.31,3,32.87,2.92,4.34,2024-03-23
S103376,5.25,7.68,2.65,5.04,33.45,7.05,66.98,1,63.55,3.1,5.1,2024-02-14
S103377,6.33,4.66,0.07,6.12,43.83,9.32,64.08,1,55.55,18.65,0.11,2024-02-22
S103378,5.29,4.17,3.08,2.57,38.92,5.56,41.04,0,56.87,1.27,4.29,2024-04-08
S103379,5.25,4.79,3.95,7.63,17.4,3.36,45.76,3,55.66,3.8,15.19,2024-02-02
S103380,3.98,2.43,0.52,4.56,44.55,5.32,76.66,2,53.96,1.75,1.31,2024-03-10
S103381,4.29,4.28,0.42,7.01,18.52,1.58,24.21,1,55.92,2.36,5.51,2024-04-02
S103382,4.97,5.57,0.93,6.58,29.62,1.7,67.57,2,65.02,1.37,1.89,2024-02-24
S103383,8.33,6.71,2.47,1.0,31.1,1.0,44.77,3,73.66,2.7,0.39,2024-02-27
S103384,5.05,4.81,1.67,1.0,30.56,3.4,45.18,3,69.72,2.04,4.78,2024-04-13
S103385,10.0,10.97,2.97,9.4,63.1,4.09,24.67,2,46.38,6.53,12.87,2024-03-30
S103386,7.69,4.85,0.9,7.88,53.27,3.96,80.82,1,46.2,1.38,5.89,2024-02-13
S103387,5.79,6.9,1.25,8.6,57.11,5.71,56.3,1,35.44,3.69,4.9,2024-03-12
S103388,7.34,6.97,0.25,7.95,44.71,8.26,47.89,1,50.09,9.43,9.78,2024-04-11
S103389,7.63,6.505,0.37,7.96,48.8,8.01,21.92,2,52.48,1.95,4.65,2024-02-26
S103390,4.51,7.18,0.86,5.43,38.48,9.08,59.21,3,52.67,28.72,6.69,2024-04-05
S103391,3.91,1.83,2.47,8.71,78.43,5.68,80.31,0,23.9,0.78,6.91,2024-02-11
S103392,8.26,4.96,0.76,10.0,61.96,1.53,56.7,3,42.9,5.48,19.29,2024-02-19
S103393,4.85,4.64,1.13,7.43,21.56,2.51,39.62,2,48.63,12.57,0.11,2024-04-01
S103394,7.42,5.07,3.03,3.53,33.66,4.59,82.15,3,62.75,1.09,0.63,2024-02-03
S103395,7.15,7.59,0.72,3.74,56.98,3.33,63.55,1,55.91,1.42,9.33,2024-03-26
S103396,3.85,9.74,0.63,1.17,19.25,7.8,100.0,0,69.05,7.31,11.65,2024-02-23
S103397,7.11,6.96,2.73,6.99,57.73,6.72,70.82,2,50.38,27.86,0.91,2024-03-14
S103398,6.99,8.23,0.6,5.27,23.4,7.96,70.37,1,64.76,5.64,0.24,2024-01-04
S103399,8.0,5.01,0.29,5.27,67.16,3.87,48.42,5,53.29,2.42,4.02,2024-03-09
S103400,6.15,6.505,2.05,5.38,32.66,10.0,80.45,3,62.02,2.36,8.61,2024-04-18
S103401,6.84,6.75,0.96,3.68,30.32,7.8,100.0,2,64.77,3.12,2.43,2024-02-19
S103402,6.73,3.92,2.32,6.36,51.54,5.97,63.85,1,50.94,1.19,7.6,2024-02-12
S103403,5.87,6.88,0.28,7.02,43.6,6.06,60.66,0,48.98,2.32,5.78,2024-04-20
S103404,8.5,9.04,0.81,5.92,15.48,7.13,47.97,3,69.4,3.48,5.05,2024-02-27
S103405,7.56,9.72,2.66,5.26,42.79,4.02,78.29,2,63.14,6.69,3.82,2024-02-08
S103406,8.36,10.02,0.03,8.47,46.6,7.47,89.55,3,55.17,4.08,0.88,2024-03-26
S103407,6.7,3.82,0.21,3.42,0.0,5.17,53.61,3,74.25,1.27,6.3,2024-04-22
S103408,7.84,8.13,0.66,4.07,26.24,3.62,67.85,1,77.82,3.81,8.39,2024-03-30
S103409,4.86,7.08,0.32,8.0,78.35,5.8,32.07,1,27.52,1.76,7.43,2024-04-11
S103410,5.33,5.98,3.47,5.34,35.52,4.89,81.04,5,55.65,2.13,1.6,2024-03-24
S103411,7.61,4.05,2.29,6.28,41.98,2.62,64.73,0,57.62,2.67,3.15,2024-04-27
S103412,5.88,6.97,2.94,2.14,57.97,3.52,52.84,1,52.97,1.8,0.42,2024-03-14
S103413,5.64,9.73,0.65,4.92,71.69,3.34,73.2,1,44.55,38.93,5.04,2024-04-18
S103414,6.42,6.89,0.47,5.95,56.81,7.54,69.49,2,45.14,6.04,8.35,2024-02-22
S103415,3.97,6.3,7.19,4.34,28.06,2.97,48.69,1,56.39,10.96,4.94,2024-03-14
S103416,6.43,10.44,0.76,5.4,26.77,9.64,68.43,0,62.48,3.48,1.07,2024-04-27
S103417,6.89,6.25,0.36,7.68,45.43,5.01,66.03,3,47.2,3.26,0.57,2024-02-27
S103418,5.75,6.76,0.7,1.0,50.11,9.65,28.19,1,64.43,5.76,3.9,2024-03-05
S103419,4.62,10.81,0.03,8.85,53.21,5.22,63.26,4,32.45,5.15,7.84,2024-02-28
S103420,8.66,11.48,1.15,7.39,15.64,5.01,45.88,3,67.49,2.14,4.51,2024-04-10
S103421,6.8,6.89,0.18,5.41,38.82,4.73,56.34,1,61.35,1.44,1.86,2024-04-16
S103422,4.76,6.35,0.1,5.36,49.46,6.6,91.62,3,49.26,25.4,1.32,2024-02-22
S103423,5.37,5.45,0.59,4.61,52.0,6.32,54.38,3,46.37,2.05,11.4,2024-03-29
S103424,3.92,4.8,4.74,3.57,31.97,1.0,72.76,2,59.03,0.84,0.72,2024-04-21
S103425,3.75,5.51,1.19,5.71,21.07,4.67,50.78,2,58.98,1.22,1.74,2024-03-20
S103426,3.51,8.81,0.56,3.97,57.49,2.68,28.38,4,44.65,3.5,1.01,2024-03-10
S103427,5.02,10.62,3.38,6.59,55.11,7.78,82.28,2,43.68,3.28,1.63,2024-03-15
S103428,6.79,4.7,1.36,3.27,74.16,5.16,93.64,1,51.66,1.33,6.13,2024-03-06
S103429,7.24,6.27,1.09,7.44,40.54,6.29,23.94,0,52.77,2.42,0.19,2024-03-14
S103430,6.04,7.51,2.88,6.67,57.91,3.79,43.44,2,40.81,30.05,0.38,2024-03-04
S103431,7.63,6.98,2.9,3.33,61.76,5.95,43.6,1,61.21,22.82,2.54,2024-02-14
S103432,7.0,4.84,1.83,5.15,20.6,6.15,50.94,0,63.72,1.5,4.9,2024-02-24
S103433,4.58,6.505,1.42,1.0,26.93,4.49,62.89,0,63.3,0.7,2.03,2024-03-10
S103434,5.01,2.32,3.29,8.08,48.82,8.57,57.89,4,34.67,1.02,7.34,2024-03-06
S103435,6.6,6.9,0.16,4.71,62.88,4.79,53.08,4,53.82,2.55,0.02,2024-05-04
S103436,7.16,7.34,0.53,6.87,49.68,6.16,58.01,3,44.17,2.58,1.76,2024-04-07
S103437,7.72,6.62,0.02,2.07,50.19,9.71,65.17,1,72.67,7.87,0.78,2024-02-12
S103438,4.26,8.24,2.66,6.7,93.53,5.81,66.23,1,29.17,2.34,14.96,2024-02-07
S103439,3.46,5.84,0.67,7.08,70.64,8.0,73.14,3,28.89,1.72,9.95,2024-04-21
S103440,9.04,5.93,0.42,9.48,17.62,8.13,66.05,4,66.03,23.7,8.97,2024-03-10
S103441,5.81,1.01,2.0,4.31,28.47,4.1,66.43,3,58.89,0.32,5.58,2024-05-02
S103442,7.61,10.5,0.01,5.98,46.7,5.7,63.27,2,55.86,1.5,0.31,2024-03-04
S103443,6.26,3.81,0.94,3.19,45.51,3.37,77.05,4,55.49,1.61,8.18,2024-02-06
S103444,4.27,8.55,7.3,3.69,64.5,7.02,91.84,2,52.45,2.29,0.15,2024-03-22
S103445,8.18,10.36,1.98,5.66,63.25,7.2,88.1,4,54.99,7.73,3.3,2024-02-07
S103446,6.87,6.99,0.25,7.01,32.77,6.87,78.64,4,55.6,1.54,15.12,2024-04-28
S103447,8.3,7.98,0.09,4.31,33.46,9.88,83.53,1,73.27,1.91,0.17,2024-03-19
S103448,7.07,6.85,0.2,10.0,67.98,6.46,71.86,2,38.37,3.96,0.8,2024-04-03
S103449,4.83,8.01,0.63,7.5,21.04,3.73,61.78,2,44.44,3.96,9.66,2024-04-01
S103450,6.17,6.22,1.15,3.35,36.74,5.17,61.12,1,62.1,3.14,2.82,2024-11-04
S103451,7.63,3.01,4.64,5.03,52.4,1.99,35.44,3,59.27,1.72,1.06,2024-03-13
S103452,5.26,6.505,0.56,7.41,52.9,8.68,56.36,2,48.5,1.47,1.75,2024-02-20
S103453,6.49,2.25,1.39,5.24,47.15,2.52,46.41,0,57.97,0.55,3.78,2024-03-24
S103454,7.87,7.61,0.42,9.39,62.51,5.47,43.88,5,39.3,1.8,12.44,2024-02-11
S103455,4.49,6.94,2.48,9.28,54.1,1.36,75.3,2,35.65,1.94,0.79,2024-06-03
S103456,5.71,8.98,1.23,8.37,45.24,4.78,100.0,0,43.04,3.87,1.41,2024-04-26
S103457,6.48,4.77,3.13,6.38,44.31,2.73,51.51,2,64.07,1.24,2.6,2024-02-11
S103458,7.59,3.29,0.2,6.5,41.58,5.71,80.88,3,60.19,0.89,6.13,2024-02-14
S103459,6.11,7.11,1.03,7.88,59.13,6.12,38.09,3,43.85,2.12,6.22,2024-02-20
S103460,5.23,5.55,3.3,8.36,41.99,3.98,30.06,1,45.89,3.01,2.91,2024-02-03
S103461,7.03,5.51,3.89,4.26,58.36,5.59,42.93,2,49.9,22.05,0.23,2024-10-02
S103462,5.38,4.02,0.58,4.64,80.91,5.64,63.88,0,44.31,0.77,6.25,2024-02-28
S103463,6.83,4.5,0.99,3.32,46.5,4.12,57.81,1,68.71,5.86,7.52,2024-02-19
S103464,6.75,8.07,0.53,5.21,58.79,7.13,67.28,2,48.67,5.53,4.82,2024-04-09
S103465,5.97,6.11,0.09,4.57,28.78,5.84,60.97,0,65.63,1.47,11.21,2024-03-19
S103466,7.45,6.87,1.17,5.83,28.23,3.2,43.42,2,62.62,1.98,3.22,2024-03-19
S103467,7.91,11.08,0.04,7.6,0.0,7.29,90.86,3,66.76,9.19,3.6,2024-02-24
S103468,4.41,9.29,4.08,4.72,45.17,7.63,91.42,1,52.48,2.26,11.03,2024-03-16
S103469,6.98,6.65,0.89,6.7,79.98,7.2,55.25,2,43.81,1.43,20.0,2024-03-24
S103470,6.02,9.16,2.36,6.03,30.89,2.16,48.03,1,58.53,4.17,7.13,2024-02-09
S103471,5.83,4.61,1.16,8.03,78.58,6.49,92.25,4,26.95,1.31,0.14,2024-04-17
S103472,6.37,4.26,0.11,4.73,38.2,5.87,60.17,2,59.6,1.04,3.05,2024-03-18
S103473,7.91,6.87,0.31,2.91,42.44,1.91,62.85,1,74.6,1.79,20.0,2024-03-29
S103474,6.05,7.37,2.17,5.2,73.27,4.95,89.55,1,38.74,2.67,5.59,2024-02-15
S103475,5.81,6.84,0.23,1.14,100.0,4.85,66.83,2,42.55,27.36,3.29,2024-02-05
S103476,4.5,11.04,1.17,5.21,70.65,6.0,55.14,1,35.45,9.39,4.6,2024-02-17
S103477,6.03,3.23,3.89,3.89,82.07,3.25,35.79,2,40.29,1.52,3.44,2024-05-02
S103478,6.26,8.51,2.26,6.52,28.48,5.9,87.8,2,59.86,1.81,3.65,2024-02-28
S103479,4.93,7.61,1.21,7.67,39.24,6.51,49.09,2,45.85,2.47,9.52,2024-02-28
S103480,5.84,8.32,3.74,6.25,46.85,7.54,84.07,1,50.42,1.67,5.57,2024-04-22
S103481,6.94,5.27,2.56,5.9,45.86,5.98,61.19,2,56.58,1.38,1.64,2024-03-06
S103482,8.22,4.35,1.1,4.19,17.19,2.35,86.82,2,73.85,17.39,0.31,2024-02-22
S103483,5.88,5.84,5.49,7.93,71.69,6.08,22.66,3,38.46,5.28,7.79,2024-04-24
S103484,9.08,6.07,0.38,6.09,43.17,6.68,56.88,3,61.4,2.18,0.04,2024-04-21
S103485,7.68,3.11,1.68,5.67,79.81,3.04,85.98,1,46.0,0.79,1.25,2024-03-20
S103486,7.51,7.88,0.09,6.18,25.71,5.7,80.13,3,64.73,4.03,4.51,2024-03-15
S103487,7.12,4.29,0.99,5.43,48.76,6.02,58.19,2,55.71,1.69,2.33,2024-03-06
S103488,6.44,2.68,0.53,2.97,65.14,6.63,55.84,2,51.88,0.62,1.7,2024-03-23
S103489,5.42,7.26,3.01,5.59,10.11,4.82,57.22,2,61.3,1.14,1.72,2024-04-24
S103490,6.21,6.33,0.7,7.7,19.43,3.43,62.12,2,51.39,2.18,8.38,2024-03-22
S103491,6.4,3.14,4.07,6.98,42.56,5.05,82.11,1,53.35,1.09,6.66,2024-02-23
S103492,6.54,5.08,2.71,1.97,44.01,5.17,88.13,0,63.73,1.74,1.29,2024-03-08
S103493,8.48,4.71,1.6,5.16,29.67,3.55,75.38,1,70.11,3.17,15.87,2024-02-19
S103494,9.13,4.25,1.38,4.49,65.0,6.81,36.59,2,60.0,0.76,4.07,2024-02-21
S103495,7.08,3.35,0.66,3.27,43.04,6.85,49.95,0,66.1,13.39,4.41,2024-04-02
S103496,7.74,6.12,1.25,8.19,31.29,1.0,79.03,2,52.49,2.01,4.74,2024-03-15
S103497,5.37,7.48,0.24,3.34,31.29,6.92,59.79,3,54.78,5.16,15.16,2024-02-25
S103498,3.56,4.9,1.99,5.46,48.2,4.79,44.26,3,50.5,1.52,6.27,2024-12-03
S103499,6.2,8.43,2.42,9.18,35.39,7.86,61.03,0,45.39,1.78,14.76,2024-01-03
S103500,6.69,6.97,0.07,3.9,56.08,6.6,49.03,4,58.97,5.56,5.3,2024-04-16
S103501,8.31,9.65,0.32,10.0,63.26,5.91,65.53,1,35.91,3.31,8.42,2024-12-04
S103502,9.74,7.11,0.96,2.34,61.22,1.86,48.51,2,70.07,3.41,11.48,2024-03-08
S103503,6.73,5.07,1.4,2.86,39.4,1.57,86.62,1,60.75,2.74,3.95,2024-03-30
S103504,8.18,7.04,0.26,8.57,36.99,4.23,38.64,1,51.33,3.27,0.62,2024-02-09
S103505,7.92,6.69,2.83,6.13,87.31,3.54,61.24,4,33.99,2.49,2.82,2024-04-05
S103506,6.66,3.19,1.3,5.19,62.02,7.35,49.43,4,51.89,0.99,2.78,2024-02-21
S103507,7.52,4.29,0.34,7.37,49.02,3.6,72.54,2,50.28,1.1,1.72,2024-03-02
S103508,6.9,7.75,1.2,3.64,27.4,6.39,45.65,0,66.21,3.25,1.81,2024-02-26
S103509,8.54,4.55,0.65,6.36,36.75,9.09,75.18,1,57.8,0.93,2.62,2024-10-03
S103510,4.89,8.19,1.95,5.61,39.9,3.33,74.72,1,50.84,10.21,2.08,2024-02-13
S103511,3.13,2.98,0.52,5.67,23.3,8.74,54.75,3,52.04,1.24,4.73,2024-04-15
S103512,6.56,6.7,1.42,4.89,63.32,7.92,63.81,0,54.67,1.32,0.28,2024-02-24
S103513,7.67,5.32,0.27,6.46,16.52,9.22,54.27,2,66.73,6.86,1.84,2024-04-15
S103514,7.85,3.79,0.05,2.72,45.12,5.58,58.92,2,62.58,15.16,9.0,2024-11-03
S103515,5.59,4.97,2.9,7.22,47.81,6.68,50.62,4,49.04,19.87,2.27,2024-03-29
S103516,7.14,4.69,1.55,6.06,20.53,1.42,76.58,3,60.96,1.61,0.32,2024-03-28
S103517,5.47,10.98,1.21,5.62,71.91,6.68,62.55,0,35.12,24.47,0.84,2024-04-02
S103518,7.34,8.19,0.52,4.74,37.98,4.37,55.88,2,64.4,2.41,6.32,2024-04-07
S103519,5.34,5.51,1.04,5.59,48.03,6.24,82.75,0,49.03,3.46,2.93,2024-03-21
S103520,4.88,10.41,1.4,7.51,45.88,4.82,80.39,3,45.26,3.13,0.98,2024-03-07
S103521,7.7,6.52,1.3,7.85,59.97,6.38,57.15,0,47.69,3.93,2.57,2024-12-04
S103522,4.63,5.9,1.83,4.87,55.98,6.14,87.45,2,45.07,1.67,0.05,2024-03-19
S103523,4.32,8.49,0.45,5.29,57.72,3.53,78.45,2,41.47,1.95,0.45,2024-04-04
S103524,7.5,7.12,7.71,8.61,21.81,3.58,68.33,2,60.79,2.85,1.33,2024-03-03
S103525,6.53,6.04,0.65,4.94,72.19,9.02,59.44,2,50.89,5.08,2.08,2024-03-03
S103526,3.15,4.68,0.28,6.0,53.88,9.66,68.19,1,35.85,1.51,0.24,2024-03-01
S103527,8.04,5.62,0.83,6.82,46.78,8.86,63.24,4,52.68,1.97,1.89,2024-04-12
S103528,4.67,5.02,1.86,1.0,36.76,4.68,83.78,1,64.6,2.76,0.48,2024-03-25
S103529,5.75,3.8,2.29,4.24,68.84,3.24,33.85,0,49.67,1.41,6.35,2024-03-14
S103530,6.23,4.97,0.94,9.42,39.77,10.0,54.95,4,40.44,1.37,3.05,2024-03-25
S103531,9.21,4.7,2.02,5.7,52.62,6.37,44.51,2,55.68,2.0,1.33,2024-04-02
S103532,6.35,3.48,0.62,4.89,50.26,5.6,55.2,2,55.73,0.9,1.06,2024-02-04
S103533,7.65,4.23,0.29,6.88,62.92,9.84,59.76,3,40.41,2.66,0.39,2024-02-18
S103534,6.19,8.35,1.03,6.75,76.27,4.64,44.43,3,36.13,1.73,6.58,2024-06-03
S103535,7.11,8.75,0.59,3.39,0.0,6.97,46.16,0,81.86,2.96,1.64,2024-10-02
S103536,4.42,6.67,2.8,4.43,61.61,7.18,42.43,1,39.58,4.72,6.7,2024-04-13
S103537,6.39,4.43,0.38,7.39,34.2,6.48,72.46,1,49.32,1.61,20.0,2024-02-03
S103538,5.53,5.11,1.68,4.42,54.84,8.7,75.59,0,51.89,2.06,3.63,2024-03-16
S103539,4.97,6.48,2.27,8.2,56.59,5.68,45.57,2,38.34,25.93,0.87,2024-02-16
S103540,6.81,8.6,2.16,1.0,24.06,5.92,78.21,0,86.13,4.45,4.14,2024-04-25
S103541,7.84,4.79,1.62,6.62,55.41,5.51,100.0,3,49.39,1.45,2.26,2024-03-21
S103542,7.06,3.55,1.14,9.88,36.58,4.46,47.97,4,49.57,1.83,4.12,2024-03-14
S103543,5.95,4.1,1.38,5.67,20.84,7.18,52.21,2,64.02,0.75,6.18,2024-04-11
S103544,7.42,5.98,0.31,4.35,52.74,7.67,54.37,1,60.41,1.54,4.5,2024-04-16
S103545,4.84,7.28,0.13,4.53,62.8,3.47,55.74,1,45.5,2.24,4.17,2024-02-06
S103546,6.84,9.58,0.78,6.6,30.66,9.75,60.62,3,64.08,11.98,3.9,2024-03-02
S103547,7.12,1.76,0.24,5.57,40.88,1.5,54.57,3,55.64,6.8,0.91,2024-04-12
S103548,6.27,4.77,0.17,7.1,27.97,6.38,89.63,0,55.57,4.84,6.02,2024-03-29
S103549,6.04,6.61,1.59,5.85,79.04,5.65,60.33,2,36.09,2.01,2.22,2024-02-28
S103550,6.56,3.21,3.01,2.98,33.88,6.63,55.43,2,63.83,1.25,4.14,2024-03-30
S103551,5.6,4.95,6.0,6.21,30.66,3.16,66.63,1,51.46,1.03,0.91,2024-04-17
S103552,6.08,2.25,0.84,2.76,68.65,7.29,56.63,2,54.6,0.75,4.72,2024-02-20
S103553,7.42,5.42,0.79,6.91,40.01,5.1,61.43,2,59.6,9.82,2.08,2024-03-01
S103554,3.7,8.39,1.91,6.37,64.7,4.97,28.5,2,38.12,14.88,0.95,2024-03-31
S103555,8.14,10.36,3.68,3.11,41.21,8.67,38.62,2,69.35,5.07,0.37,2024-04-11
S103556,7.03,4.77,2.32,8.51,50.35,4.94,80.43,0,43.41,1.24,11.12,2024-04-28
S103557,6.69,6.07,0.69,6.35,26.99,8.25,63.82,2,62.83,1.5,0.02,2024-02-14
S103558,4.98,9.37,1.1,5.15,39.58,3.45,60.68,2,53.45,3.94,0.36,2024-02-18
S103559,5.81,8.33,0.55,6.5,23.1,1.04,79.52,0,54.18,1.73,0.36,2024-04-16
S103560,5.55,7.77,2.42,6.23,0.4,8.15,59.63,0,64.8,19.84,11.18,2024-04-23
S103561,7.33,7.77,1.4,1.49,36.37,6.69,67.52,2,75.41,3.56,13.45,2024-02-12
S103562,7.27,5.88,0.13,7.46,73.25,6.13,31.7,4,39.66,3.86,14.8,2024-02-01
S103563,8.0,4.08,7.15,5.63,34.7,4.9,53.1,3,68.26,6.54,4.37,2024-02-22
S103564,6.46,5.54,0.9,8.61,24.99,5.07,61.64,2,58.81,1.67,12.22,2024-03-24
S103565,3.55,8.24,2.96,6.0,41.34,3.59,89.74,3,50.14,1.67,1.74,2024-03-26
S103566,5.03,6.39,0.74,6.03,41.81,3.39,65.51,3,54.09,6.61,11.35,2024-04-27
S103567,5.86,8.16,0.66,7.45,33.42,7.08,60.17,0,48.99,6.46,0.85,2024-03-20
S103568,6.83,8.04,0.9,7.63,47.64,7.45,76.42,2,46.27,1.43,0.99,2024-04-03
S103569,4.27,7.08,4.79,1.0,22.65,3.95,48.57,0,59.73,1.47,4.52,2024-03-11
S103570,6.08,7.69,2.41,3.73,51.65,7.12,62.29,3,61.69,13.81,10.38,2024-02-11
S103571,6.45,2.89,1.01,5.97,61.86,1.48,63.32,2,47.96,0.84,1.08,2024-04-14
S103572,5.52,5.1,2.1,7.42,68.21,6.68,44.49,2,31.98,1.83,9.99,2024-04-20
S103573,6.09,7.53,0.34,3.44,33.09,3.79,44.56,2,64.53,3.2,8.53,2024-03-10
S103574,9.53,5.34,1.83,7.57,19.53,1.71,36.91,3,68.79,1.34,0.22,2024-02-10
S103575,6.32,3.69,0.52,5.14,52.19,2.43,50.25,0,54.07,1.4,14.17,2024-02-23
S103576,9.11,6.25,1.07,4.67,61.72,4.12,76.3,3,54.01,1.62,6.27,2024-04-04
S103577,6.68,3.64,1.07,8.94,70.31,5.57,88.6,0,34.13,2.71,3.25,2024-06-03
S103578,5.36,8.85,1.34,9.38,61.47,6.46,65.56,4,32.61,2.76,0.89,2024-03-23
S103579,7.11,7.63,2.25,2.37,28.78,3.38,87.81,0,70.28,1.12,3.83,2024-02-20
S103580,5.77,5.94,3.78,5.47,57.39,9.71,70.72,2,44.99,0.98,4.78,2024-03-18
S103581,6.25,7.63,2.2,6.55,41.93,6.29,82.02,2,55.41,1.81,2.25,2024-03-23
S103582,3.21,5.44,1.48,6.15,18.36,6.71,73.48,2,51.18,2.67,4.76,2024-02-13
S103583,6.82,9.54,1.12,6.68,41.73,3.87,59.09,2,53.84,4.52,5.15,2024-04-16
S103584,5.52,4.59,0.08,7.25,50.91,8.1,35.0,2,47.73,1.44,2.66,2024-04-19
S103585,7.91,9.48,0.07,4.68,75.96,3.2,54.53,1,50.26,2.0,0.28,2024-04-19
S103586,6.48,6.47,0.8,6.42,63.67,6.89,64.35,1,46.32,2.53,0.69,2024-02-16
S103587,5.8,6.81,0.3,9.94,57.16,9.77,59.25,4,31.59,5.84,1.51,2024-02-10
S103588,4.86,4.81,0.92,7.1,0.0,4.75,39.58,2,55.81,2.25,0.04,2024-02-15
S103589,6.35,5.68,0.31,5.1,0.0,6.15,58.1,1,76.99,1.59,0.58,2024-04-04
S103590,5.8,7.73,1.25,3.04,30.35,10.0,18.65,0,63.13,2.85,9.15,2024-04-09
S103591,5.24,6.28,0.06,4.46,26.01,8.58,74.11,0,68.07,2.19,9.31,2024-02-09
S103592,8.92,5.72,0.81,6.91,45.09,4.43,47.6,2,56.12,1.56,1.36,2024-02-27
S103593,6.11,11.05,0.21,7.31,34.95,5.5,48.64,4,56.07,2.84,6.42,2024-04-22
S103594,7.56,4.22,0.36,10.0,55.98,8.46,74.87,3,45.99,2.16,5.1,2024-02-22
S103595,8.36,5.13,0.7,8.12,38.01,7.16,62.81,1,55.78,1.53,1.47,2024-02-28
S103596,6.87,3.58,2.23,4.54,32.46,5.75,49.97,1,62.72,1.71,2.83,2024-12-03
S103597,7.18,1.97,1.09,5.62,64.46,3.45,63.98,2,43.71,1.58,5.03,2024-03-19
S103598,7.01,6.91,0.9,5.12,46.9,5.63,68.31,1,59.31,1.73,7.49,2024-04-25
S103599,7.64,7.16,0.95,6.58,22.55,6.62,41.33,2,63.51,3.92,0.21,2024-03-31
S103600,7.11,4.4,0.18,8.97,47.76,5.1,50.95,2,52.31,1.16,2.74,2024-04-26
S103601,7.0,3.52,2.78,3.72,25.92,5.49,55.39,2,68.51,1.28,0.81,2024-04-17
S103602,6.5,7.7,0.17,7.89,61.53,3.56,83.04,4,35.91,3.45,1.84,2024-04-13
S103603,5.64,4.53,3.94,6.86,44.28,9.09,62.19,2,45.97,0.94,0.77,2024-04-26
S103604,5.7,10.72,0.21,7.46,28.69,4.83,87.64,2,53.91,9.29,10.2,2024-02-28
S103605,5.42,9.85,2.41,2.85,73.49,5.16,58.79,1,49.98,2.11,2.99,2024-02-22
S103606,6.57,7.49,2.77,1.9,8.74,4.27,65.64,2,85.43,1.67,0.34,2024-02-17
S103607,8.12,5.9,0.23,6.26,71.35,7.36,50.02,3,50.3,2.77,3.71,2024-03-25
S103608,4.99,7.85,0.45,6.04,41.75,7.76,58.56,3,42.17,1.86,3.66,2024-04-22
S103609,5.46,2.62,0.41,9.04,40.21,6.25,69.29,2,46.69,0.77,5.17,2024-02-23
S103610,4.94,8.29,0.38,7.03,35.05,8.93,64.06,1,49.85,2.28,2.8,2024-03-25
S103611,6.22,10.15,1.07,6.88,41.16,5.01,76.71,2,52.67,3.8,5.75,2024-04-05
S103612,7.72,2.7,0.55,6.81,71.66,4.38,26.42,1,41.56,0.96,0.91,2024-04-25
S103613,5.84,5.6,0.3,6.36,27.16,4.28,53.92,1,58.46,1.42,3.76,2024-04-06
S103614,6.72,8.34,2.24,2.6,26.95,3.83,62.69,1,72.21,1.54,17.19,2024-02-28
S103615,3.08,6.48,1.28,4.34,79.19,8.35,65.95,5,31.43,1.34,0.29,2024-02-14
S103616,6.09,5.6,0.15,5.86,44.56,4.23,51.62,1,51.6,2.14,1.14,2024-03-04
S103617,6.97,9.85,0.65,4.91,71.71,2.97,22.61,1,45.11,1.77,4.82,2024-09-02
S103618,5.45,7.15,0.34,7.35,36.21,6.74,74.35,3,48.78,1.42,0.97,2024-02-07
S103619,4.04,8.74,1.37,4.31,0.0,5.15,66.6,1,66.96,2.32,0.69,2024-10-03
S103620,6.94,5.42,0.66,6.27,40.15,5.87,81.87,2,48.52,1.24,0.57,2024-03-03
S103621,6.15,6.65,0.25,4.69,46.63,1.48,56.28,2,57.51,2.08,3.72,2024-03-17
S103622,8.81,3.48,0.06,7.36,70.87,4.8,57.01,1,46.3,1.24,0.6,2024-02-17
S103623,5.5,2.52,0.56,6.06,23.58,4.21,75.23,5,59.87,0.87,0.11,2024-04-21
S103624,6.08,4.15,1.09,4.81,27.0,7.83,88.72,1,66.84,2.5,2.51,2024-04-28
S103625,5.77,7.4,0.51,5.68,36.01,3.75,45.18,0,58.41,2.73,3.39,2024-04-08
S103626,6.44,8.94,0.18,6.96,47.54,4.43,38.11,0,54.55,2.44,0.04,2024-03-02
S103627,3.78,3.62,1.66,5.12,25.43,7.74,57.32,3,46.47,0.89,0.06,2024-02-25
S103628,8.18,9.24,0.72,2.31,62.24,4.24,86.78,0,62.67,2.65,2.71,2024-02-22
S103629,7.18,4.8,2.17,5.13,54.7,3.5,40.64,2,55.84,10.21,1.53,2024-02-28
S103630,5.98,3.2,0.04,6.8,27.04,7.66,70.81,2,62.53,1.05,6.36,2024-03-18
S103631,5.8,6.505,0.64,5.07,58.83,4.65,49.69,3,53.26,3.71,3.46,2024-03-16
S103632,7.02,7.34,0.21,5.7,54.32,4.34,74.52,1,52.22,1.99,4.94,2024-04-19
S103633,6.8,5.08,1.41,9.51,43.47,2.01,57.73,1,39.76,1.14,5.31,2024-04-15
S103634,5.72,6.7,0.13,6.51,51.18,4.21,51.98,1,46.28,4.89,5.7,2024-03-16
S103635,6.07,7.46,0.03,7.73,43.82,1.0,64.57,3,51.98,2.04,5.88,2024-03-06
S103636,6.77,7.63,0.12,7.94,8.03,5.25,56.08,1,61.24,4.23,0.6,2024-03-23
S103637,5.71,5.51,1.17,4.74,25.09,7.36,55.82,2,64.66,2.14,3.05,2024-04-15
S103638,5.84,4.87,0.04,4.66,49.74,8.6,83.18,3,51.21,0.85,2.1,2024-04-22
S103639,5.71,13.61,0.56,5.48,19.42,6.93,59.23,2,64.45,11.75,0.66,2024-04-07
S103640,5.8,7.84,1.83,5.77,56.89,7.28,75.17,0,48.81,3.63,0.29,2024-02-08
S103641,4.5,4.19,0.58,3.57,80.81,4.81,96.02,2,38.52,1.0,7.22,2024-02-13
S103642,5.0,7.38,0.01,4.91,54.51,5.44,82.42,1,46.75,1.33,7.84,2024-03-20
S103643,6.81,7.93,0.1,6.72,21.92,5.32,59.02,1,63.73,6.09,2.5,2024-03-05
S103644,7.39,8.16,0.81,6.84,62.97,5.2,49.24,1,53.03,32.63,0.22,2024-04-09
S103645,6.23,2.75,0.36,2.94,27.44,4.44,45.83,0,67.99,0.93,4.37,2024-01-04
S103646,3.0,5.72,0.8,6.97,56.53,3.99,68.35,2,41.9,7.88,2.99,2024-04-02
S103647,4.25,7.64,0.54,8.38,49.35,8.85,62.1,4,40.34,2.06,3.51,2024-03-17
S103648,6.87,8.66,1.8,5.83,73.94,3.65,50.95,2,47.13,4.83,1.36,2024-02-05
S103649,8.63,9.59,0.69,5.59,44.47,8.96,100.0,5,67.18,3.36,0.55,2024-02-12
S103650,7.97,6.505,0.45,10.0,68.73,5.6,53.28,2,40.22,27.68,3.0,2024-04-22
S103651,6.02,4.39,0.69,5.12,44.14,9.78,65.56,2,54.46,2.04,2.49,2024-06-02
S103652,5.82,11.49,1.0,3.41,36.16,5.34,50.99,2,65.96,1.86,4.8,2024-02-25
S103653,5.71,4.0,0.71,3.9,18.55,5.96,63.3,1,75.77,3.45,5.24,2024-02-05
S103654,8.7,6.59,0.45,8.73,63.75,7.77,50.37,2,47.38,1.31,5.05,2024-02-26
S103655,6.63,9.26,0.07,7.95,0.0,5.51,46.36,0,62.09,2.91,2.28,2024-04-29
S103656,5.03,6.26,1.29,3.81,57.42,7.94,57.49,1,57.01,25.05,1.44,2024-03-21
S103657,7.62,9.94,0.05,6.28,36.96,3.75,78.4,3,57.03,2.18,3.01,2024-02-19
S103658,7.45,7.91,2.44,3.93,65.58,5.22,28.01,1,54.72,4.04,0.26,2024-04-09
S103659,3.52,8.38,5.32,4.91,44.88,3.07,50.22,2,44.3,9.16,1.99,2024-04-03
S103660,5.44,9.74,0.35,8.76,80.45,5.77,94.4,3,27.56,3.9,1.46,2024-04-18
S103661,7.7,7.25,0.38,4.13,41.29,3.94,51.06,4,61.71,2.43,2.27,2024-03-07
S103662,7.57,3.18,0.73,7.22,63.19,7.41,75.16,1,52.92,0.7,0.81,2024-02-24
S103663,4.59,6.505,0.91,4.44,49.92,4.98,49.53,1,53.67,2.35,3.44,2024-02-14
S103664,6.31,8.25,0.92,5.55,35.09,10.0,72.48,2,63.42,2.52,1.49,2024-03-29
S103665,7.52,7.17,1.83,7.21,32.94,3.08,45.88,1,50.5,4.96,4.86,2024-08-02
S103666,6.79,7.34,3.96,4.38,37.96,1.64,53.81,3,62.95,5.09,1.33,2024-03-04
S103667,4.86,5.33,1.56,4.07,47.99,5.56,42.23,1,48.12,1.42,1.55,2024-02-04
S103668,6.06,4.7,3.67,6.98,49.97,4.9,82.25,0,51.88,1.32,2.73,2024-02-18
S103669,7.23,8.23,0.32,8.33,61.37,9.26,58.37,1,35.18,1.97,8.97,2024-04-20
S103670,7.0,4.53,0.96,4.14,60.43,2.35,92.98,2,49.78,0.95,0.41,2024-03-15
S103671,4.99,8.55,2.43,6.97,56.19,4.91,89.64,1,42.95,6.81,0.95,2024-02-19
S103672,9.55,5.65,1.1,3.81,34.94,6.59,43.63,3,72.85,1.27,4.62,2024-02-16
S103673,6.63,6.505,0.91,6.6,48.67,5.46,72.57,2,53.65,1.76,3.89,2024-03-22
S103674,4.25,4.14,0.24,5.05,40.2,8.27,81.27,1,52.53,0.78,1.11,2024-03-07
S103675,5.87,5.38,0.67,3.39,24.14,6.08,100.0,2,64.1,3.63,2.41,2024-04-18
S103676,3.0,6.91,0.51,3.24,66.31,5.06,61.82,2,44.45,1.89,5.73,2024-04-01
S103677,5.38,6.81,1.3,8.0,29.48,7.2,99.61,0,49.72,1.94,7.28,2024-02-25
S103678,6.27,7.07,0.37,5.5,69.58,5.79,43.67,1,35.59,1.57,2.35,2024-02-24
S103679,9.65,8.17,0.16,6.78,50.33,6.4,85.86,5,53.53,6.13,2.59,2024-02-02
S103680,6.6,5.67,0.55,3.47,51.42,5.68,59.02,2,62.75,4.42,4.15,2024-02-14
S103681,6.84,6.69,0.05,8.91,55.09,2.91,28.55,1,37.4,2.39,2.3,2024-03-03
S103682,7.38,5.13,0.3,10.0,29.1,8.05,65.02,1,45.46,3.45,3.16,2024-04-08
S103683,6.63,8.77,2.17,4.43,74.26,4.54,68.17,1,47.79,30.5,0.86,2024-04-20
S103684,5.51,9.2,6.4,4.6,48.6,8.57,60.99,0,53.85,4.06,1.79,2024-03-14
S103685,8.21,8.02,0.35,4.97,55.62,6.89,68.01,4,56.56,1.72,4.52,2024-04-17
S103686,7.05,10.69,0.61,7.23,59.13,3.8,38.14,1,43.79,1.67,10.72,2024-02-21
S103687,8.47,5.34,0.55,7.01,70.81,3.78,57.98,0,51.54,2.22,6.43,2024-03-01
S103688,7.76,4.95,3.58,6.17,65.86,5.77,66.04,0,45.84,0.86,6.03,2024-06-03
S103689,5.05,6.51,2.95,5.54,59.01,7.65,50.67,4,52.32,2.15,0.39,2024-03-27
S103690,5.71,12.4,0.26,8.34,46.96,4.18,54.29,0,46.81,4.22,10.8,2024-03-11
S103691,5.79,8.16,1.09,7.13,92.85,4.4,47.69,2,30.38,3.62,13.16,2024-02-19
S103692,5.82,7.96,2.87,3.51,52.51,8.27,31.29,3,61.61,3.29,1.26,2024-02-16
S103693,6.97,6.83,1.12,4.39,40.67,3.24,57.81,2,63.06,1.98,5.86,2024-03-18
S103694,6.11,9.29,4.76,6.21,83.19,5.85,100.0,2,42.2,2.4,3.98,2024-04-04
S103695,5.26,7.99,3.22,5.31,12.28,3.31,62.65,1,62.97,1.05,1.71,2024-02-14
S103696,8.37,9.84,0.15,6.63,69.39,5.99,35.79,1,48.11,8.64,0.75,2024-02-05
S103697,8.23,8.72,0.62,5.96,27.99,7.33,87.08,3,62.29,1.47,2.7,2024-04-07
S103698,6.41,10.52,1.54,5.61,45.98,4.08,51.86,0,58.14,1.54,1.64,2024-04-23
S103699,4.9,2.62,0.71,5.81,20.68,7.36,35.84,4,56.7,0.83,0.09,2024-02-02
S103700,5.5,6.02,4.32,5.27,29.68,6.69,41.01,0,64.14,1.78,5.33,2024-12-02
S103701,5.32,6.91,0.33,6.93,79.45,4.04,52.17,3,39.02,2.1,7.06,2024-04-13
S103702,5.13,3.44,2.71,4.31,61.53,5.08,78.96,1,52.43,0.74,2.15,2024-04-23
S103703,5.02,5.45,3.44,5.52,0.0,4.61,62.01,4,69.53,0.99,3.91,2024-03-13
S103704,6.69,9.26,1.09,4.86,27.13,6.37,97.21,1,61.3,2.6,4.84,2024-02-18
S103705,6.77,8.19,1.2,2.76,29.38,9.55,72.01,4,64.78,2.46,0.51,2024-04-18
S103706,6.95,9.78,0.86,4.48,30.98,3.77,46.96,3,62.5,3.9,3.82,2024-03-24
S103707,5.08,4.57,1.48,4.43,44.47,4.77,81.19,1,55.16,1.16,3.76,2024-03-13
S103708,6.77,9.95,3.47,9.54,43.81,4.35,62.8,0,41.01,2.48,1.39,2024-03-18
S103709,9.09,5.5,0.26,8.44,11.48,2.87,49.23,3,64.91,1.75,6.1,2024-02-06
S103710,6.69,8.76,0.1,5.19,72.74,8.11,50.38,5,45.11,2.21,4.51,2024-07-03
S103711,5.83,5.82,0.84,4.38,4.7,3.73,62.93,5,74.07,5.22,0.44,2024-03-21
S103712,10.0,9.44,0.71,6.96,59.25,5.33,49.45,4,58.85,1.55,3.21,2024-03-27
S103713,6.79,7.53,1.38,6.18,48.77,6.23,61.61,0,52.29,2.23,2.27,2024-06-03
S103714,5.51,6.05,0.41,1.0,52.7,5.56,47.85,5,61.57,2.14,4.64,2024-03-02
S103715,7.58,6.21,1.39,7.82,73.45,5.7,56.96,2,35.87,2.27,3.4,2024-03-24
S103716,5.39,7.47,7.46,2.67,68.66,5.41,72.94,1,43.26,2.7,1.35,2024-03-15
S103717,5.87,11.29,0.36,6.23,52.96,10.0,56.19,1,45.97,2.88,1.18,2024-04-25
S103718,7.75,5.01,1.51,6.25,41.42,5.99,70.8,2,55.91,1.14,2.45,2024-02-13
S103719,5.53,9.39,0.08,3.35,23.3,4.93,63.28,2,71.41,2.94,5.66,2024-02-13
S103720,4.33,7.73,1.03,6.29,18.87,5.22,49.12,2,50.28,2.67,12.38,2024-03-08
S103721,7.34,7.98,0.01,5.79,0.0,3.69,77.2,1,82.83,1.97,5.8,2024-04-11
S103722,7.52,8.69,0.16,5.83,59.48,1.0,64.2,1,51.47,2.19,1.83,2024-03-16
S103723,4.48,9.19,3.17,1.56,58.8,7.69,32.69,2,55.4,12.14,3.15,2024-02-07
S103724,5.89,6.56,2.95,6.5,40.86,8.2,75.78,0,49.65,3.64,1.96,2024-02-20
S103725,7.86,6.21,1.3,7.95,52.39,9.89,24.8,6,46.25,2.55,0.17,2024-04-19
S103726,6.72,5.38,3.2,9.35,58.13,5.13,88.29,3,40.1,1.16,1.35,2024-04-07
S103727,7.52,8.93,0.44,6.9,33.16,4.51,66.85,2,61.71,5.34,0.06,2024-03-04
S103728,6.21,9.93,2.12,10.0,57.55,2.8,23.25,1,33.6,5.33,5.3,2024-03-14
S103729,5.51,9.72,0.86,6.65,34.6,4.33,76.61,2,54.76,3.09,8.64,2024-02-14
S103730,5.61,7.98,0.31,2.1,30.28,4.78,80.95,4,66.84,1.66,8.2,2024-02-23
S103731,5.96,7.18,0.19,5.2,53.59,7.61,62.5,1,48.49,2.26,6.41,2024-04-04
S103732,6.63,5.46,4.77,5.27,61.66,9.24,68.91,4,50.98,8.86,0.42,2024-03-21
S103733,3.0,8.11,0.66,8.64,46.02,1.9,80.9,4,32.85,1.79,4.68,2024-03-18
S103734,3.76,6.1,1.52,4.24,57.06,3.51,53.37,2,44.69,2.91,6.74,2024-04-14
S103735,6.4,5.37,2.85,2.58,64.35,6.63,88.77,0,57.37,1.69,1.9,2024-04-07
S103736,7.31,5.18,0.15,9.06,38.94,7.58,48.0,4,52.53,1.14,0.28,2024-04-20
S103737,5.49,3.9,1.11,6.88,72.28,3.88,95.79,0,38.66,1.14,2.41,2024-02-14
S103738,6.4,7.6,2.23,10.0,21.01,5.29,56.79,1,62.31,3.42,1.83,2024-04-25
S103739,4.92,6.81,1.06,6.2,67.97,5.2,78.08,1,39.47,2.2,7.31,2024-03-28
S103740,4.51,10.15,2.57,6.09,8.85,8.29,60.08,1,55.34,3.74,1.14,2024-03-30
S103741,6.61,6.36,1.09,5.87,26.32,7.92,56.33,5,67.09,1.85,6.09,2024-02-16
S103742,6.3,13.3,2.55,3.67,28.94,7.3,51.16,1,70.89,4.58,2.36,2024-03-11
S103743,5.7,7.71,0.6,2.5,34.07,4.84,94.8,3,66.79,3.98,1.18,2024-10-04
S103744,4.61,6.0,1.03,4.43,45.28,9.39,70.76,3,47.08,1.41,1.9,2024-03-08
S103745,6.49,8.83,2.06,7.62,52.71,6.74,75.13,1,39.32,3.27,0.45,2024-11-02
S103746,6.31,6.11,1.14,7.31,61.01,6.97,50.52,1,44.03,2.35,6.91,2024-03-14
S103747,6.05,9.76,0.26,6.12,43.78,2.73,59.98,2,49.63,39.04,0.66,2024-03-09
S103748,6.23,4.93,0.21,5.01,75.36,4.1,60.91,2,48.8,1.78,7.0,2024-03-16
S103749,5.89,3.94,0.11,4.9,43.0,8.77,60.65,1,59.0,4.93,0.22,2024-03-20
S103750,7.1,12.64,0.51,2.81,25.16,7.95,92.76,2,68.19,5.37,0.17,2024-04-22
S103751,6.93,8.4,0.99,8.46,60.55,9.51,65.12,1,43.97,1.9,7.84,2024-04-05
S103752,8.82,7.97,0.16,2.84,0.0,5.26,54.93,0,87.83,12.76,3.32,2024-02-06
S103753,8.3,5.6,0.55,7.97,53.92,4.25,23.16,1,53.06,1.67,0.04,2024-02-16
S103754,6.32,5.4,0.9,6.32,100.0,5.31,31.1,0,27.6,1.62,3.51,2024-03-19
S103755,4.7,6.15,2.63,6.49,53.03,3.66,79.08,2,44.81,2.17,2.18,2024-03-14
S103756,7.24,7.67,0.7,8.97,37.54,4.85,34.79,3,47.34,1.27,3.62,2024-02-14
S103757,5.55,7.58,2.58,5.33,59.32,8.03,57.98,4,39.82,3.25,4.92,2024-08-03
S103758,8.45,2.79,0.68,5.93,49.51,6.34,91.47,5,57.09,1.06,4.07,2024-04-12
S103759,4.34,9.86,1.08,6.44,19.0,6.62,55.29,0,54.3,3.8,12.04,2024-03-02
S103760,5.78,8.38,1.76,3.99,57.4,2.68,63.79,1,58.62,1.67,3.3,2024-05-04
S103761,8.46,9.46,0.35,5.74,64.25,1.76,41.94,3,53.86,6.52,2.38,2024-03-06
S103762,6.37,3.81,1.26,6.95,100.0,6.19,54.08,0,25.95,0.98,1.61,2024-09-03
S103763,7.35,6.17,0.94,4.32,18.36,7.38,51.97,4,73.13,2.26,0.82,2024-03-10
S103764,7.26,5.52,1.27,6.04,54.7,8.29,76.79,3,57.65,2.45,4.16,2024-03-14
S103765,5.69,6.7,0.42,5.4,51.71,4.22,59.5,2,48.97,1.74,3.2,2024-02-16
S103766,7.5,2.4,0.27,8.96,37.33,3.72,76.66,2,51.0,1.03,3.71,2024-03-29
S103767,5.17,8.88,0.52,5.55,5.66,4.82,40.5,3,67.37,8.82,10.13,2024-04-11
S103768,5.91,5.52,2.29,4.74,52.9,3.67,61.08,2,50.5,1.65,8.32,2024-02-09
S103769,9.24,0.39,0.03,2.63,37.61,6.52,59.55,2,69.17,0.05,1.61,2024-02-20
S103770,6.1,8.14,0.72,6.8,51.26,2.21,45.06,2,44.68,2.08,0.46,2024-09-03
S103771,6.85,4.47,0.61,3.23,52.56,3.66,47.77,1,56.05,4.82,1.97,2024-03-08
S103772,4.89,9.24,1.62,6.35,56.89,10.0,50.07,2,40.72,7.45,3.54,2024-03-02
S103773,8.17,2.33,0.4,3.6,69.29,5.52,56.91,2,60.16,2.71,1.29,2024-04-10
S103774,5.1,5.48,0.16,6.29,30.59,7.89,67.36,0,63.61,2.79,1.42,2024-02-26
S103775,5.34,3.23,1.0,4.46,51.79,4.66,63.15,1,45.65,1.17,6.26,2024-04-19
S103776,5.53,7.94,0.3,10.0,26.76,5.95,80.71,2,42.96,10.8,5.28,2024-04-27
S103777,5.06,3.85,0.81,4.56,26.19,4.86,48.7,0,57.8,1.35,4.75,2024-03-08
S103778,4.41,3.7,0.43,5.01,24.37,7.48,56.39,2,59.53,1.08,2.45,2024-04-05
S103779,5.94,4.83,0.03,2.87,35.13,3.22,63.16,3,66.79,1.88,2.36,2024-02-18
S103780,5.68,4.65,1.88,6.0,5.7,7.28,59.25,2,64.83,0.99,0.06,2024-03-14
S103781,6.2,9.25,0.16,6.78,17.59,2.28,51.44,3,58.87,2.94,2.68,2024-03-13
S103782,5.0,5.55,0.65,3.39,50.53,8.42,83.06,1,59.3,1.78,0.09,2024-03-30
S103783,5.11,5.6,0.43,7.98,58.11,4.03,56.44,1,42.28,1.88,3.22,2024-02-13
S103784,5.9,6.78,0.72,10.0,41.87,7.65,49.92,1,45.99,11.47,0.04,2024-03-09
S103785,6.33,6.92,0.18,3.77,30.57,3.18,75.06,0,69.36,3.31,3.4,2024-04-03
S103786,5.07,6.92,1.25,8.81,42.38,2.61,39.15,1,45.89,2.15,0.9,2024-02-23
S103787,6.28,5.53,1.54,5.28,47.66,3.18,63.11,3,58.57,1.82,9.05,2024-03-28
S103788,6.01,5.65,0.42,2.61,57.13,4.24,64.15,3,49.54,2.43,4.82,2024-04-05
S103789,7.76,5.56,1.97,4.69,78.41,1.99,31.8,1,43.96,2.44,2.55,2024-03-07
S103790,7.19,6.56,0.37,9.81,37.2,7.37,59.42,3,50.38,1.55,3.34,2024-03-25
S103791,7.0,6.38,5.72,4.99,58.45,5.25,71.29,1,49.52,2.19,2.45,2024-04-21
S103792,7.69,9.63,0.06,2.16,32.75,8.65,100.0,3,74.15,2.28,1.67,2024-04-28
S103793,5.46,3.73,1.95,6.16,30.41,6.21,43.95,1,60.72,1.01,0.59,2024-02-20
S103794,8.16,3.63,2.85,5.1,27.19,5.11,61.39,5,64.31,0.88,5.9,2024-03-31
S103795,6.57,6.57,0.26,4.68,57.82,1.0,61.93,1,54.28,2.55,2.23,2024-04-20
S103796,5.65,7.04,2.12,7.46,57.03,5.28,44.13,2,48.32,2.53,7.38,2024-04-13
S103797,6.87,8.89,0.25,4.81,34.69,3.98,85.05,0,65.05,1.96,5.34,2024-04-10
S103798,4.86,7.89,0.69,5.0,45.13,8.44,54.62,1,51.01,2.03,1.9,2024-04-14
S103799,8.73,7.56,1.22,3.06,77.23,6.67,63.02,1,56.88,3.25,4.77,2024-02-29
S103800,6.67,11.32,0.54,2.67,39.27,1.85,75.87,0,60.26,4.67,4.63,2024-03-05
S103801,4.29,9.08,3.41,7.19,47.72,7.84,54.92,7,38.32,3.55,2.94,2024-07-03
S103802,4.79,4.76,0.35,4.03,30.12,4.42,34.15,1,54.63,1.51,5.03,2024-04-09
S103803,5.63,7.61,1.19,8.27,62.34,1.22,72.23,0,40.22,2.12,1.46,2024-03-09
S103804,5.56,4.6,1.65,8.63,24.34,3.19,76.39,2,52.9,1.07,2.05,2024-10-03
S103805,6.93,6.93,6.76,6.98,69.87,5.19,47.36,0,40.09,1.65,0.15,2024-03-05
S103806,7.52,5.41,3.64,5.44,43.41,5.21,64.76,4,57.85,1.25,0.86,2024-02-25
S103807,7.7,5.44,3.74,7.47,11.36,1.0,74.49,2,69.9,4.11,5.36,2024-02-20
S103808,7.05,4.46,3.09,5.29,88.55,6.76,38.82,2,31.26,5.18,6.06,2024-04-21
S103809,5.05,6.66,1.91,6.21,65.07,3.37,89.67,4,44.48,1.94,7.03,2024-05-02
S103810,7.84,7.51,1.22,6.93,53.34,5.39,30.53,1,53.76,2.14,15.54,2024-02-10
S103811,7.98,7.77,0.35,6.75,49.49,2.89,59.75,0,45.11,2.47,10.18,2024-04-08
S103812,3.68,7.01,0.59,8.58,64.41,10.0,53.37,1,32.46,1.99,2.39,2024-09-03
S103813,5.54,6.37,0.0,2.96,53.54,6.38,71.29,2,49.07,2.98,12.38,2024-04-02
S103814,5.83,7.34,0.54,3.51,39.21,3.57,38.61,2,65.9,2.43,3.49,2024-03-29
S103815,5.26,9.38,0.25,5.8,44.97,2.72,37.37,2,50.97,2.58,0.47,2024-04-23
S103816,7.72,4.5,0.61,1.0,91.34,7.26,60.68,4,51.58,0.79,6.27,2024-03-27
S103817,6.94,3.0,0.46,5.98,47.58,4.1,46.69,3,51.15,0.49,3.23,2024-07-04
S103818,6.39,6.12,0.22,3.95,0.0,4.54,63.08,2,83.38,1.43,1.97,2024-08-02
S103819,4.65,5.78,1.56,3.93,24.41,1.96,73.87,0,68.5,5.84,5.64,2024-03-28
S103820,3.52,9.05,0.04,5.18,54.84,8.4,46.46,1,39.6,2.46,3.43,2024-03-23
S103821,5.04,9.28,0.68,4.99,71.41,3.48,95.18,3,37.5,13.8,7.14,2024-04-03
S103822,5.18,9.99,0.43,6.49,65.07,5.05,46.13,2,42.27,3.37,4.33,2024-03-13
S103823,5.08,3.36,0.23,4.77,70.88,6.01,76.58,1,41.42,0.65,5.45,2024-08-02
S103824,3.43,8.81,1.08,6.53,26.95,1.0,63.95,3,49.67,3.33,1.96,2024-02-14
S103825,4.22,10.29,2.64,7.71,54.65,9.04,88.54,2,40.19,3.93,6.72,2024-02-22
S103826,5.71,8.42,1.09,6.51,45.71,5.84,75.68,2,53.12,1.96,0.33,2024-03-22
S103827,6.75,10.41,1.1,5.96,36.47,8.68,59.15,2,61.0,3.64,5.98,2024-02-15
S103828,5.57,9.15,0.77,7.73,31.65,3.26,48.1,3,47.28,2.13,10.86,2024-04-21
S103829,5.97,6.68,0.19,5.88,79.87,6.54,78.54,1,40.42,2.37,1.2,2024-04-07
S103830,6.19,9.88,1.51,8.58,48.01,4.12,85.88,2,43.99,3.78,7.61,2024-03-01
S103831,6.19,7.87,5.12,7.46,21.96,7.54,28.17,1,56.41,2.62,2.62,2024-02-15
S103832,7.92,3.42,0.32,4.47,42.17,7.84,89.32,1,65.26,8.33,17.12,2024-03-18
S103833,5.2,8.46,1.04,5.25,66.64,7.36,46.57,2,46.02,2.65,9.47,2024-03-14
S103834,6.56,4.38,0.31,1.67,49.18,5.67,53.93,4,61.07,1.43,7.55,2024-04-18
S103835,4.49,6.25,1.5,3.03,58.92,9.73,56.12,1,49.62,4.47,3.43,2024-04-16
S103836,7.89,1.99,0.49,2.65,59.45,7.76,91.5,2,61.48,0.53,19.7,2024-03-07
S103837,7.28,5.24,0.09,3.75,33.18,5.04,69.94,1,67.62,0.95,0.51,2024-03-17
S103838,7.63,8.43,0.06,6.12,29.73,4.73,70.44,4,68.78,2.5,1.34,2024-03-28
S103839,6.44,6.02,6.0,6.62,59.49,4.04,60.07,2,43.26,1.77,8.18,2024-03-10
S103840,6.12,2.41,1.44,4.17,14.07,6.04,75.52,2,68.1,0.43,1.49,2024-03-22
S103841,4.55,4.03,0.56,6.99,18.13,1.07,69.31,2,51.26,1.24,4.44,2024-02-04
S103842,6.71,9.84,1.03,7.68,33.65,6.05,68.4,1,54.99,3.05,8.24,2024-04-12
S103843,8.14,6.04,1.12,7.25,79.49,1.07,59.32,3,46.33,1.4,6.26,2024-02-24
S103844,3.0,8.33,0.15,4.37,78.2,7.98,75.37,1,33.26,33.31,5.74,2024-04-02
S103845,8.67,11.26,4.26,3.39,64.77,8.23,70.19,2,54.38,3.27,7.72,2024-04-28
S103846,5.17,7.66,6.09,3.97,40.77,6.12,70.16,2,54.6,3.5,0.96,2024-02-23
S103847,6.94,7.51,0.81,9.6,61.86,2.1,69.93,0,40.95,2.17,0.03,2024-04-23
S103848,5.18,10.92,0.25,3.73,47.26,4.43,30.17,1,56.58,5.09,6.56,2024-03-03
S103849,6.08,1.88,2.33,7.11,84.55,7.32,66.08,2,38.69,0.47,5.04,2024-04-26
S103850,7.41,7.8,0.3,6.06,33.75,5.44,45.61,0,65.57,3.15,8.65,2024-04-18
S103851,6.04,7.66,0.42,8.59,23.42,6.94,42.4,1,55.64,3.37,1.34,2024-03-02
S103852,8.76,6.505,2.24,7.32,5.81,3.2,42.56,3,65.35,4.42,15.14,2024-02-02
S103853,6.35,8.08,1.61,7.09,87.3,4.21,76.37,1,26.34,3.07,0.49,2024-04-17
S103854,7.18,6.05,0.65,5.72,24.15,5.92,61.6,2,65.79,3.32,0.72,2024-03-02
S103855,5.46,4.47,0.11,6.05,51.51,9.7,55.18,5,43.65,2.01,2.89,2024-04-28
S103856,5.61,10.34,2.04,3.57,7.29,4.6,59.41,1,70.91,2.19,5.1,2024-02-29
S103857,5.75,8.8,1.47,5.83,71.54,3.52,57.52,2,39.08,2.88,2.59,2024-02-08
S103858,6.98,2.82,1.22,4.27,86.34,7.85,67.17,1,45.39,0.93,3.31,2024-03-31
S103859,8.57,4.74,0.5,5.83,52.64,5.88,32.77,2,56.32,1.2,1.11,2024-03-30
S103860,6.34,8.83,0.51,7.41,17.76,3.86,69.48,0,59.35,5.38,1.27,2024-03-23
S103861,4.54,8.22,0.94,5.93,60.27,3.09,69.68,0,36.3,7.59,6.95,2024-03-05
S103862,5.46,5.96,0.68,3.18,12.59,7.65,9.83,2,74.88,1.24,1.25,2024-04-01
S103863,4.43,6.25,1.62,4.28,53.32,4.39,72.79,3,45.12,1.13,2.44,2024-04-05
S103864,6.96,6.29,1.35,4.39,44.86,3.41,24.86,2,59.35,2.27,11.66,2024-03-05
S103865,6.33,7.76,1.49,4.19,56.16,7.71,11.87,1,53.83,5.68,1.01,2024-03-05
S103866,4.83,6.02,2.89,7.71,66.37,7.82,98.48,2,39.86,3.59,3.39,2024-10-02
S103867,5.81,6.505,0.35,1.61,38.11,2.19,4.18,2,69.58,2.7,6.41,2024-04-25
S103868,7.58,4.08,1.64,8.9,22.18,6.53,51.85,2,60.48,1.89,2.9,2024-03-16
S103869,6.93,9.58,3.31,4.26,59.97,3.14,23.49,1,48.31,38.32,6.26,2024-02-09
S103870,5.52,4.6,2.44,6.59,48.35,6.62,51.89,4,50.74,1.0,3.74,2024-07-02
S103871,7.33,6.1,1.03,6.73,72.1,8.47,63.84,2,37.01,1.99,1.13,2024-03-01
S103872,6.83,6.67,0.68,3.1,55.87,8.03,61.11,1,58.56,1.21,2.26,2024-04-29
S103873,5.55,5.88,3.68,7.56,76.15,8.37,70.27,0,29.24,4.9,7.71,2024-08-02
S103874,6.55,3.65,1.7,4.25,88.93,4.64,75.71,2,38.39,0.63,2.69,2024-03-02
S103875,8.86,4.84,0.47,7.08,36.36,3.29,74.41,4,55.04,3.49,5.3,2024-03-19
S103876,4.8,5.79,1.45,5.38,15.25,6.34,81.88,1,64.42,3.53,6.63,2024-02-18
S103877,7.69,1.38,0.01,4.34,67.95,1.39,50.93,0,47.13,0.57,3.41,2024-04-26
S103878,6.11,7.14,0.78,10.0,32.49,2.46,71.93,3,40.63,1.75,3.33,2024-03-08
S103879,7.16,12.53,3.6,7.16,38.59,4.71,17.12,2,55.36,6.84,0.18,2024-03-07
S103880,6.85,4.86,1.56,1.76,70.88,4.3,37.39,2,56.52,0.94,3.02,2024-04-23
S103881,6.68,4.84,1.77,5.67,20.49,4.6,100.0,1,63.55,2.45,1.21,2024-04-03
S103882,6.09,6.92,1.92,3.01,32.45,6.72,39.89,1,59.54,2.64,1.29,2024-02-12
S103883,6.3,5.12,0.02,5.67,41.26,6.37,88.08,2,46.7,1.13,0.24,2024-02-05
S103884,7.22,3.75,0.94,9.85,47.15,8.49,63.38,4,41.57,1.43,0.97,2024-04-18
S103885,6.93,6.33,1.92,6.01,40.19,10.0,49.89,1,52.51,1.54,4.81,2024-02-01
S103886,4.31,5.15,0.25,1.99,43.2,5.26,42.31,0,60.25,3.08,8.69,2024-02-03
S103887,6.92,5.19,0.75,6.95,31.93,5.86,34.91,4,54.82,20.77,2.27,2024-04-21
S103888,8.09,8.32,1.29,7.72,23.06,6.35,31.29,3,64.1,3.49,2.19,2024-04-29
S103889,7.52,7.07,0.7,2.43,68.5,7.47,50.05,2,63.64,1.84,5.96,2024-04-28
S103890,6.59,7.67,0.69,4.28,49.1,4.46,54.46,2,58.58,3.31,0.26,2024-02-12
S103891,3.81,9.61,0.93,8.06,65.15,3.82,2.67,1,30.02,3.82,10.39,2024-02-15
S103892,7.11,7.77,1.73,7.33,6.57,7.15,58.82,1,66.4,3.94,0.25,2024-03-16
S103893,7.21,8.51,0.06,1.0,50.7,5.68,56.46,0,69.37,2.52,0.63,2024-03-02
S103894,8.3,6.51,1.99,6.26,33.88,5.84,60.56,1,65.31,3.08,0.71,2024-02-23
S103895,5.0,8.46,0.17,5.81,55.85,8.44,75.84,2,48.11,1.29,8.65,2024-02-10
S103896,5.98,10.18,0.79,5.5,46.93,3.67,51.17,4,53.0,3.35,3.42,2024-03-01
S103897,5.58,5.42,2.47,8.21,45.69,5.34,80.39,3,45.91,2.58,3.47,2024-03-20
S103898,5.93,7.25,3.01,2.9,70.19,4.53,57.49,1,51.23,3.62,8.84,2024-05-04
S103899,3.94,4.03,0.73,6.66,44.4,1.65,53.15,3,50.11,1.53,6.78,2024-09-02
S103900,5.65,5.99,0.55,8.53,58.46,7.71,65.79,3,38.37,3.44,20.0,2024-04-03
S103901,5.71,6.41,2.83,7.19,45.38,4.42,21.13,0,42.23,5.92,6.63,2024-03-21
S103902,5.78,7.93,4.97,7.5,41.81,6.4,61.96,0,49.69,1.69,3.78,2024-02-24
S103903,8.47,5.64,1.2,2.25,10.27,8.38,44.64,3,86.45,0.96,0.24,2024-03-27
S103904,5.43,10.08,1.04,7.37,48.24,4.41,41.87,3,39.49,5.61,0.91,2024-03-09
S103905,5.68,10.3,1.66,6.15,70.85,4.92,69.35,2,50.16,2.62,4.66,2024-03-06
S103906,7.82,8.6,3.41,7.29,51.97,5.76,73.99,1,54.4,3.04,3.57,2024-02-13
S103907,5.52,11.88,1.45,6.06,58.27,3.09,64.68,2,46.49,2.69,0.68,2024-02-10
S103908,7.93,4.49,0.15,4.66,57.08,6.43,81.22,1,48.36,1.19,1.71,2024-02-27
S103909,6.9,2.2,0.04,6.16,35.96,3.09,41.34,1,63.6,0.8,11.34,2024-03-31
S103910,5.43,5.54,1.12,5.65,51.97,6.54,67.0,4,48.17,3.39,4.78,2024-04-27
S103911,5.32,4.55,3.09,7.31,60.09,3.28,70.17,2,43.68,1.13,0.99,2024-04-14
S103912,6.47,4.39,0.97,5.96,61.84,6.1,73.81,1,38.45,1.91,5.68,2024-04-15
S103913,6.02,5.41,1.67,5.84,41.84,5.28,31.02,3,51.27,2.02,0.33,2024-04-09
S103914,6.41,7.94,0.19,4.24,57.88,2.55,31.88,2,55.14,1.73,7.04,2024-03-16
S103915,5.49,9.56,1.1,4.02,56.94,4.99,46.5,2,60.15,3.37,12.08,2024-02-08
S103916,7.09,5.92,0.09,5.23,49.74,6.21,29.41,4,62.71,4.62,4.07,2024-03-26
S103917,5.36,8.72,3.33,3.83,54.71,3.81,89.82,2,46.31,2.63,0.76,2024-10-02
S103918,5.64,6.57,0.9,6.83,47.21,5.77,64.15,0,50.51,3.2,0.14,2024-03-07
S103919,6.03,6.99,0.26,2.83,46.23,4.22,41.35,4,53.39,2.59,3.76,2024-04-04
S103920,4.56,10.07,3.82,1.0,22.94,5.0,36.85,1,71.88,3.91,0.5,2024-02-07
S103921,5.84,6.69,0.11,4.6,29.62,1.99,85.56,0,71.92,1.67,13.31,2024-02-28
S103922,6.0,7.54,2.27,6.25,49.49,4.5,95.21,4,48.09,2.5,3.43,2024-03-07
S103923,4.3,7.13,0.02,4.83,47.1,4.29,70.65,2,46.53,1.84,2.2,2024-04-18
S103924,3.83,4.55,1.87,4.61,25.34,4.73,47.53,1,55.14,1.4,0.02,2024-05-02
S103925,7.97,8.81,1.29,6.47,15.58,10.0,36.01,3,70.49,2.04,4.93,2024-04-21
S103926,5.91,12.45,4.07,9.47,54.02,6.6,85.11,3,36.11,7.82,3.99,2024-04-27
S103927,6.08,6.77,0.03,4.61,38.21,2.78,67.24,1,59.49,27.09,2.37,2024-03-09
S103928,5.41,9.06,0.73,8.19,24.12,5.91,54.86,0,55.15,1.23,8.68,2024-03-05
S103929,8.43,10.08,0.29,7.9,33.06,9.12,66.18,1,58.88,2.31,2.11,2024-04-25
S103930,5.99,7.4,1.88,4.63,64.06,7.11,87.35,2,53.72,1.91,1.1,2024-03-26
S103931,3.83,7.29,1.94,5.72,34.84,6.76,40.57,0,44.25,2.12,4.35,2024-03-16
S103932,6.94,6.09,3.35,2.88,26.3,4.19,95.38,1,74.74,3.74,9.87,2024-03-17
S103933,4.94,3.74,2.32,8.26,35.38,8.49,63.55,1,40.96,0.82,14.82,2024-10-03
S103934,6.87,5.66,6.4,2.64,56.88,9.92,26.01,5,61.9,2.62,0.02,2024-03-07
S103935,6.09,8.29,0.11,4.8,20.82,1.0,61.11,2,68.14,2.87,1.63,2024-04-07
S103936,8.02,6.505,0.26,4.95,14.64,6.19,65.65,1,75.3,2.8,2.56,2024-04-22
S103937,6.93,4.59,2.24,5.76,64.89,2.17,78.11,3,54.38,0.94,5.37,2024-04-18
S103938,5.76,10.69,1.25,3.77,44.64,5.89,66.26,5,60.25,2.98,1.96,2024-02-02
S103939,8.23,2.76,2.12,6.47,0.0,2.71,30.32,2,74.69,0.64,3.16,2024-03-17
S103940,10.0,4.22,2.82,3.85,58.64,3.11,54.23,1,64.06,1.85,1.96,2024-02-02
S103941,5.55,7.17,0.56,6.13,22.3,2.28,65.24,2,59.38,1.9,0.18,2024-03-01
S103942,7.78,4.12,0.33,4.43,29.4,5.49,97.4,3,70.59,2.73,2.62,2024-04-17
S103943,6.8,5.88,0.1,8.25,44.36,5.09,51.03,1,44.06,2.61,10.12,2024-02-06
S103944,6.91,7.97,0.36,6.3,68.15,6.11,73.54,1,48.98,1.7,2.21,2024-04-22
S103945,4.59,4.26,1.72,5.64,29.46,6.2,29.65,3,58.26,0.99,3.43,2024-04-21
S103946,4.95,3.7,2.15,4.05,49.82,5.47,54.53,5,52.86,0.67,0.1,2024-02-03
S103947,8.24,8.29,0.1,7.88,86.56,5.65,47.9,1,33.54,13.03,6.13,2024-02-04
S103948,6.5,10.44,0.34,7.18,40.95,6.85,79.19,3,51.13,3.81,11.31,2024-04-18
S103949,5.56,6.6,8.0,5.49,67.26,5.07,28.56,0,38.22,1.33,17.95,2024-04-19
S103950,8.77,9.58,2.36,5.81,58.54,7.86,68.55,4,60.31,2.33,1.33,2024-04-25
S103951,7.98,2.64,0.01,6.39,64.51,5.13,53.9,3,47.28,0.64,1.06,2024-04-19
S103952,7.31,4.85,1.6,2.64,81.99,5.93,68.04,3,48.56,1.19,7.79,2024-11-03
S103953,4.96,9.42,0.15,6.19,30.97,7.37,70.05,0,57.38,5.07,11.8,2024-03-06
S103954,6.29,8.21,1.71,6.05,54.46,10.0,73.79,3,49.47,2.65,11.25,2024-04-25
S103955,8.33,6.53,2.31,3.25,39.63,8.97,45.68,1,68.1,1.48,0.38,2024-03-16
S103956,3.51,4.01,0.04,4.04,27.81,7.77,67.94,3,49.8,16.04,2.25,2024-03-19
S103957,4.12,2.48,0.57,7.19,39.38,4.07,55.98,3,40.1,0.97,0.7,2024-02-15
S103958,5.2,8.75,1.68,9.94,32.78,2.58,100.0,0,48.84,4.26,2.12,2024-02-25
S103959,7.64,8.88,0.1,8.79,50.17,10.0,33.02,3,48.97,1.74,1.95,2024-04-14
S103960,6.62,6.93,0.8,8.13,53.33,1.0,69.64,2,42.89,1.75,3.26,2024-05-02
S103961,6.95,8.0,1.35,6.41,49.96,5.51,77.27,4,51.06,21.87,1.7,2024-03-05
S103962,6.57,6.505,0.84,2.97,42.55,7.26,96.91,0,63.43,1.59,2.03,2024-03-19
S103963,6.45,5.45,1.38,9.48,48.59,9.01,53.24,3,39.01,1.45,0.41,2024-09-02
S103964,7.97,5.06,0.54,4.6,33.99,5.64,57.92,2,72.36,1.81,0.67,2024-03-27
S103965,10.0,5.17,4.45,4.13,80.69,5.21,36.55,1,54.73,2.81,6.68,2024-03-13
S103966,6.96,4.7,1.08,8.02,30.79,4.9,73.6,6,52.97,1.63,3.24,2024-02-24
S103967,8.12,9.87,1.01,8.38,32.86,6.06,27.68,0,53.31,4.6,1.69,2024-04-19
S103968,5.7,7.61,1.79,6.74,44.57,5.71,58.12,3,49.48,8.57,4.82,2024-03-23
S103969,8.52,6.78,1.1,1.31,39.12,7.13,63.86,2,86.73,5.77,2.47,2024-03-23
S103970,6.44,10.03,0.67,4.56,11.93,8.28,47.34,1,66.02,7.12,20.0,2024-04-01
S103971,6.56,8.17,0.41,9.63,18.42,6.0,88.84,2,49.27,5.07,2.35,2024-03-21
S103972,5.68,7.0,0.08,10.0,35.61,3.87,61.82,1,43.91,5.75,15.43,2024-04-21
S103973,5.26,7.26,0.83,7.48,43.83,3.06,87.89,1,45.09,3.79,0.12,2024-02-24
S103974,5.56,8.06,2.4,6.92,35.3,4.65,44.76,3,50.3,4.18,3.81,2024-04-04
S103975,4.97,5.08,1.63,5.94,50.72,10.0,51.64,0,42.96,1.8,0.2,2024-02-18
S103976,4.53,7.12,0.38,4.28,51.18,6.68,80.01,2,48.26,1.42,4.66,2024-03-17
S103977,8.87,4.31,0.56,5.39,33.39,5.99,61.43,1,69.02,0.95,3.89,2024-02-22
S103978,6.93,5.28,3.34,9.07,52.48,4.05,46.92,2,43.92,1.45,2.14,2024-03-03
S103979,7.69,6.41,0.74,3.89,59.55,5.83,77.02,7,55.93,5.42,3.08,2024-07-04
S103980,7.02,5.22,0.2,4.43,46.19,5.31,46.46,2,65.54,1.49,0.88,2024-03-23
S103981,4.35,7.64,2.79,4.54,84.36,3.22,91.2,0,29.23,4.28,1.59,2024-07-03
S103982,6.36,6.505,2.63,5.94,45.83,7.5,35.19,1,51.78,30.47,1.27,2024-04-29
S103983,5.09,11.39,4.42,6.76,62.85,4.06,56.59,1,46.09,4.75,0.03,2024-11-04
S103984,5.2,7.09,2.38,5.86,36.65,4.6,56.15,1,51.15,2.34,0.81,2024-04-02
S103985,6.16,7.97,2.8,8.11,33.39,4.97,82.75,0,52.94,3.67,4.57,2024-02-19
S103986,6.55,5.39,1.48,3.76,36.86,2.48,71.56,0,62.84,1.67,0.5,2024-02-19
S103987,6.45,6.69,0.22,6.57,68.9,7.95,64.77,2,37.38,2.52,2.95,2024-07-04
S103988,6.49,6.96,0.51,3.69,60.32,2.8,55.86,4,58.46,2.97,5.62,2024-03-25
S103989,5.92,9.26,0.23,4.98,39.93,10.0,56.51,2,58.62,4.76,6.57,2024-03-07
S103990,6.36,7.3,0.52,4.52,50.57,7.03,35.32,2,49.4,3.62,10.12,2024-02-22
S103991,8.06,6.36,1.36,6.82,49.69,5.53,62.46,0,54.86,2.36,2.65,2024-02-20
S103992,9.36,5.09,0.14,5.54,25.83,5.64,49.39,1,68.38,3.45,2.87,2024-02-08
S103993,7.88,7.0,0.91,3.79,67.25,8.19,54.83,4,61.8,8.44,8.24,2024-03-19
S103994,6.01,8.95,0.15,5.22,62.78,6.41,82.33,1,42.71,2.6,4.73,2024-02-13
S103995,6.86,3.62,1.15,4.14,38.43,6.71,49.92,2,56.4,0.82,3.96,2024-02-20
S103996,7.65,9.79,0.9,1.06,82.74,5.59,67.08,0,54.97,3.09,1.5,2024-02-24
S103997,7.72,6.91,0.58,7.24,7.66,5.24,41.08,5,71.85,2.64,10.86,2024-03-03
S103998,8.02,3.97,3.99,3.57,67.55,5.54,62.08,3,57.64,1.78,4.9,2024-03-30
S103999,8.05,6.17,0.29,3.44,28.26,2.94,42.03,2,73.19,1.52,6.38,2024-02-06
S104000,6.88,9.0,0.24,8.97,42.53,9.06,70.91,3,43.58,3.15,1.63,2024-04-28
S104001,5.93,9.12,2.23,4.85,32.34,6.72,36.12,2,49.44,1.95,0.9,2024-04-04
S104002,4.18,4.77,1.89,2.5,12.8,3.84,29.27,5,66.18,1.2,3.14,2024-03-13
S104003,7.81,6.15,1.28,4.0,26.84,5.45,63.05,2,72.09,1.87,6.74,2024-04-18
S104004,7.17,10.34,0.95,5.56,84.38,6.91,41.33,2,46.66,6.99,1.53,2024-03-15
S104005,5.12,8.63,0.36,7.41,36.95,6.72,35.52,2,51.56,3.13,10.95,2024-03-05
S104006,6.33,11.11,0.03,5.39,42.86,6.29,31.61,5,54.46,6.8,1.93,2024-04-11
S104007,5.76,9.33,2.37,7.07,45.08,3.17,89.32,2,48.86,2.68,4.93,2024-02-12
S104008,5.7,6.505,2.43,8.73,43.52,6.93,30.83,0,47.75,2.59,5.32,2024-04-25
S104009,8.74,7.42,1.67,8.62,9.51,10.0,47.16,5,65.88,6.5,5.07,2024-03-15
S104010,5.81,5.28,1.79,5.75,21.27,5.7,64.17,1,62.76,21.14,3.01,2024-04-02
S104011,9.69,7.49,2.7,4.76,72.4,6.07,46.54,2,50.64,2.02,6.69,2024-03-25
S104012,6.12,9.35,0.39,8.37,27.44,5.36,45.12,4,52.09,2.99,5.14,2024-02-07
S104013,5.31,8.36,0.66,10.0,56.34,5.28,59.52,1,33.83,1.77,5.69,2024-04-25
S104014,6.49,5.65,4.45,3.4,46.72,3.65,63.07,1,59.0,3.21,9.94,2024-02-05
S104015,9.67,3.77,4.34,6.29,47.92,8.65,14.98,4,59.36,0.69,1.69,2024-02-15
S104016,6.09,7.08,0.52,6.61,60.56,10.0,68.87,2,49.03,2.94,13.15,2024-04-08
S104017,7.02,1.18,0.77,9.22,52.85,2.6,70.36,0,43.28,0.99,10.09,2024-02-03
S104018,3.15,6.46,3.05,8.17,51.3,10.0,66.87,2,36.24,1.46,5.91,2024-04-18
S104019,7.12,10.21,2.21,7.8,3.52,6.23,72.7,3,63.89,3.69,3.2,2024-04-07
S104020,4.39,6.72,3.04,7.87,46.65,2.11,26.13,2,43.08,2.51,0.02,2024-04-07
S104021,6.14,2.42,1.97,6.88,49.04,4.91,78.46,3,52.67,1.65,5.66,2024-04-06
S104022,8.2,6.43,0.21,7.8,60.77,5.46,55.91,0,45.39,16.74,10.07,2024-02-09
S104023,5.95,5.27,1.27,4.95,22.31,3.34,41.51,1,65.89,0.97,2.37,2024-02-01
S104024,7.3,8.66,3.34,4.65,72.6,6.76,32.79,2,48.32,1.89,0.99,2024-03-10
S104025,5.99,2.59,0.81,7.07,16.29,5.67,64.74,2,57.22,4.0,5.38,2024-02-29
S104026,5.83,6.98,0.64,5.52,13.26,5.4,48.63,2,72.69,3.72,3.68,2024-03-21
S104027,6.69,5.08,4.39,6.33,57.86,4.65,48.08,1,40.78,3.0,20.0,2024-04-21
S104028,7.82,9.14,0.09,4.3,37.77,1.0,62.41,2,56.78,3.16,0.79,2024-04-08
S104029,6.44,7.66,0.3,6.79,38.6,8.68,79.11,2,54.69,3.6,1.52,2024-02-01
S104030,6.27,4.69,0.17,7.34,42.23,5.05,60.34,3,44.55,1.9,7.67,2024-04-11
S104031,4.96,8.61,5.05,5.23,45.43,4.29,25.72,1,49.03,3.65,4.32,2024-03-23
S104032,3.94,6.02,0.2,4.07,12.46,6.83,80.52,3,62.16,1.79,6.99,2024-03-04
S104033,6.48,9.43,2.72,3.81,19.48,2.8,54.66,3,72.32,3.83,4.72,2024-04-12
S104034,6.04,7.97,3.96,4.45,74.98,5.33,58.17,0,44.75,9.67,1.01,2024-03-04
S104035,6.67,8.73,1.52,7.7,88.37,8.41,35.86,4,35.04,1.82,3.7,2024-02-19
S104036,7.75,6.09,0.35,7.06,41.5,6.42,72.3,2,52.54,1.9,11.18,2024-03-29
S104037,7.44,5.88,1.27,7.25,60.16,3.63,99.4,1,45.51,0.94,4.24,2024-02-21
S104038,5.07,5.59,0.56,4.03,40.99,7.28,54.14,0,54.69,1.86,4.15,2024-04-25
S104039,6.65,7.06,2.33,3.57,37.4,2.15,53.92,2,71.17,1.69,6.98,2024-04-01
S104040,6.68,1.5,1.65,3.59,41.24,4.78,46.05,0,62.98,0.74,4.89,2024-04-03
S104041,5.95,10.45,1.91,7.08,47.21,6.34,51.93,1,40.01,4.38,6.56,2024-04-19
S104042,3.15,6.89,1.4,4.24,51.77,6.13,45.37,2,45.12,2.34,1.39,2024-04-13
S104043,5.17,6.87,0.25,5.55,20.55,6.04,35.07,0,62.86,1.21,2.98,2024-02-02
S104044,6.16,3.09,1.58,4.27,23.55,6.3,49.16,0,64.51,1.89,8.23,2024-03-16
S104045,7.34,3.74,2.12,6.06,48.55,6.57,37.43,4,49.04,0.73,4.11,2024-03-26
S104046,5.85,3.97,1.02,5.72,24.01,3.16,62.38,2,68.03,0.72,1.6,2024-02-24
S104047,4.34,8.27,3.21,5.21,39.17,6.11,68.96,1,51.81,33.08,1.33,2024-04-22
S104048,8.19,4.69,1.49,6.17,17.74,5.32,99.38,1,71.55,2.19,5.8,2024-08-03
S104049,6.23,4.62,0.87,2.74,35.91,4.11,100.0,0,62.37,1.49,4.7,2024-04-07
S104050,5.64,8.39,0.43,8.83,85.07,6.49,39.64,6,22.51,3.43,2.7,2024-03-03
S104051,7.02,4.69,1.98,3.27,25.53,3.77,17.6,2,70.92,2.53,0.89,2024-04-29
S104052,7.24,2.15,1.64,4.96,30.34,6.74,94.54,3,62.69,0.63,1.39,2024-06-03
S104053,6.17,0.07,0.66,10.0,53.22,6.56,67.91,1,39.97,0.27,8.53,2024-04-20
S104054,5.46,6.45,0.11,6.68,28.84,8.08,30.22,0,56.54,11.48,1.67,2024-03-20
S104055,5.48,6.505,0.71,6.08,54.8,4.28,49.49,2,43.16,5.99,2.9,2024-02-22
S104056,7.38,8.15,0.18,6.14,61.88,8.95,70.73,2,45.97,3.23,1.55,2024-04-27
S104057,6.08,7.87,0.18,6.45,53.47,5.03,52.2,1,41.73,7.64,6.17,2024-03-11
S104058,6.97,3.98,4.54,7.3,32.71,1.27,66.52,2,51.39,2.04,0.88,2024-04-25
S104059,3.6,10.57,1.67,8.97,72.42,5.28,56.55,1,25.99,3.89,7.11,2024-03-14
S104060,5.58,5.14,0.89,6.94,52.53,8.9,43.07,2,54.55,20.56,2.4,2024-03-13
S104061,5.73,9.48,0.86,4.24,43.67,5.03,87.79,3,53.93,37.05,2.31,2024-02-03
S104062,5.61,12.46,0.81,5.58,48.29,8.45,68.35,1,50.62,7.46,10.23,2024-03-06
S104063,3.54,8.27,0.3,4.08,59.29,1.77,47.88,2,49.86,1.98,1.11,2024-03-01
S104064,5.64,3.08,1.63,4.52,53.02,7.98,41.23,1,56.66,1.17,6.0,2024-02-28
S104065,8.46,7.06,1.22,4.99,50.75,5.77,58.97,0,71.82,1.68,13.41,2024-03-08
S104066,6.69,5.07,0.29,2.44,58.46,6.33,82.88,2,62.75,2.52,12.66,2024-02-12
S104067,5.53,6.47,0.85,7.9,27.84,6.53,57.72,3,49.26,4.0,5.52,2024-04-05
S104068,5.26,8.9,1.19,6.21,39.88,3.11,83.79,2,54.45,3.09,1.25,2024-09-02
S104069,4.36,10.89,0.14,4.01,88.98,6.69,39.1,1,33.76,1.96,9.03,2024-02-05
S104070,6.58,9.34,1.55,1.0,46.18,4.33,72.04,0,65.31,7.9,2.12,2024-02-15
S104071,5.16,6.4,0.98,5.83,55.88,3.43,70.4,1,45.51,1.54,1.94,2024-02-29
S104072,5.7,7.79,0.28,5.02,21.65,5.78,81.26,4,59.75,5.11,1.98,2024-03-25
S104073,7.5,4.99,1.49,8.66,27.25,3.74,58.15,2,58.12,1.6,0.25,2024-02-18
S104074,7.57,7.47,0.56,10.0,22.63,8.72,50.65,2,51.02,4.65,1.76,2024-04-14
S104075,7.12,6.11,1.39,5.31,25.92,5.41,89.47,1,62.89,2.04,10.19,2024-03-19
S104076,3.94,8.98,1.46,6.7,50.55,4.48,44.6,1,38.67,5.92,1.25,2024-03-26
S104077,5.46,8.93,3.12,9.17,79.37,7.99,57.08,3,29.85,7.67,1.44,2024-04-19
S104078,7.9,7.45,0.44,6.17,44.46,8.79,39.56,3,58.1,1.8,5.98,2024-03-23
S104079,4.59,6.8,1.32,5.56,31.54,5.83,97.69,3,52.41,2.14,0.26,2024-03-23
S104080,8.01,5.98,2.88,8.07,31.59,3.52,32.11,2,57.29,3.06,6.97,2024-02-18
S104081,6.21,9.88,2.48,5.94,23.06,1.54,79.32,5,69.81,3.75,7.78,2024-10-04
S104082,7.57,8.63,3.61,7.72,24.78,3.02,62.46,1,57.83,3.26,0.62,2024-03-03
S104083,5.67,9.2,0.05,5.24,16.71,2.98,63.46,2,68.26,6.83,1.07,2024-04-29
S104084,4.62,5.65,8.0,2.02,16.52,4.96,52.95,1,69.55,3.05,5.08,2024-02-20
S104085,4.83,8.19,0.55,6.56,20.63,9.23,57.92,0,60.07,4.09,2.54,2024-04-19
S104086,8.28,6.94,0.23,7.25,53.04,4.06,48.91,2,54.25,2.6,1.51,2024-09-04
S104087,5.79,8.76,2.0,8.14,63.36,5.9,58.65,2,39.06,1.85,2.02,2024-04-15
S104088,4.53,12.62,2.84,9.73,41.67,2.08,85.68,1,28.56,5.65,5.99,2024-03-19
S104089,7.39,8.72,2.23,7.97,35.32,6.62,51.9,2,53.75,1.99,0.52,2024-04-22
S104090,4.08,8.11,0.71,7.4,79.68,8.14,15.66,3,27.11,2.3,6.11,2024-11-03
S104091,6.02,2.38,0.6,6.16,12.77,8.08,92.42,1,62.39,2.58,1.26,2024-03-22
S104092,6.72,6.505,3.66,2.87,52.91,4.27,84.52,4,57.08,2.48,5.88,2024-03-03
S104093,6.65,2.5,0.5,5.7,76.6,7.83,41.84,1,45.57,3.3,12.35,2024-04-18
S104094,6.83,5.27,0.13,6.51,38.8,8.03,65.73,1,54.25,2.52,10.86,2024-02-02
S104095,6.12,9.14,0.05,2.43,38.79,4.6,62.29,1,68.91,1.65,17.67,2024-04-06
S104096,3.0,10.89,0.12,8.7,33.46,2.92,41.23,1,39.98,3.92,0.98,2024-08-02
S104097,6.58,6.45,0.07,4.4,10.13,8.25,80.4,0,74.83,1.05,14.14,2024-11-02
S104098,6.18,1.83,4.13,7.02,8.5,4.84,83.58,4,63.96,0.45,0.87,2024-02-26
S104099,5.96,9.78,0.16,4.93,29.99,4.22,52.56,3,55.33,3.62,0.2,2024-04-17
S104100,6.93,9.04,3.23,7.11,85.8,5.25,58.48,3,34.68,2.63,0.75,2024-03-10
S104101,7.31,5.97,0.56,8.19,40.34,6.13,75.07,2,51.88,1.97,0.09,2024-02-16
S104102,6.54,1.52,4.59,6.43,56.04,3.49,64.8,1,44.94,0.49,0.02,2024-03-22
S104103,8.34,9.39,0.8,7.25,22.85,4.4,72.43,0,65.61,2.32,3.71,2024-04-23
S104104,9.31,6.31,0.13,7.67,17.93,7.03,28.54,1,68.85,0.95,0.18,2024-04-06
S104105,6.64,7.05,0.06,5.36,41.19,7.06,59.56,1,54.14,1.29,1.39,2024-01-03
S104106,5.75,1.66,1.06,6.41,34.94,5.85,41.32,0,49.5,0.44,2.4,2024-03-04
S104107,4.43,4.59,0.46,7.57,56.39,5.8,73.15,1,35.76,0.69,1.01,2024-02-05
S104108,7.05,10.18,0.76,6.92,58.24,7.19,11.34,2,35.81,4.43,12.23,2024-03-26
S104109,3.75,4.17,1.61,6.21,57.42,4.8,71.34,0,37.75,1.42,1.47,2024-04-25
S104110,8.6,8.1,6.93,5.14,33.04,5.81,46.71,1,68.44,2.61,0.09,2024-04-06
S104111,7.61,6.21,0.87,9.02,60.0,1.0,72.16,2,44.09,2.76,2.06,2024-04-27
S104112,5.5,6.84,4.82,6.66,16.13,3.52,55.21,0,63.61,2.08,0.48,2024-03-19
S104113,7.19,8.15,0.04,7.53,46.81,8.33,86.92,2,56.36,4.18,7.59,2024-12-02
S104114,5.02,4.54,0.27,1.36,10.4,7.1,62.84,3,79.41,0.88,3.07,2024-04-18
S104115,4.69,6.88,0.73,4.61,13.58,8.66,83.56,1,57.84,2.29,0.38,2024-04-02
S104116,7.31,6.74,0.06,2.96,53.17,2.78,40.98,1,55.49,2.12,1.82,2024-03-07
S104117,4.81,4.64,2.15,5.04,54.18,3.74,65.39,2,44.84,18.54,1.86,2024-03-30
S104118,6.58,7.3,1.1,8.04,49.9,4.74,58.28,0,50.47,4.93,5.85,2024-02-16
S104119,6.06,5.81,1.64,8.55,53.97,3.33,67.04,3,38.81,1.95,14.2,2024-04-16
S104120,8.43,3.45,2.99,7.31,26.78,6.0,28.78,0,55.26,1.7,1.48,2024-03-14
S104121,6.68,10.46,1.14,2.71,30.21,6.5,82.59,2,68.64,4.03,0.98,2024-04-16
S104122,8.45,8.69,0.1,6.28,34.66,5.76,54.56,3,67.65,2.14,5.46,2024-02-06
S104123,7.45,5.93,3.53,4.66,32.53,6.86,100.0,2,65.61,3.48,2.87,2024-03-13
S104124,5.16,7.74,0.17,7.59,51.17,8.86,75.4,3,52.41,2.35,5.34,2024-02-22
S104125,4.6,2.8,1.06,7.44,73.94,8.0,57.58,1,39.33,0.71,0.22,2024-03-21
S104126,3.28,6.25,0.1,3.92,38.24,2.88,65.75,3,53.01,1.24,20.0,2024-03-21
S104127,6.28,7.07,0.12,7.73,27.97,6.71,62.59,5,60.72,1.98,2.65,2024-03-10
S104128,3.0,7.54,1.56,5.5,29.37,7.09,86.98,0,41.89,1.81,7.21,2024-03-27
S104129,5.08,3.68,0.66,7.3,30.33,3.56,73.76,1,50.38,0.76,0.79,2024-03-27
S104130,3.0,6.15,0.17,8.26,84.57,6.07,61.22,2,21.0,1.55,0.68,2024-10-02
S104131,5.36,7.29,2.63,4.16,63.29,4.44,29.86,0,53.9,10.23,1.78,2024-04-23
S104132,7.22,3.95,0.29,7.28,42.08,7.43,61.46,1,55.45,0.75,1.11,2024-02-02
S104133,5.0,6.505,1.47,5.29,43.57,7.07,51.2,1,54.69,26.25,0.71,2024-04-27
S104134,5.45,5.25,0.47,7.69,26.73,5.21,51.48,1,55.42,2.52,0.4,2024-04-28
S104135,5.59,1.98,0.0,1.55,59.08,6.3,92.84,3,52.99,0.97,0.44,2024-03-13
S104136,6.6,5.6,0.28,7.3,68.36,5.31,72.03,0,44.62,1.03,0.72,2024-02-26
S104137,4.15,9.76,1.06,5.25,48.15,4.02,44.75,1,43.44,1.96,0.43,2024-02-23
S104138,6.38,2.59,3.02,5.52,45.56,5.97,67.26,4,58.56,0.72,3.24,2024-03-06
S104139,6.08,11.04,0.14,3.81,56.62,4.81,54.39,4,51.75,3.63,7.54,2024-03-09
S104140,4.77,8.7,2.28,7.16,62.58,5.08,62.8,0,35.95,3.07,7.71,2024-02-04
S104141,4.84,6.91,1.23,4.91,44.88,3.77,37.43,1,49.59,2.08,11.86,2024-04-05
S104142,7.91,7.35,3.55,3.28,77.58,3.91,33.25,1,57.76,2.69,2.15,2024-03-29
S104143,7.23,10.17,0.47,9.63,33.97,6.64,83.56,2,50.24,2.26,6.83,2024-03-22
S104144,6.82,3.9,0.29,5.19,35.87,2.87,66.82,3,56.06,1.46,4.97,2024-03-07
S104145,5.05,5.73,1.43,4.05,45.35,5.64,71.84,3,54.99,4.12,10.05,2024-03-08
S104146,5.73,5.23,2.6,6.67,18.84,8.81,33.08,0,65.06,1.87,3.78,2024-04-21
S104147,4.39,8.03,1.65,7.5,76.18,2.97,45.07,0,30.17,12.29,0.87,2024-03-16
S104148,3.75,5.1,0.47,5.54,72.61,5.4,43.74,2,34.37,1.33,6.71,2024-05-04
S104149,5.55,5.3,2.54,7.68,61.96,3.93,62.81,1,35.97,1.95,0.86,2024-04-11
S104150,5.37,5.73,0.84,4.22,42.1,4.43,55.34,7,52.19,3.03,2.28,2024-04-17
S104151,4.46,7.24,3.67,5.07,49.84,7.42,54.47,3,51.3,2.36,4.96,2024-04-10
S104152,4.5,8.51,2.32,5.79,58.66,8.41,56.15,1,47.43,8.45,8.64,2024-04-16
S104153,6.72,4.57,1.39,5.07,61.88,6.18,37.62,3,49.22,2.44,1.33,2024-03-28
S104154,5.56,6.39,0.31,6.73,56.37,1.0,60.84,1,40.76,2.22,0.66,2024-08-02
S104155,3.99,6.51,0.8,7.72,39.86,8.29,45.26,3,36.94,11.61,3.82,2024-04-14
S104156,9.06,8.01,1.98,4.69,34.33,5.04,46.69,1,68.45,4.16,1.98,2024-02-21
S104157,3.77,10.27,0.44,4.22,45.71,6.35,59.44,2,45.34,1.98,4.14,2024-04-19
S104158,6.5,5.06,0.66,5.78,38.29,7.38,64.03,0,56.88,2.82,7.48,2024-04-02
S104159,4.79,4.4,0.47,4.05,0.0,6.5,43.83,3,74.47,1.75,2.72,2024-02-15
S104160,7.15,5.69,0.57,5.48,56.62,6.57,46.6,0,55.83,1.39,0.34,2024-03-06
S104161,6.3,6.45,0.78,5.19,66.94,4.01,60.31,3,46.65,2.37,10.76,2024-04-14
S104162,7.62,8.92,1.95,8.39,28.24,1.57,46.93,0,59.82,1.71,1.39,2024-02-10
S104163,6.1,6.35,0.07,2.44,38.56,2.17,74.04,2,69.45,1.76,14.28,2024-02-08
S104164,5.14,8.5,0.82,3.95,34.79,2.95,100.0,5,58.72,3.07,7.38,2024-04-15
S104165,8.22,7.04,3.9,4.66,66.99,5.78,50.61,2,55.4,17.8,1.56,2024-04-06
S104166,6.12,10.59,0.16,5.78,38.98,6.91,59.31,1,55.32,2.95,2.18,2024-04-14
S104167,5.91,7.31,1.71,4.3,67.98,6.02,74.96,5,39.69,2.41,0.32,2024-02-29
S104168,5.99,10.6,2.77,6.75,54.47,5.13,46.84,2,41.99,2.67,6.11,2024-03-31
S104169,5.18,9.26,1.06,6.74,34.59,5.43,49.02,1,45.08,3.03,1.49,2024-02-08
S104170,6.69,3.19,0.66,3.96,33.21,4.4,49.9,1,67.94,3.33,0.75,2024-04-13
S104171,8.55,6.58,0.73,3.84,27.29,7.8,64.48,0,77.04,1.27,6.7,2024-02-21
S104172,8.29,5.15,0.38,3.46,55.38,8.86,40.24,4,63.3,1.24,7.45,2024-02-13
S104173,6.62,4.96,2.53,8.1,21.61,4.81,49.63,3,60.41,1.05,1.83,2024-03-10
S104174,7.1,6.9,0.15,6.65,30.02,5.88,90.33,3,66.09,6.18,1.19,2024-02-03
S104175,7.24,3.66,1.2,6.82,50.18,3.93,76.17,2,54.26,1.06,4.28,2024-02-18
S104176,5.31,8.31,2.32,10.0,70.71,6.08,44.7,3,25.41,2.83,1.39,2024-03-16
S104177,8.28,11.33,1.33,6.18,27.22,6.97,60.93,1,68.16,3.91,2.84,2024-03-22
S104178,6.55,11.29,1.56,5.21,100.0,5.69,62.38,2,34.32,2.4,4.11,2024-04-13
S104179,3.65,7.3,0.34,2.93,9.23,7.0,80.6,1,76.13,4.4,3.84,2024-03-20
S104180,7.06,8.16,2.01,7.42,57.19,3.55,81.02,3,44.35,4.51,4.81,2024-06-04
S104181,4.92,4.79,1.59,5.79,74.17,5.16,78.27,1,35.72,4.17,1.82,2024-02-03
S104182,6.62,7.69,0.25,5.82,32.65,2.52,53.58,3,53.86,3.23,3.1,2024-02-06
S104183,7.14,5.51,0.02,10.0,70.03,4.69,77.25,1,35.28,9.87,0.69,2024-03-19
S104184,5.76,6.34,0.54,6.41,34.02,3.75,62.46,2,56.93,3.51,0.76,2024-04-22
S104185,6.58,6.88,0.73,5.0,100.0,3.56,61.04,2,30.21,1.59,3.47,2024-03-30
S104186,8.08,8.06,0.47,5.69,35.4,2.94,83.78,1,60.75,3.03,1.35,2024-04-08
S104187,4.26,6.26,1.39,6.81,67.58,7.64,58.23,0,39.24,2.11,0.0,2024-03-04
S104188,3.55,10.45,0.74,6.03,18.55,4.88,24.82,4,58.31,4.83,6.56,2024-04-06
S104189,6.02,5.65,0.02,8.3,70.49,5.32,35.72,1,40.6,6.14,0.69,2024-04-29
S104190,5.85,9.08,1.93,7.36,63.77,2.05,76.82,1,42.34,2.43,3.23,2024-09-03
S104191,9.1,7.45,0.66,4.94,68.64,5.49,40.15,0,59.47,3.98,2.34,2024-02-21
S104192,7.58,5.92,1.6,6.83,35.49,6.0,83.95,4,55.14,12.94,0.82,2024-02-14
S104193,6.93,9.59,2.41,5.77,57.21,5.22,56.64,1,54.85,10.53,2.89,2024-03-29
S104194,6.05,7.44,1.06,10.0,1.61,4.85,35.08,4,54.7,2.11,4.75,2024-02-14
S104195,3.48,5.01,2.99,3.48,1.72,1.92,61.39,0,71.94,4.55,1.36,2024-03-26
S104196,4.33,8.87,5.07,4.58,38.11,4.93,68.64,1,61.96,2.29,5.26,2024-08-03
S104197,5.73,4.71,1.39,2.56,32.4,5.11,42.55,1,68.27,1.14,7.76,2024-04-06
S104198,6.44,6.97,0.22,5.43,54.21,4.47,68.51,2,62.71,1.58,3.05,2024-03-14
S104199,5.58,3.72,2.2,5.44,0.0,3.54,41.99,1,76.15,2.12,0.28,2024-02-23
S104200,6.33,7.7,1.74,3.85,23.18,6.01,68.9,1,70.0,2.97,0.06,2024-02-25
S104201,7.16,0.44,0.92,7.34,71.8,6.93,79.83,4,41.48,0.45,0.96,2024-04-17
S104202,5.18,3.63,2.88,4.84,63.3,6.54,66.1,0,47.07,1.89,17.88,2024-04-03
S104203,5.58,5.49,3.04,7.67,21.98,5.32,84.02,4,54.91,1.15,3.35,2024-02-03
S104204,4.82,7.76,0.57,5.45,68.54,1.0,46.12,0,35.43,7.25,4.32,2024-03-27
S104205,7.86,4.34,1.36,4.83,32.24,6.17,67.54,3,66.38,4.78,4.25,2024-02-17
S104206,3.34,9.45,2.44,5.69,33.79,7.4,53.32,3,54.74,37.79,1.77,2024-02-21
S104207,7.01,5.95,2.0,4.84,68.46,4.35,84.65,3,48.42,1.29,0.58,2024-03-31
S104208,7.24,5.82,1.08,9.33,70.66,1.52,52.85,1,39.0,2.26,4.2,2024-03-27
S104209,3.32,2.16,2.55,7.4,39.1,4.18,80.83,0,39.7,0.6,8.23,2024-03-13
S104210,5.49,8.99,0.58,7.82,60.16,2.18,79.23,2,32.46,4.33,2.81,2024-02-21
S104211,7.68,5.31,0.68,7.64,53.14,6.21,41.07,0,41.91,0.93,3.02,2024-04-25
S104212,4.9,5.81,3.92,5.85,46.46,5.19,37.53,0,47.97,2.27,6.21,2024-03-14
S104213,5.35,7.51,2.25,6.01,38.57,5.63,67.78,1,52.19,1.33,5.43,2024-02-22
S104214,6.1,9.28,0.52,7.58,36.55,2.87,56.16,1,51.0,8.42,3.29,2024-03-06
S104215,8.0,6.53,4.12,6.78,0.27,4.97,94.61,3,64.37,10.29,0.18,2024-03-18
S104216,7.02,9.32,0.89,7.33,81.54,6.39,74.51,2,34.08,2.0,3.2,2024-03-22
S104217,5.2,6.63,4.08,4.97,41.89,4.54,66.83,4,65.89,1.4,2.67,2024-03-28
S104218,4.23,5.72,0.76,2.93,39.31,2.68,71.31,3,57.27,1.11,0.62,2024-03-26
S104219,4.04,7.51,3.64,6.17,31.18,4.51,48.93,2,48.59,2.43,11.14,2024-02-28
S104220,6.62,11.73,0.23,7.54,23.15,6.26,94.5,1,51.35,6.15,2.68,2024-03-09
S104221,3.11,8.28,2.52,7.75,9.61,10.0,33.18,2,47.51,5.58,1.34,2024-02-19
S104222,5.34,5.1,4.19,9.14,55.42,1.0,75.28,2,35.56,1.23,2.36,2024-04-28
S104223,6.98,8.6,0.42,2.61,54.33,6.39,54.5,0,60.38,2.15,3.96,2024-03-04
S104224,4.46,8.63,0.18,4.62,64.11,5.92,40.05,2,43.9,1.81,2.16,2024-03-09
S104225,5.69,5.9,0.52,1.0,38.61,7.31,73.85,1,74.97,1.06,4.38,2024-02-09
S104226,5.99,8.09,1.24,6.81,31.04,2.36,72.21,2,54.16,2.34,4.09,2024-04-28
S104227,7.2,7.85,0.33,3.46,82.76,4.82,49.52,0,48.42,6.38,1.99,2024-02-05
S104228,4.25,3.15,4.12,4.56,32.13,8.39,55.23,1,57.12,1.02,0.54,2024-04-04
S104229,6.24,9.0,1.76,5.59,60.82,1.0,43.33,2,48.43,3.66,1.41,2024-02-13
S104230,6.06,3.12,1.13,4.41,72.6,6.37,62.16,1,40.7,12.48,3.81,2024-03-13
S104231,6.28,8.33,0.59,6.74,0.0,8.49,69.26,2,73.25,3.21,2.18,2024-03-24
S104232,3.93,4.77,3.85,4.03,26.52,7.44,86.24,3,53.55,1.02,1.94,2024-03-21
S104233,6.85,5.53,3.24,7.24,58.49,5.14,58.82,3,41.22,2.29,6.1,2024-02-01
S104234,4.96,6.71,6.36,6.3,18.53,7.27,66.93,2,59.68,1.67,1.48,2024-03-20
S104235,5.98,5.66,3.44,6.86,40.74,7.16,69.68,2,55.83,1.09,8.29,2024-02-01
S104236,4.95,8.02,2.51,4.67,58.35,6.5,13.44,1,49.59,3.86,5.01,2024-05-02
S104237,8.85,7.83,5.29,1.0,75.32,6.77,57.24,0,65.55,2.35,0.94,2024-03-30
S104238,6.22,11.34,0.5,1.39,81.75,7.63,83.68,2,55.41,45.37,2.0,2024-03-31
S104239,9.14,5.31,0.52,5.5,12.97,6.38,72.97,2,85.01,1.12,0.1,2024-01-04
S104240,5.27,6.36,0.88,7.84,52.12,7.65,69.64,2,33.35,2.32,2.95,2024-04-02
S104241,5.75,7.53,0.16,4.59,52.07,5.67,96.3,5,54.52,6.16,8.15,2024-02-02
S104242,8.21,5.58,1.25,6.02,51.98,7.45,27.61,1,59.58,2.6,1.27,2024-05-02
S104243,5.63,4.55,0.59,8.24,57.95,5.64,42.59,1,35.87,1.71,0.19,2024-08-02
S104244,6.76,5.95,0.82,4.33,53.9,4.29,39.9,1,59.65,1.11,3.41,2024-03-05
S104245,7.76,6.8,0.02,5.7,35.95,7.6,30.63,1,62.2,3.69,0.5,2024-02-14
S104246,5.63,11.93,0.61,8.36,43.14,3.98,41.19,4,48.79,3.75,2.8,2024-02-11
S104247,5.2,2.28,5.23,4.44,34.51,6.4,62.0,2,67.7,0.64,1.72,2024-03-12
S104248,5.8,6.34,0.21,7.57,15.91,5.74,59.98,1,59.42,1.96,0.49,2024-03-27
S104249,7.57,2.99,2.22,5.96,43.63,6.53,59.01,2,54.65,0.57,3.46,2024-04-20
S104250,6.75,12.08,0.42,1.0,34.05,6.27,55.71,1,77.24,1.45,1.13,2024-02-28
S104251,7.96,6.1,0.93,9.05,64.33,4.02,75.8,5,44.82,5.17,6.41,2024-10-04
S104252,5.78,8.77,1.15,5.45,44.81,5.26,61.75,1,51.13,2.39,0.1,2024-02-04
S104253,5.48,1.79,0.64,6.48,38.43,6.2,53.32,3,52.18,0.63,1.97,2024-03-09
S104254,4.57,7.82,3.76,7.82,33.91,8.62,74.54,4,48.35,7.04,1.68,2024-02-18
S104255,5.73,7.62,0.13,7.03,73.41,3.19,78.75,2,39.27,2.38,4.0,2024-02-19
S104256,5.32,8.38,4.16,5.35,63.63,8.15,50.25,0,44.59,3.57,0.27,2024-03-03
S104257,5.98,10.2,0.45,6.07,29.68,4.05,45.2,3,59.11,2.44,2.17,2024-04-16
S104258,4.84,6.505,2.07,7.42,31.58,6.38,42.87,0,57.31,3.02,2.72,2024-04-08
S104259,5.15,11.27,0.09,10.0,43.38,7.45,57.92,2,33.98,7.79,5.18,2024-04-02
S104260,5.72,7.09,0.14,5.16,88.56,1.88,28.2,1,44.76,5.18,1.86,2024-02-29
S104261,7.5,3.82,0.72,2.99,46.7,5.04,71.07,1,68.31,1.01,0.84,2024-02-17
S104262,5.69,8.32,0.89,5.95,42.1,2.84,30.26,0,51.74,2.34,3.85,2024-04-06
S104263,5.35,8.28,4.4,5.71,64.03,6.31,63.99,2,41.33,3.78,6.77,2024-03-18
S104264,7.59,4.89,5.39,8.32,50.75,5.33,63.63,2,42.87,15.24,1.23,2024-02-01
S104265,8.04,7.4,0.03,9.51,52.75,1.6,36.12,1,47.9,29.61,0.79,2024-02-04
S104266,5.74,7.19,1.38,5.24,47.84,6.81,68.38,3,52.99,3.08,1.62,2024-03-02
S104267,5.79,4.71,0.39,6.1,20.68,4.47,69.46,2,60.89,1.38,3.84,2024-02-14
S104268,3.62,4.18,0.82,9.38,49.8,2.51,45.53,2,37.45,0.68,0.44,2024-02-08
S104269,3.98,10.92,1.79,4.32,45.26,4.19,77.52,6,48.91,3.67,7.14,2024-02-18
S104270,6.09,7.48,0.01,1.0,30.12,6.29,48.39,1,76.23,2.62,3.57,2024-02-23
S104271,8.09,7.91,0.54,7.26,43.6,3.36,52.53,1,55.62,22.14,10.95,2024-04-22
S104272,8.73,9.88,2.25,7.78,63.71,9.3,100.0,4,50.32,2.48,4.08,2024-04-10
S104273,7.31,3.86,2.95,7.35,49.82,4.57,83.97,1,48.06,2.39,0.65,2024-03-15
S104274,5.48,5.51,2.97,3.9,12.17,2.71,69.36,1,68.1,1.12,1.5,2024-04-05
S104275,6.87,7.65,0.71,3.1,42.41,8.06,46.86,3,64.54,2.74,2.03,2024-03-15
S104276,4.1,9.48,2.08,7.35,24.07,3.52,59.34,0,55.89,8.59,0.56,2024-03-13
S104277,6.04,7.62,0.66,4.66,100.0,3.54,53.24,2,32.21,1.75,0.87,2024-02-09
S104278,4.51,6.6,2.25,3.43,7.73,3.12,18.51,3,64.65,3.26,1.93,2024-04-06
S104279,6.16,6.72,4.14,5.52,31.43,1.21,39.51,4,64.9,1.87,4.35,2024-03-17
S104280,8.17,6.68,0.01,4.7,42.54,7.53,81.62,0,68.31,2.84,2.23,2024-02-15
S104281,9.2,8.32,0.02,4.84,14.7,5.18,49.2,2,83.93,7.38,2.09,2024-03-26
S104282,6.46,1.99,1.16,5.09,35.57,4.94,41.11,2,67.65,0.49,0.46,2024-03-06
S104283,6.71,10.91,0.54,2.79,55.61,4.41,63.6,5,59.41,1.61,2.68,2024-03-19
S104284,3.84,4.15,0.02,6.82,35.8,5.83,51.18,0,42.29,0.92,2.23,2024-04-25
S104285,5.25,6.73,1.88,1.0,42.07,7.43,44.34,3,68.12,2.38,0.82,2024-04-25
S104286,8.29,7.98,0.85,4.57,80.19,7.29,62.59,2,41.54,1.34,20.0,2024-04-19
S104287,7.79,3.81,3.52,8.34,79.18,4.69,69.34,0,37.28,1.74,1.75,2024-03-21
S104288,7.33,4.03,8.0,6.72,32.46,6.74,73.88,2,59.66,0.82,7.71,2024-10-03
S104289,6.79,6.33,0.26,7.8,74.83,2.9,52.38,3,32.86,3.47,9.34,2024-04-12
S104290,8.46,5.89,0.33,1.41,11.88,7.49,38.61,2,92.98,1.64,7.11,2024-03-22
S104291,5.8,7.25,1.18,4.77,60.15,4.22,52.8,3,48.0,3.29,1.35,2024-04-27
S104292,5.9,6.23,1.61,9.53,50.18,4.97,68.75,3,33.86,3.05,1.42,2024-04-21
S104293,10.0,7.95,2.59,5.81,36.06,4.52,74.09,0,73.57,2.49,7.49,2024-03-04
S104294,4.96,7.53,2.01,2.32,63.08,4.33,75.13,1,48.22,3.46,4.34,2024-03-02
S104295,6.79,4.66,2.05,4.86,75.55,6.4,47.09,4,44.5,0.94,2.67,2024-03-13
S104296,5.64,6.02,2.58,6.7,64.37,2.32,42.62,2,46.31,4.33,2.86,2024-03-13
S104297,8.26,7.29,7.27,4.46,54.96,6.07,68.58,2,60.79,2.31,2.86,2024-02-25
S104298,5.8,4.03,1.06,6.32,62.74,5.63,19.65,1,48.47,1.34,0.29,2024-03-03
S104299,5.68,2.83,0.46,4.61,11.34,6.43,80.67,1,70.19,1.06,5.12,2024-04-10
S104300,5.73,6.505,1.77,9.85,78.52,1.0,62.28,1,36.04,11.49,4.23,2024-02-27
S104301,7.3,6.505,0.64,6.71,41.22,8.03,83.71,0,58.56,2.05,1.43,2024-02-24
S104302,4.76,3.25,1.39,5.51,27.38,3.55,55.65,1,48.96,1.03,0.58,2024-04-10
S104303,4.09,3.94,2.81,7.36,24.71,4.96,89.95,3,51.72,0.83,5.3,2024-02-07
S104304,6.0,6.505,3.03,5.5,69.76,3.84,51.28,1,43.15,1.77,0.53,2024-02-13
S104305,5.67,7.9,0.06,6.03,37.72,5.84,87.0,0,52.12,3.47,5.44,2024-04-06
S104306,6.92,6.71,3.39,3.7,13.7,2.76,78.51,3,71.2,1.22,4.9,2024-02-02
S104307,5.68,10.44,0.04,7.03,68.32,7.29,38.36,0,30.57,3.08,0.65,2024-03-23
S104308,5.32,10.54,1.05,8.04,53.91,7.29,88.16,0,40.51,10.25,3.75,2024-04-16
S104309,6.57,6.08,1.01,6.73,54.27,6.62,72.98,1,54.93,1.68,3.85,2024-02-08
S104310,6.77,12.1,0.68,2.87,2.2,4.94,32.93,0,75.93,3.42,3.03,2024-02-25
S104311,7.59,4.06,1.24,4.54,45.78,5.44,93.41,2,63.25,1.06,1.72,2024-04-04
S104312,6.26,1.56,1.12,4.51,74.56,7.52,70.16,3,43.36,0.56,5.07,2024-03-26
S104313,3.63,4.36,0.97,6.63,30.38,9.75,47.58,1,46.92,16.62,11.95,2024-03-23
S104314,6.1,8.4,0.94,6.01,16.65,5.01,84.38,2,61.7,3.4,0.06,2024-03-07
S104315,6.18,7.58,0.57,6.37,40.03,6.96,61.61,2,52.24,1.73,3.35,2024-03-02
S104316,6.03,12.46,1.15,4.72,40.92,4.25,20.14,3,54.9,6.57,2.98,2024-02-28
S104317,6.91,6.505,0.56,4.34,86.93,8.68,100.0,3,38.85,3.13,2.02,2024-04-21
S104318,5.77,6.96,4.85,7.0,61.7,2.35,48.77,3,43.46,1.25,4.92,2024-02-29
S104319,7.73,4.58,0.27,5.85,33.56,7.11,49.68,1,67.67,1.42,7.26,2024-04-02
S104320,5.76,3.69,3.39,5.96,34.78,6.17,52.62,1,53.1,2.15,0.92,2024-04-23
S104321,8.13,8.78,2.54,3.12,37.2,3.97,69.95,2,72.75,3.52,2.49,2024-04-01
S104322,4.61,4.44,0.47,6.83,0.0,6.98,29.22,2,64.97,0.71,0.39,2024-02-26
S104323,3.0,6.93,1.74,4.32,65.32,2.74,43.3,2,42.95,2.27,5.92,2024-02-14
S104324,4.82,5.92,0.6,5.18,50.97,7.15,81.13,2,43.99,2.21,13.38,2024-08-04
S104325,10.0,8.03,1.39,4.19,40.34,3.25,47.79,1,68.17,2.22,13.29,2024-02-29
S104326,5.81,12.29,0.95,6.46,45.53,2.43,94.66,1,55.07,49.14,0.27,2024-04-29
S104327,6.01,7.3,0.53,4.89,32.58,5.98,70.94,2,58.73,29.18,16.53,2024-02-27
S104328,6.55,11.33,0.01,8.2,32.3,2.95,72.03,1,48.43,2.59,2.57,2024-03-23
S104329,5.58,5.95,1.98,7.07,57.18,1.0,53.37,3,42.13,1.67,3.83,2024-03-26
S104330,6.55,3.37,0.94,6.11,29.11,3.92,55.55,0,62.13,0.84,2.51,2024-02-06
S104331,6.35,9.13,2.71,2.2,48.38,6.16,45.78,2,58.01,2.39,5.93,2024-04-13
S104332,9.07,0.0,1.73,6.79,27.64,5.52,58.35,2,67.28,0.0,2.32,2024-04-02
S104333,7.86,8.11,0.1,4.83,30.78,6.41,85.78,2,64.71,4.52,0.88,2024-03-27
S104334,6.57,4.93,1.54,4.9,19.68,5.57,64.39,4,69.28,1.32,20.0,2024-03-24
S104335,7.17,5.37,2.21,6.67,50.93,3.82,54.77,1,48.09,2.0,9.09,2024-03-07
S104336,7.04,3.67,1.79,7.7,25.0,3.9,43.57,3,54.88,1.21,0.1,2024-02-13
S104337,4.68,6.47,0.76,6.51,30.69,6.29,45.85,1,54.49,1.85,2.89,2024-04-16
S104338,7.76,4.19,2.07,6.03,35.79,3.68,40.46,1,66.08,4.52,7.43,2024-08-04
S104339,5.31,3.96,0.57,8.09,77.78,7.41,45.35,5,33.09,0.72,0.73,2024-02-27
S104340,7.31,6.53,0.08,6.24,34.15,6.18,87.32,2,61.39,3.98,10.88,2024-04-23
S104341,6.4,9.11,0.14,4.41,31.19,6.41,64.3,0,70.92,2.13,2.48,2024-04-13
S104342,7.47,7.4,6.93,6.78,22.12,2.36,90.46,5,64.82,1.99,1.66,2024-03-01
S104343,8.2,7.58,0.74,5.63,48.11,3.22,57.17,1,54.89,2.27,8.97,2024-02-26
S104344,7.03,3.18,0.09,4.67,65.92,3.75,43.73,0,48.38,1.25,2.92,2024-03-13
S104345,5.53,7.47,1.12,1.61,80.09,5.98,75.41,1,45.07,2.3,0.72,2024-04-25
S104346,5.76,5.94,0.1,6.68,37.6,4.59,56.73,5,48.29,2.5,0.93,2024-03-16
S104347,7.0,7.35,0.32,5.72,69.41,3.31,40.46,0,46.86,2.19,6.23,2024-03-16
S104348,5.62,6.505,0.88,8.47,60.25,4.66,91.36,2,37.36,1.2,0.52,2024-02-22
S104349,5.67,3.75,3.2,5.83,49.24,4.13,37.49,1,55.66,0.52,9.83,2024-04-23
S104350,6.04,6.505,2.79,4.56,48.93,4.32,56.13,3,58.96,1.82,8.76,2024-03-18
S104351,5.7,2.6,0.82,4.91,26.41,5.88,95.4,3,59.73,0.71,0.79,2024-03-25
S104352,6.94,8.31,2.05,3.53,46.25,6.66,27.56,2,61.47,2.53,6.66,2024-04-09
S104353,5.57,10.8,0.16,4.39,24.78,3.92,16.55,0,64.93,1.96,0.81,2024-04-16
S104354,6.34,8.97,0.49,5.93,28.66,2.02,72.52,4,57.68,11.56,0.85,2024-03-27
S104355,5.18,2.2,8.0,5.13,76.3,9.25,80.11,1,40.95,0.46,0.09,2024-02-01
S104356,3.78,4.49,0.95,6.08,88.67,9.04,59.05,0,28.39,3.79,0.08,2024-04-06
S104357,7.33,7.02,1.76,5.39,57.85,10.0,80.93,3,55.73,16.03,6.84,2024-04-16
S104358,7.58,5.44,1.3,6.19,34.46,6.37,76.09,1,48.45,1.72,3.29,2024-10-02
S104359,5.51,6.06,2.02,5.39,11.3,2.38,77.26,2,67.19,2.25,3.0,2024-07-02
S104360,7.34,7.26,2.17,4.98,70.59,4.17,71.36,2,48.75,1.44,4.37,2024-02-14
S104361,6.65,3.5,0.23,2.81,5.19,4.05,44.06,1,76.51,1.29,11.38,2024-03-16
S104362,4.58,7.28,0.31,10.0,0.72,1.0,100.0,1,59.95,1.18,4.03,2024-04-13
S104363,7.87,7.81,0.3,2.3,90.25,9.02,63.44,1,49.88,1.41,2.46,2024-04-22
S104364,3.42,8.33,0.49,6.48,56.37,3.53,53.33,2,28.46,2.57,2.96,2024-02-15
S104365,6.14,3.5,1.28,5.99,14.33,4.09,93.08,1,64.4,1.05,4.2,2024-10-03
S104366,7.22,7.2,1.74,6.85,52.53,10.0,89.11,1,58.1,5.11,1.79,2024-04-10
S104367,4.67,6.65,0.42,6.56,37.25,7.44,62.79,3,45.95,1.6,2.28,2024-03-17
S104368,8.46,8.4,1.51,3.28,52.53,3.9,53.62,2,67.98,2.34,0.43,2024-02-11
S104369,5.39,2.14,0.93,4.33,17.48,5.82,60.96,2,67.62,0.55,2.35,2024-03-04
S104370,7.98,3.86,1.04,3.8,36.8,5.02,67.54,1,70.25,1.85,16.92,2024-03-15
S104371,5.96,4.12,1.0,7.37,31.65,3.03,42.06,1,53.67,1.48,1.17,2024-04-04
S104372,7.19,7.96,0.16,9.7,30.09,7.22,49.58,1,47.01,3.93,2.34,2024-09-04
S104373,6.15,3.89,0.22,5.33,6.06,6.21,61.53,2,65.88,1.5,5.37,2024-03-14
S104374,9.56,1.77,1.82,5.23,41.65,8.25,72.74,7,61.2,0.34,1.07,2024-02-16
S104375,6.81,3.94,5.09,7.43,36.92,4.88,52.02,2,47.86,1.1,13.34,2024-02-07
S104376,7.68,7.9,0.86,7.73,49.95,6.26,75.35,2,46.33,2.11,5.49,2024-02-25
S104377,7.25,11.24,0.77,6.53,59.5,9.24,47.92,0,46.8,2.89,6.66,2024-03-13
S104378,6.52,9.8,0.22,5.43,25.88,7.11,74.47,3,66.0,1.89,2.81,2024-03-22
S104379,5.89,8.13,0.2,6.44,60.79,4.37,53.12,5,45.39,1.64,1.28,2024-04-02
S104380,6.82,2.78,1.26,5.96,78.73,3.24,75.71,2,46.1,0.65,7.73,2024-04-04
S104381,7.65,7.08,2.04,6.07,5.2,4.55,51.86,0,73.44,3.52,4.24,2024-02-18
S104382,7.53,6.48,0.03,5.75,50.91,5.41,54.42,2,49.74,3.96,11.02,2024-02-03
S104383,7.03,8.03,1.67,5.38,42.27,7.83,31.66,1,58.69,1.33,0.61,2024-02-19
S104384,6.08,6.04,2.28,3.3,33.73,4.93,41.32,1,66.7,2.34,2.95,2024-04-11
S104385,7.26,7.47,3.63,2.96,20.68,5.74,20.04,4,75.33,1.46,2.62,2024-04-23
S104386,4.89,3.63,0.76,5.91,30.13,6.58,71.36,1,48.71,3.04,1.43,2024-02-28
S104387,6.25,5.84,0.16,7.49,68.68,7.12,63.65,2,41.67,2.1,2.31,2024-02-09
S104388,3.41,4.94,0.33,4.28,27.44,10.0,51.74,3,56.3,12.67,0.4,2024-12-03
S104389,5.32,9.7,1.44,6.57,22.47,7.95,45.56,1,55.56,3.52,6.24,2024-04-13
S104390,6.06,0.98,0.45,7.97,22.75,7.62,72.42,0,56.38,0.32,2.59,2024-03-05
S104391,4.31,2.5,0.92,2.82,27.86,5.51,55.35,2,57.7,0.54,0.09,2024-04-28
S104392,4.68,7.02,0.48,7.01,36.37,1.72,48.75,2,52.64,3.44,1.87,2024-02-09
S104393,7.61,5.27,6.63,3.72,0.0,2.44,59.86,1,88.69,0.86,4.42,2024-02-02
S104394,7.0,10.92,1.01,4.1,47.0,3.84,50.4,3,65.54,5.13,3.41,2024-02-09
S104395,7.83,7.28,0.9,4.5,80.16,7.52,79.75,3,50.94,2.32,4.01,2024-04-24
S104396,7.94,6.36,0.65,6.93,17.43,5.43,50.2,2,69.05,1.17,1.05,2024-02-11
S104397,7.21,4.55,0.64,8.69,50.92,9.13,60.71,1,47.29,1.54,5.42,2024-03-28
S104398,7.43,7.12,1.87,6.93,29.95,6.7,36.7,0,55.4,2.12,4.59,2024-04-20
S104399,6.73,8.18,0.09,6.67,58.16,4.7,71.43,1,42.0,2.75,3.1,2024-04-19
S104400,8.11,5.75,2.04,4.23,35.12,7.39,77.54,2,67.01,1.54,12.06,2024-03-12
S104401,4.18,6.38,1.3,2.66,45.9,5.57,71.13,2,55.46,1.8,12.72,2024-02-02
S104402,6.08,6.99,1.36,6.26,75.67,8.66,61.69,0,47.74,2.1,1.1,2024-02-17
S104403,7.77,0.0,0.63,7.57,31.23,10.0,71.97,4,54.57,0.0,4.21,2024-04-23
S104404,7.51,0.86,8.0,9.36,67.72,4.7,54.12,4,34.83,0.31,2.03,2024-04-07
S104405,6.42,8.04,0.7,10.0,68.54,4.88,89.2,1,33.94,2.34,2.04,2024-03-02
S104406,5.87,8.11,1.25,4.26,43.1,7.67,36.22,1,55.25,12.02,3.18,2024-02-21
S104407,7.5,7.11,7.2,8.41,73.19,5.86,65.62,2,40.03,1.54,0.01,2024-04-15
S104408,6.09,6.73,1.91,7.18,36.8,4.86,57.92,1,49.52,1.07,1.73,2024-04-16
S104409,4.76,7.65,2.02,6.01,74.4,5.45,52.44,4,39.33,2.12,4.65,2024-04-20
S104410,7.96,4.68,0.78,6.72,56.22,9.3,49.27,1,51.86,1.09,8.39,2024-04-12
S104411,5.8,4.96,1.35,10.0,48.11,5.47,40.5,2,35.08,1.08,3.23,2024-02-27
S104412,6.59,7.67,2.63,2.51,33.99,5.6,50.5,2,65.93,4.6,1.35,2024-02-01
S104413,4.06,3.66,0.41,2.43,23.07,5.18,48.2,0,72.84,0.89,3.12,2024-04-08
S104414,3.0,6.53,2.33,4.62,12.82,3.32,48.85,1,65.04,2.75,0.68,2024-02-03
S104415,6.96,7.58,0.06,4.29,12.54,6.73,44.82,3,69.32,1.51,0.54,2024-02-21
S104416,8.65,4.47,0.1,6.7,36.66,7.51,78.35,2,57.66,1.34,4.58,2024-03-12
S104417,3.13,9.9,0.86,5.81,58.66,2.96,61.58,3,45.43,2.92,0.42,2024-02-22
S104418,5.61,7.81,2.38,1.53,49.19,5.38,68.26,2,62.64,6.16,6.09,2024-03-14
S104419,7.11,6.75,1.28,1.61,31.54,3.79,64.25,2,80.44,2.85,2.33,2024-03-14
S104420,6.59,4.72,0.46,4.93,21.17,3.37,35.22,1,68.91,2.61,8.62,2024-02-24
S104421,6.41,9.37,1.63,5.88,34.65,5.8,65.23,2,59.45,2.23,1.22,2024-02-25
S104422,6.28,4.98,4.17,8.95,35.49,7.75,62.14,1,51.11,3.12,1.59,2024-04-10
S104423,4.98,10.58,0.7,4.14,37.43,8.2,61.3,0,60.98,2.83,10.46,2024-02-19
S104424,7.87,11.05,4.22,6.34,33.57,1.0,52.93,1,63.73,4.4,0.05,2024-02-23
S104425,7.67,5.98,0.15,3.13,43.31,7.99,50.42,2,65.42,4.95,2.33,2024-03-31
S104426,6.84,9.36,1.66,10.0,42.78,3.84,19.33,1,40.48,2.91,3.42,2024-04-21
S104427,3.11,12.54,2.83,3.5,29.01,7.07,43.62,3,61.57,6.37,3.98,2024-03-29
S104428,8.68,8.31,0.32,4.82,75.86,3.51,45.19,2,50.99,2.93,2.71,2024-03-28
S104429,6.25,6.79,0.73,5.29,69.06,4.11,69.06,2,36.65,27.14,4.04,2024-04-16
S104430,7.06,9.16,0.33,5.49,35.26,1.04,64.49,3,55.38,2.13,2.39,2024-04-08
S104431,9.02,6.43,1.61,6.83,49.2,7.61,78.82,2,59.67,1.53,2.46,2024-03-12
S104432,8.16,7.94,1.0,4.65,52.08,5.33,58.91,3,61.49,3.02,3.81,2024-04-15
S104433,6.2,6.505,0.64,7.39,39.04,4.46,46.31,1,53.05,2.7,1.02,2024-02-21
S104434,7.83,5.71,0.64,6.22,43.94,5.71,46.89,1,54.23,1.51,5.57,2024-04-12
S104435,7.17,7.76,0.36,4.2,63.77,6.43,55.48,3,52.95,2.82,5.73,2024-03-13
S104436,5.51,7.12,0.69,4.73,54.87,3.87,64.94,0,52.95,3.99,1.25,2024-04-20
S104437,6.52,6.46,3.22,5.11,59.23,1.0,63.27,1,51.08,2.7,0.11,2024-02-21
S104438,3.85,4.64,0.35,6.01,55.79,4.94,59.24,1,43.16,1.4,2.6,2024-03-31
S104439,4.13,4.76,0.85,7.54,32.48,4.32,52.3,2,42.89,1.2,3.17,2024-04-08
S104440,6.6,7.76,0.58,7.31,70.22,3.64,82.3,4,37.66,1.56,8.71,2024-04-21
S104441,8.31,6.63,1.46,1.0,31.5,4.45,72.35,1,81.14,2.03,2.37,2024-04-17
S104442,4.96,8.02,3.25,8.72,39.11,5.96,39.9,1,40.63,6.84,0.79,2024-04-10
S104443,8.02,5.98,1.17,4.21,19.07,8.36,99.24,2,73.23,18.76,2.8,2024-02-22
S104444,6.55,6.505,1.69,4.13,58.76,8.18,82.46,1,57.08,1.9,14.39,2024-02-09
S104445,8.86,4.71,3.01,6.29,74.77,2.73,45.09,1,45.8,1.32,6.07,2024-02-13
S104446,5.84,8.82,1.3,2.23,28.47,5.19,78.74,2,74.19,3.53,6.26,2024-10-03
S104447,10.0,5.67,4.04,8.64,38.1,4.35,73.4,5,68.59,1.2,14.18,2024-03-31
S104448,6.97,4.66,1.66,6.28,42.91,4.15,66.86,1,60.04,2.89,1.93,2024-04-18
S104449,6.01,9.43,0.04,3.1,51.37,4.18,53.47,5,57.81,3.3,9.17,2024-04-27
S104450,6.7,5.0,1.01,7.74,80.3,4.84,39.54,2,34.74,3.35,0.35,2024-04-09
S104451,3.77,8.39,0.15,2.25,40.18,5.56,65.68,6,61.62,1.19,1.52,2024-04-16
S104452,6.83,9.74,1.42,5.59,68.55,7.94,87.96,5,47.88,2.89,5.98,2024-04-24
S104453,5.89,10.06,0.8,6.9,55.19,3.16,35.98,3,49.54,2.99,1.06,2024-11-02
S104454,7.05,2.21,0.51,5.06,38.59,4.3,52.74,2,63.06,2.09,3.51,2024-03-23
S104455,5.88,5.34,2.14,7.87,65.43,5.09,45.54,3,42.36,1.6,3.16,2024-02-21
S104456,3.0,7.38,1.56,6.01,46.87,3.42,60.71,1,45.6,3.61,5.32,2024-03-17
S104457,3.0,6.38,1.86,1.78,28.21,7.22,38.62,3,61.48,1.65,0.51,2024-02-15
S104458,5.41,5.17,0.44,4.61,56.74,7.57,53.24,1,41.49,7.61,4.71,2024-01-04
S104459,4.55,10.64,5.26,8.87,39.15,7.06,23.93,0,44.68,14.92,3.85,2024-02-26
S104460,7.56,4.62,2.27,5.98,40.44,5.03,72.49,5,55.56,1.97,2.19,2024-02-16
S104461,4.81,2.58,1.05,6.94,61.78,10.0,42.52,1,37.33,0.64,0.44,2024-02-16
S104462,6.95,5.18,3.15,5.41,35.99,5.98,35.72,3,62.4,1.31,0.46,2024-03-16
S104463,6.09,3.9,1.28,4.53,51.04,8.38,43.4,2,49.08,2.08,10.7,2024-03-31
S104464,8.49,5.83,0.22,5.94,83.21,3.51,45.61,4,40.14,1.16,0.23,2024-02-03
S104465,6.44,4.96,1.77,8.07,65.77,8.18,75.36,2,36.87,4.31,2.71,2024-04-19
S104466,6.6,4.72,2.43,4.94,30.96,7.92,42.24,3,58.01,3.77,0.86,2024-03-06
S104467,4.89,2.26,3.96,6.31,55.05,6.77,42.05,0,49.89,0.64,1.77,2024-09-03
S104468,6.84,11.67,1.38,6.46,83.66,6.67,73.83,2,43.26,6.16,20.0,2024-03-18
S104469,7.25,5.83,0.47,3.12,17.48,7.35,37.58,1,71.46,1.53,1.57,2024-02-06
S104470,6.15,3.71,2.31,5.62,44.53,7.3,69.31,3,56.24,6.27,2.24,2024-03-24
S104471,7.31,4.79,0.16,6.73,51.54,6.43,55.1,2,47.12,1.36,7.3,2024-04-23
S104472,4.85,3.88,4.57,9.37,64.74,2.72,52.01,5,34.49,1.08,0.84,2024-02-05
S104473,6.0,8.07,0.2,10.0,5.45,3.02,42.42,0,58.02,1.27,1.58,2024-03-23
S104474,6.88,4.72,3.25,4.49,23.67,5.93,78.73,3,68.53,18.9,5.19,2024-04-21
S104475,5.87,3.49,1.1,7.83,59.62,8.61,31.12,0,40.73,1.6,3.14,2024-03-05
S104476,8.03,7.75,0.08,7.8,36.55,5.64,55.3,1,55.71,1.37,7.49,2024-02-22
S104477,7.21,6.05,1.61,9.11,35.39,3.32,78.49,2,44.39,2.31,0.64,2024-04-27
S104478,5.44,11.85,0.72,6.66,41.07,7.61,50.74,2,57.02,2.96,2.73,2024-03-27
S104479,5.0,2.59,5.96,10.0,8.69,6.46,51.85,3,50.4,0.82,16.06,2024-03-18
S104480,6.29,0.53,0.34,6.58,19.41,6.73,68.66,4,55.09,0.21,2.52,2024-04-11
S104481,5.29,7.55,0.24,5.39,16.62,6.78,44.75,2,60.63,3.87,1.14,2024-04-04
S104482,5.75,5.34,2.85,1.53,6.56,8.31,46.42,3,81.52,2.0,11.18,2024-04-14
S104483,4.73,9.34,1.46,4.54,57.27,5.6,26.21,2,44.79,4.61,12.56,2024-02-27
S104484,7.4,5.53,0.44,4.18,67.75,5.0,75.97,0,51.74,1.02,7.19,2024-03-22
S104485,6.55,8.72,2.39,6.3,77.99,4.3,44.04,4,41.84,2.06,1.09,2024-03-12
S104486,6.73,3.9,0.31,5.54,65.28,2.89,85.3,6,50.92,0.75,0.54,2024-03-04
S104487,7.46,8.19,0.74,8.57,43.29,5.04,21.97,0,49.63,2.14,0.5,2024-03-03
S104488,3.08,3.0,0.9,7.89,27.78,7.19,47.47,2,44.97,1.27,1.73,2024-03-13
S104489,6.36,0.36,3.52,7.39,49.13,7.38,83.78,1,54.44,0.24,12.05,2024-04-04
S104490,5.97,3.62,0.71,3.41,34.55,4.79,47.91,3,67.27,1.17,2.32,2024-02-18
S104491,7.27,4.11,3.11,5.0,36.06,5.4,48.9,2,59.98,1.28,14.34,2024-03-14
S104492,7.02,9.7,6.36,9.4,30.27,6.29,89.89,2,53.05,3.86,1.61,2024-02-03
S104493,7.04,5.79,0.78,7.63,73.14,3.83,52.22,3,33.14,2.43,0.89,2024-03-24
S104494,8.13,7.84,0.51,6.26,22.26,3.58,42.41,2,65.61,3.94,0.42,2024-04-20
S104495,3.68,7.89,0.37,2.63,36.85,5.37,39.26,1,55.67,5.16,4.62,2024-03-19
S104496,4.81,1.27,3.06,7.13,44.31,2.97,56.49,1,45.26,0.27,2.16,2024-02-06
S104497,8.01,8.39,0.27,7.25,23.39,4.74,56.22,1,64.14,2.87,6.08,2024-03-03
S104498,8.34,5.33,0.2,3.63,0.0,5.59,48.13,3,84.44,1.53,4.19,2024-02-05
S104499,5.17,7.61,1.3,1.0,16.98,9.54,48.61,3,76.72,6.09,2.14,2024-02-20
S104500,7.88,7.26,1.61,7.35,36.37,3.46,49.18,2,53.19,1.99,4.92,2024-02-14
S104501,7.54,5.33,0.36,3.8,62.09,7.79,91.72,4,54.07,1.16,3.15,2024-04-09
S104502,4.39,7.93,1.19,8.03,53.45,6.23,60.94,0,31.35,3.7,0.58,2024-04-10
S104503,5.46,3.58,0.17,6.06,38.93,6.31,70.99,3,57.25,1.02,5.14,2024-03-30
S104504,6.78,2.87,0.27,7.93,50.35,6.64,44.6,1,52.91,0.79,0.11,2024-04-12
S104505,6.21,8.85,0.13,6.67,40.28,6.38,86.92,4,50.13,11.6,2.51,2024-02-06
S104506,8.84,4.72,1.88,2.78,22.29,9.29,78.72,1,86.26,2.99,3.21,2024-02-08
S104507,7.16,6.17,0.19,10.0,72.64,5.68,51.83,3,23.57,1.18,7.42,2024-11-03
S104508,7.57,7.52,3.08,6.08,76.2,8.98,56.76,0,42.28,7.73,2.81,2024-03-29
S104509,5.39,8.88,1.42,3.99,44.39,5.88,46.08,0,58.37,1.77,3.19,2024-02-15
S104510,4.59,4.56,0.78,1.75,47.82,5.26,76.39,3,62.62,1.3,2.68,2024-02-05
S104511,5.45,4.69,1.58,7.95,63.98,6.26,71.17,3,37.34,1.85,3.45,2024-04-14
S104512,8.29,9.31,0.32,8.52,50.94,7.64,52.15,4,50.26,1.72,4.47,2024-03-04
S104513,8.91,5.36,0.11,8.91,3.7,9.21,53.39,0,72.13,6.09,0.65,2024-03-21
S104514,5.17,7.71,0.78,5.76,43.44,7.1,43.64,2,51.38,30.85,6.31,2024-04-21
S104515,6.11,7.19,2.28,6.15,46.14,5.97,69.34,2,52.69,2.25,2.02,2024-02-17
S104516,3.0,6.09,2.91,3.52,34.48,7.36,60.25,1,56.76,1.45,0.79,2024-04-11
S104517,8.12,7.14,2.77,1.14,42.05,3.4,44.66,1,73.88,7.81,5.19,2024-04-22
S104518,4.54,6.63,2.14,4.17,52.7,9.85,92.58,0,51.62,4.54,5.26,2024-03-30
S104519,7.56,5.55,0.8,4.39,71.11,5.2,61.62,1,45.02,1.71,2.89,2024-03-20
S104520,8.11,11.09,6.89,7.52,56.78,8.76,61.56,0,55.17,3.04,1.47,2024-04-26
S104521,4.44,6.505,2.9,6.84,41.81,7.4,88.61,2,50.18,3.81,4.11,2024-02-02
S104522,5.08,5.1,0.52,5.39,9.86,3.28,68.99,1,61.07,1.23,3.57,2024-12-02
S104523,7.32,5.36,0.71,3.68,21.93,4.46,48.52,3,73.48,1.85,4.08,2024-06-02
S104524,8.23,6.505,0.85,6.71,38.59,2.63,69.06,0,64.22,2.84,5.54,2024-02-14
S104525,5.57,6.33,4.74,6.3,68.14,5.1,69.04,1,34.45,2.19,3.7,2024-04-27
S104526,4.84,4.27,1.75,6.53,29.13,4.95,58.55,1,55.09,1.06,0.82,2024-02-23
S104527,6.79,6.58,0.89,10.0,57.99,7.82,68.07,2,37.15,11.14,0.16,2024-03-04
S104528,8.08,4.57,0.34,6.02,50.76,3.97,81.49,2,61.28,3.23,0.42,2024-08-04
S104529,4.75,3.4,0.3,6.75,39.78,7.37,29.94,1,50.59,0.92,4.87,2024-03-14
S104530,5.2,4.4,1.26,7.39,40.21,6.92,52.49,1,47.61,1.13,7.54,2024-03-16
S104531,7.94,6.73,0.32,5.7,8.2,6.09,61.56,2,74.96,4.38,0.01,2024-03-31
S104532,6.58,7.72,1.65,3.76,54.02,6.23,52.84,1,60.2,6.14,1.92,2024-02-02
S104533,5.15,7.12,2.77,7.05,58.9,6.66,73.85,4,41.88,4.6,4.31,2024-04-01
S104534,6.31,6.24,0.92,6.26,71.38,9.11,45.77,2,46.93,1.9,8.74,2024-02-08
S104535,6.97,8.09,1.4,4.89,28.32,2.4,47.87,0,63.5,1.53,0.2,2024-02-21
S104536,7.74,7.27,2.56,7.05,53.03,4.99,42.27,2,49.95,1.69,4.26,2024-03-06
S104537,6.72,11.87,4.31,7.05,52.62,7.4,74.18,2,49.53,5.04,2.34,2024-04-17
S104538,6.28,7.2,0.71,6.11,28.5,2.24,62.89,3,57.37,28.81,0.39,2024-03-24
S104539,3.94,6.41,8.0,5.67,35.65,4.86,53.22,1,54.84,1.76,6.35,2024-03-14
S104540,7.06,7.68,0.61,7.28,40.37,7.7,66.13,3,45.14,2.45,4.93,2024-02-26
S104541,7.02,6.54,0.02,2.33,26.69,3.62,41.96,5,67.52,2.79,0.67,2024-03-11
S104542,6.59,7.09,0.44,4.68,56.99,3.98,82.58,3,53.3,1.39,6.37,2024-03-05
S104543,6.33,5.6,3.27,3.67,44.44,1.93,90.67,1,56.75,1.97,9.94,2024-03-16
S104544,6.47,3.1,0.24,4.89,58.17,8.56,55.59,0,58.12,0.68,0.85,2024-03-12
S104545,7.64,9.75,0.34,7.74,61.79,8.48,74.89,1,40.23,2.67,3.45,2024-02-16
S104546,5.78,2.58,0.08,6.03,51.59,4.66,44.35,2,51.63,1.63,0.89,2024-02-11
S104547,4.6,4.15,1.04,5.61,91.46,5.28,43.66,2,29.02,1.7,2.01,2024-02-10
S104548,7.56,8.33,0.09,8.76,32.76,2.34,51.96,2,52.44,3.02,0.29,2024-03-17
S104549,5.77,9.59,1.89,5.85,70.43,3.79,66.83,2,39.34,2.12,6.48,2024-03-10
S104550,5.9,6.66,0.3,7.9,43.9,4.18,88.13,2,44.68,1.85,0.06,2024-03-16
S104551,6.9,5.12,2.0,7.82,57.83,5.51,35.29,0,45.48,1.2,6.21,2024-03-25
S104552,5.94,6.13,4.25,4.17,29.49,1.37,47.82,2,61.03,4.02,0.27,2024-02-03
S104553,6.2,6.45,1.75,2.06,53.84,1.39,82.01,2,53.09,2.07,3.84,2024-04-11
S104554,4.73,5.69,1.69,4.77,45.87,8.93,65.43,0,51.28,3.67,3.82,2024-03-17
S104555,8.12,3.98,0.61,1.3,70.17,7.43,39.19,0,63.2,0.98,3.2,2024-03-29
S104556,4.41,6.16,0.94,7.96,49.56,5.27,59.97,1,38.6,3.9,0.52,2024-02-03
S104557,8.14,4.91,0.03,7.88,31.26,6.69,77.5,4,59.04,1.24,19.63,2024-09-02
S104558,4.52,6.89,3.9,10.0,10.76,10.0,100.0,2,51.61,1.73,8.15,2024-08-04
S104559,5.29,6.28,5.13,5.8,50.97,7.81,49.14,6,44.01,1.15,1.77,2024-04-08
S104560,5.7,4.77,0.32,4.62,11.29,5.84,60.23,1,69.41,1.6,2.79,2024-03-22
S104561,7.52,9.94,3.52,8.83,58.27,5.92,65.97,2,40.99,5.5,2.68,2024-03-13
S104562,6.57,3.62,0.24,6.57,53.6,8.29,63.42,1,49.85,2.07,2.11,2024-04-26
S104563,5.64,3.92,0.96,6.2,48.85,5.93,48.0,4,54.8,0.96,6.69,2024-04-25
S104564,4.54,9.94,0.8,4.22,32.19,4.65,65.1,5,63.11,2.02,3.19,2024-02-22
S104565,7.69,7.11,1.38,8.19,29.38,5.93,41.8,1,62.66,6.72,1.63,2024-07-03
S104566,6.34,6.76,2.85,8.47,61.0,6.95,30.52,0,39.8,1.0,8.4,2024-02-10
S104567,6.88,4.4,4.79,5.98,40.21,5.0,74.39,7,55.21,1.24,4.85,2024-04-29
S104568,6.02,2.2,0.13,8.57,59.47,7.34,31.8,1,39.61,0.59,9.45,2024-01-04
S104569,5.58,4.91,0.29,3.38,63.26,4.15,76.01,2,52.36,1.88,5.83,2024-03-23
S104570,7.22,0.0,0.37,4.4,52.42,4.66,69.05,3,52.03,0.0,0.09,2024-03-14
S104571,6.7,9.66,0.28,6.25,52.47,6.53,56.2,2,54.35,11.05,13.45,2024-04-02
S104572,7.89,6.79,1.05,6.16,50.44,5.21,67.53,2,54.21,1.71,4.31,2024-03-02
S104573,6.56,2.86,2.65,6.05,38.53,4.65,46.41,4,49.64,0.65,1.11,2024-02-20
S104574,4.31,4.01,4.66,5.77,54.18,6.77,50.15,1,44.86,1.21,2.07,2024-02-04
S104575,7.37,8.47,1.06,3.54,18.22,8.41,59.48,1,72.32,5.3,4.11,2024-02-12
S104576,6.36,5.23,1.39,3.94,43.08,5.61,69.23,3,65.86,1.22,0.27,2024-02-21
S104577,5.97,9.62,3.62,5.88,53.1,5.92,32.36,2,47.15,3.29,2.4,2024-02-03
S104578,3.0,7.39,1.53,4.81,45.5,2.81,68.13,0,44.77,2.51,4.74,2024-04-06
S104579,5.08,6.67,3.16,4.91,53.49,10.0,95.34,3,41.97,3.26,0.33,2024-04-22
S104580,6.52,10.03,0.37,6.37,67.84,1.14,82.69,0,42.43,4.21,0.51,2024-06-03
S104581,5.41,8.37,0.01,5.68,54.83,3.44,49.7,0,46.97,1.91,6.0,2024-03-26
S104582,6.65,7.44,0.32,4.23,21.78,2.79,66.57,2,70.6,4.11,3.89,2024-04-21
S104583,7.13,4.37,0.4,2.58,43.53,3.27,23.97,5,72.36,6.54,4.98,2024-02-18
S104584,6.27,12.71,0.23,8.0,65.88,7.1,22.98,2,39.51,12.06,4.59,2024-03-16
S104585,4.98,6.62,1.07,6.2,44.35,1.0,75.56,0,43.7,1.51,3.28,2024-03-14
S104586,6.9,5.07,2.95,6.66,24.2,2.34,68.2,3,61.77,1.66,0.16,2024-04-25
S104587,6.8,6.91,0.26,5.84,44.0,8.12,76.87,2,56.93,2.24,2.28,2024-04-02
S104588,5.95,7.05,2.14,4.49,54.35,2.8,59.03,5,47.7,1.46,1.61,2024-03-04
S104589,3.63,7.64,2.85,2.38,42.59,4.62,38.37,2,58.76,3.09,9.35,2024-03-08
S104590,4.55,9.84,3.36,6.96,27.56,6.03,58.6,4,44.58,3.67,2.6,2024-04-14
S104591,7.41,7.22,3.33,4.4,24.34,6.7,50.73,2,75.37,3.51,5.79,2024-03-16
S104592,5.92,8.41,1.48,6.28,62.46,6.17,93.68,0,39.76,3.62,1.28,2024-12-03
S104593,3.77,7.23,1.07,4.85,73.44,6.67,74.28,1,38.26,12.99,5.29,2024-04-11
S104594,6.03,7.14,1.2,7.58,72.07,5.65,70.09,5,39.03,2.31,1.44,2024-04-07
S104595,6.35,9.16,0.58,8.0,69.36,4.79,82.55,1,34.98,3.76,0.74,2024-02-23
S104596,7.18,1.72,0.97,7.77,56.3,6.52,83.43,5,48.18,0.41,8.11,2024-03-08
S104597,6.89,0.0,0.78,8.37,54.44,6.73,66.01,1,36.73,0.0,3.62,2024-02-20
S104598,6.81,6.57,1.12,8.12,64.2,7.44,89.53,1,38.8,1.79,2.49,2024-11-02
S104599,5.2,3.29,1.05,6.72,35.4,8.42,65.13,3,48.78,0.86,5.17,2024-02-27
S104600,3.93,2.53,0.46,6.2,74.12,4.03,72.92,1,38.33,0.87,12.53,2024-02-25
S104601,5.41,7.98,0.27,4.35,38.03,4.13,49.18,2,55.89,2.92,7.02,2024-04-20
S104602,8.2,5.15,5.68,8.24,47.59,5.52,70.87,4,52.94,0.86,0.05,2024-02-22
S104603,4.15,6.14,0.61,4.88,50.76,8.03,67.37,0,51.18,2.07,3.32,2024-03-25
S104604,7.53,6.93,0.11,8.81,48.38,5.44,52.14,1,43.9,2.68,0.15,2024-04-27
S104605,4.17,4.32,0.02,1.97,28.04,3.21,68.91,3,60.24,1.83,2.5,2024-02-13
S104606,4.44,7.93,2.11,4.88,54.46,9.23,70.12,6,46.09,2.54,2.84,2024-04-04
S104607,6.41,5.59,0.84,5.88,28.41,5.54,81.13,1,63.81,2.1,0.73,2024-03-04
S104608,5.12,4.78,1.78,6.91,45.99,9.36,60.04,3,45.3,1.45,7.92,2024-04-09
S104609,5.92,6.505,0.98,6.94,43.46,4.22,43.41,1,53.29,1.9,1.45,2024-02-05
S104610,4.64,9.47,0.72,6.06,33.2,8.33,78.92,0,54.89,2.13,0.89,2024-03-26
S104611,6.45,6.12,4.31,2.66,48.83,4.17,68.95,2,63.74,1.78,1.01,2024-03-28
S104612,7.46,7.64,3.82,7.22,46.7,7.87,89.57,0,40.84,2.22,0.45,2024-03-04
S104613,4.21,4.8,1.01,9.13,7.95,8.78,71.34,1,53.76,1.12,3.61,2024-02-19
S104614,7.02,5.43,0.96,9.3,55.32,3.52,65.57,3,41.3,1.08,7.09,2024-02-29
S104615,6.78,3.62,0.51,7.73,9.77,9.75,53.64,0,64.7,2.2,4.56,2024-03-22
S104616,7.36,7.39,2.37,1.81,62.03,7.69,59.6,2,62.5,2.38,1.43,2024-02-25
S104617,3.06,6.42,0.28,8.56,24.23,3.89,70.49,3,48.54,3.92,2.29,2024-03-01
S104618,7.51,5.54,2.09,6.85,73.15,3.15,73.43,2,39.79,1.5,1.64,2024-05-02
S104619,4.63,10.23,1.58,5.19,66.96,8.36,82.17,4,38.29,12.31,9.51,2024-03-21
S104620,5.9,5.7,0.22,5.13,9.0,3.05,58.85,4,66.82,4.03,1.72,2024-03-02
S104621,5.63,8.12,2.59,4.78,29.54,1.95,61.46,3,63.16,1.57,1.91,2024-03-23
S104622,4.82,9.62,2.72,5.3,20.23,9.34,9.1,2,62.38,1.92,0.7,2024-07-03
S104623,5.04,5.28,2.62,4.75,21.34,6.19,51.0,1,55.69,12.44,4.14,2024-04-14
S104624,5.22,8.86,0.11,5.16,41.82,5.27,93.1,1,49.35,9.26,2.42,2024-02-14
S104625,6.48,7.45,1.32,9.79,70.64,6.77,82.53,2,35.79,2.39,3.7,2024-04-13
S104626,7.26,8.2,5.21,7.9,41.22,5.77,71.25,3,52.12,2.67,4.92,2024-03-27
S104627,5.83,11.46,2.04,7.01,34.03,10.0,61.9,1,55.87,4.11,10.88,2024-03-28
S104628,7.34,4.39,1.04,5.62,61.31,2.55,73.25,1,57.57,2.56,3.94,2024-03-09
S104629,6.45,3.49,2.66,7.74,60.16,5.53,29.05,6,40.66,1.12,1.94,2024-03-07
S104630,7.85,9.23,0.83,10.0,53.67,3.75,58.44,2,41.02,2.09,14.83,2024-03-08
S104631,4.38,2.43,0.62,4.25,61.43,4.89,56.75,3,47.8,0.34,5.61,2024-04-09
S104632,6.44,4.51,0.84,4.13,39.81,1.58,52.41,1,59.54,17.86,3.43,2024-02-04
S104633,6.18,6.35,1.8,6.73,50.78,5.82,44.48,0,47.77,12.29,2.55,2024-04-10
S104634,6.43,7.26,1.3,3.88,47.74,2.5,42.33,1,51.46,2.0,0.11,2024-03-02
S104635,6.73,6.55,2.34,2.98,0.0,6.83,71.51,0,80.08,1.77,6.3,2024-04-21
S104636,7.37,4.95,0.79,4.27,72.3,3.52,49.29,1,42.97,1.73,4.35,2024-03-29
S104637,6.44,5.57,0.28,6.27,54.49,3.89,70.5,0,53.69,1.27,2.02,2024-08-02
S104638,6.96,7.39,0.94,6.74,73.9,9.32,72.02,3,42.87,1.64,0.59,2024-03-11
S104639,5.84,2.6,3.75,5.35,28.35,3.5,58.04,3,57.81,0.8,13.38,2024-03-08
S104640,6.03,6.84,2.48,7.0,0.0,4.7,64.72,0,66.39,1.0,0.8,2024-04-05
S104641,5.36,0.0,2.27,5.24,22.35,2.66,39.21,1,60.0,0.0,0.06,2024-07-03
S104642,7.74,6.22,2.34,4.25,29.4,4.35,60.21,2,69.63,1.53,6.02,2024-02-10
S104643,7.33,7.44,4.61,10.0,51.84,5.43,86.32,3,37.91,3.85,1.69,2024-04-18
S104644,8.03,3.71,0.41,5.92,7.66,5.46,77.09,2,74.28,1.08,1.36,2024-02-27
S104645,5.58,4.75,0.54,6.76,43.43,2.83,75.2,2,39.74,0.89,3.22,2024-05-02
S104646,5.99,8.25,1.16,3.05,45.24,5.16,34.39,3,60.33,3.49,0.41,2024-03-09
S104647,9.69,9.88,0.1,7.1,42.95,4.83,92.35,2,61.99,2.04,8.56,2024-02-24
S104648,7.74,3.22,2.33,1.67,70.52,8.79,37.06,1,56.23,6.14,2.2,2024-03-02
S104649,4.21,7.08,1.87,7.84,30.57,5.36,58.11,3,49.24,1.71,3.83,2024-04-25
S104650,7.26,7.48,6.51,10.0,69.03,5.37,57.17,1,35.56,4.77,0.36,2024-02-10
S104651,6.72,3.41,3.07,4.09,72.35,5.89,57.13,3,54.36,1.07,2.79,2024-04-04
S104652,5.76,6.71,1.2,4.81,64.18,7.02,77.15,4,45.92,1.45,5.91,2024-03-13
S104653,5.85,8.07,0.65,7.69,51.84,6.81,80.31,2,44.29,1.33,0.2,2024-04-28
S104654,5.05,9.06,0.21,3.45,30.04,7.56,65.14,3,61.45,6.34,10.7,2024-02-13
S104655,5.5,8.39,1.97,3.79,38.62,3.17,51.53,1,59.55,2.21,3.17,2024-03-18
S104656,5.16,10.51,0.97,5.23,79.75,1.68,58.81,2,36.24,42.03,0.86,2024-04-27
S104657,4.6,12.03,3.09,6.55,58.28,4.82,63.71,2,41.7,9.96,2.26,2024-03-07
S104658,5.7,3.9,1.05,8.9,38.79,3.04,34.48,0,41.89,0.79,3.59,2024-04-03
S104659,5.0,7.05,2.43,4.41,55.16,5.1,68.0,2,55.71,1.71,0.23,2024-03-17
S104660,7.23,2.51,1.9,7.03,60.49,3.63,49.78,0,42.51,0.65,5.02,2024-02-24
S104661,7.68,4.84,1.1,5.69,48.39,6.36,75.27,3,59.36,1.14,1.08,2024-04-18
S104662,6.02,6.505,0.75,4.47,32.49,3.7,79.91,6,67.7,1.1,4.4,2024-02-12
S104663,5.76,7.53,0.24,8.71,44.53,1.73,37.09,2,46.48,2.62,0.87,2024-02-07
S104664,7.12,6.505,1.36,2.78,81.46,2.4,67.93,2,46.99,8.71,3.67,2024-02-08
S104665,6.07,2.79,1.64,5.54,32.07,2.97,62.9,2,64.97,0.6,2.57,2024-03-03
S104666,9.05,7.77,1.32,7.97,9.7,7.22,39.69,1,76.82,1.5,6.75,2024-04-27
S104667,3.0,5.21,0.35,4.06,41.27,7.37,74.21,3,47.01,2.47,4.68,2024-03-30
S104668,3.0,8.73,1.75,8.09,55.3,7.09,54.99,2,34.6,3.13,7.76,2024-02-14
S104669,4.69,8.21,3.29,5.47,72.08,4.9,16.28,2,35.61,1.87,1.61,2024-03-29
S104670,6.9,4.16,1.61,5.99,36.32,5.22,48.22,2,60.48,0.96,0.54,2024-02-15
S104671,7.32,4.33,0.74,4.66,29.98,2.96,75.0,0,71.11,0.83,0.41,2024-04-14
S104672,5.58,1.88,0.74,4.49,28.86,2.87,29.68,2,68.88,0.31,13.31,2024-03-08
S104673,6.26,3.58,0.65,6.15,79.64,5.16,43.77,0,28.76,0.82,17.7,2024-02-03
S104674,5.83,7.64,0.82,8.28,32.88,8.12,23.09,1,55.42,2.92,0.01,2024-02-29
S104675,6.92,8.99,0.56,7.32,53.68,5.6,61.12,1,49.26,1.9,2.68,2024-02-21
S104676,9.07,7.52,1.38,5.48,25.73,6.24,96.28,0,66.12,1.94,0.95,2024-04-22
S104677,3.07,4.36,3.13,5.81,17.63,5.56,68.64,3,60.04,1.12,3.75,2024-03-10
S104678,9.35,7.18,0.43,6.57,9.43,9.12,57.4,4,77.71,2.16,0.72,2024-04-10
S104679,7.72,2.58,4.08,7.63,43.35,5.8,44.25,1,48.85,1.57,1.17,2024-03-02
S104680,5.81,3.72,2.34,4.9,47.44,4.0,73.67,1,52.96,2.68,3.33,2024-03-29
S104681,6.94,8.03,4.21,8.71,87.38,1.0,79.62,1,34.73,1.71,3.57,2024-09-02
S104682,6.22,7.73,5.27,5.85,35.84,3.61,43.99,1,54.24,1.2,6.03,2024-03-06
S104683,6.92,6.31,1.19,3.15,33.2,2.96,76.36,0,67.38,1.87,1.06,2024-04-13
S104684,6.92,6.58,1.71,6.27,52.12,7.07,78.01,3,50.74,1.7,8.35,2024-04-28
S104685,7.34,4.4,1.93,3.0,28.65,6.8,64.1,2,73.42,0.8,1.5,2024-04-15
S104686,4.85,10.03,1.11,8.15,37.16,4.76,63.53,4,43.54,3.93,2.14,2024-02-21
S104687,7.11,9.33,0.34,5.0,40.38,3.63,60.43,6,60.42,1.72,8.26,2024-03-30
S104688,5.34,4.01,3.28,8.27,18.69,6.44,81.87,4,48.74,0.97,3.58,2024-02-15
S104689,5.84,9.08,0.53,4.43,30.08,6.02,54.02,2,63.1,3.44,0.34,2024-04-18
S104690,7.37,0.0,0.4,8.36,70.24,7.43,44.95,1,40.0,0.0,14.4,2024-03-10
S104691,5.64,8.52,1.72,4.16,32.47,4.83,58.73,5,66.6,3.24,1.79,2024-02-08
S104692,6.68,9.63,1.47,7.58,43.92,1.92,67.9,2,49.28,1.89,4.54,2024-01-03
S104693,6.72,6.0,0.82,9.77,24.77,7.21,70.0,2,49.3,1.23,9.38,2024-02-13
S104694,6.41,7.24,1.11,8.43,44.37,9.22,44.77,1,49.53,3.0,1.71,2024-02-18
S104695,4.56,3.72,0.93,1.0,55.59,6.22,54.66,3,58.47,0.81,9.5,2024-03-23
S104696,6.95,5.32,1.83,6.22,11.3,4.88,41.55,3,70.14,1.17,3.32,2024-04-18
S104697,6.52,10.73,1.39,8.11,30.37,6.79,97.13,3,49.34,4.4,0.01,2024-03-16
S104698,9.39,9.19,0.97,8.57,68.39,5.67,76.81,3,46.07,4.37,0.31,2024-10-03
S104699,4.81,8.62,0.97,7.36,41.23,3.75,63.13,2,42.13,6.6,3.38,2024-02-29
S104700,7.75,5.45,0.18,5.08,45.79,1.64,50.89,0,60.05,1.39,7.61,2024-03-15
S104701,5.68,4.66,0.53,3.07,30.62,2.84,57.43,2,65.93,7.24,1.5,2024-02-11
S104702,5.85,7.83,0.99,4.14,72.69,5.19,69.95,0,36.59,2.26,3.29,2024-03-06
S104703,8.67,4.08,3.32,2.12,28.12,6.19,40.39,3,74.91,1.09,2.04,2024-04-18
S104704,6.09,5.06,0.47,6.16,76.45,5.26,46.74,3,38.47,1.25,0.59,2024-01-04
S104705,7.4,6.95,0.92,2.18,26.27,4.31,70.94,3,79.58,1.53,3.35,2024-02-15
S104706,6.46,11.82,2.12,6.64,31.88,7.23,61.31,2,55.44,7.22,4.27,2024-08-03
S104707,5.02,3.22,3.22,6.97,53.24,5.14,62.57,4,45.37,0.67,9.05,2024-03-08
S104708,5.98,7.26,2.98,7.17,11.5,3.06,64.45,3,63.62,1.38,4.24,2024-03-22
S104709,5.67,4.4,0.12,6.21,36.05,5.71,52.66,3,54.05,0.77,11.11,2024-02-20
S104710,5.97,8.4,4.99,7.94,34.26,9.33,50.2,1,56.91,1.67,9.73,2024-02-28
S104711,8.9,8.46,0.86,5.76,46.42,3.71,51.19,2,62.76,2.48,10.65,2024-03-28
S104712,6.94,4.2,0.29,7.08,48.27,5.65,54.5,1,48.46,1.36,1.75,2024-08-03
S104713,3.86,10.96,0.32,4.66,28.7,6.23,68.83,1,48.97,4.48,0.34,2024-02-25
S104714,8.92,3.48,0.3,4.64,5.49,5.76,86.25,1,83.2,0.66,11.81,2024-04-24
S104715,6.82,3.48,1.24,6.78,38.93,5.54,33.71,0,54.2,1.38,3.45,2024-04-05
S104716,7.55,5.28,0.4,5.96,49.59,2.82,91.61,2,55.26,1.06,0.91,2024-03-21
S104717,8.48,9.28,1.58,4.91,23.22,8.08,52.99,3,81.18,2.46,0.84,2024-02-22
S104718,5.14,6.77,0.58,6.11,49.2,2.09,65.7,0,40.72,1.38,3.26,2024-02-15
S104719,6.76,8.82,2.08,4.0,16.5,8.67,59.67,2,64.92,2.95,6.79,2024-02-04
S104720,6.09,8.81,1.14,6.4,64.08,4.69,84.4,1,44.52,1.1,0.64,2024-04-01
S104721,5.8,3.27,0.81,6.53,47.82,4.52,79.41,4,49.36,5.09,0.29,2024-03-31
S104722,5.87,3.15,0.32,6.16,86.65,2.45,75.88,6,41.65,1.37,4.32,2024-04-22
S104723,6.44,6.505,0.47,6.35,45.71,4.38,61.08,5,53.13,5.16,2.89,2024-04-28
S104724,7.93,6.12,0.45,4.61,42.82,6.89,30.71,3,66.07,2.31,4.62,2024-04-25
S104725,7.39,7.87,0.52,4.03,75.7,5.33,66.3,1,42.87,5.63,3.48,2024-02-09
S104726,6.7,8.73,3.11,3.61,37.61,6.16,69.05,1,68.53,6.01,5.77,2024-03-29
S104727,7.99,8.47,0.8,5.06,49.59,3.93,80.17,1,58.81,2.34,7.45,2024-03-03
S104728,3.06,8.32,0.21,4.08,35.8,10.0,59.67,0,54.81,2.17,2.44,2024-03-14
S104729,6.35,7.22,1.81,6.39,33.21,8.09,63.6,0,59.79,1.46,4.02,2024-03-08
S104730,6.8,6.42,1.12,5.48,64.97,4.74,70.98,0,47.51,1.93,4.81,2024-04-20
S104731,6.75,11.16,1.45,1.91,20.83,6.32,56.96,2,77.21,7.31,1.35,2024-04-24
S104732,8.29,7.82,3.77,7.03,32.96,7.0,21.73,3,57.35,4.3,7.67,2024-02-10
S104733,6.55,9.12,4.92,1.0,9.16,4.63,67.66,0,84.47,3.1,0.82,2024-02-02
S104734,8.23,10.71,3.92,7.43,43.65,2.36,73.79,2,49.71,7.79,6.46,2024-02-20
S104735,6.06,7.67,0.08,5.18,29.85,7.66,75.64,3,56.26,1.51,0.25,2024-03-02
S104736,7.28,7.6,0.2,3.37,47.38,4.4,37.58,4,61.82,1.53,0.4,2024-03-11
S104737,6.46,5.46,0.77,4.27,26.88,6.59,63.55,2,65.59,1.37,5.55,2024-02-10
S104738,5.97,3.03,0.82,6.85,23.59,4.63,31.27,1,60.96,0.89,4.17,2024-02-10
S104739,7.04,6.17,1.74,5.21,70.87,9.13,71.66,1,47.77,4.55,0.22,2024-02-03
S104740,7.12,7.02,0.58,9.46,0.0,4.12,51.77,1,68.45,1.71,7.01,2024-03-13
S104741,5.06,3.81,3.03,5.92,52.06,9.5,41.97,0,48.56,2.44,0.92,2024-03-21
S104742,7.64,9.8,0.13,3.08,59.77,6.28,45.65,3,59.07,6.75,6.58,2024-02-19
S104743,5.95,8.55,0.0,6.71,88.11,1.0,28.85,3,30.78,1.57,3.2,2024-04-18
S104744,6.46,8.65,0.42,6.49,47.99,7.28,43.03,1,46.27,3.03,0.07,2024-02-20
S104745,3.0,5.64,0.56,9.49,77.22,3.91,15.85,0,24.3,2.11,1.1,2024-02-10
S104746,6.28,10.26,0.08,2.4,37.93,7.04,53.17,2,67.86,2.66,7.24,2024-04-25
S104747,3.64,12.41,1.96,5.36,59.98,5.14,84.45,2,47.5,3.49,0.51,2024-02-15
S104748,7.53,3.66,2.03,3.27,64.96,5.19,74.81,1,55.67,7.36,10.81,2024-04-04
S104749,5.23,11.11,1.36,6.47,43.71,2.91,57.35,0,51.54,3.66,2.55,2024-04-13
S104750,5.7,7.62,1.7,2.96,48.15,9.36,27.36,4,54.36,1.77,0.4,2024-02-28
S104751,6.07,8.52,1.66,4.64,43.76,6.48,44.55,1,54.35,7.08,0.07,2024-03-14
S104752,4.45,2.83,3.03,6.8,57.94,5.55,59.12,1,44.01,0.59,12.56,2024-04-10
S104753,6.36,8.58,0.94,7.68,69.08,3.11,67.84,2,36.19,5.03,0.7,2024-02-24
S104754,4.6,6.32,2.02,4.83,12.16,4.42,44.44,0,67.66,7.33,6.38,2024-04-05
S104755,6.02,6.14,1.85,2.62,8.81,4.16,56.71,0,72.57,3.89,5.02,2024-02-03
S104756,7.52,5.77,0.68,3.77,16.19,5.62,50.62,0,76.85,2.59,1.97,2024-04-04
S104757,8.11,5.9,0.7,3.08,60.79,3.07,84.97,4,62.45,3.75,9.53,2024-02-16
S104758,8.32,5.8,3.74,5.53,37.29,8.72,42.5,2,64.44,1.66,3.4,2024-03-27
S104759,6.0,6.61,5.22,5.0,42.2,3.14,77.58,3,53.28,2.55,0.4,2024-02-15
S104760,4.97,9.08,0.01,5.04,27.75,2.17,94.69,2,57.25,2.01,0.98,2024-03-19
S104761,7.0,5.27,1.43,4.14,13.32,6.89,45.93,2,72.42,3.09,4.81,2024-03-02
S104762,8.5,12.2,0.53,4.76,43.75,1.0,96.09,3,63.3,3.74,1.73,2024-06-04
S104763,5.09,4.87,1.31,7.04,8.67,1.0,53.26,2,60.36,1.58,9.58,2024-08-03
S104764,8.22,6.63,0.03,5.01,34.39,6.83,96.02,2,66.25,3.26,3.8,2024-04-14
S104765,6.12,7.22,0.38,6.85,52.91,4.59,55.56,3,47.96,2.59,8.22,2024-04-02
S104766,3.0,5.81,2.55,6.61,44.56,6.76,56.83,2,43.68,2.63,3.85,2024-02-27
S104767,6.41,5.27,0.29,8.1,19.65,5.11,61.95,5,49.55,5.09,3.59,2024-02-03
S104768,8.95,0.0,2.29,6.66,54.18,5.4,60.9,3,51.8,0.0,1.34,2024-03-13
S104769,7.32,9.88,1.61,3.33,27.47,4.31,81.78,0,79.83,39.53,1.04,2024-03-14
S104770,7.81,3.85,1.08,2.92,30.39,4.84,41.89,2,70.58,15.38,0.16,2024-03-08
S104771,6.88,3.89,3.25,4.89,32.34,4.09,24.97,2,65.67,15.55,0.41,2024-03-12
S104772,3.96,1.9,2.32,5.24,40.97,8.51,75.07,1,52.55,0.76,6.72,2024-04-18
S104773,3.01,6.28,1.2,3.19,61.4,5.23,53.56,2,41.81,8.26,5.5,2024-03-30
S104774,4.82,3.9,0.67,5.61,45.42,3.53,37.54,3,49.48,1.14,0.21,2024-02-01
S104775,5.77,5.66,0.71,6.09,44.24,7.34,79.83,1,48.9,1.17,1.08,2024-04-22
S104776,4.9,9.44,2.23,8.14,42.55,4.13,52.75,2,49.92,16.65,5.63,2024-02-08
S104777,5.18,9.82,0.07,5.46,34.48,6.52,28.81,0,57.12,2.32,0.31,2024-07-03
S104778,7.4,8.74,2.04,2.74,93.71,7.06,67.62,0,53.26,5.23,1.35,2024-02-04
S104779,8.36,7.0,0.95,2.66,44.18,4.04,67.09,1,61.18,2.5,1.04,2024-09-02
S104780,3.94,7.89,1.42,3.75,52.7,4.9,85.97,4,43.59,2.42,5.84,2024-03-04
S104781,4.81,6.05,1.53,10.0,19.13,5.92,61.85,2,44.24,2.03,2.63,2024-03-01
S104782,6.17,7.36,2.26,5.27,57.63,3.78,57.52,2,47.14,29.44,6.11,2024-02-10
S104783,6.02,6.18,2.98,5.84,85.91,8.83,100.0,2,39.31,2.43,1.24,2024-03-09
S104784,3.01,3.18,1.22,3.75,30.06,7.55,38.96,3,48.82,1.18,4.76,2024-02-23
S104785,10.0,10.61,0.5,7.69,48.9,7.24,92.93,3,53.71,4.96,2.84,2024-04-26
S104786,7.3,4.7,1.67,3.87,38.3,10.0,53.5,1,61.21,1.23,7.85,2024-04-19
S104787,6.81,3.64,0.05,3.74,62.37,5.66,93.25,2,54.81,0.76,13.57,2024-04-04
S104788,3.61,6.13,1.58,6.45,22.86,9.21,65.51,0,54.41,1.53,0.08,2024-09-04
S104789,6.72,10.05,1.26,4.9,72.96,6.45,58.72,0,42.46,4.07,0.1,2024-04-02
S104790,4.66,6.75,1.68,10.0,39.24,8.61,59.27,1,38.96,8.7,9.33,2024-04-10
S104791,7.02,4.52,1.58,4.92,82.6,4.07,41.78,3,42.76,1.27,1.15,2024-08-02
S104792,6.72,5.72,2.27,8.76,56.09,4.24,65.27,2,43.14,1.85,5.72,2024-02-15
S104793,6.37,10.81,1.53,3.55,63.99,8.51,80.52,2,50.22,1.95,0.36,2024-02-28
S104794,6.91,3.11,5.47,5.52,57.67,4.67,83.68,2,53.24,1.55,2.01,2024-04-22
S104795,5.49,3.82,0.76,5.0,37.23,4.33,42.3,0,50.82,1.56,3.28,2024-04-28
S104796,6.55,2.15,1.22,7.36,56.07,5.4,71.43,1,51.36,1.03,0.03,2024-03-11
S104797,3.0,7.15,1.06,7.5,34.71,5.63,75.17,0,43.08,5.13,0.08,2024-03-24
S104798,7.33,5.41,0.96,3.98,42.45,8.15,67.69,4,65.71,1.12,2.34,2024-03-20
S104799,6.05,7.39,0.64,8.7,41.82,5.01,75.16,1,47.03,1.4,5.74,2024-04-25
S104800,9.87,7.68,0.39,6.54,62.18,6.78,62.68,2,52.36,3.92,0.4,2024-02-03
S104801,6.46,5.58,0.21,3.16,59.08,5.33,68.73,2,59.47,1.05,0.52,2024-03-02
S104802,3.01,8.5,3.15,6.5,21.32,7.46,35.07,2,54.39,7.09,3.59,2024-03-31
S104803,8.46,6.36,1.86,5.67,48.88,6.57,42.23,2,56.17,1.6,2.52,2024-04-08
S104804,5.28,6.21,0.52,7.24,39.98,5.34,49.68,1,49.88,2.24,10.42,2024-03-05
S104805,4.72,8.63,0.51,6.38,8.1,6.84,67.08,3,56.51,2.63,2.81,2024-03-11
S104806,6.24,7.38,2.3,4.22,36.47,1.0,94.36,3,55.98,6.51,11.29,2024-02-28
S104807,8.11,1.89,2.0,7.96,56.71,6.5,53.92,2,48.34,0.74,4.91,2024-04-03
S104808,9.04,0.03,1.21,1.55,34.53,6.67,44.42,4,82.58,0.01,6.38,2024-04-15
S104809,5.76,9.5,1.43,4.24,5.51,2.42,57.48,0,69.11,11.07,1.9,2024-02-08
S104810,6.61,4.95,0.33,6.27,31.01,6.11,36.03,0,56.88,1.34,5.19,2024-04-09
S104811,6.62,4.78,1.03,4.34,82.77,8.97,35.65,3,49.91,1.1,19.28,2024-02-24
S104812,5.39,7.59,0.37,5.76,38.87,2.7,82.28,1,50.72,4.19,2.54,2024-04-26
S104813,5.59,9.47,3.25,5.14,17.17,1.0,64.8,1,60.38,3.85,3.77,2024-08-03
S104814,6.1,5.71,1.89,4.01,57.31,7.06,52.81,0,47.31,22.85,3.22,2024-04-23
S104815,6.22,8.49,0.17,7.19,46.27,6.65,100.0,2,46.85,3.0,4.45,2024-09-03
S104816,7.8,3.2,0.12,4.35,33.49,10.0,61.17,3,69.03,1.44,1.47,2024-02-16
S104817,3.59,2.34,2.41,3.12,48.04,8.77,58.83,1,56.05,0.62,1.79,2024-02-16
S104818,6.97,0.79,0.24,8.26,51.16,4.89,61.34,1,47.15,0.2,1.62,2024-04-13
S104819,6.83,7.59,0.67,4.46,30.01,8.19,51.72,2,68.98,3.07,6.68,2024-03-31
S104820,8.24,5.15,2.5,7.91,45.69,4.13,68.48,2,51.44,1.93,7.75,2024-04-03
S104821,5.76,6.26,0.56,6.46,69.31,8.57,90.95,1,34.61,3.18,5.07,2024-03-09
S104822,5.77,9.38,1.44,5.32,33.04,2.53,64.74,3,55.77,2.14,2.31,2024-02-28
S104823,6.45,2.51,1.12,6.22,72.18,5.85,41.77,2,41.93,0.77,5.87,2024-07-03
S104824,5.5,12.6,1.3,7.07,11.3,5.26,77.19,2,63.68,2.83,8.34,2024-02-26
S104825,5.46,6.59,1.05,5.13,57.84,4.68,77.15,2,44.52,1.36,2.03,2024-02-23
S104826,5.36,1.15,1.95,1.72,43.42,9.33,65.03,4,55.55,0.32,6.86,2024-03-28
S104827,5.36,9.28,0.11,4.87,38.3,8.42,66.11,2,53.57,4.31,7.43,2024-02-05
S104828,4.85,11.48,5.46,3.15,30.01,5.64,64.54,2,61.16,10.8,0.32,2024-03-01
S104829,5.44,6.18,0.23,6.25,35.18,7.94,64.61,2,54.83,2.25,5.25,2024-04-22
S104830,5.19,4.67,1.64,6.51,10.19,6.54,50.11,1,62.61,1.51,5.11,2024-02-03
S104831,5.26,9.27,0.07,3.44,38.04,6.65,83.96,1,64.22,6.03,5.97,2024-03-22
S104832,4.41,8.77,0.18,8.29,42.39,7.82,62.88,1,45.48,1.55,1.3,2024-03-11
S104833,7.62,0.8,3.04,4.86,23.96,9.05,62.12,3,62.07,0.47,20.0,2024-02-02
S104834,6.72,6.14,1.83,5.86,44.26,5.66,68.34,2,48.85,24.54,2.23,2024-04-18
S104835,6.21,6.97,0.84,5.01,23.15,4.28,96.35,0,66.65,8.8,4.22,2024-03-04
S104836,4.76,2.61,0.83,4.49,49.04,10.0,54.33,1,46.63,0.66,3.31,2024-03-28
S104837,7.18,5.64,6.4,8.43,82.39,2.94,88.47,1,30.56,2.76,8.86,2024-02-06
S104838,5.94,3.96,1.68,5.63,54.65,4.19,56.47,1,50.45,2.77,2.83,2024-10-03
S104839,6.13,6.19,0.26,1.56,0.0,7.96,57.99,3,86.52,0.85,4.3,2024-09-03
S104840,6.41,8.91,0.11,3.98,36.22,6.63,62.04,2,62.23,3.6,0.5,2024-04-18
S104841,6.12,10.09,1.57,4.86,32.12,2.81,65.83,3,59.52,2.16,4.53,2024-02-23
S104842,7.66,6.0,2.73,7.17,62.8,10.0,83.68,1,42.56,1.23,0.18,2024-03-13
S104843,5.17,6.29,0.35,5.54,22.77,3.54,91.4,2,57.55,1.48,16.07,2024-03-22
S104844,5.35,4.33,0.21,5.07,45.97,8.76,63.53,3,55.66,1.65,5.97,2024-04-13
S104845,6.49,5.71,0.07,5.53,32.09,10.0,57.1,3,51.14,1.46,2.63,2024-04-17
S104846,6.0,10.53,0.43,6.49,11.3,8.15,42.11,2,65.87,5.36,6.62,2024-03-25
S104847,7.05,6.25,0.76,4.64,34.85,6.54,69.3,2,56.44,9.78,0.51,2024-02-08
S104848,7.57,3.07,2.28,6.49,54.64,7.92,47.53,0,44.35,0.78,7.96,2024-08-02
S104849,8.22,4.83,0.28,4.77,31.47,6.98,60.26,3,70.39,0.99,0.08,2024-02-06
S104850,7.63,5.95,0.39,7.25,74.77,6.34,60.78,1,40.15,1.73,10.34,2024-03-14
S104851,5.89,7.64,0.04,3.89,37.83,5.34,58.64,2,55.69,2.63,0.92,2024-02-15
S104852,6.06,3.88,0.46,2.31,23.99,5.5,89.46,5,80.39,1.08,20.0,2024-07-02
S104853,5.76,8.95,0.66,6.12,32.66,4.48,84.71,1,51.02,3.05,4.2,2024-04-01
S104854,7.91,7.57,0.17,4.92,98.98,6.07,55.46,2,37.16,3.21,2.55,2024-03-19
S104855,5.97,5.38,0.93,9.43,20.57,7.9,56.36,1,54.66,2.3,18.03,2024-02-14
S104856,5.09,7.4,0.31,6.46,44.46,7.77,42.41,2,50.48,4.51,6.71,2024-03-17
S104857,4.83,10.25,0.04,6.05,65.66,9.14,43.2,3,39.71,1.87,4.5,2024-04-26
S104858,7.34,3.95,2.48,9.69,37.29,5.54,89.96,1,49.59,1.22,8.22,2024-02-04
S104859,5.07,5.84,6.78,7.06,36.28,5.48,74.07,1,52.41,1.72,10.36,2024-04-02
S104860,3.0,7.89,2.94,4.25,38.6,7.79,17.84,1,48.83,1.51,8.38,2024-03-15
S104861,7.29,6.7,0.88,5.69,68.96,2.22,51.34,2,50.12,13.92,0.19,2024-03-29
S104862,6.76,6.505,0.47,5.66,52.16,5.75,64.42,0,58.04,0.63,3.6,2024-11-02
S104863,7.37,5.39,1.23,8.33,36.77,4.28,56.68,3,58.6,1.84,7.25,2024-03-13
S104864,7.68,9.54,0.6,7.04,20.84,6.33,48.91,0,65.42,4.54,2.73,2024-04-29
S104865,7.01,6.505,8.0,5.56,8.52,7.49,82.0,4,71.36,1.83,0.06,2024-02-15
S104866,6.85,5.27,1.92,4.27,28.34,6.57,42.06,2,69.57,1.93,11.41,2024-02-16
S104867,6.37,5.11,0.05,3.95,9.53,4.69,37.81,2,65.88,20.45,9.63,2024-02-29
S104868,5.2,4.6,2.0,6.07,43.09,7.5,45.61,4,51.19,1.29,2.13,2024-04-29
S104869,3.34,4.0,4.76,2.91,49.13,3.78,61.83,1,41.67,15.88,4.08,2024-03-25
S104870,3.55,9.92,0.16,8.2,61.03,9.92,72.34,3,39.1,4.69,1.67,2024-03-08
S104871,6.83,5.78,1.12,5.85,61.95,7.84,69.28,2,46.32,3.37,8.77,2024-02-13
S104872,7.43,8.99,2.74,7.92,58.42,5.97,62.6,2,45.63,4.57,1.62,2024-02-22
S104873,6.35,6.11,2.0,4.66,49.39,5.57,51.19,1,55.76,2.79,1.24,2024-02-12
S104874,5.23,7.84,1.64,8.6,39.28,5.6,76.36,0,39.44,3.24,9.43,2024-02-14
S104875,7.2,7.02,2.23,5.8,54.45,2.12,58.2,0,48.96,1.99,2.99,2024-03-16
S104876,6.27,8.65,4.27,3.31,5.78,7.04,40.0,0,80.19,1.84,3.9,2024-04-25
S104877,6.32,10.68,1.2,8.23,29.66,4.66,54.48,0,54.12,6.31,3.27,2024-02-20
S104878,5.8,6.81,0.71,6.6,82.91,7.65,52.92,1,38.8,2.15,3.72,2024-03-14
S104879,4.67,3.02,0.55,7.03,3.53,6.1,26.75,3,66.31,1.27,1.28,2024-02-21
S104880,4.9,8.0,1.22,5.35,54.39,4.19,80.92,1,40.67,2.48,3.02,2024-02-13
S104881,6.85,11.07,1.37,7.22,21.63,3.99,53.51,1,61.7,44.29,1.68,2024-02-29
S104882,8.58,8.06,0.15,9.72,23.54,4.95,39.32,2,66.08,3.3,4.21,2024-02-14
S104883,8.78,6.16,0.02,7.37,60.09,2.9,52.81,3,50.41,24.64,4.26,2024-02-02
S104884,6.06,6.93,0.79,5.73,45.56,10.0,39.11,3,52.1,1.44,1.97,2024-04-15
S104885,6.94,2.14,0.54,3.26,60.63,3.77,51.45,5,64.21,0.48,2.32,2024-03-23
S104886,6.19,4.38,1.34,4.39,46.58,3.91,45.42,2,51.75,1.89,1.78,2024-02-27
S104887,6.53,7.86,0.77,8.51,45.45,5.14,59.39,2,44.85,2.18,1.76,2024-02-15
S104888,6.89,10.23,0.91,6.2,34.83,5.77,46.16,3,59.72,3.98,6.42,2024-02-12
S104889,7.58,10.92,2.61,7.1,61.33,7.49,77.05,2,51.01,3.59,1.48,2024-04-23
S104890,4.72,6.1,0.68,7.4,58.29,3.81,78.75,2,36.61,2.17,17.18,2024-04-07
S104891,8.79,5.13,2.51,10.0,62.98,5.55,69.29,2,38.95,1.13,1.09,2024-02-02
S104892,6.14,4.26,0.4,6.75,53.1,5.55,48.72,3,38.56,0.99,1.83,2024-03-30
S104893,4.95,4.15,2.33,8.82,25.7,4.65,32.53,1,57.36,1.74,0.14,2024-03-26
S104894,9.56,4.91,0.85,5.28,35.07,3.54,63.85,3,68.42,1.39,2.6,2024-04-22
S104895,5.07,3.24,0.36,7.34,38.53,7.08,34.75,4,40.68,1.04,11.04,2024-02-20
S104896,6.27,9.44,0.75,6.51,17.9,1.87,82.66,1,59.76,2.01,2.28,2024-03-29
S104897,5.29,1.79,0.62,2.88,49.14,6.89,57.77,2,55.63,0.36,9.09,2024-02-07
S104898,7.97,10.14,0.93,4.48,40.25,5.52,70.09,1,63.42,1.68,3.12,2024-04-11
S104899,3.0,8.99,0.56,3.05,68.28,6.66,87.99,2,39.43,2.12,0.32,2024-02-13
S104900,6.79,5.07,6.6,5.42,0.0,6.86,61.18,2,73.09,1.65,12.6,2024-04-22
S104901,4.09,7.19,0.93,7.03,38.6,3.88,26.77,1,49.56,3.12,20.0,2024-03-03
S104902,8.5,5.55,0.14,9.97,70.08,7.86,56.93,1,37.45,22.21,11.7,2024-03-31
S104903,9.26,10.18,0.59,8.34,40.95,4.82,80.7,1,62.25,7.22,3.22,2024-11-04
S104904,7.53,8.65,2.32,8.44,63.92,1.92,46.27,2,43.32,1.67,0.27,2024-04-06
S104905,5.23,8.55,1.7,4.83,68.11,3.67,61.49,1,40.19,2.63,3.6,2024-04-21
S104906,7.95,4.05,1.54,3.92,42.2,6.83,45.64,3,65.99,0.75,3.69,2024-03-23
S104907,9.39,8.91,0.26,7.02,17.67,6.05,70.88,1,69.96,17.77,0.8,2024-03-02
S104908,6.68,5.11,0.03,4.75,71.44,5.59,50.52,3,50.5,1.0,3.94,2024-03-18
S104909,5.8,8.6,2.11,7.99,15.63,5.83,34.7,1,58.99,28.88,0.39,2024-02-17
S104910,8.38,10.57,0.42,7.91,64.89,3.24,46.71,1,45.3,2.71,6.23,2024-03-26
S104911,4.46,5.82,0.42,4.61,30.52,1.0,60.46,0,55.78,1.84,3.28,2024-03-19
S104912,5.91,4.03,0.52,6.19,22.3,8.03,60.27,1,61.17,1.8,2.89,2024-07-02
S104913,6.25,5.92,1.97,6.39,57.75,8.8,36.29,1,49.76,4.55,18.43,2024-03-06
S104914,6.49,10.76,5.15,4.47,15.1,8.69,99.82,3,64.85,3.8,7.25,2024-04-20
S104915,7.87,3.59,1.29,7.14,35.28,3.38,72.43,0,54.94,0.88,0.94,2024-03-21
S104916,6.11,6.45,4.33,6.09,45.03,9.7,36.1,2,46.2,2.83,19.38,2024-04-20
S104917,4.77,5.97,1.33,6.93,24.46,4.57,20.54,4,48.58,1.18,0.47,2024-03-24
S104918,4.35,9.97,1.23,3.02,49.55,4.73,100.0,0,51.67,3.35,0.05,2024-03-14
S104919,6.11,4.28,7.85,6.14,50.94,5.65,63.83,0,48.9,0.99,6.0,2024-04-13
S104920,6.97,5.21,0.34,6.09,61.71,4.32,75.66,3,49.49,1.77,0.45,2024-04-09
S104921,7.67,4.69,0.58,7.4,42.24,1.0,39.47,2,50.87,1.26,2.19,2024-01-04
S104922,7.19,6.96,1.18,4.03,43.74,5.88,42.11,6,59.46,2.75,1.61,2024-02-16
S104923,4.39,4.06,0.03,7.52,47.34,3.6,74.3,1,44.74,2.19,1.16,2024-03-24
S104924,7.11,4.9,2.79,4.87,40.03,2.82,82.0,0,60.12,0.99,5.0,2024-02-17
S104925,5.39,3.33,0.22,6.81,43.84,7.38,39.18,2,47.51,1.51,0.83,2024-04-06
S104926,8.14,7.47,0.48,2.12,23.2,2.11,83.16,2,77.48,1.95,0.29,2024-03-01
S104927,5.89,6.26,0.23,6.35,41.87,7.35,73.14,2,59.45,2.19,3.22,2024-03-27
S104928,5.92,7.2,0.5,3.8,33.91,5.49,56.39,1,72.77,2.3,2.41,2024-04-26
S104929,5.54,2.03,0.39,3.35,10.92,3.08,78.73,1,74.72,1.41,1.91,2024-03-27
S104930,7.69,8.91,1.91,4.67,59.31,4.61,45.43,2,60.61,4.2,14.83,2024-02-06
S104931,6.16,6.67,0.44,6.38,0.0,6.96,77.87,2,61.71,1.9,3.07,2024-04-09
S104932,10.0,10.33,0.28,2.28,53.61,6.82,41.56,0,67.84,6.34,0.14,2024-03-13
S104933,7.96,10.64,0.9,5.79,35.18,4.35,31.79,4,58.07,6.94,9.06,2024-02-28
S104934,4.68,4.83,1.69,5.78,55.69,6.38,65.18,3,44.81,19.32,4.0,2024-04-16
S104935,6.27,6.69,0.14,2.85,19.85,7.06,78.44,0,73.37,4.94,0.75,2024-04-28
S104936,7.79,5.03,0.1,6.84,35.82,7.27,44.73,0,56.58,0.89,1.05,2024-02-24
S104937,7.44,6.48,1.04,8.04,0.0,5.61,68.94,4,69.21,2.2,9.82,2024-04-12
S104938,7.18,7.55,0.15,7.26,26.87,3.32,57.4,2,52.57,7.95,7.77,2024-04-27
S104939,6.67,6.13,0.47,10.0,7.08,3.94,59.36,5,62.23,8.92,4.17,2024-02-28
S104940,4.17,5.64,3.16,7.58,22.94,10.0,59.84,1,50.68,2.85,0.49,2024-02-15
S104941,4.23,10.36,0.03,4.04,61.71,7.95,58.61,0,42.7,41.44,5.29,2024-03-01
S104942,7.46,2.4,0.82,2.12,10.16,4.57,51.72,1,87.22,0.68,4.75,2024-04-23
S104943,5.44,6.52,1.31,6.89,63.64,4.12,60.61,1,47.75,6.85,1.51,2024-04-02
S104944,6.36,4.35,3.92,6.59,82.82,4.42,63.27,3,33.54,0.92,10.38,2024-07-02
S104945,7.22,6.505,3.85,2.52,22.22,9.46,50.68,3,73.08,0.96,4.37,2024-02-08
S104946,3.68,5.72,0.4,5.36,41.32,6.05,65.29,1,46.67,7.95,12.0,2024-04-12
S104947,3.68,6.98,6.18,6.43,54.37,1.0,50.49,2,37.48,2.06,3.42,2024-04-18
S104948,7.08,3.53,2.08,6.32,27.7,2.84,77.16,1,63.03,2.69,8.37,2024-04-23
S104949,5.51,9.15,0.05,4.87,53.03,4.95,17.59,2,45.03,12.54,3.67,2024-03-31
S104950,5.84,5.58,0.48,8.04,37.47,5.42,74.56,1,48.35,1.51,3.43,2024-04-18
S104951,7.92,5.62,1.19,7.15,22.8,4.68,68.02,1,61.2,1.31,1.28,2024-04-17
S104952,5.95,3.73,0.49,7.4,61.96,7.13,63.28,4,38.88,0.56,3.66,2024-11-03
S104953,6.24,6.91,2.65,6.07,65.96,5.98,72.04,4,48.43,1.41,1.22,2024-04-17
S104954,6.73,3.01,1.78,6.37,33.41,6.38,38.88,2,58.77,0.85,0.42,2024-04-16
S104955,3.9,4.83,3.97,3.87,59.94,2.81,45.78,1,45.33,1.4,1.24,2024-02-10
S104956,8.75,8.34,1.24,5.57,19.65,7.71,47.76,2,64.57,10.37,9.55,2024-02-08
S104957,6.89,8.92,0.73,4.56,47.33,6.22,78.38,1,65.79,1.57,2.58,2024-04-27
S104958,5.55,3.37,0.24,3.62,85.23,4.78,56.69,1,42.76,1.06,0.2,2024-04-16
S104959,7.91,2.24,1.11,7.45,49.26,7.82,39.84,5,54.06,1.16,5.85,2024-02-22
S104960,5.01,12.26,3.07,5.26,78.77,6.14,69.53,4,47.03,4.01,0.31,2024-09-03
S104961,5.35,7.1,5.97,7.46,54.46,3.21,99.15,1,47.93,4.73,1.46,2024-06-04
S104962,4.59,6.25,4.3,4.89,81.19,7.62,100.0,3,36.87,1.98,2.28,2024-04-16
S104963,5.99,4.9,0.34,6.66,41.16,6.4,70.3,3,57.64,1.04,3.51,2024-03-03
S104964,5.27,5.77,1.19,2.98,32.49,4.52,50.71,2,69.34,1.8,6.59,2024-03-31
S104965,6.68,4.85,0.1,8.06,87.95,3.9,69.53,0,32.32,2.01,0.46,2024-03-16
S104966,5.37,5.31,1.82,8.09,62.02,7.28,66.41,1,38.44,21.26,0.17,2024-03-31
S104967,6.67,2.58,1.78,7.66,46.34,7.98,47.99,1,56.85,0.78,1.63,2024-04-17
S104968,6.92,6.42,0.64,5.15,28.83,6.92,31.99,1,62.62,2.61,3.81,2024-04-08
S104969,6.86,5.67,1.09,8.6,30.35,3.07,46.15,4,44.92,1.31,1.24,2024-02-17
S104970,6.83,4.89,1.65,3.38,67.82,3.4,39.51,0,53.76,5.41,1.19,2024-03-29
S104971,6.42,4.52,0.56,10.0,90.7,5.73,62.12,2,34.36,1.33,2.81,2024-03-01
S104972,5.15,4.25,1.07,6.99,39.73,7.14,44.04,2,53.35,1.61,2.57,2024-04-04
S104973,3.52,7.9,0.16,4.71,24.11,6.64,88.3,2,54.11,4.1,1.57,2024-04-27
S104974,6.8,5.69,0.51,6.27,15.35,4.72,75.85,0,66.17,1.62,1.41,2024-04-20
S104975,4.34,3.65,5.79,5.85,30.64,8.73,55.68,2,48.45,1.72,1.83,2024-02-01
S104976,6.78,7.03,3.01,1.0,14.12,8.48,53.1,4,79.53,4.15,10.02,2024-10-04
S104977,6.23,6.32,1.22,4.73,64.69,4.26,63.53,0,53.1,2.95,5.44,2024-04-02
S104978,6.23,5.55,0.39,4.76,49.41,6.56,80.24,1,46.43,3.33,1.98,2024-02-15
S104979,6.31,9.35,0.16,1.81,32.89,4.88,80.64,2,66.7,1.78,0.19,2024-04-13
S104980,7.11,9.09,1.96,8.99,49.83,7.99,58.63,3,40.17,2.81,1.45,2024-03-22
S104981,4.94,7.63,3.91,3.96,9.84,5.51,76.06,2,69.99,30.53,0.22,2024-02-29
S104982,6.74,9.18,0.3,6.68,47.05,4.16,73.85,0,46.6,2.5,1.7,2024-04-09
S104983,7.81,10.95,3.07,2.03,33.84,8.39,41.97,4,76.26,3.1,7.55,2024-02-13
S104984,7.41,5.79,0.73,1.9,24.79,6.39,66.52,2,80.05,23.16,0.24,2024-03-27
S104985,7.85,6.93,1.68,9.03,60.34,1.0,58.59,2,33.94,3.23,1.42,2024-04-15
S104986,5.91,4.11,2.39,5.63,64.81,5.62,88.87,2,41.29,0.79,0.25,2024-04-28
S104987,6.19,6.0,3.85,8.66,36.88,3.52,54.62,4,45.97,24.0,1.7,2024-02-08
S104988,8.92,3.88,0.87,7.37,56.35,3.56,84.24,5,53.76,15.52,1.97,2024-03-10
S104989,7.01,7.07,3.23,8.32,69.4,1.0,81.7,1,39.28,2.05,2.91,2024-03-10
S104990,6.66,4.15,0.21,3.36,25.85,4.56,42.42,2,69.99,1.09,3.36,2024-04-17
S104991,7.7,6.67,0.73,6.84,48.73,3.19,53.54,1,54.19,2.65,4.52,2024-03-06
S104992,5.08,5.01,0.22,5.17,47.83,6.14,85.24,2,52.43,3.2,3.48,2024-08-03
S104993,6.12,3.8,0.07,6.69,45.02,3.29,41.8,2,60.11,1.44,1.36,2024-03-04
S104994,6.92,7.42,2.89,7.81,42.91,6.44,29.98,2,49.69,3.24,1.11,2024-03-12
S104995,6.22,1.72,2.52,4.39,54.7,3.38,49.22,1,55.48,0.33,0.05,2024-03-25
S104996,8.42,10.2,0.06,8.2,66.97,5.15,46.78,2,44.82,2.93,3.95,2024-02-26
S104997,6.91,6.505,0.08,10.0,30.29,8.23,68.22,2,50.47,2.4,7.78,2024-02-06
S104998,7.54,3.84,0.54,1.6,87.59,4.65,86.66,3,50.18,0.86,1.41,2024-04-12
S104999,5.15,5.37,4.48,6.09,27.71,8.16,54.95,2,53.51,2.04,7.77,2024-03-24
S105000,6.29,4.83,0.69,4.86,43.09,6.75,69.67,1,55.1,3.01,3.55,2024-04-17
S105001,6.27,5.63,1.11,9.41,58.45,10.0,41.25,2,43.56,1.63,4.81,2024-04-09
S105002,7.03,8.87,0.84,6.54,34.85,2.72,61.92,2,62.47,35.47,5.64,2024-04-15
S105003,6.99,7.3,0.37,5.09,64.17,4.07,69.23,1,43.72,6.88,6.82,2024-03-02
S105004,6.31,6.505,0.32,6.6,33.58,7.09,82.96,2,61.95,2.11,1.04,2024-04-23
S105005,7.12,6.505,2.45,5.4,68.22,5.61,94.27,4,48.96,0.71,1.32,2024-04-08
S105006,9.23,6.55,2.09,7.74,47.9,5.15,43.52,4,54.13,1.5,4.92,2024-02-15
S105007,6.35,8.28,1.9,7.05,64.8,5.44,64.19,0,42.16,2.35,0.68,2024-03-20
S105008,5.39,2.32,2.06,4.14,57.03,6.92,63.74,1,58.43,0.68,10.92,2024-02-09
S105009,7.99,7.73,2.86,5.49,15.88,5.38,55.88,1,70.63,2.47,2.19,2024-03-13
S105010,8.38,7.0,2.59,4.8,55.75,6.81,31.03,2,58.75,1.58,2.88,2024-04-18
S105011,6.57,7.33,4.08,8.34,56.18,3.67,78.97,1,38.89,1.82,1.09,2024-02-23
S105012,7.66,11.52,0.83,8.17,54.12,6.42,65.4,1,43.23,2.65,0.34,2024-02-27
S105013,3.46,7.35,0.6,7.33,32.81,10.0,92.47,1,43.6,3.28,1.31,2024-02-09
S105014,6.97,9.69,3.57,5.94,64.53,4.73,72.96,4,53.42,3.19,8.86,2024-03-23
S105015,6.06,6.68,0.81,8.91,36.84,3.7,37.29,3,53.68,2.69,4.07,2024-04-13
S105016,9.39,10.22,2.63,1.9,77.05,4.2,53.57,3,67.45,2.54,2.68,2024-04-24
S105017,6.64,5.38,0.96,4.61,78.43,3.26,73.7,1,41.53,4.0,0.16,2024-04-15
S105018,8.88,6.54,1.5,7.28,49.68,7.76,72.22,3,58.14,3.02,1.04,2024-02-26
S105019,6.06,6.97,2.57,2.76,29.98,5.28,46.32,5,69.61,1.53,0.83,2024-03-27
S105020,5.93,7.61,0.04,1.0,64.88,7.26,71.68,2,63.06,6.74,0.76,2024-02-03
S105021,5.57,6.52,1.26,6.35,13.4,3.4,30.64,4,68.9,3.15,9.84,2024-02-24
S105022,4.69,2.4,1.24,6.6,27.98,3.67,55.31,3,55.73,0.56,4.2,2024-03-02
S105023,5.53,7.87,1.66,7.17,41.78,3.48,48.74,3,48.87,2.05,7.34,2024-02-20
S105024,7.86,7.72,1.29,6.57,56.13,3.49,72.14,0,54.65,2.14,0.54,2024-04-12
S105025,4.19,10.47,0.38,7.09,11.75,3.22,67.58,2,54.89,3.43,0.13,2024-04-29
S105026,6.45,5.12,2.06,5.95,16.96,6.71,69.29,2,64.74,1.42,3.19,2024-03-03
S105027,7.88,8.04,0.6,3.41,0.0,5.06,58.04,1,78.77,4.7,1.81,2024-02-03
S105028,6.68,10.55,1.2,4.54,35.12,5.89,54.09,1,58.19,2.38,0.1,2024-04-09
S105029,7.05,7.2,1.51,2.25,63.7,9.32,85.49,2,67.63,2.27,2.9,2024-04-15
S105030,6.81,4.09,0.17,6.14,24.39,6.25,54.0,2,62.31,1.68,1.03,2024-03-14
S105031,7.05,3.47,2.07,4.85,16.98,6.66,69.4,2,67.96,13.86,9.63,2024-02-16
S105032,3.66,4.94,1.75,6.3,55.16,8.23,62.17,1,37.19,2.77,8.34,2024-10-03
S105033,8.42,7.28,0.39,7.83,19.8,8.36,70.97,3,58.84,1.31,1.12,2024-03-10
S105034,6.83,3.55,5.65,8.45,68.46,7.2,64.07,0,39.48,1.14,2.16,2024-03-02
S105035,5.56,8.14,0.7,6.18,68.06,1.64,65.55,1,36.96,4.1,5.65,2024-03-07
S105036,5.92,3.58,3.19,4.91,93.55,5.55,57.88,2,33.57,0.94,2.43,2024-02-01
S105037,6.14,7.7,2.52,6.77,30.56,4.63,50.17,4,56.17,1.43,4.19,2024-05-02
S105038,7.28,8.43,0.39,6.17,35.46,6.03,54.55,2,55.75,3.19,9.66,2024-02-15
S105039,4.69,4.54,0.14,6.17,5.35,5.75,47.02,1,63.03,1.21,2.1,2024-02-27
S105040,4.58,10.17,2.51,5.89,46.18,8.11,80.99,1,48.82,5.19,6.13,2024-03-01
S105041,4.51,5.51,0.33,3.8,56.33,4.71,66.14,1,59.52,2.0,3.89,2024-02-26
S105042,7.59,0.53,2.31,3.01,43.87,6.78,61.76,2,63.61,0.34,2.58,2024-10-02
S105043,5.07,6.28,0.07,5.23,32.29,6.9,87.08,1,67.42,2.0,1.73,2024-04-03
S105044,6.51,7.52,0.55,3.43,8.87,10.0,39.18,2,75.74,3.9,10.25,2024-04-19
S105045,4.75,5.26,0.07,5.59,54.71,5.96,53.19,3,41.76,1.47,0.46,2024-03-01
S105046,6.25,8.04,2.05,6.05,4.25,9.77,52.43,2,68.62,3.6,5.11,2024-03-13
S105047,5.65,10.03,0.97,3.69,39.72,8.78,73.72,4,64.29,2.28,2.56,2024-04-20
S105048,5.32,7.25,2.33,6.47,35.64,4.02,48.88,3,53.69,2.43,1.11,2024-03-21
S105049,7.91,7.73,2.27,4.34,41.63,7.22,54.12,1,58.18,1.87,0.01,2024-02-11
S105050,6.48,9.1,0.14,6.86,66.8,4.67,46.14,1,37.48,3.01,1.21,2024-04-27
S105051,5.01,6.6,0.2,5.03,2.12,5.82,60.18,1,73.6,0.95,3.47,2024-03-04
S105052,9.68,8.54,1.0,3.83,42.06,2.46,50.07,1,76.41,1.48,6.41,2024-02-17
S105053,5.04,6.11,1.35,5.1,63.54,6.78,42.32,0,41.11,1.37,4.03,2024-04-21
S105054,4.71,3.75,4.02,8.41,61.84,3.49,72.81,1,38.58,1.0,0.41,2024-02-03
S105055,4.01,7.25,0.01,6.77,30.27,7.93,78.05,1,44.26,5.14,1.86,2024-03-19
S105056,8.59,4.84,1.48,4.31,40.79,6.19,67.03,1,67.42,1.66,0.26,2024-09-02
S105057,6.64,6.2,0.09,5.5,59.99,8.61,31.46,1,48.12,1.62,4.16,2024-03-02
S105058,6.82,6.38,1.94,6.68,71.25,2.26,26.75,2,47.44,2.45,6.58,2024-04-24
S105059,7.88,7.15,0.3,8.94,62.21,9.91,50.88,0,42.45,2.15,8.12,2024-03-19
S105060,6.53,1.18,0.97,5.72,31.99,4.8,46.58,0,61.44,0.23,2.18,2024-03-10
S105061,7.36,6.39,0.29,5.05,33.09,8.58,62.21,3,59.08,1.43,9.64,2024-02-01
S105062,8.69,3.79,0.41,7.15,57.72,7.01,50.4,2,53.1,1.6,2.98,2024-03-31
S105063,6.71,3.99,0.28,3.23,59.92,4.33,66.49,2,60.51,0.96,1.51,2024-03-15
S105064,7.49,9.35,0.91,7.27,34.71,4.05,41.59,1,56.68,2.53,10.65,2024-02-01
S105065,6.65,3.55,0.74,3.6,100.0,6.37,67.79,1,41.01,0.87,1.17,2024-03-13
S105066,6.57,9.78,4.79,3.53,45.71,4.68,70.05,1,54.83,3.15,2.03,2024-03-06
S105067,8.35,4.64,0.43,4.21,49.55,7.35,49.66,1,62.71,0.77,0.09,2024-02-19
S105068,7.18,8.75,1.46,3.83,58.99,2.39,35.97,0,54.8,5.36,1.65,2024-01-02
S105069,6.76,8.04,0.02,6.72,63.79,1.53,70.86,1,46.44,1.86,0.56,2024-04-22
S105070,3.73,5.21,2.12,7.46,15.58,7.92,64.17,2,49.6,4.07,0.47,2024-04-19
S105071,5.13,8.87,1.77,3.41,34.69,4.74,61.51,1,56.43,2.82,4.21,2024-04-10
S105072,5.41,0.0,4.54,5.97,12.39,3.49,33.49,0,61.99,0.0,2.36,2024-04-18
S105073,6.35,6.97,4.03,4.1,80.01,7.11,62.45,0,48.17,4.09,3.39,2024-02-02
S105074,6.89,6.04,0.66,4.7,28.87,5.24,51.89,3,58.53,1.37,1.3,2024-03-23
S105075,6.59,8.29,0.87,8.28,42.85,3.86,81.41,1,53.81,2.73,0.69,2024-04-15
S105076,6.15,5.22,2.75,3.49,42.12,5.87,44.3,4,62.23,1.37,2.95,2024-03-25
S105077,6.85,7.33,0.95,4.51,46.84,6.5,47.2,2,57.11,3.67,2.19,2024-03-22
S105078,6.87,5.8,1.54,4.58,38.05,8.92,66.73,2,60.65,3.4,6.57,2024-04-17
S105079,7.62,8.07,0.47,4.44,21.08,3.87,33.15,2,64.26,3.46,3.26,2024-04-24
S105080,3.9,8.53,3.26,3.51,32.09,2.66,15.4,0,47.42,3.97,2.45,2024-03-09
S105081,7.79,3.14,0.44,5.89,64.16,7.3,56.06,2,49.96,1.12,1.93,2024-02-23
S105082,9.09,11.12,0.21,2.51,71.36,2.77,65.23,4,63.3,4.77,4.24,2024-02-10
S105083,7.96,6.32,0.77,6.33,7.22,7.99,55.24,4,71.63,2.02,1.5,2024-04-22
S105084,5.77,11.87,1.23,6.24,40.04,5.25,70.88,1,45.95,3.26,0.39,2024-02-26
S105085,5.12,5.07,0.06,8.67,9.02,5.41,60.62,1,52.63,1.97,4.49,2024-04-28
S105086,6.29,6.63,1.14,8.17,45.9,4.96,75.15,1,40.66,1.46,1.03,2024-02-29
S105087,8.24,10.07,0.87,5.99,50.94,4.29,61.93,1,62.53,4.59,0.31,2024-02-26
S105088,6.75,5.73,3.91,5.2,63.53,8.77,36.41,3,49.96,1.89,8.94,2024-03-04
S105089,3.57,9.06,0.14,9.55,51.36,4.09,71.37,5,35.33,3.96,2.09,2024-03-08
S105090,3.0,5.89,0.08,5.37,51.76,7.49,78.11,0,35.47,5.71,1.61,2024-04-10
S105091,6.65,6.83,0.62,10.0,52.48,6.76,28.52,3,42.9,1.81,2.28,2024-04-26
S105092,9.67,6.26,0.51,5.17,42.23,4.08,46.84,1,69.28,2.95,1.45,2024-02-21
S105093,4.14,7.07,3.13,4.63,33.39,2.62,69.42,3,59.02,2.14,0.84,2024-03-13
S105094,5.47,11.5,4.69,7.35,37.26,7.71,54.8,5,46.31,12.02,3.54,2024-02-24
S105095,6.37,4.88,3.69,7.64,43.78,2.79,80.03,3,52.0,3.23,0.95,2024-04-03
S105096,6.77,7.24,1.31,5.9,26.97,5.37,45.44,2,59.7,1.34,2.86,2024-03-02
S105097,7.55,5.72,0.08,3.02,69.07,7.68,83.2,1,53.38,3.16,3.45,2024-02-20
S105098,4.11,6.67,0.58,6.94,54.91,3.7,88.16,2,43.79,17.66,9.77,2024-02-15
S105099,6.48,6.55,1.18,4.41,55.6,8.99,61.37,1,50.67,1.66,0.68,2024-03-28
S105100,5.41,6.82,0.27,6.46,54.34,6.9,28.36,1,42.42,3.06,14.49,2024-02-02
S105101,7.48,7.87,1.04,5.45,70.57,7.26,64.75,1,47.01,2.02,9.73,2024-02-12
S105102,6.85,12.05,0.36,3.33,10.21,1.3,46.29,1,79.79,4.97,2.28,2024-04-06
S105103,7.87,2.93,0.91,3.39,40.79,6.21,55.58,5,64.89,0.96,10.31,2024-03-13
S105104,4.6,6.05,1.23,6.6,63.81,1.53,55.79,2,39.25,2.34,7.34,2024-03-12
S105105,4.75,7.74,3.53,5.96,53.27,6.98,37.76,2,41.4,1.41,1.63,2024-02-02
S105106,5.31,9.8,0.98,9.19,42.92,5.63,61.07,5,41.06,3.11,10.82,2024-03-16
S105107,5.64,3.28,2.56,7.36,57.49,3.07,49.94,4,41.86,0.77,0.24,2024-03-31
S105108,5.3,12.01,1.14,7.56,50.25,3.14,83.42,1,41.26,3.82,0.72,2024-04-12
S105109,4.54,8.25,0.2,6.1,51.16,6.2,52.17,2,48.3,3.82,3.58,2024-04-20
S105110,5.48,11.8,3.41,1.11,22.13,7.37,53.23,2,78.18,3.84,0.03,2024-03-04
S105111,4.02,8.78,0.24,5.49,38.73,7.45,49.81,1,49.66,6.26,5.63,2024-04-19
S105112,7.67,6.77,0.58,5.92,40.67,5.65,36.12,4,58.96,5.1,4.15,2024-03-14
S105113,5.6,5.04,0.44,7.13,25.77,4.11,52.82,0,55.21,5.15,9.56,2024-02-04
S105114,4.51,7.32,2.01,7.51,56.82,5.47,57.77,3,47.29,1.92,3.12,2024-04-16
S105115,6.52,7.25,1.82,3.5,78.94,3.82,47.05,1,51.12,2.53,6.73,2024-03-26
S105116,4.03,2.94,1.03,9.0,32.25,5.24,62.1,0,46.51,2.01,0.04,2024-03-25
S105117,6.79,6.82,0.47,9.82,25.72,6.98,65.73,3,53.07,2.72,2.01,2024-04-28
S105118,5.78,5.76,1.31,9.06,32.25,2.28,68.79,2,49.14,1.55,1.52,2024-02-16
S105119,8.69,7.58,0.89,4.64,53.79,6.38,49.56,2,61.81,1.52,0.32,2024-02-23
S105120,7.02,3.66,0.17,2.61,26.27,2.5,75.2,3,78.81,0.85,0.51,2024-03-09
S105121,5.18,4.27,1.68,7.83,57.22,7.59,74.5,2,38.81,1.87,20.0,2024-03-22
S105122,7.52,5.33,1.07,8.3,65.78,8.22,51.64,2,46.84,1.77,0.22,2024-03-15
S105123,6.44,7.27,1.08,6.55,72.28,6.3,49.71,2,44.62,12.03,3.13,2024-03-04
S105124,7.2,4.74,1.37,6.19,14.03,5.34,51.07,0,67.9,1.88,1.44,2024-03-28
S105125,3.0,1.73,0.24,4.73,63.79,8.39,22.87,2,42.93,0.36,13.23,2024-02-18
S105126,5.63,3.15,0.3,4.53,31.56,3.8,72.85,2,59.21,1.23,1.6,2024-03-28
S105127,5.64,6.505,0.38,6.34,20.37,2.38,52.92,2,61.95,2.37,1.68,2024-04-26
S105128,8.06,8.2,1.45,4.67,57.34,5.35,36.57,2,58.93,2.16,3.16,2024-04-16
S105129,4.76,5.95,0.84,5.26,47.96,3.44,40.27,2,46.24,1.57,0.7,2024-03-09
S105130,6.75,7.9,2.25,3.59,90.79,4.45,47.89,1,40.84,1.57,9.4,2024-04-13
S105131,6.02,4.37,1.09,9.45,20.39,8.79,57.96,1,51.48,3.16,5.38,2024-02-28
S105132,4.33,5.37,0.21,4.23,67.01,6.14,91.28,4,44.1,2.6,8.6,2024-04-04
S105133,5.47,5.61,1.18,2.92,55.55,6.01,67.9,3,49.99,1.07,16.86,2024-02-28
S105134,7.02,9.42,2.15,6.27,49.8,3.79,51.96,2,47.03,2.66,15.84,2024-03-01
S105135,5.98,6.66,0.25,4.81,44.07,5.68,58.24,0,49.27,10.67,2.2,2024-02-15
S105136,6.02,3.9,0.36,4.4,28.55,8.24,56.88,4,66.86,1.17,9.02,2024-04-28
S105137,6.15,6.505,1.74,6.18,80.8,7.29,18.03,1,33.61,1.92,3.47,2024-03-15
S105138,6.38,4.98,0.04,7.3,58.35,4.99,64.83,3,48.74,1.33,14.88,2024-02-27
S105139,6.69,8.89,2.56,5.05,64.22,6.51,61.74,0,41.8,3.84,2.62,2024-03-15
S105140,6.14,7.87,0.75,5.61,30.64,3.73,50.44,1,62.13,3.88,2.73,2024-04-03
S105141,4.2,7.5,0.07,2.05,50.63,10.0,38.23,2,53.6,3.01,4.96,2024-03-28
S105142,5.95,4.91,0.14,8.73,73.09,9.86,29.7,4,30.79,1.14,0.29,2024-02-07
S105143,6.37,8.63,3.67,4.63,46.44,4.54,62.41,4,53.28,1.68,0.43,2024-03-21
S105144,8.54,7.97,0.23,10.0,57.92,4.9,46.49,4,45.26,4.21,3.63,2024-03-25
S105145,4.85,2.49,0.87,3.23,30.52,4.21,100.0,3,69.4,1.39,4.68,2024-03-08
S105146,8.43,6.19,1.32,6.26,41.51,3.43,73.24,4,61.85,4.31,4.21,2024-02-21
S105147,5.49,7.29,1.19,5.82,29.52,2.64,62.17,1,52.59,2.07,5.29,2024-02-08
S105148,8.47,6.9,0.6,3.47,32.65,5.28,24.9,2,70.21,2.16,2.19,2024-02-13
S105149,3.37,6.97,4.08,7.92,55.68,8.13,15.27,0,38.59,2.77,1.03,2024-03-16
S105150,5.85,7.36,0.63,4.33,16.03,7.46,77.95,2,71.7,2.88,2.51,2024-02-20
S105151,3.0,8.73,1.33,8.38,23.56,4.71,40.05,2,43.56,3.24,0.39,2024-04-10
S105152,4.21,8.64,0.71,7.63,60.46,4.28,56.08,0,37.93,2.6,3.56,2024-04-03
S105153,5.62,6.81,0.43,7.22,21.64,7.11,60.92,2,54.07,2.56,2.29,2024-04-04
S105154,6.9,4.04,0.61,8.79,2.35,8.06,76.84,2,63.06,2.29,0.57,2024-02-20
S105155,5.14,0.95,0.46,1.04,39.95,2.2,46.92,1,73.9,0.22,18.01,2024-03-18
S105156,6.57,3.86,1.46,5.47,36.02,5.79,50.25,2,57.05,15.43,9.79,2024-03-28
S105157,5.08,5.68,1.23,8.12,48.35,6.19,79.8,1,48.57,1.32,10.83,2024-04-28
S105158,8.47,7.42,1.41,8.27,50.38,5.85,55.48,2,53.31,2.42,2.14,2024-04-27
S105159,5.41,11.43,2.08,4.77,54.43,3.66,88.19,0,51.16,2.39,3.16,2024-04-08
S105160,8.97,8.32,0.81,7.17,39.51,4.82,45.03,3,65.02,2.75,7.09,2024-03-30
S105161,8.74,3.23,0.2,2.7,75.18,4.03,64.52,1,64.34,0.83,2.85,2024-12-03
S105162,4.96,7.88,0.27,5.63,28.92,9.99,58.17,3,57.58,1.8,2.32,2024-04-28
S105163,6.96,4.82,0.05,7.44,19.61,2.02,75.51,1,63.39,1.15,4.04,2024-04-25
S105164,5.58,4.11,1.54,2.7,56.83,2.54,72.83,1,48.66,1.0,0.78,2024-06-03
S105165,8.27,6.505,0.98,5.62,56.89,10.0,53.4,1,55.89,2.13,0.21,2024-03-09
S105166,6.68,8.73,0.87,7.73,53.87,7.05,71.66,2,44.75,2.28,8.55,2024-02-15
S105167,8.77,5.9,3.68,6.02,63.61,9.78,64.42,2,52.16,1.21,1.78,2024-03-30
S105168,5.97,8.2,0.04,5.89,38.28,3.68,53.91,4,52.26,5.27,0.09,2024-04-19
S105169,5.81,6.23,1.55,5.81,56.45,1.92,73.86,0,40.85,1.73,3.59,2024-03-29
S105170,5.14,5.21,0.02,6.07,69.98,6.62,50.42,3,37.69,1.99,0.24,2024-02-04
S105171,6.41,6.59,0.97,4.17,100.0,4.33,13.02,4,34.58,2.5,3.97,2024-04-03
S105172,6.81,10.8,2.74,7.01,59.88,3.42,77.04,1,43.47,2.94,3.54,2024-02-10
S105173,6.32,6.36,0.22,4.98,36.38,8.81,58.06,2,59.47,2.16,1.47,2024-04-21
S105174,6.65,9.23,0.97,7.81,47.76,7.15,80.15,3,45.75,4.13,0.23,2024-10-04
S105175,7.28,9.92,1.29,9.95,67.72,4.64,27.57,3,32.45,1.72,1.88,2024-04-22
S105176,6.12,10.16,0.79,2.92,42.94,5.74,72.66,1,65.11,3.43,0.3,2024-03-24
S105177,5.33,7.1,2.01,7.89,35.44,1.85,69.22,2,47.54,2.11,2.19,2024-03-29
S105178,4.83,8.81,1.07,5.17,38.35,8.97,82.29,1,50.25,1.89,18.34,2024-02-15
S105179,5.44,7.44,1.14,9.44,92.71,5.51,79.35,3,19.64,3.01,1.34,2024-04-23
S105180,5.76,3.3,0.28,6.93,88.7,5.77,37.36,1,36.52,0.74,1.95,2024-03-25
S105181,7.65,5.05,2.57,6.54,51.24,6.2,50.05,0,50.67,1.21,2.43,2024-03-25
S105182,7.51,5.45,1.45,6.51,23.82,4.14,94.03,3,64.28,1.52,0.33,2024-02-19
S105183,5.22,11.03,0.06,2.95,70.43,4.14,85.18,1,48.95,18.26,2.09,2024-04-19
S105184,7.07,3.86,1.42,3.05,49.3,5.57,54.14,1,59.55,1.94,5.48,2024-04-21
S105185,4.97,4.02,0.77,3.18,35.67,5.98,60.23,1,62.63,1.21,1.54,2024-03-17
S105186,7.4,7.97,1.64,4.87,35.29,5.02,74.81,1,68.53,1.48,2.82,2024-03-17
S105187,3.98,7.9,0.34,6.43,24.54,4.28,75.95,1,53.33,7.11,1.09,2024-02-26
S105188,7.61,6.45,0.71,5.01,74.02,5.79,75.88,1,54.95,5.25,20.0,2024-04-25
S105189,5.99,3.66,1.5,6.86,50.97,5.03,50.62,2,43.84,1.35,2.62,2024-04-15
S105190,6.58,0.0,0.4,2.05,57.78,6.36,50.59,3,59.57,0.0,2.63,2024-03-26
S105191,6.1,10.36,0.45,8.91,14.95,2.2,67.43,2,56.87,41.45,2.97,2024-02-21
S105192,4.78,5.46,2.4,5.25,48.36,7.49,71.23,1,49.42,11.25,4.58,2024-04-29
S105193,6.42,7.39,0.15,7.95,39.81,5.35,59.2,3,46.53,2.15,11.8,2024-03-13
S105194,6.26,4.96,1.54,7.56,71.49,7.41,43.77,2,32.76,1.57,0.11,2024-02-05
S105195,7.31,3.89,1.91,7.99,13.46,3.02,62.32,4,63.34,1.43,1.1,2024-02-18
S105196,7.12,6.505,4.26,5.29,65.59,2.82,51.09,2,46.9,2.29,19.97,2024-03-10
S105197,7.98,9.62,1.36,3.91,76.02,6.22,76.56,0,47.95,2.71,1.61,2024-03-30
S105198,7.03,8.37,0.85,9.8,50.71,3.14,61.68,1,42.83,8.25,0.9,2024-05-04
S105199,4.66,12.51,0.23,5.52,72.62,5.0,47.01,0,41.22,9.93,5.85,2024-02-13
S105200,7.35,4.35,2.41,5.7,15.49,4.35,64.72,3,66.73,1.62,2.2,2024-02-29
S105201,4.58,5.47,0.99,3.95,31.25,2.59,57.89,2,61.4,1.4,8.29,2024-02-20
S105202,5.26,6.4,0.71,4.49,57.69,6.72,62.92,4,48.25,1.05,6.7,2024-04-13
S105203,6.35,8.84,0.44,4.14,42.05,5.41,76.41,1,59.36,2.18,3.95,2024-02-18
S105204,5.1,9.79,4.54,4.29,24.82,6.12,0.0,1,58.29,39.17,5.48,2024-02-22
S105205,5.71,4.05,1.64,8.72,42.15,3.54,73.19,3,41.81,0.91,0.72,2024-02-21
S105206,7.67,6.33,2.7,7.4,42.36,7.21,83.31,4,52.05,12.86,11.99,2024-03-19
S105207,5.41,4.53,0.09,5.47,37.31,1.0,100.0,3,58.48,3.58,2.2,2024-03-23
S105208,5.01,4.25,0.14,8.76,48.24,4.78,54.07,1,41.02,1.53,3.0,2024-02-02
S105209,4.46,8.5,0.11,3.75,49.92,5.66,66.14,4,55.58,3.37,0.08,2024-03-28
S105210,10.0,6.37,4.92,6.24,41.58,4.52,40.27,2,61.01,1.6,1.71,2024-04-01
S105211,5.64,7.6,3.52,7.35,11.04,6.84,58.63,2,65.66,2.11,3.33,2024-02-18
S105212,6.32,9.27,1.23,10.0,52.91,8.38,37.93,3,38.96,4.23,2.54,2024-04-01
S105213,6.33,8.38,0.07,4.29,61.4,2.67,45.1,2,50.29,3.24,4.53,2024-02-04
S105214,7.83,11.51,0.38,2.99,41.52,3.02,67.99,0,68.79,5.55,0.69,2024-04-08
S105215,5.47,9.17,0.15,3.71,72.98,6.66,54.79,2,46.69,5.5,0.04,2024-02-28
S105216,5.01,6.89,1.21,5.7,28.24,9.23,78.81,1,62.88,1.25,4.62,2024-02-04
S105217,5.74,5.24,0.08,1.0,56.32,6.41,45.4,5,61.08,2.98,5.08,2024-02-22
S105218,5.18,7.02,5.38,7.01,60.56,7.47,17.47,1,44.19,2.62,0.66,2024-04-18
S105219,4.27,8.61,0.65,6.73,28.44,5.13,94.33,2,47.81,3.51,13.98,2024-03-23
S105220,3.65,7.18,1.48,4.03,90.59,7.55,70.39,2,31.7,1.94,0.3,2024-06-03
S105221,6.33,4.01,1.88,4.61,40.38,5.61,53.17,2,63.18,1.0,2.95,2024-04-19
S105222,5.68,5.66,1.81,2.28,71.3,5.02,37.66,3,50.68,2.49,4.31,2024-04-11
S105223,8.22,4.25,0.0,8.43,44.41,3.9,59.12,2,55.38,0.92,2.9,2024-04-10
S105224,5.55,11.49,2.73,4.97,26.31,8.07,67.05,2,66.44,45.97,3.13,2024-03-12
S105225,5.77,8.9,2.63,6.07,18.24,6.28,48.96,1,65.0,2.87,2.11,2024-03-24
S105226,7.97,3.56,2.17,6.77,33.41,6.84,95.66,4,65.65,1.09,2.28,2024-02-22
S105227,3.92,6.15,1.68,5.62,20.87,4.29,68.17,0,52.58,3.47,2.68,2024-02-12
S105228,7.37,8.37,1.19,4.37,4.03,7.09,92.67,2,74.25,3.5,2.18,2024-03-13
S105229,5.12,7.45,2.86,5.13,37.09,7.96,86.7,2,54.83,2.13,1.74,2024-02-19
S105230,4.68,5.88,0.62,7.02,62.4,6.52,61.79,2,42.87,2.22,0.29,2024-04-17
S105231,6.79,0.13,0.65,5.72,31.51,4.47,91.78,2,65.71,0.04,6.29,2024-03-01
S105232,6.44,9.88,0.09,9.27,78.3,1.91,80.33,1,23.32,2.29,2.34,2024-03-19
S105233,4.69,4.34,1.03,3.3,52.08,5.04,51.38,0,59.81,2.11,0.67,2024-02-11
S105234,6.62,9.33,2.15,3.52,49.12,4.44,53.08,3,65.39,2.4,10.29,2024-04-13
S105235,8.44,9.01,1.31,4.84,72.13,3.27,53.79,0,56.62,1.85,3.55,2024-02-12
S105236,7.42,5.48,1.05,6.91,75.94,6.33,55.09,3,45.46,11.74,1.46,2024-02-14
S105237,6.44,6.505,4.4,5.03,76.67,7.38,87.5,0,46.54,2.13,6.92,2024-02-24
S105238,5.5,6.88,3.85,2.16,20.14,6.27,66.59,1,72.94,6.35,3.7,2024-10-02
S105239,6.15,5.8,2.77,2.02,60.11,4.31,79.39,2,53.99,1.77,4.94,2024-03-17
S105240,6.94,6.26,1.38,6.03,62.88,2.87,48.66,1,47.66,1.17,3.38,2024-03-24
S105241,5.96,5.91,0.28,5.39,48.3,6.32,45.61,1,48.63,2.07,4.76,2024-03-18
S105242,6.91,10.9,0.31,5.14,42.1,4.07,44.73,2,59.5,2.26,0.96,2024-03-08
S105243,7.64,8.83,4.98,4.69,33.63,3.85,27.18,1,71.2,2.35,1.02,2024-04-24
S105244,4.21,3.67,1.26,8.17,23.97,10.0,61.5,1,43.11,1.41,6.64,2024-07-03
S105245,6.51,3.63,0.37,5.22,79.25,7.34,47.79,1,36.4,1.0,20.0,2024-11-03
S105246,6.98,7.5,2.51,5.51,69.73,6.44,49.86,1,45.84,4.76,1.71,2024-04-18
S105247,5.9,8.35,1.37,7.78,14.23,9.62,32.08,2,55.28,1.77,1.27,2024-03-19
S105248,5.38,6.11,1.06,2.52,59.76,8.3,63.45,1,57.97,1.22,0.24,2024-04-15
S105249,8.38,0.8,1.29,4.06,21.34,2.95,50.69,4,68.62,0.62,2.55,2024-02-26
S105250,6.16,10.36,1.11,7.61,60.15,3.41,2.34,2,39.08,3.83,9.11,2024-04-19
S105251,6.15,3.06,1.22,6.43,26.12,7.11,60.31,2,54.09,1.08,1.28,2024-03-17
S105252,5.52,6.6,0.58,7.98,48.0,8.36,66.7,6,40.26,5.78,3.09,2024-03-31
S105253,5.86,5.0,7.21,6.79,79.11,8.41,52.26,1,27.65,1.57,2.74,2024-02-18
S105254,5.86,4.82,1.73,7.68,37.52,7.18,74.28,3,50.12,3.14,3.81,2024-04-01
S105255,6.13,3.6,0.14,5.1,34.08,5.09,69.21,6,55.08,1.42,2.65,2024-03-28
S105256,4.19,4.12,0.2,5.39,74.55,6.74,48.19,1,34.76,1.35,0.56,2024-02-29
S105257,4.03,8.46,5.15,3.62,34.23,3.17,74.46,0,61.16,1.86,0.59,2024-04-04
S105258,5.4,11.21,0.29,3.68,47.66,2.01,45.18,3,58.87,6.15,1.04,2024-02-03
S105259,5.8,6.77,1.46,8.11,31.51,9.06,81.37,1,52.85,1.19,1.06,2024-03-20
S105260,5.47,7.39,5.82,5.14,77.82,3.71,33.63,1,40.8,2.87,3.4,2024-04-21
S105261,7.26,8.0,0.69,5.37,75.65,6.18,74.84,4,45.11,1.4,4.06,2024-03-22
S105262,6.22,8.58,0.73,1.0,16.86,1.53,41.06,1,76.95,2.71,0.41,2024-02-03
S105263,7.27,5.27,1.56,8.19,64.3,4.57,57.05,0,41.48,0.85,2.31,2024-04-27
S105264,6.59,8.77,0.07,4.05,31.62,4.69,55.54,1,67.78,3.68,3.21,2024-03-29
S105265,3.15,5.99,0.43,2.75,34.95,10.0,66.63,4,60.31,1.54,8.4,2024-04-28
S105266,6.93,5.45,0.31,2.69,39.8,1.0,82.97,0,68.48,0.75,1.86,2024-04-21
S105267,8.28,0.0,1.41,5.96,39.98,7.98,94.33,3,62.44,0.0,4.61,2024-03-29
S105268,6.47,6.32,2.34,8.0,63.75,2.57,50.5,1,41.11,1.07,6.04,2024-03-01
S105269,6.18,2.71,0.86,6.01,44.54,8.13,79.19,1,53.58,0.74,0.27,2024-03-23
S105270,4.66,7.51,3.11,6.01,18.24,8.65,67.24,1,53.51,3.56,9.92,2024-02-17
S105271,6.6,7.32,0.32,10.0,38.56,6.59,53.63,2,42.8,3.02,1.71,2024-04-04
S105272,4.82,3.38,0.28,8.17,83.43,6.42,62.47,1,20.97,0.65,0.45,2024-05-03
S105273,3.83,6.45,1.48,4.48,64.43,5.31,54.91,0,43.6,1.34,7.98,2024-03-22
S105274,6.58,5.62,2.98,2.88,42.45,7.17,65.67,2,69.79,1.24,16.57,2024-03-02
S105275,7.43,5.25,2.85,3.86,66.79,4.95,70.2,2,54.38,1.41,1.23,2024-03-09
S105276,5.87,7.87,0.2,6.95,40.03,5.44,45.47,0,53.73,2.03,0.66,2024-02-09
S105277,6.03,7.39,0.09,5.62,68.3,1.63,89.84,0,43.23,1.42,4.9,2024-02-04
S105278,5.33,5.03,0.11,6.35,56.28,8.07,45.1,2,46.93,20.13,0.04,2024-04-03
S105279,8.49,2.21,2.77,4.91,41.17,8.79,57.8,4,69.42,0.88,6.34,2024-03-09
S105280,6.8,8.06,2.22,4.89,10.81,4.8,36.72,4,70.9,1.93,3.61,2024-03-02
S105281,5.79,3.11,2.31,7.15,23.1,6.18,54.38,1,56.48,1.26,14.94,2024-04-08
S105282,5.85,4.94,1.98,7.29,88.99,6.32,76.42,1,31.95,0.94,4.48,2024-03-26
S105283,6.45,6.33,0.94,7.54,52.78,5.27,45.73,4,39.83,1.55,1.77,2024-02-22
S105284,7.79,8.09,1.18,7.09,40.66,4.66,46.66,3,55.72,2.04,2.48,2024-05-02
S105285,5.51,7.52,1.28,7.77,56.31,2.77,72.95,3,46.13,1.82,1.76,2024-02-09
S105286,5.03,5.44,0.03,2.96,31.81,4.55,81.33,2,55.16,3.59,5.19,2024-04-08
S105287,6.69,7.72,0.07,5.74,66.13,8.91,65.34,2,42.77,3.42,6.05,2024-03-24
S105288,6.09,6.99,0.39,7.42,49.06,5.01,34.65,2,43.4,2.48,0.99,2024-02-24
S105289,4.22,10.92,1.66,6.89,39.24,4.65,52.2,1,46.39,7.39,2.47,2024-02-13
S105290,6.08,6.95,0.07,8.92,41.02,6.65,68.8,0,47.98,1.43,1.32,2024-02-17
S105291,5.82,5.94,2.36,7.17,56.57,4.92,89.81,2,44.52,1.43,1.45,2024-03-15
S105292,5.69,3.05,1.81,8.64,9.5,6.19,47.56,0,62.23,0.66,6.21,2024-04-08
S105293,6.46,5.91,0.32,7.09,64.87,4.46,95.47,1,50.37,2.15,0.25,2024-02-24
S105294,6.58,3.74,2.19,5.52,16.09,6.48,66.13,1,70.32,1.11,3.41,2024-03-27
S105295,8.59,1.77,1.4,5.77,64.72,7.97,28.65,1,55.67,0.57,2.14,2024-06-03
S105296,7.12,4.34,1.73,7.4,30.88,7.5,65.58,3,58.83,1.68,2.38,2024-04-16
S105297,7.42,8.81,1.84,3.72,44.42,7.79,32.22,1,68.24,4.21,4.15,2024-04-19
S105298,5.63,8.93,0.26,4.02,64.22,5.74,16.51,0,49.13,3.46,2.91,2024-04-24
S105299,6.26,6.26,0.16,6.08,59.8,4.41,77.77,0,41.36,1.7,1.45,2024-03-20
S105300,5.32,3.84,4.1,8.18,21.8,4.15,59.45,0,52.59,1.04,9.15,2024-02-11
S105301,5.29,5.09,1.06,5.22,29.75,2.46,66.0,1,59.12,13.41,2.94,2024-04-14
S105302,7.41,2.64,2.45,7.17,60.14,5.17,68.63,1,46.96,0.65,5.33,2024-04-24
S105303,9.27,7.73,3.1,4.53,81.52,4.47,36.98,1,48.45,3.29,10.65,2024-03-19
S105304,7.22,8.14,3.01,3.67,15.88,3.07,69.36,0,70.59,4.19,20.0,2024-03-10
S105305,6.82,5.13,1.62,5.14,44.69,4.48,44.16,2,58.68,1.04,2.07,2024-04-21
S105306,7.0,5.68,1.19,6.08,56.7,4.1,45.85,3,48.91,2.57,0.62,2024-02-03
S105307,7.36,5.91,1.8,7.0,79.22,3.87,70.23,1,37.68,2.9,8.16,2024-04-21
S105308,6.15,4.32,0.09,5.71,74.01,3.97,100.0,1,38.78,2.68,2.32,2024-02-02
S105309,6.17,7.25,1.55,5.23,47.07,3.0,82.96,2,58.09,12.53,0.57,2024-04-14
S105310,7.12,3.5,0.61,3.77,64.5,4.74,58.21,4,54.32,2.46,4.27,2024-04-12
S105311,8.49,4.83,2.32,8.76,50.48,4.47,60.75,1,56.15,19.33,3.63,2024-02-29
S105312,6.37,9.0,0.06,5.35,68.03,5.96,71.02,1,41.04,1.83,0.59,2024-03-15
S105313,3.95,4.8,4.1,7.2,46.75,4.7,58.53,3,44.86,2.16,0.49,2024-03-17
S105314,7.34,7.51,1.27,4.28,17.08,3.52,28.81,0,69.21,3.49,11.51,2024-04-23
S105315,6.54,8.92,0.78,5.32,64.43,4.93,62.7,2,47.6,5.57,4.42,2024-03-06
S105316,5.16,8.06,1.06,8.23,55.4,4.25,89.85,2,40.31,2.4,10.16,2024-04-27
S105317,5.1,8.71,1.47,5.32,54.45,4.22,61.72,3,48.15,4.77,1.47,2024-03-28
S105318,3.0,7.11,2.25,5.46,29.09,3.13,54.5,3,51.31,1.14,3.73,2024-04-11
S105319,5.18,8.94,3.27,7.16,47.06,1.0,47.42,2,40.52,2.84,1.46,2024-04-01
S105320,5.95,6.38,0.52,7.2,54.01,5.98,96.57,1,50.68,3.43,12.06,2024-04-28
S105321,6.96,3.39,1.53,7.68,63.66,6.4,44.23,2,38.18,0.49,1.27,2024-04-29
S105322,6.18,6.1,0.9,4.24,42.86,4.49,75.79,2,55.58,3.62,2.65,2024-03-06
S105323,4.88,5.68,0.58,8.19,58.01,5.42,52.4,0,42.56,0.96,4.93,2024-03-04
S105324,5.68,2.45,1.3,7.02,44.03,2.18,54.05,1,45.11,0.69,0.68,2024-04-20
S105325,6.32,7.44,2.06,5.97,7.62,5.03,96.11,1,72.72,3.96,3.85,2024-03-13
S105326,7.07,8.39,1.1,5.7,42.88,6.43,68.39,1,56.91,1.75,2.19,2024-03-31
S105327,6.66,3.04,0.13,7.42,28.8,2.52,34.76,0,58.33,0.48,6.49,2024-03-24
S105328,7.44,3.87,0.31,7.83,32.42,2.81,94.43,2,55.76,3.27,3.68,2024-04-01
S105329,3.59,5.48,0.53,4.09,10.22,5.35,43.59,0,67.32,1.72,0.42,2024-05-03
S105330,6.54,5.01,1.17,5.59,38.92,7.29,72.63,0,55.83,1.38,0.71,2024-03-22
S105331,6.66,9.46,0.23,7.89,51.99,2.78,52.01,1,49.11,2.6,1.2,2024-03-29
S105332,4.95,5.12,4.65,1.86,56.19,6.38,59.09,1,62.03,3.84,1.69,2024-03-27
S105333,6.54,7.18,1.49,3.69,54.95,8.67,39.16,2,52.79,5.07,2.25,2024-02-15
S105334,5.54,3.48,0.2,7.34,57.17,3.32,85.47,1,45.51,1.8,4.43,2024-04-03
S105335,4.58,5.51,1.29,6.48,14.66,6.74,40.79,1,63.44,2.57,1.78,2024-03-22
S105336,4.47,7.65,0.78,3.88,54.77,4.09,68.17,1,53.58,1.69,2.46,2024-04-18
S105337,7.01,4.41,0.1,8.3,31.7,7.26,42.0,4,48.98,1.6,9.22,2024-04-27
S105338,7.07,0.16,0.23,7.49,52.29,9.47,53.53,0,47.64,0.12,0.85,2024-04-04
S105339,7.78,7.42,1.97,5.91,16.18,4.92,20.44,2,63.13,3.43,2.65,2024-02-21
S105340,7.31,7.52,7.37,1.0,46.93,4.42,90.93,2,73.15,1.91,1.59,2024-02-04
S105341,6.95,8.35,0.51,4.17,46.87,5.95,51.38,2,59.61,3.69,6.58,2024-03-08
S105342,4.79,9.26,0.52,6.52,59.32,9.43,47.32,0,39.59,4.23,0.11,2024-01-04
S105343,6.0,4.17,1.71,6.26,43.03,2.88,53.18,0,50.69,0.82,0.71,2024-04-15
S105344,5.9,3.73,0.63,6.57,67.94,2.97,81.65,0,41.54,0.9,1.39,2024-03-02
S105345,9.07,1.3,0.98,6.75,22.35,4.65,66.99,0,70.86,0.31,8.18,2024-03-14
S105346,5.07,7.54,3.5,8.86,50.62,4.72,57.2,4,35.79,4.21,4.77,2024-03-23
S105347,4.49,6.09,2.55,8.29,48.78,4.46,87.14,1,40.37,1.74,2.13,2024-03-25
S105348,4.89,5.46,1.2,2.74,42.53,5.66,69.09,2,59.11,2.28,9.9,2024-02-22
S105349,7.68,10.61,0.94,4.99,30.44,6.31,73.28,2,65.96,4.38,2.49,2024-02-29
S105350,5.4,6.14,2.3,5.45,24.3,6.51,61.84,3,63.42,2.04,0.59,2024-03-21
S105351,7.3,6.23,3.01,6.74,69.79,5.96,61.04,5,38.31,2.93,4.85,2024-03-23
S105352,5.58,5.17,0.69,8.84,40.36,7.83,58.85,0,41.83,1.31,10.01,2024-02-27
S105353,7.72,7.71,1.51,8.83,29.17,4.77,49.78,1,44.91,2.13,0.39,2024-06-04
S105354,4.15,4.94,2.13,5.2,36.5,7.56,93.76,3,51.4,1.15,1.5,2024-05-03
S105355,5.66,8.39,0.41,6.42,30.87,3.73,46.89,2,53.18,4.11,4.87,2024-04-01
S105356,7.11,10.24,0.8,6.96,17.1,5.65,43.76,2,60.12,1.84,0.89,2024-03-16
S105357,5.96,5.12,0.33,6.43,54.0,6.41,69.16,0,48.37,1.37,1.61,2024-02-02
S105358,5.04,9.32,1.08,6.5,35.99,4.33,59.66,1,51.6,1.97,4.36,2024-02-10
S105359,8.28,1.52,0.81,2.24,34.68,5.5,59.85,2,78.37,0.56,0.13,2024-02-28
S105360,4.34,6.29,1.41,9.21,0.0,4.38,38.19,1,58.75,2.23,7.34,2024-03-19
S105361,5.11,6.31,1.87,4.84,23.88,4.4,89.26,1,57.86,25.24,0.01,2024-04-06
S105362,7.86,6.29,0.3,5.69,59.64,2.82,57.38,0,60.13,25.17,1.6,2024-04-13
S105363,8.66,8.57,0.46,3.51,22.46,6.83,88.63,3,74.94,2.65,1.15,2024-02-01
S105364,6.28,12.55,0.94,4.33,28.49,8.85,88.65,3,70.15,3.77,6.1,2024-02-17
S105365,4.54,10.52,1.08,6.18,67.45,10.0,84.98,2,35.64,2.97,0.12,2024-02-20
S105366,4.51,8.57,0.25,5.81,51.95,7.7,10.03,4,43.75,2.57,8.11,2024-02-10
S105367,5.09,6.41,0.69,7.2,47.93,4.55,51.17,4,36.56,1.6,2.36,2024-02-12
S105368,6.16,4.71,0.24,2.21,23.0,6.24,61.95,3,66.4,1.81,5.11,2024-02-12
S105369,8.14,6.63,1.5,3.55,68.68,7.8,81.77,0,67.14,3.84,1.1,2024-03-17
S105370,7.55,5.53,0.47,5.03,56.05,2.71,72.25,1,54.01,6.06,4.97,2024-04-03
S105371,7.62,4.44,1.22,8.42,41.29,7.45,67.21,1,49.08,2.84,0.67,2024-03-14
S105372,5.6,7.13,1.79,3.8,34.44,6.52,29.0,0,64.59,1.44,4.45,2024-04-17
S105373,7.32,9.68,0.48,3.65,33.88,6.43,63.45,1,71.45,2.58,4.58,2024-03-26
S105374,7.4,3.58,4.34,2.81,64.18,3.13,62.35,0,60.31,0.63,12.38,2024-02-27
S105375,7.47,9.9,2.26,5.67,50.41,8.33,47.4,3,62.78,2.32,4.91,2024-02-21
S105376,6.27,7.47,0.94,1.0,33.67,6.33,27.97,2,64.56,3.01,7.39,2024-04-07
S105377,5.73,12.63,1.32,4.86,40.52,3.06,28.82,2,54.62,15.46,0.28,2024-02-04
S105378,7.84,4.96,1.29,8.1,60.66,5.0,71.32,0,47.88,1.44,3.65,2024-04-15
S105379,8.47,9.19,0.7,4.55,51.58,6.12,53.82,2,64.32,4.95,1.79,2024-04-29
S105380,5.99,3.4,0.65,2.25,73.47,7.72,62.74,1,51.85,1.21,1.4,2024-02-11
S105381,6.79,4.45,1.09,6.09,21.51,6.2,40.01,1,62.79,1.54,0.71,2024-03-29
S105382,7.82,6.67,1.31,3.71,51.82,6.74,38.59,2,59.65,2.52,1.06,2024-03-26
S105383,8.42,6.91,0.09,2.86,36.49,8.61,76.42,2,77.36,1.92,3.7,2024-03-23
S105384,8.74,8.27,3.03,7.61,28.37,5.11,57.77,3,64.41,4.85,5.37,2024-02-02
S105385,6.35,3.47,1.38,6.5,50.92,4.59,82.21,4,52.6,1.56,2.89,2024-04-24
S105386,8.07,5.76,0.31,5.05,45.17,4.2,47.85,0,59.28,1.16,1.93,2024-02-14
S105387,4.65,5.63,1.87,6.35,40.01,1.25,47.45,0,39.28,1.53,7.03,2024-04-25
S105388,3.26,6.24,1.01,4.76,35.34,8.34,54.52,2,50.38,2.06,3.45,2024-03-18
S105389,5.71,8.4,0.5,6.59,37.28,6.3,48.78,2,53.15,5.02,6.6,2024-02-16
S105390,6.79,10.41,2.06,8.83,17.98,6.64,78.51,1,57.2,41.63,1.9,2024-01-02
S105391,4.22,2.7,1.4,10.0,76.0,6.66,61.13,1,14.74,0.83,4.04,2024-04-01
S105392,6.1,7.31,0.76,5.73,23.35,9.81,86.45,2,64.66,2.25,12.94,2024-02-20
S105393,6.55,5.97,2.89,7.35,34.34,6.5,88.31,2,52.52,1.21,0.27,2024-02-29
S105394,6.28,6.89,2.24,7.03,28.73,4.3,71.56,2,55.55,2.88,4.46,2024-02-29
S105395,6.68,8.1,3.8,10.0,65.83,7.65,78.28,2,35.5,3.24,5.22,2024-04-28
S105396,7.86,7.75,2.02,3.49,63.27,5.47,42.63,3,50.74,2.68,0.22,2024-04-10
S105397,5.94,2.08,0.73,2.66,16.54,3.43,49.69,4,71.78,0.72,4.73,2024-04-27
S105398,5.66,8.94,0.48,9.11,66.88,3.77,62.39,2,29.69,2.45,3.38,2024-08-02
S105399,7.06,6.94,2.39,6.17,27.16,7.61,55.18,0,66.22,27.74,1.34,2024-04-11
S105400,7.78,4.56,3.05,8.57,78.82,3.77,58.17,1,39.34,1.74,1.62,2024-04-14
S105401,5.7,8.24,0.4,5.43,100.0,3.52,17.46,0,30.96,3.44,4.0,2024-03-14
S105402,8.19,6.52,1.13,9.42,19.16,6.2,54.0,0,59.58,2.07,2.84,2024-04-04
S105403,7.33,0.8,0.77,7.6,5.25,3.41,56.69,3,74.04,0.17,9.9,2024-02-10
S105404,5.78,7.2,4.19,7.07,30.78,7.82,71.97,2,59.09,5.65,14.2,2024-03-13
S105405,6.26,10.32,2.42,4.13,66.26,8.96,25.31,1,51.87,5.5,3.64,2024-04-01
S105406,5.21,6.5,0.29,3.94,7.98,9.18,66.62,1,67.52,1.79,2.78,2024-03-20
S105407,7.25,4.3,0.8,10.0,32.31,6.93,52.51,0,51.64,1.38,4.82,2024-04-04
S105408,6.45,8.84,0.65,5.03,19.82,4.5,59.87,7,66.36,2.02,0.03,2024-04-04
S105409,9.05,6.505,0.5,4.15,82.86,10.0,73.64,2,46.59,1.76,5.82,2024-02-03
S105410,3.0,8.78,0.16,8.79,71.13,9.16,40.76,5,22.51,3.45,0.04,2024-04-17
S105411,4.62,9.54,1.65,4.83,30.12,10.0,82.05,1,57.71,5.57,4.0,2024-04-04
S105412,5.6,6.65,1.39,2.07,60.55,4.27,60.27,4,57.05,3.91,1.02,2024-03-04
S105413,7.03,2.97,2.18,5.67,39.34,7.62,58.35,0,66.21,11.88,9.58,2024-03-12
S105414,5.8,8.71,2.43,5.58,36.78,7.47,57.94,3,58.54,1.91,1.49,2024-02-06
S105415,5.31,7.54,0.85,8.74,33.9,5.74,17.86,1,39.58,3.07,0.98,2024-02-28
S105416,6.89,5.3,0.08,5.27,25.02,1.24,45.15,2,58.91,1.75,10.59,2024-04-28
S105417,5.72,8.84,2.02,5.35,48.76,4.07,48.37,1,48.59,6.87,1.29,2024-02-20
S105418,6.64,6.72,1.27,5.62,48.66,3.76,81.4,3,51.43,2.56,2.51,2024-05-04
S105419,7.54,1.16,1.32,3.41,60.02,5.54,35.39,1,57.59,0.64,3.72,2024-04-11
S105420,7.65,7.72,0.86,1.75,38.0,8.22,48.81,2,72.69,1.06,5.64,2024-03-23
S105421,4.15,5.06,2.63,9.27,83.74,10.0,84.37,3,21.14,1.64,4.51,2024-02-10
S105422,5.28,4.75,1.73,3.19,58.7,4.54,45.16,2,56.78,1.31,0.1,2024-03-17
S105423,6.91,10.24,2.44,9.11,55.74,4.12,47.09,1,38.16,4.06,18.02,2024-02-25
S105424,6.06,5.22,4.17,3.75,61.57,3.22,80.07,2,54.19,1.0,5.96,2024-03-08
S105425,5.24,6.14,2.41,6.52,48.97,4.37,63.5,3,45.91,6.73,3.88,2024-03-17
S105426,7.14,4.28,1.04,6.17,37.75,5.66,69.98,4,65.48,1.28,2.86,2024-03-14
S105427,6.43,4.96,1.51,4.93,44.36,2.62,55.42,2,59.17,5.47,20.0,2024-03-18
S105428,6.93,6.73,0.3,5.97,37.85,3.73,46.67,1,63.08,3.83,1.87,2024-04-18
S105429,7.54,7.0,3.68,7.06,7.51,4.31,43.68,1,73.11,2.26,5.12,2024-02-22
S105430,5.79,9.45,0.77,5.8,52.04,7.62,79.55,1,51.52,2.6,9.16,2024-02-07
S105431,7.72,9.08,1.94,5.52,47.87,8.4,38.31,2,58.79,3.22,0.44,2024-03-14
S105432,6.56,4.01,0.53,4.73,53.45,7.47,62.36,3,51.5,2.44,4.33,2024-04-08
S105433,6.68,5.87,0.53,10.0,31.47,4.5,82.68,0,47.16,1.18,6.2,2024-04-29
S105434,7.73,6.505,6.06,7.27,60.13,6.06,37.59,0,45.53,2.97,2.18,2024-03-25
S105435,4.1,5.67,2.74,6.71,48.79,1.0,55.18,2,43.62,1.48,4.91,2024-04-26
S105436,4.04,5.46,0.38,4.73,15.02,3.79,57.73,2,62.23,1.97,0.55,2024-02-06
S105437,4.74,9.41,1.76,4.45,18.92,8.79,51.44,0,62.83,1.92,0.65,2024-02-06
S105438,7.49,7.38,0.06,5.61,34.33,6.39,51.71,4,65.9,2.63,5.02,2024-02-19
S105439,6.48,7.99,0.87,5.41,30.0,3.79,70.85,2,56.59,2.03,0.39,2024-03-02
S105440,5.55,7.55,2.19,4.45,49.66,6.11,61.84,3,54.66,5.96,1.04,2024-02-19
S105441,4.88,5.68,5.87,5.15,59.36,8.89,85.31,2,50.83,1.3,1.12,2024-04-27
S105442,3.98,3.08,0.37,6.97,8.78,6.38,22.88,2,61.26,0.66,3.37,2024-04-20
S105443,6.72,6.505,3.91,6.9,56.45,3.36,41.13,1,47.38,1.34,5.25,2024-02-23
S105444,6.28,5.93,3.47,2.44,82.03,8.41,69.64,3,52.39,3.0,5.1,2024-10-02
S105445,6.84,7.63,1.84,2.23,35.82,9.12,0.0,0,71.82,3.59,12.16,2024-03-28
S105446,7.56,4.79,2.51,6.63,24.64,6.42,67.27,4,61.45,3.13,0.99,2024-03-13
S105447,6.7,5.44,0.1,4.73,26.07,6.68,65.38,2,63.95,2.04,3.89,2024-04-24
S105448,8.17,5.16,3.56,5.26,53.19,5.82,28.94,3,60.17,1.18,0.8,2024-03-08
S105449,5.75,4.76,1.32,7.93,13.42,6.33,46.16,1,58.92,1.03,9.36,2024-03-19
S105450,8.37,9.98,0.89,6.74,38.16,4.94,53.4,3,56.41,1.69,14.85,2024-07-02
S105451,6.89,9.41,0.34,5.01,44.28,8.81,73.32,4,59.75,9.86,0.34,2024-02-17
S105452,5.57,10.07,0.84,4.73,8.65,5.39,73.58,1,70.29,3.39,7.6,2024-04-02
S105453,6.55,9.87,0.33,6.99,60.95,4.07,35.86,3,46.51,1.73,2.51,2024-04-01
S105454,9.28,3.64,1.01,6.17,55.14,1.57,48.89,1,58.68,1.34,5.03,2024-02-09
S105455,4.59,9.95,1.01,5.38,33.21,7.25,31.41,1,51.23,2.03,5.38,2024-02-04
S105456,5.48,5.69,0.65,5.94,100.0,4.39,69.53,2,30.0,2.67,2.37,2024-03-11
S105457,5.73,7.97,0.0,1.8,16.79,9.36,47.9,1,79.93,2.58,3.37,2024-02-05
S105458,6.54,5.34,2.02,1.0,61.03,4.64,19.25,0,69.29,2.83,0.65,2024-09-03
S105459,6.39,5.73,0.33,6.24,43.05,6.47,65.37,0,56.04,1.37,15.66,2024-02-17
S105460,8.86,2.67,0.85,7.72,35.68,10.0,49.6,0,58.37,0.67,12.5,2024-04-29
S105461,6.02,0.34,0.53,2.41,69.66,3.02,69.17,4,57.29,0.06,17.72,2024-04-21
S105462,7.21,5.11,1.6,1.2,59.64,4.64,46.33,2,61.68,1.11,3.99,2024-04-10
S105463,5.61,5.75,1.47,5.87,18.91,6.35,51.11,1,55.24,1.25,8.86,2024-04-04
S105464,4.78,7.01,3.15,5.28,44.14,7.41,62.97,2,43.9,7.66,1.78,2024-04-01
S105465,6.09,6.34,0.01,5.05,43.39,2.89,73.2,1,57.89,4.23,0.58,2024-02-13
S105466,5.96,8.03,0.33,5.38,41.93,1.08,22.81,2,57.95,2.83,0.54,2024-03-01
S105467,7.22,7.47,2.48,6.61,37.66,5.76,65.53,2,56.9,1.54,4.62,2024-02-22
S105468,8.1,6.43,0.32,5.54,50.27,2.21,85.89,2,60.63,3.49,19.44,2024-08-03
S105469,5.68,5.38,2.21,7.62,59.29,4.73,60.69,1,43.78,21.52,1.29,2024-03-04
S105470,7.79,5.89,0.86,8.0,49.38,7.67,81.52,2,45.16,2.27,3.5,2024-03-11
S105471,4.91,10.2,0.61,5.94,31.92,6.3,62.43,1,48.85,3.85,6.59,2024-04-16
S105472,8.69,4.82,0.43,5.35,43.95,8.03,61.03,1,65.52,1.17,1.14,2024-04-21
S105473,4.29,5.42,1.99,4.92,21.86,5.85,59.31,2,56.74,21.68,3.31,2024-04-24
S105474,5.6,7.99,0.67,7.46,56.86,1.52,81.55,2,41.41,1.79,0.43,2024-04-11
S105475,6.63,6.11,0.73,6.48,52.75,4.01,64.07,4,46.7,3.24,4.87,2024-04-23
S105476,5.78,7.06,1.41,8.53,58.55,2.44,84.7,1,41.51,28.24,3.08,2024-02-02
S105477,4.75,8.84,1.37,5.62,71.03,2.51,59.27,0,38.96,2.59,0.32,2024-02-20
S105478,7.24,5.82,0.06,4.99,50.5,4.25,45.76,3,56.74,0.96,5.82,2024-04-23
S105479,4.92,3.13,1.91,7.87,40.91,2.8,41.38,0,49.66,0.81,3.36,2024-04-25
S105480,7.6,8.23,0.75,6.45,85.89,5.84,79.28,2,45.94,2.52,6.22,2024-03-02
S105481,4.29,0.63,2.91,3.59,35.09,5.39,52.33,2,58.63,0.15,3.3,2024-03-13
S105482,7.69,8.63,3.76,8.31,36.45,8.75,58.16,3,50.84,3.6,3.66,2024-03-19
S105483,7.41,5.31,0.61,4.07,52.41,3.92,50.98,1,59.65,1.6,0.76,2024-02-26
S105484,6.99,5.0,0.76,5.52,30.94,1.53,92.52,4,59.53,11.35,1.08,2024-03-19
S105485,7.71,6.33,0.1,8.38,7.43,5.13,76.7,3,70.49,1.84,7.72,2024-03-27
S105486,6.0,3.23,1.59,3.2,33.55,9.34,50.11,2,55.38,1.08,3.97,2024-03-07
S105487,6.2,2.49,4.48,4.61,60.06,7.76,38.49,1,52.06,0.69,1.16,2024-04-14
S105488,7.85,1.41,4.91,5.25,44.29,7.62,78.11,0,60.0,2.23,4.15,2024-02-18
S105489,4.86,5.56,0.08,4.54,25.34,7.0,54.29,2,66.99,1.87,7.44,2024-04-04
S105490,5.91,4.63,1.01,5.56,70.35,1.79,59.63,2,42.45,3.5,0.21,2024-04-27
S105491,5.98,0.78,1.21,4.81,46.45,5.46,16.22,3,57.87,0.43,2.22,2024-03-17
S105492,5.96,7.68,0.61,6.34,36.33,6.22,52.03,4,49.76,5.25,7.14,2024-04-13
S105493,5.89,4.92,1.0,10.0,38.34,7.13,81.82,0,41.46,19.7,3.25,2024-02-23
S105494,3.0,6.505,0.64,5.08,49.06,6.07,59.81,0,44.65,2.52,1.66,2024-04-12
S105495,6.24,7.15,2.26,4.38,62.04,4.74,59.3,3,48.77,2.31,14.52,2024-02-17
S105496,6.64,7.21,0.01,4.15,49.29,4.28,51.62,0,62.25,4.91,1.33,2024-02-11
S105497,7.95,8.17,3.89,3.88,56.22,3.98,57.93,4,58.27,3.01,3.15,2024-03-21
S105498,7.33,5.29,0.25,5.64,65.8,9.08,68.27,2,50.24,1.2,14.03,2024-02-16
S105499,5.45,7.85,1.61,7.89,53.98,6.21,81.15,2,36.34,2.3,2.37,2024-04-07
S105500,5.88,7.54,0.32,7.42,53.74,6.62,97.61,2,49.43,2.5,7.99,2024-04-16
S105501,4.98,5.83,0.16,7.16,31.55,6.13,49.98,0,46.91,4.53,1.93,2024-05-04
S105502,5.76,10.72,1.06,7.59,33.58,6.08,69.9,1,58.27,2.84,0.69,2024-03-27
S105503,5.42,9.98,4.54,3.17,43.81,5.49,48.31,2,60.56,10.87,1.37,2024-04-17
S105504,7.73,8.52,2.47,8.37,21.35,7.18,65.51,1,60.0,5.37,1.25,2024-03-30
S105505,6.77,6.58,0.19,4.89,100.0,8.51,54.93,3,45.35,3.09,11.52,2024-04-28
S105506,7.06,5.91,0.04,2.04,67.06,4.56,51.57,0,54.87,2.04,3.86,2024-04-20
S105507,5.74,7.28,0.06,6.76,76.12,6.03,50.76,4,42.12,1.29,2.9,2024-02-21
S105508,6.03,6.93,2.31,4.95,34.17,6.78,73.74,3,65.37,1.27,0.5,2024-03-08
S105509,6.95,9.43,0.04,8.28,11.46,6.21,60.1,3,67.23,2.85,1.15,2024-02-22
S105510,5.16,7.34,5.49,4.11,43.98,6.41,63.12,3,60.27,2.44,1.09,2024-04-25
S105511,6.96,6.88,3.37,7.61,5.23,8.37,20.89,2,68.74,3.81,1.81,2024-02-23
S105512,7.44,6.8,0.61,6.45,36.66,4.31,59.19,3,53.77,2.77,2.52,2024-04-20
S105513,5.46,6.39,3.29,3.95,37.94,4.42,46.72,2,65.48,2.49,0.61,2024-03-28
S105514,6.25,10.02,0.7,6.91,57.88,8.88,82.69,1,49.37,3.73,3.62,2024-04-24
S105515,5.09,6.67,1.87,4.69,34.63,3.26,85.0,0,61.4,2.16,1.46,2024-03-26
S105516,8.51,6.27,0.31,5.02,33.51,4.18,90.24,1,62.97,1.44,3.49,2024-04-26
S105517,6.87,9.68,3.29,7.84,41.06,7.53,66.14,2,52.49,3.47,3.64,2024-04-04
S105518,7.75,5.16,0.79,2.98,28.11,7.74,52.48,4,72.39,1.06,0.14,2024-02-10
S105519,5.97,3.08,0.5,8.46,38.32,7.03,58.48,0,47.23,0.8,1.5,2024-02-08
S105520,5.07,8.83,0.71,4.57,33.17,5.01,57.6,3,60.03,2.05,1.0,2024-11-03
S105521,6.14,9.21,2.17,5.53,76.92,5.3,59.4,1,37.86,6.59,0.33,2024-04-20
S105522,8.16,8.75,0.54,9.48,61.56,4.95,66.31,0,38.08,4.9,9.54,2024-02-02
S105523,8.49,4.88,2.94,5.35,42.53,5.54,42.53,0,70.2,1.55,1.25,2024-03-02
S105524,7.34,6.3,0.16,1.7,35.85,4.03,72.93,2,80.01,5.52,5.1,2024-03-15
S105525,6.26,2.63,0.36,4.1,45.03,4.93,47.39,1,55.77,1.62,17.93,2024-03-08
S105526,6.84,6.33,2.43,7.04,58.8,6.57,56.36,2,51.03,9.17,2.18,2024-04-18
S105527,7.77,7.1,2.21,6.48,82.28,6.24,60.53,2,51.0,1.09,2.66,2024-03-15
S105528,4.9,5.45,0.6,6.47,52.46,6.96,41.26,1,46.02,1.5,0.74,2024-04-17
S105529,7.5,8.21,1.81,8.94,4.27,8.09,72.09,2,66.1,4.26,5.63,2024-02-04
S105530,5.18,8.16,1.76,3.77,14.21,9.4,65.32,2,67.76,3.5,10.86,2024-03-29
S105531,6.66,6.42,0.7,5.77,42.69,3.44,64.52,1,53.84,1.58,10.54,2024-02-27
S105532,7.3,9.14,0.26,7.31,51.6,7.33,37.65,2,47.44,2.69,2.55,2024-03-13
S105533,6.69,6.32,4.04,1.82,20.61,8.57,55.39,2,75.81,25.3,3.68,2024-05-03
S105534,6.44,7.32,0.33,5.73,59.46,1.0,59.5,4,45.78,1.55,6.86,2024-03-17
S105535,8.07,10.03,1.46,7.88,44.05,6.37,80.47,1,50.58,3.11,4.86,2024-07-03
S105536,5.77,11.32,0.03,5.31,76.49,2.02,14.73,3,38.12,3.13,1.62,2024-03-15
S105537,5.84,2.82,2.14,4.48,47.77,4.57,39.12,0,67.16,1.4,9.8,2024-02-12
S105538,5.06,5.68,2.34,4.66,52.36,2.45,57.37,1,53.02,2.76,5.15,2024-03-28
S105539,6.57,3.62,1.37,4.99,51.11,6.35,62.28,2,55.55,1.48,6.85,2024-04-18
S105540,7.34,6.8,0.21,4.42,2.98,6.75,63.06,2,81.83,2.02,0.86,2024-04-06
S105541,6.17,6.76,0.3,2.69,26.61,7.63,76.97,2,73.08,2.13,2.79,2024-04-28
S105542,3.73,7.13,1.51,5.54,12.45,7.25,84.1,1,60.85,6.04,6.09,2024-03-18
S105543,6.92,3.05,0.05,5.11,48.42,6.71,41.48,2,57.55,0.63,3.78,2024-03-26
S105544,7.18,7.09,1.2,4.3,34.96,9.5,69.3,3,71.45,0.97,4.93,2024-03-26
S105545,5.16,4.36,0.61,3.86,38.89,3.63,63.52,2,53.38,2.11,4.79,2024-03-24
S105546,6.01,3.65,2.32,10.0,59.32,5.09,86.05,1,35.1,0.8,0.02,2024-05-03
S105547,6.36,6.28,0.86,4.6,14.92,1.48,83.99,1,72.06,2.42,3.59,2024-03-13
S105548,5.27,5.75,0.89,7.71,65.86,6.59,91.22,3,30.93,2.24,5.41,2024-04-20
S105549,6.68,7.82,0.25,5.3,12.51,2.62,50.61,2,73.97,1.61,1.45,2024-04-28
S105550,6.43,6.505,0.49,6.13,71.85,1.0,53.81,3,41.96,0.74,2.82,2024-03-12
S105551,4.75,9.15,2.97,5.07,60.15,2.43,75.09,2,48.47,3.27,1.99,2024-02-25
S105552,3.0,5.01,0.17,7.75,53.9,10.0,49.61,1,37.51,2.12,2.82,2024-04-15
S105553,5.06,3.95,0.72,3.56,29.36,5.97,80.01,2,62.14,1.27,10.98,2024-03-20
S105554,8.23,3.37,0.34,5.71,63.66,5.42,58.81,5,55.44,1.34,2.61,2024-03-05
S105555,7.94,5.89,3.6,5.24,72.01,3.66,78.61,2,51.5,2.07,1.57,2024-02-29
S105556,5.88,11.06,3.24,3.37,53.15,4.47,67.73,1,60.63,7.86,5.74,2024-04-01
S105557,4.86,6.56,0.11,6.84,63.72,3.01,35.95,4,37.55,1.26,4.96,2024-04-11
S105558,8.27,3.91,0.7,4.2,57.25,6.16,32.46,3,58.78,1.82,2.08,2024-04-03
S105559,7.26,3.55,0.34,5.41,51.9,7.66,62.02,0,59.07,1.69,6.29,2024-04-29
S105560,8.0,6.18,4.07,7.45,44.01,8.6,51.89,4,51.23,3.25,0.02,2024-03-28
S105561,8.82,3.09,0.51,7.12,62.26,8.93,100.0,2,56.75,0.75,10.84,2024-02-08
S105562,6.91,13.13,0.74,7.06,53.47,5.47,59.07,2,50.3,20.61,4.44,2024-12-04
S105563,6.43,5.95,2.15,5.88,52.6,5.76,39.71,1,48.3,10.24,4.15,2024-02-23
S105564,5.27,4.55,0.14,6.18,43.71,2.77,63.9,4,52.64,6.51,5.64,2024-02-12
S105565,6.5,7.58,0.9,4.76,53.64,8.01,60.22,1,56.44,3.15,1.09,2024-02-04
S105566,4.96,3.87,4.33,6.52,39.82,6.84,69.88,5,56.49,0.91,0.73,2024-04-06
S105567,7.76,4.5,3.26,4.57,24.47,7.01,96.65,1,67.84,7.35,7.89,2024-03-07
S105568,6.01,4.88,0.99,6.34,52.84,1.46,57.91,3,50.31,2.42,10.15,2024-03-29
S105569,8.45,4.92,1.49,3.61,57.66,9.18,74.76,0,56.78,1.28,3.5,2024-04-11
S105570,5.84,6.56,3.61,4.25,23.66,6.36,46.23,2,65.11,1.27,2.58,2024-01-03
S105571,6.91,5.96,2.68,6.01,40.09,6.21,68.23,1,51.43,1.12,6.66,2024-03-14
S105572,5.24,5.44,4.11,6.27,25.23,5.98,63.77,2,52.15,2.96,4.57,2024-03-24
S105573,7.5,9.51,2.13,8.54,47.69,5.27,63.03,2,44.12,1.62,1.78,2024-03-21
S105574,5.18,0.84,1.6,3.6,12.75,6.48,92.27,1,76.82,0.21,0.19,2024-04-15
S105575,8.08,8.84,0.46,5.49,53.79,10.0,42.88,4,59.98,3.08,2.07,2024-04-04
S105576,7.05,3.67,0.57,6.77,6.92,6.77,58.8,1,66.41,1.08,4.81,2024-03-08
S105577,3.8,9.33,2.04,8.96,55.21,1.18,84.61,2,31.74,3.81,6.95,2024-11-04
S105578,4.42,6.505,2.5,4.04,69.68,1.0,55.78,3,50.94,2.28,0.22,2024-02-21
S105579,6.63,2.55,4.51,8.07,70.8,7.38,74.59,0,41.6,0.67,3.59,2024-04-22
S105580,6.23,3.43,1.82,7.46,46.44,6.65,78.89,1,48.59,1.17,0.27,2024-04-04
S105581,9.03,5.72,1.35,8.07,34.68,3.8,62.66,3,58.67,17.53,0.02,2024-04-19
S105582,5.1,2.93,1.85,8.75,50.78,6.73,64.46,0,38.6,0.71,9.6,2024-04-01
S105583,6.02,4.65,5.9,5.67,45.35,6.0,63.98,2,47.07,3.26,1.31,2024-02-14
S105584,6.3,10.2,0.42,3.93,29.39,8.74,47.24,4,69.96,2.6,0.98,2024-03-24
S105585,6.62,5.09,0.25,6.9,39.39,3.08,90.18,3,52.06,1.25,0.48,2024-02-26
S105586,8.66,7.06,0.19,5.35,39.53,6.55,47.32,1,62.83,1.77,5.67,2024-03-27
S105587,6.19,5.67,0.08,4.66,71.13,6.0,92.43,2,50.88,12.32,1.13,2024-03-05
S105588,4.14,6.61,2.23,1.0,58.38,10.0,44.13,1,54.87,1.48,6.4,2024-03-08
S105589,8.46,6.76,1.01,6.43,63.34,2.62,65.88,3,45.27,1.56,0.78,2024-02-23
S105590,6.89,9.09,1.14,10.0,48.57,2.14,89.64,2,39.8,4.34,0.15,2024-02-17
S105591,4.28,10.57,0.01,3.81,56.27,4.88,7.4,1,47.06,4.95,2.97,2024-04-25
S105592,5.4,8.5,5.3,7.89,55.57,7.6,48.27,4,41.88,2.75,2.88,2024-09-02
S105593,5.89,1.17,3.84,9.58,26.42,4.01,47.98,0,46.52,0.71,4.87,2024-04-01
S105594,6.49,4.51,1.13,5.57,57.34,5.8,59.58,2,49.13,1.48,3.82,2024-03-01
S105595,7.41,10.03,0.08,10.0,64.5,6.05,48.14,0,39.45,2.65,2.26,2024-03-24
S105596,5.98,7.9,1.19,4.43,1.65,6.69,61.07,3,71.65,4.85,1.84,2024-04-14
S105597,5.6,7.62,0.3,6.37,15.86,3.62,59.93,1,55.56,4.49,6.68,2024-03-31
S105598,4.99,8.6,0.88,4.67,28.47,8.54,72.3,1,57.34,2.78,9.82,2024-03-23
S105599,6.08,4.94,0.05,6.38,42.27,10.0,80.59,3,55.55,3.23,3.14,2024-02-24
S105600,6.41,4.26,1.95,7.1,53.65,3.36,70.08,1,40.69,1.63,7.01,2024-04-29
S105601,6.95,4.63,0.36,9.05,40.97,6.13,63.44,1,49.03,1.16,4.51,2024-02-22
S105602,3.36,6.6,0.37,5.5,25.75,8.93,64.71,0,54.72,1.22,0.17,2024-03-04
S105603,5.1,7.44,1.81,7.28,50.56,1.97,87.54,2,43.77,2.07,4.01,2024-03-11
S105604,6.96,9.16,0.09,4.34,49.67,7.62,69.71,2,62.73,8.97,0.55,2024-04-04
S105605,8.62,7.95,3.98,6.94,63.2,8.71,59.94,2,42.95,2.63,3.16,2024-03-21
S105606,7.55,5.83,1.5,7.01,32.82,5.15,53.71,2,61.07,1.96,3.61,2024-04-22
S105607,3.19,8.69,0.15,5.51,8.1,5.04,55.55,0,59.04,1.99,0.07,2024-02-21
S105608,3.66,4.66,2.37,2.05,21.83,6.29,62.67,0,68.85,15.23,5.12,2024-03-18
S105609,7.08,7.54,2.71,7.77,40.64,5.82,52.99,2,46.01,6.23,3.21,2024-04-26
S105610,6.37,6.14,1.47,6.05,43.57,7.68,58.78,1,49.68,1.33,4.54,2024-03-04
S105611,6.39,6.46,3.05,6.75,36.05,7.24,57.59,0,52.11,1.58,1.97,2024-03-28
S105612,9.01,5.41,0.42,3.65,18.12,6.61,83.53,3,80.81,1.06,1.95,2024-04-29
S105613,4.86,7.08,1.65,3.53,65.12,6.68,71.79,3,48.56,2.14,2.94,2024-02-20
S105614,7.96,3.86,2.47,4.25,52.72,5.27,54.82,3,55.56,0.91,2.57,2024-02-21
S105615,6.46,5.34,0.44,5.33,82.58,6.87,28.58,4,42.01,1.08,7.23,2024-01-04
S105616,5.5,7.2,1.05,5.96,80.81,6.67,50.39,2,36.69,2.32,2.09,2024-04-24
S105617,3.45,8.4,0.07,4.63,60.04,1.28,56.77,1,40.3,3.68,5.32,2024-02-18
S105618,4.7,4.1,2.95,5.07,60.53,4.92,76.51,1,41.8,1.51,12.93,2024-04-05
S105619,8.39,9.15,2.05,6.75,24.66,4.66,49.02,1,64.91,6.17,5.41,2024-04-05
S105620,6.43,8.92,1.23,3.0,44.01,5.42,62.45,4,71.91,1.95,0.5,2024-03-12
S105621,7.41,8.27,4.59,6.62,55.03,4.12,92.92,2,51.08,1.5,7.21,2024-04-28
S105622,7.1,8.34,1.5,3.67,48.22,7.52,58.95,2,60.82,5.54,8.19,2024-02-08
S105623,6.09,8.96,0.24,5.87,62.63,6.47,49.53,2,47.72,2.16,1.53,2024-03-14
S105624,7.46,6.09,0.49,6.48,38.53,9.57,74.63,1,54.53,1.07,2.15,2024-04-25
S105625,6.74,2.52,0.25,3.73,26.84,4.53,53.3,1,69.89,0.71,1.42,2024-04-16
S105626,6.05,4.23,1.46,6.75,58.84,6.6,29.87,3,41.16,1.18,11.42,2024-02-10
S105627,5.87,8.97,0.42,8.63,47.26,3.45,62.63,1,37.35,4.48,0.9,2024-03-30
S105628,5.31,5.75,0.41,2.8,50.44,7.06,66.22,0,60.26,1.62,1.91,2024-02-25
S105629,6.7,10.03,2.83,4.69,31.77,4.78,34.91,3,65.01,2.77,1.5,2024-04-18
S105630,6.05,8.92,3.04,4.9,41.27,10.0,96.61,1,54.17,1.92,0.09,2024-04-03
S105631,7.83,5.55,2.2,10.0,51.03,4.88,43.5,2,44.84,1.14,5.58,2024-08-02
S105632,5.88,9.76,0.42,6.86,26.41,6.46,97.64,2,51.35,2.0,2.02,2024-02-10
S105633,5.06,0.6,2.27,4.05,0.0,3.49,39.76,0,77.63,0.18,4.49,2024-04-27
S105634,3.75,8.93,0.15,6.38,45.3,6.3,32.42,1,40.58,4.15,2.33,2024-04-16
S105635,7.35,7.89,0.15,3.24,57.63,4.3,62.58,2,54.41,10.2,2.65,2024-01-03
S105636,9.73,6.05,4.03,5.87,25.4,5.82,55.18,0,69.76,1.6,2.46,2024-03-27
S105637,6.26,4.78,1.37,7.34,62.97,4.59,80.13,1,36.62,1.72,2.7,2024-02-22
S105638,3.27,4.43,0.41,5.08,26.56,4.0,52.3,4,55.39,17.72,8.96,2024-04-13
S105639,7.58,4.27,0.36,7.84,20.12,5.85,54.53,1,60.67,1.38,4.19,2024-03-31
S105640,5.39,7.04,0.18,7.2,33.12,10.0,48.25,1,52.3,3.17,1.12,2024-03-17
S105641,7.26,5.93,1.41,5.96,39.9,3.01,73.9,0,52.26,2.4,3.42,2024-04-29
S105642,6.81,4.48,5.86,1.86,55.25,5.73,34.69,3,59.66,2.07,14.1,2024-04-16
S105643,7.29,4.77,0.83,5.68,13.39,7.6,74.77,1,59.45,1.79,2.25,2024-03-27
S105644,6.47,8.41,0.43,7.98,87.22,5.51,66.86,2,39.61,5.81,0.87,2024-04-21
S105645,5.93,6.63,3.42,2.93,55.16,6.32,49.59,5,56.19,2.26,2.1,2024-03-17
S105646,7.77,5.32,0.49,7.9,32.75,4.0,49.18,1,55.26,1.84,1.32,2024-06-02
S105647,5.91,9.52,1.88,6.82,53.17,8.0,66.36,2,48.74,3.49,4.45,2024-04-02
S105648,7.91,7.86,0.28,4.81,15.85,6.31,77.54,4,72.35,1.67,2.94,2024-03-28
S105649,5.49,5.18,1.12,1.41,31.22,4.21,51.38,2,71.9,2.95,14.35,2024-02-28
S105650,6.51,8.65,3.67,6.35,26.52,1.0,73.36,1,59.62,34.61,3.33,2024-03-24
S105651,5.28,4.99,0.43,9.71,27.2,8.13,65.16,3,47.11,1.14,3.12,2024-02-27
S105652,7.58,6.31,0.26,5.56,50.88,4.41,72.13,1,54.93,1.78,0.92,2024-03-19
S105653,5.38,8.41,0.21,7.15,41.0,4.75,64.51,2,51.09,4.58,1.78,2024-03-22
S105654,5.18,8.37,1.09,6.67,82.53,5.88,73.19,2,25.76,3.54,4.72,2024-02-26
S105655,7.6,5.15,1.11,8.22,33.13,10.0,59.77,1,57.99,0.82,18.34,2024-03-10
S105656,6.77,10.16,4.76,4.11,15.58,6.92,64.49,0,75.51,6.97,3.86,2024-02-03
S105657,6.19,8.42,0.79,4.04,41.55,4.15,95.88,1,56.61,1.93,16.25,2024-04-09
S105658,4.94,8.3,1.48,6.69,35.42,3.85,47.05,3,50.6,1.57,0.86,2024-02-08
S105659,6.23,7.06,4.2,7.64,1.07,6.5,73.99,5,70.3,2.11,5.51,2024-02-22
S105660,6.85,5.87,1.21,3.45,74.17,4.29,66.7,1,54.24,2.74,2.37,2024-04-17
S105661,7.21,6.505,0.29,2.53,61.63,6.96,90.67,0,59.05,13.95,0.29,2024-02-12
S105662,5.33,10.6,1.68,4.18,80.4,5.78,70.8,1,30.83,1.77,0.69,2024-04-04
S105663,6.98,7.78,0.47,8.95,68.54,2.52,50.0,1,36.33,1.76,3.58,2024-04-16
S105664,3.7,5.33,0.33,6.47,35.37,4.24,37.52,3,43.77,21.32,1.08,2024-05-03
S105665,6.38,6.24,0.26,5.73,57.77,2.38,68.64,4,50.68,2.13,0.33,2024-04-08
S105666,5.05,3.67,0.39,5.2,41.6,3.19,85.2,2,51.85,1.53,2.35,2024-02-14
S105667,7.27,5.61,2.32,5.23,74.4,5.18,29.3,4,46.48,1.42,11.57,2024-02-21
S105668,5.71,1.12,2.74,5.34,48.52,1.04,69.58,1,52.28,0.32,4.29,2024-04-26
S105669,9.44,2.24,0.91,3.11,55.81,4.74,53.37,1,72.98,1.59,6.04,2024-03-14
S105670,6.5,4.44,0.21,7.3,35.19,7.24,58.23,4,53.02,2.67,2.55,2024-02-24
S105671,6.73,11.85,2.15,8.38,61.0,7.7,78.48,0,40.36,3.2,1.3,2024-01-02
S105672,3.19,6.24,0.57,6.15,51.5,1.0,80.75,2,47.89,2.47,1.54,2024-02-04
S105673,4.4,7.69,0.0,8.17,16.13,5.23,67.93,2,51.07,1.96,5.16,2024-03-04
S105674,7.68,5.3,0.57,3.64,52.88,5.77,72.79,4,58.35,1.55,8.66,2024-02-23
S105675,5.36,11.53,0.95,7.7,64.17,5.36,69.32,1,37.69,3.51,5.99,2024-03-20
S105676,7.81,8.22,0.07,8.58,62.44,4.49,66.74,1,46.38,2.3,0.21,2024-02-12
S105677,5.31,5.24,0.2,1.0,60.15,5.71,68.71,5,63.96,1.75,4.41,2024-04-28
S105678,7.11,5.54,3.1,1.08,12.03,6.57,76.3,0,76.04,4.8,0.16,2024-02-25
S105679,5.18,6.56,0.02,9.37,13.18,4.59,76.01,4,52.12,1.18,3.11,2024-04-22
S105680,6.87,4.02,1.33,6.95,48.5,5.5,61.97,1,51.38,0.78,6.05,2024-02-26
S105681,7.2,5.95,1.88,6.72,30.34,2.19,33.59,0,58.38,1.54,1.33,2024-02-17
S105682,7.51,7.69,1.29,4.02,27.58,8.46,48.65,1,64.97,1.74,3.87,2024-03-16
S105683,5.27,2.78,0.92,6.85,57.01,5.43,47.3,3,47.58,11.11,2.65,2024-03-13
S105684,4.5,9.59,0.74,7.4,37.11,10.0,46.8,3,50.17,3.87,2.98,2024-03-17
S105685,7.04,9.61,1.1,6.75,12.57,6.62,59.28,1,71.93,2.22,0.94,2024-02-02
S105686,6.58,6.92,0.68,7.63,33.78,4.53,40.07,2,55.47,2.42,5.57,2024-03-18
S105687,7.2,8.21,3.63,6.82,56.19,4.74,58.46,2,48.23,27.09,1.08,2024-02-29
S105688,4.62,7.2,0.34,4.89,56.96,4.69,52.96,1,47.77,2.59,4.62,2024-04-27
S105689,7.3,5.23,8.0,3.75,47.01,7.49,77.76,2,68.83,5.74,1.5,2024-03-29
S105690,6.05,8.7,0.18,4.15,39.52,4.95,80.9,4,59.98,3.19,1.04,2024-04-03
S105691,4.81,7.21,1.3,7.14,41.01,4.91,54.56,3,54.17,2.91,4.7,2024-03-15
S105692,5.66,5.76,1.58,6.05,37.49,5.75,35.1,0,54.36,2.96,7.92,2024-04-12
S105693,7.54,3.24,0.44,7.34,76.59,3.11,57.94,3,44.5,0.69,0.97,2024-03-02
S105694,6.51,5.28,1.19,5.38,58.47,6.65,66.95,3,49.36,2.23,4.73,2024-03-20
S105695,6.48,9.25,0.03,6.59,66.92,6.56,43.66,1,43.68,2.96,6.61,2024-04-16
S105696,6.4,8.26,3.8,8.4,55.59,1.0,46.22,1,40.72,1.48,4.34,2024-04-03
S105697,5.75,5.49,0.18,10.0,40.2,5.73,45.68,0,45.33,1.69,2.64,2024-04-17
S105698,7.97,9.92,3.78,3.49,49.76,2.79,75.74,0,56.54,2.28,1.58,2024-03-20
S105699,6.32,5.98,0.1,5.93,32.96,8.4,19.07,1,64.86,3.56,5.07,2024-02-15
S105700,4.31,6.43,0.96,6.62,30.29,1.0,56.4,2,53.19,2.3,13.51,2024-03-13
S105701,4.31,6.27,1.4,6.72,67.53,1.11,62.48,0,32.34,1.61,0.99,2024-03-05
S105702,5.53,2.99,0.02,4.54,45.51,4.72,30.67,0,57.58,0.62,0.19,2024-04-10
S105703,5.77,7.47,0.81,5.58,60.74,5.23,49.32,3,47.47,2.86,5.58,2024-04-16
S105704,7.29,8.8,2.23,4.03,47.37,6.81,70.38,5,61.05,1.66,4.48,2024-02-18
S105705,3.0,6.505,4.01,2.9,27.22,6.27,70.24,0,63.47,3.52,2.8,2024-12-02
S105706,7.34,12.59,2.91,5.91,73.33,5.9,49.27,2,41.8,3.41,3.07,2024-04-27
S105707,7.91,3.42,0.47,4.34,34.09,1.0,44.84,1,67.4,2.04,15.36,2024-02-07
S105708,5.64,7.13,0.91,7.17,17.76,4.14,74.17,3,61.39,2.13,0.72,2024-02-24
S105709,8.01,5.89,0.12,5.1,62.72,6.49,55.21,2,46.64,1.08,1.89,2024-08-04
S105710,5.36,8.04,0.29,6.8,62.86,1.5,76.16,0,39.61,2.58,0.29,2024-02-18
S105711,6.07,6.91,1.44,6.75,0.0,7.28,41.9,2,66.6,2.87,1.16,2024-02-23
S105712,5.61,7.76,1.48,6.1,37.56,5.81,37.99,2,56.95,1.5,0.0,2024-02-17
S105713,8.5,4.69,0.03,7.86,37.47,8.06,63.14,4,57.65,13.38,5.13,2024-03-04
S105714,7.88,7.55,0.5,7.02,58.09,1.0,72.27,1,50.07,2.51,1.0,2024-02-23
S105715,7.81,8.39,4.17,8.4,46.71,5.48,85.44,3,49.38,1.89,0.11,2024-02-02
S105716,4.73,6.2,0.52,2.53,53.63,6.9,76.86,4,54.53,1.52,1.92,2024-04-19
S105717,6.44,2.36,3.46,8.16,39.72,5.4,48.01,3,51.03,0.49,1.39,2024-04-20
S105718,4.73,2.42,2.07,8.81,35.86,7.37,44.21,2,48.52,1.16,9.05,2024-03-23
S105719,6.52,3.83,1.48,2.33,67.69,7.3,10.07,3,56.54,1.36,8.61,2024-02-02
S105720,7.08,6.46,2.17,4.13,16.13,7.78,55.18,2,74.61,2.05,1.32,2024-02-22
S105721,8.2,2.91,0.34,3.2,39.58,6.21,74.78,0,78.68,1.2,4.5,2024-04-08
S105722,6.1,6.15,1.79,6.19,48.97,4.83,49.13,3,51.18,1.44,10.83,2024-04-05
S105723,6.62,6.5,0.63,6.68,37.81,8.39,100.0,2,54.93,1.96,1.54,2024-04-09
S105724,6.11,3.69,1.5,4.73,42.34,2.77,47.89,1,59.89,1.77,5.38,2024-03-02
S105725,4.83,8.11,0.73,7.76,51.28,6.33,64.0,2,40.84,1.83,3.46,2024-03-22
S105726,8.6,3.62,0.61,2.8,0.0,8.26,61.74,2,85.28,0.69,3.0,2024-07-03
S105727,6.84,7.15,1.52,4.85,64.8,7.68,72.03,0,49.26,2.51,0.05,2024-02-13
S105728,8.31,11.01,1.59,5.07,69.21,4.7,43.79,1,55.52,3.73,2.22,2024-03-21
S105729,7.47,2.74,4.2,5.63,54.51,7.23,61.77,3,47.8,1.0,4.82,2024-03-31
S105730,4.55,6.09,0.29,10.0,62.8,1.9,51.46,2,28.28,1.46,17.67,2024-03-03
S105731,5.45,9.6,3.22,4.04,57.19,7.62,77.65,0,53.09,4.74,2.04,2024-03-04
S105732,7.26,6.47,0.1,4.27,37.21,4.29,54.48,2,58.18,2.3,8.65,2024-04-16
S105733,7.5,4.22,2.9,5.08,38.5,7.61,28.35,1,63.27,16.89,2.36,2024-02-18
S105734,7.26,6.0,1.92,10.0,33.16,7.73,20.38,2,49.95,1.53,2.6,2024-02-19
S105735,6.31,2.72,0.36,8.24,37.84,5.35,55.77,2,53.3,0.86,1.97,2024-03-30
S105736,7.51,5.51,0.7,5.79,36.76,4.3,61.7,1,67.04,2.45,0.99,2024-02-29
S105737,4.94,6.7,0.48,3.75,29.53,3.94,43.77,2,63.19,1.33,5.13,2024-08-02
S105738,5.96,4.87,0.17,8.11,7.49,6.3,92.98,3,62.42,1.05,1.55,2024-04-06
S105739,4.7,5.86,0.37,9.76,13.48,2.78,81.58,1,53.91,1.88,0.57,2024-04-13
S105740,7.69,1.81,2.33,7.9,16.15,8.99,54.81,1,63.58,0.54,11.26,2024-03-07
S105741,6.83,9.54,1.0,5.66,18.31,5.08,50.1,2,63.06,3.49,0.34,2024-03-19
S105742,7.29,5.07,2.8,8.88,63.05,4.44,76.93,1,39.53,4.73,3.13,2024-04-02
S105743,5.94,6.7,2.11,5.56,53.91,6.0,55.79,0,45.87,1.6,6.13,2024-03-05
S105744,3.0,5.94,0.49,5.92,18.21,3.2,82.86,1,52.0,1.95,0.64,2024-04-26
S105745,5.2,5.97,0.13,7.14,43.88,6.18,72.8,0,52.81,2.5,2.44,2024-03-02
S105746,6.52,7.25,0.14,5.01,69.23,8.16,66.65,2,41.97,1.7,0.89,2024-03-06
S105747,6.38,7.52,0.57,2.35,59.32,1.87,64.39,2,57.5,2.24,3.15,2024-03-30
S105748,7.58,5.69,1.7,7.88,18.16,5.05,64.51,0,55.62,1.31,2.55,2024-03-22
S105749,7.86,4.32,0.55,5.1,52.87,7.94,47.92,0,52.62,2.06,1.73,2024-02-06
S105750,5.52,9.37,3.57,7.3,13.09,2.12,93.85,2,63.8,1.88,11.5,2024-08-03
S105751,7.4,2.35,2.93,6.98,44.14,9.02,87.0,1,47.77,1.03,13.26,2024-02-27
S105752,3.89,8.3,0.93,6.51,36.78,7.81,48.19,2,51.8,2.58,7.89,2024-04-12
S105753,7.23,3.64,3.23,5.61,33.1,4.69,28.8,1,62.24,14.55,13.57,2024-03-27
S105754,3.35,5.35,0.23,5.07,41.13,4.91,67.38,0,48.62,1.14,2.65,2024-04-01
S105755,7.0,7.6,3.75,4.24,33.64,2.11,45.65,5,65.37,6.84,1.9,2024-11-04
S105756,3.12,6.505,1.96,2.64,69.62,4.99,46.85,2,41.67,1.29,4.34,2024-02-24
S105757,6.99,5.64,1.77,6.17,49.89,6.17,57.2,0,56.58,3.83,3.82,2024-07-03
S105758,8.53,7.98,0.15,4.15,39.22,7.51,65.37,0,70.42,1.78,5.45,2024-03-18
S105759,6.07,6.94,5.69,3.36,59.68,5.63,55.99,1,55.7,5.56,4.97,2024-04-19
S105760,7.28,4.99,2.8,5.23,72.13,8.44,58.49,2,49.94,2.06,0.47,2024-03-04
S105761,7.86,6.505,0.45,5.01,54.55,3.21,64.95,0,53.53,1.72,1.62,2024-03-25
S105762,3.0,3.49,0.8,3.5,55.31,3.3,58.71,1,46.04,3.2,0.28,2024-04-19
S105763,3.6,6.42,0.75,3.5,79.9,8.38,63.59,5,42.17,1.18,8.91,2024-08-03
S105764,6.32,11.52,4.47,6.12,33.27,5.75,84.06,2,61.36,3.02,7.34,2024-03-17
S105765,4.77,7.44,0.54,3.62,8.99,9.57,51.73,1,74.17,3.47,4.98,2024-03-12
S105766,5.73,7.94,0.49,7.77,28.4,3.68,79.24,3,53.94,2.53,2.74,2024-04-08
S105767,10.0,5.48,3.04,5.66,57.42,1.45,66.08,0,59.33,1.05,15.67,2024-03-23
S105768,8.92,2.35,6.34,7.53,74.52,7.55,55.16,2,45.1,0.61,2.04,2024-02-11
S105769,7.22,5.39,0.58,3.88,17.77,1.0,75.33,2,71.63,6.88,2.29,2024-04-05
S105770,5.36,7.18,0.89,5.37,49.42,4.65,34.61,1,53.28,2.75,7.41,2024-02-21
S105771,7.09,4.3,3.71,3.2,61.41,7.17,13.97,2,59.95,0.75,2.83,2024-02-10
S105772,6.82,3.57,3.02,6.86,63.58,7.32,64.3,1,36.21,1.77,3.75,2024-02-23
S105773,6.1,6.34,3.46,9.01,35.86,3.77,66.14,1,43.46,1.79,0.72,2024-03-13
S105774,8.66,8.04,2.26,2.23,13.68,8.26,20.76,3,87.25,4.93,6.05,2024-07-04
S105775,3.63,6.505,0.14,6.09,46.0,3.24,46.61,2,44.22,1.64,7.63,2024-02-17
S105776,8.56,10.86,3.51,5.47,28.3,4.68,94.3,1,70.35,3.12,1.63,2024-04-11
S105777,5.73,5.06,2.15,9.45,80.4,4.5,44.44,1,30.63,2.15,2.1,2024-04-09
S105778,8.18,5.98,1.14,2.05,34.62,1.46,31.38,3,66.4,2.21,3.15,2024-03-09
S105779,6.14,3.4,4.16,5.79,28.71,7.37,64.11,2,61.0,0.75,0.44,2024-02-04
S105780,5.52,8.58,3.29,7.13,44.8,6.27,71.4,0,48.9,2.08,1.94,2024-03-27
S105781,5.39,1.88,3.68,7.81,14.97,4.71,66.5,0,61.59,0.71,0.35,2024-03-12
S105782,6.7,5.93,0.3,5.39,53.16,5.29,55.34,4,56.03,1.64,0.49,2024-04-24
S105783,6.84,7.05,2.71,3.48,25.46,4.92,85.41,0,74.64,2.13,0.98,2024-02-08
S105784,10.0,7.92,0.04,5.73,26.9,7.66,82.65,1,71.43,2.8,0.5,2024-07-04
S105785,8.6,7.88,2.17,4.33,30.69,3.67,64.79,2,65.71,4.05,3.29,2024-02-18
S105786,6.28,3.82,4.41,7.0,47.89,8.48,72.05,5,48.14,1.32,0.83,2024-02-11
S105787,4.61,7.83,0.08,5.95,47.91,4.77,97.34,1,51.28,1.54,4.55,2024-02-07
S105788,6.48,5.49,2.5,6.53,45.99,6.59,56.87,1,56.82,21.96,0.29,2024-03-11
S105789,7.16,1.19,2.71,5.79,6.15,1.0,100.0,3,71.59,0.56,4.18,2024-04-19
S105790,3.93,11.51,0.04,7.56,4.46,3.72,69.16,1,54.5,2.96,2.44,2024-04-26
S105791,6.35,7.4,0.16,8.13,38.9,6.86,36.19,3,50.5,5.98,0.22,2024-03-22
S105792,8.18,8.02,0.55,4.41,55.94,6.05,63.53,3,56.26,2.38,6.81,2024-03-20
S105793,5.69,8.94,3.13,6.56,45.39,6.76,68.12,2,55.86,3.36,0.55,2024-02-27
S105794,4.06,6.27,1.15,2.46,6.55,6.04,58.29,2,66.7,1.33,13.83,2024-02-15
S105795,7.42,4.92,0.08,5.59,63.55,4.86,52.94,2,53.86,2.18,11.32,2024-03-28
S105796,8.64,7.68,0.05,6.55,6.34,6.75,46.68,4,79.63,2.19,1.54,2024-07-02
S105797,6.06,8.89,1.4,4.77,29.62,5.08,70.95,2,71.72,2.74,3.01,2024-03-18
S105798,6.59,9.73,3.33,6.83,33.97,5.0,11.64,1,54.83,3.89,17.72,2024-04-15
S105799,8.02,3.43,0.85,4.75,47.87,9.34,72.1,2,61.86,1.38,6.8,2024-04-04
S105800,7.13,8.92,1.46,5.19,12.09,7.39,71.66,3,69.15,2.55,7.13,2024-04-12
S105801,5.38,2.39,0.22,2.65,54.93,7.92,41.25,1,54.92,0.99,7.04,2024-04-05
S105802,5.87,7.92,1.36,9.79,32.17,3.85,47.29,2,51.33,4.75,10.75,2024-03-02
S105803,6.25,5.01,0.41,8.53,19.33,10.0,68.23,1,58.1,2.03,2.83,2024-03-09
S105804,6.37,8.24,0.06,5.9,32.29,6.34,67.76,1,56.4,4.44,0.81,2024-03-31
S105805,8.04,8.58,0.57,8.21,77.91,1.0,64.26,4,47.36,2.3,3.5,2024-03-04
S105806,4.9,7.8,4.96,5.84,49.75,6.32,42.15,1,50.69,2.33,3.39,2024-03-23
S105807,6.93,8.76,3.27,6.29,38.68,4.77,49.95,2,59.83,3.44,5.55,2024-03-27
S105808,6.15,8.48,2.27,8.03,53.51,7.03,44.92,2,46.62,3.1,1.88,2024-04-29
S105809,3.41,6.98,0.13,7.51,47.68,7.8,89.85,2,41.0,1.98,1.0,2024-03-15
S105810,7.41,10.06,2.15,4.39,40.04,5.44,30.77,3,57.03,3.66,6.36,2024-04-26
S105811,6.57,6.44,0.17,5.97,73.36,5.28,83.21,4,48.0,2.02,0.7,2024-02-20
S105812,4.52,5.07,0.98,5.44,60.67,1.0,47.27,3,40.24,1.43,3.44,2024-03-30
S105813,3.83,7.11,0.06,4.37,49.48,7.0,54.96,1,54.75,1.95,10.04,2024-06-02
S105814,7.71,4.71,1.22,6.47,42.63,8.81,80.29,3,54.39,1.79,6.09,2024-03-28
S105815,8.77,6.56,0.19,3.54,39.04,7.07,43.3,0,70.94,2.02,7.68,2024-02-06
S105816,6.5,6.56,3.32,8.15,55.5,3.14,46.27,1,41.88,9.62,2.44,2024-11-04
S105817,6.05,10.84,1.03,5.41,59.42,1.04,50.2,2,41.67,3.9,2.02,2024-02-01
S105818,7.4,11.24,0.11,3.76,52.4,6.84,57.8,3,58.14,2.15,2.53,2024-03-25
S105819,5.43,3.18,1.24,5.19,57.94,5.19,46.61,1,50.09,1.33,2.08,2024-03-11
S105820,5.62,4.41,2.89,7.37,25.51,4.2,57.17,1,57.98,2.37,0.8,2024-04-02
S105821,7.73,8.66,1.83,7.25,82.22,8.51,92.19,3,37.18,6.32,2.34,2024-04-17
S105822,4.73,7.41,0.05,6.54,34.59,4.99,50.24,2,54.12,1.89,7.04,2024-02-24
S105823,8.01,11.13,0.45,7.15,54.02,8.63,62.24,0,49.29,4.39,0.75,2024-04-16
S105824,6.79,9.03,0.4,5.26,13.29,5.84,49.49,1,78.44,1.99,0.23,2024-02-19
S105825,8.24,6.29,8.0,6.6,57.39,5.44,62.89,2,52.85,0.95,5.29,2024-03-09
S105826,3.71,13.44,0.15,6.28,34.21,8.7,70.03,1,52.05,14.89,0.27,2024-04-21
S105827,8.22,2.95,8.0,5.41,73.21,3.11,66.24,2,50.62,0.62,4.4,2024-04-20
S105828,6.23,7.91,1.56,4.4,42.53,7.68,68.76,1,58.05,4.91,4.48,2024-04-23
S105829,7.27,9.75,0.15,7.07,66.05,4.02,97.73,1,48.09,2.73,0.95,2024-03-12
S105830,5.2,8.46,0.8,2.78,32.11,7.39,61.27,2,63.44,16.92,0.29,2024-04-09
S105831,4.9,4.88,0.91,5.67,50.86,2.76,68.52,2,43.19,1.78,0.11,2024-02-03
S105832,8.02,3.6,2.2,3.0,73.84,6.94,69.66,2,54.11,1.51,5.76,2024-06-03
S105833,7.05,8.76,1.17,5.69,61.02,2.15,81.21,2,46.47,8.72,4.13,2024-03-02
S105834,7.16,5.99,5.38,3.72,53.81,5.43,55.83,2,62.35,2.51,1.6,2024-02-11
S105835,7.35,6.37,1.4,5.59,36.19,10.0,48.58,2,61.3,1.22,2.25,2024-02-03
S105836,7.24,7.56,1.27,5.51,59.56,6.35,61.61,0,52.61,2.0,1.49,2024-04-03
S105837,4.11,6.31,0.59,5.96,67.78,2.73,55.34,2,35.05,2.15,3.11,2024-02-17
S105838,5.93,10.52,3.08,7.89,49.17,7.02,55.67,0,51.33,3.29,0.6,2024-01-04
S105839,5.88,10.08,4.3,9.95,30.34,3.75,54.3,2,46.41,3.53,2.65,2024-03-13
S105840,9.26,2.87,1.54,3.3,63.78,5.41,47.84,0,60.81,0.87,0.91,2024-02-28
S105841,8.29,8.01,1.11,5.7,44.63,5.99,76.36,4,58.97,3.97,2.52,2024-04-12
S105842,5.11,6.36,1.95,8.05,29.05,7.83,76.46,2,43.85,2.03,7.66,2024-08-04
S105843,4.24,2.98,0.23,2.96,23.33,4.94,56.37,1,59.99,1.82,11.64,2024-02-18
S105844,7.41,7.13,1.31,4.94,45.84,3.7,83.34,1,54.17,1.53,0.9,2024-02-08
S105845,7.2,6.86,0.45,7.82,57.1,7.33,55.74,3,48.55,1.78,1.15,2024-09-03
S105846,8.36,4.6,0.48,7.54,69.08,7.08,63.26,0,45.67,1.15,6.91,2024-05-04
S105847,4.72,7.49,0.16,5.8,61.3,5.41,72.22,2,44.62,3.39,3.06,2024-03-23
S105848,8.78,10.09,0.16,6.35,58.87,7.43,55.51,2,50.34,4.27,0.56,2024-03-14
S105849,6.67,4.67,1.97,3.05,67.54,7.08,58.7,3,52.33,0.91,6.08,2024-04-19
S105850,8.24,3.74,6.11,4.53,13.71,8.23,40.33,3,71.97,2.47,3.77,2024-04-16
S105851,6.79,4.91,0.53,10.0,49.7,8.43,68.12,2,40.23,1.19,7.4,2024-02-26
S105852,5.79,7.61,0.26,4.99,45.93,2.32,91.42,1,51.94,1.28,2.57,2024-03-03
S105853,5.25,10.47,3.35,4.94,47.53,3.92,55.68,2,50.65,7.2,2.02,2024-02-24
S105854,8.35,4.82,5.36,4.25,57.69,5.38,42.6,0,54.57,5.43,1.1,2024-03-24
S105855,3.0,4.32,1.28,7.99,95.75,3.95,41.63,4,21.61,0.7,0.6,2024-02-21
S105856,7.95,4.45,0.85,5.89,38.94,1.82,59.33,0,63.66,0.94,5.54,2024-01-03
S105857,7.38,4.97,1.24,5.43,27.03,6.67,83.12,3,67.45,1.26,0.07,2024-03-02
S105858,5.39,11.03,0.39,3.82,24.72,8.14,93.64,0,68.87,3.66,0.73,2024-03-27
S105859,7.5,8.75,0.62,5.35,46.19,4.55,77.74,2,58.71,5.07,0.69,2024-02-22
S105860,6.2,0.35,2.19,6.52,36.97,3.78,57.89,3,47.26,0.24,19.14,2024-04-18
S105861,4.52,6.505,0.08,3.62,65.82,6.89,87.41,1,45.32,1.71,0.79,2024-02-28
S105862,5.97,6.61,0.11,4.31,17.06,9.25,84.07,0,61.4,2.32,4.5,2024-03-12
S105863,7.22,4.42,0.54,6.81,57.51,4.68,49.47,1,43.21,1.06,3.66,2024-02-29
S105864,6.44,5.33,0.15,8.3,45.7,4.94,82.08,1,39.94,1.77,0.12,2024-02-14
S105865,5.27,5.36,2.49,2.85,58.68,4.9,64.81,5,45.4,16.31,4.74,2024-03-13
S105866,7.35,7.21,1.23,9.61,34.2,8.47,65.48,4,56.19,2.37,6.44,2024-02-27
S105867,7.43,10.33,0.79,8.34,47.97,6.09,28.53,2,45.73,3.05,0.29,2024-02-13
S105868,8.12,0.0,1.92,6.21,71.11,5.63,46.61,0,56.54,0.0,4.19,2024-08-02
S105869,6.68,7.15,0.65,4.97,27.42,5.21,70.2,0,67.76,2.55,0.09,2024-03-02
S105870,8.52,10.46,5.55,6.62,43.87,7.79,60.09,0,55.28,2.09,1.84,2024-04-17
S105871,5.33,7.38,6.77,1.63,66.44,5.62,52.17,0,54.1,1.79,3.63,2024-02-03
S105872,5.72,6.28,1.35,5.05,19.89,4.27,45.47,1,67.47,1.8,2.29,2024-04-21
S105873,4.29,7.92,1.32,4.56,50.33,4.83,31.15,0,46.77,2.68,0.44,2024-03-24
S105874,6.25,9.1,0.7,6.15,64.55,1.0,53.91,3,43.69,36.41,10.67,2024-04-27
S105875,6.42,9.11,2.5,8.99,31.46,4.49,60.62,2,51.04,5.16,1.82,2024-02-08
S105876,6.3,7.91,2.85,6.11,16.99,4.26,58.24,0,58.84,2.02,4.61,2024-04-16
S105877,4.49,3.13,0.5,3.77,44.85,1.57,73.36,2,54.21,1.33,0.28,2024-02-12
S105878,7.79,7.66,0.81,3.11,53.52,8.54,38.78,1,64.58,2.23,5.1,2024-04-06
S105879,3.88,9.01,2.68,1.0,66.86,5.97,74.0,4,59.62,7.77,12.56,2024-02-20
S105880,4.97,4.22,1.63,6.29,67.57,5.81,74.19,3,43.21,1.86,3.53,2024-04-18
S105881,3.0,0.91,4.83,3.16,42.55,2.61,24.38,3,48.24,2.32,4.78,2024-04-14
S105882,7.82,7.44,0.59,6.61,64.11,4.9,81.3,4,50.59,3.66,2.67,2024-04-09
S105883,7.46,9.25,0.61,6.52,27.21,6.67,45.2,1,63.1,2.5,3.71,2024-04-01
S105884,6.03,3.27,2.18,7.59,32.43,6.75,44.24,6,49.8,0.87,11.79,2024-02-21
S105885,6.78,8.63,0.25,9.86,27.05,3.73,78.26,2,51.93,3.74,2.1,2024-03-02
S105886,4.52,4.12,0.77,6.28,0.28,5.55,55.18,1,62.79,1.87,0.19,2024-04-14
S105887,4.74,5.97,0.62,5.63,62.19,5.9,57.62,1,45.55,2.12,6.93,2024-03-17
S105888,4.9,8.42,0.02,7.73,31.86,3.72,21.33,0,43.63,2.06,13.04,2024-02-11
S105889,6.76,3.42,2.11,8.04,66.73,4.62,40.09,1,41.06,1.19,0.11,2024-03-19
S105890,5.74,7.76,0.95,7.68,72.05,3.7,39.41,1,30.39,1.68,0.02,2024-03-21
S105891,6.55,5.12,1.66,6.45,65.52,10.0,34.16,2,42.26,1.26,3.0,2024-02-04
S105892,4.76,10.09,1.06,6.97,49.1,6.57,27.68,0,42.21,2.71,4.19,2024-03-17
S105893,4.35,5.41,1.74,4.2,51.2,3.94,83.78,3,42.88,1.97,0.32,2024-04-03
S105894,6.91,6.86,5.4,7.05,35.67,9.61,53.19,2,62.25,1.49,0.14,2024-02-15
S105895,6.72,7.37,0.3,6.09,72.14,7.79,78.18,2,47.31,1.74,14.28,2024-02-08
S105896,6.94,5.12,2.96,7.21,6.39,8.03,76.71,0,63.25,1.32,15.19,2024-04-24
S105897,5.39,6.24,0.02,2.97,44.38,5.63,44.0,0,56.1,7.57,0.88,2024-06-03
S105898,6.69,5.63,1.38,6.48,30.88,6.18,85.66,2,55.23,1.32,8.22,2024-02-21
S105899,4.05,9.43,2.78,5.32,49.26,5.98,59.46,1,53.22,2.01,9.01,2024-02-11
S105900,4.72,4.93,1.84,7.52,26.25,1.88,80.79,2,49.77,1.12,4.27,2024-03-15
S105901,6.77,5.35,2.46,7.41,22.31,8.31,65.12,2,65.15,1.12,0.25,2024-02-16
S105902,4.93,4.82,0.39,5.97,90.92,2.27,52.57,0,30.97,1.46,6.21,2024-03-12
S105903,4.54,5.66,3.22,4.84,33.44,4.4,48.63,1,58.91,22.63,0.92,2024-04-22
S105904,4.94,7.86,1.63,4.14,33.18,3.91,68.4,2,56.86,1.75,11.99,2024-03-13
S105905,8.7,6.505,0.43,6.53,48.04,5.31,65.91,1,55.55,2.17,12.29,2024-02-02
S105906,5.69,5.67,0.21,6.31,18.98,3.58,56.27,1,61.83,1.24,1.08,2024-04-01
S105907,6.75,5.01,0.37,5.64,33.93,5.56,44.13,2,59.78,1.94,0.83,2024-04-19
S105908,6.07,5.85,1.69,6.63,33.23,2.61,54.12,1,50.52,1.09,4.01,2024-03-31
S105909,9.83,8.36,0.87,8.24,85.1,3.24,85.11,4,33.65,2.62,1.76,2024-03-04
S105910,6.17,5.54,1.54,1.2,37.76,4.23,47.98,2,74.4,1.51,6.61,2024-02-20
S105911,7.85,9.05,1.02,7.66,49.53,3.07,80.43,1,52.92,2.11,0.6,2024-03-07
S105912,7.7,12.05,0.18,8.54,75.64,8.43,43.59,1,37.85,3.36,9.64,2024-02-26
S105913,6.96,6.25,0.16,3.99,55.17,8.42,68.81,1,57.33,1.71,13.89,2024-04-14
S105914,6.36,10.31,4.16,6.84,87.55,4.19,31.9,0,35.82,4.65,3.47,2024-04-25
S105915,4.15,2.91,1.07,5.33,19.11,2.77,65.56,2,53.72,0.94,1.42,2024-02-26
S105916,7.16,5.65,3.81,6.73,38.11,3.88,48.45,2,60.98,2.55,3.1,2024-04-07
S105917,9.51,8.33,1.68,4.98,31.37,7.5,69.29,2,73.41,2.24,2.33,2024-04-14
S105918,7.14,7.74,0.35,8.46,41.75,3.51,74.39,1,48.31,2.77,7.33,2024-03-26
S105919,9.31,4.4,1.58,5.36,26.06,6.84,62.83,1,70.73,1.13,0.53,2024-02-16
S105920,7.41,8.35,0.19,9.89,35.32,4.72,56.63,1,53.47,2.12,3.7,2024-03-19
S105921,7.7,13.22,0.49,2.75,91.29,8.44,64.67,3,43.95,9.67,0.15,2024-03-04
S105922,5.69,8.4,1.05,5.83,30.3,10.0,68.88,2,53.25,33.6,2.67,2024-03-09
S105923,6.19,3.78,2.72,4.12,25.04,4.97,76.71,3,69.51,0.89,0.03,2024-02-05
S105924,7.07,4.51,3.06,3.45,0.0,9.1,100.0,1,81.31,1.22,7.69,2024-02-08
S105925,8.01,4.74,0.16,6.73,69.75,5.98,94.44,0,45.68,0.97,0.88,2024-02-24
S105926,4.89,7.1,3.2,10.0,15.43,8.21,48.16,2,53.56,2.34,2.72,2024-02-02
S105927,4.31,10.66,0.58,6.35,70.08,3.57,60.85,2,37.34,2.86,3.79,2024-04-01
S105928,6.21,8.84,0.29,5.86,37.72,7.21,55.22,2,59.09,1.62,3.35,2024-04-28
S105929,6.21,11.83,0.41,6.64,18.22,3.19,90.98,1,58.09,47.32,3.92,2024-04-04
S105930,7.05,7.22,2.27,6.18,22.66,2.6,59.0,1,67.21,2.54,7.24,2024-02-25
S105931,8.84,7.84,0.27,6.66,62.45,7.5,43.06,3,54.59,1.64,4.03,2024-03-18
S105932,5.56,10.69,0.34,5.8,22.19,4.37,51.9,1,58.37,7.66,16.05,2024-03-12
S105933,9.08,6.81,2.94,7.6,42.87,7.9,57.33,1,64.75,2.62,1.35,2024-03-28
S105934,7.2,10.51,4.44,6.01,60.86,7.07,75.32,1,50.43,4.84,2.33,2024-03-27
S105935,6.41,9.81,0.44,5.87,56.69,5.03,52.91,3,49.7,3.8,3.27,2024-02-03
S105936,3.94,4.27,1.1,10.0,77.28,3.35,50.99,0,23.41,0.84,5.51,2024-04-14
S105937,8.53,5.84,0.7,5.14,73.19,5.85,62.33,0,44.95,15.36,2.57,2024-03-26
S105938,8.94,6.11,2.93,8.68,67.5,7.3,38.72,1,44.84,3.25,0.29,2024-04-23
S105939,7.07,5.83,0.17,5.6,27.84,7.89,44.89,1,64.5,2.85,1.34,2024-02-10
S105940,7.11,7.2,0.11,6.71,33.47,2.08,66.08,2,58.47,1.82,1.41,2024-03-03
S105941,5.76,6.505,0.7,6.64,51.91,5.46,94.52,4,46.53,1.16,0.33,2024-02-26
S105942,3.58,10.1,0.74,4.81,40.41,3.34,49.03,2,51.2,3.16,3.6,2024-04-10
S105943,5.21,8.23,1.68,7.63,54.55,5.39,58.58,2,43.0,8.88,0.17,2024-04-21
S105944,4.27,6.505,0.33,6.01,38.9,4.86,61.33,2,52.99,4.27,2.37,2024-04-06
S105945,4.37,8.75,2.69,6.36,63.81,5.31,40.58,1,45.61,8.31,0.95,2024-04-19
S105946,5.13,3.77,0.04,3.48,19.94,1.72,65.65,1,71.84,0.7,1.29,2024-09-02
S105947,5.51,8.73,0.42,10.0,36.59,5.54,58.39,1,44.96,13.16,2.63,2024-03-20
S105948,7.08,4.9,3.52,5.85,28.79,10.0,64.03,1,66.2,0.88,9.84,2024-04-29
S105949,8.23,11.1,1.1,4.22,35.0,2.95,56.96,3,66.97,5.53,2.0,2024-01-04
S105950,6.03,2.86,0.02,7.51,80.0,4.28,46.05,0,31.14,1.21,0.55,2024-02-25
S105951,7.48,9.54,0.62,6.02,0.0,5.4,52.02,2,71.09,6.94,1.41,2024-04-22
S105952,5.83,4.36,0.53,6.63,32.35,4.46,61.19,3,60.06,17.45,8.88,2024-03-25
S105953,5.88,6.63,0.28,6.24,41.93,4.03,64.04,0,57.02,1.69,2.68,2024-02-04
S105954,6.82,8.48,0.56,2.79,51.23,4.41,52.14,2,55.99,2.58,9.32,2024-04-21
S105955,5.42,3.82,3.63,6.78,41.49,2.25,68.19,2,44.61,3.53,0.12,2024-03-20
S105956,6.68,5.36,1.42,6.33,21.14,3.63,73.82,1,60.63,1.06,0.41,2024-02-18
S105957,5.62,8.15,0.03,3.62,63.04,3.75,65.12,2,54.59,2.89,0.7,2024-04-17
S105958,5.06,3.11,2.03,6.61,36.83,5.6,37.65,0,55.7,1.39,6.94,2024-02-01
S105959,5.35,1.43,0.24,5.85,42.6,6.37,73.83,3,53.74,0.41,0.46,2024-07-04
S105960,8.5,7.43,0.37,5.35,25.69,6.16,54.57,0,68.32,2.09,8.15,2024-02-20
S105961,6.66,8.8,1.85,4.45,40.79,5.35,65.95,2,59.2,1.65,4.07,2024-04-06
S105962,5.65,10.3,1.61,7.61,70.28,5.64,56.95,2,28.55,5.38,3.93,2024-03-03
S105963,6.56,7.7,0.4,4.29,46.86,5.74,72.32,1,57.11,2.1,0.04,2024-03-30
S105964,5.21,7.33,1.08,5.87,37.17,7.31,67.75,0,52.14,2.36,3.04,2024-03-12
S105965,5.62,9.28,1.45,5.7,31.03,7.99,78.87,2,69.41,3.3,0.06,2024-03-02
S105966,5.78,6.79,1.12,8.7,31.11,6.66,53.15,2,44.81,2.84,3.76,2024-03-29
S105967,3.88,8.05,0.41,6.94,51.18,4.72,79.09,4,38.14,2.06,11.46,2024-03-20
S105968,6.05,0.0,0.0,5.05,72.68,2.97,59.95,2,42.03,0.0,1.05,2024-04-19
S105969,6.91,6.57,0.12,9.97,70.59,3.46,29.85,1,30.99,4.65,11.73,2024-02-25
S105970,6.68,4.39,0.78,10.0,11.26,7.24,92.45,0,57.54,4.14,0.04,2024-02-29
S105971,6.07,4.06,0.42,9.74,52.58,5.38,85.94,2,32.81,2.08,0.03,2024-04-01
S105972,7.8,6.73,0.55,4.03,83.01,4.88,61.62,4,51.47,1.76,1.89,2024-04-14
S105973,5.11,5.99,0.06,6.92,71.65,7.04,34.29,2,43.22,1.81,0.93,2024-03-09
S105974,7.87,10.8,1.68,1.87,26.62,2.86,76.88,0,77.95,6.31,3.17,2024-02-24
S105975,7.68,10.7,0.76,5.24,81.54,3.38,62.29,3,42.08,6.26,1.18,2024-02-19
S105976,6.58,8.75,1.57,8.18,69.31,5.33,73.45,0,30.77,2.8,7.79,2024-02-19
S105977,8.45,11.49,0.81,5.0,45.53,8.02,86.08,1,59.51,1.92,0.59,2024-02-21
S105978,5.16,6.79,0.65,5.03,55.97,3.11,42.99,2,44.16,1.47,5.66,2024-03-25
S105979,6.64,1.96,1.54,4.6,37.72,3.99,32.01,2,64.14,0.82,5.95,2024-03-26
S105980,6.08,3.45,1.36,5.75,32.59,2.8,55.04,1,60.79,9.99,0.77,2024-03-10
S105981,5.19,7.8,3.04,2.02,25.0,6.34,66.28,2,68.72,1.66,1.37,2024-04-13
S105982,5.83,6.81,0.24,4.61,35.77,3.56,55.89,2,56.56,1.78,0.86,2024-04-18
S105983,6.86,6.69,0.66,10.0,49.73,5.07,69.47,1,35.05,2.33,8.61,2024-03-19
S105984,6.86,6.3,3.8,10.0,70.81,9.62,40.75,0,34.59,1.96,1.92,2024-04-12
S105985,7.18,1.64,0.71,6.89,42.99,5.15,65.28,2,56.82,0.54,4.4,2024-02-14
S105986,5.34,7.58,3.4,5.49,32.27,10.0,54.62,4,55.27,1.47,0.47,2024-03-23
S105987,6.14,7.61,0.48,5.3,25.08,1.81,52.97,2,57.64,2.76,2.36,2024-04-04
S105988,6.12,8.17,1.54,7.91,47.06,3.84,34.11,3,47.85,4.48,1.55,2024-04-18
S105989,5.35,5.67,1.76,6.9,26.83,7.66,61.32,0,59.72,22.68,0.04,2024-02-14
S105990,6.27,5.37,0.61,4.44,9.52,7.22,32.85,3,69.17,1.29,6.04,2024-02-17
S105991,3.27,7.95,0.74,3.59,49.82,8.44,49.25,3,42.29,2.04,1.0,2024-02-18
S105992,4.63,1.48,2.12,5.32,62.76,7.63,44.53,1,34.9,0.61,0.24,2024-03-01
S105993,5.58,5.74,0.82,7.31,59.65,9.16,42.98,1,47.26,2.5,4.26,2024-03-14
S105994,5.75,5.66,1.56,2.59,43.53,6.08,64.22,1,61.65,11.97,2.63,2024-02-09
S105995,7.19,9.91,5.18,4.01,36.02,5.05,40.62,4,61.32,2.07,4.73,2024-04-09
S105996,5.49,10.11,0.6,7.33,47.02,5.07,61.29,2,50.07,3.24,1.17,2024-03-21
S105997,8.66,10.6,0.65,6.12,68.57,3.47,42.14,0,58.68,2.29,3.39,2024-03-24
S105998,4.2,6.29,1.61,4.37,43.21,8.26,83.45,3,51.04,2.04,1.06,2024-02-28
S105999,8.88,6.505,2.45,4.71,38.3,6.81,76.21,2,69.81,1.39,1.06,2024-12-02
S106000,4.94,7.06,5.12,6.83,36.83,4.79,44.05,1,45.5,13.18,2.29,2024-03-18
S106001,4.66,8.44,4.86,6.84,41.22,7.1,43.63,1,54.11,2.82,3.92,2024-02-26
S106002,5.22,5.96,0.06,3.12,62.18,2.88,15.53,3,56.01,23.82,6.25,2024-02-15
S106003,5.4,0.0,2.69,7.91,64.86,5.94,45.79,0,28.02,0.0,6.66,2024-04-11
S106004,5.85,7.42,1.63,7.3,67.35,9.97,69.69,3,43.19,2.11,1.95,2024-04-25
S106005,5.62,5.55,0.08,5.82,72.61,4.16,64.37,1,44.17,2.22,6.57,2024-04-01
S106006,6.91,2.33,1.09,2.79,41.31,3.12,50.02,1,67.24,2.36,10.9,2024-02-20
S106007,7.37,4.41,0.29,1.13,55.85,1.12,31.36,1,68.53,1.32,10.28,2024-03-02
S106008,4.77,5.93,2.59,5.71,39.63,9.49,42.48,1,47.76,2.39,0.54,2024-02-23
S106009,8.01,5.21,1.6,7.11,32.23,6.67,62.49,2,51.3,1.06,12.69,2024-02-04
S106010,6.62,5.85,0.8,6.36,16.87,6.52,48.36,3,64.67,3.49,7.96,2024-02-26
S106011,6.27,6.62,0.97,7.77,39.13,9.43,40.74,2,52.79,6.95,0.5,2024-04-01
S106012,7.46,3.93,0.42,6.4,21.01,2.44,31.83,2,65.34,1.91,1.31,2024-02-14
S106013,6.14,7.96,5.05,5.39,18.11,7.49,39.27,2,69.25,4.76,4.53,2024-02-12
S106014,8.3,5.5,0.26,7.05,27.37,4.06,83.65,2,67.16,1.64,6.88,2024-08-02
S106015,4.57,2.78,2.69,7.89,26.7,6.16,33.86,0,51.77,1.12,3.11,2024-02-04
S106016,7.98,3.86,5.69,3.84,39.08,3.27,55.66,1,71.87,0.91,0.7,2024-06-04
S106017,5.6,4.27,0.1,8.29,68.31,4.84,72.82,3,33.26,1.98,0.56,2024-04-23
S106018,7.3,8.54,0.14,6.46,59.36,4.47,39.82,0,48.22,3.45,0.07,2024-04-07
S106019,5.64,6.83,0.18,5.39,87.49,6.37,31.2,4,35.47,1.76,1.68,2024-03-30
S106020,8.61,5.49,0.34,8.33,39.89,3.45,60.91,0,52.96,1.06,0.01,2024-02-09
S106021,6.81,6.56,0.28,5.27,53.11,4.3,40.02,1,47.81,26.22,6.61,2024-04-19
S106022,7.33,5.27,1.32,6.97,14.73,6.54,31.15,3,69.54,1.05,2.57,2024-03-13
S106023,4.78,5.55,0.93,9.43,47.27,7.63,71.25,2,33.67,1.45,0.44,2024-03-11
S106024,4.2,7.88,1.2,6.5,82.99,1.94,70.42,1,29.71,1.95,1.71,2024-02-02
S106025,6.62,6.97,0.07,4.1,52.37,2.63,41.15,1,53.09,1.14,6.38,2024-04-24
S106026,8.41,6.42,1.05,7.43,57.3,5.65,80.2,1,46.23,1.8,4.37,2024-03-13
S106027,6.51,6.25,0.22,3.84,49.6,9.22,46.46,4,52.99,1.5,7.48,2024-02-16
S106028,4.22,5.53,0.77,8.8,1.76,6.22,66.0,2,58.75,0.95,1.09,2024-04-15
S106029,8.67,8.15,1.12,6.05,35.67,3.83,29.01,0,63.13,3.43,0.88,2024-02-01
S106030,5.56,6.1,0.84,7.87,55.72,4.09,49.2,3,40.27,2.91,2.82,2024-03-29
S106031,7.35,7.82,0.88,4.09,26.45,2.2,85.8,2,66.34,1.7,1.66,2024-04-21
S106032,5.13,2.19,7.37,5.17,37.2,6.18,47.97,1,57.47,0.35,6.87,2024-03-19
S106033,5.28,6.505,6.44,8.77,18.21,3.65,51.74,4,52.07,2.41,2.51,2024-12-02
S106034,6.69,5.44,0.65,9.15,50.31,6.56,76.78,1,39.0,3.77,0.44,2024-04-09
S106035,3.0,3.77,3.47,3.33,74.38,5.14,49.97,1,40.45,1.03,0.6,2024-03-14
S106036,4.88,8.41,0.56,4.86,57.35,3.79,54.9,2,43.66,1.28,1.1,2024-04-27
S106037,5.68,9.71,0.28,4.58,59.21,5.37,59.89,2,50.0,1.39,0.2,2024-02-08
S106038,5.69,9.27,0.9,2.34,62.15,5.94,14.77,4,56.36,2.57,0.3,2024-03-16
S106039,3.97,8.17,2.15,5.09,19.58,4.84,30.38,1,58.87,2.63,1.42,2024-03-15
S106040,7.8,6.41,0.76,6.7,45.04,5.8,42.88,4,54.26,2.65,0.64,2024-03-15
S106041,5.94,6.31,0.3,5.76,55.89,1.78,58.16,1,41.05,3.17,1.63,2024-02-29
S106042,6.0,10.11,1.09,7.35,56.43,4.95,54.9,3,44.6,1.79,3.88,2024-01-03
S106043,3.58,5.68,1.28,8.1,53.59,6.69,44.98,2,31.73,1.28,3.65,2024-04-01
S106044,6.1,8.14,1.02,8.1,50.09,7.35,76.01,2,50.74,3.81,1.17,2024-02-07
S106045,7.12,9.17,1.44,7.73,86.1,3.66,47.75,1,32.0,2.15,0.85,2024-02-18
S106046,7.41,8.72,2.15,6.54,47.39,6.01,53.27,1,49.19,1.54,0.29,2024-04-12
S106047,7.05,1.6,4.83,3.41,11.78,6.56,42.74,6,78.13,0.71,11.85,2024-04-06
S106048,6.1,6.58,0.66,3.57,61.2,2.71,37.84,1,46.27,8.32,0.68,2024-02-28
S106049,5.88,0.87,0.44,6.52,24.64,10.0,37.68,3,58.55,0.27,1.12,2024-02-12
S106050,6.44,8.8,1.68,3.64,79.27,8.36,58.95,1,50.47,2.56,8.25,2024-04-27
S106051,7.12,8.24,0.56,7.43,24.5,6.99,53.7,3,62.98,2.59,4.95,2024-02-15
S106052,5.87,5.51,1.18,5.33,12.95,2.94,49.08,1,57.16,3.32,3.43,2024-03-18
S106053,5.88,3.25,0.2,5.42,45.62,4.95,65.21,3,59.25,1.2,2.26,2024-04-04
S106054,6.73,4.88,4.24,1.04,66.81,6.45,53.22,1,55.75,1.41,8.63,2024-03-25
S106055,5.83,3.93,5.54,8.14,37.61,4.2,54.84,3,49.06,2.2,0.15,2024-03-09
S106056,6.55,7.53,2.41,7.16,24.54,2.96,62.63,3,61.17,2.32,0.59,2024-04-17
S106057,6.37,6.37,0.36,3.95,53.67,4.49,47.85,0,57.67,2.05,3.95,2024-03-21
S106058,4.9,10.73,1.65,6.01,49.23,6.02,52.19,3,57.92,4.39,1.4,2024-03-22
S106059,8.28,4.33,0.96,7.11,31.77,6.37,75.47,3,57.01,1.37,0.95,2024-03-28
S106060,7.12,2.96,1.74,1.09,61.14,4.19,77.81,1,63.02,0.66,3.71,2024-03-06
S106061,4.92,11.5,1.04,4.14,49.65,4.4,57.47,3,50.2,2.7,2.83,2024-02-18
S106062,4.85,4.57,1.76,8.2,44.54,1.63,75.41,2,40.52,1.35,2.95,2024-04-22
S106063,5.5,2.76,0.66,3.63,29.12,8.51,67.49,2,60.2,0.64,5.75,2024-04-03
S106064,5.34,7.93,1.65,4.36,56.89,3.06,58.39,2,41.7,1.59,0.53,2024-04-19
S106065,4.8,10.32,0.17,10.0,0.0,2.35,43.6,1,54.33,1.86,3.0,2024-04-21
S106066,6.47,6.68,3.34,3.7,43.22,5.99,66.68,3,61.78,2.59,15.32,2024-02-16
S106067,5.71,7.63,2.43,8.16,29.78,3.05,82.29,1,59.52,2.95,2.37,2024-03-15
S106068,4.84,8.36,4.73,5.28,39.38,5.58,33.81,1,49.78,1.56,1.07,2024-04-02
S106069,8.29,4.8,0.32,2.19,21.8,8.11,43.3,0,80.05,1.07,1.76,2024-03-13
S106070,5.67,6.7,0.72,4.27,51.96,2.18,73.17,1,46.69,3.02,0.57,2024-12-02
S106071,6.6,8.64,3.66,5.68,30.05,5.26,63.3,7,56.6,12.28,9.05,2024-02-28
S106072,4.3,5.47,3.17,5.91,62.22,8.78,56.27,1,39.4,2.52,0.2,2024-02-29
S106073,4.62,11.28,0.11,6.47,57.63,9.47,55.53,1,36.45,14.02,0.35,2024-02-17
S106074,4.74,3.08,1.06,2.85,49.74,4.58,77.8,1,45.92,4.04,0.92,2024-04-18
S106075,7.44,4.02,1.25,5.74,69.52,5.48,85.57,1,45.93,1.49,8.04,2024-02-25
S106076,7.14,5.39,2.22,8.7,54.88,1.53,56.08,1,44.07,3.55,8.01,2024-04-20
S106077,5.81,4.67,0.42,3.61,50.47,7.25,60.67,2,59.33,2.76,3.19,2024-04-24
S106078,5.72,5.57,0.12,3.46,41.76,8.92,50.23,1,57.37,2.31,1.55,2024-04-17
S106079,6.59,8.12,2.74,9.16,29.88,4.83,57.32,2,50.22,32.48,2.44,2024-01-02
S106080,4.94,11.03,1.73,6.46,58.88,4.4,51.42,1,38.31,3.92,6.94,2024-03-04
S106081,5.8,2.67,0.28,2.6,37.45,3.27,54.43,0,59.69,0.58,3.71,2024-11-02
S106082,7.45,4.55,1.09,3.79,3.59,7.86,84.87,0,81.37,2.09,5.45,2024-02-25
S106083,4.89,2.98,0.39,4.15,61.09,6.41,28.34,3,46.17,0.88,0.46,2024-02-02
S106084,7.03,6.67,1.51,6.68,15.52,6.04,65.74,1,70.94,2.41,2.13,2024-04-02
S106085,5.99,4.92,4.96,7.11,43.33,1.0,53.23,1,54.11,4.42,2.35,2024-03-28
S106086,6.39,4.45,5.18,7.47,66.67,5.67,76.21,0,40.2,1.83,1.19,2024-02-15
S106087,5.92,5.34,1.51,8.09,57.2,6.55,91.84,2,41.38,1.58,4.5,2024-02-13
S106088,7.31,7.29,0.02,7.15,72.26,8.37,54.62,0,43.44,2.38,3.93,2024-02-04
S106089,7.33,4.43,2.31,6.41,30.51,9.23,89.52,2,62.97,0.78,0.31,2024-02-11
S106090,6.89,6.47,0.85,7.45,38.04,4.53,40.33,3,50.25,1.69,1.99,2024-04-03
S106091,3.88,3.28,1.88,3.65,23.81,5.3,51.28,0,51.73,4.68,13.76,2024-03-18
S106092,6.3,10.58,1.96,9.25,51.1,6.71,61.75,6,45.04,3.56,1.48,2024-04-10
S106093,7.76,6.35,1.76,5.69,32.35,7.55,29.2,1,62.22,3.16,3.64,2024-04-14
S106094,4.73,10.02,0.09,5.94,22.32,1.94,64.53,3,60.21,3.88,1.16,2024-04-13
S106095,4.01,11.27,0.05,7.17,40.86,2.13,35.51,3,39.45,3.21,0.2,2024-03-23
S106096,5.82,6.88,3.74,2.8,47.23,7.98,61.84,3,61.97,1.65,3.27,2024-03-18
S106097,7.24,2.77,1.37,4.59,60.31,6.95,66.86,2,48.74,6.05,20.0,2024-03-24
S106098,4.37,7.59,0.17,6.02,46.02,7.0,21.1,3,44.46,5.5,0.94,2024-04-17
S106099,6.59,3.9,1.85,4.71,28.46,7.56,62.0,2,59.74,3.95,5.57,2024-04-09
S106100,5.73,8.4,0.87,4.19,58.57,5.87,29.82,0,54.96,3.42,9.83,2024-03-03
S106101,6.07,4.63,0.49,5.34,27.57,5.8,54.02,1,59.63,1.09,4.97,2024-02-04
S106102,6.69,7.92,2.27,7.46,37.6,1.0,73.38,0,59.32,3.16,4.15,2024-04-29
S106103,5.88,7.44,2.81,9.69,31.57,5.31,38.85,2,41.59,2.07,3.31,2024-02-06
S106104,5.34,2.85,0.59,7.34,41.46,5.27,61.86,3,48.32,11.42,1.79,2024-02-20
S106105,6.36,10.22,0.98,8.4,89.76,5.76,82.25,0,33.33,1.86,0.62,2024-04-27
S106106,8.26,13.72,1.94,7.65,68.42,2.5,45.03,3,53.01,3.39,2.37,2024-02-28
S106107,6.96,4.11,2.46,9.39,54.74,1.0,61.13,2,41.96,1.1,2.36,2024-03-28
S106108,7.09,6.39,3.21,7.93,36.23,5.7,74.02,2,50.81,1.22,0.69,2024-11-02
S106109,4.85,4.14,0.07,1.0,64.66,2.83,49.45,1,52.27,3.58,0.54,2024-03-21
S106110,5.42,6.68,1.28,7.61,39.29,4.12,45.7,3,49.73,3.91,6.17,2024-02-07
S106111,4.31,6.66,0.62,5.85,48.09,4.6,55.83,1,44.88,2.38,0.34,2024-03-18
S106112,7.42,7.55,0.09,7.07,44.94,3.22,35.49,1,58.36,3.15,0.12,2024-03-25
S106113,7.53,8.63,0.2,6.67,0.0,6.34,55.74,2,67.52,2.48,0.96,2024-04-11
S106114,6.74,8.1,2.04,4.81,22.95,6.28,68.78,1,65.18,1.55,1.53,2024-04-26
S106115,7.22,4.22,1.16,8.32,39.68,3.95,100.0,2,60.07,1.07,0.03,2024-04-08
S106116,5.57,1.52,0.28,7.58,49.19,8.05,74.16,2,46.24,0.77,5.96,2024-02-19
S106117,5.64,6.21,0.09,5.74,66.57,3.95,80.02,1,46.68,1.53,8.14,2024-02-11
S106118,7.82,6.22,0.28,4.46,52.79,5.1,20.43,4,54.21,1.91,0.22,2024-03-15
S106119,5.6,8.34,1.61,3.78,58.14,6.71,52.27,3,48.6,1.61,6.04,2024-04-29
S106120,7.57,10.34,0.71,6.82,41.64,6.78,68.42,0,59.65,2.65,3.83,2024-03-04
S106121,8.45,7.29,1.29,9.39,29.74,9.43,57.59,6,54.68,1.91,3.73,2024-04-23
S106122,4.57,5.45,1.06,3.72,39.03,5.68,78.36,0,56.5,1.41,8.08,2024-04-22
S106123,4.94,6.75,3.81,5.87,74.65,5.52,87.65,1,38.55,3.2,0.07,2024-02-16
S106124,8.51,5.47,0.06,6.57,50.85,4.0,76.16,1,53.8,1.14,1.99,2024-03-23
S106125,7.54,6.89,0.06,7.16,36.47,8.45,46.98,1,62.87,2.09,1.22,2024-03-18
S106126,8.32,4.97,1.63,8.34,48.74,7.68,28.16,3,49.89,1.84,0.76,2024-03-23
S106127,8.5,7.63,0.72,7.76,19.45,3.32,87.96,3,62.53,4.83,16.56,2024-04-29
S106128,5.77,4.58,0.1,3.87,36.67,6.56,82.48,2,64.83,1.09,7.17,2024-04-11
S106129,8.97,3.4,0.12,4.36,41.11,8.39,27.73,2,67.61,9.27,4.82,2024-02-18
S106130,8.1,6.99,8.0,9.09,36.76,6.95,85.4,2,54.54,3.42,13.9,2024-02-02
S106131,7.61,7.58,2.02,6.04,44.9,10.0,56.35,1,66.41,2.37,6.24,2024-02-06
S106132,6.65,7.67,3.22,3.74,33.66,5.52,59.29,3,66.24,7.65,1.47,2024-03-02
S106133,5.71,3.55,0.63,6.63,44.4,1.24,59.5,2,49.96,0.67,1.73,2024-03-13
S106134,5.14,2.27,1.09,7.12,44.61,6.1,67.64,1,40.59,0.81,0.76,2024-04-03
S106135,4.21,2.88,0.08,8.75,59.59,6.36,71.72,2,28.55,1.26,2.67,2024-03-24
S106136,5.04,9.66,1.57,7.38,80.56,4.14,48.5,0,32.23,2.66,6.67,2024-04-17
S106137,5.13,8.65,0.38,7.0,21.76,4.33,34.7,1,53.37,1.79,8.14,2024-04-24
S106138,6.46,7.82,0.7,5.47,60.43,2.59,57.77,2,39.98,2.47,1.17,2024-04-27
S106139,5.23,9.92,0.09,4.28,36.32,5.4,50.98,0,55.04,2.91,2.21,2024-02-26
S106140,3.76,9.13,1.25,3.63,33.78,8.77,74.78,1,55.64,1.96,10.13,2024-04-23
S106141,6.44,9.71,4.46,7.5,17.48,8.85,63.04,2,63.22,2.8,0.7,2024-04-26
S106142,3.36,6.61,1.29,5.83,48.89,4.62,33.52,2,39.57,0.86,0.85,2024-04-12
S106143,5.72,11.13,0.27,3.53,27.96,5.9,54.12,1,66.9,7.13,0.0,2024-05-04
S106144,7.14,10.32,0.3,5.23,86.73,6.0,74.86,0,41.45,7.48,9.44,2024-02-04
S106145,4.07,4.28,2.94,6.3,19.88,5.64,84.03,2,54.73,0.94,2.41,2024-03-23
S106146,4.52,8.6,0.86,6.31,56.36,7.77,40.24,2,42.76,1.86,0.47,2024-03-10
S106147,6.11,10.5,1.7,2.95,20.88,2.83,49.29,6,67.41,3.23,1.36,2024-02-20
S106148,8.04,12.56,2.98,9.5,79.54,3.27,45.67,2,38.03,21.04,2.75,2024-03-11
S106149,6.01,5.5,0.96,3.03,78.69,3.09,57.98,3,50.03,1.44,0.69,2024-02-10
S106150,5.57,7.59,2.19,8.32,37.1,3.55,74.65,3,52.46,4.0,0.81,2024-03-02
S106151,6.56,7.59,1.32,3.04,14.72,3.06,33.49,4,72.95,3.18,16.96,2024-10-02
S106152,3.76,4.41,0.17,5.36,14.69,6.86,77.09,1,48.06,0.62,4.27,2024-02-16
S106153,4.09,6.21,0.01,8.33,43.99,2.79,44.9,1,44.66,1.5,1.52,2024-01-03
S106154,7.14,6.97,1.96,7.49,46.77,5.39,54.09,3,44.21,1.53,0.36,2024-03-16
S106155,7.3,3.19,2.76,6.7,53.96,1.88,52.78,3,55.24,1.96,16.58,2024-03-16
S106156,7.01,7.31,2.26,5.81,29.72,5.01,88.86,1,60.66,1.6,0.37,2024-04-04
S106157,6.38,5.2,0.15,5.13,57.02,5.59,45.2,2,56.07,2.98,0.98,2024-04-18
S106158,6.81,4.43,3.08,6.88,43.52,6.92,40.77,1,51.25,1.29,0.41,2024-04-19
S106159,3.75,4.52,0.06,9.24,26.29,5.35,79.39,3,39.4,2.23,1.75,2024-04-23
S106160,4.67,8.58,3.29,4.86,38.47,6.02,86.99,5,56.68,34.34,5.45,2024-03-19
S106161,5.64,9.07,0.57,1.0,40.22,8.33,27.71,2,63.59,14.15,9.1,2024-02-19
S106162,7.54,5.69,0.35,7.81,57.7,5.65,47.01,0,45.12,3.66,0.65,2024-03-03
S106163,6.46,5.98,0.92,8.78,53.89,4.15,61.91,2,43.56,23.91,0.39,2024-09-02
S106164,6.24,1.06,0.44,4.87,64.42,7.55,45.84,4,44.77,0.41,2.97,2024-03-10
S106165,4.62,6.43,1.14,4.87,69.13,4.41,36.37,2,36.52,1.51,4.48,2024-02-19
S106166,6.37,10.65,0.98,8.76,71.59,7.13,75.71,4,34.56,2.32,7.55,2024-04-16
S106167,6.73,7.79,0.25,7.53,26.52,4.22,55.28,0,60.72,2.17,0.39,2024-03-04
S106168,7.0,9.28,2.32,4.3,32.73,7.56,55.95,2,64.05,1.48,2.12,2024-03-03
S106169,6.02,6.87,0.79,2.54,14.49,6.4,89.86,1,68.95,1.98,4.26,2024-02-25
S106170,9.05,4.84,2.46,4.3,55.83,8.14,34.97,1,69.65,19.35,0.38,2024-02-19
S106171,4.59,6.47,1.02,4.73,60.24,6.52,87.82,4,45.58,1.72,7.42,2024-03-14
S106172,7.47,9.61,0.43,1.61,20.65,3.92,71.38,0,80.44,2.61,8.04,2024-03-19
S106173,4.43,8.59,3.51,4.78,40.04,5.72,65.51,1,52.39,2.12,1.33,2024-07-03
S106174,4.44,4.37,1.5,2.07,82.71,2.69,51.72,0,47.8,1.32,2.22,2024-03-09
S106175,7.22,4.58,2.2,4.74,31.85,6.28,98.1,1,69.26,1.78,5.42,2024-02-02
S106176,5.67,8.27,0.54,10.0,15.89,4.15,61.46,3,56.19,4.82,4.72,2024-03-28
S106177,5.18,7.51,0.01,3.36,49.01,2.73,60.11,4,55.27,2.67,1.92,2024-04-22
S106178,6.29,10.64,0.69,6.45,57.06,8.54,54.61,3,46.4,3.1,2.1,2024-02-24
S106179,9.8,4.35,6.68,2.49,24.51,7.17,47.52,0,79.03,1.26,3.47,2024-11-03
S106180,5.4,1.8,5.14,8.23,39.6,9.42,50.34,2,52.25,0.63,3.38,2024-04-21
S106181,5.78,6.63,0.8,4.95,39.85,4.42,39.96,2,61.75,1.54,8.96,2024-03-25
S106182,7.97,2.9,6.95,10.0,33.85,2.57,35.99,1,47.48,0.83,1.55,2024-03-14
S106183,5.47,5.42,0.18,5.48,22.42,1.0,65.38,2,59.56,2.33,0.46,2024-03-05
S106184,9.6,5.67,2.16,7.8,49.67,3.85,44.66,4,51.28,1.64,2.22,2024-02-14
S106185,4.47,6.72,0.37,6.66,41.81,9.19,52.0,1,51.58,2.16,0.29,2024-02-19
S106186,5.96,12.11,2.37,1.0,35.39,6.36,66.66,3,67.53,2.42,4.99,2024-03-27
S106187,7.63,8.43,1.96,6.9,27.54,6.67,57.78,2,68.94,1.83,4.31,2024-04-22
S106188,5.94,5.83,0.19,8.52,24.59,9.18,44.76,2,49.7,1.62,2.53,2024-03-13
S106189,5.57,4.82,1.48,3.77,43.58,8.8,77.96,2,53.34,1.04,5.07,2024-02-20
S106190,4.29,9.7,2.97,7.89,48.14,4.21,58.19,1,39.2,3.89,4.25,2024-02-26
S106191,6.07,6.36,2.72,9.07,17.72,6.38,100.0,2,48.81,4.25,10.23,2024-04-28
S106192,7.46,3.52,0.23,3.28,30.38,3.35,61.45,2,70.68,0.94,8.41,2024-02-23
S106193,5.89,7.62,1.99,4.63,33.62,10.0,47.96,2,61.56,3.53,3.21,2024-02-22
S106194,4.87,4.13,1.03,8.73,40.99,5.64,85.94,2,45.98,1.26,3.19,2024-04-04
S106195,8.12,8.06,3.15,9.39,5.49,2.16,67.43,1,60.05,5.13,8.95,2024-04-10
S106196,7.44,11.06,0.81,7.23,23.13,4.91,53.26,1,63.96,5.08,3.57,2024-03-29
S106197,7.07,3.99,1.42,8.72,69.37,2.09,56.66,0,32.43,1.37,0.15,2024-03-17
S106198,5.95,7.38,0.17,7.42,22.81,5.9,33.19,2,43.34,2.07,3.8,2024-04-12
S106199,5.06,5.66,0.32,4.18,17.08,3.79,45.72,2,69.0,1.59,0.19,2024-03-19
S106200,7.85,5.79,0.69,2.48,65.57,5.37,66.89,1,55.93,1.41,5.85,2024-04-15
S106201,6.34,9.33,3.76,9.12,55.0,5.5,64.93,0,38.87,2.01,2.25,2024-03-24
S106202,5.72,1.28,0.01,4.25,4.32,4.11,56.96,2,71.96,0.37,7.24,2024-03-05
S106203,5.99,4.75,1.22,4.33,69.42,6.54,48.29,0,43.35,19.0,5.11,2024-03-04
S106204,6.79,9.98,2.85,3.97,59.7,5.56,46.26,3,55.86,2.26,5.42,2024-02-14
S106205,7.43,5.07,1.93,4.21,11.4,5.32,62.31,3,72.76,1.28,0.5,2024-02-01
S106206,6.21,3.68,0.97,7.51,66.67,5.37,41.16,2,38.19,0.92,2.4,2024-04-29
S106207,5.71,5.58,0.56,6.33,59.5,4.63,69.52,1,45.69,2.41,20.0,2024-03-27
S106208,4.67,7.05,1.69,7.54,39.53,4.63,76.21,4,38.73,1.19,4.07,2024-04-08
S106209,5.85,7.58,0.38,4.67,42.47,6.59,61.34,2,56.08,2.93,2.13,2024-03-15
S106210,5.95,8.74,0.94,5.5,52.49,3.65,87.7,1,46.05,1.59,4.62,2024-04-18
S106211,6.69,10.16,0.56,2.91,33.89,7.63,61.42,1,72.54,2.33,7.05,2024-03-07
S106212,6.21,8.54,1.08,2.07,17.47,5.13,60.74,1,73.85,3.19,7.68,2024-03-17
S106213,5.49,7.93,3.38,3.61,40.48,2.96,24.07,4,53.71,3.97,1.79,2024-02-02
S106214,6.08,8.08,2.39,3.33,29.97,2.96,60.6,1,68.63,5.87,0.18,2024-02-18
S106215,7.1,4.02,1.52,1.0,8.2,6.2,54.5,2,77.52,1.06,5.11,2024-02-12
S106216,6.1,8.22,1.68,5.28,44.17,7.63,27.71,1,55.25,1.68,1.45,2024-04-20
S106217,5.99,10.07,0.59,5.85,73.02,3.17,91.63,2,38.83,2.85,6.34,2024-03-12
S106218,5.89,5.45,0.72,2.98,56.89,4.63,52.13,2,56.0,1.03,0.41,2024-03-24
S106219,5.77,8.15,0.39,3.11,32.34,5.14,86.02,2,63.98,2.25,1.63,2024-03-23
S106220,6.71,8.93,0.13,6.63,84.62,5.47,60.51,2,33.18,3.8,0.54,2024-02-21
S106221,7.09,6.9,0.83,5.3,18.42,4.48,77.12,2,68.15,1.93,2.52,2024-04-06
S106222,5.83,7.1,0.42,3.47,64.66,3.8,76.43,1,56.35,2.38,1.11,2024-03-28
S106223,5.97,4.13,0.92,5.12,58.03,5.69,39.19,0,59.03,0.67,2.08,2024-04-14
S106224,6.78,5.1,4.43,4.24,45.4,10.0,61.77,3,59.51,1.81,14.89,2024-04-18
S106225,7.29,7.94,0.28,5.39,59.86,3.61,42.23,2,57.64,4.98,2.18,2024-02-06
S106226,8.15,10.91,0.0,2.64,41.53,4.9,40.51,1,68.16,3.65,3.51,2024-05-02
S106227,4.39,4.18,0.66,4.75,22.58,3.32,66.38,3,65.03,3.05,0.4,2024-04-10
S106228,7.42,10.15,1.38,7.44,55.17,6.51,69.04,3,49.31,4.72,1.73,2024-02-02
S106229,5.57,6.18,0.12,3.5,22.91,5.72,54.54,0,67.39,1.7,1.46,2024-03-16
S106230,7.1,4.47,0.92,10.0,36.05,3.16,61.27,3,53.13,15.26,1.8,2024-03-02
S106231,7.51,1.16,0.35,6.28,45.65,7.45,37.93,1,58.18,0.33,11.16,2024-02-14
S106232,8.79,5.86,3.02,2.02,68.12,3.46,45.64,4,64.0,1.77,0.01,2024-02-29
S106233,5.55,7.74,2.69,3.77,35.31,3.61,36.28,1,57.1,2.63,0.26,2024-03-05
S106234,7.66,3.36,0.86,4.93,30.23,4.67,100.0,0,70.36,1.14,2.68,2024-02-19
S106235,3.0,6.37,1.5,6.35,70.55,10.0,54.94,0,30.67,6.52,7.46,2024-02-24
S106236,6.32,6.74,0.7,2.62,23.47,4.34,58.69,1,75.32,1.64,0.16,2024-04-16
S106237,3.2,7.96,1.02,6.95,89.83,9.83,73.53,1,19.51,2.09,5.8,2024-02-25
S106238,5.25,7.45,0.11,4.68,28.82,7.01,68.75,1,56.8,1.93,14.34,2024-03-30
S106239,4.69,6.78,0.41,8.41,52.66,6.14,63.75,0,38.24,1.33,7.55,2024-04-28
S106240,4.23,8.73,0.52,5.94,7.26,8.13,52.03,3,63.61,34.91,12.47,2024-02-13
S106241,6.21,7.8,1.09,3.81,13.35,4.31,70.54,1,70.46,7.25,4.09,2024-03-13
S106242,4.72,6.08,1.24,2.99,36.99,9.99,41.27,0,54.05,2.01,3.82,2024-04-18
S106243,4.64,5.76,0.38,5.56,53.99,4.09,70.73,2,44.33,4.05,16.64,2024-02-06
S106244,5.13,6.1,0.4,7.58,28.05,5.72,25.91,3,54.05,1.08,1.74,2024-06-04
S106245,5.51,1.04,0.03,6.77,39.09,6.56,66.2,0,42.61,0.28,2.6,2024-04-19
S106246,6.94,6.76,0.25,7.32,33.78,3.86,63.09,1,61.73,2.2,0.47,2024-04-29
S106247,5.61,4.51,1.02,5.71,70.79,7.93,42.95,1,43.92,2.29,2.61,2024-04-01
S106248,4.94,8.6,3.03,5.65,46.41,3.6,78.8,2,46.39,5.9,8.27,2024-05-02
S106249,3.87,6.87,0.7,5.59,69.44,7.37,88.44,4,43.75,2.29,3.76,2024-03-08
S106250,7.02,7.52,1.1,6.74,27.57,4.8,77.89,0,66.08,1.81,3.77,2024-12-03
S106251,6.62,4.75,0.56,6.0,56.93,7.07,52.05,1,46.77,1.88,1.48,2024-02-29
S106252,7.08,7.62,0.55,4.38,34.33,3.74,67.78,1,64.49,4.52,0.14,2024-02-04
S106253,5.3,6.49,2.87,5.43,70.56,5.81,70.86,1,38.29,1.62,3.51,2024-02-26
S106254,7.89,2.33,1.52,5.34,31.72,5.22,71.95,3,69.12,0.77,1.89,2024-04-06
S106255,6.99,2.11,0.21,6.67,29.5,4.2,62.3,3,57.48,0.49,10.95,2024-02-18
S106256,9.37,2.35,0.03,4.64,34.7,6.59,49.6,2,68.66,9.39,1.11,2024-04-18
S106257,5.72,7.22,0.44,9.37,64.63,3.52,64.48,2,36.01,2.88,0.16,2024-02-22
S106258,7.39,7.47,1.87,9.02,0.0,8.39,76.69,1,62.5,3.57,12.97,2024-02-14
S106259,8.47,6.62,0.45,8.31,65.67,6.78,79.17,2,49.29,3.63,4.78,2024-04-04
S106260,5.91,8.5,0.23,8.0,66.4,7.22,47.22,4,44.77,1.41,1.09,2024-02-24
S106261,6.2,8.46,1.92,4.63,36.24,4.65,63.58,0,62.13,1.98,2.26,2024-04-10
S106262,5.54,3.14,4.42,4.93,5.72,6.38,40.26,0,65.05,2.32,10.42,2024-02-13
S106263,5.86,4.45,0.02,3.65,64.74,4.73,32.43,4,51.98,17.81,2.02,2024-03-24
S106264,7.35,5.89,0.26,4.35,48.0,7.41,65.2,4,60.11,1.38,4.77,2024-02-21
S106265,6.52,7.89,1.36,7.03,17.77,8.27,53.05,1,71.89,2.84,0.52,2024-04-18
S106266,4.78,8.08,3.39,5.91,40.2,5.19,73.06,1,51.63,2.6,1.72,2024-02-10
S106267,9.65,4.69,1.64,4.02,61.34,2.5,59.07,2,67.33,1.83,1.36,2024-02-09
S106268,5.25,10.13,1.52,7.33,63.88,5.75,21.89,3,34.64,2.37,1.41,2024-02-23
S106269,7.85,7.7,0.15,6.88,81.9,2.47,75.42,4,40.7,1.26,2.08,2024-07-04
S106270,6.32,7.21,0.52,5.51,45.94,6.19,71.25,2,47.97,3.77,10.39,2024-02-23
S106271,7.19,6.55,2.51,6.74,53.63,4.64,54.89,5,48.6,2.1,1.94,2024-04-06
S106272,7.05,7.48,0.25,7.02,34.44,6.41,56.03,1,52.5,8.08,0.51,2024-02-26
S106273,7.37,1.88,1.58,2.86,39.42,5.57,90.95,1,64.88,0.56,7.06,2024-04-05
S106274,7.36,4.55,0.73,4.37,81.82,1.96,54.63,2,39.62,3.21,2.26,2024-05-03
S106275,8.65,4.76,0.89,5.73,75.8,8.24,29.13,2,51.43,19.03,12.63,2024-04-20
S106276,5.32,8.05,1.0,5.83,27.74,5.53,73.77,3,62.34,3.07,0.4,2024-02-27
S106277,4.45,7.93,3.79,5.15,43.33,8.48,39.87,0,48.42,2.08,1.92,2024-02-27
S106278,3.96,5.7,0.29,10.0,39.74,6.08,67.75,3,37.49,2.52,2.42,2024-04-28
S106279,3.44,14.0,0.38,5.64,45.78,8.43,47.98,2,48.51,2.43,4.42,2024-02-14
S106280,6.95,0.0,0.11,3.8,41.11,4.89,73.08,2,64.44,0.0,0.1,2024-03-29
S106281,3.84,4.59,1.27,8.99,53.53,7.31,50.09,2,36.45,2.23,6.7,2024-04-23
S106282,4.03,11.35,1.96,6.28,49.64,5.88,58.29,4,40.52,3.22,1.79,2024-02-21
S106283,6.59,8.5,2.51,2.47,62.55,5.26,55.17,4,54.73,2.22,15.44,2024-03-12
S106284,5.85,2.38,1.94,7.01,45.41,8.63,71.37,0,48.05,0.59,1.13,2024-02-06
S106285,6.37,8.58,0.92,4.69,55.79,4.1,76.82,5,57.75,2.21,1.27,2024-02-13
S106286,3.0,7.68,1.77,5.12,36.29,6.18,56.8,0,49.42,2.91,4.97,2024-05-03
S106287,4.47,9.7,1.53,8.9,77.61,8.84,45.0,0,29.79,1.94,13.31,2024-04-24
S106288,4.1,9.65,0.47,4.91,10.77,6.24,21.41,0,65.55,3.38,4.02,2024-03-04
S106289,6.19,6.54,2.44,4.83,50.95,6.47,73.46,0,46.53,26.17,4.06,2024-08-04
S106290,6.17,4.97,0.57,5.06,53.22,1.0,53.33,1,52.59,1.23,17.56,2024-04-10
S106291,6.77,5.51,2.28,8.48,50.15,10.0,43.83,1,49.21,3.16,0.48,2024-04-14
S106292,7.92,5.75,4.22,6.05,35.36,6.18,57.13,0,59.81,2.71,0.36,2024-03-11
S106293,10.0,3.48,1.28,5.29,49.41,5.59,79.84,1,61.64,0.36,4.28,2024-03-23
S106294,5.49,6.7,0.42,8.13,50.03,7.48,33.61,1,43.18,1.51,0.52,2024-04-27
S106295,7.19,6.16,0.11,7.0,34.79,2.99,54.73,2,54.14,10.42,0.42,2024-03-29
S106296,7.48,4.77,1.63,6.52,44.25,5.89,84.24,0,53.21,1.44,2.58,2024-04-25
S106297,6.08,0.0,0.07,6.79,29.25,6.25,74.62,3,56.33,0.0,12.99,2024-03-13
S106298,4.85,7.71,1.75,3.73,51.11,5.81,71.18,3,52.68,3.39,4.26,2024-03-20
S106299,7.43,4.23,0.19,9.77,63.28,7.37,62.03,1,42.52,0.91,0.68,2024-02-03
S106300,7.47,4.53,1.33,9.61,51.38,3.7,64.53,4,38.11,1.82,2.4,2024-04-02
S106301,7.0,8.9,0.41,4.73,55.34,3.61,39.5,0,58.96,4.55,3.86,2024-03-06
S106302,5.23,4.21,2.28,7.26,21.65,5.41,40.69,0,58.76,1.05,5.97,2024-02-27
S106303,3.14,8.98,4.68,7.67,33.72,10.0,43.78,1,48.13,1.15,6.5,2024-02-27
S106304,4.79,6.08,0.38,2.42,45.68,3.02,74.51,1,49.93,1.2,2.11,2024-11-03
S106305,7.91,1.71,2.49,3.61,22.81,7.95,67.2,6,73.0,0.41,3.62,2024-03-19
S106306,7.89,5.85,1.64,10.0,66.04,4.55,53.16,2,35.71,1.97,2.2,2024-04-17
S106307,4.83,4.79,0.5,5.95,39.77,7.9,50.2,3,49.13,0.79,0.38,2024-02-17
S106308,6.59,6.77,0.95,5.32,56.94,4.73,73.92,1,42.94,6.63,1.68,2024-02-05
S106309,8.04,5.73,0.51,2.46,14.83,5.75,60.19,2,80.23,2.09,5.09,2024-02-22
S106310,8.08,7.25,6.28,5.23,3.26,4.53,78.44,0,78.66,1.33,1.18,2024-04-07
S106311,4.95,8.23,1.63,5.44,32.28,4.49,63.83,0,51.78,2.0,16.42,2024-04-05
S106312,5.99,6.8,1.85,6.78,30.58,5.85,55.48,3,54.55,1.51,2.08,2024-03-12
S106313,6.15,9.37,0.93,8.13,72.42,3.67,51.41,0,35.07,37.49,0.3,2024-11-02
S106314,4.71,3.93,0.42,5.57,57.58,6.37,47.38,2,45.33,0.92,2.21,2024-04-01
S106315,8.66,6.34,0.17,4.56,87.95,6.31,54.86,0,49.84,1.64,0.58,2024-04-27
S106316,3.79,7.28,0.53,4.36,52.24,7.5,73.17,3,50.06,1.84,15.1,2024-04-20
S106317,6.82,7.27,0.71,6.92,92.71,3.31,52.82,1,36.12,2.01,6.3,2024-02-18
S106318,7.68,10.72,0.0,3.62,60.5,3.34,41.28,0,58.58,8.3,6.91,2024-03-23
S106319,6.88,5.76,0.2,6.38,76.55,5.38,63.82,2,40.71,1.38,0.15,2024-02-08
S106320,7.29,8.33,1.11,9.24,39.66,8.1,93.89,2,50.37,2.05,0.83,2024-02-04
S106321,3.13,6.19,0.03,4.5,33.5,3.33,65.21,1,51.07,24.76,1.87,2024-04-11
S106322,6.33,6.62,0.12,3.48,68.39,9.04,68.16,0,47.16,1.84,6.46,2024-03-18
S106323,6.68,3.3,3.38,5.68,38.82,8.1,63.0,4,55.55,1.26,4.03,2024-04-18
S106324,6.66,6.52,5.75,3.06,22.83,9.12,39.58,1,69.63,2.86,1.73,2024-03-29
S106325,4.43,4.99,1.16,6.33,28.32,3.86,58.59,0,50.17,2.15,2.78,2024-04-29
S106326,5.93,12.18,1.31,4.49,40.12,3.52,86.66,2,56.4,2.86,7.74,2024-04-29
S106327,5.12,5.01,0.42,8.5,1.75,5.48,55.1,1,61.8,2.29,8.47,2024-04-28
S106328,8.21,8.1,0.6,7.49,44.74,6.75,54.49,1,56.18,2.52,0.73,2024-03-19
S106329,5.35,10.27,2.02,2.97,31.26,7.26,57.42,1,68.97,2.9,3.76,2024-03-14
S106330,6.08,8.66,1.88,5.96,32.53,7.14,61.01,3,62.26,2.05,4.24,2024-03-24
S106331,6.02,4.57,0.68,6.49,44.42,4.18,59.83,0,47.77,1.35,0.38,2024-02-20
S106332,5.98,5.12,3.76,5.38,26.99,9.75,60.12,0,66.46,4.54,0.37,2024-04-22
S106333,8.64,6.505,1.02,4.76,49.82,8.59,58.88,3,58.61,12.37,5.53,2024-04-28
S106334,8.3,3.44,2.01,4.01,48.05,5.36,77.24,2,61.81,2.08,1.99,2024-04-16
S106335,6.8,6.63,2.88,7.31,54.42,7.54,79.29,2,44.69,13.71,2.22,2024-03-22
S106336,5.81,9.56,2.2,4.73,38.59,7.82,21.03,4,61.99,2.61,4.93,2024-03-06
S106337,5.66,2.28,1.29,2.95,71.72,5.48,36.96,1,43.87,0.35,9.94,2024-03-26
S106338,3.69,4.44,2.26,4.33,22.66,6.7,63.3,3,59.79,1.49,1.9,2024-02-18
S106339,6.38,4.04,0.26,3.44,47.55,4.92,43.82,4,58.3,0.77,5.92,2024-03-21
S106340,6.72,5.06,0.85,1.92,61.83,2.41,34.02,3,55.87,20.25,1.06,2024-03-09
S106341,6.04,7.94,1.59,7.45,51.1,3.73,62.76,0,46.79,2.45,2.13,2024-03-21
S106342,4.99,3.92,0.56,5.03,53.04,3.76,41.53,2,49.14,0.75,0.2,2024-03-22
S106343,7.94,4.8,0.37,3.2,44.42,4.93,39.46,2,72.14,0.92,9.46,2024-06-03
S106344,7.36,9.19,0.6,3.76,34.82,6.57,52.06,2,59.21,1.84,20.0,2024-04-01
S106345,6.51,8.96,0.06,3.36,59.93,4.16,100.0,1,57.3,1.41,5.08,2024-03-16
S106346,8.49,5.48,1.6,3.22,16.08,5.3,46.35,3,73.99,2.75,11.17,2024-06-04
S106347,6.65,4.04,2.48,7.51,37.81,4.9,62.32,3,48.56,0.96,1.78,2024-03-20
S106348,8.83,3.28,0.46,9.62,78.92,7.28,63.12,0,33.11,1.03,4.85,2024-02-28
S106349,6.04,7.22,1.72,4.03,56.17,8.25,48.77,3,50.49,1.26,0.22,2024-02-14
S106350,6.51,6.5,1.56,8.1,40.52,4.79,52.8,2,47.95,2.69,2.63,2024-04-14
S106351,5.47,8.15,2.44,7.33,3.13,4.43,60.6,2,64.92,1.6,6.63,2024-03-25
S106352,7.57,7.01,0.87,8.43,19.35,5.45,50.35,2,53.9,3.94,0.21,2024-04-20
S106353,5.63,7.27,0.41,5.23,44.45,4.58,56.6,2,54.63,1.75,0.78,2024-02-16
S106354,6.87,2.66,0.51,6.94,46.68,3.26,64.16,3,53.5,0.6,1.43,2024-08-02
S106355,6.49,8.12,2.1,4.93,0.0,3.3,58.25,5,68.96,3.59,8.41,2024-04-26
S106356,5.26,1.79,1.75,6.79,79.23,2.97,43.74,1,30.61,7.15,0.16,2024-02-06
S106357,9.38,10.22,3.8,5.4,67.6,8.69,37.5,3,52.5,3.74,2.07,2024-04-06
S106358,7.83,2.91,4.17,4.62,94.21,6.26,62.92,1,42.15,11.31,0.57,2024-03-01
S106359,5.98,5.49,0.27,5.71,47.77,1.35,76.12,3,52.31,1.37,0.02,2024-02-13
S106360,7.49,3.63,0.49,6.8,46.11,2.73,56.72,2,49.84,0.84,3.73,2024-03-21
S106361,6.8,9.62,1.76,8.14,55.31,7.27,60.78,1,38.82,4.77,4.09,2024-04-19
S106362,5.71,6.15,0.13,10.0,71.34,7.01,31.46,1,27.53,2.58,12.84,2024-02-15
S106363,8.87,8.1,3.56,8.42,11.0,6.09,67.69,2,63.64,4.29,3.54,2024-02-24
S106364,7.48,7.91,0.53,5.29,58.02,4.47,56.25,1,53.51,2.18,4.32,2024-04-24
S106365,7.17,3.81,0.7,5.41,29.01,4.2,49.41,1,61.94,2.41,3.64,2024-03-07
S106366,7.05,4.42,1.48,2.85,67.61,1.44,79.89,3,53.0,1.36,1.67,2024-03-14
S106367,7.26,3.41,3.88,3.25,25.52,7.02,65.02,3,70.99,2.45,0.58,2024-03-10
S106368,7.39,4.32,0.19,5.33,58.72,5.35,29.36,4,54.25,0.93,0.77,2024-03-06
S106369,6.68,8.13,1.57,7.09,52.43,5.37,60.64,2,42.53,5.5,9.28,2024-03-25
S106370,6.61,7.53,1.86,5.71,70.88,4.81,47.68,0,40.99,2.03,2.87,2024-03-11
S106371,6.51,8.0,1.25,4.89,14.28,8.5,70.32,1,68.59,2.35,5.77,2024-02-04
S106372,4.24,4.19,1.53,3.38,53.92,4.58,76.43,2,50.16,0.88,1.27,2024-02-21
S106373,6.09,3.91,0.34,2.74,52.25,4.18,66.91,0,58.08,0.93,11.38,2024-02-26
S106374,8.05,9.17,0.09,9.39,66.3,8.41,71.92,1,32.59,2.0,4.24,2024-06-02
S106375,8.48,7.22,0.56,1.59,42.24,8.45,65.91,1,68.31,1.67,10.98,2024-02-13
S106376,6.62,6.95,4.05,4.21,28.05,6.09,68.99,2,62.22,2.26,1.09,2024-02-17
S106377,5.24,6.05,0.1,4.13,59.82,6.6,55.4,1,49.05,4.56,0.87,2024-02-29
S106378,7.75,7.77,1.79,1.0,43.52,5.64,16.7,2,67.49,2.66,1.96,2024-04-01
S106379,5.22,9.31,0.49,7.78,41.61,6.33,45.41,0,40.82,5.07,12.13,2024-03-18
S106380,4.91,5.6,2.48,4.14,55.51,3.03,59.44,1,56.6,5.42,5.78,2024-04-17
S106381,4.4,5.03,1.92,6.23,37.8,5.33,62.22,2,47.49,3.83,6.72,2024-04-10
S106382,3.5,2.8,0.17,6.05,12.89,6.58,58.7,3,56.63,0.55,11.35,2024-03-30
S106383,8.96,5.68,0.63,7.34,15.86,3.91,77.94,4,71.82,1.17,1.19,2024-03-20
S106384,6.39,3.76,2.41,6.01,69.29,6.64,48.35,3,42.83,0.91,11.34,2024-03-12
S106385,3.0,2.45,0.05,6.27,59.06,9.02,59.08,4,35.14,0.74,3.37,2024-04-13
S106386,5.19,6.91,0.37,5.29,75.18,2.98,39.3,3,38.91,1.63,6.25,2024-10-02
S106387,3.95,6.95,0.24,6.13,29.5,1.89,56.55,2,54.75,2.12,8.72,2024-03-21
S106388,7.51,6.56,6.36,8.25,39.99,3.01,38.34,0,51.33,1.13,2.24,2024-04-06
S106389,5.4,2.44,1.65,2.11,61.99,5.34,29.22,0,54.32,0.55,0.92,2024-03-24
S106390,5.26,4.22,0.29,5.51,46.51,7.06,84.7,1,54.3,0.84,3.91,2024-04-20
S106391,7.19,5.13,1.94,5.29,51.61,8.04,40.64,4,52.22,1.91,0.28,2024-03-18
S106392,8.54,11.33,0.11,3.74,20.15,4.88,48.21,3,76.62,1.92,4.36,2024-03-29
S106393,5.22,7.63,0.35,4.19,69.48,6.98,25.01,4,50.25,1.39,6.18,2024-02-06
S106394,6.21,8.79,1.11,7.37,48.05,4.59,40.28,0,45.67,2.35,7.07,2024-02-03
S106395,4.92,6.27,0.37,4.21,35.2,6.71,58.6,3,53.1,2.02,2.2,2024-03-25
S106396,7.57,3.73,1.44,3.22,83.28,6.16,48.89,4,48.05,1.45,0.69,2024-02-01
S106397,6.62,11.38,2.02,9.26,48.62,5.59,61.48,1,44.24,6.37,0.63,2024-03-28
S106398,6.45,7.13,0.6,2.08,63.27,4.74,70.94,2,55.84,1.54,1.52,2024-03-14
S106399,5.14,7.24,0.51,7.22,45.4,3.49,17.08,5,40.55,1.23,8.01,2024-07-04
S106400,8.34,8.6,1.79,7.13,27.71,5.91,96.16,3,60.31,8.29,9.78,2024-04-03
S106401,5.86,6.0,3.7,5.58,55.49,2.42,49.63,0,49.28,2.33,1.49,2024-04-10
S106402,7.91,7.23,0.98,3.11,45.5,4.18,39.53,3,66.14,2.4,6.52,2024-03-19
S106403,7.98,3.19,2.99,5.17,39.49,5.4,61.82,1,57.1,0.92,2.13,2024-03-04
S106404,4.68,6.92,2.01,4.98,24.13,7.58,46.33,2,56.68,5.62,1.45,2024-02-22
S106405,6.0,3.19,0.3,9.8,58.86,7.53,46.46,3,35.69,0.98,5.71,2024-03-13
S106406,6.62,2.62,0.57,4.19,49.3,5.95,74.8,2,58.34,0.45,1.69,2024-02-16
S106407,4.77,7.39,0.67,5.74,71.86,6.72,61.47,0,43.7,1.68,0.81,2024-04-03
S106408,6.14,3.82,1.54,7.03,48.2,4.3,54.02,1,43.69,1.49,3.1,2024-04-05
S106409,6.72,5.07,3.22,7.13,24.99,3.78,68.26,0,58.04,3.0,4.08,2024-04-09
S106410,3.98,6.24,0.16,4.03,41.09,7.65,34.08,2,53.89,2.07,4.66,2024-08-04
S106411,5.85,6.01,1.17,8.82,40.14,3.55,90.07,2,48.59,3.24,1.94,2024-02-28
S106412,6.72,9.68,0.54,6.19,79.91,7.29,48.97,3,40.96,3.76,3.08,2024-04-22
S106413,5.63,6.13,0.0,4.12,31.83,9.19,78.48,0,63.66,1.35,4.52,2024-03-19
S106414,5.45,7.83,1.72,8.35,19.13,7.07,48.28,0,49.39,1.75,2.86,2024-02-05
S106415,4.32,8.33,3.83,8.73,59.04,10.0,43.67,1,34.44,2.71,1.44,2024-03-31
S106416,6.29,2.39,2.07,7.61,40.05,5.11,19.51,1,48.16,1.44,4.64,2024-02-27
S106417,6.55,2.67,0.04,10.0,57.84,3.85,81.7,3,37.23,1.17,3.11,2024-02-14
S106418,6.12,7.29,0.8,6.89,31.39,5.37,84.53,2,57.33,1.16,5.78,2024-03-26
S106419,8.16,4.99,1.84,6.95,28.43,5.06,46.52,1,56.39,3.17,8.3,2024-01-03
S106420,6.28,3.62,0.61,4.65,37.96,4.43,43.65,1,59.65,0.74,20.0,2024-03-29
S106421,5.69,8.32,0.22,6.7,49.56,8.37,96.41,0,45.14,2.87,12.28,2024-04-09
S106422,8.69,7.33,0.47,9.15,81.74,6.48,52.3,2,36.76,2.09,5.1,2024-04-13
S106423,7.25,5.31,0.13,3.74,77.31,6.85,94.5,2,51.05,2.38,3.46,2024-03-13
S106424,7.81,7.86,0.78,7.12,6.22,7.56,34.06,1,59.94,2.37,12.61,2024-03-21
S106425,8.08,0.0,0.5,6.54,29.57,3.65,73.18,0,64.3,0.0,13.45,2024-08-03
S106426,5.57,6.17,0.79,5.38,8.43,5.45,59.51,1,70.37,1.39,19.57,2024-02-17
S106427,4.94,8.79,2.55,6.77,4.51,7.21,37.98,1,62.94,1.74,5.64,2024-04-08
S106428,8.59,8.02,1.63,5.09,25.59,6.22,87.3,3,65.13,2.03,8.45,2024-02-29
S106429,3.64,6.43,1.83,7.12,26.75,3.24,42.18,0,50.68,3.27,1.27,2024-02-15
S106430,5.55,9.36,0.38,7.7,50.6,6.27,63.05,3,36.86,4.76,15.87,2024-06-02
S106431,8.51,7.88,4.04,5.45,14.59,7.51,48.27,0,72.85,1.43,1.49,2024-03-03
S106432,5.37,5.5,3.6,9.27,35.46,6.94,57.86,2,41.65,3.38,0.5,2024-04-28
S106433,7.33,6.88,2.13,4.34,45.8,4.53,51.1,4,55.88,2.97,3.94,2024-03-30
S106434,5.18,8.2,3.13,6.78,93.8,9.64,64.21,1,30.37,2.38,3.53,2024-03-20
S106435,9.6,7.61,0.17,3.94,44.96,2.19,34.06,0,64.92,4.48,0.57,2024-02-24
S106436,6.19,5.03,2.56,5.14,42.5,8.56,47.55,1,58.14,2.71,0.46,2024-11-02
S106437,7.43,0.0,0.23,7.48,39.68,3.68,58.68,1,49.61,0.0,2.31,2024-04-19
S106438,4.45,11.55,1.38,3.54,52.95,8.74,81.35,2,52.51,6.01,8.97,2024-10-03
S106439,7.33,5.54,1.82,9.61,82.24,6.84,57.3,3,30.1,2.71,3.58,2024-04-20
S106440,7.26,0.88,0.72,3.62,84.7,4.69,71.19,2,46.82,0.75,1.05,2024-04-26
S106441,5.67,3.77,2.09,3.57,45.67,3.24,41.27,2,52.97,15.07,0.93,2024-03-14
S106442,7.26,7.0,2.21,3.07,40.79,9.5,81.03,1,67.6,1.8,0.32,2024-03-29
S106443,6.01,1.58,0.71,5.33,40.9,2.25,59.23,2,59.31,0.99,0.32,2024-04-15
S106444,6.86,7.48,0.7,4.39,60.16,9.44,38.85,2,57.66,3.03,2.83,2024-03-04
S106445,5.6,5.93,2.41,9.39,70.75,8.03,35.89,4,20.69,1.87,0.87,2024-04-10
S106446,5.67,9.76,2.17,8.32,27.53,4.28,43.71,0,44.96,3.91,1.18,2024-02-24
S106447,4.59,4.26,0.24,1.68,36.56,6.23,44.92,2,66.43,2.04,5.52,2024-12-03
S106448,6.92,6.53,2.8,6.9,71.0,6.71,70.79,0,40.1,1.42,0.63,2024-02-22
S106449,6.02,9.99,0.26,6.44,64.76,9.18,51.4,4,35.72,2.71,2.72,2024-03-07
S106450,5.33,8.21,1.21,7.11,4.01,5.29,73.11,2,64.68,2.1,1.16,2024-02-13
S106451,8.6,5.21,3.38,6.74,74.15,8.28,46.11,0,49.56,2.22,5.05,2024-04-21
S106452,6.34,5.93,2.82,7.64,17.95,7.69,59.59,2,61.61,1.17,5.21,2024-02-16
S106453,6.11,6.505,0.89,6.85,54.49,3.76,72.79,2,48.85,1.49,1.3,2024-02-17
S106454,5.3,1.85,0.02,5.92,36.57,4.61,87.05,3,49.41,0.9,4.52,2024-04-10
S106455,7.61,7.53,0.99,8.52,40.53,5.56,42.75,2,61.62,1.55,3.53,2024-03-31
S106456,6.53,7.53,1.35,8.08,39.46,10.0,70.99,0,51.07,6.26,2.58,2024-04-11
S106457,5.16,4.58,0.9,3.98,35.61,3.67,58.06,0,61.53,0.76,3.32,2024-03-15
S106458,5.97,4.67,3.42,6.3,51.13,3.56,57.2,0,53.42,1.55,2.46,2024-03-22
S106459,7.12,6.72,1.76,6.48,61.73,6.17,71.28,2,48.0,5.41,2.94,2024-02-21
S106460,6.46,9.35,1.67,6.76,37.7,5.99,52.2,2,53.51,1.65,0.81,2024-03-27
S106461,7.94,4.71,2.18,3.78,29.27,5.98,39.04,4,71.95,18.84,1.38,2024-04-20
S106462,7.74,5.47,1.58,4.78,73.32,7.77,57.04,2,53.33,1.82,6.65,2024-03-21
S106463,9.37,5.1,0.41,3.45,79.56,1.95,48.66,1,62.27,1.16,0.6,2024-04-27
S106464,5.4,6.28,0.48,4.8,37.41,8.13,54.7,2,56.7,25.12,3.78,2024-03-06
S106465,6.25,7.81,1.82,7.29,39.75,4.94,52.91,2,53.3,2.44,0.63,2024-04-29
S106466,5.98,3.81,2.52,5.94,12.84,5.67,56.07,2,66.85,1.09,5.38,2024-04-10
S106467,5.98,1.0,0.85,3.46,62.77,1.33,59.65,4,55.53,0.28,3.41,2024-04-20
S106468,6.41,5.73,0.17,8.24,26.5,3.74,35.55,2,54.25,1.45,7.38,2024-02-26
S106469,5.83,9.85,0.79,8.15,55.65,4.33,56.86,1,42.11,3.6,0.79,2024-04-09
S106470,7.57,4.17,2.02,4.78,25.47,6.78,71.22,1,78.08,2.33,0.52,2024-04-08
S106471,4.61,8.14,2.89,4.04,49.33,9.1,44.49,2,52.09,1.96,8.35,2024-04-24
S106472,6.39,6.73,0.4,6.52,66.08,2.29,78.59,2,39.93,3.61,11.51,2024-03-31
S106473,7.19,3.64,1.78,9.28,42.41,3.82,75.42,1,51.88,0.78,3.64,2024-02-11
S106474,7.72,6.96,0.08,3.79,48.43,4.84,59.56,1,66.1,1.97,10.24,2024-04-20
S106475,6.3,4.62,0.71,6.13,64.89,4.66,37.03,2,40.11,1.22,0.87,2024-04-20
S106476,6.76,5.25,1.4,6.35,42.48,5.34,66.11,2,56.44,1.0,8.45,2024-02-17
S106477,6.4,5.57,0.67,6.21,58.86,7.35,52.47,2,48.98,9.33,8.47,2024-04-11
S106478,7.01,3.47,0.85,3.89,28.01,6.19,20.31,1,69.57,0.82,5.05,2024-04-09
S106479,6.08,5.91,0.26,10.0,32.79,4.76,26.38,1,41.7,1.34,12.32,2024-02-05
S106480,7.32,10.14,0.13,3.45,48.13,5.11,38.47,2,60.88,4.99,3.33,2024-02-16
S106481,8.2,7.31,1.18,8.9,40.78,7.9,50.25,2,44.76,2.57,2.08,2024-02-03
S106482,9.23,9.79,6.81,6.02,86.99,9.5,75.07,0,41.51,2.78,2.18,2024-03-05
S106483,5.87,3.77,2.78,5.53,63.58,4.37,66.08,2,48.76,1.11,0.93,2024-02-01
S106484,7.51,12.94,2.15,3.99,28.66,1.14,41.38,3,68.58,3.74,7.25,2024-04-10
S106485,6.72,7.81,3.78,2.88,0.0,2.02,61.69,1,86.12,2.26,3.08,2024-03-15
S106486,6.93,7.17,0.57,4.73,44.62,4.62,57.83,1,59.86,1.96,0.24,2024-04-17
S106487,5.72,4.84,2.86,10.0,54.25,4.97,91.53,2,29.88,1.31,1.9,2024-04-02
S106488,6.5,3.88,6.77,8.32,47.29,6.21,50.0,5,39.29,5.15,6.94,2024-03-10
S106489,7.12,6.52,0.13,6.44,74.52,3.69,55.64,0,42.29,1.47,0.36,2024-02-03
S106490,6.38,9.88,0.85,4.33,16.27,8.26,65.04,2,69.16,2.76,4.26,2024-03-08
S106491,5.79,7.11,3.21,6.1,66.23,6.5,63.77,2,34.28,28.43,3.35,2024-02-10
S106492,8.05,12.5,1.05,5.59,52.63,5.64,72.63,2,56.54,2.54,0.54,2024-02-09
S106493,6.52,5.53,0.06,4.86,2.99,6.55,95.66,1,64.75,1.78,2.04,2024-10-03
S106494,6.03,2.66,3.36,9.69,2.99,2.98,60.65,1,55.62,1.25,1.93,2024-02-16
S106495,6.37,5.18,2.88,6.46,69.56,5.03,70.34,2,50.08,3.58,1.91,2024-02-26
S106496,6.05,9.68,0.42,7.08,36.65,7.54,48.73,0,50.47,4.01,0.66,2024-03-15
S106497,5.31,9.42,0.86,7.08,34.18,9.89,68.3,3,48.18,2.47,7.17,2024-02-16
S106498,7.06,3.58,0.07,4.34,34.23,4.78,69.8,2,65.1,1.0,0.41,2024-03-17
S106499,6.02,4.37,1.36,4.73,65.18,5.75,62.77,1,44.1,1.22,10.18,2024-02-14
S106500,4.62,9.37,1.15,7.18,32.6,5.39,32.3,5,50.59,37.48,1.56,2024-04-26
S106501,7.74,1.86,1.4,1.0,23.5,1.05,33.26,1,77.02,1.51,8.38,2024-02-25
S106502,5.86,7.93,0.88,8.14,53.38,4.96,48.33,3,45.38,2.15,7.63,2024-04-11
S106503,4.33,4.01,0.47,6.3,51.34,8.53,73.29,0,46.2,1.71,0.04,2024-02-16
S106504,6.22,5.53,1.88,8.65,48.16,8.74,75.61,2,35.81,3.2,2.57,2024-02-18
S106505,5.34,5.07,1.09,4.56,26.27,4.35,74.97,3,64.78,2.36,1.56,2024-04-26
S106506,6.57,8.4,2.8,4.92,55.77,2.58,72.39,0,51.03,2.75,4.84,2024-02-10
S106507,4.67,9.68,0.83,3.95,26.52,4.76,58.0,2,55.15,2.93,0.26,2024-04-14
S106508,5.74,4.97,0.69,5.51,38.01,8.09,48.41,0,56.81,3.26,1.38,2024-03-29
S106509,4.04,9.31,0.25,4.82,59.73,9.33,63.05,0,31.29,3.15,0.32,2024-04-04
S106510,4.4,7.8,4.61,9.41,48.99,5.28,24.46,4,34.42,2.03,1.53,2024-02-21
S106511,6.42,3.96,4.67,5.21,50.68,8.41,54.16,1,47.74,0.85,2.18,2024-02-04
S106512,5.51,4.43,0.09,7.6,61.54,9.61,67.29,1,40.94,1.04,1.44,2024-04-15
S106513,8.39,7.17,8.0,9.02,40.96,3.02,73.45,0,46.8,28.69,4.47,2024-02-19
S106514,5.27,5.49,5.9,5.04,34.6,7.08,73.0,1,55.9,3.98,3.82,2024-03-18
S106515,6.52,5.34,6.02,6.95,13.99,6.11,75.32,2,61.23,0.86,2.37,2024-04-20
S106516,4.52,8.6,0.6,5.21,53.41,6.01,38.0,2,51.74,8.67,0.72,2024-03-13
S106517,8.34,7.31,0.54,6.58,36.42,5.01,23.86,1,62.0,3.26,1.41,2024-02-05
S106518,6.34,3.23,1.95,5.76,52.23,5.23,48.93,3,54.03,0.91,0.01,2024-04-11
S106519,4.17,9.3,1.56,5.81,24.28,3.18,86.22,3,61.41,2.41,3.34,2024-04-26
S106520,6.61,8.07,0.37,3.25,50.7,5.36,16.71,3,56.01,2.68,1.9,2024-04-04
S106521,5.61,7.58,0.52,6.84,36.74,7.94,64.72,2,49.19,3.69,3.35,2024-02-26
S106522,9.26,7.89,1.15,2.16,35.49,5.99,48.81,0,78.71,1.88,2.67,2024-04-27
S106523,7.8,2.87,2.37,3.45,53.42,1.0,79.79,0,56.79,1.09,2.22,2024-03-16
S106524,5.21,6.69,1.18,3.88,18.18,4.1,71.25,0,58.1,2.41,5.29,2024-02-23
S106525,7.28,4.32,0.57,5.51,48.58,8.45,49.46,5,50.36,1.29,3.22,2024-02-27
S106526,6.96,5.39,0.37,7.74,27.41,5.49,45.48,1,60.97,2.14,5.79,2024-03-08
S106527,5.81,10.66,0.28,7.26,18.3,2.7,72.83,2,51.23,4.83,4.47,2024-03-01
S106528,5.84,5.21,2.0,5.34,30.0,3.29,100.0,1,66.51,1.97,0.7,2024-04-14
S106529,5.94,10.17,1.31,5.57,79.61,7.93,91.59,1,35.69,11.71,0.45,2024-10-03
S106530,4.95,5.75,0.66,2.97,45.86,2.87,65.41,6,55.42,1.9,2.73,2024-03-17
S106531,6.7,6.3,1.62,6.56,77.15,2.89,73.01,0,37.84,1.94,11.6,2024-02-11
S106532,5.61,8.49,0.85,5.64,40.39,1.3,32.27,3,54.73,1.96,0.3,2024-02-15
S106533,6.17,7.78,3.07,6.4,22.19,2.81,74.39,3,62.26,3.68,0.27,2024-04-19
S106534,5.8,2.51,0.95,8.46,45.14,5.83,68.43,2,47.4,0.88,3.17,2024-04-03
S106535,5.3,7.46,0.94,6.06,41.9,4.22,68.2,1,52.09,7.76,18.21,2024-04-07
S106536,8.97,4.65,1.56,1.0,45.05,6.31,66.3,5,78.18,1.32,2.61,2024-03-28
S106537,6.71,5.6,0.05,7.6,82.18,6.02,49.75,2,31.63,1.83,5.41,2024-02-06
S106538,7.23,7.18,1.03,6.06,53.49,6.94,67.94,1,56.04,3.93,2.63,2024-03-18
S106539,10.0,5.01,1.09,8.27,36.16,4.57,37.25,3,62.28,1.52,2.51,2024-04-23
S106540,6.25,1.43,3.74,2.83,45.22,6.32,84.72,3,62.88,0.33,1.02,2024-02-18
S106541,5.33,6.29,4.69,5.25,62.46,6.67,37.43,1,44.35,4.2,3.88,2024-12-02
S106542,3.94,5.96,3.13,6.2,37.68,5.55,63.72,1,55.94,1.93,16.0,2024-03-28
S106543,4.33,4.74,0.72,6.94,43.88,1.64,72.57,3,42.14,18.96,2.77,2024-04-17
S106544,7.17,3.53,0.99,8.2,33.41,3.75,77.45,6,49.16,1.21,4.18,2024-04-17
S106545,4.39,6.03,0.17,1.0,43.21,3.66,34.13,3,60.17,3.03,9.03,2024-02-23
S106546,3.47,6.45,0.24,8.64,45.11,5.38,63.49,1,40.83,1.78,2.33,2024-04-01
S106547,6.35,5.44,3.79,5.8,22.4,6.73,65.66,2,53.41,1.73,2.66,2024-02-26
S106548,6.19,8.91,0.88,9.13,15.76,6.53,67.81,0,58.85,2.46,1.39,2024-04-14
S106549,8.63,5.94,3.12,7.68,48.39,2.28,55.62,2,51.07,2.52,1.46,2024-03-15
S106550,4.3,6.66,2.81,4.67,41.89,7.71,67.15,0,57.73,3.01,1.27,2024-04-09
S106551,7.72,2.82,6.98,7.91,40.91,5.53,65.26,1,56.09,3.3,2.93,2024-02-25
S106552,3.09,5.68,0.89,3.65,51.92,4.92,69.32,2,41.2,1.79,8.48,2024-04-02
S106553,8.07,12.06,0.49,5.91,23.88,5.93,30.6,1,68.96,3.11,2.74,2024-04-22
S106554,6.69,1.63,0.63,4.96,93.55,7.24,64.22,2,35.26,0.44,7.31,2024-02-23
S106555,4.99,8.47,2.33,6.82,15.64,8.22,72.82,0,62.83,2.91,9.12,2024-04-20
S106556,8.0,6.96,5.14,4.28,60.84,6.37,56.82,1,58.48,3.21,10.17,2024-03-06
S106557,6.54,6.09,8.0,5.7,34.98,8.93,57.57,1,61.0,4.73,2.38,2024-04-12
S106558,7.13,6.09,1.9,4.36,0.0,6.4,64.38,0,71.96,1.6,4.37,2024-02-06
S106559,6.36,6.65,1.0,5.62,25.09,9.36,51.9,1,62.64,2.82,0.79,2024-03-25
S106560,7.89,2.54,3.36,8.49,78.89,7.91,65.34,1,39.81,0.93,4.06,2024-04-27
S106561,7.22,10.21,0.69,6.52,56.31,5.95,52.23,2,49.69,4.93,0.12,2024-02-13
S106562,4.99,7.35,1.5,9.48,40.1,6.26,65.5,0,37.79,3.86,4.3,2024-04-03
S106563,5.09,9.69,1.29,7.24,41.32,2.95,95.91,0,47.87,2.45,1.65,2024-02-02
S106564,5.14,7.64,1.59,2.83,37.91,8.09,76.56,2,62.72,2.72,3.56,2024-03-11
S106565,7.39,6.505,0.94,7.17,28.91,6.31,23.41,0,65.35,3.63,0.39,2024-02-13
S106566,7.16,8.25,1.13,6.5,62.79,5.1,64.81,2,47.38,2.04,2.46,2024-02-03
S106567,6.7,7.02,0.13,4.69,28.03,9.9,62.4,1,66.26,4.28,4.22,2024-01-02
S106568,5.99,10.42,0.93,6.14,23.95,7.29,67.32,1,56.65,2.66,0.52,2024-03-22
S106569,5.51,7.29,1.87,2.89,63.98,6.19,36.3,2,39.46,2.52,1.62,2024-02-05
S106570,6.79,7.17,0.94,4.02,64.83,6.08,64.28,4,59.75,11.01,0.11,2024-04-21
S106571,7.46,4.81,0.67,6.77,56.18,2.76,53.03,2,50.99,0.92,0.34,2024-02-29
S106572,7.38,5.89,1.18,5.31,25.4,6.08,56.85,2,63.17,5.6,0.9,2024-03-15
S106573,8.57,9.48,1.06,6.64,63.28,5.74,33.43,0,50.51,2.33,10.09,2024-02-14
S106574,8.7,5.23,0.47,8.96,64.49,10.0,59.37,1,38.57,1.0,12.27,2024-02-28
S106575,5.81,8.51,0.68,5.65,23.19,4.28,51.47,3,60.51,3.5,1.09,2024-04-10
S106576,9.82,6.54,3.03,5.74,5.8,7.01,68.63,2,73.87,6.32,4.89,2024-02-12
S106577,8.4,2.72,0.82,4.63,33.82,1.79,68.0,0,64.04,0.6,5.27,2024-02-02
S106578,6.74,8.35,1.44,7.31,64.78,7.55,32.52,2,50.75,1.83,3.96,2024-03-22
S106579,6.83,6.49,1.1,1.11,48.91,4.21,74.42,4,65.69,1.89,3.64,2024-02-09
S106580,7.08,6.25,2.33,2.24,45.92,7.84,37.9,3,63.69,1.83,2.7,2024-03-26
S106581,5.61,9.11,3.64,5.06,62.74,8.55,48.0,2,52.29,1.91,0.88,2024-04-03
S106582,5.39,7.26,2.12,7.57,71.7,6.27,47.7,0,30.5,3.18,0.6,2024-04-21
S106583,6.39,3.82,1.13,5.03,36.51,4.06,44.95,4,60.7,1.1,1.84,2024-02-20
S106584,5.82,7.17,2.21,4.43,69.22,4.9,63.95,2,48.65,4.82,1.06,2024-02-11
S106585,3.0,4.8,1.09,4.42,0.0,2.18,67.55,1,71.98,0.8,6.5,2024-02-15
S106586,7.19,4.33,0.88,5.83,58.93,6.82,40.2,4,50.46,1.23,3.65,2024-04-27
S106587,3.69,10.53,1.58,9.08,12.16,9.13,84.25,0,48.04,4.25,4.97,2024-04-18
S106588,6.79,0.98,1.02,5.48,31.24,7.02,31.66,3,59.39,0.36,2.75,2024-02-06
S106589,5.84,5.29,5.94,6.33,69.62,2.59,81.8,3,49.92,1.6,0.48,2024-02-27
S106590,5.45,5.14,0.65,3.38,81.26,5.09,41.3,2,44.63,1.83,5.74,2024-02-28
S106591,7.38,8.43,2.76,6.73,43.1,5.35,51.16,2,56.26,2.02,3.76,2024-02-04
S106592,5.19,9.36,1.91,1.99,47.09,4.96,76.92,4,71.73,2.17,3.78,2024-03-12
S106593,4.98,4.62,0.45,6.61,60.24,7.54,80.6,2,33.09,1.5,1.32,2024-03-18
S106594,6.73,0.0,1.18,4.82,55.77,7.36,55.98,1,53.79,0.0,3.41,2024-03-30
S106595,6.62,11.1,5.19,6.44,34.56,8.03,58.01,3,57.95,1.97,9.35,2024-04-20
S106596,5.35,4.39,0.01,7.06,14.82,8.53,37.59,0,58.09,1.11,1.93,2024-03-26
S106597,5.26,5.79,0.73,1.95,44.1,5.52,65.72,1,57.51,1.65,3.5,2024-04-09
S106598,5.3,5.62,0.25,8.65,30.81,6.77,95.2,0,48.59,0.94,0.54,2024-02-12
S106599,6.77,5.57,2.68,5.31,38.27,7.01,77.92,3,54.78,22.28,1.9,2024-04-13
S106600,6.91,6.84,0.61,2.82,40.47,6.81,77.51,2,68.22,4.57,11.67,2024-04-02
S106601,7.44,4.07,8.0,7.15,53.55,5.43,69.42,4,53.08,1.16,1.26,2024-02-14
S106602,6.16,7.84,6.29,2.72,54.79,6.5,54.58,3,60.69,3.62,6.57,2024-03-20
S106603,5.06,8.42,0.92,7.74,43.8,8.7,44.67,3,45.55,2.29,9.56,2024-04-13
S106604,7.3,4.6,0.52,5.76,35.5,4.5,56.84,2,65.61,0.94,19.64,2024-04-16
S106605,9.95,4.36,1.13,5.53,40.55,7.47,57.76,1,65.42,1.3,2.22,2024-03-14
S106606,8.54,9.22,1.15,7.57,6.96,3.23,77.07,1,72.76,2.31,1.05,2024-02-27
S106607,4.9,10.0,1.66,8.74,44.18,9.15,52.35,1,41.14,4.97,2.99,2024-04-09
S106608,7.37,8.0,2.22,1.92,30.88,3.74,59.26,1,80.57,3.49,3.32,2024-03-06
S106609,6.14,8.55,0.04,10.0,44.88,5.16,90.95,0,40.82,2.86,6.96,2024-04-12
S106610,6.17,1.43,1.27,2.92,63.43,4.9,62.89,0,57.37,0.41,0.6,2024-03-13
S106611,5.95,7.12,0.08,3.07,35.67,10.0,41.39,2,62.5,2.37,2.21,2024-04-06
S106612,5.18,6.93,1.47,2.49,33.59,5.62,73.09,3,65.54,7.43,13.41,2024-03-17
S106613,4.22,6.31,1.05,3.25,41.11,8.53,69.95,0,56.06,1.94,15.98,2024-03-11
S106614,6.93,8.75,2.78,4.97,57.75,4.33,62.93,1,58.71,2.58,3.6,2024-04-17
S106615,4.91,9.12,2.72,4.93,31.64,3.03,64.44,0,56.11,2.53,3.23,2024-04-07
S106616,5.56,6.52,0.81,4.65,37.62,3.41,38.98,3,62.08,3.33,0.58,2024-03-11
S106617,5.78,5.95,2.01,3.89,26.78,7.94,82.57,1,61.94,1.71,12.45,2024-02-04
S106618,6.45,10.25,1.23,6.47,31.15,2.82,38.71,0,56.6,5.84,0.82,2024-09-03
S106619,5.71,5.38,1.63,7.65,75.07,5.1,41.03,4,33.88,1.19,0.15,2024-02-12
S106620,6.11,5.05,0.27,6.91,32.76,3.21,58.29,2,51.78,2.31,2.91,2024-03-11
S106621,5.73,8.83,0.04,6.56,72.18,4.7,52.33,0,36.54,4.64,4.25,2024-02-10
S106622,6.67,6.2,3.36,5.61,0.59,6.37,46.85,2,73.82,1.08,4.26,2024-02-11
S106623,6.81,10.85,4.32,7.39,80.88,5.43,39.4,1,40.57,2.32,6.8,2024-04-19
S106624,8.35,10.68,2.13,8.91,67.76,3.52,58.31,2,41.61,7.84,5.27,2024-03-08
S106625,7.1,9.01,2.04,2.84,49.58,1.39,62.19,4,60.31,3.69,0.92,2024-03-14
S106626,5.53,7.12,0.59,5.17,28.05,4.72,41.61,2,61.72,2.37,10.88,2024-03-31
S106627,7.1,6.9,3.48,4.78,73.9,7.68,51.28,1,47.7,1.43,0.93,2024-03-16
S106628,7.6,5.63,0.03,6.02,39.87,4.38,78.96,2,59.95,1.51,1.83,2024-11-03
S106629,5.54,11.99,4.97,2.88,69.03,7.64,37.02,1,47.81,14.41,3.56,2024-03-22
S106630,5.56,7.28,1.46,5.78,54.38,6.1,56.27,2,50.36,1.7,1.31,2024-02-28
S106631,3.21,7.73,0.49,4.16,41.3,10.0,50.57,3,51.37,4.33,1.2,2024-02-29
S106632,8.39,7.25,0.89,7.77,34.53,6.84,15.76,2,62.08,2.34,4.04,2024-02-27
S106633,6.53,6.65,2.19,7.09,29.0,5.6,37.22,2,51.96,6.38,18.26,2024-12-02
S106634,8.2,3.38,4.08,2.51,64.52,1.8,43.34,0,66.12,1.26,1.14,2024-12-02
S106635,4.21,7.77,0.75,3.6,51.91,1.0,66.77,1,48.19,1.45,3.8,2024-03-31
S106636,3.08,9.12,2.02,10.0,42.69,5.4,58.07,1,33.76,1.99,3.34,2024-04-11
S106637,6.76,3.85,1.61,5.64,33.56,5.12,30.2,4,60.58,1.14,0.06,2024-03-08
S106638,5.17,1.6,1.78,4.75,44.65,10.0,68.02,0,57.07,0.48,0.19,2024-03-21
S106639,6.57,5.29,0.05,4.61,49.82,5.15,93.62,2,52.07,1.32,11.54,2024-04-13
S106640,5.26,6.18,0.98,8.78,50.76,1.0,37.12,3,33.12,0.92,5.13,2024-10-03
S106641,7.47,7.97,0.87,8.03,55.57,6.64,83.42,2,52.64,2.45,0.69,2024-04-12
S106642,5.88,4.81,3.19,5.47,67.64,5.3,46.09,1,44.48,1.05,1.74,2024-03-14
S106643,6.11,7.53,1.39,8.25,56.04,5.34,39.24,3,37.75,2.41,3.34,2024-04-06
S106644,7.01,4.35,0.36,3.36,21.84,4.85,82.84,0,75.38,2.22,5.05,2024-04-05
S106645,5.72,1.75,0.06,6.16,7.52,3.3,18.97,2,67.96,1.07,0.54,2024-02-18
S106646,5.81,9.31,0.74,2.8,37.09,8.7,63.55,3,65.33,2.58,0.03,2024-04-29
S106647,8.07,6.49,3.64,8.13,64.4,2.23,78.4,2,37.49,2.35,4.19,2024-02-12
S106648,6.21,5.19,5.65,6.7,33.02,7.91,52.48,2,53.97,1.09,3.34,2024-02-29
S106649,6.65,6.505,2.39,1.0,18.79,6.2,41.19,0,75.29,1.85,5.75,2024-02-26
S106650,7.04,8.06,1.1,6.2,49.35,5.42,28.08,1,53.53,2.45,0.68,2024-04-13
S106651,6.5,3.17,0.02,7.63,50.26,2.25,66.61,2,45.92,0.54,2.74,2024-02-22
S106652,7.06,7.01,1.19,7.74,44.63,8.31,62.04,3,52.23,1.98,5.25,2024-04-22
S106653,8.99,9.51,0.96,5.85,39.28,5.04,61.16,0,66.86,11.62,9.57,2024-02-17
S106654,7.85,5.46,1.05,7.16,52.49,1.67,62.3,0,47.71,2.77,4.3,2024-04-28
S106655,4.41,8.39,1.22,10.0,18.62,8.2,28.49,1,51.9,3.48,5.93,2024-04-21
S106656,3.3,10.22,0.17,6.76,68.17,3.2,82.87,1,31.67,2.55,0.24,2024-04-17
S106657,5.14,12.29,2.3,7.36,25.01,7.79,90.91,1,61.03,3.09,0.12,2024-04-29
S106658,3.08,9.1,1.33,5.81,49.93,5.4,70.65,2,35.85,7.21,4.73,2024-03-21
S106659,3.0,4.22,0.56,9.41,26.89,3.62,73.66,2,38.97,1.05,2.33,2024-02-25
S106660,4.9,3.12,2.84,6.26,80.45,8.16,17.58,2,28.66,0.55,0.06,2024-03-13
S106661,5.01,6.03,1.64,1.0,30.77,5.27,59.7,2,67.72,2.75,1.95,2024-03-29
S106662,6.59,11.42,0.95,5.91,34.09,5.6,70.64,7,54.45,4.92,3.26,2024-03-24
S106663,6.97,6.12,2.17,8.39,48.58,4.52,71.18,2,47.14,1.62,8.08,2024-04-16
S106664,9.35,8.92,0.99,6.62,29.04,5.5,87.81,2,73.82,2.23,0.72,2024-03-08
S106665,5.36,7.97,3.54,4.4,58.98,5.82,62.87,3,51.97,2.39,9.81,2024-12-02
S106666,5.5,11.96,0.72,5.81,29.62,5.04,47.86,1,43.55,4.47,0.09,2024-02-04
S106667,6.65,6.61,0.56,4.85,62.95,7.2,75.7,1,56.45,6.95,2.03,2024-02-21
S106668,7.85,6.18,0.05,5.94,21.44,5.34,41.02,1,65.22,2.28,4.22,2024-03-31
S106669,5.98,5.02,0.65,2.66,80.2,5.97,60.97,4,49.69,2.03,0.6,2024-02-22
S106670,5.09,7.42,0.55,6.25,51.9,3.29,56.08,0,45.7,1.41,6.27,2024-03-23
S106671,3.0,7.77,3.73,7.83,44.32,1.52,41.09,3,27.23,31.08,13.26,2024-04-24
S106672,7.5,7.07,0.06,6.38,35.99,3.23,83.76,0,66.25,2.87,0.19,2024-05-04
S106673,6.01,8.35,4.14,1.71,40.34,3.69,42.4,1,70.95,2.22,0.13,2024-04-14
S106674,8.49,7.33,3.21,2.47,79.35,1.67,57.54,3,47.61,3.04,14.48,2024-02-22
S106675,8.85,5.57,0.48,4.44,39.1,7.24,62.8,1,71.42,4.2,0.94,2024-04-16
S106676,8.96,6.54,1.93,7.27,51.44,8.12,83.52,1,54.06,6.95,0.8,2024-02-29
S106677,6.97,5.91,1.1,4.38,68.87,3.8,49.71,4,43.74,1.66,1.26,2024-02-13
S106678,7.55,7.46,0.49,4.34,28.25,5.09,22.5,1,66.73,1.49,6.53,2024-03-19
S106679,4.47,6.91,3.8,7.81,48.67,4.14,37.18,3,46.23,0.97,0.15,2024-04-25
S106680,6.92,11.24,2.34,4.39,41.59,7.43,54.97,4,68.48,4.5,0.48,2024-02-26
S106681,5.83,6.505,0.63,4.41,60.96,6.27,76.9,0,50.64,5.38,6.43,2024-02-21
S106682,7.77,4.39,0.3,5.92,37.61,4.59,55.58,2,52.25,1.36,4.15,2024-03-24
S106683,5.58,6.06,1.11,4.54,30.16,6.27,48.96,1,57.43,1.34,3.57,2024-03-10
S106684,6.01,2.62,4.03,9.12,56.85,8.82,62.35,1,39.19,0.62,2.01,2024-03-01
S106685,5.18,6.15,5.75,7.05,42.28,5.6,25.29,3,58.8,2.49,0.46,2024-02-04
S106686,8.85,7.61,1.73,5.92,53.7,5.38,63.04,0,63.94,1.35,0.59,2024-02-27
S106687,6.48,5.44,3.36,1.0,35.02,7.38,56.04,3,66.61,2.88,0.86,2024-03-10
S106688,4.94,9.91,1.95,8.9,45.22,2.87,95.21,1,45.02,3.08,5.08,2024-02-29
S106689,5.78,7.02,2.22,10.0,17.37,9.5,25.0,0,52.72,2.71,0.24,2024-04-29
S106690,4.54,4.85,1.8,4.98,45.86,3.35,35.2,1,53.1,1.35,0.93,2024-03-19
S106691,7.99,8.68,0.48,5.27,35.72,4.42,44.47,4,59.13,3.34,2.56,2024-04-03
S106692,8.02,8.37,0.9,6.91,70.58,5.53,86.12,5,48.53,33.06,4.0,2024-02-28
S106693,6.54,6.28,0.2,7.84,45.44,6.78,52.25,1,42.69,1.34,0.68,2024-04-16
S106694,6.73,7.63,0.45,5.47,31.97,6.77,50.68,0,62.63,1.4,0.88,2024-11-02
S106695,4.31,4.43,0.03,6.77,64.26,7.55,88.01,0,33.76,0.75,0.93,2024-03-17
S106696,8.49,9.39,0.27,5.66,23.71,4.91,55.88,1,69.73,8.4,9.52,2024-04-03
S106697,6.25,2.72,0.27,5.42,41.32,5.03,53.93,1,54.64,0.59,4.75,2024-04-02
S106698,9.16,5.85,0.1,4.13,16.66,4.17,66.63,1,75.95,1.57,1.05,2024-04-28
S106699,5.52,3.66,3.07,5.7,60.89,6.63,53.41,2,50.41,1.8,12.41,2024-04-09
S106700,6.97,6.42,0.38,3.18,27.52,4.41,63.76,1,70.22,1.54,2.67,2024-03-04
S106701,7.53,2.25,0.43,5.83,20.41,3.09,26.21,2,76.65,0.48,3.5,2024-04-02
S106702,7.42,7.13,3.02,3.03,50.52,8.58,49.37,1,57.3,4.03,4.0,2024-04-06
S106703,6.16,6.53,2.93,8.7,20.42,7.68,67.64,0,56.51,2.66,4.47,2024-02-03
S106704,7.82,3.36,0.94,6.58,52.69,4.91,36.69,2,42.73,2.44,3.45,2024-04-11
S106705,6.86,7.42,1.09,4.73,85.73,1.91,74.65,1,45.31,2.26,2.03,2024-02-22
S106706,6.35,2.33,1.81,7.22,70.27,4.24,63.58,1,37.94,0.81,0.95,2024-02-18
S106707,4.88,5.2,0.33,5.25,74.31,3.64,30.1,4,36.47,1.66,2.56,2024-04-02
S106708,8.1,6.63,0.79,4.6,82.73,4.78,40.56,2,53.25,1.15,3.8,2024-03-26
S106709,6.36,6.505,0.58,7.64,84.38,3.61,92.88,1,32.3,3.1,3.11,2024-03-26
S106710,6.98,8.05,0.71,5.79,32.29,8.83,43.45,4,55.67,2.18,3.37,2024-04-25
S106711,6.23,3.17,0.75,5.33,46.36,7.1,56.66,0,59.06,1.73,0.39,2024-04-09
S106712,6.79,2.46,0.57,6.13,70.3,3.54,39.13,3,35.83,0.87,0.99,2024-02-19
S106713,5.81,10.01,0.0,6.21,55.33,4.71,53.35,2,39.51,4.46,4.33,2024-04-15
S106714,9.88,3.06,3.48,4.7,56.51,9.07,77.82,1,61.56,1.38,4.94,2024-04-02
S106715,8.83,10.66,0.52,6.1,31.65,9.58,49.46,2,63.48,2.32,1.15,2024-02-05
S106716,7.26,7.97,1.16,2.78,48.87,4.36,30.37,3,62.53,1.81,6.04,2024-03-23
S106717,6.71,8.67,0.71,7.08,51.16,9.97,55.5,1,51.19,1.67,3.55,2024-04-09
S106718,7.25,6.17,0.12,9.05,42.72,4.99,44.07,2,51.51,1.7,3.1,2024-04-01
S106719,5.14,4.23,0.94,7.21,52.09,10.0,57.07,0,33.75,1.21,7.63,2024-03-12
S106720,7.15,6.34,1.0,8.77,69.21,8.11,45.19,2,37.99,12.16,12.51,2024-02-25
S106721,6.19,6.62,0.02,1.6,53.11,6.72,52.06,1,61.21,1.11,3.75,2024-04-22
S106722,5.73,6.505,0.37,9.83,42.34,1.0,44.85,3,40.51,0.92,1.46,2024-04-09
S106723,5.37,3.64,0.22,3.81,85.48,1.61,69.04,2,40.84,5.88,1.01,2024-03-02
S106724,5.38,7.93,0.25,7.5,54.91,6.49,76.96,1,45.94,2.04,1.5,2024-04-28
S106725,6.98,4.86,0.72,7.17,30.46,4.93,31.42,7,65.55,2.03,1.88,2024-02-20
S106726,6.34,8.38,1.74,2.32,83.33,7.26,54.44,2,44.71,4.92,8.62,2024-02-07
S106727,5.22,7.46,1.2,5.09,67.95,5.19,78.21,1,36.86,1.16,1.81,2024-04-14
S106728,6.89,10.22,2.58,7.22,17.94,3.64,57.4,2,60.43,3.43,9.37,2024-03-22
S106729,6.51,8.82,0.28,3.38,34.5,5.25,62.22,0,59.09,2.16,7.81,2024-04-05
S106730,6.18,0.88,1.14,7.52,79.83,4.13,54.51,2,32.22,0.18,2.8,2024-04-29
S106731,8.32,7.5,1.54,6.78,18.05,5.67,90.37,0,73.5,4.5,1.23,2024-04-13
S106732,5.95,6.8,0.95,6.15,40.08,4.06,40.25,2,60.1,2.35,2.57,2024-02-02
S106733,4.47,12.61,0.28,9.33,32.87,9.33,67.82,3,44.41,4.25,13.43,2024-04-09
S106734,6.52,6.01,0.21,7.53,56.34,9.71,68.64,0,47.37,3.01,1.23,2024-03-14
S106735,4.94,5.84,0.06,9.13,38.23,4.15,16.51,2,41.77,1.99,3.39,2024-02-01
S106736,7.46,5.82,0.66,2.15,56.37,5.84,62.46,1,56.76,3.0,0.22,2024-03-27
S106737,7.1,6.22,2.25,10.0,52.62,6.91,60.85,2,36.06,2.36,1.49,2024-04-20
S106738,5.88,4.9,0.33,9.13,76.95,1.0,48.55,2,36.65,1.02,9.44,2024-04-08
S106739,7.0,10.97,0.86,1.99,60.5,5.66,46.5,1,60.15,3.0,5.56,2024-02-14
S106740,5.76,7.49,2.42,10.0,52.66,6.34,34.37,2,37.99,2.46,10.6,2024-02-08
S106741,5.68,7.92,0.41,5.59,36.3,4.86,74.17,3,60.53,2.94,2.05,2024-04-16
S106742,3.86,9.74,0.85,7.39,42.72,6.08,48.19,1,45.03,2.39,8.45,2024-03-30
S106743,3.43,3.23,3.6,5.42,50.63,5.2,74.23,0,44.76,1.02,4.46,2024-03-03
S106744,5.74,10.52,0.07,10.0,55.01,8.86,58.36,2,33.32,6.92,7.82,2024-03-04
S106745,8.73,5.79,1.77,4.35,38.73,6.64,67.13,1,66.37,1.38,11.21,2024-03-03
S106746,4.66,7.5,1.61,3.73,46.34,5.43,68.55,1,53.73,2.29,5.13,2024-04-15
S106747,6.19,5.2,1.29,7.19,48.68,4.14,64.93,4,41.1,2.09,8.23,2024-02-27
S106748,5.39,4.96,0.31,7.12,0.0,7.99,69.95,3,56.87,1.95,3.62,2024-03-11
S106749,7.01,5.4,1.09,5.06,62.13,4.65,65.31,1,61.08,2.03,2.19,2024-02-26
S106750,5.17,7.66,0.93,4.31,84.42,4.23,61.99,2,45.64,2.5,0.64,2024-03-16
S106751,6.15,7.73,3.68,6.77,29.23,7.1,67.64,1,54.2,3.04,0.03,2024-02-17
S106752,6.85,7.09,1.07,3.14,34.85,4.91,67.87,3,70.99,1.59,1.14,2024-02-01
S106753,5.6,6.505,0.12,5.85,0.0,6.74,82.17,2,72.14,2.86,1.84,2024-03-22
S106754,6.09,5.59,0.04,7.7,48.37,6.97,35.68,3,41.47,1.22,1.55,2024-07-02
S106755,6.01,3.2,0.88,8.05,42.8,4.62,47.04,5,42.62,1.52,9.14,2024-03-05
S106756,7.01,4.2,2.27,8.57,51.19,5.46,62.13,2,47.92,1.04,1.06,2024-02-09
S106757,7.16,5.64,0.96,5.4,70.25,6.92,90.44,1,47.64,3.17,5.27,2024-02-02
S106758,7.32,9.2,0.05,8.26,11.72,3.49,48.11,2,55.31,3.01,0.85,2024-03-22
S106759,6.89,8.49,0.39,3.56,0.0,7.68,72.18,4,82.9,2.47,8.77,2024-04-24
S106760,4.94,8.7,0.02,8.38,58.67,3.04,47.63,0,44.07,3.08,0.8,2024-03-23
S106761,5.73,8.06,3.69,7.03,76.42,3.95,91.03,1,34.14,2.92,13.6,2024-03-22
S106762,7.0,4.78,2.44,7.33,57.63,3.99,46.87,2,46.74,1.76,1.86,2024-02-04
S106763,6.36,5.28,0.47,4.2,40.04,5.52,54.82,3,63.86,1.31,7.56,2024-02-23
S106764,7.48,1.56,0.11,6.75,73.8,8.74,55.47,1,44.31,0.5,1.17,2024-03-21
S106765,4.57,6.85,0.66,5.17,77.41,3.99,79.82,1,44.24,15.74,4.36,2024-02-21
S106766,5.08,4.69,0.66,7.57,48.39,4.31,59.25,2,45.84,1.62,4.27,2024-04-12
S106767,5.15,7.1,1.81,6.77,46.12,5.81,73.84,2,52.48,1.57,4.04,2024-02-25
S106768,6.7,7.24,0.69,6.08,69.15,3.81,77.21,2,36.03,1.99,2.69,2024-03-19
S106769,5.43,4.95,2.78,7.87,52.11,6.33,72.99,3,42.73,1.72,11.06,2024-04-13
S106770,5.08,11.55,1.76,7.81,30.5,5.35,71.99,0,53.39,2.52,2.49,2024-02-28
S106771,6.76,5.73,0.74,5.09,70.46,6.56,41.79,2,50.17,1.46,4.32,2024-03-23
S106772,5.73,4.19,1.51,5.11,23.72,5.44,85.69,2,57.71,1.48,4.39,2024-04-14
S106773,4.82,9.66,1.35,5.09,53.16,2.37,30.63,2,48.04,4.57,4.13,2024-04-02
S106774,6.85,4.78,0.26,7.84,27.94,3.24,75.96,4,59.2,1.98,4.19,2024-04-15
S106775,6.14,10.98,1.54,5.66,54.41,8.59,63.85,0,51.47,10.08,1.1,2024-04-18
S106776,6.95,8.53,0.5,3.71,34.24,6.87,87.26,1,64.27,3.19,0.35,2024-04-14
S106777,7.06,3.31,1.56,6.96,90.33,7.2,41.96,3,32.7,13.24,12.97,2024-04-12
S106778,5.47,6.01,1.84,7.71,47.58,7.43,50.31,0,44.5,1.46,2.12,2024-04-20
S106779,5.89,9.09,1.26,4.76,84.64,7.88,66.41,1,40.79,6.44,2.98,2024-03-08
S106780,6.11,8.07,1.17,7.08,43.79,8.06,41.97,2,50.76,4.35,2.56,2024-03-17
S106781,7.2,8.8,3.31,7.56,26.41,5.36,48.39,1,63.11,2.98,2.31,2024-01-02
S106782,6.23,6.505,0.25,6.11,42.6,9.59,49.92,2,55.14,2.75,9.39,2024-03-01
S106783,7.69,7.9,1.25,2.94,73.48,7.95,64.28,0,52.09,2.05,1.43,2024-02-24
S106784,5.54,5.72,0.06,8.6,54.62,3.16,39.39,1,34.99,3.73,0.67,2024-04-23
S106785,6.28,5.84,1.12,7.47,54.97,3.43,44.32,1,43.57,1.37,0.31,2024-04-17
S106786,8.03,7.38,1.48,2.04,54.0,4.69,59.9,2,61.93,4.67,10.27,2024-02-11
S106787,4.4,8.41,0.15,3.78,52.45,5.14,61.52,6,49.94,4.82,3.95,2024-03-16
S106788,4.58,8.42,0.74,7.42,32.26,7.27,63.69,2,47.33,2.77,0.41,2024-04-20
S106789,7.21,4.66,0.6,5.65,56.81,8.08,29.44,1,54.79,2.7,3.23,2024-03-13
S106790,7.3,5.34,0.32,9.34,30.0,3.24,54.83,1,48.74,1.89,2.51,2024-03-15
S106791,7.6,12.37,4.87,4.44,49.32,5.36,28.66,2,60.21,3.54,13.23,2024-02-13
S106792,7.42,8.26,3.04,6.09,41.66,4.67,73.8,4,62.04,1.49,3.04,2024-04-25
S106793,7.67,5.84,0.31,5.51,72.13,10.0,74.87,0,36.17,1.18,13.27,2024-07-04
S106794,5.61,3.57,2.0,3.32,40.2,10.0,64.69,0,65.41,0.99,5.03,2024-03-23
S106795,6.31,6.92,1.34,2.88,23.78,5.94,59.52,3,70.35,3.0,4.87,2024-02-16
S106796,7.03,7.64,0.18,4.17,47.1,3.9,83.8,2,55.95,3.3,1.33,2024-02-13
S106797,4.66,5.81,1.38,3.05,38.09,4.48,42.59,2,57.81,1.08,0.46,2024-03-03
S106798,4.58,3.81,0.2,8.5,68.74,6.12,75.07,2,32.7,3.21,3.4,2024-02-09
S106799,5.49,10.12,0.61,4.63,11.74,3.62,28.76,3,69.16,3.25,2.46,2024-02-19
S106800,7.61,6.505,0.85,3.31,57.49,7.02,58.57,0,68.0,1.69,12.14,2024-02-12
S106801,7.3,7.47,3.44,6.83,26.52,5.53,41.3,4,58.95,1.31,0.89,2024-03-18
S106802,4.55,7.52,1.64,6.59,38.36,3.12,84.42,1,42.79,2.06,0.82,2024-02-07
S106803,5.52,5.34,2.42,8.48,44.03,5.73,41.95,0,44.95,2.57,0.77,2024-04-19
S106804,5.54,8.38,1.35,6.83,28.39,4.02,56.55,2,59.72,11.12,0.73,2024-02-13
S106805,6.37,4.92,0.24,3.72,81.28,1.93,79.23,4,43.97,1.29,1.5,2024-03-03
S106806,6.54,4.91,0.53,5.78,63.81,5.12,61.49,1,41.43,1.58,3.1,2024-03-29
S106807,6.28,11.11,2.14,6.07,46.0,3.91,26.91,1,40.03,6.06,8.0,2024-03-19
S106808,5.04,6.88,0.57,6.53,27.8,4.81,65.04,1,58.07,4.02,11.9,2024-03-24
S106809,7.74,7.39,0.48,10.0,27.16,6.64,60.17,2,53.15,29.55,7.43,2024-02-07
S106810,7.66,4.61,2.32,5.73,25.12,7.08,77.82,2,69.35,1.87,1.08,2024-03-21
S106811,4.87,8.41,5.87,10.0,61.93,7.58,42.08,3,33.47,3.5,2.54,2024-04-18
S106812,6.04,7.65,0.24,4.56,46.01,7.27,48.13,2,60.67,2.79,0.58,2024-04-05
S106813,7.7,6.77,0.36,5.81,32.32,4.78,53.86,1,63.9,1.74,4.35,2024-03-21
S106814,6.74,8.33,2.62,3.85,61.93,7.51,88.55,1,63.41,2.57,0.1,2024-03-28
S106815,6.9,7.59,2.09,5.17,70.27,1.85,63.37,2,34.64,2.5,1.82,2024-04-20
S106816,5.68,3.69,0.67,5.3,38.56,6.87,37.57,0,55.42,14.75,4.1,2024-04-27
S106817,8.18,6.33,0.48,9.06,7.44,6.33,67.5,1,60.42,5.88,5.6,2024-04-05
S106818,4.83,5.04,2.47,4.79,26.9,2.8,92.39,0,54.71,1.38,12.26,2024-04-16
S106819,7.5,4.04,1.2,6.87,52.66,5.14,95.16,1,57.42,2.17,5.65,2024-04-14
S106820,8.64,7.94,2.02,1.14,27.91,4.93,56.77,3,74.89,2.61,1.47,2024-02-29
S106821,5.28,1.03,1.15,6.52,43.3,4.5,70.27,1,44.05,0.41,4.09,2024-02-05
S106822,8.07,7.44,2.66,1.38,58.5,5.16,28.94,5,70.15,3.07,5.42,2024-04-18
S106823,7.4,5.91,1.2,3.57,51.04,6.82,71.91,1,63.95,1.6,5.91,2024-10-04
S106824,5.43,9.91,0.63,8.83,60.63,5.08,53.55,5,42.78,3.88,0.42,2024-02-03
S106825,6.5,8.61,3.34,4.17,46.09,9.16,73.24,1,54.1,10.78,5.83,2024-02-26
S106826,8.18,8.36,1.71,8.39,31.63,7.92,58.23,0,56.3,2.93,0.52,2024-02-29
S106827,5.7,7.69,0.11,4.98,25.96,3.44,54.84,3,69.4,1.56,4.14,2024-04-14
S106828,5.7,2.14,0.37,7.71,44.59,6.66,55.04,1,49.11,2.1,5.65,2024-02-20
S106829,3.0,5.28,0.25,3.95,40.0,4.34,64.03,1,49.53,7.79,8.71,2024-02-25
S106830,4.07,3.89,2.73,4.0,73.38,6.71,61.21,1,45.78,0.98,0.12,2024-03-02
S106831,5.78,6.77,4.24,6.86,39.61,6.1,61.19,0,53.68,2.43,8.67,2024-02-06
S106832,6.11,7.25,1.12,5.24,19.43,2.55,24.52,0,68.87,2.92,2.7,2024-02-18
S106833,7.08,5.57,0.16,1.37,77.78,2.61,53.84,4,57.15,2.61,7.71,2024-04-17
S106834,7.45,4.83,0.75,6.37,26.5,6.22,69.19,0,53.12,1.55,2.37,2024-03-01
S106835,8.91,6.73,1.05,5.48,56.79,5.79,42.11,3,54.84,5.13,0.95,2024-04-20
S106836,7.23,5.61,5.22,8.48,36.66,6.08,65.23,4,53.77,4.19,2.67,2024-03-16
S106837,10.0,5.29,0.72,7.32,44.67,4.73,42.73,2,61.19,2.26,4.77,2024-04-24
S106838,7.31,12.05,0.66,6.84,66.84,3.27,49.4,0,46.26,3.87,10.79,2024-03-15
S106839,8.11,5.4,2.63,3.92,36.23,2.02,60.44,3,71.82,4.02,3.34,2024-04-20
S106840,5.23,4.83,0.76,4.3,73.81,6.95,78.49,1,44.03,1.32,3.36,2024-03-30
S106841,6.91,6.52,0.29,5.69,37.78,3.42,64.62,0,59.87,1.96,1.1,2024-03-05
S106842,7.6,6.44,0.13,8.67,36.9,1.87,32.01,4,48.33,1.51,5.72,2024-03-02
S106843,7.59,8.66,2.31,4.56,19.67,8.34,62.5,0,68.74,4.13,1.08,2024-02-28
S106844,5.72,11.32,0.2,5.62,42.32,7.52,44.72,3,52.13,45.28,2.96,2024-04-12
S106845,6.26,3.55,0.59,5.33,3.29,10.0,88.5,2,75.11,0.75,0.88,2024-03-03
S106846,4.63,10.96,0.31,7.17,38.94,10.0,63.48,0,43.45,3.0,2.95,2024-02-12
S106847,6.77,7.52,0.63,10.0,8.0,7.68,79.3,1,58.76,3.11,3.95,2024-10-03
S106848,4.91,5.21,2.32,10.0,49.57,1.23,57.12,2,29.35,2.14,6.3,2024-04-27
S106849,7.61,4.45,0.34,4.67,58.01,2.84,69.34,1,61.07,1.06,6.16,2024-02-19
S106850,6.65,9.98,0.95,4.79,86.3,9.24,46.61,2,40.74,3.32,3.31,2024-03-27
S106851,7.26,2.94,0.07,3.35,29.44,5.29,52.22,5,64.68,1.63,4.55,2024-04-15
S106852,7.11,4.66,2.31,4.79,72.75,3.35,80.48,1,49.03,1.93,11.18,2024-04-03
S106853,6.92,9.85,0.13,8.69,59.41,3.81,75.52,1,42.67,13.16,4.38,2024-04-20
S106854,7.41,0.98,3.51,7.56,69.07,5.42,54.71,2,41.05,0.24,1.41,2024-02-29
S106855,6.41,4.64,2.49,3.59,24.76,5.34,55.46,1,61.07,1.41,8.67,2024-04-03
S106856,4.15,9.63,0.15,3.78,28.72,8.01,40.12,1,56.84,2.54,3.71,2024-04-23
S106857,8.02,6.505,0.18,6.82,50.22,6.12,66.91,2,59.03,1.28,0.13,2024-04-29
S106858,5.33,5.6,3.69,4.42,52.25,7.35,78.58,3,56.2,1.42,20.0,2024-04-09
S106859,7.54,8.28,0.07,3.94,52.02,10.0,37.29,5,60.0,12.38,0.87,2024-04-28
S106860,7.04,1.84,1.57,5.42,100.0,4.09,46.51,2,33.75,0.32,1.16,2024-02-14
S106861,6.83,3.66,0.25,4.02,28.5,6.6,52.08,1,57.72,1.46,6.09,2024-04-29
S106862,6.53,7.88,0.04,4.99,37.79,1.0,40.37,2,59.31,3.41,5.23,2024-03-03
S106863,6.69,5.04,6.82,4.93,34.81,4.8,26.74,1,54.92,1.08,2.03,2024-02-05
S106864,6.59,1.66,0.97,5.25,22.5,6.09,56.1,1,59.24,0.75,4.93,2024-04-16
S106865,6.34,12.16,1.17,5.7,35.22,1.67,41.84,1,48.38,6.68,4.89,2024-03-24
S106866,6.15,6.23,3.76,5.47,59.8,4.2,39.58,2,48.02,1.07,8.72,2024-02-28
S106867,6.71,8.32,5.09,4.6,27.6,2.43,30.21,1,70.88,2.84,14.19,2024-04-08
S106868,7.12,7.63,0.82,3.69,12.3,5.46,79.51,0,81.13,1.22,0.5,2024-03-17
S106869,5.74,6.55,1.68,6.39,33.78,8.0,52.64,1,52.48,11.57,1.13,2024-04-21
S106870,6.64,4.92,0.85,4.28,43.1,6.03,53.56,2,59.88,1.22,1.03,2024-12-03
S106871,4.52,6.31,1.99,8.04,61.06,9.13,72.28,2,36.67,1.85,6.8,2024-02-23
S106872,5.22,1.46,1.49,9.5,64.98,8.04,50.29,0,28.96,0.32,5.2,2024-02-03
S106873,4.0,4.28,3.1,5.55,40.94,5.43,63.64,2,51.92,0.69,0.54,2024-03-26
S106874,5.95,8.85,0.82,6.24,56.67,4.6,40.42,2,45.42,1.68,1.06,2024-04-26
S106875,6.81,5.85,1.51,6.55,62.83,1.62,87.22,3,45.03,1.25,3.01,2024-03-22
S106876,7.24,5.35,3.12,6.96,66.91,7.91,66.56,0,46.4,2.24,2.67,2024-03-01
S106877,4.51,6.67,5.91,7.98,39.74,1.21,39.06,1,44.04,4.39,20.0,2024-03-24
S106878,7.39,6.505,0.08,4.46,45.76,5.5,62.78,3,57.14,1.31,3.99,2024-03-03
S106879,4.94,8.51,1.38,8.29,40.85,5.65,82.28,0,44.87,2.82,0.61,2024-11-04
S106880,5.76,6.14,0.73,3.58,31.64,2.38,49.73,1,62.67,4.28,7.93,2024-03-02
S106881,5.64,4.84,0.55,3.41,37.32,4.45,65.08,1,66.96,2.25,0.78,2024-04-11
S106882,8.4,3.72,2.02,1.79,38.73,3.37,74.99,4,72.76,0.8,1.55,2024-03-26
S106883,6.53,5.28,0.5,6.85,47.22,3.18,58.9,3,46.68,2.82,2.03,2024-02-06
S106884,9.09,2.65,0.99,7.0,68.23,5.38,36.93,1,50.08,1.23,9.92,2024-02-19
S106885,7.62,6.97,0.47,7.19,54.11,2.39,62.44,2,52.61,2.4,0.32,2024-02-18
S106886,5.97,5.15,1.59,9.93,100.0,4.33,100.0,1,18.34,2.34,2.3,2024-02-10
S106887,6.84,7.73,1.71,9.83,57.41,5.49,31.67,2,36.48,1.23,0.79,2024-04-25
S106888,8.12,5.95,0.24,5.83,69.95,4.37,67.75,2,52.61,3.16,4.55,2024-04-28
S106889,5.16,4.92,2.44,4.68,45.74,8.02,74.74,3,57.74,1.3,2.12,2024-04-07
S106890,5.67,4.64,4.57,7.32,18.52,10.0,63.92,3,62.53,3.61,0.65,2024-02-14
S106891,6.26,7.7,8.0,8.25,51.66,6.14,23.36,1,45.76,2.23,8.79,2024-11-02
S106892,5.89,4.26,4.83,4.78,43.54,6.28,57.7,2,54.0,3.64,1.61,2024-02-13
S106893,5.97,6.36,1.31,7.12,38.76,6.21,81.26,1,49.7,4.16,6.64,2024-02-09
S106894,8.58,10.16,2.56,3.11,48.03,7.49,80.99,1,70.12,4.45,0.35,2024-02-10
S106895,6.52,9.63,2.06,7.41,36.46,2.61,80.86,4,54.49,1.43,4.23,2024-03-25
S106896,5.89,6.67,3.12,1.26,36.62,1.44,72.49,2,74.19,5.45,1.37,2024-10-03
S106897,5.8,7.15,2.19,3.97,59.29,4.79,72.39,2,54.41,1.99,5.08,2024-04-09
S106898,4.52,6.505,1.73,5.4,66.2,7.43,49.91,5,41.46,1.96,4.68,2024-04-16
S106899,7.39,7.79,1.34,6.93,21.89,10.0,71.03,2,61.77,1.94,13.94,2024-03-31
S106900,5.48,6.505,0.91,1.94,51.05,4.15,86.72,1,64.81,1.68,1.19,2024-03-03
S106901,10.0,4.55,0.44,6.5,57.59,5.85,75.84,1,50.08,1.47,1.49,2024-12-02
S106902,6.93,2.55,1.45,5.46,39.1,6.46,55.44,3,55.27,1.29,1.29,2024-02-28
S106903,5.54,9.62,5.89,8.78,27.19,9.2,56.6,2,48.26,3.86,0.57,2024-02-11
S106904,4.7,9.44,1.91,10.0,33.85,7.11,77.28,1,35.82,2.1,9.53,2024-02-17
S106905,5.69,10.41,5.34,6.24,56.15,7.59,52.36,1,48.05,41.64,3.81,2024-02-24
S106906,6.85,6.35,1.66,5.69,32.96,4.24,79.01,1,57.36,3.22,3.02,2024-02-27
S106907,5.53,8.67,3.48,3.82,30.4,2.27,64.83,1,64.95,4.39,14.15,2024-04-20
S106908,7.15,9.1,1.75,2.85,46.03,6.81,25.01,1,68.09,2.79,3.14,2024-04-04
S106909,7.23,8.17,2.51,5.25,69.15,1.0,55.9,0,48.0,2.83,5.51,2024-03-26
S106910,7.06,10.14,0.22,3.02,44.86,8.45,67.14,3,61.73,2.38,11.84,2024-02-06
S106911,6.99,7.11,0.06,5.07,13.09,3.97,69.33,3,76.3,1.53,3.57,2024-04-06
S106912,6.33,4.81,0.55,4.12,47.08,5.24,13.14,2,56.55,2.14,0.52,2024-03-16
S106913,5.44,11.05,0.6,8.07,52.12,4.32,49.32,1,40.32,4.88,7.45,2024-02-03
S106914,4.67,3.56,0.17,5.79,34.16,2.54,68.68,1,48.01,1.6,0.43,2024-03-29
S106915,4.17,8.29,0.45,4.83,31.98,4.52,56.66,1,59.04,5.39,11.72,2024-03-08
S106916,5.71,5.65,1.87,5.81,32.81,6.0,23.37,1,52.99,2.5,2.37,2024-03-08
S106917,7.2,9.04,1.14,6.58,52.78,6.79,69.59,2,48.74,5.37,4.67,2024-04-16
S106918,6.3,4.57,0.4,4.58,55.35,8.93,65.51,2,54.19,2.38,7.53,2024-04-23
S106919,4.93,6.05,1.9,5.26,76.25,3.49,25.8,2,43.48,2.29,0.72,2024-03-29
S106920,7.51,4.68,0.67,4.97,33.32,8.0,65.03,1,68.99,2.6,1.61,2024-04-21
S106921,5.01,9.12,0.25,7.95,32.94,5.7,70.69,2,47.13,1.65,4.43,2024-04-03
S106922,4.75,4.98,2.0,5.51,25.07,5.01,72.27,5,55.54,3.44,6.64,2024-02-27
S106923,5.0,3.21,0.44,9.73,60.18,5.94,77.87,3,32.42,0.83,2.27,2024-04-19
S106924,5.42,4.07,1.99,9.99,52.78,4.59,63.79,0,39.72,16.27,7.36,2024-03-07
S106925,6.19,6.18,0.31,5.18,73.42,4.2,64.39,3,38.17,4.12,20.0,2024-03-16
S106926,4.65,6.33,0.33,5.68,21.82,6.57,67.94,0,57.71,2.03,5.44,2024-04-18
S106927,4.16,3.75,0.04,4.92,56.69,1.42,77.99,1,43.53,15.0,2.32,2024-04-11
S106928,6.87,10.62,4.71,6.46,55.01,5.77,26.03,2,46.39,6.0,2.49,2024-02-08
S106929,6.64,1.82,2.8,7.63,30.17,5.01,100.0,2,54.87,0.46,5.17,2024-02-28
S106930,6.92,5.73,0.28,7.07,34.14,5.74,67.53,0,58.93,0.77,11.89,2024-02-16
S106931,7.29,4.78,0.12,5.84,44.65,2.94,48.06,1,52.64,19.1,1.98,2024-03-20
S106932,6.36,5.13,1.01,8.3,75.22,5.48,20.85,4,32.2,3.6,1.4,2024-03-05
S106933,8.65,6.04,1.55,3.96,65.98,3.14,37.2,3,59.54,5.5,0.29,2024-03-12
S106934,6.02,3.03,0.1,7.43,40.77,6.41,35.5,2,49.61,0.76,1.36,2024-04-11
S106935,6.21,4.15,0.95,9.03,54.83,8.36,45.54,0,46.09,2.67,1.03,2024-03-19
S106936,8.02,5.18,1.54,5.68,61.46,8.62,47.55,1,61.97,1.27,3.15,2024-03-22
S106937,6.81,3.81,3.22,3.9,29.89,3.28,51.02,3,71.51,2.19,4.74,2024-03-01
S106938,6.08,7.62,1.47,2.14,37.56,4.5,45.54,3,69.55,1.85,3.86,2024-03-23
S106939,6.28,3.99,1.19,5.01,41.9,4.83,77.82,2,57.27,15.96,0.28,2024-04-27
S106940,4.74,9.7,0.36,4.46,78.55,2.64,83.97,1,38.63,3.53,4.77,2024-02-24
S106941,7.17,3.24,0.8,7.08,22.66,3.56,71.56,2,58.35,0.68,6.03,2024-03-22
S106942,6.0,10.57,0.83,5.51,38.65,6.96,51.85,3,51.52,2.41,2.66,2024-04-14
S106943,6.88,5.65,0.38,7.39,52.2,4.41,70.53,4,41.54,1.6,5.04,2024-04-25
S106944,8.05,11.73,0.37,5.98,49.13,2.96,86.36,0,53.89,3.99,5.46,2024-02-26
S106945,7.32,6.99,0.28,7.46,30.65,8.49,61.53,1,65.72,1.53,1.47,2024-04-08
S106946,6.64,6.75,0.36,5.34,18.73,7.89,88.76,2,59.89,5.67,0.06,2024-03-08
S106947,6.81,8.03,0.07,3.76,30.76,1.94,63.31,2,72.7,2.47,1.27,2024-03-25
S106948,6.47,0.0,1.64,5.18,53.8,3.67,45.89,3,55.24,0.0,0.26,2024-02-13
S106949,8.53,3.58,3.28,6.38,45.65,7.96,54.11,1,63.9,0.74,1.2,2024-02-03
S106950,3.79,6.505,0.52,6.58,51.98,6.53,64.44,2,41.74,0.88,1.48,2024-03-14
S106951,5.7,2.95,0.78,7.31,45.68,4.35,55.27,1,38.39,0.74,1.3,2024-04-20
S106952,5.22,8.21,1.58,3.52,21.3,4.08,71.98,2,73.01,2.58,13.74,2024-03-26
S106953,6.85,13.43,0.33,9.82,23.96,6.89,8.84,2,46.77,2.34,0.39,2024-03-19
S106954,6.05,0.0,3.91,5.9,84.6,2.89,24.12,0,39.4,0.0,3.46,2024-04-26
S106955,6.43,4.15,0.12,5.97,41.67,7.37,24.9,1,55.68,5.53,3.55,2024-02-11
S106956,8.84,6.86,2.6,5.19,46.71,9.4,56.64,2,58.39,2.23,1.44,2024-04-17
S106957,6.67,4.69,0.17,3.8,87.34,6.71,62.5,4,42.05,0.89,6.45,2024-02-10
S106958,7.43,8.34,1.05,10.0,35.5,4.83,37.36,2,49.93,4.2,0.77,2024-02-17
S106959,5.77,5.78,0.63,5.45,39.15,4.97,80.51,2,54.33,16.34,0.84,2024-02-20
S106960,5.41,8.15,1.38,2.55,55.76,8.12,52.91,3,56.67,4.12,2.95,2024-04-18
S106961,4.97,10.47,1.4,4.98,28.41,6.68,89.22,1,62.77,3.29,3.85,2024-02-06
S106962,8.19,6.78,0.18,7.0,28.76,3.84,46.47,2,57.04,5.99,0.56,2024-02-26
S106963,4.85,8.15,1.1,3.09,51.36,6.03,70.53,2,57.37,1.67,2.49,2024-02-25
S106964,5.69,5.64,0.25,5.46,29.86,7.43,54.98,2,60.79,1.76,1.89,2024-02-09
S106965,9.35,3.88,0.78,4.98,61.1,3.65,63.95,1,59.92,1.13,6.64,2024-04-14
S106966,6.82,7.67,1.35,2.69,25.72,2.89,67.27,0,66.78,2.07,1.1,2024-04-11
S106967,6.36,6.47,1.63,6.04,40.49,4.56,46.75,1,55.16,1.74,0.95,2024-03-01
S106968,6.01,5.58,3.85,3.24,40.49,9.26,50.48,3,62.75,2.46,15.1,2024-04-16
S106969,4.8,5.01,0.15,3.5,74.17,8.87,40.35,0,36.35,1.94,3.6,2024-03-09
S106970,6.81,6.505,2.68,9.03,56.09,2.81,79.92,1,35.62,2.49,2.75,2024-04-02
S106971,7.66,7.4,2.21,5.06,33.26,2.31,68.63,4,66.01,4.88,0.95,2024-04-12
S106972,5.14,6.27,0.92,9.08,77.16,3.48,64.17,1,27.04,7.37,7.17,2024-04-20
S106973,5.67,2.84,0.63,5.54,54.84,2.63,79.81,2,54.79,2.53,0.39,2024-03-17
S106974,8.5,5.86,0.95,5.9,26.32,5.53,40.36,2,66.23,3.11,0.48,2024-04-24
S106975,5.83,9.47,1.24,10.0,43.78,3.77,74.42,6,43.03,2.3,1.47,2024-04-03
S106976,7.3,8.91,2.06,10.0,40.45,8.5,45.3,6,46.6,6.81,2.67,2024-03-19
S106977,9.33,5.98,0.11,7.88,34.78,3.27,50.37,3,56.22,1.8,11.9,2024-02-15
S106978,5.18,7.22,0.57,4.38,52.42,4.0,65.86,0,50.82,6.04,12.63,2024-12-03
S106979,6.21,5.51,1.57,3.77,62.71,3.63,75.82,0,55.9,1.47,0.59,2024-03-15
S106980,5.12,6.505,1.85,4.55,38.64,8.51,68.5,3,54.85,2.35,2.19,2024-03-05
S106981,3.36,8.02,1.04,3.5,62.6,1.0,38.14,2,42.61,6.4,1.56,2024-03-07
S106982,8.05,5.71,1.78,3.12,64.88,4.95,70.91,3,55.55,2.14,0.6,2024-03-26
S106983,7.11,9.09,0.56,6.48,9.71,5.16,93.88,3,67.63,5.08,3.77,2024-03-28
S106984,5.94,5.43,1.4,2.44,15.73,4.4,51.92,1,67.06,2.65,4.2,2024-02-04
S106985,6.91,5.48,0.65,5.38,12.01,4.02,62.59,5,70.31,1.41,1.71,2024-04-02
S106986,5.54,2.83,0.2,6.23,46.02,5.84,54.72,2,54.13,0.83,2.33,2024-04-10
S106987,4.41,4.3,0.53,3.97,8.02,1.87,38.84,1,67.34,4.24,6.19,2024-03-26
S106988,5.47,4.68,0.32,8.64,53.3,6.22,54.29,1,42.34,1.1,0.23,2024-03-20
S106989,5.31,4.81,0.07,9.57,40.14,1.0,100.0,0,40.74,1.91,10.61,2024-02-17
S106990,4.99,4.12,1.76,6.39,45.07,5.21,82.85,0,48.18,1.11,8.55,2024-02-25
S106991,7.72,6.57,1.1,6.37,41.81,3.8,60.38,3,57.98,1.92,1.01,2024-05-04
S106992,5.18,4.42,0.15,8.83,75.43,4.89,88.21,6,28.4,1.17,2.27,2024-04-18
S106993,4.85,10.51,4.4,4.81,31.1,10.0,61.28,3,53.79,3.09,0.69,2024-02-01
S106994,6.54,5.42,5.82,7.84,57.82,8.62,65.53,1,38.03,1.63,1.07,2024-04-10
S106995,6.91,3.34,3.03,6.1,56.65,5.87,68.1,4,55.57,0.75,5.13,2024-03-08
S106996,8.5,7.97,6.05,5.66,25.14,4.57,67.66,1,71.43,2.5,5.72,2024-03-14
S106997,6.66,6.42,4.33,6.4,0.74,5.29,69.72,6,74.0,1.61,5.26,2024-02-14
S106998,4.48,6.45,1.17,3.14,32.24,5.86,63.01,2,63.19,1.39,0.29,2024-02-01
S106999,5.11,5.5,0.36,8.44,52.04,8.88,34.71,2,35.57,2.91,0.54,2024-02-20
S107000,7.56,10.07,1.67,6.72,34.46,5.09,57.43,1,56.22,4.64,4.22,2024-04-28
S107001,5.42,4.7,2.9,5.13,38.25,3.09,57.14,1,48.02,2.91,3.09,2024-02-10
S107002,6.93,8.99,0.63,4.39,12.03,1.94,49.89,3,72.91,2.6,2.08,2024-03-23
S107003,8.77,6.62,1.17,7.72,63.34,1.59,62.14,2,35.57,2.02,4.45,2024-02-26
S107004,4.35,8.54,0.85,5.83,55.31,8.69,57.47,2,45.13,2.16,9.12,2024-04-21
S107005,4.3,6.505,0.0,4.29,35.92,8.57,60.29,2,59.03,2.4,1.08,2024-04-18
S107006,6.02,11.55,3.1,8.12,59.52,9.66,65.62,1,41.37,3.77,5.72,2024-03-02
S107007,6.25,5.37,1.25,10.0,4.7,5.34,36.84,4,52.99,1.45,1.04,2024-03-20
S107008,7.47,7.34,0.71,5.63,42.42,5.76,51.53,4,56.52,2.03,1.78,2024-03-30
S107009,4.15,5.92,1.78,8.54,35.2,7.11,66.55,2,47.39,23.67,4.84,2024-04-07
S107010,7.09,6.8,0.71,7.29,36.7,1.64,72.29,0,57.4,1.93,10.35,2024-02-15
S107011,5.96,4.17,1.47,10.0,21.87,4.17,84.88,1,48.69,1.37,8.72,2024-02-29
S107012,4.04,5.25,4.59,5.33,71.95,8.44,68.33,0,37.77,1.32,0.82,2024-04-29
S107013,5.96,3.88,0.0,7.06,27.7,3.93,38.15,3,64.31,0.95,1.63,2024-03-16
S107014,6.93,4.41,0.13,6.94,24.97,6.62,22.83,4,64.96,17.63,1.16,2024-03-23
S107015,8.67,7.58,1.95,3.01,38.18,6.36,38.57,3,69.8,1.45,0.66,2024-04-06
S107016,5.45,7.62,1.09,6.52,11.35,4.23,52.15,2,58.86,3.35,0.3,2024-04-01
S107017,7.23,7.25,0.93,7.01,49.79,1.9,59.88,4,50.78,2.48,5.27,2024-04-23
S107018,4.52,6.39,1.22,9.47,48.78,1.0,48.97,0,34.49,1.62,1.24,2024-02-10
S107019,7.71,4.4,2.16,8.99,72.66,2.05,66.46,0,30.51,1.59,2.83,2024-03-07
S107020,6.41,6.505,1.79,6.55,37.53,5.42,38.08,2,58.03,6.54,0.73,2024-04-10
S107021,8.39,4.19,1.0,4.69,32.56,7.59,43.14,1,71.08,0.93,8.64,2024-03-27
S107022,4.49,3.18,3.72,2.44,65.9,7.99,62.9,2,52.31,1.33,0.06,2024-04-13
S107023,4.77,9.17,5.43,4.88,39.64,7.06,75.77,1,50.87,3.77,1.68,2024-03-02
S107024,4.02,7.16,2.92,6.28,70.39,6.92,53.66,0,28.74,1.94,7.74,2024-02-13
S107025,8.66,6.41,2.69,4.67,34.5,1.53,61.02,0,68.66,25.64,1.86,2024-03-25
S107026,5.67,10.94,2.54,3.03,47.88,7.14,45.94,2,58.32,2.82,6.77,2024-04-26
S107027,3.85,6.16,2.95,7.54,64.07,4.23,44.08,0,19.58,2.11,0.37,2024-02-01
S107028,5.29,10.11,0.99,5.04,6.51,9.27,70.12,1,73.78,3.44,0.93,2024-11-03
S107029,7.41,4.25,2.66,1.73,62.94,8.15,70.34,0,67.13,1.1,3.11,2024-02-20
S107030,7.14,3.08,0.3,5.62,38.53,6.08,52.9,2,51.86,3.88,6.75,2024-04-18
S107031,6.86,3.56,0.91,6.68,71.67,1.0,44.41,0,39.37,1.11,0.64,2024-03-17
S107032,4.51,8.47,0.53,7.36,15.62,10.0,50.43,5,55.61,6.51,6.2,2024-02-23
S107033,6.05,8.09,1.83,2.92,58.66,3.31,68.12,3,57.35,32.34,10.71,2024-02-08
S107034,3.63,6.17,0.47,3.23,38.11,6.89,95.8,2,53.86,1.15,0.06,2024-04-03
S107035,4.26,2.71,2.27,4.43,80.96,6.35,62.22,0,37.03,0.54,1.08,2024-02-08
S107036,7.08,4.66,3.4,5.71,88.35,5.22,54.09,2,41.01,1.77,0.52,2024-02-16
S107037,7.47,8.16,1.06,5.59,56.45,7.99,59.24,3,47.83,2.09,0.53,2024-02-10
S107038,5.97,7.42,1.07,6.55,57.6,8.7,53.26,1,43.56,4.95,5.83,2024-02-23
S107039,3.84,4.25,2.65,7.19,39.04,1.0,38.68,2,39.89,1.44,0.79,2024-02-03
S107040,4.99,6.78,0.8,5.58,43.25,4.2,69.35,1,53.15,1.54,2.1,2024-03-30
S107041,5.76,12.38,4.23,6.08,45.04,3.92,81.82,2,49.36,7.13,5.29,2024-03-15
S107042,8.41,5.97,0.7,5.74,47.11,5.37,52.27,4,60.49,7.01,0.11,2024-03-17
S107043,5.42,2.94,0.79,3.34,63.01,5.93,43.84,3,49.78,1.24,15.04,2024-04-25
S107044,4.31,6.28,1.41,5.52,46.24,4.74,73.65,0,50.9,9.22,0.93,2024-04-24
S107045,4.69,7.66,4.21,2.99,53.33,1.15,32.91,1,56.35,1.59,5.11,2024-02-24
S107046,5.12,6.505,0.02,4.58,30.04,6.12,61.52,0,60.21,2.3,11.57,2024-07-03
S107047,5.55,6.95,0.41,8.25,88.27,5.95,70.99,1,26.22,2.05,4.14,2024-03-12
S107048,5.93,3.6,1.02,8.2,51.43,5.58,45.11,7,47.35,0.99,4.17,2024-03-18
S107049,8.96,5.98,1.04,6.81,66.18,7.38,63.95,1,50.62,1.05,1.11,2024-03-31
S107050,5.49,9.37,1.32,8.01,80.06,6.19,56.97,3,32.01,3.92,4.27,2024-03-21
S107051,3.4,4.94,2.35,1.0,47.85,4.89,51.59,3,61.5,1.0,0.97,2024-03-02
S107052,7.65,9.33,0.67,5.35,64.59,4.7,40.59,1,49.95,2.81,0.71,2024-12-03
S107053,5.23,3.36,0.67,4.04,19.02,2.68,100.0,1,66.9,2.9,4.86,2024-02-15
S107054,5.24,6.505,0.44,6.16,59.4,5.19,39.89,3,46.62,26.2,4.57,2024-04-20
S107055,5.5,6.43,4.03,4.74,48.97,5.41,70.65,2,50.94,1.61,0.93,2024-04-06
S107056,6.69,4.0,2.0,5.17,47.63,2.96,71.4,2,56.08,1.84,3.07,2024-02-17
S107057,6.45,6.93,1.36,5.1,10.47,4.48,54.89,2,65.5,3.53,1.69,2024-03-02
S107058,6.9,8.68,0.03,7.89,65.98,3.53,50.3,5,42.59,1.79,3.98,2024-04-23
S107059,5.81,5.73,2.57,7.76,37.35,4.71,72.73,2,47.46,22.92,8.03,2024-02-24
S107060,6.35,5.3,0.09,10.0,58.99,7.02,60.46,3,31.12,0.9,1.51,2024-03-21
S107061,4.8,7.66,0.84,4.76,57.51,5.25,62.07,1,48.12,3.51,3.16,2024-03-27
S107062,4.83,9.01,0.52,7.55,42.4,5.76,51.17,3,41.27,2.05,7.43,2024-04-27
S107063,5.44,9.29,0.16,5.86,36.99,7.58,71.67,1,51.82,3.69,18.07,2024-02-03
S107064,5.65,5.95,7.93,8.48,47.44,4.8,44.79,1,44.71,1.33,1.21,2024-03-18
S107065,3.95,5.4,0.3,5.93,14.96,7.31,64.81,3,59.9,1.52,0.59,2024-04-13
S107066,4.63,8.95,1.39,8.52,71.32,3.64,77.52,1,31.21,35.78,1.99,2024-03-20
S107067,7.93,8.77,0.52,8.68,74.5,5.2,57.94,3,37.82,5.71,1.05,2024-04-08
S107068,7.83,11.28,2.05,5.07,61.26,6.83,41.45,3,45.65,11.08,0.84,2024-04-04
S107069,8.45,6.77,0.05,3.53,69.91,4.02,75.31,0,66.8,4.73,3.2,2024-02-27
S107070,7.81,7.55,0.09,3.28,36.94,6.27,84.01,2,65.01,2.08,0.64,2024-03-27
S107071,7.46,6.23,0.07,5.3,13.27,3.85,69.25,1,78.84,2.27,1.44,2024-02-14
S107072,8.6,5.21,0.32,1.0,26.67,7.03,53.52,2,76.69,1.48,1.23,2024-06-04
S107073,7.14,13.89,0.95,6.52,35.94,5.51,47.49,2,57.33,8.26,3.59,2024-02-02
S107074,5.82,7.54,3.54,4.88,46.11,6.57,66.06,2,54.85,2.2,1.36,2024-06-02
S107075,5.87,5.51,3.5,9.4,32.13,5.09,77.35,2,42.74,4.61,10.73,2024-02-17
S107076,6.71,6.72,4.93,5.95,51.71,5.99,26.65,2,48.57,3.24,14.39,2024-04-09
S107077,6.85,6.81,1.32,7.19,0.0,4.38,74.53,1,67.54,1.72,7.25,2024-04-21
S107078,6.08,4.59,1.0,7.29,74.94,5.4,67.82,1,32.17,1.27,0.59,2024-02-14
S107079,5.82,2.71,1.28,5.86,78.02,7.24,46.21,3,36.62,0.84,0.28,2024-02-27
S107080,6.22,4.48,0.09,7.29,19.55,3.43,75.35,3,59.14,3.58,3.91,2024-03-15
S107081,5.2,4.9,0.18,5.96,27.87,4.31,57.11,2,55.73,4.04,4.22,2024-04-21
S107082,9.31,7.27,4.11,4.78,39.15,3.71,71.85,2,69.78,1.19,2.12,2024-02-24
S107083,6.98,7.46,0.39,6.74,75.39,9.39,53.25,0,43.8,4.77,0.53,2024-04-14
S107084,3.58,0.71,0.36,2.39,49.33,3.9,17.98,4,50.69,0.11,1.27,2024-06-03
S107085,7.47,3.27,1.0,3.47,87.63,9.6,69.98,3,45.57,0.96,2.68,2024-09-04
S107086,5.18,3.88,3.98,5.18,77.37,3.84,79.39,4,34.98,2.11,3.23,2024-03-31
S107087,5.99,10.45,0.22,6.08,64.5,4.86,89.07,2,42.47,5.03,0.38,2024-03-11
S107088,6.31,7.7,3.16,9.47,31.33,7.07,54.8,3,41.13,4.26,2.14,2024-03-21
S107089,7.5,5.25,0.62,7.09,9.71,4.71,73.36,1,66.81,1.27,0.4,2024-05-03
S107090,6.24,5.63,1.84,3.56,33.92,6.81,67.97,3,63.12,1.36,0.15,2024-04-25
S107091,6.68,5.98,0.75,8.46,46.35,7.12,54.07,3,47.72,1.63,1.74,2024-03-16
S107092,6.12,2.46,1.84,8.88,29.37,9.64,72.41,1,45.23,0.89,6.38,2024-04-26
S107093,9.44,9.11,2.63,5.48,92.25,3.87,87.51,0,41.59,4.83,7.84,2024-02-29
S107094,6.24,8.15,0.24,4.8,23.46,5.0,58.16,3,63.54,1.64,4.45,2024-03-25
S107095,5.1,6.97,0.11,8.12,25.03,8.66,75.33,2,55.42,1.51,0.78,2024-03-18
S107096,4.54,6.56,3.77,6.21,37.53,8.59,71.56,2,46.65,1.48,4.15,2024-02-29
S107097,6.32,5.77,0.11,6.73,29.76,5.04,90.99,0,52.37,5.35,4.23,2024-04-04
S107098,5.7,5.36,0.87,9.31,34.67,6.14,66.05,3,46.09,1.15,7.82,2024-02-02
S107099,6.55,2.96,0.34,5.83,32.11,6.33,53.36,3,61.81,2.39,16.83,2024-02-14
S107100,6.9,8.03,0.31,5.5,43.63,8.6,58.05,4,59.54,1.63,3.7,2024-03-21
S107101,4.74,3.84,1.87,6.57,66.7,5.93,56.65,0,27.18,1.02,3.52,2024-03-26
S107102,6.4,6.43,0.46,6.09,58.34,5.09,54.76,0,43.84,2.05,2.29,2024-02-17
S107103,5.32,5.47,2.41,4.32,37.57,5.12,29.77,2,56.93,1.08,0.01,2024-03-21
S107104,5.36,5.41,0.31,7.4,44.33,4.48,60.29,1,50.4,1.16,2.05,2024-04-22
S107105,5.02,7.59,2.71,5.02,32.17,5.31,25.85,1,57.0,2.42,3.99,2024-06-04
S107106,5.98,6.02,0.67,5.47,54.6,4.71,81.08,2,47.4,2.53,4.27,2024-03-04
S107107,5.34,3.9,1.58,9.5,55.46,4.65,58.19,1,39.3,3.5,0.24,2024-03-18
S107108,5.35,8.13,0.15,5.12,44.45,7.23,49.85,0,53.05,3.11,0.49,2024-02-17
S107109,5.82,9.83,1.61,6.34,45.54,5.18,96.38,3,49.01,1.78,3.44,2024-04-06
S107110,4.54,6.94,3.57,5.57,70.98,6.69,60.6,2,38.76,1.88,0.04,2024-02-23
S107111,8.09,7.28,1.72,3.42,24.93,5.61,67.18,1,76.06,1.44,3.74,2024-07-02
S107112,7.16,5.91,1.21,5.89,68.55,1.13,45.81,1,51.44,1.15,8.04,2024-02-07
S107113,5.79,10.55,0.61,5.5,82.94,10.0,70.02,1,41.59,13.62,1.4,2024-03-14
S107114,6.71,7.59,1.33,6.16,12.07,4.43,63.66,0,74.86,1.84,1.57,2024-02-29
S107115,5.03,4.43,2.89,4.3,12.04,3.71,59.54,2,67.19,3.95,6.94,2024-03-01
S107116,6.44,9.24,6.44,5.17,29.33,7.57,56.81,2,65.46,2.67,9.71,2024-03-09
S107117,4.24,11.3,2.49,7.45,35.56,5.88,59.8,1,45.18,1.84,1.73,2024-04-04
S107118,6.21,7.34,2.55,2.36,64.29,4.26,42.58,3,54.88,2.79,1.37,2024-04-14
S107119,6.46,4.0,0.07,8.45,33.61,4.59,78.28,2,50.83,15.16,2.63,2024-03-25
S107120,5.8,2.11,2.05,9.03,35.38,7.24,51.92,3,45.05,0.66,0.26,2024-04-23
S107121,7.29,4.01,0.29,9.69,36.09,2.45,54.18,0,50.42,16.05,1.92,2024-02-05
S107122,5.2,12.16,3.26,2.62,52.21,6.83,64.82,4,58.43,2.58,5.87,2024-02-17
S107123,6.47,4.43,1.99,3.59,71.38,9.36,59.72,3,41.2,0.98,2.55,2024-04-29
S107124,7.05,3.31,0.19,4.61,28.05,4.19,69.08,1,72.47,1.74,11.22,2024-08-04
S107125,7.01,6.18,1.4,4.71,28.3,10.0,91.73,1,66.22,2.5,7.31,2024-03-24
S107126,6.27,8.21,0.8,6.99,31.82,4.25,87.67,3,51.67,2.82,0.9,2024-04-08
S107127,8.54,5.87,1.07,7.07,51.12,5.48,55.47,0,47.02,3.28,6.4,2024-02-03
S107128,7.36,5.68,0.01,10.0,41.72,8.23,61.98,1,43.91,5.03,0.48,2024-04-23
S107129,7.18,7.15,0.96,6.73,36.35,10.0,52.91,4,55.72,2.77,2.59,2024-04-22
S107130,5.32,6.505,1.02,7.48,84.82,6.51,72.39,2,33.74,2.39,1.79,2024-02-04
S107131,6.4,7.7,0.09,1.83,65.99,4.56,69.79,2,59.61,5.56,7.27,2024-02-26
S107132,5.57,5.3,0.3,5.21,52.29,6.04,61.09,7,50.7,1.28,4.4,2024-04-26
S107133,9.06,5.43,0.48,5.38,41.17,7.22,61.57,3,58.99,1.94,4.24,2024-03-20
S107134,6.81,7.07,0.51,4.05,52.02,5.6,51.86,4,55.59,28.29,3.94,2024-02-28
S107135,5.27,3.84,0.62,5.11,28.38,2.18,51.31,4,64.26,1.79,6.09,2024-03-07
S107136,7.46,7.09,1.13,2.39,45.05,7.96,43.32,2,72.25,2.08,0.22,2024-04-10
S107137,7.79,10.05,0.42,5.95,64.34,3.34,61.91,4,47.9,3.2,6.0,2024-04-22
S107138,5.52,5.97,1.8,7.19,89.35,6.32,55.78,1,34.73,1.68,11.02,2024-02-25
S107139,6.53,5.55,0.68,6.5,45.52,5.61,61.08,2,50.58,1.25,6.75,2024-02-15
S107140,9.67,7.55,0.03,6.25,94.38,3.51,100.0,2,48.62,5.59,6.12,2024-04-20
S107141,6.36,4.37,1.22,5.79,31.16,4.41,58.96,1,57.07,1.87,5.93,2024-03-09
S107142,6.78,9.97,0.39,5.15,45.31,1.79,82.24,2,53.35,3.84,0.62,2024-08-03
S107143,10.0,9.17,0.13,3.74,16.21,3.58,54.44,5,84.26,19.84,3.94,2024-03-09
S107144,6.29,8.67,0.29,10.0,38.2,9.06,74.94,3,35.95,1.97,3.44,2024-03-03
S107145,4.7,6.98,0.59,9.02,47.93,6.22,83.5,2,31.0,1.56,1.88,2024-03-19
S107146,5.02,7.1,0.06,5.33,67.57,2.09,70.49,3,36.65,2.1,0.54,2024-03-06
S107147,6.49,7.78,3.92,9.71,42.92,7.21,48.69,2,30.73,3.23,3.08,2024-03-07
S107148,7.35,3.72,2.07,5.44,32.6,10.0,48.02,1,65.3,1.07,15.66,2024-02-13
S107149,5.12,5.15,0.84,5.07,56.73,5.1,25.42,6,48.24,1.27,3.87,2024-04-27
S107150,3.54,5.72,2.07,7.18,33.57,7.47,63.69,2,50.21,1.35,1.36,2024-03-22
S107151,7.07,9.28,2.3,3.85,36.0,5.99,70.08,0,67.56,2.09,1.34,2024-02-08
S107152,6.01,6.505,1.49,7.03,75.26,3.71,51.37,1,43.22,2.39,0.61,2024-03-24
S107153,5.62,6.37,1.73,6.22,54.1,1.35,35.24,5,46.34,12.55,6.93,2024-02-29
S107154,5.09,7.14,2.22,1.0,31.0,3.48,62.0,3,64.85,2.69,0.11,2024-02-25
S107155,7.81,7.09,0.57,1.22,42.57,3.86,78.05,0,81.35,4.2,2.05,2024-02-04
S107156,6.07,5.16,0.21,9.1,47.66,5.27,90.93,1,46.96,1.7,2.15,2024-02-08
S107157,4.51,5.19,2.37,4.66,50.07,4.46,40.34,1,47.24,1.37,1.05,2024-04-22
S107158,4.94,6.82,1.1,3.44,45.48,5.22,61.89,0,56.62,1.89,3.84,2024-04-22
S107159,5.68,9.52,2.22,4.47,56.52,4.52,51.69,4,50.4,2.75,1.38,2024-04-24
S107160,4.32,3.33,1.26,8.26,62.3,7.18,60.36,2,41.47,2.5,20.0,2024-03-29
S107161,5.59,8.69,0.49,2.06,35.8,2.56,34.87,0,64.53,2.36,10.57,2024-02-01
S107162,7.84,3.65,0.73,5.59,43.35,9.05,42.27,3,59.21,1.11,1.76,2024-04-02
S107163,7.44,8.52,0.5,3.42,90.09,5.12,57.38,1,45.74,2.29,1.31,2024-03-01
S107164,7.65,6.05,2.11,3.8,47.62,6.42,51.73,2,61.2,1.9,3.51,2024-06-04
S107165,7.62,3.76,0.38,6.6,64.27,5.22,57.6,0,47.09,1.16,0.9,2024-02-11
S107166,6.5,2.91,0.99,7.86,48.29,5.46,55.0,3,49.31,11.66,4.87,2024-04-19
S107167,6.8,5.8,2.95,1.0,59.22,6.08,89.41,4,63.12,4.83,4.64,2024-04-24
S107168,3.94,8.71,0.81,5.7,47.3,3.23,43.45,1,50.17,6.1,5.04,2024-04-25
S107169,7.31,4.78,0.44,6.19,14.03,7.78,73.56,1,69.07,1.68,0.29,2024-04-13
S107170,7.14,6.81,0.87,4.75,14.75,3.15,92.21,0,69.95,1.5,0.03,2024-03-14
S107171,6.61,4.24,0.13,5.78,53.83,5.58,76.45,0,48.23,0.9,6.49,2024-04-29
S107172,6.6,4.1,3.84,6.2,30.9,4.37,75.14,4,63.4,1.43,0.56,2024-03-22
S107173,4.83,5.29,0.59,5.55,67.06,5.01,58.56,1,41.75,2.82,5.5,2024-02-20
S107174,5.65,3.73,1.63,4.28,33.68,7.44,73.71,2,61.68,1.46,0.79,2024-04-16
S107175,4.16,6.85,3.36,7.61,19.01,5.13,77.44,2,53.39,1.69,1.32,2024-04-15
S107176,5.64,2.44,0.41,2.86,69.22,4.45,55.22,3,58.18,0.85,10.1,2024-03-01
S107177,5.94,10.24,1.1,5.3,63.15,7.93,100.0,1,50.49,4.65,2.22,2024-02-10
S107178,5.42,5.04,4.38,6.87,42.17,7.26,65.82,3,45.05,1.6,3.42,2024-02-06
S107179,7.86,4.69,0.04,4.42,59.33,4.93,94.27,0,52.6,1.02,0.46,2024-02-01
S107180,5.16,8.93,0.72,6.57,85.03,10.0,58.45,1,26.22,2.19,1.38,2024-03-20
S107181,6.74,5.45,1.97,7.37,48.09,6.37,49.96,2,50.66,2.95,1.64,2024-03-19
S107182,6.57,9.14,0.69,4.52,37.29,5.86,41.69,0,58.37,1.88,0.55,2024-03-31
S107183,6.05,6.505,0.48,6.68,27.8,6.28,59.76,1,52.21,2.38,2.21,2024-03-21
S107184,7.05,4.36,1.65,10.0,49.15,8.15,48.64,1,45.38,1.62,2.15,2024-04-19
S107185,6.82,4.44,0.03,5.56,79.53,9.19,56.79,0,42.0,0.88,9.99,2024-03-19
S107186,5.78,10.52,1.2,3.53,50.0,1.49,86.09,1,54.82,3.3,9.13,2024-04-20
S107187,8.07,2.09,0.65,6.23,41.63,5.57,49.47,0,57.11,1.29,0.43,2024-03-17
S107188,6.1,6.74,0.11,2.26,50.79,4.88,55.62,3,57.61,2.23,0.92,2024-03-27
S107189,7.14,10.95,3.89,4.91,48.83,2.21,74.7,0,56.28,4.69,0.98,2024-02-09
S107190,4.9,4.86,0.25,7.71,25.1,3.52,82.11,3,52.36,4.29,11.52,2024-04-17
S107191,5.06,9.22,5.78,7.78,52.7,6.13,37.7,3,38.33,4.55,1.54,2024-04-29
S107192,6.53,8.21,3.23,1.88,36.34,7.0,100.0,6,63.49,1.33,2.68,2024-04-05
S107193,9.43,8.01,3.05,10.0,88.45,1.92,64.46,1,26.03,1.64,2.53,2024-04-12
S107194,4.59,6.75,2.61,2.07,26.86,5.4,39.84,2,69.42,1.89,0.4,2024-02-14
S107195,4.69,5.67,0.79,5.99,29.63,6.99,37.08,3,57.1,22.67,2.31,2024-03-17
S107196,5.26,4.52,1.56,6.4,43.52,8.84,68.52,2,51.71,1.62,1.8,2024-04-02
S107197,5.7,6.84,1.37,5.41,29.87,5.18,63.59,3,59.97,2.55,3.04,2024-04-12
S107198,6.39,8.11,2.58,6.79,46.93,1.0,67.62,3,49.44,1.53,15.08,2024-04-25
S107199,7.71,5.8,0.01,6.83,8.92,7.01,74.24,1,73.06,2.07,4.31,2024-02-24
S107200,6.07,9.0,1.22,9.77,32.88,6.61,48.6,2,47.48,4.1,10.32,2024-02-06
S107201,7.1,8.35,0.26,8.16,36.8,3.7,57.32,3,57.29,2.54,0.27,2024-04-04
S107202,6.34,7.3,8.0,8.58,5.13,5.75,60.52,3,57.95,6.82,0.52,2024-03-05
S107203,5.53,5.69,1.63,6.7,44.31,5.61,43.11,1,41.94,2.21,2.23,2024-08-03
S107204,5.65,7.95,0.61,3.5,47.51,4.91,49.34,2,54.24,1.53,0.57,2024-04-19
S107205,6.97,6.97,3.83,9.32,41.04,5.48,64.55,6,48.62,3.88,1.46,2024-02-10
S107206,6.55,11.58,1.68,5.07,71.01,6.68,56.25,4,44.81,4.24,3.01,2024-03-13
S107207,8.1,7.15,3.87,3.43,55.41,8.24,20.54,1,63.24,7.51,5.35,2024-02-23
S107208,6.58,8.11,2.98,8.24,75.3,5.15,17.4,1,37.72,2.97,10.21,2024-04-01
S107209,6.15,3.33,4.21,7.18,32.21,9.3,33.1,0,59.87,1.51,2.27,2024-02-17
S107210,4.77,6.79,1.02,8.51,33.96,8.23,70.95,2,42.01,1.89,3.16,2024-04-05
S107211,5.28,10.49,0.08,5.57,64.44,8.46,63.86,3,40.98,6.98,5.28,2024-04-28
S107212,6.81,7.57,0.64,7.66,39.09,5.78,77.78,0,59.96,3.58,6.19,2024-03-17
S107213,6.75,8.81,1.06,6.98,45.14,10.0,71.8,3,42.73,2.37,2.6,2024-04-14
S107214,8.55,5.79,0.26,5.85,46.1,5.77,55.53,1,64.49,2.58,2.24,2024-04-08
S107215,5.48,5.29,1.31,7.59,70.62,10.0,48.86,2,28.22,2.54,0.02,2024-04-28
S107216,7.2,7.12,1.22,6.14,49.43,3.26,74.76,0,49.57,3.23,8.49,2024-02-01
S107217,6.23,3.71,0.17,6.93,66.73,2.3,68.59,1,39.17,1.7,0.13,2024-02-17
S107218,3.53,5.71,2.79,4.4,71.82,1.82,55.28,2,35.45,1.11,5.9,2024-02-15
S107219,4.77,12.02,1.0,8.6,28.22,9.16,59.38,3,41.52,3.45,2.27,2024-04-02
S107220,6.68,6.29,0.54,7.77,64.03,6.21,53.87,1,42.85,4.35,7.81,2024-03-02
S107221,5.85,5.07,1.12,1.0,45.8,6.41,44.26,1,62.13,2.19,16.1,2024-02-13
S107222,5.43,9.94,2.32,7.43,59.82,10.0,51.22,2,31.85,6.19,5.97,2024-02-10
S107223,7.83,7.55,0.2,5.9,13.2,6.14,47.84,0,83.0,2.38,0.54,2024-02-26
S107224,6.04,5.31,2.93,6.84,48.19,1.54,66.37,5,50.69,1.43,3.46,2024-02-21
S107225,6.72,6.6,0.24,5.44,42.45,6.33,66.95,3,59.18,3.9,3.77,2024-04-22
S107226,7.37,6.17,2.52,5.2,34.66,7.08,89.66,0,61.02,1.84,7.97,2024-04-23
S107227,5.72,5.01,0.12,8.04,17.0,3.17,37.88,5,61.1,4.4,5.44,2024-03-17
S107228,7.21,6.93,1.73,5.74,21.88,8.36,31.95,2,72.51,2.16,1.09,2024-09-04
S107229,4.99,6.78,0.42,8.32,38.59,6.37,47.6,2,39.42,3.8,3.36,2024-02-23
S107230,4.6,5.31,2.73,4.09,16.48,6.63,78.31,7,58.47,3.52,7.12,2024-02-26
S107231,7.84,5.71,0.28,5.9,44.03,2.1,39.08,1,53.53,1.2,2.37,2024-02-18
S107232,8.1,9.96,0.97,5.84,78.32,5.26,53.91,1,49.11,1.64,4.5,2024-02-22
S107233,7.32,10.53,0.23,1.45,31.33,3.15,72.0,1,74.49,2.41,2.94,2024-04-21
S107234,5.31,6.96,4.78,6.42,51.86,2.34,44.77,1,45.87,6.55,9.79,2024-03-01
S107235,5.87,0.71,0.9,5.56,20.85,8.28,71.98,4,57.58,0.24,2.91,2024-04-19
S107236,5.07,6.55,0.76,4.63,48.18,9.29,22.74,2,59.01,2.34,1.07,2024-04-04
S107237,5.07,2.97,1.4,7.38,38.05,2.74,62.46,3,51.62,0.51,0.75,2024-03-07
S107238,6.51,5.24,1.42,5.21,62.86,4.4,58.23,4,53.93,1.28,7.07,2024-02-20
S107239,5.69,2.62,2.66,5.91,82.34,6.0,66.2,0,38.83,0.98,1.65,2024-02-04
S107240,7.89,10.95,1.54,4.71,66.46,1.84,44.89,0,55.89,3.23,1.0,2024-04-18
S107241,4.22,6.38,1.96,9.74,49.7,3.89,83.95,3,34.31,25.52,1.06,2024-03-23
S107242,5.62,9.99,2.38,4.75,9.5,5.51,88.44,3,65.26,2.79,7.36,2024-03-17
S107243,4.68,1.12,1.58,1.0,66.96,8.53,81.74,3,48.79,0.92,0.21,2024-03-15
S107244,4.56,6.505,0.54,3.01,58.14,3.91,37.85,3,52.17,3.26,0.09,2024-03-29
S107245,8.85,7.0,0.88,6.4,45.63,7.0,72.06,4,63.05,1.41,2.29,2024-03-09
S107246,8.44,8.86,5.7,6.23,51.43,7.47,80.11,4,56.85,2.12,0.29,2024-03-19
S107247,6.89,5.95,1.87,4.31,30.28,8.44,82.45,2,67.58,1.53,2.74,2024-03-30
S107248,7.03,5.51,0.49,7.93,11.0,2.65,80.74,2,57.35,1.22,0.99,2024-03-07
S107249,7.13,1.17,0.31,1.26,0.0,5.91,74.12,3,88.71,0.39,2.42,2024-03-19
S107250,6.37,5.69,2.57,5.01,100.0,6.45,100.0,0,26.71,1.24,0.06,2024-03-27
S107251,3.0,1.23,0.14,9.84,22.96,5.21,95.44,1,46.94,0.3,2.37,2024-04-07
S107252,3.26,5.37,0.52,5.24,49.54,6.39,74.26,3,43.09,1.7,1.32,2024-03-14
S107253,7.08,2.82,2.53,6.68,22.24,6.16,77.59,3,64.01,1.36,12.32,2024-02-13
S107254,3.0,5.52,1.78,5.04,46.86,3.13,86.4,1,47.28,0.98,4.79,2024-03-16
S107255,8.21,11.69,0.29,7.84,56.89,7.19,75.38,1,47.86,2.74,0.13,2024-04-24
S107256,7.41,7.9,1.77,3.01,50.7,6.51,71.86,0,54.19,1.8,3.4,2024-03-29
S107257,6.71,7.44,4.37,6.4,50.86,5.31,69.91,1,53.94,2.62,6.04,2024-04-13
S107258,6.8,7.41,0.1,4.8,41.59,4.27,61.13,3,59.29,18.34,2.23,2024-03-30
S107259,7.24,5.87,1.44,7.41,29.16,6.98,63.79,1,55.7,4.22,15.51,2024-03-18
S107260,5.47,4.31,0.71,6.4,41.63,5.3,58.84,2,44.75,1.13,5.62,2024-03-21
S107261,8.79,8.47,1.64,5.58,34.88,1.4,49.3,2,62.77,1.77,0.86,2024-04-26
S107262,5.93,6.99,4.21,2.17,33.6,5.37,71.87,1,69.64,2.95,3.65,2024-08-02
S107263,5.03,3.39,4.29,7.77,32.17,5.59,61.53,0,42.81,1.55,0.3,2024-02-14
S107264,8.8,9.69,0.66,7.94,29.82,2.14,68.24,4,65.9,1.97,0.26,2024-03-27
S107265,6.47,6.505,1.58,8.87,80.2,6.99,53.46,0,28.89,2.2,5.79,2024-02-13
S107266,6.74,5.97,8.0,7.35,94.85,4.67,55.67,1,31.17,1.58,2.85,2024-02-28
S107267,7.92,8.6,0.27,2.57,39.47,6.62,96.3,4,76.94,1.95,2.0,2024-02-29
S107268,9.28,5.99,0.31,5.08,31.48,5.87,67.88,3,61.93,1.68,7.66,2024-03-08
S107269,6.24,8.31,2.04,4.53,17.79,7.19,59.09,1,68.86,8.45,0.18,2024-09-03
S107270,6.43,4.81,0.42,7.92,59.48,2.69,52.09,0,36.66,0.76,0.02,2024-03-14
S107271,4.39,4.41,0.37,3.86,76.42,6.11,55.07,3,38.83,8.58,1.29,2024-05-03
S107272,6.33,8.9,1.93,4.05,60.89,1.0,46.17,1,54.86,2.23,0.94,2024-02-13
S107273,8.57,9.9,0.87,8.78,27.23,6.14,43.42,0,53.49,39.59,2.46,2024-02-28
S107274,5.24,7.57,0.99,5.64,67.64,6.54,57.96,2,39.88,1.55,0.01,2024-04-11
S107275,5.04,8.4,0.24,7.72,46.54,2.42,59.09,5,44.65,4.12,10.29,2024-03-19
S107276,3.97,9.1,3.49,4.66,67.3,4.48,82.65,0,38.88,36.42,7.24,2024-03-26
S107277,4.53,7.8,0.19,4.52,26.13,4.41,71.94,2,63.57,2.26,0.71,2024-02-25
S107278,4.48,14.0,1.33,5.5,62.87,4.49,80.33,2,36.54,9.02,3.87,2024-02-23
S107279,6.3,9.73,4.1,4.22,50.34,4.58,23.99,3,51.54,5.01,1.54,2024-04-13
S107280,6.67,6.02,0.8,5.8,31.9,4.58,59.07,1,58.56,12.56,6.8,2024-04-17
S107281,3.52,6.15,0.56,4.44,15.93,5.37,78.65,2,68.74,3.0,8.35,2024-03-26
S107282,6.87,6.73,0.74,6.67,61.14,1.02,59.94,2,40.98,2.03,3.65,2024-03-23
S107283,8.06,7.5,1.3,4.73,42.69,8.34,34.36,2,61.19,2.27,9.01,2024-04-06
S107284,7.45,4.5,0.53,6.63,50.0,4.87,55.89,1,56.43,2.67,1.4,2024-03-18
S107285,5.25,7.04,0.43,5.01,44.72,5.06,72.49,1,54.18,1.76,1.74,2024-02-14
S107286,7.41,4.75,1.26,6.26,42.13,7.7,64.17,0,54.7,1.61,0.27,2024-03-29
S107287,5.59,5.5,2.32,6.49,53.97,5.46,47.25,1,49.93,1.01,1.86,2024-02-06
S107288,4.76,9.92,0.86,4.5,96.85,3.7,61.49,2,30.06,7.34,7.1,2024-04-15
S107289,4.36,7.64,6.12,8.91,52.57,3.42,48.01,1,27.96,1.64,1.14,2024-02-19
S107290,4.25,6.31,1.65,8.3,19.5,6.39,68.29,1,52.6,1.89,5.53,2024-02-19
S107291,5.82,8.97,0.42,6.98,46.59,1.0,39.89,1,47.22,3.55,4.0,2024-02-28
S107292,7.11,8.22,0.13,4.76,32.18,8.98,57.5,3,69.27,2.64,0.58,2024-03-28
S107293,3.82,9.88,1.29,1.4,21.89,6.29,49.05,1,72.29,4.38,2.56,2024-03-13
S107294,3.52,8.8,0.53,1.0,65.8,2.65,68.71,2,50.0,2.26,0.63,2024-07-03
S107295,7.89,3.94,2.46,5.41,46.97,4.08,61.79,1,55.2,0.69,0.87,2024-04-02
S107296,4.98,7.03,1.33,9.33,0.0,6.79,61.14,1,52.88,2.86,1.2,2024-04-16
S107297,9.33,2.92,0.37,7.84,67.15,5.37,51.9,0,51.04,11.69,6.94,2024-03-26
S107298,6.82,10.26,4.4,5.37,84.55,2.91,90.11,1,45.28,2.49,6.37,2024-03-25
S107299,4.33,6.92,6.46,7.57,44.86,4.13,82.6,2,39.2,3.11,7.75,2024-04-29
S107300,7.56,5.52,0.26,6.22,50.04,4.02,86.62,2,55.58,1.15,1.09,2024-04-09
S107301,7.69,6.68,0.41,3.77,49.19,4.07,100.0,1,67.67,3.54,4.81,2024-02-20
S107302,3.94,4.0,6.06,10.0,55.56,5.7,100.0,1,29.08,1.56,4.58,2024-02-17
S107303,5.93,6.94,0.18,3.13,36.22,5.12,74.72,1,66.55,1.65,1.06,2024-03-20
S107304,8.17,10.4,0.36,9.77,19.31,6.96,48.13,3,56.03,3.81,0.32,2024-08-03
S107305,4.18,5.42,1.69,4.57,31.78,4.01,60.51,1,52.55,1.97,1.42,2024-04-18
S107306,6.87,7.09,2.09,3.31,64.1,4.63,67.53,1,58.69,2.07,2.12,2024-03-26
S107307,6.75,6.25,0.68,5.92,59.9,1.0,58.94,6,48.58,3.21,7.89,2024-03-18
S107308,8.96,8.24,2.67,3.87,65.55,4.04,76.33,1,58.22,3.18,10.67,2024-02-27
S107309,8.09,9.47,0.19,5.19,40.34,1.79,62.82,3,70.65,3.84,1.69,2024-02-05
S107310,5.73,1.34,1.37,3.58,55.5,7.0,53.33,2,48.21,0.61,10.26,2024-04-13
S107311,4.31,6.31,1.24,6.59,0.0,2.51,60.99,4,61.28,3.49,11.38,2024-02-16
S107312,5.8,3.84,4.68,7.27,0.0,8.62,84.91,2,68.33,0.81,5.26,2024-04-09
S107313,6.41,4.3,4.01,5.31,83.95,6.04,43.93,4,36.14,12.92,4.71,2024-04-21
S107314,6.25,8.44,0.7,7.53,47.21,7.1,47.18,2,48.14,5.02,2.4,2024-02-10
S107315,5.68,10.32,1.91,3.79,46.47,3.99,74.29,0,62.61,3.56,8.48,2024-02-29
S107316,4.97,4.97,0.31,6.65,54.57,5.17,72.49,1,41.11,10.31,6.11,2024-04-04
S107317,8.03,8.75,6.37,7.76,73.25,4.88,35.65,1,39.83,4.12,9.39,2024-01-04
S107318,5.75,3.17,4.24,7.18,52.07,4.65,52.55,2,41.12,12.68,2.94,2024-04-04
S107319,5.25,7.04,2.53,4.47,70.83,3.09,60.97,1,42.99,10.98,0.44,2024-02-24
S107320,6.57,7.37,1.32,8.13,75.75,4.93,57.37,1,34.2,3.25,0.74,2024-03-20
S107321,6.47,4.15,0.05,4.91,44.26,3.49,66.46,0,56.62,0.8,1.53,2024-02-09
S107322,6.26,8.39,0.84,6.41,52.4,4.68,63.93,1,50.6,9.95,0.87,2024-04-13
S107323,7.93,8.48,2.78,5.69,39.27,9.65,100.0,0,61.22,1.61,8.23,2024-04-16
S107324,4.88,5.61,1.45,7.96,15.88,5.29,53.08,4,54.0,6.79,2.86,2024-03-25
S107325,6.64,4.99,1.12,8.64,37.28,6.23,54.72,2,49.88,2.45,0.37,2024-04-24
S107326,7.68,8.59,0.11,5.37,58.21,3.96,70.09,1,59.3,2.2,3.24,2024-02-27
S107327,5.65,8.51,0.69,4.8,76.75,4.4,52.1,1,40.91,3.12,1.91,2024-03-14
S107328,6.49,7.79,0.19,3.04,54.31,2.25,62.69,1,57.88,2.53,5.28,2024-04-08
S107329,7.18,9.62,0.52,6.19,57.54,5.4,56.01,1,44.51,3.92,0.19,2024-03-10
S107330,7.01,7.13,1.19,4.21,60.94,6.82,58.98,1,55.17,1.49,4.64,2024-02-28
S107331,6.31,7.21,0.0,5.33,22.28,10.0,22.37,2,66.11,2.07,0.55,2024-06-03
S107332,4.59,5.47,0.59,8.67,32.96,2.72,45.13,1,43.49,1.35,2.75,2024-01-02
S107333,5.05,7.52,1.22,6.69,49.16,9.6,55.28,2,49.71,1.38,7.79,2024-02-24
S107334,6.32,7.25,0.68,4.39,30.21,3.91,27.22,4,64.12,1.8,5.66,2024-02-19
S107335,5.88,11.17,1.9,4.6,30.18,1.65,71.13,2,64.54,6.46,1.53,2024-03-09
S107336,5.87,9.41,1.05,6.55,20.07,4.9,66.85,3,62.97,2.76,10.31,2024-03-30
S107337,5.56,5.44,4.92,6.58,51.76,4.73,42.74,3,52.55,2.68,3.18,2024-02-23
S107338,3.91,3.69,0.23,2.02,28.24,2.3,45.68,2,61.59,13.73,6.89,2024-04-20
S107339,7.14,3.8,1.76,4.09,24.55,5.89,54.78,1,64.05,0.94,3.42,2024-01-02
S107340,4.85,6.505,1.25,5.34,30.76,1.12,71.05,2,64.78,2.12,7.95,2024-02-22
S107341,8.46,4.35,1.79,3.99,81.14,3.51,68.63,1,48.05,1.6,5.99,2024-02-02
S107342,10.0,4.34,0.22,3.31,53.87,4.92,62.25,3,68.28,2.57,7.64,2024-02-18
S107343,7.39,4.76,2.16,1.22,38.65,5.7,36.61,0,74.61,0.89,5.95,2024-02-10
S107344,6.94,6.29,2.34,2.9,4.63,3.52,51.09,2,86.41,1.44,1.67,2024-04-29
S107345,5.43,3.38,2.57,7.65,49.71,3.21,46.48,3,44.61,2.28,10.53,2024-02-08
S107346,4.95,3.4,0.89,8.63,60.09,8.13,73.02,1,33.19,0.91,4.5,2024-03-27
S107347,5.74,7.92,0.48,3.63,52.89,7.24,83.89,3,55.54,2.83,0.24,2024-03-07
S107348,7.69,5.94,3.84,7.9,82.82,5.9,79.06,0,36.64,1.53,8.8,2024-10-03
S107349,6.35,6.64,0.44,3.25,55.65,3.7,44.96,4,57.76,1.13,0.44,2024-03-09
S107350,4.06,10.38,3.39,7.25,62.9,5.32,82.34,2,42.24,4.15,2.16,2024-04-23
S107351,7.4,4.42,1.18,4.95,28.94,5.22,63.02,3,61.98,2.03,2.78,2024-03-16
S107352,5.61,6.48,1.12,6.23,28.53,4.5,100.0,1,54.84,2.75,2.19,2024-02-24
S107353,7.43,11.67,1.15,7.9,37.94,9.81,49.42,3,53.66,2.92,5.57,2024-02-19
S107354,6.31,10.74,0.01,6.44,66.84,6.64,75.5,3,41.01,2.93,0.21,2024-04-09
S107355,5.22,9.71,3.88,8.12,26.61,7.48,75.95,0,55.04,2.61,5.15,2024-04-07
S107356,5.67,2.64,3.22,4.34,41.31,4.56,39.04,0,55.41,0.9,5.41,2024-02-08
S107357,7.32,4.92,1.05,8.53,65.19,5.8,77.63,2,43.94,1.55,0.11,2024-03-24
S107358,5.52,6.83,1.68,7.86,66.86,3.81,36.52,1,36.54,1.77,0.62,2024-02-18
S107359,8.14,3.66,3.58,1.6,47.72,6.96,59.12,0,65.29,2.37,1.88,2024-02-14
S107360,5.22,3.94,0.37,5.42,57.52,4.9,74.21,0,46.26,1.53,3.18,2024-03-22
S107361,8.28,10.05,1.17,5.3,51.56,5.98,49.41,2,60.65,5.95,0.7,2024-03-23
S107362,4.48,1.85,4.36,5.93,48.95,5.18,84.04,1,50.7,0.57,8.4,2024-03-10
S107363,4.81,4.23,2.43,5.96,48.25,4.66,76.62,1,51.37,1.42,8.92,2024-02-21
S107364,7.12,4.73,1.83,6.17,66.1,2.99,41.91,4,46.74,2.58,0.25,2024-07-02
S107365,8.37,12.91,1.36,4.09,44.05,3.02,56.38,0,66.04,4.12,0.91,2024-03-29
S107366,5.89,6.22,0.04,3.92,41.05,5.31,70.25,2,54.21,17.76,3.26,2024-03-19
S107367,7.39,4.78,0.23,7.0,46.58,7.43,75.84,1,50.82,0.98,2.21,2024-03-27
S107368,5.03,4.07,0.53,1.95,39.46,4.81,95.7,3,64.44,1.55,8.7,2024-02-19
S107369,4.91,4.98,2.74,2.46,34.52,4.57,27.45,6,64.95,2.87,3.05,2024-03-22
S107370,6.33,9.81,0.46,4.5,41.4,6.89,47.5,1,58.92,9.07,5.05,2024-02-14
S107371,9.25,5.9,1.5,7.65,46.12,6.4,82.02,2,68.21,1.1,3.36,2024-04-25
S107372,5.93,7.83,0.67,4.53,65.86,6.39,71.38,1,44.26,3.23,7.55,2024-03-27
S107373,4.09,4.46,0.12,1.83,21.21,3.3,57.69,1,72.43,1.06,11.3,2024-03-25
S107374,3.0,9.66,0.47,3.11,58.65,5.13,30.75,0,42.67,1.78,0.2,2024-02-28
S107375,6.17,11.55,1.12,7.2,45.93,7.64,67.32,0,48.5,2.58,8.07,2024-04-29
S107376,7.12,7.01,0.86,1.6,40.09,3.54,77.15,2,66.34,1.82,4.04,2024-02-11
S107377,5.78,5.29,1.23,2.9,46.91,4.57,45.99,1,60.67,4.31,13.28,2024-02-26
S107378,6.51,3.27,0.04,4.8,66.9,4.79,52.89,0,34.93,1.02,5.82,2024-04-09
S107379,5.2,8.02,1.75,1.0,62.63,5.16,62.8,0,58.16,7.09,20.0,2024-04-16
S107380,8.0,5.02,2.24,6.58,21.47,4.04,57.43,2,64.89,1.32,2.85,2024-04-13
S107381,6.95,10.77,0.78,4.03,64.88,8.29,51.86,2,55.48,4.26,5.05,2024-04-24
S107382,4.35,8.01,3.51,9.36,49.31,1.47,59.13,6,38.08,1.88,3.61,2024-02-26
S107383,5.41,3.48,1.65,6.5,43.98,4.37,51.49,2,52.84,2.04,1.3,2024-01-04
S107384,7.93,4.27,1.5,5.78,32.83,6.17,65.97,3,56.43,1.24,1.48,2024-03-01
S107385,6.21,3.88,1.16,3.79,35.07,6.52,49.62,4,58.68,0.57,1.6,2024-02-23
S107386,3.0,8.4,0.03,5.07,44.39,5.02,90.34,0,47.63,3.1,11.4,2024-03-08
S107387,5.7,10.69,3.77,3.5,3.8,5.72,55.48,2,76.15,3.52,3.92,2024-02-09
S107388,5.54,7.41,0.81,6.99,52.34,6.06,60.12,3,49.48,4.06,10.19,2024-04-21
S107389,3.0,4.86,0.13,3.19,37.33,6.71,44.51,1,52.58,1.96,6.3,2024-04-24
S107390,6.87,9.69,0.43,5.98,57.85,9.18,51.37,1,47.92,3.75,1.35,2024-02-13
S107391,8.14,6.18,0.97,2.81,66.25,8.02,89.74,2,56.2,1.1,0.95,2024-11-04
S107392,5.47,7.37,1.62,8.21,31.96,3.03,80.7,3,40.68,3.23,4.39,2024-04-25
S107393,4.99,3.3,1.55,3.45,67.75,7.25,97.02,1,43.39,0.79,8.23,2024-04-28
S107394,5.9,6.84,0.48,7.82,63.45,3.84,65.85,0,40.52,1.43,2.13,2024-02-19
S107395,5.55,7.58,0.06,3.94,46.36,5.01,37.01,1,50.78,1.49,0.62,2024-04-21
S107396,6.1,3.48,0.56,1.85,78.81,4.43,47.93,1,45.81,0.68,6.04,2024-03-29
S107397,6.91,8.62,1.32,6.78,43.54,1.47,67.41,0,50.31,3.15,0.03,2024-03-15
S107398,4.01,8.33,0.1,3.7,28.26,5.23,72.97,2,59.23,1.47,1.16,2024-04-14
S107399,5.73,8.35,4.67,8.79,35.09,2.22,75.45,1,52.88,2.02,3.65,2024-02-22
S107400,8.8,0.0,2.6,5.95,23.52,6.14,86.72,1,75.4,0.0,3.64,2024-02-27
S107401,5.99,11.15,1.44,8.69,79.64,7.05,43.19,2,31.57,4.38,0.43,2024-04-17
S107402,6.33,5.46,0.11,8.14,68.18,6.44,79.59,4,42.35,1.29,15.06,2024-02-22
S107403,6.65,6.16,3.52,3.98,41.55,8.59,89.01,1,62.75,1.51,5.34,2024-03-21
S107404,5.04,3.22,1.87,2.88,36.6,1.97,54.39,2,63.41,0.82,5.14,2024-03-08
S107405,4.25,5.54,0.24,7.27,33.2,4.16,76.98,2,46.31,1.71,2.0,2024-02-02
S107406,9.32,5.82,2.15,2.98,50.39,4.23,60.5,2,65.94,1.48,2.1,2024-04-02
S107407,6.21,9.4,2.96,5.8,63.66,5.89,39.39,0,47.75,2.49,1.11,2024-03-21
S107408,4.77,6.505,0.7,1.77,47.99,4.51,59.8,1,60.07,0.77,11.89,2024-03-06
S107409,7.39,7.2,2.95,5.45,31.34,4.96,45.68,4,62.85,1.06,2.81,2024-03-25
S107410,5.61,7.66,0.84,6.62,56.19,3.33,53.21,3,46.25,2.13,0.21,2024-04-01
S107411,4.88,5.92,0.03,3.07,44.12,7.3,75.98,2,57.97,1.26,0.61,2024-03-04
S107412,5.46,6.41,1.13,5.27,86.79,7.25,57.9,3,33.12,1.23,0.56,2024-04-06
S107413,4.29,7.42,0.4,4.58,15.51,6.77,83.92,1,62.6,1.77,3.17,2024-03-14
S107414,4.76,2.4,0.12,7.03,48.11,3.39,34.41,0,36.82,0.77,2.04,2024-02-02
S107415,7.41,5.52,1.42,4.28,46.81,5.88,39.09,3,63.09,1.54,2.37,2024-02-20
S107416,6.32,5.02,3.94,5.67,23.71,1.51,53.11,4,62.18,1.3,4.79,2024-03-03
S107417,5.79,6.93,2.75,2.84,72.91,1.95,45.67,2,48.33,3.25,7.35,2024-03-10
S107418,7.97,11.82,0.17,5.32,35.69,6.22,62.21,0,66.65,3.44,8.6,2024-03-26
S107419,7.15,4.26,0.36,9.92,21.73,1.0,60.0,0,49.05,1.67,6.45,2024-04-04
S107420,5.61,11.26,6.02,4.83,69.49,7.61,77.94,2,49.07,3.52,4.42,2024-08-02
S107421,4.12,4.99,1.39,7.01,46.46,4.88,41.95,1,50.75,2.43,5.98,2024-02-05
S107422,5.42,6.64,1.91,7.52,62.81,7.12,70.54,2,36.01,1.72,6.51,2024-04-18
S107423,7.93,7.79,0.79,7.99,38.19,4.42,59.09,2,52.78,3.15,4.49,2024-04-10
S107424,4.87,1.86,2.68,5.95,70.09,8.31,45.83,0,39.5,0.57,4.39,2024-04-19
S107425,9.15,10.71,2.73,8.46,62.81,3.41,68.22,4,46.0,2.63,12.06,2024-04-18
S107426,5.86,6.505,1.15,4.26,24.54,4.48,34.56,3,65.1,1.35,1.64,2024-04-27
S107427,4.28,7.1,0.05,6.61,41.22,5.47,67.1,1,44.24,5.53,2.3,2024-04-21
S107428,5.54,11.31,3.45,2.44,38.87,1.0,38.28,1,63.93,3.11,5.06,2024-03-30
S107429,8.16,5.8,1.47,5.62,34.62,3.44,33.74,3,64.01,1.39,0.91,2024-02-04
S107430,5.31,7.49,4.3,6.73,53.8,6.33,69.7,3,43.08,2.04,3.95,2024-03-09
S107431,6.79,2.97,0.01,5.13,40.87,6.44,56.7,2,58.7,11.88,20.0,2024-04-16
S107432,7.19,8.26,1.85,5.33,31.05,5.14,36.15,3,61.53,2.45,12.51,2024-04-22
S107433,5.39,6.17,0.71,7.52,59.47,8.08,37.11,0,36.81,1.4,1.27,2024-02-20
S107434,7.63,5.92,1.66,4.12,2.91,4.48,68.52,3,75.44,0.86,1.18,2024-02-09
S107435,8.14,6.0,0.81,6.53,81.32,4.96,78.57,3,41.22,1.94,0.47,2024-04-26
S107436,7.27,8.82,3.94,6.01,48.05,7.53,70.36,2,53.3,1.47,1.52,2024-04-08
S107437,3.72,5.2,0.37,6.27,82.08,9.19,34.04,1,30.41,3.65,3.4,2024-02-18
S107438,6.6,8.47,0.51,4.54,35.17,7.53,58.67,3,65.56,4.04,20.0,2024-03-18
S107439,7.19,7.21,0.29,10.0,17.68,5.12,61.04,3,46.83,28.84,1.76,2024-02-21
S107440,7.42,1.38,0.32,5.78,66.87,5.68,85.25,3,48.14,0.33,15.61,2024-04-12
S107441,8.72,7.49,3.38,5.45,26.07,5.22,63.66,2,76.03,4.01,7.27,2024-03-14
S107442,6.59,7.43,2.37,7.15,28.25,6.58,56.13,3,48.53,2.63,5.85,2024-04-15
S107443,6.25,4.84,0.33,2.38,52.53,5.5,74.1,3,69.03,1.53,5.58,2024-04-14
S107444,3.35,4.88,2.33,8.17,79.59,4.58,66.85,0,33.58,0.88,1.06,2024-04-15
S107445,4.56,6.35,1.22,7.65,57.7,5.83,51.27,2,33.22,2.48,0.33,2024-03-22
S107446,7.75,7.75,2.79,5.54,54.28,5.54,72.9,0,57.01,2.98,10.53,2024-03-25
S107447,4.59,7.59,1.04,9.79,20.87,6.41,41.84,0,38.26,2.37,1.92,2024-04-04
S107448,5.85,2.82,5.96,4.74,40.58,5.87,100.0,1,55.89,0.66,1.64,2024-03-14
S107449,3.85,6.49,0.21,1.0,40.42,3.2,49.16,1,65.23,4.27,0.48,2024-02-08
S107450,5.78,2.91,1.28,4.86,30.94,1.49,51.83,1,59.9,0.93,1.92,2024-03-14
S107451,4.49,6.86,0.06,5.1,37.65,3.55,62.17,3,50.4,2.59,6.71,2024-02-19
S107452,6.83,7.32,1.26,5.02,17.51,5.17,88.42,2,63.33,2.82,3.52,2024-03-26
S107453,6.07,4.44,0.96,5.4,56.29,5.45,49.32,1,44.02,1.71,14.32,2024-05-02
S107454,6.66,5.62,0.34,4.12,44.01,6.01,65.84,2,58.98,3.67,9.5,2024-02-17
S107455,4.04,0.59,0.14,4.64,0.0,3.64,78.13,2,76.02,2.34,1.59,2024-03-11
S107456,5.89,5.37,0.05,4.73,59.77,1.0,40.19,1,54.06,1.26,7.57,2024-03-24
S107457,7.35,0.99,1.2,7.34,70.03,5.83,75.56,4,42.73,0.6,6.43,2024-04-29
S107458,3.0,5.94,1.51,8.44,52.95,2.59,23.87,1,34.27,2.17,0.55,2024-03-14
S107459,5.32,7.11,0.04,7.65,53.4,3.51,61.92,2,44.46,2.68,0.23,2024-03-14
S107460,6.03,6.505,0.34,7.72,61.31,8.17,50.74,1,38.64,1.48,2.53,2024-04-23
S107461,7.3,8.9,0.36,2.69,33.98,6.31,78.52,3,69.64,7.6,2.9,2024-04-04
S107462,7.0,7.09,0.45,3.18,52.28,8.91,40.51,3,55.21,5.59,11.88,2024-03-01
S107463,7.04,7.18,1.06,5.06,66.9,5.27,21.09,3,44.63,4.6,4.46,2024-02-14
S107464,6.63,5.88,1.49,6.4,45.33,10.0,71.9,6,52.28,2.49,1.86,2024-02-16
S107465,7.25,8.39,0.5,5.25,57.95,4.64,64.95,2,53.78,2.4,2.04,2024-02-05
S107466,5.95,5.14,1.55,6.83,45.74,2.95,66.75,2,44.75,1.88,2.84,2024-02-25
S107467,6.01,10.78,4.73,9.1,63.09,2.16,54.25,1,30.25,3.72,2.74,2024-04-06
S107468,4.54,6.0,1.78,6.48,43.83,6.37,53.48,2,50.35,1.91,11.39,2024-04-16
S107469,5.88,7.84,0.37,8.54,38.64,2.96,83.72,1,50.37,3.36,1.01,2024-03-24
S107470,5.82,6.33,1.81,6.76,59.62,2.05,63.39,3,45.46,3.1,2.41,2024-02-22
S107471,8.33,8.76,2.5,8.34,58.78,4.84,82.61,5,38.56,1.36,2.35,2024-03-13
S107472,4.62,4.65,1.15,4.31,56.58,7.21,43.95,0,46.32,3.25,6.72,2024-04-15
S107473,6.54,7.57,2.31,3.35,18.31,9.21,44.28,2,72.24,1.37,2.47,2024-04-11
S107474,5.78,4.45,1.38,7.13,62.27,3.68,62.27,1,45.74,17.81,2.11,2024-02-28
S107475,6.25,10.6,4.76,7.34,37.09,3.69,56.51,1,50.37,10.38,10.4,2024-02-02
S107476,7.69,5.0,0.21,9.22,35.46,3.95,44.0,1,52.28,1.6,5.71,2024-03-18
S107477,6.1,6.03,3.41,3.56,62.18,5.58,73.84,4,54.4,1.69,5.62,2024-04-28
S107478,4.91,6.505,1.29,6.39,47.85,6.27,78.81,2,47.38,0.82,0.76,2024-03-15
S107479,6.34,4.78,0.06,2.99,28.6,9.31,36.51,0,66.98,0.82,2.58,2024-03-04
S107480,7.55,3.46,0.47,8.75,23.35,3.8,57.54,1,66.34,13.83,0.65,2024-04-29
S107481,6.65,2.79,2.59,5.19,0.0,5.49,55.37,3,75.02,1.4,0.45,2024-04-25
S107482,7.18,8.86,2.91,7.84,26.23,4.01,44.24,1,58.31,2.03,3.36,2024-03-03
S107483,4.31,3.61,0.53,5.12,33.51,3.19,49.47,2,53.82,0.97,4.91,2024-02-12
S107484,7.51,3.94,4.24,2.92,62.41,6.03,42.22,4,61.58,1.48,4.49,2024-02-28
S107485,5.54,7.14,0.82,4.12,41.83,7.05,64.46,1,56.78,1.45,13.57,2024-04-01
S107486,4.54,12.57,1.02,4.43,71.96,3.33,38.41,3,48.75,5.24,4.31,2024-04-07
S107487,6.66,0.5,0.09,5.43,28.96,6.07,57.44,1,50.89,0.17,4.62,2024-03-17
S107488,4.23,8.29,3.2,8.63,34.31,4.78,38.23,4,40.7,10.8,7.62,2024-03-30
S107489,6.6,6.49,3.93,7.87,17.0,4.31,56.05,0,61.27,1.64,9.72,2024-02-17
S107490,8.43,8.32,2.71,7.78,50.14,6.86,40.49,2,52.25,2.07,2.55,2024-03-26
S107491,5.45,6.0,0.05,7.43,99.33,6.01,55.24,1,23.31,1.42,2.53,2024-04-28
S107492,4.99,7.97,0.62,6.46,16.09,5.2,47.93,2,59.99,2.55,5.38,2024-02-09
S107493,7.78,9.18,0.06,8.11,30.81,3.82,49.55,1,51.58,3.09,6.63,2024-04-19
S107494,7.14,4.98,2.06,9.97,51.57,2.86,48.7,2,42.89,5.42,2.05,2024-02-26
S107495,7.43,1.25,0.71,6.66,88.08,3.18,43.06,0,39.13,3.24,0.95,2024-02-03
S107496,3.57,2.84,0.15,8.3,35.17,10.0,73.46,2,39.59,0.53,1.59,2024-03-24
S107497,5.06,5.93,2.14,5.06,60.87,8.83,50.03,3,39.26,2.11,8.79,2024-04-24
S107498,8.81,7.34,0.68,7.38,29.89,5.08,42.97,1,63.32,4.3,2.38,2024-03-22
S107499,5.08,8.02,1.98,3.41,10.3,4.58,70.19,2,68.74,1.48,2.94,2024-03-04
S107500,5.59,3.85,5.81,5.66,36.25,7.0,90.33,1,62.27,2.08,5.45,2024-03-12
S107501,6.4,6.17,6.58,3.53,24.05,6.33,78.83,2,65.92,1.51,0.05,2024-04-17
S107502,6.53,5.41,0.29,5.23,40.98,4.1,30.51,2,58.09,2.53,7.19,2024-03-30
S107503,5.97,7.25,4.54,7.18,35.42,2.02,75.35,3,46.25,1.53,7.12,2024-03-21
S107504,3.0,6.9,2.73,7.14,40.85,1.53,28.7,2,43.67,1.67,7.73,2024-02-04
S107505,6.99,4.28,0.46,8.88,41.69,8.42,54.48,1,45.48,1.03,5.92,2024-03-07
S107506,4.61,8.91,2.54,4.75,50.72,4.29,45.04,3,56.32,1.97,0.34,2024-04-22
S107507,7.56,3.66,2.86,2.34,0.0,7.59,80.4,3,86.44,0.91,6.43,2024-02-04
S107508,7.97,11.09,0.15,5.84,30.22,1.8,65.35,3,66.56,4.29,5.04,2024-04-14
S107509,4.7,6.24,4.93,8.19,27.23,6.37,78.46,2,50.58,2.06,7.05,2024-04-14
S107510,6.42,7.81,1.8,7.78,53.61,3.39,49.97,1,38.41,8.45,0.45,2024-02-19
S107511,8.51,5.83,3.78,2.88,51.06,7.97,78.17,1,67.42,2.73,3.22,2024-02-03
S107512,8.63,8.87,0.26,3.13,59.79,3.56,74.38,1,68.74,8.97,3.83,2024-03-18
S107513,7.58,4.09,0.04,8.01,61.98,5.02,100.0,1,44.13,1.39,1.61,2024-01-04
S107514,5.53,2.82,1.95,7.98,34.53,3.25,57.73,1,55.64,7.51,12.4,2024-04-01
S107515,6.83,8.27,0.74,2.72,20.73,9.05,67.4,2,69.62,3.42,10.24,2024-03-30
S107516,4.94,0.54,1.54,4.99,27.97,1.33,67.77,2,57.52,1.67,0.37,2024-04-29
S107517,8.35,2.23,1.78,7.86,27.28,2.57,58.54,3,57.99,0.49,2.31,2024-02-25
S107518,6.75,8.49,0.16,7.77,23.84,5.35,72.07,2,57.05,33.98,2.45,2024-04-23
S107519,8.21,7.42,3.08,4.93,64.08,6.33,56.91,0,49.04,7.98,0.56,2024-04-25
S107520,3.0,8.39,0.47,2.34,68.92,8.18,74.98,3,46.35,33.54,14.89,2024-04-06
S107521,5.47,3.44,0.25,6.99,36.73,7.6,98.01,3,52.25,0.48,4.13,2024-03-03
S107522,5.52,0.0,0.7,4.21,67.2,8.26,69.15,0,41.75,0.0,2.39,2024-04-09
S107523,5.69,1.63,2.29,7.68,28.07,6.11,36.52,4,46.9,0.89,0.48,2024-03-14
S107524,4.5,3.44,0.7,7.85,10.09,6.93,46.52,1,56.95,1.12,3.67,2024-04-19
S107525,6.89,13.37,0.04,6.14,0.0,5.08,59.27,2,71.72,4.09,0.44,2024-03-01
S107526,5.03,2.14,1.88,4.77,58.73,5.45,53.63,2,44.91,0.67,4.4,2024-03-27
S107527,8.85,5.81,0.1,5.82,41.89,5.74,68.6,2,68.79,4.95,3.22,2024-02-15
S107528,5.73,5.81,0.89,7.84,0.0,2.65,55.39,3,58.76,2.35,2.92,2024-04-15
S107529,5.59,9.47,0.64,6.09,61.75,2.38,56.83,0,44.04,4.09,0.83,2024-04-16
S107530,5.25,7.49,1.01,6.2,56.81,6.47,79.42,3,47.51,2.59,0.5,2024-03-26
S107531,7.07,6.66,0.53,3.62,11.53,4.18,65.64,2,73.41,1.82,7.82,2024-04-05
S107532,6.72,9.25,0.24,4.85,67.79,7.3,36.92,0,43.38,3.29,17.32,2024-03-04
S107533,4.9,4.84,1.96,8.0,67.66,6.17,49.02,2,25.66,2.99,9.76,2024-04-09
S107534,3.0,7.82,3.81,3.33,66.53,3.27,71.07,2,46.21,6.41,2.21,2024-02-18
S107535,5.75,7.77,1.81,8.49,36.39,4.28,76.9,2,47.78,1.81,2.21,2024-02-23
S107536,5.07,3.14,1.24,7.15,35.14,4.76,51.37,2,42.77,0.83,0.54,2024-04-03
S107537,6.25,4.87,4.19,4.85,33.23,6.37,74.62,2,64.16,2.88,1.79,2024-04-29
S107538,5.02,4.38,2.26,2.91,27.71,1.0,41.74,1,67.56,1.59,0.41,2024-03-10
S107539,6.67,5.27,1.22,3.79,78.84,2.73,42.98,5,51.97,1.32,14.71,2024-03-02
S107540,4.64,6.15,3.56,6.69,70.42,3.18,47.72,0,41.48,1.03,0.8,2024-04-10
S107541,6.61,4.5,1.07,5.7,31.7,3.79,43.4,1,60.23,1.36,1.93,2024-03-07
S107542,5.92,5.86,0.13,8.99,9.18,6.37,64.01,2,64.77,1.96,4.7,2024-02-06
S107543,7.58,4.01,0.66,7.06,80.03,8.67,70.24,2,41.37,1.12,2.12,2024-02-20
S107544,6.05,4.54,1.68,7.22,47.33,7.43,23.39,1,46.37,1.16,6.56,2024-02-14
S107545,7.13,8.18,0.99,6.21,39.83,6.12,95.28,2,60.66,2.68,0.05,2024-02-26
S107546,5.83,6.25,1.13,7.12,70.36,3.24,52.44,2,36.77,1.68,9.02,2024-03-30
S107547,5.96,6.16,0.64,3.81,60.98,6.62,27.33,2,44.19,1.16,1.03,2024-03-04
S107548,5.29,4.69,0.46,7.45,51.43,3.55,40.65,1,48.35,1.49,0.53,2024-02-08
S107549,4.44,1.86,0.53,1.0,42.71,6.06,93.31,2,59.64,7.45,3.18,2024-02-08
S107550,6.51,2.44,1.17,7.47,52.53,1.46,60.97,1,42.15,0.64,4.96,2024-04-27
S107551,6.22,7.57,0.27,7.74,52.93,5.86,96.13,2,48.93,1.95,4.03,2024-03-05
S107552,8.45,12.45,1.53,9.49,61.53,9.63,77.21,4,41.2,49.8,1.28,2024-02-29
S107553,6.9,10.09,6.54,4.06,100.0,5.18,73.45,0,31.51,2.24,5.97,2024-02-19
S107554,8.85,5.48,0.17,7.47,38.66,6.72,95.89,1,60.83,1.19,0.45,2024-03-22
S107555,8.97,6.505,1.88,1.81,41.49,9.07,90.82,1,71.97,1.36,5.11,2024-02-02
S107556,6.64,6.08,0.09,6.14,43.35,4.04,69.34,5,54.75,3.25,20.0,2024-02-22
S107557,4.85,6.505,5.06,7.61,59.28,5.86,92.05,0,36.27,2.35,1.64,2024-02-28
S107558,5.96,6.42,0.45,2.35,70.96,6.93,26.92,1,49.89,1.94,1.75,2024-02-07
S107559,7.7,4.13,0.02,6.06,58.82,5.01,84.33,3,59.01,1.62,0.3,2024-03-31
S107560,6.2,7.8,0.74,8.28,60.0,4.74,69.3,2,36.45,5.26,4.52,2024-02-23
S107561,7.81,12.05,1.36,7.64,36.4,6.36,78.2,1,53.21,1.92,4.3,2024-03-13
S107562,5.77,3.91,0.14,5.51,57.25,6.77,73.01,2,46.13,5.37,0.13,2024-01-03
S107563,6.42,5.26,2.36,2.21,65.96,7.33,48.08,3,54.09,2.28,3.86,2024-03-03
S107564,7.58,7.6,0.53,6.4,26.04,5.15,77.01,1,61.82,2.14,2.41,2024-02-13
S107565,7.21,4.07,2.55,8.33,41.37,7.61,24.99,2,47.32,1.12,3.74,2024-02-21
S107566,6.76,6.62,4.43,5.36,12.4,3.83,62.01,0,66.25,2.05,4.26,2024-12-03
S107567,6.65,5.24,0.58,5.09,44.95,1.66,16.96,4,53.75,1.38,4.63,2024-03-14
S107568,7.1,2.54,0.03,9.58,43.56,7.49,79.72,1,44.65,0.82,6.94,2024-03-29
S107569,6.18,10.37,1.09,3.89,47.07,5.01,68.4,2,57.36,3.13,0.82,2024-02-26
S107570,7.69,1.62,0.04,4.47,23.17,3.95,63.91,0,67.14,2.45,0.58,2024-04-27
S107571,5.49,7.93,2.54,6.44,40.97,6.35,69.94,1,47.68,2.08,3.87,2024-04-08
S107572,10.0,7.09,0.93,1.49,10.05,5.05,59.63,1,91.27,2.43,14.3,2024-02-25
S107573,6.63,7.43,0.47,6.19,54.03,6.34,44.93,2,45.96,2.08,3.17,2024-02-22
S107574,5.14,6.95,0.76,5.76,48.77,9.24,63.82,2,51.49,2.4,0.73,2024-04-20
S107575,4.05,10.45,1.03,5.71,47.54,4.06,75.79,5,49.57,3.54,3.04,2024-02-28
S107576,5.04,8.83,2.41,7.4,9.48,2.8,65.64,0,52.97,4.37,0.46,2024-02-29
S107577,6.85,6.08,1.25,4.92,77.39,5.72,81.97,1,46.15,2.49,11.75,2024-03-27
S107578,5.62,7.29,1.51,3.84,16.36,9.2,36.89,4,68.85,2.14,0.66,2024-04-03
S107579,7.92,9.33,0.62,3.14,20.23,5.06,50.02,2,76.91,1.64,0.19,2024-04-28
S107580,5.81,11.09,1.13,1.55,73.22,8.69,21.1,3,49.35,2.66,2.2,2024-04-26
S107581,4.84,4.13,0.08,5.37,70.94,5.12,39.25,1,40.6,0.9,1.72,2024-04-13
S107582,5.85,6.38,0.61,5.79,85.65,7.28,52.97,1,37.61,1.69,0.36,2024-01-02
S107583,5.53,3.07,0.85,7.74,55.44,5.62,61.71,3,38.36,1.06,5.79,2024-04-19
S107584,6.02,5.38,1.32,9.19,81.68,5.9,54.93,0,17.44,2.69,5.97,2024-03-19
S107585,4.68,6.61,0.78,4.9,57.41,6.6,69.55,1,46.31,1.22,1.28,2024-03-05
S107586,6.09,4.31,1.53,6.47,75.11,8.09,48.94,3,31.41,1.76,3.12,2024-07-02
S107587,3.65,6.03,0.87,6.52,61.3,3.09,59.8,0,31.86,1.93,2.06,2024-04-11
S107588,6.48,9.09,0.14,8.86,67.04,5.62,54.83,4,36.01,36.35,5.41,2024-03-19
S107589,6.1,5.95,4.83,6.3,37.78,4.96,79.3,0,52.84,2.61,2.95,2024-04-16
S107590,6.07,5.57,0.67,7.15,45.34,7.21,70.28,3,51.67,22.29,8.37,2024-03-29
S107591,5.15,2.05,0.18,9.65,38.23,4.73,60.9,3,40.68,0.64,9.52,2024-10-03
S107592,6.21,6.52,7.61,4.23,63.87,3.77,64.43,1,49.45,1.22,0.29,2024-04-04
S107593,6.56,5.31,6.34,6.44,59.34,7.7,92.99,1,46.54,0.86,1.4,2024-02-27
S107594,3.85,8.8,1.9,7.63,76.56,5.31,55.35,3,27.24,3.73,0.25,2024-03-07
S107595,7.65,3.35,7.1,6.15,39.65,6.01,54.15,1,56.25,0.75,0.23,2024-02-13
S107596,6.07,7.05,8.0,5.19,0.0,3.0,40.3,3,66.1,8.32,5.41,2024-02-21
S107597,6.97,5.0,8.0,4.84,78.0,5.48,50.3,1,36.24,9.82,1.67,2024-02-26
S107598,8.42,8.59,0.36,7.5,35.64,2.94,31.28,1,54.33,34.35,1.81,2024-04-01
S107599,4.56,6.97,1.66,4.11,49.3,7.32,52.54,1,48.03,3.31,15.63,2024-03-05
S107600,4.9,3.25,1.96,4.05,25.28,9.31,46.5,1,64.08,0.91,5.99,2024-03-06
S107601,4.95,4.32,1.96,8.2,37.1,6.27,49.25,1,55.62,0.64,2.35,2024-02-15
S107602,6.35,11.35,1.04,2.62,70.23,4.72,58.33,2,63.66,4.13,0.34,2024-10-04
S107603,4.89,8.73,2.69,1.36,6.92,7.24,73.77,0,68.54,3.14,4.52,2024-02-06
S107604,5.08,7.07,0.25,8.37,24.8,7.89,71.19,0,45.93,1.68,2.15,2024-03-12
S107605,8.74,5.79,1.56,8.37,44.45,4.05,54.57,2,54.49,1.5,4.01,2024-04-01
S107606,5.95,5.97,1.41,5.27,17.14,4.33,40.23,2,65.29,5.98,1.88,2024-03-26
S107607,6.87,4.98,1.7,8.37,28.34,6.97,67.06,0,53.55,1.43,8.62,2024-02-18
S107608,7.71,5.0,1.89,3.67,30.12,9.87,67.5,6,67.63,1.32,2.29,2024-04-18
S107609,8.35,6.24,0.88,5.2,19.47,8.52,68.93,2,72.03,2.83,9.46,2024-02-15
S107610,4.3,7.35,2.31,5.8,84.12,1.4,32.27,4,32.47,1.95,1.99,2024-02-03
S107611,6.85,2.23,0.44,5.0,42.41,8.8,55.17,4,66.77,0.46,4.82,2024-02-13
S107612,7.39,2.24,2.84,7.95,27.94,1.57,94.56,1,53.11,1.4,0.48,2024-03-16
S107613,7.87,6.55,4.13,9.31,61.01,6.06,55.79,2,49.97,26.2,3.44,2024-04-10
S107614,5.38,5.36,1.87,3.14,26.91,3.0,52.47,5,66.61,1.6,1.51,2024-04-03
S107615,5.71,4.78,2.15,4.93,40.02,3.43,72.48,0,53.71,19.14,4.68,2024-02-08
S107616,6.58,9.12,0.62,5.57,61.49,5.17,61.81,3,48.38,3.89,6.46,2024-03-13
S107617,6.38,7.65,0.63,3.89,35.33,4.57,59.22,3,66.31,3.83,8.97,2024-04-06
S107618,5.86,4.94,6.95,1.0,30.82,2.44,55.95,2,79.24,2.37,5.89,2024-03-11
S107619,5.46,3.66,1.15,6.24,93.36,1.75,25.63,1,29.04,0.55,0.98,2024-02-15
S107620,6.14,7.11,0.24,5.08,50.35,6.28,62.52,1,54.26,1.75,2.76,2024-08-02
S107621,5.91,7.79,0.09,4.91,3.75,6.3,63.24,4,76.65,3.27,1.05,2024-02-28
S107622,6.66,0.29,0.84,7.35,58.87,4.93,63.23,1,43.33,0.05,0.03,2024-03-11
S107623,5.44,7.54,3.87,7.2,63.94,3.96,50.29,4,43.17,2.36,9.23,2024-02-10
S107624,4.88,10.8,0.99,8.57,11.28,10.0,70.48,1,58.87,3.46,9.3,2024-04-13
S107625,5.67,7.45,0.9,6.24,32.12,2.31,100.0,2,55.28,2.84,4.98,2024-03-14
S107626,6.01,8.72,0.55,2.76,44.9,5.52,64.16,3,67.24,2.41,4.2,2024-03-12
S107627,7.8,4.35,1.07,7.04,47.44,7.04,60.23,4,47.53,1.4,2.18,2024-02-01
S107628,5.76,7.18,6.43,5.42,53.45,4.91,48.86,1,48.05,1.83,4.47,2024-03-15
S107629,3.36,7.82,1.92,5.63,51.5,5.68,44.49,1,40.33,12.41,4.79,2024-04-07
S107630,9.4,10.52,3.8,5.67,10.42,7.2,36.38,1,74.52,3.16,9.7,2024-10-03
S107631,8.01,5.5,4.67,4.86,53.69,2.94,78.8,1,56.33,1.11,11.07,2024-02-04
S107632,7.15,6.0,1.4,3.33,14.38,4.9,74.95,5,79.45,1.63,2.74,2024-02-25
S107633,6.99,10.82,1.01,6.36,74.11,8.36,65.01,1,45.51,4.6,1.94,2024-03-27
S107634,6.38,4.74,0.1,9.62,44.89,6.65,44.46,1,45.31,2.03,4.25,2024-05-02
S107635,8.79,7.13,0.91,6.18,39.95,4.23,62.22,2,62.64,2.87,6.54,2024-02-02
S107636,4.61,6.41,0.37,7.76,67.29,4.34,62.58,5,35.13,1.94,7.0,2024-02-25
S107637,7.38,3.68,1.71,9.65,43.63,7.37,46.13,2,49.99,0.71,0.35,2024-03-19
S107638,7.39,7.83,1.24,3.57,74.65,6.0,37.88,2,55.51,10.58,7.78,2024-11-03
S107639,9.67,5.97,0.03,5.59,45.53,5.33,47.53,2,60.85,1.62,0.06,2024-04-02
S107640,6.21,5.86,1.2,6.77,29.52,8.67,64.09,0,52.04,3.17,3.49,2024-02-02
S107641,8.49,10.43,0.6,8.26,43.92,5.21,73.72,4,55.95,15.99,6.26,2024-04-23
S107642,6.95,0.4,1.98,3.31,15.59,6.36,68.55,1,75.79,0.12,0.2,2024-02-27
S107643,4.94,7.07,0.09,4.59,80.46,4.29,44.34,3,28.49,4.51,2.59,2024-02-23
S107644,4.78,6.2,2.89,8.4,12.92,3.13,55.88,1,60.2,1.68,0.12,2024-02-23
S107645,8.03,7.11,0.48,4.41,40.66,8.94,70.75,4,66.93,2.68,2.53,2024-03-25
S107646,4.67,5.83,0.25,6.48,32.56,6.54,50.12,1,55.26,2.97,0.11,2024-03-14
S107647,5.93,4.92,0.94,4.71,55.43,4.57,26.86,1,52.7,5.15,8.41,2024-04-08
S107648,8.7,6.55,1.59,10.0,42.05,8.83,93.5,1,45.57,3.57,0.38,2024-04-28
S107649,5.0,7.64,4.97,6.11,69.13,4.64,50.69,1,37.61,3.75,5.14,2024-02-26
S107650,7.15,8.18,0.03,5.25,44.29,2.65,74.76,1,55.25,3.29,1.87,2024-03-21
S107651,9.09,5.27,0.66,7.25,48.63,8.78,73.6,0,58.16,2.35,1.41,2024-03-13
S107652,8.53,7.71,0.41,1.84,33.51,5.87,52.8,2,74.11,1.84,0.62,2024-02-29
S107653,7.47,6.08,4.45,4.94,51.13,6.66,76.32,3,60.94,1.82,1.32,2024-03-25
S107654,5.32,4.9,0.75,5.73,48.64,5.63,62.24,2,41.97,1.31,2.24,2024-02-23
S107655,8.92,8.22,0.26,7.26,23.51,8.97,66.45,2,67.7,1.76,5.83,2024-12-02
S107656,7.06,7.39,0.74,4.29,66.37,3.83,69.19,0,46.89,4.38,3.2,2024-04-29
S107657,6.43,8.33,1.69,2.95,39.37,7.04,36.83,0,65.68,2.92,1.68,2024-02-11
S107658,4.82,5.99,3.64,8.18,16.55,5.68,24.3,1,56.45,1.37,3.04,2024-03-19
S107659,3.29,2.86,2.27,8.28,51.94,4.01,41.37,0,32.02,2.46,1.67,2024-04-20
S107660,6.9,8.87,0.59,3.63,41.61,6.7,75.85,2,64.79,10.92,1.29,2024-02-25
S107661,5.71,6.36,0.68,5.08,19.22,5.87,76.55,1,58.69,1.51,4.3,2024-02-11
S107662,3.94,6.505,1.74,8.2,54.51,9.16,72.05,2,30.87,1.2,8.78,2024-04-27
S107663,7.62,6.505,5.21,5.23,37.55,5.87,39.13,1,60.16,3.83,1.87,2024-04-03
S107664,6.7,8.08,1.0,4.74,48.04,5.57,64.1,1,45.19,21.25,3.77,2024-04-04
S107665,5.49,7.16,4.76,6.02,26.88,3.47,55.89,3,57.46,2.65,5.92,2024-02-26
S107666,5.77,8.79,0.08,7.16,62.59,3.23,64.25,4,47.0,3.93,1.05,2024-04-11
S107667,7.13,6.75,3.22,6.05,57.42,2.92,54.15,3,52.2,3.57,4.57,2024-02-08
S107668,7.08,4.7,0.4,3.21,20.61,7.81,62.17,0,64.0,18.79,2.72,2024-02-17
S107669,5.08,5.26,0.24,3.38,57.54,6.54,51.95,3,53.27,1.5,1.43,2024-11-03
S107670,7.64,7.6,0.5,7.24,27.69,3.09,76.05,0,59.91,11.2,2.85,2024-12-03
S107671,6.08,3.98,0.06,5.97,32.86,5.09,48.23,3,55.29,0.76,1.8,2024-04-24
S107672,4.93,6.06,1.38,5.3,64.63,5.83,67.94,0,45.36,2.37,0.38,2024-04-09
S107673,6.17,5.23,0.93,4.99,48.36,5.26,12.46,1,53.65,2.43,1.34,2024-03-28
S107674,6.4,6.505,0.14,6.15,36.42,5.64,68.1,2,53.82,1.92,1.02,2024-02-15
S107675,8.0,14.0,0.98,2.61,26.84,3.97,54.29,1,77.99,3.51,6.21,2024-04-01
S107676,7.31,1.55,1.79,10.0,65.75,6.3,46.25,3,32.19,0.79,3.31,2024-03-11
S107677,3.19,7.19,0.18,4.74,44.97,4.93,47.71,4,41.31,13.02,0.89,2024-03-30
S107678,4.62,3.83,4.36,8.84,31.82,6.69,66.12,1,49.02,1.43,3.43,2024-03-03
S107679,7.47,11.64,0.23,3.5,34.34,7.16,31.72,2,70.59,3.28,4.68,2024-04-03
S107680,6.74,5.77,0.65,5.61,40.1,3.04,50.16,1,56.96,1.75,3.97,2024-03-13
S107681,5.0,6.01,0.47,7.78,78.36,5.65,84.43,1,34.36,1.04,7.14,2024-02-10
S107682,5.63,7.52,0.3,4.79,42.63,8.08,69.5,3,54.69,1.87,5.68,2024-03-01
S107683,8.62,8.05,0.77,6.3,34.56,5.81,52.29,3,63.36,3.73,5.63,2024-03-08
S107684,3.01,6.14,0.21,6.12,68.89,3.35,32.62,5,29.88,1.61,0.35,2024-03-16
S107685,8.11,9.6,0.04,5.65,4.98,6.04,58.89,1,77.67,6.39,3.75,2024-02-15
S107686,7.86,6.55,2.52,6.57,49.26,2.08,74.29,1,56.89,1.0,4.12,2024-12-03
S107687,5.51,9.12,0.55,6.14,60.03,2.01,46.02,0,39.65,4.52,6.4,2024-02-02
S107688,5.97,5.61,6.34,5.68,50.64,3.2,99.85,2,45.15,3.86,12.52,2024-02-27
S107689,6.86,4.17,8.0,6.64,27.35,6.63,59.33,1,55.91,2.64,1.4,2024-04-25
S107690,6.47,5.23,0.08,6.18,45.34,7.97,100.0,3,46.65,1.74,1.79,2024-02-27
S107691,6.95,4.36,0.51,8.09,69.96,8.8,63.41,2,37.49,1.24,9.33,2024-03-30
S107692,8.03,2.59,2.32,6.39,11.37,10.0,53.6,1,67.79,0.61,3.65,2024-04-07
S107693,5.46,4.6,0.92,4.55,47.53,6.54,62.19,0,51.45,0.77,4.77,2024-03-20
S107694,6.35,3.59,0.54,4.88,59.99,6.05,84.38,5,51.12,1.73,1.41,2024-02-12
S107695,7.0,7.93,0.56,10.0,0.0,8.61,67.51,1,64.03,2.29,7.69,2024-03-24
S107696,5.74,10.3,8.0,8.2,8.41,2.57,47.93,1,55.34,5.68,0.58,2024-03-27
S107697,6.31,3.85,0.54,4.87,56.04,4.82,44.23,3,52.46,1.38,4.82,2024-03-08
S107698,8.4,6.77,0.38,3.78,26.28,7.86,55.94,3,71.86,3.21,3.14,2024-04-11
S107699,3.47,4.26,0.68,4.7,40.25,6.59,50.99,2,51.47,1.13,3.35,2024-04-16
S107700,6.75,8.87,2.11,6.94,44.85,2.36,58.42,0,54.16,35.49,0.07,2024-08-02
S107701,5.6,9.77,2.11,4.62,33.91,3.08,71.2,1,56.53,2.35,2.33,2024-03-14
S107702,4.75,5.12,1.42,7.21,30.67,2.39,51.03,3,48.84,1.38,6.45,2024-03-24
S107703,6.03,8.22,0.11,6.13,39.16,6.56,45.83,0,55.91,1.91,0.11,2024-03-09
S107704,6.88,2.07,1.08,7.5,100.0,7.19,61.2,1,30.7,0.46,12.04,2024-02-26
S107705,7.51,7.4,6.22,4.68,14.87,4.09,81.19,1,76.87,4.99,1.1,2024-04-28
S107706,5.28,6.505,1.33,7.86,55.31,2.49,46.12,2,37.5,2.62,4.3,2024-02-18
S107707,7.26,7.16,0.77,6.29,17.04,3.68,78.04,2,61.96,4.43,3.91,2024-02-16
S107708,8.4,8.2,0.17,1.96,49.52,6.56,64.64,0,66.79,1.59,3.98,2024-12-02
S107709,6.61,9.42,0.28,5.47,43.08,5.94,49.6,0,47.76,2.9,0.18,2024-04-21
S107710,7.37,12.44,0.43,6.58,29.06,3.44,72.33,2,62.84,13.1,6.86,2024-02-12
S107711,7.01,6.505,0.62,4.09,31.53,5.37,59.03,5,65.52,1.84,9.61,2024-04-12
S107712,7.29,6.47,1.09,7.14,67.2,1.0,70.78,1,43.86,1.25,4.67,2024-04-25
S107713,5.03,8.27,0.96,8.63,73.01,6.67,42.25,1,22.63,2.87,9.16,2024-04-26
S107714,8.07,4.67,0.42,7.68,54.26,2.2,71.31,0,51.51,1.06,0.35,2024-02-23
S107715,7.01,8.72,4.72,8.59,38.62,6.21,42.25,2,62.31,3.75,7.81,2024-03-13
S107716,8.94,4.31,6.4,7.59,47.76,7.06,70.05,2,59.98,2.38,1.34,2024-04-07
S107717,7.52,6.84,0.15,7.1,44.59,5.33,77.7,3,51.79,3.25,15.06,2024-02-14
S107718,5.14,4.52,1.73,6.74,32.86,5.12,77.76,2,49.84,2.24,3.26,2024-04-06
S107719,8.01,3.59,0.0,5.28,66.63,7.47,39.17,4,53.75,1.0,2.96,2024-04-27
S107720,8.3,6.63,0.02,7.06,25.28,5.84,46.86,3,64.01,2.19,5.79,2024-11-03
S107721,7.86,4.26,4.28,6.12,57.46,8.43,54.09,1,53.76,4.44,3.57,2024-02-16
S107722,5.96,3.58,0.05,2.49,60.53,3.92,30.36,0,58.28,6.58,5.47,2024-03-05
S107723,5.8,5.81,1.17,5.9,31.46,7.41,62.48,1,57.36,1.15,1.68,2024-02-10
S107724,8.27,4.15,5.36,4.83,59.34,6.68,41.24,1,53.38,2.82,5.44,2024-03-12
S107725,5.29,7.03,8.0,8.42,47.96,5.63,90.36,1,38.8,2.85,4.36,2024-03-01
S107726,7.61,7.71,0.34,5.21,47.55,9.15,45.02,0,58.54,1.32,11.62,2024-02-05
S107727,6.57,7.55,1.57,6.21,24.9,4.57,55.65,2,58.12,1.84,4.47,2024-04-29
S107728,5.46,11.01,2.18,2.95,11.4,10.0,51.17,3,75.93,1.81,1.15,2024-04-05
S107729,5.86,6.35,2.81,8.01,48.67,5.11,68.65,2,41.51,1.31,1.93,2024-02-28
S107730,5.63,5.58,0.26,10.0,42.78,1.7,64.98,1,38.94,1.58,4.26,2024-02-17
S107731,7.09,7.03,0.46,5.25,46.57,4.22,63.69,0,50.22,1.42,1.05,2024-03-01
S107732,5.45,5.17,0.63,7.3,53.3,6.72,99.08,4,42.05,2.39,2.06,2024-04-13
S107733,6.27,3.1,0.0,6.91,18.57,5.17,62.01,5,66.51,1.1,2.7,2024-02-03
S107734,6.05,7.72,5.34,3.12,61.87,4.29,61.14,0,43.76,2.78,1.63,2024-03-22
S107735,6.93,4.42,0.04,8.31,56.05,5.62,75.29,2,34.78,1.5,3.13,2024-03-28
S107736,7.8,4.36,0.41,8.34,58.2,7.85,64.41,2,46.43,0.89,15.24,2024-02-25
S107737,4.3,5.56,0.36,5.73,41.76,5.17,72.03,1,43.62,1.28,1.24,2024-04-27
S107738,6.96,6.58,2.47,2.28,43.73,3.23,70.65,1,64.91,1.64,1.36,2024-02-26
S107739,5.41,5.27,0.14,10.0,0.0,5.56,53.5,1,47.55,1.55,2.32,2024-03-15
S107740,6.1,0.94,1.68,8.49,50.74,2.4,62.39,2,40.83,0.32,0.32,2024-04-06
S107741,6.19,6.48,1.63,5.29,49.55,5.32,84.73,0,53.17,1.92,2.73,2024-03-26
S107742,8.58,7.04,0.41,8.53,47.09,5.53,0.98,0,43.19,3.06,0.16,2024-02-05
S107743,8.5,7.31,1.65,1.0,54.04,2.82,90.53,2,76.22,1.45,2.93,2024-03-09
S107744,6.04,10.7,0.17,1.95,28.57,8.7,94.44,1,76.71,3.81,3.39,2024-02-16
S107745,6.04,4.09,0.94,4.77,46.22,5.16,37.87,0,56.43,1.08,4.1,2024-02-19
S107746,8.4,11.06,2.74,8.34,44.96,1.0,64.44,6,57.9,2.96,10.69,2024-03-23
S107747,7.1,7.43,0.22,4.4,17.28,5.22,44.46,2,73.05,2.83,1.72,2024-02-20
S107748,9.01,4.78,1.7,7.99,59.09,5.01,70.01,2,58.52,1.26,6.14,2024-03-09
S107749,5.41,10.94,2.06,6.2,13.17,3.67,47.3,1,64.7,2.91,6.31,2024-04-07
S107750,7.98,5.89,0.46,5.31,58.04,1.4,24.85,2,56.79,2.01,1.21,2024-03-28
S107751,5.69,9.08,3.21,6.49,19.19,7.3,49.46,3,61.74,3.06,0.59,2024-02-28
S107752,3.0,3.69,0.9,5.39,18.68,3.43,80.87,1,53.1,2.97,0.68,2024-02-03
S107753,7.44,9.21,1.76,5.47,48.67,6.01,55.2,1,53.95,3.66,4.14,2024-03-11
S107754,5.05,8.8,4.91,8.7,24.72,4.26,65.27,2,48.77,2.01,3.76,2024-04-23
S107755,7.38,5.86,2.27,8.6,83.2,4.95,62.77,6,33.6,1.16,1.49,2024-03-10
S107756,5.96,10.21,2.29,6.65,75.87,5.51,34.18,4,35.54,2.06,2.15,2024-04-22
S107757,8.13,3.21,3.44,7.83,49.66,4.01,28.19,0,55.66,0.81,1.33,2024-02-27
S107758,4.47,12.03,1.98,8.03,36.37,6.12,44.06,1,47.09,8.16,0.84,2024-04-28
S107759,4.18,2.99,0.24,3.96,36.21,7.86,65.87,0,58.43,0.6,0.72,2024-03-28
S107760,8.47,7.31,0.26,5.69,11.84,3.48,100.0,3,71.89,1.12,2.42,2024-04-19
S107761,7.91,6.55,1.65,1.0,65.73,7.88,14.21,1,60.42,10.57,6.25,2024-04-23
S107762,6.52,0.0,1.95,7.7,52.34,4.49,99.69,0,43.01,0.0,6.18,2024-04-23
S107763,4.1,7.22,1.33,8.23,40.28,5.02,40.75,2,37.34,1.5,19.53,2024-03-19
S107764,7.57,5.51,0.25,4.86,42.1,2.4,53.39,2,62.7,15.63,13.9,2024-03-29
S107765,9.82,3.81,2.3,7.53,38.73,9.33,78.01,1,60.06,2.63,3.06,2024-03-05
S107766,5.86,4.71,1.27,3.51,74.58,6.05,37.71,2,46.0,2.98,0.36,2024-02-13
S107767,5.81,2.44,1.67,2.38,78.04,9.98,67.14,1,48.41,0.93,0.7,2024-03-30
S107768,5.19,8.94,1.96,6.63,29.64,6.36,62.95,1,54.33,3.77,9.23,2024-04-26
S107769,7.0,3.69,2.39,9.89,23.39,7.76,72.11,2,49.75,1.47,2.45,2024-03-13
S107770,6.25,5.52,0.24,9.58,61.31,5.57,80.61,1,35.34,1.21,6.35,2024-04-22
S107771,4.21,9.86,0.96,6.33,37.65,6.42,41.52,3,49.63,2.49,3.78,2024-08-03
S107772,5.34,10.96,0.16,7.07,16.78,4.83,50.75,1,61.49,2.59,4.71,2024-03-04
S107773,7.68,2.62,2.83,8.65,43.19,8.27,58.59,2,44.91,0.95,11.08,2024-02-24
S107774,4.76,7.33,0.38,1.26,18.0,4.42,67.9,4,76.02,3.81,2.29,2024-04-22
S107775,6.7,9.81,0.21,5.56,58.92,4.4,15.5,2,50.33,5.38,1.88,2024-02-22
S107776,7.78,9.17,0.82,5.01,33.72,7.32,49.95,4,62.7,2.38,1.37,2024-02-09
S107777,7.39,3.36,0.01,3.77,67.37,6.39,40.55,2,57.91,4.8,6.3,2024-03-20
S107778,3.83,5.25,1.39,7.11,31.83,5.84,70.68,1,43.04,2.91,0.79,2024-04-10
S107779,7.14,7.05,4.3,6.89,32.78,3.38,59.64,2,52.65,2.54,12.52,2024-04-21
S107780,4.76,8.8,0.5,4.02,67.08,5.07,61.7,0,48.74,35.19,16.08,2024-02-29
S107781,3.5,8.43,0.36,10.0,37.64,8.53,44.5,0,35.25,2.16,1.89,2024-02-22
S107782,6.74,3.09,0.2,5.43,53.69,10.0,62.02,3,52.68,0.76,9.88,2024-02-03
S107783,4.03,8.2,1.03,1.0,25.41,3.5,67.8,2,71.96,2.11,0.92,2024-04-05
S107784,5.97,9.23,0.73,5.62,41.69,6.22,60.66,1,54.11,6.84,5.33,2024-04-15
S107785,8.04,10.28,0.54,5.07,51.24,6.55,62.51,0,54.08,2.75,2.46,2024-03-20
S107786,7.08,7.77,1.61,10.0,54.88,2.88,63.0,2,41.52,1.86,6.61,2024-02-17
S107787,6.11,4.3,0.9,6.31,62.28,5.52,66.9,3,42.4,1.47,12.26,2024-02-25
S107788,7.61,7.35,0.79,7.27,35.64,4.17,50.68,1,53.58,1.72,3.18,2024-02-22
S107789,6.38,7.25,0.17,7.13,58.2,6.6,65.8,6,48.83,2.15,2.07,2024-03-11
S107790,7.42,3.35,4.78,4.32,65.26,5.49,66.3,1,40.31,1.34,0.33,2024-02-19
S107791,7.87,6.505,1.14,4.9,33.03,4.15,44.04,2,62.48,1.05,4.52,2024-02-04
S107792,4.89,8.03,2.67,6.8,100.0,2.42,35.99,3,25.08,13.38,1.33,2024-03-19
S107793,8.61,9.76,2.4,4.88,11.38,6.37,65.9,0,79.82,1.95,4.63,2024-02-11
S107794,6.1,6.62,6.8,7.8,33.51,6.65,69.44,2,58.33,1.9,1.29,2024-02-29
S107795,6.38,7.0,0.2,7.35,0.0,6.02,61.5,4,69.96,1.54,5.56,2024-02-27
S107796,6.55,4.85,5.82,5.54,44.88,7.11,65.74,4,57.12,1.39,7.32,2024-04-07
S107797,5.9,5.63,0.75,7.28,48.05,3.91,71.67,6,49.44,1.87,1.18,2024-02-04
S107798,5.67,7.89,1.56,3.74,58.74,8.26,56.18,4,52.46,11.06,10.59,2024-03-29
S107799,7.04,8.48,0.86,6.4,22.64,8.11,45.0,0,63.15,2.9,2.39,2024-04-26
S107800,5.43,6.29,0.34,4.76,70.4,5.32,65.62,1,40.33,1.97,0.44,2024-03-07
S107801,6.95,0.92,0.09,6.94,20.22,3.68,53.48,1,69.85,0.15,6.06,2024-04-16
S107802,7.32,6.71,0.36,8.22,30.67,9.29,46.04,3,59.62,26.84,0.29,2024-02-27
S107803,5.48,3.0,2.08,4.83,21.45,1.06,42.1,3,60.9,3.18,11.22,2024-04-13
S107804,5.82,1.71,0.34,2.86,38.73,3.91,52.5,2,63.26,0.34,11.52,2024-02-16
S107805,7.02,4.85,0.12,10.0,0.0,3.84,76.18,2,69.15,1.02,3.97,2024-03-15
S107806,6.24,10.33,8.0,4.75,19.82,8.24,81.44,1,67.24,2.55,8.71,2024-03-03
S107807,7.16,2.7,1.06,5.88,68.28,4.97,43.7,2,43.51,0.74,1.24,2024-12-04
S107808,6.2,6.61,0.01,5.98,57.2,5.5,88.88,0,49.97,4.71,1.01,2024-02-06
S107809,5.81,7.09,1.15,2.44,62.13,6.84,76.23,3,50.46,2.57,0.38,2024-03-25
S107810,5.97,9.86,0.38,10.0,74.41,4.24,77.62,3,23.26,2.26,0.62,2024-04-07
S107811,6.71,4.77,0.89,5.75,54.55,5.8,83.7,0,51.47,0.75,5.0,2024-02-16
S107812,7.92,6.45,0.95,7.18,67.41,9.8,52.44,2,45.57,2.1,1.33,2024-04-28
S107813,3.92,3.77,0.79,7.1,11.44,3.41,86.76,2,55.54,1.39,15.26,2024-03-07
S107814,5.6,4.61,0.9,4.49,37.58,9.09,33.76,2,66.7,1.58,3.31,2024-02-13
S107815,5.73,7.82,4.01,5.64,50.25,6.58,56.79,3,54.62,4.22,1.08,2024-09-04
S107816,5.16,9.1,0.66,4.88,49.36,7.36,44.54,3,54.94,2.69,3.28,2024-03-31
S107817,5.61,1.48,1.23,5.44,82.23,6.57,49.97,1,42.76,0.53,1.57,2024-04-15
S107818,7.91,6.505,3.81,7.23,39.71,4.43,9.81,2,59.12,0.27,3.34,2024-04-13
S107819,7.7,4.89,0.69,6.46,27.83,4.53,44.47,2,63.61,5.87,4.61,2024-04-02
S107820,5.44,9.07,0.49,4.12,60.78,3.98,50.72,2,51.94,4.02,8.06,2024-04-05
S107821,4.26,4.27,0.38,6.53,78.27,6.14,55.52,3,40.91,0.94,0.61,2024-04-08
S107822,6.86,9.06,5.57,6.5,41.25,2.61,38.22,2,55.93,1.78,2.22,2024-02-23
S107823,6.95,5.87,0.29,6.13,25.09,7.4,92.4,2,63.6,1.87,4.54,2024-04-02
S107824,4.63,4.88,0.01,2.14,51.51,7.44,52.07,1,60.86,19.5,0.32,2024-04-05
S107825,6.56,8.04,0.79,3.72,43.65,5.1,83.39,2,65.53,4.21,10.34,2024-03-03
S107826,6.87,6.58,0.44,6.83,35.33,3.6,49.76,1,60.25,3.22,2.96,2024-03-04
S107827,7.2,7.2,0.18,5.66,5.68,7.23,55.92,1,72.24,2.87,1.21,2024-03-02
S107828,5.58,1.11,0.26,10.0,27.16,6.41,57.25,2,40.93,0.53,2.33,2024-02-16
S107829,6.98,6.81,0.98,4.41,45.69,6.7,21.77,4,63.06,1.77,7.99,2024-04-06
S107830,6.05,6.67,1.08,7.17,65.92,3.63,35.83,3,43.86,1.91,3.03,2024-02-04
S107831,7.47,14.0,0.43,9.44,7.84,6.1,75.76,4,60.09,4.56,2.91,2024-03-06
S107832,6.63,6.09,0.02,1.67,75.05,2.49,29.24,4,50.74,2.56,2.96,2024-06-04
S107833,7.16,6.81,1.58,5.87,33.62,7.36,62.6,1,60.03,1.15,2.12,2024-04-22
S107834,6.3,9.31,0.54,6.59,23.36,6.02,64.43,1,61.51,1.92,3.83,2024-02-07
S107835,5.93,9.12,0.19,5.03,71.2,7.84,79.52,2,44.85,14.38,3.62,2024-04-26
S107836,6.61,7.9,0.83,7.01,53.04,3.89,76.44,2,50.1,4.94,1.48,2024-02-13
S107837,7.48,9.4,1.98,2.21,34.12,6.16,58.66,2,71.56,3.83,1.42,2024-03-17
S107838,5.76,1.44,0.51,1.0,18.86,5.04,55.32,3,73.35,0.89,5.26,2024-03-19
S107839,6.78,5.9,0.79,5.91,36.46,4.32,61.64,2,62.3,1.4,0.74,2024-12-03
S107840,9.68,4.94,2.79,3.39,78.32,3.18,38.28,0,56.36,3.32,6.24,2024-02-06
S107841,5.39,6.66,0.04,7.79,52.82,8.82,54.14,4,46.58,1.36,2.57,2024-03-07
S107842,4.45,2.15,0.54,3.7,15.26,3.7,55.2,3,66.53,0.98,5.56,2024-02-04
S107843,4.96,8.18,3.44,7.94,28.57,5.37,52.65,2,54.91,3.76,7.13,2024-04-18
S107844,5.88,5.5,0.97,5.02,59.88,1.4,70.39,4,49.45,2.82,13.62,2024-02-05
S107845,6.28,7.92,0.82,4.43,53.9,8.32,57.77,2,47.92,5.71,3.13,2024-02-21
S107846,3.18,6.51,0.25,3.35,66.94,3.35,40.8,3,39.83,1.65,0.36,2024-02-01
S107847,3.53,7.46,1.23,6.17,73.01,3.72,80.35,2,24.67,1.95,5.95,2024-04-18
S107848,7.37,6.505,1.26,4.74,76.01,5.47,59.76,0,40.99,28.77,5.41,2024-04-29
S107849,4.33,4.58,1.49,6.4,46.66,8.08,83.7,2,44.51,8.81,0.51,2024-04-27
S107850,7.23,2.6,1.14,8.8,50.39,6.96,32.45,1,46.05,0.97,1.87,2024-03-11
S107851,7.98,6.3,0.03,6.89,0.0,6.51,62.12,1,73.04,2.51,5.63,2024-03-28
S107852,3.0,4.58,0.05,6.94,59.69,7.96,72.7,0,26.79,10.72,7.65,2024-04-26
S107853,7.05,6.11,1.05,8.41,60.02,7.2,52.83,1,37.81,1.24,14.59,2024-02-21
S107854,6.34,4.88,1.27,3.33,68.95,5.41,69.0,1,53.38,1.16,4.04,2024-02-29
S107855,5.81,0.83,2.0,2.14,31.77,6.45,76.85,1,66.9,0.29,0.29,2024-03-30
S107856,6.82,3.88,1.51,9.87,27.7,3.27,56.5,2,46.15,15.52,0.45,2024-08-02
S107857,6.2,4.39,0.7,5.9,34.52,6.81,33.56,1,52.51,1.44,20.0,2024-03-28
S107858,7.03,7.13,5.09,8.58,48.3,4.95,36.25,2,45.35,3.94,12.81,2024-04-10
S107859,8.84,8.17,0.42,5.71,16.62,4.11,51.37,2,76.11,2.07,8.8,2024-04-18
S107860,6.71,9.87,1.37,4.88,48.95,5.2,68.26,1,54.66,3.88,1.82,2024-03-21
S107861,4.6,7.03,0.13,2.18,69.61,4.85,45.34,3,48.03,2.33,3.62,2024-03-19
S107862,8.22,11.26,0.04,10.0,31.15,5.06,24.1,1,49.0,9.74,1.43,2024-02-13
S107863,7.84,10.61,2.63,4.31,71.77,4.19,45.12,1,53.89,2.59,7.81,2024-03-27
S107864,8.3,5.53,2.84,6.41,59.44,7.73,86.28,1,56.12,1.49,1.85,2024-03-18
S107865,6.83,5.56,1.38,7.35,63.4,5.33,62.81,4,37.65,1.71,4.16,2024-03-14
S107866,7.53,3.72,0.59,4.52,41.07,2.86,15.1,2,60.03,1.11,4.45,2024-04-07
S107867,9.03,6.39,0.28,6.2,35.34,6.52,81.92,2,62.22,1.28,4.88,2024-03-31
S107868,6.2,5.66,0.2,7.41,69.08,3.03,57.98,1,38.65,2.36,2.56,2024-02-17
S107869,5.44,7.75,2.67,4.77,47.26,4.16,51.34,3,55.69,2.92,3.46,2024-02-06
S107870,8.31,11.11,0.62,6.08,35.94,3.28,61.22,0,58.28,44.44,0.19,2024-03-01
S107871,5.83,12.22,0.23,3.97,46.18,8.78,38.44,3,58.71,2.75,0.5,2024-02-08
S107872,7.9,8.22,0.02,4.87,65.21,3.64,52.77,2,45.33,3.05,3.38,2024-02-04
S107873,5.57,4.31,1.75,3.89,54.98,4.75,60.06,2,46.69,1.01,12.68,2024-04-20
S107874,5.65,7.4,0.71,7.2,61.56,4.19,48.92,0,40.36,4.12,19.3,2024-03-30
S107875,6.72,7.76,1.24,9.65,49.81,6.04,85.5,3,43.14,2.21,0.14,2024-03-15
S107876,6.75,4.57,0.36,6.98,36.95,5.23,71.03,2,54.62,1.11,0.22,2024-04-10
S107877,5.25,6.08,0.36,5.22,46.17,9.36,77.02,0,53.82,2.52,10.04,2024-02-09
S107878,8.57,8.63,0.19,6.9,20.95,3.96,84.13,2,72.09,4.2,5.17,2024-04-24
S107879,5.73,5.16,0.21,5.26,47.37,9.86,82.56,1,52.86,13.09,0.29,2024-02-18
S107880,7.29,3.88,0.48,2.3,48.26,6.09,100.0,0,61.82,1.71,0.21,2024-03-12
S107881,5.06,5.96,1.0,10.0,82.92,6.41,62.5,6,15.51,0.89,0.46,2024-04-13
S107882,5.48,7.14,1.38,7.14,59.43,5.75,36.33,1,46.4,1.06,2.62,2024-02-02
S107883,5.54,9.75,3.17,5.13,40.28,4.98,35.41,1,55.95,2.39,4.05,2024-04-04
S107884,6.54,4.57,2.09,4.6,59.77,3.63,45.56,0,44.59,1.4,2.57,2024-03-19
S107885,6.55,8.44,1.04,6.33,24.66,7.12,21.2,4,62.2,1.47,1.27,2024-04-21
S107886,6.62,6.78,1.04,6.13,53.23,10.0,39.1,2,53.55,1.34,0.98,2024-02-19
S107887,6.35,7.68,1.29,6.34,36.07,1.2,35.55,2,53.21,1.78,1.66,2024-04-26
S107888,7.6,7.27,0.51,6.1,47.08,3.1,71.25,3,56.28,1.65,0.69,2024-03-07
S107889,7.58,6.505,0.05,6.18,35.24,4.04,61.88,5,56.7,1.13,0.28,2024-03-05
S107890,5.73,0.21,0.34,4.48,56.13,7.85,77.41,4,45.37,0.04,0.04,2024-03-30
S107891,6.52,4.06,0.58,5.7,50.54,6.12,30.44,2,55.11,1.29,0.27,2024-02-13
S107892,6.96,7.35,1.05,7.53,64.34,7.27,56.56,2,39.62,1.53,3.64,2024-02-14
S107893,7.33,6.78,0.67,5.77,68.26,3.66,47.13,3,43.21,2.87,1.85,2024-02-24
S107894,7.04,7.27,0.4,3.1,57.7,3.52,74.97,1,52.71,1.72,0.36,2024-03-19
S107895,5.87,6.02,1.83,5.78,36.93,7.31,32.93,0,54.19,1.96,2.88,2024-03-18
S107896,5.89,6.66,6.9,7.51,25.0,8.65,43.99,0,48.31,3.46,3.27,2024-03-14
S107897,6.43,5.5,0.3,8.59,62.92,6.72,72.43,1,49.72,2.71,2.65,2024-02-23
S107898,7.01,9.73,6.17,6.4,29.19,4.62,76.08,3,61.46,2.08,0.71,2024-03-16
S107899,4.87,2.86,2.59,8.6,39.22,3.21,76.37,6,44.18,0.53,8.87,2024-03-11
S107900,4.97,4.67,4.45,3.45,48.44,5.04,54.38,0,57.07,0.96,1.34,2024-04-28
S107901,5.78,4.11,1.07,4.47,52.03,5.54,59.32,2,48.65,3.15,6.54,2024-02-13
S107902,6.45,6.05,0.65,5.62,35.13,4.37,72.07,1,58.25,4.43,4.41,2024-03-08
S107903,5.43,8.21,0.37,3.46,23.05,2.69,59.14,1,67.44,2.87,2.4,2024-04-07
S107904,5.73,10.92,1.17,2.89,28.63,6.02,66.52,3,74.02,2.39,1.18,2024-02-18
S107905,5.22,9.1,8.0,3.92,34.3,9.07,62.94,2,60.6,2.31,4.21,2024-04-07
S107906,7.03,8.93,6.87,7.91,36.48,3.58,75.75,0,50.38,3.16,10.7,2024-04-06
S107907,3.58,10.08,8.0,4.6,54.4,4.51,50.05,1,44.72,5.16,6.64,2024-02-04
S107908,6.31,9.12,1.96,4.53,29.65,3.05,94.87,3,64.12,1.8,5.11,2024-03-14
S107909,5.41,9.03,0.03,4.33,64.93,3.21,56.26,1,48.67,7.64,1.3,2024-02-25
S107910,6.36,4.3,4.34,6.02,28.52,9.46,49.3,2,56.13,4.15,5.13,2024-02-09
S107911,6.58,4.99,4.37,6.34,17.96,1.39,78.19,1,61.25,1.98,6.27,2024-03-27
S107912,3.0,8.13,0.02,5.55,33.12,8.2,61.61,0,41.28,2.44,0.29,2024-02-26
S107913,7.86,6.83,1.24,5.14,42.6,3.6,24.24,0,61.11,3.43,3.45,2024-03-10
S107914,7.32,5.71,2.72,2.5,56.16,4.33,94.87,1,56.59,1.68,2.89,2024-06-04
S107915,8.49,9.33,1.52,6.45,59.13,4.36,39.23,6,56.91,2.29,6.32,2024-10-02
S107916,7.4,5.38,4.88,5.61,39.41,5.67,60.72,0,51.98,2.15,4.29,2024-04-17
S107917,7.58,7.44,0.55,7.89,52.64,5.11,80.0,3,40.88,1.91,4.56,2024-01-03
S107918,7.08,6.44,0.52,4.77,69.43,5.35,54.1,1,51.8,25.74,2.56,2024-03-10
S107919,8.52,4.1,1.14,4.57,21.14,6.46,70.97,3,76.08,3.75,11.26,2024-02-05
S107920,4.49,10.93,0.36,8.25,100.0,6.25,78.26,1,13.37,7.56,0.41,2024-04-14
S107921,6.19,2.37,2.59,3.22,32.57,7.97,61.57,1,60.65,0.4,0.86,2024-03-18
S107922,5.06,3.39,0.7,5.07,35.46,7.35,46.72,0,57.61,2.3,7.91,2024-03-19
S107923,7.53,5.43,0.36,1.96,56.28,4.68,60.52,4,64.77,3.93,0.55,2024-04-07
S107924,6.68,9.92,1.11,3.03,61.3,4.29,74.58,1,57.02,2.77,1.74,2024-04-28
S107925,8.57,9.79,0.27,5.3,56.7,5.9,60.07,1,59.06,3.97,0.12,2024-02-01
S107926,6.52,4.76,1.69,6.99,48.14,7.59,37.63,2,56.67,2.92,2.17,2024-02-12
S107927,6.09,8.07,0.37,5.15,45.75,2.91,84.8,1,56.83,9.25,6.03,2024-02-12
S107928,6.09,5.9,1.1,9.92,40.14,1.15,31.08,1,44.27,1.03,12.24,2024-02-20
S107929,5.3,3.97,2.18,5.07,19.09,6.34,74.04,2,60.35,1.04,2.16,2024-04-03
S107930,3.52,7.3,2.17,7.73,55.54,3.35,43.73,1,26.56,29.21,0.48,2024-04-21
S107931,6.28,6.6,1.42,4.3,55.64,6.51,77.68,1,52.84,2.44,0.28,2024-04-03
S107932,5.73,5.05,0.71,5.45,74.77,5.41,52.0,2,34.8,1.19,3.21,2024-03-26
S107933,5.71,8.44,1.68,1.0,51.93,6.3,77.12,1,53.77,1.84,4.63,2024-02-13
S107934,4.75,8.85,4.4,7.41,46.87,4.92,43.4,1,40.03,3.29,0.26,2024-03-25
S107935,6.45,4.05,3.01,6.5,45.5,3.35,74.07,4,53.52,1.13,4.85,2024-03-26
S107936,4.89,10.65,4.35,7.19,0.0,8.64,41.95,0,65.6,3.25,2.73,2024-03-28
S107937,6.69,7.91,1.55,4.76,47.92,6.56,58.32,2,55.55,1.83,3.63,2024-02-11
S107938,5.99,6.14,2.79,8.06,47.22,4.6,51.87,1,45.81,2.81,11.24,2024-03-14
S107939,5.88,10.48,3.79,3.96,73.13,2.14,50.91,4,44.26,7.53,0.83,2024-04-01
S107940,4.14,8.55,0.74,3.56,41.91,3.09,80.19,2,54.76,2.39,0.52,2024-04-22
S107941,6.78,8.83,4.0,4.77,54.33,5.67,48.83,1,45.17,5.88,8.56,2024-02-26
S107942,7.52,8.58,1.93,3.65,83.93,4.13,72.81,1,45.74,2.22,5.25,2024-02-14
S107943,6.14,5.9,0.43,4.44,59.83,7.11,49.91,0,54.96,3.66,1.33,2024-08-04
S107944,5.51,7.94,0.05,5.88,29.2,5.41,70.88,2,59.28,4.16,0.68,2024-05-02
S107945,7.16,6.27,4.35,3.12,22.91,6.71,84.4,1,80.13,1.99,5.27,2024-02-16
S107946,7.4,4.67,6.8,3.62,32.15,1.72,78.29,2,65.42,8.01,0.29,2024-03-24
S107947,5.72,4.2,8.0,5.81,34.66,6.59,52.46,1,55.84,1.19,0.64,2024-02-02
S107948,10.0,7.81,0.74,6.16,71.53,4.53,69.46,0,54.21,1.83,10.79,2024-02-24
S107949,8.02,9.05,0.79,5.85,60.77,4.24,82.68,2,57.5,1.75,3.74,2024-03-10
S107950,8.39,2.88,0.61,4.9,64.38,7.15,79.74,1,56.31,0.76,0.22,2024-02-23
S107951,6.89,10.75,0.3,5.95,58.75,5.84,53.66,2,49.45,2.99,11.08,2024-04-12
S107952,6.87,8.33,0.09,5.36,4.69,4.71,43.86,2,72.68,1.46,2.07,2024-02-21
S107953,4.96,8.9,0.12,5.96,72.16,2.6,71.83,1,38.03,3.28,9.61,2024-04-27
S107954,5.96,6.505,3.86,8.61,8.66,7.7,68.69,3,62.44,1.89,4.86,2024-03-07
S107955,6.39,8.18,2.12,2.8,53.21,8.77,90.44,3,63.28,4.22,3.37,2024-03-22
S107956,7.28,8.35,2.26,8.88,44.93,5.02,49.08,1,48.85,33.42,8.21,2024-02-12
S107957,5.62,3.24,1.45,5.94,61.5,8.0,51.97,1,42.18,2.43,4.21,2024-02-28
S107958,5.15,9.02,0.02,5.99,66.37,8.49,61.11,1,37.09,24.21,0.36,2024-03-06
S107959,7.93,12.11,0.35,3.44,34.16,6.57,45.08,2,66.87,3.95,1.19,2024-02-19
S107960,6.47,4.69,3.83,8.72,14.18,7.31,46.73,0,60.45,2.95,0.6,2024-04-18
S107961,7.62,2.06,0.01,2.62,44.33,7.14,56.14,2,71.39,8.24,2.02,2024-02-19
S107962,6.47,4.67,0.52,7.4,67.65,2.53,70.35,1,41.99,1.07,3.83,2024-04-21
S107963,5.47,8.7,1.99,2.25,38.24,7.06,71.03,1,67.84,2.29,1.36,2024-04-04
S107964,6.29,7.67,7.44,5.07,51.84,1.27,60.89,1,50.84,1.72,4.77,2024-02-15
S107965,3.0,4.23,3.87,6.92,4.75,3.29,60.63,2,62.63,1.53,8.95,2024-04-28
S107966,7.67,5.04,0.35,7.69,43.58,1.25,17.65,2,49.76,1.97,3.55,2024-04-11
S107967,7.09,2.16,3.46,6.02,81.96,8.38,63.34,1,34.86,0.94,2.42,2024-04-10
S107968,7.94,6.87,1.56,7.41,30.85,5.77,98.56,1,62.08,17.16,1.78,2024-02-23
S107969,6.01,1.21,0.43,4.91,7.94,1.0,44.09,3,73.89,0.22,0.99,2024-04-17
S107970,9.05,6.01,0.06,4.75,46.24,5.6,52.4,3,58.51,1.44,0.91,2024-03-08
S107971,8.01,3.14,2.74,2.38,41.9,5.49,49.12,4,75.24,2.96,0.71,2024-03-31
S107972,3.89,6.12,0.44,6.73,54.97,3.07,43.06,2,45.13,2.53,2.46,2024-04-19
S107973,3.86,8.18,0.79,5.58,75.62,5.29,48.05,2,38.0,2.85,9.2,2024-04-03
S107974,6.67,6.12,3.12,6.5,60.11,3.36,43.85,2,45.8,1.52,4.62,2024-04-07
S107975,4.4,7.08,2.25,9.17,49.02,5.47,75.81,1,37.89,2.27,0.93,2024-04-06
S107976,6.11,7.23,2.68,6.97,53.78,4.43,69.42,1,51.15,2.96,1.13,2024-12-02
S107977,6.07,5.78,1.42,4.82,80.7,5.8,54.52,0,40.01,2.36,0.74,2024-02-21
S107978,5.88,4.59,1.29,6.11,91.35,3.74,62.55,2,26.89,1.36,0.54,2024-02-29
S107979,8.39,2.19,0.01,6.42,4.01,5.18,48.9,1,79.28,0.65,8.75,2024-03-20
S107980,7.1,7.29,0.06,4.76,63.07,2.84,49.93,3,48.55,4.44,3.98,2024-04-20
S107981,7.2,6.505,2.05,6.61,21.29,4.41,44.17,1,66.28,3.4,1.19,2024-04-23
S107982,6.64,11.79,0.5,6.66,47.73,5.26,81.14,6,57.01,1.95,1.49,2024-04-13
S107983,10.0,1.9,0.27,4.6,35.59,8.6,78.72,3,72.51,1.65,1.72,2024-04-14
S107984,8.15,4.14,1.92,1.47,19.33,4.48,75.36,3,78.19,4.03,3.9,2024-03-16
S107985,5.36,7.98,0.77,7.18,32.92,9.41,48.69,2,55.47,3.27,4.08,2024-04-08
S107986,7.09,11.25,0.13,6.79,57.89,6.87,41.78,3,43.68,15.34,0.72,2024-03-21
S107987,5.29,3.86,0.42,5.23,45.84,10.0,63.38,1,55.66,1.12,3.64,2024-02-26
S107988,6.07,6.89,3.75,7.4,29.48,5.32,82.06,0,52.08,1.18,0.84,2024-04-01
S107989,6.19,7.14,2.61,5.89,33.44,8.26,90.05,2,53.7,28.54,0.07,2024-02-21
S107990,4.39,5.1,2.67,1.12,47.71,6.08,66.47,4,61.05,1.09,1.05,2024-04-11
S107991,3.73,6.12,0.53,5.4,17.27,7.37,50.78,2,63.94,2.15,6.23,2024-04-21
S107992,4.63,5.48,1.97,2.17,59.43,6.68,52.44,1,52.3,1.29,6.44,2024-03-23
S107993,7.07,2.74,0.05,7.44,50.52,7.18,48.42,3,39.87,0.51,0.65,2024-04-08
S107994,3.0,11.04,0.24,2.4,72.47,3.8,45.96,1,42.62,4.14,3.19,2024-02-14
S107995,7.14,7.17,0.38,5.19,35.55,5.32,64.69,1,69.34,5.5,3.6,2024-02-08
S107996,3.36,5.39,1.05,4.21,24.65,1.0,30.08,1,58.79,1.92,2.3,2024-02-22
S107997,5.21,9.49,1.64,4.48,61.67,4.06,70.29,0,51.58,3.05,5.92,2024-03-13
S107998,5.56,5.92,0.15,8.01,47.96,4.36,59.51,1,39.63,1.64,7.38,2024-03-12
S107999,7.33,9.46,2.0,4.18,19.07,6.09,48.62,0,67.9,1.89,3.39,2024-08-04
S108000,6.3,4.82,1.04,5.39,53.44,6.58,71.17,2,50.6,1.22,0.06,2024-04-06
S108001,4.78,9.39,0.26,6.77,53.05,4.05,23.74,1,39.33,1.98,11.57,2024-02-28
S108002,5.49,6.505,2.81,4.11,32.65,8.24,48.33,1,56.19,1.5,1.09,2024-04-28
S108003,6.64,4.86,1.09,2.94,7.84,1.0,40.35,1,83.08,1.66,2.87,2024-03-14
S108004,7.81,8.51,3.23,5.31,64.14,1.0,49.66,1,45.29,7.18,2.14,2024-03-28
S108005,6.68,9.14,1.08,6.34,69.03,7.3,27.42,1,43.59,2.47,1.55,2024-03-20
S108006,6.15,6.73,1.08,3.49,0.0,3.21,50.22,2,72.37,2.27,0.96,2024-03-18
S108007,5.94,3.69,0.35,2.31,43.44,4.76,63.35,1,64.18,0.89,5.08,2024-03-23
S108008,8.48,3.56,0.02,5.03,40.77,3.12,57.58,2,59.1,1.2,0.49,2024-04-17
S108009,5.16,6.18,0.54,3.0,51.79,9.31,70.65,2,59.52,2.07,8.02,2024-04-21
S108010,5.66,7.21,0.98,7.86,18.83,1.0,59.46,2,56.25,2.68,4.8,2024-10-04
S108011,6.79,0.16,1.27,6.31,34.51,4.32,73.72,0,57.98,0.04,3.71,2024-03-07
S108012,8.08,8.32,1.33,9.22,45.58,5.4,54.74,1,52.43,5.77,3.33,2024-04-29
S108013,3.91,7.77,2.41,5.35,59.67,1.0,70.18,5,39.61,6.9,2.45,2024-03-04
S108014,7.65,10.66,3.46,5.96,12.54,3.78,45.27,3,72.09,3.73,0.56,2024-02-17
S108015,7.91,6.505,1.0,6.51,33.14,6.07,17.73,1,59.4,1.71,4.1,2024-03-16
S108016,6.66,5.75,1.59,7.7,34.81,7.34,78.95,1,47.68,1.45,1.63,2024-08-04
S108017,3.66,6.505,0.47,3.61,29.74,4.33,68.61,0,65.48,1.85,6.49,2024-02-22
S108018,5.3,3.15,0.15,4.35,38.76,6.34,80.1,0,59.1,0.94,2.59,2024-03-22
S108019,6.1,6.73,2.74,5.04,57.87,6.49,61.6,3,51.96,4.72,3.6,2024-04-17
S108020,6.69,2.12,2.16,3.5,70.48,2.17,58.1,2,47.98,1.58,6.69,2024-04-21
S108021,4.56,4.5,2.14,10.0,54.7,2.38,41.11,4,30.17,1.21,1.54,2024-03-14
S108022,5.95,6.85,0.39,6.1,48.48,3.26,53.33,2,57.25,3.21,0.87,2024-02-19
S108023,7.29,6.49,4.88,7.16,1.67,3.69,89.17,0,62.12,1.64,4.32,2024-02-03
S108024,5.53,3.7,2.32,9.35,69.21,6.74,85.99,3,35.56,2.85,8.26,2024-04-12
S108025,5.87,7.55,2.52,5.48,41.05,7.29,100.0,3,59.31,4.4,7.56,2024-03-31
S108026,5.65,6.46,0.93,4.55,50.7,6.78,51.84,2,53.62,1.19,13.63,2024-03-28
S108027,4.31,8.09,0.41,6.12,27.29,4.26,55.66,1,53.47,2.99,2.29,2024-02-07
S108028,5.79,4.71,1.69,3.9,63.55,10.0,67.72,3,51.2,1.25,5.78,2024-02-17
S108029,5.99,5.66,2.48,6.0,65.51,7.88,50.04,4,42.82,2.31,13.18,2024-04-17
S108030,7.33,7.6,0.53,3.64,43.38,2.58,49.25,2,65.9,2.62,4.11,2024-02-17
S108031,5.18,3.6,0.15,4.68,40.67,4.98,61.74,1,60.32,1.04,2.74,2024-03-30
S108032,4.46,7.35,0.11,5.31,52.16,7.44,76.85,0,44.76,7.88,5.45,2024-04-26
S108033,5.6,4.31,1.39,6.55,23.39,5.51,100.0,2,61.48,3.32,0.81,2024-02-15
S108034,5.06,6.505,0.27,4.47,53.57,6.19,19.03,3,49.19,2.37,2.76,2024-03-13
S108035,7.07,4.38,3.06,5.17,53.01,1.0,80.01,0,60.8,1.68,3.52,2024-03-28
S108036,5.51,7.89,3.26,6.59,66.41,5.02,19.33,3,36.66,1.74,4.6,2024-03-14
S108037,4.11,1.36,0.88,6.64,14.4,3.54,74.13,2,56.33,1.2,0.66,2024-03-24
S108038,7.13,5.74,0.17,5.14,61.34,1.35,60.05,1,58.6,3.05,1.46,2024-02-22
S108039,6.18,7.03,0.01,6.17,38.22,7.27,67.19,1,55.13,2.74,1.43,2024-02-28
S108040,6.54,5.82,0.88,5.82,37.96,9.02,57.38,1,50.09,2.57,2.49,2024-03-09
S108041,6.84,5.08,0.52,5.66,32.93,2.92,89.23,0,61.88,2.72,2.57,2024-03-23
S108042,7.77,3.7,1.08,6.35,62.77,4.52,37.75,1,55.41,2.31,3.27,2024-02-02
S108043,5.01,6.39,2.46,6.22,56.21,6.15,41.01,1,47.59,1.75,7.53,2024-02-06
S108044,7.16,5.71,1.92,7.49,63.13,3.98,69.66,2,41.8,2.35,6.04,2024-04-10
S108045,6.39,6.2,3.85,6.64,38.32,7.55,57.34,3,45.22,1.45,0.4,2024-03-20
S108046,6.37,4.7,2.32,4.74,34.47,7.66,76.64,2,61.68,1.47,0.04,2024-02-28
S108047,6.15,3.19,0.09,6.75,32.76,4.37,50.78,2,61.97,0.62,0.35,2024-03-19
S108048,5.64,8.79,1.18,4.4,32.23,8.99,55.34,2,55.15,12.3,3.53,2024-03-09
S108049,6.59,9.86,0.3,5.37,24.21,4.76,72.62,1,53.83,2.75,1.63,2024-03-21
S108050,6.33,9.15,0.06,4.97,31.92,2.97,35.12,2,63.83,1.55,6.28,2024-03-17
S108051,7.24,7.27,2.02,6.0,30.43,8.79,46.38,1,64.31,2.94,4.4,2024-03-15
S108052,8.36,7.1,0.25,8.11,35.34,6.69,65.75,3,59.98,28.39,0.9,2024-04-17
S108053,4.91,6.02,2.94,8.87,68.76,5.25,70.8,0,36.95,1.95,1.0,2024-03-15
S108054,9.0,6.64,0.11,8.28,61.74,4.97,72.36,2,42.1,4.86,6.31,2024-03-14
S108055,7.8,6.58,1.25,3.49,32.73,4.55,18.6,2,70.23,4.24,4.35,2024-02-12
S108056,4.7,4.09,0.81,6.2,24.99,10.0,50.78,1,58.78,1.72,1.73,2024-04-08
S108057,6.11,3.33,1.3,6.09,49.56,2.94,25.31,0,48.27,1.04,10.44,2024-02-01
S108058,6.29,7.22,1.05,2.5,31.05,8.59,83.06,0,71.78,3.59,1.96,2024-02-27
S108059,7.92,3.58,0.53,8.94,52.16,7.37,54.98,2,43.91,1.1,0.44,2024-05-02
S108060,4.94,10.16,2.1,5.93,41.0,5.51,32.8,4,53.68,3.28,0.94,2024-03-17
S108061,8.67,5.61,0.1,9.21,30.88,9.61,41.18,1,55.4,2.19,1.19,2024-04-09
S108062,4.78,8.24,1.62,6.18,51.4,8.35,64.31,2,46.28,2.01,12.1,2024-03-04
S108063,5.79,6.85,0.71,6.44,44.22,3.07,45.8,0,50.03,27.41,2.51,2024-03-12
S108064,5.44,5.8,1.8,5.17,29.85,4.62,72.99,1,60.2,1.98,4.23,2024-02-11
S108065,4.56,6.94,0.43,7.16,65.58,3.62,92.48,0,30.08,1.22,0.59,2024-03-21
S108066,4.72,6.59,0.68,7.58,54.92,2.41,55.25,1,31.58,3.15,2.94,2024-02-15
S108067,5.47,8.19,0.46,5.81,56.15,7.09,68.32,0,49.59,6.49,7.76,2024-04-25
S108068,5.92,7.76,1.59,5.09,71.5,5.24,73.66,2,46.38,1.71,0.0,2024-02-25
S108069,5.43,9.96,1.56,2.23,25.09,5.02,95.39,1,67.06,1.8,4.94,2024-04-07
S108070,5.0,6.53,0.72,4.15,66.55,7.08,54.57,4,40.75,1.28,6.51,2024-04-17
S108071,3.0,7.89,0.79,10.0,41.7,5.21,50.99,1,35.1,2.11,0.11,2024-04-14
S108072,5.9,4.6,0.77,4.72,37.78,4.98,71.25,1,60.84,1.23,2.27,2024-02-08
S108073,8.91,9.55,2.32,3.48,51.95,5.4,57.96,2,57.49,5.42,2.26,2024-03-16
S108074,8.6,5.91,3.16,8.33,33.32,6.71,58.24,3,60.92,2.16,8.57,2024-02-14
S108075,7.9,6.81,2.33,10.0,34.02,4.6,53.88,3,49.02,0.99,2.03,2024-03-22
S108076,5.74,4.7,1.33,4.69,52.82,4.45,92.12,2,47.72,2.2,7.59,2024-03-12
S108077,7.01,3.54,3.48,6.5,8.53,6.31,37.12,3,65.76,2.15,0.98,2024-04-07
S108078,5.55,0.42,0.23,7.07,68.63,7.96,72.17,1,35.84,0.12,0.06,2024-04-27
S108079,5.64,12.86,1.85,7.21,43.66,2.47,64.2,0,48.2,3.35,1.42,2024-02-11
S108080,6.51,9.83,0.68,8.09,42.19,4.13,59.88,2,42.13,2.37,9.61,2024-02-10
S108081,7.71,4.44,0.6,5.14,6.51,3.1,73.0,1,78.17,1.49,1.44,2024-02-18
S108082,5.6,5.73,3.79,2.73,29.93,6.47,48.13,2,63.73,9.63,1.15,2024-02-17
S108083,5.38,2.56,0.93,6.36,31.75,3.83,49.49,2,47.36,10.23,0.29,2024-03-15
S108084,6.24,8.32,0.65,3.66,40.32,6.4,73.23,3,63.94,1.95,1.26,2024-02-21
S108085,4.23,7.48,0.56,7.02,46.42,6.2,81.22,2,38.53,0.96,0.08,2024-04-17
S108086,7.49,8.3,1.63,4.75,47.5,3.02,65.76,1,53.65,3.05,0.55,2024-09-04
S108087,7.72,4.93,5.25,2.6,28.48,7.0,57.81,1,76.55,2.92,7.66,2024-04-29
S108088,7.94,8.02,0.6,7.27,20.97,7.54,65.69,0,60.11,2.35,2.95,2024-02-13
S108089,7.37,6.36,3.42,6.96,64.68,4.85,69.22,1,41.46,4.67,3.49,2024-02-19
S108090,5.47,3.03,0.27,7.97,8.22,5.29,53.24,4,58.9,1.89,1.29,2024-03-28
S108091,5.97,9.61,1.63,3.07,18.78,3.92,48.6,1,70.87,2.47,8.06,2024-03-18
S108092,4.99,5.11,1.2,3.86,9.68,4.42,75.19,1,77.32,1.78,1.1,2024-02-12
S108093,6.73,8.18,0.9,6.0,46.48,6.32,47.47,1,50.21,3.39,0.16,2024-02-18
S108094,9.33,6.505,0.55,6.25,45.7,3.49,81.26,0,54.25,1.72,1.32,2024-04-17
S108095,4.93,8.83,0.27,7.7,79.75,4.13,64.3,3,35.38,1.71,11.46,2024-02-12
S108096,7.21,8.67,0.37,2.35,73.88,4.84,45.12,2,59.61,1.97,0.83,2024-03-21
S108097,8.21,6.39,4.3,3.72,31.34,5.56,75.74,1,75.34,2.64,6.79,2024-02-25
S108098,4.85,2.12,1.43,8.6,39.26,6.83,57.22,1,42.02,1.39,4.59,2024-12-04
S108099,9.27,7.55,1.36,6.86,43.29,7.27,55.96,3,51.47,1.9,15.48,2024-02-02
S108100,5.37,12.95,0.82,2.64,50.52,4.47,27.73,0,55.66,12.32,3.6,2024-02-25
S108101,6.15,5.68,2.64,6.98,40.04,3.07,69.31,3,50.25,7.52,2.5,2024-03-06
S108102,6.88,8.33,1.21,9.91,25.21,5.5,41.34,3,44.09,21.72,0.42,2024-02-04
S108103,7.6,6.71,0.11,5.19,86.77,5.84,42.66,0,45.27,2.04,4.5,2024-02-19
S108104,7.41,5.58,6.54,5.26,65.03,5.65,78.34,3,53.39,2.69,1.06,2024-04-02
S108105,5.96,6.76,1.18,4.44,52.17,8.89,38.7,5,54.39,1.92,0.88,2024-04-28
S108106,5.39,10.15,0.95,6.97,30.22,8.73,37.15,1,57.38,1.69,1.08,2024-04-01
S108107,3.05,8.7,2.78,6.39,30.46,5.79,62.26,1,50.73,3.65,1.2,2024-03-13
S108108,5.6,6.67,4.1,4.55,42.75,3.76,100.0,3,64.04,2.67,6.41,2024-02-18
S108109,8.06,7.31,0.01,5.58,55.26,7.25,43.63,3,56.5,4.29,2.74,2024-02-18
S108110,5.2,0.81,0.48,6.18,34.56,6.71,59.05,2,49.9,0.35,8.78,2024-02-28
S108111,7.16,2.43,0.32,9.38,33.47,6.86,81.63,1,44.34,0.45,7.98,2024-04-29
S108112,7.29,0.52,0.3,7.18,45.47,4.88,56.41,1,49.8,0.09,2.29,2024-03-11
S108113,6.54,5.95,0.53,6.91,76.66,5.7,65.17,2,42.79,4.31,1.62,2024-03-03
S108114,5.53,9.82,2.75,7.8,5.02,7.76,53.51,1,56.98,3.83,1.64,2024-02-22
S108115,5.53,9.39,0.13,7.7,13.88,1.0,75.84,2,61.17,2.89,0.51,2024-08-02
S108116,6.24,4.94,2.32,5.94,84.39,5.93,51.69,1,29.1,1.58,3.72,2024-04-21
S108117,3.85,7.73,0.77,7.1,55.74,6.66,44.22,0,31.94,2.17,0.22,2024-04-16
S108118,8.25,7.22,1.78,7.2,77.27,4.39,100.0,3,39.45,1.45,5.65,2024-04-03
S108119,4.84,10.18,2.05,3.5,77.28,4.45,54.13,2,44.84,3.76,0.53,2024-02-07
S108120,5.43,2.5,0.35,4.11,52.12,8.21,87.48,0,47.31,0.9,6.41,2024-04-13
S108121,5.44,2.84,0.64,6.72,61.83,4.04,56.81,1,36.54,0.64,8.05,2024-03-01
S108122,5.9,6.58,2.34,7.27,55.23,3.93,81.93,1,43.3,1.5,1.76,2024-03-10
S108123,6.84,4.88,2.74,9.88,57.46,6.35,42.52,2,35.54,19.51,2.93,2024-04-19
S108124,7.99,2.51,0.29,5.7,53.85,6.48,48.51,1,58.37,0.66,0.97,2024-04-20
S108125,6.62,5.77,0.31,10.0,29.7,3.97,57.25,0,41.47,4.17,2.76,2024-03-25
S108126,8.5,11.41,2.56,5.52,43.67,4.8,57.59,0,57.04,3.46,3.08,2024-03-26
S108127,5.79,7.09,0.4,3.12,55.79,7.15,22.83,3,60.63,28.36,0.29,2024-02-27
S108128,7.28,4.35,0.7,9.03,25.18,7.47,84.34,0,55.28,1.47,1.41,2024-09-02
S108129,7.42,8.95,0.16,7.5,50.6,5.8,80.5,0,57.03,1.69,11.67,2024-02-03
S108130,6.52,3.39,0.97,7.56,52.64,6.96,72.09,2,45.43,0.64,3.14,2024-03-19
S108131,7.24,6.4,0.61,4.83,43.15,7.51,76.79,3,58.07,3.5,0.38,2024-02-21
S108132,4.89,5.75,0.23,8.24,22.68,4.99,73.79,1,58.1,2.01,3.22,2024-11-03
S108133,8.17,7.39,2.41,6.68,33.71,3.66,76.88,2,58.11,1.46,4.29,2024-03-12
S108134,7.45,6.58,1.01,5.91,41.53,3.89,40.99,0,55.24,1.77,2.15,2024-02-06
S108135,6.55,7.86,0.46,4.54,28.22,4.56,45.48,2,57.81,3.06,6.35,2024-09-03
S108136,5.83,4.61,7.1,8.05,25.94,7.9,64.07,0,52.81,1.97,5.62,2024-03-04
S108137,7.49,6.63,0.03,9.06,45.86,1.17,63.58,2,39.98,1.55,1.13,2024-03-14
S108138,4.8,8.66,2.42,3.2,35.51,1.39,92.71,2,57.27,3.63,2.57,2024-03-16
S108139,7.35,3.9,0.83,4.71,40.24,7.05,76.66,1,67.03,0.9,3.55,2024-02-18
S108140,7.62,9.06,2.36,5.23,47.92,5.68,60.46,1,50.9,5.17,5.96,2024-02-29
S108141,9.82,7.14,0.95,5.95,42.18,4.84,81.11,1,62.55,1.47,2.0,2024-04-15
S108142,6.2,2.92,0.13,1.27,51.2,7.47,40.43,1,55.32,0.75,2.44,2024-04-10
S108143,8.22,8.32,0.6,5.94,34.08,6.54,59.11,0,61.74,2.01,0.7,2024-02-03
S108144,7.19,6.99,2.21,9.44,9.65,5.71,68.89,1,63.07,5.63,0.03,2024-04-22
S108145,4.08,3.81,0.16,1.69,43.71,2.97,84.61,2,64.21,5.29,7.63,2024-11-03
S108146,4.52,7.54,0.04,4.81,30.79,2.28,45.04,5,55.54,3.14,2.96,2024-04-28
S108147,5.58,2.87,1.03,3.27,27.38,1.0,39.51,2,70.46,0.43,5.71,2024-02-07
S108148,7.95,3.91,1.31,4.0,55.73,1.33,44.05,3,66.11,3.15,2.17,2024-04-04
S108149,8.35,4.35,0.16,3.97,75.28,6.55,79.21,1,52.57,2.67,1.96,2024-04-19
S108150,5.98,7.63,0.53,5.72,43.01,5.92,47.85,2,53.9,3.89,14.43,2024-04-11
S108151,6.93,10.92,4.44,6.37,39.4,6.35,46.62,1,60.72,6.78,9.97,2024-02-29
S108152,6.64,6.13,0.25,5.16,54.64,1.96,82.2,1,55.27,2.88,3.58,2024-02-16
S108153,3.0,7.49,0.32,4.78,31.86,6.33,57.59,1,47.52,0.98,1.38,2024-04-20
S108154,7.86,7.19,1.23,1.73,33.23,4.96,83.26,2,72.11,28.74,5.75,2024-04-04
S108155,8.3,7.47,0.17,5.61,37.5,4.85,36.34,4,57.42,2.34,1.63,2024-02-18
S108156,3.2,8.76,2.25,6.41,65.97,6.51,70.85,1,38.39,3.89,1.13,2024-02-25
S108157,5.01,5.88,1.7,4.09,60.78,2.98,78.89,1,53.32,1.6,0.11,2024-02-24
S108158,6.2,7.84,0.19,7.86,64.17,7.68,52.62,2,40.95,2.08,4.49,2024-04-15
S108159,6.2,7.99,0.64,5.95,22.33,4.24,95.98,2,57.21,2.57,0.26,2024-03-25
S108160,7.79,4.76,1.55,6.87,60.33,1.88,62.62,1,43.27,1.43,0.5,2024-04-21
S108161,7.96,7.52,0.29,6.87,100.0,3.63,58.02,1,33.03,28.09,7.72,2024-03-18
S108162,5.55,10.25,1.56,6.85,17.4,7.92,53.95,0,59.23,3.53,2.94,2024-03-02
S108163,7.27,1.04,6.71,2.05,18.93,8.77,51.36,2,79.06,0.56,0.61,2024-09-04
S108164,5.42,5.14,1.73,3.44,50.98,4.79,66.25,3,55.88,1.89,0.7,2024-04-22
S108165,5.89,9.36,5.46,7.32,42.13,8.5,67.21,1,48.02,6.74,7.28,2024-02-04
S108166,6.65,8.44,1.79,4.78,44.26,7.57,81.78,1,60.79,4.32,1.73,2024-04-09
S108167,7.09,6.77,0.1,2.87,44.53,5.43,68.28,2,59.71,1.84,6.44,2024-03-23
S108168,5.45,7.48,0.18,1.95,68.19,6.95,72.21,0,50.3,1.71,2.18,2024-03-21
S108169,8.99,4.64,0.68,4.8,44.89,1.0,59.42,0,61.4,2.5,0.23,2024-04-27
S108170,6.61,7.63,0.62,3.92,45.87,4.73,48.91,0,61.76,1.39,1.93,2024-09-04
S108171,6.33,7.2,0.87,3.38,0.0,4.77,98.86,3,81.35,1.48,6.07,2024-04-03
S108172,7.4,7.48,0.07,1.88,45.66,7.86,53.59,1,66.55,2.58,20.0,2024-04-20
S108173,5.44,5.02,2.64,5.12,73.71,3.58,81.3,1,45.98,1.75,0.48,2024-03-08
S108174,6.76,6.76,1.08,8.17,64.04,7.38,72.33,3,37.85,8.05,0.78,2024-03-19
S108175,3.0,2.09,4.41,2.2,28.89,10.0,28.25,2,59.44,0.72,12.87,2024-03-07
S108176,3.92,8.23,2.79,2.32,53.52,2.31,67.52,2,47.5,1.71,8.89,2024-04-26
S108177,5.81,10.21,0.42,5.89,0.0,6.51,37.81,0,70.42,40.85,4.44,2024-04-24
S108178,5.67,3.64,0.27,8.95,50.24,3.5,63.24,2,48.45,2.29,1.93,2024-04-12
S108179,5.82,6.25,0.88,3.2,75.11,5.95,62.24,1,49.52,3.85,4.43,2024-03-03
S108180,5.41,1.85,0.03,4.77,52.57,8.59,45.33,1,49.54,0.39,0.5,2024-11-04
S108181,7.14,8.43,1.14,3.62,18.35,4.35,51.19,3,76.32,1.59,0.28,2024-03-01
S108182,8.02,5.09,0.63,7.17,23.06,7.01,45.92,1,69.42,1.18,7.01,2024-04-04
S108183,5.61,6.25,2.51,2.93,25.83,3.35,65.16,2,54.12,1.71,1.93,2024-03-13
S108184,7.77,4.47,3.71,5.04,33.0,1.9,86.04,2,72.56,0.9,5.38,2024-03-03
S108185,6.86,3.74,0.86,5.17,0.0,8.34,61.05,1,78.52,1.03,1.7,2024-04-03
S108186,4.63,7.71,3.52,5.54,34.28,1.73,49.64,2,59.47,1.86,10.8,2024-03-04
S108187,4.43,6.93,0.04,10.0,58.47,2.66,53.37,3,22.29,2.33,8.8,2024-04-14
S108188,6.4,8.67,0.27,3.73,26.76,7.44,25.75,1,65.79,2.58,3.81,2024-02-06
S108189,7.83,8.12,1.75,5.86,82.9,6.11,70.14,1,46.19,32.49,4.27,2024-02-06
S108190,5.03,4.13,0.25,3.55,71.89,7.89,89.02,1,50.04,3.96,4.16,2024-03-24
S108191,3.39,10.73,0.5,6.57,14.17,4.35,68.48,2,54.79,4.56,0.27,2024-03-31
S108192,7.68,1.2,0.33,1.91,5.93,5.92,76.74,1,92.16,0.32,6.72,2024-03-11
S108193,7.94,7.95,3.1,8.91,41.59,1.0,68.8,0,53.93,3.12,6.45,2024-03-12
S108194,6.01,8.11,1.47,3.36,37.37,6.6,37.04,2,64.26,3.74,7.15,2024-03-26
S108195,7.85,10.04,5.92,3.64,61.49,7.62,74.47,3,55.87,40.15,1.05,2024-02-22
S108196,9.17,3.0,0.42,6.21,36.82,7.8,59.82,3,66.06,0.86,4.92,2024-04-26
S108197,5.14,7.28,1.3,8.78,25.43,5.84,69.81,0,51.69,1.78,4.76,2024-02-10
S108198,5.79,3.46,3.8,6.02,56.69,3.82,87.43,2,46.13,0.85,1.43,2024-04-17
S108199,5.8,11.86,0.36,5.74,46.43,5.77,84.73,3,62.85,5.52,2.81,2024-02-17
S108200,7.85,0.64,0.12,6.25,66.77,6.28,42.22,4,42.3,0.3,0.88,2024-04-04
S108201,5.14,6.92,2.29,1.03,49.69,9.05,52.11,3,59.72,1.79,2.51,2024-11-04
S108202,5.89,7.73,1.97,3.32,49.47,4.36,66.18,3,58.01,3.4,0.74,2024-04-02
S108203,8.11,4.54,1.31,3.81,49.96,8.31,83.72,1,71.05,0.68,6.09,2024-04-22
S108204,7.75,4.13,2.18,4.9,67.99,4.75,49.04,1,51.99,0.94,0.37,2024-04-19
S108205,7.82,13.6,1.62,9.51,40.56,3.2,28.53,1,51.24,2.85,1.49,2024-03-29
S108206,5.05,5.07,2.37,7.44,31.04,4.14,58.26,2,53.46,1.74,3.69,2024-03-31
S108207,6.96,5.47,0.4,6.21,48.37,7.52,59.51,1,50.79,3.16,4.67,2024-03-15
S108208,5.53,7.28,0.31,6.67,48.76,5.25,70.52,2,46.86,2.97,15.11,2024-04-27
S108209,7.63,6.36,3.11,7.79,56.98,3.89,84.69,3,40.66,1.57,1.41,2024-04-29
S108210,7.05,2.19,0.95,4.64,43.94,6.77,52.83,3,66.05,0.55,7.6,2024-02-29
S108211,7.34,3.45,1.29,7.42,57.48,5.33,72.28,4,40.17,0.9,2.43,2024-02-21
S108212,6.11,4.33,0.59,6.98,0.0,10.0,27.45,2,72.81,0.86,0.71,2024-04-26
S108213,6.55,5.2,1.43,7.83,66.27,9.05,67.82,3,39.73,2.19,0.19,2024-02-07
S108214,6.88,7.24,0.3,10.0,71.32,4.29,61.81,0,27.07,1.59,5.81,2024-04-05
S108215,6.06,5.56,0.44,7.53,15.03,4.11,41.74,1,62.36,2.63,4.99,2024-03-20
S108216,6.8,5.77,2.46,3.94,38.29,5.09,85.83,2,66.19,2.68,2.9,2024-02-02
S108217,5.0,7.76,1.57,5.07,13.02,4.63,76.95,2,64.65,3.05,2.65,2024-03-05
S108218,4.71,5.61,0.29,4.82,54.76,3.88,41.22,4,44.61,1.38,2.48,2024-04-28
S108219,3.97,7.05,0.2,3.29,26.74,3.55,62.41,0,65.66,2.58,7.32,2024-11-03
S108220,6.15,7.85,1.88,5.91,21.98,2.63,44.48,3,62.51,3.36,2.33,2024-03-24
S108221,7.52,6.06,0.32,5.98,37.35,8.69,82.63,4,61.5,2.07,9.15,2024-04-09
S108222,6.95,5.93,0.32,5.44,43.25,6.48,79.15,2,55.25,1.28,3.83,2024-04-24
S108223,3.6,9.22,1.97,6.71,73.21,4.12,88.56,2,30.24,1.43,6.92,2024-04-26
S108224,6.91,8.51,0.33,5.26,18.52,4.74,55.27,4,62.17,1.84,2.14,2024-03-18
S108225,6.41,14.0,1.66,8.21,28.26,6.69,79.61,3,52.16,3.31,1.12,2024-04-23
S108226,6.14,8.01,1.15,4.9,32.86,7.37,73.82,1,57.48,3.81,1.96,2024-02-28
S108227,6.67,6.505,2.95,5.69,55.21,3.47,47.41,0,53.73,2.62,4.65,2024-04-11
S108228,7.16,8.68,1.13,2.38,63.7,7.35,92.94,0,61.67,1.52,0.48,2024-03-15
S108229,8.26,7.62,0.21,5.63,14.37,6.4,67.32,0,68.46,2.49,7.06,2024-03-28
S108230,8.09,8.8,1.94,9.0,56.17,4.24,55.59,3,47.19,1.64,6.02,2024-04-20
S108231,9.02,5.79,2.41,8.42,41.32,7.95,78.94,0,49.36,2.93,3.07,2024-04-14
S108232,7.18,4.68,0.25,3.39,64.84,7.48,72.66,2,57.73,2.7,2.02,2024-03-18
S108233,5.55,1.71,1.43,8.32,44.16,2.83,38.1,2,42.26,0.31,6.95,2024-02-17
S108234,8.22,6.505,1.93,7.02,29.17,5.57,37.04,1,67.07,2.01,16.85,2024-04-05
S108235,4.69,3.04,0.82,9.81,27.94,5.37,63.26,2,44.81,0.64,7.52,2024-03-06
S108236,7.53,10.27,0.12,6.63,48.44,9.63,56.0,2,50.92,1.94,0.91,2024-02-22
S108237,4.95,4.65,4.91,6.82,41.0,4.37,61.55,1,42.59,1.82,2.08,2024-04-29
S108238,5.57,3.87,3.62,4.48,57.07,5.33,44.4,1,46.61,0.77,1.91,2024-02-01
S108239,8.06,4.31,1.21,6.38,6.14,4.95,42.99,3,74.8,0.79,9.14,2024-04-02
S108240,5.52,5.14,3.15,6.03,46.39,7.94,77.69,0,49.13,2.3,1.48,2024-02-24
S108241,7.85,8.0,0.95,9.5,41.29,6.91,51.1,3,54.74,2.21,0.13,2024-04-09
S108242,7.25,6.74,1.02,4.62,49.9,3.6,66.31,0,57.13,2.3,3.47,2024-02-08
S108243,6.18,5.13,0.11,7.9,30.86,3.5,70.93,2,53.6,5.07,2.84,2024-04-13
S108244,7.41,12.1,1.94,4.52,84.21,3.13,62.77,0,45.29,6.86,1.35,2024-04-03
S108245,7.22,1.47,1.53,7.06,23.96,5.01,76.22,2,62.3,0.49,13.39,2024-04-29
S108246,6.58,7.11,2.4,3.75,52.32,9.52,78.36,2,58.16,4.43,10.68,2024-02-21
S108247,5.5,7.74,1.14,3.39,37.2,6.1,72.06,1,63.04,1.41,3.56,2024-04-18
S108248,7.53,8.14,2.56,4.05,44.14,3.94,60.68,1,63.67,2.52,0.09,2024-07-03
S108249,5.93,11.42,2.79,3.43,70.98,7.15,55.5,2,46.01,2.49,20.0,2024-03-20
S108250,6.3,7.12,0.52,9.86,34.86,6.08,40.31,1,51.27,2.76,1.56,2024-03-13
S108251,6.99,2.28,0.12,7.52,72.4,2.15,55.17,2,41.59,0.85,7.47,2024-03-02
S108252,6.25,10.01,1.41,5.75,37.21,4.79,41.06,1,58.14,4.78,0.49,2024-02-12
S108253,6.73,4.43,0.24,8.09,96.03,6.45,92.2,0,21.43,1.25,2.1,2024-07-04
S108254,6.8,4.25,0.22,2.2,63.62,5.92,39.36,0,52.47,2.05,2.83,2024-04-10
S108255,6.77,7.41,2.85,8.46,64.28,6.55,64.95,2,37.14,3.46,0.28,2024-03-28
S108256,6.57,4.37,2.99,1.0,49.48,7.95,64.68,1,67.61,3.74,0.38,2024-03-24
S108257,8.29,5.56,0.29,3.92,49.39,4.62,60.39,0,72.91,0.96,2.06,2024-04-18
S108258,5.72,7.55,1.32,5.04,51.56,4.38,63.57,1,49.85,3.77,0.67,2024-04-15
S108259,5.79,3.5,0.06,3.66,39.3,10.0,72.33,1,54.19,1.22,1.92,2024-02-22
S108260,4.66,7.98,1.03,3.67,48.84,4.42,58.45,0,49.91,3.16,7.27,2024-04-19
S108261,3.16,3.17,1.47,4.9,49.1,5.73,58.26,2,40.31,1.92,1.6,2024-03-15
S108262,7.3,4.61,2.06,5.48,3.01,4.04,64.99,5,75.65,2.4,7.91,2024-04-06
S108263,7.04,2.12,5.33,6.55,40.03,8.13,70.08,1,54.6,2.1,0.08,2024-02-29
S108264,8.36,8.04,2.22,4.76,23.69,4.96,74.08,1,70.03,26.14,1.73,2024-02-14
S108265,4.39,9.04,2.65,7.59,81.75,3.95,44.79,2,26.02,1.95,10.4,2024-03-06
S108266,5.32,6.79,1.47,5.51,56.15,9.47,84.92,6,51.78,10.35,3.69,2024-03-18
S108267,5.6,6.55,0.35,4.93,18.94,4.64,49.13,0,60.15,3.61,1.8,2024-04-29
S108268,9.06,4.06,1.49,7.3,53.94,6.56,87.82,2,57.3,1.93,9.69,2024-03-31
S108269,7.65,11.2,0.57,7.52,72.7,6.74,71.01,4,34.08,10.69,2.69,2024-02-17
S108270,6.13,5.22,0.27,7.44,54.85,8.9,77.09,3,41.96,0.87,0.01,2024-02-29
S108271,6.34,5.6,0.35,2.27,25.55,6.02,62.27,4,81.32,2.88,0.9,2024-02-26
S108272,6.8,7.51,0.52,4.36,20.01,9.86,38.57,2,68.66,1.54,3.54,2024-02-15
S108273,4.83,4.63,0.83,2.49,55.28,5.49,49.56,2,60.83,1.01,1.65,2024-03-17
S108274,6.84,3.26,0.03,5.87,30.77,6.65,38.6,1,63.41,0.88,2.7,2024-03-19
S108275,4.89,11.65,0.8,9.94,66.97,8.0,52.1,2,30.8,2.93,1.1,2024-04-28
S108276,6.5,6.34,2.74,3.44,15.41,6.75,54.31,0,72.09,1.61,1.29,2024-04-18
S108277,7.31,4.56,4.66,3.33,39.04,8.65,70.54,2,74.29,2.6,0.61,2024-02-18
S108278,6.75,7.34,1.24,7.2,20.45,7.17,71.56,0,52.7,4.72,0.62,2024-08-03
S108279,5.4,3.75,2.48,5.93,30.44,9.82,45.07,3,56.27,1.13,1.67,2024-03-03
S108280,5.97,2.62,2.73,3.13,16.83,6.41,40.39,0,74.81,1.4,6.05,2024-02-07
S108281,7.45,0.33,0.1,7.47,88.09,6.76,77.59,0,35.11,0.1,11.03,2024-04-26
S108282,5.65,7.06,1.68,5.91,35.37,4.53,51.12,1,59.67,3.47,3.19,2024-10-04
S108283,4.49,10.94,0.61,7.62,50.13,2.32,69.0,2,43.58,1.99,0.12,2024-04-18
S108284,5.97,2.52,3.25,10.0,46.59,3.15,63.7,1,36.9,1.35,5.41,2024-03-15
S108285,5.64,7.33,0.42,8.51,41.28,3.62,76.96,1,37.49,2.19,10.82,2024-02-08
S108286,6.06,2.74,0.24,6.08,21.68,7.42,73.64,2,67.73,1.53,4.56,2024-03-24
S108287,6.33,9.87,2.19,5.09,53.67,6.67,25.14,2,48.2,2.93,7.42,2024-02-18
S108288,5.86,6.48,0.79,4.77,31.05,3.4,60.42,2,55.55,0.83,0.64,2024-02-21
S108289,5.85,8.59,0.71,4.15,73.06,7.59,81.12,1,46.33,2.63,0.41,2024-05-04
S108290,7.58,5.22,2.71,4.5,46.35,1.1,48.23,5,55.32,1.64,6.5,2024-04-23
S108291,7.13,4.38,0.54,9.25,68.73,5.18,61.68,0,41.42,1.09,4.07,2024-02-26
S108292,7.64,5.47,2.68,6.36,82.5,7.96,47.42,4,38.9,2.13,3.37,2024-03-21
S108293,6.43,8.19,2.01,6.24,30.86,9.17,24.99,1,55.98,2.42,2.8,2024-05-03
S108294,5.8,6.6,0.75,3.02,33.95,6.59,50.98,2,62.62,1.93,1.62,2024-04-12
S108295,6.74,3.85,0.77,4.87,27.75,3.17,100.0,5,65.42,2.38,8.57,2024-03-26
S108296,4.33,10.89,0.39,5.92,59.22,3.52,23.62,0,37.75,4.42,0.48,2024-02-27
S108297,4.77,7.41,1.09,3.13,53.39,6.38,57.42,1,58.55,16.88,11.45,2024-03-26
S108298,7.46,7.0,1.19,6.42,29.96,5.02,61.44,1,58.27,1.31,7.22,2024-03-04
S108299,5.65,5.74,3.49,10.0,29.6,5.73,92.01,2,45.12,1.53,3.46,2024-04-21
S108300,5.4,6.3,1.36,5.01,68.23,8.98,84.88,0,42.21,7.41,1.93,2024-03-11
S108301,4.82,7.63,2.86,6.42,14.38,6.21,65.91,1,53.3,1.87,2.23,2024-02-18
S108302,6.91,4.45,0.25,6.64,43.87,3.37,39.69,2,58.79,0.9,2.27,2024-02-04
S108303,4.67,14.0,0.26,2.9,55.2,4.62,42.12,1,47.75,2.88,2.77,2024-11-03
S108304,7.97,5.8,1.72,8.55,41.92,3.47,40.81,4,54.65,1.59,2.99,2024-02-09
S108305,6.58,3.62,0.78,3.88,40.16,8.71,56.4,5,61.01,4.37,0.17,2024-03-29
S108306,3.9,8.52,1.27,1.4,25.95,4.08,73.57,2,64.27,1.65,0.88,2024-03-12
S108307,5.6,5.26,0.28,3.16,69.3,4.57,78.85,2,51.4,1.14,3.58,2024-04-02
S108308,4.91,4.74,0.56,7.28,37.34,6.58,56.78,2,48.64,6.59,2.89,2024-02-17
S108309,7.04,2.49,0.75,5.3,32.05,5.46,48.35,4,63.3,0.46,4.08,2024-06-04
S108310,7.01,4.85,0.76,5.68,69.16,8.28,51.85,0,48.02,1.86,5.02,2024-03-31
S108311,5.62,6.38,1.34,5.2,30.04,2.55,48.11,1,53.87,1.44,1.24,2024-03-18
S108312,5.41,2.57,1.98,3.99,12.28,3.49,55.09,1,68.62,1.29,6.5,2024-03-13
S108313,6.89,6.48,0.28,8.39,60.01,3.8,47.89,1,47.21,1.99,1.54,2024-04-07
S108314,5.43,10.15,1.01,4.1,14.98,3.03,75.9,1,71.09,2.63,2.2,2024-04-07
S108315,8.11,6.505,2.16,5.75,69.25,6.88,33.89,2,47.26,3.27,5.83,2024-02-23
S108316,5.38,6.07,0.93,4.78,42.55,9.89,32.33,2,60.44,2.54,7.33,2024-04-14
S108317,6.76,3.85,0.37,5.57,34.95,5.66,71.89,3,66.83,0.74,16.87,2024-03-18
S108318,3.58,9.29,0.25,6.16,30.09,4.62,62.91,1,53.91,4.65,8.61,2024-03-10
S108319,6.79,6.2,2.18,6.33,68.1,4.07,72.96,0,43.01,1.64,3.02,2024-03-14
S108320,5.43,10.89,2.51,4.46,23.04,9.14,64.48,1,61.95,3.5,9.12,2024-02-22
S108321,6.64,2.1,0.61,3.82,70.37,2.71,73.12,1,51.21,0.55,3.64,2024-04-03
S108322,7.79,5.64,0.81,6.58,34.24,4.53,32.45,2,54.41,1.45,0.36,2024-02-13
S108323,6.03,6.94,3.05,2.6,28.79,7.3,55.97,3,70.63,2.75,0.86,2024-04-17
S108324,3.0,6.65,0.96,6.65,58.12,5.11,59.93,4,40.63,2.37,3.49,2024-04-22
S108325,3.46,7.53,4.01,7.05,28.72,4.82,36.88,0,43.28,5.09,2.65,2024-04-25
S108326,6.38,8.09,0.14,4.65,59.55,2.6,59.1,4,45.79,3.55,9.74,2024-12-04
S108327,5.03,0.8,0.29,4.84,64.39,9.14,70.03,1,43.54,0.16,8.6,2024-02-13
S108328,4.68,10.47,1.21,7.04,55.86,1.0,49.75,2,38.13,2.25,4.03,2024-02-09
S108329,7.66,8.12,0.65,6.37,49.53,4.46,58.95,1,58.51,4.89,0.34,2024-04-12
S108330,5.94,10.53,0.74,9.74,36.74,5.92,69.36,2,42.66,4.26,1.41,2024-02-20
S108331,7.53,7.56,0.85,6.55,26.47,5.58,43.01,1,60.46,2.08,0.69,2024-02-20
S108332,7.5,6.87,0.14,4.61,23.06,7.55,32.06,2,73.48,4.09,0.39,2024-02-04
S108333,5.7,0.0,2.53,5.45,20.33,4.47,39.14,2,64.0,0.0,2.81,2024-02-14
S108334,6.42,7.37,0.03,4.94,73.47,9.85,49.96,0,43.13,1.49,2.89,2024-03-20
S108335,4.62,3.22,0.2,5.86,54.37,4.98,53.07,2,42.66,0.84,2.47,2024-04-12
S108336,6.78,9.86,2.83,6.59,51.61,5.86,39.58,2,45.63,1.86,0.15,2024-02-29
S108337,6.18,4.34,2.29,4.56,90.75,9.19,86.55,0,40.33,0.72,0.35,2024-02-15
S108338,8.39,7.57,3.57,2.13,48.72,3.83,31.69,1,66.32,1.33,3.52,2024-04-22
S108339,7.37,8.08,1.59,10.0,29.39,2.27,47.26,3,52.49,2.67,2.08,2024-02-07
S108340,6.0,6.33,2.61,5.18,26.58,9.31,74.42,1,61.27,3.55,0.76,2024-03-23
S108341,5.28,4.65,2.07,3.51,18.14,7.68,75.42,2,68.96,0.84,2.76,2024-02-18
S108342,5.92,13.69,4.14,7.02,28.46,4.88,49.73,1,54.77,4.94,7.34,2024-04-23
S108343,6.22,3.02,1.5,7.4,58.98,6.63,43.28,1,44.11,0.69,1.79,2024-02-15
S108344,7.25,4.99,0.81,8.53,31.04,4.26,69.69,1,52.57,1.32,0.15,2024-04-15
S108345,7.61,3.85,0.47,6.3,70.04,4.95,65.24,1,45.08,1.55,2.54,2024-02-29
S108346,4.57,9.53,1.45,3.47,7.89,1.39,61.66,1,72.88,3.25,0.51,2024-04-17
S108347,4.78,8.42,1.3,6.22,5.4,6.13,57.95,3,55.89,8.66,1.3,2024-03-03
S108348,6.66,5.85,1.0,1.98,13.94,5.75,73.43,1,76.36,2.33,0.66,2024-02-03
S108349,4.55,4.62,2.47,4.25,22.31,5.63,19.55,0,69.33,18.48,2.37,2024-02-05
S108350,6.08,5.67,0.09,4.62,83.33,5.65,71.99,2,47.96,1.96,0.02,2024-02-09
S108351,3.78,8.48,2.53,3.91,53.62,4.03,62.13,1,50.36,1.71,3.13,2024-06-03
S108352,5.75,10.32,0.69,3.97,45.71,9.86,45.15,1,51.02,5.04,1.42,2024-03-14
S108353,5.58,5.38,0.19,3.78,51.88,4.25,78.04,0,56.1,21.51,9.66,2024-03-15
S108354,5.76,6.33,0.5,8.55,56.3,1.0,61.66,4,35.76,2.29,0.28,2024-02-26
S108355,5.32,12.2,3.35,6.74,36.02,7.49,76.56,2,47.22,3.43,1.07,2024-02-09
S108356,6.86,10.71,3.14,6.39,31.75,10.0,64.04,3,60.63,3.51,0.57,2024-02-28
S108357,7.41,7.32,3.92,5.33,47.72,1.28,63.38,0,56.17,8.32,1.46,2024-03-27
S108358,7.19,5.81,1.85,6.2,22.73,8.1,59.31,1,57.89,1.25,3.97,2024-02-27
S108359,5.83,7.68,1.06,4.74,58.37,3.97,61.05,2,50.72,1.74,8.26,2024-04-11
S108360,5.77,5.46,1.95,4.37,24.74,5.05,59.84,1,60.38,1.86,2.84,2024-03-07
S108361,5.29,7.37,1.48,8.74,17.77,4.46,38.6,2,54.78,2.68,4.42,2024-03-25
S108362,5.21,7.76,1.07,4.07,80.47,4.85,79.93,2,45.24,2.28,11.8,2024-02-03
S108363,5.97,8.08,0.76,7.06,21.08,8.81,65.32,5,61.45,2.9,3.13,2024-03-14
S108364,5.96,7.27,1.54,9.19,49.19,5.01,81.94,3,39.75,2.64,11.76,2024-03-14
S108365,5.91,9.27,3.17,8.51,87.23,4.39,21.55,4,26.08,2.73,4.15,2024-04-11
S108366,6.52,8.64,2.73,3.36,54.55,1.0,41.26,0,62.14,1.58,0.84,2024-03-22
S108367,7.35,6.58,0.71,3.97,77.41,3.2,43.02,2,48.49,1.44,2.3,2024-02-01
S108368,5.33,4.55,0.04,1.0,58.73,3.31,61.31,1,59.31,2.27,3.11,2024-04-09
S108369,5.88,5.66,0.33,9.07,70.35,8.6,55.5,2,31.31,1.23,1.64,2024-02-14
S108370,6.95,11.11,0.71,3.83,44.13,6.04,61.56,2,56.67,3.43,0.28,2024-04-15
S108371,6.48,7.91,0.21,5.45,26.98,6.56,82.45,0,63.04,1.8,2.01,2024-04-12
S108372,5.11,10.41,0.42,8.8,54.48,4.26,54.7,0,40.16,4.06,1.05,2024-07-04
S108373,4.6,4.47,3.16,9.28,50.15,5.56,63.44,0,35.32,1.45,2.36,2024-04-10
S108374,7.09,9.41,0.29,5.64,59.81,1.0,77.39,2,52.69,2.74,3.39,2024-05-04
S108375,4.76,12.96,0.57,6.82,37.74,5.76,56.52,3,48.05,6.69,5.46,2024-04-17
S108376,6.77,4.39,0.67,8.07,32.25,3.43,20.8,1,46.36,1.23,0.36,2024-02-10
S108377,4.85,10.24,1.73,6.93,51.88,6.78,37.15,2,44.87,4.13,5.45,2024-03-04
S108378,8.6,5.44,0.13,6.53,43.88,8.0,71.79,0,60.96,3.06,0.78,2024-03-22
S108379,4.79,6.68,0.61,6.62,35.35,2.36,62.68,1,52.72,1.52,5.65,2024-02-26
S108380,8.69,5.31,2.84,7.68,76.71,1.18,68.5,2,39.13,1.26,0.31,2024-03-01
S108381,7.24,6.23,0.31,5.62,66.08,5.85,40.02,3,51.94,1.0,7.76,2024-03-09
S108382,8.12,6.82,1.69,7.47,34.4,6.54,74.38,3,55.67,4.61,4.57,2024-02-24
S108383,7.92,3.5,0.57,4.76,42.06,5.88,53.9,2,62.42,1.64,1.56,2024-07-03
S108384,6.96,8.12,1.07,6.03,69.71,5.27,67.9,1,42.2,3.96,0.03,2024-12-03
S108385,5.84,5.7,0.18,4.81,49.82,7.99,28.41,4,57.09,1.53,0.23,2024-03-19
S108386,9.58,5.01,1.19,4.81,59.16,6.19,83.55,2,56.86,1.09,10.37,2024-04-02
S108387,5.7,11.39,1.95,7.06,44.98,1.64,24.03,5,54.87,4.67,17.61,2024-03-13
S108388,6.52,8.21,6.79,5.66,64.08,5.68,81.37,1,47.27,2.37,1.04,2024-02-18
S108389,4.44,4.66,1.79,2.91,56.56,3.9,86.72,1,49.56,1.06,0.5,2024-02-15
S108390,6.26,6.75,0.51,6.4,66.81,2.19,38.73,0,47.76,2.86,1.31,2024-04-25
S108391,7.07,5.38,0.02,1.46,35.5,5.4,62.88,4,62.87,1.91,1.86,2024-03-18
S108392,5.32,2.24,0.94,3.96,56.97,6.22,55.79,5,56.41,0.51,3.34,2024-04-18
S108393,6.46,8.63,1.63,1.49,37.74,6.14,47.14,2,67.68,2.94,13.07,2024-02-24
S108394,5.89,2.85,0.8,7.86,42.95,7.64,49.13,3,48.35,0.73,0.09,2024-02-16
S108395,5.81,6.06,1.07,6.2,33.6,4.4,27.64,2,65.78,1.02,2.81,2024-03-01
S108396,7.13,1.23,2.14,4.42,46.14,5.62,40.17,1,59.35,0.36,4.75,2024-04-21
S108397,7.46,7.79,0.74,7.18,67.98,7.08,49.73,0,44.56,2.02,1.37,2024-02-29
S108398,5.27,5.65,2.36,2.02,33.83,1.0,62.32,2,65.0,2.48,1.99,2024-04-06
S108399,3.94,7.38,2.75,7.08,67.22,4.95,43.37,0,32.75,3.72,1.91,2024-04-04
S108400,6.91,6.55,0.52,6.31,57.13,4.22,53.73,4,47.05,5.98,2.96,2024-02-16
S108401,4.8,7.14,4.47,10.0,0.0,3.03,52.93,0,58.49,2.01,2.69,2024-04-18
S108402,5.66,6.45,1.75,2.76,59.49,3.73,56.38,2,49.28,6.95,0.27,2024-03-17
S108403,5.16,4.66,0.27,6.73,46.04,1.65,53.29,0,42.85,1.94,1.47,2024-04-24
S108404,7.63,1.56,1.07,7.68,72.22,3.47,95.85,5,34.94,0.28,2.05,2024-02-28
S108405,9.24,11.26,0.35,6.69,52.75,10.0,55.41,2,55.4,1.99,0.94,2024-02-25
S108406,5.48,5.3,0.56,3.66,46.39,4.02,66.86,1,68.4,2.17,3.83,2024-03-15
S108407,9.23,10.34,2.72,4.82,59.83,5.7,60.01,2,58.73,1.64,4.28,2024-04-18
S108408,6.5,8.69,0.0,5.16,48.98,4.09,62.07,0,52.82,6.22,2.33,2024-03-28
S108409,5.82,5.9,1.94,6.35,59.98,6.22,85.37,1,36.1,1.48,1.46,2024-02-11
S108410,7.79,5.0,2.67,3.74,67.86,4.79,52.15,1,53.92,1.89,2.74,2024-04-02
S108411,8.89,7.83,0.32,7.02,63.63,8.89,16.76,2,43.73,2.91,4.95,2024-04-02
S108412,5.96,7.98,0.89,4.82,89.5,4.47,70.62,1,30.47,1.71,2.09,2024-04-16
S108413,5.83,6.93,0.17,5.65,19.99,2.61,56.37,3,61.28,2.06,0.92,2024-04-28
S108414,8.8,6.91,1.57,3.13,44.35,5.94,55.95,0,64.24,2.12,4.24,2024-04-13
S108415,7.47,7.81,0.49,5.03,69.12,6.08,52.29,3,54.23,5.03,2.88,2024-03-17
S108416,3.0,5.41,2.57,1.98,57.48,4.84,59.0,2,56.08,0.95,4.46,2024-02-11
S108417,6.05,3.27,2.59,4.72,94.61,8.46,65.08,2,38.1,0.98,0.5,2024-02-19
S108418,5.18,8.05,0.47,6.08,21.43,4.16,68.94,2,55.99,2.09,2.25,2024-05-04
S108419,5.47,4.37,0.03,2.53,23.61,5.59,54.48,3,65.11,1.64,0.64,2024-04-03
S108420,6.43,7.71,2.27,1.39,34.39,2.16,81.64,1,67.58,4.77,1.04,2024-02-26
S108421,5.62,5.84,0.49,4.48,34.66,8.4,71.46,2,62.13,1.13,4.08,2024-02-15
S108422,5.71,3.72,0.88,5.31,22.07,8.0,64.0,1,58.48,12.97,4.43,2024-03-01
S108423,9.09,3.42,4.11,5.39,36.47,7.05,92.84,2,68.7,0.81,3.22,2024-02-13
S108424,4.05,4.08,1.11,8.97,44.85,5.75,55.87,1,31.74,1.36,19.52,2024-04-22
S108425,6.49,5.68,0.37,2.12,26.74,4.64,54.67,1,73.82,1.4,0.96,2024-03-26
S108426,7.07,6.13,0.46,9.39,0.45,3.01,64.56,0,68.64,1.65,1.3,2024-03-31
S108427,4.29,8.36,0.7,2.77,53.64,6.56,100.0,6,49.6,2.13,0.11,2024-04-02
S108428,4.71,5.5,1.01,7.86,64.73,2.65,47.16,1,40.22,1.55,7.45,2024-03-26
S108429,4.72,5.32,4.08,4.77,37.18,6.75,98.28,3,57.19,2.25,3.66,2024-07-02
S108430,7.42,3.91,4.55,1.94,54.07,5.1,81.23,0,70.41,1.05,2.2,2024-04-25
S108431,4.78,7.4,1.59,9.91,55.61,5.74,41.36,2,31.78,1.72,1.01,2024-03-16
S108432,6.94,3.81,0.63,4.14,40.93,1.74,95.23,0,65.47,2.23,2.93,2024-02-16
S108433,4.63,5.32,0.75,6.62,37.13,8.19,51.43,3,54.33,21.27,1.63,2024-04-24
S108434,4.55,7.76,0.34,5.33,53.65,9.26,82.2,0,48.69,1.95,1.18,2024-04-03
S108435,6.87,8.71,1.89,5.88,51.11,4.33,53.83,3,52.35,1.82,9.87,2024-02-15
S108436,7.38,8.72,0.9,5.4,19.06,4.89,43.52,2,70.62,3.18,9.31,2024-04-20
S108437,4.42,8.36,5.66,5.75,14.77,1.22,82.62,3,62.95,2.02,2.71,2024-03-16
S108438,4.86,7.37,4.0,6.32,45.45,6.15,44.4,1,48.8,16.11,8.76,2024-03-10
S108439,6.59,6.41,2.0,5.75,70.5,4.69,100.0,5,47.23,2.17,1.63,2024-03-10
S108440,4.92,9.67,0.31,1.79,66.59,2.87,34.34,2,51.84,2.07,12.23,2024-02-16
S108441,4.66,6.14,1.01,1.79,79.36,9.45,85.37,2,44.74,2.4,3.0,2024-11-02
S108442,4.76,2.63,1.31,5.45,9.73,8.83,67.04,3,69.34,0.83,4.95,2024-02-24
S108443,6.65,7.46,0.38,7.45,47.68,9.17,94.58,0,43.88,1.86,2.68,2024-05-03
S108444,3.0,5.53,1.07,5.52,66.03,3.37,55.32,1,38.02,3.22,4.71,2024-03-15
S108445,8.63,8.19,0.62,7.7,63.19,4.88,37.36,2,55.2,32.78,1.48,2024-03-25
S108446,8.42,6.09,0.38,6.85,19.59,3.3,90.48,2,66.45,5.96,5.52,2024-03-28
S108447,7.95,4.71,1.55,2.16,36.91,9.12,65.73,0,72.72,0.9,0.34,2024-04-21
S108448,5.94,7.93,0.76,4.49,0.0,4.39,90.02,2,71.8,2.55,2.24,2024-02-28
S108449,5.31,6.52,0.63,7.46,12.25,4.24,41.27,4,58.76,1.28,16.81,2024-04-17
S108450,6.96,4.5,1.64,5.38,66.72,2.66,54.59,1,43.47,2.32,1.81,2024-04-12
S108451,4.71,2.74,0.45,7.27,56.84,4.87,52.13,1,40.92,0.88,5.09,2024-05-02
S108452,9.17,4.1,0.2,5.48,53.12,5.77,64.04,1,60.95,2.43,18.46,2024-04-24
S108453,5.39,9.01,1.78,6.62,54.59,5.7,52.52,2,53.24,5.18,1.2,2024-03-17
S108454,7.86,10.62,1.01,6.15,47.28,6.17,78.27,0,54.12,42.5,20.0,2024-04-15
S108455,7.34,8.5,0.02,2.99,42.0,3.27,55.86,0,62.13,1.86,17.77,2024-03-23
S108456,5.62,3.83,2.87,3.01,31.43,3.68,71.37,1,61.1,4.68,5.53,2024-03-18
S108457,5.91,5.24,1.09,6.2,70.83,4.18,75.54,3,34.36,1.5,4.5,2024-03-15
S108458,5.09,6.26,1.24,6.55,31.66,1.07,63.21,2,54.92,1.29,5.78,2024-04-26
S108459,6.37,7.65,3.94,8.68,62.55,8.12,37.3,2,36.13,1.65,3.94,2024-04-17
S108460,7.05,4.29,0.66,6.02,46.94,5.9,45.8,1,52.45,1.04,10.6,2024-02-09
S108461,6.25,8.65,3.22,6.8,38.05,6.21,47.37,2,50.22,2.44,0.73,2024-03-30
S108462,5.76,8.75,0.03,9.45,47.35,6.5,25.17,1,36.06,4.07,3.23,2024-02-17
S108463,6.27,4.79,1.92,5.52,64.12,5.71,67.28,3,52.21,2.4,0.81,2024-04-17
S108464,7.93,4.9,1.47,7.92,34.27,5.91,100.0,0,56.92,1.25,1.01,2024-03-26
S108465,7.46,8.14,3.34,4.14,19.67,3.31,73.44,0,74.12,1.35,11.99,2024-04-23
S108466,6.92,8.99,1.26,3.96,35.44,4.33,64.71,2,64.45,1.81,1.27,2024-02-12
S108467,5.37,8.08,0.19,1.0,25.45,8.85,56.44,1,78.48,32.31,9.98,2024-03-14
S108468,5.59,3.74,0.59,5.27,29.81,5.3,36.89,0,60.15,0.84,8.09,2024-02-05
S108469,6.91,2.38,3.11,1.5,10.15,2.96,56.65,2,87.0,3.36,0.48,2024-04-20
S108470,5.7,7.04,1.2,7.47,50.28,3.67,59.35,0,45.64,2.09,8.35,2024-04-15
S108471,5.29,9.05,0.99,3.79,46.57,3.6,70.52,5,51.03,1.56,1.11,2024-04-22
S108472,8.11,8.42,0.18,3.14,44.24,5.9,71.09,2,71.45,2.74,13.61,2024-02-21
S108473,6.38,3.97,0.96,6.74,15.69,3.75,100.0,0,68.25,1.58,15.13,2024-04-12
S108474,6.55,7.67,1.47,6.2,75.39,3.87,98.32,3,40.07,1.61,4.92,2024-04-27
S108475,5.42,7.95,0.63,6.75,27.33,6.23,55.71,0,53.72,5.72,1.33,2024-02-15
S108476,6.62,4.85,0.83,5.12,70.98,7.05,62.71,0,41.38,3.41,1.0,2024-04-21
S108477,7.34,3.16,3.16,8.96,64.64,6.69,76.77,2,35.61,0.58,6.86,2024-04-13
S108478,6.6,11.82,1.62,8.7,50.6,8.77,34.35,1,50.4,4.49,0.81,2024-04-05
S108479,4.2,7.69,1.93,6.62,73.98,9.68,52.23,2,30.0,2.35,1.88,2024-04-08
S108480,5.56,8.67,1.19,3.7,46.18,5.91,55.76,2,58.99,4.6,0.95,2024-04-03
S108481,6.96,12.2,0.46,7.49,64.08,1.0,46.58,2,43.74,4.01,0.47,2024-02-16
S108482,6.54,8.04,0.19,9.16,2.37,3.85,41.53,2,63.84,1.36,2.02,2024-02-10
S108483,7.59,4.77,4.9,7.68,45.83,4.08,42.46,2,55.13,19.08,11.58,2024-02-13
S108484,5.8,5.74,1.15,4.89,58.89,6.63,38.14,2,49.74,3.69,2.6,2024-04-07
S108485,6.14,9.99,2.74,3.83,54.39,7.02,53.11,4,54.19,2.17,2.87,2024-04-07
S108486,7.46,6.95,2.78,7.2,71.85,6.71,59.72,3,38.3,2.38,8.93,2024-04-15
S108487,6.14,6.505,0.03,4.96,46.49,8.13,42.39,0,53.74,1.6,8.75,2024-02-25
S108488,7.39,11.27,2.63,5.14,74.52,2.23,44.64,0,38.91,2.8,13.77,2024-03-19
S108489,3.8,7.28,1.65,4.22,59.22,3.62,90.87,6,49.92,2.76,3.51,2024-04-29
S108490,4.89,7.81,1.29,2.23,91.87,5.35,34.46,1,38.06,2.51,0.19,2024-04-02
S108491,7.47,9.17,2.04,5.91,45.0,5.26,70.98,3,52.78,3.12,0.53,2024-04-15
S108492,7.31,2.56,1.93,5.77,58.51,5.07,80.76,2,50.28,0.69,3.38,2024-03-15
S108493,7.25,5.74,2.64,6.95,65.74,5.67,81.99,6,46.98,2.19,0.76,2024-02-13
S108494,7.46,7.29,1.55,2.01,61.46,5.92,49.8,1,63.56,1.97,5.72,2024-03-28
S108495,7.47,6.17,0.56,6.8,69.91,1.1,87.84,2,37.17,5.84,2.28,2024-11-02
S108496,4.67,8.57,0.48,3.62,44.52,3.51,64.03,3,58.89,2.18,2.47,2024-02-17
S108497,8.39,4.2,1.33,3.25,68.05,4.66,68.6,1,61.35,1.09,0.21,2024-03-05
S108498,7.39,4.11,0.76,3.61,45.79,7.36,17.03,1,60.64,0.61,1.34,2024-04-12
S108499,4.58,6.61,2.64,8.69,19.16,6.23,71.08,1,47.92,0.92,2.86,2024-03-06
S108500,4.39,6.53,0.13,6.0,49.61,8.58,48.27,2,42.74,1.61,1.45,2024-04-11
S108501,6.75,3.1,0.08,3.65,55.41,8.83,68.61,2,66.26,3.36,6.09,2024-03-11
S108502,5.26,7.2,4.39,7.44,24.89,3.04,42.28,2,52.13,3.58,0.66,2024-02-13
S108503,6.89,9.88,1.1,6.94,27.7,7.19,53.36,4,61.4,2.93,1.06,2024-02-10
S108504,5.78,5.8,2.19,3.7,29.33,2.08,48.18,2,65.37,5.1,2.31,2024-03-22
S108505,4.12,4.22,1.17,2.56,31.89,5.1,64.11,1,65.8,0.86,1.23,2024-02-22
S108506,5.02,11.39,2.31,7.43,27.73,5.01,58.77,1,49.99,6.19,4.97,2024-03-30
S108507,5.66,11.74,1.49,7.69,24.66,8.58,47.3,1,55.3,5.16,8.06,2024-02-24
S108508,6.16,6.11,0.43,3.72,52.62,4.06,58.84,2,55.0,1.01,11.65,2024-03-18
S108509,7.26,8.79,0.03,4.63,20.02,7.0,75.79,1,72.47,3.82,0.96,2024-02-24
S108510,5.27,5.05,0.87,5.55,48.34,6.31,66.87,3,45.72,0.98,5.71,2024-04-16
S108511,6.82,6.55,0.25,3.7,26.79,1.91,87.85,0,64.12,1.63,13.32,2024-02-05
S108512,5.87,3.52,0.3,6.93,54.61,3.8,75.75,2,32.96,1.73,2.74,2024-02-13
S108513,6.0,6.37,3.66,5.51,24.1,5.0,43.07,2,59.89,1.17,4.29,2024-03-13
S108514,3.01,10.52,1.35,4.74,57.66,5.33,33.5,0,38.83,2.35,10.18,2024-03-27
S108515,5.48,7.23,0.21,5.44,37.89,2.42,66.65,1,62.44,2.88,1.94,2024-03-19
S108516,4.19,8.74,0.21,6.96,65.92,4.79,67.58,2,43.85,1.69,7.63,2024-04-24
S108517,7.1,2.79,0.37,8.25,33.3,5.68,54.15,2,48.06,0.68,7.63,2024-04-05
S108518,7.66,7.95,0.25,5.32,43.89,6.71,70.1,2,60.74,3.61,0.21,2024-04-16
S108519,6.77,6.56,0.14,2.59,67.32,5.57,72.7,1,60.16,3.84,0.09,2024-06-03
S108520,9.02,8.8,3.24,6.52,80.57,3.16,73.16,1,48.06,2.85,0.02,2024-03-13
S108521,6.54,4.36,2.26,1.75,66.71,3.09,85.02,2,59.68,0.97,1.59,2024-03-03
S108522,7.33,6.91,0.74,1.46,53.55,6.59,58.25,1,71.58,2.33,4.67,2024-03-13
S108523,5.71,1.98,0.55,6.93,69.16,7.22,70.33,0,39.05,0.6,0.98,2024-04-13
S108524,6.67,4.93,0.66,7.03,39.98,2.64,69.22,2,48.74,2.28,5.63,2024-01-02
S108525,4.77,9.83,0.27,6.47,50.09,3.74,78.86,2,43.97,4.08,14.26,2024-04-03
S108526,5.76,7.02,1.46,6.94,70.12,5.93,85.99,0,42.07,2.97,3.28,2024-02-28
S108527,7.6,3.98,1.33,5.1,30.52,6.34,41.47,6,69.87,0.95,3.68,2024-02-19
S108528,6.16,9.56,0.34,4.78,62.71,4.25,45.29,3,49.68,38.24,2.5,2024-03-20
S108529,5.72,7.99,0.55,6.83,46.75,4.37,51.4,2,53.83,1.33,4.33,2024-02-19
S108530,6.01,6.34,1.43,4.51,64.82,6.81,36.54,3,39.61,3.22,1.87,2024-02-10
S108531,6.86,7.5,2.75,5.25,39.57,6.03,80.56,2,55.52,2.36,0.83,2024-03-24
S108532,8.06,5.97,2.02,3.98,67.01,8.9,41.26,4,58.48,2.73,4.02,2024-03-01
S108533,4.1,8.27,2.38,2.22,53.49,3.66,83.64,2,55.78,3.52,2.19,2024-02-05
S108534,6.15,11.28,0.1,4.39,49.78,5.13,20.3,1,57.58,2.46,1.47,2024-04-17
S108535,5.99,1.87,2.03,3.39,60.56,1.0,80.03,1,52.52,1.03,2.87,2024-04-19
S108536,5.84,7.47,1.11,6.56,90.62,2.92,86.75,1,43.17,2.13,11.16,2024-09-03
S108537,6.14,0.18,2.17,5.63,63.74,7.69,47.93,3,47.6,0.04,1.76,2024-03-17
S108538,6.88,6.53,0.42,7.23,51.55,3.53,53.9,0,51.19,2.45,0.39,2024-03-20
S108539,7.78,4.47,0.22,5.36,30.41,4.07,63.2,2,62.01,2.51,1.13,2024-02-02
S108540,3.8,8.15,0.58,7.8,72.27,8.85,47.66,0,26.51,1.78,0.92,2024-02-29
S108541,4.53,7.21,0.11,7.88,48.12,3.91,49.98,2,41.89,1.8,3.71,2024-03-19
S108542,6.32,9.09,0.78,6.17,56.06,9.65,87.94,5,51.59,2.48,0.96,2024-03-15
S108543,4.17,7.16,3.02,3.88,19.34,6.66,72.9,0,61.14,3.29,11.32,2024-03-27
S108544,6.79,9.3,1.36,5.4,40.26,1.09,60.72,3,66.66,2.82,1.58,2024-02-10
S108545,4.99,2.93,2.31,4.2,52.29,3.63,21.47,0,54.05,0.9,2.69,2024-04-28
S108546,5.97,3.05,0.08,5.05,56.31,7.24,55.5,2,50.94,0.77,6.43,2024-04-04
S108547,4.55,1.8,0.59,6.25,10.39,4.64,73.23,1,57.12,0.31,6.21,2024-04-24
S108548,4.9,5.26,1.78,4.3,42.11,2.34,32.28,3,53.53,1.63,11.99,2024-04-04
S108549,9.92,4.62,0.27,7.44,55.13,7.85,92.14,4,59.46,2.01,4.48,2024-03-14
S108550,5.69,10.1,1.07,8.72,22.6,3.32,46.24,2,51.74,5.2,19.06,2024-04-21
S108551,8.14,9.51,1.21,5.94,39.59,8.09,95.47,1,59.55,1.92,1.46,2024-06-04
S108552,6.09,7.77,4.06,6.35,8.45,6.66,58.25,2,66.39,1.54,0.79,2024-04-10
S108553,7.02,6.78,1.61,5.87,56.95,2.67,73.0,2,46.87,2.85,0.33,2024-03-01
S108554,5.04,8.72,5.57,4.39,18.98,4.57,100.0,1,64.23,2.43,5.8,2024-03-20
S108555,6.83,3.97,2.23,5.32,38.09,8.59,63.28,3,61.91,2.63,0.51,2024-02-25
S108556,5.42,8.32,1.09,5.21,19.8,2.66,69.34,3,63.35,1.97,5.03,2024-03-23
S108557,3.0,5.09,2.37,4.74,43.32,9.65,83.02,1,43.95,1.21,8.69,2024-02-19
S108558,3.0,10.73,0.1,6.93,53.92,6.28,84.73,4,35.67,3.37,6.39,2024-03-15
S108559,5.96,6.84,0.28,5.65,40.62,2.45,52.32,1,49.33,4.06,3.61,2024-04-27
S108560,7.05,6.73,0.31,7.65,35.78,5.84,66.91,2,54.0,2.19,11.59,2024-03-01
S108561,5.05,5.11,0.9,7.76,60.7,6.48,55.83,2,38.59,1.63,6.94,2024-03-03
S108562,4.65,8.29,3.17,9.92,40.29,2.38,77.59,0,39.54,3.28,0.21,2024-10-04
S108563,5.34,9.25,0.03,6.78,29.85,5.66,60.71,1,50.91,8.64,1.89,2024-02-21
S108564,8.4,10.12,1.27,5.31,39.16,5.39,27.5,0,72.08,20.72,0.6,2024-02-02
S108565,3.57,5.81,0.37,5.36,49.63,8.51,51.61,3,44.92,1.96,1.83,2024-06-04
S108566,7.02,7.6,0.39,7.81,25.39,6.46,50.86,1,65.06,6.0,5.0,2024-09-03
S108567,7.71,5.62,1.03,5.72,55.17,7.15,82.29,4,47.83,1.32,0.65,2024-04-10
S108568,4.24,7.65,2.2,5.53,67.36,3.01,77.12,3,36.28,2.02,5.91,2024-03-29
S108569,4.82,7.1,0.3,6.33,51.71,3.68,65.46,2,41.3,1.29,1.75,2024-02-04
S108570,5.56,5.32,2.81,6.34,41.27,7.67,52.7,1,49.04,6.8,2.66,2024-02-27
S108571,5.18,5.33,3.76,4.66,18.45,4.65,57.56,2,58.97,2.26,1.64,2024-10-03
S108572,7.44,10.07,0.32,6.88,61.4,8.3,90.58,1,41.58,3.01,14.74,2024-04-24
S108573,6.23,6.505,0.63,5.44,55.09,5.74,56.02,1,51.76,3.14,1.75,2024-02-15
S108574,5.38,6.03,1.28,4.81,49.15,6.27,35.15,1,55.99,2.93,0.91,2024-02-19
S108575,6.62,6.21,2.98,6.28,46.57,7.84,36.15,0,44.57,2.8,2.08,2024-02-02
S108576,7.8,8.4,0.35,9.17,61.14,4.09,86.52,0,41.78,5.78,5.15,2024-02-14
S108577,5.6,5.58,3.2,4.51,6.69,6.38,53.81,2,67.8,1.01,2.94,2024-04-09
S108578,4.97,8.34,0.29,4.34,78.07,4.98,84.84,1,43.7,6.09,2.46,2024-03-22
S108579,7.41,7.49,0.68,6.24,52.06,2.95,49.73,1,54.27,2.16,1.44,2024-03-15
S108580,8.52,5.28,0.17,8.07,32.18,5.53,66.4,2,60.53,2.59,7.88,2024-03-03
S108581,8.29,0.75,2.09,7.62,49.99,10.0,66.3,0,59.73,0.5,0.52,2024-04-06
S108582,7.26,9.91,1.77,8.7,52.32,3.0,71.46,1,44.37,2.05,3.89,2024-02-25
S108583,5.92,9.2,2.12,7.92,19.21,7.37,57.78,3,61.18,3.82,4.39,2024-02-23
S108584,7.3,1.78,4.19,5.34,18.01,9.0,53.25,3,72.18,0.52,0.37,2024-04-02
S108585,6.96,7.06,1.33,3.22,31.21,6.33,100.0,2,73.15,7.99,1.48,2024-04-17
S108586,7.05,4.38,0.09,7.96,79.66,8.09,55.17,0,35.32,0.95,9.53,2024-03-08
S108587,6.15,7.58,0.07,9.91,79.89,7.84,66.03,2,23.02,1.99,1.83,2024-03-20
S108588,7.64,11.61,0.33,4.54,17.78,6.01,51.14,0,73.64,2.92,4.73,2024-04-17
S108589,7.43,13.31,1.92,8.37,43.62,1.42,60.76,6,51.38,3.43,1.13,2024-03-21
S108590,4.47,8.28,2.23,6.72,12.45,5.85,87.8,5,58.5,1.79,5.07,2024-04-02
S108591,7.21,8.77,0.3,7.98,0.0,8.08,69.12,4,68.12,2.56,10.52,2024-04-18
S108592,4.84,5.46,2.32,3.72,68.17,5.2,41.12,1,50.04,1.36,0.21,2024-04-26
S108593,6.39,8.48,2.73,6.68,51.95,6.53,26.4,1,45.46,3.29,8.31,2024-02-01
S108594,6.04,8.34,3.14,3.89,45.23,8.02,90.1,5,62.44,3.48,2.39,2024-04-15
S108595,6.91,9.16,0.16,1.0,66.88,6.5,33.51,2,60.38,2.94,0.83,2024-02-22
S108596,5.55,6.4,3.12,6.89,34.87,3.2,48.38,0,50.96,5.26,1.09,2024-03-16
S108597,5.74,6.505,2.29,6.63,54.34,3.71,64.12,2,48.66,20.44,0.45,2024-04-11
S108598,5.53,8.96,0.25,3.12,40.16,3.41,38.62,3,62.05,35.85,1.3,2024-04-07
S108599,5.57,8.83,0.01,6.65,60.2,7.1,68.27,3,40.27,2.5,2.53,2024-03-03
S108600,4.27,6.32,2.46,9.89,63.91,7.64,62.63,1,33.13,1.53,0.7,2024-02-13
S108601,6.97,5.85,2.33,10.0,16.61,4.91,55.66,1,49.95,1.8,0.99,2024-02-04
S108602,5.45,1.13,1.34,7.26,24.17,7.0,52.99,2,50.97,0.38,0.17,2024-03-17
S108603,6.74,2.74,0.29,2.22,48.49,3.34,73.41,3,60.59,1.83,0.61,2024-02-22
S108604,6.24,6.32,2.01,4.6,32.87,5.8,52.77,3,54.76,1.28,4.46,2024-02-20
S108605,6.84,6.505,2.89,5.62,30.08,8.41,44.42,3,69.04,2.1,6.24,2024-02-17
S108606,7.06,3.11,1.92,2.58,36.26,4.86,50.93,0,67.95,12.46,9.0,2024-02-06
S108607,4.46,5.68,1.79,5.86,6.29,8.55,29.41,0,62.95,2.85,4.07,2024-04-23
S108608,6.1,5.07,2.48,6.67,59.69,5.27,54.08,1,43.9,20.29,9.98,2024-03-01
S108609,6.53,5.21,2.24,3.95,15.21,6.62,57.1,1,69.1,1.09,2.1,2024-04-01
S108610,5.3,9.41,0.25,5.63,15.06,3.56,46.4,4,61.22,1.81,7.7,2024-04-13
S108611,5.35,9.31,3.84,5.31,3.67,5.45,42.85,2,68.65,3.14,0.81,2024-04-17
S108612,6.78,1.77,0.09,3.69,57.63,6.53,84.52,4,59.91,2.2,1.65,2024-02-13
S108613,8.04,9.17,2.48,5.25,39.7,4.87,49.75,3,56.33,4.73,4.36,2024-04-20
S108614,7.03,7.55,2.54,6.7,68.92,4.86,70.6,2,48.09,6.9,5.21,2024-02-24
S108615,7.24,5.62,2.33,8.54,43.93,5.16,59.12,1,46.96,2.06,0.84,2024-03-30
S108616,6.71,8.46,5.35,7.14,32.34,5.22,77.87,0,56.44,1.39,4.19,2024-04-27
S108617,8.92,6.99,7.78,1.56,25.75,3.83,74.54,1,78.75,2.51,7.39,2024-07-03
S108618,6.34,9.64,0.97,6.29,50.8,9.29,84.87,0,51.11,4.87,1.57,2024-03-21
S108619,7.54,7.16,0.75,5.17,69.72,7.99,52.26,0,51.78,1.84,7.71,2024-02-18
S108620,10.0,4.93,1.01,6.65,44.29,1.33,100.0,3,63.46,1.48,0.99,2024-03-05
S108621,6.8,4.31,2.4,8.18,67.87,3.71,51.14,3,44.45,0.69,7.87,2024-04-14
S108622,6.26,9.46,3.09,8.98,39.36,7.17,42.87,1,54.92,7.83,13.94,2024-02-19
S108623,4.13,1.33,1.78,2.2,60.48,3.99,74.48,2,49.35,0.53,3.04,2024-03-27
S108624,4.04,7.57,1.34,4.51,46.17,1.83,44.73,0,53.25,1.15,8.15,2024-02-24
S108625,9.24,13.03,4.27,9.31,65.01,3.98,38.66,2,36.68,3.76,3.58,2024-03-13
S108626,6.37,8.36,0.95,5.07,19.81,2.71,92.62,2,65.44,2.79,9.92,2024-02-21
S108627,5.03,7.74,0.02,5.68,34.04,8.8,60.77,4,48.61,3.57,2.74,2024-03-02
S108628,5.6,4.89,0.0,4.98,29.26,10.0,69.92,3,64.68,1.67,3.53,2024-03-03
S108629,4.74,1.95,2.18,5.77,78.66,1.0,62.94,1,32.23,0.53,1.03,2024-02-23
S108630,6.27,5.7,0.3,5.25,18.11,7.84,89.76,1,67.63,1.55,0.34,2024-02-05
S108631,5.38,6.505,1.42,4.95,22.74,5.22,32.05,1,65.81,3.66,8.56,2024-03-19
S108632,7.08,0.0,3.13,5.28,26.04,6.84,69.94,3,67.26,0.0,5.3,2024-04-21
S108633,8.36,3.51,0.44,7.28,49.87,1.17,62.83,4,55.14,2.21,3.54,2024-04-19
S108634,6.96,5.18,4.73,4.92,38.04,9.11,60.38,1,53.3,3.18,1.55,2024-03-21
S108635,6.35,5.81,2.01,1.0,27.84,7.59,66.87,3,72.8,1.74,0.41,2024-03-18
S108636,6.33,2.72,2.31,4.28,28.48,5.21,90.91,2,59.54,1.29,6.04,2024-03-08
S108637,8.2,8.63,2.63,7.83,58.21,6.47,58.37,1,49.88,3.04,1.65,2024-02-13
S108638,4.46,3.35,0.25,3.03,30.78,5.62,76.89,1,59.22,0.72,0.51,2024-02-26
S108639,4.96,6.81,0.28,8.99,51.66,4.83,61.87,3,39.65,3.3,1.51,2024-02-15
S108640,5.52,6.505,1.07,4.75,22.29,5.65,47.38,3,63.94,0.73,3.38,2024-04-18
S108641,4.63,7.08,0.39,5.46,63.42,5.67,65.58,2,40.79,2.71,4.33,2024-03-28
S108642,6.99,5.21,1.44,8.96,63.92,9.47,47.23,2,34.97,1.3,1.55,2024-04-05
S108643,5.76,1.83,1.8,7.85,44.54,1.98,61.85,0,46.67,0.4,6.95,2024-03-17
S108644,4.96,5.61,0.28,7.43,19.19,5.53,91.95,2,55.86,1.18,4.9,2024-04-22
S108645,7.05,8.63,0.02,8.02,34.6,6.33,68.5,2,58.39,12.24,1.72,2024-02-26
S108646,6.17,8.99,1.12,8.36,43.13,5.76,82.01,2,45.69,1.91,9.59,2024-04-05
S108647,6.86,8.96,0.38,4.6,42.18,2.73,41.2,4,60.15,5.0,0.01,2024-05-04
S108648,6.28,4.12,2.78,6.12,44.06,3.01,75.35,1,64.0,1.53,8.65,2024-03-20
S108649,5.56,9.56,0.36,2.12,40.37,7.25,74.42,2,67.49,38.25,4.36,2024-03-26
S108650,4.82,6.78,0.46,4.85,70.52,4.66,36.1,2,43.68,9.99,4.41,2024-02-16
S108651,6.93,7.59,0.12,10.0,36.2,4.88,49.46,0,50.45,2.67,5.43,2024-02-21
S108652,5.01,8.87,2.35,9.72,58.48,3.46,67.24,2,37.96,3.87,1.21,2024-03-29
S108653,7.72,2.5,1.46,3.41,32.38,5.03,93.31,0,66.87,3.91,4.75,2024-03-25
S108654,6.65,8.36,1.05,5.38,59.46,5.49,100.0,1,50.06,3.51,1.45,2024-03-15
S108655,6.25,3.15,0.43,6.7,19.03,4.45,83.42,0,57.5,0.98,1.16,2024-02-14
S108656,5.17,6.505,1.58,8.34,19.69,7.08,37.41,3,49.15,33.33,1.39,2024-04-24
S108657,8.57,5.84,1.28,5.43,84.58,7.26,90.28,3,50.2,1.61,0.92,2024-02-21
S108658,5.93,8.13,1.79,4.79,27.25,4.03,45.79,2,60.11,6.6,6.0,2024-02-05
S108659,7.05,5.33,0.48,5.06,57.38,8.62,60.71,4,57.17,2.53,12.96,2024-02-27
S108660,5.41,4.8,2.98,2.89,38.95,1.18,68.41,1,67.94,1.3,0.32,2024-03-01
S108661,7.91,8.13,2.31,4.39,75.29,7.5,68.71,3,52.23,1.84,3.07,2024-04-27
S108662,6.9,5.74,0.08,8.09,86.29,4.2,49.48,1,33.39,1.33,4.88,2024-02-25
S108663,7.74,10.52,0.56,3.22,25.99,6.77,50.52,2,70.7,2.45,1.33,2024-03-28
S108664,7.46,5.9,2.53,5.24,64.63,6.35,54.86,1,52.64,1.18,1.57,2024-04-23
S108665,6.14,10.55,0.86,4.31,65.75,4.78,53.73,3,52.84,3.56,0.84,2024-03-21
S108666,5.1,3.11,0.61,4.48,53.94,5.53,89.37,2,43.54,0.57,1.67,2024-04-17
S108667,6.41,8.79,0.95,5.51,9.89,7.34,49.18,1,65.22,2.38,2.61,2024-02-28
S108668,5.43,5.98,0.7,5.98,27.97,2.77,69.18,1,58.28,3.26,0.48,2024-02-02
S108669,5.81,8.62,4.22,4.07,44.57,1.0,76.51,5,56.0,2.94,0.63,2024-04-16
S108670,8.68,4.9,1.68,5.87,54.7,8.1,69.53,1,60.73,1.78,1.26,2024-03-02
S108671,7.63,7.34,0.42,3.25,39.43,6.18,56.13,2,61.6,1.86,0.78,2024-03-30
S108672,6.79,7.8,2.16,5.19,72.03,1.41,47.17,2,37.1,1.18,12.89,2024-02-04
S108673,7.27,4.46,0.47,7.22,0.0,8.01,67.4,2,62.92,1.7,0.1,2024-04-04
S108674,7.6,7.23,2.49,6.51,38.45,10.0,52.27,0,51.09,19.72,1.06,2024-03-20
S108675,6.68,5.64,0.58,6.05,38.65,4.01,50.7,3,58.09,1.07,1.74,2024-03-31
S108676,6.3,3.6,0.3,2.62,37.56,9.5,54.02,4,60.97,1.01,5.59,2024-04-08
S108677,6.56,8.65,4.19,1.59,41.56,6.8,29.92,1,64.48,1.47,1.75,2024-03-21
S108678,7.06,6.01,1.07,5.42,68.77,6.89,76.05,0,45.56,1.53,2.96,2024-03-28
S108679,9.23,2.36,0.16,6.12,45.8,6.43,60.94,2,57.99,2.02,0.19,2024-03-10
S108680,4.82,7.8,1.45,8.3,33.83,1.31,80.71,3,49.98,3.9,1.57,2024-02-21
S108681,6.49,5.76,0.04,6.29,32.87,3.94,55.85,3,60.18,4.56,5.82,2024-03-14
S108682,5.67,6.67,1.91,3.59,30.87,2.2,59.68,6,64.16,2.53,5.56,2024-03-09
S108683,9.69,6.77,0.21,5.05,72.13,2.29,49.68,0,55.0,1.82,2.12,2024-02-22
S108684,5.7,7.56,0.45,7.31,56.42,5.57,79.32,3,37.71,7.67,5.84,2024-04-24
S108685,8.16,4.51,0.4,6.55,0.0,5.59,55.69,1,82.12,1.56,2.17,2024-04-23
S108686,7.27,4.73,1.03,1.55,34.05,8.78,19.16,0,78.12,1.19,1.75,2024-02-01
S108687,7.1,9.13,0.52,8.22,24.39,3.11,94.37,2,52.74,36.51,0.75,2024-02-20
S108688,7.9,5.03,0.16,4.22,23.1,4.06,87.17,3,70.2,2.9,1.27,2024-04-18
S108689,7.01,6.0,1.3,10.0,47.19,2.37,76.65,1,38.45,0.89,2.82,2024-02-19
S108690,6.03,1.66,4.1,5.72,49.33,5.7,54.49,0,46.35,1.44,4.92,2024-11-04
S108691,9.04,7.72,4.09,9.36,71.9,7.32,49.63,2,39.68,4.41,0.31,2024-04-22
S108692,4.84,6.55,1.1,1.0,47.17,9.68,37.19,0,60.55,3.46,10.93,2024-04-16
S108693,3.89,7.33,1.75,6.06,35.44,7.07,87.31,3,54.04,1.77,0.97,2024-02-28
S108694,5.38,9.63,0.22,7.17,51.03,3.87,54.45,2,47.37,38.51,0.37,2024-02-25
S108695,7.41,7.96,0.59,8.08,40.13,5.8,69.17,1,44.07,1.51,1.06,2024-01-04
S108696,5.52,7.24,2.03,3.65,52.39,6.98,68.63,1,53.9,1.39,2.39,2024-03-13
S108697,6.58,10.55,1.06,3.61,41.89,3.64,73.69,1,64.11,2.5,3.66,2024-04-23
S108698,7.73,9.07,0.95,8.04,45.95,6.46,54.15,3,45.62,1.76,3.35,2024-02-28
S108699,7.4,8.46,0.25,6.58,68.78,5.69,81.37,1,50.57,2.12,3.81,2024-02-25
S108700,7.02,7.09,1.12,5.66,21.15,6.62,47.1,2,63.78,2.49,0.6,2024-03-31
S108701,7.99,7.28,4.83,8.1,29.51,7.61,60.61,4,55.89,2.32,5.53,2024-02-29
S108702,6.53,9.72,0.08,5.89,57.59,6.76,77.3,4,45.95,1.99,2.4,2024-02-10
S108703,7.95,4.34,0.53,1.04,86.75,5.9,48.34,3,51.86,0.88,1.84,2024-03-16
S108704,6.76,4.57,0.5,5.9,52.46,5.29,47.3,1,59.84,1.62,6.85,2024-04-26
S108705,8.57,5.3,1.11,5.16,35.16,3.97,52.54,2,66.61,2.54,20.0,2024-04-17
S108706,7.99,4.14,1.72,2.27,48.5,4.66,35.09,3,61.89,1.11,1.5,2024-04-26
S108707,6.61,4.98,1.75,3.97,71.6,4.01,87.88,3,48.32,0.86,4.14,2024-03-22
S108708,8.1,6.505,4.48,4.4,27.21,5.15,75.11,3,71.07,1.6,6.08,2024-03-25
S108709,7.78,9.46,1.56,5.22,57.62,4.23,51.98,0,60.49,2.48,0.86,2024-04-15
S108710,7.68,7.0,1.66,4.83,24.61,5.46,84.66,1,67.8,9.84,1.53,2024-04-10
S108711,7.01,7.91,0.03,8.61,48.07,4.48,59.24,5,50.35,6.27,1.85,2024-04-23
S108712,4.95,8.31,2.87,4.56,36.61,2.67,35.62,3,65.21,3.5,6.2,2024-03-29
S108713,5.85,11.75,0.44,10.0,41.05,4.83,95.01,1,45.59,13.83,11.63,2024-04-06
S108714,7.8,6.505,1.75,9.62,67.69,3.26,71.72,1,31.31,2.82,14.55,2024-02-04
S108715,8.31,6.73,0.82,7.13,24.05,10.0,66.57,2,67.85,3.66,7.52,2024-04-23
S108716,4.43,6.79,0.25,5.27,75.56,5.82,48.23,2,31.17,3.93,3.39,2024-03-03
S108717,5.29,6.65,0.12,6.83,71.2,8.51,75.94,3,42.58,1.75,0.26,2024-02-26
S108718,3.72,1.85,0.46,4.01,23.42,2.53,64.05,1,63.52,1.15,3.97,2024-03-24
S108719,4.7,8.15,0.59,4.84,42.13,4.96,84.09,2,52.68,6.26,4.65,2024-02-04
S108720,7.37,10.6,4.19,8.8,20.9,8.75,54.89,1,51.19,5.31,5.38,2024-02-19
S108721,5.68,3.48,2.59,5.58,56.97,7.19,74.73,1,48.19,0.91,3.35,2024-02-12
S108722,7.21,7.29,0.49,6.03,29.3,2.9,79.62,0,63.03,2.46,4.17,2024-02-09
S108723,8.5,11.64,0.32,3.27,47.46,2.77,62.47,1,67.29,4.43,0.76,2024-02-15
S108724,4.14,9.25,0.12,9.49,68.4,5.69,86.01,2,24.59,2.19,0.27,2024-02-04
S108725,6.7,9.38,7.93,7.85,25.16,6.55,69.32,4,57.57,2.79,0.72,2024-04-04
S108726,6.98,4.04,0.03,6.67,30.82,6.11,85.43,1,61.62,1.09,0.03,2024-03-25
S108727,7.16,7.17,1.46,7.11,44.52,5.74,6.39,2,48.67,1.99,10.19,2024-04-26
S108728,7.98,6.53,3.66,3.05,52.7,4.95,57.79,2,57.24,4.94,1.48,2024-02-19
S108729,8.15,5.57,0.06,3.66,46.65,9.33,68.24,3,66.68,1.78,4.15,2024-04-19
S108730,7.36,4.03,1.43,4.55,33.15,6.25,38.19,3,60.88,0.92,7.08,2024-03-21
S108731,5.27,4.27,0.13,4.18,56.92,8.88,65.64,0,54.16,2.79,0.79,2024-02-03
S108732,8.17,3.18,0.31,6.22,29.1,5.79,23.2,2,66.38,1.17,0.95,2024-03-25
S108733,9.53,4.26,0.77,7.57,58.13,6.62,70.72,1,53.43,1.31,0.56,2024-07-03
S108734,5.08,5.86,7.06,4.32,43.89,8.36,92.56,2,54.51,2.04,14.95,2024-02-26
S108735,6.44,5.66,1.49,6.46,39.5,5.36,45.24,0,51.45,1.65,5.13,2024-04-15
S108736,7.09,5.3,0.65,7.38,49.67,5.79,46.81,2,56.12,1.24,4.93,2024-04-29
S108737,6.1,6.62,0.5,9.64,37.71,2.32,68.98,1,45.74,26.49,3.85,2024-08-02
S108738,6.93,8.69,1.98,6.57,24.11,6.28,67.54,3,61.7,2.5,9.44,2024-04-25
S108739,7.01,2.67,5.5,3.05,15.54,1.88,55.96,0,81.12,0.62,0.18,2024-03-19
S108740,8.15,7.35,0.83,6.77,37.82,2.0,48.3,3,56.03,3.57,4.18,2024-04-25
S108741,6.14,4.07,0.0,7.73,25.75,5.54,80.66,2,58.29,5.66,1.77,2024-04-13
S108742,6.4,10.29,0.02,3.38,54.19,3.78,64.65,1,50.94,2.43,7.45,2024-02-18
S108743,9.27,6.37,0.97,7.41,64.43,1.0,45.35,2,53.74,2.76,0.09,2024-02-03
S108744,8.11,7.1,0.45,6.33,4.99,6.48,79.52,1,84.37,4.35,2.09,2024-03-22
S108745,5.97,8.1,0.28,2.05,83.71,5.14,50.01,4,46.04,2.37,0.44,2024-02-25
S108746,4.93,9.97,1.77,10.0,57.03,5.94,63.51,0,32.81,3.73,5.53,2024-02-09
S108747,6.52,3.39,1.39,4.91,66.9,4.35,24.52,0,50.81,0.65,5.49,2024-09-04
S108748,7.33,6.78,0.14,5.36,32.17,4.38,55.27,3,59.62,2.44,3.94,2024-03-10
S108749,6.26,4.47,2.71,3.8,53.77,6.75,63.68,1,59.02,2.03,1.94,2024-02-11
S108750,4.68,11.06,0.46,5.09,59.37,2.2,33.98,2,43.8,5.98,7.25,2024-03-09
S108751,4.85,3.9,0.66,4.18,32.83,9.65,62.07,3,60.44,0.95,1.64,2024-02-17
S108752,5.61,8.3,1.15,4.43,54.77,7.0,82.35,2,51.43,3.73,4.42,2024-03-23
S108753,6.55,5.49,0.93,4.21,43.77,6.79,48.28,3,58.11,1.13,6.28,2024-04-02
S108754,6.9,10.23,0.06,5.97,55.84,4.68,28.36,2,49.9,1.91,1.04,2024-02-18
S108755,8.07,5.72,0.09,5.83,59.45,1.47,56.72,1,51.44,0.99,0.58,2024-03-20
S108756,5.51,4.82,0.95,7.15,44.74,6.31,55.83,0,44.17,1.01,1.15,2024-04-10
S108757,5.33,9.15,0.08,7.52,59.7,3.32,40.23,1,41.45,3.51,2.46,2024-03-14
S108758,4.07,4.76,0.07,7.3,60.08,4.25,87.81,1,35.08,0.87,0.09,2024-03-01
S108759,5.05,4.82,3.42,7.36,4.32,1.79,76.97,3,57.95,1.86,2.06,2024-03-07
S108760,6.11,11.97,3.07,8.45,58.38,4.22,64.15,2,38.48,3.55,0.39,2024-02-24
S108761,6.03,11.88,0.72,4.66,49.93,1.0,85.32,5,60.7,3.18,1.79,2024-02-24
S108762,6.16,5.22,1.22,5.9,30.92,3.39,59.79,2,54.07,1.13,7.77,2024-08-04
S108763,6.71,6.08,0.5,7.72,9.84,8.69,87.01,1,61.6,4.88,2.26,2024-04-03
S108764,5.9,12.5,3.86,6.86,67.95,7.87,88.19,3,39.99,4.46,4.14,2024-04-21
S108765,4.43,7.7,0.67,7.32,51.93,2.71,68.2,2,38.12,2.65,3.22,2024-03-25
S108766,6.69,6.0,2.67,7.59,77.95,8.08,58.77,1,37.57,1.65,0.47,2024-03-22
S108767,6.91,6.12,0.16,6.64,45.23,1.74,67.18,2,49.74,7.66,1.49,2024-03-11
S108768,5.31,6.73,0.24,6.37,56.38,7.25,33.95,1,40.92,2.73,15.28,2024-08-03
S108769,10.0,6.39,0.56,6.07,51.4,7.45,56.21,2,63.96,1.96,10.46,2024-10-03
S108770,3.0,5.2,0.02,7.72,21.84,4.3,71.25,2,49.4,1.39,3.96,2024-03-24
S108771,4.28,5.02,1.76,7.13,54.67,7.04,39.07,0,41.08,1.22,0.71,2024-02-18
S108772,5.59,7.39,0.42,5.5,70.08,6.92,40.08,0,36.57,1.72,8.69,2024-02-10
S108773,5.59,6.52,0.87,7.1,100.0,10.0,83.5,2,32.28,1.21,3.05,2024-02-04
S108774,5.1,6.04,5.33,2.92,35.01,7.86,71.3,1,65.2,4.12,2.07,2024-03-19
S108775,6.72,8.69,2.54,5.84,39.95,7.64,28.35,3,46.36,4.56,1.35,2024-09-03
S108776,7.95,9.58,0.44,1.93,45.87,7.53,38.07,1,73.99,4.1,1.05,2024-04-18
S108777,7.15,6.81,0.52,9.93,43.55,7.87,45.81,2,48.64,1.9,10.53,2024-02-29
S108778,6.69,2.43,0.86,4.5,65.07,2.32,44.35,2,51.59,0.64,2.18,2024-02-17
S108779,8.58,8.24,1.46,2.31,47.68,4.95,76.52,3,78.2,1.55,0.21,2024-02-16
S108780,4.28,11.52,1.15,4.81,71.73,4.71,81.63,0,38.52,9.65,7.66,2024-03-04
S108781,6.12,2.77,2.01,5.84,0.0,4.24,67.41,0,62.41,1.47,0.95,2024-03-09
S108782,6.49,8.12,2.87,9.36,50.11,5.56,69.62,2,32.58,4.7,2.28,2024-01-02
S108783,5.93,4.98,0.96,4.98,62.47,5.43,45.15,2,40.93,2.01,3.58,2024-04-17
S108784,6.19,10.69,1.2,2.18,84.76,7.84,57.2,0,50.58,17.11,4.27,2024-04-08
S108785,6.08,1.82,0.13,6.79,49.84,3.55,55.65,2,45.97,1.06,16.72,2024-04-12
S108786,5.48,4.74,2.7,9.58,34.77,3.41,41.2,7,35.3,0.81,1.01,2024-02-26
S108787,4.72,6.24,0.53,5.34,42.95,6.14,55.93,1,56.85,1.43,1.4,2024-02-18
S108788,4.86,5.78,1.64,5.43,0.0,5.2,43.78,1,71.01,1.54,4.29,2024-04-04
S108789,5.92,7.85,0.1,7.35,37.09,5.04,35.25,3,54.69,1.69,2.27,2024-03-05
S108790,6.93,10.31,0.4,1.0,65.46,9.62,57.81,1,54.53,25.26,2.0,2024-03-17
S108791,7.07,4.52,3.25,4.37,49.27,3.94,15.92,1,65.11,1.14,4.93,2024-05-02
S108792,7.39,4.19,1.34,5.85,60.13,6.11,60.43,3,51.96,0.8,2.24,2024-08-02
S108793,3.0,11.8,0.64,3.85,39.17,3.57,57.94,0,46.36,3.34,2.65,2024-04-04
S108794,5.06,8.1,1.86,1.0,64.34,6.16,56.65,1,55.27,5.57,0.33,2024-03-21
S108795,4.7,2.9,1.78,3.42,25.22,2.6,87.46,3,61.85,1.59,2.75,2024-04-03
S108796,6.32,0.0,0.99,8.43,23.7,4.03,62.56,3,58.22,0.0,4.89,2024-02-16
S108797,6.34,7.52,0.33,6.78,78.62,7.1,70.92,1,39.95,4.88,0.38,2024-04-19
S108798,5.75,5.89,0.09,7.07,77.34,4.32,49.91,2,27.91,1.39,0.16,2024-03-02
S108799,7.7,9.81,0.53,4.94,67.58,2.79,64.01,3,55.67,2.37,5.18,2024-03-31
S108800,5.66,6.49,1.57,8.99,27.29,6.14,39.71,2,44.59,3.68,0.44,2024-04-08
S108801,6.49,9.98,2.47,5.75,36.46,9.59,51.97,1,67.06,6.76,1.4,2024-02-16
S108802,7.07,10.89,2.94,7.85,46.47,7.28,53.74,0,52.51,2.76,4.23,2024-03-06
S108803,6.97,3.86,0.2,5.84,44.25,7.83,77.39,2,49.04,8.31,7.6,2024-04-27
S108804,5.87,4.89,4.45,1.53,23.82,5.76,67.26,2,76.57,1.34,1.86,2024-02-11
S108805,8.23,6.22,2.43,3.29,33.37,9.89,56.01,0,70.08,1.31,5.1,2024-03-20
S108806,7.31,6.61,0.4,6.06,73.33,1.23,49.73,2,46.82,4.23,3.77,2024-09-03
S108807,7.66,6.02,3.16,8.34,30.65,9.11,51.81,2,65.13,1.81,3.64,2024-03-18
S108808,6.65,9.73,0.29,8.58,12.95,6.58,57.51,0,61.54,26.13,0.55,2024-02-13
S108809,6.6,7.97,5.53,6.39,53.48,7.11,64.58,2,48.21,2.22,1.53,2024-03-29
S108810,5.23,6.505,2.94,8.61,21.05,6.16,64.61,2,49.69,3.34,0.12,2024-04-07
S108811,3.63,4.09,6.69,5.28,71.61,2.52,60.25,1,38.11,0.93,3.4,2024-02-28
S108812,4.73,0.61,0.15,7.97,19.37,5.84,72.77,3,63.52,0.13,2.86,2024-03-20
S108813,4.13,5.21,0.22,2.66,60.48,2.2,73.8,3,48.39,2.96,4.38,2024-01-02
S108814,6.26,4.74,0.16,8.1,41.84,6.89,23.7,3,50.22,1.42,0.48,2024-03-22
S108815,4.28,6.59,2.52,6.04,48.06,5.14,47.91,3,56.56,1.46,9.48,2024-03-27
S108816,5.58,5.71,0.45,10.0,54.38,3.97,69.79,0,36.63,2.23,7.91,2024-02-16
S108817,5.0,4.77,1.68,8.57,42.7,5.51,53.08,0,44.76,1.13,4.5,2024-03-06
S108818,6.31,7.89,3.99,4.41,17.81,7.66,51.33,1,66.6,2.33,1.0,2024-04-04
S108819,6.04,6.23,1.34,10.0,55.04,1.0,73.1,1,38.85,2.05,3.93,2024-04-20
S108820,8.23,5.41,0.36,6.31,23.01,6.2,42.88,4,67.51,1.58,11.01,2024-03-31
S108821,7.57,7.23,0.22,8.02,48.87,4.32,60.66,1,41.25,1.85,2.34,2024-10-04
S108822,8.47,4.56,0.87,3.75,0.0,3.63,58.81,3,83.65,3.45,1.47,2024-03-22
S108823,6.45,12.43,1.27,4.99,84.29,7.24,73.22,1,37.2,4.2,3.59,2024-03-07
S108824,3.82,9.46,6.25,8.53,23.3,3.61,82.62,2,56.08,2.31,0.09,2024-03-06
S108825,7.69,3.32,0.24,4.29,43.55,4.68,50.15,2,65.38,1.34,8.76,2024-04-16
S108826,9.03,2.02,7.08,4.51,7.45,5.08,74.65,1,79.07,0.66,1.68,2024-02-05
S108827,5.76,6.82,0.31,2.15,34.9,1.0,47.25,3,61.69,1.96,12.26,2024-04-28
S108828,8.3,5.68,0.24,5.59,56.74,4.71,67.05,3,57.36,2.47,11.21,2024-03-31
S108829,6.08,5.0,2.08,4.05,12.67,6.7,20.55,4,68.15,1.7,0.21,2024-04-05
S108830,6.48,3.83,1.61,9.97,72.16,5.49,64.67,1,30.96,1.85,11.36,2024-08-03
S108831,6.15,3.87,0.2,1.0,37.38,5.82,63.73,3,73.68,1.82,4.04,2024-02-23
S108832,5.47,11.66,4.43,4.9,16.62,6.9,46.7,1,62.17,2.8,4.93,2024-03-22
S108833,5.67,8.11,1.59,6.19,47.63,4.43,66.31,2,50.29,2.36,9.96,2024-04-08
S108834,3.88,6.71,0.13,4.66,48.07,3.96,77.88,1,50.41,1.97,1.41,2024-03-23
S108835,6.54,4.32,0.89,4.35,70.7,2.51,85.92,2,49.24,1.11,2.57,2024-04-16
S108836,6.5,4.0,0.35,6.7,66.23,7.99,59.88,1,44.14,1.03,1.38,2024-04-22
S108837,7.31,4.17,6.17,10.0,43.06,6.62,76.44,5,47.15,0.77,1.02,2024-02-29
S108838,6.24,5.97,0.43,9.55,41.69,5.26,65.56,3,47.65,1.72,11.58,2024-02-26
S108839,6.9,3.28,1.63,2.89,48.97,5.01,56.68,3,60.75,1.33,1.17,2024-02-19
S108840,9.44,5.89,1.17,3.98,5.81,5.97,73.77,3,82.69,1.03,0.8,2024-07-04
S108841,7.71,7.56,0.55,7.84,56.92,5.52,67.44,4,47.17,1.83,2.44,2024-02-23
S108842,6.12,4.11,0.48,4.62,3.73,7.46,56.85,4,76.63,1.42,18.66,2024-02-23
S108843,6.67,2.15,0.14,6.14,37.31,5.55,45.27,2,56.1,1.46,0.31,2024-03-10
S108844,6.34,9.97,0.64,4.58,45.19,2.03,71.22,2,50.75,3.39,6.96,2024-02-06
S108845,8.12,4.56,0.83,5.53,43.52,4.1,62.17,1,65.46,1.78,1.59,2024-02-19
S108846,5.61,6.43,0.02,3.12,63.27,8.14,57.94,1,53.53,1.76,2.3,2024-04-10
S108847,7.8,9.84,0.66,1.25,36.34,1.82,47.57,3,76.19,2.7,5.28,2024-04-15
S108848,6.89,7.75,0.96,5.54,23.66,4.1,61.73,0,60.71,1.28,2.14,2024-04-02
S108849,3.0,6.36,0.46,1.0,68.08,3.84,72.31,3,51.9,1.8,1.05,2024-02-08
S108850,6.97,5.8,0.13,7.26,52.31,6.19,77.69,2,46.1,2.27,9.83,2024-03-04
S108851,5.52,6.505,4.75,8.92,37.45,3.66,22.36,2,46.52,2.13,7.77,2024-02-28
S108852,5.04,5.67,1.95,5.33,34.39,10.0,46.87,2,59.06,1.57,1.09,2024-03-15
S108853,6.3,7.42,0.47,7.3,23.12,4.77,74.02,3,55.1,3.1,3.77,2024-02-18
S108854,6.74,8.97,2.31,6.73,71.98,9.16,49.44,4,35.87,3.24,11.69,2024-03-31
S108855,9.73,4.15,1.71,4.14,83.38,8.25,65.67,3,54.42,2.85,0.67,2024-02-25
S108856,6.41,7.7,5.97,3.17,88.29,7.22,63.78,4,47.85,1.49,0.75,2024-04-08
S108857,5.1,9.94,0.2,2.36,65.69,6.93,29.11,0,52.96,2.18,0.57,2024-02-23
S108858,6.15,7.73,0.03,6.47,51.24,5.54,40.79,0,47.86,2.55,1.22,2024-03-19
S108859,6.97,9.04,1.66,6.59,42.44,2.73,78.36,1,54.3,5.97,1.55,2024-02-02
S108860,5.01,4.3,0.91,3.42,19.04,2.19,74.58,1,70.6,0.75,0.07,2024-02-11
S108861,5.98,4.66,0.2,2.64,40.86,2.2,97.44,1,63.82,3.12,8.28,2024-02-03
S108862,4.06,9.96,0.0,2.54,49.57,6.73,66.31,0,59.12,2.11,4.02,2024-03-04
S108863,4.59,9.82,1.6,4.39,42.82,2.67,39.78,2,53.95,3.68,4.84,2024-02-11
S108864,5.71,6.89,0.95,9.79,0.0,7.69,37.98,3,56.38,8.71,5.47,2024-02-27
S108865,7.34,4.33,1.72,7.08,67.27,8.12,73.98,1,47.32,17.32,0.26,2024-03-15
S108866,5.05,8.36,0.43,5.5,71.15,5.76,68.71,4,42.07,7.68,14.8,2024-03-27
S108867,5.12,4.45,4.08,9.07,31.25,1.0,86.45,1,48.16,1.0,0.37,2024-03-01
S108868,6.18,6.56,1.18,7.11,63.84,4.0,53.03,1,41.45,26.25,0.62,2024-10-02
S108869,4.9,11.75,0.55,10.0,2.64,7.76,63.41,2,53.76,2.6,6.68,2024-03-22
S108870,5.54,8.73,2.09,5.64,32.51,7.59,55.21,1,51.73,1.61,3.12,2024-03-16
S108871,5.03,7.81,0.43,4.94,34.22,5.04,66.8,0,56.5,6.97,5.2,2024-04-12
S108872,8.71,5.75,0.11,8.55,36.03,5.58,43.42,2,58.52,2.12,1.83,2024-03-22
S108873,5.65,1.28,2.14,4.48,24.73,4.31,100.0,1,58.65,0.34,0.33,2024-02-23
S108874,8.24,8.36,0.05,7.04,48.76,7.11,41.15,0,53.25,2.13,3.08,2024-02-17
S108875,6.48,6.25,1.3,5.14,0.0,9.19,50.86,1,75.93,2.05,0.2,2024-03-12
S108876,8.77,8.3,2.41,6.44,33.59,4.76,51.89,2,64.49,2.43,0.31,2024-02-14
S108877,4.94,2.61,0.79,4.7,21.77,5.05,47.19,4,61.98,0.52,0.38,2024-02-19
S108878,6.55,6.22,0.93,7.33,69.75,4.19,66.1,1,50.5,2.13,1.09,2024-03-30
S108879,3.0,8.19,2.87,4.53,31.38,6.28,33.84,2,58.8,32.75,0.41,2024-04-08
S108880,8.12,9.39,4.39,4.9,74.97,2.35,54.68,1,48.12,2.57,5.55,2024-03-21
S108881,7.17,5.1,1.06,5.29,59.23,4.29,57.19,0,49.47,1.55,4.95,2024-02-13
S108882,5.8,2.28,1.76,2.38,91.29,2.12,8.91,1,42.3,1.49,2.15,2024-03-29
S108883,9.13,6.22,4.19,6.06,51.45,5.27,73.97,0,62.92,1.86,10.02,2024-07-04
S108884,10.0,6.67,1.09,4.6,47.4,5.77,33.67,1,66.48,1.56,0.33,2024-02-14
S108885,8.43,8.41,0.28,6.68,31.91,7.36,61.11,2,67.05,3.24,2.81,2024-03-14
S108886,8.54,6.98,1.4,7.85,51.65,3.22,76.64,1,54.4,2.58,14.64,2024-04-24
S108887,6.39,8.82,0.91,3.82,90.17,5.18,91.47,0,44.24,6.05,0.72,2024-04-29
S108888,5.18,6.34,4.46,8.04,20.83,7.44,54.55,2,50.78,0.96,1.92,2024-03-18
S108889,4.21,3.83,1.16,5.49,56.27,7.18,15.0,2,43.66,1.39,2.02,2024-03-12
S108890,7.78,7.94,3.5,5.58,70.45,8.01,76.73,2,52.34,1.72,1.57,2024-02-03
S108891,3.69,6.04,4.34,7.57,35.55,8.29,42.29,3,52.33,1.45,0.51,2024-04-08
S108892,6.04,6.73,0.18,10.0,52.21,5.08,49.04,0,37.06,1.27,1.09,2024-02-15
S108893,8.71,8.58,1.04,4.58,25.17,5.34,69.03,1,77.85,3.34,2.06,2024-02-03
S108894,6.82,8.01,1.63,3.23,47.19,5.84,60.61,0,65.7,1.82,3.01,2024-02-09
S108895,4.56,6.23,1.31,5.09,50.5,5.06,33.27,3,52.53,3.18,5.75,2024-04-22
S108896,5.11,8.19,2.45,6.57,51.56,5.22,11.92,2,41.57,1.42,2.89,2024-04-22
S108897,8.1,9.73,2.18,5.31,59.56,7.05,62.43,2,55.85,2.48,1.84,2024-03-11
S108898,4.84,6.87,0.55,10.0,0.99,7.8,45.34,2,52.15,2.22,0.56,2024-11-03
S108899,5.68,3.04,5.31,6.08,2.42,6.79,46.98,1,63.92,1.5,13.57,2024-04-22
S108900,4.35,7.53,0.53,6.57,0.0,9.59,61.15,1,64.11,3.62,2.07,2024-03-13
S108901,6.23,6.76,0.65,10.0,81.2,8.54,54.01,1,34.69,3.22,9.68,2024-03-27
S108902,5.44,7.38,0.46,3.45,20.94,1.74,58.84,2,70.12,2.68,0.25,2024-03-18
S108903,7.75,0.0,0.6,5.83,3.7,2.54,51.52,0,78.95,0.0,8.4,2024-03-22
S108904,4.93,1.73,0.09,5.77,57.93,4.02,96.58,3,38.42,0.31,0.09,2024-04-28
S108905,5.71,3.44,0.3,8.15,60.49,7.12,63.82,1,39.8,0.77,2.06,2024-03-28
S108906,3.0,5.34,1.4,3.92,40.17,5.06,41.85,1,58.29,2.48,0.37,2024-03-17
S108907,8.14,4.47,0.76,1.86,43.68,5.78,72.06,1,73.61,1.05,3.67,2024-04-01
S108908,8.0,4.32,0.0,1.94,18.18,3.74,42.8,3,85.01,1.55,1.82,2024-04-19
S108909,5.92,4.47,0.73,7.19,48.59,7.39,82.92,1,44.32,1.02,7.49,2024-04-24
S108910,6.52,5.04,0.86,7.21,61.67,7.77,72.0,0,47.27,1.91,1.36,2024-04-23
S108911,6.94,4.23,0.23,8.04,55.25,4.21,44.78,4,49.43,1.72,14.97,2024-02-16
S108912,7.8,3.78,0.2,6.25,97.3,7.48,67.54,1,31.81,15.14,5.02,2024-02-14
S108913,4.0,6.0,0.35,10.0,0.0,8.79,52.6,2,47.29,5.57,1.47,2024-06-03
S108914,5.04,7.12,0.0,7.89,28.48,3.72,55.76,0,48.54,1.2,6.24,2024-02-04
S108915,9.49,5.66,0.55,8.79,30.59,3.96,65.05,2,57.27,1.68,6.86,2024-03-20
S108916,7.94,4.01,0.76,3.12,47.23,6.49,58.78,1,64.96,5.27,0.22,2024-02-18
S108917,7.13,5.55,0.99,5.31,20.81,3.14,58.93,1,68.26,0.93,0.04,2024-02-25
S108918,6.35,10.68,1.8,5.35,28.73,6.79,72.07,0,59.64,2.87,6.17,2024-03-09
S108919,7.49,6.45,3.72,8.85,49.47,3.99,42.54,2,41.24,1.11,8.75,2024-03-12
S108920,7.57,4.55,1.73,2.85,55.92,5.77,62.21,1,61.18,1.08,0.24,2024-03-03
S108921,7.55,6.94,1.22,9.29,21.51,7.48,49.76,3,56.14,2.62,6.49,2024-04-14
S108922,4.83,3.73,1.85,2.6,37.63,9.2,59.55,2,64.9,5.29,2.34,2024-02-22
S108923,6.35,4.62,1.68,5.97,37.41,5.36,62.84,2,51.81,1.55,6.64,2024-02-23
S108924,6.88,9.29,0.08,6.24,34.04,3.3,69.23,4,58.18,5.99,0.23,2024-02-01
S108925,6.75,9.95,0.27,5.5,60.4,7.42,66.12,3,51.04,5.56,1.25,2024-11-02
S108926,4.86,6.02,2.24,8.77,22.27,5.94,57.04,1,49.89,1.32,1.37,2024-04-12
S108927,6.01,4.82,7.9,8.96,50.35,4.79,40.8,1,31.39,16.07,1.74,2024-02-13
S108928,4.96,9.76,1.49,4.34,33.56,3.07,57.15,1,56.82,2.72,2.04,2024-03-26
S108929,5.73,6.76,0.18,4.37,37.33,4.62,59.47,3,58.22,2.92,0.08,2024-03-12
S108930,6.64,9.04,0.13,5.9,42.25,8.49,61.47,1,59.06,2.06,1.17,2024-02-07
S108931,7.13,3.01,1.34,5.12,78.73,10.0,29.35,1,51.53,3.2,4.2,2024-02-19
S108932,7.16,4.62,0.81,3.17,37.08,6.13,64.77,0,63.66,2.11,1.53,2024-04-26
S108933,7.74,4.19,0.6,8.5,39.78,5.03,58.72,0,48.13,0.66,0.53,2024-02-02
S108934,6.54,1.56,0.72,1.51,28.97,6.68,89.19,1,72.18,0.29,2.09,2024-04-14
S108935,4.57,0.0,0.99,5.99,40.1,1.84,59.84,2,52.56,0.0,4.35,2024-02-25
S108936,6.42,8.12,3.84,7.87,31.5,1.0,69.81,3,57.51,1.45,9.84,2024-04-13
S108937,5.69,5.86,0.49,9.45,56.38,2.23,85.03,2,33.21,11.85,1.63,2024-02-12
S108938,3.95,5.71,2.0,7.32,16.18,6.54,12.36,3,55.59,6.41,1.41,2024-03-02
S108939,5.44,6.4,0.82,7.38,52.99,3.75,26.0,2,34.49,3.74,9.96,2024-04-19
S108940,6.9,6.09,0.11,4.6,52.42,3.05,42.35,2,55.66,7.42,14.13,2024-03-30
S108941,7.77,7.15,2.05,8.83,1.24,6.93,75.61,0,66.94,2.41,1.32,2024-02-06
S108942,6.17,4.17,0.99,6.42,6.14,8.63,49.62,3,67.5,1.39,8.87,2024-02-07
S108943,4.36,10.64,4.25,7.11,42.88,2.19,67.41,0,40.61,2.59,1.98,2024-04-25
S108944,6.25,6.69,2.49,8.0,32.88,1.8,87.94,1,55.88,3.97,4.05,2024-05-04
S108945,5.29,4.78,5.07,6.29,37.79,6.43,73.25,2,45.38,1.15,9.94,2024-04-14
S108946,8.09,3.07,0.62,4.42,67.46,4.07,54.06,3,54.88,7.3,0.05,2024-03-29
S108947,4.55,7.09,1.49,5.31,15.01,5.43,51.16,3,60.12,4.61,1.01,2024-02-10
S108948,7.52,9.05,0.57,9.2,17.17,2.31,51.75,1,62.23,2.26,7.17,2024-02-20
S108949,6.0,4.72,1.23,8.01,62.58,6.09,61.87,2,39.8,2.33,6.91,2024-02-16
S108950,6.87,5.83,0.28,9.85,43.23,8.78,30.14,4,41.14,2.71,0.35,2024-03-27
S108951,5.32,6.505,0.8,5.33,52.03,6.22,69.27,3,54.44,1.25,3.2,2024-04-20
S108952,7.05,2.75,1.35,5.03,3.26,8.14,61.49,3,75.55,0.57,1.36,2024-02-27
S108953,6.31,12.2,2.08,7.75,34.9,1.02,76.87,0,49.01,3.2,3.04,2024-02-23
S108954,6.07,5.66,2.43,6.07,47.62,1.02,97.72,2,55.32,4.32,3.72,2024-03-02
S108955,4.8,6.67,0.72,8.17,79.5,5.83,86.54,4,22.81,2.31,0.23,2024-02-10
S108956,5.53,10.23,2.26,6.84,50.81,4.85,37.42,5,50.9,2.48,0.21,2024-03-03
S108957,3.66,7.2,0.63,5.06,69.48,7.76,53.93,2,46.67,1.65,4.63,2024-04-09
S108958,7.05,9.34,0.75,5.89,69.08,5.22,48.64,2,34.52,4.83,1.62,2024-02-22
S108959,5.9,2.06,2.34,4.78,66.68,4.8,82.28,2,43.69,0.54,7.11,2024-12-03
S108960,8.41,10.67,2.67,2.78,48.76,6.15,47.79,1,70.06,7.23,1.09,2024-02-29
S108961,4.19,6.79,1.36,3.96,52.25,7.23,38.58,0,50.76,1.12,2.42,2024-02-28
S108962,8.54,10.07,2.22,7.86,65.77,7.19,42.32,1,53.09,3.46,1.6,2024-04-13
S108963,6.96,5.63,3.53,5.2,52.68,4.48,46.32,1,46.56,1.03,3.73,2024-04-19
S108964,5.68,6.21,7.97,6.89,27.85,3.52,100.0,3,59.03,2.81,2.14,2024-02-26
S108965,7.01,8.15,0.07,6.0,65.82,6.34,85.51,3,52.38,2.41,8.21,2024-03-20
S108966,4.54,7.19,0.54,6.58,58.09,1.96,65.91,1,41.46,1.99,2.27,2024-02-10
S108967,4.39,6.81,0.17,5.3,32.48,6.37,65.27,2,51.61,1.92,3.49,2024-04-15
S108968,8.04,9.14,3.81,4.25,36.0,8.49,79.93,4,71.61,2.94,6.88,2024-02-03
S108969,3.5,7.09,0.49,5.88,76.43,6.33,86.5,2,32.0,1.41,3.88,2024-03-22
S108970,6.34,6.98,0.13,6.22,40.66,2.08,33.09,2,58.96,3.83,3.94,2024-04-20
S108971,8.24,7.71,3.02,5.75,37.98,6.01,45.73,1,64.22,1.4,4.86,2024-03-23
S108972,6.49,5.52,0.42,7.21,41.81,5.67,70.39,1,48.67,3.03,1.95,2024-03-01
S108973,8.2,6.17,1.39,5.78,42.05,5.15,63.81,1,59.1,2.88,0.08,2024-11-04
S108974,6.02,10.1,1.84,5.02,52.25,3.82,58.79,3,46.43,3.84,4.1,2024-05-04
S108975,5.38,5.49,1.55,5.47,45.45,3.85,99.58,5,49.89,2.29,0.84,2024-04-12
S108976,7.97,6.13,0.39,6.99,52.6,5.51,68.96,5,48.97,4.73,2.25,2024-04-25
S108977,7.58,5.03,0.93,8.29,40.06,8.14,76.59,2,56.2,2.2,12.67,2024-02-05
S108978,6.21,4.3,0.82,4.62,0.0,7.29,84.96,4,83.09,1.19,19.6,2024-03-08
S108979,8.28,4.18,0.08,7.16,37.77,2.62,75.07,4,58.71,2.47,1.92,2024-02-09
S108980,4.73,9.48,2.58,9.2,32.53,3.3,44.58,0,46.65,3.62,0.63,2024-03-21
S108981,7.79,9.77,1.01,7.32,16.5,3.02,66.92,3,62.2,3.36,1.97,2024-04-26
S108982,5.77,3.54,1.31,4.59,46.67,5.55,64.54,0,54.94,0.96,1.75,2024-04-04
S108983,6.66,6.505,1.48,9.59,77.63,5.31,53.83,1,27.5,1.34,8.01,2024-09-03
S108984,6.49,8.31,8.0,5.77,17.29,5.03,21.19,2,61.23,1.88,1.19,2024-03-12
S108985,6.59,9.19,3.85,4.25,41.19,4.05,42.6,0,66.66,2.24,5.55,2024-03-22
S108986,7.09,7.02,0.5,6.2,55.05,8.17,76.34,1,50.75,3.14,1.09,2024-02-25
S108987,8.34,9.48,1.97,9.58,33.6,6.86,32.31,1,53.55,6.78,2.73,2024-02-08
S108988,8.33,9.77,4.94,8.4,67.25,1.0,61.93,0,43.88,6.91,0.42,2024-02-08
S108989,6.47,1.48,2.27,7.96,48.56,4.29,26.51,4,47.81,0.43,3.09,2024-03-04
S108990,6.44,12.37,0.03,3.59,31.91,3.93,42.42,2,59.52,3.55,4.4,2024-03-25
S108991,4.96,8.1,0.56,4.38,28.87,4.07,35.76,1,54.46,2.24,1.9,2024-03-29
S108992,8.68,8.95,0.2,7.7,35.88,4.78,54.79,3,52.56,1.64,3.02,2024-02-20
S108993,7.66,10.86,0.74,5.11,56.63,9.68,56.23,0,53.77,2.82,3.8,2024-03-01
S108994,5.48,8.54,0.65,3.44,37.26,2.87,17.7,0,62.74,1.45,4.1,2024-03-13
S108995,6.61,4.51,0.51,5.57,59.18,1.0,34.09,2,53.41,4.28,2.3,2024-04-28
S108996,8.48,9.12,0.48,2.88,47.29,3.15,54.35,1,73.93,5.37,6.73,2024-04-20
S108997,5.38,9.65,0.42,7.4,24.71,2.25,100.0,1,53.62,2.76,3.94,2024-04-18
S108998,6.75,6.37,2.66,9.31,45.84,2.96,89.18,4,48.51,2.04,1.41,2024-03-10
S108999,6.35,6.49,2.42,4.32,61.64,4.45,36.24,2,63.34,1.5,2.15,2024-02-08
S109000,5.96,0.0,1.15,2.37,45.94,4.32,50.0,2,64.57,0.0,0.25,2024-04-29
S109001,6.47,7.29,0.61,7.06,25.96,6.71,18.36,3,55.46,1.52,8.49,2024-10-02
S109002,3.55,7.49,1.82,6.54,73.14,3.18,71.29,2,26.81,1.6,8.79,2024-04-28
S109003,7.76,3.86,0.45,5.54,45.43,7.03,95.56,2,57.29,0.78,4.02,2024-03-13
S109004,5.72,4.72,0.97,4.62,50.68,4.35,66.78,3,52.0,1.36,0.7,2024-02-12
S109005,6.54,6.35,0.59,6.06,48.93,1.93,52.18,1,48.1,7.11,3.01,2024-03-18
S109006,4.37,3.86,3.93,5.77,62.2,5.34,62.66,5,34.58,3.08,0.82,2024-04-13
S109007,9.62,8.29,2.93,5.01,74.13,5.35,74.48,1,54.97,1.61,5.25,2024-03-16
S109008,7.17,3.4,0.6,8.76,30.52,6.91,62.06,3,51.58,0.87,8.36,2024-03-19
S109009,3.62,7.54,1.24,5.31,36.26,5.77,50.36,2,50.18,2.45,1.97,2024-02-27
S109010,5.49,3.98,1.25,4.03,20.99,5.32,76.83,0,67.11,1.09,0.64,2024-02-07
S109011,5.88,7.83,0.0,6.53,68.09,8.14,57.44,0,45.83,1.73,20.0,2024-03-25
S109012,4.97,4.28,0.28,4.41,30.38,6.14,69.25,2,59.08,2.4,0.4,2024-03-12
S109013,4.43,7.21,0.47,1.7,9.36,5.01,62.87,0,72.72,28.85,1.67,2024-02-13
S109014,4.48,7.01,1.32,6.14,100.0,5.94,78.35,5,32.56,3.12,5.2,2024-03-24
S109015,5.13,2.68,1.87,6.51,20.69,3.59,69.38,0,56.18,0.76,2.48,2024-02-29
S109016,6.55,7.23,0.11,1.0,9.68,6.4,63.59,6,81.45,1.44,4.67,2024-04-28
S109017,6.66,6.98,0.58,7.25,60.83,4.88,28.89,4,46.17,1.74,1.57,2024-03-30
S109018,8.12,6.27,0.12,8.08,38.01,4.12,74.99,2,64.13,1.14,7.65,2024-02-27
S109019,6.09,5.27,1.46,4.32,60.64,5.8,66.02,4,50.25,1.8,5.7,2024-03-29
S109020,3.16,8.77,4.8,4.53,67.11,8.26,73.86,1,35.58,2.8,14.28,2024-02-06
S109021,6.11,5.9,1.34,8.93,61.13,6.19,66.97,4,30.5,1.31,1.07,2024-04-22
S109022,7.85,7.4,0.6,1.83,48.0,4.42,73.93,3,73.77,1.53,0.61,2024-02-25
S109023,4.65,5.86,0.03,5.8,35.44,7.59,55.63,0,51.24,1.76,10.09,2024-04-03
S109024,6.57,5.17,2.45,7.43,36.65,4.21,33.53,0,53.16,3.36,6.6,2024-02-28
S109025,6.77,4.55,0.37,6.68,78.49,4.1,73.9,3,40.06,1.21,3.4,2024-03-19
S109026,4.88,7.05,0.02,5.11,9.66,5.23,50.38,0,67.33,28.22,3.39,2024-03-31
S109027,6.02,5.53,0.2,5.27,53.32,4.78,51.9,1,54.62,3.23,0.86,2024-03-30
S109028,4.88,6.0,2.62,8.21,0.0,5.92,75.99,3,57.54,0.92,6.48,2024-02-18
S109029,8.34,6.53,0.43,4.32,30.44,4.99,56.23,2,73.16,2.36,0.08,2024-03-08
S109030,7.22,7.9,0.04,3.54,22.75,5.96,68.78,1,69.03,3.18,0.29,2024-04-07
S109031,6.39,1.72,0.08,5.38,35.97,6.32,75.84,2,57.98,0.44,4.85,2024-01-04
S109032,7.28,4.38,0.77,6.32,56.58,5.53,60.88,3,50.55,1.58,1.53,2024-04-08
S109033,7.26,5.71,0.59,7.55,40.69,7.14,73.64,1,55.7,12.51,11.04,2024-03-11
S109034,5.1,7.77,0.34,7.14,45.07,6.37,54.52,0,44.4,1.55,4.51,2024-03-16
S109035,4.46,5.07,0.93,7.09,34.34,6.19,73.8,2,45.22,2.24,13.52,2024-04-28
S109036,4.29,4.03,2.76,3.98,26.08,4.86,44.36,5,57.17,1.83,0.24,2024-05-04
S109037,4.52,6.38,1.6,4.14,26.12,8.41,57.67,1,52.61,7.71,3.41,2024-04-07
S109038,7.46,5.74,3.4,8.78,43.75,5.07,81.58,2,48.53,3.98,3.74,2024-12-02
S109039,7.86,10.37,1.86,8.31,59.46,6.01,20.68,2,42.96,2.83,2.75,2024-04-14
S109040,8.45,6.46,0.26,2.99,21.62,1.61,46.85,2,77.08,3.17,6.79,2024-04-26
S109041,4.43,10.46,0.37,4.1,50.01,9.09,70.6,0,48.26,9.6,1.68,2024-02-07
S109042,6.3,7.85,0.25,6.55,75.02,5.0,39.37,3,31.7,3.32,1.7,2024-04-14
S109043,8.03,0.75,3.14,5.33,41.41,5.55,62.21,1,65.06,0.27,9.77,2024-04-26
S109044,8.82,6.45,1.32,7.19,54.24,2.34,46.46,2,53.31,2.58,3.49,2024-04-15
S109045,5.85,7.54,1.83,8.11,52.82,7.04,85.31,1,42.97,1.69,12.95,2024-04-19
S109046,5.79,7.93,0.82,7.51,42.95,2.63,55.9,1,52.49,1.72,9.11,2024-02-21
S109047,5.77,10.39,3.18,4.85,35.35,5.02,68.27,1,58.19,23.12,4.31,2024-04-28
S109048,6.93,5.19,0.02,2.42,73.63,2.99,64.49,3,51.25,1.68,0.7,2024-04-01
S109049,7.44,6.09,2.33,7.36,42.35,10.0,56.11,2,55.14,3.44,6.16,2024-03-28
S109050,7.7,4.8,3.45,4.65,46.62,4.76,36.82,1,59.97,1.18,3.94,2024-04-28
S109051,5.68,7.68,0.3,6.42,68.63,6.85,54.31,3,35.59,1.88,10.86,2024-03-18
S109052,8.37,4.24,0.18,8.03,44.76,8.7,46.78,3,52.04,1.21,4.11,2024-04-19
S109053,4.91,4.41,1.3,6.03,31.62,7.99,45.39,3,53.59,1.39,0.1,2024-04-18
S109054,7.21,4.22,0.1,7.5,59.87,7.36,41.09,2,34.92,1.55,1.34,2024-03-26
S109055,8.23,5.96,0.61,2.73,54.35,4.57,73.34,1,67.01,8.0,5.02,2024-04-22
S109056,7.9,3.5,0.43,5.49,46.28,5.09,64.62,3,59.55,2.55,1.0,2024-04-26
S109057,6.94,10.48,0.68,4.83,30.04,5.64,58.65,2,65.42,2.05,16.36,2024-03-03
S109058,5.79,4.74,0.59,9.63,28.34,6.22,49.98,0,49.71,1.65,2.38,2024-05-04
S109059,6.23,3.55,0.87,1.89,67.88,7.37,40.1,0,49.7,0.9,0.97,2024-02-11
S109060,5.31,7.6,0.98,4.15,61.18,7.82,75.38,1,43.58,1.27,0.2,2024-02-18
S109061,5.38,9.45,0.65,6.6,53.35,5.83,65.7,2,50.21,2.97,9.88,2024-03-25
S109062,4.94,2.53,4.14,2.65,69.42,4.36,71.4,3,45.84,0.47,0.22,2024-03-23
S109063,7.89,6.48,1.04,5.56,39.71,3.36,74.83,0,63.36,1.73,1.22,2024-02-07
S109064,4.68,5.72,1.04,2.57,50.15,6.25,46.0,2,52.85,1.71,3.68,2024-04-10
S109065,5.36,2.43,0.84,9.7,37.74,7.91,93.81,3,47.7,0.39,0.36,2024-02-20
S109066,8.22,2.87,1.43,5.7,45.21,8.29,44.17,2,50.61,1.28,1.69,2024-03-04
S109067,6.89,8.5,1.16,5.21,34.27,4.72,60.3,1,61.9,2.26,1.41,2024-09-02
S109068,8.78,5.33,0.62,4.84,77.39,3.62,79.18,0,45.53,4.4,3.6,2024-02-05
S109069,8.55,6.02,4.45,4.7,36.8,7.53,60.68,2,65.46,3.61,6.45,2024-03-16
S109070,6.96,4.49,0.08,1.0,67.76,6.35,59.54,2,59.62,1.45,8.33,2024-03-25
S109071,7.92,6.3,1.81,3.29,45.43,8.06,50.55,1,70.35,5.08,6.37,2024-02-22
S109072,4.79,4.27,2.06,8.93,54.02,5.96,42.43,1,40.18,1.1,16.36,2024-04-10
S109073,6.71,9.11,1.21,9.62,24.21,3.89,46.11,2,54.37,2.14,3.78,2024-02-23
S109074,8.83,7.26,0.22,7.3,45.27,6.67,93.71,3,53.61,1.7,6.28,2024-04-02
S109075,7.04,8.15,2.14,6.6,26.3,3.92,75.55,0,57.93,2.09,0.33,2024-02-22
S109076,6.8,6.75,1.91,7.76,59.24,8.06,7.99,2,46.65,8.21,3.44,2024-04-22
S109077,10.0,2.59,0.04,2.99,60.95,2.88,92.02,2,58.25,1.04,2.07,2024-02-24
S109078,7.54,12.6,0.77,7.12,65.7,6.78,39.34,1,50.13,3.05,0.22,2024-02-01
S109079,4.37,4.26,2.75,8.53,47.27,4.69,45.62,2,41.13,1.84,1.32,2024-04-19
S109080,8.02,6.2,0.0,4.16,52.9,4.06,38.21,0,59.87,2.38,4.49,2024-03-01
S109081,3.0,3.69,0.07,7.43,42.95,2.49,54.95,1,43.81,0.9,3.4,2024-04-25
S109082,7.1,6.08,2.14,5.82,36.21,6.6,81.44,2,62.06,1.57,2.64,2024-03-08
S109083,6.95,4.04,0.6,8.95,64.34,2.95,37.4,1,35.28,1.28,0.23,2024-04-20
S109084,5.76,7.35,2.29,10.0,42.27,9.31,26.66,1,38.25,4.49,0.53,2024-03-05
S109085,5.31,10.11,2.84,3.38,58.28,5.31,71.69,1,51.86,1.95,0.3,2024-02-28
S109086,5.8,4.85,1.26,5.01,78.21,4.8,91.46,2,40.74,2.03,8.93,2024-03-28
S109087,10.0,5.88,0.03,4.91,12.62,2.68,44.76,1,86.11,1.02,1.11,2024-04-01
S109088,4.87,6.97,2.49,4.21,21.47,9.43,49.04,2,66.18,2.66,6.64,2024-02-28
S109089,5.28,5.77,3.75,4.3,46.29,4.43,54.89,7,49.11,2.9,4.59,2024-03-04
S109090,6.15,8.05,0.45,7.23,43.13,4.01,77.22,3,50.06,3.06,3.38,2024-02-14
S109091,5.85,9.94,3.01,2.88,74.58,5.88,52.02,2,48.51,1.82,2.01,2024-03-01
S109092,8.83,1.85,0.61,6.34,31.8,4.14,83.95,1,68.17,0.52,5.96,2024-02-18
S109093,6.89,9.37,0.14,6.24,42.3,6.66,31.08,0,54.87,1.97,6.98,2024-02-14
S109094,6.2,4.75,2.01,6.22,22.27,1.55,62.73,1,65.53,0.91,0.08,2024-07-04
S109095,7.47,5.72,4.61,4.74,57.62,1.94,60.57,1,60.69,3.83,0.96,2024-04-03
S109096,6.86,3.53,0.08,7.91,26.32,5.0,56.29,2,57.75,1.06,11.74,2024-03-02
S109097,6.17,10.27,2.66,10.0,9.92,8.14,69.32,4,56.07,2.16,8.16,2024-04-04
S109098,6.0,6.14,0.42,4.93,43.7,7.1,53.98,1,61.14,2.95,1.1,2024-04-17
S109099,6.22,7.79,0.96,6.82,50.0,5.6,74.62,1,44.33,2.99,1.53,2024-04-04
S109100,6.23,6.55,3.7,8.6,72.28,4.67,77.92,0,39.03,3.64,6.06,2024-02-12
S109101,5.85,6.505,0.29,5.83,18.63,5.38,53.79,1,62.0,8.55,0.44,2024-02-03
S109102,6.34,7.91,2.32,7.11,40.87,4.24,40.57,2,55.77,1.69,4.35,2024-03-28
S109103,8.22,9.76,0.14,5.41,45.88,1.59,60.94,0,62.98,39.05,1.02,2024-04-10
S109104,4.67,11.14,0.34,8.13,63.13,6.19,100.0,0,30.81,6.45,9.01,2024-02-19
S109105,6.98,5.57,0.67,9.39,35.37,2.18,98.19,2,40.78,1.3,7.11,2024-02-12
S109106,7.47,3.81,0.75,6.59,25.12,10.0,49.88,1,66.82,2.01,0.14,2024-04-27
S109107,6.3,9.12,0.09,5.46,85.55,6.64,41.42,1,36.06,1.8,8.28,2024-11-02
S109108,6.38,8.07,0.27,5.66,60.67,2.56,40.33,1,52.41,2.08,2.21,2024-02-16
S109109,8.03,6.81,0.54,4.35,56.24,7.48,41.89,0,46.8,3.66,4.01,2024-02-28
S109110,5.85,10.82,1.89,8.08,20.86,6.4,33.42,2,51.75,3.36,5.91,2024-02-05
S109111,7.27,3.44,0.13,4.36,52.05,6.46,59.08,5,55.49,2.5,0.2,2024-04-20
S109112,7.19,1.41,1.09,6.76,68.24,3.2,75.15,2,42.74,0.93,0.95,2024-03-02
S109113,6.71,7.17,1.2,5.2,69.5,2.66,74.64,4,50.09,2.01,2.5,2024-04-18
S109114,6.73,6.82,0.64,7.52,42.45,10.0,58.48,2,50.99,1.42,1.38,2024-04-02
S109115,7.59,4.26,0.0,4.34,27.06,5.99,68.12,1,66.58,12.42,2.64,2024-04-10
S109116,8.48,3.19,2.63,6.91,67.0,9.18,32.64,2,42.54,0.89,1.54,2024-02-17
S109117,4.94,4.57,0.95,5.71,37.76,4.89,32.93,1,49.23,18.3,2.53,2024-04-03
S109118,7.89,7.0,0.99,7.56,39.51,9.66,54.93,2,54.73,2.34,2.31,2024-04-20
S109119,5.48,5.82,4.97,7.64,13.52,2.75,39.31,4,56.02,1.98,3.32,2024-04-04
S109120,5.19,6.8,2.1,4.48,63.01,5.25,89.41,5,54.15,2.63,0.04,2024-04-02
S109121,6.69,5.73,1.76,5.76,64.65,8.27,27.78,1,49.92,1.76,1.15,2024-04-19
S109122,6.69,8.8,0.83,4.76,64.51,6.34,51.2,3,47.18,3.69,7.39,2024-03-07
S109123,4.0,5.79,0.91,6.36,35.46,6.99,32.16,1,45.62,1.34,1.79,2024-04-23
S109124,8.72,5.51,0.12,7.25,18.83,4.84,95.95,3,70.28,5.83,5.63,2024-02-07
S109125,5.8,3.16,1.83,6.07,9.48,4.99,78.77,4,64.29,0.91,4.34,2024-04-19
S109126,7.39,8.82,2.19,6.34,46.3,7.37,84.59,0,57.4,3.57,7.1,2024-03-06
S109127,6.98,3.74,1.43,2.7,57.27,4.72,70.23,3,72.23,0.98,4.43,2024-04-06
S109128,7.28,2.4,2.57,7.08,46.33,4.63,31.58,2,53.91,0.55,0.4,2024-03-13
S109129,6.55,8.75,2.32,4.2,51.46,4.08,76.99,2,55.43,2.32,4.33,2024-11-04
S109130,6.86,4.42,1.27,5.95,67.93,4.13,63.09,2,44.94,1.53,4.95,2024-02-02
S109131,6.54,8.06,0.1,4.95,15.61,4.5,36.53,1,70.62,2.56,1.44,2024-04-07
S109132,5.95,6.83,0.26,6.35,42.03,7.22,41.52,3,54.8,3.79,7.28,2024-04-09
S109133,8.0,4.55,3.0,7.77,42.06,6.66,81.78,1,53.7,1.86,0.9,2024-03-07
S109134,6.65,8.3,0.86,8.42,48.46,3.55,82.93,0,49.15,6.2,0.89,2024-03-14
S109135,6.92,6.505,0.74,4.5,51.23,6.71,20.93,0,53.05,1.93,1.11,2024-03-13
S109136,5.64,11.62,0.17,8.88,36.18,4.35,85.35,3,46.45,4.46,11.06,2024-02-05
S109137,5.54,3.22,0.92,6.01,72.38,5.87,67.43,1,41.18,1.08,1.93,2024-04-22
S109138,6.67,5.09,2.98,5.88,74.34,6.48,50.79,3,39.47,1.47,0.31,2024-04-10
S109139,4.45,2.5,3.71,5.72,76.86,4.58,53.45,0,36.68,0.54,2.14,2024-02-13
S109140,8.43,10.34,3.37,4.2,52.68,4.74,30.84,1,60.95,4.98,2.34,2024-10-03
S109141,5.9,6.505,2.44,9.95,37.06,9.3,75.07,1,43.29,0.98,6.42,2024-11-02
S109142,5.98,6.66,0.37,6.98,21.74,3.64,61.53,3,50.26,1.77,2.71,2024-02-22
S109143,5.73,8.17,2.44,6.69,42.99,4.28,87.65,3,50.98,17.85,11.12,2024-02-22
S109144,6.61,1.0,0.19,4.29,44.19,6.4,42.37,0,60.43,0.39,3.99,2024-03-20
S109145,7.15,6.1,1.37,5.27,58.77,3.66,54.77,2,48.55,3.92,11.51,2024-02-01
S109146,7.41,6.505,1.55,7.19,13.14,7.89,33.87,1,62.82,1.71,4.55,2024-03-18
S109147,5.49,7.34,1.67,3.88,39.47,10.0,47.94,1,60.74,3.96,10.26,2024-02-02
S109148,4.87,5.24,1.41,6.59,64.73,8.93,87.58,3,41.2,1.93,0.43,2024-02-07
S109149,6.23,5.97,1.74,5.33,61.17,4.89,73.56,4,42.65,1.23,0.46,2024-02-27
S109150,6.24,1.32,0.04,4.68,43.19,5.82,54.78,2,60.34,0.82,1.67,2024-02-03
S109151,5.39,4.01,1.36,6.89,50.74,4.93,100.0,1,42.7,5.19,3.08,2024-07-02
S109152,8.13,4.4,0.65,5.24,63.03,8.32,62.56,1,55.57,1.43,8.81,2024-04-18
S109153,4.98,7.23,0.16,10.0,10.53,7.91,56.48,1,46.64,1.61,6.97,2024-02-02
S109154,5.19,2.88,0.53,5.37,72.82,5.95,49.06,2,50.54,1.63,2.75,2024-04-18
S109155,7.72,5.06,1.73,6.62,90.71,7.59,63.71,1,27.19,1.11,8.46,2024-04-22
S109156,5.85,1.91,0.65,4.97,20.92,2.8,97.57,1,65.23,5.64,0.83,2024-04-02
S109157,6.13,5.75,1.68,7.47,40.85,5.66,61.81,3,46.31,2.24,3.33,2024-02-24
S109158,5.21,9.23,0.19,5.87,24.29,1.0,67.1,1,53.31,1.37,0.66,2024-04-03
S109159,4.67,7.0,3.02,6.27,9.42,1.0,53.09,0,66.07,2.69,15.32,2024-04-16
S109160,5.37,6.91,1.13,7.26,74.37,1.07,75.76,1,35.39,2.29,5.02,2024-04-22
S109161,4.03,2.64,0.53,10.0,63.09,4.95,61.31,1,20.25,0.98,4.5,2024-02-22
S109162,7.39,3.36,0.28,8.32,76.92,1.35,55.25,1,34.69,0.66,11.16,2024-02-25
S109163,6.79,7.7,2.1,5.96,57.74,2.92,42.41,0,44.58,7.37,0.83,2024-04-22
S109164,9.01,6.7,0.14,4.75,39.1,4.85,43.81,2,69.71,5.13,3.96,2024-03-29
S109165,6.27,13.2,3.67,3.11,31.1,6.49,46.6,1,73.76,4.5,0.3,2024-08-04
S109166,5.63,6.505,2.03,5.92,47.96,5.01,98.06,4,45.14,2.23,2.52,2024-03-03
S109167,7.78,7.92,1.12,1.0,23.1,5.46,52.51,0,74.32,11.89,1.74,2024-10-02
S109168,5.66,7.59,4.51,10.0,0.0,7.15,49.89,4,54.69,4.02,4.61,2024-03-17
S109169,7.77,8.02,0.42,8.2,73.5,4.96,70.22,3,42.77,2.85,1.91,2024-02-27
S109170,5.7,7.13,1.78,6.93,55.99,9.12,89.37,2,47.92,2.56,0.15,2024-04-16
S109171,3.87,3.48,0.23,3.75,78.56,7.86,45.21,3,34.63,1.38,0.78,2024-02-27
S109172,5.9,7.86,0.93,5.29,63.17,6.53,22.62,3,44.0,2.25,4.43,2024-04-10
S109173,5.95,8.09,0.13,5.64,30.88,8.13,64.74,3,59.84,32.38,2.85,2024-02-19
S109174,7.1,4.35,2.96,7.34,27.66,5.03,81.91,1,58.72,1.22,14.16,2024-03-22
S109175,5.75,5.8,0.01,6.56,30.58,1.0,42.95,2,53.45,3.16,0.17,2024-02-23
S109176,6.72,5.2,1.35,6.76,65.11,6.03,44.47,1,44.19,1.48,20.0,2024-04-13
S109177,6.71,5.98,0.73,8.4,64.68,9.66,61.1,1,39.5,9.97,0.18,2024-04-05
S109178,5.16,7.12,0.58,2.61,46.29,2.04,77.7,1,57.45,1.71,0.28,2024-02-26
S109179,4.83,3.47,2.4,6.16,31.67,7.85,72.02,2,54.43,3.89,2.15,2024-04-16
S109180,5.34,6.08,5.0,6.37,45.43,4.76,67.48,2,51.76,3.27,1.36,2024-04-02
S109181,4.11,2.45,0.22,6.45,49.95,3.23,50.4,3,43.93,0.69,2.33,2024-03-12
S109182,6.47,9.09,2.1,7.88,25.52,3.81,58.25,1,52.63,2.67,0.14,2024-03-20
S109183,7.24,6.87,1.81,4.67,33.33,1.89,61.63,3,65.31,27.49,4.92,2024-04-26
S109184,5.91,7.27,0.75,4.81,56.78,4.74,69.74,2,49.4,10.57,2.02,2024-03-25
S109185,5.46,5.13,0.27,5.33,61.88,5.84,65.62,1,48.05,1.74,4.96,2024-02-20
S109186,4.73,7.16,0.4,8.14,49.01,7.66,64.64,4,36.43,2.51,2.14,2024-02-15
S109187,7.23,1.29,1.45,3.32,40.46,7.2,60.39,1,61.53,0.26,2.53,2024-02-10
S109188,7.81,5.8,0.88,3.5,61.78,5.11,100.0,3,62.49,1.49,7.79,2024-04-12
S109189,3.36,6.0,1.83,3.76,31.91,3.87,56.81,2,63.3,1.32,4.02,2024-03-17
S109190,9.16,5.2,0.72,6.25,65.08,5.63,26.26,0,53.57,20.8,0.49,2024-02-14
S109191,8.46,3.62,1.14,5.14,16.81,4.73,70.0,1,66.36,2.77,5.77,2024-03-21
S109192,5.61,10.28,1.2,9.27,37.94,3.56,57.67,1,47.88,2.22,6.99,2024-02-04
S109193,6.33,7.53,0.14,8.03,20.76,6.28,45.69,1,60.87,2.63,10.36,2024-04-27
S109194,6.56,6.91,1.65,6.09,32.31,8.59,55.22,4,59.67,2.52,10.89,2024-04-04
S109195,6.88,5.33,1.43,5.0,67.49,5.32,59.56,0,48.07,1.81,4.27,2024-04-26
S109196,5.84,12.01,3.43,5.17,40.88,6.23,46.78,2,56.43,2.34,0.3,2024-03-03
S109197,6.9,6.505,0.69,6.25,3.65,7.7,57.43,2,65.88,1.68,2.95,2024-03-21
S109198,7.22,3.6,0.42,8.0,64.16,7.42,31.46,2,48.36,1.58,3.77,2024-03-14
S109199,9.71,9.26,5.93,10.0,12.57,6.15,53.18,1,69.58,2.78,12.7,2024-04-12
S109200,6.25,9.58,0.25,6.73,57.43,6.05,79.03,2,48.91,1.66,4.82,2024-04-10
S109201,5.46,2.85,1.54,1.0,38.68,6.02,66.64,3,60.06,0.69,1.92,2024-03-02
S109202,7.72,10.23,1.76,4.44,33.12,4.07,56.98,2,75.7,3.4,0.71,2024-08-02
S109203,6.31,6.65,0.88,6.82,43.71,3.22,91.31,0,46.49,4.88,1.57,2024-04-16
S109204,6.55,9.97,0.39,5.37,66.59,2.14,77.33,4,50.33,2.08,3.63,2024-04-15
S109205,6.47,4.74,0.8,4.65,31.08,8.8,54.08,1,64.15,1.57,1.93,2024-04-16
S109206,5.85,9.58,2.78,9.26,75.48,8.42,100.0,1,26.57,3.73,2.74,2024-02-03
S109207,5.73,3.39,2.21,7.36,54.68,7.78,87.81,4,43.51,1.05,5.36,2024-04-18
S109208,5.69,3.63,1.08,5.25,35.62,4.89,28.33,2,57.21,1.44,5.73,2024-04-23
S109209,5.3,5.49,4.64,6.85,60.47,5.62,84.88,0,49.03,1.66,7.75,2024-02-22
S109210,5.74,4.78,1.15,5.97,51.29,7.5,48.26,2,47.26,0.91,4.05,2024-04-20
S109211,8.85,3.17,2.11,7.57,52.65,9.87,60.59,1,52.4,12.66,1.27,2024-03-21
S109212,6.25,4.66,1.52,3.78,87.86,6.41,65.57,3,40.85,2.21,0.75,2024-02-29
S109213,5.27,3.99,1.07,3.5,38.1,4.64,19.62,1,63.54,1.88,7.14,2024-04-17
S109214,4.98,4.35,0.68,3.67,46.97,5.04,65.54,1,47.11,5.35,4.08,2024-10-04
S109215,7.97,5.18,1.47,7.61,38.06,6.68,71.79,0,56.88,5.6,1.99,2024-03-03
S109216,5.51,5.13,0.02,4.94,56.92,2.76,71.61,1,44.23,2.14,1.03,2024-02-23
S109217,6.56,9.11,2.2,5.75,69.3,8.81,61.16,2,50.53,7.11,0.92,2024-08-04
S109218,3.98,4.13,0.16,5.82,41.52,2.68,61.28,1,49.29,1.59,3.1,2024-02-21
S109219,3.5,8.28,4.43,5.39,7.43,5.07,73.62,0,66.02,2.74,1.66,2024-04-06
S109220,6.68,8.26,5.02,7.62,62.0,3.97,58.35,3,57.18,3.73,2.06,2024-03-27
S109221,4.05,8.66,0.26,6.63,24.52,7.2,60.04,0,51.42,3.23,14.52,2024-03-18
S109222,6.63,6.42,0.09,4.3,29.58,6.59,50.26,2,69.93,1.51,6.57,2024-02-18
S109223,7.51,4.75,0.52,4.44,66.77,6.42,32.65,2,48.58,1.9,14.73,2024-03-11
S109224,5.19,3.37,2.05,4.14,69.23,7.75,42.89,2,49.81,4.01,3.97,2024-05-03
S109225,5.63,9.04,5.15,7.93,57.69,7.29,58.56,0,39.15,4.4,0.31,2024-04-07
S109226,5.72,6.64,3.21,8.64,76.72,6.08,62.35,1,29.78,1.88,0.82,2024-04-24
S109227,5.35,5.18,0.67,7.45,53.31,4.94,92.89,2,42.54,1.11,5.44,2024-02-05
S109228,5.77,2.76,1.7,6.98,71.66,4.82,31.66,2,38.26,2.1,8.6,2024-06-03
S109229,5.72,7.92,0.19,3.32,72.27,4.6,55.69,3,45.24,3.28,0.57,2024-04-09
S109230,6.01,8.07,0.26,5.02,21.04,6.95,50.52,3,56.28,2.21,5.62,2024-03-13
S109231,6.38,6.99,0.07,4.41,74.73,3.88,67.83,2,39.33,2.7,0.12,2024-03-03
S109232,7.0,3.2,1.51,6.4,32.22,4.31,70.65,3,49.87,1.14,1.74,2024-02-16
S109233,6.93,8.08,2.17,5.94,56.15,7.36,18.29,2,41.76,1.54,0.86,2024-02-06
S109234,6.39,8.12,2.58,5.05,41.6,4.88,100.0,1,58.27,2.48,0.27,2024-04-05
S109235,5.26,2.77,2.83,5.67,50.26,2.37,45.89,4,50.02,0.7,5.13,2024-02-06
S109236,6.98,8.15,0.94,7.47,46.07,2.15,69.82,4,47.88,3.81,2.33,2024-03-26
S109237,7.39,8.8,4.19,8.69,25.5,3.46,38.84,3,56.6,3.75,2.16,2024-02-02
S109238,6.51,6.46,0.07,4.36,30.9,8.38,52.88,0,68.93,3.02,13.73,2024-03-03
S109239,5.81,3.93,3.24,2.19,28.49,4.44,62.67,2,69.78,0.83,1.7,2024-04-21
S109240,9.21,10.53,6.95,8.98,24.25,6.27,60.78,0,67.46,2.34,1.48,2024-04-05
S109241,3.3,3.53,0.67,4.58,10.07,3.77,76.03,1,65.59,1.03,1.97,2024-04-16
S109242,7.15,7.73,1.8,9.49,35.2,4.68,99.43,1,51.1,1.42,0.73,2024-02-14
S109243,6.62,8.88,0.31,8.48,24.73,5.58,56.47,1,50.12,3.48,1.44,2024-02-04
S109244,8.34,7.58,0.3,4.02,68.61,6.47,77.73,1,63.41,1.22,5.3,2024-03-24
S109245,8.81,0.02,1.15,6.59,26.99,4.69,54.57,1,66.99,0.02,6.47,2024-04-07
S109246,7.19,5.11,0.9,3.64,61.61,6.19,77.01,2,49.17,15.29,2.39,2024-03-23
S109247,5.72,5.75,0.13,6.26,39.2,5.44,13.54,3,54.99,2.03,3.49,2024-02-05
S109248,7.09,4.54,0.85,8.58,25.55,5.89,40.67,3,50.92,1.23,9.39,2024-04-19
S109249,4.77,9.45,0.36,3.48,49.59,5.58,68.02,2,52.48,1.74,0.9,2024-03-23
S109250,6.45,5.97,4.12,4.92,45.67,7.26,47.51,1,54.28,1.53,3.41,2024-04-27
S109251,5.3,10.27,1.48,5.32,64.21,6.95,63.26,2,43.96,4.87,0.57,2024-03-30
S109252,6.99,7.23,1.67,6.72,55.53,6.57,56.08,0,52.96,1.46,1.62,2024-02-13
S109253,3.97,0.0,2.98,4.54,62.58,6.97,45.96,2,45.16,0.0,0.19,2024-02-22
S109254,5.88,3.0,0.94,5.55,67.86,3.32,94.52,2,41.55,1.33,0.64,2024-03-15
S109255,6.6,10.31,0.29,6.69,44.62,1.0,47.1,5,54.14,12.25,0.9,2024-04-22
S109256,6.03,1.72,0.21,2.45,43.2,6.11,100.0,0,65.48,2.27,0.53,2024-02-27
S109257,5.87,8.96,1.11,7.64,67.89,6.88,55.14,4,35.46,3.72,0.97,2024-01-04
S109258,5.32,7.93,3.29,6.4,71.92,4.59,67.3,4,38.35,4.19,1.67,2024-04-20
S109259,6.0,6.505,1.45,2.37,31.36,2.19,81.85,4,73.76,2.6,1.57,2024-04-11
S109260,8.3,8.73,1.6,10.0,49.92,7.06,64.06,3,53.36,1.9,1.07,2024-04-03
S109261,5.55,5.88,0.63,5.33,72.92,5.26,72.8,3,39.0,1.73,1.62,2024-03-19
S109262,4.6,7.68,1.68,6.69,60.52,2.94,65.97,1,34.9,4.65,0.02,2024-03-04
S109263,4.95,7.01,1.71,4.99,30.59,6.07,48.85,2,64.44,2.1,3.87,2024-02-19
S109264,5.75,7.9,0.2,6.86,15.09,5.72,52.62,2,57.12,1.78,2.14,2024-04-11
S109265,7.26,3.31,5.02,7.31,6.28,5.07,59.8,1,78.71,1.17,2.95,2024-02-17
S109266,5.97,7.36,2.45,3.83,38.79,4.43,43.67,3,63.86,6.63,2.59,2024-02-24
S109267,7.37,11.84,2.03,5.7,28.71,2.55,60.65,2,64.6,5.06,3.5,2024-03-09
S109268,8.19,6.77,4.24,7.86,26.9,1.81,44.56,2,67.3,4.48,6.64,2024-07-03
S109269,5.15,6.3,1.25,6.21,36.24,5.2,38.69,2,48.43,2.39,5.75,2024-05-04
S109270,6.63,7.69,0.4,10.0,68.12,10.0,73.97,0,31.82,2.57,3.36,2024-04-10
S109271,5.93,9.52,2.81,4.44,54.16,6.54,63.75,2,52.14,29.25,1.51,2024-04-18
S109272,7.57,4.01,2.06,6.68,34.65,1.91,57.57,0,59.08,1.29,11.56,2024-04-26
S109273,7.43,3.69,0.63,6.28,72.41,8.3,54.11,4,51.78,0.74,0.15,2024-02-22
S109274,6.84,8.19,1.96,2.92,67.03,9.19,65.02,2,60.06,5.79,0.76,2024-02-29
S109275,4.83,6.86,0.3,6.76,53.13,5.78,59.47,2,40.31,1.66,10.71,2024-02-07
S109276,5.86,6.45,0.13,6.38,56.95,4.03,58.76,7,47.03,2.16,3.12,2024-03-02
S109277,6.2,6.59,1.4,7.29,47.53,5.18,84.75,1,44.35,2.94,3.03,2024-08-03
S109278,6.21,2.37,2.61,3.16,75.64,4.7,58.92,5,49.03,0.59,3.57,2024-02-27
S109279,5.49,4.71,0.2,4.23,0.0,2.99,87.77,1,71.76,1.79,0.76,2024-02-02
S109280,6.66,7.29,1.36,4.01,43.34,6.47,46.5,4,64.82,2.13,0.32,2024-04-25
S109281,6.9,9.2,0.78,5.68,61.24,4.93,91.58,1,51.75,2.28,0.81,2024-03-30
S109282,6.75,6.74,4.01,6.47,52.05,7.57,100.0,2,45.91,3.83,1.59,2024-03-15
S109283,5.27,8.19,0.23,6.52,42.14,6.7,29.25,0,48.74,1.86,8.36,2024-04-10
S109284,5.79,7.66,3.74,9.75,63.18,4.03,55.23,4,29.95,3.35,12.84,2024-03-03
S109285,4.76,4.75,0.18,4.92,37.19,4.33,34.69,2,52.95,1.51,1.4,2024-02-11
S109286,5.34,3.38,1.76,5.29,33.66,10.0,37.61,1,53.4,1.97,6.59,2024-04-17
S109287,7.13,8.79,0.14,7.49,16.66,9.83,58.67,1,60.31,2.21,0.86,2024-03-20
S109288,6.03,4.43,2.44,1.09,15.81,4.71,64.55,1,84.94,1.52,6.59,2024-03-31
S109289,6.08,3.64,0.27,10.0,13.28,4.23,59.25,4,60.92,14.55,3.62,2024-02-12
S109290,7.74,5.42,0.32,6.63,46.34,5.16,70.5,3,54.56,2.48,8.18,2024-03-26
S109291,5.55,1.39,1.75,10.0,49.45,10.0,72.75,3,32.74,0.33,0.5,2024-02-13
S109292,6.33,3.85,0.33,2.35,7.56,5.13,52.9,2,73.05,3.1,2.73,2024-03-17
S109293,4.35,3.52,3.23,7.28,30.49,6.77,58.01,1,47.79,0.66,2.39,2024-03-05
S109294,7.53,9.46,1.57,7.2,5.07,1.63,49.7,5,73.88,3.86,4.03,2024-04-10
S109295,6.07,5.73,0.42,6.72,56.89,4.55,71.18,2,41.75,1.85,0.82,2024-03-02
S109296,7.37,7.02,0.37,3.04,19.41,7.84,71.45,0,79.63,2.95,10.71,2024-01-02
S109297,7.34,7.8,1.41,7.51,30.43,3.1,56.18,2,53.95,3.19,3.51,2024-03-22
S109298,6.25,7.83,0.51,6.92,29.9,8.77,70.23,1,47.84,2.69,15.46,2024-04-28
S109299,7.05,10.25,1.65,3.36,58.84,2.02,56.24,2,60.56,3.39,0.08,2024-03-23
S109300,4.37,6.71,1.89,5.71,53.02,3.92,31.49,2,38.93,2.31,0.41,2024-03-28
S109301,5.59,8.43,1.19,3.73,33.38,3.63,54.49,2,62.88,3.57,11.24,2024-03-07
S109302,3.76,4.35,0.58,4.63,23.76,4.88,93.93,2,57.05,1.37,1.63,2024-02-05
S109303,7.62,4.81,0.17,4.99,55.63,5.86,48.41,2,56.02,1.45,0.35,2024-03-08
S109304,7.12,6.95,1.78,5.64,61.56,5.85,57.73,1,50.3,1.78,8.39,2024-04-25
S109305,8.22,5.04,1.54,5.71,20.29,6.78,45.13,1,68.63,1.16,6.58,2024-04-19
S109306,8.12,6.72,0.51,9.59,71.12,3.21,48.11,2,33.24,2.36,2.26,2024-03-02
S109307,8.41,5.16,0.57,4.04,60.79,2.73,69.51,2,60.41,5.51,0.64,2024-04-25
S109308,6.07,7.78,1.5,1.18,65.43,6.43,75.77,2,67.83,4.31,3.53,2024-04-23
S109309,4.33,6.36,0.33,6.73,24.88,3.8,64.66,1,51.0,1.94,0.64,2024-04-15
S109310,5.79,5.03,0.31,8.15,46.5,7.16,68.95,2,46.85,1.23,1.56,2024-04-27
S109311,9.13,6.32,0.2,5.81,60.88,5.86,84.07,1,54.16,3.32,8.4,2024-03-20
S109312,7.07,6.03,3.38,6.96,43.3,4.13,74.17,4,44.88,1.94,4.95,2024-05-04
S109313,7.9,7.96,1.44,2.72,41.96,6.89,56.08,6,71.51,2.41,5.57,2024-04-10
S109314,7.37,8.39,1.07,6.74,41.83,7.3,74.5,0,51.13,1.47,0.82,2024-04-28
S109315,7.12,3.62,0.97,7.64,46.36,4.18,49.78,3,49.4,0.9,0.32,2024-03-31
S109316,5.9,9.49,0.88,7.13,51.63,6.7,41.01,1,49.17,2.06,1.06,2024-03-16
S109317,4.82,6.07,0.04,4.94,34.31,3.57,44.6,1,58.22,1.77,4.75,2024-02-19
S109318,7.52,5.41,2.97,7.66,86.8,4.58,55.9,2,36.0,1.51,8.41,2024-04-03
S109319,5.11,7.4,1.77,3.47,43.51,5.95,51.87,3,62.8,1.22,3.18,2024-02-18
S109320,8.55,8.52,1.83,3.36,32.84,6.55,69.18,2,75.92,3.31,6.24,2024-03-07
S109321,7.08,5.18,1.01,3.05,21.53,5.25,52.43,2,73.88,1.17,2.92,2024-03-19
S109322,7.24,6.05,0.29,4.69,33.24,4.77,96.58,1,66.2,2.63,6.74,2024-04-18
S109323,6.36,3.44,0.37,3.26,45.74,6.1,45.25,1,67.16,13.74,12.82,2024-02-04
S109324,4.04,8.21,1.84,7.8,44.49,4.75,45.67,3,42.67,5.9,0.34,2024-04-22
S109325,5.15,7.22,1.47,6.94,41.18,6.21,79.88,1,50.96,12.47,0.06,2024-03-14
S109326,7.61,7.13,1.37,5.97,100.0,5.2,65.4,3,30.53,3.66,13.72,2024-02-21
S109327,4.64,5.93,0.69,10.0,35.02,3.75,48.52,3,39.74,1.6,11.15,2024-03-22
S109328,4.71,6.89,1.86,7.26,61.88,8.3,53.96,2,42.91,3.23,0.56,2024-02-20
S109329,8.35,2.03,0.33,2.34,42.51,3.54,31.01,0,69.95,0.53,5.45,2024-02-05
S109330,3.51,6.55,0.14,8.68,63.94,6.53,31.85,2,28.67,1.71,3.85,2024-04-23
S109331,6.22,11.34,0.88,6.75,52.74,2.97,61.91,2,47.87,1.92,2.31,2024-02-09
S109332,6.82,4.12,0.1,5.53,88.23,8.13,66.58,1,39.97,2.96,2.23,2024-04-08
S109333,8.99,7.66,1.38,6.85,42.99,5.48,39.96,1,63.0,3.3,2.08,2024-02-14
S109334,7.77,0.0,0.63,2.48,43.47,7.06,100.0,2,61.15,0.0,4.31,2024-03-12
S109335,6.93,6.6,1.35,9.48,39.44,5.42,40.47,2,42.11,18.59,6.94,2024-03-02
S109336,3.96,4.39,0.33,4.39,67.35,9.17,88.56,4,38.83,0.9,4.47,2024-02-15
S109337,5.97,7.53,0.18,8.34,62.78,7.23,54.59,4,35.4,5.29,2.31,2024-02-13
S109338,4.02,2.29,0.11,3.05,44.83,9.35,79.3,1,55.79,1.29,0.46,2024-03-24
S109339,6.7,4.14,0.94,4.56,32.19,3.27,47.15,2,66.05,1.27,0.96,2024-02-02
S109340,4.45,4.33,0.08,7.51,16.15,1.0,30.78,0,51.85,0.93,8.76,2024-04-20
S109341,7.68,6.44,4.28,4.44,38.21,2.99,67.44,4,61.4,2.32,5.06,2024-03-31
S109342,7.19,7.69,3.6,6.76,54.15,5.64,87.5,2,49.03,1.49,2.5,2024-04-20
S109343,5.6,5.16,0.67,3.84,25.69,4.28,44.28,0,64.35,1.1,12.76,2024-02-04
S109344,6.9,5.64,0.24,6.85,30.89,6.18,45.15,0,53.76,3.48,1.45,2024-03-07
S109345,6.63,5.82,0.76,9.16,6.38,5.98,71.43,1,56.53,1.9,3.32,2024-02-23
S109346,6.48,9.42,0.67,4.81,51.78,4.26,63.58,1,48.0,3.24,2.79,2024-03-16
S109347,6.35,5.69,1.5,2.52,20.12,4.42,85.67,0,80.93,1.49,2.1,2024-03-27
S109348,7.33,8.51,1.23,8.6,23.97,6.69,50.78,2,54.17,2.8,1.6,2024-02-21
S109349,6.43,5.89,0.13,4.67,70.43,5.38,35.91,0,43.64,4.91,0.64,2024-04-03
S109350,5.83,6.04,0.41,5.23,40.38,3.68,77.48,3,61.08,1.66,2.48,2024-02-25
S109351,6.84,5.23,0.55,7.25,51.53,1.0,51.86,3,47.98,1.16,0.05,2024-04-24
S109352,5.39,6.62,0.18,4.43,74.39,4.12,56.31,4,48.87,2.15,1.89,2024-03-23
S109353,8.0,3.82,0.07,5.54,22.35,6.89,53.79,2,67.8,3.46,4.61,2024-07-02
S109354,7.45,4.97,1.99,7.77,47.0,7.79,66.3,3,51.99,1.52,20.0,2024-04-11
S109355,3.56,5.98,0.6,4.83,82.42,6.93,38.05,2,30.87,1.59,8.32,2024-03-18
S109356,5.95,6.21,0.91,5.84,51.45,3.02,71.13,2,51.34,2.23,0.99,2024-03-14
S109357,6.17,8.85,2.15,6.27,59.71,4.71,28.91,4,44.03,3.76,0.71,2024-10-04
S109358,6.24,6.06,3.01,5.45,34.35,6.02,100.0,3,61.95,1.43,2.48,2024-03-19
S109359,7.0,8.02,0.12,6.88,80.88,5.3,73.32,2,34.61,2.87,1.0,2024-04-15
S109360,8.13,10.75,2.67,5.05,47.33,8.19,45.09,2,59.22,2.83,2.12,2024-03-13
S109361,8.34,6.84,1.03,4.55,52.91,1.9,34.42,1,55.64,2.09,20.0,2024-02-22
S109362,3.7,5.23,4.91,6.47,29.43,9.06,71.16,1,46.58,5.91,8.14,2024-04-20
S109363,7.53,4.79,0.09,10.0,34.5,5.99,61.93,0,52.06,6.75,3.87,2024-03-07
S109364,3.79,12.09,0.37,5.88,28.88,6.33,47.94,4,51.18,30.87,2.56,2024-03-01
S109365,7.75,2.49,0.48,10.0,46.8,6.59,30.08,1,47.52,0.87,2.59,2024-03-27
S109366,6.94,7.25,1.35,4.87,48.74,7.0,63.34,1,58.84,8.95,11.41,2024-04-09
S109367,5.25,5.86,0.48,9.62,81.49,6.94,51.63,3,26.19,2.02,0.74,2024-03-02
S109368,5.67,10.01,0.53,5.72,49.64,8.5,57.24,0,40.88,2.5,0.32,2024-02-28
S109369,5.67,7.39,0.63,8.23,61.81,5.68,67.46,1,29.14,2.69,2.19,2024-03-18
S109370,7.99,6.35,2.65,7.64,73.97,5.45,63.3,1,44.03,6.08,2.43,2024-03-29
S109371,5.56,4.3,1.54,7.6,62.81,6.98,47.63,1,34.79,1.95,9.79,2024-07-03
S109372,5.77,4.0,0.49,7.56,41.19,5.2,47.36,4,42.78,1.53,12.66,2024-03-01
S109373,6.88,5.77,1.18,2.63,72.51,8.16,39.4,2,51.92,2.43,1.07,2024-03-07
S109374,8.57,3.98,0.39,4.48,44.66,2.27,58.55,3,62.63,1.21,0.95,2024-02-09
S109375,5.54,9.82,0.05,7.7,54.38,3.43,30.14,1,37.38,4.22,3.22,2024-02-02
S109376,6.7,3.85,0.72,4.69,60.2,6.07,44.81,2,48.63,0.71,16.13,2024-02-20
S109377,5.34,10.15,0.62,8.94,50.45,4.15,78.07,4,31.15,2.21,5.99,2024-02-12
S109378,7.71,5.63,3.15,5.62,39.56,6.78,76.73,2,60.28,1.49,0.25,2024-04-20
S109379,4.75,9.8,0.32,1.25,29.5,6.36,30.35,0,59.41,1.78,7.12,2024-12-04
S109380,6.85,7.2,1.84,5.86,55.45,10.0,64.87,3,52.34,14.75,8.03,2024-03-02
S109381,6.88,4.96,0.06,4.04,20.7,5.33,52.42,1,66.62,1.76,1.59,2024-06-03
S109382,5.81,7.42,1.4,5.71,81.55,4.03,61.37,4,36.86,4.32,1.55,2024-03-18
S109383,7.89,7.41,0.82,7.08,36.84,8.8,35.31,0,66.39,3.2,3.02,2024-08-03
S109384,8.87,6.505,6.13,5.48,39.02,6.02,64.45,3,61.36,10.41,9.5,2024-06-02
S109385,6.34,2.6,2.77,7.43,60.2,5.51,74.43,2,39.85,0.62,0.74,2024-11-03
S109386,6.78,6.88,0.03,2.51,24.58,4.21,51.4,2,72.3,2.85,3.5,2024-02-07
S109387,6.59,10.07,2.59,3.2,81.19,7.31,45.89,3,41.15,4.16,2.69,2024-07-03
S109388,7.93,10.31,1.88,6.87,31.01,7.75,63.2,0,61.5,1.87,1.6,2024-09-02
S109389,7.43,3.54,1.14,7.75,24.2,1.0,52.18,0,60.69,0.88,4.0,2024-02-11
S109390,6.44,8.74,1.3,7.45,62.93,2.75,55.86,0,38.62,3.14,1.82,2024-03-16
S109391,6.24,9.33,3.06,4.9,71.75,6.61,72.3,2,47.15,3.57,0.45,2024-02-09
S109392,5.31,10.0,2.26,8.8,62.08,3.78,70.35,0,38.32,3.54,8.11,2024-03-21
S109393,5.97,9.09,0.06,3.17,63.75,5.81,49.25,1,56.35,1.72,0.99,2024-04-08
S109394,6.35,6.46,2.18,4.56,39.17,5.88,45.76,3,64.92,3.56,3.82,2024-04-04
S109395,8.61,4.36,1.97,8.11,53.83,8.8,71.01,2,42.07,2.37,16.34,2024-02-18
S109396,7.51,5.71,3.76,5.47,28.73,6.28,60.26,2,60.77,5.66,1.16,2024-04-26
S109397,3.43,2.42,2.81,2.29,56.98,1.53,27.75,3,48.59,0.91,2.66,2024-04-20
S109398,5.62,9.35,0.09,10.0,43.8,3.82,50.48,4,36.02,2.67,4.39,2024-02-01
S109399,7.99,7.01,2.87,6.21,14.91,9.37,54.68,1,72.2,3.08,10.1,2024-11-02
S109400,7.87,7.88,0.27,9.64,25.42,5.92,79.38,1,55.82,3.51,8.26,2024-04-15
S109401,3.92,11.08,0.87,6.0,45.98,3.67,88.6,2,46.56,5.46,16.44,2024-03-25
S109402,6.18,7.99,3.46,4.87,34.73,8.58,51.94,1,53.85,2.91,3.5,2024-02-27
S109403,8.47,4.62,0.55,6.48,64.57,7.35,37.09,1,42.43,1.36,0.15,2024-02-26
S109404,5.36,3.67,5.4,5.33,10.69,6.4,99.34,0,69.2,3.02,0.58,2024-04-11
S109405,5.77,4.12,0.46,8.12,44.64,2.99,62.29,2,40.92,1.43,9.72,2024-03-12
S109406,6.45,7.18,0.49,8.96,42.57,8.75,77.81,0,49.55,1.12,2.67,2024-02-26
S109407,4.93,5.86,1.84,6.03,64.57,7.59,61.21,2,38.74,1.17,1.53,2024-04-22
S109408,7.77,7.24,4.05,4.39,80.95,6.51,43.21,2,48.59,2.57,5.08,2024-03-22
S109409,6.57,4.73,3.89,2.86,36.7,4.92,72.22,3,65.75,2.1,12.61,2024-02-27
S109410,6.59,8.95,0.22,4.48,69.14,2.25,91.98,3,46.04,2.54,5.1,2024-03-18
S109411,5.4,1.28,0.4,7.69,69.65,7.55,78.48,1,37.44,0.6,1.28,2024-04-28
S109412,7.75,4.24,0.24,6.54,19.44,5.38,63.11,5,69.38,1.49,0.76,2024-04-13
S109413,5.85,12.22,0.39,2.56,32.08,3.89,41.42,3,61.66,5.72,3.15,2024-03-08
S109414,5.23,8.67,1.08,4.56,46.33,6.04,60.47,1,50.16,1.71,0.68,2024-05-02
S109415,6.09,8.98,2.84,3.05,66.35,4.96,53.94,3,50.27,1.9,8.25,2024-02-18
S109416,4.51,7.47,0.99,5.92,28.86,3.74,77.09,4,54.32,2.22,0.93,2024-03-25
S109417,5.53,8.1,2.88,3.98,33.7,4.94,56.53,3,56.53,2.49,4.62,2024-04-22
S109418,9.45,5.44,0.15,6.15,79.08,4.08,76.16,2,50.04,1.18,0.26,2024-03-18
S109419,5.23,4.71,0.44,5.72,38.36,4.91,100.0,4,51.47,2.46,0.61,2024-04-20
S109420,5.09,10.42,0.76,4.68,45.5,4.1,80.18,2,45.28,3.84,4.48,2024-02-28
S109421,6.33,3.82,2.23,5.44,32.96,3.66,50.61,3,54.86,0.73,4.66,2024-02-29
S109422,6.75,9.64,3.56,9.15,25.41,6.89,39.26,2,52.02,3.11,9.13,2024-03-20
S109423,6.88,1.02,2.42,5.57,36.79,6.97,72.18,0,58.86,0.53,19.03,2024-02-13
S109424,6.64,5.82,1.96,7.72,34.06,5.69,94.93,3,52.03,3.0,5.27,2024-02-29
S109425,4.04,5.95,0.23,3.73,16.98,6.51,50.44,2,61.7,2.15,0.84,2024-04-25
S109426,5.67,4.37,0.89,2.34,95.76,9.87,46.34,4,43.42,2.81,2.56,2024-02-09
S109427,3.29,3.54,0.39,3.96,14.04,6.2,63.14,2,64.59,0.87,0.21,2024-04-22
S109428,7.27,7.01,1.22,6.53,39.31,2.98,63.44,1,55.27,1.91,4.12,2024-04-19
S109429,6.87,8.57,2.44,4.82,51.65,9.27,67.08,4,61.49,34.28,3.74,2024-04-27
S109430,7.43,4.52,2.7,7.3,11.08,4.97,52.0,1,64.68,0.88,0.58,2024-04-26
S109431,4.2,7.7,0.9,7.8,35.19,4.36,61.26,3,36.87,4.86,8.63,2024-04-27
S109432,3.53,4.0,1.4,5.99,20.38,1.78,60.9,0,56.51,1.4,0.42,2024-03-12
S109433,6.4,5.59,0.68,5.12,77.99,6.73,60.7,1,37.51,4.54,0.33,2024-03-21
S109434,4.94,6.46,0.62,6.25,29.32,7.19,42.55,2,53.24,7.36,1.16,2024-03-19
S109435,4.68,11.25,0.45,5.63,28.15,7.61,80.51,0,61.29,2.4,12.78,2024-04-12
S109436,5.16,8.33,0.68,4.6,66.77,7.08,44.26,1,42.52,5.16,11.54,2024-04-05
S109437,4.19,4.5,1.99,4.74,55.76,3.01,54.29,3,46.48,6.56,0.63,2024-02-02
S109438,3.78,7.73,2.8,5.27,35.95,9.53,79.11,6,54.58,2.73,2.06,2024-03-19
S109439,6.77,2.98,3.77,6.8,38.03,3.65,78.03,4,55.59,1.21,2.75,2024-04-26
S109440,6.7,5.06,0.33,4.6,41.52,3.45,57.22,1,63.44,1.67,4.28,2024-02-21
S109441,7.33,9.95,0.96,6.17,44.21,8.33,78.71,2,53.24,2.88,3.21,2024-04-11
S109442,6.71,7.34,2.17,4.33,45.57,8.0,31.97,2,61.15,2.7,2.41,2024-02-17
S109443,6.41,8.64,4.65,4.73,65.71,8.16,56.11,2,47.73,1.79,1.66,2024-09-02
S109444,6.88,6.88,3.09,9.37,67.15,3.03,80.19,3,35.41,1.09,13.78,2024-03-09
S109445,5.86,1.61,2.61,5.52,46.54,5.63,85.76,1,55.83,0.7,0.51,2024-04-23
S109446,6.44,6.25,3.62,6.56,34.42,4.31,86.84,1,56.22,1.72,2.14,2024-02-05
S109447,6.04,9.62,0.77,7.28,64.47,5.93,66.45,1,37.29,2.32,0.65,2024-02-05
S109448,3.17,5.96,3.05,4.98,21.78,3.77,85.45,3,48.0,1.31,2.95,2024-03-01
S109449,6.79,8.31,0.37,4.77,51.5,5.3,44.94,2,48.56,2.26,5.41,2024-04-11
S109450,8.63,7.45,2.79,1.99,54.26,5.42,54.22,1,65.52,2.01,3.37,2024-04-26
S109451,8.37,5.63,0.68,3.36,42.54,8.19,69.36,2,64.74,1.86,0.69,2024-02-18
S109452,5.97,3.1,0.95,4.66,59.4,4.6,64.09,1,46.31,3.37,1.76,2024-04-22
S109453,6.76,11.1,0.63,1.89,29.56,5.4,41.61,2,68.28,3.77,1.33,2024-03-10
S109454,6.57,5.21,0.02,6.47,38.96,5.33,63.29,1,48.21,1.07,3.97,2024-01-02
S109455,8.66,9.0,0.94,5.46,40.52,2.5,57.53,0,64.01,1.73,0.26,2024-02-15
S109456,8.57,3.82,4.39,7.14,30.83,5.87,69.76,3,63.62,0.84,2.24,2024-04-16
S109457,5.24,8.21,0.7,7.23,24.8,4.77,57.78,1,52.0,1.6,3.78,2024-03-21
S109458,5.23,2.59,1.14,9.17,28.77,6.82,80.13,1,50.15,0.57,8.28,2024-04-18
S109459,5.66,7.84,1.43,6.96,59.17,9.97,55.4,1,51.69,2.99,4.87,2024-02-15
S109460,5.47,4.81,2.14,7.74,59.64,7.59,59.41,1,32.52,3.03,12.89,2024-02-04
S109461,8.4,4.05,0.07,2.69,54.16,4.63,55.45,0,62.94,1.16,6.19,2024-02-26
S109462,3.67,6.49,0.24,4.52,46.65,3.94,53.81,0,47.87,4.8,5.37,2024-03-13
S109463,4.76,7.52,3.25,3.36,68.99,6.23,63.1,2,49.04,2.33,8.11,2024-04-23
S109464,4.35,10.91,0.6,3.59,77.78,4.07,71.51,1,38.03,3.1,5.14,2024-03-18
S109465,5.37,6.97,0.48,9.39,63.54,5.44,38.85,1,33.24,2.57,9.29,2024-03-02
S109466,7.14,8.49,4.66,4.63,62.68,3.49,79.58,1,51.21,2.25,0.6,2024-03-08
S109467,4.81,3.82,0.69,8.68,38.54,7.25,57.15,2,48.43,1.12,8.41,2024-03-09
S109468,7.39,6.06,2.93,7.4,21.87,3.3,86.64,2,60.92,3.18,0.53,2024-03-15
S109469,8.56,8.33,6.53,7.4,56.47,3.34,71.31,1,39.93,1.97,5.27,2024-01-02
S109470,6.52,9.41,1.57,6.79,17.07,2.97,41.37,1,68.35,6.91,5.09,2024-02-15
S109471,7.95,9.23,0.09,3.03,38.34,7.81,25.77,2,70.5,2.89,6.05,2024-03-31
S109472,5.98,8.52,0.48,4.65,26.55,4.92,71.47,4,61.14,5.5,0.5,2024-04-05
S109473,6.78,4.45,0.59,1.99,43.87,7.81,47.85,4,76.08,3.28,8.07,2024-02-23
S109474,5.92,8.95,2.72,7.18,22.55,3.97,69.02,1,61.48,35.78,0.21,2024-01-03
S109475,7.82,8.19,0.84,6.17,42.8,8.93,56.52,1,58.43,1.56,0.61,2024-04-03
S109476,6.76,3.85,0.54,5.63,40.37,6.64,61.51,1,59.29,0.75,5.32,2024-03-09
S109477,7.21,3.15,0.43,6.13,8.02,6.46,42.07,4,68.53,0.65,16.75,2024-03-17
S109478,7.53,5.1,1.71,3.18,10.33,3.2,78.04,1,78.1,1.18,1.42,2024-08-03
S109479,7.72,6.47,3.0,4.14,48.13,10.0,57.53,2,64.11,1.75,12.36,2024-03-17
S109480,4.99,6.36,1.98,7.34,32.12,7.78,73.92,2,54.28,25.44,3.8,2024-02-16
S109481,6.67,3.56,1.04,4.98,61.3,1.61,65.75,2,54.6,1.74,0.93,2024-04-02
S109482,5.32,3.74,6.16,7.5,63.47,7.45,40.12,2,38.23,1.56,11.1,2024-03-26
S109483,5.76,3.09,1.56,8.12,47.02,7.73,79.16,0,49.32,0.82,16.2,2024-03-14
S109484,6.29,7.55,3.81,4.92,97.8,5.33,68.97,2,28.25,3.85,4.35,2024-03-27
S109485,7.12,9.95,0.44,6.06,50.3,4.31,42.67,1,51.22,1.71,5.32,2024-04-02
S109486,6.27,14.0,2.86,6.31,39.81,1.0,45.06,2,51.0,14.23,5.28,2024-04-15
S109487,5.99,8.1,1.5,5.09,43.59,6.92,63.23,3,54.9,2.77,0.44,2024-04-14
S109488,8.09,5.73,1.03,3.77,55.06,3.42,90.77,1,59.74,1.93,1.19,2024-03-27
S109489,6.94,7.37,1.11,6.27,33.94,5.76,33.88,4,60.57,1.18,0.25,2024-04-09
S109490,3.4,7.47,1.35,5.71,59.84,1.54,92.21,1,38.52,1.69,6.07,2024-03-21
S109491,6.85,5.08,2.14,8.62,65.56,4.81,45.63,1,39.47,1.84,2.81,2024-05-03
S109492,5.69,6.38,0.37,2.84,47.37,1.6,34.62,1,60.15,1.51,2.5,2024-02-06
S109493,7.21,4.08,4.38,5.1,0.0,4.68,47.66,0,69.19,1.22,8.13,2024-03-26
S109494,7.36,9.08,0.98,5.9,49.52,6.76,65.27,2,49.89,1.65,0.59,2024-03-30
S109495,8.61,4.83,0.36,6.62,32.1,7.51,78.39,1,55.46,1.21,10.09,2024-04-25
S109496,5.83,7.65,0.32,7.22,38.48,1.85,78.42,3,52.41,2.22,0.38,2024-09-02
S109497,7.5,8.61,0.18,5.82,55.63,3.6,18.19,3,54.58,2.8,1.88,2024-03-23
S109498,6.08,3.13,1.71,8.61,47.99,2.47,76.37,4,40.09,1.91,2.23,2024-03-18
S109499,5.39,4.4,0.33,5.22,25.7,4.25,79.23,2,57.53,1.94,7.76,2024-02-03
S109500,4.18,7.3,8.0,7.6,63.6,6.79,83.61,1,27.45,1.9,5.24,2024-03-04
S109501,6.69,7.19,0.36,6.22,71.61,3.17,64.49,1,38.15,2.65,8.24,2024-04-04
S109502,8.3,4.77,0.11,6.37,45.69,6.85,86.87,0,55.13,0.97,0.33,2024-02-28
S109503,6.02,8.09,0.62,4.32,42.28,4.92,69.15,3,58.62,1.52,4.49,2024-02-11
S109504,7.77,9.37,3.84,7.97,59.84,5.9,55.94,4,47.25,3.29,9.84,2024-02-23
S109505,6.43,7.2,0.82,3.95,48.93,2.92,74.05,1,58.96,2.47,1.68,2024-03-24
S109506,7.44,5.19,3.44,6.39,35.1,5.4,58.8,2,58.43,5.11,0.15,2024-03-17
S109507,6.1,10.03,0.92,7.31,39.09,7.23,87.92,1,49.39,4.55,6.62,2024-04-18
S109508,7.07,5.19,1.65,7.17,44.33,4.79,58.46,2,45.56,0.96,6.56,2024-03-04
S109509,4.94,5.4,2.67,9.34,32.28,2.34,59.46,2,40.82,3.73,0.4,2024-03-15
S109510,7.32,9.16,0.48,1.93,50.17,4.89,70.66,2,62.46,2.17,1.31,2024-04-02
S109511,8.89,7.64,0.03,5.59,37.47,5.04,78.14,1,65.43,11.24,0.72,2024-02-13
S109512,7.8,2.76,1.36,4.19,67.39,6.81,91.61,0,55.54,0.9,2.65,2024-02-20
S109513,5.59,6.98,1.18,2.82,32.58,6.1,50.62,0,60.48,2.2,0.26,2024-04-24
S109514,3.75,12.03,1.5,7.61,21.69,3.28,59.64,1,42.4,5.49,0.52,2024-04-28
S109515,6.59,3.95,0.58,6.02,75.58,8.43,47.91,0,46.63,2.01,1.79,2024-02-29
S109516,4.77,7.33,1.57,8.34,9.98,2.8,55.17,4,49.23,4.72,0.99,2024-02-03
S109517,6.15,0.0,0.08,6.76,60.95,1.83,58.06,2,42.73,0.0,6.44,2024-02-04
S109518,7.69,4.48,5.08,2.83,67.91,3.29,61.96,1,55.66,2.31,0.63,2024-02-23
S109519,3.23,6.87,1.92,6.73,50.9,3.32,54.9,4,39.76,4.76,2.92,2024-02-17
S109520,5.96,8.05,0.33,5.79,58.96,8.66,53.39,1,54.16,1.74,2.12,2024-02-19
S109521,6.1,13.17,1.13,5.99,46.66,6.09,85.85,2,54.1,9.79,1.38,2024-03-09
S109522,7.33,8.4,3.12,5.52,58.31,6.03,46.32,2,49.88,2.9,3.37,2024-04-21
S109523,6.88,6.39,0.01,6.1,45.41,3.34,90.64,1,51.82,3.11,2.07,2024-02-02
S109524,8.65,11.21,0.37,8.9,47.79,5.59,70.5,3,44.24,31.82,2.65,2024-10-04
S109525,6.93,6.23,1.7,8.17,24.97,5.85,87.68,1,59.06,3.56,6.54,2024-02-11
S109526,7.29,7.28,2.37,1.0,51.98,2.19,61.4,3,66.48,3.77,5.53,2024-02-01
S109527,3.57,9.22,0.48,5.4,49.08,7.44,49.0,2,51.87,4.1,0.19,2024-02-26
S109528,6.32,7.44,2.34,6.14,58.47,6.02,37.05,3,44.59,2.06,1.77,2024-04-22
S109529,5.89,4.7,1.68,8.38,100.0,6.64,47.23,2,16.39,2.35,3.35,2024-02-15
S109530,6.26,9.24,0.07,2.37,59.32,5.4,53.92,1,60.7,4.99,5.88,2024-02-25
S109531,7.75,6.03,0.24,3.59,29.26,3.94,50.31,0,73.61,6.92,2.79,2024-03-09
S109532,4.65,6.58,0.61,6.23,10.41,6.02,58.23,1,63.68,2.91,2.8,2024-02-29
S109533,3.0,7.56,4.7,7.82,50.14,3.41,80.52,3,41.91,11.93,11.2,2024-02-29
S109534,8.84,4.65,0.01,8.91,51.21,6.83,66.26,4,47.06,0.96,5.75,2024-02-01
S109535,6.1,6.77,0.4,1.44,79.01,2.88,44.43,1,48.5,2.39,0.95,2024-03-19
S109536,5.79,7.73,1.45,8.48,52.28,8.55,74.41,1,42.43,1.79,2.69,2024-02-22
S109537,8.29,11.25,4.62,3.24,53.01,9.91,63.43,2,61.31,3.9,3.83,2024-04-08
S109538,7.44,5.6,4.72,4.6,50.9,7.25,73.27,1,54.1,1.51,10.24,2024-03-21
S109539,6.61,6.07,4.38,5.59,39.4,4.33,99.98,3,61.14,1.98,0.49,2024-03-06
S109540,6.77,9.3,2.5,5.95,36.65,2.28,50.2,2,56.16,13.7,1.87,2024-04-04
S109541,7.35,6.56,1.82,6.22,41.85,7.2,72.65,0,53.24,1.34,3.39,2024-04-28
S109542,5.09,5.36,0.29,6.06,32.68,3.93,85.8,2,52.28,1.39,0.44,2024-03-17
S109543,6.51,7.42,2.75,7.2,39.62,8.72,59.32,1,51.2,2.66,4.58,2024-04-28
S109544,9.19,4.47,1.3,6.27,48.87,1.0,61.73,1,57.39,0.89,2.51,2024-02-07
S109545,7.14,5.56,0.31,4.09,33.62,6.57,54.33,2,68.47,1.75,3.49,2024-02-20
S109546,6.79,6.25,2.0,4.37,50.69,4.11,99.0,1,53.18,2.25,4.98,2024-02-11
S109547,9.12,4.98,5.28,10.0,59.57,4.37,57.62,5,41.68,2.32,3.48,2024-04-27
S109548,6.71,5.35,0.47,8.66,77.73,4.03,55.17,1,27.21,3.49,5.67,2024-03-30
S109549,8.63,9.89,0.39,7.14,36.52,2.5,45.43,1,59.68,2.76,1.15,2024-04-24
S109550,6.84,1.78,2.23,5.29,83.86,8.34,61.32,3,43.52,0.79,0.77,2024-03-23
S109551,6.1,6.25,3.14,2.22,42.92,6.41,91.14,5,57.6,2.6,0.48,2024-03-19
S109552,6.94,5.82,2.22,5.3,21.08,1.91,53.35,2,64.59,1.79,3.09,2024-02-03
S109553,6.81,9.41,0.82,5.89,15.97,7.48,17.46,2,63.61,2.75,3.7,2024-10-03
S109554,4.49,6.505,0.75,3.5,59.67,3.78,100.0,1,49.69,2.97,4.68,2024-02-29
S109555,9.23,7.88,0.68,4.89,39.41,5.42,58.45,1,68.6,2.35,5.45,2024-02-24
S109556,7.11,9.13,3.28,7.79,78.69,6.41,76.57,1,25.6,3.05,0.69,2024-02-10
S109557,9.41,6.505,1.54,5.43,23.85,1.47,70.92,0,72.62,18.58,13.88,2024-04-13
S109558,5.38,3.89,1.79,4.12,37.91,4.89,70.96,1,53.91,1.55,8.78,2024-04-23
S109559,5.88,4.59,1.64,4.96,31.55,8.43,66.78,2,56.26,1.37,2.05,2024-02-14
S109560,4.67,6.505,1.81,4.52,30.21,7.27,75.67,2,56.51,1.21,2.42,2024-03-23
S109561,6.16,8.89,0.97,3.08,23.77,5.59,51.28,2,68.97,3.43,3.94,2024-05-03
S109562,7.28,6.03,2.33,7.78,62.15,5.39,71.63,2,45.99,2.38,0.72,2024-03-04
S109563,9.27,6.505,0.43,4.4,69.19,2.25,37.43,1,57.31,2.91,1.32,2024-03-11
S109564,5.77,7.79,2.31,3.3,66.28,5.26,46.95,0,53.69,3.01,12.28,2024-02-28
S109565,5.95,9.99,0.33,5.0,40.81,5.21,54.9,1,52.68,1.7,0.8,2024-02-28
S109566,7.75,6.88,0.07,8.06,9.74,1.35,89.6,0,66.5,1.97,3.11,2024-03-26
S109567,7.1,8.91,0.81,6.72,38.91,2.21,67.9,1,51.05,2.75,0.42,2024-04-16
S109568,5.49,10.07,0.87,4.02,31.77,9.57,48.14,3,70.3,3.23,0.05,2024-04-03
S109569,5.76,8.68,1.23,6.83,66.73,6.79,60.54,1,37.68,4.95,8.76,2024-03-21
S109570,5.48,7.57,0.11,8.84,49.02,1.58,79.08,2,42.11,1.66,1.92,2024-04-16
S109571,8.06,8.17,0.02,3.48,51.5,7.94,57.82,1,69.42,9.8,3.42,2024-04-28
S109572,5.6,6.63,1.98,3.42,67.08,8.21,70.17,2,48.83,1.14,7.2,2024-04-26
S109573,5.93,13.24,4.7,9.98,12.99,5.91,69.33,0,55.89,13.95,0.78,2024-03-30
S109574,8.0,5.92,0.55,7.37,51.43,6.39,46.33,0,52.82,1.7,6.79,2024-02-26
S109575,5.59,5.15,2.32,3.7,50.26,4.12,33.7,1,52.34,10.23,0.4,2024-04-02
S109576,7.82,6.39,3.69,4.96,37.13,7.34,75.94,2,64.73,1.58,5.16,2024-03-08
S109577,4.42,6.09,0.63,5.53,50.09,5.78,33.63,1,43.4,2.11,0.16,2024-01-02
S109578,5.5,5.75,0.13,3.91,31.98,3.19,31.57,1,65.19,1.96,8.53,2024-03-27
S109579,8.29,11.12,3.27,4.93,51.1,7.22,30.86,2,54.81,5.23,0.38,2024-04-12
S109580,7.22,9.94,1.4,3.96,38.39,4.13,69.52,4,64.45,11.6,3.02,2024-04-25
S109581,5.12,4.22,1.19,8.17,28.88,4.1,66.26,0,52.14,1.2,3.26,2024-06-03
S109582,4.76,6.54,0.23,6.67,14.11,2.8,53.29,0,59.36,6.54,8.86,2024-03-20
S109583,4.11,6.51,0.18,7.38,41.78,5.12,82.85,1,38.56,1.39,3.46,2024-02-01
S109584,6.84,0.76,0.05,3.11,58.15,7.43,39.01,1,54.93,0.15,0.87,2024-04-26
S109585,6.02,5.68,1.16,7.57,21.32,6.44,37.36,1,61.58,1.4,3.59,2024-02-19
S109586,6.79,6.99,0.72,10.0,35.68,6.32,52.59,1,50.44,2.6,1.74,2024-02-23
S109587,6.25,6.99,0.25,3.4,49.42,7.71,86.22,2,59.0,9.84,2.38,2024-02-09
S109588,10.0,5.15,1.0,5.75,56.03,5.86,70.15,2,67.83,1.37,0.9,2024-02-06
S109589,8.09,7.91,0.19,6.59,25.0,4.37,43.26,2,61.04,1.32,4.83,2024-03-27
S109590,4.25,0.71,0.68,2.05,28.78,6.68,55.84,2,65.42,0.13,0.84,2024-03-29
S109591,6.72,4.92,2.42,5.05,50.76,6.17,90.27,3,53.19,0.74,1.54,2024-03-12
S109592,4.66,10.76,3.22,9.01,47.69,7.72,50.41,1,34.69,3.36,18.87,2024-02-25
S109593,6.67,3.91,1.35,3.93,35.26,10.0,63.72,3,60.57,1.3,2.18,2024-03-23
S109594,5.96,5.69,0.05,4.97,32.88,6.4,65.75,1,59.89,1.36,6.82,2024-06-02
S109595,6.69,11.64,0.35,4.54,30.47,6.98,64.97,0,74.12,4.8,2.66,2024-11-02
S109596,5.89,5.41,0.21,5.57,64.55,6.26,86.25,0,49.55,1.41,7.22,2024-02-02
S109597,3.46,4.3,1.47,3.37,49.82,6.25,52.98,0,54.83,0.93,1.42,2024-03-19
S109598,7.19,10.04,2.66,4.22,78.74,2.19,82.71,6,38.87,4.06,2.9,2024-02-18
S109599,3.81,8.96,1.32,4.75,57.51,6.85,48.04,5,43.75,3.25,3.27,2024-02-22
S109600,5.07,10.3,2.29,2.52,55.26,4.64,60.21,3,56.71,2.36,0.48,2024-02-18
S109601,5.32,6.86,2.86,5.73,37.61,5.53,89.76,1,48.05,3.48,4.23,2024-03-10
S109602,6.58,6.77,5.19,9.43,37.31,2.93,47.62,2,46.67,8.82,6.11,2024-04-16
S109603,4.66,1.69,1.07,7.76,39.82,6.82,81.87,2,44.3,0.67,2.7,2024-03-27
S109604,6.12,5.63,0.12,6.04,61.54,2.53,49.6,1,37.09,1.17,8.61,2024-02-29
S109605,6.45,10.32,0.59,4.53,27.86,8.96,72.52,1,66.95,2.32,6.0,2024-04-03
S109606,9.02,8.55,0.76,6.83,35.33,10.0,49.36,0,64.06,2.35,0.89,2024-09-03
S109607,5.43,5.57,1.66,2.95,52.13,9.24,30.39,2,55.91,5.12,10.72,2024-03-05
S109608,6.71,5.74,0.09,7.02,0.11,5.13,68.19,1,68.0,2.54,7.62,2024-03-18
S109609,7.27,11.48,1.28,9.03,48.7,6.79,68.39,4,41.75,4.12,1.77,2024-04-15
S109610,6.11,7.37,1.78,7.78,16.71,3.87,62.29,2,65.34,1.6,2.99,2024-04-23
S109611,6.62,6.45,0.62,4.22,31.55,6.38,55.42,7,68.07,1.71,0.94,2024-03-16
S109612,7.71,8.6,0.52,5.98,54.03,7.82,47.46,2,55.49,5.45,4.14,2024-04-28
S109613,5.45,8.03,4.81,6.26,43.4,3.39,65.18,2,52.88,2.39,0.78,2024-02-01
S109614,3.0,5.93,1.6,6.82,33.44,4.22,49.57,5,41.61,7.42,3.67,2024-02-06
S109615,5.96,2.58,0.9,7.08,30.42,6.23,77.51,1,49.96,3.96,1.81,2024-09-03
S109616,6.77,9.29,0.2,4.22,34.02,7.4,65.11,2,60.73,4.1,0.54,2024-04-18
S109617,7.07,6.76,1.66,6.73,66.64,3.71,56.19,3,42.52,1.05,1.05,2024-04-20
S109618,7.05,6.505,0.73,7.81,16.02,9.91,50.45,2,64.32,1.04,2.51,2024-02-23
S109619,7.99,12.14,0.04,6.25,64.98,7.64,57.52,4,43.27,5.38,0.57,2024-03-20
S109620,6.46,9.02,0.02,3.36,28.67,5.01,52.3,4,72.91,4.04,5.95,2024-08-02
S109621,5.54,3.64,0.67,9.18,28.03,4.79,69.52,3,47.65,1.16,0.7,2024-03-19
S109622,4.79,6.505,3.74,9.44,37.35,5.95,52.19,2,39.46,1.84,0.99,2024-03-30
S109623,4.54,5.14,0.13,10.0,77.93,8.36,75.33,0,24.94,1.33,0.27,2024-02-04
S109624,7.69,5.84,3.6,8.02,73.03,5.75,72.34,3,37.33,2.34,10.45,2024-02-16
S109625,5.51,5.37,0.55,2.91,70.13,7.34,69.2,2,50.89,1.18,0.08,2024-02-27
S109626,5.22,6.13,3.16,5.33,13.45,4.68,78.23,0,60.15,2.32,4.5,2024-03-19
S109627,8.42,5.71,0.81,9.9,43.03,2.45,29.9,2,49.4,1.97,5.53,2024-03-28
S109628,4.51,12.83,0.57,5.55,51.03,6.61,56.67,1,51.22,2.88,2.95,2024-04-14
S109629,7.54,10.38,0.09,6.89,32.54,4.75,41.67,1,57.74,8.33,2.02,2024-04-29
S109630,4.94,2.35,0.16,3.28,0.0,9.47,74.27,1,68.6,0.63,1.31,2024-04-10
S109631,5.6,9.29,1.5,7.01,33.61,4.38,52.81,0,46.72,2.11,3.18,2024-07-03
S109632,5.61,5.94,1.39,6.03,12.98,8.03,69.74,4,61.87,4.78,5.65,2024-04-23
S109633,6.86,5.21,0.26,5.18,71.62,4.01,77.12,1,47.36,2.03,4.61,2024-02-23
S109634,5.83,5.49,0.65,4.66,13.29,5.25,60.6,2,68.83,3.02,1.92,2024-04-23
S109635,7.62,8.55,2.33,5.6,60.6,5.22,84.4,1,49.56,17.78,1.91,2024-02-06
S109636,5.46,3.8,2.12,6.71,0.0,3.66,69.45,1,59.83,1.29,0.28,2024-03-30
S109637,8.93,9.14,1.06,9.2,27.07,6.38,50.83,1,68.4,2.27,11.17,2024-04-01
S109638,5.78,6.71,2.44,7.18,70.96,5.21,42.41,1,36.82,1.75,5.86,2024-03-15
S109639,3.78,10.56,5.28,4.03,34.02,5.63,49.6,4,51.87,6.34,5.66,2024-03-20
S109640,4.96,6.98,0.78,3.91,62.27,4.11,81.13,4,46.98,1.88,11.77,2024-02-03
S109641,4.98,9.26,6.99,7.37,42.67,9.13,57.9,3,44.12,2.86,6.83,2024-02-05
S109642,6.71,0.0,2.55,6.91,37.02,4.0,73.64,2,50.09,0.0,7.26,2024-02-05
S109643,4.39,6.81,0.48,7.9,48.38,4.62,38.23,1,39.11,1.06,3.83,2024-04-06
S109644,7.94,6.94,0.0,8.4,58.01,8.59,47.85,1,40.78,2.68,1.5,2024-02-02
S109645,5.03,4.44,0.29,3.66,82.49,5.63,59.98,1,39.07,1.01,1.99,2024-02-11
S109646,5.59,8.42,0.22,9.4,33.63,5.64,67.07,2,37.85,2.51,5.21,2024-04-20
S109647,7.81,11.28,1.52,3.75,45.87,3.59,70.23,1,68.27,2.5,3.27,2024-03-05
S109648,3.32,3.53,1.73,6.41,34.4,6.2,72.4,4,48.14,2.81,1.62,2024-03-16
S109649,9.27,3.52,3.08,3.18,28.57,6.35,54.49,1,83.07,0.92,2.12,2024-02-26
S109650,5.08,8.26,1.12,8.07,24.68,8.53,27.05,0,51.73,5.37,8.97,2024-04-17
S109651,3.59,5.72,4.23,3.98,0.0,1.88,80.03,2,64.93,2.06,2.92,2024-02-05
S109652,8.42,11.22,2.28,7.5,70.96,9.57,100.0,3,45.07,44.86,8.64,2024-02-13
S109653,6.0,7.18,1.88,4.91,50.77,3.15,87.32,1,51.14,4.94,3.57,2024-03-28
S109654,3.79,9.24,1.77,3.98,38.07,4.65,49.09,3,50.73,1.57,3.15,2024-04-02
S109655,7.19,2.89,0.06,7.75,35.94,3.88,24.94,1,60.42,0.51,13.85,2024-02-19
S109656,8.59,7.11,2.99,6.6,53.07,2.77,100.0,0,56.02,2.85,0.33,2024-02-29
S109657,8.59,5.99,4.94,4.54,55.45,4.04,45.06,1,63.07,3.98,2.33,2024-04-03
S109658,7.15,8.25,0.21,6.74,60.4,3.85,47.52,1,47.93,2.16,0.49,2024-02-25
S109659,4.91,9.11,1.99,7.98,60.32,6.85,90.9,5,43.74,2.54,5.68,2024-03-27
S109660,5.55,5.37,0.59,4.3,37.65,4.89,37.53,1,49.96,3.58,3.56,2024-03-26
S109661,7.48,4.04,0.81,6.67,38.54,6.86,52.92,3,54.69,1.97,1.87,2024-06-02
S109662,6.94,3.27,0.14,9.88,68.91,5.04,65.13,2,35.94,1.07,2.01,2024-03-14
S109663,5.9,9.73,5.19,3.93,49.79,6.82,30.4,1,55.92,4.83,0.61,2024-03-26
S109664,8.38,4.47,0.17,7.5,20.92,5.89,46.38,1,66.56,1.32,1.23,2024-02-07
S109665,4.5,8.98,1.4,2.03,66.52,5.15,43.82,1,51.72,1.96,5.84,2024-03-31
S109666,8.63,5.69,0.2,3.14,37.93,8.58,45.81,3,67.7,1.66,6.92,2024-02-16
S109667,4.75,7.35,0.95,5.9,33.46,2.52,71.43,1,48.79,3.1,7.36,2024-02-20
S109668,5.6,5.65,0.02,6.86,64.89,6.0,68.5,0,40.82,1.58,0.23,2024-03-06
S109669,6.18,6.97,2.64,5.99,42.84,5.2,56.78,1,56.49,1.52,0.83,2024-04-23
S109670,7.45,4.22,1.26,10.0,24.7,3.54,94.24,1,51.83,0.96,2.19,2024-04-20
S109671,8.03,3.71,1.14,4.16,20.35,8.15,49.58,3,78.13,3.04,2.36,2024-04-13
S109672,4.09,9.83,1.14,4.24,46.78,5.08,38.03,2,54.38,3.53,1.26,2024-03-09
S109673,4.99,7.82,1.81,5.99,84.47,6.4,43.09,0,34.04,5.04,15.99,2024-03-09
S109674,5.31,2.93,1.91,5.2,14.9,6.98,90.01,6,64.63,1.34,10.36,2024-04-13
S109675,6.11,5.07,2.08,5.69,60.73,3.78,39.08,4,48.48,2.7,0.37,2024-04-10
S109676,5.16,6.29,0.18,4.05,5.17,3.31,57.26,2,73.32,1.49,4.91,2024-02-04
S109677,4.74,5.15,0.25,8.89,38.44,5.77,67.99,1,47.61,4.97,0.96,2024-04-28
S109678,8.47,7.84,0.65,4.52,86.01,2.77,55.65,3,46.65,2.78,13.87,2024-02-05
S109679,7.34,8.94,1.43,7.5,28.23,6.14,65.39,2,60.82,1.92,4.57,2024-04-24
S109680,6.36,8.25,0.9,5.72,58.74,4.44,66.07,2,41.17,3.1,0.3,2024-04-13
S109681,7.64,2.93,1.51,3.16,61.94,4.9,48.53,3,58.47,0.88,0.16,2024-03-15
S109682,6.0,1.17,4.68,6.98,70.2,5.52,73.66,2,39.72,0.3,1.54,2024-03-14
S109683,4.11,6.55,2.67,3.18,77.15,6.86,46.51,1,42.79,2.99,3.23,2024-03-07
S109684,3.65,7.21,0.03,7.88,68.52,1.67,69.86,2,32.26,1.95,3.19,2024-04-27
S109685,7.2,7.34,0.5,8.83,75.78,6.01,88.46,3,41.61,1.16,3.04,2024-07-04
S109686,6.22,5.83,0.76,3.92,8.17,4.37,34.46,3,74.38,2.33,5.66,2024-09-03
S109687,6.19,4.24,0.76,5.19,36.36,7.67,44.6,2,61.69,16.95,6.45,2024-02-29
S109688,4.88,5.32,0.85,4.47,29.79,8.09,88.95,3,52.88,0.95,0.95,2024-03-04
S109689,6.53,5.04,3.57,7.96,69.58,6.3,59.41,0,37.98,1.11,0.21,2024-02-27
S109690,6.66,8.75,8.0,5.86,42.25,6.34,76.35,4,55.87,2.14,0.31,2024-02-23
S109691,8.3,6.5,0.13,5.69,24.93,7.04,22.05,3,70.95,26.01,7.45,2024-12-04
S109692,8.17,7.12,1.05,4.38,35.52,7.06,91.7,4,64.9,1.2,3.22,2024-03-18
S109693,5.43,5.61,0.02,7.83,36.47,4.95,70.71,1,50.69,1.44,1.9,2024-04-15
S109694,8.97,8.6,1.43,9.68,52.76,7.11,66.56,1,51.43,2.52,5.26,2024-03-19
S109695,7.67,9.43,1.95,7.22,42.42,2.83,79.27,6,51.35,1.58,7.85,2024-02-21
S109696,8.53,5.13,1.06,4.22,34.75,3.49,42.96,3,65.74,1.17,4.51,2024-04-24
S109697,6.11,6.505,1.87,5.93,45.58,1.38,90.75,5,47.43,1.31,0.2,2024-04-08
S109698,7.82,6.09,1.38,6.53,0.0,4.95,100.0,1,68.95,2.7,9.51,2024-02-01
S109699,4.08,6.78,2.75,4.57,74.09,6.32,78.88,4,43.73,1.75,2.33,2024-03-28
S109700,8.06,8.43,0.74,5.93,35.38,3.38,51.74,1,62.08,5.53,2.39,2024-03-14
S109701,5.29,6.0,1.95,9.5,21.64,4.84,91.27,4,53.94,1.26,8.69,2024-02-02
S109702,6.96,6.26,1.18,4.65,39.54,9.64,78.4,1,59.03,1.64,6.9,2024-03-03
S109703,5.39,11.7,1.1,3.39,28.71,7.79,81.01,2,65.2,2.76,7.42,2024-03-04
S109704,6.37,10.11,0.15,5.93,11.12,7.57,79.18,1,64.46,40.46,0.2,2024-03-05
S109705,6.46,13.92,3.02,4.25,87.75,10.0,59.64,6,44.84,8.34,2.73,2024-03-22
S109706,4.49,4.87,5.67,7.17,51.09,7.11,73.58,3,38.0,4.68,7.72,2024-03-08
S109707,6.56,7.1,0.7,4.65,48.41,2.62,81.45,1,50.08,3.86,5.81,2024-02-03
S109708,7.75,5.73,1.05,7.43,30.92,7.43,51.73,2,54.31,1.43,17.18,2024-03-18
S109709,6.5,6.37,0.17,5.26,19.75,5.69,48.31,0,68.77,2.25,2.36,2024-04-07
S109710,8.01,3.21,0.28,7.06,32.85,4.66,100.0,1,61.2,1.03,6.89,2024-02-19
S109711,9.68,2.85,3.16,4.89,69.46,2.85,43.7,5,53.59,2.12,10.06,2024-01-03
S109712,6.55,6.38,0.2,5.26,52.1,3.56,33.15,4,60.23,1.74,1.75,2024-03-10
S109713,8.35,5.78,0.32,8.08,43.81,8.21,66.19,1,50.8,1.29,0.17,2024-03-04
S109714,6.64,5.32,8.0,6.23,1.95,7.56,43.13,4,76.2,1.0,0.56,2024-02-15
S109715,4.73,6.51,0.37,5.01,40.18,7.63,100.0,1,56.39,2.68,2.71,2024-03-17
S109716,7.52,3.38,1.0,2.01,46.53,1.75,77.84,2,62.21,1.13,5.19,2024-02-06
S109717,4.63,4.49,3.83,7.15,16.96,8.56,48.71,1,48.49,0.85,2.21,2024-04-24
S109718,6.44,7.26,2.4,7.66,10.24,4.94,78.15,2,61.89,2.08,2.95,2024-04-29
S109719,9.66,6.89,1.32,6.0,76.01,7.87,20.19,4,46.69,1.7,8.65,2024-03-02
S109720,5.36,5.08,2.17,1.0,22.72,8.16,42.19,2,75.77,0.91,1.11,2024-06-03
S109721,4.75,14.0,0.79,3.51,23.39,3.8,67.53,2,61.89,3.69,12.17,2024-04-05
S109722,5.83,11.07,0.58,1.86,51.23,4.21,49.34,4,53.97,5.24,0.49,2024-06-02
S109723,7.0,7.3,0.75,3.75,70.57,5.12,66.86,0,55.9,1.16,2.75,2024-11-03
S109724,7.59,4.29,0.22,3.98,66.62,7.67,71.85,3,55.94,1.0,2.5,2024-04-20
S109725,5.53,1.97,0.51,4.69,33.68,1.95,70.47,2,64.02,0.46,2.68,2024-04-13
S109726,5.46,4.57,2.11,9.98,53.69,5.59,57.77,1,33.38,0.92,4.49,2024-04-18
S109727,7.23,7.98,1.0,3.1,72.22,7.42,59.37,2,52.09,2.63,1.41,2024-11-03
S109728,6.26,4.23,0.62,8.56,18.15,6.39,59.93,0,60.49,2.15,2.41,2024-02-13
S109729,7.84,8.94,0.75,7.07,10.5,9.67,76.58,4,60.38,35.75,1.61,2024-02-09
S109730,5.19,6.85,1.64,6.07,13.25,4.3,75.41,1,70.33,2.19,11.66,2024-02-13
S109731,8.4,6.13,1.21,5.97,24.0,7.05,18.27,6,62.34,2.26,1.44,2024-03-28
S109732,6.76,5.62,0.98,7.92,55.36,3.83,71.64,1,51.71,13.07,1.17,2024-02-23
S109733,6.29,6.47,0.32,3.7,65.84,10.0,91.09,2,50.38,4.25,0.81,2024-04-27
S109734,4.04,2.15,0.08,7.25,33.31,6.79,62.15,1,44.15,0.65,2.1,2024-06-03
S109735,5.9,4.13,0.0,6.18,55.19,5.45,66.58,3,45.17,1.27,1.26,2024-02-14
S109736,6.21,7.97,0.62,1.92,46.28,4.53,56.11,1,68.75,1.45,2.44,2024-04-21
S109737,8.0,5.11,1.09,2.88,27.72,7.08,53.01,4,69.69,1.34,0.8,2024-02-24
S109738,6.61,4.55,2.03,5.91,47.08,6.65,53.19,3,52.89,1.34,14.92,2024-04-27
S109739,4.91,4.16,2.84,7.24,0.0,7.65,71.95,4,61.77,1.38,3.95,2024-02-10
S109740,4.37,8.81,5.83,10.0,31.17,6.76,75.38,1,42.61,1.64,4.25,2024-04-22
S109741,7.64,7.91,1.66,6.15,57.24,7.53,60.31,1,47.4,1.62,4.34,2024-04-13
S109742,4.68,4.77,2.67,2.62,55.29,1.97,52.36,4,55.61,0.94,1.28,2024-04-01
S109743,8.87,10.59,0.23,2.97,18.37,7.49,69.9,2,76.79,2.63,6.27,2024-09-02
S109744,6.73,6.71,0.96,6.07,45.58,6.67,66.31,0,49.09,1.0,1.21,2024-03-28
S109745,5.61,8.52,0.58,6.65,60.58,6.27,45.25,0,43.19,1.93,1.0,2024-03-31
S109746,5.16,6.76,0.21,3.16,49.62,4.9,59.13,2,60.25,1.99,0.14,2024-02-25
S109747,8.36,7.0,1.44,5.27,0.0,1.63,83.8,3,71.19,1.35,0.58,2024-03-02
S109748,6.14,5.62,1.91,5.88,14.09,3.63,70.3,2,69.78,1.76,2.82,2024-04-27
S109749,6.6,4.74,0.02,8.38,55.25,7.22,63.28,1,41.37,1.84,3.54,2024-03-26
S109750,3.45,5.03,2.13,6.34,63.19,7.0,70.92,2,40.07,2.12,4.5,2024-02-29
S109751,6.56,5.53,0.29,8.48,18.68,3.77,83.87,1,59.36,1.38,7.32,2024-04-04
S109752,4.88,4.82,5.16,4.48,31.7,8.19,78.32,3,59.54,2.9,7.5,2024-04-01
S109753,3.06,7.47,0.4,9.39,65.45,5.66,35.89,1,18.59,6.92,1.98,2024-03-25
S109754,6.0,3.41,1.27,4.72,63.17,5.12,67.63,2,50.11,1.73,1.43,2024-04-07
S109755,6.15,6.45,1.34,1.16,43.52,9.86,46.63,0,64.46,1.29,1.13,2024-02-18
S109756,4.55,3.21,1.4,4.77,54.09,6.66,43.77,0,41.37,1.39,0.51,2024-04-16
S109757,10.0,12.51,2.51,8.39,50.13,5.79,44.08,0,50.84,5.32,0.72,2024-03-03
S109758,4.65,5.83,0.26,9.01,51.01,5.98,61.62,3,37.36,3.13,5.52,2024-03-12
S109759,5.04,6.2,0.81,7.1,35.05,6.86,73.79,4,36.88,6.87,1.33,2024-04-13
S109760,6.73,9.34,0.3,4.43,23.67,3.31,58.51,1,67.09,2.4,2.35,2024-02-04
S109761,6.79,5.85,0.93,5.91,53.83,4.83,55.79,3,49.88,1.11,7.39,2024-03-05
S109762,6.73,4.81,0.61,9.75,54.93,5.11,29.04,1,39.93,2.89,1.79,2024-01-03
S109763,5.94,7.11,0.13,8.86,52.28,3.85,43.25,2,36.83,4.67,2.18,2024-02-13
S109764,8.55,8.8,0.11,1.12,49.85,3.56,52.08,2,74.93,1.69,1.28,2024-04-05
S109765,5.16,8.44,2.09,3.37,58.55,6.54,76.32,3,51.88,6.81,1.31,2024-06-03
S109766,3.65,8.91,0.35,2.92,35.6,7.01,32.09,2,56.09,3.98,8.77,2024-04-17
S109767,4.81,6.29,0.09,5.23,79.08,4.76,79.36,2,34.25,1.31,2.15,2024-02-27
S109768,6.11,8.88,4.93,5.4,46.21,6.97,38.75,2,58.38,3.75,0.75,2024-04-15
S109769,6.44,4.89,0.22,5.79,57.17,4.32,64.42,0,48.55,2.04,2.37,2024-03-01
S109770,9.21,6.505,0.13,10.0,32.42,3.78,66.31,1,55.86,2.62,9.38,2024-04-19
S109771,6.2,8.28,0.32,5.53,21.01,9.34,32.23,1,65.32,2.8,0.38,2024-04-16
S109772,5.66,11.79,2.67,4.8,37.27,7.33,51.99,0,58.36,4.07,0.45,2024-02-12
S109773,5.54,4.63,2.41,7.98,64.43,6.56,18.94,2,34.1,3.37,0.29,2024-03-12
S109774,5.13,10.89,0.57,2.94,27.36,6.7,76.3,2,70.11,2.54,3.59,2024-04-16
S109775,7.37,8.43,0.72,10.0,23.13,4.97,51.43,1,56.64,5.12,0.84,2024-04-22
S109776,4.59,6.2,0.48,6.71,30.69,6.81,66.05,0,55.07,9.31,9.42,2024-10-03
S109777,8.32,6.61,1.09,1.32,64.35,4.14,97.5,4,65.29,1.72,15.08,2024-03-31
S109778,4.95,10.31,5.59,6.48,54.1,5.05,74.11,1,48.21,3.57,8.45,2024-04-25
S109779,5.36,4.68,0.13,4.74,67.57,7.74,94.73,2,42.34,1.74,4.09,2024-03-11
S109780,6.39,7.63,0.49,8.27,4.67,2.95,40.26,0,59.35,2.01,0.72,2024-05-02
S109781,3.95,11.64,0.65,7.46,12.57,4.32,80.16,3,50.91,2.33,0.78,2024-04-28
S109782,6.51,3.44,0.05,7.09,53.0,2.27,48.18,3,43.7,2.23,4.06,2024-03-31
S109783,6.29,4.45,1.65,4.58,47.03,9.52,44.3,1,61.8,1.48,3.41,2024-07-02
S109784,8.27,3.75,3.57,9.87,39.68,6.5,57.52,2,44.9,13.42,3.01,2024-03-11
S109785,7.38,7.58,1.36,4.4,37.02,2.3,44.87,1,61.85,9.08,8.9,2024-03-14
S109786,3.0,1.93,0.26,10.0,37.13,3.15,64.89,0,31.2,0.8,3.32,2024-03-02
S109787,6.85,11.41,0.19,4.24,59.25,6.71,89.31,3,60.59,8.28,1.17,2024-02-04
S109788,4.87,7.81,3.23,3.76,42.07,6.05,88.66,1,58.0,4.3,0.62,2024-02-08
S109789,4.9,10.11,0.44,4.49,6.63,6.0,62.56,2,68.88,1.59,3.36,2024-04-10
S109790,5.1,6.35,2.23,6.41,38.64,7.34,62.01,1,46.89,2.67,0.06,2024-02-08
S109791,9.22,6.27,1.82,6.56,16.56,6.21,34.96,3,73.16,1.45,8.71,2024-03-18
S109792,5.69,3.57,0.36,9.33,30.81,1.69,23.4,3,39.36,0.75,0.03,2024-02-04
S109793,6.33,7.32,4.54,6.56,54.62,5.38,43.33,0,52.21,4.53,1.39,2024-03-10
S109794,7.62,6.45,0.95,6.44,50.39,2.54,68.64,2,50.43,2.29,7.58,2024-02-04
S109795,8.96,7.39,0.83,7.32,50.19,3.25,100.0,2,51.87,2.98,1.66,2024-02-20
S109796,5.76,2.03,0.1,6.49,48.9,4.4,71.38,3,38.68,0.32,0.78,2024-03-11
S109797,6.52,4.68,0.4,6.66,19.15,4.86,45.66,0,59.96,0.88,0.48,2024-02-25
S109798,6.69,6.95,1.85,8.72,49.92,6.18,69.84,1,42.09,27.79,3.63,2024-03-21
S109799,6.44,6.34,1.68,5.34,61.25,5.87,75.37,2,57.28,2.33,0.58,2024-03-30
S109800,6.01,5.88,0.01,6.24,37.74,5.29,84.59,1,51.72,1.87,2.21,2024-02-27
S109801,4.67,6.79,0.44,6.63,46.96,4.71,68.18,0,46.72,2.87,1.21,2024-04-26
S109802,5.56,2.89,0.89,4.78,24.74,7.68,30.14,1,58.83,0.4,6.74,2024-02-23
S109803,5.15,7.51,0.45,1.0,34.3,2.66,53.57,2,67.91,2.78,3.58,2024-03-03
S109804,4.87,4.85,0.14,3.52,77.73,3.82,49.9,5,41.9,1.78,1.27,2024-04-19
S109805,5.52,9.99,0.48,5.47,28.94,9.15,58.21,1,57.47,3.39,0.17,2024-03-10
S109806,6.21,6.69,2.42,3.9,39.44,4.69,80.17,1,69.87,1.37,2.2,2024-03-20
S109807,5.33,9.11,2.17,8.16,0.0,5.22,22.15,2,63.81,10.85,1.81,2024-02-07
S109808,5.73,6.17,1.67,7.37,4.48,8.35,69.38,0,56.03,1.9,1.52,2024-06-03
S109809,7.6,7.28,1.35,6.15,70.94,3.25,54.56,3,45.8,7.75,1.32,2024-02-28
S109810,7.37,5.5,7.67,3.97,55.78,7.01,91.98,3,58.49,15.39,2.22,2024-02-14
S109811,4.9,5.33,0.22,8.47,28.32,3.02,47.33,2,45.14,1.42,0.44,2024-03-28
S109812,3.69,3.85,1.52,4.52,42.08,1.36,45.77,2,42.33,1.04,2.12,2024-04-07
S109813,9.96,6.31,1.97,6.67,24.31,9.0,75.7,3,66.29,1.92,0.2,2024-03-29
S109814,6.02,9.02,2.15,9.66,37.07,7.96,65.35,3,42.25,1.17,4.55,2024-04-14
S109815,8.85,7.42,1.82,4.15,56.16,5.34,27.18,3,55.88,17.82,2.2,2024-06-03
S109816,6.23,4.82,0.15,4.77,14.26,2.83,57.3,1,69.99,1.65,2.77,2024-02-23
S109817,8.86,5.86,0.81,7.94,42.68,8.04,62.53,1,57.56,16.62,8.08,2024-03-20
S109818,6.93,6.14,3.15,8.43,61.71,4.56,68.53,1,37.97,1.36,1.18,2024-04-15
S109819,6.2,3.08,0.46,7.75,22.2,2.12,45.24,0,52.94,0.8,0.85,2024-02-25
S109820,5.49,5.76,0.11,5.42,40.84,3.06,72.36,2,52.08,1.73,0.06,2024-02-11
S109821,6.07,4.78,0.47,2.64,57.57,7.45,58.49,2,53.78,19.11,4.07,2024-02-21
S109822,4.99,12.83,0.25,10.0,42.18,10.0,74.15,0,32.38,6.49,15.58,2024-03-29
S109823,6.73,5.35,0.41,3.83,41.67,4.83,73.4,0,64.15,2.44,4.23,2024-06-03
S109824,6.24,8.35,0.09,9.1,33.81,7.42,69.69,2,49.68,3.61,9.25,2024-03-25
S109825,7.07,5.11,2.72,9.02,40.85,10.0,73.56,0,50.31,1.84,1.19,2024-03-17
S109826,7.09,5.24,0.43,5.05,27.36,1.0,40.42,3,58.78,1.23,2.79,2024-03-12
S109827,4.73,6.29,0.37,4.86,38.1,4.22,55.71,0,55.56,3.48,0.19,2024-03-23
S109828,6.75,6.06,0.0,5.65,54.57,4.46,30.77,1,58.98,1.55,6.28,2024-03-28
S109829,6.36,2.78,0.21,6.23,25.22,10.0,71.47,2,59.18,0.9,3.96,2024-03-31
S109830,7.85,3.21,0.87,2.43,71.07,6.55,50.7,2,55.77,0.94,7.87,2024-03-21
S109831,8.67,8.35,0.27,3.55,12.38,5.9,54.22,3,77.02,1.5,2.9,2024-04-06
S109832,5.73,3.98,1.0,4.3,67.48,7.24,78.83,1,47.21,0.86,0.99,2024-02-01
S109833,3.26,9.03,2.18,3.71,31.61,1.87,79.12,1,55.35,3.31,2.4,2024-02-06
S109834,6.24,4.59,1.13,6.89,23.48,1.92,52.81,1,58.6,4.42,7.85,2024-04-03
S109835,6.22,6.38,2.12,4.42,81.9,5.41,72.79,3,43.99,0.94,10.7,2024-02-20
S109836,4.87,3.1,2.86,9.7,28.5,6.26,57.77,1,40.98,12.39,1.3,2024-04-01
S109837,6.89,5.7,0.22,8.18,32.31,6.63,50.5,4,52.8,1.11,0.44,2024-03-26
S109838,5.95,1.2,2.78,9.67,35.67,4.06,32.07,1,42.79,0.32,1.66,2024-04-26
S109839,7.24,9.47,3.08,6.38,15.47,3.07,69.6,2,57.07,1.92,7.81,2024-11-02
S109840,4.48,10.83,1.32,3.37,31.94,3.42,31.21,1,65.95,2.9,7.53,2024-03-30
S109841,6.68,7.55,0.05,8.59,32.75,8.17,37.33,3,46.84,1.97,14.08,2024-09-02
S109842,6.0,3.79,1.38,2.81,41.52,8.07,39.44,0,65.55,0.72,0.83,2024-04-06
S109843,5.98,6.505,1.45,5.23,14.53,1.6,63.56,1,66.38,1.97,0.76,2024-03-19
S109844,7.68,4.41,0.1,8.8,57.0,6.44,87.15,1,43.24,7.65,3.3,2024-03-13
S109845,5.41,3.45,0.34,4.54,7.14,4.0,71.57,1,70.5,0.66,5.51,2024-04-04
S109846,5.71,7.55,2.35,5.38,37.11,5.53,71.48,1,54.01,1.51,0.35,2024-02-26
S109847,7.38,7.28,0.26,4.34,0.0,5.84,67.81,2,80.7,2.82,3.37,2024-04-17
S109848,4.09,2.97,1.39,7.94,47.02,4.74,59.01,0,37.41,1.18,16.28,2024-02-13
S109849,7.27,8.62,2.23,4.74,24.22,6.31,60.64,0,66.88,2.54,8.3,2024-03-31
S109850,5.24,7.68,0.32,3.87,1.29,3.94,56.36,0,75.99,3.25,1.66,2024-02-15
S109851,3.0,4.25,0.72,6.1,60.15,5.42,67.42,0,36.57,1.99,2.67,2024-06-04
S109852,8.31,6.43,3.34,5.2,49.07,4.16,43.88,0,62.4,1.17,1.0,2024-02-07
S109853,8.63,3.97,0.15,3.36,35.22,5.42,60.46,0,63.97,3.81,5.34,2024-03-13
S109854,6.4,7.28,3.72,9.0,48.51,2.78,79.96,1,38.49,4.99,2.48,2024-04-18
S109855,4.8,9.03,2.85,5.97,31.36,7.47,11.68,0,58.42,2.46,1.7,2024-03-15
S109856,3.7,9.87,0.56,5.81,36.65,8.29,79.39,4,47.93,3.46,3.32,2024-02-17
S109857,6.7,7.07,0.78,6.82,56.18,9.94,63.97,1,44.01,1.52,4.85,2024-04-28
S109858,8.44,4.46,0.97,9.3,29.43,6.38,81.23,2,60.0,1.15,0.55,2024-02-25
S109859,4.08,5.58,0.39,5.67,53.99,2.14,47.56,2,48.19,2.51,6.79,2024-03-03
S109860,6.17,6.505,0.09,8.97,55.41,6.34,44.53,1,40.68,3.69,0.44,2024-02-18
S109861,8.49,5.51,0.0,5.87,58.25,3.83,43.14,4,48.9,2.0,7.65,2024-04-03
S109862,7.39,7.52,3.11,6.02,48.79,8.96,56.57,3,50.97,5.64,0.61,2024-02-13
S109863,5.97,7.39,0.24,5.43,26.13,4.92,67.68,2,55.71,1.93,0.03,2024-04-27
S109864,9.19,7.53,2.18,8.18,35.57,8.22,63.06,2,49.64,30.13,3.11,2024-03-06
S109865,4.38,4.84,0.81,7.68,68.89,5.42,65.94,3,29.51,2.05,1.16,2024-04-28
S109866,6.98,4.78,2.27,6.94,31.69,7.19,50.15,3,64.62,1.35,3.75,2024-03-27
S109867,7.75,4.67,1.15,5.33,76.31,7.81,43.56,0,45.16,1.2,0.31,2024-02-15
S109868,4.27,6.29,2.56,4.13,32.0,3.9,86.74,2,53.19,1.55,2.55,2024-04-09
S109869,5.52,5.56,1.74,3.97,21.95,4.89,58.4,2,64.19,1.81,4.14,2024-02-20
S109870,5.63,7.83,1.11,4.03,65.16,4.22,19.46,0,49.6,3.74,2.63,2024-02-17
S109871,10.0,5.9,2.28,6.84,48.72,6.01,82.99,0,60.21,23.6,1.51,2024-02-26
S109872,6.14,2.25,0.43,4.49,38.74,4.12,62.53,2,61.58,2.33,3.51,2024-03-10
S109873,6.08,4.75,0.27,9.44,90.38,6.69,61.49,4,23.35,1.73,20.0,2024-02-23
S109874,5.43,6.3,1.22,3.28,33.08,7.3,43.36,2,74.53,25.2,1.05,2024-04-16
S109875,9.96,7.61,1.05,3.46,21.18,5.47,25.26,3,80.4,5.05,1.26,2024-03-06
S109876,9.14,4.66,0.17,2.9,22.38,3.85,45.13,2,81.65,6.8,4.17,2024-04-26
S109877,4.98,4.06,1.19,7.02,49.9,9.1,70.54,1,45.46,1.58,8.59,2024-04-07
S109878,5.16,7.11,2.76,4.93,52.71,3.45,76.22,1,47.62,3.4,1.56,2024-04-15
S109879,7.11,6.04,1.74,5.07,43.84,4.83,73.69,1,61.45,2.07,3.43,2024-02-23
S109880,6.55,10.56,0.23,4.83,43.98,5.21,37.24,1,57.54,2.46,7.66,2024-04-06
S109881,6.8,5.66,3.08,8.62,62.19,5.5,65.83,2,37.02,11.48,9.33,2024-04-27
S109882,5.21,8.03,0.19,2.79,32.29,7.74,51.65,2,66.68,2.09,8.29,2024-02-29
S109883,3.64,5.2,3.24,8.62,52.27,8.21,63.59,1,34.72,2.26,2.69,2024-03-20
S109884,6.49,3.65,3.3,5.08,45.87,2.18,57.68,0,59.81,2.51,1.3,2024-03-10
S109885,4.89,7.08,0.53,9.89,44.69,6.28,42.15,3,38.16,3.78,1.95,2024-03-27
S109886,10.0,6.07,0.98,5.54,45.18,4.05,54.94,2,70.51,1.66,2.36,2024-03-20
S109887,6.55,8.42,0.28,2.32,11.49,3.58,71.0,3,75.29,1.77,2.29,2024-09-04
S109888,6.68,7.68,0.88,7.94,21.43,9.44,56.75,3,59.0,2.59,0.47,2024-04-10
S109889,6.9,1.54,2.22,6.11,43.24,2.76,63.01,1,57.12,0.4,3.68,2024-04-20
S109890,5.39,6.76,0.63,3.31,39.45,7.88,56.96,0,57.67,1.54,3.2,2024-04-06
S109891,6.59,5.27,0.75,2.7,34.08,4.57,50.91,1,68.57,1.59,15.29,2024-03-14
S109892,4.7,5.96,2.71,7.79,2.44,3.61,68.41,2,64.75,2.07,7.65,2024-04-03
S109893,6.31,5.76,8.0,6.22,47.97,9.7,28.49,2,51.77,5.85,0.72,2024-03-02
S109894,6.99,3.4,0.08,6.18,33.69,6.68,79.46,3,61.38,0.64,5.26,2024-02-26
S109895,6.35,9.14,0.37,5.07,7.51,5.6,91.31,0,71.53,4.79,2.77,2024-03-24
S109896,3.0,0.0,1.5,4.57,79.67,5.16,36.15,1,35.48,0.0,0.83,2024-03-17
S109897,7.13,6.13,0.63,7.65,68.11,10.0,26.53,1,45.34,3.1,0.44,2024-04-10
S109898,5.17,4.0,1.44,1.65,50.47,1.44,36.82,1,59.62,1.46,1.69,2024-04-24
S109899,7.7,2.82,1.01,7.03,41.05,5.04,27.27,3,63.35,0.81,4.76,2024-04-16
S109900,6.43,2.56,1.49,7.6,15.75,8.01,72.51,1,60.0,5.28,2.14,2024-04-27
S109901,6.28,4.54,1.31,5.92,71.22,3.7,88.18,2,41.25,18.18,10.16,2024-03-07
S109902,7.0,2.92,4.85,6.92,72.18,6.55,59.89,2,37.24,0.76,2.03,2024-03-04
S109903,5.37,5.47,0.14,9.46,5.68,9.5,88.75,5,57.91,2.05,8.17,2024-04-23
S109904,6.38,5.76,1.08,6.59,34.69,8.9,46.73,2,59.7,6.52,0.57,2024-03-14
S109905,5.79,5.16,0.9,5.53,37.06,6.49,57.75,2,57.76,1.11,2.24,2024-02-28
S109906,7.11,0.7,2.78,6.88,32.19,3.66,52.01,2,54.44,0.2,16.08,2024-04-17
S109907,7.62,6.58,0.01,10.0,28.52,3.42,68.45,2,55.42,1.51,3.44,2024-03-25
S109908,5.13,6.78,1.21,1.79,31.14,4.62,59.9,4,72.44,27.1,11.1,2024-02-17
S109909,5.68,6.505,2.73,5.75,37.95,4.1,28.64,1,58.45,1.55,0.14,2024-04-09
S109910,5.15,7.14,0.17,1.47,70.41,8.03,71.79,3,58.82,2.48,1.12,2024-02-25
S109911,8.92,6.81,1.11,5.42,27.96,4.62,39.89,2,64.05,5.06,1.61,2024-04-29
S109912,5.19,3.75,1.33,7.27,73.04,7.55,54.47,1,33.43,1.05,13.53,2024-03-18
S109913,6.21,8.98,0.32,5.44,44.37,8.69,46.98,0,52.67,6.94,3.45,2024-02-27
S109914,5.98,6.74,0.56,4.16,62.24,2.87,59.53,1,48.89,1.68,0.62,2024-04-29
S109915,4.98,7.98,4.86,8.79,42.66,6.71,44.87,4,41.02,1.36,0.11,2024-02-19
S109916,7.11,5.95,6.47,5.23,29.26,5.02,76.88,1,63.13,1.35,1.57,2024-02-29
S109917,5.91,6.505,0.62,4.62,43.53,2.43,68.29,3,56.4,2.52,5.91,2024-03-18
S109918,7.82,6.9,0.33,5.52,45.25,3.41,77.26,2,63.45,8.71,6.08,2024-03-16
S109919,4.99,5.37,3.31,4.96,43.43,7.06,89.32,1,50.97,1.56,3.24,2024-04-04
S109920,6.81,2.41,0.5,7.43,38.4,5.16,57.23,0,50.81,1.66,9.7,2024-04-29
S109921,9.51,5.09,0.93,7.94,51.92,7.53,71.81,2,57.89,1.9,0.52,2024-02-22
S109922,7.61,3.72,3.53,5.54,45.82,7.93,80.86,2,59.53,2.56,5.67,2024-03-14
S109923,6.31,3.62,2.73,6.01,42.68,10.0,69.34,1,48.03,1.31,6.3,2024-03-01
S109924,7.63,7.84,1.44,6.46,54.47,2.78,56.04,3,49.53,2.84,2.4,2024-01-04
S109925,4.59,9.39,1.41,7.18,51.45,5.51,73.33,1,41.04,3.1,5.48,2024-04-21
S109926,7.03,7.96,4.85,4.75,1.09,6.33,29.34,1,81.44,2.66,1.09,2024-03-28
S109927,6.86,8.75,0.2,4.57,37.88,4.81,64.19,0,65.26,3.29,2.72,2024-02-03
S109928,7.08,4.17,1.87,6.99,36.42,5.35,78.12,3,56.21,0.89,0.93,2024-04-24
S109929,7.1,8.64,1.13,2.68,31.35,3.68,42.08,3,75.62,3.38,2.81,2024-02-26
S109930,7.37,3.77,0.15,3.44,35.35,3.25,34.99,0,73.53,2.49,4.58,2024-02-19
S109931,5.46,3.32,2.28,6.53,71.13,3.95,85.17,1,36.66,0.82,0.01,2024-02-08
S109932,5.58,5.1,0.39,3.18,41.0,7.05,48.77,3,55.58,3.21,0.38,2024-02-29
S109933,4.85,4.86,0.15,6.61,47.68,7.33,67.65,1,41.11,8.09,2.64,2024-03-04
S109934,7.03,6.97,2.79,4.08,49.98,5.08,79.02,2,59.9,1.21,0.41,2024-03-27
S109935,3.74,7.3,1.73,5.18,26.22,5.55,68.27,1,52.03,3.37,1.73,2024-04-24
S109936,6.16,6.38,0.38,9.49,55.99,4.95,74.2,3,35.82,1.69,8.34,2024-02-05
S109937,5.13,7.87,3.42,7.6,36.53,6.95,62.93,3,46.93,2.41,4.08,2024-02-17
S109938,6.6,4.52,0.2,4.42,75.54,8.09,36.93,3,46.1,18.09,1.18,2024-02-09
S109939,9.51,3.84,2.39,5.91,35.67,2.61,45.02,2,67.85,1.18,0.13,2024-03-22
S109940,5.55,7.22,2.29,6.61,32.91,7.49,57.56,1,52.59,1.8,1.48,2024-02-07
S109941,7.86,9.55,0.03,9.66,68.18,10.0,100.0,0,39.16,1.95,13.52,2024-04-13
S109942,8.3,7.8,0.83,5.54,61.01,9.89,53.92,2,53.94,1.67,1.71,2024-03-07
S109943,4.7,5.14,0.4,8.57,2.12,4.15,86.42,0,56.03,1.83,0.86,2024-04-13
S109944,6.07,8.16,1.5,5.59,42.03,3.89,73.77,0,53.17,2.49,2.31,2024-10-02
S109945,6.67,6.0,4.81,1.0,62.51,2.59,76.87,2,51.42,1.14,5.38,2024-03-16
S109946,5.11,5.99,0.73,6.59,62.45,6.7,46.44,2,41.72,1.59,7.81,2024-03-04
S109947,5.69,6.02,2.56,5.01,33.57,5.13,49.51,2,55.87,1.9,0.33,2024-03-20
S109948,5.99,5.76,1.13,5.41,40.57,7.02,54.32,1,56.03,1.93,1.62,2024-04-29
S109949,6.54,9.68,3.14,5.91,92.96,1.97,78.3,1,31.15,3.1,7.87,2024-10-02
S109950,5.55,8.55,2.51,6.57,38.0,5.65,31.47,2,46.73,5.69,1.81,2024-03-01
S109951,7.93,8.46,1.22,5.68,57.01,4.48,73.05,3,57.55,1.46,1.95,2024-04-15
S109952,7.11,3.57,0.51,4.16,58.27,3.45,81.19,2,57.88,0.68,7.69,2024-03-25
S109953,6.2,10.72,0.4,3.91,58.1,8.62,79.84,3,52.99,2.16,2.46,2024-03-28
S109954,6.74,4.08,1.62,6.64,33.42,4.77,66.17,0,57.15,1.1,0.59,2024-03-09
S109955,3.88,8.38,1.77,3.94,32.67,8.89,81.74,2,55.93,1.4,1.4,2024-04-29
S109956,4.18,0.0,0.31,6.27,45.2,9.53,50.0,5,50.39,0.0,4.31,2024-03-31
S109957,4.4,6.81,0.1,2.72,46.85,8.99,52.59,2,52.14,2.02,1.65,2024-03-20
S109958,6.59,8.4,0.42,3.57,51.62,4.46,46.39,1,55.01,4.03,3.27,2024-08-04
S109959,8.42,6.38,2.45,7.22,60.75,5.05,22.94,1,51.82,1.63,1.48,2024-03-25
S109960,5.62,4.4,0.95,5.15,19.89,5.39,54.12,2,61.82,1.75,8.67,2024-03-21
S109961,4.68,2.98,0.83,4.48,20.96,4.27,85.09,0,55.65,0.65,6.13,2024-04-08
S109962,4.97,7.15,1.35,2.86,60.08,5.06,74.86,1,47.72,1.62,0.89,2024-02-06
S109963,6.59,8.67,0.47,5.51,53.04,6.68,90.57,1,56.38,3.05,4.15,2024-04-20
S109964,4.47,8.67,0.62,4.09,20.75,4.55,22.21,1,58.5,4.3,0.37,2024-04-24
S109965,5.05,5.68,0.86,7.73,19.96,6.56,53.26,3,49.92,3.0,1.81,2024-05-02
S109966,7.24,9.88,0.08,3.11,81.79,2.56,63.55,0,54.71,6.55,3.31,2024-02-08
S109967,8.04,8.59,0.12,4.83,13.49,6.86,53.87,0,70.47,1.33,12.29,2024-02-26
S109968,6.46,9.41,0.4,5.98,31.43,3.64,89.61,5,58.51,2.21,5.76,2024-04-12
S109969,6.26,7.62,2.22,6.62,57.15,7.02,82.58,2,48.7,6.88,1.77,2024-04-09
S109970,5.85,9.31,3.19,5.35,16.8,5.37,47.35,0,60.03,8.96,10.77,2024-02-08
S109971,7.1,6.66,2.21,8.29,28.36,5.54,50.57,2,61.75,1.96,0.95,2024-04-01
S109972,3.0,7.16,1.82,3.98,40.43,5.99,60.32,4,50.06,28.64,7.16,2024-03-10
S109973,6.58,4.38,1.37,8.62,77.27,2.63,65.17,0,27.33,2.12,2.87,2024-03-19
S109974,6.58,1.56,6.88,3.44,42.18,4.13,52.43,1,62.59,1.16,11.43,2024-02-06
S109975,5.82,6.25,0.27,1.81,64.26,5.54,87.57,2,56.85,1.49,2.47,2024-04-18
S109976,5.79,6.505,0.21,3.64,68.15,9.08,36.74,2,45.58,1.77,0.06,2024-04-18
S109977,6.87,4.09,0.17,5.15,59.95,6.35,41.33,0,54.3,14.5,1.61,2024-02-04
S109978,5.61,5.22,0.42,7.02,23.36,1.0,39.33,1,58.06,1.89,1.25,2024-02-13
S109979,7.18,5.16,0.75,9.82,42.94,2.59,41.54,1,51.23,1.86,16.1,2024-04-04
S109980,5.17,7.61,0.18,8.89,18.59,5.89,64.6,1,47.35,4.97,1.65,2024-03-30
S109981,6.85,5.22,1.28,5.76,35.35,3.95,59.47,3,55.77,1.22,2.29,2024-02-17
S109982,7.56,6.39,0.47,5.14,61.83,6.73,74.16,2,54.17,1.22,12.1,2024-02-17
S109983,4.85,12.57,0.36,4.35,42.34,4.89,50.03,1,57.71,2.49,8.27,2024-02-29
S109984,7.7,3.0,1.55,8.51,63.55,4.46,44.78,1,46.56,0.54,0.65,2024-03-31
S109985,6.85,5.68,1.94,7.53,41.7,5.63,70.07,3,48.63,2.22,7.29,2024-04-14
S109986,6.68,10.98,2.16,4.69,62.79,3.87,61.11,1,54.94,3.19,4.23,2024-04-24
S109987,8.13,4.23,0.65,5.29,73.55,4.37,65.54,0,51.09,3.61,0.35,2024-03-04
S109988,6.91,7.66,0.12,3.07,21.8,1.83,96.58,1,74.82,2.58,0.07,2024-02-29
S109989,5.06,4.4,3.17,9.2,47.0,4.06,28.4,2,40.49,2.29,10.29,2024-09-03
S109990,7.19,5.56,1.35,7.57,46.44,6.12,48.54,2,56.6,0.97,2.22,2024-02-24
S109991,7.91,6.66,1.83,9.8,32.61,9.77,51.83,1,51.36,1.87,6.3,2024-03-22
S109992,5.81,7.54,3.89,5.11,18.09,6.85,78.55,3,66.47,2.98,0.27,2024-03-20
S109993,5.95,7.86,1.49,7.22,63.38,5.75,64.62,2,41.62,2.66,7.4,2024-03-23
S109994,5.93,4.62,0.01,5.02,53.67,7.57,49.32,2,49.74,0.89,3.35,2024-02-17
S109995,5.63,5.51,1.52,6.02,50.6,7.66,48.7,1,48.91,2.73,0.89,2024-04-15
S109996,5.17,6.21,0.11,7.18,43.6,6.46,56.17,2,54.7,1.54,1.18,2024-02-24
S109997,7.36,7.62,0.7,8.21,40.3,6.85,43.08,1,46.67,3.08,16.22,2024-03-12
S109998,7.83,3.96,0.04,4.68,30.44,2.29,48.01,2,65.36,0.85,2.77,2024-03-21
S109999,4.47,5.65,0.73,2.87,35.72,8.04,53.99,0,56.41,7.02,0.76,2024-02-28
