student_id,previous_internal_marks,previous_assignment_score,previous_midterm_score,lowest_subject_score,assignment_completion_rate,practice_questions,next_semester_marks
S100000,37.79,40.29,57.45,65.83,84.8,31,47.21
S100001,37.27,54.18,81.2,57.65,96.73,184,68.07
S100002,27.51,61.19,61.83,51.08,57.42,3,58.7
S100003,39.64,72.25,66.45,46.84,100.0,31,61.17
S100004,23.08,85.36,76.48,48.08,84.95,167,67.65
S100005,29.77,80.41,64.06,51.34,81.65,500,56.33
S100006,19.01,52.31,35.91,26.11,65.73,103,53.9
S100007,47.47,64.42,81.65,45.98,70.45,185,58.41
S100008,33.15,71.15,85.08,69.17,74.34,1,63.63
S100009,50.0,66.07,35.7,54.1,58.61,118,58.87
S100010,41.42,65.96,48.31,52.03,75.28,50,47.38
S100011,38.58,44.16,97.38,52.65,66.62,94,41.39
S100012,30.31,52.71,68.71,47.93,90.24,45,63.32
S100013,26.63,63.96,65.06,37.96,34.31,67,38.99
S100014,39.18,23.6,58.18,40.34,76.29,24,40.6
S100015,34.43,79.61,48.51,39.46,65.48,68,45.16
S100016,24.29,49.41,61.89,30.39,80.04,27,51.42
S100017,22.87,80.3,80.59,43.13,100.0,26,54.85
S100018,27.33,78.98,64.75,49.48,100.0,32,37.01
S100019,49.57,61.84,74.76,58.59,72.58,18,48.56
S100020,50.0,85.01,93.25,38.82,77.22,20,85.02
S100021,36.64,81.15,55.71,45.59,67.43,215,39.07
S100022,36.19,65.37,69.85,47.46,77.74,48,64.07
S100023,32.31,63.67,81.07,43.87,91.04,76,22.5
S100024,27.52,86.46,50.07,47.03,60.29,68,38.63
S100025,46.0,73.48,67.85,64.68,100.0,25,50.46
S100026,49.99,85.67,94.96,18.49,93.72,0,39.46
S100027,27.85,34.17,59.56,22.74,93.06,56,35.2
S100028,34.34,71.48,82.09,46.46,85.74,142,35.5
S100029,31.4,46.34,62.74,42.81,66.45,9,21.04
S100030,31.64,69.61,93.79,39.62,95.18,19,42.05
S100031,44.49,80.71,38.67,40.96,75.2,195,86.2
S100032,24.5,96.09,66.04,54.46,54.67,132,43.66
S100033,38.73,55.93,41.34,70.65,81.19,4,30.1
S100034,40.83,62.11,53.79,55.66,62.61,83,51.26
S100035,33.86,68.57,53.69,25.54,70.92,58,33.69
S100036,42.14,55.38,60.73,56.3,90.6,36,49.47
S100037,36.18,84.68,45.99,22.95,78.21,56,31.45
S100038,44.74,68.95,63.85,47.72,79.44,13,45.07
S100039,22.82,71.83,72.37,42.59,97.53,248,63.92
S100040,32.21,79.3,40.49,48.0,46.16,15,68.23
S100041,34.43,68.92,54.84,55.37,96.87,16,54.0
S100042,13.62,57.74,100.0,39.22,82.21,37,50.82
S100043,26.31,69.05,70.27,33.85,78.96,19,44.47
S100044,28.49,57.16,35.92,57.54,79.43,30,38.61
S100045,42.59,71.62,42.59,66.04,89.6,3,44.0
S100046,29.35,84.95,68.61,57.66,95.39,76,62.51
S100047,28.46,52.38,66.61,20.4,76.45,22,44.56
S100048,41.54,47.01,55.6,29.21,77.99,283,50.21
S100049,22.06,70.74,100.0,36.91,89.13,10,43.44
S100050,18.43,58.48,100.0,29.72,48.53,6,42.43
S100051,32.11,70.48,60.77,35.78,78.52,15,17.49
S100052,23.42,74.81,78.97,65.79,87.47,63,50.7
S100053,23.72,37.84,79.77,73.58,72.6,110,47.99
S100054,39.59,80.35,81.89,38.01,68.02,66,62.57
S100055,42.01,52.45,54.76,68.68,77.71,157,62.06
S100056,41.31,69.66,96.03,29.58,71.23,56,15.73
S100057,43.87,60.11,63.9,24.54,76.32,12,33.9
S100058,44.93,61.72,71.75,45.19,72.92,16,33.63
S100059,17.97,95.41,65.03,32.87,100.0,35,53.99
S100060,38.6,74.79,62.77,59.51,62.91,202,70.99
S100061,30.76,83.57,69.45,40.94,92.52,56,48.54
S100062,29.02,72.26,46.03,56.57,71.19,166,54.09
S100063,39.48,79.3,33.46,79.1,84.89,6,42.63
S100064,21.16,76.26,61.59,17.62,89.71,93,46.21
S100065,20.99,73.82,50.91,33.59,100.0,50,54.11
S100066,40.07,86.61,73.76,64.95,85.89,15,63.24
S100067,38.9,72.35,71.94,51.84,74.05,7,55.91
S100068,36.09,100.0,65.22,43.78,80.99,30,51.35
S100069,27.96,84.41,88.71,16.27,100.0,137,39.9
S100070,40.95,52.91,64.9,21.29,82.45,82,38.63
S100071,40.44,67.35,41.67,54.67,60.38,50,61.31
S100072,35.68,75.96,61.42,48.65,74.25,149,37.52
S100073,25.58,70.67,83.74,68.62,73.86,16,74.94
S100074,31.6,80.3,34.85,45.68,90.95,26,15.59
S100075,41.7,81.96,63.5,71.74,61.67,65,37.76
S100076,45.62,49.61,74.21,55.68,72.38,71,67.83
S100077,32.39,89.22,100.0,14.46,83.2,31,53.56
S100078,33.0,62.55,84.33,40.91,75.79,56,49.12
S100079,33.71,61.06,67.12,50.3,81.36,10,26.59
S100080,37.2,61.01,73.33,26.0,82.21,1,40.69
S100081,30.35,82.13,34.64,43.28,83.22,188,49.48
S100082,11.85,65.99,48.2,56.91,66.1,47,51.1
S100083,44.54,60.05,75.42,37.11,91.96,21,46.57
S100084,49.36,63.64,67.58,30.12,71.97,32,63.36
S100085,30.1,43.08,69.62,40.82,79.83,58,53.63
S100086,26.47,57.37,65.55,53.96,61.82,234,61.37
S100087,33.9,51.41,64.92,40.21,80.6,102,23.55
S100088,33.5,65.96,66.65,72.2,82.85,237,56.58
S100089,42.96,79.96,48.1,31.76,80.54,10,47.44
S100090,35.44,78.31,61.34,13.36,68.3,16,39.72
S100091,28.66,88.85,45.09,82.83,96.92,36,62.09
S100092,24.45,85.51,55.09,35.11,88.75,22,39.59
S100093,41.93,62.07,84.13,41.09,77.92,252,47.1
S100094,39.8,70.29,62.11,43.66,77.78,15,47.21
S100095,43.48,69.51,74.53,41.63,68.93,15,51.45
S100096,27.25,37.73,66.84,64.61,70.66,53,68.97
S100097,49.71,51.74,58.84,31.1,100.0,95,61.14
S100098,21.05,67.49,48.86,52.14,74.63,38,48.02
S100099,40.68,67.41,58.6,40.27,100.0,4,47.84
S100100,19.72,77.68,67.93,60.96,62.61,116,39.04
S100101,28.68,76.95,74.28,39.35,85.53,233,53.6
S100102,47.49,43.44,66.96,46.34,83.39,133,48.41
S100103,41.65,77.78,75.39,37.51,80.54,147,48.19
S100104,30.63,72.68,40.68,53.25,56.12,151,41.46
S100105,30.85,79.35,78.87,67.33,59.43,56,37.59
S100106,35.8,86.0,46.95,38.07,82.93,131,53.15
S100107,39.11,67.86,80.74,43.0,64.64,6,58.29
S100108,45.01,88.68,73.04,45.47,98.14,4,51.75
S100109,31.35,56.66,35.08,59.54,76.64,6,35.62
S100110,22.11,55.81,76.79,35.08,83.83,72,31.93
S100111,36.26,76.43,80.92,43.58,79.39,22,52.7
S100112,31.34,64.47,85.13,62.68,78.98,2,33.62
S100113,24.59,73.92,52.7,49.89,100.0,6,77.38
S100114,37.38,99.89,67.87,33.99,96.27,6,43.98
S100115,33.3,75.9,76.11,29.11,82.31,79,48.78
S100116,37.45,73.18,76.78,28.42,90.12,12,41.91
S100117,27.84,56.96,71.55,32.71,97.6,150,24.03
S100118,38.89,44.5,58.17,10.57,71.03,393,56.43
S100119,24.46,68.91,80.81,61.32,56.68,47,39.94
S100120,28.38,86.0,80.9,13.57,88.3,62,53.93
S100121,33.06,65.16,62.53,74.39,98.69,24,58.41
S100122,48.93,76.02,52.46,36.53,54.28,85,80.35
S100123,41.28,91.4,53.35,30.44,70.91,197,25.88
S100124,43.62,91.02,86.84,49.02,76.38,16,64.21
S100125,46.34,76.43,80.21,66.83,65.26,245,100.0
S100126,50.0,72.55,64.68,44.58,77.83,20,42.48
S100127,35.33,47.22,61.81,12.35,63.3,25,28.2
S100128,46.36,60.55,36.71,44.06,75.21,194,54.24
S100129,43.1,65.79,63.65,43.62,90.49,72,33.91
S100130,42.97,57.22,45.94,43.77,48.96,3,33.08
S100131,49.19,73.73,67.54,59.69,64.23,130,81.08
S100132,31.65,98.67,83.96,44.31,100.0,82,47.26
S100133,31.01,92.77,49.31,26.4,67.64,109,46.11
S100134,37.56,73.66,68.82,62.22,41.02,14,30.74
S100135,33.54,81.69,80.96,10.28,82.57,165,51.04
S100136,37.55,59.07,68.52,60.88,78.88,122,46.97
S100137,47.5,91.96,56.62,18.03,82.22,253,38.22
S100138,31.17,46.57,65.17,68.07,80.86,42,75.59
S100139,32.56,83.69,80.32,41.23,99.09,58,34.29
S100140,36.39,77.43,69.2,43.19,69.45,97,54.66
S100141,33.17,58.66,64.95,68.35,78.59,9,69.56
S100142,19.69,66.87,83.5,63.89,73.51,19,46.49
S100143,30.36,52.99,73.24,46.65,90.15,27,60.19
S100144,40.5,53.63,45.75,39.0,91.66,232,33.08
S100145,46.5,46.13,75.1,48.02,85.59,0,62.65
S100146,25.76,81.51,80.19,59.94,100.0,409,58.13
S100147,25.73,88.08,45.2,64.28,88.3,40,37.6
S100148,35.24,37.57,28.7,45.34,98.82,84,48.17
S100149,18.4,97.57,48.33,71.04,66.72,42,63.32
S100150,31.44,69.82,63.36,35.98,69.53,123,41.7
S100151,21.11,74.35,81.16,21.38,100.0,241,29.8
S100152,45.95,47.91,50.74,85.96,59.69,48,60.27
S100153,28.85,89.81,73.88,48.75,91.52,16,55.69
S100154,48.22,73.0,18.72,50.8,99.3,20,54.49
S100155,43.91,87.08,67.88,48.25,97.63,25,57.9
S100156,29.83,88.31,58.49,55.15,56.07,20,54.51
S100157,26.42,90.02,98.58,17.07,74.74,1,58.0
S100158,33.45,60.28,34.73,32.85,89.33,158,32.72
S100159,34.16,66.88,64.77,63.5,91.13,91,58.81
S100160,37.77,60.82,34.63,39.34,79.86,58,33.58
S100161,28.79,83.43,56.2,29.88,69.56,13,51.26
S100162,40.97,74.99,37.78,41.29,75.9,3,55.86
S100163,37.12,86.04,100.0,40.75,70.73,39,36.2
S100164,32.28,86.69,59.31,42.81,61.36,0,41.46
S100165,29.3,44.09,61.62,37.4,75.51,5,19.24
S100166,33.52,90.26,64.32,74.21,100.0,6,60.38
S100167,28.46,84.26,46.88,37.98,75.82,135,79.46
S100168,35.47,64.46,81.88,57.28,57.31,104,57.57
S100169,35.68,75.25,75.24,46.61,74.62,30,64.79
S100170,37.09,68.14,79.69,20.02,100.0,29,40.92
S100171,49.13,79.24,45.51,63.63,56.11,34,50.73
S100172,33.94,64.43,83.17,67.2,79.99,67,73.91
S100173,43.04,77.18,81.32,38.25,91.07,157,72.78
S100174,36.84,71.01,61.28,33.55,62.89,52,40.66
S100175,33.09,63.52,79.32,52.61,82.86,13,49.46
S100176,34.05,72.85,69.36,58.62,66.3,14,39.64
S100177,34.53,100.0,39.5,36.62,61.61,5,28.41
S100178,37.24,59.72,62.08,44.67,89.34,108,45.74
S100179,27.33,66.25,57.3,22.28,100.0,41,65.84
S100180,23.28,59.98,66.37,59.74,74.19,200,56.87
S100181,40.23,61.55,81.34,32.67,88.71,30,40.11
S100182,42.18,82.24,38.74,62.75,87.26,128,44.02
S100183,40.97,80.74,57.9,57.34,82.61,55,62.9
S100184,36.24,69.91,51.85,43.15,69.67,151,54.19
S100185,41.14,85.39,52.54,47.85,64.8,66,57.88
S100186,40.71,81.9,51.83,13.47,68.04,17,43.13
S100187,41.3,67.56,66.09,33.32,77.32,129,57.71
S100188,28.12,46.99,73.37,53.14,73.71,0,13.1
S100189,26.22,69.83,70.57,34.09,62.76,56,37.28
S100190,31.89,72.54,67.97,53.87,76.92,17,61.66
S100191,34.86,70.33,74.95,38.4,70.46,33,59.71
S100192,33.06,63.01,100.0,46.55,88.35,42,64.97
S100193,19.99,81.17,67.17,84.05,74.14,66,33.22
S100194,48.77,75.23,81.34,61.02,92.66,35,53.91
S100195,32.81,66.45,80.43,66.62,83.45,83,78.68
S100196,36.38,51.62,93.44,62.61,72.55,17,26.53
S100197,44.96,86.02,73.97,48.42,77.55,125,65.6
S100198,16.24,79.07,51.49,44.17,77.97,74,46.06
S100199,30.91,73.83,69.88,42.31,82.49,35,44.32
S100200,31.9,30.15,69.02,55.98,85.42,61,66.86
S100201,32.31,69.43,78.04,48.98,73.25,41,48.32
S100202,33.61,66.38,51.03,27.01,76.42,166,74.05
S100203,46.58,60.72,85.26,49.21,81.72,63,58.59
S100204,40.39,81.31,65.08,50.0,35.64,124,30.59
S100205,42.66,80.72,78.43,20.42,88.29,127,31.68
S100206,35.38,76.55,69.95,57.99,65.69,106,69.0
S100207,23.81,85.57,66.96,38.1,75.66,111,48.1
S100208,18.36,54.67,68.74,82.68,69.84,20,46.78
S100209,22.76,63.2,75.75,50.77,91.23,164,74.43
S100210,37.88,71.12,96.34,55.89,95.37,98,75.44
S100211,35.25,60.67,32.72,25.42,78.32,4,48.3
S100212,33.32,80.91,73.64,47.81,78.51,83,60.17
S100213,32.05,62.17,65.7,59.46,79.42,53,35.45
S100214,50.0,89.48,62.17,39.06,79.76,12,59.55
S100215,28.42,56.03,27.19,36.03,95.02,51,50.59
S100216,42.42,100.0,74.28,66.46,100.0,204,72.91
S100217,35.02,100.0,63.0,39.93,77.42,167,40.69
S100218,34.51,68.58,51.65,62.31,88.53,7,37.43
S100219,44.41,87.19,65.68,34.12,67.3,46,74.43
S100220,46.7,63.99,60.32,33.13,68.67,57,80.22
S100221,33.08,85.2,37.12,63.75,64.7,94,43.67
S100222,41.39,67.36,66.41,48.14,100.0,116,59.24
S100223,37.91,50.72,74.28,61.19,90.55,141,61.59
S100224,35.06,17.01,56.21,33.65,74.23,73,34.61
S100225,36.63,65.97,69.19,48.58,83.19,171,81.32
S100226,29.5,74.19,66.73,43.54,91.47,65,38.55
S100227,32.55,89.95,81.73,68.51,97.94,2,60.87
S100228,30.35,70.55,63.34,73.32,86.13,49,56.03
S100229,42.21,85.04,77.82,59.93,81.38,14,53.47
S100230,34.24,63.19,59.99,48.32,99.78,68,51.65
S100231,24.62,64.94,96.48,58.28,63.45,91,46.37
S100232,29.21,85.81,58.01,55.91,51.17,91,27.49
S100233,9.41,33.03,54.04,61.34,98.84,54,25.33
S100234,31.04,70.19,63.39,49.92,73.26,101,81.47
S100235,35.3,64.0,53.35,57.25,100.0,10,43.6
S100236,33.91,90.41,45.02,62.11,100.0,236,49.59
S100237,50.0,62.08,76.64,54.06,100.0,148,55.59
S100238,39.6,77.75,16.0,34.56,34.82,155,31.83
S100239,39.24,83.82,53.52,57.84,92.01,3,59.76
S100240,21.85,47.61,43.53,81.39,72.37,21,38.48
S100241,32.08,67.91,67.27,32.78,70.21,8,36.05
S100242,31.11,63.53,29.97,30.97,85.58,160,54.47
S100243,28.71,84.19,73.77,61.31,70.6,111,42.58
S100244,28.6,80.13,75.5,35.69,91.24,8,35.77
S100245,20.54,66.5,38.88,42.89,99.82,41,21.98
S100246,24.79,54.29,68.05,56.11,76.97,57,41.09
S100247,41.99,85.57,73.26,53.2,85.38,100,48.42
S100248,33.86,68.99,80.04,17.02,73.13,28,54.94
S100249,30.95,45.72,41.5,44.69,87.02,27,45.04
S100250,34.96,47.01,39.25,56.81,100.0,61,29.17
S100251,44.34,76.56,89.04,41.66,86.15,60,81.74
S100252,35.03,50.86,51.85,52.83,78.21,10,47.47
S100253,39.32,69.83,56.56,51.85,99.66,100,78.14
S100254,28.23,55.94,75.13,37.36,73.9,56,29.17
S100255,30.05,69.99,46.29,45.46,74.27,152,48.89
S100256,37.83,72.39,60.75,27.57,70.04,119,52.71
S100257,50.0,59.06,79.27,60.3,56.47,317,69.21
S100258,46.44,36.4,42.26,88.34,67.1,15,46.21
S100259,39.66,72.86,57.0,65.73,80.83,231,68.36
S100260,36.21,58.7,46.97,59.26,83.44,106,55.86
S100261,46.21,71.75,52.62,55.04,65.48,170,65.92
S100262,41.36,68.17,83.97,27.18,72.35,56,16.31
S100263,16.65,73.95,87.48,64.17,51.61,31,36.63
S100264,26.57,93.43,69.13,48.33,100.0,2,45.24
S100265,37.71,61.81,73.52,72.51,100.0,16,38.41
S100266,20.7,62.97,73.08,64.37,69.26,173,73.09
S100267,27.82,45.01,54.24,55.13,82.06,42,35.51
S100268,29.4,67.07,68.81,59.55,66.81,89,47.43
S100269,32.95,76.15,44.28,29.29,95.37,53,56.92
S100270,32.7,62.75,49.66,51.94,89.65,51,65.03
S100271,32.69,76.25,63.61,29.36,60.29,84,18.24
S100272,41.6,67.34,48.02,54.04,65.39,46,80.1
S100273,32.88,50.47,44.64,62.22,78.96,2,41.97
S100274,31.92,74.68,53.61,70.28,100.0,129,40.8
S100275,24.21,66.91,83.34,35.27,74.31,26,59.96
S100276,43.19,71.84,89.91,43.24,99.61,89,51.35
S100277,29.63,61.5,64.48,55.34,84.66,86,44.8
S100278,26.3,60.17,74.32,32.84,67.51,12,37.48
S100279,36.7,72.36,55.98,68.19,73.73,14,58.42
S100280,28.86,66.54,31.95,71.8,89.49,48,52.55
S100281,30.79,95.86,50.7,59.58,92.61,33,54.24
S100282,37.07,81.98,60.07,40.46,93.98,26,60.93
S100283,32.39,78.18,67.26,56.75,83.21,30,57.2
S100284,50.0,67.34,63.38,65.78,86.69,23,80.62
S100285,34.4,39.61,60.49,63.68,100.0,56,43.87
S100286,39.94,57.89,55.81,45.56,100.0,7,37.27
S100287,19.47,60.29,70.5,24.61,80.71,170,39.69
S100288,28.11,65.88,43.18,30.37,53.48,135,48.27
S100289,26.3,69.5,77.83,31.02,81.94,55,39.11
S100290,27.36,79.84,55.62,38.56,81.74,31,50.73
S100291,38.32,74.1,98.07,60.75,61.06,93,56.77
S100292,43.28,87.39,59.95,71.08,81.87,9,56.78
S100293,37.76,65.32,57.32,25.59,64.33,9,46.81
S100294,33.19,69.83,56.0,67.2,85.65,12,64.21
S100295,29.95,75.16,57.48,68.98,88.92,94,34.52
S100296,43.91,73.69,74.72,36.03,87.9,138,47.01
S100297,50.0,89.23,64.32,41.77,94.84,61,71.89
S100298,36.08,82.06,80.79,44.45,87.04,15,45.19
S100299,42.51,50.21,72.43,59.41,91.83,33,61.5
S100300,37.75,68.29,65.5,45.37,99.38,138,27.5
S100301,41.04,69.79,70.97,36.52,73.37,57,52.14
S100302,25.68,100.0,84.14,27.92,77.84,48,56.61
S100303,31.09,65.05,75.51,34.95,74.67,86,44.72
S100304,38.16,55.26,69.49,31.17,68.82,35,36.57
S100305,44.7,76.57,71.76,26.33,75.53,0,47.99
S100306,28.45,77.45,46.56,44.01,92.52,226,57.94
S100307,18.73,68.89,100.0,69.0,90.91,99,47.32
S100308,31.01,66.7,73.45,38.31,54.59,56,48.31
S100309,43.08,84.23,75.05,53.8,100.0,152,74.73
S100310,22.33,57.2,64.54,55.79,92.71,37,37.99
S100311,25.58,64.89,28.24,50.15,83.41,38,47.63
S100312,36.25,62.17,60.75,59.27,59.28,12,59.5
S100313,34.07,86.41,66.22,72.33,62.22,132,63.06
S100314,39.76,74.28,51.83,50.44,100.0,77,84.12
S100315,25.17,54.03,51.7,44.55,95.07,24,41.05
S100316,32.4,55.53,59.57,70.59,96.93,258,65.81
S100317,44.56,98.1,77.34,32.45,78.01,117,48.39
S100318,25.46,86.25,85.09,54.65,99.6,171,49.64
S100319,46.82,82.62,67.74,14.88,59.46,15,53.93
S100320,26.46,70.18,55.92,38.85,61.5,72,42.32
S100321,41.8,92.63,59.2,25.15,95.13,376,78.71
S100322,32.02,53.45,66.59,37.54,66.24,34,41.8
S100323,25.84,81.29,68.49,69.72,79.4,41,75.46
S100324,31.02,63.35,71.96,32.89,53.38,62,46.61
S100325,39.36,66.27,57.97,29.79,37.33,4,22.4
S100326,34.95,80.89,73.47,58.69,64.68,20,54.42
S100327,43.95,67.85,72.2,52.63,74.32,31,73.01
S100328,46.49,63.48,58.68,38.75,66.13,1,66.86
S100329,25.54,62.57,37.49,55.74,89.31,30,47.91
S100330,24.95,40.2,50.84,29.75,95.16,63,43.44
S100331,24.56,81.45,90.08,47.4,89.15,2,44.19
S100332,27.81,54.9,37.9,37.57,62.65,61,32.73
S100333,43.83,97.88,86.08,40.13,87.87,129,52.65
S100334,39.48,65.69,37.34,57.0,61.58,13,50.94
S100335,30.64,89.64,52.63,46.38,100.0,260,45.55
S100336,34.91,42.86,59.0,76.45,80.73,43,37.86
S100337,46.23,80.97,93.52,43.56,67.16,56,62.77
S100338,50.0,84.83,65.42,34.67,80.79,58,73.72
S100339,37.08,89.55,61.58,40.16,82.52,40,48.69
S100340,13.73,47.08,50.03,41.4,90.61,85,23.5
S100341,37.38,59.46,73.35,45.74,51.68,16,22.58
S100342,42.48,78.65,56.8,52.18,69.56,202,64.37
S100343,36.8,72.23,61.34,50.11,87.22,162,44.03
S100344,40.81,74.4,59.27,36.69,91.68,83,57.95
S100345,37.86,64.6,76.52,50.3,100.0,125,60.76
S100346,25.12,93.26,77.19,22.67,100.0,99,43.81
S100347,27.91,100.0,50.75,16.75,69.67,51,40.81
S100348,32.43,71.56,54.96,48.64,100.0,14,18.2
S100349,43.52,69.83,53.39,72.33,88.7,31,42.55
S100350,28.87,69.83,67.93,50.36,100.0,173,70.65
S100351,38.65,89.26,79.51,70.49,87.0,88,98.12
S100352,37.43,82.44,68.15,41.79,100.0,160,63.35
S100353,47.69,54.0,29.95,53.27,96.24,168,62.44
S100354,34.67,60.81,77.16,55.86,88.28,60,61.18
S100355,20.96,54.86,43.42,36.33,73.42,46,16.71
S100356,40.17,100.0,53.56,51.4,73.38,45,60.08
S100357,50.0,79.53,68.17,67.16,65.75,47,61.78
S100358,40.7,61.06,63.66,38.6,78.88,234,42.38
S100359,28.7,59.87,78.96,53.27,96.61,13,47.67
S100360,26.34,82.08,55.23,38.29,88.72,13,40.35
S100361,27.38,83.57,49.53,61.74,68.37,39,59.14
S100362,50.0,81.97,60.01,12.74,94.52,130,48.52
S100363,32.38,63.62,80.63,47.11,62.36,153,56.67
S100364,29.7,74.59,75.07,32.94,84.99,140,60.35
S100365,33.73,71.66,66.39,67.62,100.0,70,60.39
S100366,32.46,55.96,86.22,55.19,62.36,156,46.49
S100367,47.54,56.1,83.32,48.06,82.56,17,79.51
S100368,26.88,76.18,77.62,52.38,69.52,73,50.03
S100369,44.45,72.95,46.15,22.37,100.0,32,39.43
S100370,35.98,78.3,77.53,46.78,100.0,26,55.75
S100371,44.66,81.87,61.76,34.09,88.33,8,71.58
S100372,47.66,92.49,58.68,43.44,93.17,36,93.84
S100373,35.68,58.36,54.08,59.35,100.0,3,65.69
S100374,32.48,79.45,62.25,10.15,91.47,35,67.33
S100375,35.53,81.24,54.99,57.0,67.65,52,57.63
S100376,34.24,65.32,67.72,44.53,73.33,35,53.16
S100377,21.74,71.83,62.23,26.8,73.22,118,45.2
S100378,47.42,65.7,68.53,67.06,54.01,26,80.08
S100379,36.97,100.0,73.85,44.38,94.67,6,42.69
S100380,25.7,71.57,60.29,65.7,61.22,18,47.92
S100381,18.46,76.77,53.2,17.95,92.43,137,36.17
S100382,16.38,66.04,32.9,39.99,69.1,81,0.0
S100383,41.16,62.81,77.33,43.47,76.67,69,54.77
S100384,30.05,50.47,66.26,40.15,88.37,62,45.4
S100385,31.36,86.5,62.18,51.08,100.0,111,54.3
S100386,38.91,81.53,83.75,47.54,93.04,17,49.26
S100387,30.87,65.48,44.38,41.2,78.23,19,59.73
S100388,39.37,56.49,65.9,38.51,79.49,11,67.92
S100389,35.76,72.7,49.58,58.15,62.34,33,43.25
S100390,34.33,62.53,75.5,73.8,89.55,26,49.32
S100391,22.42,66.67,29.38,29.86,78.77,197,50.06
S100392,28.44,51.05,77.86,34.38,66.04,1,17.67
S100393,39.82,73.26,77.2,47.41,91.67,51,83.24
S100394,29.54,69.83,50.23,38.6,100.0,105,62.55
S100395,44.64,86.42,66.06,12.99,77.32,190,45.21
S100396,50.0,67.74,50.58,26.58,71.56,271,33.76
S100397,40.25,69.83,71.84,26.21,71.33,6,51.72
S100398,46.94,46.65,78.12,46.74,86.02,17,51.41
S100399,40.77,86.51,48.92,54.58,62.11,500,83.88
S100400,30.73,83.39,44.25,8.75,81.13,30,28.04
S100401,36.6,70.43,82.54,39.84,73.91,5,51.77
S100402,50.0,50.06,96.06,54.15,87.58,217,83.91
S100403,30.81,51.78,72.91,37.33,88.73,41,54.2
S100404,26.69,61.79,74.1,18.84,63.16,28,29.6
S100405,25.93,84.48,59.69,43.42,90.02,13,41.9
S100406,33.26,74.36,67.88,76.68,86.87,44,29.59
S100407,26.97,47.6,70.61,38.44,77.14,37,40.58
S100408,48.39,76.06,62.08,62.54,73.54,206,65.27
S100409,36.73,57.41,86.6,11.65,73.63,19,38.82
S100410,42.77,62.17,67.83,60.16,77.43,7,53.98
S100411,32.61,84.58,69.89,61.39,66.03,26,24.77
S100412,25.88,81.48,62.41,27.43,69.73,63,18.7
S100413,24.52,86.4,64.03,65.48,83.07,32,57.12
S100414,27.74,69.65,84.5,50.28,71.43,30,44.73
S100415,37.78,83.25,67.33,60.3,93.17,41,64.15
S100416,39.16,61.21,67.71,26.46,78.03,165,58.08
S100417,39.83,66.14,67.92,32.17,72.88,87,60.55
S100418,23.09,65.11,59.17,49.14,84.97,60,33.64
S100419,35.0,70.36,42.47,91.31,73.91,41,32.91
S100420,26.79,50.7,90.16,48.01,68.3,6,50.72
S100421,38.21,66.62,82.09,72.24,74.93,173,92.39
S100422,38.83,91.77,84.98,51.04,49.36,11,44.72
S100423,25.62,53.61,47.84,63.04,50.44,17,35.37
S100424,42.74,50.06,88.12,44.93,66.2,48,78.08
S100425,50.0,69.83,96.47,34.03,62.09,12,75.94
S100426,41.68,100.0,81.72,49.58,89.75,82,47.13
S100427,33.7,76.97,91.37,42.23,98.9,55,64.36
S100428,32.47,65.95,77.77,41.38,84.87,55,81.49
S100429,33.33,71.02,51.45,57.18,51.55,273,30.35
S100430,28.91,73.41,73.12,34.99,58.85,90,28.19
S100431,37.02,60.39,48.67,44.25,85.25,105,36.88
S100432,25.89,62.24,55.44,53.04,77.42,75,34.33
S100433,19.88,67.63,70.06,58.33,52.15,24,41.89
S100434,36.76,59.13,67.91,25.1,67.14,5,45.15
S100435,35.17,64.05,72.41,47.0,63.88,66,53.52
S100436,30.43,75.3,36.33,64.6,100.0,47,74.45
S100437,24.74,55.04,62.53,45.76,90.58,11,32.98
S100438,37.32,100.0,73.78,56.4,75.69,157,48.18
S100439,27.08,81.3,76.97,53.69,83.43,55,44.0
S100440,33.89,50.95,78.02,43.9,82.19,48,39.04
S100441,49.12,32.83,69.02,41.7,81.19,43,46.13
S100442,40.21,59.69,58.93,26.34,100.0,107,29.5
S100443,24.05,80.27,73.02,25.29,100.0,4,11.46
S100444,24.8,77.36,60.2,63.57,100.0,19,25.15
S100445,36.21,68.34,79.42,32.7,84.96,186,42.58
S100446,24.0,60.98,71.84,26.1,74.93,3,45.9
S100447,18.99,56.44,64.01,77.45,61.39,75,54.93
S100448,39.26,63.96,52.7,49.68,65.07,22,43.66
S100449,37.57,54.81,82.91,52.91,95.21,62,58.37
S100450,38.6,64.02,73.94,46.03,60.89,56,49.94
S100451,37.1,89.96,98.65,30.88,77.31,85,65.19
S100452,34.48,58.43,73.42,41.02,59.22,15,16.14
S100453,29.7,79.16,74.76,37.72,78.54,82,56.05
S100454,39.13,81.45,41.56,57.51,64.08,122,45.2
S100455,47.24,53.81,69.97,42.37,89.96,15,53.25
S100456,30.99,57.35,59.94,87.11,76.34,125,50.96
S100457,26.83,86.03,78.22,66.85,67.87,10,39.65
S100458,25.92,56.11,70.35,14.59,65.66,24,25.33
S100459,28.07,69.14,80.76,60.36,82.01,36,49.73
S100460,36.62,100.0,99.12,11.8,80.76,30,60.93
S100461,17.88,84.7,52.23,55.86,71.72,106,53.82
S100462,38.51,71.28,80.15,47.05,75.23,25,58.78
S100463,40.15,82.61,75.94,59.22,72.61,111,72.48
S100464,20.62,69.16,96.67,50.64,47.32,5,35.37
S100465,27.17,85.27,76.29,58.01,79.42,31,52.06
S100466,35.64,39.31,74.62,53.91,56.66,195,45.57
S100467,33.85,67.91,78.62,53.24,66.69,39,54.31
S100468,39.16,38.7,79.74,23.58,84.81,51,56.04
S100469,33.87,72.42,88.27,52.4,76.41,112,43.64
S100470,45.12,66.46,51.89,48.5,100.0,4,44.14
S100471,32.43,90.41,58.72,40.98,68.04,96,22.82
S100472,27.14,69.83,92.76,48.19,73.83,5,46.41
S100473,26.49,62.11,33.66,59.0,82.43,64,51.38
S100474,40.88,63.91,63.64,83.87,79.44,76,72.38
S100475,35.24,75.71,67.39,39.05,95.71,12,34.12
S100476,40.07,61.41,62.17,29.01,89.6,152,58.0
S100477,39.9,69.51,90.3,59.34,100.0,67,64.66
S100478,18.84,89.75,72.62,56.05,55.76,13,62.01
S100479,25.88,57.56,58.8,66.04,91.79,158,56.91
S100480,26.83,63.28,54.85,62.18,65.28,139,55.44
S100481,28.47,65.39,69.51,63.97,86.67,89,68.11
S100482,31.64,100.0,83.66,33.74,76.34,42,47.83
S100483,42.99,79.12,67.21,43.39,69.67,55,61.68
S100484,44.59,86.98,62.85,74.61,97.61,97,59.86
S100485,32.66,81.52,53.88,49.79,54.84,29,40.64
S100486,32.99,82.53,70.98,39.2,100.0,72,60.74
S100487,29.36,77.1,70.1,61.19,89.47,78,53.99
S100488,35.71,75.48,53.41,24.93,82.54,20,45.87
S100489,36.62,48.24,81.42,42.58,77.77,11,62.59
S100490,41.45,75.37,92.3,50.33,74.44,14,65.04
S100491,41.39,68.37,65.78,23.37,87.03,2,53.46
S100492,16.58,78.18,69.83,56.08,59.09,111,50.64
S100493,33.78,68.94,47.32,41.87,33.9,133,32.44
S100494,46.07,81.45,76.8,44.36,81.29,129,45.42
S100495,31.5,84.1,72.43,55.38,68.81,213,60.92
S100496,44.11,26.32,59.78,48.51,66.26,7,44.04
S100497,32.55,63.49,53.1,54.12,56.37,214,32.34
S100498,36.4,42.14,94.56,49.82,98.06,56,40.48
S100499,25.9,73.58,71.12,71.28,100.0,40,0.0
S100500,26.21,65.49,50.32,59.46,79.22,12,50.38
S100501,40.8,90.34,78.69,31.47,77.67,53,86.73
S100502,42.05,73.11,68.67,51.03,86.35,92,40.16
S100503,35.21,62.72,65.94,36.02,85.45,7,36.77
S100504,25.18,84.08,80.66,72.45,72.2,305,50.3
S100505,35.35,65.23,23.2,44.57,98.19,199,66.52
S100506,45.06,62.53,36.09,48.3,96.99,175,54.62
S100507,48.94,75.9,87.07,59.54,91.14,42,65.78
S100508,32.47,94.19,62.94,26.58,100.0,155,71.16
S100509,21.72,82.8,58.17,42.71,91.61,11,24.07
S100510,41.72,78.5,43.6,53.06,70.16,193,46.63
S100511,32.79,100.0,68.1,53.43,81.19,154,44.12
S100512,42.54,59.01,70.08,33.97,94.1,71,52.45
S100513,37.25,58.68,88.05,58.58,64.23,87,32.2
S100514,27.93,72.18,70.96,69.33,75.91,35,51.0
S100515,35.47,92.73,60.16,69.73,56.25,238,62.71
S100516,45.47,55.87,71.49,50.61,100.0,6,66.71
S100517,33.81,96.32,82.75,67.05,86.11,177,50.65
S100518,26.72,48.41,79.26,59.5,88.95,24,34.77
S100519,22.29,68.18,74.94,29.68,57.37,131,61.23
S100520,28.82,72.6,69.39,83.97,96.68,4,30.61
S100521,31.72,56.76,55.7,47.01,84.67,22,45.05
S100522,41.56,60.68,48.48,66.52,53.02,18,58.04
S100523,26.03,81.95,45.94,56.57,86.85,306,57.0
S100524,47.43,91.62,71.3,67.04,65.33,19,56.1
S100525,24.3,38.28,72.97,36.81,80.85,37,20.69
S100526,50.0,72.7,82.51,65.18,91.29,28,50.41
S100527,48.8,68.3,73.99,55.61,82.92,341,54.99
S100528,36.13,71.61,81.81,38.2,52.34,77,65.94
S100529,21.82,65.25,62.91,73.26,83.97,36,48.27
S100530,34.56,50.64,77.33,39.2,92.78,191,57.23
S100531,31.91,93.13,48.98,65.14,76.99,98,47.24
S100532,24.81,87.39,64.04,26.1,87.74,97,35.69
S100533,37.33,68.44,35.7,26.98,87.99,53,43.17
S100534,28.41,62.68,65.51,26.68,49.68,55,24.78
S100535,29.28,60.86,84.6,51.12,98.76,105,59.12
S100536,33.37,31.22,66.12,76.01,71.61,1,39.6
S100537,30.4,75.31,76.55,54.01,69.13,46,46.06
S100538,50.0,81.7,69.37,49.96,69.58,318,71.78
S100539,30.71,72.07,55.87,61.46,98.46,85,40.66
S100540,38.53,68.7,62.01,38.55,100.0,38,51.15
S100541,36.16,72.0,83.87,35.26,87.09,15,51.38
S100542,37.82,69.83,76.47,45.53,72.78,36,57.99
S100543,38.43,62.51,55.12,43.14,100.0,52,60.36
S100544,42.05,67.51,42.8,58.59,79.73,80,26.62
S100545,37.13,80.45,68.31,65.26,70.21,327,75.09
S100546,36.8,90.68,55.69,47.26,95.37,55,68.26
S100547,35.47,66.56,62.16,32.64,78.18,36,46.0
S100548,33.89,54.33,41.73,44.82,100.0,23,51.55
S100549,27.71,70.53,81.65,48.04,67.3,116,59.0
S100550,34.51,100.0,63.45,69.22,77.29,50,40.83
S100551,36.93,55.63,65.87,39.19,100.0,103,51.03
S100552,38.22,83.29,51.67,4.32,87.32,27,40.8
S100553,36.44,90.04,60.56,26.64,75.56,37,52.89
S100554,33.14,64.6,66.96,69.26,66.16,249,59.71
S100555,34.54,59.49,55.19,45.27,62.96,21,23.05
S100556,30.57,78.62,61.55,33.2,60.58,31,35.92
S100557,37.51,69.83,87.18,62.93,94.58,57,44.99
S100558,33.23,80.42,37.0,13.01,91.78,60,27.0
S100559,36.44,100.0,67.95,41.42,87.82,6,36.7
S100560,43.01,72.51,52.43,29.27,63.42,285,65.09
S100561,29.33,52.12,86.38,41.77,75.63,29,60.51
S100562,39.77,71.0,62.11,58.82,84.89,4,79.94
S100563,35.27,73.62,48.25,56.8,98.91,24,69.68
S100564,50.0,89.01,61.55,56.79,85.42,41,70.54
S100565,33.27,67.05,70.59,43.81,81.98,21,43.64
S100566,40.56,63.86,100.0,46.6,66.08,13,39.5
S100567,35.12,49.43,31.24,27.36,93.53,57,31.74
S100568,23.89,78.21,45.81,47.47,75.82,127,21.86
S100569,30.83,100.0,85.88,60.34,58.85,98,72.18
S100570,42.04,66.66,40.86,56.27,66.73,44,57.9
S100571,31.54,76.78,65.15,59.79,90.25,11,59.59
S100572,17.24,61.78,57.27,50.2,90.74,248,26.81
S100573,34.75,50.78,54.75,68.47,39.78,33,44.58
S100574,26.26,76.51,62.24,62.55,78.63,9,75.03
S100575,36.05,70.42,59.68,33.08,60.61,33,15.83
S100576,47.41,34.22,81.91,42.85,85.94,96,60.24
S100577,41.16,94.15,86.25,32.91,88.83,23,62.7
S100578,47.29,76.24,71.82,62.66,63.89,16,40.55
S100579,30.51,69.83,61.22,63.23,80.15,24,79.02
S100580,33.85,63.67,69.14,25.83,92.54,64,70.37
S100581,26.64,76.08,77.88,31.02,95.35,166,56.71
S100582,29.53,76.77,81.03,53.15,67.32,11,50.5
S100583,27.58,76.02,70.92,36.35,96.18,12,56.07
S100584,24.55,86.02,89.44,31.63,83.87,45,71.13
S100585,45.93,89.43,55.14,67.22,72.6,11,61.7
S100586,18.26,100.0,83.24,37.17,78.64,310,33.88
S100587,45.96,57.45,76.27,70.88,92.0,169,74.63
S100588,44.97,61.4,55.24,42.79,91.75,5,57.19
S100589,39.0,75.42,68.72,44.67,93.61,190,54.88
S100590,26.08,58.31,69.82,49.13,69.91,27,40.18
S100591,22.34,60.73,62.73,40.86,83.36,31,32.45
S100592,30.61,77.13,62.55,61.76,76.4,33,56.58
S100593,40.0,83.51,40.6,58.84,83.18,6,54.78
S100594,35.02,89.14,53.97,33.59,72.4,121,54.75
S100595,26.65,67.11,61.19,76.13,100.0,16,69.85
S100596,44.19,76.95,55.84,62.55,79.73,19,45.61
S100597,48.48,73.64,51.31,52.64,77.91,117,28.59
S100598,33.19,70.26,81.98,41.3,86.66,5,43.9
S100599,35.87,57.76,63.34,60.75,96.64,33,72.9
S100600,22.93,55.85,99.67,60.23,80.68,66,39.34
S100601,31.68,80.0,68.56,45.79,75.32,10,44.28
S100602,39.08,57.51,81.64,33.57,93.35,44,74.94
S100603,37.84,43.35,61.67,28.6,100.0,35,58.24
S100604,30.94,69.52,54.41,41.04,100.0,31,39.06
S100605,32.81,91.83,69.21,53.64,65.24,25,58.78
S100606,31.42,28.08,85.73,50.32,91.59,33,43.15
S100607,32.77,65.68,63.57,38.49,78.95,40,42.57
S100608,38.39,80.13,72.15,42.26,99.11,11,51.89
S100609,19.26,42.65,69.12,47.41,100.0,19,51.02
S100610,34.41,66.8,63.43,47.48,44.4,193,63.21
S100611,37.8,52.91,64.25,78.09,80.2,231,46.77
S100612,30.44,69.83,49.02,43.39,73.15,393,53.04
S100613,31.17,63.96,64.82,52.39,69.34,52,39.47
S100614,31.4,53.15,75.45,58.49,66.15,12,69.68
S100615,31.17,51.91,69.73,61.2,73.3,92,55.73
S100616,35.05,69.11,67.95,28.3,75.66,221,52.02
S100617,36.03,100.0,76.6,49.59,74.74,3,50.21
S100618,18.2,81.37,68.12,34.65,49.67,2,5.66
S100619,40.22,85.16,65.22,56.91,81.92,76,56.9
S100620,32.68,81.96,76.76,14.48,95.83,3,42.18
S100621,50.0,59.54,67.19,69.46,71.63,40,49.54
S100622,25.47,74.66,61.21,60.04,55.37,38,51.47
S100623,28.06,86.47,72.49,33.18,81.43,8,67.49
S100624,33.38,82.43,64.44,59.41,95.91,110,72.71
S100625,38.31,72.92,60.5,44.45,82.35,9,39.92
S100626,19.39,77.8,67.49,45.71,69.09,26,44.65
S100627,28.37,100.0,67.67,40.56,64.26,104,43.84
S100628,39.73,82.59,47.34,64.79,90.59,77,57.55
S100629,27.42,65.27,70.33,54.48,76.52,51,72.41
S100630,45.96,68.89,94.54,56.47,72.21,4,28.62
S100631,31.37,54.19,49.33,33.84,70.89,115,62.64
S100632,27.81,100.0,56.96,47.94,83.3,56,55.06
S100633,39.88,94.06,100.0,37.07,81.75,9,50.44
S100634,47.86,71.25,51.85,39.41,80.81,343,64.31
S100635,38.33,100.0,85.58,26.49,65.53,34,45.86
S100636,45.08,79.49,61.34,34.52,64.62,44,35.86
S100637,48.41,63.54,65.96,45.02,70.24,43,57.82
S100638,27.63,83.6,62.9,55.24,84.35,80,23.89
S100639,42.51,75.98,71.81,78.64,88.24,68,59.66
S100640,22.81,82.57,39.72,65.42,100.0,66,50.11
S100641,38.4,49.46,67.98,54.91,67.45,122,62.9
S100642,34.43,57.85,58.55,28.07,90.88,210,52.55
S100643,44.94,92.33,35.19,62.18,54.2,138,34.2
S100644,44.38,95.4,82.93,31.04,85.25,102,53.83
S100645,39.56,91.23,31.28,72.04,57.31,4,51.53
S100646,37.39,100.0,99.38,34.88,61.62,23,47.28
S100647,39.07,78.66,74.87,68.01,91.29,9,50.13
S100648,35.49,77.61,43.22,40.7,82.29,154,47.46
S100649,34.51,56.3,86.41,32.88,75.24,84,55.01
S100650,46.54,61.29,52.99,29.86,59.09,3,51.44
S100651,47.5,40.18,53.72,50.2,85.54,103,52.12
S100652,33.87,65.18,36.18,62.09,81.3,33,41.21
S100653,36.9,39.12,51.18,48.36,90.85,63,51.23
S100654,35.65,86.21,53.06,29.03,53.95,69,81.36
S100655,22.11,75.83,78.09,43.1,89.3,14,60.96
S100656,32.31,39.61,83.68,59.19,71.87,41,44.67
S100657,47.8,67.15,45.15,44.76,84.37,44,34.57
S100658,29.0,99.51,69.33,55.45,79.06,76,61.02
S100659,50.0,68.12,35.56,60.62,67.23,176,46.14
S100660,44.38,55.02,69.39,23.53,73.82,76,38.82
S100661,38.21,43.22,99.59,33.63,66.84,92,51.86
S100662,39.49,43.67,36.52,59.62,72.12,87,45.99
S100663,27.66,78.03,48.77,76.41,66.36,7,33.02
S100664,32.88,63.49,76.64,66.65,86.02,29,61.26
S100665,46.53,64.74,78.52,58.32,67.1,41,68.15
S100666,30.08,63.55,49.94,68.01,88.37,47,51.06
S100667,43.49,67.9,88.58,45.25,100.0,148,84.91
S100668,23.98,51.59,51.95,40.87,76.15,60,3.56
S100669,25.41,74.74,91.78,29.67,56.27,135,62.99
S100670,50.0,48.66,72.5,49.25,100.0,190,73.49
S100671,34.91,58.66,85.34,37.36,85.24,95,28.98
S100672,30.69,85.16,70.93,78.35,78.05,10,67.1
S100673,45.9,75.64,75.51,41.19,74.38,18,42.18
S100674,44.97,69.83,76.36,34.68,64.23,141,42.98
S100675,42.37,100.0,83.32,58.57,74.92,66,37.31
S100676,30.44,69.11,64.47,48.91,68.3,58,40.19
S100677,32.7,70.32,50.6,49.25,68.44,277,67.1
S100678,37.49,66.04,63.74,62.43,88.79,37,64.25
S100679,40.56,63.35,54.32,29.22,94.57,3,58.05
S100680,30.93,54.84,55.37,40.68,76.61,24,37.57
S100681,36.37,71.26,91.48,12.84,87.53,27,40.0
S100682,37.14,75.33,74.96,50.54,100.0,57,60.59
S100683,45.29,76.16,74.23,43.14,67.39,1,64.44
S100684,41.04,70.97,82.16,25.42,55.49,356,59.65
S100685,22.95,83.89,74.88,49.83,92.49,5,58.55
S100686,33.29,70.44,94.87,16.7,68.99,21,49.38
S100687,27.57,63.86,31.49,55.53,72.09,89,32.34
S100688,39.54,56.1,49.04,61.26,81.85,304,60.34
S100689,42.39,46.77,53.79,48.65,98.59,57,51.02
S100690,35.81,91.91,42.99,44.46,81.97,33,56.44
S100691,32.85,59.51,66.81,56.64,48.21,14,45.43
S100692,35.55,56.11,67.56,38.12,85.37,187,40.23
S100693,36.67,63.74,96.61,45.42,83.47,4,50.61
S100694,29.88,65.82,79.46,71.93,67.1,6,54.1
S100695,25.25,94.58,56.88,48.8,54.47,5,36.88
S100696,18.6,65.08,72.91,63.0,74.27,50,67.89
S100697,45.14,100.0,35.77,43.23,45.45,214,57.67
S100698,38.97,70.96,67.28,53.8,53.2,65,72.64
S100699,37.9,100.0,66.42,35.26,59.74,35,48.11
S100700,45.12,83.41,50.57,54.09,61.21,22,37.23
S100701,24.96,75.42,61.78,59.59,93.19,58,67.27
S100702,21.11,93.67,53.92,30.57,77.74,47,24.89
S100703,38.07,86.83,50.08,76.76,85.23,8,50.42
S100704,37.35,79.52,75.79,39.1,83.12,1,24.39
S100705,21.15,100.0,81.54,58.05,56.92,72,71.14
S100706,37.88,69.83,73.16,49.41,71.55,156,46.39
S100707,31.8,55.08,57.99,42.64,76.58,75,62.32
S100708,28.54,59.86,54.4,64.79,78.01,32,23.4
S100709,32.33,96.28,58.49,34.17,87.19,13,53.41
S100710,15.47,91.76,61.48,45.83,93.88,107,67.15
S100711,30.27,62.12,51.05,57.32,85.55,97,32.06
S100712,29.37,34.68,81.86,75.83,100.0,150,51.34
S100713,39.46,66.91,61.76,53.68,86.58,325,66.07
S100714,33.73,54.8,77.24,82.21,71.98,10,52.96
S100715,40.11,62.59,42.6,43.54,99.26,25,67.46
S100716,14.6,54.18,53.99,47.26,61.71,34,16.9
S100717,28.29,45.86,78.75,55.07,88.01,62,53.05
S100718,39.45,98.25,78.98,42.62,77.75,4,40.83
S100719,32.53,59.74,45.76,19.75,67.13,26,42.9
S100720,41.76,91.19,69.85,29.89,83.14,126,85.51
S100721,20.56,66.68,70.27,42.65,75.72,4,11.61
S100722,40.85,53.04,53.67,64.8,52.31,136,31.77
S100723,29.89,77.64,70.71,64.71,82.76,16,62.84
S100724,29.11,64.13,39.71,24.95,64.52,29,33.02
S100725,42.93,66.89,50.17,55.65,81.84,101,53.34
S100726,44.3,72.17,74.58,34.24,78.09,116,38.21
S100727,43.28,57.82,65.47,57.43,86.46,19,53.17
S100728,50.0,69.83,66.3,41.46,45.91,42,54.42
S100729,45.13,69.23,62.2,73.22,65.14,22,21.0
S100730,28.64,84.46,73.59,36.8,81.61,58,38.91
S100731,36.13,56.48,74.36,53.52,100.0,85,53.08
S100732,32.12,72.31,77.66,52.64,82.08,25,54.87
S100733,50.0,92.58,67.01,38.58,73.4,50,35.84
S100734,43.84,68.65,58.79,69.83,93.1,61,83.87
S100735,33.49,71.29,56.09,44.69,71.16,43,57.53
S100736,42.02,70.83,48.09,30.4,86.49,58,43.2
S100737,25.14,59.76,58.56,29.62,80.78,12,51.02
S100738,37.0,55.1,55.3,70.73,96.08,3,65.95
S100739,27.5,55.16,90.63,39.6,89.92,5,44.43
S100740,21.49,75.52,48.25,50.9,72.81,288,34.52
S100741,41.28,81.37,81.6,40.4,57.47,6,32.25
S100742,42.27,82.08,60.72,50.37,63.96,39,43.74
S100743,38.66,64.32,61.7,41.52,84.45,125,61.22
S100744,33.54,86.4,71.42,60.0,79.22,152,82.0
S100745,24.87,74.61,42.3,44.96,80.41,25,57.34
S100746,25.71,71.06,52.2,37.53,83.81,82,36.64
S100747,27.25,19.91,45.14,46.83,67.72,103,32.02
S100748,33.13,57.74,58.92,66.94,78.43,198,65.93
S100749,43.61,47.18,50.45,50.21,79.85,176,25.98
S100750,43.48,79.41,86.07,42.37,58.43,46,52.72
S100751,21.81,71.43,55.67,54.27,70.82,62,28.14
S100752,29.45,53.92,26.94,53.64,85.87,129,31.59
S100753,29.24,74.57,59.65,34.01,90.48,73,65.06
S100754,14.75,48.65,77.92,58.18,67.88,35,17.62
S100755,39.53,54.34,91.08,35.8,87.49,240,69.16
S100756,33.03,59.35,61.33,51.7,70.78,487,68.68
S100757,34.09,78.1,56.73,58.12,66.81,216,38.3
S100758,45.77,90.99,64.77,43.68,100.0,56,58.52
S100759,35.71,61.21,71.64,44.45,73.77,22,59.49
S100760,31.55,89.84,46.94,29.13,57.88,54,37.07
S100761,39.58,70.71,61.09,72.43,73.43,123,44.83
S100762,43.47,73.54,64.21,55.95,76.01,25,80.94
S100763,37.37,69.04,65.73,26.55,93.69,42,62.82
S100764,40.51,67.04,62.69,76.57,74.62,13,63.22
S100765,33.84,76.59,50.03,61.01,85.68,97,55.93
S100766,34.35,81.1,70.42,44.41,95.94,107,55.65
S100767,35.9,56.73,64.29,52.69,71.25,55,72.28
S100768,28.98,67.16,64.25,42.76,84.36,107,34.62
S100769,30.46,95.04,47.68,49.86,79.06,83,65.92
S100770,46.02,72.66,75.24,35.94,83.38,212,78.42
S100771,50.0,74.3,49.83,47.37,81.51,71,54.86
S100772,47.74,87.51,90.86,66.03,82.19,35,55.83
S100773,24.41,62.48,46.13,20.66,75.72,105,41.2
S100774,23.64,69.49,77.2,22.24,80.38,5,54.75
S100775,25.47,82.25,34.47,48.06,75.91,52,42.66
S100776,36.08,88.58,28.87,34.88,100.0,270,40.06
S100777,12.53,34.52,56.12,80.73,89.08,98,36.89
S100778,30.29,58.95,28.84,38.74,80.03,500,43.52
S100779,46.26,55.02,76.68,28.19,74.93,40,48.89
S100780,42.86,68.14,64.65,68.45,94.68,40,74.67
S100781,30.93,56.16,87.42,34.35,67.77,5,28.66
S100782,31.53,79.96,62.32,34.65,60.75,36,54.3
S100783,39.54,72.59,68.89,46.35,59.62,12,66.9
S100784,42.48,83.34,60.71,60.61,99.46,40,74.6
S100785,30.73,84.3,51.02,50.75,98.68,0,58.15
S100786,33.13,80.19,58.49,74.09,82.4,46,82.55
S100787,30.47,64.96,45.74,22.46,71.6,224,49.48
S100788,24.35,71.56,71.2,27.7,71.76,115,59.88
S100789,33.24,63.09,60.07,67.95,100.0,22,24.89
S100790,32.63,49.53,63.4,23.22,78.64,25,51.94
S100791,24.91,84.31,100.0,37.21,85.15,30,56.77
S100792,40.17,68.74,58.55,69.0,73.4,8,50.89
S100793,38.87,47.46,70.02,33.79,81.36,386,69.04
S100794,40.57,78.05,64.13,54.48,85.67,88,55.59
S100795,28.86,66.64,83.52,54.96,100.0,107,63.02
S100796,19.13,39.1,68.82,54.61,78.7,95,24.88
S100797,38.74,49.39,60.66,17.45,87.75,50,51.61
S100798,29.69,59.49,100.0,63.82,74.64,136,73.52
S100799,27.87,73.16,51.25,36.37,82.79,56,32.79
S100800,24.94,81.82,61.9,41.7,85.13,39,33.69
S100801,32.8,81.31,79.66,50.15,76.93,32,39.37
S100802,47.62,69.83,51.91,21.42,83.55,244,44.87
S100803,30.96,69.48,77.25,28.66,69.36,3,22.33
S100804,26.28,95.83,57.33,73.68,87.54,6,52.01
S100805,40.22,80.5,81.05,10.41,80.83,250,50.93
S100806,36.38,73.33,80.63,60.8,71.71,93,60.58
S100807,18.05,78.5,63.56,42.52,78.24,81,46.51
S100808,40.3,64.01,48.99,58.79,99.61,137,79.5
S100809,50.0,69.14,58.74,26.86,78.43,199,34.03
S100810,14.2,38.77,64.76,40.61,86.41,181,23.82
S100811,25.11,64.2,79.21,63.95,86.37,176,64.74
S100812,12.21,96.4,70.13,41.25,88.7,146,62.85
S100813,34.4,72.23,73.61,45.81,63.43,10,61.41
S100814,42.92,71.6,70.59,52.08,64.47,81,62.3
S100815,35.84,84.98,78.54,83.14,68.78,54,50.68
S100816,46.14,75.37,61.79,74.23,89.1,121,72.51
S100817,41.64,58.2,67.64,57.75,83.93,248,79.0
S100818,48.62,70.35,65.45,57.44,83.18,36,69.5
S100819,44.28,52.97,57.99,50.68,78.19,112,62.54
S100820,31.78,69.83,81.19,36.14,60.13,19,60.05
S100821,35.53,57.43,80.85,38.12,70.99,44,72.61
S100822,28.05,83.92,84.29,81.48,83.17,103,91.09
S100823,33.15,62.35,52.78,73.66,77.44,7,36.22
S100824,35.49,57.63,70.61,43.44,82.68,158,66.35
S100825,34.32,68.31,82.48,18.67,56.64,199,43.73
S100826,45.74,75.48,89.05,71.53,79.8,164,91.58
S100827,32.36,51.89,40.86,71.22,48.69,0,27.0
S100828,27.54,62.18,64.95,29.65,60.44,130,31.54
S100829,28.04,71.58,61.97,53.92,65.43,182,36.31
S100830,40.24,90.08,90.45,13.76,52.36,330,42.5
S100831,23.77,32.07,29.65,58.33,67.98,3,39.68
S100832,33.39,79.23,48.24,28.97,84.15,66,31.59
S100833,45.62,64.25,87.93,59.55,97.49,171,57.44
S100834,37.34,62.58,57.48,42.18,71.97,105,53.29
S100835,34.4,59.78,44.18,28.14,70.15,154,46.07
S100836,34.71,64.54,89.19,67.91,78.2,96,80.21
S100837,26.76,79.31,42.09,38.2,75.98,2,17.31
S100838,28.14,61.95,81.35,32.65,64.81,168,68.59
S100839,33.44,94.88,40.04,93.33,88.12,77,58.64
S100840,37.17,79.36,41.92,57.98,75.59,23,62.95
S100841,42.59,72.97,68.2,33.09,70.11,91,69.41
S100842,35.74,67.51,51.43,60.4,71.47,58,57.38
S100843,45.82,87.85,69.36,15.35,100.0,101,51.83
S100844,47.84,90.04,93.83,45.09,91.62,51,84.32
S100845,41.36,52.58,62.52,28.87,74.91,9,43.55
S100846,44.8,59.47,91.04,65.53,43.46,195,56.31
S100847,27.07,79.52,70.19,56.27,54.44,92,60.16
S100848,25.81,84.05,80.29,26.44,81.3,100,48.59
S100849,39.14,65.49,27.35,81.49,75.64,117,39.81
S100850,24.27,58.86,75.18,69.53,62.72,57,41.97
S100851,32.68,71.18,72.72,35.1,78.02,100,42.39
S100852,41.17,92.15,59.24,44.51,68.83,19,35.0
S100853,46.31,70.62,95.33,46.58,70.38,51,59.93
S100854,32.97,51.04,57.11,50.24,77.4,94,51.58
S100855,29.8,71.64,39.26,24.41,64.76,131,41.89
S100856,37.56,81.74,77.51,27.54,59.21,276,38.29
S100857,26.41,68.48,42.22,36.34,59.68,158,12.49
S100858,33.61,88.87,66.23,48.74,73.92,3,39.78
S100859,34.94,82.99,86.44,32.89,56.25,16,59.08
S100860,34.78,69.07,72.98,42.57,100.0,91,80.84
S100861,35.71,70.65,61.04,76.92,94.0,7,42.84
S100862,28.32,42.37,59.38,22.17,90.8,429,76.54
S100863,29.18,88.15,85.25,30.48,66.72,51,59.2
S100864,29.02,65.06,45.48,31.89,67.28,93,44.45
S100865,22.04,64.0,77.4,29.32,58.76,4,52.37
S100866,37.73,61.75,100.0,56.12,100.0,45,77.19
S100867,42.16,76.85,73.69,28.71,100.0,22,49.74
S100868,41.37,53.07,61.19,56.44,90.08,9,80.04
S100869,32.9,55.24,62.44,55.2,78.18,89,72.03
S100870,28.51,69.21,57.31,66.4,74.18,301,63.29
S100871,40.95,60.6,54.58,58.1,87.59,29,38.82
S100872,40.11,75.03,66.88,54.86,100.0,211,50.88
S100873,36.74,61.15,75.87,42.89,89.64,0,18.84
S100874,48.95,93.93,90.77,38.53,63.31,87,82.36
S100875,34.79,80.4,33.7,37.28,68.5,61,55.09
S100876,32.94,80.21,25.98,47.57,87.02,37,28.07
S100877,31.8,60.93,91.08,11.36,67.04,43,52.16
S100878,22.51,100.0,65.91,47.62,72.94,73,48.39
S100879,40.29,63.41,66.75,70.18,100.0,65,66.66
S100880,34.16,59.29,73.02,34.72,75.29,57,70.69
S100881,39.08,80.6,62.01,35.26,56.37,326,49.95
S100882,49.74,72.93,96.6,8.35,100.0,117,46.02
S100883,31.87,57.72,72.87,56.33,96.32,16,49.08
S100884,16.3,100.0,57.84,49.83,79.05,199,67.07
S100885,38.85,84.63,59.27,44.28,79.89,54,69.0
S100886,36.33,70.06,62.7,56.93,48.1,1,56.14
S100887,29.14,100.0,52.57,58.27,74.11,123,46.08
S100888,38.18,82.16,92.03,45.61,68.84,35,52.01
S100889,41.29,69.82,66.98,54.54,81.47,500,82.13
S100890,27.43,100.0,46.27,35.4,100.0,63,57.09
S100891,32.59,79.88,71.48,54.07,86.6,25,61.03
S100892,46.81,79.23,88.02,40.61,100.0,112,66.29
S100893,29.23,64.2,81.97,42.03,59.06,26,55.7
S100894,35.53,70.74,52.84,45.01,56.87,2,42.54
S100895,14.0,63.84,47.25,43.06,98.63,8,32.32
S100896,23.15,91.6,87.84,63.35,81.56,86,72.41
S100897,36.26,45.86,39.01,49.26,87.01,19,50.72
S100898,44.82,90.49,70.93,36.1,79.6,22,73.0
S100899,24.1,56.84,55.9,25.62,82.93,13,17.6
S100900,35.6,69.13,86.02,39.54,90.32,24,42.32
S100901,31.99,65.57,48.12,42.24,83.79,114,37.61
S100902,42.62,62.2,52.26,27.45,71.43,58,24.91
S100903,25.26,80.35,74.87,38.36,100.0,19,62.63
S100904,38.44,69.92,77.73,39.65,81.42,23,52.18
S100905,29.77,59.98,86.75,45.1,77.01,38,72.95
S100906,36.78,72.31,72.57,43.65,74.82,449,49.76
S100907,35.55,59.56,70.59,31.26,85.11,15,66.83
S100908,32.99,61.93,81.79,26.73,76.36,130,60.32
S100909,38.82,47.54,43.07,64.79,49.56,161,69.08
S100910,35.35,63.25,50.93,33.27,76.19,249,41.62
S100911,33.94,77.41,44.41,27.31,63.75,74,35.83
S100912,32.15,70.56,22.03,65.67,84.01,8,59.08
S100913,35.62,97.23,78.47,48.12,79.55,2,70.7
S100914,36.78,100.0,87.87,24.37,70.04,47,50.17
S100915,27.09,63.04,73.9,40.95,94.12,35,57.04
S100916,32.2,57.5,71.08,13.94,78.94,159,63.17
S100917,26.56,86.95,66.36,51.97,74.35,73,49.55
S100918,34.68,75.03,65.88,59.51,74.57,148,56.63
S100919,30.26,87.04,92.12,51.2,74.23,68,61.37
S100920,41.17,69.83,89.79,37.61,87.6,21,76.51
S100921,40.38,67.08,55.64,31.4,68.31,18,25.51
S100922,27.62,67.17,82.74,47.82,81.05,40,47.63
S100923,34.98,76.49,84.67,12.99,72.44,2,26.75
S100924,40.11,66.83,75.41,48.41,70.35,55,67.99
S100925,33.6,88.29,71.2,39.9,87.09,25,38.87
S100926,29.17,50.46,70.65,40.79,65.97,4,37.87
S100927,26.26,88.21,41.29,51.34,87.81,51,64.33
S100928,41.83,41.9,39.87,69.66,84.65,82,71.6
S100929,42.22,72.18,77.53,64.52,99.91,8,60.39
S100930,33.34,65.03,47.39,11.51,53.62,75,22.11
S100931,41.13,47.25,42.77,51.34,95.29,229,75.77
S100932,11.28,39.1,31.79,45.85,75.46,38,16.06
S100933,45.62,53.54,57.39,66.92,53.19,320,35.21
S100934,33.74,70.69,70.99,56.84,70.11,122,46.49
S100935,36.13,60.97,72.28,62.53,87.68,1,25.78
S100936,32.44,54.39,78.61,53.14,78.71,232,37.48
S100937,46.17,90.28,58.74,45.54,100.0,57,44.12
S100938,26.51,51.52,66.72,70.73,74.92,73,70.15
S100939,46.8,80.19,78.53,46.03,79.5,75,63.48
S100940,38.17,56.67,72.42,78.52,77.23,40,57.85
S100941,39.98,53.16,55.64,65.58,64.68,47,52.43
S100942,32.37,60.94,69.79,63.76,79.57,59,65.03
S100943,24.53,79.3,33.25,35.02,76.71,270,54.08
S100944,42.44,49.43,65.0,63.12,81.31,20,66.1
S100945,37.49,74.31,55.11,44.54,80.89,197,20.1
S100946,45.89,55.59,89.3,49.83,80.03,298,35.34
S100947,33.45,58.29,49.36,64.0,81.45,44,30.28
S100948,31.65,76.01,66.87,56.66,96.49,23,52.44
S100949,46.1,100.0,58.14,44.65,65.33,50,47.86
S100950,50.0,56.33,56.07,60.85,69.14,9,57.45
S100951,35.07,80.8,71.04,63.86,100.0,138,60.97
S100952,28.98,65.31,58.31,78.43,99.06,30,52.57
S100953,41.48,62.88,94.63,50.54,83.88,29,82.88
S100954,32.97,86.07,33.41,46.58,100.0,90,34.73
S100955,39.79,57.35,75.1,51.94,87.33,66,74.45
S100956,32.93,52.69,63.64,70.31,100.0,71,37.17
S100957,47.51,76.9,64.19,28.24,100.0,56,65.12
S100958,29.4,93.92,69.83,36.32,100.0,48,60.37
S100959,38.84,81.25,80.96,54.1,62.77,30,65.09
S100960,31.09,48.89,69.24,51.62,90.02,27,67.49
S100961,32.75,60.77,81.02,38.41,78.75,408,62.45
S100962,31.7,84.69,65.74,73.4,59.93,41,50.01
S100963,40.91,93.72,48.45,25.98,100.0,57,61.73
S100964,42.35,73.43,63.57,37.0,97.91,40,65.49
S100965,39.46,61.31,83.45,41.42,77.82,104,75.31
S100966,34.14,94.69,58.43,45.67,70.73,15,36.87
S100967,36.12,68.88,47.68,33.51,80.87,4,60.3
S100968,42.18,60.91,74.91,38.26,52.78,292,53.16
S100969,42.43,58.38,70.39,61.86,59.79,61,55.88
S100970,13.48,52.07,52.67,52.52,75.51,64,31.27
S100971,32.82,100.0,61.27,55.84,89.23,50,44.67
S100972,33.21,91.31,62.09,30.05,77.22,4,58.55
S100973,40.35,60.16,65.1,41.48,71.66,90,48.99
S100974,34.47,95.98,75.35,50.65,67.58,67,60.53
S100975,40.75,78.0,58.52,49.28,100.0,12,36.97
S100976,26.37,77.11,76.17,39.38,63.89,59,50.57
S100977,37.08,59.23,56.46,51.46,52.58,21,11.49
S100978,42.2,62.29,91.66,70.5,71.36,82,37.56
S100979,23.2,69.36,92.01,85.95,87.77,88,79.1
S100980,50.0,40.52,51.3,35.29,81.62,28,54.06
S100981,44.53,62.7,45.39,22.1,68.74,8,50.52
S100982,35.01,70.07,80.65,48.02,82.88,128,52.45
S100983,28.37,89.64,69.13,29.5,96.64,81,43.34
S100984,33.6,60.75,73.83,65.01,83.06,74,56.31
S100985,35.67,82.18,54.52,36.82,82.31,73,37.55
S100986,38.53,39.09,62.88,40.24,82.36,102,74.21
S100987,47.01,87.51,59.48,58.53,68.81,21,57.77
S100988,31.19,56.49,69.87,10.57,86.74,42,29.78
S100989,39.5,71.95,45.07,53.35,95.63,20,41.89
S100990,24.66,76.1,63.41,40.83,100.0,6,49.34
S100991,31.69,73.15,44.91,70.83,86.45,190,20.85
S100992,38.01,68.4,56.75,53.66,80.22,4,47.03
S100993,40.53,51.38,63.44,56.4,100.0,4,53.49
S100994,28.97,56.66,73.12,42.92,81.81,31,22.14
S100995,31.47,84.95,74.45,39.73,72.74,31,43.54
S100996,46.68,61.04,77.17,52.7,69.66,3,71.1
S100997,44.3,68.45,41.28,42.71,67.94,117,54.86
S100998,36.67,47.62,85.23,55.97,72.45,10,49.09
S100999,17.11,82.88,54.68,77.22,100.0,7,43.29
S101000,50.0,50.21,55.85,40.97,68.65,7,69.03
S101001,34.84,83.74,69.3,46.24,100.0,83,62.32
S101002,32.5,54.06,59.61,64.33,76.92,15,44.1
S101003,30.82,85.22,70.79,40.63,95.63,69,42.79
S101004,38.01,70.15,73.76,61.07,63.82,18,86.7
S101005,38.09,61.62,52.79,53.98,79.73,145,70.65
S101006,42.61,94.01,62.06,67.56,55.76,17,78.52
S101007,27.59,68.97,62.53,59.6,80.33,45,52.21
S101008,32.5,64.57,80.33,19.07,91.8,64,59.4
S101009,50.0,83.64,57.56,45.04,94.5,170,49.31
S101010,36.8,47.79,56.86,55.55,79.93,19,57.58
S101011,33.62,32.09,48.65,49.84,74.62,78,54.31
S101012,27.47,87.37,50.45,46.01,81.31,3,33.31
S101013,39.05,57.46,43.39,10.5,71.42,119,34.24
S101014,43.25,82.97,53.75,71.04,71.4,60,88.0
S101015,42.0,70.69,90.5,21.53,73.88,232,50.35
S101016,32.93,52.54,76.05,87.67,83.42,119,45.1
S101017,37.89,79.11,85.44,40.27,100.0,41,60.48
S101018,48.37,63.85,49.8,45.33,99.48,43,61.18
S101019,43.57,53.84,33.84,37.43,75.22,1,38.75
S101020,28.73,54.23,70.06,20.37,67.77,146,50.96
S101021,14.63,44.01,94.66,37.42,69.01,131,36.7
S101022,37.37,76.05,57.23,44.68,57.81,67,46.47
S101023,41.39,55.97,66.63,67.86,90.92,38,76.18
S101024,26.29,69.48,39.89,37.98,59.1,131,70.79
S101025,34.93,67.27,65.45,50.02,46.13,75,66.65
S101026,32.89,55.88,63.0,12.33,90.93,17,31.9
S101027,35.83,47.16,31.51,27.48,90.28,22,35.34
S101028,30.64,100.0,48.4,57.28,63.79,74,49.02
S101029,45.32,69.27,47.13,24.47,84.54,91,46.34
S101030,36.18,97.35,39.72,82.05,60.22,10,49.16
S101031,27.97,87.47,53.4,49.78,78.54,146,56.29
S101032,42.34,65.18,73.14,48.5,85.38,56,58.95
S101033,24.89,72.71,54.87,34.04,90.4,18,54.76
S101034,45.28,72.28,83.38,47.59,85.94,67,34.01
S101035,42.93,97.66,59.2,56.81,51.59,167,85.53
S101036,46.12,82.45,70.22,56.82,84.53,5,26.3
S101037,33.73,57.89,72.96,56.99,100.0,20,49.2
S101038,31.03,75.27,89.54,34.6,85.89,66,47.73
S101039,35.67,82.06,53.54,43.69,59.22,0,43.79
S101040,34.32,52.37,72.08,37.63,69.35,16,68.52
S101041,29.78,77.41,49.85,64.0,72.33,22,37.47
S101042,30.57,90.18,92.55,31.66,45.03,172,55.65
S101043,32.07,57.14,48.36,31.33,81.51,59,43.83
S101044,25.64,59.21,71.14,13.2,74.74,80,18.45
S101045,40.42,87.41,89.95,37.72,75.45,0,45.68
S101046,34.58,64.69,45.86,44.19,78.13,39,49.89
S101047,32.53,55.27,74.52,39.21,69.17,47,28.95
S101048,26.12,83.23,49.12,54.19,92.83,146,67.23
S101049,25.72,78.65,100.0,57.69,82.76,56,49.08
S101050,50.0,71.42,34.74,59.81,71.99,5,34.14
S101051,29.98,86.87,40.72,45.35,86.67,139,57.88
S101052,39.88,87.93,47.06,41.65,85.33,19,54.64
S101053,36.3,68.76,47.57,62.6,65.68,94,63.64
S101054,12.8,99.61,73.33,48.38,77.41,56,41.02
S101055,49.34,93.75,93.79,56.25,77.38,89,49.25
S101056,40.47,40.24,83.48,31.68,71.22,44,48.25
S101057,28.86,54.55,68.74,42.47,59.65,211,60.63
S101058,34.77,36.17,65.15,49.71,70.76,18,38.91
S101059,25.81,65.13,55.3,64.91,99.0,6,27.36
S101060,49.61,51.83,71.26,55.5,70.26,61,53.63
S101061,27.74,57.79,61.66,59.15,93.48,200,16.89
S101062,30.82,86.36,68.03,63.35,79.47,18,42.67
S101063,29.16,43.68,53.15,37.56,82.52,144,16.6
S101064,35.64,71.95,45.77,53.15,61.64,33,38.7
S101065,45.96,71.86,65.41,55.65,97.46,8,50.29
S101066,49.31,68.76,65.05,38.84,100.0,71,55.77
S101067,31.81,71.96,55.47,54.28,69.53,59,67.75
S101068,38.03,36.52,52.74,48.83,99.55,146,50.16
S101069,35.66,57.86,73.93,35.02,60.96,9,52.91
S101070,27.15,93.15,72.28,58.67,79.19,83,32.18
S101071,50.0,52.05,95.02,57.37,62.42,77,64.31
S101072,45.9,95.0,87.09,64.45,85.66,423,68.74
S101073,36.51,48.9,45.9,51.68,76.94,32,23.06
S101074,47.66,47.09,61.95,33.3,79.24,4,50.12
S101075,44.7,55.72,43.16,29.16,99.68,42,47.83
S101076,35.65,86.94,35.57,39.76,98.65,50,49.15
S101077,37.61,61.81,100.0,55.9,77.42,37,54.73
S101078,47.1,75.18,88.68,44.97,96.61,80,67.61
S101079,27.43,71.1,54.92,19.55,97.26,25,47.78
S101080,48.39,69.18,84.89,13.46,96.64,16,50.59
S101081,33.2,89.11,87.27,53.63,82.22,48,64.21
S101082,47.2,81.57,34.27,35.78,84.96,104,48.69
S101083,34.96,52.86,78.61,71.68,75.75,178,63.25
S101084,37.7,65.87,57.13,79.9,100.0,87,61.36
S101085,34.73,96.15,71.13,46.0,85.99,38,68.34
S101086,30.75,69.83,100.0,16.18,78.77,110,61.05
S101087,32.84,47.38,90.37,55.6,87.55,17,56.68
S101088,46.03,48.44,62.95,57.93,84.07,112,49.18
S101089,16.49,83.35,87.75,38.33,100.0,56,53.21
S101090,25.09,80.54,34.25,63.2,79.67,25,39.23
S101091,29.2,56.18,73.06,41.57,91.49,94,52.98
S101092,26.37,81.21,73.44,42.6,78.21,43,63.56
S101093,47.08,93.99,76.29,67.85,54.69,56,61.72
S101094,45.06,91.87,56.86,63.04,80.02,87,59.16
S101095,39.74,94.06,71.11,60.93,92.8,40,62.52
S101096,29.9,78.33,78.7,51.99,82.04,341,74.21
S101097,45.68,67.34,27.83,57.18,62.66,49,27.27
S101098,22.29,63.96,59.94,69.93,100.0,331,61.95
S101099,50.0,69.74,50.55,88.65,62.15,21,41.83
S101100,29.52,56.86,75.59,44.04,68.41,15,64.9
S101101,32.9,64.61,87.05,52.27,63.12,80,18.26
S101102,31.57,89.13,55.21,40.59,64.46,63,50.34
S101103,26.42,45.86,47.58,64.01,80.67,62,36.65
S101104,50.0,46.89,66.87,24.84,89.16,424,58.98
S101105,41.31,82.46,46.55,62.92,71.2,0,36.72
S101106,44.72,64.75,61.38,38.15,88.47,48,63.6
S101107,25.21,41.12,59.69,45.24,91.54,29,26.65
S101108,36.45,69.08,74.28,14.42,75.07,45,36.98
S101109,39.17,66.94,70.04,74.35,57.29,223,77.76
S101110,37.17,63.53,67.58,42.7,100.0,132,43.42
S101111,25.72,80.29,91.19,28.32,69.94,18,57.38
S101112,43.6,50.0,69.32,33.13,46.85,97,59.67
S101113,35.97,70.19,58.31,26.32,74.16,69,38.76
S101114,27.36,66.84,60.28,62.13,88.76,42,43.71
S101115,20.16,70.57,52.77,40.63,91.0,33,37.84
S101116,39.85,44.02,48.7,67.13,62.95,73,71.93
S101117,50.0,62.16,42.77,60.95,52.27,51,34.77
S101118,26.88,70.3,83.15,54.68,84.59,64,66.6
S101119,36.36,78.12,53.51,53.48,87.75,119,59.19
S101120,43.88,97.7,70.05,57.26,96.77,273,74.91
S101121,24.84,82.09,60.2,42.28,95.05,42,46.28
S101122,31.16,76.92,64.53,54.72,82.2,44,52.22
S101123,28.12,89.07,83.46,63.26,66.22,147,36.01
S101124,42.88,65.44,67.83,40.48,72.76,11,59.94
S101125,45.6,93.31,50.24,46.56,76.36,129,58.09
S101126,36.27,86.79,55.97,60.28,66.27,40,63.14
S101127,28.27,63.31,78.76,66.66,96.21,43,55.66
S101128,31.46,98.86,72.73,53.64,95.42,28,46.0
S101129,29.96,76.7,79.76,50.27,59.06,10,54.26
S101130,27.18,100.0,61.18,68.38,75.17,109,48.59
S101131,34.18,74.55,42.66,20.06,100.0,183,52.05
S101132,39.6,61.57,73.11,50.73,97.44,56,61.79
S101133,38.92,58.49,69.05,33.52,82.82,17,31.23
S101134,34.93,64.66,69.46,53.65,96.44,30,51.19
S101135,35.46,61.43,42.89,82.41,100.0,7,60.36
S101136,34.35,89.07,54.76,48.36,81.42,142,58.59
S101137,24.62,69.57,49.99,49.38,59.65,59,38.75
S101138,36.28,45.79,71.39,48.03,92.9,308,60.81
S101139,30.33,73.2,71.94,13.72,93.67,118,74.97
S101140,24.22,71.88,64.3,11.45,64.91,104,49.86
S101141,37.97,62.97,80.48,32.2,83.91,46,58.92
S101142,30.11,74.01,88.85,27.77,68.14,34,30.5
S101143,36.82,69.34,70.65,56.16,55.33,26,66.42
S101144,41.78,79.51,75.74,52.32,83.31,357,65.99
S101145,27.4,78.62,56.34,35.98,100.0,21,55.76
S101146,35.74,75.47,53.39,38.23,84.82,13,34.57
S101147,20.52,50.52,81.16,58.68,82.65,51,22.23
S101148,47.26,100.0,51.0,40.2,60.01,58,57.85
S101149,24.13,46.66,76.15,48.11,89.42,16,44.51
S101150,30.88,68.07,92.51,48.34,71.7,34,42.18
S101151,45.71,53.58,75.46,38.72,68.33,28,50.5
S101152,33.12,75.95,63.71,44.49,93.23,108,46.11
S101153,25.42,72.08,43.55,77.99,61.77,54,48.19
S101154,40.7,67.47,67.61,53.75,76.82,120,83.83
S101155,40.52,92.77,81.15,68.58,62.78,8,81.91
S101156,29.93,86.63,62.14,20.51,75.51,30,24.25
S101157,30.8,65.09,81.34,51.94,47.12,28,73.93
S101158,31.52,82.06,70.84,74.01,88.12,49,61.68
S101159,33.34,93.47,69.66,40.96,85.85,41,66.12
S101160,19.86,86.52,59.93,54.71,100.0,24,25.57
S101161,33.55,67.96,41.7,52.78,83.64,136,69.63
S101162,49.27,46.15,58.2,76.0,66.47,190,62.3
S101163,27.83,74.87,58.07,74.49,94.88,119,45.69
S101164,30.33,80.03,74.21,38.98,94.53,96,62.83
S101165,25.53,58.46,64.76,50.38,99.6,71,52.65
S101166,39.9,70.34,82.33,41.43,50.59,33,52.87
S101167,44.63,68.76,69.5,36.3,69.48,201,56.89
S101168,44.44,90.82,56.93,38.45,66.39,84,52.04
S101169,25.02,97.81,51.96,39.79,100.0,176,63.49
S101170,39.0,87.63,55.35,40.72,92.08,48,55.64
S101171,46.47,68.72,67.57,46.8,96.96,42,66.05
S101172,39.08,87.22,59.04,41.88,63.73,6,45.38
S101173,38.83,79.73,47.78,42.85,81.99,33,65.28
S101174,31.23,68.88,81.11,67.01,55.59,39,49.69
S101175,36.76,100.0,67.44,35.54,63.47,55,49.26
S101176,44.89,58.93,69.4,37.37,81.85,52,31.92
S101177,37.63,79.06,51.84,53.83,83.33,200,34.0
S101178,25.01,82.59,48.33,43.44,85.9,57,35.61
S101179,31.35,65.69,62.4,45.3,70.25,149,45.62
S101180,44.67,78.39,32.55,50.81,86.38,11,46.97
S101181,37.6,84.18,77.48,60.37,80.07,68,69.15
S101182,35.95,73.67,53.74,60.98,100.0,62,59.19
S101183,30.57,77.09,60.72,40.74,73.6,14,31.47
S101184,44.51,71.58,71.83,60.85,52.48,22,46.93
S101185,48.3,81.96,61.41,48.05,89.25,56,58.2
S101186,45.11,66.57,46.31,42.55,85.04,59,45.94
S101187,46.54,65.32,89.09,48.48,66.65,184,67.02
S101188,32.13,70.31,40.48,46.4,75.1,14,57.2
S101189,31.0,87.76,29.22,49.36,82.91,29,49.25
S101190,33.75,43.79,78.99,73.61,74.31,22,53.39
S101191,35.31,56.36,41.65,52.26,63.34,122,26.84
S101192,46.45,100.0,85.04,30.13,77.0,19,65.77
S101193,44.33,74.13,71.03,45.95,93.26,183,64.75
S101194,39.31,63.89,69.53,88.53,74.58,213,56.36
S101195,23.55,81.92,55.9,61.63,83.18,10,42.52
S101196,21.5,58.22,51.79,47.31,77.28,20,46.51
S101197,36.92,38.46,58.98,83.03,61.47,39,67.82
S101198,42.04,75.32,50.96,49.47,78.4,161,77.41
S101199,34.36,59.04,84.32,60.06,73.32,10,87.64
S101200,50.0,71.52,53.12,82.09,91.38,34,73.76
S101201,26.34,74.94,73.1,31.53,98.53,97,37.37
S101202,25.33,72.13,81.08,33.85,93.23,103,51.27
S101203,29.69,44.37,50.9,59.71,68.97,35,47.57
S101204,29.38,70.39,71.03,81.25,62.56,264,48.29
S101205,39.21,76.67,50.7,33.59,57.29,35,51.42
S101206,31.63,49.0,62.22,47.59,82.54,76,45.51
S101207,22.62,47.21,57.66,44.67,69.36,76,23.19
S101208,42.13,53.96,53.87,80.57,63.31,129,56.45
S101209,20.92,81.2,67.52,69.31,100.0,35,56.71
S101210,26.43,40.03,45.57,32.25,87.29,42,23.92
S101211,22.02,82.45,79.87,23.13,85.04,43,55.75
S101212,36.66,75.88,47.7,33.15,84.29,5,0.0
S101213,36.49,66.14,44.73,36.87,100.0,106,69.47
S101214,50.0,47.79,60.96,37.47,77.49,117,62.99
S101215,42.31,58.05,59.04,35.49,89.27,137,58.97
S101216,46.53,81.73,70.69,41.01,93.55,100,60.49
S101217,37.31,88.85,66.36,57.82,100.0,72,45.95
S101218,27.18,54.53,38.96,43.86,79.98,66,37.26
S101219,36.02,87.13,80.79,58.91,98.52,83,92.84
S101220,39.74,80.29,60.56,59.36,52.57,1,35.71
S101221,40.63,69.9,68.86,51.83,100.0,48,51.22
S101222,31.22,58.93,100.0,12.18,86.34,3,50.58
S101223,38.91,61.28,85.58,39.04,91.33,54,52.63
S101224,27.54,97.34,68.37,39.19,60.74,13,47.82
S101225,26.65,72.68,43.03,57.2,59.77,1,33.78
S101226,26.07,89.95,43.3,22.53,70.31,105,40.72
S101227,35.2,73.62,83.59,27.8,80.3,98,28.93
S101228,25.58,63.21,58.57,64.83,76.18,39,50.65
S101229,31.6,78.76,62.31,54.4,73.85,5,57.53
S101230,42.22,100.0,46.67,41.78,77.05,295,64.46
S101231,26.77,60.34,72.13,49.43,44.98,13,38.73
S101232,30.97,83.71,83.26,58.21,86.4,54,66.56
S101233,35.57,72.86,89.38,47.44,77.45,25,79.77
S101234,36.98,48.26,57.83,38.86,94.27,11,33.42
S101235,31.01,47.92,75.32,21.24,72.86,58,63.39
S101236,41.29,69.83,63.48,78.22,74.42,17,58.42
S101237,39.72,75.21,79.08,25.29,82.37,36,48.69
S101238,44.12,83.18,64.94,28.38,90.26,75,52.02
S101239,34.35,46.44,51.81,44.06,97.26,39,65.35
S101240,30.9,79.79,86.12,27.42,79.39,59,31.97
S101241,29.54,68.22,66.58,74.17,86.43,21,53.23
S101242,37.46,70.05,59.38,18.45,80.5,95,36.85
S101243,31.98,78.83,67.84,37.4,75.59,81,37.09
S101244,30.45,96.19,53.21,45.04,51.16,94,33.48
S101245,31.41,74.55,71.64,54.0,83.09,33,52.9
S101246,29.53,49.65,61.86,27.99,66.34,226,46.77
S101247,36.59,67.19,52.28,55.09,93.06,78,57.59
S101248,23.7,82.78,100.0,59.94,66.98,11,66.67
S101249,37.42,83.28,48.88,43.2,71.48,295,49.77
S101250,40.41,79.99,70.65,40.24,67.67,56,52.14
S101251,30.35,62.35,65.91,40.04,88.0,96,46.66
S101252,50.0,49.48,48.59,18.42,75.45,37,18.54
S101253,35.14,78.84,59.6,43.8,88.53,47,55.98
S101254,22.51,51.79,43.52,41.74,39.95,105,45.87
S101255,32.75,80.4,98.06,50.41,100.0,160,50.0
S101256,35.5,80.4,60.71,61.77,64.85,258,77.14
S101257,38.59,62.98,62.07,23.13,91.53,368,52.37
S101258,32.94,68.31,96.12,74.34,87.5,72,46.08
S101259,26.91,72.98,51.82,27.18,90.68,7,37.12
S101260,26.24,60.78,85.71,73.65,67.73,69,60.43
S101261,29.77,49.27,74.48,37.82,74.92,18,65.73
S101262,30.54,69.41,33.34,45.64,85.98,84,51.15
S101263,25.92,70.98,59.06,41.77,80.06,33,51.09
S101264,29.14,90.42,71.99,60.6,66.36,59,34.64
S101265,40.28,58.27,65.57,72.29,88.6,87,32.61
S101266,48.19,86.03,65.61,56.87,100.0,191,55.86
S101267,41.04,52.79,55.29,67.12,73.67,126,40.95
S101268,45.45,49.83,53.59,46.16,87.32,2,40.69
S101269,42.79,65.49,60.07,47.22,83.42,13,82.34
S101270,41.67,55.89,96.38,39.48,74.44,162,62.75
S101271,32.3,49.62,50.48,53.97,92.09,109,53.02
S101272,36.13,99.16,57.28,32.61,91.89,13,36.21
S101273,31.64,63.23,65.46,17.46,71.75,71,51.33
S101274,33.25,69.83,41.59,67.79,100.0,71,77.75
S101275,35.55,55.08,71.91,59.44,80.16,119,69.58
S101276,40.71,44.37,44.39,31.27,96.13,134,82.03
S101277,38.39,89.37,47.6,40.59,85.17,90,56.97
S101278,33.71,59.1,46.84,36.16,80.59,100,38.57
S101279,35.44,72.08,38.75,45.99,79.88,88,31.21
S101280,38.47,49.67,85.29,64.93,90.14,13,55.06
S101281,40.34,69.43,73.35,44.89,63.5,92,46.9
S101282,22.85,49.43,79.76,51.7,85.57,51,49.37
S101283,26.38,68.89,78.3,28.56,99.65,305,42.42
S101284,43.86,62.89,62.31,48.82,87.66,99,40.71
S101285,34.51,69.83,64.53,67.45,53.8,37,55.47
S101286,31.61,79.39,81.22,61.07,59.25,193,43.66
S101287,32.89,73.62,91.21,43.58,80.32,21,55.67
S101288,32.89,76.77,44.87,54.59,68.2,50,48.99
S101289,39.46,68.36,100.0,62.17,93.35,5,39.01
S101290,26.14,63.47,43.95,31.99,72.89,79,43.55
S101291,35.2,77.05,57.61,43.55,88.27,65,78.6
S101292,36.97,68.33,66.19,38.8,100.0,56,56.92
S101293,38.17,68.9,67.65,17.05,80.35,19,41.93
S101294,36.78,75.97,96.42,54.54,64.82,55,48.12
S101295,39.13,54.5,81.19,44.95,85.94,49,64.64
S101296,30.42,91.44,71.61,33.82,84.24,2,54.63
S101297,27.47,66.26,81.57,55.67,83.75,14,53.54
S101298,50.0,71.86,70.53,31.55,100.0,186,94.62
S101299,32.59,69.33,54.19,42.54,62.21,124,44.44
S101300,33.52,79.79,72.77,41.02,94.99,10,49.53
S101301,40.42,75.09,66.08,37.89,70.91,288,64.22
S101302,47.77,69.25,51.51,51.42,100.0,50,60.1
S101303,30.64,91.73,85.2,70.27,48.17,111,59.37
S101304,27.01,21.95,64.13,37.58,100.0,62,52.55
S101305,25.06,88.64,47.07,58.03,75.94,116,35.97
S101306,47.74,69.83,49.6,65.76,61.85,87,41.96
S101307,26.7,42.46,73.56,42.56,93.61,5,34.9
S101308,34.78,83.94,81.79,34.97,87.67,196,69.55
S101309,27.18,69.83,72.71,26.44,86.8,117,38.36
S101310,23.41,78.43,72.78,64.87,93.94,20,55.06
S101311,32.66,46.61,52.03,44.93,80.55,21,35.25
S101312,27.5,80.24,66.49,23.51,75.61,93,74.65
S101313,29.47,85.11,59.72,41.5,62.61,97,53.28
S101314,50.0,61.42,61.88,47.28,78.29,7,42.59
S101315,38.4,76.62,63.21,50.6,72.33,188,41.8
S101316,42.45,64.7,54.44,58.68,79.87,110,46.6
S101317,41.6,83.28,77.03,60.94,81.69,331,48.43
S101318,34.19,65.3,48.85,40.9,100.0,45,33.93
S101319,31.48,61.3,44.22,36.24,68.79,7,38.79
S101320,36.99,69.41,52.44,33.43,77.88,189,43.9
S101321,36.35,49.88,79.13,27.41,73.47,134,62.65
S101322,30.45,67.92,70.43,70.09,58.96,0,58.44
S101323,36.04,75.43,36.47,45.44,100.0,60,46.77
S101324,29.35,83.05,74.56,79.28,65.96,1,42.35
S101325,33.63,73.73,64.22,10.85,85.54,35,19.24
S101326,32.32,48.51,58.32,40.5,100.0,163,43.56
S101327,24.85,90.28,61.13,50.42,61.41,90,60.62
S101328,16.19,91.54,43.66,61.63,93.14,152,23.46
S101329,27.49,71.69,67.77,52.67,56.91,65,47.28
S101330,49.43,58.72,44.72,36.71,67.96,119,51.68
S101331,32.52,62.03,59.4,65.26,88.42,53,62.97
S101332,41.21,66.95,59.42,38.41,75.91,56,37.23
S101333,18.0,74.18,77.32,55.83,100.0,73,64.54
S101334,26.93,65.43,65.64,38.69,81.93,12,34.87
S101335,24.16,57.12,76.3,28.91,87.81,83,56.84
S101336,33.38,85.35,45.87,48.6,69.65,155,37.65
S101337,50.0,73.86,63.28,48.98,64.42,14,60.79
S101338,38.68,54.21,73.49,40.94,62.66,38,30.01
S101339,48.56,74.37,84.88,55.73,65.98,202,80.46
S101340,32.96,72.43,46.77,36.95,69.58,30,40.74
S101341,45.92,59.23,51.54,58.6,97.36,166,61.37
S101342,50.0,87.93,73.08,46.13,86.05,82,66.51
S101343,34.13,69.83,90.79,54.52,60.83,148,61.77
S101344,30.69,66.75,69.57,52.61,73.82,12,57.66
S101345,24.46,68.75,47.24,75.14,79.54,124,40.12
S101346,32.53,76.66,47.55,54.55,100.0,2,10.14
S101347,35.66,68.92,67.16,48.24,80.13,40,63.14
S101348,50.0,68.79,70.72,50.46,86.8,26,40.64
S101349,24.64,85.99,61.46,59.85,65.11,82,48.05
S101350,35.48,48.72,47.73,60.67,90.81,116,36.04
S101351,20.49,51.23,82.62,18.68,100.0,34,16.39
S101352,31.59,81.65,59.42,35.19,77.74,145,40.61
S101353,37.49,100.0,73.43,31.29,89.23,64,54.73
S101354,39.1,83.15,36.63,41.7,88.63,112,23.24
S101355,39.71,97.96,84.22,32.93,81.04,103,28.6
S101356,38.18,63.48,54.04,49.27,99.36,12,40.97
S101357,39.64,60.44,86.51,60.82,68.02,105,65.03
S101358,35.37,76.85,74.8,40.88,66.92,140,44.73
S101359,26.62,84.3,42.14,49.38,80.07,3,36.9
S101360,20.19,50.33,68.93,40.01,74.4,14,19.36
S101361,30.63,66.8,91.5,52.31,36.33,59,63.84
S101362,33.92,69.59,55.43,58.04,69.03,5,38.31
S101363,45.03,59.82,91.53,71.16,48.05,36,45.28
S101364,34.2,61.57,71.17,54.87,75.19,146,61.2
S101365,33.43,82.65,86.45,47.23,90.7,9,54.0
S101366,38.08,77.05,67.55,70.77,80.81,12,59.09
S101367,32.84,81.98,63.02,38.6,82.0,10,45.56
S101368,41.48,75.05,94.39,47.3,77.67,63,58.2
S101369,50.0,56.9,76.54,29.66,83.18,29,54.66
S101370,50.0,76.35,61.23,57.08,100.0,136,62.4
S101371,35.78,55.72,71.78,56.05,74.72,70,59.73
S101372,37.7,65.32,55.96,35.46,79.8,89,35.29
S101373,47.63,54.46,66.73,59.61,67.03,29,42.65
S101374,33.8,60.84,84.13,31.34,51.44,54,86.63
S101375,40.43,71.36,62.41,41.1,83.98,37,49.12
S101376,25.92,63.14,51.01,62.62,96.98,55,50.18
S101377,32.51,56.75,49.53,71.75,100.0,93,44.73
S101378,44.25,87.07,66.18,39.08,77.19,48,63.53
S101379,29.25,68.21,52.08,34.32,76.11,6,46.86
S101380,33.98,62.08,42.08,65.19,94.03,37,39.49
S101381,22.41,53.76,45.82,50.49,100.0,176,44.96
S101382,50.0,41.92,83.8,66.04,61.46,56,94.64
S101383,45.1,66.67,62.72,44.66,89.97,143,53.57
S101384,36.5,49.33,65.92,50.71,100.0,16,41.85
S101385,39.06,80.68,49.53,50.58,76.27,7,60.57
S101386,38.17,70.44,55.7,38.69,62.63,134,66.03
S101387,46.07,93.38,55.18,65.53,91.78,88,58.98
S101388,30.85,73.35,60.57,80.39,59.82,57,56.09
S101389,40.86,59.1,38.47,55.0,97.85,93,59.47
S101390,43.62,41.8,82.43,44.63,100.0,214,50.35
S101391,44.72,69.83,64.74,69.25,72.5,11,50.39
S101392,16.93,50.52,68.23,50.18,100.0,15,71.87
S101393,30.21,63.88,79.63,75.76,89.47,71,69.08
S101394,26.85,95.11,78.4,37.38,100.0,98,57.4
S101395,36.2,79.16,55.8,31.53,70.25,83,62.81
S101396,18.87,75.85,74.67,51.85,89.35,23,43.15
S101397,18.64,84.16,74.51,40.57,83.63,78,31.95
S101398,50.0,83.61,70.06,59.88,68.22,66,95.98
S101399,39.94,93.71,81.98,48.37,74.72,2,43.77
S101400,35.97,60.97,77.79,37.59,88.64,78,48.4
S101401,37.91,64.35,76.64,45.44,63.13,48,44.51
S101402,36.17,56.16,86.84,34.84,61.98,154,76.43
S101403,42.98,69.51,65.46,59.52,60.84,85,48.47
S101404,29.94,68.02,65.92,43.06,68.36,63,76.01
S101405,36.49,43.68,78.11,78.3,84.29,181,58.17
S101406,36.82,60.19,62.14,30.69,72.4,87,8.44
S101407,26.63,91.59,72.71,72.0,99.17,23,60.87
S101408,45.22,73.66,56.04,35.6,58.34,50,43.86
S101409,31.43,80.73,28.53,29.7,87.7,89,40.25
S101410,43.14,68.19,74.57,73.14,74.5,137,76.68
S101411,35.92,41.69,40.22,65.74,78.43,27,37.74
S101412,48.07,68.07,53.81,74.22,90.27,104,75.45
S101413,26.67,85.63,78.12,61.96,40.48,92,85.15
S101414,26.32,52.21,78.31,42.25,47.93,13,23.14
S101415,27.75,81.21,83.8,65.19,79.06,13,73.45
S101416,36.07,44.47,32.68,47.33,76.66,56,39.39
S101417,47.33,70.3,69.74,44.9,58.58,42,43.16
S101418,47.74,78.17,60.88,80.97,100.0,11,72.27
S101419,16.52,65.32,80.81,54.21,62.62,7,49.31
S101420,37.0,100.0,88.62,46.41,72.02,182,62.4
S101421,9.3,62.6,44.06,55.62,97.25,17,33.96
S101422,41.36,61.32,65.25,48.0,69.87,37,51.65
S101423,43.95,73.07,78.32,49.68,66.98,50,39.48
S101424,34.68,58.68,59.59,43.72,85.84,7,49.03
S101425,35.67,48.38,92.93,78.69,68.85,12,41.87
S101426,35.59,53.53,58.58,17.98,85.92,60,72.41
S101427,28.72,81.37,60.2,35.67,87.7,96,48.34
S101428,38.45,65.43,47.83,57.49,85.69,149,51.33
S101429,33.15,95.53,67.46,23.68,97.68,159,40.12
S101430,42.44,63.38,16.71,57.07,74.21,63,46.18
S101431,34.09,80.66,61.04,37.46,72.44,27,46.06
S101432,28.11,77.66,85.3,46.17,78.72,69,69.99
S101433,22.71,63.16,42.65,55.44,37.55,78,27.24
S101434,20.09,56.82,39.11,54.87,83.21,27,45.3
S101435,45.5,44.02,82.86,37.47,75.06,88,74.98
S101436,31.34,78.3,85.03,53.77,85.74,15,46.03
S101437,37.71,87.97,43.31,55.65,66.56,28,60.67
S101438,49.27,46.15,92.72,23.8,100.0,213,62.43
S101439,30.5,64.44,71.92,31.55,76.88,57,53.61
S101440,29.98,60.0,81.78,45.46,92.53,13,67.44
S101441,33.94,78.27,52.33,66.69,72.39,88,57.5
S101442,35.24,65.07,88.82,33.24,87.0,21,42.39
S101443,50.0,89.84,60.71,61.31,56.67,3,42.58
S101444,47.53,64.23,60.01,38.05,47.05,164,58.28
S101445,39.97,51.45,72.72,26.95,76.9,46,40.48
S101446,46.6,62.97,58.73,61.45,79.7,120,56.67
S101447,33.57,64.62,40.67,59.71,78.56,154,46.49
S101448,37.39,77.89,67.11,48.22,75.66,68,73.13
S101449,32.59,64.4,59.91,34.32,73.98,8,43.71
S101450,24.68,76.6,52.71,59.79,90.13,31,44.29
S101451,44.63,58.14,84.85,23.11,100.0,23,73.6
S101452,39.25,65.58,100.0,77.98,100.0,74,78.32
S101453,35.14,58.22,50.29,74.25,96.42,42,72.11
S101454,34.98,57.3,68.16,52.35,45.69,43,47.28
S101455,22.95,89.12,58.62,66.55,95.76,85,31.87
S101456,27.18,59.27,100.0,49.8,95.57,3,52.06
S101457,37.69,64.79,72.87,75.71,78.49,11,57.14
S101458,30.77,85.67,79.83,27.72,93.91,176,53.48
S101459,33.26,81.25,83.91,48.43,85.4,145,58.6
S101460,34.16,94.62,67.08,35.21,79.78,227,66.39
S101461,29.54,77.24,62.02,41.91,83.8,19,21.42
S101462,27.26,60.99,89.3,11.73,71.69,33,52.07
S101463,22.1,100.0,77.45,49.45,52.4,9,34.94
S101464,33.83,78.73,51.47,72.37,51.84,82,68.55
S101465,39.95,67.68,53.41,44.28,93.75,122,65.05
S101466,21.85,70.86,58.77,22.67,64.61,77,53.72
S101467,34.81,72.69,83.55,65.14,57.06,73,58.37
S101468,37.25,66.45,88.58,50.82,56.75,130,51.85
S101469,27.08,49.36,99.43,58.73,72.86,7,49.56
S101470,46.38,94.4,53.66,59.17,100.0,108,77.34
S101471,31.91,69.67,67.24,54.87,77.82,178,62.43
S101472,34.19,72.75,58.6,33.87,58.53,83,41.58
S101473,33.71,100.0,62.08,85.25,100.0,92,42.59
S101474,20.83,59.75,79.88,54.2,84.9,82,45.13
S101475,43.07,79.83,64.27,38.35,74.8,139,76.58
S101476,27.36,58.12,86.05,42.79,87.28,40,49.89
S101477,33.11,74.82,56.74,77.23,80.18,156,66.74
S101478,39.78,73.02,76.86,50.75,69.24,25,33.54
S101479,46.69,81.86,57.92,31.56,71.8,10,30.1
S101480,26.36,88.12,35.6,53.45,61.45,5,39.4
S101481,31.43,61.31,48.66,41.28,72.95,8,52.94
S101482,46.06,91.25,66.99,72.58,93.96,49,74.71
S101483,38.71,92.31,95.74,55.46,93.54,72,58.78
S101484,40.37,66.25,57.65,73.99,77.36,81,79.23
S101485,26.59,69.9,62.29,38.73,77.53,67,50.4
S101486,31.97,62.58,72.83,64.07,64.5,19,54.37
S101487,33.66,65.42,55.41,32.9,85.94,161,35.25
S101488,28.14,69.83,57.26,53.07,59.25,19,26.95
S101489,21.6,81.66,66.15,73.43,92.48,140,60.24
S101490,30.92,39.25,58.01,34.76,86.28,100,24.73
S101491,45.83,59.54,36.47,49.15,76.02,35,66.01
S101492,35.47,69.31,54.6,60.04,86.53,44,27.88
S101493,45.99,89.5,74.84,34.12,74.88,134,62.98
S101494,36.43,61.82,75.34,62.64,82.83,337,69.51
S101495,28.88,76.42,86.38,47.57,83.22,22,54.32
S101496,45.22,68.79,85.09,33.04,97.5,93,67.78
S101497,36.7,84.18,50.6,45.04,87.34,6,44.25
S101498,42.69,75.63,53.07,41.55,95.73,7,54.69
S101499,26.45,82.45,53.78,15.58,85.9,48,55.03
S101500,43.31,61.74,62.57,84.36,79.14,1,65.7
S101501,43.55,54.79,55.03,43.11,87.72,193,38.16
S101502,37.32,75.51,62.21,69.84,85.17,39,50.69
S101503,28.54,62.68,51.04,76.95,74.58,38,54.88
S101504,34.63,70.45,77.55,27.27,58.89,32,55.92
S101505,39.89,74.76,49.83,39.32,72.17,28,37.72
S101506,36.88,88.63,49.04,62.34,72.06,8,43.43
S101507,39.81,81.8,73.32,49.75,88.33,75,62.5
S101508,43.1,59.78,76.56,33.07,79.02,23,60.38
S101509,29.81,52.82,61.4,46.2,67.81,34,59.55
S101510,25.76,95.61,78.9,63.15,77.53,33,41.2
S101511,34.7,69.83,77.75,29.33,75.19,33,42.58
S101512,32.36,63.21,95.39,54.25,66.22,169,32.63
S101513,41.29,79.68,76.73,41.17,100.0,51,41.35
S101514,26.4,94.58,92.32,64.39,77.21,57,52.44
S101515,43.16,67.16,65.99,62.76,68.12,123,72.22
S101516,45.83,70.41,87.39,48.06,55.07,29,46.15
S101517,35.0,56.87,87.73,58.44,81.31,114,63.2
S101518,35.49,71.9,62.72,42.63,87.77,16,46.18
S101519,28.86,52.75,53.98,53.38,70.23,99,62.92
S101520,30.66,58.75,56.8,37.17,82.1,12,67.19
S101521,31.73,81.46,71.64,22.91,63.63,93,61.46
S101522,46.54,69.83,46.6,42.43,76.56,51,43.99
S101523,34.43,83.76,57.74,44.1,96.27,5,41.62
S101524,24.42,67.7,84.16,46.98,76.5,73,46.08
S101525,37.04,49.47,75.67,75.35,70.34,94,76.9
S101526,41.61,87.53,27.36,48.45,100.0,18,74.55
S101527,34.8,50.27,43.68,40.56,82.97,219,63.05
S101528,46.75,60.97,99.54,12.79,72.45,21,45.8
S101529,41.22,67.0,83.87,43.57,67.02,30,42.92
S101530,26.61,85.09,55.67,49.5,62.77,107,37.68
S101531,30.59,62.1,41.19,41.82,86.4,18,33.57
S101532,36.81,56.1,45.01,58.29,91.51,203,79.1
S101533,21.67,72.44,73.15,57.84,80.0,82,71.15
S101534,37.69,66.79,96.63,45.86,77.02,111,62.78
S101535,20.91,62.99,95.61,46.01,88.82,10,33.07
S101536,43.19,73.25,39.79,48.67,58.73,138,62.1
S101537,42.26,51.95,60.27,58.13,81.14,67,47.21
S101538,39.04,44.17,51.29,57.26,80.26,117,43.29
S101539,29.59,100.0,67.19,62.5,86.22,6,28.51
S101540,36.36,71.56,43.7,29.26,87.18,75,45.13
S101541,30.89,72.61,56.27,19.06,73.88,94,74.4
S101542,26.75,58.27,51.12,57.12,100.0,55,57.41
S101543,32.29,83.47,73.38,37.49,63.73,144,49.5
S101544,40.59,62.0,56.76,18.23,72.85,225,38.94
S101545,35.35,28.21,59.06,49.58,92.87,20,41.45
S101546,46.61,61.49,73.17,15.53,70.48,5,49.02
S101547,41.13,65.78,91.28,40.58,81.67,119,88.84
S101548,40.27,67.45,98.85,54.81,72.01,52,88.29
S101549,22.13,67.01,72.3,56.48,74.13,5,37.31
S101550,32.72,60.33,63.58,19.22,60.58,7,40.39
S101551,26.49,58.88,86.06,21.1,91.41,21,45.3
S101552,33.54,65.53,83.67,45.87,91.74,0,27.12
S101553,29.45,45.32,79.11,51.19,91.69,51,32.85
S101554,31.98,40.64,39.73,23.88,73.56,37,21.85
S101555,43.49,71.47,84.33,11.03,84.98,4,70.05
S101556,38.8,71.72,70.73,41.57,100.0,22,67.23
S101557,43.06,83.19,50.7,52.31,84.35,108,33.25
S101558,22.19,66.17,54.25,45.88,62.66,132,57.04
S101559,35.46,52.1,74.31,36.84,67.19,56,36.29
S101560,42.73,40.91,24.81,26.69,66.48,9,31.94
S101561,47.05,56.65,62.99,29.84,99.81,500,38.6
S101562,22.62,76.34,54.52,49.42,85.91,84,34.48
S101563,32.19,91.62,52.89,62.99,56.39,92,65.05
S101564,43.27,70.81,57.68,59.0,99.54,38,61.98
S101565,33.46,51.8,41.33,55.35,88.5,56,38.25
S101566,27.72,56.8,81.84,41.14,82.62,57,58.69
S101567,22.6,57.27,30.95,40.38,100.0,34,51.1
S101568,27.41,63.91,67.71,45.53,76.56,94,44.84
S101569,21.49,86.81,51.44,56.07,100.0,68,31.66
S101570,35.47,87.98,96.74,78.14,46.86,230,69.38
S101571,42.17,67.42,65.36,52.6,69.01,1,35.82
S101572,24.91,72.75,31.03,29.56,91.88,173,56.34
S101573,37.06,58.04,73.75,25.46,100.0,238,43.98
S101574,41.76,44.35,47.52,60.24,61.73,13,45.36
S101575,34.98,96.83,80.76,41.36,73.73,20,67.19
S101576,22.11,35.16,74.88,68.91,82.49,4,37.38
S101577,38.09,42.46,88.56,52.02,65.91,21,83.01
S101578,34.56,69.83,67.99,64.53,76.05,82,77.84
S101579,33.75,70.25,78.11,55.39,100.0,20,51.54
S101580,30.63,53.11,65.68,67.03,64.53,153,52.0
S101581,35.69,69.83,55.57,50.94,76.39,197,58.42
S101582,39.08,81.6,82.05,38.34,84.09,2,52.25
S101583,50.0,50.01,45.31,58.92,86.98,57,79.78
S101584,35.9,62.01,64.42,71.53,67.03,1,31.56
S101585,47.09,83.14,55.9,29.87,77.33,77,54.28
S101586,37.86,57.75,78.47,64.37,75.65,34,64.9
S101587,34.2,74.23,49.85,31.02,84.55,150,48.97
S101588,36.19,91.37,58.46,76.32,62.36,200,38.08
S101589,25.23,34.11,65.7,39.98,99.07,55,49.23
S101590,37.45,64.88,88.8,65.6,83.87,244,60.26
S101591,19.06,73.92,56.48,54.58,96.01,161,24.86
S101592,28.1,43.12,58.59,31.78,71.43,8,38.35
S101593,35.88,62.06,43.43,56.79,61.7,35,57.03
S101594,44.55,85.67,49.27,60.89,65.68,33,36.84
S101595,46.44,59.44,71.61,60.9,90.51,29,37.71
S101596,33.11,47.74,65.51,51.94,73.39,128,72.17
S101597,36.25,86.96,65.77,27.74,55.7,29,45.18
S101598,42.87,76.67,92.86,43.08,82.71,38,66.87
S101599,24.36,68.97,38.24,65.76,75.19,7,37.87
S101600,38.24,68.52,100.0,42.45,75.57,59,53.57
S101601,28.38,85.42,83.85,55.67,54.35,10,64.31
S101602,33.63,74.42,59.79,57.59,57.37,163,47.69
S101603,31.33,79.68,71.26,79.43,71.78,128,42.94
S101604,38.48,59.61,54.07,77.24,66.09,29,43.34
S101605,39.4,41.24,70.11,48.35,71.46,0,29.5
S101606,42.13,79.33,99.4,57.3,92.49,6,57.12
S101607,37.79,86.51,54.66,63.96,64.04,20,68.81
S101608,36.37,66.63,61.29,40.67,66.41,55,35.27
S101609,49.83,83.32,52.89,44.32,72.09,105,46.78
S101610,22.81,64.97,55.46,40.23,65.55,8,13.5
S101611,48.56,68.64,58.56,39.49,76.77,99,45.63
S101612,32.68,96.29,47.48,51.98,95.41,63,63.97
S101613,39.57,65.63,60.78,51.28,75.69,77,51.42
S101614,32.39,64.74,65.87,62.97,83.87,210,48.4
S101615,29.38,41.95,58.55,54.38,45.18,244,62.81
S101616,38.88,80.35,28.21,58.05,81.22,107,58.29
S101617,43.34,59.35,62.53,52.36,100.0,94,46.79
S101618,38.78,72.21,64.24,47.75,81.47,115,46.5
S101619,30.66,65.27,95.36,69.61,81.92,89,100.0
S101620,50.0,63.31,65.43,30.87,84.28,1,50.75
S101621,44.59,68.23,79.97,48.05,100.0,457,64.56
S101622,42.47,69.39,58.19,54.11,100.0,81,61.14
S101623,32.18,87.64,85.77,4.7,64.67,54,43.57
S101624,30.0,92.8,49.89,34.67,98.04,48,83.85
S101625,32.76,79.76,73.08,65.45,100.0,21,63.62
S101626,43.65,89.07,78.45,57.53,54.35,52,52.58
S101627,27.08,82.81,76.1,61.85,80.39,106,47.73
S101628,26.45,77.42,99.63,55.46,87.88,23,64.97
S101629,39.32,91.83,55.65,66.77,37.99,149,67.92
S101630,37.55,50.37,87.62,70.42,69.79,19,63.33
S101631,28.84,59.73,83.49,38.95,69.26,156,41.11
S101632,26.27,57.69,65.79,66.22,70.32,70,41.36
S101633,46.5,65.48,94.43,44.86,95.67,145,57.43
S101634,37.86,80.29,62.66,60.22,79.15,43,48.09
S101635,24.09,53.27,65.36,8.75,86.32,31,30.61
S101636,24.65,77.54,64.91,47.55,81.34,96,38.61
S101637,32.11,61.19,44.63,64.67,100.0,36,56.16
S101638,40.86,64.79,77.18,61.63,94.95,244,79.91
S101639,39.76,73.01,74.69,70.41,79.74,108,47.9
S101640,44.05,95.22,63.33,73.04,76.04,45,74.96
S101641,23.08,59.31,93.2,32.06,69.55,15,44.99
S101642,36.79,68.8,58.0,49.17,65.4,65,56.31
S101643,46.41,53.83,37.32,39.33,62.05,72,56.3
S101644,45.66,59.17,95.44,55.49,94.73,277,70.14
S101645,37.87,53.69,81.18,35.85,66.57,109,54.15
S101646,50.0,73.67,75.02,39.48,89.63,23,66.53
S101647,39.87,76.38,59.57,20.75,72.45,24,48.95
S101648,43.34,80.31,70.47,34.03,68.73,69,55.0
S101649,35.36,58.7,44.83,52.45,75.05,10,59.96
S101650,28.75,77.62,61.4,38.95,100.0,95,55.89
S101651,28.0,71.7,50.54,43.24,100.0,7,44.5
S101652,36.45,69.13,69.19,40.76,74.5,68,54.86
S101653,33.31,51.38,79.78,23.78,73.13,323,48.77
S101654,20.85,72.3,48.24,46.88,94.33,165,48.0
S101655,26.79,72.77,76.6,29.91,82.29,149,43.56
S101656,32.45,71.53,68.2,39.26,70.2,111,37.49
S101657,40.82,76.0,75.94,34.9,87.36,211,80.22
S101658,34.87,80.42,61.12,48.52,91.51,213,45.64
S101659,34.42,53.53,76.26,42.71,76.4,14,54.25
S101660,27.1,66.75,53.87,29.61,76.82,21,44.7
S101661,35.19,77.74,38.08,30.07,100.0,206,43.57
S101662,45.55,65.97,41.74,35.83,67.69,26,32.19
S101663,36.24,84.39,56.96,68.18,71.9,38,45.93
S101664,22.94,71.35,39.2,55.38,73.06,3,53.68
S101665,24.99,40.68,89.81,55.56,100.0,184,53.98
S101666,39.71,82.59,63.67,41.0,50.35,6,30.39
S101667,33.21,68.24,79.71,37.55,92.34,60,51.73
S101668,34.4,43.45,77.59,38.29,79.56,20,59.43
S101669,30.1,66.22,65.1,62.15,100.0,2,41.72
S101670,39.03,50.97,100.0,43.95,85.33,27,57.1
S101671,32.59,81.3,100.0,53.95,47.73,87,67.21
S101672,33.51,69.46,87.27,40.96,100.0,7,28.14
S101673,28.19,56.14,50.52,62.81,76.46,152,35.68
S101674,42.37,82.16,87.93,44.84,49.39,94,73.37
S101675,33.23,69.83,37.02,42.27,73.92,5,19.94
S101676,39.86,66.46,87.35,37.43,80.54,41,56.83
S101677,25.45,51.32,24.1,55.02,64.26,132,53.0
S101678,48.87,57.36,59.9,50.63,57.03,215,66.18
S101679,45.22,57.14,84.35,47.26,84.45,79,43.15
S101680,19.72,81.2,71.16,50.22,61.34,91,50.5
S101681,28.58,44.79,41.34,35.38,64.61,167,42.34
S101682,38.82,69.29,67.72,67.51,100.0,48,49.77
S101683,24.44,66.25,71.17,47.1,75.04,98,50.94
S101684,33.95,85.53,68.28,61.47,61.74,69,47.85
S101685,38.41,73.49,58.48,69.85,66.57,95,61.42
S101686,33.52,78.03,78.68,58.02,85.79,171,57.02
S101687,39.31,62.12,83.32,28.2,86.33,125,53.4
S101688,29.45,51.54,62.53,17.16,89.99,11,28.17
S101689,17.05,65.12,89.31,24.59,92.06,215,37.77
S101690,42.86,81.66,62.5,67.99,85.0,4,52.98
S101691,42.81,81.62,57.16,70.52,89.12,113,67.02
S101692,50.0,63.54,86.71,47.55,72.87,27,62.7
S101693,17.34,57.09,86.13,35.06,63.23,121,22.72
S101694,41.01,54.15,55.08,41.86,100.0,1,42.23
S101695,19.25,67.95,52.76,53.53,93.2,20,35.5
S101696,49.05,72.05,93.23,60.63,75.78,7,44.62
S101697,38.9,92.1,63.36,47.36,70.03,112,32.29
S101698,27.38,71.85,65.05,56.41,100.0,17,76.09
S101699,41.24,79.21,60.96,31.23,66.43,210,59.2
S101700,30.58,58.29,86.15,36.53,83.41,42,58.54
S101701,37.4,70.63,99.31,38.69,69.95,102,62.35
S101702,36.65,72.1,66.12,56.21,73.83,139,80.69
S101703,48.95,67.89,100.0,47.22,68.75,245,68.84
S101704,49.52,69.67,56.13,52.6,47.54,50,49.98
S101705,30.22,69.83,60.48,44.52,85.85,89,34.75
S101706,43.46,77.22,75.77,44.56,89.85,36,67.08
S101707,37.84,87.54,51.93,67.65,70.03,27,63.64
S101708,23.7,36.02,75.56,59.26,100.0,93,54.02
S101709,29.43,86.71,56.7,21.97,84.25,41,42.64
S101710,50.0,44.34,40.29,38.54,82.51,68,55.44
S101711,37.86,74.63,37.12,40.3,85.8,18,48.54
S101712,43.0,100.0,59.82,37.88,71.11,100,42.79
S101713,33.3,69.36,71.68,51.16,65.34,279,73.7
S101714,30.68,72.7,43.22,32.95,68.58,62,30.72
S101715,35.22,65.35,67.86,32.1,71.82,59,24.2
S101716,32.87,80.01,67.9,70.9,88.41,154,73.33
S101717,23.05,75.43,62.32,66.15,74.33,13,39.38
S101718,26.97,59.86,50.18,48.48,89.28,40,46.38
S101719,40.66,68.28,68.84,54.56,61.08,15,50.11
S101720,31.95,53.22,62.72,34.89,70.34,63,52.31
S101721,35.21,68.22,80.71,60.23,69.32,77,58.45
S101722,36.88,63.71,44.32,38.43,22.74,196,50.93
S101723,37.5,72.05,66.82,68.06,73.13,142,60.29
S101724,44.17,59.35,44.65,63.08,64.44,83,47.11
S101725,26.21,66.78,61.21,33.83,86.86,119,57.54
S101726,39.56,70.13,47.48,39.99,90.99,79,48.31
S101727,41.04,71.18,50.32,50.57,59.0,68,73.96
S101728,42.89,74.11,64.94,22.28,76.32,4,48.44
S101729,23.7,67.39,55.95,49.41,60.8,2,57.09
S101730,37.04,58.2,88.47,19.03,84.87,153,47.62
S101731,48.73,71.23,83.87,39.68,69.69,26,62.65
S101732,34.21,67.32,77.88,30.6,71.99,35,45.22
S101733,38.87,85.37,77.56,34.84,76.75,48,44.04
S101734,41.24,87.26,67.08,21.42,84.29,3,47.88
S101735,26.8,49.42,85.88,38.12,80.83,261,35.09
S101736,49.67,79.26,60.3,45.28,85.9,9,32.9
S101737,39.0,82.27,98.91,29.36,90.78,276,54.12
S101738,39.16,49.81,49.92,52.43,78.0,98,59.01
S101739,21.7,78.69,46.94,35.77,64.47,229,52.89
S101740,41.36,83.44,42.68,2.05,55.98,4,35.02
S101741,39.05,55.76,45.47,35.58,68.56,47,54.08
S101742,47.99,66.45,38.93,64.09,83.37,244,60.97
S101743,32.51,72.79,68.43,47.41,59.25,83,80.08
S101744,27.1,78.56,78.66,64.6,96.11,63,54.5
S101745,29.54,55.17,65.55,51.62,64.24,89,50.12
S101746,30.96,87.36,42.84,55.19,78.31,16,67.15
S101747,26.05,39.56,57.49,41.36,100.0,110,32.28
S101748,45.32,89.86,78.46,43.28,77.27,26,47.49
S101749,45.62,78.25,59.53,72.5,63.62,26,73.0
S101750,33.43,60.67,52.23,23.55,42.35,73,1.69
S101751,31.86,82.97,40.78,15.91,86.09,2,45.34
S101752,20.48,54.28,58.24,35.69,84.65,4,22.69
S101753,40.57,71.72,53.76,61.79,88.64,1,46.37
S101754,48.23,73.58,63.62,74.79,81.7,116,71.66
S101755,29.9,73.54,72.62,51.58,71.95,2,38.91
S101756,34.07,57.4,60.48,71.13,68.2,8,39.26
S101757,38.47,62.56,67.96,48.09,80.63,75,64.39
S101758,48.8,71.9,72.55,34.53,94.85,52,58.77
S101759,36.6,59.1,45.32,50.25,35.61,36,47.03
S101760,36.56,74.07,95.18,55.26,94.08,35,74.49
S101761,36.43,60.79,53.14,58.23,75.64,157,63.57
S101762,23.6,85.0,73.26,50.93,77.49,6,42.12
S101763,23.43,93.44,46.82,53.54,90.43,208,30.96
S101764,28.54,65.54,66.76,38.2,77.44,22,43.63
S101765,43.1,83.8,67.35,74.41,83.39,54,57.2
S101766,32.32,66.82,91.55,41.4,55.49,252,64.86
S101767,30.76,55.95,61.28,39.89,75.84,81,55.52
S101768,30.62,63.61,85.79,49.77,87.6,23,59.52
S101769,33.9,71.28,69.65,50.87,74.13,323,46.26
S101770,48.62,43.2,94.63,60.99,75.03,135,55.87
S101771,33.79,79.38,36.52,71.03,82.46,30,70.4
S101772,28.71,71.29,72.71,92.84,86.47,73,43.18
S101773,35.2,85.01,22.23,45.39,100.0,65,63.67
S101774,49.04,79.12,64.07,53.6,86.59,77,37.45
S101775,30.98,71.8,81.34,41.05,100.0,10,54.71
S101776,25.55,64.66,88.13,65.36,78.54,83,30.63
S101777,30.99,92.84,76.82,83.79,44.47,19,53.59
S101778,36.03,100.0,60.35,36.47,73.58,31,50.52
S101779,40.51,64.91,73.72,57.21,67.85,63,32.12
S101780,43.06,85.63,100.0,31.5,79.05,19,35.02
S101781,26.63,59.4,66.21,70.13,75.18,178,56.91
S101782,27.39,69.83,80.38,58.65,83.95,43,39.32
S101783,32.41,64.21,58.13,52.14,69.94,14,54.48
S101784,40.48,80.27,82.13,52.21,83.24,5,55.88
S101785,24.92,53.88,79.5,19.24,85.55,122,42.27
S101786,30.14,93.25,55.23,25.12,80.53,141,20.44
S101787,30.26,84.07,77.44,63.91,58.05,7,39.18
S101788,42.53,79.92,78.2,67.81,93.41,63,67.44
S101789,39.23,65.59,76.84,17.96,89.3,85,50.34
S101790,42.23,82.44,64.34,63.34,77.13,191,31.81
S101791,45.71,26.24,84.67,74.16,52.83,4,62.09
S101792,32.55,76.61,50.04,71.48,84.53,34,65.68
S101793,25.5,72.4,65.16,45.12,72.08,10,51.29
S101794,25.55,41.71,66.78,56.29,71.76,45,55.76
S101795,20.3,76.09,83.74,59.63,78.83,37,54.2
S101796,31.33,78.86,49.54,64.57,100.0,72,46.96
S101797,31.93,42.19,68.86,30.57,82.2,90,51.98
S101798,41.3,52.2,57.12,35.75,78.34,267,68.91
S101799,35.14,100.0,66.75,38.68,72.18,14,52.03
S101800,31.08,67.2,71.28,36.11,80.47,128,62.74
S101801,34.07,84.63,44.55,48.84,79.98,150,59.88
S101802,26.69,86.9,85.22,28.96,89.05,67,26.23
S101803,43.2,75.91,71.85,67.25,72.03,124,40.39
S101804,28.71,85.26,51.26,50.9,67.82,34,27.03
S101805,25.88,38.31,59.54,42.27,73.36,3,17.62
S101806,41.54,66.54,88.91,44.3,78.69,13,59.15
S101807,39.59,23.79,71.65,23.32,79.68,15,33.22
S101808,21.21,43.81,49.56,49.84,79.85,167,29.6
S101809,41.84,61.81,52.46,37.09,65.14,253,43.93
S101810,29.07,60.02,75.0,29.18,78.72,41,38.56
S101811,32.01,70.62,76.92,49.4,90.25,85,44.8
S101812,36.5,69.69,70.81,35.73,99.08,29,75.58
S101813,39.69,72.01,60.34,63.25,94.77,47,54.78
S101814,38.56,72.62,77.95,50.5,79.09,78,42.54
S101815,34.6,74.99,60.01,26.4,77.63,155,51.15
S101816,31.6,55.61,51.32,39.09,98.65,45,35.09
S101817,38.3,59.13,90.39,40.78,78.35,96,50.46
S101818,34.05,69.45,72.82,29.73,93.01,23,59.65
S101819,49.44,69.68,52.44,53.06,79.56,32,53.68
S101820,39.69,53.77,67.15,81.26,44.01,20,59.46
S101821,27.61,86.22,65.44,44.53,89.96,160,67.13
S101822,31.18,80.87,59.4,42.67,94.49,10,42.92
S101823,35.39,57.1,68.74,41.94,75.08,118,49.6
S101824,45.4,66.87,50.14,24.4,62.64,80,37.9
S101825,46.29,100.0,78.98,50.33,100.0,84,79.66
S101826,31.83,72.41,64.9,43.61,77.81,168,31.64
S101827,27.53,75.94,39.25,64.67,74.84,61,75.99
S101828,26.51,60.87,61.35,44.07,86.73,6,38.9
S101829,37.02,65.3,55.15,35.52,100.0,214,50.18
S101830,50.0,92.67,17.15,59.61,87.26,33,64.12
S101831,39.31,71.7,62.51,34.09,82.67,2,42.0
S101832,22.25,68.94,81.59,68.23,81.05,61,67.17
S101833,29.19,70.11,63.27,47.54,100.0,36,37.2
S101834,30.01,100.0,76.33,41.95,87.91,194,35.88
S101835,28.42,70.6,65.14,49.25,92.96,57,34.94
S101836,31.9,57.55,57.7,53.07,84.56,4,32.25
S101837,37.96,60.17,53.29,35.1,88.04,22,40.09
S101838,40.46,81.71,44.48,45.3,75.82,20,34.72
S101839,43.73,48.57,79.81,44.91,82.54,116,40.43
S101840,39.19,76.76,76.69,43.2,69.71,5,56.1
S101841,19.37,59.14,60.55,34.78,72.38,32,21.05
S101842,26.54,42.12,32.61,56.82,87.36,89,53.04
S101843,33.74,55.3,72.55,56.64,69.45,76,36.82
S101844,36.18,70.41,50.52,41.0,81.96,83,54.84
S101845,41.89,90.93,67.3,47.63,74.49,66,34.53
S101846,35.35,83.7,40.34,36.77,63.14,15,46.75
S101847,35.41,65.59,66.47,20.01,83.42,90,15.31
S101848,36.9,84.58,62.9,59.78,91.63,241,66.93
S101849,32.96,64.65,26.44,54.07,60.27,3,70.77
S101850,35.7,48.0,90.89,63.16,89.13,36,38.34
S101851,44.01,70.32,59.79,69.95,63.27,28,87.36
S101852,34.33,47.41,60.85,63.37,100.0,13,35.25
S101853,34.76,81.87,73.55,27.09,88.51,25,63.89
S101854,34.73,82.09,64.19,64.3,60.27,2,53.74
S101855,45.38,56.8,70.82,54.25,92.79,82,39.03
S101856,26.14,72.18,46.69,37.36,70.8,56,37.75
S101857,49.21,69.83,62.73,76.59,65.52,56,53.29
S101858,25.59,83.08,34.45,55.66,90.83,30,45.2
S101859,29.77,51.32,61.2,38.38,98.1,299,43.5
S101860,40.96,78.99,88.12,32.2,87.14,77,61.2
S101861,43.24,50.25,40.9,42.64,74.43,175,62.02
S101862,23.77,81.66,59.39,37.15,82.54,29,67.01
S101863,26.26,85.94,31.02,50.6,71.27,113,47.92
S101864,37.22,59.96,65.13,27.12,77.38,0,58.21
S101865,50.0,88.29,72.46,36.35,86.12,90,37.88
S101866,44.97,46.39,71.14,49.19,58.61,56,85.46
S101867,33.02,86.49,55.37,52.85,86.69,25,53.1
S101868,15.65,91.58,30.69,46.49,58.81,500,43.48
S101869,35.65,75.19,45.14,54.13,60.89,55,45.1
S101870,37.9,67.07,85.1,59.85,89.81,37,35.39
S101871,31.94,74.69,79.06,56.97,67.34,16,50.3
S101872,28.19,60.94,63.54,54.37,65.13,14,30.24
S101873,36.27,100.0,67.6,20.21,75.57,19,43.27
S101874,27.46,61.2,48.56,32.12,71.13,61,63.83
S101875,49.98,89.76,85.65,44.28,83.47,62,67.19
S101876,47.13,58.88,53.49,26.93,82.62,60,54.67
S101877,40.26,93.95,72.0,56.28,65.22,157,57.68
S101878,35.72,100.0,43.75,60.9,54.34,0,22.07
S101879,29.72,75.79,62.15,25.85,76.96,25,49.82
S101880,34.83,74.3,84.97,46.3,96.51,173,51.82
S101881,48.11,55.65,49.85,62.88,79.01,8,57.35
S101882,41.95,53.86,76.99,46.04,74.79,17,29.37
S101883,36.63,74.47,47.71,0.0,100.0,32,22.5
S101884,42.39,91.87,50.57,41.93,91.29,134,63.19
S101885,39.36,61.78,64.86,48.49,54.09,70,38.24
S101886,38.17,100.0,80.55,41.05,75.82,65,47.33
S101887,42.84,60.85,60.23,51.88,83.35,207,69.86
S101888,39.14,73.44,74.9,22.81,63.99,53,47.72
S101889,41.87,73.48,83.31,42.85,75.61,235,53.88
S101890,36.29,68.48,52.66,49.44,80.32,12,45.12
S101891,32.97,39.34,40.6,64.32,76.64,41,68.75
S101892,30.61,60.71,59.31,39.67,61.84,138,47.84
S101893,29.66,72.99,85.37,52.11,100.0,13,38.29
S101894,22.16,68.56,52.0,19.62,84.0,15,42.8
S101895,27.7,79.54,81.24,91.39,67.11,38,59.55
S101896,27.47,81.35,60.8,63.54,93.14,211,67.5
S101897,30.94,66.4,93.1,42.21,78.78,16,60.78
S101898,47.5,55.56,100.0,21.07,94.88,249,70.59
S101899,33.74,93.22,81.5,40.34,78.44,89,76.5
S101900,36.93,49.67,38.65,76.43,57.86,51,66.09
S101901,37.19,61.07,26.55,73.44,63.99,1,48.71
S101902,47.7,57.25,65.98,39.11,97.12,60,74.83
S101903,30.4,81.2,79.51,38.62,95.49,43,60.15
S101904,33.22,89.76,73.02,28.86,60.06,125,52.98
S101905,34.15,67.39,53.42,26.01,100.0,66,60.81
S101906,44.09,73.45,41.22,88.86,95.39,291,43.25
S101907,45.75,76.43,79.88,39.39,70.49,9,48.83
S101908,38.8,97.06,94.74,47.15,78.83,197,46.42
S101909,44.86,43.4,54.28,64.4,46.96,38,46.6
S101910,36.42,81.16,78.2,31.77,69.49,57,78.17
S101911,33.62,75.65,100.0,56.96,76.83,153,85.26
S101912,44.43,64.44,61.96,43.67,84.64,92,55.17
S101913,38.9,74.89,62.29,69.14,78.26,234,73.65
S101914,29.12,81.11,73.96,49.3,82.08,334,34.19
S101915,42.98,78.75,60.45,55.17,65.48,82,54.1
S101916,33.33,100.0,86.43,49.6,84.86,66,51.42
S101917,32.35,71.91,58.54,40.03,100.0,23,23.5
S101918,42.14,70.4,64.5,38.56,86.59,26,54.89
S101919,34.29,67.28,41.92,45.65,80.51,23,37.76
S101920,38.11,78.29,61.23,48.05,68.89,123,53.33
S101921,40.3,69.52,48.88,68.3,74.65,76,81.14
S101922,28.74,70.2,70.54,44.18,60.32,106,48.23
S101923,38.08,70.27,38.37,24.38,58.32,136,35.89
S101924,45.8,67.98,80.68,37.74,78.95,179,73.33
S101925,27.35,60.87,51.06,43.44,88.32,13,38.76
S101926,38.6,76.27,93.55,80.79,67.17,166,49.04
S101927,28.36,65.72,86.93,22.15,97.94,83,47.15
S101928,43.17,79.21,73.57,71.68,71.59,200,71.4
S101929,43.1,71.66,40.39,55.51,78.65,211,59.79
S101930,32.17,64.2,54.95,28.28,94.18,44,65.29
S101931,50.0,93.47,50.66,65.82,75.3,100,76.54
S101932,43.85,68.47,52.66,35.88,89.41,140,37.94
S101933,40.66,79.34,90.23,40.24,88.59,24,60.87
S101934,40.2,59.5,62.56,30.95,69.89,53,60.65
S101935,42.87,39.62,54.47,67.88,70.29,24,21.54
S101936,27.03,61.5,53.03,47.28,98.34,7,42.41
S101937,36.56,37.94,56.49,33.66,99.8,96,53.57
S101938,38.07,66.45,73.52,66.47,89.38,68,76.67
S101939,31.8,92.03,38.97,51.51,66.98,41,34.75
S101940,38.72,56.42,66.57,59.28,93.03,19,72.33
S101941,44.85,38.41,71.78,66.49,75.83,17,38.47
S101942,31.63,92.5,37.23,39.72,60.97,26,56.1
S101943,34.56,62.87,42.32,54.59,70.45,322,38.55
S101944,28.44,69.76,64.24,56.54,76.64,263,62.51
S101945,20.7,81.82,88.06,69.7,96.3,149,36.46
S101946,41.23,77.85,84.24,63.74,67.96,6,64.75
S101947,34.79,81.26,55.26,52.76,65.51,143,42.17
S101948,35.38,83.51,87.55,43.99,72.76,113,54.95
S101949,27.11,43.81,59.89,22.51,78.17,223,23.86
S101950,33.52,48.78,59.75,80.28,90.1,50,29.03
S101951,43.77,87.57,66.5,44.93,88.56,58,75.57
S101952,35.01,58.27,78.43,48.91,46.26,67,29.05
S101953,35.23,59.91,55.26,80.89,74.66,63,53.77
S101954,36.66,51.06,58.63,42.3,81.86,30,35.85
S101955,25.11,63.93,45.03,49.31,66.94,14,27.24
S101956,40.0,64.76,70.62,74.75,68.29,100,64.88
S101957,24.96,55.94,79.93,33.85,89.37,195,70.68
S101958,27.48,54.2,80.91,38.77,90.25,88,57.27
S101959,26.61,74.78,43.13,46.42,77.34,141,59.64
S101960,33.6,57.88,58.87,47.78,86.03,59,46.72
S101961,32.18,60.91,84.93,55.63,86.95,56,58.49
S101962,34.99,37.21,68.71,52.29,63.55,339,60.72
S101963,27.76,99.07,65.55,26.96,63.75,417,47.8
S101964,43.04,84.13,65.17,54.75,74.1,75,62.53
S101965,41.67,62.58,73.66,36.93,69.61,37,54.93
S101966,33.61,69.83,69.57,39.08,71.05,37,52.28
S101967,31.17,70.16,55.79,55.72,78.57,89,45.66
S101968,30.37,69.75,79.1,36.86,78.62,20,57.96
S101969,32.52,50.86,45.75,30.69,41.59,314,56.81
S101970,23.8,31.74,86.15,38.39,81.43,100,56.79
S101971,27.32,62.11,50.66,30.13,76.22,14,1.87
S101972,41.88,46.55,73.77,46.75,83.38,36,62.51
S101973,37.41,72.57,62.36,71.98,70.39,20,49.04
S101974,48.07,72.67,57.38,39.71,70.47,7,39.55
S101975,32.61,55.4,86.72,20.08,74.14,83,47.71
S101976,32.11,61.98,76.89,62.94,96.03,9,49.67
S101977,31.74,96.45,64.06,46.42,73.75,40,74.96
S101978,32.45,81.63,92.92,66.57,96.66,89,42.23
S101979,29.72,63.22,80.68,62.15,94.66,14,61.79
S101980,37.17,100.0,52.11,59.96,74.92,172,39.22
S101981,35.23,52.05,28.83,53.71,72.33,16,42.05
S101982,30.92,57.81,66.71,33.0,72.86,75,47.11
S101983,45.01,68.34,87.14,57.13,77.84,206,81.91
S101984,50.0,47.03,74.77,59.14,71.62,8,73.83
S101985,44.33,96.85,90.18,72.61,91.04,9,71.32
S101986,39.46,72.75,55.43,30.2,70.31,11,45.79
S101987,41.09,58.15,63.12,74.29,92.95,35,71.24
S101988,49.85,76.72,63.51,38.01,66.01,89,35.25
S101989,41.08,72.19,68.86,17.93,54.99,62,51.44
S101990,30.32,65.43,77.28,35.72,53.04,28,69.05
S101991,38.14,51.87,91.12,50.03,71.89,77,75.32
S101992,40.01,48.46,94.48,60.4,67.89,47,86.78
S101993,27.04,100.0,91.67,57.84,67.21,35,48.04
S101994,32.72,49.71,75.71,32.86,94.75,39,54.06
S101995,43.8,69.83,59.52,46.91,69.03,36,75.5
S101996,20.41,57.33,68.61,52.46,50.52,57,34.75
S101997,25.0,81.85,75.48,37.03,88.47,38,46.95
S101998,33.59,76.98,67.16,23.75,100.0,31,60.2
S101999,37.83,79.98,50.38,57.2,86.75,31,24.79
S102000,24.14,80.98,57.6,39.49,69.95,20,32.74
S102001,33.99,45.83,78.89,57.88,82.57,19,55.33
S102002,44.23,59.85,61.06,41.23,67.95,27,45.47
S102003,35.55,49.48,65.39,60.87,65.43,287,42.04
S102004,42.51,72.84,63.75,37.15,77.04,18,27.01
S102005,30.26,50.15,50.72,57.47,79.15,47,42.43
S102006,28.52,40.28,62.26,44.13,76.96,191,51.99
S102007,41.79,66.44,57.67,19.3,100.0,1,28.61
S102008,37.95,36.86,53.93,43.51,80.64,74,46.5
S102009,25.52,73.88,48.07,37.81,94.4,56,39.83
S102010,28.59,51.14,63.39,69.54,100.0,15,31.54
S102011,47.52,57.39,74.89,61.52,72.9,134,55.85
S102012,27.6,35.79,82.93,59.24,82.23,83,42.09
S102013,42.47,94.75,42.69,27.73,92.25,138,55.37
S102014,31.17,48.06,90.7,54.57,81.83,6,59.97
S102015,34.97,64.54,69.69,51.14,75.84,6,52.92
S102016,37.36,43.12,46.97,53.93,100.0,12,36.06
S102017,18.19,57.46,58.54,35.05,97.98,309,36.0
S102018,23.3,96.28,34.96,57.42,48.47,169,43.09
S102019,35.69,74.46,39.05,25.86,100.0,68,16.46
S102020,29.21,59.15,92.54,40.72,100.0,60,64.7
S102021,42.97,69.49,53.81,80.57,97.93,24,38.05
S102022,22.15,61.59,73.59,77.36,91.26,19,43.82
S102023,39.52,68.61,63.22,32.12,100.0,21,36.29
S102024,23.99,81.16,65.28,66.14,93.24,105,28.18
S102025,32.18,65.03,70.89,66.4,88.68,80,51.36
S102026,26.48,73.3,31.66,68.5,82.01,56,51.57
S102027,50.0,73.55,86.1,61.33,63.93,143,78.82
S102028,24.28,65.11,63.42,37.76,59.41,5,40.84
S102029,34.02,58.96,56.93,24.86,91.59,3,29.26
S102030,21.19,62.12,72.49,63.72,91.33,137,72.98
S102031,47.8,80.49,53.46,17.7,79.36,43,33.24
S102032,38.21,81.74,68.33,38.41,67.15,88,62.35
S102033,36.1,52.93,62.35,50.66,63.05,41,35.55
S102034,46.79,66.09,76.38,66.95,74.57,46,72.01
S102035,36.18,58.71,61.58,31.55,90.53,2,63.05
S102036,36.76,82.0,48.52,34.45,100.0,60,51.76
S102037,36.05,62.93,70.8,39.7,79.63,3,26.43
S102038,39.51,100.0,60.67,57.93,84.32,35,64.5
S102039,31.06,73.27,35.86,44.98,96.89,12,42.2
S102040,33.29,87.73,68.16,34.66,79.04,20,34.41
S102041,41.48,54.78,56.4,72.43,85.53,190,51.96
S102042,37.22,70.18,70.53,39.28,92.33,279,32.79
S102043,34.09,79.24,51.32,53.05,96.53,3,50.97
S102044,23.8,54.5,45.7,49.09,80.81,56,49.67
S102045,46.98,70.31,83.88,57.62,72.79,152,42.96
S102046,29.71,85.78,78.49,31.97,83.06,58,53.5
S102047,42.9,65.09,64.89,30.51,54.54,53,52.45
S102048,36.41,57.22,72.0,20.01,84.41,39,44.23
S102049,24.65,97.04,77.97,68.3,93.0,85,65.03
S102050,45.02,52.42,64.84,48.44,100.0,16,34.98
S102051,37.04,72.34,45.66,65.69,93.87,6,37.62
S102052,45.68,59.38,69.79,76.79,41.51,312,42.52
S102053,33.54,55.95,81.04,18.82,100.0,138,35.85
S102054,40.63,81.12,74.49,75.61,100.0,38,55.67
S102055,20.9,66.92,65.95,43.26,66.19,5,48.72
S102056,31.0,76.09,74.04,46.31,73.99,252,57.33
S102057,24.82,36.17,61.43,34.94,100.0,4,42.91
S102058,32.0,77.55,81.71,42.82,80.83,0,56.99
S102059,38.77,59.19,86.55,35.94,71.19,27,41.41
S102060,30.16,41.82,44.26,47.69,68.73,109,46.55
S102061,41.91,98.27,82.85,39.55,100.0,149,64.42
S102062,28.15,79.02,100.0,26.88,91.81,70,48.34
S102063,42.08,69.83,73.41,37.51,75.82,49,51.52
S102064,45.48,88.74,80.74,38.86,100.0,1,55.21
S102065,43.11,73.71,54.65,44.16,78.65,34,50.33
S102066,32.25,58.02,56.94,83.76,98.17,7,11.87
S102067,18.0,67.38,61.65,50.24,88.72,20,50.66
S102068,39.66,59.82,58.56,39.73,74.92,6,53.97
S102069,34.0,62.49,44.01,37.31,87.47,182,53.86
S102070,27.17,51.13,62.24,52.61,88.08,98,54.67
S102071,30.55,55.45,78.38,31.9,92.01,56,66.68
S102072,46.48,83.42,44.22,59.42,100.0,214,66.29
S102073,25.9,74.98,67.87,24.15,100.0,19,43.09
S102074,38.75,62.45,67.38,55.85,86.17,246,45.07
S102075,36.74,54.58,60.18,63.43,51.38,6,39.48
S102076,32.14,63.92,72.94,16.52,93.15,129,52.28
S102077,40.16,44.74,71.44,35.34,76.09,32,75.64
S102078,48.06,71.9,59.04,20.2,54.63,11,32.85
S102079,32.63,84.18,81.97,59.86,90.36,87,68.47
S102080,33.05,100.0,73.97,32.54,86.59,81,49.99
S102081,39.98,53.45,90.18,61.16,67.92,218,73.01
S102082,42.35,83.56,63.94,16.46,62.21,26,38.12
S102083,33.98,59.39,59.85,51.64,100.0,116,26.95
S102084,32.56,53.07,61.66,66.63,87.59,204,41.44
S102085,17.26,53.07,83.85,25.27,68.14,49,23.35
S102086,28.78,72.11,62.62,56.69,89.94,43,65.04
S102087,25.89,56.04,63.6,61.06,73.7,37,58.73
S102088,40.48,60.9,96.38,61.03,88.17,330,59.33
S102089,33.05,63.39,43.49,19.61,84.71,75,58.69
S102090,32.74,58.9,70.71,60.13,41.53,204,51.83
S102091,34.93,57.81,64.02,40.76,81.62,48,51.33
S102092,28.04,33.56,60.99,45.66,77.5,171,27.95
S102093,47.43,71.3,49.75,41.34,68.9,50,31.38
S102094,45.39,71.02,54.38,22.23,61.04,14,54.73
S102095,47.94,58.04,58.47,69.13,76.74,73,57.32
S102096,40.47,75.41,72.93,62.07,74.71,163,77.39
S102097,34.76,90.95,78.64,58.9,89.77,3,55.31
S102098,47.92,70.35,36.54,46.49,77.82,56,41.78
S102099,29.55,89.95,45.77,41.91,81.33,234,44.54
S102100,28.03,100.0,73.77,30.52,84.91,25,56.8
S102101,30.19,100.0,75.12,57.86,73.04,41,60.21
S102102,39.18,52.18,41.58,56.22,65.05,32,24.63
S102103,28.9,52.25,78.99,52.61,100.0,24,55.68
S102104,33.76,63.33,64.78,33.0,78.83,40,33.06
S102105,22.19,71.93,76.95,51.13,76.85,153,63.92
S102106,38.85,93.8,51.37,67.43,100.0,56,40.68
S102107,22.86,79.41,42.76,40.82,100.0,97,46.36
S102108,27.54,51.95,60.06,83.01,100.0,23,41.34
S102109,44.74,60.83,60.77,9.4,74.14,16,45.7
S102110,44.44,69.37,59.88,36.52,85.21,132,44.12
S102111,37.99,47.66,58.76,43.16,88.77,11,40.64
S102112,37.21,70.21,92.09,66.39,100.0,119,60.57
S102113,30.75,52.17,37.8,45.11,86.3,81,36.67
S102114,28.82,45.24,51.48,65.16,86.97,61,53.07
S102115,32.1,55.8,58.3,42.81,64.8,49,39.79
S102116,22.89,76.17,65.38,52.78,61.17,61,33.77
S102117,37.02,76.06,76.38,51.63,100.0,11,53.57
S102118,35.39,71.45,78.85,79.17,85.19,23,44.7
S102119,27.53,84.87,82.22,39.65,86.71,2,45.97
S102120,47.55,83.28,72.7,81.51,96.1,96,96.9
S102121,39.86,69.83,37.32,48.91,92.78,128,53.93
S102122,40.53,71.0,38.37,74.01,90.83,94,53.66
S102123,31.1,71.94,83.36,34.96,89.54,99,34.22
S102124,34.99,67.79,82.32,60.85,82.08,159,68.42
S102125,40.02,37.38,75.18,72.88,83.14,56,62.79
S102126,36.22,87.03,51.88,62.89,93.74,35,41.45
S102127,47.82,75.96,59.84,56.54,65.92,22,77.42
S102128,33.37,51.76,58.62,33.06,64.24,42,49.42
S102129,30.96,91.42,48.6,74.3,81.23,50,58.58
S102130,40.07,61.15,69.14,41.79,82.24,25,59.53
S102131,24.88,68.38,99.49,49.13,90.87,28,59.14
S102132,42.39,85.35,57.07,17.22,76.67,99,59.42
S102133,24.59,73.3,85.75,29.08,68.33,19,60.98
S102134,40.11,90.03,50.83,53.93,89.03,117,59.48
S102135,29.81,64.72,40.41,41.08,100.0,24,31.12
S102136,38.81,95.37,80.8,67.23,85.48,42,73.56
S102137,42.26,58.33,61.5,38.03,58.19,26,66.06
S102138,36.23,89.76,85.34,49.1,84.13,138,47.59
S102139,25.4,36.02,88.53,75.4,51.03,40,33.52
S102140,27.83,53.5,60.55,94.55,79.38,307,75.73
S102141,29.17,74.47,86.49,69.87,49.85,73,55.66
S102142,19.84,63.99,50.98,43.03,73.55,1,41.95
S102143,44.02,68.88,50.73,31.35,87.67,135,65.29
S102144,35.88,70.62,82.16,41.27,75.72,94,49.94
S102145,25.92,52.14,40.24,64.16,97.23,24,60.14
S102146,46.65,53.26,64.98,52.39,83.29,25,52.26
S102147,29.39,73.48,84.99,44.91,63.15,54,63.98
S102148,37.0,60.01,86.07,62.5,93.51,56,55.53
S102149,28.4,90.12,58.08,64.25,90.34,184,26.13
S102150,18.85,67.12,81.15,37.77,99.11,15,21.61
S102151,24.08,80.78,47.03,57.17,90.65,15,57.54
S102152,31.41,76.64,54.32,30.74,87.05,96,57.99
S102153,42.19,60.98,68.69,76.31,65.11,31,57.94
S102154,37.77,40.3,71.04,50.39,92.2,21,39.77
S102155,36.12,87.77,48.24,48.49,77.8,56,57.04
S102156,18.92,55.32,94.8,51.58,92.09,5,32.55
S102157,45.16,63.94,34.96,58.24,100.0,61,56.92
S102158,36.79,67.74,65.87,59.03,98.1,82,41.17
S102159,34.04,69.23,68.13,42.91,84.28,39,44.72
S102160,44.06,84.43,37.05,43.14,81.1,11,45.18
S102161,44.98,70.09,86.19,56.48,73.73,34,81.16
S102162,44.24,68.09,53.15,0.0,45.16,45,51.23
S102163,33.02,85.28,66.58,36.65,80.7,14,61.79
S102164,26.97,79.01,70.25,62.17,72.29,54,71.93
S102165,42.91,58.97,41.73,51.71,84.83,33,26.16
S102166,24.08,52.79,47.85,66.5,72.26,184,48.77
S102167,50.0,57.64,90.01,5.86,83.32,5,25.2
S102168,35.22,69.26,63.95,48.39,98.69,89,41.07
S102169,26.51,51.31,21.85,70.74,82.35,102,60.01
S102170,25.15,71.36,60.17,19.65,63.71,75,53.75
S102171,24.78,68.06,64.47,44.06,67.54,59,43.55
S102172,36.12,31.86,68.51,46.56,90.36,10,40.74
S102173,34.95,48.91,33.02,52.09,91.3,75,53.23
S102174,25.11,26.71,64.53,42.12,66.92,67,25.13
S102175,32.15,64.84,51.68,35.94,79.57,195,58.66
S102176,24.06,86.11,68.54,45.5,93.57,165,38.44
S102177,39.71,41.64,73.1,46.77,100.0,2,48.85
S102178,34.56,50.17,71.4,56.62,82.65,334,93.73
S102179,31.97,67.54,87.46,58.9,77.01,67,45.84
S102180,24.7,54.04,100.0,56.24,74.45,198,50.88
S102181,32.6,53.97,46.86,48.48,82.15,13,25.66
S102182,31.68,78.12,58.89,41.28,100.0,95,48.38
S102183,37.54,69.83,76.89,45.24,82.17,49,55.05
S102184,36.34,47.7,62.97,85.72,87.5,12,21.98
S102185,41.34,38.68,21.44,43.28,58.68,2,48.19
S102186,31.12,69.83,61.92,70.61,100.0,19,43.87
S102187,20.12,86.92,84.75,53.73,100.0,1,57.47
S102188,42.93,63.23,42.68,53.85,75.56,73,60.92
S102189,27.51,71.32,68.53,56.06,78.43,29,45.64
S102190,26.14,62.67,34.48,37.93,97.69,246,50.8
S102191,34.66,77.66,78.92,27.37,100.0,80,72.18
S102192,37.42,57.19,68.87,45.14,54.73,115,57.06
S102193,30.75,61.85,55.91,68.88,72.34,45,44.72
S102194,30.69,76.83,58.31,42.09,74.09,25,64.73
S102195,31.87,91.81,41.01,33.02,95.61,117,46.94
S102196,46.33,81.12,81.12,44.48,85.32,50,56.67
S102197,34.98,88.51,52.21,45.56,72.31,500,54.58
S102198,27.26,65.31,73.0,34.84,58.76,72,34.26
S102199,27.34,60.65,49.61,46.99,95.17,149,75.22
S102200,32.99,40.92,100.0,50.64,77.0,27,64.43
S102201,36.9,71.08,89.95,51.26,62.63,45,58.31
S102202,38.87,75.69,98.18,32.44,69.77,22,56.61
S102203,35.99,65.5,100.0,56.73,73.62,119,60.83
S102204,28.27,58.35,54.85,36.48,75.5,113,28.62
S102205,31.61,88.65,50.85,68.96,64.33,72,72.92
S102206,40.87,79.48,97.42,55.16,64.52,105,71.18
S102207,25.83,89.69,62.74,25.61,100.0,36,52.98
S102208,31.27,55.7,78.33,74.66,84.94,168,67.61
S102209,39.78,59.38,55.07,66.78,73.83,204,51.95
S102210,42.0,88.05,55.33,40.45,85.67,87,43.73
S102211,33.46,69.29,78.28,46.32,82.41,37,48.57
S102212,31.71,61.46,33.48,29.74,66.4,148,35.52
S102213,24.42,62.51,77.53,55.05,51.27,315,60.05
S102214,39.21,69.83,73.39,89.06,72.04,69,58.39
S102215,45.55,85.04,56.52,62.74,77.26,86,58.29
S102216,50.0,67.59,65.39,32.62,78.36,152,45.31
S102217,38.09,81.86,67.89,66.87,52.53,89,78.23
S102218,34.59,77.01,68.79,51.46,100.0,18,70.24
S102219,27.64,56.82,76.04,53.65,100.0,44,58.69
S102220,19.97,56.81,51.96,71.57,86.67,76,41.16
S102221,36.42,63.25,100.0,21.69,80.38,50,32.0
S102222,50.0,49.95,61.71,54.02,71.53,91,69.94
S102223,45.17,62.29,62.91,43.67,88.68,26,77.32
S102224,43.93,92.7,96.12,39.33,78.24,14,46.01
S102225,36.96,69.53,35.74,36.32,98.78,2,62.28
S102226,37.88,58.5,95.95,64.27,93.71,3,78.32
S102227,15.61,98.74,66.5,24.94,67.24,35,36.13
S102228,41.1,56.04,56.52,59.83,69.68,2,31.91
S102229,30.37,55.57,47.09,2.33,94.54,25,36.45
S102230,29.39,88.44,44.69,73.21,90.42,58,49.41
S102231,32.41,79.92,59.53,51.74,63.3,109,67.05
S102232,32.14,68.05,69.45,59.41,73.14,71,30.32
S102233,29.26,82.48,74.96,37.2,77.69,61,55.13
S102234,35.11,74.51,69.26,51.4,79.45,22,49.33
S102235,30.53,52.21,56.84,44.33,78.92,1,52.09
S102236,35.8,34.04,86.43,64.0,93.49,11,51.87
S102237,23.1,61.49,100.0,60.4,82.19,321,62.25
S102238,33.29,86.27,88.91,36.89,81.21,210,48.91
S102239,26.23,63.57,59.25,56.72,68.65,30,44.4
S102240,29.87,76.9,73.03,42.2,82.51,31,47.49
S102241,36.15,72.77,74.06,63.96,79.57,178,75.4
S102242,22.17,44.6,90.66,41.31,72.8,7,62.96
S102243,28.42,69.83,59.59,46.65,62.74,15,28.69
S102244,39.55,75.38,49.56,43.49,99.15,10,73.79
S102245,23.69,58.19,83.14,72.88,100.0,164,73.77
S102246,49.22,64.56,71.5,38.04,83.67,1,30.59
S102247,44.64,75.88,47.26,52.99,100.0,1,41.28
S102248,31.04,71.09,76.29,43.24,83.44,134,53.25
S102249,28.7,85.7,94.41,45.17,59.2,81,65.15
S102250,36.62,75.76,53.9,49.77,84.5,66,44.03
S102251,23.42,55.66,50.74,54.35,74.91,205,62.06
S102252,18.98,62.84,65.48,59.59,87.14,53,43.81
S102253,31.33,70.3,75.88,29.5,100.0,50,58.46
S102254,33.93,90.08,63.8,49.03,72.4,44,38.75
S102255,35.76,62.9,83.15,34.77,85.81,84,46.76
S102256,30.08,44.01,69.17,80.09,92.92,31,80.32
S102257,45.19,76.61,81.19,71.24,100.0,88,61.98
S102258,23.04,58.67,53.47,19.76,94.79,97,33.04
S102259,25.89,50.72,45.36,60.38,63.28,19,26.63
S102260,38.89,70.28,59.56,33.68,63.26,72,59.54
S102261,25.71,84.59,43.46,43.26,91.47,56,43.4
S102262,25.4,61.39,71.55,37.75,74.23,260,57.27
S102263,35.99,77.45,32.73,56.18,65.24,224,36.05
S102264,26.57,69.83,57.76,40.46,97.83,18,51.1
S102265,33.94,81.88,60.42,49.81,74.45,69,53.02
S102266,29.4,59.02,48.25,53.36,100.0,51,31.64
S102267,28.11,53.18,60.1,33.35,73.39,56,43.56
S102268,18.18,55.23,65.07,53.74,68.8,34,32.14
S102269,36.12,81.86,85.31,65.06,79.03,283,70.34
S102270,25.02,80.01,48.35,49.24,91.37,3,42.67
S102271,33.65,55.64,70.72,40.63,84.39,153,50.94
S102272,30.9,100.0,73.89,18.52,100.0,48,49.08
S102273,33.35,53.85,64.66,35.8,82.57,67,46.4
S102274,33.8,84.99,57.03,54.04,77.35,108,42.5
S102275,36.55,92.79,46.78,62.59,100.0,49,45.27
S102276,29.18,71.65,95.38,40.86,88.93,349,52.46
S102277,44.94,58.45,66.16,27.55,73.8,162,48.78
S102278,20.22,58.78,59.95,32.44,83.58,19,51.69
S102279,33.19,66.07,98.94,48.67,83.27,89,61.05
S102280,41.69,86.21,68.56,71.61,76.92,52,53.44
S102281,38.81,52.0,100.0,39.81,82.74,36,44.3
S102282,27.2,42.42,42.34,36.74,60.69,35,22.06
S102283,28.53,75.43,61.21,27.95,74.66,14,43.66
S102284,26.95,78.72,43.08,45.99,86.47,49,49.78
S102285,39.79,99.52,63.05,57.68,72.08,72,64.34
S102286,29.08,49.27,62.97,46.65,66.63,128,72.19
S102287,37.04,67.98,57.67,62.04,79.39,27,42.68
S102288,37.11,87.43,65.86,35.46,72.91,119,37.21
S102289,50.0,71.81,58.45,31.22,60.17,65,58.56
S102290,37.51,67.07,63.23,25.19,60.54,24,75.65
S102291,28.51,81.85,52.91,47.37,86.12,124,69.76
S102292,23.32,61.01,88.09,42.43,81.36,74,54.72
S102293,32.79,82.77,47.26,61.8,84.71,248,52.95
S102294,34.05,51.2,68.4,21.09,75.52,27,20.61
S102295,17.31,47.21,45.92,68.03,57.3,289,53.65
S102296,29.29,65.9,51.64,34.7,66.89,65,56.62
S102297,37.38,31.55,53.35,32.89,75.17,49,49.75
S102298,30.74,71.27,62.89,0.91,86.54,166,34.82
S102299,42.75,44.01,67.81,45.37,53.77,14,31.17
S102300,22.53,74.24,47.29,45.24,45.33,50,39.89
S102301,40.42,72.78,58.38,48.86,100.0,11,50.67
S102302,42.31,68.98,49.14,48.06,88.97,76,56.59
S102303,42.65,76.55,48.44,36.82,66.86,3,47.16
S102304,22.47,73.06,83.14,64.95,76.48,314,79.11
S102305,37.52,65.6,42.73,35.36,73.68,1,51.81
S102306,29.65,97.47,66.19,64.92,84.34,215,70.89
S102307,23.75,75.9,92.17,34.15,72.39,83,53.63
S102308,31.69,81.58,84.3,45.84,62.77,138,66.08
S102309,27.76,86.1,71.81,62.97,87.34,35,57.2
S102310,42.37,80.02,64.74,42.2,100.0,22,62.54
S102311,39.1,100.0,76.79,78.26,87.95,15,76.91
S102312,25.78,72.49,70.91,35.58,81.13,61,53.4
S102313,29.21,69.9,87.76,53.37,76.79,56,50.25
S102314,31.95,60.26,62.86,50.68,68.17,170,60.0
S102315,34.42,66.16,81.02,31.9,73.89,2,44.1
S102316,43.05,59.03,59.79,29.61,85.89,7,53.76
S102317,40.53,80.16,95.3,33.53,97.81,19,68.93
S102318,35.41,56.32,62.41,48.76,98.48,7,51.47
S102319,32.91,71.11,39.1,53.01,82.56,141,40.95
S102320,20.81,78.39,66.24,78.56,82.8,0,53.4
S102321,45.34,72.25,77.23,73.46,80.78,84,66.72
S102322,31.42,56.56,91.06,53.29,88.57,49,49.13
S102323,47.44,80.48,49.06,49.32,80.72,119,69.92
S102324,36.57,68.72,37.09,57.35,80.97,42,53.86
S102325,50.0,26.91,72.95,33.59,67.1,83,67.22
S102326,39.85,55.25,72.45,47.3,66.74,82,49.85
S102327,23.54,91.02,42.42,42.24,69.63,36,20.08
S102328,30.08,92.26,59.73,69.75,83.6,10,73.7
S102329,33.65,77.89,60.44,38.07,75.4,45,60.04
S102330,28.01,81.76,78.17,65.94,100.0,166,75.64
S102331,31.98,58.33,58.38,23.32,85.82,127,61.69
S102332,24.06,66.1,58.03,43.66,100.0,37,31.16
S102333,35.05,88.53,66.83,65.14,100.0,162,51.97
S102334,36.9,76.39,42.95,51.48,86.37,56,51.16
S102335,26.97,70.97,95.41,38.91,79.39,17,51.01
S102336,50.0,67.2,79.95,60.36,66.52,160,71.9
S102337,35.51,87.62,53.77,72.39,70.97,54,47.0
S102338,28.47,86.83,47.12,56.41,92.61,46,44.08
S102339,21.96,79.75,48.36,43.42,84.04,21,26.68
S102340,35.48,70.99,74.39,34.66,70.36,116,53.32
S102341,32.92,64.65,48.83,35.81,76.89,64,70.6
S102342,41.26,80.4,61.01,65.35,84.94,19,50.78
S102343,33.85,53.47,37.95,75.56,80.37,24,46.14
S102344,25.45,56.58,73.66,66.18,76.43,39,41.89
S102345,48.37,48.23,74.26,60.72,79.18,61,81.93
S102346,38.48,88.53,62.05,64.28,43.77,131,50.24
S102347,32.97,59.19,68.1,15.29,80.27,19,27.43
S102348,36.32,76.06,77.73,47.23,64.13,107,54.34
S102349,38.79,69.83,67.67,29.82,85.45,198,45.15
S102350,23.57,100.0,77.49,38.15,82.01,40,81.63
S102351,36.26,76.63,46.31,60.83,91.23,36,53.65
S102352,31.4,42.07,71.06,78.69,91.37,52,76.09
S102353,39.06,87.63,68.1,17.45,100.0,136,29.6
S102354,29.08,64.19,84.23,56.68,50.25,8,65.79
S102355,30.16,66.99,65.49,32.71,78.11,39,65.85
S102356,48.3,59.91,63.44,62.72,49.39,2,40.07
S102357,44.85,72.93,56.09,68.07,87.36,58,66.9
S102358,8.64,72.74,88.86,77.02,77.49,231,36.59
S102359,44.25,60.32,27.3,64.61,72.94,14,46.72
S102360,34.41,62.38,73.18,75.31,84.01,24,43.64
S102361,29.33,71.52,64.67,45.1,64.21,96,13.49
S102362,26.94,34.86,62.06,26.43,100.0,94,27.07
S102363,27.41,48.38,59.73,50.92,76.33,73,76.67
S102364,29.56,95.05,64.11,83.48,81.15,22,55.63
S102365,25.98,74.92,72.66,48.69,78.07,6,54.82
S102366,24.16,62.13,52.28,74.68,93.84,20,38.6
S102367,26.68,44.56,67.16,54.84,61.97,82,26.76
S102368,37.59,69.16,70.61,35.78,92.42,28,35.69
S102369,35.4,84.78,49.74,58.61,72.22,147,70.17
S102370,39.45,100.0,73.06,37.6,72.35,77,57.99
S102371,34.47,69.83,70.74,50.95,93.19,4,44.93
S102372,24.55,56.7,52.22,45.91,75.98,7,46.94
S102373,38.96,62.56,45.99,17.18,89.21,26,55.36
S102374,26.96,47.93,52.01,30.09,89.49,68,57.47
S102375,40.17,57.38,67.17,44.71,74.76,221,61.63
S102376,25.67,66.81,63.79,41.19,83.49,9,20.27
S102377,29.5,64.49,87.3,92.8,72.74,142,49.13
S102378,32.11,100.0,59.13,35.68,79.71,68,44.86
S102379,40.4,50.27,50.77,39.05,87.11,36,63.69
S102380,36.41,69.32,75.51,21.79,65.65,82,16.13
S102381,35.16,39.05,49.32,41.65,86.6,123,27.91
S102382,50.0,74.96,52.35,69.47,84.76,36,55.84
S102383,20.3,49.87,52.56,57.36,57.67,202,35.9
S102384,26.69,86.54,17.04,55.46,68.81,64,47.9
S102385,26.35,65.63,74.07,63.6,69.63,14,32.76
S102386,20.83,48.97,80.04,22.37,73.33,63,22.76
S102387,29.24,38.46,79.67,59.34,65.66,116,38.52
S102388,40.5,55.32,95.17,57.56,94.09,71,70.79
S102389,30.27,73.59,89.11,65.01,95.91,70,74.7
S102390,32.34,76.32,59.66,43.27,68.18,56,22.19
S102391,21.22,62.52,82.75,51.25,62.69,50,58.84
S102392,28.63,83.89,63.44,45.66,79.8,36,52.21
S102393,31.31,52.96,58.18,47.52,99.95,4,46.97
S102394,40.14,26.09,52.91,45.26,100.0,91,57.53
S102395,21.6,74.24,60.72,50.71,69.88,16,28.92
S102396,31.36,89.35,70.26,61.33,45.88,34,25.71
S102397,43.69,89.49,90.3,85.57,57.69,69,45.17
S102398,31.44,50.5,76.66,44.24,53.26,56,57.7
S102399,18.08,61.83,52.66,54.35,86.25,97,44.39
S102400,45.23,80.86,48.29,33.95,81.46,149,41.4
S102401,40.88,60.59,74.1,56.07,83.26,15,50.87
S102402,41.96,71.58,79.44,68.65,96.89,26,49.53
S102403,21.05,59.25,84.64,60.45,100.0,16,52.64
S102404,47.1,53.66,60.7,72.18,92.64,55,63.91
S102405,28.81,56.55,72.51,65.41,91.03,7,50.27
S102406,30.92,84.34,78.69,38.1,57.89,108,44.51
S102407,29.38,70.21,43.38,51.5,72.37,11,53.52
S102408,42.58,69.83,69.44,33.6,100.0,235,54.12
S102409,33.56,77.81,79.47,72.16,71.76,147,54.61
S102410,38.85,94.1,73.17,82.15,96.58,279,74.05
S102411,35.61,82.27,63.71,70.55,81.85,3,65.12
S102412,34.24,81.39,100.0,45.81,91.75,56,48.58
S102413,27.43,68.19,95.89,34.87,66.92,260,38.55
S102414,49.5,100.0,65.15,52.94,91.45,334,77.12
S102415,23.29,71.69,61.96,35.63,70.41,26,46.75
S102416,38.3,40.4,76.2,63.13,83.46,73,51.69
S102417,38.01,74.02,64.08,35.38,79.56,19,40.23
S102418,44.23,55.27,85.34,43.95,97.88,180,54.96
S102419,46.1,85.26,44.72,29.52,92.48,12,28.02
S102420,33.9,69.83,61.15,89.39,53.51,93,63.11
S102421,39.24,67.13,75.96,57.3,67.84,27,71.47
S102422,49.12,56.68,81.06,31.06,70.46,37,29.62
S102423,34.48,72.2,41.31,70.06,90.38,64,56.81
S102424,26.47,60.38,49.73,65.82,72.57,45,27.41
S102425,31.92,81.82,38.18,7.24,63.66,59,47.83
S102426,24.56,78.34,51.03,42.7,59.53,91,41.02
S102427,37.97,100.0,44.56,77.85,90.91,28,50.76
S102428,43.52,63.32,73.63,72.66,48.9,107,66.53
S102429,34.03,65.45,68.66,19.66,95.83,43,55.75
S102430,22.03,67.68,62.54,52.02,60.7,2,44.27
S102431,43.17,68.34,65.42,70.29,73.28,150,49.3
S102432,20.79,85.41,84.11,34.86,62.47,26,29.06
S102433,22.63,65.85,48.32,44.3,66.21,157,56.98
S102434,33.57,99.59,34.12,19.87,76.65,109,50.81
S102435,37.01,78.73,76.37,69.33,77.95,42,61.41
S102436,38.38,62.71,58.74,77.7,56.8,84,72.52
S102437,34.47,58.88,48.71,30.39,73.92,386,48.34
S102438,49.08,85.61,73.86,43.93,81.55,29,64.1
S102439,35.52,70.43,33.52,57.93,87.02,48,23.74
S102440,43.28,70.14,51.28,34.44,49.36,13,45.9
S102441,41.3,61.02,26.78,20.33,72.82,164,53.38
S102442,24.66,69.08,69.15,73.7,49.2,64,39.71
S102443,33.64,60.42,90.18,55.82,72.38,9,49.5
S102444,50.0,90.43,55.83,46.64,73.54,73,62.25
S102445,30.97,80.76,52.34,79.72,89.44,50,58.1
S102446,29.6,67.38,93.55,57.82,94.6,29,76.52
S102447,36.36,67.16,75.04,62.0,64.67,2,30.01
S102448,31.25,71.38,100.0,49.55,84.41,20,58.46
S102449,28.65,69.92,67.57,30.43,89.83,18,41.67
S102450,31.13,55.65,68.63,43.34,68.79,101,37.99
S102451,46.46,41.49,88.12,64.61,91.6,24,56.95
S102452,33.91,58.03,62.62,34.25,82.04,308,36.51
S102453,24.38,68.07,68.96,60.95,75.9,16,48.55
S102454,22.91,58.93,26.26,28.74,82.13,179,28.94
S102455,50.0,82.29,92.8,56.25,56.3,56,75.96
S102456,33.21,66.56,71.25,71.69,82.11,500,65.04
S102457,38.48,98.1,63.28,56.69,67.31,130,68.05
S102458,28.83,61.58,79.52,46.82,80.43,74,70.57
S102459,37.57,72.11,46.1,65.43,73.91,142,52.22
S102460,46.67,65.67,56.18,51.82,84.33,182,68.2
S102461,29.78,76.6,73.85,17.07,97.88,482,80.0
S102462,38.67,69.83,65.7,30.95,81.91,15,43.63
S102463,23.75,79.12,72.15,54.29,95.01,70,41.97
S102464,50.0,39.54,68.99,53.81,64.66,39,57.67
S102465,37.15,77.5,75.09,69.42,100.0,39,53.72
S102466,31.7,54.84,43.87,39.9,64.81,80,30.71
S102467,32.62,65.35,85.45,58.01,61.2,56,54.63
S102468,30.92,80.34,57.26,76.96,75.88,133,58.51
S102469,31.33,53.2,65.92,23.41,73.33,32,29.56
S102470,15.42,87.34,55.39,53.93,56.27,60,59.96
S102471,34.22,64.7,60.4,32.61,63.08,270,68.25
S102472,33.88,100.0,68.67,54.07,26.09,8,45.89
S102473,38.91,71.03,76.76,53.5,59.73,25,25.05
S102474,30.81,95.58,79.42,50.11,70.1,9,46.12
S102475,28.83,87.97,71.92,26.66,100.0,5,55.51
S102476,34.94,69.83,55.47,19.65,90.7,1,30.47
S102477,22.1,50.47,70.91,61.53,84.85,36,68.48
S102478,36.15,71.7,68.84,40.69,100.0,151,39.46
S102479,20.11,61.26,65.95,76.85,53.11,22,64.61
S102480,43.97,93.7,73.55,49.22,78.98,31,57.62
S102481,40.47,66.3,44.59,47.97,100.0,155,66.66
S102482,27.59,65.49,32.57,54.61,72.39,13,46.76
S102483,40.29,49.06,84.04,33.32,67.58,56,35.84
S102484,35.89,76.29,62.9,12.32,92.26,100,38.88
S102485,26.93,52.39,71.65,56.83,71.65,108,42.83
S102486,18.82,76.64,51.12,39.14,98.89,36,43.37
S102487,37.53,78.7,85.2,44.67,92.47,1,63.92
S102488,28.65,58.75,70.6,33.05,77.14,38,39.83
S102489,43.76,84.35,62.13,60.33,94.71,101,55.7
S102490,35.11,65.88,69.57,61.77,76.47,100,35.71
S102491,29.4,47.93,37.13,27.63,81.99,44,34.9
S102492,49.38,93.18,70.97,65.95,88.78,34,62.69
S102493,39.61,56.15,88.79,38.95,74.16,97,54.14
S102494,5.76,77.61,70.04,22.05,100.0,238,41.73
S102495,31.11,76.39,67.98,62.97,81.05,126,79.55
S102496,23.93,75.84,59.93,26.69,84.34,21,37.57
S102497,28.6,75.58,82.32,59.56,60.25,263,55.7
S102498,33.84,55.45,84.7,65.59,70.33,75,70.89
S102499,37.83,95.37,58.09,43.35,82.44,10,43.91
S102500,37.09,84.34,70.74,64.9,93.03,33,69.54
S102501,43.62,69.83,68.72,46.05,100.0,103,52.28
S102502,40.09,50.01,71.43,29.84,64.09,163,53.05
S102503,39.6,55.32,52.64,43.84,67.6,60,31.69
S102504,36.61,79.86,83.28,14.71,61.55,12,33.29
S102505,45.29,39.94,74.04,69.84,87.4,11,50.9
S102506,32.47,75.08,84.24,44.61,100.0,32,73.65
S102507,32.68,50.03,47.15,43.44,77.63,3,46.53
S102508,19.76,56.98,48.09,52.57,80.88,43,39.16
S102509,43.45,48.83,97.95,9.87,81.99,120,44.22
S102510,34.38,73.69,83.35,88.21,72.96,49,69.61
S102511,50.0,86.75,51.96,48.67,61.68,142,56.69
S102512,31.76,75.22,78.89,34.51,95.9,86,61.88
S102513,35.71,76.87,57.55,45.78,82.31,17,54.96
S102514,39.37,72.52,37.82,64.03,71.78,19,50.04
S102515,26.18,80.24,31.4,14.32,100.0,34,56.84
S102516,37.87,77.01,64.65,58.23,79.96,62,49.64
S102517,35.28,29.27,89.97,50.1,54.32,91,35.34
S102518,32.57,83.59,89.34,32.59,89.82,15,74.02
S102519,44.38,82.02,85.16,53.06,52.38,13,51.34
S102520,27.77,64.57,78.28,23.67,86.99,1,29.42
S102521,37.2,40.39,70.08,54.12,86.59,10,76.0
S102522,46.64,73.64,83.43,42.76,100.0,111,76.44
S102523,29.35,74.9,32.83,41.59,64.97,5,18.88
S102524,32.62,63.39,80.84,16.83,75.6,74,62.99
S102525,50.0,72.8,47.06,56.12,78.96,73,42.22
S102526,38.8,86.08,50.4,74.55,92.99,392,73.2
S102527,30.95,100.0,76.13,79.01,86.51,91,67.11
S102528,41.42,72.2,79.86,42.75,87.78,96,93.44
S102529,30.46,75.01,55.24,49.3,98.28,8,53.68
S102530,22.48,57.64,75.34,72.32,76.67,167,54.66
S102531,45.98,62.48,74.01,46.52,100.0,31,37.91
S102532,26.18,67.96,60.03,26.1,78.67,30,50.82
S102533,50.0,87.67,67.46,47.24,93.43,50,65.13
S102534,31.09,82.28,98.29,49.36,72.57,98,49.64
S102535,50.0,98.94,60.49,69.18,88.93,28,62.83
S102536,24.05,47.65,61.05,27.25,97.37,120,54.21
S102537,43.2,50.14,67.4,64.06,63.77,23,57.41
S102538,39.0,86.53,62.07,42.74,94.17,10,54.27
S102539,41.7,91.73,77.65,62.86,82.68,95,86.17
S102540,42.74,70.5,88.51,35.95,100.0,204,51.83
S102541,31.02,10.0,61.05,68.47,76.04,192,47.56
S102542,24.53,58.85,51.29,26.67,84.4,5,32.28
S102543,34.59,75.03,96.6,64.92,77.66,56,52.34
S102544,36.78,56.51,66.92,53.35,89.94,27,70.99
S102545,31.23,72.78,37.73,23.96,47.25,49,38.36
S102546,37.22,98.48,94.8,72.61,58.84,4,48.28
S102547,37.64,91.39,83.02,28.25,90.03,42,61.91
S102548,27.72,82.13,90.62,69.27,80.4,259,46.81
S102549,38.16,69.03,87.95,44.53,49.95,67,64.61
S102550,32.86,62.58,100.0,71.92,70.49,20,50.83
S102551,29.4,81.37,48.41,38.6,74.11,133,47.65
S102552,41.3,70.38,52.27,55.79,72.72,41,49.34
S102553,28.78,70.9,57.12,26.62,93.97,5,53.61
S102554,31.35,46.73,56.67,49.18,98.85,35,34.36
S102555,35.58,59.28,66.97,34.68,46.43,135,59.57
S102556,45.99,81.28,57.16,57.53,78.21,20,25.68
S102557,36.54,53.48,45.97,35.67,81.71,32,44.15
S102558,39.23,73.99,51.01,48.24,57.78,25,42.28
S102559,32.62,76.19,60.3,36.42,98.8,183,70.19
S102560,34.37,77.06,83.31,28.26,85.56,28,44.95
S102561,34.61,78.4,55.8,56.92,92.76,22,34.84
S102562,37.35,79.42,77.96,36.71,73.31,210,32.13
S102563,32.63,60.64,43.86,66.98,68.32,500,32.88
S102564,45.72,47.99,13.82,33.58,71.46,72,28.7
S102565,32.01,56.9,62.87,68.12,78.35,218,58.35
S102566,21.34,80.95,55.24,55.53,73.62,117,45.97
S102567,50.0,51.99,50.89,58.94,93.58,17,63.36
S102568,32.38,54.39,49.02,48.6,100.0,92,61.1
S102569,45.51,54.31,53.68,58.78,88.74,125,54.49
S102570,46.24,42.31,49.2,49.89,50.79,109,50.0
S102571,42.56,52.79,50.65,72.99,82.33,60,42.62
S102572,33.42,85.01,43.26,47.24,62.18,58,35.77
S102573,37.29,59.25,30.93,47.92,73.88,138,63.35
S102574,24.8,43.77,29.65,40.82,79.47,93,64.46
S102575,50.0,62.33,100.0,50.38,76.11,126,44.22
S102576,28.19,77.66,63.99,57.21,64.47,56,72.25
S102577,32.97,42.54,89.39,51.37,87.83,272,75.12
S102578,35.79,84.3,62.16,24.85,50.09,106,56.37
S102579,34.14,48.39,62.69,63.96,85.8,44,50.09
S102580,29.75,64.07,69.91,23.12,66.47,73,62.21
S102581,46.15,63.88,75.24,13.74,84.18,82,57.91
S102582,42.6,61.58,45.05,60.24,59.83,129,60.57
S102583,37.58,69.03,58.92,25.41,83.47,97,58.7
S102584,31.8,81.68,69.88,57.74,100.0,149,57.28
S102585,43.51,69.39,34.06,28.8,71.08,40,49.63
S102586,31.28,60.91,85.76,51.54,70.75,44,27.03
S102587,47.56,76.86,82.0,53.38,86.49,17,71.26
S102588,35.89,73.11,31.37,53.91,83.17,58,43.77
S102589,44.84,59.96,50.94,60.54,59.27,41,55.87
S102590,34.09,70.63,66.68,49.17,96.61,87,67.46
S102591,35.57,58.71,78.47,39.59,92.13,74,46.42
S102592,44.8,57.01,89.42,22.8,99.23,156,67.34
S102593,50.0,82.09,54.8,32.72,88.19,15,58.32
S102594,47.48,76.7,100.0,32.65,100.0,198,69.72
S102595,42.02,81.56,64.22,77.46,51.91,20,29.96
S102596,39.71,79.53,61.41,72.54,100.0,102,74.57
S102597,30.94,69.83,73.99,39.5,74.15,55,45.01
S102598,37.36,85.02,69.97,51.69,71.84,97,64.45
S102599,27.7,65.54,69.08,49.28,69.28,61,48.35
S102600,38.01,83.94,96.94,26.5,87.64,85,49.08
S102601,38.52,68.12,68.96,56.45,92.0,112,58.76
S102602,19.31,74.7,49.25,12.44,73.0,17,28.9
S102603,35.31,75.15,51.56,21.1,84.1,34,23.15
S102604,38.32,82.2,88.56,66.66,100.0,162,60.18
S102605,34.33,69.83,75.94,64.71,69.95,145,50.84
S102606,37.86,46.35,40.1,44.82,74.08,91,42.09
S102607,24.27,80.08,39.31,44.94,100.0,29,17.94
S102608,28.79,75.35,65.4,70.17,56.37,18,47.35
S102609,43.28,58.37,74.86,54.2,83.68,4,64.25
S102610,35.0,75.46,54.15,46.03,43.77,218,49.98
S102611,37.72,48.88,38.12,60.35,59.31,81,24.58
S102612,30.63,100.0,47.0,48.36,62.15,43,38.41
S102613,35.16,89.67,91.33,58.73,66.85,94,71.64
S102614,16.58,79.33,72.95,52.89,61.29,49,67.94
S102615,41.77,71.13,81.0,50.63,83.01,35,66.97
S102616,49.46,60.72,83.64,52.76,100.0,56,64.85
S102617,26.48,50.35,54.98,56.71,100.0,107,54.54
S102618,27.48,68.29,59.03,46.0,64.56,145,43.12
S102619,38.53,57.1,62.31,33.65,90.93,8,60.95
S102620,46.79,57.98,71.67,43.07,98.13,5,55.59
S102621,34.98,48.75,82.43,68.38,81.81,33,88.52
S102622,25.17,73.74,94.92,40.43,90.63,3,67.6
S102623,33.33,64.35,78.03,69.69,86.9,55,67.79
S102624,26.76,78.03,78.15,42.81,86.88,139,52.41
S102625,29.65,69.83,95.83,76.03,68.95,34,65.52
S102626,32.57,73.44,61.72,72.15,50.09,52,64.97
S102627,27.57,100.0,84.02,32.4,74.77,68,67.53
S102628,28.78,82.36,74.25,32.9,68.5,196,55.0
S102629,35.6,51.09,74.84,28.85,75.83,209,61.45
S102630,36.72,76.88,61.57,39.35,94.42,80,47.26
S102631,23.61,69.19,42.69,31.1,100.0,1,30.0
S102632,38.17,49.88,70.52,26.45,82.26,17,59.4
S102633,31.94,48.68,70.59,62.46,62.24,18,61.62
S102634,40.76,76.8,55.79,48.34,74.16,73,60.89
S102635,41.24,80.46,63.45,45.75,68.41,98,69.59
S102636,30.64,54.31,50.89,66.81,81.86,7,57.26
S102637,39.91,84.55,51.03,72.69,73.0,27,76.12
S102638,28.3,74.27,57.3,62.27,93.54,57,56.18
S102639,45.59,87.94,43.74,64.29,67.28,118,63.86
S102640,28.61,86.34,55.66,48.59,100.0,34,58.47
S102641,37.82,67.62,76.42,27.59,57.91,55,33.31
S102642,33.5,94.53,88.3,52.42,84.59,55,65.11
S102643,26.86,53.14,98.21,48.12,55.84,56,38.57
S102644,42.21,100.0,58.6,37.75,95.72,149,51.57
S102645,30.09,56.82,84.2,49.67,80.7,156,48.22
S102646,21.4,69.28,70.38,56.13,83.09,15,44.19
S102647,11.94,61.49,61.2,62.38,66.54,185,22.03
S102648,28.0,64.35,71.44,42.54,96.29,40,63.82
S102649,46.01,100.0,82.63,16.81,89.64,63,64.12
S102650,45.06,63.06,57.03,20.99,71.82,76,47.7
S102651,29.25,69.83,56.66,51.1,79.75,45,41.21
S102652,32.0,66.47,58.44,53.59,66.65,34,60.32
S102653,31.28,84.05,54.97,33.68,65.46,23,50.79
S102654,24.33,61.84,84.18,57.4,70.77,58,17.62
S102655,27.41,73.84,52.78,49.95,75.89,145,61.68
S102656,42.85,79.43,55.6,61.39,80.03,116,65.27
S102657,39.03,59.17,69.98,26.62,79.34,56,71.28
S102658,37.18,100.0,68.69,45.41,67.02,34,56.43
S102659,24.32,80.21,58.44,37.74,91.39,1,34.95
S102660,35.81,66.61,91.94,35.08,96.34,19,34.37
S102661,16.57,59.54,54.91,65.32,93.7,17,33.5
S102662,41.74,71.38,62.26,42.58,90.59,71,53.06
S102663,37.07,51.76,34.17,74.32,42.46,203,37.85
S102664,24.24,96.73,60.12,48.1,65.02,30,46.39
S102665,47.93,76.47,43.83,22.1,57.67,126,28.67
S102666,20.63,68.68,50.34,32.99,53.41,32,44.46
S102667,39.24,85.69,33.71,33.25,97.16,266,38.27
S102668,39.44,59.18,50.72,24.43,100.0,17,42.31
S102669,25.08,52.66,63.8,48.4,80.11,42,57.46
S102670,34.7,68.05,61.09,28.25,87.07,13,59.84
S102671,21.91,71.91,58.36,65.88,74.61,21,47.59
S102672,12.23,77.96,59.8,25.64,97.55,9,31.83
S102673,26.46,47.86,56.92,43.6,84.2,9,57.09
S102674,30.07,63.16,64.45,45.79,72.18,79,34.7
S102675,40.15,23.75,63.24,58.36,88.43,123,32.28
S102676,35.54,52.26,69.4,60.88,77.28,7,57.03
S102677,35.75,80.73,61.78,34.04,82.93,20,35.36
S102678,26.88,84.42,58.06,31.22,90.4,31,34.33
S102679,30.76,52.87,77.45,50.98,100.0,221,59.23
S102680,27.56,65.13,74.65,47.12,100.0,73,47.32
S102681,25.2,70.38,64.48,17.83,82.25,9,41.06
S102682,30.25,86.17,84.12,49.38,65.9,37,74.73
S102683,35.6,69.83,66.32,23.62,46.2,100,46.66
S102684,30.42,72.3,62.42,73.3,99.26,306,58.52
S102685,32.41,66.09,63.9,21.23,96.8,107,42.26
S102686,40.56,48.34,67.64,63.46,70.58,16,63.04
S102687,30.99,71.62,50.32,52.3,78.69,137,43.49
S102688,24.33,100.0,35.02,53.58,83.12,0,38.56
S102689,39.51,89.35,69.5,54.78,88.91,53,63.85
S102690,37.13,72.62,78.34,36.04,100.0,34,44.04
S102691,37.63,74.55,48.98,53.51,60.45,234,60.98
S102692,40.01,59.67,82.17,22.83,90.1,4,41.97
S102693,38.65,64.64,38.66,74.41,83.28,24,58.49
S102694,35.23,72.21,56.06,42.96,72.35,24,37.36
S102695,50.0,72.26,92.3,50.61,92.1,44,82.19
S102696,24.72,85.16,70.69,74.37,78.33,205,57.12
S102697,30.31,84.43,60.16,26.14,78.79,85,36.45
S102698,42.74,77.81,69.04,66.27,84.71,10,65.78
S102699,36.14,55.01,84.14,59.42,73.13,139,78.39
S102700,41.06,55.58,41.88,72.3,89.82,80,74.67
S102701,36.36,56.68,86.09,59.56,74.04,1,54.33
S102702,45.99,73.53,57.16,35.26,100.0,201,69.93
S102703,26.94,39.61,76.33,50.91,83.43,4,32.97
S102704,45.74,69.91,55.17,22.0,69.95,75,47.47
S102705,44.37,91.13,91.94,38.53,84.63,73,58.11
S102706,25.32,80.0,64.5,67.26,94.84,75,49.42
S102707,40.05,64.74,43.74,27.33,56.37,151,48.77
S102708,34.66,59.53,72.52,65.92,99.01,11,55.88
S102709,30.15,82.09,85.82,49.95,85.1,61,74.84
S102710,19.89,74.59,84.01,79.64,79.54,68,47.22
S102711,26.91,66.3,66.5,34.12,69.71,41,62.44
S102712,40.66,61.16,77.99,39.58,85.21,60,51.0
S102713,41.51,71.15,58.25,59.97,66.75,56,28.62
S102714,33.31,65.45,74.46,35.74,50.16,114,67.86
S102715,41.54,81.77,70.81,40.47,69.3,13,42.94
S102716,42.56,88.62,18.68,45.37,75.91,2,47.68
S102717,36.24,49.49,48.99,30.98,89.2,214,51.94
S102718,29.22,51.61,68.33,34.06,76.72,30,27.26
S102719,38.53,90.22,67.64,40.72,62.82,126,44.05
S102720,38.9,72.49,64.53,60.89,70.08,31,71.95
S102721,40.39,53.03,66.43,23.45,80.31,0,36.23
S102722,41.92,84.75,84.32,71.56,89.68,19,65.78
S102723,24.1,75.13,70.67,45.75,92.2,9,62.12
S102724,30.92,100.0,27.68,33.99,59.57,138,75.9
S102725,19.81,66.47,96.16,30.35,80.77,15,46.48
S102726,40.98,86.63,34.5,81.37,91.61,405,77.76
S102727,33.3,48.27,80.33,39.76,66.9,76,61.2
S102728,38.45,69.83,39.97,47.29,100.0,31,48.73
S102729,23.19,84.16,87.78,43.89,72.58,56,62.41
S102730,46.21,94.07,60.55,37.78,95.3,261,68.49
S102731,25.45,86.66,71.15,55.83,90.37,81,60.82
S102732,41.2,68.51,33.22,39.47,69.68,112,51.04
S102733,35.94,52.43,76.67,38.19,80.24,54,16.41
S102734,33.48,60.97,71.66,52.08,100.0,61,85.85
S102735,32.84,43.58,74.88,51.18,71.95,330,55.05
S102736,29.9,56.19,80.19,39.13,82.66,74,41.52
S102737,45.36,76.39,67.86,40.31,57.42,62,48.1
S102738,35.1,69.28,61.63,48.51,85.39,165,76.81
S102739,24.85,66.65,52.03,30.17,73.93,48,48.8
S102740,31.93,58.1,57.91,34.95,87.86,51,60.1
S102741,36.03,69.83,84.3,27.33,67.33,99,46.39
S102742,42.18,72.73,51.6,34.49,84.8,14,32.06
S102743,30.16,75.69,35.51,73.17,74.75,11,43.0
S102744,30.7,55.13,49.2,65.43,40.43,77,29.9
S102745,35.19,62.0,74.7,71.37,81.32,16,26.9
S102746,41.99,93.13,60.15,61.54,98.92,46,69.59
S102747,24.05,87.39,74.67,50.54,63.55,56,44.31
S102748,39.04,47.73,32.99,36.63,70.33,30,45.15
S102749,31.29,68.73,17.28,31.41,99.88,108,41.85
S102750,32.4,91.82,69.23,44.05,88.35,32,55.93
S102751,50.0,66.75,81.08,24.39,75.07,3,65.48
S102752,33.43,65.97,37.62,78.41,84.44,8,41.72
S102753,41.04,86.39,73.42,55.91,70.61,46,63.11
S102754,40.75,84.81,84.04,78.44,100.0,31,74.94
S102755,25.56,84.03,64.93,32.15,93.3,51,39.13
S102756,20.24,66.07,79.42,56.3,100.0,59,50.35
S102757,41.57,79.94,68.05,54.78,81.38,229,38.73
S102758,26.33,92.42,60.79,52.23,60.89,51,49.13
S102759,21.69,69.25,78.14,67.74,87.55,156,54.25
S102760,43.21,63.95,95.6,29.59,98.83,152,69.75
S102761,26.84,88.45,56.07,29.94,99.46,175,33.74
S102762,28.82,100.0,63.6,63.19,54.69,62,74.52
S102763,50.0,100.0,49.15,27.05,83.17,27,53.4
S102764,21.72,64.38,67.48,50.19,56.03,123,35.96
S102765,24.95,65.89,62.5,54.92,71.21,31,69.11
S102766,31.32,54.56,83.54,26.73,88.78,181,54.19
S102767,33.08,71.77,87.72,53.06,99.97,9,49.16
S102768,27.85,53.89,77.61,56.01,83.34,91,35.59
S102769,25.73,62.1,81.75,26.65,62.78,53,49.57
S102770,47.08,80.52,53.72,44.54,88.99,75,54.55
S102771,37.1,75.85,49.72,29.51,67.24,9,46.97
S102772,39.68,42.84,71.99,17.09,75.62,284,46.83
S102773,33.9,93.55,65.32,44.71,81.36,100,54.66
S102774,37.32,53.7,96.99,46.05,69.95,27,44.53
S102775,42.46,55.59,34.25,63.04,89.55,176,40.25
S102776,27.03,51.42,74.91,59.19,91.29,48,65.17
S102777,37.12,69.83,74.65,43.01,95.42,56,45.43
S102778,40.57,56.55,52.81,47.95,100.0,45,49.49
S102779,47.36,56.91,49.52,15.82,77.85,31,70.44
S102780,50.0,33.04,59.57,54.24,61.6,99,68.83
S102781,35.56,71.95,38.74,53.56,63.04,2,37.09
S102782,44.11,73.48,88.32,41.19,100.0,170,49.32
S102783,13.64,100.0,100.0,30.91,100.0,45,46.03
S102784,47.42,77.3,59.54,51.28,100.0,10,62.3
S102785,29.19,62.55,54.77,31.19,71.22,117,38.28
S102786,33.07,51.99,44.03,40.42,100.0,356,44.42
S102787,38.53,68.56,47.46,46.06,77.45,186,49.21
S102788,33.77,76.73,55.57,43.77,85.15,14,35.89
S102789,36.57,62.45,84.34,62.32,92.4,20,53.11
S102790,47.7,70.92,100.0,46.07,98.92,352,63.74
S102791,31.93,98.46,53.43,47.51,88.12,18,40.82
S102792,26.3,64.24,50.57,62.49,100.0,29,42.14
S102793,49.51,41.7,46.31,14.59,80.2,78,29.4
S102794,39.21,83.1,72.21,62.33,76.96,28,72.59
S102795,50.0,74.71,70.51,51.84,75.19,38,43.63
S102796,41.91,44.37,66.61,40.25,62.76,108,54.75
S102797,24.41,76.41,57.89,31.5,38.03,72,18.0
S102798,40.16,55.03,86.75,75.47,95.62,133,39.68
S102799,27.13,76.62,77.23,56.94,76.49,120,68.26
S102800,35.06,98.61,76.53,87.38,91.15,128,77.25
S102801,34.39,67.35,70.92,34.16,88.97,16,58.14
S102802,22.06,86.25,61.97,65.99,82.37,24,53.6
S102803,28.5,51.57,53.56,57.01,94.17,16,45.77
S102804,50.0,47.21,73.32,65.74,96.07,10,62.44
S102805,36.91,100.0,71.77,55.3,65.72,152,64.25
S102806,33.6,74.62,74.08,43.84,100.0,0,36.65
S102807,49.5,79.55,39.97,34.8,92.97,79,47.73
S102808,31.83,87.28,70.43,66.02,66.87,165,57.07
S102809,34.27,62.08,60.06,53.7,70.26,15,52.37
S102810,42.93,82.38,50.94,43.88,61.36,215,52.84
S102811,31.79,80.1,76.65,68.75,89.42,253,49.41
S102812,29.03,50.58,67.84,34.24,77.35,56,42.01
S102813,16.97,92.69,100.0,31.43,42.61,88,35.49
S102814,27.51,89.6,72.75,56.0,71.69,17,72.12
S102815,27.43,50.74,60.24,57.84,74.29,332,36.05
S102816,36.27,73.0,63.27,32.67,81.59,108,55.79
S102817,30.12,66.53,46.25,49.49,56.91,58,52.6
S102818,50.0,91.27,84.69,26.9,81.75,56,54.27
S102819,26.54,48.84,70.04,52.92,100.0,77,30.13
S102820,46.21,69.83,70.31,34.9,82.81,16,51.31
S102821,36.76,67.38,47.97,53.5,88.84,73,52.87
S102822,41.45,81.08,77.46,41.74,100.0,6,51.11
S102823,40.97,90.81,50.03,55.5,78.58,74,39.67
S102824,17.25,67.06,56.14,48.95,78.1,68,38.22
S102825,34.91,68.28,67.01,59.7,85.17,35,67.12
S102826,32.9,62.46,55.7,40.64,66.73,8,49.92
S102827,25.94,56.72,52.32,28.91,69.58,64,33.78
S102828,38.68,74.08,64.2,59.88,49.41,46,51.68
S102829,48.73,67.97,81.16,33.89,100.0,30,58.26
S102830,13.62,62.36,79.32,36.94,92.46,45,40.41
S102831,30.72,63.24,76.32,41.44,65.79,5,31.96
S102832,25.03,78.64,72.78,49.88,95.36,7,57.87
S102833,35.57,58.04,57.39,38.23,67.88,12,21.1
S102834,32.4,66.3,82.93,26.86,81.02,64,42.62
S102835,30.15,83.48,37.23,52.69,80.94,27,41.32
S102836,40.52,73.71,71.94,49.52,73.31,21,51.67
S102837,48.09,54.26,78.46,63.52,67.81,80,53.64
S102838,50.0,69.83,63.56,46.08,98.13,73,92.18
S102839,29.08,76.56,53.44,70.41,81.27,33,40.31
S102840,20.43,84.84,64.41,54.08,100.0,221,57.36
S102841,39.47,58.67,52.88,56.57,64.39,41,33.46
S102842,47.88,61.62,73.23,33.58,72.91,17,70.43
S102843,41.51,59.57,80.13,45.37,79.31,176,62.64
S102844,47.85,60.32,72.15,66.36,96.55,97,79.69
S102845,33.2,76.08,71.19,77.85,68.16,111,35.84
S102846,30.12,78.92,77.17,28.51,88.57,151,50.68
S102847,35.92,85.76,79.01,49.73,85.14,56,38.77
S102848,32.36,68.63,52.55,27.74,100.0,151,36.11
S102849,40.3,48.92,40.39,54.3,87.47,21,36.86
S102850,42.76,80.04,69.45,19.07,53.06,77,53.37
S102851,43.38,72.39,79.79,72.58,64.79,90,82.46
S102852,39.08,70.9,39.71,51.84,65.55,28,51.6
S102853,36.97,50.75,66.1,54.3,73.21,413,64.22
S102854,41.36,67.06,83.05,17.25,99.87,132,53.32
S102855,19.3,52.1,63.14,71.61,76.02,197,40.74
S102856,36.68,77.23,89.34,52.77,80.52,13,46.43
S102857,35.42,63.55,86.34,40.57,76.63,3,61.1
S102858,36.7,62.21,62.08,39.23,88.08,2,73.0
S102859,34.3,46.94,59.12,30.47,69.17,161,62.77
S102860,38.45,85.41,59.41,66.04,77.44,63,59.5
S102861,30.4,66.12,67.16,55.39,77.26,29,45.06
S102862,44.04,71.3,46.22,40.68,78.94,131,42.07
S102863,38.79,58.97,43.27,47.12,71.51,83,45.81
S102864,36.21,45.24,28.66,21.3,59.97,77,24.14
S102865,29.42,62.03,64.66,53.92,93.99,128,49.83
S102866,41.52,64.43,97.62,39.23,78.25,51,48.65
S102867,36.65,74.39,33.15,36.89,96.93,14,32.51
S102868,28.96,64.67,62.05,64.66,87.19,200,66.44
S102869,34.55,59.22,61.57,65.3,87.72,160,63.34
S102870,40.03,47.45,62.57,57.82,96.96,23,36.65
S102871,39.41,70.73,85.11,38.89,100.0,32,59.95
S102872,38.9,58.05,50.79,38.72,99.56,137,27.43
S102873,35.74,89.81,33.86,65.87,93.3,287,69.02
S102874,43.21,72.25,56.45,51.36,84.38,119,34.03
S102875,44.9,78.43,54.31,30.08,98.88,4,30.73
S102876,40.9,66.27,29.31,59.96,68.8,42,40.78
S102877,30.3,73.02,68.93,42.69,88.77,120,57.25
S102878,26.54,56.64,46.02,72.37,99.16,50,63.9
S102879,30.65,52.33,63.67,38.68,94.29,90,28.1
S102880,50.0,70.23,59.19,28.26,78.86,56,21.78
S102881,37.25,78.56,47.82,31.45,86.83,19,24.23
S102882,50.0,40.81,79.25,49.25,75.06,114,55.21
S102883,34.04,62.51,60.5,59.63,68.48,17,47.29
S102884,32.93,97.63,65.87,31.37,100.0,284,39.65
S102885,34.41,77.19,74.38,56.27,73.49,37,55.09
S102886,34.26,93.06,69.62,48.82,73.36,17,46.47
S102887,28.81,60.49,67.32,48.11,73.69,17,65.8
S102888,25.81,63.13,51.81,44.07,69.56,15,36.89
S102889,39.01,84.5,47.2,31.09,69.13,34,54.79
S102890,43.44,79.35,67.53,41.64,54.12,70,63.66
S102891,50.0,68.58,49.61,41.91,56.72,172,26.26
S102892,31.53,51.06,77.71,36.34,77.11,217,34.5
S102893,32.18,87.35,62.93,23.06,86.85,73,52.08
S102894,28.83,100.0,75.38,58.68,54.86,80,57.97
S102895,44.01,46.42,49.23,65.29,82.73,59,41.89
S102896,41.52,91.05,46.74,44.59,99.25,33,31.84
S102897,27.98,62.98,91.86,30.76,72.93,61,71.98
S102898,27.78,65.0,62.61,44.34,65.16,14,48.79
S102899,42.62,74.04,79.61,66.62,79.1,31,70.92
S102900,38.07,51.92,42.41,21.95,87.79,18,32.26
S102901,41.07,69.44,60.47,76.85,71.61,147,54.56
S102902,27.94,45.83,85.84,51.21,94.29,14,46.59
S102903,19.98,77.14,39.97,31.79,87.04,110,52.15
S102904,28.0,100.0,100.0,52.61,100.0,5,51.24
S102905,40.5,60.41,68.24,32.56,54.78,86,48.03
S102906,50.0,67.47,51.9,85.53,58.82,116,56.53
S102907,31.56,68.21,70.63,32.36,73.72,8,18.56
S102908,50.0,84.8,82.75,77.49,59.91,118,74.92
S102909,41.64,76.08,51.79,53.1,100.0,71,46.1
S102910,23.86,83.81,54.09,57.22,83.49,93,54.09
S102911,36.71,62.41,68.99,27.78,75.05,103,63.97
S102912,41.91,76.5,72.41,44.0,100.0,14,40.94
S102913,15.6,19.48,61.82,63.97,84.39,128,50.23
S102914,40.16,80.01,71.44,46.84,76.87,122,46.04
S102915,44.38,51.73,78.66,59.07,68.28,83,67.7
S102916,38.19,65.09,67.77,74.78,88.34,56,60.19
S102917,34.51,81.18,53.94,30.84,87.83,152,47.98
S102918,33.62,46.96,64.67,42.94,90.23,170,55.78
S102919,33.15,86.34,93.1,76.81,92.09,33,71.6
S102920,25.59,68.14,70.33,62.48,100.0,61,36.35
S102921,29.5,91.8,84.84,27.6,67.58,48,58.78
S102922,31.67,56.46,56.77,61.67,100.0,44,37.53
S102923,35.91,42.81,69.2,38.93,100.0,141,29.36
S102924,30.55,69.57,77.71,59.21,100.0,87,75.73
S102925,28.05,78.81,88.96,20.3,76.91,51,65.66
S102926,41.08,80.06,84.64,37.69,69.29,124,58.24
S102927,37.96,52.97,47.09,52.64,81.57,229,46.98
S102928,30.69,45.63,83.43,38.84,84.25,42,68.78
S102929,39.05,65.32,91.98,42.27,92.86,12,69.55
S102930,31.37,77.75,55.8,63.71,77.54,202,65.75
S102931,35.5,76.99,50.69,35.89,93.82,252,58.59
S102932,42.8,93.58,64.61,47.07,74.79,42,61.59
S102933,30.17,64.4,67.87,69.74,80.72,84,63.31
S102934,25.62,42.33,59.4,56.87,90.84,8,62.81
S102935,33.84,87.95,46.01,67.25,81.83,4,56.41
S102936,24.09,72.93,88.56,51.11,69.86,8,41.65
S102937,32.78,74.23,51.24,26.02,66.47,119,59.41
S102938,32.75,81.51,56.89,58.39,95.98,49,36.46
S102939,15.29,88.95,66.75,60.26,87.44,85,46.57
S102940,39.25,69.65,41.44,52.33,100.0,65,49.39
S102941,33.54,87.65,40.22,45.95,97.18,17,40.86
S102942,44.46,78.28,58.09,49.56,75.78,135,68.12
S102943,36.72,60.17,78.21,30.95,95.1,19,48.52
S102944,40.88,66.5,68.01,67.93,85.29,16,71.66
S102945,44.52,79.25,32.05,79.28,78.3,77,37.67
S102946,33.95,59.37,87.23,42.06,100.0,163,71.14
S102947,34.99,83.3,77.76,32.23,100.0,161,22.37
S102948,22.41,72.37,68.06,50.76,89.76,46,50.57
S102949,44.92,75.72,67.63,51.18,67.25,93,36.3
S102950,33.83,91.61,75.77,50.72,72.82,140,57.73
S102951,26.95,75.35,100.0,52.96,71.87,19,70.55
S102952,40.92,71.07,79.09,33.31,92.21,40,61.57
S102953,17.56,68.76,69.74,33.1,85.76,80,61.66
S102954,31.57,67.98,45.37,45.22,75.32,146,10.65
S102955,42.27,74.68,67.63,71.15,100.0,33,92.67
S102956,31.5,90.45,77.37,46.59,73.55,78,74.21
S102957,29.26,60.82,63.16,52.43,100.0,5,34.93
S102958,31.67,59.69,56.64,48.07,97.56,216,59.54
S102959,18.92,89.28,73.86,65.0,89.66,181,39.33
S102960,40.72,61.51,49.19,29.59,68.32,204,45.59
S102961,34.02,73.24,78.89,48.26,100.0,276,48.55
S102962,32.82,61.12,58.03,32.89,100.0,150,53.24
S102963,32.85,44.81,31.04,59.0,83.54,19,51.28
S102964,35.11,72.97,57.72,53.69,98.72,70,77.41
S102965,40.23,86.73,64.09,42.09,81.47,16,58.2
S102966,34.58,69.83,73.84,41.45,100.0,2,47.71
S102967,24.11,47.78,71.99,38.03,65.78,12,32.54
S102968,39.6,71.64,44.35,68.84,94.84,148,40.49
S102969,38.99,58.66,66.95,27.09,42.22,109,66.23
S102970,36.64,30.71,56.46,45.86,62.45,56,34.34
S102971,43.6,68.79,59.24,57.28,64.11,42,47.25
S102972,35.24,77.77,49.03,20.79,80.21,2,19.88
S102973,43.89,87.67,64.19,33.33,66.74,31,68.75
S102974,46.26,96.35,100.0,46.09,66.86,49,77.92
S102975,39.66,79.76,94.7,46.06,77.31,35,53.21
S102976,29.02,84.0,49.02,62.41,78.08,56,76.31
S102977,33.95,50.73,66.06,64.19,62.7,76,35.49
S102978,44.91,94.33,59.98,65.53,59.85,10,54.94
S102979,23.02,89.01,67.27,78.97,67.23,191,54.77
S102980,31.86,64.49,79.66,39.82,95.03,66,45.58
S102981,32.26,80.22,62.93,16.89,100.0,155,70.03
S102982,28.08,78.72,53.6,59.09,100.0,51,77.07
S102983,41.98,92.05,83.5,35.53,74.64,105,60.24
S102984,38.01,67.73,45.26,59.81,86.24,180,54.48
S102985,29.31,58.81,68.03,44.68,79.98,74,31.39
S102986,39.84,62.65,41.22,36.16,77.85,42,58.73
S102987,33.73,83.45,48.58,29.06,81.65,69,38.96
S102988,27.88,41.2,76.92,52.47,84.16,15,49.43
S102989,29.3,25.04,54.13,37.66,53.81,97,45.22
S102990,38.49,83.41,34.98,46.23,70.71,3,55.69
S102991,42.51,74.12,53.44,46.83,79.36,48,41.53
S102992,31.11,70.28,51.72,74.48,100.0,63,49.61
S102993,39.36,50.42,44.8,28.93,89.56,41,34.76
S102994,47.65,44.35,73.8,28.79,96.53,53,40.9
S102995,24.93,60.48,40.25,60.44,78.35,15,38.65
S102996,37.85,75.43,55.59,37.9,100.0,7,57.18
S102997,41.65,61.21,67.13,34.12,84.26,47,49.66
S102998,34.24,83.5,59.52,28.87,92.39,217,44.75
S102999,44.91,55.69,58.53,63.61,82.63,16,28.49
S103000,50.0,62.21,53.44,40.65,88.28,27,18.07
S103001,37.75,80.55,45.5,68.76,72.86,169,61.08
S103002,33.13,64.35,54.81,40.1,100.0,25,39.76
S103003,42.82,65.09,75.52,39.43,72.78,39,76.92
S103004,41.74,60.35,58.06,41.31,65.77,9,38.66
S103005,14.85,57.57,67.67,48.98,82.41,4,3.39
S103006,34.98,75.31,82.87,51.94,100.0,86,52.93
S103007,31.84,77.26,74.6,41.45,69.75,13,37.61
S103008,38.17,73.41,44.58,57.21,77.28,65,40.85
S103009,33.45,60.76,72.17,30.69,83.84,45,56.21
S103010,34.32,66.98,81.76,39.53,60.14,8,49.84
S103011,28.09,93.94,55.68,47.81,59.37,45,60.23
S103012,40.88,48.68,39.63,59.96,96.88,23,37.68
S103013,48.24,98.29,57.95,35.06,81.13,156,37.75
S103014,28.22,71.5,68.01,66.2,64.1,24,62.08
S103015,23.82,67.3,74.48,38.33,75.3,96,53.08
S103016,35.16,84.3,56.67,52.38,71.61,92,41.01
S103017,34.77,38.99,32.43,55.59,80.12,17,22.17
S103018,44.37,90.7,44.58,59.76,82.95,65,44.5
S103019,25.17,97.87,70.76,43.34,47.77,147,53.61
S103020,30.7,86.32,96.85,78.24,100.0,8,56.32
S103021,17.82,38.47,64.65,50.36,81.11,75,53.56
S103022,46.0,81.46,86.01,60.68,70.42,15,38.88
S103023,37.0,94.69,48.09,26.63,93.26,22,64.29
S103024,31.29,93.14,54.64,32.23,64.48,84,49.05
S103025,24.42,48.88,27.56,47.25,75.29,81,48.96
S103026,25.16,85.25,70.91,53.53,61.75,87,41.27
S103027,38.31,96.93,50.7,26.24,91.17,63,71.97
S103028,26.14,70.44,74.59,62.58,97.9,123,47.82
S103029,35.83,48.21,56.96,57.02,85.76,84,32.41
S103030,50.0,82.43,97.35,79.74,77.16,19,33.35
S103031,32.22,85.81,93.69,54.66,60.86,9,48.31
S103032,27.31,67.91,28.15,38.84,73.14,1,43.76
S103033,38.06,52.14,74.46,59.8,83.48,1,36.05
S103034,25.19,84.73,53.11,35.97,71.38,9,28.16
S103035,48.76,58.47,75.35,80.52,73.18,46,61.75
S103036,46.23,75.96,43.5,40.53,63.17,0,25.31
S103037,33.69,93.37,88.06,36.89,68.85,39,37.44
S103038,27.82,45.12,81.49,62.84,58.0,120,50.1
S103039,31.59,83.62,42.38,57.22,84.15,11,50.18
S103040,32.63,66.9,62.1,43.91,80.75,124,62.93
S103041,38.07,67.29,67.6,86.35,81.42,17,57.17
S103042,43.32,77.71,76.51,38.49,74.59,21,44.0
S103043,26.71,58.43,64.81,49.5,71.14,22,31.77
S103044,43.09,52.37,77.58,33.45,75.53,31,47.11
S103045,39.94,43.24,63.87,46.08,73.61,56,37.19
S103046,30.94,88.48,74.79,62.76,82.3,91,67.76
S103047,26.31,64.42,43.11,38.86,100.0,120,27.46
S103048,35.93,78.55,64.58,41.81,77.16,2,56.31
S103049,26.52,62.72,83.4,74.05,71.12,13,54.24
S103050,43.19,52.57,87.58,71.04,76.26,110,63.66
S103051,26.01,79.78,67.77,57.8,72.62,118,33.82
S103052,39.38,74.92,63.41,33.96,72.56,231,61.86
S103053,34.36,66.45,86.89,31.97,71.23,28,65.1
S103054,30.52,74.53,63.39,47.51,90.28,20,61.17
S103055,34.18,55.59,83.31,37.44,90.08,68,52.75
S103056,43.64,85.91,63.29,52.56,93.54,7,54.72
S103057,25.46,89.39,65.64,30.75,96.71,103,49.58
S103058,31.7,81.39,47.32,39.06,74.53,52,33.21
S103059,28.99,64.42,45.01,26.96,56.48,99,41.02
S103060,34.69,70.89,80.65,60.56,100.0,14,58.0
S103061,29.52,93.53,92.57,78.05,46.14,50,54.44
S103062,20.86,89.22,66.69,39.31,74.88,34,38.79
S103063,26.56,99.91,62.34,79.48,58.6,51,61.02
S103064,48.1,58.29,81.36,63.47,86.04,65,36.18
S103065,36.97,56.95,70.4,63.49,65.65,92,58.24
S103066,36.7,72.02,26.63,25.15,96.97,161,74.8
S103067,32.74,76.1,80.9,56.8,83.49,21,55.48
S103068,34.59,67.87,43.61,26.61,100.0,45,47.61
S103069,31.56,64.15,64.81,8.72,81.52,10,34.38
S103070,39.22,89.01,57.94,28.76,97.39,33,46.58
S103071,35.81,68.64,54.75,75.42,63.72,38,57.45
S103072,25.63,51.77,65.75,40.21,94.78,47,55.72
S103073,37.03,53.5,79.3,51.39,77.97,209,78.82
S103074,15.33,73.71,65.5,61.07,83.57,193,38.02
S103075,38.31,100.0,87.56,64.41,93.91,6,79.7
S103076,23.73,55.36,89.54,31.23,85.8,43,46.13
S103077,34.23,65.28,89.4,27.41,68.14,31,64.98
S103078,25.44,100.0,64.11,56.47,72.66,36,59.73
S103079,35.02,62.74,57.35,45.73,64.14,111,35.86
S103080,39.63,76.83,64.46,21.91,90.73,18,61.76
S103081,47.02,98.14,83.01,50.74,74.81,113,52.73
S103082,22.67,55.73,82.05,58.88,73.27,199,53.54
S103083,42.8,69.83,23.48,52.07,83.04,95,35.62
S103084,36.05,62.73,69.89,48.13,76.45,42,39.78
S103085,31.39,47.23,27.11,53.4,97.53,5,45.42
S103086,41.08,93.54,64.69,41.01,91.78,9,45.49
S103087,33.11,61.22,56.54,46.14,90.84,100,90.29
S103088,40.74,56.86,51.61,47.13,73.77,10,26.72
S103089,27.06,63.33,78.59,50.32,90.65,43,45.33
S103090,29.94,83.93,54.64,59.14,87.55,164,45.26
S103091,42.55,71.69,64.85,46.0,61.76,61,60.83
S103092,46.88,58.13,50.08,45.86,76.31,33,69.38
S103093,34.72,76.14,66.18,42.51,77.43,21,61.46
S103094,12.7,82.19,80.36,48.94,100.0,62,62.77
S103095,33.41,69.64,50.95,17.61,73.7,33,55.06
S103096,35.26,66.48,75.24,53.43,87.24,255,66.15
S103097,33.14,85.24,65.9,46.2,99.51,1,69.94
S103098,37.69,67.31,65.76,65.56,66.16,232,54.71
S103099,31.18,94.12,59.39,49.2,84.19,19,48.75
S103100,41.71,58.64,77.37,41.91,100.0,68,62.19
S103101,25.67,58.29,75.73,37.79,56.47,24,43.52
S103102,44.89,56.44,62.87,66.47,70.9,136,64.93
S103103,47.4,66.42,68.24,61.28,84.09,96,52.3
S103104,27.7,70.04,76.89,34.83,85.46,21,42.99
S103105,27.69,50.12,73.66,47.85,82.36,67,36.01
S103106,38.29,71.45,60.09,76.18,88.19,191,58.19
S103107,25.5,78.48,83.65,46.05,98.91,20,77.43
S103108,31.06,48.02,78.83,59.88,80.81,134,52.96
S103109,43.82,62.18,98.78,63.33,78.89,126,49.22
S103110,40.9,78.51,39.89,42.99,88.92,39,53.1
S103111,50.0,53.66,76.23,44.06,100.0,3,64.94
S103112,36.37,65.26,83.43,63.99,89.0,15,72.57
S103113,30.11,86.32,81.08,50.43,95.58,51,42.91
S103114,35.41,96.93,60.96,45.72,56.4,51,51.6
S103115,33.8,76.6,43.19,76.83,77.31,9,64.66
S103116,33.91,67.46,89.63,37.81,61.8,27,43.67
S103117,34.81,62.48,57.29,75.94,80.23,38,42.36
S103118,27.55,83.66,60.27,34.59,100.0,136,63.87
S103119,37.26,87.0,98.06,49.63,60.62,183,71.03
S103120,23.73,52.65,44.63,23.6,100.0,74,25.76
S103121,29.27,83.66,78.1,33.29,79.93,56,61.58
S103122,34.05,60.89,52.94,69.62,93.39,93,56.36
S103123,16.92,57.11,52.59,74.29,95.43,232,41.29
S103124,41.15,67.7,67.68,31.43,100.0,9,60.29
S103125,18.57,84.87,75.82,45.73,88.72,26,49.16
S103126,40.36,74.64,80.2,42.76,66.92,63,14.39
S103127,24.66,69.83,82.3,30.68,95.19,33,56.98
S103128,31.76,75.29,53.69,55.97,39.94,160,61.23
S103129,39.15,77.01,46.7,44.72,66.39,24,51.56
S103130,50.0,68.29,59.52,50.74,71.29,172,59.44
S103131,35.93,79.48,70.56,46.2,48.44,143,47.91
S103132,19.14,60.1,61.71,40.2,100.0,15,33.35
S103133,42.63,79.77,6.9,67.82,99.94,8,69.27
S103134,33.14,82.85,35.77,34.05,86.77,90,20.82
S103135,35.56,80.49,61.15,42.91,94.7,41,50.79
S103136,39.46,81.27,78.68,57.69,85.49,21,72.84
S103137,17.2,76.97,50.53,79.68,92.96,56,57.31
S103138,35.05,87.6,76.73,61.41,98.94,7,38.87
S103139,31.72,35.93,41.06,46.47,58.31,142,35.75
S103140,44.77,82.81,69.09,68.8,93.73,66,60.4
S103141,40.82,99.63,69.21,56.25,96.94,10,37.28
S103142,21.98,60.67,72.5,77.18,71.14,38,40.41
S103143,45.1,58.99,48.87,51.91,76.53,61,48.35
S103144,38.6,89.29,40.24,49.44,68.37,15,65.68
S103145,22.62,56.1,76.62,36.27,84.67,11,57.5
S103146,35.45,60.0,40.58,57.11,85.86,25,53.59
S103147,43.28,72.55,52.67,22.34,82.94,66,45.21
S103148,25.29,58.02,87.27,56.65,68.5,118,60.99
S103149,46.02,83.13,67.72,48.75,100.0,261,66.25
S103150,22.9,58.14,70.9,26.31,71.27,13,55.36
S103151,28.67,75.41,75.0,90.82,88.29,1,56.2
S103152,27.46,74.27,74.43,62.33,91.83,321,21.74
S103153,46.02,94.96,64.66,38.71,54.33,12,56.41
S103154,31.07,87.48,50.58,48.72,85.02,112,41.05
S103155,25.7,62.06,100.0,56.36,98.8,119,67.64
S103156,38.56,51.03,60.32,27.33,79.79,7,41.72
S103157,40.29,82.57,70.3,71.15,93.48,133,73.46
S103158,40.34,60.2,72.04,31.14,69.83,23,63.38
S103159,32.83,64.96,56.47,65.3,95.81,126,41.02
S103160,37.04,54.1,58.19,39.3,62.94,31,46.12
S103161,29.8,80.19,88.81,49.41,79.67,111,61.04
S103162,48.4,60.3,53.18,42.83,98.52,147,54.51
S103163,44.15,69.47,71.6,42.49,97.69,0,36.12
S103164,43.66,69.71,79.33,27.96,60.5,59,22.68
S103165,41.35,72.75,61.57,44.41,76.79,33,40.26
S103166,39.16,79.92,63.5,69.71,71.01,149,49.66
S103167,25.05,66.36,80.31,59.41,97.7,53,46.13
S103168,40.07,58.88,62.8,56.12,78.88,39,54.78
S103169,35.91,42.11,31.76,57.13,82.22,13,30.78
S103170,45.11,71.54,89.06,42.47,87.23,27,45.6
S103171,41.46,67.65,49.39,41.1,61.79,410,56.32
S103172,39.4,59.34,68.45,21.65,84.48,155,28.52
S103173,21.53,70.94,43.92,73.24,64.85,29,39.64
S103174,34.29,82.84,56.83,56.07,72.65,77,53.19
S103175,30.54,86.68,58.02,47.3,73.35,493,70.6
S103176,37.02,46.97,67.79,53.21,87.26,93,30.28
S103177,31.68,64.59,50.97,44.64,68.11,33,29.88
S103178,32.79,84.42,96.73,50.66,72.88,3,48.46
S103179,38.67,93.94,65.39,44.68,84.86,128,57.71
S103180,31.54,57.74,79.1,47.91,100.0,27,56.1
S103181,35.97,90.67,64.86,68.07,86.56,12,50.75
S103182,22.84,49.75,80.96,64.3,96.96,56,31.77
S103183,28.34,87.22,31.39,19.64,48.14,9,23.49
S103184,40.25,65.77,53.72,42.07,100.0,10,47.33
S103185,25.16,93.44,56.65,61.06,67.14,58,60.63
S103186,44.97,63.04,56.52,35.79,70.87,115,45.81
S103187,42.8,65.35,73.3,50.28,100.0,179,51.7
S103188,32.85,68.0,74.39,57.23,82.55,93,67.79
S103189,50.0,46.94,63.82,39.65,68.75,8,68.5
S103190,44.94,43.56,64.21,55.1,70.82,235,48.45
S103191,27.41,77.65,100.0,42.29,59.25,0,55.64
S103192,40.97,84.83,70.19,64.66,80.22,112,77.71
S103193,35.53,79.11,29.4,45.9,74.96,323,56.18
S103194,28.79,69.83,77.32,30.06,90.04,180,56.1
S103195,26.44,77.2,73.95,49.8,100.0,101,35.64
S103196,42.96,55.15,83.55,69.24,61.19,60,62.48
S103197,30.22,76.11,74.57,69.4,88.94,500,41.61
S103198,34.18,86.97,50.52,37.61,57.0,79,30.89
S103199,27.63,75.51,79.24,30.75,86.52,142,50.11
S103200,29.01,92.03,66.59,41.99,62.4,16,61.19
S103201,33.98,67.75,81.74,42.31,59.8,82,61.6
S103202,38.11,66.75,89.77,66.61,100.0,1,51.36
S103203,14.29,71.01,63.05,55.77,100.0,132,62.28
S103204,35.14,49.86,79.01,47.17,69.38,43,36.81
S103205,29.03,63.96,81.54,54.95,100.0,24,35.65
S103206,46.22,65.27,67.54,49.91,79.41,24,59.37
S103207,50.0,65.74,96.33,42.7,59.44,312,66.77
S103208,32.13,74.02,81.73,54.25,89.74,161,58.72
S103209,21.22,47.8,55.63,76.16,94.24,124,61.95
S103210,35.94,52.82,69.16,47.7,91.29,56,62.69
S103211,33.36,86.98,78.76,64.31,54.65,41,33.19
S103212,50.0,39.89,95.72,59.69,62.85,72,87.42
S103213,48.33,79.25,74.93,52.93,94.06,63,70.32
S103214,41.92,64.4,69.63,47.72,62.72,174,47.63
S103215,30.31,72.4,85.22,73.28,95.27,289,82.76
S103216,40.42,93.37,61.49,76.14,74.56,214,51.24
S103217,37.12,68.03,49.16,23.77,55.33,117,30.83
S103218,36.93,79.38,76.26,48.36,60.22,42,41.02
S103219,22.53,70.88,58.95,56.31,86.81,115,49.85
S103220,43.49,68.36,100.0,48.15,87.53,121,65.88
S103221,35.86,66.5,69.05,34.73,100.0,15,73.84
S103222,34.19,80.52,76.36,48.87,80.3,137,61.75
S103223,30.2,59.03,54.95,58.99,77.01,195,49.3
S103224,28.65,53.02,85.23,73.9,100.0,111,56.83
S103225,37.54,71.12,64.57,30.83,67.41,91,48.47
S103226,21.01,72.89,63.01,28.69,75.75,20,33.1
S103227,41.32,42.64,63.39,56.37,87.12,81,66.57
S103228,26.57,69.84,44.34,56.83,66.56,80,59.77
S103229,18.53,51.6,60.99,31.27,86.7,38,46.07
S103230,49.58,69.83,73.74,41.4,80.07,10,41.61
S103231,28.14,42.94,40.27,60.15,97.03,46,9.12
S103232,29.22,98.88,81.35,53.85,73.73,203,58.51
S103233,44.08,64.93,60.71,45.46,70.42,122,85.21
S103234,49.84,57.03,68.92,17.23,100.0,35,30.22
S103235,22.74,65.76,29.26,35.31,92.77,17,27.41
S103236,27.35,78.34,68.6,76.76,96.29,49,76.26
S103237,27.94,83.36,48.31,76.34,92.53,114,47.64
S103238,42.48,69.83,59.38,66.93,69.89,92,61.45
S103239,48.11,48.42,39.92,33.33,65.6,172,67.11
S103240,26.36,51.82,50.89,54.86,65.76,30,44.79
S103241,46.32,74.3,62.38,65.04,71.37,55,95.71
S103242,29.33,84.81,60.65,50.65,98.0,56,28.51
S103243,37.69,86.76,79.15,60.4,79.61,119,64.53
S103244,24.83,72.52,35.11,28.99,94.1,44,38.75
S103245,34.02,84.51,64.18,65.35,92.35,45,75.61
S103246,34.11,98.69,63.41,36.56,100.0,135,85.44
S103247,32.48,87.86,57.68,78.42,92.02,105,42.21
S103248,38.08,83.83,50.39,36.78,83.19,51,50.01
S103249,26.94,57.9,82.63,43.62,60.52,38,15.28
S103250,27.93,84.44,97.76,36.29,100.0,93,62.79
S103251,38.5,76.92,37.58,49.63,95.97,56,51.77
S103252,45.74,79.76,50.21,46.79,86.36,44,55.68
S103253,34.82,88.92,48.93,35.29,83.19,3,56.57
S103254,39.03,75.38,60.5,49.1,53.29,169,63.93
S103255,41.06,68.46,85.09,71.76,86.33,56,58.9
S103256,41.64,53.95,73.44,39.48,72.05,185,31.04
S103257,27.37,65.55,62.54,65.95,55.4,142,51.58
S103258,28.78,73.19,65.26,45.96,72.74,86,58.88
S103259,29.48,74.16,59.9,11.9,83.61,150,67.85
S103260,50.0,73.66,76.82,40.61,85.6,24,35.67
S103261,39.07,84.39,78.77,21.39,62.33,155,45.29
S103262,38.71,82.98,74.46,35.93,59.57,66,42.04
S103263,37.93,69.07,29.86,41.39,75.46,16,39.6
S103264,24.43,57.29,65.21,16.01,88.56,24,38.86
S103265,50.0,75.75,62.02,52.78,68.11,125,68.58
S103266,38.83,100.0,80.86,49.33,73.33,148,57.83
S103267,40.79,74.82,68.83,52.32,82.82,166,45.93
S103268,20.88,65.56,73.91,59.14,67.69,16,37.82
S103269,41.24,69.83,57.08,67.66,49.9,186,58.8
S103270,32.15,78.94,80.03,71.26,84.66,54,70.48
S103271,24.42,78.77,84.74,42.57,53.8,399,41.97
S103272,27.37,90.59,38.97,35.7,84.95,52,56.13
S103273,24.88,75.79,44.26,70.29,76.69,23,41.17
S103274,24.75,89.88,77.2,54.06,76.57,5,45.06
S103275,35.48,73.45,62.24,37.09,63.46,87,67.95
S103276,31.91,92.69,81.46,27.5,75.02,0,26.37
S103277,37.67,88.1,68.87,42.16,66.82,145,55.16
S103278,48.41,83.83,76.09,29.76,100.0,30,56.49
S103279,33.96,81.84,53.04,49.96,67.94,88,68.27
S103280,17.04,100.0,70.44,40.29,95.58,55,32.85
S103281,33.06,86.15,70.48,59.19,71.52,86,51.53
S103282,44.55,57.26,53.98,4.53,83.65,4,5.32
S103283,34.31,73.69,81.03,55.2,80.11,18,66.27
S103284,47.23,66.03,34.67,65.24,77.52,179,61.14
S103285,38.62,100.0,68.32,31.72,77.05,43,62.77
S103286,20.29,88.77,44.29,32.09,83.71,67,45.15
S103287,35.88,100.0,48.64,50.03,100.0,49,62.49
S103288,37.38,58.6,80.78,36.38,63.03,193,52.77
S103289,43.64,86.53,47.4,60.75,53.48,18,40.05
S103290,49.56,49.53,46.73,43.75,67.54,146,58.25
S103291,42.26,46.12,74.29,51.79,81.92,5,29.7
S103292,38.52,64.05,47.23,57.45,75.56,156,48.74
S103293,40.41,92.69,81.29,7.99,100.0,187,57.09
S103294,33.66,55.11,75.31,42.83,100.0,125,49.93
S103295,23.3,69.75,52.56,30.93,73.18,26,28.27
S103296,35.33,87.83,80.69,25.21,100.0,10,78.36
S103297,37.92,82.7,33.98,33.49,86.31,56,13.06
S103298,25.37,100.0,72.56,35.16,69.07,88,30.33
S103299,45.61,70.05,45.06,41.89,78.2,137,46.72
S103300,43.04,63.38,56.63,50.64,77.1,56,51.57
S103301,24.03,53.58,57.66,55.19,68.96,63,45.49
S103302,45.93,64.48,85.5,46.0,70.49,220,64.08
S103303,32.53,53.45,56.98,52.41,86.77,4,23.27
S103304,28.77,43.05,63.74,63.29,74.0,31,52.3
S103305,43.63,99.45,57.99,49.82,75.76,46,60.04
S103306,34.59,70.73,49.28,42.68,76.89,82,47.33
S103307,50.0,100.0,48.52,26.67,77.48,8,48.22
S103308,28.18,57.41,69.94,17.41,93.81,166,60.73
S103309,21.15,63.57,64.58,44.82,67.6,30,34.0
S103310,32.76,58.37,77.2,15.57,83.46,16,29.19
S103311,41.31,60.39,61.13,31.36,57.3,72,65.02
S103312,27.58,83.1,61.65,37.12,72.17,12,62.32
S103313,24.36,78.49,77.25,68.13,60.39,32,35.83
S103314,36.83,83.13,59.05,55.54,100.0,158,67.31
S103315,23.29,90.13,41.97,60.88,82.01,125,52.73
S103316,37.45,86.61,78.56,32.0,73.61,26,37.21
S103317,32.28,54.87,54.17,57.51,53.95,44,37.2
S103318,38.96,62.14,66.07,51.49,59.91,57,71.62
S103319,23.93,69.83,54.98,39.68,92.77,67,82.78
S103320,45.39,100.0,49.44,54.82,85.32,29,51.4
S103321,33.54,81.59,34.62,59.07,58.39,61,23.23
S103322,41.11,71.6,70.43,74.38,58.46,119,49.73
S103323,42.68,80.1,10.7,37.85,100.0,93,68.49
S103324,25.74,60.95,85.77,17.45,100.0,241,58.02
S103325,42.06,73.94,81.51,42.84,84.43,22,62.92
S103326,23.6,84.32,50.45,53.52,81.74,91,45.13
S103327,24.04,69.57,90.41,74.23,77.48,239,56.83
S103328,50.0,58.65,97.97,40.74,61.14,8,46.93
S103329,43.89,68.83,60.63,29.79,92.91,66,42.88
S103330,50.0,65.21,71.58,46.13,77.07,333,61.82
S103331,32.04,49.64,67.18,70.12,90.95,5,37.81
S103332,35.82,61.43,89.22,34.64,73.94,36,53.11
S103333,39.22,49.11,42.72,63.49,85.45,7,59.58
S103334,34.9,51.45,61.36,39.74,72.8,71,63.13
S103335,29.03,52.89,79.71,15.91,81.04,153,13.28
S103336,27.83,84.3,78.02,27.74,91.96,56,38.62
S103337,36.71,92.34,64.32,22.46,71.97,18,42.1
S103338,26.47,46.96,87.28,40.02,100.0,60,61.99
S103339,26.24,93.7,68.74,60.83,71.33,35,51.44
S103340,38.15,53.1,66.82,53.78,82.05,140,43.6
S103341,34.24,81.2,76.15,63.56,100.0,12,36.65
S103342,42.5,73.88,64.03,56.65,100.0,197,60.84
S103343,31.6,79.54,65.8,51.38,87.01,133,67.0
S103344,30.35,52.51,52.4,24.23,84.03,1,32.81
S103345,38.39,42.81,100.0,77.49,81.04,26,75.06
S103346,28.5,57.96,57.43,53.09,100.0,196,49.6
S103347,29.73,76.4,76.67,46.2,94.36,155,85.41
S103348,30.05,99.35,95.54,37.2,96.34,54,47.9
S103349,33.32,54.55,43.51,25.77,100.0,63,38.96
S103350,49.18,68.52,74.78,21.17,86.87,7,54.62
S103351,23.99,58.76,65.37,63.48,73.9,129,38.85
S103352,45.36,69.74,93.72,50.91,85.27,6,64.03
S103353,40.9,69.83,50.45,39.6,80.84,83,42.72
S103354,47.54,92.47,52.96,76.89,77.16,10,65.66
S103355,50.0,70.36,64.2,68.14,73.94,45,47.27
S103356,46.45,83.76,57.1,31.14,88.22,36,41.39
S103357,42.41,66.52,57.65,64.74,89.56,43,50.39
S103358,24.5,72.86,97.45,52.9,69.56,69,60.19
S103359,25.51,86.93,67.03,33.48,84.74,12,36.77
S103360,37.88,71.98,52.45,35.22,100.0,20,38.34
S103361,21.42,72.52,58.76,34.15,68.8,9,8.54
S103362,39.92,58.09,71.48,45.97,100.0,85,52.69
S103363,17.92,61.98,70.4,46.23,66.88,4,28.04
S103364,44.22,54.81,55.76,47.3,85.42,86,31.43
S103365,32.43,69.83,38.95,43.59,53.28,289,91.9
S103366,36.01,88.77,64.19,51.87,89.6,176,55.57
S103367,29.01,97.13,63.76,57.79,76.69,32,48.97
S103368,19.81,51.29,54.66,67.01,53.83,19,34.13
S103369,44.88,75.93,85.48,60.28,72.93,258,60.54
S103370,45.69,65.23,74.19,54.46,100.0,47,83.76
S103371,32.19,90.95,67.16,45.39,88.55,35,19.72
S103372,40.3,72.02,59.23,39.89,81.69,11,47.45
S103373,31.87,69.89,92.73,62.34,87.96,56,66.0
S103374,37.31,58.83,46.53,64.19,95.15,108,49.26
S103375,41.07,47.02,57.05,46.96,100.0,18,31.7
S103376,39.44,81.41,57.76,66.58,75.64,16,27.88
S103377,45.73,75.29,69.78,33.96,88.89,31,28.06
S103378,39.15,75.66,75.57,50.83,87.13,196,69.31
S103379,35.22,61.01,43.61,28.98,81.6,71,38.64
S103380,28.91,67.81,54.05,60.52,77.2,119,77.53
S103381,31.17,81.87,72.16,45.51,100.0,102,75.47
S103382,41.48,84.73,54.36,34.54,83.95,239,78.96
S103383,22.99,52.32,58.57,9.92,61.74,94,48.89
S103384,43.85,60.5,67.76,78.4,36.43,11,85.82
S103385,32.75,49.15,49.32,46.43,94.31,18,33.07
S103386,28.45,73.02,69.44,44.4,73.55,97,23.09
S103387,26.21,83.27,74.8,29.14,77.72,19,53.76
S103388,40.39,65.82,65.61,50.97,86.12,140,64.64
S103389,34.88,60.06,87.81,74.26,100.0,169,71.88
S103390,47.71,64.97,76.61,34.34,100.0,43,23.62
S103391,24.9,100.0,64.35,67.3,76.6,39,51.96
S103392,30.37,87.88,59.86,55.31,90.96,10,41.89
S103393,34.26,80.96,93.08,47.53,70.97,222,75.37
S103394,28.99,74.8,54.42,62.77,91.61,53,72.72
S103395,35.05,69.81,60.65,35.59,67.66,98,17.47
S103396,37.56,56.4,58.44,40.17,82.74,14,57.04
S103397,38.88,54.07,71.36,55.84,83.24,62,68.88
S103398,47.05,61.48,100.0,59.62,64.23,120,86.13
S103399,24.57,55.69,68.95,49.5,71.17,73,54.18
S103400,37.7,60.88,59.85,64.4,47.38,38,51.27
S103401,29.82,68.47,68.02,39.8,74.31,76,50.22
S103402,38.44,69.62,43.99,30.99,96.73,433,52.97
S103403,38.45,69.83,62.0,43.08,100.0,92,65.57
S103404,27.1,77.43,92.27,48.06,100.0,56,46.42
S103405,27.79,67.16,75.59,39.39,74.21,155,19.38
S103406,39.09,73.22,84.7,47.15,79.9,51,45.65
S103407,35.19,58.83,81.21,36.43,78.93,48,58.92
S103408,33.24,80.39,53.66,42.65,76.86,65,59.56
S103409,40.26,61.98,95.59,52.84,94.61,31,78.32
S103410,40.85,94.13,36.58,78.97,71.73,6,33.78
S103411,30.76,66.63,70.32,23.25,100.0,38,48.4
S103412,28.18,68.58,32.05,70.5,82.08,105,46.85
S103413,24.9,78.9,37.59,41.1,62.51,53,14.37
S103414,35.27,82.18,79.97,54.92,78.54,154,55.52
S103415,23.61,83.79,53.94,24.31,87.19,16,39.16
S103416,35.8,96.63,84.92,34.23,94.65,20,52.4
S103417,44.73,79.93,30.21,53.69,91.31,83,65.89
S103418,32.17,69.0,63.58,52.15,75.26,137,43.58
S103419,30.71,62.06,45.54,54.54,72.22,95,50.67
S103420,50.0,67.99,59.74,38.31,100.0,47,37.12
S103421,47.08,92.26,89.77,86.03,80.4,172,66.82
S103422,28.88,49.2,93.67,37.7,63.0,90,38.49
S103423,36.11,57.71,73.21,56.93,71.22,144,70.26
S103424,37.63,66.72,39.49,57.0,50.57,187,30.64
S103425,36.63,57.52,45.69,49.06,55.57,60,74.09
S103426,49.52,63.87,67.56,65.64,72.05,71,46.67
S103427,35.7,97.09,52.11,50.09,68.06,88,72.96
S103428,36.9,65.53,75.53,65.78,69.7,287,65.8
S103429,40.51,76.17,91.81,57.37,91.55,131,65.49
S103430,44.52,45.13,49.28,51.5,93.11,3,42.93
S103431,42.5,53.46,50.68,60.87,62.53,45,81.25
S103432,39.3,83.99,46.11,17.28,100.0,162,69.06
S103433,22.53,95.02,60.93,50.5,81.51,3,35.51
S103434,31.09,73.32,65.84,74.04,80.12,80,65.98
S103435,41.56,65.41,65.35,25.66,68.12,232,52.95
S103436,37.0,77.44,79.36,40.17,75.49,30,67.29
S103437,41.61,31.04,71.29,62.85,100.0,102,54.2
S103438,50.0,73.44,64.06,39.22,63.78,30,38.0
S103439,25.58,54.31,65.65,53.15,84.01,82,71.76
S103440,44.1,81.91,66.37,73.99,71.86,221,80.88
S103441,32.36,37.12,64.08,50.65,52.86,37,14.74
S103442,42.48,60.57,54.17,70.03,56.96,258,61.3
S103443,34.67,69.39,45.75,40.1,89.16,39,61.5
S103444,50.0,58.57,67.28,49.17,54.16,40,71.34
S103445,36.04,64.37,57.01,32.21,61.48,116,42.98
S103446,29.88,83.57,73.4,42.77,92.33,56,43.89
S103447,38.36,69.63,66.15,53.33,90.52,32,52.44
S103448,37.59,56.04,65.24,52.07,80.88,16,49.58
S103449,44.1,84.11,80.75,51.28,62.33,7,45.62
S103450,38.58,73.76,42.53,41.4,62.27,145,37.66
S103451,50.0,74.39,93.31,34.14,60.14,52,53.91
S103452,34.11,56.61,30.04,58.47,77.99,84,36.79
S103453,34.2,31.79,88.21,63.57,89.62,52,43.3
S103454,30.17,56.41,68.21,29.48,73.64,38,19.1
S103455,35.69,54.88,56.62,45.56,93.27,42,81.18
S103456,36.85,60.8,41.45,72.45,100.0,7,52.25
S103457,37.25,57.37,55.41,47.66,85.87,90,45.99
S103458,35.54,71.69,62.38,32.23,61.2,57,57.35
S103459,30.12,69.83,68.12,62.56,81.29,5,42.06
S103460,27.95,86.14,88.13,81.22,100.0,79,100.0
S103461,32.0,82.56,66.17,38.39,70.54,19,84.28
S103462,44.13,56.54,70.11,37.98,70.13,12,33.03
S103463,45.85,70.88,70.6,46.11,97.1,302,77.72
S103464,34.38,93.48,59.76,58.15,58.46,7,56.78
S103465,27.47,46.23,61.92,39.77,82.98,105,31.8
S103466,34.35,90.22,63.29,40.58,70.74,96,50.05
S103467,50.0,55.06,75.02,51.73,73.51,59,55.18
S103468,42.99,74.41,50.39,30.5,100.0,7,55.69
S103469,39.41,76.19,56.89,59.4,72.79,28,49.29
S103470,42.7,72.85,70.7,69.8,81.82,14,61.84
S103471,47.32,100.0,47.78,38.87,95.47,328,46.16
S103472,25.78,65.49,66.82,18.33,60.77,8,34.95
S103473,31.86,45.41,56.27,76.46,92.54,1,47.5
S103474,30.77,75.35,73.08,49.4,73.28,20,39.28
S103475,39.7,67.45,86.98,58.59,60.8,123,34.65
S103476,36.28,78.32,56.29,18.73,72.61,149,38.87
S103477,41.05,83.23,77.12,40.81,80.93,97,34.54
S103478,30.94,69.49,68.21,58.75,83.6,45,71.52
S103479,45.98,76.54,58.86,23.64,68.76,125,60.12
S103480,34.45,69.83,65.11,84.85,76.76,90,46.67
S103481,40.56,69.83,85.77,25.19,59.11,405,42.24
S103482,44.56,64.44,62.25,29.88,69.38,46,28.74
S103483,43.92,59.69,85.95,54.54,59.57,17,57.59
S103484,37.89,83.21,63.08,63.31,78.81,5,35.19
S103485,41.55,56.06,42.4,7.2,67.44,78,27.98
S103486,48.93,75.88,62.65,48.5,100.0,218,72.36
S103487,39.11,67.46,41.16,19.51,85.74,123,50.07
S103488,29.16,68.48,59.92,68.6,55.61,105,52.16
S103489,39.66,100.0,59.3,30.09,68.81,58,28.35
S103490,34.7,88.51,94.07,57.58,90.54,16,40.33
S103491,16.22,85.32,90.75,12.76,83.67,26,38.6
S103492,38.7,77.96,66.37,37.71,56.43,27,53.68
S103493,35.93,59.63,84.38,44.47,68.19,87,37.44
S103494,44.25,73.92,58.64,41.69,89.65,155,56.16
S103495,29.0,78.75,42.16,61.98,85.57,12,69.95
S103496,22.95,72.98,73.45,32.5,88.64,3,55.83
S103497,36.35,71.42,70.78,13.31,75.8,57,36.36
S103498,38.04,64.04,50.0,53.88,67.15,182,56.84
S103499,35.75,74.1,50.71,36.38,60.86,260,51.45
S103500,35.17,62.12,80.03,54.36,94.24,52,62.0
S103501,26.45,80.55,38.06,76.59,100.0,23,50.44
S103502,33.89,39.76,73.93,43.11,84.16,117,53.98
S103503,32.21,90.38,59.97,72.56,94.04,15,55.4
S103504,43.58,50.33,73.95,66.32,68.02,139,58.85
S103505,38.03,53.99,80.81,49.18,79.69,163,42.61
S103506,32.78,76.13,51.01,69.35,79.06,30,34.12
S103507,48.79,78.1,46.76,38.32,85.77,16,46.56
S103508,32.85,100.0,88.46,29.75,81.16,9,51.57
S103509,39.46,69.83,64.09,57.11,100.0,75,57.51
S103510,33.66,69.39,70.24,51.86,91.99,321,65.28
S103511,48.05,72.87,79.57,45.43,99.49,47,62.97
S103512,35.69,93.86,49.62,26.96,84.06,24,50.83
S103513,35.93,100.0,79.43,49.22,48.11,141,33.73
S103514,33.88,67.23,75.24,48.79,86.72,100,57.02
S103515,36.57,78.14,88.52,44.36,96.43,6,58.87
S103516,44.6,68.88,88.24,50.24,100.0,24,59.07
S103517,41.77,68.59,66.01,27.04,78.99,37,48.37
S103518,35.22,98.19,77.05,42.41,58.47,20,53.38
S103519,48.61,56.11,65.71,70.01,75.66,172,40.75
S103520,41.98,34.99,67.32,39.41,58.25,17,59.07
S103521,31.49,74.76,46.94,39.81,99.31,126,33.32
S103522,23.96,88.02,61.41,24.87,86.81,108,33.72
S103523,31.68,73.3,36.28,18.31,72.31,1,45.29
S103524,38.31,77.53,62.8,61.71,91.13,26,51.98
S103525,39.78,81.29,86.12,57.22,100.0,57,45.82
S103526,45.87,71.66,77.45,22.8,91.76,20,44.84
S103527,26.24,78.34,66.8,43.91,100.0,136,61.9
S103528,31.49,78.09,61.77,40.73,66.72,12,11.84
S103529,25.58,40.62,56.35,53.75,94.59,15,35.3
S103530,24.29,71.71,50.3,41.24,58.11,71,69.49
S103531,29.98,46.41,78.1,61.5,100.0,2,72.39
S103532,37.93,69.43,40.44,55.68,90.92,398,58.98
S103533,41.17,62.57,40.07,59.11,74.4,60,43.7
S103534,27.41,85.51,79.47,30.05,62.66,84,84.63
S103535,28.53,73.67,68.33,76.4,71.9,23,92.4
S103536,20.76,77.1,65.72,46.26,76.11,247,58.27
S103537,36.71,67.13,68.31,65.06,83.24,33,66.86
S103538,29.14,85.78,97.16,52.97,79.74,11,45.34
S103539,48.3,46.04,65.9,40.39,70.5,49,56.27
S103540,38.28,56.57,69.69,72.51,97.36,11,47.99
S103541,33.63,89.29,97.93,33.02,54.51,262,62.51
S103542,29.87,63.47,63.98,15.17,88.6,56,52.08
S103543,23.04,37.81,92.62,74.76,82.79,73,33.9
S103544,24.06,91.79,31.29,64.44,79.9,53,69.06
S103545,30.02,86.15,46.41,35.6,89.45,21,50.12
S103546,29.41,80.66,54.31,48.13,69.98,15,52.06
S103547,27.01,71.42,74.34,54.36,68.45,269,71.28
S103548,38.02,94.91,93.38,45.07,75.66,31,59.91
S103549,39.11,88.88,55.55,74.98,72.1,5,52.04
S103550,31.33,93.22,80.65,22.48,76.45,56,44.68
S103551,50.0,80.43,100.0,33.28,90.8,22,46.38
S103552,21.03,71.84,90.04,33.33,81.66,98,48.2
S103553,35.47,69.83,58.54,46.79,80.45,38,68.0
S103554,33.25,50.97,78.9,46.05,83.47,217,38.0
S103555,30.59,77.53,70.43,45.38,75.05,46,51.76
S103556,29.42,78.78,54.45,56.98,93.55,90,56.96
S103557,34.94,64.75,71.84,48.45,88.48,151,39.87
S103558,33.2,79.21,57.42,66.77,80.08,159,55.21
S103559,31.86,65.02,66.99,30.79,63.01,65,45.18
S103560,24.61,83.01,42.95,44.25,99.64,130,47.45
S103561,22.06,56.77,36.79,20.5,89.97,23,6.15
S103562,32.69,54.17,60.42,43.29,88.51,74,27.27
S103563,31.78,66.39,70.09,60.91,100.0,3,77.67
S103564,33.42,82.43,46.95,54.26,90.43,56,63.88
S103565,34.13,52.62,73.42,59.16,79.27,34,39.29
S103566,30.82,85.75,65.68,61.9,72.34,166,59.72
S103567,33.3,45.36,75.4,44.79,71.76,51,71.21
S103568,28.17,66.3,80.13,45.42,84.14,108,31.44
S103569,47.19,48.8,86.5,59.96,94.5,51,69.41
S103570,28.6,30.85,74.65,31.16,94.67,30,27.84
S103571,32.03,75.5,60.28,12.28,59.29,224,70.09
S103572,29.21,69.83,68.02,24.5,93.87,78,56.65
S103573,29.08,49.04,100.0,31.63,75.56,82,57.05
S103574,35.2,62.25,80.77,37.62,71.17,54,21.2
S103575,34.18,76.63,66.14,47.39,85.49,16,50.11
S103576,31.32,69.83,62.59,36.74,91.82,144,45.02
S103577,32.73,67.02,55.43,34.63,61.5,107,33.51
S103578,29.24,64.02,46.0,46.66,83.26,38,25.16
S103579,38.21,61.27,92.33,64.85,55.68,221,37.31
S103580,50.0,61.07,72.66,58.26,91.88,34,81.05
S103581,28.0,60.63,44.7,49.56,63.36,3,34.68
S103582,38.15,58.7,62.99,26.58,82.86,24,68.67
S103583,35.36,54.74,85.33,38.98,74.5,37,37.27
S103584,40.35,64.3,57.85,42.07,71.44,137,53.24
S103585,40.57,60.4,51.97,54.2,49.99,124,39.66
S103586,36.64,53.92,70.71,54.89,59.01,45,41.97
S103587,34.68,81.49,75.53,39.74,78.87,97,30.22
S103588,31.52,88.49,57.87,51.76,66.05,21,45.3
S103589,28.88,70.0,55.41,42.65,75.22,177,37.79
S103590,34.23,71.0,72.37,27.22,68.2,5,55.44
S103591,24.72,59.61,47.0,46.31,75.83,41,43.92
S103592,30.25,86.01,56.39,49.97,61.97,133,74.92
S103593,43.85,96.07,63.07,43.55,72.86,56,60.69
S103594,35.79,67.54,76.82,31.55,75.98,134,56.99
S103595,42.14,62.18,58.16,23.64,80.44,15,70.53
S103596,46.76,75.12,74.01,20.63,52.63,23,45.39
S103597,33.58,71.93,83.66,33.35,80.77,41,59.55
S103598,36.66,62.5,56.9,31.95,63.32,157,45.46
S103599,32.59,77.07,100.0,63.36,59.51,252,59.26
S103600,28.5,84.07,87.71,38.96,98.47,5,53.06
S103601,27.38,58.21,69.36,46.72,90.94,226,42.6
S103602,41.75,100.0,62.09,27.13,88.26,96,75.25
S103603,36.67,47.01,56.11,53.04,76.69,53,50.03
S103604,49.77,57.22,91.58,29.62,71.29,22,66.28
S103605,42.78,73.51,68.37,51.39,100.0,27,62.49
S103606,29.15,100.0,41.98,68.97,82.02,87,39.72
S103607,41.72,61.56,37.61,64.71,66.52,44,60.83
S103608,32.56,54.01,66.8,46.1,65.08,3,33.27
S103609,44.73,78.24,67.15,50.67,84.67,271,46.64
S103610,31.11,66.27,50.33,66.48,74.78,88,33.45
S103611,26.58,79.98,40.77,48.4,95.5,124,41.9
S103612,28.63,68.94,33.59,74.21,81.08,82,44.1
S103613,29.04,57.14,52.85,50.83,61.99,100,39.16
S103614,28.28,100.0,59.2,62.72,100.0,3,56.67
S103615,30.42,25.68,76.07,66.44,64.69,39,48.01
S103616,41.85,97.3,62.91,35.36,61.67,219,52.65
S103617,49.37,84.0,82.02,38.78,78.74,252,67.0
S103618,24.36,58.82,74.68,33.36,86.99,202,52.22
S103619,45.11,98.09,73.21,39.19,66.51,500,72.32
S103620,31.18,49.43,80.67,51.74,90.43,6,40.21
S103621,37.78,85.12,42.81,38.91,72.6,5,70.82
S103622,21.77,38.76,56.42,79.62,100.0,216,28.49
S103623,39.19,52.81,100.0,22.18,85.0,2,41.27
S103624,18.96,52.77,34.5,34.06,63.73,173,44.87
S103625,37.51,58.74,60.24,43.77,69.45,167,42.34
S103626,37.06,70.17,72.62,25.53,87.4,62,40.71
S103627,36.53,57.61,34.97,23.68,67.82,170,38.03
S103628,29.12,39.45,52.96,24.49,78.86,93,23.64
S103629,39.4,76.95,96.94,65.35,100.0,56,53.86
S103630,38.13,70.73,67.73,66.98,89.6,149,60.74
S103631,33.32,76.13,55.81,56.99,88.92,41,61.42
S103632,40.37,72.58,68.37,44.22,100.0,20,26.19
S103633,34.24,84.31,55.78,68.77,68.62,302,41.83
S103634,39.23,68.87,92.4,81.58,79.75,92,74.56
S103635,33.99,85.19,49.14,52.83,75.45,16,44.8
S103636,36.73,58.36,56.64,51.28,70.6,164,35.22
S103637,39.6,59.22,41.12,57.37,76.17,139,74.22
S103638,31.82,90.64,60.27,76.78,73.16,9,62.16
S103639,25.13,90.34,62.21,23.91,70.13,11,47.79
S103640,37.21,78.61,84.13,54.94,75.57,20,50.45
S103641,44.52,56.66,48.73,37.75,70.19,184,58.0
S103642,37.39,55.46,72.74,56.74,84.86,103,46.72
S103643,37.55,89.92,66.39,25.61,65.68,185,42.2
S103644,34.66,89.09,34.72,7.36,95.25,149,28.64
S103645,40.91,69.05,53.4,47.1,90.89,61,42.68
S103646,33.51,100.0,52.76,77.8,86.69,4,51.09
S103647,31.37,76.88,91.93,57.74,73.12,102,59.29
S103648,43.84,53.39,73.73,20.91,80.66,77,58.07
S103649,30.76,65.87,67.31,47.85,78.12,21,35.75
S103650,42.12,70.08,5.0,41.78,80.4,207,48.02
S103651,43.85,71.3,34.47,64.83,59.91,93,54.58
S103652,39.53,88.75,76.64,32.93,81.57,130,63.12
S103653,25.01,55.66,77.51,64.5,84.88,120,28.94
S103654,35.22,50.03,53.12,57.64,100.0,11,57.03
S103655,33.38,79.03,65.44,53.05,64.9,26,78.38
S103656,31.03,62.4,64.31,28.94,62.22,115,64.05
S103657,36.14,100.0,67.71,66.41,94.75,70,35.24
S103658,41.15,84.15,59.05,41.1,57.32,11,34.7
S103659,31.33,62.12,78.05,76.26,100.0,44,94.91
S103660,33.63,88.19,82.7,45.08,97.75,22,80.85
S103661,33.07,80.96,49.65,46.88,88.72,110,45.23
S103662,44.31,79.51,45.89,39.39,57.24,12,40.8
S103663,32.94,68.17,52.26,50.19,77.61,76,50.24
S103664,25.12,76.31,65.78,35.8,79.21,2,46.25
S103665,22.41,38.46,70.69,36.48,84.34,94,42.56
S103666,37.9,89.76,77.62,74.36,88.31,7,65.57
S103667,28.91,18.46,80.54,14.62,68.76,11,43.44
S103668,40.35,63.37,70.8,61.44,95.92,52,59.17
S103669,24.35,46.06,68.67,77.7,87.81,1,43.4
S103670,30.69,62.49,91.38,39.14,87.66,306,67.7
S103671,24.36,68.89,65.08,37.15,76.65,25,39.59
S103672,38.48,52.05,74.44,71.49,85.82,0,30.07
S103673,40.19,28.38,70.12,29.63,47.86,160,43.6
S103674,37.71,73.11,62.23,54.8,85.96,6,63.71
S103675,26.31,100.0,62.33,51.62,100.0,166,59.17
S103676,29.03,64.73,86.15,36.77,91.71,128,52.41
S103677,36.87,84.39,63.56,0.0,89.96,10,54.67
S103678,21.5,92.57,59.36,48.82,91.59,10,41.04
S103679,33.07,41.5,53.21,70.93,98.14,109,68.17
S103680,47.14,63.14,71.76,56.43,77.01,123,44.62
S103681,33.56,50.85,56.81,53.23,94.78,38,33.1
S103682,23.09,57.91,70.31,61.01,86.86,167,63.84
S103683,30.14,95.53,67.84,50.25,80.97,18,66.24
S103684,29.95,73.36,58.16,55.73,100.0,75,56.58
S103685,50.0,69.83,42.67,57.91,69.69,43,42.76
S103686,48.33,69.34,48.53,66.2,70.25,32,74.16
S103687,40.85,51.84,51.05,47.42,44.65,62,43.52
S103688,32.26,80.17,48.94,26.95,66.06,29,50.5
S103689,44.61,88.79,72.28,37.17,73.4,20,60.09
S103690,25.93,69.83,99.07,27.57,79.25,62,63.24
S103691,43.61,77.34,56.82,53.43,86.73,60,46.82
S103692,42.42,51.48,58.85,23.17,93.22,133,62.8
S103693,33.79,80.6,55.65,48.46,60.06,84,51.86
S103694,44.11,90.19,78.72,62.45,81.65,56,83.2
S103695,31.42,76.07,71.82,41.58,65.25,93,40.9
S103696,24.88,43.05,64.73,29.52,60.05,10,19.14
S103697,42.82,94.53,45.59,27.12,84.86,16,26.85
S103698,34.32,55.83,49.52,38.12,81.52,71,48.69
S103699,39.81,75.82,67.8,31.94,87.4,65,50.06
S103700,49.57,84.29,68.57,27.53,88.7,60,70.1
S103701,29.22,86.19,64.74,50.85,72.77,80,45.96
S103702,33.85,43.0,75.64,43.2,96.42,13,49.91
S103703,47.56,71.76,45.44,56.86,66.22,129,49.81
S103704,40.35,70.77,69.86,31.84,64.17,167,45.61
S103705,29.4,91.59,68.97,47.32,85.97,59,48.43
S103706,27.36,76.88,49.67,59.75,83.22,92,53.55
S103707,30.78,91.72,55.32,49.29,67.85,137,66.91
S103708,29.09,78.1,76.09,39.0,67.51,84,39.57
S103709,36.9,68.89,46.78,68.57,85.7,46,56.25
S103710,35.63,72.91,100.0,32.68,83.75,92,44.29
S103711,37.23,92.85,73.89,46.66,64.43,214,51.73
S103712,28.27,50.55,64.08,19.88,70.36,27,40.8
S103713,34.43,83.59,60.97,71.73,66.34,56,21.59
S103714,18.55,69.83,77.61,38.73,48.2,476,50.66
S103715,36.16,57.36,58.42,31.16,100.0,115,60.53
S103716,44.4,85.35,59.07,26.52,83.58,30,91.17
S103717,23.6,56.75,88.24,32.85,97.38,10,68.34
S103718,38.87,75.66,57.46,77.45,75.42,63,46.37
S103719,30.11,62.67,67.18,63.24,65.42,10,48.8
S103720,41.42,34.65,52.84,32.42,66.88,50,47.25
S103721,36.27,77.17,69.14,47.98,66.87,33,71.72
S103722,38.24,71.89,74.29,64.32,72.22,52,37.91
S103723,35.52,41.35,91.93,43.29,56.78,30,53.62
S103724,45.63,69.83,50.0,74.41,74.2,149,50.21
S103725,37.78,42.9,41.83,63.64,71.38,46,57.79
S103726,29.36,80.98,60.73,51.21,93.1,9,56.29
S103727,35.79,90.82,55.13,41.78,88.06,83,74.96
S103728,32.05,82.74,64.75,69.06,74.26,121,42.79
S103729,36.3,84.84,73.35,45.72,87.14,44,34.34
S103730,31.64,62.23,100.0,65.27,63.57,74,76.08
S103731,29.59,78.2,57.78,49.15,61.06,47,32.75
S103732,36.59,69.86,29.63,75.93,78.59,18,43.0
S103733,35.45,72.78,61.19,60.12,81.53,73,45.71
S103734,43.51,84.36,70.61,87.46,77.9,97,79.04
S103735,31.68,87.63,49.49,36.96,100.0,23,18.5
S103736,19.15,64.15,68.74,51.58,90.31,99,42.54
S103737,32.09,48.89,67.2,62.87,95.52,157,64.21
S103738,21.99,67.19,69.16,17.74,71.7,199,33.72
S103739,38.33,66.71,77.66,52.96,84.99,15,44.28
S103740,21.61,74.27,63.68,41.13,64.35,15,27.97
S103741,27.09,69.83,73.76,52.7,69.03,163,50.06
S103742,32.1,41.28,36.22,44.3,84.97,92,36.81
S103743,47.35,59.94,49.6,45.83,66.66,11,38.09
S103744,26.42,55.54,59.54,49.72,68.13,55,41.1
S103745,35.1,88.76,48.92,24.82,86.46,114,43.43
S103746,39.64,66.87,65.11,63.86,68.54,18,38.13
S103747,46.87,62.31,59.5,35.14,94.43,193,37.03
S103748,41.22,78.07,57.72,43.13,76.79,161,74.68
S103749,43.75,61.1,79.14,75.58,77.41,72,54.17
S103750,41.91,69.77,66.34,49.95,83.77,120,43.59
S103751,25.33,97.21,47.66,65.04,77.98,13,65.52
S103752,37.88,96.79,55.35,44.58,84.2,23,54.34
S103753,41.79,63.89,77.05,46.64,66.24,119,72.4
S103754,27.35,67.26,68.2,34.58,39.18,47,46.87
S103755,30.36,60.71,84.14,24.52,58.81,16,33.83
S103756,28.57,41.11,78.55,54.18,73.17,27,51.45
S103757,41.18,85.54,58.77,55.38,87.36,78,90.45
S103758,34.45,100.0,87.97,34.18,100.0,3,52.66
S103759,32.43,63.35,89.29,54.45,71.1,13,50.98
S103760,24.75,57.75,36.43,55.13,70.19,18,53.93
S103761,34.46,65.91,65.51,41.16,85.06,175,38.44
S103762,30.46,71.28,56.2,47.48,83.32,175,36.73
S103763,36.95,52.97,60.83,58.1,83.84,19,55.46
S103764,25.86,63.12,51.94,45.48,76.16,73,46.46
S103765,36.42,85.22,49.94,51.37,50.29,36,69.47
S103766,31.49,69.83,79.42,39.3,82.96,4,25.82
S103767,25.01,89.06,46.31,36.06,79.29,13,57.66
S103768,24.38,75.47,66.49,44.62,56.17,0,19.65
S103769,25.58,53.67,43.41,50.66,88.72,332,38.08
S103770,33.35,61.36,85.31,49.62,90.95,84,58.22
S103771,35.97,73.73,65.48,25.31,88.37,11,43.89
S103772,37.16,53.16,76.92,46.36,73.9,106,44.37
S103773,37.46,51.22,68.12,50.28,83.31,76,47.89
S103774,28.93,52.12,60.95,16.44,66.53,19,10.65
S103775,43.47,77.74,66.09,47.52,59.22,54,73.39
S103776,31.46,64.51,89.12,73.06,78.52,75,33.46
S103777,38.6,87.74,50.64,44.1,57.47,36,46.49
S103778,33.69,56.55,24.21,56.5,78.0,255,33.73
S103779,38.0,33.14,52.41,31.87,79.22,56,34.15
S103780,33.29,68.04,45.65,48.46,67.74,11,42.64
S103781,38.15,94.71,80.49,42.51,100.0,155,63.86
S103782,34.94,70.52,62.19,66.1,71.02,23,24.8
S103783,41.51,49.42,78.24,43.78,83.18,11,28.33
S103784,28.45,45.64,65.51,52.56,77.14,39,58.55
S103785,20.84,87.97,65.14,51.51,94.09,15,44.95
S103786,27.21,57.89,67.62,51.91,74.98,56,55.89
S103787,43.55,93.13,88.68,39.37,60.99,106,69.35
S103788,33.76,79.81,67.98,12.85,86.22,113,39.0
S103789,35.74,58.46,82.75,75.73,57.46,29,66.17
S103790,26.57,87.51,81.72,74.57,67.28,94,46.85
S103791,35.52,56.14,62.39,53.88,72.34,269,71.42
S103792,26.82,48.29,63.82,46.39,72.91,1,51.95
S103793,27.99,57.0,58.96,54.12,74.8,83,34.54
S103794,31.78,81.53,85.53,51.49,73.61,55,53.37
S103795,38.56,87.07,49.94,56.94,81.88,40,40.15
S103796,39.41,64.06,53.43,50.02,69.8,19,43.07
S103797,39.63,41.98,60.58,67.94,86.52,11,58.0
S103798,22.3,46.65,46.63,61.77,67.37,203,42.37
S103799,34.95,53.99,55.54,54.62,60.96,2,30.45
S103800,33.43,50.59,83.18,64.16,63.03,51,37.05
S103801,22.74,73.98,75.42,52.89,73.83,18,15.48
S103802,35.13,99.07,58.27,39.71,94.57,13,58.5
S103803,33.0,81.94,77.85,1.26,79.59,35,34.15
S103804,39.09,53.08,98.31,52.66,73.09,30,41.24
S103805,35.65,59.58,70.01,47.79,79.4,50,57.38
S103806,30.61,62.51,87.73,41.7,61.85,54,54.36
S103807,42.41,75.84,78.63,48.08,54.4,56,31.56
S103808,17.23,93.57,60.29,70.48,65.19,11,73.19
S103809,34.49,62.99,68.16,64.76,64.27,15,44.23
S103810,20.89,93.08,73.42,42.07,100.0,31,38.95
S103811,27.7,100.0,53.08,60.04,100.0,7,52.67
S103812,39.2,64.75,23.25,37.31,100.0,143,46.85
S103813,24.81,64.37,51.65,58.93,61.76,8,60.93
S103814,23.61,64.59,30.47,70.98,100.0,21,46.54
S103815,50.0,70.94,52.98,41.8,69.31,56,23.49
S103816,24.13,64.63,37.68,26.6,100.0,213,39.98
S103817,48.2,83.26,79.08,55.92,86.58,12,47.23
S103818,33.62,46.77,46.08,74.57,65.11,46,45.76
S103819,30.8,61.98,73.71,67.76,100.0,28,45.91
S103820,39.53,74.94,77.27,42.59,100.0,52,64.25
S103821,45.69,83.05,76.22,32.9,64.09,46,64.95
S103822,25.83,100.0,35.11,37.0,84.88,56,49.14
S103823,30.92,50.66,82.96,36.74,50.95,3,55.95
S103824,41.77,60.22,71.73,62.78,74.07,141,69.52
S103825,37.3,36.0,77.87,65.24,74.18,3,45.77
S103826,43.82,53.35,94.28,52.45,73.87,68,61.82
S103827,39.12,43.47,77.71,36.98,100.0,135,44.18
S103828,49.47,62.18,46.08,38.98,59.96,10,52.07
S103829,36.43,66.57,75.45,47.8,76.64,92,62.9
S103830,36.77,77.04,40.94,70.77,91.32,19,47.78
S103831,37.57,65.52,63.99,9.71,60.27,18,36.46
S103832,33.86,77.05,56.95,59.43,66.75,4,60.76
S103833,41.78,71.71,65.16,72.68,96.73,37,47.91
S103834,36.9,54.5,40.85,23.01,100.0,179,30.5
S103835,41.31,44.71,42.69,55.69,73.5,97,37.85
S103836,42.56,78.76,57.81,77.58,92.86,67,63.53
S103837,38.43,94.7,61.44,51.44,100.0,137,75.47
S103838,39.01,100.0,58.19,68.35,73.89,144,62.53
S103839,26.92,84.03,88.21,47.12,91.87,72,65.03
S103840,30.6,91.86,71.78,75.93,73.66,30,44.24
S103841,41.75,76.92,71.34,52.15,59.7,170,35.84
S103842,46.39,74.53,58.88,26.83,80.05,34,55.98
S103843,19.48,71.67,42.73,72.94,76.33,15,29.63
S103844,30.46,68.41,64.93,33.0,66.1,66,63.85
S103845,35.19,79.11,93.92,40.22,74.91,7,46.1
S103846,27.97,62.19,68.59,44.81,76.6,19,66.41
S103847,28.42,67.79,82.81,42.0,84.18,150,51.98
S103848,38.8,52.33,84.83,58.81,95.59,43,45.14
S103849,47.65,69.83,73.95,48.87,95.61,54,52.57
S103850,18.75,55.61,68.52,63.34,78.7,62,56.65
S103851,33.64,70.51,49.2,45.13,71.8,54,61.26
S103852,38.71,77.51,61.66,57.29,100.0,20,61.35
S103853,41.24,78.79,59.23,44.32,78.5,198,50.55
S103854,37.55,81.57,70.28,32.74,71.04,91,53.24
S103855,49.09,66.8,42.37,42.84,82.55,84,53.71
S103856,35.23,77.29,56.4,61.71,52.61,145,33.61
S103857,45.5,62.7,71.46,27.83,72.95,90,59.42
S103858,29.83,40.44,53.77,38.31,71.94,10,20.61
S103859,35.46,77.95,50.35,59.71,68.16,33,41.56
S103860,25.3,74.48,52.34,60.91,85.7,37,53.08
S103861,42.21,85.2,60.64,44.18,96.16,89,57.85
S103862,34.04,69.62,26.91,24.42,100.0,98,30.26
S103863,37.86,45.95,53.06,55.18,72.56,65,28.38
S103864,32.49,68.63,80.24,78.33,75.76,41,68.14
S103865,39.69,83.3,70.18,26.19,69.8,167,55.1
S103866,38.18,77.14,71.72,15.89,88.07,65,51.59
S103867,27.04,67.8,35.76,12.39,51.99,139,51.05
S103868,27.51,45.05,58.37,24.64,74.16,209,36.19
S103869,34.78,54.61,63.15,38.81,84.37,44,55.52
S103870,40.28,77.16,72.43,39.44,70.65,27,54.55
S103871,49.9,45.02,82.77,50.56,73.57,37,36.77
S103872,37.42,65.23,80.28,62.53,94.87,7,53.62
S103873,43.06,69.83,55.63,49.56,79.15,35,10.11
S103874,22.1,87.25,56.0,54.34,97.92,56,47.73
S103875,50.0,79.22,87.59,48.79,100.0,18,62.28
S103876,39.85,84.44,59.24,42.61,87.96,16,76.25
S103877,34.6,74.53,47.68,42.81,75.64,31,58.73
S103878,33.68,57.32,61.69,61.46,100.0,8,30.86
S103879,26.14,60.8,86.59,36.4,42.1,54,32.05
S103880,28.43,56.01,50.52,40.66,56.73,81,29.86
S103881,50.0,78.86,58.14,54.37,91.56,71,66.36
S103882,27.09,59.59,51.18,39.73,100.0,26,38.01
S103883,26.93,64.09,80.3,58.52,90.24,158,48.56
S103884,29.38,70.34,69.61,45.2,82.77,9,45.52
S103885,25.41,94.62,79.81,39.21,73.0,0,45.5
S103886,35.12,79.86,90.04,55.0,88.34,12,58.07
S103887,43.71,58.41,40.81,54.7,97.37,103,28.56
S103888,30.12,72.28,52.85,69.57,91.23,124,50.23
S103889,24.01,94.77,58.06,68.98,80.94,116,91.86
S103890,37.33,79.23,66.1,54.38,95.5,31,60.83
S103891,34.55,46.03,73.09,56.72,84.58,166,52.12
S103892,43.02,56.27,57.14,53.93,87.65,176,78.51
S103893,31.36,55.12,53.93,54.92,94.56,137,33.25
S103894,32.92,91.61,80.31,40.4,65.99,107,52.45
S103895,33.8,88.84,73.74,48.44,79.66,147,65.28
S103896,35.71,60.62,70.05,50.7,81.71,86,76.4
S103897,31.86,60.3,30.67,46.37,61.99,266,48.06
S103898,30.56,70.67,84.31,43.93,63.65,80,68.71
S103899,20.2,71.12,67.94,40.43,70.61,14,46.46
S103900,30.48,55.57,62.41,34.65,95.62,16,46.0
S103901,40.72,66.26,51.89,57.94,77.06,45,48.43
S103902,41.8,48.2,54.87,36.24,81.95,102,57.41
S103903,31.23,89.08,50.75,24.01,84.63,12,42.62
S103904,45.4,43.6,33.04,42.16,89.47,17,55.96
S103905,34.77,43.43,51.92,25.58,87.52,6,29.55
S103906,24.3,76.53,39.42,27.09,81.01,15,30.58
S103907,21.78,51.45,64.03,12.98,77.92,20,14.07
S103908,44.75,62.49,46.59,43.9,96.42,65,54.87
S103909,32.02,70.95,76.68,47.04,72.61,39,36.4
S103910,25.29,80.13,38.37,4.09,100.0,8,14.35
S103911,16.93,66.68,84.12,53.2,71.44,14,50.2
S103912,31.83,69.83,78.39,57.52,75.74,59,68.29
S103913,38.24,69.99,47.94,49.38,90.62,11,52.78
S103914,29.42,87.86,63.49,55.07,100.0,104,37.02
S103915,26.57,74.18,51.33,59.92,50.96,56,35.62
S103916,30.6,100.0,74.26,38.85,92.99,17,55.11
S103917,44.95,85.88,93.8,47.25,87.09,167,76.56
S103918,23.86,70.65,83.9,41.01,73.2,61,60.68
S103919,29.87,79.43,54.0,42.4,85.39,362,61.7
S103920,44.69,66.09,66.83,71.17,61.99,13,62.35
S103921,38.95,65.94,89.36,36.16,68.11,6,42.6
S103922,36.43,50.45,73.39,34.41,86.42,6,39.56
S103923,29.81,57.88,81.16,48.92,64.88,219,36.93
S103924,35.24,100.0,75.42,53.11,82.27,82,42.02
S103925,30.7,51.94,66.22,58.5,70.04,33,46.82
S103926,28.12,60.17,63.89,19.0,73.2,39,50.01
S103927,26.36,68.59,45.63,56.94,96.14,96,48.95
S103928,41.27,69.09,52.75,42.11,62.52,77,31.33
S103929,34.52,75.76,50.57,20.24,79.49,35,59.22
S103930,37.52,62.96,59.38,42.27,87.18,94,54.93
S103931,36.21,76.68,66.59,47.17,83.87,34,63.21
S103932,38.53,87.14,63.27,53.45,71.13,48,45.27
S103933,32.96,89.0,68.45,15.21,85.48,152,73.12
S103934,31.15,65.99,75.63,46.56,64.55,10,51.53
S103935,28.48,79.17,58.35,39.58,72.7,45,56.42
S103936,23.69,52.81,76.81,67.84,100.0,8,60.28
S103937,26.02,59.17,83.21,33.19,89.59,3,18.23
S103938,32.08,52.39,71.64,24.6,80.04,271,40.39
S103939,22.18,69.31,56.29,30.69,86.75,66,28.25
S103940,23.94,57.11,80.15,21.13,67.91,302,45.57
S103941,43.34,47.19,72.72,55.82,84.22,157,74.83
S103942,36.79,64.21,74.9,63.57,73.23,338,35.85
S103943,31.39,44.07,89.56,58.58,71.3,218,21.45
S103944,50.0,89.91,76.35,63.98,78.14,169,54.54
S103945,21.81,61.64,90.19,25.35,70.98,103,56.44
S103946,42.8,84.78,62.62,40.38,82.12,106,64.25
S103947,34.11,62.62,58.1,41.97,86.25,229,49.42
S103948,41.28,52.08,83.38,55.56,75.91,302,51.98
S103949,35.87,87.63,49.23,48.78,37.22,231,41.44
S103950,20.02,71.33,95.21,29.77,66.97,53,57.42
S103951,35.76,98.3,85.83,57.22,63.78,168,60.18
S103952,37.68,63.0,66.4,70.17,85.55,56,92.85
S103953,17.46,63.33,84.22,72.18,69.06,66,59.92
S103954,50.0,85.07,75.6,55.54,72.49,139,61.5
S103955,37.49,85.18,44.36,70.24,92.6,142,73.01
S103956,40.38,72.3,51.94,82.04,68.29,139,58.67
S103957,25.68,100.0,69.57,66.14,83.04,141,71.33
S103958,40.52,65.79,67.55,44.08,70.73,45,66.23
S103959,43.72,50.96,85.93,33.35,72.93,60,64.71
S103960,37.03,54.96,69.83,26.27,62.55,23,29.31
S103961,34.93,69.83,44.7,73.13,72.18,50,63.95
S103962,27.85,92.78,56.27,50.52,87.62,259,61.1
S103963,33.27,67.2,76.89,58.23,65.52,136,71.75
S103964,30.9,93.49,35.84,32.34,69.27,36,31.3
S103965,39.58,76.52,42.42,61.61,100.0,80,78.6
S103966,28.2,86.25,59.04,35.77,83.85,23,36.66
S103967,39.52,75.81,79.83,37.95,85.08,19,26.33
S103968,28.29,75.69,61.53,72.23,70.61,43,67.0
S103969,32.9,81.29,72.37,56.47,95.63,15,59.95
S103970,39.93,61.5,65.08,54.62,98.07,65,29.1
S103971,29.37,61.66,62.75,29.12,70.93,44,43.03
S103972,40.2,75.24,54.54,34.26,96.03,12,65.33
S103973,39.42,99.12,78.44,72.76,100.0,96,74.76
S103974,32.83,46.89,44.93,64.68,48.97,102,24.9
S103975,44.29,39.56,61.26,39.42,92.89,177,59.96
S103976,35.62,66.04,83.34,55.73,68.54,100,68.31
S103977,43.82,85.46,52.77,43.12,99.88,20,67.54
S103978,49.35,70.77,40.1,42.88,67.99,87,68.87
S103979,33.07,52.46,31.13,49.95,89.1,299,38.53
S103980,40.16,71.19,75.66,57.05,53.61,153,82.98
S103981,29.9,44.01,76.74,26.71,96.73,46,53.75
S103982,26.74,79.43,59.49,50.04,81.1,95,80.62
S103983,33.44,65.36,44.66,55.63,99.37,1,8.43
S103984,24.1,68.77,62.66,55.32,69.25,20,48.74
S103985,27.5,76.41,83.85,51.13,83.2,41,40.7
S103986,39.73,73.09,44.69,77.31,100.0,42,76.41
S103987,30.89,61.88,81.93,38.39,79.61,169,39.65
S103988,40.68,85.5,37.88,43.32,86.44,361,73.62
S103989,37.4,81.95,46.81,42.52,90.49,49,25.06
S103990,49.81,43.39,66.75,56.89,56.72,40,39.62
S103991,39.19,66.55,80.16,56.82,72.18,11,52.87
S103992,43.91,53.8,88.55,66.27,97.07,21,48.07
S103993,38.22,50.98,80.87,40.13,49.29,12,58.09
S103994,37.49,78.03,89.84,39.29,96.77,34,41.41
S103995,44.32,63.71,67.91,45.73,71.17,110,46.36
S103996,40.35,67.86,55.05,51.28,100.0,2,40.63
S103997,36.68,59.95,83.95,44.56,86.55,164,51.64
S103998,36.65,75.55,86.82,58.14,67.99,103,81.31
S103999,39.31,80.18,79.89,42.12,94.69,37,59.22
S104000,29.63,100.0,74.8,30.51,100.0,60,48.19
S104001,29.29,67.29,87.27,47.49,89.06,9,42.58
S104002,46.4,48.27,70.47,55.85,73.31,121,62.27
S104003,49.92,62.44,64.67,74.54,100.0,122,78.54
S104004,27.57,82.71,76.61,40.94,66.07,38,35.5
S104005,29.65,58.41,72.64,27.93,96.07,24,47.4
S104006,44.14,47.77,79.16,40.87,43.88,70,26.73
S104007,39.27,58.72,62.89,20.77,81.76,31,50.21
S104008,40.41,62.0,79.55,41.66,71.63,97,60.4
S104009,42.17,53.76,78.72,53.53,59.41,100,60.98
S104010,33.07,73.26,68.41,39.63,99.57,307,66.58
S104011,37.64,68.81,53.0,45.33,47.79,35,44.63
S104012,37.02,81.85,84.85,69.47,100.0,5,44.64
S104013,28.13,63.31,45.65,56.61,57.01,173,60.79
S104014,37.52,78.37,49.68,31.31,95.8,1,52.77
S104015,44.9,62.62,67.69,28.72,68.31,47,51.05
S104016,32.33,53.06,24.87,51.0,50.69,24,41.55
S104017,36.22,61.85,89.69,85.05,73.21,42,55.19
S104018,36.65,45.73,65.24,19.82,88.46,15,36.6
S104019,32.72,96.82,89.63,71.23,66.52,90,59.66
S104020,40.42,72.14,93.86,52.41,83.9,66,71.33
S104021,29.56,58.07,62.52,68.38,90.35,41,36.95
S104022,45.66,64.34,86.58,34.19,100.0,87,18.76
S104023,40.01,33.24,48.04,74.2,80.95,7,55.9
S104024,27.51,91.52,71.93,73.03,97.49,156,55.96
S104025,48.58,90.05,57.43,59.38,92.74,48,68.07
S104026,36.34,71.61,76.14,44.09,78.61,77,44.37
S104027,29.22,74.79,79.12,53.36,97.21,26,46.9
S104028,43.84,50.98,62.44,53.17,93.41,286,73.7
S104029,38.96,52.08,73.72,31.97,77.51,48,56.1
S104030,20.82,44.54,80.12,62.68,90.7,16,44.01
S104031,30.79,67.58,68.01,49.2,84.08,56,25.41
S104032,37.23,85.92,100.0,43.07,88.22,26,51.82
S104033,17.72,64.25,62.81,55.1,100.0,119,31.24
S104034,35.68,75.22,91.49,42.0,67.94,29,20.81
S104035,36.26,84.68,83.33,30.94,83.82,7,62.09
S104036,25.53,45.64,35.24,52.06,80.46,47,52.14
S104037,37.17,69.83,88.89,59.6,91.82,19,64.61
S104038,35.06,87.36,82.18,53.98,73.22,203,57.12
S104039,25.47,77.71,66.83,56.98,71.5,37,43.71
S104040,42.36,83.86,70.9,70.0,79.03,30,70.96
S104041,41.7,84.57,72.88,69.49,87.13,48,72.12
S104042,32.68,74.39,87.0,47.37,73.14,2,37.62
S104043,33.41,91.42,58.39,45.65,40.18,61,29.51
S104044,40.81,63.21,90.38,63.6,65.72,346,83.67
S104045,33.39,76.93,47.66,42.55,100.0,34,51.17
S104046,19.55,89.82,36.84,48.8,100.0,219,68.06
S104047,38.9,29.63,74.5,47.28,72.56,10,60.8
S104048,28.49,76.57,85.14,40.83,100.0,71,55.78
S104049,31.88,80.87,62.13,59.55,75.1,15,40.51
S104050,46.66,44.37,28.77,33.55,56.98,169,23.95
S104051,33.93,74.23,41.14,74.57,75.41,103,53.84
S104052,35.01,58.09,71.98,40.93,90.88,166,69.09
S104053,39.08,75.95,64.84,50.86,71.52,94,55.0
S104054,39.04,68.58,85.55,50.97,89.05,89,45.11
S104055,27.65,55.81,66.17,68.6,84.0,60,51.34
S104056,34.52,86.64,53.15,35.18,75.7,63,87.57
S104057,35.29,63.72,69.95,48.01,91.65,122,59.58
S104058,37.18,74.05,81.25,43.72,98.44,68,55.75
S104059,37.31,89.71,86.62,63.65,82.73,45,63.79
S104060,50.0,56.25,63.22,21.88,88.85,98,48.0
S104061,25.59,70.12,66.08,61.04,58.15,266,43.34
S104062,42.84,62.57,77.47,58.82,100.0,192,47.23
S104063,44.47,65.92,53.02,43.74,72.01,31,59.92
S104064,38.94,100.0,76.79,59.77,67.07,39,46.91
S104065,29.8,76.85,61.29,54.77,93.3,253,52.9
S104066,48.32,74.7,63.79,39.12,74.24,21,73.69
S104067,17.46,77.86,65.04,71.94,69.59,11,35.77
S104068,29.53,76.45,67.07,61.36,75.6,52,46.27
S104069,44.37,42.61,95.62,56.98,61.76,56,70.29
S104070,32.04,100.0,57.5,27.38,69.43,63,46.01
S104071,47.77,48.03,58.32,24.27,95.33,3,35.2
S104072,22.91,95.99,88.15,48.32,97.49,18,38.3
S104073,26.1,79.27,72.12,28.1,80.98,130,51.69
S104074,30.75,72.71,77.28,59.53,69.81,36,34.29
S104075,38.34,65.42,48.52,32.16,86.21,199,62.1
S104076,33.22,100.0,68.94,61.32,51.55,67,44.23
S104077,31.08,79.07,77.97,27.44,97.56,2,35.24
S104078,46.36,70.27,54.21,28.49,78.96,306,44.87
S104079,47.11,61.97,75.06,33.9,64.48,31,49.97
S104080,31.68,60.17,61.73,50.18,100.0,37,36.73
S104081,21.32,70.76,54.67,69.75,80.64,193,58.1
S104082,17.74,56.04,81.21,55.89,73.61,168,54.44
S104083,36.91,80.19,83.21,62.07,100.0,92,55.89
S104084,40.25,60.32,67.06,49.35,72.12,1,49.0
S104085,35.5,85.07,72.21,49.89,91.23,0,41.68
S104086,34.43,84.74,86.19,35.31,90.4,16,50.34
S104087,28.56,69.17,58.67,49.24,67.29,115,56.49
S104088,40.24,78.7,70.58,40.53,77.9,144,65.84
S104089,48.43,79.46,58.82,63.44,76.22,56,69.48
S104090,17.26,48.07,48.7,52.56,53.5,7,16.9
S104091,34.38,95.98,58.69,94.81,50.54,45,92.46
S104092,27.24,66.16,47.0,37.83,47.36,211,50.13
S104093,23.08,80.43,71.81,31.81,73.25,59,60.6
S104094,25.96,80.85,52.65,39.35,65.1,106,45.14
S104095,38.04,32.66,42.65,30.96,66.02,99,35.82
S104096,38.24,60.15,76.88,55.74,73.69,154,61.29
S104097,46.68,82.61,75.84,61.26,80.06,332,83.44
S104098,35.07,70.93,59.72,44.02,75.31,314,63.48
S104099,20.93,80.33,76.25,51.42,69.43,56,35.17
S104100,33.09,71.39,52.1,51.29,100.0,32,48.33
S104101,23.91,88.44,59.04,35.66,76.98,124,44.22
S104102,25.35,71.71,71.52,80.33,94.98,97,67.73
S104103,39.64,91.36,81.54,68.73,61.45,122,61.58
S104104,36.55,55.3,58.88,23.73,100.0,29,41.16
S104105,39.7,68.09,55.47,25.24,71.77,70,46.06
S104106,32.14,61.1,80.72,26.41,100.0,16,42.29
S104107,41.32,75.83,74.8,67.32,60.32,20,58.57
S104108,31.69,65.82,67.38,64.49,63.99,37,79.36
S104109,43.93,66.56,83.9,53.5,77.17,99,52.51
S104110,37.76,59.43,96.15,33.96,74.68,29,64.98
S104111,33.34,63.09,70.85,44.93,62.41,56,38.84
S104112,36.7,69.85,55.56,52.73,100.0,128,83.04
S104113,34.86,39.68,72.96,38.12,100.0,196,63.82
S104114,47.77,35.47,51.88,85.95,74.89,147,72.09
S104115,36.96,70.89,84.87,56.06,95.14,16,53.63
S104116,34.99,28.46,53.77,60.63,100.0,49,48.41
S104117,33.09,67.1,61.91,51.46,79.86,97,35.02
S104118,41.75,64.34,51.6,62.48,69.95,100,49.59
S104119,40.66,78.13,67.91,59.66,99.23,40,66.77
S104120,32.81,59.92,68.48,46.81,96.89,44,34.34
S104121,25.75,93.54,76.88,55.44,61.2,69,53.99
S104122,27.78,82.72,66.91,80.07,100.0,91,63.92
S104123,33.53,47.32,65.74,47.62,64.7,6,43.63
S104124,45.79,69.83,55.82,58.87,85.69,83,52.06
S104125,33.0,92.91,60.42,35.1,67.76,57,40.5
S104126,30.25,59.54,42.71,52.98,82.46,56,32.24
S104127,20.91,69.21,87.3,39.68,81.73,5,75.69
S104128,47.11,91.06,63.49,56.3,100.0,18,52.14
S104129,39.55,61.89,91.25,55.11,55.67,35,81.82
S104130,41.37,86.84,63.06,40.44,68.44,114,44.39
S104131,42.69,56.35,34.57,74.2,73.02,30,49.42
S104132,33.68,26.69,57.79,53.31,84.93,115,64.63
S104133,35.68,88.43,64.96,41.42,75.32,55,70.5
S104134,46.91,76.58,66.05,79.59,47.03,19,44.39
S104135,36.44,77.57,75.83,29.84,91.05,120,55.4
S104136,39.7,53.61,67.78,62.27,100.0,102,58.1
S104137,41.96,54.8,59.61,25.1,86.49,3,34.0
S104138,40.14,87.26,50.36,65.54,73.15,106,63.73
S104139,33.97,73.65,58.5,44.39,83.07,88,48.0
S104140,34.73,68.24,74.67,33.26,61.75,38,49.62
S104141,41.22,73.31,78.73,16.63,95.92,79,72.77
S104142,41.21,92.63,54.22,26.49,87.46,13,62.69
S104143,44.35,80.86,81.11,42.96,72.0,71,43.17
S104144,39.41,62.88,74.11,38.91,81.23,15,24.53
S104145,39.77,48.95,50.81,29.67,95.47,10,29.12
S104146,31.43,78.82,68.95,41.52,97.47,18,49.53
S104147,30.35,56.14,70.92,51.11,78.89,10,42.98
S104148,41.25,52.26,47.97,56.34,100.0,11,47.75
S104149,30.41,89.74,43.26,28.59,100.0,172,59.38
S104150,34.83,83.09,72.58,78.29,87.92,183,51.4
S104151,46.03,75.79,57.73,26.09,74.07,106,51.34
S104152,44.76,51.42,89.19,42.54,74.52,122,49.22
S104153,37.41,96.84,92.54,41.08,83.01,36,58.6
S104154,32.63,85.43,72.55,24.91,78.35,63,65.81
S104155,34.01,65.44,80.23,37.95,100.0,135,52.99
S104156,41.94,62.27,48.62,57.94,65.94,54,61.91
S104157,34.71,69.83,43.69,58.08,87.59,107,68.76
S104158,30.53,62.82,62.74,51.31,49.97,44,41.3
S104159,44.73,100.0,44.42,31.93,85.66,34,42.31
S104160,36.45,64.22,69.92,57.18,93.08,150,42.39
S104161,30.38,53.98,52.46,57.31,100.0,32,64.28
S104162,38.83,69.83,68.05,38.36,71.13,52,39.07
S104163,42.77,61.46,62.23,54.61,69.32,9,37.37
S104164,26.94,81.8,75.2,44.93,95.35,57,48.83
S104165,33.4,80.13,70.22,47.07,97.92,74,61.31
S104166,33.03,69.12,58.54,34.0,76.59,40,43.52
S104167,38.62,55.41,43.11,77.37,50.61,83,45.47
S104168,40.06,69.28,67.6,72.55,64.12,47,64.41
S104169,30.59,52.45,37.12,49.33,78.61,44,31.45
S104170,23.06,69.64,84.94,88.89,58.73,44,52.18
S104171,43.25,81.59,73.46,12.23,90.93,157,52.85
S104172,26.04,95.77,78.48,52.62,68.41,104,41.53
S104173,37.17,53.68,49.49,93.63,78.91,49,57.27
S104174,33.94,66.24,70.7,30.62,96.42,81,47.22
S104175,36.3,62.13,54.33,50.93,85.51,139,53.47
S104176,48.21,74.11,67.39,53.21,100.0,49,57.43
S104177,50.0,47.17,49.03,35.1,100.0,149,71.26
S104178,21.93,56.07,63.66,43.74,64.42,16,58.92
S104179,42.87,44.62,42.94,76.38,88.89,72,48.85
S104180,33.75,48.43,62.44,37.39,82.29,36,63.47
S104181,43.38,60.09,38.69,50.55,97.81,8,25.74
S104182,42.66,95.06,92.95,49.11,87.85,178,51.26
S104183,46.28,75.21,67.57,32.71,72.5,54,21.11
S104184,37.28,70.97,65.09,45.24,87.14,62,34.87
S104185,27.88,90.2,75.82,53.62,74.46,58,62.76
S104186,42.42,75.75,44.21,44.66,70.31,63,87.82
S104187,35.94,77.16,52.51,61.07,78.33,71,47.39
S104188,33.13,62.9,73.5,53.43,83.73,164,44.7
S104189,31.19,60.44,67.58,51.14,99.5,236,55.81
S104190,43.05,50.33,53.49,24.5,72.55,77,55.41
S104191,47.83,60.98,75.37,39.72,51.25,38,33.61
S104192,25.44,65.79,69.84,44.63,77.04,58,59.44
S104193,39.98,75.17,73.09,42.13,83.85,97,24.24
S104194,32.02,69.45,71.24,26.23,82.74,60,27.68
S104195,23.26,64.52,54.1,37.63,76.19,24,29.09
S104196,36.18,56.32,63.79,60.29,94.24,75,75.02
S104197,28.33,75.99,35.29,17.51,84.68,176,29.02
S104198,22.38,62.53,56.83,37.9,89.05,9,31.75
S104199,28.75,75.31,61.07,21.34,52.45,6,45.57
S104200,26.78,41.3,75.03,46.1,77.4,295,48.22
S104201,29.83,75.05,73.19,55.75,77.91,130,25.14
S104202,24.39,81.2,52.97,81.56,100.0,43,20.17
S104203,31.84,79.29,52.61,71.63,78.41,2,55.89
S104204,29.29,67.05,85.91,47.05,70.1,217,59.62
S104205,38.0,83.73,60.3,64.02,69.22,126,58.83
S104206,39.75,50.91,66.83,56.09,94.69,75,61.12
S104207,37.08,68.66,77.56,50.4,71.29,126,14.58
S104208,33.12,69.83,63.73,52.69,67.21,79,42.96
S104209,32.9,85.55,62.57,60.77,93.75,90,40.45
S104210,28.3,39.69,59.95,48.92,85.88,188,55.71
S104211,28.5,54.13,56.85,34.37,76.46,42,20.64
S104212,40.63,96.21,67.29,56.57,60.09,60,60.37
S104213,20.92,33.54,35.84,20.4,88.31,122,8.06
S104214,34.35,82.22,59.22,35.17,92.4,25,54.47
S104215,32.41,59.5,73.64,34.38,65.7,74,51.89
S104216,39.79,73.82,71.78,62.66,85.47,34,87.3
S104217,23.6,91.21,87.58,47.3,78.49,4,41.14
S104218,35.1,74.4,78.4,48.5,66.74,13,33.83
S104219,37.74,91.52,71.53,55.89,73.34,10,36.74
S104220,19.76,62.61,65.46,42.5,79.29,64,29.0
S104221,26.41,64.6,57.7,43.39,60.22,10,44.98
S104222,34.27,81.8,73.05,43.39,88.56,63,59.18
S104223,39.11,63.41,70.18,12.4,69.34,106,56.36
S104224,36.46,78.96,59.01,73.76,69.94,80,58.84
S104225,39.48,87.76,51.13,16.86,87.58,111,48.73
S104226,26.37,83.03,64.15,40.46,73.21,54,49.05
S104227,22.29,46.32,83.5,45.1,76.77,107,66.12
S104228,35.68,64.88,66.76,88.29,78.42,125,41.94
S104229,25.17,74.23,65.45,78.87,68.37,23,53.91
S104230,28.08,66.34,71.77,49.91,72.23,155,27.28
S104231,42.46,71.19,72.7,47.03,79.73,220,100.0
S104232,36.51,74.43,68.98,22.74,79.77,105,64.1
S104233,30.45,62.1,64.33,48.44,87.91,284,58.3
S104234,29.42,67.1,56.87,62.47,88.57,5,34.22
S104235,39.97,52.28,81.08,44.54,98.28,13,28.29
S104236,36.7,62.83,58.17,46.66,57.4,186,57.56
S104237,25.28,47.1,90.16,42.33,93.69,3,43.36
S104238,19.42,71.75,67.47,26.7,74.89,71,46.87
S104239,50.0,67.1,65.84,67.94,89.87,25,65.41
S104240,25.22,56.26,77.16,22.97,85.09,49,11.32
S104241,39.22,96.78,54.55,38.67,71.34,39,60.06
S104242,47.09,66.32,74.18,48.66,100.0,17,57.88
S104243,36.18,74.3,66.84,22.58,91.42,71,48.07
S104244,30.2,60.42,71.57,52.99,86.31,18,37.02
S104245,23.59,63.78,54.06,37.62,100.0,42,20.32
S104246,23.48,74.87,53.91,37.38,65.39,118,46.22
S104247,38.01,65.02,35.68,50.78,80.38,89,74.1
S104248,46.61,70.05,57.68,48.67,88.43,56,52.27
S104249,31.84,82.1,56.84,46.8,63.99,55,51.59
S104250,30.55,62.23,54.32,39.08,70.04,17,46.52
S104251,40.58,50.02,63.15,52.74,94.95,47,60.37
S104252,29.51,47.11,66.03,22.44,72.55,51,37.07
S104253,37.2,91.58,73.0,52.91,93.08,56,50.9
S104254,35.33,83.97,74.05,46.96,70.56,74,58.06
S104255,31.72,79.84,75.41,66.9,100.0,58,68.68
S104256,34.88,63.46,76.08,52.21,44.86,32,38.43
S104257,49.11,50.0,69.41,44.33,95.13,19,69.65
S104258,39.84,65.77,65.88,36.9,83.76,12,60.19
S104259,43.74,68.6,79.87,7.95,57.04,170,37.21
S104260,27.65,53.03,76.09,51.0,76.65,224,58.71
S104261,43.77,47.96,41.29,49.54,51.1,137,44.57
S104262,40.11,44.05,62.24,68.86,85.29,72,66.48
S104263,23.0,79.86,36.15,44.42,71.05,261,44.19
S104264,39.32,51.92,35.83,48.0,50.75,50,58.8
S104265,30.89,74.64,56.86,35.3,82.49,4,56.15
S104266,22.63,64.03,62.95,69.59,82.17,37,52.31
S104267,36.04,78.84,58.21,52.24,100.0,16,46.12
S104268,39.31,75.04,36.58,51.34,92.42,94,46.49
S104269,36.21,66.52,77.4,89.92,44.19,28,79.51
S104270,34.13,71.96,53.69,40.4,72.07,51,41.93
S104271,32.36,68.34,72.83,16.13,96.57,218,36.81
S104272,50.0,60.77,54.13,62.02,55.6,392,50.9
S104273,25.54,84.7,57.04,34.78,68.43,61,19.02
S104274,41.98,63.65,71.94,55.18,80.03,26,44.64
S104275,35.12,68.7,59.41,51.65,72.08,46,40.14
S104276,28.16,48.77,67.73,63.59,100.0,167,55.13
S104277,34.61,74.11,69.44,32.53,82.75,22,33.28
S104278,23.86,60.84,42.17,61.52,80.5,5,30.35
S104279,30.24,62.85,72.64,53.52,66.25,136,48.98
S104280,34.62,57.41,50.0,66.1,63.46,60,64.76
S104281,22.59,68.14,47.22,22.51,81.56,182,11.56
S104282,39.05,39.9,53.37,37.71,78.8,92,48.22
S104283,27.29,80.24,78.03,65.42,61.74,3,55.28
S104284,23.39,69.42,39.39,45.18,83.51,124,28.24
S104285,26.36,62.99,75.42,59.03,80.86,17,54.44
S104286,50.0,46.78,70.43,32.54,75.38,11,57.8
S104287,19.18,76.5,66.19,48.78,97.89,66,51.65
S104288,38.49,69.83,68.95,77.69,79.81,46,83.72
S104289,28.99,89.59,60.36,34.94,76.43,29,64.79
S104290,32.2,77.29,75.92,46.12,96.97,71,67.25
S104291,39.83,93.02,58.18,35.75,77.74,109,50.98
S104292,39.44,72.05,39.0,63.93,73.98,54,25.8
S104293,29.55,86.17,63.76,48.7,62.45,124,69.01
S104294,24.14,76.94,77.82,13.71,80.91,43,55.11
S104295,39.98,63.24,72.87,41.51,93.99,55,34.64
S104296,39.42,72.81,94.03,75.14,73.75,63,66.57
S104297,32.72,57.49,60.95,25.28,60.06,30,33.79
S104298,38.54,100.0,62.43,55.06,95.16,36,58.72
S104299,31.43,68.49,61.27,41.48,95.75,57,52.1
S104300,28.38,70.39,52.58,34.85,88.77,172,43.44
S104301,35.03,75.85,57.43,42.79,81.44,64,45.06
S104302,39.15,53.7,48.38,53.44,86.3,9,34.14
S104303,37.47,89.82,28.3,55.21,56.75,105,70.16
S104304,39.07,54.62,55.72,36.04,71.27,58,25.58
S104305,28.92,51.23,65.38,50.21,90.13,41,21.87
S104306,47.66,67.5,75.09,66.7,85.07,94,46.72
S104307,32.26,50.81,55.79,73.73,93.54,15,47.54
S104308,34.05,93.43,55.98,52.04,100.0,123,60.47
S104309,24.45,66.54,81.49,38.04,61.47,101,42.26
S104310,33.45,21.68,43.7,50.68,87.25,16,30.47
S104311,39.26,73.0,62.39,51.71,76.12,150,11.7
S104312,41.1,78.3,80.32,55.09,73.3,17,67.9
S104313,47.5,63.68,53.67,59.62,100.0,91,64.67
S104314,39.16,49.66,40.46,66.77,56.45,37,40.61
S104315,37.22,68.45,92.31,72.54,77.27,113,64.65
S104316,31.43,62.77,77.79,50.87,76.46,5,45.08
S104317,29.71,55.37,78.29,44.95,80.72,23,59.14
S104318,42.76,54.04,63.57,62.31,50.41,51,63.37
S104319,42.61,72.34,75.25,51.99,65.28,100,53.3
S104320,26.38,83.55,25.15,86.49,80.73,76,60.3
S104321,40.78,76.92,58.0,31.52,59.07,246,52.85
S104322,40.2,44.08,80.16,84.71,94.3,66,73.86
S104323,26.09,79.23,42.67,83.23,88.69,29,47.67
S104324,39.32,81.59,59.66,43.93,56.19,45,55.03
S104325,26.6,90.91,70.11,62.11,76.54,6,76.43
S104326,15.57,55.75,52.45,21.79,85.63,10,35.29
S104327,33.72,69.15,65.12,79.51,59.36,58,84.69
S104328,37.06,78.51,71.17,26.56,56.34,297,73.64
S104329,34.08,62.09,69.83,34.31,65.64,22,62.12
S104330,50.0,78.28,58.59,34.01,100.0,120,68.1
S104331,38.03,69.64,51.74,26.08,96.42,37,45.65
S104332,36.18,57.3,71.34,33.84,70.87,3,22.85
S104333,38.44,58.58,70.43,58.51,60.03,14,63.14
S104334,31.47,88.74,69.64,65.6,67.62,78,57.24
S104335,42.44,55.05,66.83,61.66,100.0,21,62.54
S104336,37.89,52.48,70.44,53.34,100.0,153,47.45
S104337,37.52,75.17,79.03,62.08,67.82,37,44.78
S104338,30.01,69.54,69.96,44.5,84.67,20,27.82
S104339,22.49,50.33,66.56,70.75,76.07,121,51.83
S104340,30.99,62.21,56.57,50.37,99.05,14,66.32
S104341,37.26,57.75,87.17,41.27,63.59,244,46.96
S104342,31.44,60.37,47.03,48.91,94.68,22,63.94
S104343,37.33,100.0,61.76,54.86,59.9,135,58.86
S104344,33.14,65.46,56.85,60.75,94.22,58,61.96
S104345,38.44,56.78,35.77,59.91,67.24,107,44.65
S104346,27.19,100.0,70.66,39.62,75.28,12,71.43
S104347,36.54,83.32,61.75,67.81,70.32,19,47.61
S104348,29.87,80.87,65.51,38.26,100.0,18,34.87
S104349,22.69,57.5,62.14,62.15,94.91,12,35.17
S104350,33.68,87.87,77.05,41.76,73.83,25,17.72
S104351,47.29,82.24,79.1,57.43,67.63,147,55.61
S104352,23.33,72.21,47.38,60.77,99.7,110,44.45
S104353,35.96,44.26,93.25,27.63,29.03,29,28.45
S104354,41.38,69.7,61.16,49.31,87.19,36,47.46
S104355,50.0,95.95,74.4,62.41,65.61,106,94.05
S104356,31.06,73.31,67.89,40.29,100.0,139,64.37
S104357,29.94,64.35,66.69,52.92,100.0,44,51.0
S104358,25.67,66.57,73.91,35.42,80.46,108,48.49
S104359,44.12,67.61,86.09,39.18,74.52,67,39.36
S104360,28.06,58.01,77.43,43.9,81.02,388,77.06
S104361,32.04,69.38,61.11,49.65,70.68,94,38.55
S104362,20.21,91.64,63.65,60.33,68.08,107,45.98
S104363,42.07,89.94,55.98,50.45,83.52,148,64.13
S104364,44.27,58.68,76.44,67.0,89.36,12,52.3
S104365,41.77,69.83,74.44,61.84,82.0,37,85.7
S104366,22.16,81.42,59.53,36.29,84.35,54,14.94
S104367,39.86,79.5,86.22,46.85,70.51,13,37.11
S104368,21.62,76.48,82.18,41.93,65.99,36,36.66
S104369,35.46,56.04,94.18,35.72,65.85,93,53.47
S104370,36.64,63.92,52.36,83.57,91.58,23,33.53
S104371,37.48,82.49,63.4,50.21,81.19,53,46.91
S104372,39.28,51.9,61.86,40.97,83.02,12,41.8
S104373,34.94,54.39,100.0,75.34,85.12,10,75.13
S104374,19.3,74.59,65.16,62.14,79.13,37,51.01
S104375,39.28,58.16,85.24,32.7,81.63,104,76.07
S104376,35.78,82.36,81.56,38.71,99.44,60,34.24
S104377,27.78,58.69,63.66,24.78,91.65,79,52.43
S104378,22.44,73.67,65.89,56.44,77.41,41,46.69
S104379,47.32,74.92,73.36,53.24,72.92,71,51.05
S104380,44.85,62.77,85.13,58.63,95.41,53,52.96
S104381,40.65,66.41,62.25,38.99,84.99,41,43.49
S104382,29.59,59.8,56.86,27.84,75.38,2,32.89
S104383,14.86,69.72,79.92,45.36,60.63,149,46.94
S104384,41.12,55.57,46.65,43.93,100.0,243,45.0
S104385,37.93,66.65,69.04,71.21,63.09,60,54.7
S104386,32.0,81.23,81.96,61.78,84.27,47,27.71
S104387,44.0,52.95,71.88,31.52,100.0,116,37.29
S104388,41.78,62.69,55.93,68.5,74.88,1,40.58
S104389,36.41,77.77,48.98,89.37,79.32,12,53.53
S104390,35.28,38.84,83.99,67.08,92.81,26,76.57
S104391,35.41,97.83,62.19,49.18,62.1,7,53.84
S104392,40.44,85.68,50.58,33.02,54.95,4,43.98
S104393,28.14,46.92,83.22,20.43,74.64,223,59.76
S104394,38.41,38.44,77.82,61.14,81.21,16,60.8
S104395,27.64,70.44,48.17,39.55,81.04,72,31.51
S104396,45.69,53.2,100.0,27.38,100.0,62,45.6
S104397,39.26,84.42,56.35,51.73,65.81,27,51.75
S104398,29.49,75.91,77.54,35.87,77.84,83,58.78
S104399,35.64,71.85,96.79,64.61,100.0,31,70.18
S104400,28.17,61.45,79.21,22.91,75.83,49,32.5
S104401,47.03,94.0,69.15,50.92,100.0,38,81.44
S104402,47.98,81.3,42.08,64.06,76.49,193,40.89
S104403,40.57,79.05,97.66,39.41,69.59,213,73.1
S104404,47.45,88.0,78.84,42.78,79.41,37,53.64
S104405,36.21,54.72,42.36,69.16,83.89,56,67.68
S104406,41.11,89.27,89.71,53.88,73.83,107,70.64
S104407,44.8,66.03,65.98,67.2,85.97,30,59.63
S104408,34.95,75.02,60.56,25.44,77.76,52,56.44
S104409,35.57,67.65,55.85,52.81,99.04,63,60.94
S104410,42.47,41.83,67.74,40.06,87.62,347,38.94
S104411,40.17,84.36,77.93,26.61,80.16,39,56.05
S104412,28.96,42.63,57.08,47.6,75.25,42,36.45
S104413,17.51,55.5,67.04,20.64,92.04,56,9.79
S104414,33.6,63.21,100.0,47.18,80.47,87,71.27
S104415,18.22,40.7,72.61,81.91,73.21,17,53.28
S104416,27.07,53.49,80.45,41.62,69.15,76,64.28
S104417,28.01,73.67,49.67,62.18,90.49,22,32.42
S104418,30.45,69.83,43.28,34.66,72.93,231,47.7
S104419,41.56,66.04,88.43,36.35,75.5,7,20.02
S104420,43.3,56.27,83.87,67.72,88.3,212,69.64
S104421,39.07,70.69,92.42,35.58,96.06,64,44.37
S104422,40.06,65.12,63.73,41.06,88.93,221,63.59
S104423,40.25,45.39,85.07,28.41,92.79,54,58.33
S104424,15.03,66.99,24.13,31.23,90.64,4,11.72
S104425,35.08,51.37,73.66,66.81,80.12,18,49.35
S104426,20.63,83.47,81.53,33.77,85.92,35,65.86
S104427,39.07,64.13,53.99,18.01,100.0,222,38.95
S104428,18.26,100.0,81.89,40.08,77.06,114,39.34
S104429,33.56,84.5,62.12,72.75,63.61,74,26.37
S104430,39.38,68.05,63.72,57.3,42.1,46,38.81
S104431,26.06,78.69,60.86,56.89,100.0,47,31.35
S104432,42.69,38.65,90.3,33.19,100.0,85,46.09
S104433,39.05,84.44,57.73,58.41,65.14,102,35.72
S104434,38.05,57.7,55.77,40.98,99.29,52,36.67
S104435,40.58,71.35,51.28,65.41,95.49,128,68.28
S104436,32.13,59.09,59.1,40.43,89.62,59,59.92
S104437,36.22,60.68,68.12,42.2,87.55,58,50.38
S104438,35.08,67.28,75.22,62.57,68.83,84,64.9
S104439,34.9,71.15,52.95,44.35,81.94,126,64.86
S104440,29.62,69.6,70.97,43.75,85.22,73,57.3
S104441,25.06,69.97,74.79,64.03,81.05,205,67.51
S104442,32.31,45.61,50.08,32.34,79.18,167,40.82
S104443,31.86,100.0,66.01,54.16,99.51,118,63.04
S104444,29.11,73.48,63.64,44.35,95.24,50,30.2
S104445,41.82,76.56,66.18,42.85,93.11,76,65.49
S104446,25.62,64.9,56.52,57.43,93.99,57,33.5
S104447,33.63,56.89,62.83,57.66,83.44,0,45.52
S104448,44.33,72.27,65.5,48.44,97.49,87,64.23
S104449,42.27,74.34,94.82,36.86,62.03,198,70.04
S104450,44.73,89.53,65.72,67.78,81.04,59,57.94
S104451,30.27,100.0,86.41,33.35,90.62,15,65.77
S104452,41.27,92.16,87.63,39.1,88.15,49,72.13
S104453,26.5,43.5,43.9,41.38,85.62,0,20.29
S104454,32.79,63.09,60.34,37.48,93.91,108,51.23
S104455,33.55,75.04,87.66,42.19,100.0,88,62.77
S104456,30.39,64.0,67.9,17.34,64.05,84,10.4
S104457,32.11,69.34,63.14,24.97,84.51,46,32.0
S104458,31.05,37.82,77.0,71.91,69.17,40,41.63
S104459,27.14,83.71,82.08,75.66,96.05,25,71.45
S104460,41.85,69.83,64.53,73.03,90.86,198,84.86
S104461,33.54,46.41,60.55,55.55,65.44,37,74.07
S104462,36.61,54.78,27.18,50.38,79.9,65,56.39
S104463,36.31,68.54,65.75,41.79,57.48,49,33.57
S104464,35.44,45.66,58.9,20.39,94.25,86,43.64
S104465,35.74,54.09,48.9,71.49,71.96,320,45.78
S104466,32.56,87.23,61.71,27.81,63.05,69,59.44
S104467,46.35,68.31,58.32,38.57,74.82,42,53.66
S104468,41.09,76.5,67.71,40.95,88.76,75,59.12
S104469,35.15,51.46,60.54,53.22,84.3,3,46.46
S104470,31.42,69.19,72.15,62.48,72.66,188,72.56
S104471,34.05,67.96,67.78,66.71,78.43,15,77.63
S104472,38.34,58.07,85.38,56.82,75.62,62,70.7
S104473,47.0,69.23,56.45,60.67,65.99,38,56.66
S104474,24.02,41.62,93.48,81.28,52.02,152,46.2
S104475,40.28,76.58,82.08,53.76,79.9,263,89.24
S104476,44.01,64.01,88.79,50.59,88.78,5,58.85
S104477,23.11,66.14,69.04,40.94,79.76,19,48.49
S104478,33.55,82.78,60.5,80.17,100.0,151,62.49
S104479,26.48,76.48,56.39,30.13,71.06,48,54.53
S104480,38.44,65.22,93.04,18.59,79.37,80,26.1
S104481,32.13,53.25,82.55,49.63,87.29,37,73.99
S104482,33.96,89.93,48.87,65.26,86.61,61,52.33
S104483,31.71,49.9,80.64,56.36,76.16,25,61.4
S104484,40.76,79.44,51.79,39.93,79.19,71,46.63
S104485,36.83,46.04,70.19,47.86,78.75,45,38.32
S104486,36.85,83.77,78.21,36.67,90.25,92,57.8
S104487,36.28,85.16,88.33,15.63,69.58,75,43.08
S104488,39.58,41.31,68.8,40.05,43.49,11,62.43
S104489,32.9,76.74,62.86,38.53,74.85,17,31.44
S104490,48.61,75.5,65.71,41.95,100.0,2,71.81
S104491,25.12,80.55,82.07,35.55,92.02,35,49.59
S104492,21.19,75.48,77.61,85.32,56.47,25,49.87
S104493,20.53,55.57,64.74,49.63,90.13,7,31.28
S104494,18.36,66.74,35.19,33.5,83.13,91,40.17
S104495,40.39,94.97,26.05,62.71,74.38,101,72.87
S104496,39.41,53.38,68.61,73.85,63.83,56,44.85
S104497,44.66,74.84,46.1,43.03,67.8,21,61.14
S104498,26.55,87.27,56.54,36.68,71.6,79,15.99
S104499,40.96,55.14,61.37,60.78,100.0,38,49.06
S104500,35.45,48.75,98.22,55.4,89.6,1,27.73
S104501,36.33,51.01,66.96,56.68,69.36,274,45.85
S104502,40.0,75.92,76.52,61.56,71.87,101,47.92
S104503,28.95,50.88,73.07,40.63,79.44,22,56.54
S104504,50.0,67.97,26.25,44.04,73.5,30,40.96
S104505,45.66,90.57,58.61,41.16,80.24,56,44.95
S104506,30.75,69.23,45.48,40.68,77.81,24,39.54
S104507,26.27,58.33,92.64,67.04,81.46,8,67.93
S104508,34.3,71.88,35.89,57.13,50.03,147,28.64
S104509,36.46,68.97,58.27,67.37,92.0,96,48.06
S104510,43.52,76.79,60.83,28.34,71.6,63,37.75
S104511,25.65,94.29,49.23,9.47,93.6,65,43.16
S104512,37.28,75.95,66.62,68.59,100.0,93,59.75
S104513,22.77,100.0,64.32,37.1,58.21,193,32.03
S104514,38.49,76.83,67.61,27.64,81.48,138,50.06
S104515,34.14,58.49,73.04,55.57,73.7,21,30.03
S104516,50.0,100.0,68.79,61.58,85.92,83,64.79
S104517,22.63,68.13,71.09,32.1,48.39,89,26.32
S104518,45.96,54.18,82.8,42.04,74.63,138,53.22
S104519,21.37,100.0,38.61,36.44,67.72,194,51.48
S104520,24.38,59.0,76.2,34.73,100.0,5,50.93
S104521,21.58,58.41,48.27,54.55,100.0,8,59.07
S104522,37.0,61.73,54.72,35.41,75.71,8,58.27
S104523,25.61,72.47,66.94,23.39,62.79,94,75.8
S104524,24.21,83.96,71.58,25.33,67.42,211,48.71
S104525,36.62,30.27,73.46,45.1,80.59,70,63.1
S104526,38.61,83.9,49.88,25.86,58.98,67,33.43
S104527,35.32,61.68,91.1,49.18,87.79,147,74.07
S104528,33.7,63.81,58.31,33.14,77.06,389,40.13
S104529,49.63,95.73,53.49,37.29,85.34,228,46.87
S104530,36.17,73.2,44.65,52.36,85.92,75,69.84
S104531,41.45,76.72,43.07,38.36,100.0,479,40.66
S104532,36.14,69.27,42.6,38.11,89.53,103,53.52
S104533,26.22,81.45,70.03,40.9,84.39,96,41.99
S104534,39.4,94.27,74.67,31.64,83.74,8,58.34
S104535,29.75,32.87,51.17,52.14,50.33,28,20.29
S104536,34.27,86.27,46.73,66.31,82.69,70,62.87
S104537,37.44,93.21,61.61,49.22,89.18,96,54.3
S104538,19.47,77.52,66.56,77.43,78.18,18,44.94
S104539,22.12,59.84,69.21,44.17,100.0,132,57.71
S104540,42.28,52.72,49.57,75.32,57.72,167,41.62
S104541,29.69,100.0,62.32,69.13,68.9,153,78.7
S104542,30.07,56.43,90.07,34.18,70.47,62,30.14
S104543,36.33,92.76,45.88,52.02,80.14,33,39.23
S104544,31.91,75.86,64.53,58.5,70.3,148,70.01
S104545,38.34,100.0,73.0,56.63,61.39,108,61.72
S104546,34.59,65.23,49.51,40.67,74.66,3,39.52
S104547,36.59,45.89,74.78,63.48,95.22,56,65.5
S104548,29.39,70.03,43.57,65.83,91.31,139,62.47
S104549,36.55,47.7,75.15,37.61,69.58,67,62.66
S104550,43.84,100.0,65.69,70.67,74.4,25,77.3
S104551,30.46,79.44,42.29,35.66,68.34,1,46.11
S104552,42.32,81.67,76.0,38.37,61.08,21,59.9
S104553,34.59,81.68,50.67,42.96,86.4,76,30.66
S104554,40.88,59.6,62.55,24.61,60.78,23,41.34
S104555,36.03,68.02,75.08,36.46,89.94,1,58.23
S104556,34.73,71.66,49.57,60.55,100.0,6,31.06
S104557,37.8,99.16,56.55,39.87,85.64,38,74.23
S104558,44.71,52.64,83.02,29.92,89.34,50,40.94
S104559,36.89,59.07,31.88,47.23,88.91,114,52.5
S104560,38.83,64.56,87.7,23.07,72.67,62,43.47
S104561,32.05,59.9,41.57,62.81,85.55,121,65.62
S104562,47.57,48.12,53.81,53.9,84.69,13,52.91
S104563,40.12,29.43,69.52,43.28,70.61,35,60.77
S104564,35.62,42.6,74.65,48.86,42.26,58,55.36
S104565,34.02,86.49,69.77,29.94,64.28,1,24.62
S104566,42.82,69.88,65.76,71.74,65.87,259,68.65
S104567,30.15,82.53,58.02,37.79,87.52,205,37.51
S104568,20.74,61.26,89.98,63.41,57.82,87,74.85
S104569,35.58,68.52,77.37,55.98,100.0,19,51.63
S104570,44.52,94.2,83.81,14.78,100.0,12,42.66
S104571,47.73,93.29,58.26,38.74,95.78,175,54.29
S104572,34.14,84.13,27.75,77.97,72.35,27,63.59
S104573,35.35,73.04,81.32,77.81,48.82,38,48.51
S104574,39.16,77.77,70.7,36.88,92.48,40,53.93
S104575,32.89,75.56,67.93,41.57,68.78,19,49.08
S104576,39.13,67.5,55.92,10.57,91.81,103,31.98
S104577,34.32,63.93,59.43,56.71,89.02,68,50.73
S104578,43.09,86.84,55.42,50.2,73.4,176,64.89
S104579,40.78,50.57,65.72,50.19,61.7,20,66.32
S104580,41.48,92.31,46.83,57.57,82.81,33,57.12
S104581,33.36,65.87,77.2,61.41,56.45,55,30.15
S104582,50.0,50.29,97.59,74.28,84.22,51,61.2
S104583,38.87,61.82,55.44,80.86,87.05,320,61.64
S104584,36.98,56.88,39.52,52.6,70.11,73,55.4
S104585,28.91,61.36,63.37,46.28,57.45,42,59.44
S104586,34.22,61.09,70.04,14.45,100.0,27,38.38
S104587,35.92,60.49,72.25,51.6,71.98,69,68.81
S104588,28.7,65.38,90.64,42.2,76.89,63,55.35
S104589,32.66,69.03,78.05,57.42,96.37,57,68.72
S104590,33.67,81.46,36.01,80.23,71.48,230,48.19
S104591,35.45,66.33,45.22,49.95,68.58,56,38.38
S104592,20.9,69.83,71.49,35.59,100.0,21,50.31
S104593,33.92,70.11,57.73,35.2,69.01,14,19.91
S104594,31.98,78.11,89.24,64.7,98.25,192,73.9
S104595,34.83,70.7,50.01,72.08,82.3,491,77.13
S104596,43.28,60.3,80.37,52.7,81.98,72,65.19
S104597,50.0,56.23,54.61,19.95,72.4,104,52.06
S104598,40.43,73.15,69.2,67.27,77.01,44,68.32
S104599,25.12,89.1,51.75,51.62,100.0,158,79.82
S104600,32.24,66.56,73.94,45.17,92.83,34,50.26
S104601,39.77,59.49,82.16,30.94,59.56,2,48.57
S104602,38.87,66.16,69.05,49.94,65.13,3,50.27
S104603,42.9,61.58,95.55,35.37,85.74,140,63.18
S104604,34.22,60.0,53.47,60.12,89.58,44,41.89
S104605,32.09,48.35,66.57,61.88,91.5,275,56.79
S104606,49.02,66.33,78.53,45.14,78.85,43,72.65
S104607,35.47,73.54,49.8,56.13,67.26,233,51.24
S104608,26.87,53.77,66.0,53.3,67.85,51,54.05
S104609,46.8,56.82,75.62,33.26,45.49,102,56.69
S104610,23.03,55.78,79.87,36.26,100.0,28,47.44
S104611,7.04,49.2,83.27,55.41,40.56,64,20.32
S104612,41.16,55.67,51.09,36.48,76.38,32,51.21
S104613,42.29,67.03,69.61,80.36,53.43,90,69.57
S104614,38.31,49.87,43.96,60.0,71.23,21,47.76
S104615,24.58,67.94,53.41,45.79,88.64,35,53.63
S104616,34.53,59.45,62.21,30.89,45.7,80,51.33
S104617,32.77,56.07,83.3,48.5,85.29,29,34.51
S104618,30.7,75.66,73.45,57.0,93.07,26,48.01
S104619,46.3,60.4,65.64,46.65,73.74,38,55.17
S104620,26.63,62.95,72.18,69.49,100.0,78,50.38
S104621,37.53,89.47,73.34,35.95,46.33,32,76.21
S104622,44.55,56.2,70.9,42.21,54.31,46,38.51
S104623,38.05,93.49,55.8,66.95,75.45,2,56.22
S104624,44.93,64.78,49.69,31.78,75.76,96,55.8
S104625,39.51,52.96,61.43,86.98,81.72,134,83.24
S104626,38.43,61.69,52.3,19.73,93.92,140,40.37
S104627,37.93,71.03,74.94,48.24,61.16,64,40.74
S104628,39.91,88.82,89.46,26.16,59.63,44,63.72
S104629,31.92,81.98,74.02,60.06,69.58,16,34.38
S104630,24.59,70.96,36.04,41.94,95.46,85,7.95
S104631,42.63,88.9,54.87,28.47,92.14,69,42.03
S104632,44.29,41.78,65.29,76.62,78.95,45,59.95
S104633,37.02,73.74,42.04,25.67,72.37,76,52.76
S104634,30.61,74.65,65.5,13.41,77.71,247,39.67
S104635,22.54,74.83,72.51,62.2,85.43,12,12.83
S104636,35.69,45.85,87.54,35.36,81.48,267,64.13
S104637,24.21,54.75,94.1,40.73,58.88,68,37.16
S104638,23.09,67.5,45.94,32.99,57.83,143,41.29
S104639,34.83,86.72,63.13,59.16,76.12,406,31.31
S104640,28.89,98.73,63.34,19.7,90.87,211,62.25
S104641,37.76,60.03,53.59,59.82,64.09,41,71.23
S104642,33.73,50.35,66.58,59.23,86.11,49,37.53
S104643,30.15,82.24,63.72,54.95,53.17,74,61.45
S104644,21.36,100.0,74.82,36.35,81.07,81,33.84
S104645,28.18,86.6,86.71,25.43,68.28,21,74.22
S104646,28.47,58.77,67.12,64.87,48.65,236,34.43
S104647,25.2,100.0,57.16,60.13,71.8,141,44.36
S104648,32.37,80.3,48.59,53.02,61.05,11,40.08
S104649,25.82,58.13,97.68,62.35,75.85,380,69.79
S104650,33.69,99.01,79.51,63.47,86.19,443,79.32
S104651,36.92,56.95,71.4,33.31,86.85,35,60.18
S104652,28.39,60.68,62.34,39.56,50.34,151,42.38
S104653,38.4,80.9,90.79,35.31,88.63,24,70.99
S104654,24.11,69.63,62.45,36.55,86.19,14,26.86
S104655,26.1,70.56,37.61,49.14,73.64,154,58.07
S104656,34.09,70.58,69.24,50.08,60.98,66,46.0
S104657,40.5,86.72,45.36,52.8,73.88,5,32.93
S104658,41.94,35.13,69.3,46.25,100.0,143,49.63
S104659,47.9,74.27,86.51,53.06,88.95,39,65.06
S104660,31.99,65.65,38.24,31.8,94.59,15,40.8
S104661,33.98,58.71,50.61,37.87,65.17,60,38.73
S104662,26.74,58.67,78.84,55.79,72.01,51,57.56
S104663,24.97,30.44,57.01,33.42,60.55,130,26.72
S104664,36.83,58.02,71.64,54.96,70.02,52,67.2
S104665,28.79,89.36,71.68,36.8,100.0,87,51.75
S104666,44.86,82.48,79.23,42.69,73.26,35,60.4
S104667,23.3,67.13,54.65,65.4,69.66,9,57.68
S104668,38.89,48.83,24.17,47.3,83.58,4,31.75
S104669,26.95,82.33,71.35,51.13,71.38,31,68.31
S104670,28.44,89.65,39.9,54.5,81.39,88,42.93
S104671,39.31,85.51,79.96,55.91,71.47,1,20.15
S104672,29.59,55.47,64.32,58.56,82.86,23,48.68
S104673,30.87,57.03,60.26,48.09,74.3,13,50.13
S104674,28.5,94.84,76.05,52.72,63.23,50,66.55
S104675,49.28,51.86,37.13,43.99,95.81,110,40.75
S104676,30.06,77.17,61.8,52.16,100.0,64,59.74
S104677,35.41,69.83,72.17,21.16,87.46,75,57.05
S104678,33.38,65.5,69.05,33.61,57.47,234,54.27
S104679,36.77,78.78,57.18,32.63,76.58,49,33.44
S104680,30.08,69.55,57.34,79.24,83.67,135,48.24
S104681,33.39,77.86,89.69,42.53,54.72,34,55.53
S104682,38.15,51.61,79.6,32.04,71.96,77,70.22
S104683,28.1,57.7,54.37,37.74,58.93,117,53.91
S104684,43.71,77.23,86.58,11.38,64.55,140,41.57
S104685,44.48,80.45,77.08,73.1,85.09,20,71.54
S104686,39.85,73.3,72.81,58.57,79.26,24,46.73
S104687,35.56,84.21,73.43,43.29,63.57,38,44.07
S104688,11.08,45.14,46.66,34.24,78.99,56,23.04
S104689,38.39,63.01,89.08,56.37,74.56,62,48.35
S104690,31.87,97.34,80.22,19.93,93.24,132,35.36
S104691,33.03,69.83,68.92,53.87,48.89,13,55.29
S104692,19.82,79.5,68.9,59.98,68.89,42,48.12
S104693,38.95,67.67,63.54,83.89,100.0,104,57.39
S104694,23.41,85.52,55.9,38.69,62.54,97,37.15
S104695,35.95,76.44,73.55,48.65,63.78,22,44.72
S104696,42.24,47.24,52.27,41.81,72.23,86,64.92
S104697,31.25,84.94,67.41,34.32,99.03,272,68.88
S104698,44.73,57.01,66.56,40.7,86.03,79,40.7
S104699,29.02,81.4,71.16,43.13,64.06,32,31.16
S104700,39.8,45.76,80.06,42.84,78.73,58,50.08
S104701,24.56,93.99,71.45,64.48,74.73,33,40.48
S104702,43.25,65.88,76.1,59.37,86.75,61,49.26
S104703,42.01,53.36,33.96,53.1,79.37,147,52.54
S104704,38.75,59.67,72.37,61.48,82.95,11,52.73
S104705,31.85,64.95,66.2,40.36,75.18,43,43.22
S104706,23.78,69.91,70.95,71.8,99.84,80,64.88
S104707,31.87,89.77,56.53,48.68,79.36,50,54.22
S104708,43.88,71.05,83.41,54.57,70.6,122,79.2
S104709,36.04,37.44,69.01,40.2,95.91,14,38.46
S104710,22.58,51.55,53.08,58.75,88.86,166,52.37
S104711,26.0,100.0,55.91,55.49,66.35,56,72.2
S104712,45.03,72.03,79.44,66.13,20.9,36,64.54
S104713,38.9,84.26,63.64,33.86,88.11,10,50.66
S104714,25.13,65.37,64.92,53.65,73.46,352,51.12
S104715,20.87,54.93,61.84,56.3,80.64,35,48.22
S104716,30.0,62.78,81.18,34.11,97.73,54,61.78
S104717,20.19,71.92,72.72,58.87,65.71,22,38.84
S104718,33.75,63.1,46.01,61.67,63.13,5,65.68
S104719,50.0,98.78,49.39,35.73,59.06,11,64.87
S104720,22.22,60.76,65.07,44.98,100.0,22,74.27
S104721,33.51,54.18,54.71,49.1,97.88,353,54.24
S104722,45.5,82.13,30.43,35.83,90.07,127,66.57
S104723,40.99,83.98,53.08,32.18,51.1,44,35.31
S104724,33.81,70.45,60.54,40.91,58.64,31,44.72
S104725,33.83,60.97,58.6,45.83,90.54,12,37.86
S104726,25.75,41.49,76.53,24.9,86.02,53,43.02
S104727,32.86,88.31,29.25,38.6,75.92,190,51.5
S104728,36.95,83.03,52.64,68.06,59.72,400,81.11
S104729,43.84,63.4,77.73,22.19,95.83,186,46.36
S104730,30.04,70.89,54.32,54.58,100.0,5,36.79
S104731,33.48,66.6,45.62,51.07,86.58,14,50.5
S104732,27.41,94.43,54.11,56.63,68.66,12,52.37
S104733,36.8,54.43,72.14,64.41,100.0,14,74.71
S104734,41.27,60.7,60.95,69.36,82.53,11,63.93
S104735,40.04,59.25,53.4,38.54,100.0,8,68.24
S104736,25.64,74.65,72.71,59.67,74.63,35,42.55
S104737,36.17,70.84,71.0,27.65,100.0,14,39.7
S104738,29.58,73.0,44.78,22.31,73.27,13,18.09
S104739,43.09,56.79,66.52,69.55,70.08,59,52.4
S104740,33.71,92.27,44.21,42.48,92.44,18,32.73
S104741,22.84,63.19,83.72,48.31,78.9,0,48.25
S104742,33.24,87.81,84.7,24.07,85.81,95,65.43
S104743,38.67,100.0,60.4,58.82,64.72,32,66.44
S104744,36.95,56.9,82.04,54.94,64.99,107,71.66
S104745,30.91,75.14,52.9,50.66,74.28,179,53.7
S104746,30.32,68.03,62.76,69.47,85.38,208,59.94
S104747,27.1,100.0,55.64,9.14,68.33,16,30.86
S104748,31.84,65.79,64.61,49.9,96.04,89,48.08
S104749,28.15,73.73,66.06,39.86,78.39,6,45.86
S104750,42.76,73.4,64.96,24.21,100.0,50,77.12
S104751,27.79,68.49,63.56,41.89,64.22,45,40.28
S104752,35.98,81.33,67.04,50.63,85.14,18,59.14
S104753,35.43,71.4,85.09,10.79,86.89,119,48.07
S104754,42.57,77.23,32.83,75.23,84.07,196,59.57
S104755,43.71,73.2,95.73,45.93,79.27,24,62.46
S104756,40.57,60.93,59.39,46.71,92.71,23,37.86
S104757,37.82,65.97,63.75,51.3,61.46,17,65.95
S104758,26.61,78.33,86.27,37.13,84.24,93,47.1
S104759,26.45,78.27,74.71,50.16,65.2,5,47.86
S104760,28.23,88.68,73.56,47.31,71.31,5,32.92
S104761,41.02,97.89,84.93,38.35,84.03,15,55.5
S104762,35.59,62.18,62.36,28.46,94.22,63,49.9
S104763,41.95,72.02,79.7,64.94,59.39,23,53.25
S104764,43.02,67.1,44.83,42.16,100.0,349,45.16
S104765,29.19,69.83,71.68,61.61,95.04,40,69.56
S104766,35.26,78.47,73.99,84.43,80.65,51,51.7
S104767,34.9,81.67,83.34,60.2,63.99,5,63.96
S104768,32.38,53.85,76.33,36.87,100.0,98,50.75
S104769,30.72,64.38,68.27,25.15,86.93,124,65.23
S104770,44.48,62.92,59.92,76.75,86.92,33,72.06
S104771,35.42,47.37,59.74,43.43,69.83,104,35.01
S104772,35.11,69.45,59.88,55.24,82.91,21,72.67
S104773,28.58,52.82,44.23,39.17,70.61,128,40.31
S104774,40.4,72.38,92.89,38.98,98.23,63,20.94
S104775,26.96,74.04,80.98,51.59,98.6,40,74.76
S104776,38.64,75.9,69.07,34.15,77.7,102,52.93
S104777,38.86,76.62,78.04,68.54,71.22,76,87.28
S104778,31.7,92.96,77.05,55.12,91.87,61,29.63
S104779,37.54,69.83,49.11,75.49,89.77,19,40.57
S104780,36.49,58.62,75.19,36.94,62.51,151,49.52
S104781,34.69,69.83,85.32,41.8,75.63,45,64.81
S104782,35.1,68.02,54.15,71.64,100.0,47,50.53
S104783,35.49,86.88,40.46,28.04,79.88,18,39.66
S104784,36.04,78.43,46.41,77.52,83.53,214,90.81
S104785,35.48,98.77,63.46,57.07,88.18,65,51.09
S104786,26.17,68.63,45.48,51.83,71.62,50,64.35
S104787,33.78,47.77,62.25,73.4,91.49,303,70.32
S104788,37.12,75.11,54.52,74.78,85.67,36,45.97
S104789,35.78,68.92,64.99,62.77,96.88,3,55.04
S104790,42.63,78.02,56.85,56.11,54.72,21,48.0
S104791,39.96,79.94,64.42,64.87,85.31,110,61.44
S104792,28.04,61.98,74.64,43.49,83.15,14,44.01
S104793,33.67,54.86,49.67,30.83,58.74,14,43.88
S104794,32.51,67.81,69.5,51.6,76.0,49,26.1
S104795,34.97,34.28,51.36,54.75,85.91,48,19.27
S104796,34.98,71.21,64.91,53.44,80.75,49,46.84
S104797,39.89,63.89,63.69,37.21,79.63,20,34.04
S104798,36.42,82.93,70.69,57.95,79.78,15,40.64
S104799,44.84,40.21,67.95,34.14,73.02,117,60.75
S104800,36.93,70.1,84.82,36.55,100.0,74,76.77
S104801,28.36,93.64,64.58,39.38,84.92,31,60.82
S104802,31.26,80.13,54.96,58.71,84.65,18,37.63
S104803,39.83,69.83,79.88,25.0,60.09,168,34.05
S104804,22.09,75.1,70.3,42.63,75.27,12,33.17
S104805,24.23,45.08,79.15,93.28,72.07,70,37.95
S104806,35.09,72.5,63.08,56.03,79.54,75,47.33
S104807,42.61,76.13,44.06,42.92,75.18,156,57.79
S104808,45.46,53.83,100.0,61.3,70.74,5,69.87
S104809,33.26,69.83,55.36,47.36,76.57,29,51.49
S104810,43.49,26.48,46.43,60.18,63.76,271,54.84
S104811,35.58,64.99,76.47,59.88,88.93,67,47.02
S104812,22.75,63.45,49.88,41.25,92.08,43,35.27
S104813,34.94,91.03,58.72,58.44,87.47,30,56.86
S104814,30.05,60.95,66.99,27.18,92.84,13,44.49
S104815,42.35,66.0,62.71,53.41,91.78,17,42.88
S104816,34.79,68.81,59.19,47.37,60.74,121,66.5
S104817,24.78,61.15,90.44,13.23,100.0,22,16.17
S104818,23.0,80.8,63.22,54.0,93.04,20,58.14
S104819,34.83,40.11,50.61,45.2,51.36,31,43.58
S104820,15.64,87.05,80.63,28.52,68.6,113,27.04
S104821,30.85,69.82,53.44,54.98,61.51,44,42.86
S104822,36.85,89.52,63.25,25.25,86.51,2,28.15
S104823,26.54,28.79,50.53,55.19,71.99,58,37.44
S104824,42.95,33.46,68.38,54.46,80.36,26,49.28
S104825,44.53,65.62,65.64,27.99,100.0,49,51.78
S104826,26.87,77.59,64.54,56.29,100.0,172,43.93
S104827,32.62,61.68,67.4,59.81,65.63,18,61.67
S104828,42.96,78.76,78.08,30.27,86.87,33,81.18
S104829,34.99,84.72,76.25,62.79,100.0,232,56.2
S104830,23.84,79.99,48.37,75.46,66.28,119,63.01
S104831,33.85,71.55,54.21,42.88,94.52,26,52.74
S104832,28.18,71.43,79.79,12.87,77.48,9,53.54
S104833,43.87,60.78,52.47,30.02,65.89,217,49.97
S104834,39.85,69.17,72.87,55.61,100.0,13,54.08
S104835,32.49,54.64,78.43,42.59,73.57,36,45.41
S104836,36.14,58.23,38.73,56.85,77.76,32,20.11
S104837,24.54,69.83,58.5,41.84,74.68,10,22.05
S104838,28.97,63.06,78.04,58.71,95.8,9,76.72
S104839,47.43,58.94,62.65,40.64,94.75,27,45.68
S104840,35.43,76.74,58.53,33.13,68.87,37,36.65
S104841,42.44,75.7,78.3,67.36,81.74,278,75.96
S104842,36.86,66.77,82.66,48.45,85.53,61,75.35
S104843,45.51,67.77,54.15,54.91,94.63,192,61.71
S104844,19.01,76.24,93.27,80.68,70.88,11,76.73
S104845,33.49,84.53,36.45,67.21,100.0,22,31.74
S104846,48.16,73.02,40.89,58.28,92.22,14,39.59
S104847,42.65,52.12,57.73,45.41,65.75,38,35.32
S104848,45.6,66.68,59.65,44.43,87.27,200,47.64
S104849,34.95,63.89,60.38,58.14,87.34,28,37.11
S104850,30.7,54.21,56.45,58.91,69.36,72,24.58
S104851,26.78,77.47,53.39,58.07,86.4,198,60.85
S104852,26.22,78.62,61.48,46.9,80.04,56,69.97
S104853,41.46,80.89,55.56,37.2,57.03,60,44.68
S104854,39.11,55.14,75.91,67.67,32.06,64,70.72
S104855,34.47,72.36,65.49,50.62,100.0,26,68.42
S104856,39.07,69.83,61.46,52.81,78.14,43,58.14
S104857,36.14,74.61,63.85,58.9,81.62,150,73.18
S104858,42.7,71.95,82.83,68.05,64.6,41,45.85
S104859,42.62,69.81,57.27,39.95,71.02,43,54.18
S104860,26.47,68.01,44.63,38.53,100.0,10,17.59
S104861,37.19,86.6,49.36,38.89,100.0,50,52.98
S104862,21.65,57.07,61.27,76.54,52.17,7,25.89
S104863,36.06,67.4,72.7,44.44,80.86,25,34.82
S104864,39.83,86.22,79.08,29.98,100.0,311,49.88
S104865,24.49,57.83,91.38,24.48,82.97,188,37.74
S104866,31.67,58.6,76.83,16.89,90.26,78,44.64
S104867,35.08,81.01,50.87,46.37,77.46,100,60.96
S104868,36.87,48.64,61.75,32.6,87.73,22,16.85
S104869,32.77,79.91,30.38,52.92,100.0,12,48.16
S104870,25.62,62.66,60.02,56.13,87.83,64,63.27
S104871,34.57,76.15,55.32,69.2,61.76,183,59.61
S104872,21.78,51.69,27.99,50.76,70.54,143,20.15
S104873,33.14,87.78,98.72,31.7,91.6,71,82.87
S104874,31.47,51.74,58.95,29.44,78.98,334,62.6
S104875,33.93,80.87,31.28,69.13,71.82,23,53.14
S104876,30.53,52.37,60.61,32.53,63.65,116,33.35
S104877,22.94,97.12,91.41,58.91,65.05,27,57.34
S104878,32.07,68.93,95.51,48.88,69.27,293,49.28
S104879,42.45,99.26,65.93,60.73,86.85,25,68.42
S104880,45.09,57.72,66.54,59.19,72.24,36,60.97
S104881,50.0,63.36,84.61,37.03,82.67,52,65.41
S104882,48.53,88.16,62.59,67.31,82.36,31,55.8
S104883,25.42,48.61,72.36,68.82,91.53,26,46.43
S104884,31.73,59.51,78.43,21.55,67.67,51,68.35
S104885,34.82,77.43,47.79,61.44,100.0,136,52.92
S104886,34.32,54.72,89.59,75.2,53.61,119,61.55
S104887,35.56,77.83,50.92,17.87,75.12,47,37.24
S104888,50.0,72.56,54.86,64.69,73.63,30,44.15
S104889,26.34,47.3,66.6,31.13,68.15,11,38.51
S104890,29.29,69.83,80.03,52.99,46.94,163,42.81
S104891,48.15,51.06,75.84,45.64,98.2,174,42.82
S104892,30.07,81.57,64.21,60.79,92.44,6,46.39
S104893,38.15,71.93,69.55,43.02,87.48,110,34.83
S104894,43.28,63.17,82.17,76.57,69.11,172,48.1
S104895,38.89,53.42,65.13,41.14,72.42,107,48.58
S104896,36.53,74.94,52.01,66.52,74.96,33,57.54
S104897,42.51,56.91,55.35,67.0,76.4,45,39.22
S104898,27.86,88.12,79.55,62.07,91.93,29,77.43
S104899,31.03,88.67,52.02,61.68,72.58,63,55.51
S104900,39.29,94.63,39.91,77.27,67.15,177,70.4
S104901,18.44,74.21,60.13,31.51,82.2,89,17.35
S104902,46.33,63.94,63.79,74.35,80.64,49,41.85
S104903,37.43,65.55,78.77,32.98,87.55,157,47.33
S104904,36.22,64.45,41.68,38.78,100.0,0,37.83
S104905,21.96,73.72,70.54,45.86,73.9,26,34.71
S104906,24.71,69.83,83.42,38.58,93.98,46,38.26
S104907,31.81,88.47,51.92,30.53,82.13,72,52.17
S104908,41.46,70.3,66.31,61.88,95.37,434,70.59
S104909,18.39,48.95,30.59,59.49,98.48,82,24.81
S104910,41.31,63.89,78.97,44.85,68.64,38,29.39
S104911,32.12,93.34,77.73,46.15,100.0,103,71.39
S104912,33.21,46.65,64.68,49.54,82.72,332,71.26
S104913,37.03,81.09,43.76,45.27,62.79,76,49.19
S104914,37.15,64.14,75.67,38.37,62.92,35,34.31
S104915,29.3,56.75,61.08,37.96,100.0,56,49.93
S104916,40.0,75.93,20.51,89.27,99.72,50,76.23
S104917,16.44,93.41,77.45,39.27,96.45,61,42.64
S104918,31.4,75.11,83.62,74.31,71.88,249,75.28
S104919,36.23,66.06,86.43,46.4,74.4,46,62.42
S104920,32.24,50.56,44.57,31.9,56.36,30,69.79
S104921,20.38,68.52,34.33,48.8,75.62,81,32.64
S104922,41.06,50.02,58.43,57.62,82.56,67,57.79
S104923,25.01,65.35,73.29,54.52,100.0,41,48.42
S104924,34.46,69.05,49.92,63.48,75.87,29,54.58
S104925,36.22,34.59,39.54,58.72,74.99,60,29.81
S104926,35.16,90.82,76.59,66.47,84.34,14,62.5
S104927,44.35,51.42,59.48,39.45,92.76,25,43.76
S104928,34.57,67.21,74.96,45.28,100.0,152,58.5
S104929,38.42,78.01,65.25,37.64,69.51,192,51.17
S104930,34.55,89.63,62.34,69.72,77.44,40,60.29
S104931,39.9,58.12,63.97,42.18,82.05,144,27.21
S104932,46.15,32.36,59.26,36.71,76.01,9,34.71
S104933,36.1,86.18,57.66,48.73,70.69,19,80.83
S104934,41.25,51.26,47.38,29.29,76.15,73,51.59
S104935,46.64,75.39,72.73,31.05,61.73,91,63.87
S104936,45.86,76.32,84.96,47.23,70.91,23,49.68
S104937,31.92,21.22,56.99,73.41,61.5,225,69.65
S104938,43.29,45.78,94.86,57.67,80.18,78,76.86
S104939,36.99,63.09,71.03,76.54,74.13,204,37.93
S104940,43.94,31.24,69.13,69.69,71.82,9,71.53
S104941,39.55,49.93,75.48,65.37,80.24,70,48.79
S104942,37.21,71.84,80.6,46.86,42.9,33,31.53
S104943,38.47,68.67,57.73,31.17,75.24,161,36.64
S104944,37.04,74.54,73.88,41.11,82.92,1,66.0
S104945,37.35,76.74,81.75,56.63,94.62,117,55.71
S104946,33.73,44.77,58.93,73.0,89.14,14,48.7
S104947,32.99,50.73,65.08,34.69,99.06,177,46.95
S104948,49.11,81.42,52.72,38.42,58.5,50,50.57
S104949,38.82,92.86,57.11,27.41,95.7,15,60.1
S104950,30.41,55.49,59.4,49.17,84.48,136,53.84
S104951,32.78,73.88,50.53,24.21,71.95,56,57.66
S104952,43.45,82.11,63.99,60.45,81.62,5,55.03
S104953,29.11,73.56,70.29,23.77,100.0,3,42.53
S104954,23.14,66.27,71.85,49.73,82.18,23,52.05
S104955,23.73,60.39,52.06,40.51,81.2,100,15.97
S104956,21.17,99.78,55.3,12.86,92.89,46,41.92
S104957,24.61,71.44,78.61,30.97,76.72,60,63.11
S104958,25.55,75.83,55.26,37.78,68.11,12,37.22
S104959,46.08,74.86,78.19,48.99,100.0,102,60.87
S104960,34.63,57.81,53.28,49.53,58.41,36,30.65
S104961,32.09,70.76,71.03,63.4,80.65,33,31.08
S104962,23.45,69.83,77.04,44.56,79.03,70,44.43
S104963,33.85,64.9,22.61,47.31,67.5,116,47.31
S104964,21.1,74.75,78.9,27.09,60.23,56,54.9
S104965,32.04,56.27,85.87,56.3,78.09,4,48.67
S104966,50.0,51.93,60.06,48.46,85.49,8,40.12
S104967,40.31,77.54,70.53,14.39,95.71,150,70.56
S104968,33.32,62.03,51.57,29.99,68.43,155,42.59
S104969,40.58,64.82,70.82,24.65,68.23,81,63.58
S104970,30.83,41.07,100.0,40.4,100.0,4,56.45
S104971,28.59,84.45,29.85,44.2,72.98,111,29.26
S104972,48.63,77.86,56.99,35.82,74.99,162,58.45
S104973,25.86,80.62,77.75,33.16,98.28,198,43.84
S104974,32.17,75.81,85.19,45.4,55.31,130,36.38
S104975,37.45,47.26,42.88,42.86,61.98,48,22.67
S104976,27.51,73.43,54.79,50.03,100.0,49,55.21
S104977,40.2,60.86,55.71,76.63,70.98,55,50.22
S104978,32.55,55.56,54.55,72.89,71.99,51,47.59
S104979,40.31,77.5,63.14,41.44,73.25,58,21.87
S104980,39.69,94.88,42.14,42.83,75.2,7,38.36
S104981,33.06,92.4,60.93,45.66,73.11,135,62.52
S104982,48.69,79.33,50.02,44.56,82.14,0,47.57
S104983,29.68,69.55,63.9,49.65,98.79,3,35.96
S104984,45.79,66.77,53.72,48.91,67.95,2,42.71
S104985,44.4,56.43,62.3,21.38,71.13,184,80.23
S104986,49.17,65.95,48.42,75.29,80.48,431,75.3
S104987,36.39,83.63,80.24,60.9,100.0,28,61.7
S104988,28.69,97.35,59.79,25.61,75.57,11,39.03
S104989,50.0,57.75,65.22,71.64,66.51,2,62.32
S104990,32.32,40.07,62.67,45.02,49.71,186,9.39
S104991,28.49,62.04,65.12,46.48,68.59,35,57.41
S104992,33.48,83.56,65.04,40.3,66.99,54,38.1
S104993,27.15,100.0,77.88,43.28,62.13,38,40.5
S104994,39.21,69.83,60.42,13.56,81.06,190,49.93
S104995,30.15,89.28,53.48,60.38,76.06,143,47.55
S104996,32.7,57.26,65.67,33.07,100.0,181,42.22
S104997,42.74,57.68,55.19,46.41,83.23,45,83.35
S104998,39.99,50.14,63.8,42.47,95.13,20,59.91
S104999,35.12,60.02,48.17,29.38,77.43,74,44.9
S105000,36.37,83.71,81.8,59.91,66.82,19,50.52
S105001,35.1,94.37,52.51,52.58,89.28,31,44.2
S105002,31.55,75.18,84.19,66.49,63.07,232,43.48
S105003,34.98,66.17,64.02,62.59,97.36,164,53.38
S105004,38.93,54.0,78.7,47.25,68.78,46,60.21
S105005,33.99,68.31,52.72,37.72,91.11,31,45.79
S105006,38.36,73.05,33.53,25.17,85.64,69,56.36
S105007,28.31,48.05,38.62,66.43,65.43,115,42.78
S105008,30.17,83.82,100.0,21.9,98.16,17,41.16
S105009,29.13,63.64,55.43,67.08,100.0,190,59.08
S105010,30.48,82.92,82.54,51.58,68.76,17,71.3
S105011,45.3,69.84,44.24,35.21,70.18,75,63.03
S105012,40.81,74.46,67.86,41.22,81.03,64,72.51
S105013,26.38,59.47,70.57,68.65,93.01,32,53.32
S105014,38.5,64.83,100.0,64.99,98.37,66,43.48
S105015,31.88,79.63,59.91,37.1,74.63,170,56.72
S105016,29.54,68.03,53.62,51.19,82.07,32,20.29
S105017,23.11,53.43,70.61,42.64,74.72,173,71.17
S105018,42.78,71.67,50.2,44.39,73.81,5,49.0
S105019,24.09,69.83,71.55,41.96,72.03,61,44.77
S105020,34.58,90.59,64.14,49.11,59.55,28,37.82
S105021,27.43,87.29,52.94,55.93,92.95,56,47.91
S105022,41.21,69.03,72.91,23.09,81.53,4,41.55
S105023,32.33,61.79,66.73,19.05,100.0,2,27.37
S105024,33.92,66.58,77.17,63.65,92.36,133,89.77
S105025,34.19,62.14,91.44,35.97,74.0,108,48.95
S105026,37.42,77.59,56.97,74.98,62.88,13,61.15
S105027,35.1,85.62,58.42,33.2,100.0,228,48.65
S105028,34.65,88.6,43.47,23.81,54.52,166,40.15
S105029,30.85,63.82,73.34,71.91,74.87,22,49.33
S105030,22.4,62.32,54.68,50.32,75.11,92,25.28
S105031,26.05,63.69,70.53,55.74,70.29,45,48.49
S105032,40.75,41.02,83.65,41.02,67.23,66,50.26
S105033,32.55,51.96,54.05,60.07,61.68,125,71.38
S105034,29.69,69.48,57.41,1.62,69.12,80,41.12
S105035,23.75,75.69,81.23,39.66,79.23,8,77.37
S105036,21.24,77.37,76.32,31.92,84.59,75,64.94
S105037,29.37,58.29,74.62,52.38,72.13,16,47.26
S105038,42.1,62.63,58.74,58.81,72.05,47,75.11
S105039,30.54,65.96,42.02,39.76,64.36,40,40.02
S105040,38.2,64.28,53.61,47.81,82.51,7,53.02
S105041,30.18,80.32,48.85,93.27,80.72,8,30.66
S105042,40.11,50.38,74.3,61.07,85.69,124,30.55
S105043,32.19,52.76,69.55,59.94,71.88,69,61.45
S105044,25.14,65.52,55.42,38.33,66.34,291,59.53
S105045,32.85,49.52,58.15,35.06,79.71,242,37.04
S105046,49.67,41.49,72.61,36.1,87.81,17,43.86
S105047,49.32,69.83,59.89,38.63,66.69,155,46.64
S105048,38.89,66.36,55.7,51.31,70.59,32,57.79
S105049,33.9,79.46,96.66,45.92,61.63,56,29.42
S105050,37.43,79.77,56.21,60.12,62.42,48,51.1
S105051,37.53,93.82,75.7,67.25,71.8,27,59.24
S105052,34.68,71.52,71.28,61.12,67.38,57,67.98
S105053,38.53,73.54,40.63,58.99,92.01,83,47.44
S105054,36.67,66.24,54.14,32.95,80.45,29,26.03
S105055,32.47,66.97,78.11,16.47,98.98,63,40.93
S105056,25.44,100.0,62.9,42.3,99.13,79,37.74
S105057,31.32,73.92,41.56,54.51,80.23,56,59.01
S105058,41.4,75.22,71.31,36.16,49.94,207,46.64
S105059,34.75,52.82,55.68,38.42,85.98,84,51.86
S105060,37.4,76.16,71.97,32.77,97.16,32,46.31
S105061,32.74,79.87,100.0,35.38,89.49,8,56.48
S105062,26.52,86.65,71.12,57.65,85.23,53,48.91
S105063,33.09,79.45,74.79,54.06,76.28,69,37.87
S105064,26.82,68.1,60.94,50.38,62.33,65,55.78
S105065,26.31,67.46,47.09,7.42,89.38,64,40.05
S105066,44.65,68.92,81.38,38.49,77.07,38,70.49
S105067,31.64,71.61,55.31,29.22,84.68,253,75.36
S105068,29.07,89.01,61.33,56.76,71.19,76,47.81
S105069,47.94,86.09,93.7,43.25,100.0,20,81.79
S105070,41.52,81.29,59.6,71.38,83.59,1,37.58
S105071,32.03,100.0,84.45,50.38,74.3,68,57.37
S105072,38.42,30.16,71.2,77.55,62.95,110,52.91
S105073,33.11,63.1,56.15,64.74,59.02,9,13.34
S105074,29.46,69.83,70.46,43.74,89.31,50,52.2
S105075,38.8,59.92,53.54,52.29,71.27,286,29.47
S105076,32.41,56.05,79.48,47.92,73.25,55,61.97
S105077,35.6,44.24,84.95,27.46,71.86,154,26.43
S105078,43.17,65.33,65.78,62.11,63.62,12,58.08
S105079,42.29,83.41,86.48,43.79,75.65,48,68.98
S105080,30.6,81.61,67.56,24.52,80.85,35,33.56
S105081,38.89,58.72,79.63,29.93,64.9,2,27.76
S105082,25.98,73.3,100.0,46.47,84.98,59,50.13
S105083,38.6,90.36,100.0,70.68,61.65,41,49.11
S105084,36.19,47.2,62.08,50.68,73.39,76,56.34
S105085,38.03,67.62,69.7,49.01,85.47,63,86.79
S105086,32.62,74.3,48.14,54.76,79.8,48,46.5
S105087,50.0,70.15,77.78,60.03,55.38,9,72.1
S105088,27.79,82.76,71.23,48.22,38.21,47,24.35
S105089,42.77,47.53,52.62,62.33,88.5,283,39.8
S105090,26.75,54.91,83.99,49.23,90.35,26,32.48
S105091,39.03,80.23,60.75,57.62,86.56,39,38.21
S105092,39.61,44.47,56.67,41.71,76.59,147,22.47
S105093,35.44,82.18,71.39,68.76,76.28,59,82.28
S105094,31.04,76.75,57.56,60.34,78.4,0,53.07
S105095,36.13,69.83,64.49,77.49,88.78,62,45.24
S105096,37.14,62.96,92.94,38.17,78.0,164,51.92
S105097,49.32,77.65,55.17,64.28,85.61,94,32.8
S105098,28.02,52.42,75.81,64.14,99.71,113,48.12
S105099,30.55,63.78,55.66,62.3,65.49,3,39.68
S105100,37.28,70.55,49.43,58.65,77.22,16,66.03
S105101,32.95,56.52,63.7,42.35,67.12,70,60.71
S105102,34.2,73.27,100.0,63.97,74.1,13,35.82
S105103,43.56,52.84,77.51,51.66,78.48,112,57.43
S105104,12.44,74.03,72.39,83.89,66.81,21,63.42
S105105,30.22,96.13,56.61,24.05,55.64,31,49.55
S105106,21.06,51.15,58.85,66.9,60.4,3,18.49
S105107,25.43,69.66,41.26,60.24,86.65,44,22.39
S105108,50.0,45.73,93.72,29.44,69.98,24,46.79
S105109,39.79,57.51,69.3,88.7,76.72,3,51.04
S105110,42.61,80.53,67.91,57.43,80.74,11,38.48
S105111,34.36,63.54,68.26,48.81,93.61,40,85.32
S105112,41.07,81.14,98.44,58.83,75.74,34,69.38
S105113,20.87,75.34,69.79,53.0,83.7,158,34.36
S105114,43.31,69.03,61.92,43.31,63.02,29,59.61
S105115,28.44,54.56,93.79,47.62,77.59,43,60.78
S105116,30.75,80.28,62.93,67.21,65.34,56,67.6
S105117,39.04,74.56,37.93,16.13,77.88,73,22.41
S105118,37.53,47.08,40.57,39.82,81.91,186,35.21
S105119,35.68,55.53,61.93,50.73,76.49,90,71.93
S105120,24.1,28.46,69.67,34.33,73.65,56,42.68
S105121,35.8,49.52,78.15,45.63,84.04,17,40.6
S105122,42.68,65.3,50.31,45.16,73.95,146,41.83
S105123,30.74,54.16,61.4,19.01,73.79,96,30.53
S105124,45.52,57.53,52.05,52.2,64.21,28,53.02
S105125,28.02,90.86,82.82,49.23,87.59,181,63.8
S105126,35.05,85.43,85.52,37.55,79.37,87,58.95
S105127,47.28,59.58,96.33,77.29,72.81,50,58.51
S105128,29.55,81.9,70.62,44.52,64.42,98,48.75
S105129,43.43,88.22,94.84,80.05,100.0,1,62.9
S105130,50.0,79.28,53.91,55.95,34.75,31,57.79
S105131,36.37,74.48,68.46,46.35,68.63,120,63.8
S105132,30.78,86.47,48.03,37.17,72.76,157,55.93
S105133,28.82,81.54,74.17,33.38,93.81,129,52.15
S105134,45.44,51.8,69.56,65.77,75.28,105,45.88
S105135,45.21,69.83,25.74,61.67,82.73,55,56.73
S105136,46.59,61.72,82.75,36.37,73.38,17,52.2
S105137,34.74,87.29,78.69,62.65,100.0,9,59.33
S105138,43.3,61.29,56.11,38.53,85.93,206,59.48
S105139,34.61,58.72,69.5,60.49,70.24,19,52.44
S105140,27.94,85.4,41.1,41.78,90.56,23,30.91
S105141,43.99,73.9,52.68,37.23,76.29,102,66.81
S105142,48.07,100.0,91.71,73.21,100.0,113,75.26
S105143,26.84,57.07,46.53,32.64,100.0,42,17.19
S105144,26.68,62.22,65.15,33.34,84.42,6,60.73
S105145,35.32,86.83,42.66,52.53,76.45,53,63.06
S105146,42.65,50.81,70.41,52.45,70.48,134,32.62
S105147,25.93,89.8,74.0,52.75,93.23,171,52.88
S105148,36.82,51.89,76.59,27.52,100.0,84,53.82
S105149,30.28,79.15,72.49,40.98,75.62,92,43.58
S105150,40.61,42.35,87.83,37.86,86.74,2,60.53
S105151,28.62,70.68,56.14,81.78,87.58,19,54.67
S105152,41.17,49.46,48.07,59.58,93.35,110,52.88
S105153,33.73,98.89,55.61,37.03,68.32,60,57.21
S105154,27.5,53.93,43.46,51.66,86.66,71,38.66
S105155,35.51,57.57,66.26,68.09,100.0,133,56.9
S105156,19.5,78.03,62.77,56.29,81.44,89,47.64
S105157,30.53,60.99,72.64,47.51,86.8,44,86.62
S105158,37.7,80.5,39.14,58.02,85.68,292,57.27
S105159,20.83,59.34,64.79,50.19,88.3,22,18.58
S105160,14.43,58.18,84.43,60.96,62.64,33,56.33
S105161,16.29,69.59,74.16,52.78,100.0,88,35.55
S105162,45.62,51.75,34.67,46.5,81.5,21,42.84
S105163,34.39,75.95,64.81,57.05,88.17,38,56.1
S105164,30.74,83.16,53.28,24.52,81.32,94,61.36
S105165,42.56,78.29,65.21,39.16,94.15,33,62.48
S105166,31.76,79.65,58.91,33.03,72.47,5,51.75
S105167,37.15,41.13,92.83,54.8,60.39,66,41.6
S105168,35.21,63.08,66.37,62.58,78.24,118,60.23
S105169,31.23,66.59,70.07,70.26,87.19,109,51.21
S105170,37.35,91.82,64.29,44.11,74.8,78,61.04
S105171,41.19,61.28,72.59,26.23,69.93,116,39.06
S105172,33.52,35.47,61.53,21.91,85.23,18,12.73
S105173,31.32,54.94,77.38,48.23,66.09,106,49.93
S105174,32.26,60.08,58.73,82.37,94.69,4,48.27
S105175,16.62,37.65,87.02,30.45,75.32,108,47.05
S105176,37.26,84.53,72.94,27.43,87.46,4,17.22
S105177,25.33,46.46,62.56,66.19,62.58,118,11.66
S105178,40.04,76.69,78.47,32.02,100.0,173,47.9
S105179,34.28,53.61,72.89,45.73,87.03,141,43.49
S105180,35.84,92.6,78.24,70.37,89.2,34,69.11
S105181,40.6,65.86,66.37,64.42,60.64,296,54.92
S105182,27.59,62.81,61.14,60.23,68.76,58,54.11
S105183,37.95,77.92,67.16,40.3,82.99,38,78.0
S105184,37.14,54.89,56.99,73.07,63.76,70,73.73
S105185,33.52,78.63,80.67,27.88,70.6,29,21.31
S105186,27.57,62.77,88.51,23.89,91.33,16,36.59
S105187,39.76,61.08,74.26,55.33,70.91,14,37.23
S105188,40.63,68.69,87.69,44.76,85.61,15,29.62
S105189,35.91,53.65,83.03,30.6,67.59,21,63.43
S105190,26.44,67.14,60.71,56.73,89.01,174,48.67
S105191,30.78,75.09,78.37,60.21,63.19,41,51.14
S105192,34.52,35.37,44.47,52.67,88.91,0,38.12
S105193,40.51,86.37,67.98,67.19,100.0,29,80.65
S105194,22.33,82.24,46.08,50.32,71.98,444,24.48
S105195,30.49,42.18,63.25,12.04,70.08,107,15.46
S105196,31.78,39.84,41.96,46.08,97.09,56,42.08
S105197,34.33,82.63,82.51,62.48,80.97,11,35.64
S105198,24.59,81.47,58.68,56.88,62.46,49,41.36
S105199,33.26,79.35,79.5,58.05,85.09,82,72.7
S105200,32.52,48.6,63.79,42.63,83.25,201,49.82
S105201,26.7,97.43,35.49,39.99,70.51,54,51.75
S105202,34.06,58.67,57.25,56.57,69.93,64,30.49
S105203,30.67,73.59,56.51,59.54,93.03,67,59.91
S105204,38.96,73.78,64.76,58.81,65.18,241,74.43
S105205,27.92,93.89,89.13,41.09,59.44,33,55.75
S105206,35.72,71.88,91.78,27.64,68.37,158,71.33
S105207,28.53,76.24,61.3,0.0,92.98,45,34.16
S105208,30.2,68.84,44.84,55.94,76.08,108,23.6
S105209,37.38,52.05,53.09,75.11,71.54,53,52.96
S105210,36.88,35.22,72.67,17.25,78.97,65,40.65
S105211,31.66,70.49,63.27,24.86,87.31,32,30.9
S105212,32.84,48.81,39.79,58.27,100.0,43,43.71
S105213,23.37,75.25,56.94,60.68,85.26,60,65.56
S105214,46.22,72.23,85.99,43.01,100.0,74,58.91
S105215,40.5,71.87,69.68,76.68,90.97,37,65.62
S105216,40.21,54.21,65.76,62.86,75.54,144,62.67
S105217,22.24,85.55,58.78,30.05,93.37,102,27.91
S105218,30.24,77.12,57.64,55.98,89.55,48,41.81
S105219,32.32,52.27,73.7,58.96,97.43,106,50.79
S105220,19.55,100.0,67.27,45.54,91.05,1,40.19
S105221,42.12,66.84,77.34,30.23,81.71,72,53.58
S105222,46.63,49.99,73.75,46.04,72.79,60,51.68
S105223,50.0,58.62,65.32,50.98,82.02,58,53.48
S105224,26.63,47.37,71.15,27.06,57.77,74,54.32
S105225,35.94,90.39,55.52,47.92,77.56,130,51.6
S105226,45.58,86.21,64.23,37.31,62.31,4,43.66
S105227,32.97,81.09,86.46,47.62,86.87,13,50.24
S105228,30.46,78.27,65.17,28.16,92.51,1,41.12
S105229,20.07,88.73,61.52,74.17,84.73,22,63.29
S105230,44.06,66.37,68.37,84.01,77.56,304,100.0
S105231,34.85,76.34,46.35,21.9,75.72,37,42.05
S105232,29.17,57.82,68.53,26.17,98.02,69,46.67
S105233,37.27,67.7,92.14,50.4,94.8,369,59.7
S105234,36.22,76.75,52.06,46.22,64.08,79,65.98
S105235,36.35,23.78,69.27,36.29,83.83,15,74.91
S105236,33.26,60.7,64.62,70.68,84.88,131,49.82
S105237,47.98,72.47,64.21,26.42,76.92,64,50.45
S105238,33.93,68.84,63.93,47.67,59.51,430,41.91
S105239,47.95,63.21,76.43,43.06,49.18,113,46.55
S105240,39.51,78.84,47.43,40.0,82.58,421,62.97
S105241,37.81,59.38,76.02,42.2,54.6,177,39.96
S105242,34.09,51.67,66.11,47.35,72.15,16,53.5
S105243,42.79,87.76,36.8,33.89,90.27,110,59.59
S105244,35.9,85.64,71.08,28.49,86.24,55,61.82
S105245,27.54,61.01,66.82,79.27,71.05,11,51.56
S105246,27.28,68.97,51.05,35.9,93.43,67,30.99
S105247,38.38,82.69,67.57,49.46,87.89,8,35.23
S105248,27.74,70.66,43.94,45.1,72.68,115,44.38
S105249,34.5,77.95,54.04,54.3,100.0,36,61.18
S105250,43.46,77.13,65.59,18.39,87.31,132,49.74
S105251,37.43,65.21,38.03,45.41,68.3,92,49.2
S105252,29.22,77.74,46.58,50.12,49.21,169,29.84
S105253,46.28,55.53,48.97,46.6,83.36,16,29.3
S105254,39.38,75.91,66.27,69.02,72.43,83,72.25
S105255,43.14,68.89,72.06,41.23,80.31,160,40.04
S105256,16.86,64.59,50.72,61.71,76.45,21,50.57
S105257,37.65,51.3,49.82,56.6,47.03,122,43.12
S105258,41.74,71.97,67.21,54.63,75.62,27,37.02
S105259,48.6,70.58,66.78,64.15,63.46,135,92.42
S105260,23.29,57.41,53.8,36.96,72.38,58,60.55
S105261,44.65,46.05,94.26,46.87,71.32,88,63.93
S105262,48.16,45.33,67.95,48.77,80.96,37,44.87
S105263,18.86,66.19,62.28,56.68,84.5,140,63.22
S105264,38.83,74.6,58.82,20.4,86.92,11,54.72
S105265,39.94,97.75,81.14,42.93,44.03,17,44.21
S105266,32.38,69.32,73.72,26.71,100.0,8,46.55
S105267,31.08,45.62,37.2,48.1,55.52,239,45.15
S105268,40.34,66.9,53.87,36.15,79.8,50,26.61
S105269,30.08,88.77,57.85,45.43,67.57,52,50.18
S105270,33.26,59.76,64.81,71.72,84.43,29,59.01
S105271,41.5,86.78,75.03,55.36,52.56,51,73.14
S105272,49.03,72.64,47.88,28.79,100.0,21,27.24
S105273,39.3,79.7,63.73,42.68,74.61,242,76.77
S105274,36.07,97.88,92.19,57.95,87.51,24,56.38
S105275,30.87,42.44,65.46,53.44,67.99,208,49.75
S105276,26.92,83.45,53.89,43.39,100.0,54,57.84
S105277,43.88,68.58,43.65,40.0,59.42,46,35.97
S105278,33.77,55.76,57.21,34.23,40.54,130,24.27
S105279,44.21,68.49,47.74,45.47,100.0,55,60.88
S105280,32.36,95.36,58.69,52.69,62.36,25,30.87
S105281,29.81,90.02,73.67,32.14,78.95,46,60.75
S105282,38.37,39.99,65.59,47.35,100.0,46,57.24
S105283,34.39,58.45,57.32,58.93,73.92,28,53.46
S105284,25.36,84.14,36.35,43.96,83.9,44,50.73
S105285,49.54,69.67,78.31,56.85,92.22,10,63.02
S105286,29.98,69.73,59.36,43.32,80.45,225,24.52
S105287,42.42,46.48,66.73,41.55,99.52,82,79.44
S105288,41.73,58.82,50.41,29.66,90.58,17,40.29
S105289,24.92,49.63,58.46,63.4,66.59,125,50.93
S105290,26.98,45.2,55.72,43.13,90.98,25,44.55
S105291,32.59,51.13,43.66,24.18,79.48,73,38.33
S105292,28.07,56.08,50.47,22.93,79.56,197,17.51
S105293,48.81,58.58,64.76,41.81,84.99,116,44.07
S105294,33.4,57.37,69.78,71.67,93.81,10,74.31
S105295,42.12,69.83,54.06,41.4,65.56,63,46.6
S105296,39.11,56.39,45.76,39.84,99.58,98,48.06
S105297,37.11,91.39,59.3,38.49,98.66,18,62.65
S105298,35.32,62.74,77.47,41.19,70.51,8,57.05
S105299,44.9,76.59,49.97,23.89,100.0,13,35.67
S105300,28.4,69.83,65.21,46.16,77.4,264,37.97
S105301,48.81,56.53,54.43,82.92,88.51,149,64.12
S105302,24.7,65.08,83.06,37.07,73.08,156,49.28
S105303,41.25,62.46,56.89,83.58,92.29,23,50.23
S105304,23.76,75.59,75.59,43.36,73.33,65,27.2
S105305,32.47,68.07,81.24,35.6,82.4,53,57.48
S105306,35.75,58.77,89.66,55.69,40.72,144,58.57
S105307,31.11,71.79,43.35,46.51,72.92,44,41.6
S105308,33.55,75.09,42.63,37.35,71.52,62,27.53
S105309,23.9,97.75,83.64,85.96,51.63,70,40.21
S105310,27.1,71.02,81.02,51.78,91.53,37,47.72
S105311,38.99,70.15,55.13,69.07,74.22,3,67.68
S105312,35.24,76.43,13.21,24.87,52.73,56,35.63
S105313,29.48,55.76,66.29,31.48,89.02,54,63.82
S105314,45.59,44.12,40.72,47.24,96.34,3,40.33
S105315,25.24,65.32,51.76,77.76,77.98,53,40.26
S105316,32.11,86.08,67.9,48.81,57.35,57,31.31
S105317,30.95,88.5,70.05,18.49,51.74,12,33.76
S105318,39.92,41.81,90.3,51.29,61.63,12,52.44
S105319,35.39,79.99,59.04,43.92,67.55,221,53.02
S105320,34.13,37.23,49.38,51.43,100.0,17,57.35
S105321,20.25,76.89,79.68,55.2,76.94,30,44.71
S105322,41.92,75.99,71.03,55.98,60.91,28,68.19
S105323,33.26,44.14,59.19,37.13,70.78,86,44.95
S105324,35.93,85.0,65.51,31.64,96.06,82,44.98
S105325,29.01,96.16,58.95,46.67,88.33,195,61.2
S105326,27.75,69.06,76.07,49.68,80.7,41,44.06
S105327,46.99,72.11,92.01,43.18,77.47,121,56.15
S105328,20.81,92.19,53.39,33.64,80.06,38,50.49
S105329,26.57,53.11,71.73,60.18,82.34,22,34.86
S105330,46.84,53.48,40.52,66.36,77.09,56,45.02
S105331,40.13,57.41,47.84,56.33,81.53,53,46.52
S105332,32.4,70.56,74.0,44.28,75.49,40,56.44
S105333,44.97,70.52,63.87,76.58,67.16,189,76.27
S105334,38.57,61.7,47.25,11.55,76.05,224,51.81
S105335,36.86,65.49,65.14,47.48,84.95,56,19.1
S105336,36.8,61.91,79.06,43.04,69.09,2,29.08
S105337,38.72,62.62,41.85,55.61,86.31,3,31.22
S105338,39.05,58.47,92.94,41.02,92.45,75,47.33
S105339,50.0,58.59,74.17,35.0,85.12,153,56.31
S105340,33.44,39.99,74.49,21.92,71.58,167,45.74
S105341,33.69,66.64,64.98,66.76,81.44,185,67.11
S105342,25.1,40.67,92.95,43.95,82.3,132,12.36
S105343,34.58,81.26,80.4,34.41,82.99,165,52.42
S105344,49.9,61.6,59.12,77.71,100.0,147,47.53
S105345,42.88,69.83,77.12,70.9,62.63,147,66.93
S105346,30.65,64.4,53.27,44.59,83.1,32,40.54
S105347,35.24,66.34,60.52,18.07,74.0,40,11.87
S105348,24.63,88.95,88.47,69.36,61.32,31,14.99
S105349,27.25,49.73,71.2,24.77,61.13,13,26.58
S105350,36.2,45.65,75.58,40.19,93.16,32,45.75
S105351,31.04,71.79,83.71,44.46,58.94,190,69.58
S105352,26.64,62.56,73.77,33.97,84.48,283,50.6
S105353,38.92,75.39,52.02,78.48,81.97,13,57.99
S105354,34.34,80.75,91.58,80.91,67.13,87,52.57
S105355,22.46,53.4,73.26,56.86,92.54,273,61.45
S105356,18.4,79.05,74.39,43.04,62.28,19,32.31
S105357,30.44,54.67,65.89,31.73,71.76,147,26.45
S105358,22.29,71.12,82.77,23.45,63.63,28,22.13
S105359,20.05,51.45,95.64,57.53,91.47,42,56.21
S105360,44.03,69.83,58.99,50.43,97.75,198,60.95
S105361,34.22,69.69,82.05,41.01,83.73,5,45.55
S105362,32.88,53.46,65.55,54.05,100.0,48,48.33
S105363,33.49,49.62,33.03,50.77,86.69,56,33.73
S105364,25.9,81.26,42.54,62.78,89.48,56,52.8
S105365,38.29,63.2,71.79,44.53,95.1,68,39.46
S105366,33.95,85.18,81.17,22.24,69.91,232,80.58
S105367,28.94,61.85,74.75,46.8,86.12,31,37.12
S105368,30.14,89.53,77.31,63.38,65.5,54,44.76
S105369,25.18,55.77,100.0,58.47,60.23,2,66.0
S105370,31.75,92.09,73.45,58.57,96.38,359,61.03
S105371,33.08,72.62,60.76,64.8,67.25,21,47.52
S105372,31.54,76.0,62.97,65.36,82.75,211,61.02
S105373,35.44,54.94,91.16,34.53,100.0,41,28.85
S105374,34.37,80.94,44.69,55.12,52.83,14,46.81
S105375,36.85,81.46,84.81,71.43,89.77,44,54.97
S105376,42.54,65.13,65.26,30.24,79.67,31,60.61
S105377,39.74,37.99,51.69,35.41,78.94,243,13.17
S105378,42.64,53.3,41.8,76.67,80.89,118,69.8
S105379,28.22,53.3,88.69,26.39,80.26,19,49.6
S105380,30.93,76.74,51.28,66.12,87.85,62,39.4
S105381,40.23,63.02,66.0,55.44,64.23,89,41.62
S105382,40.37,63.32,49.4,69.05,87.53,69,53.55
S105383,29.57,61.51,96.45,37.8,63.09,199,66.03
S105384,39.89,92.04,66.57,52.99,100.0,10,62.43
S105385,27.45,70.68,43.46,56.35,78.43,3,32.26
S105386,38.85,72.97,58.14,77.56,82.69,76,73.01
S105387,34.79,60.71,87.29,41.01,100.0,109,33.49
S105388,23.92,69.56,49.37,50.17,68.38,133,29.92
S105389,31.53,55.36,59.22,70.12,79.83,19,27.85
S105390,50.0,75.16,83.99,64.21,58.85,17,59.61
S105391,36.62,52.8,70.48,70.81,65.45,146,72.23
S105392,50.0,81.16,45.49,81.01,58.64,33,65.48
S105393,23.45,58.98,68.57,29.73,91.97,86,40.02
S105394,41.01,84.23,62.56,59.45,88.54,13,29.55
S105395,14.73,98.61,65.84,81.48,73.44,129,71.05
S105396,35.0,70.02,80.14,75.15,72.4,259,55.85
S105397,40.05,89.67,68.85,25.47,94.56,56,75.71
S105398,41.7,81.27,63.52,79.56,79.92,59,38.09
S105399,28.61,48.51,62.73,41.39,66.99,22,39.24
S105400,43.31,71.66,82.23,65.74,96.1,12,37.04
S105401,30.73,77.52,53.47,73.1,77.88,23,48.31
S105402,33.69,78.97,30.31,56.95,90.16,78,61.55
S105403,31.53,72.67,61.4,33.46,81.08,46,29.81
S105404,25.91,72.48,71.05,61.77,100.0,52,25.57
S105405,47.56,70.08,58.34,64.17,76.9,51,55.62
S105406,35.38,72.0,56.59,45.55,49.87,126,37.72
S105407,43.7,51.64,59.17,55.68,76.58,142,79.7
S105408,43.36,66.46,64.61,32.85,84.0,1,49.25
S105409,27.26,48.21,44.23,34.6,86.9,200,62.51
S105410,44.73,62.54,75.58,48.66,92.13,39,50.47
S105411,39.03,61.14,22.4,49.9,71.29,22,43.06
S105412,26.67,60.18,73.64,29.75,100.0,442,37.62
S105413,38.59,54.22,70.01,56.45,94.47,10,66.99
S105414,26.82,74.04,72.95,49.02,81.96,31,59.67
S105415,47.85,65.23,34.15,27.99,69.59,190,46.59
S105416,41.51,63.69,69.69,26.17,100.0,52,65.64
S105417,34.43,48.89,56.32,53.74,90.94,208,30.38
S105418,45.12,65.53,90.64,49.2,72.62,22,55.17
S105419,22.34,87.18,70.79,41.64,100.0,42,30.77
S105420,29.01,87.41,46.17,34.51,83.3,4,46.61
S105421,32.98,75.6,37.95,71.83,100.0,48,31.44
S105422,50.0,65.57,55.16,84.29,67.35,0,54.78
S105423,26.44,78.38,77.98,25.9,76.99,30,28.65
S105424,21.34,59.99,83.44,61.41,100.0,100,61.45
S105425,23.44,65.51,67.9,40.19,69.97,103,49.05
S105426,42.25,58.86,66.28,77.03,76.2,45,69.5
S105427,30.25,83.63,59.69,23.29,38.93,1,33.81
S105428,33.73,81.7,64.66,46.66,86.18,11,49.1
S105429,41.1,69.48,84.45,48.97,97.31,22,27.1
S105430,33.74,95.97,59.45,26.06,66.18,1,45.06
S105431,36.63,76.19,75.54,29.45,86.71,20,44.44
S105432,39.28,75.34,56.55,29.8,71.88,59,47.96
S105433,31.55,73.74,81.21,37.83,57.36,11,50.25
S105434,33.67,51.07,74.26,3.12,75.12,161,31.0
S105435,36.94,56.59,80.55,37.77,71.38,5,42.99
S105436,41.95,69.18,95.11,68.71,81.91,120,66.04
S105437,28.66,69.3,23.69,79.79,75.41,47,56.79
S105438,10.84,78.85,77.06,53.59,100.0,76,23.14
S105439,40.44,59.98,72.51,49.1,71.63,53,51.78
S105440,42.42,71.06,72.16,36.75,78.06,45,35.3
S105441,36.6,71.33,68.85,37.45,83.59,91,73.59
S105442,37.15,71.92,68.84,39.56,79.24,21,65.22
S105443,30.49,70.25,70.38,45.54,71.97,53,43.39
S105444,39.0,48.94,79.5,78.62,80.77,132,71.32
S105445,41.83,36.08,78.22,60.85,87.87,13,56.01
S105446,35.45,55.87,64.6,53.45,93.48,8,55.14
S105447,50.0,62.03,62.0,54.05,48.23,74,69.85
S105448,22.49,52.32,65.32,53.67,87.6,265,65.51
S105449,36.3,69.16,58.39,48.92,69.88,45,36.74
S105450,25.61,86.35,93.48,35.42,97.37,135,56.71
S105451,42.04,80.89,44.67,89.02,93.99,51,88.62
S105452,22.35,76.99,77.0,59.68,93.88,21,68.74
S105453,24.33,84.78,76.9,57.91,71.24,53,38.93
S105454,29.93,56.13,56.51,29.2,59.11,47,65.73
S105455,37.13,63.15,69.74,33.5,99.07,23,58.99
S105456,30.24,79.22,85.21,51.57,97.53,35,38.78
S105457,30.32,62.88,59.72,20.83,49.95,40,43.12
S105458,33.55,63.7,85.99,71.03,100.0,157,46.99
S105459,33.06,97.94,82.89,45.0,85.32,29,58.99
S105460,46.9,71.43,53.64,46.15,81.98,207,57.24
S105461,40.49,96.45,47.27,29.05,67.66,1,64.24
S105462,32.4,69.83,67.65,74.63,95.22,11,56.86
S105463,50.0,60.54,45.16,55.48,73.1,2,39.39
S105464,38.93,76.13,18.52,39.87,73.03,117,36.14
S105465,27.25,71.41,57.17,63.26,47.96,11,35.67
S105466,37.05,39.17,99.79,74.82,68.84,68,49.73
S105467,39.28,66.56,57.85,51.14,65.12,120,52.64
S105468,29.5,100.0,71.07,30.96,48.85,54,50.75
S105469,26.58,73.7,76.2,44.81,100.0,8,40.42
S105470,35.69,79.07,64.34,41.88,78.13,145,80.29
S105471,32.12,60.34,59.66,47.24,58.61,18,34.84
S105472,46.83,73.65,84.66,29.1,65.54,8,54.44
S105473,40.93,69.82,65.64,48.67,71.29,117,50.22
S105474,29.87,86.78,63.54,63.36,71.06,2,41.94
S105475,38.41,86.31,77.76,68.92,92.01,77,61.2
S105476,45.14,76.11,48.53,63.71,75.96,44,53.24
S105477,23.85,71.06,44.79,59.78,81.48,46,52.05
S105478,26.82,44.81,39.0,59.67,76.03,131,35.32
S105479,34.91,44.29,74.09,41.56,97.44,4,51.64
S105480,35.28,71.23,62.38,40.11,100.0,108,72.12
S105481,34.58,83.12,78.22,58.25,77.99,98,69.76
S105482,32.51,89.98,65.81,49.9,65.81,176,51.49
S105483,32.39,56.65,43.06,29.41,78.36,69,31.59
S105484,38.07,47.36,59.31,66.82,33.35,14,25.23
S105485,44.07,83.99,79.35,30.82,84.7,4,48.67
S105486,31.15,57.78,60.81,41.84,59.62,47,37.81
S105487,50.0,46.34,83.99,25.47,76.68,102,74.27
S105488,50.0,62.59,57.74,64.69,87.07,3,52.17
S105489,45.63,62.33,76.51,27.97,71.45,56,56.42
S105490,39.98,89.8,36.48,52.6,73.42,118,50.12
S105491,50.0,82.98,61.38,58.32,83.87,21,63.3
S105492,32.68,58.94,58.81,71.57,71.63,38,57.07
S105493,28.34,90.97,42.63,54.17,93.87,110,59.56
S105494,30.79,71.88,82.79,46.67,91.59,45,51.82
S105495,26.98,85.91,54.76,12.85,88.51,118,31.23
S105496,35.97,89.91,53.11,59.29,70.55,25,55.99
S105497,37.4,66.06,85.82,51.71,88.6,254,52.29
S105498,36.61,78.57,67.58,33.39,68.86,8,35.64
S105499,34.9,63.9,77.48,64.79,78.69,111,83.4
S105500,36.07,83.95,37.76,42.62,40.46,6,36.24
S105501,48.89,71.35,52.22,59.87,97.36,149,70.4
S105502,39.96,84.4,98.38,66.58,100.0,12,60.14
S105503,42.38,92.87,78.66,18.49,83.37,71,50.75
S105504,36.53,78.21,47.83,45.91,56.28,32,46.87
S105505,22.08,68.6,68.6,26.46,76.73,74,39.76
S105506,20.49,68.85,49.07,40.38,81.07,4,17.13
S105507,50.0,25.64,87.3,23.16,80.24,171,40.33
S105508,30.75,59.31,28.68,24.52,100.0,100,22.36
S105509,30.07,69.83,69.4,38.82,76.33,34,47.0
S105510,36.97,84.55,69.16,40.75,71.34,51,62.67
S105511,39.4,58.98,47.2,40.29,82.44,79,49.62
S105512,40.41,72.47,60.63,46.75,77.86,77,68.36
S105513,49.2,67.16,71.01,37.24,68.76,82,64.8
S105514,47.01,80.34,36.55,29.71,53.57,13,63.45
S105515,28.51,100.0,44.53,65.9,90.99,126,63.58
S105516,42.75,69.83,62.52,35.29,67.04,49,68.05
S105517,31.93,59.95,51.67,53.7,64.9,129,62.71
S105518,33.9,68.82,57.59,26.19,67.83,211,39.93
S105519,26.25,91.03,64.68,66.65,58.07,9,25.82
S105520,21.46,48.87,50.43,68.19,89.84,35,28.0
S105521,34.75,60.77,64.57,26.9,87.84,61,52.58
S105522,27.35,80.65,69.77,59.35,82.85,12,63.19
S105523,42.42,89.41,77.46,46.19,90.65,24,49.52
S105524,32.75,79.13,45.07,2.01,86.47,4,38.43
S105525,37.47,60.9,54.95,43.24,88.82,91,42.74
S105526,45.94,78.05,74.42,28.54,100.0,55,60.34
S105527,23.12,76.21,41.29,48.38,94.73,3,37.65
S105528,29.2,75.26,66.7,69.45,82.64,29,40.46
S105529,36.45,68.54,65.45,52.72,65.99,42,66.97
S105530,37.5,70.79,23.61,47.18,56.06,34,54.28
S105531,43.83,56.39,57.09,39.44,53.61,1,36.62
S105532,41.94,100.0,70.29,44.69,94.2,27,92.77
S105533,35.78,72.35,61.61,30.77,71.63,7,41.74
S105534,37.43,78.23,57.41,40.24,81.19,0,27.75
S105535,37.65,66.73,67.5,38.4,65.7,35,70.46
S105536,23.24,82.68,80.82,40.12,100.0,39,41.6
S105537,33.75,50.52,73.6,45.03,53.06,197,47.81
S105538,36.99,43.82,52.91,46.15,82.08,11,20.13
S105539,38.67,69.54,41.66,38.93,74.62,96,43.84
S105540,27.61,100.0,73.31,44.36,80.28,24,71.17
S105541,24.85,88.12,46.16,52.75,75.19,55,57.44
S105542,33.12,57.87,56.55,35.18,66.63,45,71.49
S105543,50.0,77.74,68.22,58.58,63.23,53,56.51
S105544,28.45,60.46,83.34,44.7,100.0,56,52.41
S105545,44.39,76.4,85.57,41.74,75.53,1,25.75
S105546,47.68,77.57,65.97,37.23,85.13,32,73.44
S105547,35.36,83.9,56.85,68.01,56.09,33,48.82
S105548,29.56,46.52,45.79,74.52,48.25,8,38.06
S105549,39.1,51.02,96.34,63.69,69.85,1,78.8
S105550,36.56,68.87,60.36,39.92,93.1,102,27.51
S105551,28.13,54.51,75.85,50.78,80.42,171,43.82
S105552,29.73,53.35,68.15,41.42,71.9,30,40.83
S105553,38.63,74.08,57.07,62.56,86.45,85,64.02
S105554,42.47,56.26,56.39,43.43,71.74,426,65.6
S105555,32.42,100.0,42.87,30.62,100.0,14,27.15
S105556,34.45,62.0,82.96,55.7,100.0,26,70.18
S105557,40.35,65.95,63.07,44.22,71.34,136,54.23
S105558,33.62,74.46,87.87,44.24,68.35,0,42.15
S105559,32.61,47.38,57.82,39.69,78.9,72,51.57
S105560,28.96,77.63,60.23,31.58,86.4,52,44.18
S105561,28.82,75.12,46.87,50.61,75.89,102,54.34
S105562,50.0,64.76,60.02,87.62,95.69,60,64.37
S105563,33.43,74.11,45.16,28.41,83.98,58,57.09
S105564,45.92,76.42,71.44,70.08,96.32,99,48.36
S105565,48.47,91.53,66.72,67.47,63.17,64,67.86
S105566,33.53,100.0,88.6,31.8,71.11,342,50.82
S105567,37.95,54.08,41.68,51.62,88.0,96,57.3
S105568,35.82,50.54,84.46,34.67,80.79,132,51.42
S105569,22.1,71.54,49.34,25.91,77.19,44,15.78
S105570,22.58,38.82,70.51,33.04,72.21,254,47.78
S105571,35.39,79.74,46.67,60.12,81.3,48,45.22
S105572,31.6,71.7,68.24,43.93,100.0,34,43.81
S105573,50.0,75.51,24.83,64.65,49.86,224,50.36
S105574,33.11,65.45,54.27,31.38,77.72,38,34.66
S105575,50.0,73.83,66.7,39.0,78.37,36,46.84
S105576,31.19,77.08,93.09,32.98,63.69,65,62.53
S105577,50.0,73.0,30.95,57.06,77.66,151,68.41
S105578,39.05,49.82,64.96,52.71,55.41,32,23.04
S105579,39.51,72.58,56.7,24.07,71.24,142,59.26
S105580,30.91,97.81,34.34,54.86,75.97,14,74.87
S105581,39.62,73.61,47.0,37.27,79.92,15,64.34
S105582,48.54,72.06,57.46,31.98,100.0,48,83.94
S105583,33.84,93.4,72.47,33.08,67.76,24,27.95
S105584,32.28,58.82,66.41,54.2,60.13,53,55.15
S105585,33.03,83.35,44.0,40.43,94.88,1,33.37
S105586,47.96,62.05,35.66,71.83,13.06,26,13.6
S105587,41.84,86.3,71.68,41.08,70.71,236,47.0
S105588,46.58,81.97,61.88,40.67,75.11,169,73.44
S105589,37.51,63.82,90.78,35.2,65.88,2,52.04
S105590,35.31,66.01,59.36,31.19,78.58,131,43.47
S105591,38.39,84.67,83.29,51.55,70.27,47,54.1
S105592,43.56,42.17,73.7,66.61,53.88,136,53.5
S105593,33.02,63.37,78.15,45.32,89.27,26,62.38
S105594,45.95,79.31,71.92,64.25,89.85,64,76.64
S105595,37.93,65.38,72.27,35.99,65.19,342,32.7
S105596,15.75,72.02,28.33,62.1,71.88,32,25.27
S105597,42.07,39.38,61.21,40.94,100.0,173,34.16
S105598,24.82,57.18,54.38,53.98,86.73,168,56.06
S105599,41.87,80.19,85.33,70.44,80.0,13,70.48
S105600,42.21,58.73,48.97,42.53,100.0,22,54.61
S105601,37.64,50.46,60.52,47.58,55.68,11,46.61
S105602,39.35,85.92,77.81,10.31,49.51,27,31.33
S105603,43.79,77.74,69.82,23.39,82.5,59,74.45
S105604,31.03,53.67,67.68,54.53,92.6,211,52.8
S105605,41.35,72.08,82.75,60.52,54.34,40,55.61
S105606,44.3,54.16,69.16,46.56,60.51,353,54.94
S105607,49.08,67.71,56.28,44.78,91.9,41,45.44
S105608,26.15,72.64,44.26,43.97,62.72,71,54.39
S105609,38.27,57.87,72.79,24.71,76.16,268,39.96
S105610,27.31,81.13,52.68,41.2,83.15,74,59.09
S105611,26.97,83.46,61.14,61.71,94.32,39,72.03
S105612,37.87,73.95,82.25,63.59,75.4,60,77.43
S105613,35.62,76.21,61.46,46.52,87.39,63,42.09
S105614,44.16,48.21,57.89,59.25,61.41,9,27.53
S105615,32.23,90.43,60.53,51.41,88.83,41,34.06
S105616,33.93,68.63,60.96,39.62,66.37,60,53.0
S105617,36.69,55.97,49.14,63.83,59.29,121,55.88
S105618,28.11,72.19,91.84,61.76,100.0,0,64.11
S105619,29.22,81.18,56.21,29.69,100.0,135,53.09
S105620,43.93,77.69,77.55,85.21,82.22,25,80.03
S105621,30.61,53.73,48.7,55.79,100.0,101,43.98
S105622,44.46,81.36,73.79,52.3,75.11,118,39.76
S105623,39.86,69.09,67.71,52.52,77.96,157,53.44
S105624,22.62,77.52,65.4,49.91,77.35,243,62.35
S105625,39.24,69.83,67.8,65.67,66.3,184,58.54
S105626,39.18,85.69,71.66,54.64,44.84,80,50.45
S105627,38.38,72.74,61.37,65.54,75.36,103,66.55
S105628,33.86,87.83,62.17,39.07,99.54,97,54.21
S105629,27.48,46.98,74.24,24.22,84.14,56,55.57
S105630,45.77,48.98,46.73,27.26,92.22,117,19.91
S105631,34.19,66.4,44.26,47.97,85.9,48,42.8
S105632,27.93,92.01,67.86,33.71,67.3,137,59.84
S105633,38.66,99.44,32.84,26.35,83.72,109,44.95
S105634,29.06,56.67,38.07,29.43,75.02,54,35.66
S105635,27.41,70.8,93.88,69.7,64.06,58,62.07
S105636,32.0,72.33,89.79,60.71,93.79,82,67.47
S105637,29.68,80.77,55.87,68.86,60.42,32,41.86
S105638,27.7,83.27,80.99,36.08,70.11,65,42.92
S105639,41.45,53.28,81.54,25.0,100.0,184,56.44
S105640,34.09,70.97,72.54,54.57,90.52,30,72.38
S105641,45.02,39.87,63.74,31.71,83.68,94,44.64
S105642,28.16,82.16,75.02,53.67,47.4,3,17.28
S105643,21.18,64.92,77.77,39.33,78.23,11,69.82
S105644,36.19,51.92,75.27,30.73,62.53,173,56.02
S105645,49.85,74.99,40.21,22.34,78.83,187,32.82
S105646,39.25,64.45,97.53,50.55,77.14,67,59.56
S105647,50.0,88.92,100.0,48.73,67.15,73,83.45
S105648,37.66,56.61,34.45,26.34,97.59,42,53.01
S105649,36.88,100.0,73.18,24.34,94.32,73,51.35
S105650,17.76,82.82,97.73,53.84,63.11,167,67.48
S105651,38.42,89.32,81.04,57.68,100.0,13,48.15
S105652,36.35,54.57,81.21,29.91,62.76,56,34.61
S105653,31.74,96.83,41.98,53.18,100.0,167,62.52
S105654,33.91,51.81,77.66,44.51,76.84,6,50.35
S105655,34.46,66.85,68.83,54.32,73.99,18,31.73
S105656,33.56,89.57,77.48,34.29,100.0,58,79.62
S105657,50.0,77.6,48.43,42.74,77.54,77,58.28
S105658,32.03,51.41,47.86,40.08,96.46,98,56.28
S105659,36.35,87.03,62.72,52.34,60.48,16,42.77
S105660,31.77,75.1,58.93,39.02,80.43,73,51.33
S105661,41.27,63.76,62.48,19.57,87.12,34,45.14
S105662,36.41,46.87,57.33,69.38,97.95,30,58.63
S105663,32.76,76.52,61.78,61.53,90.69,5,21.15
S105664,19.59,67.55,54.34,52.02,80.67,11,46.63
S105665,36.95,72.34,64.23,28.34,87.1,56,39.4
S105666,32.52,46.22,42.22,37.83,69.08,49,55.08
S105667,34.51,63.72,73.23,27.73,89.06,111,54.93
S105668,25.54,77.2,69.17,77.85,87.17,136,63.77
S105669,46.47,98.15,44.81,53.92,68.34,126,71.31
S105670,41.85,66.92,86.22,48.68,81.85,318,60.94
S105671,46.45,91.65,51.77,35.1,91.57,24,47.03
S105672,44.18,81.81,84.02,22.01,100.0,6,41.09
S105673,39.74,73.51,70.27,42.29,97.78,59,75.15
S105674,25.86,54.81,81.01,55.88,83.38,264,24.86
S105675,49.75,55.44,67.82,67.78,84.27,18,65.03
S105676,27.58,79.26,74.07,13.02,77.82,56,54.67
S105677,32.85,62.1,80.83,62.55,81.67,42,73.63
S105678,40.66,60.77,95.52,43.72,91.64,78,49.82
S105679,41.05,67.29,82.19,38.41,91.27,46,60.57
S105680,39.58,67.54,72.17,32.07,78.72,56,39.52
S105681,31.8,83.51,43.42,68.92,63.51,121,47.74
S105682,30.14,62.42,26.35,48.65,76.79,119,43.02
S105683,50.0,82.02,62.91,47.01,67.46,37,59.96
S105684,34.69,76.6,53.57,36.64,61.77,56,52.74
S105685,33.71,44.89,54.16,67.07,89.13,59,33.83
S105686,29.29,74.42,63.68,46.0,85.18,156,70.22
S105687,36.96,29.98,75.6,74.66,66.22,122,48.65
S105688,36.58,56.57,55.07,83.12,75.13,89,52.77
S105689,34.87,76.95,79.32,40.68,84.6,22,29.49
S105690,38.05,69.84,65.54,62.8,83.86,68,63.65
S105691,49.11,43.48,65.6,51.47,86.59,179,41.63
S105692,30.24,53.21,95.0,19.03,68.57,78,29.41
S105693,35.34,69.83,67.85,54.35,85.37,143,48.28
S105694,29.82,49.86,64.13,47.2,79.29,61,61.44
S105695,37.36,78.69,73.38,57.27,91.58,148,63.66
S105696,30.45,61.64,93.75,65.19,96.12,70,51.11
S105697,30.8,72.55,64.25,42.89,100.0,152,32.86
S105698,23.32,70.2,72.04,41.95,99.64,51,38.71
S105699,35.78,70.49,63.27,37.08,81.89,88,61.63
S105700,38.44,85.35,63.35,41.77,79.43,5,43.08
S105701,49.88,66.96,57.16,19.58,65.96,46,51.28
S105702,38.76,83.66,56.04,50.75,66.33,12,28.97
S105703,31.4,32.84,92.14,57.89,84.07,21,34.96
S105704,24.12,86.67,56.14,10.91,84.54,62,48.32
S105705,25.23,50.65,40.35,60.21,100.0,62,40.56
S105706,24.63,53.91,67.01,50.81,69.08,129,65.82
S105707,50.0,59.43,81.29,54.57,67.53,52,62.36
S105708,37.3,86.26,84.88,52.8,83.75,231,55.9
S105709,30.34,56.66,45.89,52.69,72.44,33,50.07
S105710,27.32,60.16,82.8,76.74,85.84,49,51.8
S105711,28.15,55.57,97.94,37.97,72.89,118,52.32
S105712,30.13,73.83,54.05,54.62,75.72,86,57.96
S105713,45.53,81.15,62.21,34.68,86.44,15,52.23
S105714,34.76,95.56,45.3,16.73,71.5,59,32.34
S105715,23.42,100.0,94.66,20.95,74.59,6,36.2
S105716,50.0,79.75,41.12,63.75,87.93,13,55.78
S105717,25.88,75.48,58.6,32.6,80.7,9,43.31
S105718,30.27,51.74,77.56,46.85,70.4,8,50.07
S105719,45.48,98.64,54.06,62.64,72.77,13,35.25
S105720,38.32,73.23,49.17,41.21,95.64,177,44.47
S105721,31.24,65.66,64.16,42.26,84.65,93,61.78
S105722,25.15,69.83,100.0,59.46,74.58,90,37.67
S105723,27.27,60.45,60.9,43.42,92.99,181,34.92
S105724,27.75,34.93,61.69,39.28,86.54,96,32.56
S105725,35.06,78.58,47.15,64.04,100.0,75,25.55
S105726,36.53,90.14,71.16,35.99,93.29,109,27.63
S105727,33.81,78.35,79.14,56.35,97.5,96,51.18
S105728,34.69,69.89,55.3,57.57,74.9,73,31.98
S105729,26.59,70.2,73.57,50.1,66.67,9,69.64
S105730,37.35,72.58,55.42,29.86,91.58,6,50.02
S105731,45.24,72.12,34.7,75.55,91.72,14,53.8
S105732,33.7,69.09,72.32,28.18,78.43,78,51.79
S105733,33.54,70.38,98.19,18.79,64.35,59,47.13
S105734,35.66,93.33,45.87,67.22,84.6,63,55.57
S105735,43.95,69.83,67.87,42.22,85.83,39,53.52
S105736,27.84,71.58,85.96,33.86,59.63,138,45.53
S105737,46.61,79.89,63.37,53.27,85.61,108,90.71
S105738,38.37,79.89,42.17,43.94,97.26,4,51.09
S105739,35.23,84.19,65.72,46.19,60.29,18,54.66
S105740,44.71,58.65,88.85,50.5,87.94,63,60.18
S105741,25.54,62.79,56.9,42.86,99.66,17,41.89
S105742,39.18,57.8,68.72,17.21,100.0,12,54.97
S105743,38.44,81.5,48.14,37.37,51.88,1,33.02
S105744,27.52,80.77,63.41,43.05,96.31,326,26.87
S105745,38.69,50.9,71.19,20.21,75.3,21,46.63
S105746,37.27,75.86,67.01,54.14,73.56,44,46.97
S105747,33.57,90.58,58.1,59.5,100.0,56,63.62
S105748,41.9,66.47,72.09,67.66,83.3,23,47.16
S105749,30.43,74.71,75.71,69.67,74.26,135,49.8
S105750,37.16,80.96,76.77,66.81,91.99,72,45.08
S105751,33.95,69.83,60.31,69.84,100.0,92,38.79
S105752,30.08,72.28,55.06,41.94,82.6,13,65.67
S105753,39.02,89.08,96.41,56.87,71.99,103,59.19
S105754,33.34,61.1,67.2,74.19,81.37,4,49.53
S105755,23.22,82.49,60.88,44.61,96.36,31,28.76
S105756,20.59,70.41,41.37,29.04,75.34,45,30.78
S105757,41.31,59.88,50.08,39.21,96.38,8,59.51
S105758,25.24,68.55,54.72,36.31,77.89,66,35.84
S105759,37.24,62.11,72.03,56.5,52.18,33,68.22
S105760,35.44,56.68,59.3,35.74,100.0,12,39.83
S105761,32.05,66.18,65.24,48.29,85.03,27,57.9
S105762,50.0,71.03,42.07,54.08,95.81,69,57.0
S105763,36.44,67.51,87.47,27.41,84.53,20,42.7
S105764,41.05,66.02,53.2,11.88,80.56,51,35.12
S105765,37.28,73.39,68.76,22.2,91.05,94,61.86
S105766,33.15,77.97,56.51,59.32,77.69,76,66.17
S105767,34.85,52.84,59.91,50.26,100.0,116,68.46
S105768,46.67,66.21,52.3,48.49,79.54,94,43.51
S105769,43.7,40.4,69.74,29.04,100.0,53,49.72
S105770,50.0,67.57,49.31,52.48,89.07,59,73.76
S105771,36.77,72.26,70.03,71.86,44.28,25,36.58
S105772,27.98,78.55,63.1,49.67,65.15,215,62.43
S105773,31.48,72.31,75.08,51.26,92.74,186,53.25
S105774,25.5,78.22,76.66,37.76,66.22,136,68.85
S105775,41.14,70.98,59.92,80.97,59.65,13,23.46
S105776,30.31,59.87,70.86,52.76,99.26,118,53.61
S105777,10.56,53.26,57.83,44.67,56.18,210,46.7
S105778,50.0,66.05,86.06,64.71,91.67,192,59.77
S105779,30.44,58.51,59.26,29.73,74.55,188,42.16
S105780,30.39,68.2,61.77,37.29,90.53,90,55.02
S105781,48.37,62.62,57.5,39.26,84.0,23,56.16
S105782,25.33,76.29,53.27,31.85,48.9,70,44.04
S105783,44.09,70.73,97.54,32.98,75.28,27,65.33
S105784,30.3,76.71,72.78,50.0,76.34,129,62.01
S105785,24.41,76.64,66.09,57.1,86.14,15,56.85
S105786,48.65,67.3,57.38,57.44,84.78,20,28.98
S105787,42.38,68.22,82.81,52.31,76.32,25,59.75
S105788,42.36,77.52,56.27,36.58,62.99,72,30.47
S105789,37.94,100.0,66.93,21.96,87.22,71,51.07
S105790,39.79,55.16,100.0,43.76,93.07,64,32.54
S105791,25.14,70.63,49.68,27.75,84.96,13,24.31
S105792,35.89,52.06,73.63,22.83,76.71,50,49.19
S105793,27.57,69.69,69.62,66.16,74.44,211,59.8
S105794,23.89,59.89,73.45,53.74,66.23,223,30.51
S105795,38.29,68.2,60.44,45.42,83.73,52,55.32
S105796,44.27,72.33,55.52,40.7,82.88,24,78.36
S105797,31.93,62.66,68.62,54.55,92.54,393,56.66
S105798,33.3,43.24,57.7,7.23,70.66,20,39.6
S105799,25.89,91.38,27.69,48.39,81.79,147,32.17
S105800,35.06,82.59,51.81,86.49,60.26,28,70.9
S105801,41.08,68.04,59.93,55.47,74.91,193,53.78
S105802,41.33,56.58,47.75,53.92,71.57,10,37.33
S105803,39.36,71.28,67.42,44.98,95.86,30,82.68
S105804,30.05,75.41,52.88,29.95,100.0,82,52.18
S105805,29.8,81.55,64.3,29.57,62.35,8,54.87
S105806,41.36,82.93,99.69,54.48,93.62,40,39.99
S105807,41.5,85.76,84.63,34.84,90.21,40,41.88
S105808,33.62,43.89,74.46,74.04,71.76,57,80.92
S105809,31.59,65.43,93.95,55.08,68.72,0,48.53
S105810,44.34,84.9,63.84,33.92,68.53,84,56.08
S105811,32.12,56.15,64.0,43.36,74.34,42,53.41
S105812,40.97,88.29,48.11,41.35,74.62,22,59.83
S105813,33.91,97.16,85.45,10.63,77.71,18,46.73
S105814,26.62,87.87,96.31,49.79,72.35,119,29.93
S105815,47.9,79.92,79.52,18.18,92.09,27,65.5
S105816,35.96,63.29,87.77,48.34,87.63,90,54.87
S105817,29.31,74.22,21.2,72.9,77.4,1,18.8
S105818,23.87,49.81,100.0,55.73,71.91,281,24.83
S105819,24.68,58.28,63.33,40.27,71.51,7,40.89
S105820,32.02,59.34,100.0,68.4,86.58,41,54.0
S105821,50.0,70.93,92.71,47.71,80.84,88,54.91
S105822,30.32,64.12,77.36,51.41,82.98,78,41.89
S105823,46.58,73.92,59.51,6.86,92.88,178,58.39
S105824,33.95,83.17,67.53,50.45,79.19,280,48.28
S105825,25.55,59.35,34.44,60.87,100.0,102,25.0
S105826,31.21,72.23,79.89,38.72,49.96,81,52.16
S105827,24.75,63.76,24.12,27.16,60.27,8,29.12
S105828,28.15,72.85,60.22,41.45,100.0,46,44.38
S105829,27.91,80.29,89.69,55.14,74.03,17,71.84
S105830,19.77,83.82,76.53,44.79,84.44,38,51.19
S105831,47.1,80.05,40.52,52.62,98.8,12,43.02
S105832,36.69,76.21,43.56,33.61,85.15,123,34.28
S105833,29.51,48.7,55.44,52.74,93.7,58,58.09
S105834,36.77,53.78,66.25,65.21,89.23,9,42.14
S105835,28.32,57.64,79.02,53.04,94.74,59,52.67
S105836,13.63,75.38,74.67,27.24,87.4,32,29.34
S105837,50.0,50.63,48.06,53.26,90.97,56,76.35
S105838,36.52,75.06,74.9,33.12,71.3,24,36.07
S105839,30.29,73.97,76.61,43.31,87.85,113,41.54
S105840,19.53,40.96,72.82,44.78,79.39,1,36.94
S105841,23.05,53.69,100.0,45.27,78.69,12,30.29
S105842,48.24,85.66,76.62,57.35,54.81,68,46.72
S105843,47.02,80.46,80.49,51.21,73.68,84,47.05
S105844,41.03,57.24,95.01,46.65,77.98,3,61.29
S105845,26.08,54.48,78.6,53.63,100.0,88,55.54
S105846,47.08,33.24,56.18,35.39,75.81,18,58.86
S105847,38.6,92.07,84.88,52.26,84.24,13,54.99
S105848,40.24,70.62,58.58,33.49,100.0,2,38.74
S105849,38.57,98.26,49.28,77.85,61.43,54,57.42
S105850,22.94,69.83,50.65,57.93,74.26,112,58.3
S105851,25.41,74.24,84.7,20.16,93.19,72,54.88
S105852,30.92,83.37,74.92,42.18,100.0,161,55.31
S105853,40.15,94.58,81.97,48.74,50.22,61,57.01
S105854,23.96,77.52,75.0,47.58,78.24,1,26.2
S105855,33.6,70.04,68.02,54.95,89.42,154,46.18
S105856,33.59,70.42,70.09,41.78,92.62,201,28.73
S105857,41.34,54.31,74.46,37.59,100.0,165,36.52
S105858,40.4,64.27,55.36,59.96,70.32,17,55.23
S105859,26.92,70.77,44.36,40.29,76.47,373,22.53
S105860,46.57,90.73,57.24,42.74,55.58,260,82.96
S105861,25.69,63.55,73.71,60.62,81.92,155,90.72
S105862,43.74,85.94,54.63,37.5,87.67,70,43.68
S105863,30.6,68.77,99.07,68.54,100.0,18,48.44
S105864,36.31,88.65,72.06,62.38,100.0,17,46.27
S105865,36.81,80.15,66.91,27.22,100.0,56,29.32
S105866,36.58,79.14,55.3,35.93,69.57,56,54.95
S105867,40.4,84.68,79.65,33.45,86.39,39,42.59
S105868,38.13,82.5,45.61,38.8,85.84,54,28.18
S105869,41.27,85.96,70.05,40.37,87.01,43,46.04
S105870,38.72,100.0,58.03,44.55,79.36,107,65.85
S105871,24.88,94.25,66.93,47.72,96.96,8,42.61
S105872,37.16,77.0,72.78,50.72,74.66,102,57.69
S105873,30.49,63.37,46.67,40.56,84.94,123,34.37
S105874,26.13,75.5,38.27,75.7,100.0,100,54.9
S105875,32.68,41.11,50.09,54.63,100.0,90,29.75
S105876,36.47,82.43,79.07,47.71,67.57,40,35.49
S105877,37.0,54.1,70.97,34.17,88.26,53,64.2
S105878,43.45,86.84,58.55,30.89,86.82,19,34.41
S105879,45.46,99.7,96.49,62.34,98.3,94,77.38
S105880,37.69,48.24,85.56,76.39,100.0,19,37.77
S105881,39.14,69.25,81.7,54.39,75.0,65,59.0
S105882,35.76,54.03,53.41,57.91,78.87,110,41.3
S105883,41.14,44.08,81.52,56.89,81.1,16,13.95
S105884,38.9,68.41,70.45,39.82,87.18,25,22.81
S105885,34.56,79.53,53.44,71.11,92.4,46,84.37
S105886,50.0,81.32,63.33,38.93,74.37,83,54.67
S105887,30.63,72.31,48.39,59.77,100.0,31,49.47
S105888,46.64,45.04,53.58,27.47,52.56,16,35.25
S105889,24.17,71.85,46.69,70.05,62.09,14,26.24
S105890,41.51,47.61,80.3,43.36,89.12,24,52.28
S105891,46.49,48.6,63.87,63.93,77.54,41,66.8
S105892,19.74,55.05,49.93,50.43,71.51,8,17.75
S105893,36.11,85.75,73.28,56.64,94.39,243,58.61
S105894,40.72,78.18,65.02,62.32,92.19,500,63.81
S105895,37.02,74.84,81.81,68.85,98.74,164,78.64
S105896,38.03,57.06,67.13,55.22,64.47,141,29.87
S105897,36.09,64.18,42.0,66.22,92.19,45,48.58
S105898,26.25,49.45,57.05,70.75,92.03,33,51.3
S105899,50.0,90.46,46.48,53.83,64.89,45,55.63
S105900,30.97,100.0,74.01,29.6,80.59,2,43.08
S105901,38.47,78.35,82.35,33.33,94.53,14,23.7
S105902,29.83,80.98,40.3,36.31,100.0,63,27.65
S105903,16.79,67.62,63.01,62.65,77.8,210,56.38
S105904,27.6,45.71,83.44,47.61,63.52,210,39.96
S105905,23.42,57.34,40.05,80.43,100.0,100,59.7
S105906,43.73,63.02,58.04,20.02,80.6,53,50.93
S105907,30.15,64.22,65.0,27.12,51.67,25,6.21
S105908,30.89,60.77,82.08,50.72,76.41,43,85.61
S105909,26.49,70.72,73.72,19.97,96.99,336,32.74
S105910,35.75,57.25,76.98,34.16,61.71,156,60.88
S105911,29.27,100.0,74.64,37.24,81.76,53,30.92
S105912,42.94,49.52,59.03,54.33,75.09,154,61.7
S105913,37.42,83.31,91.29,25.91,79.44,110,55.39
S105914,30.43,66.07,54.27,24.63,73.46,41,31.56
S105915,41.8,76.94,20.55,32.36,87.55,55,38.14
S105916,35.06,77.62,36.19,44.3,76.66,50,79.85
S105917,35.17,72.36,63.13,52.24,89.85,56,16.44
S105918,23.3,53.0,59.7,36.56,74.49,31,49.5
S105919,34.43,65.02,56.42,32.27,96.78,3,27.35
S105920,37.57,72.54,67.4,16.84,80.19,173,50.35
S105921,45.67,71.6,84.21,23.29,61.89,71,65.15
S105922,28.98,54.65,72.26,25.16,67.16,41,53.12
S105923,50.0,89.37,75.38,48.48,62.63,8,52.68
S105924,39.45,32.6,47.72,44.0,63.48,3,27.3
S105925,22.84,66.25,56.69,54.55,60.3,24,28.44
S105926,28.24,56.18,76.21,56.72,63.71,40,48.09
S105927,46.37,72.73,66.73,32.94,79.92,73,63.55
S105928,44.95,85.25,72.63,59.57,91.08,35,76.22
S105929,35.14,48.9,74.82,44.99,59.71,53,53.17
S105930,36.2,100.0,67.66,69.15,67.93,91,40.8
S105931,25.68,73.03,90.31,38.38,92.05,4,25.83
S105932,45.57,75.73,56.5,63.85,77.63,60,67.21
S105933,27.1,48.4,51.89,61.6,54.33,27,38.97
S105934,41.76,69.3,36.76,26.09,80.57,122,71.55
S105935,45.82,84.58,76.98,67.13,85.43,31,61.92
S105936,35.39,73.15,55.88,47.09,84.71,15,69.16
S105937,42.74,72.1,85.26,64.47,100.0,125,58.58
S105938,49.78,69.22,68.97,31.07,68.7,117,65.34
S105939,37.14,49.33,59.58,56.13,96.5,50,71.2
S105940,33.6,49.24,48.13,48.18,79.63,16,41.33
S105941,34.47,87.54,78.54,27.41,87.02,51,55.56
S105942,29.06,83.23,64.14,57.24,70.23,47,57.71
S105943,28.88,85.45,69.28,80.09,69.91,13,30.74
S105944,38.54,57.66,74.67,34.42,61.24,36,56.6
S105945,33.69,67.64,69.25,34.77,57.98,135,48.23
S105946,37.62,88.48,51.4,48.16,90.07,56,60.45
S105947,23.08,51.57,73.34,47.84,71.95,11,47.46
S105948,34.26,86.95,78.12,39.58,100.0,173,29.48
S105949,43.24,61.2,70.76,65.26,72.9,109,34.63
S105950,26.05,57.17,75.12,34.76,90.09,63,51.97
S105951,35.13,69.52,76.61,43.47,80.83,25,65.98
S105952,20.16,53.24,58.66,54.12,52.62,8,29.83
S105953,24.56,41.55,58.06,43.91,59.81,107,53.5
S105954,41.46,71.14,100.0,33.33,57.34,79,60.36
S105955,32.53,78.01,86.21,34.33,100.0,137,78.2
S105956,49.58,88.23,64.23,33.65,99.48,93,51.58
S105957,38.46,79.1,75.93,37.72,100.0,13,74.03
S105958,39.24,99.48,50.0,68.94,46.69,48,55.21
S105959,26.39,90.42,55.42,45.39,59.46,30,73.68
S105960,31.92,81.07,45.05,36.76,89.07,160,43.66
S105961,29.14,77.03,69.57,70.43,68.49,26,85.01
S105962,26.48,88.45,69.76,55.36,90.41,55,57.57
S105963,40.31,36.8,82.34,51.01,73.32,64,34.88
S105964,41.92,62.8,61.61,85.71,71.78,79,61.66
S105965,38.19,42.12,82.07,53.04,52.76,81,46.79
S105966,28.38,79.95,75.45,41.56,71.35,56,43.48
S105967,37.65,58.86,100.0,48.51,85.56,35,64.17
S105968,19.7,100.0,91.67,60.55,65.18,56,60.16
S105969,45.58,62.23,88.87,31.02,81.03,5,54.53
S105970,24.61,71.6,78.37,23.7,64.3,60,57.87
S105971,26.04,63.97,50.69,61.72,68.38,78,43.93
S105972,35.92,62.67,69.68,31.19,69.43,109,55.38
S105973,36.63,51.3,100.0,87.43,86.97,13,42.21
S105974,34.42,50.8,73.11,51.38,92.87,77,68.7
S105975,26.12,37.31,51.85,35.44,100.0,32,14.99
S105976,44.07,78.18,70.38,53.78,91.69,41,78.25
S105977,21.51,63.63,49.17,15.89,85.46,52,39.77
S105978,23.13,99.0,51.3,67.85,100.0,11,62.41
S105979,34.14,51.34,71.61,66.76,84.12,22,77.53
S105980,24.89,92.14,76.83,55.78,89.22,5,34.54
S105981,44.78,93.58,52.23,15.76,94.35,293,52.27
S105982,25.57,89.16,56.05,70.99,82.61,17,71.95
S105983,47.46,73.52,42.18,67.17,78.98,80,38.67
S105984,43.28,64.93,62.93,40.2,77.5,10,66.77
S105985,44.88,89.14,33.86,44.31,71.41,96,61.37
S105986,50.0,58.13,60.21,67.08,72.56,166,87.77
S105987,35.65,74.06,66.27,21.87,95.93,52,32.29
S105988,26.9,69.34,36.91,49.74,63.55,93,51.21
S105989,34.18,56.63,48.88,41.16,82.07,86,64.72
S105990,30.47,74.17,64.04,28.57,79.64,85,53.89
S105991,29.33,81.13,61.85,52.61,58.62,9,38.52
S105992,36.21,56.04,62.59,50.9,92.57,136,19.52
S105993,32.51,76.9,69.61,56.6,59.96,71,49.39
S105994,28.98,36.56,38.25,65.63,68.82,21,62.15
S105995,33.04,54.26,76.34,51.26,78.72,46,44.01
S105996,39.39,63.14,59.9,47.18,100.0,103,48.9
S105997,42.65,75.36,55.46,29.14,87.81,82,34.02
S105998,22.18,83.04,35.16,42.82,84.66,13,55.74
S105999,32.57,71.24,60.72,16.6,100.0,73,40.76
S106000,33.87,78.5,73.19,71.72,76.04,57,41.66
S106001,25.54,67.59,67.27,63.96,100.0,85,64.89
S106002,34.04,76.07,67.73,76.99,87.55,123,69.16
S106003,36.18,75.28,59.58,65.35,82.0,32,60.15
S106004,39.15,62.36,64.03,56.79,53.05,42,49.36
S106005,35.62,64.67,47.28,33.53,94.64,72,64.82
S106006,27.95,79.0,64.92,0.0,88.06,122,46.13
S106007,50.0,97.18,57.14,81.43,76.66,77,64.82
S106008,41.63,88.1,47.0,46.28,72.43,1,67.47
S106009,39.42,53.06,77.08,42.97,100.0,377,35.78
S106010,43.04,53.12,39.8,42.35,68.05,2,34.27
S106011,36.96,61.97,73.39,32.05,85.23,162,46.0
S106012,45.29,71.48,74.39,58.15,80.52,189,55.98
S106013,35.45,70.72,56.56,50.69,90.33,19,53.29
S106014,35.01,88.6,81.49,48.0,51.16,56,57.06
S106015,40.08,89.43,56.23,57.95,90.09,52,36.52
S106016,47.61,70.08,55.22,64.04,100.0,43,67.72
S106017,47.1,66.58,45.79,61.0,51.47,13,38.12
S106018,39.74,77.75,64.86,51.64,65.77,49,65.34
S106019,39.13,85.95,49.66,37.03,88.48,81,71.72
S106020,40.57,78.29,52.33,38.01,77.99,55,41.74
S106021,42.88,63.53,63.95,52.0,90.2,20,59.54
S106022,45.39,60.82,64.62,57.63,91.17,53,96.18
S106023,33.11,53.34,85.09,60.21,83.38,165,50.18
S106024,45.54,72.9,79.9,59.19,100.0,136,36.28
S106025,37.74,79.35,73.82,36.44,91.29,17,44.0
S106026,40.21,81.02,62.66,64.29,60.11,54,71.17
S106027,46.06,87.28,58.54,34.1,90.51,74,47.98
S106028,40.98,92.2,64.57,51.9,79.51,61,51.51
S106029,42.33,49.38,56.1,47.51,88.21,86,38.95
S106030,31.88,76.07,53.79,32.14,97.52,92,6.53
S106031,46.99,76.59,63.74,37.05,100.0,41,63.83
S106032,40.57,68.89,50.95,37.88,81.26,22,50.44
S106033,36.01,57.57,51.93,35.19,92.58,56,17.08
S106034,43.81,91.67,80.28,32.7,63.8,9,19.72
S106035,50.0,61.17,42.93,77.19,73.05,110,46.12
S106036,25.65,37.11,48.36,60.17,71.56,120,39.07
S106037,28.57,70.3,85.37,32.25,95.51,229,30.11
S106038,50.0,66.43,58.73,39.83,100.0,183,64.45
S106039,38.41,97.87,87.02,71.69,100.0,11,85.21
S106040,36.53,77.35,46.32,20.38,92.92,63,38.81
S106041,34.08,65.42,66.18,28.35,96.86,98,61.47
S106042,44.67,67.05,77.35,33.93,54.04,141,77.34
S106043,50.0,66.87,50.5,36.12,53.18,28,32.63
S106044,29.68,100.0,91.79,54.98,66.97,347,47.64
S106045,34.22,80.13,58.75,38.31,61.19,56,37.62
S106046,32.19,48.89,73.15,32.96,87.68,50,53.91
S106047,40.86,66.33,54.15,43.26,100.0,44,72.82
S106048,44.78,69.65,88.87,30.68,80.18,16,34.12
S106049,47.97,53.39,69.85,65.17,70.16,65,44.35
S106050,41.13,43.26,98.56,38.74,84.58,11,50.75
S106051,50.0,78.93,83.87,50.66,69.21,148,56.64
S106052,30.4,57.93,78.39,51.67,71.85,4,47.05
S106053,28.32,88.73,49.72,45.16,77.08,153,54.73
S106054,46.75,69.83,66.34,30.56,85.82,133,48.03
S106055,35.98,62.89,59.93,72.19,55.0,29,76.54
S106056,23.99,33.75,65.42,46.03,49.56,3,39.91
S106057,32.47,88.33,67.36,48.12,67.11,56,69.92
S106058,37.05,74.4,50.59,36.46,87.84,131,76.4
S106059,29.83,63.28,62.5,25.57,61.02,81,34.64
S106060,26.88,56.65,63.46,47.8,100.0,5,44.55
S106061,33.34,93.99,48.84,65.49,92.78,57,66.34
S106062,26.48,54.04,77.81,50.12,90.04,218,57.57
S106063,40.08,64.47,68.56,52.3,92.83,9,73.38
S106064,19.45,78.55,78.01,54.81,86.4,57,45.79
S106065,35.72,91.76,72.8,70.93,87.6,130,64.29
S106066,39.16,66.76,37.58,37.5,98.63,87,40.67
S106067,34.28,69.83,51.67,23.23,95.0,40,52.84
S106068,43.75,68.4,91.45,35.28,84.51,178,53.13
S106069,24.04,83.57,77.56,68.81,100.0,60,52.48
S106070,29.39,86.94,39.05,55.57,81.16,163,55.25
S106071,32.36,49.37,72.52,52.84,73.17,76,40.99
S106072,40.7,71.72,51.69,49.31,57.75,30,43.44
S106073,36.75,48.49,31.46,24.24,69.16,183,47.21
S106074,50.0,83.26,91.52,61.55,98.03,169,100.0
S106075,28.55,76.34,66.21,51.89,79.49,29,46.02
S106076,23.84,56.18,68.47,13.92,87.19,20,27.73
S106077,49.31,93.01,44.89,54.69,81.21,308,47.73
S106078,23.55,75.03,46.55,63.96,61.96,51,24.37
S106079,40.46,73.38,39.53,42.31,75.68,484,63.35
S106080,27.17,67.31,87.67,35.86,67.49,23,62.83
S106081,18.45,69.88,38.71,35.58,73.47,9,29.96
S106082,32.0,64.28,90.87,32.36,66.69,1,54.58
S106083,42.2,58.88,49.21,50.76,87.23,30,66.66
S106084,25.23,88.44,45.35,57.26,92.19,70,46.03
S106085,39.61,62.61,64.11,68.79,80.53,23,56.54
S106086,41.1,62.1,54.05,37.32,50.16,69,43.31
S106087,24.83,68.06,66.56,27.06,59.71,5,14.52
S106088,33.18,91.37,50.97,68.35,89.69,282,63.92
S106089,47.62,86.97,59.98,38.49,68.67,34,45.19
S106090,40.2,64.08,52.87,50.49,68.68,290,58.47
S106091,32.91,88.4,78.78,58.06,81.03,61,48.69
S106092,38.32,71.62,73.2,66.62,68.2,50,48.86
S106093,29.52,57.35,68.96,72.17,48.18,8,33.41
S106094,43.91,62.86,81.86,66.48,66.13,7,68.82
S106095,43.91,90.6,69.21,67.87,73.94,58,74.56
S106096,35.97,100.0,67.86,29.73,71.68,31,36.52
S106097,36.85,74.8,63.08,36.77,90.52,16,57.94
S106098,27.01,61.5,53.54,62.34,81.33,12,51.59
S106099,24.18,68.13,53.58,42.09,80.27,65,18.97
S106100,31.99,58.56,67.35,41.58,97.35,29,15.59
S106101,34.3,60.75,81.29,62.9,56.6,131,50.87
S106102,43.5,59.27,74.13,35.32,100.0,8,54.53
S106103,42.38,68.81,74.03,53.78,100.0,1,44.68
S106104,36.48,71.81,47.3,50.12,78.27,228,40.38
S106105,44.52,67.78,73.37,67.0,74.11,1,86.15
S106106,27.45,66.68,58.61,67.88,100.0,157,74.61
S106107,43.62,81.41,67.81,67.05,76.04,170,47.49
S106108,28.68,66.56,73.83,70.22,85.3,235,59.49
S106109,44.92,67.52,46.5,79.51,84.17,55,43.27
S106110,34.89,67.35,67.52,50.82,87.34,78,80.57
S106111,19.01,93.15,68.78,31.65,63.5,36,39.56
S106112,40.84,62.63,80.98,70.06,86.6,285,59.58
S106113,41.48,78.94,56.73,59.11,66.77,105,51.94
S106114,31.35,69.83,64.02,54.97,71.02,102,44.52
S106115,32.03,75.25,67.72,48.69,93.93,35,34.95
S106116,33.72,78.19,56.73,38.4,72.45,29,57.92
S106117,19.6,86.26,56.44,56.31,70.43,65,23.78
S106118,16.08,64.24,55.82,48.97,83.06,7,63.47
S106119,45.41,53.29,62.96,50.06,100.0,43,52.14
S106120,28.41,58.24,92.95,41.75,100.0,61,55.1
S106121,49.84,84.47,63.53,54.25,97.14,56,45.62
S106122,45.96,100.0,72.8,37.49,96.94,68,35.15
S106123,47.54,82.52,65.51,70.41,79.64,40,47.19
S106124,29.8,51.07,60.08,65.08,100.0,2,66.12
S106125,22.13,82.01,64.61,55.9,82.98,99,45.98
S106126,26.3,55.84,77.31,64.8,79.47,117,52.54
S106127,31.43,64.76,64.14,52.94,85.74,154,68.0
S106128,16.01,72.81,62.43,40.95,83.97,18,52.31
S106129,31.2,75.33,61.24,62.07,60.29,56,39.12
S106130,33.39,70.98,49.1,47.61,69.54,49,67.0
S106131,24.64,60.98,81.64,50.56,85.71,114,39.64
S106132,26.68,85.9,57.85,44.64,68.16,56,61.46
S106133,33.24,62.09,88.51,57.29,89.71,128,38.13
S106134,37.85,88.82,68.92,60.38,80.54,7,46.29
S106135,27.87,69.83,87.49,45.99,94.05,4,35.61
S106136,37.34,73.23,61.8,63.53,78.14,25,60.45
S106137,36.09,51.61,53.27,45.37,87.23,51,41.96
S106138,35.38,57.49,81.69,53.01,52.82,111,66.77
S106139,29.78,62.3,56.02,38.93,55.86,36,57.54
S106140,24.33,92.81,85.57,52.43,67.95,108,45.25
S106141,48.57,89.62,74.26,61.97,84.66,142,66.91
S106142,40.04,83.11,88.43,78.44,68.28,56,36.92
S106143,43.05,70.5,49.38,49.32,90.92,254,61.55
S106144,34.33,72.82,80.3,67.6,85.8,13,55.51
S106145,33.69,89.0,53.12,24.13,73.12,28,53.59
S106146,38.93,80.52,26.66,11.82,83.36,481,50.22
S106147,20.32,70.27,79.33,43.32,73.34,15,46.99
S106148,26.08,92.3,64.9,46.9,84.73,194,30.99
S106149,28.62,82.22,80.4,70.23,72.34,202,60.3
S106150,31.36,73.64,66.47,57.77,85.95,82,83.6
S106151,27.96,63.12,65.34,75.98,100.0,4,44.72
S106152,37.66,61.76,88.96,62.03,61.46,57,49.65
S106153,35.65,64.96,66.89,42.44,69.59,6,42.72
S106154,46.14,76.85,57.39,56.7,70.21,32,69.05
S106155,50.0,82.54,63.59,44.69,84.67,1,53.61
S106156,24.9,48.34,67.52,32.28,92.56,4,27.73
S106157,36.18,40.8,19.49,59.15,53.91,96,31.89
S106158,36.16,55.73,72.86,46.0,77.25,322,49.93
S106159,34.89,63.88,86.74,49.36,80.42,122,31.27
S106160,26.32,87.94,64.22,49.32,93.23,40,45.18
S106161,27.66,65.79,58.27,28.65,66.56,33,46.32
S106162,36.92,73.82,71.2,48.06,90.95,408,47.33
S106163,27.44,69.83,92.9,57.62,84.4,21,31.66
S106164,36.27,54.65,72.51,68.23,100.0,3,84.97
S106165,33.03,91.9,68.43,67.76,100.0,24,51.87
S106166,36.13,60.03,58.75,58.17,91.94,33,65.42
S106167,27.37,93.4,47.89,52.38,76.09,54,57.33
S106168,36.26,68.11,65.37,52.37,87.36,96,46.07
S106169,27.95,64.94,65.67,53.84,88.72,85,44.17
S106170,36.29,53.34,34.09,44.14,87.9,79,44.28
S106171,45.72,72.96,53.37,61.07,86.31,175,77.23
S106172,37.09,100.0,83.54,34.62,88.01,70,59.46
S106173,37.57,76.2,60.87,62.09,95.74,15,36.55
S106174,41.54,74.06,25.71,23.6,100.0,36,37.79
S106175,23.77,60.0,90.62,36.51,52.86,89,29.1
S106176,48.75,78.88,50.74,23.89,99.5,60,57.24
S106177,26.56,72.36,57.48,61.09,82.12,69,38.76
S106178,42.04,69.06,82.0,68.04,68.15,28,81.28
S106179,40.98,77.42,53.13,30.58,59.74,27,46.17
S106180,27.78,42.76,33.48,23.27,84.58,48,41.72
S106181,43.07,68.49,68.48,25.02,80.54,3,39.81
S106182,38.98,69.83,77.75,55.87,63.82,45,20.64
S106183,50.0,70.43,57.49,73.93,79.54,54,82.6
S106184,36.55,59.14,63.03,54.38,95.55,5,54.13
S106185,34.13,60.16,46.12,28.12,100.0,3,38.0
S106186,30.88,50.0,49.07,15.06,81.91,1,23.2
S106187,21.05,86.73,59.85,60.36,81.87,36,71.35
S106188,32.45,59.83,75.38,77.1,89.34,55,68.11
S106189,32.79,60.64,66.56,81.36,97.48,15,86.55
S106190,37.1,92.96,81.32,52.25,82.75,181,86.71
S106191,23.62,78.52,91.46,7.15,85.25,70,36.41
S106192,33.09,39.48,79.19,64.92,74.01,73,50.73
S106193,39.61,90.78,39.56,44.28,77.63,5,35.05
S106194,40.4,94.72,60.46,67.21,70.46,7,40.38
S106195,20.12,93.32,79.03,54.58,64.48,56,54.01
S106196,40.65,80.02,63.09,54.62,61.93,115,45.19
S106197,33.03,53.47,39.09,51.52,67.07,146,45.35
S106198,33.52,69.26,56.17,52.52,66.04,62,35.63
S106199,16.08,48.27,28.64,52.41,84.48,71,37.28
S106200,46.95,57.01,60.56,41.52,86.72,76,59.62
S106201,36.41,53.34,54.04,60.83,73.69,30,46.55
S106202,22.75,60.59,59.23,62.89,67.41,296,65.34
S106203,38.0,72.46,83.9,63.5,100.0,298,100.0
S106204,37.76,63.33,43.7,27.92,73.38,78,3.79
S106205,44.78,62.68,53.51,59.21,71.1,38,47.14
S106206,32.52,69.83,46.73,37.22,56.4,152,47.95
S106207,35.1,92.49,82.14,72.59,87.76,15,60.37
S106208,29.86,100.0,83.1,15.95,100.0,74,52.23
S106209,39.78,63.24,70.76,34.14,77.2,125,60.98
S106210,28.73,75.04,69.93,65.58,74.8,0,46.44
S106211,27.86,57.38,45.79,45.24,84.15,45,47.07
S106212,34.46,81.51,68.19,47.01,84.61,24,40.25
S106213,25.19,62.85,47.05,48.5,42.57,128,36.88
S106214,47.82,59.33,65.66,35.48,89.71,206,43.72
S106215,50.0,100.0,59.51,43.94,100.0,15,38.61
S106216,31.37,49.66,55.49,35.21,80.84,16,41.45
S106217,23.91,69.83,65.45,32.46,78.37,261,40.89
S106218,37.69,81.02,75.84,58.2,91.92,57,55.63
S106219,31.14,64.49,93.41,31.94,90.14,8,55.73
S106220,44.4,60.31,73.82,51.6,82.6,6,60.19
S106221,28.7,100.0,100.0,57.87,91.6,267,85.57
S106222,39.36,80.95,68.21,38.2,92.31,45,54.93
S106223,35.91,69.12,93.54,56.56,62.4,56,80.65
S106224,29.59,59.38,71.97,66.74,62.77,69,48.96
S106225,36.92,76.69,68.84,39.18,60.63,102,60.02
S106226,42.03,44.01,62.31,52.74,57.3,26,36.85
S106227,35.69,62.26,69.79,69.04,92.16,6,54.22
S106228,35.78,69.44,71.91,43.81,92.19,56,68.02
S106229,28.02,73.2,42.32,36.75,86.72,15,21.3
S106230,44.15,67.86,76.2,63.89,100.0,101,58.46
S106231,43.36,59.6,41.26,54.34,75.37,6,47.1
S106232,31.72,83.81,76.22,62.53,69.65,56,71.01
S106233,34.01,45.23,74.58,68.21,81.84,112,21.62
S106234,46.31,65.83,87.74,47.08,97.13,2,51.86
S106235,25.93,62.23,51.21,32.32,71.14,39,33.21
S106236,39.83,85.18,49.21,83.35,100.0,71,54.3
S106237,30.53,63.12,82.72,43.01,78.92,128,52.71
S106238,49.22,76.56,47.8,43.31,87.69,24,33.96
S106239,35.51,75.0,46.23,37.63,82.44,136,62.16
S106240,45.08,42.47,68.34,36.33,74.05,84,43.35
S106241,28.91,69.02,64.25,37.54,93.65,34,33.87
S106242,25.01,43.86,67.49,27.02,27.87,28,43.99
S106243,33.13,75.27,73.6,56.2,74.92,97,60.2
S106244,37.1,59.05,73.69,44.56,91.93,103,18.3
S106245,30.91,87.8,63.75,32.13,58.22,81,45.63
S106246,41.07,67.29,65.77,32.77,69.49,47,53.59
S106247,33.32,58.45,63.93,41.48,72.6,2,49.96
S106248,18.35,88.0,65.56,30.69,75.05,68,28.78
S106249,39.42,56.92,42.8,41.45,70.96,76,47.66
S106250,27.94,83.42,77.1,55.25,64.72,22,32.27
S106251,32.11,77.01,81.78,29.34,78.94,18,42.3
S106252,47.43,64.52,75.2,51.59,92.08,160,73.28
S106253,49.18,49.96,73.97,55.02,85.74,16,64.35
S106254,30.4,88.62,49.15,36.09,95.4,19,44.12
S106255,39.62,77.51,42.36,34.08,76.99,78,42.35
S106256,30.58,58.42,78.29,23.53,98.89,31,74.31
S106257,32.71,73.67,65.46,82.6,60.86,47,45.68
S106258,30.15,85.09,67.71,35.68,99.67,60,48.21
S106259,21.21,71.68,68.43,49.94,96.38,214,28.92
S106260,35.76,73.58,69.11,50.59,56.34,24,57.89
S106261,37.31,85.48,75.34,46.47,87.02,4,70.62
S106262,29.63,93.06,63.47,24.19,78.11,10,42.73
S106263,43.7,68.21,34.52,53.43,78.41,4,37.62
S106264,31.51,49.94,76.01,53.74,80.99,112,47.56
S106265,29.9,50.46,74.24,55.66,70.71,317,61.97
S106266,39.21,59.64,44.29,39.39,94.08,7,42.28
S106267,22.66,55.98,46.34,67.51,80.06,27,29.16
S106268,42.25,44.76,79.13,36.39,63.13,154,72.34
S106269,31.78,97.72,82.91,46.15,79.44,182,70.46
S106270,42.91,77.92,22.38,59.38,72.89,19,55.19
S106271,45.31,62.14,72.05,36.36,89.24,201,67.82
S106272,40.12,69.51,61.47,56.72,60.27,69,53.0
S106273,28.5,43.2,66.19,40.24,100.0,424,39.13
S106274,24.99,87.36,67.1,20.54,81.81,2,45.0
S106275,23.53,40.76,52.81,41.69,61.46,123,48.39
S106276,43.82,77.65,75.44,32.24,76.97,5,73.33
S106277,33.92,42.42,53.99,51.96,72.76,106,60.24
S106278,30.21,63.79,76.95,74.28,68.07,231,40.76
S106279,33.94,88.64,80.5,31.83,86.38,32,52.46
S106280,43.64,69.83,51.05,23.95,100.0,33,36.94
S106281,41.23,67.77,51.44,39.86,100.0,22,24.12
S106282,38.51,79.42,66.82,71.09,83.02,45,52.72
S106283,40.1,76.96,89.06,29.29,68.29,51,46.31
S106284,36.44,71.05,55.52,56.23,84.2,68,46.48
S106285,37.42,77.44,58.55,46.81,91.07,93,56.85
S106286,36.77,60.84,70.14,72.59,83.05,77,31.86
S106287,35.0,98.99,75.51,65.5,91.18,8,74.3
S106288,41.03,45.84,73.43,34.77,86.66,80,75.84
S106289,37.89,87.43,65.52,58.61,84.27,17,50.58
S106290,27.95,72.84,60.11,41.46,61.76,61,33.61
S106291,39.23,79.26,70.31,62.87,78.04,71,61.23
S106292,36.98,81.92,13.79,3.46,100.0,46,28.31
S106293,39.89,78.33,94.91,33.78,87.35,43,43.77
S106294,34.17,57.83,62.03,57.32,97.53,44,45.76
S106295,41.49,65.71,67.92,66.32,100.0,21,59.66
S106296,34.51,48.23,98.59,83.52,62.31,130,44.33
S106297,40.79,65.52,53.14,61.86,100.0,53,67.32
S106298,31.35,74.84,100.0,45.92,94.6,56,43.4
S106299,31.9,79.11,76.83,47.08,97.43,16,43.69
S106300,39.82,75.87,72.14,33.98,69.95,52,60.62
S106301,32.35,43.67,75.3,43.39,90.86,46,19.41
S106302,50.0,61.57,51.54,48.33,67.98,43,66.23
S106303,39.53,60.07,38.62,29.14,82.24,47,39.51
S106304,35.2,50.35,46.11,35.92,85.05,23,14.96
S106305,41.56,57.46,82.4,53.41,76.42,127,73.6
S106306,31.15,70.02,50.03,44.57,97.26,17,28.79
S106307,42.38,91.21,38.53,54.72,72.2,62,78.33
S106308,42.16,55.7,63.73,51.42,49.82,31,64.06
S106309,45.03,53.07,74.2,38.59,76.34,102,52.49
S106310,31.47,61.01,65.62,46.36,98.8,94,32.08
S106311,25.22,75.06,74.7,24.6,100.0,96,53.97
S106312,30.12,88.36,83.48,59.31,99.74,173,50.75
S106313,32.75,68.7,74.14,55.27,96.0,121,49.86
S106314,48.34,48.31,62.54,30.86,74.32,56,67.39
S106315,50.0,51.5,56.29,51.04,100.0,40,62.65
S106316,37.76,72.82,77.33,43.45,90.26,162,94.81
S106317,35.08,84.93,69.41,30.17,90.85,139,46.34
S106318,32.2,97.24,51.23,71.23,89.42,203,72.7
S106319,41.6,52.26,85.83,42.37,62.63,146,75.03
S106320,50.0,72.1,69.19,64.08,85.76,11,93.54
S106321,49.29,54.55,75.45,49.45,58.18,32,47.48
S106322,44.1,56.52,58.73,55.54,92.4,28,60.15
S106323,43.99,55.25,83.09,81.26,85.04,38,88.48
S106324,41.66,64.99,39.63,42.64,70.52,28,44.14
S106325,34.62,56.77,91.81,36.26,96.89,123,44.27
S106326,29.11,100.0,33.98,47.61,74.62,97,48.86
S106327,34.83,63.1,42.97,27.7,74.99,18,48.09
S106328,38.38,84.82,69.03,60.91,88.01,16,62.57
S106329,23.37,60.11,56.51,26.62,79.76,20,58.15
S106330,33.78,100.0,59.75,66.44,83.5,30,80.58
S106331,28.39,75.09,56.5,47.14,95.49,92,28.69
S106332,43.11,82.55,52.47,58.11,68.92,37,66.85
S106333,30.6,61.13,70.07,36.36,67.65,44,40.6
S106334,37.63,84.65,64.22,47.47,76.51,3,51.93
S106335,29.4,75.02,79.16,60.51,79.06,52,62.64
S106336,47.78,64.32,66.28,43.07,89.63,47,64.75
S106337,21.39,53.8,58.33,68.76,100.0,92,64.38
S106338,38.81,66.44,77.39,27.12,79.36,56,65.24
S106339,24.78,65.15,35.68,28.15,80.54,103,33.96
S106340,30.93,83.04,23.69,34.68,70.23,101,33.76
S106341,36.65,66.52,39.59,27.63,68.41,78,43.02
S106342,37.04,41.18,59.5,36.1,90.16,35,22.16
S106343,36.83,79.69,71.26,44.85,80.59,5,55.03
S106344,36.21,89.4,22.26,67.04,98.71,22,48.68
S106345,29.87,45.01,64.81,34.05,97.07,213,28.32
S106346,33.69,97.07,59.33,32.96,93.04,169,39.6
S106347,35.25,90.95,67.19,71.38,58.09,18,61.91
S106348,36.56,60.54,34.48,36.43,90.25,31,32.3
S106349,34.47,53.24,100.0,29.35,65.98,1,35.87
S106350,40.84,85.79,65.52,15.49,51.74,30,70.76
S106351,35.75,49.46,45.53,55.1,83.31,129,46.58
S106352,36.61,59.97,67.07,35.18,100.0,68,29.67
S106353,31.94,50.27,88.92,69.57,90.68,163,72.59
S106354,26.58,70.09,44.41,56.12,66.77,261,26.78
S106355,36.23,91.98,41.08,20.28,100.0,20,48.33
S106356,44.66,75.62,63.11,54.25,92.25,65,82.37
S106357,38.55,85.27,64.48,45.16,67.37,113,30.66
S106358,28.46,64.72,76.35,35.49,49.32,78,20.01
S106359,41.52,71.46,88.6,38.71,76.93,24,54.57
S106360,32.32,51.6,77.48,62.8,50.54,302,41.46
S106361,40.72,68.55,42.8,28.04,64.55,90,74.89
S106362,32.05,58.81,47.86,47.24,54.51,1,43.65
S106363,37.83,67.6,52.23,44.5,68.7,58,61.34
S106364,30.85,66.56,77.44,71.12,72.0,15,65.96
S106365,31.06,65.28,74.71,67.81,66.89,103,71.57
S106366,22.47,100.0,85.18,73.15,100.0,5,51.24
S106367,39.1,96.51,73.93,38.25,77.2,33,42.02
S106368,37.96,91.24,54.96,69.48,99.92,30,75.83
S106369,38.41,96.93,61.85,42.53,88.54,178,66.64
S106370,37.2,91.29,41.62,21.33,76.89,165,52.37
S106371,28.9,69.66,75.05,56.54,72.83,139,37.07
S106372,42.73,68.13,54.98,46.97,100.0,110,86.08
S106373,42.94,73.53,84.59,15.35,64.46,247,76.31
S106374,28.69,66.84,74.6,58.8,70.6,17,48.33
S106375,39.26,54.4,96.01,48.08,70.37,137,82.14
S106376,42.0,69.83,71.72,53.92,81.12,90,56.31
S106377,31.24,46.51,71.42,33.95,66.37,97,48.3
S106378,32.63,72.06,62.08,60.27,94.05,45,61.98
S106379,39.27,55.08,58.85,67.61,96.12,84,64.86
S106380,22.92,68.78,60.86,64.24,69.23,22,68.56
S106381,26.29,72.87,80.99,20.32,87.91,60,52.47
S106382,27.08,64.71,43.42,38.77,67.4,282,44.7
S106383,20.63,45.39,66.01,37.29,82.68,92,60.42
S106384,43.68,52.18,38.34,54.29,97.55,90,71.52
S106385,19.09,76.87,70.97,53.4,81.55,21,51.87
S106386,37.74,61.64,57.66,43.43,78.42,147,52.25
S106387,41.49,78.41,73.06,51.76,100.0,206,30.73
S106388,32.65,70.15,53.12,58.68,85.4,9,67.89
S106389,29.65,67.03,60.89,22.5,67.35,48,34.43
S106390,36.86,75.21,75.12,40.88,66.19,88,50.54
S106391,35.01,59.88,67.01,57.34,100.0,172,63.07
S106392,43.03,76.01,89.68,70.15,68.89,62,54.27
S106393,13.97,63.71,57.3,45.48,69.48,44,20.57
S106394,27.65,100.0,55.91,61.51,80.4,3,35.65
S106395,39.49,69.83,84.79,50.89,90.98,64,63.82
S106396,35.4,64.64,59.13,28.39,61.39,32,51.95
S106397,41.02,65.25,58.39,61.39,75.82,398,70.51
S106398,37.1,49.72,71.13,51.46,59.88,73,75.46
S106399,33.92,80.89,62.38,37.84,77.71,19,28.89
S106400,32.58,63.57,60.02,39.84,92.32,393,49.13
S106401,50.0,34.3,53.91,55.57,76.23,72,54.2
S106402,47.28,80.43,86.8,70.04,100.0,117,65.68
S106403,38.96,60.46,62.59,47.43,67.3,278,69.33
S106404,35.63,68.43,56.01,46.14,83.27,111,65.94
S106405,39.31,80.15,60.25,76.17,99.61,230,71.19
S106406,41.61,64.53,70.68,25.85,95.13,36,48.1
S106407,38.35,64.41,88.38,44.02,100.0,4,71.57
S106408,28.99,100.0,62.29,31.5,84.86,266,43.57
S106409,49.28,37.69,51.2,57.23,66.58,63,55.31
S106410,36.97,69.83,95.7,53.8,81.26,118,56.98
S106411,50.0,53.62,67.17,55.7,67.43,64,56.51
S106412,36.5,96.84,63.31,55.75,81.81,115,46.17
S106413,33.03,60.33,66.15,32.18,98.5,5,54.39
S106414,46.07,73.6,45.07,43.46,90.45,6,35.72
S106415,37.41,62.89,64.27,61.88,78.43,202,55.64
S106416,36.07,79.05,77.15,58.46,69.7,46,42.08
S106417,25.4,69.81,84.52,45.16,84.88,29,71.83
S106418,40.28,73.8,59.27,56.36,87.95,197,58.14
S106419,31.05,89.31,68.01,45.42,61.19,500,82.25
S106420,31.42,76.6,84.81,55.83,64.71,76,41.99
S106421,31.08,58.97,65.6,50.56,75.66,66,26.3
S106422,38.51,74.68,76.51,60.73,60.03,200,71.08
S106423,22.72,100.0,71.79,73.0,52.84,16,69.97
S106424,33.31,78.47,54.37,41.52,64.54,80,44.59
S106425,42.84,72.28,50.34,53.97,85.74,131,78.15
S106426,25.03,49.44,81.95,42.49,81.53,108,52.86
S106427,36.38,80.87,22.21,39.26,73.33,110,56.73
S106428,29.95,83.08,54.3,48.58,65.96,131,60.56
S106429,31.77,74.69,42.68,46.74,85.53,19,49.54
S106430,48.24,71.71,81.97,53.96,84.75,65,70.93
S106431,21.8,100.0,86.84,29.59,98.64,9,0.0
S106432,41.13,82.83,53.41,4.31,42.33,8,31.89
S106433,31.18,88.6,100.0,69.26,53.81,136,60.43
S106434,30.78,71.0,87.04,23.76,94.07,134,42.59
S106435,26.11,68.03,68.15,42.57,87.1,16,35.16
S106436,41.03,79.48,89.0,30.04,94.01,67,50.63
S106437,33.47,68.01,54.73,41.09,66.62,3,42.48
S106438,32.46,69.24,60.57,50.94,74.16,37,63.08
S106439,35.88,76.95,72.41,53.57,60.84,13,50.97
S106440,33.64,62.31,53.93,54.47,44.97,37,24.75
S106441,18.99,73.31,44.45,25.18,82.09,69,37.58
S106442,31.07,71.2,49.99,68.97,100.0,131,33.56
S106443,42.16,84.51,61.85,45.73,77.49,56,55.14
S106444,22.95,60.83,72.51,46.84,69.26,214,58.51
S106445,26.28,40.0,59.59,51.76,63.21,9,31.2
S106446,31.59,65.34,38.76,72.38,96.71,62,62.17
S106447,29.2,75.96,72.53,27.51,81.22,190,15.73
S106448,34.78,84.46,85.37,82.19,81.82,21,38.47
S106449,26.26,59.61,54.44,60.88,58.34,118,62.5
S106450,31.9,78.13,91.6,50.89,66.25,24,68.92
S106451,34.62,87.03,78.9,37.29,91.02,304,77.05
S106452,40.19,81.27,48.13,89.93,72.11,113,47.47
S106453,44.96,58.14,54.63,72.9,70.23,85,53.21
S106454,32.91,59.75,59.99,37.27,100.0,165,32.41
S106455,50.0,76.53,62.04,42.76,81.04,71,54.83
S106456,33.53,94.38,25.99,46.42,77.42,28,23.38
S106457,41.63,70.21,52.95,41.34,77.96,31,56.04
S106458,50.0,67.52,56.14,61.96,69.83,71,36.4
S106459,36.11,49.46,95.25,35.17,78.91,60,47.98
S106460,24.01,64.54,68.63,38.97,100.0,191,48.76
S106461,35.73,59.27,52.23,47.0,86.2,62,57.04
S106462,30.11,70.41,57.98,40.7,56.07,57,35.61
S106463,32.8,47.31,71.8,19.91,73.44,48,29.68
S106464,50.0,65.07,58.95,52.73,81.56,11,51.38
S106465,25.22,54.87,55.63,44.64,57.41,10,29.4
S106466,37.4,84.1,56.15,42.08,72.98,88,57.05
S106467,27.98,69.83,72.68,36.3,65.58,49,23.13
S106468,32.54,61.41,42.89,45.18,74.06,63,41.94
S106469,40.96,74.23,47.61,86.14,81.05,209,66.54
S106470,37.55,63.19,50.16,19.39,90.48,122,53.05
S106471,33.2,100.0,47.33,39.75,62.69,38,44.59
S106472,29.8,83.96,51.82,39.68,78.71,120,49.1
S106473,37.53,70.26,79.35,60.15,75.09,291,35.35
S106474,48.66,75.52,81.58,47.03,76.7,14,19.84
S106475,27.79,34.67,69.35,61.13,67.71,182,68.29
S106476,50.0,88.48,68.44,56.66,79.29,35,84.35
S106477,44.6,77.68,54.28,59.41,87.41,106,47.85
S106478,45.95,68.9,31.7,59.94,59.12,91,43.92
S106479,37.47,78.49,67.3,35.25,100.0,98,46.45
S106480,44.37,80.32,69.76,59.65,94.12,178,59.93
S106481,26.93,63.75,54.22,27.25,56.38,80,31.54
S106482,29.66,75.7,47.78,35.25,100.0,17,21.6
S106483,41.13,85.73,44.63,28.04,100.0,88,50.05
S106484,37.37,76.82,67.68,69.95,72.46,33,74.33
S106485,33.81,66.21,66.31,20.35,83.09,247,60.99
S106486,14.98,74.45,84.11,29.46,81.36,30,26.27
S106487,31.52,90.73,52.11,54.34,59.34,22,19.29
S106488,25.61,81.76,60.39,59.66,95.4,1,46.85
S106489,38.95,52.55,65.28,42.39,51.79,158,64.69
S106490,33.47,78.8,56.2,56.72,84.34,198,50.95
S106491,29.97,76.81,78.42,24.7,100.0,56,27.98
S106492,50.0,87.46,84.81,76.09,54.67,43,67.25
S106493,43.31,70.49,47.31,46.21,75.6,43,62.2
S106494,43.45,64.46,57.67,67.96,97.1,129,24.7
S106495,50.0,49.48,86.19,51.33,86.03,34,61.02
S106496,41.42,59.58,70.17,34.79,92.5,34,52.74
S106497,28.83,88.12,66.88,57.36,69.69,32,84.42
S106498,27.9,72.97,70.46,69.39,65.89,45,61.65
S106499,42.72,68.5,75.49,40.64,77.0,82,69.81
S106500,18.53,89.43,71.23,42.31,83.98,277,47.13
S106501,34.38,86.34,68.42,54.25,89.0,60,44.72
S106502,17.63,58.96,65.15,62.79,86.67,39,62.53
S106503,35.79,88.01,86.57,57.27,94.68,1,39.93
S106504,41.83,45.12,60.74,41.83,81.74,14,71.76
S106505,37.24,76.89,65.02,53.83,64.29,237,61.44
S106506,42.5,75.12,89.83,58.14,59.67,24,75.17
S106507,50.0,87.25,70.21,31.48,91.38,18,63.7
S106508,33.85,75.72,63.93,2.76,95.09,15,13.14
S106509,50.0,66.33,75.09,41.5,100.0,71,64.78
S106510,36.7,67.52,68.64,55.66,100.0,40,91.4
S106511,42.59,100.0,53.17,33.39,94.59,70,64.08
S106512,30.11,71.24,68.92,32.81,85.5,292,38.29
S106513,47.95,78.96,52.06,58.8,73.69,6,40.85
S106514,43.33,39.68,94.23,35.43,66.89,12,52.79
S106515,46.77,57.59,68.82,34.52,81.0,68,39.44
S106516,35.44,77.78,49.99,49.05,78.43,14,70.73
S106517,24.96,45.78,58.72,57.14,100.0,87,46.78
S106518,38.68,78.24,77.15,50.87,88.79,135,35.63
S106519,21.42,59.12,47.54,73.31,76.55,104,55.97
S106520,32.31,54.49,100.0,80.22,66.77,31,41.24
S106521,36.53,59.07,41.72,51.64,88.01,146,52.49
S106522,50.0,92.91,79.81,61.03,82.07,57,63.6
S106523,37.55,75.0,57.21,79.56,73.23,122,80.28
S106524,36.12,56.34,52.06,46.23,69.7,261,65.28
S106525,34.5,81.63,73.6,54.68,88.24,50,54.01
S106526,24.26,82.45,57.74,25.61,73.89,50,39.08
S106527,35.69,64.28,90.46,51.21,75.15,23,58.73
S106528,35.82,69.83,42.58,34.1,72.73,10,51.25
S106529,27.25,85.1,74.0,33.65,100.0,106,52.73
S106530,25.51,82.77,60.6,37.95,82.37,110,47.16
S106531,31.15,59.89,69.74,69.54,67.65,55,64.75
S106532,35.52,52.31,73.23,59.72,41.41,113,75.88
S106533,31.34,44.61,37.29,45.7,55.39,22,34.57
S106534,26.59,60.17,68.74,35.24,75.61,0,33.69
S106535,37.31,64.48,82.42,64.28,100.0,3,58.63
S106536,39.31,65.7,72.46,55.31,100.0,65,43.54
S106537,35.97,69.29,59.1,52.13,76.43,4,53.45
S106538,30.5,95.99,42.38,29.87,85.46,56,35.14
S106539,39.76,64.91,73.13,42.36,77.52,100,50.64
S106540,33.48,69.27,95.02,44.84,86.83,167,67.77
S106541,25.49,42.74,75.59,62.21,76.39,93,26.56
S106542,43.29,100.0,83.52,28.14,71.64,5,37.23
S106543,37.83,50.26,79.93,79.83,70.15,31,62.84
S106544,34.05,59.4,58.71,27.66,90.65,35,33.06
S106545,22.43,80.44,66.45,68.91,99.54,69,60.91
S106546,29.04,73.69,78.9,41.64,73.26,263,45.23
S106547,50.0,94.65,39.72,27.99,90.91,118,43.04
S106548,22.93,80.8,75.43,59.55,82.35,23,44.62
S106549,32.99,68.78,85.14,58.15,74.26,8,64.44
S106550,34.87,85.66,64.18,41.47,90.17,182,56.73
S106551,37.56,87.42,78.02,44.18,100.0,69,48.08
S106552,23.02,60.1,56.13,81.95,67.64,13,54.05
S106553,36.39,84.45,65.61,71.63,75.16,145,54.09
S106554,21.51,66.67,60.63,50.67,100.0,80,40.42
S106555,35.78,68.45,72.36,60.9,79.36,176,24.94
S106556,29.78,72.14,63.33,30.59,68.08,115,58.03
S106557,28.07,64.29,38.18,23.96,82.55,56,42.0
S106558,41.68,63.48,53.51,57.02,80.13,66,49.49
S106559,33.12,84.77,96.08,80.69,95.83,59,86.82
S106560,38.79,47.07,74.08,51.89,79.35,4,44.45
S106561,39.05,54.08,31.43,65.22,79.85,218,71.29
S106562,45.16,80.12,84.33,58.13,79.22,351,67.48
S106563,25.33,69.83,46.55,56.28,82.51,29,52.6
S106564,42.35,84.87,79.29,71.58,100.0,137,71.4
S106565,35.13,75.37,85.68,51.18,90.87,56,71.1
S106566,31.98,49.99,66.63,26.45,64.36,2,38.51
S106567,25.81,70.94,49.05,31.54,84.22,31,39.35
S106568,39.85,78.02,53.56,62.02,85.19,68,48.29
S106569,27.62,73.51,75.07,29.23,85.65,40,31.12
S106570,39.14,62.98,46.83,53.81,57.8,275,35.78
S106571,50.0,65.89,55.69,45.77,82.19,17,42.46
S106572,42.84,61.6,73.21,66.62,71.48,40,73.61
S106573,46.13,50.12,54.58,66.6,57.54,106,44.83
S106574,29.25,48.06,87.73,62.11,98.14,128,66.87
S106575,41.1,75.85,48.39,42.11,75.77,9,54.94
S106576,25.85,56.93,12.39,50.39,75.99,20,39.15
S106577,33.13,78.63,52.55,44.58,93.23,11,36.45
S106578,48.93,61.07,69.96,22.25,95.36,55,53.79
S106579,30.14,50.3,78.81,36.48,76.27,61,34.79
S106580,43.89,63.88,58.47,43.63,80.44,107,64.17
S106581,43.13,100.0,60.56,32.16,64.85,165,56.94
S106582,43.6,68.57,64.51,16.36,65.86,12,45.65
S106583,24.86,69.83,92.87,38.32,99.47,60,22.54
S106584,39.2,72.53,71.06,42.35,80.68,52,68.6
S106585,33.75,48.92,57.12,44.3,94.55,181,48.15
S106586,43.71,91.73,97.83,53.17,77.52,60,68.29
S106587,21.76,66.28,65.18,52.84,86.3,21,37.29
S106588,37.94,50.34,31.79,56.33,53.84,208,20.5
S106589,36.81,62.32,42.81,53.7,92.91,214,42.38
S106590,19.08,66.91,73.93,85.75,79.57,11,40.0
S106591,27.92,81.24,36.56,36.94,72.95,153,57.38
S106592,20.36,59.79,72.97,28.67,89.43,145,63.18
S106593,29.19,100.0,52.52,48.58,94.91,71,45.7
S106594,39.39,55.94,83.84,52.68,73.91,56,39.73
S106595,36.56,79.18,67.68,39.4,62.06,16,48.52
S106596,36.36,40.39,38.81,50.39,100.0,19,54.56
S106597,26.68,68.14,79.63,63.07,76.77,24,62.65
S106598,43.96,75.51,86.82,66.47,51.21,7,37.9
S106599,34.85,53.21,44.57,24.53,73.67,100,67.25
S106600,35.27,92.49,52.16,50.78,86.74,4,44.64
S106601,42.52,76.52,73.04,32.47,78.77,8,41.51
S106602,27.07,65.24,75.91,35.32,78.06,14,40.26
S106603,36.83,76.36,100.0,71.57,74.72,93,72.78
S106604,38.39,61.1,79.25,37.18,73.69,10,43.71
S106605,30.64,88.77,100.0,22.7,60.83,16,41.76
S106606,40.22,85.23,65.31,51.47,60.54,221,60.06
S106607,38.82,75.6,71.14,54.7,85.46,27,58.92
S106608,34.19,79.18,55.91,53.28,98.46,95,62.79
S106609,33.94,47.84,56.64,68.3,75.86,216,56.7
S106610,39.19,92.0,67.35,71.11,100.0,3,67.85
S106611,41.31,68.51,55.68,69.67,96.48,50,46.72
S106612,35.5,85.38,23.97,52.83,78.02,61,42.12
S106613,43.96,81.25,54.33,58.41,89.57,114,85.37
S106614,40.27,85.15,82.23,49.06,87.34,266,67.14
S106615,20.69,54.28,66.16,51.11,72.43,3,18.93
S106616,23.76,56.19,66.25,47.33,47.63,38,58.67
S106617,44.46,100.0,52.78,53.91,82.08,45,82.85
S106618,33.03,47.21,70.33,73.02,90.52,272,35.32
S106619,36.31,53.54,91.54,50.99,71.7,114,60.0
S106620,44.11,70.65,87.41,46.02,100.0,219,47.24
S106621,34.95,70.67,70.85,32.15,95.49,12,60.72
S106622,35.3,61.9,51.34,43.59,57.91,2,52.9
S106623,28.05,79.24,93.28,45.95,77.08,283,67.82
S106624,37.96,83.53,81.95,35.98,67.4,32,56.94
S106625,39.69,69.73,41.31,22.88,74.49,86,34.51
S106626,30.38,65.97,36.89,34.39,89.81,14,50.16
S106627,27.62,69.67,42.19,38.01,76.22,64,50.83
S106628,50.0,62.54,57.1,52.95,71.45,227,69.05
S106629,34.26,44.53,79.43,35.68,81.41,97,55.36
S106630,29.53,74.51,79.05,61.77,91.4,48,50.52
S106631,40.65,81.49,70.45,37.24,91.25,204,66.8
S106632,34.59,67.69,62.75,55.75,89.23,11,50.83
S106633,26.31,36.02,100.0,46.53,100.0,51,40.58
S106634,38.86,61.42,65.54,68.29,78.64,68,55.64
S106635,28.18,83.59,63.61,34.06,74.58,1,25.78
S106636,47.61,48.43,56.88,49.01,77.67,1,71.2
S106637,38.96,80.44,100.0,54.55,67.86,77,48.01
S106638,32.78,63.32,76.53,27.28,67.51,85,28.5
S106639,35.87,69.72,48.45,40.78,91.08,320,69.18
S106640,42.23,59.71,46.55,48.31,92.46,30,53.41
S106641,36.49,52.97,38.12,58.19,40.31,34,67.81
S106642,50.0,91.51,63.45,79.28,94.1,72,71.38
S106643,44.09,82.24,41.02,41.72,73.83,108,42.37
S106644,38.9,79.67,46.32,32.03,70.51,59,56.97
S106645,27.5,83.63,82.09,57.75,75.1,77,60.43
S106646,33.82,77.54,79.26,26.1,61.07,18,49.68
S106647,38.83,84.16,88.86,29.32,77.48,101,44.24
S106648,28.42,60.04,41.47,61.27,100.0,41,49.43
S106649,45.35,90.67,48.96,64.41,56.78,69,70.24
S106650,27.21,89.33,54.94,52.2,89.28,86,37.81
S106651,29.9,75.71,91.24,50.31,94.62,1,55.52
S106652,30.5,65.68,66.01,45.71,88.73,69,53.58
S106653,40.95,51.65,94.15,69.39,100.0,229,78.79
S106654,28.56,73.43,75.04,40.56,94.72,8,34.98
S106655,20.6,95.27,63.2,24.89,90.06,9,64.36
S106656,43.7,52.59,74.18,68.63,95.57,18,55.16
S106657,31.44,85.27,37.33,35.0,94.88,8,58.84
S106658,26.45,62.93,32.13,52.82,74.76,154,40.17
S106659,28.96,64.21,69.15,62.99,89.47,170,50.68
S106660,48.73,52.37,65.23,45.08,75.91,51,36.64
S106661,29.74,58.71,95.94,58.91,59.99,125,48.33
S106662,34.01,79.7,42.94,70.38,100.0,29,58.14
S106663,31.42,81.57,70.96,45.61,71.7,56,42.15
S106664,25.14,73.54,76.12,76.28,96.43,62,46.86
S106665,29.06,62.49,70.49,38.98,88.02,29,39.29
S106666,24.59,53.45,82.58,62.09,66.56,71,35.56
S106667,42.65,70.93,54.88,67.35,68.36,148,48.86
S106668,35.81,64.53,78.32,37.59,85.96,232,74.17
S106669,50.0,73.17,73.98,65.45,85.99,29,61.84
S106670,29.33,65.18,83.65,46.6,74.36,207,50.6
S106671,28.13,65.57,56.82,27.99,56.27,79,46.65
S106672,47.27,72.38,46.02,33.14,92.05,73,37.71
S106673,43.46,75.28,54.94,42.73,36.12,10,41.67
S106674,38.08,88.36,47.99,69.75,85.22,99,77.28
S106675,26.09,64.95,55.96,9.11,96.99,29,30.49
S106676,48.96,78.18,59.65,33.41,52.26,44,53.42
S106677,34.42,97.05,50.42,52.75,82.4,12,41.26
S106678,31.55,78.58,65.12,53.57,74.24,21,47.85
S106679,44.14,87.46,46.14,30.47,82.92,78,48.8
S106680,34.82,60.69,63.83,47.2,94.67,76,33.59
S106681,25.67,59.19,57.08,74.64,59.8,49,62.43
S106682,35.32,67.61,63.06,53.86,76.65,80,55.11
S106683,28.75,69.21,71.29,28.6,77.53,161,55.44
S106684,10.93,86.06,58.31,52.02,50.77,3,29.65
S106685,27.95,59.05,52.55,63.06,88.6,18,47.59
S106686,30.78,68.67,54.53,29.37,100.0,28,47.86
S106687,25.75,86.12,81.37,46.98,90.06,69,43.72
S106688,39.6,73.23,85.42,36.25,81.95,88,32.93
S106689,28.78,69.84,56.76,50.81,93.29,64,34.96
S106690,38.83,73.58,62.53,73.53,71.08,96,47.18
S106691,25.13,53.09,37.73,17.71,66.78,47,34.11
S106692,42.27,52.84,62.09,43.31,87.7,128,47.79
S106693,24.79,46.18,41.78,37.12,83.43,6,50.93
S106694,16.27,73.1,57.19,47.79,84.71,77,46.55
S106695,44.9,83.78,82.24,42.01,67.12,4,54.13
S106696,28.15,81.48,40.97,36.8,57.43,21,54.73
S106697,49.06,87.15,50.57,28.44,64.41,5,55.27
S106698,39.52,91.81,50.65,41.09,67.21,72,34.43
S106699,41.32,72.17,38.3,73.23,49.38,19,50.26
S106700,43.36,69.03,78.8,41.51,87.13,8,54.43
S106701,35.9,92.14,69.44,62.11,60.66,119,46.94
S106702,35.99,59.48,93.94,14.14,59.83,0,14.15
S106703,45.25,52.32,49.07,14.34,76.07,64,46.6
S106704,35.89,64.92,36.65,45.62,66.41,201,41.69
S106705,29.17,63.16,80.06,71.03,56.33,56,57.74
S106706,39.69,70.72,59.23,56.49,57.99,74,46.05
S106707,18.09,57.25,57.53,52.13,88.03,9,46.19
S106708,45.56,75.55,88.65,30.55,74.95,125,69.21
S106709,45.72,61.46,67.72,48.51,57.3,33,57.49
S106710,44.59,88.42,79.47,27.81,100.0,13,80.41
S106711,44.28,52.08,55.04,46.09,69.33,357,76.9
S106712,34.33,67.91,53.4,34.53,87.95,8,63.44
S106713,34.15,64.98,59.15,57.14,78.38,56,44.52
S106714,25.16,73.46,75.73,52.05,81.47,35,42.57
S106715,48.98,83.9,65.81,36.32,80.31,147,60.63
S106716,31.12,73.99,72.49,47.38,59.32,63,66.01
S106717,37.72,68.07,23.35,37.01,100.0,177,45.52
S106718,37.03,80.37,34.89,65.01,68.59,65,59.16
S106719,24.28,82.65,30.54,41.31,92.38,31,47.26
S106720,21.04,74.04,58.93,70.12,68.14,259,71.11
S106721,35.04,75.81,42.64,54.7,63.42,49,48.7
S106722,31.37,79.7,92.03,58.23,100.0,152,78.93
S106723,34.28,45.34,64.66,68.48,100.0,147,17.82
S106724,43.52,64.74,68.47,58.76,86.81,66,56.27
S106725,36.8,75.64,47.56,57.57,92.11,56,66.05
S106726,41.07,65.63,47.06,39.98,61.19,28,46.8
S106727,38.56,65.68,89.82,63.9,89.89,66,71.23
S106728,32.47,75.62,93.52,38.22,89.74,56,62.14
S106729,26.99,75.96,71.65,26.47,86.58,22,73.72
S106730,37.12,77.01,32.49,38.61,100.0,131,53.86
S106731,35.67,58.12,58.19,31.26,45.8,33,27.35
S106732,42.32,48.73,70.01,42.23,77.31,112,39.4
S106733,33.79,82.07,61.35,83.86,100.0,354,60.93
S106734,32.62,58.86,31.08,34.97,63.31,432,49.73
S106735,33.16,57.83,94.59,42.52,89.74,159,78.9
S106736,27.65,56.47,51.63,40.14,72.71,156,42.83
S106737,46.58,87.27,43.54,69.08,81.33,131,56.89
S106738,44.12,73.18,64.51,42.56,64.14,96,78.68
S106739,25.3,75.14,83.95,61.69,100.0,16,59.15
S106740,41.43,80.34,73.21,30.87,62.79,9,49.39
S106741,20.24,69.36,43.95,57.99,78.05,68,34.89
S106742,42.88,85.19,41.31,19.12,76.11,90,30.57
S106743,29.43,52.05,29.93,35.57,96.11,41,29.81
S106744,37.88,53.72,60.33,55.92,81.05,238,41.78
S106745,19.56,52.89,57.43,26.88,56.35,23,29.32
S106746,25.41,76.33,73.22,18.43,70.35,23,27.77
S106747,38.75,77.6,54.03,36.7,47.57,163,48.54
S106748,29.39,62.91,80.58,57.63,81.09,57,47.8
S106749,28.28,66.51,75.47,34.9,100.0,3,44.49
S106750,46.17,89.02,53.34,67.22,77.01,17,73.18
S106751,50.0,59.58,71.26,29.6,85.1,67,59.57
S106752,42.5,74.43,86.26,41.08,96.53,32,60.19
S106753,26.26,59.71,49.63,32.68,69.64,54,42.89
S106754,49.11,86.44,61.59,39.39,96.5,126,45.37
S106755,22.51,79.43,61.28,41.55,100.0,55,24.92
S106756,32.56,49.02,59.28,51.78,53.38,50,47.68
S106757,35.44,66.09,77.83,59.86,97.05,15,46.19
S106758,50.0,38.81,79.1,46.6,57.76,13,72.94
S106759,42.3,83.51,71.51,66.83,68.38,45,62.96
S106760,31.29,100.0,70.74,36.65,96.97,19,45.07
S106761,27.44,37.29,56.0,32.95,84.83,41,45.63
S106762,43.02,48.59,70.29,40.9,73.12,67,67.2
S106763,30.73,72.51,44.44,58.08,100.0,10,54.11
S106764,36.73,69.72,100.0,47.97,75.05,17,27.75
S106765,24.04,63.84,86.6,66.89,96.45,156,48.58
S106766,39.55,43.94,80.3,27.14,75.42,80,49.18
S106767,38.91,74.85,71.53,39.08,86.87,109,46.9
S106768,25.07,83.31,71.55,41.74,87.38,54,74.53
S106769,43.25,100.0,37.96,38.82,81.21,93,56.75
S106770,39.44,89.61,44.86,39.19,58.72,45,43.35
S106771,40.92,50.52,46.86,49.29,84.16,11,50.45
S106772,31.97,69.82,65.93,29.13,71.31,46,17.97
S106773,36.43,78.88,60.5,29.33,73.13,79,37.14
S106774,35.51,59.68,77.98,45.32,88.9,23,52.39
S106775,33.81,81.7,49.55,79.79,87.87,97,55.12
S106776,36.36,80.55,81.43,36.92,68.66,11,74.47
S106777,45.05,88.56,51.87,43.42,83.26,21,63.81
S106778,43.6,82.03,58.31,59.94,80.31,103,58.12
S106779,25.55,74.28,79.33,41.39,67.07,21,46.0
S106780,42.88,60.43,73.07,34.66,68.0,79,67.07
S106781,44.53,50.6,44.98,52.13,68.24,98,31.24
S106782,33.79,73.29,82.02,49.45,79.83,19,56.94
S106783,39.07,63.94,66.42,41.24,75.44,56,51.05
S106784,38.95,65.39,30.72,47.88,83.14,228,48.42
S106785,28.2,86.83,51.52,58.25,66.81,72,51.65
S106786,31.94,90.53,58.45,33.27,77.4,3,51.82
S106787,41.01,51.47,46.29,47.2,78.53,17,33.57
S106788,31.03,66.84,86.48,59.1,84.89,137,54.5
S106789,42.8,63.5,59.0,35.37,100.0,52,62.58
S106790,45.44,74.72,72.36,51.76,96.11,6,49.92
S106791,44.15,36.01,68.31,33.23,78.88,36,50.23
S106792,50.0,48.09,76.29,44.62,56.08,100,89.29
S106793,34.27,68.24,91.77,76.66,72.31,109,74.45
S106794,36.42,81.79,75.81,42.18,93.81,71,59.17
S106795,37.57,71.13,92.88,41.23,79.17,111,62.11
S106796,34.52,80.07,76.24,79.01,61.14,44,63.18
S106797,39.34,72.96,67.1,33.68,76.92,52,66.16
S106798,21.31,89.14,70.14,70.88,72.94,45,55.73
S106799,36.64,92.29,22.99,35.69,98.91,28,56.46
S106800,23.98,58.59,57.72,53.79,71.26,84,28.92
S106801,27.3,83.25,62.7,31.8,86.21,87,38.88
S106802,40.86,77.62,72.01,57.84,90.32,160,46.18
S106803,33.41,100.0,64.59,28.26,61.42,31,69.01
S106804,40.58,58.03,70.34,58.79,68.83,82,29.45
S106805,33.23,68.25,43.83,9.0,73.6,34,24.9
S106806,43.85,54.52,39.7,54.65,82.07,188,48.68
S106807,33.09,55.41,46.07,49.62,71.08,31,49.28
S106808,19.36,75.78,90.14,22.64,59.37,124,60.1
S106809,36.8,73.08,44.71,46.96,64.89,143,59.63
S106810,17.65,78.12,52.38,75.79,94.1,36,56.91
S106811,23.38,77.8,66.68,22.18,100.0,19,29.42
S106812,27.94,66.47,39.53,40.58,84.58,6,23.41
S106813,26.94,66.36,51.04,48.65,96.18,193,21.21
S106814,30.64,55.44,75.83,54.9,85.31,85,39.57
S106815,26.66,59.48,57.99,37.73,90.48,137,49.27
S106816,23.75,69.15,91.94,55.36,91.11,77,33.57
S106817,47.33,72.96,37.82,49.57,90.17,14,37.56
S106818,29.57,80.66,59.47,59.72,85.33,29,61.94
S106819,17.15,79.13,58.0,44.2,82.14,56,37.72
S106820,32.11,93.36,64.86,59.91,73.91,45,87.32
S106821,26.0,55.41,45.37,20.39,87.88,4,45.63
S106822,27.92,66.51,55.71,47.88,84.66,89,39.51
S106823,40.68,56.72,77.63,43.19,66.39,25,57.94
S106824,31.41,89.16,60.69,55.14,97.83,52,57.09
S106825,25.78,62.46,47.88,38.51,94.87,5,35.92
S106826,38.57,87.33,98.28,56.23,82.9,96,35.04
S106827,44.2,91.79,65.79,45.43,97.67,63,52.27
S106828,39.29,76.2,74.81,47.29,90.91,188,54.48
S106829,15.37,74.4,77.23,33.7,73.4,18,46.62
S106830,26.08,70.58,63.87,67.72,52.77,253,50.56
S106831,35.38,65.24,52.36,48.91,52.27,189,45.09
S106832,33.05,63.44,68.19,4.21,98.94,28,21.41
S106833,32.38,67.79,53.8,41.18,79.58,183,49.14
S106834,27.14,97.37,70.95,44.38,74.44,28,61.68
S106835,23.76,54.37,62.37,27.49,70.11,33,35.17
S106836,50.0,73.07,81.47,35.99,80.95,192,70.5
S106837,35.22,80.67,46.74,51.65,93.72,124,40.26
S106838,40.14,65.73,76.5,51.77,67.82,47,57.82
S106839,35.05,76.24,74.82,57.91,81.42,10,62.92
S106840,35.37,47.43,61.18,77.38,100.0,50,40.35
S106841,34.5,89.88,76.68,32.27,100.0,149,57.16
S106842,26.04,86.97,71.7,30.88,46.52,72,50.54
S106843,22.88,68.52,75.67,61.59,52.78,56,35.06
S106844,38.09,56.8,74.66,36.45,100.0,42,67.61
S106845,36.5,81.89,65.8,82.74,93.44,96,70.73
S106846,42.51,52.78,55.46,12.2,80.77,171,47.63
S106847,40.88,54.93,55.28,11.21,87.93,302,47.88
S106848,28.53,69.83,61.57,44.69,75.25,145,66.23
S106849,44.06,92.77,78.49,67.59,70.01,164,32.87
S106850,41.12,79.61,75.12,43.3,90.96,19,44.76
S106851,40.53,60.3,81.1,33.57,78.55,157,45.79
S106852,50.0,44.77,82.7,47.63,92.97,209,65.98
S106853,50.0,70.62,61.53,59.88,71.77,80,39.38
S106854,40.52,73.77,96.4,54.43,90.69,53,61.18
S106855,39.52,68.91,63.34,65.37,84.68,133,66.4
S106856,43.65,97.1,57.1,46.37,59.98,77,58.49
S106857,30.33,68.02,70.33,35.95,100.0,141,47.3
S106858,30.44,35.77,72.74,53.82,58.88,48,15.44
S106859,40.39,63.89,53.14,48.87,99.96,16,50.5
S106860,28.15,76.82,62.46,32.72,86.82,200,48.4
S106861,39.74,75.8,57.85,30.0,89.61,276,49.17
S106862,36.25,67.35,67.26,42.12,72.61,288,77.41
S106863,28.15,64.87,77.73,38.28,74.47,249,66.96
S106864,35.21,40.01,60.75,37.7,80.06,54,33.51
S106865,45.44,71.29,74.16,71.53,60.67,79,66.25
S106866,35.66,64.92,42.78,66.13,88.63,170,57.58
S106867,35.69,73.74,79.24,54.49,74.62,2,39.04
S106868,37.63,77.37,57.75,41.29,48.2,14,47.32
S106869,38.67,88.62,57.46,60.17,100.0,14,48.98
S106870,32.35,55.67,71.41,25.72,83.98,20,55.91
S106871,37.8,50.59,72.25,41.29,84.88,42,40.64
S106872,26.61,61.39,63.2,65.42,69.63,50,46.22
S106873,28.61,58.97,50.78,75.95,84.99,40,38.85
S106874,29.63,57.62,57.33,61.06,91.04,169,39.52
S106875,38.76,91.67,66.52,63.7,58.19,24,63.21
S106876,36.28,72.23,72.84,51.86,89.05,107,50.77
S106877,33.93,99.59,51.83,69.73,64.11,295,52.12
S106878,40.53,69.95,54.76,48.1,60.7,85,49.4
S106879,38.03,52.42,69.21,46.05,66.79,4,24.37
S106880,32.68,57.88,63.67,63.66,100.0,10,58.53
S106881,26.72,85.37,67.34,37.37,91.75,146,39.26
S106882,28.44,52.99,23.17,48.59,79.74,36,49.41
S106883,23.27,78.37,60.28,50.51,100.0,41,40.3
S106884,36.12,64.65,78.65,49.39,66.16,173,62.7
S106885,28.1,56.05,55.15,51.8,64.6,98,30.75
S106886,31.04,90.8,72.78,51.12,66.25,100,62.31
S106887,33.98,61.17,45.66,66.89,100.0,89,75.12
S106888,43.35,57.59,40.0,69.82,93.03,80,63.11
S106889,42.43,68.82,71.69,54.13,67.76,113,55.62
S106890,34.56,62.38,64.13,32.43,69.62,97,54.51
S106891,45.12,100.0,59.63,37.02,84.25,8,70.23
S106892,18.9,85.91,78.54,50.27,63.0,20,32.19
S106893,50.0,61.14,60.01,43.18,77.33,9,52.12
S106894,40.54,62.87,54.88,42.4,65.1,132,42.86
S106895,35.82,39.71,53.15,30.27,78.96,72,35.59
S106896,27.87,72.06,49.76,45.0,92.23,268,46.05
S106897,31.5,58.79,72.47,56.2,100.0,101,41.56
S106898,39.87,71.32,60.01,51.48,56.52,55,42.41
S106899,40.06,40.51,83.28,74.91,89.0,216,69.75
S106900,40.35,69.6,17.76,34.85,90.17,270,66.32
S106901,29.17,95.48,79.77,33.19,76.52,79,43.37
S106902,27.56,70.81,70.75,58.54,71.11,79,62.39
S106903,36.56,58.38,63.55,36.56,71.09,69,34.43
S106904,41.16,69.69,44.34,50.56,52.2,7,43.55
S106905,35.03,69.04,38.44,44.94,91.68,116,65.62
S106906,46.85,69.83,77.02,45.99,68.53,167,77.7
S106907,35.27,65.01,68.87,66.67,54.97,65,41.59
S106908,34.99,51.95,68.57,80.9,84.84,17,52.71
S106909,40.36,70.32,63.36,35.64,84.7,134,49.46
S106910,44.75,72.93,78.6,59.24,92.7,180,37.94
S106911,24.21,78.43,55.63,34.57,100.0,131,51.04
S106912,26.06,81.34,59.62,61.62,80.6,19,48.35
S106913,32.49,99.33,62.17,40.64,75.51,20,44.91
S106914,50.0,61.07,61.58,62.5,74.14,56,75.78
S106915,32.91,59.7,86.39,49.86,75.59,14,54.67
S106916,34.03,42.19,44.93,57.61,68.93,93,47.66
S106917,39.95,79.92,33.73,51.99,73.49,99,66.38
S106918,42.82,56.69,41.74,44.27,69.18,344,60.21
S106919,36.36,83.38,75.94,22.72,64.42,38,43.29
S106920,44.31,62.63,63.39,37.98,100.0,103,61.13
S106921,25.45,95.89,39.42,43.97,100.0,55,48.05
S106922,28.87,48.5,66.59,33.29,52.06,14,40.89
S106923,44.3,85.34,59.82,44.44,84.77,194,46.83
S106924,35.09,83.56,73.95,65.6,79.03,5,42.38
S106925,24.9,77.9,77.71,41.06,82.17,3,26.74
S106926,24.42,53.24,100.0,54.53,58.24,25,33.94
S106927,28.51,77.97,46.09,40.82,52.29,500,32.39
S106928,35.02,71.9,35.2,59.67,79.17,2,54.14
S106929,38.74,42.55,74.43,31.1,74.45,44,47.67
S106930,32.37,93.37,80.79,58.01,71.76,58,46.6
S106931,38.08,64.82,44.59,52.13,76.9,30,57.54
S106932,31.5,92.22,44.6,41.2,89.0,98,59.03
S106933,44.79,68.99,70.51,29.35,93.22,37,42.43
S106934,50.0,84.73,92.43,63.26,65.28,87,78.9
S106935,31.86,57.11,50.97,44.1,66.69,34,39.85
S106936,38.84,73.22,66.39,71.89,82.25,13,60.51
S106937,38.19,72.16,34.61,58.19,98.34,66,61.98
S106938,36.11,65.15,61.82,43.42,76.79,64,32.05
S106939,40.23,56.96,63.18,56.02,82.17,24,41.04
S106940,38.83,24.0,88.48,70.7,59.55,36,44.58
S106941,31.23,57.31,53.69,71.0,47.07,46,68.75
S106942,45.53,80.51,75.98,55.2,100.0,66,100.0
S106943,36.61,49.07,52.65,58.03,84.16,56,73.75
S106944,31.92,52.18,66.45,47.02,64.73,11,18.46
S106945,50.0,69.83,98.24,42.88,47.86,13,45.85
S106946,34.07,73.13,93.69,36.46,100.0,37,49.15
S106947,37.04,56.6,96.37,31.16,65.84,43,60.71
S106948,36.4,88.31,71.36,68.64,65.82,32,41.6
S106949,33.96,81.02,61.64,38.7,69.25,83,51.34
S106950,38.59,73.0,69.56,72.52,82.06,265,59.13
S106951,28.24,74.56,72.46,27.12,89.58,74,42.29
S106952,39.77,58.56,71.23,53.13,75.5,15,42.67
S106953,20.93,58.56,53.62,56.63,64.27,32,47.06
S106954,24.62,80.67,52.98,53.53,100.0,63,30.98
S106955,49.61,83.7,55.46,37.13,72.63,30,40.34
S106956,24.95,80.53,82.13,53.96,80.16,50,46.99
S106957,19.32,62.94,83.86,63.13,57.49,69,48.98
S106958,25.15,64.13,100.0,54.52,88.69,98,66.51
S106959,48.92,56.02,71.81,41.1,96.37,21,55.73
S106960,20.67,81.52,52.39,16.27,67.1,51,42.76
S106961,27.35,40.58,57.34,30.57,52.39,42,45.52
S106962,23.33,36.94,62.48,24.78,74.27,8,30.84
S106963,32.81,39.93,89.1,51.11,100.0,74,46.54
S106964,31.51,37.86,76.73,67.19,70.39,121,53.4
S106965,31.15,90.36,43.45,42.82,100.0,152,48.77
S106966,49.85,81.8,64.09,48.21,71.59,6,38.03
S106967,25.41,52.02,41.46,40.07,52.63,67,43.17
S106968,34.18,68.41,74.48,44.96,72.35,349,43.95
S106969,37.71,91.99,53.69,22.78,51.94,113,60.47
S106970,27.16,77.5,55.22,38.41,69.21,71,29.47
S106971,38.89,100.0,34.94,71.98,85.73,2,57.82
S106972,31.8,68.29,77.11,62.02,73.03,5,55.33
S106973,37.99,60.17,84.34,57.12,96.52,4,50.8
S106974,34.14,53.78,53.91,46.7,71.96,126,66.77
S106975,18.6,70.35,62.41,57.12,57.62,63,41.29
S106976,45.45,84.04,57.33,28.72,82.22,29,63.17
S106977,50.0,71.49,61.51,61.63,77.77,167,80.84
S106978,33.59,64.63,51.89,45.31,79.65,134,55.04
S106979,27.82,88.85,47.4,22.49,60.9,120,25.91
S106980,47.05,77.93,86.9,41.44,84.02,119,55.78
S106981,50.0,68.3,22.76,57.77,100.0,17,70.52
S106982,33.65,58.5,73.07,54.81,60.29,167,52.31
S106983,33.25,66.18,69.53,66.89,51.35,18,54.47
S106984,34.36,77.09,91.46,64.8,56.84,159,57.15
S106985,21.6,58.29,61.22,49.21,79.57,178,50.05
S106986,32.67,51.5,59.06,41.5,55.88,100,48.23
S106987,48.72,62.8,52.06,61.17,84.9,99,83.3
S106988,33.65,69.26,70.69,32.15,85.35,24,51.2
S106989,26.68,90.45,53.67,61.94,85.51,30,44.72
S106990,38.97,52.6,46.94,20.94,100.0,68,50.14
S106991,29.66,73.4,53.21,76.0,52.02,68,64.6
S106992,34.47,65.84,49.85,0.0,54.39,33,54.38
S106993,24.85,66.58,48.9,33.82,99.18,56,58.9
S106994,26.71,93.09,66.36,56.21,87.99,11,37.59
S106995,40.9,71.22,61.89,31.8,97.22,39,34.63
S106996,35.93,56.3,73.79,71.77,49.38,24,58.09
S106997,28.79,83.33,67.36,29.61,59.6,212,56.1
S106998,35.96,82.23,45.76,48.65,94.68,12,59.97
S106999,30.14,54.98,31.04,65.42,77.49,51,56.99
S107000,28.73,52.11,48.1,18.94,99.71,3,26.53
S107001,44.31,76.16,77.22,17.24,73.75,121,21.05
S107002,41.26,69.51,76.86,61.01,76.82,87,52.54
S107003,34.83,62.94,80.75,32.41,100.0,148,63.79
S107004,36.15,85.84,78.41,47.46,64.39,28,78.39
S107005,34.93,61.12,82.39,60.37,91.11,64,42.55
S107006,38.9,76.32,71.5,42.38,56.49,254,74.29
S107007,28.6,87.62,93.85,61.44,67.01,23,60.31
S107008,41.9,64.91,69.7,52.51,91.06,187,59.27
S107009,37.83,42.56,96.99,41.84,58.78,236,83.99
S107010,32.9,63.95,54.98,43.53,93.15,38,56.99
S107011,31.1,72.84,54.57,59.84,76.69,32,50.04
S107012,41.73,85.05,61.92,33.22,65.37,27,63.5
S107013,33.8,62.18,64.4,51.79,78.39,148,52.19
S107014,29.41,95.85,59.86,28.15,71.21,92,58.6
S107015,31.92,50.52,73.63,40.2,69.33,19,35.4
S107016,41.15,72.46,63.36,68.29,72.58,155,63.11
S107017,22.12,66.41,55.29,36.71,59.11,17,19.76
S107018,32.16,90.21,58.66,70.15,53.56,54,63.87
S107019,43.56,47.9,84.48,54.68,48.1,10,61.28
S107020,33.65,76.38,70.07,47.45,87.55,84,77.39
S107021,37.18,66.34,38.18,61.36,86.48,86,22.57
S107022,43.69,92.94,89.17,52.52,68.1,36,45.04
S107023,42.14,57.57,71.94,61.31,78.06,9,46.0
S107024,31.48,76.23,75.23,82.69,100.0,63,83.56
S107025,33.96,57.43,79.87,43.42,70.61,56,72.76
S107026,42.24,72.82,80.69,49.92,75.99,125,55.86
S107027,42.52,64.46,50.29,24.07,100.0,68,32.56
S107028,34.3,64.22,47.88,59.14,85.82,6,44.55
S107029,34.57,40.19,100.0,50.37,93.58,85,60.95
S107030,37.14,76.22,53.83,56.07,90.65,34,43.93
S107031,45.94,53.77,71.06,55.37,87.58,107,62.05
S107032,43.54,53.25,91.1,41.85,69.12,3,44.79
S107033,40.55,46.67,57.9,23.44,65.4,53,21.72
S107034,26.37,54.16,59.24,62.11,90.12,35,78.7
S107035,32.8,77.51,79.82,63.8,87.85,1,63.0
S107036,33.22,76.77,68.41,46.86,83.48,51,35.66
S107037,46.35,79.96,72.92,37.37,84.38,13,31.46
S107038,33.09,54.6,63.71,58.58,68.42,2,44.08
S107039,45.03,73.22,56.58,37.87,62.33,76,47.7
S107040,30.43,60.77,59.67,59.67,69.0,346,76.67
S107041,31.07,84.32,84.1,33.88,76.24,91,71.23
S107042,38.85,76.39,60.27,57.94,71.08,171,56.37
S107043,47.55,60.15,71.86,49.45,100.0,11,41.96
S107044,33.31,85.61,49.5,80.46,100.0,28,56.79
S107045,14.5,77.61,97.64,77.78,92.79,117,48.85
S107046,22.49,49.19,70.1,38.54,98.31,16,45.79
S107047,37.38,44.93,70.43,76.17,60.59,72,49.62
S107048,23.2,49.78,79.82,9.89,90.77,51,34.01
S107049,28.08,94.74,57.31,39.94,79.47,74,25.49
S107050,35.1,54.77,84.1,35.92,73.09,271,67.78
S107051,15.41,98.14,40.74,21.85,75.76,116,26.42
S107052,31.96,53.99,55.17,50.57,75.95,361,64.87
S107053,25.68,52.39,52.18,50.05,74.31,10,33.48
S107054,23.01,83.2,34.91,36.06,70.77,50,36.12
S107055,28.58,83.88,56.54,40.75,59.89,23,28.03
S107056,26.45,78.34,64.17,38.45,56.42,88,41.43
S107057,38.76,80.14,47.56,40.3,86.03,56,28.92
S107058,44.57,57.98,45.25,51.58,37.86,179,59.0
S107059,32.08,82.5,65.66,63.49,100.0,74,70.79
S107060,30.23,73.6,63.72,52.65,70.68,89,49.02
S107061,31.69,64.52,60.75,40.49,53.0,127,51.09
S107062,26.13,71.42,44.74,29.68,87.83,110,19.67
S107063,24.69,85.91,58.69,42.72,77.97,93,42.4
S107064,21.84,75.88,54.34,52.56,65.78,236,39.16
S107065,24.36,37.63,66.37,42.7,71.39,22,36.97
S107066,48.06,83.37,56.06,47.04,78.66,8,48.55
S107067,29.48,82.22,64.38,53.69,96.26,80,34.14
S107068,11.47,64.31,44.03,43.05,40.33,5,50.31
S107069,30.3,71.75,42.65,58.12,84.78,65,30.74
S107070,22.28,71.69,73.92,33.92,100.0,96,71.11
S107071,35.48,40.31,77.25,39.7,67.78,90,30.86
S107072,34.61,63.97,58.72,29.8,91.22,33,16.92
S107073,35.45,64.56,65.44,70.92,90.07,91,54.68
S107074,34.67,67.62,57.8,56.98,100.0,56,64.47
S107075,32.02,62.11,82.56,43.42,83.52,131,68.87
S107076,23.35,79.94,61.75,49.05,90.55,164,42.39
S107077,34.4,69.83,57.02,67.64,95.98,88,71.29
S107078,43.15,83.65,80.46,44.14,89.26,79,59.31
S107079,49.51,79.24,52.61,74.16,66.61,27,65.84
S107080,33.1,90.41,67.51,77.21,69.07,50,82.62
S107081,33.96,96.01,48.22,53.74,84.01,21,50.74
S107082,39.0,69.83,75.63,21.8,93.01,97,32.99
S107083,46.95,52.22,78.05,62.91,85.07,84,35.95
S107084,31.11,75.16,44.38,63.38,64.46,9,33.8
S107085,40.54,59.23,41.89,44.79,76.32,182,29.75
S107086,28.42,100.0,69.62,44.83,59.19,352,61.65
S107087,37.64,79.21,96.05,58.51,88.82,12,17.2
S107088,42.76,91.24,79.14,62.12,100.0,26,78.25
S107089,24.67,76.53,61.6,47.49,87.9,138,60.57
S107090,30.8,30.47,51.33,64.21,50.67,40,24.68
S107091,42.64,58.25,45.54,45.68,81.58,5,53.66
S107092,39.93,59.72,76.47,39.78,79.78,194,52.29
S107093,43.29,64.15,79.76,51.31,72.04,60,74.49
S107094,41.79,75.39,54.9,68.8,49.33,3,64.13
S107095,32.27,77.52,61.05,42.25,87.18,46,33.19
S107096,50.0,30.59,65.75,34.02,94.21,144,73.5
S107097,36.1,66.45,94.01,38.64,66.74,40,50.1
S107098,10.55,62.71,66.04,54.44,66.59,11,33.59
S107099,32.74,90.72,49.3,52.75,75.24,3,32.92
S107100,31.25,78.88,46.49,71.72,100.0,121,56.53
S107101,41.36,67.25,50.42,58.74,75.75,57,53.27
S107102,31.39,73.36,85.22,47.01,68.51,31,68.64
S107103,43.79,44.69,73.21,51.26,74.01,140,67.86
S107104,39.46,79.92,59.47,33.66,88.68,10,54.63
S107105,27.0,64.07,18.2,53.08,49.65,14,44.67
S107106,33.88,57.89,51.36,58.26,76.52,39,40.34
S107107,28.8,69.83,70.5,38.25,74.78,3,37.61
S107108,36.48,74.1,70.63,65.45,78.38,154,49.03
S107109,28.75,60.02,70.5,56.01,69.57,49,46.53
S107110,35.6,60.93,43.44,40.5,60.04,72,38.93
S107111,32.82,75.49,67.83,51.36,93.98,4,29.65
S107112,33.78,74.32,49.39,40.81,52.42,161,76.96
S107113,50.0,70.44,65.03,75.39,100.0,279,53.15
S107114,32.12,51.95,52.72,58.96,85.22,175,71.2
S107115,19.52,54.17,82.13,62.77,90.22,92,47.98
S107116,43.13,58.78,70.4,34.56,80.95,126,77.59
S107117,43.06,67.06,62.71,49.59,97.67,151,60.33
S107118,19.17,69.38,87.09,19.08,88.04,20,35.84
S107119,29.39,69.83,59.04,12.63,99.57,12,50.03
S107120,38.49,68.29,42.36,13.08,92.69,18,30.96
S107121,39.19,98.22,81.89,54.2,96.77,175,78.21
S107122,34.96,82.74,69.04,67.48,69.28,33,58.45
S107123,35.14,87.82,59.9,12.51,74.29,13,36.86
S107124,27.49,76.96,54.7,48.93,80.24,500,66.22
S107125,15.8,71.09,73.17,44.76,80.05,15,0.0
S107126,50.0,76.15,78.02,61.32,88.63,10,55.1
S107127,27.25,73.39,52.73,35.64,68.75,144,66.01
S107128,36.41,82.12,74.05,40.18,79.91,149,60.17
S107129,33.73,55.37,69.01,24.54,89.41,64,59.22
S107130,42.18,80.87,51.73,49.41,51.27,26,51.72
S107131,35.92,72.51,65.06,59.98,95.85,29,48.72
S107132,36.23,42.89,56.25,33.28,100.0,29,65.23
S107133,13.93,71.29,84.85,49.72,66.27,161,38.45
S107134,28.33,50.41,54.62,17.98,100.0,1,30.9
S107135,40.96,61.98,89.14,41.76,83.4,99,73.41
S107136,40.24,67.61,67.1,56.19,66.72,248,55.48
S107137,27.39,47.39,37.07,47.95,92.42,112,23.96
S107138,22.38,69.19,30.23,35.33,100.0,56,37.64
S107139,36.01,71.03,61.66,63.67,73.95,7,71.49
S107140,11.75,81.33,86.34,65.77,64.01,2,18.75
S107141,25.81,63.19,84.69,46.58,46.48,19,41.13
S107142,49.08,74.12,67.66,84.14,77.83,76,69.86
S107143,46.56,68.57,53.21,61.33,82.45,48,35.45
S107144,38.9,63.73,58.32,42.29,100.0,74,69.1
S107145,37.46,44.94,68.32,55.69,100.0,7,44.4
S107146,19.4,68.33,82.4,18.75,70.05,141,38.65
S107147,29.07,81.17,74.11,52.2,92.11,91,25.86
S107148,32.64,55.99,80.49,48.48,62.74,81,74.89
S107149,29.24,66.73,75.3,41.59,81.09,15,33.78
S107150,32.2,68.94,80.02,27.6,78.05,63,47.1
S107151,45.39,86.54,28.82,56.38,66.86,24,63.77
S107152,30.67,70.45,50.72,82.0,78.19,216,45.77
S107153,32.27,74.32,47.32,53.81,92.65,50,54.28
S107154,40.92,69.87,45.8,70.14,96.45,29,36.16
S107155,23.64,62.62,65.09,44.88,77.83,241,30.15
S107156,28.28,52.98,41.84,55.88,78.69,18,62.19
S107157,29.1,65.72,49.9,52.63,52.41,54,30.61
S107158,35.44,75.9,63.42,27.93,84.11,15,41.41
S107159,32.24,71.85,39.34,48.41,76.02,8,35.38
S107160,32.49,92.19,57.22,55.33,78.64,4,68.21
S107161,29.68,84.19,75.22,49.36,72.78,1,34.84
S107162,26.43,88.61,45.39,48.5,65.77,99,60.35
S107163,39.87,39.52,77.74,62.33,66.9,39,38.33
S107164,32.3,93.69,52.1,44.59,69.85,204,47.25
S107165,39.95,74.0,69.35,41.32,60.1,79,44.16
S107166,26.11,76.13,47.3,56.47,84.37,132,65.76
S107167,29.68,83.44,72.25,56.27,88.41,27,25.86
S107168,33.23,70.32,60.14,31.49,77.93,19,66.71
S107169,33.98,53.94,72.46,18.66,82.65,47,58.26
S107170,41.03,91.71,56.28,49.82,76.56,141,42.83
S107171,31.56,69.83,73.9,48.22,97.13,52,55.18
S107172,40.97,55.21,78.55,75.83,80.81,64,38.89
S107173,38.0,66.49,66.92,75.43,84.16,36,86.37
S107174,34.15,64.21,57.33,23.18,92.05,72,70.5
S107175,27.39,70.06,61.26,46.66,79.64,56,62.29
S107176,41.06,68.53,44.77,40.19,100.0,50,43.7
S107177,27.59,90.21,68.25,31.58,70.03,64,38.41
S107178,34.83,76.89,74.97,42.75,100.0,43,48.73
S107179,34.57,57.13,90.06,47.69,77.05,124,58.23
S107180,33.34,59.19,85.93,39.65,70.21,6,37.24
S107181,31.89,64.18,49.36,49.28,56.47,35,39.07
S107182,28.42,64.24,68.39,55.93,93.07,112,40.12
S107183,22.06,62.28,62.87,54.1,74.52,36,15.0
S107184,46.23,69.83,84.49,33.12,82.15,51,58.82
S107185,31.07,74.36,53.65,53.15,83.92,40,74.07
S107186,33.98,63.17,79.05,39.55,72.68,34,31.04
S107187,33.93,55.72,49.21,59.79,96.1,64,69.35
S107188,43.76,77.28,63.3,53.51,86.82,14,58.7
S107189,50.0,82.72,50.85,42.63,67.22,46,30.22
S107190,36.28,66.32,33.56,49.29,59.84,112,48.98
S107191,33.74,96.72,50.53,43.45,91.72,1,47.42
S107192,26.01,100.0,60.88,71.79,76.38,74,65.76
S107193,23.45,77.45,87.82,61.47,90.47,322,80.61
S107194,20.81,62.97,47.6,39.62,76.26,41,51.73
S107195,28.63,69.83,55.31,64.04,83.18,62,68.11
S107196,18.27,51.63,41.95,38.56,92.08,12,49.17
S107197,43.63,56.92,83.48,47.85,57.48,98,33.13
S107198,38.38,44.76,57.63,39.52,100.0,43,67.92
S107199,32.99,60.57,59.59,34.53,85.63,117,31.76
S107200,43.88,51.51,59.44,53.34,49.34,11,53.48
S107201,26.43,79.36,33.79,8.13,100.0,6,24.65
S107202,28.44,58.76,41.53,50.1,94.83,26,56.54
S107203,19.53,74.15,49.77,61.66,77.15,15,24.83
S107204,41.19,81.22,74.86,43.49,100.0,136,48.55
S107205,28.52,87.57,25.01,82.96,70.42,113,47.76
S107206,35.13,64.7,73.66,26.6,78.05,272,58.96
S107207,43.02,69.83,70.49,37.16,100.0,6,75.84
S107208,45.97,75.14,35.96,69.89,87.81,27,38.41
S107209,34.77,89.08,59.93,32.65,96.26,282,64.56
S107210,38.07,81.75,83.62,51.12,92.25,9,70.35
S107211,27.77,89.55,47.87,63.08,59.21,54,66.69
S107212,48.47,45.03,56.17,50.92,84.49,85,36.91
S107213,33.67,60.04,100.0,49.27,83.11,21,36.75
S107214,35.64,85.48,70.21,55.83,97.79,120,64.93
S107215,31.75,78.71,60.87,77.2,100.0,153,77.64
S107216,44.59,68.12,57.37,34.19,99.35,41,51.75
S107217,36.6,62.89,70.97,73.25,72.9,97,62.93
S107218,41.09,81.83,75.96,42.22,58.44,61,36.51
S107219,37.83,40.31,30.51,47.64,87.5,91,17.75
S107220,33.24,81.88,29.26,62.36,78.67,48,40.0
S107221,42.44,71.36,49.03,58.8,64.22,3,29.68
S107222,37.76,62.67,62.54,63.12,69.56,31,55.31
S107223,27.31,77.54,66.21,39.09,79.12,28,61.42
S107224,27.09,69.83,37.74,43.07,83.87,206,53.83
S107225,36.19,70.44,61.72,38.61,71.66,46,34.37
S107226,42.26,69.31,63.85,71.27,79.76,187,57.94
S107227,48.12,81.17,51.4,34.06,78.91,0,41.23
S107228,20.78,72.39,56.45,93.42,84.12,80,58.4
S107229,35.21,69.83,53.38,70.42,65.36,56,49.28
S107230,38.92,49.12,72.43,42.83,69.53,4,32.05
S107231,37.37,53.74,65.11,42.15,100.0,50,67.01
S107232,43.07,76.85,46.72,62.37,76.11,39,59.04
S107233,40.24,78.35,80.28,32.72,87.15,19,61.37
S107234,27.12,95.06,43.12,50.88,61.73,7,14.26
S107235,26.88,54.78,37.59,52.35,97.82,125,51.62
S107236,37.5,89.64,61.08,32.19,97.27,75,31.55
S107237,42.92,40.93,61.0,48.69,84.48,71,58.63
S107238,36.15,69.83,66.16,55.82,70.79,189,53.04
S107239,22.38,73.68,46.1,46.35,58.46,1,32.09
S107240,26.62,73.62,79.29,32.97,100.0,62,82.84
S107241,40.53,65.36,92.44,68.99,73.92,244,61.98
S107242,32.21,71.77,64.65,57.35,58.49,48,44.16
S107243,35.94,51.47,70.06,37.38,71.05,51,56.85
S107244,43.52,82.98,31.16,24.48,85.99,6,52.03
S107245,25.38,73.75,58.04,64.82,61.29,97,59.07
S107246,31.69,69.83,53.86,52.71,71.14,115,50.04
S107247,30.82,65.81,51.27,49.47,58.39,12,24.44
S107248,37.84,65.08,54.48,53.09,100.0,81,42.28
S107249,41.18,77.87,56.08,45.91,78.76,37,46.56
S107250,23.16,93.85,41.72,46.3,58.22,67,31.51
S107251,34.96,49.1,57.2,56.85,66.5,90,32.46
S107252,41.95,48.34,48.33,53.41,70.32,8,52.93
S107253,20.16,73.99,77.61,58.45,80.35,29,73.1
S107254,34.48,65.02,70.29,50.43,66.33,56,49.34
S107255,25.27,71.86,70.31,34.43,74.52,15,65.62
S107256,29.87,69.64,80.63,68.1,70.44,84,74.52
S107257,14.96,79.33,51.78,74.02,58.45,145,63.98
S107258,46.14,65.71,69.32,39.6,66.27,78,51.85
S107259,32.15,51.88,82.12,2.08,68.43,123,66.86
S107260,28.54,58.15,50.66,48.32,61.71,54,56.49
S107261,37.63,67.59,32.53,26.65,58.35,171,34.08
S107262,26.66,51.18,53.95,26.61,71.07,90,40.17
S107263,25.9,69.45,80.3,51.27,92.97,33,65.53
S107264,47.08,70.91,49.75,24.72,77.78,59,42.36
S107265,49.47,64.63,57.56,40.42,32.25,83,49.35
S107266,30.26,73.14,52.52,56.79,95.15,124,74.49
S107267,43.54,45.79,61.95,40.54,69.6,15,52.19
S107268,37.85,55.7,48.22,77.08,100.0,372,68.81
S107269,23.69,52.86,41.27,36.67,92.1,13,44.65
S107270,27.57,83.2,57.95,52.29,75.4,63,21.79
S107271,47.41,100.0,60.67,24.33,77.07,1,49.66
S107272,23.59,56.79,82.86,37.26,62.89,46,23.84
S107273,50.0,66.47,66.06,26.78,89.77,0,42.11
S107274,30.43,59.6,46.25,46.62,100.0,6,40.46
S107275,47.65,73.32,53.29,37.45,69.1,64,37.47
S107276,32.56,60.87,76.42,57.69,70.96,49,48.0
S107277,41.4,74.24,58.22,36.86,100.0,5,66.06
S107278,46.16,79.98,47.51,68.74,81.29,214,72.31
S107279,46.12,51.64,66.32,58.53,57.14,34,60.24
S107280,30.33,74.07,52.36,49.67,59.54,109,49.26
S107281,28.14,43.09,72.65,63.88,100.0,263,66.86
S107282,34.35,66.15,70.81,74.68,87.11,192,79.94
S107283,24.6,65.14,46.64,39.12,64.25,92,40.56
S107284,36.91,66.56,93.56,55.92,85.06,1,66.18
S107285,28.43,65.32,63.03,54.02,67.52,82,32.77
S107286,43.66,62.58,22.38,92.65,51.2,7,56.42
S107287,30.44,66.01,71.09,79.11,74.82,45,60.0
S107288,21.06,73.57,23.43,47.81,79.87,196,50.1
S107289,46.21,73.99,81.64,66.26,56.49,10,72.15
S107290,36.47,71.73,65.91,40.84,61.15,98,26.49
S107291,35.23,61.4,62.66,50.92,64.97,27,59.59
S107292,43.76,86.21,63.65,56.22,76.93,14,64.93
S107293,41.97,92.88,73.03,54.51,81.93,22,64.7
S107294,28.91,50.67,55.96,26.8,58.36,42,43.96
S107295,31.4,72.46,63.48,42.81,71.27,131,37.45
S107296,26.1,62.98,65.53,43.18,72.94,58,27.68
S107297,23.28,83.88,17.54,53.08,53.94,34,24.29
S107298,39.63,69.81,73.15,41.07,83.37,15,48.91
S107299,38.14,70.8,75.85,59.18,88.95,23,66.08
S107300,41.09,77.42,70.88,46.27,84.68,233,49.87
S107301,45.25,65.54,69.75,33.27,60.18,20,30.95
S107302,41.2,95.16,89.18,45.33,88.97,32,66.83
S107303,41.91,77.65,62.94,64.87,78.48,54,58.89
S107304,18.38,83.97,63.49,59.07,94.74,48,41.84
S107305,32.54,66.69,53.21,60.71,87.17,29,20.96
S107306,42.72,68.16,33.02,67.66,84.68,1,59.18
S107307,25.65,82.17,70.97,29.97,75.77,139,58.38
S107308,35.73,80.67,54.93,39.0,94.34,6,33.23
S107309,39.16,51.27,32.85,50.61,62.85,125,46.72
S107310,38.54,71.91,62.44,62.42,61.04,29,56.42
S107311,37.95,77.11,61.99,47.1,100.0,194,43.53
S107312,39.79,68.05,59.96,87.42,50.86,55,72.3
S107313,36.45,75.68,65.81,50.21,62.13,1,22.31
S107314,23.3,68.68,38.66,31.91,92.06,58,32.57
S107315,39.06,36.3,79.51,63.24,55.59,192,74.26
S107316,37.28,50.34,70.58,52.42,91.05,3,47.22
S107317,23.4,84.62,83.52,28.75,98.4,49,70.31
S107318,46.04,66.33,54.77,59.97,100.0,96,73.68
S107319,39.27,72.85,70.52,43.81,81.0,5,22.24
S107320,23.96,69.95,33.74,48.19,62.41,21,66.56
S107321,28.46,57.62,50.31,58.69,66.28,3,42.24
S107322,30.49,62.99,41.69,24.92,98.98,65,34.12
S107323,30.48,74.93,67.8,54.22,52.01,135,34.42
S107324,37.34,76.46,45.97,23.57,92.35,35,49.04
S107325,27.19,100.0,56.64,65.71,55.88,9,42.15
S107326,44.03,62.83,63.58,59.22,78.57,60,73.66
S107327,43.37,95.06,57.12,74.01,70.66,161,59.83
S107328,39.95,57.09,42.58,63.87,73.35,71,37.82
S107329,35.35,77.33,89.98,31.56,100.0,20,46.18
S107330,42.5,72.67,65.49,47.34,71.91,20,77.76
S107331,32.79,68.11,90.12,61.43,95.64,33,55.96
S107332,29.2,69.92,47.13,36.97,69.2,7,48.27
S107333,44.52,60.66,57.63,60.87,83.93,62,58.06
S107334,37.54,83.56,65.03,36.51,78.09,286,63.27
S107335,29.53,57.36,88.16,52.51,59.41,130,29.18
S107336,31.66,74.76,90.01,38.55,59.75,63,55.67
S107337,29.11,81.34,56.69,34.97,76.06,203,36.82
S107338,50.0,90.76,51.97,20.18,74.09,69,46.8
S107339,35.03,84.58,63.55,67.65,90.15,128,78.07
S107340,36.26,78.59,82.85,32.11,52.17,16,34.2
S107341,40.77,60.43,65.81,25.98,67.57,17,49.36
S107342,25.28,58.21,68.73,33.78,86.46,162,46.3
S107343,43.77,52.92,82.7,19.56,76.26,21,41.2
S107344,30.14,51.49,80.12,38.82,58.18,65,45.77
S107345,49.64,69.98,80.74,18.98,85.4,19,59.51
S107346,32.5,59.09,74.95,63.57,92.73,75,45.98
S107347,43.3,87.99,86.63,52.88,65.03,49,45.55
S107348,15.03,61.32,45.56,51.41,94.5,136,45.22
S107349,25.6,71.41,100.0,73.4,71.06,117,71.41
S107350,32.65,66.03,81.97,49.43,74.66,22,33.43
S107351,18.75,48.94,62.44,56.58,72.01,57,38.47
S107352,39.81,86.34,82.76,77.64,95.21,316,66.39
S107353,37.5,80.43,59.44,49.4,77.55,59,58.2
S107354,27.07,82.16,72.6,48.59,91.6,46,66.23
S107355,34.87,78.92,74.47,55.81,72.72,4,48.52
S107356,41.45,58.61,78.79,39.9,85.39,69,55.16
S107357,18.18,58.9,57.65,46.11,63.69,231,28.23
S107358,24.81,76.78,79.13,23.54,95.02,190,27.4
S107359,32.32,93.14,57.93,0.0,75.4,56,67.67
S107360,35.19,75.79,76.7,30.87,98.74,33,35.82
S107361,34.53,84.68,64.71,60.1,79.22,107,57.7
S107362,42.11,62.11,35.82,44.7,81.44,65,57.96
S107363,38.82,86.47,53.21,69.25,100.0,65,62.5
S107364,40.57,63.71,78.57,31.25,91.18,137,65.64
S107365,23.88,73.6,60.14,64.09,82.92,22,49.18
S107366,36.16,64.51,84.42,46.49,61.71,56,50.91
S107367,32.54,83.34,45.59,34.86,68.67,74,26.95
S107368,46.7,83.54,76.14,35.32,91.78,208,55.38
S107369,36.4,47.85,64.24,13.18,75.01,2,41.67
S107370,29.65,89.88,61.05,51.88,76.89,52,60.18
S107371,41.82,100.0,46.15,40.04,63.77,24,60.94
S107372,39.51,64.67,68.36,32.99,86.08,145,47.93
S107373,28.43,68.1,48.86,61.26,81.56,29,20.28
S107374,32.21,88.59,54.82,16.99,90.69,26,53.93
S107375,32.35,71.0,62.75,61.74,98.57,90,70.74
S107376,44.82,69.94,59.15,39.73,86.73,27,47.9
S107377,36.63,98.45,81.44,39.19,62.41,41,70.81
S107378,40.81,49.69,23.56,45.39,57.32,3,47.95
S107379,31.05,58.17,62.15,64.68,90.96,35,46.9
S107380,37.68,76.27,59.2,65.63,81.8,97,64.85
S107381,45.43,45.71,64.86,65.73,100.0,64,65.1
S107382,32.11,64.4,56.29,39.13,80.37,12,32.15
S107383,35.92,64.27,81.38,62.97,54.09,137,38.5
S107384,24.09,84.43,60.88,70.84,61.01,33,49.58
S107385,28.88,80.39,67.13,54.62,68.75,168,49.12
S107386,32.32,44.75,79.28,36.82,100.0,148,40.68
S107387,26.51,59.6,65.83,35.2,97.53,13,54.47
S107388,45.58,59.65,44.69,54.71,71.96,192,74.48
S107389,28.3,66.75,58.17,57.42,77.09,6,46.78
S107390,41.29,53.54,63.01,16.1,59.56,43,55.47
S107391,36.49,76.77,38.66,57.65,59.05,15,40.49
S107392,35.25,59.59,53.61,51.14,96.78,10,31.36
S107393,46.89,78.83,63.91,70.17,94.11,10,63.33
S107394,16.92,69.96,97.2,62.02,75.86,0,47.2
S107395,33.43,55.4,70.94,60.48,100.0,126,36.97
S107396,26.36,90.82,67.52,37.02,86.52,24,52.87
S107397,19.31,91.27,92.05,21.59,83.18,1,45.13
S107398,25.44,74.36,74.41,35.63,83.26,20,59.39
S107399,35.14,66.41,76.66,47.88,64.07,5,56.39
S107400,29.2,54.16,58.49,23.66,94.16,4,25.68
S107401,42.17,86.07,44.75,55.1,94.28,127,63.48
S107402,33.29,82.34,69.19,45.28,83.61,1,36.3
S107403,32.4,57.79,94.16,18.3,63.23,160,41.42
S107404,32.44,59.7,89.21,51.07,96.34,18,41.51
S107405,34.21,76.85,75.53,51.36,53.0,244,66.78
S107406,31.65,52.37,54.01,61.99,68.39,113,53.87
S107407,28.19,60.61,40.19,35.72,88.7,23,62.01
S107408,42.91,54.39,51.84,34.02,73.88,28,29.76
S107409,30.01,54.87,68.48,49.9,65.15,56,58.78
S107410,31.93,59.2,57.46,67.67,100.0,20,61.86
S107411,38.44,83.59,81.03,61.85,97.0,23,55.2
S107412,37.55,43.68,41.17,27.47,96.0,73,34.23
S107413,27.85,76.5,62.94,48.67,84.98,85,56.27
S107414,41.04,73.87,52.73,77.93,80.52,19,90.84
S107415,39.3,84.53,80.86,65.95,100.0,151,41.98
S107416,36.42,73.86,73.68,72.16,100.0,117,66.04
S107417,31.55,64.32,51.7,55.43,78.74,54,38.23
S107418,31.75,57.77,78.67,20.36,100.0,13,11.21
S107419,33.39,84.86,39.04,40.6,78.12,41,21.92
S107420,25.15,77.45,36.42,31.76,85.78,39,46.89
S107421,34.69,62.6,50.84,26.44,100.0,185,52.83
S107422,42.14,83.63,33.27,62.19,85.57,159,33.24
S107423,42.01,63.31,63.2,62.5,76.04,3,58.37
S107424,31.95,69.99,63.71,52.32,85.73,0,15.66
S107425,43.51,60.93,58.51,67.33,79.92,119,64.46
S107426,50.0,78.01,73.62,31.43,48.04,10,63.48
S107427,32.47,55.09,53.43,62.69,95.05,18,30.74
S107428,40.53,65.52,44.24,25.75,70.66,234,46.1
S107429,16.9,60.18,52.24,24.58,62.74,36,21.32
S107430,24.93,73.96,45.47,76.7,98.07,146,52.95
S107431,35.73,75.83,55.21,40.74,85.67,14,41.73
S107432,26.95,53.44,74.54,44.45,90.19,91,70.47
S107433,50.0,76.1,36.9,29.4,78.11,79,28.48
S107434,39.78,47.85,59.56,37.55,83.36,56,32.49
S107435,42.73,100.0,80.32,39.68,75.49,28,56.17
S107436,34.77,62.33,82.15,75.14,67.08,12,56.17
S107437,26.97,85.74,54.09,56.75,90.28,6,41.26
S107438,30.85,73.02,100.0,60.96,83.57,91,43.77
S107439,37.04,73.63,48.17,63.47,100.0,87,71.24
S107440,29.9,52.51,61.34,59.45,46.47,1,45.23
S107441,40.37,82.65,46.28,22.79,97.68,73,51.73
S107442,40.69,70.73,71.93,37.24,74.18,13,38.22
S107443,35.04,77.05,100.0,66.15,72.76,3,60.45
S107444,20.39,68.64,94.5,37.09,88.77,58,25.59
S107445,48.72,71.95,78.54,57.04,66.68,20,72.09
S107446,33.3,56.69,55.28,32.73,73.26,62,40.72
S107447,50.0,69.83,62.31,60.48,88.92,101,51.68
S107448,40.22,63.7,82.86,73.77,71.97,208,83.16
S107449,33.32,59.42,76.99,53.26,69.41,33,64.3
S107450,38.58,72.02,66.33,34.58,69.38,44,51.35
S107451,18.85,75.45,67.27,38.5,85.26,14,40.89
S107452,43.21,73.76,81.89,26.1,61.93,102,49.12
S107453,50.0,68.47,85.85,29.18,91.34,139,65.23
S107454,18.29,76.17,40.99,61.29,100.0,97,31.85
S107455,32.7,73.63,68.63,48.03,80.05,47,48.91
S107456,34.16,71.46,74.25,60.47,86.53,66,30.91
S107457,42.0,72.49,56.49,47.7,83.97,20,47.26
S107458,50.0,87.75,85.46,29.64,65.99,106,54.22
S107459,38.06,51.92,60.38,18.68,84.75,87,32.27
S107460,50.0,65.22,85.91,63.3,83.34,207,52.27
S107461,36.36,75.07,59.11,30.97,100.0,67,52.31
S107462,38.61,46.26,69.15,58.95,83.72,111,40.9
S107463,37.63,90.74,68.8,85.99,98.63,56,66.2
S107464,44.76,73.82,91.6,41.97,86.44,144,100.0
S107465,31.62,84.35,76.86,33.98,72.36,72,24.95
S107466,41.55,86.8,57.68,66.82,62.22,50,40.31
S107467,25.15,76.19,60.64,41.5,84.62,13,16.94
S107468,32.72,36.51,60.58,58.65,91.4,130,39.85
S107469,29.91,72.22,65.3,62.97,78.66,132,62.59
S107470,35.7,73.18,49.89,47.43,70.5,30,88.01
S107471,32.47,53.7,63.7,66.79,100.0,47,32.51
S107472,44.06,43.15,86.89,67.0,73.38,43,52.03
S107473,27.97,76.93,86.18,84.79,62.72,33,70.53
S107474,21.15,51.26,39.96,69.01,79.03,55,47.16
S107475,24.14,100.0,37.43,42.34,81.17,56,56.26
S107476,42.95,73.95,55.51,44.83,68.97,6,28.81
S107477,27.24,90.27,36.53,42.95,78.63,24,32.29
S107478,38.18,70.47,44.79,46.49,54.57,5,57.9
S107479,32.64,81.27,70.62,68.4,86.36,104,56.49
S107480,41.59,70.8,64.39,40.84,64.25,101,54.94
S107481,33.15,85.08,37.46,35.63,74.27,27,32.13
S107482,50.0,39.43,83.72,24.43,69.85,70,28.91
S107483,50.0,83.32,58.25,33.68,100.0,45,66.34
S107484,32.48,80.03,56.71,24.86,75.45,13,53.5
S107485,31.38,69.83,81.26,33.99,67.35,89,41.07
S107486,50.0,63.86,71.57,34.61,100.0,119,76.25
S107487,26.37,69.83,64.32,51.95,100.0,33,62.87
S107488,34.56,74.24,57.09,22.33,92.55,57,49.39
S107489,35.18,88.21,74.11,40.99,88.43,16,64.32
S107490,34.98,61.99,58.07,56.78,67.02,5,29.42
S107491,21.09,44.47,61.35,31.45,96.31,24,44.65
S107492,38.97,100.0,46.18,50.03,85.47,137,63.63
S107493,27.24,80.07,83.28,53.88,70.45,118,71.2
S107494,46.49,64.13,89.84,33.69,82.11,22,49.75
S107495,23.35,87.83,68.39,72.8,73.04,5,35.12
S107496,35.48,84.01,57.22,28.76,57.16,141,30.44
S107497,17.27,77.38,79.97,45.34,100.0,78,61.49
S107498,17.76,62.84,74.42,48.9,52.79,7,2.22
S107499,28.29,80.01,57.9,32.45,100.0,99,26.03
S107500,29.41,86.34,83.42,45.93,76.79,59,76.94
S107501,46.73,44.2,58.21,65.03,86.78,12,53.09
S107502,34.68,73.37,44.42,35.0,88.01,2,43.97
S107503,45.34,74.47,63.95,33.35,65.15,147,61.97
S107504,31.96,73.99,82.35,28.98,76.84,27,26.74
S107505,39.85,70.69,66.64,26.31,78.48,63,27.54
S107506,29.2,87.79,46.24,54.02,70.95,13,36.05
S107507,28.65,66.83,58.55,24.75,95.56,91,56.09
S107508,20.43,69.96,84.14,58.68,61.86,4,26.31
S107509,37.69,74.73,69.38,53.86,82.98,145,54.56
S107510,37.1,67.33,64.7,40.06,54.35,67,68.02
S107511,41.22,49.21,62.91,45.75,83.59,8,51.95
S107512,36.72,73.21,82.28,49.65,82.55,65,74.02
S107513,50.0,73.38,81.23,0.0,100.0,43,52.63
S107514,36.41,64.52,42.58,42.48,70.78,26,39.11
S107515,42.93,68.02,80.04,54.88,77.46,90,49.77
S107516,32.41,22.3,73.26,37.15,76.4,133,65.99
S107517,27.73,88.13,90.49,43.97,100.0,10,27.78
S107518,40.74,83.52,63.89,42.68,71.36,26,33.87
S107519,34.29,49.93,83.16,69.84,83.38,14,43.17
S107520,41.66,59.87,72.5,56.29,75.6,48,69.52
S107521,37.82,91.73,47.18,54.88,77.72,0,32.69
S107522,28.66,52.68,81.33,27.28,80.17,56,31.22
S107523,43.59,77.18,77.95,23.65,96.47,3,58.59
S107524,28.03,62.62,54.6,19.24,100.0,17,35.53
S107525,40.0,76.15,69.63,29.87,59.18,152,33.76
S107526,45.25,70.75,98.72,56.66,91.72,136,66.14
S107527,31.92,65.75,57.27,22.41,98.82,77,49.57
S107528,44.25,75.83,76.62,16.56,85.1,101,34.4
S107529,38.18,62.6,47.48,58.34,97.76,65,31.85
S107530,41.82,43.24,55.88,37.39,61.27,40,58.06
S107531,28.31,56.08,77.97,74.91,87.62,22,61.66
S107532,36.71,54.28,69.11,52.73,98.73,191,68.56
S107533,23.74,45.94,61.78,21.58,70.55,183,44.9
S107534,48.69,75.54,92.24,63.8,60.68,180,66.12
S107535,18.89,67.41,50.25,69.49,97.13,195,49.28
S107536,32.16,75.31,62.66,27.13,73.66,116,40.12
S107537,27.55,77.81,72.87,63.33,71.33,182,42.63
S107538,40.4,69.83,51.06,73.78,51.79,164,50.44
S107539,50.0,76.1,73.15,73.9,72.3,25,73.08
S107540,40.24,55.31,82.19,66.01,69.52,149,73.2
S107541,50.0,78.69,63.17,47.24,52.96,66,79.97
S107542,23.98,73.33,54.04,50.39,71.22,59,69.82
S107543,24.59,100.0,60.0,38.94,97.78,11,70.21
S107544,27.86,70.12,22.15,25.99,85.13,153,40.36
S107545,35.97,75.74,81.1,40.77,55.44,31,46.81
S107546,26.78,68.58,69.23,64.11,85.85,19,65.04
S107547,28.99,70.73,62.18,42.97,90.9,141,36.65
S107548,39.96,69.72,38.33,28.87,81.56,2,62.5
S107549,25.09,63.48,82.74,38.63,79.47,18,49.4
S107550,25.93,72.66,58.0,69.64,68.11,54,62.76
S107551,31.81,79.33,74.04,48.49,86.27,176,74.19
S107552,32.56,63.71,64.82,27.42,88.78,45,35.29
S107553,43.08,69.83,39.16,84.87,84.21,15,55.26
S107554,27.79,80.71,85.3,69.45,100.0,54,55.51
S107555,29.24,56.8,82.26,38.89,76.92,79,50.94
S107556,39.65,55.54,77.22,63.04,60.45,165,53.1
S107557,41.41,76.72,70.04,60.94,100.0,131,74.27
S107558,46.43,61.19,45.84,27.32,51.66,120,56.48
S107559,38.75,54.31,78.9,56.3,74.02,54,44.24
S107560,36.04,95.75,100.0,27.43,66.19,191,40.4
S107561,39.6,55.51,66.86,66.15,78.47,169,47.85
S107562,32.86,47.15,67.17,17.52,77.96,115,50.98
S107563,32.8,58.24,47.37,35.75,65.66,126,56.44
S107564,20.81,73.47,31.87,26.97,96.01,189,58.16
S107565,42.15,71.1,59.25,72.26,77.98,34,51.24
S107566,36.69,98.31,88.71,47.82,98.28,247,57.31
S107567,41.22,58.47,86.5,60.46,62.46,11,52.73
S107568,12.47,73.54,63.95,68.79,63.8,169,57.34
S107569,34.62,86.93,71.88,63.0,63.4,21,46.16
S107570,28.15,60.11,45.51,54.83,87.78,65,44.78
S107571,47.01,80.56,66.78,51.39,100.0,68,54.89
S107572,39.91,42.52,56.61,32.41,75.44,220,26.69
S107573,36.87,96.38,65.87,68.11,45.3,25,52.28
S107574,31.54,84.92,60.61,59.44,87.12,44,54.35
S107575,38.18,59.79,60.32,63.61,89.97,12,43.92
S107576,27.57,82.45,80.94,39.47,64.49,63,33.61
S107577,34.2,89.7,96.42,25.67,88.48,40,44.83
S107578,30.37,50.67,62.29,67.8,92.16,47,44.99
S107579,50.0,61.0,87.7,51.86,49.26,6,36.14
S107580,46.76,90.19,45.13,53.49,96.74,143,85.65
S107581,43.5,71.01,63.52,47.57,97.68,35,72.83
S107582,23.08,76.54,44.26,38.61,75.38,81,53.24
S107583,41.91,71.05,60.0,40.36,89.68,80,57.71
S107584,36.5,83.37,76.45,57.2,100.0,81,53.66
S107585,44.79,77.69,82.9,54.47,70.14,21,59.17
S107586,37.58,71.59,52.54,51.7,97.41,9,46.35
S107587,34.95,38.47,72.33,80.03,83.68,6,80.14
S107588,36.87,79.6,84.68,47.04,62.9,67,67.64
S107589,20.55,80.94,82.4,53.17,52.69,8,43.79
S107590,28.86,51.41,69.14,67.38,90.83,41,46.69
S107591,37.99,52.43,55.57,20.53,60.41,167,43.94
S107592,44.12,77.76,53.98,49.21,94.52,6,44.72
S107593,30.6,72.91,51.52,32.01,47.23,84,39.78
S107594,34.67,40.38,64.49,54.35,82.24,45,46.87
S107595,22.19,57.67,51.83,61.09,75.19,157,32.58
S107596,46.67,74.71,75.85,29.08,100.0,109,69.06
S107597,43.91,80.15,68.65,59.24,83.39,10,54.71
S107598,40.22,61.24,67.93,58.2,89.19,28,57.71
S107599,38.25,67.79,35.55,56.05,73.54,81,53.55
S107600,47.42,56.81,65.44,47.09,77.32,15,54.64
S107601,28.56,89.86,57.65,62.6,95.79,129,50.09
S107602,27.69,72.62,99.66,59.37,80.24,22,55.76
S107603,43.49,59.98,44.52,65.5,66.22,142,39.85
S107604,42.95,52.66,61.71,45.92,97.11,25,57.2
S107605,25.45,51.0,71.13,20.15,100.0,56,38.13
S107606,30.75,97.17,49.44,65.38,100.0,227,54.73
S107607,48.51,67.4,95.85,67.25,99.35,81,56.89
S107608,38.29,64.01,96.18,43.07,75.76,62,48.16
S107609,41.3,66.8,51.27,26.33,65.28,4,34.89
S107610,25.73,60.55,55.53,46.8,62.2,26,30.2
S107611,40.25,68.39,99.35,62.8,60.39,11,18.91
S107612,23.64,70.52,87.32,53.83,78.6,14,26.63
S107613,19.16,70.23,59.09,39.66,100.0,24,35.72
S107614,40.81,51.06,71.9,47.21,55.19,12,49.65
S107615,46.48,83.39,42.81,44.11,80.25,184,22.32
S107616,32.97,61.71,100.0,72.62,75.2,7,62.6
S107617,30.63,60.12,66.17,52.98,62.37,157,49.31
S107618,48.69,59.44,74.37,76.36,76.2,52,51.34
S107619,33.44,54.21,50.04,57.68,99.35,14,40.54
S107620,34.47,74.02,46.82,18.24,83.41,60,31.48
S107621,48.55,83.42,72.22,37.71,89.41,158,66.04
S107622,32.17,69.83,95.66,62.62,96.03,177,45.64
S107623,29.77,42.35,56.35,58.17,85.8,35,45.36
S107624,41.52,54.59,49.33,29.08,74.48,89,70.66
S107625,29.31,63.28,69.88,24.02,81.51,5,38.88
S107626,33.84,51.53,91.2,60.93,63.9,55,77.95
S107627,24.45,61.02,54.78,77.08,80.86,21,66.92
S107628,36.48,61.73,61.0,35.11,81.83,28,55.11
S107629,35.54,69.77,78.39,67.97,99.76,50,69.65
S107630,42.74,48.18,80.11,55.32,75.14,196,72.64
S107631,41.86,78.7,60.45,23.71,75.14,139,29.17
S107632,39.41,94.91,82.55,49.26,57.27,39,75.31
S107633,38.15,91.44,73.46,86.11,89.73,52,82.67
S107634,34.41,61.24,65.26,24.77,57.96,166,61.68
S107635,39.88,80.03,79.44,70.02,72.53,7,54.53
S107636,26.1,78.25,77.23,55.23,69.35,120,28.11
S107637,16.21,69.35,48.25,48.87,93.36,15,37.26
S107638,44.3,72.66,88.74,64.63,87.32,26,81.08
S107639,40.39,80.25,70.53,32.85,90.62,20,16.85
S107640,33.98,83.25,87.01,34.61,94.18,64,33.86
S107641,43.6,57.82,65.83,31.76,70.41,21,50.41
S107642,29.15,81.22,68.96,28.94,66.98,49,35.81
S107643,29.36,95.0,71.38,77.11,54.74,2,59.12
S107644,28.25,83.23,73.75,52.57,81.91,30,55.93
S107645,39.54,93.05,89.45,86.88,68.26,99,72.47
S107646,22.34,31.25,72.46,54.88,86.77,46,19.76
S107647,28.86,78.94,64.55,45.51,97.41,139,67.67
S107648,37.32,73.96,81.15,48.89,93.95,49,43.13
S107649,25.37,85.41,71.89,35.74,81.81,167,40.0
S107650,29.72,53.12,100.0,81.61,81.17,40,65.1
S107651,17.31,62.41,69.66,43.86,79.86,36,38.04
S107652,39.85,83.51,84.8,47.32,100.0,24,58.9
S107653,29.5,54.1,79.11,29.03,71.26,50,55.79
S107654,26.21,73.63,32.2,29.54,81.19,142,56.91
S107655,24.64,69.75,53.21,41.93,77.29,100,24.59
S107656,31.65,67.06,57.97,28.15,68.25,15,71.01
S107657,22.36,78.59,41.01,36.23,74.3,208,33.06
S107658,50.0,53.27,58.68,30.42,80.42,47,65.79
S107659,15.92,58.3,43.06,38.66,62.23,20,32.06
S107660,31.4,67.91,47.25,45.21,100.0,224,58.51
S107661,35.86,51.98,68.87,35.41,90.89,46,41.19
S107662,28.8,88.46,95.71,39.93,96.38,15,28.79
S107663,36.7,58.02,43.2,43.03,77.58,139,52.29
S107664,28.6,81.79,45.55,49.44,75.3,56,62.52
S107665,47.24,56.87,56.48,81.67,76.79,18,80.08
S107666,26.05,80.56,62.65,19.46,69.55,91,26.73
S107667,16.19,45.87,40.33,23.19,99.5,321,40.28
S107668,24.61,91.13,53.81,41.81,100.0,7,51.96
S107669,38.09,87.03,52.34,24.96,88.25,46,73.49
S107670,34.06,61.71,70.09,76.03,100.0,58,74.83
S107671,41.02,57.62,71.81,74.12,100.0,87,30.91
S107672,39.01,76.87,62.56,47.95,100.0,56,52.12
S107673,29.91,47.11,58.96,43.23,72.96,16,35.91
S107674,31.09,70.52,53.64,54.23,43.72,108,40.64
S107675,31.92,57.89,65.83,43.04,91.14,89,59.71
S107676,50.0,66.19,49.38,67.75,86.4,23,45.7
S107677,40.53,60.34,89.76,55.62,81.63,5,21.74
S107678,50.0,58.02,41.03,27.2,76.52,129,55.72
S107679,41.73,95.57,54.5,43.03,100.0,92,65.17
S107680,34.49,81.71,78.89,34.67,56.8,169,63.48
S107681,26.85,47.8,58.62,40.78,100.0,6,39.62
S107682,36.61,56.86,75.75,35.83,100.0,53,38.62
S107683,34.51,82.86,92.48,35.87,82.25,14,74.32
S107684,34.25,84.53,78.33,30.62,84.26,90,58.57
S107685,33.33,49.22,45.77,47.79,62.21,23,36.76
S107686,18.58,80.48,46.53,31.97,95.07,24,38.81
S107687,45.09,73.98,62.0,68.21,99.07,100,72.41
S107688,34.6,40.87,72.09,73.53,91.46,139,46.7
S107689,23.69,63.95,84.3,68.54,61.41,193,60.29
S107690,38.85,67.96,52.44,66.04,55.86,7,56.37
S107691,28.15,70.73,57.24,54.66,76.4,131,28.79
S107692,39.5,50.19,60.99,51.51,81.19,285,65.42
S107693,42.05,58.55,60.67,63.18,95.23,4,38.92
S107694,43.16,60.66,88.93,50.87,76.39,194,69.4
S107695,33.71,61.96,63.34,53.97,95.94,246,78.85
S107696,31.69,62.22,67.45,65.04,96.94,17,54.63
S107697,30.0,68.01,79.58,60.85,87.1,30,32.24
S107698,29.22,74.64,90.46,73.65,93.04,28,77.72
S107699,34.86,96.61,64.44,70.67,73.76,239,66.69
S107700,33.33,83.06,85.15,40.06,62.88,1,33.39
S107701,28.4,89.75,94.24,47.3,71.47,65,37.41
S107702,25.85,62.79,63.23,10.47,67.51,69,61.33
S107703,34.13,54.94,55.98,36.67,98.16,84,68.6
S107704,31.53,82.02,99.99,37.58,92.94,20,54.93
S107705,25.87,69.76,82.94,51.27,49.54,51,58.89
S107706,41.64,80.95,65.2,56.98,82.68,43,52.0
S107707,49.18,56.77,75.4,46.94,53.21,42,33.8
S107708,42.7,79.73,48.28,66.77,63.74,33,46.67
S107709,29.24,67.37,82.75,61.67,92.48,230,43.15
S107710,34.6,63.09,36.2,19.62,54.14,84,54.51
S107711,47.32,64.5,82.13,56.54,59.54,114,57.17
S107712,25.61,77.36,53.45,62.79,64.64,56,40.3
S107713,41.26,81.61,38.54,64.55,56.23,0,44.92
S107714,23.42,64.5,32.98,26.68,58.7,243,49.08
S107715,48.47,75.16,57.38,70.11,79.16,167,46.25
S107716,31.56,75.11,76.38,49.4,54.73,49,53.32
S107717,50.0,81.08,42.76,34.11,76.26,39,41.61
S107718,48.82,84.8,45.23,32.3,80.14,47,58.11
S107719,34.15,97.17,57.09,47.09,91.28,25,32.1
S107720,29.24,63.02,77.92,74.41,93.94,76,52.33
S107721,36.56,91.9,79.92,43.0,59.36,291,87.48
S107722,33.56,71.76,67.24,65.03,60.14,6,42.86
S107723,31.79,53.58,80.73,48.25,59.31,125,56.54
S107724,21.74,60.24,76.0,61.39,91.86,5,56.07
S107725,30.88,76.99,58.33,15.89,85.18,157,30.14
S107726,26.12,80.86,79.55,62.84,74.7,13,42.76
S107727,39.41,54.76,44.45,25.36,62.12,55,36.2
S107728,42.93,58.54,72.78,50.03,82.33,57,62.88
S107729,40.93,62.0,46.34,46.75,100.0,80,53.44
S107730,37.74,57.05,67.28,54.76,99.56,74,63.84
S107731,28.18,41.8,84.5,33.92,57.9,97,46.1
S107732,36.64,36.71,68.41,60.98,96.07,151,62.93
S107733,41.34,64.27,64.8,63.35,57.7,3,35.78
S107734,30.31,73.78,68.62,45.04,73.97,107,64.74
S107735,35.95,79.83,75.61,49.04,72.2,4,32.02
S107736,33.84,49.56,99.14,46.1,83.99,126,93.8
S107737,48.3,49.82,75.44,78.87,64.96,126,80.12
S107738,41.81,62.08,56.96,51.43,81.54,17,44.97
S107739,39.87,70.05,61.66,57.33,63.79,19,44.67
S107740,21.27,85.13,50.58,36.47,82.58,7,43.57
S107741,36.38,80.77,45.17,45.99,60.24,22,47.01
S107742,33.76,64.48,26.08,43.28,74.03,55,38.8
S107743,33.69,75.4,57.61,49.48,80.06,39,33.88
S107744,22.49,57.35,42.53,41.81,76.25,20,49.46
S107745,26.3,69.83,66.55,35.75,92.67,78,46.34
S107746,34.46,69.06,56.85,36.31,46.12,59,59.9
S107747,43.91,91.06,47.63,5.29,82.62,11,37.43
S107748,30.28,77.4,31.34,43.87,67.55,31,67.18
S107749,31.8,58.44,59.41,67.69,88.86,226,59.52
S107750,49.25,58.59,36.96,32.19,80.46,90,61.56
S107751,32.63,65.0,76.3,49.87,96.32,241,72.2
S107752,33.97,46.53,69.08,45.43,76.51,49,55.73
S107753,34.08,66.55,61.37,52.83,98.51,2,46.97
S107754,24.24,67.85,88.21,62.38,82.35,126,32.52
S107755,39.57,77.0,65.16,49.58,60.6,8,44.11
S107756,29.78,79.18,71.18,23.29,67.8,229,35.95
S107757,34.76,71.48,76.0,59.53,71.2,29,86.62
S107758,38.55,45.55,56.73,64.64,81.72,86,46.43
S107759,50.0,51.68,56.82,39.96,93.5,150,51.65
S107760,24.46,60.92,65.66,23.36,89.16,49,73.98
S107761,41.92,79.78,43.46,37.11,89.97,45,57.88
S107762,41.95,69.83,93.57,42.76,68.8,16,62.63
S107763,29.89,66.26,67.57,55.95,93.24,56,61.66
S107764,39.8,100.0,61.78,53.89,81.56,33,63.01
S107765,48.15,93.42,98.37,25.91,91.92,79,61.4
S107766,28.88,88.6,47.38,37.17,57.84,23,68.2
S107767,36.93,80.51,89.58,54.1,86.79,107,42.84
S107768,38.24,76.88,78.01,66.0,70.84,95,55.37
S107769,39.27,75.78,82.87,57.18,61.02,1,59.54
S107770,41.15,42.92,62.19,42.14,89.7,9,67.34
S107771,36.33,54.23,65.89,74.64,73.56,7,49.2
S107772,39.11,66.67,59.51,31.1,87.96,3,29.47
S107773,27.71,71.92,80.94,21.82,65.33,5,50.5
S107774,36.31,68.13,71.27,33.93,100.0,31,63.71
S107775,31.19,69.83,56.06,35.84,78.21,116,56.07
S107776,25.16,38.45,56.8,26.22,72.96,61,39.32
S107777,30.93,77.58,64.76,68.44,94.85,9,66.57
S107778,37.16,70.93,59.68,58.24,78.71,4,26.76
S107779,38.49,67.19,88.07,71.12,100.0,9,69.22
S107780,24.85,83.91,77.93,38.88,97.48,37,7.36
S107781,27.5,54.32,77.9,57.75,72.9,29,57.48
S107782,40.8,66.45,68.74,33.36,81.11,99,46.05
S107783,39.07,74.27,51.78,41.73,80.99,79,67.0
S107784,42.1,57.2,76.14,45.94,64.17,167,57.79
S107785,45.94,39.95,31.43,55.59,99.25,237,59.0
S107786,39.3,69.83,67.78,40.86,73.56,0,49.54
S107787,31.68,69.03,52.01,68.32,76.29,21,43.51
S107788,35.92,66.26,50.77,36.48,83.28,6,38.6
S107789,48.28,69.73,57.59,43.24,66.27,29,49.92
S107790,50.0,60.11,63.66,63.98,83.17,73,58.36
S107791,38.7,50.32,64.63,53.06,72.46,25,48.47
S107792,39.28,72.06,77.64,31.1,72.85,17,44.0
S107793,40.81,67.5,62.22,74.9,77.57,39,53.7
S107794,35.19,79.57,63.37,36.08,68.98,1,33.46
S107795,44.31,58.78,42.67,51.78,56.53,290,65.96
S107796,43.06,39.69,44.75,51.68,82.61,273,52.64
S107797,37.84,30.93,69.59,56.77,45.66,12,40.13
S107798,32.46,63.98,75.09,54.69,46.2,17,47.8
S107799,22.83,71.92,60.83,51.9,80.67,67,36.29
S107800,40.86,66.52,79.93,62.72,77.27,30,53.22
S107801,36.7,61.52,42.47,80.72,83.89,1,31.49
S107802,29.1,46.13,71.38,29.24,89.97,4,35.97
S107803,25.96,41.66,51.37,34.66,50.34,89,44.82
S107804,40.29,75.51,50.11,38.7,70.78,19,51.55
S107805,22.19,66.59,52.76,56.85,73.28,62,28.35
S107806,37.4,64.55,63.71,31.99,84.68,26,57.24
S107807,41.75,46.87,72.02,18.72,83.42,60,72.19
S107808,39.4,55.51,70.81,59.54,73.92,500,71.75
S107809,31.87,69.83,60.35,49.43,80.66,94,27.63
S107810,25.01,74.27,75.12,49.55,75.88,34,54.55
S107811,39.7,67.54,91.99,31.75,66.31,269,68.81
S107812,44.6,90.69,63.09,39.73,80.81,3,63.02
S107813,30.42,61.37,66.52,41.91,47.84,15,39.17
S107814,39.06,89.3,55.21,36.44,83.68,55,33.55
S107815,47.65,73.25,58.73,59.78,100.0,56,53.74
S107816,37.71,71.62,84.97,47.89,74.8,102,48.8
S107817,31.82,83.99,85.14,41.4,100.0,3,32.86
S107818,43.33,60.64,61.78,34.83,89.05,26,51.1
S107819,29.1,65.06,72.84,37.13,100.0,155,44.34
S107820,24.61,51.65,79.73,52.38,85.79,41,48.81
S107821,41.5,84.03,57.86,17.95,88.27,18,50.23
S107822,31.75,75.03,44.11,63.19,82.15,58,45.74
S107823,32.47,86.47,76.03,73.87,56.48,36,80.27
S107824,29.98,73.07,79.34,56.78,50.52,27,39.67
S107825,31.22,86.55,76.99,23.86,76.38,151,54.13
S107826,46.22,58.79,59.01,47.97,70.96,153,47.12
S107827,48.3,69.83,89.37,39.97,71.44,43,43.17
S107828,49.36,64.03,69.55,50.18,61.04,74,65.02
S107829,43.72,70.04,46.64,50.9,96.63,101,37.67
S107830,38.73,80.93,39.46,42.18,64.53,97,48.46
S107831,23.54,100.0,60.24,53.03,63.56,32,55.23
S107832,33.5,82.3,68.6,60.52,80.58,87,75.58
S107833,50.0,83.72,60.39,33.38,96.25,200,60.87
S107834,31.52,61.82,96.9,58.96,92.72,5,62.65
S107835,47.11,72.35,71.46,63.06,70.26,6,42.53
S107836,35.44,68.56,49.43,30.54,76.81,153,56.27
S107837,13.57,91.11,28.67,41.34,100.0,74,48.75
S107838,40.12,67.81,68.76,50.68,96.59,2,28.66
S107839,45.13,89.93,80.82,14.72,93.15,116,54.67
S107840,34.61,50.48,94.82,59.51,85.78,9,53.7
S107841,44.86,90.98,61.76,38.12,81.5,146,58.81
S107842,21.66,57.08,92.55,55.29,100.0,53,69.51
S107843,23.92,82.81,43.26,28.86,96.93,28,39.6
S107844,36.64,57.04,59.5,35.94,81.83,77,69.37
S107845,38.82,79.28,48.77,54.99,90.85,15,50.77
S107846,45.85,55.56,77.67,57.19,76.26,62,34.92
S107847,40.11,85.55,44.18,57.2,55.93,54,46.48
S107848,25.45,82.68,71.43,37.24,64.66,22,31.14
S107849,36.7,60.99,45.13,52.29,73.09,88,49.31
S107850,39.81,78.67,93.12,57.07,72.12,35,90.33
S107851,20.01,84.21,59.01,51.36,69.15,152,49.2
S107852,34.65,56.15,71.05,63.98,69.84,7,52.61
S107853,32.32,54.49,36.38,21.49,99.59,118,47.78
S107854,29.76,53.93,41.08,64.29,100.0,46,44.66
S107855,38.99,51.8,52.63,36.82,99.69,30,56.67
S107856,25.8,53.86,78.61,30.77,47.64,224,42.83
S107857,38.34,83.87,75.55,32.08,96.17,18,37.12
S107858,39.48,78.37,82.37,43.25,91.05,44,24.13
S107859,43.67,44.56,40.84,50.97,79.44,50,41.32
S107860,26.01,62.35,73.11,45.47,72.55,28,76.18
S107861,22.96,52.63,56.04,65.15,75.43,7,34.52
S107862,37.23,82.92,52.07,50.23,94.85,188,48.69
S107863,32.71,63.26,56.4,21.36,85.79,180,36.83
S107864,50.0,46.83,63.14,26.36,98.29,79,53.07
S107865,38.67,72.55,75.58,65.07,92.22,31,49.75
S107866,35.47,79.1,82.96,32.09,100.0,79,66.64
S107867,33.62,55.69,73.34,64.49,89.51,267,42.47
S107868,25.26,66.03,75.13,24.02,62.94,172,1.0
S107869,39.51,56.46,94.17,50.67,56.0,14,67.67
S107870,34.37,88.66,76.15,41.65,89.69,136,65.28
S107871,34.37,63.53,61.58,58.64,89.01,128,83.06
S107872,35.76,59.17,74.3,19.74,70.74,199,71.76
S107873,36.77,69.23,92.32,21.86,83.71,4,39.36
S107874,21.09,66.89,51.07,50.35,73.18,116,63.16
S107875,41.7,80.33,58.11,35.25,72.6,63,49.7
S107876,28.23,69.83,88.2,34.45,58.5,62,58.88
S107877,33.9,88.35,60.35,64.51,80.67,34,40.36
S107878,45.29,64.27,77.23,59.98,72.25,123,40.92
S107879,49.24,74.58,85.63,41.17,85.68,44,66.73
S107880,21.4,92.33,44.91,29.25,53.7,35,30.45
S107881,35.24,92.9,58.47,77.06,89.03,258,64.24
S107882,37.18,56.86,84.28,45.03,72.27,50,50.28
S107883,22.94,78.88,62.98,41.05,64.0,126,30.47
S107884,41.42,76.35,32.7,33.54,73.4,12,23.94
S107885,35.93,83.9,56.84,52.87,56.03,108,53.69
S107886,36.55,88.65,77.71,51.06,75.64,89,65.96
S107887,27.66,54.39,85.42,62.46,81.85,57,65.83
S107888,38.3,59.64,65.81,36.92,81.09,12,44.33
S107889,41.71,83.61,72.74,63.22,86.9,10,53.98
S107890,36.02,72.22,59.1,13.4,71.48,90,39.89
S107891,30.89,36.59,79.45,64.77,91.69,155,49.11
S107892,31.51,45.01,87.8,65.3,83.99,67,48.12
S107893,36.76,79.94,77.29,41.98,92.24,49,50.39
S107894,35.39,82.59,63.11,40.16,100.0,59,27.43
S107895,42.24,49.76,71.95,40.73,56.73,14,34.77
S107896,31.16,86.49,80.24,29.4,74.26,4,58.0
S107897,25.25,67.04,65.44,48.02,68.56,141,43.42
S107898,37.88,54.66,77.81,48.12,100.0,150,31.66
S107899,31.18,61.6,70.92,72.33,88.96,112,64.37
S107900,41.27,51.66,87.71,38.36,84.31,118,40.97
S107901,35.06,60.76,76.2,36.22,97.94,19,44.05
S107902,40.24,41.97,57.02,67.36,80.19,9,52.96
S107903,26.89,68.89,87.47,40.14,87.0,14,28.49
S107904,36.15,78.81,72.36,53.46,73.16,81,52.49
S107905,29.41,49.79,62.76,63.51,59.53,41,50.9
S107906,25.24,70.26,43.34,66.49,93.46,1,46.21
S107907,28.11,69.83,68.7,45.88,65.6,240,53.41
S107908,30.64,80.03,94.36,48.36,91.23,56,78.25
S107909,44.96,35.28,21.33,51.22,96.25,0,48.38
S107910,30.43,80.68,21.96,85.39,46.33,39,37.96
S107911,24.83,42.73,77.28,56.71,95.67,19,72.53
S107912,36.05,66.85,68.78,25.23,83.82,37,50.32
S107913,35.23,59.37,75.76,47.57,65.45,223,77.69
S107914,31.06,64.59,56.58,52.23,53.9,78,46.49
S107915,33.71,47.06,30.73,31.1,78.94,83,26.67
S107916,42.81,94.9,51.69,18.88,77.32,172,61.64
S107917,40.37,50.7,89.96,26.47,96.38,10,55.06
S107918,39.67,51.89,57.77,41.62,80.97,8,14.29
S107919,25.53,96.92,57.91,73.64,63.68,155,59.7
S107920,50.0,74.84,22.93,46.66,56.69,14,41.18
S107921,43.41,51.19,36.13,35.81,82.2,106,58.78
S107922,39.14,68.07,82.76,52.57,80.06,19,32.43
S107923,25.69,66.46,60.85,58.14,99.81,52,54.96
S107924,42.58,44.69,80.86,66.47,72.62,39,55.56
S107925,30.99,58.63,52.94,61.01,86.28,9,52.74
S107926,33.45,69.6,41.52,46.82,78.01,89,43.65
S107927,21.55,89.0,60.83,36.47,39.47,154,32.37
S107928,25.07,67.17,55.83,31.65,90.74,8,17.98
S107929,38.51,68.3,51.67,84.9,73.61,35,35.93
S107930,43.05,57.77,52.09,29.89,89.89,2,55.95
S107931,40.48,86.44,62.84,44.52,82.54,22,52.66
S107932,40.21,83.53,57.13,42.31,65.17,24,51.06
S107933,34.48,81.84,50.08,58.3,77.39,136,68.7
S107934,31.75,71.68,93.88,34.99,79.53,112,64.44
S107935,37.31,46.02,72.33,64.17,82.76,142,62.99
S107936,41.57,86.3,67.54,41.62,87.68,7,38.24
S107937,35.04,70.86,63.94,20.22,80.46,11,69.37
S107938,44.68,69.83,75.65,49.95,100.0,29,46.9
S107939,33.28,76.73,73.51,45.83,92.61,109,64.59
S107940,27.16,73.36,48.45,51.46,94.94,2,31.68
S107941,34.92,53.96,40.48,45.03,92.37,13,46.7
S107942,35.85,65.19,28.61,33.01,81.15,55,39.41
S107943,34.34,41.44,93.67,40.41,90.98,2,53.03
S107944,45.25,71.29,57.88,47.78,98.73,9,68.61
S107945,41.44,89.95,74.47,30.19,81.89,31,52.13
S107946,23.55,43.07,68.23,27.74,95.76,22,36.87
S107947,47.27,71.93,79.6,67.8,60.47,36,59.32
S107948,13.07,80.03,63.97,42.16,96.49,113,50.16
S107949,50.0,82.25,43.75,46.85,68.44,20,54.75
S107950,32.7,58.81,48.41,53.37,60.43,79,44.68
S107951,33.48,53.47,59.39,45.34,75.81,170,46.37
S107952,34.52,61.19,39.64,63.37,83.11,29,54.29
S107953,38.08,87.86,51.33,38.57,85.02,4,33.84
S107954,35.0,44.36,45.82,74.33,99.36,56,81.32
S107955,33.93,51.76,59.74,36.54,71.64,101,66.52
S107956,45.47,63.12,57.06,69.47,100.0,52,65.44
S107957,39.52,55.36,66.91,61.89,100.0,45,79.6
S107958,27.33,69.37,78.67,56.2,83.38,110,56.9
S107959,40.93,91.22,61.12,69.32,67.59,43,65.32
S107960,39.19,51.94,40.96,44.68,100.0,0,29.86
S107961,30.64,67.8,32.23,18.46,100.0,176,60.7
S107962,41.34,69.88,67.6,57.07,82.86,23,49.02
S107963,33.74,64.98,54.35,61.21,59.57,75,66.4
S107964,33.23,46.32,62.48,51.66,89.31,65,38.63
S107965,33.01,60.43,70.27,58.6,71.15,58,48.78
S107966,15.58,60.48,88.09,41.38,93.11,23,39.52
S107967,30.79,79.5,37.04,38.39,83.44,108,46.92
S107968,40.71,76.29,48.8,61.52,56.06,23,38.43
S107969,34.82,46.72,63.64,34.32,62.3,224,61.64
S107970,24.72,64.19,46.76,54.09,68.57,66,61.99
S107971,42.72,62.5,41.18,38.8,100.0,118,47.99
S107972,32.61,99.32,85.95,60.03,70.25,109,55.59
S107973,25.23,74.38,48.23,13.85,45.89,276,27.46
S107974,50.0,53.84,44.05,67.65,76.98,61,56.81
S107975,26.57,58.35,46.63,51.28,76.08,5,22.29
S107976,42.04,64.32,82.38,30.84,100.0,7,35.46
S107977,28.85,75.44,53.87,66.58,100.0,35,45.13
S107978,36.09,77.27,42.83,53.92,60.37,36,58.3
S107979,27.78,73.01,51.56,57.49,85.9,20,11.31
S107980,25.09,66.85,64.23,17.69,91.88,208,32.88
S107981,39.18,67.96,79.27,45.96,78.18,51,43.72
S107982,38.24,68.07,77.92,73.18,82.64,186,46.89
S107983,44.16,43.26,52.56,33.25,96.58,5,66.15
S107984,34.72,69.08,56.5,60.9,84.39,34,33.49
S107985,50.0,61.34,98.65,53.18,90.06,36,40.16
S107986,37.15,45.21,80.93,60.46,100.0,3,51.08
S107987,39.53,100.0,60.97,43.72,73.3,83,70.92
S107988,24.13,74.67,28.28,36.49,91.94,12,29.77
S107989,30.09,70.2,57.66,54.32,73.33,34,51.89
S107990,39.16,64.43,43.77,48.01,96.1,317,76.41
S107991,34.33,80.95,51.2,58.36,70.68,213,62.17
S107992,36.5,52.57,49.55,41.4,86.52,24,65.7
S107993,28.47,65.31,61.3,19.86,76.58,30,56.03
S107994,35.98,55.72,66.12,24.88,88.81,62,31.65
S107995,35.95,80.82,53.29,62.77,67.33,27,48.98
S107996,25.56,57.6,44.56,41.39,75.84,103,27.03
S107997,40.14,86.52,62.14,49.6,79.21,67,57.83
S107998,21.4,68.51,57.03,70.79,63.88,51,72.1
S107999,36.47,81.62,34.64,61.19,70.89,252,85.46
S108000,49.12,76.0,74.72,80.91,55.41,20,53.88
S108001,40.44,85.89,53.34,21.6,85.66,156,56.8
S108002,40.39,55.97,60.69,41.43,91.91,104,64.07
S108003,27.82,83.58,61.48,44.15,59.13,18,28.25
S108004,49.15,42.06,64.75,22.58,62.43,16,47.57
S108005,46.01,70.65,67.34,33.14,65.62,69,80.38
S108006,28.25,61.81,44.13,35.03,60.9,7,35.68
S108007,31.2,48.93,70.0,42.65,85.99,52,64.3
S108008,45.04,56.6,59.49,49.74,69.62,33,52.83
S108009,49.37,60.39,82.35,52.76,83.75,152,66.68
S108010,24.88,67.05,78.04,58.14,68.79,73,49.45
S108011,26.97,62.13,86.16,59.71,74.89,82,63.1
S108012,33.85,71.2,49.99,75.58,95.58,32,56.1
S108013,17.63,57.55,85.59,80.04,62.67,20,52.41
S108014,35.15,62.85,66.51,27.41,71.57,62,35.49
S108015,44.49,65.66,76.04,51.99,86.26,232,81.96
S108016,23.49,72.73,75.79,40.87,75.22,72,25.97
S108017,36.02,82.73,72.34,36.88,82.83,2,25.43
S108018,30.35,82.8,47.59,49.52,80.03,265,70.19
S108019,48.12,73.56,80.28,64.19,57.4,144,77.12
S108020,30.44,76.45,70.63,63.45,100.0,172,38.67
S108021,47.15,74.68,41.43,73.94,78.51,48,44.5
S108022,30.22,65.28,57.26,40.87,100.0,181,47.19
S108023,41.17,83.51,45.59,57.44,85.07,24,47.8
S108024,37.02,56.28,42.18,71.71,99.75,129,59.83
S108025,33.89,39.28,78.65,24.68,95.33,76,56.69
S108026,28.68,54.38,41.33,51.63,98.43,244,38.89
S108027,37.58,91.05,43.86,66.32,76.66,28,33.06
S108028,31.48,65.57,96.65,68.58,100.0,56,41.12
S108029,29.48,74.11,57.83,49.36,72.92,101,43.27
S108030,46.78,65.89,75.52,41.14,85.44,342,61.64
S108031,39.38,78.42,83.0,59.05,92.95,13,68.96
S108032,40.15,71.06,77.39,61.75,100.0,9,57.44
S108033,31.87,68.97,67.39,66.05,96.41,45,67.0
S108034,33.51,79.21,64.4,49.11,72.11,102,58.02
S108035,33.01,63.01,73.6,72.41,84.04,73,69.44
S108036,37.7,75.58,61.41,48.62,59.81,225,33.88
S108037,40.13,67.38,76.12,67.62,100.0,133,32.88
S108038,34.76,68.39,60.86,16.32,33.1,68,47.42
S108039,28.66,57.72,62.67,43.16,77.41,36,62.66
S108040,41.08,66.76,95.11,37.14,100.0,144,62.47
S108041,35.27,61.88,57.31,34.31,91.4,54,40.22
S108042,23.47,86.95,65.31,61.36,87.35,166,40.45
S108043,17.92,44.74,71.89,38.91,62.12,56,59.85
S108044,37.38,83.34,72.92,52.94,99.96,98,77.74
S108045,28.36,43.84,69.69,31.39,66.28,4,44.22
S108046,38.45,78.06,44.99,43.96,66.41,371,42.65
S108047,28.8,57.43,67.59,58.34,99.94,112,44.49
S108048,36.07,78.49,68.89,56.26,65.79,70,34.93
S108049,31.97,68.18,83.24,90.7,58.05,61,67.53
S108050,49.02,48.51,76.83,54.14,65.54,73,32.74
S108051,42.6,90.38,84.29,36.68,82.84,4,24.46
S108052,45.78,81.65,48.95,49.62,72.46,36,41.99
S108053,35.19,77.55,49.06,47.95,100.0,7,59.14
S108054,41.58,60.39,70.25,53.48,80.51,15,37.32
S108055,35.73,82.17,83.13,23.3,61.4,32,46.42
S108056,46.76,50.75,61.79,32.59,51.98,89,47.69
S108057,34.42,36.59,53.16,20.52,93.51,213,31.32
S108058,23.82,46.57,39.38,29.34,84.5,348,46.29
S108059,19.01,56.17,70.81,46.85,89.13,111,31.67
S108060,48.35,58.68,63.19,52.14,73.6,25,62.16
S108061,38.83,63.48,58.06,38.78,82.31,31,42.49
S108062,39.35,64.14,79.48,63.59,97.86,29,51.6
S108063,46.92,60.25,63.61,50.18,80.08,146,67.49
S108064,21.79,38.26,65.01,40.08,62.79,119,27.83
S108065,32.13,72.88,79.4,32.79,90.84,5,53.16
S108066,33.11,66.03,100.0,59.28,74.77,55,64.66
S108067,40.94,59.55,57.89,26.24,94.49,82,57.01
S108068,29.46,90.97,50.98,70.35,80.38,1,39.36
S108069,25.39,69.83,49.18,83.14,92.93,72,63.92
S108070,25.32,70.88,72.63,45.21,87.61,227,74.2
S108071,44.2,81.94,47.55,51.92,99.47,4,59.25
S108072,29.06,47.65,59.03,48.6,94.43,15,42.5
S108073,30.58,69.66,60.44,54.0,60.43,9,30.83
S108074,40.08,81.89,89.9,46.43,51.9,37,24.59
S108075,29.41,68.63,84.09,42.19,78.85,37,47.18
S108076,21.36,50.45,40.41,22.51,89.03,249,52.78
S108077,22.35,62.76,90.36,49.55,69.12,129,64.42
S108078,34.55,72.83,45.54,60.97,86.68,81,58.88
S108079,38.98,38.4,67.56,58.3,86.05,82,50.84
S108080,33.38,49.71,51.65,87.55,78.91,88,45.89
S108081,38.44,99.6,58.79,45.84,70.48,15,70.05
S108082,22.1,77.27,49.31,75.93,64.71,35,40.09
S108083,22.64,92.25,91.81,58.14,100.0,83,62.0
S108084,50.0,82.99,62.76,56.18,48.19,3,30.43
S108085,44.86,75.91,68.61,44.22,61.42,54,54.91
S108086,41.15,65.36,47.84,28.54,100.0,145,34.1
S108087,29.72,75.72,42.36,49.32,64.5,63,49.45
S108088,33.1,91.75,57.89,33.64,71.56,160,58.54
S108089,34.99,82.38,73.34,55.61,90.2,110,56.48
S108090,45.51,69.83,63.06,42.67,87.22,62,48.21
S108091,38.22,67.41,80.59,45.29,86.65,38,73.19
S108092,39.21,77.47,66.99,70.72,100.0,85,61.52
S108093,33.66,62.02,65.1,54.07,65.63,55,44.69
S108094,41.34,77.48,73.56,52.35,82.62,412,54.56
S108095,37.42,59.53,66.6,80.14,79.19,75,83.33
S108096,35.35,64.69,80.1,22.58,66.81,23,40.63
S108097,29.06,54.58,73.88,54.16,81.56,264,75.04
S108098,34.09,63.4,79.58,59.3,88.41,27,59.21
S108099,26.36,59.74,76.46,39.27,88.77,177,63.14
S108100,34.68,69.83,86.76,33.54,96.04,54,37.96
S108101,35.71,56.58,78.26,49.43,79.4,98,60.76
S108102,15.76,75.77,92.96,55.31,64.89,18,27.25
S108103,33.16,55.8,56.34,63.11,59.24,66,39.25
S108104,25.59,70.7,78.36,94.91,73.08,18,56.46
S108105,38.99,74.35,42.91,19.95,59.71,22,24.53
S108106,40.1,42.23,80.15,57.76,69.34,14,45.74
S108107,31.59,49.03,65.9,10.47,62.27,48,43.58
S108108,39.39,55.68,79.99,50.53,70.18,58,77.84
S108109,39.73,50.45,91.87,48.12,100.0,24,55.16
S108110,33.16,71.26,77.82,63.66,78.15,76,45.85
S108111,47.27,73.64,58.4,79.34,100.0,25,51.47
S108112,29.2,54.05,47.59,66.36,86.27,59,28.67
S108113,46.77,71.86,73.58,22.15,70.66,93,47.86
S108114,33.2,63.64,60.43,58.5,78.15,5,57.78
S108115,28.25,68.51,75.62,42.53,55.24,157,44.0
S108116,32.19,60.57,56.89,67.42,75.03,35,44.58
S108117,26.2,77.31,50.13,68.73,60.34,58,51.34
S108118,41.28,94.52,61.13,51.58,88.98,56,67.34
S108119,22.18,81.62,73.02,65.9,73.48,239,76.25
S108120,46.12,90.9,66.96,53.81,75.45,17,67.67
S108121,27.51,48.96,51.99,59.28,73.73,79,31.38
S108122,41.69,59.86,93.81,40.81,93.48,141,49.05
S108123,35.19,78.48,62.78,41.39,66.65,45,65.62
S108124,37.17,92.62,28.81,47.61,65.66,33,29.53
S108125,30.28,79.76,79.92,75.05,85.14,10,47.13
S108126,37.82,54.61,64.82,67.85,96.29,102,62.16
S108127,36.08,63.48,62.27,36.49,84.97,123,28.39
S108128,23.34,75.0,61.95,26.68,100.0,30,35.45
S108129,27.3,67.53,62.04,56.41,65.99,120,70.49
S108130,30.67,58.02,91.7,49.47,47.5,8,41.62
S108131,28.96,65.65,72.43,64.22,87.31,45,52.14
S108132,45.02,69.78,69.17,74.16,77.7,26,66.38
S108133,35.06,53.73,60.8,73.45,87.07,26,80.0
S108134,28.77,84.77,92.66,65.31,92.85,213,55.74
S108135,31.07,63.41,78.49,45.47,57.12,120,50.03
S108136,30.96,68.91,80.82,23.1,75.7,116,34.41
S108137,32.7,85.53,69.45,34.87,88.79,54,38.61
S108138,26.4,68.13,81.0,40.63,83.83,78,49.99
S108139,28.49,84.71,71.29,39.32,77.36,123,62.88
S108140,41.13,54.56,59.06,70.0,91.07,25,47.54
S108141,36.48,76.49,70.91,37.59,94.95,28,55.66
S108142,33.78,82.59,98.55,17.09,49.23,172,31.63
S108143,35.02,57.55,68.26,63.7,100.0,21,57.0
S108144,34.64,67.32,85.32,13.06,61.66,91,55.13
S108145,33.33,67.63,84.06,19.77,88.93,201,40.41
S108146,39.14,73.14,74.01,48.34,75.04,243,76.48
S108147,38.55,77.12,91.51,22.07,98.82,29,69.4
S108148,22.43,56.33,30.23,46.12,90.82,240,50.34
S108149,33.95,69.1,35.62,47.06,88.84,12,22.34
S108150,22.95,93.87,92.65,33.91,83.33,22,59.88
S108151,40.08,85.81,54.64,45.44,71.94,41,44.79
S108152,41.14,81.91,66.79,63.24,65.15,114,45.72
S108153,30.11,67.11,93.01,36.29,59.25,8,29.02
S108154,34.07,100.0,68.19,29.81,70.61,20,51.86
S108155,18.11,85.45,92.03,64.74,93.68,52,58.52
S108156,42.78,70.56,58.79,38.82,64.97,6,43.33
S108157,40.68,73.31,74.85,55.73,98.14,35,46.91
S108158,44.2,63.12,65.93,57.25,64.61,76,69.48
S108159,46.89,75.9,88.85,32.01,77.53,118,52.83
S108160,25.21,78.9,60.81,78.87,86.77,56,63.92
S108161,42.1,80.54,49.57,36.69,95.4,48,62.19
S108162,46.83,67.29,57.52,49.09,74.5,32,60.61
S108163,23.04,47.89,58.23,21.92,87.22,37,27.19
S108164,33.63,73.63,54.65,40.55,83.19,62,22.75
S108165,32.09,80.6,53.98,48.99,76.25,40,59.23
S108166,41.84,55.32,82.95,42.87,64.42,31,61.91
S108167,15.85,68.64,87.53,63.83,86.6,78,57.17
S108168,49.53,90.12,71.27,38.7,80.42,456,81.3
S108169,34.1,51.95,54.64,53.81,75.21,28,57.91
S108170,42.33,65.74,55.66,59.93,81.72,10,58.64
S108171,34.52,92.31,31.83,40.57,88.57,13,51.14
S108172,38.94,72.37,71.07,44.92,54.8,75,62.79
S108173,16.43,69.83,54.08,46.17,71.81,65,32.98
S108174,31.92,69.89,88.54,34.58,65.39,9,46.24
S108175,41.78,82.39,42.95,37.22,66.52,42,70.41
S108176,37.31,66.95,55.52,53.07,68.17,154,71.84
S108177,21.91,78.96,63.47,45.61,96.48,52,60.35
S108178,35.49,73.52,72.44,70.3,85.0,122,73.92
S108179,28.45,74.76,93.85,40.86,63.5,4,38.2
S108180,27.76,79.92,43.07,33.55,82.79,54,8.64
S108181,22.83,65.58,60.17,65.13,86.42,139,83.11
S108182,39.95,55.83,42.15,63.54,74.62,74,51.5
S108183,43.9,69.83,77.64,49.2,60.69,10,56.21
S108184,50.0,68.01,54.65,43.06,63.67,173,40.98
S108185,23.21,63.28,63.35,71.79,56.21,16,42.17
S108186,41.14,77.9,62.24,37.82,100.0,100,75.52
S108187,41.67,89.16,66.86,49.79,54.07,6,46.72
S108188,30.36,67.68,62.5,51.97,61.19,62,61.98
S108189,27.66,70.13,49.45,64.24,79.65,29,56.37
S108190,26.31,52.27,66.36,42.21,52.59,300,46.14
S108191,30.78,66.66,52.29,76.91,62.62,184,74.06
S108192,36.62,73.32,78.03,52.18,81.72,46,56.18
S108193,45.88,69.69,65.92,58.77,83.05,56,59.49
S108194,43.84,64.57,48.36,24.81,86.15,22,51.11
S108195,22.08,80.89,100.0,55.76,90.73,59,60.81
S108196,28.69,70.87,91.54,29.7,79.4,141,67.6
S108197,45.4,100.0,100.0,54.84,69.67,92,65.87
S108198,29.15,73.12,59.51,64.39,86.86,48,77.89
S108199,34.54,28.8,51.64,21.56,100.0,61,46.14
S108200,21.36,53.32,77.9,67.75,89.26,27,42.06
S108201,44.22,77.98,82.73,17.54,67.04,66,82.12
S108202,19.7,69.83,68.15,52.44,89.21,12,48.05
S108203,21.86,61.28,31.34,60.75,88.39,113,50.87
S108204,43.41,51.41,49.3,46.94,61.44,423,37.55
S108205,50.0,62.85,71.76,29.73,76.5,4,45.94
S108206,32.68,72.91,54.44,59.13,88.5,126,42.78
S108207,34.63,75.79,43.16,74.82,97.42,146,44.75
S108208,42.27,54.7,60.88,40.85,70.3,3,17.17
S108209,37.32,82.08,13.05,33.28,58.14,70,66.55
S108210,32.01,52.13,55.35,71.06,87.63,179,65.98
S108211,31.12,76.57,58.18,35.02,76.28,67,60.97
S108212,22.47,75.06,69.97,39.65,83.59,71,52.23
S108213,36.86,55.98,73.76,46.58,82.85,433,48.84
S108214,34.26,54.2,71.04,56.44,82.23,183,52.88
S108215,31.5,75.73,79.36,41.67,73.8,81,52.82
S108216,26.99,61.6,62.31,63.73,93.6,58,67.87
S108217,27.8,67.14,41.71,63.73,67.27,17,26.06
S108218,39.95,80.31,65.71,65.49,83.98,149,79.96
S108219,42.05,77.19,50.99,36.8,85.85,27,38.05
S108220,32.38,56.26,43.29,79.45,77.07,1,30.26
S108221,31.54,69.2,74.26,62.61,91.9,5,59.94
S108222,28.17,55.98,42.39,67.75,73.02,18,45.28
S108223,42.49,83.05,75.88,54.2,100.0,134,56.05
S108224,35.25,93.05,44.33,63.25,83.55,294,58.82
S108225,37.94,57.32,60.35,23.39,98.57,101,44.0
S108226,37.87,69.83,55.98,36.08,93.32,15,41.7
S108227,32.54,83.76,83.19,38.07,100.0,160,86.24
S108228,25.68,70.36,74.51,45.87,81.32,133,65.35
S108229,27.03,78.42,51.81,34.15,96.91,151,59.58
S108230,44.02,70.77,62.48,62.8,100.0,16,71.65
S108231,29.19,54.15,86.27,49.27,84.32,58,16.38
S108232,31.72,71.78,88.89,66.05,69.52,79,23.11
S108233,25.92,86.91,43.1,81.42,100.0,91,36.48
S108234,25.27,74.71,86.06,49.28,80.29,92,71.49
S108235,28.85,94.36,84.83,26.69,81.18,1,74.68
S108236,48.51,43.43,67.86,58.77,84.06,257,65.34
S108237,40.26,75.69,63.55,58.28,68.25,69,38.67
S108238,30.79,60.28,56.19,45.89,85.1,17,58.52
S108239,43.66,56.87,44.95,5.48,85.22,116,36.6
S108240,33.78,90.02,70.42,58.61,79.85,4,48.64
S108241,45.83,66.17,62.28,35.38,79.0,14,60.93
S108242,50.0,64.73,71.96,56.78,76.67,40,57.62
S108243,43.23,75.15,72.34,46.08,74.3,66,70.33
S108244,35.76,37.71,100.0,30.92,90.9,43,43.62
S108245,40.59,90.32,84.15,49.49,84.36,29,55.18
S108246,35.12,98.57,73.75,43.81,93.97,107,66.44
S108247,20.31,83.73,30.81,45.06,72.18,1,28.7
S108248,29.76,76.18,71.28,49.41,96.92,91,61.99
S108249,27.39,66.75,90.32,47.66,93.37,239,60.66
S108250,29.59,53.87,58.17,35.55,76.36,13,33.08
S108251,49.35,69.83,100.0,47.29,70.01,155,53.88
S108252,43.98,83.75,73.7,42.21,88.92,16,31.07
S108253,38.53,76.75,69.71,53.35,56.21,44,53.5
S108254,41.5,75.0,49.15,63.34,73.77,295,72.44
S108255,19.86,74.51,89.06,13.59,84.13,124,52.31
S108256,40.83,62.11,51.71,53.92,77.75,36,46.73
S108257,42.52,100.0,55.97,65.41,63.93,34,64.38
S108258,17.08,65.72,34.9,42.18,81.36,31,38.57
S108259,41.12,63.6,79.34,31.95,65.02,56,39.87
S108260,23.61,86.81,74.4,26.03,83.91,56,38.03
S108261,19.24,69.56,65.16,51.3,74.13,33,71.67
S108262,45.61,69.72,76.84,31.43,77.92,47,49.87
S108263,26.94,91.22,75.34,62.88,67.67,19,33.27
S108264,29.27,80.18,59.15,62.82,91.61,81,32.08
S108265,42.92,80.94,52.44,48.39,77.81,143,57.52
S108266,32.56,48.73,37.56,60.23,68.93,27,61.92
S108267,33.56,76.01,62.16,60.23,78.19,19,45.39
S108268,33.38,54.92,44.07,46.68,100.0,48,31.18
S108269,37.78,63.18,67.6,41.32,85.02,92,62.64
S108270,33.19,72.63,62.43,25.78,96.14,42,45.89
S108271,35.91,69.46,58.57,29.55,55.82,13,44.68
S108272,30.97,79.81,81.74,42.5,77.04,16,57.62
S108273,37.81,81.56,49.22,43.72,65.0,27,49.69
S108274,37.51,82.68,35.43,44.4,72.21,144,25.57
S108275,50.0,49.84,61.39,35.15,68.5,57,31.07
S108276,31.95,100.0,53.16,55.87,99.34,71,83.46
S108277,33.53,69.63,66.95,41.41,90.75,18,38.41
S108278,36.91,88.19,50.38,54.0,68.67,85,46.15
S108279,42.72,32.29,71.73,42.4,73.03,146,54.1
S108280,26.27,66.02,49.43,66.82,85.44,18,44.85
S108281,35.83,48.09,49.26,56.13,93.36,5,69.76
S108282,14.94,57.08,74.86,47.43,95.61,87,50.31
S108283,32.83,70.76,64.26,52.13,89.53,135,11.87
S108284,43.58,64.98,46.01,37.2,100.0,92,32.06
S108285,29.19,89.71,49.77,69.47,86.4,45,63.18
S108286,36.41,96.53,59.03,56.58,73.33,85,52.99
S108287,30.77,55.5,46.71,28.37,67.78,463,31.96
S108288,28.12,62.68,60.39,9.66,63.81,78,26.52
S108289,42.77,54.53,60.96,36.24,61.85,60,23.62
S108290,26.64,69.83,50.33,39.03,90.12,62,46.05
S108291,37.34,72.39,75.4,54.3,100.0,51,84.15
S108292,37.47,70.48,48.67,23.9,81.57,93,44.47
S108293,28.19,74.69,84.93,51.81,100.0,149,73.53
S108294,36.25,65.33,61.5,70.57,80.41,102,76.53
S108295,27.52,57.15,54.45,38.51,89.1,20,64.22
S108296,39.17,70.77,73.63,48.55,56.27,37,83.52
S108297,24.48,69.83,65.55,57.01,92.18,72,47.43
S108298,32.28,75.21,77.16,16.0,70.44,399,52.33
S108299,32.98,45.52,32.98,48.66,92.46,6,48.3
S108300,43.9,72.8,73.27,31.15,99.25,17,57.04
S108301,36.12,59.66,56.69,40.28,84.57,119,37.6
S108302,42.64,72.27,65.6,48.16,86.5,17,52.07
S108303,39.44,83.58,63.59,59.84,81.78,89,63.38
S108304,39.39,61.66,86.55,54.37,89.59,414,67.84
S108305,32.34,87.95,35.23,66.5,100.0,82,58.28
S108306,43.17,43.89,90.83,57.39,80.17,52,36.59
S108307,32.15,93.16,76.3,54.05,82.47,143,85.98
S108308,21.16,88.58,67.43,30.81,53.32,118,32.3
S108309,33.28,56.7,42.06,51.33,86.33,99,46.26
S108310,38.63,56.83,38.25,44.6,68.28,10,38.68
S108311,22.15,47.58,56.02,8.83,77.03,80,60.46
S108312,27.92,83.82,75.16,43.14,87.16,1,53.2
S108313,25.16,65.04,64.9,59.03,55.76,5,45.5
S108314,41.29,63.94,74.25,50.12,86.98,3,43.08
S108315,48.38,53.16,41.59,56.22,83.77,9,44.38
S108316,33.32,97.18,65.71,42.33,90.55,45,62.39
S108317,39.25,55.41,82.53,16.41,70.42,234,53.72
S108318,39.04,70.36,88.23,27.56,96.69,6,57.23
S108319,47.43,69.83,44.94,75.58,84.57,102,39.91
S108320,29.78,64.02,59.37,55.58,69.34,57,32.59
S108321,33.24,60.99,59.55,46.27,59.46,26,39.57
S108322,32.27,64.46,54.98,53.9,71.88,30,62.21
S108323,35.6,78.48,79.52,51.23,93.06,2,77.01
S108324,50.0,64.79,100.0,47.48,86.68,96,57.66
S108325,35.25,94.38,47.18,61.68,47.81,8,68.55
S108326,28.16,58.34,71.8,76.93,75.0,3,54.62
S108327,25.76,81.31,69.73,74.25,81.88,51,47.42
S108328,45.02,43.65,70.07,43.76,100.0,52,41.32
S108329,28.13,58.35,86.33,49.74,99.32,85,55.46
S108330,40.31,57.76,70.97,42.56,77.32,98,50.86
S108331,29.56,53.44,30.82,42.38,82.72,57,48.18
S108332,24.87,74.25,42.01,51.52,59.56,98,29.59
S108333,39.84,68.35,47.93,36.97,40.6,23,54.11
S108334,29.95,35.82,53.02,63.01,74.05,12,57.65
S108335,38.4,99.93,62.77,51.15,95.05,214,47.73
S108336,38.99,72.64,61.56,43.3,82.72,37,44.11
S108337,39.37,70.02,35.83,62.22,68.76,8,42.92
S108338,32.85,89.65,39.26,59.0,93.69,140,58.43
S108339,40.49,84.83,31.1,23.51,100.0,76,37.01
S108340,27.62,65.53,40.14,50.25,57.66,72,59.07
S108341,15.37,40.71,80.86,65.87,79.21,11,37.19
S108342,40.66,69.83,60.67,47.28,72.01,113,77.42
S108343,36.32,55.56,49.76,38.36,80.67,18,39.71
S108344,30.12,88.59,34.32,75.15,73.16,3,32.88
S108345,23.23,58.36,48.79,62.83,100.0,14,63.2
S108346,18.71,63.22,74.71,39.39,78.21,96,45.92
S108347,35.41,49.85,72.61,46.94,84.5,125,52.0
S108348,48.19,51.07,60.96,36.01,82.51,23,45.65
S108349,33.89,68.36,60.73,67.6,61.2,30,86.05
S108350,32.11,66.97,36.66,46.57,83.05,14,22.64
S108351,34.81,62.86,52.58,36.9,57.92,48,42.48
S108352,50.0,100.0,73.89,46.35,100.0,20,72.84
S108353,41.02,79.05,54.2,40.41,93.55,331,66.72
S108354,27.53,70.15,90.98,43.14,71.35,117,68.8
S108355,35.22,28.64,84.29,55.87,77.5,73,61.11
S108356,37.66,82.39,57.74,55.45,95.39,56,53.65
S108357,26.55,100.0,60.75,45.87,84.09,15,27.83
S108358,41.07,67.18,100.0,56.33,55.23,109,63.18
S108359,28.46,57.84,78.56,32.29,82.52,34,31.01
S108360,22.91,72.45,66.12,41.89,96.28,51,54.1
S108361,35.61,48.53,67.97,35.55,44.99,173,47.99
S108362,34.34,76.93,67.38,49.06,82.07,231,49.7
S108363,34.99,92.5,64.73,38.72,67.47,117,49.3
S108364,28.88,59.94,47.86,33.85,99.01,117,51.54
S108365,30.0,60.42,58.56,24.8,73.21,109,39.6
S108366,44.03,68.8,42.02,54.32,71.67,79,53.39
S108367,38.53,62.48,76.6,61.18,92.42,17,59.76
S108368,27.35,47.32,62.88,60.0,66.54,71,59.0
S108369,19.39,64.22,77.41,80.79,81.26,5,63.64
S108370,27.68,61.19,44.61,47.72,84.22,2,31.35
S108371,36.26,90.5,87.75,65.78,77.09,146,50.72
S108372,29.94,87.33,85.76,33.46,60.44,62,32.92
S108373,29.32,90.96,39.81,56.75,66.93,1,32.13
S108374,30.29,82.03,56.91,20.15,78.04,25,35.53
S108375,34.42,73.09,58.64,68.19,51.59,92,79.18
S108376,41.28,56.88,41.99,61.2,81.28,224,41.82
S108377,35.0,89.89,60.84,72.48,76.05,149,73.23
S108378,35.5,75.22,73.93,42.8,88.58,47,61.46
S108379,33.2,51.28,57.49,24.29,89.74,27,62.45
S108380,31.01,56.29,37.59,37.92,63.16,30,27.52
S108381,42.15,51.04,77.36,58.77,72.21,106,60.83
S108382,40.94,69.83,52.33,29.69,66.08,131,45.16
S108383,50.0,75.83,54.02,60.99,72.1,36,61.87
S108384,39.88,51.43,91.9,37.47,76.22,78,36.54
S108385,31.01,58.66,71.35,73.19,96.8,110,48.3
S108386,27.76,70.58,52.06,32.48,71.06,150,53.44
S108387,42.62,67.18,45.97,61.46,93.3,82,63.07
S108388,28.48,59.3,80.45,50.06,83.9,160,39.86
S108389,41.48,92.78,79.35,57.05,100.0,26,62.56
S108390,28.92,47.1,56.89,49.05,74.7,96,49.69
S108391,37.79,69.83,44.86,15.85,67.8,41,31.37
S108392,26.52,76.87,71.17,56.0,82.16,211,52.03
S108393,41.24,60.61,74.5,15.63,55.89,20,56.02
S108394,25.13,60.02,59.04,34.1,82.36,124,46.83
S108395,37.18,53.81,47.35,63.03,88.49,215,50.03
S108396,33.42,75.07,65.4,63.97,96.48,92,80.86
S108397,35.81,73.38,72.39,52.42,86.09,124,66.08
S108398,31.83,71.79,57.21,37.33,77.86,174,58.06
S108399,31.65,61.26,69.19,24.61,100.0,30,53.79
S108400,36.24,58.73,70.78,61.15,79.86,11,69.79
S108401,26.98,67.55,83.33,54.63,64.12,221,66.83
S108402,26.94,84.5,58.27,43.71,79.48,3,44.61
S108403,32.13,93.52,46.77,53.89,59.84,53,35.87
S108404,31.82,86.67,63.92,40.06,61.49,31,65.92
S108405,26.96,77.59,92.0,70.39,83.62,65,33.07
S108406,42.39,84.73,36.79,39.11,60.11,363,80.53
S108407,32.32,52.27,27.99,33.69,70.75,4,0.76
S108408,33.19,59.29,63.27,72.9,62.47,117,61.53
S108409,24.38,77.87,58.93,20.73,82.1,2,28.47
S108410,50.0,68.23,61.67,44.81,69.32,24,38.11
S108411,50.0,75.06,61.07,62.8,87.98,98,53.94
S108412,28.76,84.69,81.09,50.02,86.77,26,32.27
S108413,44.81,82.36,64.32,34.24,60.43,75,73.8
S108414,34.27,53.64,78.11,56.52,93.81,272,48.61
S108415,47.83,70.18,25.36,71.89,77.43,166,52.59
S108416,37.69,56.19,56.54,49.18,61.63,145,56.57
S108417,35.8,58.34,51.96,27.2,85.59,17,35.96
S108418,15.01,44.34,28.45,60.93,100.0,25,35.99
S108419,27.97,72.0,66.65,49.25,77.05,124,49.1
S108420,35.16,43.23,63.4,78.26,55.28,105,69.67
S108421,36.59,75.91,57.53,57.58,93.84,28,74.89
S108422,25.28,90.38,62.98,68.28,100.0,45,45.05
S108423,29.17,77.96,66.65,38.46,63.8,84,28.13
S108424,39.43,70.78,81.21,50.81,68.06,60,57.65
S108425,23.93,93.02,75.28,47.82,80.53,49,49.15
S108426,36.07,74.91,70.26,44.42,50.99,8,48.52
S108427,44.9,57.06,100.0,33.88,100.0,56,33.44
S108428,38.08,71.88,53.67,24.1,79.24,388,26.86
S108429,37.68,99.4,43.24,31.74,80.62,33,56.72
S108430,18.84,53.61,83.79,53.68,85.36,95,30.44
S108431,28.42,49.3,94.87,78.47,76.13,56,55.85
S108432,50.0,79.22,54.84,46.09,72.27,127,49.72
S108433,30.21,66.64,87.04,18.54,65.88,110,46.95
S108434,45.12,62.02,56.46,44.33,62.33,231,55.1
S108435,30.11,51.11,74.36,39.38,86.1,84,32.19
S108436,32.78,40.75,75.24,26.21,100.0,236,52.81
S108437,39.12,48.15,54.9,4.43,94.25,3,43.28
S108438,35.81,94.22,94.55,34.05,75.66,42,47.96
S108439,38.05,69.87,96.39,57.83,77.11,90,84.16
S108440,28.45,40.56,48.66,38.25,100.0,52,47.7
S108441,25.91,87.76,68.22,36.8,68.02,215,68.04
S108442,27.91,88.52,79.63,90.22,54.97,12,42.76
S108443,30.74,88.44,34.88,29.95,83.77,52,16.74
S108444,33.17,63.66,65.42,43.62,92.79,155,39.26
S108445,43.3,65.97,38.55,48.72,42.68,113,41.63
S108446,35.7,72.06,75.68,62.37,85.97,125,62.7
S108447,38.88,91.02,66.38,30.36,63.07,50,76.6
S108448,36.13,61.68,59.02,62.42,58.72,33,38.56
S108449,26.08,58.68,39.93,73.03,75.66,56,59.72
S108450,35.14,80.44,55.42,34.1,62.68,18,18.22
S108451,36.05,88.14,73.31,59.84,53.45,82,65.59
S108452,41.08,69.21,64.34,46.24,81.62,124,48.04
S108453,26.45,80.06,84.08,61.08,79.34,6,52.52
S108454,18.68,71.69,83.04,30.99,54.23,73,33.28
S108455,36.41,66.23,82.36,39.38,58.9,69,65.62
S108456,37.83,57.56,56.4,67.66,86.97,25,59.32
S108457,33.56,52.69,69.72,53.48,87.93,430,45.21
S108458,35.22,60.78,49.56,41.3,40.31,55,32.17
S108459,42.03,55.36,44.84,40.88,61.05,175,56.07
S108460,31.33,74.25,83.91,50.15,78.76,17,31.76
S108461,32.77,88.26,46.02,45.65,86.35,111,28.98
S108462,35.63,73.06,44.3,89.85,86.16,7,70.04
S108463,25.24,56.19,66.68,50.13,89.04,6,37.76
S108464,33.78,82.83,60.67,43.99,69.19,17,59.36
S108465,34.49,74.45,62.05,56.56,82.67,107,38.01
S108466,48.1,77.42,100.0,60.08,74.09,464,57.82
S108467,32.62,62.21,49.09,49.01,71.59,133,54.43
S108468,36.6,87.0,72.92,55.71,57.33,44,52.13
S108469,42.35,86.92,66.39,49.6,84.46,83,47.44
S108470,28.3,67.24,81.15,70.13,55.26,51,56.26
S108471,46.01,80.78,52.43,60.23,62.44,23,65.67
S108472,49.11,86.52,61.41,44.39,90.3,77,41.51
S108473,34.77,63.02,66.83,39.52,77.51,60,58.53
S108474,30.68,68.78,42.06,29.64,95.77,62,27.91
S108475,48.02,71.2,36.11,50.66,74.95,5,46.66
S108476,41.37,53.53,64.67,38.67,71.67,10,47.9
S108477,35.66,76.62,86.4,45.0,97.2,55,37.8
S108478,46.41,85.34,59.36,13.62,74.0,36,83.36
S108479,45.57,67.84,61.56,48.1,84.22,44,47.53
S108480,32.31,75.1,83.41,44.61,77.56,40,53.33
S108481,36.99,90.98,62.62,33.41,81.8,99,59.6
S108482,39.61,63.92,77.43,29.48,76.68,16,60.17
S108483,35.23,75.4,100.0,65.01,93.17,228,53.04
S108484,23.87,61.45,55.77,20.52,81.02,51,72.6
S108485,27.49,61.04,62.17,66.24,75.02,33,52.29
S108486,24.13,75.13,71.34,13.33,83.81,2,40.54
S108487,38.94,73.62,88.87,44.45,56.78,35,39.96
S108488,25.53,78.33,63.16,48.82,95.19,79,70.47
S108489,36.54,71.14,76.67,63.5,57.4,56,65.58
S108490,49.66,76.98,70.57,43.68,70.04,105,78.88
S108491,46.42,94.98,63.84,7.05,73.21,68,27.46
S108492,20.3,85.9,58.27,65.92,83.74,46,45.05
S108493,24.77,75.08,55.25,46.64,100.0,60,51.81
S108494,28.79,77.57,100.0,75.23,95.47,261,41.28
S108495,25.65,65.52,40.34,62.09,57.92,271,54.29
S108496,21.77,67.61,41.86,58.74,66.71,56,53.0
S108497,34.91,77.39,68.92,30.02,59.01,15,52.56
S108498,40.64,71.31,68.25,28.5,60.5,218,39.43
S108499,42.63,81.9,71.82,48.41,71.15,84,80.71
S108500,31.2,89.01,51.01,50.65,99.65,52,55.5
S108501,32.82,68.47,48.58,55.39,76.31,66,56.13
S108502,37.85,39.86,60.43,49.77,78.26,52,75.33
S108503,34.13,100.0,79.52,37.38,83.43,52,60.75
S108504,41.48,60.21,48.72,47.77,65.91,45,37.21
S108505,38.44,72.93,67.42,36.49,78.94,181,61.01
S108506,31.99,80.91,56.8,45.51,83.7,49,90.88
S108507,20.15,91.13,40.61,44.22,100.0,20,39.84
S108508,46.99,97.09,44.5,31.64,93.86,21,46.3
S108509,29.51,64.54,79.57,58.16,100.0,11,53.63
S108510,37.86,87.85,55.34,38.84,80.43,65,61.98
S108511,19.67,72.97,84.9,40.85,87.93,31,51.16
S108512,34.91,100.0,64.4,30.64,83.92,69,43.52
S108513,35.8,86.51,43.11,45.76,53.17,214,46.27
S108514,36.19,67.34,72.64,52.31,43.06,249,45.62
S108515,50.0,58.1,52.18,13.5,63.13,29,40.39
S108516,29.95,30.6,58.97,54.13,98.65,20,24.8
S108517,41.57,80.12,83.12,51.87,74.07,5,64.44
S108518,39.19,85.13,44.37,68.14,91.68,25,59.38
S108519,29.57,81.18,57.81,51.09,99.57,56,57.55
S108520,41.45,34.7,47.66,44.1,60.75,74,48.73
S108521,33.69,51.13,45.95,60.94,100.0,8,52.38
S108522,42.0,77.21,57.43,38.41,62.56,23,67.0
S108523,50.0,96.78,51.28,45.12,76.9,3,8.09
S108524,36.21,69.17,60.62,40.69,63.8,120,37.27
S108525,32.75,86.37,75.22,49.93,83.56,25,58.62
S108526,43.41,54.48,52.99,50.61,77.57,67,28.5
S108527,46.17,73.11,41.51,36.35,91.96,49,61.54
S108528,27.93,65.88,75.26,52.39,95.0,52,61.52
S108529,31.38,87.81,52.88,36.58,100.0,88,57.35
S108530,40.4,61.9,94.24,38.62,91.28,56,50.87
S108531,33.94,95.16,58.46,23.09,92.22,23,28.37
S108532,27.37,65.38,62.82,53.71,73.28,42,58.83
S108533,39.33,53.95,28.13,77.42,77.33,139,71.09
S108534,40.37,54.46,46.41,53.12,84.71,66,53.38
S108535,32.32,60.66,28.53,40.23,61.39,300,60.99
S108536,35.49,75.56,69.71,78.25,96.85,123,66.0
S108537,30.39,60.85,63.69,43.15,77.99,140,63.52
S108538,26.24,57.69,75.08,84.07,82.91,122,57.08
S108539,31.02,83.35,77.92,36.03,57.23,47,55.89
S108540,35.59,21.83,80.38,67.18,74.54,130,48.36
S108541,23.2,63.55,61.4,43.28,92.94,80,30.65
S108542,31.61,49.99,66.37,47.73,86.29,20,46.68
S108543,35.7,56.97,74.26,52.43,92.44,8,48.65
S108544,44.56,73.66,52.28,13.74,74.94,55,37.81
S108545,32.5,66.92,49.99,53.25,81.93,70,76.24
S108546,25.03,65.57,89.64,40.69,78.44,34,35.27
S108547,33.32,87.84,36.1,39.55,89.97,79,54.25
S108548,30.47,69.8,73.0,59.32,83.91,13,31.02
S108549,39.42,97.09,70.46,31.97,74.26,131,43.34
S108550,32.3,80.68,47.03,52.22,41.6,41,35.52
S108551,13.32,55.5,54.31,34.28,82.56,104,19.75
S108552,50.0,99.01,59.29,52.02,54.83,153,64.49
S108553,36.14,74.17,68.47,74.97,90.34,22,53.58
S108554,35.71,98.08,70.63,20.93,92.48,63,64.53
S108555,22.67,66.01,64.51,12.49,45.73,11,27.62
S108556,23.28,74.08,68.01,59.72,84.49,3,29.28
S108557,34.26,76.48,75.55,24.39,84.12,3,49.4
S108558,37.69,67.48,74.81,56.41,85.64,240,54.64
S108559,40.62,89.08,89.55,51.02,61.52,4,63.32
S108560,36.9,98.99,81.69,44.64,87.15,74,62.29
S108561,25.51,35.6,65.28,26.94,61.11,5,34.65
S108562,14.96,82.22,75.25,50.23,90.35,100,57.35
S108563,34.2,56.58,71.78,41.67,86.51,54,57.32
S108564,30.73,31.11,67.63,35.6,75.05,19,13.53
S108565,24.9,77.76,51.1,37.57,86.37,74,53.57
S108566,41.62,77.79,67.6,43.88,65.8,33,67.15
S108567,22.4,80.2,31.96,64.29,71.62,13,46.14
S108568,39.94,75.57,82.16,55.01,97.46,108,58.42
S108569,23.72,83.13,70.61,72.32,96.87,38,42.02
S108570,36.07,60.95,62.45,42.17,63.54,51,35.13
S108571,42.47,73.95,58.27,64.57,70.71,3,50.76
S108572,32.3,80.47,75.47,49.0,71.67,66,54.29
S108573,48.52,90.29,94.4,39.67,80.93,58,83.81
S108574,50.0,70.66,71.0,70.88,77.99,110,70.58
S108575,36.9,66.79,95.44,51.15,99.38,52,58.79
S108576,39.33,69.17,77.55,70.87,100.0,149,59.82
S108577,43.49,52.1,52.11,52.18,100.0,34,36.14
S108578,39.36,81.54,72.8,41.04,100.0,110,50.04
S108579,38.5,48.14,71.24,58.99,56.3,22,55.17
S108580,30.81,75.86,52.1,43.02,77.17,159,61.44
S108581,21.5,71.27,58.48,46.43,69.59,35,35.24
S108582,23.88,46.74,58.16,27.17,66.53,107,14.1
S108583,50.0,47.59,66.6,82.85,100.0,130,68.74
S108584,37.58,57.19,60.52,59.53,86.31,14,59.98
S108585,33.03,64.84,69.3,61.33,56.16,129,66.83
S108586,45.11,92.21,71.89,59.28,100.0,27,74.59
S108587,29.0,68.34,85.28,42.35,52.77,56,27.62
S108588,39.66,78.2,73.79,47.31,74.69,59,40.57
S108589,35.62,89.0,53.77,41.32,81.32,70,57.2
S108590,38.68,86.1,98.78,14.22,63.03,124,58.91
S108591,32.31,69.89,53.87,39.39,88.25,142,35.78
S108592,27.28,59.42,58.8,53.71,70.74,23,74.2
S108593,28.42,77.48,74.56,57.6,92.35,17,68.04
S108594,28.73,59.72,100.0,37.29,85.98,7,55.66
S108595,34.98,97.22,71.43,74.11,42.44,98,43.77
S108596,22.55,83.02,54.73,84.41,56.75,52,59.37
S108597,25.02,73.13,38.77,43.96,92.73,13,47.38
S108598,36.08,77.69,37.71,63.86,86.06,53,51.82
S108599,33.98,72.67,65.18,42.19,64.61,334,74.1
S108600,36.52,64.48,73.72,27.67,69.96,65,44.88
S108601,34.64,77.48,42.28,37.83,78.68,165,50.91
S108602,50.0,66.36,68.55,59.94,49.62,7,82.11
S108603,36.01,99.05,43.98,30.46,100.0,186,48.17
S108604,31.97,59.61,50.21,49.79,65.29,65,64.75
S108605,35.81,77.63,75.11,49.98,80.46,62,59.62
S108606,43.16,58.26,53.04,49.77,100.0,12,34.4
S108607,34.6,58.1,85.96,51.44,77.24,49,67.61
S108608,40.48,43.21,55.65,43.24,84.83,53,38.0
S108609,38.17,76.17,82.75,56.18,65.65,12,56.92
S108610,32.68,62.01,100.0,38.99,71.78,33,56.32
S108611,35.89,86.25,53.07,43.78,66.12,169,44.36
S108612,47.79,76.2,100.0,42.8,99.2,3,65.84
S108613,36.94,72.22,65.22,54.52,69.99,59,50.92
S108614,27.11,48.84,54.88,46.06,68.85,122,38.2
S108615,32.44,78.77,60.26,9.06,67.08,275,26.23
S108616,18.09,60.07,58.54,54.22,85.74,86,36.46
S108617,36.1,48.51,87.43,57.17,88.72,3,57.73
S108618,45.5,76.46,86.09,52.9,50.03,102,56.87
S108619,24.27,51.13,85.9,61.81,81.02,104,90.76
S108620,36.2,38.63,44.21,53.24,84.52,62,42.18
S108621,42.88,89.46,68.03,57.57,100.0,38,72.25
S108622,43.73,61.59,40.2,59.78,61.64,46,40.58
S108623,45.24,43.83,81.18,28.07,63.18,232,59.01
S108624,20.05,55.56,57.26,39.56,89.62,175,68.38
S108625,39.04,59.18,73.05,62.53,79.08,27,58.33
S108626,22.96,87.16,56.97,59.6,100.0,6,36.82
S108627,27.01,45.06,36.91,61.68,96.52,109,49.88
S108628,41.57,49.92,79.16,39.95,84.19,61,67.58
S108629,36.26,84.71,80.4,67.95,79.01,82,58.8
S108630,40.81,63.25,67.23,45.39,77.64,230,36.03
S108631,27.57,73.42,31.22,21.32,79.55,229,28.62
S108632,46.79,62.64,77.01,53.54,80.91,142,78.42
S108633,40.51,100.0,53.2,41.64,100.0,25,64.89
S108634,42.11,50.65,73.27,54.31,49.44,129,35.4
S108635,26.36,74.23,57.15,28.71,73.71,150,34.23
S108636,44.37,92.54,58.79,44.32,83.07,0,54.64
S108637,32.47,64.38,72.96,33.21,70.96,42,34.62
S108638,30.11,58.69,51.87,87.19,75.71,30,39.5
S108639,40.0,81.51,62.33,71.88,73.38,149,59.74
S108640,39.67,85.06,73.15,34.28,99.55,9,65.33
S108641,28.23,58.0,99.66,48.19,73.65,78,43.36
S108642,50.0,91.93,63.81,37.9,69.19,57,61.04
S108643,49.51,70.77,78.43,54.09,91.71,207,81.46
S108644,39.84,77.63,46.25,46.62,71.98,51,43.11
S108645,38.44,92.32,92.11,40.17,77.48,6,25.96
S108646,37.64,81.53,52.07,73.64,63.4,176,26.27
S108647,22.6,70.0,62.88,53.11,73.91,74,40.06
S108648,35.9,59.93,73.18,44.0,79.48,88,63.62
S108649,35.8,100.0,52.52,25.52,61.03,102,31.67
S108650,30.39,58.16,82.29,34.71,78.5,141,34.02
S108651,32.53,74.77,54.41,48.0,87.7,107,45.04
S108652,15.95,77.65,78.29,36.57,50.13,24,46.18
S108653,26.22,78.36,82.08,51.58,70.22,254,59.47
S108654,42.37,100.0,74.25,54.32,100.0,13,62.96
S108655,48.85,70.71,76.33,38.28,76.93,43,47.54
S108656,27.45,68.57,100.0,56.36,97.08,61,62.66
S108657,36.46,93.28,71.66,39.41,79.59,4,72.69
S108658,43.79,67.96,66.76,61.13,75.05,11,61.83
S108659,30.84,83.14,70.38,48.46,94.0,17,49.44
S108660,40.41,72.92,85.34,38.51,97.96,163,73.33
S108661,34.73,83.81,100.0,25.67,66.62,74,37.34
S108662,44.52,80.88,62.34,53.82,63.53,8,42.45
S108663,24.74,63.95,50.4,44.42,59.48,106,56.34
S108664,26.16,42.34,83.6,48.23,66.83,49,48.16
S108665,37.24,44.89,43.19,36.1,97.04,14,57.27
S108666,35.77,42.39,69.12,54.06,80.47,56,30.71
S108667,34.55,68.63,69.87,51.32,97.76,39,43.6
S108668,39.61,34.71,63.28,64.14,64.5,84,46.13
S108669,27.55,67.6,64.22,56.65,64.96,314,61.26
S108670,24.04,72.01,38.56,66.71,74.11,104,76.46
S108671,31.0,82.84,51.11,39.49,84.45,57,65.74
S108672,31.89,77.57,79.99,40.23,77.9,76,32.37
S108673,32.73,83.53,32.34,17.97,90.47,119,49.67
S108674,45.15,76.21,63.62,23.98,86.22,21,62.73
S108675,41.16,65.15,60.0,40.85,87.31,12,55.91
S108676,39.27,68.41,33.12,42.42,90.27,69,48.5
S108677,36.78,57.23,92.08,48.8,96.44,56,53.21
S108678,31.53,73.42,48.52,28.55,43.1,44,47.41
S108679,28.17,46.24,73.78,36.06,79.81,17,21.15
S108680,25.42,85.99,57.5,17.2,92.64,81,27.55
S108681,29.44,55.65,51.48,19.41,100.0,90,35.87
S108682,34.66,72.31,61.22,47.44,78.5,124,38.83
S108683,25.76,74.82,59.3,35.7,47.04,71,55.13
S108684,36.36,87.44,62.01,31.45,100.0,36,56.02
S108685,33.44,44.78,52.41,49.67,61.74,20,32.76
S108686,31.82,65.12,48.78,56.11,86.91,3,44.18
S108687,44.29,78.25,81.07,60.16,88.07,41,76.07
S108688,15.32,96.27,65.11,50.62,81.89,118,64.46
S108689,31.93,69.42,64.03,51.57,48.0,112,63.3
S108690,16.18,61.08,50.74,47.05,74.55,228,51.0
S108691,36.91,100.0,90.19,62.39,56.46,1,63.79
S108692,41.1,82.04,63.6,46.26,86.81,16,52.98
S108693,24.19,90.6,34.67,71.9,66.72,87,63.33
S108694,25.22,51.86,69.41,56.18,48.14,62,31.33
S108695,21.41,77.82,52.77,37.25,90.67,101,56.27
S108696,35.51,53.75,79.57,79.4,60.99,39,73.82
S108697,32.27,50.42,81.61,53.97,82.02,35,36.55
S108698,32.77,78.73,79.77,26.67,68.95,96,46.35
S108699,32.06,79.78,57.62,40.41,93.02,42,29.45
S108700,27.21,62.77,63.19,67.47,92.39,24,56.79
S108701,44.05,91.48,68.98,39.11,83.57,29,61.5
S108702,37.18,64.46,79.28,33.45,78.39,20,21.42
S108703,25.52,65.95,48.4,45.24,73.39,1,46.17
S108704,29.4,69.46,66.49,67.38,61.93,94,89.0
S108705,28.02,66.36,94.89,40.27,71.18,106,72.39
S108706,46.25,89.16,56.43,54.15,87.18,126,55.25
S108707,40.69,54.37,64.58,42.95,100.0,16,35.28
S108708,33.99,58.68,100.0,30.5,88.56,196,70.89
S108709,48.66,52.13,61.14,29.93,90.73,32,54.28
S108710,46.62,98.25,40.38,44.11,78.38,180,57.69
S108711,33.15,65.13,64.08,54.96,87.89,25,57.35
S108712,31.72,58.47,91.77,30.64,47.78,3,20.74
S108713,32.1,65.69,81.91,49.85,69.17,58,26.0
S108714,27.38,82.74,49.32,58.68,90.56,60,52.84
S108715,48.87,79.96,71.65,43.22,90.82,185,67.77
S108716,26.95,61.37,62.19,44.94,71.85,89,45.55
S108717,41.95,64.01,77.99,46.79,60.37,140,59.21
S108718,40.52,48.17,55.15,77.73,78.94,153,71.92
S108719,32.56,72.08,72.91,64.68,73.48,54,43.56
S108720,49.48,89.23,95.56,12.92,94.11,191,47.7
S108721,22.53,61.27,23.2,61.53,90.55,103,39.13
S108722,34.36,79.54,74.49,25.33,100.0,9,30.59
S108723,31.09,61.27,86.11,40.58,96.66,23,43.58
S108724,42.68,53.57,40.1,63.34,75.89,9,43.96
S108725,37.83,80.2,53.47,15.74,85.23,70,35.92
S108726,21.18,100.0,58.7,62.46,100.0,20,61.52
S108727,44.92,78.15,53.31,81.4,73.99,228,76.08
S108728,38.88,63.79,52.11,33.35,82.62,179,67.86
S108729,26.72,64.76,59.0,45.48,79.93,127,46.08
S108730,32.2,98.64,78.63,53.46,80.25,168,58.9
S108731,24.6,74.6,88.8,42.45,66.89,148,49.23
S108732,33.63,58.51,85.84,21.33,99.63,15,62.77
S108733,36.2,69.07,80.9,45.78,66.24,8,32.65
S108734,32.32,73.23,94.31,33.46,100.0,96,41.13
S108735,31.4,77.04,97.5,58.79,100.0,34,47.14
S108736,22.1,92.68,67.66,44.98,83.76,79,52.46
S108737,37.7,89.14,87.9,49.64,80.08,80,63.24
S108738,19.6,72.97,71.78,94.23,68.35,156,71.34
S108739,35.25,69.83,61.54,29.13,81.06,14,9.04
S108740,20.61,75.94,64.2,3.0,96.2,173,38.69
S108741,35.4,60.88,81.2,53.39,69.74,31,68.23
S108742,34.95,84.7,88.45,39.46,100.0,177,50.01
S108743,38.23,66.95,74.29,53.09,95.38,18,56.1
S108744,41.9,77.36,58.66,33.55,78.41,14,75.05
S108745,43.38,95.7,57.17,52.24,91.94,77,47.35
S108746,22.12,78.29,35.35,67.45,66.31,187,58.48
S108747,34.53,73.46,70.77,33.84,78.45,53,39.29
S108748,50.0,62.24,69.69,49.26,100.0,7,56.38
S108749,35.95,68.83,48.29,40.77,97.91,163,68.15
S108750,28.35,52.96,72.57,67.23,87.47,55,42.74
S108751,34.36,78.0,72.3,63.57,81.03,56,71.16
S108752,31.93,69.83,41.26,53.84,78.89,19,45.78
S108753,25.59,84.53,59.85,44.6,79.57,18,41.88
S108754,41.95,80.98,87.54,53.62,68.39,75,76.62
S108755,39.67,71.47,54.87,58.12,89.78,45,61.47
S108756,24.32,62.0,65.28,58.71,95.67,13,45.67
S108757,34.25,69.76,67.57,42.52,76.22,303,56.33
S108758,30.47,43.39,64.58,27.19,87.01,4,22.46
S108759,22.19,82.36,76.02,52.22,69.09,4,73.8
S108760,23.68,67.54,79.96,56.0,79.0,308,54.72
S108761,24.87,92.73,85.23,36.37,67.31,20,23.23
S108762,34.53,75.88,59.98,59.87,76.6,1,31.76
S108763,31.34,69.83,73.38,45.31,81.79,41,46.44
S108764,27.33,76.01,78.44,33.49,89.07,20,46.61
S108765,31.86,55.37,63.11,69.86,70.81,131,39.5
S108766,40.98,63.24,53.49,59.74,87.14,23,65.69
S108767,37.85,71.99,67.3,23.7,65.65,136,56.88
S108768,43.01,65.46,55.31,29.33,84.76,61,40.33
S108769,33.17,61.35,53.73,47.71,100.0,131,61.96
S108770,47.82,65.76,68.52,32.87,74.43,76,46.17
S108771,37.78,70.66,61.99,37.25,59.99,113,61.43
S108772,31.09,100.0,67.81,42.95,93.45,49,46.23
S108773,35.74,65.12,40.18,76.38,84.29,44,60.28
S108774,25.02,59.84,62.19,31.43,86.88,48,71.22
S108775,32.55,67.71,28.84,58.53,99.08,109,57.73
S108776,38.44,92.52,48.27,82.74,69.34,47,61.17
S108777,39.89,93.6,63.58,66.47,69.78,28,58.22
S108778,31.72,99.24,84.41,16.44,88.17,133,78.94
S108779,50.0,70.91,73.59,59.09,95.59,43,38.84
S108780,33.62,79.62,66.44,30.59,83.56,47,53.49
S108781,21.57,54.25,58.97,41.62,78.93,7,41.43
S108782,44.71,64.7,60.99,33.3,84.84,37,57.27
S108783,39.86,53.27,85.89,42.52,91.0,138,30.98
S108784,36.85,77.1,47.3,35.72,58.28,88,20.48
S108785,31.28,70.58,53.39,75.19,65.15,11,34.32
S108786,38.15,73.39,82.07,40.76,78.67,51,55.87
S108787,47.95,57.31,59.5,60.1,90.35,208,51.94
S108788,36.61,82.76,96.03,52.71,100.0,21,58.28
S108789,23.24,33.89,76.05,30.6,78.3,139,49.92
S108790,7.37,66.22,83.48,31.78,83.68,66,21.1
S108791,38.08,68.4,38.99,58.35,70.02,35,35.75
S108792,27.11,39.68,81.95,46.05,89.86,285,44.64
S108793,34.2,75.76,51.41,64.3,63.53,102,58.58
S108794,28.53,67.4,76.45,55.16,79.83,31,25.57
S108795,27.95,78.42,59.18,45.19,65.75,17,15.78
S108796,28.88,100.0,68.56,28.65,48.31,169,33.96
S108797,29.6,74.87,47.3,54.53,100.0,72,65.13
S108798,41.21,84.59,37.47,60.48,92.03,3,60.41
S108799,39.59,90.71,67.41,49.0,92.13,45,96.49
S108800,25.34,77.38,60.3,57.33,93.63,47,57.13
S108801,26.43,57.01,50.7,26.52,100.0,119,16.52
S108802,38.03,45.4,38.09,42.95,82.44,22,40.32
S108803,43.42,75.62,22.2,72.16,93.02,49,61.75
S108804,43.3,64.0,73.38,26.77,72.49,7,56.95
S108805,26.98,89.25,60.92,44.58,77.42,11,22.91
S108806,42.91,62.87,55.34,31.63,56.97,126,41.09
S108807,20.79,69.79,68.4,35.24,83.03,59,45.03
S108808,33.38,52.61,81.23,57.27,72.05,39,50.68
S108809,38.9,64.84,69.31,21.82,78.0,25,50.52
S108810,18.37,55.86,57.91,37.21,92.44,265,42.04
S108811,50.0,57.23,99.12,87.28,84.53,51,58.45
S108812,45.61,69.21,54.83,43.5,95.45,66,57.01
S108813,40.18,60.9,42.45,61.86,71.14,333,62.54
S108814,27.28,100.0,66.6,51.18,85.73,112,58.48
S108815,34.46,82.54,60.91,47.46,70.41,38,58.4
S108816,41.32,86.27,80.15,45.77,77.36,65,60.81
S108817,26.02,68.34,56.58,66.37,75.4,40,50.97
S108818,33.56,71.59,62.36,45.35,64.79,65,40.94
S108819,42.28,63.56,51.15,26.38,73.81,83,55.27
S108820,23.04,100.0,77.92,69.05,88.66,296,77.6
S108821,37.66,68.37,67.3,39.97,66.26,105,54.25
S108822,20.96,60.94,60.6,68.93,70.04,96,62.12
S108823,27.45,58.69,62.6,72.37,98.66,8,38.98
S108824,30.96,75.03,64.66,38.82,100.0,31,55.44
S108825,39.11,91.32,42.0,13.15,92.48,26,33.59
S108826,29.39,86.3,83.6,69.18,100.0,8,51.35
S108827,36.0,58.66,82.66,50.06,100.0,164,58.58
S108828,29.5,58.29,65.65,49.74,78.67,134,73.37
S108829,30.76,88.69,63.94,52.38,100.0,125,51.3
S108830,45.01,100.0,49.05,40.96,100.0,16,53.33
S108831,25.8,67.82,92.64,46.09,78.91,73,38.69
S108832,41.07,88.1,88.77,44.9,83.77,60,53.1
S108833,34.99,48.01,71.31,61.67,70.07,76,64.08
S108834,30.4,57.35,78.12,47.01,78.56,124,59.78
S108835,25.26,54.86,84.69,34.22,56.68,8,61.52
S108836,25.83,76.18,81.44,48.22,71.2,17,39.19
S108837,29.09,67.32,51.3,41.1,91.91,26,36.81
S108838,33.8,73.57,60.02,40.51,64.64,51,76.03
S108839,39.83,88.29,72.49,53.87,75.3,70,77.35
S108840,32.6,60.2,68.25,48.94,88.38,29,56.81
S108841,33.13,71.41,77.05,52.73,75.66,9,58.05
S108842,34.33,49.93,75.3,52.1,97.27,57,44.27
S108843,38.81,87.46,68.95,59.87,97.95,5,50.02
S108844,40.16,86.45,23.34,67.26,70.73,36,35.32
S108845,23.9,75.43,83.77,58.6,73.45,4,33.68
S108846,32.74,71.8,78.42,10.05,80.67,20,44.06
S108847,44.82,62.36,98.11,38.06,70.02,9,41.85
S108848,24.47,49.07,57.36,68.37,100.0,47,60.49
S108849,35.59,74.58,35.51,43.75,73.81,21,36.44
S108850,33.63,81.34,62.11,62.63,93.66,5,62.32
S108851,30.47,100.0,72.31,47.86,57.54,28,44.75
S108852,47.73,64.1,57.93,42.55,68.41,179,52.22
S108853,35.29,74.05,86.95,59.63,63.72,148,34.57
S108854,47.09,86.72,54.44,52.4,61.34,172,76.2
S108855,35.05,69.83,63.39,29.61,72.25,40,26.56
S108856,38.68,60.66,61.06,81.35,85.51,169,72.79
S108857,30.38,65.81,100.0,31.36,100.0,242,76.52
S108858,30.47,62.12,50.5,21.84,76.97,254,29.73
S108859,38.27,56.47,74.34,75.44,81.23,11,25.28
S108860,38.42,92.08,45.78,61.23,85.09,139,67.56
S108861,39.78,70.94,70.49,49.66,69.07,33,30.73
S108862,38.01,69.83,49.73,48.8,79.64,48,52.88
S108863,24.31,73.72,82.6,43.35,100.0,85,32.28
S108864,28.55,70.81,79.53,54.73,85.82,113,60.87
S108865,41.8,66.69,69.34,1.15,100.0,184,64.48
S108866,19.33,58.58,42.74,20.35,80.36,253,46.68
S108867,37.34,93.48,64.15,40.52,70.7,118,52.51
S108868,34.1,61.45,60.13,25.84,95.65,22,49.24
S108869,41.8,56.04,78.29,62.6,98.96,57,24.63
S108870,38.33,68.79,50.56,46.58,72.55,34,64.63
S108871,29.69,100.0,83.48,62.58,85.47,160,70.78
S108872,29.33,57.68,80.48,31.81,79.05,55,7.98
S108873,30.82,80.64,43.01,30.53,59.29,155,42.58
S108874,39.64,66.31,61.49,48.83,60.16,293,63.3
S108875,16.58,73.67,64.18,65.03,76.92,27,50.93
S108876,36.26,83.83,81.1,50.1,97.25,2,65.06
S108877,27.94,44.2,54.01,44.45,92.75,19,24.03
S108878,36.53,56.55,68.32,51.78,66.26,82,68.3
S108879,37.76,83.62,82.58,42.34,63.16,132,57.82
S108880,21.7,71.46,69.02,44.14,66.89,110,38.11
S108881,33.19,73.18,35.28,84.8,65.64,130,61.23
S108882,36.24,80.67,57.09,56.47,66.77,207,63.39
S108883,35.7,56.66,79.47,49.46,49.62,20,44.28
S108884,34.02,85.83,77.47,51.47,43.36,4,31.6
S108885,25.23,82.3,29.01,37.23,41.6,32,44.72
S108886,26.45,73.57,68.21,46.3,56.74,154,57.65
S108887,23.98,77.02,80.14,49.25,97.5,104,64.91
S108888,39.43,87.47,73.62,85.33,100.0,3,58.62
S108889,34.08,61.09,75.46,44.39,100.0,13,49.7
S108890,34.59,79.92,98.0,13.1,83.73,212,45.27
S108891,21.36,96.17,64.3,54.71,68.36,55,44.09
S108892,34.73,79.61,69.88,41.36,73.53,82,61.54
S108893,40.07,66.66,49.97,40.37,82.11,8,35.64
S108894,20.27,100.0,54.85,24.01,100.0,69,33.13
S108895,30.72,73.46,59.69,37.52,65.13,150,77.48
S108896,22.44,69.83,78.6,65.75,80.04,186,60.54
S108897,31.64,63.68,53.04,20.55,81.46,48,35.3
S108898,27.79,86.02,84.75,55.71,78.68,71,60.88
S108899,38.05,61.8,47.51,56.36,49.87,105,35.5
S108900,36.35,74.85,75.23,51.53,75.86,41,66.44
S108901,45.33,60.9,73.83,29.62,59.71,28,62.5
S108902,34.57,98.52,69.12,47.6,100.0,7,40.68
S108903,37.71,66.68,80.75,50.64,88.56,17,66.16
S108904,30.54,53.38,53.12,44.23,96.75,324,35.75
S108905,26.18,71.43,57.54,60.99,66.73,164,30.99
S108906,41.68,78.06,49.59,49.25,73.26,34,48.59
S108907,44.95,69.6,65.14,45.97,100.0,142,50.35
S108908,40.65,57.8,63.08,53.54,95.36,116,59.48
S108909,36.05,85.56,78.7,31.94,86.32,274,65.45
S108910,27.21,88.89,71.19,32.81,100.0,3,37.25
S108911,44.13,69.83,76.03,41.64,100.0,69,40.83
S108912,39.64,56.84,61.85,51.23,100.0,97,65.88
S108913,50.0,67.61,71.49,38.62,95.74,141,54.39
S108914,25.76,62.04,94.0,48.72,97.19,130,38.39
S108915,41.9,77.89,43.47,61.17,75.06,26,56.71
S108916,39.39,97.59,35.57,28.12,82.94,97,70.91
S108917,32.26,64.29,75.19,46.51,90.21,133,51.41
S108918,45.91,93.65,51.42,58.33,84.77,58,39.92
S108919,38.22,47.98,42.89,70.39,87.55,56,70.79
S108920,27.5,76.84,73.54,33.81,77.88,47,78.51
S108921,34.05,61.08,48.93,41.82,39.04,19,47.53
S108922,27.41,77.16,89.62,16.68,90.15,143,47.8
S108923,31.25,43.65,67.5,68.8,81.62,56,50.24
S108924,40.63,50.72,61.76,36.65,81.9,12,39.85
S108925,42.91,77.13,51.85,54.02,100.0,196,65.36
S108926,36.77,60.55,68.44,50.51,85.35,149,32.7
S108927,29.0,65.15,39.55,60.95,67.93,44,54.87
S108928,38.05,97.54,25.51,34.36,90.32,122,56.44
S108929,40.79,72.06,40.13,40.25,81.28,15,45.97
S108930,19.22,83.52,83.2,67.19,96.74,286,48.12
S108931,35.93,58.61,50.21,55.25,71.05,7,51.45
S108932,33.48,49.88,42.05,62.55,67.78,171,31.22
S108933,42.63,68.79,63.58,23.65,71.9,493,40.28
S108934,38.09,47.64,100.0,45.02,54.06,27,46.66
S108935,38.87,59.52,82.47,51.61,73.44,134,51.94
S108936,31.14,73.57,52.19,64.51,100.0,196,48.41
S108937,35.01,68.33,51.9,85.5,69.1,244,76.2
S108938,42.55,75.02,52.26,71.46,59.65,102,55.77
S108939,34.48,79.0,50.44,59.38,72.08,77,65.21
S108940,36.4,52.06,73.7,56.04,83.3,9,57.21
S108941,22.71,55.87,59.62,39.06,68.81,51,75.04
S108942,34.45,37.32,47.19,58.63,81.08,40,45.48
S108943,18.9,64.44,43.62,63.12,83.77,2,21.22
S108944,30.87,81.05,100.0,56.0,80.03,27,39.57
S108945,35.51,92.37,76.82,47.94,78.66,109,63.52
S108946,41.14,72.86,51.3,42.28,100.0,29,44.4
S108947,27.01,90.6,84.4,33.88,82.65,3,35.06
S108948,37.99,75.76,46.56,34.81,68.14,118,47.67
S108949,46.75,71.61,62.81,61.0,91.32,132,65.53
S108950,29.87,60.83,61.05,36.18,79.1,2,32.88
S108951,22.62,34.22,67.92,29.27,81.07,145,33.14
S108952,37.32,88.35,49.93,63.83,95.2,128,40.76
S108953,25.46,69.2,67.06,23.65,100.0,78,44.96
S108954,28.45,90.82,37.03,36.56,62.91,4,44.51
S108955,42.39,55.76,58.97,42.86,100.0,231,72.24
S108956,50.0,100.0,86.36,71.84,79.03,8,61.89
S108957,26.99,66.27,81.41,54.2,79.13,102,66.9
S108958,29.1,59.62,53.86,39.09,64.85,115,47.52
S108959,31.48,66.78,40.59,68.85,91.2,235,42.1
S108960,30.62,72.56,30.07,61.74,58.67,236,54.83
S108961,50.0,68.95,74.88,63.89,88.08,26,73.13
S108962,30.76,62.27,69.45,75.61,100.0,21,74.3
S108963,31.9,42.95,71.17,39.62,75.28,42,34.85
S108964,47.93,57.94,92.05,41.72,96.23,219,64.04
S108965,39.61,86.12,67.45,44.48,81.23,103,36.28
S108966,42.89,56.8,68.65,65.94,59.12,194,47.61
S108967,27.75,44.25,42.64,10.97,81.8,20,37.02
S108968,30.76,54.17,90.98,16.43,77.22,6,38.66
S108969,26.68,68.67,62.38,42.97,93.45,2,49.49
S108970,41.41,58.61,51.93,43.36,74.55,6,33.1
S108971,44.8,65.8,68.33,49.27,87.48,147,62.78
S108972,30.2,58.02,97.0,23.55,64.16,165,29.94
S108973,32.09,85.15,99.16,70.66,86.44,199,76.88
S108974,32.44,77.36,49.47,48.59,80.36,42,65.15
S108975,22.62,100.0,83.81,62.08,78.09,50,49.86
S108976,29.61,64.27,70.37,58.91,80.47,17,66.4
S108977,41.19,65.73,80.8,39.21,75.61,47,57.63
S108978,28.0,87.75,69.43,44.65,82.12,14,51.1
S108979,35.74,75.87,74.84,60.7,77.04,77,45.19
S108980,24.54,55.88,86.14,61.98,65.4,1,21.86
S108981,33.85,78.35,37.01,61.82,60.56,45,64.24
S108982,30.49,69.83,70.77,61.33,72.59,335,50.47
S108983,25.23,43.09,46.29,31.54,75.24,415,47.41
S108984,41.32,60.23,57.58,39.51,34.93,119,53.92
S108985,41.77,72.85,65.02,56.14,80.29,28,67.07
S108986,27.24,91.69,48.87,58.03,100.0,18,56.7
S108987,33.27,69.83,55.7,32.0,90.35,3,35.23
S108988,35.35,61.54,42.59,52.61,77.43,43,67.16
S108989,20.48,59.38,55.51,45.01,67.77,49,25.41
S108990,23.82,81.97,73.19,51.4,54.53,7,35.16
S108991,45.29,33.61,78.85,62.94,93.33,162,52.48
S108992,26.48,69.83,52.69,21.29,86.38,84,36.92
S108993,45.07,91.14,86.24,28.47,61.48,38,44.16
S108994,24.24,74.45,74.24,54.42,94.45,155,46.45
S108995,40.27,58.62,87.93,40.29,92.59,42,55.83
S108996,32.51,51.97,36.67,26.99,69.93,151,47.61
S108997,33.63,82.6,69.98,43.28,75.62,55,73.88
S108998,49.85,71.17,74.78,53.47,83.75,81,64.2
S108999,24.97,66.72,37.5,68.75,88.29,9,47.55
S109000,39.76,75.61,100.0,45.31,63.58,56,80.24
S109001,39.43,72.47,54.81,22.61,88.5,84,57.03
S109002,50.0,71.32,73.7,41.82,80.89,42,63.72
S109003,26.38,50.14,79.83,47.2,96.66,11,47.4
S109004,29.99,54.6,66.62,36.36,91.44,13,41.51
S109005,41.53,81.22,87.17,38.78,80.87,98,23.98
S109006,33.4,78.39,96.92,67.69,93.75,92,58.31
S109007,31.3,75.73,47.25,23.85,57.36,102,57.11
S109008,42.66,61.2,66.86,32.27,74.39,102,52.7
S109009,32.87,81.48,79.65,57.82,65.41,260,62.56
S109010,27.87,64.44,38.87,51.03,71.67,282,53.53
S109011,40.81,89.52,82.03,50.2,71.49,46,53.68
S109012,38.0,58.8,92.3,47.8,61.06,120,24.51
S109013,32.5,62.12,85.54,58.51,94.29,107,54.16
S109014,32.12,67.73,72.02,30.23,91.26,15,43.72
S109015,27.68,82.71,89.63,52.37,70.9,122,44.21
S109016,40.8,69.47,70.72,56.53,45.27,148,42.34
S109017,32.12,70.57,43.89,8.62,72.42,3,18.77
S109018,28.84,64.13,56.65,20.23,79.27,59,34.59
S109019,24.72,74.02,60.91,71.58,100.0,23,57.39
S109020,38.14,68.94,63.98,17.54,71.54,217,50.09
S109021,30.93,58.24,63.49,63.99,94.68,7,60.1
S109022,18.9,71.91,59.59,67.83,72.43,86,40.48
S109023,25.37,72.26,68.5,55.54,88.53,84,54.33
S109024,33.13,100.0,89.07,74.78,92.11,10,52.97
S109025,33.36,60.83,68.43,68.54,88.68,116,57.35
S109026,33.05,57.41,75.06,62.21,65.64,25,41.15
S109027,31.94,74.19,29.9,63.67,74.55,94,57.44
S109028,23.19,55.11,67.02,68.53,88.81,23,48.3
S109029,28.0,53.9,82.39,45.11,56.3,40,38.1
S109030,44.47,48.45,84.95,69.92,91.84,32,47.17
S109031,43.29,58.38,83.32,70.51,61.81,74,44.35
S109032,39.62,58.75,69.85,74.94,59.72,78,49.82
S109033,38.92,50.75,71.62,46.56,72.01,59,42.12
S109034,42.24,66.25,54.24,47.38,69.72,13,46.03
S109035,26.03,34.51,78.52,54.06,82.73,83,59.07
S109036,35.26,77.38,54.32,86.9,84.01,22,54.99
S109037,26.04,61.65,75.89,24.4,81.05,45,43.65
S109038,26.18,63.85,65.66,58.78,65.25,336,52.95
S109039,37.94,78.8,65.24,34.09,98.13,149,45.53
S109040,42.57,75.58,81.02,29.21,80.97,26,67.01
S109041,33.45,60.55,73.98,48.42,93.96,20,66.64
S109042,48.19,76.78,69.52,48.1,45.6,67,61.03
S109043,36.69,93.23,57.04,59.59,88.03,7,31.85
S109044,28.79,54.82,90.64,36.4,71.41,52,50.63
S109045,26.31,69.83,70.33,45.96,91.39,49,26.78
S109046,43.15,53.3,76.96,37.55,100.0,410,59.52
S109047,36.03,87.63,66.3,41.51,62.48,3,55.48
S109048,40.41,59.32,53.9,48.54,92.87,167,48.27
S109049,13.74,58.75,70.68,48.95,71.02,218,57.83
S109050,36.96,87.24,55.47,57.56,51.93,83,47.36
S109051,30.91,80.82,72.0,50.41,93.91,62,60.13
S109052,23.85,59.81,12.76,40.8,100.0,12,49.39
S109053,34.5,71.91,58.59,49.88,100.0,92,47.25
S109054,43.73,59.35,64.77,36.23,84.51,109,30.12
S109055,50.0,46.11,49.73,20.01,58.33,94,45.76
S109056,36.94,72.84,70.82,54.07,76.89,7,46.99
S109057,29.33,64.65,58.24,58.94,78.36,123,50.88
S109058,28.84,55.81,64.91,36.11,96.44,21,23.01
S109059,42.71,89.57,56.18,49.09,79.63,24,71.76
S109060,27.03,56.32,80.55,19.38,48.86,40,29.78
S109061,39.98,72.16,73.74,54.88,89.46,87,51.5
S109062,37.35,86.2,69.77,59.35,81.08,67,51.27
S109063,36.46,66.16,65.99,33.67,93.56,97,27.45
S109064,22.46,58.99,100.0,54.9,83.73,86,57.59
S109065,32.14,74.47,62.48,27.1,90.33,97,34.66
S109066,23.33,76.84,53.85,30.43,80.22,28,16.54
S109067,30.29,83.15,46.23,49.94,84.25,92,46.98
S109068,42.34,98.07,79.49,29.94,66.18,127,54.69
S109069,44.85,63.14,91.1,67.72,85.31,5,65.33
S109070,36.71,72.94,51.43,93.06,77.22,227,70.77
S109071,30.44,50.96,60.44,65.04,87.35,4,38.91
S109072,47.7,80.0,59.25,33.78,62.26,112,40.5
S109073,30.33,72.76,63.01,66.86,100.0,83,67.68
S109074,25.91,67.32,36.72,55.22,83.73,31,62.64
S109075,40.57,60.73,77.91,65.26,91.9,52,80.48
S109076,38.66,64.77,84.04,74.87,80.07,200,41.5
S109077,30.66,73.54,34.53,22.18,89.05,154,39.95
S109078,35.8,55.51,93.13,60.88,46.32,36,47.37
S109079,38.54,65.39,90.88,51.38,78.39,39,56.67
S109080,36.63,70.25,15.88,33.72,68.11,19,34.98
S109081,38.67,69.83,30.23,32.06,74.6,44,64.21
S109082,30.95,54.23,62.87,64.01,95.16,85,56.92
S109083,39.21,60.1,86.06,22.49,56.01,48,40.83
S109084,35.14,93.52,69.64,47.27,91.1,103,78.81
S109085,31.23,57.54,65.34,39.34,86.92,132,71.58
S109086,33.03,69.83,74.18,51.86,99.21,31,61.89
S109087,34.22,54.39,52.07,39.74,48.9,86,40.67
S109088,23.44,58.35,85.44,32.03,88.84,63,49.22
S109089,29.91,48.38,63.34,88.43,83.79,9,60.06
S109090,35.52,80.05,38.87,45.59,79.2,27,44.63
S109091,24.19,50.12,52.27,68.89,100.0,10,17.61
S109092,30.04,83.61,70.9,42.4,48.38,130,37.47
S109093,50.0,77.02,60.37,60.93,81.88,96,70.63
S109094,25.97,68.87,58.71,28.57,95.34,130,41.28
S109095,31.93,84.1,68.25,61.9,55.62,82,55.9
S109096,28.33,100.0,70.74,27.49,88.92,58,41.25
S109097,34.07,77.16,45.31,34.9,84.88,52,36.56
S109098,28.48,53.2,84.58,52.57,48.05,33,48.82
S109099,33.05,92.34,62.9,52.16,96.45,167,51.61
S109100,29.25,72.79,71.71,52.87,66.62,50,50.45
S109101,43.44,100.0,66.56,29.41,100.0,19,69.16
S109102,35.65,62.41,58.44,53.18,88.61,110,60.42
S109103,26.98,89.23,79.59,65.42,84.5,33,74.43
S109104,41.73,70.0,66.3,43.93,95.19,20,39.54
S109105,27.33,100.0,66.17,7.16,93.41,125,35.84
S109106,22.49,65.78,25.18,64.96,50.61,47,46.89
S109107,34.98,100.0,78.12,63.56,54.43,18,56.67
S109108,50.0,76.6,62.27,69.31,77.85,89,75.06
S109109,20.38,82.7,77.08,69.13,63.89,136,61.49
S109110,24.35,95.5,91.32,48.02,100.0,41,78.06
S109111,41.02,58.18,78.17,34.53,65.14,21,66.99
S109112,29.86,84.54,65.87,69.92,81.38,2,68.12
S109113,39.9,65.61,60.42,18.18,88.75,162,40.37
S109114,28.3,72.27,100.0,17.93,100.0,48,49.5
S109115,36.14,71.25,72.73,36.62,97.24,175,38.75
S109116,48.96,78.59,68.35,67.51,70.08,98,67.74
S109117,25.44,77.95,62.07,50.29,87.87,55,50.54
S109118,43.19,61.37,50.66,41.16,90.47,96,63.54
S109119,40.44,71.87,33.79,88.37,89.33,30,90.27
S109120,23.09,34.98,89.34,61.3,65.29,18,28.52
S109121,39.47,84.85,52.53,51.5,100.0,13,44.28
S109122,35.58,95.41,61.95,57.56,61.64,199,65.45
S109123,35.73,72.86,63.3,47.08,90.2,109,37.3
S109124,37.69,45.91,87.93,47.93,66.77,220,55.02
S109125,32.2,81.14,52.74,45.01,85.86,115,33.64
S109126,35.56,58.54,69.12,31.87,77.06,39,53.58
S109127,36.93,72.73,73.19,49.88,60.46,222,39.86
S109128,40.97,80.28,42.85,63.98,42.88,71,59.05
S109129,22.78,78.2,41.34,55.4,93.28,219,51.98
S109130,45.33,86.21,53.56,60.09,71.61,19,67.08
S109131,25.76,72.2,68.9,65.99,82.09,37,63.75
S109132,41.09,72.6,66.86,69.17,100.0,38,68.49
S109133,35.64,81.05,63.09,0.37,89.36,0,27.42
S109134,24.75,68.93,75.44,67.45,36.53,94,12.32
S109135,39.23,59.68,51.29,38.22,61.63,183,32.35
S109136,27.44,76.78,62.27,71.67,52.38,200,43.78
S109137,43.55,53.07,63.18,20.98,67.49,128,78.39
S109138,29.31,68.79,51.72,81.08,75.94,23,41.11
S109139,23.04,49.33,100.0,22.67,100.0,39,65.82
S109140,47.27,61.68,30.43,31.29,95.1,32,42.8
S109141,36.45,62.3,84.85,42.92,85.35,48,57.42
S109142,41.94,55.24,77.8,39.39,86.66,49,37.56
S109143,28.19,86.51,77.93,38.55,87.13,177,44.28
S109144,19.87,85.27,66.53,50.83,53.72,9,35.02
S109145,48.4,89.71,86.34,46.35,58.86,113,29.58
S109146,34.95,67.18,57.83,65.2,86.83,68,50.39
S109147,38.93,63.5,71.28,55.73,80.07,93,56.54
S109148,40.25,82.05,66.17,24.54,84.53,179,53.06
S109149,32.32,71.93,61.28,50.17,100.0,227,62.75
S109150,36.81,71.85,66.95,51.16,69.62,1,57.75
S109151,47.75,31.84,49.82,40.71,74.46,154,44.59
S109152,34.74,81.35,54.38,31.23,83.7,16,53.38
S109153,42.54,79.36,90.29,69.95,54.47,14,73.79
S109154,19.07,69.92,100.0,44.8,57.9,56,33.42
S109155,43.99,82.24,73.32,43.75,100.0,227,44.53
S109156,22.82,79.03,78.34,52.2,75.59,40,56.24
S109157,43.08,59.55,69.03,31.81,72.65,5,66.24
S109158,38.13,66.7,72.28,62.21,83.62,135,55.42
S109159,34.23,54.88,73.7,38.93,54.96,150,59.59
S109160,34.2,91.93,81.57,37.77,75.4,19,49.8
S109161,32.98,84.66,89.59,42.68,71.38,325,49.67
S109162,28.43,57.79,50.85,48.15,85.51,123,33.96
S109163,33.35,79.28,100.0,48.09,48.34,47,67.35
S109164,50.0,74.18,67.21,12.83,67.98,48,52.47
S109165,45.42,59.71,67.22,58.9,73.09,33,64.83
S109166,28.03,71.86,58.39,27.67,72.73,109,30.24
S109167,37.14,82.88,58.45,41.5,95.77,77,66.5
S109168,35.77,84.1,74.86,45.66,68.19,121,68.8
S109169,33.86,100.0,75.19,25.9,100.0,62,37.94
S109170,26.98,71.41,74.04,31.68,91.2,4,33.48
S109171,38.57,66.43,57.72,35.38,72.7,167,55.2
S109172,41.77,78.43,21.78,14.14,89.07,48,31.43
S109173,28.33,67.26,36.27,55.6,90.9,104,29.93
S109174,50.0,61.23,65.21,45.28,75.35,23,60.59
S109175,47.18,56.11,70.37,53.63,97.28,24,57.53
S109176,39.39,18.59,58.28,28.86,65.36,36,66.09
S109177,25.15,81.02,53.91,45.76,88.79,34,52.02
S109178,38.21,45.43,69.75,0.0,78.43,26,45.18
S109179,37.26,56.8,63.28,55.8,84.34,31,41.23
S109180,39.11,74.39,57.38,56.77,83.43,12,45.93
S109181,47.72,65.18,39.15,30.02,80.27,1,37.45
S109182,33.59,100.0,51.5,16.61,100.0,299,51.37
S109183,50.0,47.36,79.92,38.88,71.22,6,65.36
S109184,38.25,100.0,49.6,40.64,68.16,35,50.33
S109185,32.68,90.71,75.62,70.7,78.67,144,49.34
S109186,50.0,83.64,87.18,72.92,99.55,0,36.78
S109187,41.64,91.59,52.34,23.47,80.57,121,59.66
S109188,31.36,76.07,57.89,58.56,78.93,44,47.85
S109189,35.67,44.45,80.8,22.66,71.66,19,54.48
S109190,40.08,77.72,84.73,64.96,72.7,13,58.17
S109191,33.79,47.79,54.68,48.65,96.04,56,36.33
S109192,36.07,62.07,39.06,75.98,79.07,27,49.98
S109193,28.46,68.83,85.08,25.32,83.82,52,39.25
S109194,21.52,56.33,74.34,73.11,69.53,35,38.82
S109195,35.85,84.19,71.41,80.83,91.65,56,43.88
S109196,36.12,66.79,79.65,39.48,98.35,12,72.15
S109197,39.22,76.14,46.04,36.54,66.09,330,67.22
S109198,30.39,69.86,71.26,62.93,66.47,2,39.34
S109199,24.28,71.89,60.44,21.75,67.33,18,18.14
S109200,27.28,56.7,74.64,31.09,95.54,51,53.09
S109201,43.45,52.39,77.78,50.17,65.59,15,60.66
S109202,29.67,67.69,80.62,58.15,74.84,23,48.27
S109203,31.46,55.51,74.58,55.26,65.23,349,64.51
S109204,32.5,90.9,69.01,64.96,100.0,76,44.47
S109205,30.05,49.35,69.55,56.64,72.03,4,35.2
S109206,29.45,100.0,70.87,27.55,100.0,52,58.02
S109207,28.03,74.53,55.01,44.28,79.6,70,38.87
S109208,46.21,71.04,59.07,64.74,72.6,32,61.84
S109209,40.44,61.9,71.44,35.96,91.98,175,53.78
S109210,44.98,79.85,75.41,57.69,79.41,133,67.86
S109211,46.59,66.94,54.58,71.46,100.0,41,59.45
S109212,16.2,74.51,47.77,18.83,76.75,113,31.13
S109213,37.75,82.63,38.2,35.25,73.22,60,44.22
S109214,30.31,80.04,44.82,46.39,73.16,134,32.82
S109215,43.93,88.6,56.37,23.25,98.64,54,74.3
S109216,29.07,78.07,57.85,38.41,83.76,9,49.64
S109217,26.57,55.73,60.47,41.8,68.94,30,36.97
S109218,23.53,38.8,45.72,30.55,58.47,78,36.95
S109219,32.58,73.17,36.0,37.53,83.17,255,48.03
S109220,42.32,73.38,67.03,43.87,65.93,171,67.47
S109221,37.05,98.89,67.03,30.0,53.48,146,48.47
S109222,25.38,68.26,74.94,39.58,96.33,63,40.75
S109223,50.0,75.62,78.04,58.62,61.51,17,25.48
S109224,40.2,81.66,71.28,32.71,53.2,1,25.5
S109225,41.22,77.7,66.83,46.62,77.94,35,47.66
S109226,45.28,82.66,79.02,31.49,75.5,117,43.61
S109227,21.88,57.73,87.78,52.18,66.9,23,47.85
S109228,27.71,55.35,54.17,73.69,83.28,28,28.33
S109229,41.58,65.79,77.32,55.48,75.55,10,66.4
S109230,28.51,37.39,55.01,34.3,100.0,99,46.8
S109231,32.8,69.41,68.5,52.02,77.11,27,60.55
S109232,34.38,60.11,82.11,53.74,60.91,79,57.43
S109233,24.78,74.83,60.62,70.24,84.5,59,59.38
S109234,32.11,66.02,49.77,61.24,85.75,393,47.54
S109235,42.32,54.77,57.65,44.78,74.97,234,20.49
S109236,40.84,89.66,49.75,74.89,55.05,40,42.5
S109237,43.9,71.24,47.81,34.08,100.0,130,44.12
S109238,43.08,82.94,84.31,63.02,61.06,42,58.46
S109239,38.25,72.75,73.52,72.03,93.25,25,49.92
S109240,37.61,76.96,53.49,29.93,98.49,56,15.66
S109241,37.03,49.59,49.25,35.41,75.35,101,54.13
S109242,29.98,89.17,50.35,40.0,93.19,26,57.72
S109243,26.76,83.18,53.48,19.79,94.51,52,51.58
S109244,29.48,69.72,83.44,44.53,63.92,14,50.31
S109245,32.39,69.83,63.24,29.46,100.0,5,17.1
S109246,29.75,85.04,99.11,66.03,84.94,110,76.98
S109247,38.31,64.42,64.36,16.03,47.53,28,25.55
S109248,36.62,46.25,55.79,70.28,82.97,24,68.59
S109249,37.47,64.7,79.84,49.24,71.62,24,48.86
S109250,37.81,72.29,38.28,16.47,86.69,9,59.58
S109251,44.57,69.51,68.02,69.5,70.4,3,66.58
S109252,34.93,89.76,45.61,16.27,70.49,56,29.76
S109253,43.07,55.6,30.09,52.43,64.46,56,46.84
S109254,39.13,57.5,63.12,49.97,83.37,317,66.03
S109255,44.04,54.13,78.36,76.54,87.8,58,66.6
S109256,47.92,76.43,68.42,35.47,79.96,131,61.54
S109257,39.61,47.11,66.5,7.5,75.59,24,23.53
S109258,35.83,81.16,23.42,41.57,81.45,92,83.33
S109259,35.78,56.01,62.52,34.33,95.85,177,40.47
S109260,31.24,58.4,62.68,66.76,64.4,77,37.05
S109261,30.97,96.55,74.94,62.14,59.95,97,74.28
S109262,42.22,88.49,48.07,51.99,61.99,8,64.47
S109263,27.29,71.79,78.27,47.31,55.41,35,59.99
S109264,47.92,69.83,56.85,53.25,64.79,3,34.78
S109265,33.79,100.0,60.21,73.22,97.12,15,72.3
S109266,50.0,67.06,73.45,23.43,54.51,28,64.12
S109267,29.46,73.71,45.97,59.02,76.23,245,36.48
S109268,37.0,83.68,78.19,35.09,90.0,3,77.22
S109269,32.19,69.83,43.33,54.76,80.18,48,41.57
S109270,28.66,60.4,75.48,44.2,93.09,118,68.72
S109271,43.51,68.98,61.23,30.36,71.3,57,61.54
S109272,26.16,71.96,62.54,31.35,72.61,71,49.04
S109273,29.59,50.45,15.96,58.46,74.15,217,42.45
S109274,39.69,74.9,55.55,55.02,88.3,84,45.99
S109275,40.96,70.51,61.64,69.72,100.0,113,52.75
S109276,23.86,95.01,89.78,54.36,79.89,3,47.89
S109277,39.65,85.0,64.43,48.17,76.45,127,69.59
S109278,36.03,65.96,54.55,44.58,65.55,44,51.4
S109279,27.66,67.06,78.34,36.88,100.0,2,33.78
S109280,28.69,85.22,56.92,64.65,74.2,152,63.64
S109281,18.73,74.25,81.52,53.12,70.73,251,63.56
S109282,48.74,49.43,69.18,33.4,76.85,74,47.97
S109283,43.12,100.0,50.61,55.49,100.0,176,62.14
S109284,24.69,55.15,80.01,74.53,71.58,17,49.0
S109285,41.39,100.0,74.62,32.78,79.62,74,42.54
S109286,30.41,76.42,79.33,22.2,42.26,48,46.77
S109287,42.32,60.47,62.09,35.67,94.7,3,46.92
S109288,31.03,34.49,74.62,54.19,75.71,79,43.94
S109289,32.09,81.65,95.73,26.79,93.68,69,59.04
S109290,32.69,46.75,67.74,55.91,89.51,4,26.66
S109291,29.74,75.36,58.62,50.53,82.38,19,48.82
S109292,46.19,99.0,89.7,56.91,73.25,27,61.65
S109293,42.19,52.93,75.67,61.56,80.95,17,66.72
S109294,35.88,81.07,57.79,75.84,59.89,84,59.29
S109295,43.2,57.83,92.76,33.3,83.37,61,45.19
S109296,21.98,87.0,45.75,40.39,88.3,37,50.68
S109297,25.17,70.99,73.47,55.39,81.23,45,36.82
S109298,38.8,69.71,83.34,45.89,80.54,271,47.49
S109299,40.88,88.11,82.15,44.97,70.91,9,36.8
S109300,37.24,79.38,50.6,31.63,77.59,17,59.17
S109301,19.94,57.93,45.15,44.14,63.55,62,64.22
S109302,26.5,96.81,68.67,65.69,71.82,304,63.27
S109303,38.33,46.96,76.28,40.48,100.0,107,42.53
S109304,50.0,74.14,47.75,37.91,81.33,137,67.27
S109305,44.74,57.66,69.83,50.05,87.28,106,48.04
S109306,47.62,47.69,41.68,31.31,79.61,7,47.05
S109307,37.72,52.99,81.97,44.82,80.98,28,63.92
S109308,37.66,69.26,55.86,48.88,82.02,62,40.47
S109309,26.73,75.25,62.38,21.21,76.39,5,44.55
S109310,42.61,85.88,78.83,57.66,88.9,41,82.76
S109311,34.41,92.14,77.34,31.26,69.26,19,55.97
S109312,40.54,74.17,72.58,63.62,57.75,84,70.93
S109313,35.25,63.35,81.47,40.73,82.95,8,27.29
S109314,37.23,85.59,71.54,64.68,96.77,124,72.54
S109315,34.3,60.78,88.16,13.55,70.26,68,29.67
S109316,36.8,46.07,37.63,43.16,91.77,37,40.04
S109317,43.0,84.09,64.05,45.42,90.09,12,42.17
S109318,24.87,89.86,63.37,54.77,100.0,89,62.7
S109319,23.06,57.67,61.5,59.97,100.0,146,30.89
S109320,38.41,99.41,72.96,33.81,88.7,151,67.87
S109321,46.52,78.75,68.42,27.16,78.2,56,33.88
S109322,48.54,76.51,78.2,36.11,55.75,314,62.73
S109323,25.2,62.25,46.06,42.57,94.65,31,14.67
S109324,31.78,85.26,100.0,46.29,96.97,22,34.92
S109325,23.17,47.13,58.74,21.81,76.14,37,19.66
S109326,30.6,64.9,69.59,26.41,85.28,44,33.79
S109327,43.98,69.83,61.7,71.94,64.6,70,72.4
S109328,34.9,50.37,66.3,67.45,71.03,64,59.56
S109329,32.01,82.94,56.44,31.15,60.17,15,45.52
S109330,39.36,75.12,68.29,59.67,84.04,26,71.49
S109331,28.64,69.83,74.28,47.26,74.01,108,54.39
S109332,47.74,65.83,26.57,27.39,98.75,19,32.74
S109333,35.06,84.78,59.74,84.95,83.52,95,66.74
S109334,31.79,71.16,59.13,31.11,85.3,113,47.88
S109335,39.69,62.92,100.0,49.43,80.17,112,63.46
S109336,42.51,60.42,78.76,10.5,100.0,108,66.42
S109337,47.77,40.26,89.0,67.85,100.0,24,61.61
S109338,33.32,87.47,73.93,13.83,77.43,44,66.58
S109339,43.69,85.76,66.32,47.74,84.48,51,66.92
S109340,35.81,100.0,70.83,27.05,100.0,236,58.78
S109341,30.11,64.98,82.97,34.52,62.36,32,44.12
S109342,28.79,60.0,93.0,33.2,84.53,223,84.6
S109343,26.22,44.48,69.83,61.7,74.75,165,38.84
S109344,29.07,84.4,55.03,70.16,100.0,116,55.97
S109345,43.93,80.95,79.79,55.57,87.96,93,65.15
S109346,40.65,93.28,51.35,50.0,53.93,55,49.46
S109347,25.07,56.25,71.25,29.13,73.76,10,44.34
S109348,21.03,80.75,75.9,45.04,100.0,53,53.28
S109349,26.1,62.17,63.27,31.53,93.38,2,39.54
S109350,28.79,90.16,50.52,38.45,64.36,54,40.66
S109351,32.57,78.04,57.73,63.55,65.32,80,40.18
S109352,44.38,46.66,59.94,47.11,81.17,41,21.61
S109353,30.62,68.03,48.14,55.74,79.18,11,37.26
S109354,48.44,40.78,58.82,47.14,76.15,95,18.65
S109355,21.56,52.55,41.77,44.93,73.95,148,55.08
S109356,32.21,53.46,74.46,20.16,71.18,82,58.11
S109357,41.28,60.39,70.33,72.09,100.0,69,74.81
S109358,41.78,66.06,69.25,62.18,74.51,44,38.33
S109359,32.31,72.47,58.83,30.75,70.11,89,44.0
S109360,43.01,71.72,60.97,71.02,87.59,30,73.23
S109361,41.5,69.64,51.74,55.89,78.48,56,81.39
S109362,29.54,74.99,73.08,33.69,66.18,32,56.66
S109363,37.52,51.25,43.27,47.57,76.25,77,48.67
S109364,40.63,71.1,66.34,31.65,79.1,50,62.33
S109365,30.12,91.52,54.86,44.31,86.45,21,11.56
S109366,48.55,67.51,93.12,77.36,84.7,25,79.06
S109367,28.32,77.42,73.43,52.23,64.77,104,61.7
S109368,36.15,76.02,64.99,88.39,89.13,15,60.71
S109369,25.0,82.93,47.3,50.17,93.38,27,47.64
S109370,35.83,74.31,43.18,47.29,63.86,103,39.77
S109371,26.46,82.68,72.93,56.71,68.35,2,62.13
S109372,32.65,77.61,93.78,62.95,77.37,0,41.24
S109373,22.31,79.86,71.54,39.12,83.29,40,52.71
S109374,41.4,76.63,67.8,38.13,83.86,238,70.52
S109375,37.85,54.9,68.04,43.74,79.36,4,43.22
S109376,43.7,52.44,66.65,44.73,58.53,182,24.72
S109377,32.22,64.7,68.25,45.86,95.18,66,70.19
S109378,44.07,93.27,54.04,46.38,65.13,8,37.32
S109379,35.31,67.43,49.42,63.49,100.0,142,48.86
S109380,35.91,74.64,66.75,51.06,97.51,4,40.57
S109381,50.0,40.49,88.89,38.84,63.3,58,39.49
S109382,31.12,72.91,77.43,33.92,85.29,77,41.78
S109383,44.82,71.29,45.27,44.78,100.0,91,44.3
S109384,38.84,29.9,60.92,54.31,88.83,22,42.5
S109385,30.42,74.36,76.66,52.24,54.53,25,51.53
S109386,24.47,45.24,89.27,39.91,79.44,151,49.5
S109387,26.74,59.12,93.66,32.21,92.51,35,78.15
S109388,44.05,84.92,61.63,59.77,100.0,60,72.45
S109389,48.88,72.36,78.19,58.78,77.97,47,57.23
S109390,35.73,63.27,68.99,56.85,55.01,16,43.82
S109391,36.15,61.99,63.08,47.58,100.0,42,60.41
S109392,41.21,63.73,66.0,35.19,78.16,4,57.46
S109393,35.59,72.41,66.19,35.76,100.0,13,40.32
S109394,43.8,51.99,83.8,62.48,76.13,143,54.78
S109395,37.33,86.87,42.53,26.35,88.25,207,57.19
S109396,36.08,52.79,72.49,61.69,69.72,2,52.01
S109397,29.41,44.09,89.63,79.08,70.01,31,52.57
S109398,27.44,84.87,87.91,32.35,100.0,219,50.17
S109399,9.73,63.45,74.1,62.66,94.1,102,61.17
S109400,44.87,71.06,52.89,40.65,79.58,1,52.65
S109401,33.83,79.82,77.43,64.32,94.02,9,52.51
S109402,31.8,59.21,86.2,66.47,69.83,107,33.29
S109403,19.39,72.06,56.76,31.38,80.02,91,39.54
S109404,29.88,79.72,70.72,63.25,81.53,167,61.73
S109405,28.83,94.65,61.72,62.07,68.62,113,66.4
S109406,28.64,62.33,55.18,31.84,66.66,232,22.14
S109407,37.66,63.06,59.96,24.17,51.67,56,34.02
S109408,35.98,78.45,67.06,13.76,65.49,24,44.17
S109409,24.11,73.13,50.31,43.68,100.0,11,52.83
S109410,24.62,67.94,47.69,31.76,53.34,0,32.47
S109411,24.6,93.89,50.77,40.0,79.48,11,38.67
S109412,49.48,44.76,70.25,59.53,82.29,73,69.57
S109413,46.94,48.67,41.55,35.72,76.25,42,32.41
S109414,28.18,44.94,29.53,57.88,93.12,126,40.98
S109415,19.19,88.03,86.96,52.83,75.87,32,57.65
S109416,36.02,77.72,48.79,28.01,94.3,35,65.52
S109417,35.38,49.44,61.9,57.44,88.24,77,46.89
S109418,37.54,68.15,79.76,44.67,59.7,222,65.89
S109419,40.93,69.58,41.99,21.0,97.42,72,38.47
S109420,38.61,36.86,41.97,60.77,75.29,21,42.18
S109421,26.07,72.82,54.88,28.68,53.13,40,40.91
S109422,37.35,52.34,80.38,49.06,87.07,205,47.4
S109423,41.83,80.6,64.65,41.62,75.69,130,78.34
S109424,29.21,52.8,64.87,14.6,100.0,3,53.04
S109425,37.4,73.29,60.27,47.32,96.43,23,43.91
S109426,30.58,89.42,73.99,40.51,66.47,74,49.12
S109427,50.0,84.62,87.91,36.81,94.23,107,62.09
S109428,24.39,77.61,100.0,73.39,69.56,10,31.16
S109429,44.25,68.78,62.63,56.3,55.14,58,74.63
S109430,21.63,47.5,89.42,45.29,70.78,66,61.41
S109431,49.34,63.41,80.99,41.17,60.06,10,37.31
S109432,25.87,66.61,69.27,58.88,79.8,46,56.15
S109433,36.52,65.53,29.64,48.32,100.0,0,35.21
S109434,21.97,47.0,58.95,53.24,81.18,96,73.43
S109435,24.2,76.52,59.59,49.63,86.92,6,37.19
S109436,42.18,52.29,70.74,50.93,64.95,13,56.51
S109437,43.23,93.19,61.84,49.77,71.89,126,41.83
S109438,36.91,72.22,55.99,46.37,88.18,43,73.71
S109439,40.93,84.69,97.48,37.45,78.97,56,58.11
S109440,43.36,84.38,85.93,42.32,69.19,85,21.77
S109441,29.53,69.83,32.63,27.17,95.04,13,47.48
S109442,23.81,72.73,60.5,62.99,82.11,15,34.23
S109443,34.89,64.15,75.09,38.9,100.0,86,54.35
S109444,30.38,64.44,86.29,53.67,89.89,22,78.9
S109445,38.11,92.44,58.28,63.95,62.98,47,37.17
S109446,39.38,50.2,61.55,41.9,81.73,138,55.86
S109447,29.55,56.83,66.52,50.42,61.94,26,39.96
S109448,40.63,73.55,75.59,76.43,100.0,34,49.9
S109449,40.23,67.71,40.43,43.84,65.17,30,50.75
S109450,40.79,84.51,32.75,52.54,96.71,110,37.07
S109451,31.74,49.92,85.07,56.19,94.31,31,54.62
S109452,41.24,69.0,49.16,46.06,69.76,39,52.84
S109453,39.16,67.19,98.96,41.79,84.93,65,49.69
S109454,40.12,53.92,51.18,62.82,83.84,57,64.21
S109455,48.42,83.18,62.04,32.12,92.49,26,21.76
S109456,37.62,68.62,70.9,33.57,82.65,75,62.41
S109457,30.14,67.99,30.89,67.06,69.98,35,52.13
S109458,26.12,69.83,100.0,47.89,88.41,49,65.61
S109459,44.02,64.45,58.68,44.24,88.46,38,44.67
S109460,37.86,54.68,51.58,48.91,66.03,123,55.06
S109461,48.36,82.96,46.34,46.58,45.42,62,81.3
S109462,18.76,85.49,70.79,41.87,88.87,351,38.61
S109463,42.29,95.2,69.65,63.99,85.6,54,71.22
S109464,32.91,76.51,46.88,38.65,86.48,177,47.34
S109465,32.17,64.91,43.05,34.72,99.79,68,34.72
S109466,28.88,62.97,81.88,30.61,93.14,179,56.59
S109467,42.2,77.36,54.51,36.15,99.4,87,23.78
S109468,39.91,73.01,37.46,65.26,91.75,10,44.48
S109469,25.86,67.39,62.63,38.94,82.16,8,38.74
S109470,36.32,66.07,58.57,45.83,61.56,116,46.04
S109471,40.65,87.57,96.2,32.1,100.0,92,72.94
S109472,36.42,63.52,56.65,42.93,76.86,48,33.09
S109473,43.86,90.2,60.07,42.79,70.91,45,50.46
S109474,32.68,72.73,68.51,73.65,89.56,86,26.07
S109475,16.97,64.48,55.87,51.22,52.47,65,61.77
S109476,36.49,58.22,72.06,51.58,68.91,18,40.82
S109477,36.45,67.68,48.73,64.91,70.56,167,59.17
S109478,37.49,69.83,61.17,52.33,70.13,97,35.68
S109479,43.86,64.34,71.51,61.95,100.0,84,92.2
S109480,19.38,82.76,83.2,62.01,78.77,52,66.0
S109481,33.09,63.6,55.62,38.12,70.42,233,55.55
S109482,27.62,68.13,55.43,25.78,79.28,1,27.17
S109483,25.34,50.7,89.66,58.17,92.81,96,47.84
S109484,34.42,78.39,56.17,58.97,51.41,324,52.45
S109485,40.61,65.99,64.09,60.5,81.72,71,73.38
S109486,37.41,93.68,92.4,59.61,73.21,72,71.95
S109487,29.5,80.57,66.08,67.38,84.04,126,56.3
S109488,33.84,71.27,61.04,25.45,62.81,2,25.19
S109489,42.44,88.38,62.23,61.34,77.3,10,69.6
S109490,40.47,76.08,53.15,59.75,77.95,149,45.8
S109491,30.58,85.12,72.21,61.9,60.94,86,52.75
S109492,30.06,57.06,50.22,39.35,100.0,324,35.5
S109493,21.27,76.92,77.46,72.16,86.22,42,47.67
S109494,31.56,77.54,65.24,34.92,93.82,47,37.66
S109495,21.11,46.83,68.77,71.48,74.69,87,18.89
S109496,50.0,92.6,92.68,44.79,83.22,16,65.3
S109497,28.16,52.6,41.81,68.21,61.97,27,54.11
S109498,43.87,50.52,65.39,34.88,70.4,157,52.84
S109499,49.54,27.27,75.21,60.17,66.52,130,86.32
S109500,36.73,77.11,55.14,47.63,84.45,68,45.94
S109501,34.2,45.35,80.22,41.83,100.0,36,74.21
S109502,24.42,62.25,56.29,50.15,93.55,81,35.33
S109503,30.96,82.57,69.67,52.54,100.0,15,41.4
S109504,47.83,72.88,63.02,35.45,91.91,45,68.67
S109505,37.81,60.64,67.59,61.43,86.3,56,58.62
S109506,35.23,46.14,66.18,53.64,66.16,50,63.39
S109507,45.5,68.39,64.49,57.04,84.85,43,66.1
S109508,40.57,82.83,57.42,62.58,72.89,38,51.28
S109509,33.82,80.51,54.36,30.65,92.48,69,63.9
S109510,36.73,96.8,70.06,49.78,59.61,35,34.51
S109511,28.86,60.2,65.84,46.72,78.38,71,41.86
S109512,30.51,50.24,53.93,45.64,80.26,59,54.02
S109513,33.35,74.65,70.49,41.37,100.0,35,58.86
S109514,39.46,73.17,57.6,62.18,64.65,123,60.83
S109515,25.02,69.93,89.89,71.83,97.52,4,48.59
S109516,35.61,58.8,100.0,57.03,92.35,25,63.68
S109517,31.88,30.2,87.22,45.33,76.16,55,52.73
S109518,27.79,54.9,86.33,25.88,86.14,195,49.2
S109519,31.92,78.36,78.03,27.53,76.25,6,23.59
S109520,16.43,74.26,61.64,45.03,80.22,70,69.06
S109521,28.94,84.48,34.62,44.96,91.3,15,53.79
S109522,26.2,75.18,48.6,74.21,100.0,1,47.55
S109523,32.76,81.04,54.17,59.71,94.46,161,89.3
S109524,16.76,81.47,84.32,40.16,83.71,167,30.24
S109525,36.53,70.31,69.1,52.31,100.0,26,51.2
S109526,42.28,70.41,54.45,45.44,58.69,158,44.54
S109527,34.06,26.37,35.48,47.5,73.93,38,40.18
S109528,38.99,60.15,100.0,22.56,81.01,4,37.84
S109529,30.9,60.8,73.53,47.52,64.42,20,38.48
S109530,22.56,69.83,79.54,59.33,71.88,84,59.93
S109531,35.01,56.04,56.43,54.14,55.16,18,49.68
S109532,40.44,84.06,62.78,63.89,60.82,69,41.64
S109533,24.4,56.78,59.5,23.19,76.32,16,23.68
S109534,31.28,86.54,66.03,26.16,65.89,19,62.51
S109535,33.02,55.58,94.53,52.34,86.31,90,69.67
S109536,50.0,60.94,45.73,58.45,84.02,163,54.32
S109537,36.79,59.8,64.34,59.48,85.36,110,66.65
S109538,19.76,62.56,70.77,23.81,72.43,5,15.21
S109539,17.78,87.68,63.13,34.79,96.24,205,41.27
S109540,40.84,65.09,80.93,23.95,87.51,14,65.07
S109541,50.0,65.48,37.23,64.16,83.37,104,73.67
S109542,32.75,58.87,95.14,55.13,83.49,104,68.04
S109543,32.27,66.1,43.07,77.15,76.89,48,46.42
S109544,38.45,73.25,46.92,60.78,99.78,66,59.61
S109545,28.61,66.77,57.81,42.22,97.12,8,55.54
S109546,14.65,67.75,54.64,50.84,74.52,289,58.32
S109547,43.3,85.24,71.79,26.69,82.47,5,41.16
S109548,30.09,74.1,69.94,45.83,74.05,193,50.69
S109549,43.4,52.74,66.82,49.51,100.0,23,29.28
S109550,28.91,68.72,42.31,21.66,76.17,40,25.42
S109551,35.97,61.92,62.77,57.9,97.93,113,54.03
S109552,41.84,77.82,65.32,65.82,100.0,169,77.13
S109553,43.56,71.54,84.72,40.39,84.75,95,54.74
S109554,36.86,86.95,68.19,64.02,53.87,10,55.19
S109555,36.47,69.83,71.12,20.97,100.0,35,66.07
S109556,39.96,67.11,96.4,65.14,72.32,75,52.48
S109557,38.71,54.04,46.44,30.58,69.69,344,68.99
S109558,24.67,69.37,58.79,49.49,100.0,42,40.77
S109559,24.82,46.95,46.83,64.47,60.48,29,35.6
S109560,18.13,74.82,90.7,53.13,100.0,26,51.03
S109561,41.13,69.17,91.8,50.21,76.64,154,53.88
S109562,31.83,72.33,89.46,40.74,52.21,15,40.27
S109563,41.56,81.82,73.76,32.55,93.26,83,63.18
S109564,38.23,73.37,71.09,70.31,46.23,151,64.56
S109565,26.98,50.85,57.67,60.41,79.31,154,51.5
S109566,34.04,61.66,77.31,48.26,55.48,11,42.43
S109567,31.36,68.8,44.5,44.22,75.08,126,40.74
S109568,30.13,65.08,44.44,71.06,90.45,202,74.08
S109569,42.32,66.91,58.28,54.5,86.34,122,62.59
S109570,50.0,94.32,95.19,30.69,83.12,97,54.65
S109571,43.93,71.51,56.78,20.87,95.14,58,48.42
S109572,34.78,75.73,58.95,76.49,80.0,117,58.87
S109573,45.08,39.87,69.6,72.91,76.75,69,11.45
S109574,48.7,81.19,79.38,35.65,84.28,42,63.87
S109575,23.86,100.0,85.03,35.89,70.08,54,13.96
S109576,44.8,90.18,47.07,45.29,92.94,85,51.61
S109577,41.16,63.4,63.45,50.37,81.06,66,64.53
S109578,44.5,100.0,68.59,46.97,90.74,88,45.3
S109579,41.51,70.41,70.2,44.83,77.34,320,48.97
S109580,33.18,74.6,78.85,38.45,87.48,24,61.82
S109581,50.0,65.99,78.12,77.31,89.98,437,70.65
S109582,37.72,65.6,65.41,45.36,49.71,4,44.28
S109583,31.53,69.83,83.44,33.34,58.08,75,39.67
S109584,39.05,81.81,80.5,35.54,71.63,217,52.27
S109585,42.78,65.55,79.21,39.6,78.03,9,28.93
S109586,35.76,69.83,56.54,47.89,99.13,370,47.49
S109587,38.15,74.1,76.41,40.41,86.81,201,46.08
S109588,35.71,63.78,84.26,44.84,87.85,154,41.84
S109589,29.72,73.96,56.78,37.18,100.0,60,67.64
S109590,28.43,88.05,67.1,26.32,100.0,19,53.17
S109591,23.78,76.07,90.04,57.46,64.87,7,33.95
S109592,47.14,67.7,71.34,79.77,98.49,5,76.66
S109593,33.21,68.15,63.59,47.68,81.57,71,53.82
S109594,7.58,73.01,88.39,61.82,72.27,97,30.44
S109595,38.17,57.52,57.47,27.74,75.6,20,33.01
S109596,38.01,73.12,37.86,70.4,70.62,54,45.82
S109597,20.07,80.27,52.53,46.34,82.12,56,36.83
S109598,28.34,71.31,83.18,39.74,78.76,182,38.7
S109599,27.99,63.64,73.33,19.08,98.54,11,48.33
S109600,29.06,65.69,66.09,28.85,100.0,128,20.86
S109601,44.7,79.78,81.98,54.9,73.92,118,80.62
S109602,33.81,53.5,67.67,27.2,60.56,91,48.64
S109603,31.58,57.75,61.44,39.69,90.02,23,46.89
S109604,43.98,45.9,78.36,61.49,94.13,4,54.19
S109605,38.96,70.51,58.89,51.12,85.71,122,71.36
S109606,21.07,82.93,72.84,68.45,56.92,66,26.28
S109607,30.07,89.97,52.28,46.63,68.12,79,49.92
S109608,37.58,93.23,48.13,67.25,82.21,153,23.68
S109609,27.53,59.64,51.15,32.49,70.76,11,40.2
S109610,50.0,73.75,64.58,44.05,65.03,18,40.54
S109611,35.9,63.97,54.63,31.58,100.0,44,65.74
S109612,28.97,94.71,55.08,50.38,65.0,35,52.25
S109613,26.02,89.55,62.54,35.37,98.1,240,39.24
S109614,42.42,72.52,63.84,71.87,86.19,31,59.39
S109615,29.82,60.71,40.18,31.77,89.12,184,53.73
S109616,38.04,18.28,24.64,60.51,97.07,61,63.93
S109617,25.79,69.83,71.4,63.88,69.67,8,39.47
S109618,35.56,42.22,67.23,58.47,75.5,89,69.06
S109619,29.91,48.31,43.08,56.21,87.09,110,42.17
S109620,32.48,98.18,71.98,68.87,52.26,14,74.66
S109621,28.63,50.57,71.95,33.33,100.0,44,34.15
S109622,43.21,54.09,60.16,66.32,81.74,13,55.78
S109623,31.07,56.19,96.35,23.5,65.87,16,64.66
S109624,33.85,100.0,85.31,51.9,96.41,93,46.29
S109625,34.24,69.06,58.61,38.76,81.37,55,26.08
S109626,47.9,84.91,58.91,47.84,69.18,3,35.31
S109627,42.12,72.63,41.67,65.35,94.19,218,84.66
S109628,41.33,40.23,84.6,23.46,45.12,94,22.79
S109629,22.38,92.99,68.95,75.69,86.29,4,80.47
S109630,29.75,76.02,78.17,50.67,99.65,102,84.87
S109631,44.51,68.17,30.86,54.62,67.51,145,44.62
S109632,25.63,96.4,77.44,45.46,60.77,42,46.37
S109633,35.67,64.8,56.85,64.03,86.35,112,55.78
S109634,26.48,67.83,74.35,35.01,69.85,27,29.92
S109635,27.28,64.82,73.34,34.93,100.0,10,40.77
S109636,48.45,86.14,64.67,65.2,72.05,282,63.18
S109637,40.75,82.21,53.84,32.28,77.08,0,58.06
S109638,42.87,74.18,71.38,41.21,87.82,59,58.04
S109639,41.27,54.22,51.63,28.53,52.73,8,42.27
S109640,33.89,64.45,81.81,37.3,80.9,73,16.91
S109641,29.47,54.22,53.45,24.98,96.79,0,39.24
S109642,31.78,87.41,65.36,50.65,78.78,5,64.61
S109643,33.47,46.38,53.07,35.9,62.78,98,37.19
S109644,49.21,93.92,67.54,37.19,73.49,133,56.92
S109645,24.31,89.31,48.49,31.9,51.28,126,43.16
S109646,30.57,56.22,52.05,54.8,75.64,15,41.09
S109647,27.7,63.75,100.0,22.1,96.65,0,62.17
S109648,43.45,69.83,78.51,42.73,70.63,111,56.3
S109649,49.83,76.45,70.91,53.2,90.49,16,48.41
S109650,37.47,91.19,73.23,67.86,57.77,31,80.17
S109651,38.13,87.78,69.89,14.81,100.0,26,58.41
S109652,35.73,63.51,63.58,44.54,96.97,215,54.75
S109653,38.5,88.82,77.11,40.76,72.62,168,73.7
S109654,41.19,87.58,51.77,61.85,60.15,48,61.74
S109655,38.41,67.17,90.53,49.35,72.38,126,73.4
S109656,38.99,69.86,66.93,10.16,84.23,109,43.12
S109657,41.2,93.13,77.83,51.36,96.29,51,37.0
S109658,20.77,85.88,90.17,63.12,48.35,8,53.88
S109659,35.02,88.37,72.86,66.47,98.08,119,40.85
S109660,37.44,100.0,52.03,18.87,83.85,91,31.06
S109661,38.33,78.21,84.51,49.15,62.55,14,53.15
S109662,33.63,74.88,92.14,50.6,41.76,53,61.44
S109663,36.29,90.37,33.86,30.55,82.06,127,38.62
S109664,29.24,99.82,63.37,68.38,83.3,117,57.51
S109665,20.8,60.83,69.66,60.62,70.76,284,73.51
S109666,42.87,66.97,60.78,44.92,93.68,50,63.27
S109667,25.93,54.72,45.06,23.25,100.0,140,38.64
S109668,33.72,75.14,50.87,50.48,74.01,1,27.17
S109669,29.01,83.34,35.41,52.58,68.8,82,48.54
S109670,47.7,55.77,80.28,42.87,100.0,26,54.03
S109671,34.36,87.01,86.98,49.32,76.69,14,53.58
S109672,32.52,63.2,86.75,58.81,89.89,107,55.25
S109673,40.98,61.98,64.53,39.98,70.89,37,32.82
S109674,50.0,86.95,69.35,46.01,97.1,76,64.14
S109675,38.25,60.62,82.12,61.56,61.33,142,80.87
S109676,31.98,48.95,61.27,39.06,82.18,62,29.46
S109677,40.57,81.15,49.81,46.46,84.44,46,63.34
S109678,22.42,68.02,55.87,60.91,77.26,78,40.11
S109679,35.37,87.97,67.81,67.69,70.45,443,44.16
S109680,50.0,82.49,53.58,13.31,100.0,11,40.42
S109681,36.26,43.78,72.57,38.88,92.13,25,41.42
S109682,35.86,89.73,43.32,33.22,67.02,218,67.27
S109683,35.17,98.5,61.12,54.3,51.74,421,61.77
S109684,31.84,85.5,71.49,39.42,100.0,65,57.26
S109685,37.52,86.11,67.12,54.72,66.11,1,46.13
S109686,41.2,66.28,53.24,25.35,80.93,142,32.71
S109687,32.35,62.85,76.76,70.51,81.38,80,48.26
S109688,15.07,73.19,69.2,44.28,84.29,60,39.42
S109689,38.72,83.8,31.58,43.64,54.67,269,39.74
S109690,50.0,83.42,72.29,35.1,74.76,11,58.57
S109691,31.99,63.43,58.24,41.92,79.76,34,52.83
S109692,23.23,61.91,56.6,60.66,79.17,79,75.62
S109693,40.42,47.65,51.72,44.03,90.72,0,29.9
S109694,48.95,79.7,48.95,21.79,82.47,160,43.92
S109695,39.23,64.15,68.31,13.53,86.68,115,24.9
S109696,48.8,65.48,73.74,62.85,71.02,21,63.19
S109697,41.35,95.92,67.45,32.07,100.0,29,54.85
S109698,40.65,78.98,80.19,63.92,75.66,29,58.95
S109699,30.86,74.84,74.3,47.39,84.94,158,32.52
S109700,37.28,82.45,32.89,73.1,81.71,31,42.52
S109701,34.76,91.31,50.34,52.24,86.77,26,53.18
S109702,34.49,45.74,84.01,59.76,98.01,108,69.85
S109703,32.97,61.52,44.69,60.28,67.39,69,67.51
S109704,36.8,66.52,21.24,47.1,92.38,36,50.49
S109705,24.63,55.32,94.3,26.91,91.06,69,39.29
S109706,41.49,66.02,69.75,50.96,82.6,202,59.01
S109707,27.98,46.73,54.07,22.7,83.4,48,45.04
S109708,33.0,83.83,51.43,11.68,62.67,0,23.22
S109709,37.64,62.24,75.07,36.23,74.91,106,57.52
S109710,27.58,73.01,72.65,56.92,51.39,500,43.17
S109711,19.27,70.77,70.24,75.13,75.41,4,44.11
S109712,31.94,78.36,61.98,61.21,79.05,76,56.5
S109713,23.55,33.09,44.51,65.15,59.02,41,28.43
S109714,40.7,76.75,64.42,62.48,84.49,67,56.29
S109715,25.77,65.87,82.04,23.74,98.11,29,48.54
S109716,46.88,76.1,56.33,39.21,83.23,112,49.65
S109717,34.95,52.31,74.62,25.51,79.92,8,41.33
S109718,35.47,76.21,58.53,43.27,72.12,8,44.2
S109719,19.15,89.48,77.82,65.57,85.57,62,49.18
S109720,36.16,72.85,49.32,26.26,64.76,31,46.19
S109721,34.36,59.24,65.22,71.65,43.82,205,59.84
S109722,24.61,59.9,72.3,53.78,100.0,17,35.48
S109723,35.7,78.64,54.19,37.83,94.41,120,52.93
S109724,31.82,78.54,70.8,58.95,63.51,294,49.52
S109725,33.27,75.35,64.53,16.88,58.31,32,45.77
S109726,35.21,69.44,64.29,83.67,81.6,200,71.6
S109727,31.23,73.04,54.16,70.59,80.97,30,51.58
S109728,36.97,69.03,80.96,31.3,92.24,65,40.16
S109729,34.31,64.29,49.88,25.36,74.98,0,27.71
S109730,38.78,81.36,69.48,41.28,97.32,25,52.89
S109731,30.77,74.65,51.41,61.29,76.75,4,67.64
S109732,26.48,89.36,63.94,62.19,98.2,2,61.95
S109733,29.33,86.75,75.29,29.92,77.28,435,17.39
S109734,46.54,74.16,60.38,42.67,67.04,116,82.35
S109735,42.65,69.83,15.78,32.1,74.38,56,18.37
S109736,44.71,55.64,43.48,54.55,89.81,91,69.28
S109737,45.26,68.84,30.47,47.25,85.31,60,50.07
S109738,31.27,75.14,66.09,59.36,80.79,200,68.63
S109739,37.37,46.26,64.92,36.89,64.34,23,47.97
S109740,35.61,76.44,59.39,43.66,79.1,57,57.07
S109741,40.28,55.61,54.98,60.09,70.21,1,35.43
S109742,32.69,57.26,68.54,66.91,69.82,104,39.55
S109743,35.74,62.06,41.84,62.82,94.93,69,60.44
S109744,35.58,69.54,80.3,50.64,68.5,78,73.37
S109745,39.26,50.08,66.2,38.82,67.65,104,69.05
S109746,40.25,82.85,49.88,46.03,84.71,38,48.43
S109747,35.75,72.66,58.31,63.72,66.26,14,36.83
S109748,35.99,98.87,62.9,65.83,71.69,16,45.54
S109749,36.81,74.5,42.91,32.94,100.0,105,49.85
S109750,48.17,78.56,75.73,63.96,77.49,411,81.17
S109751,21.16,57.19,80.45,28.87,90.14,48,42.62
S109752,27.24,52.27,66.88,37.02,100.0,15,29.14
S109753,40.39,79.29,80.05,25.08,82.99,6,42.54
S109754,37.16,53.6,100.0,38.15,87.87,53,74.45
S109755,37.1,79.63,34.95,27.23,84.69,101,65.87
S109756,40.34,95.6,65.83,51.39,75.12,74,63.28
S109757,36.71,84.19,43.51,59.93,81.89,28,49.44
S109758,30.53,78.56,89.97,37.26,77.32,72,47.49
S109759,40.03,74.04,68.94,30.78,66.34,63,43.67
S109760,35.17,64.24,53.83,70.92,92.5,20,37.21
S109761,31.42,68.28,60.83,29.99,52.86,42,37.33
S109762,40.52,61.52,86.38,34.32,80.11,167,54.48
S109763,40.21,50.27,72.24,43.91,75.81,112,71.33
S109764,36.72,70.53,74.26,39.43,64.46,212,55.98
S109765,48.74,86.62,88.81,61.03,89.34,178,69.43
S109766,45.61,50.67,80.27,35.61,64.67,23,61.39
S109767,43.01,90.98,82.98,45.26,73.88,159,60.78
S109768,50.0,88.26,62.98,47.06,90.92,76,71.19
S109769,33.83,75.95,28.94,7.38,51.12,262,39.01
S109770,31.28,76.08,66.66,33.37,96.16,17,24.35
S109771,41.88,67.21,54.37,61.73,79.45,34,62.3
S109772,32.98,70.63,77.62,28.42,75.36,41,22.83
S109773,35.1,63.05,36.67,40.32,59.31,2,28.65
S109774,27.11,70.47,78.25,44.54,81.36,52,54.2
S109775,39.85,72.1,68.02,51.3,80.37,230,93.52
S109776,23.23,98.22,70.66,10.75,88.2,135,63.23
S109777,34.23,78.48,74.9,27.28,72.96,18,53.67
S109778,34.88,66.86,64.54,39.03,65.37,27,70.98
S109779,31.51,68.52,59.67,37.95,84.71,299,68.64
S109780,20.94,59.3,83.16,63.3,71.34,5,41.83
S109781,20.88,61.77,74.49,67.87,87.57,48,49.37
S109782,29.03,83.66,76.02,23.12,64.53,174,57.42
S109783,39.31,62.59,63.68,53.09,91.91,96,58.39
S109784,37.31,60.74,66.75,41.73,100.0,323,42.0
S109785,34.87,61.11,64.79,69.35,77.5,296,73.21
S109786,27.92,59.06,37.09,73.02,100.0,112,42.06
S109787,37.73,86.91,42.9,32.25,91.3,53,58.47
S109788,20.61,72.14,63.03,53.03,85.05,78,31.85
S109789,15.83,65.77,34.96,70.61,79.8,126,24.09
S109790,33.06,70.44,63.24,38.84,71.84,28,58.2
S109791,30.63,73.26,50.69,24.91,97.97,49,57.43
S109792,43.11,58.79,63.78,66.04,94.94,88,70.4
S109793,36.26,49.16,67.72,44.49,64.32,25,44.86
S109794,48.21,90.08,35.27,19.64,81.73,56,47.57
S109795,30.61,84.82,70.2,51.13,67.79,13,66.53
S109796,38.89,75.67,57.81,54.36,87.13,44,59.23
S109797,32.98,83.79,27.84,62.28,91.24,9,55.17
S109798,46.05,98.72,57.63,63.61,56.55,148,71.15
S109799,33.37,61.97,71.07,46.43,78.75,29,41.31
S109800,41.84,53.2,58.51,28.8,86.37,209,61.07
S109801,26.38,79.92,57.53,51.12,81.37,124,45.26
S109802,31.68,48.0,67.46,60.3,100.0,30,75.23
S109803,34.33,70.57,57.33,42.77,56.41,74,28.89
S109804,45.11,65.52,60.73,46.51,100.0,46,82.34
S109805,17.42,80.11,43.78,65.07,66.75,131,20.18
S109806,32.34,62.77,56.71,55.65,47.85,93,26.66
S109807,32.07,88.0,95.15,52.24,84.8,85,84.89
S109808,18.38,58.8,67.85,31.79,78.12,104,10.06
S109809,31.29,80.59,69.31,75.76,81.38,44,55.56
S109810,22.67,60.0,54.72,44.56,87.82,43,43.26
S109811,16.35,78.23,58.69,15.07,88.24,35,33.66
S109812,32.9,54.78,61.34,52.58,72.04,14,49.28
S109813,32.63,69.83,78.99,56.27,92.18,36,74.17
S109814,33.04,89.83,84.18,38.88,49.75,80,70.39
S109815,37.02,71.73,57.73,40.83,78.58,30,51.21
S109816,27.96,87.75,64.63,75.79,96.94,17,31.5
S109817,49.33,69.61,61.24,48.79,84.29,252,60.3
S109818,34.73,62.42,77.2,66.59,80.75,70,36.42
S109819,45.29,72.58,72.5,68.12,74.84,3,57.84
S109820,21.56,79.28,63.56,25.5,85.21,122,42.84
S109821,28.32,41.42,81.15,40.73,75.79,90,61.1
S109822,40.49,77.83,73.29,39.73,89.4,39,33.56
S109823,33.19,55.9,52.66,42.76,72.21,96,37.17
S109824,26.41,52.17,65.13,76.15,100.0,197,42.39
S109825,20.29,78.08,62.18,35.56,88.2,19,28.37
S109826,40.87,90.08,49.19,60.1,100.0,60,29.58
S109827,40.21,73.25,61.4,51.07,74.18,118,44.46
S109828,36.95,49.67,83.23,43.41,98.37,7,55.87
S109829,31.03,59.94,82.52,46.63,61.02,111,48.63
S109830,26.1,63.73,79.61,63.02,90.83,115,45.8
S109831,34.58,72.94,77.47,52.87,78.26,64,50.49
S109832,24.48,68.92,68.33,62.51,81.79,123,64.26
S109833,28.99,77.43,55.38,27.52,90.94,89,39.8
S109834,45.09,85.0,74.02,35.69,91.15,31,82.56
S109835,20.19,75.17,38.66,45.67,92.58,13,59.08
S109836,40.42,83.47,54.25,28.18,85.28,262,50.81
S109837,46.95,65.95,82.68,33.97,88.13,69,65.36
S109838,41.53,100.0,57.13,68.24,76.67,100,50.19
S109839,38.19,78.3,75.24,23.14,70.34,62,34.21
S109840,31.29,80.26,59.19,41.42,82.5,109,50.51
S109841,29.83,96.37,73.8,27.11,47.82,13,61.19
S109842,17.01,71.32,40.36,58.73,86.29,20,33.51
S109843,35.3,60.32,85.35,50.33,93.05,154,58.27
S109844,31.78,89.6,47.14,62.5,89.3,4,42.02
S109845,29.42,90.48,43.21,30.6,70.83,49,41.01
S109846,34.84,72.3,84.49,47.68,49.33,17,54.24
S109847,35.5,96.39,64.95,48.05,89.84,67,63.62
S109848,29.92,68.75,60.1,48.91,68.17,50,47.72
S109849,47.9,83.98,90.08,55.21,60.69,107,69.84
S109850,40.84,92.73,76.7,36.44,94.23,30,57.39
S109851,42.17,71.47,57.81,49.55,59.67,44,30.9
S109852,34.17,76.85,62.85,35.51,77.43,21,50.11
S109853,39.09,85.39,82.18,13.58,100.0,9,49.15
S109854,27.83,64.51,49.58,46.88,69.99,21,33.3
S109855,40.33,57.79,88.1,34.58,64.01,183,48.93
S109856,33.36,89.99,57.91,27.87,87.61,53,32.47
S109857,26.82,74.6,51.06,44.49,84.91,62,28.79
S109858,34.82,62.42,82.39,58.88,55.14,108,44.86
S109859,32.66,71.41,76.75,66.74,80.79,160,68.32
S109860,50.0,77.63,36.57,56.1,97.67,2,68.04
S109861,38.48,46.46,63.29,42.21,100.0,11,55.59
S109862,47.64,80.74,47.32,32.04,76.09,45,72.75
S109863,44.05,76.13,77.77,5.76,87.44,18,38.67
S109864,35.3,94.83,92.51,58.61,88.13,51,61.41
S109865,31.45,66.72,73.6,61.28,95.12,76,74.42
S109866,21.08,90.66,52.85,11.16,78.64,54,53.55
S109867,28.03,69.33,79.24,50.55,99.43,91,59.94
S109868,40.3,72.09,64.19,54.45,69.05,2,52.92
S109869,32.58,74.21,63.82,40.64,91.7,62,56.98
S109870,38.01,100.0,57.24,80.58,64.97,102,64.2
S109871,18.76,51.41,66.67,31.36,53.15,456,18.44
S109872,38.63,77.43,63.86,45.51,89.18,9,47.47
S109873,43.77,70.63,26.53,39.82,100.0,1,49.48
S109874,20.79,69.57,65.41,46.45,84.81,27,44.88
S109875,37.97,78.75,62.8,49.21,76.86,32,43.45
S109876,45.75,86.59,70.55,44.62,98.63,132,69.0
S109877,48.44,77.97,32.89,26.91,73.33,23,37.5
S109878,30.97,88.53,73.19,52.13,53.53,23,48.65
S109879,41.24,66.24,65.46,62.53,94.14,163,63.54
S109880,46.44,69.27,72.92,43.56,100.0,45,57.73
S109881,38.21,54.99,38.93,45.15,81.93,86,48.79
S109882,45.28,99.74,45.24,42.37,84.69,19,39.72
S109883,34.71,67.2,35.0,56.97,70.87,74,40.36
S109884,38.15,65.54,67.34,60.68,77.56,180,56.28
S109885,30.03,79.1,59.48,31.13,83.34,105,30.63
S109886,33.68,86.61,62.7,50.96,80.67,12,49.02
S109887,38.47,59.62,42.72,36.39,80.54,11,40.87
S109888,29.43,87.8,45.64,45.16,32.89,9,0.0
S109889,33.21,65.45,25.06,45.22,82.47,201,53.03
S109890,41.09,91.46,43.47,34.34,60.09,75,61.59
S109891,50.0,61.89,54.6,41.75,87.13,1,55.74
S109892,18.6,81.03,55.43,75.99,95.86,146,63.19
S109893,50.0,70.64,63.92,75.58,88.4,32,55.99
S109894,32.92,53.1,77.19,30.91,62.78,90,49.51
S109895,42.72,48.76,53.98,41.12,67.49,153,48.92
S109896,44.29,58.86,72.82,82.45,79.0,112,59.6
S109897,47.52,84.89,77.45,22.9,92.8,138,55.36
S109898,29.18,40.85,83.4,53.81,94.92,130,63.27
S109899,33.2,75.01,72.84,45.11,85.41,13,65.61
S109900,34.57,73.7,66.17,55.36,65.54,39,46.95
S109901,32.14,44.77,47.72,40.32,97.61,197,42.03
S109902,45.55,58.05,69.36,44.67,79.61,8,43.27
S109903,34.39,58.02,58.98,69.94,74.04,300,49.95
S109904,22.05,70.79,87.02,19.67,72.7,21,52.22
S109905,29.94,92.0,66.46,25.81,57.17,77,18.39
S109906,22.37,86.12,62.44,27.89,96.5,56,54.74
S109907,33.17,64.6,87.65,31.01,78.12,325,82.61
S109908,40.38,57.56,57.28,44.47,69.62,59,41.17
S109909,29.76,46.62,64.95,41.07,89.11,13,58.96
S109910,31.78,64.32,97.15,61.45,91.81,150,63.93
S109911,32.8,56.52,69.26,43.51,54.01,41,33.28
S109912,36.13,69.46,83.0,24.58,100.0,153,27.32
S109913,39.13,70.03,89.06,52.91,100.0,47,49.99
S109914,41.46,62.87,56.17,20.87,81.53,216,74.02
S109915,50.0,63.18,79.54,49.6,83.59,5,61.36
S109916,35.99,59.59,59.68,28.39,100.0,328,64.57
S109917,40.89,62.31,97.64,87.17,63.61,50,65.95
S109918,22.3,91.54,88.1,48.87,72.18,37,59.26
S109919,31.97,77.77,76.89,89.21,88.72,3,63.06
S109920,32.84,77.97,81.71,59.41,97.22,21,37.35
S109921,26.86,85.18,53.87,71.42,80.57,30,57.25
S109922,30.71,83.85,92.48,64.51,67.8,104,46.62
S109923,34.14,91.37,50.53,36.23,99.32,96,45.16
S109924,30.96,78.83,71.51,72.9,79.88,173,68.33
S109925,50.0,73.08,53.58,70.89,80.02,225,72.46
S109926,39.1,61.14,78.77,36.44,93.95,104,39.62
S109927,50.0,57.64,92.92,39.62,100.0,56,55.3
S109928,46.94,83.23,72.22,36.4,83.6,184,84.65
S109929,29.89,68.33,70.04,42.21,87.17,11,37.9
S109930,35.3,49.6,63.18,58.8,95.7,6,25.5
S109931,31.52,38.6,66.61,47.09,76.6,98,36.18
S109932,33.71,100.0,59.63,61.75,71.77,30,67.12
S109933,27.19,55.21,91.13,67.5,74.48,44,49.18
S109934,31.47,59.71,77.7,74.12,66.19,75,45.67
S109935,37.88,88.42,59.44,58.71,63.68,241,46.1
S109936,37.66,51.87,65.97,52.11,100.0,165,43.02
S109937,37.03,77.97,100.0,58.86,66.58,106,84.04
S109938,34.52,97.33,69.35,70.64,84.07,45,65.15
S109939,41.89,100.0,88.25,49.07,78.71,126,59.71
S109940,32.94,69.83,55.78,62.84,95.73,16,51.0
S109941,46.13,69.82,72.58,78.19,81.74,132,86.85
S109942,20.22,64.05,55.01,56.0,100.0,52,56.2
S109943,40.25,69.73,56.44,22.89,78.06,24,39.76
S109944,38.91,89.47,77.7,28.29,83.68,50,63.16
S109945,29.6,49.01,50.67,56.59,91.26,124,33.22
S109946,32.16,79.72,45.93,59.76,82.99,86,17.31
S109947,38.72,67.07,75.96,30.85,87.9,12,52.2
S109948,42.33,90.53,57.19,48.25,84.26,94,48.39
S109949,21.0,89.73,60.52,56.16,58.8,143,49.4
S109950,40.03,63.89,36.18,43.16,91.48,13,27.87
S109951,31.34,68.34,44.69,73.04,97.66,5,39.44
S109952,44.0,83.39,68.53,85.25,78.06,5,53.72
S109953,20.29,84.75,61.26,57.07,76.92,2,32.85
S109954,50.0,32.91,79.55,57.21,84.4,1,36.51
S109955,27.91,83.34,50.6,71.76,100.0,131,45.46
S109956,46.44,94.7,62.34,43.29,75.73,107,56.83
S109957,34.45,73.83,65.74,18.8,89.34,227,31.73
S109958,28.45,84.25,61.73,22.62,77.38,35,61.81
S109959,37.12,89.18,74.56,42.32,88.96,99,45.83
S109960,43.23,73.32,47.63,24.67,60.86,42,28.11
S109961,22.58,82.21,73.2,52.99,100.0,66,50.63
S109962,40.61,70.19,83.23,59.96,85.51,46,67.91
S109963,34.9,69.22,51.83,86.04,75.82,43,58.07
S109964,39.62,60.08,71.41,32.47,76.22,23,44.81
S109965,35.09,72.6,70.72,59.27,84.17,70,67.46
S109966,30.43,98.3,74.42,60.27,100.0,24,40.97
S109967,26.1,56.46,65.02,45.26,100.0,12,48.32
S109968,40.38,79.25,87.69,79.14,75.97,111,64.84
S109969,40.34,74.81,98.76,51.84,81.41,56,53.58
S109970,40.3,92.12,75.0,30.17,82.17,28,26.07
S109971,38.42,94.94,70.02,24.41,50.72,80,65.14
S109972,42.56,56.14,65.22,20.55,76.54,2,70.66
S109973,46.25,61.39,43.98,18.47,83.15,356,45.73
S109974,19.99,69.83,42.16,39.88,66.38,15,44.26
S109975,16.27,62.74,46.54,50.41,100.0,227,28.75
S109976,48.74,64.02,69.25,60.58,63.11,6,71.45
S109977,24.27,75.21,61.92,54.41,64.77,99,36.63
S109978,26.31,57.23,89.43,35.22,90.37,20,37.35
S109979,32.7,59.34,24.92,59.25,84.18,269,38.97
S109980,21.77,58.14,65.65,52.92,73.21,30,37.87
S109981,31.95,77.39,71.93,55.29,95.11,3,54.44
S109982,27.42,69.04,79.36,43.77,83.66,3,50.56
S109983,33.13,66.38,67.29,36.85,100.0,155,64.37
S109984,37.24,57.37,70.84,48.23,53.32,6,23.64
S109985,32.25,45.94,67.82,52.31,72.17,141,56.41
S109986,31.85,94.47,72.04,29.74,100.0,13,53.28
S109987,37.06,65.67,64.69,48.33,87.21,26,53.74
S109988,43.35,100.0,98.86,54.76,78.42,318,47.87
S109989,47.82,81.59,74.25,43.31,73.95,103,46.33
S109990,33.25,97.44,68.16,23.23,85.25,13,56.77
S109991,49.6,84.9,53.19,49.61,62.83,25,54.08
S109992,42.01,72.38,59.52,49.68,58.48,52,65.44
S109993,25.14,61.04,89.16,26.89,88.45,173,39.22
S109994,24.91,55.35,25.24,53.85,92.83,99,53.16
S109995,30.38,86.79,65.91,58.38,94.11,95,79.0
S109996,46.56,73.98,64.6,53.41,73.56,36,36.32
S109997,30.99,79.25,73.0,39.7,72.97,85,42.74
S109998,19.86,82.22,69.24,55.33,79.95,15,52.39
S109999,33.17,75.34,89.25,59.37,65.1,67,58.23
