student_id,age,gender,major,study_hours_per_day,social_media_hours,part_time_job,attendance_percentage,sleep_hours,extracurricular_participation,previous_gpa,semester,stress_level,screen_time,study_environment,access_to_tutoring,parental_support_level,exam_anxiety_score,learning_style,time_management_score,exam_score,subject_marks_student_id,g1_mat,g2_mat,g3_mat,g1_por,g2_por,g3_por,career_field,career_target,career_gpa,internships,projects,leadership_positions,Previous_GPA_10
STU00001,25,Other,Engineering,2.6,4.8,Yes,43.3,7.9,No,4.0,4,7.9,11.1,Library,No,6,10,Kinesthetic,5.6,100,UCI_0291,18,18,19,18,18,18,Engineering,Landscape Architect,2.6223893628387582,0,3,1,10.0
STU00002,26,Female,Arts,3.2,2.1,No,52.9,6.9,Yes,3.03,5,3.6,6.7,Co-Learning Group,Yes,8,10,Visual,2.3,79,UCI_0228,16,15,15,17,18,17,Arts,Judge,4.190820661780909,1,4,1,7.57
STU00003,22,Male,Psychology,4.5,2.3,No,42.0,8.2,No,2.79,8,5.4,9.1,Cafe,No,2,10,Kinesthetic,9.3,66,UCI_0038,15,16,15,13,13,13,Psychology,Architect,3.560777136788558,1,3,1,6.97
STU00004,22,Female,Computer Science,7.650183436923227,1.2,No,87.4,8.4,No,4.0,4,3.6,11.2,Cafe,Yes,9,10,Visual,2.9,89,UCI_0297,18,18,18,18,19,19,Computer Science,Biomedical Engineer,2.779962157,0,0,1,10.0
STU00005,23,Male,Biology,3.9,4.5,No,53.4,5.3,Yes,4.0,2,5.1,11.4,Quiet Room,Yes,10,10,Kinesthetic,3.0,97,UCI_0297,19,17,19,17,18,19,Biology,Judge,4.911212176347732,1,0,0,10.0
STU00006,27,Female,Psychology,7.0,3.1,No,78.4,6.2,No,4.0,8,1.3,14.7,Co-Learning Group,No,7,5,Visual,6.6,100,UCI_0116,18,19,19,18,17,18,Psychology,Risk Analyst,3.969376352477014,0,3,1,10.0
STU00007,19,Other,Computer Science,6.542532364344417,1.2,No,71.6,6.3,Yes,2.78,4,3.6,10.9,Cafe,No,2,10,Reading,10.0,74,UCI_0124,16,15,15,14,14,14,Computer Science,Animator,3.0080064972241547,1,1,1,6.95
STU00008,20,Male,Arts,6.5,4.1,No,51.5,5.4,No,2.52,7,5.6,15.7,Dorm,No,4,10,Kinesthetic,6.3,67,UCI_0127,14,11,13,12,13,13,Arts,Pharmacist,4.256888093363568,2,4,0,6.3
STU00009,19,Other,Engineering,3.4,3.7,No,99.8,7.4,Yes,2.99,6,2.3,7.3,Library,No,8,10,Visual,6.4,76,UCI_0368,15,15,15,16,16,16,Engineering,Manager,4.940370216268419,0,0,0,7.48
STU00010,17,Male,Psychology,3.4,4.9,No,92.3,7.3,No,3.98,4,5.3,13.1,Cafe,Yes,2,7,Kinesthetic,6.9,92,UCI_0116,18,18,20,18,17,18,Psychology,Animator,3.9490970953798135,2,3,0,9.95
STU00011,25,Female,Computer Science,5.759431260805666,3.4,No,59.4,5.4,No,3.18,4,4.0,12.6,Library,No,9,10,Auditory,3.3,69,UCI_0112,14,15,16,15,15,14,Computer Science,Counselor,3.680461611508558,0,1,1,7.95
STU00012,16,Female,Engineering,2.5,2.6,Yes,92.5,8.1,Yes,3.76,5,2.4,8.2,Co-Learning Group,Yes,5,6,Kinesthetic,6.0,93,UCI_0116,19,19,19,19,17,18,Engineering,Conductor,2.768780720496011,1,0,1,9.4
STU00013,28,Other,Computer Science,5.506330212,4.6,No,61.0,6.4,No,3.97,6,6.6,13.8,Co-Learning Group,No,2,5,Kinesthetic,8.9,96,UCI_0297,17,17,18,19,18,20,Computer Science,Nurse,3.5848722465860465,1,4,1,9.93
STU00014,20,Other,Business,3.2,4.3,Yes,49.4,9.3,No,4.0,1,2.6,9.7,Cafe,Yes,5,10,Visual,2.1,97,UCI_0116,17,19,18,19,18,18,Business,Counselor,3.912827295161717,1,0,0,10.0
STU00015,19,Other,Arts,3.7,2.5,No,40.2,8.1,No,3.43,3,6.3,10.3,Co-Learning Group,No,9,9,Visual,6.8,85,UCI_0109,16,18,18,13,14,14,Arts,Animator,4.895609522569874,1,0,0,8.58
STU00016,20,Other,Computer Science,6.636440030738369,4.0,Yes,90.0,7.5,No,4.0,7,6.0,13.3,Library,Yes,8,7,Visual,4.0,100,UCI_0116,18,20,20,19,18,17,Computer Science,Music Therapist,2.949231541877701,2,3,1,10.0
STU00017,17,Female,Business,7.0,4.9,Yes,45.3,7.4,Yes,4.0,7,4.6,14.7,Quiet Room,No,8,9,Auditory,6.5,100,UCI_0297,18,18,17,18,18,20,Business,Lawyer,4.429278099248131,2,3,0,10.0
STU00018,21,Female,Biology,4.6,2.0,Yes,60.1,6.5,No,2.83,4,3.7,7.3,Dorm,Yes,6,9,Kinesthetic,5.7,76,UCI_0120,11,13,14,16,15,16,Biology,Physician Assistant,3.671490365339853,2,0,1,7.08
STU00019,18,Other,Arts,2.7,1.2,Yes,84.6,7.6,No,4.0,3,2.3,6.7,Dorm,Yes,3,5,Reading,3.6,100,UCI_0116,19,19,20,18,16,19,Arts,Risk Analyst,4.466813739694427,0,0,1,10.0
STU00020,24,Male,Computer Science,2.9056273066895746,1.8,No,54.7,6.6,Yes,4.0,2,7.1,8.5,Co-Learning Group,Yes,1,8,Visual,7.6,100,UCI_0297,17,18,19,17,19,18,Computer Science,Biochemist,3.591108517398373,2,2,1,10.0
STU00021,16,Female,Arts,4.4,0.8,No,64.1,5.1,No,3.5,8,7.2,10.0,Co-Learning Group,No,8,10,Auditory,2.1,88,UCI_0172,13,15,16,16,17,18,Arts,Investment Banker,3.692975872477642,0,3,0,8.75
STU00022,28,Other,Business,4.8,1.7,No,99.4,6.8,No,3.42,1,6.4,9.3,Dorm,Yes,6,10,Auditory,2.3,83,UCI_0303,16,15,16,18,18,17,Business,Urban Planner,3.6691614805176775,0,1,1,8.55
STU00023,21,Female,Biology,2.5,0.2,No,91.8,9.9,Yes,3.19,7,4.1,7.1,Co-Learning Group,No,1,10,Visual,6.2,81,UCI_0057,14,15,15,15,14,15,Biology,Actuary,2.5107173800684883,2,1,1,7.97
STU00024,26,Male,Arts,4.7,4.2,Yes,68.4,6.1,No,4.0,1,7.4,12.6,Quiet Room,Yes,4,10,Auditory,4.1,99,UCI_0291,18,19,20,18,17,19,Arts,Astronomer,3.8350834002502494,0,3,0,10.0
STU00025,17,Other,Computer Science,3.688901477258848,0.3,No,46.1,6.0,Yes,2.69,3,8.2,8.1,Library,Yes,7,10,Reading,9.5,72,UCI_0232,13,13,14,14,12,12,Computer Science,Conductor,3.0838481303121705,0,3,1,6.72
STU00026,28,Male,Business,5.3,4.9,No,88.1,7.6,No,3.03,7,8.0,14.1,Cafe,Yes,7,10,Visual,3.7,77,UCI_0070,16,16,16,15,15,15,Business,Nuclear Physicist,3.864097468698789,2,2,0,7.57
STU00027,21,Male,Business,2.4,0.3,No,87.7,5.4,No,3.17,6,4.2,4.3,Cafe,Yes,3,7,Reading,3.0,82,UCI_0142,16,16,15,13,14,14,Business,Artist,2.637974867073095,1,0,0,7.92
STU00028,21,Other,Arts,2.3,4.9,No,49.5,8.9,Yes,3.6,2,4.4,11.1,Library,Yes,10,10,Auditory,2.9,91,UCI_0200,18,18,18,14,15,16,Arts,Biologist,4.150735824408959,2,2,1,9.0
STU00029,18,Male,Engineering,0.0,3.5,No,63.1,5.6,No,3.11,1,4.6,5.6,Cafe,No,3,10,Kinesthetic,3.8,82,UCI_0113,18,19,19,13,14,14,Engineering,Actuary,3.148532439341283,1,1,1,7.77
STU00030,22,Male,Business,0.0,0.9,Yes,96.2,6.5,No,2.49,3,4.6,5.6,Co-Learning Group,No,6,10,Auditory,3.9,60,UCI_0182,12,13,12,13,14,14,Business,Civil Engineer,2.8402504160958566,1,0,0,6.23
STU00031,24,Male,Computer Science,5.863094373911689,0.8,Yes,93.2,7.0,No,2.95,8,8.4,10.5,Cafe,Yes,2,10,Reading,5.0,75,UCI_0358,13,13,13,15,16,16,Computer Science,Zoologist,4.236297588842268,1,1,0,7.38
STU00032,19,Male,Business,6.0,3.4,No,99.2,5.7,No,3.79,7,4.9,14.6,Quiet Room,Yes,8,8,Kinesthetic,1.0,90,UCI_0048,19,19,20,17,17,17,Business,Music Teacher,2.814264356110212,0,4,1,9.47
STU00033,16,Male,Computer Science,3.2598017887616284,1.0,No,84.3,4.7,No,4.0,4,6.8,5.6,Quiet Room,Yes,6,5,Visual,5.9,100,UCI_0116,18,20,18,17,18,18,Computer Science,Construction Manager,2.7080605611089386,1,2,1,10.0
STU00034,25,Female,Business,2.4,3.2,No,51.8,4.7,Yes,3.37,1,8.0,9.4,Quiet Room,No,8,5,Auditory,7.1,78,UCI_0016,14,14,14,17,17,17,Business,Lawyer,4.429278099248131,2,3,0,8.43
STU00035,26,Male,Arts,2.3,0.3,Yes,74.0,5.0,No,3.76,7,3.4,4.2,Cafe,No,9,9,Reading,2.7,83,UCI_0048,18,20,19,18,18,18,Arts,Industrial-Organizational Psychologist,2.7910355707906103,1,4,0,9.4
STU00036,22,Other,Biology,1.3,4.3,No,59.5,7.7,No,3.71,4,7.9,7.7,Cafe,No,10,10,Reading,7.0,97,UCI_0297,18,19,17,19,19,19,Biology,Human Resources Specialist,4.228608307020409,1,2,1,9.28
STU00037,18,Female,Arts,3.5,4.7,No,95.9,9.7,Yes,4.0,5,5.4,10.4,Co-Learning Group,Yes,9,10,Auditory,3.0,96,UCI_0048,19,18,19,16,16,17,Arts,Landscape Architect,3.958023317574664,1,3,1,10.0
STU00038,21,Male,Computer Science,6.503994290575504,3.3,Yes,54.6,7.4,Yes,3.33,6,6.0,12.2,Cafe,Yes,8,8,Reading,7.1,79,UCI_0340,16,15,16,15,14,17,Computer Science,AI Researcher,4.837271147776351,0,0,0,8.32
STU00039,21,Female,Engineering,4.1,4.0,No,74.8,7.9,Yes,3.68,6,2.9,11.6,Quiet Room,No,8,7,Kinesthetic,5.6,88,UCI_0365,19,18,19,15,17,17,Engineering,Counselor,2.7556080425524354,1,3,1,9.2
STU00040,26,Female,Biology,3.7,4.7,Yes,97.7,6.5,Yes,4.0,2,3.8,11.4,Quiet Room,No,5,9,Visual,3.2,95,UCI_0297,19,18,17,19,19,19,Biology,Credit Analyst,3.852621513505298,1,4,0,10.0
STU00041,21,Male,Biology,1.4,4.2,Yes,94.4,5.8,Yes,3.08,3,5.9,9.4,Cafe,Yes,10,10,Reading,2.0,75,UCI_0368,15,14,15,17,15,16,Biology,School Counselor,4.340030272,1,1,0,7.7
STU00042,16,Other,Arts,5.5,2.4,No,94.6,8.9,Yes,3.46,3,6.1,11.6,Co-Learning Group,No,2,7,Visual,2.0,82,UCI_0060,15,16,16,16,15,16,Arts,Art Therapist,4.749704486708335,0,4,0,8.65
STU00043,22,Male,Engineering,3.8,1.4,No,56.8,6.8,No,3.26,1,1.4,8.5,Cafe,Yes,9,7,Auditory,2.7,85,UCI_0058,14,15,15,15,15,16,Engineering,Human Resources Specialist,2.8991748250353355,2,0,0,8.15
STU00044,18,Other,Arts,1.1,1.5,Yes,99.4,6.2,Yes,3.94,6,4.8,6.6,Library,No,3,7,Visual,7.9,98,UCI_0297,19,17,17,18,20,20,Arts,Music Therapist,3.5171573319162808,0,3,1,9.85
STU00045,22,Female,Psychology,2.4,2.4,No,92.8,7.7,Yes,3.23,3,7.3,5.8,Dorm,Yes,9,10,Kinesthetic,4.9,75,UCI_0355,16,15,15,15,14,15,Psychology,Mechanical Engineer,3.6031259989958313,2,2,1,8.07
STU00046,26,Other,Arts,7.3,4.4,No,72.9,7.2,No,4.0,8,2.7,15.0,Quiet Room,Yes,6,10,Reading,4.0,100,UCI_0291,19,17,20,17,19,17,Arts,Counselor,2.6350683031570528,2,1,1,10.0
STU00047,24,Other,Psychology,5.2,1.8,No,56.7,4.9,No,3.07,3,5.2,7.2,Quiet Room,No,5,7,Reading,2.7,76,UCI_0306,15,12,14,16,16,16,Psychology,Cybersecurity Analyst,4.612539904979766,1,1,1,7.67
STU00048,20,Male,Engineering,1.8,0.4,Yes,86.1,8.7,No,2.55,4,8.1,4.6,Library,No,5,10,Reading,7.1,57,UCI_0299,14,12,11,14,15,15,Engineering,Education Administrator,4.2802259705971935,2,0,0,6.38
STU00049,17,Other,Computer Science,4.389261156576673,1.0,No,56.5,8.4,No,4.0,6,6.2,6.7,Quiet Room,Yes,6,6,Reading,2.2,100,UCI_0291,18,18,20,19,18,18,Computer Science,Landscape Architect,4.983474126233721,0,2,1,10.0
STU00050,25,Other,Biology,1.1,1.3,Yes,73.4,5.4,Yes,3.42,6,7.1,6.7,Quiet Room,Yes,4,10,Kinesthetic,1.2,93,UCI_0103,16,17,17,16,16,16,Biology,Chemist,4.154876237647298,2,1,0,8.55
STU00051,28,Male,Arts,0.0,2.6,Yes,43.1,6.2,No,3.49,7,6.5,7.3,Quiet Room,No,6,10,Visual,3.7,83,UCI_0308,17,18,18,14,15,15,Arts,Software Developer,2.704534255,1,0,0,8.73
STU00052,17,Female,Computer Science,5.285351982563581,4.3,Yes,91.8,8.7,Yes,3.35,8,4.9,13.3,Library,Yes,5,6,Reading,8.1,84,UCI_0353,18,16,16,19,17,18,Computer Science,Physician Assistant,4.892387921120665,0,1,1,8.38
STU00053,18,Female,Business,6.0,2.6,Yes,64.3,9.2,Yes,4.0,7,6.8,10.8,Dorm,Yes,1,8,Reading,4.7,100,UCI_0297,17,18,17,17,18,20,Business,Illustrator,4.235679051860849,2,4,0,10.0
STU00054,20,Female,Psychology,5.5,3.1,Yes,78.6,7.0,No,3.31,2,5.6,13.8,Library,Yes,9,10,Kinesthetic,3.1,82,UCI_0263,17,18,18,15,15,15,Psychology,Electrical Engineer,3.1020947704098965,1,3,0,8.28
STU00055,28,Other,Business,2.8,4.9,Yes,89.8,7.3,Yes,2.73,3,2.8,10.3,Cafe,No,3,10,Kinesthetic,8.7,69,UCI_0010,14,15,15,12,12,13,Business,Mechanical Engineer,2.866556365821346,0,4,0,6.83
STU00056,22,Female,Biology,0.3,1.4,No,50.0,6.7,Yes,3.6,2,5.5,4.8,Quiet Room,No,2,9,Kinesthetic,2.4,84,UCI_0168,14,15,16,17,17,18,Biology,Game Developer,4.680543589762815,0,4,0,9.0
STU00057,28,Female,Business,1.7,3.7,No,92.2,6.5,Yes,3.11,4,3.7,6.2,Cafe,Yes,8,5,Auditory,6.1,74,UCI_0037,15,16,18,14,14,14,Business,Digital Marketing Specialist,3.299466477477449,2,3,1,7.77
STU00058,18,Other,Biology,2.7,1.2,No,61.0,4.5,Yes,4.0,8,5.6,6.2,Cafe,Yes,6,5,Auditory,5.1,100,UCI_0291,19,18,20,17,18,19,Biology,Musician,2.586443636187632,2,3,1,10.0
STU00059,19,Male,Psychology,7.3,0.2,No,94.1,6.4,No,4.0,4,6.9,10.7,Library,Yes,7,10,Visual,8.8,96,UCI_0297,18,17,18,17,18,20,Psychology,Industrial-Organizational Psychologist,4.977960022045126,1,2,1,10.0
STU00060,19,Female,Psychology,0.0,3.4,Yes,60.7,4.9,Yes,3.42,4,6.0,6.9,Quiet Room,Yes,5,10,Reading,4.5,90,UCI_0106,16,18,18,16,16,16,Psychology,Illustrator,2.544326411105763,0,3,1,8.55
STU00061,17,Male,Arts,2.6,4.0,Yes,75.8,7.8,Yes,3.02,5,6.3,10.2,Library,Yes,2,10,Auditory,3.5,71,UCI_0016,14,15,13,17,16,17,Arts,Human Resources Specialist,3.252001015046062,2,2,1,7.55
STU00062,21,Male,Arts,5.1,4.9,Yes,44.1,7.9,Yes,4.0,2,6.5,15.8,Dorm,No,1,8,Kinesthetic,7.1,100,UCI_0116,18,20,19,19,17,17,Arts,Geneticist,3.5522366497580533,1,1,0,10.0
STU00063,20,Other,Engineering,3.3,3.4,Yes,90.2,7.7,Yes,4.0,5,7.2,10.5,Library,Yes,8,10,Kinesthetic,1.6,96,UCI_0116,19,18,20,17,18,19,Engineering,Actuary,3.148532439341283,1,1,1,10.0
STU00064,16,Female,Engineering,1.6,3.9,No,51.1,7.6,Yes,3.57,6,6.3,6.6,Quiet Room,Yes,9,10,Kinesthetic,4.0,83,UCI_0320,14,15,16,17,18,17,Engineering,Analytical Chemist,4.530748536624289,1,0,1,8.92
STU00065,26,Female,Computer Science,6.885196566442939,3.1,No,58.7,7.3,Yes,3.28,1,3.9,11.2,Cafe,Yes,3,10,Reading,8.2,80,UCI_0370,15,14,14,17,18,19,Computer Science,Legal Analyst,3.327635683765989,2,3,0,8.2
STU00066,24,Male,Computer Science,6.6938693177337605,1.0,Yes,56.1,8.5,Yes,4.0,8,5.3,8.6,Quiet Room,Yes,8,5,Kinesthetic,2.4,100,UCI_0297,17,17,18,19,18,19,Computer Science,Ecologist,4.586660269081461,2,0,1,10.0
STU00067,25,Female,Psychology,1.5,3.6,Yes,64.0,5.5,Yes,2.86,5,4.1,6.1,Dorm,No,6,10,Kinesthetic,1.9,72,UCI_0118,15,15,16,16,14,14,Psychology,Manager,2.761628570263224,1,0,0,7.15
STU00068,25,Female,Biology,1.4,0.1,Yes,67.8,8.1,No,3.56,6,5.6,3.5,Dorm,No,1,8,Visual,9.1,94,UCI_0308,18,17,19,14,15,14,Biology,Quantum Physicist,4.360864801265128,1,1,1,8.9
STU00069,26,Male,Computer Science,3.865080857082331,0.1,No,67.8,6.5,No,3.28,5,9.0,7.1,Library,No,4,10,Kinesthetic,1.2,81,UCI_0066,16,15,15,16,15,16,Computer Science,Human Resources Specialist,3.0339596205180306,0,0,0,8.2
STU00070,28,Female,Psychology,7.1,4.0,Yes,59.3,7.3,Yes,4.0,4,5.3,15.5,Quiet Room,Yes,9,10,Visual,5.4,98,UCI_0116,17,20,19,19,17,18,Psychology,Quantum Physicist,3.941257608796531,1,3,1,10.0
STU00071,27,Male,Psychology,7.7,2.3,Yes,84.3,7.7,No,4.0,5,5.5,13.2,Quiet Room,No,2,5,Reading,9.6,100,UCI_0297,18,17,18,17,19,19,Psychology,Construction Manager,3.774585035184803,0,4,1,10.0
STU00072,24,Male,Engineering,4.5,3.6,No,83.1,6.6,No,3.19,7,3.0,13.3,Library,Yes,7,8,Visual,4.7,75,UCI_0052,11,13,13,16,14,16,Engineering,Human Resources Specialist,4.7716486593096334,0,1,0,7.97
STU00073,17,Male,Computer Science,3.4649676302139074,0.3,Yes,99.9,8.5,Yes,4.0,4,5.3,9.3,Co-Learning Group,No,2,5,Kinesthetic,8.1,99,UCI_0116,18,20,18,17,17,17,Computer Science,Art Director,3.716848931003202,2,2,0,10.0
STU00074,20,Other,Arts,5.8,2.7,No,52.1,6.1,No,4.0,3,10.0,12.5,Quiet Room,Yes,6,10,Kinesthetic,8.6,96,UCI_0297,18,17,19,17,18,19,Arts,Chemist,3.188548646726819,1,3,1,10.0
STU00075,23,Male,Biology,3.0,0.1,No,99.8,9.1,Yes,4.0,1,2.7,6.0,Dorm,Yes,1,6,Kinesthetic,8.1,100,UCI_0116,17,18,20,19,17,18,Biology,Mechanical Engineer,4.0770957031117065,1,2,1,10.0
STU00076,26,Other,Computer Science,6.060876809351889,3.4,Yes,56.4,7.3,No,3.32,8,7.1,12.9,Co-Learning Group,Yes,3,10,Visual,3.1,86,UCI_0317,12,14,15,17,18,17,Computer Science,Principal,3.818780583096429,2,4,0,8.3
STU00077,19,Female,Biology,7.3,1.8,Yes,90.7,9.0,Yes,3.69,3,4.7,13.7,Cafe,No,8,7,Kinesthetic,8.0,98,UCI_0009,16,18,19,15,16,17,Biology,Judge,3.2082147848700524,1,2,1,9.22
STU00078,16,Other,Arts,5.5,0.1,No,97.7,6.9,Yes,2.51,1,6.2,9.7,Dorm,No,1,10,Visual,5.5,66,UCI_0136,12,11,11,15,13,14,Arts,Paralegal,2.5783137465268497,2,2,1,6.27
STU00079,18,Female,Biology,5.7,1.8,Yes,56.5,8.9,Yes,3.5,1,4.0,11.9,Cafe,Yes,10,10,Reading,4.2,87,UCI_0132,18,18,18,14,14,15,Biology,Urban Planner,3.055056523262677,1,0,0,8.75
STU00080,17,Other,Arts,1.8,0.7,No,41.1,9.4,Yes,3.52,1,5.9,6.4,Dorm,Yes,7,10,Reading,8.4,96,UCI_0132,17,19,18,14,14,16,Arts,Art Director,2.914048114861339,2,2,0,8.8
STU00081,28,Male,Biology,2.3,1.8,Yes,72.4,9.9,Yes,4.0,3,1.6,7.8,Library,No,1,10,Kinesthetic,5.6,98,UCI_0291,17,17,19,19,18,18,Biology,Electrical Engineer,3.455019297292542,0,0,0,10.0
STU00082,28,Male,Engineering,4.9,4.5,Yes,97.9,4.8,No,3.88,7,1.0,15.0,Cafe,No,2,10,Reading,3.4,100,UCI_0116,17,19,19,18,18,17,Engineering,Geneticist,3.160798046,2,0,0,9.7
STU00083,27,Female,Computer Science,2.5569442001540468,2.3,No,65.0,6.0,No,4.0,2,5.4,7.2,Quiet Room,No,5,6,Kinesthetic,9.1,99,UCI_0116,17,19,19,19,17,17,Computer Science,Legal Secretary,4.890931552076206,2,4,1,10.0
STU00084,28,Female,Engineering,7.2,3.5,No,94.0,5.7,Yes,3.77,4,6.3,13.2,Dorm,No,4,8,Visual,4.5,96,UCI_0307,17,17,18,18,18,18,Engineering,Physicist,4.733315612739178,0,0,0,9.43
STU00085,18,Male,Engineering,3.8,3.2,Yes,79.7,6.6,No,4.0,7,1.7,10.9,Cafe,Yes,5,9,Auditory,9.3,100,UCI_0297,19,17,19,18,18,18,Engineering,Conductor,2.581618257359928,2,1,1,10.0
STU00086,18,Female,Engineering,4.9,1.3,No,51.1,7.1,Yes,3.45,4,4.7,8.6,Cafe,No,10,9,Visual,5.8,85,UCI_0043,19,18,18,14,15,15,Engineering,Physical Chemist,4.991850741488952,2,1,1,8.62
STU00087,16,Male,Arts,4.0,4.5,No,75.8,4.0,No,4.0,6,1.7,12.9,Co-Learning Group,Yes,6,10,Auditory,6.9,99,UCI_0297,17,18,19,17,18,18,Arts,Financial Advisor,4.662193086494426,0,1,1,10.0
STU00088,28,Female,Business,5.0,1.0,No,98.5,6.4,Yes,3.8,3,5.0,8.7,Dorm,Yes,3,10,Auditory,5.4,98,UCI_0297,19,19,19,19,18,18,Business,Legal Analyst,2.896404949712277,1,1,1,9.5
STU00089,27,Other,Business,2.3,0.2,Yes,65.2,9.9,No,4.0,5,1.7,5.5,Library,Yes,1,10,Visual,9.4,94,UCI_0048,20,20,19,16,16,16,Business,Financial Analyst,4.290126991146629,2,2,1,10.0
STU00090,16,Female,Arts,3.6,4.0,No,69.1,7.4,Yes,4.0,5,5.4,10.1,Co-Learning Group,Yes,3,5,Visual,9.9,95,UCI_0048,19,19,19,18,17,18,Arts,Art Therapist,4.310403241313077,2,3,0,10.0
STU00091,25,Male,Biology,4.7,2.4,No,85.5,8.1,Yes,4.0,5,8.5,9.8,Co-Learning Group,Yes,6,10,Visual,3.0,95,UCI_0116,17,18,20,18,16,18,Biology,Architect,4.098252883807871,1,1,0,10.0
STU00092,20,Male,Psychology,3.9,2.3,Yes,77.4,6.7,Yes,3.39,5,4.3,9.8,Co-Learning Group,Yes,10,6,Auditory,4.9,76,UCI_0037,16,15,19,15,13,13,Psychology,Manager,4.872518471397738,2,0,0,8.47
STU00093,22,Male,Arts,0.8,2.3,Yes,58.5,8.1,No,3.01,3,3.5,7.0,Dorm,Yes,3,10,Visual,4.2,80,UCI_0033,17,16,16,13,14,15,Arts,Education Administrator,4.647562824541962,1,2,0,7.52
STU00094,26,Female,Arts,5.0,3.0,Yes,47.9,6.3,Yes,4.0,8,8.5,11.7,Cafe,No,6,10,Kinesthetic,3.5,98,UCI_0291,17,18,20,19,17,19,Arts,Fluid Mechanics Engineer,4.791761944138198,0,2,0,10.0
STU00095,27,Male,Arts,3.1,1.8,No,56.3,7.3,Yes,3.47,2,9.1,8.3,Co-Learning Group,Yes,2,10,Reading,4.0,86,UCI_0294,15,13,15,17,17,17,Arts,Doctor,4.181861331854694,2,0,1,8.68
STU00096,19,Other,Business,3.1,1.0,No,49.8,4.7,No,3.73,7,6.4,5.8,Library,Yes,1,7,Kinesthetic,3.2,97,UCI_0048,20,20,19,18,16,17,Business,Financial Analyst,3.567312855051514,2,3,1,9.32
STU00097,28,Male,Business,6.7,4.9,Yes,62.5,5.2,Yes,3.43,4,3.5,14.5,Library,No,10,8,Auditory,8.5,92,UCI_0340,15,14,17,15,14,17,Business,Judge,3.682382271147315,0,4,0,8.58
STU00098,28,Other,Computer Science,9.156288491650798,2.2,No,59.4,7.4,Yes,4.0,6,7.9,13.4,Dorm,Yes,2,6,Auditory,8.7,96,UCI_0297,19,17,19,19,19,18,Computer Science,Sound Engineer,3.075612984592982,2,1,0,10.0
STU00099,27,Male,Computer Science,3.1499733582662683,4.5,Yes,79.1,7.5,No,3.25,3,5.3,10.6,Co-Learning Group,No,3,10,Visual,9.3,78,UCI_0112,15,16,15,14,14,13,Computer Science,Biotechnologist,4.309541213,2,3,0,8.12
STU00100,27,Male,Engineering,5.6,2.1,Yes,70.0,9.2,No,2.91,4,6.6,12.0,Dorm,Yes,1,10,Reading,4.0,69,UCI_0066,17,14,16,15,15,16,Engineering,Ecologist,4.254724349203702,0,3,0,7.28
STU00101,20,Other,Computer Science,1.2949879163385916,1.7,Yes,99.8,6.0,Yes,3.97,6,5.3,4.1,Dorm,No,9,8,Reading,9.6,94,UCI_0048,20,18,19,16,16,18,Computer Science,Physician Assistant,4.7113369635715685,2,2,0,9.93
STU00102,24,Male,Arts,4.6,1.5,No,67.1,5.9,No,2.89,3,2.4,10.3,Cafe,Yes,5,10,Kinesthetic,6.6,76,UCI_0198,17,15,16,13,13,14,Arts,Interior Designer,4.850799312596237,1,4,0,7.23
STU00103,23,Female,Arts,3.7,4.4,Yes,68.5,7.0,Yes,4.0,7,4.0,9.9,Quiet Room,Yes,10,9,Auditory,1.3,100,UCI_0297,19,18,18,18,18,20,Arts,Manager,3.916067396389195,2,4,0,10.0
STU00104,19,Female,Business,3.0,1.1,Yes,64.2,8.3,No,3.88,6,1.7,7.1,Dorm,Yes,3,10,Auditory,7.5,95,UCI_0307,16,16,17,17,17,19,Business,Paralegal,2.723602191871741,1,1,1,9.7
STU00105,26,Female,Business,5.7,5.0,No,47.2,7.3,Yes,3.03,2,4.5,12.4,Library,Yes,8,10,Auditory,9.6,74,UCI_0043,18,17,18,15,16,16,Business,Acoustics Specialist,3.512086397,1,2,0,7.57
STU00106,27,Other,Engineering,0.0,1.2,Yes,67.9,5.8,No,3.85,8,3.9,1.3,Library,Yes,7,10,Visual,1.6,100,UCI_0291,18,17,20,19,17,19,Engineering,Education Administrator,4.2802259705971935,2,0,0,9.62
STU00107,17,Other,Psychology,2.9,4.8,Yes,46.8,7.8,Yes,3.83,3,4.6,12.6,Dorm,Yes,10,10,Kinesthetic,5.7,97,UCI_0307,18,18,17,18,17,18,Psychology,Market Research Analyst,2.541420087805521,1,2,1,9.57
STU00108,16,Male,Computer Science,5.794774082519599,2.9,Yes,95.4,6.2,Yes,4.0,8,6.2,11.6,Dorm,No,3,8,Auditory,4.1,99,UCI_0116,17,19,20,17,16,18,Computer Science,Financial Controller,4.256982900720942,2,3,0,10.0
STU00109,18,Female,Biology,3.7,0.9,Yes,52.4,9.3,Yes,3.36,6,6.2,6.6,Cafe,Yes,4,10,Kinesthetic,3.9,89,UCI_0037,15,15,19,14,13,15,Biology,Financial Controller,4.300057541575838,1,0,0,8.4
STU00110,21,Male,Biology,4.4,1.3,No,87.6,5.9,Yes,4.0,8,1.0,9.9,Cafe,Yes,2,10,Kinesthetic,3.6,100,UCI_0116,18,18,19,18,16,18,Biology,Surgeon,3.756593959671867,0,3,1,10.0
STU00111,17,Other,Arts,5.0,4.6,No,90.6,8.7,Yes,3.75,5,2.3,12.5,Dorm,No,1,10,Kinesthetic,4.4,98,UCI_0116,17,20,18,19,17,17,Arts,Aerospace Engineer,4.3399875162742365,2,0,1,9.38
STU00112,21,Other,Business,3.4,2.8,Yes,87.3,9.1,No,4.0,1,7.5,10.2,Cafe,Yes,9,5,Reading,5.3,96,UCI_0048,18,19,19,18,18,18,Business,Market Research Analyst,3.110637464320054,0,2,1,10.0
STU00113,23,Other,Biology,4.9,3.9,Yes,81.5,7.1,Yes,2.9,1,6.1,9.1,Dorm,Yes,3,10,Visual,1.1,78,UCI_0074,12,12,14,13,13,14,Biology,Graphic Designer,3.1793598459799126,2,4,1,7.25
STU00114,18,Female,Computer Science,0.3375281522011339,1.2,Yes,77.6,6.9,No,3.35,5,5.5,6.9,Library,Yes,3,8,Visual,9.1,81,UCI_0276,15,14,14,16,17,18,Computer Science,Ecologist,4.586660269081461,2,0,1,8.38
STU00115,18,Male,Engineering,3.0,2.5,Yes,83.0,5.3,No,4.0,3,4.4,7.4,Quiet Room,No,3,10,Reading,1.5,99,UCI_0048,20,20,19,17,16,16,Engineering,Acoustics Specialist,2.6468602881011867,1,4,0,10.0
STU00116,18,Male,Biology,0.9,2.8,No,54.6,5.6,No,4.0,6,5.9,6.1,Quiet Room,Yes,10,10,Kinesthetic,1.5,90,UCI_0048,18,20,20,16,17,17,Biology,Acoustics Specialist,4.693269424705855,1,0,0,10.0
STU00117,28,Male,Business,1.7,0.0,No,98.6,9.0,No,4.0,5,1.0,4.7,Cafe,Yes,9,6,Visual,5.6,100,UCI_0048,19,20,20,18,17,16,Business,Investment Banker,4.520968462808569,1,3,1,10.0
STU00118,28,Male,Biology,1.6,3.3,No,86.4,6.8,Yes,3.97,4,5.7,7.0,Library,Yes,10,6,Reading,5.5,100,UCI_0291,17,18,20,18,17,18,Biology,Paralegal,3.545072598316282,2,3,0,9.93
STU00119,26,Male,Arts,4.9,1.7,No,67.2,5.2,No,3.55,8,4.7,11.3,Co-Learning Group,Yes,5,9,Auditory,2.5,95,UCI_0048,20,18,20,17,16,16,Arts,Construction Manager,3.390186849297403,1,3,1,8.88
STU00120,18,Male,Arts,5.1,4.8,Yes,80.6,6.8,Yes,2.58,5,5.0,14.4,Library,No,9,10,Kinesthetic,6.5,67,UCI_0271,10,9,10,10,12,14,Arts,Teacher,4.784648778862684,0,1,1,6.45
STU00121,26,Male,Arts,4.0,3.5,No,57.4,8.5,No,3.42,4,4.9,9.3,Cafe,Yes,5,10,Reading,6.0,84,UCI_0048,20,20,20,18,16,18,Arts,Surgeon,3.3827884607252834,0,0,0,8.55
STU00122,23,Female,Engineering,5.4,3.7,No,63.3,5.7,No,3.73,7,3.3,14.4,Dorm,No,3,7,Reading,9.8,92,UCI_0307,17,17,18,17,17,19,Engineering,Biologist,2.699109059789775,1,1,0,9.32
STU00123,16,Other,Psychology,1.5,2.5,Yes,54.7,8.3,No,2.62,2,6.5,7.1,Cafe,No,10,10,Reading,9.9,69,UCI_0040,14,13,13,14,13,12,Psychology,Biomedical Engineer,3.794257674647647,0,2,1,6.55
STU00124,17,Male,Psychology,4.3,3.0,Yes,74.9,7.6,Yes,4.0,1,8.4,12.6,Co-Learning Group,No,1,9,Visual,1.5,97,UCI_0291,19,17,20,19,18,17,Psychology,Advertising Manager,2.8323744566337936,1,3,1,10.0
STU00125,27,Male,Arts,6.5,2.0,Yes,48.2,10.0,No,4.0,6,3.8,10.5,Cafe,No,6,10,Visual,9.9,100,UCI_0291,17,18,18,18,17,18,Arts,Doctor,3.3429190267164315,0,4,1,10.0
STU00126,16,Male,Arts,1.8,4.3,No,77.6,5.1,No,2.63,5,7.7,8.2,Cafe,No,4,8,Auditory,9.7,62,UCI_0271,11,8,9,9,13,13,Arts,Accountant,2.954755504187499,0,1,0,6.57
STU00127,16,Female,Biology,4.9,3.9,Yes,96.4,8.9,Yes,4.0,6,3.5,11.9,Dorm,Yes,1,5,Auditory,7.6,99,UCI_0291,18,18,20,19,18,19,Biology,Financial Analyst,3.2343602998872445,2,1,1,10.0
STU00128,16,Male,Psychology,4.7,0.2,No,68.4,5.0,No,4.0,3,5.6,8.7,Co-Learning Group,No,10,7,Auditory,8.8,100,UCI_0291,19,18,20,19,19,19,Psychology,Risk Analyst,4.449496187061007,1,1,1,10.0
STU00129,22,Male,Arts,6.8,0.0,No,48.6,5.1,Yes,3.75,3,7.2,11.0,Dorm,No,3,9,Reading,3.9,99,UCI_0365,18,18,18,16,16,16,Arts,Mechanical Engineer,4.890232849315471,2,1,0,9.38
STU00130,21,Other,Computer Science,6.642980309456759,0.7,No,45.2,7.7,No,3.63,4,2.6,10.2,Quiet Room,No,2,10,Reading,8.9,87,UCI_0172,13,15,17,16,16,17,Computer Science,Aerospace Engineer,4.203568806762459,2,3,0,9.07
STU00131,22,Male,Engineering,2.7,2.3,Yes,86.1,6.3,No,4.0,6,3.7,8.2,Cafe,No,9,10,Visual,2.6,100,UCI_0291,18,19,19,19,17,17,Engineering,Teacher,4.025612034882913,1,1,1,10.0
STU00132,22,Other,Business,0.4,3.1,No,75.3,8.2,No,2.28,5,3.9,6.9,Cafe,No,9,10,Auditory,7.3,59,UCI_0029,11,11,11,12,12,13,Business,Aerospace Engineer,2.542016270542437,2,4,0,5.7
STU00133,22,Male,Computer Science,1.3924410735119332,2.9,No,86.8,6.7,Yes,3.59,6,8.1,8.8,Cafe,Yes,3,7,Auditory,4.5,90,UCI_0370,14,14,15,18,17,20,Computer Science,Chemical Engineer,3.8319138623569176,1,2,0,8.97
STU00134,17,Male,Arts,5.7,0.7,No,97.1,5.5,No,4.0,3,3.5,11.0,Dorm,Yes,1,9,Reading,7.7,100,UCI_0048,20,20,19,18,16,18,Arts,AI Researcher,3.467330716,1,2,0,10.0
STU00135,24,Other,Arts,5.0,0.6,Yes,68.4,7.1,Yes,3.16,8,5.4,7.7,Co-Learning Group,No,2,10,Kinesthetic,3.9,80,UCI_0189,15,15,15,13,14,16,Arts,Legal Consultant,3.195362908516593,1,2,1,7.9
STU00136,21,Male,Computer Science,7.570123691832346,3.8,Yes,67.8,4.9,No,4.0,1,3.7,16.9,Library,Yes,2,10,Auditory,7.2,100,UCI_0048,19,19,20,18,18,16,Computer Science,Pharmacist,4.512931824916575,0,3,1,10.0
STU00137,26,Female,Engineering,1.3,3.3,No,85.4,8.1,Yes,3.74,1,9.9,6.3,Library,Yes,10,10,Auditory,4.2,88,UCI_0048,19,18,20,18,18,18,Engineering,Interior Designer,3.1499450366328032,1,4,1,9.35
STU00138,19,Female,Arts,3.6,3.4,No,76.3,7.3,Yes,2.71,5,4.0,11.0,Cafe,Yes,8,10,Visual,6.2,66,UCI_0123,14,13,13,14,13,14,Arts,Psychologist,4.230233519165713,2,1,0,6.78
STU00139,19,Other,Computer Science,4.692456787559424,4.5,Yes,46.1,5.1,No,3.09,8,4.4,13.3,Quiet Room,Yes,1,10,Auditory,6.0,81,UCI_0228,16,16,15,16,17,16,Computer Science,Principal,3.850776672399934,0,4,0,7.72
STU00140,20,Male,Biology,4.5,3.1,Yes,82.7,9.1,Yes,4.0,4,3.3,11.9,Library,Yes,10,10,Reading,4.9,100,UCI_0291,18,18,18,18,18,17,Biology,Judge,4.072705349,0,2,1,10.0
STU00141,25,Male,Psychology,2.2,1.0,No,67.6,7.2,No,3.35,7,6.4,7.4,Cafe,No,3,10,Kinesthetic,2.9,88,UCI_0317,12,14,15,18,17,17,Psychology,Financial Controller,2.9333531776230317,1,4,1,8.38
STU00142,26,Other,Engineering,8.5,3.8,No,80.6,7.2,Yes,4.0,1,4.8,15.0,Cafe,No,4,5,Visual,2.4,88,UCI_0291,17,19,18,17,19,19,Engineering,Architect,3.063709500796322,0,1,0,10.0
STU00143,25,Other,Computer Science,4.479832562482438,0.1,No,71.1,6.0,No,4.0,7,3.7,7.6,Library,Yes,3,9,Reading,6.5,100,UCI_0048,20,20,20,18,16,17,Computer Science,Marketing Specialist,3.992053972639813,2,3,0,10.0
STU00144,16,Female,Engineering,5.9,3.4,Yes,91.3,4.6,No,4.0,4,5.2,13.2,Co-Learning Group,No,2,10,Reading,3.8,100,UCI_0048,20,20,20,17,16,18,Engineering,Artist,4.407767908088877,1,1,1,10.0
STU00145,24,Male,Psychology,2.3,2.8,No,49.1,7.3,No,3.68,1,4.1,8.7,Co-Learning Group,No,7,9,Kinesthetic,9.6,93,UCI_0168,14,16,16,16,16,17,Psychology,Art Therapist,3.4516456210157016,1,1,0,9.2
STU00146,26,Other,Engineering,3.6,4.0,Yes,71.5,5.6,Yes,3.01,8,6.1,9.8,Dorm,Yes,9,8,Auditory,3.4,70,UCI_0060,14,15,16,17,15,17,Engineering,Construction Manager,2.9880288247970226,1,4,0,7.52
STU00147,23,Other,Engineering,5.7,4.1,No,48.5,5.6,No,4.0,7,4.5,11.4,Cafe,Yes,1,10,Kinesthetic,8.3,97,UCI_0291,19,17,20,18,18,17,Engineering,Special Education Teacher,3.577932436875166,1,2,1,10.0
STU00148,17,Female,Biology,1.9,1.9,Yes,45.6,8.5,No,3.66,3,5.3,4.6,Co-Learning Group,No,10,10,Visual,1.7,86,UCI_0168,15,15,15,17,18,19,Biology,Teacher,4.398110353486562,2,3,0,9.15
STU00149,19,Other,Computer Science,6.184023279226149,2.7,No,48.3,6.0,No,4.0,7,3.1,9.6,Library,No,3,10,Visual,4.2,100,UCI_0291,17,19,20,17,19,18,Computer Science,Entrepreneur,3.1007537001138665,1,0,1,10.0
STU00150,16,Male,Business,2.5,4.8,No,75.3,4.9,No,4.0,5,5.8,8.8,Quiet Room,Yes,8,10,Reading,9.0,96,UCI_0307,17,17,19,19,19,19,Business,Cybersecurity Analyst,4.200827913588307,1,3,0,10.0
STU00151,25,Other,Computer Science,1.804487677770711,0.2,Yes,83.7,6.2,No,4.0,4,1.0,2.6,Library,No,7,8,Reading,8.6,96,UCI_0307,18,16,17,19,18,17,Computer Science,Biomedical Engineer,3.4400306666623743,0,1,0,10.0
STU00152,24,Male,Computer Science,2.5714353540055583,0.8,Yes,74.9,8.0,Yes,4.0,1,5.8,5.5,Cafe,No,9,7,Kinesthetic,8.1,100,UCI_0307,16,17,18,17,17,17,Computer Science,Microbiologist,4.922366912148023,0,0,1,10.0
STU00153,16,Other,Engineering,5.8,4.7,Yes,53.4,6.5,Yes,3.37,7,3.3,11.9,Cafe,No,8,9,Auditory,7.7,81,UCI_0113,17,19,19,13,15,14,Engineering,Doctor,3.095525959827768,2,2,0,8.43
STU00154,24,Other,Engineering,4.2,1.3,No,67.5,9.5,No,3.95,7,7.3,6.1,Cafe,No,9,5,Kinesthetic,7.8,100,UCI_0307,18,18,19,19,18,18,Engineering,Actuary,3.466708894,1,3,0,9.88
STU00155,19,Male,Psychology,7.6,1.2,No,68.1,6.2,No,4.0,6,8.3,13.3,Quiet Room,Yes,2,6,Reading,6.9,100,UCI_0307,16,17,17,19,19,17,Psychology,Analytical Chemist,3.0593519150445507,0,1,0,10.0
STU00156,26,Female,Business,8.2,4.9,Yes,78.0,9.0,Yes,4.0,5,4.4,15.1,Cafe,Yes,6,9,Visual,4.8,98,UCI_0307,18,16,19,17,18,18,Business,Biotechnologist,2.880412926,1,0,1,10.0
STU00157,24,Other,Biology,10.3,4.8,Yes,79.1,7.0,Yes,4.0,6,2.3,19.1,Co-Learning Group,Yes,10,10,Reading,8.0,97,UCI_0307,18,17,19,19,17,19,Biology,Teacher,3.397415508003208,0,1,1,10.0
STU00158,28,Other,Biology,2.8,2.2,Yes,85.4,6.4,Yes,3.78,6,3.1,7.7,Quiet Room,No,2,6,Visual,6.6,91,UCI_0365,19,19,20,16,18,17,Biology,Landscape Architect,3.980227106060159,2,2,0,9.45
STU00159,23,Male,Psychology,6.4,3.5,No,99.1,8.5,No,4.0,1,6.0,12.7,Quiet Room,No,2,10,Visual,5.2,99,UCI_0307,16,18,18,18,17,17,Psychology,Zoologist,4.418344409903311,1,2,1,10.0
STU00160,21,Other,Computer Science,6.283111638459523,3.8,No,52.5,6.1,Yes,4.0,4,6.8,14.4,Cafe,Yes,9,9,Visual,8.7,98,UCI_0307,16,18,17,17,19,18,Computer Science,Advertising Manager,3.642272789144628,2,0,0,10.0
STU00161,21,Male,Business,4.9,3.1,Yes,70.3,7.4,No,3.96,5,3.7,12.1,Quiet Room,Yes,8,10,Visual,5.1,90,UCI_0307,17,18,18,17,19,17,Business,Quantum Physicist,4.442888419670864,1,1,1,9.9
STU00162,23,Female,Biology,3.3,3.0,Yes,54.3,7.6,No,4.0,1,5.3,10.0,Cafe,No,5,5,Kinesthetic,8.3,100,UCI_0307,17,18,19,18,19,18,Biology,Nurse,4.719535198003263,1,4,1,10.0
STU00163,19,Other,Psychology,1.3,4.9,Yes,62.2,9.2,Yes,4.0,8,3.8,7.9,Quiet Room,No,8,8,Auditory,2.3,100,UCI_0307,17,16,18,18,19,17,Psychology,Marketing Manager,3.556266755928988,0,2,1,10.0
STU00164,20,Male,Psychology,0.0,0.5,No,59.1,8.5,No,3.89,3,4.3,5.4,Co-Learning Group,No,2,10,Reading,5.9,98,UCI_0365,20,19,19,14,16,18,Psychology,Legal Secretary,4.793011999,0,0,0,9.72
STU00165,22,Other,Arts,2.8,3.0,No,72.0,6.9,Yes,4.0,5,1.4,10.0,Co-Learning Group,Yes,3,8,Kinesthetic,2.4,94,UCI_0307,18,17,17,17,18,18,Arts,Urban Planner,4.0393900347956535,0,1,0,10.0
STU00166,26,Other,Computer Science,2.7689845066333265,3.8,No,95.3,8.6,No,3.93,3,3.4,11.4,Quiet Room,No,8,7,Auditory,1.5,96,UCI_0307,16,18,18,17,17,18,Computer Science,Urban Planner,4.685755736126552,0,4,1,9.83
STU00167,25,Female,Engineering,5.4,4.5,Yes,93.1,7.0,Yes,3.73,8,5.9,11.0,Dorm,No,6,7,Visual,6.0,87,UCI_0365,20,18,18,16,17,16,Engineering,Conductor,2.768780720496011,1,0,1,9.32
STU00168,26,Male,Computer Science,4.876346836,4.4,No,76.3,6.6,No,4.0,5,6.3,14.8,Co-Learning Group,No,7,6,Visual,9.5,100,UCI_0009,16,17,18,15,17,18,Computer Science,Biomedical Engineer,3.4400306666623743,0,1,0,10.0
STU00169,24,Female,Psychology,3.2,4.4,Yes,67.5,9.0,Yes,4.0,7,5.3,12.7,Cafe,No,6,7,Kinesthetic,3.6,95,UCI_0009,17,18,18,15,17,16,Psychology,Web Developer,3.8666627082011287,2,2,1,10.0
STU00170,19,Female,Biology,8.5,2.4,Yes,43.9,6.6,Yes,4.0,1,5.0,14.0,Library,No,10,9,Auditory,1.1,98,UCI_0009,17,19,18,16,17,16,Biology,Clinical Psychologist,3.3442127112379216,0,3,1,10.0
STU00171,17,Female,Arts,2.6,1.9,Yes,90.9,8.8,No,3.62,2,5.9,8.2,Dorm,No,9,10,Kinesthetic,6.2,89,UCI_0106,16,19,17,16,15,16,Arts,Aerospace Engineer,4.003929636584445,1,1,1,9.05
STU00172,23,Male,Arts,5.8,2.1,No,91.2,5.6,No,4.0,7,2.5,11.9,Cafe,Yes,9,6,Auditory,4.5,100,UCI_0009,16,17,20,16,17,16,Arts,Geneticist,3.5522366497580533,1,1,0,10.0
STU00173,18,Male,Psychology,3.8,1.1,Yes,70.8,8.1,No,3.55,5,2.0,8.5,Cafe,No,7,10,Visual,3.8,89,UCI_0308,16,18,17,15,16,16,Psychology,Financial Controller,3.137108710874257,1,0,0,8.88
STU00174,17,Female,Biology,4.2,4.0,Yes,73.7,4.1,Yes,4.0,1,5.0,11.3,Quiet Room,Yes,7,10,Visual,1.2,93,UCI_0009,15,17,20,14,16,18,Biology,Risk Analyst,3.938154639,2,2,0,10.0
STU00175,24,Other,Psychology,1.9,4.9,Yes,80.1,5.8,No,3.05,3,4.8,10.3,Quiet Room,No,8,7,Visual,8.8,80,UCI_0074,11,11,13,12,14,14,Psychology,Conductor,3.471642798981356,0,3,0,7.62
STU00176,26,Male,Business,3.7,4.4,No,64.4,8.8,Yes,3.65,6,2.7,11.7,Co-Learning Group,Yes,4,5,Visual,7.0,93,UCI_0365,20,19,18,14,18,16,Business,Chemical Engineer,3.035984186210957,0,4,1,9.12
STU00177,25,Male,Psychology,0.0,5.0,Yes,56.2,4.2,Yes,3.49,8,6.2,8.3,Cafe,No,3,10,Kinesthetic,7.2,84,UCI_0060,16,17,17,17,14,17,Psychology,Legal Secretary,3.6329354283313378,0,0,0,8.73
STU00178,23,Female,Arts,2.8,0.3,Yes,89.8,8.4,No,4.0,8,5.8,8.0,Quiet Room,Yes,4,10,Visual,9.9,100,UCI_0009,17,19,20,16,16,16,Arts,Physician Assistant,3.8368400125429183,0,2,1,10.0
STU00179,24,Female,Computer Science,4.076738094356058,4.1,Yes,80.5,7.3,Yes,4.0,5,8.5,8.8,Quiet Room,No,3,8,Reading,1.9,100,UCI_0009,16,17,18,14,17,17,Computer Science,Physician Assistant,4.220947211248067,0,2,1,10.0
STU00180,24,Other,Psychology,3.8,1.7,No,98.2,5.4,No,3.98,3,3.6,9.1,Dorm,No,5,10,Kinesthetic,4.5,100,UCI_0009,16,19,19,15,15,18,Psychology,Geneticist,2.827753750721669,1,4,1,9.95
STU00181,19,Other,Business,3.9,3.2,Yes,85.5,7.6,No,4.0,1,4.9,8.4,Quiet Room,Yes,2,6,Reading,5.1,100,UCI_0009,16,17,20,16,15,16,Business,Social Media Manager,3.934793887165688,0,1,1,10.0
STU00182,28,Male,Arts,6.4,1.6,Yes,41.8,6.0,No,4.0,1,6.4,11.6,Dorm,No,4,8,Kinesthetic,1.9,100,UCI_0009,15,17,18,16,16,18,Arts,Astronomer,3.8350834002502494,0,3,0,10.0
STU00183,27,Other,Psychology,1.9,3.4,Yes,63.2,9.0,Yes,4.0,3,5.3,8.3,Cafe,Yes,9,10,Auditory,1.6,100,UCI_0009,17,18,19,14,15,17,Psychology,Physician Assistant,3.828403034043177,0,3,0,10.0
STU00184,22,Female,Engineering,5.2,2.5,No,84.3,6.9,No,3.18,7,3.5,10.5,Dorm,Yes,1,10,Auditory,4.4,82,UCI_0324,14,14,14,15,14,15,Engineering,Lawyer,2.9611944266306205,0,0,1,7.95
STU00185,16,Other,Biology,4.2,1.2,No,73.6,4.7,No,3.83,5,5.0,8.6,Library,Yes,7,9,Visual,9.8,97,UCI_0009,15,19,19,16,16,16,Biology,Social Media Manager,3.5550225567120624,1,4,0,9.57
STU00186,22,Other,Arts,2.6,4.2,No,66.8,8.1,No,4.0,2,6.5,9.3,Cafe,Yes,1,8,Visual,9.8,100,UCI_0009,16,17,20,14,16,18,Arts,Pharmacist,2.9181126087389013,2,0,1,10.0
STU00187,23,Other,Biology,2.5,4.1,Yes,98.7,5.5,Yes,2.85,5,6.0,10.5,Cafe,No,9,8,Visual,5.6,76,UCI_0238,14,13,13,16,16,16,Biology,Landscape Architect,4.2888743534185725,2,1,1,7.12
STU00188,23,Other,Psychology,4.2,0.8,Yes,52.2,8.2,Yes,4.0,5,1.4,9.2,Quiet Room,Yes,7,7,Visual,1.4,98,UCI_0009,16,18,20,14,16,18,Psychology,Analytical Chemist,3.4633422772521865,1,0,1,10.0
STU00189,24,Male,Biology,6.9,4.4,No,93.0,8.6,Yes,3.73,1,7.5,15.6,Library,Yes,6,6,Visual,3.7,94,UCI_0365,19,17,18,16,17,16,Biology,Organic Chemist,4.281993363857844,1,3,1,9.32
STU00190,24,Female,Biology,3.3,2.0,No,60.6,5.2,No,2.58,8,5.7,6.8,Co-Learning Group,Yes,5,10,Kinesthetic,7.3,66,UCI_0029,11,11,12,11,12,13,Biology,Physical Chemist,3.573782063633931,0,3,0,6.45
STU00191,21,Female,Arts,9.1,2.5,No,65.9,6.8,No,4.0,8,4.9,14.8,Quiet Room,Yes,6,10,Auditory,4.8,96,UCI_0009,17,17,18,15,16,18,Arts,Nurse,3.2018387796732584,2,4,1,10.0
STU00192,26,Male,Biology,2.2,1.6,Yes,83.1,9.3,Yes,3.35,8,5.2,6.3,Cafe,Yes,8,7,Kinesthetic,5.7,86,UCI_0109,17,18,17,12,15,13,Biology,Fluid Mechanics Engineer,3.5613173083902376,0,3,0,8.38
STU00193,17,Other,Psychology,5.5,1.6,Yes,41.5,6.8,No,4.0,1,5.4,11.7,Quiet Room,Yes,6,10,Auditory,9.5,85,UCI_0009,17,17,18,14,16,17,Psychology,Animator,3.781449116042385,2,4,1,10.0
STU00194,22,Female,Psychology,5.5,3.0,No,88.0,5.0,No,4.0,8,4.2,10.9,Quiet Room,Yes,2,10,Kinesthetic,1.7,100,UCI_0009,17,18,19,15,17,17,Psychology,Nuclear Physicist,4.639327145323021,0,1,1,10.0
STU00195,26,Female,Engineering,4.5,3.5,No,87.8,4.6,No,4.0,8,5.8,8.6,Quiet Room,Yes,3,10,Auditory,3.2,94,UCI_0365,18,18,20,14,18,17,Engineering,Web Developer,4.138399469612106,1,4,1,10.0
STU00196,24,Female,Computer Science,6.227313720020754,1.3,Yes,76.3,8.3,Yes,4.0,4,6.8,10.7,Library,No,5,7,Visual,6.1,100,UCI_0365,19,17,20,14,16,17,Computer Science,Physicist,2.7521639002635165,0,0,0,10.0
STU00197,18,Female,Arts,2.3,3.0,Yes,89.7,8.3,Yes,2.59,6,10.0,7.5,Library,No,3,7,Reading,8.1,62,UCI_0269,9,9,10,11,11,14,Arts,Judge,4.403881828897793,2,3,0,6.47
STU00198,24,Female,Engineering,4.4,3.7,No,44.1,7.0,Yes,3.77,5,6.5,10.7,Cafe,No,1,10,Reading,1.5,94,UCI_0365,19,17,18,14,17,17,Engineering,Human Resources Specialist,2.8334473049664606,1,1,0,9.43
STU00199,27,Male,Business,0.9,2.7,No,75.9,8.7,Yes,3.33,7,2.9,8.3,Co-Learning Group,No,9,10,Kinesthetic,5.3,81,UCI_0132,18,19,18,14,14,15,Business,Zoologist,4.149052845651589,2,1,0,8.32
STU00200,27,Male,Computer Science,6.057253755781321,4.2,Yes,89.8,8.4,Yes,3.29,8,1.0,11.4,Quiet Room,No,5,10,Visual,7.4,84,UCI_0032,17,16,17,15,15,15,Computer Science,Counselor,2.878938410840715,1,3,0,8.22
STU00201,17,Male,Biology,3.9,1.6,No,92.0,8.8,Yes,4.0,2,2.1,7.6,Library,Yes,8,10,Auditory,8.9,100,UCI_0365,18,17,20,15,17,16,Biology,Musician,4.376000234,1,2,1,10.0
STU00202,24,Other,Arts,5.9,2.3,No,96.7,5.6,No,4.0,6,1.4,10.7,Cafe,Yes,8,6,Kinesthetic,6.6,100,UCI_0365,19,18,19,15,17,18,Arts,Interior Designer,3.0987680181068544,0,4,1,10.0
STU00203,19,Female,Engineering,2.6,1.2,Yes,95.7,8.5,Yes,3.66,6,4.5,6.8,Co-Learning Group,Yes,3,10,Visual,9.9,89,UCI_0200,19,19,18,15,14,17,Engineering,Psychologist,3.6466081636246974,2,4,0,9.15
STU00204,23,Other,Psychology,0.8,3.0,No,77.3,5.7,Yes,3.17,1,6.1,4.8,Dorm,Yes,8,7,Reading,4.4,81,UCI_0303,16,16,16,17,19,16,Psychology,Education Administrator,4.959649575463882,0,2,1,7.92
STU00205,23,Other,Biology,1.5,2.3,No,93.3,10.5,Yes,2.94,2,4.6,7.2,Dorm,Yes,7,10,Kinesthetic,8.5,73,UCI_0324,14,15,14,15,13,14,Biology,Construction Manager,3.020607298692468,2,1,1,7.35
STU00206,19,Other,Computer Science,5.5709689301657175,0.1,Yes,46.4,4.6,Yes,3.56,8,5.4,7.9,Cafe,Yes,9,10,Kinesthetic,7.9,90,UCI_0113,17,20,20,14,13,13,Computer Science,Civil Engineer,4.462798070663935,1,3,0,8.9
STU00207,20,Female,Psychology,3.6,5.0,Yes,71.4,8.4,No,2.38,5,3.0,9.5,Dorm,No,2,10,Auditory,3.4,61,UCI_0130,7,10,11,10,11,11,Psychology,Advertising Manager,2.8323744566337936,1,3,1,5.95
STU00208,27,Male,Biology,4.0,1.7,Yes,79.8,8.3,No,3.69,1,6.5,9.2,Library,Yes,6,6,Kinesthetic,1.8,94,UCI_0200,18,18,17,15,14,15,Biology,Social Media Manager,2.864957093811437,1,3,0,9.22
STU00209,20,Male,Business,3.3,4.8,Yes,80.5,6.2,No,4.0,7,5.5,13.4,Dorm,Yes,2,7,Auditory,1.1,99,UCI_0365,20,19,18,15,18,18,Business,Actuary,4.177130137383606,1,2,1,10.0
STU00210,19,Female,Business,3.4,3.8,Yes,67.5,7.9,No,3.98,8,4.5,10.3,Co-Learning Group,No,10,5,Visual,3.6,100,UCI_0365,20,18,19,16,16,16,Business,Web Developer,4.2135845578156745,1,4,1,9.95
STU00211,25,Male,Biology,2.7,3.2,No,58.6,6.9,Yes,2.51,8,7.6,6.4,Dorm,No,3,8,Auditory,5.6,70,UCI_0183,12,13,12,11,12,13,Biology,Biomedical Engineer,4.0575490729556805,1,4,1,6.27
STU00212,17,Male,Computer Science,8.035647939539668,2.2,Yes,51.2,6.9,Yes,4.0,2,7.5,14.1,Cafe,No,2,10,Visual,3.4,100,UCI_0365,20,17,19,15,17,18,Computer Science,Architect,2.8699027381651656,1,2,1,10.0
STU00213,17,Other,Biology,2.9,1.3,Yes,59.7,5.4,Yes,3.81,8,2.6,6.4,Dorm,No,6,9,Auditory,1.8,100,UCI_0365,18,19,19,16,17,16,Biology,Zoologist,2.7445575143141627,1,0,0,9.53
STU00214,20,Male,Psychology,4.7,0.5,No,75.8,8.8,Yes,4.0,3,6.9,9.5,Dorm,Yes,9,6,Auditory,7.1,100,UCI_0365,20,19,18,16,18,17,Psychology,Forensic Psychologist,4.813356405229975,0,2,1,10.0
STU00215,28,Other,Computer Science,5.567073263,3.3,No,67.4,7.5,No,3.94,7,4.9,13.8,Library,Yes,8,10,Kinesthetic,1.4,98,UCI_0365,20,18,19,14,18,16,Computer Science,Architect,2.8699027381651656,1,2,1,9.85
STU00216,23,Other,Business,1.9,1.0,No,49.9,8.6,Yes,3.59,1,4.9,5.6,Cafe,No,5,9,Reading,6.8,98,UCI_0172,13,15,15,17,16,18,Business,Legal Secretary,4.549595981246167,0,1,0,8.97
STU00217,24,Other,Biology,3.8,4.9,Yes,92.9,6.0,Yes,2.56,4,3.7,10.0,Dorm,Yes,7,10,Auditory,7.6,64,UCI_0049,15,15,14,11,12,13,Biology,Credit Analyst,2.5206107715699804,2,1,1,6.4
STU00218,25,Male,Computer Science,3.577465086,3.4,Yes,46.9,5.3,Yes,4.0,3,3.2,10.8,Cafe,No,7,10,Visual,5.1,100,UCI_0106,17,19,19,16,15,17,Computer Science,Graphic Designer,3.0575436520573818,0,4,0,10.0
STU00219,22,Other,Business,6.0,1.1,No,90.2,7.9,No,4.0,5,6.9,8.5,Quiet Room,No,7,5,Kinesthetic,2.8,100,UCI_0106,17,19,18,15,16,16,Business,Artist,2.637974867073095,1,0,0,10.0
STU00220,27,Female,Biology,1.9,2.6,No,52.9,4.5,No,2.67,4,5.4,7.4,Dorm,Yes,9,9,Kinesthetic,8.1,63,UCI_0017,13,14,14,13,13,14,Biology,Graphic Designer,2.533755363269708,2,2,0,6.67
STU00221,28,Female,Computer Science,2.763720965264197,4.5,Yes,41.6,7.6,Yes,3.77,2,2.9,8.0,Co-Learning Group,Yes,1,8,Kinesthetic,8.3,92,UCI_0106,16,17,17,17,17,15,Computer Science,Teacher,3.057460725418918,0,2,1,9.43
STU00222,26,Other,Psychology,4.8,0.3,No,59.3,7.9,No,3.81,5,5.1,10.5,Library,Yes,4,5,Kinesthetic,3.8,98,UCI_0106,16,18,18,17,15,15,Psychology,Risk Analyst,4.508443883940062,2,1,0,9.53
STU00223,26,Other,Arts,4.8,0.5,Yes,51.7,7.2,No,3.18,8,4.8,8.9,Dorm,No,6,9,Visual,8.0,84,UCI_0112,13,16,17,14,15,13,Arts,Industrial-Organizational Psychologist,3.045013588257845,2,4,0,7.95
STU00224,17,Male,Business,0.1,4.9,Yes,76.8,9.1,No,3.48,3,7.7,9.0,Co-Learning Group,No,7,10,Visual,9.1,82,UCI_0032,16,15,17,16,15,16,Business,Investment Banker,3.483914704214321,1,4,0,8.7
STU00225,23,Other,Arts,2.9,3.2,No,44.5,9.6,No,3.62,1,5.1,9.3,Quiet Room,Yes,3,10,Reading,7.1,89,UCI_0184,16,17,17,17,18,17,Arts,Aerospace Engineer,4.515997212203385,1,2,1,9.05
STU00226,23,Male,Computer Science,3.7829530853359192,1.5,Yes,73.8,6.0,Yes,2.93,1,7.4,7.4,Quiet Room,No,5,7,Visual,6.9,78,UCI_0061,10,11,11,17,16,16,Computer Science,Entrepreneur,3.4935564337922016,2,3,0,7.33
STU00227,19,Male,Computer Science,5.493040429260205,3.8,Yes,77.6,4.8,No,3.15,2,1.6,13.7,Quiet Room,Yes,3,10,Auditory,3.0,79,UCI_0052,10,12,14,17,15,16,Computer Science,Accountant,4.111724252615959,1,2,1,7.88
STU00228,20,Other,Psychology,5.0,3.6,Yes,65.0,8.4,Yes,4.0,5,3.7,11.9,Library,Yes,8,8,Kinesthetic,6.5,90,UCI_0106,16,18,18,17,17,17,Psychology,Physical Chemist,4.071719906605911,2,1,1,10.0
STU00229,27,Male,Computer Science,7.380418229523672,2.8,Yes,42.8,7.5,Yes,4.0,3,6.8,13.9,Library,Yes,3,10,Kinesthetic,2.1,100,UCI_0106,16,17,19,16,17,16,Computer Science,Software Developer,2.74345707,2,1,1,10.0
STU00230,23,Female,Computer Science,4.048095194718059,2.3,Yes,41.5,8.1,Yes,4.0,5,3.5,10.3,Quiet Room,No,3,5,Auditory,2.1,100,UCI_0106,17,18,19,17,15,16,Computer Science,Civil Engineer,4.998260105182285,1,1,0,10.0
STU00231,25,Female,Computer Science,6.792282963396122,1.1,Yes,69.8,7.6,No,3.76,5,6.4,9.6,Co-Learning Group,No,1,10,Reading,5.9,96,UCI_0106,16,19,19,17,16,16,Computer Science,Education Administrator,3.02856776801668,0,4,0,9.4
STU00232,20,Male,Biology,3.8,2.6,Yes,82.6,7.4,Yes,3.61,6,5.9,9.6,Quiet Room,Yes,7,10,Visual,6.5,93,UCI_0184,17,16,17,16,19,17,Biology,Software Developer,3.945362781044258,0,4,1,9.03
STU00233,27,Other,Business,4.8,0.2,Yes,51.5,5.7,No,3.23,3,3.8,10.3,Quiet Room,Yes,4,10,Kinesthetic,6.9,78,UCI_0110,16,18,18,11,12,13,Business,Quantum Physicist,2.501905780797728,1,0,0,8.07
STU00234,17,Other,Computer Science,5.497739420724487,2.6,Yes,94.8,8.5,Yes,3.2,8,3.8,9.5,Dorm,No,1,8,Auditory,9.5,91,UCI_0294,15,14,15,17,16,16,Computer Science,Conductor,2.5084784009790773,2,0,0,8.0
STU00235,20,Other,Business,3.0,2.5,No,62.3,8.8,No,3.13,5,4.9,7.2,Cafe,No,7,9,Reading,5.3,74,UCI_0302,14,13,14,16,17,17,Business,School Counselor,4.588548653607576,0,2,0,7.82
STU00236,27,Male,Biology,5.6,4.6,Yes,80.6,6.3,Yes,4.0,1,6.5,14.0,Library,Yes,9,10,Auditory,8.6,98,UCI_0106,17,19,18,16,16,15,Biology,Judge,4.047460557963639,1,3,1,10.0
STU00237,19,Female,Arts,1.6,3.4,Yes,70.1,6.2,Yes,4.0,8,5.0,7.7,Quiet Room,No,4,6,Auditory,4.3,98,UCI_0106,15,18,17,15,15,15,Arts,Art Director,4.381509089520489,2,1,0,10.0
STU00238,23,Other,Biology,5.8,3.0,No,98.1,7.5,No,2.9,3,4.6,13.5,Library,No,6,10,Kinesthetic,9.1,73,UCI_0142,17,17,15,13,13,13,Biology,Biochemist,4.990458316457069,2,2,0,7.25
STU00239,16,Other,Engineering,4.8,3.0,No,42.0,10.2,Yes,4.0,6,5.2,9.5,Co-Learning Group,No,3,10,Reading,5.9,100,UCI_0106,16,18,17,16,15,15,Engineering,Sound Engineer,3.3492748735029902,2,2,1,10.0
STU00240,24,Other,Biology,6.3,0.5,Yes,62.8,7.1,No,3.71,1,7.8,10.1,Quiet Room,Yes,3,7,Kinesthetic,4.4,86,UCI_0106,17,18,18,17,17,17,Biology,Astronomer,2.6094765946685325,0,3,0,9.28
STU00241,22,Other,Biology,1.6,2.0,Yes,67.4,7.2,Yes,2.84,7,2.9,8.4,Dorm,Yes,4,10,Kinesthetic,3.2,68,UCI_0293,15,14,14,14,15,15,Biology,Legal Consultant,2.6663651856338704,2,4,1,7.1
STU00242,27,Male,Business,3.5,0.2,Yes,90.3,6.4,Yes,4.0,7,6.6,7.8,Library,Yes,5,10,Reading,5.5,100,UCI_0106,17,18,19,17,16,17,Business,Interior Designer,4.2356868084064345,2,4,0,10.0
STU00243,24,Male,Engineering,4.9,1.9,No,98.8,9.3,No,4.0,5,4.9,11.7,Library,Yes,10,10,Kinesthetic,2.2,98,UCI_0106,16,19,17,17,16,17,Engineering,Artist,4.407767908088877,1,1,1,10.0
STU00244,19,Other,Computer Science,8.722044264668959,0.2,No,79.7,8.3,No,4.0,8,6.0,13.6,Quiet Room,No,2,5,Visual,1.9,100,UCI_0106,16,19,17,15,16,17,Computer Science,Construction Manager,4.630489520844587,2,4,1,10.0
STU00245,25,Other,Business,4.5,2.5,Yes,53.4,9.3,Yes,4.0,3,3.1,9.4,Quiet Room,No,10,10,Auditory,5.1,96,UCI_0106,17,18,18,16,17,16,Business,Art Therapist,3.272352428505497,0,1,0,10.0
STU00246,27,Male,Computer Science,3.959255786363235,0.3,No,64.3,7.6,Yes,4.0,2,1.0,6.7,Co-Learning Group,Yes,1,8,Auditory,4.4,94,UCI_0353,18,17,15,20,16,17,Computer Science,Cybersecurity Analyst,2.9880213618265152,1,1,1,10.0
STU00247,17,Male,Biology,1.4,2.9,Yes,66.4,8.6,Yes,4.0,5,4.2,5.7,Co-Learning Group,No,5,9,Reading,5.3,100,UCI_0353,19,17,17,20,17,18,Biology,Ecologist,4.712633820523917,2,0,0,10.0
STU00248,20,Female,Computer Science,2.755963227832833,1.9,Yes,53.3,8.1,No,2.87,1,7.9,9.0,Dorm,Yes,7,10,Visual,7.9,71,UCI_0333,9,10,10,14,14,16,Computer Science,Pharmacist,3.585599334970814,2,1,1,7.18
STU00249,25,Female,Psychology,2.0,2.7,Yes,97.0,6.9,No,4.0,2,6.3,7.2,Cafe,Yes,9,10,Kinesthetic,5.2,100,UCI_0353,17,15,15,19,18,19,Psychology,Biologist,4.477558906548616,1,4,1,10.0
STU00250,16,Male,Computer Science,5.727243775420449,4.0,Yes,54.9,6.2,No,3.71,5,5.0,13.2,Dorm,No,9,5,Kinesthetic,5.9,94,UCI_0353,18,17,17,20,17,17,Computer Science,Acoustics Specialist,4.328098288603821,0,0,1,9.28
STU00251,26,Female,Business,3.3,4.8,No,92.8,10.8,No,3.96,7,4.4,12.2,Library,No,8,10,Visual,6.3,98,UCI_0353,19,15,16,18,18,18,Business,Special Education Teacher,3.2309056096476128,1,0,0,9.9
STU00252,25,Male,Business,3.4,2.7,No,51.1,7.6,No,3.6,4,7.1,10.9,Quiet Room,Yes,6,5,Kinesthetic,9.1,86,UCI_0353,17,16,16,20,16,19,Business,Animator,3.906365108731226,1,4,0,9.0
STU00253,25,Female,Engineering,2.6,1.7,Yes,44.8,4.5,Yes,4.0,1,2.2,5.9,Co-Learning Group,Yes,9,7,Auditory,4.3,100,UCI_0353,18,17,15,18,16,18,Engineering,Chemical Engineer,3.961807613954933,1,4,0,10.0
STU00254,18,Other,Psychology,6.9,0.6,Yes,57.2,8.2,No,3.98,4,8.6,8.2,Quiet Room,No,7,6,Visual,3.7,100,UCI_0353,19,15,16,18,18,19,Psychology,Curriculum Developer,4.671731839616639,0,3,0,9.95
STU00255,21,Female,Business,4.3,3.4,No,54.6,7.5,No,3.61,4,4.6,10.9,Co-Learning Group,No,5,10,Kinesthetic,3.9,95,UCI_0248,18,18,18,15,16,16,Business,Dentist,3.711641743203363,2,2,0,9.03
STU00256,21,Other,Arts,5.0,2.6,No,45.2,8.1,Yes,3.48,4,4.9,13.3,Cafe,Yes,10,10,Auditory,4.5,82,UCI_0043,19,19,17,15,16,16,Arts,Entrepreneur,3.130623595701958,1,3,1,8.7
STU00257,21,Female,Biology,5.6,1.6,No,84.7,5.4,Yes,4.0,1,5.6,8.5,Library,No,3,10,Visual,6.0,95,UCI_0353,18,17,16,18,18,17,Biology,Dentist,4.614554216012668,0,1,0,10.0
STU00258,24,Other,Computer Science,8.119921062656434,1.2,Yes,58.8,4.0,No,4.0,3,4.9,12.9,Dorm,Yes,3,10,Kinesthetic,6.9,96,UCI_0353,17,16,15,20,17,17,Computer Science,Inorganic Chemist,2.725244327920346,0,4,0,10.0
STU00259,19,Female,Computer Science,4.194081141364887,2.0,No,58.4,5.8,No,4.0,8,6.6,8.4,Co-Learning Group,Yes,4,9,Visual,3.0,94,UCI_0353,19,16,15,20,17,17,Computer Science,Legal Analyst,3.026830237100377,2,3,1,10.0
STU00260,22,Other,Computer Science,8.869835956236118,0.6,Yes,82.4,6.6,Yes,4.0,8,1.0,13.7,Co-Learning Group,No,5,10,Reading,4.0,100,UCI_0353,19,16,17,20,17,19,Computer Science,Nuclear Physicist,4.064903353107168,1,1,0,10.0
STU00261,23,Other,Biology,6.0,4.5,Yes,88.5,10.7,No,4.0,5,4.2,12.5,Cafe,No,4,10,Kinesthetic,3.8,97,UCI_0353,17,15,16,20,17,18,Biology,Fluid Mechanics Engineer,3.5613173083902376,0,3,0,10.0
STU00262,16,Male,Computer Science,1.3120827918530074,3.0,Yes,57.8,6.0,No,3.74,5,1.7,6.3,Co-Learning Group,No,3,10,Auditory,7.7,92,UCI_0353,19,17,17,18,18,18,Computer Science,Musician,4.096015183480569,0,3,0,9.35
STU00263,27,Other,Biology,3.9,4.4,Yes,91.4,5.2,Yes,3.82,7,5.0,10.1,Cafe,No,8,6,Auditory,2.2,95,UCI_0353,18,16,15,18,17,19,Biology,Legal Secretary,3.7378166513282594,2,0,0,9.55
STU00264,22,Female,Biology,4.3,2.5,Yes,98.2,7.4,Yes,2.96,3,9.6,11.4,Dorm,No,8,8,Kinesthetic,3.5,73,UCI_0339,13,13,14,14,16,17,Biology,Market Research Analyst,2.680021763397304,2,3,0,7.4
STU00265,22,Female,Biology,2.9,2.5,Yes,85.2,7.4,No,3.51,8,7.9,8.9,Library,Yes,6,5,Auditory,6.2,94,UCI_0296,15,15,15,17,18,18,Biology,Industrial-Organizational Psychologist,3.5391153755104576,1,4,0,8.77
STU00266,19,Other,Arts,5.3,1.0,No,81.0,5.9,No,3.16,4,9.2,7.9,Cafe,Yes,5,10,Visual,7.7,86,UCI_0228,15,16,15,17,19,17,Arts,AI Researcher,3.192189660391992,2,0,0,7.9
STU00267,22,Female,Biology,2.7,4.6,Yes,89.9,7.0,Yes,3.93,8,3.2,8.7,Library,No,9,10,Visual,8.7,100,UCI_0353,19,16,17,19,16,19,Biology,Entrepreneur,2.505106671379928,0,3,0,9.83
STU00268,26,Other,Engineering,0.6,4.4,No,63.6,8.6,Yes,3.26,6,7.2,8.2,Co-Learning Group,No,5,5,Visual,5.5,73,UCI_0224,16,16,17,13,13,14,Engineering,Aerospace Engineer,3.641574903796407,1,0,0,8.15
STU00269,25,Other,Engineering,3.3,0.6,No,41.9,6.4,Yes,4.0,5,6.6,5.9,Cafe,Yes,10,10,Auditory,5.0,100,UCI_0353,18,15,15,19,16,19,Engineering,Mechanical Engineer,4.697336670970671,2,0,1,10.0
STU00270,28,Male,Computer Science,3.827676101,0.7,Yes,77.0,8.6,No,3.8,8,4.8,5.4,Dorm,No,1,10,Kinesthetic,5.5,88,UCI_0172,14,16,17,16,16,18,Computer Science,Actuary,3.217536556,2,3,0,9.5
STU00271,28,Female,Arts,2.9,4.3,No,57.0,7.7,Yes,3.8,7,5.2,11.2,Quiet Room,Yes,5,10,Kinesthetic,6.6,93,UCI_0172,13,16,15,16,17,17,Arts,Investment Banker,3.434889102231419,0,3,1,9.5
STU00272,23,Other,Engineering,2.6,1.2,Yes,94.9,5.4,Yes,2.76,2,5.3,5.3,Dorm,No,10,5,Visual,8.3,69,UCI_0177,13,13,11,13,12,14,Engineering,Biochemist,4.150524823198438,0,4,0,6.9
STU00273,21,Female,Psychology,6.6,2.4,No,93.0,5.6,Yes,4.0,8,5.5,13.0,Co-Learning Group,Yes,3,10,Reading,4.2,97,UCI_0172,13,14,15,16,16,18,Psychology,Curriculum Developer,4.0003294672906335,1,2,0,10.0
STU00274,16,Male,Psychology,4.1,3.7,No,60.9,7.1,No,2.53,5,8.5,10.6,Quiet Room,No,9,10,Reading,3.9,60,UCI_0030,10,12,11,12,11,12,Psychology,Inorganic Chemist,3.8465138,2,1,1,6.32
STU00275,28,Male,Business,0.0,3.9,No,42.5,6.6,Yes,3.35,7,6.7,6.9,Cafe,Yes,3,10,Reading,1.5,94,UCI_0066,16,16,15,17,15,16,Business,Inorganic Chemist,3.7507428648522554,1,3,1,8.38
STU00276,22,Male,Arts,3.8,4.2,No,64.0,7.2,Yes,2.23,7,6.1,11.6,Dorm,No,1,10,Reading,3.3,53,UCI_0362,14,12,12,9,10,10,Arts,Industrial-Organizational Psychologist,3.585981042,2,0,1,5.58
STU00277,20,Male,Psychology,6.7,3.2,No,83.7,7.7,Yes,3.74,2,4.8,11.4,Quiet Room,No,8,6,Kinesthetic,7.9,84,UCI_0172,14,16,17,17,17,18,Psychology,Lawyer,3.9869650230329774,2,3,0,9.35
STU00278,16,Other,Biology,0.7,1.9,Yes,70.9,6.3,No,3.31,1,4.5,6.5,Co-Learning Group,Yes,9,10,Visual,8.9,80,UCI_0168,13,15,17,17,16,18,Biology,Market Research Analyst,4.182769085036258,2,1,0,8.28
STU00279,26,Other,Psychology,5.1,0.1,Yes,91.8,8.1,No,4.0,4,4.4,8.6,Dorm,Yes,1,10,Kinesthetic,3.9,96,UCI_0172,12,16,17,15,17,19,Psychology,Civil Engineer,4.7620916709206895,0,3,0,10.0
STU00280,26,Male,Computer Science,7.682155694733599,5.0,Yes,89.8,7.7,No,4.0,6,5.6,17.2,Dorm,Yes,7,9,Reading,6.9,100,UCI_0172,14,14,16,16,17,17,Computer Science,Advertising Manager,2.5095781092905565,2,3,1,10.0
STU00281,26,Female,Arts,6.4,1.4,No,85.7,6.4,No,3.92,1,9.4,10.4,Quiet Room,No,8,10,Reading,5.9,94,UCI_0172,12,16,15,15,16,17,Arts,Inorganic Chemist,2.871241435540828,0,1,1,9.8
STU00282,20,Male,Biology,4.5,0.8,No,99.1,6.2,Yes,3.15,1,7.8,9.5,Quiet Room,Yes,6,7,Reading,9.5,83,UCI_0089,13,14,14,15,15,15,Biology,Judge,4.911212176347732,1,0,0,7.88
STU00283,24,Male,Engineering,0.5,2.4,Yes,73.0,7.9,No,2.68,1,3.4,6.7,Cafe,No,4,10,Auditory,8.5,57,UCI_0260,11,11,11,11,13,14,Engineering,School Psychologist,3.435443378454978,1,2,1,6.7
STU00284,27,Female,Engineering,7.7,0.8,No,48.6,8.6,Yes,4.0,6,5.9,12.3,Quiet Room,No,10,10,Reading,3.8,98,UCI_0172,14,14,15,15,17,17,Engineering,Physician Assistant,3.128428314,2,0,0,10.0
STU00285,19,Male,Arts,6.6,1.7,No,90.0,7.5,No,3.96,1,5.6,12.8,Quiet Room,Yes,4,10,Visual,1.4,100,UCI_0172,14,15,17,16,17,19,Arts,Electrical Engineer,3.551236915549618,1,4,0,9.9
STU00286,24,Male,Psychology,5.4,1.3,No,97.8,6.2,Yes,4.0,7,6.6,11.9,Library,No,9,7,Reading,2.4,97,UCI_0172,13,16,17,16,18,17,Psychology,Teacher,4.566338664638026,0,4,0,10.0
STU00287,26,Other,Biology,5.9,3.3,No,89.7,4.8,No,3.52,3,4.8,12.8,Quiet Room,No,9,7,Auditory,1.8,95,UCI_0184,17,18,16,18,18,16,Biology,Digital Marketing Specialist,4.63885157,2,1,1,8.8
STU00288,18,Female,Biology,7.3,2.7,No,83.2,7.5,No,4.0,2,5.6,15.3,Co-Learning Group,Yes,7,10,Auditory,5.8,100,UCI_0172,12,15,15,15,17,18,Biology,Biomedical Engineer,3.9120118362248153,2,2,0,10.0
STU00289,28,Male,Psychology,5.0,1.3,Yes,57.3,8.8,Yes,4.0,8,3.8,9.4,Dorm,Yes,9,6,Reading,1.9,100,UCI_0172,12,16,17,16,18,18,Psychology,Illustrator,3.047350391087656,1,1,0,10.0
STU00290,21,Other,Business,0.9,2.6,No,64.5,8.6,No,3.84,6,4.9,7.2,Cafe,Yes,1,6,Visual,5.9,100,UCI_0172,12,14,17,17,18,17,Business,Counselor,3.9954379814923926,2,4,0,9.6
STU00291,20,Other,Arts,3.8,1.7,Yes,98.2,5.9,Yes,3.08,5,3.5,6.7,Dorm,No,4,8,Kinesthetic,2.3,79,UCI_0089,12,13,13,15,14,16,Arts,Forensic Psychologist,4.3782785977003575,1,0,1,7.7
STU00292,24,Other,Arts,3.2,4.7,Yes,42.6,7.5,No,4.0,1,8.0,10.4,Co-Learning Group,Yes,1,5,Reading,1.2,100,UCI_0172,13,14,16,17,16,17,Arts,Microbiologist,3.721568266675397,1,1,0,10.0
STU00293,26,Female,Arts,4.5,0.6,No,66.4,4.0,No,3.67,3,4.7,10.1,Co-Learning Group,Yes,10,10,Kinesthetic,6.7,93,UCI_0172,14,14,16,16,18,17,Arts,Electrical Engineer,3.597541966,1,3,1,9.18
STU00294,27,Female,Engineering,5.6,2.4,Yes,44.7,5.3,No,3.96,1,4.6,10.4,Library,No,10,10,Visual,3.0,99,UCI_0184,17,18,17,16,19,16,Engineering,Teacher,2.554336864641088,1,2,0,9.9
STU00295,28,Male,Computer Science,6.579106125,1.0,Yes,90.5,5.0,Yes,3.8,4,4.4,10.6,Dorm,Yes,5,6,Visual,4.9,86,UCI_0184,16,17,16,17,17,16,Computer Science,Lawyer,3.384124871500285,1,2,0,9.5
STU00296,16,Male,Psychology,7.1,4.0,No,45.3,8.0,Yes,3.47,4,8.8,12.8,Quiet Room,No,10,9,Visual,6.7,84,UCI_0336,16,15,15,16,16,17,Psychology,Animator,3.391006892846767,2,1,1,8.68
STU00297,27,Other,Engineering,8.3,4.5,Yes,43.4,5.8,Yes,3.28,6,1.9,18.1,Co-Learning Group,Yes,4,10,Visual,4.8,84,UCI_0259,14,12,13,14,15,17,Engineering,Animator,2.8305662125508566,1,1,1,8.2
STU00298,22,Male,Computer Science,4.614442097296423,0.5,No,71.3,6.3,Yes,4.0,4,5.8,8.7,Library,No,6,10,Reading,4.9,100,UCI_0184,16,18,16,16,17,17,Computer Science,School Counselor,3.316301936980407,2,0,0,10.0
STU00299,22,Other,Psychology,3.8,3.5,Yes,47.0,10.3,No,3.73,8,2.7,10.2,Co-Learning Group,No,4,6,Auditory,4.4,92,UCI_0184,15,17,16,16,18,17,Psychology,Art Therapist,3.4516456210157016,1,1,0,9.32
STU00300,24,Female,Biology,0.0,0.9,No,52.6,6.2,Yes,2.7,4,7.3,4.2,Dorm,No,6,10,Visual,5.0,67,UCI_0235,14,13,13,13,13,14,Biology,Market Research Analyst,2.626020329769576,1,4,0,6.75
STU00301,25,Female,Engineering,3.0,0.6,No,93.8,6.1,No,4.0,6,5.3,5.3,Co-Learning Group,Yes,7,10,Auditory,5.9,95,UCI_0184,17,17,18,17,17,16,Engineering,Marketing Manager,3.585274890708772,0,2,0,10.0
STU00302,23,Male,Psychology,3.2,1.5,Yes,80.6,7.9,No,4.0,5,4.8,8.2,Co-Learning Group,No,5,10,Auditory,6.3,100,UCI_0184,15,17,16,18,18,18,Psychology,Legal Consultant,2.5771647378182365,0,2,0,10.0
STU00303,26,Female,Business,5.2,5.0,Yes,96.9,8.0,No,4.0,6,4.9,11.9,Cafe,No,5,9,Reading,4.0,98,UCI_0184,17,17,16,18,17,16,Business,Actuary,2.5988038928059747,0,0,1,10.0
STU00304,17,Female,Arts,0.5,4.4,No,86.5,7.2,Yes,4.0,1,3.5,7.3,Library,No,10,6,Visual,5.9,95,UCI_0184,17,17,16,17,18,18,Arts,Composer,3.860929476125166,1,3,1,10.0
STU00305,28,Other,Arts,2.1,0.5,No,90.3,8.1,No,3.94,5,8.1,6.3,Library,No,5,10,Kinesthetic,9.6,100,UCI_0184,17,16,16,17,17,16,Arts,Industrial-Organizational Psychologist,3.795421658258971,0,2,1,9.85
STU00306,18,Female,Engineering,6.0,0.7,No,63.5,4.0,No,4.0,5,3.0,8.9,Quiet Room,No,5,10,Visual,3.0,100,UCI_0184,15,16,18,16,17,18,Engineering,Interior Designer,2.5298163679225567,1,2,1,10.0
STU00307,19,Male,Computer Science,1.6561336725955669,1.4,No,69.9,5.2,No,4.0,7,2.6,7.7,Cafe,Yes,10,9,Kinesthetic,4.3,97,UCI_0184,15,18,16,16,17,18,Computer Science,Nuclear Physicist,3.865452071155014,2,3,1,10.0
STU00308,17,Female,Biology,6.0,2.2,Yes,95.3,7.3,Yes,3.67,1,6.7,10.8,Library,No,2,7,Visual,8.1,92,UCI_0248,18,17,17,15,15,16,Biology,Architectural Technologist,3.632142966577288,1,0,0,9.18
STU00309,28,Female,Arts,0.0,0.6,Yes,80.3,4.6,No,2.73,8,4.0,5.2,Dorm,Yes,10,10,Visual,4.0,65,UCI_0231,12,10,12,15,15,16,Arts,Social Media Manager,3.0728639890808296,0,0,1,6.83
STU00310,21,Male,Business,2.0,2.2,No,86.5,5.6,No,3.15,3,5.5,7.2,Library,Yes,9,9,Reading,4.5,74,UCI_0308,17,17,17,15,15,15,Business,Musician,4.551546351558858,0,3,1,7.88
STU00311,24,Female,Biology,6.2,1.1,No,47.1,5.7,No,3.6,6,1.0,10.7,Dorm,No,2,8,Reading,9.7,87,UCI_0200,17,19,19,15,16,15,Biology,Curriculum Developer,3.497246195531048,0,0,1,9.0
STU00312,17,Other,Arts,5.8,2.0,No,52.8,7.4,No,4.0,6,3.6,10.0,Dorm,Yes,8,10,Reading,9.3,98,UCI_0184,15,16,18,17,18,18,Arts,Judge,4.403881828897793,2,3,0,10.0
STU00313,24,Female,Business,5.0,1.5,Yes,80.9,5.9,Yes,4.0,7,2.9,8.4,Cafe,No,8,7,Reading,6.5,100,UCI_0184,16,18,18,16,18,18,Business,Advertising Manager,2.890194726,2,2,1,10.0
STU00314,17,Female,Arts,5.7,3.5,No,40.7,8.9,Yes,4.0,6,4.1,13.8,Quiet Room,No,9,9,Auditory,4.6,96,UCI_0184,17,16,16,17,19,16,Arts,Game Developer,4.543993395432022,0,0,1,10.0
STU00315,19,Male,Psychology,3.0,4.6,Yes,51.1,5.7,No,4.0,1,4.5,11.3,Cafe,No,9,5,Kinesthetic,5.9,95,UCI_0184,16,16,16,17,18,17,Psychology,Mechanical Engineer,3.192277226820485,1,2,1,10.0
STU00316,21,Male,Biology,3.9,1.1,Yes,51.5,6.5,No,2.68,5,2.9,6.8,Library,No,7,10,Kinesthetic,8.8,68,UCI_0040,15,12,14,13,14,12,Biology,Architect,4.360984750580078,2,4,0,6.7
STU00317,25,Male,Arts,4.6,2.2,No,60.6,6.2,Yes,4.0,5,6.7,11.2,Co-Learning Group,No,4,5,Kinesthetic,8.8,100,UCI_0200,18,17,19,13,15,17,Arts,Paralegal,2.6213899958507763,0,0,1,10.0
STU00318,16,Female,Business,2.5,4.1,No,40.8,5.7,Yes,3.76,2,8.9,8.1,Library,No,10,10,Auditory,4.7,95,UCI_0200,19,19,17,15,16,15,Business,Entrepreneur,3.953568069049765,0,1,1,9.4
STU00319,23,Female,Arts,4.5,1.6,Yes,94.7,6.9,Yes,4.0,6,4.0,8.0,Library,Yes,8,10,Visual,1.0,100,UCI_0200,17,19,17,14,14,15,Arts,Architect,4.242594005,1,4,0,10.0
STU00320,19,Other,Business,4.1,3.6,No,88.1,4.8,Yes,2.94,1,9.9,9.0,Dorm,Yes,10,10,Visual,4.0,74,UCI_0224,15,17,18,12,12,15,Business,Brand Manager,3.974642206048773,1,4,1,7.35
STU00321,24,Male,Psychology,3.4,2.7,Yes,88.8,7.8,Yes,3.48,3,7.6,10.1,Co-Learning Group,Yes,8,10,Kinesthetic,4.7,89,UCI_0370,14,15,13,16,19,18,Psychology,Education Administrator,3.796603295586592,2,1,1,8.7
STU00322,27,Other,Biology,0.5,2.8,Yes,86.3,8.2,Yes,3.35,8,6.7,7.0,Cafe,Yes,2,10,Auditory,1.6,89,UCI_0276,16,14,14,16,16,18,Biology,Art Therapist,2.6744847579930138,2,0,0,8.38
STU00323,16,Male,Engineering,4.1,2.7,No,69.5,4.5,Yes,2.97,4,2.6,8.0,Dorm,Yes,10,6,Auditory,2.5,78,UCI_0060,14,17,16,16,14,16,Engineering,Microbiologist,3.8935180066637822,2,1,1,7.43
STU00324,27,Other,Computer Science,2.5770936759637237,1.5,Yes,75.2,7.2,Yes,4.0,6,6.2,9.4,Dorm,Yes,2,9,Visual,7.2,100,UCI_0200,17,17,19,13,15,16,Computer Science,Ecologist,3.879674951879985,1,1,1,10.0
STU00325,19,Female,Arts,4.1,3.3,No,89.7,6.8,Yes,4.0,3,7.5,9.9,Co-Learning Group,Yes,4,10,Visual,1.7,100,UCI_0200,17,17,18,14,16,17,Arts,Organic Chemist,3.092197583681473,2,2,0,10.0
STU00326,26,Female,Computer Science,5.189548900997078,3.5,No,77.8,8.2,Yes,4.0,7,3.8,11.1,Co-Learning Group,No,6,10,Auditory,3.3,100,UCI_0200,17,17,17,14,14,15,Computer Science,Urban Planner,4.459336283927709,0,4,1,10.0
STU00327,24,Other,Psychology,5.6,0.4,Yes,45.1,5.3,No,4.0,5,3.8,7.2,Library,No,7,6,Kinesthetic,9.4,94,UCI_0200,19,19,19,13,15,16,Psychology,Social Media Manager,4.030077832537677,0,1,1,10.0
STU00328,19,Male,Business,8.2,3.6,Yes,45.1,5.8,No,4.0,2,3.1,12.4,Co-Learning Group,No,9,7,Auditory,7.7,100,UCI_0200,17,18,18,14,16,17,Business,Sound Engineer,4.023065511103965,1,4,1,10.0
STU00329,28,Female,Computer Science,3.850292967063672,3.8,Yes,87.3,10.1,No,3.66,8,8.0,11.2,Quiet Room,No,9,10,Visual,3.6,94,UCI_0248,19,19,18,14,17,17,Computer Science,Web Developer,4.065320965477914,0,1,0,9.15
STU00330,18,Female,Biology,5.2,2.5,No,65.1,7.6,Yes,3.76,5,5.8,10.0,Co-Learning Group,Yes,10,5,Visual,5.2,96,UCI_0200,19,17,18,15,15,17,Biology,Digital Marketing Specialist,3.475354387374594,1,1,1,9.4
STU00331,23,Female,Biology,5.4,3.9,Yes,69.8,7.6,No,3.29,1,3.4,10.5,Co-Learning Group,Yes,9,10,Visual,5.4,89,UCI_0112,13,16,16,15,15,14,Biology,Urban Planner,3.055056523262677,1,0,0,8.22
STU00332,23,Other,Computer Science,3.284470233050905,1.8,No,45.2,8.1,No,3.41,8,5.2,9.9,Cafe,No,5,6,Visual,2.3,86,UCI_0248,17,19,19,15,16,15,Computer Science,Paralegal,2.5356699787629964,0,2,1,8.53
STU00333,20,Female,Psychology,8.0,0.5,Yes,42.8,6.6,Yes,4.0,2,6.0,13.5,Library,No,2,10,Auditory,5.9,100,UCI_0200,19,18,17,14,16,15,Psychology,Counselor,4.320025626181323,2,3,0,10.0
STU00334,19,Male,Arts,1.9,0.2,Yes,49.8,7.2,Yes,3.55,6,5.0,6.2,Library,Yes,6,10,Visual,4.0,90,UCI_0370,16,13,15,18,19,20,Arts,School Psychologist,3.4383920716037144,2,4,0,8.88
STU00335,16,Male,Computer Science,8.318317173558775,0.2,Yes,83.4,4.0,No,3.66,3,7.6,12.0,Cafe,Yes,1,9,Reading,2.6,90,UCI_0200,17,18,18,15,16,16,Computer Science,Pharmacist,2.570033964053364,0,3,1,9.15
STU00336,20,Female,Arts,4.5,4.2,Yes,75.7,8.3,Yes,2.98,4,5.1,11.6,Co-Learning Group,No,10,10,Auditory,5.4,79,UCI_0317,12,14,15,17,17,18,Arts,School Psychologist,3.159279359065541,2,4,1,7.45
STU00337,20,Female,Business,3.7,0.0,No,78.1,4.5,Yes,4.0,7,3.6,8.7,Cafe,No,6,10,Visual,3.3,97,UCI_0200,18,19,18,15,16,16,Business,Chemical Engineer,4.801375087,0,4,1,10.0
STU00338,24,Female,Arts,0.0,4.0,Yes,57.2,7.1,No,2.33,5,7.4,8.7,Dorm,No,3,9,Reading,6.9,52,UCI_0027,12,12,11,11,12,12,Arts,Cybersecurity Analyst,4.744084755395605,1,0,1,5.83
STU00339,16,Male,Arts,4.3,3.5,No,42.4,7.2,Yes,3.62,8,2.5,9.2,Library,No,9,10,Visual,2.4,99,UCI_0200,19,19,19,15,16,17,Arts,Legal Analyst,4.402460665635353,0,0,1,9.05
STU00340,23,Male,Business,1.5,0.4,Yes,63.1,6.1,Yes,4.0,6,1.4,3.4,Quiet Room,Yes,10,9,Reading,2.5,98,UCI_0200,18,17,17,13,15,17,Business,Fluid Mechanics Engineer,4.966754439257407,1,4,1,10.0
STU00341,22,Male,Business,6.3,3.3,No,61.2,5.7,No,3.84,7,1.0,12.5,Co-Learning Group,Yes,9,5,Visual,5.6,92,UCI_0248,18,17,17,16,17,16,Business,Fluid Mechanics Engineer,3.8201021148547007,0,3,1,9.6
STU00342,26,Male,Business,6.7,3.9,No,70.5,7.8,No,4.0,8,2.2,12.6,Library,Yes,6,6,Reading,5.8,100,UCI_0248,19,19,19,16,16,16,Business,Illustrator,4.332574438066584,1,0,1,10.0
STU00343,22,Other,Computer Science,1.5566789946454525,0.8,No,69.7,7.3,Yes,3.58,7,4.5,3.7,Co-Learning Group,Yes,1,10,Auditory,4.4,90,UCI_0263,16,18,18,15,15,15,Computer Science,Financial Analyst,4.075345160360156,2,0,0,8.95
STU00344,24,Other,Psychology,3.0,2.3,Yes,40.3,6.6,Yes,2.73,6,8.2,9.1,Dorm,Yes,8,5,Visual,9.4,66,UCI_0196,13,14,14,13,12,12,Psychology,Physician Assistant,4.910993088926731,0,1,0,6.83
STU00345,24,Male,Biology,4.4,1.1,Yes,62.0,6.9,No,3.96,1,2.5,9.4,Cafe,Yes,8,6,Kinesthetic,9.6,95,UCI_0248,17,18,18,16,16,16,Biology,Illustrator,3.320373672023996,0,2,1,9.9
STU00346,26,Male,Psychology,2.5,4.7,Yes,80.4,5.1,Yes,3.31,7,5.7,11.0,Quiet Room,Yes,8,6,Reading,5.1,78,UCI_0197,14,15,15,14,15,16,Psychology,Biotechnologist,4.5077066866698345,2,2,0,8.28
STU00347,23,Male,Arts,4.0,4.1,No,68.6,5.7,No,3.43,2,4.5,9.4,Co-Learning Group,Yes,7,8,Visual,3.1,86,UCI_0228,16,15,15,17,19,16,Arts,Marketing Manager,4.7625814768657175,0,1,1,8.58
STU00348,26,Other,Biology,4.9,4.2,Yes,88.2,8.8,No,4.0,3,5.1,12.7,Quiet Room,No,6,10,Auditory,9.4,100,UCI_0248,17,17,17,16,15,16,Biology,School Counselor,3.0524746926486475,2,3,0,10.0
STU00349,20,Other,Arts,5.4,4.2,Yes,99.2,5.8,Yes,3.72,5,6.0,11.8,Co-Learning Group,Yes,8,10,Visual,9.0,89,UCI_0248,17,19,19,14,15,15,Arts,Zoologist,4.642116139781699,1,0,1,9.3
STU00350,28,Male,Biology,4.2,0.1,No,62.9,7.7,No,4.0,6,4.4,8.3,Library,Yes,1,10,Reading,3.3,100,UCI_0248,18,19,18,16,16,15,Biology,Advertising Manager,2.721694737771547,2,1,0,10.0
STU00351,18,Other,Engineering,5.5,2.2,No,42.2,6.9,No,4.0,5,1.0,11.4,Library,No,4,10,Visual,1.3,100,UCI_0248,18,17,19,14,16,16,Engineering,Composer,3.4499072001015927,2,2,1,10.0
STU00352,19,Other,Computer Science,5.542871539891594,4.7,Yes,75.3,7.4,No,4.0,4,2.7,13.3,Cafe,Yes,7,10,Visual,3.6,100,UCI_0248,17,18,18,14,15,15,Computer Science,Risk Analyst,4.709117821825675,2,1,0,10.0
STU00353,21,Female,Computer Science,4.029586080140656,0.1,Yes,71.1,6.4,Yes,3.0,8,6.6,8.3,Library,No,7,6,Auditory,2.2,78,UCI_0242,12,12,12,15,15,15,Computer Science,Pharmacist,4.998176966710313,0,2,0,7.5
STU00354,21,Other,Engineering,1.9,1.1,No,92.2,7.0,No,3.7,2,5.7,4.4,Dorm,Yes,1,5,Visual,9.9,88,UCI_0248,18,17,19,14,16,17,Engineering,Chemist,2.5861201736647126,2,0,1,9.25
STU00355,27,Other,Psychology,2.4,0.1,No,70.0,4.4,Yes,3.46,5,5.9,4.9,Co-Learning Group,Yes,1,10,Auditory,6.3,88,UCI_0113,19,18,18,12,13,13,Psychology,Web Developer,3.4306108009861997,0,2,1,8.65
STU00356,22,Male,Engineering,5.7,4.9,No,76.9,8.2,No,3.93,5,6.9,14.8,Dorm,Yes,7,8,Visual,1.0,100,UCI_0248,17,19,17,16,17,17,Engineering,Biochemist,4.017911139399084,0,2,1,9.83
STU00357,17,Male,Biology,4.4,0.9,No,76.9,6.7,Yes,4.0,1,1.0,9.6,Co-Learning Group,Yes,8,9,Auditory,7.4,100,UCI_0248,17,19,18,16,16,17,Biology,Astronomer,2.622861281473437,1,4,1,10.0
STU00358,21,Female,Biology,6.4,1.8,Yes,93.1,9.6,No,3.1,1,4.8,10.8,Quiet Room,No,1,10,Auditory,5.8,82,UCI_0170,14,14,14,16,16,17,Biology,Financial Analyst,2.8253727302701828,1,1,1,7.75
STU00359,23,Female,Business,6.6,2.3,Yes,93.5,8.4,Yes,4.0,8,7.8,13.3,Library,Yes,10,9,Visual,2.3,100,UCI_0248,17,18,17,16,15,15,Business,Market Research Analyst,3.110637464320054,0,2,1,10.0
STU00360,19,Female,Biology,8.9,4.7,Yes,87.1,7.4,Yes,4.0,7,6.9,16.3,Library,Yes,6,10,Kinesthetic,2.6,95,UCI_0248,18,18,17,16,17,17,Biology,Actuary,4.142804960514647,2,2,1,10.0
STU00361,20,Male,Computer Science,3.257652171196162,3.1,Yes,68.3,9.0,Yes,4.0,6,7.6,10.9,Co-Learning Group,Yes,4,8,Reading,2.7,100,UCI_0248,18,18,18,15,15,15,Computer Science,Counselor,4.265783654942947,1,0,0,10.0
STU00362,17,Female,Arts,5.0,3.9,No,94.6,7.2,Yes,2.9,5,5.4,9.6,Library,Yes,8,10,Reading,4.6,74,UCI_0252,13,15,15,11,12,11,Arts,Animator,4.895609522569874,1,0,0,7.25
STU00363,28,Male,Business,2.4,0.7,No,92.5,7.2,Yes,3.26,2,2.1,5.2,Dorm,No,2,10,Kinesthetic,3.0,73,UCI_0224,15,15,18,13,13,14,Business,Ecologist,4.1681424447576365,1,2,1,8.15
STU00364,20,Female,Psychology,4.4,4.6,No,46.6,6.5,Yes,3.26,1,6.5,10.3,Cafe,Yes,8,9,Kinesthetic,7.1,77,UCI_0037,16,15,19,14,15,14,Psychology,Architect,3.241634146750521,1,1,0,8.15
STU00365,18,Female,Engineering,6.3,1.2,Yes,71.1,5.0,No,2.92,2,7.4,9.5,Cafe,Yes,4,10,Visual,8.7,71,UCI_0035,12,14,15,12,12,12,Engineering,Biochemist,4.017911139399084,0,2,1,7.3
STU00366,24,Female,Business,1.5,4.2,No,72.4,8.2,No,3.06,1,5.9,10.3,Cafe,Yes,6,10,Auditory,3.2,87,UCI_0294,14,14,14,16,17,18,Business,Manager,3.636539389424093,1,1,0,7.65
STU00367,17,Other,Biology,5.3,1.5,Yes,68.2,8.9,Yes,3.66,7,6.7,9.2,Library,No,4,7,Kinesthetic,2.5,92,UCI_0168,14,14,15,18,18,17,Biology,Surgeon,4.511996900790697,0,0,1,9.15
STU00368,19,Male,Biology,5.1,4.5,Yes,83.8,7.2,No,4.0,1,4.7,11.5,Library,No,9,10,Kinesthetic,3.3,96,UCI_0168,14,14,15,18,17,17,Biology,Graphic Designer,4.958107163843589,1,0,0,10.0
STU00369,16,Other,Arts,9.4,4.5,Yes,41.2,6.6,No,4.0,3,7.2,16.3,Dorm,No,4,6,Reading,8.3,97,UCI_0168,14,15,15,17,16,17,Arts,Musician,3.787012172955998,1,3,1,10.0
STU00370,18,Female,Psychology,4.5,4.4,Yes,64.9,7.6,No,4.0,8,1.9,13.2,Cafe,No,5,10,Visual,1.2,100,UCI_0168,15,16,15,18,17,19,Psychology,Analytical Chemist,3.6196451310873456,0,2,1,10.0
STU00371,22,Female,Psychology,0.1,2.4,Yes,90.8,6.4,Yes,2.91,2,9.1,4.8,Dorm,Yes,6,10,Reading,5.9,77,UCI_0058,14,15,15,16,14,15,Psychology,Investment Banker,4.422308332569629,1,2,0,7.28
STU00372,16,Male,Psychology,5.1,0.2,Yes,60.2,5.5,Yes,3.81,7,5.8,8.9,Cafe,No,1,10,Kinesthetic,6.7,96,UCI_0168,13,14,15,16,18,17,Psychology,Fluid Mechanics Engineer,3.839942822765151,1,1,1,9.53
STU00373,20,Male,Business,0.0,4.0,No,81.4,6.9,No,2.97,1,4.6,6.3,Co-Learning Group,Yes,3,10,Auditory,3.6,79,UCI_0060,14,17,15,16,14,16,Business,Musician,4.931258144625964,1,4,0,7.43
STU00374,28,Other,Computer Science,6.833203133783797,2.1,No,83.1,7.7,Yes,3.38,1,2.9,10.0,Library,No,7,10,Reading,8.0,86,UCI_0060,15,16,16,17,15,16,Computer Science,Marketing Manager,4.582675208617764,1,2,1,8.45
STU00375,22,Male,Biology,3.9,2.8,No,83.7,7.9,Yes,4.0,1,2.5,9.7,Quiet Room,No,10,8,Reading,8.6,100,UCI_0168,13,15,15,16,18,17,Biology,Advertising Manager,4.844593062831166,0,4,0,10.0
STU00376,20,Male,Psychology,0.0,4.1,No,85.7,7.0,Yes,4.0,6,1.0,6.5,Co-Learning Group,Yes,3,9,Kinesthetic,2.7,100,UCI_0168,14,16,17,16,16,18,Psychology,Surgeon,2.8296370081547915,0,3,0,10.0
STU00377,20,Male,Psychology,2.7,4.7,Yes,65.0,6.0,No,3.69,5,7.7,11.8,Dorm,No,5,9,Kinesthetic,9.4,99,UCI_0168,14,16,15,16,16,19,Psychology,Financial Advisor,4.579127897823245,0,4,1,9.22
STU00378,23,Male,Biology,3.7,0.2,Yes,72.3,6.0,Yes,3.73,6,5.6,7.5,Co-Learning Group,No,9,8,Auditory,1.3,98,UCI_0168,13,15,15,16,18,17,Biology,Credit Analyst,3.853168621850768,1,0,1,9.32
STU00379,21,Female,Engineering,4.6,2.3,Yes,80.2,5.0,Yes,3.05,7,6.5,9.3,Co-Learning Group,No,6,10,Visual,10.0,76,UCI_0112,15,15,15,15,16,14,Engineering,Musician,4.265708651,2,1,0,7.62
STU00380,26,Other,Computer Science,2.626547679775836,2.0,Yes,50.5,7.2,No,3.49,6,5.9,7.6,Co-Learning Group,No,2,9,Auditory,4.7,81,UCI_0370,15,14,13,18,19,18,Computer Science,Animator,3.0080064972241547,1,1,1,8.73
STU00381,27,Other,Biology,1.0,0.1,Yes,91.5,9.5,No,4.0,4,4.6,4.9,Library,Yes,6,6,Auditory,9.9,93,UCI_0168,15,16,17,17,17,19,Biology,Conductor,3.3176831202379025,2,4,1,10.0
STU00382,20,Female,Computer Science,7.667689704001696,0.6,Yes,89.2,8.1,No,4.0,5,5.5,11.0,Library,No,8,8,Kinesthetic,9.8,92,UCI_0168,13,16,17,18,17,18,Computer Science,Forensic Psychologist,3.3866656041899184,0,3,0,10.0
STU00383,18,Male,Psychology,2.4,0.2,No,79.0,5.8,Yes,3.16,6,4.7,5.3,Co-Learning Group,No,5,10,Kinesthetic,8.4,80,UCI_0124,17,15,14,15,14,14,Psychology,Legal Secretary,2.564973627231946,0,3,1,7.9
STU00384,25,Male,Business,5.6,2.5,Yes,86.9,5.8,No,3.89,8,5.5,12.4,Co-Learning Group,No,2,6,Visual,5.4,100,UCI_0168,13,16,16,18,18,17,Business,Marketing Specialist,2.813400511104729,2,0,0,9.72
STU00385,17,Female,Psychology,6.5,4.6,Yes,51.8,5.9,No,3.52,5,5.4,14.2,Quiet Room,No,6,10,Kinesthetic,9.4,79,UCI_0370,16,14,14,16,18,20,Psychology,Civil Engineer,4.368380898850804,1,0,0,8.8
STU00386,19,Female,Business,6.3,0.7,Yes,81.3,5.5,No,3.37,3,1.2,10.9,Dorm,No,8,10,Auditory,5.7,83,UCI_0302,14,14,13,15,18,16,Business,Aerospace Engineer,2.542016270542437,2,4,0,8.43
STU00387,20,Female,Biology,5.2,3.7,Yes,66.5,8.3,Yes,3.9,8,4.5,12.3,Library,Yes,7,10,Reading,8.8,99,UCI_0168,14,15,17,16,17,17,Biology,Principal,4.415277449,1,2,0,9.75
STU00388,21,Other,Arts,5.4,0.9,No,75.1,8.0,Yes,3.38,6,4.7,12.0,Cafe,Yes,3,10,Kinesthetic,3.5,89,UCI_0103,16,17,17,15,17,16,Arts,Art Therapist,4.191444164,0,1,0,8.45
STU00389,21,Other,Computer Science,3.6148925981268745,2.1,No,51.3,7.3,No,2.84,4,4.2,8.8,Cafe,Yes,2,10,Reading,1.4,67,UCI_0062,10,8,11,10,10,16,Computer Science,Counselor,4.265783654942947,1,0,0,7.1
STU00390,26,Female,Biology,2.6,4.8,No,61.8,7.4,Yes,3.55,5,1.9,11.0,Co-Learning Group,No,6,6,Reading,10.0,76,UCI_0308,18,19,18,13,15,15,Biology,Software Developer,4.297816216238466,2,2,1,8.88
STU00391,23,Other,Engineering,2.3,1.2,Yes,42.5,8.7,Yes,4.0,8,4.7,6.9,Library,No,7,10,Auditory,2.4,99,UCI_0168,14,14,16,17,18,18,Engineering,Lawyer,4.984682992266606,1,3,1,10.0
STU00392,17,Female,Business,0.2,4.6,No,91.1,8.4,No,3.07,1,8.2,5.5,Quiet Room,Yes,4,5,Reading,5.8,73,UCI_0355,16,14,14,16,15,16,Business,Pharmacist,2.706051931583816,2,2,1,7.67
STU00393,21,Female,Biology,7.0,0.2,No,60.2,7.2,No,4.0,7,5.8,9.7,Quiet Room,No,4,8,Kinesthetic,3.3,100,UCI_0132,18,17,19,14,13,16,Biology,Chemist,3.2917493731931966,0,4,0,10.0
STU00394,19,Other,Engineering,3.0,1.9,No,87.4,7.0,No,3.58,8,4.8,7.6,Dorm,Yes,5,10,Visual,6.9,92,UCI_0263,18,17,19,15,15,16,Engineering,Zoologist,3.893102520233231,0,3,0,8.95
STU00395,27,Other,Engineering,4.3,0.5,Yes,49.1,7.2,No,3.26,5,2.6,9.6,Dorm,Yes,7,10,Kinesthetic,5.2,84,UCI_0294,14,12,15,18,18,17,Engineering,Psychologist,4.579310577082564,0,4,1,8.15
STU00396,21,Male,Psychology,7.4,2.0,No,59.2,8.1,No,4.0,3,2.9,11.5,Cafe,Yes,9,7,Kinesthetic,2.4,99,UCI_0132,19,19,18,14,15,15,Psychology,Biomedical Engineer,3.689646984077077,0,2,0,10.0
STU00397,19,Female,Computer Science,4.868884768,2.6,Yes,89.9,8.3,Yes,3.23,2,3.0,8.1,Co-Learning Group,Yes,9,8,Auditory,8.2,79,UCI_0318,16,15,15,14,14,15,Computer Science,Biochemist,4.1291711093271815,0,3,1,8.07
STU00398,25,Male,Psychology,4.8,4.0,No,79.9,7.0,Yes,3.5,7,2.1,11.5,Co-Learning Group,No,7,8,Auditory,6.0,79,UCI_0308,17,18,19,15,14,15,Psychology,Electrical Engineer,2.9125678379634583,1,4,1,8.75
STU00399,26,Male,Business,5.4,1.4,Yes,76.5,7.8,Yes,4.0,2,3.2,11.0,Quiet Room,Yes,3,9,Auditory,9.4,100,UCI_0132,17,18,18,14,15,15,Business,Architectural Technologist,4.9517443525236295,0,3,1,10.0
STU00400,28,Male,Engineering,3.0,2.5,No,64.8,7.6,Yes,3.16,2,6.0,6.3,Co-Learning Group,Yes,8,8,Visual,3.0,72,UCI_0197,14,14,14,15,14,15,Engineering,Composer,2.9001155976775967,1,4,1,7.9
STU00401,25,Male,Psychology,1.2,2.2,Yes,62.3,7.9,Yes,3.01,7,2.1,6.5,Quiet Room,No,5,9,Kinesthetic,9.2,83,UCI_0170,13,14,15,16,15,16,Psychology,Microbiologist,3.275887635398215,0,4,0,7.52
STU00402,19,Female,Arts,4.9,1.0,No,48.7,4.1,Yes,4.0,6,6.6,9.5,Quiet Room,No,5,8,Visual,8.5,100,UCI_0132,19,17,19,13,13,16,Arts,Chemist,2.850809682002451,1,3,1,10.0
STU00403,19,Other,Psychology,4.5,3.7,No,91.7,5.9,Yes,4.0,8,7.3,10.2,Cafe,Yes,5,6,Kinesthetic,6.1,100,UCI_0132,19,19,19,13,15,16,Psychology,Marketing Manager,3.4882144501139924,1,1,0,10.0
STU00404,25,Male,Computer Science,4.712358799960096,0.2,No,42.1,6.2,Yes,3.83,1,3.6,6.8,Co-Learning Group,Yes,5,9,Kinesthetic,3.2,93,UCI_0132,17,17,19,13,15,14,Computer Science,Civil Engineer,4.462798070663935,1,3,0,9.57
STU00405,18,Male,Biology,5.6,3.8,Yes,81.9,8.3,Yes,3.8,4,3.9,13.1,Quiet Room,No,10,6,Auditory,3.9,97,UCI_0132,17,17,17,15,15,16,Biology,Construction Manager,2.7915358756808906,2,3,1,9.5
STU00406,25,Male,Engineering,2.5,0.3,Yes,84.9,8.1,No,2.73,7,3.8,6.4,Quiet Room,No,5,10,Kinesthetic,3.7,68,UCI_0330,16,15,15,11,13,14,Engineering,Aerospace Engineer,3.641574903796407,1,0,0,6.83
STU00407,17,Other,Biology,4.9,2.0,No,71.5,7.6,Yes,3.95,1,2.0,7.5,Quiet Room,Yes,3,8,Kinesthetic,5.9,100,UCI_0132,17,19,18,14,15,16,Biology,Social Media Manager,4.045896298748595,0,4,1,9.88
STU00408,19,Other,Computer Science,6.427599080067719,4.0,Yes,78.3,5.2,No,3.71,7,6.7,12.1,Quiet Room,No,2,10,Kinesthetic,4.5,88,UCI_0132,19,18,18,15,13,14,Computer Science,Data Scientist,3.710864306934582,1,0,1,9.28
STU00409,24,Other,Computer Science,10.067640571980464,3.0,Yes,47.7,6.7,No,4.0,5,3.8,18.0,Library,Yes,5,6,Kinesthetic,2.1,100,UCI_0132,18,17,17,15,15,15,Computer Science,Financial Advisor,4.108592929427637,2,4,0,10.0
STU00410,25,Female,Biology,5.1,4.4,No,52.3,7.5,No,4.0,5,3.0,11.3,Co-Learning Group,Yes,2,8,Visual,2.5,92,UCI_0132,18,18,19,14,13,15,Biology,Physicist,2.646042678564533,2,3,1,10.0
STU00411,18,Other,Biology,5.6,3.3,Yes,58.3,6.6,Yes,3.97,4,5.2,12.5,Co-Learning Group,No,6,8,Visual,1.5,92,UCI_0132,18,19,19,15,14,15,Biology,Industrial-Organizational Psychologist,4.045496620504544,1,4,0,9.93
STU00412,19,Other,Engineering,3.0,4.8,Yes,85.1,6.6,Yes,4.0,3,2.4,9.3,Quiet Room,No,8,10,Auditory,9.6,100,UCI_0132,18,17,19,15,15,14,Engineering,Financial Advisor,3.6366631308976376,1,3,1,10.0
STU00413,17,Female,Psychology,2.4,3.6,No,79.7,7.0,No,3.57,2,8.0,10.2,Co-Learning Group,No,5,5,Kinesthetic,7.9,94,UCI_0296,16,15,16,17,18,18,Psychology,Music Therapist,4.383518667773961,1,2,0,8.92
STU00414,21,Other,Psychology,1.3,2.3,Yes,57.8,6.2,No,4.0,8,3.4,7.3,Cafe,Yes,7,8,Visual,1.3,95,UCI_0132,19,18,19,13,14,16,Psychology,Financial Controller,4.385936920681381,2,4,1,10.0
STU00415,27,Other,Engineering,6.7,1.3,Yes,42.6,9.3,No,3.21,1,5.6,10.4,Library,No,5,10,Visual,9.3,77,UCI_0043,20,17,19,15,16,14,Engineering,Actuary,3.011021543055377,1,0,1,8.03
STU00416,16,Male,Arts,7.9,3.2,Yes,63.5,6.6,No,4.0,8,3.6,15.2,Dorm,No,9,10,Auditory,6.1,100,UCI_0132,19,19,19,13,15,14,Arts,Construction Manager,2.843779529917348,2,2,0,10.0
STU00417,23,Other,Business,6.2,0.7,Yes,49.1,8.6,Yes,4.0,6,5.8,12.3,Quiet Room,No,7,10,Kinesthetic,3.4,97,UCI_0113,18,19,19,14,13,14,Business,Aerospace Engineer,2.542016270542437,2,4,0,10.0
STU00418,22,Female,Engineering,2.5,3.9,Yes,57.8,6.7,Yes,4.0,3,4.8,10.1,Cafe,No,8,7,Kinesthetic,6.5,100,UCI_0113,18,19,18,12,13,14,Engineering,Surgeon,4.904612300205086,1,4,0,10.0
STU00419,25,Female,Psychology,3.9,4.9,No,55.2,6.8,Yes,3.75,3,6.7,11.4,Cafe,Yes,5,9,Auditory,4.7,93,UCI_0113,18,19,19,12,13,14,Psychology,Education Administrator,4.693080856953094,2,0,0,9.38
STU00420,24,Male,Arts,1.7,2.5,Yes,99.9,6.9,Yes,3.27,6,4.1,6.3,Co-Learning Group,No,4,10,Auditory,3.1,72,UCI_0370,14,15,14,16,18,18,Arts,Forensic Psychologist,4.744994622425117,2,1,1,8.18
STU00421,24,Male,Biology,3.6,2.2,No,47.8,8.1,Yes,3.4,3,6.9,7.9,Library,Yes,4,7,Visual,7.5,81,UCI_0033,17,16,17,12,15,14,Biology,Biologist,4.999803083,0,3,1,8.5
STU00422,18,Other,Biology,6.3,1.5,Yes,81.0,7.9,Yes,3.77,2,4.1,11.4,Cafe,Yes,9,7,Auditory,9.8,88,UCI_0113,17,20,20,13,13,13,Biology,Music Teacher,4.573753277458601,1,0,1,9.43
STU00423,23,Other,Psychology,2.4,1.5,Yes,41.3,7.4,Yes,4.0,3,6.4,6.0,Co-Learning Group,No,9,10,Reading,8.2,98,UCI_0113,18,19,20,12,13,15,Psychology,Art Director,2.8402999221813605,0,0,1,10.0
STU00424,28,Female,Psychology,2.4,0.5,Yes,70.1,7.5,Yes,4.0,8,5.8,8.2,Dorm,No,4,5,Auditory,6.5,92,UCI_0113,17,18,19,13,14,15,Psychology,Art Therapist,2.9565980179198545,0,1,1,10.0
STU00425,25,Female,Arts,4.7,2.4,No,41.8,5.9,Yes,3.45,4,6.9,7.4,Cafe,No,3,8,Kinesthetic,5.5,83,UCI_0268,17,17,17,15,16,16,Arts,Biotechnologist,4.480759524314577,1,0,0,8.62
STU00426,28,Other,Computer Science,0.195561319,3.6,Yes,73.8,8.6,Yes,3.22,5,7.3,7.4,Cafe,Yes,1,10,Visual,3.2,83,UCI_0217,14,15,15,14,16,15,Computer Science,Interior Designer,4.9116109552818745,2,4,1,8.05
STU00427,16,Other,Psychology,6.7,2.7,Yes,84.6,7.3,Yes,2.97,2,2.3,12.6,Library,No,9,10,Reading,8.8,76,UCI_0037,15,15,19,13,14,15,Psychology,Animator,4.3202108871144365,0,3,0,7.43
STU00428,18,Female,Engineering,4.3,2.0,No,42.1,5.8,No,3.75,3,3.7,9.4,Library,Yes,8,10,Visual,2.8,80,UCI_0113,17,18,19,14,13,14,Engineering,Animator,4.365168771174561,0,0,1,9.38
STU00429,26,Other,Engineering,6.0,0.0,No,94.6,7.3,Yes,2.85,6,7.4,9.8,Dorm,No,5,10,Visual,7.6,73,UCI_0121,13,14,13,14,14,15,Engineering,Nuclear Physicist,4.894782195465073,2,0,0,7.12
STU00430,16,Female,Engineering,3.2,4.9,Yes,97.5,8.3,Yes,4.0,6,6.8,11.2,Co-Learning Group,Yes,9,9,Kinesthetic,6.8,100,UCI_0113,17,20,20,13,13,13,Engineering,Conductor,2.7615686121867027,0,2,1,10.0
STU00431,21,Male,Arts,3.8,2.9,Yes,84.2,8.0,Yes,3.07,7,8.2,8.8,Cafe,No,10,10,Auditory,4.1,83,UCI_0318,16,15,14,14,13,16,Arts,Art Director,4.110166012404374,2,2,0,7.67
STU00432,20,Female,Arts,2.0,4.6,Yes,84.4,7.5,No,2.62,1,7.0,10.8,Quiet Room,No,2,10,Reading,2.2,66,UCI_0209,11,12,13,14,15,15,Arts,Music Teacher,3.714330198662672,2,1,0,6.55
STU00433,18,Female,Arts,6.2,3.6,No,58.3,6.5,No,4.0,5,1.0,14.3,Quiet Room,No,2,10,Reading,5.4,99,UCI_0113,18,18,20,12,15,13,Arts,Financial Advisor,3.471231488025225,1,4,0,10.0
STU00434,21,Male,Arts,1.0,1.3,No,68.0,9.5,No,2.66,3,3.4,8.0,Dorm,No,7,9,Reading,2.7,57,UCI_0292,13,12,12,13,13,14,Arts,Chemist,3.7676807529547514,0,2,1,6.65
STU00435,20,Male,Business,2.3,4.2,Yes,61.0,6.8,Yes,3.99,4,5.6,10.5,Library,No,1,10,Auditory,2.4,96,UCI_0113,17,18,20,14,13,15,Business,Civil Engineer,3.730852082583001,1,3,0,9.98
STU00436,17,Male,Biology,3.4,4.8,Yes,48.7,8.4,No,3.59,4,3.9,11.3,Co-Learning Group,No,1,8,Auditory,6.6,92,UCI_0103,15,16,17,15,16,15,Biology,Accountant,3.634131201561379,2,3,1,8.97
STU00437,18,Other,Computer Science,1.886334174333843,0.3,No,75.5,7.3,Yes,4.0,7,1.1,3.8,Co-Learning Group,No,5,6,Reading,1.7,100,UCI_0113,17,19,20,14,14,13,Computer Science,Aerospace Engineer,2.774844843038317,0,4,1,10.0
STU00438,21,Male,Engineering,0.3,1.2,No,98.4,7.0,Yes,2.39,4,4.4,6.0,Cafe,No,5,10,Kinesthetic,9.0,60,UCI_0177,14,14,12,14,13,14,Engineering,Architectural Technologist,3.6255753825850574,2,3,0,5.98
STU00439,20,Other,Computer Science,3.7213318781928177,5.0,Yes,50.0,8.7,No,4.0,2,1.0,12.3,Co-Learning Group,Yes,6,10,Visual,7.0,100,UCI_0113,18,18,18,14,15,15,Computer Science,Physical Chemist,3.669851503814805,1,0,1,10.0
STU00440,21,Male,Biology,3.3,4.4,Yes,43.7,5.7,No,4.0,6,6.5,8.7,Quiet Room,Yes,5,8,Auditory,4.1,100,UCI_0113,17,19,18,14,13,13,Biology,Lawyer,4.313685348597207,2,0,0,10.0
STU00441,22,Male,Arts,1.1,2.2,No,90.9,5.7,Yes,4.0,2,3.5,7.4,Co-Learning Group,Yes,1,5,Visual,4.6,100,UCI_0113,18,20,20,12,13,13,Arts,Lawyer,4.898130412438209,0,4,0,10.0
STU00442,24,Male,Business,2.2,0.3,Yes,55.7,8.0,Yes,3.87,3,5.6,3.4,Quiet Room,Yes,5,10,Kinesthetic,10.0,100,UCI_0370,14,14,13,16,18,18,Business,Judge,2.645028261023705,2,3,0,9.68
STU00443,16,Male,Psychology,0.0,4.7,Yes,79.7,7.8,No,3.74,7,4.2,9.8,Library,No,1,9,Kinesthetic,6.3,95,UCI_0370,14,13,13,17,19,20,Psychology,Principal,4.305830006741974,0,4,0,9.35
STU00444,28,Male,Biology,2.9,1.7,Yes,54.6,6.1,No,2.41,4,9.0,6.8,Cafe,Yes,1,10,Kinesthetic,5.2,56,UCI_0064,10,9,9,14,13,13,Biology,Brand Manager,4.982804833179735,1,1,1,6.03
STU00445,27,Other,Psychology,1.0,1.6,No,64.3,6.4,Yes,3.44,5,5.1,6.4,Cafe,No,4,10,Kinesthetic,3.5,92,UCI_0317,12,14,16,18,18,16,Psychology,Chemist,3.105208002216493,2,3,0,8.6
STU00446,23,Male,Arts,5.3,0.2,Yes,40.7,4.0,No,3.54,6,4.2,6.9,Dorm,No,7,10,Auditory,5.8,95,UCI_0370,14,13,15,16,19,19,Arts,Animator,3.789357975421558,1,0,0,8.85
STU00447,22,Female,Engineering,3.5,1.1,No,92.7,4.8,No,3.39,1,4.9,6.9,Co-Learning Group,Yes,10,10,Auditory,7.5,80,UCI_0294,15,14,14,16,17,17,Engineering,Financial Analyst,4.007373960326713,2,3,0,8.47
STU00448,26,Female,Business,6.2,0.4,No,41.7,9.1,No,3.55,2,4.6,10.1,Quiet Room,No,9,6,Visual,3.0,84,UCI_0303,17,15,15,17,19,16,Business,Fluid Mechanics Engineer,4.800636159137738,0,1,0,8.88
STU00449,28,Female,Business,2.9,3.7,Yes,73.1,9.0,Yes,3.57,3,10.0,11.5,Cafe,Yes,8,10,Kinesthetic,5.2,91,UCI_0303,16,16,17,18,17,17,Business,Art Therapist,2.6128711760718266,1,3,0,8.92
STU00450,22,Female,Psychology,5.5,4.3,Yes,50.0,9.5,Yes,4.0,4,3.6,14.8,Cafe,No,5,10,Visual,7.7,93,UCI_0370,15,13,14,16,18,20,Psychology,Interior Designer,3.765663576030154,0,3,0,10.0
STU00451,28,Male,Engineering,5.2,3.4,Yes,42.6,6.8,Yes,4.0,2,8.1,12.2,Co-Learning Group,Yes,8,10,Reading,7.6,97,UCI_0370,16,13,15,16,18,18,Engineering,Judge,3.5497086950645853,1,1,0,10.0
STU00452,18,Male,Engineering,5.1,2.1,No,97.3,10.8,Yes,3.85,6,7.8,8.0,Cafe,Yes,5,10,Kinesthetic,9.9,93,UCI_0370,14,13,13,18,17,19,Engineering,Financial Analyst,4.983848135872612,2,4,0,9.62
STU00453,26,Female,Biology,5.7,2.3,No,92.2,7.6,No,4.0,1,4.5,10.3,Dorm,No,9,5,Kinesthetic,3.4,100,UCI_0370,16,15,15,16,19,19,Biology,Art Therapist,2.6744847579930138,2,0,0,10.0
STU00454,25,Other,Engineering,5.6,3.3,No,87.6,8.1,Yes,2.92,2,7.0,11.0,Dorm,Yes,3,8,Auditory,4.5,72,UCI_0209,11,13,13,13,16,16,Engineering,Artist,4.274628221453069,0,4,0,7.3
STU00455,21,Other,Biology,4.7,5.0,No,60.4,8.5,Yes,2.68,6,4.0,12.7,Cafe,No,7,10,Kinesthetic,4.5,66,UCI_0021,13,14,15,12,13,14,Biology,Illustrator,4.433220584495198,2,0,1,6.7
STU00456,25,Female,Business,4.1,0.2,Yes,98.9,5.3,No,2.63,3,4.9,8.0,Dorm,No,8,8,Reading,3.5,65,UCI_0142,17,16,14,13,13,14,Business,Biochemist,2.5024418196971383,0,4,1,6.57
STU00457,25,Male,Arts,2.1,4.0,Yes,42.7,6.9,Yes,4.0,7,3.5,11.6,Quiet Room,Yes,2,5,Auditory,1.2,91,UCI_0370,15,15,13,16,19,18,Arts,Electrical Engineer,4.580640837376311,2,0,0,10.0
STU00458,28,Other,Arts,5.4,2.7,No,88.5,6.8,Yes,3.11,4,3.3,11.9,Quiet Room,Yes,10,10,Auditory,3.3,80,UCI_0093,16,17,18,14,13,13,Arts,Legal Consultant,4.377193899771748,1,3,1,7.77
STU00459,21,Male,Biology,3.3,5.0,No,77.7,6.4,Yes,3.34,1,4.6,10.4,Co-Learning Group,Yes,4,10,Reading,6.2,85,UCI_0370,15,14,15,17,19,19,Biology,Music Teacher,4.573753277458601,1,0,1,8.35
STU00460,16,Male,Arts,4.1,3.2,Yes,54.3,9.3,Yes,4.0,8,5.3,10.7,Dorm,Yes,2,10,Kinesthetic,8.6,94,UCI_0370,14,14,13,18,18,19,Arts,Marketing Manager,4.443028157874336,0,0,1,10.0
STU00461,18,Male,Engineering,5.9,2.4,No,86.0,6.7,No,3.21,5,7.3,10.2,Quiet Room,Yes,3,9,Kinesthetic,5.0,76,UCI_0015,14,16,16,14,14,15,Engineering,Manager,4.982948596871262,1,1,1,8.03
STU00462,23,Other,Engineering,5.0,4.5,No,52.3,7.4,Yes,3.93,3,6.0,11.8,Library,No,3,7,Auditory,4.1,94,UCI_0370,15,13,13,17,17,20,Engineering,Psychologist,3.6466081636246974,2,4,0,9.83
STU00463,18,Other,Arts,5.8,3.4,No,96.1,7.5,No,3.87,5,8.3,13.2,Dorm,No,3,10,Auditory,7.5,100,UCI_0296,14,16,15,17,17,18,Arts,Paralegal,2.5783137465268497,2,2,1,9.68
STU00464,25,Female,Computer Science,6.793533732704934,1.2,Yes,74.4,6.1,No,4.0,5,1.0,9.8,Library,Yes,2,7,Reading,9.5,97,UCI_0296,16,14,14,17,17,17,Computer Science,Judge,3.1151013588551897,1,2,0,10.0
STU00465,22,Other,Computer Science,2.469454737037137,4.4,Yes,45.9,7.3,No,3.12,5,7.2,10.2,Co-Learning Group,No,7,10,Auditory,2.6,83,UCI_0217,14,15,16,15,15,15,Computer Science,Geneticist,4.202983901155939,1,4,0,7.8
STU00466,20,Other,Psychology,4.2,3.1,No,64.2,7.8,Yes,4.0,7,3.2,10.5,Cafe,No,9,7,Reading,4.2,97,UCI_0296,14,14,14,17,19,19,Psychology,Actuary,4.411010723594903,0,1,0,10.0
STU00467,24,Male,Arts,5.1,4.1,No,65.4,11.1,Yes,4.0,2,7.5,10.0,Quiet Room,No,3,10,Visual,2.1,100,UCI_0296,15,16,14,18,19,17,Arts,Forensic Psychologist,2.520756646319596,2,2,0,10.0
STU00468,16,Other,Computer Science,7.102576908864316,3.6,Yes,62.9,6.0,No,4.0,3,2.2,16.0,Cafe,Yes,6,10,Kinesthetic,9.6,96,UCI_0296,15,16,15,18,19,18,Computer Science,Biologist,3.042001067970248,0,1,1,10.0
STU00469,27,Male,Psychology,0.9,4.0,Yes,93.2,6.7,No,2.69,4,4.6,6.4,Co-Learning Group,Yes,8,10,Visual,9.1,68,UCI_0278,12,12,12,12,12,12,Psychology,Urban Planner,2.864937320822827,2,4,0,6.72
STU00470,24,Other,Biology,2.8,2.9,Yes,45.2,7.2,Yes,3.94,3,4.5,6.3,Co-Learning Group,No,7,7,Visual,1.5,100,UCI_0296,15,14,15,17,18,17,Biology,Legal Analyst,2.886004142377367,0,4,1,9.85
STU00471,20,Female,Engineering,3.4,1.5,No,95.3,6.5,Yes,3.85,2,3.3,7.8,Library,Yes,3,10,Kinesthetic,9.5,100,UCI_0296,14,16,14,16,19,17,Engineering,Data Scientist,3.881602952793253,0,2,0,9.62
STU00472,27,Other,Biology,6.4,3.0,Yes,81.1,10.5,Yes,4.0,8,4.5,11.2,Cafe,No,1,10,Kinesthetic,8.4,100,UCI_0296,15,14,14,17,18,17,Biology,Physical Chemist,4.5571762968413765,2,4,1,10.0
STU00473,24,Male,Engineering,3.5,1.7,No,51.1,7.5,Yes,2.79,8,6.7,9.0,Library,Yes,5,10,Auditory,7.1,74,UCI_0289,10,9,11,12,12,14,Engineering,Cybersecurity Analyst,2.7211839782494067,0,3,1,6.97
STU00474,17,Other,Arts,4.3,0.7,No,85.1,6.1,No,4.0,4,6.4,8.8,Library,Yes,1,5,Reading,1.0,100,UCI_0296,14,15,16,16,17,18,Arts,Data Scientist,2.574656073,1,0,0,10.0
STU00475,19,Other,Arts,1.4,2.0,Yes,67.1,8.3,Yes,3.54,7,5.3,4.3,Cafe,No,1,10,Auditory,6.4,88,UCI_0340,15,14,16,15,14,16,Arts,Acoustics Specialist,4.393702677107023,0,2,1,8.85
STU00476,27,Other,Business,3.6,1.4,No,41.0,7.6,Yes,2.73,8,3.6,5.6,Dorm,Yes,10,10,Visual,7.4,66,UCI_0306,15,12,13,17,17,15,Business,Industrial-Organizational Psychologist,2.682153619521022,0,3,1,6.83
STU00477,24,Other,Engineering,6.3,3.6,Yes,80.4,5.2,No,4.0,8,7.7,12.0,Dorm,Yes,7,10,Auditory,5.2,99,UCI_0296,16,16,14,18,17,17,Engineering,Biologist,3.667040285773336,2,1,1,10.0
STU00478,16,Male,Psychology,2.5,2.1,Yes,70.2,7.0,Yes,3.21,4,4.7,5.0,Library,Yes,10,10,Auditory,1.7,79,UCI_0261,15,14,14,16,16,16,Psychology,Sound Engineer,2.740900897113145,0,4,0,8.03
STU00479,24,Female,Computer Science,8.062585278563432,0.7,No,40.0,8.6,No,3.75,5,3.0,12.9,Library,No,2,9,Auditory,6.6,99,UCI_0296,15,15,15,16,17,19,Computer Science,Education Administrator,3.02856776801668,0,4,0,9.38
STU00480,26,Other,Business,0.5,2.0,No,41.3,7.6,No,3.37,3,6.2,7.9,Library,No,3,8,Visual,6.9,79,UCI_0268,18,16,18,16,16,15,Business,Judge,3.914406615647868,2,3,1,8.43
STU00481,26,Other,Biology,7.2,2.2,No,46.0,4.9,Yes,4.0,7,2.9,14.5,Library,No,2,10,Auditory,6.5,98,UCI_0296,16,15,14,16,18,17,Biology,Music Teacher,4.236771937948658,1,2,0,10.0
STU00482,16,Female,Business,3.3,4.8,Yes,42.2,6.3,No,3.46,3,3.5,11.0,Cafe,Yes,6,10,Visual,7.5,91,UCI_0276,15,15,13,16,18,19,Business,Art Director,3.7908072034770153,0,4,0,8.65
STU00483,27,Other,Business,3.9,1.8,No,64.9,7.2,No,4.0,6,6.5,11.2,Library,No,3,10,Auditory,8.4,97,UCI_0296,16,14,16,18,17,18,Business,Human Resources Specialist,3.2598703899371624,1,1,1,10.0
STU00484,27,Female,Engineering,6.1,3.5,Yes,83.9,6.1,No,4.0,2,5.4,13.8,Co-Learning Group,Yes,4,7,Visual,8.3,100,UCI_0296,15,15,14,18,19,18,Engineering,Legal Analyst,3.4990851642931804,1,4,1,10.0
STU00485,24,Male,Arts,1.5,1.4,No,82.8,8.1,Yes,4.0,5,4.4,7.8,Cafe,No,7,10,Kinesthetic,5.8,90,UCI_0296,16,15,16,17,18,17,Arts,Actuary,2.920191298603281,2,2,0,10.0
STU00486,24,Male,Biology,7.1,1.3,No,53.3,6.7,No,4.0,7,1.4,11.0,Quiet Room,No,10,10,Visual,1.7,100,UCI_0296,15,14,14,16,19,17,Biology,Chemist,2.5965536186728224,1,1,0,10.0
STU00487,16,Other,Engineering,5.8,1.4,No,76.3,7.2,Yes,4.0,3,4.6,9.5,Co-Learning Group,Yes,1,10,Kinesthetic,7.1,94,UCI_0103,17,18,16,16,16,16,Engineering,Legal Secretary,3.519497008450851,1,1,0,10.0
STU00488,26,Male,Arts,6.5,1.4,Yes,74.2,7.8,Yes,4.0,6,4.5,9.1,Cafe,No,6,10,Kinesthetic,1.9,98,UCI_0103,17,17,17,16,17,16,Arts,Mechanical Engineer,3.345620125,2,2,0,10.0
STU00489,27,Other,Biology,0.6,4.8,Yes,85.9,5.5,Yes,2.33,5,6.7,8.1,Dorm,No,10,7,Auditory,9.7,67,UCI_0115,10,13,13,8,10,10,Biology,Education Administrator,3.128606852121409,2,4,0,5.83
STU00490,16,Other,Computer Science,4.867168202912761,0.6,No,54.4,6.2,Yes,3.61,1,8.4,7.7,Dorm,No,6,10,Reading,1.1,78,UCI_0103,17,18,18,17,16,17,Computer Science,Pharmacist,3.585599334970814,2,1,1,9.03
STU00491,23,Female,Business,5.3,1.6,No,85.4,5.9,Yes,4.0,8,1.9,10.2,Co-Learning Group,Yes,2,10,Kinesthetic,1.8,100,UCI_0103,15,16,17,17,16,16,Business,Entrepreneur,3.842387210960452,1,4,1,10.0
STU00492,20,Male,Business,4.1,0.4,No,73.4,5.1,Yes,3.0,4,3.6,7.2,Library,Yes,8,10,Kinesthetic,5.1,70,UCI_0355,15,15,15,15,14,14,Business,Manager,3.6499786963850136,0,0,1,7.5
STU00493,28,Other,Arts,5.3,3.0,Yes,99.6,7.0,No,4.0,1,3.9,9.6,Cafe,Yes,4,8,Kinesthetic,3.6,100,UCI_0103,17,17,16,16,16,15,Arts,Lawyer,4.130825749,2,1,1,10.0
STU00494,22,Other,Arts,0.9,0.2,Yes,94.1,6.0,Yes,2.7,5,8.1,5.0,Library,Yes,3,10,Reading,4.0,65,UCI_0381,14,16,16,10,10,10,Arts,Architectural Technologist,3.489204883491098,0,1,1,6.75
STU00495,24,Other,Business,3.8,1.0,No,76.6,7.1,No,3.95,3,3.9,5.6,Quiet Room,Yes,2,8,Visual,8.4,99,UCI_0103,15,17,18,17,16,17,Business,Actuary,3.445475069243429,1,3,1,9.88
STU00496,27,Female,Engineering,0.2,4.0,Yes,45.8,6.3,Yes,3.72,6,4.3,6.6,Quiet Room,Yes,3,10,Auditory,8.7,94,UCI_0103,15,18,17,17,17,16,Engineering,Data Scientist,4.918724411349347,2,3,0,9.3
STU00497,23,Male,Computer Science,3.7023624925704888,1.1,Yes,99.5,5.4,Yes,3.04,6,4.1,8.6,Cafe,Yes,10,9,Auditory,5.2,76,UCI_0142,16,17,16,14,13,14,Computer Science,Marketing Specialist,2.690099705847375,1,1,1,7.6
STU00498,21,Other,Computer Science,6.690525290767093,4.6,No,88.7,5.6,Yes,4.0,2,1.1,15.4,Quiet Room,No,10,10,Kinesthetic,1.5,100,UCI_0103,15,18,18,15,16,17,Computer Science,Interior Designer,2.6129969594154847,2,1,0,10.0
STU00499,27,Other,Business,1.2,4.0,No,58.7,5.3,Yes,3.44,4,2.0,5.7,Dorm,Yes,7,10,Reading,4.1,90,UCI_0043,19,17,19,15,15,16,Business,Paralegal,4.541982834067879,1,2,0,8.6
STU00500,28,Other,Computer Science,9.240494924103324,3.0,Yes,65.6,5.5,No,2.84,3,6.2,16.9,Dorm,No,3,9,Reading,1.1,74,UCI_0333,9,9,11,15,15,16,Computer Science,Marketing Specialist,2.5573990620891243,2,3,0,7.1
STU00501,18,Other,Business,0.0,4.1,Yes,91.7,7.7,No,2.57,1,3.8,7.0,Dorm,No,3,10,Auditory,2.9,64,UCI_0115,9,13,14,7,11,9,Business,Investment Banker,4.828864488706278,1,2,0,6.42
STU00502,27,Other,Psychology,0.5,2.1,No,60.9,4.8,Yes,4.0,6,4.5,5.1,Quiet Room,Yes,8,8,Reading,5.6,95,UCI_0103,16,16,17,16,15,16,Psychology,Education Administrator,4.693080856953094,2,0,0,10.0
STU00503,28,Female,Computer Science,2.603412183761972,2.2,No,77.3,8.1,No,3.43,4,9.1,8.9,Dorm,No,10,5,Reading,6.6,85,UCI_0263,18,17,19,16,16,15,Computer Science,Legal Analyst,3.94636848351405,2,0,0,8.58
STU00504,22,Other,Psychology,4.8,2.3,No,53.6,7.9,No,4.0,5,4.2,9.6,Library,Yes,7,10,Auditory,3.8,100,UCI_0103,17,17,16,15,17,15,Psychology,Data Scientist,3.956664540460534,1,3,1,10.0
STU00505,24,Male,Arts,4.7,4.1,Yes,59.4,7.0,No,3.88,1,6.4,9.6,Co-Learning Group,Yes,1,10,Kinesthetic,4.5,100,UCI_0103,16,18,16,16,15,16,Arts,Psychologist,4.447841497230067,0,0,1,9.7
STU00506,17,Male,Computer Science,4.130829504054824,1.3,Yes,41.5,6.9,No,3.69,3,8.2,6.5,Library,Yes,5,10,Reading,8.6,87,UCI_0103,15,18,16,17,17,17,Computer Science,Art Director,3.716848931003202,2,2,0,9.22
STU00507,19,Other,Biology,0.8,3.1,No,79.7,6.3,Yes,3.91,3,4.6,8.2,Quiet Room,No,3,10,Visual,9.7,98,UCI_0103,17,16,18,16,17,17,Biology,Physician Assistant,2.6284105972064187,0,4,0,9.78
STU00508,20,Female,Biology,1.9,3.4,Yes,45.0,5.5,Yes,2.36,2,4.2,6.7,Dorm,Yes,10,10,Visual,7.6,63,UCI_0343,11,13,13,9,10,11,Biology,Analytical Chemist,4.315015754984702,1,1,0,5.9
STU00509,28,Male,Arts,5.5,0.5,No,88.9,8.0,No,4.0,2,4.5,8.8,Library,No,5,8,Kinesthetic,2.3,100,UCI_0103,16,16,16,16,17,16,Arts,Psychologist,3.3168519659682723,0,4,1,10.0
STU00510,19,Male,Computer Science,0.3102901024967653,4.8,No,77.5,7.5,Yes,3.39,2,1.4,9.1,Library,Yes,10,6,Visual,9.5,82,UCI_0317,11,14,15,18,19,17,Computer Science,Clinical Psychologist,4.869476558394838,2,2,0,8.47
STU00511,17,Male,Computer Science,4.113769437693917,0.6,No,66.2,8.7,Yes,3.85,1,10.0,8.9,Dorm,Yes,9,8,Reading,6.3,100,UCI_0103,17,17,18,16,15,16,Computer Science,Manager,4.196294045465844,1,4,0,9.62
STU00512,19,Male,Psychology,3.6,1.1,Yes,96.8,7.6,No,3.38,3,6.3,8.7,Co-Learning Group,No,10,10,Reading,5.1,82,UCI_0110,15,19,19,10,13,12,Psychology,Art Therapist,4.235554366800578,2,2,1,8.45
STU00513,25,Female,Computer Science,5.212241710838125,1.8,Yes,87.8,8.7,Yes,3.97,1,6.7,9.4,Library,Yes,9,10,Auditory,3.4,98,UCI_0308,16,19,17,15,16,14,Computer Science,Market Research Analyst,2.9873740102729043,0,4,1,9.93
STU00514,28,Other,Psychology,5.1,4.0,No,96.3,8.3,No,4.0,5,4.8,13.5,Co-Learning Group,No,6,5,Reading,4.3,97,UCI_0308,16,19,18,14,15,15,Psychology,Animator,3.391006892846767,2,1,1,10.0
STU00515,21,Male,Engineering,3.2,3.0,Yes,62.6,5.2,No,4.0,2,5.0,8.0,Quiet Room,No,7,8,Auditory,2.5,99,UCI_0308,18,18,17,14,16,14,Engineering,Electrical Engineer,3.717426909426947,1,3,0,10.0
STU00516,16,Female,Arts,2.8,4.4,Yes,58.5,7.4,Yes,4.0,2,6.5,12.9,Co-Learning Group,No,8,5,Kinesthetic,8.6,90,UCI_0308,17,19,18,13,14,15,Arts,Conductor,2.818859901231531,1,3,1,10.0
STU00517,18,Female,Arts,4.1,4.3,Yes,43.8,7.3,Yes,4.0,2,6.3,9.1,Co-Learning Group,Yes,10,5,Visual,7.6,93,UCI_0308,17,19,18,15,14,15,Arts,Illustrator,3.9040317590438542,2,1,1,10.0
STU00518,16,Male,Arts,4.0,1.3,Yes,49.2,8.6,No,3.15,1,4.2,9.1,Quiet Room,No,8,10,Reading,2.9,74,UCI_0293,15,13,14,14,14,14,Arts,Music Teacher,3.940716807641554,0,2,0,7.88
STU00519,17,Female,Arts,4.8,5.0,Yes,72.4,9.5,Yes,3.32,1,2.4,10.3,Dorm,No,2,10,Visual,8.6,87,UCI_0317,13,13,15,16,19,17,Arts,Lawyer,4.898130412438209,0,4,0,8.3
STU00520,28,Male,Psychology,7.6,1.9,No,72.6,9.5,Yes,3.04,2,4.3,13.6,Dorm,Yes,6,10,Visual,7.5,77,UCI_0268,16,16,17,15,17,17,Psychology,Social Media Manager,4.662845483,0,4,0,7.6
STU00521,23,Other,Biology,4.5,3.6,Yes,49.4,8.6,Yes,3.13,2,4.8,10.6,Library,No,10,7,Auditory,3.6,82,UCI_0332,16,15,17,14,14,15,Biology,Investment Banker,4.5549280146124485,0,2,1,7.82
STU00522,28,Female,Biology,3.4,0.4,No,60.1,11.4,No,2.94,4,4.5,5.2,Library,No,6,10,Reading,1.3,71,UCI_0314,13,13,13,15,14,17,Biology,Accountant,3.3390162977244087,2,4,0,7.35
STU00523,22,Other,Biology,2.9,5.0,Yes,97.3,7.5,No,4.0,7,9.8,9.9,Quiet Room,No,2,5,Visual,2.6,100,UCI_0308,17,18,17,14,15,14,Biology,Industrial-Organizational Psychologist,4.905577373988627,2,4,0,10.0
STU00524,22,Male,Biology,3.3,0.2,No,82.0,6.5,No,3.9,6,9.2,8.6,Co-Learning Group,Yes,10,7,Kinesthetic,4.3,94,UCI_0308,16,18,18,15,15,16,Biology,Chemical Engineer,2.8806408553241747,2,2,1,9.75
STU00525,23,Female,Biology,4.7,2.9,Yes,78.4,4.8,Yes,4.0,7,3.7,10.8,Quiet Room,Yes,3,8,Reading,4.8,100,UCI_0308,17,17,17,15,15,14,Biology,Landscape Architect,3.14245932294406,1,3,0,10.0
STU00526,17,Other,Engineering,7.5,3.3,Yes,90.6,7.1,No,4.0,1,5.7,14.0,Co-Learning Group,Yes,9,6,Reading,2.7,100,UCI_0308,17,19,18,13,14,16,Engineering,Aerospace Engineer,4.854224125354028,0,0,1,10.0
STU00527,25,Female,Arts,3.0,4.3,No,87.8,6.6,No,3.25,6,4.9,10.5,Library,Yes,8,9,Auditory,2.0,75,UCI_0032,18,17,16,14,14,14,Arts,Interior Designer,3.284032083541533,1,0,1,8.12
STU00528,26,Female,Arts,1.7,1.9,No,50.6,9.3,No,3.97,7,5.2,8.4,Cafe,Yes,3,10,Auditory,9.1,93,UCI_0308,18,19,17,15,15,14,Arts,Legal Secretary,3.218124530268089,0,2,0,9.93
STU00529,17,Female,Business,4.3,1.8,Yes,90.5,9.1,No,3.68,5,5.1,8.2,Co-Learning Group,No,9,5,Auditory,8.4,85,UCI_0308,18,19,18,15,15,16,Business,Aerospace Engineer,4.876193359201672,2,1,1,9.2
STU00530,22,Other,Biology,4.6,0.7,No,70.6,7.0,No,3.78,7,3.7,8.8,Quiet Room,Yes,6,6,Auditory,4.8,95,UCI_0308,17,19,17,13,16,14,Biology,Biotechnologist,3.937334963418918,1,0,1,9.45
STU00531,26,Female,Business,4.7,3.7,Yes,42.4,7.3,Yes,4.0,7,4.5,10.9,Quiet Room,Yes,9,9,Reading,1.5,96,UCI_0340,15,16,15,15,13,16,Business,Zoologist,4.935798893080337,2,3,1,10.0
STU00532,17,Male,Engineering,3.2,0.7,Yes,42.1,8.5,Yes,4.0,8,3.4,9.4,Library,Yes,9,5,Visual,1.4,100,UCI_0340,17,14,15,16,15,16,Engineering,Legal Analyst,3.021052283960884,0,4,0,10.0
STU00533,23,Male,Engineering,2.1,1.5,No,61.3,4.0,No,3.27,1,8.0,5.6,Quiet Room,No,5,10,Visual,2.9,76,UCI_0060,15,17,15,17,15,17,Engineering,Architectural Technologist,2.607061698503137,1,4,1,8.18
STU00534,20,Other,Psychology,2.3,4.0,No,50.7,5.9,No,2.1,1,4.0,9.5,Dorm,No,3,10,Visual,8.1,54,UCI_0114,7,10,10,11,11,11,Psychology,Organic Chemist,2.9795518941670167,0,2,1,5.25
STU00535,25,Female,Business,0.4,0.5,Yes,95.4,7.4,No,2.91,8,6.7,4.2,Co-Learning Group,No,3,8,Auditory,5.2,74,UCI_0032,17,15,18,16,14,15,Business,Principal,2.698402854199557,0,0,1,7.28
STU00536,21,Male,Engineering,5.4,2.7,No,82.3,6.3,No,3.63,5,3.3,9.2,Co-Learning Group,Yes,4,10,Auditory,8.6,88,UCI_0340,16,15,17,16,13,18,Engineering,Graphic Designer,3.198373913640955,0,2,0,9.07
STU00537,26,Male,Biology,3.3,0.5,Yes,66.3,9.0,Yes,3.47,5,3.9,6.4,Co-Learning Group,Yes,5,8,Kinesthetic,6.5,81,UCI_0336,17,16,15,16,16,18,Biology,Judge,4.541494356454762,2,3,0,8.68
STU00538,24,Other,Engineering,4.9,1.3,No,83.3,7.9,No,3.7,4,1.2,7.5,Library,No,4,10,Reading,4.7,91,UCI_0340,16,14,16,14,14,16,Engineering,AI Researcher,4.319921760150759,0,3,0,9.25
STU00539,20,Female,Biology,4.9,3.9,No,41.5,8.6,No,3.79,7,5.8,12.4,Quiet Room,No,3,10,Kinesthetic,7.1,88,UCI_0340,15,16,15,15,15,18,Biology,Credit Analyst,2.5206107715699804,2,1,1,9.47
STU00540,24,Other,Psychology,3.7,1.1,No,91.5,6.9,Yes,4.0,8,1.9,7.3,Library,No,9,9,Reading,5.5,100,UCI_0340,16,14,17,16,14,16,Psychology,Animator,4.849807125118193,1,0,0,10.0
STU00541,19,Other,Computer Science,7.622684730020569,3.2,No,75.6,6.5,Yes,4.0,3,3.1,13.3,Co-Learning Group,Yes,3,9,Visual,8.2,89,UCI_0340,15,14,15,16,13,16,Computer Science,School Counselor,4.344768245042317,0,2,1,10.0
STU00542,20,Other,Engineering,4.9,0.2,No,94.6,6.6,Yes,2.99,6,5.6,8.9,Co-Learning Group,Yes,1,10,Reading,6.2,72,UCI_0037,16,15,18,14,14,15,Engineering,Art Director,3.526063787290754,1,3,0,7.48
STU00543,27,Male,Arts,4.6,0.3,Yes,40.3,6.9,No,4.0,1,4.2,8.7,Library,No,9,5,Kinesthetic,5.5,98,UCI_0340,17,16,15,14,14,16,Arts,Geneticist,3.944813586289899,1,2,0,10.0
STU00544,18,Female,Psychology,6.5,2.3,No,52.5,5.3,Yes,3.06,8,3.5,9.5,Cafe,No,4,9,Reading,9.1,64,UCI_0112,13,16,15,14,14,13,Psychology,Game Developer,3.505942458917457,2,0,0,7.65
STU00545,24,Other,Psychology,2.7,1.7,No,75.1,6.4,Yes,3.59,3,6.5,7.1,Dorm,No,3,10,Kinesthetic,8.4,93,UCI_0043,19,19,17,14,15,15,Psychology,Legal Analyst,4.507949632273648,1,4,1,8.97
STU00546,22,Other,Engineering,3.6,1.7,No,96.2,7.2,No,4.0,7,3.5,9.2,Library,Yes,7,5,Visual,8.2,100,UCI_0340,17,14,16,16,15,17,Engineering,Entrepreneur,4.859502324,0,0,0,10.0
STU00547,19,Other,Psychology,3.9,2.8,Yes,43.8,5.3,Yes,3.52,4,6.0,10.5,Cafe,Yes,10,9,Auditory,3.6,89,UCI_0043,20,18,19,13,15,14,Psychology,Market Research Analyst,4.933456302912621,1,4,1,8.8
STU00548,19,Female,Arts,1.1,2.4,No,78.2,8.4,No,3.25,4,5.4,4.2,Co-Learning Group,No,4,10,Visual,2.3,79,UCI_0023,15,15,16,12,13,14,Arts,School Counselor,4.784521456353767,1,1,1,8.12
STU00549,24,Other,Biology,3.5,1.8,No,61.8,8.0,Yes,3.08,5,4.5,9.7,Dorm,No,2,7,Visual,5.0,75,UCI_0306,14,12,14,16,17,17,Biology,AI Researcher,4.720119326485044,1,4,1,7.7
STU00550,28,Female,Computer Science,4.774620735440358,4.1,Yes,90.0,4.9,Yes,2.64,8,5.6,11.1,Library,No,6,10,Kinesthetic,2.1,63,UCI_0289,9,10,10,12,12,13,Computer Science,Inorganic Chemist,4.8547167837612495,1,3,1,6.6
STU00551,24,Female,Psychology,5.2,1.9,Yes,41.9,8.0,Yes,3.07,8,9.0,9.0,Quiet Room,No,8,10,Visual,9.2,79,UCI_0110,15,17,18,10,13,12,Psychology,Zoologist,4.553910626723648,2,4,0,7.67
STU00552,18,Male,Biology,2.9,2.7,No,54.7,5.8,No,3.82,7,5.3,8.3,Quiet Room,No,6,10,Auditory,7.8,96,UCI_0340,16,16,15,16,15,18,Biology,Quantum Physicist,4.360864801265128,1,1,1,9.55
STU00553,22,Female,Engineering,6.8,0.9,No,88.5,7.4,No,3.61,6,5.3,10.1,Library,Yes,2,6,Kinesthetic,3.4,96,UCI_0340,15,16,17,16,13,18,Engineering,Conductor,3.965294621877143,2,2,1,9.03
STU00554,19,Female,Computer Science,2.2294586059007826,2.8,Yes,66.5,8.0,No,4.0,7,4.8,7.6,Quiet Room,No,6,5,Kinesthetic,6.7,99,UCI_0340,15,15,16,15,14,16,Computer Science,Graphic Designer,3.748396315050515,0,3,0,10.0
STU00555,26,Female,Engineering,1.2,0.5,Yes,86.7,6.2,Yes,2.63,8,5.4,4.0,Dorm,Yes,9,8,Kinesthetic,9.7,64,UCI_0299,15,12,10,15,14,15,Engineering,Social Media Manager,3.760487980160645,2,4,1,6.57
STU00556,20,Female,Arts,7.4,3.2,Yes,66.9,6.2,Yes,3.97,8,1.9,12.9,Library,No,10,7,Reading,5.9,100,UCI_0340,16,15,17,15,15,16,Arts,Fluid Mechanics Engineer,4.499669472851546,1,0,1,9.93
STU00557,16,Female,Arts,3.6,4.4,No,51.8,6.1,Yes,3.18,4,7.8,12.4,Dorm,No,6,10,Auditory,8.1,83,UCI_0339,13,12,13,15,16,17,Arts,Dentist,4.926433534682241,1,3,0,7.95
STU00558,23,Male,Engineering,4.6,3.1,No,66.9,8.3,Yes,3.44,8,4.6,11.9,Dorm,No,8,9,Reading,1.4,90,UCI_0317,12,15,14,17,18,18,Engineering,AI Researcher,4.252644077853631,0,1,0,8.6
STU00559,25,Other,Business,6.6,2.9,Yes,53.4,7.8,No,4.0,5,5.4,13.2,Library,Yes,10,5,Reading,1.3,100,UCI_0340,15,15,17,14,15,18,Business,AI Researcher,3.9612657519262537,1,2,0,10.0
STU00560,16,Other,Psychology,7.0,4.7,No,86.7,7.4,Yes,3.43,6,8.4,14.0,Quiet Room,No,7,10,Reading,8.4,86,UCI_0303,16,16,17,19,18,17,Psychology,Interior Designer,4.214551389975767,2,3,1,8.58
STU00561,26,Male,Business,3.9,2.6,No,91.8,7.8,No,3.26,6,2.9,6.9,Library,No,1,10,Reading,9.8,81,UCI_0070,15,17,17,15,14,15,Business,Electrical Engineer,2.7603181249683413,2,1,0,8.15
STU00562,24,Other,Computer Science,5.541159538535986,3.1,No,64.2,7.8,No,3.28,5,3.8,10.8,Dorm,Yes,5,6,Visual,5.8,87,UCI_0110,16,19,19,12,13,14,Computer Science,Physician Assistant,4.892387921120665,0,1,1,8.2
STU00563,25,Female,Business,5.6,1.6,No,90.3,4.0,Yes,4.0,4,4.0,9.7,Co-Learning Group,No,9,6,Auditory,7.0,93,UCI_0340,16,15,16,15,15,17,Business,Market Research Analyst,3.933638351760388,0,4,0,10.0
STU00564,20,Other,Computer Science,5.041338292,3.0,No,78.5,7.7,Yes,4.0,3,3.5,11.8,Library,Yes,7,10,Kinesthetic,8.9,100,UCI_0303,16,14,17,18,18,17,Computer Science,Physician Assistant,4.245862295657437,2,4,1,10.0
STU00565,21,Male,Business,3.9,1.8,Yes,45.0,6.7,Yes,4.0,7,5.7,7.9,Cafe,No,9,10,Kinesthetic,9.3,100,UCI_0303,15,15,17,18,17,17,Business,Legal Analyst,4.231417607010806,2,0,1,10.0
STU00566,20,Other,Biology,3.7,0.0,Yes,85.8,9.1,Yes,4.0,2,3.2,7.7,Quiet Room,Yes,9,10,Auditory,6.9,99,UCI_0303,15,15,16,17,19,16,Biology,Construction Manager,2.7915358756808906,2,3,1,10.0
STU00567,23,Female,Computer Science,5.079966319794936,4.8,No,86.8,5.8,No,3.42,6,7.7,10.8,Dorm,No,9,10,Visual,1.6,77,UCI_0268,18,16,17,14,15,17,Computer Science,Credit Analyst,4.544797511208387,2,2,0,8.55
STU00568,22,Female,Computer Science,7.537345019023412,3.5,Yes,92.3,7.9,No,3.5,1,5.9,13.3,Co-Learning Group,Yes,6,8,Auditory,8.5,94,UCI_0043,18,17,17,14,14,14,Computer Science,Fluid Mechanics Engineer,4.364895914446201,1,0,0,8.75
STU00569,26,Female,Arts,6.0,4.6,No,97.1,6.8,No,3.11,2,2.6,14.0,Dorm,Yes,3,9,Visual,9.2,73,UCI_0197,13,16,16,15,14,17,Arts,Legal Analyst,4.115614882271874,0,1,0,7.77
STU00570,26,Other,Engineering,7.8,2.1,No,91.3,5.3,No,4.0,8,2.4,12.8,Quiet Room,Yes,2,7,Visual,9.5,100,UCI_0303,17,14,17,18,19,17,Engineering,Marketing Manager,2.539802170566374,1,0,0,10.0
STU00571,28,Female,Engineering,4.0,2.0,No,63.7,7.2,No,4.0,5,1.0,10.5,Co-Learning Group,Yes,4,9,Kinesthetic,6.9,98,UCI_0303,17,14,16,17,17,16,Engineering,Advertising Manager,4.118662878435035,2,3,1,10.0
STU00572,27,Female,Business,2.6,3.7,Yes,70.4,5.6,No,2.9,4,7.6,8.0,Cafe,Yes,8,10,Reading,5.1,70,UCI_0235,13,14,13,14,14,13,Business,Entrepreneur,3.842387210960452,1,4,1,7.25
STU00573,28,Male,Arts,5.6,1.6,No,68.6,4.0,Yes,4.0,1,1.9,11.7,Dorm,Yes,1,8,Kinesthetic,6.1,100,UCI_0303,15,15,16,17,19,17,Arts,Analytical Chemist,4.780378926881944,0,2,1,10.0
STU00574,16,Male,Business,3.6,0.6,Yes,63.6,8.0,Yes,3.91,1,6.4,7.1,Dorm,No,5,10,Reading,3.3,100,UCI_0303,17,14,17,17,18,17,Business,Music Teacher,3.868288782433178,2,3,0,9.78
STU00575,18,Other,Engineering,5.3,2.1,No,77.4,7.1,No,4.0,4,5.2,7.5,Co-Learning Group,No,9,6,Reading,8.9,100,UCI_0303,17,14,15,18,18,16,Engineering,Biomedical Engineer,3.699510857825666,1,2,0,10.0
STU00576,25,Female,Biology,2.3,0.6,Yes,67.8,8.6,Yes,2.2,4,8.8,8.3,Dorm,No,9,8,Auditory,9.9,54,UCI_0382,11,12,10,10,11,11,Biology,Civil Engineer,2.6000718875557007,1,1,1,5.5
STU00577,28,Female,Engineering,1.4,3.3,Yes,69.0,5.3,Yes,3.08,6,6.3,6.9,Library,No,7,10,Visual,1.8,79,UCI_0330,16,15,15,12,12,15,Engineering,Chemist,2.904276111470244,1,3,0,7.7
STU00578,18,Other,Psychology,6.0,4.2,No,52.6,6.3,No,4.0,5,3.2,12.2,Cafe,No,1,6,Visual,3.7,96,UCI_0303,17,14,15,17,17,17,Psychology,Civil Engineer,4.7620916709206895,0,3,0,10.0
STU00579,19,Male,Psychology,2.6,1.0,Yes,93.6,6.0,Yes,3.82,2,5.6,5.9,Cafe,Yes,4,10,Reading,9.4,92,UCI_0303,15,14,16,19,17,18,Psychology,Data Scientist,2.9206713270241207,1,3,1,9.55
STU00580,16,Female,Biology,1.7,3.1,No,50.9,7.4,Yes,3.8,5,3.0,7.9,Dorm,No,9,9,Auditory,5.8,100,UCI_0303,16,16,15,18,19,16,Biology,Forensic Psychologist,2.5340948183862384,0,3,0,9.5
STU00581,22,Other,Biology,6.0,2.9,No,45.9,4.6,No,4.0,1,2.8,14.5,Dorm,No,8,9,Kinesthetic,9.2,94,UCI_0303,17,15,16,18,18,16,Biology,Pharmacist,3.110418628,2,3,1,10.0
STU00582,24,Male,Engineering,4.7,1.7,No,51.8,6.6,Yes,3.97,3,6.0,8.6,Cafe,Yes,6,7,Visual,5.3,96,UCI_0303,17,15,17,18,18,17,Engineering,Astronomer,3.908645073075741,1,0,1,9.93
STU00583,24,Male,Computer Science,4.288250788297074,3.9,No,48.5,4.5,No,4.0,7,5.0,12.0,Library,Yes,9,7,Auditory,8.6,88,UCI_0263,18,19,19,15,16,15,Computer Science,Art Therapist,2.946429132204281,2,1,1,10.0
STU00584,24,Male,Engineering,5.1,2.7,Yes,54.9,6.8,No,3.51,7,2.8,10.7,Library,Yes,8,10,Auditory,6.9,88,UCI_0043,20,17,19,13,15,15,Engineering,Graphic Designer,4.037820343176062,0,3,1,8.77
STU00585,26,Other,Computer Science,6.317721013493503,0.4,No,45.7,6.1,Yes,4.0,7,3.8,8.5,Co-Learning Group,No,10,10,Auditory,5.9,100,UCI_0263,17,18,18,15,15,15,Computer Science,Judge,4.484395864711654,0,0,1,10.0
STU00586,27,Male,Psychology,5.5,2.6,Yes,87.2,6.2,Yes,2.99,8,5.0,10.6,Co-Learning Group,Yes,1,10,Visual,8.7,71,UCI_0093,16,17,19,15,12,14,Psychology,Architectural Technologist,3.246702268782637,2,2,1,7.48
STU00587,19,Male,Psychology,2.8,1.0,Yes,86.6,5.1,No,3.33,8,2.9,5.4,Cafe,Yes,9,9,Auditory,6.8,89,UCI_0016,13,15,13,18,18,18,Psychology,Conductor,3.598212589235391,2,0,1,8.32
STU00588,23,Female,Business,10.2,0.9,Yes,81.2,7.4,Yes,4.0,5,4.7,12.5,Cafe,Yes,5,10,Reading,3.1,92,UCI_0263,18,19,17,16,14,14,Business,Aerospace Engineer,3.333118464608876,1,1,1,10.0
STU00589,19,Male,Computer Science,0.5042588385132865,0.3,Yes,80.0,6.3,No,3.92,4,6.0,2.3,Cafe,Yes,9,10,Visual,7.3,94,UCI_0263,16,18,19,14,16,15,Computer Science,Manager,2.6276293794687624,0,3,0,9.8
STU00590,18,Male,Business,3.6,4.2,No,89.2,8.4,Yes,4.0,8,3.1,12.4,Quiet Room,Yes,9,9,Kinesthetic,8.1,100,UCI_0263,17,19,18,15,16,15,Business,Biologist,3.573058524694703,0,4,1,10.0
STU00591,26,Other,Biology,4.4,3.0,No,61.3,4.4,Yes,3.55,4,4.9,10.9,Dorm,Yes,1,9,Auditory,1.1,88,UCI_0268,16,16,16,14,15,17,Biology,Artist,3.538551605478676,1,2,1,8.88
STU00592,24,Male,Business,0.0,2.9,Yes,79.5,6.7,No,4.0,4,4.4,8.4,Dorm,Yes,1,10,Reading,5.5,100,UCI_0263,16,18,19,16,15,14,Business,Sound Engineer,2.791824164134669,2,2,1,10.0
STU00593,20,Other,Psychology,0.5,1.4,No,42.5,6.8,No,2.88,1,1.7,3.4,Quiet Room,No,4,7,Visual,7.9,67,UCI_0302,13,14,15,15,18,16,Psychology,Accountant,4.875438524551528,2,3,1,7.2
STU00594,22,Male,Arts,3.4,3.6,No,62.0,9.0,No,4.0,2,6.3,8.4,Co-Learning Group,No,10,10,Auditory,9.8,91,UCI_0263,16,19,19,14,16,16,Arts,Social Media Manager,3.2686975230111712,1,0,1,10.0
STU00595,22,Male,Psychology,6.0,3.5,No,51.2,4.0,No,3.98,7,8.1,14.0,Cafe,Yes,9,10,Reading,8.4,97,UCI_0263,18,17,17,16,16,16,Psychology,Paralegal,4.522731014017449,1,0,1,9.95
STU00596,23,Other,Biology,3.5,4.9,No,93.9,7.0,Yes,3.88,3,6.8,11.9,Library,No,8,8,Kinesthetic,6.8,100,UCI_0263,17,17,19,14,15,16,Biology,Game Developer,4.860714375098732,2,0,0,9.7
STU00597,25,Female,Biology,2.8,1.7,Yes,49.1,8.3,No,2.38,3,7.8,7.4,Dorm,Yes,7,10,Kinesthetic,8.8,59,UCI_0014,10,10,11,12,12,13,Biology,Brand Manager,4.946372553722957,1,0,0,5.95
STU00598,27,Male,Psychology,11.9,4.8,No,71.6,8.7,Yes,4.0,1,5.5,19.8,Library,Yes,9,10,Visual,8.9,100,UCI_0263,16,17,18,16,15,16,Psychology,Biologist,4.477558906548616,1,4,1,10.0
STU00599,21,Female,Arts,4.0,4.6,Yes,40.0,9.1,Yes,4.0,6,3.1,11.7,Library,No,4,10,Reading,3.4,100,UCI_0263,16,19,19,15,16,15,Arts,Accountant,3.651336220847661,2,1,1,10.0
STU00600,19,Female,Psychology,6.7,2.3,No,52.4,8.4,No,3.92,3,8.6,12.4,Dorm,No,9,9,Kinesthetic,9.1,92,UCI_0263,17,19,19,16,14,16,Psychology,Electrical Engineer,3.1020947704098965,1,3,0,9.8
STU00601,27,Other,Computer Science,0.9716233705540952,4.7,Yes,70.7,6.3,Yes,4.0,7,2.5,10.3,Co-Learning Group,Yes,2,8,Auditory,8.2,95,UCI_0263,16,18,18,15,16,16,Computer Science,Teacher,4.852263375104109,2,2,0,10.0
STU00602,25,Male,Computer Science,0.7964667081097081,1.7,No,46.9,6.0,No,3.63,4,3.3,4.6,Library,Yes,4,6,Reading,2.5,96,UCI_0263,16,17,17,16,15,16,Computer Science,Industrial-Organizational Psychologist,4.239865123909302,1,4,0,9.07
STU00603,25,Other,Psychology,6.5,3.8,No,62.0,8.4,Yes,3.64,6,5.3,13.8,Quiet Room,Yes,6,10,Reading,2.8,96,UCI_0043,20,19,17,13,15,15,Psychology,Conductor,2.934172121963768,1,4,0,9.1
STU00604,24,Female,Engineering,2.9,4.7,No,64.8,6.6,Yes,4.0,7,2.3,12.1,Library,Yes,10,10,Visual,6.1,96,UCI_0043,20,17,18,13,14,14,Engineering,Interior Designer,3.051281363601992,0,0,1,10.0
STU00605,21,Other,Business,0.0,2.3,Yes,53.8,9.4,No,3.89,2,7.2,4.7,Library,No,1,8,Reading,2.9,94,UCI_0043,18,18,18,14,15,16,Business,Legal Secretary,4.549595981246167,0,1,0,9.72
STU00606,26,Male,Biology,6.2,0.5,No,41.8,7.9,No,3.71,6,3.0,6.9,Library,No,5,10,Kinesthetic,9.6,99,UCI_0043,20,18,18,15,16,14,Biology,Accountant,3.3390162977244087,2,4,0,9.28
STU00607,27,Female,Arts,7.4,0.9,No,60.6,9.0,Yes,4.0,6,5.6,10.8,Library,No,10,6,Auditory,3.2,99,UCI_0043,20,17,18,14,15,14,Arts,Art Therapist,4.191444164,0,1,0,10.0
STU00608,17,Male,Computer Science,4.133176461,1.2,Yes,54.4,7.0,No,4.0,8,4.9,7.2,Cafe,Yes,10,6,Kinesthetic,3.1,96,UCI_0043,20,17,17,15,16,14,Computer Science,Actuary,3.217536556,2,3,0,10.0
STU00609,18,Other,Computer Science,2.7801653699723965,0.9,No,89.5,5.5,No,3.86,8,2.6,8.4,Dorm,Yes,2,10,Visual,7.1,97,UCI_0043,20,19,17,14,15,14,Computer Science,Software Developer,2.976752677842628,2,2,1,9.65
STU00610,26,Female,Biology,2.8,3.6,Yes,56.5,8.1,No,4.0,3,6.9,8.9,Dorm,No,4,5,Kinesthetic,10.0,100,UCI_0043,18,17,17,14,15,14,Biology,Microbiologist,4.463865215008619,1,4,0,10.0
STU00611,20,Other,Business,6.3,0.9,Yes,96.9,7.0,Yes,3.04,8,5.8,11.0,Co-Learning Group,No,4,10,Kinesthetic,3.2,72,UCI_0293,14,15,13,15,15,16,Business,Music Teacher,2.8071475694364025,0,3,1,7.6
STU00612,26,Female,Psychology,4.2,4.8,Yes,68.7,8.3,No,3.73,8,5.5,14.0,Cafe,Yes,2,9,Auditory,1.5,86,UCI_0043,19,17,18,13,14,14,Psychology,Astronomer,3.576234841145489,0,2,1,9.32
STU00613,25,Other,Computer Science,3.389047145875321,3.9,Yes,94.9,9.8,Yes,3.19,3,9.5,11.3,Cafe,Yes,6,10,Auditory,2.0,75,UCI_0355,15,14,16,15,14,16,Computer Science,Financial Analyst,2.8529049872549157,0,0,1,7.97
STU00614,18,Male,Arts,4.1,3.7,Yes,92.8,5.3,No,3.08,7,5.1,9.7,Library,Yes,4,10,Auditory,8.0,71,UCI_0124,16,16,15,14,13,13,Arts,Biomedical Engineer,3.322279400547208,0,4,0,7.7
STU00615,23,Female,Business,3.4,0.0,Yes,79.7,4.6,No,2.55,6,4.5,5.6,Dorm,Yes,10,8,Kinesthetic,3.0,65,UCI_0345,13,13,13,8,9,10,Business,Education Administrator,3.478063759,0,1,0,6.38
STU00616,21,Female,Arts,6.3,0.9,No,75.2,6.0,No,3.09,7,1.8,8.6,Dorm,No,7,10,Visual,1.9,82,UCI_0010,15,15,15,13,11,12,Arts,Zoologist,3.8063420388304072,0,0,0,7.72
STU00617,19,Other,Engineering,3.8,1.7,No,86.5,7.0,Yes,3.63,7,6.8,9.4,Cafe,Yes,3,9,Auditory,9.6,95,UCI_0268,17,18,17,16,15,17,Engineering,Animator,2.8305662125508566,1,1,1,9.07
STU00618,25,Male,Biology,2.2,3.0,No,61.5,7.7,No,4.0,1,1.9,9.2,Dorm,Yes,2,8,Reading,9.5,100,UCI_0268,16,16,17,14,17,17,Biology,Physical Chemist,2.9004710121277184,0,2,0,10.0
STU00619,19,Female,Biology,5.5,4.8,Yes,75.6,6.0,No,3.93,1,4.3,11.8,Co-Learning Group,No,6,10,Reading,1.6,100,UCI_0268,17,16,16,15,16,17,Biology,Market Research Analyst,4.386123618894105,1,3,0,9.83
STU00620,28,Other,Engineering,0.2,3.5,No,84.9,6.7,No,3.6,6,5.2,6.5,Dorm,No,9,10,Auditory,3.5,88,UCI_0268,17,16,16,16,15,17,Engineering,Composer,3.7451959065463423,0,2,0,9.0
STU00621,19,Female,Computer Science,5.827309290486548,3.8,Yes,68.3,8.9,Yes,4.0,7,2.2,12.2,Quiet Room,Yes,7,10,Visual,3.3,89,UCI_0268,16,18,18,15,15,17,Computer Science,Construction Manager,2.959477277392525,0,4,0,10.0
STU00622,26,Male,Biology,6.9,3.7,No,54.8,7.3,No,3.49,6,3.7,13.7,Dorm,No,9,10,Reading,5.4,97,UCI_0109,16,19,19,12,15,13,Biology,Electrical Engineer,4.604851688139418,2,4,1,8.73
STU00623,22,Other,Biology,4.2,1.9,Yes,66.4,4.0,Yes,2.57,7,5.1,8.3,Dorm,No,4,10,Auditory,7.7,65,UCI_0098,11,15,15,9,11,11,Biology,Teacher,4.673025992706805,1,1,0,6.42
STU00624,21,Female,Engineering,4.0,3.0,Yes,78.5,5.5,Yes,3.56,7,1.4,9.5,Dorm,No,6,9,Visual,5.2,85,UCI_0320,13,15,15,18,17,16,Engineering,Chemical Engineer,3.1183372229041906,1,2,0,8.9
STU00625,21,Male,Arts,6.5,2.0,No,69.7,7.7,No,3.81,1,8.7,12.6,Cafe,Yes,6,8,Kinesthetic,5.5,92,UCI_0268,17,18,17,15,16,17,Arts,Dentist,4.926433534682241,1,3,0,9.53
STU00626,22,Male,Business,4.7,2.7,No,74.6,4.0,No,3.9,3,6.7,11.9,Cafe,Yes,4,10,Kinesthetic,5.7,99,UCI_0268,17,18,18,16,17,17,Business,Marketing Manager,4.500163937952381,1,1,1,9.75
STU00627,24,Male,Engineering,3.9,2.3,No,85.6,6.2,Yes,3.01,8,5.3,9.7,Dorm,No,1,10,Visual,3.1,80,UCI_0238,15,14,12,17,15,16,Engineering,Advertising Manager,3.4463225289492625,0,3,1,7.52
STU00628,25,Male,Biology,1.7,3.1,Yes,58.9,9.6,No,3.97,6,3.8,9.1,Quiet Room,No,8,10,Auditory,9.2,100,UCI_0268,18,16,17,16,16,17,Biology,Risk Analyst,4.558794107380399,1,3,0,9.93
STU00629,23,Other,Computer Science,7.227270965313989,4.5,No,56.7,5.2,No,4.0,7,6.1,15.3,Library,No,2,10,Auditory,3.2,96,UCI_0268,16,18,18,16,15,17,Computer Science,Legal Secretary,4.890931552076206,2,4,1,10.0
STU00630,21,Male,Psychology,4.0,4.1,Yes,98.9,4.3,No,4.0,3,7.9,13.3,Dorm,Yes,1,8,Kinesthetic,3.6,96,UCI_0268,17,17,17,15,16,16,Psychology,Lawyer,4.847733023436303,2,2,0,10.0
STU00631,23,Female,Biology,2.1,0.3,No,43.6,6.0,Yes,3.24,3,3.7,6.9,Co-Learning Group,Yes,5,7,Visual,1.2,72,UCI_0118,16,14,15,16,14,14,Biology,Financial Analyst,3.670693604183003,0,2,0,8.1
STU00632,20,Female,Business,1.3,1.0,No,71.9,5.5,No,2.96,6,4.9,3.4,Dorm,Yes,2,6,Reading,8.4,68,UCI_0317,11,13,15,18,18,17,Business,Acoustics Specialist,3.1643988481210528,2,3,1,7.4
STU00633,19,Female,Biology,5.7,3.8,Yes,59.4,4.0,Yes,4.0,5,6.3,13.6,Quiet Room,Yes,8,5,Auditory,4.3,89,UCI_0268,17,18,17,16,17,15,Biology,Credit Analyst,3.853168621850768,1,0,1,10.0
STU00634,21,Male,Biology,4.0,0.9,No,81.1,8.8,Yes,4.0,7,1.4,8.0,Quiet Room,No,1,10,Reading,9.5,100,UCI_0268,16,18,16,15,15,16,Biology,School Psychologist,3.682828466855909,2,1,0,10.0
STU00635,17,Male,Engineering,3.2,2.8,Yes,83.4,10.0,Yes,3.86,4,2.8,9.7,Co-Learning Group,No,2,10,Kinesthetic,4.4,100,UCI_0268,16,17,18,16,17,15,Engineering,Manager,3.175355834206805,2,3,0,9.65
STU00636,28,Female,Business,6.4,4.3,No,75.0,7.1,No,3.87,7,4.0,13.5,Co-Learning Group,Yes,7,7,Auditory,4.4,100,UCI_0320,14,14,17,18,17,17,Business,Legal Analyst,3.1843232421190857,1,3,0,9.68
STU00637,20,Female,Biology,2.7,2.2,No,99.2,4.5,No,2.9,6,6.9,6.3,Cafe,No,9,10,Auditory,2.2,64,UCI_0142,16,16,14,13,14,15,Biology,Illustrator,3.9591475509182006,0,0,0,7.25
STU00638,16,Male,Arts,6.1,0.0,Yes,98.7,6.9,Yes,4.0,2,4.1,8.2,Cafe,Yes,5,7,Kinesthetic,7.9,100,UCI_0320,15,16,15,18,18,17,Arts,Physicist,3.978565952,1,1,0,10.0
STU00639,26,Other,Biology,6.2,0.6,Yes,89.8,7.9,Yes,4.0,7,5.0,11.8,Dorm,Yes,9,5,Reading,1.5,100,UCI_0320,15,16,15,17,19,17,Biology,Judge,3.2082147848700524,1,2,1,10.0
STU00640,25,Male,Arts,1.8,3.8,No,76.3,6.8,No,2.87,5,7.7,10.3,Quiet Room,No,5,10,Kinesthetic,2.0,71,UCI_0252,13,16,14,12,13,12,Arts,Brand Manager,4.420049034880793,1,4,0,7.18
STU00641,22,Female,Arts,4.8,0.2,Yes,90.7,6.6,No,3.4,6,6.2,5.8,Dorm,No,9,8,Reading,5.6,85,UCI_0224,15,16,17,13,14,15,Arts,Forensic Psychologist,3.530789656723273,1,1,1,8.5
STU00642,25,Female,Biology,5.0,0.3,No,68.5,8.3,Yes,3.79,8,3.9,9.9,Dorm,Yes,1,7,Auditory,6.8,90,UCI_0320,13,16,15,17,17,17,Biology,Clinical Psychologist,3.3442127112379216,0,3,1,9.47
STU00643,22,Female,Business,6.4,1.0,No,96.5,5.9,No,4.0,2,4.6,9.8,Cafe,Yes,3,10,Reading,7.3,93,UCI_0320,15,15,17,16,18,17,Business,Animator,3.5254418009884505,1,3,0,10.0
STU00644,24,Male,Psychology,4.7,4.4,Yes,46.9,6.5,Yes,2.68,4,6.6,9.6,Cafe,No,8,10,Reading,8.2,66,UCI_0035,13,14,14,12,11,12,Psychology,Architect,4.2010404491063404,1,0,0,6.7
STU00645,16,Male,Business,0.6,2.6,No,82.3,6.2,Yes,2.53,5,5.2,6.1,Quiet Room,No,5,10,Visual,9.5,62,UCI_0354,11,11,10,13,12,13,Business,Conductor,4.609981755408819,1,4,1,6.32
STU00646,17,Male,Arts,5.3,3.1,No,61.8,9.0,No,2.68,1,7.0,11.5,Dorm,No,4,10,Kinesthetic,8.4,72,UCI_0055,10,13,13,13,12,13,Arts,Electrical Engineer,4.580640837376311,2,0,0,6.7
STU00647,27,Other,Business,8.1,4.5,Yes,78.7,9.2,No,3.32,8,8.3,13.9,Dorm,Yes,9,10,Auditory,8.3,80,UCI_0224,15,15,18,14,14,13,Business,Graphic Designer,3.673791158832287,0,0,0,8.3
STU00648,19,Female,Computer Science,4.951305637394968,0.7,No,99.7,7.7,Yes,4.0,7,5.8,8.3,Co-Learning Group,No,5,10,Auditory,6.2,100,UCI_0320,14,16,16,16,17,16,Computer Science,Nuclear Physicist,3.865452071155014,2,3,1,10.0
STU00649,28,Other,Computer Science,4.843992930761435,1.2,No,43.9,4.4,Yes,3.14,5,4.5,8.2,Co-Learning Group,Yes,10,10,Auditory,8.7,74,UCI_0332,15,16,18,15,15,14,Computer Science,Psychologist,4.303133455528579,1,1,0,7.85
STU00650,16,Other,Biology,4.6,3.4,No,47.0,7.4,No,3.58,3,3.1,11.9,Dorm,Yes,1,5,Auditory,3.9,92,UCI_0320,15,14,15,16,17,16,Biology,School Counselor,4.344858094704018,2,0,1,8.95
STU00651,28,Male,Arts,3.2,2.2,Yes,90.2,5.1,No,2.32,3,6.7,8.4,Dorm,Yes,5,10,Reading,8.4,67,UCI_0203,8,10,10,11,12,12,Arts,Musician,2.507358777511952,1,1,0,5.8
STU00652,26,Other,Engineering,5.7,4.6,No,57.4,7.2,Yes,3.74,1,2.7,15.5,Co-Learning Group,Yes,9,8,Kinesthetic,7.2,93,UCI_0320,13,15,15,16,19,16,Engineering,Geneticist,4.832206015439628,0,0,0,9.35
STU00653,18,Female,Engineering,5.1,3.5,Yes,67.9,4.5,Yes,2.98,6,6.5,12.3,Cafe,Yes,1,6,Reading,5.7,66,UCI_0214,12,13,14,13,13,13,Engineering,Civil Engineer,4.223868554566787,2,4,1,7.45
STU00654,26,Female,Arts,2.7,2.3,No,44.4,6.4,No,2.48,4,6.2,7.2,Cafe,Yes,7,10,Reading,9.3,65,UCI_0239,13,12,12,9,10,10,Arts,Industrial-Organizational Psychologist,4.991493787169184,0,4,1,6.2
STU00655,28,Female,Computer Science,7.344186531136915,2.0,Yes,85.3,6.9,No,3.38,5,5.0,12.7,Dorm,Yes,3,9,Visual,9.1,89,UCI_0368,15,16,16,16,15,17,Computer Science,Financial Advisor,4.108592929427637,2,4,0,8.45
STU00656,24,Female,Engineering,4.2,4.8,Yes,78.2,6.5,Yes,3.02,7,7.5,12.1,Cafe,No,6,10,Kinesthetic,2.6,68,UCI_0074,12,12,15,12,13,14,Engineering,Urban Planner,4.632198734,1,4,1,7.55
STU00657,22,Other,Engineering,1.1,3.6,No,90.7,6.2,Yes,2.93,5,4.6,6.2,Co-Learning Group,No,4,9,Auditory,1.3,73,UCI_0118,16,16,16,16,15,14,Engineering,Biochemist,3.533833328576754,0,3,0,7.33
STU00658,25,Other,Psychology,1.2,4.1,No,81.4,6.5,No,3.98,6,1.0,8.1,Library,No,6,6,Kinesthetic,1.4,100,UCI_0320,13,15,15,16,18,18,Psychology,Doctor,4.393357644625225,1,2,0,9.95
STU00659,24,Female,Arts,3.9,3.9,Yes,92.0,7.8,Yes,4.0,7,4.5,11.9,Library,No,9,6,Reading,4.1,100,UCI_0320,15,14,16,16,19,16,Arts,Physicist,2.549992726436792,1,2,0,10.0
STU00660,19,Female,Psychology,4.9,0.9,Yes,83.5,8.8,No,3.94,8,4.2,6.7,Library,No,9,9,Reading,9.2,94,UCI_0320,15,16,17,16,19,18,Psychology,Biochemist,3.901156319,0,2,1,9.85
STU00661,24,Male,Biology,2.0,4.6,No,81.6,8.3,Yes,3.54,4,9.2,11.0,Cafe,No,5,5,Reading,3.1,84,UCI_0320,14,16,17,16,19,18,Biology,Curriculum Developer,3.497246195531048,0,0,1,8.85
STU00662,26,Other,Arts,5.2,1.5,Yes,86.5,8.9,Yes,4.0,2,6.8,8.5,Co-Learning Group,No,7,6,Kinesthetic,7.4,95,UCI_0320,13,14,17,16,18,18,Arts,Chemical Engineer,3.541571173556942,1,4,0,10.0
STU00663,26,Other,Engineering,2.5,2.2,No,73.0,5.6,Yes,2.65,8,1.3,8.2,Co-Learning Group,Yes,3,10,Auditory,6.4,64,UCI_0196,14,13,13,14,12,11,Engineering,Special Education Teacher,4.324391677289254,0,2,0,6.62
STU00664,27,Other,Arts,4.4,2.8,No,82.5,6.3,Yes,4.0,5,5.1,10.0,Library,Yes,7,5,Kinesthetic,5.1,100,UCI_0320,13,15,16,16,18,17,Arts,Teacher,4.302552944198839,0,4,1,10.0
STU00665,24,Male,Computer Science,5.563906351461375,3.2,Yes,44.3,6.5,Yes,4.0,2,4.1,12.1,Cafe,No,1,10,Visual,2.5,100,UCI_0320,14,14,16,18,17,16,Computer Science,Financial Analyst,2.8529049872549157,0,0,1,10.0
STU00666,21,Other,Engineering,4.6,0.1,Yes,80.5,8.6,Yes,3.89,3,5.5,9.6,Quiet Room,No,7,10,Auditory,6.3,99,UCI_0320,15,15,17,17,19,17,Engineering,Legal Analyst,3.2806783585379997,1,4,0,9.72
STU00667,24,Female,Psychology,1.5,0.1,No,40.1,11.1,No,2.86,8,3.4,2.8,Cafe,No,4,6,Visual,3.4,75,UCI_0292,14,12,11,13,13,13,Psychology,Human Resources Specialist,4.873282092476392,0,1,1,7.15
STU00668,16,Male,Biology,5.0,4.5,No,83.1,5.9,Yes,3.67,7,6.0,13.4,Dorm,Yes,1,10,Visual,2.1,97,UCI_0317,13,13,14,17,19,18,Biology,Accountant,3.973450244397176,2,1,1,9.18
STU00669,18,Male,Engineering,2.8,3.0,No,56.0,9.6,Yes,4.0,3,4.0,10.1,Library,Yes,4,10,Reading,2.6,95,UCI_0317,13,13,16,18,18,17,Engineering,Physician Assistant,4.179068312722489,2,0,1,10.0
STU00670,19,Other,Business,6.4,3.4,No,91.6,9.9,No,4.0,1,7.3,12.4,Dorm,Yes,6,7,Visual,8.2,100,UCI_0317,11,15,16,17,18,17,Business,Civil Engineer,3.440566177471628,2,3,0,10.0
STU00671,19,Male,Psychology,5.7,4.0,Yes,45.1,6.6,No,3.52,6,7.5,14.1,Dorm,No,7,7,Visual,9.2,88,UCI_0317,11,14,16,18,19,17,Psychology,Cybersecurity Analyst,3.947128679720315,0,4,1,8.8
STU00672,22,Male,Biology,0.4,1.1,Yes,95.4,5.9,Yes,2.36,4,8.5,2.5,Co-Learning Group,No,10,8,Kinesthetic,5.4,64,UCI_0127,14,11,13,13,14,12,Biology,Clinical Psychologist,4.055934111,1,1,0,5.9
STU00673,19,Other,Computer Science,4.121375104066972,2.0,Yes,74.5,5.9,Yes,3.17,5,9.5,9.9,Dorm,Yes,4,5,Kinesthetic,5.0,83,UCI_0124,16,15,16,14,14,15,Computer Science,Psychologist,3.025695447560328,2,0,0,7.92
STU00674,22,Female,Engineering,7.0,4.0,Yes,88.2,9.1,No,2.81,3,4.9,14.5,Cafe,No,2,10,Auditory,7.7,62,UCI_0100,11,14,14,12,13,13,Engineering,Conductor,4.781385236076501,2,2,1,7.03
STU00675,23,Other,Business,6.2,0.7,No,91.5,6.6,Yes,4.0,6,6.5,9.9,Quiet Room,Yes,4,10,Auditory,4.6,100,UCI_0317,12,14,15,18,19,17,Business,Doctor,4.751152572274634,1,4,0,10.0
STU00676,18,Female,Arts,2.2,3.0,No,58.7,6.8,Yes,3.11,3,1.0,8.0,Cafe,No,7,5,Reading,7.6,81,UCI_0057,14,14,15,14,13,14,Arts,Surgeon,3.272713653163118,2,2,1,7.77
STU00677,21,Female,Psychology,2.9,0.0,Yes,62.5,6.7,No,2.9,5,3.2,5.2,Dorm,Yes,6,6,Kinesthetic,5.4,74,UCI_0238,13,13,13,16,17,16,Psychology,Aerospace Engineer,4.046469287495525,1,3,0,7.25
STU00678,21,Male,Arts,5.3,2.5,Yes,48.4,4.1,Yes,4.0,2,2.8,9.1,Library,Yes,4,10,Visual,7.7,100,UCI_0317,13,15,14,16,18,18,Arts,Physician Assistant,3.8368400125429183,0,2,1,10.0
STU00679,23,Other,Engineering,3.7,3.8,No,46.3,7.2,No,3.45,4,7.9,9.2,Library,No,4,10,Visual,3.6,87,UCI_0060,14,17,17,15,15,16,Engineering,Biotechnologist,2.7521199937096466,2,3,0,8.62
STU00680,24,Other,Engineering,5.8,1.1,Yes,44.4,6.0,Yes,3.39,2,3.0,11.1,Quiet Room,Yes,8,9,Auditory,7.5,90,UCI_0058,13,15,15,14,15,15,Engineering,Inorganic Chemist,4.236865402580188,1,3,1,8.47
STU00681,18,Male,Arts,0.0,4.1,Yes,48.1,7.8,No,3.38,3,3.7,6.5,Library,No,1,10,Visual,7.6,87,UCI_0294,14,12,14,18,18,17,Arts,Legal Analyst,4.115614882271874,0,1,0,8.45
STU00682,17,Other,Engineering,3.0,4.7,No,51.5,7.7,No,3.13,1,8.5,10.4,Co-Learning Group,No,1,10,Reading,9.0,83,UCI_0293,16,14,15,14,16,16,Engineering,Forensic Psychologist,4.301051512609582,0,3,1,7.82
STU00683,21,Other,Business,2.8,4.9,Yes,95.8,7.4,No,2.97,1,3.1,11.3,Quiet Room,No,8,10,Reading,5.1,75,UCI_0121,14,13,13,13,15,14,Business,Composer,3.614173076078724,1,0,1,7.43
STU00684,17,Other,Computer Science,4.240439326264253,0.7,No,86.2,6.0,No,4.0,8,2.6,10.6,Dorm,No,8,6,Visual,5.8,96,UCI_0317,12,14,16,18,17,18,Computer Science,Chemical Engineer,3.764493213192721,1,3,0,10.0
STU00685,22,Male,Engineering,3.1,3.9,No,52.6,6.9,No,3.93,7,5.9,10.9,Cafe,Yes,4,10,Auditory,3.8,100,UCI_0317,11,14,15,17,19,18,Engineering,Biochemist,3.533833328576754,0,3,0,9.83
STU00686,25,Male,Arts,4.8,4.1,No,68.1,6.6,Yes,3.65,4,6.5,9.8,Co-Learning Group,Yes,9,8,Visual,5.5,89,UCI_0317,12,15,14,16,18,17,Arts,Music Teacher,3.940716807641554,0,2,0,9.12
STU00687,21,Female,Psychology,4.8,4.4,No,95.4,5.8,No,4.0,3,5.5,12.1,Cafe,Yes,10,10,Kinesthetic,2.2,99,UCI_0317,13,15,14,16,19,17,Psychology,Judge,4.410364846944557,1,4,0,10.0
STU00688,20,Other,Psychology,5.8,2.0,No,55.4,6.0,Yes,4.0,4,7.1,11.0,Dorm,No,7,10,Visual,2.6,92,UCI_0060,14,17,16,17,16,17,Psychology,Art Therapist,2.9565980179198545,0,1,1,10.0
STU00689,18,Female,Business,2.8,0.7,No,60.6,7.7,No,4.0,7,6.1,5.8,Co-Learning Group,No,1,6,Reading,6.0,100,UCI_0060,15,17,17,15,14,15,Business,Urban Planner,3.508877127638612,2,2,1,10.0
STU00690,25,Female,Computer Science,1.2354737190563148,4.1,Yes,99.3,6.7,Yes,2.58,3,4.9,9.3,Co-Learning Group,No,10,10,Visual,6.7,54,UCI_0277,10,10,10,15,16,16,Computer Science,Counselor,2.8884603739481536,0,1,0,6.45
STU00691,20,Male,Psychology,4.4,1.8,No,57.7,6.5,No,4.0,3,1.7,10.1,Quiet Room,No,3,10,Kinesthetic,1.1,100,UCI_0060,15,15,16,15,15,16,Psychology,Clinical Psychologist,2.553235107938689,1,3,1,10.0
STU00692,19,Other,Psychology,6.9,4.9,Yes,52.7,8.4,Yes,3.81,8,2.6,16.6,Co-Learning Group,Yes,10,6,Auditory,2.7,97,UCI_0060,15,16,16,17,16,17,Psychology,Civil Engineer,3.867669418059786,1,4,1,9.53
STU00693,26,Male,Psychology,4.5,0.4,No,85.1,5.5,Yes,3.42,7,5.7,8.9,Co-Learning Group,No,3,6,Auditory,1.6,81,UCI_0228,16,14,15,16,18,16,Psychology,Musician,2.689741753129019,1,2,0,8.55
STU00694,17,Female,Psychology,4.2,0.5,Yes,54.6,4.9,No,3.57,1,7.3,7.6,Dorm,No,8,10,Auditory,6.6,94,UCI_0060,15,17,17,16,14,15,Psychology,Human Resources Specialist,3.3558024528658894,1,4,1,8.92
STU00695,16,Female,Arts,2.5,4.5,Yes,53.5,7.3,Yes,4.0,5,7.2,8.7,Quiet Room,Yes,1,7,Kinesthetic,7.4,99,UCI_0060,14,17,17,16,14,15,Arts,Pharmacist,3.0121161391577225,1,3,0,10.0
STU00696,28,Male,Psychology,5.3,2.5,Yes,90.6,6.1,No,3.23,1,3.5,10.5,Library,No,6,10,Kinesthetic,1.5,73,UCI_0332,15,14,16,13,14,16,Psychology,School Counselor,3.5443169184489243,0,4,1,8.07
STU00697,20,Female,Psychology,5.6,3.3,Yes,62.9,8.6,Yes,4.0,1,7.8,11.9,Library,Yes,1,10,Visual,7.1,100,UCI_0060,14,17,15,15,14,17,Psychology,Physical Chemist,4.071719906605911,2,1,1,10.0
STU00698,22,Male,Biology,3.0,4.8,No,52.9,7.7,Yes,3.81,2,3.6,10.5,Quiet Room,No,10,10,Kinesthetic,8.4,93,UCI_0060,15,17,15,15,16,15,Biology,Architect,4.140348785585896,2,2,0,9.53
STU00699,17,Female,Arts,1.1,2.5,No,41.4,6.4,Yes,2.8,6,3.2,8.8,Dorm,No,3,8,Kinesthetic,1.6,68,UCI_0183,12,13,11,11,13,13,Arts,Chemical Engineer,4.775797565674039,0,3,1,7.0
STU00700,19,Female,Psychology,5.5,1.0,No,75.7,7.4,Yes,3.87,1,1.4,7.7,Quiet Room,Yes,3,6,Auditory,8.4,90,UCI_0060,15,15,16,17,15,17,Psychology,Counselor,4.642337314840869,0,4,1,9.68
STU00701,26,Female,Arts,5.0,1.0,Yes,81.5,5.9,Yes,2.79,2,8.5,8.3,Dorm,Yes,10,9,Visual,3.9,72,UCI_0204,9,9,10,14,15,15,Arts,Sound Engineer,2.696437445604361,0,3,1,6.97
STU00702,24,Female,Business,1.7,4.6,No,97.8,9.4,No,4.0,5,7.7,7.0,Cafe,Yes,6,8,Auditory,5.8,99,UCI_0060,14,16,15,16,16,16,Business,Sound Engineer,4.626611767655325,1,3,1,10.0
STU00703,23,Male,Biology,2.1,3.4,No,52.2,6.5,No,3.1,5,6.7,7.6,Dorm,No,9,9,Kinesthetic,1.7,83,UCI_0302,15,12,15,15,18,17,Biology,Principal,4.839637965734379,1,1,1,7.75
STU00704,18,Female,Business,2.5,1.0,No,99.5,7.9,Yes,4.0,1,7.1,6.9,Cafe,No,4,8,Kinesthetic,9.6,100,UCI_0109,15,19,17,13,15,15,Business,Special Education Teacher,3.083215761572844,2,4,1,10.0
STU00705,21,Male,Computer Science,7.461532513582786,4.5,Yes,90.0,7.7,No,4.0,2,1.9,15.5,Co-Learning Group,Yes,2,9,Kinesthetic,6.9,99,UCI_0109,17,18,18,12,15,14,Computer Science,Electrical Engineer,4.775645536889991,0,0,1,10.0
STU00706,26,Other,Computer Science,3.879741419430195,2.1,Yes,71.4,5.4,Yes,3.81,6,2.8,7.8,Co-Learning Group,No,10,5,Auditory,7.7,97,UCI_0109,17,18,19,12,15,13,Computer Science,Manager,3.971211754017583,2,0,1,9.53
STU00707,22,Male,Business,4.2,2.5,Yes,58.8,6.6,Yes,4.0,3,3.4,7.8,Quiet Room,Yes,1,10,Kinesthetic,8.8,98,UCI_0109,15,18,18,14,14,13,Business,School Psychologist,4.444574786194057,2,4,1,10.0
STU00708,25,Male,Biology,2.6,2.9,No,81.6,8.5,Yes,3.8,3,6.3,7.5,Dorm,Yes,10,5,Kinesthetic,3.0,95,UCI_0109,15,18,18,13,13,14,Biology,Paralegal,2.508797222444942,0,2,0,9.5
STU00709,25,Other,Biology,1.8,0.6,Yes,98.5,7.6,No,2.74,2,7.6,5.2,Library,Yes,7,10,Kinesthetic,6.3,63,UCI_0085,15,15,15,13,12,13,Biology,Education Administrator,4.239697237899188,1,3,0,6.85
STU00710,27,Male,Business,3.3,1.5,Yes,61.1,7.2,Yes,4.0,1,6.9,9.7,Co-Learning Group,Yes,10,10,Auditory,7.9,88,UCI_0109,17,18,19,12,15,13,Business,Dentist,3.711641743203363,2,2,0,10.0
STU00711,17,Other,Computer Science,1.363238122583892,4.3,Yes,92.7,9.1,Yes,4.0,5,7.0,7.1,Dorm,Yes,4,5,Auditory,1.1,100,UCI_0109,15,19,18,13,14,15,Computer Science,Legal Secretary,2.692136751019407,2,1,0,10.0
STU00712,25,Female,Business,6.1,4.6,No,69.5,6.8,Yes,3.27,2,10.0,13.8,Cafe,Yes,6,10,Auditory,1.7,81,UCI_0306,14,11,15,15,16,16,Business,Urban Planner,2.9209799223269024,0,0,1,8.18
STU00713,17,Other,Psychology,6.1,1.4,Yes,69.0,4.0,No,3.78,8,6.1,12.2,Co-Learning Group,No,9,9,Reading,2.2,83,UCI_0109,15,18,17,12,13,15,Psychology,Analytical Chemist,3.4633422772521865,1,0,1,9.45
STU00714,21,Male,Psychology,2.3,2.8,No,56.9,6.6,No,3.85,2,1.4,9.8,Dorm,Yes,5,10,Auditory,8.4,94,UCI_0109,16,19,18,12,14,15,Psychology,School Counselor,3.5443169184489243,0,4,1,9.62
STU00715,28,Other,Arts,1.6,0.7,Yes,76.1,7.0,Yes,2.46,8,7.0,6.2,Dorm,Yes,4,10,Kinesthetic,6.7,59,UCI_0067,13,13,12,11,12,12,Arts,Chemist,3.166103373691241,0,2,0,6.15
STU00716,18,Female,Arts,2.6,0.4,Yes,92.4,5.5,No,4.0,4,3.4,7.5,Quiet Room,Yes,2,10,Reading,8.1,100,UCI_0109,15,17,19,13,15,14,Arts,Principal,2.8561977253312523,2,1,1,10.0
STU00717,24,Male,Arts,3.5,4.7,No,77.2,10.7,No,4.0,6,8.6,11.4,Cafe,Yes,3,10,Auditory,3.8,99,UCI_0109,15,19,19,14,15,13,Arts,Biologist,4.714953186,0,1,1,10.0
STU00718,16,Male,Psychology,4.8,3.1,No,87.1,6.8,Yes,4.0,1,7.1,12.5,Cafe,No,8,6,Visual,7.1,93,UCI_0109,17,17,19,12,14,15,Psychology,Construction Manager,3.525728178286325,2,4,0,10.0
STU00719,19,Female,Engineering,7.2,1.4,Yes,49.9,7.9,No,3.22,7,6.7,10.6,Co-Learning Group,No,1,10,Visual,7.0,91,UCI_0118,14,16,15,16,15,14,Engineering,AI Researcher,2.611343855420204,0,2,0,8.05
STU00720,22,Female,Psychology,4.3,2.7,No,48.4,9.6,Yes,4.0,8,4.4,10.8,Quiet Room,No,7,10,Reading,9.1,99,UCI_0109,16,18,18,13,14,13,Psychology,Financial Analyst,3.2531556004990243,1,1,1,10.0
STU00721,20,Female,Engineering,7.0,2.9,Yes,51.2,7.8,No,3.93,7,6.2,13.6,Quiet Room,Yes,2,8,Auditory,3.3,100,UCI_0109,16,19,19,12,15,15,Engineering,Digital Marketing Specialist,3.9962979138931214,2,0,1,9.83
STU00722,23,Female,Biology,2.6,2.8,Yes,98.8,9.5,Yes,4.0,6,6.0,8.4,Quiet Room,Yes,5,10,Reading,5.6,100,UCI_0109,15,19,18,13,15,14,Biology,Musician,4.612924400378331,0,1,0,10.0
STU00723,25,Other,Computer Science,6.277773470473248,2.6,No,90.6,6.9,No,4.0,6,4.8,13.8,Quiet Room,Yes,7,10,Visual,4.9,99,UCI_0294,15,12,16,18,16,18,Computer Science,Inorganic Chemist,4.724835703981374,0,2,1,10.0
STU00724,19,Female,Computer Science,4.600581822770877,2.2,Yes,46.6,7.0,No,3.75,6,4.3,8.2,Quiet Room,No,10,7,Visual,8.9,94,UCI_0294,14,13,16,16,17,16,Computer Science,Architect,4.121756972,0,4,0,9.38
STU00725,18,Male,Psychology,3.0,2.2,No,48.1,6.2,Yes,3.89,3,9.5,8.6,Library,Yes,8,5,Visual,4.8,99,UCI_0294,16,13,15,18,17,18,Psychology,Mechanical Engineer,3.9555907526836895,1,2,1,9.72
STU00726,16,Other,Psychology,10.7,4.2,No,70.3,7.2,Yes,4.0,3,6.0,16.0,Dorm,Yes,2,5,Kinesthetic,1.1,100,UCI_0294,14,12,16,18,17,17,Psychology,Credit Analyst,3.524353663346018,0,3,1,10.0
STU00727,19,Female,Biology,5.5,3.5,Yes,67.4,5.6,No,4.0,4,5.9,13.1,Quiet Room,Yes,2,10,Auditory,1.2,100,UCI_0294,14,14,16,16,17,17,Biology,Physician Assistant,3.726022316187425,0,3,0,10.0
STU00728,17,Male,Business,1.8,2.3,No,40.9,10.2,No,3.81,6,4.7,7.0,Quiet Room,No,5,10,Reading,3.6,93,UCI_0294,15,14,14,16,16,18,Business,Chemist,2.6475594805310005,0,0,0,9.53
STU00729,21,Male,Business,5.8,1.9,No,69.7,7.7,Yes,4.0,8,2.3,9.5,Co-Learning Group,No,8,5,Visual,1.9,97,UCI_0294,15,14,15,16,17,16,Business,Digital Marketing Specialist,3.299466477477449,2,3,1,10.0
STU00730,21,Male,Arts,3.5,0.1,Yes,44.9,7.1,No,3.54,1,3.1,7.8,Dorm,No,6,10,Kinesthetic,1.6,86,UCI_0294,16,14,16,17,16,16,Arts,School Psychologist,2.7815312552066724,0,4,0,8.85
STU00731,18,Other,Biology,4.7,2.1,Yes,62.0,6.5,No,4.0,7,3.3,10.1,Library,Yes,9,9,Auditory,4.7,99,UCI_0294,15,13,16,18,16,16,Biology,Artist,3.4713108773133907,0,1,1,10.0
STU00732,27,Female,Engineering,3.1,0.4,Yes,92.7,7.6,No,2.68,7,6.8,7.2,Dorm,No,10,10,Auditory,2.0,68,UCI_0292,13,11,13,14,13,13,Engineering,Risk Analyst,2.978314432113432,1,1,1,6.7
STU00733,24,Other,Biology,3.8,3.7,No,93.8,7.8,No,3.74,2,3.5,9.5,Cafe,Yes,6,10,Auditory,9.3,97,UCI_0294,16,12,15,18,18,16,Biology,Civil Engineer,2.6000718875557007,1,1,1,9.35
STU00734,17,Other,Biology,2.5,0.8,No,83.7,7.7,No,2.81,1,5.7,4.6,Library,Yes,3,10,Auditory,5.8,75,UCI_0089,12,13,14,16,16,15,Biology,Education Administrator,3.166232490692314,1,0,0,7.03
STU00735,20,Male,Psychology,6.8,2.7,Yes,77.1,9.0,Yes,4.0,8,1.7,15.0,Library,Yes,5,6,Auditory,1.9,100,UCI_0294,14,12,14,16,16,18,Psychology,Risk Analyst,4.446076730775079,0,0,1,10.0
STU00736,24,Other,Arts,3.0,3.3,No,60.0,6.2,Yes,3.13,3,7.0,8.4,Library,Yes,5,10,Reading,4.7,77,UCI_0052,10,13,12,16,13,15,Arts,Cybersecurity Analyst,3.6032537368060256,2,1,0,7.82
STU00737,21,Female,Engineering,5.2,2.0,Yes,47.2,6.0,Yes,4.0,8,3.1,9.3,Library,Yes,2,6,Kinesthetic,5.1,100,UCI_0294,15,14,15,17,17,16,Engineering,Legal Analyst,2.7021269240343395,2,2,0,10.0
STU00738,26,Female,Biology,3.4,4.8,No,83.0,4.6,Yes,3.28,6,2.4,9.9,Dorm,Yes,6,10,Reading,2.8,84,UCI_0198,17,14,17,13,12,14,Biology,Mechanical Engineer,3.430230131735787,1,1,0,8.2
STU00739,27,Male,Computer Science,5.359395372815571,2.6,No,60.1,6.8,No,4.0,4,4.6,10.1,Co-Learning Group,No,7,10,Kinesthetic,7.4,96,UCI_0228,15,15,16,16,18,16,Computer Science,Biomedical Engineer,2.779962157,0,0,1,10.0
STU00740,24,Female,Computer Science,4.022384022922161,2.4,No,41.6,7.2,No,3.15,2,6.3,7.7,Library,No,2,10,Kinesthetic,7.8,71,UCI_0198,16,15,16,12,13,15,Computer Science,Digital Marketing Specialist,4.592995589399873,1,3,1,7.88
STU00741,23,Other,Engineering,4.4,3.1,No,99.6,9.1,Yes,4.0,2,6.1,9.8,Library,No,5,5,Kinesthetic,1.0,100,UCI_0228,17,14,15,18,18,16,Engineering,Legal Analyst,2.7021269240343395,2,2,0,10.0
STU00742,16,Female,Business,4.6,2.8,No,67.0,5.8,No,3.9,4,5.3,8.9,Co-Learning Group,No,1,10,Auditory,1.0,98,UCI_0228,16,14,14,17,18,18,Business,Human Resources Specialist,2.7429847399881275,2,3,1,9.75
STU00743,17,Other,Business,0.5,3.7,Yes,58.6,4.1,Yes,2.94,1,1.8,4.8,Library,Yes,5,9,Visual,7.8,70,UCI_0004,15,14,15,14,14,14,Business,Lawyer,3.828892398124956,0,0,1,7.35
STU00744,23,Male,Business,3.3,0.7,No,81.0,9.8,No,4.0,1,5.9,6.1,Library,No,4,10,Auditory,2.7,100,UCI_0228,17,15,16,16,17,18,Business,Organic Chemist,3.271727953465549,2,4,0,10.0
STU00745,27,Other,Engineering,3.7,0.9,No,73.3,9.8,No,4.0,8,6.0,7.6,Co-Learning Group,No,4,6,Reading,7.8,100,UCI_0228,17,16,14,16,19,17,Engineering,Clinical Psychologist,3.5316606318835357,1,4,1,10.0
STU00746,23,Male,Engineering,6.9,2.7,Yes,66.9,7.7,No,3.38,2,5.5,12.9,Dorm,No,6,7,Visual,6.1,81,UCI_0058,15,16,14,16,16,16,Engineering,Sound Engineer,3.3492748735029902,2,2,1,8.45
STU00747,28,Other,Computer Science,7.920571191333955,3.5,Yes,65.4,7.0,Yes,4.0,4,1.6,14.9,Quiet Room,No,4,9,Reading,2.8,90,UCI_0228,16,14,16,18,19,18,Computer Science,Brand Manager,2.848382111339001,2,1,1,10.0
STU00748,17,Other,Psychology,4.5,2.5,No,97.1,6.0,No,4.0,5,7.1,7.7,Quiet Room,No,10,10,Auditory,1.5,94,UCI_0228,15,15,15,18,18,17,Psychology,Biomedical Engineer,3.689646984077077,0,2,0,10.0
STU00749,18,Male,Engineering,6.1,4.2,No,69.9,6.9,No,4.0,5,4.1,11.0,Co-Learning Group,Yes,8,9,Reading,1.8,93,UCI_0228,15,16,15,16,19,16,Engineering,Manager,4.940370216268419,0,0,0,10.0
STU00750,17,Other,Arts,7.4,1.5,No,74.0,7.4,Yes,4.0,2,7.9,10.7,Co-Learning Group,No,2,5,Auditory,8.8,100,UCI_0228,15,14,15,16,19,17,Arts,Surgeon,3.377602419,2,2,1,10.0
STU00751,23,Other,Business,1.6,2.8,Yes,55.9,4.8,No,3.15,2,6.1,7.1,Dorm,Yes,5,10,Visual,6.4,85,UCI_0118,14,15,15,17,13,14,Business,Civil Engineer,3.440566177471628,2,3,0,7.88
STU00752,25,Other,Arts,4.1,2.3,No,65.0,7.5,No,3.69,4,5.1,9.1,Dorm,Yes,5,5,Kinesthetic,2.8,96,UCI_0228,15,14,14,16,19,18,Arts,Analytical Chemist,4.780378926881944,0,2,1,9.22
STU00753,24,Male,Psychology,4.9,3.0,No,99.9,8.8,Yes,3.52,6,3.2,9.0,Dorm,No,1,10,Kinesthetic,1.3,94,UCI_0228,17,14,16,17,17,16,Psychology,Analytical Chemist,3.4633422772521865,1,0,1,8.8
STU00754,26,Male,Arts,4.5,3.0,Yes,99.9,5.8,Yes,3.17,6,1.0,9.7,Dorm,No,3,10,Auditory,3.8,72,UCI_0286,12,12,12,17,17,18,Arts,Interior Designer,3.284032083541533,1,0,1,7.92
STU00755,23,Female,Engineering,5.7,4.3,Yes,83.5,4.1,No,4.0,6,2.4,13.4,Cafe,Yes,6,10,Reading,1.0,100,UCI_0228,16,14,16,18,18,18,Engineering,Manager,4.940370216268419,0,0,0,10.0
STU00756,25,Female,Psychology,3.1,4.2,Yes,95.9,6.0,Yes,3.79,4,7.4,9.5,Dorm,Yes,5,8,Auditory,6.9,98,UCI_0228,17,16,14,18,18,18,Psychology,Conductor,4.250074901162407,0,0,0,9.47
STU00757,22,Male,Psychology,0.9,2.8,Yes,49.7,7.9,Yes,3.09,8,6.3,5.5,Co-Learning Group,Yes,4,7,Kinesthetic,6.5,69,UCI_0066,15,15,14,15,15,17,Psychology,Microbiologist,2.5823952093705667,1,2,0,7.72
STU00758,25,Male,Engineering,3.3,2.5,Yes,57.4,7.2,Yes,4.0,3,3.8,7.6,Cafe,Yes,2,10,Visual,3.9,100,UCI_0032,18,16,16,15,16,16,Engineering,Electrical Engineer,2.812393116383844,0,2,1,10.0
STU00759,17,Female,Engineering,2.6,3.7,Yes,95.1,8.4,No,3.81,4,5.2,9.0,Quiet Room,No,6,8,Visual,4.9,93,UCI_0032,16,15,18,14,14,14,Engineering,Fluid Mechanics Engineer,2.577196481946834,0,0,1,9.53
STU00760,17,Male,Arts,5.1,4.3,Yes,49.2,8.6,Yes,3.03,1,4.9,11.9,Co-Learning Group,No,7,10,Visual,9.2,80,UCI_0298,14,13,14,14,15,15,Arts,Cybersecurity Analyst,4.744084755395605,1,0,1,7.57
STU00761,25,Female,Engineering,0.7,2.8,No,50.7,5.9,Yes,1.9,3,7.0,7.5,Dorm,No,3,10,Auditory,4.6,55,UCI_0344,8,7,8,10,9,11,Engineering,Fluid Mechanics Engineer,4.428079345431617,1,2,1,4.75
STU00762,21,Female,Engineering,5.5,4.9,Yes,91.0,6.5,Yes,4.0,8,6.3,12.9,Quiet Room,Yes,5,6,Auditory,9.3,100,UCI_0032,17,15,18,16,15,14,Engineering,Chemical Engineer,4.559552304414805,0,4,1,10.0
STU00763,27,Female,Business,6.7,1.8,No,55.1,5.6,No,4.0,5,5.3,10.7,Cafe,No,4,8,Kinesthetic,8.4,100,UCI_0032,17,17,17,14,15,15,Business,Marketing Manager,2.513231460210517,0,0,1,10.0
STU00764,19,Male,Business,5.1,3.1,Yes,96.9,9.6,Yes,4.0,8,3.5,9.5,Co-Learning Group,Yes,1,9,Reading,5.2,100,UCI_0032,17,16,16,16,15,15,Business,Human Resources Specialist,4.156983268713585,1,1,1,10.0
STU00765,28,Female,Computer Science,5.533657132668726,3.3,No,76.8,7.8,Yes,3.14,7,7.8,12.6,Quiet Room,No,1,6,Auditory,7.9,76,UCI_0368,15,14,16,15,16,15,Computer Science,Industrial-Organizational Psychologist,4.881711268672866,2,4,1,7.85
STU00766,25,Other,Computer Science,3.880065068397324,0.4,No,68.0,8.8,No,2.8,3,5.1,6.8,Cafe,No,6,10,Visual,1.6,65,UCI_0311,9,10,9,14,15,17,Computer Science,Industrial-Organizational Psychologist,4.881711268672866,2,4,1,7.0
STU00767,22,Male,Business,6.1,2.2,No,59.9,8.8,No,3.71,1,6.3,12.7,Quiet Room,Yes,10,8,Visual,7.9,95,UCI_0032,16,17,17,15,16,14,Business,Graphic Designer,4.561071082669169,0,0,0,9.28
STU00768,17,Other,Computer Science,1.6587483530036145,0.5,Yes,95.9,8.3,Yes,4.0,4,1.0,4.5,Quiet Room,No,2,10,Visual,7.9,100,UCI_0032,17,16,17,14,16,14,Computer Science,Financial Analyst,2.8529049872549157,0,0,1,10.0
STU00769,20,Other,Business,3.8,1.4,Yes,84.9,7.0,Yes,3.56,5,5.4,5.7,Quiet Room,No,9,8,Reading,4.1,86,UCI_0032,18,17,17,14,14,16,Business,AI Researcher,3.5977446218433813,0,2,0,8.9
STU00770,16,Male,Arts,4.0,0.5,Yes,67.3,5.5,No,3.86,8,3.5,7.0,Co-Learning Group,Yes,2,10,Auditory,9.9,100,UCI_0032,18,17,16,15,14,16,Arts,Investment Banker,3.434889102231419,0,3,1,9.65
STU00771,22,Male,Arts,5.4,2.6,Yes,56.0,5.8,Yes,3.82,8,3.5,12.0,Library,No,6,8,Visual,4.4,96,UCI_0032,17,17,18,16,15,15,Arts,Art Therapist,4.749704486708335,0,4,0,9.55
STU00772,18,Other,Engineering,6.2,1.1,No,42.7,9.0,No,4.0,7,7.2,10.6,Dorm,No,8,10,Visual,5.9,93,UCI_0032,17,15,16,15,16,15,Engineering,Judge,3.5497086950645853,1,1,0,10.0
STU00773,28,Other,Engineering,5.8,2.0,No,45.4,8.0,No,4.0,6,3.3,11.0,Quiet Room,No,4,10,Visual,2.9,93,UCI_0032,18,15,17,15,15,14,Engineering,Biochemist,4.150524823198438,0,4,0,10.0
STU00774,16,Male,Business,6.0,0.1,No,44.8,7.8,Yes,3.98,8,3.0,9.6,Quiet Room,No,7,10,Kinesthetic,5.8,87,UCI_0032,16,17,17,14,14,14,Business,Doctor,4.8358910213294095,1,4,1,9.95
STU00775,24,Male,Biology,0.0,3.1,No,69.7,5.9,No,3.26,5,6.4,7.8,Co-Learning Group,No,8,9,Auditory,5.3,86,UCI_0336,15,16,14,16,15,18,Biology,Illustrator,3.9591475509182006,0,0,0,8.15
STU00776,24,Other,Business,2.2,3.3,Yes,51.0,7.3,No,2.71,1,2.4,6.4,Library,No,3,10,Auditory,9.1,72,UCI_0375,10,9,10,14,17,15,Business,Psychologist,2.7366523722458016,2,0,0,6.78
STU00777,28,Female,Business,1.4,5.0,Yes,99.7,6.5,No,2.36,1,5.7,11.5,Cafe,No,9,9,Visual,6.1,54,UCI_0031,9,11,12,10,11,11,Business,Actuary,2.636067452648237,0,2,0,5.9
STU00778,19,Other,Business,7.1,4.3,No,91.5,6.7,Yes,4.0,7,5.3,15.5,Dorm,Yes,2,6,Kinesthetic,8.3,100,UCI_0032,16,15,16,16,15,15,Business,Teacher,3.622680126989234,0,0,0,10.0
STU00779,24,Other,Computer Science,3.699627628789172,0.6,Yes,73.6,8.5,No,3.72,4,6.4,9.6,Dorm,Yes,4,5,Auditory,1.1,96,UCI_0276,15,15,14,16,16,17,Computer Science,Zoologist,3.435633656,0,1,0,9.3
STU00780,26,Male,Business,3.0,1.6,No,48.3,7.3,No,2.83,6,6.5,8.1,Cafe,No,6,10,Visual,9.0,69,UCI_0351,12,12,11,15,14,15,Business,Microbiologist,2.8398976561356992,0,3,1,7.08
STU00781,19,Female,Arts,6.2,4.4,No,98.3,6.9,Yes,2.84,7,7.0,11.8,Dorm,Yes,5,8,Kinesthetic,5.7,68,UCI_0142,15,15,14,12,15,14,Arts,Construction Manager,3.9055891820386512,0,4,0,7.1
STU00782,25,Female,Computer Science,7.3310305289383155,2.9,No,68.1,4.9,No,4.0,4,5.5,13.9,Quiet Room,Yes,3,10,Auditory,5.4,100,UCI_0276,16,14,15,15,17,19,Computer Science,Brand Manager,2.621704528462556,0,0,1,10.0
STU00783,18,Female,Engineering,6.1,4.3,No,82.8,6.7,No,4.0,5,1.4,14.7,Co-Learning Group,Yes,4,10,Reading,8.1,98,UCI_0276,15,15,13,15,18,17,Engineering,Conductor,2.7615686121867027,0,2,1,10.0
STU00784,24,Male,Engineering,0.0,3.6,No,96.0,9.4,Yes,3.38,6,2.2,6.0,Library,No,5,9,Auditory,8.1,87,UCI_0339,14,14,14,15,15,17,Engineering,Financial Controller,2.770696765030405,1,4,0,8.45
STU00785,22,Other,Computer Science,5.905642234811539,2.7,Yes,80.8,6.4,No,3.41,5,5.0,13.5,Dorm,No,9,10,Reading,9.0,82,UCI_0276,16,15,15,17,16,17,Computer Science,Nurse,2.809937385,0,4,0,8.53
STU00786,21,Female,Arts,2.5,4.8,Yes,45.3,6.5,Yes,3.31,1,3.6,8.0,Quiet Room,Yes,10,10,Kinesthetic,3.2,80,UCI_0037,15,15,19,15,14,15,Arts,Electrical Engineer,3.7185864805063007,0,3,0,8.28
STU00787,23,Female,Computer Science,5.962803219637541,2.6,Yes,55.2,6.7,Yes,3.64,6,4.6,11.1,Cafe,Yes,1,7,Kinesthetic,3.5,89,UCI_0276,14,13,13,16,16,17,Computer Science,Ecologist,4.586660269081461,2,0,1,9.1
STU00788,26,Other,Engineering,1.7,1.9,No,62.2,6.8,Yes,4.0,3,3.8,6.5,Co-Learning Group,No,7,10,Visual,7.6,93,UCI_0276,16,15,15,17,18,18,Engineering,Architect,3.063709500796322,0,1,0,10.0
STU00789,21,Female,Arts,4.9,3.1,Yes,49.0,7.4,Yes,3.21,7,6.7,9.8,Quiet Room,Yes,4,10,Auditory,7.7,77,UCI_0197,15,15,14,15,14,17,Arts,Curriculum Developer,2.553735588489692,2,2,0,8.03
STU00790,16,Female,Engineering,4.9,4.9,No,40.3,8.0,Yes,4.0,8,5.5,11.5,Quiet Room,Yes,4,10,Reading,4.8,100,UCI_0276,15,15,13,16,17,18,Engineering,Fluid Mechanics Engineer,3.837708483607569,2,3,1,10.0
STU00791,23,Other,Arts,5.2,5.0,Yes,59.8,7.7,No,3.62,5,1.6,14.4,Co-Learning Group,Yes,5,10,Kinesthetic,2.1,94,UCI_0276,14,15,14,17,17,17,Arts,Music Teacher,3.940716807641554,0,2,0,9.05
STU00792,16,Other,Arts,4.8,3.5,No,46.9,9.0,Yes,3.29,6,4.0,10.2,Library,No,10,8,Auditory,2.1,81,UCI_0339,12,12,15,15,17,17,Arts,AI Researcher,3.467330716,1,2,0,8.22
STU00793,28,Male,Arts,3.6,2.2,No,96.5,5.9,No,4.0,8,1.0,9.3,Dorm,No,9,7,Reading,2.5,99,UCI_0276,16,13,15,16,16,18,Arts,Industrial-Organizational Psychologist,2.694522058437242,0,2,0,10.0
STU00794,18,Male,Engineering,6.1,2.3,Yes,79.2,7.3,No,3.73,8,4.1,11.2,Cafe,Yes,8,8,Reading,4.7,98,UCI_0276,15,13,14,16,16,17,Engineering,Analytical Chemist,4.530748536624289,1,0,1,9.32
STU00795,26,Female,Engineering,5.0,0.1,No,81.0,5.2,Yes,4.0,6,3.7,7.3,Library,Yes,1,10,Visual,8.3,100,UCI_0276,16,14,14,16,17,18,Engineering,Forensic Psychologist,3.229242496360154,0,3,1,10.0
STU00796,28,Other,Psychology,2.8,3.2,No,79.5,7.5,No,3.43,6,2.0,10.9,Quiet Room,No,3,7,Auditory,4.8,75,UCI_0336,17,16,14,17,17,16,Psychology,Advertising Manager,2.8323744566337936,1,3,1,8.58
STU00797,19,Other,Biology,3.0,4.0,Yes,95.7,8.5,Yes,4.0,5,1.6,10.0,Library,Yes,6,9,Visual,8.8,98,UCI_0276,16,14,15,16,18,17,Biology,Biochemist,3.090440831030065,0,4,0,10.0
STU00798,16,Female,Engineering,2.9,3.7,Yes,56.4,8.7,Yes,3.83,5,4.3,10.9,Dorm,Yes,2,6,Visual,9.9,97,UCI_0276,14,15,14,16,16,17,Engineering,Art Therapist,3.058168834577157,2,0,0,9.57
STU00799,28,Other,Business,7.7,1.1,Yes,95.4,6.0,No,4.0,8,5.4,14.6,Quiet Room,Yes,9,9,Visual,8.7,100,UCI_0276,16,13,14,15,16,17,Business,Graphic Designer,3.6471022046172346,0,4,1,10.0
STU00800,16,Female,Business,0.0,3.2,No,57.3,8.0,Yes,2.13,6,5.7,4.6,Co-Learning Group,No,6,10,Visual,5.8,48,UCI_0146,14,14,13,10,11,11,Business,Education Administrator,3.471636376224553,1,3,1,5.32
STU00801,27,Male,Business,7.2,4.8,Yes,57.0,4.6,No,4.0,8,3.1,13.2,Co-Learning Group,No,2,10,Auditory,8.4,100,UCI_0276,16,13,14,16,17,19,Business,Human Resources Specialist,2.7429847399881275,2,3,1,10.0
STU00802,18,Other,Business,6.9,3.8,Yes,63.2,9.3,No,4.0,7,3.6,14.2,Library,Yes,5,10,Auditory,7.9,100,UCI_0336,15,14,15,16,15,18,Business,Animator,3.5254418009884505,1,3,0,10.0
STU00803,22,Male,Psychology,5.8,0.4,No,40.9,5.2,No,3.66,8,3.5,9.8,Library,Yes,2,10,Kinesthetic,7.3,84,UCI_0336,15,14,15,16,15,16,Psychology,Electrical Engineer,2.7485722729608884,2,0,0,9.15
STU00804,23,Female,Arts,2.2,1.3,No,78.4,6.9,No,2.52,5,4.2,5.3,Dorm,Yes,8,10,Visual,9.0,64,UCI_0363,13,11,11,10,11,12,Arts,Judge,2.7553684358722785,0,3,0,6.3
STU00805,22,Female,Biology,2.6,1.5,Yes,56.8,5.0,No,3.95,3,3.5,6.0,Quiet Room,Yes,10,6,Visual,7.7,93,UCI_0336,16,15,14,16,17,16,Biology,Paralegal,2.508797222444942,0,2,0,9.88
STU00806,16,Other,Business,7.5,2.8,Yes,43.1,4.0,No,4.0,3,1.7,12.2,Co-Learning Group,No,9,6,Reading,8.8,99,UCI_0336,17,14,14,15,15,16,Business,Paralegal,3.1898381704183008,1,1,1,10.0
STU00807,25,Male,Biology,3.6,1.4,No,97.6,5.5,Yes,4.0,7,5.1,7.9,Cafe,Yes,3,5,Visual,2.2,99,UCI_0336,16,15,16,16,16,17,Biology,Musician,4.949179768731739,1,4,1,10.0
STU00808,17,Male,Psychology,2.6,2.2,No,99.6,9.1,Yes,3.2,8,4.3,8.7,Quiet Room,Yes,9,10,Auditory,6.9,87,UCI_0261,16,13,15,17,17,16,Psychology,Organic Chemist,2.9795518941670167,0,2,1,8.0
STU00809,27,Other,Biology,5.8,5.0,No,85.5,6.3,Yes,4.0,7,3.9,12.1,Cafe,No,4,5,Visual,6.8,100,UCI_0336,15,16,14,16,17,18,Biology,Physical Chemist,3.2986611799845647,0,4,0,10.0
STU00810,16,Male,Business,6.5,1.9,Yes,99.4,5.9,No,3.4,1,6.3,13.3,Cafe,Yes,6,10,Kinesthetic,3.7,79,UCI_0037,14,17,17,14,15,14,Business,Financial Analyst,3.567312855051514,2,3,1,8.5
STU00811,17,Other,Computer Science,4.436643075,0.1,No,51.7,7.4,Yes,3.54,3,7.0,7.8,Dorm,No,4,10,Visual,5.2,100,UCI_0336,17,15,14,15,16,18,Computer Science,Industrial-Organizational Psychologist,4.881711268672866,2,4,1,8.85
STU00812,28,Female,Business,6.1,0.8,No,40.0,7.9,Yes,3.76,4,6.0,9.1,Dorm,No,1,9,Kinesthetic,3.0,97,UCI_0336,16,16,15,15,15,17,Business,Education Administrator,3.6311166469024094,2,0,0,9.4
STU00813,21,Male,Engineering,3.8,0.5,No,94.0,7.0,No,3.29,5,5.1,5.8,Library,No,6,5,Visual,2.0,82,UCI_0339,14,12,14,15,16,16,Engineering,Interior Designer,4.995042445574468,0,3,0,8.22
STU00814,23,Female,Arts,5.6,0.6,No,47.7,5.7,Yes,3.58,8,3.4,6.5,Dorm,No,2,10,Reading,7.2,89,UCI_0336,16,14,14,16,15,17,Arts,Electrical Engineer,3.8266484206160776,2,3,1,8.95
STU00815,17,Female,Psychology,3.4,1.0,Yes,63.6,4.5,No,3.27,8,3.5,6.0,Library,No,5,5,Auditory,5.5,84,UCI_0110,16,18,17,12,13,14,Psychology,Sound Engineer,2.6579890608411345,0,1,0,8.18
STU00816,21,Male,Computer Science,4.642580142549626,0.3,No,97.9,8.3,No,3.84,4,5.3,10.9,Quiet Room,No,9,7,Reading,2.9,100,UCI_0336,17,15,16,16,15,18,Computer Science,Animator,2.9342406933458145,2,3,1,9.6
STU00817,28,Other,Arts,3.0,4.6,Yes,73.7,6.5,Yes,4.0,1,3.7,10.2,Quiet Room,Yes,4,10,Kinesthetic,1.4,100,UCI_0336,15,16,15,17,16,17,Arts,Brand Manager,4.037411530904206,0,2,0,10.0
STU00818,23,Male,Psychology,5.5,1.0,Yes,84.2,7.6,No,4.0,1,3.1,7.8,Co-Learning Group,Yes,2,8,Visual,6.8,100,UCI_0336,15,16,14,16,16,17,Psychology,Quantum Physicist,3.780934579946056,0,2,1,10.0
STU00819,19,Male,Psychology,4.4,2.7,No,47.7,9.1,No,4.0,3,4.7,11.6,Quiet Room,Yes,1,10,Reading,3.9,95,UCI_0336,15,15,15,15,15,18,Psychology,Music Therapist,3.839530552757751,2,4,0,10.0
STU00820,28,Male,Psychology,6.6,3.9,Yes,57.2,5.5,Yes,4.0,5,7.3,14.8,Library,Yes,4,10,Auditory,2.3,98,UCI_0336,15,14,15,15,16,16,Psychology,Curriculum Developer,3.872076162527426,1,0,1,10.0
STU00821,17,Other,Business,7.1,4.8,No,70.6,4.7,No,3.75,8,5.0,14.7,Cafe,No,8,10,Kinesthetic,8.4,95,UCI_0037,15,17,18,15,15,13,Business,Architectural Technologist,3.2710197104495395,2,1,1,9.38
STU00822,17,Other,Biology,3.7,0.5,Yes,47.6,5.2,No,4.0,3,5.0,6.5,Library,No,10,5,Auditory,4.2,100,UCI_0037,15,15,18,13,15,13,Biology,Risk Analyst,3.1528017711873986,0,2,1,10.0
STU00823,17,Female,Engineering,5.3,1.3,No,60.7,8.7,Yes,3.22,7,4.2,9.7,Cafe,No,5,6,Kinesthetic,2.2,81,UCI_0033,16,17,17,14,14,14,Engineering,Art Therapist,3.3266900156090404,0,4,1,8.05
STU00824,22,Other,Biology,3.5,0.9,Yes,46.2,7.7,Yes,4.0,7,4.9,5.2,Library,No,10,10,Auditory,6.3,100,UCI_0037,16,16,19,15,14,15,Biology,Microbiologist,4.346938417069612,1,0,1,10.0
STU00825,28,Female,Engineering,0.0,4.3,No,59.0,5.8,Yes,2.62,4,4.4,9.5,Co-Learning Group,Yes,10,10,Reading,9.6,67,UCI_0209,11,11,12,14,15,14,Engineering,Aerospace Engineer,3.641574903796407,1,0,0,6.55
STU00826,18,Female,Engineering,5.2,3.6,No,73.4,9.2,No,3.74,4,5.9,12.4,Cafe,Yes,5,6,Reading,3.4,93,UCI_0037,14,17,19,13,14,13,Engineering,Advertising Manager,3.377170812717666,0,3,1,9.35
STU00827,28,Female,Arts,1.6,4.1,No,50.4,9.1,Yes,4.0,6,4.4,8.9,Quiet Room,Yes,1,10,Reading,8.7,100,UCI_0037,16,17,19,14,14,15,Arts,Music Therapist,3.1082325417763066,1,3,0,10.0
STU00828,22,Female,Arts,3.3,2.1,Yes,76.5,4.8,Yes,2.44,2,7.3,9.0,Dorm,No,5,10,Visual,8.6,64,UCI_0269,9,10,10,12,11,15,Arts,Market Research Analyst,4.473292682,2,3,0,6.1
STU00829,18,Other,Computer Science,9.343682665,2.7,Yes,58.6,6.4,Yes,4.0,8,6.4,17.7,Cafe,Yes,7,10,Visual,5.0,96,UCI_0037,14,15,17,14,15,13,Computer Science,Construction Manager,3.568052007762488,1,1,1,10.0
STU00830,28,Other,Psychology,2.3,0.5,No,73.2,6.5,Yes,2.66,4,2.6,4.0,Dorm,Yes,7,9,Visual,7.1,65,UCI_0078,11,11,11,13,13,13,Psychology,Art Therapist,4.399706662211987,2,4,0,6.65
STU00831,17,Other,Business,3.5,3.1,No,65.3,7.1,Yes,2.64,2,8.2,9.9,Cafe,No,1,10,Visual,2.7,71,UCI_0006,15,15,15,12,12,13,Business,Forensic Psychologist,4.867681661151315,0,4,1,6.6
STU00832,23,Female,Computer Science,4.572065639425678,2.3,Yes,79.4,7.7,No,4.0,4,4.2,10.1,Quiet Room,No,8,10,Auditory,8.8,100,UCI_0037,16,16,18,14,13,13,Computer Science,Legal Analyst,3.026830237100377,2,3,1,10.0
STU00833,22,Male,Engineering,0.9,4.9,Yes,76.1,8.5,No,3.77,1,6.1,10.6,Quiet Room,Yes,1,9,Reading,2.0,84,UCI_0037,16,16,19,15,13,13,Engineering,Education Administrator,4.2628855911741415,1,2,0,9.43
STU00834,24,Female,Engineering,0.7,2.1,Yes,77.9,7.6,No,3.49,8,5.7,7.0,Dorm,No,4,10,Kinesthetic,3.4,91,UCI_0332,15,15,18,15,15,14,Engineering,Lawyer,3.424039213269898,0,2,0,8.73
STU00835,19,Female,Computer Science,3.682797390767525,1.5,Yes,47.5,6.1,No,3.44,5,7.9,5.9,Quiet Room,Yes,8,10,Visual,7.3,82,UCI_0037,14,15,17,15,13,15,Computer Science,Doctor,3.5489683933127942,0,0,1,8.6
STU00836,21,Male,Business,3.7,1.0,Yes,42.0,8.0,Yes,3.22,2,2.8,6.9,Quiet Room,Yes,1,10,Visual,5.2,86,UCI_0368,15,14,14,16,15,17,Business,Geneticist,3.480003027261402,1,3,1,8.05
STU00837,21,Male,Business,5.7,1.5,No,93.3,7.2,Yes,4.0,1,2.1,12.0,Library,Yes,4,10,Kinesthetic,7.1,93,UCI_0037,14,15,19,14,13,15,Business,Paralegal,4.913478902111248,0,4,0,10.0
STU00838,22,Other,Psychology,1.7,4.1,Yes,81.6,6.3,Yes,2.74,8,4.3,9.8,Cafe,No,5,9,Kinesthetic,8.4,70,UCI_0040,15,14,14,15,12,13,Psychology,Music Teacher,4.117287825044476,0,4,0,6.85
STU00839,28,Male,Computer Science,5.524345808734941,3.5,Yes,92.1,5.4,Yes,4.0,1,2.0,13.3,Dorm,No,4,9,Auditory,6.8,100,UCI_0332,15,15,16,14,15,15,Computer Science,Astronomer,4.814747867153072,0,4,0,10.0
STU00840,24,Male,Engineering,5.6,4.0,Yes,83.6,8.0,No,4.0,4,3.2,13.2,Library,No,10,10,Reading,8.1,100,UCI_0332,15,14,18,14,14,15,Engineering,AI Researcher,2.8625944133858146,0,4,1,10.0
STU00841,26,Male,Biology,1.6,2.8,Yes,70.2,9.2,Yes,2.79,1,5.7,10.2,Cafe,Yes,1,10,Visual,6.9,64,UCI_0192,11,12,13,12,12,13,Biology,Data Scientist,2.510411277493142,0,4,0,6.97
STU00842,23,Female,Arts,1.8,0.1,No,73.1,6.0,No,2.71,3,6.4,5.1,Dorm,Yes,2,10,Auditory,6.1,61,UCI_0074,12,13,14,14,14,13,Arts,Musician,3.787012172955998,1,3,1,6.78
STU00843,28,Male,Engineering,7.8,2.5,No,81.8,5.8,Yes,2.97,6,1.6,13.2,Dorm,No,9,10,Reading,5.0,74,UCI_0326,12,14,14,15,15,15,Engineering,Music Therapist,4.925367516219325,0,1,1,7.43
STU00844,17,Other,Biology,6.4,4.9,Yes,57.9,8.6,Yes,4.0,8,4.1,14.8,Cafe,No,2,5,Visual,2.6,94,UCI_0332,16,14,16,15,14,14,Biology,Graphic Designer,4.060912345758588,0,0,1,10.0
STU00845,20,Other,Arts,4.3,4.3,Yes,47.1,8.5,No,2.95,6,7.4,12.5,Cafe,Yes,2,10,Kinesthetic,8.1,56,UCI_0038,14,15,14,14,14,13,Arts,Chemist,2.989476886034028,1,1,0,7.38
STU00846,16,Female,Engineering,4.0,0.4,No,61.0,7.8,Yes,3.41,1,5.0,7.4,Library,Yes,7,8,Visual,6.2,85,UCI_0332,16,16,18,13,15,14,Engineering,Illustrator,4.075686658869605,1,4,1,8.53
STU00847,27,Other,Engineering,6.5,1.2,Yes,69.7,7.9,No,3.86,1,6.8,11.7,Library,No,10,9,Visual,3.9,99,UCI_0332,15,15,18,13,13,14,Engineering,School Counselor,4.345987400541032,2,2,1,9.65
STU00848,16,Female,Biology,2.2,0.0,Yes,72.4,5.9,Yes,3.05,1,4.0,5.7,Co-Learning Group,Yes,9,10,Visual,2.2,78,UCI_0089,14,13,13,14,14,14,Biology,Electrical Engineer,4.604851688139418,2,4,1,7.62
STU00849,28,Female,Computer Science,5.8137693954274745,1.9,Yes,51.7,8.9,No,4.0,4,3.5,9.8,Library,Yes,6,6,Reading,6.8,100,UCI_0332,16,15,17,15,14,14,Computer Science,Financial Analyst,3.729904166604837,1,2,1,10.0
STU00850,21,Male,Engineering,2.6,4.9,Yes,70.4,9.7,No,4.0,3,9.2,11.1,Co-Learning Group,Yes,9,10,Reading,5.2,100,UCI_0332,16,14,18,13,13,16,Engineering,Civil Engineer,4.223868554566787,2,4,1,10.0
STU00851,28,Male,Biology,5.4,2.5,Yes,61.3,5.5,Yes,4.0,5,5.1,10.9,Dorm,No,9,9,Visual,1.0,95,UCI_0332,16,14,18,13,15,16,Biology,Software Developer,4.346615477,0,4,0,10.0
STU00852,18,Female,Arts,0.9,1.1,Yes,67.1,8.5,No,4.0,7,4.5,5.8,Co-Learning Group,No,1,10,Visual,5.9,96,UCI_0332,16,15,17,14,13,14,Arts,Game Developer,3.421604509245557,1,4,1,10.0
STU00853,20,Female,Psychology,4.7,1.9,Yes,62.0,4.9,No,3.56,1,5.9,9.9,Library,Yes,7,7,Kinesthetic,6.5,82,UCI_0332,15,16,16,14,15,16,Psychology,Nuclear Physicist,4.496096390390903,2,0,0,8.9
STU00854,24,Male,Business,3.9,3.4,No,80.9,6.0,Yes,4.0,3,1.8,10.4,Cafe,Yes,9,10,Visual,4.1,94,UCI_0332,15,14,18,13,13,16,Business,Physical Chemist,2.6254710421609784,1,2,0,10.0
STU00855,26,Other,Psychology,5.1,2.4,Yes,99.1,5.3,Yes,4.0,3,8.7,9.8,Dorm,No,4,6,Kinesthetic,4.2,100,UCI_0332,17,16,18,13,13,14,Psychology,Legal Analyst,4.507949632273648,1,4,1,10.0
STU00856,22,Female,Business,2.3,4.4,Yes,59.0,7.9,Yes,4.0,8,2.1,11.0,Quiet Room,Yes,4,5,Reading,1.1,91,UCI_0332,15,16,16,14,15,16,Business,Psychologist,2.7480193949557967,1,1,1,10.0
STU00857,27,Other,Computer Science,6.252391350995652,4.1,Yes,75.3,6.1,No,4.0,6,5.0,11.3,Co-Learning Group,No,2,10,Kinesthetic,1.5,97,UCI_0332,15,15,17,15,14,14,Computer Science,Clinical Psychologist,2.9756595823162195,2,1,0,10.0
STU00858,24,Other,Engineering,3.5,3.2,No,60.9,6.1,Yes,4.0,7,6.0,10.2,Co-Learning Group,No,5,6,Reading,2.2,97,UCI_0302,15,14,14,15,17,18,Engineering,Accountant,4.702256612433774,0,4,0,10.0
STU00859,25,Female,Arts,2.7,0.9,No,48.6,7.0,No,4.0,4,4.1,5.3,Library,No,1,10,Auditory,4.9,100,UCI_0302,15,13,13,16,18,18,Arts,Industrial-Organizational Psychologist,2.694522058437242,0,2,0,10.0
STU00860,16,Other,Business,7.0,0.8,No,94.9,8.0,Yes,4.0,5,4.5,12.8,Library,Yes,5,9,Reading,1.2,100,UCI_0302,13,12,14,15,18,16,Business,Illustrator,4.235679051860849,2,4,0,10.0
STU00861,25,Male,Business,6.7,4.4,No,44.5,7.6,Yes,3.98,7,9.2,15.9,Co-Learning Group,No,4,6,Visual,6.4,100,UCI_0302,14,14,15,17,16,18,Business,Psychologist,3.5949424050787746,1,2,0,9.95
STU00862,19,Other,Biology,2.8,0.5,Yes,54.4,9.0,No,4.0,6,4.3,7.9,Cafe,Yes,9,7,Auditory,1.3,93,UCI_0302,14,12,14,16,17,16,Biology,Music Teacher,4.236771937948658,1,2,0,10.0
STU00863,21,Male,Engineering,5.9,4.8,Yes,65.4,7.2,No,4.0,5,6.4,11.7,Co-Learning Group,No,1,6,Visual,2.0,96,UCI_0302,14,13,13,17,16,18,Engineering,Investment Banker,4.296063993639407,2,2,0,10.0
STU00864,20,Female,Engineering,5.0,3.0,Yes,99.7,7.1,No,4.0,7,4.3,11.5,Co-Learning Group,Yes,1,5,Visual,1.7,100,UCI_0302,13,14,14,15,16,18,Engineering,Composer,4.442276975319755,0,2,0,10.0
STU00865,18,Male,Arts,2.5,4.7,Yes,76.8,5.8,No,3.52,2,1.4,9.3,Dorm,No,10,7,Auditory,1.3,92,UCI_0302,15,12,14,16,16,17,Arts,Construction Manager,4.956118295602186,1,0,0,8.8
STU00866,19,Female,Arts,4.2,3.0,Yes,44.6,9.1,No,3.98,1,4.6,9.0,Co-Learning Group,No,5,6,Auditory,6.2,100,UCI_0302,15,14,15,15,16,17,Arts,Chemist,4.520526129,0,2,0,9.95
STU00867,28,Other,Biology,3.9,2.9,No,57.4,4.0,No,4.0,8,4.4,8.9,Dorm,No,8,7,Visual,5.8,90,UCI_0302,13,13,13,15,16,16,Biology,Civil Engineer,2.7508216909054357,2,4,1,10.0
STU00868,16,Female,Business,2.0,0.5,Yes,52.2,10.6,No,3.76,5,6.4,6.1,Library,No,1,8,Auditory,5.4,90,UCI_0302,15,12,15,15,16,17,Business,Urban Planner,3.6691614805176775,0,1,1,9.4
STU00869,23,Other,Biology,2.7,1.8,No,83.0,5.9,No,3.96,7,3.5,7.2,Quiet Room,Yes,3,6,Kinesthetic,1.2,100,UCI_0302,15,12,13,17,17,17,Biology,Credit Analyst,2.791923102195865,0,4,0,9.9
STU00870,26,Female,Biology,2.6,3.8,Yes,70.7,6.5,No,3.13,6,2.5,11.3,Cafe,Yes,4,8,Visual,7.5,73,UCI_0058,15,15,15,14,14,16,Biology,Forensic Psychologist,2.5340948183862384,0,3,0,7.82
STU00871,28,Female,Biology,5.8,4.4,No,96.0,8.7,Yes,4.0,6,4.7,15.1,Library,Yes,4,10,Reading,8.1,96,UCI_0302,13,14,15,15,17,16,Biology,AI Researcher,4.222376109024881,1,3,0,10.0
STU00872,26,Male,Arts,2.3,0.5,No,79.9,6.2,Yes,4.0,1,4.1,4.3,Co-Learning Group,Yes,9,8,Visual,5.2,96,UCI_0302,14,12,14,16,17,17,Arts,Physician Assistant,4.123336726311963,1,3,1,10.0
STU00873,17,Other,Arts,5.0,3.4,Yes,61.9,7.3,Yes,3.04,5,4.9,9.8,Dorm,Yes,5,10,Auditory,8.4,87,UCI_0324,15,15,15,15,15,15,Arts,Data Scientist,2.574656073,1,0,0,7.6
STU00874,28,Other,Engineering,3.0,4.7,Yes,89.4,8.5,Yes,2.88,5,9.1,10.2,Cafe,Yes,1,10,Auditory,1.5,68,UCI_0314,12,12,13,15,15,16,Engineering,Nuclear Physicist,4.471728148764962,0,1,1,7.2
STU00875,22,Other,Arts,2.9,3.5,No,83.7,5.6,No,3.16,4,5.8,8.9,Quiet Room,No,9,9,Kinesthetic,6.8,78,UCI_0202,16,16,16,14,14,15,Arts,Chemical Engineer,3.632071167040824,1,4,1,7.9
STU00876,19,Other,Biology,3.5,3.0,Yes,43.0,8.7,No,3.98,6,3.6,10.1,Quiet Room,Yes,8,9,Kinesthetic,4.5,97,UCI_0033,16,16,17,13,15,16,Biology,Judge,4.072705349,0,2,1,9.95
STU00877,20,Other,Business,0.0,0.2,Yes,55.8,7.2,No,3.87,8,4.3,5.3,Dorm,Yes,7,10,Kinesthetic,9.0,100,UCI_0033,18,16,16,12,14,16,Business,Legal Analyst,3.091423598675757,2,4,1,9.68
STU00878,18,Other,Business,1.3,3.0,Yes,92.7,5.8,Yes,4.0,7,3.6,6.8,Quiet Room,No,10,8,Kinesthetic,5.5,100,UCI_0033,17,16,15,13,13,16,Business,Mechanical Engineer,2.7599211820518037,1,2,0,10.0
STU00879,24,Female,Arts,4.8,2.3,Yes,44.6,5.6,Yes,4.0,7,8.6,10.2,Library,No,6,9,Reading,7.1,89,UCI_0033,17,15,15,14,15,16,Arts,Advertising Manager,3.1369172634415663,1,1,0,10.0
STU00880,28,Other,Psychology,5.2,3.8,Yes,65.9,6.8,Yes,2.69,3,5.0,11.6,Quiet Room,No,8,10,Reading,1.2,71,UCI_0018,8,10,10,13,14,14,Psychology,Manager,4.922362672162327,1,1,0,6.72
STU00881,25,Other,Biology,6.5,0.6,Yes,42.6,5.5,No,3.0,2,3.8,8.2,Cafe,No,3,10,Visual,7.3,83,UCI_0100,10,15,15,13,12,12,Biology,Fluid Mechanics Engineer,3.928642963039576,0,2,0,7.5
STU00882,23,Male,Engineering,3.8,2.7,Yes,98.3,7.2,No,3.09,8,5.0,8.3,Cafe,No,1,10,Kinesthetic,9.7,70,UCI_0202,17,17,15,13,13,16,Engineering,Acoustics Specialist,3.347175536,2,0,1,7.72
STU00883,26,Other,Engineering,4.0,3.1,Yes,65.5,7.4,No,4.0,7,4.4,8.8,Dorm,Yes,8,7,Auditory,6.6,99,UCI_0033,18,16,15,14,13,16,Engineering,Construction Manager,2.6723899461326703,1,2,1,10.0
STU00884,16,Female,Biology,4.9,1.0,Yes,82.9,9.1,Yes,4.0,1,6.3,10.3,Quiet Room,Yes,9,10,Reading,4.5,92,UCI_0033,18,17,17,13,14,14,Biology,Digital Marketing Specialist,4.814170319777579,0,4,1,10.0
STU00885,22,Female,Business,0.1,2.0,Yes,78.7,7.1,No,2.49,1,7.6,4.8,Cafe,No,4,10,Auditory,2.2,61,UCI_0061,11,10,12,16,16,15,Business,Sound Engineer,3.4500731697660294,1,0,1,6.23
STU00886,28,Female,Arts,2.5,4.1,Yes,80.3,6.5,No,2.49,2,10.0,10.8,Library,No,5,7,Kinesthetic,2.3,65,UCI_0356,12,11,12,13,13,13,Arts,Investment Banker,4.413739766035818,2,0,0,6.23
STU00887,19,Other,Engineering,5.0,1.9,Yes,49.5,6.9,Yes,3.65,7,6.3,8.1,Co-Learning Group,No,3,10,Reading,3.7,89,UCI_0033,17,16,17,14,14,16,Engineering,Landscape Architect,3.4532106714927333,2,1,0,9.12
STU00888,20,Female,Business,0.7,2.2,Yes,51.1,6.4,No,3.69,3,6.1,6.9,Dorm,No,10,10,Visual,5.7,86,UCI_0033,17,15,15,12,15,15,Business,Biochemist,4.584543536565134,2,0,0,9.22
STU00889,23,Male,Biology,4.5,2.1,No,99.9,6.7,No,3.1,7,5.9,7.3,Dorm,No,7,6,Kinesthetic,7.4,78,UCI_0120,11,14,14,15,14,16,Biology,Urban Planner,2.5151179917225277,1,3,0,7.75
STU00890,18,Male,Computer Science,6.231962322708837,0.1,Yes,94.2,8.2,No,4.0,2,3.3,10.1,Quiet Room,Yes,5,7,Kinesthetic,9.6,99,UCI_0033,17,17,16,14,14,15,Computer Science,Cybersecurity Analyst,2.806457746658028,2,3,0,10.0
STU00891,25,Female,Engineering,5.3,4.7,Yes,82.9,5.6,Yes,2.79,1,5.4,10.8,Dorm,No,1,6,Kinesthetic,1.9,65,UCI_0006,15,16,14,12,11,14,Engineering,Animator,3.151565318023195,1,1,1,6.97
STU00892,16,Female,Computer Science,6.859997693,4.7,Yes,56.4,6.9,Yes,3.29,4,7.4,12.9,Dorm,No,3,10,Kinesthetic,8.2,92,UCI_0015,14,17,16,13,14,16,Computer Science,Judge,3.6530824522131646,1,2,1,8.22
STU00893,20,Female,Business,1.4,0.2,Yes,53.9,8.3,Yes,3.63,4,3.7,3.9,Dorm,Yes,8,9,Kinesthetic,3.4,88,UCI_0033,16,15,15,14,14,16,Business,Curriculum Developer,2.640475599603884,0,2,1,9.07
STU00894,27,Male,Biology,5.3,2.6,No,84.7,6.7,Yes,4.0,2,7.4,11.9,Co-Learning Group,No,8,7,Visual,8.7,100,UCI_0033,18,16,17,12,13,15,Biology,Fluid Mechanics Engineer,4.982905664661132,0,0,0,10.0
STU00895,19,Male,Psychology,1.7,3.3,Yes,77.9,5.6,Yes,3.89,2,3.8,7.5,Dorm,Yes,3,10,Kinesthetic,4.4,99,UCI_0033,17,15,15,12,15,16,Psychology,Financial Advisor,2.846188998266876,2,1,0,9.72
STU00896,28,Female,Business,4.2,0.1,Yes,86.8,7.2,Yes,4.0,3,2.0,7.5,Cafe,Yes,5,10,Visual,6.3,100,UCI_0033,18,16,16,14,14,14,Business,Actuary,2.5988038928059747,0,0,1,10.0
STU00897,27,Other,Engineering,3.5,4.0,Yes,89.5,7.9,No,3.93,8,4.3,9.4,Library,Yes,9,10,Visual,4.0,97,UCI_0033,17,17,16,14,15,14,Engineering,Advertising Manager,3.2928586739546173,0,3,1,9.83
STU00898,23,Other,Computer Science,1.5960035616513149,2.6,Yes,99.9,6.5,No,2.33,1,5.8,8.1,Co-Learning Group,No,2,10,Reading,8.8,64,UCI_0265,13,12,12,10,11,12,Computer Science,Teacher,3.5246458001780496,2,3,1,5.83
STU00899,19,Other,Engineering,5.3,3.4,Yes,43.3,4.8,No,3.7,1,2.5,10.9,Library,Yes,10,5,Auditory,5.7,95,UCI_0033,17,16,15,13,13,14,Engineering,Conductor,3.498782132731279,1,3,0,9.25
STU00900,25,Male,Arts,6.0,2.8,Yes,67.5,6.4,Yes,3.87,5,1.6,13.4,Co-Learning Group,No,1,10,Kinesthetic,9.1,100,UCI_0197,15,14,15,13,14,16,Arts,Art Director,2.889050613485594,0,0,0,9.68
STU00901,24,Female,Biology,2.7,2.9,Yes,98.2,7.1,Yes,3.91,2,3.5,8.2,Co-Learning Group,Yes,2,10,Reading,7.9,96,UCI_0197,15,16,15,14,16,15,Biology,Investment Banker,3.909622597891912,2,1,1,9.78
STU00902,23,Other,Computer Science,3.8641383955434496,4.0,Yes,41.3,7.1,No,3.32,7,2.9,10.7,Dorm,No,3,10,Kinesthetic,9.0,92,UCI_0339,12,12,14,13,17,18,Computer Science,Aerospace Engineer,2.7903236880134403,1,3,0,8.3
STU00903,26,Female,Arts,3.0,1.6,Yes,81.9,8.8,No,4.0,8,5.7,6.7,Library,Yes,10,10,Visual,7.3,98,UCI_0197,14,16,16,15,16,16,Arts,Teacher,4.302552944198839,0,4,1,10.0
STU00904,22,Male,Biology,0.0,0.5,No,48.9,7.5,No,2.47,6,6.0,5.0,Dorm,Yes,5,10,Auditory,9.0,60,UCI_0315,11,9,9,14,13,13,Biology,Conductor,2.5472878610147878,1,4,1,6.18
STU00905,28,Other,Business,4.4,2.3,No,87.8,6.5,Yes,4.0,8,3.4,12.4,Co-Learning Group,Yes,3,10,Reading,3.7,100,UCI_0197,15,15,16,15,14,16,Business,Forensic Psychologist,4.506981361818348,0,0,0,10.0
STU00906,16,Other,Engineering,6.7,4.2,Yes,49.3,8.4,No,4.0,1,3.9,14.4,Dorm,Yes,10,10,Visual,9.3,100,UCI_0197,13,14,16,15,16,17,Engineering,Lawyer,2.9611944266306205,0,0,1,10.0
STU00907,24,Other,Business,5.2,0.3,No,72.6,6.7,No,3.24,7,8.3,9.6,Quiet Room,Yes,9,10,Auditory,3.5,82,UCI_0058,14,16,15,15,14,17,Business,Fluid Mechanics Engineer,3.8201021148547007,0,3,1,8.1
STU00908,17,Female,Biology,4.0,2.4,Yes,62.7,7.8,Yes,4.0,2,3.5,10.6,Quiet Room,Yes,8,9,Auditory,3.5,98,UCI_0197,15,16,15,13,14,16,Biology,Architect,4.689725507778634,1,2,0,10.0
STU00909,27,Female,Arts,5.8,3.9,No,83.2,6.3,Yes,3.63,4,7.9,12.3,Co-Learning Group,Yes,1,7,Kinesthetic,6.4,91,UCI_0197,15,16,16,14,16,17,Arts,Microbiologist,2.5198677076996523,2,3,1,9.07
STU00910,26,Female,Computer Science,0.0,4.7,No,51.3,7.8,Yes,4.0,2,8.9,5.6,Co-Learning Group,Yes,7,5,Auditory,6.9,98,UCI_0197,13,16,14,14,16,16,Computer Science,Accountant,2.9835169146241065,0,2,1,10.0
STU00911,23,Other,Engineering,0.9,3.9,No,96.4,7.7,No,3.97,5,8.8,10.5,Co-Learning Group,Yes,9,10,Visual,7.6,96,UCI_0197,15,14,15,15,15,17,Engineering,Actuary,4.217977759367508,0,2,1,9.93
STU00912,28,Male,Business,2.9,2.5,Yes,52.9,7.1,Yes,2.48,3,5.1,8.3,Cafe,No,6,10,Auditory,3.7,62,UCI_0343,12,13,14,8,9,10,Business,Lawyer,2.6562366431442883,1,1,1,6.2
STU00913,27,Male,Arts,3.5,1.0,Yes,70.5,6.4,Yes,2.81,2,5.4,7.6,Cafe,No,5,8,Reading,2.3,73,UCI_0120,10,12,15,16,14,15,Arts,Composer,3.2023878341830603,2,3,1,7.03
STU00914,25,Male,Biology,2.5,1.2,Yes,82.2,5.9,No,3.6,8,4.6,8.0,Dorm,No,3,8,Reading,4.2,89,UCI_0197,13,16,15,15,14,16,Biology,Data Scientist,3.982451258398145,1,2,0,9.0
STU00915,24,Other,Business,8.1,0.7,No,86.6,8.3,Yes,4.0,5,6.0,11.6,Co-Learning Group,No,5,10,Auditory,1.8,96,UCI_0197,13,15,15,15,15,17,Business,Acoustics Specialist,3.6850060497784543,1,3,0,10.0
STU00916,24,Male,Computer Science,4.208148754851133,3.6,Yes,52.3,6.7,No,3.23,8,3.5,10.0,Cafe,No,9,10,Reading,3.2,78,UCI_0110,15,19,18,10,13,14,Computer Science,Human Resources Specialist,4.1041479437243344,1,4,0,8.07
STU00917,27,Male,Biology,4.2,4.3,Yes,54.3,5.4,Yes,3.51,8,1.6,11.2,Co-Learning Group,Yes,2,6,Kinesthetic,1.4,84,UCI_0197,13,16,16,15,14,16,Biology,Zoologist,4.910751988,1,0,1,8.77
STU00918,19,Male,Psychology,1.8,0.2,Yes,75.1,5.7,Yes,3.07,1,4.7,6.4,Co-Learning Group,Yes,4,10,Visual,3.2,77,UCI_0023,15,15,16,12,14,14,Psychology,Accountant,3.9164313961750783,2,0,0,7.67
STU00919,25,Female,Business,5.8,2.1,Yes,50.4,5.2,Yes,4.0,3,8.0,9.6,Co-Learning Group,No,6,10,Reading,3.5,96,UCI_0197,13,14,16,15,15,15,Business,Biochemist,4.584543536565134,2,0,0,10.0
STU00920,20,Other,Engineering,5.0,4.8,Yes,65.1,7.3,Yes,3.92,7,2.4,13.9,Co-Learning Group,Yes,9,10,Auditory,6.6,100,UCI_0197,15,14,15,13,14,17,Engineering,Aerospace Engineer,4.444319537383803,0,3,1,9.8
STU00921,17,Female,Computer Science,4.576834870668272,3.1,Yes,77.4,5.7,Yes,3.4,4,9.1,9.8,Dorm,Yes,4,8,Kinesthetic,6.5,79,UCI_0015,13,16,15,14,14,15,Computer Science,Counselor,3.063419292020752,2,1,1,8.5
STU00922,16,Male,Engineering,4.6,3.1,No,69.1,5.0,No,3.24,8,2.1,11.9,Dorm,No,8,7,Auditory,8.1,79,UCI_0170,13,13,14,17,16,16,Engineering,Cybersecurity Analyst,3.9858072896687977,2,2,0,8.1
STU00923,18,Other,Biology,4.9,4.6,Yes,93.8,7.2,No,4.0,6,6.5,10.9,Library,Yes,9,10,Kinesthetic,5.4,89,UCI_0368,16,15,14,16,15,17,Biology,Teacher,4.900881942822823,0,0,0,10.0
STU00924,28,Other,Biology,5.1,0.8,Yes,83.0,8.6,No,3.43,8,5.2,6.9,Co-Learning Group,No,6,5,Reading,6.7,94,UCI_0368,14,15,15,15,16,15,Biology,Principal,2.623470362772947,1,3,1,8.58
STU00925,20,Other,Engineering,4.5,1.1,Yes,62.7,6.6,No,4.0,7,9.6,9.2,Dorm,No,1,6,Auditory,4.0,100,UCI_0368,15,16,16,15,15,16,Engineering,School Counselor,4.658937845216238,2,4,1,10.0
STU00926,23,Female,Biology,6.3,1.2,Yes,71.9,7.2,Yes,3.52,4,4.4,12.1,Co-Learning Group,No,3,10,Auditory,5.4,90,UCI_0368,16,16,14,15,15,15,Biology,Credit Analyst,2.5206107715699804,2,1,1,8.8
STU00927,18,Other,Computer Science,3.683067400977893,3.9,No,62.0,7.0,Yes,3.63,8,5.5,8.7,Co-Learning Group,Yes,10,10,Kinesthetic,5.1,86,UCI_0368,15,16,14,17,16,16,Computer Science,Physical Chemist,4.209741111,1,3,1,9.07
STU00928,27,Other,Psychology,3.2,4.5,No,63.4,8.5,No,4.0,8,8.3,11.1,Cafe,Yes,3,10,Visual,4.6,96,UCI_0368,16,14,16,15,16,17,Psychology,Astronomer,2.7904000288553075,0,1,1,10.0
STU00929,25,Other,Computer Science,2.525847975327796,3.3,Yes,49.2,7.5,No,3.34,1,8.8,9.4,Library,Yes,1,6,Kinesthetic,1.7,88,UCI_0202,15,16,16,13,15,14,Computer Science,AI Researcher,3.451905150345362,2,4,0,8.35
STU00930,16,Female,Business,3.7,2.4,No,64.5,8.7,Yes,4.0,6,4.2,9.0,Dorm,Yes,2,7,Auditory,1.3,100,UCI_0368,15,15,14,17,16,15,Business,Ecologist,4.047484199620543,0,1,0,10.0
STU00931,28,Female,Computer Science,4.332589311233135,4.2,Yes,52.8,8.6,No,4.0,8,1.0,12.9,Library,Yes,10,9,Auditory,8.9,100,UCI_0368,15,15,15,17,16,17,Computer Science,Ecologist,4.586660269081461,2,0,1,10.0
STU00932,25,Female,Computer Science,5.0482641369395385,0.7,Yes,55.8,5.8,No,3.66,5,4.6,7.4,Co-Learning Group,Yes,9,8,Kinesthetic,7.8,96,UCI_0368,15,15,14,16,15,17,Computer Science,Composer,2.8961556354871374,2,1,1,9.15
STU00933,16,Male,Business,5.7,0.1,No,77.3,8.1,Yes,4.0,5,6.9,9.0,Quiet Room,No,7,5,Visual,3.8,97,UCI_0368,16,16,16,15,15,17,Business,Legal Consultant,4.642481544231222,0,1,1,10.0
STU00934,25,Female,Computer Science,7.380371536081466,0.7,No,95.0,6.4,No,4.0,5,5.1,11.5,Co-Learning Group,Yes,1,10,Kinesthetic,4.2,97,UCI_0368,15,14,14,17,16,15,Computer Science,Paralegal,4.618646523500713,1,4,0,10.0
STU00935,24,Other,Engineering,2.6,3.9,No,68.1,6.9,Yes,2.29,4,6.4,9.1,Cafe,No,1,10,Kinesthetic,5.9,66,UCI_0014,9,10,10,12,12,14,Engineering,Dentist,4.199446232,0,4,0,5.72
STU00936,23,Male,Engineering,5.7,4.3,No,59.2,7.2,No,4.0,8,3.6,10.4,Library,Yes,4,6,Visual,2.5,100,UCI_0368,15,14,14,15,16,15,Engineering,Accountant,4.702256612433774,0,4,0,10.0
STU00937,27,Female,Business,1.1,3.9,Yes,67.7,7.5,No,3.0,4,6.8,8.6,Dorm,No,5,10,Auditory,9.4,73,UCI_0004,16,15,15,15,15,14,Business,Dentist,4.387845753886772,0,0,1,7.5
STU00938,17,Female,Business,1.9,2.7,No,86.2,8.7,Yes,4.0,5,5.9,7.7,Quiet Room,No,10,8,Reading,9.1,100,UCI_0368,16,14,16,15,17,17,Business,Education Administrator,3.478063759,0,1,0,10.0
STU00939,26,Other,Psychology,6.8,4.3,No,92.2,11.4,No,3.97,4,6.9,16.1,Co-Learning Group,No,3,8,Kinesthetic,3.1,98,UCI_0110,16,17,18,11,13,14,Psychology,Art Director,2.8402999221813605,0,0,1,9.93
STU00940,19,Male,Business,5.2,2.7,Yes,75.8,8.8,No,4.0,6,6.1,11.3,Cafe,No,9,7,Auditory,9.2,100,UCI_0110,16,19,18,11,13,14,Business,Clinical Psychologist,4.109692361805275,1,4,1,10.0
STU00941,17,Male,Arts,3.6,0.3,No,42.0,4.0,No,2.35,3,8.7,7.7,Library,Yes,3,10,Auditory,9.5,58,UCI_0275,11,11,11,13,13,13,Arts,Art Therapist,4.310403241313077,2,3,0,5.88
STU00942,21,Female,Psychology,4.6,0.6,No,89.3,6.5,Yes,4.0,5,4.5,6.0,Quiet Room,Yes,10,10,Kinesthetic,5.0,99,UCI_0110,16,19,19,11,11,12,Psychology,Credit Analyst,4.821381206171344,1,0,1,10.0
STU00943,18,Other,Arts,4.1,2.3,No,69.4,6.0,No,3.35,8,6.5,10.7,Library,No,6,9,Reading,9.4,81,UCI_0058,14,15,16,14,16,16,Arts,Mechanical Engineer,4.206152256477707,2,2,1,8.38
STU00944,23,Female,Computer Science,7.964531077686456,1.4,No,84.7,5.5,Yes,4.0,2,5.1,12.4,Library,No,5,7,Kinesthetic,1.2,100,UCI_0110,15,18,17,12,13,14,Computer Science,Marketing Manager,3.396486771320116,0,3,1,10.0
STU00945,16,Other,Business,1.0,0.3,No,40.5,5.4,No,4.0,4,5.5,1.4,Quiet Room,Yes,4,6,Auditory,9.0,96,UCI_0110,16,18,17,12,11,12,Business,Data Scientist,3.108749716678445,0,1,1,10.0
STU00946,16,Female,Biology,0.0,1.1,No,55.5,8.3,No,4.0,8,8.2,5.9,Cafe,Yes,1,10,Kinesthetic,2.4,98,UCI_0110,15,18,17,10,12,14,Biology,Investment Banker,4.5549280146124485,0,2,1,10.0
STU00947,16,Male,Business,0.7,3.1,Yes,49.4,6.8,No,3.47,2,5.1,7.9,Library,Yes,4,10,Kinesthetic,5.6,82,UCI_0110,16,19,19,12,12,14,Business,Illustrator,3.6686201563085614,0,3,1,8.68
STU00948,19,Other,Biology,3.7,3.8,No,59.2,8.0,Yes,2.94,6,1.7,10.4,Dorm,Yes,4,10,Auditory,3.5,74,UCI_0202,17,16,15,14,15,16,Biology,Software Developer,4.78245392003014,0,1,0,7.35
STU00949,28,Other,Biology,0.9,0.5,Yes,75.7,8.0,No,2.52,2,4.8,4.2,Dorm,No,5,10,Auditory,1.9,65,UCI_0213,12,12,13,13,12,12,Biology,Art Therapist,3.0199040781458333,1,2,0,6.3
STU00950,16,Male,Psychology,3.8,1.8,Yes,49.0,9.4,No,4.0,1,5.2,7.0,Library,Yes,1,5,Visual,9.4,100,UCI_0110,15,18,19,11,12,13,Psychology,Risk Analyst,3.678041432680285,2,3,1,10.0
STU00951,16,Other,Arts,1.0,1.8,No,64.6,8.5,No,3.05,1,4.4,4.9,Library,No,9,7,Reading,3.6,81,UCI_0186,12,13,12,14,15,16,Arts,Advertising Manager,3.1369172634415663,1,1,0,7.62
STU00952,16,Female,Arts,8.7,4.4,Yes,51.0,7.5,No,4.0,8,5.7,15.8,Co-Learning Group,Yes,3,5,Reading,1.9,100,UCI_0110,15,19,17,12,11,13,Arts,Industrial-Organizational Psychologist,3.795421658258971,0,2,1,10.0
STU00953,25,Other,Computer Science,5.0897439779007145,3.6,Yes,72.7,4.2,No,2.66,5,3.9,10.9,Cafe,No,5,9,Reading,3.4,69,UCI_0304,12,10,11,14,15,15,Computer Science,Paralegal,3.430218969106897,2,1,1,6.65
STU00954,21,Male,Psychology,7.8,0.8,Yes,73.1,9.7,No,3.21,2,6.6,12.5,Cafe,No,7,10,Auditory,1.1,78,UCI_0170,15,14,14,17,16,16,Psychology,Marketing Specialist,4.046663314714696,2,2,1,8.03
STU00955,23,Other,Business,6.3,0.5,No,85.7,7.1,Yes,4.0,3,2.7,8.9,Co-Learning Group,No,1,10,Reading,4.5,95,UCI_0110,16,17,18,11,11,12,Business,Data Scientist,4.314885495701056,2,4,0,10.0
STU00956,19,Female,Engineering,3.6,3.6,Yes,49.4,8.4,No,2.5,7,4.2,9.5,Dorm,Yes,5,10,Auditory,1.2,68,UCI_0196,13,13,15,14,13,13,Engineering,Analytical Chemist,3.4422963187950955,0,0,0,6.25
STU00957,26,Female,Computer Science,5.879083390662458,1.8,No,45.9,6.6,Yes,2.58,5,4.3,9.9,Dorm,No,8,10,Auditory,7.7,68,UCI_0231,12,9,13,14,14,17,Computer Science,Advertising Manager,2.5095781092905565,2,3,1,6.45
STU00958,17,Other,Biology,2.9,1.6,Yes,89.6,6.9,Yes,3.59,5,5.5,9.6,Quiet Room,Yes,7,10,Reading,2.6,88,UCI_0110,17,18,19,12,13,12,Biology,Risk Analyst,3.1528017711873986,0,2,1,8.97
STU00959,24,Male,Psychology,3.7,4.4,No,52.4,8.2,No,4.0,8,4.3,9.4,Library,Yes,10,8,Reading,10.0,100,UCI_0110,16,17,19,10,13,12,Psychology,Data Scientist,3.942176648517627,0,1,0,10.0
STU00960,16,Female,Psychology,3.9,0.3,No,58.4,8.2,No,3.05,6,5.2,6.9,Cafe,Yes,8,10,Auditory,9.3,74,UCI_0358,12,14,13,16,15,16,Psychology,Sound Engineer,3.333233872506088,1,3,1,7.62
STU00961,28,Male,Psychology,1.7,1.2,No,78.4,8.3,No,3.41,2,7.6,7.5,Cafe,No,9,10,Visual,7.2,82,UCI_0058,15,16,14,15,15,16,Psychology,Judge,4.410364846944557,1,4,0,8.53
STU00962,26,Female,Biology,5.7,4.8,Yes,66.8,7.8,Yes,4.0,6,3.7,14.8,Quiet Room,No,2,10,Visual,6.4,100,UCI_0058,14,14,16,14,14,17,Biology,Lawyer,3.0858621037530214,1,2,1,10.0
STU00963,23,Female,Biology,4.6,3.3,Yes,94.3,8.2,No,3.67,2,4.0,10.1,Co-Learning Group,No,3,10,Auditory,8.0,92,UCI_0058,15,15,16,15,15,15,Biology,Game Developer,3.0895600123671745,1,1,0,9.18
STU00964,21,Male,Business,9.3,3.9,No,49.9,6.5,Yes,4.0,7,1.3,16.4,Quiet Room,No,9,7,Reading,2.1,100,UCI_0058,13,15,15,16,15,17,Business,Financial Controller,4.942076461115002,1,1,1,10.0
STU00965,18,Male,Engineering,0.3,1.4,Yes,82.7,4.0,No,3.15,6,2.1,4.1,Co-Learning Group,No,9,6,Auditory,7.5,72,UCI_0057,13,16,15,15,14,14,Engineering,Industrial-Organizational Psychologist,4.129685458165527,1,4,1,7.88
STU00966,20,Male,Arts,7.8,0.2,No,45.1,9.0,No,3.18,1,2.7,12.9,Library,No,1,10,Visual,6.9,74,UCI_0057,14,15,14,15,14,15,Arts,Advertising Manager,3.1369172634415663,1,1,0,7.95
STU00967,18,Male,Computer Science,0.0,1.6,No,42.3,6.9,No,4.0,1,5.5,4.2,Quiet Room,No,4,5,Visual,1.4,95,UCI_0058,13,15,14,15,14,16,Computer Science,Biologist,3.657021022720623,2,0,1,10.0
STU00968,19,Male,Engineering,3.0,1.1,No,62.4,9.3,No,3.96,3,2.7,4.8,Co-Learning Group,No,9,10,Kinesthetic,3.8,97,UCI_0058,15,16,16,16,14,16,Engineering,Art Director,2.8154718602098425,0,2,1,9.9
STU00969,27,Female,Psychology,5.8,4.3,No,87.9,8.5,Yes,4.0,6,5.2,12.0,Cafe,No,3,5,Auditory,1.0,100,UCI_0058,14,16,15,16,14,15,Psychology,Landscape Architect,4.540027144280082,1,4,0,10.0
STU00970,26,Other,Psychology,4.9,2.7,No,68.0,5.2,No,4.0,8,4.7,9.5,Co-Learning Group,Yes,4,8,Reading,3.1,100,UCI_0058,13,15,15,14,16,17,Psychology,Biologist,2.624805043966503,0,2,0,10.0
STU00971,23,Other,Psychology,4.1,4.4,Yes,66.3,7.0,Yes,3.58,1,7.2,11.9,Library,No,3,10,Reading,6.7,87,UCI_0058,14,14,16,16,14,15,Psychology,Forensic Psychologist,3.900834298,0,3,1,8.95
STU00972,27,Male,Psychology,3.8,0.7,No,62.7,8.4,Yes,3.22,6,7.4,10.0,Cafe,No,3,8,Visual,3.8,82,UCI_0274,15,14,14,16,16,16,Psychology,Zoologist,4.418344409903311,1,2,1,8.05
STU00973,23,Female,Computer Science,5.125046542570098,0.7,No,75.2,4.2,No,4.0,4,1.0,7.0,Quiet Room,Yes,5,10,Reading,7.4,97,UCI_0058,14,14,16,15,15,15,Computer Science,Landscape Architect,4.314054841007606,1,3,0,10.0
STU00974,17,Female,Psychology,7.9,2.2,No,68.1,6.1,Yes,4.0,4,4.4,13.1,Co-Learning Group,Yes,2,10,Reading,7.6,95,UCI_0058,15,14,16,15,16,15,Psychology,Market Research Analyst,4.933456302912621,1,4,1,10.0
STU00975,20,Male,Computer Science,6.4717717918917765,2.5,No,47.7,4.5,No,3.85,1,4.9,13.1,Quiet Room,No,9,6,Visual,1.2,100,UCI_0016,13,15,15,17,16,18,Computer Science,Chemist,3.539731922711887,1,2,1,9.62
STU00976,20,Other,Arts,5.5,2.2,No,58.1,9.8,Yes,3.18,2,4.8,8.6,Co-Learning Group,No,2,10,Reading,1.8,72,UCI_0355,17,16,16,16,15,15,Arts,Game Developer,4.543993395432022,0,0,1,7.95
STU00977,22,Male,Arts,3.9,5.0,No,96.8,5.0,No,2.86,2,8.1,11.9,Co-Learning Group,Yes,1,8,Reading,9.2,64,UCI_0372,11,11,10,14,15,16,Arts,Artist,4.934906082991546,0,1,0,7.15
STU00978,16,Male,Biology,7.2,0.3,Yes,43.7,5.2,No,4.0,7,5.7,12.9,Library,Yes,7,9,Visual,3.8,99,UCI_0016,14,15,15,17,18,16,Biology,Psychologist,4.352046015890168,2,0,0,10.0
STU00979,19,Other,Computer Science,7.026133270981259,3.6,No,99.1,6.8,Yes,4.0,5,3.6,13.1,Dorm,Yes,7,9,Auditory,2.1,97,UCI_0016,14,14,15,16,16,17,Computer Science,Human Resources Specialist,3.950303868949823,1,4,1,10.0
STU00980,17,Other,Business,4.0,2.0,No,90.9,6.1,No,4.0,1,3.9,8.3,Cafe,Yes,7,10,Auditory,2.9,100,UCI_0016,13,14,14,18,18,16,Business,Acoustics Specialist,3.1643988481210528,2,3,1,10.0
STU00981,20,Other,Engineering,4.7,0.7,No,43.8,7.4,No,4.0,2,6.2,7.3,Quiet Room,No,2,10,Visual,5.5,100,UCI_0016,13,13,13,18,16,16,Engineering,Physical Chemist,4.991850741488952,2,1,1,10.0
STU00982,23,Female,Psychology,4.0,2.0,Yes,48.9,5.8,Yes,3.96,1,5.6,7.8,Cafe,No,1,6,Visual,6.8,95,UCI_0016,15,15,13,16,17,17,Psychology,Conductor,3.643350486335096,2,3,0,9.9
STU00983,18,Female,Biology,1.6,4.1,No,86.1,8.2,Yes,3.01,5,8.0,6.0,Cafe,Yes,4,10,Reading,8.7,77,UCI_0339,13,12,14,14,16,17,Biology,AI Researcher,4.720119326485044,1,4,1,7.52
STU00984,24,Male,Biology,5.9,3.0,Yes,65.3,5.5,No,4.0,8,4.5,11.1,Co-Learning Group,Yes,6,6,Auditory,2.9,100,UCI_0016,15,15,13,17,18,17,Biology,Social Media Manager,3.732442802546022,0,4,1,10.0
STU00985,18,Male,Engineering,2.7,4.6,No,46.5,7.0,Yes,4.0,7,2.6,8.7,Dorm,No,10,7,Visual,6.6,95,UCI_0016,14,13,13,18,18,18,Engineering,Teacher,4.433311240545464,2,0,1,10.0
STU00986,25,Female,Biology,5.5,1.0,Yes,61.1,7.4,Yes,3.59,2,2.2,9.9,Library,Yes,1,10,Visual,5.2,90,UCI_0016,13,13,13,17,17,18,Biology,Industrial-Organizational Psychologist,4.905577373988627,2,4,0,8.97
STU00987,23,Male,Biology,6.2,2.5,No,99.8,6.3,Yes,4.0,3,2.4,12.2,Library,No,4,10,Reading,6.7,100,UCI_0016,15,13,15,16,16,17,Biology,Game Developer,2.8984749679042325,0,2,1,10.0
STU00988,19,Female,Psychology,4.5,2.1,Yes,50.0,5.5,No,2.91,5,3.9,10.4,Cafe,No,5,10,Visual,6.9,73,UCI_0123,14,13,12,14,13,15,Psychology,Composer,3.2077490554539967,0,1,0,7.28
STU00989,24,Female,Biology,1.4,0.3,Yes,43.7,6.9,No,4.0,5,7.0,5.2,Cafe,No,5,10,Kinesthetic,2.3,93,UCI_0016,13,13,14,16,18,16,Biology,Doctor,4.634125412585611,2,2,0,10.0
STU00990,19,Male,Arts,2.0,1.3,No,76.9,5.1,No,3.83,1,4.8,4.9,Dorm,No,9,10,Auditory,3.0,99,UCI_0016,14,15,13,16,18,17,Arts,Architect,4.242594005,1,4,0,9.57
STU00991,27,Male,Business,6.1,4.1,No,75.4,6.6,Yes,3.42,5,3.9,12.2,Cafe,No,9,8,Reading,8.9,90,UCI_0016,13,13,15,18,17,17,Business,Human Resources Specialist,3.4790121364565603,2,2,1,8.55
STU00992,24,Other,Business,5.7,3.1,Yes,62.9,6.9,No,4.0,8,5.4,12.4,Library,Yes,2,8,Kinesthetic,1.5,98,UCI_0016,15,13,13,18,16,18,Business,Microbiologist,2.904603407347337,1,2,1,10.0
STU00993,17,Female,Computer Science,3.489215040078304,4.1,No,80.2,9.4,Yes,2.78,5,7.1,10.6,Dorm,No,2,10,Kinesthetic,9.6,64,UCI_0214,13,12,15,12,12,14,Computer Science,Music Teacher,4.034007643499299,2,1,1,6.95
STU00994,25,Female,Business,7.9,1.7,No,88.2,6.7,Yes,3.32,1,7.1,10.5,Co-Learning Group,No,10,10,Kinesthetic,8.0,81,UCI_0170,15,13,13,16,17,17,Business,Pharmacist,3.622921067003339,0,2,1,8.3
STU00995,27,Other,Computer Science,7.818653914064728,0.6,No,72.1,8.4,No,4.0,2,1.9,11.2,Dorm,No,10,10,Kinesthetic,5.8,100,UCI_0016,15,15,15,17,18,17,Computer Science,Social Media Manager,4.667283134080658,0,4,1,10.0
STU00996,16,Male,Engineering,4.1,3.7,Yes,92.8,5.3,No,3.04,3,4.5,9.1,Cafe,Yes,4,10,Reading,6.8,70,UCI_0318,16,15,15,14,15,16,Engineering,Microbiologist,4.990298722453381,2,4,1,7.6
STU00997,18,Female,Business,1.2,2.9,Yes,47.7,7.8,No,2.12,7,3.7,8.3,Dorm,No,4,10,Reading,2.1,66,UCI_0042,12,12,12,10,11,11,Business,Investment Banker,4.941712288330194,1,0,1,5.3
STU00998,27,Female,Business,5.3,4.1,No,85.0,5.3,No,4.0,6,7.1,13.6,Library,No,6,9,Reading,7.9,100,UCI_0093,15,17,17,13,12,13,Business,Ecologist,4.1681424447576365,1,2,1,10.0
STU00999,21,Other,Computer Science,7.525899583437598,2.5,Yes,81.9,8.5,Yes,4.0,7,1.7,10.8,Co-Learning Group,Yes,1,10,Auditory,4.1,100,UCI_0093,17,17,18,13,14,12,Computer Science,Investment Banker,2.9263511534682496,1,2,0,10.0
STU01000,18,Female,Psychology,5.1,4.5,Yes,76.5,7.3,No,4.0,6,2.5,11.7,Cafe,No,9,10,Auditory,3.6,100,UCI_0093,17,18,19,13,12,12,Psychology,Education Administrator,3.213642115269287,0,4,0,10.0
STU01001,26,Female,Arts,2.6,1.0,Yes,51.9,7.8,Yes,4.0,8,3.1,7.2,Co-Learning Group,No,3,10,Visual,8.9,100,UCI_0093,17,16,19,13,12,12,Arts,Industrial-Organizational Psychologist,2.694522058437242,0,2,0,10.0
STU01002,19,Female,Computer Science,4.997416703069511,2.1,Yes,79.4,4.4,No,4.0,8,2.5,11.5,Co-Learning Group,Yes,10,9,Kinesthetic,7.4,100,UCI_0093,17,17,18,14,13,13,Computer Science,Chemical Engineer,2.8973547685203163,1,0,0,10.0
STU01003,20,Other,Psychology,5.6,2.1,No,74.5,9.1,Yes,3.39,8,5.6,9.7,Cafe,No,2,5,Visual,8.8,86,UCI_0170,13,13,14,15,16,16,Psychology,Architect,4.2010404491063404,1,0,0,8.47
STU01004,25,Other,Biology,3.1,2.0,No,95.2,7.0,No,3.64,1,7.2,6.1,Co-Learning Group,No,10,10,Auditory,7.3,93,UCI_0093,17,16,17,14,12,13,Biology,Dentist,3.147399352270246,2,4,1,9.1
STU01005,25,Male,Computer Science,5.2485301366292525,4.5,Yes,55.9,8.6,No,4.0,7,4.0,11.3,Co-Learning Group,No,10,10,Reading,6.3,99,UCI_0093,15,16,19,15,12,14,Computer Science,Cybersecurity Analyst,2.9880213618265152,1,1,1,10.0
STU01006,26,Other,Engineering,0.9,0.9,Yes,62.0,8.2,No,4.0,5,2.8,4.9,Library,No,7,10,Kinesthetic,6.6,99,UCI_0093,17,17,18,15,13,13,Engineering,Education Administrator,4.2802259705971935,2,0,0,10.0
STU01007,23,Other,Psychology,2.6,1.7,Yes,50.7,6.4,Yes,4.0,2,7.1,6.2,Dorm,No,6,5,Visual,2.1,100,UCI_0093,16,18,19,13,13,14,Psychology,Chemical Engineer,3.3415297856481345,2,2,0,10.0
STU01008,24,Other,Biology,4.4,0.8,No,91.2,6.4,No,3.06,4,3.9,7.4,Dorm,No,2,10,Kinesthetic,6.0,77,UCI_0010,15,16,16,11,12,13,Biology,Landscape Architect,3.481019540238902,0,4,1,7.65
STU01009,18,Other,Computer Science,4.792762167664817,2.6,No,51.3,5.2,Yes,3.39,7,6.8,9.2,Co-Learning Group,No,9,6,Visual,7.5,77,UCI_0066,17,15,15,17,16,17,Computer Science,Web Developer,4.553438125551217,1,1,0,8.47
STU01010,16,Other,Business,4.0,0.6,Yes,85.6,9.3,No,3.98,2,1.0,7.5,Library,Yes,9,10,Visual,4.6,99,UCI_0093,16,18,17,14,13,12,Business,Software Developer,3.3566660647614004,2,0,0,9.95
STU01011,18,Female,Arts,1.5,3.3,No,98.8,4.7,Yes,1.9,1,8.7,8.7,Dorm,No,10,10,Reading,3.5,46,UCI_0122,9,7,8,12,11,11,Arts,Judge,2.7553684358722785,0,3,0,4.75
STU01012,26,Female,Biology,6.5,4.5,Yes,87.9,5.2,No,3.99,4,4.6,13.1,Dorm,No,9,10,Visual,7.6,99,UCI_0093,16,17,17,13,12,13,Biology,Chemist,4.328377767412332,0,2,0,9.98
STU01013,16,Other,Computer Science,1.4675135088423747,4.6,No,47.7,7.9,No,3.45,8,6.3,8.8,Co-Learning Group,Yes,7,10,Visual,2.1,95,UCI_0093,15,17,19,15,12,14,Computer Science,Electrical Engineer,4.823882481969986,0,0,0,8.62
STU01014,27,Other,Psychology,2.3,1.0,Yes,79.8,8.5,Yes,3.75,1,4.4,6.8,Quiet Room,No,2,6,Auditory,5.0,89,UCI_0093,15,16,17,13,14,12,Psychology,Physician Assistant,4.456539936466184,1,4,0,9.38
STU01015,22,Other,Arts,1.6,1.7,Yes,52.1,5.2,Yes,4.0,3,4.3,7.6,Quiet Room,No,1,10,Reading,2.2,100,UCI_0093,17,17,17,14,12,13,Arts,Graphic Designer,3.802571905467085,1,3,1,10.0
STU01016,16,Other,Arts,3.3,4.0,No,53.2,4.7,Yes,3.25,8,6.6,11.5,Cafe,Yes,2,8,Auditory,2.2,75,UCI_0274,15,13,15,16,15,16,Arts,Marketing Specialist,3.908583235033264,0,0,1,8.12
STU01017,24,Other,Engineering,5.1,1.7,Yes,75.7,7.4,No,3.55,8,10.0,11.5,Quiet Room,No,5,10,Kinesthetic,8.7,86,UCI_0093,15,18,19,13,14,14,Engineering,Game Developer,4.963642052271316,2,3,0,8.88
STU01018,20,Female,Computer Science,4.314533310374159,3.6,Yes,78.4,6.3,Yes,2.63,7,4.3,11.6,Dorm,Yes,2,10,Reading,7.0,64,UCI_0104,10,13,14,12,13,12,Computer Science,Entrepreneur,3.1007537001138665,1,0,1,6.57
STU01019,24,Female,Psychology,4.5,2.6,No,81.0,4.5,Yes,3.92,7,3.4,8.2,Quiet Room,No,2,10,Auditory,5.7,98,UCI_0093,15,18,19,15,14,14,Psychology,Dentist,4.769984007,0,3,1,9.8
STU01020,24,Other,Psychology,2.9,1.4,Yes,42.8,10.4,Yes,3.48,5,7.3,6.8,Dorm,Yes,7,10,Kinesthetic,7.2,88,UCI_0224,17,15,17,12,12,15,Psychology,Special Education Teacher,2.933355264227245,2,1,0,8.7
STU01021,25,Female,Computer Science,5.384616345850505,1.8,Yes,81.0,8.0,Yes,3.7,4,2.7,9.6,Library,Yes,5,10,Visual,3.9,92,UCI_0224,17,16,18,12,12,15,Computer Science,Composer,4.555360493500334,0,0,0,9.25
STU01022,21,Male,Arts,4.8,0.1,No,92.7,8.6,Yes,4.0,8,5.0,8.7,Library,Yes,9,10,Auditory,7.8,100,UCI_0224,16,16,17,12,14,15,Arts,Biotechnologist,4.480759524314577,1,0,0,10.0
STU01023,19,Male,Business,5.9,2.3,No,90.9,6.7,No,3.2,8,7.2,13.2,Quiet Room,No,5,10,Auditory,8.7,79,UCI_0224,16,16,18,13,13,13,Business,Electrical Engineer,2.7603181249683413,2,1,0,8.0
STU01024,28,Female,Computer Science,6.165472074887749,2.9,Yes,82.9,5.3,Yes,3.87,3,3.7,12.9,Library,Yes,7,10,Reading,4.2,91,UCI_0224,16,16,17,12,12,15,Computer Science,Composer,4.555360493500334,0,0,0,9.68
STU01025,20,Female,Arts,1.5,4.5,No,89.8,7.7,No,3.3,5,10.0,7.9,Dorm,No,2,10,Auditory,7.9,78,UCI_0306,15,12,14,17,15,17,Arts,Paralegal,2.9456747372001084,0,0,1,8.25
STU01026,27,Other,Computer Science,5.870102192,0.3,No,50.9,5.8,No,3.3,4,9.4,9.0,Cafe,Yes,3,9,Visual,4.1,76,UCI_0261,15,14,15,15,16,15,Computer Science,Industrial-Organizational Psychologist,3.5551670909357425,0,3,0,8.25
STU01027,27,Male,Engineering,1.5,3.8,Yes,68.8,7.7,Yes,3.61,3,4.3,10.5,Cafe,No,4,10,Kinesthetic,8.7,83,UCI_0224,15,17,18,13,13,14,Engineering,Industrial-Organizational Psychologist,3.236720177818735,2,1,1,9.03
STU01028,16,Female,Arts,5.2,3.8,Yes,55.3,8.2,No,4.0,7,9.3,12.2,Co-Learning Group,Yes,1,5,Kinesthetic,5.9,100,UCI_0224,15,16,16,14,13,13,Arts,Psychologist,4.907087238202669,0,2,1,10.0
STU01029,28,Male,Business,3.0,4.2,No,93.2,5.6,Yes,3.46,1,6.8,8.7,Library,No,5,7,Visual,4.0,86,UCI_0224,16,17,16,14,13,14,Business,Manager,3.636539389424093,1,1,0,8.65
STU01030,22,Female,Business,1.7,2.3,No,81.9,5.2,No,3.66,3,4.3,7.8,Dorm,No,7,10,Kinesthetic,3.0,92,UCI_0224,17,16,16,14,12,14,Business,Judge,2.7936130679671547,1,1,1,9.15
STU01031,17,Male,Computer Science,5.728988734573759,2.9,Yes,67.4,7.7,No,4.0,5,1.4,9.0,Dorm,Yes,6,8,Reading,4.0,100,UCI_0224,17,16,18,13,12,13,Computer Science,Quantum Physicist,3.6594678101895255,2,4,1,10.0
STU01032,24,Other,Business,6.1,0.7,Yes,65.0,5.9,Yes,3.58,8,6.7,10.2,Dorm,No,5,9,Kinesthetic,8.5,87,UCI_0224,16,15,17,13,14,13,Business,Social Media Manager,2.7823628771512587,1,3,1,8.95
STU01033,17,Female,Biology,4.4,3.4,No,64.3,7.0,Yes,4.0,7,1.0,10.9,Quiet Room,Yes,10,6,Kinesthetic,8.6,95,UCI_0224,17,16,17,13,12,15,Biology,Counselor,4.804723358333931,0,4,1,10.0
STU01034,21,Male,Arts,2.8,2.2,No,83.2,8.4,No,3.16,2,7.9,10.2,Dorm,Yes,10,9,Auditory,7.0,65,UCI_0293,14,15,14,15,15,14,Arts,Electrical Engineer,3.1409711084224377,2,2,1,7.9
STU01035,18,Male,Business,2.5,2.0,No,79.8,5.0,No,2.59,2,4.1,7.6,Library,Yes,2,10,Visual,2.6,64,UCI_0030,10,11,12,11,12,11,Business,Industrial-Organizational Psychologist,2.738134479408348,1,0,1,6.47
STU01036,23,Female,Engineering,6.4,3.4,No,98.7,8.3,Yes,4.0,6,4.4,12.5,Library,Yes,9,10,Visual,6.8,89,UCI_0224,15,15,16,13,12,14,Engineering,Analytical Chemist,4.393326903092733,1,4,1,10.0
STU01037,23,Other,Engineering,5.4,3.7,No,92.4,4.5,No,4.0,2,4.9,12.9,Library,No,6,10,Reading,7.4,97,UCI_0015,14,15,15,13,13,14,Engineering,Physician Assistant,4.179068312722489,2,0,1,10.0
STU01038,18,Other,Arts,0.0,3.8,No,83.9,7.3,Yes,3.29,4,6.3,9.2,Library,No,8,10,Visual,3.0,89,UCI_0226,13,13,14,15,16,16,Arts,Chemical Engineer,2.790080901662693,0,0,0,8.22
STU01039,16,Male,Arts,0.0,3.7,No,42.6,7.0,Yes,3.17,7,7.1,6.0,Quiet Room,No,1,5,Kinesthetic,2.8,86,UCI_0259,13,11,13,14,14,16,Arts,Conductor,2.5421286841804704,1,2,0,7.92
STU01040,27,Female,Business,1.6,1.4,Yes,82.6,9.0,Yes,2.61,4,6.8,4.0,Quiet Room,No,10,10,Visual,5.0,58,UCI_0350,12,13,13,12,12,12,Business,Clinical Psychologist,4.458511665072523,2,1,0,6.52
STU01041,17,Female,Biology,3.7,0.6,Yes,68.6,7.1,Yes,3.36,1,4.6,7.3,Cafe,No,1,9,Kinesthetic,3.8,85,UCI_0015,14,17,16,13,15,14,Biology,Education Administrator,4.209024504899428,0,3,0,8.4
STU01042,18,Male,Biology,3.5,3.4,Yes,86.1,7.1,No,4.0,8,3.0,7.8,Library,Yes,6,5,Auditory,3.6,100,UCI_0015,13,15,17,15,14,15,Biology,Judge,4.072705349,0,2,1,10.0
STU01043,17,Male,Biology,5.5,3.2,No,74.1,6.2,No,3.91,1,6.1,10.6,Quiet Room,Yes,5,10,Auditory,2.6,100,UCI_0015,14,16,16,15,15,14,Biology,Acoustics Specialist,3.461365807565815,2,0,1,9.78
STU01044,16,Female,Biology,1.9,4.0,No,84.8,7.3,No,4.0,5,3.8,10.2,Quiet Room,Yes,3,5,Kinesthetic,6.5,100,UCI_0015,14,17,16,13,15,15,Biology,Game Developer,4.680543589762815,0,4,0,10.0
STU01045,18,Other,Computer Science,6.206716517792606,0.8,No,44.3,9.5,Yes,3.26,8,3.0,11.7,Library,Yes,1,10,Reading,6.1,70,UCI_0314,13,12,13,15,15,16,Computer Science,Marketing Manager,4.836326524620969,2,2,0,8.15
STU01046,20,Other,Arts,4.7,4.0,Yes,44.1,8.6,Yes,4.0,6,3.2,11.0,Library,Yes,4,7,Auditory,5.6,100,UCI_0015,13,16,17,14,14,16,Arts,Architect,4.159892479316327,1,0,0,10.0
STU01047,16,Male,Arts,4.9,1.9,Yes,51.3,4.5,No,3.64,4,1.8,10.2,Cafe,No,4,5,Reading,3.4,91,UCI_0015,14,15,17,14,13,15,Arts,Teacher,3.801819377963701,2,4,0,9.1
STU01048,24,Female,Business,1.0,0.6,Yes,58.2,6.0,Yes,3.36,4,5.8,3.4,Co-Learning Group,No,3,5,Visual,9.8,89,UCI_0339,13,13,14,15,17,16,Business,AI Researcher,4.148435858295736,1,3,1,8.4
STU01049,26,Male,Psychology,3.1,2.5,No,82.0,8.1,Yes,2.88,3,6.5,9.2,Co-Learning Group,No,7,10,Auditory,8.5,79,UCI_0085,15,14,16,12,12,12,Psychology,Counselor,4.320025626181323,2,3,0,7.2
STU01050,24,Male,Engineering,4.8,0.2,Yes,76.1,7.1,Yes,2.85,1,5.7,7.2,Cafe,No,2,10,Kinesthetic,5.7,73,UCI_0381,15,15,15,11,11,9,Engineering,Clinical Psychologist,3.5316606318835357,1,4,1,7.12
STU01051,23,Male,Biology,1.7,1.8,Yes,61.2,5.7,No,4.0,8,7.8,7.5,Dorm,No,10,5,Visual,4.3,95,UCI_0015,13,17,17,15,14,14,Biology,Industrial-Organizational Psychologist,4.045496620504544,1,4,0,10.0
STU01052,22,Female,Arts,1.9,2.2,No,89.6,8.1,Yes,4.0,2,4.0,6.1,Library,No,3,5,Visual,3.4,94,UCI_0015,15,15,15,15,14,14,Arts,Biologist,3.384191635045785,1,1,1,10.0
STU01053,16,Other,Business,3.2,0.2,No,77.5,7.3,No,3.68,1,6.1,5.7,Library,Yes,4,10,Auditory,10.0,91,UCI_0015,13,16,15,15,14,15,Business,Inorganic Chemist,3.7507428648522554,1,3,1,9.2
STU01054,20,Male,Business,7.0,4.9,No,88.3,5.1,Yes,3.96,5,6.4,14.4,Co-Learning Group,Yes,2,10,Visual,4.4,100,UCI_0015,14,16,16,15,14,15,Business,Mechanical Engineer,3.5195758240708224,0,1,1,9.9
STU01055,20,Female,Arts,7.3,3.0,No,74.1,7.9,No,4.0,5,5.5,14.5,Quiet Room,No,6,6,Kinesthetic,2.5,98,UCI_0015,14,15,17,14,15,16,Arts,Lawyer,3.654419555182784,1,2,0,10.0
STU01056,28,Female,Psychology,3.9,1.5,No,93.8,6.1,No,2.95,5,3.5,7.9,Co-Learning Group,Yes,10,10,Visual,6.0,68,UCI_0170,15,15,14,17,15,18,Psychology,Credit Analyst,3.694378154175612,0,3,1,7.38
STU01057,22,Male,Psychology,2.5,0.7,No,49.1,5.6,Yes,4.0,3,6.4,4.0,Co-Learning Group,No,10,10,Visual,8.2,100,UCI_0015,13,17,15,14,13,14,Psychology,Paralegal,3.6015037701869006,2,4,1,10.0
STU01058,20,Other,Arts,5.0,2.9,No,88.9,7.9,Yes,4.0,5,4.3,10.3,Quiet Room,Yes,9,7,Kinesthetic,8.6,100,UCI_0015,15,17,15,13,15,16,Arts,Music Teacher,2.565679319017452,1,2,1,10.0
STU01059,22,Male,Computer Science,3.1680595695448264,1.9,Yes,74.4,5.3,No,2.7,2,2.1,7.6,Dorm,Yes,7,8,Reading,8.0,72,UCI_0333,9,9,11,14,13,15,Computer Science,Financial Analyst,3.608836752799015,0,3,0,6.75
STU01060,16,Other,Business,4.0,0.4,Yes,92.4,7.8,Yes,3.63,4,6.1,6.4,Quiet Room,No,9,10,Kinesthetic,8.4,92,UCI_0015,14,17,15,15,14,16,Business,School Psychologist,2.691318636,2,1,0,9.07
STU01061,19,Male,Business,6.9,2.9,No,58.2,8.0,No,4.0,8,6.0,13.2,Co-Learning Group,No,8,6,Visual,4.7,100,UCI_0202,17,15,15,15,13,14,Business,Architectural Technologist,3.2710197104495395,2,1,1,10.0
STU01062,21,Other,Engineering,1.1,4.4,No,96.8,6.9,No,2.7,5,1.0,9.5,Library,Yes,10,10,Reading,2.9,65,UCI_0123,15,14,13,13,13,15,Engineering,Artist,4.852860776536697,2,0,1,6.75
STU01063,16,Male,Business,4.3,0.5,Yes,42.6,7.3,Yes,4.0,3,2.9,6.8,Quiet Room,No,7,5,Kinesthetic,8.2,92,UCI_0202,15,16,15,13,13,16,Business,Artist,3.7813290541308713,1,4,0,10.0
STU01064,16,Other,Arts,3.3,0.8,Yes,94.7,5.3,Yes,2.86,4,4.5,8.4,Quiet Room,No,7,10,Visual,2.0,66,UCI_0286,11,13,12,18,18,17,Arts,Accountant,2.954755504187499,0,1,0,7.15
STU01065,22,Female,Computer Science,2.3535955831080315,0.6,No,67.2,4.9,No,4.0,5,6.5,4.5,Quiet Room,Yes,3,5,Auditory,7.4,100,UCI_0202,17,16,15,13,15,15,Computer Science,Graphic Designer,3.748396315050515,0,3,0,10.0
STU01066,22,Other,Computer Science,5.978229756599124,1.6,No,81.9,5.1,No,3.87,5,5.4,10.2,Quiet Room,No,9,10,Auditory,1.5,93,UCI_0202,16,15,17,13,13,15,Computer Science,Composer,4.342996656186921,1,0,1,9.68
STU01067,17,Female,Arts,2.0,4.0,No,63.8,7.0,No,3.93,3,3.3,9.1,Library,Yes,10,8,Auditory,3.5,93,UCI_0202,17,15,15,14,13,15,Arts,Market Research Analyst,4.147381154036021,1,3,1,9.83
STU01068,19,Male,Engineering,2.1,2.5,No,81.6,8.1,Yes,3.03,1,5.6,5.7,Quiet Room,No,5,10,Kinesthetic,1.4,71,UCI_0010,13,14,16,13,12,13,Engineering,Analytical Chemist,4.530748536624289,1,0,1,7.57
STU01069,26,Female,Computer Science,5.776930493352536,2.9,No,42.3,4.0,Yes,4.0,3,7.2,9.8,Library,Yes,3,7,Kinesthetic,6.6,100,UCI_0202,17,15,16,15,15,14,Computer Science,Microbiologist,4.922366912148023,0,0,1,10.0
STU01070,18,Other,Engineering,4.1,4.2,No,55.6,6.4,Yes,2.78,1,6.2,10.5,Dorm,No,10,7,Reading,9.0,73,UCI_0004,15,15,14,14,15,13,Engineering,Advertising Manager,4.584263074,0,4,0,6.95
STU01071,16,Female,Computer Science,5.415640665983739,1.2,Yes,69.8,5.5,No,3.12,2,6.0,11.2,Quiet Room,Yes,1,10,Visual,7.8,79,UCI_0274,14,15,14,15,15,17,Computer Science,Artist,4.273744718643564,1,0,1,7.8
STU01072,22,Male,Biology,5.4,2.3,Yes,78.9,8.0,No,3.19,8,4.3,9.5,Cafe,No,9,10,Kinesthetic,6.2,82,UCI_0293,15,13,15,14,16,14,Biology,Aerospace Engineer,2.6449274159025378,1,0,0,7.97
STU01073,20,Male,Engineering,7.5,0.6,No,55.8,7.1,No,4.0,7,5.0,12.1,Library,Yes,4,10,Visual,9.9,98,UCI_0202,15,16,16,15,15,16,Engineering,Musician,3.032887919032264,0,2,0,10.0
STU01074,19,Male,Business,5.6,4.8,No,64.1,9.3,Yes,3.98,7,4.6,12.1,Library,Yes,6,7,Kinesthetic,3.6,95,UCI_0202,15,15,17,14,15,15,Business,Web Developer,2.778003797455325,2,1,1,9.95
STU01075,23,Male,Engineering,6.2,2.9,Yes,74.5,7.4,No,3.59,8,5.0,13.2,Co-Learning Group,No,7,10,Auditory,7.4,85,UCI_0202,15,16,17,14,13,14,Engineering,Manager,3.175355834206805,2,3,0,8.97
STU01076,23,Other,Business,5.0,2.1,Yes,98.6,6.4,No,4.0,5,4.4,10.7,Dorm,No,4,10,Visual,9.9,90,UCI_0202,17,17,17,13,14,16,Business,Aerospace Engineer,3.333118464608876,1,1,1,10.0
STU01077,25,Male,Engineering,5.7,4.5,Yes,63.9,5.8,Yes,4.0,7,1.0,13.5,Quiet Room,No,3,10,Kinesthetic,4.6,100,UCI_0202,16,16,16,13,13,16,Engineering,Industrial-Organizational Psychologist,3.236720177818735,2,1,1,10.0
STU01078,22,Female,Psychology,3.4,1.9,No,52.3,6.3,No,3.2,4,5.2,8.5,Quiet Room,No,6,10,Kinesthetic,8.7,90,UCI_0120,10,13,15,16,15,16,Psychology,Artist,3.947110394847004,2,3,1,8.0
STU01079,28,Male,Engineering,2.1,3.6,No,81.5,6.4,No,2.34,4,10.0,9.4,Co-Learning Group,Yes,3,10,Kinesthetic,1.5,59,UCI_0220,7,7,8,12,13,13,Engineering,Investment Banker,4.623611410316457,2,0,0,5.85
STU01080,17,Male,Business,3.8,4.6,No,78.8,5.7,No,2.52,6,6.8,13.4,Co-Learning Group,No,3,10,Visual,1.8,67,UCI_0018,7,11,11,12,13,13,Business,Physician Assistant,3.4589564664566854,1,0,1,6.3
STU01081,21,Female,Computer Science,5.994471139345569,4.0,No,76.7,9.0,No,4.0,7,3.5,13.0,Cafe,Yes,4,10,Kinesthetic,5.9,100,UCI_0202,17,16,17,14,15,15,Computer Science,Microbiologist,3.075191951193461,0,3,1,10.0
STU01082,25,Male,Business,4.5,3.3,No,68.0,7.4,No,4.0,3,4.8,10.9,Library,Yes,4,9,Kinesthetic,2.0,97,UCI_0202,15,17,17,15,15,14,Business,Nuclear Physicist,3.696290880076763,0,3,1,10.0
STU01083,17,Other,Arts,4.5,0.0,Yes,98.1,6.1,Yes,4.0,6,4.9,9.1,Library,Yes,6,6,Visual,3.6,100,UCI_0202,15,16,15,14,13,15,Arts,Biomedical Engineer,3.6341895505674207,1,4,0,10.0
STU01084,25,Other,Computer Science,6.561441977137227,1.8,No,83.7,7.9,No,4.0,6,4.6,12.3,Dorm,No,9,7,Reading,1.9,95,UCI_0170,14,14,15,16,16,16,Computer Science,Data Scientist,2.831345231378122,0,2,0,10.0
STU01085,16,Other,Psychology,1.9,1.0,No,76.6,9.4,No,4.0,3,5.8,5.4,Quiet Room,Yes,7,10,Auditory,2.3,98,UCI_0170,14,13,13,16,15,17,Psychology,Legal Consultant,3.219682161018508,1,4,1,10.0
STU01086,25,Other,Engineering,2.7,3.8,Yes,71.1,5.5,Yes,2.98,4,8.1,10.1,Cafe,Yes,5,7,Reading,6.9,73,UCI_0074,13,13,13,13,13,14,Engineering,Civil Engineer,4.223868554566787,2,4,1,7.45
STU01087,25,Male,Engineering,2.5,4.4,No,64.2,8.6,Yes,2.2,7,6.7,11.0,Dorm,No,8,10,Visual,8.8,53,UCI_0157,10,10,10,13,13,13,Engineering,Physician Assistant,3.571078065798421,2,4,0,5.5
STU01088,20,Female,Psychology,3.0,3.4,No,43.5,5.7,No,4.0,4,2.8,9.5,Dorm,Yes,9,7,Reading,1.4,96,UCI_0170,15,14,13,16,15,17,Psychology,Principal,2.8650153146355986,2,1,1,10.0
STU01089,28,Other,Business,2.6,0.3,No,71.2,8.8,No,3.35,7,4.1,6.3,Quiet Room,No,7,10,Auditory,9.6,76,UCI_0066,15,16,14,17,16,16,Business,School Psychologist,3.7651083684164974,2,2,1,8.38
STU01090,21,Female,Psychology,3.0,4.1,Yes,68.8,4.2,Yes,2.89,1,3.0,9.4,Cafe,No,8,10,Visual,3.1,65,UCI_0274,14,13,13,16,16,17,Psychology,Lawyer,4.315489523516352,2,4,0,7.23
STU01091,28,Female,Psychology,5.1,4.9,Yes,65.3,7.1,Yes,3.94,6,3.0,13.5,Co-Learning Group,Yes,4,8,Reading,2.5,99,UCI_0170,14,13,15,17,17,17,Psychology,Nuclear Physicist,4.401193897344835,0,0,1,9.85
STU01092,20,Other,Computer Science,4.685542970434322,3.5,Yes,48.1,5.5,Yes,3.28,7,2.7,11.3,Dorm,Yes,3,10,Kinesthetic,1.9,83,UCI_0306,15,13,13,17,15,16,Computer Science,Teacher,3.917683262909458,1,3,1,8.2
STU01093,25,Other,Biology,8.2,3.1,No,77.5,7.8,No,4.0,8,1.0,14.4,Quiet Room,Yes,6,9,Auditory,7.5,92,UCI_0170,13,14,15,17,17,16,Biology,Organic Chemist,2.8442277221353844,2,2,0,10.0
STU01094,20,Other,Computer Science,5.645065789270543,3.0,No,91.6,6.2,Yes,3.1,1,2.7,11.8,Cafe,No,10,10,Auditory,2.8,79,UCI_0142,17,16,14,14,14,13,Computer Science,Graphic Designer,3.0575436520573818,0,4,0,7.75
STU01095,26,Other,Engineering,7.3,2.7,Yes,77.9,6.9,No,4.0,4,7.0,13.0,Quiet Room,Yes,10,6,Reading,5.9,100,UCI_0170,15,14,14,17,16,17,Engineering,Artist,2.8493277973383875,1,3,1,10.0
STU01096,20,Other,Arts,2.5,2.9,No,91.6,4.1,Yes,4.0,3,5.3,7.0,Quiet Room,Yes,1,7,Kinesthetic,7.2,100,UCI_0170,14,13,13,17,15,17,Arts,Geneticist,3.944813586289899,1,2,0,10.0
STU01097,23,Female,Computer Science,4.280094224032043,1.1,Yes,90.1,6.3,No,3.53,6,1.0,10.2,Cafe,No,6,10,Visual,7.0,88,UCI_0170,13,13,14,17,16,16,Computer Science,Nuclear Physicist,2.857634765149681,0,3,1,8.82
STU01098,25,Female,Arts,3.4,2.7,Yes,85.4,7.6,No,2.92,5,4.2,8.6,Cafe,No,2,10,Kinesthetic,6.1,77,UCI_0209,10,13,12,14,14,15,Arts,Organic Chemist,3.9106321002887774,2,3,0,7.3
STU01099,17,Male,Engineering,4.8,1.7,No,64.9,4.2,No,3.31,6,5.4,12.1,Co-Learning Group,No,8,10,Kinesthetic,2.3,87,UCI_0339,13,13,13,13,17,16,Engineering,Curriculum Developer,4.497402748770126,2,3,0,8.28
STU01100,28,Other,Arts,4.7,0.5,Yes,60.6,7.2,Yes,3.22,4,10.0,10.7,Dorm,Yes,8,10,Auditory,1.8,93,UCI_0306,14,11,14,17,15,17,Arts,School Psychologist,3.14185382886942,0,3,1,8.05
STU01101,21,Other,Engineering,3.5,3.9,No,92.1,7.4,Yes,3.36,3,7.5,10.0,Quiet Room,No,10,10,Reading,5.3,81,UCI_0189,16,14,16,12,15,16,Engineering,Advertising Manager,4.584263074,0,4,0,8.4
STU01102,27,Other,Business,4.2,2.1,Yes,93.3,6.9,Yes,4.0,2,8.3,8.7,Co-Learning Group,Yes,3,10,Reading,2.7,100,UCI_0170,14,13,14,15,16,18,Business,Entrepreneur,4.7875595797885655,0,0,1,10.0
STU01103,21,Male,Engineering,4.8,4.7,Yes,75.8,9.6,Yes,2.96,3,4.5,12.4,Co-Learning Group,No,5,9,Auditory,4.1,76,UCI_0074,11,11,13,12,12,14,Engineering,Acoustics Specialist,3.846773490224292,0,2,0,7.4
STU01104,20,Other,Computer Science,4.504052217100141,4.1,Yes,45.3,4.9,Yes,3.57,1,8.9,10.1,Quiet Room,Yes,1,8,Auditory,1.1,88,UCI_0170,13,15,15,17,16,16,Computer Science,Clinical Psychologist,2.9756595823162195,2,1,0,8.92
STU01105,16,Other,Psychology,4.2,3.3,Yes,76.4,10.1,No,4.0,6,4.7,9.3,Library,No,7,5,Visual,5.4,100,UCI_0170,15,13,14,16,17,17,Psychology,Game Developer,3.6404549668875386,2,2,1,10.0
STU01106,22,Male,Business,7.6,0.0,Yes,79.0,8.3,No,4.0,6,1.5,12.9,Library,No,3,8,Visual,9.5,100,UCI_0066,17,16,15,17,14,17,Business,Mechanical Engineer,2.866556365821346,0,4,0,10.0
STU01107,19,Male,Psychology,2.5,2.2,Yes,47.6,6.5,Yes,3.19,2,2.9,6.7,Quiet Room,Yes,8,10,Kinesthetic,8.7,80,UCI_0238,15,13,14,15,16,17,Psychology,Lawyer,4.061814311862532,2,1,0,7.97
STU01108,27,Other,Biology,3.6,1.3,No,45.5,6.1,No,3.54,1,3.7,7.0,Library,Yes,5,5,Visual,6.6,85,UCI_0066,15,14,14,15,15,16,Biology,Digital Marketing Specialist,4.814170319777579,0,4,1,8.85
STU01109,19,Other,Computer Science,2.379352549069759,3.6,No,56.4,7.1,No,3.34,6,4.6,8.7,Quiet Room,Yes,5,8,Visual,4.2,88,UCI_0189,14,14,16,14,13,15,Computer Science,Acoustics Specialist,4.256425844473155,1,4,1,8.35
STU01110,27,Female,Psychology,0.7,3.6,Yes,55.9,6.6,No,3.3,4,4.8,6.0,Dorm,No,6,5,Visual,7.2,84,UCI_0120,12,14,15,15,15,15,Psychology,Graphic Designer,3.411172467107728,1,0,1,8.25
STU01111,17,Other,Business,4.0,1.6,Yes,61.7,7.1,No,3.75,7,6.8,9.3,Co-Learning Group,No,9,7,Reading,1.3,96,UCI_0066,17,15,14,17,15,16,Business,Physician Assistant,4.985471524712208,0,4,0,9.38
STU01112,27,Other,Arts,2.1,1.0,No,79.8,8.8,Yes,4.0,7,3.8,7.0,Cafe,Yes,5,5,Kinesthetic,5.7,98,UCI_0066,15,14,16,15,14,17,Arts,Illustrator,3.050685485167966,2,1,0,10.0
STU01113,28,Female,Engineering,3.7,3.0,No,68.6,6.2,Yes,3.13,2,4.1,10.5,Quiet Room,No,7,10,Visual,4.9,77,UCI_0293,15,15,14,14,14,15,Engineering,Landscape Architect,2.7231840001798484,1,2,1,7.82
STU01114,19,Other,Arts,4.6,1.0,No,69.7,8.4,No,2.96,6,6.8,7.3,Quiet Room,Yes,6,10,Visual,5.4,74,UCI_0326,12,13,13,16,16,16,Arts,Software Developer,4.462790404179096,0,4,1,7.4
STU01115,17,Male,Arts,7.2,0.3,No,47.7,7.6,Yes,3.17,5,2.6,8.8,Cafe,No,3,10,Auditory,6.9,81,UCI_0293,16,13,14,13,16,14,Arts,Lawyer,3.604090612,2,4,1,7.92
STU01116,25,Male,Arts,4.5,2.5,Yes,53.7,10.1,No,4.0,1,4.6,9.9,Dorm,No,10,10,Kinesthetic,4.9,100,UCI_0066,17,14,16,16,14,15,Arts,Graphic Designer,3.802571905467085,1,3,1,10.0
STU01117,16,Female,Biology,0.6,4.7,Yes,96.6,6.8,Yes,3.65,7,3.8,6.7,Co-Learning Group,No,1,10,Reading,3.9,98,UCI_0066,17,14,14,16,14,15,Biology,Construction Manager,3.962834714504104,1,2,1,9.12
STU01118,25,Other,Biology,2.5,1.6,Yes,57.1,9.1,No,2.78,3,3.9,7.6,Cafe,No,10,10,Auditory,4.9,68,UCI_0121,14,15,14,13,14,14,Biology,Financial Advisor,2.872586828169256,1,3,0,6.95
STU01119,23,Other,Arts,2.0,0.2,Yes,47.2,5.5,No,4.0,3,4.9,6.5,Dorm,Yes,4,5,Visual,9.1,100,UCI_0066,17,15,14,17,14,15,Arts,Entrepreneur,3.130623595701958,1,3,1,10.0
STU01120,20,Male,Psychology,5.7,1.8,Yes,62.1,6.6,No,4.0,6,3.7,11.8,Library,No,1,6,Auditory,7.8,98,UCI_0066,17,15,16,16,16,16,Psychology,Aerospace Engineer,3.2967587407823755,0,2,0,10.0
STU01121,22,Male,Biology,6.1,1.7,No,67.5,8.8,No,3.44,4,7.5,10.3,Cafe,Yes,10,10,Reading,7.4,84,UCI_0066,15,14,16,15,15,15,Biology,Dentist,4.614554216012668,0,1,0,8.6
STU01122,17,Other,Engineering,5.0,3.1,No,42.4,4.0,No,4.0,5,3.6,13.0,Cafe,No,4,9,Auditory,7.9,96,UCI_0066,15,15,14,16,16,15,Engineering,Acoustics Specialist,4.850058869606623,0,1,0,10.0
STU01123,24,Female,Business,3.4,0.3,No,79.3,6.7,Yes,3.27,8,6.3,5.8,Co-Learning Group,No,10,10,Kinesthetic,5.6,92,UCI_0120,10,14,14,16,14,17,Business,Clinical Psychologist,3.481745251179499,1,2,1,8.18
STU01124,28,Male,Arts,1.6,1.2,No,72.8,7.9,No,2.56,3,7.2,5.7,Dorm,Yes,1,10,Visual,3.1,62,UCI_0354,12,10,11,12,11,13,Arts,Accountant,2.954755504187499,0,1,0,6.4
STU01125,26,Male,Arts,4.9,0.7,No,85.2,5.8,No,4.0,3,3.9,9.2,Cafe,Yes,1,6,Reading,6.8,100,UCI_0066,15,14,15,15,15,17,Arts,Pharmacist,4.601640873811494,2,1,1,10.0
STU01126,26,Male,Computer Science,4.818132309209148,1.9,Yes,89.5,5.9,No,3.54,1,6.2,9.2,Co-Learning Group,No,3,10,Visual,6.0,78,UCI_0066,15,15,14,16,14,15,Computer Science,Graphic Designer,4.559316866,0,1,1,8.85
STU01127,21,Male,Business,2.0,0.7,No,80.9,7.8,No,4.0,7,3.2,5.5,Dorm,Yes,3,10,Auditory,5.2,100,UCI_0189,14,16,14,14,15,16,Business,Musician,4.268830511306071,1,0,0,10.0
STU01128,23,Male,Computer Science,5.538638492176172,2.8,No,44.5,6.2,Yes,3.55,8,4.5,12.6,Dorm,Yes,2,10,Visual,4.5,86,UCI_0189,14,16,16,12,15,17,Computer Science,Forensic Psychologist,4.398214309279543,1,2,0,8.88
STU01129,18,Female,Business,3.3,4.6,No,78.3,6.9,Yes,4.0,2,3.9,11.5,Dorm,Yes,3,5,Visual,5.0,100,UCI_0189,14,14,16,12,14,15,Business,Counselor,2.7009622676035208,0,4,1,10.0
STU01130,20,Female,Business,4.2,1.2,No,41.7,7.9,No,3.79,1,5.9,8.4,Co-Learning Group,Yes,10,9,Auditory,3.6,89,UCI_0189,16,14,14,12,13,16,Business,AI Researcher,4.210981204169502,0,2,0,9.47
STU01131,19,Female,Business,6.7,1.9,Yes,50.3,8.3,No,4.0,4,6.0,12.0,Cafe,No,4,10,Auditory,2.3,100,UCI_0189,14,16,15,12,15,16,Business,Fluid Mechanics Engineer,3.087536686440691,2,3,1,10.0
STU01132,23,Other,Computer Science,4.995213166849361,3.4,No,70.9,4.0,No,4.0,1,7.2,11.3,Library,Yes,1,6,Auditory,7.7,100,UCI_0189,16,14,16,13,15,16,Computer Science,Psychologist,3.3193089319706823,2,0,1,10.0
STU01133,28,Male,Computer Science,10.042587600758464,4.5,No,92.5,7.1,Yes,4.0,5,6.6,18.7,Quiet Room,Yes,4,9,Visual,2.9,100,UCI_0189,16,15,14,12,15,17,Computer Science,Accountant,4.111724252615959,1,2,1,10.0
STU01134,18,Male,Psychology,3.2,0.5,Yes,83.0,8.8,Yes,3.84,5,5.8,6.6,Dorm,No,7,10,Reading,6.2,93,UCI_0189,15,16,14,12,14,16,Psychology,Chemical Engineer,4.541303270219468,0,3,0,9.6
STU01135,19,Other,Engineering,3.6,0.3,Yes,87.4,9.0,No,4.0,3,3.6,5.9,Cafe,Yes,10,8,Reading,9.5,97,UCI_0189,16,16,14,14,14,17,Engineering,Digital Marketing Specialist,3.0060755591880213,1,3,0,10.0
STU01136,22,Male,Psychology,5.7,4.2,Yes,74.1,8.6,No,4.0,5,4.7,11.7,Quiet Room,Yes,1,6,Reading,1.9,96,UCI_0189,14,14,14,14,13,17,Psychology,Interior Designer,4.662687549815487,1,1,0,10.0
STU01137,21,Male,Engineering,6.2,2.1,No,90.4,7.2,Yes,3.17,2,6.6,9.4,Co-Learning Group,No,3,10,Visual,3.9,77,UCI_0198,16,16,15,12,13,13,Engineering,Psychologist,3.6466081636246974,2,4,0,7.92
STU01138,18,Other,Psychology,5.0,3.0,No,89.7,7.9,No,4.0,3,6.9,11.5,Quiet Room,Yes,4,7,Kinesthetic,9.0,100,UCI_0189,14,14,15,12,13,16,Psychology,Legal Secretary,4.1915466305326845,1,4,1,10.0
STU01139,19,Other,Engineering,5.5,3.6,Yes,77.1,7.4,Yes,4.0,7,4.9,14.3,Co-Learning Group,No,6,5,Visual,9.8,95,UCI_0189,15,16,14,13,15,16,Engineering,Composer,3.4499072001015927,2,2,1,10.0
STU01140,19,Male,Arts,3.5,4.9,No,73.3,6.9,No,3.66,3,6.7,9.8,Library,Yes,9,10,Reading,5.2,84,UCI_0189,14,15,15,12,14,15,Arts,Principal,2.6767125732318817,0,4,0,9.15
STU01141,18,Other,Biology,4.4,2.9,Yes,96.5,8.8,No,3.07,2,3.6,10.2,Library,No,8,10,Kinesthetic,5.3,82,UCI_0112,15,15,17,14,16,15,Biology,Artist,3.538551605478676,1,2,1,7.67
STU01142,19,Male,Business,8.4,1.1,No,88.0,7.3,Yes,4.0,1,2.7,11.7,Cafe,No,9,10,Reading,4.3,100,UCI_0189,16,16,15,13,15,17,Business,Legal Analyst,2.877327011103316,2,0,0,10.0
STU01143,23,Male,Business,2.0,2.0,No,82.0,7.1,No,3.23,6,3.1,8.3,Quiet Room,Yes,10,10,Reading,9.6,72,UCI_0226,12,12,13,14,15,15,Business,Aerospace Engineer,3.927433450563761,0,1,1,8.07
STU01144,25,Female,Biology,6.3,1.5,Yes,59.4,7.2,No,3.97,8,8.8,11.9,Cafe,Yes,6,9,Visual,2.9,100,UCI_0189,16,14,15,13,13,17,Biology,Market Research Analyst,4.203274296801133,2,1,1,9.93
STU01145,23,Other,Computer Science,3.866366271853746,2.0,Yes,78.0,7.8,Yes,4.0,6,5.7,11.0,Quiet Room,No,10,9,Auditory,1.3,100,UCI_0070,17,17,17,15,16,14,Computer Science,School Counselor,3.577716446208105,0,1,1,10.0
STU01146,23,Female,Computer Science,0.5178078572165689,2.1,No,71.4,7.7,No,3.99,2,6.8,4.9,Co-Learning Group,No,5,8,Auditory,1.6,100,UCI_0070,17,17,15,15,15,14,Computer Science,Graphic Designer,3.283141195207396,1,3,1,9.98
STU01147,27,Male,Psychology,6.8,1.9,No,92.6,4.5,Yes,3.94,7,5.1,10.5,Quiet Room,No,7,7,Visual,6.0,92,UCI_0070,17,15,15,14,16,14,Psychology,Software Developer,2.7587125005426536,0,3,1,9.85
STU01148,26,Male,Computer Science,1.458165307600151,4.2,No,71.6,7.7,Yes,3.0,3,5.5,8.4,Quiet Room,Yes,6,10,Auditory,8.7,75,UCI_0238,15,12,14,15,17,15,Computer Science,Legal Secretary,3.759601605290156,1,0,1,7.5
STU01149,20,Female,Engineering,3.3,4.7,No,40.9,5.9,No,3.52,6,3.1,9.5,Quiet Room,Yes,10,10,Kinesthetic,8.9,95,UCI_0070,15,17,17,16,16,15,Engineering,Marketing Manager,4.152934708381226,2,1,1,8.8
STU01150,17,Female,Engineering,4.2,2.7,Yes,58.9,6.5,No,2.44,1,6.8,9.6,Dorm,Yes,4,10,Auditory,5.7,62,UCI_0030,9,12,11,12,10,12,Engineering,Market Research Analyst,3.975303871206556,1,1,0,6.1
STU01151,16,Other,Biology,5.7,1.9,Yes,84.7,5.7,Yes,3.59,1,5.3,9.8,Dorm,No,9,10,Reading,9.8,82,UCI_0070,15,15,15,15,15,14,Biology,AI Researcher,4.351737240879412,1,0,0,8.97
STU01152,25,Female,Business,0.0,1.7,Yes,84.5,6.0,Yes,3.55,6,4.5,4.2,Dorm,Yes,9,10,Visual,1.2,92,UCI_0070,16,15,15,14,15,16,Business,Musician,4.931258144625964,1,4,0,8.88
STU01153,28,Other,Arts,5.7,2.3,Yes,60.4,6.8,No,4.0,3,3.8,12.4,Co-Learning Group,Yes,4,6,Kinesthetic,6.0,100,UCI_0070,15,15,15,15,16,14,Arts,Animator,2.703581272049409,0,3,1,10.0
STU01154,28,Female,Arts,3.0,4.1,Yes,98.3,6.9,No,3.05,4,4.5,9.1,Co-Learning Group,No,5,6,Visual,5.3,82,UCI_0118,16,16,16,17,15,15,Arts,Legal Analyst,4.286477246648239,1,4,0,7.62
STU01155,21,Female,Psychology,8.2,2.3,No,42.3,4.2,No,4.0,8,3.2,13.8,Cafe,No,6,10,Reading,1.8,100,UCI_0070,15,15,15,16,15,14,Psychology,Lawyer,4.847733023436303,2,2,0,10.0
STU01156,22,Male,Arts,1.3,3.3,Yes,51.8,4.9,No,3.27,3,5.2,7.5,Dorm,No,10,10,Visual,2.0,84,UCI_0259,13,13,13,15,14,17,Arts,Forensic Psychologist,4.744994622425117,2,1,1,8.18
STU01157,21,Male,Psychology,2.6,2.1,No,59.8,8.6,No,2.59,4,7.2,5.8,Cafe,No,5,10,Visual,2.3,60,UCI_0221,9,10,10,12,12,13,Psychology,Marketing Specialist,2.746894940733005,2,2,0,6.47
STU01158,27,Female,Business,2.9,2.4,Yes,84.6,5.9,Yes,4.0,1,2.0,8.0,Library,Yes,4,5,Visual,3.0,94,UCI_0070,17,16,16,15,14,16,Business,Nurse,4.785139988,2,1,0,10.0
STU01159,24,Other,Biology,6.5,4.3,No,98.8,4.0,Yes,4.0,5,5.1,15.8,Co-Learning Group,Yes,7,8,Reading,5.3,91,UCI_0070,16,17,15,14,16,14,Biology,Digital Marketing Specialist,2.550485661390181,0,1,1,10.0
STU01160,20,Male,Business,2.5,2.4,No,90.4,5.4,No,4.0,6,2.5,6.4,Quiet Room,No,10,5,Visual,6.7,99,UCI_0070,15,17,15,14,15,14,Business,Fluid Mechanics Engineer,3.087536686440691,2,3,1,10.0
STU01161,20,Female,Business,2.1,0.3,Yes,83.9,8.4,Yes,2.36,3,6.2,4.9,Cafe,No,5,10,Reading,5.0,63,UCI_0076,9,9,10,11,11,11,Business,Judge,3.914406615647868,2,3,1,5.9
STU01162,19,Female,Engineering,3.2,3.6,Yes,43.9,9.6,Yes,4.0,1,4.8,8.0,Quiet Room,Yes,2,6,Auditory,8.4,100,UCI_0070,15,15,15,16,14,14,Engineering,Animator,2.8305662125508566,1,1,1,10.0
STU01163,22,Female,Biology,2.9,3.1,Yes,49.3,7.1,Yes,4.0,4,7.0,8.4,Library,Yes,2,5,Visual,9.0,99,UCI_0070,15,16,17,15,14,14,Biology,Music Teacher,3.139856552964965,1,2,1,10.0
STU01164,16,Other,Psychology,6.0,4.8,No,86.7,4.0,No,4.0,8,6.2,14.8,Co-Learning Group,Yes,4,7,Reading,9.5,98,UCI_0070,16,15,17,16,15,16,Psychology,Counselor,4.642337314840869,0,4,1,10.0
STU01165,26,Female,Computer Science,4.014105155902255,1.2,No,92.0,7.6,No,2.93,4,5.2,8.1,Cafe,No,9,10,Visual,3.1,73,UCI_0085,14,16,16,12,12,12,Computer Science,Social Media Manager,2.569095581687109,2,2,1,7.33
STU01166,25,Other,Business,4.1,2.6,Yes,46.8,6.2,No,2.5,5,6.6,9.8,Library,Yes,7,10,Visual,7.3,67,UCI_0213,13,13,13,14,12,13,Business,School Counselor,4.588548653607576,0,2,0,6.25
STU01167,28,Female,Business,7.5,3.3,No,65.4,6.8,No,4.0,3,3.5,12.6,Quiet Room,Yes,8,10,Visual,1.9,94,UCI_0070,15,16,16,15,14,14,Business,Brand Manager,4.997616473497516,0,4,0,10.0
STU01168,16,Male,Engineering,4.8,2.5,No,69.8,7.8,Yes,4.0,6,5.3,12.5,Co-Learning Group,No,3,6,Visual,5.7,100,UCI_0070,17,15,16,15,15,14,Engineering,Lawyer,2.9611944266306205,0,0,1,10.0
STU01169,16,Female,Computer Science,6.431678969,2.7,Yes,47.4,4.9,No,3.26,3,7.5,13.6,Cafe,Yes,5,7,Kinesthetic,2.7,82,UCI_0112,13,14,15,14,14,15,Computer Science,Chemist,3.539731922711887,1,2,1,8.15
STU01170,19,Male,Computer Science,6.459418023299749,3.6,Yes,71.9,9.6,Yes,3.7,3,7.1,12.5,Library,Yes,6,10,Kinesthetic,4.5,91,UCI_0339,13,12,14,13,16,16,Computer Science,Human Resources Specialist,4.646495957345289,2,1,0,9.25
STU01171,18,Other,Computer Science,3.1084366295859347,4.5,No,84.7,6.6,No,4.0,5,5.5,11.9,Co-Learning Group,No,1,6,Kinesthetic,3.6,99,UCI_0339,12,12,14,14,16,17,Computer Science,Construction Manager,2.7080605611089386,1,2,1,10.0
STU01172,22,Other,Computer Science,6.644392277748848,4.4,Yes,43.2,8.3,No,4.0,7,6.2,12.6,Co-Learning Group,No,1,10,Visual,8.8,100,UCI_0339,14,14,14,14,16,16,Computer Science,Lawyer,3.208195225529045,1,1,1,10.0
STU01173,24,Other,Biology,7.3,2.9,Yes,99.8,7.6,No,4.0,5,7.2,12.0,Cafe,No,4,8,Kinesthetic,2.8,100,UCI_0339,13,12,15,14,17,18,Biology,Web Developer,2.8253908332543958,0,0,0,10.0
STU01174,19,Male,Psychology,5.7,3.9,Yes,77.7,5.3,Yes,2.91,4,5.7,11.1,Cafe,Yes,5,10,Auditory,4.5,75,UCI_0326,13,14,13,14,14,16,Psychology,Music Therapist,3.839530552757751,2,4,0,7.28
STU01175,21,Female,Biology,4.0,1.0,No,40.1,8.4,Yes,4.0,8,3.6,7.8,Quiet Room,Yes,7,10,Visual,5.0,89,UCI_0339,13,12,14,13,17,18,Biology,Music Therapist,3.029942025200154,1,0,1,10.0
STU01176,16,Other,Arts,0.9,0.6,No,70.1,5.5,Yes,3.32,2,7.2,5.4,Quiet Room,Yes,5,9,Kinesthetic,1.0,80,UCI_0339,12,14,14,13,17,16,Arts,Curriculum Developer,2.553735588489692,2,2,0,8.3
STU01177,23,Male,Computer Science,6.381467900355108,1.7,No,82.1,5.7,Yes,3.93,1,3.9,9.8,Library,No,8,10,Reading,3.0,100,UCI_0339,12,12,14,14,15,16,Computer Science,Artist,2.9683507415699437,0,3,1,9.83
STU01178,21,Male,Psychology,4.8,0.4,No,44.9,8.0,No,4.0,8,5.1,6.0,Quiet Room,No,10,10,Kinesthetic,9.5,99,UCI_0339,12,14,15,15,16,17,Psychology,Ecologist,3.323425990080499,0,2,1,10.0
STU01179,24,Male,Psychology,7.2,1.7,Yes,85.6,4.7,No,3.46,6,4.0,10.3,Quiet Room,Yes,3,9,Visual,2.8,90,UCI_0339,14,13,14,13,16,16,Psychology,Actuary,3.2853207202988344,0,0,1,8.65
STU01180,21,Female,Engineering,5.2,2.9,No,49.2,6.8,No,4.0,3,5.9,12.8,Dorm,No,7,10,Reading,9.6,100,UCI_0112,13,16,17,14,14,13,Engineering,Physical Chemist,3.5812130828219595,1,4,0,10.0
STU01181,19,Female,Psychology,4.5,4.3,No,50.1,5.9,No,4.0,1,5.9,12.0,Co-Learning Group,Yes,6,7,Visual,6.0,100,UCI_0112,15,14,15,14,16,14,Psychology,Astronomer,2.7904000288553075,0,1,1,10.0
STU01182,22,Other,Psychology,3.3,4.6,No,49.0,5.8,No,4.0,4,4.0,11.8,Dorm,Yes,4,6,Visual,4.2,100,UCI_0112,15,16,15,16,15,14,Psychology,Biologist,3.228555904224532,1,0,1,10.0
STU01183,20,Female,Biology,5.2,4.3,Yes,53.1,7.6,Yes,4.0,5,4.1,14.3,Co-Learning Group,Yes,3,7,Visual,9.2,100,UCI_0112,13,16,17,15,14,15,Biology,Lawyer,3.4411320876500198,2,4,0,10.0
STU01184,20,Male,Arts,1.4,2.7,Yes,85.1,9.1,Yes,3.98,7,3.7,4.6,Quiet Room,No,2,7,Auditory,3.7,100,UCI_0112,15,15,16,14,14,15,Arts,Chemical Engineer,4.576588803844775,0,0,1,9.95
STU01185,19,Female,Psychology,4.3,0.1,Yes,48.1,4.8,No,4.0,8,5.7,8.4,Quiet Room,Yes,9,5,Visual,5.3,99,UCI_0112,14,14,17,14,14,13,Psychology,Microbiologist,3.439380008613473,1,1,1,10.0
STU01186,27,Male,Biology,4.7,1.0,Yes,76.9,5.5,No,3.82,7,3.3,8.4,Quiet Room,Yes,10,6,Visual,8.9,93,UCI_0112,14,15,15,15,15,14,Biology,Industrial-Organizational Psychologist,4.866987102409705,2,3,1,9.55
STU01187,27,Other,Psychology,2.9,1.3,Yes,82.1,9.0,No,3.44,2,5.4,8.9,Library,Yes,9,10,Visual,4.3,100,UCI_0112,14,16,17,14,16,14,Psychology,Conductor,4.090988458,1,4,1,8.6
STU01188,26,Other,Computer Science,4.048716646921341,3.6,No,61.8,7.7,Yes,3.9,3,4.4,8.6,Library,No,3,10,Visual,2.7,100,UCI_0112,13,15,17,16,15,13,Computer Science,Pharmacist,2.570033964053364,0,3,1,9.75
STU01189,17,Other,Biology,4.5,4.8,No,68.5,8.4,No,4.0,7,4.9,14.1,Co-Learning Group,Yes,5,10,Reading,2.7,97,UCI_0112,13,14,17,15,15,15,Biology,Aerospace Engineer,2.888751790466595,2,3,0,10.0
STU01190,16,Male,Biology,4.6,4.3,No,90.5,8.1,No,2.9,2,4.5,13.0,Co-Learning Group,No,8,10,Reading,6.3,69,UCI_0355,17,14,15,16,15,14,Biology,Interior Designer,4.600083072,2,0,0,7.25
STU01191,19,Female,Computer Science,1.4390628146449325,2.7,Yes,46.4,9.1,No,3.91,8,4.2,6.4,Library,No,1,10,Visual,8.3,90,UCI_0120,11,14,13,16,14,17,Computer Science,Interior Designer,3.238457885,0,2,1,9.78
STU01192,20,Other,Computer Science,2.9348481102084607,3.7,Yes,67.1,4.9,Yes,3.36,5,7.0,8.3,Cafe,Yes,6,5,Kinesthetic,1.9,77,UCI_0120,10,12,13,15,15,15,Computer Science,Accountant,3.718406369588586,2,2,1,8.4
STU01193,17,Female,Psychology,1.8,0.8,No,55.1,6.1,No,3.05,7,6.4,5.5,Quiet Room,Yes,4,6,Reading,8.5,80,UCI_0326,12,14,15,15,15,16,Psychology,Doctor,4.393357644625225,1,2,0,7.62
STU01194,22,Male,Arts,5.3,0.7,Yes,42.8,4.9,No,4.0,6,3.5,10.5,Quiet Room,Yes,2,8,Kinesthetic,5.2,100,UCI_0120,10,14,15,15,14,16,Arts,Astronomer,2.927836408543276,1,0,1,10.0
STU01195,26,Female,Arts,2.4,4.9,No,68.4,7.2,No,2.89,5,2.6,11.3,Cafe,No,9,10,Kinesthetic,2.6,69,UCI_0232,13,14,14,13,11,13,Arts,AI Researcher,4.254055639556566,1,2,1,7.23
STU01196,23,Male,Biology,6.4,2.1,Yes,93.4,7.4,Yes,3.6,2,4.9,8.8,Quiet Room,Yes,4,5,Reading,7.5,88,UCI_0120,10,13,15,15,15,16,Biology,Landscape Architect,3.486179734759828,1,2,1,9.0
STU01197,24,Other,Psychology,4.3,1.4,Yes,83.1,7.3,Yes,3.05,6,3.6,9.6,Cafe,Yes,9,8,Auditory,5.7,65,UCI_0085,15,15,14,14,12,12,Psychology,Quantum Physicist,2.5225620812487284,1,0,1,7.62
STU01198,17,Male,Psychology,3.5,4.9,Yes,80.0,8.6,Yes,4.0,4,2.8,12.0,Quiet Room,No,6,10,Kinesthetic,3.3,100,UCI_0120,12,14,13,15,15,16,Psychology,Human Resources Specialist,4.132544940364416,0,3,1,10.0
STU01199,22,Female,Arts,6.1,3.1,Yes,42.8,6.4,Yes,2.82,7,2.7,12.2,Dorm,Yes,1,10,Visual,7.2,72,UCI_0052,11,13,12,16,15,16,Arts,Civil Engineer,3.515384051385159,1,4,1,7.05
STU01200,19,Other,Engineering,1.4,1.8,Yes,54.7,12.0,Yes,3.53,1,8.4,6.0,Cafe,No,10,5,Kinesthetic,7.7,89,UCI_0120,11,12,15,15,14,15,Engineering,Cybersecurity Analyst,2.7211839782494067,0,3,1,8.82
STU01201,22,Female,Psychology,4.5,0.2,Yes,75.1,7.2,No,3.67,5,4.5,7.6,Co-Learning Group,Yes,4,7,Auditory,8.6,88,UCI_0120,12,13,15,16,15,16,Psychology,Clinical Psychologist,2.938482487858817,0,0,1,9.18
STU01202,27,Other,Psychology,4.1,1.1,Yes,40.7,6.0,Yes,4.0,4,3.3,8.4,Cafe,Yes,1,10,Kinesthetic,6.3,98,UCI_0120,10,13,15,17,15,17,Psychology,Brand Manager,3.763720177281932,2,3,0,10.0
STU01203,27,Other,Business,3.7,1.7,No,80.0,9.2,Yes,4.0,5,7.3,7.4,Co-Learning Group,Yes,7,10,Reading,2.7,95,UCI_0120,12,13,14,15,14,17,Business,Electrical Engineer,2.8798835611640943,2,2,1,10.0
STU01204,17,Male,Arts,3.9,3.1,No,50.4,8.2,Yes,2.53,6,6.0,9.1,Cafe,No,5,10,Reading,8.6,68,UCI_0097,7,10,10,13,13,13,Arts,Market Research Analyst,4.147381154036021,1,3,1,6.32
STU01205,20,Female,Arts,6.3,2.6,Yes,82.6,4.9,Yes,4.0,3,3.2,13.4,Co-Learning Group,No,4,10,Visual,9.8,100,UCI_0120,11,14,13,17,15,15,Arts,Entrepreneur,3.130623595701958,1,3,1,10.0
STU01206,16,Female,Psychology,4.8,2.4,Yes,53.4,4.8,No,4.0,1,2.3,7.4,Quiet Room,Yes,7,10,Visual,9.9,97,UCI_0120,10,14,15,17,16,15,Psychology,Conductor,3.368891251171372,2,0,0,10.0
STU01207,24,Male,Biology,3.1,2.7,Yes,75.0,5.5,No,2.33,7,7.2,8.4,Cafe,No,4,10,Visual,6.0,52,UCI_0040,13,12,14,14,13,13,Biology,Landscape Architect,4.918188112717126,0,1,0,5.83
STU01208,16,Female,Computer Science,3.692192843488428,1.8,No,89.9,4.3,Yes,3.77,5,7.9,9.9,Quiet Room,No,9,10,Visual,7.5,100,UCI_0120,10,13,15,16,15,16,Computer Science,Fluid Mechanics Engineer,2.939816511052861,2,4,1,9.43
STU01209,26,Other,Biology,2.9,0.1,Yes,78.0,5.9,No,3.24,7,1.0,5.0,Cafe,Yes,2,7,Visual,4.5,79,UCI_0286,11,13,13,18,17,18,Biology,Ecologist,4.565405395280739,0,3,1,8.1
STU01210,26,Female,Business,0.0,4.1,Yes,87.3,7.0,Yes,3.42,5,2.2,7.1,Dorm,No,1,5,Kinesthetic,1.2,83,UCI_0355,16,14,16,15,15,14,Business,Chemical Engineer,4.801375087,0,4,1,8.55
STU01211,28,Male,Engineering,6.4,2.8,Yes,63.0,9.1,No,4.0,6,1.3,13.6,Co-Learning Group,No,9,9,Reading,6.6,97,UCI_0355,17,15,16,14,14,15,Engineering,Counselor,2.636450959346369,1,0,0,10.0
STU01212,21,Other,Engineering,2.0,3.0,Yes,87.6,7.4,No,3.19,3,4.9,6.6,Cafe,No,7,6,Kinesthetic,2.5,71,UCI_0118,14,15,15,16,13,14,Engineering,Composer,4.442276975319755,0,2,0,7.97
STU01213,22,Other,Computer Science,4.62495548,3.4,No,81.8,7.7,No,4.0,4,3.7,8.9,Cafe,No,9,10,Reading,8.2,99,UCI_0355,16,14,16,16,13,14,Computer Science,Microbiologist,4.810953159326702,0,1,0,10.0
STU01214,23,Male,Business,5.9,2.0,No,41.2,6.1,No,4.0,3,1.0,8.6,Quiet Room,No,5,6,Kinesthetic,7.1,100,UCI_0355,17,14,16,15,14,14,Business,Fluid Mechanics Engineer,2.860216854366495,2,3,0,10.0
STU01215,25,Other,Business,2.0,2.1,No,88.8,5.9,No,3.04,2,6.8,6.8,Quiet Room,Yes,8,10,Visual,3.5,79,UCI_0355,15,15,15,14,14,15,Business,Principal,2.957397379219757,2,0,0,7.6
STU01216,19,Female,Arts,2.4,0.6,Yes,49.9,8.9,No,2.87,8,2.8,5.7,Cafe,No,6,10,Reading,6.2,75,UCI_0004,14,15,16,15,15,14,Arts,Forensic Psychologist,3.519668605720545,0,1,0,7.18
STU01217,16,Male,Biology,2.3,4.5,No,50.0,4.0,Yes,3.26,1,4.1,10.5,Library,Yes,10,7,Visual,3.7,87,UCI_0274,16,14,13,16,17,17,Biology,Education Administrator,3.166232490692314,1,0,0,8.15
STU01218,17,Other,Biology,3.1,3.7,No,81.7,7.4,Yes,3.06,4,5.5,8.4,Quiet Room,No,6,7,Auditory,7.3,75,UCI_0238,13,14,12,15,16,17,Biology,Music Teacher,2.500177000892376,1,0,0,7.65
STU01219,17,Other,Computer Science,4.371184761982069,4.0,No,53.8,7.0,Yes,3.49,5,6.0,11.3,Quiet Room,No,7,10,Reading,1.3,81,UCI_0355,15,15,14,15,13,15,Computer Science,Forensic Psychologist,3.172219469930344,0,1,0,8.73
STU01220,23,Male,Engineering,8.3,2.7,No,98.7,7.1,No,4.0,8,2.6,12.6,Cafe,Yes,10,9,Visual,6.7,96,UCI_0355,16,14,14,16,13,14,Engineering,Digital Marketing Specialist,3.9962979138931214,2,0,1,10.0
STU01221,18,Female,Biology,4.3,3.7,Yes,44.0,5.2,Yes,3.76,8,3.3,13.5,Quiet Room,Yes,4,10,Reading,6.4,83,UCI_0355,15,16,15,14,15,14,Biology,Microbiologist,4.463865215008619,1,4,0,9.4
STU01222,28,Male,Psychology,4.8,4.8,Yes,87.4,7.3,No,3.44,2,5.5,12.6,Dorm,No,4,8,Reading,8.2,86,UCI_0355,16,14,16,16,15,14,Psychology,Legal Secretary,2.564973627231946,0,3,1,8.6
STU01223,23,Male,Engineering,5.8,3.9,Yes,46.9,4.0,Yes,3.96,7,2.9,11.8,Quiet Room,No,2,9,Kinesthetic,1.3,91,UCI_0355,15,16,16,14,15,16,Engineering,Social Media Manager,2.9269102529136384,1,3,1,9.9
STU01224,24,Other,Biology,2.3,1.3,Yes,94.0,8.8,Yes,3.33,3,5.0,5.0,Cafe,No,8,6,Reading,7.0,78,UCI_0355,16,15,14,14,13,14,Biology,Digital Marketing Specialist,2.8769869778993726,0,3,1,8.32
STU01225,27,Male,Computer Science,7.079186973065996,4.5,Yes,62.4,5.9,Yes,3.62,5,3.1,13.5,Co-Learning Group,Yes,7,8,Reading,10.0,88,UCI_0355,17,15,16,14,15,14,Computer Science,Data Scientist,4.178394414065052,0,4,1,9.05
STU01226,26,Other,Arts,1.3,4.6,Yes,72.5,7.6,No,2.89,7,6.5,8.8,Cafe,No,7,5,Reading,4.5,70,UCI_0318,15,14,14,15,13,15,Arts,Game Developer,4.543993395432022,0,0,1,7.23
STU01227,20,Other,Engineering,6.7,4.3,Yes,65.3,4.0,Yes,3.5,8,2.8,13.2,Cafe,Yes,2,5,Auditory,7.8,87,UCI_0118,15,16,16,15,14,13,Engineering,Lawyer,4.278460801020241,1,1,1,8.75
STU01228,18,Male,Computer Science,3.2890917539697626,4.1,Yes,57.1,6.2,Yes,2.72,6,4.7,11.7,Co-Learning Group,Yes,10,10,Kinesthetic,1.1,71,UCI_0324,15,13,15,14,14,15,Computer Science,Physician Assistant,2.781023799,2,2,0,6.8
STU01229,21,Male,Psychology,1.3,0.7,No,97.8,8.3,No,2.86,1,5.0,3.7,Dorm,No,1,7,Kinesthetic,6.7,65,UCI_0196,13,13,15,14,13,12,Psychology,Principal,3.223461341041056,2,4,1,7.15
STU01230,20,Other,Engineering,2.8,2.9,Yes,41.0,6.4,No,3.67,8,5.0,8.3,Library,No,3,10,Reading,4.2,88,UCI_0118,15,15,17,16,14,14,Engineering,Landscape Architect,3.8781593196612856,1,4,1,9.18
STU01231,25,Other,Arts,4.2,3.7,No,69.4,4.0,No,3.48,3,4.9,9.8,Quiet Room,No,6,6,Visual,6.7,96,UCI_0118,15,15,17,16,15,15,Arts,Geneticist,2.9255179571432817,2,1,0,8.7
STU01232,20,Other,Engineering,2.0,1.4,Yes,48.8,5.5,Yes,2.43,4,5.2,6.7,Co-Learning Group,Yes,10,10,Kinesthetic,6.7,59,UCI_0288,8,9,10,14,14,14,Engineering,Clinical Psychologist,3.5316606318835357,1,4,1,6.08
STU01233,28,Male,Business,7.4,0.5,No,65.5,5.6,Yes,3.36,4,8.4,13.3,Cafe,No,5,5,Auditory,5.9,86,UCI_0118,16,14,17,15,14,13,Business,Chemist,2.895173159217542,1,2,1,8.4
STU01234,18,Female,Biology,0.9,2.8,No,54.5,8.8,No,2.87,5,6.3,6.8,Cafe,No,5,6,Kinesthetic,6.4,71,UCI_0035,12,15,14,13,13,12,Biology,Surgeon,3.935293047979743,1,3,0,7.18
STU01235,20,Female,Psychology,0.6,1.0,No,41.5,5.5,Yes,3.74,6,4.7,6.7,Library,Yes,10,10,Visual,7.5,92,UCI_0118,15,16,15,17,13,15,Psychology,Mechanical Engineer,3.192277226820485,1,2,1,9.35
STU01236,24,Female,Business,6.9,3.9,No,61.2,7.3,Yes,3.96,1,5.1,11.5,Cafe,No,9,10,Visual,10.0,100,UCI_0118,14,16,17,15,14,14,Business,Legal Analyst,2.877327011103316,2,0,0,9.9
STU01237,18,Other,Engineering,0.5,3.3,Yes,53.2,8.4,No,3.58,8,1.7,6.1,Quiet Room,No,5,9,Kinesthetic,8.4,88,UCI_0118,14,15,17,15,15,15,Engineering,School Counselor,3.568654560732285,1,1,1,8.95
STU01238,17,Male,Engineering,1.0,0.9,No,90.2,7.2,Yes,3.18,3,5.3,3.6,Co-Learning Group,No,6,9,Kinesthetic,4.4,76,UCI_0118,15,15,15,16,15,13,Engineering,Microbiologist,2.583149468877368,0,3,1,7.95
STU01239,27,Female,Biology,3.9,0.1,Yes,84.8,6.9,No,4.0,7,6.1,6.9,Library,Yes,3,10,Auditory,6.1,100,UCI_0118,16,16,17,16,14,14,Biology,Teacher,4.333161739378058,2,3,0,10.0
STU01240,21,Female,Arts,1.7,1.6,Yes,41.0,6.2,No,3.81,7,5.1,8.0,Co-Learning Group,No,2,10,Reading,7.6,100,UCI_0118,16,16,16,17,14,14,Arts,Chemical Engineer,4.329466285153309,2,0,1,9.53
STU01241,17,Female,Computer Science,6.133828506283766,1.2,No,92.3,6.9,Yes,3.52,2,6.7,8.8,Co-Learning Group,Yes,8,10,Visual,6.4,89,UCI_0118,14,15,16,17,15,13,Computer Science,Data Scientist,2.831345231378122,0,2,0,8.8
STU01242,26,Other,Computer Science,4.035992904899134,3.9,No,46.1,8.7,No,4.0,5,4.3,11.3,Library,No,10,5,Visual,3.5,100,UCI_0023,15,16,16,12,14,14,Computer Science,Game Developer,2.9924279898247392,1,0,0,10.0
STU01243,23,Male,Computer Science,6.728101171570888,0.2,No,73.8,7.6,Yes,4.0,1,6.3,8.5,Library,No,9,9,Auditory,2.6,98,UCI_0023,16,15,15,12,14,14,Computer Science,School Psychologist,3.942276042137017,2,2,1,10.0
STU01244,25,Other,Engineering,5.0,2.2,Yes,61.6,6.7,Yes,3.66,4,5.7,12.8,Dorm,No,4,10,Kinesthetic,2.3,100,UCI_0023,16,14,17,11,14,14,Engineering,Marketing Manager,4.143566729,2,2,1,9.15
STU01245,21,Male,Computer Science,6.4001479829500525,1.9,No,52.8,7.5,Yes,4.0,4,6.1,12.8,Co-Learning Group,Yes,2,7,Auditory,9.4,100,UCI_0023,16,16,17,13,13,15,Computer Science,Curriculum Developer,4.444227478096707,0,4,0,10.0
STU01246,23,Male,Psychology,3.8,1.5,No,88.1,6.5,Yes,3.96,1,1.9,8.1,Cafe,No,2,10,Kinesthetic,1.1,100,UCI_0023,14,14,16,13,14,14,Psychology,Construction Manager,4.894091445820949,2,2,0,9.9
STU01247,17,Other,Psychology,8.0,2.6,No,75.9,7.5,No,4.0,4,1.6,13.9,Co-Learning Group,No,5,6,Visual,9.0,99,UCI_0023,15,15,17,13,12,14,Psychology,Doctor,4.113412952632653,2,1,0,10.0
STU01248,23,Female,Business,4.2,3.0,No,91.7,6.8,Yes,3.84,7,9.3,9.3,Co-Learning Group,No,9,10,Visual,5.9,100,UCI_0023,15,16,16,13,13,15,Business,Entrepreneur,2.683435821,0,1,0,9.6
STU01249,16,Male,Biology,3.9,1.9,Yes,67.8,8.4,Yes,4.0,2,2.4,6.4,Quiet Room,Yes,8,5,Visual,9.1,100,UCI_0023,14,16,15,12,14,15,Biology,Landscape Architect,3.644704567343707,1,4,1,10.0
STU01250,26,Female,Business,9.2,4.8,No,76.4,5.6,Yes,4.0,3,7.6,17.1,Cafe,No,4,9,Visual,3.2,100,UCI_0023,15,15,15,13,12,13,Business,Manager,3.526214471937592,2,4,0,10.0
STU01251,18,Other,Biology,3.0,1.4,No,43.7,8.3,Yes,3.26,2,2.2,5.7,Dorm,No,2,5,Visual,2.9,79,UCI_0306,14,11,14,17,15,17,Biology,Musician,4.376000234,1,2,1,8.15
STU01252,21,Female,Biology,3.1,0.4,No,55.9,8.9,No,4.0,8,3.4,8.4,Co-Learning Group,No,2,8,Reading,9.0,98,UCI_0023,15,14,17,12,14,13,Biology,Marketing Specialist,4.842914330032631,2,1,0,10.0
STU01253,25,Other,Psychology,4.8,0.6,No,66.5,8.3,No,2.64,5,6.5,6.0,Dorm,No,8,10,Auditory,7.3,69,UCI_0029,10,11,12,13,12,13,Psychology,Education Administrator,3.1894378081392203,0,2,0,6.6
STU01254,18,Male,Engineering,2.3,2.9,No,85.7,8.0,No,4.0,6,7.1,6.6,Co-Learning Group,No,3,8,Visual,7.4,100,UCI_0023,16,15,15,11,12,14,Engineering,Composer,4.026279330116916,2,2,0,10.0
STU01255,28,Other,Engineering,5.6,3.3,Yes,43.0,6.7,Yes,4.0,5,2.9,13.5,Cafe,Yes,1,9,Reading,1.7,100,UCI_0023,15,15,16,13,14,13,Engineering,Zoologist,2.8679167651700177,0,0,1,10.0
STU01256,27,Other,Engineering,6.1,1.1,Yes,71.6,7.3,No,3.3,5,5.7,10.5,Library,No,9,7,Reading,9.0,81,UCI_0261,14,15,14,17,16,16,Engineering,Architect,4.913811236841673,1,1,1,8.25
STU01257,19,Female,Psychology,4.4,1.1,Yes,79.4,7.0,Yes,3.25,2,7.4,6.3,Dorm,No,8,10,Kinesthetic,2.4,83,UCI_0226,13,12,14,14,15,15,Psychology,Surgeon,4.347600817127862,2,4,1,8.12
STU01258,16,Other,Biology,2.3,2.8,Yes,56.7,5.9,No,2.54,2,8.8,9.2,Co-Learning Group,Yes,4,10,Visual,9.3,66,UCI_0252,14,15,15,12,12,11,Biology,Cybersecurity Analyst,4.318893276148906,2,2,0,6.35
STU01259,16,Male,Computer Science,8.542849714,3.5,No,41.7,7.0,Yes,4.0,4,7.8,15.9,Library,Yes,10,7,Visual,8.6,100,UCI_0023,15,15,16,13,13,14,Computer Science,Pharmacist,3.790845918101419,0,2,1,10.0
STU01260,19,Other,Psychology,2.3,0.1,No,83.2,7.1,No,4.0,3,4.4,5.5,Co-Learning Group,No,7,10,Visual,6.9,100,UCI_0023,14,16,17,11,12,15,Psychology,Human Resources Specialist,4.132544940364416,0,3,1,10.0
STU01261,22,Female,Arts,3.5,2.9,No,54.9,4.0,No,4.0,1,4.7,9.3,Cafe,Yes,5,7,Reading,2.6,100,UCI_0023,14,16,17,13,12,14,Arts,Legal Analyst,2.559677044363313,2,0,0,10.0
STU01262,17,Male,Psychology,3.1,3.7,No,93.4,7.8,No,2.75,5,6.6,7.9,Dorm,Yes,8,9,Reading,3.7,62,UCI_0235,15,12,12,12,14,15,Psychology,Entrepreneur,3.7034107320973457,2,3,1,6.88
STU01263,19,Male,Biology,3.7,4.8,No,74.0,8.2,No,3.41,3,5.8,9.8,Cafe,No,4,10,Auditory,9.6,87,UCI_0023,14,14,15,13,13,13,Biology,Digital Marketing Specialist,2.8769869778993726,0,3,1,8.53
STU01264,22,Male,Psychology,6.4,3.5,No,67.6,8.3,Yes,3.34,6,5.7,12.0,Cafe,No,10,10,Auditory,7.8,88,UCI_0261,14,14,14,15,17,16,Psychology,Legal Secretary,3.0469069168087564,2,0,1,8.35
STU01265,23,Male,Arts,4.1,1.0,Yes,82.6,8.0,Yes,4.0,2,5.2,8.0,Cafe,Yes,1,10,Reading,7.4,100,UCI_0261,14,15,15,15,15,15,Arts,Sound Engineer,3.020492458,2,2,0,10.0
STU01266,25,Other,Computer Science,3.9781106500668977,0.0,No,83.0,9.9,No,2.52,6,3.2,7.1,Dorm,No,3,10,Visual,3.5,61,UCI_0126,13,13,13,14,12,13,Computer Science,Microbiologist,3.075191951193461,0,3,1,6.3
STU01267,18,Female,Arts,2.9,1.5,Yes,42.7,7.7,No,3.58,1,5.5,7.7,Cafe,No,4,7,Visual,5.3,95,UCI_0261,15,15,14,16,16,17,Arts,Principal,2.8561977253312523,2,1,1,8.95
STU01268,24,Other,Engineering,3.6,3.2,Yes,55.4,9.4,Yes,3.33,7,6.0,9.3,Dorm,Yes,3,7,Reading,9.1,79,UCI_0261,15,15,15,17,17,16,Engineering,Microbiologist,4.990298722453381,2,4,1,8.32
STU01269,27,Other,Engineering,4.0,1.0,No,79.9,9.6,Yes,3.46,6,5.8,7.5,Library,No,6,5,Reading,7.6,86,UCI_0261,14,14,15,17,16,15,Engineering,Aerospace Engineer,4.860228292965659,1,2,1,8.65
STU01270,27,Other,Computer Science,7.508370755693063,1.8,Yes,88.5,7.5,No,4.0,5,2.3,10.1,Library,No,8,10,Visual,5.6,100,UCI_0261,15,15,13,15,15,17,Computer Science,Manager,3.494304798661697,0,3,0,10.0
STU01271,23,Male,Computer Science,2.49095373062008,0.8,Yes,41.0,7.1,Yes,2.66,2,4.5,6.7,Quiet Room,No,5,10,Reading,6.1,62,UCI_0372,10,10,9,14,16,16,Computer Science,Paralegal,4.618646523500713,1,4,0,6.65
STU01272,17,Male,Engineering,2.9,4.8,No,65.6,6.4,Yes,3.62,6,3.5,11.6,Library,Yes,4,10,Reading,8.0,90,UCI_0261,16,15,15,15,17,15,Engineering,Animator,4.246823218462092,2,1,1,9.05
STU01273,24,Other,Biology,2.9,2.0,No,98.6,5.0,No,3.48,7,7.9,10.5,Library,No,8,10,Reading,1.3,78,UCI_0261,15,15,13,15,15,15,Biology,Credit Analyst,2.770131550739889,1,4,0,8.7
STU01274,21,Female,Business,7.3,0.7,Yes,54.3,7.6,No,3.11,3,2.9,9.6,Cafe,Yes,8,10,Reading,7.1,82,UCI_0298,15,12,14,15,16,14,Business,Sound Engineer,3.387566327333292,0,1,0,7.77
STU01275,25,Female,Psychology,4.6,1.3,No,81.2,5.1,Yes,2.99,1,4.4,9.2,Dorm,No,8,8,Reading,8.7,73,UCI_0010,13,14,14,12,11,12,Psychology,Brand Manager,2.890535772852373,1,1,1,7.48
STU01276,16,Female,Arts,4.0,2.5,Yes,45.3,5.3,Yes,2.77,4,4.6,9.3,Cafe,Yes,10,10,Kinesthetic,9.8,65,UCI_0311,9,10,9,13,15,17,Arts,Nurse,3.161821736340002,1,2,1,6.92
STU01277,22,Female,Psychology,3.1,3.5,Yes,48.3,7.6,No,3.56,8,3.5,9.3,Library,No,1,10,Reading,9.1,91,UCI_0261,14,15,15,16,16,17,Psychology,Biochemist,2.8219629927384107,0,4,0,8.9
STU01278,19,Female,Biology,3.3,2.9,Yes,74.8,7.5,Yes,3.77,7,4.7,8.4,Dorm,Yes,10,10,Visual,1.5,94,UCI_0261,15,14,14,15,17,15,Biology,Civil Engineer,2.527445015582043,1,0,1,9.43
STU01279,17,Male,Biology,3.0,2.3,Yes,83.5,8.6,Yes,4.0,5,7.3,7.8,Quiet Room,No,9,8,Auditory,5.0,100,UCI_0261,14,15,14,16,15,15,Biology,Art Director,2.860516048552552,0,1,0,10.0
STU01280,27,Other,Computer Science,0.5830794912945877,4.8,Yes,99.0,8.4,No,2.21,6,7.9,6.3,Cafe,No,7,10,Auditory,2.7,46,UCI_0014,10,9,12,12,13,13,Computer Science,Legal Secretary,2.793460569772769,0,4,1,5.53
STU01281,27,Female,Computer Science,6.159510157076101,1.5,No,68.8,9.0,Yes,4.0,5,2.4,9.2,Co-Learning Group,Yes,8,5,Auditory,4.3,100,UCI_0261,15,15,15,15,17,17,Computer Science,Software Developer,3.0301361868220797,1,4,1,10.0
STU01282,26,Male,Business,6.2,4.9,Yes,80.4,9.4,Yes,3.18,4,3.6,14.5,Library,No,4,10,Kinesthetic,7.5,79,UCI_0226,12,12,13,14,17,17,Business,Electrical Engineer,4.809164387366743,1,0,0,7.95
STU01283,16,Female,Computer Science,4.724522663921933,3.0,No,84.3,5.6,No,3.76,2,1.2,11.7,Co-Learning Group,Yes,9,5,Visual,6.3,89,UCI_0261,15,14,15,16,16,16,Computer Science,Principal,3.818780583096429,2,4,0,9.4
STU01284,18,Male,Engineering,7.5,3.0,No,95.0,8.1,Yes,4.0,5,6.2,13.4,Quiet Room,No,5,5,Visual,9.1,100,UCI_0261,14,13,14,17,15,15,Engineering,Chemical Engineer,3.4991935461811163,1,2,0,10.0
STU01285,18,Other,Psychology,4.8,1.4,No,41.3,6.3,No,4.0,5,6.1,10.4,Co-Learning Group,No,1,9,Reading,8.2,100,UCI_0259,13,13,13,14,15,16,Psychology,Digital Marketing Specialist,4.615636855761313,0,0,0,10.0
STU01286,20,Male,Arts,5.2,2.7,Yes,57.8,7.9,Yes,3.99,6,2.0,11.9,Co-Learning Group,No,8,7,Visual,3.2,99,UCI_0259,15,11,12,15,15,16,Arts,Chemical Engineer,3.632071167040824,1,4,1,9.98
STU01287,26,Other,Biology,0.0,2.5,No,56.8,6.7,Yes,3.04,3,5.4,3.5,Cafe,Yes,10,10,Reading,7.3,80,UCI_0124,15,16,16,13,14,13,Biology,Organic Chemist,4.281993363857844,1,3,1,7.6
STU01288,24,Female,Computer Science,4.1275304931570425,2.4,Yes,64.7,5.7,Yes,3.24,4,2.4,7.9,Dorm,No,9,10,Auditory,1.5,88,UCI_0306,14,11,14,17,17,15,Computer Science,Inorganic Chemist,4.8547167837612495,1,3,1,8.1
STU01289,25,Other,Psychology,5.8,2.5,Yes,57.9,7.4,No,3.94,4,4.7,10.1,Cafe,Yes,1,8,Auditory,1.7,94,UCI_0259,15,11,14,13,15,16,Psychology,Civil Engineer,2.626453001696627,0,3,1,9.85
STU01290,22,Other,Psychology,2.0,1.1,No,89.0,4.7,No,3.94,4,5.5,5.7,Co-Learning Group,No,1,5,Visual,4.2,100,UCI_0259,15,11,14,13,15,16,Psychology,Physicist,2.8888746942900165,2,3,0,9.85
STU01291,28,Male,Business,3.9,0.2,Yes,56.1,7.4,No,3.95,8,5.8,8.2,Dorm,Yes,8,9,Reading,6.8,90,UCI_0259,15,12,14,15,15,16,Business,Human Resources Specialist,2.802949148236325,0,4,0,9.88
STU01292,26,Other,Psychology,3.6,4.4,Yes,52.8,7.6,Yes,4.0,6,5.3,9.3,Cafe,Yes,8,5,Kinesthetic,3.3,99,UCI_0259,13,11,14,15,15,18,Psychology,Data Scientist,3.764081254761936,0,3,1,10.0
STU01293,25,Male,Engineering,8.7,3.4,No,44.0,7.6,Yes,4.0,6,4.0,16.7,Co-Learning Group,No,8,9,Visual,2.6,100,UCI_0259,13,13,13,13,14,17,Engineering,Sound Engineer,3.3342537511258907,0,2,0,10.0
STU01294,23,Other,Computer Science,4.641248956992909,0.3,No,87.7,7.5,No,3.05,4,7.1,8.2,Co-Learning Group,Yes,10,10,Reading,6.8,88,UCI_0010,13,15,14,13,12,12,Computer Science,Biomedical Engineer,4.2012704259674845,2,2,1,7.62
STU01295,16,Female,Arts,6.2,2.0,No,78.3,7.5,No,3.88,2,6.4,11.9,Cafe,No,1,7,Visual,7.2,99,UCI_0259,14,13,13,15,15,18,Arts,Social Media Manager,3.2686975230111712,1,0,1,9.7
STU01296,27,Male,Arts,8.6,2.6,No,54.7,6.3,Yes,3.19,6,7.3,16.4,Dorm,Yes,1,8,Reading,3.6,73,UCI_0052,10,13,14,17,15,17,Arts,Legal Secretary,4.803238771321235,2,4,1,7.97
STU01297,16,Other,Psychology,2.7,4.6,Yes,48.1,7.8,No,3.92,4,6.7,9.9,Co-Learning Group,Yes,6,7,Kinesthetic,2.3,100,UCI_0259,14,11,14,14,14,16,Psychology,Financial Controller,4.753457528963524,0,2,0,9.8
STU01298,27,Male,Engineering,5.2,1.5,Yes,40.9,8.9,Yes,4.0,3,4.8,12.2,Co-Learning Group,Yes,1,10,Kinesthetic,7.5,92,UCI_0259,15,11,12,15,14,16,Engineering,Nuclear Physicist,4.471728148764962,0,1,1,10.0
STU01299,19,Female,Biology,2.1,2.5,No,62.0,5.7,Yes,2.78,8,5.4,5.7,Library,Yes,2,10,Kinesthetic,1.5,70,UCI_0217,14,16,15,13,15,16,Biology,Financial Advisor,2.758919374505844,0,1,1,6.95
STU01300,26,Other,Business,2.0,0.4,No,43.8,6.3,No,2.7,7,4.3,5.6,Dorm,No,9,10,Auditory,7.2,63,UCI_0159,11,11,12,13,13,13,Business,Manager,3.311378122956957,0,0,0,6.75
STU01301,17,Female,Business,1.0,0.4,No,94.1,8.8,No,2.72,1,7.4,5.6,Dorm,Yes,10,6,Reading,5.5,69,UCI_0312,11,11,10,15,15,17,Business,Financial Analyst,3.127728758692485,2,1,0,6.8
STU01302,23,Male,Computer Science,3.8902403066303375,0.1,Yes,53.1,6.2,Yes,4.0,8,5.5,7.5,Quiet Room,No,9,7,Kinesthetic,7.0,98,UCI_0259,14,12,14,14,15,17,Computer Science,Fluid Mechanics Engineer,4.544721035683932,2,4,1,10.0
STU01303,25,Other,Biology,4.1,2.6,Yes,67.3,6.4,Yes,3.46,5,4.4,10.8,Cafe,Yes,5,10,Reading,5.0,92,UCI_0259,14,13,12,13,15,17,Biology,Special Education Teacher,3.0815093503014723,0,0,1,8.65
STU01304,22,Male,Engineering,6.9,3.7,No,90.3,5.6,Yes,4.0,2,3.5,11.8,Dorm,Yes,9,5,Auditory,4.4,100,UCI_0259,13,13,13,13,16,18,Engineering,Entrepreneur,3.667634965031095,2,1,1,10.0
STU01305,20,Female,Arts,2.5,2.7,No,45.5,8.7,Yes,3.46,7,5.3,10.3,Dorm,No,6,5,Reading,5.1,84,UCI_0259,14,11,12,14,14,17,Arts,Geneticist,3.5522366497580533,1,1,0,8.65
STU01306,17,Other,Arts,3.3,4.1,Yes,76.1,9.3,No,3.8,5,6.3,13.0,Cafe,No,1,10,Reading,6.4,100,UCI_0259,13,11,13,15,16,16,Arts,Physical Chemist,3.622658571798757,2,0,1,9.5
STU01307,19,Female,Biology,2.1,0.2,No,42.7,8.7,No,3.26,6,7.2,3.7,Quiet Room,Yes,1,7,Kinesthetic,2.1,79,UCI_0306,15,12,15,17,16,15,Biology,Artist,2.829810328268473,1,3,0,8.15
STU01308,22,Other,Engineering,4.2,1.0,Yes,84.1,6.9,No,3.64,8,5.9,8.6,Quiet Room,No,6,10,Auditory,8.3,89,UCI_0226,12,12,14,14,15,17,Engineering,Advertising Manager,3.4463225289492625,0,3,1,9.1
STU01309,24,Other,Biology,1.5,2.1,Yes,56.5,6.8,Yes,2.6,4,6.2,5.7,Quiet Room,No,10,10,Kinesthetic,5.3,69,UCI_0186,12,14,13,15,16,15,Biology,Interior Designer,4.305308057792519,1,3,1,6.5
STU01310,23,Other,Computer Science,3.2790998290215363,0.5,Yes,81.7,6.2,Yes,4.0,6,3.4,4.2,Quiet Room,Yes,5,6,Kinesthetic,4.9,99,UCI_0226,14,14,15,15,17,17,Computer Science,Data Scientist,3.710864306934582,1,0,1,10.0
STU01311,17,Female,Computer Science,4.726235983,4.1,No,64.3,6.3,No,4.0,4,4.7,11.3,Co-Learning Group,Yes,5,10,Reading,5.5,100,UCI_0226,14,14,15,15,17,16,Computer Science,Biomedical Engineer,4.753886079693446,0,1,1,10.0
STU01312,17,Other,Psychology,3.0,3.4,Yes,53.6,4.0,No,4.0,5,6.5,8.8,Library,Yes,2,9,Reading,9.1,99,UCI_0226,14,14,15,15,16,15,Psychology,Curriculum Developer,4.610537872224596,0,1,0,10.0
STU01313,21,Male,Computer Science,6.934061987606652,3.9,Yes,68.1,7.4,Yes,4.0,1,6.1,14.4,Dorm,Yes,6,5,Reading,8.4,94,UCI_0226,13,13,14,16,17,15,Computer Science,Legal Secretary,4.396405323101493,2,2,0,10.0
STU01314,17,Male,Psychology,4.6,0.8,No,48.8,5.4,No,4.0,6,6.0,8.3,Quiet Room,Yes,1,7,Kinesthetic,2.7,100,UCI_0226,13,14,15,16,17,17,Psychology,Organic Chemist,3.7798455871002834,0,1,1,10.0
STU01315,21,Female,Business,2.7,3.9,No,51.5,8.1,Yes,4.0,6,6.3,10.7,Cafe,Yes,10,5,Kinesthetic,2.2,100,UCI_0226,14,13,13,15,17,15,Business,Biologist,2.512484141568185,2,4,1,10.0
STU01316,17,Female,Business,5.1,4.7,No,78.1,7.1,Yes,3.55,6,1.9,13.0,Dorm,Yes,1,8,Visual,7.2,79,UCI_0226,14,13,15,14,17,16,Business,Architect,3.786022325171751,2,4,1,8.88
STU01317,27,Female,Arts,1.2,3.1,Yes,79.3,7.2,No,4.0,3,3.9,7.0,Library,Yes,7,6,Visual,4.4,100,UCI_0226,13,13,14,16,15,17,Arts,Legal Consultant,3.0235274005910373,1,3,0,10.0
STU01318,19,Female,Arts,6.5,4.8,No,46.9,6.0,Yes,3.33,5,4.8,13.3,Co-Learning Group,Yes,4,10,Reading,2.0,76,UCI_0226,14,12,13,15,17,17,Arts,Data Scientist,4.7229785586251465,2,0,0,8.32
STU01319,22,Other,Engineering,5.4,3.9,No,59.3,8.2,Yes,4.0,1,4.2,12.2,Dorm,Yes,9,6,Auditory,9.9,97,UCI_0226,14,14,14,15,15,16,Engineering,AI Researcher,4.070084546774336,1,1,1,10.0
STU01320,19,Other,Arts,7.0,4.2,Yes,75.6,7.3,No,4.0,3,1.0,14.4,Library,Yes,1,5,Visual,1.6,96,UCI_0226,12,12,15,16,16,15,Arts,Civil Engineer,3.758752241,2,1,0,10.0
STU01321,16,Female,Arts,5.8,4.0,No,66.5,5.5,Yes,3.41,7,2.9,12.1,Cafe,Yes,4,6,Reading,7.4,84,UCI_0226,12,12,15,14,15,17,Arts,Credit Analyst,4.904656971038518,1,0,1,8.53
STU01322,24,Male,Engineering,3.8,0.4,Yes,48.9,7.8,No,3.42,5,4.9,8.0,Co-Learning Group,Yes,6,5,Visual,3.5,91,UCI_0226,14,14,13,15,15,17,Engineering,Nuclear Physicist,3.723386812561656,0,0,1,8.55
STU01323,20,Female,Engineering,5.9,0.6,Yes,72.7,8.6,No,3.27,1,5.5,8.3,Quiet Room,No,2,8,Reading,4.9,78,UCI_0318,17,15,16,14,13,16,Engineering,Biotechnologist,3.551166969032717,2,0,0,8.18
STU01324,23,Other,Business,0.5,3.8,No,94.7,6.9,Yes,4.0,2,4.2,8.3,Co-Learning Group,No,4,8,Reading,4.0,97,UCI_0318,16,15,15,14,14,14,Business,Legal Consultant,4.642481544231222,0,1,1,10.0
STU01325,16,Male,Computer Science,2.918239528367585,1.1,Yes,59.2,6.0,No,3.0,2,5.7,8.3,Library,No,5,5,Auditory,3.5,67,UCI_0295,12,11,11,15,16,16,Computer Science,Financial Analyst,2.833409539522841,1,1,1,7.5
STU01326,18,Female,Psychology,0.5,3.2,Yes,63.2,8.4,Yes,4.0,5,6.2,8.4,Dorm,Yes,1,8,Reading,5.3,100,UCI_0318,15,14,16,13,13,14,Psychology,Musician,4.703021204493258,0,0,1,10.0
STU01327,22,Other,Arts,2.3,2.8,No,41.9,4.8,No,4.0,3,8.5,9.2,Library,Yes,6,10,Kinesthetic,8.1,100,UCI_0318,17,15,14,14,13,14,Arts,Construction Manager,4.555281720541465,2,0,0,10.0
STU01328,28,Male,Business,5.0,0.3,Yes,51.0,8.4,No,3.81,6,3.5,9.6,Dorm,No,5,10,Auditory,8.4,90,UCI_0318,15,16,14,14,15,16,Business,Musician,4.931258144625964,1,4,0,9.53
STU01329,21,Male,Arts,3.8,0.9,No,56.2,6.5,No,3.26,5,7.6,6.9,Quiet Room,No,2,7,Kinesthetic,5.1,73,UCI_0314,12,13,12,15,13,17,Arts,Chemist,3.3146666856825187,1,3,0,8.15
STU01330,25,Other,Engineering,3.0,4.0,No,53.9,5.6,No,4.0,1,4.3,10.2,Co-Learning Group,Yes,3,7,Visual,1.9,98,UCI_0318,16,16,15,15,14,16,Engineering,Legal Analyst,4.365648856314264,0,0,0,10.0
STU01331,25,Male,Computer Science,7.407994111580421,3.4,No,47.0,8.3,Yes,3.41,1,6.1,12.1,Co-Learning Group,Yes,3,10,Auditory,7.7,85,UCI_0318,16,16,15,15,14,15,Computer Science,Accountant,3.31413424,2,4,1,8.53
STU01332,19,Female,Biology,4.9,3.9,No,83.4,9.2,No,3.35,5,6.4,11.2,Dorm,Yes,3,10,Reading,1.5,87,UCI_0318,16,16,15,13,15,16,Biology,Game Developer,3.928570906,0,2,0,8.38
STU01333,27,Other,Psychology,5.7,4.2,No,60.8,6.9,Yes,3.87,7,5.7,13.2,Quiet Room,No,4,7,Visual,8.2,100,UCI_0318,15,16,15,13,14,16,Psychology,Architect,4.2010404491063404,1,0,0,9.68
STU01334,26,Female,Engineering,2.7,1.4,No,66.2,7.0,No,4.0,5,3.5,4.7,Quiet Room,Yes,8,5,Kinesthetic,5.8,99,UCI_0318,15,16,15,13,14,15,Engineering,Industrial-Organizational Psychologist,4.129685458165527,1,4,1,10.0
STU01335,18,Other,Business,4.4,0.3,Yes,59.6,7.1,No,4.0,3,4.2,8.5,Dorm,No,5,8,Visual,7.1,97,UCI_0318,17,16,14,15,14,14,Business,Art Therapist,2.6128711760718266,1,3,0,10.0
STU01336,17,Male,Biology,3.0,3.9,Yes,49.5,7.8,No,3.92,6,5.9,8.4,Co-Learning Group,No,6,10,Reading,7.5,92,UCI_0318,17,15,15,15,13,14,Biology,Marketing Manager,4.677541583371699,0,4,0,9.8
STU01337,22,Female,Biology,6.2,4.1,No,40.0,6.7,No,3.95,7,9.4,12.1,Quiet Room,Yes,9,10,Kinesthetic,4.1,96,UCI_0318,17,14,14,13,15,14,Biology,Ecologist,2.700140973624852,1,3,1,9.88
STU01338,17,Other,Arts,6.9,0.7,Yes,73.9,6.3,Yes,3.86,7,1.9,10.8,Co-Learning Group,No,7,5,Visual,1.0,100,UCI_0318,15,15,14,14,14,15,Arts,Construction Manager,3.5193830395064296,2,1,0,9.65
STU01339,24,Other,Engineering,5.0,0.1,Yes,54.1,7.2,Yes,3.88,5,1.0,8.5,Quiet Room,No,4,7,Visual,5.6,88,UCI_0306,15,13,14,16,15,15,Engineering,Art Director,3.4618067811067945,2,2,1,9.7
STU01340,16,Male,Engineering,2.9,2.1,No,81.6,6.7,No,4.0,6,7.8,6.4,Quiet Room,No,1,5,Reading,3.1,99,UCI_0306,14,11,13,15,15,15,Engineering,Marketing Manager,2.8378730099577227,0,4,0,10.0
STU01341,25,Female,Computer Science,7.103143483303479,3.8,No,79.9,8.5,Yes,4.0,2,4.7,11.5,Co-Learning Group,Yes,8,5,Reading,9.8,100,UCI_0306,15,11,13,15,15,15,Computer Science,Legal Secretary,4.396405323101493,2,2,0,10.0
STU01342,25,Male,Business,0.0,1.7,No,53.4,9.8,No,2.84,2,1.3,7.0,Dorm,No,3,10,Visual,4.2,71,UCI_0100,11,15,14,12,14,12,Business,Nuclear Physicist,4.964261182318694,1,4,0,7.1
STU01343,19,Other,Engineering,2.9,2.8,No,50.8,5.4,Yes,3.83,1,10.0,7.8,Co-Learning Group,Yes,7,6,Kinesthetic,8.5,100,UCI_0306,16,13,14,17,15,17,Engineering,Pharmacist,4.292240590844771,2,4,1,9.57
STU01344,22,Other,Business,6.3,2.7,Yes,78.8,5.2,No,3.3,8,5.8,11.0,Co-Learning Group,No,8,8,Auditory,3.1,80,UCI_0314,12,12,14,15,13,17,Business,Dentist,3.2500422082943654,0,2,1,8.25
STU01345,22,Other,Arts,4.8,4.0,Yes,65.6,7.6,No,4.0,6,5.8,13.4,Quiet Room,No,8,10,Auditory,8.5,100,UCI_0306,16,12,13,15,15,17,Arts,Chemical Engineer,4.329466285153309,2,0,1,10.0
STU01346,22,Other,Arts,3.9,3.3,No,61.0,8.3,Yes,3.97,5,6.6,12.0,Cafe,Yes,4,10,Visual,4.7,100,UCI_0306,16,13,14,17,16,16,Arts,Art Director,4.760313762782069,1,3,1,9.93
STU01347,21,Female,Business,5.5,2.3,Yes,95.3,5.5,Yes,3.22,2,8.2,12.1,Cafe,No,10,6,Visual,8.3,81,UCI_0306,15,12,13,16,17,16,Business,Music Therapist,3.146466915752025,1,0,0,8.05
STU01348,19,Female,Arts,3.6,0.5,No,94.3,5.0,No,3.64,4,5.6,4.5,Co-Learning Group,Yes,3,10,Reading,2.3,87,UCI_0306,15,11,13,15,15,17,Arts,Social Media Manager,3.583884333911045,2,0,0,9.1
STU01349,28,Other,Business,6.4,3.6,Yes,92.5,5.0,No,4.0,3,5.8,13.9,Quiet Room,No,10,5,Reading,5.1,98,UCI_0198,18,15,16,13,13,14,Business,Biotechnologist,4.214491177406357,2,3,0,10.0
STU01350,25,Male,Arts,0.9,0.8,No,74.3,6.4,No,2.88,7,3.5,3.1,Library,Yes,6,10,Kinesthetic,6.3,80,UCI_0121,14,14,13,14,13,14,Arts,Composer,3.2023878341830603,2,3,1,7.2
STU01351,25,Female,Psychology,4.7,5.0,Yes,93.4,9.3,No,3.4,2,6.6,12.1,Dorm,No,1,10,Kinesthetic,4.7,81,UCI_0198,16,15,17,14,14,13,Psychology,Curriculum Developer,4.610537872224596,0,1,0,8.5
STU01352,26,Female,Engineering,2.0,0.0,No,96.0,7.1,No,3.05,6,5.5,4.8,Quiet Room,Yes,1,8,Visual,1.9,83,UCI_0089,14,14,13,15,16,16,Engineering,Financial Controller,3.3317172952994056,1,1,1,7.62
STU01353,27,Female,Arts,5.8,3.7,Yes,54.5,9.9,Yes,3.93,7,6.7,10.7,Quiet Room,No,5,10,Auditory,1.5,100,UCI_0198,17,15,16,12,13,13,Arts,Curriculum Developer,2.553735588489692,2,2,0,9.83
STU01354,26,Other,Computer Science,3.466373002687952,4.9,No,94.1,6.1,No,3.1,5,6.1,13.1,Library,No,2,6,Visual,9.4,69,UCI_0217,15,15,15,15,16,16,Computer Science,Architectural Technologist,3.652526577516759,0,2,1,7.75
STU01355,22,Male,Engineering,5.6,4.9,No,93.0,9.1,Yes,3.71,3,7.2,15.1,Co-Learning Group,Yes,9,10,Kinesthetic,8.0,97,UCI_0198,17,14,15,12,13,14,Engineering,School Psychologist,3.384682800054799,1,1,1,9.28
STU01356,18,Male,Arts,6.4,1.5,Yes,48.4,5.2,No,3.86,8,5.3,12.2,Quiet Room,Yes,4,7,Auditory,6.1,100,UCI_0198,17,14,17,13,14,14,Arts,Social Media Manager,3.2686975230111712,1,0,1,9.65
STU01357,23,Other,Biology,0.0,0.6,No,83.5,7.8,No,2.8,8,4.0,5.1,Quiet Room,Yes,3,10,Auditory,3.3,76,UCI_0055,10,12,12,13,13,12,Biology,Music Teacher,2.9254065206067192,0,3,1,7.0
STU01358,21,Female,Biology,0.9,3.9,Yes,69.9,7.3,No,3.37,8,5.8,8.7,Library,Yes,5,10,Kinesthetic,7.0,90,UCI_0198,17,16,17,13,12,13,Biology,Interior Designer,4.262143398621852,0,4,0,8.43
STU01359,24,Other,Arts,4.4,3.1,Yes,60.6,10.0,No,3.23,4,3.1,11.8,Dorm,No,7,6,Kinesthetic,3.7,81,UCI_0314,14,12,14,16,13,17,Arts,Animator,4.373364486385287,2,3,1,8.07
STU01360,28,Male,Engineering,5.1,3.0,No,61.6,5.0,No,2.93,4,2.5,9.3,Library,No,1,10,Auditory,4.4,68,UCI_0022,12,15,15,11,12,12,Engineering,Ecologist,4.254724349203702,0,3,0,7.33
STU01361,20,Male,Biology,2.4,2.7,No,72.5,8.4,No,4.0,4,5.9,8.5,Quiet Room,No,9,10,Visual,5.0,100,UCI_0198,18,15,15,12,13,13,Biology,Lawyer,3.0858621037530214,1,2,1,10.0
STU01362,28,Male,Arts,3.1,0.3,No,56.4,5.4,Yes,3.64,5,5.5,4.9,Co-Learning Group,Yes,5,9,Visual,5.3,89,UCI_0198,16,14,16,14,13,13,Arts,Forensic Psychologist,4.744994622425117,2,1,1,9.1
STU01363,22,Other,Computer Science,6.063937238456983,2.8,Yes,54.4,4.0,No,3.18,5,6.8,14.3,Dorm,No,5,9,Visual,4.6,84,UCI_0142,17,15,14,12,15,13,Computer Science,Human Resources Specialist,3.950303868949823,1,4,1,7.95
STU01364,22,Male,Arts,4.2,2.3,No,82.2,7.0,No,3.17,4,4.2,10.8,Co-Learning Group,Yes,8,10,Visual,7.3,83,UCI_0089,14,14,14,14,14,14,Arts,Quantum Physicist,4.723955542724614,2,3,0,7.92
STU01365,17,Other,Business,5.5,3.4,No,62.3,4.1,Yes,3.11,4,8.2,12.9,Co-Learning Group,Yes,7,9,Reading,3.0,72,UCI_0217,13,14,16,14,16,16,Business,Education Administrator,3.478063759,0,1,0,7.77
STU01366,25,Other,Business,2.6,2.2,Yes,81.2,8.7,No,2.92,8,3.4,9.9,Co-Learning Group,Yes,1,10,Visual,9.3,67,UCI_0231,13,10,13,16,15,15,Business,Cybersecurity Analyst,4.357951401,1,2,0,7.3
STU01367,24,Male,Biology,5.6,1.4,Yes,74.4,4.2,No,4.0,6,3.2,8.2,Co-Learning Group,Yes,5,5,Kinesthetic,7.9,100,UCI_0198,18,14,15,13,14,13,Biology,Chemist,2.5965536186728224,1,1,0,10.0
STU01368,28,Other,Computer Science,7.575754605834085,2.9,No,50.5,8.4,No,4.0,3,3.8,14.0,Library,No,4,10,Kinesthetic,6.9,100,UCI_0198,18,16,17,13,12,14,Computer Science,Surgeon,3.421809857218169,1,0,0,10.0
STU01369,23,Male,Psychology,5.5,1.4,Yes,67.5,8.0,Yes,3.52,6,6.2,11.1,Dorm,No,4,7,Reading,3.3,87,UCI_0198,16,16,16,13,13,15,Psychology,Advertising Manager,4.265166891411994,2,0,0,8.8
STU01370,19,Female,Engineering,3.6,0.8,Yes,76.6,8.4,No,3.59,4,2.6,9.1,Quiet Room,No,6,5,Visual,3.9,91,UCI_0198,17,16,17,14,13,15,Engineering,Acoustics Specialist,3.813824348697783,1,1,0,8.97
STU01371,27,Other,Arts,2.7,3.2,No,72.3,6.9,Yes,3.11,2,3.9,8.0,Library,Yes,6,8,Visual,3.8,73,UCI_0238,13,13,14,15,16,15,Arts,Doctor,4.181861331854694,2,0,1,7.77
STU01372,21,Female,Business,3.0,3.5,No,96.4,4.9,Yes,3.12,8,10.0,12.0,Library,Yes,6,10,Reading,3.6,85,UCI_0293,14,15,15,15,16,14,Business,Principal,2.957397379219757,2,0,0,7.8
STU01373,25,Other,Business,2.9,2.9,Yes,73.7,9.2,No,4.0,3,4.6,8.9,Co-Learning Group,Yes,1,10,Visual,8.6,100,UCI_0198,17,14,16,13,14,13,Business,Illustrator,4.332574438066584,1,0,1,10.0
STU01374,20,Female,Business,5.3,4.9,No,40.5,6.6,No,3.54,5,5.1,14.2,Dorm,No,7,6,Auditory,1.1,95,UCI_0198,18,15,17,13,13,15,Business,Conductor,4.248116659411518,1,1,0,8.85
STU01375,27,Male,Engineering,10.3,3.4,No,97.7,6.7,No,4.0,3,3.5,14.9,Cafe,No,2,9,Auditory,2.8,97,UCI_0057,15,14,15,14,14,16,Engineering,Musician,3.032887919032264,0,2,0,10.0
STU01376,22,Other,Engineering,6.3,4.6,Yes,77.7,5.5,No,2.57,7,4.4,14.2,Dorm,No,2,10,Auditory,9.1,67,UCI_0246,13,12,12,14,15,15,Engineering,Human Resources Specialist,2.753974148866076,2,0,0,6.42
STU01377,27,Male,Psychology,5.6,2.2,No,43.9,4.0,Yes,3.2,2,5.8,9.1,Dorm,Yes,2,6,Auditory,6.0,77,UCI_0314,13,13,13,14,13,17,Psychology,Acoustics Specialist,3.400247562278518,2,2,1,8.0
STU01378,21,Other,Psychology,2.8,2.0,Yes,68.1,11.1,No,3.95,6,4.8,9.1,Quiet Room,Yes,8,6,Visual,6.6,97,UCI_0057,14,16,15,15,14,16,Psychology,Mechanical Engineer,4.624645909235166,1,1,0,9.88
STU01379,28,Female,Biology,3.4,3.2,No,75.8,4.8,No,3.35,4,5.6,9.6,Co-Learning Group,Yes,10,6,Auditory,5.6,85,UCI_0057,14,15,14,16,15,14,Biology,Legal Analyst,4.214014624551528,2,0,1,8.38
STU01380,24,Other,Engineering,3.5,0.3,No,67.7,8.5,No,3.51,8,5.5,6.7,Dorm,No,9,10,Visual,1.9,82,UCI_0057,14,14,16,14,13,14,Engineering,Human Resources Specialist,2.8991748250353355,2,0,0,8.77
STU01381,27,Other,Engineering,2.7,2.1,Yes,40.2,7.4,Yes,3.83,8,2.3,9.3,Library,Yes,9,10,Kinesthetic,1.9,99,UCI_0057,14,14,15,16,15,14,Engineering,Illustrator,4.207062070197479,2,0,0,9.57
STU01382,20,Male,Biology,5.7,4.0,Yes,41.5,8.9,No,4.0,5,8.7,13.1,Library,No,10,10,Reading,5.3,100,UCI_0057,13,14,16,15,14,16,Biology,Accountant,3.418297859085923,0,4,0,10.0
STU01383,21,Other,Computer Science,6.377821685172851,2.9,No,41.7,7.2,No,3.07,8,5.8,12.6,Dorm,No,5,10,Visual,2.2,72,UCI_0238,13,13,14,15,16,16,Computer Science,Mechanical Engineer,4.044903651396004,1,3,0,7.67
STU01384,18,Other,Business,1.7,4.1,Yes,47.9,8.2,No,4.0,5,5.9,9.1,Library,No,6,8,Reading,3.2,100,UCI_0057,13,14,15,15,13,15,Business,Aerospace Engineer,2.542016270542437,2,4,0,10.0
STU01385,24,Male,Computer Science,4.694421131697604,4.5,Yes,83.1,7.4,No,4.0,2,3.6,13.9,Library,No,9,6,Auditory,2.6,100,UCI_0057,14,15,16,14,14,14,Computer Science,Marketing Specialist,2.6473253752105133,0,0,0,10.0
STU01386,21,Female,Biology,4.7,4.2,No,82.0,7.1,No,4.0,7,2.8,13.7,Quiet Room,No,9,7,Reading,4.4,100,UCI_0057,15,14,16,14,13,15,Biology,Marketing Specialist,3.508009079760912,2,1,1,10.0
STU01387,25,Female,Business,5.5,4.3,Yes,52.9,7.9,No,3.56,3,5.5,12.8,Quiet Room,Yes,10,10,Visual,1.3,84,UCI_0057,15,14,14,16,13,14,Business,Education Administrator,3.471636376224553,1,3,1,8.9
STU01388,17,Other,Engineering,4.5,2.1,Yes,64.4,8.5,No,3.49,6,4.0,11.2,Cafe,Yes,5,7,Kinesthetic,3.9,92,UCI_0057,15,14,16,16,15,14,Engineering,Musician,4.265708651,2,1,0,8.73
STU01389,22,Female,Engineering,0.0,4.4,Yes,43.1,7.0,No,3.53,3,4.7,7.8,Co-Learning Group,Yes,10,9,Auditory,1.7,88,UCI_0057,13,15,15,16,14,16,Engineering,Analytical Chemist,4.393326903092733,1,4,1,8.82
STU01390,27,Male,Biology,4.1,2.5,Yes,42.9,5.9,Yes,2.82,4,8.4,7.6,Dorm,Yes,10,7,Kinesthetic,8.9,70,UCI_0324,15,13,13,14,14,14,Biology,Physical Chemist,4.5571762968413765,2,4,1,7.05
STU01391,27,Other,Computer Science,4.954715245382626,2.8,No,66.8,6.1,Yes,3.05,5,1.5,10.9,Cafe,No,1,10,Kinesthetic,4.9,78,UCI_0217,13,16,16,13,15,15,Computer Science,AI Researcher,3.273112429355157,1,2,1,7.62
STU01392,25,Other,Arts,5.9,2.7,No,53.1,7.0,No,3.02,5,2.8,12.7,Cafe,No,2,10,Reading,7.5,78,UCI_0231,11,10,11,14,16,17,Arts,Art Therapist,3.7366915086351935,0,1,1,7.55
STU01393,27,Male,Psychology,4.4,4.8,No,80.3,8.9,No,3.25,6,5.4,13.9,Co-Learning Group,Yes,1,10,Visual,8.6,75,UCI_0314,14,13,13,14,14,17,Psychology,Art Director,2.861391324637033,1,2,1,8.12
STU01394,20,Male,Arts,1.8,1.5,No,97.2,6.0,No,2.79,8,4.1,5.6,Library,Yes,9,10,Kinesthetic,3.0,76,UCI_0209,10,11,13,13,14,15,Arts,Physicist,3.978565952,1,1,0,6.97
STU01395,18,Male,Computer Science,7.544432328795833,3.6,No,41.7,8.9,Yes,4.0,5,7.0,13.7,Quiet Room,Yes,6,6,Reading,8.9,93,UCI_0057,15,15,14,16,14,16,Computer Science,Marketing Manager,3.396486771320116,0,3,1,10.0
STU01396,27,Other,Biology,7.6,4.7,Yes,52.5,10.3,Yes,3.85,8,3.8,15.3,Library,No,2,5,Kinesthetic,5.9,89,UCI_0057,13,15,14,15,13,16,Biology,Astronomer,2.747964615322046,2,4,0,9.62
STU01397,25,Other,Psychology,5.2,1.2,Yes,63.4,7.1,No,4.0,6,3.0,10.8,Library,Yes,2,10,Visual,1.2,100,UCI_0314,12,13,12,16,14,18,Psychology,Animator,3.391006892846767,2,1,1,10.0
STU01398,23,Other,Engineering,5.0,1.3,No,73.0,8.0,No,3.44,8,2.3,8.5,Library,No,6,10,Auditory,10.0,77,UCI_0314,13,13,12,15,14,16,Engineering,Biologist,3.4289079044566924,1,4,1,8.6
STU01399,25,Other,Computer Science,3.802514192,2.6,No,51.7,5.6,No,3.21,3,5.1,9.8,Library,Yes,8,10,Visual,4.4,82,UCI_0286,11,11,11,17,16,17,Computer Science,Architect,3.8192682575321695,1,3,0,8.03
STU01400,22,Other,Psychology,4.7,1.7,No,60.5,8.9,Yes,4.0,4,4.5,7.8,Library,Yes,5,10,Auditory,7.1,87,UCI_0314,13,12,12,15,13,18,Psychology,Counselor,4.830855465,0,0,1,10.0
STU01401,26,Male,Psychology,4.1,3.6,No,47.9,9.3,Yes,4.0,2,3.3,9.8,Co-Learning Group,No,9,6,Visual,8.1,100,UCI_0314,13,14,14,16,14,17,Psychology,Conductor,2.934172121963768,1,4,0,10.0
STU01402,25,Female,Business,2.0,3.9,Yes,78.9,8.8,No,4.0,1,5.5,11.0,Library,Yes,3,9,Auditory,1.6,100,UCI_0314,14,12,14,14,13,16,Business,Brand Manager,3.7067640193479785,0,0,0,10.0
STU01403,26,Female,Biology,0.4,2.1,Yes,89.8,7.3,No,3.66,8,5.0,4.7,Dorm,Yes,2,8,Visual,7.8,85,UCI_0314,12,12,14,14,15,17,Biology,Music Teacher,4.236771937948658,1,2,0,9.15
STU01404,19,Female,Arts,3.1,0.3,Yes,82.4,5.9,No,3.62,5,6.5,4.7,Library,Yes,3,10,Visual,1.4,85,UCI_0314,14,13,12,14,14,18,Arts,Fluid Mechanics Engineer,4.791761944138198,0,2,0,9.05
STU01405,28,Other,Psychology,0.4,2.3,Yes,72.8,10.5,No,4.0,8,6.6,6.6,Cafe,Yes,6,5,Auditory,5.8,100,UCI_0314,12,13,14,16,14,16,Psychology,Electrical Engineer,3.1020947704098965,1,3,0,10.0
STU01406,27,Other,Arts,3.6,1.8,Yes,87.6,10.5,No,3.12,7,3.9,6.1,Co-Learning Group,Yes,10,10,Kinesthetic,9.1,77,UCI_0238,14,13,12,15,16,17,Arts,Financial Analyst,3.930937969934964,0,3,1,7.8
STU01407,16,Female,Biology,2.9,4.8,Yes,86.7,7.4,Yes,2.76,8,8.4,9.8,Cafe,No,4,9,Kinesthetic,2.8,74,UCI_0204,9,8,9,14,14,14,Biology,Counselor,4.972516032663641,0,1,1,6.9
STU01408,22,Female,Computer Science,7.641657136811903,2.3,Yes,94.5,9.6,Yes,3.47,6,7.5,14.7,Quiet Room,Yes,5,10,Kinesthetic,7.9,89,UCI_0314,14,12,12,16,14,16,Computer Science,Music Teacher,4.060884387,2,4,1,8.68
STU01409,18,Female,Business,3.1,4.9,Yes,64.0,8.3,No,2.78,3,5.0,10.3,Cafe,Yes,6,10,Kinesthetic,4.6,65,UCI_0127,14,10,13,12,12,14,Business,Music Therapist,4.748094943329452,2,4,0,6.95
STU01410,21,Female,Computer Science,4.678559084281705,0.4,Yes,62.9,4.0,Yes,3.3,5,5.3,7.7,Quiet Room,Yes,1,6,Visual,5.2,79,UCI_0274,16,13,13,17,17,15,Computer Science,Microbiologist,4.796985528704143,2,4,0,8.25
STU01411,26,Female,Computer Science,5.201473430237236,2.5,Yes,77.8,6.3,No,4.0,8,6.9,11.5,Dorm,Yes,8,9,Auditory,8.5,100,UCI_0314,14,12,13,14,14,18,Computer Science,Legal Secretary,4.890931552076206,2,4,1,10.0
STU01412,19,Female,Business,2.6,0.7,Yes,78.9,6.6,Yes,2.91,6,7.7,7.7,Dorm,No,9,10,Kinesthetic,6.5,78,UCI_0238,15,12,14,16,16,17,Business,Chemical Engineer,4.900558894379435,2,3,0,7.28
STU01413,25,Male,Engineering,5.3,2.9,No,95.4,7.9,No,4.0,5,5.6,11.9,Co-Learning Group,No,2,5,Reading,1.3,100,UCI_0274,15,14,14,16,17,16,Engineering,Special Education Teacher,3.058901580654333,0,3,0,10.0
STU01414,24,Other,Computer Science,3.378383063339915,0.1,No,78.3,7.1,Yes,4.0,3,4.2,4.6,Quiet Room,No,9,7,Auditory,1.8,100,UCI_0274,15,13,14,17,16,15,Computer Science,Teacher,3.917683262909458,1,3,1,10.0
STU01415,17,Female,Arts,1.9,2.0,Yes,93.5,9.6,Yes,3.34,5,8.1,5.6,Co-Learning Group,Yes,7,8,Visual,8.3,82,UCI_0274,15,15,13,15,16,16,Arts,Architectural Technologist,3.489204883491098,0,1,1,8.35
STU01416,22,Other,Business,5.1,3.6,Yes,47.4,7.1,Yes,3.3,4,6.6,10.8,Library,Yes,8,10,Visual,9.9,81,UCI_0274,16,15,14,16,15,17,Business,Judge,2.652224088927534,0,0,0,8.25
STU01417,17,Other,Psychology,3.8,0.2,No,58.6,8.3,No,3.96,1,5.5,8.3,Co-Learning Group,No,10,10,Kinesthetic,9.9,100,UCI_0274,16,14,14,17,17,15,Psychology,Astronomer,3.678725986060516,0,2,1,9.9
STU01418,20,Male,Psychology,5.9,3.5,No,78.9,6.9,No,2.81,5,6.7,12.3,Dorm,No,9,8,Visual,4.6,79,UCI_0017,14,15,14,13,12,14,Psychology,Music Teacher,3.205033431120965,0,4,1,7.03
STU01419,23,Other,Business,2.2,1.2,No,79.8,5.5,Yes,3.86,7,2.7,8.2,Library,No,9,10,Reading,2.8,99,UCI_0274,14,14,13,16,16,15,Business,Financial Analyst,3.672075580036572,2,4,0,9.65
STU01420,20,Other,Engineering,5.6,2.6,No,91.7,9.9,Yes,2.64,1,5.1,13.2,Dorm,Yes,9,10,Visual,5.1,56,UCI_0214,12,14,13,14,12,13,Engineering,Doctor,2.815956318476344,0,0,1,6.6
STU01421,16,Male,Computer Science,4.007964941375681,1.2,Yes,96.7,5.8,Yes,3.05,8,3.2,5.8,Co-Learning Group,Yes,8,10,Kinesthetic,8.8,82,UCI_0004,15,14,16,13,15,13,Computer Science,Ecologist,3.879674951879985,1,1,1,7.62
STU01422,19,Other,Arts,4.5,3.1,No,59.1,7.7,Yes,4.0,5,5.9,13.1,Library,Yes,4,9,Kinesthetic,8.3,100,UCI_0274,14,13,15,15,16,16,Arts,Legal Secretary,3.218124530268089,0,2,0,10.0
STU01423,25,Other,Biology,4.7,2.1,Yes,54.0,4.7,Yes,2.87,5,7.5,10.0,Dorm,Yes,1,9,Reading,4.7,72,UCI_0326,12,15,15,16,16,14,Biology,Financial Analyst,4.973042195252717,1,3,1,7.18
STU01424,28,Other,Computer Science,6.779350548369235,0.5,No,64.9,7.7,Yes,4.0,8,8.9,8.7,Co-Learning Group,No,1,5,Auditory,9.9,100,UCI_0274,15,14,13,15,15,17,Computer Science,Industrial-Organizational Psychologist,4.239865123909302,1,4,0,10.0
STU01425,25,Male,Engineering,4.0,2.3,Yes,70.5,8.7,No,4.0,3,7.1,10.2,Quiet Room,No,4,5,Kinesthetic,9.5,100,UCI_0274,15,13,15,17,17,17,Engineering,Paralegal,4.458148995046033,0,3,0,10.0
STU01426,16,Female,Biology,7.6,0.7,No,73.8,6.9,Yes,4.0,1,10.0,10.6,Quiet Room,Yes,2,10,Visual,9.6,100,UCI_0274,16,13,15,16,16,16,Biology,Mechanical Engineer,3.16718620904648,0,0,1,10.0
STU01427,23,Male,Psychology,4.2,2.9,No,48.4,7.2,No,3.0,1,3.3,12.2,Quiet Room,Yes,5,10,Reading,5.9,71,UCI_0010,14,16,14,11,11,14,Psychology,Special Education Teacher,3.6154973062214246,0,2,1,7.5
STU01428,28,Other,Business,6.8,4.6,No,80.7,7.4,No,3.77,7,5.5,15.5,Dorm,No,8,10,Kinesthetic,8.1,93,UCI_0274,15,14,14,16,16,15,Business,Software Developer,4.003754338502018,2,1,0,9.43
STU01429,22,Other,Biology,3.2,0.1,Yes,99.5,8.4,Yes,3.46,7,6.8,5.3,Cafe,No,9,10,Auditory,1.0,90,UCI_0274,14,15,14,15,16,16,Biology,Lawyer,4.467042342857548,0,0,1,8.65
STU01430,25,Other,Arts,4.0,4.0,No,64.1,7.0,No,4.0,3,5.4,10.1,Library,No,6,10,Visual,9.3,100,UCI_0286,11,11,13,16,16,18,Arts,Urban Planner,3.4383557795489894,2,4,0,10.0
STU01431,17,Male,Arts,2.9,4.1,Yes,44.5,6.1,Yes,3.71,1,3.4,12.1,Quiet Room,Yes,5,8,Visual,9.7,95,UCI_0286,12,13,13,16,17,17,Arts,Teacher,3.801819377963701,2,4,0,9.28
STU01432,17,Male,Arts,7.3,3.5,No,95.8,9.4,Yes,3.68,3,2.4,15.7,Library,No,8,10,Reading,6.8,90,UCI_0286,12,11,11,18,16,18,Arts,School Counselor,4.784521456353767,1,1,1,9.2
STU01433,25,Male,Computer Science,9.479633210558152,4.7,No,91.1,8.6,Yes,3.96,5,2.7,16.7,Co-Learning Group,Yes,10,10,Visual,1.9,99,UCI_0286,11,13,13,17,18,18,Computer Science,Education Administrator,4.729115670520532,0,3,0,9.9
STU01434,27,Other,Biology,7.3,3.4,Yes,68.4,8.2,No,4.0,2,3.7,14.8,Cafe,No,10,8,Reading,4.6,98,UCI_0286,11,11,11,16,16,17,Biology,Astronomer,2.754617463186805,2,2,0,10.0
STU01435,23,Other,Biology,4.0,5.0,No,84.4,5.8,No,2.65,7,5.1,12.7,Cafe,No,1,10,Kinesthetic,5.7,71,UCI_0096,11,13,14,11,12,12,Biology,Chemist,4.328377767412332,0,2,0,6.62
STU01436,17,Other,Arts,4.9,3.5,Yes,45.6,9.1,Yes,4.0,5,4.2,11.1,Dorm,No,7,5,Reading,8.6,92,UCI_0286,11,12,12,18,17,19,Arts,Interior Designer,4.850799312596237,1,4,0,10.0
STU01437,21,Female,Business,4.5,0.8,No,79.9,8.3,No,3.03,1,5.5,8.8,Quiet Room,Yes,5,10,Auditory,7.6,71,UCI_0010,13,15,15,12,12,13,Business,Aerospace Engineer,3.901000154075901,0,1,1,7.57
STU01438,27,Female,Psychology,2.6,2.8,No,90.3,7.7,No,2.67,2,4.1,7.8,Cafe,Yes,9,10,Kinesthetic,1.3,63,UCI_0265,12,13,13,9,12,13,Psychology,Quantum Physicist,3.308116367570677,0,1,1,6.67
STU01439,18,Male,Business,5.3,2.9,No,40.7,8.3,Yes,4.0,5,6.2,9.9,Quiet Room,Yes,8,10,Reading,2.1,99,UCI_0286,11,13,12,18,17,18,Business,Architect,4.651918972382143,0,1,0,10.0
STU01440,18,Other,Engineering,3.1,0.5,Yes,92.1,7.4,Yes,3.47,5,3.4,8.3,Quiet Room,No,10,10,Visual,2.2,85,UCI_0286,11,11,12,18,18,19,Engineering,Industrial-Organizational Psychologist,3.5191712396412984,0,1,0,8.68
STU01441,23,Female,Engineering,4.7,1.4,Yes,85.0,6.0,No,4.0,4,7.7,6.8,Quiet Room,No,3,10,Auditory,8.1,99,UCI_0286,12,12,12,18,16,17,Engineering,Teacher,4.025612034882913,1,1,1,10.0
STU01442,23,Male,Biology,2.3,0.4,Yes,86.4,7.3,Yes,2.64,2,1.0,4.3,Dorm,Yes,1,10,Auditory,2.6,64,UCI_0125,16,14,15,14,13,13,Biology,Electrical Engineer,4.604851688139418,2,4,1,6.6
STU01443,26,Other,Biology,7.3,4.5,Yes,64.2,5.1,No,3.23,4,4.1,12.1,Dorm,Yes,1,8,Kinesthetic,4.1,84,UCI_0217,14,16,16,13,16,15,Biology,Risk Analyst,4.5644426219120895,1,4,0,8.07
STU01444,27,Male,Computer Science,5.806661671246278,0.2,No,80.1,10.0,No,3.82,7,6.8,7.5,Cafe,No,9,10,Visual,9.7,92,UCI_0286,13,13,12,18,17,19,Computer Science,Web Developer,4.605684632432819,1,0,1,9.55
STU01445,22,Female,Psychology,1.2,1.5,No,91.5,8.2,No,2.15,6,4.5,4.7,Cafe,No,5,10,Kinesthetic,6.8,47,UCI_0273,9,9,9,11,12,12,Psychology,Biomedical Engineer,4.505719224563499,0,0,0,5.38
STU01446,20,Female,Biology,4.5,2.0,Yes,91.6,5.6,No,3.11,6,6.3,10.8,Cafe,No,4,8,Auditory,1.6,80,UCI_0238,14,14,13,15,15,16,Biology,Game Developer,3.928570906,0,2,0,7.77
STU01447,26,Other,Arts,3.5,4.5,Yes,99.9,6.6,No,3.72,3,5.4,12.5,Cafe,Yes,10,8,Visual,5.4,95,UCI_0286,13,12,12,18,17,19,Arts,Game Developer,4.048212611334565,2,2,1,9.3
STU01448,18,Male,Biology,4.8,1.2,Yes,78.9,7.9,No,3.41,7,2.9,6.2,Dorm,Yes,2,10,Reading,3.2,73,UCI_0286,12,13,13,17,16,18,Biology,Cybersecurity Analyst,4.052400216,0,0,1,8.53
STU01449,28,Other,Arts,3.6,4.3,Yes,53.9,9.3,No,4.0,8,1.8,12.9,Dorm,No,8,10,Auditory,3.0,99,UCI_0286,11,12,11,17,17,17,Arts,Cybersecurity Analyst,2.794241841170221,0,0,1,10.0
STU01450,22,Other,Computer Science,2.529067043252774,1.3,No,40.8,8.3,Yes,3.41,5,2.9,5.6,Library,No,6,10,Visual,5.7,84,UCI_0286,11,12,11,18,18,19,Computer Science,Pharmacist,4.821935173449198,2,3,1,8.53
STU01451,28,Other,Engineering,3.4,0.3,Yes,48.8,6.2,No,2.68,8,8.0,8.2,Dorm,No,7,6,Auditory,7.8,65,UCI_0175,10,11,9,14,14,15,Engineering,Graphic Designer,4.037820343176062,0,3,1,6.7
STU01452,23,Other,Biology,2.2,0.8,Yes,53.8,4.4,No,3.94,7,1.8,4.7,Dorm,No,2,10,Kinesthetic,5.4,100,UCI_0217,15,15,15,13,16,16,Biology,Zoologist,3.2881338668885918,1,0,0,9.85
STU01453,27,Female,Computer Science,2.182829588,0.6,Yes,73.0,8.2,No,3.46,1,5.9,3.2,Co-Learning Group,Yes,1,10,Auditory,4.5,84,UCI_0217,13,14,15,14,16,15,Computer Science,Teacher,3.057460725418918,0,2,1,8.65
STU01454,17,Other,Biology,3.6,2.1,No,83.9,6.7,Yes,3.26,5,6.8,9.4,Co-Learning Group,Yes,1,6,Kinesthetic,1.2,78,UCI_0217,13,14,14,13,17,16,Biology,Teacher,4.673025992706805,1,1,0,8.15
STU01455,23,Male,Computer Science,6.380899259176929,5.0,No,59.3,5.9,Yes,4.0,7,4.1,14.2,Co-Learning Group,Yes,10,5,Reading,4.7,100,UCI_0217,14,14,15,15,15,15,Computer Science,Curriculum Developer,4.402310168,1,0,1,10.0
STU01456,17,Other,Arts,4.9,0.9,Yes,98.2,5.2,No,3.98,6,7.0,6.9,Library,Yes,3,5,Auditory,5.8,99,UCI_0217,14,14,15,14,16,16,Arts,Aerospace Engineer,4.3399875162742365,2,0,1,9.95
STU01457,20,Other,Arts,2.1,2.5,Yes,75.4,6.7,No,3.06,8,4.2,8.9,Cafe,No,6,10,Kinesthetic,6.5,73,UCI_0124,15,14,15,15,13,13,Arts,Illustrator,4.832419407470128,0,2,1,7.65
STU01458,21,Other,Arts,5.3,4.2,Yes,85.0,8.8,No,4.0,7,7.5,13.5,Cafe,No,7,5,Reading,4.2,100,UCI_0217,15,15,14,13,16,15,Arts,Biomedical Engineer,4.130037766146927,0,3,0,10.0
STU01459,27,Male,Arts,3.9,2.7,No,79.1,7.7,No,4.0,3,5.0,7.5,Co-Learning Group,No,1,5,Reading,3.8,97,UCI_0217,14,14,15,15,15,15,Arts,Education Administrator,3.1431220887959403,1,1,1,10.0
STU01460,17,Female,Psychology,2.2,4.4,No,62.2,4.4,Yes,3.11,2,1.4,10.7,Library,No,4,5,Reading,5.6,81,UCI_0326,12,13,13,16,14,16,Psychology,Brand Manager,4.784256073444613,2,0,1,7.77
STU01461,27,Other,Engineering,7.8,4.0,No,51.4,6.1,No,4.0,2,3.0,17.0,Cafe,Yes,10,10,Kinesthetic,7.2,91,UCI_0217,14,15,15,14,16,16,Engineering,Industrial-Organizational Psychologist,2.5621285225658794,2,2,0,10.0
STU01462,19,Male,Psychology,4.0,0.5,Yes,87.9,7.1,Yes,3.38,7,8.0,6.5,Library,No,1,10,Auditory,6.9,82,UCI_0217,15,14,16,13,17,14,Psychology,Pharmacist,3.8310024409456966,1,1,1,8.45
STU01463,26,Female,Computer Science,5.286143409748191,2.9,Yes,40.7,5.4,Yes,3.29,5,8.1,9.1,Library,No,10,8,Kinesthetic,6.7,85,UCI_0217,13,16,16,13,16,15,Computer Science,Music Therapist,4.627043028491245,2,0,0,8.22
STU01464,28,Other,Computer Science,5.413215309364607,0.8,Yes,51.2,8.1,No,2.91,4,9.1,9.1,Dorm,No,8,10,Reading,6.4,78,UCI_0231,12,11,13,15,16,17,Computer Science,Marketing Manager,3.1240304896747038,0,2,1,7.28
STU01465,24,Other,Arts,2.8,4.7,Yes,55.1,7.5,Yes,3.07,8,8.6,10.8,Dorm,No,1,10,Visual,9.6,78,UCI_0121,14,15,12,15,15,15,Arts,Legal Consultant,3.195362908516593,1,2,1,7.67
STU01466,18,Other,Arts,0.6,0.4,No,62.9,6.2,No,3.84,3,2.0,2.4,Quiet Room,Yes,4,7,Visual,2.3,98,UCI_0217,14,15,16,15,17,15,Arts,Illustrator,3.574126387320245,1,3,0,9.6
STU01467,21,Female,Engineering,4.2,4.1,Yes,92.4,7.1,Yes,3.48,7,3.6,10.1,Cafe,Yes,10,10,Visual,7.3,80,UCI_0324,13,15,13,14,13,16,Engineering,Mechanical Engineer,3.366024482311816,2,2,0,8.7
STU01468,16,Other,Arts,6.2,0.2,Yes,71.3,8.2,No,4.0,5,7.7,8.6,Cafe,Yes,6,10,Kinesthetic,7.0,98,UCI_0324,14,13,13,15,15,16,Arts,Brand Manager,4.037411530904206,0,2,0,10.0
STU01469,18,Other,Engineering,5.9,0.6,No,50.3,6.3,No,2.68,2,5.7,10.7,Co-Learning Group,No,6,10,Auditory,3.4,74,UCI_0192,11,13,14,11,13,13,Engineering,Advertising Manager,3.587360794318797,1,1,0,6.7
STU01470,23,Other,Business,1.7,2.2,No,93.9,4.6,Yes,4.0,8,2.6,8.7,Quiet Room,Yes,6,5,Visual,4.9,100,UCI_0324,15,13,13,16,15,14,Business,Cybersecurity Analyst,4.488318764775559,1,4,1,10.0
STU01471,27,Male,Biology,0.2,2.9,No,93.7,8.0,Yes,3.59,5,6.3,6.5,Cafe,No,3,10,Kinesthetic,1.9,82,UCI_0324,15,13,15,14,13,16,Biology,Clinical Psychologist,4.055934111,1,1,0,8.97
STU01472,24,Male,Computer Science,7.445128157903192,2.0,Yes,47.6,4.7,No,3.35,8,4.3,14.3,Co-Learning Group,No,1,10,Visual,8.1,84,UCI_0324,15,13,13,15,13,16,Computer Science,Composer,4.342996656186921,1,0,1,8.38
STU01473,22,Male,Business,5.0,4.9,No,47.7,7.8,No,3.9,8,2.7,13.4,Co-Learning Group,Yes,9,10,Reading,4.9,100,UCI_0324,15,15,13,14,15,14,Business,Social Media Manager,3.934793887165688,0,1,1,9.75
STU01474,27,Other,Arts,5.4,3.5,No,46.0,8.6,Yes,3.8,4,4.7,10.5,Dorm,Yes,2,10,Kinesthetic,6.9,88,UCI_0324,14,14,15,14,15,16,Arts,Human Resources Specialist,4.755266736632047,0,0,1,9.5
STU01475,22,Female,Psychology,3.0,0.3,Yes,61.0,6.0,Yes,3.32,1,1.0,5.4,Library,No,9,5,Reading,7.6,87,UCI_0324,13,14,13,15,13,14,Psychology,Marketing Manager,3.689631960397631,1,4,0,8.3
STU01476,23,Male,Computer Science,6.662582508903292,0.3,Yes,56.6,7.7,No,3.62,5,6.5,11.6,Dorm,Yes,9,10,Reading,2.8,94,UCI_0324,14,14,13,14,13,16,Computer Science,Biomedical Engineer,3.258756030766617,1,4,0,9.05
STU01477,25,Other,Biology,6.5,0.2,Yes,97.1,8.5,Yes,4.0,3,2.1,10.9,Library,No,7,6,Visual,2.0,100,UCI_0324,14,13,13,16,13,16,Biology,Geneticist,3.603774972153488,2,1,0,10.0
STU01478,25,Male,Psychology,5.5,1.7,Yes,89.0,6.5,No,4.0,3,4.7,9.1,Cafe,No,9,5,Reading,3.7,99,UCI_0324,14,13,13,14,15,15,Psychology,Risk Analyst,3.6762296044162297,2,0,1,10.0
STU01479,26,Female,Psychology,4.5,2.0,No,70.5,5.7,No,2.84,8,4.9,10.7,Quiet Room,No,2,10,Reading,2.2,70,UCI_0214,11,14,13,13,14,14,Psychology,Zoologist,4.553910626723648,2,4,0,7.1
STU01480,24,Male,Business,8.3,3.6,Yes,63.4,8.2,No,4.0,4,1.5,17.0,Library,Yes,10,10,Visual,2.6,92,UCI_0324,14,15,13,16,14,15,Business,Legal Secretary,4.825631453604554,2,2,1,10.0
STU01481,19,Other,Computer Science,3.399550894812549,3.1,Yes,70.9,7.4,Yes,4.0,6,3.9,8.8,Library,No,7,9,Auditory,2.7,100,UCI_0324,13,15,15,16,13,15,Computer Science,Architectural Technologist,3.652526577516759,0,2,1,10.0
STU01482,22,Male,Engineering,5.5,2.4,Yes,90.0,5.9,No,4.0,7,7.4,9.3,Library,Yes,2,10,Visual,2.3,100,UCI_0004,16,14,16,15,13,14,Engineering,Microbiologist,4.990298722453381,2,4,1,10.0
STU01483,20,Other,Arts,7.8,0.8,No,75.6,7.2,No,4.0,8,2.1,10.8,Cafe,Yes,6,5,Reading,5.3,98,UCI_0004,14,14,15,15,15,14,Arts,Nuclear Physicist,3.740088544461758,1,1,0,10.0
STU01484,18,Female,Business,3.6,3.5,No,89.2,9.2,Yes,3.81,3,6.1,8.8,Quiet Room,Yes,4,10,Auditory,4.8,97,UCI_0004,15,14,15,14,15,15,Business,Chemical Engineer,4.801375087,0,4,1,9.53
STU01485,16,Female,Psychology,2.7,4.7,Yes,98.1,4.9,No,3.46,8,4.8,10.8,Cafe,Yes,4,8,Kinesthetic,7.7,84,UCI_0004,16,13,15,14,14,14,Psychology,Data Scientist,3.2123929781758944,0,0,1,8.65
STU01486,24,Male,Business,3.4,2.3,Yes,53.8,6.6,Yes,2.96,6,3.0,9.0,Dorm,No,3,9,Visual,5.1,64,UCI_0326,12,13,14,16,14,14,Business,Acoustics Specialist,3.6850060497784543,1,3,0,7.4
STU01487,25,Female,Engineering,1.9,3.2,No,42.4,8.3,No,3.72,1,5.6,6.6,Quiet Room,Yes,3,9,Kinesthetic,9.2,98,UCI_0004,16,13,15,15,13,14,Engineering,Actuary,2.7434057836961783,0,1,0,9.3
STU01488,27,Other,Engineering,3.6,2.2,Yes,75.3,4.0,No,3.04,2,2.4,9.9,Cafe,No,10,10,Reading,8.8,78,UCI_0017,12,13,13,13,13,13,Engineering,Physicist,4.733315612739178,0,0,0,7.6
STU01489,16,Male,Biology,1.3,2.3,No,44.8,9.6,Yes,4.0,8,4.7,5.4,Library,Yes,4,5,Kinesthetic,4.8,91,UCI_0004,16,15,14,15,13,14,Biology,Landscape Architect,4.2888743534185725,2,1,1,10.0
STU01490,22,Female,Psychology,4.4,4.4,Yes,68.1,6.1,Yes,3.84,8,1.7,10.8,Library,Yes,1,5,Auditory,9.4,92,UCI_0004,15,14,16,15,13,14,Psychology,Financial Controller,2.9333531776230317,1,4,1,9.6
STU01491,18,Other,Psychology,3.1,1.9,No,51.7,6.7,No,4.0,8,1.3,6.5,Cafe,Yes,5,10,Kinesthetic,2.4,91,UCI_0004,16,15,16,14,13,14,Psychology,Legal Consultant,2.619765972903007,2,0,1,10.0
STU01492,20,Other,Computer Science,7.705395045838579,4.0,Yes,59.6,8.7,Yes,4.0,5,3.7,13.6,Cafe,Yes,2,10,Kinesthetic,9.9,100,UCI_0004,16,15,16,15,14,13,Computer Science,Entrepreneur,3.931848663530898,2,0,0,10.0
STU01493,18,Female,Arts,2.9,1.5,No,65.5,7.4,No,3.03,4,5.2,9.5,Cafe,No,4,10,Kinesthetic,6.7,73,UCI_0231,12,11,12,16,14,17,Arts,Fluid Mechanics Engineer,4.791761944138198,0,2,0,7.57
STU01494,16,Other,Psychology,2.7,4.7,No,63.6,7.1,Yes,3.22,4,4.0,11.5,Co-Learning Group,No,7,10,Kinesthetic,6.8,76,UCI_0004,15,15,15,14,13,15,Psychology,Credit Analyst,4.821381206171344,1,0,1,8.05
STU01495,23,Other,Psychology,2.3,4.0,No,75.6,6.4,No,2.95,6,1.3,9.6,Cafe,Yes,5,10,Kinesthetic,6.0,71,UCI_0004,16,13,14,15,13,14,Psychology,Digital Marketing Specialist,2.657866114718101,0,0,0,7.38
STU01496,25,Other,Psychology,4.7,2.1,Yes,52.7,4.0,Yes,2.93,8,1.0,8.5,Cafe,No,10,10,Kinesthetic,1.8,74,UCI_0209,12,13,14,13,15,16,Psychology,Inorganic Chemist,3.1107039902242555,1,2,0,7.33
STU01497,21,Female,Psychology,4.1,0.3,Yes,55.6,7.6,No,3.39,4,4.5,7.0,Co-Learning Group,No,2,7,Reading,2.9,81,UCI_0004,16,13,16,14,13,14,Psychology,Conductor,4.703143330513692,1,2,1,8.47
STU01498,22,Female,Psychology,3.6,0.9,No,68.0,6.8,Yes,3.46,1,3.9,6.3,Co-Learning Group,No,9,9,Reading,4.1,83,UCI_0004,16,13,14,15,15,13,Psychology,Conductor,3.643350486335096,2,3,0,8.65
STU01499,19,Other,Arts,5.0,0.4,No,91.6,7.6,Yes,4.0,4,5.5,7.1,Co-Learning Group,Yes,6,10,Reading,9.9,100,UCI_0326,13,15,15,14,15,16,Arts,Biomedical Engineer,3.6341895505674207,1,4,0,10.0
STU01500,18,Other,Biology,1.8,0.9,No,45.6,7.4,Yes,3.74,6,7.6,5.3,Quiet Room,No,9,9,Kinesthetic,7.2,91,UCI_0326,13,14,13,14,14,14,Biology,Art Director,3.071055314391855,1,2,1,9.35
STU01501,19,Male,Biology,2.2,0.8,No,48.0,5.6,Yes,3.62,4,5.3,6.1,Library,Yes,7,10,Reading,2.2,92,UCI_0326,11,13,15,15,15,16,Biology,Biotechnologist,3.928075868230458,1,1,1,9.05
STU01502,18,Female,Computer Science,5.590778872225925,1.6,No,75.2,8.1,Yes,4.0,6,4.0,11.3,Co-Learning Group,Yes,7,10,Reading,8.5,100,UCI_0326,12,14,13,15,14,15,Computer Science,Counselor,3.1479659528764263,2,1,1,10.0
STU01503,25,Other,Biology,5.7,4.2,Yes,41.6,5.8,Yes,3.79,2,1.0,15.2,Co-Learning Group,No,10,10,Visual,1.2,90,UCI_0326,13,14,13,16,16,15,Biology,Physicist,3.6840560487064025,1,4,1,9.47
STU01504,24,Female,Arts,3.7,3.6,No,66.5,5.7,Yes,2.89,5,8.1,8.9,Library,Yes,1,9,Visual,5.6,67,UCI_0163,17,15,15,12,10,11,Arts,AI Researcher,3.462712988666123,2,1,1,7.23
STU01505,28,Female,Arts,5.1,4.8,Yes,54.2,9.3,Yes,3.05,6,5.7,12.3,Dorm,Yes,1,8,Kinesthetic,7.3,76,UCI_0052,10,14,12,16,15,15,Arts,Physician Assistant,3.5845536172064723,2,4,0,7.62
STU01506,17,Female,Arts,2.5,2.0,No,74.0,7.5,No,4.0,7,2.4,10.0,Dorm,No,1,10,Reading,7.7,100,UCI_0326,11,13,14,15,14,15,Arts,Legal Analyst,2.559677044363313,2,0,0,10.0
STU01507,28,Male,Engineering,3.0,3.2,No,71.5,8.0,No,4.0,1,7.1,8.0,Dorm,Yes,2,6,Reading,9.4,100,UCI_0326,13,15,13,15,14,15,Engineering,AI Researcher,4.070084546774336,1,1,1,10.0
STU01508,16,Other,Engineering,6.2,2.0,No,94.1,5.7,Yes,3.99,6,8.9,12.1,Dorm,No,10,10,Reading,2.3,95,UCI_0326,13,15,13,14,16,16,Engineering,Counselor,3.635537461439725,2,2,1,9.98
STU01509,27,Male,Computer Science,3.229279888,3.9,Yes,90.8,6.0,No,3.59,2,4.0,8.7,Quiet Room,No,9,10,Auditory,1.3,97,UCI_0326,11,13,14,15,15,16,Computer Science,Brand Manager,4.306337179954657,1,1,1,8.97
STU01510,17,Male,Psychology,3.6,2.8,No,54.8,7.0,Yes,4.0,1,3.1,9.3,Co-Learning Group,Yes,9,6,Kinesthetic,3.9,100,UCI_0326,13,15,13,16,16,15,Psychology,Entrepreneur,4.644960395735918,2,0,1,10.0
STU01511,23,Female,Computer Science,1.6934743179661718,2.4,Yes,72.1,6.8,No,3.4,2,4.1,8.5,Co-Learning Group,Yes,2,7,Kinesthetic,8.9,91,UCI_0326,12,15,15,15,14,15,Computer Science,Entrepreneur,3.144193262533496,1,3,0,8.5
STU01512,22,Female,Psychology,5.7,2.7,Yes,47.0,8.3,Yes,3.02,8,3.2,13.1,Dorm,Yes,8,8,Auditory,9.2,71,UCI_0238,13,14,12,17,16,15,Psychology,Musician,4.609197570790943,1,0,0,7.55
STU01513,21,Female,Arts,4.8,0.2,Yes,62.6,6.0,Yes,2.56,1,5.0,9.4,Dorm,No,4,10,Visual,7.2,63,UCI_0011,10,8,9,14,14,14,Arts,Game Developer,4.237183481501219,0,0,1,6.4
STU01514,22,Other,Business,2.9,0.6,No,67.8,4.9,Yes,2.37,7,4.8,7.5,Cafe,Yes,2,10,Kinesthetic,7.6,61,UCI_0101,7,9,8,12,13,13,Business,Paralegal,2.521193322,2,3,0,5.93
STU01515,21,Female,Biology,1.2,1.5,Yes,50.5,8.6,Yes,3.47,4,4.0,4.2,Dorm,Yes,3,7,Reading,4.3,84,UCI_0124,17,15,16,13,15,15,Biology,Geneticist,2.532016013,1,3,0,8.68
STU01516,19,Female,Psychology,6.9,0.5,No,59.6,7.2,No,3.1,7,8.6,10.8,Co-Learning Group,Yes,5,10,Visual,7.1,71,UCI_0330,16,16,14,10,14,14,Psychology,Counselor,4.744307929087043,0,2,0,7.75
STU01517,24,Female,Psychology,5.3,1.9,Yes,88.3,6.7,Yes,4.0,4,4.1,11.4,Co-Learning Group,Yes,4,10,Kinesthetic,4.0,94,UCI_0124,15,16,16,13,13,13,Psychology,Special Education Teacher,4.523446495968162,2,2,1,10.0
STU01518,17,Male,Engineering,3.8,2.5,No,41.1,6.1,Yes,3.16,1,1.0,9.9,Cafe,No,7,10,Visual,7.8,81,UCI_0298,13,14,14,14,16,16,Engineering,Entrepreneur,4.354508115901249,1,2,0,7.9
STU01519,18,Female,Business,5.6,3.2,Yes,62.8,8.8,Yes,3.51,4,6.2,13.2,Dorm,Yes,5,6,Visual,5.7,94,UCI_0124,15,14,14,15,14,13,Business,Biochemist,4.155559840210962,0,2,1,8.77
STU01520,20,Male,Engineering,4.3,4.4,No,73.6,6.9,Yes,3.51,5,3.1,13.7,Cafe,No,10,8,Auditory,3.6,88,UCI_0124,15,15,16,14,15,15,Engineering,Artist,2.8493277973383875,1,3,1,8.77
STU01521,26,Male,Biology,2.2,0.8,Yes,85.1,4.9,Yes,3.27,7,6.1,8.7,Library,No,5,6,Visual,7.6,85,UCI_0124,17,15,16,15,14,14,Biology,Software Developer,3.2234632655362554,0,2,1,8.18
STU01522,23,Other,Psychology,6.6,0.2,Yes,55.0,9.5,Yes,3.35,4,5.6,11.9,Dorm,No,6,5,Auditory,7.1,85,UCI_0124,17,15,14,15,13,15,Psychology,Surgeon,3.495779776989853,1,2,0,8.38
STU01523,27,Other,Engineering,7.3,1.3,No,65.9,7.8,No,3.64,7,5.9,9.8,Quiet Room,Yes,4,9,Kinesthetic,6.2,93,UCI_0124,16,15,14,14,15,13,Engineering,Nuclear Physicist,3.723386812561656,0,0,1,9.1
STU01524,20,Male,Arts,5.7,2.5,No,91.3,9.2,No,3.59,8,7.3,12.9,Library,Yes,5,8,Kinesthetic,5.0,90,UCI_0124,17,16,16,14,13,15,Arts,Accountant,3.651336220847661,2,1,1,8.97
STU01525,26,Female,Engineering,0.0,4.8,No,86.1,5.4,No,3.52,6,4.4,9.0,Library,Yes,4,10,Kinesthetic,8.3,87,UCI_0124,16,15,16,15,13,15,Engineering,Illustrator,4.207062070197479,2,0,0,8.8
STU01526,18,Male,Arts,1.4,0.9,No,91.3,6.7,Yes,2.36,5,5.2,5.7,Dorm,No,9,10,Kinesthetic,7.6,53,UCI_0278,13,12,13,13,13,13,Arts,Education Administrator,4.647562824541962,1,2,0,5.9
STU01527,21,Female,Biology,0.6,0.7,Yes,66.0,4.9,Yes,3.95,4,8.4,5.3,Quiet Room,No,10,10,Reading,9.3,99,UCI_0124,16,14,15,14,15,14,Biology,Fluid Mechanics Engineer,3.5646846759650312,1,4,0,9.88
STU01528,16,Male,Biology,5.7,1.0,Yes,66.8,7.2,No,4.0,8,6.2,7.4,Dorm,No,1,10,Auditory,9.4,100,UCI_0124,16,14,16,14,13,13,Biology,Risk Analyst,4.1731199352386605,2,2,1,10.0
STU01529,27,Female,Psychology,3.1,3.1,Yes,42.3,8.5,No,4.0,7,4.2,11.4,Quiet Room,No,1,8,Auditory,8.1,99,UCI_0124,17,14,15,14,13,13,Psychology,Biomedical Engineer,4.932900944757449,1,4,1,10.0
STU01530,19,Male,Computer Science,4.504009091,2.5,No,42.0,7.0,Yes,4.0,4,5.0,10.7,Dorm,Yes,2,5,Reading,4.0,97,UCI_0330,17,15,14,10,13,15,Computer Science,Manager,4.378628239286336,0,0,1,10.0
STU01531,16,Other,Engineering,3.1,3.7,Yes,84.5,6.8,Yes,3.72,7,3.4,9.1,Quiet Room,Yes,6,10,Auditory,3.2,97,UCI_0330,17,14,16,12,12,13,Engineering,Counselor,3.635537461439725,2,2,1,9.3
STU01532,16,Male,Arts,1.0,1.8,Yes,97.4,4.6,No,3.25,7,2.2,7.0,Co-Learning Group,Yes,9,10,Auditory,6.0,81,UCI_0330,17,15,16,10,12,13,Arts,Pharmacist,4.379578535267432,2,3,1,8.12
STU01533,20,Female,Computer Science,6.886133231,1.6,Yes,47.7,6.2,Yes,4.0,6,3.8,11.8,Cafe,No,1,5,Kinesthetic,5.8,100,UCI_0330,15,15,14,12,13,15,Computer Science,AI Researcher,4.270517054467531,2,0,1,10.0
STU01534,20,Male,Business,2.5,4.9,No,69.6,7.2,Yes,4.0,5,2.2,8.6,Library,No,7,6,Kinesthetic,6.3,100,UCI_0330,16,14,15,10,14,15,Business,Financial Analyst,3.789056339266309,0,1,0,10.0
STU01535,24,Other,Psychology,5.5,0.4,No,82.2,7.9,Yes,4.0,1,4.3,9.9,Library,Yes,5,6,Kinesthetic,3.0,98,UCI_0330,15,15,15,10,12,15,Psychology,Financial Controller,4.623242799605808,2,0,0,10.0
STU01536,19,Female,Arts,4.6,0.1,No,48.0,7.1,Yes,3.71,7,1.7,9.2,Co-Learning Group,Yes,7,10,Kinesthetic,9.8,92,UCI_0330,15,15,14,11,12,14,Arts,Construction Manager,4.757077636195975,0,2,0,9.28
STU01537,24,Other,Arts,5.6,1.8,No,72.5,6.5,No,4.0,7,5.3,9.8,Cafe,Yes,4,7,Visual,5.5,100,UCI_0330,16,15,15,10,13,15,Arts,Legal Analyst,3.4231655862225674,0,3,0,10.0
STU01538,23,Other,Biology,2.8,3.5,No,74.8,5.7,Yes,4.0,1,2.4,7.9,Dorm,Yes,6,7,Kinesthetic,2.1,100,UCI_0330,16,14,16,12,14,15,Biology,Zoologist,3.2881338668885918,1,0,0,10.0
STU01539,25,Male,Computer Science,5.626877286212651,3.6,No,92.8,9.4,Yes,2.99,4,6.3,10.9,Dorm,Yes,6,9,Reading,9.4,78,UCI_0238,15,13,12,16,15,17,Computer Science,Physician Assistant,3.981998818113134,2,1,1,7.48
STU01540,21,Male,Business,4.6,3.6,No,86.2,5.5,Yes,3.34,2,4.7,12.0,Dorm,Yes,1,10,Kinesthetic,7.2,89,UCI_0330,16,16,15,11,14,14,Business,Graphic Designer,4.871818546657677,0,1,1,8.35
STU01541,23,Female,Computer Science,6.177641724171218,0.9,No,90.9,6.9,No,3.02,2,4.2,11.0,Library,No,3,10,Auditory,1.3,72,UCI_0038,15,17,16,12,13,13,Computer Science,Geneticist,2.5006980183596994,2,4,0,7.55
STU01542,27,Other,Engineering,1.3,2.8,Yes,82.8,7.5,No,4.0,3,5.0,6.2,Quiet Room,No,9,10,Visual,6.7,97,UCI_0330,16,14,16,12,12,13,Engineering,Lawyer,3.057854262880226,2,4,0,10.0
STU01543,19,Other,Computer Science,5.651235568381441,2.4,No,57.1,7.7,No,3.36,8,5.5,13.3,Dorm,No,2,10,Reading,6.8,84,UCI_0330,16,14,16,12,14,14,Computer Science,Teacher,3.5246458001780496,2,3,1,8.4
STU01544,21,Female,Engineering,1.9,4.0,Yes,46.8,8.9,No,2.95,4,4.7,9.9,Quiet Room,No,9,10,Reading,6.1,74,UCI_0021,12,13,14,13,13,13,Engineering,Pharmacist,4.292240590844771,2,4,1,7.38
STU01545,26,Other,Business,4.9,3.9,No,46.1,8.2,Yes,2.89,7,4.1,10.9,Cafe,No,5,10,Kinesthetic,9.6,75,UCI_0104,10,12,14,12,12,11,Business,Cybersecurity Analyst,3.3699398938370857,1,2,0,7.23
STU01546,20,Male,Computer Science,4.670207067342283,1.2,No,40.7,7.9,No,2.73,6,7.3,9.9,Cafe,No,7,10,Reading,3.7,69,UCI_0249,12,12,13,9,12,13,Computer Science,Market Research Analyst,3.6091768019156296,0,2,1,6.83
STU01547,17,Female,Business,3.8,4.5,No,92.4,8.4,No,3.45,4,6.4,10.8,Library,No,9,7,Kinesthetic,9.1,88,UCI_0330,16,14,15,11,12,14,Business,Psychologist,2.908937124666094,1,4,0,8.62
STU01548,25,Male,Arts,5.8,3.3,No,88.5,5.7,Yes,2.83,1,8.1,10.5,Quiet Room,No,4,10,Reading,6.7,74,UCI_0351,11,11,10,14,15,14,Arts,Mechanical Engineer,3.775635204426979,1,4,1,7.08
STU01549,19,Male,Business,4.4,1.5,No,41.3,9.4,Yes,4.0,2,5.9,6.8,Co-Learning Group,Yes,8,9,Reading,8.1,96,UCI_0330,17,16,16,12,12,14,Business,Interior Designer,2.940313353513332,2,3,0,10.0
STU01550,23,Male,Engineering,3.7,1.7,No,76.1,4.9,Yes,3.44,4,3.7,8.9,Cafe,Yes,1,7,Auditory,1.6,78,UCI_0330,17,15,14,11,14,15,Engineering,Chemist,2.904276111470244,1,3,0,8.6
STU01551,23,Female,Psychology,0.0,1.0,Yes,42.8,9.4,No,3.65,3,1.8,6.1,Cafe,No,8,10,Reading,1.8,90,UCI_0238,14,12,12,15,16,15,Psychology,Construction Manager,3.525728178286325,2,4,0,9.12
STU01552,16,Male,Psychology,5.0,1.1,Yes,78.7,7.5,No,4.0,4,7.6,9.4,Co-Learning Group,No,4,10,Auditory,9.1,99,UCI_0238,14,12,12,15,15,17,Psychology,Physician Assistant,4.910993088926731,0,1,0,10.0
STU01553,21,Other,Computer Science,4.904155471301692,4.0,No,44.9,8.2,No,3.21,5,4.6,11.1,Cafe,No,3,10,Reading,1.8,87,UCI_0238,15,14,13,15,17,16,Computer Science,Interior Designer,2.765195878963102,1,0,0,8.03
STU01554,22,Female,Psychology,7.6,2.2,Yes,83.8,7.0,No,4.0,7,7.4,14.7,Dorm,No,4,10,Kinesthetic,3.3,100,UCI_0238,15,13,13,16,15,16,Psychology,School Counselor,3.4069788999367927,0,0,1,10.0
STU01555,23,Other,Computer Science,2.3107953583984653,0.9,No,90.3,6.4,No,4.0,5,5.0,7.6,Co-Learning Group,Yes,1,10,Visual,1.9,99,UCI_0238,15,12,12,17,16,17,Computer Science,Brand Manager,4.306337179954657,1,1,1,10.0
STU01556,20,Male,Biology,4.8,0.5,Yes,69.9,6.3,No,3.84,3,4.4,9.7,Library,Yes,2,9,Kinesthetic,3.0,100,UCI_0052,11,13,14,16,13,16,Biology,Zoologist,2.7445575143141627,1,0,0,9.6
STU01557,22,Other,Arts,4.8,4.1,No,62.3,6.4,No,4.0,7,2.9,12.0,Library,Yes,8,10,Kinesthetic,3.9,100,UCI_0052,10,13,14,15,15,16,Arts,Artist,4.934906082991546,0,1,0,10.0
STU01558,28,Other,Business,4.4,1.9,Yes,62.9,8.4,No,4.0,7,9.4,9.0,Quiet Room,Yes,1,10,Auditory,1.2,98,UCI_0052,10,12,14,17,15,16,Business,Cybersecurity Analyst,4.488318764775559,1,4,1,10.0
STU01559,16,Male,Computer Science,1.4713190760819912,1.0,No,64.4,7.7,Yes,4.0,3,3.3,3.5,Library,No,4,6,Visual,6.6,94,UCI_0052,11,13,13,15,13,17,Computer Science,Game Developer,2.935429510861595,2,2,0,10.0
STU01560,20,Male,Engineering,2.7,2.5,No,58.0,7.5,No,2.62,4,7.2,9.4,Library,No,2,10,Auditory,2.3,67,UCI_0232,12,14,13,14,11,12,Engineering,Human Resources Specialist,4.083537767771675,0,3,0,6.55
STU01561,21,Female,Computer Science,3.927818488734789,3.4,No,96.6,5.3,No,3.28,7,3.9,9.0,Quiet Room,No,1,10,Visual,2.0,85,UCI_0052,11,14,14,17,13,15,Computer Science,Counselor,3.8138184505596606,2,4,0,8.2
STU01562,20,Male,Biology,3.7,1.3,Yes,73.9,5.9,No,2.99,7,4.1,7.9,Co-Learning Group,No,4,10,Kinesthetic,3.2,72,UCI_0358,14,12,12,15,15,15,Biology,Financial Analyst,4.558778672384491,0,3,0,7.48
STU01563,28,Female,Psychology,5.4,3.0,No,79.9,6.1,Yes,3.28,5,3.0,11.5,Quiet Room,Yes,3,10,Kinesthetic,1.8,77,UCI_0052,12,13,12,16,14,16,Psychology,Risk Analyst,2.8992311692708217,2,0,1,8.2
STU01564,26,Male,Business,3.7,0.1,Yes,58.2,7.0,Yes,4.0,8,1.9,8.4,Library,Yes,7,8,Kinesthetic,7.0,98,UCI_0052,12,12,13,17,14,17,Business,Nuclear Physicist,3.171216865316151,2,0,0,10.0
STU01565,22,Female,Computer Science,7.106453005527683,1.8,No,74.8,5.9,No,4.0,3,8.5,13.1,Quiet Room,No,1,6,Kinesthetic,6.9,99,UCI_0052,11,13,14,16,15,17,Computer Science,School Psychologist,2.992443143,1,3,1,10.0
STU01566,21,Female,Business,5.1,5.0,Yes,90.6,7.7,Yes,3.92,4,2.2,14.4,Co-Learning Group,Yes,2,5,Visual,9.1,92,UCI_0052,12,12,13,17,14,15,Business,Data Scientist,4.254835181997791,2,4,0,9.8
STU01567,26,Other,Engineering,2.3,0.2,Yes,50.7,7.8,Yes,2.75,6,5.9,5.7,Co-Learning Group,Yes,4,10,Auditory,6.6,74,UCI_0351,13,11,10,16,13,16,Engineering,Dentist,4.270663695653249,2,3,1,6.88
STU01568,25,Female,Engineering,2.0,3.9,No,86.9,7.3,No,3.63,5,5.8,7.0,Quiet Room,Yes,5,8,Auditory,6.9,97,UCI_0052,11,14,13,17,15,15,Engineering,Acoustics Specialist,2.519861098579108,2,3,1,9.07
STU01569,22,Male,Biology,2.4,5.0,Yes,54.3,7.1,Yes,4.0,3,6.4,12.1,Cafe,No,5,8,Kinesthetic,7.3,100,UCI_0052,12,14,12,15,13,15,Biology,Financial Analyst,4.278232715935988,1,1,1,10.0
STU01570,25,Male,Computer Science,2.448456030496236,4.5,No,66.6,8.7,Yes,3.25,8,4.7,8.5,Quiet Room,Yes,2,10,Auditory,8.3,89,UCI_0052,11,14,13,15,14,15,Computer Science,Urban Planner,4.024161607857881,1,1,0,8.12
STU01571,23,Other,Arts,3.7,1.1,Yes,64.5,5.9,No,4.0,2,8.6,9.5,Library,No,3,7,Auditory,9.0,100,UCI_0142,17,15,16,13,13,15,Arts,Chemist,4.342861639465627,2,0,0,10.0
STU01572,25,Other,Biology,3.9,3.3,Yes,47.6,7.3,Yes,4.0,3,2.7,10.0,Co-Learning Group,Yes,5,10,Auditory,5.4,100,UCI_0142,16,17,15,14,14,13,Biology,Civil Engineer,2.6000718875557007,1,1,1,10.0
STU01573,20,Other,Engineering,2.9,0.6,No,42.3,5.4,Yes,4.0,1,5.2,6.2,Cafe,No,5,7,Kinesthetic,2.9,100,UCI_0142,15,16,15,14,14,15,Engineering,Industrial-Organizational Psychologist,4.802828160036775,1,1,0,10.0
STU01574,22,Other,Business,8.1,0.4,Yes,56.3,4.0,Yes,3.69,8,1.0,13.2,Cafe,Yes,5,10,Visual,2.5,90,UCI_0142,15,16,16,12,13,15,Business,Game Developer,3.651754391547587,1,4,0,9.22
STU01575,23,Female,Engineering,4.5,0.9,Yes,82.5,9.0,Yes,4.0,6,7.0,8.3,Co-Learning Group,Yes,5,10,Kinesthetic,9.4,100,UCI_0142,16,17,15,14,15,15,Engineering,Risk Analyst,4.010819457923408,2,2,1,10.0
STU01576,22,Other,Computer Science,5.222886132518189,1.2,Yes,41.1,7.6,Yes,4.0,5,5.7,10.4,Co-Learning Group,Yes,2,9,Auditory,1.1,100,UCI_0142,15,16,14,12,13,14,Computer Science,Inorganic Chemist,2.8366412041302924,1,4,1,10.0
STU01577,24,Female,Psychology,3.9,0.5,No,92.1,6.7,No,3.55,5,3.4,7.6,Cafe,Yes,3,8,Auditory,9.0,91,UCI_0142,16,17,14,13,15,15,Psychology,Artist,2.546127645843318,1,3,1,8.88
STU01578,28,Male,Arts,2.8,0.7,Yes,95.0,5.8,No,3.1,5,6.5,5.2,Dorm,Yes,7,10,Kinesthetic,1.6,75,UCI_0293,16,13,14,14,16,16,Arts,School Psychologist,3.4383920716037144,2,4,0,7.75
STU01579,23,Other,Engineering,2.8,4.9,No,56.7,4.0,No,3.6,4,6.4,10.2,Cafe,No,7,10,Reading,2.9,97,UCI_0142,17,17,15,14,13,14,Engineering,Construction Manager,4.572850872078353,0,4,1,9.0
STU01580,22,Female,Arts,4.3,1.7,Yes,84.8,6.8,Yes,3.72,1,7.9,7.1,Library,No,4,8,Kinesthetic,3.3,100,UCI_0142,15,17,16,14,15,13,Arts,Nurse,4.172398392396939,1,1,1,9.3
STU01581,28,Male,Arts,5.6,4.2,No,65.7,5.6,No,4.0,1,6.3,13.8,Quiet Room,No,3,10,Reading,9.6,100,UCI_0142,17,16,16,14,14,13,Arts,Software Developer,2.704534255,1,0,0,10.0
STU01582,18,Male,Biology,6.3,1.3,Yes,59.2,9.0,No,3.83,1,7.1,9.4,Dorm,No,5,8,Kinesthetic,4.4,89,UCI_0293,15,14,15,14,15,15,Biology,Analytical Chemist,3.994125887407132,0,0,0,9.57
STU01583,16,Other,Biology,3.3,4.0,Yes,42.4,5.9,No,3.79,6,4.8,9.9,Dorm,Yes,6,10,Reading,1.2,88,UCI_0293,14,13,13,14,15,16,Biology,Music Teacher,4.726303476014429,2,4,1,9.47
STU01584,22,Female,Business,4.2,4.0,No,42.6,6.6,No,4.0,5,4.9,12.6,Dorm,No,5,7,Reading,9.1,100,UCI_0293,16,13,13,14,16,14,Business,Biomedical Engineer,4.768461957486705,2,3,1,10.0
STU01585,23,Other,Engineering,3.8,3.4,Yes,67.8,7.8,No,3.68,3,3.2,11.3,Dorm,No,7,10,Visual,3.1,94,UCI_0293,14,13,14,15,16,15,Engineering,Credit Analyst,3.530985913899686,2,0,1,9.2
STU01586,24,Other,Biology,3.0,2.4,No,83.7,8.5,Yes,4.0,3,7.5,8.6,Library,Yes,6,7,Visual,7.9,91,UCI_0293,14,14,14,13,16,16,Biology,Graphic Designer,4.161023124539666,1,1,1,10.0
STU01587,28,Female,Psychology,2.9,0.5,Yes,71.5,7.6,No,3.57,8,3.4,9.0,Dorm,Yes,4,7,Kinesthetic,4.0,88,UCI_0293,14,13,13,15,15,14,Psychology,Biomedical Engineer,2.942403882276409,2,1,0,8.92
STU01588,22,Male,Computer Science,3.757365627212386,1.8,No,59.5,5.4,Yes,3.76,6,5.3,10.8,Library,No,8,5,Kinesthetic,4.0,99,UCI_0293,14,13,14,15,14,14,Computer Science,Doctor,4.949026458295352,2,0,1,9.4
STU01589,27,Male,Biology,4.3,3.1,No,61.3,5.7,Yes,3.14,8,1.0,10.5,Cafe,No,2,5,Kinesthetic,3.2,78,UCI_0021,14,14,14,11,14,15,Biology,Psychologist,4.873943518818958,0,1,1,7.85
STU01590,16,Female,Computer Science,3.8505601324185057,3.0,No,47.3,7.4,Yes,3.42,5,7.0,7.9,Cafe,No,6,5,Visual,5.5,89,UCI_0293,16,14,15,14,14,15,Computer Science,Accountant,3.718406369588586,2,2,1,8.55
STU01591,23,Other,Arts,7.0,4.2,Yes,46.8,5.3,No,4.0,8,5.6,15.4,Co-Learning Group,No,5,9,Auditory,1.1,100,UCI_0358,14,13,14,16,15,15,Arts,AI Researcher,2.764480895410683,0,4,1,10.0
STU01592,18,Female,Engineering,6.5,3.9,Yes,59.4,7.2,No,4.0,5,3.3,12.3,Library,Yes,5,10,Reading,6.5,100,UCI_0358,12,14,14,14,15,16,Engineering,Doctor,3.2915478947340984,0,3,1,10.0
STU01593,26,Other,Computer Science,3.8165077349330896,2.2,No,77.7,7.4,Yes,4.0,8,7.8,7.5,Library,No,1,7,Kinesthetic,5.1,95,UCI_0358,13,14,14,14,15,16,Computer Science,Teacher,3.057460725418918,0,2,1,10.0
STU01594,16,Female,Psychology,2.2,1.6,Yes,57.2,7.5,Yes,2.68,6,7.8,9.4,Cafe,No,6,10,Kinesthetic,1.3,66,UCI_0292,14,12,12,12,12,15,Psychology,Marketing Manager,2.977883706472654,1,4,1,6.7
STU01595,24,Other,Biology,4.1,2.3,Yes,91.7,7.2,Yes,3.48,7,3.7,11.4,Quiet Room,Yes,8,10,Reading,3.7,81,UCI_0358,14,12,14,15,16,17,Biology,Music Therapist,3.029942025200154,1,0,1,8.7
STU01596,18,Male,Computer Science,5.069862115,0.2,Yes,52.7,6.3,Yes,2.66,1,6.6,8.3,Cafe,No,7,9,Kinesthetic,2.1,73,UCI_0295,11,10,12,16,15,17,Computer Science,Animator,3.0080064972241547,1,1,1,6.65
STU01597,27,Other,Biology,3.2,4.7,No,53.5,8.7,Yes,4.0,6,2.3,12.4,Quiet Room,No,1,5,Reading,5.5,100,UCI_0358,13,13,12,16,17,16,Biology,Accountant,3.3390162977244087,2,4,0,10.0
STU01598,23,Other,Biology,4.1,3.2,Yes,50.0,4.6,Yes,2.86,8,9.0,10.0,Dorm,No,5,10,Visual,4.9,76,UCI_0121,14,15,14,15,15,16,Biology,Investment Banker,3.6784354452175823,1,3,1,7.15
STU01599,27,Male,Arts,6.7,0.0,Yes,60.6,8.4,No,2.56,5,7.7,11.5,Cafe,No,3,10,Visual,9.2,61,UCI_0012,10,12,12,10,12,13,Arts,Social Media Manager,3.2686975230111712,1,0,1,6.4
STU01600,21,Male,Biology,3.0,3.0,Yes,71.7,7.9,No,3.43,4,8.3,9.8,Cafe,Yes,1,10,Visual,6.4,77,UCI_0358,14,12,13,15,17,15,Biology,Digital Marketing Specialist,2.5750569415538203,2,3,0,8.58
STU01601,20,Other,Arts,4.6,0.8,No,88.7,4.4,No,2.77,6,5.2,10.5,Co-Learning Group,Yes,4,10,Auditory,7.2,67,UCI_0049,14,16,15,10,13,13,Arts,Sound Engineer,3.020492458,2,2,0,6.92
STU01602,24,Female,Business,1.0,2.1,Yes,100.0,8.5,Yes,3.93,4,7.4,7.2,Library,Yes,6,10,Auditory,4.7,93,UCI_0358,14,14,12,14,16,15,Business,Ecologist,4.838530999404956,0,3,1,9.83
STU01603,27,Female,Arts,2.3,0.5,No,56.8,4.6,No,3.81,5,5.4,4.5,Cafe,No,1,6,Auditory,3.8,93,UCI_0358,12,14,14,15,15,15,Arts,Lawyer,3.654419555182784,1,2,0,9.53
STU01604,27,Female,Business,4.3,1.9,No,63.6,7.0,Yes,4.0,2,4.7,8.7,Co-Learning Group,Yes,9,9,Reading,8.6,100,UCI_0358,14,12,12,15,16,16,Business,Data Scientist,2.836072203,0,4,0,10.0
STU01605,26,Male,Arts,3.9,4.1,No,90.1,10.4,Yes,3.95,3,5.8,10.0,Dorm,No,3,6,Kinesthetic,2.5,100,UCI_0358,13,14,13,16,16,16,Arts,Lawyer,3.604090612,2,4,1,9.88
STU01606,24,Male,Computer Science,5.725597066010301,3.9,No,60.3,5.4,Yes,4.0,4,5.0,12.5,Library,No,9,6,Kinesthetic,2.5,98,UCI_0358,13,14,14,14,17,17,Computer Science,Acoustics Specialist,4.328098288603821,0,0,1,10.0
STU01607,19,Other,Psychology,5.4,3.8,No,49.4,4.8,No,4.0,1,4.4,12.6,Cafe,No,3,5,Auditory,5.5,98,UCI_0358,14,12,14,14,15,17,Psychology,Principal,3.223461341041056,2,4,1,10.0
STU01608,21,Other,Business,3.6,3.8,Yes,88.2,5.8,Yes,3.04,3,4.5,10.0,Co-Learning Group,No,9,8,Visual,7.6,74,UCI_0074,13,12,13,12,14,15,Business,Zoologist,4.5457592519455225,2,2,1,7.6
STU01609,26,Female,Arts,0.0,4.9,Yes,70.9,5.2,No,3.79,8,7.0,8.0,Dorm,Yes,5,10,Auditory,9.5,92,UCI_0358,13,14,12,15,15,16,Arts,Investment Banker,4.413739766035818,2,0,0,9.47
STU01610,19,Other,Biology,3.2,2.4,No,41.2,6.3,No,3.58,7,7.1,8.4,Library,No,1,10,Kinesthetic,7.7,90,UCI_0358,12,13,13,15,16,16,Biology,Physicist,4.777384960362773,2,2,0,8.95
STU01611,17,Male,Business,7.2,2.8,No,99.6,7.7,No,4.0,3,2.9,12.9,Cafe,No,5,10,Reading,2.1,100,UCI_0358,13,12,12,15,17,17,Business,School Psychologist,2.8400000127518794,2,1,1,10.0
STU01612,28,Male,Computer Science,4.514669346609487,0.4,Yes,90.2,5.8,Yes,4.0,8,2.8,8.1,Quiet Room,No,7,6,Visual,4.2,100,UCI_0021,13,15,16,12,12,14,Computer Science,Music Therapist,4.627043028491245,2,0,0,10.0
STU01613,19,Male,Biology,5.2,1.7,Yes,67.4,6.6,No,3.83,2,5.2,11.0,Dorm,No,2,10,Kinesthetic,6.4,100,UCI_0021,13,13,16,13,12,14,Biology,Ecologist,3.572467302967164,0,2,0,9.57
STU01614,25,Other,Arts,2.4,2.6,No,43.6,5.3,No,3.56,3,6.2,7.3,Dorm,Yes,3,10,Reading,1.8,90,UCI_0021,12,13,14,12,12,13,Arts,Clinical Psychologist,4.994473073392409,2,4,1,8.9
STU01615,28,Other,Business,4.1,4.1,No,97.1,5.9,Yes,3.17,2,5.6,10.9,Cafe,Yes,3,10,Auditory,2.3,77,UCI_0089,13,13,14,14,16,15,Business,Advertising Manager,2.890194726,2,2,1,7.92
STU01616,24,Female,Psychology,5.1,4.1,No,79.9,5.3,Yes,4.0,5,6.9,13.3,Co-Learning Group,Yes,5,10,Visual,1.5,100,UCI_0021,14,13,16,12,12,15,Psychology,Aerospace Engineer,4.046469287495525,1,3,0,10.0
STU01617,17,Male,Computer Science,3.637942707,3.8,Yes,76.9,7.6,No,4.0,3,4.9,10.5,Dorm,Yes,1,9,Auditory,4.3,100,UCI_0021,12,13,16,11,13,13,Computer Science,Curriculum Developer,4.768316924,1,1,0,10.0
STU01618,28,Female,Psychology,2.4,2.7,Yes,84.4,7.5,Yes,4.0,4,2.4,6.5,Co-Learning Group,Yes,10,6,Visual,3.4,100,UCI_0021,12,13,14,12,13,13,Psychology,Biologist,3.6804694326139824,1,1,0,10.0
STU01619,21,Female,Business,1.6,0.5,No,42.2,6.6,No,4.0,5,4.0,3.3,Library,No,3,9,Visual,2.1,100,UCI_0021,13,13,15,13,14,15,Business,Geneticist,3.944808369007342,0,3,1,10.0
STU01620,18,Other,Business,3.2,2.5,Yes,92.0,6.2,No,3.65,7,1.8,9.8,Quiet Room,Yes,6,7,Reading,6.0,90,UCI_0021,12,13,16,11,14,14,Business,Marketing Manager,2.513231460210517,0,0,1,9.12
STU01621,25,Other,Psychology,4.2,2.3,No,56.4,7.9,Yes,3.97,5,1.8,10.6,Co-Learning Group,Yes,3,8,Reading,4.6,98,UCI_0021,12,15,15,13,13,13,Psychology,Astronomer,3.678725986060516,0,2,1,9.93
STU01622,16,Male,Computer Science,5.43592327528946,4.1,Yes,90.3,6.8,Yes,3.04,7,7.2,12.0,Quiet Room,Yes,5,10,Visual,3.0,74,UCI_0231,11,10,12,16,16,16,Computer Science,Architectural Technologist,4.145895555,2,4,0,7.6
STU01623,22,Female,Computer Science,4.514178347378909,1.7,No,64.5,6.3,Yes,3.86,3,5.3,8.4,Quiet Room,No,5,8,Visual,4.5,92,UCI_0021,14,13,14,13,13,14,Computer Science,Judge,4.789659074529285,2,3,0,9.65
STU01624,20,Female,Engineering,5.3,3.4,Yes,50.3,4.7,No,3.33,7,4.4,10.1,Cafe,No,2,10,Visual,8.5,85,UCI_0021,12,13,16,13,14,14,Engineering,Musician,4.265708651,2,1,0,8.32
STU01625,16,Other,Biology,4.7,0.0,No,85.0,5.0,No,4.0,4,3.4,8.2,Cafe,No,9,9,Auditory,1.4,99,UCI_0021,13,13,14,12,13,13,Biology,Chemist,4.154876237647298,2,1,0,10.0
STU01626,23,Female,Business,3.3,3.5,No,70.2,7.6,Yes,3.46,4,5.2,9.4,Library,Yes,1,9,Reading,5.7,80,UCI_0021,13,14,16,13,13,14,Business,Paralegal,4.034183405343116,0,4,1,8.65
STU01627,18,Female,Business,3.8,3.9,No,85.7,6.8,No,4.0,2,3.3,11.7,Co-Learning Group,Yes,10,10,Visual,8.3,96,UCI_0021,14,15,14,13,12,14,Business,Chemist,2.895173159217542,1,2,1,10.0
STU01628,26,Male,Engineering,3.2,1.1,No,41.1,8.8,No,4.0,1,4.6,7.5,Quiet Room,No,9,10,Kinesthetic,7.1,95,UCI_0021,12,15,14,13,12,13,Engineering,Sound Engineer,3.3492748735029902,2,2,1,10.0
STU01629,18,Female,Psychology,3.6,1.3,No,83.2,7.9,No,3.28,8,6.3,6.1,Dorm,No,4,6,Reading,6.6,84,UCI_0089,13,15,13,14,14,15,Psychology,Electrical Engineer,3.1020947704098965,1,3,0,8.2
STU01630,27,Female,Business,3.4,3.2,Yes,70.3,4.6,Yes,4.0,1,1.3,9.6,Cafe,No,6,8,Auditory,3.4,94,UCI_0089,12,15,13,16,16,16,Business,Digital Marketing Specialist,2.7868096804382274,0,1,0,10.0
STU01631,27,Female,Psychology,3.1,4.4,No,65.6,8.0,Yes,4.0,8,6.3,9.1,Quiet Room,No,6,9,Reading,6.5,92,UCI_0089,14,15,13,15,16,15,Psychology,Legal Secretary,2.564973627231946,0,3,1,10.0
STU01632,22,Other,Arts,3.4,4.6,Yes,48.9,6.0,No,4.0,3,5.6,9.8,Cafe,Yes,9,10,Visual,7.6,95,UCI_0089,14,15,15,14,15,14,Arts,Inorganic Chemist,4.763799045992082,1,2,0,10.0
STU01633,18,Female,Arts,3.8,1.4,Yes,74.9,7.3,No,3.83,7,2.9,6.8,Dorm,Yes,5,10,Kinesthetic,4.9,98,UCI_0089,12,13,14,15,16,16,Arts,Marketing Specialist,2.8642155463708017,1,4,0,9.57
STU01634,22,Female,Arts,5.4,3.8,No,83.5,6.7,No,4.0,2,7.6,12.6,Co-Learning Group,Yes,2,10,Reading,5.1,97,UCI_0089,14,13,14,16,14,15,Arts,Social Media Manager,3.2686975230111712,1,0,1,10.0
STU01635,18,Female,Biology,9.1,3.2,Yes,90.9,7.4,No,4.0,8,3.5,16.9,Quiet Room,No,8,10,Visual,3.8,98,UCI_0089,14,15,15,15,15,15,Biology,Electrical Engineer,3.891554728060952,1,1,0,10.0
STU01636,18,Female,Psychology,6.2,3.8,No,49.1,8.5,Yes,4.0,6,5.3,15.2,Dorm,Yes,3,10,Kinesthetic,3.7,100,UCI_0089,14,14,14,14,15,14,Psychology,Architectural Technologist,2.808989219474445,0,1,1,10.0
STU01637,28,Female,Biology,1.1,3.7,Yes,53.3,7.2,No,4.0,2,4.7,6.4,Library,Yes,1,10,Visual,5.0,100,UCI_0089,13,15,15,15,16,16,Biology,Brand Manager,3.6272465065766073,1,1,1,10.0
STU01638,21,Female,Computer Science,1.7702710910708883,1.2,Yes,85.8,4.1,Yes,3.68,5,4.3,4.8,Co-Learning Group,No,4,7,Visual,7.7,98,UCI_0089,13,15,14,16,15,14,Computer Science,Organic Chemist,4.557406517907529,0,3,0,9.2
STU01639,21,Male,Business,1.2,2.1,No,61.2,6.4,No,2.64,6,8.7,3.8,Dorm,No,10,8,Visual,3.0,66,UCI_0018,9,9,11,12,14,14,Business,Biologist,3.682325778859179,1,4,1,6.6
STU01640,19,Male,Business,0.5,3.4,No,45.1,6.1,No,2.73,6,4.7,8.1,Library,Yes,9,10,Visual,7.2,67,UCI_0182,11,12,12,13,15,14,Business,Financial Analyst,4.290126991146629,2,2,1,6.83
STU01641,18,Female,Psychology,3.3,0.5,Yes,58.9,4.5,Yes,3.49,7,2.8,7.7,Library,No,4,10,Visual,7.4,81,UCI_0089,12,13,14,15,16,15,Psychology,Chemical Engineer,4.541303270219468,0,3,0,8.73
STU01642,16,Female,Computer Science,7.496007782778816,4.9,No,44.7,5.8,Yes,3.25,7,6.9,15.4,Library,No,3,7,Kinesthetic,7.3,82,UCI_0298,14,12,13,15,15,15,Computer Science,Legal Analyst,4.671902536104497,0,3,0,8.12
STU01643,24,Male,Psychology,3.3,0.6,Yes,58.7,7.7,No,3.47,7,4.8,8.0,Cafe,No,2,10,Auditory,6.9,87,UCI_0298,14,12,14,14,14,15,Psychology,Industrial-Organizational Psychologist,2.688200153147674,0,2,0,8.68
STU01644,27,Male,Arts,4.3,4.0,Yes,89.3,5.6,No,3.4,3,4.2,13.8,Dorm,Yes,8,7,Visual,1.3,87,UCI_0298,14,12,14,15,14,16,Arts,Geneticist,3.0419351089125217,2,1,0,8.5
STU01645,22,Female,Biology,4.4,0.5,No,49.3,5.3,No,3.55,4,5.8,5.7,Cafe,No,10,10,Reading,4.1,84,UCI_0298,14,14,13,15,15,16,Biology,Principal,4.415277449,1,2,0,8.88
STU01646,24,Male,Psychology,3.0,0.9,No,99.6,7.0,No,4.0,5,1.8,8.7,Cafe,No,8,9,Kinesthetic,3.5,98,UCI_0298,15,12,13,13,15,16,Psychology,Special Education Teacher,4.963985951202176,1,2,0,10.0
STU01647,20,Male,Computer Science,4.952012537446019,3.3,Yes,91.9,7.2,Yes,3.73,1,8.0,13.3,Dorm,No,3,10,Visual,7.2,100,UCI_0298,14,12,13,14,16,14,Computer Science,Composer,4.907162541966864,2,4,1,9.32
STU01648,28,Other,Business,2.3,3.1,Yes,76.5,7.4,Yes,3.53,3,4.7,10.1,Cafe,No,2,7,Kinesthetic,6.8,94,UCI_0298,14,13,13,15,16,15,Business,Doctor,4.1934492523539735,2,4,0,8.82
STU01649,23,Female,Biology,4.4,1.9,Yes,89.4,8.8,Yes,3.59,5,2.5,10.3,Cafe,Yes,9,10,Visual,7.2,93,UCI_0298,15,14,15,13,14,15,Biology,Landscape Architect,3.481019540238902,0,4,1,8.97
STU01650,23,Male,Psychology,2.3,1.2,No,51.7,7.0,Yes,3.89,3,3.1,7.1,Co-Learning Group,Yes,10,6,Auditory,8.6,97,UCI_0298,13,12,14,14,14,14,Psychology,Physician Assistant,3.828403034043177,0,3,0,9.72
STU01651,26,Male,Computer Science,0.862930738,0.8,Yes,53.9,7.2,No,3.93,4,5.8,3.1,Cafe,Yes,3,7,Kinesthetic,4.8,95,UCI_0298,13,13,15,14,14,15,Computer Science,Biologist,3.1339020048592032,1,3,0,9.83
STU01652,24,Other,Arts,4.3,2.1,No,70.2,4.0,No,3.99,5,4.0,8.7,Quiet Room,No,7,10,Auditory,8.2,100,UCI_0298,13,12,13,14,15,15,Arts,Lawyer,3.2108560972487687,1,1,1,9.98
STU01653,19,Other,Psychology,4.0,2.2,No,95.9,9.1,Yes,3.66,2,1.2,10.2,Library,Yes,6,10,Auditory,8.0,85,UCI_0298,14,13,15,15,14,16,Psychology,Financial Advisor,3.561989740642229,1,1,1,9.15
STU01654,20,Other,Psychology,1.7,4.8,No,53.1,7.4,Yes,2.83,8,3.4,8.4,Library,No,3,10,Reading,8.2,71,UCI_0249,11,12,12,9,11,13,Psychology,Civil Engineer,3.867669418059786,1,4,1,7.08
STU01655,18,Female,Computer Science,5.326030284323252,1.4,No,50.2,7.3,Yes,3.6,2,4.8,7.8,Library,Yes,5,10,Auditory,3.2,90,UCI_0298,15,14,13,14,15,15,Computer Science,Acoustics Specialist,3.012701486221721,0,4,0,9.0
STU01656,25,Female,Computer Science,4.800138671003932,1.7,No,91.0,7.5,Yes,3.95,3,6.6,8.7,Library,Yes,3,10,Auditory,9.8,100,UCI_0298,14,14,14,13,16,16,Computer Science,Curriculum Developer,4.768316924,1,1,0,9.88
STU01657,22,Male,Computer Science,0.6289597154825429,1.8,Yes,52.1,8.1,No,2.8,6,9.8,4.5,Quiet Room,Yes,9,10,Visual,4.9,69,UCI_0304,12,11,11,14,16,16,Computer Science,Astronomer,2.5158239354015177,0,2,0,7.0
STU01658,25,Female,Business,3.5,2.1,No,70.5,6.9,Yes,4.0,7,5.9,7.7,Quiet Room,No,3,10,Auditory,4.3,93,UCI_0298,14,12,14,15,14,15,Business,Psychologist,2.871303433268613,0,0,1,10.0
STU01659,23,Other,Computer Science,5.113202427009959,0.2,Yes,46.7,7.1,No,4.0,4,6.2,10.5,Library,No,5,5,Reading,8.4,96,UCI_0342,13,15,15,11,12,13,Computer Science,Industrial-Organizational Psychologist,3.5551670909357425,0,3,0,10.0
STU01660,28,Male,Engineering,3.8,1.6,Yes,52.3,7.0,Yes,3.78,3,5.4,9.0,Dorm,Yes,8,7,Auditory,4.7,95,UCI_0342,13,14,15,12,11,13,Engineering,Actuary,3.2473233259300835,0,3,1,9.45
STU01661,27,Other,Arts,7.1,3.0,Yes,62.8,5.3,No,4.0,6,4.2,14.2,Quiet Room,Yes,7,5,Auditory,1.3,98,UCI_0342,14,14,15,10,12,13,Arts,Construction Manager,3.390186849297403,1,3,1,10.0
STU01662,16,Other,Business,5.7,1.0,Yes,54.0,5.2,Yes,3.1,1,2.6,10.0,Co-Learning Group,No,3,10,Kinesthetic,7.5,75,UCI_0342,12,14,15,12,11,14,Business,Financial Controller,2.8223620679194017,1,1,1,7.75
STU01663,22,Other,Engineering,6.6,0.6,No,83.2,9.7,Yes,4.0,4,5.2,10.5,Cafe,Yes,7,10,Kinesthetic,8.5,99,UCI_0342,12,15,15,11,11,14,Engineering,Urban Planner,3.530438534147387,0,2,0,10.0
STU01664,24,Female,Engineering,4.0,3.9,No,66.1,9.0,No,3.48,6,4.7,10.8,Library,No,5,8,Reading,9.0,93,UCI_0342,12,16,15,11,11,13,Engineering,Zoologist,3.458329830429524,1,2,1,8.7
STU01665,17,Female,Arts,3.9,1.4,No,74.6,4.0,No,4.0,4,2.3,11.3,Dorm,Yes,6,10,Auditory,2.4,100,UCI_0342,14,16,16,10,12,13,Arts,Doctor,4.181861331854694,2,0,1,10.0
STU01666,17,Other,Business,5.7,4.5,Yes,41.7,5.3,No,4.0,7,6.1,12.9,Library,Yes,7,6,Visual,4.2,98,UCI_0342,14,16,16,10,11,14,Business,Social Media Manager,4.518703483902227,1,2,0,10.0
STU01667,28,Female,Psychology,2.3,1.1,Yes,58.9,7.9,Yes,3.78,8,7.2,6.6,Cafe,Yes,4,5,Kinesthetic,6.3,89,UCI_0342,14,15,14,10,13,13,Psychology,Human Resources Specialist,2.797925090241715,2,3,1,9.45
STU01668,22,Female,Business,2.8,3.3,Yes,45.2,7.7,Yes,4.0,5,4.4,10.7,Cafe,No,10,7,Reading,8.7,94,UCI_0342,13,16,14,12,11,14,Business,Judge,2.645028261023705,2,3,0,10.0
STU01669,21,Other,Arts,2.3,4.5,No,73.6,8.0,No,3.27,7,7.6,9.3,Cafe,No,2,9,Reading,8.6,86,UCI_0342,14,15,14,10,11,14,Arts,Cybersecurity Analyst,4.696086893596231,1,0,0,8.18
STU01670,24,Male,Arts,7.0,3.7,No,95.5,6.4,Yes,3.63,6,8.8,14.5,Cafe,No,9,9,Kinesthetic,6.4,87,UCI_0342,12,15,15,12,13,13,Arts,Clinical Psychologist,4.538165118151939,2,2,0,9.07
STU01671,28,Female,Psychology,3.7,2.8,Yes,47.5,6.8,No,3.49,7,3.8,9.9,Quiet Room,No,3,6,Auditory,1.6,93,UCI_0342,14,15,15,10,11,13,Psychology,Data Scientist,3.2123929781758944,0,0,1,8.73
STU01672,19,Male,Psychology,6.7,2.3,No,58.7,8.6,Yes,3.58,3,3.0,11.0,Co-Learning Group,No,6,10,Reading,1.8,88,UCI_0342,12,14,15,11,13,14,Psychology,Landscape Architect,2.569071090535606,2,2,1,8.95
STU01673,24,Other,Business,1.4,4.7,No,86.2,6.5,Yes,3.28,8,5.9,8.4,Quiet Room,Yes,9,8,Auditory,3.9,94,UCI_0342,14,14,15,12,12,13,Business,Curriculum Developer,2.640475599603884,0,2,1,8.2
STU01674,28,Female,Computer Science,6.114686254353548,1.7,Yes,71.5,7.6,No,3.72,2,6.2,10.6,Co-Learning Group,No,3,6,Kinesthetic,9.0,93,UCI_0342,13,15,15,10,12,12,Computer Science,Biochemist,4.663622513807585,2,3,0,9.3
STU01675,20,Female,Business,5.1,4.4,Yes,92.6,7.2,No,3.91,3,6.8,13.3,Dorm,No,6,7,Visual,8.9,100,UCI_0342,14,16,15,11,13,13,Business,Composer,3.7035161006256976,2,2,1,9.78
STU01676,20,Other,Arts,3.2,2.4,Yes,94.9,6.2,No,2.91,8,7.8,9.6,Cafe,Yes,9,10,Reading,6.5,67,UCI_0235,13,12,12,12,14,14,Arts,Chemist,3.4464308209063814,2,1,0,7.28
STU01677,28,Other,Biology,5.1,4.7,No,73.1,7.4,Yes,3.58,4,4.5,12.4,Dorm,No,2,10,Kinesthetic,7.8,91,UCI_0342,14,15,16,11,12,14,Biology,Dentist,4.457036404931892,1,1,1,8.95
STU01678,27,Other,Business,3.8,1.1,No,61.8,6.7,Yes,4.0,1,2.7,8.1,Co-Learning Group,No,10,10,Reading,1.1,100,UCI_0209,11,11,13,14,15,16,Business,Forensic Psychologist,3.493333403846961,0,3,0,10.0
STU01679,24,Female,Business,1.3,1.9,No,96.0,4.0,No,2.71,3,3.7,5.4,Library,No,10,10,Kinesthetic,7.1,67,UCI_0231,12,9,12,16,14,17,Business,AI Researcher,3.1089732462659434,1,1,1,6.78
STU01680,26,Male,Computer Science,3.868433919948311,0.1,No,41.5,8.6,Yes,4.0,8,5.1,5.1,Cafe,Yes,2,9,Reading,9.4,99,UCI_0209,11,13,14,15,16,14,Computer Science,Biomedical Engineer,4.2012704259674845,2,2,1,10.0
STU01681,21,Female,Psychology,4.9,3.7,Yes,84.2,6.0,No,4.0,6,7.1,13.3,Cafe,Yes,3,10,Kinesthetic,9.1,100,UCI_0209,11,11,12,13,16,15,Psychology,Biomedical Engineer,3.4462187713925028,0,4,1,10.0
STU01682,24,Female,Psychology,2.1,2.1,No,53.9,7.8,Yes,3.98,5,2.9,6.3,Library,Yes,3,10,Reading,4.0,98,UCI_0209,12,11,12,15,16,16,Psychology,Nurse,3.628958915782629,0,1,1,9.95
STU01683,17,Other,Engineering,3.9,1.8,Yes,41.6,5.8,Yes,4.0,4,4.4,9.7,Dorm,Yes,2,10,Visual,5.7,95,UCI_0209,10,12,12,15,14,16,Engineering,Architect,3.063709500796322,0,1,0,10.0
STU01684,18,Female,Engineering,3.5,0.0,No,92.3,7.2,Yes,3.2,5,3.5,8.4,Cafe,No,1,7,Reading,5.0,81,UCI_0209,10,11,14,14,15,15,Engineering,Investment Banker,4.136881562,1,0,0,8.0
STU01685,26,Other,Arts,5.1,1.7,No,54.4,6.5,Yes,4.0,8,6.6,9.1,Library,No,9,10,Visual,1.7,100,UCI_0209,10,13,13,13,15,14,Arts,Game Developer,3.097782299256246,2,1,0,10.0
STU01686,20,Female,Computer Science,1.9754832231090564,2.5,No,46.3,8.1,No,3.69,2,6.5,5.7,Cafe,Yes,2,10,Kinesthetic,3.1,84,UCI_0209,10,12,12,13,15,15,Computer Science,Social Media Manager,4.667283134080658,0,4,1,9.22
STU01687,20,Male,Business,4.0,3.0,No,48.0,6.1,No,3.33,7,5.2,8.9,Library,No,6,10,Reading,6.5,82,UCI_0209,10,13,14,13,14,15,Business,School Counselor,4.225537515567566,2,4,0,8.32
STU01688,20,Other,Business,0.8,0.9,No,53.0,6.1,No,3.97,7,4.5,6.4,Co-Learning Group,Yes,4,6,Visual,5.4,93,UCI_0209,12,11,14,13,14,16,Business,Web Developer,2.778003797455325,2,1,1,9.93
STU01689,28,Male,Computer Science,7.295959422041278,0.9,Yes,44.6,9.6,Yes,4.0,5,1.4,13.0,Dorm,Yes,2,10,Visual,1.9,97,UCI_0209,10,11,14,14,15,16,Computer Science,Industrial-Organizational Psychologist,4.239865123909302,1,4,0,10.0
STU01690,19,Other,Biology,3.6,0.3,Yes,63.6,6.3,No,2.93,3,4.2,6.5,Quiet Room,Yes,1,10,Reading,9.7,74,UCI_0186,12,12,12,13,16,16,Biology,Interior Designer,4.600083072,2,0,0,7.33
STU01691,26,Male,Biology,4.2,2.6,No,95.8,5.3,Yes,2.99,3,5.0,12.2,Dorm,Yes,2,10,Reading,8.6,71,UCI_0123,15,12,12,15,14,15,Biology,Architect,4.048971126055189,1,3,1,7.48
STU01692,27,Female,Biology,1.0,4.4,Yes,66.9,7.5,No,4.0,3,4.9,10.2,Cafe,Yes,1,10,Kinesthetic,8.7,100,UCI_0209,11,13,12,14,14,15,Biology,Landscape Architect,4.918188112717126,0,1,0,10.0
STU01693,17,Male,Business,3.0,1.7,No,68.0,7.8,Yes,3.46,8,4.4,7.7,Dorm,No,5,10,Visual,9.0,90,UCI_0074,11,11,14,14,13,14,Business,Dentist,2.604464458931281,1,2,1,8.65
STU01694,20,Female,Biology,3.6,3.7,No,58.8,8.7,Yes,4.0,3,5.4,9.3,Quiet Room,Yes,10,8,Kinesthetic,4.4,100,UCI_0074,12,12,13,13,14,13,Biology,Education Administrator,3.128606852121409,2,4,0,10.0
STU01695,23,Other,Engineering,4.5,0.5,Yes,42.5,7.1,Yes,3.41,2,4.8,9.5,Quiet Room,No,3,10,Reading,9.7,87,UCI_0074,12,13,14,12,13,15,Engineering,Chemist,2.9802149803306985,0,4,1,8.53
STU01696,17,Female,Arts,6.7,1.0,Yes,51.5,6.0,No,4.0,7,2.4,11.8,Quiet Room,Yes,4,6,Visual,6.3,99,UCI_0074,11,12,15,12,13,15,Arts,Architect,4.242594005,1,4,0,10.0
STU01697,28,Male,Engineering,2.3,3.1,No,46.3,6.9,Yes,2.91,2,6.3,8.7,Co-Learning Group,No,3,10,Kinesthetic,2.4,78,UCI_0035,12,13,16,12,13,12,Engineering,Quantum Physicist,4.452144809952501,1,1,1,7.28
STU01698,28,Other,Psychology,6.1,3.2,No,66.9,6.0,No,3.63,2,4.5,12.2,Quiet Room,Yes,1,10,Kinesthetic,8.2,88,UCI_0074,12,12,15,14,12,15,Psychology,Urban Planner,2.864937320822827,2,4,0,9.07
STU01699,27,Male,Psychology,4.9,1.7,No,69.9,6.6,Yes,3.18,6,4.9,9.0,Co-Learning Group,No,5,10,Kinesthetic,8.3,80,UCI_0074,13,11,13,14,14,14,Psychology,Art Director,4.456396830012201,2,1,1,7.95
STU01700,27,Male,Biology,2.4,3.4,No,52.1,6.7,No,2.99,1,4.6,7.4,Cafe,Yes,9,10,Visual,5.3,71,UCI_0186,13,12,11,15,14,16,Biology,Interior Designer,3.155881847990409,2,4,1,7.48
STU01701,25,Other,Biology,3.5,3.3,Yes,58.3,8.4,Yes,2.17,8,9.4,9.2,Dorm,Yes,2,10,Kinesthetic,8.2,61,UCI_0239,13,11,13,10,9,10,Biology,Legal Analyst,3.188348939749292,0,4,0,5.42
STU01702,25,Other,Biology,3.5,4.3,Yes,52.6,5.8,Yes,2.72,6,5.2,9.7,Dorm,No,4,8,Visual,4.2,79,UCI_0375,9,10,10,14,18,16,Biology,Graphic Designer,4.526727421449568,1,2,0,6.8
STU01703,23,Male,Psychology,3.7,0.2,Yes,65.9,8.5,No,3.1,4,5.7,5.7,Library,No,10,9,Reading,8.5,80,UCI_0074,13,13,14,13,12,15,Psychology,Doctor,4.0403756355849465,1,0,0,7.75
STU01704,24,Male,Biology,2.8,0.3,Yes,82.4,6.3,Yes,3.84,7,6.9,6.3,Library,No,10,9,Visual,5.0,93,UCI_0074,11,13,15,12,14,15,Biology,Brand Manager,4.946372553722957,1,0,0,9.6
STU01705,18,Other,Arts,0.0,2.6,No,69.4,7.2,No,3.43,7,1.3,4.6,Co-Learning Group,Yes,10,10,Reading,6.4,81,UCI_0074,12,12,15,13,12,13,Arts,AI Researcher,2.881892486750697,0,0,1,8.58
STU01706,26,Male,Biology,4.7,3.3,No,51.3,7.8,Yes,4.0,7,4.9,9.5,Cafe,Yes,1,10,Kinesthetic,8.1,99,UCI_0074,13,12,13,14,12,13,Biology,Physician Assistant,3.757958831044723,0,3,0,10.0
STU01707,26,Female,Psychology,6.0,0.9,Yes,54.9,6.9,No,3.81,6,7.7,10.4,Co-Learning Group,Yes,7,10,Visual,4.9,95,UCI_0074,12,11,14,14,14,15,Psychology,Electrical Engineer,3.803314180091224,1,4,0,9.53
STU01708,18,Female,Psychology,5.8,0.7,No,42.0,8.3,No,2.72,8,7.2,8.4,Dorm,No,1,10,Reading,5.8,59,UCI_0311,8,11,9,15,14,18,Psychology,Biomedical Engineer,2.942403882276409,2,1,0,6.8
STU01709,26,Female,Biology,3.9,1.0,No,40.8,6.4,Yes,4.0,6,3.9,6.3,Quiet Room,No,1,10,Reading,2.2,100,UCI_0186,12,14,11,14,16,16,Biology,Human Resources Specialist,3.506086495419217,0,3,0,10.0
STU01710,20,Other,Engineering,2.9,3.8,No,82.9,7.1,No,4.0,4,6.1,9.4,Library,No,7,8,Reading,3.3,95,UCI_0186,12,12,13,13,15,17,Engineering,Web Developer,4.138399469612106,1,4,1,10.0
STU01711,25,Other,Engineering,3.0,1.5,Yes,99.4,4.0,Yes,2.65,1,7.1,8.1,Dorm,Yes,8,7,Visual,8.6,76,UCI_0182,12,12,12,14,13,14,Engineering,Credit Analyst,3.1956272729885957,2,2,0,6.62
STU01712,26,Female,Computer Science,3.1456928927586287,3.0,No,71.9,7.3,Yes,3.82,6,7.1,10.7,Co-Learning Group,No,9,6,Visual,4.0,97,UCI_0186,12,12,13,14,14,16,Computer Science,Social Media Manager,3.936863034531653,2,2,1,9.55
STU01713,28,Male,Arts,2.5,0.3,No,82.0,7.1,No,3.05,1,6.0,6.0,Dorm,No,9,9,Reading,1.3,71,UCI_0125,17,14,15,15,12,12,Arts,Clinical Psychologist,4.538165118151939,2,2,0,7.62
STU01714,19,Other,Biology,7.3,3.4,Yes,60.3,6.9,Yes,3.7,8,4.7,12.4,Cafe,No,6,5,Reading,4.8,97,UCI_0186,12,13,12,13,16,16,Biology,Music Therapist,3.029942025200154,1,0,1,9.25
STU01715,17,Other,Arts,3.3,5.0,Yes,78.3,9.7,No,3.95,7,5.1,11.1,Library,Yes,2,10,Kinesthetic,3.4,90,UCI_0186,13,14,13,14,15,15,Arts,Analytical Chemist,2.6674510030312955,1,1,1,9.88
STU01716,23,Other,Engineering,5.1,3.6,Yes,46.2,7.9,No,3.04,2,7.7,10.8,Quiet Room,Yes,3,10,Visual,9.2,80,UCI_0017,14,14,13,12,13,14,Engineering,Legal Analyst,3.6052318214767096,1,4,1,7.6
STU01717,21,Male,Business,7.3,3.2,Yes,77.2,7.7,Yes,4.0,3,6.1,12.8,Co-Learning Group,No,1,5,Reading,3.3,100,UCI_0186,13,14,12,14,16,15,Business,Actuary,2.636067452648237,0,2,0,10.0
STU01718,23,Male,Psychology,5.7,2.9,No,90.7,7.3,Yes,4.0,6,2.2,9.1,Co-Learning Group,Yes,10,10,Reading,5.0,100,UCI_0186,12,13,13,15,15,16,Psychology,Financial Controller,4.913997758440093,0,2,0,10.0
STU01719,26,Other,Arts,5.7,2.4,No,64.2,8.7,Yes,4.0,7,4.7,11.2,Library,Yes,9,8,Visual,5.4,93,UCI_0186,13,13,11,13,16,16,Arts,Legal Secretary,4.359511978599652,1,4,1,10.0
STU01720,25,Female,Computer Science,4.478399727437632,4.5,Yes,78.4,7.6,Yes,3.67,7,6.4,9.5,Quiet Room,No,4,10,Visual,1.6,92,UCI_0186,11,14,13,14,14,17,Computer Science,Counselor,2.878938410840715,1,3,0,9.18
STU01721,21,Female,Psychology,4.0,4.2,Yes,41.9,8.2,No,3.49,5,5.5,9.8,Cafe,Yes,6,7,Visual,9.4,82,UCI_0186,11,13,13,14,14,15,Psychology,Music Therapist,4.487256615,0,0,1,8.73
STU01722,27,Female,Computer Science,3.1071439271849908,3.1,No,47.1,5.7,Yes,3.59,7,3.3,7.9,Quiet Room,No,7,10,Reading,4.2,90,UCI_0186,12,14,13,13,14,17,Computer Science,Animator,4.513594197725976,2,1,0,8.97
STU01723,18,Other,Psychology,6.9,1.7,Yes,88.3,5.6,Yes,4.0,4,6.6,9.8,Dorm,Yes,6,10,Auditory,1.9,97,UCI_0186,11,12,12,14,14,15,Psychology,Microbiologist,3.439380008613473,1,1,1,10.0
STU01724,24,Female,Business,4.9,3.6,Yes,69.7,7.8,Yes,4.0,7,3.8,13.2,Library,Yes,2,9,Visual,8.9,99,UCI_0186,11,13,11,13,15,15,Business,Game Developer,4.070113486145296,0,2,1,10.0
STU01725,26,Other,Arts,1.1,4.4,No,94.8,5.4,Yes,3.59,5,2.4,10.3,Quiet Room,Yes,7,6,Visual,7.9,88,UCI_0186,11,13,11,14,15,16,Arts,Illustrator,3.9040317590438542,2,1,1,8.97
STU01726,16,Other,Psychology,6.0,4.2,Yes,58.4,6.4,Yes,4.0,8,4.1,15.0,Library,Yes,1,10,Kinesthetic,7.9,100,UCI_0121,13,15,12,13,13,16,Psychology,Social Media Manager,3.6930877579636254,2,3,1,10.0
STU01727,23,Female,Biology,2.2,2.7,No,85.7,8.5,No,3.41,1,5.8,9.6,Dorm,No,3,7,Auditory,5.0,76,UCI_0121,14,15,13,14,14,14,Biology,Clinical Psychologist,3.3442127112379216,0,3,1,8.53
STU01728,21,Other,Business,7.2,1.2,No,74.2,8.8,No,3.43,5,7.0,14.1,Quiet Room,No,9,10,Reading,2.5,85,UCI_0121,13,14,12,15,15,14,Business,Composer,4.726030938544065,0,2,1,8.58
STU01729,20,Other,Biology,3.3,0.9,No,68.0,7.4,No,3.31,6,3.7,7.6,Co-Learning Group,No,6,7,Kinesthetic,6.2,75,UCI_0121,14,13,14,15,13,15,Biology,Astronomer,4.883533951471264,1,2,1,8.28
STU01730,26,Other,Biology,3.6,3.0,No,73.8,4.0,Yes,3.5,4,5.6,10.2,Cafe,No,3,10,Visual,9.6,77,UCI_0121,12,15,12,13,13,14,Biology,Organic Chemist,4.949076154311455,2,0,0,8.75
STU01731,21,Female,Psychology,2.9,0.0,Yes,91.2,7.2,Yes,2.79,3,7.3,6.7,Quiet Room,No,6,10,Reading,4.4,65,UCI_0311,9,10,9,13,14,18,Psychology,Music Therapist,4.487256615,0,0,1,6.97
STU01732,25,Female,Psychology,5.0,3.2,Yes,73.8,5.9,No,3.59,6,6.6,10.9,Quiet Room,No,10,10,Auditory,5.8,93,UCI_0121,12,13,13,13,14,16,Psychology,Accountant,4.875438524551528,2,3,1,8.97
STU01733,16,Other,Arts,7.0,0.4,No,80.3,8.3,Yes,4.0,3,3.7,12.8,Dorm,Yes,3,10,Auditory,2.4,100,UCI_0121,12,15,13,14,14,15,Arts,Art Therapist,4.310403241313077,2,3,0,10.0
STU01734,23,Other,Arts,3.2,0.4,No,94.0,6.4,No,3.61,6,1.2,7.6,Cafe,No,10,10,Visual,8.6,84,UCI_0121,12,13,14,13,15,15,Arts,Construction Manager,3.5193830395064296,2,1,0,9.03
STU01735,16,Female,Psychology,1.2,3.5,No,82.0,7.6,No,3.44,3,7.6,6.4,Co-Learning Group,No,8,10,Auditory,4.6,81,UCI_0121,14,14,13,14,14,14,Psychology,Animator,3.9490970953798135,2,3,0,8.6
STU01736,21,Other,Computer Science,5.415390308339437,3.6,No,80.0,8.0,No,3.07,2,5.2,13.5,Cafe,No,1,10,Visual,7.8,86,UCI_0006,15,14,16,12,11,14,Computer Science,Biologist,3.1339020048592032,1,3,0,7.67
STU01737,23,Male,Biology,3.8,3.3,No,45.4,6.5,No,4.0,3,5.1,8.8,Co-Learning Group,No,1,7,Auditory,7.1,93,UCI_0121,12,14,13,14,15,16,Biology,Organic Chemist,3.563112244141098,1,4,1,10.0
STU01738,24,Other,Computer Science,6.492504590924429,4.8,Yes,76.4,7.6,Yes,3.58,6,2.4,15.2,Dorm,Yes,8,10,Reading,3.4,92,UCI_0121,13,15,14,15,14,14,Computer Science,Construction Manager,2.959477277392525,0,4,0,8.95
STU01739,26,Other,Computer Science,6.0107218657713295,4.9,No,47.2,6.0,No,4.0,5,7.7,12.1,Co-Learning Group,Yes,8,7,Auditory,7.3,97,UCI_0121,12,14,13,13,13,16,Computer Science,Financial Analyst,2.8529049872549157,0,0,1,10.0
STU01740,20,Female,Engineering,3.6,1.0,No,43.9,8.1,No,4.0,8,9.1,6.2,Library,Yes,10,10,Visual,8.8,97,UCI_0085,16,16,14,12,11,14,Engineering,Data Scientist,3.527418655,2,1,1,10.0
STU01741,21,Other,Business,5.1,2.3,No,71.1,7.6,No,2.96,1,5.5,11.8,Co-Learning Group,No,4,10,Auditory,4.7,82,UCI_0235,15,13,13,13,14,14,Business,Artist,2.884854105918264,2,1,1,7.4
STU01742,26,Male,Business,1.1,3.8,No,65.0,5.1,No,2.24,1,5.5,9.6,Co-Learning Group,No,2,10,Kinesthetic,8.8,61,UCI_0305,11,11,10,12,13,13,Business,Chemical Engineer,3.035984186210957,0,4,1,5.6
STU01743,23,Female,Engineering,2.8,0.2,No,91.5,8.9,Yes,4.0,1,3.4,6.4,Dorm,No,3,5,Reading,3.6,100,UCI_0085,16,15,16,13,13,13,Engineering,Interior Designer,4.062361972104203,2,4,0,10.0
STU01744,22,Other,Business,5.9,0.1,No,71.2,5.3,Yes,3.41,3,6.9,8.5,Quiet Room,Yes,5,10,Visual,5.8,83,UCI_0085,15,14,15,12,12,14,Business,Surgeon,4.229287718602075,2,3,0,8.53
STU01745,16,Other,Computer Science,6.649046865648832,3.8,No,70.6,5.6,Yes,3.91,4,4.6,11.6,Quiet Room,No,7,10,Kinesthetic,6.2,97,UCI_0085,15,15,14,14,12,13,Computer Science,Legal Analyst,4.671902536104497,0,3,0,9.78
STU01746,23,Female,Arts,3.4,0.6,Yes,79.6,8.5,No,4.0,2,4.3,8.0,Co-Learning Group,Yes,8,8,Kinesthetic,3.1,95,UCI_0085,14,14,14,14,13,12,Arts,Brand Manager,4.420049034880793,1,4,0,10.0
STU01747,16,Male,Arts,1.4,2.2,Yes,42.7,8.1,No,3.79,2,5.4,6.2,Quiet Room,No,7,10,Kinesthetic,1.2,93,UCI_0085,14,16,15,12,12,12,Arts,Game Developer,3.562894227966148,0,1,1,9.47
STU01748,28,Male,Biology,3.2,0.8,No,90.7,5.0,Yes,4.0,2,2.1,7.0,Quiet Room,No,8,6,Visual,6.7,100,UCI_0085,14,15,16,14,11,13,Biology,Data Scientist,3.3696284328982795,0,1,0,10.0
STU01749,25,Male,Biology,3.8,0.7,Yes,83.1,6.9,No,3.51,8,5.3,6.7,Quiet Room,Yes,9,10,Visual,9.9,84,UCI_0085,16,16,16,12,11,12,Biology,Illustrator,4.128306164812591,0,4,0,8.77
STU01750,18,Male,Psychology,4.5,1.9,No,83.3,5.5,No,3.17,1,7.5,8.6,Quiet Room,Yes,10,8,Auditory,1.8,77,UCI_0085,14,14,14,13,12,13,Psychology,Marketing Manager,4.4814764666466615,2,1,1,7.92
STU01751,20,Male,Computer Science,3.3791187668456653,4.8,No,47.7,8.5,No,3.16,6,6.0,8.8,Co-Learning Group,Yes,8,7,Reading,9.9,84,UCI_0085,14,14,16,13,11,14,Computer Science,Market Research Analyst,3.6091768019156296,0,2,1,7.9
STU01752,22,Female,Computer Science,5.774625067756462,3.1,No,79.0,5.1,No,4.0,3,3.6,10.3,Quiet Room,Yes,8,5,Reading,6.4,95,UCI_0085,16,16,14,13,13,14,Computer Science,Biotechnologist,3.645278119645714,0,1,1,10.0
STU01753,27,Male,Computer Science,6.981633365519809,3.1,No,71.3,4.8,Yes,4.0,1,4.3,13.7,Library,No,1,5,Reading,1.6,100,UCI_0085,14,16,15,13,12,14,Computer Science,Aerospace Engineer,3.2007119263771475,1,4,1,10.0
STU01754,21,Female,Arts,3.6,1.4,Yes,69.9,6.5,Yes,4.0,4,1.0,7.9,Dorm,Yes,4,10,Auditory,6.8,92,UCI_0085,14,15,16,13,11,12,Arts,Data Scientist,4.351407777958318,2,3,1,10.0
STU01755,19,Female,Computer Science,1.7748656646886751,3.8,No,95.6,4.4,Yes,4.0,8,2.3,10.3,Library,No,6,8,Visual,8.2,100,UCI_0085,15,16,15,14,12,13,Computer Science,Entrepreneur,3.931848663530898,2,0,0,10.0
STU01756,26,Male,Computer Science,5.116224725854076,1.5,Yes,48.9,5.0,Yes,4.0,6,3.7,9.3,Cafe,No,7,6,Reading,4.1,100,UCI_0017,12,14,13,14,12,15,Computer Science,Art Therapist,2.946429132204281,2,1,1,10.0
STU01757,22,Female,Psychology,3.4,2.0,Yes,83.1,5.0,Yes,4.0,3,2.5,7.1,Quiet Room,Yes,7,5,Visual,7.7,94,UCI_0017,12,14,13,12,14,13,Psychology,Chemist,4.251371608647419,0,1,0,10.0
STU01758,16,Male,Business,6.8,2.2,No,44.4,5.2,Yes,4.0,7,4.0,14.3,Library,Yes,6,10,Reading,5.2,100,UCI_0017,13,15,14,12,13,14,Business,Software Developer,4.503297717249241,1,1,1,10.0
STU01759,21,Male,Computer Science,4.4078697031124605,0.4,No,42.5,4.1,No,4.0,1,4.4,9.4,Library,Yes,7,7,Kinesthetic,8.6,100,UCI_0017,12,13,14,13,12,14,Computer Science,Composer,2.8961556354871374,2,1,1,10.0
STU01760,25,Female,Computer Science,8.770819386205718,1.5,No,50.8,7.2,No,4.0,8,6.5,14.9,Library,Yes,5,7,Visual,8.0,99,UCI_0017,13,13,14,14,13,14,Computer Science,Aerospace Engineer,3.589727618,1,1,1,10.0
STU01761,20,Other,Psychology,5.6,4.2,Yes,77.7,7.4,No,4.0,3,5.5,12.4,Quiet Room,No,1,10,Kinesthetic,3.7,100,UCI_0017,14,14,13,13,13,14,Psychology,Interior Designer,3.389752064040792,1,1,0,10.0
STU01762,26,Male,Engineering,7.9,0.8,No,67.0,7.6,No,4.0,8,3.9,10.3,Co-Learning Group,No,3,8,Visual,4.6,100,UCI_0017,12,13,14,14,14,15,Engineering,Graphic Designer,2.5915232763037617,2,0,0,10.0
STU01763,25,Male,Psychology,3.0,2.4,No,90.2,7.0,Yes,2.98,7,2.4,9.2,Co-Learning Group,No,10,10,Visual,2.0,79,UCI_0049,15,15,14,11,12,12,Psychology,Biotechnologist,3.0294050817973446,2,1,1,7.45
STU01764,26,Male,Arts,4.9,3.3,Yes,46.2,7.1,Yes,3.95,8,6.3,9.1,Co-Learning Group,No,10,10,Auditory,6.9,89,UCI_0017,14,15,13,13,13,15,Arts,Lawyer,3.927354759530622,1,4,1,9.88
STU01765,25,Female,Arts,3.7,3.6,No,79.2,7.4,No,4.0,8,8.2,12.1,Quiet Room,Yes,7,10,Reading,7.8,100,UCI_0017,14,14,15,14,14,13,Arts,School Psychologist,3.4383920716037144,2,4,0,10.0
STU01766,19,Male,Engineering,5.1,0.8,No,62.1,8.2,No,4.0,4,3.4,6.8,Library,Yes,7,6,Reading,7.4,98,UCI_0017,14,14,13,14,14,14,Engineering,Game Developer,3.9303324098690418,1,1,1,10.0
STU01767,25,Female,Biology,9.6,4.9,Yes,99.4,6.2,Yes,4.0,4,5.6,17.9,Library,No,4,8,Auditory,7.2,98,UCI_0017,13,14,13,14,12,14,Biology,Teacher,3.397415508003208,0,1,1,10.0
STU01768,28,Male,Business,0.3,3.6,No,69.5,7.9,No,3.81,5,4.1,7.4,Dorm,Yes,5,9,Kinesthetic,8.9,96,UCI_0017,12,15,15,13,13,15,Business,Cybersecurity Analyst,4.357951401,1,2,0,9.53
STU01769,21,Male,Psychology,5.0,2.0,Yes,95.3,4.3,Yes,4.0,2,2.3,11.0,Cafe,Yes,5,5,Auditory,8.6,100,UCI_0017,14,15,13,13,14,13,Psychology,Quantum Physicist,4.757628742978644,0,4,0,10.0
STU01770,24,Female,Computer Science,5.2796174906220905,0.2,Yes,90.2,6.3,No,3.53,6,8.8,9.0,Library,Yes,8,10,Kinesthetic,7.4,88,UCI_0017,14,13,15,13,14,15,Computer Science,Illustrator,4.371631007583035,2,0,1,8.82
STU01771,23,Male,Engineering,2.2,2.7,No,96.3,9.8,Yes,4.0,2,2.8,8.1,Quiet Room,No,4,10,Visual,4.8,100,UCI_0038,14,16,16,12,14,12,Engineering,Teacher,2.6977110965628444,1,1,1,10.0
STU01772,18,Male,Engineering,5.1,3.8,Yes,90.5,6.3,No,2.59,2,7.1,13.4,Dorm,No,10,7,Kinesthetic,8.4,71,UCI_0012,10,13,13,10,11,13,Engineering,Software Developer,3.853322991316309,2,1,1,6.47
STU01773,22,Other,Computer Science,5.544409065308525,3.7,Yes,88.5,8.4,Yes,2.75,8,6.4,12.0,Dorm,No,9,10,Visual,1.5,63,UCI_0126,14,14,13,15,11,12,Computer Science,Biologist,4.208631060666569,0,4,0,6.88
STU01774,16,Other,Computer Science,5.130780129043215,2.1,Yes,90.7,6.1,Yes,3.43,1,3.3,11.7,Cafe,No,2,7,Kinesthetic,8.8,85,UCI_0038,14,17,14,13,14,14,Computer Science,Organic Chemist,3.679858838448209,0,4,1,8.58
STU01775,22,Male,Biology,9.3,4.9,No,56.3,5.1,No,4.0,5,2.5,17.5,Quiet Room,No,2,10,Kinesthetic,7.9,99,UCI_0038,16,15,15,13,14,13,Biology,Special Education Teacher,3.969621804,1,0,1,10.0
STU01776,25,Other,Psychology,3.1,4.9,No,71.3,9.8,Yes,3.98,3,3.8,9.9,Co-Learning Group,No,10,7,Auditory,2.2,94,UCI_0038,15,15,14,13,12,13,Psychology,Nuclear Physicist,2.5698491926523483,2,3,0,9.95
STU01777,28,Female,Business,1.8,4.5,No,53.4,6.3,Yes,3.05,4,4.7,9.9,Cafe,No,2,10,Auditory,9.3,75,UCI_0231,12,10,11,15,15,15,Business,Software Developer,4.216300461008872,0,3,0,7.62
STU01778,18,Female,Business,2.6,0.6,No,44.5,8.2,Yes,3.98,1,3.4,7.4,Quiet Room,No,5,10,Reading,8.6,100,UCI_0038,14,17,16,13,14,12,Business,Accountant,2.8932179068105097,2,3,0,9.95
STU01779,17,Other,Engineering,0.0,4.9,No,42.7,6.5,Yes,3.95,5,7.1,6.9,Quiet Room,No,4,7,Reading,2.2,100,UCI_0038,14,17,14,13,12,12,Engineering,Biotechnologist,3.578770870322686,2,3,1,9.88
STU01780,24,Male,Computer Science,4.294398025059258,2.2,Yes,67.0,8.6,No,4.0,2,7.2,10.5,Library,No,10,6,Auditory,8.4,100,UCI_0038,15,16,16,14,13,13,Computer Science,Fluid Mechanics Engineer,4.364895914446201,1,0,0,10.0
STU01781,27,Male,Computer Science,3.4575677037837003,2.5,Yes,92.1,4.7,No,3.06,3,3.9,8.6,Dorm,No,5,10,Visual,7.7,78,UCI_0038,14,15,16,12,13,14,Computer Science,Interior Designer,3.9743073531514073,1,1,1,7.65
STU01782,24,Other,Psychology,2.0,2.3,No,44.8,7.1,Yes,4.0,5,1.2,10.0,Cafe,Yes,5,6,Auditory,1.1,93,UCI_0038,16,16,14,13,13,12,Psychology,Astronomer,2.526669577421005,1,0,1,10.0
STU01783,16,Other,Engineering,3.5,1.3,No,59.9,7.1,No,4.0,6,4.6,7.2,Quiet Room,Yes,1,6,Kinesthetic,6.3,100,UCI_0038,16,17,14,12,12,14,Engineering,Art Director,2.890378627964299,2,1,0,10.0
STU01784,16,Other,Computer Science,5.310463392452133,2.7,Yes,91.6,5.0,No,2.96,7,6.1,13.6,Library,No,6,8,Visual,2.9,75,UCI_0061,11,12,11,17,17,17,Computer Science,Surgeon,3.421809857218169,1,0,0,7.4
STU01785,26,Male,Computer Science,3.945093617897205,2.7,No,89.7,5.6,Yes,2.89,4,3.0,9.2,Library,No,4,10,Kinesthetic,8.2,69,UCI_0192,10,12,12,11,13,13,Computer Science,Software Developer,3.0301361868220797,1,4,1,7.23
STU01786,17,Male,Computer Science,8.801187349588433,0.8,Yes,49.0,6.2,Yes,4.0,3,3.5,11.7,Library,No,8,10,Auditory,7.4,94,UCI_0038,15,15,14,12,13,12,Computer Science,Organic Chemist,4.557406517907529,0,3,0,10.0
STU01787,23,Male,Psychology,3.0,3.2,Yes,41.3,5.9,No,3.04,5,5.5,6.8,Cafe,No,3,8,Visual,9.7,75,UCI_0125,15,14,15,13,13,12,Psychology,Physical Chemist,3.733459416724121,0,3,1,7.6
STU01788,17,Female,Computer Science,7.140702965301346,3.4,No,85.3,7.6,No,4.0,7,5.2,12.0,Quiet Room,No,7,10,Visual,9.0,97,UCI_0038,14,17,16,13,14,13,Computer Science,Astronomer,4.779475261,1,1,0,10.0
STU01789,28,Other,Computer Science,3.1649186584574256,1.5,No,79.8,7.4,Yes,2.73,2,5.2,7.6,Dorm,No,7,8,Kinesthetic,7.9,76,UCI_0289,11,9,11,12,11,15,Computer Science,Manager,4.378628239286336,0,0,1,6.83
STU01790,23,Other,Computer Science,6.457471324204947,2.2,Yes,97.2,7.0,No,4.0,3,4.2,11.9,Library,No,5,7,Kinesthetic,5.6,96,UCI_0038,15,16,14,14,12,12,Computer Science,Construction Manager,4.099808066213616,2,3,1,10.0
STU01791,25,Male,Arts,3.8,2.0,No,97.9,6.3,Yes,2.82,4,5.3,8.2,Co-Learning Group,No,4,10,Kinesthetic,1.6,72,UCI_0295,11,11,12,16,16,17,Arts,Industrial-Organizational Psychologist,3.4383721427984497,2,0,0,7.05
STU01792,23,Other,Computer Science,4.2064863279081415,4.8,No,73.3,5.9,Yes,3.54,1,6.6,12.9,Dorm,No,2,9,Auditory,3.3,83,UCI_0038,16,17,14,14,12,14,Computer Science,Biomedical Engineer,4.753886079693446,0,1,1,8.85
STU01793,22,Male,Psychology,3.2,3.6,No,95.3,9.2,Yes,4.0,8,4.8,9.4,Library,Yes,4,5,Visual,9.4,95,UCI_0038,14,15,14,13,12,12,Psychology,Accountant,4.875438524551528,2,3,1,10.0
STU01794,21,Male,Computer Science,9.067957512,1.6,No,80.7,9.5,No,3.87,4,8.6,13.2,Co-Learning Group,No,7,6,Kinesthetic,6.9,99,UCI_0006,15,16,15,12,12,13,Computer Science,Advertising Manager,3.642272789144628,2,0,0,9.68
STU01795,19,Female,Psychology,1.9,3.7,No,87.0,8.2,No,4.0,8,4.0,9.0,Dorm,Yes,8,5,Reading,6.6,99,UCI_0006,15,15,14,11,13,13,Psychology,Sound Engineer,2.6579890608411345,0,1,0,10.0
STU01796,26,Other,Business,3.0,4.1,Yes,51.4,6.1,No,3.18,6,4.2,8.7,Co-Learning Group,No,8,10,Visual,6.3,68,UCI_0006,14,14,16,11,11,14,Business,Interior Designer,4.199790240423444,0,4,0,7.95
STU01797,24,Other,Engineering,0.4,4.8,Yes,88.8,5.3,Yes,3.37,5,1.0,8.3,Quiet Room,No,9,7,Kinesthetic,2.4,77,UCI_0006,15,15,16,11,12,14,Engineering,Graphic Designer,4.653080396,0,2,1,8.43
STU01798,22,Other,Business,0.2,2.1,No,63.6,8.6,No,4.0,2,2.8,8.1,Dorm,No,10,6,Kinesthetic,8.0,96,UCI_0006,15,14,16,13,11,12,Business,Animator,3.906365108731226,1,4,0,10.0
STU01799,26,Other,Psychology,2.6,4.9,No,92.8,7.1,Yes,3.66,4,1.4,10.9,Co-Learning Group,Yes,1,7,Kinesthetic,8.9,89,UCI_0006,16,14,16,11,13,14,Psychology,Quantum Physicist,2.756898033556556,1,1,0,9.15
STU01800,20,Male,Arts,5.3,4.4,No,54.0,8.3,No,2.96,6,5.7,12.3,Cafe,No,8,7,Kinesthetic,4.6,69,UCI_0246,12,12,13,15,14,15,Arts,Industrial-Organizational Psychologist,2.881888780269991,0,4,1,7.4
STU01801,24,Female,Computer Science,2.711468990188953,0.2,Yes,82.7,7.8,Yes,3.42,4,4.8,6.9,Co-Learning Group,No,10,10,Reading,5.3,92,UCI_0006,16,14,16,11,13,12,Computer Science,Market Research Analyst,4.756013708608209,1,0,1,8.55
STU01802,26,Other,Arts,5.5,3.7,No,66.1,10.0,No,2.98,8,8.8,12.1,Cafe,No,10,10,Auditory,7.3,69,UCI_0214,12,13,13,13,12,14,Arts,Chemist,3.166103373691241,0,2,0,7.45
STU01803,22,Other,Business,2.9,3.1,No,93.4,9.6,No,4.0,1,5.6,9.6,Cafe,Yes,6,6,Visual,7.6,99,UCI_0006,14,15,16,11,11,14,Business,Digital Marketing Specialist,2.557636952281628,2,2,0,10.0
STU01804,28,Female,Arts,4.8,1.9,No,51.4,7.1,No,3.85,2,3.9,7.8,Cafe,No,9,9,Kinesthetic,4.3,93,UCI_0006,14,16,15,13,11,12,Arts,Construction Manager,3.9055891820386512,0,4,0,9.62
STU01805,21,Female,Business,3.3,3.9,No,60.4,5.4,Yes,3.53,5,7.3,8.2,Library,No,7,8,Kinesthetic,2.4,83,UCI_0006,16,16,16,11,12,13,Business,Musician,4.268830511306071,1,0,0,8.82
STU01806,21,Female,Computer Science,6.105800737,0.8,No,47.1,5.6,No,3.93,3,5.3,10.1,Cafe,Yes,7,10,Auditory,7.9,87,UCI_0006,15,14,15,12,11,13,Computer Science,Architect,4.040699421644401,2,1,0,9.83
STU01807,17,Other,Computer Science,9.029668795154874,3.8,No,41.6,7.0,No,3.29,5,5.7,15.9,Quiet Room,Yes,8,10,Visual,8.3,79,UCI_0006,14,14,14,12,11,13,Computer Science,Manager,3.971211754017583,2,0,1,8.22
STU01808,19,Other,Business,0.8,4.5,Yes,82.0,5.4,No,3.52,5,6.4,9.1,Quiet Room,No,1,6,Kinesthetic,5.9,90,UCI_0006,15,16,14,12,11,13,Business,Astronomer,3.0204758297126566,0,2,1,8.8
STU01809,18,Other,Biology,7.6,4.0,No,41.7,7.2,No,4.0,6,5.6,12.4,Quiet Room,No,4,5,Visual,8.4,91,UCI_0006,15,16,15,13,11,12,Biology,Market Research Analyst,2.558330041,1,3,0,10.0
STU01810,22,Other,Arts,10.2,0.0,Yes,82.6,5.0,No,3.53,7,4.8,12.2,Library,No,5,9,Auditory,7.7,84,UCI_0006,14,15,14,11,11,14,Arts,Sound Engineer,2.696437445604361,0,3,1,8.82
STU01811,16,Other,Computer Science,2.871702932507292,0.9,Yes,93.7,8.8,No,3.71,3,4.4,7.8,Dorm,Yes,5,9,Kinesthetic,4.1,92,UCI_0125,17,13,16,13,13,12,Computer Science,Curriculum Developer,4.402310168,1,0,1,9.28
STU01812,17,Other,Arts,3.0,3.2,No,46.2,6.9,Yes,4.0,3,8.7,7.4,Co-Learning Group,No,6,7,Reading,5.3,100,UCI_0125,16,15,16,14,13,14,Arts,Music Therapist,3.785745090093581,1,4,0,10.0
STU01813,21,Other,Business,2.9,1.2,Yes,78.4,9.4,Yes,3.66,7,7.6,7.6,Dorm,Yes,6,8,Auditory,3.6,86,UCI_0125,15,14,14,15,13,13,Business,Sound Engineer,3.4500731697660294,1,0,1,9.15
STU01814,24,Female,Business,4.8,2.9,No,92.2,7.1,Yes,3.4,1,2.8,9.1,Dorm,No,2,10,Visual,7.9,85,UCI_0125,16,13,14,15,12,12,Business,Doctor,4.752463976674125,1,1,1,8.5
STU01815,23,Male,Computer Science,5.197112207144524,0.2,No,53.8,5.4,Yes,4.0,4,4.3,9.8,Quiet Room,Yes,6,9,Kinesthetic,9.7,100,UCI_0125,15,15,14,15,13,14,Computer Science,Advertising Manager,2.715725240468519,1,2,0,10.0
STU01816,27,Female,Psychology,2.6,4.8,No,80.9,6.8,No,4.0,7,3.3,9.7,Quiet Room,Yes,9,6,Kinesthetic,8.9,100,UCI_0125,16,13,15,14,12,13,Psychology,Acoustics Specialist,2.8197075604715343,0,2,0,10.0
STU01817,21,Other,Biology,6.3,4.3,Yes,44.1,6.3,No,3.45,8,6.2,13.3,Co-Learning Group,Yes,5,6,Auditory,7.4,84,UCI_0125,15,15,16,13,13,13,Biology,Microbiologist,4.706397605370374,1,1,0,8.62
STU01818,22,Male,Arts,3.7,4.4,Yes,54.1,6.7,No,3.43,3,5.5,10.3,Cafe,Yes,2,5,Visual,6.3,74,UCI_0125,15,14,14,13,14,13,Arts,Entrepreneur,3.387555322,0,1,0,8.58
STU01819,20,Male,Engineering,4.4,2.5,No,70.0,8.9,Yes,3.98,6,2.5,7.2,Co-Learning Group,Yes,9,6,Visual,8.4,99,UCI_0125,17,14,16,15,13,13,Engineering,Forensic Psychologist,4.181124850513903,2,0,1,9.95
STU01820,19,Other,Psychology,5.1,2.6,No,82.3,6.7,No,3.16,7,4.8,8.8,Cafe,Yes,7,10,Reading,6.7,81,UCI_0125,16,15,15,14,12,14,Psychology,Sound Engineer,3.333233872506088,1,3,1,7.9
STU01821,16,Female,Arts,1.7,4.8,No,50.8,5.9,Yes,2.96,3,8.6,8.6,Co-Learning Group,No,6,10,Auditory,6.8,73,UCI_0235,13,13,13,12,14,15,Arts,Construction Manager,4.757077636195975,0,2,0,7.4
STU01822,19,Female,Business,6.0,4.7,No,42.7,6.0,Yes,3.07,6,2.5,15.0,Dorm,No,5,10,Auditory,3.7,79,UCI_0010,14,14,14,13,11,14,Business,AI Researcher,4.109547455595549,1,4,1,7.67
STU01823,28,Other,Engineering,2.8,4.0,No,99.1,5.7,No,3.99,6,5.6,12.2,Library,Yes,8,5,Auditory,6.3,98,UCI_0125,17,13,16,13,13,13,Engineering,Mechanical Engineer,4.697336670970671,2,0,1,9.98
STU01824,25,Other,Computer Science,6.123816199453662,0.4,Yes,59.8,8.2,Yes,3.66,7,4.4,10.0,Cafe,Yes,5,7,Reading,6.7,94,UCI_0125,17,14,16,14,14,14,Computer Science,Architect,4.670089130713938,2,1,0,9.15
STU01825,25,Other,Computer Science,7.048265152796538,4.3,No,68.7,6.3,Yes,4.0,8,1.4,14.9,Co-Learning Group,Yes,3,6,Kinesthetic,6.6,100,UCI_0125,17,14,15,15,14,14,Computer Science,Microbiologist,4.150538998748313,2,1,1,10.0
STU01826,19,Female,Arts,1.1,0.6,Yes,71.6,6.4,Yes,3.56,6,9.9,5.6,Co-Learning Group,Yes,3,9,Reading,5.1,88,UCI_0125,16,15,16,15,12,13,Arts,Surgeon,2.820722141880024,0,1,1,8.9
STU01827,18,Female,Engineering,6.3,3.8,Yes,79.4,5.4,Yes,4.0,8,3.5,13.2,Library,Yes,2,7,Kinesthetic,9.8,98,UCI_0125,17,15,16,13,12,14,Engineering,Conductor,2.7615686121867027,0,2,1,10.0
STU01828,22,Male,Computer Science,7.623007226082448,3.1,No,96.8,7.3,No,3.65,2,2.2,11.1,Cafe,Yes,7,10,Auditory,9.7,92,UCI_0231,13,9,12,16,14,17,Computer Science,Marketing Manager,3.1240304896747038,0,2,1,9.12
STU01829,18,Female,Computer Science,5.172773166115073,2.2,Yes,62.9,7.6,Yes,3.58,2,6.4,10.9,Dorm,Yes,6,10,Auditory,3.7,90,UCI_0231,11,9,13,15,15,17,Computer Science,Construction Manager,2.959477277392525,0,4,0,8.95
STU01830,16,Other,Psychology,1.3,0.4,Yes,40.1,6.8,Yes,3.04,2,4.8,3.4,Dorm,No,8,10,Auditory,6.1,77,UCI_0231,12,10,13,14,15,16,Psychology,Software Developer,2.7587125005426536,0,3,1,7.6
STU01831,27,Male,Arts,5.6,2.2,Yes,100.0,5.3,No,4.0,2,4.2,9.4,Dorm,Yes,10,7,Visual,7.1,94,UCI_0231,12,11,12,16,16,17,Arts,Forensic Psychologist,3.359704047652337,2,4,0,10.0
STU01832,25,Other,Psychology,2.7,4.9,No,98.1,6.3,Yes,3.94,2,6.2,11.5,Dorm,No,10,8,Visual,7.7,99,UCI_0231,13,10,11,16,15,15,Psychology,Civil Engineer,4.017502429624632,1,1,1,9.85
STU01833,28,Female,Engineering,2.6,0.6,Yes,48.7,5.2,No,2.6,1,4.1,6.5,Quiet Room,No,6,10,Visual,7.3,51,UCI_0352,10,10,10,14,13,14,Engineering,Paralegal,4.458148995046033,0,3,0,6.5
STU01834,19,Other,Psychology,4.1,3.3,No,45.4,6.0,No,3.3,3,5.6,9.9,Quiet Room,No,4,6,Visual,1.6,77,UCI_0231,11,11,11,16,15,15,Psychology,Urban Planner,3.850394126156524,2,4,1,8.25
STU01835,24,Female,Psychology,5.2,3.1,No,62.4,5.9,No,4.0,2,7.4,10.2,Dorm,Yes,5,10,Visual,1.8,100,UCI_0231,12,11,13,15,15,15,Psychology,Special Education Teacher,2.933355264227245,2,1,0,10.0
STU01836,17,Male,Business,1.5,0.3,No,66.3,9.5,No,3.6,1,4.7,4.1,Co-Learning Group,No,9,10,Kinesthetic,2.2,92,UCI_0231,11,10,12,14,16,16,Business,Zoologist,4.602115357335547,0,3,0,9.0
STU01837,18,Other,Engineering,7.4,2.2,Yes,53.6,7.8,No,4.0,3,5.6,13.0,Cafe,Yes,9,7,Visual,3.5,99,UCI_0231,11,11,11,16,14,16,Engineering,Doctor,3.943927264135201,0,3,1,10.0
STU01838,23,Other,Computer Science,3.2794310047464617,2.8,Yes,45.2,9.8,No,4.0,2,3.3,9.9,Library,Yes,9,10,Kinesthetic,8.7,100,UCI_0010,14,16,14,13,12,12,Computer Science,Landscape Architect,4.515826874521221,2,3,0,10.0
STU01839,22,Male,Engineering,4.0,4.8,Yes,61.8,7.8,No,4.0,5,7.2,13.6,Quiet Room,No,2,7,Visual,5.9,100,UCI_0010,14,16,15,11,12,13,Engineering,Music Therapist,4.925367516219325,0,1,1,10.0
STU01840,28,Other,Engineering,5.4,1.1,No,63.3,4.8,No,3.79,1,7.4,10.2,Cafe,Yes,9,10,Visual,6.9,98,UCI_0010,13,14,16,11,12,14,Engineering,Advertising Manager,3.587360794318797,1,1,0,9.47
STU01841,26,Male,Computer Science,7.159560780362515,3.4,No,76.8,7.9,No,3.58,2,4.3,14.1,Co-Learning Group,No,10,10,Visual,5.2,96,UCI_0010,13,15,14,13,12,14,Computer Science,Teacher,3.808329948834704,2,4,1,8.95
STU01842,24,Other,Psychology,3.2,3.9,No,91.0,5.4,Yes,4.0,4,1.8,9.4,Library,Yes,4,7,Reading,6.7,100,UCI_0010,15,15,14,12,11,13,Psychology,Mechanical Engineer,4.624645909235166,1,1,0,10.0
STU01843,16,Female,Engineering,3.9,0.9,No,55.7,6.8,Yes,4.0,5,3.9,8.0,Dorm,Yes,5,6,Auditory,8.6,100,UCI_0010,13,16,15,11,13,14,Engineering,Data Scientist,3.618719515028731,0,3,0,10.0
STU01844,19,Male,Arts,1.2,2.2,No,75.4,7.6,Yes,4.0,4,5.2,3.9,Dorm,Yes,9,6,Visual,4.2,92,UCI_0010,14,14,15,12,13,12,Arts,Art Therapist,4.823042839233025,1,4,0,10.0
STU01845,25,Female,Arts,2.2,1.7,Yes,87.5,7.6,No,2.49,5,6.0,8.6,Cafe,No,4,10,Auditory,3.4,50,UCI_0028,15,16,15,11,11,11,Arts,Industrial-Organizational Psychologist,3.585981042,2,0,1,6.23
STU01846,26,Female,Business,4.7,0.4,Yes,77.6,8.3,Yes,3.56,8,6.5,6.1,Library,Yes,4,10,Reading,1.2,76,UCI_0010,13,14,15,11,12,13,Business,Graphic Designer,2.7511598275515543,1,4,1,8.9
STU01847,20,Other,Business,4.1,4.1,Yes,42.5,8.1,Yes,3.38,6,1.8,9.2,Library,No,7,10,Visual,7.7,84,UCI_0010,13,16,14,13,13,13,Business,Acoustics Specialist,3.290166032,1,2,0,8.45
STU01848,28,Male,Computer Science,4.946424556838716,4.2,No,90.0,7.8,No,3.13,6,3.5,11.1,Dorm,Yes,4,10,Kinesthetic,5.9,78,UCI_0242,11,13,11,14,16,15,Computer Science,Pharmacist,3.886884992396325,2,0,1,7.82
STU01849,19,Other,Psychology,5.9,2.2,No,70.1,6.6,Yes,3.61,7,6.5,10.3,Library,No,1,10,Kinesthetic,1.8,95,UCI_0242,13,11,12,16,16,15,Psychology,Forensic Psychologist,2.640473311873607,2,2,0,9.03
STU01850,22,Male,Psychology,4.3,4.0,No,61.2,8.0,Yes,3.87,5,3.3,10.4,Dorm,No,1,7,Kinesthetic,1.0,92,UCI_0242,13,11,12,14,16,16,Psychology,Analytical Chemist,3.38670697266924,0,0,1,9.68
STU01851,24,Female,Computer Science,5.104315193433051,1.1,No,59.3,7.4,Yes,4.0,4,7.8,8.2,Co-Learning Group,Yes,2,10,Kinesthetic,8.8,100,UCI_0242,13,13,11,15,16,14,Computer Science,Physician Assistant,3.981998818113134,2,1,1,10.0
STU01852,25,Female,Computer Science,8.845152536,0.4,No,41.2,6.7,No,4.0,3,6.6,11.3,Dorm,Yes,9,10,Auditory,2.7,100,UCI_0242,12,13,12,16,15,15,Computer Science,Education Administrator,4.939061499975228,2,4,1,10.0
STU01853,28,Other,Engineering,0.1,3.6,No,99.8,8.8,No,2.47,4,9.7,6.3,Co-Learning Group,No,3,7,Kinesthetic,7.6,59,UCI_0040,14,14,14,13,14,12,Engineering,Inorganic Chemist,4.054943922412952,0,3,0,6.18
STU01854,23,Female,Business,7.6,3.6,No,50.5,4.5,No,3.72,2,6.8,14.6,Quiet Room,Yes,4,10,Reading,2.9,94,UCI_0242,12,11,12,15,15,14,Business,Curriculum Developer,2.640475599603884,0,2,1,9.3
STU01855,21,Other,Biology,2.9,2.7,No,79.2,7.9,No,2.78,1,5.2,7.8,Library,No,6,8,Auditory,6.6,71,UCI_0049,15,15,13,10,13,12,Biology,Graphic Designer,4.743805202362114,2,2,1,6.95
STU01856,23,Other,Engineering,0.0,0.6,No,89.1,4.0,No,2.56,7,6.4,4.7,Library,Yes,4,8,Visual,7.4,65,UCI_0182,13,13,13,13,15,13,Engineering,Artist,4.165745628291949,2,2,1,6.4
STU01857,17,Female,Arts,5.0,1.3,No,76.5,9.0,No,3.98,7,4.4,8.7,Dorm,No,4,5,Auditory,3.4,99,UCI_0242,12,12,13,14,16,14,Arts,Mechanical Engineer,3.532490806,0,1,0,9.95
STU01858,18,Female,Business,2.7,3.7,Yes,96.3,4.2,No,4.0,4,6.0,10.1,Quiet Room,Yes,3,9,Kinesthetic,8.4,100,UCI_0242,11,12,11,15,16,16,Business,School Psychologist,2.8400000127518794,2,1,1,10.0
STU01859,20,Female,Arts,0.9,0.7,No,44.3,8.8,No,3.41,2,3.5,4.8,Quiet Room,Yes,6,10,Auditory,7.1,95,UCI_0242,11,12,12,14,15,15,Arts,Biomedical Engineer,4.664657459,1,4,1,8.53
STU01860,24,Female,Arts,4.0,2.2,Yes,74.0,7.2,Yes,4.0,8,4.2,7.1,Quiet Room,No,10,8,Auditory,6.4,100,UCI_0242,13,11,11,16,16,14,Arts,Physicist,2.549992726436792,1,2,0,10.0
STU01861,18,Female,Engineering,7.3,1.1,No,80.8,8.3,Yes,4.0,4,4.1,11.6,Cafe,No,9,8,Auditory,2.2,94,UCI_0242,11,12,13,14,14,16,Engineering,Dentist,4.270663695653249,2,3,1,10.0
STU01862,17,Other,Business,1.0,1.0,No,98.9,9.1,Yes,2.61,6,5.0,3.6,Cafe,No,5,10,Auditory,3.0,63,UCI_0071,13,15,15,13,11,11,Business,Sound Engineer,2.791824164134669,2,2,1,6.52
STU01863,28,Female,Engineering,5.4,4.1,No,97.5,9.1,No,3.05,3,6.9,13.9,Cafe,No,3,10,Reading,4.7,72,UCI_0242,13,13,13,14,14,14,Engineering,Advertising Manager,3.4463225289492625,0,3,1,7.62
STU01864,19,Female,Arts,4.9,1.1,Yes,59.8,7.2,No,3.81,1,4.6,9.8,Dorm,Yes,10,9,Kinesthetic,9.9,93,UCI_0242,11,13,12,14,14,14,Arts,AI Researcher,3.467330716,1,2,0,9.53
STU01865,27,Female,Computer Science,3.771309412043902,0.4,Yes,45.4,5.5,Yes,3.36,1,3.6,8.4,Quiet Room,Yes,6,7,Auditory,1.4,81,UCI_0242,12,12,11,16,14,15,Computer Science,Financial Analyst,2.686156194027847,0,2,0,8.4
STU01866,17,Other,Business,3.4,1.1,No,60.0,7.7,Yes,3.86,8,5.0,7.3,Co-Learning Group,Yes,3,10,Reading,1.7,100,UCI_0242,12,12,13,16,14,15,Business,Marketing Specialist,2.813400511104729,2,0,0,9.65
STU01867,22,Female,Engineering,6.0,1.5,No,71.1,8.0,Yes,4.0,1,10.0,11.7,Library,Yes,4,7,Kinesthetic,7.6,100,UCI_0242,11,12,12,15,14,14,Engineering,Chemist,4.727272239201383,0,0,1,10.0
STU01868,23,Female,Arts,5.9,4.7,Yes,43.1,10.1,Yes,3.86,5,4.7,11.5,Co-Learning Group,Yes,3,10,Reading,4.4,96,UCI_0242,11,11,12,16,14,14,Arts,Illustrator,4.712162857,2,3,1,9.65
STU01869,24,Female,Engineering,3.8,4.9,Yes,50.4,7.4,No,2.84,1,4.8,10.8,Library,No,3,10,Kinesthetic,8.4,71,UCI_0127,15,10,12,12,13,14,Engineering,Chemical Engineer,3.4991935461811163,1,2,0,7.1
STU01870,19,Male,Computer Science,7.071676761407133,0.1,Yes,49.5,5.5,Yes,3.62,7,6.9,11.8,Dorm,Yes,4,10,Reading,4.8,89,UCI_0061,9,10,11,17,17,16,Computer Science,Illustrator,3.724694227361851,1,2,0,9.05
STU01871,22,Female,Computer Science,4.896048391471775,4.8,Yes,95.4,9.4,Yes,3.86,2,4.2,11.8,Dorm,Yes,9,10,Auditory,5.5,99,UCI_0061,10,10,10,18,15,16,Computer Science,Social Media Manager,3.936863034531653,2,2,1,9.65
STU01872,19,Male,Computer Science,6.232138766591831,3.9,No,87.4,6.5,Yes,3.14,1,5.7,14.5,Dorm,Yes,10,10,Visual,4.4,75,UCI_0061,11,12,10,16,17,17,Computer Science,Accountant,3.2354152963597644,0,4,1,7.85
STU01873,26,Other,Biology,6.2,2.6,Yes,90.1,9.0,Yes,4.0,8,4.2,11.7,Library,Yes,3,10,Kinesthetic,1.7,100,UCI_0061,9,11,10,18,17,15,Biology,Quantum Physicist,4.052851071503724,1,3,1,10.0
STU01874,26,Other,Computer Science,5.314714688433111,0.5,No,66.0,6.9,No,3.06,7,2.3,8.3,Library,No,1,10,Visual,9.6,73,UCI_0061,10,11,10,16,17,16,Computer Science,Human Resources Specialist,3.0339596205180306,0,0,0,7.65
STU01875,17,Other,Computer Science,4.117877489213631,4.7,No,66.7,6.7,No,3.34,5,6.2,12.5,Dorm,No,10,8,Auditory,6.7,92,UCI_0061,9,10,11,18,16,17,Computer Science,Marketing Manager,3.396486771320116,0,3,1,8.35
STU01876,17,Other,Computer Science,1.0871982210895386,1.9,Yes,98.3,4.0,No,3.33,2,7.8,6.6,Co-Learning Group,No,6,10,Auditory,2.4,90,UCI_0061,10,12,12,16,15,17,Computer Science,Manager,4.896933052325107,2,2,0,8.32
STU01877,21,Female,Psychology,3.6,3.7,No,67.4,9.2,No,4.0,1,3.9,10.4,Cafe,No,2,10,Kinesthetic,6.4,98,UCI_0061,11,10,11,18,17,15,Psychology,School Psychologist,4.252733349123462,0,4,0,10.0
STU01878,16,Female,Business,7.9,3.9,No,79.0,7.4,Yes,3.7,7,7.4,16.0,Cafe,Yes,8,10,Auditory,8.4,90,UCI_0061,11,11,12,16,16,15,Business,Analytical Chemist,3.458683124901981,0,1,0,9.25
STU01879,17,Other,Business,5.5,4.6,No,61.7,8.1,No,4.0,1,4.4,15.7,Co-Learning Group,No,3,10,Auditory,4.0,94,UCI_0061,10,10,11,18,16,15,Business,Conductor,4.149642189453148,2,4,0,10.0
STU01880,22,Female,Business,4.5,0.1,Yes,74.0,8.2,No,3.88,5,5.4,7.7,Cafe,Yes,1,10,Kinesthetic,9.8,93,UCI_0061,10,11,12,16,15,16,Business,Acoustics Specialist,3.512086397,1,2,0,9.7
STU01881,25,Female,Arts,5.5,3.3,No,87.3,7.0,Yes,4.0,1,5.1,10.9,Quiet Room,Yes,2,10,Visual,2.5,99,UCI_0061,11,11,10,16,17,17,Arts,Physical Chemist,3.040750888229103,2,4,0,10.0
STU01882,18,Female,Arts,4.7,0.8,No,48.1,6.9,No,3.4,6,5.6,8.2,Dorm,No,1,10,Kinesthetic,2.3,88,UCI_0061,9,10,10,17,17,15,Arts,Manager,3.916067396389195,2,4,0,8.5
STU01883,27,Other,Business,4.5,3.9,Yes,48.1,9.1,No,4.0,3,2.0,12.8,Quiet Room,No,9,10,Reading,4.8,100,UCI_0061,11,10,12,16,17,16,Business,Biotechnologist,4.911854610701632,2,2,0,10.0
STU01884,24,Male,Business,2.5,3.0,No,53.1,6.1,No,3.75,1,4.6,9.1,Dorm,Yes,3,7,Kinesthetic,5.3,90,UCI_0061,9,10,12,17,16,17,Business,Quantum Physicist,4.442888419670864,1,1,1,9.38
STU01885,19,Other,Computer Science,8.890244852410625,0.2,No,75.9,8.3,No,4.0,4,5.9,12.2,Library,Yes,7,5,Kinesthetic,3.2,94,UCI_0123,14,13,13,13,12,13,Computer Science,Market Research Analyst,4.756013708608209,1,0,1,10.0
STU01886,27,Female,Psychology,0.0,4.7,Yes,92.9,8.7,No,2.97,6,2.6,6.9,Dorm,No,7,10,Visual,2.0,88,UCI_0035,12,15,16,11,13,13,Psychology,Teacher,3.1777072920576157,1,0,1,7.43
STU01887,18,Female,Psychology,7.3,2.8,No,97.4,7.8,Yes,4.0,8,5.2,13.0,Cafe,No,7,5,Kinesthetic,5.7,98,UCI_0123,14,13,12,13,12,14,Psychology,Ecologist,4.086077671033578,0,3,1,10.0
STU01888,18,Male,Computer Science,4.172457261,0.6,Yes,82.9,6.5,Yes,4.0,1,3.3,8.9,Cafe,No,5,10,Visual,8.3,100,UCI_0123,14,12,12,13,13,15,Computer Science,Biomedical Engineer,4.2012704259674845,2,2,1,10.0
STU01889,21,Other,Engineering,4.5,0.6,No,59.9,7.4,No,3.94,5,3.6,7.7,Library,Yes,3,9,Auditory,8.1,98,UCI_0123,14,12,12,13,14,15,Engineering,Acoustics Specialist,2.6468602881011867,1,4,0,9.85
STU01890,22,Other,Business,4.9,4.3,No,99.5,6.5,No,3.84,7,7.4,10.2,Library,Yes,4,10,Kinesthetic,3.9,94,UCI_0123,13,12,12,15,12,15,Business,Musician,2.7325641645895624,1,4,1,9.6
STU01891,20,Male,Psychology,3.8,1.9,Yes,87.7,6.0,No,2.56,8,6.3,9.5,Co-Learning Group,Yes,7,10,Auditory,2.5,68,UCI_0146,13,15,13,11,10,11,Psychology,Counselor,4.458418088643959,1,0,0,6.4
STU01892,17,Female,Biology,5.2,2.3,No,98.1,6.2,Yes,4.0,4,1.5,8.9,Library,Yes,7,7,Auditory,9.7,100,UCI_0123,14,13,12,14,14,15,Biology,Architect,3.1596921930170683,0,4,1,10.0
STU01893,24,Other,Psychology,1.8,4.1,No,68.8,6.5,Yes,3.25,2,5.3,9.9,Dorm,Yes,6,5,Reading,6.3,79,UCI_0123,13,14,14,13,12,15,Psychology,Doctor,4.393357644625225,1,2,0,8.12
STU01894,17,Female,Arts,3.3,2.9,Yes,79.6,6.3,Yes,3.57,1,2.9,10.9,Cafe,Yes,6,8,Auditory,4.0,81,UCI_0123,13,12,13,14,13,14,Arts,AI Researcher,2.881892486750697,0,0,1,8.92
STU01895,28,Female,Arts,3.1,0.9,No,74.6,7.7,Yes,2.92,7,4.3,7.9,Dorm,Yes,7,10,Auditory,8.6,64,UCI_0295,13,10,10,14,16,16,Arts,School Psychologist,3.744071666518497,2,1,0,7.3
STU01896,25,Male,Arts,5.6,3.9,No,60.1,7.0,No,4.0,5,2.2,11.5,Co-Learning Group,No,2,5,Visual,8.7,100,UCI_0123,15,13,12,15,12,15,Arts,Organic Chemist,2.7071429785487666,2,2,1,10.0
STU01897,22,Male,Engineering,9.3,3.4,No,65.0,6.8,Yes,4.0,1,5.0,17.2,Co-Learning Group,No,6,10,Reading,1.6,100,UCI_0123,15,14,14,13,13,14,Engineering,Biotechnologist,3.578770870322686,2,3,1,10.0
STU01898,17,Male,Biology,3.5,5.0,Yes,95.8,6.0,No,2.64,6,4.8,9.6,Dorm,No,9,10,Kinesthetic,1.8,70,UCI_0277,11,10,9,16,16,17,Biology,Graphic Designer,3.1793598459799126,2,4,1,6.6
STU01899,23,Female,Arts,4.0,2.8,No,70.0,7.5,No,4.0,6,1.0,10.6,Co-Learning Group,Yes,3,10,Kinesthetic,1.5,100,UCI_0123,13,14,12,14,14,14,Arts,Data Scientist,4.7229785586251465,2,0,0,10.0
STU01900,16,Other,Engineering,5.5,2.2,No,45.9,5.6,No,3.23,2,5.9,11.3,Quiet Room,No,2,10,Auditory,7.5,82,UCI_0123,13,14,14,13,12,13,Engineering,Microbiologist,3.8935180066637822,2,1,1,8.07
STU01901,20,Male,Arts,1.7,1.2,No,63.1,8.0,Yes,3.59,4,5.7,8.3,Quiet Room,Yes,7,10,Visual,9.4,94,UCI_0123,13,13,12,15,12,14,Arts,Lawyer,4.725524750087769,0,1,1,8.97
STU01902,16,Female,Computer Science,4.752307686914135,2.4,Yes,93.2,7.9,No,4.0,2,6.2,10.0,Library,No,9,10,Visual,9.0,100,UCI_0123,14,13,12,14,13,14,Computer Science,Inorganic Chemist,4.880684360421215,0,0,0,10.0
STU01903,27,Other,Biology,7.1,3.6,No,63.3,5.4,No,3.79,3,6.8,13.5,Cafe,No,7,5,Kinesthetic,9.0,93,UCI_0049,16,15,14,10,11,13,Biology,Entrepreneur,2.5503276575536726,2,3,0,9.47
STU01904,21,Male,Business,1.9,0.2,No,66.3,4.5,No,3.01,1,3.8,4.5,Quiet Room,Yes,2,9,Kinesthetic,8.8,83,UCI_0049,15,16,15,10,12,13,Business,Actuary,3.692286336695423,2,0,1,7.52
STU01905,25,Other,Engineering,3.8,1.0,No,45.7,9.8,Yes,4.0,2,4.7,8.0,Cafe,Yes,8,10,Auditory,5.2,98,UCI_0049,14,15,14,10,12,14,Engineering,Physician Assistant,3.472145834247488,0,1,0,10.0
STU01906,22,Other,Business,2.6,4.0,No,100.0,7.9,Yes,4.0,2,3.5,7.3,Co-Learning Group,Yes,9,10,Auditory,2.3,100,UCI_0049,14,15,13,10,13,13,Business,Financial Analyst,3.789056339266309,0,1,0,10.0
STU01907,17,Male,Business,4.8,3.3,Yes,64.8,4.0,Yes,4.0,3,5.8,11.0,Quiet Room,No,9,6,Reading,4.5,98,UCI_0049,14,15,13,11,11,13,Business,Art Therapist,4.606095376738818,2,2,1,10.0
STU01908,27,Male,Business,3.6,3.4,No,63.7,6.2,Yes,3.43,4,2.0,10.2,Dorm,Yes,10,6,Visual,9.4,84,UCI_0049,15,15,14,10,11,12,Business,Organic Chemist,3.271727953465549,2,4,0,8.58
STU01909,22,Female,Biology,4.1,1.0,No,56.7,9.2,No,3.5,5,4.3,5.7,Dorm,No,3,7,Reading,3.6,93,UCI_0049,15,15,15,10,11,14,Biology,Fluid Mechanics Engineer,3.5646846759650312,1,4,0,8.75
STU01910,16,Other,Business,5.2,1.8,No,79.8,4.0,No,4.0,1,5.4,9.1,Library,Yes,5,7,Reading,5.1,97,UCI_0049,16,16,13,10,11,12,Business,Acoustics Specialist,3.6850060497784543,1,3,0,10.0
STU01911,25,Female,Biology,2.9,0.9,Yes,44.0,5.3,Yes,4.0,5,4.1,5.3,Library,No,1,8,Reading,1.5,100,UCI_0049,16,16,15,12,12,13,Biology,Fluid Mechanics Engineer,2.8762706611493365,1,1,0,10.0
STU01912,22,Other,Engineering,7.5,3.1,Yes,65.6,5.7,No,3.96,3,7.5,13.7,Dorm,Yes,8,10,Reading,5.4,96,UCI_0049,16,16,14,12,12,13,Engineering,Game Developer,3.054382751921232,0,2,0,9.9
STU01913,24,Male,Business,5.2,3.5,No,82.7,6.9,No,3.36,8,4.4,10.6,Cafe,No,6,10,Reading,9.8,84,UCI_0049,16,15,15,11,11,12,Business,Brand Manager,4.139970922416582,2,0,1,8.4
STU01914,17,Female,Computer Science,4.234592059753731,2.3,Yes,97.4,6.5,Yes,3.07,1,7.2,8.4,Library,No,4,10,Auditory,1.0,81,UCI_0049,15,15,14,12,11,12,Computer Science,Legal Analyst,3.107711719637679,0,1,1,7.67
STU01915,22,Other,Arts,1.6,0.9,Yes,94.5,6.6,No,4.0,2,1.6,6.5,Library,No,2,10,Kinesthetic,8.1,100,UCI_0049,16,15,14,10,12,13,Arts,Analytical Chemist,4.983748400943694,1,4,1,10.0
STU01916,17,Female,Engineering,5.2,3.3,Yes,68.2,6.3,Yes,3.52,3,5.0,12.6,Cafe,Yes,1,6,Reading,5.2,84,UCI_0049,15,14,14,11,11,12,Engineering,Urban Planner,2.540464685,1,1,0,8.8
STU01917,21,Male,Biology,0.0,0.1,No,46.9,6.6,No,2.8,2,6.7,4.1,Dorm,Yes,9,7,Auditory,2.9,77,UCI_0312,12,11,11,16,14,17,Biology,Quantum Physicist,4.360864801265128,1,1,1,7.0
STU01918,20,Female,Engineering,6.7,1.1,No,69.3,7.2,No,3.07,3,8.0,11.4,Cafe,Yes,8,10,Reading,9.9,70,UCI_0062,11,7,12,9,9,16,Engineering,Psychologist,4.579310577082564,0,4,1,7.67
STU01919,24,Male,Psychology,3.9,1.3,Yes,60.7,10.9,Yes,3.79,6,4.6,7.9,Cafe,Yes,7,10,Auditory,2.5,98,UCI_0062,10,7,10,10,9,17,Psychology,Art Director,3.333591254457648,1,4,1,9.47
STU01920,20,Other,Arts,1.0,2.9,No,52.5,5.0,No,3.99,2,3.9,8.8,Dorm,Yes,6,6,Visual,2.4,95,UCI_0062,11,7,11,9,10,17,Arts,Biotechnologist,4.480759524314577,1,0,0,9.98
STU01921,25,Female,Psychology,7.1,0.5,No,69.9,6.8,No,4.0,1,5.0,11.8,Cafe,Yes,8,8,Kinesthetic,4.6,100,UCI_0062,9,7,10,11,9,16,Psychology,Manager,4.900378227892128,2,2,1,10.0
STU01922,24,Female,Arts,1.4,1.4,No,84.6,8.0,No,2.64,6,3.2,4.5,Dorm,Yes,5,10,Kinesthetic,8.4,70,UCI_0372,10,10,9,15,16,17,Arts,Forensic Psychologist,3.519668605720545,0,1,0,6.6
STU01923,23,Female,Biology,5.6,4.9,Yes,55.9,7.7,No,3.6,7,3.3,13.8,Co-Learning Group,No,4,9,Visual,1.8,92,UCI_0062,9,8,11,11,9,17,Biology,Construction Manager,2.7915358756808906,2,3,1,9.0
STU01924,19,Male,Engineering,6.7,1.9,No,81.5,7.4,No,2.85,2,8.0,10.7,Dorm,Yes,1,10,Auditory,2.8,72,UCI_0299,14,13,10,13,16,14,Engineering,Principal,4.289977383560329,1,2,0,7.12
STU01925,20,Male,Engineering,7.1,2.3,No,44.7,7.7,Yes,4.0,1,6.0,11.4,Library,Yes,6,8,Auditory,6.3,93,UCI_0062,11,8,11,11,11,15,Engineering,Music Therapist,4.925367516219325,0,1,1,10.0
STU01926,23,Female,Arts,4.9,3.2,Yes,72.3,6.0,No,3.25,4,3.5,8.9,Dorm,No,5,10,Reading,3.4,78,UCI_0062,9,7,10,11,10,17,Arts,Biomedical Engineer,3.322279400547208,0,4,0,8.12
STU01927,27,Other,Computer Science,5.817973139,0.7,Yes,64.8,11.1,No,3.81,1,2.8,9.1,Co-Learning Group,No,4,8,Visual,6.5,97,UCI_0062,9,9,12,11,10,17,Computer Science,Marketing Specialist,4.167484702306281,1,1,0,9.53
STU01928,26,Other,Engineering,6.4,3.9,Yes,87.1,7.4,No,3.61,6,8.3,14.7,Co-Learning Group,Yes,6,6,Visual,7.1,90,UCI_0062,10,8,11,9,11,17,Engineering,Lawyer,4.984682992266606,1,3,1,9.03
STU01929,19,Other,Arts,4.1,0.6,No,45.0,7.1,No,3.55,1,4.5,5.7,Library,No,2,10,Reading,2.6,91,UCI_0062,11,9,11,11,9,16,Arts,Judge,4.190820661780909,1,4,1,8.88
STU01930,18,Male,Computer Science,5.0188215218021694,3.8,Yes,99.6,6.5,Yes,3.28,3,4.5,12.8,Cafe,Yes,9,9,Kinesthetic,5.7,78,UCI_0062,9,7,11,10,11,16,Computer Science,Legal Secretary,2.902724209501733,1,3,1,8.2
STU01931,22,Male,Computer Science,4.680857925658366,4.3,No,89.5,8.4,Yes,4.0,2,5.1,12.0,Co-Learning Group,Yes,1,5,Visual,5.3,92,UCI_0062,10,8,11,11,9,16,Computer Science,Chemical Engineer,4.130144982918273,1,3,1,10.0
STU01932,18,Male,Computer Science,4.384802396276658,0.7,Yes,80.0,5.1,No,4.0,8,6.5,7.8,Library,No,3,8,Kinesthetic,7.3,93,UCI_0062,10,7,12,10,9,16,Computer Science,Ecologist,2.870894561,2,0,1,10.0
STU01933,24,Other,Arts,1.6,3.4,Yes,63.8,7.1,No,4.0,6,3.3,8.2,Library,No,9,10,Visual,3.7,96,UCI_0062,11,9,10,10,9,16,Arts,Dentist,3.901291164037647,2,4,1,10.0
STU01934,28,Other,Psychology,3.9,1.8,Yes,50.9,8.3,Yes,4.0,3,6.0,7.5,Quiet Room,No,2,10,Visual,2.9,100,UCI_0062,10,8,12,10,10,15,Psychology,Biologist,2.624805043966503,0,2,0,10.0
STU01935,16,Female,Psychology,5.2,1.1,No,49.4,5.9,No,3.9,8,1.6,8.0,Co-Learning Group,No,4,10,Reading,5.7,100,UCI_0062,9,9,11,11,10,16,Psychology,Composer,2.9801869844967075,1,2,1,9.75
STU01936,28,Male,Arts,6.1,3.8,Yes,81.4,5.2,No,2.74,7,4.6,12.5,Co-Learning Group,No,10,10,Auditory,7.6,68,UCI_0304,12,9,10,14,15,15,Arts,Psychologist,4.423094228597996,2,4,1,6.85
STU01937,18,Male,Psychology,5.5,2.0,No,82.6,8.1,Yes,4.0,1,1.0,8.6,Cafe,Yes,8,6,Reading,3.4,94,UCI_0062,10,7,12,10,9,16,Psychology,Risk Analyst,4.089478266716293,0,2,0,10.0
STU01938,21,Male,Business,3.3,3.4,No,90.9,9.4,No,3.87,5,4.1,7.5,Cafe,Yes,6,6,Visual,3.0,97,UCI_0214,13,14,13,14,13,13,Business,Acoustics Specialist,3.257256524131277,2,1,0,9.68
STU01939,17,Male,Computer Science,5.119340037223804,2.8,Yes,70.2,7.3,Yes,4.0,7,2.8,11.3,Cafe,Yes,5,8,Visual,1.1,100,UCI_0214,12,14,13,12,13,12,Computer Science,Brand Manager,2.848382111339001,2,1,1,10.0
STU01940,28,Other,Engineering,0.0,4.2,Yes,84.1,7.8,No,3.16,6,6.0,6.0,Quiet Room,No,9,7,Kinesthetic,8.6,76,UCI_0214,13,14,14,14,12,13,Engineering,Education Administrator,4.188907950952685,1,3,1,7.9
STU01941,27,Male,Computer Science,8.523907974355343,3.9,No,71.0,6.0,No,4.0,6,2.6,16.6,Cafe,Yes,8,9,Visual,7.2,91,UCI_0214,12,12,13,13,13,12,Computer Science,Market Research Analyst,4.667097363723954,1,2,0,10.0
STU01942,26,Male,Psychology,5.9,1.3,No,99.7,8.7,No,3.86,6,7.1,9.3,Co-Learning Group,No,5,10,Reading,5.9,88,UCI_0214,12,14,13,14,13,13,Psychology,Data Scientist,3.4102717499735835,0,2,0,9.65
STU01943,26,Male,Engineering,5.7,2.8,Yes,79.0,4.7,No,2.76,8,7.5,9.1,Dorm,Yes,2,10,Kinesthetic,6.5,67,UCI_0126,13,14,12,13,12,12,Engineering,Dentist,4.270663695653249,2,3,1,6.9
STU01944,17,Other,Business,4.0,4.5,No,92.2,5.7,No,4.0,2,3.1,11.2,Cafe,No,4,10,Visual,9.3,100,UCI_0214,11,13,15,12,14,13,Business,Quantum Physicist,4.403917704,2,1,0,10.0
STU01945,23,Female,Business,3.8,0.1,No,71.8,8.2,No,3.68,8,7.1,5.5,Library,Yes,10,10,Reading,6.6,91,UCI_0214,11,12,15,12,13,14,Business,Teacher,4.589660869051876,0,2,0,9.2
STU01946,26,Male,Arts,3.1,3.3,No,63.3,4.8,No,3.41,8,7.8,9.0,Library,Yes,9,9,Auditory,3.5,83,UCI_0214,12,12,13,14,13,12,Arts,Market Research Analyst,4.491055850306398,1,4,0,8.53
STU01947,17,Female,Computer Science,5.428694621178906,1.9,Yes,69.8,5.6,No,4.0,1,6.5,8.5,Co-Learning Group,Yes,5,9,Reading,5.7,100,UCI_0214,11,13,13,13,12,14,Computer Science,Graphic Designer,4.559316866,0,1,1,10.0
STU01948,25,Female,Business,1.6,0.4,No,59.1,7.8,Yes,4.0,8,8.1,2.3,Quiet Room,Yes,1,7,Kinesthetic,2.2,91,UCI_0214,12,14,13,13,12,13,Business,Composer,4.726030938544065,0,2,1,10.0
STU01949,19,Other,Engineering,8.0,3.1,Yes,66.3,8.6,No,4.0,4,8.6,14.6,Co-Learning Group,No,6,5,Kinesthetic,1.0,100,UCI_0214,13,12,15,13,14,12,Engineering,Microbiologist,4.990298722453381,2,4,1,10.0
STU01950,24,Male,Computer Science,3.627873558,2.5,Yes,70.0,6.9,Yes,3.54,4,7.2,11.4,Cafe,Yes,1,10,Auditory,6.8,88,UCI_0214,13,13,13,12,14,14,Computer Science,Fluid Mechanics Engineer,4.818670745,1,3,1,8.85
STU01951,18,Female,Psychology,4.8,1.3,No,64.9,6.1,No,2.53,2,5.4,9.2,Co-Learning Group,No,7,10,Auditory,2.4,58,UCI_0039,12,12,11,11,12,12,Psychology,Curriculum Developer,3.2631493669230807,1,4,1,6.32
STU01952,20,Female,Business,3.5,0.1,No,64.3,6.5,No,4.0,1,5.0,6.6,Quiet Room,No,9,10,Reading,9.9,97,UCI_0214,12,14,14,12,13,13,Business,Brand Manager,4.139970922416582,2,0,1,10.0
STU01953,22,Other,Arts,1.9,2.2,No,53.0,6.0,No,4.0,2,4.9,7.3,Co-Learning Group,Yes,8,10,Kinesthetic,4.8,93,UCI_0100,10,15,13,13,14,14,Arts,Art Director,3.186799375935196,0,1,1,10.0
STU01954,19,Other,Psychology,4.6,3.5,No,70.4,5.9,Yes,4.0,5,2.7,11.9,Quiet Room,Yes,8,6,Visual,3.5,100,UCI_0100,12,13,13,13,14,14,Psychology,Marketing Manager,4.900690004810577,0,0,1,10.0
STU01955,22,Female,Computer Science,4.115493983188006,3.5,No,61.2,5.6,No,3.1,4,5.3,10.3,Dorm,Yes,8,8,Kinesthetic,8.1,77,UCI_0100,11,14,13,11,13,12,Computer Science,Financial Controller,4.505101725183792,1,1,0,7.75
STU01956,25,Female,Biology,1.6,5.0,No,40.0,7.8,No,3.2,4,5.1,7.9,Library,No,7,10,Visual,1.8,82,UCI_0100,10,13,13,13,14,14,Biology,Digital Marketing Specialist,2.550485661390181,0,1,1,8.0
STU01957,25,Other,Business,6.0,1.6,No,42.3,6.4,Yes,3.66,8,6.6,8.0,Cafe,Yes,6,5,Auditory,7.3,89,UCI_0100,10,14,15,12,13,14,Business,Market Research Analyst,3.110637464320054,0,2,1,9.15
STU01958,24,Other,Business,3.9,1.7,Yes,64.5,4.6,No,3.52,4,7.0,10.1,Quiet Room,Yes,9,6,Visual,10.0,91,UCI_0100,12,15,14,12,14,14,Business,Dentist,2.604464458931281,1,2,1,8.8
STU01959,20,Other,Business,4.7,1.5,Yes,43.8,8.4,Yes,2.48,2,10.0,10.4,Cafe,No,2,10,Kinesthetic,7.8,59,UCI_0149,8,11,11,12,12,12,Business,Mechanical Engineer,3.5195758240708224,0,1,1,6.2
STU01960,26,Male,Engineering,2.8,1.9,Yes,66.9,4.0,Yes,4.0,1,4.2,5.3,Library,Yes,7,7,Reading,7.7,100,UCI_0100,11,14,13,12,13,14,Engineering,Lawyer,4.984682992266606,1,3,1,10.0
STU01961,26,Other,Business,4.1,4.1,No,98.6,4.7,Yes,4.0,4,4.5,10.6,Cafe,No,10,10,Reading,2.2,98,UCI_0100,11,13,15,12,12,14,Business,Surgeon,4.229287718602075,2,3,0,10.0
STU01962,26,Other,Arts,7.3,1.0,No,87.3,5.5,No,4.0,2,3.1,10.0,Library,No,2,8,Reading,1.8,100,UCI_0100,11,14,15,13,13,13,Arts,Social Media Manager,4.823797857484889,1,3,1,10.0
STU01963,21,Male,Business,6.8,2.0,Yes,57.1,8.1,No,3.26,6,5.0,12.5,Co-Learning Group,No,4,10,Visual,7.0,83,UCI_0100,12,13,15,12,14,13,Business,Curriculum Developer,3.321078845610753,0,4,1,8.15
STU01964,28,Male,Biology,3.1,4.0,No,71.0,6.9,No,3.52,6,7.4,10.4,Library,Yes,10,10,Reading,5.6,95,UCI_0100,12,13,15,11,13,12,Biology,Legal Secretary,4.378570310775405,2,2,0,8.8
STU01965,28,Male,Biology,6.9,0.9,No,43.8,4.7,Yes,3.97,7,7.7,11.6,Library,Yes,9,8,Auditory,3.2,100,UCI_0100,12,15,13,13,12,13,Biology,Actuary,4.970301458384449,2,0,1,9.93
STU01966,21,Male,Computer Science,3.869657736495326,4.0,Yes,71.3,4.1,Yes,4.0,4,7.3,9.6,Dorm,No,3,6,Kinesthetic,9.7,91,UCI_0100,10,13,13,12,13,14,Computer Science,Marketing Manager,4.836326524620969,2,2,0,10.0
STU01967,17,Other,Psychology,1.1,0.2,No,79.7,6.0,No,4.0,4,2.3,5.2,Library,Yes,10,7,Reading,3.5,100,UCI_0100,10,15,13,11,12,12,Psychology,Analytical Chemist,2.9169910236137766,0,2,1,10.0
STU01968,20,Other,Arts,4.1,0.9,Yes,50.4,5.4,No,4.0,8,3.3,6.6,Cafe,No,2,10,Visual,3.0,100,UCI_0100,11,15,15,13,13,12,Arts,Organic Chemist,3.092197583681473,2,2,0,10.0
STU01969,22,Other,Engineering,8.3,0.5,Yes,65.1,5.7,Yes,3.37,2,7.8,10.7,Co-Learning Group,Yes,2,10,Reading,2.7,80,UCI_0246,13,13,11,13,16,14,Engineering,Accountant,4.642159810151561,1,4,1,8.43
STU01970,21,Other,Engineering,0.0,2.6,No,75.5,6.1,No,4.0,4,3.8,4.8,Quiet Room,Yes,10,7,Auditory,7.1,100,UCI_0246,14,13,12,14,14,15,Engineering,Composer,3.770007082821379,0,0,1,10.0
STU01971,23,Other,Engineering,2.6,4.4,Yes,41.0,8.7,Yes,4.0,2,5.2,12.1,Cafe,Yes,7,7,Auditory,3.3,96,UCI_0246,14,13,12,15,16,14,Engineering,Biomedical Engineer,3.699510857825666,1,2,0,10.0
STU01972,21,Male,Business,4.2,0.9,Yes,45.7,4.5,No,4.0,5,1.0,6.5,Co-Learning Group,No,5,8,Kinesthetic,9.6,100,UCI_0246,13,12,12,15,16,15,Business,Graphic Designer,4.234772924152148,2,2,0,10.0
STU01973,23,Other,Computer Science,6.889027755273254,2.8,No,88.6,5.9,Yes,4.0,8,9.2,11.2,Library,No,8,9,Kinesthetic,1.1,99,UCI_0246,12,13,13,15,15,14,Computer Science,Interior Designer,3.775216457300359,0,1,1,10.0
STU01974,18,Male,Psychology,7.2,4.0,Yes,67.7,4.9,No,4.0,7,4.6,13.8,Quiet Room,No,6,5,Kinesthetic,9.9,97,UCI_0246,13,11,12,15,14,16,Psychology,Principal,4.305830006741974,0,4,0,10.0
STU01975,28,Male,Arts,7.3,3.0,Yes,40.3,7.4,Yes,4.0,8,6.9,12.3,Cafe,Yes,9,10,Auditory,7.3,100,UCI_0246,12,11,13,13,16,16,Arts,Civil Engineer,3.758752241,2,1,0,10.0
STU01976,21,Female,Arts,7.6,1.6,No,74.2,10.1,No,4.0,7,4.4,11.3,Co-Learning Group,No,2,6,Kinesthetic,8.5,97,UCI_0246,12,11,11,13,16,16,Arts,Mechanical Engineer,4.539217598637782,2,1,1,10.0
STU01977,19,Female,Business,4.9,2.6,Yes,42.4,6.2,Yes,2.76,7,8.5,8.1,Dorm,Yes,6,10,Kinesthetic,1.8,73,UCI_0295,13,12,12,16,16,17,Business,AI Researcher,4.148435858295736,1,3,1,6.9
STU01978,24,Male,Biology,0.0,3.3,Yes,81.5,7.4,No,3.65,5,5.0,7.9,Quiet Room,Yes,2,5,Reading,4.9,94,UCI_0246,12,12,13,13,14,14,Biology,Counselor,4.804723358333931,0,4,1,9.12
STU01979,23,Male,Psychology,2.7,0.4,No,92.9,5.8,No,3.48,7,6.0,4.4,Cafe,No,9,8,Reading,6.9,84,UCI_0246,12,12,13,13,16,16,Psychology,Curriculum Developer,3.2631493669230807,1,4,1,8.7
STU01980,25,Female,Business,5.4,3.7,No,51.5,10.3,Yes,3.65,6,6.4,11.2,Dorm,No,8,10,Auditory,1.5,94,UCI_0246,14,13,11,14,16,16,Business,Psychologist,3.5949424050787746,1,2,0,9.12
STU01981,20,Female,Psychology,4.4,4.4,Yes,45.1,7.4,No,3.4,6,4.5,12.9,Cafe,Yes,9,10,Visual,3.6,84,UCI_0246,13,13,13,13,16,14,Psychology,Counselor,4.3011538216577145,1,0,1,8.5
STU01982,24,Female,Psychology,3.8,3.7,Yes,94.1,9.3,No,3.12,8,5.1,11.3,Dorm,Yes,9,10,Auditory,5.6,82,UCI_0246,13,11,13,13,15,16,Psychology,Animator,4.3202108871144365,0,3,0,7.8
STU01983,20,Other,Engineering,1.3,1.1,No,76.3,8.4,No,3.21,1,1.0,2.8,Quiet Room,No,4,10,Reading,2.2,80,UCI_0246,14,11,13,14,16,15,Engineering,Doctor,4.026063136149976,2,0,1,8.03
STU01984,16,Female,Biology,2.5,3.0,Yes,78.2,5.1,No,2.7,6,3.8,6.0,Library,No,7,10,Kinesthetic,4.8,60,UCI_0375,9,8,11,15,17,16,Biology,Geneticist,2.532016013,1,3,0,6.75
STU01985,16,Female,Psychology,1.9,1.8,Yes,60.5,7.3,No,3.29,8,4.1,9.2,Cafe,No,4,8,Kinesthetic,3.0,89,UCI_0246,12,13,11,13,16,15,Psychology,Clinical Psychologist,2.802675737828938,1,0,0,8.22
STU01986,27,Male,Computer Science,2.161284469088404,3.4,No,92.8,6.6,No,3.62,5,3.7,9.5,Cafe,No,8,8,Reading,4.5,84,UCI_0246,12,13,11,15,14,14,Computer Science,Chemical Engineer,4.130144982918273,1,3,1,9.05
STU01987,23,Male,Arts,4.1,2.6,No,63.7,8.7,Yes,4.0,5,5.2,10.0,Quiet Room,Yes,5,9,Kinesthetic,6.4,100,UCI_0035,11,14,14,11,13,12,Arts,Risk Analyst,4.007306671599531,0,3,1,10.0
STU01988,17,Female,Computer Science,3.6168315264286055,1.7,Yes,70.2,6.5,No,3.2,8,4.2,9.7,Quiet Room,No,2,10,Visual,9.1,80,UCI_0035,12,13,14,11,13,11,Computer Science,Legal Secretary,2.714584723819768,1,1,1,8.0
STU01989,25,Female,Business,3.5,5.0,Yes,50.8,10.4,Yes,4.0,8,4.2,13.5,Library,No,9,9,Reading,2.6,96,UCI_0035,11,15,15,13,12,13,Business,Market Research Analyst,3.110637464320054,0,2,1,10.0
STU01990,23,Other,Engineering,3.1,3.4,Yes,55.3,5.8,No,2.64,3,7.4,11.0,Cafe,No,2,7,Reading,3.8,67,UCI_0096,11,14,14,12,12,13,Engineering,Music Therapist,3.1555600462946303,1,4,0,6.6
STU01991,28,Female,Business,3.8,3.9,Yes,68.3,7.7,Yes,3.7,5,7.2,11.4,Dorm,Yes,6,10,Auditory,6.3,97,UCI_0035,12,14,15,13,13,13,Business,Doctor,4.1934492523539735,2,4,0,9.25
STU01992,22,Other,Psychology,5.4,2.5,No,77.0,4.8,Yes,3.22,1,2.7,13.1,Library,Yes,4,10,Auditory,4.6,92,UCI_0035,13,13,16,13,11,13,Psychology,Marketing Manager,3.689631960397631,1,4,0,8.05
STU01993,19,Female,Biology,3.9,0.7,Yes,86.1,6.1,No,3.03,2,4.3,6.8,Dorm,No,2,10,Auditory,1.4,83,UCI_0035,12,13,14,12,11,13,Biology,Curriculum Developer,3.397893592,0,2,0,7.57
STU01994,26,Female,Arts,5.1,4.7,Yes,43.2,6.0,Yes,3.25,8,3.4,12.7,Quiet Room,No,5,7,Visual,6.4,84,UCI_0035,13,15,15,12,13,13,Arts,Entrepreneur,3.130623595701958,1,3,1,8.12
STU01995,19,Male,Engineering,4.3,3.1,No,73.7,6.3,No,3.97,2,4.7,12.5,Quiet Room,No,2,10,Auditory,6.4,93,UCI_0035,11,14,16,13,13,11,Engineering,Inorganic Chemist,4.112884147978967,2,4,0,9.93
STU01996,18,Male,Arts,6.2,0.8,Yes,62.1,6.8,Yes,4.0,5,6.4,10.2,Quiet Room,Yes,7,6,Kinesthetic,8.4,91,UCI_0035,12,13,16,12,11,11,Arts,Forensic Psychologist,2.6078452759367043,2,4,0,10.0
STU01997,19,Other,Engineering,1.0,1.4,Yes,90.5,5.7,No,4.0,4,6.1,3.8,Cafe,Yes,1,6,Reading,1.3,97,UCI_0035,13,15,16,13,13,13,Engineering,AI Researcher,2.9303857796890846,2,1,1,10.0
STU01998,19,Male,Engineering,0.6,3.4,Yes,67.6,4.0,Yes,2.8,1,4.8,6.3,Dorm,No,8,6,Reading,3.1,65,UCI_0055,11,13,14,14,11,14,Engineering,Construction Manager,2.7923974103403943,2,4,0,7.0
STU01999,24,Male,Computer Science,7.997469923,2.1,No,41.3,6.8,Yes,4.0,4,7.3,12.4,Quiet Room,Yes,6,6,Visual,5.5,89,UCI_0035,12,13,14,11,13,13,Computer Science,Aerospace Engineer,2.54212834137452,2,3,0,10.0
STU02000,24,Female,Arts,5.6,1.2,Yes,69.9,6.8,No,2.97,5,5.1,9.8,Dorm,No,2,7,Auditory,3.1,77,UCI_0035,12,14,15,12,13,12,Arts,Architect,4.226862351168775,1,4,1,7.43
STU02001,20,Female,Computer Science,6.157213829569262,1.1,Yes,62.2,4.9,Yes,3.47,2,3.7,11.9,Library,No,3,10,Auditory,9.4,83,UCI_0035,12,14,15,13,12,13,Computer Science,Psychologist,3.025695447560328,2,0,0,8.68
STU02002,19,Male,Arts,3.5,0.7,No,88.2,9.5,Yes,3.39,7,5.4,6.9,Quiet Room,No,5,5,Auditory,3.2,85,UCI_0022,12,16,16,12,12,12,Arts,AI Researcher,3.820686929,1,2,0,8.47
STU02003,25,Female,Arts,1.2,4.5,Yes,65.6,6.5,Yes,4.0,5,4.7,10.9,Co-Learning Group,Yes,10,10,Visual,1.4,96,UCI_0022,12,15,16,12,13,13,Arts,Brand Manager,4.420049034880793,1,4,0,10.0
STU02004,21,Other,Engineering,3.3,4.9,Yes,84.7,6.7,No,4.0,3,3.4,11.0,Cafe,Yes,8,5,Kinesthetic,2.9,98,UCI_0022,13,15,14,11,13,13,Engineering,Biologist,2.785001083,1,2,1,10.0
STU02005,16,Female,Arts,5.5,1.6,Yes,76.9,7.7,Yes,3.44,4,5.2,9.6,Library,Yes,1,10,Reading,9.9,87,UCI_0022,12,16,14,11,13,12,Arts,Risk Analyst,4.007306671599531,0,3,1,8.6
STU02006,25,Male,Business,5.8,2.0,No,79.1,11.0,No,3.85,6,4.3,10.8,Quiet Room,No,1,10,Visual,9.6,100,UCI_0022,13,15,15,11,13,11,Business,Music Teacher,2.8071475694364025,0,3,1,9.62
STU02007,18,Female,Engineering,3.0,5.0,Yes,59.5,4.7,Yes,4.0,1,1.6,9.2,Dorm,Yes,5,8,Reading,1.9,100,UCI_0022,11,15,14,11,12,11,Engineering,Psychologist,3.1891422185041263,2,3,0,10.0
STU02008,17,Male,Psychology,2.5,2.1,Yes,98.3,6.6,No,3.21,3,5.6,8.6,Co-Learning Group,Yes,2,9,Auditory,9.5,83,UCI_0022,12,15,16,10,13,12,Psychology,Social Media Manager,4.030077832537677,0,1,1,8.03
STU02009,16,Other,Psychology,6.2,3.9,No,64.0,5.5,No,2.76,8,4.9,12.3,Dorm,No,9,8,Reading,5.5,72,UCI_0098,10,14,15,9,11,10,Psychology,Lawyer,3.415861333628846,2,3,0,6.9
STU02010,18,Male,Arts,1.4,4.4,Yes,80.4,6.5,No,2.98,6,7.6,10.4,Library,Yes,4,10,Visual,7.2,78,UCI_0235,15,14,12,13,13,14,Arts,Credit Analyst,3.937773889,0,1,1,7.45
STU02011,19,Female,Business,6.3,0.9,Yes,54.3,8.9,Yes,4.0,7,5.7,10.1,Quiet Room,Yes,10,9,Reading,2.7,100,UCI_0022,13,15,16,12,11,13,Business,Forensic Psychologist,4.018728739499954,1,4,0,10.0
STU02012,24,Female,Business,6.5,0.9,No,67.0,8.7,Yes,4.0,2,4.8,12.5,Cafe,No,3,6,Reading,5.6,96,UCI_0022,11,15,15,11,12,11,Business,Architectural Technologist,3.316372576907834,1,4,0,10.0
STU02013,20,Male,Business,4.4,4.3,No,77.7,6.0,Yes,3.63,3,6.7,13.6,Co-Learning Group,Yes,9,5,Visual,4.8,83,UCI_0022,11,16,16,12,12,13,Business,Education Administrator,4.3396019557981305,0,2,1,9.07
STU02014,22,Other,Engineering,4.4,2.2,No,96.0,6.7,Yes,4.0,1,4.1,10.1,Cafe,No,10,10,Reading,9.1,100,UCI_0022,12,14,14,10,12,13,Engineering,Illustrator,4.207062070197479,2,0,0,10.0
STU02015,16,Male,Biology,3.5,4.1,No,97.1,8.1,Yes,3.44,1,6.1,8.1,Co-Learning Group,Yes,6,10,Reading,8.6,88,UCI_0022,11,15,14,11,12,11,Biology,Architect,3.932554587600483,2,4,0,8.6
STU02016,25,Male,Arts,2.6,4.2,No,78.3,7.5,Yes,3.13,6,6.5,9.8,Library,Yes,4,8,Visual,5.4,84,UCI_0022,12,14,16,12,13,13,Arts,Surgeon,3.272713653163118,2,2,1,7.82
STU02017,25,Female,Biology,2.2,3.3,Yes,56.3,7.4,Yes,3.46,6,3.8,9.1,Cafe,No,1,10,Auditory,3.9,82,UCI_0022,11,16,14,12,13,13,Biology,Conductor,3.3176831202379025,2,4,1,8.65
STU02018,20,Male,Business,9.2,0.0,No,82.6,6.6,Yes,3.67,5,3.8,12.6,Dorm,No,8,10,Auditory,4.4,93,UCI_0022,13,16,16,10,11,13,Business,Special Education Teacher,3.083215761572844,2,4,1,9.18
STU02019,19,Other,Engineering,4.8,0.3,No,74.1,6.8,No,3.7,8,4.6,5.4,Cafe,Yes,2,10,Auditory,5.2,91,UCI_0022,11,15,14,11,13,13,Engineering,Manager,4.182016063,1,1,1,9.25
STU02020,17,Other,Psychology,4.0,2.4,No,54.6,7.0,No,4.0,7,4.1,9.7,Dorm,No,5,7,Reading,8.1,97,UCI_0022,12,15,15,11,12,13,Psychology,Mechanical Engineer,4.113288527025015,2,3,1,10.0
STU02021,16,Female,Engineering,2.4,1.0,No,81.8,7.9,No,4.0,3,5.1,6.1,Quiet Room,Yes,1,5,Kinesthetic,8.6,100,UCI_0235,13,13,13,13,12,13,Engineering,Digital Marketing Specialist,4.759393624951256,1,4,1,10.0
STU02022,27,Male,Business,6.7,1.9,No,96.2,9.1,No,4.0,6,4.5,11.5,Dorm,No,1,10,Auditory,1.0,98,UCI_0235,14,14,14,14,14,14,Business,Composer,4.929629269133001,2,3,1,10.0
STU02023,26,Male,Computer Science,5.326377969316674,3.1,No,84.8,6.6,Yes,4.0,1,2.0,11.5,Co-Learning Group,No,6,10,Reading,6.5,100,UCI_0235,13,13,14,13,14,13,Computer Science,Geneticist,4.459975685318261,2,4,1,10.0
STU02024,16,Other,Psychology,7.7,0.7,Yes,70.1,7.0,No,4.0,7,3.8,10.4,Library,Yes,9,10,Visual,7.6,97,UCI_0235,13,12,12,13,13,14,Psychology,Composer,4.335460775191125,2,1,0,10.0
STU02025,26,Female,Engineering,1.6,4.9,Yes,73.7,5.6,Yes,3.63,3,5.5,9.0,Library,Yes,2,7,Reading,6.7,93,UCI_0235,13,13,12,13,12,13,Engineering,Financial Controller,3.3317172952994056,1,1,1,9.07
STU02026,22,Male,Biology,3.7,4.1,Yes,68.8,4.7,No,3.73,6,8.2,11.3,Library,No,9,6,Visual,6.2,89,UCI_0235,13,12,13,13,13,14,Biology,Chemist,4.154876237647298,2,1,0,9.32
STU02027,26,Female,Computer Science,8.084984028685739,4.4,Yes,73.2,7.2,Yes,3.8,1,6.0,14.7,Co-Learning Group,No,6,5,Auditory,8.9,94,UCI_0235,13,12,14,14,12,13,Computer Science,Acoustics Specialist,4.328098288603821,0,0,1,9.5
STU02028,24,Female,Business,4.1,0.4,No,58.9,6.8,No,3.66,3,5.5,9.0,Quiet Room,No,10,5,Kinesthetic,9.8,96,UCI_0235,13,12,12,13,14,15,Business,Teacher,4.589660869051876,0,2,0,9.15
STU02029,25,Female,Computer Science,0.502447872,4.3,No,69.6,5.8,No,3.35,2,2.5,6.1,Quiet Room,No,6,10,Reading,2.5,86,UCI_0235,15,13,13,13,12,14,Computer Science,Curriculum Developer,4.768316924,1,1,0,8.38
STU02030,16,Male,Computer Science,2.270304006017946,4.5,Yes,56.6,9.1,No,4.0,2,7.1,10.8,Dorm,Yes,8,10,Reading,3.1,100,UCI_0235,13,13,12,14,14,15,Computer Science,Human Resources Specialist,4.140517958454076,1,4,1,10.0
STU02031,17,Other,Engineering,2.4,2.9,Yes,73.1,9.0,No,3.96,1,1.0,7.4,Library,No,10,10,Kinesthetic,6.1,92,UCI_0235,13,12,14,14,13,13,Engineering,Manager,2.587644911143169,2,0,0,9.9
STU02032,22,Female,Computer Science,3.4729880253975702,4.9,No,70.8,8.1,No,4.0,7,1.2,12.6,Library,No,6,9,Auditory,6.2,93,UCI_0312,11,11,11,15,14,18,Computer Science,Music Teacher,3.916954043984803,0,2,1,10.0
STU02033,24,Male,Psychology,2.4,0.9,Yes,71.5,6.9,Yes,3.69,3,6.3,6.4,Dorm,No,9,10,Kinesthetic,9.9,92,UCI_0312,12,10,9,14,16,17,Psychology,Human Resources Specialist,2.797925090241715,2,3,1,9.22
STU02034,22,Male,Arts,6.1,2.6,Yes,49.6,7.3,Yes,3.15,1,3.5,11.4,Co-Learning Group,Yes,10,10,Auditory,6.2,80,UCI_0312,11,12,9,14,16,17,Arts,Illustrator,2.742564865158517,1,4,0,7.88
STU02035,25,Other,Business,5.4,5.0,Yes,41.9,6.0,No,3.69,5,6.6,15.7,Library,Yes,4,6,Kinesthetic,3.0,88,UCI_0312,10,12,9,16,16,18,Business,Astronomer,3.0204758297126566,0,2,1,9.22
STU02036,20,Female,Business,4.1,2.9,No,58.6,5.4,No,4.0,1,3.6,10.7,Quiet Room,No,10,7,Auditory,6.0,94,UCI_0312,11,10,11,15,15,16,Business,Animator,3.4492834677233937,0,2,1,10.0
STU02037,26,Female,Arts,3.8,4.1,Yes,91.1,6.5,No,3.11,4,8.2,10.1,Cafe,Yes,4,7,Reading,7.9,80,UCI_0312,11,11,9,16,14,18,Arts,Electrical Engineer,2.798564599380988,2,4,0,7.77
STU02038,25,Female,Arts,6.2,4.7,Yes,95.2,9.0,No,3.62,6,2.8,14.6,Co-Learning Group,Yes,7,10,Kinesthetic,4.6,79,UCI_0312,12,11,9,15,15,17,Arts,Interior Designer,3.0987680181068544,0,4,1,9.05
STU02039,21,Male,Arts,2.9,1.4,Yes,67.5,5.9,No,4.0,2,5.8,7.6,Cafe,Yes,9,10,Visual,4.3,100,UCI_0312,10,11,9,15,15,17,Arts,Aerospace Engineer,3.3185795087752017,0,1,1,10.0
STU02040,24,Female,Computer Science,2.342663289605853,4.6,No,86.6,6.1,No,3.31,3,4.8,11.8,Quiet Room,No,6,10,Kinesthetic,5.5,71,UCI_0312,12,12,11,16,16,16,Computer Science,Biologist,3.08741692228316,0,0,0,8.28
STU02041,27,Female,Arts,5.2,2.3,No,61.3,8.8,No,3.21,2,6.0,10.8,Quiet Room,No,8,10,Visual,6.7,81,UCI_0312,10,11,10,16,14,16,Arts,Art Director,4.343089095,1,1,1,8.03
STU02042,25,Male,Business,5.1,3.4,No,57.8,7.6,Yes,3.86,8,7.8,11.7,Quiet Room,No,2,7,Auditory,1.1,100,UCI_0312,12,12,9,14,15,17,Business,Inorganic Chemist,4.928527348269863,2,3,0,9.65
STU02043,22,Female,Business,1.8,1.7,Yes,47.0,7.6,No,3.42,4,3.5,6.3,Dorm,Yes,6,10,Visual,8.6,84,UCI_0312,10,11,11,16,16,17,Business,Graphic Designer,4.469363488324039,2,4,0,8.55
STU02044,26,Female,Arts,1.6,0.5,Yes,99.3,9.2,Yes,2.81,2,6.7,6.6,Cafe,No,1,10,Visual,3.9,64,UCI_0252,12,14,14,12,12,10,Arts,Architectural Technologist,2.732555911879195,1,1,0,7.03
STU02045,17,Female,Psychology,2.1,0.3,Yes,64.9,9.0,Yes,4.0,4,4.8,5.1,Co-Learning Group,No,2,7,Kinesthetic,3.8,97,UCI_0312,12,10,10,14,14,16,Psychology,Special Education Teacher,4.963985951202176,1,2,0,10.0
STU02046,23,Female,Arts,3.5,1.6,Yes,57.0,7.6,No,4.0,4,5.7,7.5,Cafe,Yes,3,10,Kinesthetic,9.9,93,UCI_0312,10,11,9,14,15,17,Arts,Music Teacher,3.168241380863717,1,2,1,10.0
STU02047,20,Other,Computer Science,4.075851424700023,0.3,Yes,77.5,8.6,Yes,4.0,6,3.0,6.5,Cafe,No,6,5,Visual,8.2,97,UCI_0312,11,11,11,16,14,18,Computer Science,Market Research Analyst,4.667097363723954,1,2,0,10.0
STU02048,16,Other,Arts,5.7,4.5,Yes,86.5,6.5,Yes,3.42,7,4.2,14.7,Library,No,3,9,Kinesthetic,8.0,88,UCI_0312,11,11,11,14,15,18,Arts,Biochemist,3.8363802925456696,0,3,0,8.55
STU02049,22,Male,Computer Science,6.146040371235977,2.1,Yes,59.9,7.1,No,4.0,7,7.5,9.8,Library,Yes,9,6,Reading,2.9,94,UCI_0295,13,10,11,14,15,15,Computer Science,Organic Chemist,2.9918314473332077,1,1,0,10.0
STU02050,27,Female,Engineering,5.2,4.9,No,58.2,9.0,Yes,4.0,8,1.1,12.7,Dorm,Yes,8,10,Reading,2.2,100,UCI_0295,12,12,11,15,17,16,Engineering,Financial Advisor,4.602415735308973,0,4,0,10.0
STU02051,20,Female,Computer Science,4.360222137827253,3.0,No,83.2,6.8,Yes,2.85,4,6.0,11.4,Dorm,Yes,6,9,Auditory,6.3,75,UCI_0252,13,14,15,11,12,12,Computer Science,Legal Analyst,3.026830237100377,2,3,1,7.12
STU02052,21,Male,Computer Science,2.462429648203085,4.7,No,87.9,5.9,No,3.42,5,2.3,9.5,Library,No,2,10,Visual,7.3,85,UCI_0295,11,11,11,14,16,17,Computer Science,Biologist,3.08741692228316,0,0,0,8.55
STU02053,16,Male,Computer Science,4.852382088538988,4.7,Yes,43.6,6.3,No,4.0,6,4.9,11.3,Quiet Room,No,4,7,Reading,2.4,97,UCI_0295,12,10,10,15,17,15,Computer Science,Social Media Manager,3.936863034531653,2,2,1,10.0
STU02054,24,Male,Biology,2.2,2.5,No,76.4,8.5,Yes,2.85,7,3.0,9.4,Cafe,No,3,10,Visual,4.5,63,UCI_0351,13,11,10,14,15,15,Biology,Music Therapist,3.029942025200154,1,0,1,7.12
STU02055,21,Female,Computer Science,5.624493180834527,2.8,No,67.7,9.2,Yes,4.0,4,5.5,10.0,Quiet Room,No,2,6,Auditory,6.6,96,UCI_0295,11,10,12,16,15,15,Computer Science,Game Developer,3.980635804469748,2,3,0,10.0
STU02056,22,Female,Psychology,3.6,1.6,No,71.2,6.6,No,3.89,2,3.9,7.2,Quiet Room,No,7,10,Visual,3.4,96,UCI_0295,11,12,10,14,16,16,Psychology,Manager,4.872518471397738,2,0,0,9.72
STU02057,23,Male,Engineering,3.3,4.1,No,58.1,7.6,No,2.56,8,6.9,10.9,Quiet Room,No,9,10,Auditory,1.0,67,UCI_0040,15,12,13,14,12,13,Engineering,Conductor,2.581618257359928,2,1,1,6.4
STU02058,22,Female,Business,5.1,3.4,Yes,68.4,6.0,Yes,3.93,1,4.5,9.3,Dorm,Yes,6,7,Reading,5.6,96,UCI_0295,12,11,12,14,17,17,Business,Legal Consultant,4.642481544231222,0,1,1,9.83
STU02059,17,Other,Psychology,1.8,4.6,Yes,70.9,6.1,Yes,2.87,6,8.2,9.5,Cafe,Yes,10,6,Reading,1.1,68,UCI_0304,13,11,11,14,16,14,Psychology,Geneticist,2.827753750721669,1,4,1,7.18
STU02060,17,Other,Computer Science,4.370526941031952,1.9,No,65.1,7.7,No,3.67,5,4.0,9.9,Library,Yes,9,7,Reading,8.2,84,UCI_0295,11,11,12,15,15,16,Computer Science,Art Director,2.9973387804128624,2,1,0,9.18
STU02061,26,Other,Engineering,3.3,3.9,No,99.1,6.7,Yes,4.0,1,2.6,11.9,Cafe,No,4,8,Reading,7.1,96,UCI_0295,11,12,11,15,16,17,Engineering,Chemical Engineer,3.1183372229041906,1,2,0,10.0
STU02062,19,Male,Engineering,5.3,2.4,Yes,82.6,6.7,Yes,4.0,5,8.5,8.6,Quiet Room,Yes,3,7,Auditory,9.6,95,UCI_0295,13,11,11,14,16,16,Engineering,Market Research Analyst,3.178910963325567,1,3,1,10.0
STU02063,17,Female,Computer Science,2.7333969091752865,3.7,No,55.8,8.4,No,4.0,8,4.1,7.1,Dorm,No,1,7,Reading,5.2,94,UCI_0295,12,12,12,15,16,15,Computer Science,Graphic Designer,4.338350168,2,2,1,10.0
STU02064,22,Other,Biology,8.0,4.4,Yes,81.4,6.9,Yes,4.0,1,5.9,16.5,Cafe,Yes,2,10,Kinesthetic,3.9,91,UCI_0295,12,12,12,16,16,17,Biology,Teacher,4.545614008289872,1,4,0,10.0
STU02065,22,Male,Engineering,4.0,2.1,Yes,62.9,8.7,Yes,4.0,4,8.1,7.8,Library,No,5,5,Reading,5.2,96,UCI_0295,13,11,10,15,17,16,Engineering,Art Director,2.890378627964299,2,1,0,10.0
STU02066,25,Other,Biology,0.7,2.9,No,86.0,6.7,No,3.35,2,2.1,7.2,Cafe,No,4,10,Kinesthetic,1.1,86,UCI_0333,10,11,9,15,14,17,Biology,Advertising Manager,3.875534709,0,3,1,8.38
STU02067,28,Female,Arts,7.1,4.3,No,97.3,9.9,No,3.59,7,5.0,14.5,Cafe,No,3,10,Reading,1.6,86,UCI_0333,9,10,9,13,14,16,Arts,Counselor,3.326037086508028,1,2,0,8.97
STU02068,25,Male,Engineering,5.2,2.2,No,46.3,7.5,No,4.0,2,5.4,9.6,Cafe,Yes,10,6,Kinesthetic,7.5,100,UCI_0333,9,9,10,13,13,16,Engineering,Chemist,2.5861201736647126,2,0,1,10.0
STU02069,22,Other,Engineering,6.4,0.7,Yes,77.0,9.1,No,3.34,2,2.2,10.8,Quiet Room,No,9,10,Auditory,9.1,84,UCI_0333,9,10,11,15,14,17,Engineering,Doctor,3.750258166,1,2,0,8.35
STU02070,26,Male,Arts,3.4,1.2,No,71.1,7.4,No,2.64,3,5.2,7.4,Co-Learning Group,Yes,6,10,Visual,9.4,65,UCI_0288,9,9,11,15,15,15,Arts,Psychologist,4.907087238202669,0,2,1,6.6
STU02071,24,Male,Psychology,2.4,2.5,Yes,43.1,7.5,Yes,3.79,2,6.3,8.0,Quiet Room,Yes,9,9,Visual,8.2,95,UCI_0333,8,9,10,14,13,17,Psychology,Risk Analyst,4.449496187061007,1,1,1,9.47
STU02072,27,Other,Business,6.6,4.4,Yes,51.7,6.7,Yes,4.0,1,5.8,14.1,Cafe,Yes,6,9,Reading,6.4,99,UCI_0333,8,11,9,14,15,16,Business,Conductor,4.573824246352059,2,4,1,10.0
STU02073,18,Male,Computer Science,2.8805268242435607,1.8,No,40.8,8.2,Yes,4.0,8,7.6,9.9,Co-Learning Group,No,2,7,Auditory,3.8,94,UCI_0333,10,11,11,14,15,16,Computer Science,Biomedical Engineer,4.234724304365713,2,0,1,10.0
STU02074,25,Other,Business,5.9,1.1,No,41.2,7.9,No,3.16,7,5.2,11.0,Quiet Room,No,7,10,Kinesthetic,9.1,90,UCI_0333,10,11,9,14,15,15,Business,Composer,3.0709858982387552,1,0,1,7.9
STU02075,23,Male,Computer Science,7.695316823119872,3.3,Yes,76.5,5.1,No,3.92,8,5.2,15.8,Co-Learning Group,Yes,1,8,Kinesthetic,5.6,100,UCI_0333,10,9,11,15,13,17,Computer Science,Nuclear Physicist,4.618528848,2,0,0,9.8
STU02076,17,Female,Arts,3.7,3.1,No,65.7,7.4,Yes,4.0,3,4.7,10.6,Co-Learning Group,Yes,5,10,Visual,7.4,100,UCI_0333,8,10,11,13,13,16,Arts,Credit Analyst,4.03514401,2,0,0,10.0
STU02077,20,Male,Biology,4.9,1.3,No,90.5,6.5,No,4.0,3,2.5,8.9,Library,Yes,6,9,Visual,6.7,100,UCI_0333,9,9,10,13,13,15,Biology,Landscape Architect,4.2888743534185725,2,1,1,10.0
STU02078,26,Female,Computer Science,7.5300199548013795,2.3,Yes,74.3,6.0,Yes,4.0,2,7.0,13.8,Library,No,8,10,Reading,6.8,97,UCI_0333,8,11,11,14,15,16,Computer Science,Civil Engineer,4.998260105182285,1,1,0,10.0
STU02079,26,Male,Engineering,2.4,0.3,Yes,47.4,5.5,No,3.21,1,4.7,6.7,Library,Yes,9,9,Kinesthetic,8.7,84,UCI_0333,10,9,9,15,13,17,Engineering,Forensic Psychologist,4.990038891805987,0,3,0,8.03
STU02080,26,Other,Business,4.4,0.8,No,45.0,7.9,Yes,4.0,5,4.3,9.4,Cafe,No,3,10,Auditory,1.4,96,UCI_0333,9,10,10,15,13,17,Business,Organic Chemist,3.9799222073598433,1,3,0,10.0
STU02081,28,Female,Business,0.5,4.5,Yes,91.0,9.3,Yes,2.65,6,8.1,9.7,Quiet Room,No,6,10,Visual,8.9,64,UCI_0351,13,13,12,15,14,15,Business,Forensic Psychologist,4.867681661151315,0,4,1,6.62
STU02082,21,Female,Biology,2.1,1.7,No,46.0,6.2,No,2.64,2,6.2,6.8,Cafe,Yes,4,9,Reading,6.1,59,UCI_0192,11,12,12,11,11,13,Biology,Organic Chemist,4.949076154311455,2,0,0,6.6
STU02083,27,Female,Psychology,6.3,4.8,No,54.8,5.8,No,4.0,8,5.8,13.0,Co-Learning Group,No,7,10,Auditory,3.1,100,UCI_0333,9,11,10,13,14,15,Psychology,Human Resources Specialist,2.5803306814738254,1,1,0,10.0
STU02084,18,Male,Biology,1.3,1.4,No,61.1,8.3,Yes,4.0,4,5.6,7.5,Co-Learning Group,No,7,6,Kinesthetic,8.6,100,UCI_0028,16,17,14,10,10,11,Biology,Credit Analyst,2.791923102195865,0,4,0,10.0
STU02085,21,Other,Business,4.7,3.2,Yes,71.1,7.0,No,2.51,8,6.5,12.5,Dorm,No,9,10,Visual,1.2,56,UCI_0005,6,10,10,11,13,13,Business,Data Scientist,2.887501565013155,2,4,1,6.27
STU02086,27,Female,Biology,4.5,1.7,No,98.6,8.5,Yes,4.0,4,3.4,9.7,Co-Learning Group,No,2,6,Kinesthetic,3.7,99,UCI_0028,16,15,15,11,10,12,Biology,Acoustics Specialist,3.461365807565815,2,0,1,10.0
STU02087,16,Female,Engineering,0.7,0.4,Yes,42.7,6.6,No,3.19,8,2.2,3.6,Dorm,No,9,9,Visual,3.5,89,UCI_0028,14,17,16,11,12,11,Engineering,Game Developer,4.708222272593321,1,3,1,7.97
STU02088,20,Male,Computer Science,5.538750760021865,2.1,No,77.2,5.8,Yes,3.08,1,6.5,10.8,Co-Learning Group,No,7,10,Kinesthetic,3.7,85,UCI_0028,14,15,16,11,12,10,Computer Science,Financial Advisor,3.5910219238278565,1,2,1,7.7
STU02089,25,Other,Biology,0.8,0.9,No,44.5,5.9,No,4.0,1,3.6,3.0,Cafe,Yes,2,9,Reading,9.3,96,UCI_0028,16,17,14,11,12,10,Biology,Brand Manager,2.7910254649487984,0,0,1,10.0
STU02090,24,Male,Computer Science,3.341325939720971,1.5,Yes,88.8,8.5,Yes,3.87,4,7.8,7.6,Quiet Room,Yes,5,9,Reading,5.8,91,UCI_0028,14,15,15,10,11,12,Computer Science,Marketing Manager,3.1240304896747038,0,2,1,9.68
STU02091,28,Male,Arts,2.1,2.6,No,45.8,5.6,Yes,4.0,8,1.6,6.7,Library,No,6,10,Kinesthetic,7.1,97,UCI_0028,14,15,15,10,10,10,Arts,Civil Engineer,2.551045526973564,0,2,0,10.0
STU02092,25,Male,Business,4.1,2.6,No,89.0,8.4,No,2.98,1,8.7,11.6,Co-Learning Group,Yes,5,7,Reading,2.5,78,UCI_0028,14,17,14,11,12,11,Business,AI Researcher,4.724830428785223,0,4,1,7.45
STU02093,16,Other,Engineering,0.3,1.4,Yes,75.1,7.8,Yes,4.0,4,6.9,6.9,Quiet Room,Yes,6,7,Kinesthetic,2.2,99,UCI_0028,15,16,16,10,10,12,Engineering,Biotechnologist,3.989469039378359,0,4,0,10.0
STU02094,19,Female,Psychology,3.7,3.0,No,73.1,6.5,Yes,3.04,5,5.6,11.2,Co-Learning Group,No,6,10,Auditory,8.8,76,UCI_0028,14,15,14,10,10,11,Psychology,Aerospace Engineer,3.414391965,0,3,1,7.6
STU02095,18,Male,Business,4.9,1.6,Yes,84.7,8.7,No,3.32,5,7.5,11.0,Library,Yes,7,10,Reading,3.6,96,UCI_0028,15,15,16,10,12,12,Business,Physicist,4.572386388404339,2,3,0,8.3
STU02096,20,Female,Psychology,5.8,4.5,No,94.1,8.1,Yes,3.42,5,6.4,14.3,Dorm,No,10,10,Visual,4.3,84,UCI_0028,15,16,14,10,12,11,Psychology,Market Research Analyst,3.4179952255901997,2,1,0,8.55
STU02097,22,Female,Engineering,3.5,3.8,No,70.8,7.8,No,3.93,8,4.3,12.1,Cafe,Yes,3,10,Auditory,9.9,96,UCI_0028,14,17,16,10,10,10,Engineering,Doctor,3.8120140188279774,2,2,0,9.83
STU02098,21,Male,Business,4.3,3.0,No,67.8,7.8,No,2.77,6,4.5,8.0,Quiet Room,No,10,10,Visual,2.2,70,UCI_0245,13,12,12,15,13,13,Business,Mechanical Engineer,3.5195758240708224,0,1,1,6.92
STU02099,20,Female,Biology,2.9,4.8,Yes,88.7,7.1,No,3.02,6,1.1,11.7,Cafe,No,3,8,Auditory,8.9,71,UCI_0028,15,15,15,10,12,12,Biology,Organic Chemist,2.8442277221353844,2,2,0,7.55
STU02100,27,Other,Biology,5.1,3.9,Yes,67.6,5.2,No,4.0,3,5.4,12.3,Cafe,Yes,6,10,Kinesthetic,5.6,99,UCI_0028,15,16,14,10,11,10,Biology,Financial Analyst,4.539158383513009,2,1,1,10.0
STU02101,23,Male,Computer Science,4.4147673623470425,4.5,Yes,50.8,7.9,Yes,3.94,8,5.7,11.6,Co-Learning Group,Yes,2,9,Kinesthetic,3.9,100,UCI_0028,15,16,14,11,11,12,Computer Science,Geneticist,4.459975685318261,2,4,1,9.85
STU02102,27,Male,Engineering,3.8,1.4,Yes,62.6,6.4,Yes,2.48,6,7.1,9.4,Cafe,Yes,6,10,Kinesthetic,4.6,63,UCI_0157,10,11,9,14,14,13,Engineering,Architect,4.913811236841673,1,1,1,6.2
STU02103,23,Male,Arts,3.7,0.3,Yes,87.3,6.0,Yes,3.66,7,1.8,8.0,Dorm,Yes,10,5,Reading,3.1,94,UCI_0028,16,17,14,12,10,10,Arts,Geneticist,2.605155667180249,1,3,1,9.15
STU02104,18,Male,Biology,0.8,3.6,No,83.0,8.6,Yes,4.0,2,3.3,6.7,Quiet Room,Yes,9,6,Reading,7.2,100,UCI_0372,10,11,11,14,15,15,Biology,Musician,4.949179768731739,1,4,1,10.0
STU02105,17,Male,Engineering,0.0,2.2,No,73.3,4.8,Yes,4.0,1,1.0,4.4,Library,Yes,2,10,Auditory,5.7,98,UCI_0372,11,11,10,13,14,17,Engineering,Physicist,4.769585550978272,1,0,1,10.0
STU02106,18,Male,Business,4.1,3.0,Yes,88.4,6.8,No,4.0,3,6.1,8.0,Dorm,No,5,6,Reading,10.0,100,UCI_0372,11,11,9,15,15,16,Business,Urban Planner,3.6691614805176775,0,1,1,10.0
STU02107,27,Other,Arts,6.3,2.2,Yes,45.0,8.2,Yes,3.32,5,4.2,12.7,Dorm,Yes,3,7,Reading,1.6,81,UCI_0372,12,10,10,15,15,15,Arts,School Psychologist,2.7815312552066724,0,4,0,8.3
STU02108,16,Other,Engineering,3.3,2.7,Yes,76.2,7.8,No,4.0,6,5.1,10.9,Co-Learning Group,No,9,10,Kinesthetic,7.5,100,UCI_0372,10,10,10,14,14,17,Engineering,Manager,4.940370216268419,0,0,0,10.0
STU02109,16,Female,Engineering,5.4,1.0,No,89.8,7.8,Yes,3.48,5,5.2,7.8,Cafe,No,6,10,Auditory,5.5,78,UCI_0372,10,11,11,13,14,15,Engineering,Manager,2.587644911143169,2,0,0,8.7
STU02110,23,Other,Computer Science,3.614784941139212,1.5,Yes,65.2,6.7,No,2.49,5,9.6,7.9,Dorm,No,1,10,Kinesthetic,6.0,51,UCI_0206,10,10,11,13,13,13,Computer Science,Social Media Manager,4.667283134080658,0,4,1,6.23
STU02111,24,Male,Psychology,5.4,2.9,Yes,81.4,6.4,No,3.71,1,8.3,12.1,Co-Learning Group,No,1,10,Kinesthetic,9.4,92,UCI_0372,10,12,9,15,15,15,Psychology,Risk Analyst,4.967295780690484,0,4,0,9.28
STU02112,19,Male,Psychology,5.5,2.3,Yes,88.8,5.6,Yes,2.95,5,1.0,10.4,Library,Yes,9,10,Visual,8.9,74,UCI_0372,10,10,9,13,15,15,Psychology,Legal Consultant,2.5771647378182365,0,2,0,7.38
STU02113,23,Male,Biology,3.8,0.7,Yes,50.1,5.6,Yes,4.0,7,4.6,8.3,Dorm,No,1,8,Auditory,5.5,99,UCI_0372,12,10,9,13,14,17,Biology,Counselor,4.656912690310808,0,0,0,10.0
STU02114,20,Other,Arts,5.0,4.1,Yes,59.6,7.9,No,4.0,1,4.9,11.0,Dorm,No,10,10,Auditory,8.2,99,UCI_0372,10,10,11,14,14,17,Arts,Nurse,3.724866308597078,1,4,0,10.0
STU02115,16,Male,Business,6.3,1.2,No,59.1,6.6,No,3.86,7,1.2,13.3,Dorm,Yes,3,10,Reading,7.4,100,UCI_0372,10,10,10,15,14,17,Business,Marketing Specialist,4.544462917400894,0,3,1,9.65
STU02116,18,Male,Business,4.4,0.6,No,57.1,7.1,No,4.0,1,4.8,8.8,Cafe,No,2,9,Kinesthetic,5.3,97,UCI_0372,10,12,9,14,15,15,Business,Surgeon,2.613645821777072,2,1,0,10.0
STU02117,16,Female,Business,1.5,0.1,Yes,84.1,8.0,Yes,2.6,2,8.4,3.8,Cafe,No,8,9,Kinesthetic,4.2,64,UCI_0213,13,12,13,14,13,11,Business,Physician Assistant,4.882717858517635,2,3,1,6.5
STU02118,22,Male,Business,3.0,4.1,Yes,55.7,4.0,No,4.0,2,4.3,10.0,Dorm,Yes,10,10,Visual,5.4,95,UCI_0372,12,12,11,15,16,17,Business,Software Developer,3.540516898962507,2,2,1,10.0
STU02119,17,Female,Computer Science,6.008176714479962,3.6,Yes,74.5,8.5,No,4.0,4,4.4,14.2,Library,No,2,10,Kinesthetic,9.4,100,UCI_0372,10,12,9,14,16,15,Computer Science,Architect,4.212281897772944,1,2,0,10.0
STU02120,21,Female,Engineering,3.6,0.1,No,78.6,8.7,No,3.44,7,6.6,7.0,Cafe,Yes,10,5,Auditory,9.7,81,UCI_0372,12,11,9,13,15,16,Engineering,Inorganic Chemist,4.595225933,0,0,1,8.6
STU02121,26,Female,Arts,3.5,1.6,Yes,77.8,4.1,No,3.97,4,4.9,6.5,Dorm,Yes,8,7,Kinesthetic,3.2,90,UCI_0277,10,9,9,14,15,17,Arts,Artist,4.934906082991546,0,1,0,9.93
STU02122,17,Other,Biology,3.4,3.1,Yes,64.4,8.4,Yes,3.71,5,4.6,8.7,Cafe,No,1,10,Reading,4.0,97,UCI_0277,9,11,9,15,17,16,Biology,Electrical Engineer,3.891554728060952,1,1,0,9.28
STU02123,25,Other,Arts,4.8,2.4,No,52.6,8.1,No,3.65,4,7.3,8.1,Cafe,No,2,7,Auditory,3.1,94,UCI_0277,9,10,9,16,17,16,Arts,Cybersecurity Analyst,4.043254358216744,2,0,1,9.12
STU02124,24,Male,Business,5.5,2.3,Yes,84.8,8.4,No,3.62,8,7.4,11.5,Quiet Room,No,7,5,Visual,7.7,94,UCI_0277,10,10,11,15,17,16,Business,Artist,2.884854105918264,2,1,1,9.05
STU02125,25,Other,Biology,7.9,1.2,Yes,51.2,6.2,Yes,3.75,1,6.8,14.1,Cafe,No,7,10,Visual,6.5,86,UCI_0277,9,11,10,16,16,16,Biology,Interior Designer,4.093148573389769,1,1,0,9.38
STU02126,24,Female,Arts,3.9,2.3,Yes,48.4,7.9,Yes,4.0,6,2.8,9.8,Quiet Room,Yes,2,9,Visual,7.1,97,UCI_0277,10,10,11,15,17,16,Arts,Market Research Analyst,4.491055850306398,1,4,0,10.0
STU02127,19,Female,Computer Science,4.6466675225815575,3.4,Yes,79.2,10.2,No,3.15,3,9.8,11.5,Dorm,No,9,10,Kinesthetic,7.7,85,UCI_0277,9,11,10,16,16,16,Computer Science,Electrical Engineer,3.142366272628376,2,1,1,7.88
STU02128,17,Other,Engineering,4.4,4.0,No,57.8,6.5,No,4.0,1,7.2,9.9,Co-Learning Group,Yes,1,6,Reading,3.8,100,UCI_0277,11,10,11,15,15,15,Engineering,School Counselor,4.345987400541032,2,2,1,10.0
STU02129,20,Male,Arts,5.4,3.9,Yes,78.6,6.5,No,4.0,5,6.2,13.9,Quiet Room,No,2,10,Visual,2.1,100,UCI_0277,11,10,10,16,16,16,Arts,Advertising Manager,3.297026754747971,1,2,1,10.0
STU02130,16,Male,Engineering,0.0,0.5,No,60.2,7.6,No,2.73,4,5.4,2.2,Cafe,No,8,8,Visual,4.5,76,UCI_0381,13,15,17,9,11,9,Engineering,Digital Marketing Specialist,4.937708152027163,0,3,1,6.83
STU02131,24,Other,Computer Science,4.939765682651276,2.7,No,78.5,5.8,Yes,3.65,1,4.0,12.4,Quiet Room,Yes,5,10,Auditory,8.0,93,UCI_0277,9,11,10,16,16,15,Computer Science,Data Scientist,4.178394414065052,0,4,1,9.12
STU02132,28,Other,Psychology,4.2,4.5,No,82.6,7.4,Yes,3.32,3,5.7,11.4,Library,Yes,9,10,Reading,5.0,79,UCI_0277,11,9,9,16,15,16,Psychology,Principal,4.528249905651029,2,4,0,8.3
STU02133,19,Female,Engineering,4.1,3.2,Yes,43.0,4.3,Yes,2.7,5,3.5,9.1,Dorm,No,4,10,Reading,3.6,54,UCI_0304,13,9,10,14,15,16,Engineering,Physician Assistant,3.542412604600429,1,4,0,6.75
STU02134,25,Male,Biology,5.3,4.1,No,74.7,7.0,Yes,4.0,8,6.5,13.5,Library,Yes,3,9,Kinesthetic,7.6,100,UCI_0277,10,9,11,15,17,17,Biology,Chemist,4.822230215760138,2,1,1,10.0
STU02135,26,Other,Business,3.1,1.6,No,92.1,4.9,No,4.0,6,3.7,7.3,Quiet Room,No,1,8,Reading,9.2,96,UCI_0277,9,10,10,15,15,16,Business,Financial Controller,3.063349984720501,2,2,0,10.0
STU02136,24,Female,Biology,3.9,2.1,No,98.2,6.2,Yes,4.0,2,7.3,11.0,Quiet Room,Yes,3,10,Visual,4.8,88,UCI_0277,10,9,9,14,17,17,Biology,Physicist,3.836624275805389,2,2,0,10.0
STU02137,28,Female,Arts,3.1,0.5,No,44.3,7.2,No,4.0,4,1.5,7.2,Dorm,Yes,5,8,Auditory,7.4,100,UCI_0277,10,10,9,14,17,15,Arts,Legal Analyst,2.559677044363313,2,0,0,10.0
STU02138,23,Male,Arts,4.4,4.6,Yes,82.6,8.0,Yes,4.0,8,4.3,11.8,Library,No,9,9,Visual,3.9,97,UCI_0277,9,11,10,14,16,17,Arts,Teacher,4.792063039985614,2,4,0,10.0
STU02139,22,Male,Business,3.6,0.6,Yes,81.5,5.9,Yes,4.0,2,3.8,8.5,Quiet Room,Yes,6,9,Visual,7.3,100,UCI_0311,9,10,9,14,16,16,Business,Risk Analyst,2.899803141392286,2,0,1,10.0
STU02140,27,Male,Engineering,3.6,0.6,No,66.7,8.1,No,3.19,1,5.6,8.9,Dorm,Yes,2,10,Visual,5.8,77,UCI_0311,8,9,9,14,15,18,Engineering,Chemical Engineer,3.586535422188946,2,0,1,7.97
STU02141,18,Male,Arts,1.8,3.2,Yes,81.5,7.4,No,4.0,2,7.4,5.9,Library,No,7,7,Visual,8.4,99,UCI_0311,9,9,9,14,15,17,Arts,Zoologist,3.8063420388304072,0,0,0,10.0
STU02142,26,Male,Arts,2.1,1.8,No,71.9,8.7,Yes,3.76,4,3.3,6.0,Dorm,Yes,5,8,Kinesthetic,8.3,93,UCI_0311,10,9,8,14,14,16,Arts,Forensic Psychologist,2.6078452759367043,2,4,0,9.4
STU02143,20,Female,Engineering,6.3,1.4,Yes,49.1,6.7,Yes,2.85,7,5.2,11.1,Co-Learning Group,No,6,10,Visual,4.3,72,UCI_0096,11,13,13,12,12,11,Engineering,Dentist,4.611494094,1,2,0,7.12
STU02144,25,Female,Psychology,3.1,0.8,No,61.8,4.0,No,3.45,2,2.7,5.9,Cafe,Yes,6,10,Kinesthetic,5.0,85,UCI_0311,8,9,9,14,15,17,Psychology,Astronomer,2.7904000288553075,0,1,1,8.62
STU02145,27,Female,Engineering,5.1,1.3,No,67.7,6.9,Yes,3.47,6,3.6,9.7,Library,Yes,3,8,Visual,7.7,92,UCI_0311,10,11,9,15,16,18,Engineering,Forensic Psychologist,4.990038891805987,0,3,0,8.68
STU02146,21,Male,Computer Science,5.482550294995343,3.5,Yes,48.5,6.4,Yes,3.03,5,7.6,11.5,Co-Learning Group,Yes,5,9,Reading,9.9,69,UCI_0311,8,10,9,13,14,17,Computer Science,Acoustics Specialist,3.012701486221721,0,4,0,7.57
STU02147,20,Other,Engineering,5.7,0.9,Yes,67.4,8.1,Yes,2.6,7,8.1,9.0,Library,No,7,10,Visual,8.5,65,UCI_0007,12,12,11,13,12,13,Engineering,AI Researcher,4.319921760150759,0,3,0,6.5
STU02148,25,Female,Business,0.0,2.8,Yes,89.6,5.6,No,3.27,5,5.1,6.9,Co-Learning Group,No,10,10,Visual,6.2,88,UCI_0311,10,11,8,15,15,17,Business,Paralegal,4.034183405343116,0,4,1,8.18
STU02149,19,Female,Engineering,5.2,0.7,No,58.4,7.8,Yes,3.33,4,5.0,7.7,Library,Yes,9,10,Reading,7.5,75,UCI_0311,10,10,8,13,15,16,Engineering,Biotechnologist,2.7521199937096466,2,3,0,8.32
STU02150,22,Other,Business,3.9,2.4,No,90.6,6.6,No,3.0,5,4.7,11.0,Dorm,Yes,3,5,Kinesthetic,3.2,75,UCI_0311,8,11,8,13,15,16,Business,Counselor,4.342284962016871,2,0,1,7.5
STU02151,27,Female,Psychology,1.1,3.6,Yes,40.2,5.5,Yes,2.83,1,3.4,8.2,Quiet Room,No,1,8,Auditory,1.7,68,UCI_0013,14,14,14,12,13,12,Psychology,Lawyer,3.9869650230329774,2,3,0,7.08
STU02152,16,Female,Arts,6.5,2.0,Yes,94.8,6.0,Yes,4.0,7,3.6,10.3,Quiet Room,Yes,6,10,Kinesthetic,9.8,96,UCI_0311,10,10,10,14,15,16,Arts,Risk Analyst,4.233311135431813,0,1,0,10.0
STU02153,21,Other,Computer Science,6.246464035095263,4.8,No,52.8,7.0,No,3.71,6,7.1,12.8,Dorm,No,6,8,Kinesthetic,1.6,98,UCI_0311,9,9,10,13,14,17,Computer Science,Quantum Physicist,3.329142040338502,1,1,0,9.28
STU02154,21,Male,Computer Science,4.470548790078496,4.7,No,90.5,7.7,No,3.51,2,3.4,12.1,Quiet Room,Yes,1,8,Kinesthetic,4.5,85,UCI_0311,9,9,9,13,16,17,Computer Science,Pharmacist,4.354340102404559,1,4,1,8.77
STU02155,20,Female,Computer Science,2.454274127,2.4,No,74.8,6.0,No,3.84,8,3.9,8.6,Cafe,No,4,8,Kinesthetic,3.0,95,UCI_0311,10,11,9,15,14,18,Computer Science,Fluid Mechanics Engineer,4.655915058687439,0,1,1,9.6
STU02156,16,Male,Psychology,1.1,1.0,Yes,84.0,4.7,Yes,4.0,2,1.1,4.2,Co-Learning Group,Yes,3,6,Kinesthetic,5.9,100,UCI_0304,12,11,10,13,16,15,Psychology,Physician Assistant,3.828403034043177,0,3,0,10.0
STU02157,20,Male,Engineering,1.4,1.4,No,82.8,9.0,No,3.12,3,6.4,5.2,Cafe,Yes,10,6,Visual,1.2,84,UCI_0304,11,10,10,14,16,16,Engineering,Psychologist,2.8098547427924587,0,4,1,7.8
STU02158,23,Female,Computer Science,3.623403745878448,1.5,Yes,64.9,6.5,Yes,4.0,3,4.1,9.3,Library,Yes,8,10,Kinesthetic,5.7,100,UCI_0304,12,10,12,13,14,14,Computer Science,Electrical Engineer,4.823882481969986,0,0,0,10.0
STU02159,26,Male,Arts,2.7,4.7,No,70.6,7.9,Yes,3.68,6,4.3,10.0,Dorm,No,4,10,Kinesthetic,9.7,98,UCI_0304,13,10,10,13,14,16,Arts,Composer,3.179899414765623,0,2,0,9.2
STU02160,24,Other,Biology,4.4,2.8,No,99.2,7.4,No,4.0,5,7.8,11.7,Quiet Room,Yes,2,10,Reading,9.7,100,UCI_0304,12,9,10,14,15,16,Biology,Chemist,3.5330164005301614,0,1,0,10.0
STU02161,22,Female,Psychology,2.6,2.3,Yes,64.4,8.1,Yes,4.0,1,4.4,5.7,Library,No,9,10,Kinesthetic,8.1,98,UCI_0304,11,9,10,14,16,15,Psychology,Financial Controller,3.9204822911161417,2,4,1,10.0
STU02162,24,Male,Psychology,3.7,1.6,Yes,89.2,5.9,No,3.66,2,4.1,9.3,Quiet Room,Yes,3,10,Reading,9.0,92,UCI_0304,11,10,11,13,16,15,Psychology,Interior Designer,4.214551389975767,2,3,1,9.15
STU02163,22,Other,Engineering,6.9,1.8,No,76.0,7.0,Yes,3.6,7,6.2,10.2,Cafe,Yes,7,5,Visual,1.4,86,UCI_0304,11,10,12,15,14,16,Engineering,Brand Manager,3.609470799073448,2,4,0,9.0
STU02164,20,Male,Business,9.2,3.1,No,95.1,8.1,Yes,4.0,4,5.9,14.5,Cafe,Yes,7,10,Auditory,5.4,100,UCI_0304,12,10,10,15,16,14,Business,Conductor,4.609981755408819,1,4,1,10.0
STU02165,24,Female,Biology,2.4,3.8,No,54.3,4.4,Yes,2.88,1,9.0,7.8,Quiet Room,Yes,7,10,Kinesthetic,9.8,71,UCI_0096,12,13,13,12,11,12,Biology,Game Developer,3.4892886078291903,1,2,1,7.2
STU02166,16,Female,Business,3.8,4.1,Yes,46.1,7.3,Yes,3.31,5,7.4,12.6,Library,No,10,5,Kinesthetic,9.3,96,UCI_0304,12,11,11,15,16,16,Business,Human Resources Specialist,4.454548366245682,1,1,1,8.28
STU02167,19,Male,Engineering,3.8,1.5,Yes,96.9,6.1,Yes,4.0,4,5.6,9.7,Library,Yes,1,10,Reading,7.9,100,UCI_0304,13,11,12,15,15,14,Engineering,Mechanical Engineer,4.466769326324216,2,1,1,10.0
STU02168,23,Female,Psychology,4.3,2.6,Yes,61.0,5.5,Yes,4.0,5,5.9,9.6,Cafe,Yes,8,10,Auditory,1.6,97,UCI_0304,11,11,10,15,16,15,Psychology,Civil Engineer,3.621770494687966,1,3,1,10.0
STU02169,16,Female,Engineering,5.8,2.5,Yes,90.3,7.5,Yes,4.0,3,3.4,10.2,Cafe,Yes,3,10,Auditory,4.3,100,UCI_0304,13,9,11,15,16,14,Engineering,Ecologist,3.2203236493264304,0,3,1,10.0
STU02170,25,Other,Biology,3.7,4.9,Yes,45.3,7.2,Yes,4.0,8,2.5,11.7,Quiet Room,Yes,9,5,Kinesthetic,9.3,90,UCI_0299,15,12,12,14,15,14,Biology,Biochemist,3.5563201444928527,2,0,0,10.0
STU02171,28,Female,Biology,3.8,4.5,Yes,58.4,4.1,Yes,2.4,6,8.3,12.5,Library,No,8,10,Kinesthetic,6.8,65,UCI_0030,11,13,10,11,12,12,Biology,Teacher,4.545614008289872,1,4,0,6.0
STU02172,19,Other,Computer Science,8.146964047454924,1.5,No,86.2,6.0,Yes,3.5,4,4.8,10.2,Co-Learning Group,No,5,10,Kinesthetic,9.5,91,UCI_0299,15,11,11,13,16,16,Computer Science,Risk Analyst,3.1367621902393217,1,3,0,8.75
STU02173,20,Other,Biology,7.8,4.4,No,91.1,7.4,No,3.63,7,5.2,13.9,Dorm,Yes,3,10,Reading,10.0,89,UCI_0299,13,11,12,13,16,16,Biology,Lawyer,4.313685348597207,2,0,0,9.07
STU02174,22,Male,Computer Science,2.573721573565928,2.5,Yes,70.6,7.1,Yes,3.82,7,5.1,6.6,Library,No,7,9,Auditory,8.9,96,UCI_0299,13,11,12,13,15,14,Computer Science,Pharmacist,2.578061417724152,2,1,0,9.55
STU02175,28,Male,Business,1.1,4.7,No,76.3,8.8,Yes,2.89,6,4.5,9.7,Library,Yes,2,10,Auditory,8.5,71,UCI_0096,11,14,15,11,12,12,Business,Legal Analyst,4.231417607010806,2,0,1,7.23
STU02176,19,Female,Business,3.8,1.6,No,88.5,4.1,No,4.0,5,1.3,8.7,Quiet Room,No,9,10,Visual,4.4,90,UCI_0299,15,11,10,14,16,16,Business,Quantum Physicist,4.403917704,2,1,0,10.0
STU02177,25,Male,Biology,3.5,1.2,Yes,91.0,6.7,No,2.42,4,4.9,6.8,Dorm,No,8,10,Reading,7.6,64,UCI_0363,12,11,11,10,10,13,Biology,Credit Analyst,3.664719656961265,2,3,0,6.05
STU02178,19,Male,Arts,3.7,1.6,No,60.2,8.5,No,4.0,3,1.7,8.0,Quiet Room,No,5,6,Reading,4.5,97,UCI_0299,15,13,11,13,15,14,Arts,Legal Analyst,4.286477246648239,1,4,0,10.0
STU02179,16,Other,Biology,4.1,3.0,No,64.9,4.7,No,3.09,7,3.9,7.7,Quiet Room,Yes,10,10,Reading,3.5,83,UCI_0299,13,12,11,13,16,14,Biology,Construction Manager,4.028674977067648,1,0,1,7.72
STU02180,19,Male,Psychology,7.3,0.5,Yes,47.8,6.9,Yes,4.0,8,6.4,11.8,Quiet Room,Yes,3,8,Visual,1.2,99,UCI_0299,14,12,11,15,16,16,Psychology,Education Administrator,3.2928497540307435,2,1,1,10.0
STU02181,27,Male,Engineering,6.3,2.3,Yes,98.3,6.5,Yes,3.63,3,1.0,12.1,Cafe,Yes,4,8,Auditory,7.6,92,UCI_0299,14,11,11,14,15,15,Engineering,Social Media Manager,3.0744837448745583,1,1,1,9.07
STU02182,25,Other,Arts,5.6,2.7,Yes,70.5,5.9,Yes,4.0,8,3.4,9.9,Co-Learning Group,No,6,10,Auditory,1.8,90,UCI_0299,13,12,12,14,16,16,Arts,Psychologist,3.3168519659682723,0,4,1,10.0
STU02183,25,Other,Biology,5.4,5.0,Yes,42.1,6.8,Yes,3.65,7,7.1,13.4,Co-Learning Group,No,3,9,Auditory,4.4,90,UCI_0299,15,11,12,14,15,15,Biology,Doctor,3.738218269397783,1,0,1,9.12
STU02184,16,Male,Engineering,2.8,0.2,No,57.3,4.4,Yes,2.87,6,5.4,4.3,Library,No,10,10,Visual,7.1,69,UCI_0071,14,15,16,14,11,12,Engineering,Psychologist,3.666950185836728,2,4,1,7.18
STU02185,23,Male,Business,0.1,3.1,Yes,78.7,7.7,No,4.0,2,3.7,3.5,Co-Learning Group,No,3,7,Auditory,4.1,100,UCI_0299,14,12,12,15,16,16,Business,Cybersecurity Analyst,3.3699398938370857,1,2,0,10.0
STU02186,21,Male,Business,4.1,3.5,No,69.8,5.1,Yes,4.0,5,5.6,10.3,Cafe,Yes,4,9,Reading,7.9,99,UCI_0299,14,13,10,15,15,15,Business,Judge,2.7936130679671547,1,1,1,10.0
STU02187,20,Female,Business,6.9,3.4,Yes,93.1,7.2,Yes,2.58,5,3.2,11.0,Dorm,No,6,10,Reading,1.1,69,UCI_0136,11,12,11,15,12,14,Business,Education Administrator,4.3396019557981305,0,2,1,6.45
STU02188,17,Female,Psychology,1.7,0.5,Yes,44.3,7.4,Yes,4.0,6,2.8,5.6,Quiet Room,Yes,8,5,Visual,1.6,100,UCI_0299,15,11,11,15,15,15,Psychology,Astronomer,3.110095612085878,0,4,1,10.0
STU02189,25,Other,Arts,3.4,3.5,Yes,47.3,7.9,No,3.44,8,6.5,11.5,Co-Learning Group,Yes,1,10,Kinesthetic,2.4,83,UCI_0299,14,11,11,15,15,15,Arts,Chemical Engineer,4.329466285153309,2,0,1,8.6
STU02190,25,Male,Psychology,5.4,0.3,No,45.2,5.5,No,4.0,7,4.0,9.3,Co-Learning Group,Yes,2,10,Visual,4.3,100,UCI_0292,12,13,13,14,13,14,Psychology,Ecologist,4.098952835905078,2,0,1,10.0
STU02191,25,Male,Computer Science,7.633100894912917,4.9,No,93.8,8.4,Yes,4.0,2,3.2,17.5,Dorm,No,1,6,Reading,5.5,100,UCI_0292,13,11,11,13,13,13,Computer Science,Surgeon,3.6734153732862542,0,1,0,10.0
STU02192,19,Female,Biology,1.6,1.9,No,91.5,6.5,No,4.0,8,5.9,4.4,Co-Learning Group,No,8,10,Reading,2.9,100,UCI_0292,14,12,13,12,12,13,Biology,Software Developer,4.346615477,0,4,0,10.0
STU02193,28,Male,Psychology,1.9,2.5,Yes,52.9,7.3,Yes,4.0,1,2.5,8.7,Library,No,3,10,Auditory,4.2,97,UCI_0292,14,11,13,14,12,14,Psychology,Nurse,4.653937282716594,0,2,1,10.0
STU02194,18,Other,Computer Science,6.473860898991362,1.5,No,45.2,7.2,No,4.0,7,6.4,8.8,Dorm,No,10,10,Auditory,2.6,100,UCI_0292,12,12,11,14,14,13,Computer Science,Financial Analyst,3.10580430479538,2,1,1,10.0
STU02195,17,Female,Business,2.5,3.8,No,81.0,6.5,Yes,3.06,5,6.6,8.4,Cafe,No,1,10,Visual,7.0,74,UCI_0292,12,13,12,13,14,13,Business,Ecologist,4.047484199620543,0,1,0,7.65
STU02196,19,Other,Psychology,2.4,3.6,No,61.9,8.4,Yes,3.7,5,1.9,8.9,Co-Learning Group,No,9,7,Visual,6.3,90,UCI_0292,14,12,12,13,14,14,Psychology,Construction Manager,3.2692478505841702,1,2,1,9.25
STU02197,16,Female,Biology,5.7,2.1,No,83.1,7.5,No,3.06,3,8.8,10.6,Cafe,Yes,1,10,Kinesthetic,5.6,82,UCI_0292,12,11,13,13,12,13,Biology,Counselor,2.673185053634445,2,2,0,7.65
STU02198,24,Female,Biology,4.7,3.4,Yes,59.6,6.9,Yes,4.0,2,6.1,9.3,Quiet Room,No,5,10,Reading,6.4,100,UCI_0292,12,13,13,13,12,14,Biology,Counselor,4.972516032663641,0,1,1,10.0
STU02199,27,Male,Business,1.5,1.7,No,86.5,7.7,No,4.0,2,2.1,7.2,Cafe,Yes,1,5,Auditory,5.2,100,UCI_0292,12,12,12,14,12,13,Business,Physician Assistant,4.475568406265729,1,0,1,10.0
STU02200,20,Other,Arts,3.4,2.9,Yes,83.5,4.8,Yes,3.4,8,8.2,11.1,Co-Learning Group,No,3,10,Visual,7.3,83,UCI_0292,12,12,12,12,14,14,Arts,Counselor,2.5980730973282458,2,0,1,8.5
STU02201,25,Male,Engineering,2.3,1.1,Yes,45.0,7.7,No,4.0,6,6.9,7.7,Co-Learning Group,Yes,7,10,Visual,5.4,95,UCI_0292,14,12,11,12,13,14,Engineering,Forensic Psychologist,3.266816159267321,1,1,0,10.0
STU02202,28,Female,Arts,3.3,2.3,Yes,57.1,7.4,No,4.0,7,6.8,10.4,Co-Learning Group,No,10,10,Kinesthetic,3.7,100,UCI_0292,14,13,11,12,12,13,Arts,Forensic Psychologist,3.829528629023195,1,4,1,10.0
STU02203,25,Other,Biology,1.9,3.3,No,46.7,7.7,Yes,2.5,8,2.6,7.9,Library,No,3,10,Reading,1.1,70,UCI_0065,10,10,10,13,12,12,Biology,Risk Analyst,3.938154639,2,2,0,6.25
STU02204,24,Male,Computer Science,3.313018226253148,1.7,No,66.1,7.3,No,3.22,7,3.1,10.1,Library,Yes,8,9,Reading,1.7,77,UCI_0292,12,12,11,12,12,15,Computer Science,Aerospace Engineer,3.2007119263771475,1,4,1,8.05
STU02205,26,Male,Business,8.0,4.9,Yes,40.5,9.7,No,4.0,8,6.2,16.9,Quiet Room,No,3,10,Auditory,5.1,100,UCI_0351,12,13,10,14,14,15,Business,Architectural Technologist,3.1581422864284168,1,1,1,10.0
STU02206,20,Female,Computer Science,1.9616731153761733,2.1,Yes,90.0,6.9,Yes,3.51,2,5.1,5.7,Cafe,Yes,2,9,Reading,5.5,83,UCI_0351,11,11,11,14,14,16,Computer Science,Market Research Analyst,4.456786388,1,3,0,8.77
STU02207,28,Male,Psychology,7.4,3.0,No,63.3,8.9,No,4.0,3,1.0,14.4,Co-Learning Group,No,6,10,Visual,3.8,97,UCI_0351,12,12,11,16,14,15,Psychology,Microbiologist,3.6353844703686247,1,1,1,10.0
STU02208,21,Other,Biology,5.7,5.0,No,55.4,7.6,Yes,3.64,2,3.7,15.5,Cafe,Yes,9,10,Reading,5.1,96,UCI_0351,13,11,10,15,13,14,Biology,Architect,4.555970843252998,1,4,1,9.1
STU02209,19,Female,Psychology,5.9,4.6,No,70.3,7.5,Yes,4.0,6,4.9,11.5,Quiet Room,Yes,8,9,Kinesthetic,7.4,100,UCI_0351,11,13,11,16,13,15,Psychology,Data Scientist,4.064163481430995,0,0,1,10.0
STU02210,23,Male,Psychology,1.2,0.2,Yes,48.9,7.9,No,2.28,4,6.7,6.7,Dorm,Yes,9,10,Visual,1.3,57,UCI_0287,8,9,10,12,13,13,Psychology,Lawyer,4.315489523516352,2,4,0,5.7
STU02211,27,Male,Computer Science,7.664773980796838,2.1,Yes,77.5,6.7,No,3.61,4,1.4,15.1,Cafe,No,9,10,Auditory,2.8,92,UCI_0351,12,13,12,15,15,14,Computer Science,Digital Marketing Specialist,3.894623600133464,2,2,0,9.03
STU02212,21,Other,Arts,3.3,2.4,Yes,80.7,5.8,No,3.63,1,7.7,10.1,Cafe,Yes,5,8,Reading,2.5,97,UCI_0351,11,13,10,14,13,14,Arts,Pharmacist,3.8963285120384095,2,4,1,9.07
STU02213,28,Female,Computer Science,4.265088370457787,3.6,No,56.7,7.2,No,3.04,6,4.4,8.7,Library,Yes,5,10,Kinesthetic,4.1,84,UCI_0351,12,11,11,16,13,16,Computer Science,Quantum Physicist,2.682104082982871,0,4,0,7.6
STU02214,27,Male,Engineering,5.7,3.1,No,79.4,6.6,Yes,3.68,3,3.6,12.6,Dorm,Yes,8,10,Auditory,9.5,88,UCI_0351,12,12,11,14,13,15,Engineering,Financial Controller,3.3317172952994056,1,1,1,9.2
STU02215,23,Other,Computer Science,3.6994888677035407,2.1,Yes,74.9,7.2,No,4.0,1,2.2,9.0,Quiet Room,No,6,8,Reading,5.8,100,UCI_0351,13,12,11,15,14,14,Computer Science,Legal Analyst,4.5788579718820674,1,4,1,10.0
STU02216,19,Other,Business,7.2,4.5,No,76.5,7.4,No,4.0,6,6.2,16.4,Library,No,5,8,Kinesthetic,7.2,94,UCI_0351,12,13,10,16,15,14,Business,Industrial-Organizational Psychologist,3.051858592,0,0,0,10.0
STU02217,19,Other,Arts,2.1,1.7,No,83.1,8.4,Yes,2.97,2,2.5,6.1,Co-Learning Group,No,1,10,Auditory,8.4,69,UCI_0351,12,13,11,16,15,15,Arts,Human Resources Specialist,3.252001015046062,2,2,1,7.43
STU02218,26,Female,Business,6.1,0.6,Yes,41.3,5.8,No,3.64,2,4.9,8.5,Quiet Room,Yes,6,10,Reading,9.8,94,UCI_0351,13,13,12,16,13,14,Business,Graphic Designer,2.7511598275515543,1,4,1,9.1
STU02219,17,Male,Computer Science,4.120155854742277,1.1,Yes,93.0,9.4,No,4.0,5,5.6,6.2,Library,Yes,10,10,Kinesthetic,8.6,100,UCI_0013,13,13,15,12,13,11,Computer Science,Legal Secretary,4.626082136,2,4,1,10.0
STU02220,27,Female,Arts,5.6,4.5,No,53.5,8.2,No,3.85,1,8.2,12.2,Cafe,No,7,7,Reading,4.5,97,UCI_0013,15,14,15,11,12,11,Arts,Urban Planner,4.056363622341565,2,3,1,9.62
STU02221,22,Female,Psychology,7.5,1.1,Yes,92.1,4.0,Yes,3.48,5,6.8,12.3,Co-Learning Group,Yes,9,6,Reading,6.5,82,UCI_0013,13,15,14,12,12,11,Psychology,Brand Manager,4.580794012425272,1,4,0,8.7
STU02222,17,Other,Biology,5.2,2.4,Yes,68.9,6.9,Yes,4.0,7,9.0,13.1,Quiet Room,Yes,5,7,Kinesthetic,5.9,96,UCI_0013,15,15,15,13,13,11,Biology,Music Therapist,3.4273557067369995,0,2,0,10.0
STU02223,18,Other,Arts,4.0,4.4,No,40.0,4.5,Yes,2.72,2,4.0,12.8,Cafe,No,6,10,Auditory,3.9,69,UCI_0096,12,13,13,12,13,11,Arts,Geneticist,3.1762406920710275,2,0,0,6.8
STU02224,17,Female,Business,5.6,3.9,Yes,42.6,4.8,Yes,4.0,3,2.8,11.3,Cafe,Yes,2,6,Auditory,9.2,99,UCI_0013,13,15,13,13,14,11,Business,Biochemist,4.789893501231424,0,1,1,10.0
STU02225,22,Female,Engineering,2.5,1.3,Yes,53.4,6.5,No,4.0,6,7.5,7.4,Cafe,Yes,8,10,Auditory,4.0,100,UCI_0013,13,14,14,13,13,11,Engineering,Artist,2.8493277973383875,1,3,1,10.0
STU02226,18,Other,Arts,6.7,1.2,No,79.3,7.8,Yes,3.43,4,3.8,12.6,Library,No,8,8,Kinesthetic,9.2,83,UCI_0013,15,15,14,13,14,13,Arts,Art Director,2.889050613485594,0,0,0,8.58
STU02227,19,Female,Computer Science,5.030577849418323,3.3,Yes,85.6,5.6,No,3.6,4,3.5,9.8,Library,Yes,8,10,Reading,1.3,80,UCI_0013,15,14,13,12,14,13,Computer Science,Investment Banker,2.9263511534682496,1,2,0,9.0
STU02228,21,Female,Engineering,6.1,1.1,No,76.5,8.1,Yes,3.52,5,3.8,11.7,Dorm,Yes,4,8,Auditory,1.2,96,UCI_0013,15,14,14,11,12,11,Engineering,Interior Designer,4.062361972104203,2,4,0,8.8
STU02229,18,Male,Business,7.4,1.2,No,63.4,5.1,No,4.0,6,7.2,13.1,Co-Learning Group,Yes,1,10,Reading,3.9,100,UCI_0013,15,15,13,12,13,11,Business,Biochemist,4.789893501231424,0,1,1,10.0
STU02230,21,Other,Business,0.4,0.9,No,61.5,8.3,Yes,3.71,8,3.6,6.4,Library,Yes,9,9,Visual,2.4,97,UCI_0013,14,14,15,13,12,12,Business,Biomedical Engineer,3.254015419,2,0,1,9.28
STU02231,18,Other,Engineering,3.7,3.7,No,91.9,5.9,Yes,3.95,1,4.2,8.5,Quiet Room,No,5,10,Kinesthetic,8.8,99,UCI_0013,15,15,15,13,12,13,Engineering,Teacher,3.6000148996974484,1,1,0,9.88
STU02232,25,Other,Engineering,5.1,3.4,No,88.9,7.2,No,4.0,3,3.8,13.0,Dorm,Yes,3,10,Auditory,3.6,100,UCI_0013,15,15,15,11,12,12,Engineering,Chemist,4.727272239201383,0,0,1,10.0
STU02233,18,Male,Arts,0.0,2.5,Yes,49.9,4.0,Yes,3.29,6,4.6,6.1,Library,No,2,10,Auditory,5.4,79,UCI_0013,14,13,13,13,13,11,Arts,Physician Assistant,4.123336726311963,1,3,1,8.22
STU02234,20,Male,Engineering,1.7,1.6,No,83.0,7.0,Yes,3.57,5,8.9,5.7,Library,No,3,9,Reading,4.6,88,UCI_0013,14,14,13,13,13,11,Engineering,Animator,2.8230654884352093,2,0,1,8.92
STU02235,18,Male,Computer Science,4.192547087896544,4.2,Yes,49.7,5.0,Yes,3.16,8,6.8,12.7,Quiet Room,No,3,10,Kinesthetic,3.7,76,UCI_0013,13,15,13,11,13,12,Computer Science,Marketing Manager,4.582675208617764,1,2,1,7.9
STU02236,20,Female,Psychology,3.6,0.7,No,76.6,8.3,Yes,3.62,8,4.8,5.6,Cafe,Yes,5,10,Reading,6.3,93,UCI_0013,13,14,13,12,12,12,Psychology,Interior Designer,3.389752064040792,1,1,0,9.05
STU02237,16,Male,Engineering,10.2,5.0,Yes,81.2,5.2,Yes,4.0,6,2.1,19.4,Cafe,Yes,7,10,Kinesthetic,9.9,99,UCI_0249,13,13,12,8,11,13,Engineering,Marketing Manager,2.8378730099577227,0,4,0,10.0
STU02238,24,Male,Biology,4.8,0.1,No,96.5,9.3,No,4.0,3,5.4,6.4,Dorm,Yes,9,8,Kinesthetic,1.5,100,UCI_0249,12,13,14,10,11,12,Biology,Inorganic Chemist,2.5433858466676784,1,2,1,10.0
STU02239,16,Other,Engineering,6.3,2.9,Yes,86.2,8.0,Yes,3.5,1,3.8,13.4,Library,No,10,10,Auditory,2.7,95,UCI_0249,13,13,12,8,13,13,Engineering,Counselor,3.635537461439725,2,2,1,8.75
STU02240,22,Other,Biology,3.5,3.9,No,89.7,7.0,No,3.82,1,1.0,8.9,Quiet Room,Yes,3,9,Kinesthetic,4.1,87,UCI_0249,13,12,14,10,11,12,Biology,Mechanical Engineer,3.430230131735787,1,1,0,9.55
STU02241,20,Other,Business,6.9,1.0,No,76.1,5.4,Yes,3.87,5,3.5,11.5,Library,No,3,10,Reading,1.3,95,UCI_0249,13,11,12,10,11,12,Business,School Counselor,3.1052114987181154,2,2,1,9.68
STU02242,20,Female,Psychology,2.5,2.7,No,72.5,6.8,Yes,4.0,2,5.8,7.6,Co-Learning Group,No,2,10,Reading,2.3,100,UCI_0249,11,12,13,10,13,13,Psychology,Doctor,4.0403756355849465,1,0,0,10.0
STU02243,17,Male,Business,2.9,1.4,Yes,64.4,6.5,No,3.66,5,7.6,5.3,Quiet Room,No,3,10,Visual,6.8,89,UCI_0249,13,11,13,8,11,14,Business,Biotechnologist,4.503567521443491,0,0,1,9.15
STU02244,25,Other,Biology,3.0,4.4,No,45.6,6.5,Yes,3.41,5,5.2,9.1,Library,No,9,10,Kinesthetic,5.5,84,UCI_0249,11,12,13,8,13,12,Biology,Advertising Manager,4.023699821980845,1,4,1,8.53
STU02245,24,Other,Engineering,3.3,1.4,No,87.6,5.2,No,4.0,3,4.6,8.9,Library,Yes,9,10,Reading,6.2,98,UCI_0249,11,12,12,10,11,12,Engineering,Marketing Specialist,2.618701150527689,0,2,0,10.0
STU02246,26,Other,Psychology,3.4,3.2,No,45.0,4.9,No,3.73,4,1.0,10.6,Library,Yes,8,6,Kinesthetic,8.4,96,UCI_0249,11,11,12,9,11,12,Psychology,Advertising Manager,4.265166891411994,2,0,0,9.32
STU02247,19,Other,Engineering,1.4,2.5,Yes,61.5,5.4,No,3.52,3,3.2,7.8,Library,Yes,10,10,Visual,1.4,90,UCI_0249,11,11,13,10,11,14,Engineering,Artist,4.407767908088877,1,1,1,8.8
STU02248,20,Male,Biology,4.6,3.0,No,48.8,6.8,No,4.0,2,8.9,10.5,Quiet Room,Yes,4,10,Auditory,1.2,100,UCI_0249,13,11,13,9,12,12,Biology,Web Developer,3.2562884826372818,2,0,1,10.0
STU02249,18,Male,Business,2.1,3.9,No,65.3,11.3,Yes,4.0,3,3.0,7.9,Co-Learning Group,No,9,8,Auditory,8.8,100,UCI_0249,12,11,14,9,11,13,Business,Composer,3.614173076078724,1,0,1,10.0
STU02250,18,Other,Computer Science,3.541740590624417,1.6,No,80.7,7.3,No,4.0,1,1.8,7.8,Co-Learning Group,Yes,3,10,Kinesthetic,4.6,97,UCI_0249,13,13,12,10,11,12,Computer Science,Sound Engineer,2.6205963102460013,1,1,1,10.0
STU02251,23,Other,Computer Science,4.831770429245184,4.8,No,95.7,9.6,Yes,4.0,1,3.9,14.4,Dorm,Yes,1,10,Visual,3.3,98,UCI_0249,11,13,14,9,13,12,Computer Science,Legal Analyst,3.026830237100377,2,3,1,10.0
STU02252,21,Other,Computer Science,5.7565522785178125,3.2,Yes,95.1,6.6,Yes,4.0,4,4.3,12.6,Dorm,No,2,10,Kinesthetic,8.2,100,UCI_0249,11,13,14,8,11,13,Computer Science,Psychologist,4.303133455528579,1,1,0,10.0
STU02253,21,Female,Computer Science,5.504883687705977,3.1,No,58.4,9.6,Yes,4.0,1,3.4,10.1,Co-Learning Group,Yes,6,6,Visual,5.1,100,UCI_0071,12,16,16,12,10,12,Computer Science,Chemical Engineer,3.587594421856987,2,1,1,10.0
STU02254,19,Female,Engineering,6.0,0.1,Yes,51.4,5.9,No,3.94,5,6.4,10.9,Library,Yes,6,5,Visual,2.4,100,UCI_0071,13,14,14,14,12,10,Engineering,Marketing Manager,2.8378730099577227,0,4,0,9.85
STU02255,22,Other,Psychology,5.1,3.0,No,71.5,7.0,No,4.0,2,7.6,12.1,Quiet Room,No,6,5,Kinesthetic,2.9,97,UCI_0071,14,14,14,13,11,12,Psychology,Civil Engineer,4.017502429624632,1,1,1,10.0
STU02256,23,Male,Arts,4.4,2.8,Yes,56.8,4.4,No,3.64,1,9.0,9.1,Quiet Room,No,6,10,Reading,4.4,98,UCI_0071,14,14,15,14,11,10,Arts,Cybersecurity Analyst,3.564860471259864,0,2,1,9.1
STU02257,20,Other,Business,5.9,2.1,Yes,68.6,8.4,No,3.11,6,6.5,11.8,Dorm,No,7,9,Reading,8.3,78,UCI_0071,12,15,15,13,10,10,Business,Legal Consultant,4.261700139685079,0,2,0,7.77
STU02258,22,Male,Business,1.4,4.0,Yes,82.9,8.2,Yes,2.88,4,3.0,8.2,Co-Learning Group,No,3,10,Auditory,9.8,72,UCI_0104,11,13,14,13,14,13,Business,Market Research Analyst,4.276076605356296,1,1,0,7.2
STU02259,16,Male,Engineering,4.8,4.3,No,77.3,8.5,No,3.6,3,3.3,12.7,Library,Yes,10,10,Reading,4.2,98,UCI_0071,13,16,15,13,11,12,Engineering,Marketing Specialist,4.167480745170616,2,1,1,9.0
STU02260,18,Male,Engineering,1.5,3.2,No,69.9,9.2,No,4.0,3,6.1,6.0,Dorm,Yes,8,8,Auditory,7.1,91,UCI_0071,14,14,16,12,11,12,Engineering,Doctor,3.943927264135201,0,3,1,10.0
STU02261,19,Other,Business,1.4,1.9,No,98.2,9.1,No,2.82,3,5.8,5.8,Cafe,No,3,8,Auditory,9.0,62,UCI_0126,12,13,13,14,11,13,Business,Conductor,4.573824246352059,2,4,1,7.05
STU02262,24,Other,Arts,4.5,2.8,No,42.9,8.7,No,3.04,4,1.0,10.9,Cafe,No,6,10,Reading,5.2,73,UCI_0071,12,15,16,14,11,12,Arts,Game Developer,4.237183481501219,0,0,1,7.6
STU02263,20,Other,Engineering,1.4,1.2,Yes,41.6,7.6,Yes,3.65,2,7.5,5.5,Cafe,Yes,10,5,Visual,3.7,87,UCI_0071,12,16,15,14,12,11,Engineering,Astronomer,4.4134304280829895,0,4,0,9.12
STU02264,16,Female,Engineering,4.1,3.0,Yes,78.3,6.7,Yes,4.0,5,5.0,9.8,Quiet Room,Yes,8,10,Kinesthetic,7.9,93,UCI_0071,13,16,14,12,11,11,Engineering,Marketing Manager,3.383992045694839,2,4,1,10.0
STU02265,23,Other,Computer Science,3.4945944293544526,4.3,No,47.7,8.7,No,3.16,5,4.2,10.4,Library,No,8,10,Kinesthetic,1.9,76,UCI_0071,14,14,15,12,10,12,Computer Science,Manager,3.494304798661697,0,3,0,7.9
STU02266,28,Other,Biology,4.0,3.2,No,57.3,8.8,Yes,4.0,2,7.8,10.3,Dorm,Yes,7,8,Auditory,4.4,100,UCI_0071,14,16,14,13,12,10,Biology,Biotechnologist,3.928075868230458,1,1,1,10.0
STU02267,23,Other,Computer Science,1.484604076814741,2.5,Yes,93.3,8.0,Yes,2.9,2,3.3,7.1,Quiet Room,Yes,5,10,Auditory,7.9,72,UCI_0055,11,13,13,12,13,14,Computer Science,Manager,4.378628239286336,0,0,1,7.25
STU02268,26,Male,Engineering,2.3,4.1,Yes,49.0,7.2,Yes,3.9,3,4.9,11.6,Cafe,Yes,7,10,Visual,4.2,100,UCI_0071,14,16,15,14,10,12,Engineering,Teacher,3.282659208848504,1,1,0,9.75
STU02269,22,Male,Business,4.2,4.3,No,46.1,8.4,No,3.42,8,5.4,12.4,Cafe,Yes,8,10,Visual,7.1,81,UCI_0071,12,15,14,12,11,11,Business,Special Education Teacher,3.7314220141599153,0,4,1,8.55
STU02270,19,Male,Computer Science,3.2011841461779995,5.0,No,66.6,8.0,Yes,2.6,6,6.8,11.9,Dorm,Yes,4,10,Kinesthetic,9.2,60,UCI_0240,13,11,11,13,13,13,Computer Science,Physicist,2.7521639002635165,0,0,0,6.5
STU02271,17,Male,Arts,3.6,3.1,No,72.1,9.3,No,4.0,8,3.0,8.6,Dorm,Yes,9,10,Visual,5.4,100,UCI_0071,14,14,16,12,11,10,Arts,Biotechnologist,2.9439443649437917,2,3,1,10.0
STU02272,23,Male,Arts,3.8,4.1,Yes,87.4,8.3,Yes,4.0,7,2.3,9.6,Quiet Room,Yes,3,10,Reading,6.5,93,UCI_0071,14,16,14,12,11,12,Arts,Biotechnologist,4.2799489973268185,1,0,1,10.0
STU02273,17,Female,Arts,4.0,4.6,Yes,98.6,4.7,Yes,3.45,4,3.9,12.9,Quiet Room,No,9,7,Auditory,3.0,94,UCI_0192,10,11,13,11,11,12,Arts,Financial Controller,4.433295068015244,2,2,0,8.62
STU02274,18,Male,Business,1.9,4.8,Yes,78.6,4.5,Yes,4.0,2,7.4,8.7,Library,Yes,5,10,Kinesthetic,8.7,100,UCI_0192,11,13,13,11,12,13,Business,Forensic Psychologist,3.463769097737288,0,0,1,10.0
STU02275,18,Male,Engineering,3.9,4.5,Yes,83.4,5.2,Yes,3.0,5,2.4,12.3,Cafe,Yes,10,10,Reading,6.1,74,UCI_0192,10,11,12,13,13,12,Engineering,Legal Analyst,4.714535122220984,0,4,1,7.5
STU02276,28,Other,Computer Science,3.571333666839764,3.6,No,67.3,6.9,Yes,4.0,7,5.2,10.2,Cafe,Yes,6,9,Kinesthetic,7.1,100,UCI_0192,10,12,12,13,13,12,Computer Science,Social Media Manager,3.1363828074577627,0,0,1,10.0
STU02277,19,Female,Psychology,1.7,3.5,Yes,62.7,7.1,Yes,3.04,6,5.2,9.7,Dorm,No,2,10,Kinesthetic,9.8,73,UCI_0192,10,11,13,13,12,12,Psychology,Biologist,2.5987176621775463,2,0,0,7.6
STU02278,20,Male,Psychology,4.5,0.7,No,53.8,7.1,Yes,4.0,2,5.2,8.5,Dorm,No,2,10,Kinesthetic,5.4,100,UCI_0192,10,11,12,12,12,12,Psychology,Market Research Analyst,2.541420087805521,1,2,1,10.0
STU02279,20,Male,Biology,4.5,3.0,Yes,80.2,7.4,No,4.0,6,7.5,11.6,Library,No,9,6,Kinesthetic,6.7,95,UCI_0192,10,13,14,12,12,13,Biology,Sound Engineer,4.828107095834193,2,3,1,10.0
STU02280,26,Male,Arts,5.0,1.1,Yes,66.4,7.3,No,4.0,1,1.2,10.6,Quiet Room,No,4,7,Auditory,6.6,100,UCI_0192,11,11,13,13,12,14,Arts,Investment Banker,4.413739766035818,2,0,0,10.0
STU02281,25,Male,Computer Science,6.0530371755222445,4.6,Yes,42.3,7.7,No,3.07,4,6.4,11.8,Library,No,5,10,Reading,6.3,83,UCI_0192,11,11,13,13,12,13,Computer Science,Construction Manager,4.630489520844587,2,4,1,7.67
STU02282,17,Female,Engineering,3.0,1.4,No,83.9,6.5,Yes,4.0,7,4.5,6.4,Dorm,No,9,10,Visual,2.6,100,UCI_0192,10,13,13,11,12,12,Engineering,Credit Analyst,3.3466225520429105,2,0,0,10.0
STU02283,21,Male,Arts,5.7,2.9,No,72.1,8.3,No,4.0,7,3.7,12.9,Cafe,No,2,5,Reading,4.4,100,UCI_0192,12,13,12,13,11,13,Arts,Principal,2.8561977253312523,2,1,1,10.0
STU02284,17,Male,Computer Science,5.020065535790444,1.9,No,94.0,6.6,Yes,4.0,8,6.0,9.8,Dorm,Yes,10,6,Kinesthetic,9.1,94,UCI_0192,11,11,14,13,12,12,Computer Science,Social Media Manager,4.667283134080658,0,4,1,10.0
STU02285,21,Male,Computer Science,7.012324258878803,4.0,No,85.2,6.6,Yes,3.94,2,8.3,12.8,Co-Learning Group,Yes,3,10,Kinesthetic,2.0,97,UCI_0192,12,12,14,12,11,12,Computer Science,Lawyer,3.1291077707535644,0,0,1,9.85
STU02286,24,Other,Computer Science,5.716719009428729,2.0,Yes,96.8,8.1,Yes,4.0,7,6.1,10.7,Cafe,Yes,9,10,Auditory,5.4,100,UCI_0192,10,11,12,11,13,14,Computer Science,Manager,4.341073747,1,1,1,10.0
STU02287,20,Male,Business,3.6,4.1,No,65.3,5.9,Yes,3.36,1,3.7,10.6,Co-Learning Group,No,5,7,Auditory,8.9,84,UCI_0381,13,15,17,10,10,11,Business,Education Administrator,3.471636376224553,1,3,1,8.4
STU02288,26,Male,Computer Science,6.518972619,2.2,No,61.4,7.5,Yes,4.0,7,3.2,14.4,Quiet Room,Yes,3,10,Visual,3.5,100,UCI_0381,14,17,16,10,9,10,Computer Science,Data Scientist,4.120270335797541,1,0,0,10.0
STU02289,19,Other,Engineering,3.9,4.3,No,54.5,6.8,No,3.96,2,7.3,9.8,Co-Learning Group,No,1,10,Visual,4.3,100,UCI_0381,15,16,15,10,11,11,Engineering,Construction Manager,4.572850872078353,0,4,1,9.9
STU02290,28,Other,Psychology,6.8,4.4,No,56.6,8.3,No,3.3,5,1.0,13.8,Co-Learning Group,No,7,10,Auditory,3.7,83,UCI_0381,14,17,15,10,10,9,Psychology,Astronomer,2.884517422120346,0,4,0,8.25
STU02291,20,Other,Engineering,1.9,1.3,Yes,45.5,8.2,Yes,3.82,5,5.7,5.8,Quiet Room,No,6,6,Reading,2.6,96,UCI_0381,15,17,15,9,11,11,Engineering,Zoologist,4.177713523014569,2,4,1,9.55
STU02292,28,Other,Biology,4.9,3.8,Yes,53.7,6.7,Yes,3.41,3,6.3,10.3,Dorm,Yes,9,10,Reading,5.4,90,UCI_0381,15,15,17,11,11,11,Biology,Architect,3.611553212063841,2,3,0,8.53
STU02293,26,Male,Psychology,1.1,4.0,Yes,53.7,4.6,No,2.92,1,4.3,7.7,Quiet Room,No,6,9,Auditory,4.7,65,UCI_0381,15,16,15,9,11,11,Psychology,Risk Analyst,2.8992311692708217,2,0,1,7.3
STU02294,28,Male,Arts,7.8,1.4,No,53.7,7.8,No,4.0,7,5.2,11.4,Quiet Room,Yes,10,10,Reading,3.4,100,UCI_0381,13,16,15,9,10,10,Arts,Surgeon,3.3827884607252834,0,0,0,10.0
STU02295,19,Male,Business,4.9,4.8,Yes,95.1,8.1,No,3.69,7,5.6,12.0,Cafe,Yes,5,7,Visual,4.1,85,UCI_0381,14,16,16,11,9,9,Business,AI Researcher,4.724830428785223,0,4,1,9.22
STU02296,27,Male,Business,3.3,3.9,No,84.5,6.5,No,2.71,6,6.8,8.7,Library,No,1,8,Reading,6.5,72,UCI_0177,13,14,12,13,11,13,Business,Legal Secretary,3.130583221022194,0,3,0,6.78
STU02297,18,Female,Computer Science,5.797191498290729,2.8,No,83.6,5.7,Yes,4.0,6,4.9,13.6,Cafe,No,8,5,Visual,6.7,95,UCI_0381,14,16,16,9,11,10,Computer Science,Accountant,3.718406369588586,2,2,1,10.0
STU02298,16,Female,Computer Science,9.105584723,4.3,Yes,60.0,8.0,No,4.0,4,3.4,15.5,Library,Yes,1,7,Visual,9.2,93,UCI_0381,14,15,17,10,9,9,Computer Science,Legal Analyst,4.944776600466685,0,4,0,10.0
STU02299,24,Male,Arts,6.1,4.8,No,85.9,5.0,Yes,3.4,4,2.8,11.2,Quiet Room,No,5,10,Visual,3.0,83,UCI_0381,14,15,17,11,11,10,Arts,Financial Advisor,3.471231488025225,1,4,0,8.5
STU02300,24,Female,Psychology,5.4,0.1,No,57.7,7.9,Yes,4.0,5,7.6,9.5,Cafe,No,6,6,Auditory,5.1,100,UCI_0381,14,16,16,10,10,11,Psychology,Industrial-Organizational Psychologist,2.688200153147674,0,2,0,10.0
STU02301,18,Male,Biology,3.8,0.0,Yes,72.2,7.0,Yes,4.0,6,3.6,5.1,Cafe,No,10,9,Reading,1.7,100,UCI_0381,13,15,17,11,11,10,Biology,Zoologist,4.910751988,1,0,1,10.0
STU02302,28,Male,Business,2.5,2.9,Yes,58.7,6.6,No,2.92,8,2.7,9.5,Quiet Room,No,1,10,Kinesthetic,8.2,78,UCI_0381,14,15,15,11,10,10,Business,Fluid Mechanics Engineer,2.8640803933658683,2,4,0,7.3
STU02303,25,Male,Biology,2.4,2.0,Yes,49.2,6.3,No,3.83,7,6.3,8.4,Library,No,7,8,Kinesthetic,6.5,100,UCI_0182,11,13,13,13,14,15,Biology,Education Administrator,3.166232490692314,1,0,0,9.57
STU02304,28,Female,Biology,4.9,3.5,Yes,74.2,5.8,No,3.62,6,2.7,11.4,Quiet Room,No,8,9,Visual,9.0,96,UCI_0182,11,12,12,13,15,13,Biology,Forensic Psychologist,4.955407874784802,1,2,1,9.05
STU02305,27,Female,Biology,1.4,2.9,No,93.3,7.3,No,3.07,4,3.6,4.7,Dorm,No,9,5,Visual,9.7,73,UCI_0182,11,13,12,14,14,14,Biology,Brand Manager,3.3292926855520517,2,3,1,7.67
STU02306,19,Male,Arts,5.2,2.9,Yes,96.3,5.2,Yes,3.9,6,3.1,13.1,Quiet Room,Yes,6,10,Visual,3.1,84,UCI_0182,11,13,12,13,14,14,Arts,Pharmacist,4.429558771909584,2,2,0,9.75
STU02307,28,Male,Computer Science,7.109457769755773,0.7,Yes,63.8,8.7,Yes,4.0,6,6.1,8.8,Dorm,Yes,6,10,Auditory,7.0,99,UCI_0182,11,12,11,13,15,15,Computer Science,Sound Engineer,3.611750731848777,2,0,1,10.0
STU02308,16,Female,Psychology,3.9,0.5,No,85.0,8.1,Yes,2.89,4,8.0,6.2,Dorm,No,1,10,Kinesthetic,6.6,78,UCI_0098,10,15,14,9,11,12,Psychology,Musician,3.633936492963229,2,0,1,7.23
STU02309,22,Female,Arts,5.2,1.7,No,90.1,7.7,Yes,3.33,1,1.0,9.3,Co-Learning Group,Yes,7,9,Visual,3.2,89,UCI_0182,12,14,12,14,14,14,Arts,Animator,4.267890386570425,2,0,0,8.32
STU02310,25,Male,Business,5.5,2.8,Yes,88.8,7.3,No,2.84,3,3.9,10.8,Dorm,No,8,10,Reading,7.7,64,UCI_0104,10,14,14,11,13,12,Business,Astronomer,4.429556712797776,2,2,1,7.1
STU02311,21,Male,Arts,5.1,0.2,Yes,79.8,7.4,No,3.07,4,4.1,11.0,Library,No,7,9,Reading,7.9,80,UCI_0182,12,12,11,12,14,13,Arts,Microbiologist,2.5198677076996523,2,3,1,7.67
STU02312,23,Female,Arts,2.3,4.7,No,81.9,5.8,No,4.0,8,5.2,12.7,Co-Learning Group,No,1,5,Kinesthetic,5.7,98,UCI_0182,12,12,11,12,13,13,Arts,Forensic Psychologist,4.019677437743644,2,4,1,10.0
STU02313,24,Other,Computer Science,5.761189741146492,0.5,No,63.6,7.9,No,3.02,1,4.1,10.8,Quiet Room,No,3,10,Kinesthetic,5.3,70,UCI_0182,13,12,12,13,15,14,Computer Science,Marketing Specialist,3.970810725044678,2,2,1,7.55
STU02314,24,Male,Engineering,0.0,3.8,Yes,65.4,9.5,Yes,3.82,2,3.4,7.5,Quiet Room,Yes,6,5,Visual,7.8,98,UCI_0182,12,14,13,12,15,14,Engineering,Entrepreneur,4.859502324,0,0,0,9.55
STU02315,19,Other,Business,1.2,2.9,Yes,99.6,6.6,No,3.29,2,7.2,4.8,Library,Yes,1,7,Auditory,1.7,83,UCI_0182,11,13,13,12,13,15,Business,Social Media Manager,3.483753906985961,2,2,1,8.22
STU02316,27,Other,Business,3.9,0.4,Yes,77.6,7.3,Yes,3.2,3,4.9,8.2,Co-Learning Group,No,8,9,Auditory,6.8,76,UCI_0182,12,12,13,13,13,13,Business,Market Research Analyst,3.933638351760388,0,4,0,8.0
STU02317,26,Female,Computer Science,5.782685132536556,0.4,No,89.6,7.4,No,4.0,6,3.4,9.9,Library,Yes,2,10,Reading,9.3,98,UCI_0182,12,12,12,12,13,15,Computer Science,Quantum Physicist,3.329142040338502,1,1,0,10.0
STU02318,28,Female,Biology,4.4,0.9,No,73.4,7.8,No,4.0,2,3.4,7.5,Library,No,9,10,Kinesthetic,6.0,98,UCI_0182,11,14,11,13,13,14,Biology,Software Developer,3.945362781044258,0,4,1,10.0
STU02319,24,Male,Biology,5.1,0.8,Yes,72.2,7.5,Yes,3.94,6,1.2,8.3,Dorm,No,9,5,Reading,7.6,100,UCI_0163,17,14,15,13,10,10,Biology,Analytical Chemist,3.2364171262673818,2,2,0,9.85
STU02320,23,Female,Arts,2.4,0.9,No,88.6,5.1,Yes,4.0,7,5.1,3.8,Library,Yes,6,8,Auditory,3.4,98,UCI_0163,18,14,14,12,9,10,Arts,Mechanical Engineer,4.388632107189285,1,2,1,10.0
STU02321,22,Female,Computer Science,7.654023816715005,0.1,No,87.2,7.1,Yes,2.91,7,5.2,8.6,Library,No,7,10,Reading,6.3,70,UCI_0163,18,15,16,12,10,12,Computer Science,Landscape Architect,4.972047066851035,0,4,1,7.28
STU02322,20,Male,Business,4.0,0.9,Yes,99.8,5.6,No,3.45,2,5.9,7.2,Cafe,Yes,2,10,Auditory,5.6,74,UCI_0163,16,15,16,11,11,10,Business,Architect,2.9375578346179534,2,0,1,8.62
STU02323,20,Other,Computer Science,3.6983303919229735,0.1,No,77.8,7.3,No,2.83,8,9.1,7.9,Quiet Room,No,2,7,Auditory,7.9,70,UCI_0127,15,10,14,11,12,13,Computer Science,Brand Manager,2.621704528462556,0,0,1,7.08
STU02324,26,Other,Arts,5.1,0.0,No,90.0,6.7,Yes,3.0,4,2.6,7.8,Co-Learning Group,Yes,4,10,Auditory,4.5,68,UCI_0163,17,16,16,13,10,10,Arts,Electrical Engineer,2.866797572838001,2,1,1,7.5
STU02325,25,Male,Arts,3.6,4.9,Yes,51.1,9.6,No,3.25,6,10.0,12.8,Cafe,Yes,3,7,Kinesthetic,8.3,82,UCI_0163,18,15,14,13,10,11,Arts,Landscape Architect,2.985643285764896,0,1,0,8.12
STU02326,19,Male,Arts,4.9,0.3,No,64.7,10.1,Yes,4.0,6,7.9,8.1,Library,No,1,10,Visual,1.9,100,UCI_0163,17,16,14,12,9,11,Arts,Cybersecurity Analyst,4.744084755395605,1,0,1,10.0
STU02327,26,Other,Biology,5.3,4.1,No,58.5,7.3,No,4.0,3,3.8,13.1,Library,Yes,9,8,Visual,4.0,99,UCI_0163,16,15,16,12,11,12,Biology,Psychologist,4.873943518818958,0,1,1,10.0
STU02328,18,Other,Biology,5.5,1.4,Yes,79.9,6.9,No,4.0,6,3.4,11.9,Library,No,3,10,Kinesthetic,8.5,100,UCI_0163,16,15,15,12,11,11,Biology,Market Research Analyst,4.182769085036258,2,1,0,10.0
STU02329,19,Other,Psychology,6.7,3.9,No,95.8,7.0,No,3.73,2,3.7,13.0,Cafe,No,6,8,Kinesthetic,2.2,100,UCI_0163,16,15,14,12,10,12,Psychology,Principal,3.223461341041056,2,4,1,9.32
STU02330,25,Female,Business,1.6,3.1,Yes,57.8,7.7,Yes,3.96,3,4.8,8.7,Dorm,Yes,3,8,Auditory,5.2,98,UCI_0163,16,15,14,12,10,11,Business,Biotechnologist,2.880412926,1,0,1,9.9
STU02331,24,Other,Engineering,5.4,1.4,Yes,43.9,9.3,Yes,4.0,2,3.5,8.0,Library,Yes,6,7,Reading,2.6,100,UCI_0163,16,14,15,12,9,11,Engineering,Doctor,4.7591638648388415,1,3,1,10.0
STU02332,24,Male,Psychology,3.4,3.3,Yes,49.5,4.0,Yes,4.0,1,8.8,10.9,Cafe,Yes,8,8,Auditory,4.2,100,UCI_0163,16,15,15,13,11,12,Psychology,Electrical Engineer,4.9777761268067655,0,3,1,10.0
STU02333,16,Other,Computer Science,0.8492053541644073,1.3,No,45.0,7.9,Yes,3.84,6,2.9,4.8,Quiet Room,Yes,10,10,Kinesthetic,3.9,93,UCI_0163,16,16,15,12,11,10,Computer Science,Architect,4.212281897772944,1,2,0,9.6
STU02334,19,Other,Engineering,0.0,4.1,No,73.5,4.5,Yes,3.25,5,1.2,7.8,Quiet Room,Yes,2,10,Auditory,7.6,80,UCI_0163,16,16,15,12,9,11,Engineering,Graphic Designer,3.592483162192412,2,3,1,8.12
STU02335,26,Male,Computer Science,6.079379656801192,0.2,No,69.3,6.5,Yes,4.0,2,5.8,8.4,Cafe,Yes,3,6,Kinesthetic,4.7,95,UCI_0163,16,15,15,13,11,10,Computer Science,Microbiologist,4.150538998748313,2,1,1,10.0
STU02336,27,Other,Engineering,1.6,3.2,No,60.3,6.5,Yes,3.25,4,1.0,6.8,Co-Learning Group,No,4,10,Reading,9.1,87,UCI_0163,16,15,16,11,10,11,Engineering,Pharmacist,4.724927911754698,0,0,1,8.12
STU02337,18,Other,Engineering,0.9,3.7,No,91.7,6.6,No,4.0,2,6.5,9.4,Cafe,Yes,6,5,Visual,4.5,97,UCI_0096,10,13,13,11,13,12,Engineering,Microbiologist,2.583149468877368,0,3,1,10.0
STU02338,16,Other,Psychology,6.8,4.1,Yes,98.5,6.1,No,3.75,6,5.1,15.7,Cafe,Yes,8,7,Kinesthetic,8.3,96,UCI_0096,10,14,13,12,13,12,Psychology,Marketing Manager,3.689631960397631,1,4,0,9.38
STU02339,20,Other,Biology,2.9,3.6,No,84.6,10.8,Yes,2.82,8,6.4,7.9,Cafe,No,1,10,Reading,3.0,65,UCI_0096,12,14,14,12,13,13,Biology,Quantum Physicist,4.052851071503724,1,3,1,7.05
STU02340,17,Male,Arts,6.3,2.3,Yes,99.3,7.2,No,3.45,4,1.3,13.5,Quiet Room,No,2,10,Visual,7.9,84,UCI_0096,10,13,13,10,12,11,Arts,Nurse,3.724866308597078,1,4,0,8.62
STU02341,26,Female,Engineering,6.8,1.2,No,81.9,6.3,No,4.0,7,2.2,8.8,Library,No,7,8,Reading,3.7,100,UCI_0096,10,14,14,11,11,13,Engineering,Animator,4.111918195320161,1,1,1,10.0
STU02342,25,Other,Arts,4.6,3.1,No,54.1,5.9,Yes,3.32,3,4.7,11.7,Dorm,Yes,5,10,Kinesthetic,5.0,80,UCI_0096,11,13,13,10,11,11,Arts,Analytical Chemist,4.466562843666488,1,3,1,8.3
STU02343,23,Female,Psychology,6.8,2.5,Yes,92.2,6.5,No,4.0,6,4.2,12.4,Co-Learning Group,Yes,8,10,Auditory,3.9,100,UCI_0096,12,13,14,12,13,11,Psychology,Art Director,4.168986277364487,1,0,1,10.0
STU02344,27,Male,Computer Science,4.259997922694274,3.5,Yes,75.0,6.5,No,4.0,7,4.6,10.8,Cafe,Yes,8,6,Reading,2.2,100,UCI_0096,11,13,13,12,12,12,Computer Science,Pharmacist,4.512931824916575,0,3,1,10.0
STU02345,20,Female,Psychology,3.7,0.5,No,73.8,6.0,No,4.0,5,4.0,8.5,Quiet Room,Yes,7,10,Reading,5.0,97,UCI_0096,11,14,13,11,13,13,Psychology,Clinical Psychologist,2.9020681178415244,1,2,1,10.0
STU02346,19,Male,Business,2.2,1.6,Yes,79.6,9.6,No,3.22,1,3.1,6.2,Co-Learning Group,No,5,6,Visual,6.4,86,UCI_0096,11,12,15,12,12,12,Business,Geneticist,3.944808369007342,0,3,1,8.05
STU02347,22,Male,Business,4.9,4.8,Yes,69.1,10.3,No,4.0,5,4.9,10.3,Quiet Room,No,8,10,Kinesthetic,5.9,95,UCI_0096,11,12,13,12,13,11,Business,School Psychologist,2.8400000127518794,2,1,1,10.0
STU02348,24,Other,Computer Science,5.219131963535664,1.5,No,96.0,8.0,Yes,4.0,5,3.8,10.4,Quiet Room,No,6,8,Kinesthetic,7.0,100,UCI_0096,11,14,13,10,11,11,Computer Science,Web Developer,4.605684632432819,1,0,1,10.0
STU02349,25,Female,Engineering,3.4,4.3,Yes,48.8,6.1,No,3.05,1,5.5,10.5,Library,Yes,10,9,Auditory,7.5,82,UCI_0098,11,15,16,10,12,12,Engineering,Manager,4.940370216268419,0,0,0,7.62
STU02350,20,Other,Computer Science,3.2614933152348837,2.3,Yes,86.3,4.5,Yes,4.0,6,5.1,10.3,Co-Learning Group,Yes,1,10,Auditory,7.7,100,UCI_0098,12,15,16,8,12,10,Computer Science,Interior Designer,4.9116109552818745,2,4,1,10.0
STU02351,27,Male,Engineering,0.0,0.9,No,72.1,6.9,No,3.15,2,3.4,6.3,Cafe,Yes,4,6,Visual,5.2,76,UCI_0098,11,14,15,10,10,11,Engineering,Market Research Analyst,3.178910963325567,1,3,1,7.88
STU02352,17,Female,Engineering,2.1,3.4,No,60.9,5.8,Yes,3.27,1,2.8,6.4,Dorm,Yes,4,8,Visual,7.8,77,UCI_0098,10,14,15,9,10,11,Engineering,Surgeon,3.2193759894883485,0,2,0,8.18
STU02353,16,Other,Engineering,0.0,4.9,No,49.6,8.8,No,4.0,7,2.9,9.6,Quiet Room,No,1,10,Reading,7.2,99,UCI_0098,12,15,16,10,11,11,Engineering,Physician Assistant,3.1667665821301094,1,2,0,10.0
STU02354,17,Female,Computer Science,3.736476341291143,1.0,Yes,62.9,4.7,Yes,2.95,4,5.1,7.3,Co-Learning Group,No,6,10,Auditory,2.9,69,UCI_0098,12,15,15,8,10,10,Computer Science,Entrepreneur,3.4935564337922016,2,3,0,7.38
STU02355,20,Female,Psychology,5.1,1.0,No,69.7,5.3,No,4.0,5,5.5,8.2,Library,Yes,5,10,Kinesthetic,1.7,100,UCI_0098,11,16,14,8,10,11,Psychology,Ecologist,4.086077671033578,0,3,1,10.0
STU02356,18,Other,Computer Science,9.114974596949557,0.7,Yes,61.8,8.0,No,3.63,3,4.0,14.0,Dorm,No,4,10,Reading,5.8,81,UCI_0098,10,14,14,8,10,12,Computer Science,Fluid Mechanics Engineer,4.818670745,1,3,1,9.07
STU02357,20,Other,Arts,3.0,3.2,No,97.6,6.4,Yes,4.0,5,7.0,8.8,Cafe,No,5,6,Kinesthetic,7.8,99,UCI_0098,12,15,14,8,10,11,Arts,Acoustics Specialist,2.850100871049182,0,2,0,10.0
STU02358,22,Other,Engineering,1.2,0.2,No,49.5,7.8,Yes,3.77,7,3.3,6.4,Dorm,Yes,1,5,Kinesthetic,3.7,86,UCI_0098,11,14,15,8,11,12,Engineering,Advertising Manager,4.347038479036714,2,3,0,9.43
STU02359,19,Male,Biology,7.8,4.0,Yes,43.2,8.3,No,3.58,5,7.5,16.8,Quiet Room,No,1,10,Kinesthetic,9.1,88,UCI_0098,10,15,15,10,11,11,Biology,Surgeon,3.756593959671867,0,3,1,8.95
STU02360,26,Male,Biology,1.1,3.5,Yes,58.8,7.7,No,4.0,7,3.4,8.5,Library,Yes,7,10,Kinesthetic,8.7,100,UCI_0098,12,15,15,8,11,10,Biology,Curriculum Developer,3.497246195531048,0,0,1,10.0
STU02361,25,Male,Biology,1.3,4.2,No,59.7,8.5,Yes,3.56,7,2.4,10.0,Quiet Room,Yes,2,9,Reading,7.3,85,UCI_0098,11,14,14,9,11,12,Biology,Financial Analyst,4.973042195252717,1,3,1,8.9
STU02362,17,Female,Engineering,9.1,4.8,Yes,58.6,7.1,Yes,3.62,5,3.9,19.1,Cafe,No,4,10,Visual,1.9,89,UCI_0098,10,16,14,10,12,12,Engineering,Animator,4.246823218462092,2,1,1,9.05
STU02363,28,Female,Computer Science,3.132776855562045,0.9,Yes,79.7,8.2,No,3.0,5,5.6,7.7,Library,Yes,4,10,Reading,7.6,71,UCI_0098,10,16,14,10,11,11,Computer Science,Artist,4.878866579436938,1,4,1,7.5
STU02364,22,Other,Biology,4.0,1.7,No,62.1,9.0,Yes,3.76,2,2.6,7.7,Library,Yes,9,7,Kinesthetic,7.4,85,UCI_0104,10,12,15,13,14,13,Biology,Cybersecurity Analyst,4.052400216,0,0,1,9.4
STU02365,21,Female,Arts,0.6,0.9,No,50.1,8.2,No,3.15,8,6.9,7.0,Library,Yes,6,6,Kinesthetic,7.5,81,UCI_0104,11,14,14,13,12,13,Arts,Marketing Specialist,2.8642155463708017,1,4,0,7.88
STU02366,25,Other,Psychology,3.1,1.9,Yes,62.8,8.8,No,3.81,6,7.0,10.4,Co-Learning Group,Yes,6,10,Reading,1.6,93,UCI_0104,10,13,14,11,13,12,Psychology,Legal Secretary,2.9732869170267007,2,1,0,9.53
STU02367,18,Female,Computer Science,1.6573293139712495,0.5,Yes,48.6,6.9,Yes,4.0,4,3.1,5.5,Dorm,No,8,9,Kinesthetic,2.4,98,UCI_0104,9,14,13,13,12,11,Computer Science,Sound Engineer,2.9135671611290217,0,3,1,10.0
STU02368,28,Female,Biology,2.7,1.0,No,42.0,4.0,No,4.0,7,1.0,8.3,Quiet Room,No,7,10,Visual,6.7,100,UCI_0104,9,12,13,13,14,12,Biology,Physician Assistant,3.123413756348863,2,4,1,10.0
STU02369,24,Female,Biology,7.4,4.4,No,62.8,7.2,Yes,4.0,1,4.7,15.2,Quiet Room,No,2,7,Reading,5.0,98,UCI_0104,9,14,14,12,14,12,Biology,Zoologist,2.506035365573881,0,3,1,10.0
STU02370,20,Other,Psychology,5.7,0.2,Yes,54.5,7.4,Yes,3.53,2,6.8,8.3,Dorm,No,6,10,Visual,1.4,97,UCI_0104,10,14,14,13,14,13,Psychology,Financial Controller,4.385936920681381,2,4,1,8.82
STU02371,17,Male,Psychology,4.5,3.8,No,52.9,7.9,No,4.0,6,7.6,12.7,Co-Learning Group,No,2,10,Auditory,2.0,98,UCI_0104,9,12,14,12,14,11,Psychology,Data Scientist,3.4102717499735835,0,2,0,10.0
STU02372,20,Other,Engineering,3.5,3.3,Yes,66.8,8.0,Yes,2.95,4,3.9,10.4,Cafe,Yes,9,10,Visual,1.9,77,UCI_0104,11,14,15,13,14,12,Engineering,Clinical Psychologist,2.912525665439232,0,3,0,7.38
STU02373,18,Other,Business,0.0,0.4,Yes,60.4,8.8,No,3.23,6,5.8,4.6,Co-Learning Group,No,7,7,Visual,2.4,70,UCI_0104,10,13,15,11,13,12,Business,Zoologist,4.5457592519455225,2,2,1,8.07
STU02374,20,Other,Arts,3.5,2.2,Yes,41.4,8.0,No,3.27,8,8.2,8.1,Co-Learning Group,No,9,10,Visual,3.7,90,UCI_0104,10,13,15,11,14,13,Arts,Clinical Psychologist,4.994473073392409,2,4,1,8.18
STU02375,26,Other,Biology,3.0,1.6,No,52.4,7.3,No,4.0,4,7.6,8.5,Dorm,No,8,7,Reading,6.3,90,UCI_0104,11,14,14,11,13,11,Biology,Chemist,4.154876237647298,2,1,0,10.0
STU02376,21,Female,Computer Science,3.6168626606219023,0.8,Yes,51.6,4.0,No,3.01,1,2.5,8.2,Dorm,No,9,8,Visual,8.9,75,UCI_0104,9,14,14,12,14,11,Computer Science,Architectural Technologist,4.145895555,2,4,0,7.52
STU02377,24,Male,Arts,1.6,3.3,Yes,70.5,8.8,No,4.0,3,5.0,7.5,Co-Learning Group,Yes,6,10,Auditory,7.2,97,UCI_0104,11,13,14,12,13,12,Arts,Construction Manager,3.390186849297403,1,3,1,10.0
STU02378,16,Other,Computer Science,5.343731598910917,4.3,Yes,98.7,6.7,No,3.69,5,4.3,11.2,Dorm,Yes,10,8,Reading,1.1,97,UCI_0127,14,10,12,12,12,13,Computer Science,Chemical Engineer,3.764493213192721,1,3,0,9.22
STU02379,19,Female,Business,2.1,2.8,No,74.1,4.1,No,2.76,2,2.9,5.7,Quiet Room,No,2,10,Auditory,5.2,73,UCI_0196,12,13,13,14,13,11,Business,Architectural Technologist,3.1581422864284168,1,1,1,6.9
STU02380,23,Other,Engineering,2.5,4.2,No,53.0,6.2,Yes,2.75,3,3.7,11.2,Cafe,No,10,10,Auditory,5.5,61,UCI_0177,14,14,11,12,13,15,Engineering,Special Education Teacher,3.058901580654333,0,3,0,6.88
STU02381,18,Other,Biology,1.3,3.5,No,57.2,5.6,No,2.82,8,5.2,8.7,Co-Learning Group,Yes,5,9,Auditory,9.9,64,UCI_0196,12,15,13,14,13,12,Biology,Marketing Specialist,2.8385321326097697,0,3,0,7.05
STU02382,22,Male,Arts,3.1,4.2,No,46.9,5.8,No,3.04,3,8.5,9.7,Quiet Room,Yes,8,9,Auditory,6.5,74,UCI_0127,14,10,14,11,12,14,Arts,Mechanical Engineer,3.345620125,2,2,0,7.6
STU02383,28,Female,Computer Science,3.3938537035157736,2.3,No,65.5,10.3,No,3.42,1,1.2,10.0,Library,Yes,9,8,Auditory,6.7,87,UCI_0127,15,11,13,12,12,13,Computer Science,School Psychologist,3.942276042137017,2,2,1,8.55
STU02384,20,Male,Arts,0.0,0.4,No,69.0,7.0,No,3.03,6,4.9,3.2,Cafe,Yes,10,10,Reading,6.0,62,UCI_0127,15,11,14,13,14,14,Arts,Electrical Engineer,3.597541966,1,3,1,7.57
STU02385,28,Male,Biology,3.1,3.1,Yes,96.2,9.0,No,3.38,4,2.4,11.3,Quiet Room,Yes,1,10,Kinesthetic,7.9,79,UCI_0127,15,12,14,13,14,14,Biology,Financial Analyst,4.539158383513009,2,1,1,8.45
STU02386,22,Female,Business,4.9,3.4,Yes,48.4,4.9,Yes,4.0,2,5.4,12.2,Cafe,Yes,2,9,Visual,9.8,96,UCI_0127,15,11,14,13,13,12,Business,Astronomer,4.297318646998583,0,4,0,10.0
STU02387,24,Female,Business,0.3,1.7,Yes,97.2,6.2,Yes,3.41,7,5.0,7.3,Dorm,No,4,5,Visual,7.3,81,UCI_0127,15,11,13,13,12,13,Business,Analytical Chemist,3.458683124901981,0,1,0,8.53
STU02388,20,Female,Biology,4.3,0.8,No,48.0,6.8,Yes,2.99,7,6.2,8.8,Cafe,No,1,7,Visual,5.8,72,UCI_0127,13,10,14,12,12,13,Biology,Fluid Mechanics Engineer,3.928642963039576,0,2,0,7.48
STU02389,24,Male,Psychology,2.3,2.7,Yes,89.7,7.1,Yes,3.87,4,6.4,6.7,Quiet Room,Yes,3,10,Auditory,7.3,95,UCI_0127,13,12,12,12,13,12,Psychology,Financial Controller,3.137108710874257,1,0,0,9.68
STU02390,17,Male,Psychology,2.2,3.7,No,89.0,5.1,No,4.0,6,1.8,10.0,Quiet Room,No,7,6,Kinesthetic,9.7,100,UCI_0127,15,11,13,12,14,12,Psychology,Art Therapist,3.5603713288718835,0,3,1,10.0
STU02391,18,Male,Arts,3.2,3.1,Yes,46.2,5.8,Yes,4.0,3,8.8,11.2,Cafe,Yes,4,8,Reading,8.9,100,UCI_0127,15,11,12,12,14,12,Arts,Special Education Teacher,4.222769439,0,0,0,10.0
STU02392,17,Male,Psychology,6.5,1.1,No,77.5,5.7,No,3.21,6,5.2,11.1,Cafe,No,9,7,Visual,8.3,86,UCI_0127,14,11,14,12,14,14,Psychology,Investment Banker,3.178512414956612,1,1,0,8.03
STU02393,22,Female,Psychology,0.7,3.9,No,60.5,6.8,Yes,2.98,1,4.9,9.1,Quiet Room,Yes,4,9,Visual,4.8,72,UCI_0127,15,11,14,11,14,14,Psychology,Marketing Specialist,2.746894940733005,2,2,0,7.45
STU02394,28,Female,Engineering,8.4,3.4,No,52.6,7.5,No,4.0,2,6.2,17.6,Library,Yes,7,7,Reading,9.3,100,UCI_0126,12,13,14,13,13,14,Engineering,Graphic Designer,3.592483162192412,2,3,1,10.0
STU02395,18,Female,Engineering,4.6,0.5,Yes,64.7,6.8,No,4.0,1,2.3,7.8,Cafe,Yes,7,9,Auditory,4.3,100,UCI_0126,14,12,14,15,11,14,Engineering,Advertising Manager,4.722597821792522,0,0,0,10.0
STU02396,26,Male,Arts,4.2,0.6,Yes,81.4,5.1,No,2.78,4,4.0,7.9,Co-Learning Group,Yes,9,10,Reading,3.8,71,UCI_0136,13,10,12,15,12,14,Arts,Architectural Technologist,3.276248856,1,4,1,6.95
STU02397,16,Other,Biology,2.2,0.8,No,40.5,4.7,Yes,3.55,2,7.6,4.7,Library,No,9,10,Kinesthetic,1.4,85,UCI_0126,14,14,12,15,12,12,Biology,Cybersecurity Analyst,3.702972852443656,2,1,1,8.88
STU02398,19,Female,Biology,5.3,1.2,No,59.6,5.7,Yes,3.86,5,5.1,9.4,Co-Learning Group,No,2,10,Reading,9.9,95,UCI_0126,13,14,12,13,11,13,Biology,Brand Manager,4.5065571229052495,0,3,1,9.65
STU02399,17,Other,Psychology,7.0,4.5,Yes,78.0,8.8,Yes,4.0,8,1.0,13.9,Library,No,9,9,Kinesthetic,8.7,87,UCI_0126,12,14,12,13,11,14,Psychology,Art Therapist,3.124410719583725,0,2,0,10.0
STU02400,27,Male,Psychology,1.3,3.8,No,62.7,8.5,Yes,3.88,5,5.2,7.4,Cafe,Yes,9,8,Auditory,2.8,95,UCI_0126,14,12,13,15,13,12,Psychology,Curriculum Developer,4.0003294672906335,1,2,0,9.7
STU02401,17,Other,Business,3.9,4.7,No,54.9,6.9,Yes,4.0,6,3.7,13.5,Co-Learning Group,No,8,7,Kinesthetic,2.0,100,UCI_0126,14,14,14,14,12,14,Business,Biochemist,3.660038930005163,1,0,1,10.0
STU02402,19,Male,Computer Science,6.890397090243173,4.3,No,43.7,7.4,No,4.0,8,5.4,15.1,Cafe,No,10,6,Auditory,4.7,100,UCI_0126,14,13,14,14,13,12,Computer Science,Legal Consultant,3.539336007308349,2,2,1,10.0
STU02403,24,Male,Engineering,4.2,0.1,No,51.6,6.3,No,3.39,7,4.1,6.2,Quiet Room,No,6,10,Visual,5.7,82,UCI_0126,14,13,13,13,12,12,Engineering,Geneticist,3.160798046,2,0,0,8.47
STU02404,18,Male,Biology,1.3,2.1,Yes,92.3,5.7,Yes,3.23,8,7.2,6.7,Quiet Room,Yes,7,10,Reading,2.4,88,UCI_0126,14,14,13,15,13,12,Biology,Curriculum Developer,2.718729869114411,0,0,1,8.07
STU02405,17,Male,Arts,3.1,0.8,No,81.8,4.0,Yes,3.47,6,8.4,7.6,Dorm,Yes,6,6,Visual,9.6,93,UCI_0126,12,12,12,14,12,13,Arts,Architectural Technologist,4.627405438191255,2,4,1,8.68
STU02406,23,Female,Business,2.1,2.4,No,81.8,7.1,No,3.03,2,4.0,8.9,Quiet Room,Yes,6,10,Reading,9.1,71,UCI_0126,12,14,14,14,11,13,Business,Education Administrator,3.4201321249051206,2,3,0,7.57
STU02407,17,Male,Arts,4.3,2.6,No,80.9,8.2,No,4.0,4,5.1,9.0,Co-Learning Group,Yes,6,8,Auditory,9.9,100,UCI_0126,14,14,12,15,13,13,Arts,Game Developer,2.6563937578423227,1,4,0,10.0
STU02408,18,Other,Arts,2.9,3.2,No,85.4,6.4,No,4.0,2,1.0,9.1,Dorm,No,7,10,Auditory,6.7,100,UCI_0126,13,13,12,14,11,12,Arts,Judge,4.250657292407697,1,2,0,10.0
STU02409,17,Male,Computer Science,5.747794422394413,0.8,Yes,50.9,10.2,Yes,3.4,6,5.9,11.2,Co-Learning Group,Yes,3,10,Kinesthetic,1.4,81,UCI_0232,13,13,15,14,13,13,Computer Science,Doctor,3.291704858666088,2,2,1,8.5
STU02410,26,Male,Psychology,3.5,1.7,Yes,49.8,9.9,No,3.88,2,2.8,9.1,Library,Yes,9,9,Reading,9.1,100,UCI_0232,13,14,14,14,11,11,Psychology,Composer,3.7478912435444416,0,0,1,9.7
STU02411,26,Female,Arts,3.2,1.8,Yes,82.7,8.7,No,3.9,6,3.8,9.5,Quiet Room,No,8,6,Reading,10.0,100,UCI_0232,13,12,14,13,11,12,Arts,Dentist,3.901291164037647,2,4,1,9.75
STU02412,25,Other,Biology,4.1,3.4,No,41.1,6.3,Yes,4.0,7,6.9,9.2,Library,No,3,5,Kinesthetic,1.4,100,UCI_0232,13,14,15,15,11,12,Biology,Paralegal,2.508797222444942,0,2,0,10.0
STU02413,21,Other,Engineering,7.8,2.5,Yes,69.8,8.0,No,4.0,3,2.6,12.2,Dorm,Yes,10,5,Kinesthetic,2.8,100,UCI_0232,12,12,13,14,11,12,Engineering,Market Research Analyst,3.178910963325567,1,3,1,10.0
STU02414,23,Other,Psychology,4.9,2.2,Yes,48.3,6.0,No,4.0,8,9.7,7.5,Quiet Room,Yes,7,6,Reading,2.5,93,UCI_0232,12,13,14,13,11,13,Psychology,Social Media Manager,4.662845483,0,4,0,10.0
STU02415,24,Female,Engineering,4.6,3.0,Yes,56.9,8.7,No,4.0,5,6.3,10.4,Library,Yes,4,10,Kinesthetic,2.4,100,UCI_0232,14,12,15,13,13,11,Engineering,Industrial-Organizational Psychologist,4.802828160036775,1,1,0,10.0
STU02416,23,Other,Business,4.8,0.6,No,71.5,8.1,Yes,3.9,5,5.9,6.4,Dorm,No,4,6,Auditory,3.9,100,UCI_0232,13,12,13,14,11,12,Business,Financial Analyst,3.567312855051514,2,3,1,9.75
STU02417,27,Other,Computer Science,4.9795529606363615,3.8,No,62.7,7.3,No,4.0,7,3.4,12.3,Dorm,Yes,8,8,Auditory,1.6,99,UCI_0232,12,12,15,15,13,11,Computer Science,Sound Engineer,4.203461565,1,3,0,10.0
STU02418,16,Female,Engineering,7.4,3.0,Yes,69.6,6.0,Yes,4.0,5,4.4,10.9,Co-Learning Group,Yes,4,10,Kinesthetic,6.6,100,UCI_0232,13,12,13,14,12,12,Engineering,Web Developer,4.567984697752685,2,3,0,10.0
STU02419,23,Male,Engineering,3.1,1.9,Yes,91.5,4.0,Yes,3.16,2,7.7,6.7,Library,Yes,8,10,Auditory,2.1,76,UCI_0232,12,14,15,13,11,12,Engineering,Psychologist,4.784708877681717,2,3,0,7.9
STU02420,27,Female,Engineering,6.7,1.2,No,61.4,7.1,Yes,3.51,6,7.0,10.5,Co-Learning Group,No,9,9,Auditory,1.2,94,UCI_0232,13,14,14,13,11,11,Engineering,Construction Manager,3.346532197023659,0,2,0,8.77
STU02421,23,Female,Psychology,5.4,2.7,No,91.6,6.9,Yes,3.47,8,5.1,12.9,Dorm,No,6,6,Auditory,1.3,88,UCI_0232,13,12,15,15,11,13,Psychology,Civil Engineer,4.535724045492153,1,0,0,8.68
STU02422,22,Other,Psychology,1.1,2.6,Yes,64.8,8.4,Yes,4.0,5,3.8,7.5,Library,Yes,3,8,Reading,9.2,98,UCI_0232,13,12,14,14,11,13,Psychology,Marketing Manager,2.708105850250568,0,1,0,10.0
STU02423,16,Male,Psychology,3.0,0.4,No,76.4,6.0,Yes,3.6,7,3.9,6.2,Dorm,No,8,5,Visual,3.0,99,UCI_0232,12,12,13,13,11,12,Psychology,Legal Analyst,4.507949632273648,1,4,1,9.0
STU02424,19,Female,Arts,4.0,4.7,Yes,63.9,5.4,No,4.0,5,3.5,14.0,Cafe,Yes,2,10,Auditory,4.9,100,UCI_0055,10,12,14,14,13,13,Arts,Principal,4.789923903188967,0,2,1,10.0
STU02425,25,Male,Biology,7.3,0.1,No,67.1,6.0,No,3.93,3,9.5,12.8,Cafe,Yes,10,10,Kinesthetic,3.7,99,UCI_0055,11,13,13,12,13,12,Biology,Nurse,3.308289575221525,0,2,1,9.83
STU02426,23,Male,Biology,2.3,4.8,Yes,75.5,7.3,Yes,3.37,8,4.6,9.2,Co-Learning Group,No,1,8,Visual,1.9,82,UCI_0055,10,14,12,13,11,13,Biology,Physical Chemist,4.502718106,2,3,0,8.43
STU02427,17,Other,Computer Science,2.115210312257802,4.9,No,62.6,5.4,No,4.0,5,7.4,11.1,Quiet Room,No,7,10,Auditory,2.4,98,UCI_0055,10,12,14,13,12,14,Computer Science,Nurse,3.5848722465860465,1,4,1,10.0
STU02428,24,Female,Computer Science,3.3563123857103783,0.3,No,96.2,4.6,No,4.0,3,3.4,5.8,Co-Learning Group,Yes,9,10,Auditory,2.4,95,UCI_0055,9,13,14,13,11,12,Computer Science,AI Researcher,4.044873053309274,0,4,0,10.0
STU02429,28,Male,Psychology,1.4,0.9,No,58.0,7.4,No,3.75,7,4.6,5.2,Co-Learning Group,No,1,9,Visual,3.0,87,UCI_0055,11,14,14,12,13,13,Psychology,Legal Secretary,3.3552742133333178,1,1,1,9.38
STU02430,21,Male,Computer Science,7.726168597570784,4.7,No,82.7,8.3,No,4.0,4,5.8,16.1,Cafe,Yes,5,5,Auditory,9.3,97,UCI_0055,11,14,12,14,12,14,Computer Science,Physicist,2.7521639002635165,0,0,0,10.0
STU02431,28,Female,Arts,3.9,3.3,No,65.1,6.0,No,3.78,2,7.2,8.1,Cafe,Yes,2,10,Reading,7.6,96,UCI_0055,11,12,14,12,11,12,Arts,Chemist,3.7676807529547514,0,2,1,9.45
STU02432,27,Other,Biology,5.9,1.1,No,49.7,5.9,No,3.27,5,5.4,9.1,Cafe,No,5,10,Visual,8.2,75,UCI_0055,9,14,12,13,12,14,Biology,Ecologist,4.712633820523917,2,0,0,8.18
STU02433,28,Female,Arts,3.2,1.8,No,40.7,5.5,No,3.49,1,2.3,5.8,Library,No,3,10,Reading,7.2,96,UCI_0055,10,13,14,13,13,14,Arts,Organic Chemist,4.020483917041869,1,3,1,8.73
STU02434,27,Female,Business,4.5,3.4,No,54.0,7.5,Yes,4.0,1,6.3,12.7,Dorm,Yes,4,6,Auditory,3.1,99,UCI_0055,11,12,12,13,12,12,Business,Financial Analyst,3.567312855051514,2,3,1,10.0
STU02435,16,Other,Engineering,4.0,3.4,Yes,47.1,8.5,Yes,4.0,6,3.1,12.1,Library,Yes,1,5,Visual,3.8,100,UCI_0055,10,12,12,14,11,14,Engineering,Judge,3.809374821356651,0,4,0,10.0
STU02436,23,Male,Psychology,2.6,1.6,No,91.5,6.3,Yes,4.0,4,5.7,7.9,Dorm,Yes,1,10,Auditory,6.4,99,UCI_0055,10,14,12,14,12,14,Psychology,Construction Manager,3.774585035184803,0,4,1,10.0
STU02437,16,Other,Psychology,4.6,0.6,No,64.7,6.8,No,4.0,3,5.7,9.5,Co-Learning Group,No,10,10,Auditory,7.6,99,UCI_0055,9,14,12,13,11,14,Psychology,Conductor,3.184871047487883,0,2,1,10.0
STU02438,21,Male,Psychology,0.5,0.5,No,81.1,4.6,No,3.47,5,6.6,6.0,Dorm,Yes,7,10,Visual,9.0,92,UCI_0196,13,15,14,12,12,12,Psychology,Aerospace Engineer,3.414391965,0,3,1,8.68
STU02439,26,Female,Biology,6.5,4.5,No,81.0,8.4,No,3.45,8,5.4,13.9,Co-Learning Group,Yes,3,8,Reading,7.9,83,UCI_0196,12,15,15,13,12,13,Biology,Risk Analyst,3.938154639,2,2,0,8.62
STU02440,28,Female,Computer Science,3.457695434767769,4.9,Yes,67.8,4.0,No,4.0,7,4.0,12.4,Co-Learning Group,No,10,10,Reading,4.9,100,UCI_0196,14,13,14,14,13,12,Computer Science,Manager,4.196294045465844,1,4,0,10.0
STU02441,26,Female,Business,5.4,3.4,No,92.8,5.8,No,4.0,8,2.1,11.6,Quiet Room,No,10,6,Kinesthetic,6.5,96,UCI_0196,14,14,14,13,13,13,Business,Marketing Manager,4.500163937952381,1,1,1,10.0
STU02442,26,Male,Business,4.4,1.0,Yes,80.0,6.5,Yes,3.58,2,1.0,9.0,Library,Yes,9,5,Reading,3.8,82,UCI_0196,12,13,14,14,12,12,Business,Landscape Architect,3.9156942609742016,0,0,0,8.95
STU02443,19,Male,Engineering,4.2,3.3,Yes,64.1,6.2,Yes,2.59,6,5.0,10.9,Library,No,2,10,Auditory,3.9,58,UCI_0157,9,11,10,14,12,12,Engineering,Illustrator,4.675596736895191,2,3,1,6.47
STU02444,16,Female,Psychology,5.5,3.2,Yes,41.2,7.5,Yes,3.11,1,9.0,11.1,Co-Learning Group,No,5,8,Auditory,3.1,80,UCI_0196,14,15,15,12,13,12,Psychology,Market Research Analyst,2.541420087805521,1,2,1,7.77
STU02445,26,Other,Computer Science,8.391656740952275,0.4,No,80.6,7.1,No,3.77,7,7.2,13.0,Co-Learning Group,Yes,7,5,Kinesthetic,8.8,90,UCI_0196,14,15,14,12,13,12,Computer Science,Biotechnologist,2.663018639808294,0,0,1,9.43
STU02446,25,Male,Arts,4.6,0.6,No,63.7,7.7,Yes,3.06,6,3.8,7.2,Dorm,No,2,10,Kinesthetic,2.1,77,UCI_0196,13,14,15,12,13,12,Arts,Judge,3.060379719203322,2,0,1,7.65
STU02447,19,Other,Computer Science,5.562566287480945,1.5,Yes,70.2,6.9,No,2.77,3,6.7,10.2,Dorm,No,5,10,Reading,2.0,64,UCI_0040,13,13,14,14,12,12,Computer Science,Actuary,3.820213499207744,1,4,0,6.92
STU02448,17,Male,Computer Science,4.229287688,3.0,No,47.9,4.6,Yes,4.0,2,4.4,10.8,Dorm,No,2,6,Visual,9.3,95,UCI_0196,12,13,15,14,11,12,Computer Science,Pharmacist,4.821935173449198,2,3,1,10.0
STU02449,20,Other,Business,1.7,1.2,No,44.4,5.3,No,2.69,1,5.1,4.2,Dorm,No,7,10,Reading,1.5,61,UCI_0047,11,12,11,13,12,13,Business,Forensic Psychologist,3.0824541407033115,2,3,0,6.72
STU02450,25,Male,Engineering,0.7,2.8,Yes,64.7,5.9,Yes,3.08,4,4.3,6.3,Cafe,Yes,1,10,Auditory,5.2,74,UCI_0196,13,15,13,14,12,11,Engineering,Doctor,3.750258166,1,2,0,7.7
STU02451,17,Other,Computer Science,3.0579274144642685,2.4,Yes,55.2,7.1,Yes,3.38,5,2.5,6.9,Quiet Room,Yes,3,9,Auditory,5.1,82,UCI_0196,14,15,14,14,11,12,Computer Science,Music Teacher,3.916954043984803,0,2,1,8.45
STU02452,20,Male,Arts,5.7,3.3,No,50.7,5.8,No,3.57,2,9.1,9.9,Cafe,Yes,8,9,Visual,9.9,94,UCI_0196,13,15,14,14,11,12,Arts,Credit Analyst,3.679800274152736,1,4,1,8.92
STU02453,19,Other,Business,2.5,3.6,Yes,60.9,4.5,Yes,4.0,1,4.5,10.0,Cafe,Yes,2,10,Reading,4.9,100,UCI_0252,12,15,14,12,11,12,Business,Dentist,3.711641743203363,2,2,0,10.0
STU02454,18,Female,Business,2.5,1.7,Yes,51.1,4.8,Yes,3.35,2,3.8,5.6,Quiet Room,No,3,9,Reading,8.7,85,UCI_0252,14,15,16,12,11,12,Business,Biochemist,4.7630541234880965,2,2,1,8.38
STU02455,21,Female,Engineering,0.2,1.9,No,48.3,8.4,Yes,3.62,3,6.5,4.8,Co-Learning Group,Yes,3,6,Reading,6.8,92,UCI_0252,13,16,16,12,12,10,Engineering,Physician Assistant,2.722268873,0,2,0,9.05
STU02456,16,Male,Arts,6.8,1.0,Yes,95.9,5.6,No,3.68,2,3.0,11.9,Library,No,10,10,Visual,7.4,90,UCI_0252,12,14,16,11,12,11,Arts,Construction Manager,4.555281720541465,2,0,0,9.2
STU02457,16,Male,Engineering,8.2,2.9,Yes,52.5,5.8,No,3.35,4,3.2,13.1,Cafe,No,1,10,Visual,4.2,83,UCI_0252,12,15,15,12,11,12,Engineering,Dentist,2.5293963349348525,2,2,0,8.38
STU02458,24,Male,Computer Science,5.584660396202039,1.6,Yes,91.8,4.2,No,4.0,3,3.5,10.4,Quiet Room,Yes,8,7,Visual,5.8,100,UCI_0252,12,15,15,12,12,10,Computer Science,Legal Analyst,4.5788579718820674,1,4,1,10.0
STU02459,17,Female,Business,2.1,4.9,Yes,92.3,6.4,Yes,3.77,3,5.3,12.3,Co-Learning Group,Yes,3,10,Visual,7.7,97,UCI_0252,13,15,15,10,11,11,Business,Conductor,4.609981755408819,1,4,1,9.43
STU02460,25,Female,Arts,4.3,1.4,Yes,93.9,11.4,Yes,4.0,5,4.8,7.3,Cafe,Yes,7,7,Kinesthetic,3.0,99,UCI_0252,12,15,14,12,11,11,Arts,Fluid Mechanics Engineer,4.791761944138198,0,2,0,10.0
STU02461,28,Female,Arts,3.6,4.8,No,83.6,7.4,Yes,4.0,7,4.0,10.0,Quiet Room,Yes,5,7,Auditory,7.9,100,UCI_0252,14,15,14,10,12,10,Arts,Risk Analyst,3.014113102017699,0,1,0,10.0
STU02462,18,Other,Psychology,6.0,4.5,No,69.5,8.7,Yes,4.0,7,7.1,12.8,Co-Learning Group,Yes,6,5,Visual,9.8,95,UCI_0252,14,16,16,12,12,10,Psychology,Civil Engineer,4.7620916709206895,0,3,0,10.0
STU02463,26,Other,Biology,6.2,3.5,No,83.9,6.1,No,4.0,4,5.0,11.5,Quiet Room,No,6,7,Auditory,8.3,93,UCI_0252,13,14,16,11,12,12,Biology,Graphic Designer,3.324701308274175,1,0,1,10.0
STU02464,20,Male,Biology,2.6,1.5,No,48.5,7.5,Yes,3.71,6,6.2,8.0,Co-Learning Group,No,10,6,Auditory,1.2,87,UCI_0252,13,15,14,10,11,11,Biology,Acoustics Specialist,4.944567652342556,1,2,1,9.28
STU02465,22,Male,Computer Science,4.229031702418057,4.7,No,53.9,6.5,Yes,4.0,6,7.8,11.8,Library,Yes,10,5,Auditory,6.7,99,UCI_0252,14,14,15,10,11,10,Computer Science,Brand Manager,4.1804124959650775,1,1,1,10.0
STU02466,26,Male,Computer Science,3.435909615226286,1.0,Yes,41.5,6.8,No,2.96,2,7.3,6.9,Library,No,3,6,Kinesthetic,4.7,63,UCI_0051,12,13,13,14,13,13,Computer Science,Artist,2.9683507415699437,0,3,1,7.4
STU02467,19,Other,Arts,5.9,4.3,Yes,61.8,8.5,Yes,4.0,8,7.4,14.1,Co-Learning Group,Yes,7,10,Kinesthetic,3.4,100,UCI_0051,12,13,13,14,13,12,Arts,Musician,4.354808188825608,0,1,1,10.0
STU02468,24,Male,Business,1.9,4.6,No,46.0,4.5,Yes,4.0,1,5.8,10.6,Quiet Room,Yes,6,10,Reading,3.2,100,UCI_0051,13,13,12,14,13,14,Business,Biologist,2.512484141568185,2,4,1,10.0
STU02469,24,Female,Computer Science,5.049213299001403,3.9,No,71.3,7.5,No,3.03,2,6.3,10.9,Dorm,Yes,1,10,Auditory,3.7,74,UCI_0051,11,14,13,13,13,14,Computer Science,Landscape Architect,4.314054841007606,1,3,0,7.57
STU02470,22,Male,Arts,2.9,1.5,Yes,56.5,7.2,Yes,3.64,7,7.3,5.5,Cafe,Yes,10,10,Visual,1.1,100,UCI_0051,11,14,14,15,12,13,Arts,Education Administrator,4.647562824541962,1,2,0,9.1
STU02471,24,Other,Business,4.8,3.9,No,50.9,10.3,No,4.0,2,6.5,9.6,Dorm,Yes,7,8,Reading,5.9,91,UCI_0051,12,13,14,13,13,14,Business,Financial Controller,3.3420687376585425,0,2,0,10.0
STU02472,21,Male,Business,5.6,3.5,Yes,69.2,8.5,Yes,4.0,6,1.9,9.9,Dorm,No,1,6,Reading,9.5,100,UCI_0051,13,13,14,14,13,13,Business,Sound Engineer,3.387566327333292,0,1,0,10.0
STU02473,25,Male,Arts,2.2,4.6,No,81.2,6.8,Yes,4.0,2,5.1,9.7,Co-Learning Group,Yes,6,10,Auditory,6.3,94,UCI_0051,11,12,14,13,13,13,Arts,Social Media Manager,3.2686975230111712,1,0,1,10.0
STU02474,20,Female,Business,2.5,4.3,Yes,68.8,8.2,No,4.0,3,4.2,9.9,Library,No,7,10,Visual,6.0,100,UCI_0051,12,13,14,15,14,13,Business,Inorganic Chemist,3.631377771495597,2,2,1,10.0
STU02475,17,Other,Arts,5.0,2.5,No,85.5,6.5,Yes,2.12,6,8.5,12.8,Dorm,No,5,10,Reading,8.9,53,UCI_0313,11,11,11,12,11,13,Arts,Education Administrator,3.967801390300023,0,1,1,5.3
STU02476,16,Male,Engineering,3.2,2.4,Yes,65.1,7.8,No,3.5,8,6.4,8.8,Quiet Room,Yes,10,10,Visual,1.6,90,UCI_0051,12,13,14,15,12,14,Engineering,Human Resources Specialist,4.7716486593096334,0,1,0,8.75
STU02477,20,Male,Business,3.8,4.1,Yes,61.8,7.4,No,3.9,3,4.6,11.9,Co-Learning Group,No,1,6,Kinesthetic,6.7,89,UCI_0051,13,14,14,15,12,12,Business,Art Therapist,4.416118675158042,2,3,1,9.75
STU02478,24,Female,Business,5.5,3.4,Yes,84.1,7.6,Yes,4.0,7,3.6,10.6,Co-Learning Group,No,9,10,Reading,1.0,100,UCI_0051,11,12,12,14,12,12,Business,Paralegal,2.508902180959613,2,2,0,10.0
STU02479,24,Female,Psychology,1.9,3.8,Yes,95.5,8.1,Yes,4.0,7,4.2,10.1,Library,Yes,3,7,Visual,8.1,100,UCI_0051,12,14,12,14,13,14,Psychology,Electrical Engineer,3.1020947704098965,1,3,0,10.0
STU02480,26,Male,Biology,2.6,1.4,Yes,84.9,7.3,No,3.69,2,6.9,6.2,Quiet Room,Yes,6,6,Visual,7.7,97,UCI_0051,11,14,12,13,12,14,Biology,Dentist,4.614554216012668,0,1,0,9.22
STU02481,20,Other,Arts,0.0,4.1,No,80.1,4.8,No,4.0,8,3.6,8.2,Library,No,9,5,Reading,7.1,100,UCI_0051,11,14,14,15,12,12,Arts,Surgeon,3.272713653163118,2,2,1,10.0
STU02482,22,Male,Arts,4.2,2.9,No,65.6,7.0,Yes,4.0,3,9.1,10.7,Quiet Room,No,3,10,Reading,3.5,98,UCI_0051,11,14,12,14,13,14,Arts,AI Researcher,3.467330716,1,2,0,10.0
STU02483,18,Male,Engineering,5.3,4.0,Yes,63.5,6.9,No,3.13,8,6.9,11.3,Library,No,2,7,Reading,5.9,82,UCI_0051,12,13,14,15,13,13,Engineering,Market Research Analyst,3.975303871206556,1,1,0,7.82
STU02484,17,Other,Arts,6.6,1.4,No,90.0,8.7,Yes,4.0,8,7.7,8.9,Cafe,Yes,6,10,Kinesthetic,9.8,99,UCI_0051,12,14,13,14,14,14,Arts,Sound Engineer,3.020492458,2,2,0,10.0
STU02485,16,Female,Arts,4.6,3.7,Yes,62.1,6.1,No,4.0,2,9.0,10.0,Quiet Room,No,3,6,Auditory,3.4,95,UCI_0040,14,12,12,14,14,13,Arts,Dentist,3.605520710607247,1,4,1,10.0
STU02486,25,Other,Computer Science,6.780263391110106,3.8,Yes,54.7,9.8,Yes,4.0,3,8.1,15.9,Cafe,No,7,9,Auditory,7.6,100,UCI_0040,15,12,13,15,14,11,Computer Science,Sound Engineer,3.075612984592982,2,1,0,10.0
STU02487,21,Female,Biology,7.8,2.8,No,88.2,7.0,No,4.0,1,3.9,13.0,Cafe,Yes,4,10,Reading,2.8,97,UCI_0040,15,12,12,15,14,13,Biology,Art Therapist,2.9263190631324165,0,1,0,10.0
STU02488,21,Female,Psychology,2.1,4.7,No,98.4,4.5,Yes,2.55,6,7.8,7.8,Quiet Room,No,3,7,Auditory,4.5,56,UCI_0175,10,11,9,14,13,16,Psychology,Financial Advisor,3.561989740642229,1,1,1,6.38
STU02489,23,Female,Biology,2.5,4.9,Yes,40.1,7.1,Yes,2.61,6,7.9,9.7,Quiet Room,Yes,2,10,Visual,2.2,72,UCI_0078,11,12,11,13,12,12,Biology,Financial Advisor,4.276321021448432,2,4,0,6.52
STU02490,19,Male,Arts,3.7,1.2,Yes,51.4,7.2,No,3.9,8,5.6,10.2,Dorm,Yes,4,9,Reading,7.1,99,UCI_0040,14,13,14,15,14,12,Arts,Chemist,3.166103373691241,0,2,0,9.75
STU02491,25,Other,Engineering,4.0,4.3,No,90.3,6.0,No,4.0,8,4.3,12.4,Cafe,Yes,7,10,Kinesthetic,2.1,100,UCI_0040,13,14,14,14,14,13,Engineering,Biochemist,2.511181866803874,1,1,1,10.0
STU02492,16,Female,Computer Science,3.952909797482608,4.7,No,90.2,7.8,No,3.47,1,2.2,13.2,Co-Learning Group,No,1,9,Reading,2.1,85,UCI_0040,14,12,12,15,13,11,Computer Science,Financial Analyst,2.833409539522841,1,1,1,8.68
STU02493,24,Other,Computer Science,2.2678998960939896,3.6,Yes,65.1,7.2,No,4.0,2,5.7,8.6,Co-Learning Group,Yes,7,9,Reading,6.9,100,UCI_0040,13,14,12,13,13,12,Computer Science,Geneticist,2.5006980183596994,2,4,0,10.0
STU02494,26,Other,Computer Science,1.832185921390432,1.9,Yes,75.4,7.8,No,3.48,1,7.5,6.5,Co-Learning Group,Yes,6,7,Auditory,9.7,86,UCI_0040,15,14,13,13,14,12,Computer Science,Landscape Architect,4.314054841007606,1,3,0,8.7
STU02495,22,Male,Business,5.0,2.5,No,88.7,4.0,No,3.35,7,3.9,9.1,Cafe,Yes,10,7,Reading,6.5,82,UCI_0040,15,13,12,15,12,13,Business,Civil Engineer,3.440566177471628,2,3,0,8.38
STU02496,20,Female,Arts,3.3,4.3,No,78.5,7.0,No,4.0,7,4.7,7.7,Library,Yes,5,10,Reading,9.2,98,UCI_0040,15,12,14,13,13,12,Arts,Digital Marketing Specialist,3.726671506347702,0,1,0,10.0
STU02497,16,Female,Computer Science,4.100773053160457,0.0,Yes,75.4,6.9,No,3.6,1,3.9,5.3,Quiet Room,Yes,10,10,Visual,8.7,79,UCI_0040,14,13,13,14,14,11,Computer Science,Acoustics Specialist,4.063892378373084,0,2,0,9.0
STU02498,26,Male,Computer Science,2.9201459344870893,1.7,No,76.7,9.9,No,3.13,4,4.7,8.3,Library,No,7,8,Visual,8.2,71,UCI_0257,8,12,12,12,12,13,Computer Science,Architectural Technologist,4.145895555,2,4,0,7.82
STU02499,18,Male,Arts,2.0,0.6,No,88.9,9.1,No,3.63,3,5.5,6.5,Quiet Room,No,5,5,Reading,7.5,87,UCI_0257,9,11,11,13,11,14,Arts,Art Director,4.110166012404374,2,2,0,9.07
STU02500,18,Female,Business,3.0,2.3,No,44.8,5.8,Yes,4.0,2,4.4,6.5,Quiet Room,No,4,6,Visual,10.0,100,UCI_0257,7,11,13,11,13,13,Business,Doctor,3.457889740626489,2,4,0,10.0
STU02501,21,Male,Arts,2.8,0.8,Yes,58.5,7.1,No,4.0,7,4.7,4.4,Library,Yes,5,5,Visual,8.2,100,UCI_0257,9,13,11,11,12,14,Arts,Surgeon,4.917317006013859,1,1,1,10.0
STU02502,25,Female,Business,3.1,4.9,Yes,50.6,5.3,Yes,3.86,8,3.2,11.9,Dorm,Yes,2,7,Reading,3.0,93,UCI_0257,7,11,12,11,11,12,Business,Accountant,2.8932179068105097,2,3,0,9.65
STU02503,23,Other,Computer Science,7.121624433686733,3.0,No,97.9,6.5,No,4.0,7,6.4,14.1,Cafe,Yes,7,10,Visual,5.6,98,UCI_0257,9,13,11,12,12,13,Computer Science,Pharmacist,4.766841426958278,2,0,1,10.0
STU02504,16,Male,Biology,4.3,2.9,No,93.2,6.2,No,3.39,4,1.8,9.6,Cafe,No,8,10,Auditory,5.4,83,UCI_0257,9,12,13,11,11,13,Biology,Risk Analyst,3.887299657823569,2,2,1,8.47
STU02505,16,Other,Business,5.3,3.4,Yes,86.9,7.0,Yes,4.0,6,4.5,11.2,Library,Yes,6,5,Kinesthetic,7.4,100,UCI_0257,9,12,12,11,12,14,Business,Physicist,2.9046540319589105,1,3,0,10.0
STU02506,24,Female,Computer Science,3.4408407582422385,1.0,Yes,61.6,7.6,No,4.0,5,4.8,7.6,Cafe,No,9,7,Kinesthetic,4.3,93,UCI_0257,8,11,13,13,12,13,Computer Science,Physical Chemist,3.669851503814805,1,0,1,10.0
STU02507,19,Female,Business,1.5,2.8,Yes,85.3,7.5,Yes,2.82,6,5.8,7.5,Co-Learning Group,No,4,8,Kinesthetic,9.3,70,UCI_0257,8,13,12,11,11,14,Business,Brand Manager,3.7067640193479785,0,0,0,7.05
STU02508,28,Other,Engineering,3.3,3.5,No,99.7,9.3,No,2.83,7,7.0,8.2,Quiet Room,No,10,10,Reading,9.5,76,UCI_0257,9,13,11,11,12,12,Engineering,Interior Designer,4.667753764453633,0,3,0,7.08
STU02509,25,Female,Business,5.9,1.8,No,79.8,8.0,Yes,3.28,5,5.1,10.2,Dorm,No,2,5,Visual,8.5,80,UCI_0257,8,12,11,11,12,14,Business,Chemical Engineer,4.900558894379435,2,3,0,8.2
STU02510,22,Female,Biology,2.4,2.1,No,45.0,6.2,Yes,3.01,2,1.6,8.9,Co-Learning Group,No,6,9,Visual,7.0,71,UCI_0257,8,11,11,12,11,14,Biology,Data Scientist,2.5995742935219144,0,0,0,7.52
STU02511,17,Other,Arts,9.3,3.4,Yes,81.9,5.8,Yes,3.48,7,1.6,17.8,Library,No,7,10,Visual,3.9,88,UCI_0257,9,11,13,11,12,14,Arts,Financial Advisor,3.026010548,1,3,1,8.7
STU02512,25,Female,Business,4.6,1.5,No,61.3,7.5,No,4.0,3,5.3,9.6,Quiet Room,Yes,7,5,Kinesthetic,3.9,100,UCI_0257,7,11,11,13,11,13,Business,Composer,3.0709858982387552,1,0,1,10.0
STU02513,17,Other,Business,3.3,2.2,Yes,52.2,7.0,Yes,3.71,7,4.7,10.7,Cafe,Yes,2,9,Reading,9.3,92,UCI_0257,8,13,13,13,13,13,Business,Forensic Psychologist,4.867681661151315,0,4,1,9.28
STU02514,16,Other,Computer Science,4.829083139627351,4.7,Yes,86.8,7.5,No,4.0,4,8.6,11.1,Quiet Room,Yes,2,8,Auditory,1.1,93,UCI_0257,8,11,13,12,12,12,Computer Science,Marketing Manager,4.582675208617764,1,2,1,10.0
STU02515,26,Female,Biology,3.5,4.8,Yes,90.7,7.1,Yes,3.25,3,3.6,9.9,Library,No,5,10,Visual,1.6,81,UCI_0257,7,12,12,12,11,12,Biology,Fluid Mechanics Engineer,3.5613173083902376,0,3,0,8.12
STU02516,25,Male,Arts,1.6,2.0,Yes,43.7,8.6,No,4.0,7,5.1,7.0,Cafe,Yes,8,5,Kinesthetic,1.9,92,UCI_0245,14,12,12,14,13,13,Arts,Judge,2.811967486328782,2,3,1,10.0
STU02517,18,Other,Business,3.9,0.8,No,90.0,8.0,Yes,3.13,1,7.8,9.4,Dorm,No,6,5,Visual,3.8,73,UCI_0245,13,13,13,14,13,14,Business,School Counselor,3.479691424433855,0,4,1,7.82
STU02518,26,Female,Arts,3.6,0.8,No,47.0,5.8,No,3.31,7,4.1,9.0,Co-Learning Group,No,8,5,Visual,1.3,84,UCI_0245,13,11,11,16,14,12,Arts,School Psychologist,3.744071666518497,2,1,0,8.28
STU02519,23,Female,Biology,7.9,3.6,No,75.8,8.3,Yes,4.0,5,7.4,15.4,Quiet Room,Yes,8,7,Auditory,9.3,96,UCI_0245,13,12,11,15,14,12,Biology,Psychologist,3.8209062092970703,0,0,0,10.0
STU02520,22,Male,Computer Science,5.9435560594238925,4.0,No,80.2,4.7,Yes,3.49,2,5.1,13.4,Co-Learning Group,Yes,1,5,Visual,4.9,80,UCI_0245,12,12,11,16,13,12,Computer Science,Architect,2.852429889856106,1,0,0,8.73
STU02521,19,Other,Computer Science,6.377613673648836,1.9,Yes,50.0,8.0,Yes,3.85,5,4.6,13.2,Co-Learning Group,Yes,8,6,Visual,2.2,94,UCI_0245,13,13,12,15,12,12,Computer Science,Advertising Manager,3.123323575519878,0,0,1,9.62
STU02522,23,Other,Biology,3.7,0.7,No,57.1,5.6,No,3.88,6,2.9,8.7,Cafe,Yes,6,10,Auditory,9.8,93,UCI_0245,12,11,11,15,12,13,Biology,School Counselor,4.788058946776305,2,1,1,9.7
STU02523,26,Male,Arts,4.4,4.7,No,90.2,5.6,No,3.54,4,5.9,11.7,Dorm,No,6,10,Visual,3.7,86,UCI_0245,14,13,12,14,13,14,Arts,Analytical Chemist,4.466562843666488,1,3,1,8.85
STU02524,20,Other,Arts,2.9,0.2,No,61.8,6.4,No,3.34,8,8.0,4.6,Quiet Room,Yes,10,10,Kinesthetic,8.8,86,UCI_0245,13,13,13,14,12,12,Arts,Quantum Physicist,4.965997373748745,1,2,0,8.35
STU02525,17,Other,Engineering,6.5,2.6,Yes,72.0,9.0,Yes,3.11,4,7.5,11.0,Quiet Room,No,4,10,Visual,2.7,76,UCI_0245,12,11,12,15,13,14,Engineering,Electrical Engineer,3.7678799521430575,1,3,1,7.77
STU02526,22,Female,Psychology,5.3,4.1,No,47.0,7.2,No,3.6,5,6.0,12.8,Cafe,Yes,1,6,Kinesthetic,9.6,84,UCI_0245,14,13,13,15,14,13,Psychology,Legal Analyst,2.876603523,2,3,0,9.0
STU02527,17,Female,Engineering,1.3,3.2,No,61.9,7.8,Yes,4.0,8,2.5,9.9,Dorm,No,7,10,Visual,3.7,100,UCI_0245,12,11,11,16,12,14,Engineering,AI Researcher,4.319921760150759,0,3,0,10.0
STU02528,28,Female,Biology,2.9,3.3,Yes,74.8,6.7,No,2.84,3,3.9,7.5,Co-Learning Group,No,7,10,Kinesthetic,4.3,74,UCI_0245,14,12,13,16,14,13,Biology,Astronomer,2.747964615322046,2,4,0,7.1
STU02529,25,Other,Biology,1.4,1.2,Yes,79.0,6.6,No,3.97,8,5.1,7.1,Cafe,Yes,9,10,Auditory,9.2,99,UCI_0245,12,11,13,16,13,12,Biology,Architect,3.1387198663822367,0,2,0,9.93
STU02530,19,Male,Biology,4.8,2.2,Yes,75.9,8.4,Yes,3.82,1,4.7,9.0,Library,No,3,8,Reading,2.0,89,UCI_0245,14,11,12,15,12,12,Biology,Special Education Teacher,2.5509486529605416,0,2,1,9.55
STU02531,24,Male,Engineering,3.4,2.3,Yes,51.7,6.4,No,4.0,7,3.2,9.5,Cafe,No,10,10,Kinesthetic,9.6,100,UCI_0245,12,13,13,15,13,13,Engineering,Urban Planner,3.505251708213284,1,0,1,10.0
STU02532,19,Male,Computer Science,2.108472733587284,3.4,Yes,69.7,5.7,No,4.0,7,1.4,6.9,Cafe,No,3,10,Visual,5.3,100,UCI_0245,13,12,12,15,13,13,Computer Science,Nuclear Physicist,4.064903353107168,1,1,0,10.0
STU02533,21,Female,Engineering,5.7,4.1,Yes,72.0,7.4,No,3.57,4,5.1,12.0,Library,Yes,6,5,Kinesthetic,5.5,81,UCI_0375,11,8,9,14,16,14,Engineering,Biotechnologist,3.5799088278532096,1,0,0,8.92
STU02534,27,Female,Psychology,3.6,2.7,No,96.7,6.8,No,3.91,3,1.0,8.5,Cafe,No,8,10,Auditory,1.6,94,UCI_0375,11,9,10,15,16,15,Psychology,Biomedical Engineer,3.306867499294809,1,2,1,9.78
STU02535,18,Male,Computer Science,6.608137165603399,1.6,Yes,46.1,7.0,Yes,2.98,4,1.8,12.9,Dorm,No,6,10,Auditory,6.8,70,UCI_0375,9,9,9,15,16,14,Computer Science,Financial Controller,4.720591759690436,1,3,1,7.45
STU02536,27,Female,Psychology,5.6,3.0,Yes,41.8,5.3,Yes,3.13,2,2.5,11.8,Quiet Room,No,8,10,Reading,5.2,76,UCI_0375,9,8,9,13,18,16,Psychology,Analytical Chemist,2.9169910236137766,0,2,1,7.82
STU02537,16,Female,Arts,1.0,0.6,No,54.4,8.1,Yes,3.61,6,5.4,6.9,Co-Learning Group,Yes,6,10,Auditory,6.6,88,UCI_0375,11,10,11,14,17,15,Arts,Biomedical Engineer,3.378265589136482,1,0,0,9.03
STU02538,21,Female,Business,5.8,2.1,Yes,76.3,7.4,No,2.77,7,4.9,11.7,Cafe,Yes,3,10,Visual,8.5,65,UCI_0289,10,10,10,13,13,14,Business,Sound Engineer,4.023065511103965,1,4,1,6.92
STU02539,28,Female,Business,8.0,0.2,No,75.2,9.3,Yes,4.0,1,6.5,11.5,Quiet Room,No,1,10,Kinesthetic,4.2,100,UCI_0375,10,8,9,13,18,15,Business,Graphic Designer,4.511571676760953,2,2,0,10.0
STU02540,18,Other,Computer Science,4.734686052875088,2.5,Yes,44.0,7.1,Yes,4.0,4,5.1,8.7,Cafe,Yes,9,7,Auditory,2.7,100,UCI_0375,9,9,11,13,16,16,Computer Science,Microbiologist,4.810953159326702,0,1,0,10.0
STU02541,21,Female,Computer Science,1.988380755419411,1.6,No,50.2,5.6,No,3.73,3,6.9,5.0,Library,No,7,5,Reading,9.9,99,UCI_0375,11,9,11,14,17,14,Computer Science,Musician,4.096015183480569,0,3,0,9.32
STU02542,28,Male,Business,7.9,1.8,No,80.2,6.4,No,4.0,6,3.1,12.0,Dorm,No,2,10,Reading,9.7,100,UCI_0375,11,10,9,15,18,14,Business,Microbiologist,3.200687286349245,1,0,0,10.0
STU02543,21,Female,Biology,3.7,4.6,No,76.6,8.4,No,4.0,8,4.9,13.8,Co-Learning Group,Yes,5,9,Kinesthetic,8.7,92,UCI_0375,9,9,10,14,17,16,Biology,School Counselor,4.788058946776305,2,1,1,10.0
STU02544,19,Female,Arts,2.2,0.3,Yes,60.5,5.7,No,2.79,6,3.8,4.4,Co-Learning Group,No,7,7,Kinesthetic,5.0,71,UCI_0159,10,10,13,14,13,12,Arts,Counselor,4.595773886226624,0,4,1,6.97
STU02545,21,Female,Engineering,6.5,4.0,No,47.8,7.1,No,3.66,3,4.6,15.8,Cafe,Yes,3,9,Reading,6.3,88,UCI_0375,9,8,9,14,16,14,Engineering,AI Researcher,4.070084546774336,1,1,1,9.15
STU02546,25,Male,Business,4.9,3.4,No,44.7,7.0,No,3.72,3,6.0,11.9,Co-Learning Group,Yes,4,9,Kinesthetic,1.2,96,UCI_0375,9,10,10,13,18,15,Business,Credit Analyst,4.981691333247512,0,2,1,9.3
STU02547,25,Female,Psychology,3.4,0.8,Yes,83.6,6.4,No,4.0,4,6.4,5.6,Co-Learning Group,Yes,9,7,Visual,3.0,95,UCI_0375,9,10,11,14,16,14,Psychology,Composer,4.235758629958084,2,1,0,10.0
STU02548,22,Female,Business,2.4,1.9,No,77.6,10.8,Yes,4.0,8,1.8,7.7,Quiet Room,No,2,10,Kinesthetic,2.3,100,UCI_0375,10,10,11,15,18,15,Business,Acoustics Specialist,3.1643988481210528,2,3,1,10.0
STU02549,27,Female,Computer Science,5.126650766231186,1.5,Yes,52.6,5.9,Yes,3.31,5,4.3,8.6,Library,Yes,8,10,Visual,3.5,85,UCI_0375,10,10,11,14,16,16,Computer Science,Biomedical Engineer,4.234724304365713,2,0,1,8.28
STU02550,21,Other,Biology,4.4,1.4,No,57.2,6.9,Yes,2.85,3,2.3,11.1,Cafe,No,9,10,Reading,9.5,63,UCI_0260,10,11,11,12,12,14,Biology,Education Administrator,3.161400531,0,3,1,7.12
STU02551,16,Male,Biology,6.8,4.0,No,60.2,5.9,Yes,4.0,4,5.3,14.6,Dorm,Yes,7,8,Reading,5.6,100,UCI_0260,11,10,10,11,14,14,Biology,Biotechnologist,3.928075868230458,1,1,1,10.0
STU02552,24,Male,Arts,7.2,1.1,No,89.6,5.9,No,3.77,1,7.7,12.0,Cafe,Yes,6,10,Auditory,5.8,96,UCI_0260,12,12,12,12,14,15,Arts,Landscape Architect,3.3373632278784204,1,0,0,9.43
STU02553,18,Female,Business,4.0,4.0,Yes,75.6,7.9,Yes,3.28,6,3.4,11.7,Quiet Room,No,8,10,Kinesthetic,5.7,85,UCI_0260,10,12,10,12,13,15,Business,Analytical Chemist,3.086283862236081,2,3,1,8.2
STU02554,27,Other,Biology,3.2,2.8,No,90.8,5.3,Yes,4.0,1,4.9,10.2,Quiet Room,No,2,9,Kinesthetic,9.7,100,UCI_0260,11,11,11,11,13,14,Biology,Pharmacist,4.892665051835707,0,4,0,10.0
STU02555,18,Female,Biology,4.6,0.8,Yes,78.2,9.3,Yes,4.0,3,4.8,9.3,Cafe,Yes,2,10,Auditory,6.6,100,UCI_0260,11,11,10,11,12,13,Biology,Musician,4.747204807874144,1,4,0,10.0
STU02556,18,Other,Business,7.1,2.3,Yes,89.8,7.7,No,4.0,7,7.5,13.0,Cafe,Yes,9,9,Reading,6.0,87,UCI_0260,11,10,11,12,14,13,Business,Credit Analyst,4.032451271334965,2,3,0,10.0
STU02557,24,Female,Business,4.5,3.3,No,76.9,5.5,No,4.0,2,3.6,13.5,Library,Yes,2,10,Visual,6.6,100,UCI_0260,11,11,12,11,14,15,Business,Legal Secretary,2.627782079,2,0,1,10.0
STU02558,23,Other,Computer Science,6.588637352009339,1.3,Yes,68.3,6.0,Yes,4.0,1,6.1,10.4,Quiet Room,No,8,10,Auditory,2.8,100,UCI_0260,10,11,11,11,13,13,Computer Science,Biomedical Engineer,4.920067821108489,1,0,0,10.0
STU02559,16,Male,Engineering,4.9,1.7,No,93.8,4.5,No,3.83,1,4.8,11.0,Dorm,Yes,9,10,Auditory,9.0,94,UCI_0260,11,12,10,11,14,14,Engineering,Data Scientist,4.509470203584161,0,3,1,9.57
STU02560,23,Female,Computer Science,2.168784218965873,4.7,Yes,75.3,9.2,Yes,3.11,7,5.3,10.3,Co-Learning Group,Yes,1,7,Auditory,1.6,68,UCI_0260,12,11,10,12,12,13,Computer Science,Financial Analyst,4.128289413233196,1,3,1,7.77
STU02561,20,Female,Arts,3.0,0.2,Yes,52.3,8.4,Yes,4.0,7,6.6,3.7,Dorm,Yes,9,6,Auditory,9.4,100,UCI_0260,10,12,12,10,13,14,Arts,Chemical Engineer,3.632071167040824,1,4,1,10.0
STU02562,24,Male,Arts,2.7,0.9,No,91.3,7.5,No,3.6,8,7.0,9.0,Co-Learning Group,No,4,7,Kinesthetic,7.8,83,UCI_0260,10,12,12,11,13,15,Arts,Credit Analyst,4.03514401,2,0,0,9.0
STU02563,17,Other,Computer Science,3.17243941597372,4.7,Yes,76.4,8.7,Yes,2.6,4,6.6,12.4,Library,Yes,6,10,Kinesthetic,1.7,70,UCI_0067,13,13,12,11,11,12,Computer Science,AI Researcher,4.044873053309274,0,4,0,6.5
STU02564,23,Female,Business,1.8,0.5,No,85.8,7.6,No,4.0,7,8.6,4.1,Co-Learning Group,Yes,2,5,Reading,8.6,98,UCI_0260,11,10,11,11,13,15,Business,Special Education Teacher,3.9533489541121822,0,4,0,10.0
STU02565,27,Other,Arts,0.0,1.2,No,76.7,8.0,No,3.25,3,5.2,4.3,Dorm,Yes,6,10,Visual,2.1,74,UCI_0260,11,11,10,12,12,14,Arts,Geneticist,3.809037402386291,2,2,0,8.12
STU02566,24,Other,Business,1.0,4.4,Yes,93.8,8.2,No,2.99,3,6.2,10.5,Quiet Room,No,4,10,Auditory,3.5,75,UCI_0260,10,12,11,10,12,15,Business,Organic Chemist,3.9799222073598433,1,3,0,7.48
STU02567,21,Female,Business,3.3,4.0,No,93.5,8.9,Yes,3.62,7,1.0,8.7,Cafe,Yes,1,7,Reading,5.9,79,UCI_0260,11,10,12,10,13,13,Business,Doctor,3.3265015718104864,2,3,1,9.05
STU02568,26,Female,Arts,4.4,4.2,No,44.8,9.5,No,3.36,5,4.4,9.8,Co-Learning Group,No,1,6,Reading,3.9,82,UCI_0356,11,10,11,14,13,14,Arts,Electrical Engineer,3.551236915549618,1,4,0,8.4
STU02569,21,Other,Business,2.6,1.0,Yes,89.9,5.9,Yes,2.76,6,4.4,5.7,Cafe,No,5,10,Auditory,1.7,64,UCI_0289,11,8,10,11,13,15,Business,Composer,3.0709858982387552,1,0,1,6.9
STU02570,20,Male,Engineering,4.2,3.9,No,98.4,6.3,Yes,4.0,1,2.0,11.1,Cafe,No,10,9,Kinesthetic,7.3,97,UCI_0356,13,12,11,14,13,13,Engineering,AI Researcher,4.777741792448472,2,2,0,10.0
STU02571,16,Male,Engineering,6.0,2.6,No,58.3,6.9,No,3.88,7,5.1,11.5,Quiet Room,Yes,1,10,Kinesthetic,9.5,100,UCI_0356,12,11,11,12,13,13,Engineering,Civil Engineer,4.488483362552543,1,4,0,9.7
STU02572,16,Other,Biology,6.3,0.0,No,93.5,8.1,Yes,3.85,6,6.0,10.4,Library,No,6,10,Reading,5.1,99,UCI_0356,13,11,11,13,13,14,Biology,Analytical Chemist,4.202227362932742,0,3,1,9.62
STU02573,16,Female,Computer Science,7.338727287862096,4.8,No,60.2,4.6,Yes,3.08,4,3.6,13.0,Co-Learning Group,No,7,8,Reading,1.2,75,UCI_0356,12,11,13,13,14,14,Computer Science,Entrepreneur,3.931848663530898,2,0,0,7.7
STU02574,24,Other,Engineering,1.2,3.4,No,64.2,4.7,No,3.19,1,4.9,5.7,Dorm,No,1,10,Kinesthetic,9.0,81,UCI_0356,13,12,12,12,13,12,Engineering,Lawyer,4.984682992266606,1,3,1,7.97
STU02575,25,Other,Psychology,3.8,4.5,No,75.3,6.4,No,4.0,7,3.2,9.5,Quiet Room,No,7,10,Reading,6.2,100,UCI_0356,12,12,12,12,12,14,Psychology,Surgeon,3.245193084102083,2,1,0,10.0
STU02576,24,Female,Engineering,3.7,3.5,No,88.2,6.4,Yes,3.78,5,5.7,8.6,Co-Learning Group,No,4,6,Auditory,1.5,97,UCI_0356,13,11,13,14,13,12,Engineering,Doctor,2.7361339514463063,2,4,1,9.45
STU02577,17,Male,Arts,6.7,1.3,No,52.1,5.8,No,4.0,1,7.7,9.0,Library,No,10,6,Visual,1.9,100,UCI_0356,13,11,13,14,13,13,Arts,Microbiologist,2.918488582606793,2,1,1,10.0
STU02578,23,Male,Arts,0.0,4.4,Yes,40.0,7.5,No,4.0,8,4.0,5.8,Dorm,Yes,2,8,Reading,8.7,100,UCI_0356,11,12,11,13,13,12,Arts,Teacher,4.302552944198839,0,4,1,10.0
STU02579,27,Other,Biology,4.1,4.6,No,74.0,6.6,No,3.46,2,8.6,12.5,Dorm,No,9,9,Auditory,6.0,95,UCI_0356,12,12,11,12,12,12,Biology,Illustrator,4.128306164812591,0,4,0,8.65
STU02580,26,Male,Engineering,3.8,2.2,Yes,50.6,4.3,No,4.0,8,4.0,8.6,Library,Yes,4,6,Auditory,3.8,97,UCI_0356,11,11,13,14,14,14,Engineering,Legal Analyst,3.4990851642931804,1,4,1,10.0
STU02581,27,Other,Arts,6.6,0.8,No,50.3,4.0,No,3.21,6,8.6,10.5,Quiet Room,No,7,10,Auditory,8.0,76,UCI_0356,12,12,11,14,12,14,Arts,Construction Manager,3.9055891820386512,0,4,0,8.03
STU02582,25,Other,Business,4.5,3.3,No,92.7,7.4,No,3.64,6,3.5,8.9,Quiet Room,No,10,5,Visual,3.4,96,UCI_0356,11,10,12,14,12,12,Business,Brand Manager,4.437783308624174,0,0,1,9.1
STU02583,17,Male,Computer Science,5.911405534,0.6,Yes,91.6,5.6,Yes,4.0,6,2.4,10.7,Dorm,Yes,10,8,Visual,1.3,99,UCI_0356,12,12,13,13,13,13,Computer Science,Marketing Specialist,2.6473253752105133,0,0,0,10.0
STU02584,20,Other,Psychology,0.6,4.3,No,68.1,7.1,No,3.65,1,3.6,6.1,Library,Yes,5,10,Kinesthetic,9.7,89,UCI_0356,13,10,11,12,12,13,Psychology,Financial Controller,3.232024319673911,0,3,1,9.12
STU02585,16,Male,Engineering,5.2,1.0,Yes,88.0,6.1,Yes,3.92,1,2.6,10.8,Co-Learning Group,Yes,7,10,Kinesthetic,2.0,100,UCI_0356,13,11,12,12,13,12,Engineering,Quantum Physicist,3.169742803371336,1,1,0,9.8
STU02586,18,Male,Biology,3.7,0.9,No,66.6,6.8,No,2.43,4,6.0,7.5,Cafe,No,2,10,Auditory,7.1,54,UCI_0136,12,11,12,14,13,14,Biology,Accountant,3.418297859085923,0,4,0,6.08
STU02587,17,Female,Engineering,0.1,3.8,No,87.4,7.0,Yes,3.78,3,4.3,6.9,Quiet Room,Yes,2,7,Visual,6.7,96,UCI_0012,9,11,11,9,13,12,Engineering,Counselor,2.636450959346369,1,0,0,9.45
STU02588,16,Male,Engineering,4.6,1.9,Yes,65.1,6.8,Yes,4.0,3,5.5,9.4,Dorm,Yes,5,10,Auditory,6.2,100,UCI_0012,9,13,12,11,13,12,Engineering,Accountant,4.881622636171698,2,3,1,10.0
STU02589,17,Other,Biology,2.3,4.1,No,77.3,5.6,No,3.44,1,6.8,11.3,Library,No,4,10,Visual,4.8,86,UCI_0012,10,11,12,11,13,14,Biology,Advertising Manager,3.873943772910578,1,0,0,8.6
STU02590,25,Female,Arts,3.6,0.3,No,44.2,8.2,No,3.15,5,6.4,5.9,Quiet Room,No,1,6,Reading,6.9,74,UCI_0012,9,11,12,9,12,14,Arts,Inorganic Chemist,2.871241435540828,0,1,1,7.88
STU02591,24,Other,Psychology,2.2,4.4,Yes,93.5,4.7,Yes,4.0,7,5.7,8.9,Quiet Room,Yes,1,5,Reading,7.0,96,UCI_0012,9,13,13,11,11,12,Psychology,Curriculum Developer,2.6726311273828656,0,4,0,10.0
STU02592,28,Male,Biology,3.7,0.7,Yes,69.3,7.5,Yes,4.0,2,5.2,6.3,Co-Learning Group,No,4,10,Visual,8.5,100,UCI_0012,9,11,11,10,11,12,Biology,Marketing Specialist,3.508009079760912,2,1,1,10.0
STU02593,26,Male,Psychology,5.2,0.7,Yes,40.1,5.6,Yes,3.8,5,2.5,6.8,Library,Yes,7,5,Visual,9.1,87,UCI_0012,11,13,13,9,12,13,Psychology,Chemist,3.105208002216493,2,3,0,9.5
STU02594,17,Female,Biology,4.2,2.8,Yes,61.9,5.8,No,4.0,1,2.1,8.6,Library,Yes,3,10,Reading,9.4,100,UCI_0012,9,13,12,11,11,13,Biology,Mechanical Engineer,4.569611515087786,2,0,1,10.0
STU02595,16,Male,Arts,6.8,3.0,Yes,47.9,5.9,No,4.0,5,3.8,12.7,Library,No,3,8,Reading,8.8,97,UCI_0012,9,13,12,9,11,13,Arts,Market Research Analyst,4.147381154036021,1,3,1,10.0
STU02596,26,Other,Computer Science,6.506461391776677,1.2,Yes,98.2,9.0,No,3.2,5,4.1,11.0,Cafe,No,9,8,Kinesthetic,6.0,77,UCI_0012,9,11,13,11,12,14,Computer Science,Financial Analyst,3.449840278374644,2,0,0,8.0
STU02597,17,Female,Engineering,5.4,3.4,No,57.0,6.8,Yes,4.0,6,5.5,11.4,Library,Yes,2,5,Visual,4.4,100,UCI_0012,10,11,13,9,13,13,Engineering,Surgeon,2.804743668478403,1,1,0,10.0
STU02598,28,Male,Engineering,0.2,3.2,Yes,64.2,7.8,No,4.0,1,5.8,5.3,Library,Yes,8,10,Visual,6.8,99,UCI_0012,9,11,13,11,12,12,Engineering,Investment Banker,4.623611410316457,2,0,0,10.0
STU02599,28,Female,Business,4.7,1.1,Yes,94.3,7.8,No,3.45,3,4.9,7.7,Cafe,Yes,9,10,Auditory,8.0,83,UCI_0012,11,13,12,10,13,13,Business,Mechanical Engineer,3.5063282290598137,2,2,1,8.62
STU02600,23,Male,Psychology,4.8,1.7,No,68.6,6.6,No,4.0,5,4.0,10.2,Library,No,10,6,Reading,1.4,98,UCI_0012,9,11,12,11,13,13,Psychology,Interior Designer,3.021274775806164,2,4,0,10.0
STU02601,18,Female,Arts,2.0,2.3,Yes,66.4,7.5,No,2.83,1,3.2,7.8,Cafe,No,2,10,Kinesthetic,6.4,63,UCI_0012,9,12,11,10,12,14,Arts,Cybersecurity Analyst,4.043254358216744,2,0,1,7.08
STU02602,16,Male,Arts,8.1,3.2,Yes,47.9,7.6,No,3.66,5,4.1,12.1,Cafe,Yes,3,10,Reading,6.5,83,UCI_0012,11,13,11,11,11,13,Arts,Social Media Manager,3.2686975230111712,1,0,1,9.15
STU02603,22,Male,Computer Science,4.84333414,0.5,Yes,48.4,8.3,No,4.0,7,6.6,10.0,Cafe,Yes,8,5,Reading,4.2,100,UCI_0289,11,10,11,11,12,15,Computer Science,Risk Analyst,2.9220234345660896,2,1,0,10.0
STU02604,24,Other,Psychology,3.3,4.4,Yes,53.2,6.7,Yes,3.65,2,5.4,12.5,Quiet Room,No,9,5,Reading,5.0,95,UCI_0289,10,9,11,12,11,15,Psychology,Industrial-Organizational Psychologist,2.688200153147674,0,2,0,9.12
STU02605,28,Other,Biology,5.9,2.8,No,81.9,8.3,Yes,3.71,1,5.7,10.3,Quiet Room,Yes,6,9,Auditory,9.3,99,UCI_0289,9,10,10,12,12,14,Biology,Financial Analyst,4.175904114963241,0,2,0,9.28
STU02606,21,Female,Computer Science,3.1115961931731846,3.5,No,79.3,7.6,No,3.55,5,10.0,11.7,Dorm,Yes,5,10,Auditory,5.8,87,UCI_0289,10,10,10,13,13,15,Computer Science,Interior Designer,3.272845118630083,2,1,0,8.88
STU02607,27,Other,Psychology,1.7,3.4,No,91.1,6.7,Yes,2.78,4,1.6,8.6,Dorm,Yes,1,10,Auditory,5.8,67,UCI_0159,10,11,11,14,14,13,Psychology,Lawyer,4.315489523516352,2,4,0,6.95
STU02608,27,Male,Computer Science,2.9888247274251727,2.8,Yes,75.4,6.6,No,2.96,1,5.2,6.8,Quiet Room,Yes,3,10,Auditory,2.9,71,UCI_0289,11,8,12,11,13,14,Computer Science,Architect,2.6912555605041217,2,1,0,7.4
STU02609,22,Female,Arts,2.3,2.3,No,44.8,6.2,Yes,2.89,5,7.3,6.2,Co-Learning Group,No,7,9,Reading,2.9,68,UCI_0289,10,8,11,13,13,14,Arts,Counselor,4.595773886226624,0,4,1,7.23
STU02610,22,Other,Business,2.7,0.6,No,49.3,6.1,No,3.46,3,4.0,7.1,Co-Learning Group,Yes,6,10,Visual,9.0,85,UCI_0289,9,9,12,11,13,15,Business,Astronomer,4.429556712797776,2,2,1,8.65
STU02611,21,Other,Engineering,2.3,1.6,No,40.1,7.2,No,2.89,5,2.5,7.7,Co-Learning Group,Yes,6,9,Visual,4.9,68,UCI_0289,11,9,10,11,13,14,Engineering,Principal,4.683824746628639,0,4,0,7.23
STU02612,19,Female,Engineering,2.6,1.4,Yes,75.5,5.4,No,4.0,1,2.6,5.9,Dorm,Yes,10,10,Reading,4.3,98,UCI_0289,9,10,10,13,12,14,Engineering,Financial Advisor,4.059265474602755,0,3,0,10.0
STU02613,16,Male,Computer Science,3.4595833575008927,2.6,No,44.2,10.5,Yes,4.0,8,2.3,8.3,Dorm,Yes,9,8,Reading,6.3,96,UCI_0289,9,8,12,12,13,15,Computer Science,Composer,3.571457336509829,2,0,0,10.0
STU02614,28,Other,Arts,6.3,4.1,No,45.2,9.6,Yes,4.0,2,6.2,15.2,Dorm,Yes,1,8,Reading,9.3,93,UCI_0289,9,9,12,12,12,14,Arts,Judge,3.741087110594634,0,0,1,10.0
STU02615,24,Male,Biology,2.8,4.0,No,90.3,6.6,No,4.0,5,5.7,11.3,Dorm,No,7,8,Kinesthetic,6.2,95,UCI_0289,11,10,12,12,12,14,Biology,Special Education Teacher,3.949317748659333,0,1,1,10.0
STU02616,18,Female,Biology,2.0,1.0,No,47.4,9.0,Yes,4.0,3,3.4,4.4,Co-Learning Group,No,5,7,Auditory,3.6,100,UCI_0289,9,10,10,13,12,15,Biology,Software Developer,4.346615477,0,4,0,10.0
STU02617,28,Male,Biology,4.9,1.9,No,99.0,5.9,No,3.66,2,3.7,10.4,Cafe,Yes,4,9,Auditory,8.3,96,UCI_0159,12,11,12,13,13,12,Biology,Microbiologist,4.346938417069612,1,0,1,9.15
STU02618,25,Male,Engineering,6.9,4.6,Yes,78.0,6.3,No,4.0,6,2.2,14.9,Library,No,2,8,Reading,6.8,96,UCI_0159,10,12,13,12,12,13,Engineering,Nuclear Physicist,2.8278598370479995,0,4,0,10.0
STU02619,28,Other,Psychology,3.6,4.1,No,43.8,4.0,Yes,3.65,5,4.7,11.3,Quiet Room,Yes,6,8,Kinesthetic,3.8,90,UCI_0159,12,12,13,12,12,13,Psychology,Brand Manager,4.580794012425272,1,4,0,9.12
STU02620,19,Male,Business,3.7,1.1,Yes,74.7,6.9,Yes,3.41,1,4.6,8.7,Library,No,2,10,Reading,8.9,80,UCI_0159,10,11,12,14,12,14,Business,Judge,2.7936130679671547,1,1,1,8.53
STU02621,24,Other,Biology,4.4,0.9,Yes,42.2,9.2,No,3.13,7,5.2,7.3,Library,No,4,10,Auditory,5.3,73,UCI_0159,12,12,13,14,12,13,Biology,AI Researcher,4.720119326485044,1,4,1,7.82
STU02622,16,Female,Business,2.0,2.9,No,66.2,4.8,No,3.54,4,6.3,7.8,Co-Learning Group,Yes,2,10,Kinesthetic,9.7,87,UCI_0159,11,12,11,13,12,12,Business,Graphic Designer,3.673791158832287,0,0,0,8.85
STU02623,17,Female,Business,3.1,1.5,Yes,47.0,7.3,Yes,3.81,3,3.0,8.7,Co-Learning Group,Yes,7,6,Auditory,3.9,100,UCI_0159,12,10,13,14,14,12,Business,Physicist,3.685111123270036,0,0,1,9.53
STU02624,20,Male,Engineering,5.8,4.5,Yes,45.5,8.5,No,4.0,3,6.2,14.8,Quiet Room,Yes,8,5,Visual,3.6,98,UCI_0159,10,11,12,14,13,12,Engineering,Marketing Specialist,4.167480745170616,2,1,1,10.0
STU02625,18,Other,Business,5.0,0.7,No,83.7,4.4,No,4.0,8,5.9,9.3,Library,Yes,9,10,Visual,3.8,100,UCI_0159,12,12,12,14,14,13,Business,Interior Designer,4.2356868084064345,2,4,0,10.0
STU02626,28,Male,Computer Science,7.349875641578921,0.7,Yes,55.1,6.6,No,4.0,4,5.8,11.7,Quiet Room,Yes,6,9,Auditory,7.6,100,UCI_0159,10,11,12,14,14,13,Computer Science,Social Media Manager,3.3725752830172606,1,2,0,10.0
STU02627,16,Other,Computer Science,4.283626351172459,3.3,Yes,56.4,5.6,No,3.8,3,2.1,10.1,Co-Learning Group,No,7,10,Kinesthetic,7.8,96,UCI_0159,11,11,12,13,13,13,Computer Science,Microbiologist,4.922366912148023,0,0,1,9.5
STU02628,27,Male,Engineering,4.7,0.1,Yes,96.2,9.0,Yes,4.0,3,4.1,10.2,Quiet Room,Yes,4,5,Auditory,5.8,95,UCI_0159,12,10,11,14,14,13,Engineering,Lawyer,3.057854262880226,2,4,0,10.0
STU02629,27,Other,Psychology,1.3,3.5,Yes,90.9,7.9,No,4.0,3,4.3,5.5,Quiet Room,Yes,9,10,Auditory,4.8,98,UCI_0159,11,11,12,12,13,12,Psychology,Nuclear Physicist,4.226192157977278,0,1,0,10.0
STU02630,26,Other,Engineering,0.0,4.1,No,94.7,7.9,Yes,3.54,5,8.3,5.3,Dorm,No,10,10,Visual,4.5,88,UCI_0159,10,11,13,12,14,13,Engineering,Animator,4.111918195320161,1,1,1,8.85
STU02631,22,Female,Business,3.9,2.9,Yes,62.1,6.5,Yes,4.0,2,4.0,12.1,Quiet Room,Yes,2,7,Visual,3.0,97,UCI_0159,12,11,13,13,14,13,Business,Financial Controller,2.8223620679194017,1,1,1,10.0
STU02632,28,Female,Engineering,3.5,5.0,No,67.6,5.3,Yes,3.48,1,4.1,10.6,Dorm,No,4,5,Auditory,3.9,92,UCI_0177,13,13,12,14,11,15,Engineering,Zoologist,3.458329830429524,1,2,1,8.7
STU02633,27,Female,Engineering,3.8,4.5,Yes,73.4,7.6,Yes,4.0,3,1.2,11.6,Dorm,No,9,7,Visual,6.0,98,UCI_0177,14,14,11,13,13,14,Engineering,Electrical Engineer,4.919488782244205,1,0,0,10.0
STU02634,16,Female,Psychology,1.0,1.0,No,58.0,6.0,No,2.84,4,5.7,6.0,Cafe,Yes,6,10,Visual,6.5,72,UCI_0177,13,13,11,12,11,13,Psychology,Nuclear Physicist,2.5698491926523483,2,3,0,7.1
STU02635,16,Female,Engineering,2.3,2.4,Yes,89.1,5.4,Yes,4.0,3,3.4,5.3,Cafe,No,2,9,Auditory,4.4,100,UCI_0177,13,13,11,14,11,14,Engineering,Art Therapist,3.821332511,1,0,1,10.0
STU02636,20,Female,Psychology,7.8,0.0,No,91.6,5.9,No,4.0,4,5.1,9.6,Library,No,4,10,Kinesthetic,4.7,93,UCI_0177,12,12,11,12,11,15,Psychology,Cybersecurity Analyst,3.947128679720315,0,4,1,10.0
STU02637,20,Male,Biology,1.5,1.9,No,56.7,7.3,No,3.57,1,3.6,7.2,Library,No,1,10,Visual,4.3,85,UCI_0177,14,12,10,12,12,15,Biology,Manager,4.988131261,2,2,1,8.92
STU02638,28,Female,Engineering,7.6,3.0,Yes,67.4,6.8,Yes,4.0,2,3.1,15.6,Dorm,Yes,3,6,Visual,2.1,100,UCI_0177,12,12,11,14,12,15,Engineering,Astronomer,4.860089281705923,0,1,1,10.0
STU02639,26,Male,Biology,0.9,4.5,No,48.5,5.8,No,3.87,5,4.8,8.9,Dorm,Yes,1,10,Kinesthetic,3.3,93,UCI_0177,13,12,11,14,12,13,Biology,Clinical Psychologist,2.9557245466309783,1,1,0,9.68
STU02640,18,Female,Computer Science,6.859614407962885,0.5,Yes,80.9,5.9,Yes,4.0,5,1.4,9.5,Quiet Room,Yes,4,5,Visual,6.9,100,UCI_0177,12,13,11,13,12,14,Computer Science,Chemist,3.539731922711887,1,2,1,10.0
STU02641,22,Other,Biology,1.4,0.7,Yes,43.6,10.5,No,3.61,6,3.8,6.2,Cafe,Yes,3,10,Kinesthetic,8.4,89,UCI_0177,13,12,11,13,13,15,Biology,School Psychologist,4.7996351817968685,2,0,0,9.03
STU02642,20,Female,Psychology,2.3,2.8,Yes,58.4,8.9,Yes,3.57,6,6.2,7.6,Dorm,Yes,1,10,Kinesthetic,4.6,88,UCI_0177,13,12,10,12,11,15,Psychology,Game Developer,3.6404549668875386,2,2,1,8.92
STU02643,24,Male,Computer Science,3.5276474390005865,2.9,No,74.5,6.9,Yes,2.61,7,4.8,12.0,Library,No,9,10,Reading,2.5,59,UCI_0240,12,11,10,14,14,14,Computer Science,Credit Analyst,4.544797511208387,2,2,0,6.52
STU02644,16,Male,Business,2.5,4.1,No,80.7,4.3,No,2.72,6,2.8,10.8,Dorm,Yes,1,8,Reading,1.3,67,UCI_0204,9,9,9,14,16,14,Business,Legal Secretary,3.8323603080980178,0,3,1,6.8
STU02645,25,Male,Arts,2.7,0.3,No,41.4,7.0,Yes,2.74,2,5.1,8.0,Dorm,No,5,9,Reading,6.5,72,UCI_0177,13,13,12,14,13,14,Arts,Market Research Analyst,4.326249527,0,4,0,6.85
STU02646,18,Other,Biology,5.4,4.1,No,78.8,4.0,Yes,3.88,2,4.4,14.0,Quiet Room,No,10,7,Kinesthetic,5.2,100,UCI_0177,14,12,11,12,13,14,Biology,Special Education Teacher,3.969621804,1,0,1,9.7
STU02647,16,Male,Computer Science,2.261317650339885,2.1,Yes,70.2,7.0,Yes,3.47,8,5.8,7.6,Quiet Room,No,3,7,Kinesthetic,4.8,92,UCI_0177,13,12,12,13,13,14,Computer Science,Inorganic Chemist,4.880684360421215,0,0,0,8.68
STU02648,17,Other,Biology,7.4,1.7,Yes,75.7,6.2,Yes,4.0,8,2.5,12.6,Cafe,Yes,6,5,Reading,1.9,100,UCI_0213,11,12,13,12,11,13,Biology,Surgeon,4.511996900790697,0,0,1,10.0
STU02649,26,Other,Psychology,5.2,0.8,Yes,60.1,6.7,No,4.0,4,6.1,9.5,Cafe,Yes,7,10,Auditory,2.2,100,UCI_0213,12,12,13,14,11,12,Psychology,Manager,4.900378227892128,2,2,1,10.0
STU02650,24,Other,Computer Science,4.950595268074287,4.6,No,61.2,6.6,Yes,3.77,2,6.6,11.4,Quiet Room,No,5,6,Kinesthetic,1.0,95,UCI_0213,11,11,12,13,12,12,Computer Science,Marketing Specialist,3.992053972639813,2,3,0,9.43
STU02651,24,Male,Computer Science,2.748023155327905,2.9,No,82.0,9.2,Yes,4.0,1,2.9,8.6,Library,Yes,6,10,Visual,4.5,93,UCI_0213,13,12,13,14,12,13,Computer Science,Entrepreneur,2.721692241497553,1,0,0,10.0
STU02652,27,Male,Business,2.8,0.0,No,79.7,6.0,Yes,3.0,4,4.3,5.3,Library,No,3,6,Visual,2.3,74,UCI_0213,11,13,14,13,11,12,Business,Counselor,3.912827295161717,1,0,0,7.5
STU02653,16,Male,Computer Science,3.754856456219565,0.5,Yes,82.2,8.1,No,3.6,1,3.9,8.2,Co-Learning Group,Yes,6,5,Auditory,4.3,94,UCI_0213,13,12,12,12,12,13,Computer Science,Animator,2.6891451841617915,1,3,0,9.0
STU02654,20,Other,Biology,3.0,1.2,Yes,77.3,8.4,Yes,4.0,1,4.9,6.8,Cafe,Yes,4,8,Kinesthetic,3.2,100,UCI_0213,12,13,14,12,11,13,Biology,Architect,3.1596921930170683,0,4,1,10.0
STU02655,18,Female,Engineering,7.9,1.2,No,62.6,4.1,Yes,3.85,6,4.7,13.6,Library,Yes,6,6,Kinesthetic,1.2,100,UCI_0213,12,13,14,13,11,13,Engineering,Geneticist,3.160798046,2,0,0,9.62
STU02656,20,Female,Computer Science,4.349223430700324,4.9,Yes,51.1,7.4,Yes,4.0,8,3.8,14.4,Quiet Room,Yes,6,10,Kinesthetic,9.6,100,UCI_0213,12,11,13,12,11,12,Computer Science,Acoustics Specialist,3.012701486221721,0,4,0,10.0
STU02657,28,Other,Psychology,2.7,3.4,Yes,68.5,6.8,Yes,3.08,4,7.9,9.5,Library,No,9,10,Visual,3.0,82,UCI_0213,12,12,14,13,13,13,Psychology,Physicist,2.8888746942900165,2,3,0,7.7
STU02658,16,Male,Engineering,0.0,0.3,No,41.1,7.0,No,3.8,6,2.3,2.4,Library,No,7,8,Reading,4.2,92,UCI_0213,13,11,14,12,12,12,Engineering,Actuary,4.217977759367508,0,2,1,9.5
STU02659,21,Other,Biology,4.1,1.4,Yes,54.4,6.3,No,3.06,7,7.2,9.4,Dorm,Yes,2,10,Auditory,2.5,85,UCI_0213,11,11,14,14,11,12,Biology,Paralegal,3.7300638611327983,1,2,0,7.65
STU02660,26,Female,Computer Science,6.7967559569824445,2.1,Yes,42.1,7.3,Yes,4.0,4,6.0,13.9,Library,No,2,9,Visual,9.3,93,UCI_0213,11,13,14,14,12,11,Computer Science,Cybersecurity Analyst,4.373177198776728,0,0,0,10.0
STU02661,18,Male,Biology,3.9,2.2,No,80.7,6.9,No,3.97,7,1.9,8.4,Library,Yes,5,10,Kinesthetic,2.7,100,UCI_0213,11,11,14,12,13,13,Biology,Manager,2.7243595125660383,0,0,1,9.93
STU02662,28,Male,Engineering,1.5,3.1,Yes,90.2,4.8,No,4.0,6,2.4,8.7,Quiet Room,No,2,7,Auditory,4.4,100,UCI_0213,11,13,14,13,12,11,Engineering,Accountant,3.7277095993380978,2,4,0,10.0
STU02663,26,Female,Computer Science,2.9236706106223327,1.2,Yes,81.3,5.3,No,3.18,2,8.3,5.4,Library,Yes,9,10,Visual,2.3,87,UCI_0350,12,14,13,11,12,13,Computer Science,Animator,2.6891451841617915,1,3,0,7.95
STU02664,19,Female,Arts,1.7,3.9,No,83.3,8.8,No,3.36,8,6.1,10.5,Dorm,Yes,5,10,Auditory,2.2,77,UCI_0350,11,14,12,11,12,12,Arts,Geneticist,4.388195854961009,2,0,0,8.4
STU02665,23,Male,Psychology,0.6,1.4,No,75.3,6.4,Yes,3.25,5,3.0,2.3,Quiet Room,Yes,2,10,Visual,1.6,79,UCI_0350,13,12,12,12,13,13,Psychology,Architect,4.088054048256693,2,3,0,8.12
STU02666,16,Male,Business,4.3,4.5,Yes,55.7,4.0,No,4.0,1,8.1,11.2,Quiet Room,Yes,2,6,Auditory,3.2,98,UCI_0350,12,14,14,13,13,12,Business,Forensic Psychologist,3.0824541407033115,2,3,0,10.0
STU02667,20,Female,Computer Science,6.2015700402777005,3.3,No,83.9,7.8,No,4.0,6,3.6,14.4,Library,No,9,10,Reading,5.4,100,UCI_0350,13,12,13,13,11,12,Computer Science,Legal Analyst,3.327635683765989,2,3,0,10.0
STU02668,18,Other,Arts,4.9,2.0,Yes,92.3,6.1,No,3.64,5,6.7,11.9,Quiet Room,No,9,10,Visual,1.3,96,UCI_0350,13,12,14,12,13,12,Arts,AI Researcher,3.192189660391992,2,0,0,9.1
STU02669,27,Other,Engineering,3.0,4.7,No,92.7,8.2,No,4.0,2,6.4,11.9,Library,Yes,8,9,Visual,7.5,100,UCI_0350,11,14,12,11,13,13,Engineering,Biochemist,3.084732821912686,2,4,0,10.0
STU02670,17,Female,Business,5.1,4.0,No,41.9,9.4,No,3.93,5,4.8,12.8,Dorm,No,4,6,Reading,4.7,97,UCI_0350,11,13,12,11,13,11,Business,Aerospace Engineer,3.901000154075901,0,1,1,9.83
STU02671,28,Female,Biology,4.1,3.5,No,70.0,4.1,Yes,4.0,4,1.7,11.0,Cafe,Yes,10,9,Auditory,2.3,97,UCI_0350,12,14,14,12,13,12,Biology,Risk Analyst,2.6640168291978057,0,1,0,10.0
STU02672,19,Female,Business,5.6,0.4,Yes,64.5,8.7,Yes,4.0,4,1.8,10.7,Cafe,Yes,3,10,Kinesthetic,8.1,100,UCI_0350,11,12,14,13,12,13,Business,Architectural Technologist,3.953070432138852,1,4,1,10.0
STU02673,20,Other,Business,6.0,2.5,Yes,62.5,7.7,No,4.0,5,6.8,14.3,Cafe,No,7,9,Reading,4.1,96,UCI_0350,13,13,12,13,13,11,Business,Physical Chemist,3.4258143778901005,0,0,1,10.0
STU02674,17,Other,Biology,1.7,1.9,No,74.8,5.6,No,4.0,6,5.0,5.8,Cafe,No,5,7,Visual,6.9,100,UCI_0350,13,12,14,12,13,13,Biology,Sound Engineer,4.574918712137292,0,4,0,10.0
STU02675,25,Male,Psychology,3.5,4.7,No,68.0,7.0,No,2.67,4,8.6,10.5,Dorm,No,9,10,Kinesthetic,5.3,65,UCI_0119,15,15,16,9,9,8,Psychology,Manager,4.1264052299720895,1,4,0,6.67
STU02676,22,Male,Arts,0.0,1.1,Yes,79.0,9.1,Yes,3.95,8,7.8,6.1,Cafe,Yes,6,5,Kinesthetic,5.4,94,UCI_0350,11,14,13,12,11,11,Arts,Chemical Engineer,4.576588803844775,0,0,1,9.88
STU02677,23,Other,Psychology,7.6,2.2,No,59.6,9.8,Yes,4.0,7,4.9,14.8,Quiet Room,Yes,3,7,Reading,3.8,99,UCI_0350,12,13,13,12,13,13,Psychology,Music Therapist,3.9599547655598144,2,0,0,10.0
STU02678,17,Male,Arts,7.2,3.0,Yes,99.2,7.6,No,4.0,2,4.5,15.7,Quiet Room,Yes,3,10,Visual,9.1,100,UCI_0350,12,14,13,12,12,13,Arts,Market Research Analyst,4.147381154036021,1,3,1,10.0
STU02679,21,Other,Arts,7.3,2.4,Yes,55.2,7.8,No,4.0,7,5.4,13.5,Library,No,6,9,Reading,1.3,100,UCI_0350,11,13,12,12,13,12,Arts,Special Education Teacher,4.397099558247154,0,1,0,10.0
STU02680,26,Female,Psychology,0.2,0.6,No,100.0,7.9,Yes,3.12,4,4.8,4.9,Library,No,1,9,Auditory,8.9,83,UCI_0350,11,14,14,12,11,12,Psychology,Quantum Physicist,3.780934579946056,0,2,1,7.8
STU02681,18,Female,Computer Science,8.731697611749265,1.9,Yes,68.1,8.8,Yes,4.0,5,4.7,15.0,Dorm,Yes,4,10,Visual,7.1,100,UCI_0204,10,9,9,13,16,15,Computer Science,Mechanical Engineer,2.679236524883772,1,4,0,10.0
STU02682,24,Male,Business,5.1,1.9,No,51.2,4.0,Yes,4.0,4,7.1,10.3,Dorm,Yes,4,10,Visual,8.8,91,UCI_0204,10,9,9,14,16,15,Business,Interior Designer,4.617509328979788,1,3,1,10.0
STU02683,21,Other,Arts,0.7,4.4,Yes,64.1,7.6,No,3.51,6,5.0,6.8,Co-Learning Group,Yes,1,10,Visual,2.6,86,UCI_0204,9,9,10,13,14,14,Arts,Lawyer,3.927354759530622,1,4,1,8.77
STU02684,17,Female,Biology,5.4,1.1,No,84.7,4.2,Yes,3.96,8,3.4,7.7,Dorm,Yes,7,6,Auditory,7.1,100,UCI_0204,10,9,11,13,14,16,Biology,Conductor,3.139241515607809,1,3,0,9.9
STU02685,28,Male,Biology,1.6,1.9,Yes,69.9,7.8,Yes,3.75,6,1.3,4.9,Quiet Room,No,6,10,Reading,6.8,87,UCI_0204,10,9,9,15,14,15,Biology,Organic Chemist,3.290976930282275,1,4,0,9.38
STU02686,16,Other,Arts,3.5,1.0,No,62.4,5.0,No,2.97,4,5.6,6.8,Quiet Room,No,5,10,Reading,5.1,75,UCI_0204,9,10,9,13,14,14,Arts,Marketing Specialist,3.6117518177022494,0,3,1,7.43
STU02687,16,Female,Computer Science,7.9535617448803295,1.5,No,83.4,6.2,Yes,3.73,1,4.6,12.5,Cafe,Yes,6,10,Visual,7.9,95,UCI_0204,9,10,9,14,14,14,Computer Science,Urban Planner,4.270302172612565,2,2,1,9.32
STU02688,18,Female,Arts,2.4,2.6,No,88.2,4.9,Yes,3.27,1,2.9,7.7,Library,No,10,10,Auditory,8.0,86,UCI_0204,10,8,10,15,16,14,Arts,Legal Consultant,3.464832613516851,0,2,0,8.18
STU02689,19,Male,Engineering,3.3,2.4,No,86.7,4.1,No,3.77,2,5.2,10.2,Quiet Room,Yes,8,6,Reading,8.6,84,UCI_0204,9,10,10,13,14,16,Engineering,Nuclear Physicist,2.9814008475098275,1,1,1,9.43
STU02690,20,Male,Arts,6.2,2.1,No,83.4,5.5,No,4.0,3,7.8,12.4,Cafe,Yes,8,8,Kinesthetic,6.8,98,UCI_0204,10,8,9,13,14,16,Arts,Industrial-Organizational Psychologist,2.527544270946422,0,1,0,10.0
STU02691,21,Female,Business,3.6,3.5,Yes,61.5,7.4,Yes,3.84,5,4.8,10.8,Cafe,No,2,8,Visual,7.6,97,UCI_0204,10,8,11,15,15,16,Business,Biochemist,3.660038930005163,1,0,1,9.6
STU02692,21,Female,Engineering,5.0,4.6,Yes,86.4,8.3,No,4.0,7,7.2,14.9,Library,No,2,10,Kinesthetic,2.8,98,UCI_0204,8,10,9,15,15,14,Engineering,Entrepreneur,4.859502324,0,0,0,10.0
STU02693,23,Other,Arts,3.9,0.6,Yes,72.4,7.0,Yes,3.97,8,9.4,5.2,Quiet Room,Yes,3,10,Reading,3.4,97,UCI_0204,10,10,10,13,14,16,Arts,Physicist,3.978565952,1,1,0,9.93
STU02694,19,Other,Arts,3.9,0.8,Yes,63.2,6.2,No,3.11,5,5.2,6.6,Dorm,Yes,5,10,Visual,2.2,82,UCI_0204,8,10,10,15,16,16,Arts,Geneticist,3.1762406920710275,2,0,0,7.77
STU02695,27,Other,Computer Science,2.935380305,3.8,Yes,80.0,10.2,No,3.97,2,3.8,9.3,Quiet Room,Yes,6,10,Visual,2.6,100,UCI_0204,8,10,9,15,14,16,Computer Science,Advertising Manager,2.5095781092905565,2,3,1,9.93
STU02696,18,Female,Psychology,3.6,3.6,Yes,82.4,5.0,Yes,3.08,8,2.1,8.8,Co-Learning Group,No,1,8,Visual,1.4,80,UCI_0136,11,11,11,16,12,13,Psychology,Mechanical Engineer,3.202798014785893,1,0,1,7.7
STU02697,27,Male,Psychology,0.2,0.1,No,89.2,4.9,Yes,2.44,7,7.2,2.5,Co-Learning Group,No,8,10,Auditory,1.5,55,UCI_0243,10,11,12,12,12,12,Psychology,Musician,4.542793380916545,0,2,0,6.1
STU02698,22,Female,Psychology,0.0,3.1,No,79.4,6.4,No,2.3,6,7.2,4.6,Library,No,4,10,Kinesthetic,8.8,57,UCI_0256,8,9,8,14,13,12,Psychology,Legal Secretary,4.443889853845382,1,2,0,5.75
STU02699,19,Male,Biology,0.8,2.0,Yes,57.5,7.1,Yes,3.6,7,4.6,5.0,Quiet Room,No,5,8,Reading,8.8,92,UCI_0136,13,10,12,15,14,13,Biology,Surgeon,3.693138742,2,1,0,9.0
STU02700,17,Female,Business,5.8,3.4,No,57.3,4.3,No,3.85,6,6.1,11.3,Quiet Room,Yes,3,10,Visual,9.0,90,UCI_0136,11,11,10,14,12,15,Business,Mechanical Engineer,3.5063282290598137,2,2,1,9.62
STU02701,18,Male,Engineering,4.6,3.4,No,97.2,7.0,Yes,4.0,2,5.1,10.4,Co-Learning Group,Yes,2,6,Kinesthetic,6.5,100,UCI_0136,13,10,10,15,13,15,Engineering,Inorganic Chemist,4.707441743489423,1,2,1,10.0
STU02702,17,Other,Engineering,6.9,4.6,Yes,77.4,6.8,No,3.16,8,7.5,12.0,Dorm,No,4,5,Kinesthetic,6.8,85,UCI_0136,11,11,10,14,14,14,Engineering,Manager,4.940370216268419,0,0,0,7.9
STU02703,22,Male,Business,0.2,3.2,No,90.7,5.6,No,3.64,5,7.5,6.8,Dorm,Yes,10,10,Reading,8.2,93,UCI_0136,12,10,11,15,14,14,Business,Music Teacher,2.8071475694364025,0,3,1,9.1
STU02704,20,Male,Psychology,4.7,2.3,No,88.0,4.5,No,4.0,4,2.0,10.0,Cafe,Yes,5,6,Auditory,6.1,95,UCI_0136,11,12,10,16,13,15,Psychology,School Counselor,3.240756992966422,2,2,1,10.0
STU02705,22,Female,Engineering,1.3,1.3,No,74.3,5.7,No,3.67,6,2.0,5.9,Library,Yes,1,10,Auditory,3.4,85,UCI_0136,12,11,11,14,12,15,Engineering,Investment Banker,4.296063993639407,2,2,0,9.18
STU02706,18,Other,Arts,5.0,4.2,No,84.1,7.7,No,3.77,2,1.5,13.8,Library,Yes,2,10,Reading,2.1,90,UCI_0136,13,12,10,15,13,15,Arts,Paralegal,3.2960433787560746,0,3,0,9.43
STU02707,17,Male,Engineering,2.8,4.7,Yes,52.4,4.0,Yes,3.85,5,5.2,11.8,Co-Learning Group,Yes,2,10,Visual,9.0,95,UCI_0136,12,12,12,15,13,14,Engineering,Sound Engineer,3.3342537511258907,0,2,0,9.62
STU02708,25,Male,Business,3.1,3.4,No,59.1,6.8,No,3.2,8,5.9,9.9,Library,Yes,3,6,Kinesthetic,5.8,76,UCI_0136,13,11,10,15,13,15,Business,Art Director,3.332412817179637,0,0,0,8.0
STU02709,17,Female,Psychology,4.2,4.6,No,63.6,8.0,No,3.87,1,6.3,10.0,Dorm,Yes,4,7,Visual,3.9,100,UCI_0136,13,10,11,14,13,15,Psychology,Microbiologist,3.439380008613473,1,1,1,9.68
STU02710,16,Female,Biology,1.3,3.5,No,85.2,6.9,No,3.43,6,7.0,9.8,Library,Yes,2,6,Reading,7.4,80,UCI_0136,13,10,10,16,13,14,Biology,Chemist,4.328377767412332,0,2,0,8.58
STU02711,21,Male,Arts,4.9,3.7,Yes,78.1,9.1,No,3.1,6,4.7,10.1,Quiet Room,Yes,1,10,Visual,8.2,82,UCI_0136,13,12,12,16,14,15,Arts,Quantum Physicist,4.723955542724614,2,3,0,7.75
STU02712,25,Female,Psychology,0.6,0.8,Yes,79.5,6.4,No,3.35,3,5.2,3.8,Library,No,5,10,Auditory,8.4,85,UCI_0183,13,13,11,12,13,12,Psychology,Graphic Designer,3.1112865329429678,1,1,1,8.38
STU02713,22,Other,Psychology,2.7,4.1,Yes,43.4,5.9,Yes,4.0,2,5.0,12.1,Cafe,No,1,9,Kinesthetic,6.6,99,UCI_0183,12,13,12,12,12,14,Psychology,Urban Planner,3.850394126156524,2,4,1,10.0
STU02714,20,Female,Engineering,2.6,4.9,No,67.5,7.3,No,3.84,3,5.3,10.6,Cafe,No,7,10,Kinesthetic,6.3,100,UCI_0183,13,14,12,10,13,12,Engineering,Counselor,3.4218715895944087,0,3,1,9.6
STU02715,24,Female,Engineering,1.1,1.1,Yes,84.6,7.1,No,4.0,2,3.5,3.3,Quiet Room,No,1,9,Auditory,9.9,100,UCI_0183,11,12,11,12,12,12,Engineering,Interior Designer,2.5298163679225567,1,2,1,10.0
STU02716,23,Female,Psychology,2.1,0.7,Yes,77.6,6.7,No,2.71,5,6.1,7.6,Library,Yes,10,10,Visual,6.3,75,UCI_0183,11,14,13,10,11,13,Psychology,Chemical Engineer,4.338918908886584,0,3,1,6.78
STU02717,25,Male,Psychology,5.7,0.1,No,99.6,5.2,Yes,4.0,6,6.8,9.5,Library,Yes,1,8,Reading,4.2,99,UCI_0183,13,12,13,10,11,13,Psychology,Acoustics Specialist,3.408654329736347,1,2,0,10.0
STU02718,17,Male,Arts,4.3,0.9,Yes,61.5,7.5,No,4.0,2,4.4,8.6,Quiet Room,Yes,2,10,Auditory,1.2,100,UCI_0183,11,12,11,10,13,12,Arts,Landscape Architect,3.958023317574664,1,3,1,10.0
STU02719,18,Other,Arts,1.4,1.0,No,43.8,6.0,No,4.0,2,6.1,6.1,Quiet Room,Yes,7,10,Auditory,2.2,96,UCI_0183,11,12,11,11,13,12,Arts,Counselor,4.616504824,2,2,0,10.0
STU02720,18,Male,Arts,5.6,4.2,Yes,83.3,7.9,Yes,3.91,4,4.4,13.6,Co-Learning Group,No,10,10,Kinesthetic,6.1,100,UCI_0183,13,13,11,12,11,13,Arts,Physician Assistant,3.7520225737216615,0,2,0,9.78
STU02721,17,Other,Psychology,0.7,3.2,No,49.4,7.5,No,2.26,2,5.3,6.1,Cafe,No,8,10,Kinesthetic,9.9,58,UCI_0099,8,9,10,13,12,12,Psychology,Dentist,3.034698718,0,3,0,5.65
STU02722,22,Other,Computer Science,5.321002814737019,0.9,Yes,59.3,6.2,No,3.59,5,3.2,7.6,Quiet Room,No,1,6,Kinesthetic,4.7,89,UCI_0183,12,12,11,12,13,12,Computer Science,Doctor,4.375929043526621,1,2,1,8.97
STU02723,23,Other,Computer Science,5.361451753985875,2.9,No,47.1,7.1,Yes,3.73,6,8.3,11.3,Co-Learning Group,No,10,7,Auditory,9.7,100,UCI_0183,12,14,11,11,13,14,Computer Science,Physician Assistant,4.264566646206849,0,1,0,9.32
STU02724,24,Female,Arts,5.0,0.4,Yes,41.7,6.4,Yes,3.73,5,1.0,7.2,Co-Learning Group,Yes,6,5,Kinesthetic,2.2,90,UCI_0183,12,14,12,10,13,12,Arts,Nurse,3.161821736340002,1,2,1,9.32
STU02725,24,Other,Engineering,0.3,0.9,Yes,51.1,7.8,No,2.74,6,5.9,4.5,Co-Learning Group,Yes,10,9,Reading,7.1,59,UCI_0183,12,14,13,12,12,13,Engineering,Investment Banker,4.136881562,1,0,0,6.85
STU02726,24,Male,Psychology,6.9,3.7,No,55.5,7.0,Yes,4.0,5,4.1,13.7,Dorm,Yes,7,10,Kinesthetic,3.0,100,UCI_0183,12,12,12,10,11,14,Psychology,Marketing Manager,3.689631960397631,1,4,0,10.0
STU02727,27,Male,Biology,5.9,4.5,No,89.1,6.8,Yes,4.0,7,7.4,14.9,Quiet Room,Yes,8,10,Reading,8.4,100,UCI_0183,13,12,11,10,11,14,Biology,Biomedical Engineer,4.0575490729556805,1,4,1,10.0
STU02728,24,Male,Psychology,3.2,0.4,Yes,60.3,7.6,Yes,3.92,8,8.1,6.3,Library,Yes,9,8,Auditory,4.0,100,UCI_0183,13,14,12,10,11,14,Psychology,Biomedical Engineer,3.659483938049198,0,4,1,9.8
STU02729,23,Female,Psychology,3.2,2.3,Yes,97.3,4.0,Yes,3.24,2,5.1,7.2,Library,Yes,2,6,Kinesthetic,2.7,73,UCI_0187,12,12,11,11,13,14,Psychology,Biomedical Engineer,2.942403882276409,2,1,0,8.1
STU02730,16,Female,Business,4.8,1.8,Yes,60.9,6.0,Yes,3.66,6,5.9,8.9,Library,No,6,9,Kinesthetic,7.2,96,UCI_0187,13,12,11,12,14,13,Business,Game Developer,3.755445342930084,1,1,0,9.15
STU02731,22,Female,Business,6.0,4.0,No,51.0,8.7,No,4.0,4,9.4,14.3,Cafe,Yes,10,6,Kinesthetic,9.6,100,UCI_0187,12,11,11,11,12,13,Business,Risk Analyst,4.977042216,1,0,0,10.0
STU02732,19,Female,Business,2.5,3.2,Yes,79.6,5.2,No,4.0,3,4.3,9.3,Quiet Room,Yes,6,7,Reading,7.8,100,UCI_0187,12,12,12,10,12,15,Business,AI Researcher,3.1089732462659434,1,1,1,10.0
STU02733,24,Other,Business,7.4,0.3,Yes,83.6,6.7,Yes,3.62,7,2.4,10.7,Cafe,Yes,4,10,Auditory,2.9,89,UCI_0187,13,13,12,12,13,15,Business,Musician,3.760441084,2,1,1,9.05
STU02734,24,Other,Business,7.1,0.6,Yes,56.5,5.1,No,4.0,1,5.7,9.7,Cafe,Yes,4,8,Visual,2.5,100,UCI_0187,12,13,11,11,14,14,Business,Financial Analyst,3.672075580036572,2,4,0,10.0
STU02735,24,Other,Computer Science,5.093102652,0.4,Yes,89.3,6.1,Yes,3.11,3,8.8,8.3,Quiet Room,No,2,10,Reading,6.1,73,UCI_0187,11,13,11,12,13,15,Computer Science,Teacher,4.262892730283696,0,4,1,7.77
STU02736,18,Female,Business,2.5,3.5,Yes,51.8,5.9,Yes,3.3,2,5.2,9.1,Quiet Room,Yes,6,9,Reading,5.1,86,UCI_0187,12,13,12,10,14,15,Business,Biochemist,2.5024418196971383,0,4,1,8.25
STU02737,26,Female,Computer Science,4.935554533984998,1.3,Yes,77.5,8.4,No,4.0,3,8.8,10.7,Quiet Room,No,2,7,Reading,7.0,100,UCI_0187,12,13,12,11,13,15,Computer Science,Accountant,3.718406369588586,2,2,1,10.0
STU02738,23,Female,Biology,3.6,3.0,No,91.3,7.1,Yes,4.0,8,3.6,9.8,Library,Yes,10,10,Auditory,3.7,99,UCI_0187,11,12,12,12,12,13,Biology,Chemist,3.2917493731931966,0,4,0,10.0
STU02739,21,Male,Biology,4.0,1.3,No,91.9,4.7,Yes,2.49,5,5.6,7.7,Co-Learning Group,No,3,10,Visual,2.8,57,UCI_0005,7,10,9,10,13,13,Biology,Digital Marketing Specialist,2.8769869778993726,0,3,1,6.23
STU02740,19,Male,Psychology,1.1,4.9,Yes,76.4,6.9,Yes,3.3,6,5.6,6.8,Library,No,2,5,Visual,9.5,82,UCI_0187,11,12,11,10,12,14,Psychology,Investment Banker,4.422308332569629,1,2,0,8.25
STU02741,27,Male,Psychology,3.8,1.4,No,83.9,8.0,Yes,3.69,6,7.2,8.9,Quiet Room,No,3,10,Reading,7.5,92,UCI_0187,13,13,11,10,14,15,Psychology,Lawyer,4.095922623611875,1,1,0,9.22
STU02742,21,Female,Business,1.3,0.3,Yes,68.3,7.8,No,3.55,5,3.2,5.6,Co-Learning Group,No,5,7,Reading,1.5,95,UCI_0187,11,12,10,12,14,13,Business,Biomedical Engineer,3.254015419,2,0,1,8.88
STU02743,21,Other,Computer Science,3.802097093264156,3.8,Yes,62.3,9.3,Yes,4.0,2,4.1,10.1,Library,Yes,10,9,Auditory,6.6,100,UCI_0187,13,12,11,10,14,14,Computer Science,Quantum Physicist,2.510383273786693,2,2,1,10.0
STU02744,28,Other,Arts,4.3,3.1,No,76.9,10.3,Yes,2.89,6,7.3,7.7,Dorm,Yes,6,9,Auditory,7.3,70,UCI_0187,13,11,11,10,14,14,Arts,Market Research Analyst,4.353747263251657,2,4,0,7.23
STU02745,19,Female,Computer Science,3.4020568654076566,1.8,Yes,85.8,6.9,Yes,2.36,3,7.3,6.8,Dorm,Yes,5,10,Kinesthetic,1.6,56,UCI_0243,9,12,11,12,11,11,Computer Science,School Psychologist,3.942276042137017,2,2,1,5.9
STU02746,23,Male,Engineering,7.8,3.7,No,78.1,9.0,No,3.39,5,5.1,15.1,Quiet Room,No,9,10,Kinesthetic,7.5,82,UCI_0187,12,11,11,12,12,15,Engineering,School Counselor,3.654241370676216,2,1,0,8.47
STU02747,20,Other,Arts,2.0,3.3,No,58.9,5.0,No,3.15,7,5.6,7.9,Library,Yes,3,6,Kinesthetic,6.9,88,UCI_0187,11,11,11,11,13,13,Arts,Art Director,2.914048114861339,2,2,0,7.88
STU02748,18,Female,Psychology,1.7,1.0,Yes,70.0,5.5,Yes,4.0,8,4.6,5.1,Quiet Room,Yes,9,10,Visual,1.8,100,UCI_0187,12,11,10,12,12,14,Psychology,Entrepreneur,4.177222039215923,2,3,1,10.0
STU02749,22,Other,Computer Science,3.1362387676658443,3.5,No,94.0,5.9,No,3.61,2,4.1,7.8,Quiet Room,No,9,7,Reading,8.4,99,UCI_0367,8,9,10,13,14,14,Computer Science,Music Therapist,2.949231541877701,2,3,1,9.03
STU02750,26,Female,Engineering,5.4,1.3,No,59.8,6.7,No,3.73,7,6.4,9.7,Cafe,No,2,10,Visual,1.8,88,UCI_0367,8,8,11,13,15,14,Engineering,Legal Secretary,3.519497008450851,1,1,0,9.32
STU02751,25,Other,Arts,6.3,4.5,Yes,96.1,6.0,Yes,3.72,1,3.7,11.6,Quiet Room,No,10,10,Visual,6.0,93,UCI_0367,9,10,9,14,15,14,Arts,Construction Manager,3.390186849297403,1,3,1,9.3
STU02752,25,Male,Business,0.8,2.1,No,54.1,7.8,Yes,3.73,6,5.0,7.5,Dorm,Yes,6,10,Visual,7.5,92,UCI_0367,7,9,11,13,13,14,Business,Construction Manager,4.117677211128832,2,1,0,9.32
STU02753,23,Female,Computer Science,6.102486749,2.9,Yes,62.5,6.8,Yes,4.0,6,1.3,11.8,Library,No,6,10,Auditory,7.9,96,UCI_0367,9,8,10,12,15,15,Computer Science,Human Resources Specialist,4.140517958454076,1,4,1,10.0
STU02754,22,Female,Computer Science,3.6833165289262095,3.0,No,51.7,8.0,No,4.0,5,4.1,9.5,Dorm,No,4,9,Kinesthetic,6.5,95,UCI_0367,9,9,9,13,15,13,Computer Science,Accountant,3.198987256308981,0,2,0,10.0
STU02755,19,Male,Arts,4.1,4.2,No,70.1,6.9,Yes,3.24,6,8.3,10.6,Cafe,Yes,8,10,Reading,4.3,82,UCI_0367,7,10,10,12,13,14,Arts,Biomedical Engineer,4.130037766146927,0,3,0,8.1
STU02756,17,Other,Engineering,4.9,0.8,Yes,64.5,8.6,No,4.0,3,5.0,6.7,Quiet Room,No,6,5,Auditory,8.0,95,UCI_0367,8,10,11,13,14,15,Engineering,Lawyer,4.278460801020241,1,1,1,10.0
STU02757,24,Female,Computer Science,4.172506856468636,3.8,Yes,40.7,6.1,No,3.99,8,7.3,10.9,Cafe,No,1,5,Auditory,6.6,98,UCI_0367,9,8,11,14,13,15,Computer Science,Advertising Manager,2.857596834638076,1,2,1,9.98
STU02758,19,Female,Computer Science,3.2173614339363947,4.2,No,57.3,4.8,No,4.0,5,7.3,12.2,Quiet Room,Yes,4,10,Auditory,10.0,92,UCI_0367,7,9,10,14,15,14,Computer Science,Physician Assistant,4.264566646206849,0,1,0,10.0
STU02759,21,Other,Biology,6.8,0.4,Yes,43.0,8.9,Yes,4.0,8,5.6,10.6,Cafe,No,6,10,Kinesthetic,4.5,100,UCI_0367,8,10,11,14,15,15,Biology,Credit Analyst,2.5206107715699804,2,1,1,10.0
STU02760,26,Male,Arts,4.2,3.2,Yes,57.7,7.1,No,3.73,6,3.7,12.2,Dorm,Yes,3,8,Reading,6.5,93,UCI_0367,9,10,9,13,13,14,Arts,Digital Marketing Specialist,3.4326490125097937,2,0,0,9.32
STU02761,19,Other,Psychology,1.7,4.6,Yes,89.0,6.4,Yes,3.35,5,8.7,10.0,Library,Yes,8,10,Auditory,8.8,88,UCI_0367,8,8,11,14,14,15,Psychology,Zoologist,4.359776228990081,0,4,0,8.38
STU02762,23,Other,Computer Science,2.931304677109183,0.9,No,93.0,7.7,No,3.43,3,4.4,5.8,Library,Yes,4,10,Visual,2.1,90,UCI_0367,7,9,9,12,13,14,Computer Science,Special Education Teacher,4.378898512867637,1,0,0,8.58
STU02763,20,Male,Engineering,5.5,4.5,No,95.3,7.7,Yes,4.0,6,7.6,13.0,Co-Learning Group,No,9,10,Kinesthetic,9.3,100,UCI_0367,8,10,10,14,14,13,Engineering,Biochemist,4.158398301917686,2,2,0,10.0
STU02764,25,Other,Computer Science,8.630117508524645,4.0,Yes,72.3,4.7,Yes,3.7,7,3.6,14.4,Cafe,No,1,10,Kinesthetic,7.7,92,UCI_0367,7,8,10,13,15,13,Computer Science,Architectural Technologist,3.652526577516759,0,2,1,9.25
STU02765,25,Other,Engineering,2.9,1.5,No,61.1,6.9,No,4.0,4,6.3,7.3,Quiet Room,No,10,10,Reading,1.6,100,UCI_0367,7,10,9,13,13,14,Engineering,Data Scientist,3.527418655,2,1,1,10.0
STU02766,24,Other,Business,3.7,0.3,Yes,51.8,5.2,Yes,4.0,6,5.7,5.5,Dorm,No,1,6,Reading,8.5,100,UCI_0367,9,8,10,13,15,15,Business,Human Resources Specialist,4.454548366245682,1,1,1,10.0
STU02767,27,Female,Computer Science,7.532257374552614,4.0,Yes,44.2,8.7,No,4.0,6,6.7,14.1,Quiet Room,Yes,3,5,Visual,7.4,96,UCI_0240,12,11,12,12,14,12,Computer Science,Paralegal,3.430218969106897,2,1,1,10.0
STU02768,21,Other,Computer Science,8.209185671102244,1.5,No,82.3,4.7,No,4.0,1,6.9,13.0,Co-Learning Group,No,4,9,Reading,6.9,99,UCI_0240,13,12,11,14,13,12,Computer Science,Art Therapist,3.528697356766357,0,0,0,10.0
STU02769,25,Female,Business,4.6,4.7,Yes,93.0,7.6,Yes,4.0,7,7.0,10.5,Library,Yes,7,10,Reading,9.5,100,UCI_0240,14,11,10,12,13,13,Business,Data Scientist,3.108749716678445,0,1,1,10.0
STU02770,24,Female,Biology,1.8,0.2,Yes,80.2,7.3,Yes,3.49,1,6.0,7.7,Dorm,Yes,5,10,Kinesthetic,3.3,84,UCI_0240,14,10,11,14,14,14,Biology,Architect,4.098252883807871,1,1,0,8.73
STU02771,19,Other,Engineering,2.8,3.8,No,54.9,5.7,Yes,3.73,4,3.4,10.3,Library,No,2,10,Kinesthetic,8.9,100,UCI_0240,12,10,11,13,12,12,Engineering,Inorganic Chemist,3.358741106053051,0,1,1,9.32
STU02772,25,Other,Psychology,7.8,0.8,Yes,98.7,5.5,No,3.43,6,6.9,13.1,Dorm,Yes,7,6,Visual,9.5,81,UCI_0240,12,11,12,12,12,12,Psychology,Education Administrator,4.693080856953094,2,0,0,8.58
STU02773,21,Female,Psychology,3.9,0.9,Yes,42.3,6.5,Yes,4.0,7,7.1,6.2,Quiet Room,Yes,5,10,Reading,8.6,100,UCI_0240,14,12,11,12,12,14,Psychology,Biologist,3.6804694326139824,1,1,0,10.0
STU02774,18,Female,Engineering,5.3,4.0,Yes,52.6,8.7,No,4.0,3,7.4,12.8,Cafe,Yes,6,10,Kinesthetic,6.2,100,UCI_0240,13,10,12,13,13,13,Engineering,Musician,4.549151929101347,1,0,0,10.0
STU02775,26,Female,Psychology,7.2,2.9,No,57.2,6.2,No,4.0,1,5.5,10.4,Library,Yes,3,8,Reading,1.3,100,UCI_0240,12,12,12,12,14,12,Psychology,Organic Chemist,4.701816024498276,1,0,0,10.0
STU02776,27,Male,Business,6.0,2.5,Yes,65.1,8.0,No,4.0,7,3.3,10.2,Co-Learning Group,Yes,7,10,Reading,5.3,97,UCI_0240,13,12,10,14,12,14,Business,Quantum Physicist,2.501905780797728,1,0,0,10.0
STU02777,26,Other,Engineering,4.5,4.2,No,84.2,5.1,No,4.0,3,4.2,11.9,Dorm,Yes,9,6,Visual,5.4,100,UCI_0240,13,10,12,12,14,14,Engineering,Conductor,3.965294621877143,2,2,1,10.0
STU02778,26,Other,Arts,2.1,2.1,Yes,95.2,6.9,Yes,3.16,8,7.9,5.7,Dorm,No,6,7,Visual,9.1,79,UCI_0240,12,11,11,13,13,12,Arts,Marketing Specialist,3.168893126956277,1,0,1,7.9
STU02779,21,Male,Computer Science,4.821831519940295,4.8,Yes,78.4,6.0,No,3.12,7,4.4,12.7,Dorm,Yes,10,10,Visual,3.3,77,UCI_0240,13,10,12,14,12,14,Computer Science,Sound Engineer,2.9135671611290217,0,3,1,7.8
STU02780,17,Female,Psychology,1.8,2.7,No,47.3,7.0,Yes,4.0,6,5.7,8.7,Quiet Room,Yes,8,7,Reading,4.0,100,UCI_0240,14,10,12,14,12,13,Psychology,Mechanical Engineer,4.113288527025015,2,3,1,10.0
STU02781,24,Male,Biology,6.3,2.6,Yes,50.4,7.3,No,4.0,7,7.3,10.8,Co-Learning Group,Yes,6,8,Visual,9.9,100,UCI_0240,14,11,10,13,13,14,Biology,Ecologist,2.700140973624852,1,3,1,10.0
STU02782,22,Other,Psychology,5.0,2.3,Yes,95.8,5.3,No,3.75,6,4.8,11.2,Quiet Room,No,8,8,Kinesthetic,6.1,87,UCI_0240,13,11,12,13,14,14,Psychology,Analytical Chemist,3.0593519150445507,0,1,0,9.38
STU02783,18,Female,Engineering,2.0,4.2,No,44.0,7.5,Yes,2.34,5,6.5,7.7,Cafe,No,6,10,Visual,8.0,64,UCI_0047,10,13,12,12,12,13,Engineering,Music Teacher,2.712390000947705,1,2,1,5.85
STU02784,21,Male,Biology,2.6,0.5,No,41.7,5.5,Yes,3.41,7,3.0,8.6,Cafe,Yes,4,10,Auditory,2.1,83,UCI_0271,10,10,11,9,12,15,Biology,Zoologist,3.2881338668885918,1,0,0,8.53
STU02785,23,Male,Biology,3.9,4.9,Yes,89.8,8.3,No,3.52,6,1.5,11.5,Co-Learning Group,No,7,9,Auditory,7.4,92,UCI_0271,10,10,10,11,13,13,Biology,Astronomer,2.754617463186805,2,2,0,8.8
STU02786,23,Other,Engineering,4.8,3.4,No,64.7,6.5,Yes,3.52,1,6.2,13.4,Dorm,No,5,5,Visual,3.9,92,UCI_0271,11,8,11,11,11,13,Engineering,Financial Advisor,4.602415735308973,0,4,0,8.8
STU02787,24,Other,Arts,3.3,0.5,Yes,89.0,9.6,No,4.0,4,3.1,5.7,Co-Learning Group,Yes,6,10,Auditory,4.0,94,UCI_0271,10,8,10,9,11,14,Arts,Electrical Engineer,2.866797572838001,2,1,1,10.0
STU02788,18,Other,Psychology,3.2,2.4,Yes,94.2,7.3,Yes,3.95,4,5.2,10.6,Cafe,No,9,6,Visual,1.6,100,UCI_0271,11,8,9,9,11,13,Psychology,Judge,4.095893679,0,1,0,9.88
STU02789,23,Female,Biology,4.5,3.5,Yes,43.7,7.5,No,4.0,7,10.0,10.0,Library,Yes,5,10,Visual,8.3,100,UCI_0271,9,9,9,11,12,15,Biology,Social Media Manager,3.732442802546022,0,4,1,10.0
STU02790,17,Male,Computer Science,6.5510869145255946,3.4,Yes,84.9,6.3,No,4.0,6,2.7,13.6,Quiet Room,No,6,6,Auditory,3.5,92,UCI_0271,10,9,10,11,11,15,Computer Science,Judge,4.005274251234962,0,3,1,10.0
STU02791,23,Male,Biology,7.5,3.7,Yes,62.7,5.7,No,4.0,6,7.5,13.4,Library,Yes,5,6,Reading,1.4,95,UCI_0271,9,8,11,11,11,14,Biology,Surgeon,2.572360042845001,1,4,0,10.0
STU02792,20,Female,Psychology,3.9,1.3,No,49.6,6.0,No,2.27,6,6.8,7.2,Dorm,No,3,10,Visual,4.4,50,UCI_0366,8,8,10,10,11,12,Psychology,Investment Banker,4.422308332569629,1,2,0,5.67
STU02793,26,Other,Computer Science,3.786756424367879,1.9,Yes,71.9,7.4,No,2.87,3,4.6,8.7,Dorm,Yes,5,9,Kinesthetic,4.3,71,UCI_0271,9,9,11,10,12,15,Computer Science,Investment Banker,3.0127274945211377,2,3,1,7.18
STU02794,24,Female,Psychology,1.4,3.1,Yes,45.7,8.8,No,3.44,8,2.2,6.2,Co-Learning Group,Yes,2,10,Reading,9.7,85,UCI_0271,9,9,9,11,11,15,Psychology,Education Administrator,4.959649575463882,0,2,1,8.6
STU02795,25,Male,Engineering,1.2,0.1,Yes,56.1,6.4,Yes,3.28,1,1.7,4.1,Co-Learning Group,Yes,3,10,Visual,5.2,90,UCI_0271,10,8,11,9,11,14,Engineering,Chemical Engineer,4.972673396,2,4,1,8.2
STU02796,21,Male,Engineering,3.1,0.1,Yes,45.0,4.0,Yes,3.72,8,3.1,7.7,Dorm,No,7,10,Visual,4.3,96,UCI_0271,11,9,10,10,11,13,Engineering,Architectural Technologist,4.461253315847155,1,4,1,9.3
STU02797,25,Female,Computer Science,6.122846683779287,4.4,No,69.6,6.3,Yes,3.35,7,7.2,14.0,Library,Yes,7,9,Auditory,6.3,89,UCI_0271,9,8,11,10,12,15,Computer Science,Marketing Manager,3.4039371100527505,1,3,0,8.38
STU02798,19,Female,Computer Science,6.212997950475363,3.0,No,76.8,5.4,No,3.94,3,8.0,13.0,Library,No,6,10,Auditory,2.0,97,UCI_0271,11,10,10,11,13,13,Computer Science,Paralegal,3.430218969106897,2,1,1,9.85
STU02799,18,Male,Engineering,3.0,0.1,No,88.2,6.7,Yes,4.0,6,4.8,7.9,Co-Learning Group,Yes,5,10,Reading,2.8,100,UCI_0271,9,9,11,11,13,15,Engineering,Architect,4.913811236841673,1,1,1,10.0
STU02800,17,Male,Psychology,3.9,1.8,Yes,65.0,6.4,No,4.0,5,6.4,9.0,Quiet Room,No,4,5,Auditory,5.5,100,UCI_0271,9,9,9,10,11,13,Psychology,Financial Controller,4.913997758440093,0,2,0,10.0
STU02801,28,Other,Arts,5.1,0.9,No,50.0,6.1,Yes,3.58,2,6.7,9.0,Library,Yes,2,10,Visual,4.6,84,UCI_0275,12,12,12,13,12,13,Arts,School Counselor,4.418575470118504,1,0,1,8.95
STU02802,16,Other,Business,3.2,4.5,Yes,91.5,8.0,No,3.28,2,4.8,10.5,Dorm,No,5,10,Auditory,6.4,82,UCI_0275,12,11,10,13,14,12,Business,Biochemist,3.660038930005163,1,0,1,8.2
STU02803,19,Other,Biology,4.1,4.3,No,66.4,7.8,Yes,3.4,8,2.2,10.7,Co-Learning Group,Yes,4,10,Kinesthetic,1.6,88,UCI_0275,12,12,12,13,12,12,Biology,Market Research Analyst,2.852429858196553,1,3,1,8.5
STU02804,27,Female,Business,3.9,1.9,No,44.3,5.7,No,3.77,2,4.6,9.9,Co-Learning Group,Yes,2,9,Reading,2.8,97,UCI_0275,11,11,10,14,14,13,Business,Pharmacist,4.603391938968102,0,4,1,9.43
STU02805,17,Male,Biology,3.3,4.6,No,82.1,9.2,No,4.0,7,5.6,10.1,Co-Learning Group,Yes,5,5,Kinesthetic,2.4,97,UCI_0275,12,11,11,13,13,14,Biology,Biochemist,3.933927941584851,1,2,0,10.0
STU02806,17,Other,Computer Science,5.088033629305757,1.7,Yes,93.0,7.8,Yes,4.0,8,5.2,10.7,Library,No,6,10,Auditory,2.4,98,UCI_0275,10,12,12,14,12,12,Computer Science,Biologist,3.1339020048592032,1,3,0,10.0
STU02807,26,Male,Arts,4.7,3.0,Yes,80.4,5.2,No,4.0,6,8.2,9.1,Dorm,No,6,10,Reading,3.6,93,UCI_0275,11,12,12,14,12,13,Arts,Brand Manager,4.420049034880793,1,4,0,10.0
STU02808,27,Female,Computer Science,6.513469143746843,2.5,No,42.2,6.9,No,3.05,5,4.8,10.6,Co-Learning Group,No,2,10,Reading,9.3,78,UCI_0275,12,11,12,12,13,13,Computer Science,Judge,3.1151013588551897,1,2,0,7.62
STU02809,27,Other,Business,0.8,2.5,No,63.1,4.6,Yes,2.8,8,7.9,3.9,Cafe,No,3,10,Auditory,1.7,73,UCI_0275,12,10,10,12,12,14,Business,Legal Secretary,4.825631453604554,2,2,1,7.0
STU02810,23,Male,Business,3.9,2.9,Yes,51.9,6.9,Yes,4.0,7,5.2,10.1,Co-Learning Group,Yes,3,5,Visual,1.6,100,UCI_0275,12,10,12,13,14,12,Business,Organic Chemist,3.2212250428946088,1,4,1,10.0
STU02811,27,Other,Engineering,7.4,1.9,No,55.0,8.7,Yes,4.0,5,5.7,14.1,Library,No,6,10,Reading,6.8,100,UCI_0275,12,11,12,13,14,13,Engineering,Biotechnologist,3.8929621089942392,1,1,1,10.0
STU02812,25,Female,Arts,1.8,2.7,Yes,57.8,5.7,No,3.8,2,3.0,6.9,Cafe,No,9,5,Visual,2.8,99,UCI_0275,12,11,10,14,14,13,Arts,Geneticist,2.911252365622968,1,1,0,9.5
STU02813,18,Female,Biology,5.1,1.0,Yes,73.2,6.8,No,3.45,3,4.1,10.6,Co-Learning Group,Yes,3,6,Kinesthetic,2.5,80,UCI_0275,10,12,12,14,14,13,Biology,Lawyer,3.0858621037530214,1,2,1,8.62
STU02814,26,Male,Biology,2.5,3.9,Yes,81.0,7.3,No,4.0,4,2.9,10.4,Quiet Room,No,1,6,Auditory,1.3,93,UCI_0275,10,10,10,12,14,14,Biology,Biochemist,3.3295610074175697,0,0,1,10.0
STU02815,21,Female,Arts,6.1,2.9,Yes,52.4,6.1,No,4.0,7,7.4,12.9,Co-Learning Group,Yes,7,5,Kinesthetic,1.4,95,UCI_0275,10,11,10,13,14,14,Arts,Urban Planner,4.688982593640373,1,4,0,10.0
STU02816,20,Female,Biology,3.5,3.0,Yes,42.6,6.6,Yes,3.11,4,3.8,10.9,Co-Learning Group,No,5,7,Visual,3.3,76,UCI_0275,12,10,12,14,13,12,Biology,Principal,4.255265642067886,1,0,0,7.77
STU02817,25,Other,Psychology,5.0,2.4,Yes,58.8,7.1,Yes,4.0,8,5.5,9.1,Cafe,Yes,2,6,Kinesthetic,7.1,100,UCI_0275,10,12,10,12,13,12,Psychology,Music Therapist,4.383518667773961,1,2,0,10.0
STU02818,21,Other,Arts,1.6,1.2,No,45.9,10.1,Yes,4.0,1,5.7,4.1,Quiet Room,No,10,10,Reading,1.1,100,UCI_0111,10,13,13,12,10,11,Arts,Web Developer,3.8698566634250455,2,2,0,10.0
STU02819,25,Other,Psychology,4.4,4.3,No,60.9,5.5,Yes,4.0,2,3.4,12.9,Library,No,8,10,Reading,8.7,100,UCI_0111,11,14,12,11,9,12,Psychology,Musician,2.7517804605326184,0,2,1,10.0
STU02820,26,Male,Arts,6.8,0.1,Yes,81.3,8.1,Yes,4.0,3,5.0,11.6,Library,No,1,7,Visual,1.0,100,UCI_0111,10,13,12,11,10,10,Arts,Clinical Psychologist,3.0638052272323404,0,3,0,10.0
STU02821,23,Other,Computer Science,3.292205911884889,1.3,No,93.2,7.3,No,3.65,6,3.5,7.5,Cafe,No,9,6,Visual,1.3,99,UCI_0111,10,14,12,12,11,12,Computer Science,Special Education Teacher,4.378898512867637,1,0,0,9.12
STU02822,22,Male,Biology,4.7,1.7,Yes,93.9,7.0,Yes,3.98,8,7.8,11.2,Quiet Room,No,3,10,Reading,7.6,96,UCI_0111,9,12,14,13,9,11,Biology,Nuclear Physicist,3.2723454518096373,0,2,1,9.95
STU02823,17,Male,Psychology,1.8,1.7,No,44.7,4.0,No,3.5,2,2.8,6.3,Co-Learning Group,No,3,10,Kinesthetic,7.2,80,UCI_0111,10,14,14,12,11,10,Psychology,Paralegal,4.046262076337831,2,3,0,8.75
STU02824,28,Male,Computer Science,3.0285935277896607,1.1,Yes,81.6,8.5,Yes,3.35,5,7.8,7.6,Quiet Room,No,2,10,Visual,2.3,86,UCI_0111,9,14,12,13,9,11,Computer Science,Graphic Designer,2.5351529480638515,1,3,1,8.38
STU02825,17,Other,Business,3.4,4.8,No,80.9,6.3,No,3.26,2,3.2,9.8,Cafe,Yes,1,10,Visual,3.7,83,UCI_0111,9,14,13,11,10,10,Business,Fluid Mechanics Engineer,2.860216854366495,2,3,0,8.15
STU02826,24,Other,Engineering,6.7,4.4,Yes,61.0,6.7,Yes,4.0,4,5.8,13.2,Cafe,Yes,4,6,Reading,9.8,100,UCI_0111,11,12,13,12,9,10,Engineering,Industrial-Organizational Psychologist,2.5621285225658794,2,2,0,10.0
STU02827,25,Other,Computer Science,7.206904372709516,1.1,Yes,71.7,7.0,Yes,4.0,7,2.4,12.7,Library,No,7,7,Kinesthetic,5.6,97,UCI_0111,10,13,12,11,11,12,Computer Science,Civil Engineer,3.04167647055568,1,1,1,10.0
STU02828,26,Male,Biology,3.3,1.5,Yes,91.7,5.0,No,3.29,5,7.8,7.7,Library,No,3,10,Reading,1.1,78,UCI_0111,10,14,12,13,11,10,Biology,Principal,2.623470362772947,1,3,1,8.22
STU02829,24,Female,Arts,5.9,3.2,No,89.9,4.0,Yes,4.0,6,2.6,13.1,Dorm,No,10,6,Kinesthetic,9.7,100,UCI_0111,10,14,13,11,10,12,Arts,Chemist,3.3146666856825187,1,3,0,10.0
STU02830,21,Other,Psychology,6.5,0.7,Yes,72.8,8.3,Yes,4.0,6,6.5,11.1,Library,No,6,10,Reading,2.0,100,UCI_0111,9,13,13,12,9,10,Psychology,Financial Controller,4.385936920681381,2,4,1,10.0
STU02831,27,Female,Psychology,3.5,1.2,Yes,76.8,6.7,Yes,3.9,5,3.8,5.1,Quiet Room,Yes,10,10,Visual,2.6,95,UCI_0111,11,14,13,13,11,11,Psychology,Composer,4.093593363544808,2,0,1,9.75
STU02832,27,Other,Psychology,7.3,3.6,Yes,72.3,6.9,Yes,3.89,6,7.8,11.7,Dorm,Yes,1,10,Auditory,6.0,100,UCI_0111,10,14,13,13,11,10,Psychology,Physical Chemist,3.100139515503696,0,4,0,9.72
STU02833,16,Male,Business,7.0,0.1,Yes,86.4,8.7,No,4.0,7,5.5,10.8,Quiet Room,No,9,10,Auditory,1.3,91,UCI_0111,10,14,14,12,11,11,Business,Paralegal,2.862672403113801,2,1,1,10.0
STU02834,25,Other,Arts,4.1,0.6,Yes,71.7,7.1,Yes,3.43,1,4.8,5.7,Cafe,No,3,10,Auditory,8.0,82,UCI_0111,10,12,12,13,11,12,Arts,Chemical Engineer,3.6521273841261177,0,4,0,8.58
STU02835,18,Other,Biology,7.8,0.7,No,94.4,6.0,Yes,3.7,3,6.1,10.2,Library,No,4,10,Kinesthetic,8.6,100,UCI_0111,11,12,13,12,11,11,Biology,Organic Chemist,2.8442277221353844,2,2,0,9.25
STU02836,18,Male,Business,5.0,0.4,No,66.3,7.7,Yes,3.91,7,7.8,9.0,Co-Learning Group,Yes,3,10,Visual,6.1,92,UCI_0243,11,12,13,13,13,11,Business,Forensic Psychologist,2.7884373243443896,2,2,1,9.78
STU02837,28,Female,Business,0.0,3.2,No,55.4,7.2,No,2.33,7,7.7,5.1,Cafe,No,3,10,Reading,2.9,61,UCI_0354,11,10,10,13,12,12,Business,Biologist,3.5585094454089607,1,2,1,5.83
STU02838,18,Female,Psychology,1.6,0.8,Yes,65.3,9.6,No,4.0,5,4.3,6.9,Library,No,5,7,Kinesthetic,9.3,94,UCI_0243,10,11,11,12,11,11,Psychology,Manager,2.841289321019965,2,1,1,10.0
STU02839,23,Female,Biology,6.1,4.7,Yes,77.3,9.0,No,4.0,2,2.6,13.9,Cafe,No,3,5,Reading,6.7,92,UCI_0243,10,11,13,11,12,13,Biology,Software Developer,3.549172518613492,0,1,1,10.0
STU02840,16,Female,Engineering,6.8,4.0,No,94.3,8.4,Yes,4.0,7,3.0,15.3,Quiet Room,No,9,5,Kinesthetic,5.5,100,UCI_0243,9,12,13,13,13,11,Engineering,Risk Analyst,3.105421111432788,1,4,0,10.0
STU02841,28,Female,Arts,4.1,2.4,Yes,94.4,6.2,Yes,4.0,1,3.8,7.2,Library,Yes,5,9,Visual,4.6,93,UCI_0243,10,12,11,12,13,13,Arts,Inorganic Chemist,2.693055563045488,0,0,1,10.0
STU02842,28,Female,Business,7.7,2.1,No,87.1,7.6,No,4.0,8,4.0,13.4,Quiet Room,No,2,9,Visual,5.0,94,UCI_0243,10,12,13,11,11,13,Business,Physical Chemist,3.4258143778901005,0,0,1,10.0
STU02843,17,Male,Engineering,4.3,2.2,Yes,48.8,6.9,Yes,4.0,4,4.4,11.2,Cafe,No,7,10,Auditory,6.8,100,UCI_0243,9,10,12,13,13,11,Engineering,Mechanical Engineer,4.524656143015251,2,3,1,10.0
STU02844,16,Male,Psychology,0.6,1.5,No,88.6,8.0,No,2.87,7,7.7,3.8,Quiet Room,No,4,10,Kinesthetic,3.2,64,UCI_0243,10,12,11,12,12,13,Psychology,Entrepreneur,4.675940773,2,1,1,7.18
STU02845,28,Male,Psychology,4.8,0.2,Yes,40.9,5.7,No,3.99,2,5.8,10.2,Library,No,5,7,Kinesthetic,1.3,93,UCI_0243,11,12,11,12,13,12,Psychology,Acoustics Specialist,3.408654329736347,1,2,0,9.98
STU02846,25,Male,Arts,3.8,4.7,Yes,70.6,5.0,Yes,3.07,1,6.1,11.2,Cafe,Yes,8,6,Auditory,4.9,88,UCI_0243,11,11,12,11,13,13,Arts,Education Administrator,3.1431220887959403,1,1,1,7.67
STU02847,24,Female,Business,1.1,2.8,Yes,75.3,8.9,Yes,4.0,2,1.2,6.0,Library,Yes,8,9,Auditory,7.5,95,UCI_0243,11,10,11,11,11,11,Business,Risk Analyst,2.792561267085936,0,2,0,10.0
STU02848,21,Male,Biology,5.4,3.5,Yes,60.6,6.8,Yes,4.0,4,3.5,12.4,Co-Learning Group,No,6,10,Kinesthetic,8.5,100,UCI_0243,9,12,11,12,12,12,Biology,Teacher,4.398110353486562,2,3,0,10.0
STU02849,24,Other,Business,2.6,2.6,Yes,74.0,6.9,Yes,3.04,2,4.9,7.8,Cafe,Yes,1,10,Auditory,1.1,77,UCI_0243,11,10,13,13,11,13,Business,Investment Banker,3.483914704214321,1,4,0,7.6
STU02850,22,Male,Biology,4.1,0.7,No,95.6,6.5,Yes,4.0,8,3.2,7.3,Library,No,3,10,Visual,2.3,98,UCI_0243,10,12,11,11,12,13,Biology,Quantum Physicist,3.749208946983522,2,0,1,10.0
STU02851,22,Female,Engineering,4.5,1.5,No,58.8,7.8,No,3.45,2,6.5,9.7,Co-Learning Group,Yes,9,9,Kinesthetic,5.4,85,UCI_0243,9,12,13,12,13,13,Engineering,Legal Consultant,4.007790470632161,1,3,1,8.62
STU02852,19,Female,Engineering,6.6,3.7,Yes,57.1,8.0,Yes,4.0,6,5.3,14.3,Library,Yes,7,10,Kinesthetic,4.4,93,UCI_0243,9,12,13,11,12,12,Engineering,Electrical Engineer,2.8632143608600797,0,1,0,10.0
STU02853,19,Female,Engineering,2.9,1.3,Yes,80.6,5.4,Yes,2.86,1,3.9,9.2,Co-Learning Group,No,4,10,Kinesthetic,5.1,72,UCI_0278,13,13,12,11,11,11,Engineering,Architectural Technologist,2.589634787,1,4,1,7.15
STU02854,28,Female,Business,4.4,3.4,No,97.0,7.5,No,4.0,1,1.1,12.7,Cafe,No,1,10,Kinesthetic,4.3,95,UCI_0278,12,13,11,13,12,11,Business,Organic Chemist,3.9799222073598433,1,3,0,10.0
STU02855,25,Other,Biology,3.7,3.6,No,67.2,7.0,No,4.0,7,6.1,10.3,Quiet Room,Yes,10,10,Kinesthetic,5.0,96,UCI_0278,11,11,13,11,13,12,Biology,Legal Consultant,2.5932630948558284,0,1,0,10.0
STU02856,24,Male,Arts,5.9,2.4,Yes,92.3,5.2,No,3.44,7,5.9,12.3,Co-Learning Group,Yes,8,7,Reading,3.4,82,UCI_0278,11,11,12,12,13,12,Arts,School Psychologist,3.744071666518497,2,1,0,8.6
STU02857,25,Male,Engineering,0.0,0.5,Yes,52.1,4.9,Yes,4.0,8,4.7,2.2,Co-Learning Group,Yes,1,5,Kinesthetic,9.5,91,UCI_0278,11,11,12,12,13,13,Engineering,Aerospace Engineer,3.646131799422344,0,2,0,10.0
STU02858,18,Other,Engineering,3.9,0.8,Yes,45.4,4.0,Yes,3.13,2,3.9,9.0,Cafe,No,8,6,Reading,6.7,83,UCI_0278,12,12,13,11,12,11,Engineering,Software Developer,4.328733411311719,0,2,0,7.82
STU02859,19,Female,Computer Science,6.008247169590224,4.7,Yes,44.8,6.9,No,3.35,2,4.2,13.3,Cafe,No,3,10,Reading,9.6,86,UCI_0278,12,13,11,11,11,11,Computer Science,Microbiologist,4.922366912148023,0,0,1,8.38
STU02860,16,Female,Psychology,0.7,2.9,No,44.1,8.0,Yes,4.0,8,3.6,8.3,Dorm,Yes,10,7,Kinesthetic,3.5,100,UCI_0278,11,13,13,12,13,13,Psychology,Biotechnologist,2.6804769950926723,2,0,1,10.0
STU02861,20,Other,Biology,3.4,4.5,Yes,45.4,5.6,No,3.44,8,7.9,8.8,Library,Yes,8,10,Auditory,8.2,92,UCI_0278,13,13,11,12,12,12,Biology,Chemist,3.295473580633059,0,1,0,8.6
STU02862,18,Other,Biology,4.5,4.2,No,82.3,5.1,Yes,3.04,3,6.2,12.6,Cafe,No,9,9,Reading,7.2,75,UCI_0278,13,11,13,13,11,12,Biology,Marketing Manager,4.727064512859634,0,1,1,7.6
STU02863,28,Female,Biology,2.3,2.5,No,77.9,7.8,Yes,4.0,3,3.9,6.9,Cafe,Yes,6,5,Auditory,4.1,100,UCI_0278,13,11,11,13,11,13,Biology,Architectural Technologist,3.632142966577288,1,0,0,10.0
STU02864,17,Other,Business,0.3,4.8,Yes,62.6,5.8,Yes,3.58,1,4.0,7.6,Co-Learning Group,No,4,6,Reading,2.3,83,UCI_0278,13,12,12,12,12,12,Business,Acoustics Specialist,3.512086397,1,2,0,8.95
STU02865,22,Other,Business,2.5,0.9,No,74.1,5.5,No,3.52,1,4.5,7.8,Dorm,No,2,7,Visual,1.5,86,UCI_0278,12,13,13,13,11,11,Business,Actuary,3.283182001019917,0,1,0,8.8
STU02866,25,Male,Arts,2.9,0.9,No,95.7,6.2,Yes,2.86,1,5.7,7.8,Library,No,2,5,Auditory,7.0,73,UCI_0278,13,12,12,11,11,11,Arts,Nuclear Physicist,2.989363286,1,2,1,7.15
STU02867,20,Other,Biology,0.5,2.5,No,71.5,7.5,No,4.0,8,8.3,4.5,Quiet Room,No,3,7,Visual,7.8,100,UCI_0278,12,12,12,11,11,13,Biology,Lawyer,3.465167865375862,0,2,1,10.0
STU02868,25,Female,Psychology,4.3,1.9,Yes,53.2,6.1,Yes,3.99,6,1.0,9.5,Quiet Room,Yes,5,10,Reading,9.5,98,UCI_0278,12,11,12,12,12,11,Psychology,Data Scientist,3.2123929781758944,0,0,1,9.98
STU02869,17,Female,Computer Science,3.469540927727496,3.7,No,43.7,5.6,No,3.41,3,1.0,9.8,Co-Learning Group,Yes,1,10,Auditory,9.9,83,UCI_0288,9,8,11,14,14,14,Computer Science,Accountant,2.9835169146241065,0,2,1,8.53
STU02870,22,Other,Psychology,3.0,2.2,No,80.7,7.1,Yes,3.63,6,7.5,9.2,Quiet Room,No,5,5,Kinesthetic,5.1,77,UCI_0288,8,9,10,13,14,13,Psychology,Legal Consultant,4.750799398810512,2,4,0,9.07
STU02871,28,Other,Psychology,6.1,0.6,No,59.1,6.4,Yes,3.42,1,3.0,8.1,Library,No,5,10,Kinesthetic,7.1,91,UCI_0288,7,10,9,14,13,14,Psychology,Manager,4.922362672162327,1,1,0,8.55
STU02872,16,Male,Biology,6.9,3.7,Yes,55.4,8.6,No,3.67,2,4.9,14.3,Library,No,3,8,Kinesthetic,2.8,90,UCI_0288,8,8,11,13,14,14,Biology,Organic Chemist,3.563112244141098,1,4,1,9.18
STU02873,18,Male,Business,6.2,1.5,No,95.7,6.8,Yes,3.52,2,5.7,11.8,Quiet Room,No,9,7,Reading,3.7,87,UCI_0288,8,9,10,13,15,13,Business,Illustrator,4.332574438066584,1,0,1,8.8
STU02874,16,Female,Psychology,4.0,5.0,No,99.2,6.8,Yes,3.85,7,5.6,11.2,Co-Learning Group,No,6,10,Reading,2.1,93,UCI_0288,8,9,10,13,15,14,Psychology,Nuclear Physicist,4.496096390390903,2,0,0,9.62
STU02875,17,Other,Engineering,4.9,2.3,Yes,87.7,7.1,Yes,3.77,4,5.7,11.2,Co-Learning Group,Yes,6,10,Visual,3.4,100,UCI_0288,7,8,10,14,14,15,Engineering,Aerospace Engineer,4.703496262432697,1,3,1,9.43
STU02876,25,Male,Business,3.0,2.6,Yes,47.5,5.5,Yes,2.93,1,7.9,10.1,Quiet Room,Yes,2,10,Visual,3.6,70,UCI_0288,9,10,11,15,15,14,Business,Actuary,2.636067452648237,0,2,0,7.33
STU02877,27,Female,Arts,5.4,0.3,Yes,41.0,6.8,Yes,3.31,6,6.9,6.8,Library,No,2,8,Kinesthetic,8.2,76,UCI_0288,8,9,9,15,14,14,Arts,Accountant,2.954755504187499,0,1,0,8.28
STU02878,24,Male,Biology,5.9,4.7,Yes,66.7,6.3,No,4.0,6,4.8,12.9,Quiet Room,No,8,8,Kinesthetic,6.3,99,UCI_0288,9,10,11,15,15,13,Biology,Human Resources Specialist,4.228608307020409,1,2,1,10.0
STU02879,25,Female,Business,0.5,1.1,Yes,63.3,6.9,Yes,3.13,7,4.1,5.8,Dorm,No,1,5,Kinesthetic,2.6,84,UCI_0288,7,8,11,15,15,15,Business,Chemical Engineer,3.454596152550593,0,3,1,7.82
STU02880,19,Male,Psychology,6.2,0.9,No,87.4,5.5,No,4.0,5,4.7,10.1,Co-Learning Group,No,8,10,Auditory,6.2,100,UCI_0288,9,10,11,13,14,14,Psychology,Architectural Technologist,4.0199911949291485,0,2,1,10.0
STU02881,23,Male,Business,2.5,3.3,No,66.0,7.0,Yes,3.33,5,5.0,9.1,Library,Yes,3,8,Kinesthetic,3.3,77,UCI_0288,8,9,9,13,13,13,Business,Biotechnologist,2.697069248298038,1,4,0,8.32
STU02882,18,Male,Computer Science,3.0097551265650617,3.5,Yes,73.3,7.5,Yes,4.0,5,3.2,8.6,Cafe,No,4,8,Visual,3.4,100,UCI_0288,9,9,11,15,15,13,Computer Science,AI Researcher,3.273112429355157,1,2,1,10.0
STU02883,25,Female,Computer Science,6.380575342839474,2.9,No,66.6,8.7,No,4.0,1,5.7,11.8,Dorm,Yes,4,7,Kinesthetic,8.0,100,UCI_0288,8,8,9,13,13,13,Computer Science,Lawyer,3.1291077707535644,0,0,1,10.0
STU02884,27,Other,Computer Science,3.347463600412625,2.6,Yes,67.8,9.1,No,3.72,7,5.2,8.4,Quiet Room,Yes,2,10,Visual,8.4,96,UCI_0288,9,9,10,14,15,13,Computer Science,Data Scientist,3.710864306934582,1,0,1,9.3
STU02885,27,Other,Computer Science,6.059706002490269,4.5,No,44.7,8.6,No,3.82,6,5.4,14.2,Library,No,1,5,Reading,3.9,93,UCI_0034,8,10,12,13,12,12,Computer Science,Legal Analyst,4.5788579718820674,1,4,1,9.55
STU02886,26,Female,Business,3.8,2.3,No,50.4,4.4,Yes,4.0,3,8.0,8.0,Co-Learning Group,No,3,10,Kinesthetic,7.7,100,UCI_0034,8,9,12,13,13,12,Business,AI Researcher,3.5977446218433813,0,2,0,10.0
STU02887,20,Male,Engineering,10.0,3.9,No,68.4,6.2,No,3.02,6,6.2,16.9,Cafe,No,8,10,Auditory,2.2,75,UCI_0034,7,10,13,13,12,11,Engineering,Graphic Designer,3.5329578322137705,0,2,1,7.55
STU02888,18,Other,Business,7.4,4.8,Yes,56.1,6.1,Yes,3.3,6,6.6,14.6,Co-Learning Group,No,10,10,Kinesthetic,8.9,84,UCI_0034,7,9,11,13,13,12,Business,Lawyer,3.828892398124956,0,0,1,8.25
STU02889,25,Other,Biology,0.8,3.7,No,70.4,8.2,No,4.0,6,1.0,5.3,Co-Learning Group,Yes,5,7,Auditory,1.4,100,UCI_0034,8,11,13,13,13,11,Biology,Web Developer,3.2261193531211285,0,2,1,10.0
STU02890,16,Other,Computer Science,3.288949368147889,0.9,Yes,96.2,4.9,Yes,3.68,7,7.1,4.8,Cafe,Yes,4,10,Reading,7.5,88,UCI_0034,8,10,13,13,13,11,Computer Science,Chemical Engineer,4.130144982918273,1,3,1,9.2
STU02891,25,Female,Arts,5.8,4.1,No,69.5,7.3,Yes,4.0,8,6.7,10.9,Library,No,6,6,Auditory,6.8,100,UCI_0034,7,11,13,14,11,11,Arts,Civil Engineer,3.192729089869724,0,4,1,10.0
STU02892,20,Male,Arts,2.6,1.3,Yes,46.9,4.6,Yes,3.55,7,6.6,7.7,Dorm,No,8,7,Kinesthetic,7.7,84,UCI_0034,7,10,12,14,13,13,Arts,Art Director,4.110166012404374,2,2,0,8.88
STU02893,28,Female,Biology,0.0,2.0,No,90.2,9.4,No,3.18,1,4.4,2.7,Library,Yes,2,5,Auditory,7.8,68,UCI_0034,7,9,12,13,13,11,Biology,Inorganic Chemist,4.699926162970849,2,4,1,7.95
STU02894,19,Other,Business,2.7,3.8,Yes,50.3,5.7,Yes,3.1,3,3.2,10.4,Library,No,4,10,Kinesthetic,8.8,76,UCI_0034,7,9,13,14,13,12,Business,Clinical Psychologist,3.3341463631799466,0,3,0,7.75
STU02895,28,Male,Arts,5.9,4.5,No,90.2,7.9,Yes,4.0,5,1.7,13.6,Cafe,Yes,2,6,Visual,9.6,100,UCI_0034,7,11,11,12,13,12,Arts,Construction Manager,3.0245405341067357,0,2,1,10.0
STU02896,16,Male,Business,5.2,4.6,No,91.7,9.0,Yes,4.0,3,5.2,11.8,Dorm,Yes,2,10,Reading,7.0,98,UCI_0034,7,10,11,12,13,11,Business,Digital Marketing Specialist,4.843164955525791,2,4,1,10.0
STU02897,26,Other,Business,2.8,3.4,Yes,64.9,7.3,No,3.33,7,2.7,7.8,Dorm,Yes,10,10,Reading,5.5,90,UCI_0034,9,10,12,14,12,11,Business,Web Developer,4.850022583761661,2,4,0,8.32
STU02898,17,Other,Biology,4.6,1.4,Yes,60.7,8.8,No,3.62,2,4.8,7.0,Cafe,No,5,10,Visual,5.7,97,UCI_0034,9,10,12,13,12,12,Biology,Game Developer,2.8187712830805687,1,3,0,9.05
STU02899,22,Other,Arts,0.7,0.0,Yes,87.2,8.2,No,3.99,3,7.2,2.4,Dorm,Yes,9,10,Kinesthetic,6.4,99,UCI_0034,9,9,12,13,12,11,Arts,Acoustics Specialist,4.303591566504537,1,4,0,9.98
STU02900,25,Other,Psychology,2.1,2.9,No,81.9,4.0,No,3.08,5,5.5,7.6,Cafe,No,7,8,Auditory,3.9,76,UCI_0034,8,9,12,14,12,13,Psychology,Industrial-Organizational Psychologist,4.977960022045126,1,2,1,7.7
STU02901,22,Male,Biology,2.1,3.6,Yes,90.2,8.6,Yes,2.45,4,6.9,7.6,Co-Learning Group,No,8,10,Kinesthetic,1.2,62,UCI_0290,12,10,11,12,12,12,Biology,Marketing Manager,4.727064512859634,0,1,1,6.12
STU02902,19,Female,Computer Science,7.179964605509632,4.1,No,55.7,6.9,Yes,3.53,7,3.8,15.5,Dorm,No,5,6,Kinesthetic,5.0,87,UCI_0034,7,10,11,14,13,12,Computer Science,Software Developer,2.74345707,2,1,1,8.82
STU02903,19,Male,Business,6.0,0.5,Yes,44.4,7.8,No,4.0,4,4.1,9.5,Co-Learning Group,No,9,10,Reading,4.7,90,UCI_0034,9,9,11,12,12,11,Business,Curriculum Developer,4.859128403946581,0,1,0,10.0
STU02904,25,Other,Computer Science,4.229858081053651,1.1,No,77.7,6.5,Yes,4.0,3,3.0,9.2,Library,No,7,10,Visual,4.7,100,UCI_0233,11,11,11,12,13,13,Computer Science,Education Administrator,4.208984928598337,0,3,0,10.0
STU02905,26,Other,Psychology,2.2,3.8,Yes,80.8,8.4,Yes,4.0,8,8.7,8.3,Library,No,6,8,Kinesthetic,1.7,96,UCI_0233,11,12,11,12,12,12,Psychology,Ecologist,4.2942062283771625,1,0,0,10.0
STU02906,17,Other,Biology,0.0,0.8,Yes,69.6,7.3,No,4.0,3,4.3,1.2,Quiet Room,No,9,5,Visual,4.3,98,UCI_0233,12,12,10,11,14,12,Biology,Accountant,3.079459469292483,0,2,1,10.0
STU02907,22,Female,Computer Science,8.613857643179752,2.2,No,80.6,9.2,No,4.0,7,5.2,14.7,Quiet Room,No,8,10,Reading,3.5,100,UCI_0233,11,12,12,12,13,14,Computer Science,Architect,2.8965207014484893,1,3,1,10.0
STU02908,17,Male,Arts,4.4,2.3,No,78.2,7.1,Yes,4.0,2,3.8,9.0,Library,No,10,8,Visual,4.3,100,UCI_0233,12,12,11,13,14,12,Arts,Financial Analyst,3.125633021582566,0,2,0,10.0
STU02909,23,Female,Psychology,3.5,3.5,No,71.6,7.0,No,2.77,6,7.3,8.9,Library,Yes,9,10,Auditory,3.4,75,UCI_0233,10,12,10,13,13,12,Psychology,Education Administrator,4.693080856953094,2,0,0,6.92
STU02910,16,Other,Biology,8.0,0.8,Yes,51.8,7.2,No,3.92,3,5.7,14.3,Quiet Room,No,9,10,Auditory,3.8,100,UCI_0233,11,12,12,12,12,14,Biology,Landscape Architect,3.481019540238902,0,4,1,9.8
STU02911,21,Female,Arts,2.4,1.5,Yes,89.5,7.1,Yes,3.4,3,3.8,7.6,Cafe,Yes,5,10,Visual,6.1,87,UCI_0233,12,11,11,12,12,12,Arts,Chemist,2.850809682002451,1,3,1,8.5
STU02912,17,Female,Engineering,5.8,4.6,No,50.1,6.2,No,2.52,7,6.3,13.4,Cafe,No,6,10,Visual,4.0,74,UCI_0354,12,10,10,13,11,14,Engineering,Game Developer,3.9303324098690418,1,1,1,6.3
STU02913,27,Female,Biology,2.2,0.8,No,68.5,6.2,No,4.0,8,1.3,4.4,Dorm,Yes,5,8,Kinesthetic,8.0,92,UCI_0233,10,12,12,13,12,14,Biology,Fluid Mechanics Engineer,3.5613173083902376,0,3,0,10.0
STU02914,20,Male,Computer Science,5.162979786491619,1.1,Yes,54.5,7.5,No,2.9,1,5.1,9.3,Cafe,Yes,5,10,Auditory,7.2,88,UCI_0233,11,11,12,12,12,12,Computer Science,Mechanical Engineer,2.6303284224804697,2,4,1,7.25
STU02915,21,Male,Biology,4.7,2.8,No,73.2,6.6,No,4.0,7,3.2,9.2,Dorm,Yes,1,5,Auditory,6.7,91,UCI_0233,11,11,10,11,14,13,Biology,Physician Assistant,3.123413756348863,2,4,1,10.0
STU02916,25,Female,Business,4.1,2.9,No,55.8,5.9,No,4.0,2,4.9,11.5,Co-Learning Group,Yes,5,6,Visual,4.9,96,UCI_0233,12,10,10,11,13,14,Business,Animator,4.412666846638961,1,3,0,10.0
STU02917,22,Male,Biology,1.8,0.8,Yes,83.0,4.0,Yes,3.46,2,1.2,7.5,Co-Learning Group,No,5,10,Auditory,4.5,91,UCI_0233,11,10,12,12,13,12,Biology,Mechanical Engineer,3.0937890765375493,1,1,1,8.65
STU02918,22,Female,Biology,4.4,4.8,No,85.2,9.6,No,4.0,4,5.1,13.8,Quiet Room,Yes,5,10,Reading,4.2,99,UCI_0233,11,11,12,11,12,14,Biology,Financial Analyst,4.539158383513009,2,1,1,10.0
STU02919,20,Female,Arts,5.9,0.0,Yes,84.1,10.3,No,3.91,4,6.2,8.2,Library,No,10,10,Auditory,8.0,100,UCI_0233,11,10,10,12,13,12,Arts,Astronomer,2.927836408543276,1,0,1,9.78
STU02920,24,Female,Psychology,6.3,4.6,Yes,77.4,4.2,Yes,2.54,8,7.7,14.1,Cafe,No,3,10,Kinesthetic,3.9,64,UCI_0027,13,13,11,11,12,11,Psychology,Organic Chemist,2.9795518941670167,0,2,1,6.35
STU02921,23,Female,Business,2.6,2.6,No,40.9,6.3,Yes,4.0,5,8.6,7.4,Library,Yes,5,8,Visual,1.1,94,UCI_0233,10,12,10,13,12,14,Business,Composer,3.7035161006256976,2,2,1,10.0
STU02922,22,Other,Biology,1.6,4.4,Yes,91.7,9.0,No,3.21,7,6.8,8.1,Quiet Room,Yes,10,9,Visual,5.5,86,UCI_0233,12,12,12,11,13,13,Biology,Musician,4.612924400378331,0,1,0,8.03
STU02923,22,Female,Business,5.3,1.8,No,43.9,4.8,Yes,2.92,3,7.8,11.7,Co-Learning Group,No,5,8,Auditory,7.2,75,UCI_0233,11,10,12,11,14,14,Business,Forensic Psychologist,2.7884373243443896,2,2,1,7.3
STU02924,26,Other,Business,4.2,4.6,Yes,78.4,6.6,No,3.62,4,5.0,10.5,Quiet Room,No,7,10,Auditory,4.4,85,UCI_0014,9,11,11,11,13,12,Business,Art Therapist,2.6128711760718266,1,3,0,9.05
STU02925,26,Female,Computer Science,4.270763093,4.8,Yes,41.7,6.5,Yes,4.0,2,2.5,11.7,Quiet Room,Yes,7,7,Reading,1.4,100,UCI_0014,9,11,12,11,11,12,Computer Science,Zoologist,2.520177345944366,0,1,0,10.0
STU02926,20,Female,Business,2.1,3.7,Yes,43.0,7.1,Yes,2.74,2,5.0,9.4,Co-Learning Group,No,10,10,Reading,3.1,73,UCI_0014,9,9,11,11,11,12,Business,Urban Planner,3.6691614805176775,0,1,1,6.85
STU02927,26,Other,Arts,1.4,1.0,Yes,66.0,8.8,Yes,3.73,3,1.0,4.3,Library,No,4,8,Kinesthetic,5.3,86,UCI_0014,11,11,12,12,12,13,Arts,Landscape Architect,3.3373632278784204,1,0,0,9.32
STU02928,19,Female,Engineering,6.1,0.5,No,78.5,9.3,No,4.0,6,5.8,10.7,Cafe,No,1,10,Kinesthetic,2.1,100,UCI_0014,11,11,12,12,13,14,Engineering,Artist,2.9715836040118746,0,3,1,10.0
STU02929,24,Other,Computer Science,6.545062578818809,2.9,Yes,63.3,8.0,No,3.71,7,6.3,11.5,Cafe,Yes,4,5,Kinesthetic,3.9,94,UCI_0014,11,10,11,12,12,13,Computer Science,Legal Analyst,4.944776600466685,0,4,0,9.28
STU02930,23,Other,Engineering,5.0,0.7,Yes,70.1,6.7,Yes,4.0,6,1.7,7.3,Library,No,5,10,Reading,1.8,100,UCI_0014,9,11,11,13,11,14,Engineering,Investment Banker,4.296063993639407,2,2,0,10.0
STU02931,19,Other,Psychology,2.2,4.8,No,94.6,7.6,Yes,2.94,8,8.1,10.9,Co-Learning Group,Yes,1,9,Reading,4.7,73,UCI_0014,11,9,11,13,13,14,Psychology,Art Director,3.272911233696031,0,3,1,7.35
STU02932,23,Other,Psychology,5.6,4.7,Yes,74.4,7.4,No,3.91,3,2.8,13.5,Quiet Room,Yes,1,7,Visual,8.0,95,UCI_0014,10,9,12,13,13,12,Psychology,Special Education Teacher,3.6154973062214246,0,2,1,9.78
STU02933,22,Male,Engineering,3.0,2.1,No,41.2,9.9,No,4.0,4,5.7,8.5,Library,No,6,8,Visual,4.8,100,UCI_0014,10,9,12,13,11,12,Engineering,Analytical Chemist,3.641280395439616,0,4,1,10.0
STU02934,25,Other,Arts,1.0,0.0,No,89.8,5.2,Yes,4.0,4,3.5,5.8,Library,No,5,5,Auditory,4.1,96,UCI_0014,10,10,11,12,13,14,Arts,Advertising Manager,2.819821918105144,2,1,1,10.0
STU02935,25,Female,Computer Science,4.400127450874448,0.2,Yes,65.6,5.0,No,4.0,6,4.5,7.9,Quiet Room,Yes,1,5,Auditory,1.7,99,UCI_0014,11,10,12,13,11,14,Computer Science,Industrial-Organizational Psychologist,4.881711268672866,2,4,1,10.0
STU02936,24,Female,Arts,2.4,3.4,Yes,69.6,9.8,Yes,3.31,6,8.4,8.5,Library,No,6,10,Visual,1.8,78,UCI_0014,10,10,12,13,13,14,Arts,Pharmacist,2.9181126087389013,2,0,1,8.28
STU02937,17,Male,Computer Science,5.925015975981783,1.7,No,69.2,4.1,Yes,3.88,1,6.2,9.2,Library,No,5,10,Reading,4.9,100,UCI_0014,10,10,11,13,11,13,Computer Science,Market Research Analyst,4.456786388,1,3,0,9.7
STU02938,27,Other,Arts,3.5,2.0,No,68.9,5.0,No,3.9,4,5.6,7.1,Co-Learning Group,No,4,9,Kinesthetic,1.9,98,UCI_0014,11,9,11,11,11,13,Arts,Legal Consultant,2.8462260381979494,0,3,1,9.75
STU02939,18,Male,Arts,3.2,4.9,No,95.9,9.0,No,4.0,1,3.4,9.7,Library,Yes,6,6,Reading,2.2,94,UCI_0206,9,9,11,13,12,13,Arts,AI Researcher,4.376215860246983,0,0,1,10.0
STU02940,23,Female,Arts,4.6,0.7,No,82.2,7.4,Yes,3.89,1,6.5,9.4,Co-Learning Group,Yes,4,10,Reading,4.6,100,UCI_0206,9,10,10,12,13,14,Arts,Lawyer,3.927354759530622,1,4,1,9.72
STU02941,16,Other,Psychology,4.8,0.5,No,70.9,6.0,Yes,4.0,4,4.1,9.7,Library,No,4,10,Reading,7.3,100,UCI_0206,10,10,11,12,12,13,Psychology,Clinical Psychologist,2.938482487858817,0,0,1,10.0
STU02942,27,Female,Arts,3.2,2.6,Yes,51.7,5.9,No,3.85,3,1.0,9.5,Co-Learning Group,No,9,10,Auditory,1.4,100,UCI_0206,10,10,12,13,12,13,Arts,Biochemist,4.821881518127282,2,3,1,9.62
STU02943,20,Other,Biology,5.7,1.4,Yes,71.9,8.7,No,4.0,1,5.2,10.8,Library,No,4,10,Auditory,4.5,100,UCI_0206,10,9,11,14,13,13,Biology,Composer,3.6850128614065567,1,1,1,10.0
STU02944,25,Other,Psychology,5.4,0.1,No,87.8,6.9,Yes,4.0,2,5.2,8.2,Quiet Room,No,2,10,Reading,7.8,100,UCI_0206,9,9,10,14,14,13,Psychology,Risk Analyst,4.089478266716293,0,2,0,10.0
STU02945,17,Female,Arts,3.2,0.6,No,91.5,8.1,No,2.94,5,7.7,6.4,Cafe,No,3,6,Visual,7.4,69,UCI_0206,11,10,11,13,12,13,Arts,Composer,3.5384743499636784,1,1,1,7.35
STU02946,27,Other,Arts,5.9,0.8,Yes,87.0,5.4,No,2.73,5,9.2,9.1,Cafe,No,6,10,Auditory,8.3,66,UCI_0206,11,10,12,12,12,12,Arts,Special Education Teacher,4.300315656723851,2,2,1,6.83
STU02947,27,Other,Arts,3.3,3.3,No,67.5,7.5,Yes,3.96,6,4.2,9.8,Dorm,No,9,7,Auditory,2.3,96,UCI_0206,10,11,11,13,13,13,Arts,Artist,4.934906082991546,0,1,0,9.9
STU02948,26,Female,Business,3.6,0.0,No,51.3,8.2,Yes,4.0,7,3.2,7.2,Cafe,Yes,7,7,Auditory,2.2,100,UCI_0206,11,9,10,14,13,12,Business,AI Researcher,3.034828747,0,2,0,10.0
STU02949,27,Other,Business,3.9,1.6,No,98.8,8.3,Yes,2.82,2,8.6,11.2,Library,Yes,1,10,Kinesthetic,3.4,75,UCI_0206,11,9,10,12,12,14,Business,Electrical Engineer,4.576460774,0,1,1,7.05
STU02950,21,Other,Engineering,2.6,0.4,No,44.7,7.2,No,4.0,2,3.4,3.9,Dorm,Yes,8,5,Reading,7.2,99,UCI_0206,11,10,12,12,13,12,Engineering,Psychologist,3.6466081636246974,2,4,0,10.0
STU02951,20,Female,Arts,2.1,0.8,Yes,85.2,6.8,Yes,3.09,3,8.5,8.2,Quiet Room,No,5,10,Visual,9.7,77,UCI_0206,11,10,12,13,13,14,Arts,Risk Analyst,4.007306671599531,0,3,1,7.72
STU02952,21,Female,Business,2.6,1.5,Yes,87.2,5.5,No,3.78,5,2.5,9.1,Dorm,Yes,3,10,Reading,2.5,97,UCI_0206,11,9,12,14,12,14,Business,Biologist,4.807753355676284,1,3,1,9.45
STU02953,19,Other,Arts,6.2,1.6,Yes,89.2,8.8,No,4.0,7,6.1,9.8,Library,No,6,9,Reading,10.0,93,UCI_0206,9,10,10,12,13,14,Arts,Mechanical Engineer,4.890232849315471,2,1,0,10.0
STU02954,23,Female,Biology,2.3,3.2,No,59.8,10.4,No,4.0,4,3.1,6.3,Library,Yes,1,10,Reading,9.2,100,UCI_0206,11,10,12,12,14,12,Biology,Aerospace Engineer,2.782497890003063,0,0,0,10.0
STU02955,20,Female,Business,4.4,4.9,Yes,52.0,8.1,No,4.0,4,4.1,12.5,Quiet Room,Yes,4,6,Visual,3.1,97,UCI_0206,10,11,10,13,14,14,Business,Education Administrator,3.6311166469024094,2,0,0,10.0
STU02956,16,Female,Psychology,1.2,3.6,No,78.3,5.4,Yes,4.0,4,1.0,9.6,Dorm,Yes,8,8,Visual,6.1,98,UCI_0343,10,13,12,9,10,10,Psychology,Digital Marketing Specialist,4.836102989831865,1,2,0,10.0
STU02957,17,Other,Arts,5.8,2.1,No,49.6,6.7,Yes,3.31,5,4.8,10.0,Quiet Room,No,3,10,Kinesthetic,9.6,84,UCI_0343,12,13,13,8,9,11,Arts,Musician,3.787012172955998,1,3,1,8.28
STU02958,19,Other,Engineering,6.1,5.0,Yes,44.1,8.0,Yes,3.81,2,5.7,12.8,Cafe,Yes,4,10,Kinesthetic,5.1,93,UCI_0343,11,12,14,9,9,11,Engineering,Fluid Mechanics Engineer,3.9235683036074063,1,0,0,9.53
STU02959,27,Male,Arts,6.7,0.7,No,71.4,8.2,Yes,4.0,3,5.2,9.4,Co-Learning Group,No,2,6,Visual,3.9,100,UCI_0343,10,12,12,8,10,12,Arts,Digital Marketing Specialist,3.464171447492212,1,0,0,10.0
STU02960,16,Male,Business,6.0,4.9,Yes,71.6,7.5,Yes,4.0,3,6.5,15.2,Co-Learning Group,Yes,2,9,Kinesthetic,4.7,100,UCI_0343,10,12,12,8,9,10,Business,Acoustics Specialist,3.6850060497784543,1,3,0,10.0
STU02961,26,Male,Business,2.8,0.4,Yes,90.2,7.5,Yes,3.77,5,5.6,8.0,Quiet Room,Yes,10,10,Kinesthetic,4.3,88,UCI_0343,12,13,13,10,9,10,Business,Microbiologist,2.904603407347337,1,2,1,9.43
STU02962,20,Female,Psychology,3.2,0.7,No,74.8,9.3,Yes,3.1,3,4.6,9.1,Dorm,No,4,10,Visual,5.2,75,UCI_0343,11,13,12,9,9,10,Psychology,Biologist,4.8419642332465225,2,1,1,7.75
STU02963,26,Male,Psychology,1.2,4.3,No,97.9,7.5,Yes,3.08,1,5.6,8.0,Cafe,Yes,7,5,Kinesthetic,3.7,77,UCI_0343,11,14,14,10,10,10,Psychology,Conductor,3.184871047487883,0,2,1,7.7
STU02964,27,Other,Engineering,2.0,4.0,Yes,73.1,5.1,Yes,3.55,2,6.2,10.2,Quiet Room,Yes,8,10,Visual,7.8,99,UCI_0343,10,13,12,8,9,10,Engineering,Accountant,3.7277095993380978,2,4,0,8.88
STU02965,19,Female,Engineering,3.6,1.5,Yes,90.7,9.5,Yes,4.0,4,5.3,9.5,Co-Learning Group,Yes,1,10,Reading,6.8,97,UCI_0343,11,13,12,9,11,11,Engineering,Financial Controller,2.6291543860134867,1,3,1,10.0
STU02966,16,Other,Psychology,3.6,1.9,Yes,65.2,5.3,No,4.0,1,5.9,5.8,Cafe,No,9,5,Reading,1.5,87,UCI_0343,10,12,13,8,11,12,Psychology,Architect,4.871252528038024,2,3,1,10.0
STU02967,24,Male,Arts,4.3,0.4,No,45.3,6.0,No,3.59,3,4.6,9.0,Cafe,No,1,5,Reading,8.8,88,UCI_0343,11,14,14,8,10,11,Arts,Doctor,3.192499959,0,2,0,8.97
STU02968,19,Female,Business,6.6,3.2,No,47.5,6.7,No,3.89,2,4.0,12.6,Quiet Room,No,5,6,Visual,2.5,95,UCI_0343,11,13,13,10,9,11,Business,Judge,2.652224088927534,0,0,0,9.72
STU02969,21,Female,Computer Science,4.1961010144412665,2.9,No,91.8,9.1,No,2.91,6,7.1,8.4,Dorm,No,4,6,Reading,8.5,78,UCI_0343,10,14,12,8,9,11,Computer Science,Graphic Designer,4.559316866,0,1,1,7.28
STU02970,25,Female,Engineering,1.2,2.0,No,98.0,7.6,Yes,2.81,2,5.4,6.1,Quiet Room,No,3,10,Reading,8.0,71,UCI_0343,11,14,13,8,10,10,Engineering,Biochemist,4.158398301917686,2,2,0,7.03
STU02971,28,Male,Computer Science,6.272675459694182,2.2,Yes,92.6,7.5,Yes,4.0,8,6.0,9.9,Quiet Room,No,2,10,Kinesthetic,7.4,100,UCI_0343,11,14,12,10,9,12,Computer Science,Judge,3.690865428,0,0,1,10.0
STU02972,17,Male,Psychology,3.4,4.6,No,74.5,7.2,Yes,3.91,2,4.1,13.6,Quiet Room,Yes,4,10,Kinesthetic,3.4,92,UCI_0156,12,13,14,9,10,10,Psychology,AI Researcher,3.747759678,0,4,0,9.78
STU02973,25,Female,Psychology,3.6,3.9,No,80.3,9.0,Yes,3.18,3,6.0,10.6,Library,No,1,10,Auditory,1.0,84,UCI_0156,13,14,15,10,9,9,Psychology,Quantum Physicist,4.173044329823256,0,3,0,7.95
STU02974,21,Male,Arts,4.5,0.6,Yes,87.6,7.1,Yes,3.4,5,1.1,9.7,Dorm,No,10,10,Reading,7.7,83,UCI_0156,12,13,14,10,9,11,Arts,Mechanical Engineer,4.206152256477707,2,2,1,8.5
STU02975,27,Female,Arts,2.4,0.4,Yes,76.9,7.3,No,2.61,4,10.0,6.4,Library,No,8,10,Visual,5.5,74,UCI_0047,10,13,10,13,13,14,Arts,Electrical Engineer,3.7185864805063007,0,3,0,6.52
STU02976,23,Male,Arts,7.8,4.3,No,41.1,6.9,No,4.0,6,6.9,13.3,Dorm,Yes,7,8,Kinesthetic,7.7,91,UCI_0156,11,12,13,8,11,11,Arts,AI Researcher,3.467330716,1,2,0,10.0
STU02977,24,Male,Engineering,4.5,0.5,No,59.5,7.6,Yes,4.0,8,4.4,6.7,Dorm,No,4,6,Kinesthetic,6.5,92,UCI_0156,12,13,13,8,9,11,Engineering,Financial Analyst,2.598803120940278,1,2,0,10.0
STU02978,23,Other,Arts,2.4,0.4,Yes,55.6,6.1,No,2.69,6,4.7,6.3,Library,Yes,8,10,Reading,2.3,72,UCI_0156,11,14,14,9,9,9,Arts,Aerospace Engineer,4.003929636584445,1,1,1,6.72
STU02979,16,Male,Psychology,4.0,2.3,No,77.1,7.7,No,4.0,2,6.1,11.3,Quiet Room,Yes,1,6,Kinesthetic,9.1,100,UCI_0156,12,13,14,8,9,9,Psychology,Legal Secretary,4.198432165187918,0,4,0,10.0
STU02980,18,Female,Computer Science,5.565255559227453,2.0,No,75.3,8.4,No,4.0,3,4.5,12.4,Co-Learning Group,Yes,8,6,Reading,5.7,98,UCI_0156,12,12,13,9,10,9,Computer Science,Biologist,2.6913492533949643,2,0,0,10.0
STU02981,23,Male,Business,2.6,1.9,No,98.5,6.0,No,2.8,7,4.8,7.1,Dorm,No,5,8,Auditory,5.6,67,UCI_0156,13,13,14,9,9,10,Business,Cybersecurity Analyst,3.919613939803012,0,4,1,7.0
STU02982,22,Other,Psychology,3.9,0.3,No,58.1,8.5,Yes,4.0,5,4.3,7.3,Cafe,Yes,6,10,Kinesthetic,5.7,100,UCI_0156,12,12,14,8,10,9,Psychology,Analytical Chemist,3.0593519150445507,0,1,0,10.0
STU02983,21,Male,Business,7.8,3.0,No,42.3,5.1,No,4.0,1,2.7,16.4,Cafe,No,8,6,Visual,5.3,100,UCI_0156,11,13,14,10,10,9,Business,Graphic Designer,4.475388278,0,2,0,10.0
STU02984,22,Other,Arts,2.9,2.2,Yes,88.6,7.3,No,3.85,8,4.4,8.5,Co-Learning Group,Yes,3,5,Auditory,2.7,92,UCI_0156,12,14,13,10,10,9,Arts,Lawyer,3.2108560972487687,1,1,1,9.62
STU02985,18,Male,Engineering,6.9,1.0,No,95.0,9.7,No,3.78,2,4.5,13.0,Quiet Room,No,8,10,Visual,9.3,94,UCI_0156,13,12,14,8,10,9,Engineering,Architectural Technologist,3.6255753825850574,2,3,0,9.45
STU02986,23,Female,Computer Science,4.534145238487719,0.7,No,64.8,7.1,Yes,4.0,7,3.2,7.0,Library,Yes,2,7,Auditory,6.1,100,UCI_0156,11,13,15,8,10,11,Computer Science,Legal Secretary,4.890931552076206,2,4,1,10.0
STU02987,18,Male,Engineering,4.7,1.2,Yes,93.6,8.4,Yes,4.0,5,5.2,11.7,Quiet Room,No,3,5,Visual,7.3,97,UCI_0156,11,13,15,10,9,11,Engineering,Psychologist,2.8098547427924587,0,4,1,10.0
STU02988,26,Other,Biology,5.8,4.0,Yes,49.8,7.0,No,2.42,5,7.5,14.9,Dorm,No,7,10,Kinesthetic,7.8,57,UCI_0059,9,10,9,14,13,14,Biology,Advertising Manager,4.587254671750596,2,3,1,6.05
STU02989,21,Female,Biology,3.1,0.1,Yes,46.0,6.8,Yes,3.72,2,4.3,7.9,Cafe,Yes,2,7,Kinesthetic,3.3,100,UCI_0156,12,13,15,10,11,11,Biology,Aerospace Engineer,2.782497890003063,0,0,0,9.3
STU02990,19,Other,Psychology,5.8,3.6,No,72.3,4.5,Yes,3.4,2,3.3,11.7,Library,No,10,6,Kinesthetic,9.0,83,UCI_0156,12,12,13,10,10,9,Psychology,Illustrator,2.544326411105763,0,3,1,8.5
STU02991,24,Male,Biology,5.2,4.7,No,55.2,4.9,No,3.27,6,7.8,10.7,Cafe,Yes,10,5,Visual,3.5,89,UCI_0156,11,12,14,9,10,11,Biology,Human Resources Specialist,3.2595859822694506,1,3,1,8.18
STU02992,17,Other,Biology,5.4,3.0,Yes,71.2,7.4,No,4.0,6,6.0,12.6,Co-Learning Group,No,8,10,Auditory,1.8,90,UCI_0018,8,11,11,12,13,15,Biology,Data Scientist,4.330965556836687,0,3,1,10.0
STU02993,28,Other,Psychology,1.9,0.3,Yes,41.7,7.7,Yes,4.0,6,5.1,7.5,Cafe,No,1,10,Visual,4.0,100,UCI_0018,8,11,10,12,15,15,Psychology,Financial Controller,4.623242799605808,2,0,0,10.0
STU02994,18,Female,Psychology,7.2,2.9,Yes,61.1,6.6,No,4.0,5,6.5,10.7,Library,No,3,9,Visual,6.6,100,UCI_0018,8,10,9,14,14,15,Psychology,Artist,3.947110394847004,2,3,1,10.0
STU02995,18,Male,Computer Science,6.962304640910323,3.2,No,93.8,7.4,Yes,4.0,6,6.1,10.9,Co-Learning Group,No,6,8,Kinesthetic,6.8,100,UCI_0018,7,11,11,14,14,15,Computer Science,Electrical Engineer,3.246009415877806,0,1,0,10.0
STU02996,26,Male,Biology,4.2,0.2,Yes,50.9,8.3,No,3.55,3,2.2,8.1,Library,No,7,9,Reading,4.0,90,UCI_0018,8,11,11,14,15,13,Biology,Composer,4.388854005339606,2,4,0,8.88
STU02997,24,Other,Arts,4.9,4.6,Yes,95.8,9.5,No,3.63,6,5.6,11.2,Library,Yes,1,10,Kinesthetic,3.5,87,UCI_0018,9,11,10,13,15,14,Arts,Dentist,4.700521089025088,0,0,0,9.07
STU02998,27,Female,Arts,3.0,1.2,No,40.4,7.8,Yes,4.0,1,4.2,6.7,Co-Learning Group,No,10,6,Visual,1.3,100,UCI_0018,8,11,11,12,15,13,Arts,Dentist,3.605520710607247,1,4,1,10.0
STU02999,21,Male,Engineering,3.4,4.5,No,56.5,7.5,Yes,4.0,2,5.0,12.5,Quiet Room,Yes,10,6,Kinesthetic,8.8,100,UCI_0018,7,11,9,12,13,14,Engineering,Biomedical Engineer,3.210882968068544,2,1,0,10.0
STU03000,18,Female,Engineering,1.0,0.4,Yes,76.7,5.9,Yes,3.75,6,5.9,3.4,Co-Learning Group,Yes,9,5,Auditory,7.7,84,UCI_0018,7,9,10,12,13,15,Engineering,Inorganic Chemist,2.639992563311224,1,1,0,9.38
STU03001,17,Other,Biology,3.7,4.9,Yes,94.8,9.5,No,4.0,3,5.8,14.2,Co-Learning Group,Yes,2,10,Auditory,5.9,100,UCI_0018,8,9,9,14,13,13,Biology,Music Teacher,2.9254065206067192,0,3,1,10.0
STU03002,21,Other,Business,5.0,3.7,No,95.9,9.2,Yes,2.83,8,8.3,9.5,Cafe,No,7,10,Kinesthetic,1.2,68,UCI_0018,8,11,10,14,14,13,Business,Legal Secretary,4.549595981246167,0,1,0,7.08
STU03003,25,Other,Computer Science,6.835598814747544,1.6,No,86.7,7.8,Yes,4.0,4,5.3,10.0,Quiet Room,No,5,8,Auditory,2.1,100,UCI_0018,9,11,11,12,14,14,Computer Science,Microbiologist,3.075191951193461,0,3,1,10.0
STU03004,26,Male,Engineering,3.2,3.2,No,68.7,7.3,Yes,4.0,2,1.5,10.5,Dorm,No,3,10,Auditory,5.0,100,UCI_0018,7,11,9,12,15,14,Engineering,Financial Advisor,4.714814517029889,1,0,0,10.0
STU03005,16,Other,Biology,1.0,3.4,No,41.8,7.8,No,4.0,7,4.8,8.2,Cafe,No,6,5,Reading,7.9,93,UCI_0018,9,10,11,12,15,13,Biology,Investment Banker,3.6784354452175823,1,3,1,10.0
STU03006,25,Other,Computer Science,6.708298028991271,1.8,No,96.9,6.4,No,4.0,8,5.2,11.4,Library,Yes,8,6,Reading,6.8,100,UCI_0018,7,10,10,12,15,13,Computer Science,Biotechnologist,3.545681783297157,1,2,1,10.0
STU03007,22,Male,Business,4.9,3.8,Yes,78.3,8.0,No,3.92,7,6.5,12.4,Cafe,No,6,6,Reading,3.8,99,UCI_0338,11,10,10,11,12,14,Business,Investment Banker,2.771578692194765,0,4,0,9.8
STU03008,27,Male,Arts,6.9,2.2,Yes,58.7,7.1,Yes,4.0,3,1.0,12.4,Quiet Room,No,8,10,Kinesthetic,2.2,100,UCI_0338,12,9,9,10,12,14,Arts,Software Developer,2.9776096601236497,1,4,0,10.0
STU03009,19,Male,Computer Science,4.070833522817564,3.7,Yes,44.1,5.8,Yes,3.15,8,1.7,8.9,Cafe,Yes,7,10,Reading,1.6,83,UCI_0338,10,10,11,10,11,14,Computer Science,Social Media Manager,3.936863034531653,2,2,1,7.88
STU03010,24,Female,Psychology,4.7,4.6,No,59.3,5.7,Yes,3.69,5,8.6,11.1,Library,No,5,10,Auditory,8.6,98,UCI_0338,12,9,9,10,12,13,Psychology,Art Director,3.525021298319374,1,3,0,9.22
STU03011,24,Female,Computer Science,3.0839940073235166,2.2,Yes,79.9,12.0,Yes,3.66,7,4.0,8.4,Cafe,No,1,8,Auditory,6.0,94,UCI_0338,11,10,9,12,13,15,Computer Science,Curriculum Developer,3.1635561035769197,0,2,0,9.15
STU03012,20,Male,Computer Science,2.070502268363337,2.3,No,75.5,9.0,No,3.2,7,2.3,4.6,Quiet Room,No,10,5,Reading,3.3,86,UCI_0338,12,9,11,10,11,14,Computer Science,Manager,4.378628239286336,0,0,1,8.0
STU03013,28,Female,Psychology,2.8,0.6,Yes,56.1,8.7,No,4.0,1,6.9,6.2,Co-Learning Group,Yes,10,9,Reading,2.3,94,UCI_0338,12,10,10,11,12,14,Psychology,Animator,3.490266696,2,2,1,10.0
STU03014,27,Female,Biology,7.5,3.0,No,78.3,12.0,Yes,4.0,4,3.2,13.9,Library,Yes,2,5,Reading,1.4,100,UCI_0338,11,10,10,10,11,13,Biology,Human Resources Specialist,3.9656566283119545,2,3,1,10.0
STU03015,23,Other,Engineering,3.7,2.6,Yes,92.5,7.8,Yes,3.11,7,5.4,10.7,Cafe,Yes,1,7,Auditory,8.7,66,UCI_0338,11,9,9,12,11,15,Engineering,Ecologist,4.254724349203702,0,3,0,7.77
STU03016,22,Female,Engineering,3.9,3.9,Yes,99.7,5.5,No,4.0,2,4.5,8.5,Cafe,Yes,6,10,Kinesthetic,7.5,100,UCI_0338,10,11,9,11,13,13,Engineering,Quantum Physicist,4.6365136626911925,1,3,0,10.0
STU03017,17,Female,Computer Science,8.189337641481167,0.9,No,54.5,6.2,Yes,2.93,2,7.6,13.5,Cafe,No,3,9,Reading,6.9,71,UCI_0338,11,11,9,10,13,13,Computer Science,Aerospace Engineer,2.54212834137452,2,3,0,7.33
STU03018,21,Other,Business,1.4,1.7,No,59.7,7.5,Yes,4.0,3,7.5,4.4,Quiet Room,No,4,6,Visual,7.0,100,UCI_0338,12,11,11,12,13,14,Business,Organic Chemist,3.435918628629513,2,4,0,10.0
STU03019,25,Other,Psychology,8.5,1.5,No,62.5,8.5,No,4.0,6,3.8,15.1,Co-Learning Group,No,5,10,Reading,2.9,98,UCI_0338,12,10,10,10,13,14,Psychology,Marketing Manager,4.4814764666466615,2,1,1,10.0
STU03020,22,Female,Business,3.8,3.8,Yes,67.6,5.1,No,4.0,6,3.8,12.3,Co-Learning Group,Yes,6,7,Visual,9.8,99,UCI_0338,12,10,9,11,13,14,Business,Organic Chemist,3.271727953465549,2,4,0,10.0
STU03021,22,Female,Business,3.9,1.6,Yes,72.4,8.1,No,3.65,1,2.9,9.6,Quiet Room,No,1,7,Auditory,4.0,82,UCI_0338,12,9,11,12,13,13,Business,Investment Banker,4.520968462808569,1,3,1,9.12
STU03022,20,Male,Business,6.0,3.1,No,63.8,5.7,Yes,3.78,8,5.5,12.2,Quiet Room,No,10,6,Visual,9.7,100,UCI_0338,11,9,10,12,12,15,Business,Cybersecurity Analyst,3.3699398938370857,1,2,0,9.45
STU03023,28,Male,Computer Science,1.6713139809574304,0.8,Yes,92.3,8.8,Yes,4.0,6,4.2,6.9,Co-Learning Group,No,5,6,Auditory,8.6,100,UCI_0338,12,11,11,11,13,13,Computer Science,Financial Analyst,3.729904166604837,1,2,1,10.0
STU03024,16,Male,Psychology,4.9,4.4,No,74.0,7.8,No,3.65,4,6.4,14.5,Library,No,1,8,Auditory,6.5,82,UCI_0338,12,10,11,11,11,15,Psychology,Legal Analyst,3.0662554691687727,0,0,0,9.12
STU03025,21,Female,Engineering,1.4,2.3,No,80.7,8.0,No,3.41,7,6.5,6.6,Co-Learning Group,No,2,10,Auditory,6.3,90,UCI_0082,10,12,12,11,11,12,Engineering,Advertising Manager,3.706987391236126,1,0,1,8.53
STU03026,21,Female,Arts,4.3,4.7,Yes,40.8,5.9,No,2.09,5,6.7,12.3,Dorm,No,1,10,Kinesthetic,4.6,56,UCI_0225,12,13,13,10,9,10,Arts,Architect,4.226862351168775,1,4,1,5.22
STU03027,23,Female,Business,6.0,1.5,No,95.1,9.6,No,4.0,2,3.5,10.0,Quiet Room,Yes,10,10,Reading,6.2,96,UCI_0082,9,11,12,11,11,11,Business,Quantum Physicist,3.581251910429879,1,3,1,10.0
STU03028,17,Other,Biology,4.2,1.8,No,83.6,7.7,Yes,3.5,8,8.1,6.2,Cafe,No,6,10,Auditory,2.7,84,UCI_0082,10,12,13,11,11,11,Biology,Clinical Psychologist,4.055934111,1,1,0,8.75
STU03029,26,Other,Computer Science,4.610104174,0.4,Yes,46.3,5.3,No,3.93,6,6.6,8.5,Co-Learning Group,No,1,10,Kinesthetic,10.0,100,UCI_0082,10,12,11,12,12,11,Computer Science,Marketing Specialist,2.6473253752105133,0,0,0,9.83
STU03030,25,Male,Engineering,4.0,4.6,Yes,48.6,5.9,Yes,3.53,4,4.5,11.9,Quiet Room,No,6,10,Visual,4.3,93,UCI_0082,10,13,11,10,11,11,Engineering,Music Teacher,3.876571232164826,1,4,1,8.82
STU03031,16,Male,Arts,5.2,2.7,No,78.6,8.6,Yes,3.81,6,6.3,12.1,Library,Yes,7,8,Visual,5.1,98,UCI_0082,10,11,13,11,10,13,Arts,Organic Chemist,3.678809185411664,1,1,0,9.53
STU03032,22,Female,Business,3.4,0.6,No,44.9,7.9,No,4.0,5,2.9,9.6,Co-Learning Group,Yes,8,10,Kinesthetic,4.6,100,UCI_0082,9,12,13,12,10,12,Business,Biologist,4.807753355676284,1,3,1,10.0
STU03033,24,Male,Engineering,3.8,2.9,Yes,64.8,7.2,Yes,4.0,3,6.8,8.4,Cafe,No,5,9,Reading,1.3,99,UCI_0082,11,13,11,12,10,12,Engineering,AI Researcher,4.070084546774336,1,1,1,10.0
STU03034,26,Female,Biology,4.9,5.0,No,74.3,8.0,No,4.0,8,4.1,12.1,Library,No,8,5,Auditory,2.5,96,UCI_0082,9,11,11,10,12,12,Biology,Judge,4.731306101,1,2,1,10.0
STU03035,20,Female,Psychology,3.1,1.4,Yes,86.3,5.3,Yes,3.71,4,4.6,6.3,Cafe,Yes,4,5,Reading,1.7,95,UCI_0082,10,12,12,10,10,13,Psychology,Electrical Engineer,3.1020947704098965,1,3,0,9.28
STU03036,26,Male,Arts,1.5,3.1,Yes,87.1,7.8,No,4.0,1,8.1,8.0,Library,No,1,6,Reading,9.3,100,UCI_0082,9,13,13,10,10,11,Arts,Risk Analyst,4.007306671599531,0,3,1,10.0
STU03037,16,Other,Arts,7.3,3.8,No,74.3,7.2,No,4.0,2,4.0,13.7,Co-Learning Group,Yes,10,6,Auditory,4.1,97,UCI_0082,10,11,13,11,12,13,Arts,Cybersecurity Analyst,4.744084755395605,1,0,1,10.0
STU03038,25,Female,Arts,1.8,2.6,No,89.6,8.5,Yes,4.0,5,6.3,7.4,Dorm,No,4,5,Visual,3.5,100,UCI_0082,10,12,11,10,11,12,Arts,Special Education Teacher,4.300315656723851,2,2,1,10.0
STU03039,21,Male,Psychology,6.8,0.3,Yes,91.1,6.1,Yes,3.68,3,5.9,9.7,Library,Yes,10,9,Kinesthetic,9.5,85,UCI_0082,10,11,13,11,11,12,Psychology,Civil Engineer,3.663486943387524,2,0,0,9.2
STU03040,25,Female,Business,3.0,3.4,Yes,46.2,5.2,No,3.5,5,6.7,11.5,Quiet Room,Yes,4,8,Reading,6.2,85,UCI_0082,10,12,13,11,10,13,Business,Psychologist,2.7480193949557967,1,1,1,8.75
STU03041,17,Other,Engineering,4.9,4.6,No,69.5,6.0,No,3.81,4,2.6,11.8,Quiet Room,No,9,10,Reading,3.8,95,UCI_0082,9,11,11,12,11,11,Engineering,Illustrator,4.207062070197479,2,0,0,9.53
STU03042,27,Other,Arts,3.6,3.1,No,48.2,6.2,No,3.37,6,2.9,11.6,Dorm,No,8,9,Kinesthetic,7.2,86,UCI_0082,11,11,13,12,10,13,Arts,Clinical Psychologist,3.196665029484139,1,4,0,8.43
STU03043,17,Male,Psychology,7.7,1.5,No,67.9,4.3,Yes,4.0,1,2.2,12.3,Quiet Room,Yes,10,10,Reading,2.7,100,UCI_0082,10,11,12,11,10,13,Psychology,Microbiologist,2.6297241187372897,1,0,1,10.0
STU03044,20,Female,Biology,0.4,3.5,Yes,50.4,8.1,Yes,4.0,5,4.7,7.5,Co-Learning Group,Yes,2,10,Reading,6.6,91,UCI_0095,11,10,10,13,14,14,Biology,Landscape Architect,3.486179734759828,1,2,1,10.0
STU03045,20,Male,Computer Science,4.747568807544889,3.9,Yes,83.6,7.5,Yes,4.0,8,6.7,10.6,Quiet Room,No,7,10,Kinesthetic,2.0,94,UCI_0095,10,11,11,13,13,13,Computer Science,Paralegal,3.7329955651413664,0,3,1,10.0
STU03046,24,Other,Business,4.9,3.3,Yes,90.2,5.9,Yes,4.0,8,4.5,13.2,Cafe,Yes,6,10,Reading,5.5,92,UCI_0095,10,10,11,12,15,13,Business,Architect,4.651918972382143,0,1,0,10.0
STU03047,25,Other,Arts,5.0,2.5,No,70.5,5.1,No,4.0,8,2.4,11.4,Dorm,Yes,8,6,Auditory,9.4,100,UCI_0095,10,10,11,14,14,13,Arts,Judge,4.403253790821194,1,2,1,10.0
STU03048,20,Female,Engineering,4.5,3.9,No,55.0,5.7,Yes,2.39,5,3.4,11.8,Dorm,No,1,10,Kinesthetic,2.9,66,UCI_0234,11,9,9,13,13,13,Engineering,Manager,4.32513728,1,1,1,5.98
STU03049,21,Female,Engineering,2.9,3.9,Yes,96.4,6.1,No,3.29,1,3.6,9.2,Cafe,No,2,7,Reading,5.8,88,UCI_0095,12,9,11,14,15,13,Engineering,Conductor,2.581618257359928,2,1,1,8.22
STU03050,22,Other,Psychology,2.3,1.5,Yes,97.9,5.0,Yes,3.18,4,3.0,8.2,Cafe,No,2,9,Reading,4.4,80,UCI_0095,10,9,10,13,13,14,Psychology,Ecologist,3.1364525249775177,1,3,1,7.95
STU03051,27,Female,Engineering,5.3,0.1,Yes,97.8,6.9,No,3.6,8,4.1,8.5,Co-Learning Group,No,2,9,Kinesthetic,9.1,88,UCI_0095,10,10,9,14,13,15,Engineering,Industrial-Organizational Psychologist,3.500043005409128,0,1,0,9.0
STU03052,18,Other,Business,8.4,4.6,Yes,76.7,8.5,Yes,3.84,8,2.9,14.8,Co-Learning Group,Yes,2,10,Reading,5.0,100,UCI_0095,10,9,9,13,15,13,Business,Judge,3.516807522841795,1,2,0,9.6
STU03053,17,Other,Engineering,3.4,2.6,No,81.4,9.0,No,4.0,2,3.7,9.6,Co-Learning Group,Yes,8,7,Auditory,5.4,100,UCI_0095,12,11,10,13,15,15,Engineering,Social Media Manager,4.405176245950773,0,4,0,10.0
STU03054,27,Male,Psychology,0.0,0.6,No,97.5,5.6,No,2.96,7,3.4,4.5,Dorm,Yes,7,7,Visual,8.6,70,UCI_0095,10,11,10,12,15,15,Psychology,Education Administrator,4.959649575463882,0,2,1,7.4
STU03055,23,Male,Psychology,2.7,2.7,No,74.6,9.6,Yes,3.61,8,3.4,9.1,Dorm,No,8,10,Kinesthetic,4.6,87,UCI_0095,11,11,9,14,14,13,Psychology,Investment Banker,3.178512414956612,1,1,0,9.03
STU03056,25,Male,Computer Science,4.3740497399785045,1.0,Yes,62.6,7.4,No,3.44,7,7.9,7.8,Co-Learning Group,No,9,10,Auditory,5.4,86,UCI_0095,11,9,10,14,14,15,Computer Science,Curriculum Developer,2.847604831507856,2,1,1,8.6
STU03057,22,Male,Business,0.1,3.9,No,86.3,4.8,Yes,3.4,1,4.1,4.7,Cafe,No,9,10,Auditory,2.5,87,UCI_0095,11,11,9,14,14,15,Business,Industrial-Organizational Psychologist,3.651807531610543,0,2,1,8.5
STU03058,25,Female,Arts,4.2,2.4,No,96.4,6.1,Yes,4.0,4,6.0,9.0,Cafe,No,4,6,Kinesthetic,4.5,92,UCI_0095,10,9,11,14,15,14,Arts,Mechanical Engineer,3.6587954119018034,2,2,1,10.0
STU03059,16,Female,Engineering,3.7,1.1,Yes,53.4,6.6,No,3.31,8,3.1,7.2,Dorm,Yes,2,6,Kinesthetic,5.4,86,UCI_0095,11,10,11,12,13,13,Engineering,Financial Advisor,4.714814517029889,1,0,0,8.28
STU03060,17,Female,Computer Science,6.851495395933355,2.6,No,85.1,8.6,Yes,4.0,6,3.5,12.1,Quiet Room,No,9,10,Visual,1.9,100,UCI_0095,11,11,10,13,14,13,Computer Science,Composer,4.065741282367567,1,3,1,10.0
STU03061,22,Female,Computer Science,3.750785452251891,2.5,No,59.7,7.4,No,4.0,1,2.5,8.5,Cafe,Yes,10,7,Reading,8.5,99,UCI_0095,12,11,11,14,14,15,Computer Science,Human Resources Specialist,3.0339596205180306,0,0,0,10.0
STU03062,21,Female,Engineering,2.4,2.1,No,62.7,7.5,Yes,3.17,3,5.9,5.7,Cafe,No,2,10,Visual,8.3,80,UCI_0095,11,11,10,14,13,13,Engineering,Marketing Manager,3.383992045694839,2,4,1,7.92
STU03063,28,Female,Business,5.3,3.8,Yes,63.8,8.1,No,4.0,1,5.4,11.1,Dorm,Yes,3,10,Auditory,1.1,100,UCI_0078,10,11,12,13,14,13,Business,Legal Secretary,3.7976225262531553,0,3,0,10.0
STU03064,22,Female,Business,5.3,1.7,No,78.2,9.1,Yes,4.0,2,7.0,10.9,Quiet Room,No,1,10,Kinesthetic,4.2,100,UCI_0078,12,12,10,14,12,13,Business,Industrial-Organizational Psychologist,3.651807531610543,0,2,1,10.0
STU03065,26,Female,Psychology,4.3,3.7,No,85.1,5.1,No,2.66,2,6.2,10.1,Quiet Room,Yes,4,10,Visual,5.4,67,UCI_0146,13,15,13,9,10,10,Psychology,Art Director,3.525021298319374,1,3,0,6.65
STU03066,17,Male,Business,2.1,0.5,No,93.0,7.1,No,3.52,2,6.7,8.0,Quiet Room,Yes,3,6,Auditory,5.2,87,UCI_0078,10,10,10,14,14,14,Business,Marketing Specialist,2.928216106509727,0,4,0,8.8
STU03067,21,Other,Business,4.0,4.9,No,67.5,7.1,No,4.0,3,4.6,11.1,Co-Learning Group,No,8,8,Visual,2.9,100,UCI_0078,11,12,12,12,14,14,Business,Mechanical Engineer,2.7599211820518037,1,2,0,10.0
STU03068,17,Other,Biology,4.2,0.4,Yes,84.1,7.8,Yes,4.0,8,6.0,6.3,Co-Learning Group,No,8,10,Reading,6.9,98,UCI_0078,11,11,11,12,12,12,Biology,Data Scientist,2.5880385563014148,0,4,1,10.0
STU03069,20,Male,Computer Science,5.328604940116999,4.6,No,70.1,4.5,Yes,3.75,4,6.4,13.3,Quiet Room,No,2,8,Kinesthetic,7.3,100,UCI_0078,10,11,11,12,12,14,Computer Science,Artist,3.5786966796439432,2,0,1,9.38
STU03070,24,Male,Arts,2.9,3.1,Yes,82.7,8.8,No,4.0,8,7.5,8.4,Cafe,Yes,1,8,Visual,9.8,100,UCI_0078,12,11,12,13,12,14,Arts,Chemical Engineer,2.790080901662693,0,0,0,10.0
STU03071,17,Other,Engineering,7.7,2.2,Yes,86.5,5.5,Yes,4.0,5,6.9,11.0,Library,Yes,6,8,Auditory,9.6,94,UCI_0078,12,11,11,12,13,13,Engineering,Musician,3.032887919032264,0,2,0,10.0
STU03072,17,Other,Psychology,5.3,3.8,No,65.7,8.4,No,4.0,3,8.7,12.2,Dorm,No,5,5,Reading,9.0,92,UCI_0078,11,10,12,13,12,14,Psychology,Curriculum Developer,3.872076162527426,1,0,1,10.0
STU03073,20,Other,Arts,1.6,0.6,Yes,49.6,6.8,No,3.87,5,7.8,6.9,Dorm,Yes,3,10,Kinesthetic,1.6,93,UCI_0078,11,11,11,13,12,12,Arts,Inorganic Chemist,2.7339045152557206,2,1,0,9.68
STU03074,19,Female,Biology,8.1,0.3,Yes,96.7,8.0,No,4.0,7,4.8,12.2,Cafe,Yes,2,7,Visual,9.3,92,UCI_0078,12,11,11,12,14,14,Biology,Zoologist,2.7445575143141627,1,0,0,10.0
STU03075,18,Male,Psychology,4.9,4.2,Yes,50.7,7.9,No,4.0,4,5.5,13.2,Co-Learning Group,Yes,4,10,Auditory,7.9,100,UCI_0078,12,11,11,14,14,13,Psychology,Data Scientist,3.764081254761936,0,3,1,10.0
STU03076,17,Other,Engineering,2.4,2.3,Yes,61.2,6.0,Yes,4.0,3,3.9,6.6,Quiet Room,No,6,10,Visual,1.7,91,UCI_0078,12,12,12,12,12,12,Engineering,Marketing Manager,2.539802170566374,1,0,0,10.0
STU03077,27,Female,Business,2.6,4.4,Yes,74.7,5.3,No,3.62,6,5.4,9.4,Cafe,Yes,3,8,Reading,2.9,90,UCI_0078,12,10,10,12,12,14,Business,Art Director,3.0926274060294143,0,1,0,9.05
STU03078,17,Male,Business,4.3,4.5,Yes,58.4,5.5,Yes,3.05,3,1.0,12.4,Cafe,No,5,6,Visual,1.7,72,UCI_0078,12,12,10,13,14,13,Business,Composer,4.929629269133001,2,3,1,7.62
STU03079,17,Male,Arts,2.4,2.6,No,61.2,4.0,Yes,2.41,6,5.8,6.5,Dorm,No,10,10,Reading,1.5,63,UCI_0146,14,13,13,11,12,11,Arts,Art Director,4.760313762782069,1,3,1,6.03
STU03080,18,Male,Business,3.6,3.6,Yes,76.0,9.8,No,3.69,1,7.2,10.5,Co-Learning Group,Yes,8,10,Visual,8.6,88,UCI_0078,11,12,12,13,12,14,Business,Graphic Designer,4.561071082669169,0,0,0,9.22
STU03081,23,Female,Business,6.0,1.2,No,88.5,5.6,Yes,3.94,5,5.3,10.1,Quiet Room,Yes,3,10,Kinesthetic,4.6,97,UCI_0175,11,10,8,13,14,14,Business,Fluid Mechanics Engineer,3.834980909106675,1,4,0,9.85
STU03082,18,Other,Computer Science,6.088918581124904,3.3,No,46.6,7.3,No,2.81,2,2.4,15.1,Dorm,No,9,10,Visual,4.7,62,UCI_0175,11,12,8,15,13,16,Computer Science,Electrical Engineer,4.775645536889991,0,0,1,7.03
STU03083,18,Male,Biology,0.2,3.6,No,57.2,7.4,Yes,3.44,7,5.7,6.3,Library,Yes,4,10,Kinesthetic,4.2,85,UCI_0175,10,10,9,15,15,14,Biology,Human Resources Specialist,3.2595859822694506,1,3,1,8.6
STU03084,28,Male,Engineering,0.9,0.1,Yes,56.6,7.7,Yes,4.0,3,7.1,5.7,Library,Yes,2,9,Visual,4.5,100,UCI_0175,11,10,9,13,15,16,Engineering,Acoustics Specialist,3.813824348697783,1,1,0,10.0
STU03085,19,Male,Business,4.1,4.1,No,58.8,7.8,Yes,4.0,7,5.8,10.7,Quiet Room,Yes,5,6,Reading,5.3,95,UCI_0175,10,12,10,13,13,14,Business,Pharmacist,3.487038017875234,0,3,1,10.0
STU03086,20,Female,Arts,1.6,3.4,No,82.7,7.3,Yes,3.39,7,6.4,8.3,Dorm,Yes,4,9,Kinesthetic,7.5,87,UCI_0175,10,11,8,14,13,16,Arts,Acoustics Specialist,2.812974831825013,0,3,0,8.47
STU03087,24,Male,Business,6.2,0.5,No,68.9,6.1,Yes,3.05,7,6.8,8.6,Co-Learning Group,No,2,10,Reading,4.3,70,UCI_0175,11,12,8,15,14,16,Business,Quantum Physicist,4.442888419670864,1,1,1,7.62
STU03088,27,Female,Arts,0.0,3.8,No,53.7,6.5,No,3.1,1,7.9,7.6,Library,No,4,10,Reading,8.9,82,UCI_0175,11,11,8,15,14,16,Arts,Lawyer,4.051605542306714,1,0,0,7.75
STU03089,22,Other,Biology,6.0,1.5,Yes,76.3,8.9,Yes,4.0,1,5.1,11.5,Dorm,No,5,8,Kinesthetic,3.2,100,UCI_0175,11,10,10,13,13,14,Biology,Industrial-Organizational Psychologist,4.420969050439081,1,2,0,10.0
STU03090,20,Other,Computer Science,5.169332383524178,1.9,Yes,73.6,7.0,Yes,4.0,6,7.5,11.8,Cafe,No,10,10,Reading,3.8,100,UCI_0175,11,10,10,13,14,14,Computer Science,Curriculum Developer,4.768316924,1,1,0,10.0
STU03091,26,Female,Arts,4.6,0.5,No,78.4,7.5,No,3.63,8,2.3,6.7,Dorm,Yes,8,6,Reading,8.3,89,UCI_0175,10,11,10,15,15,15,Arts,School Psychologist,3.159279359065541,2,4,1,9.07
STU03092,23,Other,Engineering,2.2,1.9,No,74.1,6.5,Yes,3.68,5,3.4,9.1,Cafe,No,7,10,Visual,5.8,90,UCI_0175,9,10,10,14,15,15,Engineering,Artist,2.9683655082182487,0,2,1,9.2
STU03093,19,Other,Computer Science,5.720821950506451,1.1,No,56.8,7.1,Yes,3.25,3,5.5,7.6,Library,Yes,4,9,Reading,9.1,78,UCI_0175,10,12,10,13,14,14,Computer Science,Physical Chemist,3.462236844895303,1,3,1,8.12
STU03094,18,Male,Computer Science,6.013514599387166,4.1,No,56.8,8.3,No,3.72,1,6.2,12.4,Co-Learning Group,No,10,10,Auditory,1.0,96,UCI_0175,11,10,10,15,13,15,Computer Science,Civil Engineer,4.462798070663935,1,3,0,9.3
STU03095,17,Male,Engineering,4.8,3.1,No,77.9,4.7,No,3.93,5,4.4,11.0,Library,No,6,10,Auditory,2.9,100,UCI_0175,9,11,9,14,15,15,Engineering,Illustrator,3.687611393166635,0,0,1,9.83
STU03096,28,Male,Computer Science,2.9781887564344887,2.1,No,43.6,9.5,Yes,4.0,6,5.3,7.8,Library,No,1,6,Kinesthetic,8.3,100,UCI_0175,10,10,10,13,14,14,Computer Science,Interior Designer,3.775216457300359,0,1,1,10.0
STU03097,18,Female,Arts,1.3,2.8,Yes,64.7,5.6,No,3.34,1,4.3,7.5,Quiet Room,No,7,10,Kinesthetic,6.5,87,UCI_0151,10,11,11,13,12,13,Arts,Market Research Analyst,4.491055850306398,1,4,0,8.35
STU03098,19,Male,Engineering,6.1,4.1,No,75.3,5.9,Yes,4.0,5,5.3,11.1,Co-Learning Group,No,10,7,Auditory,3.9,100,UCI_0151,9,11,12,12,12,14,Engineering,Digital Marketing Specialist,3.0060755591880213,1,3,0,10.0
STU03099,25,Male,Business,3.1,0.9,Yes,64.7,6.7,Yes,4.0,6,5.9,8.6,Co-Learning Group,Yes,4,10,Reading,9.6,100,UCI_0151,10,10,10,14,11,12,Business,Fluid Mechanics Engineer,4.800636159137738,0,1,0,10.0
STU03100,17,Other,Psychology,6.3,1.3,No,77.8,9.6,Yes,4.0,8,3.3,11.4,Cafe,Yes,3,6,Auditory,5.7,91,UCI_0151,9,12,11,14,12,12,Psychology,Market Research Analyst,4.332794574229434,0,2,0,10.0
STU03101,18,Male,Engineering,4.5,2.3,No,59.0,8.1,No,4.0,6,3.2,11.4,Quiet Room,Yes,1,5,Kinesthetic,8.8,94,UCI_0151,9,10,10,13,11,12,Engineering,Credit Analyst,3.530985913899686,2,0,1,10.0
STU03102,25,Female,Psychology,6.2,3.8,No,69.5,7.6,No,3.51,2,6.9,12.3,Cafe,No,7,7,Visual,3.8,88,UCI_0151,10,11,12,13,12,13,Psychology,Financial Advisor,2.846188998266876,2,1,0,8.77
STU03103,17,Other,Biology,2.7,3.9,No,60.9,6.7,No,3.13,5,6.6,12.0,Dorm,No,2,10,Kinesthetic,2.3,83,UCI_0151,9,11,11,12,13,13,Biology,Graphic Designer,4.217476699938678,1,0,1,7.82
STU03104,25,Male,Arts,3.4,0.8,No,82.3,9.6,No,3.47,7,1.0,5.2,Dorm,Yes,6,10,Auditory,7.8,90,UCI_0151,11,10,12,13,13,13,Arts,Chemical Engineer,3.632071167040824,1,4,1,8.68
STU03105,27,Male,Computer Science,3.2179179460243708,1.4,Yes,45.5,5.9,Yes,4.0,5,3.3,8.3,Quiet Room,No,1,9,Visual,9.7,100,UCI_0151,10,10,12,12,11,13,Computer Science,Nurse,4.304304795653708,0,4,0,10.0
STU03106,27,Female,Arts,2.7,1.3,No,97.4,4.0,Yes,3.34,4,3.8,7.5,Cafe,Yes,4,8,Kinesthetic,9.3,88,UCI_0151,11,12,12,13,13,13,Arts,Organic Chemist,2.7071429785487666,2,2,1,8.35
STU03107,27,Male,Biology,2.2,0.4,No,63.2,6.8,Yes,2.64,5,7.1,4.6,Quiet Room,No,7,10,Visual,7.1,70,UCI_0145,9,11,11,13,13,13,Biology,School Psychologist,4.7996351817968685,2,0,0,6.6
STU03108,18,Other,Psychology,3.6,0.5,No,52.2,5.3,Yes,3.04,3,4.3,7.6,Library,Yes,10,9,Reading,7.1,76,UCI_0151,9,12,10,12,12,13,Psychology,Game Developer,3.763820578,1,4,1,7.6
STU03109,23,Female,Computer Science,6.702756549818737,0.4,Yes,61.4,7.4,Yes,3.04,6,3.5,9.7,Co-Learning Group,No,5,10,Visual,1.4,75,UCI_0151,9,11,10,13,13,14,Computer Science,Acoustics Specialist,3.773876583171529,1,2,1,7.6
STU03110,24,Male,Biology,0.0,1.7,Yes,72.7,6.1,No,2.27,7,6.1,6.0,Cafe,No,6,10,Reading,4.8,58,UCI_0026,6,9,8,10,11,12,Biology,Acoustics Specialist,4.944567652342556,1,2,1,5.67
STU03111,22,Female,Business,8.4,0.4,Yes,62.9,7.3,No,3.86,5,4.6,11.1,Library,No,1,8,Kinesthetic,6.1,94,UCI_0151,10,11,10,12,11,14,Business,Microbiologist,2.8398976561356992,0,3,1,9.65
STU03112,26,Other,Biology,2.1,0.4,Yes,82.4,6.0,Yes,2.3,7,8.6,6.3,Cafe,No,3,10,Visual,9.4,56,UCI_0031,8,12,11,11,11,10,Biology,Graphic Designer,2.784161090546929,1,0,0,5.75
STU03113,23,Other,Engineering,2.9,4.4,No,42.1,4.6,Yes,4.0,1,3.6,10.6,Cafe,No,9,5,Reading,9.2,100,UCI_0151,10,12,11,14,13,12,Engineering,Teacher,3.6000148996974484,1,1,0,10.0
STU03114,17,Female,Biology,1.7,2.1,No,57.3,7.4,No,2.78,5,5.1,8.8,Cafe,No,2,10,Kinesthetic,5.6,70,UCI_0151,11,11,12,13,12,13,Biology,Principal,4.839637965734379,1,1,1,6.95
STU03115,28,Female,Biology,5.8,2.9,No,95.6,6.9,No,3.5,4,2.9,10.8,Quiet Room,Yes,9,10,Kinesthetic,7.5,82,UCI_0151,11,10,12,12,13,12,Biology,Architect,4.360984750580078,2,4,0,8.75
STU03116,21,Female,Psychology,3.9,5.0,No,73.0,7.5,Yes,3.74,6,10.0,12.3,Library,No,8,10,Visual,2.3,93,UCI_0151,9,10,11,12,12,14,Psychology,Biologist,4.8419642332465225,2,1,1,9.35
STU03117,19,Male,Business,3.6,1.7,No,90.2,8.0,No,3.45,8,5.3,6.5,Quiet Room,Yes,6,10,Visual,5.3,82,UCI_0151,9,11,12,13,13,13,Business,Physical Chemist,2.6254710421609784,1,2,0,8.62
STU03118,20,Female,Business,0.1,4.7,No,41.4,9.5,Yes,2.81,5,5.8,9.8,Co-Learning Group,Yes,1,9,Auditory,2.0,72,UCI_0180,10,10,11,11,11,13,Business,Brand Manager,4.997616473497516,0,4,0,7.03
STU03119,25,Other,Computer Science,0.7907314424630237,3.6,No,55.9,4.3,No,2.44,4,5.4,5.8,Quiet Room,No,9,10,Visual,5.7,60,UCI_0266,10,9,9,15,12,13,Computer Science,Counselor,3.680461611508558,0,1,1,6.1
STU03120,23,Male,Business,1.7,3.4,No,70.3,6.8,No,4.0,6,4.4,7.8,Quiet Room,Yes,4,9,Auditory,9.6,100,UCI_0180,10,10,10,12,10,12,Business,Data Scientist,2.991369929,2,0,1,10.0
STU03121,19,Female,Computer Science,7.857709463309584,2.9,No,56.7,8.3,No,3.59,7,4.1,14.6,Cafe,Yes,5,10,Auditory,1.9,94,UCI_0180,9,11,11,12,11,12,Computer Science,Illustrator,3.3486554509805693,1,2,0,8.97
STU03122,17,Other,Biology,6.5,3.3,Yes,47.4,8.2,Yes,4.0,8,5.6,10.3,Co-Learning Group,No,8,5,Visual,1.6,100,UCI_0180,10,9,11,10,12,13,Biology,Financial Controller,4.846850309491192,1,4,1,10.0
STU03123,20,Female,Arts,2.8,4.5,No,95.1,5.6,No,2.87,4,4.3,9.6,Cafe,No,10,10,Kinesthetic,9.1,79,UCI_0180,9,11,11,10,11,12,Arts,Inorganic Chemist,3.8785331765160014,1,2,0,7.18
STU03124,17,Other,Business,4.8,2.9,No,41.8,6.6,No,4.0,3,3.4,10.2,Co-Learning Group,Yes,10,9,Kinesthetic,7.4,100,UCI_0180,11,10,12,12,12,13,Business,Construction Manager,4.349606666339303,2,0,1,10.0
STU03125,19,Female,Biology,4.0,3.0,No,81.0,5.2,Yes,4.0,6,6.7,11.5,Co-Learning Group,Yes,7,8,Auditory,1.7,100,UCI_0180,9,10,11,10,12,14,Biology,Entrepreneur,3.557105168403134,0,4,1,10.0
STU03126,24,Male,Business,7.2,4.0,No,53.6,4.0,Yes,3.25,3,7.8,15.5,Library,Yes,4,8,Reading,3.5,82,UCI_0180,10,11,12,10,11,14,Business,Legal Consultant,4.485336386279494,2,0,0,8.12
STU03127,16,Female,Psychology,7.9,2.1,No,77.7,4.6,Yes,4.0,2,3.6,11.3,Library,No,6,10,Visual,2.4,100,UCI_0180,10,11,11,10,11,13,Psychology,Music Therapist,4.487256615,0,0,1,10.0
STU03128,17,Other,Arts,0.9,4.6,Yes,98.7,6.8,Yes,2.15,7,5.5,8.1,Dorm,Yes,3,10,Visual,9.4,43,UCI_0287,7,8,9,12,14,13,Arts,Art Therapist,4.823042839233025,1,4,0,5.38
STU03129,28,Female,Psychology,3.2,1.3,No,45.3,6.9,Yes,3.09,4,5.8,7.9,Cafe,Yes,6,10,Auditory,4.3,81,UCI_0180,11,11,11,11,10,14,Psychology,Illustrator,4.827988192702378,1,3,0,7.72
STU03130,23,Male,Psychology,5.6,3.9,Yes,96.6,5.1,No,3.38,7,1.3,11.5,Dorm,Yes,4,10,Visual,7.3,79,UCI_0180,11,11,12,11,10,14,Psychology,Risk Analyst,4.089478266716293,0,2,0,8.45
STU03131,17,Other,Computer Science,7.859541371383367,2.5,No,88.3,8.2,Yes,4.0,2,3.3,12.7,Library,Yes,9,10,Visual,1.3,95,UCI_0180,10,11,12,10,11,13,Computer Science,Paralegal,2.7312210785490447,1,1,1,10.0
STU03132,21,Male,Arts,8.0,4.0,Yes,50.1,4.0,Yes,3.01,5,7.3,15.8,Library,No,7,10,Reading,3.4,80,UCI_0180,10,9,10,11,10,12,Arts,Astronomer,2.927836408543276,1,0,1,7.52
STU03133,21,Female,Engineering,7.2,4.5,Yes,91.8,8.7,No,4.0,2,7.8,13.1,Dorm,No,3,6,Visual,2.4,97,UCI_0180,9,11,10,11,10,13,Engineering,Advertising Manager,4.340551654431531,1,2,0,10.0
STU03134,24,Male,Engineering,7.6,1.0,Yes,92.6,7.8,No,4.0,1,5.5,10.8,Cafe,Yes,10,10,Visual,5.5,100,UCI_0180,9,9,11,12,10,13,Engineering,AI Researcher,2.592904965719541,1,0,0,10.0
STU03135,27,Other,Arts,3.8,1.0,No,52.4,8.6,No,4.0,1,1.0,7.0,Cafe,Yes,4,10,Reading,4.6,100,UCI_0180,11,10,12,10,12,12,Arts,Credit Analyst,3.937773889,0,1,1,10.0
STU03136,28,Other,Arts,4.9,1.6,No,94.0,6.3,No,3.41,7,5.4,10.1,Library,Yes,3,7,Reading,2.5,89,UCI_0180,10,10,10,12,12,12,Arts,Software Developer,2.704534255,1,0,0,8.53
STU03137,19,Male,Computer Science,2.855693216290532,3.8,Yes,84.7,6.3,No,4.0,4,4.4,11.4,Dorm,Yes,7,10,Visual,9.1,100,UCI_0180,9,11,11,10,12,14,Computer Science,Cybersecurity Analyst,2.9880213618265152,1,1,1,10.0
STU03138,21,Female,Computer Science,3.340056426296217,3.0,Yes,88.6,7.1,No,3.06,3,2.6,10.2,Cafe,No,9,10,Reading,9.5,76,UCI_0067,13,12,11,11,11,12,Computer Science,Advertising Manager,2.5095781092905565,2,3,1,7.65
STU03139,25,Other,Biology,4.6,0.4,No,76.1,6.5,No,3.89,4,4.6,9.1,Library,Yes,6,8,Kinesthetic,7.0,100,UCI_0067,12,12,11,11,12,12,Biology,Construction Manager,3.962834714504104,1,2,1,9.72
STU03140,25,Other,Psychology,1.1,2.2,No,96.8,7.5,No,3.51,8,1.5,6.9,Dorm,No,5,9,Reading,8.8,87,UCI_0067,14,13,11,12,13,12,Psychology,Civil Engineer,3.621770494687966,1,3,1,8.77
STU03141,23,Female,Engineering,5.2,4.7,No,87.7,5.8,Yes,4.0,2,4.9,11.9,Co-Learning Group,No,3,10,Visual,2.4,100,UCI_0067,12,14,13,11,11,11,Engineering,Psychologist,4.991004060214154,0,4,1,10.0
STU03142,18,Male,Computer Science,4.692191197775899,4.1,Yes,83.5,6.9,No,3.41,2,4.2,11.6,Cafe,Yes,1,10,Kinesthetic,7.0,88,UCI_0067,12,12,11,11,11,11,Computer Science,Pharmacist,3.790845918101419,0,2,1,8.53
STU03143,18,Female,Business,6.0,0.7,Yes,74.3,7.2,Yes,3.24,8,3.9,11.1,Co-Learning Group,No,6,10,Kinesthetic,4.4,81,UCI_0067,14,14,11,12,13,12,Business,Social Media Manager,4.518703483902227,1,2,0,8.1
STU03144,27,Male,Biology,3.6,4.3,No,62.0,7.3,No,4.0,4,2.9,11.5,Library,Yes,5,5,Visual,1.7,98,UCI_0067,13,13,11,11,13,12,Biology,Ecologist,2.655746344975994,2,4,1,10.0
STU03145,25,Female,Biology,3.3,3.9,No,96.0,7.7,Yes,2.72,6,4.7,10.0,Cafe,Yes,8,10,Reading,8.1,68,UCI_0067,13,12,13,10,13,11,Biology,Accountant,3.079459469292483,0,2,1,6.8
STU03146,23,Male,Engineering,7.3,4.2,No,84.4,7.3,Yes,4.0,1,2.8,13.7,Dorm,No,1,10,Kinesthetic,8.5,100,UCI_0067,12,12,12,12,12,11,Engineering,Software Developer,3.853322991316309,2,1,1,10.0
STU03147,19,Other,Psychology,4.7,2.1,Yes,65.8,9.7,No,4.0,2,6.0,8.2,Library,No,6,10,Visual,2.8,95,UCI_0067,12,12,12,12,13,13,Psychology,Industrial-Organizational Psychologist,2.688200153147674,0,2,0,10.0
STU03148,23,Female,Psychology,4.3,5.0,Yes,98.6,8.8,Yes,3.44,5,7.6,11.2,Dorm,No,6,9,Reading,2.4,90,UCI_0067,12,13,11,11,12,13,Psychology,Surgeon,2.8296370081547915,0,3,0,8.6
STU03149,26,Female,Engineering,2.3,4.1,No,94.3,8.6,Yes,4.0,1,5.5,6.8,Dorm,No,9,5,Auditory,3.9,98,UCI_0067,13,12,12,11,12,11,Engineering,Cybersecurity Analyst,2.7211839782494067,0,3,1,10.0
STU03150,17,Female,Psychology,2.3,0.9,Yes,43.1,5.8,Yes,2.23,2,7.3,4.7,Cafe,No,10,10,Reading,4.7,52,UCI_0099,8,10,11,12,13,11,Psychology,Biochemist,2.7839448775378632,1,0,0,5.58
STU03151,22,Other,Arts,3.3,4.9,Yes,89.5,6.4,Yes,2.92,6,5.1,9.8,Dorm,No,9,8,Kinesthetic,1.8,70,UCI_0067,14,13,13,12,12,12,Arts,Architect,4.242594005,1,4,0,7.3
STU03152,19,Male,Biology,3.1,1.4,No,52.1,6.9,No,3.59,2,2.4,8.5,Quiet Room,Yes,7,6,Auditory,3.3,98,UCI_0067,14,13,12,11,12,11,Biology,Ecologist,2.700140973624852,1,3,1,8.97
STU03153,24,Male,Computer Science,5.150483546828099,2.4,Yes,77.9,10.0,No,3.94,6,5.3,8.9,Co-Learning Group,No,2,10,Reading,5.1,100,UCI_0067,12,14,12,11,11,13,Computer Science,Chemist,2.8182649639240984,2,3,1,9.85
STU03154,16,Male,Arts,3.5,1.5,No,47.5,8.5,Yes,4.0,1,3.7,8.0,Co-Learning Group,No,6,5,Visual,4.5,100,UCI_0067,13,12,11,11,12,11,Arts,Music Therapist,3.1082325417763066,1,3,0,10.0
STU03155,28,Other,Engineering,4.0,3.3,Yes,84.9,9.6,No,3.23,4,5.5,11.1,Dorm,Yes,10,5,Reading,1.1,72,UCI_0047,10,11,10,14,12,13,Engineering,Physician Assistant,3.128428314,2,0,0,8.07
STU03156,26,Male,Engineering,6.3,2.4,No,80.0,7.9,Yes,2.84,5,3.2,13.0,Library,No,3,10,Visual,6.9,69,UCI_0047,10,12,12,14,12,12,Engineering,Data Scientist,3.881602952793253,0,2,0,7.1
STU03157,16,Female,Engineering,2.4,0.1,Yes,53.7,7.6,Yes,4.0,3,5.0,7.3,Co-Learning Group,Yes,6,5,Reading,9.2,100,UCI_0047,11,11,10,14,13,14,Engineering,Nuclear Physicist,3.723386812561656,0,0,1,10.0
STU03158,27,Female,Arts,5.3,4.9,No,88.4,7.4,Yes,4.0,8,3.1,14.4,Co-Learning Group,No,2,5,Kinesthetic,4.6,95,UCI_0047,11,13,11,12,11,12,Arts,Forensic Psychologist,3.359704047652337,2,4,0,10.0
STU03159,17,Male,Engineering,3.5,0.8,Yes,67.8,7.7,No,4.0,8,6.1,7.1,Library,No,8,6,Auditory,4.7,97,UCI_0047,12,11,12,14,12,14,Engineering,Digital Marketing Specialist,4.937708152027163,0,3,1,10.0
STU03160,19,Other,Biology,5.0,4.4,Yes,61.9,9.3,No,3.59,1,3.8,10.7,Quiet Room,No,10,6,Visual,9.6,86,UCI_0047,10,12,10,12,11,14,Biology,Inorganic Chemist,4.108679582,2,2,0,8.97
STU03161,18,Other,Psychology,5.6,1.2,No,94.9,6.2,Yes,3.74,5,5.8,8.0,Cafe,No,10,7,Kinesthetic,4.2,92,UCI_0047,12,13,12,14,13,12,Psychology,Music Teacher,3.622034050260332,0,0,0,9.35
STU03162,17,Other,Arts,4.6,2.9,Yes,56.1,7.1,No,4.0,8,6.5,9.3,Library,Yes,4,10,Kinesthetic,3.0,100,UCI_0047,12,13,10,12,13,14,Arts,Acoustics Specialist,2.850100871049182,0,2,0,10.0
STU03163,28,Other,Business,4.2,1.5,No,57.9,6.1,Yes,4.0,3,4.7,7.5,Cafe,No,3,7,Kinesthetic,1.6,97,UCI_0047,10,11,11,12,13,13,Business,Mechanical Engineer,2.866556365821346,0,4,0,10.0
STU03164,16,Male,Engineering,3.9,0.4,Yes,98.1,7.3,Yes,4.0,5,5.3,8.6,Quiet Room,No,4,10,Visual,6.3,93,UCI_0047,10,13,12,14,13,12,Engineering,Acoustics Specialist,3.172316279547319,1,4,1,10.0
STU03165,19,Male,Business,1.6,4.8,No,49.4,6.0,Yes,4.0,8,3.9,11.2,Library,Yes,8,10,Kinesthetic,4.5,100,UCI_0047,12,13,12,12,12,14,Business,Graphic Designer,4.561071082669169,0,0,0,10.0
STU03166,21,Other,Arts,1.0,4.7,Yes,83.3,6.9,No,3.31,6,2.3,10.5,Co-Learning Group,No,10,10,Auditory,1.7,83,UCI_0047,10,12,12,14,12,14,Arts,Construction Manager,4.505885407183003,2,0,0,8.28
STU03167,22,Other,Arts,3.6,3.9,No,70.6,5.8,No,3.71,7,2.4,10.1,Cafe,No,6,10,Kinesthetic,4.1,97,UCI_0047,12,13,10,12,11,13,Arts,Animator,4.777232700461173,0,3,1,9.28
STU03168,19,Other,Arts,0.7,2.7,Yes,98.5,6.2,No,2.28,8,7.3,7.1,Cafe,No,2,8,Visual,4.7,61,UCI_0129,13,13,12,9,9,9,Arts,Industrial-Organizational Psychologist,2.881888780269991,0,4,1,5.7
STU03169,26,Other,Biology,3.5,3.8,Yes,40.7,8.7,No,4.0,8,5.6,10.0,Co-Learning Group,No,1,5,Auditory,8.5,95,UCI_0047,10,13,10,14,12,14,Biology,Nurse,4.719535198003263,1,4,1,10.0
STU03170,17,Male,Arts,4.9,0.1,Yes,75.1,7.5,No,3.19,4,6.9,7.1,Dorm,Yes,4,9,Visual,7.4,74,UCI_0047,10,11,12,13,12,12,Arts,Software Developer,2.704534255,1,0,0,7.97
STU03171,26,Female,Biology,5.3,4.3,Yes,98.9,6.1,Yes,4.0,7,4.2,12.6,Library,Yes,1,7,Visual,9.2,98,UCI_0119,16,14,17,9,8,8,Biology,Entrepreneur,3.557105168403134,0,4,1,10.0
STU03172,16,Female,Computer Science,5.729126211986465,2.2,No,42.1,6.8,Yes,4.0,3,6.1,11.5,Co-Learning Group,Yes,2,10,Kinesthetic,6.0,95,UCI_0119,15,15,17,9,9,8,Computer Science,Illustrator,3.724694227361851,1,2,0,10.0
STU03173,28,Other,Arts,8.4,2.2,No,93.2,7.3,Yes,3.85,2,6.9,13.3,Library,No,9,7,Visual,5.2,96,UCI_0119,14,16,15,8,8,8,Arts,Landscape Architect,4.474534296871223,1,2,1,9.62
STU03174,25,Male,Computer Science,4.410117048866667,4.1,No,97.9,7.3,Yes,3.72,5,6.3,11.3,Quiet Room,No,3,9,Visual,8.4,90,UCI_0119,15,16,17,10,8,9,Computer Science,Entrepreneur,3.601971535905164,1,2,1,9.3
STU03175,19,Other,Computer Science,3.5903871930616766,3.4,Yes,77.6,6.5,No,3.84,8,7.0,9.0,Library,No,6,8,Visual,6.0,100,UCI_0119,14,14,16,9,8,9,Computer Science,Digital Marketing Specialist,3.894623600133464,2,2,0,9.6
STU03176,22,Male,Arts,4.6,1.6,No,78.7,8.5,Yes,4.0,6,1.6,9.7,Cafe,Yes,4,10,Kinesthetic,3.4,100,UCI_0119,14,15,16,9,9,9,Arts,Biologist,4.150735824408959,2,2,1,10.0
STU03177,24,Other,Engineering,4.7,1.3,No,49.6,8.5,No,3.53,7,4.1,8.2,Dorm,Yes,1,10,Visual,5.9,90,UCI_0119,15,14,17,10,8,9,Engineering,Physical Chemist,4.704557682812567,0,2,0,8.82
STU03178,26,Male,Computer Science,4.054860247916979,1.9,Yes,61.0,9.4,Yes,2.96,2,4.4,8.5,Dorm,Yes,6,10,Visual,8.7,75,UCI_0119,15,14,15,10,8,8,Computer Science,Special Education Teacher,4.378898512867637,1,0,0,7.4
STU03179,27,Female,Computer Science,6.299911288,1.9,No,56.2,9.6,No,3.57,3,3.2,10.9,Dorm,Yes,6,8,Kinesthetic,2.1,82,UCI_0119,16,16,16,10,8,9,Computer Science,School Counselor,4.344768245042317,0,2,1,8.92
STU03180,21,Male,Psychology,2.9,3.3,No,90.8,4.1,No,2.95,3,8.4,10.1,Quiet Room,No,5,7,Kinesthetic,3.5,75,UCI_0119,14,14,17,10,10,9,Psychology,Data Scientist,3.2123929781758944,0,0,1,7.38
STU03181,18,Male,Arts,3.9,4.6,No,94.3,7.3,No,4.0,7,2.8,12.1,Library,No,10,10,Kinesthetic,1.4,100,UCI_0119,14,16,16,9,9,9,Arts,Electrical Engineer,3.7185864805063007,0,3,0,10.0
STU03182,20,Male,Computer Science,7.863191954546152,2.4,No,79.0,7.2,Yes,3.5,4,5.0,11.2,Quiet Room,No,9,10,Auditory,2.4,82,UCI_0119,16,16,15,8,9,7,Computer Science,Urban Planner,3.340118267595602,1,3,1,8.75
STU03183,21,Female,Biology,5.6,2.9,Yes,51.2,6.8,No,3.73,1,3.2,12.2,Cafe,Yes,6,8,Visual,8.3,100,UCI_0119,16,16,16,10,8,9,Biology,Urban Planner,4.673782699641756,1,1,0,9.32
STU03184,17,Male,Psychology,2.5,4.8,No,49.6,8.2,No,4.0,7,3.9,9.4,Library,No,5,10,Kinesthetic,2.2,100,UCI_0119,15,15,15,8,8,8,Psychology,Manager,2.835205305884371,2,1,0,10.0
STU03185,28,Other,Biology,3.5,4.3,Yes,44.6,8.4,Yes,3.56,2,5.1,10.1,Cafe,Yes,9,7,Auditory,9.5,97,UCI_0119,14,14,16,10,8,8,Biology,Advertising Manager,3.873943772910578,1,0,0,8.9
STU03186,18,Male,Psychology,1.8,4.0,No,83.9,5.2,No,3.58,7,8.9,8.4,Co-Learning Group,Yes,4,9,Reading,2.1,90,UCI_0119,16,15,15,8,10,8,Psychology,Clinical Psychologist,4.9793641760897565,0,0,0,8.95
STU03187,19,Female,Arts,2.0,4.0,Yes,99.8,5.0,No,4.0,2,3.2,7.8,Co-Learning Group,Yes,9,8,Reading,9.1,98,UCI_0119,14,16,15,8,9,9,Arts,Special Education Teacher,4.222769439,0,0,0,10.0
STU03188,20,Other,Business,3.0,4.0,Yes,44.8,6.3,No,2.75,8,7.4,11.6,Dorm,Yes,5,8,Auditory,7.2,68,UCI_0146,13,13,13,10,12,10,Business,Social Media Manager,2.7823628771512587,1,3,1,6.88
STU03189,28,Other,Business,5.1,1.1,Yes,64.7,8.8,No,3.89,7,6.3,9.3,Quiet Room,Yes,6,9,Visual,5.7,100,UCI_0146,15,15,12,10,11,10,Business,Clinical Psychologist,4.109692361805275,1,4,1,9.72
STU03190,17,Other,Engineering,3.0,3.8,Yes,90.1,4.1,Yes,3.13,8,5.1,8.0,Library,Yes,6,9,Reading,6.5,86,UCI_0146,13,15,14,10,10,10,Engineering,Nuclear Physicist,4.471728148764962,0,1,1,7.82
STU03191,16,Female,Computer Science,5.732789855,1.8,Yes,80.7,5.6,Yes,4.0,5,3.3,9.5,Dorm,No,5,9,Visual,6.3,92,UCI_0146,15,14,13,9,12,11,Computer Science,Architectural Technologist,4.421195925059066,0,3,0,10.0
STU03192,28,Male,Computer Science,4.189064633,3.5,No,42.7,5.2,Yes,3.72,8,2.5,10.6,Cafe,No,6,10,Visual,3.4,99,UCI_0146,14,15,13,11,11,11,Computer Science,Industrial-Organizational Psychologist,4.239865123909302,1,4,0,9.3
STU03193,17,Male,Computer Science,4.795923440995431,1.3,Yes,66.9,8.4,Yes,3.08,5,4.0,10.0,Quiet Room,Yes,7,10,Auditory,4.4,90,UCI_0146,15,14,14,9,12,11,Computer Science,Marketing Manager,4.836326524620969,2,2,0,7.7
STU03194,20,Female,Engineering,2.2,2.3,Yes,87.4,7.2,No,4.0,5,5.9,8.1,Dorm,No,9,10,Visual,3.9,100,UCI_0146,13,13,14,10,12,10,Engineering,Interior Designer,3.051281363601992,0,0,1,10.0
STU03195,24,Male,Biology,7.1,3.4,No,75.1,5.9,Yes,4.0,2,4.4,15.9,Cafe,Yes,3,9,Kinesthetic,2.3,100,UCI_0146,13,15,13,11,12,11,Biology,School Psychologist,4.420675706748641,0,0,0,10.0
STU03196,19,Female,Biology,2.5,2.8,No,63.7,5.7,No,4.0,7,5.1,6.7,Co-Learning Group,No,3,7,Reading,8.2,97,UCI_0146,15,15,12,9,10,12,Biology,Urban Planner,4.89606329,0,3,0,10.0
STU03197,21,Other,Computer Science,7.1650542453326205,0.7,Yes,87.9,6.4,No,3.99,3,7.1,10.9,Dorm,No,6,5,Auditory,5.4,100,UCI_0146,13,13,13,9,10,12,Computer Science,Marketing Manager,3.814795698854884,1,1,1,9.98
STU03198,18,Female,Arts,5.1,1.2,No,57.0,9.2,No,2.8,2,4.8,9.3,Co-Learning Group,No,3,10,Auditory,5.3,66,UCI_0146,15,14,14,10,11,11,Arts,Industrial-Organizational Psychologist,3.045013588257845,2,4,0,7.0
STU03199,21,Female,Arts,1.8,4.6,No,41.7,7.8,Yes,4.0,2,2.8,9.9,Dorm,No,5,8,Auditory,8.1,100,UCI_0146,15,13,13,9,12,11,Arts,Sound Engineer,3.1962988647635147,0,4,0,10.0
STU03200,23,Male,Business,4.6,2.7,Yes,48.5,8.7,No,4.0,6,5.5,10.5,Cafe,Yes,9,6,Visual,10.0,96,UCI_0146,13,14,13,9,12,11,Business,Industrial-Organizational Psychologist,3.278870860203908,1,4,1,10.0
STU03201,26,Male,Engineering,4.0,1.0,No,56.5,7.4,Yes,3.64,3,2.4,7.7,Dorm,Yes,4,6,Kinesthetic,5.4,88,UCI_0146,13,14,13,10,10,12,Engineering,Entrepreneur,3.667634965031095,2,1,1,9.1
STU03202,18,Female,Computer Science,6.220474408802668,3.6,Yes,75.4,4.0,Yes,2.89,2,10.0,10.5,Co-Learning Group,No,2,8,Kinesthetic,2.5,67,UCI_0029,11,11,12,12,11,13,Computer Science,Urban Planner,3.340118267595602,1,3,1,7.23
STU03203,21,Female,Arts,10.9,1.7,Yes,49.0,7.5,Yes,4.0,2,3.1,14.3,Cafe,No,10,7,Visual,6.7,100,UCI_0029,11,10,10,11,13,12,Arts,Marketing Manager,4.371014254681816,1,3,0,10.0
STU03204,20,Female,Engineering,7.5,3.6,No,77.5,6.0,Yes,3.72,7,1.7,15.4,Cafe,Yes,5,6,Auditory,4.4,90,UCI_0029,11,12,11,11,13,13,Engineering,Animator,4.0955425846804365,2,1,1,9.3
STU03205,20,Female,Computer Science,3.3683185222852403,1.6,No,73.2,5.5,No,4.0,2,5.6,8.6,Quiet Room,No,2,8,Reading,4.1,100,UCI_0029,10,11,10,12,11,14,Computer Science,Investment Banker,3.9348414103394274,0,1,1,10.0
STU03206,22,Male,Engineering,7.3,3.3,Yes,89.6,7.5,No,3.01,3,2.8,11.9,Dorm,Yes,3,10,Reading,3.2,81,UCI_0029,12,12,12,11,11,14,Engineering,Financial Analyst,3.0822836015984056,2,2,0,7.52
STU03207,26,Male,Business,2.7,0.6,Yes,45.0,5.9,No,2.64,7,5.9,6.4,Dorm,Yes,7,9,Auditory,4.6,64,UCI_0319,9,12,11,13,14,13,Business,Graphic Designer,4.234772924152148,2,2,0,6.6
STU03208,18,Male,Biology,0.0,0.4,No,58.4,6.6,Yes,4.0,2,3.2,5.8,Quiet Room,Yes,8,10,Reading,5.4,100,UCI_0029,11,12,11,13,13,12,Biology,Human Resources Specialist,3.506086495419217,0,3,0,10.0
STU03209,23,Female,Business,8.6,1.1,Yes,98.4,6.3,No,4.0,6,6.6,11.2,Library,Yes,2,10,Auditory,4.1,100,UCI_0029,12,10,10,13,13,12,Business,Paralegal,2.521193322,2,3,0,10.0
STU03210,17,Male,Engineering,2.4,2.1,Yes,69.1,7.3,No,3.15,8,9.3,6.2,Library,No,10,10,Reading,3.2,77,UCI_0029,11,11,11,13,11,14,Engineering,Lawyer,3.424039213269898,0,2,0,7.88
STU03211,28,Female,Computer Science,3.4720065768053927,3.2,Yes,66.7,7.9,Yes,3.26,6,6.5,10.7,Dorm,No,8,10,Visual,7.7,77,UCI_0029,10,10,11,11,12,13,Computer Science,Aerospace Engineer,3.2007119263771475,1,4,1,8.15
STU03212,21,Male,Engineering,2.8,4.4,No,51.5,10.0,No,3.38,6,3.1,10.4,Cafe,No,5,10,Kinesthetic,2.7,86,UCI_0029,11,10,12,11,11,13,Engineering,Dentist,4.611494094,1,2,0,8.45
STU03213,24,Male,Arts,6.8,3.2,No,79.9,4.0,Yes,4.0,6,4.3,14.7,Co-Learning Group,Yes,7,9,Visual,4.5,100,UCI_0029,12,11,12,13,13,12,Arts,Lawyer,4.898130412438209,0,4,0,10.0
STU03214,23,Male,Psychology,5.0,3.6,Yes,79.2,6.2,No,4.0,7,3.5,10.6,Library,No,9,9,Auditory,5.2,96,UCI_0029,12,10,12,13,11,12,Psychology,Manager,2.835205305884371,2,1,0,10.0
STU03215,27,Other,Arts,1.4,4.8,Yes,89.5,5.3,No,2.73,7,6.4,7.4,Dorm,Yes,5,8,Auditory,3.0,67,UCI_0029,12,10,12,12,12,14,Arts,Legal Secretary,3.602642718815659,2,0,0,6.83
STU03216,27,Female,Engineering,4.7,2.8,Yes,99.7,9.0,No,3.09,3,3.0,9.0,Cafe,Yes,5,10,Reading,4.7,73,UCI_0029,10,11,12,11,11,12,Engineering,Physician Assistant,3.128428314,2,0,0,7.72
STU03217,22,Male,Arts,1.5,4.7,No,57.2,10.5,Yes,3.18,2,8.6,7.0,Cafe,Yes,1,9,Kinesthetic,9.7,75,UCI_0029,11,10,10,13,12,13,Arts,Cybersecurity Analyst,4.694447963857047,1,2,0,7.95
STU03218,17,Male,Psychology,3.3,1.2,Yes,76.0,6.4,Yes,3.37,3,2.8,7.9,Cafe,No,5,7,Visual,1.9,87,UCI_0145,9,12,11,13,14,12,Psychology,Electrical Engineer,3.803314180091224,1,4,0,8.43
STU03219,18,Other,Engineering,4.9,1.4,No,62.6,6.3,Yes,4.0,6,2.2,8.2,Co-Learning Group,Yes,3,9,Reading,9.1,88,UCI_0145,9,12,11,14,14,13,Engineering,Data Scientist,4.918724411349347,2,3,0,10.0
STU03220,19,Male,Arts,3.9,3.8,No,50.7,8.1,No,3.83,5,4.1,11.7,Library,Yes,4,5,Visual,4.4,97,UCI_0145,10,10,10,14,12,13,Arts,Geneticist,3.944813586289899,1,2,0,9.57
STU03221,27,Male,Computer Science,7.702596166915306,1.1,Yes,100.0,4.3,Yes,4.0,4,2.8,12.0,Cafe,No,5,6,Kinesthetic,4.9,100,UCI_0145,9,11,12,12,13,12,Computer Science,Advertising Manager,2.715725240468519,1,2,0,10.0
STU03222,27,Other,Engineering,5.1,3.6,No,51.8,6.5,No,3.37,7,6.0,10.9,Co-Learning Group,No,2,10,Reading,1.3,76,UCI_0145,8,10,12,12,14,13,Engineering,Advertising Manager,4.048454688916041,1,3,0,8.43
STU03223,26,Other,Arts,4.0,2.2,No,65.9,8.1,Yes,3.6,7,6.4,8.4,Co-Learning Group,Yes,7,9,Auditory,1.7,91,UCI_0145,9,12,12,12,14,14,Arts,Industrial-Organizational Psychologist,4.991493787169184,0,4,1,9.0
STU03224,27,Female,Psychology,2.7,2.7,No,53.2,8.4,No,3.86,3,3.4,9.7,Dorm,Yes,9,7,Visual,9.5,100,UCI_0145,10,10,11,13,13,13,Psychology,Human Resources Specialist,4.132544940364416,0,3,1,9.65
STU03225,16,Other,Biology,5.0,1.8,Yes,57.7,6.5,No,3.24,8,6.5,7.9,Cafe,Yes,4,8,Kinesthetic,6.5,89,UCI_0145,9,11,11,14,14,12,Biology,Illustrator,4.587873433308494,2,3,0,8.1
STU03226,17,Other,Arts,5.7,1.9,No,71.8,5.6,Yes,3.04,1,7.2,10.1,Dorm,No,2,10,Reading,7.4,81,UCI_0145,9,12,11,14,12,13,Arts,Biomedical Engineer,4.917084751273949,1,0,0,7.6
STU03227,17,Female,Psychology,6.9,2.9,Yes,79.2,4.3,No,2.93,8,5.3,14.9,Cafe,Yes,6,10,Reading,6.9,76,UCI_0145,10,12,11,13,13,14,Psychology,Nurse,4.653937282716594,0,2,1,7.33
STU03228,27,Male,Business,4.5,0.2,No,87.2,7.9,No,3.3,6,5.3,5.5,Co-Learning Group,Yes,4,8,Auditory,2.4,91,UCI_0145,9,10,10,13,14,13,Business,Surgeon,2.613645821777072,2,1,0,8.25
STU03229,16,Male,Computer Science,4.118991280041096,2.8,Yes,50.2,8.4,Yes,3.27,7,5.1,9.8,Quiet Room,No,5,10,Reading,9.8,82,UCI_0145,10,12,11,14,13,13,Computer Science,Data Scientist,3.3925202357336097,2,2,1,8.18
STU03230,22,Other,Engineering,0.0,4.9,No,93.8,6.9,No,3.68,4,2.7,9.6,Library,No,4,9,Auditory,3.5,93,UCI_0145,10,11,11,13,14,12,Engineering,Game Developer,4.963642052271316,2,3,0,9.2
STU03231,18,Other,Arts,5.3,1.3,No,80.6,6.8,Yes,3.67,1,4.4,7.3,Library,Yes,6,10,Auditory,4.4,84,UCI_0145,8,11,10,13,13,13,Arts,Accountant,3.651336220847661,2,1,1,9.18
STU03232,16,Female,Biology,3.7,2.6,No,81.4,4.0,No,4.0,2,5.8,10.1,Co-Learning Group,No,2,5,Auditory,9.7,90,UCI_0145,8,10,11,14,14,13,Biology,Market Research Analyst,2.626020329769576,1,4,0,10.0
STU03233,26,Other,Biology,1.1,4.3,No,50.6,8.2,Yes,3.21,6,6.2,7.9,Quiet Room,No,3,10,Reading,7.2,84,UCI_0145,8,10,11,12,14,13,Biology,Financial Advisor,4.276321021448432,2,4,0,8.03
STU03234,17,Other,Business,6.0,4.4,No,75.4,7.6,No,4.0,5,3.6,14.4,Cafe,Yes,3,5,Kinesthetic,1.1,100,UCI_0145,10,10,11,14,12,14,Business,Electrical Engineer,4.809164387366743,1,0,0,10.0
STU03235,28,Female,Business,5.8,1.0,Yes,98.6,8.0,No,3.98,1,1.3,11.3,Library,Yes,9,7,Auditory,6.2,92,UCI_0378,7,9,8,15,15,16,Business,Cybersecurity Analyst,4.170469629363114,2,3,0,9.95
STU03236,22,Female,Computer Science,5.456714135776904,1.0,Yes,85.1,5.2,Yes,3.9,5,3.8,10.7,Co-Learning Group,No,1,5,Auditory,7.6,99,UCI_0378,7,9,8,16,16,15,Computer Science,Social Media Manager,3.1363828074577627,0,0,1,9.75
STU03237,26,Other,Engineering,4.8,4.9,No,84.6,8.0,Yes,4.0,6,4.6,13.6,Quiet Room,No,8,10,Auditory,6.5,96,UCI_0378,8,10,9,16,15,15,Engineering,Industrial-Organizational Psychologist,4.129685458165527,1,4,1,10.0
STU03238,27,Female,Biology,7.2,1.7,Yes,75.0,5.6,No,2.71,7,4.6,13.5,Dorm,No,4,10,Visual,9.7,68,UCI_0378,7,9,7,14,15,15,Biology,Curriculum Developer,2.718729869114411,0,0,1,6.78
STU03239,22,Other,Biology,7.9,0.9,Yes,61.3,8.1,No,4.0,8,3.2,12.6,Co-Learning Group,No,10,8,Visual,1.9,100,UCI_0378,8,9,9,15,14,16,Biology,Mechanical Engineer,4.2776520053924205,1,4,0,10.0
STU03240,27,Other,Biology,3.1,0.5,No,96.1,8.9,No,3.6,6,2.8,4.9,Co-Learning Group,No,4,10,Kinesthetic,2.4,88,UCI_0378,8,9,8,15,14,17,Biology,Actuary,4.142804960514647,2,2,1,9.0
STU03241,28,Other,Arts,1.1,1.4,No,90.3,5.6,Yes,4.0,3,3.5,6.2,Co-Learning Group,Yes,9,8,Visual,5.9,93,UCI_0378,8,9,8,16,15,16,Arts,Construction Manager,3.390186849297403,1,3,1,10.0
STU03242,24,Other,Arts,3.8,0.3,No,55.0,5.9,Yes,2.75,4,2.7,7.8,Library,No,7,10,Kinesthetic,7.1,77,UCI_0378,8,8,7,15,16,16,Arts,Paralegal,2.6213899958507763,0,0,1,6.88
STU03243,27,Male,Biology,6.7,1.4,No,96.4,5.8,No,3.98,1,5.0,12.1,Co-Learning Group,No,8,10,Visual,5.5,100,UCI_0378,8,8,8,14,14,16,Biology,Counselor,2.673185053634445,2,2,0,9.95
STU03244,18,Male,Psychology,7.7,0.5,Yes,77.0,5.5,Yes,4.0,6,5.1,12.5,Cafe,No,10,5,Reading,7.2,100,UCI_0378,7,8,8,15,16,15,Psychology,Investment Banker,4.422308332569629,1,2,0,10.0
STU03245,18,Male,Biology,3.0,2.3,Yes,74.0,6.6,Yes,3.93,5,3.9,9.0,Dorm,No,5,10,Auditory,5.2,100,UCI_0378,8,9,9,15,14,15,Biology,Credit Analyst,3.664719656961265,2,3,0,9.83
STU03246,18,Male,Psychology,3.9,2.0,Yes,76.2,9.2,No,4.0,5,5.0,9.6,Quiet Room,Yes,9,6,Auditory,3.5,94,UCI_0378,8,10,8,15,14,17,Psychology,Electrical Engineer,2.7485722729608884,2,0,0,10.0
STU03247,28,Female,Biology,5.5,3.7,No,58.4,11.5,Yes,3.76,8,5.6,11.2,Cafe,No,3,8,Kinesthetic,3.7,100,UCI_0378,8,9,8,16,15,17,Biology,Credit Analyst,2.820656328611776,0,1,0,9.4
STU03248,19,Female,Computer Science,5.962206155869109,0.3,No,78.4,5.4,Yes,3.34,2,5.7,8.0,Cafe,No,10,6,Auditory,5.1,82,UCI_0378,7,9,7,15,16,17,Computer Science,Physicist,2.7521639002635165,0,0,0,8.35
STU03249,27,Male,Computer Science,1.043768890473927,4.5,Yes,84.7,5.0,Yes,3.82,4,3.6,6.3,Library,No,4,10,Kinesthetic,2.7,100,UCI_0378,8,10,9,14,15,16,Computer Science,Astronomer,2.5158239354015177,0,2,0,9.55
STU03250,20,Other,Computer Science,1.525338574565518,2.3,No,64.4,7.2,Yes,3.89,3,3.7,6.6,Cafe,Yes,9,6,Reading,6.1,93,UCI_0378,7,8,9,16,15,17,Computer Science,Interior Designer,3.272845118630083,2,1,0,9.72
STU03251,19,Male,Computer Science,5.586202935233636,2.8,Yes,94.2,6.9,No,4.0,2,1.5,11.2,Co-Learning Group,Yes,9,9,Reading,4.7,100,UCI_0378,7,8,8,14,16,17,Computer Science,Geneticist,4.459975685318261,2,4,1,10.0
STU03252,27,Female,Business,1.8,0.6,Yes,94.2,5.1,Yes,3.77,3,2.3,3.5,Library,Yes,10,9,Kinesthetic,8.4,93,UCI_0378,8,9,8,16,16,15,Business,Zoologist,3.6234650901994794,2,0,0,9.43
STU03253,25,Male,Arts,0.5,0.5,Yes,46.5,6.6,No,3.85,1,3.6,4.5,Dorm,Yes,1,10,Auditory,7.0,93,UCI_0352,10,10,11,15,12,15,Arts,Legal Secretary,3.687127941487546,2,1,0,9.62
STU03254,22,Other,Engineering,8.1,4.1,No,92.2,5.7,Yes,4.0,3,3.1,15.7,Library,Yes,5,10,Visual,4.7,98,UCI_0352,10,9,10,13,14,15,Engineering,Composer,2.540810429429778,1,1,1,10.0
STU03255,23,Female,Biology,3.6,4.7,Yes,58.5,6.6,Yes,4.0,2,2.8,12.5,Cafe,Yes,2,10,Reading,5.1,100,UCI_0352,11,10,10,14,14,13,Biology,Special Education Teacher,3.3809568774416,0,1,1,10.0
STU03256,25,Female,Computer Science,1.383154608342961,2.9,No,90.6,6.8,No,2.8,5,6.4,6.5,Co-Learning Group,No,5,10,Auditory,1.7,82,UCI_0352,11,10,10,15,12,13,Computer Science,Software Developer,3.0301361868220797,1,4,1,7.0
STU03257,18,Male,Engineering,2.9,3.3,Yes,66.9,9.0,Yes,4.0,4,3.6,9.8,Dorm,No,5,7,Visual,5.9,100,UCI_0352,9,11,9,14,12,15,Engineering,Financial Advisor,4.602415735308973,0,4,0,10.0
STU03258,26,Male,Computer Science,7.025296397664593,1.8,Yes,84.8,6.4,Yes,3.45,2,4.1,14.6,Cafe,Yes,10,6,Kinesthetic,1.3,91,UCI_0352,11,10,9,14,14,15,Computer Science,School Psychologist,2.992443143,1,3,1,8.62
STU03259,25,Other,Biology,3.9,0.1,Yes,87.6,4.6,Yes,4.0,3,3.0,7.6,Quiet Room,Yes,7,10,Auditory,3.7,100,UCI_0352,10,10,10,13,12,15,Biology,Market Research Analyst,2.680021763397304,2,3,0,10.0
STU03260,18,Female,Engineering,6.7,0.2,Yes,62.8,6.7,No,4.0,4,4.0,10.4,Dorm,No,7,10,Kinesthetic,6.9,100,UCI_0352,10,11,10,14,13,15,Engineering,Graphic Designer,3.5329578322137705,0,2,1,10.0
STU03261,18,Male,Computer Science,5.605755859622091,1.5,No,99.9,6.2,No,3.76,6,3.2,9.0,Library,Yes,3,5,Auditory,1.8,90,UCI_0352,9,10,11,13,12,13,Computer Science,Organic Chemist,3.037687327,1,0,0,9.4
STU03262,21,Female,Psychology,4.0,4.3,No,49.9,6.2,Yes,3.79,3,7.0,11.1,Dorm,Yes,5,8,Auditory,2.3,94,UCI_0352,10,9,10,13,12,13,Psychology,Art Director,2.8402999221813605,0,0,1,9.47
STU03263,16,Male,Computer Science,6.332737652954206,4.2,Yes,76.7,7.4,Yes,3.13,8,7.4,14.7,Dorm,No,9,6,Kinesthetic,2.1,76,UCI_0352,11,10,9,14,14,15,Computer Science,Advertising Manager,3.642272789144628,2,0,0,7.82
STU03264,18,Female,Arts,3.4,4.1,No,61.7,9.3,Yes,4.0,2,4.5,9.2,Library,Yes,8,10,Auditory,2.9,99,UCI_0352,11,10,10,13,12,15,Arts,Cybersecurity Analyst,4.696086893596231,1,0,0,10.0
STU03265,17,Other,Arts,6.8,3.9,No,64.4,6.9,Yes,3.11,3,8.4,14.9,Library,No,6,10,Reading,9.4,86,UCI_0352,9,11,11,15,13,15,Arts,Counselor,2.918477112718204,2,4,0,7.77
STU03266,26,Male,Computer Science,3.544624546332068,1.6,No,77.4,6.4,No,2.81,6,7.6,7.4,Dorm,No,6,10,Kinesthetic,1.8,71,UCI_0352,9,11,10,15,12,15,Computer Science,Organic Chemist,3.4646700037518525,2,3,0,7.03
STU03267,23,Other,Biology,2.9,4.5,No,66.1,6.5,No,2.6,8,7.6,8.4,Library,Yes,1,10,Visual,7.1,63,UCI_0135,10,13,12,13,12,12,Biology,Mechanical Engineer,4.569611515087786,2,0,1,6.5
STU03268,23,Other,Business,1.7,3.5,No,51.4,6.6,No,3.52,4,3.7,6.1,Dorm,Yes,2,10,Kinesthetic,2.6,89,UCI_0352,9,10,9,13,13,15,Business,Digital Marketing Specialist,4.8782926555645325,1,1,1,8.8
STU03269,26,Male,Psychology,4.2,0.7,Yes,51.5,4.0,No,4.0,3,2.4,8.7,Library,No,5,5,Kinesthetic,1.6,99,UCI_0352,9,9,10,14,12,14,Psychology,Curriculum Developer,3.872076162527426,1,0,1,10.0
STU03270,22,Male,Engineering,6.8,0.9,No,72.2,6.1,No,3.32,3,1.8,12.3,Library,Yes,8,10,Kinesthetic,3.1,89,UCI_0352,10,11,9,14,12,15,Engineering,Marketing Specialist,4.999330581432263,1,4,1,8.3
STU03271,18,Other,Biology,3.1,3.0,No,68.2,9.3,No,3.84,2,5.2,10.4,Cafe,No,10,5,Reading,1.2,99,UCI_0319,10,12,11,14,13,12,Biology,Manager,4.206011378414323,1,4,0,9.6
STU03272,16,Other,Computer Science,2.944408250341928,2.7,Yes,49.2,8.0,No,2.69,4,6.1,7.5,Cafe,No,10,10,Kinesthetic,7.9,67,UCI_0007,13,11,10,12,13,14,Computer Science,Organic Chemist,4.055996189040227,2,3,0,6.72
STU03273,18,Female,Biology,4.9,2.6,Yes,42.9,10.7,Yes,4.0,5,4.2,11.2,Library,No,8,10,Visual,7.7,100,UCI_0319,10,11,11,13,14,12,Biology,Accountant,3.079459469292483,0,2,1,10.0
STU03274,26,Male,Business,4.0,1.9,No,90.2,7.7,No,3.01,8,7.8,8.2,Quiet Room,No,7,10,Kinesthetic,6.4,72,UCI_0319,9,11,10,12,15,14,Business,Teacher,3.622680126989234,0,0,0,7.52
STU03275,23,Male,Business,3.6,3.1,No,74.0,5.0,Yes,2.49,4,6.4,7.7,Library,No,10,10,Visual,7.6,73,UCI_0221,9,10,10,11,13,14,Business,Electrical Engineer,2.8798835611640943,2,2,1,6.23
STU03276,25,Male,Biology,7.2,3.1,No,66.7,4.7,No,4.0,8,6.6,12.6,Quiet Room,Yes,5,8,Reading,8.9,100,UCI_0319,8,11,10,13,13,12,Biology,Biologist,3.164510467412724,0,2,1,10.0
STU03277,24,Male,Arts,2.8,4.5,Yes,57.6,9.0,Yes,3.68,6,8.4,9.9,Co-Learning Group,No,3,10,Visual,4.3,94,UCI_0319,9,11,10,12,15,13,Arts,Analytical Chemist,3.665565635571012,1,0,1,9.2
STU03278,16,Male,Engineering,6.0,1.3,Yes,93.4,4.0,No,3.94,4,5.7,9.3,Library,Yes,10,7,Kinesthetic,5.8,100,UCI_0319,8,12,10,13,14,14,Engineering,Music Teacher,3.876571232164826,1,4,1,9.85
STU03279,16,Female,Computer Science,6.7741471237851645,4.8,Yes,52.5,8.9,No,3.56,7,2.8,15.4,Cafe,No,2,10,Visual,9.9,91,UCI_0319,9,13,10,12,14,12,Computer Science,Biomedical Engineer,4.753886079693446,0,1,1,8.9
STU03280,27,Male,Psychology,5.3,2.6,No,54.4,4.5,Yes,3.75,3,2.6,12.4,Quiet Room,Yes,5,6,Auditory,4.5,94,UCI_0319,9,12,12,13,15,13,Psychology,Biologist,3.6804694326139824,1,1,0,9.38
STU03281,24,Other,Business,5.3,2.2,Yes,41.9,8.4,Yes,3.61,2,3.3,10.9,Cafe,No,2,6,Auditory,3.1,96,UCI_0319,9,11,12,14,13,12,Business,Surgeon,2.613645821777072,2,1,0,9.03
STU03282,28,Female,Engineering,4.5,2.1,No,68.6,5.7,No,3.43,6,4.4,8.7,Quiet Room,Yes,3,9,Reading,1.9,90,UCI_0319,8,12,11,12,13,13,Engineering,Biochemist,3.0581658068122164,0,4,0,8.58
STU03283,27,Other,Arts,4.8,1.5,No,65.9,8.3,Yes,4.0,5,4.9,7.1,Co-Learning Group,Yes,6,7,Visual,2.2,98,UCI_0319,9,12,10,14,15,12,Arts,Art Director,4.381509089520489,2,1,0,10.0
STU03284,22,Male,Business,8.0,2.4,Yes,80.4,6.5,No,3.62,4,5.2,13.5,Dorm,Yes,5,5,Auditory,6.6,89,UCI_0319,8,12,11,12,13,14,Business,Aerospace Engineer,4.290022246143424,0,1,0,9.05
STU03285,17,Female,Engineering,6.2,1.7,No,70.1,6.5,Yes,3.65,7,4.4,12.1,Cafe,No,7,10,Visual,8.8,97,UCI_0319,9,11,11,12,13,14,Engineering,Mechanical Engineer,3.366024482311816,2,2,0,9.12
STU03286,26,Female,Business,5.0,3.2,No,98.2,4.4,Yes,2.89,5,7.9,12.1,Quiet Room,Yes,9,10,Visual,8.4,73,UCI_0319,8,11,12,12,14,14,Business,Investment Banker,2.8299793007675427,1,3,1,7.23
STU03287,19,Female,Biology,0.7,0.6,No,78.5,7.1,Yes,3.81,4,6.3,6.2,Dorm,Yes,7,10,Visual,2.1,94,UCI_0319,10,13,11,14,13,12,Biology,Cybersecurity Analyst,3.09783768651984,2,2,1,9.53
STU03288,25,Female,Biology,4.2,1.7,No,46.2,8.5,Yes,4.0,5,6.0,8.7,Co-Learning Group,No,2,10,Reading,4.4,100,UCI_0319,8,12,12,14,15,12,Biology,Graphic Designer,4.958107163843589,1,0,0,10.0
STU03289,24,Male,Biology,2.1,4.1,Yes,51.5,4.6,Yes,4.0,7,4.4,11.4,Library,Yes,4,5,Auditory,7.5,100,UCI_0319,10,13,11,12,13,14,Biology,Industrial-Organizational Psychologist,4.420969050439081,1,2,0,10.0
STU03290,25,Male,Biology,4.8,2.6,Yes,49.8,8.0,No,4.0,8,4.8,10.5,Co-Learning Group,Yes,10,6,Kinesthetic,5.4,100,UCI_0007,11,12,12,13,11,13,Biology,Physical Chemist,4.5571762968413765,2,4,1,10.0
STU03291,20,Female,Engineering,6.4,1.4,No,95.3,7.1,Yes,4.0,8,6.4,11.3,Library,Yes,7,6,Reading,8.5,97,UCI_0007,11,11,12,13,13,14,Engineering,Landscape Architect,2.9148463540012424,1,3,0,10.0
STU03292,28,Male,Business,0.3,1.8,No,43.8,5.6,Yes,2.91,8,2.2,4.5,Co-Learning Group,Yes,4,6,Visual,9.3,81,UCI_0007,12,12,10,13,13,12,Business,Art Director,3.0926274060294143,0,1,0,7.28
STU03293,26,Other,Psychology,5.5,4.0,No,49.4,8.2,No,3.06,5,6.6,12.4,Quiet Room,Yes,6,10,Auditory,4.1,78,UCI_0007,11,13,12,13,13,12,Psychology,Lawyer,4.061814311862532,2,1,0,7.65
STU03294,20,Female,Computer Science,1.9560048312853828,4.5,Yes,42.9,8.4,Yes,4.0,4,2.8,12.3,Co-Learning Group,Yes,7,10,Auditory,7.8,100,UCI_0007,12,13,11,13,11,13,Computer Science,Biochemist,3.591108517398373,2,2,1,10.0
STU03295,16,Male,Computer Science,9.655659162067051,0.4,Yes,77.0,6.6,No,4.0,3,7.6,13.7,Co-Learning Group,Yes,10,8,Auditory,6.8,97,UCI_0007,12,13,10,13,12,14,Computer Science,Music Therapist,4.627043028491245,2,0,0,10.0
STU03296,23,Female,Arts,3.5,2.3,Yes,94.8,6.3,Yes,3.94,6,6.9,11.3,Cafe,Yes,9,10,Kinesthetic,7.6,100,UCI_0007,11,13,12,13,12,12,Arts,Cybersecurity Analyst,4.070443539651409,1,3,1,9.85
STU03297,19,Female,Biology,3.0,2.8,Yes,83.6,7.2,No,3.22,5,4.2,10.4,Library,Yes,8,10,Visual,7.4,82,UCI_0007,11,11,10,13,11,12,Biology,Game Developer,2.8187712830805687,1,3,0,8.05
STU03298,17,Other,Psychology,5.8,0.9,Yes,60.4,7.4,No,3.53,3,1.0,11.9,Quiet Room,Yes,6,10,Reading,2.2,91,UCI_0007,13,11,10,13,13,14,Psychology,Legal Secretary,4.1915466305326845,1,4,1,8.82
STU03299,23,Male,Computer Science,4.982532995544332,1.8,No,56.9,8.2,No,3.54,5,6.4,8.8,Co-Learning Group,Yes,5,6,Visual,3.8,83,UCI_0007,11,11,12,14,12,14,Computer Science,Pharmacist,4.352878036803177,2,4,0,8.85
STU03300,22,Female,Business,0.0,3.8,Yes,76.3,7.7,Yes,3.04,4,4.5,6.7,Co-Learning Group,Yes,8,10,Auditory,6.0,73,UCI_0007,13,13,12,14,11,14,Business,Counselor,3.9954379814923926,2,4,0,7.6
STU03301,21,Female,Arts,1.9,2.7,Yes,73.7,5.7,Yes,4.0,1,5.3,9.4,Co-Learning Group,Yes,7,5,Reading,3.9,93,UCI_0007,13,11,10,13,11,14,Arts,Biomedical Engineer,3.322279400547208,0,4,0,10.0
STU03302,19,Female,Biology,4.7,4.9,No,87.9,7.6,Yes,3.03,8,5.6,11.6,Dorm,No,2,10,Auditory,10.0,79,UCI_0007,12,12,12,14,13,14,Biology,Chemical Engineer,4.056834780136004,0,4,0,7.57
STU03303,18,Other,Engineering,6.0,4.7,No,41.5,8.4,Yes,3.34,1,5.3,11.7,Dorm,No,4,10,Visual,9.4,79,UCI_0007,13,11,12,12,11,13,Engineering,Marketing Manager,3.585274890708772,0,2,0,8.35
STU03304,21,Other,Engineering,6.4,1.8,No,69.2,9.2,No,3.97,8,6.8,8.7,Library,Yes,8,9,Auditory,3.5,97,UCI_0007,11,11,12,13,13,14,Engineering,Education Administrator,2.6543492967112856,1,0,1,9.93
STU03305,20,Male,Biology,8.2,1.9,Yes,85.7,7.3,No,3.1,4,5.6,13.0,Library,No,4,10,Reading,3.2,77,UCI_0007,12,12,12,12,13,14,Biology,Financial Analyst,4.175904114963241,0,2,0,7.75
STU03306,16,Female,Biology,5.1,0.3,No,72.3,4.7,No,4.0,6,6.5,10.7,Co-Learning Group,No,5,8,Kinesthetic,3.5,91,UCI_0313,10,10,12,13,12,12,Biology,Lawyer,4.313685348597207,2,0,0,10.0
STU03307,18,Female,Business,0.0,2.8,Yes,49.0,6.0,Yes,3.78,2,6.2,4.3,Quiet Room,Yes,6,6,Kinesthetic,3.0,96,UCI_0313,12,12,12,12,11,13,Business,Investment Banker,3.656134112635971,0,4,0,9.45
STU03308,26,Other,Engineering,1.7,3.4,Yes,59.9,6.8,No,4.0,5,6.7,8.4,Cafe,Yes,2,8,Visual,3.4,100,UCI_0313,10,11,10,11,10,13,Engineering,Education Administrator,3.561468567988896,0,2,0,10.0
STU03309,18,Male,Psychology,5.5,3.3,Yes,83.5,7.3,Yes,4.0,1,6.3,10.0,Quiet Room,Yes,5,8,Auditory,2.4,100,UCI_0313,10,12,12,13,10,12,Psychology,Counselor,4.458418088643959,1,0,0,10.0
STU03310,17,Male,Arts,3.6,4.1,Yes,76.1,5.5,No,3.6,6,6.9,8.6,Dorm,Yes,7,8,Visual,7.0,84,UCI_0313,11,12,10,13,11,14,Arts,Industrial-Organizational Psychologist,2.610538664236397,1,3,0,9.0
STU03311,25,Female,Computer Science,1.497361571693045,1.3,No,94.5,6.0,No,3.22,2,3.7,5.1,Dorm,No,6,10,Visual,1.1,76,UCI_0313,10,11,11,11,12,14,Computer Science,Judge,4.9244302351510925,1,0,1,8.05
STU03312,18,Male,Arts,0.0,0.4,No,69.5,5.9,No,3.83,4,5.6,5.1,Library,Yes,10,6,Reading,8.2,95,UCI_0313,11,11,11,12,11,14,Arts,Chemist,4.520526129,0,2,0,9.57
STU03313,19,Female,Business,4.2,1.6,Yes,66.4,5.8,Yes,4.0,6,6.4,6.6,Quiet Room,Yes,4,5,Reading,4.3,100,UCI_0313,11,10,11,13,11,12,Business,Brand Manager,3.974642206048773,1,4,1,10.0
STU03314,26,Other,Business,3.9,4.3,Yes,57.7,10.1,No,3.05,4,5.3,10.9,Quiet Room,Yes,5,10,Kinesthetic,9.1,75,UCI_0313,12,12,10,13,12,14,Business,Physician Assistant,4.766849597934712,1,0,1,7.62
STU03315,16,Other,Biology,3.3,2.5,Yes,41.2,7.7,Yes,2.86,5,5.6,9.5,Cafe,Yes,6,8,Kinesthetic,9.7,73,UCI_0313,11,12,12,13,11,12,Biology,Electrical Engineer,3.891554728060952,1,1,0,7.15
STU03316,24,Female,Biology,4.0,0.4,Yes,90.8,7.7,No,2.44,8,7.0,8.3,Cafe,No,1,10,Visual,4.5,58,UCI_0301,10,8,8,13,14,14,Biology,Biochemist,4.990458316457069,2,2,0,6.1
STU03317,26,Other,Biology,1.9,4.6,No,65.3,6.2,Yes,3.38,3,2.3,10.7,Co-Learning Group,Yes,1,5,Auditory,5.2,86,UCI_0313,12,11,12,12,11,12,Biology,Mechanical Engineer,4.431485172025243,2,0,1,8.45
STU03318,20,Male,Arts,3.8,2.6,No,75.6,7.6,No,4.0,8,6.5,10.4,Dorm,No,7,10,Auditory,6.3,100,UCI_0313,11,11,10,11,11,12,Arts,Legal Consultant,4.377193899771748,1,3,1,10.0
STU03319,19,Female,Computer Science,4.912256978038061,2.4,Yes,58.9,6.1,No,4.0,8,4.7,12.6,Dorm,Yes,9,10,Kinesthetic,1.7,98,UCI_0313,12,11,11,11,11,13,Computer Science,Legal Consultant,3.539336007308349,2,2,1,10.0
STU03320,21,Female,Computer Science,5.093828486231755,1.4,Yes,43.7,8.0,Yes,3.51,4,3.6,8.4,Dorm,No,9,9,Auditory,5.0,84,UCI_0313,11,10,10,13,12,14,Computer Science,Education Administrator,4.135904099165832,2,2,0,8.77
STU03321,17,Female,Psychology,2.7,0.3,No,86.9,5.9,Yes,3.85,6,2.9,5.2,Co-Learning Group,Yes,3,10,Visual,8.1,96,UCI_0313,10,11,10,13,10,13,Psychology,Sound Engineer,3.333010186112458,0,2,0,9.62
STU03322,25,Female,Arts,7.3,4.6,Yes,76.2,7.4,Yes,4.0,8,2.2,13.5,Quiet Room,Yes,8,5,Visual,6.8,89,UCI_0313,12,12,12,12,10,12,Arts,AI Researcher,4.121613126174614,1,4,1,10.0
STU03323,23,Other,Computer Science,4.701443115,1.1,Yes,66.7,6.7,No,3.49,6,6.8,9.0,Cafe,Yes,6,10,Visual,7.4,90,UCI_0313,10,10,11,11,10,13,Computer Science,Architect,4.403599928856594,0,0,1,8.73
STU03324,18,Other,Business,5.1,2.5,Yes,98.7,10.2,Yes,4.0,1,3.7,10.6,Co-Learning Group,Yes,3,10,Auditory,4.9,100,UCI_0135,11,14,11,14,12,12,Business,Electrical Engineer,4.576460774,0,1,1,10.0
STU03325,22,Female,Computer Science,5.722832953787694,4.9,Yes,99.9,5.2,No,3.39,2,6.5,12.4,Quiet Room,Yes,9,9,Kinesthetic,6.5,81,UCI_0135,10,14,12,12,12,11,Computer Science,Organic Chemist,2.9918314473332077,1,1,0,8.47
STU03326,20,Other,Psychology,4.1,3.9,Yes,60.8,6.2,Yes,4.0,7,5.5,11.9,Cafe,No,2,9,Visual,2.3,89,UCI_0135,9,12,11,13,11,12,Psychology,Conductor,3.184871047487883,0,2,1,10.0
STU03327,22,Female,Psychology,4.6,0.6,Yes,46.2,8.8,No,4.0,2,5.4,9.4,Library,No,7,9,Reading,3.7,95,UCI_0135,9,12,13,12,11,12,Psychology,Financial Analyst,3.2531556004990243,1,1,1,10.0
STU03328,17,Female,Arts,3.4,3.7,Yes,84.2,8.7,Yes,4.0,7,4.9,12.3,Library,Yes,3,10,Kinesthetic,2.6,97,UCI_0135,9,12,11,13,13,12,Arts,Credit Analyst,4.900308195924644,2,1,1,10.0
STU03329,28,Male,Arts,0.9,0.8,No,78.5,9.9,Yes,3.68,5,5.4,5.7,Quiet Room,Yes,5,10,Visual,4.8,97,UCI_0135,11,14,13,13,12,12,Arts,Game Developer,4.627271794,1,3,1,9.2
STU03330,21,Female,Arts,2.9,1.4,No,40.1,8.9,No,3.23,5,5.5,7.6,Quiet Room,No,10,6,Auditory,6.6,90,UCI_0135,11,13,12,12,13,12,Arts,Biomedical Engineer,3.378265589136482,1,0,0,8.07
STU03331,25,Other,Engineering,5.4,2.0,Yes,61.7,6.0,Yes,3.5,2,5.8,11.1,Library,Yes,4,6,Reading,8.9,84,UCI_0135,11,14,11,13,12,11,Engineering,Marketing Specialist,4.8616507680641865,0,3,0,8.75
STU03332,16,Other,Engineering,3.8,3.2,Yes,49.8,6.9,No,3.47,3,5.5,11.3,Co-Learning Group,Yes,10,10,Auditory,2.8,90,UCI_0135,9,13,11,13,13,11,Engineering,Biomedical Engineer,3.699510857825666,1,2,0,8.68
STU03333,18,Male,Psychology,4.9,4.8,Yes,65.9,6.0,Yes,4.0,3,3.8,12.2,Cafe,Yes,6,10,Visual,1.2,91,UCI_0135,9,12,13,14,13,11,Psychology,Mechanical Engineer,4.684152615321764,1,4,1,10.0
STU03334,19,Female,Engineering,3.0,0.4,Yes,81.3,7.7,Yes,3.97,7,4.3,8.0,Co-Learning Group,Yes,10,10,Auditory,1.9,91,UCI_0135,10,12,12,12,12,13,Engineering,Acoustics Specialist,2.519861098579108,2,3,1,9.93
STU03335,17,Male,Business,7.7,0.8,No,92.0,9.2,Yes,4.0,3,9.3,12.3,Dorm,Yes,3,5,Reading,1.7,97,UCI_0135,11,12,11,12,11,12,Business,Web Developer,4.850022583761661,2,4,0,10.0
STU03336,23,Female,Psychology,1.0,0.6,No,97.5,5.2,Yes,4.0,8,4.3,2.8,Cafe,No,6,9,Auditory,2.5,100,UCI_0135,10,14,13,14,11,11,Psychology,Curriculum Developer,3.2631493669230807,1,4,1,10.0
STU03337,18,Female,Engineering,2.3,3.8,No,79.9,8.9,Yes,4.0,2,7.2,8.5,Library,No,8,10,Kinesthetic,4.7,100,UCI_0135,10,14,13,13,11,11,Engineering,Marketing Specialist,4.488677402467879,0,1,1,10.0
STU03338,20,Other,Biology,5.6,3.7,Yes,98.6,6.2,Yes,3.64,5,6.5,14.6,Cafe,No,9,10,Reading,2.6,90,UCI_0135,9,13,12,13,11,12,Biology,Advertising Manager,4.023699821980845,1,4,1,9.1
STU03339,20,Male,Business,4.1,3.0,Yes,55.1,5.1,Yes,3.68,8,6.4,8.8,Library,No,7,10,Visual,1.5,88,UCI_0135,9,13,12,12,12,11,Business,Marketing Specialist,4.399219441814117,2,4,0,9.2
STU03340,18,Other,Arts,5.6,2.5,Yes,84.8,7.7,No,3.05,2,2.4,10.1,Co-Learning Group,Yes,1,10,Auditory,9.2,79,UCI_0135,10,13,12,12,12,13,Arts,Astronomer,4.809649954867227,2,0,0,7.62
STU03341,19,Male,Business,5.8,3.9,No,81.4,8.2,Yes,4.0,3,4.0,13.8,Dorm,No,10,10,Kinesthetic,6.1,99,UCI_0269,9,10,11,10,12,13,Business,Physicist,3.0100130366067464,2,3,1,10.0
STU03342,20,Female,Engineering,7.0,3.5,Yes,43.7,7.0,Yes,4.0,2,1.4,13.5,Cafe,Yes,4,10,Reading,7.4,100,UCI_0269,9,10,11,11,12,14,Engineering,Social Media Manager,2.6746368663127638,2,3,1,10.0
STU03343,25,Female,Business,0.0,3.3,No,48.2,7.6,No,4.0,6,7.3,6.2,Quiet Room,Yes,7,5,Kinesthetic,6.4,100,UCI_0269,8,8,11,12,12,14,Business,Nurse,3.1563529508642003,1,2,1,10.0
STU03344,21,Female,Biology,5.8,4.9,Yes,58.1,5.1,No,3.32,8,7.0,14.4,Quiet Room,No,6,10,Visual,1.9,86,UCI_0269,8,10,9,12,11,14,Biology,Social Media Manager,3.732442802546022,0,4,1,8.3
STU03345,28,Other,Engineering,3.5,0.3,Yes,58.9,8.0,No,2.91,3,4.1,6.9,Co-Learning Group,Yes,1,10,Auditory,8.3,75,UCI_0269,9,10,11,10,11,15,Engineering,Legal Analyst,3.4990851642931804,1,4,1,7.28
STU03346,26,Female,Engineering,3.5,0.9,Yes,47.5,5.1,No,2.31,7,6.1,6.4,Dorm,No,4,10,Visual,5.7,57,UCI_0076,10,8,10,12,11,10,Engineering,Geneticist,3.813945085061188,1,4,1,5.78
STU03347,19,Other,Computer Science,4.654970217411247,4.6,Yes,63.5,8.3,Yes,4.0,3,3.7,13.5,Dorm,Yes,10,10,Visual,1.9,100,UCI_0269,8,10,11,10,12,14,Computer Science,Electrical Engineer,4.181786895798205,2,0,0,10.0
STU03348,26,Other,Business,8.3,3.1,Yes,67.3,7.0,Yes,3.37,8,6.4,12.9,Dorm,No,10,8,Auditory,5.4,84,UCI_0269,8,9,11,10,12,14,Business,Education Administrator,3.478063759,0,1,0,8.43
STU03349,16,Male,Computer Science,4.105528961585538,3.2,No,50.7,4.9,No,3.83,1,4.8,11.5,Co-Learning Group,No,8,10,Visual,1.4,100,UCI_0269,9,10,10,10,12,14,Computer Science,Industrial-Organizational Psychologist,3.5551670909357425,0,3,0,9.57
STU03350,18,Other,Engineering,7.3,4.3,Yes,90.3,7.3,No,4.0,8,6.4,14.1,Dorm,Yes,9,9,Kinesthetic,9.6,96,UCI_0269,9,10,9,12,11,14,Engineering,Teacher,3.6000148996974484,1,1,0,10.0
STU03351,27,Female,Engineering,3.4,3.9,Yes,55.0,4.5,Yes,4.0,6,8.4,9.5,Quiet Room,Yes,2,10,Auditory,5.7,100,UCI_0269,9,10,9,10,11,13,Engineering,Electrical Engineer,2.8632143608600797,0,1,0,10.0
STU03352,23,Female,Computer Science,5.677645884489403,0.4,Yes,66.5,4.8,No,3.56,1,7.3,10.8,Dorm,Yes,5,10,Kinesthetic,5.6,84,UCI_0269,8,9,11,12,10,15,Computer Science,Principal,3.850776672399934,0,4,0,8.9
STU03353,25,Male,Engineering,2.8,4.1,No,80.2,7.2,Yes,3.73,6,5.9,11.0,Cafe,No,3,10,Reading,6.9,96,UCI_0269,9,8,11,11,11,14,Engineering,Artist,4.274628221453069,0,4,0,9.32
STU03354,24,Male,Computer Science,4.318699874312789,1.0,No,81.2,7.7,Yes,2.77,1,7.0,9.4,Cafe,Yes,1,10,Visual,8.3,69,UCI_0269,10,8,9,11,10,14,Computer Science,Human Resources Specialist,4.1041479437243344,1,4,0,6.92
STU03355,17,Male,Computer Science,5.232370888295817,4.9,No,40.9,7.2,Yes,4.0,1,7.5,10.6,Cafe,No,7,7,Auditory,1.1,100,UCI_0269,9,8,10,11,11,13,Computer Science,School Counselor,3.001976843340209,2,1,0,10.0
STU03356,26,Male,Computer Science,3.4510781695436847,3.4,No,97.0,6.2,Yes,4.0,1,5.1,9.7,Dorm,No,8,10,Kinesthetic,5.0,100,UCI_0269,10,10,10,10,12,13,Computer Science,Software Developer,4.176644055953655,1,4,1,10.0
STU03357,24,Male,Psychology,4.9,2.0,Yes,88.7,7.2,Yes,3.17,8,8.2,10.3,Library,No,10,7,Kinesthetic,1.7,78,UCI_0269,8,8,11,10,11,13,Psychology,Psychologist,2.794573449391348,2,4,1,7.92
STU03358,21,Male,Business,9.3,2.3,Yes,78.3,6.1,No,3.31,7,4.9,17.1,Dorm,Yes,4,9,Reading,7.4,88,UCI_0265,12,12,13,9,10,11,Business,AI Researcher,3.1089732462659434,1,1,1,8.28
STU03359,27,Male,Computer Science,6.709969276016295,2.6,Yes,52.4,5.8,No,3.74,3,6.9,10.9,Library,Yes,8,9,Auditory,8.8,94,UCI_0265,14,11,11,10,10,11,Computer Science,Software Developer,2.543840971635978,1,4,1,9.35
STU03360,16,Female,Arts,3.5,1.8,No,96.7,6.4,Yes,3.31,6,4.3,8.6,Cafe,Yes,5,10,Auditory,9.5,87,UCI_0265,13,12,11,11,10,13,Arts,Acoustics Specialist,4.393702677107023,0,2,1,8.28
STU03361,24,Other,Arts,2.0,1.5,No,62.7,8.4,Yes,3.29,5,4.8,7.9,Dorm,No,9,10,Reading,2.9,77,UCI_0265,12,11,11,11,11,13,Arts,Art Director,4.110166012404374,2,2,0,8.22
STU03362,28,Other,Business,5.4,0.4,Yes,64.5,6.3,Yes,3.0,4,6.3,7.4,Dorm,No,2,8,Reading,1.8,91,UCI_0265,12,11,11,10,10,13,Business,Conductor,4.248116659411518,1,1,0,7.5
STU03363,22,Female,Business,2.5,4.3,Yes,67.0,6.7,No,3.97,8,6.6,8.2,Cafe,Yes,3,10,Visual,4.6,100,UCI_0265,14,11,12,10,12,12,Business,Legal Consultant,3.235559176547265,1,0,0,9.93
STU03364,26,Male,Biology,4.8,2.8,Yes,86.6,7.5,No,3.86,7,5.3,10.2,Co-Learning Group,Yes,5,10,Visual,1.9,94,UCI_0265,13,11,12,11,11,11,Biology,Musician,4.747204807874144,1,4,0,9.65
STU03365,22,Other,Arts,4.5,2.0,Yes,64.5,8.0,No,3.62,2,3.0,8.9,Quiet Room,Yes,10,6,Kinesthetic,3.1,95,UCI_0265,12,11,13,9,11,12,Arts,Industrial-Organizational Psychologist,4.991493787169184,0,4,1,9.05
STU03366,21,Female,Computer Science,8.173506603661213,5.0,No,86.2,6.7,No,4.0,5,1.2,14.4,Cafe,No,10,10,Kinesthetic,2.1,100,UCI_0265,12,13,13,11,12,13,Computer Science,Mechanical Engineer,2.679236524883772,1,4,0,10.0
STU03367,25,Male,Arts,2.4,2.2,Yes,60.3,6.6,Yes,3.59,7,4.7,9.4,Quiet Room,Yes,9,9,Auditory,4.4,100,UCI_0265,14,12,13,10,10,12,Arts,Cybersecurity Analyst,2.609289792295168,2,2,0,8.97
STU03368,23,Other,Engineering,2.6,2.6,Yes,49.9,6.8,Yes,4.0,8,1.9,6.2,Cafe,Yes,4,6,Reading,2.5,100,UCI_0265,13,11,13,11,11,12,Engineering,Chemist,4.636733223332204,0,0,0,10.0
STU03369,23,Male,Psychology,1.5,3.1,No,72.1,10.0,Yes,3.2,4,7.2,6.8,Cafe,Yes,3,10,Reading,8.9,95,UCI_0265,14,12,13,10,10,13,Psychology,Data Scientist,3.956664540460534,1,3,1,8.0
STU03370,27,Female,Computer Science,2.3228851346225103,0.6,Yes,58.1,7.8,Yes,4.0,8,7.9,7.7,Co-Learning Group,Yes,8,8,Reading,8.2,100,UCI_0265,12,11,13,11,12,13,Computer Science,Nuclear Physicist,4.880376086902743,1,4,1,10.0
STU03371,28,Other,Business,0.0,0.6,No,40.7,4.0,Yes,4.0,1,2.4,4.5,Library,Yes,4,10,Kinesthetic,9.8,94,UCI_0265,12,13,12,9,11,11,Business,Architectural Technologist,3.1581422864284168,1,1,1,10.0
STU03372,22,Male,Biology,5.0,4.5,Yes,45.7,6.6,No,3.39,3,4.8,15.0,Quiet Room,Yes,2,6,Kinesthetic,1.3,80,UCI_0265,13,12,11,11,11,13,Biology,Investment Banker,3.6784354452175823,1,3,1,8.47
STU03373,21,Male,Biology,5.1,2.6,Yes,74.0,6.7,Yes,4.0,3,6.6,10.5,Quiet Room,Yes,8,6,Kinesthetic,8.5,100,UCI_0265,13,12,13,9,12,11,Biology,Construction Manager,4.826409537473808,0,1,0,10.0
STU03374,24,Other,Business,2.2,1.0,No,52.4,7.1,No,2.62,6,7.8,5.0,Cafe,Yes,9,9,Reading,9.1,58,UCI_0157,11,10,10,12,13,13,Business,Composer,3.0612371170359336,0,0,0,6.55
STU03375,25,Male,Computer Science,2.786368182975804,2.1,No,97.3,5.9,No,4.0,2,2.8,7.4,Library,Yes,4,8,Auditory,7.9,94,UCI_0157,11,11,10,13,13,13,Computer Science,Counselor,3.063419292020752,2,1,1,10.0
STU03376,17,Male,Biology,2.9,2.0,Yes,76.2,7.0,No,4.0,4,4.0,6.4,Co-Learning Group,No,9,10,Visual,2.2,100,UCI_0157,9,9,11,12,13,14,Biology,Urban Planner,2.5151179917225277,1,3,0,10.0
STU03377,23,Other,Psychology,8.4,5.0,No,54.3,8.7,No,3.68,3,7.3,18.2,Quiet Room,Yes,2,9,Reading,2.5,96,UCI_0157,10,10,11,12,13,12,Psychology,Clinical Psychologist,2.938482487858817,0,0,1,9.2
STU03378,16,Male,Business,0.5,0.4,Yes,62.4,7.6,Yes,2.84,2,4.8,3.2,Cafe,No,6,7,Auditory,4.4,62,UCI_0157,10,9,11,13,12,13,Business,Interior Designer,4.199790240423444,0,4,0,7.1
STU03379,23,Female,Business,4.1,0.4,No,88.7,6.4,Yes,4.0,4,4.9,9.3,Co-Learning Group,No,7,6,Visual,1.4,100,UCI_0157,10,10,9,13,12,12,Business,Animator,3.4994414662295625,2,1,0,10.0
STU03380,24,Other,Engineering,4.9,4.4,No,77.5,7.2,Yes,3.27,6,3.0,14.4,Dorm,No,2,10,Visual,7.4,80,UCI_0157,10,10,9,12,13,14,Engineering,Acoustics Specialist,4.799340211612873,1,0,1,8.18
STU03381,23,Female,Computer Science,1.5563451418272654,4.3,No,71.4,9.0,No,3.24,8,5.5,9.5,Quiet Room,Yes,4,8,Reading,2.4,76,UCI_0157,11,9,11,13,13,12,Computer Science,Entrepreneur,3.144193262533496,1,3,0,8.1
STU03382,24,Other,Engineering,6.5,4.3,Yes,74.3,7.6,No,4.0,6,2.7,13.1,Quiet Room,No,4,7,Kinesthetic,4.7,100,UCI_0157,9,11,9,12,12,14,Engineering,Biotechnologist,3.8929621089942392,1,1,1,10.0
STU03383,24,Other,Engineering,0.6,4.8,Yes,74.1,8.3,No,3.04,3,5.3,6.3,Quiet Room,No,4,7,Auditory,4.4,71,UCI_0157,11,9,11,14,13,13,Engineering,Biologist,2.785001083,1,2,1,7.6
STU03384,27,Male,Biology,5.3,1.2,Yes,82.9,9.9,Yes,4.0,6,6.5,8.9,Quiet Room,Yes,6,9,Auditory,2.1,99,UCI_0157,9,9,11,12,13,13,Biology,Software Developer,4.346615477,0,4,0,10.0
STU03385,19,Female,Psychology,2.7,3.6,No,79.9,5.9,Yes,3.2,5,3.2,7.8,Cafe,No,10,8,Kinesthetic,6.1,80,UCI_0157,9,11,11,14,13,12,Psychology,Psychologist,3.5307390022149887,1,2,0,8.0
STU03386,18,Female,Biology,6.1,3.1,No,85.9,5.0,No,3.12,2,4.5,10.2,Dorm,Yes,10,9,Auditory,10.0,69,UCI_0157,9,10,11,12,14,12,Biology,Physician Assistant,3.757958831044723,0,3,0,7.8
STU03387,18,Other,Arts,7.9,1.7,No,53.7,7.7,Yes,4.0,3,6.0,11.6,Co-Learning Group,No,2,10,Reading,1.3,94,UCI_0157,11,10,10,13,13,12,Arts,Social Media Manager,3.2686975230111712,1,0,1,10.0
STU03388,25,Other,Arts,2.3,1.6,No,59.2,8.1,No,3.12,2,2.9,4.4,Co-Learning Group,Yes,6,6,Kinesthetic,5.0,72,UCI_0157,10,11,9,14,13,14,Arts,Accountant,2.954755504187499,0,1,0,7.8
STU03389,26,Female,Business,0.4,0.2,Yes,59.9,7.5,Yes,4.0,1,4.8,3.6,Co-Learning Group,Yes,9,10,Reading,4.8,99,UCI_0190,8,7,9,12,13,14,Business,Nuclear Physicist,3.171216865316151,2,0,0,10.0
STU03390,27,Other,Computer Science,7.69307142,2.8,Yes,59.8,7.4,Yes,3.8,5,2.5,11.3,Co-Learning Group,Yes,5,9,Reading,3.7,90,UCI_0190,9,6,8,13,12,14,Computer Science,Pharmacist,3.886884992396325,2,0,1,9.5
STU03391,28,Female,Engineering,2.3,0.2,No,54.5,4.7,No,2.58,6,4.8,4.5,Quiet Room,No,7,10,Reading,7.4,62,UCI_0225,12,12,12,11,10,10,Engineering,Doctor,4.791201426530943,2,2,1,6.45
STU03392,16,Female,Computer Science,4.590786303815843,1.6,Yes,93.6,6.4,No,2.86,3,4.1,8.4,Library,No,5,10,Reading,2.8,70,UCI_0190,8,8,10,12,13,15,Computer Science,Organic Chemist,3.4646700037518525,2,3,0,7.15
STU03393,23,Female,Biology,3.4,2.3,No,68.8,7.1,No,4.0,1,5.0,8.1,Cafe,Yes,8,7,Visual,6.9,100,UCI_0190,9,7,10,11,14,13,Biology,Art Director,4.049929648624188,0,0,0,10.0
STU03394,27,Other,Arts,4.8,0.9,Yes,96.0,6.9,No,3.77,7,6.1,9.0,Cafe,No,7,8,Reading,7.8,92,UCI_0190,7,7,8,12,14,15,Arts,Judge,2.7553684358722785,0,3,0,9.43
STU03395,19,Male,Computer Science,4.487956395331752,2.1,Yes,40.2,6.0,No,4.0,3,5.2,10.0,Library,Yes,9,10,Reading,5.4,100,UCI_0190,8,7,9,11,14,13,Computer Science,Financial Analyst,4.075345160360156,2,0,0,10.0
STU03396,24,Male,Arts,4.6,3.4,Yes,72.4,6.7,Yes,3.77,3,9.1,11.0,Dorm,Yes,3,10,Reading,8.3,97,UCI_0190,8,8,10,12,12,15,Arts,Music Teacher,4.849772762445763,1,0,0,9.43
STU03397,21,Male,Biology,4.8,4.2,Yes,53.7,8.7,No,4.0,7,5.3,13.0,Quiet Room,No,6,10,Kinesthetic,5.3,100,UCI_0190,9,7,8,12,13,15,Biology,Art Director,2.860516048552552,0,1,0,10.0
STU03398,17,Male,Biology,4.4,0.9,Yes,65.1,7.6,No,4.0,1,4.2,10.3,Cafe,No,8,5,Reading,7.8,100,UCI_0190,9,6,8,13,12,14,Biology,Music Therapist,3.029942025200154,1,0,1,10.0
STU03399,23,Male,Arts,1.6,1.5,Yes,98.4,6.3,Yes,2.76,7,3.4,6.3,Cafe,Yes,6,10,Kinesthetic,2.6,60,UCI_0190,7,7,9,11,13,14,Arts,AI Researcher,2.764480895410683,0,4,1,6.9
STU03400,16,Male,Computer Science,6.017666664670503,0.6,No,91.4,5.4,No,2.92,4,4.5,7.1,Co-Learning Group,Yes,1,10,Reading,1.0,66,UCI_0190,7,8,10,12,12,14,Computer Science,Geneticist,4.582500382696386,1,2,0,7.3
STU03401,28,Other,Business,7.1,2.1,Yes,80.1,6.9,Yes,4.0,3,3.9,12.0,Dorm,No,1,7,Visual,8.4,100,UCI_0190,8,7,9,13,12,13,Business,Quantum Physicist,2.8630614430313712,0,2,0,10.0
STU03402,21,Other,Engineering,4.0,2.9,No,48.9,9.3,Yes,3.84,2,7.3,10.6,Cafe,Yes,7,10,Kinesthetic,7.3,90,UCI_0190,7,6,10,13,13,15,Engineering,Physicist,4.733315612739178,0,0,0,9.6
STU03403,21,Male,Business,3.6,0.6,Yes,98.7,4.0,Yes,4.0,4,3.1,4.4,Quiet Room,No,10,9,Reading,1.7,100,UCI_0190,7,6,10,12,13,15,Business,Principal,2.698402854199557,0,0,1,10.0
STU03404,27,Female,Biology,2.9,4.0,Yes,55.9,9.6,Yes,3.95,6,5.8,11.1,Quiet Room,Yes,10,10,Auditory,8.3,99,UCI_0190,7,8,10,12,13,13,Biology,Zoologist,2.506035365573881,0,3,1,9.88
STU03405,18,Other,Business,4.9,0.2,Yes,87.9,5.3,Yes,3.12,5,5.0,8.3,Cafe,No,6,10,Auditory,2.5,77,UCI_0190,7,6,10,11,12,13,Business,Acoustics Specialist,3.3902610758022744,0,4,1,7.8
STU03406,23,Other,Biology,1.9,1.2,No,65.7,7.7,Yes,4.0,6,1.0,6.6,Quiet Room,No,4,10,Kinesthetic,5.0,100,UCI_0190,7,6,8,13,14,14,Biology,Data Scientist,4.330965556836687,0,3,1,10.0
STU03407,23,Female,Psychology,5.2,0.2,No,44.8,5.4,No,4.0,5,2.5,9.9,Co-Learning Group,Yes,3,8,Kinesthetic,7.0,100,UCI_0190,9,7,10,13,12,14,Psychology,Nuclear Physicist,3.792758869505248,0,2,0,10.0
STU03408,20,Female,Biology,1.3,3.2,No,60.5,6.7,No,3.03,1,6.0,6.4,Quiet Room,No,7,6,Auditory,6.9,64,UCI_0030,11,11,11,12,10,11,Biology,Actuary,3.616765104542627,2,1,1,7.57
STU03409,25,Female,Business,9.1,1.6,No,92.3,6.9,No,4.0,4,2.8,11.8,Library,Yes,6,8,Kinesthetic,1.1,97,UCI_0030,9,13,12,12,10,11,Business,Electrical Engineer,4.984133926119306,1,3,0,10.0
STU03410,26,Male,Computer Science,3.293357316452634,0.9,Yes,86.1,6.6,Yes,2.64,4,3.7,8.3,Dorm,Yes,3,10,Kinesthetic,8.9,66,UCI_0030,10,11,11,13,10,12,Computer Science,Game Developer,3.980635804469748,2,3,0,6.6
STU03411,20,Female,Biology,1.5,2.1,Yes,78.9,8.5,No,3.44,1,5.4,5.8,Dorm,No,8,10,Auditory,7.3,86,UCI_0030,11,12,12,13,11,11,Biology,Music Therapist,3.681263893201337,2,3,0,8.6
STU03412,24,Other,Business,3.3,4.7,No,66.0,8.2,Yes,3.07,3,7.2,10.1,Dorm,No,4,9,Kinesthetic,1.5,77,UCI_0030,11,12,11,11,12,11,Business,Social Media Manager,3.123609001530072,2,0,0,7.67
STU03413,26,Male,Business,2.8,3.4,Yes,50.0,8.7,Yes,4.0,1,7.0,8.2,Cafe,No,9,5,Visual,1.6,100,UCI_0030,9,11,11,11,11,11,Business,Art Director,3.7908072034770153,0,4,0,10.0
STU03414,25,Male,Arts,0.0,4.1,No,60.3,7.2,No,2.43,2,4.9,6.7,Cafe,Yes,6,10,Visual,1.4,69,UCI_0366,9,8,10,9,10,13,Arts,Mechanical Engineer,4.890232849315471,2,1,0,6.08
STU03415,19,Other,Computer Science,4.096444063676413,1.9,Yes,79.1,8.3,Yes,2.97,1,6.1,7.9,Library,No,8,10,Visual,9.4,76,UCI_0030,10,11,11,11,10,12,Computer Science,Urban Planner,4.459336283927709,0,4,1,7.43
STU03416,18,Other,Arts,0.0,0.8,Yes,58.1,4.0,Yes,3.25,4,4.6,3.2,Cafe,Yes,1,10,Visual,6.6,84,UCI_0030,10,12,12,11,10,12,Arts,Actuary,3.564719183220838,2,0,0,8.12
STU03417,18,Male,Computer Science,5.197108798709217,2.8,No,73.9,9.1,Yes,3.68,8,3.6,9.7,Cafe,No,10,9,Auditory,3.4,91,UCI_0030,11,13,12,11,12,13,Computer Science,Counselor,3.3714029259199583,2,1,0,9.2
STU03418,20,Male,Computer Science,3.3137243649881203,1.4,Yes,82.8,8.9,No,4.0,1,7.9,6.5,Quiet Room,No,1,6,Reading,4.4,100,UCI_0030,10,12,11,12,12,11,Computer Science,Physicist,2.7521639002635165,0,0,0,10.0
STU03419,27,Other,Biology,3.9,3.5,No,83.0,6.7,No,4.0,7,7.1,11.8,Dorm,No,3,8,Auditory,6.2,93,UCI_0030,10,13,11,13,10,11,Biology,Musician,4.376000234,1,2,1,10.0
STU03420,16,Female,Business,3.1,0.7,No,47.3,4.4,No,3.03,2,5.5,7.2,Co-Learning Group,No,2,7,Visual,4.7,86,UCI_0030,11,11,11,11,12,11,Business,Social Media Manager,3.827745389149702,2,1,0,7.57
STU03421,18,Female,Psychology,4.9,2.2,No,65.9,7.5,Yes,3.93,4,4.5,11.6,Library,No,4,10,Reading,5.1,96,UCI_0030,10,13,11,12,12,12,Psychology,Civil Engineer,4.855695535567991,0,0,1,9.83
STU03422,17,Female,Biology,2.4,0.4,Yes,68.7,5.3,Yes,3.15,5,5.2,5.1,Cafe,No,1,7,Reading,9.6,81,UCI_0030,11,13,11,13,11,13,Biology,Astronomer,2.5152372292169725,0,0,1,7.88
STU03423,20,Other,Psychology,4.7,3.2,No,55.3,9.1,No,3.57,5,10.0,12.2,Dorm,No,2,9,Reading,8.8,98,UCI_0290,12,10,11,12,12,11,Psychology,School Counselor,3.621549139224456,1,4,0,8.92
STU03424,20,Other,Engineering,4.0,0.1,No,41.5,5.4,No,3.06,8,3.3,7.5,Library,No,1,10,Kinesthetic,5.0,78,UCI_0290,12,10,11,12,12,11,Engineering,Chemical Engineer,3.961807613954933,1,4,0,7.65
STU03425,23,Female,Business,5.3,2.8,Yes,92.0,9.6,Yes,3.32,5,4.7,10.3,Cafe,Yes,7,10,Auditory,7.7,89,UCI_0290,12,10,12,12,11,11,Business,Artist,2.884854105918264,2,1,1,8.3
STU03426,26,Male,Engineering,3.5,3.7,No,67.6,8.4,Yes,4.0,5,5.3,9.5,Co-Learning Group,No,1,6,Auditory,4.5,100,UCI_0290,13,9,10,12,12,12,Engineering,Biochemist,4.150524823198438,0,4,0,10.0
STU03427,20,Other,Business,2.2,0.6,No,41.3,11.1,Yes,4.0,7,2.7,3.7,Quiet Room,Yes,6,5,Auditory,3.5,100,UCI_0290,11,11,10,13,12,11,Business,Sound Engineer,3.387566327333292,0,1,0,10.0
STU03428,25,Male,Engineering,2.2,0.9,Yes,92.6,7.0,No,2.51,5,9.4,7.5,Cafe,Yes,8,10,Visual,1.8,73,UCI_0039,11,13,10,11,11,12,Engineering,Surgeon,3.8422201369674993,1,3,1,6.27
STU03429,16,Other,Business,1.2,1.7,Yes,76.9,4.1,Yes,2.73,7,8.4,7.6,Co-Learning Group,Yes,5,9,Kinesthetic,2.7,66,UCI_0290,12,9,12,11,11,12,Business,Software Developer,3.858028238444784,1,0,0,6.83
STU03430,16,Female,Biology,1.8,1.7,No,94.3,5.8,No,3.6,7,6.6,8.1,Library,No,1,10,Auditory,5.1,84,UCI_0290,11,10,12,11,12,11,Biology,Illustrator,2.587772190845789,0,0,1,9.0
STU03431,28,Other,Engineering,2.1,2.0,No,41.7,7.9,No,3.78,6,1.8,9.3,Cafe,Yes,9,9,Visual,1.0,92,UCI_0290,11,9,10,12,13,13,Engineering,Marketing Manager,2.7073457173288302,1,3,1,9.45
STU03432,22,Female,Engineering,1.8,1.3,Yes,79.9,8.7,No,3.22,1,2.6,4.0,Dorm,No,10,7,Visual,7.2,85,UCI_0290,11,11,11,12,13,12,Engineering,Surgeon,2.804743668478403,1,1,0,8.05
STU03433,16,Other,Computer Science,4.977513449230791,4.9,No,91.3,6.1,Yes,4.0,6,5.3,12.6,Cafe,Yes,10,10,Auditory,7.8,100,UCI_0290,11,10,12,13,11,13,Computer Science,Physical Chemist,2.840847887901288,2,1,0,10.0
STU03434,22,Female,Business,1.2,1.9,No,53.8,6.6,No,4.0,5,3.5,6.8,Quiet Room,Yes,5,10,Reading,2.1,99,UCI_0290,11,11,10,11,13,12,Business,Marketing Manager,2.513231460210517,0,0,1,10.0
STU03435,16,Male,Psychology,6.6,2.4,No,61.6,8.2,No,4.0,8,6.3,12.1,Cafe,No,8,5,Kinesthetic,5.8,100,UCI_0290,11,9,10,11,13,11,Psychology,Game Developer,3.764479515483599,1,0,1,10.0
STU03436,16,Male,Business,0.1,2.8,No,96.2,7.3,No,3.4,7,2.3,6.4,Co-Learning Group,No,9,9,Visual,6.5,86,UCI_0290,11,11,12,11,12,12,Business,Legal Analyst,2.877327011103316,2,0,0,8.5
STU03437,19,Male,Biology,3.8,4.5,Yes,48.1,5.7,No,4.0,6,4.0,10.3,Co-Learning Group,No,1,7,Visual,9.1,95,UCI_0290,12,9,12,13,13,13,Biology,Inorganic Chemist,3.298718750873213,2,2,1,10.0
STU03438,23,Other,Arts,1.9,4.2,Yes,89.8,8.5,Yes,3.16,8,7.2,8.1,Co-Learning Group,No,2,8,Visual,2.6,79,UCI_0290,11,10,12,12,13,12,Arts,Forensic Psychologist,3.829528629023195,1,4,1,7.9
STU03439,25,Other,Psychology,1.3,2.0,Yes,76.1,6.4,No,3.29,8,9.7,7.9,Co-Learning Group,No,2,9,Visual,8.5,81,UCI_0290,13,11,11,13,12,11,Psychology,Risk Analyst,2.8992311692708217,2,0,1,8.22
STU03440,17,Other,Arts,6.8,3.9,No,57.3,9.0,Yes,4.0,8,3.1,12.8,Quiet Room,Yes,8,8,Auditory,2.3,100,UCI_0290,12,11,10,11,12,12,Arts,AI Researcher,3.192189660391992,2,0,0,10.0
STU03441,18,Male,Psychology,7.8,0.7,Yes,66.0,5.7,Yes,4.0,6,2.5,10.6,Dorm,No,2,6,Auditory,8.9,100,UCI_0005,6,10,10,10,12,14,Psychology,Sound Engineer,2.740900897113145,0,4,0,10.0
STU03442,22,Male,Business,4.7,2.4,No,56.1,7.5,Yes,4.0,5,4.4,10.5,Quiet Room,Yes,1,5,Visual,7.4,100,UCI_0005,6,11,10,10,13,14,Business,Acoustics Specialist,3.6850060497784543,1,3,0,10.0
STU03443,22,Male,Biology,3.6,2.2,Yes,51.8,9.1,No,2.73,5,8.5,8.6,Dorm,Yes,4,10,Reading,7.7,68,UCI_0005,7,9,11,11,12,13,Biology,Architect,3.1387198663822367,0,2,0,6.83
STU03444,20,Female,Psychology,6.3,1.0,No,97.9,7.4,Yes,4.0,8,4.2,12.2,Quiet Room,Yes,8,6,Auditory,1.6,95,UCI_0005,5,9,11,12,13,14,Psychology,Marketing Manager,3.5474701441619905,1,2,0,10.0
STU03445,19,Other,Computer Science,5.67276439,0.3,No,82.7,7.0,No,3.62,3,1.7,10.5,Cafe,Yes,8,7,Auditory,6.8,92,UCI_0005,7,10,9,11,12,14,Computer Science,Market Research Analyst,3.4207604796224187,0,3,0,9.05
STU03446,22,Male,Biology,6.1,2.7,Yes,86.8,6.6,No,4.0,5,2.9,12.0,Quiet Room,No,2,10,Reading,1.3,100,UCI_0005,6,11,11,11,14,14,Biology,Education Administrator,3.128606852121409,2,4,0,10.0
STU03447,23,Male,Biology,7.0,3.9,No,53.3,5.9,Yes,4.0,1,1.4,14.0,Cafe,Yes,1,8,Reading,2.1,100,UCI_0005,7,9,10,12,14,13,Biology,Art Director,3.046948939814066,2,4,0,10.0
STU03448,20,Male,Arts,5.8,0.2,No,74.8,6.7,Yes,3.21,2,3.1,7.6,Dorm,No,10,5,Reading,7.9,72,UCI_0005,5,9,10,11,14,12,Arts,Organic Chemist,4.8494709240002924,0,4,0,8.03
STU03449,25,Other,Business,2.4,4.5,Yes,77.7,6.6,No,4.0,6,1.0,11.4,Dorm,Yes,8,8,Visual,5.2,94,UCI_0005,6,9,11,10,12,12,Business,Manager,2.755567700658312,0,0,0,10.0
STU03450,28,Female,Arts,2.8,0.9,No,56.0,8.1,No,3.32,5,2.3,5.8,Quiet Room,No,5,10,Reading,1.5,88,UCI_0005,5,10,10,11,14,13,Arts,Industrial-Organizational Psychologist,2.548292819610888,1,2,0,8.3
STU03451,17,Male,Arts,5.1,3.5,Yes,66.4,5.6,No,3.66,8,8.2,10.0,Quiet Room,No,6,10,Reading,8.4,88,UCI_0005,5,10,11,11,12,14,Arts,Cybersecurity Analyst,4.694447963857047,1,2,0,9.15
STU03452,16,Female,Business,1.7,3.9,Yes,93.9,7.7,Yes,3.62,2,3.6,6.9,Quiet Room,No,3,10,Kinesthetic,3.4,92,UCI_0005,7,9,10,11,12,12,Business,Composer,4.929629269133001,2,3,1,9.05
STU03453,23,Male,Psychology,5.3,4.1,Yes,94.2,7.4,No,3.9,8,1.6,14.0,Co-Learning Group,Yes,3,10,Visual,8.4,100,UCI_0005,7,10,11,11,13,14,Psychology,Psychologist,4.455116252560357,1,3,0,9.75
STU03454,22,Male,Business,6.2,2.7,Yes,93.2,7.2,No,4.0,6,3.7,14.5,Dorm,No,7,10,Visual,1.7,100,UCI_0005,5,10,9,10,14,12,Business,Nuclear Physicist,4.964261182318694,1,4,0,10.0
STU03455,19,Female,Psychology,4.0,0.9,No,45.4,4.7,Yes,3.35,4,9.1,6.9,Library,No,8,7,Reading,8.3,86,UCI_0005,6,10,11,11,14,14,Psychology,Teacher,3.8363402709188543,0,1,0,8.38
STU03456,24,Female,Business,0.0,2.0,Yes,97.5,4.5,No,1.98,8,6.3,4.9,Dorm,Yes,9,10,Visual,6.4,53,UCI_0203,9,9,9,11,12,13,Business,Musician,2.835921224806372,0,3,1,4.95
STU03457,28,Female,Psychology,5.0,2.6,Yes,40.9,7.4,Yes,3.58,7,4.7,12.8,Quiet Room,Yes,4,10,Auditory,7.1,92,UCI_0005,7,9,9,10,13,13,Psychology,Physicist,2.8888746942900165,2,3,0,8.95
STU03458,27,Female,Engineering,6.1,2.9,Yes,42.0,4.0,No,3.06,1,2.8,13.0,Co-Learning Group,No,2,10,Reading,8.8,74,UCI_0042,11,13,11,10,12,10,Engineering,Zoologist,4.177713523014569,2,4,1,7.65
STU03459,18,Other,Computer Science,5.120264240379694,0.1,No,49.1,5.7,Yes,4.0,8,5.4,8.4,Quiet Room,No,2,5,Reading,1.4,100,UCI_0042,13,13,13,9,11,10,Computer Science,Human Resources Specialist,3.0339596205180306,0,0,0,10.0
STU03460,27,Female,Arts,5.0,3.0,No,46.8,6.4,Yes,4.0,1,1.5,11.1,Library,Yes,3,10,Visual,4.4,100,UCI_0042,12,13,13,11,11,12,Arts,Electrical Engineer,4.878690745441848,1,3,0,10.0
STU03461,28,Female,Computer Science,5.524495138250662,2.5,Yes,64.3,9.4,Yes,3.2,6,6.6,10.7,Dorm,Yes,2,8,Reading,4.9,82,UCI_0042,13,13,13,10,10,10,Computer Science,Zoologist,2.640251913261841,2,0,0,8.0
STU03462,19,Male,Psychology,4.3,2.3,Yes,62.5,9.6,No,3.94,5,7.9,9.3,Dorm,Yes,8,10,Auditory,1.8,93,UCI_0042,13,11,11,11,11,12,Psychology,Music Therapist,4.916617348882779,0,2,0,9.85
STU03463,26,Female,Psychology,0.5,1.7,No,63.6,6.8,Yes,2.16,5,4.0,6.5,Cafe,No,8,10,Auditory,3.6,56,UCI_0230,10,8,9,9,10,11,Psychology,Accountant,4.875438524551528,2,3,1,5.4
STU03464,23,Female,Engineering,3.5,4.1,Yes,77.9,5.0,No,3.61,7,6.5,10.1,Quiet Room,No,8,6,Visual,3.0,89,UCI_0042,12,12,12,10,10,12,Engineering,Sound Engineer,3.3492748735029902,2,2,1,9.03
STU03465,18,Other,Computer Science,3.815707622712812,0.2,Yes,95.3,6.8,Yes,3.37,8,5.2,6.2,Dorm,No,8,10,Reading,4.6,81,UCI_0042,11,12,13,10,10,10,Computer Science,Financial Analyst,4.630926056299487,2,2,1,8.43
STU03466,27,Male,Biology,5.7,3.9,Yes,95.7,6.9,No,4.0,5,5.6,14.9,Dorm,Yes,9,10,Auditory,8.3,100,UCI_0042,12,12,13,9,11,10,Biology,Financial Analyst,3.2343602998872445,2,1,1,10.0
STU03467,16,Female,Business,5.3,4.4,No,97.0,4.1,No,3.82,1,6.9,12.9,Cafe,No,2,10,Visual,4.9,94,UCI_0042,12,12,11,9,10,11,Business,Urban Planner,2.5425839546526854,0,1,1,9.55
STU03468,20,Male,Arts,3.6,3.3,No,72.9,6.9,No,4.0,5,3.1,11.3,Dorm,No,8,10,Auditory,7.4,100,UCI_0042,11,11,11,9,10,11,Arts,Physical Chemist,4.115040055401629,0,4,1,10.0
STU03469,16,Male,Arts,2.5,3.1,Yes,84.6,6.1,Yes,4.0,7,4.6,8.1,Library,Yes,2,9,Visual,3.6,100,UCI_0042,11,11,11,9,10,10,Arts,Musician,4.354808188825608,0,1,1,10.0
STU03470,24,Male,Psychology,4.9,0.5,Yes,48.4,6.6,No,3.96,2,3.6,8.4,Dorm,Yes,10,10,Reading,4.1,93,UCI_0042,13,13,11,9,11,12,Psychology,Interior Designer,3.021274775806164,2,4,0,9.9
STU03471,17,Male,Biology,2.4,4.7,No,97.0,8.2,No,4.0,7,3.8,8.7,Co-Learning Group,No,7,10,Auditory,3.7,100,UCI_0042,13,13,11,10,11,11,Biology,Education Administrator,3.128606852121409,2,4,0,10.0
STU03472,23,Other,Biology,0.9,3.0,No,58.4,6.4,No,3.91,3,4.1,8.8,Dorm,No,7,6,Kinesthetic,2.1,100,UCI_0042,13,11,12,9,10,10,Biology,Biologist,3.418061261920186,2,3,1,9.78
STU03473,28,Female,Computer Science,2.073036810763665,2.8,Yes,87.4,8.0,Yes,4.0,1,5.8,8.1,Library,No,9,6,Auditory,3.9,100,UCI_0042,13,12,13,11,11,12,Computer Science,Landscape Architect,4.972047066851035,0,4,1,10.0
STU03474,24,Other,Biology,5.5,2.2,No,44.9,8.1,Yes,2.8,7,8.4,11.9,Co-Learning Group,No,2,9,Kinesthetic,2.1,72,UCI_0042,11,13,11,10,12,12,Biology,Ecologist,3.572467302967164,0,2,0,7.0
STU03475,28,Female,Biology,1.2,3.9,Yes,71.8,6.5,No,2.35,6,9.4,9.4,Cafe,No,1,8,Reading,5.0,63,UCI_0086,9,10,10,13,12,12,Biology,Accountant,4.657174482564422,2,0,1,5.88
STU03476,24,Female,Arts,4.6,0.3,Yes,82.9,8.8,Yes,3.63,7,2.6,6.1,Quiet Room,No,2,10,Reading,1.3,100,UCI_0042,13,11,13,10,10,12,Arts,Doctor,3.192499959,0,2,0,9.07
STU03477,26,Male,Biology,7.2,3.6,Yes,71.7,5.2,Yes,3.38,4,8.6,14.6,Library,No,8,9,Visual,5.8,83,UCI_0031,10,10,11,9,11,11,Biology,Astronomer,2.622861281473437,1,4,1,8.45
STU03478,27,Male,Business,5.2,0.5,Yes,63.9,7.5,No,4.0,1,4.6,9.6,Co-Learning Group,No,9,5,Visual,8.0,98,UCI_0031,10,12,11,10,12,12,Business,Clinical Psychologist,3.481745251179499,1,2,1,10.0
STU03479,16,Female,Psychology,3.8,1.0,Yes,88.9,4.1,Yes,2.58,8,7.1,4.9,Dorm,No,3,7,Reading,9.3,70,UCI_0161,16,12,13,9,8,10,Psychology,Marketing Manager,4.4814764666466615,2,1,1,6.45
STU03480,21,Male,Computer Science,7.763076710330558,1.3,No,63.4,7.2,No,4.0,3,5.4,11.5,Quiet Room,No,1,5,Reading,4.9,93,UCI_0031,8,10,12,10,11,10,Computer Science,Market Research Analyst,2.9873740102729043,0,4,1,10.0
STU03481,22,Other,Arts,7.2,1.7,Yes,54.2,7.6,Yes,4.0,4,6.3,11.8,Cafe,No,9,6,Visual,7.8,89,UCI_0031,9,10,12,9,12,11,Arts,Biomedical Engineer,4.664657459,1,4,1,10.0
STU03482,27,Female,Business,5.9,4.8,No,56.4,8.3,No,3.33,2,5.2,12.5,Co-Learning Group,Yes,4,10,Visual,3.9,80,UCI_0031,8,12,13,9,10,10,Business,Analytical Chemist,3.086283862236081,2,3,1,8.32
STU03483,27,Other,Arts,0.4,3.8,No,68.1,8.5,Yes,2.86,1,3.1,8.6,Cafe,Yes,9,10,Kinesthetic,7.7,73,UCI_0031,9,11,12,10,11,10,Arts,Accountant,4.271021195549048,2,4,1,7.15
STU03484,25,Male,Psychology,5.8,0.3,No,42.5,8.4,Yes,4.0,2,4.9,9.1,Quiet Room,No,9,6,Kinesthetic,1.1,100,UCI_0031,8,12,13,11,12,11,Psychology,Nuclear Physicist,4.496096390390903,2,0,0,10.0
STU03485,24,Female,Computer Science,3.827602915026596,3.3,Yes,96.6,5.4,Yes,2.83,8,6.6,9.0,Dorm,Yes,6,10,Auditory,6.3,67,UCI_0031,10,12,13,9,10,11,Computer Science,Actuary,3.217536556,2,3,0,7.08
STU03486,26,Other,Computer Science,5.033140533957225,2.5,Yes,53.3,9.4,No,4.0,5,2.2,9.3,Dorm,Yes,5,5,Reading,6.3,96,UCI_0031,9,12,11,11,12,12,Computer Science,Biologist,4.411733386936261,1,4,1,10.0
STU03487,28,Male,Arts,3.1,3.8,No,66.1,4.6,Yes,4.0,7,5.3,10.4,Library,Yes,2,9,Reading,9.9,94,UCI_0031,8,10,11,11,12,11,Arts,Special Education Teacher,3.8461270674284576,2,0,0,10.0
STU03488,25,Male,Computer Science,0.9351573597074512,2.1,No,94.6,4.6,No,2.76,6,7.0,7.7,Dorm,Yes,1,8,Kinesthetic,3.7,63,UCI_0031,8,11,13,10,10,11,Computer Science,Actuary,3.217536556,2,3,0,6.9
STU03489,19,Male,Business,7.4,1.8,Yes,81.8,5.3,No,4.0,5,2.8,11.2,Quiet Room,Yes,8,9,Kinesthetic,6.4,100,UCI_0031,9,11,13,9,11,12,Business,Organic Chemist,3.271727953465549,2,4,0,10.0
STU03490,16,Female,Computer Science,7.016689684881996,2.4,Yes,99.1,9.5,No,3.64,4,2.0,10.1,Dorm,Yes,3,7,Kinesthetic,4.8,84,UCI_0031,8,10,11,10,10,12,Computer Science,Financial Analyst,3.608836752799015,0,3,0,9.1
STU03491,16,Female,Arts,6.1,0.9,No,82.8,5.5,Yes,2.89,7,4.6,9.0,Dorm,Yes,10,10,Auditory,8.5,75,UCI_0031,8,12,12,11,11,11,Arts,Aerospace Engineer,3.3185795087752017,0,1,1,7.23
STU03492,19,Male,Arts,3.6,3.7,No,88.6,7.5,No,2.99,5,1.0,9.6,Co-Learning Group,No,9,8,Auditory,9.0,77,UCI_0031,8,11,11,9,12,12,Arts,Biotechnologist,3.240976453010461,2,0,0,7.48
STU03493,19,Other,Business,2.4,2.2,No,56.8,5.3,Yes,3.3,4,4.2,9.9,Quiet Room,Yes,9,7,Visual,1.4,78,UCI_0031,8,11,11,9,11,12,Business,Clinical Psychologist,3.3341463631799466,0,3,0,8.25
STU03494,17,Other,Computer Science,4.740691846860856,1.5,No,69.0,7.9,No,2.93,6,4.7,10.5,Cafe,No,10,10,Reading,6.0,67,UCI_0011,9,8,10,14,13,14,Computer Science,Paralegal,4.882164567853074,0,2,1,7.33
STU03495,21,Other,Arts,2.7,2.2,Yes,79.5,8.6,No,3.94,8,6.3,9.9,Cafe,Yes,1,10,Visual,6.7,96,UCI_0011,11,9,9,13,15,15,Arts,Electrical Engineer,3.7185864805063007,0,3,0,9.85
STU03496,25,Other,Biology,5.5,0.4,Yes,81.8,6.3,No,4.0,5,3.9,10.2,Cafe,Yes,1,10,Auditory,8.7,100,UCI_0011,10,9,10,13,14,14,Biology,Industrial-Organizational Psychologist,4.045496620504544,1,4,0,10.0
STU03497,16,Other,Psychology,5.5,1.4,Yes,92.0,6.2,Yes,4.0,5,1.3,9.0,Library,Yes,6,10,Reading,4.2,100,UCI_0011,10,8,10,13,14,13,Psychology,Nuclear Physicist,4.321223480693961,1,0,1,10.0
STU03498,27,Male,Biology,6.4,1.6,Yes,50.7,5.7,No,3.28,4,5.9,10.8,Dorm,Yes,8,9,Visual,3.9,81,UCI_0011,10,8,8,15,13,13,Biology,Financial Analyst,2.673967308091973,1,0,1,8.2
STU03499,21,Male,Arts,6.3,3.4,Yes,46.6,7.0,No,4.0,2,6.4,11.6,Quiet Room,Yes,4,10,Kinesthetic,4.4,98,UCI_0011,10,9,8,14,14,15,Arts,Animator,4.771253320119147,0,1,1,10.0
STU03500,23,Other,Biology,5.7,2.8,No,44.2,6.8,Yes,4.0,8,5.9,10.1,Co-Learning Group,No,4,5,Visual,6.6,96,UCI_0011,9,7,9,13,15,13,Biology,Animator,3.887240268598484,1,0,0,10.0
STU03501,22,Other,Business,6.1,2.1,No,74.8,8.7,Yes,4.0,8,7.6,9.7,Quiet Room,Yes,5,10,Visual,9.5,100,UCI_0011,10,7,10,14,13,13,Business,Legal Secretary,3.130583221022194,0,3,0,10.0
STU03502,24,Male,Engineering,5.6,0.9,Yes,94.2,5.6,No,4.0,5,4.4,11.0,Dorm,No,3,7,Auditory,1.5,97,UCI_0011,9,7,10,14,15,13,Engineering,Artist,4.852860776536697,2,0,1,10.0
STU03503,26,Female,Psychology,3.0,1.6,No,49.2,5.4,No,3.93,5,2.8,7.3,Co-Learning Group,No,9,10,Kinesthetic,8.9,100,UCI_0011,11,8,9,15,15,15,Psychology,Composer,3.7478912435444416,0,0,1,9.83
STU03504,25,Male,Arts,1.2,3.4,Yes,62.8,5.3,Yes,4.0,4,4.4,8.8,Cafe,Yes,10,8,Reading,7.7,99,UCI_0011,11,8,10,15,15,14,Arts,Investment Banker,3.692975872477642,0,3,0,10.0
STU03505,28,Female,Psychology,4.3,1.3,No,76.1,8.1,Yes,4.0,2,4.7,6.5,Dorm,Yes,2,8,Kinesthetic,7.2,96,UCI_0011,9,8,8,13,14,14,Psychology,Biotechnologist,3.946595862402031,1,4,0,10.0
STU03506,23,Male,Engineering,2.2,0.8,Yes,99.9,8.8,No,3.95,2,4.0,8.7,Cafe,Yes,10,9,Auditory,8.3,95,UCI_0011,10,9,10,14,14,15,Engineering,AI Researcher,2.9303857796890846,2,1,1,9.88
STU03507,21,Female,Business,4.0,4.5,No,84.9,8.6,Yes,3.23,6,2.0,12.8,Quiet Room,Yes,5,10,Auditory,1.4,74,UCI_0011,9,9,10,15,13,14,Business,Doctor,3.457889740626489,2,4,0,8.07
STU03508,26,Other,Business,2.9,2.6,No,51.2,4.1,Yes,4.0,4,4.7,9.2,Co-Learning Group,No,10,10,Auditory,8.5,99,UCI_0011,11,7,8,14,14,15,Business,Principal,2.7120605094889902,2,0,1,10.0
STU03509,23,Female,Arts,3.6,2.3,No,51.3,8.3,No,2.74,3,7.5,9.1,Dorm,Yes,2,10,Kinesthetic,5.7,58,UCI_0011,10,9,8,14,13,13,Arts,Legal Analyst,4.286477246648239,1,4,0,6.85
STU03510,20,Male,Biology,6.5,4.8,No,52.7,7.7,Yes,4.0,6,9.1,14.9,Co-Learning Group,No,9,10,Auditory,7.5,98,UCI_0011,9,9,9,13,13,14,Biology,Zoologist,2.7445575143141627,1,0,0,10.0
STU03511,24,Other,Computer Science,7.0907771216062425,0.8,Yes,97.2,6.4,No,3.68,6,7.4,10.9,Cafe,No,3,6,Auditory,2.7,91,UCI_0354,12,12,9,14,12,14,Computer Science,Chemical Engineer,3.587594421856987,2,1,1,9.2
STU03512,25,Female,Engineering,5.2,1.8,Yes,92.1,7.7,No,3.95,4,2.2,7.8,Dorm,Yes,7,8,Visual,1.4,100,UCI_0354,10,11,11,12,13,12,Engineering,Clinical Psychologist,3.734021248413346,2,2,1,9.88
STU03513,16,Other,Engineering,5.6,4.2,Yes,56.9,6.7,Yes,4.0,1,1.0,13.7,Co-Learning Group,Yes,10,7,Reading,6.6,100,UCI_0354,12,12,11,14,11,13,Engineering,Data Scientist,3.881602952793253,0,2,0,10.0
STU03514,17,Female,Business,2.5,1.4,Yes,50.2,7.7,Yes,4.0,2,8.8,7.2,Quiet Room,Yes,7,5,Visual,9.1,98,UCI_0354,12,10,9,12,13,12,Business,Acoustics Specialist,3.6850060497784543,1,3,0,10.0
STU03515,22,Other,Biology,3.4,1.8,Yes,92.6,7.0,Yes,4.0,5,6.7,9.0,Cafe,No,3,10,Kinesthetic,3.7,97,UCI_0354,11,11,10,14,13,13,Biology,Advertising Manager,3.901443587169492,2,4,0,10.0
STU03516,16,Other,Psychology,8.2,4.1,No,60.6,7.7,No,4.0,6,6.5,16.1,Library,No,2,5,Visual,3.5,100,UCI_0354,12,10,11,12,11,12,Psychology,Illustrator,4.827988192702378,1,3,0,10.0
STU03517,23,Male,Arts,2.5,4.2,No,69.3,8.1,Yes,2.5,8,7.1,11.7,Dorm,Yes,5,9,Reading,6.3,63,UCI_0056,8,9,10,12,13,12,Arts,Civil Engineer,2.551045526973564,0,2,0,6.25
STU03518,22,Other,Computer Science,5.233369009,3.7,Yes,76.2,6.9,Yes,3.93,3,2.9,11.3,Quiet Room,Yes,4,6,Reading,3.3,98,UCI_0354,12,10,11,13,11,13,Computer Science,Quantum Physicist,2.682104082982871,0,4,0,9.83
STU03519,21,Other,Arts,2.3,4.9,Yes,88.5,6.5,No,4.0,4,6.8,8.0,Library,Yes,9,5,Visual,5.4,95,UCI_0354,10,10,10,14,12,12,Arts,Interior Designer,3.8751176046819977,1,0,1,10.0
STU03520,26,Other,Business,4.9,4.0,No,71.1,6.8,No,2.75,5,4.6,10.8,Dorm,Yes,6,10,Visual,7.3,72,UCI_0354,12,12,9,14,13,13,Business,Urban Planner,3.6691614805176775,0,1,1,6.88
STU03521,17,Other,Business,3.1,1.2,No,50.1,5.8,Yes,3.33,6,4.0,9.1,Dorm,Yes,2,10,Kinesthetic,6.3,89,UCI_0354,10,11,10,12,11,12,Business,Entrepreneur,2.683435821,0,1,0,8.32
STU03522,27,Female,Biology,5.9,3.4,No,88.6,7.2,No,3.9,3,3.1,10.7,Co-Learning Group,Yes,4,8,Reading,6.9,98,UCI_0354,10,12,9,13,12,12,Biology,Aerospace Engineer,2.888751790466595,2,3,0,9.75
STU03523,19,Other,Business,1.1,3.7,No,81.9,5.6,Yes,3.82,1,5.9,7.0,Library,No,9,7,Kinesthetic,9.4,100,UCI_0354,12,12,10,14,11,14,Business,Doctor,4.8358910213294095,1,4,1,9.55
STU03524,22,Other,Engineering,1.2,1.8,No,53.4,8.6,No,4.0,8,6.0,5.3,Cafe,Yes,2,9,Auditory,6.5,100,UCI_0354,12,11,11,14,12,12,Engineering,Actuary,2.6726832193130843,0,4,0,10.0
STU03525,28,Female,Biology,7.3,2.7,Yes,65.2,8.7,No,2.84,2,6.8,14.6,Cafe,No,5,10,Auditory,3.5,70,UCI_0354,10,10,9,14,11,14,Biology,Microbiologist,4.463865215008619,1,4,0,7.1
STU03526,16,Male,Business,3.8,3.5,Yes,51.1,5.4,No,2.87,3,5.5,11.2,Library,No,6,10,Kinesthetic,4.0,74,UCI_0363,12,11,11,9,10,11,Business,Biomedical Engineer,4.768461957486705,2,3,1,7.18
STU03527,18,Male,Psychology,3.3,2.2,No,93.5,5.2,No,3.9,2,3.6,10.0,Library,No,1,10,Reading,6.9,100,UCI_0363,12,12,11,11,12,12,Psychology,Software Developer,2.7587125005426536,0,3,1,9.75
STU03528,16,Male,Engineering,5.0,1.5,Yes,85.9,9.1,No,3.05,5,5.2,8.5,Quiet Room,No,10,9,Visual,4.2,64,UCI_0363,14,10,11,10,11,13,Engineering,Nuclear Physicist,4.894782195465073,2,0,0,7.62
STU03529,28,Female,Biology,0.0,0.9,No,80.0,6.7,No,3.61,7,4.0,5.3,Dorm,Yes,6,10,Visual,7.6,94,UCI_0363,14,11,10,10,12,13,Biology,Civil Engineer,2.7508216909054357,2,4,1,9.03
STU03530,17,Other,Business,5.0,0.2,Yes,80.6,7.6,Yes,3.74,4,5.1,8.7,Quiet Room,No,10,10,Kinesthetic,9.3,86,UCI_0363,14,10,10,10,11,12,Business,Biochemist,4.584543536565134,2,0,0,9.35
STU03531,21,Other,Engineering,5.1,4.6,No,96.2,5.6,Yes,4.0,4,4.4,13.2,Co-Learning Group,Yes,8,10,Visual,6.5,100,UCI_0363,14,11,11,11,11,12,Engineering,School Counselor,2.973980418285864,2,1,1,10.0
STU03532,25,Female,Biology,3.8,3.0,Yes,92.4,7.5,Yes,3.22,2,8.0,9.6,Dorm,No,4,8,Visual,7.2,80,UCI_0363,12,11,11,9,10,13,Biology,Music Therapist,3.307421856765343,2,4,0,8.05
STU03533,19,Male,Psychology,4.7,0.5,No,42.7,7.9,Yes,4.0,7,2.9,8.5,Library,Yes,8,10,Kinesthetic,8.7,100,UCI_0363,12,10,10,9,11,12,Psychology,Risk Analyst,2.8992311692708217,2,0,1,10.0
STU03534,17,Female,Business,1.6,0.2,Yes,51.3,8.5,No,4.0,2,5.5,5.9,Library,Yes,2,5,Auditory,3.8,97,UCI_0363,13,11,11,11,10,13,Business,Musician,2.835921224806372,0,3,1,10.0
STU03535,17,Female,Business,3.9,4.1,No,70.4,6.8,Yes,4.0,6,4.6,9.7,Cafe,No,4,6,Auditory,8.9,99,UCI_0363,12,12,11,10,10,12,Business,Electrical Engineer,4.984133926119306,1,3,0,10.0
STU03536,25,Male,Engineering,4.2,2.8,Yes,60.1,7.9,No,4.0,4,5.2,9.7,Dorm,Yes,10,6,Visual,3.6,100,UCI_0363,13,12,10,10,12,13,Engineering,Construction Manager,4.572850872078353,0,4,1,10.0
STU03537,23,Female,Biology,0.7,3.2,No,51.6,8.8,Yes,3.06,3,2.5,8.2,Dorm,No,8,10,Auditory,4.8,85,UCI_0363,14,11,12,9,12,12,Biology,Entrepreneur,4.262672030819608,0,1,0,7.65
STU03538,26,Female,Biology,2.6,2.0,No,79.1,6.0,No,2.52,6,7.2,8.0,Quiet Room,No,4,10,Kinesthetic,7.3,63,UCI_0039,11,12,10,12,11,12,Biology,Dentist,4.132476590760399,2,0,1,6.3
STU03539,26,Other,Psychology,4.3,3.2,No,51.7,7.7,No,3.57,1,4.1,12.2,Quiet Room,Yes,10,5,Reading,6.3,97,UCI_0363,12,11,11,9,12,13,Psychology,Market Research Analyst,2.541420087805521,1,2,1,8.92
STU03540,17,Male,Engineering,2.2,1.3,No,56.8,9.3,Yes,4.0,6,1.9,6.4,Co-Learning Group,No,6,6,Reading,4.7,100,UCI_0363,13,10,12,11,11,12,Engineering,Illustrator,4.075686658869605,1,4,1,10.0
STU03541,24,Male,Biology,4.0,3.2,No,61.2,7.1,No,4.0,4,1.6,10.3,Quiet Room,No,4,9,Reading,3.2,100,UCI_0363,12,11,10,10,12,12,Biology,AI Researcher,4.222376109024881,1,3,0,10.0
STU03542,26,Female,Computer Science,6.320844785973945,0.8,No,56.2,4.2,No,4.0,1,7.6,11.6,Cafe,Yes,3,8,Auditory,2.0,95,UCI_0363,13,12,12,9,10,11,Computer Science,Civil Engineer,3.04167647055568,1,1,1,10.0
STU03543,24,Male,Business,4.9,4.1,No,66.7,4.4,Yes,3.34,6,4.8,12.2,Cafe,No,5,8,Kinesthetic,3.8,93,UCI_0115,11,13,14,8,11,11,Business,Counselor,3.9954379814923926,2,4,0,8.35
STU03544,22,Female,Computer Science,4.440392980600253,4.7,Yes,73.3,5.0,Yes,2.94,7,3.1,13.5,Library,Yes,10,10,Kinesthetic,7.2,68,UCI_0115,9,14,14,7,10,11,Computer Science,Interior Designer,3.9743073531514073,1,1,1,7.35
STU03545,18,Male,Arts,3.6,1.5,No,62.0,4.6,No,3.59,7,5.9,6.7,Co-Learning Group,No,5,10,Reading,8.6,94,UCI_0115,11,13,13,7,10,10,Arts,Illustrator,3.574126387320245,1,3,0,8.97
STU03546,21,Male,Arts,6.0,2.0,No,62.4,5.3,Yes,3.94,3,5.2,11.0,Co-Learning Group,No,10,6,Auditory,6.7,100,UCI_0115,10,12,14,8,9,10,Arts,Illustrator,2.742564865158517,1,4,0,9.85
STU03547,16,Female,Engineering,5.7,2.4,No,71.8,10.2,No,4.0,7,5.3,10.5,Cafe,Yes,8,10,Auditory,10.0,100,UCI_0115,10,12,13,9,11,9,Engineering,Conductor,4.819270072853842,2,0,0,10.0
STU03548,28,Other,Engineering,1.9,2.5,Yes,85.1,6.8,Yes,2.53,5,6.0,5.9,Dorm,No,6,10,Auditory,9.7,62,UCI_0097,7,11,11,13,12,13,Engineering,Clinical Psychologist,4.794085235394915,2,2,1,6.32
STU03549,20,Female,Biology,2.6,4.6,No,54.7,5.2,No,4.0,4,3.0,11.0,Co-Learning Group,No,2,6,Reading,2.3,95,UCI_0115,9,14,14,9,10,11,Biology,Industrial-Organizational Psychologist,4.866987102409705,2,3,1,10.0
STU03550,28,Male,Biology,2.8,3.3,Yes,85.3,6.1,No,4.0,2,5.4,7.9,Dorm,Yes,6,7,Auditory,1.1,100,UCI_0115,10,13,14,7,11,11,Biology,Financial Analyst,4.143351542083547,2,1,1,10.0
STU03551,20,Male,Business,3.8,0.6,Yes,71.1,6.7,Yes,3.71,8,3.4,5.4,Cafe,No,1,10,Auditory,4.9,93,UCI_0115,10,12,14,7,11,11,Business,Actuary,2.5988038928059747,0,0,1,9.28
STU03552,26,Female,Computer Science,7.424033795826511,0.1,Yes,47.1,7.3,Yes,3.6,8,5.5,12.0,Co-Learning Group,Yes,5,7,Visual,2.8,99,UCI_0115,10,13,12,8,9,11,Computer Science,Landscape Architect,3.758358206783096,1,3,1,9.0
STU03553,28,Male,Biology,6.0,3.1,Yes,88.3,10.1,No,3.17,4,7.4,11.2,Quiet Room,No,1,10,Auditory,1.7,84,UCI_0115,10,12,14,7,10,9,Biology,Credit Analyst,2.820656328611776,0,1,0,7.92
STU03554,24,Male,Business,0.0,1.2,Yes,64.7,5.5,No,3.07,8,6.5,1.8,Dorm,Yes,5,10,Visual,3.2,71,UCI_0115,9,12,12,9,11,11,Business,Fluid Mechanics Engineer,3.834980909106675,1,4,0,7.67
STU03555,24,Male,Computer Science,5.902845208006028,3.6,Yes,75.2,7.5,No,3.92,5,6.0,11.3,Dorm,No,1,10,Reading,9.2,97,UCI_0115,11,13,13,7,11,10,Computer Science,Urban Planner,4.024161607857881,1,1,0,9.8
STU03556,22,Female,Computer Science,2.510759398423286,1.5,No,44.3,7.5,Yes,2.68,3,4.6,7.6,Dorm,Yes,5,7,Auditory,8.4,70,UCI_0115,10,12,13,9,10,10,Computer Science,Legal Consultant,4.414386784442627,1,0,0,6.7
STU03557,21,Other,Arts,3.0,3.1,No,92.6,6.5,Yes,3.68,4,3.0,10.7,Co-Learning Group,Yes,8,10,Visual,9.8,91,UCI_0115,11,12,14,9,10,11,Arts,Brand Manager,4.100064424196082,0,2,1,9.2
STU03558,20,Female,Business,3.5,3.6,Yes,94.3,8.3,No,3.85,3,7.5,7.5,Library,Yes,9,8,Kinesthetic,8.8,91,UCI_0115,9,12,12,8,11,10,Business,Electrical Engineer,4.809164387366743,1,0,0,9.62
STU03559,17,Female,Biology,2.8,2.2,No,96.1,7.9,No,3.43,7,6.6,8.3,Co-Learning Group,Yes,1,10,Reading,8.1,85,UCI_0115,11,12,14,7,10,11,Biology,Special Education Teacher,2.5509486529605416,0,2,1,8.58
STU03560,23,Male,Psychology,3.1,3.5,No,44.2,6.4,Yes,3.69,4,2.6,8.9,Quiet Room,Yes,4,10,Reading,7.0,90,UCI_0345,14,14,13,8,9,10,Psychology,Biochemist,3.637726824445053,2,1,1,9.22
STU03561,26,Other,Computer Science,10.41118311698656,2.2,Yes,91.6,9.1,Yes,4.0,4,3.2,16.9,Library,No,1,6,Visual,7.0,97,UCI_0345,14,13,13,8,8,9,Computer Science,Artist,3.808609023924454,2,2,0,10.0
STU03562,21,Male,Biology,2.2,1.4,Yes,98.8,8.0,Yes,3.66,4,7.5,4.7,Dorm,Yes,4,10,Kinesthetic,3.9,88,UCI_0345,13,13,13,9,10,11,Biology,Industrial-Organizational Psychologist,4.420969050439081,1,2,0,9.15
STU03563,27,Other,Arts,2.7,4.9,No,57.1,8.5,No,4.0,5,5.5,10.5,Cafe,Yes,2,5,Auditory,7.2,100,UCI_0345,13,14,14,7,9,10,Arts,Microbiologist,2.5198677076996523,2,3,1,10.0
STU03564,26,Male,Biology,5.1,2.5,No,74.5,6.6,Yes,3.22,1,9.0,8.9,Quiet Room,No,5,10,Reading,1.6,82,UCI_0345,14,13,12,7,8,9,Biology,Financial Controller,2.821570209416658,1,1,0,8.05
STU03565,19,Male,Computer Science,4.199216677709715,3.4,Yes,64.4,9.7,Yes,4.0,8,2.5,11.6,Library,Yes,1,6,Visual,1.9,100,UCI_0345,12,14,13,9,10,10,Computer Science,Investment Banker,2.9263511534682496,1,2,0,10.0
STU03566,20,Other,Psychology,4.9,1.8,Yes,58.2,8.8,Yes,3.94,5,4.6,10.3,Quiet Room,Yes,10,10,Kinesthetic,7.0,100,UCI_0345,13,12,14,8,10,9,Psychology,Music Therapist,3.9599547655598144,2,0,0,9.85
STU03567,26,Female,Arts,5.0,0.4,No,93.9,8.7,Yes,4.0,5,3.6,9.3,Cafe,Yes,7,6,Reading,8.2,100,UCI_0345,12,12,14,8,8,9,Arts,Data Scientist,4.7229785586251465,2,0,0,10.0
STU03568,25,Other,Biology,2.6,5.0,No,64.4,6.9,Yes,4.0,4,4.0,10.0,Co-Learning Group,No,7,7,Auditory,9.2,98,UCI_0345,13,14,14,8,10,9,Biology,Nuclear Physicist,3.888507498413032,0,3,1,10.0
STU03569,28,Male,Business,3.8,3.5,No,40.7,8.4,No,3.34,5,7.6,10.1,Co-Learning Group,No,1,6,Auditory,9.1,76,UCI_0345,14,12,13,9,10,9,Business,Composer,4.726030938544065,0,2,1,8.35
STU03570,22,Male,Business,1.1,3.6,No,97.7,5.7,No,4.0,8,5.8,8.1,Quiet Room,No,10,5,Kinesthetic,6.0,99,UCI_0345,13,12,12,8,9,9,Business,Education Administrator,4.718771743537641,0,1,1,10.0
STU03571,24,Other,Psychology,1.3,0.9,Yes,63.7,7.0,No,3.43,2,1.2,5.1,Cafe,No,1,10,Auditory,7.0,89,UCI_0345,14,13,13,8,9,9,Psychology,Mechanical Engineer,4.821562014946679,1,2,0,8.58
STU03572,25,Female,Business,0.5,3.0,No,66.5,6.4,Yes,3.34,1,4.7,6.4,Co-Learning Group,Yes,5,10,Auditory,2.6,80,UCI_0345,13,14,13,8,10,10,Business,Musician,4.551546351558858,0,3,1,8.35
STU03573,19,Other,Psychology,3.5,1.4,No,58.7,9.5,Yes,3.23,7,7.4,10.2,Library,No,4,10,Reading,7.6,80,UCI_0345,12,12,14,8,9,9,Psychology,Civil Engineer,4.855695535567991,0,0,1,8.07
STU03574,21,Female,Engineering,3.1,0.3,Yes,48.7,8.1,No,2.96,4,1.7,5.3,Dorm,Yes,10,10,Kinesthetic,3.2,74,UCI_0345,12,13,14,7,9,11,Engineering,Aerospace Engineer,3.994900121952287,0,4,1,7.4
STU03575,27,Female,Computer Science,2.899417627247243,1.7,Yes,47.6,7.8,Yes,3.38,6,2.4,7.7,Quiet Room,Yes,1,10,Reading,6.8,92,UCI_0345,12,12,12,9,9,11,Computer Science,Financial Analyst,3.10580430479538,2,1,1,8.45
STU03576,26,Other,Business,6.9,4.2,No,47.9,6.9,Yes,4.0,7,5.0,15.3,Library,Yes,6,9,Visual,3.6,100,UCI_0345,14,13,12,7,9,10,Business,Advertising Manager,2.890194726,2,2,1,10.0
STU03577,17,Male,Computer Science,5.123565725644884,2.7,No,58.4,5.5,Yes,3.15,8,4.1,10.1,Co-Learning Group,No,2,9,Reading,2.6,78,UCI_0161,15,13,12,9,9,10,Computer Science,Microbiologist,4.987102544390438,0,4,1,7.88
STU03578,16,Female,Arts,8.0,3.6,Yes,68.1,8.7,No,4.0,3,5.6,13.1,Quiet Room,Yes,1,8,Visual,3.0,100,UCI_0161,17,11,14,10,9,9,Arts,Quantum Physicist,3.7651617384694336,1,3,1,10.0
STU03579,21,Male,Engineering,3.0,3.2,No,73.7,6.9,Yes,3.5,1,6.5,8.9,Quiet Room,No,10,5,Visual,5.8,83,UCI_0161,15,11,14,8,8,10,Engineering,Biochemist,3.084732821912686,2,4,0,8.75
STU03580,28,Male,Business,4.2,1.9,No,81.6,4.6,Yes,3.71,7,3.1,7.1,Co-Learning Group,No,2,10,Auditory,7.7,88,UCI_0161,17,13,12,10,7,9,Business,Judge,2.631774546291908,2,3,1,9.28
STU03581,18,Male,Engineering,4.7,0.5,No,98.6,7.0,No,4.0,6,3.9,8.0,Dorm,No,9,6,Reading,1.2,100,UCI_0161,15,12,13,10,9,10,Engineering,Urban Planner,4.239598931654722,2,1,1,10.0
STU03582,27,Other,Business,5.4,2.6,Yes,96.9,8.2,No,4.0,7,4.9,10.7,Dorm,No,10,5,Reading,7.6,92,UCI_0161,16,11,14,9,9,10,Business,Biotechnologist,4.214491177406357,2,3,0,10.0
STU03583,19,Female,Arts,1.8,5.0,Yes,61.4,5.6,Yes,4.0,7,2.6,11.7,Co-Learning Group,Yes,2,6,Visual,7.4,99,UCI_0161,17,13,14,9,7,9,Arts,Biotechnologist,4.213002542311614,1,0,1,10.0
STU03584,26,Female,Computer Science,6.432099802545705,4.9,No,64.8,4.8,No,4.0,1,9.0,15.6,Quiet Room,No,3,5,Auditory,8.6,100,UCI_0161,16,13,14,8,8,11,Computer Science,Teacher,3.808329948834704,2,4,1,10.0
STU03585,20,Other,Biology,5.2,4.5,Yes,67.8,7.2,Yes,3.78,1,6.1,10.4,Co-Learning Group,Yes,10,5,Auditory,7.7,100,UCI_0161,15,12,14,8,7,10,Biology,Astronomer,2.747964615322046,2,4,0,9.45
STU03586,23,Male,Psychology,2.6,4.7,No,57.4,7.7,Yes,3.2,5,5.2,9.7,Cafe,No,8,7,Reading,8.7,84,UCI_0161,17,11,14,8,8,10,Psychology,Pharmacist,3.453148546923233,0,1,1,8.0
STU03587,24,Other,Psychology,4.9,1.3,Yes,47.9,7.4,Yes,3.5,4,5.7,10.4,Co-Learning Group,No,5,5,Reading,1.1,87,UCI_0161,15,13,14,10,7,10,Psychology,Curriculum Developer,4.610537872224596,0,1,0,8.75
STU03588,17,Other,Psychology,0.6,2.8,No,77.4,10.7,No,4.0,1,3.4,7.2,Library,Yes,9,5,Auditory,8.2,100,UCI_0161,17,11,13,9,8,10,Psychology,Legal Secretary,4.198432165187918,0,4,0,10.0
STU03589,26,Female,Psychology,3.6,1.5,Yes,68.3,7.7,No,3.86,3,4.0,7.8,Quiet Room,Yes,4,5,Reading,2.0,97,UCI_0161,17,11,14,10,7,11,Psychology,Game Developer,4.736126451971089,0,4,0,9.65
STU03590,21,Other,Biology,2.9,0.4,Yes,49.2,5.1,Yes,4.0,7,5.3,4.9,Co-Learning Group,Yes,5,9,Auditory,6.9,100,UCI_0161,15,11,13,10,9,10,Biology,Marketing Specialist,4.771578808702374,0,3,1,10.0
STU03591,17,Male,Biology,4.6,4.6,Yes,98.4,8.1,No,3.44,2,6.1,13.1,Cafe,No,9,5,Auditory,9.9,80,UCI_0161,17,11,14,9,7,9,Biology,Game Developer,4.680543589762815,0,4,0,8.6
STU03592,25,Other,Engineering,3.0,3.4,No,97.5,5.1,No,2.58,2,3.6,10.6,Library,Yes,6,10,Auditory,1.2,69,UCI_0221,8,9,11,11,12,14,Engineering,Composer,3.4499072001015927,2,2,1,6.45
STU03593,18,Female,Psychology,1.4,1.8,Yes,67.6,6.1,Yes,3.52,6,6.4,4.4,Library,No,2,10,Visual,5.2,85,UCI_0161,15,13,13,8,9,10,Psychology,Paralegal,2.661199550264505,1,3,0,8.8
STU03594,16,Female,Psychology,8.7,3.3,Yes,57.0,5.2,Yes,4.0,3,3.6,17.5,Library,Yes,1,8,Reading,6.3,98,UCI_0161,16,13,14,10,9,9,Psychology,Psychologist,4.455116252560357,1,3,0,10.0
STU03595,24,Other,Psychology,3.3,3.8,No,56.4,6.2,No,3.16,6,3.1,8.8,Quiet Room,Yes,6,7,Kinesthetic,8.0,75,UCI_0270,12,10,11,10,11,12,Psychology,Lawyer,4.315489523516352,2,4,0,7.9
STU03596,17,Other,Business,5.2,3.0,Yes,81.4,5.7,Yes,3.58,5,5.5,11.5,Cafe,No,2,7,Reading,8.2,89,UCI_0270,12,9,12,11,11,12,Business,Interior Designer,4.199790240423444,0,4,0,8.95
STU03597,20,Other,Engineering,2.5,2.6,No,67.7,7.8,No,2.84,8,5.4,9.3,Cafe,No,6,10,Kinesthetic,5.4,64,UCI_0270,13,9,11,11,10,13,Engineering,Physicist,4.769585550978272,1,0,1,7.1
STU03598,22,Other,Arts,0.2,4.2,Yes,92.1,8.0,No,3.11,3,4.3,6.1,Dorm,No,7,8,Visual,9.9,78,UCI_0270,11,11,11,11,12,12,Arts,Teacher,3.801819377963701,2,4,0,7.77
STU03599,18,Female,Arts,6.2,2.3,Yes,79.4,6.3,Yes,4.0,4,5.5,12.6,Quiet Room,Yes,2,9,Visual,3.4,100,UCI_0270,13,10,11,11,10,12,Arts,Education Administrator,3.888538684922606,1,0,1,10.0
STU03600,17,Male,Business,3.4,1.3,Yes,83.9,5.5,Yes,4.0,3,6.0,7.5,Quiet Room,Yes,1,5,Visual,5.7,100,UCI_0270,11,10,12,9,11,12,Business,Acoustics Specialist,3.8239640423205583,1,4,1,10.0
STU03601,16,Other,Business,5.1,3.5,Yes,65.1,8.0,No,2.61,1,4.0,14.2,Cafe,No,10,10,Auditory,4.2,65,UCI_0270,13,9,10,9,11,12,Business,Microbiologist,2.904603407347337,1,2,1,6.52
STU03602,17,Other,Engineering,5.3,0.2,No,61.6,8.0,Yes,4.0,6,6.7,5.7,Quiet Room,Yes,6,5,Reading,2.3,94,UCI_0270,13,10,10,11,10,12,Engineering,Electrical Engineer,3.717426909426947,1,3,0,10.0
STU03603,20,Other,Psychology,6.7,2.3,No,51.5,5.1,Yes,4.0,8,7.7,12.8,Quiet Room,Yes,6,10,Reading,3.1,90,UCI_0270,12,9,11,10,12,11,Psychology,Cybersecurity Analyst,3.947128679720315,0,4,1,10.0
STU03604,28,Male,Business,0.8,1.1,Yes,40.1,5.6,Yes,3.31,1,6.7,4.5,Cafe,Yes,10,9,Kinesthetic,5.1,90,UCI_0270,13,10,12,9,10,13,Business,Forensic Psychologist,4.018728739499954,1,4,0,8.28
STU03605,28,Female,Arts,2.8,2.7,Yes,59.2,8.1,Yes,3.64,4,7.0,6.5,Dorm,Yes,6,8,Kinesthetic,3.5,82,UCI_0270,12,9,12,9,11,13,Arts,Forensic Psychologist,3.530789656723273,1,1,1,9.1
STU03606,25,Other,Computer Science,7.721510226085417,1.2,Yes,40.6,7.6,No,4.0,4,6.4,12.5,Co-Learning Group,No,6,7,Auditory,8.1,100,UCI_0270,13,11,11,9,10,13,Computer Science,Advertising Manager,3.642272789144628,2,0,0,10.0
STU03607,21,Other,Computer Science,6.871004027430594,4.7,Yes,90.7,8.6,Yes,4.0,7,5.6,16.0,Co-Learning Group,No,1,10,Auditory,9.1,100,UCI_0270,12,9,12,11,10,13,Computer Science,Paralegal,2.7312210785490447,1,1,1,10.0
STU03608,21,Male,Psychology,0.2,3.8,No,57.8,4.2,No,2.44,6,8.0,4.5,Dorm,Yes,3,10,Reading,5.0,61,UCI_0064,10,10,8,13,14,13,Psychology,Fluid Mechanics Engineer,3.839942822765151,1,1,1,6.1
STU03609,25,Female,Arts,1.1,1.8,Yes,49.3,6.1,No,3.03,7,5.2,7.5,Co-Learning Group,No,9,10,Reading,3.1,80,UCI_0270,11,11,10,11,10,12,Arts,Inorganic Chemist,2.7339045152557206,2,1,0,7.57
STU03610,17,Female,Engineering,3.7,2.4,No,99.8,6.3,Yes,4.0,4,2.1,7.4,Quiet Room,Yes,6,10,Kinesthetic,2.8,100,UCI_0270,12,11,11,11,10,12,Engineering,AI Researcher,2.8625944133858146,0,4,1,10.0
STU03611,21,Female,Business,3.8,3.8,No,80.4,6.3,No,2.69,6,4.4,9.3,Dorm,No,1,8,Reading,7.6,73,UCI_0270,13,9,12,11,12,11,Business,Special Education Teacher,4.822890178853194,0,3,1,6.72
STU03612,26,Male,Psychology,0.0,0.8,Yes,88.2,6.8,Yes,3.73,7,4.5,3.7,Library,Yes,6,5,Auditory,8.1,100,UCI_0270,13,11,10,10,10,12,Psychology,Counselor,4.642337314840869,0,4,1,9.32
STU03613,23,Other,Biology,6.1,1.1,No,85.1,4.5,Yes,4.0,7,4.1,9.4,Co-Learning Group,No,5,8,Reading,6.0,100,UCI_0270,11,10,11,10,12,13,Biology,Music Teacher,4.726303476014429,2,4,1,10.0
STU03614,20,Female,Business,5.1,4.2,Yes,81.5,7.2,Yes,3.56,2,9.1,12.5,Co-Learning Group,Yes,1,10,Visual,9.2,92,UCI_0210,9,9,10,12,13,13,Business,Data Scientist,4.314885495701056,2,4,0,8.9
STU03615,20,Other,Biology,7.6,0.5,No,86.4,8.8,Yes,4.0,5,6.1,11.7,Co-Learning Group,No,9,10,Reading,6.8,95,UCI_0210,8,8,9,13,12,12,Biology,Credit Analyst,2.6703186529080183,0,1,1,10.0
STU03616,28,Female,Engineering,1.4,1.5,No,97.8,7.3,Yes,3.72,4,6.1,6.1,Co-Learning Group,Yes,10,6,Visual,2.8,85,UCI_0210,8,10,10,13,12,13,Engineering,Market Research Analyst,4.219835936088578,0,2,1,9.3
STU03617,24,Other,Psychology,2.9,0.6,No,46.4,5.3,No,3.57,2,7.4,8.3,Dorm,No,5,5,Kinesthetic,3.5,92,UCI_0210,9,8,11,13,12,14,Psychology,Curriculum Developer,3.285483601665585,1,0,0,8.92
STU03618,20,Other,Business,5.5,1.5,Yes,46.9,9.7,Yes,4.0,6,3.6,10.2,Co-Learning Group,No,4,8,Visual,9.8,99,UCI_0210,9,9,11,12,12,14,Business,Financial Advisor,4.164240427407635,2,4,0,10.0
STU03619,17,Male,Business,2.9,3.1,No,65.9,6.7,No,4.0,4,3.4,7.4,Quiet Room,No,7,5,Visual,7.1,100,UCI_0210,10,8,11,12,12,13,Business,Software Developer,3.540516898962507,2,2,1,10.0
STU03620,26,Male,Engineering,4.3,0.1,No,42.9,7.2,Yes,3.98,7,3.9,6.7,Cafe,Yes,6,10,Kinesthetic,3.5,97,UCI_0210,10,8,11,13,14,12,Engineering,School Counselor,2.973980418285864,2,1,1,9.95
STU03621,28,Male,Biology,3.5,3.5,Yes,45.2,4.2,No,4.0,3,3.0,11.5,Co-Learning Group,Yes,10,10,Reading,6.4,100,UCI_0210,8,10,10,12,13,13,Biology,Chemist,3.2917493731931966,0,4,0,10.0
STU03622,19,Other,Psychology,5.6,4.8,No,49.8,6.1,No,2.86,1,4.3,11.6,Cafe,No,2,10,Visual,4.2,68,UCI_0210,9,9,10,12,13,14,Psychology,Counselor,4.049501177163711,1,3,1,7.15
STU03623,25,Male,Business,4.7,3.6,Yes,81.4,5.5,No,3.8,5,7.0,9.9,Cafe,No,2,6,Reading,9.6,90,UCI_0210,9,10,10,13,13,13,Business,Graphic Designer,4.871818546657677,0,1,1,9.5
STU03624,19,Female,Biology,4.2,1.5,No,87.8,6.2,No,4.0,1,7.2,7.4,Cafe,Yes,7,6,Auditory,9.0,98,UCI_0210,8,8,11,11,12,14,Biology,Psychologist,3.192441027186013,0,3,1,10.0
STU03625,20,Other,Arts,4.4,3.8,Yes,54.5,7.4,Yes,4.0,5,5.3,11.9,Quiet Room,No,2,7,Reading,2.6,100,UCI_0210,10,9,10,12,14,13,Arts,Cybersecurity Analyst,3.6032537368060256,2,1,0,10.0
STU03626,17,Female,Engineering,5.2,0.9,No,44.1,6.1,Yes,4.0,2,1.0,7.0,Dorm,Yes,4,10,Reading,2.3,100,UCI_0210,8,9,9,13,12,13,Engineering,Advertising Manager,4.118662878435035,2,3,1,10.0
STU03627,18,Other,Biology,3.8,0.6,Yes,66.9,7.2,No,3.26,2,6.1,7.4,Quiet Room,No,9,7,Reading,7.6,81,UCI_0210,8,10,10,11,14,13,Biology,Conductor,2.5472878610147878,1,4,1,8.15
STU03628,17,Female,Psychology,4.1,3.5,Yes,62.5,8.2,Yes,3.44,6,1.0,11.2,Co-Learning Group,Yes,6,10,Kinesthetic,5.2,81,UCI_0210,9,8,9,13,13,13,Psychology,Fluid Mechanics Engineer,3.379806291204417,1,0,0,8.6
STU03629,22,Female,Computer Science,4.952584839329436,4.2,Yes,40.8,5.2,No,4.0,7,1.0,11.5,Quiet Room,No,9,10,Auditory,5.3,98,UCI_0210,10,9,10,13,12,13,Computer Science,Pharmacist,4.998176966710313,0,2,0,10.0
STU03630,28,Male,Engineering,4.8,3.8,Yes,51.0,7.4,No,4.0,6,6.7,10.6,Quiet Room,Yes,3,9,Visual,1.8,98,UCI_0210,10,8,9,12,12,12,Engineering,Social Media Manager,3.9903268213156737,2,4,0,10.0
STU03631,21,Other,Psychology,6.3,4.1,Yes,80.3,9.1,Yes,3.86,2,5.1,15.2,Co-Learning Group,Yes,5,10,Auditory,4.7,100,UCI_0210,8,10,9,13,13,14,Psychology,Biomedical Engineer,4.932900944757449,1,4,1,9.65
STU03632,18,Male,Arts,4.9,2.7,Yes,47.2,5.7,Yes,4.0,8,2.9,9.0,Quiet Room,No,8,9,Auditory,4.2,94,UCI_0039,11,13,11,12,13,12,Arts,Organic Chemist,4.020483917041869,1,3,1,10.0
STU03633,26,Female,Business,5.5,1.2,Yes,68.6,4.0,Yes,2.78,1,3.2,10.3,Cafe,No,1,10,Reading,4.0,67,UCI_0039,13,11,11,11,13,13,Business,Industrial-Organizational Psychologist,3.500793486243726,1,0,0,6.95
STU03634,25,Male,Biology,6.6,1.6,Yes,53.2,5.7,Yes,3.63,8,5.3,10.4,Cafe,Yes,5,10,Auditory,5.8,87,UCI_0039,13,13,12,12,12,11,Biology,Financial Advisor,4.7132498636351325,1,2,0,9.07
STU03635,18,Other,Business,3.2,4.5,Yes,91.5,7.1,Yes,3.88,6,5.5,11.3,Co-Learning Group,Yes,3,10,Visual,6.0,100,UCI_0039,13,11,10,12,11,11,Business,Industrial-Organizational Psychologist,3.051858592,0,0,0,9.7
STU03636,18,Female,Engineering,5.0,1.3,No,74.5,11.2,No,4.0,6,5.8,8.6,Co-Learning Group,Yes,2,5,Reading,5.5,100,UCI_0039,12,12,10,11,11,11,Engineering,Counselor,3.012478891498138,0,0,1,10.0
STU03637,26,Other,Arts,4.5,0.8,No,68.5,6.4,Yes,3.38,6,2.6,10.0,Quiet Room,No,5,8,Visual,1.4,77,UCI_0039,11,13,11,12,11,13,Arts,Geneticist,2.605155667180249,1,3,1,8.45
STU03638,24,Male,Psychology,7.6,4.6,No,95.9,8.3,No,4.0,2,5.5,13.6,Cafe,No,2,5,Auditory,4.7,95,UCI_0039,13,12,12,11,12,13,Psychology,Architectural Technologist,4.268830538739207,1,3,0,10.0
STU03639,22,Other,Biology,4.9,4.8,Yes,57.0,7.0,No,4.0,5,7.8,12.0,Co-Learning Group,No,8,10,Kinesthetic,8.4,100,UCI_0039,12,12,12,11,11,13,Biology,Construction Manager,3.605191409554616,2,3,1,10.0
STU03640,26,Male,Business,5.5,3.9,No,49.0,7.4,No,4.0,1,4.8,9.8,Library,Yes,1,10,Kinesthetic,6.3,99,UCI_0039,13,11,12,10,11,13,Business,Graphic Designer,2.7511598275515543,1,4,1,10.0
STU03641,26,Other,Psychology,1.9,2.6,Yes,57.1,5.2,Yes,3.79,1,3.5,6.6,Cafe,No,8,10,Auditory,5.5,98,UCI_0039,12,12,11,10,13,11,Psychology,Sound Engineer,2.740900897113145,0,4,0,9.47
STU03642,22,Female,Engineering,2.1,1.2,Yes,98.4,6.9,Yes,2.41,7,4.2,3.5,Library,No,2,10,Reading,7.1,64,UCI_0027,13,11,11,10,12,12,Engineering,Accountant,3.7277095993380978,2,4,0,6.03
STU03643,24,Other,Psychology,6.4,3.4,No,53.0,7.6,Yes,4.0,6,7.4,13.7,Cafe,No,6,10,Kinesthetic,2.7,98,UCI_0039,11,13,12,10,13,13,Psychology,Credit Analyst,3.524353663346018,0,3,1,10.0
STU03644,23,Female,Engineering,6.1,0.8,Yes,83.4,5.9,No,3.24,5,6.3,8.7,Library,Yes,7,8,Visual,8.2,79,UCI_0039,12,13,10,12,13,12,Engineering,Forensic Psychologist,3.3590068291675257,1,1,1,8.1
STU03645,23,Female,Business,0.9,3.0,No,92.1,5.6,No,4.0,7,2.7,6.6,Quiet Room,No,7,9,Auditory,8.7,97,UCI_0039,13,13,12,11,13,12,Business,Composer,3.0709858982387552,1,0,1,10.0
STU03646,16,Other,Computer Science,2.582972268852097,4.0,No,46.5,6.9,No,3.23,5,6.4,10.5,Dorm,Yes,8,6,Reading,8.5,75,UCI_0039,12,11,10,12,12,12,Computer Science,Aerospace Engineer,4.203568806762459,2,3,0,8.07
STU03647,19,Male,Engineering,6.3,2.7,Yes,87.9,8.3,Yes,4.0,1,8.4,11.2,Cafe,Yes,4,5,Kinesthetic,8.8,91,UCI_0039,13,11,10,10,11,12,Engineering,Physicist,2.6114607911915177,2,1,0,10.0
STU03648,28,Female,Business,1.0,2.0,No,95.6,10.8,Yes,4.0,3,2.8,6.7,Co-Learning Group,No,7,10,Visual,6.9,100,UCI_0221,10,9,10,11,13,13,Business,Judge,4.361405355301505,0,1,1,10.0
STU03649,18,Female,Computer Science,7.187063569614953,4.1,No,62.2,6.1,No,3.22,8,6.5,14.0,Co-Learning Group,No,9,10,Visual,1.5,76,UCI_0221,8,10,10,13,11,14,Computer Science,Urban Planner,2.9190812924155467,1,0,1,8.05
STU03650,20,Other,Engineering,2.4,1.7,No,90.4,6.6,No,3.81,3,2.0,6.2,Cafe,No,10,7,Kinesthetic,3.8,89,UCI_0221,10,9,11,13,12,12,Engineering,Ecologist,4.787900976860398,0,4,1,9.53
STU03651,18,Female,Computer Science,8.275663505206799,4.2,No,56.9,9.5,No,4.0,8,5.4,16.8,Co-Learning Group,Yes,2,10,Kinesthetic,8.8,97,UCI_0221,9,10,9,12,13,13,Computer Science,Ecologist,2.870894561,2,0,1,10.0
STU03652,19,Male,Business,4.9,1.8,No,83.6,6.1,No,3.69,3,5.6,11.9,Library,No,10,9,Reading,3.9,96,UCI_0221,10,9,11,12,11,14,Business,Ecologist,4.1681424447576365,1,2,1,9.22
STU03653,26,Male,Psychology,4.8,2.5,Yes,83.9,4.0,No,3.54,5,2.7,10.2,Quiet Room,Yes,2,9,Reading,1.1,96,UCI_0221,9,10,9,13,11,12,Psychology,Human Resources Specialist,3.3558024528658894,1,4,1,8.85
STU03654,22,Male,Arts,3.6,4.9,No,84.5,5.5,No,4.0,7,5.7,12.2,Cafe,No,3,8,Auditory,7.6,100,UCI_0221,8,10,9,13,11,14,Arts,Judge,4.190820661780909,1,4,1,10.0
STU03655,18,Other,Biology,1.4,0.2,Yes,41.8,6.0,Yes,3.6,7,6.2,5.6,Co-Learning Group,No,3,6,Kinesthetic,9.1,91,UCI_0221,10,11,9,11,13,13,Biology,Accountant,3.418297859085923,0,4,0,9.0
STU03656,18,Female,Engineering,3.9,3.6,Yes,95.2,6.3,No,2.32,4,9.6,9.6,Cafe,No,9,10,Kinesthetic,4.3,47,UCI_0054,8,10,11,13,12,12,Engineering,Actuary,3.011021543055377,1,0,1,5.8
STU03657,24,Female,Arts,4.3,0.2,No,44.4,6.8,No,4.0,5,2.9,9.5,Dorm,Yes,5,5,Kinesthetic,5.4,99,UCI_0221,8,10,9,12,11,14,Arts,Chemist,3.3146666856825187,1,3,0,10.0
STU03658,28,Male,Computer Science,5.402165895256083,0.4,Yes,56.2,7.1,No,3.79,2,4.5,8.8,Cafe,No,10,10,Visual,1.3,92,UCI_0221,9,9,10,12,13,13,Computer Science,Biochemist,3.2197148371136484,2,4,0,9.47
STU03659,27,Other,Arts,5.0,2.4,Yes,95.0,7.0,No,3.99,4,5.8,9.4,Dorm,No,9,9,Reading,4.9,90,UCI_0221,9,11,10,13,13,14,Arts,Brand Manager,4.100064424196082,0,2,1,9.98
STU03660,24,Female,Arts,3.2,2.5,Yes,98.0,8.0,No,3.7,1,6.0,9.3,Library,No,6,6,Kinesthetic,3.9,88,UCI_0221,10,11,10,12,11,14,Arts,Investment Banker,2.604803155795597,2,3,1,9.25
STU03661,28,Male,Psychology,4.8,1.3,Yes,94.7,4.0,No,3.91,7,9.2,9.6,Dorm,No,1,7,Reading,1.0,91,UCI_0221,10,11,11,12,11,14,Psychology,Quantum Physicist,3.780934579946056,0,2,1,9.78
STU03662,24,Male,Engineering,6.7,1.5,No,68.8,9.0,Yes,4.0,1,5.1,11.6,Co-Learning Group,No,6,6,Kinesthetic,6.1,97,UCI_0221,10,11,10,12,11,12,Engineering,Interior Designer,4.995042445574468,0,3,0,10.0
STU03663,26,Other,Business,4.8,0.7,No,87.2,4.9,Yes,3.34,5,6.4,10.7,Co-Learning Group,Yes,2,7,Reading,9.7,83,UCI_0221,10,9,9,13,12,12,Business,Psychologist,4.334177467042348,1,1,0,8.35
STU03664,26,Other,Arts,3.4,0.4,Yes,89.4,8.4,No,3.39,1,3.5,8.4,Library,No,8,10,Kinesthetic,2.8,90,UCI_0309,15,12,12,10,10,11,Arts,Nurse,3.993895777818605,0,2,1,8.47
STU03665,21,Other,Biology,2.6,3.4,No,76.8,5.8,Yes,4.0,2,6.5,8.5,Cafe,Yes,6,10,Reading,4.6,100,UCI_0309,15,12,11,10,10,12,Biology,Zoologist,4.910751988,1,0,1,10.0
STU03666,26,Female,Computer Science,5.178948492900439,0.3,No,65.8,4.5,Yes,3.39,3,4.3,8.9,Co-Learning Group,Yes,10,7,Reading,5.6,87,UCI_0309,14,13,11,11,11,11,Computer Science,Market Research Analyst,3.4207604796224187,0,3,0,8.47
STU03667,16,Male,Engineering,4.9,0.5,Yes,96.0,9.5,No,2.72,5,3.7,9.5,Dorm,Yes,9,10,Reading,3.6,70,UCI_0309,14,11,12,11,11,10,Engineering,Urban Planner,2.540464685,1,1,0,6.8
STU03668,18,Other,Computer Science,0.3536329288598352,3.1,Yes,54.0,6.8,Yes,2.17,4,7.3,7.9,Dorm,Yes,2,10,Kinesthetic,5.6,51,UCI_0092,7,7,8,9,11,11,Computer Science,Manager,4.196294045465844,1,4,0,5.42
STU03669,18,Other,Psychology,4.7,0.6,No,49.7,6.7,Yes,4.0,4,5.1,10.2,Library,Yes,6,9,Reading,2.0,100,UCI_0309,15,12,13,11,10,11,Psychology,Education Administrator,4.959649575463882,0,2,1,10.0
STU03670,25,Male,Biology,2.9,2.9,Yes,53.6,8.7,Yes,3.29,5,4.6,9.5,Cafe,Yes,6,10,Auditory,2.2,71,UCI_0309,15,12,13,9,11,12,Biology,Mechanical Engineer,4.431485172025243,2,0,1,8.22
STU03671,20,Male,Engineering,4.5,2.8,Yes,59.2,5.0,No,4.0,2,1.6,11.5,Co-Learning Group,Yes,10,6,Auditory,1.4,100,UCI_0309,15,12,12,11,9,11,Engineering,Curriculum Developer,3.5640435129011068,1,3,0,10.0
STU03672,25,Male,Computer Science,2.428331464,3.1,No,57.0,5.5,No,3.72,1,3.7,7.0,Quiet Room,Yes,10,10,Reading,5.1,85,UCI_0309,15,13,11,9,10,11,Computer Science,Legal Consultant,4.083704867570981,1,3,0,9.3
STU03673,27,Male,Computer Science,10.996066194269114,4.0,Yes,93.3,7.1,Yes,4.0,8,4.0,18.7,Quiet Room,Yes,3,10,Reading,5.8,89,UCI_0309,16,11,11,10,10,10,Computer Science,Financial Advisor,3.5882268196025,2,2,1,10.0
STU03674,16,Female,Engineering,2.9,5.0,No,41.6,7.5,No,3.09,5,5.5,13.3,Library,No,3,10,Visual,7.2,75,UCI_0309,14,12,11,11,9,12,Engineering,Game Developer,2.5857472609668988,1,1,0,7.72
STU03675,24,Other,Arts,3.6,3.6,No,81.6,8.4,No,3.82,8,3.3,9.9,Quiet Room,Yes,10,10,Kinesthetic,7.0,99,UCI_0309,14,12,13,10,11,10,Arts,Geneticist,2.605155667180249,1,3,1,9.55
STU03676,16,Female,Psychology,4.7,4.3,Yes,47.6,5.5,Yes,2.98,7,3.2,14.3,Co-Learning Group,Yes,7,10,Auditory,7.3,65,UCI_0309,16,11,12,9,11,10,Psychology,Music Therapist,3.9599547655598144,2,0,0,7.45
STU03677,26,Male,Psychology,4.5,3.9,No,78.6,5.8,No,3.2,8,3.9,12.4,Quiet Room,No,3,6,Auditory,4.6,74,UCI_0309,16,12,12,10,9,10,Psychology,Microbiologist,4.971217353134168,0,3,0,8.0
STU03678,28,Male,Engineering,5.6,0.0,No,93.5,6.7,No,2.75,8,3.9,9.7,Co-Learning Group,No,2,10,Reading,1.3,77,UCI_0309,16,13,13,10,9,11,Engineering,Acoustics Specialist,3.846773490224292,0,2,0,6.88
STU03679,21,Female,Computer Science,9.145022016716108,4.6,No,66.1,7.5,Yes,4.0,4,4.8,17.1,Quiet Room,Yes,3,8,Kinesthetic,6.4,96,UCI_0309,15,12,12,11,10,10,Computer Science,Paralegal,2.5356699787629964,0,2,1,10.0
STU03680,20,Male,Biology,2.8,2.1,Yes,81.5,7.7,No,2.44,4,4.2,8.2,Dorm,No,4,10,Auditory,3.9,63,UCI_0097,7,10,10,14,14,14,Biology,Software Developer,3.2234632655362554,0,2,1,6.1
STU03681,17,Male,Computer Science,2.7244361649631483,2.3,Yes,70.9,4.3,Yes,2.32,6,3.4,7.0,Co-Learning Group,No,10,10,Reading,5.9,60,UCI_0301,9,8,9,14,15,15,Computer Science,Animator,3.626364399205293,0,1,0,5.8
STU03682,28,Male,Business,3.6,2.7,Yes,76.3,7.8,No,4.0,8,5.4,10.2,Quiet Room,No,7,10,Auditory,6.8,99,UCI_0309,15,11,12,9,11,12,Business,Biologist,3.682325778859179,1,4,1,10.0
STU03683,21,Male,Engineering,5.4,0.5,Yes,57.4,8.0,No,3.5,1,7.0,8.8,Cafe,Yes,10,8,Kinesthetic,2.5,82,UCI_0309,15,12,11,9,9,10,Engineering,Marketing Manager,3.810389310132556,2,4,1,8.75
STU03684,24,Other,Arts,4.5,0.9,No,78.8,5.5,No,2.87,5,3.2,9.0,Co-Learning Group,No,3,10,Kinesthetic,6.7,75,UCI_0309,14,13,13,10,9,12,Arts,Biochemist,3.8363802925456696,0,3,0,7.18
STU03685,22,Other,Computer Science,10.699926646233996,2.9,Yes,72.8,5.5,No,4.0,8,2.6,15.1,Dorm,Yes,3,10,Visual,7.2,100,UCI_0097,7,10,10,13,14,14,Computer Science,Pharmacist,4.512931824916575,0,3,1,10.0
STU03686,24,Male,Engineering,5.5,2.7,Yes,68.8,6.8,Yes,4.0,6,8.2,11.0,Library,No,1,9,Visual,4.3,97,UCI_0097,7,11,11,12,14,13,Engineering,Construction Manager,2.7923974103403943,2,4,0,10.0
STU03687,19,Male,Computer Science,0.2383618414773275,3.5,No,52.0,7.6,No,2.84,5,5.3,7.3,Co-Learning Group,No,7,10,Kinesthetic,5.3,79,UCI_0097,6,11,11,13,12,14,Computer Science,Biologist,4.484237076082152,1,0,1,7.1
STU03688,23,Other,Psychology,2.1,4.8,Yes,70.0,9.4,Yes,3.2,3,4.7,9.7,Co-Learning Group,Yes,9,8,Auditory,7.0,85,UCI_0097,8,9,10,12,12,13,Psychology,Financial Controller,3.232024319673911,0,3,1,8.0
STU03689,24,Female,Business,1.0,3.6,No,75.5,6.4,Yes,3.12,6,3.5,6.7,Dorm,No,1,6,Auditory,8.2,76,UCI_0097,6,10,10,13,14,12,Business,Digital Marketing Specialist,2.7868096804382274,0,1,0,7.8
STU03690,16,Other,Computer Science,4.781917331086143,5.0,Yes,88.5,4.6,Yes,3.71,3,1.0,12.2,Library,Yes,6,7,Reading,9.4,97,UCI_0097,8,9,9,13,12,12,Computer Science,Manager,3.971211754017583,2,0,1,9.28
STU03691,23,Male,Biology,2.9,1.3,No,90.3,4.8,Yes,4.0,2,1.4,6.0,Quiet Room,Yes,1,5,Reading,9.0,88,UCI_0097,7,11,10,14,12,12,Biology,Teacher,4.673025992706805,1,1,0,10.0
STU03692,28,Other,Arts,3.8,3.9,Yes,73.8,8.0,Yes,2.9,2,3.3,9.2,Co-Learning Group,Yes,3,10,Reading,7.3,67,UCI_0097,7,11,11,12,13,13,Arts,Urban Planner,2.773940041535921,0,4,0,7.25
STU03693,22,Other,Biology,2.4,0.4,No,84.7,6.1,Yes,4.0,8,6.9,3.9,Cafe,Yes,2,5,Visual,6.4,99,UCI_0097,8,9,10,14,13,14,Biology,Teacher,4.900881942822823,0,0,0,10.0
STU03694,22,Male,Business,6.4,3.7,Yes,78.3,7.7,Yes,3.62,2,3.9,15.3,Quiet Room,No,8,10,Kinesthetic,4.1,93,UCI_0097,7,10,9,14,12,14,Business,AI Researcher,4.561259935057555,2,0,0,9.05
STU03695,24,Female,Business,4.8,4.7,No,63.4,5.3,Yes,4.0,4,6.3,13.1,Cafe,Yes,8,8,Auditory,1.2,98,UCI_0097,8,10,11,14,14,12,Business,Urban Planner,3.6691614805176775,0,1,1,10.0
STU03696,25,Female,Biology,2.8,3.0,No,94.1,8.3,No,4.0,1,2.4,11.0,Dorm,No,7,5,Kinesthetic,1.8,93,UCI_0097,6,9,9,14,12,12,Biology,Chemist,3.2917493731931966,0,4,0,10.0
STU03697,24,Female,Business,2.5,4.5,No,95.3,6.4,No,3.49,3,4.9,11.9,Quiet Room,No,7,9,Kinesthetic,5.8,90,UCI_0097,8,9,11,14,13,14,Business,Marketing Specialist,4.544462917400894,0,3,1,8.73
STU03698,17,Male,Psychology,4.0,2.0,Yes,67.7,7.1,No,4.0,7,1.6,9.5,Cafe,Yes,2,8,Auditory,6.2,87,UCI_0097,8,9,9,13,13,14,Psychology,Forensic Psychologist,2.640473311873607,2,2,0,10.0
STU03699,19,Other,Biology,4.3,1.3,No,91.6,8.3,Yes,3.08,7,4.3,9.0,Dorm,Yes,6,10,Reading,6.1,78,UCI_0097,6,9,9,12,14,13,Biology,Brand Manager,3.6272465065766073,1,1,1,7.7
STU03700,25,Male,Computer Science,6.249355680692346,1.5,No,91.4,5.6,Yes,4.0,7,3.0,8.0,Dorm,Yes,2,10,Visual,4.8,99,UCI_0305,12,10,9,13,12,12,Computer Science,Organic Chemist,2.9918314473332077,1,1,0,10.0
STU03701,22,Other,Computer Science,5.997254310969719,0.9,Yes,66.9,7.2,No,3.42,1,4.3,8.5,Co-Learning Group,Yes,6,10,Auditory,7.7,92,UCI_0305,11,10,9,12,13,13,Computer Science,Counselor,4.265783654942947,1,0,0,8.55
STU03702,26,Other,Arts,5.6,0.9,Yes,44.5,6.2,No,2.57,5,8.8,8.1,Cafe,No,10,10,Auditory,9.7,65,UCI_0149,7,10,11,11,12,11,Arts,Digital Marketing Specialist,3.734718405107107,0,3,1,6.42
STU03703,16,Female,Psychology,6.6,4.5,No,92.7,9.3,No,4.0,6,3.9,12.8,Co-Learning Group,Yes,8,10,Visual,3.5,100,UCI_0305,11,12,10,12,13,13,Psychology,Music Therapist,4.4055254090013145,0,2,0,10.0
STU03704,27,Female,Psychology,5.5,3.2,No,91.2,8.2,No,3.56,6,3.5,12.6,Cafe,No,4,10,Visual,7.4,89,UCI_0305,12,10,9,13,13,12,Psychology,Acoustics Specialist,3.400247562278518,2,2,1,8.9
STU03705,23,Male,Biology,2.8,3.8,No,72.8,7.6,No,3.27,6,8.2,8.2,Library,Yes,3,10,Kinesthetic,5.9,81,UCI_0305,11,10,10,13,12,14,Biology,Human Resources Specialist,3.2595859822694506,1,3,1,8.18
STU03706,16,Other,Biology,5.0,0.9,Yes,63.4,8.7,No,4.0,2,9.0,7.9,Quiet Room,Yes,2,7,Auditory,9.6,100,UCI_0305,10,10,11,12,14,14,Biology,Music Teacher,3.131562364954274,1,1,1,10.0
STU03707,27,Male,Computer Science,6.315689128600621,0.0,No,76.5,7.3,Yes,3.49,5,6.7,8.3,Quiet Room,No,5,8,Reading,6.5,90,UCI_0305,12,10,9,11,13,13,Computer Science,Biologist,2.6913492533949643,2,0,0,8.73
STU03708,27,Female,Psychology,1.3,0.6,No,60.0,5.5,No,3.86,1,5.7,5.9,Cafe,Yes,8,10,Kinesthetic,5.0,100,UCI_0305,12,10,9,12,13,14,Psychology,Market Research Analyst,2.6743530616460904,0,4,0,9.65
STU03709,18,Other,Arts,2.6,1.9,Yes,85.3,7.4,Yes,3.74,2,7.4,9.0,Cafe,Yes,5,9,Kinesthetic,6.7,98,UCI_0305,10,11,11,12,14,13,Arts,Inorganic Chemist,3.0685499357995267,1,4,1,9.35
STU03710,22,Female,Computer Science,2.0888580141377133,1.8,Yes,46.9,6.5,No,4.0,5,1.0,7.4,Cafe,Yes,3,10,Auditory,4.9,95,UCI_0305,10,12,10,11,12,12,Computer Science,Physician Assistant,3.707280889803618,0,1,0,10.0
STU03711,21,Female,Psychology,4.6,3.6,No,75.9,9.4,Yes,3.15,5,4.4,11.1,Cafe,No,6,10,Visual,3.5,77,UCI_0305,10,12,10,11,12,12,Psychology,Digital Marketing Specialist,4.4749710462035175,1,2,0,7.88
STU03712,20,Other,Business,5.8,0.8,No,66.4,5.3,No,3.79,3,7.6,10.3,Cafe,No,10,10,Visual,3.8,85,UCI_0305,12,11,9,13,14,12,Business,School Counselor,3.818021391119798,1,4,1,9.47
STU03713,16,Other,Business,3.5,2.1,Yes,81.1,7.2,No,2.78,4,8.7,6.0,Dorm,No,5,10,Auditory,9.3,65,UCI_0305,12,12,9,13,13,13,Business,Doctor,4.118170992228078,2,1,1,6.95
STU03714,22,Female,Biology,0.0,4.5,Yes,52.2,6.4,Yes,3.33,6,1.5,7.0,Cafe,No,1,10,Reading,8.1,79,UCI_0305,10,10,11,13,12,12,Biology,Financial Analyst,2.8253727302701828,1,1,1,8.32
STU03715,19,Male,Business,4.2,1.3,Yes,79.5,6.2,No,4.0,2,7.1,8.7,Dorm,No,9,10,Kinesthetic,1.2,100,UCI_0305,11,12,11,13,13,12,Business,Architect,3.786022325171751,2,4,1,10.0
STU03716,16,Other,Arts,4.4,1.5,Yes,81.1,5.9,No,3.93,4,2.0,9.0,Quiet Room,No,8,6,Reading,6.9,100,UCI_0305,12,12,10,12,12,13,Arts,Physician Assistant,3.5845536172064723,2,4,0,9.83
STU03717,27,Female,Business,3.8,4.3,Yes,51.7,6.7,Yes,3.9,6,3.8,9.1,Co-Learning Group,No,10,5,Auditory,6.4,100,UCI_0305,10,11,9,12,12,14,Business,Doctor,4.752463976674125,1,1,1,9.75
STU03718,24,Male,Business,5.2,4.1,No,76.2,7.3,Yes,4.0,2,5.5,10.5,Cafe,No,6,7,Visual,2.2,90,UCI_0027,12,13,10,10,11,12,Business,Web Developer,3.583308608126872,2,4,0,10.0
STU03719,18,Female,Psychology,5.0,1.9,No,93.6,7.4,No,4.0,6,3.7,8.2,Cafe,Yes,9,7,Reading,9.0,95,UCI_0027,11,13,12,12,11,12,Psychology,Accountant,3.217067650141065,1,4,0,10.0
STU03720,27,Other,Engineering,2.4,4.6,No,79.2,9.6,No,4.0,2,3.3,11.2,Co-Learning Group,No,8,10,Auditory,3.4,100,UCI_0027,12,12,11,12,13,11,Engineering,Biotechnologist,3.8929621089942392,1,1,1,10.0
STU03721,22,Female,Biology,4.3,4.0,Yes,59.4,8.2,Yes,3.81,6,1.7,9.5,Library,No,10,7,Visual,8.8,95,UCI_0027,11,11,11,11,13,11,Biology,AI Researcher,4.351737240879412,1,0,0,9.53
STU03722,17,Male,Biology,4.9,4.0,Yes,47.7,5.8,Yes,4.0,6,5.3,11.0,Quiet Room,Yes,5,10,Auditory,6.6,100,UCI_0027,11,11,10,10,11,13,Biology,Marketing Manager,4.762889537070855,2,1,0,10.0
STU03723,24,Other,Biology,2.7,4.0,Yes,84.8,6.3,Yes,3.04,1,9.0,10.6,Co-Learning Group,Yes,6,10,Auditory,4.1,69,UCI_0027,13,13,11,11,13,11,Biology,Microbiologist,4.651639089082616,2,4,0,7.6
STU03724,18,Other,Psychology,6.0,5.0,No,62.0,5.5,No,4.0,4,4.3,12.5,Quiet Room,Yes,4,9,Auditory,4.6,96,UCI_0027,12,13,11,10,12,13,Psychology,Analytical Chemist,2.9169910236137766,0,2,1,10.0
STU03725,24,Male,Arts,1.2,1.6,No,45.8,8.9,Yes,2.85,4,2.0,6.6,Cafe,Yes,2,10,Visual,3.4,67,UCI_0027,11,12,10,10,13,12,Arts,Nurse,3.993895777818605,0,2,1,7.12
STU03726,23,Male,Biology,3.5,0.6,Yes,62.9,4.6,No,3.05,1,6.3,7.0,Dorm,No,4,10,Visual,1.3,74,UCI_0027,11,12,10,12,13,11,Biology,Financial Analyst,4.558778672384491,0,3,0,7.62
STU03727,22,Male,Arts,1.7,4.7,Yes,40.9,6.3,Yes,4.0,7,4.4,7.8,Library,Yes,5,6,Reading,2.6,95,UCI_0027,11,13,12,12,13,13,Arts,Urban Planner,4.51063427,1,4,0,10.0
STU03728,28,Female,Psychology,6.0,1.0,No,84.0,8.5,No,4.0,1,5.5,10.4,Cafe,Yes,6,9,Auditory,3.9,100,UCI_0027,12,13,12,10,11,12,Psychology,Legal Secretary,4.443889853845382,1,2,0,10.0
STU03729,27,Other,Arts,4.3,0.7,Yes,47.9,8.5,No,3.84,6,5.7,6.5,Dorm,Yes,7,10,Kinesthetic,1.7,96,UCI_0027,13,13,10,11,13,11,Arts,Organic Chemist,3.092197583681473,2,2,0,9.6
STU03730,23,Other,Computer Science,6.708501412212932,4.3,No,98.7,6.1,Yes,3.34,6,8.5,15.3,Dorm,Yes,4,10,Reading,9.1,85,UCI_0027,13,11,10,10,13,13,Computer Science,Composer,2.623857361640555,0,3,1,8.35
STU03731,27,Male,Biology,2.1,3.4,Yes,57.9,7.2,No,2.62,4,7.4,7.0,Quiet Room,No,1,10,Reading,5.4,63,UCI_0027,11,12,10,12,13,13,Biology,Surgeon,3.953200320774745,2,4,0,6.55
STU03732,20,Other,Engineering,3.0,3.3,No,94.5,6.8,Yes,4.0,7,9.2,7.9,Cafe,Yes,7,10,Visual,2.1,91,UCI_0027,12,11,10,12,12,11,Engineering,Composer,4.026279330116916,2,2,0,10.0
STU03733,23,Other,Biology,2.5,3.0,Yes,56.4,7.2,Yes,3.66,4,4.8,6.2,Cafe,No,8,10,Auditory,6.6,93,UCI_0341,10,10,9,14,13,14,Biology,Data Scientist,2.510411277493142,0,4,0,9.15
STU03734,27,Other,Arts,9.8,4.5,No,52.9,6.5,No,4.0,1,6.5,19.6,Quiet Room,No,3,7,Reading,8.8,100,UCI_0341,11,9,10,13,13,13,Arts,Legal Consultant,3.195362908516593,1,2,1,10.0
STU03735,17,Female,Biology,5.9,0.9,Yes,63.1,9.4,Yes,3.27,3,4.6,10.8,Dorm,Yes,7,10,Auditory,3.1,85,UCI_0341,11,10,9,14,14,13,Biology,Judge,3.603804118487324,0,4,1,8.18
STU03736,24,Female,Computer Science,4.905189656020589,3.9,No,60.8,7.4,No,4.0,1,4.4,13.5,Co-Learning Group,Yes,7,10,Auditory,7.4,99,UCI_0341,9,9,10,15,13,13,Computer Science,Electrical Engineer,3.142366272628376,2,1,1,10.0
STU03737,24,Male,Psychology,4.2,3.7,No,76.5,7.2,No,2.24,6,6.9,11.7,Dorm,No,6,10,Reading,4.5,61,UCI_0188,11,12,11,10,9,11,Psychology,Inorganic Chemist,4.680144633004639,1,2,0,5.6
STU03738,26,Other,Biology,9.7,2.3,Yes,97.7,5.8,No,4.0,3,4.9,14.7,Dorm,Yes,6,10,Kinesthetic,8.8,97,UCI_0341,11,11,10,13,14,14,Biology,Teacher,4.333161739378058,2,3,0,10.0
STU03739,23,Male,Computer Science,4.705142640800739,3.9,No,43.2,5.1,Yes,4.0,5,2.2,10.5,Dorm,Yes,5,7,Visual,2.4,99,UCI_0341,10,9,9,15,13,15,Computer Science,Organic Chemist,4.055996189040227,2,3,0,10.0
STU03740,22,Other,Engineering,3.8,4.6,No,47.9,7.8,No,3.93,6,5.4,12.3,Co-Learning Group,Yes,5,7,Auditory,6.9,94,UCI_0341,11,9,10,15,13,14,Engineering,Architect,3.386612341634514,1,4,1,9.83
STU03741,28,Male,Psychology,1.3,3.3,Yes,51.8,6.2,Yes,2.52,8,6.2,10.4,Cafe,No,7,10,Kinesthetic,5.5,59,UCI_0054,9,11,10,12,11,12,Psychology,Interior Designer,3.765663576030154,0,3,0,6.3
STU03742,24,Female,Psychology,3.8,1.8,No,69.4,8.8,Yes,4.0,7,8.3,8.1,Cafe,No,9,8,Reading,5.5,99,UCI_0341,11,10,8,15,13,14,Psychology,Game Developer,4.8359961709461405,0,4,1,10.0
STU03743,27,Male,Computer Science,2.9165284379322864,3.6,Yes,84.4,8.4,Yes,3.36,4,2.9,7.7,Cafe,Yes,8,10,Visual,6.8,78,UCI_0341,11,9,9,13,13,14,Computer Science,Biologist,3.08741692228316,0,0,0,8.4
STU03744,27,Female,Arts,4.7,4.8,No,64.3,6.8,No,4.0,7,3.4,11.8,Co-Learning Group,No,10,6,Visual,6.1,100,UCI_0341,10,11,8,15,14,14,Arts,Industrial-Organizational Psychologist,3.795421658258971,0,2,1,10.0
STU03745,17,Female,Psychology,3.8,2.6,No,62.6,10.3,Yes,3.05,2,7.1,10.0,Dorm,Yes,5,10,Auditory,4.4,85,UCI_0341,9,9,9,15,13,15,Psychology,Music Therapist,4.383518667773961,1,2,0,7.62
STU03746,22,Other,Arts,5.5,2.1,No,74.6,6.4,No,3.55,8,5.2,9.2,Quiet Room,Yes,2,10,Visual,3.2,85,UCI_0341,9,10,10,14,14,13,Arts,Paralegal,3.2960433787560746,0,3,0,8.88
STU03747,20,Male,Psychology,6.7,3.7,No,42.7,9.4,Yes,3.05,8,3.9,13.2,Dorm,No,4,8,Auditory,5.4,75,UCI_0341,11,11,9,14,14,14,Psychology,Sound Engineer,3.333010186112458,0,2,0,7.62
STU03748,19,Other,Computer Science,4.196864868539381,3.5,No,45.8,5.3,No,2.93,7,4.1,8.7,Quiet Room,No,6,9,Reading,7.6,78,UCI_0341,9,11,8,14,12,15,Computer Science,Financial Controller,4.505101725183792,1,1,0,7.33
STU03749,17,Female,Engineering,5.4,3.7,No,78.5,6.0,Yes,4.0,5,5.4,9.4,Cafe,No,7,8,Kinesthetic,5.3,98,UCI_0341,11,10,9,14,13,15,Engineering,Mechanical Engineer,3.366024482311816,2,2,0,10.0
STU03750,26,Other,Computer Science,4.204964464089043,1.4,Yes,45.5,8.0,Yes,3.72,2,2.0,8.1,Co-Learning Group,No,5,6,Visual,1.9,93,UCI_0341,9,11,9,15,13,15,Computer Science,Legal Secretary,2.902724209501733,1,3,1,9.3
STU03751,19,Female,Engineering,3.2,2.5,No,99.1,7.0,Yes,4.0,7,6.2,9.7,Cafe,No,2,6,Visual,9.8,100,UCI_0341,10,10,8,13,12,14,Engineering,Artist,4.477970374875225,0,2,1,10.0
STU03752,27,Male,Engineering,2.7,2.0,No,93.8,8.3,Yes,2.9,6,6.1,9.0,Cafe,Yes,9,8,Auditory,4.3,79,UCI_0341,11,11,10,14,13,15,Engineering,Chemical Engineer,3.4991935461811163,1,2,0,7.25
STU03753,21,Other,Engineering,4.2,0.2,Yes,58.5,10.8,No,2.91,3,4.6,9.3,Co-Learning Group,Yes,2,10,Visual,7.4,79,UCI_0225,11,14,14,11,8,11,Engineering,Teacher,2.6977110965628444,1,1,1,7.28
STU03754,18,Male,Arts,0.5,0.9,Yes,46.9,8.4,No,4.0,3,4.3,2.9,Cafe,Yes,10,9,Visual,8.0,100,UCI_0225,12,13,12,10,9,11,Arts,Chemical Engineer,3.399695203413753,2,0,1,10.0
STU03755,26,Other,Psychology,0.3,1.3,Yes,95.8,7.5,No,1.87,1,4.6,5.3,Dorm,No,6,10,Visual,4.1,44,UCI_0369,10,10,10,8,9,9,Psychology,Web Developer,4.129552216,0,0,0,4.68
STU03756,22,Other,Computer Science,6.935904915778657,0.6,No,40.1,8.1,Yes,3.91,2,3.9,8.4,Quiet Room,Yes,6,10,Reading,8.3,91,UCI_0225,11,14,12,11,10,9,Computer Science,Financial Analyst,2.8529049872549157,0,0,1,9.78
STU03757,23,Male,Psychology,6.7,1.9,No,84.4,5.2,Yes,4.0,2,3.1,11.2,Cafe,No,5,8,Auditory,5.1,100,UCI_0225,13,14,13,11,8,10,Psychology,Clinical Psychologist,4.9793641760897565,0,0,0,10.0
STU03758,25,Female,Computer Science,7.197728601095379,4.8,Yes,74.6,7.0,No,4.0,4,6.1,13.0,Dorm,No,1,7,Kinesthetic,1.5,100,UCI_0225,12,13,14,11,9,10,Computer Science,Data Scientist,3.710864306934582,1,0,1,10.0
STU03759,18,Male,Computer Science,2.817584740191424,3.7,No,68.3,6.1,No,4.0,8,3.4,8.3,Quiet Room,Yes,9,9,Visual,9.4,94,UCI_0225,12,12,13,9,10,11,Computer Science,Inorganic Chemist,4.724835703981374,0,2,1,10.0
STU03760,25,Other,Business,0.8,3.6,No,44.5,5.9,Yes,4.0,2,5.0,7.9,Quiet Room,Yes,10,5,Kinesthetic,7.3,95,UCI_0225,13,14,13,10,9,10,Business,Web Developer,4.850022583761661,2,4,0,10.0
STU03761,20,Female,Computer Science,7.422537131208696,2.9,No,97.1,9.3,Yes,3.78,2,3.1,14.5,Quiet Room,Yes,2,10,Kinesthetic,4.2,84,UCI_0225,11,14,13,11,8,10,Computer Science,Architect,2.6912555605041217,2,1,0,9.45
STU03762,28,Other,Computer Science,5.323661053482554,4.7,Yes,83.4,5.4,No,4.0,1,3.6,14.2,Cafe,No,2,7,Visual,1.2,98,UCI_0225,12,14,13,9,9,11,Computer Science,Fluid Mechanics Engineer,4.655915058687439,0,1,1,10.0
STU03763,23,Male,Business,2.3,0.9,Yes,51.5,6.4,No,3.83,8,3.9,4.8,Library,Yes,5,9,Auditory,9.2,97,UCI_0225,11,13,12,11,8,10,Business,Architect,2.712665460672385,2,3,1,9.57
STU03764,25,Female,Computer Science,2.9744286536382827,3.4,Yes,78.9,4.8,Yes,3.97,4,3.8,9.5,Cafe,Yes,4,5,Auditory,3.1,99,UCI_0225,13,14,12,9,8,10,Computer Science,Biologist,3.657021022720623,2,0,1,9.93
STU03765,25,Other,Computer Science,2.528897102264986,1.6,No,43.5,10.8,No,3.61,3,3.6,8.5,Quiet Room,No,5,5,Kinesthetic,8.7,85,UCI_0225,13,12,12,10,10,10,Computer Science,Web Developer,2.891942322498741,2,0,1,9.03
STU03766,21,Female,Arts,1.8,1.3,No,85.1,6.7,No,4.0,7,7.0,7.0,Cafe,Yes,7,10,Auditory,4.0,96,UCI_0225,12,14,14,10,9,10,Arts,Conductor,2.5421286841804704,1,2,0,10.0
STU03767,25,Other,Psychology,0.5,1.3,Yes,52.4,8.0,No,2.57,7,1.0,7.4,Dorm,No,2,10,Kinesthetic,8.6,69,UCI_0287,8,10,9,13,13,13,Psychology,Dentist,4.769984007,0,3,1,6.42
STU03768,27,Male,Business,4.4,2.4,Yes,40.5,7.6,No,2.8,8,6.4,8.2,Cafe,No,6,9,Kinesthetic,1.6,60,UCI_0225,11,14,12,10,8,11,Business,Composer,3.614173076078724,1,0,1,7.0
STU03769,28,Other,Psychology,2.8,5.0,Yes,81.5,6.1,Yes,3.72,5,7.7,10.1,Co-Learning Group,No,3,9,Kinesthetic,6.9,97,UCI_0225,11,14,13,9,10,11,Psychology,Conductor,4.703143330513692,1,2,1,9.3
STU03770,21,Male,Computer Science,0.7130371656101755,1.4,No,93.2,7.7,Yes,4.0,6,4.6,6.1,Quiet Room,Yes,10,10,Auditory,8.8,100,UCI_0225,11,14,14,11,9,9,Computer Science,Human Resources Specialist,4.639007936017261,1,0,0,10.0
STU03771,23,Female,Biology,4.5,3.5,No,42.1,8.0,No,3.29,4,3.8,11.9,Library,Yes,2,10,Auditory,3.9,85,UCI_0287,8,10,10,12,14,13,Biology,Curriculum Developer,2.819249809262516,1,2,1,8.22
STU03772,16,Female,Computer Science,3.532609853458483,2.2,No,84.5,5.3,Yes,3.39,7,7.1,8.5,Quiet Room,Yes,1,9,Reading,6.1,84,UCI_0287,7,10,10,12,13,14,Computer Science,Market Research Analyst,4.456786388,1,3,0,8.47
STU03773,23,Other,Business,1.6,4.9,No,82.0,6.9,Yes,4.0,8,5.4,12.1,Dorm,Yes,1,10,Auditory,1.9,98,UCI_0287,9,10,11,11,14,14,Business,Architectural Technologist,3.1581422864284168,1,1,1,10.0
STU03774,24,Female,Psychology,4.1,3.9,No,86.5,7.4,Yes,3.28,3,3.4,10.0,Cafe,No,5,10,Auditory,1.5,79,UCI_0287,7,9,11,12,14,13,Psychology,Quantum Physicist,3.308116367570677,0,1,1,8.2
STU03775,26,Male,Computer Science,2.0207300239920354,3.4,Yes,65.3,8.9,No,4.0,7,5.9,7.5,Dorm,Yes,2,5,Auditory,8.0,97,UCI_0287,7,8,11,13,13,13,Computer Science,Landscape Architect,4.314054841007606,1,3,0,10.0
STU03776,17,Other,Engineering,7.2,4.9,No,57.4,4.0,No,3.2,2,6.0,15.7,Dorm,No,5,6,Reading,2.2,78,UCI_0287,8,10,11,13,14,14,Engineering,School Counselor,3.654241370676216,2,1,0,8.0
STU03777,16,Female,Computer Science,7.305882185415117,2.9,Yes,71.8,7.4,No,4.0,2,2.3,15.2,Dorm,Yes,6,10,Kinesthetic,7.6,100,UCI_0287,8,8,10,13,13,12,Computer Science,Inorganic Chemist,4.597167379851155,2,1,0,10.0
STU03778,19,Male,Psychology,6.4,3.0,No,49.6,6.2,No,4.0,6,5.1,10.5,Cafe,Yes,1,8,Kinesthetic,5.7,100,UCI_0287,9,10,10,12,12,14,Psychology,Aerospace Engineer,3.1772672459026863,1,2,1,10.0
STU03779,26,Other,Computer Science,6.353607607464212,2.4,No,94.2,6.6,No,3.9,3,6.8,10.7,Cafe,No,4,10,Kinesthetic,4.2,100,UCI_0287,7,9,10,11,13,14,Computer Science,Architect,3.8192682575321695,1,3,0,9.75
STU03780,21,Male,Arts,5.3,2.2,No,99.5,7.2,No,4.0,3,4.9,8.2,Library,Yes,7,5,Auditory,6.0,100,UCI_0287,9,9,9,13,12,14,Arts,Teacher,3.801819377963701,2,4,0,10.0
STU03781,21,Other,Arts,0.5,2.6,No,92.9,7.3,Yes,3.81,2,1.9,7.4,Quiet Room,Yes,10,9,Reading,3.0,100,UCI_0287,8,9,10,12,12,13,Arts,Construction Manager,4.505885407183003,2,0,0,9.53
STU03782,16,Other,Engineering,2.3,2.4,No,80.7,8.4,No,3.74,2,4.6,7.3,Dorm,No,7,9,Kinesthetic,4.0,88,UCI_0287,8,10,10,13,12,12,Engineering,Fluid Mechanics Engineer,3.9235683036074063,1,0,0,9.35
STU03783,23,Male,Engineering,1.5,1.1,Yes,95.2,8.4,No,2.78,5,4.5,4.7,Library,Yes,7,10,Kinesthetic,7.7,60,UCI_0287,7,10,9,11,14,13,Engineering,Legal Analyst,3.4990851642931804,1,4,1,6.95
STU03784,26,Male,Biology,2.3,4.0,Yes,45.1,7.2,Yes,4.0,8,4.2,9.0,Library,Yes,2,6,Auditory,7.0,100,UCI_0287,8,10,11,13,13,13,Biology,Landscape Architect,3.481019540238902,0,4,1,10.0
STU03785,16,Male,Computer Science,4.216810433886728,3.4,Yes,57.3,7.1,No,3.25,8,7.9,9.6,Co-Learning Group,No,7,6,Kinesthetic,7.9,83,UCI_0287,7,9,11,11,14,12,Computer Science,Software Developer,2.976752677842628,2,2,1,8.12
STU03786,25,Male,Biology,0.8,2.7,Yes,52.9,8.0,No,3.1,8,4.8,8.3,Co-Learning Group,No,6,10,Kinesthetic,4.1,83,UCI_0149,7,11,10,13,12,12,Biology,Inorganic Chemist,2.5433858466676784,1,2,1,7.75
STU03787,21,Female,Computer Science,1.0793129933354026,1.7,No,67.9,9.4,No,2.99,7,4.6,5.1,Cafe,No,6,8,Kinesthetic,3.5,64,UCI_0149,8,10,12,13,11,11,Computer Science,Fluid Mechanics Engineer,2.7946131952500024,1,1,0,7.48
STU03788,24,Male,Business,3.7,3.0,No,41.1,5.9,No,3.4,4,1.8,9.6,Dorm,Yes,9,10,Auditory,2.5,86,UCI_0149,7,10,11,13,12,11,Business,Legal Analyst,2.896404949712277,1,1,1,8.5
STU03789,17,Male,Business,6.1,2.1,No,57.9,8.7,No,3.73,6,5.9,9.1,Library,No,10,10,Auditory,3.9,88,UCI_0149,7,11,10,12,11,11,Business,Teacher,4.589660869051876,0,2,0,9.32
STU03790,19,Female,Biology,4.2,0.4,No,66.6,7.6,Yes,3.49,2,5.0,6.3,Quiet Room,No,7,10,Visual,3.0,84,UCI_0149,8,10,11,11,11,12,Biology,Entrepreneur,3.0568170242321417,1,0,1,8.73
STU03791,22,Other,Engineering,5.1,3.7,Yes,73.4,9.1,No,2.92,8,3.4,13.3,Dorm,No,6,9,Kinesthetic,1.3,73,UCI_0149,7,12,12,12,11,12,Engineering,School Psychologist,3.435443378454978,1,2,1,7.3
STU03792,25,Other,Biology,3.8,2.3,Yes,83.4,4.3,Yes,4.0,7,4.6,8.7,Quiet Room,Yes,6,10,Auditory,4.4,98,UCI_0149,8,11,12,13,12,11,Biology,Teacher,3.397415508003208,0,1,1,10.0
STU03793,24,Female,Business,4.8,2.5,No,51.0,6.5,No,3.13,5,3.1,12.3,Co-Learning Group,No,7,10,Auditory,2.1,86,UCI_0149,7,12,11,11,12,13,Business,Principal,2.7120605094889902,2,0,1,7.82
STU03794,21,Other,Engineering,2.9,3.1,Yes,42.9,6.9,No,4.0,5,3.9,8.0,Library,No,3,5,Kinesthetic,7.2,100,UCI_0149,8,10,12,11,13,12,Engineering,Nuclear Physicist,4.471728148764962,0,1,1,10.0
STU03795,17,Female,Psychology,4.6,4.9,No,56.1,8.3,Yes,2.71,4,5.3,12.5,Dorm,Yes,10,10,Reading,1.1,56,UCI_0149,7,10,12,13,11,12,Psychology,Market Research Analyst,2.577897684106891,0,3,0,6.78
STU03796,28,Other,Biology,8.2,0.2,No,67.9,6.6,Yes,4.0,5,7.0,10.4,Quiet Room,Yes,2,6,Kinesthetic,4.1,97,UCI_0149,9,12,12,11,12,13,Biology,Music Teacher,3.673387540896644,0,4,0,10.0
STU03797,16,Male,Arts,2.9,3.8,Yes,70.7,5.8,No,4.0,4,3.8,11.5,Cafe,Yes,4,10,Kinesthetic,5.5,96,UCI_0149,7,10,12,13,11,13,Arts,Dentist,4.700521089025088,0,0,0,10.0
STU03798,27,Other,Business,5.1,2.2,Yes,91.3,6.7,No,3.86,6,4.8,11.0,Library,No,8,7,Kinesthetic,1.9,100,UCI_0149,8,11,11,13,12,12,Business,Construction Manager,4.1933387892025245,0,3,1,9.65
STU03799,28,Male,Biology,0.0,1.4,Yes,63.6,7.6,No,2.71,2,4.9,6.3,Co-Learning Group,No,3,10,Auditory,4.7,68,UCI_0149,9,11,12,11,13,13,Biology,School Counselor,3.780400845129843,1,3,1,6.78
STU03800,19,Other,Biology,3.9,1.3,No,89.7,5.6,Yes,4.0,2,6.6,9.3,Library,No,8,9,Kinesthetic,3.2,91,UCI_0149,9,11,11,11,13,13,Biology,Lawyer,2.9198983111287187,1,2,0,10.0
STU03801,18,Female,Biology,1.0,4.8,Yes,58.1,8.0,Yes,3.74,7,1.7,8.8,Cafe,No,8,10,Kinesthetic,8.9,86,UCI_0149,7,10,12,13,12,11,Biology,Financial Analyst,3.2343602998872445,2,1,1,9.35
STU03802,25,Male,Biology,4.9,3.6,No,65.1,8.8,Yes,3.89,2,5.9,11.3,Dorm,No,4,10,Visual,2.9,100,UCI_0054,9,10,12,14,12,11,Biology,Financial Analyst,4.278232715935988,1,1,1,9.72
STU03803,26,Female,Business,4.0,2.9,No,72.1,7.9,Yes,4.0,4,6.5,10.3,Library,No,5,10,Reading,2.5,90,UCI_0054,9,11,12,13,13,13,Business,Education Administrator,4.3396019557981305,0,2,1,10.0
STU03804,27,Male,Engineering,1.4,2.7,Yes,96.9,5.5,No,2.16,4,9.3,8.7,Library,Yes,1,10,Reading,9.8,49,UCI_0131,7,8,9,9,10,11,Engineering,Paralegal,4.458148995046033,0,3,0,5.4
STU03805,21,Other,Biology,4.8,0.6,Yes,47.2,6.3,Yes,3.54,1,10.0,7.2,Library,Yes,10,10,Kinesthetic,7.9,86,UCI_0054,7,9,12,12,12,13,Biology,Biomedical Engineer,4.0575490729556805,1,4,1,8.85
STU03806,28,Other,Psychology,0.2,3.1,No,52.0,8.6,Yes,4.0,5,4.4,4.3,Quiet Room,Yes,9,10,Reading,10.0,97,UCI_0054,8,9,11,12,12,13,Psychology,Physicist,3.213640516234862,0,4,1,10.0
STU03807,21,Other,Computer Science,7.447142579463389,3.0,Yes,90.9,6.9,Yes,3.72,8,7.3,15.3,Dorm,No,4,10,Visual,6.4,100,UCI_0054,8,11,10,14,12,11,Computer Science,Market Research Analyst,4.756013708608209,1,0,1,9.3
STU03808,22,Female,Computer Science,5.022929524656351,2.3,No,88.9,5.6,No,4.0,4,8.4,11.6,Co-Learning Group,Yes,2,10,Auditory,3.0,100,UCI_0054,8,9,11,13,11,13,Computer Science,Software Developer,2.976752677842628,2,2,1,10.0
STU03809,26,Male,Engineering,2.3,4.8,Yes,47.4,6.0,Yes,2.69,6,2.7,11.0,Co-Learning Group,Yes,5,10,Auditory,3.6,76,UCI_0054,8,9,11,14,13,12,Engineering,Legal Analyst,4.714535122220984,0,4,1,6.72
STU03810,21,Other,Engineering,2.9,0.9,Yes,56.6,4.0,Yes,3.94,2,2.1,5.1,Quiet Room,No,8,10,Kinesthetic,6.2,100,UCI_0054,9,9,11,12,13,13,Engineering,Acoustics Specialist,2.756981957208264,0,1,0,9.85
STU03811,18,Female,Psychology,4.7,0.4,Yes,44.3,6.3,Yes,3.17,2,3.6,9.0,Quiet Room,No,4,10,Visual,5.3,77,UCI_0054,7,9,12,13,11,11,Psychology,Zoologist,4.627172968761242,2,3,1,7.92
STU03812,28,Female,Psychology,2.0,1.4,Yes,54.7,8.7,Yes,4.0,8,6.0,7.1,Cafe,No,3,9,Auditory,8.2,100,UCI_0054,8,9,10,12,11,13,Psychology,Acoustics Specialist,3.400247562278518,2,2,1,10.0
STU03813,20,Other,Arts,5.0,1.2,Yes,76.8,9.8,No,4.0,6,2.9,8.6,Cafe,Yes,8,10,Reading,6.3,98,UCI_0054,9,11,10,12,11,12,Arts,Cybersecurity Analyst,4.043254358216744,2,0,1,10.0
STU03814,19,Male,Computer Science,6.090750710807903,0.4,No,99.9,6.5,Yes,4.0,1,9.3,8.7,Co-Learning Group,Yes,6,10,Reading,6.4,94,UCI_0054,7,9,12,13,13,11,Computer Science,Paralegal,3.430218969106897,2,1,1,10.0
STU03815,16,Female,Psychology,4.9,2.1,No,59.6,5.0,Yes,4.0,3,5.2,10.5,Co-Learning Group,No,3,9,Kinesthetic,6.1,96,UCI_0054,9,11,12,13,13,12,Psychology,Web Developer,4.207314194745007,2,1,0,10.0
STU03816,22,Female,Biology,2.3,1.9,Yes,44.0,6.2,Yes,3.64,4,5.4,5.9,Quiet Room,Yes,3,10,Auditory,1.4,85,UCI_0054,8,9,10,14,11,11,Biology,Software Developer,4.346615477,0,4,0,9.1
STU03817,22,Other,Engineering,5.2,1.1,Yes,48.3,6.1,Yes,3.79,4,6.2,6.7,Cafe,Yes,8,7,Visual,9.2,94,UCI_0054,7,10,12,12,11,13,Engineering,Counselor,3.012478891498138,0,0,1,9.47
STU03818,21,Male,Engineering,6.2,1.8,No,65.5,8.2,No,4.0,5,5.3,10.3,Co-Learning Group,Yes,5,10,Visual,1.4,100,UCI_0054,7,10,12,13,11,13,Engineering,Art Therapist,4.095901302688066,0,1,1,10.0
STU03819,16,Female,Business,3.0,3.4,Yes,96.1,7.2,No,3.15,6,2.5,9.1,Dorm,No,9,7,Reading,9.7,81,UCI_0059,8,9,8,14,14,14,Business,Microbiologist,3.200687286349245,1,0,0,7.88
STU03820,24,Other,Business,3.0,3.5,No,58.4,5.4,No,3.64,8,3.3,7.0,Library,No,1,7,Visual,2.8,95,UCI_0059,8,10,8,14,12,15,Business,Urban Planner,2.9209799223269024,0,0,1,9.1
STU03821,23,Female,Psychology,1.5,1.1,Yes,73.1,6.7,Yes,3.84,4,7.1,6.9,Co-Learning Group,No,4,10,Reading,7.6,96,UCI_0059,10,11,8,13,12,15,Psychology,Manager,4.1264052299720895,1,4,0,9.6
STU03822,21,Other,Engineering,2.5,0.9,No,40.3,7.3,Yes,3.09,5,8.9,7.7,Cafe,Yes,6,5,Reading,6.6,74,UCI_0059,10,9,10,14,12,13,Engineering,Legal Consultant,3.679518115726644,0,2,0,7.72
STU03823,16,Male,Computer Science,3.707958573320688,0.0,Yes,42.5,4.8,No,4.0,7,1.0,5.2,Cafe,No,10,5,Reading,9.3,98,UCI_0059,8,11,8,13,14,13,Computer Science,Interior Designer,4.9116109552818745,2,4,1,10.0
STU03824,25,Other,Business,3.2,1.5,No,75.9,10.2,No,3.32,3,3.4,6.4,Dorm,Yes,8,10,Reading,9.4,86,UCI_0059,8,11,10,14,14,15,Business,Counselor,2.7009622676035208,0,4,1,8.3
STU03825,16,Female,Biology,2.5,0.8,Yes,85.6,5.0,No,3.38,6,6.7,5.2,Dorm,No,8,10,Reading,2.7,87,UCI_0059,9,11,8,13,14,13,Biology,Data Scientist,2.5880385563014148,0,4,1,8.45
STU03826,28,Female,Business,2.8,0.4,Yes,42.4,6.4,Yes,4.0,1,1.0,5.2,Quiet Room,Yes,4,9,Reading,6.0,100,UCI_0059,10,10,10,14,12,14,Business,Chemical Engineer,3.035984186210957,0,4,1,10.0
STU03827,27,Male,Engineering,4.6,3.8,No,78.7,7.1,No,3.67,5,5.8,8.8,Co-Learning Group,Yes,8,10,Kinesthetic,7.8,97,UCI_0059,10,11,10,15,14,15,Engineering,Microbiologist,3.8935180066637822,2,1,1,9.18
STU03828,24,Female,Arts,5.8,4.5,Yes,80.1,6.0,No,4.0,2,3.6,12.8,Dorm,No,2,10,Reading,9.1,100,UCI_0059,9,10,9,15,13,15,Arts,Financial Analyst,2.9436002606745952,2,2,1,10.0
STU03829,22,Other,Biology,2.0,2.4,No,66.8,7.1,Yes,3.93,2,6.8,6.8,Library,Yes,10,6,Reading,3.6,91,UCI_0059,10,9,10,15,13,13,Biology,Judge,2.914948170990316,2,2,0,9.83
STU03830,23,Other,Psychology,2.1,3.8,Yes,90.0,5.0,No,2.57,3,5.9,8.5,Co-Learning Group,Yes,3,10,Auditory,8.8,66,UCI_0059,10,9,9,14,12,15,Psychology,Education Administrator,4.693080856953094,2,0,0,6.42
STU03831,23,Other,Computer Science,4.933478251182351,4.8,No,99.3,7.0,Yes,4.0,7,7.2,12.0,Quiet Room,No,6,8,Reading,6.7,100,UCI_0059,9,9,8,14,12,15,Computer Science,Quantum Physicist,4.896422547397722,1,1,1,10.0
STU03832,17,Male,Business,5.6,1.4,Yes,49.4,8.9,No,3.86,5,5.6,7.5,Cafe,No,8,10,Visual,2.0,98,UCI_0059,9,10,9,13,13,14,Business,Aerospace Engineer,3.333118464608876,1,1,1,9.65
STU03833,25,Male,Business,6.9,3.3,No,71.0,5.2,No,3.99,3,7.8,13.4,Quiet Room,No,6,8,Reading,4.2,100,UCI_0059,8,10,9,13,14,14,Business,Fluid Mechanics Engineer,3.834980909106675,1,4,0,9.98
STU03834,23,Female,Computer Science,4.857837770755535,3.3,No,92.4,4.4,No,4.0,1,2.0,11.1,Cafe,Yes,5,8,Reading,3.1,100,UCI_0059,8,10,8,14,12,14,Computer Science,Pharmacist,3.790845918101419,0,2,1,10.0
STU03835,28,Female,Business,7.1,4.1,Yes,43.4,5.6,Yes,4.0,1,2.9,15.6,Quiet Room,Yes,4,9,Visual,6.3,96,UCI_0059,8,9,8,13,13,13,Business,Risk Analyst,4.981739478,1,2,1,10.0
STU03836,17,Other,Arts,3.0,3.0,Yes,46.3,7.5,No,3.17,3,3.2,9.8,Cafe,Yes,2,10,Reading,1.8,76,UCI_0285,11,9,10,13,13,13,Arts,Biotechnologist,4.480759524314577,1,0,0,7.92
STU03837,28,Other,Arts,3.3,3.3,No,67.4,9.4,No,3.76,5,6.9,8.5,Co-Learning Group,Yes,6,10,Kinesthetic,9.4,100,UCI_0285,10,8,11,14,12,12,Arts,Counselor,2.918477112718204,2,4,0,9.4
STU03838,22,Male,Biology,6.6,2.9,Yes,97.8,8.8,No,4.0,8,3.8,12.4,Dorm,Yes,2,10,Visual,3.0,100,UCI_0285,12,10,11,12,13,12,Biology,Fluid Mechanics Engineer,3.086564558782252,0,3,0,10.0
STU03839,27,Male,Business,5.6,0.0,No,84.6,8.7,Yes,3.2,3,6.5,9.1,Dorm,No,9,10,Kinesthetic,6.3,79,UCI_0285,11,8,9,13,14,13,Business,Nuclear Physicist,2.793892705291886,2,2,0,8.0
STU03840,28,Male,Computer Science,4.521747282431245,4.9,No,100.0,8.1,No,4.0,7,7.5,13.2,Cafe,No,4,8,Auditory,9.6,100,UCI_0285,12,10,11,12,12,13,Computer Science,Artist,2.9683507415699437,0,3,1,10.0
STU03841,28,Other,Business,3.3,1.6,Yes,51.9,7.6,Yes,3.67,3,6.0,8.9,Co-Learning Group,No,2,10,Visual,4.8,90,UCI_0285,12,10,11,12,13,12,Business,Human Resources Specialist,3.2598703899371624,1,1,1,9.18
STU03842,27,Female,Computer Science,6.643856834458076,2.5,No,70.3,7.3,Yes,4.0,5,4.3,11.4,Cafe,Yes,6,10,Kinesthetic,4.5,100,UCI_0285,10,8,11,12,13,14,Computer Science,Marketing Manager,3.396486771320116,0,3,1,10.0
STU03843,22,Other,Business,7.0,5.0,Yes,67.8,6.6,No,2.85,5,6.2,14.9,Library,No,7,10,Kinesthetic,8.3,67,UCI_0285,12,9,10,13,14,14,Business,Architectural Technologist,3.2710197104495395,2,1,1,7.12
STU03844,22,Other,Psychology,4.9,1.9,Yes,62.7,8.5,No,4.0,2,5.5,10.5,Dorm,No,3,8,Kinesthetic,9.0,100,UCI_0285,11,9,10,13,14,12,Psychology,Music Therapist,3.9599547655598144,2,0,0,10.0
STU03845,27,Other,Biology,1.7,3.0,Yes,62.8,5.1,No,3.62,4,5.4,5.9,Co-Learning Group,No,7,10,Reading,2.9,93,UCI_0285,12,9,9,12,13,12,Biology,Curriculum Developer,4.006400185565216,2,0,1,9.05
STU03846,18,Female,Engineering,3.9,0.1,Yes,55.8,8.4,No,4.0,6,2.5,6.9,Quiet Room,Yes,10,7,Visual,6.5,96,UCI_0285,10,8,11,14,12,14,Engineering,School Counselor,4.345987400541032,2,2,1,10.0
STU03847,28,Other,Biology,2.7,4.0,Yes,96.4,5.9,Yes,3.61,7,7.3,9.6,Dorm,Yes,3,9,Kinesthetic,8.4,92,UCI_0285,11,10,9,12,12,14,Biology,Brand Manager,4.946372553722957,1,0,0,9.03
STU03848,16,Female,Biology,4.6,0.2,No,56.5,8.7,Yes,4.0,4,7.1,7.3,Cafe,No,3,10,Kinesthetic,9.7,98,UCI_0285,11,8,11,14,13,14,Biology,Industrial-Organizational Psychologist,4.866987102409705,2,3,1,10.0
STU03849,18,Male,Business,4.2,0.2,Yes,54.8,4.8,Yes,3.31,8,5.0,6.2,Library,Yes,8,7,Visual,4.1,78,UCI_0285,10,9,11,13,12,14,Business,Counselor,3.912827295161717,1,0,0,8.28
STU03850,20,Other,Computer Science,0.3893124860457115,3.5,No,85.9,6.8,No,2.6,8,1.7,4.4,Dorm,No,10,9,Visual,4.7,57,UCI_0285,12,10,10,12,12,14,Computer Science,Accountant,2.9835169146241065,0,2,1,6.5
STU03851,20,Female,Arts,3.7,2.8,Yes,96.3,10.9,No,3.73,7,8.2,9.7,Co-Learning Group,Yes,1,7,Auditory,1.6,92,UCI_0285,12,8,10,13,13,13,Arts,Pharmacist,3.9397833918548137,2,1,0,9.32
STU03852,23,Male,Engineering,4.1,1.5,No,59.8,8.5,No,3.8,6,5.1,7.3,Cafe,Yes,5,5,Kinesthetic,8.0,88,UCI_0285,12,10,9,13,14,12,Engineering,Biotechnologist,3.578770870322686,2,3,1,9.5
STU03853,27,Male,Arts,6.5,1.1,No,90.8,8.1,Yes,3.4,4,4.1,11.9,Quiet Room,Yes,4,10,Reading,2.1,89,UCI_0285,12,9,10,12,14,13,Arts,Biochemist,4.821881518127282,2,3,1,8.5
STU03854,21,Male,Computer Science,2.6754207312861027,2.1,Yes,64.0,6.3,Yes,2.56,3,7.6,6.2,Dorm,No,3,9,Visual,1.3,62,UCI_0229,12,11,12,10,11,11,Computer Science,Digital Marketing Specialist,3.3372402340659253,0,0,0,6.4
STU03855,18,Other,Business,0.0,1.2,Yes,58.2,6.4,Yes,3.09,6,2.7,3.4,Library,No,10,10,Reading,1.2,70,UCI_0229,12,11,11,11,10,10,Business,Marketing Specialist,2.928216106509727,0,4,0,7.72
STU03856,26,Other,Psychology,6.2,0.5,Yes,89.5,8.7,No,4.0,3,2.1,9.0,Co-Learning Group,Yes,10,10,Visual,1.7,100,UCI_0229,13,10,13,10,12,10,Psychology,Financial Advisor,4.259691896657534,0,0,0,10.0
STU03857,22,Male,Engineering,2.9,0.3,Yes,98.6,5.5,Yes,3.88,5,7.3,8.3,Library,Yes,3,6,Kinesthetic,8.5,100,UCI_0229,13,10,13,10,10,11,Engineering,Marketing Specialist,4.8616507680641865,0,3,0,9.7
STU03858,17,Male,Arts,6.4,4.2,No,98.9,7.8,No,4.0,3,4.6,12.4,Library,Yes,10,8,Visual,5.3,99,UCI_0229,11,10,13,10,12,12,Arts,Landscape Architect,2.985643285764896,0,1,0,10.0
STU03859,21,Female,Arts,5.3,2.7,Yes,61.3,5.2,No,4.0,7,1.9,12.2,Quiet Room,Yes,7,5,Reading,8.3,100,UCI_0229,12,11,11,9,12,10,Arts,Digital Marketing Specialist,4.980223053382797,2,4,0,10.0
STU03860,28,Female,Business,7.5,4.0,No,87.0,8.1,No,3.7,6,4.0,13.8,Cafe,No,7,8,Reading,8.6,94,UCI_0229,12,10,13,10,11,12,Business,Clinical Psychologist,2.997351467401187,1,0,0,9.25
STU03861,25,Female,Biology,5.9,2.7,Yes,69.6,6.5,No,2.76,3,6.1,11.8,Dorm,Yes,5,10,Reading,3.9,65,UCI_0229,11,10,12,9,10,10,Biology,Interior Designer,4.600083072,2,0,0,6.9
STU03862,19,Other,Psychology,3.7,2.6,Yes,91.9,6.3,Yes,3.34,4,3.9,10.3,Library,No,2,8,Reading,6.2,95,UCI_0229,13,10,11,11,10,10,Psychology,Legal Consultant,3.219682161018508,1,4,1,8.35
STU03863,16,Male,Biology,4.0,2.8,No,45.4,6.6,No,4.0,7,5.3,10.9,Co-Learning Group,No,1,10,Auditory,2.0,100,UCI_0229,12,10,13,10,12,10,Biology,Conductor,3.139241515607809,1,3,0,10.0
STU03864,23,Female,Biology,1.5,0.8,No,85.9,8.3,No,3.54,3,8.2,4.5,Co-Learning Group,No,3,7,Reading,6.4,94,UCI_0229,12,10,11,10,12,10,Biology,Data Scientist,3.4577142885838184,1,0,1,8.85
STU03865,26,Male,Arts,2.2,3.5,No,99.6,9.0,No,4.0,3,5.6,8.2,Library,No,8,7,Kinesthetic,9.8,95,UCI_0229,13,10,11,10,11,11,Arts,Astronomer,3.486263583948392,1,3,0,10.0
STU03866,26,Other,Business,2.5,3.6,Yes,55.0,6.6,Yes,2.61,1,6.9,8.5,Cafe,Yes,6,10,Kinesthetic,4.4,67,UCI_0229,13,10,13,11,12,10,Business,Electrical Engineer,3.169009640984558,0,1,0,6.52
STU03867,17,Female,Engineering,4.8,1.2,No,93.5,6.1,Yes,3.91,6,3.2,6.7,Dorm,Yes,10,7,Reading,3.1,93,UCI_0229,12,12,13,11,12,11,Engineering,Conductor,3.699704606534713,0,3,0,9.78
STU03868,18,Male,Engineering,2.3,0.5,No,78.9,6.6,No,2.78,3,5.6,8.1,Library,No,6,10,Visual,6.4,76,UCI_0229,11,10,11,11,10,11,Engineering,Doctor,3.750258166,1,2,0,6.95
STU03869,18,Female,Engineering,1.8,4.5,No,44.2,8.3,No,3.64,3,4.2,8.6,Library,Yes,3,9,Kinesthetic,5.3,98,UCI_0229,13,10,12,10,12,11,Engineering,Physician Assistant,3.1667665821301094,1,2,0,9.1
STU03870,17,Other,Computer Science,6.992015289845668,2.8,No,72.8,9.1,No,4.0,4,7.3,13.0,Quiet Room,No,5,6,Auditory,6.2,95,UCI_0229,12,12,13,11,12,12,Computer Science,Dentist,4.442202284081427,0,2,1,10.0
STU03871,28,Male,Biology,2.2,1.5,No,65.9,5.7,Yes,4.0,1,1.0,9.0,Cafe,No,3,7,Kinesthetic,9.9,100,UCI_0229,13,12,11,10,10,11,Biology,Investment Banker,3.054666635101816,0,1,1,10.0
STU03872,22,Female,Arts,8.4,3.6,Yes,67.2,7.8,No,4.0,4,4.6,14.0,Co-Learning Group,No,3,8,Visual,4.6,100,UCI_0065,10,11,10,14,13,13,Arts,Animator,4.771253320119147,0,1,1,10.0
STU03873,21,Male,Computer Science,3.069584118442026,2.8,Yes,68.1,6.1,No,2.64,6,7.3,7.0,Dorm,No,4,8,Kinesthetic,7.9,62,UCI_0065,9,11,9,13,12,11,Computer Science,Software Developer,3.0301361868220797,1,4,1,6.6
STU03874,25,Other,Biology,3.5,3.6,Yes,88.8,4.4,Yes,2.78,6,2.6,7.7,Dorm,No,2,10,Reading,4.1,78,UCI_0065,11,11,10,12,11,11,Biology,Financial Advisor,4.276321021448432,2,4,0,6.95
STU03875,24,Female,Biology,7.5,2.1,Yes,60.2,5.5,No,4.0,2,7.6,10.7,Library,No,8,7,Auditory,8.1,100,UCI_0065,11,10,9,13,13,12,Biology,Digital Marketing Specialist,3.659806461077668,0,1,1,10.0
STU03876,19,Other,Computer Science,5.479988816057443,3.3,No,84.3,6.7,No,4.0,6,4.0,10.1,Co-Learning Group,No,5,5,Reading,2.5,100,UCI_0065,10,9,11,12,13,11,Computer Science,Nuclear Physicist,4.618528848,2,0,0,10.0
STU03877,27,Other,Biology,3.6,4.2,No,41.4,7.7,No,3.88,6,6.8,11.6,Cafe,Yes,6,6,Kinesthetic,7.4,100,UCI_0065,9,10,9,12,11,13,Biology,Special Education Teacher,3.3809568774416,0,1,1,9.7
STU03878,20,Male,Computer Science,4.745519652959979,2.5,No,95.8,6.2,Yes,4.0,7,2.7,7.9,Cafe,Yes,9,5,Auditory,5.0,93,UCI_0065,11,9,10,13,12,12,Computer Science,School Counselor,4.344768245042317,0,2,1,10.0
STU03879,23,Other,Engineering,4.6,1.2,Yes,42.2,7.2,No,4.0,5,2.4,10.0,Library,Yes,7,10,Visual,6.7,96,UCI_0065,11,10,10,14,12,11,Engineering,AI Researcher,4.252644077853631,0,1,0,10.0
STU03880,20,Other,Engineering,3.3,1.2,Yes,66.7,7.7,No,4.0,3,3.6,6.9,Co-Learning Group,No,9,10,Auditory,6.2,100,UCI_0065,9,10,9,14,12,11,Engineering,Chemist,2.596156890982174,2,0,1,10.0
STU03881,18,Other,Engineering,3.5,1.7,No,99.1,6.6,Yes,3.98,5,2.7,7.6,Co-Learning Group,Yes,8,10,Kinesthetic,5.7,100,UCI_0065,10,11,11,14,13,12,Engineering,Manager,4.940370216268419,0,0,0,9.95
STU03882,24,Female,Biology,5.7,3.0,No,49.7,7.0,Yes,4.0,4,5.5,13.5,Quiet Room,No,9,9,Auditory,6.6,100,UCI_0065,11,11,10,13,13,12,Biology,School Counselor,3.780400845129843,1,3,1,10.0
STU03883,23,Male,Computer Science,6.918422057685572,3.9,No,91.6,7.1,No,4.0,5,3.3,14.7,Dorm,No,9,9,Kinesthetic,2.4,100,UCI_0065,9,9,10,12,11,11,Computer Science,Physician Assistant,4.728741802562124,1,3,1,10.0
STU03884,20,Other,Engineering,5.2,4.7,No,58.5,7.5,No,3.75,3,2.6,11.4,Cafe,No,7,9,Visual,7.6,99,UCI_0065,10,10,10,13,13,11,Engineering,Astronomer,4.4134304280829895,0,4,0,9.38
STU03885,19,Other,Arts,3.4,2.5,Yes,44.2,6.7,Yes,3.38,4,5.2,10.1,Co-Learning Group,Yes,1,5,Kinesthetic,1.2,78,UCI_0065,10,10,9,12,11,11,Arts,Chemist,4.520526129,0,2,0,8.45
STU03886,18,Other,Computer Science,3.773499207156467,0.4,Yes,84.7,5.4,Yes,3.22,7,1.7,7.1,Dorm,No,9,10,Auditory,5.4,88,UCI_0065,9,9,9,14,13,12,Computer Science,Cybersecurity Analyst,4.373177198776728,0,0,0,8.05
STU03887,16,Female,Computer Science,8.403896284238769,0.8,Yes,64.4,7.5,No,3.31,5,3.8,11.9,Quiet Room,No,8,10,Reading,4.4,89,UCI_0065,9,11,9,12,12,12,Computer Science,Market Research Analyst,4.456786388,1,3,0,8.28
STU03888,28,Male,Computer Science,4.079199434357484,0.2,Yes,61.0,6.1,Yes,2.78,5,6.6,6.6,Co-Learning Group,Yes,7,10,Visual,3.4,68,UCI_0065,9,11,9,12,12,12,Computer Science,Market Research Analyst,2.9873740102729043,0,4,1,6.95
STU03889,28,Other,Computer Science,7.948962487307957,1.3,No,49.4,7.6,No,4.0,4,4.8,13.3,Co-Learning Group,Yes,10,10,Reading,2.1,100,UCI_0086,10,9,10,12,11,12,Computer Science,Software Developer,3.786415566592173,2,3,1,10.0
STU03890,27,Other,Arts,2.6,0.7,No,56.5,8.0,No,3.3,1,6.8,6.3,Library,Yes,1,5,Kinesthetic,7.0,79,UCI_0086,10,9,11,13,12,13,Arts,AI Researcher,4.700312067,2,0,1,8.25
STU03891,19,Male,Engineering,4.4,4.8,Yes,43.2,6.1,No,4.0,3,4.0,10.4,Quiet Room,Yes,4,10,Auditory,2.4,100,UCI_0086,8,9,11,12,13,13,Engineering,Biochemist,4.158398301917686,2,2,0,10.0
STU03892,28,Other,Arts,2.3,0.9,No,72.3,5.6,No,2.22,3,6.5,6.0,Co-Learning Group,No,1,10,Reading,2.9,48,UCI_0366,8,8,11,9,10,12,Arts,Conductor,4.040389232200274,2,0,0,5.55
STU03893,18,Male,Business,5.2,0.2,Yes,55.3,5.0,Yes,4.0,8,4.1,8.9,Quiet Room,Yes,2,5,Reading,5.1,100,UCI_0086,9,11,11,13,11,11,Business,AI Researcher,4.148435858295736,1,3,1,10.0
STU03894,20,Other,Psychology,4.7,3.9,Yes,87.7,9.3,Yes,4.0,4,6.5,9.3,Co-Learning Group,Yes,1,9,Kinesthetic,7.4,100,UCI_0086,10,10,10,13,13,11,Psychology,Inorganic Chemist,3.1107039902242555,1,2,0,10.0
STU03895,20,Female,Biology,3.1,2.7,Yes,69.5,9.1,Yes,3.83,2,1.0,9.7,Library,No,1,10,Reading,7.3,100,UCI_0086,8,11,10,14,11,11,Biology,Web Developer,3.1927484986049226,1,3,0,9.57
STU03896,27,Other,Psychology,2.2,3.8,No,99.6,6.6,No,2.87,8,5.6,11.8,Dorm,Yes,10,10,Reading,6.7,74,UCI_0086,10,11,9,14,11,11,Psychology,Doctor,3.554167143974896,0,1,0,7.18
STU03897,18,Female,Biology,4.0,1.8,Yes,93.9,11.6,Yes,3.49,6,3.4,6.7,Library,Yes,1,10,Kinesthetic,5.2,90,UCI_0086,10,9,9,12,12,11,Biology,Actuary,4.970301458384449,2,0,1,8.73
STU03898,21,Female,Biology,0.0,3.9,Yes,69.8,6.9,No,4.0,7,4.9,4.6,Library,Yes,5,8,Kinesthetic,8.7,99,UCI_0086,8,9,10,13,11,12,Biology,Accountant,3.80909767859208,2,3,1,10.0
STU03899,22,Other,Business,0.0,3.7,Yes,92.0,7.8,Yes,2.77,4,6.0,5.7,Dorm,No,2,10,Reading,5.0,74,UCI_0086,9,10,10,12,12,13,Business,Zoologist,4.935798893080337,2,3,1,6.92
STU03900,18,Female,Arts,4.2,3.6,No,73.7,8.0,No,3.3,4,5.7,11.4,Dorm,Yes,3,10,Auditory,3.6,82,UCI_0086,8,9,9,14,13,13,Arts,Market Research Analyst,2.8539892967879945,0,0,0,8.25
STU03901,23,Female,Biology,2.4,2.8,No,74.7,9.0,No,4.0,6,3.7,8.6,Co-Learning Group,No,9,10,Visual,8.1,89,UCI_0086,8,10,9,14,12,12,Biology,Microbiologist,4.651639089082616,2,4,0,10.0
STU03902,19,Male,Computer Science,1.851200180049689,4.5,No,90.4,6.3,Yes,3.88,2,5.2,11.2,Cafe,Yes,6,8,Visual,8.4,100,UCI_0086,9,11,11,14,12,13,Computer Science,Legal Consultant,3.539336007308349,2,2,1,9.7
STU03903,19,Other,Business,0.4,0.9,Yes,80.5,6.1,Yes,3.48,5,5.5,6.5,Library,No,5,9,Auditory,8.4,91,UCI_0086,10,10,11,14,13,11,Business,Lawyer,4.429278099248131,2,3,0,8.7
STU03904,27,Other,Biology,0.8,2.7,No,49.1,6.7,Yes,4.0,6,2.9,8.4,Cafe,Yes,9,6,Reading,8.5,95,UCI_0086,10,10,9,13,13,13,Biology,Advertising Manager,4.023699821980845,1,4,1,10.0
STU03905,23,Other,Psychology,1.1,1.2,Yes,42.6,5.7,No,3.79,2,2.8,5.3,Quiet Room,No,1,10,Kinesthetic,9.6,94,UCI_0086,10,11,10,14,11,11,Psychology,Investment Banker,3.5386418706004825,1,4,0,9.47
STU03906,22,Male,Psychology,3.4,3.6,No,97.2,7.6,No,3.85,2,5.5,12.1,Quiet Room,No,8,8,Reading,7.0,96,UCI_0086,8,11,10,14,12,12,Psychology,Music Therapist,4.875998425165146,0,4,0,9.62
STU03907,27,Female,Arts,2.0,4.5,Yes,79.3,10.5,No,4.0,5,4.0,9.1,Cafe,No,10,5,Reading,9.6,100,UCI_0266,11,9,9,14,12,12,Arts,Urban Planner,3.4383557795489894,2,4,0,10.0
STU03908,27,Female,Arts,4.1,3.6,Yes,75.8,6.7,Yes,3.82,5,3.0,8.8,Library,No,4,7,Reading,9.7,95,UCI_0266,9,8,8,14,11,12,Arts,Urban Planner,3.4383557795489894,2,4,0,9.55
STU03909,27,Other,Biology,3.9,3.8,Yes,68.6,9.2,Yes,4.0,2,4.1,11.9,Co-Learning Group,Yes,9,9,Kinesthetic,2.4,100,UCI_0266,11,8,9,14,13,12,Biology,Landscape Architect,3.034652481,2,1,0,10.0
STU03910,21,Other,Arts,0.4,2.7,Yes,76.3,4.9,Yes,2.49,3,7.1,4.8,Library,No,2,7,Auditory,9.6,65,UCI_0362,14,13,12,9,11,11,Arts,Biomedical Engineer,3.2453723229701468,0,2,1,6.23
STU03911,28,Male,Engineering,3.1,3.6,Yes,79.2,6.9,No,3.01,6,8.1,8.9,Co-Learning Group,Yes,4,10,Reading,4.9,82,UCI_0266,10,10,10,16,13,12,Engineering,Counselor,3.012478891498138,0,0,1,7.52
STU03912,18,Other,Arts,6.1,1.7,No,72.9,5.4,Yes,3.18,7,6.4,9.3,Library,Yes,3,10,Visual,8.8,68,UCI_0266,10,9,10,14,13,12,Arts,Special Education Teacher,4.031630636761664,0,3,1,7.95
STU03913,25,Male,Biology,5.5,4.2,Yes,90.1,5.8,Yes,3.76,8,7.0,11.0,Quiet Room,Yes,8,5,Reading,8.4,91,UCI_0266,10,10,8,16,13,12,Biology,Ecologist,2.700140973624852,1,3,1,9.4
STU03914,28,Other,Biology,3.4,1.0,Yes,59.2,7.5,No,4.0,1,5.5,8.0,Cafe,No,1,10,Kinesthetic,1.2,98,UCI_0266,9,8,10,16,12,12,Biology,Advertising Manager,4.579721455,1,3,0,10.0
STU03915,21,Other,Computer Science,5.151162276,0.8,No,49.9,7.8,No,4.0,3,5.3,9.8,Cafe,Yes,4,8,Visual,2.3,99,UCI_0266,9,8,9,16,11,14,Computer Science,Doctor,4.375929043526621,1,2,1,10.0
STU03916,24,Male,Computer Science,5.737150719650025,0.5,No,41.9,8.5,No,3.99,4,3.2,9.3,Co-Learning Group,No,4,10,Reading,8.9,94,UCI_0266,9,9,10,15,12,13,Computer Science,Software Developer,2.976752677842628,2,2,1,9.98
STU03917,17,Male,Business,0.5,1.7,No,82.8,9.8,No,4.0,1,1.3,3.3,Library,No,5,10,Visual,7.9,99,UCI_0266,10,8,8,16,13,14,Business,Nuclear Physicist,2.779696449360392,1,4,1,10.0
STU03918,20,Male,Arts,5.2,3.9,No,66.4,4.8,Yes,4.0,1,7.9,11.3,Library,No,5,9,Auditory,9.7,94,UCI_0266,9,8,8,14,12,12,Arts,Biomedical Engineer,4.664657459,1,4,1,10.0
STU03919,28,Other,Psychology,1.6,0.4,No,90.0,7.6,Yes,3.45,8,3.8,7.0,Quiet Room,Yes,1,5,Kinesthetic,2.5,89,UCI_0266,11,8,9,14,12,12,Psychology,Civil Engineer,2.626453001696627,0,3,1,8.62
STU03920,25,Female,Psychology,0.4,3.7,No,44.2,10.0,Yes,3.2,8,5.3,7.2,Co-Learning Group,No,8,10,Auditory,4.7,81,UCI_0266,10,10,10,14,12,14,Psychology,Biologist,3.182194274967926,2,4,1,8.0
STU03921,27,Male,Business,3.4,0.2,Yes,84.2,4.3,No,3.64,7,1.0,7.2,Co-Learning Group,Yes,8,10,Reading,3.3,92,UCI_0266,10,9,9,16,12,14,Business,Social Media Manager,3.827745389149702,2,1,0,9.1
STU03922,23,Other,Psychology,3.5,1.6,No,41.1,8.2,No,3.83,1,6.6,8.4,Library,No,10,10,Visual,5.9,91,UCI_0266,11,9,8,14,12,14,Psychology,Legal Consultant,2.5771647378182365,0,2,0,9.57
STU03923,23,Female,Engineering,3.9,0.5,Yes,57.0,6.3,No,4.0,2,5.5,6.3,Quiet Room,Yes,8,6,Visual,9.1,90,UCI_0266,10,8,10,14,12,12,Engineering,Manager,2.620397061925361,2,2,0,10.0
STU03924,27,Female,Psychology,6.2,0.3,No,70.2,7.8,Yes,4.0,3,5.0,11.6,Dorm,Yes,2,5,Auditory,2.2,93,UCI_0266,9,10,10,14,11,13,Psychology,Biologist,3.228555904224532,1,0,1,10.0
STU03925,20,Male,Biology,5.3,1.0,No,44.8,10.6,Yes,4.0,7,2.7,7.9,Co-Learning Group,Yes,3,10,Kinesthetic,7.1,93,UCI_0024,13,13,12,10,10,10,Biology,Landscape Architect,3.486179734759828,1,2,1,10.0
STU03926,22,Male,Business,6.1,1.3,Yes,55.4,6.9,No,4.0,1,3.6,10.7,Quiet Room,No,5,10,Reading,4.8,96,UCI_0024,14,13,13,10,10,9,Business,Software Developer,2.642087509245593,2,4,0,10.0
STU03927,23,Female,Engineering,5.1,3.9,Yes,93.7,5.4,No,4.0,3,4.9,11.3,Quiet Room,Yes,8,10,Auditory,5.3,92,UCI_0024,14,14,11,11,11,10,Engineering,Geneticist,4.510105015518082,1,1,1,10.0
STU03928,25,Female,Business,3.5,4.8,Yes,57.9,7.5,Yes,2.68,1,6.4,12.0,Dorm,Yes,4,10,Kinesthetic,5.0,69,UCI_0024,14,13,11,11,9,11,Business,Web Developer,4.570196678252482,1,1,1,6.7
STU03929,19,Male,Psychology,6.3,1.6,No,58.6,9.4,No,4.0,4,4.5,9.0,Dorm,No,1,10,Kinesthetic,6.0,100,UCI_0024,12,13,13,10,11,9,Psychology,Credit Analyst,3.524353663346018,0,3,1,10.0
STU03930,25,Male,Arts,2.5,3.5,Yes,81.2,6.8,No,3.94,4,2.8,7.5,Library,Yes,2,10,Visual,6.4,91,UCI_0024,12,12,11,9,10,9,Arts,Graphic Designer,3.802571905467085,1,3,1,9.85
STU03931,27,Male,Arts,2.4,1.8,Yes,47.9,8.7,No,2.99,2,2.3,6.0,Dorm,Yes,4,8,Reading,1.8,77,UCI_0024,14,12,13,11,11,11,Arts,Biomedical Engineer,3.322279400547208,0,4,0,7.48
STU03932,19,Female,Psychology,3.7,2.0,No,70.9,8.9,Yes,4.0,5,1.8,8.6,Cafe,No,2,10,Visual,9.7,100,UCI_0024,14,14,12,10,10,10,Psychology,Human Resources Specialist,3.926889204981678,1,4,0,10.0
STU03933,24,Female,Business,4.0,0.3,No,50.9,9.8,No,3.54,1,2.0,7.7,Library,No,2,7,Kinesthetic,1.6,93,UCI_0024,13,12,13,11,11,9,Business,School Psychologist,3.653899869314132,0,3,1,8.85
STU03934,17,Male,Computer Science,8.383911720956888,0.3,No,89.2,6.3,No,3.8,1,8.0,12.8,Cafe,Yes,1,10,Kinesthetic,7.6,97,UCI_0024,14,13,11,11,11,11,Computer Science,Paralegal,4.882164567853074,0,2,1,9.5
STU03935,22,Male,Engineering,0.9,1.6,Yes,76.2,7.8,Yes,3.7,3,4.5,6.6,Cafe,No,10,10,Visual,3.8,92,UCI_0024,13,12,11,11,11,9,Engineering,Biotechnologist,3.989469039378359,0,4,0,9.25
STU03936,24,Male,Business,0.7,4.9,No,76.8,7.8,Yes,3.58,1,2.2,9.4,Co-Learning Group,No,8,5,Auditory,1.6,88,UCI_0024,14,12,13,9,11,9,Business,Music Teacher,3.035186135634252,2,4,0,8.95
STU03937,27,Male,Engineering,7.8,5.0,Yes,53.4,4.9,Yes,3.55,2,5.0,15.9,Cafe,No,9,10,Reading,7.4,94,UCI_0024,13,14,13,10,11,9,Engineering,Brand Manager,2.725102260229672,0,3,0,8.88
STU03938,18,Male,Arts,8.1,0.1,No,81.3,7.9,Yes,3.35,7,6.6,12.3,Quiet Room,Yes,3,10,Visual,2.6,91,UCI_0024,13,14,11,10,10,10,Arts,AI Researcher,2.650950636406607,0,0,0,8.38
STU03939,23,Male,Engineering,2.1,3.6,No,94.6,7.4,Yes,4.0,2,3.1,6.6,Dorm,No,4,6,Visual,7.0,97,UCI_0024,14,13,13,10,11,10,Engineering,Data Scientist,4.509470203584161,0,3,1,10.0
STU03940,17,Other,Business,5.5,2.7,Yes,95.6,8.6,Yes,4.0,5,4.1,10.2,Dorm,No,4,6,Kinesthetic,3.1,100,UCI_0024,14,13,13,11,9,9,Business,Graphic Designer,4.561071082669169,0,0,0,10.0
STU03941,21,Female,Computer Science,6.152113388,2.7,Yes,93.1,7.1,Yes,4.0,7,4.7,11.8,Dorm,No,3,7,Visual,5.9,100,UCI_0024,12,13,12,9,11,11,Computer Science,Chemical Engineer,2.8973547685203163,1,0,0,10.0
STU03942,25,Female,Business,8.4,2.2,Yes,53.2,7.2,No,4.0,5,4.2,13.5,Library,No,4,10,Visual,7.3,96,UCI_0024,13,12,13,9,9,11,Business,Curriculum Developer,2.640475599603884,0,2,1,10.0
STU03943,26,Female,Business,6.9,1.1,Yes,89.6,5.2,Yes,4.0,2,3.8,10.0,Library,No,5,10,Visual,9.1,98,UCI_0239,14,12,11,8,11,9,Business,School Counselor,3.1052114987181154,2,2,1,10.0
STU03944,21,Female,Biology,2.9,4.9,Yes,95.0,7.8,Yes,3.75,4,8.1,10.7,Cafe,No,6,7,Reading,4.5,92,UCI_0239,14,12,12,10,10,10,Biology,Brand Manager,4.946372553722957,1,0,0,9.38
STU03945,27,Female,Arts,4.4,4.3,Yes,54.1,5.8,Yes,2.68,7,8.2,10.2,Cafe,No,1,10,Visual,9.6,70,UCI_0239,13,11,12,9,9,10,Arts,Mechanical Engineer,4.539217598637782,2,1,1,6.7
STU03946,27,Female,Arts,3.6,1.5,No,82.0,6.9,Yes,4.0,3,2.8,10.1,Dorm,Yes,1,10,Auditory,8.5,94,UCI_0239,13,11,13,10,10,9,Arts,Legal Analyst,4.9892249930498895,1,0,0,10.0
STU03947,24,Male,Engineering,7.1,0.9,Yes,91.0,7.5,Yes,4.0,4,5.6,13.0,Co-Learning Group,No,3,9,Reading,3.1,99,UCI_0239,13,13,11,10,11,9,Engineering,Biologist,3.4289079044566924,1,4,1,10.0
STU03948,17,Other,Arts,3.7,0.4,No,55.4,8.7,Yes,4.0,5,9.2,6.5,Cafe,No,6,8,Auditory,9.6,100,UCI_0239,12,13,13,10,10,10,Arts,Music Teacher,4.849772762445763,1,0,0,10.0
STU03949,19,Other,Biology,3.4,0.3,No,84.5,6.1,Yes,3.65,2,3.5,5.7,Co-Learning Group,Yes,10,9,Kinesthetic,1.3,89,UCI_0239,13,12,13,8,9,9,Biology,Advertising Manager,4.579721455,1,3,0,9.12
STU03950,21,Female,Biology,4.0,1.4,No,69.4,6.3,Yes,3.69,1,3.3,6.7,Cafe,Yes,5,8,Auditory,6.7,85,UCI_0239,14,13,11,8,9,9,Biology,Financial Controller,2.821570209416658,1,1,0,9.22
STU03951,20,Male,Business,3.6,3.1,Yes,55.7,8.5,No,2.55,2,8.2,9.7,Dorm,No,9,9,Visual,2.7,58,UCI_0239,13,12,12,8,10,11,Business,Data Scientist,2.991369929,2,0,1,6.38
STU03952,23,Female,Business,9.7,2.4,Yes,59.5,6.9,Yes,4.0,7,4.4,15.6,Cafe,No,4,10,Auditory,1.1,96,UCI_0239,13,13,13,10,10,9,Business,AI Researcher,4.148435858295736,1,3,1,10.0
STU03953,17,Female,Arts,6.6,4.5,No,95.0,4.2,Yes,4.0,3,4.8,14.8,Cafe,Yes,1,5,Visual,3.3,100,UCI_0239,13,12,13,10,10,10,Arts,Credit Analyst,3.937773889,0,1,1,10.0
STU03954,25,Other,Computer Science,2.1439872361108065,3.0,Yes,46.8,7.1,Yes,3.04,3,1.4,7.9,Co-Learning Group,Yes,4,9,Auditory,1.6,73,UCI_0239,14,13,13,9,10,10,Computer Science,Electrical Engineer,2.714857026715292,0,3,1,7.6
STU03955,27,Other,Psychology,2.9,2.4,Yes,75.5,4.3,Yes,4.0,3,3.6,7.2,Library,Yes,3,10,Reading,1.1,98,UCI_0239,13,11,11,9,10,9,Psychology,Animator,3.9490970953798135,2,3,0,10.0
STU03956,22,Female,Arts,3.4,0.9,No,67.6,8.8,No,3.73,8,6.2,7.2,Quiet Room,No,9,10,Reading,6.2,91,UCI_0239,12,13,12,9,11,9,Arts,Chemical Engineer,3.632071167040824,1,4,1,9.32
STU03957,23,Female,Biology,5.3,1.9,No,84.7,6.9,Yes,2.98,3,7.9,11.0,Cafe,No,4,10,Auditory,6.2,72,UCI_0239,14,13,12,9,11,9,Biology,Construction Manager,4.028674977067648,1,0,1,7.45
STU03958,20,Female,Psychology,1.5,4.0,No,53.1,6.9,Yes,4.0,7,5.5,8.7,Co-Learning Group,Yes,3,6,Visual,6.8,100,UCI_0239,12,13,11,10,11,10,Psychology,Geneticist,2.827753750721669,1,4,1,10.0
STU03959,28,Other,Psychology,5.7,3.2,Yes,88.6,8.5,Yes,4.0,8,6.5,11.6,Dorm,No,3,10,Reading,1.7,96,UCI_0237,11,9,10,12,12,12,Psychology,Construction Manager,4.894091445820949,2,2,0,10.0
STU03960,16,Other,Psychology,4.1,2.2,No,94.1,8.6,Yes,4.0,7,3.7,10.5,Cafe,Yes,1,10,Reading,1.6,100,UCI_0237,10,10,11,12,11,12,Psychology,Lawyer,3.415861333628846,2,3,0,10.0
STU03961,20,Other,Computer Science,5.440854475487434,3.4,No,65.9,5.8,Yes,3.37,4,1.0,10.9,Library,Yes,1,10,Reading,8.5,75,UCI_0237,11,8,10,11,13,12,Computer Science,Illustrator,3.3486554509805693,1,2,0,8.43
STU03962,25,Other,Computer Science,3.4345761758477718,2.0,Yes,62.1,6.3,No,2.97,1,4.4,7.8,Dorm,Yes,4,10,Visual,4.6,70,UCI_0237,12,9,11,13,11,12,Computer Science,Data Scientist,2.831345231378122,0,2,0,7.43
STU03963,25,Male,Computer Science,2.846692373368602,4.5,No,44.1,7.4,No,4.0,7,1.1,10.2,Library,Yes,6,8,Kinesthetic,6.0,100,UCI_0237,12,9,9,13,11,13,Computer Science,Counselor,3.063419292020752,2,1,1,10.0
STU03964,28,Female,Engineering,4.1,0.3,Yes,83.5,7.8,No,3.25,4,8.3,7.0,Dorm,No,6,10,Visual,1.3,80,UCI_0237,12,8,9,13,12,13,Engineering,Quantum Physicist,4.6365136626911925,1,3,0,8.12
STU03965,24,Male,Psychology,2.6,1.5,No,49.3,8.2,Yes,3.3,4,6.2,7.9,Dorm,Yes,10,5,Visual,3.7,80,UCI_0237,12,8,11,12,13,11,Psychology,Analytical Chemist,3.6196451310873456,0,2,1,8.25
STU03966,17,Female,Psychology,0.0,2.6,No,74.5,6.3,Yes,3.39,2,6.2,5.4,Library,No,4,9,Visual,1.2,85,UCI_0237,10,9,10,12,11,12,Psychology,Entrepreneur,4.644960395735918,2,0,1,8.47
STU03967,23,Female,Arts,4.1,4.9,Yes,85.9,6.2,Yes,3.69,2,1.5,12.0,Cafe,No,1,10,Auditory,5.6,92,UCI_0237,12,10,11,11,13,12,Arts,Art Therapist,2.503651164235581,1,2,0,9.22
STU03968,24,Female,Arts,6.2,1.4,Yes,79.7,7.0,No,4.0,6,3.8,8.9,Library,No,2,10,Auditory,7.1,95,UCI_0237,12,10,9,13,12,13,Arts,Entrepreneur,3.130623595701958,1,3,1,10.0
STU03969,17,Other,Psychology,4.2,4.3,Yes,83.4,7.4,Yes,3.6,8,6.7,12.8,Co-Learning Group,No,5,9,Visual,7.9,81,UCI_0237,11,8,11,11,13,11,Psychology,Nurse,3.628958915782629,0,1,1,9.0
STU03970,20,Other,Business,1.3,4.3,Yes,54.7,7.4,Yes,3.34,2,3.8,7.5,Cafe,No,3,10,Reading,7.4,79,UCI_0237,12,9,9,11,11,13,Business,School Counselor,4.588548653607576,0,2,0,8.35
STU03971,22,Other,Psychology,5.0,4.6,Yes,77.9,7.7,Yes,2.6,2,7.4,12.7,Dorm,No,4,8,Kinesthetic,1.5,67,UCI_0237,12,10,10,12,13,11,Psychology,Biotechnologist,3.0294050817973446,2,1,1,6.5
STU03972,27,Male,Arts,3.8,0.5,Yes,79.9,8.1,Yes,3.17,1,4.0,7.2,Co-Learning Group,No,3,10,Kinesthetic,3.9,78,UCI_0237,12,9,10,12,13,13,Arts,Nurse,4.172398392396939,1,1,1,7.92
STU03973,19,Female,Arts,3.3,1.5,Yes,63.3,7.1,Yes,3.69,7,2.3,8.7,Dorm,Yes,4,9,Kinesthetic,3.2,95,UCI_0237,12,8,9,13,13,11,Arts,Financial Analyst,2.9436002606745952,2,2,1,9.22
STU03974,17,Other,Psychology,5.2,4.8,Yes,97.3,6.1,Yes,3.11,1,9.9,12.5,Library,No,3,6,Visual,9.4,73,UCI_0237,12,8,11,13,12,11,Psychology,Actuary,3.2853207202988344,0,0,1,7.77
STU03975,22,Female,Psychology,3.7,1.4,Yes,90.1,10.7,No,3.16,3,9.1,8.6,Cafe,No,7,10,Auditory,5.4,76,UCI_0237,12,8,10,12,11,12,Psychology,Market Research Analyst,2.577897684106891,0,3,0,7.9
STU03976,27,Male,Psychology,1.8,4.3,Yes,67.7,8.5,No,3.24,7,6.2,9.2,Library,Yes,5,10,Kinesthetic,3.4,86,UCI_0237,12,8,10,11,12,11,Psychology,Ecologist,3.323425990080499,0,2,1,8.1
STU03977,26,Female,Psychology,1.0,2.3,Yes,69.2,9.1,Yes,4.0,3,3.8,5.3,Cafe,No,9,5,Reading,1.0,100,UCI_0234,10,9,8,12,14,14,Psychology,Legal Consultant,3.219682161018508,1,4,1,10.0
STU03978,28,Male,Arts,3.3,1.2,No,62.9,6.3,Yes,2.89,5,6.3,6.9,Library,Yes,6,9,Visual,9.2,85,UCI_0234,10,10,9,12,14,13,Arts,Physical Chemist,4.115040055401629,0,4,1,7.23
STU03979,20,Male,Engineering,4.8,0.7,No,58.9,6.5,No,4.0,1,6.0,6.6,Library,Yes,8,10,Auditory,4.0,94,UCI_0234,10,8,10,12,13,12,Engineering,Acoustics Specialist,4.850058869606623,0,1,0,10.0
STU03980,21,Other,Biology,3.4,0.9,Yes,89.6,6.3,Yes,4.0,8,4.4,7.8,Library,Yes,7,10,Reading,9.6,97,UCI_0234,12,10,9,13,13,13,Biology,Surgeon,3.756593959671867,0,3,1,10.0
STU03981,17,Female,Engineering,3.0,3.4,Yes,45.4,6.3,No,4.0,8,5.8,10.2,Cafe,No,1,8,Auditory,7.1,100,UCI_0234,12,10,8,14,12,12,Engineering,Marketing Manager,2.539802170566374,1,0,0,10.0
STU03982,16,Female,Psychology,4.7,4.6,Yes,75.1,7.1,No,3.9,4,7.7,11.8,Dorm,Yes,6,7,Auditory,1.6,100,UCI_0234,11,8,10,14,12,12,Psychology,Electrical Engineer,3.1020947704098965,1,3,0,9.75
STU03983,21,Male,Business,3.1,2.1,Yes,94.4,8.6,Yes,2.75,2,6.9,9.0,Cafe,Yes,7,10,Kinesthetic,7.4,59,UCI_0234,11,10,9,14,12,13,Business,Zoologist,4.195789185285063,0,4,1,6.88
STU03984,18,Female,Engineering,3.5,1.1,Yes,43.3,6.2,Yes,2.97,2,6.7,6.9,Cafe,Yes,2,7,Visual,1.4,70,UCI_0234,10,8,10,12,12,13,Engineering,Civil Engineer,4.488483362552543,1,4,0,7.43
STU03985,25,Female,Arts,9.0,0.4,Yes,72.4,6.1,Yes,4.0,5,4.6,12.7,Co-Learning Group,No,10,7,Auditory,3.3,100,UCI_0234,12,9,8,14,13,14,Arts,Entrepreneur,4.5269297598206695,1,2,0,10.0
STU03986,21,Other,Psychology,3.7,1.4,Yes,45.8,6.4,No,3.43,7,7.2,7.8,Dorm,Yes,6,7,Auditory,7.9,85,UCI_0234,10,10,8,14,13,14,Psychology,Aerospace Engineer,4.046469287495525,1,3,0,8.58
STU03987,23,Other,Engineering,6.6,3.1,Yes,82.2,5.1,Yes,3.35,7,6.1,13.2,Co-Learning Group,Yes,7,10,Kinesthetic,4.0,79,UCI_0234,11,8,8,13,12,13,Engineering,Interior Designer,2.5298163679225567,1,2,1,8.38
STU03988,22,Other,Arts,0.4,1.5,Yes,74.6,5.5,Yes,4.0,6,7.6,7.5,Co-Learning Group,Yes,9,7,Reading,9.2,95,UCI_0234,10,9,8,12,13,13,Arts,Digital Marketing Specialist,3.734718405107107,0,3,1,10.0
STU03989,27,Other,Computer Science,5.648389448507212,3.3,Yes,48.8,7.7,Yes,3.91,1,3.4,9.4,Co-Learning Group,Yes,10,10,Kinesthetic,9.5,100,UCI_0234,11,9,9,13,13,14,Computer Science,Aerospace Engineer,2.7903236880134403,1,3,0,9.78
STU03990,17,Female,Business,2.9,1.3,Yes,58.3,7.2,No,3.16,7,1.8,5.8,Dorm,No,4,10,Kinesthetic,7.4,83,UCI_0234,11,9,10,13,14,13,Business,Paralegal,4.541982834067879,1,2,0,7.9
STU03991,20,Female,Biology,3.6,4.8,No,51.8,8.8,No,4.0,5,3.6,11.4,Library,Yes,4,6,Kinesthetic,1.9,100,UCI_0234,10,9,10,12,12,13,Biology,Civil Engineer,2.789592185568712,1,1,1,10.0
STU03992,16,Other,Psychology,2.0,0.4,No,45.6,4.0,Yes,2.69,1,1.9,2.7,Dorm,No,6,5,Reading,2.2,55,UCI_0234,12,9,9,13,13,12,Psychology,Astronomer,3.110095612085878,0,4,1,6.72
STU03993,16,Female,Engineering,6.6,4.3,Yes,89.0,9.1,Yes,4.0,4,6.2,11.5,Quiet Room,Yes,1,9,Kinesthetic,8.4,100,UCI_0234,11,10,10,14,12,13,Engineering,Legal Analyst,3.4990851642931804,1,4,1,10.0
STU03994,18,Other,Business,4.6,3.1,Yes,87.7,6.4,No,4.0,6,4.8,10.8,Cafe,Yes,3,10,Kinesthetic,6.0,100,UCI_0203,7,9,11,11,11,13,Business,AI Researcher,3.1089732462659434,1,1,1,10.0
STU03995,16,Male,Biology,3.6,4.7,No,93.6,5.5,No,3.27,3,2.1,13.1,Cafe,No,6,8,Reading,3.2,78,UCI_0203,9,10,11,12,12,13,Biology,Manager,4.206011378414323,1,4,0,8.18
STU03996,26,Other,Biology,2.5,3.0,Yes,52.8,6.1,No,2.63,2,7.7,9.5,Quiet Room,Yes,8,10,Kinesthetic,4.3,61,UCI_0203,7,10,10,12,12,12,Biology,Dentist,3.147399352270246,2,4,1,6.57
STU03997,23,Female,Arts,0.0,0.3,Yes,73.4,8.2,Yes,3.79,7,4.4,4.5,Library,Yes,7,10,Auditory,9.3,88,UCI_0203,7,10,9,11,12,13,Arts,Market Research Analyst,4.491055850306398,1,4,0,9.47
STU03998,22,Female,Biology,3.2,4.3,No,60.0,6.5,No,3.51,8,2.5,11.8,Co-Learning Group,No,6,10,Reading,8.6,94,UCI_0203,8,9,10,10,12,11,Biology,Music Teacher,4.236771937948658,1,2,0,8.77
STU03999,23,Female,Business,6.3,3.6,Yes,68.8,8.0,No,4.0,5,3.7,13.4,Quiet Room,No,4,8,Kinesthetic,9.7,100,UCI_0203,7,11,9,11,13,12,Business,School Psychologist,4.444574786194057,2,4,1,10.0
STU04000,19,Female,Business,2.8,1.2,No,90.7,6.4,No,2.43,2,5.0,5.9,Dorm,No,6,10,Kinesthetic,5.1,74,UCI_0366,8,9,10,9,12,13,Business,Biotechnologist,3.2918542571304217,0,0,1,6.08
STU04001,28,Other,Engineering,6.8,0.5,Yes,69.1,7.8,No,3.68,1,4.1,10.3,Library,No,6,10,Kinesthetic,1.9,96,UCI_0203,9,9,11,11,13,13,Engineering,Actuary,3.148532439341283,1,1,1,9.2
STU04002,21,Other,Computer Science,7.079389364266538,4.9,No,85.7,5.6,No,4.0,6,4.8,15.9,Library,No,7,5,Reading,7.8,92,UCI_0203,7,10,9,10,12,12,Computer Science,Social Media Manager,3.3725752830172606,1,2,0,10.0
STU04003,16,Male,Biology,5.1,1.2,Yes,76.1,6.5,Yes,4.0,5,4.1,6.3,Co-Learning Group,No,6,8,Kinesthetic,4.7,92,UCI_0203,8,11,9,10,13,11,Biology,Microbiologist,4.346938417069612,1,0,1,10.0
STU04004,22,Female,Computer Science,2.2542203426265983,0.2,Yes,50.1,6.2,No,2.78,4,5.2,5.7,Library,Yes,6,8,Kinesthetic,3.1,74,UCI_0203,7,10,9,10,11,12,Computer Science,Interior Designer,3.9743073531514073,1,1,1,6.95
STU04005,20,Male,Business,1.6,3.5,No,93.2,6.0,Yes,4.0,8,5.4,9.5,Cafe,Yes,10,6,Auditory,4.2,100,UCI_0203,9,11,11,12,12,12,Business,Illustrator,4.235679051860849,2,4,0,10.0
STU04006,21,Male,Business,5.1,1.1,No,98.1,6.0,Yes,2.75,4,1.0,9.4,Cafe,Yes,9,10,Visual,2.7,62,UCI_0203,9,9,11,12,12,12,Business,Analytical Chemist,3.458683124901981,0,1,0,6.88
STU04007,27,Male,Engineering,6.2,5.0,No,61.1,4.9,No,3.04,2,8.7,16.6,Cafe,No,9,10,Auditory,4.7,71,UCI_0203,9,11,9,12,12,11,Engineering,Art Director,3.526063787290754,1,3,0,7.6
STU04008,21,Other,Computer Science,4.065896201015821,4.5,Yes,81.7,4.0,Yes,3.26,8,5.9,10.4,Co-Learning Group,No,10,8,Auditory,2.3,85,UCI_0203,7,11,10,10,12,12,Computer Science,Civil Engineer,4.998260105182285,1,1,0,8.15
STU04009,26,Male,Computer Science,2.5448079971329323,2.0,Yes,46.3,8.8,No,3.48,2,3.2,7.2,Dorm,Yes,8,6,Kinesthetic,3.7,90,UCI_0203,7,10,10,12,12,11,Computer Science,Artist,4.917026366420945,2,0,1,8.7
STU04010,18,Other,Biology,7.0,4.6,Yes,77.1,7.8,No,4.0,4,1.0,17.6,Co-Learning Group,No,6,10,Auditory,7.6,91,UCI_0203,8,11,9,12,11,12,Biology,Accountant,4.629321978258657,0,0,1,10.0
STU04011,20,Other,Business,4.0,3.1,No,57.2,7.4,Yes,2.83,3,8.0,7.8,Library,Yes,6,10,Visual,6.0,67,UCI_0185,9,9,8,14,13,14,Business,Forensic Psychologist,4.506981361818348,0,0,0,7.08
STU04012,16,Female,Arts,0.0,3.1,No,74.5,8.3,No,4.0,5,5.6,6.5,Quiet Room,Yes,4,10,Reading,4.0,100,UCI_0185,9,10,9,15,14,15,Arts,Biochemist,3.2000890349189373,0,4,1,10.0
STU04013,23,Other,Arts,5.4,5.0,No,51.5,5.9,No,3.24,2,1.3,15.4,Quiet Room,No,2,10,Reading,5.9,78,UCI_0185,8,9,9,13,13,14,Arts,Data Scientist,3.751436406388256,0,3,0,8.1
STU04014,23,Female,Psychology,4.6,2.5,Yes,48.8,7.6,No,2.94,5,3.4,10.6,Co-Learning Group,Yes,5,10,Visual,8.7,75,UCI_0185,10,8,7,13,13,14,Psychology,Manager,4.922362672162327,1,1,0,7.35
STU04015,19,Male,Business,5.0,0.4,No,62.4,4.9,No,4.0,1,6.5,7.2,Library,Yes,6,8,Kinesthetic,4.6,100,UCI_0185,10,10,8,15,13,13,Business,Industrial-Organizational Psychologist,2.682153619521022,0,3,1,10.0
STU04016,17,Other,Psychology,4.9,0.8,No,49.7,5.5,No,3.62,4,9.5,8.4,Library,No,10,10,Visual,9.4,88,UCI_0185,8,10,8,15,14,14,Psychology,Doctor,4.393357644625225,1,2,0,9.05
STU04017,18,Female,Biology,2.9,3.9,No,70.3,8.1,Yes,2.88,5,7.4,10.4,Dorm,Yes,2,10,Reading,6.9,70,UCI_0185,10,8,7,14,14,15,Biology,Architect,4.140348785585896,2,2,0,7.2
STU04018,28,Male,Arts,5.0,1.6,No,75.8,7.7,Yes,4.0,8,7.7,8.3,Co-Learning Group,Yes,6,6,Kinesthetic,6.0,97,UCI_0185,9,8,9,14,12,13,Arts,Game Developer,4.627271794,1,3,1,10.0
STU04019,16,Male,Biology,2.3,0.2,Yes,70.4,7.6,No,3.56,1,4.9,4.5,Dorm,No,6,6,Auditory,2.8,98,UCI_0185,10,10,9,13,14,13,Biology,Pharmacist,3.0652651535600075,2,2,1,8.9
STU04020,22,Male,Business,3.1,1.0,No,48.6,5.1,No,3.03,3,6.8,8.3,Dorm,Yes,9,5,Visual,3.9,82,UCI_0185,10,10,8,13,14,13,Business,Astronomer,3.0204758297126566,0,2,1,7.57
STU04021,20,Male,Engineering,2.8,0.2,No,93.0,6.8,Yes,3.91,2,8.2,4.8,Library,Yes,4,10,Auditory,3.3,84,UCI_0185,9,8,8,15,14,14,Engineering,Landscape Architect,3.8781593196612856,1,4,1,9.78
STU04022,17,Other,Psychology,5.5,1.9,Yes,61.4,8.2,Yes,4.0,8,1.0,10.1,Library,Yes,8,8,Auditory,6.4,100,UCI_0185,8,10,8,13,14,15,Psychology,Composer,2.9801869844967075,1,2,1,10.0
STU04023,24,Other,Psychology,4.5,2.6,Yes,55.1,5.3,No,3.04,4,3.9,9.2,Library,Yes,1,10,Visual,7.6,75,UCI_0185,8,8,7,14,12,14,Psychology,Financial Controller,3.9204822911161417,2,4,1,7.6
STU04024,26,Female,Business,4.9,1.7,Yes,88.5,6.9,Yes,4.0,8,5.2,10.3,Library,No,5,6,Reading,5.1,100,UCI_0185,10,8,9,13,12,15,Business,Musician,3.1048802327346414,2,3,1,10.0
STU04025,27,Male,Computer Science,0.0,3.0,Yes,92.1,6.7,No,2.84,4,5.4,3.4,Library,No,4,10,Auditory,3.6,75,UCI_0185,9,10,8,14,14,15,Computer Science,Mechanical Engineer,3.279940374631099,1,3,1,7.1
STU04026,18,Other,Biology,6.0,2.9,No,86.9,5.8,No,4.0,8,8.6,12.1,Library,Yes,6,10,Visual,5.3,93,UCI_0185,10,9,9,13,13,13,Biology,Risk Analyst,4.1731199352386605,2,2,1,10.0
STU04027,16,Female,Arts,4.0,3.3,Yes,71.8,8.3,Yes,4.0,8,6.3,11.6,Co-Learning Group,Yes,4,6,Reading,5.0,100,UCI_0185,8,8,8,15,13,15,Arts,Actuary,4.763231544129482,0,4,0,10.0
STU04028,19,Female,Arts,5.2,4.4,No,98.0,5.5,Yes,3.78,5,3.0,11.8,Co-Learning Group,Yes,7,6,Kinesthetic,1.8,95,UCI_0185,10,9,8,14,14,13,Arts,Psychologist,4.423094228597996,2,4,1,9.45
STU04029,18,Female,Business,2.5,1.2,Yes,75.4,9.8,Yes,2.67,1,4.4,6.8,Dorm,Yes,5,10,Visual,2.9,67,UCI_0281,9,9,9,12,12,13,Business,Biochemist,3.660038930005163,1,0,1,6.67
STU04030,24,Male,Computer Science,4.286746105647668,3.3,No,93.8,10.3,Yes,4.0,2,3.1,9.6,Dorm,No,7,6,Auditory,8.5,100,UCI_0281,10,9,8,12,12,12,Computer Science,Digital Marketing Specialist,4.592995589399873,1,3,1,10.0
STU04031,24,Male,Engineering,1.3,0.7,No,65.8,6.0,Yes,3.83,1,6.4,4.5,Library,Yes,6,5,Kinesthetic,4.7,97,UCI_0281,10,10,8,12,11,14,Engineering,Psychologist,4.991004060214154,0,4,1,9.57
STU04032,26,Male,Arts,5.5,2.7,No,92.5,6.8,Yes,3.78,3,3.4,13.5,Library,No,9,10,Visual,7.6,94,UCI_0281,9,8,9,12,12,14,Arts,Risk Analyst,4.466813739694427,0,0,1,9.45
STU04033,16,Male,Biology,6.5,1.0,Yes,65.1,8.8,Yes,4.0,8,5.8,10.9,Quiet Room,Yes,5,6,Auditory,2.0,97,UCI_0281,9,9,8,12,11,14,Biology,Chemist,2.5965536186728224,1,1,0,10.0
STU04034,25,Female,Biology,2.8,4.1,No,75.0,7.9,No,3.81,8,5.6,9.8,Co-Learning Group,Yes,10,6,Visual,9.2,96,UCI_0281,8,10,9,13,12,12,Biology,Cybersecurity Analyst,4.318893276148906,2,2,0,9.53
STU04035,16,Other,Computer Science,5.557628264014155,4.5,No,50.9,6.6,No,3.87,3,5.4,10.8,Cafe,No,10,10,Auditory,8.6,95,UCI_0281,10,10,8,11,12,14,Computer Science,Sound Engineer,2.6205963102460013,1,1,1,9.68
STU04036,19,Female,Computer Science,7.815493607,1.8,Yes,76.3,6.9,No,3.15,2,4.8,13.5,Dorm,No,8,8,Auditory,7.1,79,UCI_0281,9,8,10,12,12,13,Computer Science,Organic Chemist,2.9918314473332077,1,1,0,7.88
STU04037,18,Female,Arts,4.9,1.2,Yes,56.0,6.9,No,4.0,1,4.6,10.3,Quiet Room,No,8,10,Visual,6.3,100,UCI_0281,8,8,9,12,11,12,Arts,Fluid Mechanics Engineer,4.499669472851546,1,0,1,10.0
STU04038,27,Female,Computer Science,4.775219906766761,1.3,Yes,43.3,7.7,Yes,3.8,5,4.0,9.0,Cafe,No,7,8,Reading,2.4,92,UCI_0281,10,8,8,12,13,14,Computer Science,Nuclear Physicist,3.865452071155014,2,3,1,9.5
STU04039,20,Other,Psychology,3.7,4.9,No,86.2,5.6,No,3.67,7,4.3,13.3,Library,Yes,3,10,Visual,3.0,97,UCI_0281,9,10,9,13,11,12,Psychology,Art Therapist,4.373390683773692,0,3,1,9.18
STU04040,20,Male,Engineering,2.2,0.8,Yes,50.7,6.2,Yes,3.04,8,4.4,6.6,Co-Learning Group,Yes,5,10,Visual,1.1,76,UCI_0281,10,10,10,12,12,12,Engineering,Doctor,3.262605952169258,1,1,0,7.6
STU04041,27,Other,Biology,3.7,0.9,Yes,66.8,5.7,No,4.0,6,2.5,7.3,Quiet Room,Yes,5,9,Kinesthetic,7.2,89,UCI_0281,9,10,8,12,11,13,Biology,Social Media Manager,3.732442802546022,0,4,1,10.0
STU04042,24,Female,Arts,8.1,4.7,Yes,52.0,5.5,No,3.19,6,1.0,14.5,Dorm,Yes,2,10,Auditory,1.7,77,UCI_0281,10,10,9,13,13,14,Arts,Cybersecurity Analyst,4.821206194661546,0,4,1,7.97
STU04043,22,Male,Engineering,1.4,4.7,Yes,45.8,5.8,No,3.84,7,3.8,9.5,Dorm,No,5,10,Kinesthetic,7.8,97,UCI_0281,10,9,10,11,13,14,Engineering,Market Research Analyst,3.975303871206556,1,1,0,9.6
STU04044,18,Male,Psychology,2.6,4.0,Yes,79.6,6.9,Yes,4.0,1,3.7,8.7,Co-Learning Group,No,3,8,Reading,1.6,100,UCI_0281,9,8,9,13,11,14,Psychology,Conductor,3.598212589235391,2,0,1,10.0
STU04045,19,Other,Biology,4.2,0.1,No,68.0,6.0,Yes,3.11,1,6.6,8.8,Library,No,5,10,Auditory,1.2,67,UCI_0281,10,9,10,13,12,14,Biology,Digital Marketing Specialist,2.8769869778993726,0,3,1,7.77
STU04046,23,Female,Biology,7.1,1.1,Yes,73.6,7.7,No,4.0,6,2.5,12.2,Dorm,No,8,10,Visual,8.0,100,UCI_0281,10,8,10,11,12,14,Biology,Musician,4.612924400378331,0,1,0,10.0
STU04047,21,Other,Business,0.0,0.1,Yes,85.7,4.0,Yes,2.78,2,5.5,2.5,Library,No,5,8,Reading,3.0,63,UCI_0323,10,9,9,13,12,13,Business,Electrical Engineer,3.907816743915832,0,4,0,6.95
STU04048,25,Female,Computer Science,7.075059019885505,1.1,Yes,74.4,6.0,Yes,3.84,7,1.0,12.7,Co-Learning Group,Yes,9,10,Kinesthetic,5.1,90,UCI_0323,11,8,9,12,11,14,Computer Science,Chemist,2.875489021490888,0,3,1,9.6
STU04049,16,Other,Computer Science,0.9315760381850964,1.9,Yes,45.7,8.9,Yes,3.5,5,2.9,8.2,Library,No,6,7,Auditory,4.7,89,UCI_0323,9,10,9,12,13,12,Computer Science,Paralegal,3.430218969106897,2,1,1,8.75
STU04050,18,Male,Psychology,3.9,3.0,No,45.9,8.3,Yes,3.99,5,4.7,10.3,Dorm,No,8,7,Kinesthetic,7.1,94,UCI_0323,9,8,10,13,12,12,Psychology,Credit Analyst,4.821381206171344,1,0,1,9.98
STU04051,22,Male,Engineering,7.3,3.5,Yes,48.1,6.8,No,4.0,5,1.4,15.9,Dorm,Yes,1,5,Visual,5.0,100,UCI_0323,11,10,8,14,12,14,Engineering,Human Resources Specialist,4.737373493,0,0,1,10.0
STU04052,28,Female,Engineering,3.3,2.2,Yes,48.5,7.1,No,3.4,4,6.5,6.1,Library,Yes,1,9,Kinesthetic,5.1,84,UCI_0323,9,10,8,13,11,12,Engineering,AI Researcher,4.777741792448472,2,2,0,8.5
STU04053,16,Female,Arts,2.2,1.0,No,88.3,6.9,Yes,3.2,4,3.3,7.3,Co-Learning Group,Yes,3,6,Auditory,9.2,83,UCI_0323,9,10,8,14,12,12,Arts,Financial Controller,4.729710954596292,1,3,0,8.0
STU04054,18,Male,Psychology,4.8,2.5,No,86.4,8.2,No,3.4,1,3.3,10.4,Co-Learning Group,No,3,9,Auditory,6.5,81,UCI_0323,10,9,8,13,13,14,Psychology,Inorganic Chemist,3.1107039902242555,1,2,0,8.5
STU04055,22,Female,Computer Science,6.612844877109494,4.4,Yes,72.8,6.5,Yes,4.0,3,5.4,16.4,Library,No,7,9,Auditory,5.8,100,UCI_0323,10,10,10,12,12,14,Computer Science,Entrepreneur,3.931848663530898,2,0,0,10.0
STU04056,28,Female,Arts,5.8,2.9,No,70.8,7.9,No,3.36,1,6.9,10.9,Cafe,Yes,9,6,Auditory,4.0,84,UCI_0323,9,9,10,12,13,14,Arts,Biomedical Engineer,3.930942583396668,0,1,1,8.4
STU04057,26,Female,Engineering,6.9,0.2,Yes,85.7,6.3,Yes,4.0,3,1.0,9.4,Dorm,Yes,4,9,Visual,1.7,88,UCI_0323,10,9,9,13,12,13,Engineering,Data Scientist,3.618719515028731,0,3,0,10.0
STU04058,16,Female,Business,3.8,3.5,No,82.9,7.3,Yes,4.0,6,6.1,11.1,Library,No,8,9,Auditory,3.3,100,UCI_0323,10,10,10,13,12,12,Business,Surgeon,4.229287718602075,2,3,0,10.0
STU04059,21,Female,Psychology,3.0,1.5,No,46.9,6.4,Yes,4.0,6,4.5,7.3,Library,Yes,7,5,Reading,5.9,96,UCI_0323,9,9,8,14,11,12,Psychology,Analytical Chemist,3.0593519150445507,0,1,0,10.0
STU04060,17,Female,Computer Science,4.632419630718511,1.5,Yes,86.5,8.5,Yes,4.0,7,2.5,7.3,Cafe,Yes,5,10,Reading,6.2,91,UCI_0323,9,8,9,14,13,12,Computer Science,Electrical Engineer,3.142366272628376,2,1,1,10.0
STU04061,17,Female,Psychology,6.6,3.6,No,97.0,6.6,No,3.04,6,6.0,14.1,Dorm,Yes,4,10,Kinesthetic,6.9,75,UCI_0323,9,9,8,14,11,13,Psychology,Counselor,4.642337314840869,0,4,1,7.6
STU04062,27,Other,Business,4.5,1.0,Yes,58.3,8.3,Yes,4.0,8,4.0,6.9,Cafe,Yes,5,8,Kinesthetic,9.8,100,UCI_0323,10,9,9,14,12,13,Business,Nuclear Physicist,3.864097468698789,2,2,0,10.0
STU04063,19,Male,Engineering,4.8,3.3,No,84.2,6.7,No,4.0,4,3.0,9.4,Co-Learning Group,No,6,7,Auditory,4.7,100,UCI_0323,11,10,10,12,13,14,Engineering,Chemist,2.5861201736647126,2,0,1,10.0
STU04064,19,Other,Computer Science,3.459214269194347,1.4,No,69.2,7.1,Yes,4.0,2,6.8,7.2,Co-Learning Group,Yes,9,10,Reading,7.6,100,UCI_0323,11,10,9,14,12,14,Computer Science,Financial Analyst,2.686156194027847,0,2,0,10.0
STU04065,25,Other,Computer Science,4.986967656272046,0.2,Yes,69.9,7.5,Yes,4.0,6,1.0,8.9,Quiet Room,Yes,7,9,Kinesthetic,7.3,96,UCI_0056,8,10,11,13,12,13,Computer Science,Biotechnologist,3.545681783297157,1,2,1,10.0
STU04066,20,Male,Psychology,4.1,1.2,No,69.9,6.5,No,2.68,1,7.2,10.3,Cafe,No,8,10,Reading,6.1,60,UCI_0056,7,10,9,11,13,12,Psychology,Cybersecurity Analyst,3.7356437452649183,1,2,1,6.7
STU04067,21,Female,Arts,6.4,2.0,No,71.3,7.2,Yes,3.53,4,3.5,10.8,Dorm,No,8,5,Auditory,1.1,89,UCI_0056,9,9,9,12,13,12,Arts,Physician Assistant,3.507690185094897,1,2,0,8.82
STU04068,25,Male,Computer Science,4.940067052415472,0.1,Yes,91.5,6.6,No,4.0,1,7.6,8.7,Library,No,4,10,Visual,6.6,100,UCI_0056,8,10,11,11,12,11,Computer Science,Composer,2.623857361640555,0,3,1,10.0
STU04069,26,Other,Engineering,6.7,2.7,Yes,77.9,7.4,No,3.01,5,7.2,12.2,Cafe,No,9,8,Auditory,8.3,74,UCI_0056,7,10,10,12,13,13,Engineering,Nuclear Physicist,4.894782195465073,2,0,0,7.52
STU04070,26,Male,Psychology,4.7,1.7,Yes,75.0,7.0,Yes,2.59,3,6.7,9.6,Library,No,9,10,Reading,1.5,73,UCI_0056,9,9,10,12,14,13,Psychology,Fluid Mechanics Engineer,3.839942822765151,1,1,1,6.47
STU04071,28,Other,Business,1.9,2.5,Yes,88.1,5.9,No,3.24,6,5.4,6.1,Cafe,No,6,10,Reading,1.4,83,UCI_0056,7,10,10,13,14,13,Business,Organic Chemist,3.271727953465549,2,4,0,8.1
STU04072,27,Male,Engineering,6.6,3.6,Yes,95.7,8.9,Yes,3.2,8,5.2,15.8,Dorm,Yes,3,10,Kinesthetic,9.1,81,UCI_0056,7,8,11,11,12,11,Engineering,Microbiologist,2.583149468877368,0,3,1,8.0
STU04073,28,Male,Arts,2.9,0.5,Yes,49.7,7.6,Yes,4.0,5,1.5,5.1,Dorm,Yes,5,9,Kinesthetic,8.0,100,UCI_0056,8,8,9,12,13,12,Arts,Landscape Architect,4.474534296871223,1,2,1,10.0
STU04074,26,Female,Arts,6.1,2.4,Yes,45.1,7.0,No,4.0,4,3.8,12.9,Co-Learning Group,Yes,10,5,Kinesthetic,8.8,100,UCI_0056,9,10,9,13,12,12,Arts,Construction Manager,3.390186849297403,1,3,1,10.0
STU04075,28,Other,Computer Science,7.435629543639539,1.5,No,94.8,8.5,Yes,4.0,4,5.1,10.5,Cafe,No,4,7,Visual,3.5,97,UCI_0056,8,10,9,13,13,13,Computer Science,Composer,4.065741282367567,1,3,1,10.0
STU04076,20,Female,Psychology,8.2,3.5,No,92.5,5.1,No,4.0,8,6.3,13.6,Dorm,No,2,10,Kinesthetic,3.4,100,UCI_0056,9,9,9,13,13,12,Psychology,Paralegal,2.846715458,1,3,1,10.0
STU04077,25,Male,Arts,3.3,3.4,Yes,66.3,8.5,No,3.9,7,2.5,11.3,Library,No,10,10,Kinesthetic,8.4,92,UCI_0056,8,8,9,13,12,12,Arts,Education Administrator,3.888538684922606,1,0,1,9.75
STU04078,16,Male,Arts,6.5,0.3,No,45.3,6.7,Yes,4.0,7,7.9,8.4,Dorm,No,6,10,Visual,5.4,100,UCI_0056,9,8,10,13,14,11,Arts,Actuary,4.763231544129482,0,4,0,10.0
STU04079,22,Male,Computer Science,3.435967461439751,0.9,Yes,53.7,7.4,No,4.0,7,5.1,8.4,Co-Learning Group,No,6,10,Visual,5.0,99,UCI_0056,8,8,10,11,14,11,Computer Science,Education Administrator,3.02856776801668,0,4,0,10.0
STU04080,24,Female,Engineering,0.9,4.8,Yes,46.1,6.9,Yes,3.25,3,5.2,9.1,Cafe,Yes,4,7,Auditory,7.9,76,UCI_0056,9,9,11,11,12,12,Engineering,Chemist,2.5861201736647126,2,0,1,8.12
STU04081,20,Other,Engineering,4.9,2.8,Yes,41.9,9.1,No,3.32,6,6.3,12.5,Library,No,6,7,Reading,2.5,89,UCI_0056,9,10,11,12,14,12,Engineering,Data Scientist,3.881602952793253,0,2,0,8.3
STU04082,23,Male,Business,1.9,4.8,No,40.7,7.4,Yes,2.16,8,9.3,7.2,Cafe,No,9,10,Kinesthetic,7.9,45,UCI_0090,11,10,10,12,10,11,Business,Actuary,4.177130137383606,1,2,1,5.4
STU04083,17,Other,Engineering,5.1,2.8,Yes,72.6,8.3,No,4.0,7,6.5,12.6,Cafe,Yes,6,7,Reading,2.0,100,UCI_0199,9,9,10,10,11,12,Engineering,Web Developer,4.608786551910085,0,4,1,10.0
STU04084,26,Male,Computer Science,3.7472258094771833,4.2,Yes,77.4,4.6,No,4.0,4,2.7,9.2,Cafe,No,4,10,Visual,9.0,95,UCI_0199,10,10,10,10,11,13,Computer Science,Composer,4.065741282367567,1,3,1,10.0
STU04085,25,Other,Business,5.8,3.7,Yes,97.9,5.6,No,3.93,1,6.5,13.2,Cafe,Yes,7,6,Visual,6.2,97,UCI_0199,10,10,11,11,12,13,Business,Web Developer,4.982822306018287,2,2,1,9.83
STU04086,21,Female,Psychology,5.3,2.2,No,89.5,9.7,Yes,4.0,3,3.7,12.7,Quiet Room,Yes,5,8,Auditory,9.9,100,UCI_0199,10,8,11,10,12,12,Psychology,Entrepreneur,4.177222039215923,2,3,1,10.0
STU04087,18,Other,Computer Science,5.240992826446508,3.6,No,61.5,6.9,Yes,4.0,6,5.9,12.4,Dorm,No,5,10,Kinesthetic,9.4,97,UCI_0199,9,10,10,11,10,13,Computer Science,Counselor,3.063419292020752,2,1,1,10.0
STU04088,25,Male,Engineering,1.2,4.2,Yes,79.4,5.8,No,2.87,3,4.2,10.8,Dorm,Yes,3,10,Kinesthetic,7.0,69,UCI_0199,9,10,9,10,11,11,Engineering,Graphic Designer,4.653080396,0,2,1,7.18
STU04089,16,Other,Computer Science,7.608710196100304,3.0,Yes,68.0,7.5,Yes,4.0,3,6.7,13.3,Cafe,No,8,6,Auditory,7.7,99,UCI_0199,9,9,11,11,11,12,Computer Science,Zoologist,2.640251913261841,2,0,0,10.0
STU04090,27,Female,Engineering,4.2,1.2,No,82.7,8.0,No,3.98,7,4.6,9.0,Cafe,No,10,10,Auditory,2.4,98,UCI_0199,8,10,11,11,11,12,Engineering,Manager,2.620397061925361,2,2,0,9.95
STU04091,20,Other,Arts,3.7,3.7,No,85.8,6.3,No,3.58,6,5.1,10.2,Co-Learning Group,No,4,10,Kinesthetic,9.3,90,UCI_0199,10,10,9,10,11,12,Arts,Inorganic Chemist,3.8785331765160014,1,2,0,8.95
STU04092,26,Other,Psychology,3.5,0.5,Yes,96.1,5.8,Yes,4.0,1,1.9,6.9,Library,Yes,6,9,Auditory,7.0,94,UCI_0199,9,8,10,9,10,11,Psychology,Counselor,4.830855465,0,0,1,10.0
STU04093,23,Male,Engineering,3.8,1.4,No,43.9,6.4,Yes,4.0,6,6.1,9.4,Quiet Room,Yes,8,6,Kinesthetic,8.7,100,UCI_0199,9,9,10,9,12,12,Engineering,Curriculum Developer,3.5640435129011068,1,3,0,10.0
STU04094,22,Male,Computer Science,3.626057425480038,4.1,Yes,63.8,10.3,No,3.05,4,3.8,12.4,Dorm,No,10,5,Visual,5.0,73,UCI_0199,9,9,10,10,12,13,Computer Science,Architect,2.6912555605041217,2,1,0,7.62
STU04095,24,Female,Engineering,2.4,2.8,Yes,76.0,6.6,Yes,3.64,2,4.4,9.2,Dorm,Yes,8,6,Reading,8.3,84,UCI_0199,10,9,10,9,11,13,Engineering,Inorganic Chemist,4.112884147978967,2,4,0,9.1
STU04096,20,Female,Engineering,3.1,4.2,Yes,77.2,7.5,No,3.67,6,4.4,8.6,Cafe,Yes,5,10,Kinesthetic,7.8,93,UCI_0199,8,10,11,10,11,13,Engineering,Data Scientist,3.881602952793253,0,2,0,9.18
STU04097,19,Male,Engineering,5.3,4.2,Yes,58.7,6.0,Yes,3.83,1,6.1,14.3,Cafe,No,3,10,Visual,7.5,100,UCI_0199,8,8,9,11,11,11,Engineering,Marketing Manager,4.152934708381226,2,1,1,9.57
STU04098,19,Other,Psychology,0.8,4.3,No,50.0,5.6,No,3.84,4,1.7,8.7,Quiet Room,Yes,4,10,Auditory,6.3,100,UCI_0199,8,9,10,9,10,13,Psychology,Art Therapist,4.399706662211987,2,4,0,9.6
STU04099,19,Male,Arts,4.4,4.3,No,76.3,5.8,Yes,3.18,2,3.0,11.4,Cafe,No,7,10,Auditory,3.7,86,UCI_0199,10,8,10,9,11,11,Arts,Forensic Psychologist,2.6078452759367043,2,4,0,7.95
STU04100,22,Male,Arts,3.1,3.4,Yes,63.3,8.1,No,2.91,1,9.6,9.4,Quiet Room,No,5,10,Kinesthetic,3.2,74,UCI_0199,10,10,11,9,12,12,Arts,Interior Designer,3.284032083541533,1,0,1,7.28
STU04101,18,Male,Biology,2.1,0.7,No,52.5,7.4,No,4.0,7,6.7,7.4,Library,Yes,7,10,Reading,7.9,100,UCI_0301,9,7,9,14,15,13,Biology,Marketing Manager,4.727064512859634,0,1,1,10.0
STU04102,18,Male,Computer Science,2.7897484831480783,2.6,No,94.3,5.5,No,3.42,8,7.9,8.7,Cafe,Yes,6,5,Visual,7.9,76,UCI_0301,10,9,7,12,13,13,Computer Science,Organic Chemist,2.704724099026184,2,3,1,8.55
STU04103,17,Female,Arts,4.9,1.2,Yes,72.4,5.9,Yes,4.0,3,4.0,9.8,Co-Learning Group,Yes,4,10,Reading,3.3,100,UCI_0301,10,7,9,13,13,13,Arts,Physical Chemist,4.115040055401629,0,4,1,10.0
STU04104,28,Female,Engineering,3.4,4.1,Yes,43.7,7.2,No,3.27,5,6.0,8.9,Co-Learning Group,No,1,10,Reading,6.5,85,UCI_0301,11,7,8,14,15,14,Engineering,Microbiologist,4.143087409541101,2,2,0,8.18
STU04105,19,Male,Computer Science,8.302573346317775,3.0,No,91.6,6.8,Yes,4.0,5,6.2,13.2,Library,No,5,5,Reading,8.0,100,UCI_0301,9,7,8,13,13,13,Computer Science,Composer,2.8961556354871374,2,1,1,10.0
STU04106,24,Male,Engineering,5.0,4.9,No,77.5,6.0,Yes,4.0,3,4.7,14.1,Quiet Room,No,2,10,Reading,9.4,100,UCI_0301,10,7,8,12,13,13,Engineering,AI Researcher,4.777741792448472,2,2,0,10.0
STU04107,22,Other,Biology,3.6,2.3,No,80.0,7.9,No,3.23,5,2.9,9.8,Co-Learning Group,No,9,8,Reading,5.3,89,UCI_0301,10,7,8,14,15,15,Biology,Nurse,4.719535198003263,1,4,1,8.07
STU04108,22,Female,Biology,1.8,3.0,Yes,66.9,8.5,No,3.21,7,5.4,6.5,Co-Learning Group,No,4,9,Kinesthetic,9.5,75,UCI_0301,11,9,9,12,14,15,Biology,Astronomer,3.038629483633408,1,0,1,8.03
STU04109,17,Male,Engineering,6.8,0.9,No,84.5,8.2,Yes,3.48,3,7.0,10.3,Quiet Room,No,1,7,Reading,2.3,82,UCI_0301,11,8,7,12,14,15,Engineering,Game Developer,3.748488198829124,2,3,0,8.7
STU04110,28,Other,Computer Science,6.582930781332275,4.0,Yes,54.6,7.5,Yes,2.88,5,3.5,13.1,Dorm,No,8,9,Kinesthetic,6.0,64,UCI_0301,10,7,9,13,14,15,Computer Science,Legal Analyst,3.94636848351405,2,0,0,7.2
STU04111,27,Male,Engineering,5.4,0.7,No,87.4,8.6,Yes,4.0,2,4.9,8.2,Library,Yes,1,10,Auditory,6.5,99,UCI_0301,10,8,9,13,14,14,Engineering,Chemical Engineer,3.961807613954933,1,4,0,10.0
STU04112,19,Male,Arts,5.3,0.6,No,53.1,8.4,No,3.47,8,2.3,8.1,Quiet Room,No,3,10,Reading,1.6,89,UCI_0301,11,7,7,14,14,13,Arts,Human Resources Specialist,3.117330901679808,0,0,1,8.68
STU04113,23,Male,Business,8.2,1.3,Yes,89.8,9.9,Yes,4.0,7,6.4,13.8,Quiet Room,No,10,9,Reading,9.1,100,UCI_0301,10,7,8,12,14,15,Business,Sound Engineer,4.971133534878673,1,0,0,10.0
STU04114,17,Male,Biology,4.4,3.5,Yes,51.5,9.5,Yes,3.53,6,4.5,11.3,Co-Learning Group,No,3,10,Reading,9.9,89,UCI_0301,10,9,9,13,13,15,Biology,Mechanical Engineer,4.569611515087786,2,0,1,8.82
STU04115,24,Female,Business,5.0,3.2,No,65.0,8.6,Yes,3.28,8,4.6,10.8,Quiet Room,Yes,6,10,Kinesthetic,1.6,78,UCI_0301,9,7,9,14,14,13,Business,Lawyer,2.742394695437352,2,2,0,8.2
STU04116,16,Other,Biology,6.0,0.2,No,62.7,8.1,No,4.0,2,3.7,8.1,Dorm,No,6,10,Visual,8.1,100,UCI_0301,10,8,8,12,13,15,Biology,Physical Chemist,4.5571762968413765,2,4,1,10.0
STU04117,22,Female,Computer Science,8.839713056820052,1.7,No,50.9,8.8,No,4.0,8,8.0,13.3,Cafe,Yes,5,10,Reading,5.6,100,UCI_0064,9,10,9,14,14,12,Computer Science,Financial Analyst,4.128289413233196,1,3,1,10.0
STU04118,22,Female,Arts,2.1,1.6,Yes,67.4,7.7,No,3.36,6,6.0,5.6,Cafe,Yes,9,10,Reading,8.8,81,UCI_0064,11,8,9,14,13,12,Arts,Art Therapist,4.310403241313077,2,3,0,8.4
STU04119,26,Male,Psychology,2.2,2.0,Yes,72.6,5.5,No,3.22,7,5.4,7.7,Library,Yes,5,9,Reading,1.5,82,UCI_0064,11,8,9,14,13,13,Psychology,Graphic Designer,3.9587316212797496,0,3,1,8.05
STU04120,18,Other,Psychology,5.1,0.6,No,46.7,5.7,No,3.0,1,6.8,9.0,Dorm,Yes,3,10,Kinesthetic,7.6,69,UCI_0064,11,10,8,14,13,13,Psychology,Biomedical Engineer,4.401690826,0,2,1,7.5
STU04121,20,Male,Computer Science,5.293070568870451,1.1,Yes,93.9,11.1,No,3.38,5,6.0,12.1,Cafe,Yes,3,10,Kinesthetic,3.1,83,UCI_0064,11,9,9,13,13,13,Computer Science,Manager,3.494304798661697,0,3,0,8.45
STU04122,26,Female,Arts,6.4,0.6,Yes,83.4,8.7,Yes,4.0,6,5.4,11.7,Library,Yes,6,10,Reading,3.6,98,UCI_0064,10,10,8,13,13,12,Arts,Education Administrator,3.1431220887959403,1,1,1,10.0
STU04123,21,Male,Business,5.5,0.6,No,44.9,5.3,Yes,3.01,6,4.9,10.8,Cafe,No,6,10,Kinesthetic,1.5,83,UCI_0064,11,10,9,14,12,13,Business,Legal Analyst,2.896404949712277,1,1,1,7.52
STU04124,23,Other,Psychology,3.1,3.7,No,44.5,4.9,No,3.39,7,4.8,9.3,Dorm,Yes,7,10,Kinesthetic,5.2,81,UCI_0064,11,10,10,14,13,12,Psychology,Fluid Mechanics Engineer,4.076643292842076,1,3,1,8.47
STU04125,25,Other,Engineering,2.9,0.3,Yes,67.4,7.1,No,3.6,2,5.3,6.7,Co-Learning Group,No,4,9,Auditory,5.2,92,UCI_0064,11,10,9,15,12,12,Engineering,Market Research Analyst,3.178910963325567,1,3,1,9.0
STU04126,20,Male,Biology,4.8,4.5,Yes,65.8,5.9,Yes,4.0,2,3.3,12.3,Dorm,No,6,10,Visual,4.2,100,UCI_0064,10,8,8,15,13,13,Biology,Advertising Manager,4.587254671750596,2,3,1,10.0
STU04127,28,Male,Arts,2.5,4.7,No,90.4,5.5,No,3.91,6,4.2,8.8,Library,Yes,1,10,Kinesthetic,4.0,89,UCI_0064,11,9,9,14,13,14,Arts,Inorganic Chemist,3.8785331765160014,1,2,0,9.78
STU04128,20,Other,Business,1.2,3.8,Yes,49.0,8.4,Yes,4.0,2,2.7,9.1,Co-Learning Group,Yes,6,8,Auditory,1.5,100,UCI_0064,10,9,9,13,12,12,Business,Aerospace Engineer,3.333118464608876,1,1,1,10.0
STU04129,26,Female,Computer Science,5.710973237151489,2.8,No,45.5,7.3,No,4.0,5,5.0,12.0,Co-Learning Group,No,1,5,Reading,5.7,100,UCI_0064,9,9,10,15,14,13,Computer Science,Financial Analyst,3.449840278374644,2,0,0,10.0
STU04130,27,Female,Psychology,2.5,4.5,Yes,78.2,6.7,Yes,2.63,2,7.0,9.7,Library,No,3,10,Kinesthetic,5.4,66,UCI_0064,9,9,10,15,14,13,Psychology,Animator,4.849807125118193,1,0,0,6.57
STU04131,27,Female,Business,2.5,3.8,Yes,51.5,4.0,Yes,3.83,3,1.2,10.0,Quiet Room,No,2,10,Kinesthetic,2.3,90,UCI_0064,10,9,8,13,12,14,Business,Artist,4.828856659653555,2,0,1,9.57
STU04132,20,Male,Business,5.3,0.5,No,93.2,6.7,Yes,3.28,6,2.2,8.9,Cafe,No,5,6,Reading,7.1,81,UCI_0064,9,10,9,15,12,12,Business,Web Developer,4.850022583761661,2,4,0,8.2
STU04133,25,Other,Computer Science,4.853510873996995,2.2,Yes,53.1,7.0,Yes,4.0,3,2.9,9.1,Library,Yes,10,10,Visual,7.2,100,UCI_0075,11,12,11,11,11,11,Computer Science,Ecologist,2.8578073267109567,2,0,1,10.0
STU04134,22,Other,Biology,1.1,4.8,No,81.8,7.8,No,3.3,4,2.2,10.0,Dorm,No,2,7,Auditory,9.8,79,UCI_0075,10,12,11,10,12,12,Biology,Investment Banker,3.909622597891912,2,1,1,8.25
STU04135,28,Other,Business,3.6,2.7,No,41.4,8.5,No,4.0,1,3.9,9.3,Quiet Room,Yes,1,5,Visual,9.2,100,UCI_0075,10,11,12,11,12,12,Business,Composer,3.7035161006256976,2,2,1,10.0
STU04136,16,Female,Engineering,5.3,0.4,Yes,64.8,8.6,No,4.0,1,4.1,7.8,Cafe,Yes,10,10,Reading,1.7,100,UCI_0075,12,11,11,11,12,10,Engineering,Inorganic Chemist,4.054943922412952,0,3,0,10.0
STU04137,16,Male,Computer Science,1.8910743112149289,4.1,No,47.7,5.4,Yes,3.23,8,1.0,9.7,Cafe,Yes,5,9,Reading,5.3,79,UCI_0075,10,12,12,12,11,11,Computer Science,Chemical Engineer,4.816697263284291,0,3,0,8.07
STU04138,18,Female,Arts,7.5,2.1,No,81.8,7.5,No,3.72,4,5.6,10.5,Dorm,No,7,7,Reading,1.6,98,UCI_0075,10,13,10,10,11,11,Arts,Astronomer,4.928451890279519,0,2,1,9.3
STU04139,24,Male,Arts,0.0,3.0,No,69.6,6.9,No,3.72,6,5.9,5.4,Cafe,No,3,10,Visual,7.5,91,UCI_0075,11,13,10,12,10,10,Arts,Composer,4.329947854487081,1,0,0,9.3
STU04140,22,Other,Computer Science,7.990520982683022,4.7,No,65.4,4.2,Yes,4.0,3,6.5,12.9,Co-Learning Group,No,7,6,Auditory,9.3,100,UCI_0075,10,13,12,12,10,12,Computer Science,Microbiologist,3.1494548694944284,0,4,1,10.0
STU04141,22,Other,Psychology,5.1,3.5,Yes,67.0,8.6,Yes,4.0,6,6.4,11.3,Dorm,No,6,9,Visual,9.3,91,UCI_0075,10,12,12,10,10,10,Psychology,Game Developer,3.764479515483599,1,0,1,10.0
STU04142,27,Other,Engineering,7.5,2.2,Yes,74.4,7.3,Yes,4.0,8,4.9,11.4,Co-Learning Group,No,4,6,Visual,4.0,100,UCI_0075,12,12,10,11,12,10,Engineering,Nuclear Physicist,2.929644640829822,0,2,1,10.0
STU04143,19,Male,Computer Science,7.347897435659531,1.1,No,79.9,8.1,No,4.0,7,6.2,8.7,Quiet Room,No,10,6,Auditory,7.5,100,UCI_0075,11,11,10,11,11,11,Computer Science,Web Developer,4.065320965477914,0,1,0,10.0
STU04144,18,Other,Computer Science,3.935093244,1.9,No,40.1,6.2,Yes,4.0,2,4.4,9.1,Quiet Room,No,5,5,Auditory,7.0,100,UCI_0075,10,12,11,11,11,10,Computer Science,Astronomer,3.804086979,0,4,0,10.0
STU04145,22,Female,Business,3.3,4.0,No,67.7,6.0,No,2.58,4,5.7,10.7,Dorm,Yes,8,10,Visual,4.2,61,UCI_0075,10,13,11,11,12,10,Business,Quantum Physicist,4.403917704,2,1,0,6.45
STU04146,16,Male,Engineering,9.1,3.4,No,70.1,5.0,Yes,4.0,6,9.7,14.6,Co-Learning Group,Yes,7,10,Visual,2.1,98,UCI_0075,12,12,12,11,11,11,Engineering,Game Developer,3.9303324098690418,1,1,1,10.0
STU04147,28,Other,Biology,4.1,0.1,No,44.3,10.4,No,3.02,5,4.8,6.6,Cafe,No,5,10,Auditory,2.0,68,UCI_0075,10,12,12,11,10,12,Biology,Physicist,4.199280252,2,2,1,7.55
STU04148,23,Female,Computer Science,4.146351897987527,1.4,No,94.7,8.0,Yes,4.0,6,1.8,10.8,Cafe,No,7,10,Visual,9.9,100,UCI_0075,10,11,10,10,10,10,Computer Science,Teacher,3.808329948834704,2,4,1,10.0
STU04149,26,Other,Arts,2.7,1.0,Yes,77.7,6.0,Yes,3.25,8,5.2,6.6,Quiet Room,No,4,10,Kinesthetic,4.6,81,UCI_0075,12,12,10,11,12,12,Arts,Conductor,3.4753446162259887,0,0,1,8.12
STU04150,25,Other,Psychology,2.3,2.2,No,59.2,7.7,No,3.06,7,6.1,8.5,Dorm,No,4,10,Kinesthetic,7.8,80,UCI_0075,10,11,12,11,12,10,Psychology,Legal Analyst,3.0662554691687727,0,0,0,7.65
STU04151,21,Female,Computer Science,7.206397862243072,0.2,No,61.8,8.5,Yes,4.0,7,4.1,9.1,Co-Learning Group,No,2,8,Kinesthetic,8.3,100,UCI_0315,10,9,8,15,14,12,Computer Science,Ecologist,2.8578073267109567,2,0,1,10.0
STU04152,27,Other,Engineering,7.1,2.5,No,95.1,5.3,Yes,4.0,5,3.3,11.9,Cafe,Yes,2,9,Visual,9.3,91,UCI_0315,11,9,9,14,13,14,Engineering,Psychologist,3.6466081636246974,2,4,0,10.0
STU04153,28,Male,Biology,2.5,1.3,No,50.9,8.2,No,3.72,3,2.0,7.5,Cafe,No,10,10,Auditory,2.5,93,UCI_0315,10,8,10,15,13,14,Biology,Conductor,3.3176831202379025,2,4,1,9.3
STU04154,16,Male,Computer Science,5.102415319726003,0.6,Yes,51.3,8.3,Yes,4.0,5,5.4,7.8,Library,No,2,5,Kinesthetic,6.5,100,UCI_0315,10,10,10,13,12,13,Computer Science,Market Research Analyst,2.809210576186561,0,2,1,10.0
STU04155,27,Male,Business,3.0,4.9,No,68.5,5.0,Yes,4.0,4,5.5,9.8,Library,Yes,3,6,Visual,5.3,94,UCI_0315,12,8,9,15,12,13,Business,Brand Manager,3.951430501860522,1,0,1,10.0
STU04156,27,Female,Computer Science,0.5233977185601308,2.3,No,78.0,7.3,No,3.85,7,6.3,4.0,Dorm,Yes,10,6,Reading,7.2,99,UCI_0315,10,8,9,13,12,14,Computer Science,Financial Advisor,4.108592929427637,2,4,0,9.62
STU04157,22,Other,Computer Science,4.866511677397549,1.4,No,46.8,7.5,Yes,4.0,1,3.1,8.8,Co-Learning Group,No,9,9,Auditory,6.3,100,UCI_0315,10,10,8,14,14,13,Computer Science,Organic Chemist,4.055996189040227,2,3,0,10.0
STU04158,17,Female,Engineering,6.4,4.7,Yes,45.1,7.6,No,3.55,2,4.9,15.5,Quiet Room,No,7,9,Visual,3.8,95,UCI_0315,11,10,8,15,14,14,Engineering,Conductor,2.768780720496011,1,0,1,8.88
STU04159,22,Male,Business,7.8,0.3,No,99.7,7.1,No,3.11,1,6.4,12.4,Co-Learning Group,No,4,10,Kinesthetic,8.8,78,UCI_0315,11,9,9,14,14,14,Business,Composer,4.929629269133001,2,3,1,7.77
STU04160,22,Female,Computer Science,7.480673397384546,3.8,No,56.2,5.6,Yes,4.0,5,2.9,13.3,Dorm,Yes,9,10,Auditory,6.4,100,UCI_0315,10,8,10,14,13,12,Computer Science,Legal Secretary,4.664373025136615,1,0,0,10.0
STU04161,16,Male,Arts,5.4,3.1,Yes,56.9,8.8,Yes,3.27,2,5.5,11.1,Quiet Room,Yes,4,10,Visual,2.8,82,UCI_0315,10,9,10,15,14,12,Arts,Chemist,2.712943160398153,2,1,0,8.18
STU04162,17,Female,Business,1.5,3.4,No,63.4,7.1,Yes,3.33,6,2.2,9.7,Library,Yes,9,7,Kinesthetic,6.0,81,UCI_0315,10,9,9,13,13,14,Business,Psychologist,4.487077189929487,2,2,1,8.32
STU04163,21,Male,Business,7.7,4.8,No,50.1,4.1,Yes,4.0,3,5.3,16.8,Quiet Room,Yes,2,10,Auditory,2.4,99,UCI_0315,10,10,9,14,13,14,Business,Financial Analyst,3.789056339266309,0,1,0,10.0
STU04164,25,Female,Engineering,3.2,0.1,No,82.2,6.6,No,3.19,8,5.5,7.2,Library,Yes,6,10,Reading,5.6,79,UCI_0315,11,8,8,15,12,14,Engineering,School Counselor,3.654241370676216,2,1,0,7.97
STU04165,18,Male,Computer Science,3.5668801580488108,0.5,Yes,41.5,6.9,No,4.0,1,6.9,6.3,Co-Learning Group,Yes,6,10,Reading,1.9,100,UCI_0315,11,8,8,15,12,12,Computer Science,Civil Engineer,2.6823176626051923,2,0,0,10.0
STU04166,17,Other,Arts,6.4,2.6,No,63.6,8.0,Yes,3.11,7,4.8,9.5,Cafe,No,2,10,Reading,3.5,86,UCI_0315,10,9,10,13,14,14,Arts,Dentist,4.700521089025088,0,0,0,7.77
STU04167,25,Other,Biology,3.7,0.5,No,99.5,4.8,Yes,3.9,8,7.2,7.1,Quiet Room,No,2,9,Auditory,7.3,93,UCI_0315,10,8,9,13,12,13,Biology,Aerospace Engineer,2.782497890003063,0,0,0,9.75
STU04168,19,Other,Engineering,3.7,2.9,No,54.6,9.4,Yes,3.54,2,3.1,10.9,Quiet Room,No,9,10,Reading,9.8,89,UCI_0188,12,13,11,9,8,11,Engineering,Art Director,2.890378627964299,2,1,0,8.85
STU04169,25,Other,Biology,2.4,4.4,No,44.4,7.6,Yes,4.0,4,2.7,8.4,Cafe,Yes,6,6,Visual,4.8,100,UCI_0188,10,12,12,11,8,10,Biology,Surgeon,3.693138742,2,1,0,10.0
STU04170,23,Male,Engineering,1.8,2.2,Yes,51.1,9.4,No,3.29,4,3.3,7.6,Cafe,No,4,10,Auditory,9.9,79,UCI_0188,10,12,10,11,10,10,Engineering,Web Developer,4.608786551910085,0,4,1,8.22
STU04171,17,Male,Business,5.5,4.2,Yes,86.1,7.5,Yes,3.3,7,8.1,14.7,Quiet Room,No,10,9,Auditory,8.2,78,UCI_0188,11,12,10,11,10,10,Business,Biotechnologist,4.503567521443491,0,0,1,8.25
STU04172,22,Other,Arts,0.7,1.0,Yes,46.1,7.9,No,3.44,3,4.7,6.4,Library,No,7,9,Visual,5.6,91,UCI_0188,11,12,10,9,8,12,Arts,Nurse,3.2018387796732584,2,4,1,8.6
STU04173,25,Other,Business,2.3,5.0,No,63.1,5.8,No,4.0,8,1.7,9.1,Dorm,Yes,9,10,Reading,6.5,99,UCI_0188,11,13,10,10,9,11,Business,Curriculum Developer,4.816036522497312,2,3,0,10.0
STU04174,18,Other,Arts,3.6,4.6,No,56.1,7.2,No,2.91,7,3.2,9.5,Co-Learning Group,Yes,1,10,Visual,8.0,73,UCI_0188,12,12,10,9,9,10,Arts,Construction Manager,3.9055891820386512,0,4,0,7.28
STU04175,27,Male,Computer Science,2.7135779339399217,1.5,Yes,68.3,7.8,No,3.0,3,6.1,6.2,Quiet Room,No,10,5,Visual,7.9,76,UCI_0188,10,11,10,9,9,11,Computer Science,Financial Analyst,3.10580430479538,2,1,1,7.5
STU04176,27,Other,Arts,3.0,0.6,No,97.7,6.1,No,3.71,1,6.4,7.3,Co-Learning Group,Yes,2,10,Auditory,2.9,91,UCI_0188,10,11,11,9,10,11,Arts,Electrical Engineer,4.580640837376311,2,0,0,9.28
STU04177,28,Male,Psychology,4.8,3.6,No,74.8,7.7,Yes,3.94,1,3.8,10.5,Quiet Room,Yes,3,8,Visual,4.7,93,UCI_0188,11,11,10,9,9,10,Psychology,Lawyer,3.739427606720173,0,2,0,9.85
STU04178,21,Female,Biology,4.8,2.6,Yes,70.3,6.1,No,2.63,6,4.7,10.9,Library,No,3,10,Reading,4.6,73,UCI_0188,12,11,11,10,9,12,Biology,Actuary,4.142804960514647,2,2,1,6.57
STU04179,16,Other,Engineering,2.8,3.3,No,72.2,7.2,No,2.79,5,7.5,9.1,Dorm,No,2,7,Kinesthetic,6.6,67,UCI_0188,11,13,10,11,9,11,Engineering,Aerospace Engineer,4.0832155273945645,0,4,0,6.97
STU04180,28,Male,Engineering,2.5,0.5,Yes,64.0,6.6,No,2.66,8,7.8,6.3,Dorm,Yes,8,10,Kinesthetic,3.6,67,UCI_0188,11,13,10,10,8,11,Engineering,Social Media Manager,2.537301333524556,2,3,1,6.65
STU04181,17,Other,Biology,4.7,0.9,No,43.8,7.4,No,3.08,1,5.2,9.2,Dorm,No,8,9,Reading,1.2,73,UCI_0188,10,12,10,9,9,10,Biology,Art Director,3.071055314391855,1,2,1,7.7
STU04182,26,Female,Biology,3.6,0.7,No,73.3,7.8,No,3.65,4,3.0,8.5,Cafe,No,1,7,Auditory,6.3,92,UCI_0188,11,11,12,11,9,10,Biology,Music Teacher,2.582238869977427,1,1,0,9.12
STU04183,17,Female,Computer Science,4.076611412322997,3.4,No,95.7,5.1,No,3.05,6,4.0,12.0,Cafe,No,1,9,Kinesthetic,5.6,80,UCI_0188,10,13,12,11,9,11,Computer Science,Microbiologist,4.922366912148023,0,0,1,7.62
STU04184,17,Other,Arts,8.1,1.3,Yes,82.6,6.1,Yes,4.0,2,3.5,9.8,Cafe,Yes,7,10,Reading,8.4,99,UCI_0188,10,11,12,10,9,11,Arts,Education Administrator,4.647562824541962,1,2,0,10.0
STU04185,16,Female,Computer Science,7.0146324,4.4,No,67.9,8.7,Yes,4.0,5,5.0,16.3,Cafe,Yes,9,9,Kinesthetic,7.7,96,UCI_0020,8,10,10,12,12,12,Computer Science,Biomedical Engineer,4.920067821108489,1,0,0,10.0
STU04186,25,Male,Arts,2.6,3.2,No,95.3,8.0,No,4.0,1,6.0,9.9,Co-Learning Group,No,1,10,Reading,8.4,100,UCI_0020,7,11,11,13,12,13,Arts,Physician Assistant,3.8368400125429183,0,2,1,10.0
STU04187,18,Male,Arts,2.8,3.3,Yes,42.1,6.2,No,3.5,7,8.0,8.0,Co-Learning Group,Yes,1,10,Auditory,5.4,80,UCI_0020,8,10,9,13,11,13,Arts,Interior Designer,3.284032083541533,1,0,1,8.75
STU04188,24,Other,Psychology,5.5,2.8,Yes,96.3,7.0,No,3.49,7,6.6,10.6,Quiet Room,No,10,10,Kinesthetic,4.4,91,UCI_0020,8,9,10,11,12,11,Psychology,Investment Banker,3.5386418706004825,1,4,0,8.73
STU04189,26,Male,Computer Science,3.4478816184445997,1.5,No,95.4,5.8,Yes,3.53,4,5.2,8.3,Cafe,Yes,5,10,Visual,8.5,88,UCI_0020,9,10,10,13,12,12,Computer Science,Financial Controller,4.256982900720942,2,3,0,8.82
STU04190,20,Male,Arts,4.0,1.6,Yes,86.5,5.9,No,3.45,6,8.1,7.1,Cafe,No,1,10,Auditory,2.3,92,UCI_0020,7,10,11,13,12,11,Arts,Lawyer,3.927354759530622,1,4,1,8.62
STU04191,24,Female,Computer Science,6.466642940283473,3.8,Yes,78.8,7.0,No,3.13,7,8.0,13.1,Library,Yes,4,9,Auditory,9.6,82,UCI_0020,9,9,9,13,13,13,Computer Science,Curriculum Developer,4.402310168,1,0,1,7.82
STU04192,17,Male,Biology,3.4,0.8,No,54.0,10.2,No,3.84,4,3.0,9.1,Quiet Room,Yes,9,9,Auditory,4.4,96,UCI_0020,8,11,11,11,13,13,Biology,Actuary,3.616765104542627,2,1,1,9.6
STU04193,23,Female,Psychology,4.8,1.0,No,54.2,8.4,Yes,4.0,4,5.1,7.5,Library,No,9,7,Reading,4.8,100,UCI_0020,7,11,10,13,12,11,Psychology,Conductor,4.250074901162407,0,0,0,10.0
STU04194,28,Male,Computer Science,7.266651499977288,1.2,No,69.3,4.6,Yes,3.34,3,3.9,11.2,Dorm,No,10,10,Reading,2.9,91,UCI_0020,7,10,11,13,11,13,Computer Science,Principal,3.110709978268764,1,0,1,8.35
STU04195,18,Female,Engineering,4.4,1.4,Yes,60.3,5.8,No,3.03,6,2.2,9.5,Cafe,Yes,8,10,Auditory,2.2,87,UCI_0020,8,10,9,12,12,13,Engineering,Music Teacher,2.9151782304432703,0,0,1,7.57
STU04196,27,Female,Biology,3.8,4.7,Yes,64.5,4.7,No,4.0,7,2.6,9.8,Cafe,No,4,8,Kinesthetic,3.1,98,UCI_0020,8,10,10,12,12,11,Biology,Music Teacher,4.573753277458601,1,0,1,10.0
STU04197,27,Other,Computer Science,5.9065168628417535,3.7,No,81.9,5.8,No,4.0,2,6.2,9.9,Quiet Room,Yes,3,8,Reading,5.5,89,UCI_0020,9,9,11,13,13,11,Computer Science,School Counselor,4.344768245042317,0,2,1,10.0
STU04198,25,Male,Computer Science,3.707791204361972,1.4,No,93.0,5.5,No,2.96,7,5.4,8.1,Quiet Room,No,3,8,Kinesthetic,9.9,71,UCI_0020,7,9,10,13,13,13,Computer Science,Counselor,2.878938410840715,1,3,0,7.4
STU04199,22,Male,Arts,0.0,3.3,No,76.0,6.0,Yes,4.0,2,6.0,5.4,Cafe,No,10,5,Auditory,1.3,100,UCI_0020,9,9,11,11,13,13,Arts,Surgeon,4.917317006013859,1,1,1,10.0
STU04200,16,Male,Engineering,2.6,3.0,Yes,89.7,7.0,Yes,3.6,5,2.6,9.0,Cafe,No,9,5,Auditory,7.1,98,UCI_0020,9,10,10,12,12,12,Engineering,Entrepreneur,4.955925044,2,1,1,9.0
STU04201,25,Female,Computer Science,3.674831553265183,4.5,Yes,56.9,7.1,Yes,3.42,6,2.0,11.7,Co-Learning Group,No,6,5,Reading,9.8,89,UCI_0020,8,9,10,13,13,11,Computer Science,Composer,2.8961556354871374,2,1,1,8.55
STU04202,16,Other,Engineering,4.4,3.0,No,89.1,10.7,No,4.0,5,6.2,8.9,Quiet Room,Yes,9,10,Visual,2.5,100,UCI_0020,7,10,11,11,11,11,Engineering,Financial Advisor,4.714814517029889,1,0,0,10.0
STU04203,18,Female,Engineering,0.0,4.9,No,98.4,5.5,No,2.66,1,6.7,8.4,Co-Learning Group,Yes,3,9,Auditory,6.1,68,UCI_0362,13,11,13,10,10,9,Engineering,Graphic Designer,4.037820343176062,0,3,1,6.65
STU04204,28,Male,Business,4.6,1.7,No,78.2,7.0,No,4.0,5,4.4,8.4,Co-Learning Group,No,5,8,Reading,7.0,100,UCI_0362,15,11,11,8,10,11,Business,Principal,4.429250170571163,0,4,0,10.0
STU04205,18,Female,Arts,4.1,2.6,Yes,74.8,7.3,Yes,3.19,1,6.4,11.1,Dorm,No,9,9,Auditory,2.7,89,UCI_0362,14,12,12,10,11,10,Arts,Music Teacher,3.940716807641554,0,2,0,7.97
STU04206,22,Male,Computer Science,1.9619472969154617,1.7,Yes,62.1,6.3,No,3.63,5,6.5,8.3,Co-Learning Group,Yes,2,10,Auditory,9.9,85,UCI_0362,14,12,13,9,11,9,Computer Science,Astronomer,2.5158239354015177,0,2,0,9.07
STU04207,27,Female,Psychology,0.5,1.1,No,40.3,9.4,Yes,3.29,8,5.2,3.2,Library,No,9,7,Reading,9.8,84,UCI_0362,15,13,13,10,10,9,Psychology,Artist,3.947110394847004,2,3,1,8.22
STU04208,26,Male,Psychology,3.6,0.2,Yes,45.1,7.4,No,4.0,2,6.5,7.1,Cafe,Yes,6,9,Visual,3.6,100,UCI_0362,14,12,11,8,9,10,Psychology,Acoustics Specialist,3.408654329736347,1,2,0,10.0
STU04209,24,Male,Biology,3.8,2.2,No,76.6,6.1,No,4.0,5,6.4,8.2,Library,Yes,2,8,Auditory,2.6,95,UCI_0362,13,13,11,10,11,10,Biology,Principal,4.255265642067886,1,0,0,10.0
STU04210,25,Male,Biology,5.4,1.3,No,53.2,8.7,Yes,3.66,7,6.7,11.4,Cafe,No,9,7,Auditory,2.5,94,UCI_0362,14,13,11,10,10,9,Biology,Web Developer,4.748394545134588,2,0,1,9.15
STU04211,22,Other,Computer Science,4.820400984,0.2,No,93.3,5.2,No,3.39,8,6.0,7.9,Library,Yes,1,9,Reading,2.1,85,UCI_0362,15,12,11,9,10,11,Computer Science,Actuary,3.730225081939667,2,3,0,8.47
STU04212,23,Other,Computer Science,4.024298222085383,1.0,No,61.3,6.2,No,3.77,4,5.5,7.0,Co-Learning Group,No,3,6,Auditory,7.8,92,UCI_0362,14,13,13,8,10,9,Computer Science,Nurse,4.304304795653708,0,4,0,9.43
STU04213,20,Female,Business,7.7,0.6,Yes,95.4,9.1,Yes,4.0,5,7.3,12.6,Library,No,8,5,Auditory,1.5,100,UCI_0362,14,11,12,8,10,10,Business,Physicist,4.572386388404339,2,3,0,10.0
STU04214,20,Other,Business,4.6,1.6,No,87.5,5.3,No,4.0,6,6.3,6.8,Quiet Room,No,5,6,Kinesthetic,9.7,100,UCI_0362,15,13,12,9,11,11,Business,Legal Secretary,4.825631453604554,2,2,1,10.0
STU04215,27,Male,Arts,2.7,0.4,Yes,64.1,8.6,Yes,2.69,7,4.4,8.6,Cafe,No,1,10,Visual,7.0,64,UCI_0362,13,12,13,8,9,11,Arts,School Psychologist,2.7815312552066724,0,4,0,6.72
STU04216,23,Female,Business,5.3,3.1,Yes,87.7,7.3,Yes,3.81,1,6.2,10.6,Co-Learning Group,No,5,10,Auditory,3.8,94,UCI_0362,15,12,12,9,10,11,Business,Landscape Architect,4.50748203,1,1,0,9.53
STU04217,22,Male,Arts,9.3,1.3,No,74.6,6.0,Yes,3.7,4,5.6,13.3,Library,No,4,10,Auditory,1.4,91,UCI_0362,15,12,11,8,9,10,Arts,Forensic Psychologist,2.6078452759367043,2,4,0,9.25
STU04218,16,Male,Computer Science,7.858209791226501,2.8,Yes,52.6,8.0,Yes,4.0,6,4.4,11.9,Co-Learning Group,Yes,9,10,Kinesthetic,2.4,100,UCI_0362,14,13,13,9,9,11,Computer Science,Artist,3.8446255667915294,0,0,0,10.0
STU04219,17,Other,Psychology,6.5,0.3,Yes,66.0,6.5,Yes,4.0,2,9.2,10.5,Co-Learning Group,No,7,6,Visual,8.4,95,UCI_0141,14,12,12,10,10,10,Psychology,Astronomer,2.884517422120346,0,4,0,10.0
STU04220,16,Other,Biology,6.6,0.5,No,63.7,8.6,Yes,4.0,1,7.1,8.6,Dorm,Yes,6,9,Visual,8.6,92,UCI_0141,15,12,11,10,10,11,Biology,Biotechnologist,3.367998741899344,1,4,0,10.0
STU04221,17,Other,Business,5.6,1.2,No,58.7,6.4,No,4.0,7,3.3,10.4,Cafe,No,6,7,Auditory,9.7,97,UCI_0141,14,12,12,10,9,9,Business,Investment Banker,3.656134112635971,0,4,0,10.0
STU04222,17,Female,Engineering,0.0,4.1,No,75.3,5.6,Yes,2.93,2,2.7,6.1,Cafe,Yes,4,8,Reading,1.6,69,UCI_0141,15,12,13,10,11,9,Engineering,Pharmacist,3.719517020247749,1,4,0,7.33
STU04223,17,Female,Engineering,7.8,4.3,Yes,67.3,5.8,Yes,4.0,3,6.4,13.1,Co-Learning Group,Yes,7,8,Auditory,1.6,100,UCI_0141,13,12,13,9,10,9,Engineering,Pharmacist,3.719517020247749,1,4,0,10.0
STU04224,25,Other,Arts,5.6,2.8,Yes,46.5,7.3,Yes,4.0,8,3.2,8.9,Quiet Room,Yes,4,10,Kinesthetic,8.0,100,UCI_0141,15,12,12,9,9,10,Arts,Biochemist,4.821881518127282,2,3,1,10.0
STU04225,24,Male,Engineering,0.1,2.4,No,59.3,8.9,No,3.7,5,3.5,6.4,Co-Learning Group,No,3,5,Kinesthetic,8.3,88,UCI_0141,14,13,11,9,9,9,Engineering,Nuclear Physicist,4.471728148764962,0,1,1,9.25
STU04226,24,Male,Engineering,1.6,3.8,No,68.2,7.0,Yes,3.31,3,2.6,9.1,Cafe,No,10,7,Visual,5.5,83,UCI_0141,13,12,11,9,11,10,Engineering,Aerospace Engineer,4.0832155273945645,0,4,0,8.28
STU04227,20,Other,Computer Science,5.034964355196279,4.8,No,65.7,7.4,Yes,4.0,6,6.7,11.9,Library,Yes,4,9,Kinesthetic,3.5,97,UCI_0141,15,13,11,10,11,10,Computer Science,Conductor,2.5575091232583365,2,1,0,10.0
STU04228,17,Male,Psychology,3.4,4.6,Yes,47.4,8.1,Yes,2.88,5,5.9,10.2,Quiet Room,Yes,10,10,Kinesthetic,6.4,67,UCI_0141,15,13,12,9,10,11,Psychology,Accountant,4.875438524551528,2,3,1,7.2
STU04229,25,Other,Engineering,5.1,0.4,No,77.9,7.2,No,2.91,5,7.8,9.2,Cafe,No,8,9,Auditory,7.0,72,UCI_0141,14,13,12,10,11,9,Engineering,Physician Assistant,3.128428314,2,0,0,7.28
STU04230,27,Male,Biology,4.2,4.5,No,78.0,7.0,No,3.14,7,5.2,12.6,Quiet Room,No,9,7,Visual,1.9,70,UCI_0141,14,11,12,11,11,9,Biology,Composer,3.6850128614065567,1,1,1,7.85
STU04231,26,Other,Computer Science,0.6906142707482428,0.4,No,63.5,9.1,Yes,4.0,3,5.9,5.2,Dorm,Yes,5,6,Kinesthetic,8.7,100,UCI_0141,15,13,13,10,9,10,Computer Science,Biotechnologist,4.2181917692400495,2,4,0,10.0
STU04232,24,Other,Psychology,5.5,3.1,No,78.3,7.9,No,4.0,8,4.0,10.2,Quiet Room,Yes,3,10,Reading,6.6,100,UCI_0141,15,12,12,9,10,10,Psychology,Architect,4.088054048256693,2,3,0,10.0
STU04233,26,Female,Computer Science,3.447038157764758,1.4,No,83.5,8.6,Yes,3.45,3,7.7,9.3,Co-Learning Group,No,3,10,Visual,9.7,94,UCI_0141,14,13,11,9,11,11,Computer Science,School Counselor,4.344768245042317,0,2,1,8.62
STU04234,16,Other,Business,2.4,3.7,No,52.4,6.5,No,2.7,2,8.9,8.1,Dorm,Yes,6,6,Visual,6.2,64,UCI_0141,13,13,11,9,9,10,Business,Paralegal,4.311880765902638,1,2,1,6.75
STU04235,21,Female,Computer Science,2.631497543183497,4.9,Yes,87.4,7.4,Yes,2.67,1,2.3,9.7,Co-Learning Group,No,1,10,Auditory,5.0,62,UCI_0141,13,11,13,10,10,11,Computer Science,Counselor,4.203365536319776,0,4,1,6.67
STU04236,18,Male,Biology,3.5,2.8,No,94.0,7.5,No,3.04,2,8.7,8.7,Library,Yes,5,10,Auditory,4.0,75,UCI_0141,13,13,12,11,11,9,Biology,Zoologist,2.506035365573881,0,3,1,7.6
STU04237,24,Other,Engineering,5.1,3.4,Yes,82.3,6.4,Yes,3.1,5,3.9,10.7,Dorm,No,6,10,Reading,9.5,78,UCI_0130,6,10,11,9,10,12,Engineering,Astronomer,3.368486057891089,1,4,0,7.75
STU04238,20,Female,Business,3.5,2.6,No,82.9,7.4,No,4.0,6,4.5,7.0,Library,Yes,3,10,Auditory,9.4,100,UCI_0130,8,9,12,9,11,10,Business,Biologist,3.573058524694703,0,4,1,10.0
STU04239,22,Female,Business,5.6,2.8,No,63.0,5.3,No,4.0,5,4.4,9.4,Co-Learning Group,Yes,3,9,Reading,1.3,98,UCI_0130,7,9,10,9,10,10,Business,Biochemist,4.789893501231424,0,1,1,10.0
STU04240,23,Male,Biology,1.9,0.9,No,43.6,9.7,Yes,3.4,8,6.7,5.8,Quiet Room,No,3,6,Reading,8.0,86,UCI_0130,7,11,10,11,11,10,Biology,Aerospace Engineer,2.6449274159025378,1,0,0,8.5
STU04241,17,Female,Engineering,3.7,4.1,No,74.3,7.5,No,3.04,6,7.7,11.2,Library,Yes,2,8,Visual,4.8,76,UCI_0130,6,11,10,10,10,12,Engineering,Interior Designer,3.1499450366328032,1,4,1,7.6
STU04242,19,Other,Computer Science,4.314037483987832,2.8,Yes,88.3,6.5,No,2.97,5,2.9,9.2,Dorm,No,3,5,Visual,2.4,68,UCI_0130,8,9,10,10,11,11,Computer Science,Biomedical Engineer,4.2012704259674845,2,2,1,7.43
STU04243,23,Female,Biology,2.6,0.7,Yes,69.4,5.5,No,4.0,1,3.5,5.6,Library,Yes,3,8,Auditory,5.7,100,UCI_0130,7,9,10,10,12,12,Biology,Dentist,4.457036404931892,1,1,1,10.0
STU04244,16,Male,Computer Science,4.3441086151266335,0.5,Yes,48.5,7.6,Yes,2.62,8,5.9,6.3,Dorm,Yes,4,10,Auditory,9.1,60,UCI_0130,7,11,11,10,11,11,Computer Science,Art Therapist,3.528697356766357,0,0,0,6.55
STU04245,24,Other,Engineering,1.7,4.5,Yes,82.2,7.1,No,2.78,3,6.3,7.4,Dorm,Yes,9,7,Reading,1.6,65,UCI_0130,6,11,10,9,11,10,Engineering,Financial Analyst,2.765794585747738,0,3,0,6.95
STU04246,21,Other,Business,5.0,0.9,No,71.0,6.8,No,2.92,6,7.0,7.9,Co-Learning Group,No,6,10,Reading,7.2,74,UCI_0130,6,10,10,9,11,11,Business,Dentist,2.604464458931281,1,2,1,7.3
STU04247,27,Female,Arts,4.1,2.9,Yes,66.7,8.0,Yes,3.24,8,1.9,11.6,Cafe,No,2,10,Reading,9.6,93,UCI_0130,8,9,12,10,11,12,Arts,Legal Secretary,4.598271675,2,1,1,8.1
STU04248,16,Male,Arts,8.9,0.6,Yes,55.2,5.8,No,4.0,7,2.2,13.0,Library,Yes,5,10,Auditory,7.5,100,UCI_0130,6,11,10,10,10,11,Arts,Cybersecurity Analyst,4.694447963857047,1,2,0,10.0
STU04249,16,Other,Computer Science,3.234758911434535,1.3,Yes,73.5,4.8,No,2.68,3,4.9,7.7,Dorm,No,3,5,Kinesthetic,7.3,63,UCI_0130,8,11,12,11,11,11,Computer Science,Market Research Analyst,4.456786388,1,3,0,6.7
STU04250,20,Other,Business,1.9,2.5,No,76.4,8.2,No,4.0,2,1.3,9.0,Quiet Room,No,1,6,Auditory,8.6,97,UCI_0130,8,9,12,10,11,11,Business,Organic Chemist,3.435918628629513,2,4,0,10.0
STU04251,27,Other,Business,8.1,2.1,Yes,68.2,4.4,No,3.25,8,5.4,15.1,Cafe,No,5,9,Reading,3.5,86,UCI_0130,8,11,10,11,12,12,Business,Data Scientist,2.836072203,0,4,0,8.12
STU04252,28,Other,Arts,2.1,4.0,Yes,76.7,9.3,No,3.07,1,6.3,7.1,Cafe,Yes,7,9,Kinesthetic,4.3,81,UCI_0130,8,11,10,10,12,12,Arts,Chemist,3.166103373691241,0,2,0,7.67
STU04253,16,Other,Psychology,0.6,2.8,No,56.3,6.2,Yes,2.63,3,1.6,7.8,Cafe,Yes,6,10,Auditory,5.0,65,UCI_0130,7,11,12,9,12,11,Psychology,Marketing Manager,3.556266755928988,0,2,1,6.57
STU04254,18,Female,Arts,7.2,2.4,Yes,42.2,6.9,No,4.0,6,1.9,12.1,Cafe,No,3,5,Auditory,1.4,95,UCI_0003,7,8,10,12,13,12,Arts,Sound Engineer,2.805082583032004,2,0,1,10.0
STU04255,17,Male,Psychology,4.0,0.5,Yes,63.1,9.4,No,3.11,5,5.2,8.8,Dorm,Yes,9,10,Auditory,4.5,76,UCI_0003,7,7,11,11,13,11,Psychology,Data Scientist,3.4102717499735835,0,2,0,7.77
STU04256,23,Male,Business,3.9,4.7,No,83.6,6.8,Yes,3.87,5,3.7,11.5,Co-Learning Group,Yes,2,9,Visual,1.4,100,UCI_0003,8,8,9,11,14,11,Business,Legal Analyst,3.1843232421190857,1,3,0,9.68
STU04257,25,Male,Computer Science,7.464732695346671,4.7,No,63.2,4.0,Yes,4.0,5,3.0,13.3,Quiet Room,No,3,5,Auditory,3.8,100,UCI_0003,8,7,11,12,12,13,Computer Science,Dentist,4.442202284081427,0,2,1,10.0
STU04258,22,Other,Psychology,5.0,1.3,Yes,43.5,8.5,No,4.0,3,4.4,10.3,Cafe,No,10,6,Auditory,5.7,99,UCI_0003,6,9,10,12,12,11,Psychology,Doctor,4.393357644625225,1,2,0,10.0
STU04259,27,Other,Arts,4.0,1.2,Yes,92.8,8.0,No,4.0,3,6.5,7.7,Cafe,No,6,5,Visual,2.4,95,UCI_0003,6,9,9,11,12,13,Arts,Judge,3.741087110594634,0,0,1,10.0
STU04260,19,Female,Psychology,3.2,4.3,No,65.4,6.3,Yes,3.82,5,6.8,9.1,Co-Learning Group,No,5,10,Kinesthetic,3.2,97,UCI_0003,8,9,9,12,14,11,Psychology,Web Developer,3.4334152947411383,2,3,1,9.55
STU04261,21,Other,Psychology,1.3,0.2,No,68.2,7.5,Yes,3.87,5,4.5,5.2,Co-Learning Group,Yes,2,9,Reading,8.6,95,UCI_0003,8,7,11,12,14,12,Psychology,Legal Secretary,4.793011999,0,0,0,9.68
STU04262,27,Female,Business,2.5,4.5,No,96.8,9.8,No,4.0,1,6.0,10.4,Library,No,9,10,Visual,6.5,100,UCI_0003,8,9,9,12,13,12,Business,AI Researcher,4.148435858295736,1,3,1,10.0
STU04263,19,Female,Engineering,2.4,2.8,Yes,92.1,7.0,No,3.89,2,2.4,8.2,Quiet Room,No,9,5,Auditory,9.6,90,UCI_0003,8,7,9,12,14,11,Engineering,Advertising Manager,4.048454688916041,1,3,0,9.72
STU04264,17,Female,Business,1.9,0.7,No,41.7,10.4,No,2.34,7,7.0,6.7,Dorm,No,7,10,Visual,1.5,58,UCI_0154,8,9,10,12,11,11,Business,Electrical Engineer,4.984133926119306,1,3,0,5.85
STU04265,16,Other,Biology,4.5,4.5,Yes,78.4,8.1,Yes,3.89,5,6.3,12.9,Quiet Room,Yes,10,10,Reading,4.1,99,UCI_0003,8,8,10,12,14,13,Biology,Credit Analyst,3.852621513505298,1,4,0,9.72
STU04266,27,Other,Engineering,1.5,2.7,No,68.8,6.1,No,3.7,8,3.6,9.2,Quiet Room,Yes,3,5,Reading,4.3,90,UCI_0003,7,8,9,12,14,12,Engineering,Illustrator,4.185927471061738,1,1,1,9.25
STU04267,28,Male,Computer Science,2.452219425672669,4.2,Yes,70.8,8.6,Yes,3.09,6,2.3,8.9,Co-Learning Group,Yes,2,10,Visual,1.9,79,UCI_0003,8,8,11,13,13,13,Computer Science,Software Developer,3.0301361868220797,1,4,1,7.72
STU04268,25,Male,Arts,7.0,0.9,Yes,98.6,8.1,Yes,4.0,1,6.0,12.3,Co-Learning Group,Yes,3,10,Visual,8.8,95,UCI_0003,8,7,9,13,13,11,Arts,Art Therapist,3.7366915086351935,0,1,1,10.0
STU04269,20,Male,Arts,1.9,3.2,Yes,59.0,7.2,No,3.49,6,6.7,7.7,Co-Learning Group,Yes,3,6,Visual,3.6,84,UCI_0003,8,8,9,11,14,13,Arts,Risk Analyst,3.014113102017699,0,1,0,8.73
STU04270,27,Male,Computer Science,9.395097953302097,1.5,Yes,97.4,9.7,Yes,4.0,2,4.5,14.0,Co-Learning Group,Yes,8,5,Reading,4.4,92,UCI_0003,7,9,9,13,12,12,Computer Science,Legal Consultant,3.539336007308349,2,2,1,10.0
STU04271,21,Male,Computer Science,6.747496509556671,0.4,Yes,89.4,6.8,No,3.55,6,3.4,10.5,Quiet Room,Yes,7,10,Visual,8.7,98,UCI_0003,8,8,11,12,12,11,Computer Science,Biochemist,3.230418076963105,1,3,1,8.88
STU04272,27,Other,Arts,5.9,4.7,No,76.4,5.5,Yes,3.21,4,3.8,13.0,Cafe,Yes,6,7,Kinesthetic,7.6,76,UCI_0003,6,7,9,13,12,11,Arts,Human Resources Specialist,4.3333299513450445,2,1,0,8.03
STU04273,24,Female,Engineering,2.6,4.7,No,92.8,5.4,Yes,4.0,5,4.3,10.4,Co-Learning Group,Yes,8,6,Visual,7.4,100,UCI_0348,13,11,11,10,11,11,Engineering,AI Researcher,4.777741792448472,2,2,0,10.0
STU04274,26,Male,Engineering,5.3,2.0,No,89.3,8.2,No,3.84,8,6.6,10.4,Dorm,Yes,7,8,Auditory,9.1,98,UCI_0348,14,11,10,11,10,12,Engineering,Special Education Teacher,4.735802047802355,1,3,0,9.6
STU04275,25,Female,Arts,5.0,2.8,No,95.5,7.4,Yes,3.11,3,7.6,10.1,Library,Yes,1,10,Visual,1.7,83,UCI_0348,12,11,11,10,12,11,Arts,Chemical Engineer,3.632071167040824,1,4,1,7.77
STU04276,22,Female,Engineering,3.7,2.0,Yes,70.2,5.1,Yes,4.0,1,6.0,9.2,Dorm,No,10,10,Auditory,9.4,96,UCI_0348,13,10,11,11,12,11,Engineering,Accountant,4.702256612433774,0,4,0,10.0
STU04277,17,Other,Business,3.4,0.1,No,96.7,7.9,No,3.55,2,4.4,7.5,Library,No,10,6,Kinesthetic,6.8,85,UCI_0348,13,11,12,11,11,12,Business,Physical Chemist,4.489196382691634,1,4,0,8.88
STU04278,24,Male,Business,2.9,2.0,Yes,72.1,5.5,Yes,3.86,6,9.5,8.0,Quiet Room,Yes,5,10,Reading,7.7,97,UCI_0348,12,12,12,11,11,12,Business,Biotechnologist,4.911854610701632,2,2,0,9.65
STU04279,18,Male,Arts,1.7,3.1,No,90.7,6.3,Yes,3.94,7,5.8,8.6,Co-Learning Group,No,7,10,Kinesthetic,7.6,99,UCI_0348,13,12,10,10,11,12,Arts,Marketing Specialist,3.6117518177022494,0,3,1,9.85
STU04280,17,Male,Computer Science,1.9313177946513536,1.2,Yes,58.7,5.6,Yes,3.45,2,6.8,6.4,Library,Yes,5,8,Reading,2.3,93,UCI_0348,14,12,10,10,10,12,Computer Science,Architect,2.8965207014484893,1,3,1,8.62
STU04281,19,Male,Biology,2.8,1.3,No,45.1,8.0,No,3.6,6,4.7,8.1,Quiet Room,Yes,7,8,Auditory,3.9,88,UCI_0348,12,11,11,11,12,12,Biology,Artist,3.538551605478676,1,2,1,9.0
STU04282,22,Male,Computer Science,4.9785360478796665,0.5,Yes,42.5,7.6,Yes,4.0,1,4.8,8.9,Library,No,2,7,Visual,2.5,100,UCI_0348,13,10,12,9,11,11,Computer Science,Chemical Engineer,2.524572596324838,0,3,0,10.0
STU04283,25,Male,Psychology,8.1,2.8,No,98.8,8.8,No,4.0,6,1.7,14.0,Co-Learning Group,Yes,2,10,Auditory,7.5,97,UCI_0348,13,12,10,10,10,12,Psychology,Industrial-Organizational Psychologist,4.977960022045126,1,2,1,10.0
STU04284,23,Male,Arts,2.9,2.8,Yes,55.0,6.9,No,4.0,5,6.1,7.8,Quiet Room,Yes,5,10,Visual,2.9,94,UCI_0348,14,11,10,9,10,11,Arts,AI Researcher,4.121613126174614,1,4,1,10.0
STU04285,22,Other,Computer Science,1.743369993711491,0.3,No,45.1,8.2,Yes,3.04,4,5.4,6.4,Library,No,7,5,Auditory,5.5,74,UCI_0348,14,10,11,10,10,11,Computer Science,Digital Marketing Specialist,4.592995589399873,1,3,1,7.6
STU04286,19,Female,Biology,4.0,0.5,Yes,51.3,8.1,Yes,4.0,3,5.4,5.7,Cafe,Yes,4,9,Visual,6.3,100,UCI_0348,14,12,11,9,12,10,Biology,Digital Marketing Specialist,2.710099430179324,0,2,0,10.0
STU04287,25,Female,Engineering,5.3,2.9,Yes,94.4,5.3,No,4.0,4,1.0,11.4,Cafe,No,5,10,Kinesthetic,7.1,100,UCI_0348,14,12,10,11,10,11,Engineering,AI Researcher,4.252644077853631,0,1,0,10.0
STU04288,26,Male,Computer Science,3.948895036796825,0.9,No,77.7,8.8,Yes,4.0,5,7.4,7.9,Co-Learning Group,Yes,2,8,Auditory,5.5,97,UCI_0348,12,10,12,10,11,11,Computer Science,Animator,2.6949716163214026,1,4,0,10.0
STU04289,24,Other,Engineering,3.8,1.9,Yes,83.0,4.0,Yes,2.8,5,4.0,8.8,Cafe,Yes,10,10,Visual,9.4,79,UCI_0348,14,12,11,9,10,11,Engineering,AI Researcher,3.821095716547408,1,4,1,7.0
STU04290,25,Other,Engineering,5.1,4.7,No,98.0,6.2,Yes,4.0,6,4.6,14.5,Cafe,No,4,10,Kinesthetic,2.7,100,UCI_0348,12,10,10,11,11,12,Engineering,Risk Analyst,4.010819457923408,2,2,1,10.0
STU04291,22,Other,Engineering,3.1,0.4,Yes,60.2,5.5,Yes,4.0,6,5.1,6.1,Library,No,3,9,Reading,9.4,98,UCI_0366,8,8,11,11,10,11,Engineering,Financial Analyst,4.983848135872612,2,4,0,10.0
STU04292,23,Female,Biology,3.6,2.2,Yes,65.1,8.0,Yes,3.06,8,5.9,9.6,Co-Learning Group,No,5,10,Kinesthetic,2.5,67,UCI_0366,8,7,9,9,12,12,Biology,AI Researcher,4.222376109024881,1,3,0,7.65
STU04293,16,Other,Business,5.3,3.6,No,55.7,9.1,No,4.0,5,4.7,11.4,Cafe,No,8,10,Reading,3.8,98,UCI_0366,7,9,10,11,10,13,Business,Analytical Chemist,3.282801285,1,2,1,10.0
STU04294,28,Female,Computer Science,1.7188263213191104,0.6,Yes,43.0,5.3,Yes,3.99,7,4.1,5.7,Cafe,No,8,10,Auditory,10.0,100,UCI_0366,7,8,10,9,11,11,Computer Science,Human Resources Specialist,3.0339596205180306,0,0,0,9.98
STU04295,22,Male,Biology,4.3,1.4,No,75.6,7.4,Yes,4.0,4,4.9,8.8,Co-Learning Group,No,3,10,Kinesthetic,5.2,100,UCI_0366,8,9,9,10,12,11,Biology,Ecologist,3.199086588840861,0,3,1,10.0
STU04296,27,Other,Biology,2.8,0.3,No,89.6,6.8,Yes,4.0,5,1.8,6.9,Library,Yes,8,6,Kinesthetic,6.3,100,UCI_0366,7,7,10,9,12,11,Biology,Ecologist,4.712633820523917,2,0,0,10.0
STU04297,26,Female,Arts,8.0,4.9,No,74.8,7.8,Yes,3.15,8,6.3,14.9,Dorm,No,6,9,Reading,1.2,84,UCI_0366,8,7,9,9,11,11,Arts,Digital Marketing Specialist,4.980223053382797,2,4,0,7.88
STU04298,26,Male,Arts,0.0,0.7,Yes,95.6,7.3,No,2.57,2,1.0,3.3,Library,Yes,6,10,Reading,4.7,70,UCI_0366,7,8,10,9,11,12,Arts,Risk Analyst,2.9591148297173304,2,4,1,6.42
STU04299,18,Female,Business,7.1,0.2,No,96.5,8.1,Yes,4.0,6,6.2,11.1,Quiet Room,Yes,10,6,Kinesthetic,5.5,99,UCI_0366,9,8,11,9,10,12,Business,Graphic Designer,3.6471022046172346,0,4,1,10.0
STU04300,21,Other,Computer Science,0.3618811850096611,4.2,No,87.7,8.3,No,4.0,3,5.1,7.7,Quiet Room,No,9,6,Auditory,1.0,93,UCI_0366,7,9,10,10,11,11,Computer Science,Interior Designer,2.765195878963102,1,0,0,10.0
STU04301,18,Other,Biology,3.4,4.5,Yes,71.1,7.2,Yes,3.17,3,2.0,9.6,Cafe,No,3,10,Reading,9.4,72,UCI_0366,8,9,10,10,11,12,Biology,Credit Analyst,3.853168621850768,1,0,1,7.92
STU04302,17,Male,Psychology,3.6,1.7,No,86.8,7.2,No,3.25,7,4.4,9.8,Dorm,Yes,7,10,Visual,1.6,81,UCI_0366,9,9,10,11,10,11,Psychology,Conductor,3.368891251171372,2,0,0,8.12
STU04303,22,Other,Arts,1.5,3.0,Yes,84.3,9.0,No,3.54,3,7.0,7.5,Quiet Room,Yes,3,7,Visual,2.3,90,UCI_0366,7,9,10,10,10,12,Arts,Digital Marketing Specialist,4.980223053382797,2,4,0,8.85
STU04304,25,Female,Computer Science,2.9257198508982354,1.3,Yes,69.8,8.0,Yes,4.0,3,5.9,5.7,Dorm,Yes,7,8,Visual,5.8,100,UCI_0366,7,8,10,11,12,11,Computer Science,Special Education Teacher,4.378898512867637,1,0,0,10.0
STU04305,18,Female,Business,4.3,3.1,Yes,79.7,7.0,Yes,2.94,3,4.8,12.1,Library,No,5,10,Kinesthetic,4.7,71,UCI_0099,9,9,10,13,11,11,Business,Teacher,2.989705047255093,1,3,0,7.35
STU04306,25,Other,Engineering,7.6,0.2,No,78.1,5.1,Yes,3.84,1,6.9,13.1,Cafe,No,4,7,Kinesthetic,8.2,95,UCI_0099,8,10,10,13,13,13,Engineering,School Counselor,4.345987400541032,2,2,1,9.6
STU04307,17,Other,Arts,2.1,1.9,No,75.8,7.2,Yes,3.63,2,5.7,5.6,Co-Learning Group,Yes,3,10,Visual,5.9,96,UCI_0099,8,8,11,14,13,13,Arts,Game Developer,4.048212611334565,2,2,1,9.07
STU04308,24,Other,Psychology,8.7,1.5,No,78.3,10.4,Yes,3.72,1,6.3,11.2,Co-Learning Group,Yes,10,9,Auditory,9.0,93,UCI_0099,8,8,9,14,12,12,Psychology,Financial Advisor,2.846188998266876,2,1,0,9.3
STU04309,28,Female,Arts,2.1,0.3,Yes,98.0,8.5,No,2.36,4,10.0,7.5,Co-Learning Group,Yes,3,10,Visual,9.6,55,UCI_0167,10,10,10,9,10,11,Arts,Biotechnologist,3.240976453010461,2,0,0,5.9
STU04310,27,Other,Engineering,3.5,2.8,Yes,79.2,8.3,Yes,3.05,1,5.8,11.9,Quiet Room,No,5,8,Kinesthetic,4.1,79,UCI_0099,9,9,9,14,12,11,Engineering,Mechanical Engineer,4.697336670970671,2,0,1,7.62
STU04311,17,Female,Engineering,5.3,4.9,No,55.8,7.5,No,3.9,8,4.5,13.1,Library,Yes,8,8,Reading,8.7,92,UCI_0099,7,9,11,12,11,11,Engineering,Interior Designer,2.5298163679225567,1,2,1,9.75
STU04312,17,Other,Computer Science,3.9346543322169816,4.6,No,96.6,8.6,No,2.8,3,5.9,11.0,Cafe,Yes,8,10,Reading,1.7,65,UCI_0099,7,9,9,14,12,12,Computer Science,Art Director,3.882131644022468,2,4,0,7.0
STU04313,24,Male,Business,3.0,0.1,No,60.5,8.3,No,4.0,2,7.2,4.6,Cafe,Yes,9,5,Visual,6.8,100,UCI_0099,7,8,10,12,12,12,Business,Fluid Mechanics Engineer,4.8734532516849605,0,1,0,10.0
STU04314,28,Female,Biology,4.2,3.4,Yes,53.6,7.1,No,3.53,5,8.5,10.0,Quiet Room,Yes,2,8,Auditory,10.0,99,UCI_0099,8,9,11,14,11,12,Biology,Curriculum Developer,4.166770553875688,0,2,1,8.82
STU04315,17,Female,Arts,4.7,4.6,No,82.7,7.4,No,4.0,6,6.3,10.2,Co-Learning Group,No,10,9,Reading,7.0,100,UCI_0099,9,10,9,14,13,12,Arts,Dentist,3.605520710607247,1,4,1,10.0
STU04316,26,Male,Biology,6.7,0.1,No,51.9,4.0,Yes,3.63,8,4.0,11.0,Library,Yes,3,10,Visual,1.1,97,UCI_0099,9,9,11,14,13,13,Biology,Marketing Manager,4.727064512859634,0,1,1,9.07
STU04317,24,Male,Biology,7.6,3.1,No,51.1,9.6,No,3.22,6,5.0,14.6,Cafe,Yes,5,10,Auditory,3.4,75,UCI_0099,9,9,10,13,13,12,Biology,Digital Marketing Specialist,4.814170319777579,0,4,1,8.05
STU04318,20,Female,Computer Science,5.729475281124965,2.3,No,55.6,7.4,No,4.0,8,3.7,10.2,Dorm,No,1,8,Auditory,6.7,100,UCI_0099,7,10,11,14,11,13,Computer Science,Actuary,3.730225081939667,2,3,0,10.0
STU04319,20,Female,Biology,3.8,4.1,No,94.8,8.3,No,2.94,6,5.0,12.4,Quiet Room,No,5,10,Reading,1.4,63,UCI_0099,9,8,9,12,13,13,Biology,Marketing Specialist,3.774299541011019,1,1,0,7.35
STU04320,17,Other,Computer Science,3.1866488805889825,3.4,No,73.3,6.3,Yes,2.38,6,4.2,10.7,Dorm,Yes,8,10,Kinesthetic,6.5,55,UCI_0162,9,8,10,11,10,11,Computer Science,Landscape Architect,4.314054841007606,1,3,0,5.95
STU04321,22,Female,Arts,4.1,4.1,No,95.2,5.3,Yes,4.0,4,1.9,13.1,Co-Learning Group,No,4,10,Visual,6.1,100,UCI_0099,8,9,11,12,11,11,Arts,Accountant,4.533352608,0,0,0,10.0
STU04322,22,Other,Engineering,3.5,1.1,No,40.1,6.5,No,4.0,6,6.2,6.7,Co-Learning Group,Yes,5,8,Reading,8.0,98,UCI_0099,9,9,11,14,11,13,Engineering,Marketing Specialist,4.167480745170616,2,1,1,10.0
STU04323,25,Male,Engineering,2.0,4.9,No,80.2,9.0,No,3.62,4,5.1,8.7,Dorm,No,8,10,Reading,1.8,95,UCI_0316,11,11,11,11,11,10,Engineering,Music Teacher,4.884265836901594,1,2,1,9.05
STU04324,18,Other,Business,4.0,4.8,No,79.8,8.3,Yes,4.0,8,3.4,13.3,Library,Yes,9,8,Kinesthetic,8.3,100,UCI_0316,10,12,12,12,10,11,Business,Dentist,2.9416011041809416,0,0,1,10.0
STU04325,21,Other,Computer Science,6.495298227751572,5.0,Yes,71.2,9.3,Yes,4.0,5,6.9,14.3,Co-Learning Group,No,1,9,Auditory,9.5,100,UCI_0316,12,10,11,12,11,10,Computer Science,Analytical Chemist,3.971531342213607,0,4,0,10.0
STU04326,19,Female,Biology,4.8,1.7,Yes,63.5,5.3,Yes,4.0,8,6.5,9.7,Cafe,Yes,6,10,Kinesthetic,8.4,99,UCI_0316,10,11,12,11,12,11,Biology,Mechanical Engineer,3.902499444532725,1,3,0,10.0
STU04327,25,Female,Engineering,3.9,0.1,Yes,78.5,5.3,Yes,2.96,7,4.8,6.5,Quiet Room,Yes,4,10,Reading,4.6,82,UCI_0316,12,11,12,10,11,9,Engineering,Acoustics Specialist,2.6468602881011867,1,4,0,7.4
STU04328,28,Male,Arts,4.6,2.4,Yes,60.8,5.6,No,4.0,8,5.5,9.5,Dorm,No,5,5,Reading,6.1,100,UCI_0316,12,12,11,11,11,11,Arts,Musician,2.507358777511952,1,1,0,10.0
STU04329,20,Other,Computer Science,5.101734417609944,1.9,No,64.4,11.6,Yes,4.0,3,3.1,9.8,Library,Yes,1,7,Visual,9.3,100,UCI_0316,10,12,10,10,12,11,Computer Science,Education Administrator,3.02856776801668,0,4,0,10.0
STU04330,21,Female,Business,4.3,3.8,Yes,58.7,8.5,No,2.9,7,2.8,10.1,Library,No,2,10,Visual,5.6,68,UCI_0316,11,11,12,12,12,11,Business,Astronomer,4.297318646998583,0,4,0,7.25
STU04331,16,Female,Computer Science,6.1693254965952296,0.7,No,81.2,6.7,No,4.0,6,4.4,10.4,Library,No,4,10,Kinesthetic,1.2,100,UCI_0316,11,10,10,11,11,11,Computer Science,Mechanical Engineer,2.6303284224804697,2,4,1,10.0
STU04332,26,Other,Computer Science,2.408094291286827,3.3,Yes,80.8,9.4,No,4.0,2,6.0,9.7,Co-Learning Group,Yes,1,7,Visual,2.4,100,UCI_0316,10,12,12,12,11,9,Computer Science,AI Researcher,4.044873053309274,0,4,0,10.0
STU04333,22,Other,Computer Science,6.339129762886341,3.0,Yes,74.6,7.7,Yes,4.0,7,3.4,11.1,Quiet Room,No,8,10,Reading,3.9,100,UCI_0316,11,11,11,11,11,10,Computer Science,Civil Engineer,3.04167647055568,1,1,1,10.0
STU04334,26,Male,Psychology,3.3,1.0,Yes,74.2,6.1,Yes,3.18,1,3.2,6.3,Dorm,No,8,7,Auditory,3.0,75,UCI_0316,10,11,10,11,11,11,Psychology,Zoologist,4.418344409903311,1,2,1,7.95
STU04335,18,Other,Biology,4.2,4.6,Yes,67.8,6.3,Yes,4.0,7,4.2,12.7,Cafe,Yes,8,9,Auditory,2.3,93,UCI_0316,12,11,10,12,10,9,Biology,Credit Analyst,2.5206107715699804,2,1,1,10.0
STU04336,17,Other,Psychology,5.3,4.7,Yes,63.3,7.1,Yes,3.76,3,4.3,14.9,Co-Learning Group,Yes,3,5,Auditory,1.2,94,UCI_0316,10,12,11,10,10,10,Psychology,Civil Engineer,4.017502429624632,1,1,1,9.4
STU04337,23,Male,Arts,1.5,3.1,No,41.4,4.8,No,2.22,6,5.5,6.8,Dorm,No,9,10,Reading,5.4,66,UCI_0041,7,10,11,11,11,10,Arts,Quantum Physicist,2.9727946340213034,0,1,0,5.55
STU04338,23,Male,Engineering,1.9,2.0,Yes,45.1,5.5,No,3.08,6,3.7,8.3,Cafe,Yes,2,5,Reading,5.7,83,UCI_0316,11,10,11,11,10,9,Engineering,Web Developer,2.7436543215991978,2,0,0,7.7
STU04339,28,Female,Computer Science,3.735229989068876,4.9,Yes,52.2,7.5,No,4.0,1,6.1,13.2,Library,Yes,4,10,Auditory,8.3,100,UCI_0316,10,11,10,10,10,11,Computer Science,Doctor,3.291704858666088,2,2,1,10.0
STU04340,17,Male,Business,2.3,3.0,Yes,53.8,6.0,No,2.71,7,5.8,11.1,Dorm,Yes,8,10,Auditory,7.3,56,UCI_0316,11,12,11,10,10,11,Business,Lawyer,2.742394695437352,2,2,0,6.78
STU04341,17,Other,Biology,7.3,5.0,No,95.1,6.6,Yes,4.0,8,4.3,16.1,Cafe,Yes,3,7,Auditory,3.7,100,UCI_0316,11,10,11,11,10,11,Biology,Musician,4.162921393061951,0,0,0,10.0
STU04342,25,Other,Psychology,6.2,4.1,Yes,91.4,7.8,No,4.0,6,5.1,12.7,Co-Learning Group,Yes,6,9,Kinesthetic,8.8,99,UCI_0322,10,9,9,11,11,12,Psychology,Education Administrator,3.796603295586592,2,1,1,10.0
STU04343,21,Other,Computer Science,4.1016198297128685,5.0,No,90.1,8.7,Yes,4.0,1,3.3,10.6,Quiet Room,Yes,6,10,Reading,5.5,100,UCI_0322,9,8,10,11,10,11,Computer Science,Education Administrator,4.208984928598337,0,3,0,10.0
STU04344,17,Other,Computer Science,6.022229474490446,2.1,No,67.8,7.7,Yes,4.0,2,4.3,12.3,Library,No,2,10,Kinesthetic,7.1,97,UCI_0322,10,10,8,11,11,13,Computer Science,Digital Marketing Specialist,4.984000055771299,2,3,0,10.0
STU04345,26,Male,Psychology,4.8,0.4,Yes,73.2,4.7,Yes,2.65,5,5.2,10.0,Library,Yes,7,10,Kinesthetic,3.0,74,UCI_0322,11,8,9,12,11,11,Psychology,Quantum Physicist,3.780934579946056,0,2,1,6.62
STU04346,27,Female,Business,6.0,1.9,No,99.9,5.9,No,4.0,2,7.0,8.8,Quiet Room,No,3,10,Kinesthetic,7.5,98,UCI_0322,9,9,10,10,10,11,Business,Organic Chemist,2.907738053221077,0,3,0,10.0
STU04347,16,Other,Business,1.4,2.6,No,67.7,7.0,Yes,4.0,7,4.0,4.9,Library,Yes,7,7,Kinesthetic,2.8,99,UCI_0322,10,8,8,11,12,11,Business,Urban Planner,4.860129935353163,0,4,1,10.0
STU04348,25,Female,Biology,4.2,1.3,Yes,45.9,7.6,No,4.0,7,2.9,10.5,Co-Learning Group,No,2,7,Kinesthetic,4.1,100,UCI_0322,10,9,10,12,12,11,Biology,Graphic Designer,4.161023124539666,1,1,1,10.0
STU04349,24,Female,Engineering,4.5,1.1,No,58.4,5.9,No,3.84,1,8.8,6.2,Co-Learning Group,No,10,6,Visual,9.6,93,UCI_0322,11,8,10,10,10,11,Engineering,Marketing Specialist,4.167480745170616,2,1,1,9.6
STU04350,24,Female,Computer Science,2.7149590713290945,2.5,No,95.8,5.4,Yes,3.37,7,4.0,7.8,Co-Learning Group,No,10,10,Reading,1.0,85,UCI_0322,9,9,9,12,10,11,Computer Science,Surgeon,3.0972135419419717,2,2,1,8.43
STU04351,16,Female,Arts,2.2,1.0,Yes,82.9,6.4,Yes,2.81,5,2.2,7.7,Co-Learning Group,No,3,10,Reading,1.6,68,UCI_0322,9,8,10,11,10,11,Arts,AI Researcher,2.764480895410683,0,4,1,7.03
STU04352,25,Other,Engineering,3.2,0.6,Yes,52.5,5.0,No,3.25,6,6.1,8.1,Cafe,Yes,7,5,Reading,9.2,82,UCI_0322,11,9,8,12,10,11,Engineering,Biologist,2.785001083,1,2,1,8.12
STU04353,21,Other,Engineering,0.9,3.0,Yes,66.6,6.1,No,4.0,6,6.6,5.6,Quiet Room,Yes,5,7,Auditory,5.9,99,UCI_0322,11,9,8,12,10,13,Engineering,Special Education Teacher,4.735802047802355,1,3,0,10.0
STU04354,26,Male,Arts,2.5,2.4,No,44.8,6.1,No,2.67,8,9.5,8.3,Dorm,Yes,2,5,Kinesthetic,4.8,56,UCI_0322,10,10,10,12,12,12,Arts,Astronomer,4.809649954867227,2,0,0,6.67
STU04355,17,Other,Engineering,3.9,2.9,Yes,70.9,6.9,Yes,4.0,7,5.9,10.0,Cafe,No,6,9,Kinesthetic,5.7,100,UCI_0322,9,9,9,12,10,13,Engineering,Architectural Technologist,2.607061698503137,1,4,1,10.0
STU04356,26,Male,Arts,6.2,3.1,No,98.4,7.7,Yes,3.43,5,3.3,10.6,Dorm,No,1,5,Auditory,3.7,90,UCI_0322,10,10,9,11,10,13,Arts,Chemist,3.333758509556588,1,4,1,8.58
STU04357,26,Female,Arts,4.7,0.2,No,98.0,5.2,No,2.72,1,4.2,8.1,Cafe,No,2,8,Reading,6.1,68,UCI_0322,9,8,9,10,12,12,Arts,Quantum Physicist,4.723800896798529,0,0,0,6.8
STU04358,22,Female,Psychology,6.4,3.0,No,81.2,7.5,No,4.0,1,5.8,11.9,Cafe,No,4,10,Kinesthetic,8.8,100,UCI_0322,9,8,8,11,11,11,Psychology,Financial Analyst,3.08485455484274,1,4,0,10.0
STU04359,26,Female,Business,3.7,0.4,No,63.4,7.1,Yes,4.0,7,4.6,5.2,Quiet Room,No,2,5,Visual,5.1,92,UCI_0322,11,9,9,11,11,11,Business,Forensic Psychologist,3.463769097737288,0,0,1,10.0
STU04360,28,Other,Computer Science,1.970826949017657,3.3,No,79.9,7.6,Yes,4.0,5,6.1,10.3,Quiet Room,Yes,7,8,Visual,8.1,94,UCI_0101,7,10,8,11,14,14,Computer Science,Psychologist,4.385504157482529,2,0,1,10.0
STU04361,27,Other,Arts,3.1,4.8,No,82.4,6.6,No,3.95,3,4.4,13.1,Library,Yes,7,6,Visual,8.8,99,UCI_0101,6,9,8,11,14,12,Arts,Web Developer,2.5802454799178904,2,0,0,9.88
STU04362,18,Male,Business,2.6,2.6,No,71.0,6.4,No,2.98,7,5.5,9.5,Library,Yes,4,8,Reading,4.8,80,UCI_0101,6,8,9,11,14,14,Business,Legal Consultant,4.261700139685079,0,2,0,7.45
STU04363,21,Female,Arts,1.1,4.0,No,72.7,6.8,Yes,3.07,2,4.9,7.2,Library,No,8,7,Reading,3.0,73,UCI_0101,6,8,9,11,13,14,Arts,Electrical Engineer,3.8266484206160776,2,3,1,7.67
STU04364,22,Female,Business,3.0,1.8,No,47.7,8.2,No,3.86,6,2.7,6.7,Cafe,Yes,4,10,Auditory,6.5,93,UCI_0101,6,9,8,12,14,13,Business,Data Scientist,4.542908459,2,3,0,9.65
STU04365,21,Other,Psychology,0.0,0.1,Yes,89.8,4.2,No,4.0,3,5.3,3.7,Dorm,Yes,6,7,Visual,5.5,100,UCI_0101,6,10,8,11,13,12,Psychology,Urban Planner,4.463233539572896,0,4,0,10.0
STU04366,19,Other,Arts,5.2,0.3,Yes,41.4,7.2,Yes,4.0,5,4.6,8.9,Dorm,No,5,5,Visual,9.6,100,UCI_0101,7,10,9,12,14,12,Arts,Psychologist,3.3168519659682723,0,4,1,10.0
STU04367,28,Female,Biology,3.4,4.8,No,51.2,6.6,No,3.58,7,8.4,9.9,Dorm,No,3,9,Visual,5.6,86,UCI_0101,6,10,8,11,14,12,Biology,Market Research Analyst,2.626020329769576,1,4,0,8.95
STU04368,28,Other,Engineering,3.6,0.5,Yes,65.1,6.7,No,4.0,1,5.5,4.7,Quiet Room,Yes,6,9,Auditory,2.0,100,UCI_0101,8,10,9,13,14,12,Engineering,Marketing Manager,3.3438219936023077,0,0,1,10.0
STU04369,20,Female,Computer Science,7.067277736678369,3.5,No,79.3,8.1,Yes,4.0,4,6.9,14.0,Dorm,Yes,3,10,Kinesthetic,8.8,100,UCI_0101,6,8,8,12,14,14,Computer Science,Aerospace Engineer,4.853554662801809,1,2,1,10.0
STU04370,16,Other,Engineering,2.4,3.7,Yes,70.9,5.7,No,3.97,5,4.5,11.2,Dorm,Yes,10,6,Auditory,5.6,89,UCI_0101,8,8,9,13,14,13,Engineering,Advertising Manager,4.340551654431531,1,2,0,9.93
STU04371,27,Other,Business,2.0,3.5,Yes,40.1,6.9,No,2.67,8,3.8,8.0,Co-Learning Group,Yes,7,10,Auditory,9.6,66,UCI_0101,8,9,7,12,12,14,Business,Psychologist,4.487077189929487,2,2,1,6.67
STU04372,16,Female,Psychology,6.5,2.8,No,92.2,9.4,No,3.61,3,3.2,13.7,Dorm,No,8,6,Reading,6.0,96,UCI_0101,6,8,8,12,13,12,Psychology,Judge,4.095893679,0,1,0,9.03
STU04373,27,Other,Biology,5.6,3.6,Yes,43.3,6.5,Yes,4.0,4,5.8,11.1,Cafe,Yes,3,5,Reading,4.1,100,UCI_0101,8,8,9,13,14,13,Biology,Data Scientist,3.4577142885838184,1,0,1,10.0
STU04374,23,Other,Arts,4.3,2.4,No,71.8,8.7,No,4.0,6,6.2,8.6,Cafe,Yes,4,7,Reading,6.7,93,UCI_0101,8,8,8,12,13,13,Arts,Actuary,3.564719183220838,2,0,0,10.0
STU04375,18,Male,Business,3.6,2.2,Yes,64.9,7.8,No,3.29,1,7.2,9.5,Dorm,No,7,10,Auditory,9.1,82,UCI_0101,7,10,8,12,14,13,Business,Forensic Psychologist,4.506981361818348,0,0,0,8.22
STU04376,17,Female,Business,5.7,1.4,No,41.9,8.3,No,3.65,6,7.4,10.0,Cafe,No,9,7,Reading,8.6,91,UCI_0101,8,10,9,12,13,12,Business,Zoologist,4.195789185285063,0,4,1,9.12
STU04377,26,Other,Computer Science,6.806818074408675,1.2,No,67.6,6.0,No,4.0,1,5.5,10.5,Quiet Room,No,10,10,Reading,3.7,100,UCI_0193,8,8,9,12,11,12,Computer Science,Manager,4.938795435170702,2,4,1,10.0
STU04378,26,Male,Computer Science,5.631982796445248,0.1,No,45.5,5.0,Yes,4.0,3,1.0,11.1,Quiet Room,Yes,3,10,Auditory,6.9,94,UCI_0193,7,7,9,11,10,12,Computer Science,Physical Chemist,2.9266777847601126,2,4,0,10.0
STU04379,23,Female,Psychology,3.8,1.1,Yes,52.9,6.9,No,3.05,5,4.4,8.8,Cafe,Yes,10,7,Visual,6.0,68,UCI_0193,8,7,9,12,10,11,Psychology,Legal Analyst,3.0662554691687727,0,0,0,7.62
STU04380,22,Female,Engineering,3.2,1.5,Yes,81.4,4.1,Yes,3.06,8,6.1,5.5,Dorm,No,8,10,Reading,5.6,82,UCI_0193,7,9,8,11,10,12,Engineering,Illustrator,4.075686658869605,1,4,1,7.65
STU04381,26,Other,Biology,6.9,1.7,Yes,76.8,8.2,Yes,4.0,1,4.2,9.5,Library,Yes,6,7,Kinesthetic,2.5,94,UCI_0193,9,7,10,11,11,11,Biology,Counselor,4.804723358333931,0,4,1,10.0
STU04382,22,Other,Biology,7.2,3.3,Yes,67.1,5.7,No,4.0,5,4.1,12.7,Library,Yes,3,6,Auditory,9.1,97,UCI_0193,7,8,9,13,11,11,Biology,Accountant,4.657174482564422,2,0,1,10.0
STU04383,22,Other,Psychology,4.0,3.1,No,68.5,8.0,No,4.0,7,7.7,8.7,Quiet Room,No,3,10,Reading,7.4,100,UCI_0193,8,9,9,12,11,12,Psychology,Nuclear Physicist,4.401193897344835,0,0,1,10.0
STU04384,16,Other,Engineering,3.5,1.0,No,51.8,5.5,Yes,4.0,1,8.0,8.8,Co-Learning Group,No,2,7,Auditory,4.9,99,UCI_0193,9,8,9,12,11,13,Engineering,Teacher,2.554336864641088,1,2,0,10.0
STU04385,18,Female,Biology,4.5,3.1,No,67.1,8.3,Yes,3.17,4,3.9,10.5,Quiet Room,Yes,10,10,Kinesthetic,9.1,75,UCI_0193,9,9,9,13,10,11,Biology,Zoologist,2.7445575143141627,1,0,0,7.92
STU04386,22,Male,Computer Science,4.6966590463539655,4.5,Yes,74.6,7.3,No,4.0,2,3.2,11.3,Library,Yes,5,10,Auditory,4.1,100,UCI_0193,7,8,10,11,10,12,Computer Science,Aerospace Engineer,4.24653601,2,4,0,10.0
STU04387,20,Other,Biology,1.9,4.8,Yes,95.3,7.5,Yes,3.5,6,7.1,10.4,Cafe,No,3,7,Reading,2.4,92,UCI_0193,9,7,10,11,10,12,Biology,Microbiologist,4.706397605370374,1,1,0,8.75
STU04388,20,Male,Psychology,5.5,0.3,No,53.8,7.6,Yes,4.0,1,5.6,7.5,Quiet Room,Yes,10,5,Kinesthetic,1.6,100,UCI_0193,9,9,8,11,11,12,Psychology,Microbiologist,2.6297241187372897,1,0,1,10.0
STU04389,22,Male,Arts,5.1,1.8,No,86.5,7.4,No,4.0,7,2.9,8.9,Quiet Room,No,5,5,Visual,2.4,94,UCI_0193,7,8,8,13,10,12,Arts,Fluid Mechanics Engineer,4.791761944138198,0,2,0,10.0
STU04390,25,Other,Engineering,3.9,2.3,No,54.3,6.3,Yes,2.91,6,6.4,11.1,Cafe,Yes,6,9,Visual,8.7,79,UCI_0193,8,7,9,11,11,12,Engineering,Zoologist,3.458329830429524,1,2,1,7.28
STU04391,26,Male,Biology,2.0,0.8,Yes,63.5,6.8,Yes,3.26,1,9.2,4.5,Co-Learning Group,No,8,8,Visual,1.2,67,UCI_0193,7,7,8,13,10,13,Biology,Cybersecurity Analyst,3.09783768651984,2,2,1,8.15
STU04392,18,Male,Arts,4.6,4.8,No,50.5,6.9,No,3.07,1,6.1,11.0,Library,No,5,10,Auditory,9.6,71,UCI_0193,8,9,10,11,11,13,Arts,Actuary,3.579782942880583,0,1,1,7.67
STU04393,21,Female,Arts,6.3,4.3,No,92.3,6.9,Yes,2.7,7,6.4,12.1,Dorm,Yes,8,10,Reading,6.9,80,UCI_0193,7,8,9,11,12,11,Arts,Dentist,4.926433534682241,1,3,0,6.75
STU04394,26,Female,Computer Science,5.751788663128308,1.7,Yes,53.2,8.5,No,4.0,6,4.4,9.3,Co-Learning Group,Yes,4,8,Kinesthetic,4.5,100,UCI_0193,9,7,9,12,12,13,Computer Science,Counselor,4.053285719414198,1,1,0,10.0
STU04395,28,Other,Psychology,3.8,3.3,Yes,84.1,6.4,No,3.14,6,3.0,11.2,Dorm,No,9,10,Kinesthetic,2.7,70,UCI_0382,12,13,11,9,12,11,Psychology,Aerospace Engineer,4.046469287495525,1,3,0,7.85
STU04396,23,Other,Business,1.3,0.1,No,40.4,9.4,Yes,3.9,5,4.2,6.3,Cafe,No,3,8,Visual,3.4,100,UCI_0382,11,11,11,9,11,10,Business,Special Education Teacher,3.7314220141599153,0,4,1,9.75
STU04397,27,Other,Computer Science,4.233167751566033,0.3,No,60.6,7.2,Yes,3.33,6,5.6,7.4,Quiet Room,No,6,10,Kinesthetic,6.0,92,UCI_0382,11,12,10,10,12,12,Computer Science,Cybersecurity Analyst,4.373177198776728,0,0,0,8.32
STU04398,23,Other,Biology,6.6,3.5,Yes,49.0,5.3,Yes,3.26,6,6.5,11.8,Dorm,No,3,10,Kinesthetic,2.8,79,UCI_0382,11,13,11,9,11,12,Biology,Software Developer,4.346615477,0,4,0,8.15
STU04399,16,Female,Engineering,0.0,3.6,Yes,82.0,8.5,No,3.39,7,10.0,6.3,Cafe,Yes,10,10,Auditory,7.6,83,UCI_0382,11,11,10,10,12,11,Engineering,Physician Assistant,3.142490667893161,0,2,1,8.47
STU04400,24,Male,Business,0.2,2.3,Yes,47.2,6.2,No,3.21,3,3.9,5.3,Dorm,No,2,6,Auditory,9.7,88,UCI_0382,10,11,9,9,12,10,Business,Music Therapist,4.748094943329452,2,4,0,8.03
STU04401,28,Female,Biology,2.2,2.2,No,86.3,6.5,No,3.0,6,6.4,7.7,Dorm,Yes,7,10,Kinesthetic,3.8,83,UCI_0382,11,11,10,11,11,10,Biology,Brand Manager,4.215821939493732,2,0,1,7.5
STU04402,22,Other,Computer Science,7.859231553748309,1.4,No,40.5,4.7,Yes,3.31,4,5.1,13.4,Library,No,5,10,Kinesthetic,2.4,85,UCI_0382,12,12,9,11,12,11,Computer Science,Legal Secretary,2.902724209501733,1,3,1,8.28
STU04403,19,Male,Arts,5.1,1.6,No,41.1,6.7,Yes,3.09,6,5.2,10.1,Cafe,No,7,6,Auditory,4.4,73,UCI_0382,10,12,10,11,12,10,Arts,Game Developer,4.237183481501219,0,0,1,7.72
STU04404,23,Other,Computer Science,5.528698644082573,3.9,Yes,52.0,7.9,No,4.0,6,4.0,12.4,Co-Learning Group,Yes,10,7,Kinesthetic,2.7,100,UCI_0382,11,11,10,10,11,11,Computer Science,Teacher,3.5246458001780496,2,3,1,10.0
STU04405,24,Male,Psychology,1.4,4.4,Yes,72.3,7.0,Yes,3.45,6,6.0,7.5,Dorm,No,9,5,Visual,2.1,87,UCI_0382,11,13,10,9,12,11,Psychology,Civil Engineer,4.017502429624632,1,1,1,8.62
STU04406,28,Other,Biology,5.0,4.2,Yes,64.4,6.3,Yes,4.0,8,4.7,12.9,Library,Yes,8,5,Auditory,4.5,100,UCI_0382,12,13,9,11,12,10,Biology,Graphic Designer,4.161023124539666,1,1,1,10.0
STU04407,17,Male,Engineering,0.0,4.2,No,67.7,7.7,Yes,3.22,5,3.3,7.2,Dorm,No,3,9,Visual,2.4,88,UCI_0382,10,11,11,11,10,11,Engineering,Physical Chemist,3.8223610894553017,1,1,0,8.05
STU04408,27,Other,Engineering,4.3,2.0,Yes,53.3,6.1,No,3.37,3,1.3,8.3,Co-Learning Group,No,8,8,Visual,1.3,79,UCI_0382,10,11,9,9,12,12,Engineering,Nuclear Physicist,4.471728148764962,0,1,1,8.43
STU04409,21,Male,Business,5.2,1.1,Yes,99.9,5.2,No,4.0,2,1.0,8.7,Quiet Room,Yes,5,8,Kinesthetic,9.2,100,UCI_0382,10,12,9,10,12,12,Business,Microbiologist,3.738395102140574,0,1,0,10.0
STU04410,23,Other,Engineering,3.6,3.6,Yes,63.5,6.2,No,3.78,4,3.8,11.1,Library,Yes,5,7,Visual,3.6,100,UCI_0382,12,11,9,9,10,11,Engineering,Zoologist,3.458329830429524,1,2,1,9.45
STU04411,23,Male,Arts,4.0,4.1,No,47.3,8.0,No,4.0,7,6.1,11.2,Dorm,Yes,4,10,Visual,8.6,100,UCI_0382,11,13,9,9,12,12,Arts,Psychologist,4.423094228597996,2,4,1,10.0
STU04412,24,Male,Business,4.4,0.1,No,79.6,6.8,No,4.0,5,3.8,8.9,Quiet Room,No,5,5,Reading,7.7,97,UCI_0107,10,11,11,10,10,10,Business,Graphic Designer,4.511571676760953,2,2,0,10.0
STU04413,16,Female,Business,8.7,1.5,Yes,89.7,7.3,Yes,3.52,2,3.1,14.2,Cafe,No,1,10,Kinesthetic,5.1,81,UCI_0107,10,10,11,9,10,11,Business,Musician,4.551546351558858,0,3,1,8.8
STU04414,23,Female,Computer Science,7.825682598402032,3.3,No,50.7,4.0,No,3.7,6,5.8,15.2,Co-Learning Group,No,1,5,Reading,8.5,92,UCI_0107,9,10,12,9,11,11,Computer Science,School Counselor,4.344768245042317,0,2,1,9.25
STU04415,26,Female,Psychology,5.1,0.3,Yes,95.5,7.3,Yes,3.67,5,9.4,6.9,Cafe,No,6,10,Reading,2.0,84,UCI_0107,10,11,11,10,11,11,Psychology,Illustrator,4.827988192702378,1,3,0,9.18
STU04416,18,Other,Arts,5.1,5.0,No,73.6,4.1,Yes,3.95,3,3.5,10.9,Library,Yes,9,10,Visual,2.9,100,UCI_0107,9,10,11,10,11,9,Arts,Accountant,4.271021195549048,2,4,1,9.88
STU04417,19,Male,Arts,3.6,2.8,Yes,99.2,8.5,Yes,3.58,4,5.6,10.1,Dorm,No,1,10,Visual,2.7,90,UCI_0107,10,10,11,11,9,9,Arts,Psychologist,4.423094228597996,2,4,1,8.95
STU04418,23,Other,Business,2.2,0.8,Yes,47.4,8.4,Yes,4.0,1,4.3,4.9,Co-Learning Group,Yes,5,10,Kinesthetic,7.5,100,UCI_0107,10,12,11,11,9,11,Business,Education Administrator,3.471636376224553,1,3,1,10.0
STU04419,16,Male,Business,4.5,2.5,Yes,75.9,5.8,No,3.15,3,6.2,9.7,Library,Yes,6,6,Kinesthetic,8.5,75,UCI_0107,9,10,11,9,11,11,Business,Musician,4.268830511306071,1,0,0,7.88
STU04420,21,Male,Biology,2.5,1.5,Yes,96.4,6.7,Yes,2.9,1,3.8,5.9,Quiet Room,No,6,10,Reading,2.1,81,UCI_0107,10,11,12,11,10,11,Biology,Art Director,2.769447183134452,1,2,1,7.25
STU04421,17,Other,Engineering,4.6,2.7,No,62.4,6.7,No,4.0,7,5.9,10.7,Cafe,No,8,5,Reading,2.1,100,UCI_0107,9,10,10,9,9,10,Engineering,Counselor,3.4218715895944087,0,3,1,10.0
STU04422,24,Male,Business,8.1,4.8,Yes,82.4,8.4,No,4.0,1,5.7,16.2,Co-Learning Group,Yes,7,9,Kinesthetic,8.0,100,UCI_0107,11,11,11,9,9,10,Business,Counselor,3.9954379814923926,2,4,0,10.0
STU04423,18,Male,Business,5.1,1.5,Yes,62.1,8.2,Yes,3.36,4,5.2,9.2,Co-Learning Group,No,5,6,Auditory,4.7,89,UCI_0107,9,12,11,10,9,9,Business,Art Therapist,4.086716987609702,1,3,1,8.4
STU04424,20,Female,Biology,2.6,4.6,No,86.9,4.9,No,3.32,7,4.6,8.6,Library,Yes,10,10,Visual,4.9,84,UCI_0107,9,12,11,11,10,11,Biology,Acoustics Specialist,4.693269424705855,1,0,0,8.3
STU04425,23,Male,Psychology,5.8,4.3,Yes,78.5,7.0,No,3.49,7,3.2,12.4,Quiet Room,Yes,2,10,Reading,1.7,88,UCI_0107,11,10,10,11,9,11,Psychology,Financial Analyst,3.08485455484274,1,4,0,8.73
STU04426,16,Other,Arts,6.0,3.3,No,90.4,5.9,Yes,4.0,8,4.6,14.1,Quiet Room,No,3,6,Kinesthetic,6.8,100,UCI_0107,10,12,10,9,10,9,Arts,Marketing Specialist,2.8642155463708017,1,4,0,10.0
STU04427,20,Other,Computer Science,2.4226580890604303,0.3,Yes,47.0,9.0,No,4.0,8,6.3,4.3,Co-Learning Group,Yes,1,7,Auditory,1.5,98,UCI_0107,9,11,10,9,11,9,Computer Science,Legal Secretary,2.793460569772769,0,4,1,10.0
STU04428,23,Female,Computer Science,6.063252515802508,0.8,Yes,52.2,7.0,No,4.0,5,5.3,10.2,Library,Yes,10,6,Auditory,8.7,99,UCI_0107,11,12,12,9,9,11,Computer Science,Art Therapist,3.750946770162251,2,3,0,10.0
STU04429,19,Female,Psychology,3.3,1.4,Yes,54.7,7.5,No,3.7,2,6.5,8.3,Co-Learning Group,Yes,5,10,Auditory,8.5,86,UCI_0107,9,11,11,11,11,9,Psychology,Special Education Teacher,4.076491801437618,2,3,0,9.25
STU04430,26,Other,Engineering,5.8,0.2,No,61.9,5.9,Yes,2.87,5,6.8,6.8,Library,Yes,7,10,Kinesthetic,9.6,72,UCI_0076,9,9,11,11,10,12,Engineering,Education Administrator,4.719748023831608,1,4,0,7.18
STU04431,28,Female,Computer Science,8.185507498356497,3.3,Yes,84.3,8.9,Yes,3.38,4,9.1,15.9,Library,No,3,10,Reading,3.9,71,UCI_0076,9,8,9,10,12,12,Computer Science,Animator,3.626364399205293,0,1,0,8.45
STU04432,25,Female,Business,2.5,2.5,Yes,99.5,6.5,No,3.25,3,6.4,7.6,Quiet Room,No,8,6,Visual,6.4,77,UCI_0076,9,8,11,11,11,10,Business,Counselor,3.9954379814923926,2,4,0,8.12
STU04433,19,Other,Computer Science,5.029015207631623,4.0,No,48.8,7.5,No,2.83,4,6.3,11.0,Quiet Room,No,9,10,Reading,3.8,75,UCI_0076,10,8,10,11,11,11,Computer Science,Construction Manager,3.568052007762488,1,1,1,7.08
STU04434,16,Female,Engineering,5.0,3.1,No,96.7,6.5,Yes,3.75,1,4.7,12.0,Library,Yes,1,8,Visual,5.1,100,UCI_0076,9,9,10,11,12,12,Engineering,Teacher,3.282659208848504,1,1,0,9.38
STU04435,20,Male,Biology,0.9,2.1,Yes,89.7,8.0,Yes,3.46,4,6.3,6.9,Co-Learning Group,No,6,10,Reading,7.8,74,UCI_0076,8,10,9,10,11,10,Biology,Marketing Specialist,2.8329658548707,2,1,0,8.65
STU04436,22,Male,Business,2.7,0.2,No,60.8,6.8,Yes,2.75,8,5.8,4.4,Library,Yes,2,10,Kinesthetic,5.5,59,UCI_0076,9,8,10,12,12,11,Business,Biochemist,4.584543536565134,2,0,0,6.88
STU04437,26,Other,Arts,1.6,1.1,No,84.7,4.0,No,3.23,1,7.7,3.4,Quiet Room,Yes,4,8,Kinesthetic,5.4,78,UCI_0076,8,10,9,11,10,11,Arts,Animator,2.996389720324748,2,3,0,8.07
STU04438,23,Other,Arts,2.1,4.3,No,87.1,7.1,No,2.78,7,6.0,8.8,Library,No,8,10,Reading,1.8,72,UCI_0076,8,10,9,11,11,11,Arts,Biologist,4.714953186,0,1,1,6.95
STU04439,16,Female,Biology,4.5,1.1,Yes,56.1,7.5,Yes,3.38,4,4.5,10.0,Library,Yes,6,10,Visual,1.7,87,UCI_0076,9,8,11,11,10,10,Biology,Manager,2.756193958488273,1,0,0,8.45
STU04440,25,Male,Psychology,0.6,3.4,Yes,93.8,6.8,Yes,2.86,1,2.8,7.7,Quiet Room,Yes,1,10,Auditory,9.7,79,UCI_0076,9,10,11,11,11,10,Psychology,Interior Designer,3.389752064040792,1,1,0,7.15
STU04441,26,Male,Computer Science,3.4042519773491136,4.9,Yes,56.3,7.5,No,4.0,7,3.4,12.8,Dorm,No,1,10,Reading,2.9,100,UCI_0076,9,8,11,11,10,12,Computer Science,AI Researcher,4.017225385,2,1,1,10.0
STU04442,16,Other,Engineering,4.5,1.5,No,85.2,4.0,Yes,4.0,6,2.6,9.6,Library,Yes,7,6,Reading,9.3,100,UCI_0076,10,8,9,10,11,11,Engineering,Game Developer,2.5857472609668988,1,1,0,10.0
STU04443,26,Other,Biology,4.5,3.5,Yes,40.4,6.1,No,4.0,3,2.9,11.6,Cafe,No,2,7,Kinesthetic,2.1,96,UCI_0076,10,10,11,12,10,10,Biology,Zoologist,2.7445575143141627,1,0,0,10.0
STU04444,17,Female,Psychology,3.7,4.0,No,58.7,7.9,Yes,3.42,7,3.6,9.5,Cafe,Yes,9,10,Visual,4.1,89,UCI_0076,10,9,9,12,10,12,Psychology,Interior Designer,3.389752064040792,1,1,0,8.55
STU04445,22,Male,Engineering,1.6,1.4,No,98.1,5.7,No,4.0,1,7.8,4.9,Co-Learning Group,Yes,10,10,Visual,4.5,100,UCI_0076,10,9,10,12,12,11,Engineering,Acoustics Specialist,4.850058869606623,0,1,0,10.0
STU04446,21,Other,Psychology,2.4,1.4,No,49.4,8.3,Yes,3.59,3,4.3,8.3,Quiet Room,Yes,1,5,Reading,1.8,94,UCI_0077,11,11,10,12,11,11,Psychology,Game Developer,4.736126451971089,0,4,0,8.97
STU04447,18,Other,Engineering,3.5,0.7,No,90.1,8.1,No,3.0,6,5.6,6.8,Dorm,Yes,10,7,Kinesthetic,7.7,80,UCI_0077,10,10,10,11,12,11,Engineering,Conductor,3.965294621877143,2,2,1,7.5
STU04448,23,Male,Engineering,1.4,0.4,Yes,52.6,7.2,Yes,3.87,7,3.9,7.0,Library,No,4,5,Auditory,8.4,91,UCI_0077,12,10,9,12,10,12,Engineering,Physicist,2.6114607911915177,2,1,0,9.68
STU04449,27,Female,Arts,4.6,3.7,Yes,98.7,6.7,Yes,4.0,2,2.0,12.5,Cafe,No,3,10,Visual,7.1,100,UCI_0077,11,12,11,11,12,10,Arts,Urban Planner,3.236822046905392,0,0,0,10.0
STU04450,26,Female,Computer Science,7.357321904433704,4.4,Yes,45.3,7.1,No,4.0,4,6.7,15.6,Dorm,No,3,10,Kinesthetic,5.8,100,UCI_0077,12,12,11,12,10,10,Computer Science,Financial Advisor,3.5910219238278565,1,2,1,10.0
STU04451,23,Other,Arts,4.6,5.0,Yes,63.3,5.2,No,2.89,2,5.0,11.0,Dorm,Yes,4,6,Kinesthetic,4.1,68,UCI_0077,10,12,10,11,10,10,Arts,Web Developer,2.821409317594503,0,4,1,7.23
STU04452,28,Male,Computer Science,3.928630609149558,1.1,No,94.0,6.8,No,3.53,6,6.6,8.0,Quiet Room,Yes,10,6,Reading,2.9,93,UCI_0077,10,12,11,12,12,11,Computer Science,Sound Engineer,3.075612984592982,2,1,0,8.82
STU04453,19,Other,Arts,5.9,2.4,Yes,92.1,5.8,No,4.0,6,4.6,12.3,Library,No,3,10,Reading,6.5,100,UCI_0077,10,12,9,13,12,10,Arts,Inorganic Chemist,2.7339045152557206,2,1,0,10.0
STU04454,19,Other,Computer Science,1.2283097704658967,3.5,Yes,53.8,7.3,No,3.8,1,2.6,10.0,Quiet Room,Yes,4,9,Reading,8.3,91,UCI_0077,10,11,11,11,12,11,Computer Science,School Counselor,4.335323722922068,2,3,1,9.5
STU04455,26,Male,Business,4.0,1.7,No,55.1,5.8,No,4.0,4,2.5,10.1,Cafe,Yes,3,6,Reading,6.0,94,UCI_0077,12,11,10,12,10,10,Business,Musician,2.818949699074583,1,0,1,10.0
STU04456,18,Male,Business,7.9,3.6,Yes,56.4,5.7,Yes,2.97,1,5.7,13.7,Dorm,Yes,7,10,Auditory,2.6,69,UCI_0077,10,12,10,12,12,12,Business,Lawyer,2.742394695437352,2,2,0,7.43
STU04457,26,Other,Psychology,1.8,1.2,No,40.7,7.1,Yes,3.62,1,2.6,3.9,Cafe,No,9,10,Visual,9.4,88,UCI_0077,10,11,10,13,12,11,Psychology,Geneticist,2.827753750721669,1,4,1,9.05
STU04458,26,Female,Computer Science,7.700041380434325,2.9,Yes,98.2,7.9,Yes,4.0,6,5.1,15.9,Co-Learning Group,No,10,10,Kinesthetic,7.1,99,UCI_0077,10,11,9,13,12,12,Computer Science,Interior Designer,4.9116109552818745,2,4,1,10.0
STU04459,19,Other,Business,4.5,3.2,No,66.2,7.3,Yes,3.01,2,5.5,11.4,Co-Learning Group,No,5,10,Reading,6.2,77,UCI_0077,10,11,11,12,12,11,Business,Data Scientist,2.991369929,2,0,1,7.52
STU04460,24,Female,Engineering,6.1,3.2,No,41.1,6.0,No,3.29,3,6.4,13.2,Dorm,No,5,9,Kinesthetic,4.2,80,UCI_0077,11,11,9,12,10,12,Engineering,Industrial-Organizational Psychologist,3.5191712396412984,0,1,0,8.22
STU04461,20,Female,Business,4.5,1.7,No,55.4,8.9,Yes,3.51,4,8.1,11.6,Dorm,No,7,7,Visual,6.0,82,UCI_0077,11,11,11,12,12,11,Business,Doctor,3.3265015718104864,2,3,1,8.77
STU04462,26,Male,Business,4.2,3.4,Yes,76.2,10.0,Yes,3.98,2,5.7,8.5,Library,No,6,10,Auditory,7.0,93,UCI_0077,12,12,9,11,12,10,Business,Investment Banker,3.483914704214321,1,4,0,9.95
STU04463,22,Female,Biology,3.7,1.1,No,69.1,7.6,Yes,4.0,6,6.4,5.8,Quiet Room,Yes,4,7,Reading,8.0,100,UCI_0077,12,10,11,13,11,11,Biology,Interior Designer,4.093148573389769,1,1,0,10.0
STU04464,26,Female,Arts,4.8,4.3,Yes,44.5,5.8,No,4.0,2,8.4,10.9,Cafe,Yes,6,6,Visual,9.6,99,UCI_0154,8,9,10,11,10,12,Arts,Education Administrator,3.967801390300023,0,1,1,10.0
STU04465,18,Other,Psychology,5.4,3.5,No,91.3,6.8,No,3.35,2,5.7,12.3,Library,Yes,2,6,Visual,6.5,84,UCI_0154,9,9,11,12,11,10,Psychology,Illustrator,2.544326411105763,0,3,1,8.38
STU04466,25,Female,Arts,3.0,2.3,Yes,77.4,4.1,No,3.0,1,7.0,10.5,Quiet Room,Yes,7,10,Reading,2.1,73,UCI_0154,8,8,11,11,11,11,Arts,Geneticist,3.1762406920710275,2,0,0,7.5
STU04467,23,Male,Biology,5.2,3.7,No,68.1,7.2,No,4.0,4,2.4,9.8,Co-Learning Group,Yes,8,8,Kinesthetic,1.8,93,UCI_0154,7,9,9,11,12,11,Biology,Surgeon,3.769274446324266,2,4,0,10.0
STU04468,18,Female,Engineering,3.7,2.4,Yes,49.5,5.6,Yes,4.0,1,4.6,7.3,Co-Learning Group,Yes,2,10,Auditory,3.0,99,UCI_0154,8,8,9,12,12,10,Engineering,Astronomer,3.368486057891089,1,4,0,10.0
STU04469,26,Male,Psychology,3.6,4.4,Yes,53.3,6.7,Yes,4.0,7,6.3,11.9,Library,Yes,4,9,Auditory,5.7,100,UCI_0154,9,8,10,11,12,12,Psychology,Sound Engineer,2.6579890608411345,0,1,0,10.0
STU04470,27,Female,Business,4.7,4.9,No,70.6,4.9,Yes,3.69,8,2.2,11.7,Quiet Room,No,10,9,Visual,3.4,90,UCI_0154,9,10,11,12,12,10,Business,Actuary,3.445475069243429,1,3,1,9.22
STU04471,25,Female,Biology,5.4,4.3,Yes,55.3,7.2,No,3.59,6,8.2,12.2,Dorm,No,4,10,Reading,6.5,87,UCI_0154,8,10,10,13,11,11,Biology,Interior Designer,4.305308057792519,1,3,1,8.97
STU04472,28,Other,Computer Science,2.066137369775173,4.6,No,52.1,4.0,Yes,3.5,3,6.2,9.2,Cafe,Yes,5,10,Reading,5.8,89,UCI_0154,7,8,11,13,11,12,Computer Science,Organic Chemist,3.4646700037518525,2,3,0,8.75
STU04473,18,Male,Computer Science,5.730867129988043,2.3,No,90.5,5.7,Yes,4.0,1,6.5,9.2,Library,No,10,6,Reading,8.5,95,UCI_0154,7,10,10,12,10,11,Computer Science,Organic Chemist,2.9918314473332077,1,1,0,10.0
STU04474,17,Other,Biology,2.4,2.4,Yes,46.3,10.4,Yes,2.83,3,5.6,10.0,Dorm,Yes,9,9,Visual,7.5,73,UCI_0154,9,10,10,11,10,10,Biology,Physician Assistant,3.671490365339853,2,0,1,7.08
STU04475,17,Male,Arts,1.6,4.9,No,40.3,7.7,Yes,2.98,6,6.7,8.1,Cafe,No,5,10,Reading,7.5,61,UCI_0154,7,10,9,11,10,11,Arts,Art Director,2.804905802367072,2,3,0,7.45
STU04476,19,Male,Business,0.0,2.4,No,72.5,8.9,Yes,4.0,7,2.6,4.3,Cafe,No,4,5,Reading,2.3,100,UCI_0154,8,8,10,11,12,10,Business,Forensic Psychologist,4.3039845734449855,0,2,0,10.0
STU04477,27,Male,Arts,1.7,0.6,No,66.6,5.1,Yes,4.0,5,1.7,5.8,Co-Learning Group,Yes,4,8,Kinesthetic,5.2,95,UCI_0154,7,9,11,12,10,11,Arts,Marketing Manager,4.104639300784097,0,0,0,10.0
STU04478,16,Female,Business,5.5,2.9,No,88.1,6.3,Yes,3.77,6,5.0,9.9,Dorm,Yes,10,7,Visual,3.5,98,UCI_0154,7,8,11,13,10,11,Business,AI Researcher,2.7836214444027645,0,0,0,9.43
STU04479,25,Male,Biology,5.0,1.4,No,51.5,5.2,Yes,3.97,7,4.5,8.0,Co-Learning Group,No,9,10,Auditory,8.9,100,UCI_0154,8,10,11,12,10,10,Biology,Art Therapist,4.633126863985737,2,3,1,9.93
STU04480,19,Other,Computer Science,5.340698349594832,3.3,Yes,43.9,8.3,Yes,4.0,8,2.6,11.9,Library,Yes,7,6,Kinesthetic,2.6,93,UCI_0154,7,10,11,13,10,10,Computer Science,Biologist,4.484237076082152,1,0,1,10.0
STU04481,19,Other,Business,2.5,2.0,Yes,63.0,7.7,Yes,3.85,2,3.6,6.2,Library,Yes,9,10,Visual,5.8,94,UCI_0167,9,10,9,9,11,10,Business,Legal Secretary,2.627782079,2,0,1,9.62
STU04482,23,Male,Arts,4.2,1.5,No,52.9,5.8,Yes,4.0,3,5.4,7.7,Quiet Room,Yes,3,5,Kinesthetic,6.2,100,UCI_0167,11,10,11,8,9,10,Arts,Game Developer,3.7677087918025176,2,0,0,10.0
STU04483,25,Female,Arts,4.6,1.0,No,90.4,5.4,No,2.94,5,6.7,6.9,Co-Learning Group,No,1,10,Reading,1.8,72,UCI_0167,11,11,9,9,11,12,Arts,Organic Chemist,4.020483917041869,1,3,1,7.35
STU04484,18,Female,Arts,3.6,2.8,No,74.1,7.8,No,4.0,5,6.2,10.5,Quiet Room,Yes,5,6,Auditory,1.1,100,UCI_0167,11,11,11,10,11,11,Arts,Aerospace Engineer,4.647663156368122,0,0,0,10.0
STU04485,20,Female,Engineering,0.0,4.1,Yes,66.7,5.5,No,3.99,6,4.8,6.7,Library,Yes,5,10,Auditory,6.2,100,UCI_0167,10,10,11,8,11,11,Engineering,Physical Chemist,3.8223610894553017,1,1,0,9.98
STU04486,28,Female,Psychology,2.4,3.5,No,43.1,9.0,No,4.0,4,2.8,7.6,Quiet Room,No,3,10,Visual,6.4,100,UCI_0167,9,10,9,10,10,11,Psychology,Construction Manager,3.525728178286325,2,4,0,10.0
STU04487,19,Male,Business,1.3,2.9,No,74.7,8.1,Yes,4.0,7,3.9,7.6,Quiet Room,No,1,6,Visual,8.9,96,UCI_0167,9,9,11,10,9,12,Business,Chemist,2.6475594805310005,0,0,0,10.0
STU04488,23,Male,Psychology,5.9,1.7,Yes,91.2,6.2,Yes,4.0,2,6.8,11.1,Co-Learning Group,Yes,7,6,Auditory,2.1,99,UCI_0167,10,10,10,10,11,11,Psychology,Architectural Technologist,4.0199911949291485,0,2,1,10.0
STU04489,23,Male,Arts,3.8,1.2,No,95.3,7.3,Yes,3.2,6,6.8,8.5,Cafe,Yes,6,10,Auditory,8.8,80,UCI_0167,10,11,10,9,10,11,Arts,Illustrator,2.742564865158517,1,4,0,8.0
STU04490,21,Male,Arts,5.4,3.9,No,70.8,6.5,No,4.0,2,6.9,10.8,Co-Learning Group,Yes,3,8,Kinesthetic,7.6,100,UCI_0167,9,9,10,8,10,12,Arts,Astronomer,3.549428788417192,1,0,1,10.0
STU04491,18,Male,Arts,5.4,2.2,Yes,43.6,10.5,No,4.0,7,1.0,8.9,Quiet Room,No,5,10,Auditory,5.4,100,UCI_0167,9,10,11,8,11,10,Arts,Financial Analyst,3.930937969934964,0,3,1,10.0
STU04492,21,Female,Engineering,2.8,0.4,Yes,52.2,7.2,No,3.88,2,1.3,7.6,Cafe,No,3,10,Visual,3.7,100,UCI_0167,11,10,9,10,9,11,Engineering,Advertising Manager,3.587360794318797,1,1,0,9.7
STU04493,22,Female,Arts,0.2,3.9,Yes,64.4,4.4,No,2.86,2,5.3,7.4,Co-Learning Group,No,9,9,Visual,3.3,68,UCI_0167,10,11,10,10,10,11,Arts,Analytical Chemist,4.780378926881944,0,2,1,7.15
STU04494,18,Other,Biology,4.4,2.1,No,63.7,8.1,No,4.0,4,5.3,12.3,Library,No,2,10,Kinesthetic,2.9,95,UCI_0167,10,11,10,8,11,11,Biology,Psychologist,4.352046015890168,2,0,0,10.0
STU04495,23,Other,Engineering,6.0,1.4,Yes,65.7,8.3,Yes,4.0,2,2.2,8.8,Quiet Room,Yes,5,9,Reading,7.2,100,UCI_0167,10,9,11,8,11,10,Engineering,Urban Planner,2.540464685,1,1,0,10.0
STU04496,28,Other,Psychology,6.5,2.4,No,85.0,4.3,No,4.0,6,4.5,12.6,Cafe,No,2,5,Kinesthetic,4.7,100,UCI_0167,10,9,10,10,10,11,Psychology,Investment Banker,4.935890314138229,0,4,0,10.0
STU04497,25,Male,Arts,4.9,1.2,No,93.8,4.3,Yes,3.3,1,5.5,7.2,Library,No,3,8,Auditory,3.5,75,UCI_0167,9,11,10,9,11,11,Arts,Lawyer,4.051605542306714,1,0,0,8.25
STU04498,19,Male,Engineering,2.9,0.9,Yes,47.3,7.4,Yes,2.72,8,5.0,4.8,Cafe,Yes,10,9,Reading,7.3,76,UCI_0090,12,9,10,12,9,11,Engineering,Biomedical Engineer,3.409148680327732,2,3,0,6.8
STU04499,16,Female,Biology,3.1,3.9,No,97.8,7.4,Yes,3.47,1,2.2,9.4,Dorm,Yes,2,10,Kinesthetic,1.6,91,UCI_0090,12,11,11,13,11,10,Biology,Biomedical Engineer,4.0575490729556805,1,4,1,8.68
STU04500,28,Other,Psychology,3.2,2.4,Yes,90.6,8.0,Yes,4.0,6,1.8,8.9,Quiet Room,Yes,9,6,Visual,3.0,100,UCI_0090,12,10,11,12,9,11,Psychology,Quantum Physicist,2.9537924341044257,0,0,0,10.0
STU04501,25,Male,Engineering,0.0,4.9,No,64.8,7.9,Yes,2.94,5,7.0,7.2,Co-Learning Group,No,5,9,Kinesthetic,3.8,75,UCI_0090,12,9,10,12,10,12,Engineering,AI Researcher,2.592904965719541,1,0,0,7.35
STU04502,20,Female,Psychology,3.9,1.5,Yes,42.5,4.0,Yes,2.75,2,4.0,8.2,Cafe,No,3,10,Reading,7.9,68,UCI_0090,10,10,11,12,9,10,Psychology,Teacher,3.1777072920576157,1,0,1,6.88
STU04503,26,Other,Business,6.0,3.7,No,85.4,10.8,No,4.0,6,6.9,12.3,Library,Yes,3,10,Kinesthetic,2.7,100,UCI_0090,11,11,9,11,10,10,Business,Electrical Engineer,3.859356607477129,0,0,1,10.0
STU04504,24,Female,Engineering,1.7,4.2,No,73.7,8.7,Yes,3.9,1,8.0,8.9,Library,No,9,6,Reading,5.2,100,UCI_0090,10,9,10,13,9,12,Engineering,Urban Planner,2.540464685,1,1,0,9.75
STU04505,20,Female,Engineering,4.9,3.2,No,84.5,8.7,No,4.0,2,5.2,9.8,Quiet Room,Yes,1,10,Reading,5.1,87,UCI_0090,12,9,11,11,11,12,Engineering,Music Therapist,4.925367516219325,0,1,1,10.0
STU04506,19,Male,Engineering,3.8,4.3,Yes,51.0,7.5,Yes,3.85,4,6.6,9.3,Co-Learning Group,Yes,9,10,Reading,4.0,89,UCI_0090,12,10,10,11,10,12,Engineering,Web Developer,4.608786551910085,0,4,1,9.62
STU04507,25,Other,Computer Science,4.523853465621077,2.8,No,82.5,9.3,Yes,4.0,2,1.8,9.5,Quiet Room,No,7,6,Reading,3.7,99,UCI_0090,10,9,11,12,10,10,Computer Science,Financial Analyst,3.449840278374644,2,0,0,10.0
STU04508,24,Other,Computer Science,2.0904606434272166,0.9,No,62.9,4.7,No,2.36,4,3.1,3.4,Dorm,No,8,10,Reading,9.3,51,UCI_0201,9,9,10,11,10,11,Computer Science,Physician Assistant,4.892387921120665,0,1,1,5.9
STU04509,18,Male,Arts,4.2,2.0,No,96.2,5.8,No,2.9,2,4.1,11.2,Library,No,1,9,Reading,2.4,78,UCI_0090,12,10,11,12,10,10,Arts,Geneticist,2.911252365622968,1,1,0,7.25
STU04510,21,Other,Business,3.3,3.7,Yes,91.6,7.4,No,3.44,1,1.9,10.5,Library,Yes,8,8,Reading,4.8,79,UCI_0090,11,9,11,12,11,11,Business,Analytical Chemist,3.458683124901981,0,1,0,8.6
STU04511,17,Other,Psychology,1.2,1.7,No,55.1,6.3,Yes,3.42,4,5.7,8.9,Dorm,No,1,10,Reading,2.4,88,UCI_0090,11,10,10,12,11,12,Psychology,Special Education Teacher,2.933355264227245,2,1,0,8.55
STU04512,22,Male,Computer Science,3.144989744678954,0.4,No,61.3,11.0,No,4.0,4,3.1,5.1,Library,Yes,10,10,Auditory,2.0,100,UCI_0090,10,9,9,13,9,11,Computer Science,Analytical Chemist,3.6689477161290327,2,1,1,10.0
STU04513,16,Other,Business,2.5,1.8,No,55.3,7.1,No,4.0,8,2.8,5.0,Cafe,No,1,5,Auditory,4.3,96,UCI_0090,12,9,9,11,9,10,Business,Psychologist,2.871303433268613,0,0,1,10.0
STU04514,19,Male,Arts,4.7,1.6,No,84.0,5.4,No,3.83,1,3.4,10.3,Cafe,No,5,7,Reading,5.7,98,UCI_0090,11,11,9,12,9,10,Arts,Architectural Technologist,3.489204883491098,0,1,1,9.57
STU04515,24,Male,Business,2.2,2.9,Yes,58.1,10.3,No,4.0,1,3.1,8.3,Quiet Room,Yes,8,7,Kinesthetic,2.2,98,UCI_0090,11,11,9,13,11,10,Business,Physical Chemist,2.980413046412711,1,2,1,10.0
STU04516,24,Male,Computer Science,5.083936139812175,2.3,No,81.5,6.2,Yes,3.86,5,5.8,9.4,Quiet Room,No,6,10,Kinesthetic,7.1,100,UCI_0041,6,9,12,10,11,10,Computer Science,Acoustics Specialist,3.773876583171529,1,2,1,9.65
STU04517,22,Female,Arts,3.0,2.7,No,85.6,8.3,Yes,4.0,4,6.8,10.2,Library,Yes,1,10,Reading,6.5,100,UCI_0041,6,9,10,10,11,11,Arts,Biomedical Engineer,3.930942583396668,0,1,1,10.0
STU04518,25,Other,Biology,6.0,1.3,No,49.2,4.7,No,4.0,2,4.2,12.2,Library,Yes,2,8,Auditory,8.9,96,UCI_0041,7,9,10,12,12,10,Biology,Forensic Psychologist,3.609086011677549,2,1,0,10.0
STU04519,26,Other,Psychology,1.2,4.9,No,82.3,7.4,No,3.81,1,4.2,7.8,Quiet Room,No,5,10,Visual,9.0,99,UCI_0041,7,9,12,10,10,11,Psychology,Quantum Physicist,2.9537924341044257,0,0,0,9.53
STU04520,22,Male,Computer Science,4.781718876,4.2,No,65.4,5.0,No,4.0,7,4.4,10.3,Dorm,Yes,1,6,Reading,7.1,97,UCI_0041,6,9,11,10,10,10,Computer Science,Data Scientist,3.3933315020861383,1,2,1,10.0
STU04521,22,Other,Computer Science,9.652898950936446,2.3,No,56.0,6.7,Yes,3.07,7,6.4,15.6,Dorm,No,1,10,Reading,4.6,76,UCI_0041,6,11,10,11,10,11,Computer Science,Legal Analyst,4.256001269644295,0,1,1,7.67
STU04522,28,Female,Computer Science,6.854687774131743,4.3,Yes,67.8,6.5,No,3.24,4,7.8,13.5,Library,Yes,4,9,Auditory,2.4,85,UCI_0041,8,11,10,10,12,11,Computer Science,Entrepreneur,3.1007537001138665,1,0,1,8.1
STU04523,24,Male,Computer Science,8.093826684723652,0.2,Yes,91.6,8.5,No,3.26,2,4.9,11.0,Library,No,4,10,Visual,2.8,76,UCI_0041,6,9,11,11,11,11,Computer Science,Digital Marketing Specialist,2.5248599329227246,0,1,0,8.15
STU04524,21,Male,Business,3.6,5.0,Yes,74.7,6.8,Yes,4.0,1,5.2,12.5,Co-Learning Group,Yes,5,10,Visual,4.5,97,UCI_0041,7,11,12,11,12,10,Business,Cybersecurity Analyst,4.163446472249937,1,1,0,10.0
STU04525,19,Female,Arts,6.0,3.7,No,63.1,5.7,Yes,3.26,6,3.3,15.1,Quiet Room,No,4,10,Auditory,4.3,76,UCI_0041,6,9,11,12,12,9,Arts,Geneticist,2.605155667180249,1,3,1,8.15
STU04526,18,Female,Computer Science,5.623464950351458,1.2,Yes,90.8,7.4,Yes,3.67,6,4.6,12.1,Library,Yes,2,8,Visual,5.8,100,UCI_0041,6,10,11,12,10,11,Computer Science,Quantum Physicist,3.329142040338502,1,1,0,9.18
STU04527,27,Female,Psychology,3.9,1.7,No,55.5,8.1,No,2.89,1,4.4,7.8,Co-Learning Group,No,1,8,Visual,3.2,73,UCI_0041,7,10,11,12,11,10,Psychology,Mechanical Engineer,3.815166347653798,2,2,1,7.23
STU04528,16,Female,Biology,2.5,1.8,Yes,53.4,6.3,Yes,4.0,4,1.0,8.3,Co-Learning Group,No,5,5,Auditory,9.1,100,UCI_0041,8,9,11,12,12,9,Biology,Principal,3.906227519871636,0,0,0,10.0
STU04529,23,Male,Computer Science,3.544717754986803,3.6,Yes,40.1,8.0,No,4.0,4,5.4,9.4,Dorm,Yes,6,8,Auditory,9.4,96,UCI_0041,8,11,11,12,11,10,Computer Science,Civil Engineer,4.998260105182285,1,1,0,10.0
STU04530,25,Male,Psychology,2.1,4.8,Yes,43.3,4.6,No,4.0,3,5.6,9.7,Library,No,8,5,Auditory,5.3,100,UCI_0041,7,9,12,10,10,11,Psychology,Musician,4.609197570790943,1,0,0,10.0
STU04531,23,Other,Engineering,2.8,0.7,No,60.5,4.0,Yes,2.58,8,10.0,6.9,Cafe,Yes,4,10,Auditory,8.9,65,UCI_0041,8,10,11,11,11,10,Engineering,Advertising Manager,4.347038479036714,2,3,0,6.45
STU04532,28,Female,Computer Science,8.452802151,1.3,No,51.1,6.3,No,4.0,2,3.5,11.0,Co-Learning Group,No,1,6,Visual,8.1,91,UCI_0041,7,10,11,12,12,10,Computer Science,Composer,4.342996656186921,1,0,1,10.0
STU04533,18,Male,Business,4.5,2.6,Yes,93.8,6.4,Yes,3.4,8,6.8,10.6,Library,No,8,10,Kinesthetic,9.4,90,UCI_0201,9,8,9,12,10,10,Business,Fluid Mechanics Engineer,4.966754439257407,1,4,1,8.5
STU04534,22,Other,Biology,1.8,3.7,No,81.3,10.8,Yes,4.0,4,6.2,8.8,Library,No,7,6,Visual,9.1,93,UCI_0201,9,10,10,12,10,10,Biology,Nurse,3.455444079409287,1,4,1,10.0
STU04535,23,Female,Psychology,3.3,4.8,No,98.6,5.5,Yes,4.0,7,6.1,10.9,Dorm,No,10,10,Reading,4.4,94,UCI_0201,8,8,11,12,10,12,Psychology,Legal Secretary,2.564973627231946,0,3,1,10.0
STU04536,26,Female,Psychology,5.2,0.2,Yes,64.9,6.1,No,4.0,2,4.3,6.5,Dorm,No,10,8,Kinesthetic,5.9,100,UCI_0201,9,10,11,11,10,10,Psychology,Data Scientist,3.2123929781758944,0,0,1,10.0
STU04537,25,Female,Arts,2.5,0.9,Yes,99.1,6.1,Yes,4.0,3,1.0,7.6,Library,No,7,6,Kinesthetic,1.7,100,UCI_0201,10,10,9,12,9,11,Arts,Special Education Teacher,4.300315656723851,2,2,1,10.0
STU04538,26,Female,Psychology,3.8,3.2,No,74.7,7.0,No,3.87,8,7.1,8.0,Co-Learning Group,Yes,9,7,Reading,8.1,100,UCI_0201,10,8,9,11,9,11,Psychology,Musician,2.7517804605326184,0,2,1,9.68
STU04539,21,Female,Computer Science,4.508635575,0.4,Yes,40.7,8.3,Yes,4.0,7,4.4,9.1,Cafe,No,1,10,Reading,9.6,97,UCI_0201,8,8,9,12,11,10,Computer Science,Marketing Specialist,2.8903951884960493,1,3,1,10.0
STU04540,26,Female,Arts,2.8,3.9,No,75.5,8.2,No,4.0,1,3.4,9.2,Library,No,9,8,Visual,4.0,96,UCI_0201,8,10,9,11,11,10,Arts,Paralegal,4.837089504310182,0,0,0,10.0
STU04541,19,Male,Arts,7.0,2.8,Yes,54.5,7.9,No,2.7,2,5.5,11.7,Dorm,No,5,10,Auditory,2.3,64,UCI_0201,10,8,9,11,11,11,Arts,Illustrator,3.050685485167966,2,1,0,6.75
STU04542,28,Other,Business,0.6,4.4,Yes,55.0,6.7,Yes,3.84,4,2.1,9.9,Library,No,4,7,Auditory,5.2,88,UCI_0201,8,8,11,11,9,11,Business,Brand Manager,4.139970922416582,2,0,1,9.6
STU04543,17,Male,Arts,4.4,3.3,Yes,86.1,4.5,Yes,3.13,6,5.4,11.9,Library,No,8,10,Auditory,8.2,72,UCI_0201,9,8,9,12,11,10,Arts,Surgeon,3.8124899068678975,2,0,0,7.82
STU04544,26,Female,Psychology,7.2,5.0,Yes,91.6,5.0,Yes,4.0,8,4.2,15.8,Co-Learning Group,No,7,8,Auditory,3.4,99,UCI_0201,8,9,10,11,11,10,Psychology,Surgeon,3.352602252390004,2,0,1,10.0
STU04545,25,Female,Computer Science,3.367083386604752,4.6,No,44.4,6.9,Yes,4.0,5,2.6,10.8,Quiet Room,Yes,6,10,Visual,8.9,90,UCI_0201,8,10,11,10,10,11,Computer Science,Cybersecurity Analyst,4.376270402771505,2,1,1,10.0
STU04546,16,Male,Computer Science,5.546442068836014,2.0,Yes,54.7,7.1,Yes,2.42,6,6.6,11.1,Cafe,No,1,10,Auditory,8.0,66,UCI_0201,8,10,9,11,10,12,Computer Science,Aerospace Engineer,3.2007119263771475,1,4,1,6.05
STU04547,25,Female,Business,0.1,3.8,Yes,99.1,5.7,No,3.21,5,1.9,6.8,Dorm,Yes,4,10,Auditory,3.6,81,UCI_0201,8,8,10,12,10,12,Business,Graphic Designer,3.6471022046172346,0,4,1,8.03
STU04548,25,Male,Computer Science,4.010991740720217,0.3,Yes,83.3,7.6,No,4.0,7,3.0,5.7,Dorm,Yes,3,6,Auditory,2.9,100,UCI_0201,9,8,10,12,11,12,Computer Science,Legal Analyst,3.327635683765989,2,3,0,10.0
STU04549,25,Male,Biology,2.6,0.9,No,76.9,8.1,Yes,2.97,3,7.9,7.3,Dorm,Yes,8,9,Reading,8.9,66,UCI_0201,8,9,10,11,11,12,Biology,Quantum Physicist,3.749208946983522,2,0,1,7.43
STU04550,17,Male,Business,0.6,2.2,No,48.1,6.7,No,3.66,1,8.0,6.5,Cafe,No,5,9,Kinesthetic,6.0,86,UCI_0162,8,7,10,12,11,11,Business,Risk Analyst,2.899803141392286,2,0,1,9.15
STU04551,16,Other,Psychology,4.7,1.2,Yes,56.1,5.8,No,4.0,8,4.6,11.3,Co-Learning Group,No,3,10,Kinesthetic,7.8,100,UCI_0162,9,9,11,10,9,11,Psychology,Clinical Psychologist,2.9020681178415244,1,2,1,10.0
STU04552,18,Female,Business,5.3,4.5,No,87.1,5.5,Yes,4.0,7,5.2,13.2,Quiet Room,Yes,2,6,Auditory,5.1,100,UCI_0162,9,7,9,10,9,11,Business,Doctor,4.752463976674125,1,1,1,10.0
STU04553,17,Female,Arts,5.9,1.0,No,96.3,7.3,No,4.0,8,2.8,11.6,Library,No,5,6,Visual,9.5,100,UCI_0162,10,7,9,10,11,11,Arts,Illustrator,2.742564865158517,1,4,0,10.0
STU04554,22,Male,Arts,3.1,1.2,Yes,68.2,5.1,No,4.0,1,2.7,5.1,Cafe,Yes,9,10,Reading,6.6,99,UCI_0162,9,7,11,10,11,12,Arts,Industrial-Organizational Psychologist,2.694522058437242,0,2,0,10.0
STU04555,19,Male,Computer Science,5.580634766089622,4.7,Yes,92.2,7.0,Yes,4.0,3,3.4,14.8,Co-Learning Group,Yes,2,9,Visual,9.5,99,UCI_0162,9,9,11,11,11,11,Computer Science,Biomedical Engineer,4.234724304365713,2,0,1,10.0
STU04556,22,Female,Psychology,4.2,2.6,No,99.6,6.7,Yes,4.0,7,1.4,9.6,Quiet Room,Yes,1,8,Kinesthetic,5.2,97,UCI_0162,9,8,10,10,9,10,Psychology,Manager,2.835205305884371,2,1,0,10.0
STU04557,19,Other,Arts,6.3,5.0,Yes,71.0,7.8,No,4.0,8,7.8,13.5,Co-Learning Group,Yes,6,9,Kinesthetic,2.3,100,UCI_0162,8,9,9,12,10,11,Arts,Acoustics Specialist,2.812974831825013,0,3,0,10.0
STU04558,19,Other,Business,3.1,2.1,Yes,93.6,7.0,No,2.81,4,4.1,8.8,Dorm,No,4,7,Auditory,3.7,69,UCI_0162,8,9,10,11,10,12,Business,Quantum Physicist,3.581251910429879,1,3,1,7.03
STU04559,16,Female,Computer Science,2.8177124309356167,3.5,Yes,69.2,7.4,No,3.92,6,5.6,9.0,Cafe,Yes,5,10,Kinesthetic,7.3,95,UCI_0162,9,8,11,12,11,10,Computer Science,Construction Manager,2.959477277392525,0,4,0,9.8
STU04560,21,Male,Computer Science,5.050107207676881,1.1,Yes,94.9,7.2,No,3.5,4,3.8,8.2,Cafe,Yes,9,6,Reading,8.7,96,UCI_0162,10,7,10,11,9,10,Computer Science,Social Media Manager,4.667283134080658,0,4,1,8.75
STU04561,17,Male,Arts,5.7,4.6,Yes,73.2,5.7,Yes,3.78,3,6.0,12.3,Quiet Room,Yes,5,8,Kinesthetic,5.5,87,UCI_0162,10,9,9,11,9,11,Arts,Advertising Manager,3.1369172634415663,1,1,0,9.45
STU04562,17,Male,Arts,7.6,3.8,Yes,49.1,7.8,Yes,3.18,3,6.0,13.4,Dorm,No,2,7,Reading,1.4,87,UCI_0162,8,9,10,11,11,11,Arts,Nuclear Physicist,4.973450528202438,2,0,0,7.95
STU04563,18,Female,Engineering,3.7,3.2,Yes,73.9,6.6,Yes,4.0,8,5.3,8.5,Dorm,Yes,9,5,Kinesthetic,5.7,89,UCI_0162,8,8,11,11,9,10,Engineering,Biologist,4.314017744,0,4,1,10.0
STU04564,16,Male,Biology,5.1,3.1,No,58.7,7.0,Yes,4.0,4,3.9,10.6,Quiet Room,No,5,10,Reading,1.6,100,UCI_0162,8,9,9,12,9,11,Biology,Physicist,4.167031945936786,1,4,0,10.0
STU04565,21,Other,Psychology,5.3,2.0,Yes,63.1,11.0,Yes,4.0,4,4.1,12.4,Library,Yes,6,9,Kinesthetic,4.1,100,UCI_0162,10,8,9,10,9,12,Psychology,Nurse,3.628958915782629,0,1,1,10.0
STU04566,26,Female,Biology,4.8,4.1,No,87.0,6.7,Yes,3.39,1,8.9,12.6,Cafe,No,10,10,Visual,9.6,91,UCI_0162,8,7,11,11,11,10,Biology,Ecologist,2.7904413922508366,2,0,1,8.47
STU04567,23,Other,Psychology,4.5,1.5,No,78.1,8.9,No,3.76,7,5.0,8.0,Quiet Room,No,2,10,Auditory,9.1,98,UCI_0114,7,9,10,10,12,11,Psychology,Special Education Teacher,4.523446495968162,2,2,1,9.4
STU04568,20,Male,Business,6.0,0.2,No,94.5,8.5,Yes,4.0,5,5.7,10.3,Cafe,No,2,10,Visual,5.5,100,UCI_0114,6,11,9,12,11,12,Business,Dentist,3.2500422082943654,0,2,1,10.0
STU04569,17,Female,Business,3.2,3.3,Yes,46.4,5.7,No,4.0,3,3.7,8.5,Co-Learning Group,Yes,3,10,Reading,7.5,94,UCI_0114,6,11,10,11,11,10,Business,Animator,3.4492834677233937,0,2,1,10.0
STU04570,27,Male,Engineering,1.3,3.4,Yes,68.4,7.4,Yes,3.04,1,4.7,6.6,Dorm,Yes,6,8,Reading,2.0,74,UCI_0114,6,9,10,11,11,12,Engineering,Art Therapist,3.3266900156090404,0,4,1,7.6
STU04571,21,Female,Computer Science,4.412603253310715,3.7,Yes,40.0,6.4,No,3.13,3,6.5,9.8,Cafe,No,1,6,Visual,1.4,79,UCI_0114,6,11,11,10,12,10,Computer Science,Acoustics Specialist,3.012701486221721,0,4,0,7.82
STU04572,18,Female,Engineering,4.0,2.6,No,45.8,4.0,No,4.0,2,7.2,8.1,Cafe,No,6,10,Reading,8.3,100,UCI_0114,6,11,9,10,10,10,Engineering,Aerospace Engineer,3.285899307560214,0,2,1,10.0
STU04573,22,Female,Computer Science,3.882889168,0.2,Yes,98.6,5.9,Yes,3.6,5,2.1,6.6,Quiet Room,Yes,5,10,Auditory,1.8,91,UCI_0114,6,11,9,12,10,12,Computer Science,School Counselor,4.3672723946961405,0,4,1,9.0
STU04574,24,Other,Engineering,2.8,2.1,No,80.0,7.3,Yes,2.77,2,4.5,6.8,Co-Learning Group,No,9,10,Reading,8.5,69,UCI_0114,8,10,11,10,12,10,Engineering,Biochemist,4.158398301917686,2,2,0,6.92
STU04575,18,Other,Biology,3.7,2.6,Yes,77.6,5.7,Yes,3.84,8,1.6,8.9,Cafe,Yes,9,9,Visual,7.5,100,UCI_0114,7,11,11,10,12,12,Biology,Web Developer,2.614087904911668,2,0,1,9.6
STU04576,27,Male,Engineering,2.3,1.6,No,66.7,8.0,Yes,2.82,5,7.2,7.2,Co-Learning Group,No,10,10,Kinesthetic,6.6,74,UCI_0114,8,11,11,12,12,10,Engineering,Digital Marketing Specialist,4.759393624951256,1,4,1,7.05
STU04577,19,Other,Engineering,6.3,3.6,No,97.2,8.7,No,4.0,6,4.1,13.4,Library,No,9,9,Kinesthetic,8.0,100,UCI_0114,8,9,10,11,10,10,Engineering,Art Therapist,3.821332511,1,0,1,10.0
STU04578,16,Other,Business,5.8,0.4,No,42.4,4.0,No,4.0,2,4.2,9.7,Library,Yes,6,9,Visual,3.5,100,UCI_0114,6,10,10,11,10,11,Business,Data Scientist,3.108749716678445,0,1,1,10.0
STU04579,21,Female,Biology,3.0,3.1,No,70.1,5.3,Yes,4.0,4,1.0,7.1,Quiet Room,Yes,8,7,Visual,7.0,88,UCI_0114,6,11,9,10,10,11,Biology,Industrial-Organizational Psychologist,4.866987102409705,2,3,1,10.0
STU04580,23,Male,Computer Science,6.284970755187236,4.2,Yes,69.9,10.0,No,4.0,7,5.6,15.9,Library,Yes,1,5,Reading,4.1,100,UCI_0114,8,10,10,12,10,12,Computer Science,Nurse,4.304304795653708,0,4,0,10.0
STU04581,27,Female,Engineering,0.9,4.1,No,67.0,4.1,Yes,4.0,6,3.6,5.9,Dorm,Yes,4,6,Kinesthetic,4.9,100,UCI_0114,7,9,9,10,12,11,Engineering,Analytical Chemist,3.545702374472427,1,0,0,10.0
STU04582,21,Male,Engineering,5.1,0.4,Yes,45.1,6.2,Yes,2.84,8,6.3,7.2,Dorm,Yes,2,10,Reading,4.0,74,UCI_0114,7,10,9,12,11,12,Engineering,Biotechnologist,3.578770870322686,2,3,1,7.1
STU04583,21,Female,Computer Science,5.360992400568918,3.4,No,50.2,8.6,No,4.0,3,3.9,9.8,Cafe,Yes,7,10,Reading,4.3,100,UCI_0114,6,11,11,11,12,11,Computer Science,Marketing Manager,2.6440721154813307,1,3,0,10.0
STU04584,26,Male,Biology,3.3,4.6,No,62.4,4.9,No,3.09,3,6.0,11.3,Library,Yes,9,10,Auditory,3.3,69,UCI_0044,8,8,11,9,10,10,Biology,Graphic Designer,3.1793598459799126,2,4,1,7.72
STU04585,23,Female,Engineering,3.8,2.4,Yes,90.2,8.0,No,4.0,1,4.7,8.9,Library,No,5,10,Visual,6.5,98,UCI_0044,9,9,10,10,11,9,Engineering,Animator,2.8305662125508566,1,1,1,10.0
STU04586,26,Male,Psychology,4.3,1.3,No,57.4,8.9,Yes,4.0,7,7.5,9.6,Co-Learning Group,Yes,1,7,Reading,2.3,100,UCI_0044,9,8,12,8,9,10,Psychology,Financial Analyst,3.2531556004990243,1,1,1,10.0
STU04587,23,Male,Engineering,2.0,1.5,Yes,72.0,6.2,No,4.0,7,5.3,7.7,Co-Learning Group,Yes,2,10,Auditory,7.6,97,UCI_0044,8,8,10,10,9,9,Engineering,Market Research Analyst,3.038312905558505,0,3,1,10.0
STU04588,24,Male,Biology,6.3,4.6,No,99.9,7.9,No,3.77,1,4.8,13.8,Cafe,No,10,10,Auditory,8.7,92,UCI_0044,8,7,11,9,9,11,Biology,Biotechnologist,3.937334963418918,1,0,1,9.43
STU04589,24,Female,Business,3.0,3.7,Yes,84.0,6.8,Yes,4.0,5,8.3,10.5,Library,No,10,10,Reading,2.6,100,UCI_0044,9,9,11,9,11,11,Business,Urban Planner,2.7856793723113045,1,2,0,10.0
STU04590,18,Other,Biology,3.8,4.6,Yes,53.2,6.0,Yes,4.0,1,4.0,10.0,Dorm,Yes,8,7,Visual,9.4,95,UCI_0044,9,7,12,9,11,11,Biology,Aerospace Engineer,2.6449274159025378,1,0,0,10.0
STU04591,25,Female,Engineering,5.7,4.6,No,76.6,5.8,Yes,2.93,8,6.1,13.9,Dorm,No,8,6,Reading,9.2,75,UCI_0044,7,7,10,9,11,9,Engineering,Marketing Manager,3.383992045694839,2,4,1,7.33
STU04592,27,Other,Biology,2.1,2.7,Yes,51.3,9.3,No,3.63,8,5.0,7.3,Quiet Room,Yes,7,8,Auditory,6.7,91,UCI_0044,7,8,11,8,10,11,Biology,Physical Chemist,3.573782063633931,0,3,0,9.07
STU04593,19,Male,Business,6.0,3.7,Yes,51.5,7.1,No,4.0,3,3.4,13.9,Co-Learning Group,No,9,5,Auditory,9.7,96,UCI_0044,7,7,10,8,10,9,Business,Paralegal,2.723602191871741,1,1,1,10.0
STU04594,17,Male,Psychology,3.7,0.4,No,49.9,7.7,Yes,3.98,4,8.2,7.8,Library,No,5,10,Auditory,2.8,100,UCI_0044,8,7,12,9,9,9,Psychology,Biomedical Engineer,4.932900944757449,1,4,1,9.95
STU04595,22,Other,Business,6.3,1.2,Yes,83.5,6.1,Yes,4.0,6,5.6,9.5,Quiet Room,Yes,9,10,Kinesthetic,9.8,98,UCI_0044,8,8,10,8,10,10,Business,Graphic Designer,2.7511598275515543,1,4,1,10.0
STU04596,17,Female,Psychology,3.6,4.5,Yes,94.3,6.4,Yes,4.0,7,6.0,12.1,Co-Learning Group,No,6,7,Auditory,4.5,100,UCI_0044,7,8,10,10,11,9,Psychology,Education Administrator,4.396058768,0,2,1,10.0
STU04597,21,Other,Computer Science,5.261807739194513,4.9,No,97.5,6.1,Yes,4.0,8,6.8,14.3,Cafe,Yes,4,9,Kinesthetic,5.7,100,UCI_0044,7,7,12,10,9,10,Computer Science,Geneticist,4.202983901155939,1,4,0,10.0
STU04598,16,Female,Psychology,6.1,2.5,Yes,61.8,5.7,No,4.0,4,3.6,11.6,Cafe,No,4,6,Reading,4.4,91,UCI_0044,7,9,10,8,11,11,Psychology,Art Director,3.272911233696031,0,3,1,10.0
STU04599,18,Female,Engineering,11.0,4.1,No,59.5,7.5,Yes,3.61,8,5.8,17.5,Quiet Room,No,1,10,Auditory,5.3,94,UCI_0044,8,9,10,8,10,10,Engineering,Art Therapist,4.924274540175411,0,3,0,9.03
STU04600,16,Other,Biology,5.3,0.2,No,82.8,9.7,No,4.0,3,2.3,6.4,Cafe,Yes,5,10,Auditory,3.0,100,UCI_0044,8,9,12,8,11,9,Biology,Biochemist,3.933927941584851,1,2,0,10.0
STU04601,23,Other,Business,4.2,3.5,No,85.4,9.4,No,3.06,6,8.2,11.8,Library,No,4,10,Reading,3.6,77,UCI_0044,8,8,11,8,10,9,Business,Psychologist,2.908937124666094,1,4,0,7.65
STU04602,25,Other,Engineering,0.0,4.4,No,97.1,4.9,No,2.92,1,2.1,7.2,Cafe,No,6,9,Visual,1.8,81,UCI_0216,8,10,10,12,11,11,Engineering,Landscape Architect,2.9148463540012424,1,3,0,7.3
STU04603,26,Male,Business,5.3,3.1,Yes,49.2,11.0,Yes,4.0,5,2.8,12.8,Library,Yes,8,9,Reading,7.4,100,UCI_0216,9,9,10,11,10,11,Business,Software Developer,3.858028238444784,1,0,0,10.0
STU04604,28,Female,Biology,3.3,4.9,Yes,82.4,6.0,Yes,3.44,6,7.2,13.5,Co-Learning Group,No,5,10,Reading,1.6,81,UCI_0216,9,10,11,13,11,12,Biology,Marketing Specialist,2.8329658548707,2,1,0,8.6
STU04605,24,Female,Biology,4.4,2.1,No,46.0,5.1,Yes,4.0,1,5.3,10.0,Cafe,Yes,1,10,Reading,5.0,99,UCI_0216,8,10,11,12,12,10,Biology,Game Developer,2.8984749679042325,0,2,1,10.0
STU04606,17,Female,Arts,0.0,3.2,No,91.3,8.2,No,4.0,8,7.8,5.4,Library,No,7,7,Kinesthetic,3.9,98,UCI_0216,8,10,9,13,10,10,Arts,Landscape Architect,4.238431647389625,0,3,1,10.0
STU04607,17,Other,Business,4.9,2.1,Yes,44.3,5.9,No,4.0,6,5.6,7.6,Cafe,No,3,8,Auditory,8.1,95,UCI_0216,7,11,9,11,12,10,Business,Counselor,4.191047153250423,0,4,0,10.0
STU04608,26,Male,Psychology,2.9,0.6,Yes,71.1,9.1,Yes,3.54,2,4.7,4.5,Cafe,Yes,4,7,Kinesthetic,9.7,94,UCI_0216,7,9,10,11,12,10,Psychology,Entrepreneur,4.177222039215923,2,3,1,8.85
STU04609,23,Other,Psychology,6.3,4.1,No,72.8,6.7,Yes,4.0,3,2.1,15.2,Cafe,Yes,10,5,Auditory,5.6,100,UCI_0216,8,9,9,11,12,12,Psychology,Chemist,4.251371608647419,0,1,0,10.0
STU04610,27,Other,Computer Science,5.099719886588835,3.3,Yes,46.7,6.6,Yes,4.0,5,8.4,10.0,Co-Learning Group,No,6,10,Visual,5.9,91,UCI_0216,7,9,11,12,10,10,Computer Science,Legal Secretary,2.714584723819768,1,1,1,10.0
STU04611,25,Other,Business,2.6,2.1,No,40.9,4.0,No,3.29,2,3.2,7.9,Co-Learning Group,Yes,10,10,Reading,6.1,85,UCI_0216,8,10,10,11,11,10,Business,Digital Marketing Specialist,4.8782926555645325,1,1,1,8.22
STU04612,28,Other,Psychology,7.2,4.2,Yes,80.2,7.9,No,4.0,7,1.2,13.5,Quiet Room,Yes,4,6,Kinesthetic,7.9,100,UCI_0216,8,9,9,13,11,11,Psychology,Chemical Engineer,3.662947899767944,0,3,0,10.0
STU04613,26,Female,Business,6.4,3.7,No,80.4,5.7,No,4.0,3,4.8,12.8,Cafe,Yes,8,5,Kinesthetic,2.8,96,UCI_0216,7,9,11,13,11,10,Business,Sound Engineer,3.387566327333292,0,1,0,10.0
STU04614,21,Male,Psychology,5.6,3.2,No,78.4,7.8,No,4.0,1,3.1,10.8,Library,No,1,6,Auditory,2.8,100,UCI_0216,8,9,9,11,11,11,Psychology,Data Scientist,2.9206713270241207,1,3,1,10.0
STU04615,17,Male,Computer Science,4.167911327115402,4.2,Yes,60.8,7.8,Yes,4.0,5,3.2,13.2,Library,Yes,8,10,Visual,2.3,100,UCI_0216,8,11,9,11,12,10,Computer Science,Biotechnologist,4.2181917692400495,2,4,0,10.0
STU04616,28,Male,Engineering,1.6,4.4,Yes,84.4,7.6,Yes,2.62,3,4.2,8.7,Dorm,No,10,10,Visual,7.3,70,UCI_0216,7,11,9,11,12,11,Engineering,Biomedical Engineer,3.409148680327732,2,3,0,6.55
STU04617,23,Female,Biology,3.4,0.4,Yes,86.0,9.5,Yes,3.64,4,4.3,7.6,Quiet Room,No,3,10,Auditory,1.7,86,UCI_0216,7,11,9,13,11,12,Biology,Data Scientist,3.4577142885838184,1,0,1,9.1
STU04618,21,Other,Psychology,3.9,2.7,No,48.4,6.8,Yes,4.0,7,5.5,9.0,Cafe,Yes,8,6,Auditory,5.2,98,UCI_0216,9,11,9,13,10,10,Psychology,Astronomer,3.608529438681362,1,4,0,10.0
STU04619,27,Other,Psychology,4.3,3.6,No,77.9,8.1,No,3.26,8,1.2,10.9,Cafe,Yes,4,10,Reading,6.7,79,UCI_0216,8,9,10,11,11,11,Psychology,Legal Analyst,4.516715696758325,2,2,1,8.15
STU04620,17,Other,Biology,4.7,4.4,Yes,78.4,6.0,No,3.22,6,2.5,11.8,Library,Yes,1,8,Auditory,3.1,80,UCI_0220,7,7,9,11,14,13,Biology,Nurse,3.308289575221525,0,2,1,8.05
STU04621,18,Male,Engineering,2.1,4.2,No,72.6,6.5,Yes,2.71,2,5.7,8.2,Dorm,No,6,5,Auditory,5.5,68,UCI_0220,7,7,7,13,12,14,Engineering,Quantum Physicist,3.169742803371336,1,1,0,6.78
STU04622,16,Other,Arts,4.8,3.4,Yes,82.9,7.0,No,2.71,3,2.1,9.4,Cafe,Yes,9,10,Reading,7.7,66,UCI_0220,6,8,8,12,14,12,Arts,Doctor,3.192499959,0,2,0,6.78
STU04623,23,Other,Psychology,1.9,3.2,Yes,77.1,9.6,No,3.8,3,6.6,7.9,Co-Learning Group,Yes,6,8,Auditory,1.4,100,UCI_0220,7,8,8,13,13,13,Psychology,Composer,4.093593363544808,2,0,1,9.5
STU04624,21,Male,Business,2.2,1.2,No,56.2,8.8,No,4.0,3,7.9,4.9,Co-Learning Group,Yes,5,8,Visual,4.7,100,UCI_0220,7,7,8,11,12,12,Business,Mechanical Engineer,2.532361680062106,2,3,0,10.0
STU04625,23,Female,Computer Science,3.5198616014953683,1.8,Yes,80.7,6.1,No,4.0,6,7.7,8.8,Library,No,8,10,Kinesthetic,4.1,98,UCI_0220,8,8,8,11,13,13,Computer Science,Web Developer,4.065320965477914,0,1,0,10.0
STU04626,24,Other,Computer Science,1.7411634416486796,2.3,Yes,77.4,7.4,No,4.0,7,3.6,6.0,Dorm,Yes,7,6,Kinesthetic,3.8,99,UCI_0220,7,8,8,12,14,13,Computer Science,Industrial-Organizational Psychologist,3.5551670909357425,0,3,0,10.0
STU04627,27,Other,Business,3.3,2.0,No,77.3,6.2,No,2.5,3,8.2,10.7,Cafe,No,1,10,Visual,1.3,64,UCI_0220,6,8,9,13,14,13,Business,Principal,4.247922210000045,0,2,0,6.25
STU04628,20,Other,Arts,4.1,4.2,Yes,42.9,5.7,No,2.85,5,6.9,13.6,Dorm,No,6,10,Kinesthetic,3.6,73,UCI_0220,6,7,8,13,12,12,Arts,Special Education Teacher,4.222769439,0,0,0,7.12
STU04629,18,Male,Biology,5.4,0.5,No,71.6,4.4,No,3.44,8,6.3,8.9,Cafe,No,9,10,Visual,3.9,90,UCI_0220,6,6,8,11,12,13,Biology,Graphic Designer,2.784161090546929,1,0,0,8.6
STU04630,24,Male,Psychology,4.1,1.1,No,70.6,4.0,No,2.82,5,6.5,5.5,Dorm,No,10,8,Reading,9.6,69,UCI_0220,8,7,7,11,14,13,Psychology,Civil Engineer,3.430427496410908,1,0,0,7.05
STU04631,22,Female,Arts,4.7,0.8,Yes,77.9,8.7,No,4.0,8,5.3,8.9,Co-Learning Group,No,1,9,Auditory,1.4,100,UCI_0220,7,8,8,12,14,12,Arts,Chemist,3.333758509556588,1,4,1,10.0
STU04632,24,Other,Biology,3.9,2.3,No,50.4,8.6,Yes,2.87,1,7.9,10.0,Quiet Room,Yes,3,10,Visual,2.1,66,UCI_0220,7,7,7,11,14,12,Biology,Marketing Manager,4.762889537070855,2,1,0,7.18
STU04633,21,Female,Engineering,2.5,2.2,Yes,62.7,6.6,No,3.21,6,7.0,6.7,Dorm,Yes,6,7,Visual,3.8,88,UCI_0220,7,7,7,11,13,14,Engineering,Fluid Mechanics Engineer,3.837708483607569,2,3,1,8.03
STU04634,17,Female,Business,4.2,3.8,No,99.3,8.2,Yes,4.0,3,4.7,9.7,Dorm,Yes,1,5,Visual,1.9,97,UCI_0220,7,7,8,13,14,12,Business,School Psychologist,4.444574786194057,2,4,1,10.0
STU04635,27,Male,Business,6.2,1.8,Yes,82.0,6.4,Yes,3.58,3,7.1,9.2,Quiet Room,No,4,10,Kinesthetic,2.0,91,UCI_0220,6,8,8,12,13,13,Business,Human Resources Specialist,3.4790121364565603,2,2,1,8.95
STU04636,16,Other,Arts,4.3,1.6,No,88.4,5.6,Yes,2.85,8,8.0,9.3,Library,No,2,8,Auditory,5.3,70,UCI_0220,6,7,9,12,12,12,Arts,Social Media Manager,3.811413686449088,1,3,1,7.12
STU04637,22,Other,Engineering,4.1,5.0,Yes,52.4,5.7,Yes,3.22,5,7.3,13.2,Cafe,No,2,10,Auditory,10.0,77,UCI_0129,13,14,12,8,10,9,Engineering,Dentist,4.611494094,1,2,0,8.05
STU04638,20,Female,Psychology,1.3,1.0,Yes,84.4,6.3,No,4.0,4,5.4,6.0,Co-Learning Group,No,1,5,Visual,2.6,100,UCI_0129,12,13,11,10,10,8,Psychology,Clinical Psychologist,4.511479516231512,1,3,0,10.0
STU04639,19,Other,Arts,4.8,3.4,No,59.6,7.2,Yes,4.0,3,9.2,12.1,Quiet Room,Yes,7,10,Auditory,8.0,100,UCI_0129,13,12,12,8,10,8,Arts,Actuary,2.920191298603281,2,2,0,10.0
STU04640,28,Male,Biology,0.5,4.5,Yes,75.8,7.6,No,3.89,1,4.4,7.0,Quiet Room,No,6,10,Kinesthetic,4.5,100,UCI_0129,14,12,11,10,10,8,Biology,Graphic Designer,4.958107163843589,1,0,0,9.72
STU04641,26,Other,Psychology,0.4,0.3,No,83.4,6.4,No,3.87,6,1.3,2.2,Co-Learning Group,No,10,10,Kinesthetic,4.8,95,UCI_0129,12,14,13,9,8,8,Psychology,Counselor,4.458418088643959,1,0,0,9.68
STU04642,28,Other,Arts,1.8,4.4,Yes,47.0,5.6,No,2.75,6,5.1,6.9,Dorm,Yes,1,10,Kinesthetic,8.5,71,UCI_0129,12,14,11,9,10,8,Arts,Accountant,2.954755504187499,0,1,0,6.88
STU04643,22,Male,Business,4.0,3.4,Yes,77.6,10.1,Yes,2.74,8,7.5,10.6,Library,No,7,10,Visual,6.1,75,UCI_0129,14,14,11,8,8,8,Business,Manager,3.8319347885692463,1,0,1,6.85
STU04644,22,Other,Engineering,4.4,1.6,No,43.8,6.0,No,4.0,6,5.1,7.7,Co-Learning Group,Yes,6,10,Auditory,7.9,98,UCI_0129,12,14,11,8,10,8,Engineering,Biotechnologist,3.989469039378359,0,4,0,10.0
STU04645,22,Female,Engineering,0.8,1.2,No,62.0,7.4,No,4.0,8,4.4,4.5,Cafe,Yes,9,10,Reading,8.3,99,UCI_0129,12,12,13,10,10,10,Engineering,Composer,2.9001155976775967,1,4,1,10.0
STU04646,25,Male,Business,2.0,1.7,No,50.7,8.3,No,3.37,1,4.2,6.7,Library,No,4,6,Visual,6.6,75,UCI_0129,12,13,12,8,10,9,Business,Art Director,3.0926274060294143,0,1,0,8.43
STU04647,27,Other,Engineering,2.2,5.0,Yes,88.3,8.4,Yes,4.0,5,5.7,9.2,Quiet Room,Yes,4,9,Visual,2.2,100,UCI_0129,14,12,13,8,8,9,Engineering,Clinical Psychologist,3.734021248413346,2,2,1,10.0
STU04648,26,Other,Business,0.7,0.9,Yes,68.4,9.2,No,3.72,3,4.0,3.2,Dorm,Yes,4,10,Reading,9.3,99,UCI_0129,12,12,13,9,9,8,Business,AI Researcher,3.5977446218433813,0,2,0,9.3
STU04649,28,Other,Psychology,5.5,0.2,Yes,51.0,5.3,No,2.62,8,7.4,7.1,Co-Learning Group,No,6,9,Auditory,8.4,58,UCI_0129,14,14,13,9,9,8,Psychology,Ecologist,4.086077671033578,0,3,1,6.55
STU04650,23,Male,Business,0.0,0.5,No,78.9,8.2,Yes,3.8,3,2.7,4.0,Co-Learning Group,No,6,10,Kinesthetic,1.8,87,UCI_0129,12,12,12,10,10,8,Business,Web Developer,4.982822306018287,2,2,1,9.5
STU04651,26,Female,Business,5.9,1.7,No,50.9,7.4,Yes,3.79,2,5.3,9.9,Co-Learning Group,No,10,7,Kinesthetic,3.9,98,UCI_0129,12,12,11,9,10,8,Business,Digital Marketing Specialist,2.7868096804382274,0,1,0,9.47
STU04652,26,Male,Computer Science,1.6507979802568675,1.0,Yes,63.5,9.2,Yes,3.28,7,6.9,6.8,Cafe,No,1,8,Reading,4.2,79,UCI_0129,14,13,12,10,10,10,Computer Science,Psychologist,3.025695447560328,2,0,0,8.2
STU04653,23,Male,Business,4.1,2.8,No,44.3,7.2,Yes,4.0,7,7.0,11.0,Co-Learning Group,No,9,7,Visual,1.5,100,UCI_0129,13,12,13,10,10,9,Business,Manager,3.6499786963850136,0,0,1,10.0
STU04654,18,Male,Engineering,2.0,1.4,Yes,96.8,7.5,No,3.32,3,3.5,5.7,Co-Learning Group,Yes,7,5,Reading,6.1,84,UCI_0282,9,8,8,14,12,13,Engineering,Biologist,4.314017744,0,4,1,8.3
STU04655,27,Female,Psychology,1.4,0.5,No,44.8,5.9,Yes,4.0,2,1.0,4.2,Dorm,No,4,9,Auditory,5.0,99,UCI_0282,8,7,8,14,11,14,Psychology,Music Therapist,3.9599547655598144,2,0,0,10.0
STU04656,24,Female,Business,3.6,1.4,No,99.2,5.9,Yes,4.0,4,7.7,8.7,Co-Learning Group,Yes,7,6,Auditory,7.2,100,UCI_0282,9,7,8,15,12,14,Business,Artist,3.249030685970696,0,0,1,10.0
STU04657,23,Female,Biology,4.4,1.2,No,50.7,6.5,Yes,3.7,1,4.5,9.4,Quiet Room,No,6,8,Auditory,1.9,91,UCI_0282,10,8,8,13,13,14,Biology,Civil Engineer,2.789592185568712,1,1,1,9.25
STU04658,25,Male,Arts,4.7,3.6,Yes,96.0,6.8,Yes,3.52,4,1.0,10.3,Library,No,5,6,Reading,8.2,93,UCI_0282,9,7,8,15,11,13,Arts,Music Therapist,3.1082325417763066,1,3,0,8.8
STU04659,27,Male,Psychology,4.3,1.2,No,50.3,7.3,No,3.92,7,1.7,9.3,Dorm,No,8,10,Visual,2.9,98,UCI_0282,9,8,8,15,11,13,Psychology,Doctor,4.113412952632653,2,1,0,9.8
STU04660,21,Other,Business,1.3,4.5,Yes,86.5,7.7,Yes,4.0,8,6.9,8.4,Co-Learning Group,Yes,4,10,Auditory,5.6,96,UCI_0282,10,9,8,15,11,13,Business,Architect,3.049717305093531,2,0,0,10.0
STU04661,26,Female,Biology,7.3,2.8,Yes,55.2,4.2,No,4.0,5,5.1,12.2,Dorm,No,10,5,Visual,6.9,100,UCI_0282,10,8,8,14,12,14,Biology,Fluid Mechanics Engineer,3.086564558782252,0,3,0,10.0
STU04662,26,Other,Business,3.2,1.9,Yes,82.3,6.6,No,3.11,5,8.3,8.8,Dorm,No,10,10,Kinesthetic,8.4,79,UCI_0282,9,7,7,15,12,12,Business,Music Therapist,3.070887152857809,1,0,1,7.77
STU04663,21,Other,Arts,6.4,2.5,No,76.9,8.2,Yes,4.0,1,4.7,12.6,Quiet Room,Yes,10,7,Reading,1.0,94,UCI_0282,8,8,9,13,12,12,Arts,Analytical Chemist,3.665565635571012,1,0,1,10.0
STU04664,17,Female,Computer Science,5.725399808015848,4.0,No,95.5,9.4,Yes,3.93,1,6.3,11.7,Library,Yes,10,10,Reading,6.8,100,UCI_0282,8,9,9,15,12,13,Computer Science,Actuary,3.730225081939667,2,3,0,9.83
STU04665,26,Female,Psychology,7.8,0.1,No,44.9,8.5,Yes,4.0,2,1.7,11.6,Dorm,No,10,10,Visual,2.9,99,UCI_0282,8,9,9,13,12,12,Psychology,Composer,2.9710333160358315,1,1,1,10.0
STU04666,28,Other,Engineering,4.1,4.8,Yes,85.9,6.0,Yes,4.0,8,5.0,12.0,Cafe,Yes,7,10,Visual,3.8,92,UCI_0282,9,7,9,15,13,12,Engineering,Nuclear Physicist,2.8278598370479995,0,4,0,10.0
STU04667,18,Other,Computer Science,5.509332848236356,4.7,No,83.2,7.7,No,4.0,8,6.3,11.4,Dorm,Yes,7,5,Kinesthetic,8.6,100,UCI_0282,9,8,9,13,11,13,Computer Science,Industrial-Organizational Psychologist,3.918066978523295,1,4,1,10.0
STU04668,24,Female,Business,4.0,2.4,No,40.5,5.5,No,3.17,4,10.0,10.8,Dorm,Yes,4,9,Reading,1.6,80,UCI_0282,8,9,9,13,12,13,Business,Composer,3.0612371170359336,0,0,0,7.92
STU04669,23,Female,Engineering,4.8,3.7,Yes,62.9,10.2,Yes,4.0,3,5.3,12.0,Co-Learning Group,No,4,8,Reading,3.5,99,UCI_0282,9,9,9,13,13,14,Engineering,Aerospace Engineer,3.285899307560214,0,2,1,10.0
STU04670,19,Other,Arts,7.0,4.6,No,86.6,4.9,No,4.0,4,3.8,13.1,Library,Yes,9,7,Kinesthetic,9.1,100,UCI_0282,8,7,8,15,13,13,Arts,Mechanical Engineer,2.571484636806453,2,3,1,10.0
STU04671,20,Male,Psychology,8.0,3.6,No,42.1,8.6,Yes,4.0,6,5.5,13.1,Cafe,No,4,10,Reading,4.8,100,UCI_0282,8,7,9,14,12,14,Psychology,Mechanical Engineer,4.821562014946679,1,2,0,10.0
STU04672,25,Other,Business,0.8,1.6,No,83.9,8.1,No,4.0,6,5.0,5.5,Library,Yes,5,9,Reading,5.2,100,UCI_0273,8,8,10,10,13,13,Business,Brand Manager,4.437783308624174,0,0,1,10.0
STU04673,21,Other,Business,3.9,2.7,Yes,58.4,7.9,No,2.89,4,3.3,9.3,Dorm,Yes,9,9,Visual,7.2,74,UCI_0273,8,9,10,11,11,11,Business,Market Research Analyst,3.933638351760388,0,4,0,7.23
STU04674,24,Other,Engineering,1.8,3.5,Yes,97.0,6.9,Yes,4.0,3,5.3,7.9,Quiet Room,Yes,9,6,Reading,5.3,100,UCI_0273,8,8,8,10,13,12,Engineering,Chemist,2.904276111470244,1,3,0,10.0
STU04675,22,Other,Business,2.6,3.0,No,81.0,8.0,Yes,4.0,6,7.2,7.5,Library,No,10,10,Kinesthetic,9.5,100,UCI_0273,8,8,8,10,13,11,Business,Web Developer,4.850022583761661,2,4,0,10.0
STU04676,25,Female,Engineering,3.1,0.4,No,59.7,5.9,Yes,3.01,7,3.2,7.7,Quiet Room,No,3,10,Kinesthetic,2.9,77,UCI_0273,9,9,8,10,11,11,Engineering,Legal Consultant,3.679518115726644,0,2,0,7.52
STU04677,23,Female,Biology,1.7,2.1,No,85.3,7.3,Yes,3.86,6,3.2,6.1,Dorm,Yes,4,10,Visual,8.9,89,UCI_0273,10,10,9,12,13,13,Biology,Architectural Technologist,3.632142966577288,1,0,0,9.65
STU04678,17,Female,Business,6.9,1.2,No,63.0,7.2,Yes,4.0,7,6.7,11.3,Co-Learning Group,Yes,9,8,Kinesthetic,9.3,100,UCI_0273,8,10,9,11,13,12,Business,Physicist,4.572386388404339,2,3,0,10.0
STU04679,26,Male,Psychology,1.4,2.2,Yes,73.9,4.9,Yes,2.45,6,4.1,6.7,Cafe,No,4,10,Kinesthetic,8.6,63,UCI_0273,8,8,8,10,12,13,Psychology,Marketing Manager,3.556266755928988,0,2,1,6.12
STU04680,17,Other,Biology,4.3,3.8,Yes,61.2,7.4,Yes,2.71,7,5.1,10.0,Cafe,No,8,10,Kinesthetic,5.9,77,UCI_0273,9,9,8,11,13,11,Biology,Music Teacher,4.726303476014429,2,4,1,6.78
STU04681,16,Male,Business,6.0,4.9,Yes,41.3,9.8,No,4.0,4,4.7,14.1,Dorm,No,5,8,Reading,9.2,93,UCI_0273,9,10,9,11,11,13,Business,Dentist,2.9416011041809416,0,0,1,10.0
STU04682,16,Male,Engineering,5.1,1.8,No,73.5,7.8,Yes,4.0,3,6.4,9.1,Library,Yes,3,10,Kinesthetic,3.7,99,UCI_0273,9,8,9,12,13,11,Engineering,Legal Analyst,3.2806783585379997,1,4,0,10.0
STU04683,19,Female,Arts,4.2,4.9,No,56.7,7.1,Yes,3.83,6,7.1,10.9,Quiet Room,Yes,7,9,Visual,3.6,87,UCI_0273,9,10,10,11,11,13,Arts,Mechanical Engineer,3.775635204426979,1,4,1,9.57
STU04684,17,Male,Computer Science,3.868909912609371,1.7,Yes,62.8,5.7,Yes,3.29,3,5.6,6.3,Library,No,1,10,Visual,7.3,93,UCI_0273,9,9,10,11,12,11,Computer Science,Legal Secretary,2.714584723819768,1,1,1,8.22
STU04685,23,Female,Psychology,2.9,0.5,Yes,58.3,6.9,Yes,3.85,6,4.7,3.8,Dorm,Yes,10,5,Reading,6.0,100,UCI_0273,10,9,10,10,13,12,Psychology,Aerospace Engineer,3.667685154662608,1,4,1,9.62
STU04686,23,Male,Computer Science,6.717785263,3.4,Yes,64.8,7.4,No,3.8,8,8.2,11.8,Library,No,6,10,Reading,1.9,89,UCI_0273,8,8,8,10,12,13,Computer Science,Nurse,4.304304795653708,0,4,0,9.5
STU04687,25,Female,Engineering,1.8,4.6,No,90.5,5.4,No,2.94,4,4.2,8.9,Cafe,No,1,5,Kinesthetic,3.7,65,UCI_0273,10,10,9,11,11,11,Engineering,Interior Designer,2.7948244224173595,0,0,1,7.35
STU04688,19,Female,Arts,2.4,0.7,Yes,90.9,8.8,Yes,3.12,7,6.1,5.9,Cafe,No,2,6,Kinesthetic,9.5,80,UCI_0273,9,10,8,10,11,11,Arts,Curriculum Developer,4.164288462463572,0,3,0,7.8
STU04689,16,Other,Computer Science,4.1012667243375205,1.8,No,70.5,5.7,Yes,2.92,8,4.1,9.6,Library,No,2,10,Reading,4.5,73,UCI_0280,9,9,9,11,12,12,Computer Science,Financial Analyst,3.10580430479538,2,1,1,7.3
STU04690,21,Male,Business,1.4,4.4,Yes,78.0,6.7,No,3.9,5,4.8,8.2,Dorm,Yes,3,9,Visual,9.1,100,UCI_0280,8,8,8,11,13,11,Business,Industrial-Organizational Psychologist,3.092058673180828,0,4,0,9.75
STU04691,25,Other,Biology,5.5,4.9,Yes,73.4,7.5,Yes,4.0,3,6.1,13.1,Co-Learning Group,No,6,5,Auditory,7.1,100,UCI_0280,8,10,8,12,12,13,Biology,Judge,4.571192385495702,2,1,1,10.0
STU04692,24,Female,Arts,8.5,0.7,No,95.6,7.5,Yes,3.66,4,7.0,12.0,Co-Learning Group,No,2,10,Kinesthetic,2.4,94,UCI_0280,8,8,9,10,11,13,Arts,Electrical Engineer,2.866797572838001,2,1,1,9.15
STU04693,17,Female,Computer Science,3.239016245794325,3.8,No,94.1,9.5,Yes,3.37,6,6.4,7.9,Quiet Room,No,7,8,Auditory,4.4,80,UCI_0280,8,9,10,10,11,12,Computer Science,Accountant,2.9835169146241065,0,2,1,8.43
STU04694,26,Male,Business,6.3,1.9,Yes,84.3,5.3,Yes,4.0,8,4.9,12.3,Co-Learning Group,Yes,3,5,Reading,6.3,98,UCI_0280,8,10,8,10,11,11,Business,Risk Analyst,2.792561267085936,0,2,0,10.0
STU04695,18,Male,Psychology,5.2,0.5,Yes,75.8,8.3,No,3.88,8,5.4,8.3,Dorm,Yes,8,10,Kinesthetic,9.5,100,UCI_0280,8,9,9,11,11,11,Psychology,Music Therapist,4.916617348882779,0,2,0,9.7
STU04696,23,Male,Computer Science,5.536772434061321,3.5,No,44.8,6.9,Yes,4.0,2,4.9,13.3,Cafe,Yes,5,7,Visual,2.2,100,UCI_0280,8,8,10,10,11,12,Computer Science,Electrical Engineer,4.775645536889991,0,0,1,10.0
STU04697,16,Other,Arts,3.3,0.1,No,69.2,9.2,Yes,4.0,5,4.6,7.2,Cafe,Yes,7,10,Reading,9.9,100,UCI_0280,8,9,9,12,11,11,Arts,Judge,2.811967486328782,2,3,1,10.0
STU04698,21,Other,Business,0.5,2.4,Yes,42.0,7.4,No,2.85,3,6.3,4.9,Library,No,4,10,Auditory,7.1,74,UCI_0280,10,9,8,11,12,13,Business,Musician,2.835921224806372,0,3,1,7.12
STU04699,17,Other,Engineering,3.1,0.7,Yes,91.0,5.0,Yes,3.09,4,5.7,5.9,Cafe,Yes,8,5,Visual,3.2,82,UCI_0280,10,9,8,12,11,13,Engineering,Landscape Architect,3.8781593196612856,1,4,1,7.72
STU04700,16,Other,Business,5.7,2.0,No,48.5,5.0,Yes,2.96,3,7.0,10.1,Quiet Room,No,10,9,Visual,7.7,76,UCI_0280,9,9,10,11,12,11,Business,Microbiologist,4.500292805625492,0,1,0,7.4
STU04701,28,Other,Engineering,6.0,3.6,Yes,87.3,4.0,No,3.98,1,4.4,15.1,Cafe,No,8,5,Auditory,5.5,100,UCI_0280,9,8,8,10,12,13,Engineering,Advertising Manager,4.048454688916041,1,3,0,9.95
STU04702,19,Other,Biology,3.0,3.3,Yes,67.4,6.8,No,4.0,7,9.8,8.1,Library,No,7,10,Visual,3.0,100,UCI_0280,8,8,9,10,11,12,Biology,Market Research Analyst,4.404489116244504,0,0,1,10.0
STU04703,26,Other,Psychology,3.4,2.3,No,48.1,5.5,Yes,3.48,8,9.8,8.7,Co-Learning Group,No,1,6,Kinesthetic,5.9,90,UCI_0280,9,8,8,10,13,12,Psychology,Teacher,3.857385714454569,2,3,0,8.7
STU04704,25,Male,Engineering,4.3,3.4,Yes,71.1,9.5,No,4.0,5,1.0,10.1,Quiet Room,No,8,10,Kinesthetic,8.1,100,UCI_0280,10,8,10,10,13,13,Engineering,Aerospace Engineer,4.860228292965659,1,2,1,10.0
STU04705,20,Female,Psychology,2.9,3.3,Yes,72.3,8.2,No,4.0,7,5.3,9.4,Quiet Room,No,8,10,Reading,3.3,98,UCI_0280,9,10,10,12,11,11,Psychology,Electrical Engineer,3.195332932911329,1,1,0,10.0
STU04706,18,Female,Engineering,3.2,5.0,Yes,55.5,5.7,No,2.83,3,4.4,10.6,Cafe,No,4,7,Auditory,6.1,80,UCI_0280,10,10,9,10,12,12,Engineering,Doctor,2.815956318476344,0,0,1,7.08
STU04707,27,Female,Engineering,4.1,4.9,Yes,68.0,6.4,No,4.0,2,4.9,13.1,Library,No,5,5,Reading,8.7,97,UCI_0131,7,8,10,9,11,10,Engineering,Acoustics Specialist,4.791296614556595,2,4,0,10.0
STU04708,25,Male,Engineering,4.4,4.1,Yes,87.1,7.9,Yes,4.0,1,5.1,12.1,Cafe,No,8,9,Reading,2.8,100,UCI_0131,8,9,9,9,10,11,Engineering,Physicist,4.733315612739178,0,0,0,10.0
STU04709,16,Other,Arts,0.2,2.1,Yes,79.1,8.5,Yes,3.74,6,8.0,4.2,Co-Learning Group,Yes,3,6,Visual,6.5,97,UCI_0131,8,7,9,10,10,11,Arts,Entrepreneur,3.387555322,0,1,0,9.35
STU04710,26,Other,Business,3.1,3.3,Yes,71.6,6.0,Yes,3.13,8,2.2,9.6,Library,Yes,1,10,Kinesthetic,4.5,83,UCI_0131,7,8,9,10,11,12,Business,Musician,3.1048802327346414,2,3,1,7.82
STU04711,25,Male,Engineering,3.2,3.2,No,65.4,6.7,No,3.71,2,5.3,7.2,Quiet Room,Yes,7,10,Auditory,6.7,89,UCI_0131,7,9,10,8,11,12,Engineering,Interior Designer,4.062361972104203,2,4,0,9.28
STU04712,27,Female,Engineering,5.3,3.5,No,56.5,6.3,Yes,4.0,1,5.1,11.1,Quiet Room,No,5,6,Auditory,4.7,100,UCI_0131,7,9,8,10,10,12,Engineering,Urban Planner,2.540464685,1,1,0,10.0
STU04713,18,Male,Biology,7.8,4.8,No,49.2,6.6,Yes,4.0,8,9.5,16.7,Library,Yes,5,10,Reading,8.6,100,UCI_0131,7,8,9,9,11,12,Biology,Marketing Specialist,3.774299541011019,1,1,0,10.0
STU04714,27,Male,Psychology,4.2,4.1,No,89.4,5.7,Yes,3.45,8,5.9,9.5,Library,Yes,5,10,Kinesthetic,8.1,95,UCI_0131,6,8,8,8,11,12,Psychology,Social Media Manager,4.030077832537677,0,1,1,8.62
STU04715,19,Other,Business,3.5,1.1,No,58.8,4.0,No,3.53,4,2.3,6.7,Dorm,No,1,5,Reading,8.0,91,UCI_0131,8,8,9,10,9,10,Business,Conductor,4.573824246352059,2,4,1,8.82
STU04716,19,Male,Biology,1.6,1.5,No,75.6,7.9,No,4.0,5,3.7,5.6,Cafe,No,6,8,Kinesthetic,5.6,100,UCI_0131,7,8,9,8,10,12,Biology,Landscape Architect,4.587930942442855,1,2,0,10.0
STU04717,26,Other,Engineering,7.4,2.8,No,86.8,7.3,Yes,4.0,6,7.2,13.2,Cafe,No,8,10,Reading,1.2,99,UCI_0131,6,8,8,8,10,11,Engineering,Forensic Psychologist,3.229242496360154,0,3,1,10.0
STU04718,25,Female,Psychology,6.0,0.5,No,61.5,8.2,No,4.0,6,1.5,9.1,Library,Yes,2,5,Kinesthetic,6.8,91,UCI_0131,7,7,9,8,10,12,Psychology,Investment Banker,4.422308332569629,1,2,0,10.0
STU04719,19,Female,Psychology,0.8,3.2,Yes,67.7,6.9,Yes,4.0,1,5.4,7.8,Cafe,No,4,7,Reading,8.1,98,UCI_0131,7,9,9,10,11,12,Psychology,Fluid Mechanics Engineer,3.839942822765151,1,1,1,10.0
STU04720,24,Female,Arts,3.6,3.9,Yes,53.5,4.5,Yes,3.51,7,6.8,12.1,Library,No,7,8,Visual,9.6,88,UCI_0131,7,7,9,10,10,12,Arts,School Counselor,3.1304151494586883,1,3,0,8.77
STU04721,27,Male,Biology,2.3,1.5,Yes,49.8,5.0,No,2.89,2,4.9,7.4,Quiet Room,Yes,5,10,Kinesthetic,7.4,72,UCI_0131,8,9,9,8,10,11,Biology,Digital Marketing Specialist,2.550485661390181,0,1,1,7.23
STU04722,19,Female,Computer Science,3.871988885039233,4.8,No,79.5,8.3,No,4.0,7,9.0,13.5,Co-Learning Group,Yes,2,10,Kinesthetic,2.2,96,UCI_0131,8,7,8,8,10,10,Computer Science,Sound Engineer,3.611750731848777,2,0,1,10.0
STU04723,17,Male,Computer Science,5.058373297,0.6,No,92.0,9.3,No,3.33,3,4.2,10.0,Dorm,Yes,5,6,Reading,8.8,79,UCI_0131,7,7,10,9,11,11,Computer Science,Physical Chemist,2.9266777847601126,2,4,0,8.32
STU04724,25,Other,Computer Science,5.519438637707624,3.0,No,96.1,6.6,Yes,4.0,8,2.3,12.9,Library,No,8,6,Visual,7.7,100,UCI_0195,8,9,10,11,10,10,Computer Science,Brand Manager,2.621704528462556,0,0,1,10.0
STU04725,21,Male,Biology,2.2,1.5,No,88.1,4.4,Yes,4.0,6,2.2,6.8,Cafe,Yes,6,9,Reading,5.2,100,UCI_0195,7,8,11,11,11,11,Biology,Credit Analyst,3.853168621850768,1,0,1,10.0
STU04726,19,Male,Computer Science,5.580701096,2.1,Yes,94.5,5.7,Yes,4.0,1,4.1,10.8,Co-Learning Group,Yes,6,10,Reading,5.2,98,UCI_0195,8,9,9,10,9,9,Computer Science,Chemical Engineer,4.130144982918273,1,3,1,10.0
STU04727,26,Female,Biology,5.2,3.3,Yes,82.1,7.7,No,4.0,2,4.3,8.6,Co-Learning Group,No,2,9,Visual,3.6,95,UCI_0195,8,10,10,11,11,11,Biology,Principal,4.415277449,1,2,0,10.0
STU04728,18,Female,Biology,4.0,4.9,Yes,98.7,4.0,No,3.97,4,4.9,13.6,Cafe,No,4,10,Auditory,9.0,97,UCI_0195,7,8,10,10,9,10,Biology,Dentist,3.147399352270246,2,4,1,9.93
STU04729,27,Male,Business,3.0,2.5,No,51.6,8.4,Yes,3.49,3,5.5,8.2,Library,Yes,3,10,Auditory,1.3,84,UCI_0195,8,8,9,12,10,10,Business,Conductor,4.609981755408819,1,4,1,8.73
STU04730,23,Male,Biology,3.9,4.8,Yes,91.7,6.4,No,3.92,7,4.7,12.8,Library,No,3,10,Auditory,3.1,98,UCI_0195,7,8,10,10,9,11,Biology,Art Therapist,3.55080291590868,2,0,1,9.8
STU04731,20,Other,Arts,3.9,1.0,No,66.9,8.9,Yes,3.3,8,5.9,9.7,Cafe,Yes,9,7,Auditory,8.7,80,UCI_0195,9,9,9,10,10,11,Arts,Lawyer,4.423516239,2,0,1,8.25
STU04732,27,Female,Engineering,2.2,1.3,Yes,55.4,5.8,No,2.58,6,2.2,5.5,Cafe,No,1,9,Auditory,4.6,60,UCI_0195,8,9,9,10,9,10,Engineering,Human Resources Specialist,4.7716486593096334,0,1,0,6.45
STU04733,20,Other,Computer Science,0.0,2.5,No,97.1,7.6,No,2.99,3,1.3,6.3,Dorm,No,2,10,Kinesthetic,4.6,73,UCI_0195,7,8,10,11,11,10,Computer Science,Pharmacist,3.585599334970814,2,1,1,7.48
STU04734,28,Female,Biology,3.4,4.1,Yes,75.9,7.9,Yes,3.57,3,3.6,8.3,Library,Yes,5,7,Auditory,8.9,95,UCI_0195,7,10,11,12,11,10,Biology,Risk Analyst,4.1731199352386605,2,2,1,8.92
STU04735,26,Other,Arts,2.9,0.8,Yes,93.9,4.8,Yes,2.73,5,4.3,7.2,Cafe,Yes,8,10,Auditory,9.4,71,UCI_0195,9,10,10,12,11,11,Arts,Social Media Manager,3.811413686449088,1,3,1,6.83
STU04736,22,Female,Psychology,6.7,3.2,No,49.4,6.1,No,3.64,4,5.6,14.5,Quiet Room,Yes,4,9,Visual,6.7,87,UCI_0195,8,9,11,12,9,9,Psychology,Doctor,4.0403756355849465,1,0,0,9.1
STU04737,22,Male,Computer Science,5.987409851285234,4.9,No,98.9,4.9,No,3.56,8,7.2,15.3,Library,Yes,1,7,Auditory,5.6,85,UCI_0195,9,8,11,10,11,11,Computer Science,Social Media Manager,4.023980418128779,0,4,1,8.9
STU04738,27,Female,Psychology,4.3,2.7,No,82.7,4.2,No,3.42,3,6.9,8.7,Library,Yes,3,5,Reading,7.0,79,UCI_0195,7,8,11,10,9,11,Psychology,Legal Analyst,4.914896375694694,2,0,0,8.55
STU04739,25,Female,Business,6.5,2.6,No,43.4,9.9,No,3.91,2,4.4,11.8,Co-Learning Group,Yes,9,10,Kinesthetic,8.3,93,UCI_0195,9,8,10,11,10,10,Business,Teacher,3.195368660654218,0,1,1,9.78
STU04740,21,Female,Business,3.6,4.5,Yes,50.8,7.6,No,2.7,5,8.8,11.0,Quiet Room,No,7,10,Auditory,1.9,76,UCI_0195,8,8,9,12,9,11,Business,Art Therapist,4.416118675158042,2,3,1,6.75
STU04741,20,Male,Psychology,2.9,3.3,Yes,47.1,6.9,No,2.65,7,4.3,8.2,Dorm,No,7,9,Reading,4.8,74,UCI_0195,7,10,10,12,11,10,Psychology,Conductor,3.184871047487883,0,2,1,6.62
STU04742,16,Other,Engineering,5.4,1.5,No,89.4,8.1,Yes,3.59,7,6.3,9.9,Dorm,Yes,1,10,Kinesthetic,6.8,96,UCI_0194,7,8,8,10,11,12,Engineering,Teacher,3.2267695431117165,0,1,1,8.97
STU04743,26,Other,Engineering,4.9,4.0,Yes,60.2,7.4,Yes,2.9,4,7.2,10.8,Co-Learning Group,No,1,8,Kinesthetic,8.8,83,UCI_0194,8,8,9,11,12,13,Engineering,School Psychologist,3.435443378454978,1,2,1,7.25
STU04744,17,Female,Biology,4.3,0.4,No,93.5,7.0,No,4.0,4,6.9,8.3,Co-Learning Group,No,8,10,Visual,5.4,100,UCI_0194,7,7,8,9,11,13,Biology,Risk Analyst,2.6640168291978057,0,1,0,10.0
STU04745,22,Male,Computer Science,6.446160608106952,3.7,Yes,42.7,5.4,No,3.26,6,4.0,14.0,Dorm,No,2,10,Kinesthetic,7.5,80,UCI_0194,6,9,8,9,12,11,Computer Science,Electrical Engineer,3.142366272628376,2,1,1,8.15
STU04746,27,Female,Engineering,4.2,4.9,Yes,48.4,5.1,Yes,3.28,4,4.1,12.7,Quiet Room,Yes,7,10,Reading,9.7,82,UCI_0194,7,8,9,10,10,12,Engineering,Construction Manager,3.267686371373522,2,4,0,8.2
STU04747,21,Other,Biology,0.5,2.2,No,58.0,7.8,Yes,3.04,7,4.1,5.2,Quiet Room,No,5,7,Reading,2.5,78,UCI_0194,8,9,7,10,12,11,Biology,Fluid Mechanics Engineer,3.5613173083902376,0,3,0,7.6
STU04748,25,Other,Business,3.4,2.1,No,68.5,5.5,Yes,3.64,8,3.8,7.5,Cafe,Yes,4,5,Visual,7.8,91,UCI_0194,6,9,8,10,11,12,Business,Dentist,3.711641743203363,2,2,0,9.1
STU04749,18,Female,Computer Science,7.018385895818699,1.7,No,60.2,7.3,Yes,4.0,1,7.5,10.6,Library,Yes,4,6,Reading,8.1,100,UCI_0194,6,9,8,10,10,11,Computer Science,Judge,4.388289850881865,0,2,0,10.0
STU04750,26,Female,Business,6.3,0.2,No,65.6,6.1,Yes,4.0,4,8.6,8.7,Cafe,No,6,6,Kinesthetic,4.1,100,UCI_0194,7,7,9,11,10,11,Business,Microbiologist,3.200687286349245,1,0,0,10.0
STU04751,24,Male,Computer Science,9.146419104,4.8,Yes,97.0,7.9,Yes,3.64,4,3.4,16.3,Library,No,10,10,Kinesthetic,2.8,92,UCI_0194,7,7,9,9,11,11,Computer Science,Teacher,2.8925329824907697,1,0,0,9.1
STU04752,22,Other,Arts,3.9,1.3,No,67.4,8.1,Yes,3.16,6,5.1,9.0,Cafe,No,1,7,Visual,1.4,75,UCI_0194,8,7,8,11,11,11,Arts,Psychologist,4.447841497230067,0,0,1,7.9
STU04753,16,Female,Engineering,3.1,0.7,Yes,40.9,5.9,Yes,4.0,8,2.6,8.4,Library,Yes,4,9,Kinesthetic,9.7,92,UCI_0194,8,9,8,9,12,11,Engineering,Animator,4.246823218462092,2,1,1,10.0
STU04754,25,Female,Psychology,3.1,2.1,Yes,60.0,7.8,No,3.03,3,1.8,6.5,Library,Yes,2,10,Visual,2.3,69,UCI_0194,8,9,7,11,12,11,Psychology,Investment Banker,3.178512414956612,1,1,0,7.57
STU04755,22,Other,Biology,3.6,4.8,No,46.0,8.6,Yes,3.66,5,7.4,11.1,Library,Yes,7,10,Visual,6.8,88,UCI_0194,7,8,8,10,12,12,Biology,Chemist,3.5330164005301614,0,1,0,9.15
STU04756,24,Female,Biology,0.6,0.5,No,75.6,8.3,Yes,3.59,2,5.6,2.5,Library,No,7,9,Auditory,6.5,87,UCI_0194,8,8,8,9,10,12,Biology,Mechanical Engineer,3.430230131735787,1,1,0,8.97
STU04757,22,Male,Business,3.6,2.9,No,65.6,8.6,No,3.12,2,4.9,8.7,Dorm,Yes,3,10,Kinesthetic,1.0,69,UCI_0194,6,9,7,9,12,11,Business,School Psychologist,2.950873855899998,2,0,0,7.8
STU04758,20,Female,Biology,4.1,3.6,Yes,96.4,5.2,Yes,3.51,1,5.9,11.3,Library,Yes,7,9,Visual,4.9,90,UCI_0194,6,7,9,11,10,12,Biology,Investment Banker,3.909622597891912,2,1,1,8.77
STU04759,28,Other,Engineering,2.1,4.6,Yes,91.8,7.1,No,2.6,2,4.3,9.0,Co-Learning Group,No,7,10,Visual,5.2,51,UCI_0194,7,9,8,10,11,11,Engineering,Education Administrator,4.719748023831608,1,4,0,6.5
STU04760,20,Female,Computer Science,5.055072110220722,4.9,No,74.6,11.3,No,3.56,8,6.8,13.3,Library,Yes,8,6,Visual,2.9,90,UCI_0212,8,8,8,12,12,12,Computer Science,Investment Banker,3.0127274945211377,2,3,1,8.9
STU04761,17,Female,Business,6.8,3.2,Yes,73.7,7.4,No,4.0,3,5.8,13.1,Co-Learning Group,No,7,5,Kinesthetic,7.0,100,UCI_0212,8,8,9,12,13,12,Business,AI Researcher,3.5977446218433813,0,2,0,10.0
STU04762,17,Male,Business,2.9,3.7,Yes,94.6,7.4,No,3.9,1,4.9,11.7,Library,Yes,2,10,Auditory,6.8,96,UCI_0212,9,7,9,11,12,12,Business,Music Therapist,3.146466915752025,1,0,0,9.75
STU04763,26,Other,Engineering,2.7,4.5,No,84.8,7.2,Yes,4.0,2,5.6,9.8,Cafe,No,5,8,Kinesthetic,3.8,100,UCI_0212,9,8,9,12,12,11,Engineering,Advertising Manager,3.377170812717666,0,3,1,10.0
STU04764,28,Other,Engineering,2.0,3.8,No,64.0,6.2,No,4.0,6,1.7,9.6,Co-Learning Group,No,3,9,Kinesthetic,2.6,100,UCI_0212,7,7,9,12,12,12,Engineering,Digital Marketing Specialist,4.937708152027163,0,3,1,10.0
STU04765,25,Female,Psychology,0.2,1.9,Yes,60.2,7.9,No,3.32,3,4.3,2.8,Cafe,No,6,8,Auditory,2.9,87,UCI_0212,8,9,8,12,12,12,Psychology,Fluid Mechanics Engineer,3.839942822765151,1,1,1,8.3
STU04766,16,Female,Computer Science,3.3378266192325303,2.9,Yes,75.0,8.0,No,4.0,6,4.5,10.5,Co-Learning Group,No,5,10,Visual,5.2,100,UCI_0212,8,7,9,12,12,12,Computer Science,Organic Chemist,4.055996189040227,2,3,0,10.0
STU04767,16,Female,Computer Science,2.218940168346726,2.3,Yes,58.8,7.4,No,4.0,2,6.2,9.9,Co-Learning Group,No,4,10,Kinesthetic,1.4,100,UCI_0212,7,8,8,13,13,12,Computer Science,Investment Banker,4.615389871943564,1,2,1,10.0
STU04768,19,Male,Computer Science,3.829271983105734,2.5,No,90.4,6.1,Yes,4.0,5,4.5,8.1,Co-Learning Group,Yes,6,10,Reading,4.4,92,UCI_0212,8,8,8,13,12,13,Computer Science,Graphic Designer,4.338350168,2,2,1,10.0
STU04769,27,Other,Biology,6.3,2.5,No,56.2,4.8,Yes,3.29,1,5.5,14.2,Library,Yes,3,8,Visual,3.0,74,UCI_0212,8,8,9,12,11,11,Biology,Organic Chemist,3.290976930282275,1,4,0,8.22
STU04770,16,Female,Engineering,3.1,4.9,No,88.6,8.6,No,4.0,7,5.0,10.9,Cafe,Yes,5,7,Kinesthetic,5.5,100,UCI_0212,8,8,8,13,11,11,Engineering,Nurse,2.7537382498680056,1,3,1,10.0
STU04771,26,Female,Computer Science,5.453426548721708,4.2,Yes,66.1,9.3,No,3.69,5,5.7,14.8,Dorm,Yes,9,6,Reading,8.7,92,UCI_0212,8,7,8,11,13,13,Computer Science,Physician Assistant,4.7113369635715685,2,2,0,9.22
STU04772,25,Male,Engineering,6.4,1.0,Yes,59.8,8.4,No,4.0,7,6.0,11.7,Co-Learning Group,No,1,8,Visual,8.0,100,UCI_0212,7,7,9,12,13,12,Engineering,Musician,4.265708651,2,1,0,10.0
STU04773,22,Other,Engineering,3.8,3.5,No,65.9,8.0,Yes,4.0,6,4.0,8.2,Co-Learning Group,No,3,6,Visual,8.7,100,UCI_0212,8,8,8,13,13,13,Engineering,Mechanical Engineer,3.366024482311816,2,2,0,10.0
STU04774,26,Male,Computer Science,7.117608666000084,3.4,Yes,87.9,6.5,No,4.0,4,6.3,13.5,Library,No,6,7,Visual,4.8,94,UCI_0212,9,7,8,13,12,12,Computer Science,Investment Banker,3.9348414103394274,0,1,1,10.0
STU04775,21,Other,Computer Science,5.871348315535609,1.7,No,95.4,5.6,Yes,3.28,5,1.7,10.8,Dorm,Yes,2,10,Kinesthetic,4.7,83,UCI_0212,7,7,9,11,12,12,Computer Science,Financial Analyst,4.128289413233196,1,3,1,8.2
STU04776,18,Other,Business,4.7,2.9,No,74.0,7.3,Yes,4.0,3,3.1,10.3,Co-Learning Group,No,7,10,Kinesthetic,4.8,97,UCI_0212,9,9,8,11,12,13,Business,Architectural Technologist,3.2710197104495395,2,1,1,10.0
STU04777,17,Other,Business,4.8,4.2,No,80.5,5.8,Yes,3.21,3,2.9,13.6,Quiet Room,Yes,6,10,Kinesthetic,6.0,81,UCI_0212,8,8,9,12,12,12,Business,Zoologist,4.935798893080337,2,3,1,8.03
STU04778,18,Female,Biology,3.3,0.4,Yes,84.7,4.5,No,4.0,8,6.8,5.5,Library,Yes,1,5,Reading,7.5,100,UCI_0360,11,10,10,10,10,10,Biology,Entrepreneur,2.505106671379928,0,3,0,10.0
STU04779,24,Male,Biology,5.9,4.0,No,60.2,7.0,No,3.63,8,1.5,11.5,Co-Learning Group,Yes,1,7,Auditory,2.8,96,UCI_0360,12,10,9,10,11,11,Biology,Landscape Architect,3.034652481,2,1,0,9.07
STU04780,25,Male,Engineering,6.1,1.7,Yes,98.3,5.7,Yes,3.54,1,5.2,11.8,Dorm,No,10,10,Reading,4.3,86,UCI_0360,12,11,11,10,10,10,Engineering,Animator,4.246823218462092,2,1,1,8.85
STU04781,17,Female,Engineering,4.4,2.3,Yes,81.7,6.5,Yes,3.37,2,8.0,10.4,Library,No,1,10,Visual,9.7,83,UCI_0360,12,10,9,9,9,10,Engineering,Animator,2.8230654884352093,2,0,1,8.43
STU04782,22,Other,Psychology,5.0,3.0,Yes,50.2,4.0,No,3.92,3,7.3,9.5,Quiet Room,Yes,7,10,Reading,7.6,92,UCI_0360,12,11,11,11,9,11,Psychology,Analytical Chemist,2.9151266406169976,0,2,0,9.8
STU04783,16,Male,Engineering,0.3,4.6,Yes,65.3,8.7,Yes,2.3,6,7.9,8.9,Cafe,No,1,10,Visual,5.4,60,UCI_0072,10,10,10,11,9,10,Engineering,Software Developer,4.501043198903908,1,4,1,5.75
STU04784,21,Female,Arts,4.8,1.7,Yes,77.1,6.5,Yes,3.55,2,3.7,9.6,Co-Learning Group,Yes,5,9,Reading,7.8,87,UCI_0360,12,10,9,11,9,11,Arts,Astronomer,3.549428788417192,1,0,1,8.88
STU04785,24,Female,Computer Science,1.8208002808483623,2.2,Yes,74.0,7.8,No,3.66,3,2.8,5.5,Co-Learning Group,No,7,6,Reading,3.7,93,UCI_0360,12,11,10,11,11,11,Computer Science,Industrial-Organizational Psychologist,3.5551670909357425,0,3,0,9.15
STU04786,16,Male,Business,5.5,4.1,No,57.4,4.0,Yes,3.18,6,1.2,12.6,Cafe,Yes,4,10,Visual,8.8,78,UCI_0360,11,10,11,9,9,10,Business,Risk Analyst,4.977042216,1,0,0,7.95
STU04787,18,Male,Engineering,3.9,3.5,No,57.6,8.6,No,3.53,8,4.0,10.8,Co-Learning Group,Yes,4,10,Reading,5.1,84,UCI_0360,11,11,11,9,9,11,Engineering,Curriculum Developer,4.034449406494459,2,3,1,8.82
STU04788,21,Female,Psychology,0.0,4.7,No,88.3,6.9,No,3.31,4,4.5,9.9,Cafe,No,1,10,Reading,8.8,84,UCI_0360,11,9,10,11,10,10,Psychology,Musician,3.633936492963229,2,0,1,8.28
STU04789,28,Other,Engineering,5.0,1.3,Yes,45.8,8.2,No,4.0,8,1.6,10.5,Quiet Room,No,3,7,Reading,7.9,99,UCI_0360,11,11,10,11,11,10,Engineering,Art Director,2.9372905386593744,1,0,1,10.0
STU04790,18,Female,Engineering,5.4,2.2,Yes,67.4,7.9,Yes,3.59,3,1.8,11.3,Cafe,Yes,9,10,Kinesthetic,4.2,92,UCI_0360,11,11,9,9,9,11,Engineering,Marketing Manager,3.902235673838013,0,4,1,8.97
STU04791,19,Other,Biology,4.0,1.9,Yes,74.5,5.9,No,4.0,5,6.7,8.9,Quiet Room,No,8,6,Kinesthetic,8.9,100,UCI_0360,12,11,9,9,9,9,Biology,Education Administrator,3.676602316093753,0,3,0,10.0
STU04792,27,Male,Business,6.0,0.1,No,43.7,8.2,Yes,3.24,2,3.1,9.5,Library,Yes,6,10,Auditory,4.1,69,UCI_0360,10,10,11,9,11,11,Business,Actuary,4.069587281552151,1,0,1,8.1
STU04793,25,Female,Psychology,3.3,3.7,Yes,55.4,4.1,No,4.0,4,3.9,8.9,Cafe,Yes,4,10,Visual,4.4,100,UCI_0360,10,9,10,11,11,11,Psychology,Interior Designer,3.765663576030154,0,3,0,10.0
STU04794,28,Other,Computer Science,8.163711107238953,1.7,Yes,58.2,7.2,No,3.67,5,3.5,11.1,Quiet Room,Yes,2,10,Visual,8.6,88,UCI_0360,10,11,11,10,9,9,Computer Science,Conductor,3.0838481303121705,0,3,1,9.18
STU04795,20,Male,Engineering,4.3,1.6,No,48.6,5.7,No,3.69,5,1.0,7.7,Library,Yes,9,10,Kinesthetic,8.2,100,UCI_0360,10,11,9,11,9,11,Engineering,Web Developer,4.805282155,0,4,1,9.22
STU04796,21,Other,Engineering,2.3,1.2,No,55.8,5.5,No,4.0,8,3.2,6.9,Quiet Room,Yes,1,7,Kinesthetic,4.6,100,UCI_0360,12,10,10,9,9,11,Engineering,Acoustics Specialist,2.756981957208264,0,1,0,10.0
STU04797,23,Male,Business,7.5,0.8,Yes,66.7,8.1,Yes,4.0,4,5.5,12.5,Co-Learning Group,No,3,10,Auditory,6.6,100,UCI_0254,7,10,10,9,11,10,Business,Acoustics Specialist,3.1643988481210528,2,3,1,10.0
STU04798,17,Female,Business,0.0,4.6,No,55.7,8.0,Yes,4.0,6,5.3,8.8,Quiet Room,Yes,2,5,Visual,8.3,97,UCI_0254,8,11,10,8,10,11,Business,Clinical Psychologist,2.997351467401187,1,0,0,10.0
STU04799,19,Male,Arts,2.1,1.4,No,55.2,8.0,No,4.0,1,8.0,7.1,Library,No,4,6,Kinesthetic,3.6,98,UCI_0254,6,9,9,9,12,10,Arts,Animator,4.771253320119147,0,1,1,10.0
STU04800,26,Other,Arts,4.4,2.9,Yes,91.6,6.8,Yes,3.54,5,9.0,10.7,Dorm,No,1,10,Reading,5.7,83,UCI_0254,8,10,11,8,11,9,Arts,Counselor,3.326037086508028,1,2,0,8.85
STU04801,27,Female,Engineering,5.6,0.2,No,94.5,9.7,Yes,4.0,8,2.8,7.4,Library,Yes,8,10,Reading,3.9,100,UCI_0254,8,10,9,8,11,10,Engineering,Accountant,4.881622636171698,2,3,1,10.0
STU04802,20,Other,Psychology,1.9,3.9,No,70.4,5.5,Yes,3.75,3,5.9,10.6,Quiet Room,Yes,2,8,Reading,9.4,94,UCI_0254,6,10,11,10,10,11,Psychology,Physicist,3.879278162209014,1,4,1,9.38
STU04803,26,Other,Engineering,5.4,2.6,Yes,51.4,5.3,Yes,4.0,6,4.1,11.6,Dorm,Yes,9,10,Auditory,3.9,100,UCI_0254,8,9,9,8,12,11,Engineering,Nurse,2.7537382498680056,1,3,1,10.0
STU04804,17,Male,Psychology,5.6,3.6,Yes,81.9,5.8,Yes,4.0,3,1.0,13.4,Cafe,Yes,3,10,Reading,5.7,99,UCI_0254,7,11,10,10,12,11,Psychology,Social Media Manager,4.662845483,0,4,0,10.0
STU04805,17,Other,Arts,5.4,3.2,No,77.9,8.3,No,3.26,5,6.1,11.0,Cafe,No,10,10,Reading,5.5,77,UCI_0254,7,10,9,10,10,10,Arts,Game Developer,3.421604509245557,1,4,1,8.15
STU04806,20,Male,Business,2.9,2.0,No,64.2,5.0,Yes,4.0,2,7.3,7.7,Cafe,No,6,7,Visual,9.6,100,UCI_0254,7,11,11,10,12,11,Business,Financial Analyst,4.4267812001498505,2,3,0,10.0
STU04807,28,Other,Engineering,2.2,3.9,No,64.9,6.2,No,3.98,5,4.1,8.0,Library,Yes,5,10,Visual,8.7,100,UCI_0254,7,10,11,9,11,9,Engineering,Web Developer,4.805282155,0,4,1,9.95
STU04808,24,Male,Psychology,4.9,2.2,Yes,76.2,6.1,Yes,4.0,6,4.6,10.6,Quiet Room,No,8,5,Kinesthetic,5.2,100,UCI_0254,7,10,9,10,12,11,Psychology,Analytical Chemist,2.9169910236137766,0,2,1,10.0
STU04809,23,Other,Engineering,1.7,2.4,No,63.1,6.0,No,4.0,2,4.5,7.0,Quiet Room,Yes,1,10,Reading,8.3,91,UCI_0254,6,9,9,10,12,10,Engineering,Art Therapist,3.058168834577157,2,0,0,10.0
STU04810,26,Other,Arts,5.1,0.2,Yes,68.4,6.5,Yes,3.47,4,6.5,8.9,Cafe,Yes,2,9,Auditory,3.8,86,UCI_0254,6,10,11,9,10,10,Arts,Quantum Physicist,3.7651617384694336,1,3,1,8.68
STU04811,22,Male,Psychology,2.3,3.5,Yes,66.5,5.2,Yes,2.82,8,6.3,9.2,Library,Yes,10,10,Auditory,7.4,77,UCI_0254,8,11,10,10,10,11,Psychology,Organic Chemist,3.773601506210994,2,3,0,7.05
STU04812,28,Male,Psychology,6.2,2.8,No,52.2,8.6,Yes,2.92,3,5.7,12.5,Quiet Room,No,2,10,Visual,5.7,70,UCI_0254,6,10,10,10,10,9,Psychology,Interior Designer,4.195699964,1,4,0,7.3
STU04813,26,Other,Business,1.6,5.0,Yes,65.3,5.1,No,4.0,1,4.5,7.5,Quiet Room,Yes,8,10,Kinesthetic,6.8,97,UCI_0254,8,10,11,9,11,11,Business,Art Director,3.717840821273768,2,1,1,10.0
STU04814,16,Other,Computer Science,6.4451655693771,4.9,No,65.0,5.5,Yes,4.0,3,6.2,12.3,Cafe,Yes,9,8,Kinesthetic,7.3,98,UCI_0254,8,11,11,8,10,11,Computer Science,Biotechnologist,3.545681783297157,1,2,1,10.0
STU04815,17,Male,Arts,2.0,4.8,Yes,93.1,9.3,No,3.21,1,7.5,10.2,Co-Learning Group,Yes,2,6,Kinesthetic,5.7,77,UCI_0256,8,8,7,14,13,13,Arts,Chemical Engineer,3.6330438980664974,2,0,0,8.03
STU04816,18,Other,Psychology,5.7,3.5,No,96.4,8.3,Yes,4.0,6,6.1,11.2,Library,No,5,5,Visual,6.9,100,UCI_0256,9,10,8,15,14,13,Psychology,Quantum Physicist,3.941257608796531,1,3,1,10.0
STU04817,17,Other,Business,2.1,4.2,No,88.2,6.0,Yes,4.0,1,6.8,9.0,Dorm,Yes,3,9,Reading,5.6,100,UCI_0256,9,9,9,13,14,12,Business,Judge,2.645028261023705,2,3,0,10.0
STU04818,24,Female,Engineering,6.2,3.6,Yes,70.9,7.4,Yes,4.0,3,6.9,14.8,Co-Learning Group,No,7,6,Visual,2.5,97,UCI_0256,9,8,8,15,13,12,Engineering,Biologist,3.667040285773336,2,1,1,10.0
STU04819,17,Other,Engineering,1.7,3.0,No,85.2,6.5,Yes,2.57,5,4.6,8.8,Dorm,Yes,8,10,Visual,9.5,61,UCI_0256,8,10,8,15,13,13,Engineering,Biotechnologist,3.989469039378359,0,4,0,6.42
STU04820,21,Female,Psychology,3.4,1.0,Yes,87.9,5.9,Yes,2.97,2,6.1,8.7,Co-Learning Group,Yes,6,10,Auditory,1.7,82,UCI_0256,7,9,7,13,14,12,Psychology,Quantum Physicist,3.6492556802427982,0,2,1,7.43
STU04821,17,Male,Business,1.0,2.4,No,72.0,7.1,No,3.97,7,7.6,5.8,Co-Learning Group,Yes,8,9,Kinesthetic,5.1,100,UCI_0256,7,9,8,13,14,12,Business,Art Director,2.852179223684222,0,3,0,9.93
STU04822,17,Other,Biology,0.0,0.7,No,52.9,4.5,No,3.54,4,4.9,2.2,Dorm,No,10,10,Visual,1.5,95,UCI_0256,8,8,9,13,13,13,Biology,Biotechnologist,3.2861426408080137,1,1,1,8.85
STU04823,18,Other,Biology,5.4,3.6,No,75.6,6.8,Yes,4.0,3,6.2,10.3,Library,Yes,2,10,Reading,8.1,100,UCI_0256,8,9,8,14,12,12,Biology,Principal,3.906227519871636,0,0,0,10.0
STU04824,17,Male,Biology,7.8,1.8,No,48.1,4.9,Yes,3.79,8,4.8,14.9,Co-Learning Group,No,4,7,Auditory,3.0,90,UCI_0256,8,10,8,15,12,12,Biology,Judge,2.8341054669030985,0,4,1,9.47
STU04825,19,Male,Biology,6.5,1.6,No,69.2,4.7,Yes,3.2,1,6.8,10.2,Library,Yes,6,7,Auditory,9.0,78,UCI_0256,8,10,8,15,12,13,Biology,Acoustics Specialist,4.513730119311424,0,1,1,8.0
STU04826,27,Other,Arts,5.0,1.2,No,91.5,5.9,Yes,4.0,8,4.7,9.8,Cafe,No,2,5,Kinesthetic,3.4,100,UCI_0256,8,9,9,13,13,11,Arts,Credit Analyst,3.679800274152736,1,4,1,10.0
STU04827,25,Male,Engineering,3.6,0.3,Yes,90.8,9.1,Yes,3.71,4,7.8,6.8,Cafe,No,4,5,Auditory,1.5,88,UCI_0256,7,9,9,13,13,12,Engineering,Financial Controller,3.020116013111011,1,4,1,9.28
STU04828,19,Male,Biology,3.9,4.2,No,67.4,7.3,Yes,4.0,5,1.6,13.8,Quiet Room,No,3,6,Kinesthetic,5.0,99,UCI_0256,9,9,8,14,13,12,Biology,Aerospace Engineer,4.02624117360662,0,3,0,10.0
STU04829,21,Female,Business,4.6,0.4,No,89.4,7.1,No,4.0,4,1.0,7.5,Cafe,No,10,9,Visual,6.2,100,UCI_0256,7,8,9,14,13,12,Business,Legal Analyst,4.231417607010806,2,0,1,10.0
STU04830,17,Female,Psychology,5.2,3.0,No,52.6,7.7,No,4.0,5,3.0,13.1,Dorm,Yes,3,10,Visual,7.7,96,UCI_0256,9,10,8,13,14,11,Psychology,Cybersecurity Analyst,3.947128679720315,0,4,1,10.0
STU04831,16,Other,Computer Science,5.6996517213560525,0.9,Yes,85.5,9.3,No,4.0,4,5.3,11.6,Cafe,Yes,9,10,Reading,1.8,100,UCI_0256,7,8,8,14,12,11,Computer Science,Financial Advisor,4.108592929427637,2,4,0,10.0
STU04832,19,Male,Psychology,0.0,3.5,Yes,78.8,7.1,No,4.0,3,4.8,5.4,Library,Yes,7,6,Visual,9.9,99,UCI_0144,9,9,9,12,11,11,Psychology,Paralegal,2.846715458,1,3,1,10.0
STU04833,18,Male,Arts,6.1,3.7,No,85.8,6.0,No,4.0,1,8.0,15.7,Library,Yes,2,10,Reading,5.2,100,UCI_0144,8,9,8,12,11,12,Arts,Music Therapist,3.5171573319162808,0,3,1,10.0
STU04834,21,Female,Engineering,2.3,0.2,Yes,86.6,4.3,No,3.21,7,4.8,6.1,Quiet Room,Yes,1,10,Kinesthetic,2.7,81,UCI_0144,10,9,9,11,11,11,Engineering,Industrial-Organizational Psychologist,2.5621285225658794,2,2,0,8.03
STU04835,23,Female,Computer Science,4.549154126,1.3,No,86.4,9.6,No,3.09,3,5.5,10.8,Library,No,8,10,Kinesthetic,3.5,77,UCI_0144,8,10,8,11,12,12,Computer Science,Art Therapist,2.5841469169994107,2,4,1,7.72
STU04836,19,Other,Computer Science,4.239453870446408,0.3,Yes,67.1,6.7,Yes,4.0,1,5.2,7.5,Library,Yes,10,9,Reading,7.5,100,UCI_0144,9,9,10,11,11,10,Computer Science,Chemical Engineer,4.130144982918273,1,3,1,10.0
STU04837,20,Female,Arts,3.5,2.6,No,49.0,4.7,No,4.0,8,2.9,8.5,Library,Yes,3,10,Reading,1.8,100,UCI_0144,9,10,9,13,11,12,Arts,Animator,2.996389720324748,2,3,0,10.0
STU04838,20,Male,Biology,2.2,4.0,Yes,80.7,10.8,Yes,4.0,2,3.7,9.7,Quiet Room,No,7,10,Visual,7.5,100,UCI_0144,8,8,8,13,11,10,Biology,AI Researcher,4.351737240879412,1,0,0,10.0
STU04839,24,Male,Business,5.3,0.5,No,96.9,6.8,No,4.0,8,5.4,9.5,Quiet Room,Yes,8,10,Kinesthetic,8.9,94,UCI_0144,8,9,8,13,12,12,Business,Sound Engineer,4.971133534878673,1,0,0,10.0
STU04840,17,Female,Biology,3.8,1.0,Yes,72.5,6.7,Yes,3.17,2,4.6,7.8,Cafe,No,1,5,Auditory,5.7,83,UCI_0144,8,9,9,12,11,10,Biology,Entrepreneur,3.0568170242321417,1,0,1,7.92
STU04841,19,Male,Computer Science,6.973658439231248,2.4,Yes,49.6,7.7,Yes,4.0,3,2.8,12.0,Cafe,No,1,7,Visual,4.0,90,UCI_0144,8,9,8,11,11,12,Computer Science,Mechanical Engineer,3.800676046,1,3,0,10.0
STU04842,21,Male,Psychology,4.1,3.8,No,99.6,7.3,No,3.56,8,2.8,9.6,Dorm,No,5,10,Auditory,3.2,90,UCI_0144,9,8,10,13,10,10,Psychology,Animator,3.391006892846767,2,1,1,8.9
STU04843,19,Female,Engineering,4.4,4.9,Yes,59.5,6.6,No,4.0,5,4.2,13.6,Co-Learning Group,No,1,8,Visual,8.2,99,UCI_0144,10,9,8,11,10,11,Engineering,Landscape Architect,3.4532106714927333,2,1,0,10.0
STU04844,24,Female,Biology,3.2,1.7,No,52.3,8.1,Yes,4.0,8,4.0,8.6,Co-Learning Group,Yes,1,5,Visual,5.6,100,UCI_0144,9,9,8,12,11,12,Biology,Forensic Psychologist,4.955407874784802,1,2,1,10.0
STU04845,22,Male,Computer Science,1.8583593271635028,1.7,Yes,77.2,4.0,Yes,3.9,7,5.5,5.0,Co-Learning Group,Yes,2,9,Reading,5.8,96,UCI_0144,10,8,8,12,11,12,Computer Science,Advertising Manager,3.666864719299365,1,3,0,9.75
STU04846,19,Female,Computer Science,4.169816621512257,2.5,No,51.9,6.5,No,4.0,5,2.1,10.1,Cafe,No,4,7,Reading,1.7,100,UCI_0144,9,8,9,13,10,12,Computer Science,Urban Planner,2.9190812924155467,1,0,1,10.0
STU04847,23,Male,Computer Science,6.058556309143274,0.2,Yes,78.3,8.5,Yes,4.0,6,5.8,7.5,Library,No,5,5,Auditory,5.8,100,UCI_0144,8,10,9,12,10,12,Computer Science,Microbiologist,4.922366912148023,0,0,1,10.0
STU04848,23,Female,Business,4.6,4.6,Yes,53.5,7.1,Yes,4.0,4,6.1,13.5,Quiet Room,Yes,3,10,Reading,1.4,92,UCI_0144,9,9,9,12,11,12,Business,Quantum Physicist,2.654227316,0,2,0,10.0
STU04849,18,Female,Arts,3.3,0.6,No,63.7,7.7,Yes,3.44,6,7.3,6.7,Quiet Room,No,2,9,Auditory,2.0,83,UCI_0144,8,8,10,13,11,11,Arts,Physician Assistant,3.7520225737216615,0,2,0,8.6
STU04850,23,Other,Psychology,3.4,4.6,Yes,58.3,5.4,No,3.27,7,1.0,10.0,Quiet Room,No,9,9,Kinesthetic,5.9,89,UCI_0173,13,11,10,11,9,10,Psychology,Principal,2.8650153146355986,2,1,1,8.18
STU04851,20,Female,Arts,2.1,4.6,Yes,40.6,7.5,Yes,4.0,4,4.2,9.9,Co-Learning Group,No,10,9,Auditory,3.3,97,UCI_0173,12,10,11,11,8,11,Arts,Accountant,3.651336220847661,2,1,1,10.0
STU04852,25,Other,Engineering,5.4,2.6,No,60.0,7.1,Yes,3.65,2,6.4,10.3,Co-Learning Group,No,4,10,Reading,6.4,97,UCI_0173,13,11,11,12,8,10,Engineering,Lawyer,2.9611944266306205,0,0,1,9.12
STU04853,24,Other,Engineering,7.4,2.6,Yes,89.8,6.0,No,4.0,4,6.9,12.9,Quiet Room,No,9,10,Kinesthetic,4.0,100,UCI_0173,12,12,11,11,8,11,Engineering,Human Resources Specialist,2.5935969868541005,1,1,1,10.0
STU04854,23,Female,Business,3.7,1.0,No,87.1,6.3,No,2.86,5,7.7,7.2,Dorm,No,6,10,Kinesthetic,6.8,73,UCI_0173,13,10,10,11,8,11,Business,Acoustics Specialist,3.257256524131277,2,1,0,7.15
STU04855,27,Female,Computer Science,4.991440961498686,4.5,No,70.0,6.6,No,3.26,4,3.1,13.9,Co-Learning Group,No,10,9,Auditory,4.6,84,UCI_0173,14,10,11,11,10,11,Computer Science,School Psychologist,3.942276042137017,2,2,1,8.15
STU04856,28,Female,Engineering,2.8,0.6,Yes,63.9,6.7,No,4.0,5,7.3,8.5,Library,No,5,8,Auditory,9.1,100,UCI_0173,13,12,11,12,9,11,Engineering,Game Developer,4.708222272593321,1,3,1,10.0
STU04857,21,Male,Computer Science,3.671540039703641,0.4,No,73.2,6.9,Yes,4.0,4,7.5,6.3,Co-Learning Group,Yes,3,10,Visual,5.0,100,UCI_0173,14,12,9,11,9,10,Computer Science,Legal Analyst,3.327635683765989,2,3,0,10.0
STU04858,27,Other,Biology,6.2,0.8,No,82.0,6.1,No,4.0,2,2.2,10.0,Dorm,No,6,8,Visual,9.6,99,UCI_0173,13,12,10,12,10,9,Biology,Conductor,3.3176831202379025,2,4,1,10.0
STU04859,23,Other,Psychology,5.7,0.5,No,58.9,6.8,No,3.36,5,1.0,7.9,Quiet Room,Yes,6,10,Reading,1.2,78,UCI_0173,13,11,11,11,9,11,Psychology,Doctor,4.113412952632653,2,1,0,8.4
STU04860,26,Female,Engineering,6.1,3.1,Yes,50.4,6.6,No,2.68,5,6.6,11.4,Co-Learning Group,No,5,10,Kinesthetic,4.9,65,UCI_0173,12,11,11,12,8,11,Engineering,Nuclear Physicist,2.8278598370479995,0,4,0,6.7
STU04861,22,Other,Psychology,5.8,1.7,No,80.2,8.9,Yes,4.0,4,1.3,9.2,Co-Learning Group,Yes,3,6,Kinesthetic,3.2,97,UCI_0173,12,10,11,11,9,10,Psychology,Market Research Analyst,4.332794574229434,0,2,0,10.0
STU04862,24,Male,Biology,1.6,1.1,No,80.7,5.8,Yes,3.33,4,7.3,7.2,Dorm,No,8,9,Auditory,5.7,74,UCI_0173,14,10,9,11,10,10,Biology,Ecologist,4.565405395280739,0,3,1,8.32
STU04863,28,Male,Computer Science,2.661550062966535,2.2,Yes,65.1,5.6,Yes,4.0,1,7.1,8.3,Cafe,Yes,10,5,Kinesthetic,5.6,100,UCI_0173,14,12,11,11,9,9,Computer Science,Aerospace Engineer,3.2007119263771475,1,4,1,10.0
STU04864,28,Female,Computer Science,0.9703880789299382,3.3,No,96.0,6.9,Yes,3.4,2,5.8,8.7,Library,No,6,10,Kinesthetic,9.5,85,UCI_0173,12,11,11,12,9,10,Computer Science,Dentist,4.051570049298864,0,3,0,8.5
STU04865,28,Other,Arts,3.6,0.2,No,75.8,5.3,Yes,4.0,4,2.6,6.6,Library,No,5,10,Kinesthetic,9.3,99,UCI_0173,14,10,9,12,9,9,Arts,Credit Analyst,3.937773889,0,1,1,10.0
STU04866,27,Male,Engineering,5.5,2.7,No,54.7,7.2,Yes,3.55,3,5.2,10.5,Cafe,No,10,10,Visual,2.0,84,UCI_0173,12,10,9,11,10,11,Engineering,Paralegal,4.458148995046033,0,3,0,8.88
STU04867,25,Other,Engineering,6.2,2.8,No,64.4,6.6,No,4.0,2,6.0,11.4,Quiet Room,No,2,5,Kinesthetic,8.8,98,UCI_0173,14,12,9,10,8,11,Engineering,Mechanical Engineer,4.697336670970671,2,0,1,10.0
STU04868,18,Other,Engineering,7.2,3.8,No,95.6,8.7,No,3.84,6,2.2,13.4,Dorm,Yes,2,7,Auditory,5.7,100,UCI_0325,9,8,8,11,11,12,Engineering,Chemist,2.9802149803306985,0,4,1,9.6
STU04869,16,Male,Arts,5.0,1.5,No,47.5,8.9,No,4.0,8,3.1,7.8,Co-Learning Group,No,8,6,Auditory,5.7,100,UCI_0325,9,9,8,12,11,13,Arts,Construction Manager,2.843779529917348,2,2,0,10.0
STU04870,26,Female,Computer Science,9.131433801,3.8,Yes,70.8,7.4,Yes,4.0,4,1.6,14.9,Dorm,Yes,4,10,Visual,5.4,100,UCI_0325,8,9,8,10,10,11,Computer Science,Art Therapist,3.6431632823418463,2,4,1,10.0
STU04871,17,Other,Computer Science,2.138259636242811,1.3,Yes,40.2,9.6,No,3.94,4,6.5,5.7,Dorm,No,5,10,Reading,3.7,100,UCI_0325,9,9,8,12,11,13,Computer Science,Brand Manager,4.306337179954657,1,1,1,9.85
STU04872,18,Male,Business,1.3,2.7,Yes,61.7,8.8,No,2.64,2,4.5,6.1,Dorm,No,2,10,Auditory,3.9,76,UCI_0325,9,9,9,12,11,13,Business,Aerospace Engineer,2.9923718698923096,2,4,0,6.6
STU04873,28,Other,Business,5.9,2.4,Yes,43.7,8.9,Yes,4.0,6,7.8,12.1,Dorm,Yes,10,7,Auditory,6.3,92,UCI_0325,9,7,9,12,10,13,Business,Ecologist,4.838530999404956,0,3,1,10.0
STU04874,19,Female,Engineering,4.6,2.1,Yes,81.6,4.0,No,4.0,7,5.4,8.9,Library,Yes,5,10,Kinesthetic,2.8,100,UCI_0325,8,9,9,11,12,11,Engineering,Graphic Designer,3.592483162192412,2,3,1,10.0
STU04875,19,Female,Arts,7.3,1.7,Yes,47.5,6.5,Yes,3.19,4,5.5,12.3,Co-Learning Group,No,8,10,Visual,1.5,85,UCI_0325,8,9,8,11,12,11,Arts,Chemist,3.333758509556588,1,4,1,7.97
STU04876,20,Other,Biology,4.3,1.5,No,92.3,9.2,No,4.0,2,1.0,9.4,Dorm,Yes,8,6,Kinesthetic,9.0,100,UCI_0325,10,7,8,10,10,11,Biology,Principal,2.623470362772947,1,3,1,10.0
STU04877,20,Other,Arts,7.3,4.5,No,83.0,8.4,Yes,3.12,6,4.4,14.5,Dorm,Yes,1,10,Visual,9.3,72,UCI_0325,9,9,7,11,12,13,Arts,Forensic Psychologist,3.519668605720545,0,1,0,7.8
STU04878,24,Other,Psychology,6.5,4.6,No,72.5,7.1,Yes,3.66,6,2.2,12.6,Co-Learning Group,No,1,10,Reading,9.4,83,UCI_0325,10,7,8,11,11,11,Psychology,Urban Planner,4.463233539572896,0,4,0,9.15
STU04879,19,Other,Arts,4.4,2.1,No,71.8,5.5,Yes,3.03,4,7.3,10.5,Dorm,Yes,4,10,Kinesthetic,5.4,74,UCI_0325,8,9,7,12,10,12,Arts,Lawyer,3.604090612,2,4,1,7.57
STU04880,24,Female,Psychology,2.6,4.8,Yes,45.5,6.1,Yes,3.67,3,1.0,12.9,Cafe,No,10,10,Auditory,4.2,91,UCI_0325,9,9,9,10,12,11,Psychology,Credit Analyst,4.821381206171344,1,0,1,9.18
STU04881,16,Female,Arts,3.4,2.9,Yes,42.1,4.8,No,4.0,5,2.3,10.4,Co-Learning Group,No,7,10,Reading,9.2,100,UCI_0325,8,7,8,12,10,12,Arts,Inorganic Chemist,2.7339045152557206,2,1,0,10.0
STU04882,19,Other,Psychology,1.2,3.4,No,63.8,6.0,Yes,3.17,2,2.9,6.3,Cafe,Yes,6,9,Auditory,4.8,81,UCI_0325,9,7,8,12,11,11,Psychology,Nuclear Physicist,3.195810143353549,1,1,0,7.92
STU04883,22,Female,Arts,2.1,1.2,No,97.9,5.5,Yes,3.1,8,1.0,8.4,Quiet Room,No,10,10,Kinesthetic,5.6,77,UCI_0325,8,7,8,11,11,13,Arts,Zoologist,4.642116139781699,1,0,1,7.75
STU04884,16,Female,Engineering,0.6,2.6,Yes,98.7,8.4,Yes,3.42,1,1.7,6.4,Dorm,No,5,5,Auditory,6.2,86,UCI_0325,9,8,8,11,12,11,Engineering,Sound Engineer,3.3492748735029902,2,2,1,8.55
STU04885,24,Other,Engineering,2.5,2.3,Yes,44.8,6.8,Yes,2.61,3,5.4,7.3,Co-Learning Group,No,8,10,Reading,6.8,66,UCI_0325,9,7,7,10,11,13,Engineering,Doctor,3.750258166,1,2,0,6.52
STU04886,28,Male,Engineering,2.9,4.9,Yes,77.5,7.9,No,4.0,6,1.0,13.0,Co-Learning Group,Yes,7,10,Kinesthetic,6.8,100,UCI_0321,11,10,10,11,10,10,Engineering,Biochemist,3.084732821912686,2,4,0,10.0
STU04887,24,Female,Psychology,4.2,3.8,Yes,89.2,10.1,Yes,3.81,6,3.4,11.6,Co-Learning Group,Yes,6,10,Visual,6.4,94,UCI_0321,12,9,11,10,9,10,Psychology,Legal Secretary,3.110998716132854,1,3,0,9.53
STU04888,28,Other,Psychology,4.0,0.6,No,93.5,7.3,No,4.0,2,6.1,5.5,Co-Learning Group,No,1,10,Kinesthetic,5.0,100,UCI_0321,12,10,9,11,9,9,Psychology,Civil Engineer,4.923447575129488,2,0,0,10.0
STU04889,21,Male,Biology,3.6,3.1,Yes,80.8,5.7,Yes,3.25,1,6.5,9.3,Quiet Room,No,3,7,Visual,6.8,82,UCI_0321,10,10,9,12,9,9,Biology,Physicist,4.199280252,2,2,1,8.12
STU04890,19,Female,Psychology,4.3,4.8,No,89.7,6.8,No,4.0,8,5.4,12.9,Dorm,Yes,2,8,Reading,8.7,92,UCI_0321,12,11,10,10,9,11,Psychology,Physicist,2.8888746942900165,2,3,0,10.0
STU04891,19,Male,Biology,1.1,0.5,No,50.4,8.3,No,2.97,5,6.0,2.6,Quiet Room,Yes,10,10,Auditory,2.3,71,UCI_0321,12,11,11,10,11,10,Biology,Biotechnologist,3.937334963418918,1,0,1,7.43
STU04892,24,Male,Engineering,6.9,1.1,No,99.1,6.1,Yes,4.0,5,2.4,10.2,Library,No,7,10,Kinesthetic,7.7,92,UCI_0321,12,10,11,12,11,10,Engineering,Organic Chemist,4.033759958756091,0,4,1,10.0
STU04893,20,Male,Arts,0.0,3.7,Yes,48.2,6.6,Yes,2.82,8,6.1,6.4,Co-Learning Group,Yes,1,9,Visual,5.1,68,UCI_0321,10,10,10,10,11,9,Arts,Financial Advisor,4.329234351551107,0,2,0,7.05
STU04894,17,Male,Computer Science,3.942078449,4.9,No,54.9,9.9,Yes,4.0,4,4.8,9.3,Library,No,4,10,Kinesthetic,5.7,100,UCI_0321,11,11,11,11,11,11,Computer Science,Data Scientist,2.831345231378122,0,2,0,10.0
STU04895,20,Male,Business,2.1,1.1,Yes,59.5,5.2,Yes,2.75,8,2.9,6.8,Dorm,Yes,5,10,Auditory,4.1,76,UCI_0321,10,11,10,11,9,10,Business,Actuary,2.636067452648237,0,2,0,6.88
STU04896,22,Male,Arts,4.7,3.4,No,76.4,6.8,Yes,4.0,8,3.0,11.3,Cafe,Yes,6,10,Reading,1.8,100,UCI_0321,12,11,11,12,10,11,Arts,Clinical Psychologist,3.0638052272323404,0,3,0,10.0
STU04897,28,Other,Biology,3.4,2.7,No,61.5,7.3,Yes,3.83,5,3.2,6.8,Dorm,No,1,10,Kinesthetic,1.7,95,UCI_0321,10,11,9,11,11,11,Biology,Biochemist,3.7324998296121104,2,2,0,9.57
STU04898,16,Other,Arts,6.5,4.9,No,79.9,7.3,No,4.0,8,2.4,14.1,Library,Yes,1,6,Visual,1.8,99,UCI_0321,12,11,10,10,11,10,Arts,Biomedical Engineer,3.322279400547208,0,4,0,10.0
STU04899,25,Female,Engineering,1.3,3.7,No,61.1,8.1,No,3.58,1,5.6,6.8,Cafe,No,6,8,Auditory,8.9,85,UCI_0321,12,10,11,11,9,9,Engineering,Construction Manager,2.7923974103403943,2,4,0,8.95
STU04900,21,Male,Arts,5.2,0.4,Yes,45.8,6.8,Yes,4.0,2,9.1,9.4,Cafe,Yes,8,5,Visual,5.3,100,UCI_0321,12,11,9,12,11,10,Arts,Conductor,2.818859901231531,1,3,1,10.0
STU04901,20,Male,Psychology,2.6,2.5,Yes,63.3,6.1,No,3.28,6,3.7,7.8,Quiet Room,No,8,9,Visual,1.4,75,UCI_0321,12,9,10,11,10,9,Psychology,Ecologist,3.323425990080499,0,2,1,8.2
STU04902,24,Male,Business,2.7,2.6,No,79.6,6.8,No,3.77,7,6.7,9.8,Library,Yes,3,10,Reading,5.8,91,UCI_0321,11,10,9,11,10,11,Business,Biochemist,4.7630541234880965,2,2,1,9.43
STU04903,28,Male,Biology,0.1,2.3,No,99.5,11.3,No,3.17,1,6.5,7.1,Cafe,Yes,10,7,Reading,2.4,80,UCI_0321,11,10,10,11,9,11,Biology,Curriculum Developer,2.708513085036241,1,2,0,7.92
STU04904,25,Female,Business,1.9,0.9,No,72.0,6.1,Yes,2.72,5,1.1,6.4,Dorm,No,8,10,Visual,5.4,68,UCI_0283,10,11,10,10,10,10,Business,Actuary,2.5988038928059747,0,0,1,6.8
STU04905,27,Male,Computer Science,2.444803564359719,0.8,No,54.4,6.1,Yes,3.8,8,5.7,5.7,Cafe,No,3,10,Auditory,8.9,90,UCI_0283,10,11,9,11,10,9,Computer Science,Quantum Physicist,3.6594678101895255,2,4,1,9.5
STU04906,20,Male,Business,4.3,3.9,No,97.2,6.6,Yes,3.22,8,5.0,12.7,Co-Learning Group,Yes,1,10,Kinesthetic,8.3,80,UCI_0283,9,11,11,9,9,10,Business,Biochemist,2.5024418196971383,0,4,1,8.05
STU04907,26,Male,Computer Science,8.986122670642764,4.3,No,75.4,7.8,No,3.35,5,7.1,16.0,Cafe,Yes,7,8,Auditory,6.9,76,UCI_0283,10,12,11,10,10,10,Computer Science,Manager,2.6276293794687624,0,3,0,8.38
STU04908,25,Female,Psychology,3.1,3.1,No,54.0,9.0,Yes,3.29,5,6.1,10.2,Quiet Room,Yes,4,10,Visual,7.5,78,UCI_0283,10,10,10,11,10,10,Psychology,Animator,4.3202108871144365,0,3,0,8.22
STU04909,19,Male,Business,1.2,0.3,No,98.8,6.9,No,4.0,2,4.4,4.1,Library,No,2,7,Visual,9.3,100,UCI_0283,11,10,9,11,11,10,Business,Legal Secretary,2.627782079,2,0,1,10.0
STU04910,17,Other,Biology,6.0,1.3,No,99.7,7.5,Yes,4.0,8,8.5,11.2,Quiet Room,No,8,9,Reading,1.3,100,UCI_0283,11,11,11,9,11,9,Biology,Manager,4.242911297482189,2,0,1,10.0
STU04911,27,Female,Biology,8.4,3.4,Yes,49.3,7.4,No,3.63,1,7.4,16.4,Dorm,Yes,1,10,Auditory,8.6,96,UCI_0283,9,12,9,10,11,11,Biology,Social Media Manager,4.045896298748595,0,4,1,9.07
STU04912,24,Female,Arts,3.6,4.5,Yes,97.4,8.1,No,3.95,6,8.9,10.7,Quiet Room,Yes,1,6,Reading,6.1,90,UCI_0283,10,10,9,10,10,11,Arts,Physical Chemist,4.115040055401629,0,4,1,9.88
STU04913,24,Female,Arts,4.9,0.6,No,70.7,8.3,No,4.0,2,4.8,10.6,Library,Yes,7,10,Reading,5.1,100,UCI_0283,11,11,10,10,9,10,Arts,Surgeon,3.8124899068678975,2,0,0,10.0
STU04914,20,Other,Engineering,3.0,3.8,Yes,56.6,8.9,No,4.0,8,6.9,8.0,Dorm,Yes,9,9,Visual,2.6,93,UCI_0283,11,12,11,11,10,10,Engineering,Legal Analyst,3.021052283960884,0,4,0,10.0
STU04915,23,Other,Computer Science,0.4577148254524192,0.1,No,74.6,4.0,No,3.71,8,6.4,2.8,Co-Learning Group,No,5,9,Kinesthetic,3.9,88,UCI_0283,11,11,11,10,9,9,Computer Science,Legal Analyst,4.944776600466685,0,4,0,9.28
STU04916,19,Female,Arts,1.4,0.6,Yes,81.1,7.0,No,2.86,6,1.4,5.2,Library,No,6,8,Reading,1.3,70,UCI_0283,9,10,11,11,11,9,Arts,Analytical Chemist,4.780378926881944,0,2,1,7.15
STU04917,25,Other,Business,4.0,2.6,No,44.8,7.9,Yes,3.51,1,5.0,11.8,Dorm,Yes,1,10,Kinesthetic,9.3,73,UCI_0283,10,10,9,10,11,9,Business,Music Therapist,4.748094943329452,2,4,0,8.77
STU04918,19,Male,Psychology,6.9,1.4,Yes,87.9,9.1,No,3.45,1,4.8,11.6,Dorm,Yes,7,10,Visual,9.2,76,UCI_0283,10,10,11,9,10,9,Psychology,AI Researcher,3.5177548209426623,2,4,0,8.62
STU04919,24,Female,Arts,1.8,0.7,No,72.7,6.0,No,3.01,7,3.5,4.6,Co-Learning Group,No,9,7,Auditory,9.6,68,UCI_0283,10,11,10,11,11,10,Arts,Acoustics Specialist,4.303591566504537,1,4,0,7.52
STU04920,20,Male,Arts,3.2,1.8,No,76.5,6.7,No,4.0,7,3.9,9.3,Dorm,Yes,2,7,Kinesthetic,1.5,100,UCI_0283,11,11,9,10,11,9,Arts,Interior Designer,3.0987680181068544,0,4,1,10.0
STU04921,23,Female,Business,1.5,1.2,No,52.0,7.2,Yes,3.33,4,6.3,7.0,Dorm,Yes,8,10,Auditory,9.2,84,UCI_0283,10,11,9,10,10,10,Business,Biochemist,4.422407316957063,0,1,1,8.32
STU04922,20,Female,Psychology,3.5,4.3,No,79.6,8.0,No,2.87,4,6.0,10.6,Cafe,Yes,6,10,Visual,2.4,75,UCI_0230,11,8,9,8,9,12,Psychology,Architect,3.560777136788558,1,3,1,7.18
STU04923,16,Male,Business,0.9,4.1,Yes,53.2,4.0,No,3.48,7,6.5,7.4,Quiet Room,Yes,9,10,Auditory,9.3,90,UCI_0230,11,9,8,10,9,10,Business,Art Therapist,4.416118675158042,2,3,1,8.7
STU04924,27,Male,Business,4.0,4.1,Yes,52.6,5.9,No,4.0,2,4.3,11.9,Co-Learning Group,No,7,5,Reading,6.3,100,UCI_0230,9,9,9,9,11,10,Business,AI Researcher,4.724830428785223,0,4,1,10.0
STU04925,17,Female,Psychology,6.5,4.4,No,86.1,6.8,No,3.07,4,7.1,13.8,Co-Learning Group,No,1,10,Visual,9.7,74,UCI_0230,9,9,9,10,10,10,Psychology,Music Teacher,3.205033431120965,0,4,1,7.67
STU04926,24,Other,Business,1.9,4.1,No,55.1,4.0,Yes,3.75,3,6.5,7.0,Co-Learning Group,Yes,1,10,Visual,2.5,95,UCI_0230,10,9,8,8,10,11,Business,Financial Advisor,4.164240427407635,2,4,0,9.38
STU04927,25,Other,Computer Science,8.314725927124238,1.5,No,73.6,6.7,Yes,3.47,4,6.1,13.8,Cafe,No,6,5,Visual,3.8,94,UCI_0230,10,7,10,8,9,12,Computer Science,Quantum Physicist,2.510383273786693,2,2,1,8.68
STU04928,26,Male,Arts,5.9,1.7,Yes,82.1,6.5,No,4.0,3,4.5,9.3,Cafe,No,5,5,Reading,8.2,93,UCI_0230,10,8,9,8,10,12,Arts,Legal Consultant,3.464832613516851,0,2,0,10.0
STU04929,28,Female,Psychology,4.4,1.5,No,68.7,7.7,Yes,4.0,2,4.2,11.0,Cafe,Yes,2,9,Kinesthetic,6.7,98,UCI_0230,9,9,8,10,11,12,Psychology,Sound Engineer,4.885176567306219,0,3,1,10.0
STU04930,19,Male,Business,2.2,0.8,Yes,44.6,8.5,Yes,4.0,6,5.0,3.5,Quiet Room,Yes,6,10,Reading,7.8,98,UCI_0230,10,9,10,9,11,11,Business,Animator,3.905528282943287,2,0,1,10.0
STU04931,20,Female,Computer Science,4.594285588987296,2.1,No,44.0,5.9,No,4.0,6,4.3,9.1,Quiet Room,Yes,4,5,Reading,9.4,93,UCI_0230,11,9,9,8,9,10,Computer Science,Architect,2.852429889856106,1,0,0,10.0
STU04932,24,Male,Psychology,5.9,2.5,No,59.6,7.2,Yes,3.44,6,6.1,11.6,Library,Yes,5,10,Reading,7.8,88,UCI_0230,10,8,10,8,9,11,Psychology,Lawyer,3.9869650230329774,2,3,0,8.6
STU04933,24,Female,Computer Science,2.903146468017614,1.7,No,81.5,6.7,No,4.0,4,1.0,6.1,Cafe,No,3,5,Visual,9.9,98,UCI_0230,9,9,8,9,11,11,Computer Science,Paralegal,2.7312210785490447,1,1,1,10.0
STU04934,17,Male,Engineering,5.0,0.9,Yes,97.2,6.2,No,4.0,4,8.0,11.1,Library,Yes,8,10,Kinesthetic,4.1,99,UCI_0230,11,8,10,10,10,10,Engineering,Doctor,3.262605952169258,1,1,0,10.0
STU04935,16,Male,Psychology,2.7,4.0,Yes,79.9,5.1,No,3.63,5,5.5,7.5,Cafe,Yes,4,9,Reading,7.6,81,UCI_0230,11,7,9,9,11,11,Psychology,Zoologist,4.418344409903311,1,2,1,9.07
STU04936,16,Male,Psychology,4.4,2.9,No,56.0,8.1,No,4.0,6,7.7,11.9,Library,Yes,8,10,Visual,8.3,100,UCI_0230,10,8,10,9,11,10,Psychology,School Counselor,3.4069788999367927,0,0,1,10.0
STU04937,28,Male,Biology,4.5,2.1,No,97.6,7.6,Yes,3.14,6,3.7,9.9,Quiet Room,No,5,10,Visual,2.6,75,UCI_0230,10,9,10,9,11,11,Biology,School Psychologist,4.596094358889925,1,2,0,7.85
STU04938,20,Male,Computer Science,4.752448782,1.8,Yes,81.1,6.0,Yes,4.0,4,4.2,7.9,Quiet Room,No,5,5,Kinesthetic,8.0,95,UCI_0230,10,9,10,10,11,10,Computer Science,Clinical Psychologist,4.869476558394838,2,2,0,10.0
STU04939,16,Male,Biology,7.3,4.7,No,74.7,9.4,No,3.34,3,5.1,16.8,Dorm,No,2,10,Reading,4.5,86,UCI_0179,10,8,9,10,9,11,Biology,Teacher,2.573651972379042,1,3,0,8.35
STU04940,18,Female,Psychology,6.8,1.9,Yes,56.9,6.4,No,4.0,7,4.0,11.5,Cafe,No,2,10,Auditory,5.3,100,UCI_0179,10,8,10,9,10,10,Psychology,Legal Consultant,4.466914959242764,0,3,0,10.0
STU04941,23,Male,Engineering,2.1,1.9,Yes,46.4,7.5,No,3.4,8,3.5,7.5,Cafe,Yes,2,7,Kinesthetic,5.2,86,UCI_0179,10,9,8,9,10,10,Engineering,Dentist,2.5293963349348525,2,2,0,8.5
STU04942,21,Female,Engineering,3.7,1.6,No,41.8,6.3,No,2.74,8,6.8,9.0,Dorm,Yes,8,10,Kinesthetic,8.7,70,UCI_0179,11,9,9,11,8,12,Engineering,Lawyer,2.9611944266306205,0,0,1,6.85
STU04943,25,Male,Psychology,1.2,2.5,No,95.2,4.6,No,2.95,5,5.1,9.1,Library,Yes,7,7,Auditory,7.8,64,UCI_0179,9,9,10,9,10,11,Psychology,Chemist,4.251371608647419,0,1,0,7.38
STU04944,21,Male,Arts,2.8,4.0,Yes,48.4,7.1,Yes,3.53,4,2.5,11.0,Dorm,No,8,9,Kinesthetic,6.7,88,UCI_0179,11,8,8,11,8,11,Arts,Curriculum Developer,4.736427424787335,2,0,1,8.82
STU04945,20,Male,Arts,3.0,1.3,Yes,85.5,4.8,No,3.76,6,8.7,6.6,Co-Learning Group,Yes,4,5,Auditory,1.7,92,UCI_0179,9,7,8,9,10,12,Arts,School Psychologist,3.159279359065541,2,4,1,9.4
STU04946,21,Male,Psychology,4.9,0.2,Yes,48.6,5.4,No,4.0,7,4.0,7.2,Library,No,5,8,Reading,3.3,97,UCI_0179,11,7,10,10,10,12,Psychology,Art Therapist,3.998024682518506,2,2,0,10.0
STU04947,21,Male,Arts,2.5,1.4,No,96.3,7.1,No,3.73,8,6.6,8.3,Dorm,Yes,9,10,Reading,5.1,95,UCI_0179,9,9,9,10,9,10,Arts,Construction Manager,2.843779529917348,2,2,0,9.32
STU04948,16,Male,Psychology,3.2,0.8,Yes,48.6,6.1,No,3.34,8,4.3,6.9,Quiet Room,No,5,9,Kinesthetic,6.7,76,UCI_0179,9,9,10,10,10,11,Psychology,Physical Chemist,3.364757370152728,2,0,1,8.35
STU04949,26,Other,Arts,3.0,3.4,No,61.3,4.7,No,3.9,8,4.8,9.6,Cafe,No,3,10,Reading,6.8,100,UCI_0179,9,9,10,9,10,11,Arts,Architect,4.816718244883329,0,4,1,9.75
STU04950,28,Male,Psychology,3.9,3.5,No,77.3,6.8,Yes,4.0,4,3.6,9.9,Quiet Room,No,1,9,Visual,7.7,100,UCI_0179,11,7,9,9,10,11,Psychology,Legal Secretary,3.0469069168087564,2,0,1,10.0
STU04951,17,Other,Arts,6.5,2.0,Yes,41.9,6.8,Yes,4.0,5,4.6,12.0,Dorm,Yes,8,8,Kinesthetic,3.2,100,UCI_0179,9,9,10,10,10,12,Arts,Inorganic Chemist,3.8785331765160014,1,2,0,10.0
STU04952,19,Female,Engineering,3.4,2.7,Yes,88.5,6.7,No,4.0,4,4.0,9.5,Co-Learning Group,Yes,4,8,Visual,3.7,100,UCI_0179,10,9,8,11,9,10,Engineering,Special Education Teacher,3.058901580654333,0,3,0,10.0
STU04953,16,Male,Business,5.4,0.5,No,48.5,7.9,Yes,3.67,3,5.3,9.8,Library,No,9,9,Reading,7.2,94,UCI_0179,11,9,10,9,10,12,Business,Teacher,3.195368660654218,0,1,1,9.18
STU04954,27,Other,Engineering,4.2,3.3,Yes,48.8,4.0,No,3.72,1,3.5,11.4,Co-Learning Group,Yes,6,10,Auditory,6.0,88,UCI_0179,11,8,10,11,8,10,Engineering,Social Media Manager,2.9269102529136384,1,3,1,9.3
STU04955,19,Female,Computer Science,4.344295380701443,4.9,Yes,86.4,6.6,Yes,4.0,8,6.9,11.1,Co-Learning Group,No,7,10,Reading,4.2,92,UCI_0179,11,8,8,9,10,10,Computer Science,Psychologist,3.3193089319706823,2,0,1,10.0
STU04956,16,Other,Arts,8.2,1.8,No,42.8,6.2,No,4.0,5,3.6,10.8,Quiet Room,No,5,7,Visual,2.5,97,UCI_0179,9,8,10,10,9,12,Arts,Chemist,3.3146666856825187,1,3,0,10.0
STU04957,21,Other,Computer Science,2.400689336189915,3.0,No,71.9,6.2,Yes,3.31,4,2.2,8.6,Cafe,No,6,10,Visual,9.7,76,UCI_0176,10,9,9,10,11,11,Computer Science,Musician,4.640988993428207,0,2,0,8.28
STU04958,16,Male,Computer Science,3.499142911196066,1.3,Yes,63.6,8.2,Yes,2.51,4,4.5,7.0,Dorm,Yes,2,10,Kinesthetic,4.1,63,UCI_0176,10,10,8,10,10,12,Computer Science,Financial Advisor,4.108592929427637,2,4,0,6.27
STU04959,20,Female,Arts,3.7,2.9,No,94.2,10.6,Yes,3.88,7,3.8,8.4,Cafe,No,5,10,Reading,5.2,95,UCI_0176,11,10,8,11,11,10,Arts,Forensic Psychologist,3.829528629023195,1,4,1,9.7
STU04960,27,Female,Computer Science,4.623928507570791,2.5,Yes,56.7,7.4,No,4.0,4,5.5,10.6,Dorm,Yes,7,10,Visual,9.4,100,UCI_0176,10,9,9,11,11,10,Computer Science,Organic Chemist,2.704724099026184,2,3,1,10.0
STU04961,25,Other,Psychology,3.5,3.3,Yes,49.1,8.0,No,3.62,7,6.2,10.9,Dorm,Yes,1,10,Auditory,4.8,89,UCI_0176,10,8,8,9,12,11,Psychology,Chemical Engineer,3.3415297856481345,2,2,0,9.05
STU04962,17,Male,Arts,6.8,3.4,No,96.7,8.6,Yes,4.0,4,6.6,11.3,Dorm,No,8,10,Reading,1.9,100,UCI_0176,9,9,10,10,12,11,Arts,Physicist,2.549992726436792,1,2,0,10.0
STU04963,25,Other,Engineering,8.5,3.9,No,94.9,9.0,Yes,4.0,7,3.8,16.4,Cafe,No,3,6,Auditory,8.9,100,UCI_0176,11,9,9,9,10,12,Engineering,Teacher,2.835943706516411,0,1,0,10.0
STU04964,26,Other,Arts,3.9,0.7,Yes,63.0,7.2,Yes,3.12,5,1.4,5.9,Cafe,Yes,4,10,Visual,7.7,81,UCI_0176,11,9,9,9,11,10,Arts,Art Therapist,4.823042839233025,1,4,0,7.8
STU04965,24,Male,Biology,0.0,4.0,No,63.8,6.5,No,3.92,1,3.7,6.1,Library,Yes,7,5,Kinesthetic,3.4,95,UCI_0176,10,8,10,11,10,10,Biology,Astronomer,2.5152372292169725,0,0,1,9.8
STU04966,27,Other,Computer Science,6.586914215667616,1.3,No,55.2,9.1,Yes,4.0,4,4.8,11.1,Cafe,Yes,5,7,Auditory,1.0,93,UCI_0176,11,8,9,9,11,10,Computer Science,Chemist,3.539731922711887,1,2,1,10.0
STU04967,27,Male,Biology,4.7,4.3,No,70.3,4.2,No,2.65,6,6.6,12.0,Cafe,Yes,9,10,Reading,9.4,64,UCI_0176,9,9,8,11,11,11,Biology,Architect,3.932554587600483,2,4,0,6.62
STU04968,21,Male,Arts,2.0,3.8,Yes,59.6,8.7,Yes,2.97,1,1.2,6.6,Co-Learning Group,No,9,10,Visual,2.1,73,UCI_0176,10,10,10,9,12,11,Arts,Cybersecurity Analyst,4.694447963857047,1,2,0,7.43
STU04969,23,Male,Arts,5.9,0.7,No,57.7,4.0,No,3.86,4,5.8,9.4,Co-Learning Group,Yes,10,10,Visual,6.4,94,UCI_0176,11,10,10,11,10,12,Arts,Industrial-Organizational Psychologist,2.694522058437242,0,2,0,9.65
STU04970,18,Other,Psychology,2.7,2.4,Yes,73.8,7.3,No,4.0,2,4.8,8.9,Dorm,Yes,5,6,Kinesthetic,4.1,100,UCI_0176,11,8,8,10,11,12,Psychology,Education Administrator,4.693080856953094,2,0,0,10.0
STU04971,25,Female,Biology,4.5,2.4,Yes,68.6,5.9,Yes,2.92,2,4.6,9.6,Dorm,Yes,1,8,Visual,7.8,69,UCI_0176,10,8,9,11,12,10,Biology,Clinical Psychologist,4.055934111,1,1,0,7.3
STU04972,19,Male,Computer Science,8.069712815680198,1.2,No,95.4,7.3,No,4.0,2,1.9,14.6,Library,No,9,5,Visual,9.2,100,UCI_0176,11,8,10,11,10,12,Computer Science,Brand Manager,2.612660766905914,1,4,0,10.0
STU04973,21,Female,Business,4.8,1.4,No,45.0,7.1,Yes,4.0,3,5.2,9.4,Library,No,1,10,Kinesthetic,4.0,98,UCI_0176,10,10,8,11,12,10,Business,Risk Analyst,4.749691221023401,2,4,1,10.0
STU04974,25,Female,Biology,4.8,3.9,Yes,55.3,10.1,No,4.0,1,7.8,10.6,Quiet Room,Yes,10,7,Kinesthetic,4.3,100,UCI_0176,10,9,8,11,10,10,Biology,Judge,3.2082147848700524,1,2,1,10.0
STU04975,18,Female,Computer Science,9.358689521945577,0.7,Yes,95.1,7.6,No,4.0,8,7.1,12.7,Quiet Room,No,9,10,Auditory,3.7,90,UCI_0191,8,9,10,9,9,10,Computer Science,Music Teacher,3.916954043984803,0,2,1,10.0
STU04976,26,Other,Arts,2.5,0.8,No,82.9,7.5,Yes,2.96,7,7.1,6.6,Quiet Room,No,1,7,Reading,2.0,73,UCI_0191,8,9,9,10,8,9,Arts,Dentist,4.926433534682241,1,3,0,7.4
STU04977,28,Female,Psychology,4.6,4.7,No,86.7,6.8,Yes,3.47,1,7.6,10.2,Dorm,No,4,10,Auditory,1.8,88,UCI_0191,8,10,9,9,10,11,Psychology,Interior Designer,3.389752064040792,1,1,0,8.68
STU04978,24,Male,Arts,3.3,4.2,Yes,96.0,8.0,Yes,3.69,5,1.0,10.3,Library,Yes,2,10,Visual,5.2,95,UCI_0191,7,9,11,10,9,11,Arts,Construction Manager,3.5193830395064296,2,1,0,9.22
STU04979,27,Female,Psychology,5.4,4.6,No,44.6,8.0,Yes,3.54,3,4.2,12.7,Cafe,Yes,6,6,Auditory,7.3,98,UCI_0191,8,8,10,9,10,11,Psychology,Music Therapist,3.9599547655598144,2,0,0,8.85
STU04980,26,Other,Biology,0.2,0.8,No,88.2,6.4,Yes,3.75,8,3.8,1.4,Dorm,No,8,10,Auditory,9.0,87,UCI_0191,8,10,9,10,8,10,Biology,Fluid Mechanics Engineer,4.982905664661132,0,0,0,9.38
STU04981,21,Male,Psychology,2.5,1.5,No,94.6,7.2,No,4.0,2,5.8,4.4,Cafe,No,10,5,Visual,7.5,100,UCI_0191,9,9,11,9,8,10,Psychology,Manager,4.370254263154019,2,4,0,10.0
STU04982,26,Male,Business,5.2,3.0,Yes,65.5,7.0,No,3.32,2,7.5,10.8,Co-Learning Group,No,5,6,Visual,6.3,82,UCI_0191,7,9,10,8,9,9,Business,Curriculum Developer,4.859128403946581,0,1,0,8.3
STU04983,19,Male,Engineering,2.1,2.5,Yes,90.8,8.2,No,4.0,1,2.5,8.6,Library,Yes,8,5,Reading,8.5,100,UCI_0191,7,9,11,8,8,9,Engineering,Market Research Analyst,3.975303871206556,1,1,0,10.0
STU04984,27,Male,Arts,9.1,3.5,No,96.3,6.0,Yes,4.0,5,5.2,14.7,Quiet Room,Yes,7,10,Auditory,4.3,98,UCI_0191,8,8,10,10,8,11,Arts,Lawyer,3.927354759530622,1,4,1,10.0
STU04985,27,Male,Business,1.9,1.7,No,70.2,6.4,Yes,2.82,1,5.3,5.9,Dorm,No,8,10,Auditory,6.5,74,UCI_0191,8,9,10,10,9,11,Business,Doctor,3.457889740626489,2,4,0,7.05
STU04986,21,Male,Computer Science,3.970494028610706,3.9,No,76.6,6.0,No,2.9,7,4.0,9.6,Cafe,No,2,8,Visual,6.2,76,UCI_0191,7,8,10,8,8,9,Computer Science,Physician Assistant,3.981998818113134,2,1,1,7.25
STU04987,21,Other,Biology,4.5,1.6,Yes,61.2,8.7,Yes,3.49,1,2.9,7.7,Quiet Room,Yes,5,10,Kinesthetic,4.1,94,UCI_0191,7,8,11,9,8,9,Biology,Data Scientist,4.803437044793851,1,0,1,8.73
STU04988,21,Other,Engineering,5.6,0.1,Yes,52.8,7.7,No,3.5,2,1.0,6.5,Library,Yes,6,8,Auditory,2.5,99,UCI_0191,9,10,9,9,8,10,Engineering,Composer,4.442276975319755,0,2,0,8.75
STU04989,23,Other,Business,4.3,2.6,No,49.7,6.1,Yes,4.0,2,4.9,9.9,Dorm,Yes,5,9,Reading,3.4,100,UCI_0191,8,10,10,10,10,11,Business,Organic Chemist,2.8953839187410795,0,3,1,10.0
STU04990,28,Female,Biology,5.0,2.6,Yes,45.5,5.4,Yes,2.9,2,7.0,9.9,Cafe,Yes,2,10,Visual,3.9,72,UCI_0191,9,10,9,10,10,10,Biology,Architectural Technologist,3.632142966577288,1,0,0,7.25
STU04991,26,Male,Arts,1.4,4.9,Yes,74.1,7.0,No,4.0,7,2.0,9.4,Co-Learning Group,No,1,10,Reading,5.5,100,UCI_0191,9,10,9,8,10,10,Arts,Music Teacher,2.565679319017452,1,2,1,10.0
STU04992,17,Other,Psychology,7.7,3.3,No,42.6,5.6,No,4.0,6,4.6,12.3,Quiet Room,No,6,10,Auditory,7.2,98,UCI_0191,9,9,10,8,8,9,Psychology,Teacher,3.1777072920576157,1,0,1,10.0
STU04993,27,Male,Biology,8.6,1.3,No,81.8,7.3,No,4.0,1,6.3,13.0,Quiet Room,No,1,6,Auditory,1.6,90,UCI_0026,6,8,9,9,12,11,Biology,Counselor,2.544597786851869,1,2,1,10.0
STU04994,17,Other,Engineering,5.5,1.7,No,40.0,5.6,No,3.5,8,7.7,10.9,Quiet Room,No,5,9,Auditory,6.7,85,UCI_0026,5,9,9,11,11,12,Engineering,Psychologist,4.784708877681717,2,3,0,8.75
STU04995,18,Other,Psychology,0.6,3.1,Yes,58.4,5.5,No,2.62,6,5.2,8.9,Library,No,8,9,Auditory,4.5,71,UCI_0026,7,10,9,9,11,13,Psychology,Legal Consultant,4.563654495091091,2,0,0,6.55
STU04996,17,Other,Biology,5.4,0.8,Yes,80.0,6.1,Yes,2.77,8,5.6,7.7,Library,Yes,6,10,Auditory,6.0,79,UCI_0026,6,8,8,9,11,12,Biology,Market Research Analyst,4.404489116244504,0,0,1,6.92
STU04997,27,Other,Psychology,1.0,4.8,Yes,46.6,7.0,No,3.3,7,4.1,11.1,Library,No,1,10,Visual,6.9,96,UCI_0026,7,10,9,11,10,13,Psychology,Music Therapist,4.487256615,0,0,1,8.25
STU04998,16,Other,Psychology,3.4,5.0,No,44.4,8.1,Yes,3.17,8,6.8,11.8,Cafe,Yes,5,7,Auditory,8.7,86,UCI_0026,6,10,7,10,10,12,Psychology,Pharmacist,3.453148546923233,0,1,1,7.92
STU04999,23,Female,Arts,6.2,2.4,Yes,77.0,9.9,Yes,4.0,2,3.5,10.0,Library,Yes,7,6,Reading,4.0,100,UCI_0026,7,8,9,9,12,12,Arts,Dentist,3.2066156028287933,0,3,0,10.0
STU05000,23,Female,Arts,2.2,1.7,No,44.0,6.7,Yes,3.45,8,2.8,6.0,Dorm,No,3,6,Visual,8.0,84,UCI_0026,5,10,8,9,12,11,Arts,Biotechnologist,2.584863806616787,0,2,1,8.62
