uci_ref_id,subject_id,subject_name,grade_period,marks,max_marks,percentage,source,is_synthetic,master_student_id
UCI_0001,mat,Mathematics,G1,5,20,25.0,UCI_Student_Performance,False,
UCI_0001,mat,Mathematics,G2,6,20,30.0,UCI_Student_Performance,False,
UCI_0001,mat,Mathematics,G3,6,20,30.0,UCI_Student_Performance,False,
UCI_0001,por,Portuguese,G1,0,20,0.0,UCI_Student_Performance,False,
UCI_0001,por,Portuguese,G2,11,20,55.0,UCI_Student_Performance,False,
UCI_0001,por,Portuguese,G3,11,20,55.0,UCI_Student_Performance,False,
UCI_0002,mat,Mathematics,G1,5,20,25.0,UCI_Student_Performance,False,
UCI_0002,mat,Mathematics,G2,5,20,25.0,UCI_Student_Performance,False,
UCI_0002,mat,Mathematics,G3,6,20,30.0,UCI_Student_Performance,False,
UCI_0002,por,Portuguese,G1,9,20,45.0,UCI_Student_Performance,False,
UCI_0002,por,Portuguese,G2,11,20,55.0,UCI_Student_Performance,False,
UCI_0002,por,Portuguese,G3,11,20,55.0,UCI_Student_Performance,False,
UCI_0003,mat,Mathematics,G1,7,20,35.0,UCI_Student_Performance,False,
UCI_0003,mat,Mathematics,G2,8,20,40.0,UCI_Student_Performance,False,
UCI_0003,mat,Mathematics,G3,10,20,50.0,UCI_Student_Performance,False,
UCI_0003,por,Portuguese,G1,12,20,60.0,UCI_Student_Performance,False,
UCI_0003,por,Portuguese,G2,13,20,65.0,UCI_Student_Performance,False,
UCI_0003,por,Portuguese,G3,12,20,60.0,UCI_Student_Performance,False,
UCI_0004,mat,Mathematics,G1,15,20,75.0,UCI_Student_Performance,False,
UCI_0004,mat,Mathematics,G2,14,20,70.0,UCI_Student_Performance,False,
UCI_0004,mat,Mathematics,G3,15,20,75.0,UCI_Student_Performance,False,
UCI_0004,por,Portuguese,G1,14,20,70.0,UCI_Student_Performance,False,
UCI_0004,por,Portuguese,G2,14,20,70.0,UCI_Student_Performance,False,
UCI_0004,por,Portuguese,G3,14,20,70.0,UCI_Student_Performance,False,
UCI_0005,mat,Mathematics,G1,6,20,30.0,UCI_Student_Performance,False,
UCI_0005,mat,Mathematics,G2,10,20,50.0,UCI_Student_Performance,False,
UCI_0005,mat,Mathematics,G3,10,20,50.0,UCI_Student_Performance,False,
UCI_0005,por,Portuguese,G1,11,20,55.0,UCI_Student_Performance,False,
UCI_0005,por,Portuguese,G2,13,20,65.0,UCI_Student_Performance,False,
UCI_0005,por,Portuguese,G3,13,20,65.0,UCI_Student_Performance,False,
UCI_0006,mat,Mathematics,G1,15,20,75.0,UCI_Student_Performance,False,
UCI_0006,mat,Mathematics,G2,15,20,75.0,UCI_Student_Performance,False,
UCI_0006,mat,Mathematics,G3,15,20,75.0,UCI_Student_Performance,False,
UCI_0006,por,Portuguese,G1,12,20,60.0,UCI_Student_Performance,False,
UCI_0006,por,Portuguese,G2,12,20,60.0,UCI_Student_Performance,False,
UCI_0006,por,Portuguese,G3,13,20,65.0,UCI_Student_Performance,False,
UCI_0007,mat,Mathematics,G1,12,20,60.0,UCI_Student_Performance,False,
UCI_0007,mat,Mathematics,G2,12,20,60.0,UCI_Student_Performance,False,
UCI_0007,mat,Mathematics,G3,11,20,55.0,UCI_Student_Performance,False,
UCI_0007,por,Portuguese,G1,13,20,65.0,UCI_Student_Performance,False,
UCI_0007,por,Portuguese,G2,12,20,60.0,UCI_Student_Performance,False,
UCI_0007,por,Portuguese,G3,13,20,65.0,UCI_Student_Performance,False,
UCI_0008,mat,Mathematics,G1,6,20,30.0,UCI_Student_Performance,False,
UCI_0008,mat,Mathematics,G2,5,20,25.0,UCI_Student_Performance,False,
UCI_0008,mat,Mathematics,G3,6,20,30.0,UCI_Student_Performance,False,
UCI_0008,por,Portuguese,G1,10,20,50.0,UCI_Student_Performance,False,
UCI_0008,por,Portuguese,G2,13,20,65.0,UCI_Student_Performance,False,
UCI_0008,por,Portuguese,G3,13,20,65.0,UCI_Student_Performance,False,
UCI_0009,mat,Mathematics,G1,16,20,80.0,UCI_Student_Performance,False,
UCI_0009,mat,Mathematics,G2,18,20,90.0,UCI_Student_Performance,False,
UCI_0009,mat,Mathematics,G3,19,20,95.0,UCI_Student_Performance,False,
UCI_0009,por,Portuguese,G1,15,20,75.0,UCI_Student_Performance,False,
UCI_0009,por,Portuguese,G2,16,20,80.0,UCI_Student_Performance,False,
UCI_0009,por,Portuguese,G3,17,20,85.0,UCI_Student_Performance,False,
UCI_0010,mat,Mathematics,G1,14,20,70.0,UCI_Student_Performance,False,
UCI_0010,mat,Mathematics,G2,15,20,75.0,UCI_Student_Performance,False,
UCI_0010,mat,Mathematics,G3,15,20,75.0,UCI_Student_Performance,False,
UCI_0010,por,Portuguese,G1,12,20,60.0,UCI_Student_Performance,False,
UCI_0010,por,Portuguese,G2,12,20,60.0,UCI_Student_Performance,False,
UCI_0010,por,Portuguese,G3,13,20,65.0,UCI_Student_Performance,False,
UCI_0011,mat,Mathematics,G1,10,20,50.0,UCI_Student_Performance,False,
UCI_0011,mat,Mathematics,G2,8,20,40.0,UCI_Student_Performance,False,
UCI_0011,mat,Mathematics,G3,9,20,45.0,UCI_Student_Performance,False,
UCI_0011,por,Portuguese,G1,14,20,70.0,UCI_Student_Performance,False,
UCI_0011,por,Portuguese,G2,14,20,70.0,UCI_Student_Performance,False,
UCI_0011,por,Portuguese,G3,14,20,70.0,UCI_Student_Performance,False,
UCI_0012,mat,Mathematics,G1,10,20,50.0,UCI_Student_Performance,False,
UCI_0012,mat,Mathematics,G2,12,20,60.0,UCI_Student_Performance,False,
UCI_0012,mat,Mathematics,G3,12,20,60.0,UCI_Student_Performance,False,
UCI_0012,por,Portuguese,G1,10,20,50.0,UCI_Student_Performance,False,
UCI_0012,por,Portuguese,G2,12,20,60.0,UCI_Student_Performance,False,
UCI_0012,por,Portuguese,G3,13,20,65.0,UCI_Student_Performance,False,
UCI_0013,mat,Mathematics,G1,14,20,70.0,UCI_Student_Performance,False,
UCI_0013,mat,Mathematics,G2,14,20,70.0,UCI_Student_Performance,False,
UCI_0013,mat,Mathematics,G3,14,20,70.0,UCI_Student_Performance,False,
UCI_0013,por,Portuguese,G1,12,20,60.0,UCI_Student_Performance,False,
UCI_0013,por,Portuguese,G2,13,20,65.0,UCI_Student_Performance,False,
UCI_0013,por,Portuguese,G3,12,20,60.0,UCI_Student_Performance,False,
UCI_0014,mat,Mathematics,G1,10,20,50.0,UCI_Student_Performance,False,
UCI_0014,mat,Mathematics,G2,10,20,50.0,UCI_Student_Performance,False,
UCI_0014,mat,Mathematics,G3,11,20,55.0,UCI_Student_Performance,False,
UCI_0014,por,Portuguese,G1,12,20,60.0,UCI_Student_Performance,False,
UCI_0014,por,Portuguese,G2,12,20,60.0,UCI_Student_Performance,False,
UCI_0014,por,Portuguese,G3,13,20,65.0,UCI_Student_Performance,False,
UCI_0015,mat,Mathematics,G1,14,20,70.0,UCI_Student_Performance,False,
UCI_0015,mat,Mathematics,G2,16,20,80.0,UCI_Student_Performance,False,
UCI_0015,mat,Mathematics,G3,16,20,80.0,UCI_Student_Performance,False,
UCI_0015,por,Portuguese,G1,14,20,70.0,UCI_Student_Performance,False,
UCI_0015,por,Portuguese,G2,14,20,70.0,UCI_Student_Performance,False,
UCI_0015,por,Portuguese,G3,15,20,75.0,UCI_Student_Performance,False,
UCI_0016,mat,Mathematics,G1,14,20,70.0,UCI_Student_Performance,False,
UCI_0016,mat,Mathematics,G2,14,20,70.0,UCI_Student_Performance,False,
UCI_0016,mat,Mathematics,G3,14,20,70.0,UCI_Student_Performance,False,
UCI_0016,por,Portuguese,G1,17,20,85.0,UCI_Student_Performance,False,
UCI_0016,por,Portuguese,G2,17,20,85.0,UCI_Student_Performance,False,
UCI_0016,por,Portuguese,G3,17,20,85.0,UCI_Student_Performance,False,
UCI_0017,mat,Mathematics,G1,13,20,65.0,UCI_Student_Performance,False,
UCI_0017,mat,Mathematics,G2,14,20,70.0,UCI_Student_Performance,False,
UCI_0017,mat,Mathematics,G3,14,20,70.0,UCI_Student_Performance,False,
UCI_0017,por,Portuguese,G1,13,20,65.0,UCI_Student_Performance,False,
UCI_0017,por,Portuguese,G2,13,20,65.0,UCI_Student_Performance,False,
UCI_0017,por,Portuguese,G3,14,20,70.0,UCI_Student_Performance,False,
UCI_0018,mat,Mathematics,G1,8,20,40.0,UCI_Student_Performance,False,
UCI_0018,mat,Mathematics,G2,10,20,50.0,UCI_Student_Performance,False,
UCI_0018,mat,Mathematics,G3,10,20,50.0,UCI_Student_Performance,False,
UCI_0018,por,Portuguese,G1,13,20,65.0,UCI_Student_Performance,False,
UCI_0018,por,Portuguese,G2,14,20,70.0,UCI_Student_Performance,False,
UCI_0018,por,Portuguese,G3,14,20,70.0,UCI_Student_Performance,False,
UCI_0019,mat,Mathematics,G1,6,20,30.0,UCI_Student_Performance,False,
UCI_0019,mat,Mathematics,G2,5,20,25.0,UCI_Student_Performance,False,
UCI_0019,mat,Mathematics,G3,5,20,25.0,UCI_Student_Performance,False,
UCI_0019,por,Portuguese,G1,8,20,40.0,UCI_Student_Performance,False,
UCI_0019,por,Portuguese,G2,8,20,40.0,UCI_Student_Performance,False,
UCI_0019,por,Portuguese,G3,7,20,35.0,UCI_Student_Performance,False,
UCI_0020,mat,Mathematics,G1,8,20,40.0,UCI_Student_Performance,False,
UCI_0020,mat,Mathematics,G2,10,20,50.0,UCI_Student_Performance,False,
UCI_0020,mat,Mathematics,G3,10,20,50.0,UCI_Student_Performance,False,
UCI_0020,por,Portuguese,G1,12,20,60.0,UCI_Student_Performance,False,
UCI_0020,por,Portuguese,G2,12,20,60.0,UCI_Student_Performance,False,
UCI_0020,por,Portuguese,G3,12,20,60.0,UCI_Student_Performance,False,
UCI_0021,mat,Mathematics,G1,13,20,65.0,UCI_Student_Performance,False,
UCI_0021,mat,Mathematics,G2,14,20,70.0,UCI_Student_Performance,False,
UCI_0021,mat,Mathematics,G3,15,20,75.0,UCI_Student_Performance,False,
UCI_0021,por,Portuguese,G1,12,20,60.0,UCI_Student_Performance,False,
UCI_0021,por,Portuguese,G2,13,20,65.0,UCI_Student_Performance,False,
UCI_0021,por,Portuguese,G3,14,20,70.0,UCI_Student_Performance,False,
UCI_0022,mat,Mathematics,G1,12,20,60.0,UCI_Student_Performance,False,
UCI_0022,mat,Mathematics,G2,15,20,75.0,UCI_Student_Performance,False,
UCI_0022,mat,Mathematics,G3,15,20,75.0,UCI_Student_Performance,False,
UCI_0022,por,Portuguese,G1,11,20,55.0,UCI_Student_Performance,False,
UCI_0022,por,Portuguese,G2,12,20,60.0,UCI_Student_Performance,False,
UCI_0022,por,Portuguese,G3,12,20,60.0,UCI_Student_Performance,False,
UCI_0023,mat,Mathematics,G1,15,20,75.0,UCI_Student_Performance,False,
UCI_0023,mat,Mathematics,G2,15,20,75.0,UCI_Student_Performance,False,
UCI_0023,mat,Mathematics,G3,16,20,80.0,UCI_Student_Performance,False,
UCI_0023,por,Portuguese,G1,12,20,60.0,UCI_Student_Performance,False,
UCI_0023,por,Portuguese,G2,13,20,65.0,UCI_Student_Performance,False,
UCI_0023,por,Portuguese,G3,14,20,70.0,UCI_Student_Performance,False,
UCI_0024,mat,Mathematics,G1,13,20,65.0,UCI_Student_Performance,False,
UCI_0024,mat,Mathematics,G2,13,20,65.0,UCI_Student_Performance,False,
UCI_0024,mat,Mathematics,G3,12,20,60.0,UCI_Student_Performance,False,
UCI_0024,por,Portuguese,G1,10,20,50.0,UCI_Student_Performance,False,
UCI_0024,por,Portuguese,G2,10,20,50.0,UCI_Student_Performance,False,
UCI_0024,por,Portuguese,G3,10,20,50.0,UCI_Student_Performance,False,
UCI_0025,mat,Mathematics,G1,10,20,50.0,UCI_Student_Performance,False,
UCI_0025,mat,Mathematics,G2,9,20,45.0,UCI_Student_Performance,False,
UCI_0025,mat,Mathematics,G3,8,20,40.0,UCI_Student_Performance,False,
UCI_0025,por,Portuguese,G1,10,20,50.0,UCI_Student_Performance,False,
UCI_0025,por,Portuguese,G2,11,20,55.0,UCI_Student_Performance,False,
UCI_0025,por,Portuguese,G3,10,20,50.0,UCI_Student_Performance,False,
UCI_0026,mat,Mathematics,G1,6,20,30.0,UCI_Student_Performance,False,
UCI_0026,mat,Mathematics,G2,9,20,45.0,UCI_Student_Performance,False,
UCI_0026,mat,Mathematics,G3,8,20,40.0,UCI_Student_Performance,False,
UCI_0026,por,Portuguese,G1,10,20,50.0,UCI_Student_Performance,False,
UCI_0026,por,Portuguese,G2,11,20,55.0,UCI_Student_Performance,False,
UCI_0026,por,Portuguese,G3,12,20,60.0,UCI_Student_Performance,False,
UCI_0027,mat,Mathematics,G1,12,20,60.0,UCI_Student_Performance,False,
UCI_0027,mat,Mathematics,G2,12,20,60.0,UCI_Student_Performance,False,
UCI_0027,mat,Mathematics,G3,11,20,55.0,UCI_Student_Performance,False,
UCI_0027,por,Portuguese,G1,11,20,55.0,UCI_Student_Performance,False,
UCI_0027,por,Portuguese,G2,12,20,60.0,UCI_Student_Performance,False,
UCI_0027,por,Portuguese,G3,12,20,60.0,UCI_Student_Performance,False,
UCI_0028,mat,Mathematics,G1,15,20,75.0,UCI_Student_Performance,False,
UCI_0028,mat,Mathematics,G2,16,20,80.0,UCI_Student_Performance,False,
UCI_0028,mat,Mathematics,G3,15,20,75.0,UCI_Student_Performance,False,
UCI_0028,por,Portuguese,G1,11,20,55.0,UCI_Student_Performance,False,
UCI_0028,por,Portuguese,G2,11,20,55.0,UCI_Student_Performance,False,
UCI_0028,por,Portuguese,G3,11,20,55.0,UCI_Student_Performance,False,
UCI_0029,mat,Mathematics,G1,11,20,55.0,UCI_Student_Performance,False,
UCI_0029,mat,Mathematics,G2,11,20,55.0,UCI_Student_Performance,False,
UCI_0029,mat,Mathematics,G3,11,20,55.0,UCI_Student_Performance,False,
UCI_0029,por,Portuguese,G1,12,20,60.0,UCI_Student_Performance,False,
UCI_0029,por,Portuguese,G2,12,20,60.0,UCI_Student_Performance,False,
UCI_0029,por,Portuguese,G3,13,20,65.0,UCI_Student_Performance,False,
UCI_0030,mat,Mathematics,G1,10,20,50.0,UCI_Student_Performance,False,
UCI_0030,mat,Mathematics,G2,12,20,60.0,UCI_Student_Performance,False,
UCI_0030,mat,Mathematics,G3,11,20,55.0,UCI_Student_Performance,False,
UCI_0030,por,Portuguese,G1,12,20,60.0,UCI_Student_Performance,False,
UCI_0030,por,Portuguese,G2,11,20,55.0,UCI_Student_Performance,False,
UCI_0030,por,Portuguese,G3,12,20,60.0,UCI_Student_Performance,False,
UCI_0031,mat,Mathematics,G1,9,20,45.0,UCI_Student_Performance,False,
UCI_0031,mat,Mathematics,G2,11,20,55.0,UCI_Student_Performance,False,
UCI_0031,mat,Mathematics,G3,12,20,60.0,UCI_Student_Performance,False,
UCI_0031,por,Portuguese,G1,10,20,50.0,UCI_Student_Performance,False,
UCI_0031,por,Portuguese,G2,11,20,55.0,UCI_Student_Performance,False,
UCI_0031,por,Portuguese,G3,11,20,55.0,UCI_Student_Performance,False,
UCI_0032,mat,Mathematics,G1,17,20,85.0,UCI_Student_Performance,False,
UCI_0032,mat,Mathematics,G2,16,20,80.0,UCI_Student_Performance,False,
UCI_0032,mat,Mathematics,G3,17,20,85.0,UCI_Student_Performance,False,
UCI_0032,por,Portuguese,G1,15,20,75.0,UCI_Student_Performance,False,
UCI_0032,por,Portuguese,G2,15,20,75.0,UCI_Student_Performance,False,
UCI_0032,por,Portuguese,G3,15,20,75.0,UCI_Student_Performance,False,
UCI_0033,mat,Mathematics,G1,17,20,85.0,UCI_Student_Performance,False,
UCI_0033,mat,Mathematics,G2,16,20,80.0,UCI_Student_Performance,False,
UCI_0033,mat,Mathematics,G3,16,20,80.0,UCI_Student_Performance,False,
UCI_0033,por,Portuguese,G1,13,20,65.0,UCI_Student_Performance,False,
UCI_0033,por,Portuguese,G2,14,20,70.0,UCI_Student_Performance,False,
UCI_0033,por,Portuguese,G3,15,20,75.0,UCI_Student_Performance,False,
UCI_0034,mat,Mathematics,G1,8,20,40.0,UCI_Student_Performance,False,
UCI_0034,mat,Mathematics,G2,10,20,50.0,UCI_Student_Performance,False,
UCI_0034,mat,Mathematics,G3,12,20,60.0,UCI_Student_Performance,False,
UCI_0034,por,Portuguese,G1,13,20,65.0,UCI_Student_Performance,False,
UCI_0034,por,Portuguese,G2,12,20,60.0,UCI_Student_Performance,False,
UCI_0034,por,Portuguese,G3,12,20,60.0,UCI_Student_Performance,False,
UCI_0035,mat,Mathematics,G1,12,20,60.0,UCI_Student_Performance,False,
UCI_0035,mat,Mathematics,G2,14,20,70.0,UCI_Student_Performance,False,
UCI_0035,mat,Mathematics,G3,15,20,75.0,UCI_Student_Performance,False,
UCI_0035,por,Portuguese,G1,12,20,60.0,UCI_Student_Performance,False,
UCI_0035,por,Portuguese,G2,12,20,60.0,UCI_Student_Performance,False,
UCI_0035,por,Portuguese,G3,12,20,60.0,UCI_Student_Performance,False,
UCI_0036,mat,Mathematics,G1,8,20,40.0,UCI_Student_Performance,False,
UCI_0036,mat,Mathematics,G2,7,20,35.0,UCI_Student_Performance,False,
UCI_0036,mat,Mathematics,G3,6,20,30.0,UCI_Student_Performance,False,
UCI_0036,por,Portuguese,G1,11,20,55.0,UCI_Student_Performance,False,
UCI_0036,por,Portuguese,G2,11,20,55.0,UCI_Student_Performance,False,
UCI_0036,por,Portuguese,G3,11,20,55.0,UCI_Student_Performance,False,
UCI_0037,mat,Mathematics,G1,15,20,75.0,UCI_Student_Performance,False,
UCI_0037,mat,Mathematics,G2,16,20,80.0,UCI_Student_Performance,False,
UCI_0037,mat,Mathematics,G3,18,20,90.0,UCI_Student_Performance,False,
UCI_0037,por,Portuguese,G1,14,20,70.0,UCI_Student_Performance,False,
UCI_0037,por,Portuguese,G2,14,20,70.0,UCI_Student_Performance,False,
UCI_0037,por,Portuguese,G3,14,20,70.0,UCI_Student_Performance,False,
UCI_0038,mat,Mathematics,G1,15,20,75.0,UCI_Student_Performance,False,
UCI_0038,mat,Mathematics,G2,16,20,80.0,UCI_Student_Performance,False,
UCI_0038,mat,Mathematics,G3,15,20,75.0,UCI_Student_Performance,False,
UCI_0038,por,Portuguese,G1,13,20,65.0,UCI_Student_Performance,False,
UCI_0038,por,Portuguese,G2,13,20,65.0,UCI_Student_Performance,False,
UCI_0038,por,Portuguese,G3,13,20,65.0,UCI_Student_Performance,False,
UCI_0039,mat,Mathematics,G1,12,20,60.0,UCI_Student_Performance,False,
UCI_0039,mat,Mathematics,G2,12,20,60.0,UCI_Student_Performance,False,
UCI_0039,mat,Mathematics,G3,11,20,55.0,UCI_Student_Performance,False,
UCI_0039,por,Portuguese,G1,11,20,55.0,UCI_Student_Performance,False,
UCI_0039,por,Portuguese,G2,12,20,60.0,UCI_Student_Performance,False,
UCI_0039,por,Portuguese,G3,12,20,60.0,UCI_Student_Performance,False,
UCI_0040,mat,Mathematics,G1,14,20,70.0,UCI_Student_Performance,False,
UCI_0040,mat,Mathematics,G2,13,20,65.0,UCI_Student_Performance,False,
UCI_0040,mat,Mathematics,G3,13,20,65.0,UCI_Student_Performance,False,
UCI_0040,por,Portuguese,G1,14,20,70.0,UCI_Student_Performance,False,
UCI_0040,por,Portuguese,G2,13,20,65.0,UCI_Student_Performance,False,
UCI_0040,por,Portuguese,G3,12,20,60.0,UCI_Student_Performance,False,
UCI_0041,mat,Mathematics,G1,7,20,35.0,UCI_Student_Performance,False,
UCI_0041,mat,Mathematics,G2,10,20,50.0,UCI_Student_Performance,False,
UCI_0041,mat,Mathematics,G3,11,20,55.0,UCI_Student_Performance,False,
UCI_0041,por,Portuguese,G1,11,20,55.0,UCI_Student_Performance,False,
UCI_0041,por,Portuguese,G2,11,20,55.0,UCI_Student_Performance,False,
UCI_0041,por,Portuguese,G3,10,20,50.0,UCI_Student_Performance,False,
UCI_0042,mat,Mathematics,G1,12,20,60.0,UCI_Student_Performance,False,
UCI_0042,mat,Mathematics,G2,12,20,60.0,UCI_Student_Performance,False,
UCI_0042,mat,Mathematics,G3,12,20,60.0,UCI_Student_Performance,False,
UCI_0042,por,Portuguese,G1,10,20,50.0,UCI_Student_Performance,False,
UCI_0042,por,Portuguese,G2,11,20,55.0,UCI_Student_Performance,False,
UCI_0042,por,Portuguese,G3,11,20,55.0,UCI_Student_Performance,False,
UCI_0043,mat,Mathematics,G1,19,20,95.0,UCI_Student_Performance,False,
UCI_0043,mat,Mathematics,G2,18,20,90.0,UCI_Student_Performance,False,
UCI_0043,mat,Mathematics,G3,18,20,90.0,UCI_Student_Performance,False,
UCI_0043,por,Portuguese,G1,14,20,70.0,UCI_Student_Performance,False,
UCI_0043,por,Portuguese,G2,15,20,75.0,UCI_Student_Performance,False,
UCI_0043,por,Portuguese,G3,15,20,75.0,UCI_Student_Performance,False,
UCI_0044,mat,Mathematics,G1,8,20,40.0,UCI_Student_Performance,False,
UCI_0044,mat,Mathematics,G2,8,20,40.0,UCI_Student_Performance,False,
UCI_0044,mat,Mathematics,G3,11,20,55.0,UCI_Student_Performance,False,
UCI_0044,por,Portuguese,G1,9,20,45.0,UCI_Student_Performance,False,
UCI_0044,por,Portuguese,G2,10,20,50.0,UCI_Student_Performance,False,
UCI_0044,por,Portuguese,G3,10,20,50.0,UCI_Student_Performance,False,
UCI_0045,mat,Mathematics,G1,10,20,50.0,UCI_Student_Performance,False,
UCI_0045,mat,Mathematics,G2,10,20,50.0,UCI_Student_Performance,False,
UCI_0045,mat,Mathematics,G3,9,20,45.0,UCI_Student_Performance,False,
UCI_0045,por,Portuguese,G1,10,20,50.0,UCI_Student_Performance,False,
UCI_0045,por,Portuguese,G2,11,20,55.0,UCI_Student_Performance,False,
UCI_0045,por,Portuguese,G3,11,20,55.0,UCI_Student_Performance,False,
UCI_0046,mat,Mathematics,G1,8,20,40.0,UCI_Student_Performance,False,
UCI_0046,mat,Mathematics,G2,8,20,40.0,UCI_Student_Performance,False,
UCI_0046,mat,Mathematics,G3,6,20,30.0,UCI_Student_Performance,False,
UCI_0046,por,Portuguese,G1,10,20,50.0,UCI_Student_Performance,False,
UCI_0046,por,Portuguese,G2,11,20,55.0,UCI_Student_Performance,False,
UCI_0046,por,Portuguese,G3,11,20,55.0,UCI_Student_Performance,False,
UCI_0047,mat,Mathematics,G1,11,20,55.0,UCI_Student_Performance,False,
UCI_0047,mat,Mathematics,G2,12,20,60.0,UCI_Student_Performance,False,
UCI_0047,mat,Mathematics,G3,11,20,55.0,UCI_Student_Performance,False,
UCI_0047,por,Portuguese,G1,13,20,65.0,UCI_Student_Performance,False,
UCI_0047,por,Portuguese,G2,12,20,60.0,UCI_Student_Performance,False,
UCI_0047,por,Portuguese,G3,13,20,65.0,UCI_Student_Performance,False,
UCI_0048,mat,Mathematics,G1,19,20,95.0,UCI_Student_Performance,False,
UCI_0048,mat,Mathematics,G2,19,20,95.0,UCI_Student_Performance,False,
UCI_0048,mat,Mathematics,G3,20,20,100.0,UCI_Student_Performance,False,
UCI_0048,por,Portuguese,G1,17,20,85.0,UCI_Student_Performance,False,
UCI_0048,por,Portuguese,G2,17,20,85.0,UCI_Student_Performance,False,
UCI_0048,por,Portuguese,G3,17,20,85.0,UCI_Student_Performance,False,
UCI_0049,mat,Mathematics,G1,15,20,75.0,UCI_Student_Performance,False,
UCI_0049,mat,Mathematics,G2,15,20,75.0,UCI_Student_Performance,False,
UCI_0049,mat,Mathematics,G3,14,20,70.0,UCI_Student_Performance,False,
UCI_0049,por,Portuguese,G1,11,20,55.0,UCI_Student_Performance,False,
UCI_0049,por,Portuguese,G2,12,20,60.0,UCI_Student_Performance,False,
UCI_0049,por,Portuguese,G3,13,20,65.0,UCI_Student_Performance,False,
UCI_0050,mat,Mathematics,G1,7,20,35.0,UCI_Student_Performance,False,
UCI_0050,mat,Mathematics,G2,7,20,35.0,UCI_Student_Performance,False,
UCI_0050,mat,Mathematics,G3,7,20,35.0,UCI_Student_Performance,False,
UCI_0050,por,Portuguese,G1,13,20,65.0,UCI_Student_Performance,False,
UCI_0050,por,Portuguese,G2,12,20,60.0,UCI_Student_Performance,False,
UCI_0050,por,Portuguese,G3,12,20,60.0,UCI_Student_Performance,False,
UCI_0051,mat,Mathematics,G1,12,20,60.0,UCI_Student_Performance,False,
UCI_0051,mat,Mathematics,G2,13,20,65.0,UCI_Student_Performance,False,
UCI_0051,mat,Mathematics,G3,13,20,65.0,UCI_Student_Performance,False,
UCI_0051,por,Portuguese,G1,14,20,70.0,UCI_Student_Performance,False,
UCI_0051,por,Portuguese,G2,13,20,65.0,UCI_Student_Performance,False,
UCI_0051,por,Portuguese,G3,13,20,65.0,UCI_Student_Performance,False,
UCI_0052,mat,Mathematics,G1,11,20,55.0,UCI_Student_Performance,False,
UCI_0052,mat,Mathematics,G2,13,20,65.0,UCI_Student_Performance,False,
UCI_0052,mat,Mathematics,G3,13,20,65.0,UCI_Student_Performance,False,
UCI_0052,por,Portuguese,G1,16,20,80.0,UCI_Student_Performance,False,
UCI_0052,por,Portuguese,G2,14,20,70.0,UCI_Student_Performance,False,
UCI_0052,por,Portuguese,G3,16,20,80.0,UCI_Student_Performance,False,
UCI_0053,mat,Mathematics,G1,11,20,55.0,UCI_Student_Performance,False,
UCI_0053,mat,Mathematics,G2,11,20,55.0,UCI_Student_Performance,False,
UCI_0053,mat,Mathematics,G3,10,20,50.0,UCI_Student_Performance,False,
UCI_0053,por,Portuguese,G1,10,20,50.0,UCI_Student_Performance,False,
UCI_0053,por,Portuguese,G2,9,20,45.0,UCI_Student_Performance,False,
UCI_0053,por,Portuguese,G3,9,20,45.0,UCI_Student_Performance,False,
UCI_0054,mat,Mathematics,G1,8,20,40.0,UCI_Student_Performance,False,
UCI_0054,mat,Mathematics,G2,10,20,50.0,UCI_Student_Performance,False,
UCI_0054,mat,Mathematics,G3,11,20,55.0,UCI_Student_Performance,False,
UCI_0054,por,Portuguese,G1,13,20,65.0,UCI_Student_Performance,False,
UCI_0054,por,Portuguese,G2,12,20,60.0,UCI_Student_Performance,False,
UCI_0054,por,Portuguese,G3,12,20,60.0,UCI_Student_Performance,False,
UCI_0055,mat,Mathematics,G1,10,20,50.0,UCI_Student_Performance,False,
UCI_0055,mat,Mathematics,G2,13,20,65.0,UCI_Student_Performance,False,
UCI_0055,mat,Mathematics,G3,13,20,65.0,UCI_Student_Performance,False,
UCI_0055,por,Portuguese,G1,13,20,65.0,UCI_Student_Performance,False,
UCI_0055,por,Portuguese,G2,12,20,60.0,UCI_Student_Performance,False,
UCI_0055,por,Portuguese,G3,13,20,65.0,UCI_Student_Performance,False,
UCI_0056,mat,Mathematics,G1,8,20,40.0,UCI_Student_Performance,False,
UCI_0056,mat,Mathematics,G2,9,20,45.0,UCI_Student_Performance,False,
UCI_0056,mat,Mathematics,G3,10,20,50.0,UCI_Student_Performance,False,
UCI_0056,por,Portuguese,G1,12,20,60.0,UCI_Student_Performance,False,
UCI_0056,por,Portuguese,G2,13,20,65.0,UCI_Student_Performance,False,
UCI_0056,por,Portuguese,G3,12,20,60.0,UCI_Student_Performance,False,
UCI_0057,mat,Mathematics,G1,14,20,70.0,UCI_Student_Performance,False,
UCI_0057,mat,Mathematics,G2,15,20,75.0,UCI_Student_Performance,False,
UCI_0057,mat,Mathematics,G3,15,20,75.0,UCI_Student_Performance,False,
UCI_0057,por,Portuguese,G1,15,20,75.0,UCI_Student_Performance,False,
UCI_0057,por,Portuguese,G2,14,20,70.0,UCI_Student_Performance,False,
UCI_0057,por,Portuguese,G3,15,20,75.0,UCI_Student_Performance,False,
UCI_0058,mat,Mathematics,G1,14,20,70.0,UCI_Student_Performance,False,
UCI_0058,mat,Mathematics,G2,15,20,75.0,UCI_Student_Performance,False,
UCI_0058,mat,Mathematics,G3,15,20,75.0,UCI_Student_Performance,False,
UCI_0058,por,Portuguese,G1,15,20,75.0,UCI_Student_Performance,False,
UCI_0058,por,Portuguese,G2,15,20,75.0,UCI_Student_Performance,False,
UCI_0058,por,Portuguese,G3,16,20,80.0,UCI_Student_Performance,False,
UCI_0059,mat,Mathematics,G1,9,20,45.0,UCI_Student_Performance,False,
UCI_0059,mat,Mathematics,G2,10,20,50.0,UCI_Student_Performance,False,
UCI_0059,mat,Mathematics,G3,9,20,45.0,UCI_Student_Performance,False,
UCI_0059,por,Portuguese,G1,14,20,70.0,UCI_Student_Performance,False,
UCI_0059,por,Portuguese,G2,13,20,65.0,UCI_Student_Performance,False,
UCI_0059,por,Portuguese,G3,14,20,70.0,UCI_Student_Performance,False,
UCI_0060,mat,Mathematics,G1,15,20,75.0,UCI_Student_Performance,False,
UCI_0060,mat,Mathematics,G2,16,20,80.0,UCI_Student_Performance,False,
UCI_0060,mat,Mathematics,G3,16,20,80.0,UCI_Student_Performance,False,
UCI_0060,por,Portuguese,G1,16,20,80.0,UCI_Student_Performance,False,
UCI_0060,por,Portuguese,G2,15,20,75.0,UCI_Student_Performance,False,
UCI_0060,por,Portuguese,G3,16,20,80.0,UCI_Student_Performance,False,
UCI_0061,mat,Mathematics,G1,10,20,50.0,UCI_Student_Performance,False,
UCI_0061,mat,Mathematics,G2,11,20,55.0,UCI_Student_Performance,False,
UCI_0061,mat,Mathematics,G3,11,20,55.0,UCI_Student_Performance,False,
UCI_0061,por,Portuguese,G1,17,20,85.0,UCI_Student_Performance,False,
UCI_0061,por,Portuguese,G2,16,20,80.0,UCI_Student_Performance,False,
UCI_0061,por,Portuguese,G3,16,20,80.0,UCI_Student_Performance,False,
UCI_0062,mat,Mathematics,G1,10,20,50.0,UCI_Student_Performance,False,
UCI_0062,mat,Mathematics,G2,8,20,40.0,UCI_Student_Performance,False,
UCI_0062,mat,Mathematics,G3,11,20,55.0,UCI_Student_Performance,False,
UCI_0062,por,Portuguese,G1,10,20,50.0,UCI_Student_Performance,False,
UCI_0062,por,Portuguese,G2,10,20,50.0,UCI_Student_Performance,False,
UCI_0062,por,Portuguese,G3,16,20,80.0,UCI_Student_Performance,False,
UCI_0063,mat,Mathematics,G1,8,20,40.0,UCI_Student_Performance,False,
UCI_0063,mat,Mathematics,G2,10,20,50.0,UCI_Student_Performance,False,
UCI_0063,mat,Mathematics,G3,9,20,45.0,UCI_Student_Performance,False,
UCI_0063,por,Portuguese,G1,13,20,65.0,UCI_Student_Performance,False,
UCI_0063,por,Portuguese,G2,13,20,65.0,UCI_Student_Performance,False,
UCI_0063,por,Portuguese,G3,10,20,50.0,UCI_Student_Performance,False,
UCI_0064,mat,Mathematics,G1,10,20,50.0,UCI_Student_Performance,False,
UCI_0064,mat,Mathematics,G2,9,20,45.0,UCI_Student_Performance,False,
UCI_0064,mat,Mathematics,G3,9,20,45.0,UCI_Student_Performance,False,
UCI_0064,por,Portuguese,G1,14,20,70.0,UCI_Student_Performance,False,
UCI_0064,por,Portuguese,G2,13,20,65.0,UCI_Student_Performance,False,
UCI_0064,por,Portuguese,G3,13,20,65.0,UCI_Student_Performance,False,
UCI_0065,mat,Mathematics,G1,10,20,50.0,UCI_Student_Performance,False,
UCI_0065,mat,Mathematics,G2,10,20,50.0,UCI_Student_Performance,False,
UCI_0065,mat,Mathematics,G3,10,20,50.0,UCI_Student_Performance,False,
UCI_0065,por,Portuguese,G1,13,20,65.0,UCI_Student_Performance,False,
UCI_0065,por,Portuguese,G2,12,20,60.0,UCI_Student_Performance,False,
UCI_0065,por,Portuguese,G3,12,20,60.0,UCI_Student_Performance,False,
UCI_0066,mat,Mathematics,G1,16,20,80.0,UCI_Student_Performance,False,
UCI_0066,mat,Mathematics,G2,15,20,75.0,UCI_Student_Performance,False,
UCI_0066,mat,Mathematics,G3,15,20,75.0,UCI_Student_Performance,False,
UCI_0066,por,Portuguese,G1,16,20,80.0,UCI_Student_Performance,False,
UCI_0066,por,Portuguese,G2,15,20,75.0,UCI_Student_Performance,False,
UCI_0066,por,Portuguese,G3,16,20,80.0,UCI_Student_Performance,False,
UCI_0067,mat,Mathematics,G1,13,20,65.0,UCI_Student_Performance,False,
UCI_0067,mat,Mathematics,G2,13,20,65.0,UCI_Student_Performance,False,
UCI_0067,mat,Mathematics,G3,12,20,60.0,UCI_Student_Performance,False,
UCI_0067,por,Portuguese,G1,11,20,55.0,UCI_Student_Performance,False,
UCI_0067,por,Portuguese,G2,12,20,60.0,UCI_Student_Performance,False,
UCI_0067,por,Portuguese,G3,12,20,60.0,UCI_Student_Performance,False,
UCI_0068,mat,Mathematics,G1,7,20,35.0,UCI_Student_Performance,False,
UCI_0068,mat,Mathematics,G2,7,20,35.0,UCI_Student_Performance,False,
UCI_0068,mat,Mathematics,G3,6,20,30.0,UCI_Student_Performance,False,
UCI_0068,por,Portuguese,G1,10,20,50.0,UCI_Student_Performance,False,
UCI_0068,por,Portuguese,G2,9,20,45.0,UCI_Student_Performance,False,
UCI_0068,por,Portuguese,G3,10,20,50.0,UCI_Student_Performance,False,
UCI_0069,mat,Mathematics,G1,8,20,40.0,UCI_Student_Performance,False,
UCI_0069,mat,Mathematics,G2,9,20,45.0,UCI_Student_Performance,False,
UCI_0069,mat,Mathematics,G3,8,20,40.0,UCI_Student_Performance,False,
UCI_0069,por,Portuguese,G1,11,20,55.0,UCI_Student_Performance,False,
UCI_0069,por,Portuguese,G2,10,20,50.0,UCI_Student_Performance,False,
UCI_0069,por,Portuguese,G3,11,20,55.0,UCI_Student_Performance,False,
UCI_0070,mat,Mathematics,G1,16,20,80.0,UCI_Student_Performance,False,
UCI_0070,mat,Mathematics,G2,16,20,80.0,UCI_Student_Performance,False,
UCI_0070,mat,Mathematics,G3,16,20,80.0,UCI_Student_Performance,False,
UCI_0070,por,Portuguese,G1,15,20,75.0,UCI_Student_Performance,False,
UCI_0070,por,Portuguese,G2,15,20,75.0,UCI_Student_Performance,False,
UCI_0070,por,Portuguese,G3,15,20,75.0,UCI_Student_Performance,False,
UCI_0071,mat,Mathematics,G1,13,20,65.0,UCI_Student_Performance,False,
UCI_0071,mat,Mathematics,G2,15,20,75.0,UCI_Student_Performance,False,
UCI_0071,mat,Mathematics,G3,15,20,75.0,UCI_Student_Performance,False,
UCI_0071,por,Portuguese,G1,13,20,65.0,UCI_Student_Performance,False,
UCI_0071,por,Portuguese,G2,11,20,55.0,UCI_Student_Performance,False,
UCI_0071,por,Portuguese,G3,11,20,55.0,UCI_Student_Performance,False,
UCI_0072,mat,Mathematics,G1,10,20,50.0,UCI_Student_Performance,False,
UCI_0072,mat,Mathematics,G2,10,20,50.0,UCI_Student_Performance,False,
UCI_0072,mat,Mathematics,G3,10,20,50.0,UCI_Student_Performance,False,
UCI_0072,por,Portuguese,G1,11,20,55.0,UCI_Student_Performance,False,
UCI_0072,por,Portuguese,G2,9,20,45.0,UCI_Student_Performance,False,
UCI_0072,por,Portuguese,G3,10,20,50.0,UCI_Student_Performance,False,
UCI_0073,mat,Mathematics,G1,8,20,40.0,UCI_Student_Performance,False,
UCI_0073,mat,Mathematics,G2,6,20,30.0,UCI_Student_Performance,False,
UCI_0073,mat,Mathematics,G3,5,20,25.0,UCI_Student_Performance,False,
UCI_0073,por,Portuguese,G1,13,20,65.0,UCI_Student_Performance,False,
UCI_0073,por,Portuguese,G2,11,20,55.0,UCI_Student_Performance,False,
UCI_0073,por,Portuguese,G3,11,20,55.0,UCI_Student_Performance,False,
UCI_0074,mat,Mathematics,G1,12,20,60.0,UCI_Student_Performance,False,
UCI_0074,mat,Mathematics,G2,12,20,60.0,UCI_Student_Performance,False,
UCI_0074,mat,Mathematics,G3,14,20,70.0,UCI_Student_Performance,False,
UCI_0074,por,Portuguese,G1,13,20,65.0,UCI_Student_Performance,False,
UCI_0074,por,Portuguese,G2,13,20,65.0,UCI_Student_Performance,False,
UCI_0074,por,Portuguese,G3,14,20,70.0,UCI_Student_Performance,False,
UCI_0075,mat,Mathematics,G1,11,20,55.0,UCI_Student_Performance,False,
UCI_0075,mat,Mathematics,G2,12,20,60.0,UCI_Student_Performance,False,
UCI_0075,mat,Mathematics,G3,11,20,55.0,UCI_Student_Performance,False,
UCI_0075,por,Portuguese,G1,11,20,55.0,UCI_Student_Performance,False,
UCI_0075,por,Portuguese,G2,11,20,55.0,UCI_Student_Performance,False,
UCI_0075,por,Portuguese,G3,11,20,55.0,UCI_Student_Performance,False,
UCI_0076,mat,Mathematics,G1,9,20,45.0,UCI_Student_Performance,False,
UCI_0076,mat,Mathematics,G2,9,20,45.0,UCI_Student_Performance,False,
UCI_0076,mat,Mathematics,G3,10,20,50.0,UCI_Student_Performance,False,
UCI_0076,por,Portuguese,G1,11,20,55.0,UCI_Student_Performance,False,
UCI_0076,por,Portuguese,G2,11,20,55.0,UCI_Student_Performance,False,
UCI_0076,por,Portuguese,G3,11,20,55.0,UCI_Student_Performance,False,
UCI_0077,mat,Mathematics,G1,11,20,55.0,UCI_Student_Performance,False,
UCI_0077,mat,Mathematics,G2,11,20,55.0,UCI_Student_Performance,False,
UCI_0077,mat,Mathematics,G3,10,20,50.0,UCI_Student_Performance,False,
UCI_0077,por,Portuguese,G1,12,20,60.0,UCI_Student_Performance,False,
UCI_0077,por,Portuguese,G2,11,20,55.0,UCI_Student_Performance,False,
UCI_0077,por,Portuguese,G3,11,20,55.0,UCI_Student_Performance,False,
UCI_0078,mat,Mathematics,G1,11,20,55.0,UCI_Student_Performance,False,
UCI_0078,mat,Mathematics,G2,11,20,55.0,UCI_Student_Performance,False,
UCI_0078,mat,Mathematics,G3,11,20,55.0,UCI_Student_Performance,False,
UCI_0078,por,Portuguese,G1,13,20,65.0,UCI_Student_Performance,False,
UCI_0078,por,Portuguese,G2,13,20,65.0,UCI_Student_Performance,False,
UCI_0078,por,Portuguese,G3,13,20,65.0,UCI_Student_Performance,False,
UCI_0079,mat,Mathematics,G1,8,20,40.0,UCI_Student_Performance,False,
UCI_0079,mat,Mathematics,G2,8,20,40.0,UCI_Student_Performance,False,
UCI_0079,mat,Mathematics,G3,10,20,50.0,UCI_Student_Performance,False,
UCI_0079,por,Portuguese,G1,9,20,45.0,UCI_Student_Performance,False,
UCI_0079,por,Portuguese,G2,9,20,45.0,UCI_Student_Performance,False,
UCI_0079,por,Portuguese,G3,10,20,50.0,UCI_Student_Performance,False,
UCI_0080,mat,Mathematics,G1,8,20,40.0,UCI_Student_Performance,False,
UCI_0080,mat,Mathematics,G2,8,20,40.0,UCI_Student_Performance,False,
UCI_0080,mat,Mathematics,G3,10,20,50.0,UCI_Student_Performance,False,
UCI_0080,por,Portuguese,G1,9,20,45.0,UCI_Student_Performance,False,
UCI_0080,por,Portuguese,G2,7,20,35.0,UCI_Student_Performance,False,
UCI_0080,por,Portuguese,G3,6,20,30.0,UCI_Student_Performance,False,
UCI_0081,mat,Mathematics,G1,5,20,25.0,UCI_Student_Performance,False,
UCI_0081,mat,Mathematics,G2,5,20,25.0,UCI_Student_Performance,False,
UCI_0081,mat,Mathematics,G3,5,20,25.0,UCI_Student_Performance,False,
UCI_0081,por,Portuguese,G1,12,20,60.0,UCI_Student_Performance,False,
UCI_0081,por,Portuguese,G2,11,20,55.0,UCI_Student_Performance,False,
UCI_0081,por,Portuguese,G3,11,20,55.0,UCI_Student_Performance,False,
UCI_0082,mat,Mathematics,G1,10,20,50.0,UCI_Student_Performance,False,
UCI_0082,mat,Mathematics,G2,12,20,60.0,UCI_Student_Performance,False,
UCI_0082,mat,Mathematics,G3,12,20,60.0,UCI_Student_Performance,False,
UCI_0082,por,Portuguese,G1,11,20,55.0,UCI_Student_Performance,False,
UCI_0082,por,Portuguese,G2,11,20,55.0,UCI_Student_Performance,False,
UCI_0082,por,Portuguese,G3,12,20,60.0,UCI_Student_Performance,False,
UCI_0083,mat,Mathematics,G1,11,20,55.0,UCI_Student_Performance,False,
UCI_0083,mat,Mathematics,G2,10,20,50.0,UCI_Student_Performance,False,
UCI_0083,mat,Mathematics,G3,11,20,55.0,UCI_Student_Performance,False,
UCI_0083,por,Portuguese,G1,10,20,50.0,UCI_Student_Performance,False,
UCI_0083,por,Portuguese,G2,9,20,45.0,UCI_Student_Performance,False,
UCI_0083,por,Portuguese,G3,9,20,45.0,UCI_Student_Performance,False,
UCI_0084,mat,Mathematics,G1,7,20,35.0,UCI_Student_Performance,False,
UCI_0084,mat,Mathematics,G2,6,20,30.0,UCI_Student_Performance,False,
UCI_0084,mat,Mathematics,G3,6,20,30.0,UCI_Student_Performance,False,
UCI_0084,por,Portuguese,G1,12,20,60.0,UCI_Student_Performance,False,
UCI_0084,por,Portuguese,G2,11,20,55.0,UCI_Student_Performance,False,
UCI_0084,por,Portuguese,G3,11,20,55.0,UCI_Student_Performance,False,
UCI_0085,mat,Mathematics,G1,15,20,75.0,UCI_Student_Performance,False,
UCI_0085,mat,Mathematics,G2,15,20,75.0,UCI_Student_Performance,False,
UCI_0085,mat,Mathematics,G3,15,20,75.0,UCI_Student_Performance,False,
UCI_0085,por,Portuguese,G1,13,20,65.0,UCI_Student_Performance,False,
UCI_0085,por,Portuguese,G2,12,20,60.0,UCI_Student_Performance,False,
UCI_0085,por,Portuguese,G3,13,20,65.0,UCI_Student_Performance,False,
UCI_0086,mat,Mathematics,G1,9,20,45.0,UCI_Student_Performance,False,
UCI_0086,mat,Mathematics,G2,10,20,50.0,UCI_Student_Performance,False,
UCI_0086,mat,Mathematics,G3,10,20,50.0,UCI_Student_Performance,False,
UCI_0086,por,Portuguese,G1,13,20,65.0,UCI_Student_Performance,False,
UCI_0086,por,Portuguese,G2,12,20,60.0,UCI_Student_Performance,False,
UCI_0086,por,Portuguese,G3,12,20,60.0,UCI_Student_Performance,False,
UCI_0087,mat,Mathematics,G1,7,20,35.0,UCI_Student_Performance,False,
UCI_0087,mat,Mathematics,G2,9,20,45.0,UCI_Student_Performance,False,
UCI_0087,mat,Mathematics,G3,8,20,40.0,UCI_Student_Performance,False,
UCI_0087,por,Portuguese,G1,12,20,60.0,UCI_Student_Performance,False,
UCI_0087,por,Portuguese,G2,11,20,55.0,UCI_Student_Performance,False,
UCI_0087,por,Portuguese,G3,12,20,60.0,UCI_Student_Performance,False,
UCI_0088,mat,Mathematics,G1,8,20,40.0,UCI_Student_Performance,False,
UCI_0088,mat,Mathematics,G2,7,20,35.0,UCI_Student_Performance,False,
UCI_0088,mat,Mathematics,G3,6,20,30.0,UCI_Student_Performance,False,
UCI_0088,por,Portuguese,G1,13,20,65.0,UCI_Student_Performance,False,
UCI_0088,por,Portuguese,G2,11,20,55.0,UCI_Student_Performance,False,
UCI_0088,por,Portuguese,G3,11,20,55.0,UCI_Student_Performance,False,
UCI_0089,mat,Mathematics,G1,13,20,65.0,UCI_Student_Performance,False,
UCI_0089,mat,Mathematics,G2,14,20,70.0,UCI_Student_Performance,False,
UCI_0089,mat,Mathematics,G3,14,20,70.0,UCI_Student_Performance,False,
UCI_0089,por,Portuguese,G1,15,20,75.0,UCI_Student_Performance,False,
UCI_0089,por,Portuguese,G2,15,20,75.0,UCI_Student_Performance,False,
UCI_0089,por,Portuguese,G3,15,20,75.0,UCI_Student_Performance,False,
UCI_0090,mat,Mathematics,G1,11,20,55.0,UCI_Student_Performance,False,
UCI_0090,mat,Mathematics,G2,10,20,50.0,UCI_Student_Performance,False,
UCI_0090,mat,Mathematics,G3,10,20,50.0,UCI_Student_Performance,False,
UCI_0090,por,Portuguese,G1,12,20,60.0,UCI_Student_Performance,False,
UCI_0090,por,Portuguese,G2,10,20,50.0,UCI_Student_Performance,False,
UCI_0090,por,Portuguese,G3,11,20,55.0,UCI_Student_Performance,False,
UCI_0091,mat,Mathematics,G1,8,20,40.0,UCI_Student_Performance,False,
UCI_0091,mat,Mathematics,G2,6,20,30.0,UCI_Student_Performance,False,
UCI_0091,mat,Mathematics,G3,7,20,35.0,UCI_Student_Performance,False,
UCI_0091,por,Portuguese,G1,9,20,45.0,UCI_Student_Performance,False,
UCI_0091,por,Portuguese,G2,9,20,45.0,UCI_Student_Performance,False,
UCI_0091,por,Portuguese,G3,10,20,50.0,UCI_Student_Performance,False,
UCI_0092,mat,Mathematics,G1,7,20,35.0,UCI_Student_Performance,False,
UCI_0092,mat,Mathematics,G2,7,20,35.0,UCI_Student_Performance,False,
UCI_0092,mat,Mathematics,G3,8,20,40.0,UCI_Student_Performance,False,
UCI_0092,por,Portuguese,G1,9,20,45.0,UCI_Student_Performance,False,
UCI_0092,por,Portuguese,G2,11,20,55.0,UCI_Student_Performance,False,
UCI_0092,por,Portuguese,G3,11,20,55.0,UCI_Student_Performance,False,
UCI_0093,mat,Mathematics,G1,16,20,80.0,UCI_Student_Performance,False,
UCI_0093,mat,Mathematics,G2,17,20,85.0,UCI_Student_Performance,False,
UCI_0093,mat,Mathematics,G3,18,20,90.0,UCI_Student_Performance,False,
UCI_0093,por,Portuguese,G1,14,20,70.0,UCI_Student_Performance,False,
UCI_0093,por,Portuguese,G2,13,20,65.0,UCI_Student_Performance,False,
UCI_0093,por,Portuguese,G3,13,20,65.0,UCI_Student_Performance,False,
UCI_0094,mat,Mathematics,G1,7,20,35.0,UCI_Student_Performance,False,
UCI_0094,mat,Mathematics,G2,6,20,30.0,UCI_Student_Performance,False,
UCI_0094,mat,Mathematics,G3,6,20,30.0,UCI_Student_Performance,False,
UCI_0094,por,Portuguese,G1,12,20,60.0,UCI_Student_Performance,False,
UCI_0094,por,Portuguese,G2,13,20,65.0,UCI_Student_Performance,False,
UCI_0094,por,Portuguese,G3,12,20,60.0,UCI_Student_Performance,False,
UCI_0095,mat,Mathematics,G1,11,20,55.0,UCI_Student_Performance,False,
UCI_0095,mat,Mathematics,G2,10,20,50.0,UCI_Student_Performance,False,
UCI_0095,mat,Mathematics,G3,10,20,50.0,UCI_Student_Performance,False,
UCI_0095,por,Portuguese,G1,13,20,65.0,UCI_Student_Performance,False,
UCI_0095,por,Portuguese,G2,14,20,70.0,UCI_Student_Performance,False,
UCI_0095,por,Portuguese,G3,14,20,70.0,UCI_Student_Performance,False,
UCI_0096,mat,Mathematics,G1,11,20,55.0,UCI_Student_Performance,False,
UCI_0096,mat,Mathematics,G2,13,20,65.0,UCI_Student_Performance,False,
UCI_0096,mat,Mathematics,G3,14,20,70.0,UCI_Student_Performance,False,
UCI_0096,por,Portuguese,G1,11,20,55.0,UCI_Student_Performance,False,
UCI_0096,por,Portuguese,G2,12,20,60.0,UCI_Student_Performance,False,
UCI_0096,por,Portuguese,G3,12,20,60.0,UCI_Student_Performance,False,
UCI_0097,mat,Mathematics,G1,7,20,35.0,UCI_Student_Performance,False,
UCI_0097,mat,Mathematics,G2,10,20,50.0,UCI_Student_Performance,False,
UCI_0097,mat,Mathematics,G3,10,20,50.0,UCI_Student_Performance,False,
UCI_0097,por,Portuguese,G1,13,20,65.0,UCI_Student_Performance,False,
UCI_0097,por,Portuguese,G2,13,20,65.0,UCI_Student_Performance,False,
UCI_0097,por,Portuguese,G3,13,20,65.0,UCI_Student_Performance,False,
UCI_0098,mat,Mathematics,G1,11,20,55.0,UCI_Student_Performance,False,
UCI_0098,mat,Mathematics,G2,15,20,75.0,UCI_Student_Performance,False,
UCI_0098,mat,Mathematics,G3,15,20,75.0,UCI_Student_Performance,False,
UCI_0098,por,Portuguese,G1,9,20,45.0,UCI_Student_Performance,False,
UCI_0098,por,Portuguese,G2,11,20,55.0,UCI_Student_Performance,False,
UCI_0098,por,Portuguese,G3,11,20,55.0,UCI_Student_Performance,False,
UCI_0099,mat,Mathematics,G1,8,20,40.0,UCI_Student_Performance,False,
UCI_0099,mat,Mathematics,G2,9,20,45.0,UCI_Student_Performance,False,
UCI_0099,mat,Mathematics,G3,10,20,50.0,UCI_Student_Performance,False,
UCI_0099,por,Portuguese,G1,13,20,65.0,UCI_Student_Performance,False,
UCI_0099,por,Portuguese,G2,12,20,60.0,UCI_Student_Performance,False,
UCI_0099,por,Portuguese,G3,12,20,60.0,UCI_Student_Performance,False,
UCI_0100,mat,Mathematics,G1,11,20,55.0,UCI_Student_Performance,False,
UCI_0100,mat,Mathematics,G2,14,20,70.0,UCI_Student_Performance,False,
UCI_0100,mat,Mathematics,G3,14,20,70.0,UCI_Student_Performance,False,
UCI_0100,por,Portuguese,G1,12,20,60.0,UCI_Student_Performance,False,
UCI_0100,por,Portuguese,G2,13,20,65.0,UCI_Student_Performance,False,
UCI_0100,por,Portuguese,G3,13,20,65.0,UCI_Student_Performance,False,
UCI_0101,mat,Mathematics,G1,7,20,35.0,UCI_Student_Performance,False,
UCI_0101,mat,Mathematics,G2,9,20,45.0,UCI_Student_Performance,False,
UCI_0101,mat,Mathematics,G3,8,20,40.0,UCI_Student_Performance,False,
UCI_0101,por,Portuguese,G1,12,20,60.0,UCI_Student_Performance,False,
UCI_0101,por,Portuguese,G2,13,20,65.0,UCI_Student_Performance,False,
UCI_0101,por,Portuguese,G3,13,20,65.0,UCI_Student_Performance,False,
UCI_0102,mat,Mathematics,G1,7,20,35.0,UCI_Student_Performance,False,
UCI_0102,mat,Mathematics,G2,7,20,35.0,UCI_Student_Performance,False,
UCI_0102,mat,Mathematics,G3,5,20,25.0,UCI_Student_Performance,False,
UCI_0102,por,Portuguese,G1,9,20,45.0,UCI_Student_Performance,False,
UCI_0102,por,Portuguese,G2,9,20,45.0,UCI_Student_Performance,False,
UCI_0102,por,Portuguese,G3,8,20,40.0,UCI_Student_Performance,False,
UCI_0103,mat,Mathematics,G1,16,20,80.0,UCI_Student_Performance,False,
UCI_0103,mat,Mathematics,G2,17,20,85.0,UCI_Student_Performance,False,
UCI_0103,mat,Mathematics,G3,17,20,85.0,UCI_Student_Performance,False,
UCI_0103,por,Portuguese,G1,16,20,80.0,UCI_Student_Performance,False,
UCI_0103,por,Portuguese,G2,16,20,80.0,UCI_Student_Performance,False,
UCI_0103,por,Portuguese,G3,16,20,80.0,UCI_Student_Performance,False,
UCI_0104,mat,Mathematics,G1,10,20,50.0,UCI_Student_Performance,False,
UCI_0104,mat,Mathematics,G2,13,20,65.0,UCI_Student_Performance,False,
UCI_0104,mat,Mathematics,G3,14,20,70.0,UCI_Student_Performance,False,
UCI_0104,por,Portuguese,G1,12,20,60.0,UCI_Student_Performance,False,
UCI_0104,por,Portuguese,G2,13,20,65.0,UCI_Student_Performance,False,
UCI_0104,por,Portuguese,G3,12,20,60.0,UCI_Student_Performance,False,
UCI_0105,mat,Mathematics,G1,7,20,35.0,UCI_Student_Performance,False,
UCI_0105,mat,Mathematics,G2,6,20,30.0,UCI_Student_Performance,False,
UCI_0105,mat,Mathematics,G3,6,20,30.0,UCI_Student_Performance,False,
UCI_0105,por,Portuguese,G1,11,20,55.0,UCI_Student_Performance,False,
UCI_0105,por,Portuguese,G2,10,20,50.0,UCI_Student_Performance,False,
UCI_0105,por,Portuguese,G3,10,20,50.0,UCI_Student_Performance,False,
UCI_0106,mat,Mathematics,G1,16,20,80.0,UCI_Student_Performance,False,
UCI_0106,mat,Mathematics,G2,18,20,90.0,UCI_Student_Performance,False,
UCI_0106,mat,Mathematics,G3,18,20,90.0,UCI_Student_Performance,False,
UCI_0106,por,Portuguese,G1,16,20,80.0,UCI_Student_Performance,False,
UCI_0106,por,Portuguese,G2,16,20,80.0,UCI_Student_Performance,False,
UCI_0106,por,Portuguese,G3,16,20,80.0,UCI_Student_Performance,False,
UCI_0107,mat,Mathematics,G1,10,20,50.0,UCI_Student_Performance,False,
UCI_0107,mat,Mathematics,G2,11,20,55.0,UCI_Student_Performance,False,
UCI_0107,mat,Mathematics,G3,11,20,55.0,UCI_Student_Performance,False,
UCI_0107,por,Portuguese,G1,10,20,50.0,UCI_Student_Performance,False,
UCI_0107,por,Portuguese,G2,10,20,50.0,UCI_Student_Performance,False,
UCI_0107,por,Portuguese,G3,10,20,50.0,UCI_Student_Performance,False,
UCI_0108,mat,Mathematics,G1,7,20,35.0,UCI_Student_Performance,False,
UCI_0108,mat,Mathematics,G2,8,20,40.0,UCI_Student_Performance,False,
UCI_0108,mat,Mathematics,G3,8,20,40.0,UCI_Student_Performance,False,
UCI_0108,por,Portuguese,G1,10,20,50.0,UCI_Student_Performance,False,
UCI_0108,por,Portuguese,G2,10,20,50.0,UCI_Student_Performance,False,
UCI_0108,por,Portuguese,G3,10,20,50.0,UCI_Student_Performance,False,
UCI_0109,mat,Mathematics,G1,16,20,80.0,UCI_Student_Performance,False,
UCI_0109,mat,Mathematics,G2,18,20,90.0,UCI_Student_Performance,False,
UCI_0109,mat,Mathematics,G3,18,20,90.0,UCI_Student_Performance,False,
UCI_0109,por,Portuguese,G1,13,20,65.0,UCI_Student_Performance,False,
UCI_0109,por,Portuguese,G2,14,20,70.0,UCI_Student_Performance,False,
UCI_0109,por,Portuguese,G3,14,20,70.0,UCI_Student_Performance,False,
UCI_0110,mat,Mathematics,G1,16,20,80.0,UCI_Student_Performance,False,
UCI_0110,mat,Mathematics,G2,18,20,90.0,UCI_Student_Performance,False,
UCI_0110,mat,Mathematics,G3,18,20,90.0,UCI_Student_Performance,False,
UCI_0110,por,Portuguese,G1,11,20,55.0,UCI_Student_Performance,False,
UCI_0110,por,Portuguese,G2,12,20,60.0,UCI_Student_Performance,False,
UCI_0110,por,Portuguese,G3,13,20,65.0,UCI_Student_Performance,False,
UCI_0111,mat,Mathematics,G1,10,20,50.0,UCI_Student_Performance,False,
UCI_0111,mat,Mathematics,G2,13,20,65.0,UCI_Student_Performance,False,
UCI_0111,mat,Mathematics,G3,13,20,65.0,UCI_Student_Performance,False,
UCI_0111,por,Portuguese,G1,12,20,60.0,UCI_Student_Performance,False,
UCI_0111,por,Portuguese,G2,10,20,50.0,UCI_Student_Performance,False,
UCI_0111,por,Portuguese,G3,11,20,55.0,UCI_Student_Performance,False,
UCI_0112,mat,Mathematics,G1,14,20,70.0,UCI_Student_Performance,False,
UCI_0112,mat,Mathematics,G2,15,20,75.0,UCI_Student_Performance,False,
UCI_0112,mat,Mathematics,G3,16,20,80.0,UCI_Student_Performance,False,
UCI_0112,por,Portuguese,G1,15,20,75.0,UCI_Student_Performance,False,
UCI_0112,por,Portuguese,G2,15,20,75.0,UCI_Student_Performance,False,
UCI_0112,por,Portuguese,G3,14,20,70.0,UCI_Student_Performance,False,
UCI_0113,mat,Mathematics,G1,18,20,90.0,UCI_Student_Performance,False,
UCI_0113,mat,Mathematics,G2,19,20,95.0,UCI_Student_Performance,False,
UCI_0113,mat,Mathematics,G3,19,20,95.0,UCI_Student_Performance,False,
UCI_0113,por,Portuguese,G1,13,20,65.0,UCI_Student_Performance,False,
UCI_0113,por,Portuguese,G2,14,20,70.0,UCI_Student_Performance,False,
UCI_0113,por,Portuguese,G3,14,20,70.0,UCI_Student_Performance,False,
UCI_0114,mat,Mathematics,G1,7,20,35.0,UCI_Student_Performance,False,
UCI_0114,mat,Mathematics,G2,10,20,50.0,UCI_Student_Performance,False,
UCI_0114,mat,Mathematics,G3,10,20,50.0,UCI_Student_Performance,False,
UCI_0114,por,Portuguese,G1,11,20,55.0,UCI_Student_Performance,False,
UCI_0114,por,Portuguese,G2,11,20,55.0,UCI_Student_Performance,False,
UCI_0114,por,Portuguese,G3,11,20,55.0,UCI_Student_Performance,False,
UCI_0115,mat,Mathematics,G1,10,20,50.0,UCI_Student_Performance,False,
UCI_0115,mat,Mathematics,G2,13,20,65.0,UCI_Student_Performance,False,
UCI_0115,mat,Mathematics,G3,13,20,65.0,UCI_Student_Performance,False,
UCI_0115,por,Portuguese,G1,8,20,40.0,UCI_Student_Performance,False,
UCI_0115,por,Portuguese,G2,10,20,50.0,UCI_Student_Performance,False,
UCI_0115,por,Portuguese,G3,10,20,50.0,UCI_Student_Performance,False,
UCI_0116,mat,Mathematics,G1,18,20,90.0,UCI_Student_Performance,False,
UCI_0116,mat,Mathematics,G2,19,20,95.0,UCI_Student_Performance,False,
UCI_0116,mat,Mathematics,G3,19,20,95.0,UCI_Student_Performance,False,
UCI_0116,por,Portuguese,G1,18,20,90.0,UCI_Student_Performance,False,
UCI_0116,por,Portuguese,G2,17,20,85.0,UCI_Student_Performance,False,
UCI_0116,por,Portuguese,G3,18,20,90.0,UCI_Student_Performance,False,
UCI_0117,mat,Mathematics,G1,9,20,45.0,UCI_Student_Performance,False,
UCI_0117,mat,Mathematics,G2,9,20,45.0,UCI_Student_Performance,False,
UCI_0117,mat,Mathematics,G3,9,20,45.0,UCI_Student_Performance,False,
UCI_0117,por,Portuguese,G1,10,20,50.0,UCI_Student_Performance,False,
UCI_0117,por,Portuguese,G2,9,20,45.0,UCI_Student_Performance,False,
UCI_0117,por,Portuguese,G3,10,20,50.0,UCI_Student_Performance,False,
UCI_0118,mat,Mathematics,G1,15,20,75.0,UCI_Student_Performance,False,
UCI_0118,mat,Mathematics,G2,15,20,75.0,UCI_Student_Performance,False,
UCI_0118,mat,Mathematics,G3,16,20,80.0,UCI_Student_Performance,False,
UCI_0118,por,Portuguese,G1,16,20,80.0,UCI_Student_Performance,False,
UCI_0118,por,Portuguese,G2,14,20,70.0,UCI_Student_Performance,False,
UCI_0118,por,Portuguese,G3,14,20,70.0,UCI_Student_Performance,False,
UCI_0119,mat,Mathematics,G1,15,20,75.0,UCI_Student_Performance,False,
UCI_0119,mat,Mathematics,G2,15,20,75.0,UCI_Student_Performance,False,
UCI_0119,mat,Mathematics,G3,16,20,80.0,UCI_Student_Performance,False,
UCI_0119,por,Portuguese,G1,9,20,45.0,UCI_Student_Performance,False,
UCI_0119,por,Portuguese,G2,9,20,45.0,UCI_Student_Performance,False,
UCI_0119,por,Portuguese,G3,8,20,40.0,UCI_Student_Performance,False,
UCI_0120,mat,Mathematics,G1,11,20,55.0,UCI_Student_Performance,False,
UCI_0120,mat,Mathematics,G2,13,20,65.0,UCI_Student_Performance,False,
UCI_0120,mat,Mathematics,G3,14,20,70.0,UCI_Student_Performance,False,
UCI_0120,por,Portuguese,G1,16,20,80.0,UCI_Student_Performance,False,
UCI_0120,por,Portuguese,G2,15,20,75.0,UCI_Student_Performance,False,
UCI_0120,por,Portuguese,G3,16,20,80.0,UCI_Student_Performance,False,
UCI_0121,mat,Mathematics,G1,13,20,65.0,UCI_Student_Performance,False,
UCI_0121,mat,Mathematics,G2,14,20,70.0,UCI_Student_Performance,False,
UCI_0121,mat,Mathematics,G3,13,20,65.0,UCI_Student_Performance,False,
UCI_0121,por,Portuguese,G1,14,20,70.0,UCI_Student_Performance,False,
UCI_0121,por,Portuguese,G2,14,20,70.0,UCI_Student_Performance,False,
UCI_0121,por,Portuguese,G3,15,20,75.0,UCI_Student_Performance,False,
UCI_0122,mat,Mathematics,G1,9,20,45.0,UCI_Student_Performance,False,
UCI_0122,mat,Mathematics,G2,7,20,35.0,UCI_Student_Performance,False,
UCI_0122,mat,Mathematics,G3,8,20,40.0,UCI_Student_Performance,False,
UCI_0122,por,Portuguese,G1,12,20,60.0,UCI_Student_Performance,False,
UCI_0122,por,Portuguese,G2,11,20,55.0,UCI_Student_Performance,False,
UCI_0122,por,Portuguese,G3,11,20,55.0,UCI_Student_Performance,False,
UCI_0123,mat,Mathematics,G1,14,20,70.0,UCI_Student_Performance,False,
UCI_0123,mat,Mathematics,G2,13,20,65.0,UCI_Student_Performance,False,
UCI_0123,mat,Mathematics,G3,13,20,65.0,UCI_Student_Performance,False,
UCI_0123,por,Portuguese,G1,14,20,70.0,UCI_Student_Performance,False,
UCI_0123,por,Portuguese,G2,13,20,65.0,UCI_Student_Performance,False,
UCI_0123,por,Portuguese,G3,14,20,70.0,UCI_Student_Performance,False,
UCI_0124,mat,Mathematics,G1,16,20,80.0,UCI_Student_Performance,False,
UCI_0124,mat,Mathematics,G2,15,20,75.0,UCI_Student_Performance,False,
UCI_0124,mat,Mathematics,G3,15,20,75.0,UCI_Student_Performance,False,
UCI_0124,por,Portuguese,G1,14,20,70.0,UCI_Student_Performance,False,
UCI_0124,por,Portuguese,G2,14,20,70.0,UCI_Student_Performance,False,
UCI_0124,por,Portuguese,G3,14,20,70.0,UCI_Student_Performance,False,
UCI_0125,mat,Mathematics,G1,16,20,80.0,UCI_Student_Performance,False,
UCI_0125,mat,Mathematics,G2,14,20,70.0,UCI_Student_Performance,False,
UCI_0125,mat,Mathematics,G3,15,20,75.0,UCI_Student_Performance,False,
UCI_0125,por,Portuguese,G1,14,20,70.0,UCI_Student_Performance,False,
UCI_0125,por,Portuguese,G2,13,20,65.0,UCI_Student_Performance,False,
UCI_0125,por,Portuguese,G3,13,20,65.0,UCI_Student_Performance,False,
UCI_0126,mat,Mathematics,G1,13,20,65.0,UCI_Student_Performance,False,
UCI_0126,mat,Mathematics,G2,13,20,65.0,UCI_Student_Performance,False,
UCI_0126,mat,Mathematics,G3,13,20,65.0,UCI_Student_Performance,False,
UCI_0126,por,Portuguese,G1,14,20,70.0,UCI_Student_Performance,False,
UCI_0126,por,Portuguese,G2,12,20,60.0,UCI_Student_Performance,False,
UCI_0126,por,Portuguese,G3,13,20,65.0,UCI_Student_Performance,False,
UCI_0127,mat,Mathematics,G1,14,20,70.0,UCI_Student_Performance,False,
UCI_0127,mat,Mathematics,G2,11,20,55.0,UCI_Student_Performance,False,
UCI_0127,mat,Mathematics,G3,13,20,65.0,UCI_Student_Performance,False,
UCI_0127,por,Portuguese,G1,12,20,60.0,UCI_Student_Performance,False,
UCI_0127,por,Portuguese,G2,13,20,65.0,UCI_Student_Performance,False,
UCI_0127,por,Portuguese,G3,13,20,65.0,UCI_Student_Performance,False,
UCI_0128,mat,Mathematics,G1,8,20,40.0,UCI_Student_Performance,False,
UCI_0128,mat,Mathematics,G2,7,20,35.0,UCI_Student_Performance,False,
UCI_0128,mat,Mathematics,G3,8,20,40.0,UCI_Student_Performance,False,
UCI_0128,por,Portuguese,G1,12,20,60.0,UCI_Student_Performance,False,
UCI_0128,por,Portuguese,G2,11,20,55.0,UCI_Student_Performance,False,
UCI_0128,por,Portuguese,G3,11,20,55.0,UCI_Student_Performance,False,
UCI_0129,mat,Mathematics,G1,13,20,65.0,UCI_Student_Performance,False,
UCI_0129,mat,Mathematics,G2,13,20,65.0,UCI_Student_Performance,False,
UCI_0129,mat,Mathematics,G3,12,20,60.0,UCI_Student_Performance,False,
UCI_0129,por,Portuguese,G1,9,20,45.0,UCI_Student_Performance,False,
UCI_0129,por,Portuguese,G2,9,20,45.0,UCI_Student_Performance,False,
UCI_0129,por,Portuguese,G3,9,20,45.0,UCI_Student_Performance,False,
UCI_0130,mat,Mathematics,G1,7,20,35.0,UCI_Student_Performance,False,
UCI_0130,mat,Mathematics,G2,10,20,50.0,UCI_Student_Performance,False,
UCI_0130,mat,Mathematics,G3,11,20,55.0,UCI_Student_Performance,False,
UCI_0130,por,Portuguese,G1,10,20,50.0,UCI_Student_Performance,False,
UCI_0130,por,Portuguese,G2,11,20,55.0,UCI_Student_Performance,False,
UCI_0130,por,Portuguese,G3,11,20,55.0,UCI_Student_Performance,False,
UCI_0131,mat,Mathematics,G1,7,20,35.0,UCI_Student_Performance,False,
UCI_0131,mat,Mathematics,G2,8,20,40.0,UCI_Student_Performance,False,
UCI_0131,mat,Mathematics,G3,9,20,45.0,UCI_Student_Performance,False,
UCI_0131,por,Portuguese,G1,9,20,45.0,UCI_Student_Performance,False,
UCI_0131,por,Portuguese,G2,10,20,50.0,UCI_Student_Performance,False,
UCI_0131,por,Portuguese,G3,11,20,55.0,UCI_Student_Performance,False,
UCI_0132,mat,Mathematics,G1,18,20,90.0,UCI_Student_Performance,False,
UCI_0132,mat,Mathematics,G2,18,20,90.0,UCI_Student_Performance,False,
UCI_0132,mat,Mathematics,G3,18,20,90.0,UCI_Student_Performance,False,
UCI_0132,por,Portuguese,G1,14,20,70.0,UCI_Student_Performance,False,
UCI_0132,por,Portuguese,G2,14,20,70.0,UCI_Student_Performance,False,
UCI_0132,por,Portuguese,G3,15,20,75.0,UCI_Student_Performance,False,
UCI_0133,mat,Mathematics,G1,12,20,60.0,UCI_Student_Performance,False,
UCI_0133,mat,Mathematics,G2,0,20,0.0,UCI_Student_Performance,False,
UCI_0133,mat,Mathematics,G3,0,20,0.0,UCI_Student_Performance,False,
UCI_0133,por,Portuguese,G1,10,20,50.0,UCI_Student_Performance,False,
UCI_0133,por,Portuguese,G2,11,20,55.0,UCI_Student_Performance,False,
UCI_0133,por,Portuguese,G3,12,20,60.0,UCI_Student_Performance,False,
UCI_0134,mat,Mathematics,G1,8,20,40.0,UCI_Student_Performance,False,
UCI_0134,mat,Mathematics,G2,0,20,0.0,UCI_Student_Performance,False,
UCI_0134,mat,Mathematics,G3,0,20,0.0,UCI_Student_Performance,False,
UCI_0134,por,Portuguese,G1,11,20,55.0,UCI_Student_Performance,False,
UCI_0134,por,Portuguese,G2,12,20,60.0,UCI_Student_Performance,False,
UCI_0134,por,Portuguese,G3,13,20,65.0,UCI_Student_Performance,False,
UCI_0135,mat,Mathematics,G1,10,20,50.0,UCI_Student_Performance,False,
UCI_0135,mat,Mathematics,G2,13,20,65.0,UCI_Student_Performance,False,
UCI_0135,mat,Mathematics,G3,12,20,60.0,UCI_Student_Performance,False,
UCI_0135,por,Portuguese,G1,13,20,65.0,UCI_Student_Performance,False,
UCI_0135,por,Portuguese,G2,12,20,60.0,UCI_Student_Performance,False,
UCI_0135,por,Portuguese,G3,12,20,60.0,UCI_Student_Performance,False,
UCI_0136,mat,Mathematics,G1,12,20,60.0,UCI_Student_Performance,False,
UCI_0136,mat,Mathematics,G2,11,20,55.0,UCI_Student_Performance,False,
UCI_0136,mat,Mathematics,G3,11,20,55.0,UCI_Student_Performance,False,
UCI_0136,por,Portuguese,G1,15,20,75.0,UCI_Student_Performance,False,
UCI_0136,por,Portuguese,G2,13,20,65.0,UCI_Student_Performance,False,
UCI_0136,por,Portuguese,G3,14,20,70.0,UCI_Student_Performance,False,
UCI_0137,mat,Mathematics,G1,9,20,45.0,UCI_Student_Performance,False,
UCI_0137,mat,Mathematics,G2,0,20,0.0,UCI_Student_Performance,False,
UCI_0137,mat,Mathematics,G3,0,20,0.0,UCI_Student_Performance,False,
UCI_0137,por,Portuguese,G1,12,20,60.0,UCI_Student_Performance,False,
UCI_0137,por,Portuguese,G2,11,20,55.0,UCI_Student_Performance,False,
UCI_0137,por,Portuguese,G3,11,20,55.0,UCI_Student_Performance,False,
UCI_0138,mat,Mathematics,G1,11,20,55.0,UCI_Student_Performance,False,
UCI_0138,mat,Mathematics,G2,0,20,0.0,UCI_Student_Performance,False,
UCI_0138,mat,Mathematics,G3,0,20,0.0,UCI_Student_Performance,False,
UCI_0138,por,Portuguese,G1,13,20,65.0,UCI_Student_Performance,False,
UCI_0138,por,Portuguese,G2,14,20,70.0,UCI_Student_Performance,False,
UCI_0138,por,Portuguese,G3,15,20,75.0,UCI_Student_Performance,False,
UCI_0139,mat,Mathematics,G1,10,20,50.0,UCI_Student_Performance,False,
UCI_0139,mat,Mathematics,G2,0,20,0.0,UCI_Student_Performance,False,
UCI_0139,mat,Mathematics,G3,0,20,0.0,UCI_Student_Performance,False,
UCI_0139,por,Portuguese,G1,10,20,50.0,UCI_Student_Performance,False,
UCI_0139,por,Portuguese,G2,9,20,45.0,UCI_Student_Performance,False,
UCI_0139,por,Portuguese,G3,10,20,50.0,UCI_Student_Performance,False,
UCI_0140,mat,Mathematics,G1,4,20,20.0,UCI_Student_Performance,False,
UCI_0140,mat,Mathematics,G2,0,20,0.0,UCI_Student_Performance,False,
UCI_0140,mat,Mathematics,G3,0,20,0.0,UCI_Student_Performance,False,
UCI_0140,por,Portuguese,G1,9,20,45.0,UCI_Student_Performance,False,
UCI_0140,por,Portuguese,G2,9,20,45.0,UCI_Student_Performance,False,
UCI_0140,por,Portuguese,G3,10,20,50.0,UCI_Student_Performance,False,
UCI_0141,mat,Mathematics,G1,14,20,70.0,UCI_Student_Performance,False,
UCI_0141,mat,Mathematics,G2,12,20,60.0,UCI_Student_Performance,False,
UCI_0141,mat,Mathematics,G3,12,20,60.0,UCI_Student_Performance,False,
UCI_0141,por,Portuguese,G1,10,20,50.0,UCI_Student_Performance,False,
UCI_0141,por,Portuguese,G2,10,20,50.0,UCI_Student_Performance,False,
UCI_0141,por,Portuguese,G3,10,20,50.0,UCI_Student_Performance,False,
UCI_0142,mat,Mathematics,G1,16,20,80.0,UCI_Student_Performance,False,
UCI_0142,mat,Mathematics,G2,16,20,80.0,UCI_Student_Performance,False,
UCI_0142,mat,Mathematics,G3,15,20,75.0,UCI_Student_Performance,False,
UCI_0142,por,Portuguese,G1,13,20,65.0,UCI_Student_Performance,False,
UCI_0142,por,Portuguese,G2,14,20,70.0,UCI_Student_Performance,False,
UCI_0142,por,Portuguese,G3,14,20,70.0,UCI_Student_Performance,False,
UCI_0143,mat,Mathematics,G1,7,20,35.0,UCI_Student_Performance,False,
UCI_0143,mat,Mathematics,G2,9,20,45.0,UCI_Student_Performance,False,
UCI_0143,mat,Mathematics,G3,0,20,0.0,UCI_Student_Performance,False,
UCI_0143,por,Portuguese,G1,9,20,45.0,UCI_Student_Performance,False,
UCI_0143,por,Portuguese,G2,11,20,55.0,UCI_Student_Performance,False,
UCI_0143,por,Portuguese,G3,11,20,55.0,UCI_Student_Performance,False,
UCI_0144,mat,Mathematics,G1,9,20,45.0,UCI_Student_Performance,False,
UCI_0144,mat,Mathematics,G2,9,20,45.0,UCI_Student_Performance,False,
UCI_0144,mat,Mathematics,G3,9,20,45.0,UCI_Student_Performance,False,
UCI_0144,por,Portuguese,G1,12,20,60.0,UCI_Student_Performance,False,
UCI_0144,por,Portuguese,G2,11,20,55.0,UCI_Student_Performance,False,
UCI_0144,por,Portuguese,G3,11,20,55.0,UCI_Student_Performance,False,
UCI_0145,mat,Mathematics,G1,9,20,45.0,UCI_Student_Performance,False,
UCI_0145,mat,Mathematics,G2,11,20,55.0,UCI_Student_Performance,False,
UCI_0145,mat,Mathematics,G3,11,20,55.0,UCI_Student_Performance,False,
UCI_0145,por,Portuguese,G1,13,20,65.0,UCI_Student_Performance,False,
UCI_0145,por,Portuguese,G2,13,20,65.0,UCI_Student_Performance,False,
UCI_0145,por,Portuguese,G3,13,20,65.0,UCI_Student_Performance,False,
UCI_0146,mat,Mathematics,G1,14,20,70.0,UCI_Student_Performance,False,
UCI_0146,mat,Mathematics,G2,14,20,70.0,UCI_Student_Performance,False,
UCI_0146,mat,Mathematics,G3,13,20,65.0,UCI_Student_Performance,False,
UCI_0146,por,Portuguese,G1,10,20,50.0,UCI_Student_Performance,False,
UCI_0146,por,Portuguese,G2,11,20,55.0,UCI_Student_Performance,False,
UCI_0146,por,Portuguese,G3,11,20,55.0,UCI_Student_Performance,False,
UCI_0147,mat,Mathematics,G1,5,20,25.0,UCI_Student_Performance,False,
UCI_0147,mat,Mathematics,G2,0,20,0.0,UCI_Student_Performance,False,
UCI_0147,mat,Mathematics,G3,0,20,0.0,UCI_Student_Performance,False,
UCI_0147,por,Portuguese,G1,9,20,45.0,UCI_Student_Performance,False,
UCI_0147,por,Portuguese,G2,9,20,45.0,UCI_Student_Performance,False,
UCI_0147,por,Portuguese,G3,10,20,50.0,UCI_Student_Performance,False,
UCI_0148,mat,Mathematics,G1,5,20,25.0,UCI_Student_Performance,False,
UCI_0148,mat,Mathematics,G2,0,20,0.0,UCI_Student_Performance,False,
UCI_0148,mat,Mathematics,G3,0,20,0.0,UCI_Student_Performance,False,
UCI_0148,por,Portuguese,G1,9,20,45.0,UCI_Student_Performance,False,
UCI_0148,por,Portuguese,G2,7,20,35.0,UCI_Student_Performance,False,
UCI_0148,por,Portuguese,G3,6,20,30.0,UCI_Student_Performance,False,
UCI_0149,mat,Mathematics,G1,8,20,40.0,UCI_Student_Performance,False,
UCI_0149,mat,Mathematics,G2,11,20,55.0,UCI_Student_Performance,False,
UCI_0149,mat,Mathematics,G3,11,20,55.0,UCI_Student_Performance,False,
UCI_0149,por,Portuguese,G1,12,20,60.0,UCI_Student_Performance,False,
UCI_0149,por,Portuguese,G2,12,20,60.0,UCI_Student_Performance,False,
UCI_0149,por,Portuguese,G3,12,20,60.0,UCI_Student_Performance,False,
UCI_0150,mat,Mathematics,G1,6,20,30.0,UCI_Student_Performance,False,
UCI_0150,mat,Mathematics,G2,7,20,35.0,UCI_Student_Performance,False,
UCI_0150,mat,Mathematics,G3,0,20,0.0,UCI_Student_Performance,False,
UCI_0150,por,Portuguese,G1,11,20,55.0,UCI_Student_Performance,False,
UCI_0150,por,Portuguese,G2,11,20,55.0,UCI_Student_Performance,False,
UCI_0150,por,Portuguese,G3,11,20,55.0,UCI_Student_Performance,False,
UCI_0151,mat,Mathematics,G1,10,20,50.0,UCI_Student_Performance,False,
UCI_0151,mat,Mathematics,G2,11,20,55.0,UCI_Student_Performance,False,
UCI_0151,mat,Mathematics,G3,11,20,55.0,UCI_Student_Performance,False,
UCI_0151,por,Portuguese,G1,13,20,65.0,UCI_Student_Performance,False,
UCI_0151,por,Portuguese,G2,12,20,60.0,UCI_Student_Performance,False,
UCI_0151,por,Portuguese,G3,13,20,65.0,UCI_Student_Performance,False,
UCI_0152,mat,Mathematics,G1,7,20,35.0,UCI_Student_Performance,False,
UCI_0152,mat,Mathematics,G2,6,20,30.0,UCI_Student_Performance,False,
UCI_0152,mat,Mathematics,G3,0,20,0.0,UCI_Student_Performance,False,
UCI_0152,por,Portuguese,G1,16,20,80.0,UCI_Student_Performance,False,
UCI_0152,por,Portuguese,G2,14,20,70.0,UCI_Student_Performance,False,
UCI_0152,por,Portuguese,G3,14,20,70.0,UCI_Student_Performance,False,
UCI_0153,mat,Mathematics,G1,7,20,35.0,UCI_Student_Performance,False,
UCI_0153,mat,Mathematics,G2,6,20,30.0,UCI_Student_Performance,False,
UCI_0153,mat,Mathematics,G3,0,20,0.0,UCI_Student_Performance,False,
UCI_0153,por,Portuguese,G1,9,20,45.0,UCI_Student_Performance,False,
UCI_0153,por,Portuguese,G2,9,20,45.0,UCI_Student_Performance,False,
UCI_0153,por,Portuguese,G3,8,20,40.0,UCI_Student_Performance,False,
UCI_0154,mat,Mathematics,G1,8,20,40.0,UCI_Student_Performance,False,
UCI_0154,mat,Mathematics,G2,9,20,45.0,UCI_Student_Performance,False,
UCI_0154,mat,Mathematics,G3,10,20,50.0,UCI_Student_Performance,False,
UCI_0154,por,Portuguese,G1,12,20,60.0,UCI_Student_Performance,False,
UCI_0154,por,Portuguese,G2,11,20,55.0,UCI_Student_Performance,False,
UCI_0154,por,Portuguese,G3,11,20,55.0,UCI_Student_Performance,False,
UCI_0155,mat,Mathematics,G1,6,20,30.0,UCI_Student_Performance,False,
UCI_0155,mat,Mathematics,G2,5,20,25.0,UCI_Student_Performance,False,
UCI_0155,mat,Mathematics,G3,0,20,0.0,UCI_Student_Performance,False,
UCI_0155,por,Portuguese,G1,11,20,55.0,UCI_Student_Performance,False,
UCI_0155,por,Portuguese,G2,9,20,45.0,UCI_Student_Performance,False,
UCI_0155,por,Portuguese,G3,0,20,0.0,UCI_Student_Performance,False,
UCI_0156,mat,Mathematics,G1,12,20,60.0,UCI_Student_Performance,False,
UCI_0156,mat,Mathematics,G2,13,20,65.0,UCI_Student_Performance,False,
UCI_0156,mat,Mathematics,G3,14,20,70.0,UCI_Student_Performance,False,
UCI_0156,por,Portuguese,G1,9,20,45.0,UCI_Student_Performance,False,
UCI_0156,por,Portuguese,G2,10,20,50.0,UCI_Student_Performance,False,
UCI_0156,por,Portuguese,G3,10,20,50.0,UCI_Student_Performance,False,
UCI_0157,mat,Mathematics,G1,10,20,50.0,UCI_Student_Performance,False,
UCI_0157,mat,Mathematics,G2,10,20,50.0,UCI_Student_Performance,False,
UCI_0157,mat,Mathematics,G3,10,20,50.0,UCI_Student_Performance,False,
UCI_0157,por,Portuguese,G1,13,20,65.0,UCI_Student_Performance,False,
UCI_0157,por,Portuguese,G2,13,20,65.0,UCI_Student_Performance,False,
UCI_0157,por,Portuguese,G3,13,20,65.0,UCI_Student_Performance,False,
UCI_0158,mat,Mathematics,G1,5,20,25.0,UCI_Student_Performance,False,
UCI_0158,mat,Mathematics,G2,0,20,0.0,UCI_Student_Performance,False,
UCI_0158,mat,Mathematics,G3,0,20,0.0,UCI_Student_Performance,False,
UCI_0158,por,Portuguese,G1,11,20,55.0,UCI_Student_Performance,False,
UCI_0158,por,Portuguese,G2,9,20,45.0,UCI_Student_Performance,False,
UCI_0158,por,Portuguese,G3,11,20,55.0,UCI_Student_Performance,False,
UCI_0159,mat,Mathematics,G1,11,20,55.0,UCI_Student_Performance,False,
UCI_0159,mat,Mathematics,G2,11,20,55.0,UCI_Student_Performance,False,
UCI_0159,mat,Mathematics,G3,12,20,60.0,UCI_Student_Performance,False,
UCI_0159,por,Portuguese,G1,13,20,65.0,UCI_Student_Performance,False,
UCI_0159,por,Portuguese,G2,13,20,65.0,UCI_Student_Performance,False,
UCI_0159,por,Portuguese,G3,13,20,65.0,UCI_Student_Performance,False,
UCI_0160,mat,Mathematics,G1,11,20,55.0,UCI_Student_Performance,False,
UCI_0160,mat,Mathematics,G2,8,20,40.0,UCI_Student_Performance,False,
UCI_0160,mat,Mathematics,G3,8,20,40.0,UCI_Student_Performance,False,
UCI_0160,por,Portuguese,G1,7,20,35.0,UCI_Student_Performance,False,
UCI_0160,por,Portuguese,G2,8,20,40.0,UCI_Student_Performance,False,
UCI_0160,por,Portuguese,G3,8,20,40.0,UCI_Student_Performance,False,
UCI_0161,mat,Mathematics,G1,16,20,80.0,UCI_Student_Performance,False,
UCI_0161,mat,Mathematics,G2,12,20,60.0,UCI_Student_Performance,False,
UCI_0161,mat,Mathematics,G3,13,20,65.0,UCI_Student_Performance,False,
UCI_0161,por,Portuguese,G1,9,20,45.0,UCI_Student_Performance,False,
UCI_0161,por,Portuguese,G2,8,20,40.0,UCI_Student_Performance,False,
UCI_0161,por,Portuguese,G3,10,20,50.0,UCI_Student_Performance,False,
UCI_0162,mat,Mathematics,G1,9,20,45.0,UCI_Student_Performance,False,
UCI_0162,mat,Mathematics,G2,8,20,40.0,UCI_Student_Performance,False,
UCI_0162,mat,Mathematics,G3,10,20,50.0,UCI_Student_Performance,False,
UCI_0162,por,Portuguese,G1,11,20,55.0,UCI_Student_Performance,False,
UCI_0162,por,Portuguese,G2,10,20,50.0,UCI_Student_Performance,False,
UCI_0162,por,Portuguese,G3,11,20,55.0,UCI_Student_Performance,False,
UCI_0163,mat,Mathematics,G1,17,20,85.0,UCI_Student_Performance,False,
UCI_0163,mat,Mathematics,G2,15,20,75.0,UCI_Student_Performance,False,
UCI_0163,mat,Mathematics,G3,15,20,75.0,UCI_Student_Performance,False,
UCI_0163,por,Portuguese,G1,12,20,60.0,UCI_Student_Performance,False,
UCI_0163,por,Portuguese,G2,10,20,50.0,UCI_Student_Performance,False,
UCI_0163,por,Portuguese,G3,11,20,55.0,UCI_Student_Performance,False,
UCI_0164,mat,Mathematics,G1,10,20,50.0,UCI_Student_Performance,False,
UCI_0164,mat,Mathematics,G2,12,20,60.0,UCI_Student_Performance,False,
UCI_0164,mat,Mathematics,G3,12,20,60.0,UCI_Student_Performance,False,
UCI_0164,por,Portuguese,G1,10,20,50.0,UCI_Student_Performance,False,
UCI_0164,por,Portuguese,G2,10,20,50.0,UCI_Student_Performance,False,
UCI_0164,por,Portuguese,G3,1,20,5.0,UCI_Student_Performance,False,
UCI_0165,mat,Mathematics,G1,7,20,35.0,UCI_Student_Performance,False,
UCI_0165,mat,Mathematics,G2,6,20,30.0,UCI_Student_Performance,False,
UCI_0165,mat,Mathematics,G3,0,20,0.0,UCI_Student_Performance,False,
UCI_0165,por,Portuguese,G1,8,20,40.0,UCI_Student_Performance,False,
UCI_0165,por,Portuguese,G2,8,20,40.0,UCI_Student_Performance,False,
UCI_0165,por,Portuguese,G3,9,20,45.0,UCI_Student_Performance,False,
UCI_0166,mat,Mathematics,G1,5,20,25.0,UCI_Student_Performance,False,
UCI_0166,mat,Mathematics,G2,8,20,40.0,UCI_Student_Performance,False,
UCI_0166,mat,Mathematics,G3,7,20,35.0,UCI_Student_Performance,False,
UCI_0166,por,Portuguese,G1,8,20,40.0,UCI_Student_Performance,False,
UCI_0166,por,Portuguese,G2,8,20,40.0,UCI_Student_Performance,False,
UCI_0166,por,Portuguese,G3,8,20,40.0,UCI_Student_Performance,False,
UCI_0167,mat,Mathematics,G1,10,20,50.0,UCI_Student_Performance,False,
UCI_0167,mat,Mathematics,G2,10,20,50.0,UCI_Student_Performance,False,
UCI_0167,mat,Mathematics,G3,10,20,50.0,UCI_Student_Performance,False,
UCI_0167,por,Portuguese,G1,9,20,45.0,UCI_Student_Performance,False,
UCI_0167,por,Portuguese,G2,10,20,50.0,UCI_Student_Performance,False,
UCI_0167,por,Portuguese,G3,11,20,55.0,UCI_Student_Performance,False,
UCI_0168,mat,Mathematics,G1,14,20,70.0,UCI_Student_Performance,False,
UCI_0168,mat,Mathematics,G2,15,20,75.0,UCI_Student_Performance,False,
UCI_0168,mat,Mathematics,G3,16,20,80.0,UCI_Student_Performance,False,
UCI_0168,por,Portuguese,G1,17,20,85.0,UCI_Student_Performance,False,
UCI_0168,por,Portuguese,G2,17,20,85.0,UCI_Student_Performance,False,
UCI_0168,por,Portuguese,G3,18,20,90.0,UCI_Student_Performance,False,
UCI_0169,mat,Mathematics,G1,6,20,30.0,UCI_Student_Performance,False,
UCI_0169,mat,Mathematics,G2,7,20,35.0,UCI_Student_Performance,False,
UCI_0169,mat,Mathematics,G3,0,20,0.0,UCI_Student_Performance,False,
UCI_0169,por,Portuguese,G1,12,20,60.0,UCI_Student_Performance,False,
UCI_0169,por,Portuguese,G2,12,20,60.0,UCI_Student_Performance,False,
UCI_0169,por,Portuguese,G3,13,20,65.0,UCI_Student_Performance,False,
UCI_0170,mat,Mathematics,G1,14,20,70.0,UCI_Student_Performance,False,
UCI_0170,mat,Mathematics,G2,14,20,70.0,UCI_Student_Performance,False,
UCI_0170,mat,Mathematics,G3,14,20,70.0,UCI_Student_Performance,False,
UCI_0170,por,Portuguese,G1,16,20,80.0,UCI_Student_Performance,False,
UCI_0170,por,Portuguese,G2,16,20,80.0,UCI_Student_Performance,False,
UCI_0170,por,Portuguese,G3,17,20,85.0,UCI_Student_Performance,False,
UCI_0171,mat,Mathematics,G1,6,20,30.0,UCI_Student_Performance,False,
UCI_0171,mat,Mathematics,G2,5,20,25.0,UCI_Student_Performance,False,
UCI_0171,mat,Mathematics,G3,0,20,0.0,UCI_Student_Performance,False,
UCI_0171,por,Portuguese,G1,9,20,45.0,UCI_Student_Performance,False,
UCI_0171,por,Portuguese,G2,9,20,45.0,UCI_Student_Performance,False,
UCI_0171,por,Portuguese,G3,10,20,50.0,UCI_Student_Performance,False,
UCI_0172,mat,Mathematics,G1,13,20,65.0,UCI_Student_Performance,False,
UCI_0172,mat,Mathematics,G2,15,20,75.0,UCI_Student_Performance,False,
UCI_0172,mat,Mathematics,G3,16,20,80.0,UCI_Student_Performance,False,
UCI_0172,por,Portuguese,G1,16,20,80.0,UCI_Student_Performance,False,
UCI_0172,por,Portuguese,G2,17,20,85.0,UCI_Student_Performance,False,
UCI_0172,por,Portuguese,G3,18,20,90.0,UCI_Student_Performance,False,
UCI_0173,mat,Mathematics,G1,13,20,65.0,UCI_Student_Performance,False,
UCI_0173,mat,Mathematics,G2,11,20,55.0,UCI_Student_Performance,False,
UCI_0173,mat,Mathematics,G3,10,20,50.0,UCI_Student_Performance,False,
UCI_0173,por,Portuguese,G1,11,20,55.0,UCI_Student_Performance,False,
UCI_0173,por,Portuguese,G2,9,20,45.0,UCI_Student_Performance,False,
UCI_0173,por,Portuguese,G3,10,20,50.0,UCI_Student_Performance,False,
UCI_0174,mat,Mathematics,G1,8,20,40.0,UCI_Student_Performance,False,
UCI_0174,mat,Mathematics,G2,7,20,35.0,UCI_Student_Performance,False,
UCI_0174,mat,Mathematics,G3,0,20,0.0,UCI_Student_Performance,False,
UCI_0174,por,Portuguese,G1,14,20,70.0,UCI_Student_Performance,False,
UCI_0174,por,Portuguese,G2,13,20,65.0,UCI_Student_Performance,False,
UCI_0174,por,Portuguese,G3,13,20,65.0,UCI_Student_Performance,False,
UCI_0175,mat,Mathematics,G1,10,20,50.0,UCI_Student_Performance,False,
UCI_0175,mat,Mathematics,G2,11,20,55.0,UCI_Student_Performance,False,
UCI_0175,mat,Mathematics,G3,9,20,45.0,UCI_Student_Performance,False,
UCI_0175,por,Portuguese,G1,14,20,70.0,UCI_Student_Performance,False,
UCI_0175,por,Portuguese,G2,14,20,70.0,UCI_Student_Performance,False,
UCI_0175,por,Portuguese,G3,15,20,75.0,UCI_Student_Performance,False,
UCI_0176,mat,Mathematics,G1,10,20,50.0,UCI_Student_Performance,False,
UCI_0176,mat,Mathematics,G2,9,20,45.0,UCI_Student_Performance,False,
UCI_0176,mat,Mathematics,G3,9,20,45.0,UCI_Student_Performance,False,
UCI_0176,por,Portuguese,G1,10,20,50.0,UCI_Student_Performance,False,
UCI_0176,por,Portuguese,G2,11,20,55.0,UCI_Student_Performance,False,
UCI_0176,por,Portuguese,G3,11,20,55.0,UCI_Student_Performance,False,
UCI_0177,mat,Mathematics,G1,13,20,65.0,UCI_Student_Performance,False,
UCI_0177,mat,Mathematics,G2,13,20,65.0,UCI_Student_Performance,False,
UCI_0177,mat,Mathematics,G3,11,20,55.0,UCI_Student_Performance,False,
UCI_0177,por,Portuguese,G1,13,20,65.0,UCI_Student_Performance,False,
UCI_0177,por,Portuguese,G2,12,20,60.0,UCI_Student_Performance,False,
UCI_0177,por,Portuguese,G3,14,20,70.0,UCI_Student_Performance,False,
UCI_0178,mat,Mathematics,G1,6,20,30.0,UCI_Student_Performance,False,
UCI_0178,mat,Mathematics,G2,5,20,25.0,UCI_Student_Performance,False,
UCI_0178,mat,Mathematics,G3,6,20,30.0,UCI_Student_Performance,False,
UCI_0178,por,Portuguese,G1,11,20,55.0,UCI_Student_Performance,False,
UCI_0178,por,Portuguese,G2,9,20,45.0,UCI_Student_Performance,False,
UCI_0178,por,Portuguese,G3,10,20,50.0,UCI_Student_Performance,False,
UCI_0179,mat,Mathematics,G1,10,20,50.0,UCI_Student_Performance,False,
UCI_0179,mat,Mathematics,G2,8,20,40.0,UCI_Student_Performance,False,
UCI_0179,mat,Mathematics,G3,9,20,45.0,UCI_Student_Performance,False,
UCI_0179,por,Portuguese,G1,10,20,50.0,UCI_Student_Performance,False,
UCI_0179,por,Portuguese,G2,9,20,45.0,UCI_Student_Performance,False,
UCI_0179,por,Portuguese,G3,11,20,55.0,UCI_Student_Performance,False,
UCI_0180,mat,Mathematics,G1,10,20,50.0,UCI_Student_Performance,False,
UCI_0180,mat,Mathematics,G2,10,20,50.0,UCI_Student_Performance,False,
UCI_0180,mat,Mathematics,G3,11,20,55.0,UCI_Student_Performance,False,
UCI_0180,por,Portuguese,G1,11,20,55.0,UCI_Student_Performance,False,
UCI_0180,por,Portuguese,G2,11,20,55.0,UCI_Student_Performance,False,
UCI_0180,por,Portuguese,G3,13,20,65.0,UCI_Student_Performance,False,
UCI_0181,mat,Mathematics,G1,9,20,45.0,UCI_Student_Performance,False,
UCI_0181,mat,Mathematics,G2,8,20,40.0,UCI_Student_Performance,False,
UCI_0181,mat,Mathematics,G3,8,20,40.0,UCI_Student_Performance,False,
UCI_0181,por,Portuguese,G1,11,20,55.0,UCI_Student_Performance,False,
UCI_0181,por,Portuguese,G2,10,20,50.0,UCI_Student_Performance,False,
UCI_0181,por,Portuguese,G3,11,20,55.0,UCI_Student_Performance,False,
UCI_0182,mat,Mathematics,G1,12,20,60.0,UCI_Student_Performance,False,
UCI_0182,mat,Mathematics,G2,13,20,65.0,UCI_Student_Performance,False,
UCI_0182,mat,Mathematics,G3,12,20,60.0,UCI_Student_Performance,False,
UCI_0182,por,Portuguese,G1,13,20,65.0,UCI_Student_Performance,False,
UCI_0182,por,Portuguese,G2,14,20,70.0,UCI_Student_Performance,False,
UCI_0182,por,Portuguese,G3,14,20,70.0,UCI_Student_Performance,False,
UCI_0183,mat,Mathematics,G1,12,20,60.0,UCI_Student_Performance,False,
UCI_0183,mat,Mathematics,G2,13,20,65.0,UCI_Student_Performance,False,
UCI_0183,mat,Mathematics,G3,12,20,60.0,UCI_Student_Performance,False,
UCI_0183,por,Portuguese,G1,11,20,55.0,UCI_Student_Performance,False,
UCI_0183,por,Portuguese,G2,12,20,60.0,UCI_Student_Performance,False,
UCI_0183,por,Portuguese,G3,13,20,65.0,UCI_Student_Performance,False,
UCI_0184,mat,Mathematics,G1,16,20,80.0,UCI_Student_Performance,False,
UCI_0184,mat,Mathematics,G2,17,20,85.0,UCI_Student_Performance,False,
UCI_0184,mat,Mathematics,G3,17,20,85.0,UCI_Student_Performance,False,
UCI_0184,por,Portuguese,G1,17,20,85.0,UCI_Student_Performance,False,
UCI_0184,por,Portuguese,G2,18,20,90.0,UCI_Student_Performance,False,
UCI_0184,por,Portuguese,G3,17,20,85.0,UCI_Student_Performance,False,
UCI_0185,mat,Mathematics,G1,9,20,45.0,UCI_Student_Performance,False,
UCI_0185,mat,Mathematics,G2,9,20,45.0,UCI_Student_Performance,False,
UCI_0185,mat,Mathematics,G3,8,20,40.0,UCI_Student_Performance,False,
UCI_0185,por,Portuguese,G1,14,20,70.0,UCI_Student_Performance,False,
UCI_0185,por,Portuguese,G2,13,20,65.0,UCI_Student_Performance,False,
UCI_0185,por,Portuguese,G3,14,20,70.0,UCI_Student_Performance,False,
UCI_0186,mat,Mathematics,G1,12,20,60.0,UCI_Student_Performance,False,
UCI_0186,mat,Mathematics,G2,13,20,65.0,UCI_Student_Performance,False,
UCI_0186,mat,Mathematics,G3,12,20,60.0,UCI_Student_Performance,False,
UCI_0186,por,Portuguese,G1,14,20,70.0,UCI_Student_Performance,False,
UCI_0186,por,Portuguese,G2,15,20,75.0,UCI_Student_Performance,False,
UCI_0186,por,Portuguese,G3,16,20,80.0,UCI_Student_Performance,False,
UCI_0187,mat,Mathematics,G1,12,20,60.0,UCI_Student_Performance,False,
UCI_0187,mat,Mathematics,G2,12,20,60.0,UCI_Student_Performance,False,
UCI_0187,mat,Mathematics,G3,11,20,55.0,UCI_Student_Performance,False,
UCI_0187,por,Portuguese,G1,11,20,55.0,UCI_Student_Performance,False,
UCI_0187,por,Portuguese,G2,13,20,65.0,UCI_Student_Performance,False,
UCI_0187,por,Portuguese,G3,14,20,70.0,UCI_Student_Performance,False,
UCI_0188,mat,Mathematics,G1,11,20,55.0,UCI_Student_Performance,False,
UCI_0188,mat,Mathematics,G2,12,20,60.0,UCI_Student_Performance,False,
UCI_0188,mat,Mathematics,G3,11,20,55.0,UCI_Student_Performance,False,
UCI_0188,por,Portuguese,G1,10,20,50.0,UCI_Student_Performance,False,
UCI_0188,por,Portuguese,G2,9,20,45.0,UCI_Student_Performance,False,
UCI_0188,por,Portuguese,G3,11,20,55.0,UCI_Student_Performance,False,
UCI_0189,mat,Mathematics,G1,15,20,75.0,UCI_Student_Performance,False,
UCI_0189,mat,Mathematics,G2,15,20,75.0,UCI_Student_Performance,False,
UCI_0189,mat,Mathematics,G3,15,20,75.0,UCI_Student_Performance,False,
UCI_0189,por,Portuguese,G1,13,20,65.0,UCI_Student_Performance,False,
UCI_0189,por,Portuguese,G2,14,20,70.0,UCI_Student_Performance,False,
UCI_0189,por,Portuguese,G3,16,20,80.0,UCI_Student_Performance,False,
UCI_0190,mat,Mathematics,G1,8,20,40.0,UCI_Student_Performance,False,
UCI_0190,mat,Mathematics,G2,7,20,35.0,UCI_Student_Performance,False,
UCI_0190,mat,Mathematics,G3,9,20,45.0,UCI_Student_Performance,False,
UCI_0190,por,Portuguese,G1,12,20,60.0,UCI_Student_Performance,False,
UCI_0190,por,Portuguese,G2,13,20,65.0,UCI_Student_Performance,False,
UCI_0190,por,Portuguese,G3,14,20,70.0,UCI_Student_Performance,False,
UCI_0191,mat,Mathematics,G1,8,20,40.0,UCI_Student_Performance,False,
UCI_0191,mat,Mathematics,G2,9,20,45.0,UCI_Student_Performance,False,
UCI_0191,mat,Mathematics,G3,10,20,50.0,UCI_Student_Performance,False,
UCI_0191,por,Portuguese,G1,9,20,45.0,UCI_Student_Performance,False,
UCI_0191,por,Portuguese,G2,9,20,45.0,UCI_Student_Performance,False,
UCI_0191,por,Portuguese,G3,10,20,50.0,UCI_Student_Performance,False,
UCI_0192,mat,Mathematics,G1,11,20,55.0,UCI_Student_Performance,False,
UCI_0192,mat,Mathematics,G2,12,20,60.0,UCI_Student_Performance,False,
UCI_0192,mat,Mathematics,G3,13,20,65.0,UCI_Student_Performance,False,
UCI_0192,por,Portuguese,G1,12,20,60.0,UCI_Student_Performance,False,
UCI_0192,por,Portuguese,G2,12,20,60.0,UCI_Student_Performance,False,
UCI_0192,por,Portuguese,G3,13,20,65.0,UCI_Student_Performance,False,
UCI_0193,mat,Mathematics,G1,8,20,40.0,UCI_Student_Performance,False,
UCI_0193,mat,Mathematics,G2,8,20,40.0,UCI_Student_Performance,False,
UCI_0193,mat,Mathematics,G3,9,20,45.0,UCI_Student_Performance,False,
UCI_0193,por,Portuguese,G1,12,20,60.0,UCI_Student_Performance,False,
UCI_0193,por,Portuguese,G2,11,20,55.0,UCI_Student_Performance,False,
UCI_0193,por,Portuguese,G3,12,20,60.0,UCI_Student_Performance,False,
UCI_0194,mat,Mathematics,G1,7,20,35.0,UCI_Student_Performance,False,
UCI_0194,mat,Mathematics,G2,8,20,40.0,UCI_Student_Performance,False,
UCI_0194,mat,Mathematics,G3,8,20,40.0,UCI_Student_Performance,False,
UCI_0194,por,Portuguese,G1,10,20,50.0,UCI_Student_Performance,False,
UCI_0194,por,Portuguese,G2,11,20,55.0,UCI_Student_Performance,False,
UCI_0194,por,Portuguese,G3,12,20,60.0,UCI_Student_Performance,False,
UCI_0195,mat,Mathematics,G1,8,20,40.0,UCI_Student_Performance,False,
UCI_0195,mat,Mathematics,G2,9,20,45.0,UCI_Student_Performance,False,
UCI_0195,mat,Mathematics,G3,10,20,50.0,UCI_Student_Performance,False,
UCI_0195,por,Portuguese,G1,11,20,55.0,UCI_Student_Performance,False,
UCI_0195,por,Portuguese,G2,10,20,50.0,UCI_Student_Performance,False,
UCI_0195,por,Portuguese,G3,10,20,50.0,UCI_Student_Performance,False,
UCI_0196,mat,Mathematics,G1,13,20,65.0,UCI_Student_Performance,False,
UCI_0196,mat,Mathematics,G2,14,20,70.0,UCI_Student_Performance,False,
UCI_0196,mat,Mathematics,G3,14,20,70.0,UCI_Student_Performance,False,
UCI_0196,por,Portuguese,G1,13,20,65.0,UCI_Student_Performance,False,
UCI_0196,por,Portuguese,G2,12,20,60.0,UCI_Student_Performance,False,
UCI_0196,por,Portuguese,G3,12,20,60.0,UCI_Student_Performance,False,
UCI_0197,mat,Mathematics,G1,14,20,70.0,UCI_Student_Performance,False,
UCI_0197,mat,Mathematics,G2,15,20,75.0,UCI_Student_Performance,False,
UCI_0197,mat,Mathematics,G3,15,20,75.0,UCI_Student_Performance,False,
UCI_0197,por,Portuguese,G1,14,20,70.0,UCI_Student_Performance,False,
UCI_0197,por,Portuguese,G2,15,20,75.0,UCI_Student_Performance,False,
UCI_0197,por,Portuguese,G3,16,20,80.0,UCI_Student_Performance,False,
UCI_0198,mat,Mathematics,G1,17,20,85.0,UCI_Student_Performance,False,
UCI_0198,mat,Mathematics,G2,15,20,75.0,UCI_Student_Performance,False,
UCI_0198,mat,Mathematics,G3,16,20,80.0,UCI_Student_Performance,False,
UCI_0198,por,Portuguese,G1,13,20,65.0,UCI_Student_Performance,False,
UCI_0198,por,Portuguese,G2,13,20,65.0,UCI_Student_Performance,False,
UCI_0198,por,Portuguese,G3,14,20,70.0,UCI_Student_Performance,False,
UCI_0199,mat,Mathematics,G1,9,20,45.0,UCI_Student_Performance,False,
UCI_0199,mat,Mathematics,G2,9,20,45.0,UCI_Student_Performance,False,
UCI_0199,mat,Mathematics,G3,10,20,50.0,UCI_Student_Performance,False,
UCI_0199,por,Portuguese,G1,10,20,50.0,UCI_Student_Performance,False,
UCI_0199,por,Portuguese,G2,11,20,55.0,UCI_Student_Performance,False,
UCI_0199,por,Portuguese,G3,12,20,60.0,UCI_Student_Performance,False,
UCI_0200,mat,Mathematics,G1,18,20,90.0,UCI_Student_Performance,False,
UCI_0200,mat,Mathematics,G2,18,20,90.0,UCI_Student_Performance,False,
UCI_0200,mat,Mathematics,G3,18,20,90.0,UCI_Student_Performance,False,
UCI_0200,por,Portuguese,G1,14,20,70.0,UCI_Student_Performance,False,
UCI_0200,por,Portuguese,G2,15,20,75.0,UCI_Student_Performance,False,
UCI_0200,por,Portuguese,G3,16,20,80.0,UCI_Student_Performance,False,
UCI_0201,mat,Mathematics,G1,9,20,45.0,UCI_Student_Performance,False,
UCI_0201,mat,Mathematics,G2,9,20,45.0,UCI_Student_Performance,False,
UCI_0201,mat,Mathematics,G3,10,20,50.0,UCI_Student_Performance,False,
UCI_0201,por,Portuguese,G1,11,20,55.0,UCI_Student_Performance,False,
UCI_0201,por,Portuguese,G2,10,20,50.0,UCI_Student_Performance,False,
UCI_0201,por,Portuguese,G3,11,20,55.0,UCI_Student_Performance,False,
UCI_0202,mat,Mathematics,G1,16,20,80.0,UCI_Student_Performance,False,
UCI_0202,mat,Mathematics,G2,16,20,80.0,UCI_Student_Performance,False,
UCI_0202,mat,Mathematics,G3,16,20,80.0,UCI_Student_Performance,False,
UCI_0202,por,Portuguese,G1,14,20,70.0,UCI_Student_Performance,False,
UCI_0202,por,Portuguese,G2,14,20,70.0,UCI_Student_Performance,False,
UCI_0202,por,Portuguese,G3,15,20,75.0,UCI_Student_Performance,False,
UCI_0203,mat,Mathematics,G1,8,20,40.0,UCI_Student_Performance,False,
UCI_0203,mat,Mathematics,G2,10,20,50.0,UCI_Student_Performance,False,
UCI_0203,mat,Mathematics,G3,10,20,50.0,UCI_Student_Performance,False,
UCI_0203,por,Portuguese,G1,11,20,55.0,UCI_Student_Performance,False,
UCI_0203,por,Portuguese,G2,12,20,60.0,UCI_Student_Performance,False,
UCI_0203,por,Portuguese,G3,12,20,60.0,UCI_Student_Performance,False,
UCI_0204,mat,Mathematics,G1,9,20,45.0,UCI_Student_Performance,False,
UCI_0204,mat,Mathematics,G2,9,20,45.0,UCI_Student_Performance,False,
UCI_0204,mat,Mathematics,G3,10,20,50.0,UCI_Student_Performance,False,
UCI_0204,por,Portuguese,G1,14,20,70.0,UCI_Student_Performance,False,
UCI_0204,por,Portuguese,G2,15,20,75.0,UCI_Student_Performance,False,
UCI_0204,por,Portuguese,G3,15,20,75.0,UCI_Student_Performance,False,
UCI_0205,mat,Mathematics,G1,7,20,35.0,UCI_Student_Performance,False,
UCI_0205,mat,Mathematics,G2,6,20,30.0,UCI_Student_Performance,False,
UCI_0205,mat,Mathematics,G3,6,20,30.0,UCI_Student_Performance,False,
UCI_0205,por,Portuguese,G1,13,20,65.0,UCI_Student_Performance,False,
UCI_0205,por,Portuguese,G2,13,20,65.0,UCI_Student_Performance,False,
UCI_0205,por,Portuguese,G3,13,20,65.0,UCI_Student_Performance,False,
UCI_0206,mat,Mathematics,G1,10,20,50.0,UCI_Student_Performance,False,
UCI_0206,mat,Mathematics,G2,10,20,50.0,UCI_Student_Performance,False,
UCI_0206,mat,Mathematics,G3,11,20,55.0,UCI_Student_Performance,False,
UCI_0206,por,Portuguese,G1,13,20,65.0,UCI_Student_Performance,False,
UCI_0206,por,Portuguese,G2,13,20,65.0,UCI_Student_Performance,False,
UCI_0206,por,Portuguese,G3,13,20,65.0,UCI_Student_Performance,False,
UCI_0207,mat,Mathematics,G1,10,20,50.0,UCI_Student_Performance,False,
UCI_0207,mat,Mathematics,G2,9,20,45.0,UCI_Student_Performance,False,
UCI_0207,mat,Mathematics,G3,9,20,45.0,UCI_Student_Performance,False,
UCI_0207,por,Portuguese,G1,8,20,40.0,UCI_Student_Performance,False,
UCI_0207,por,Portuguese,G2,9,20,45.0,UCI_Student_Performance,False,
UCI_0207,por,Portuguese,G3,8,20,40.0,UCI_Student_Performance,False,
UCI_0208,mat,Mathematics,G1,7,20,35.0,UCI_Student_Performance,False,
UCI_0208,mat,Mathematics,G2,7,20,35.0,UCI_Student_Performance,False,
UCI_0208,mat,Mathematics,G3,7,20,35.0,UCI_Student_Performance,False,
UCI_0208,por,Portuguese,G1,11,20,55.0,UCI_Student_Performance,False,
UCI_0208,por,Portuguese,G2,11,20,55.0,UCI_Student_Performance,False,
UCI_0208,por,Portuguese,G3,12,20,60.0,UCI_Student_Performance,False,
UCI_0209,mat,Mathematics,G1,11,20,55.0,UCI_Student_Performance,False,
UCI_0209,mat,Mathematics,G2,12,20,60.0,UCI_Student_Performance,False,
UCI_0209,mat,Mathematics,G3,13,20,65.0,UCI_Student_Performance,False,
UCI_0209,por,Portuguese,G1,14,20,70.0,UCI_Student_Performance,False,
UCI_0209,por,Portuguese,G2,15,20,75.0,UCI_Student_Performance,False,
UCI_0209,por,Portuguese,G3,15,20,75.0,UCI_Student_Performance,False,
UCI_0210,mat,Mathematics,G1,9,20,45.0,UCI_Student_Performance,False,
UCI_0210,mat,Mathematics,G2,9,20,45.0,UCI_Student_Performance,False,
UCI_0210,mat,Mathematics,G3,10,20,50.0,UCI_Student_Performance,False,
UCI_0210,por,Portuguese,G1,12,20,60.0,UCI_Student_Performance,False,
UCI_0210,por,Portuguese,G2,13,20,65.0,UCI_Student_Performance,False,
UCI_0210,por,Portuguese,G3,13,20,65.0,UCI_Student_Performance,False,
UCI_0211,mat,Mathematics,G1,7,20,35.0,UCI_Student_Performance,False,
UCI_0211,mat,Mathematics,G2,7,20,35.0,UCI_Student_Performance,False,
UCI_0211,mat,Mathematics,G3,7,20,35.0,UCI_Student_Performance,False,
UCI_0211,por,Portuguese,G1,11,20,55.0,UCI_Student_Performance,False,
UCI_0211,por,Portuguese,G2,12,20,60.0,UCI_Student_Performance,False,
UCI_0211,por,Portuguese,G3,12,20,60.0,UCI_Student_Performance,False,
UCI_0212,mat,Mathematics,G1,8,20,40.0,UCI_Student_Performance,False,
UCI_0212,mat,Mathematics,G2,8,20,40.0,UCI_Student_Performance,False,
UCI_0212,mat,Mathematics,G3,8,20,40.0,UCI_Student_Performance,False,
UCI_0212,por,Portuguese,G1,12,20,60.0,UCI_Student_Performance,False,
UCI_0212,por,Portuguese,G2,12,20,60.0,UCI_Student_Performance,False,
UCI_0212,por,Portuguese,G3,12,20,60.0,UCI_Student_Performance,False,
UCI_0213,mat,Mathematics,G1,12,20,60.0,UCI_Student_Performance,False,
UCI_0213,mat,Mathematics,G2,12,20,60.0,UCI_Student_Performance,False,
UCI_0213,mat,Mathematics,G3,13,20,65.0,UCI_Student_Performance,False,
UCI_0213,por,Portuguese,G1,13,20,65.0,UCI_Student_Performance,False,
UCI_0213,por,Portuguese,G2,12,20,60.0,UCI_Student_Performance,False,
UCI_0213,por,Portuguese,G3,12,20,60.0,UCI_Student_Performance,False,
UCI_0214,mat,Mathematics,G1,12,20,60.0,UCI_Student_Performance,False,
UCI_0214,mat,Mathematics,G2,13,20,65.0,UCI_Student_Performance,False,
UCI_0214,mat,Mathematics,G3,14,20,70.0,UCI_Student_Performance,False,
UCI_0214,por,Portuguese,G1,13,20,65.0,UCI_Student_Performance,False,
UCI_0214,por,Portuguese,G2,13,20,65.0,UCI_Student_Performance,False,
UCI_0214,por,Portuguese,G3,13,20,65.0,UCI_Student_Performance,False,
UCI_0215,mat,Mathematics,G1,6,20,30.0,UCI_Student_Performance,False,
UCI_0215,mat,Mathematics,G2,7,20,35.0,UCI_Student_Performance,False,
UCI_0215,mat,Mathematics,G3,8,20,40.0,UCI_Student_Performance,False,
UCI_0215,por,Portuguese,G1,12,20,60.0,UCI_Student_Performance,False,
UCI_0215,por,Portuguese,G2,11,20,55.0,UCI_Student_Performance,False,
UCI_0215,por,Portuguese,G3,11,20,55.0,UCI_Student_Performance,False,
UCI_0216,mat,Mathematics,G1,8,20,40.0,UCI_Student_Performance,False,
UCI_0216,mat,Mathematics,G2,10,20,50.0,UCI_Student_Performance,False,
UCI_0216,mat,Mathematics,G3,10,20,50.0,UCI_Student_Performance,False,
UCI_0216,por,Portuguese,G1,12,20,60.0,UCI_Student_Performance,False,
UCI_0216,por,Portuguese,G2,11,20,55.0,UCI_Student_Performance,False,
UCI_0216,por,Portuguese,G3,11,20,55.0,UCI_Student_Performance,False,
UCI_0217,mat,Mathematics,G1,14,20,70.0,UCI_Student_Performance,False,
UCI_0217,mat,Mathematics,G2,15,20,75.0,UCI_Student_Performance,False,
UCI_0217,mat,Mathematics,G3,15,20,75.0,UCI_Student_Performance,False,
UCI_0217,por,Portuguese,G1,14,20,70.0,UCI_Student_Performance,False,
UCI_0217,por,Portuguese,G2,16,20,80.0,UCI_Student_Performance,False,
UCI_0217,por,Portuguese,G3,15,20,75.0,UCI_Student_Performance,False,
UCI_0218,mat,Mathematics,G1,6,20,30.0,UCI_Student_Performance,False,
UCI_0218,mat,Mathematics,G2,6,20,30.0,UCI_Student_Performance,False,
UCI_0218,mat,Mathematics,G3,4,20,20.0,UCI_Student_Performance,False,
UCI_0218,por,Portuguese,G1,11,20,55.0,UCI_Student_Performance,False,
UCI_0218,por,Portuguese,G2,9,20,45.0,UCI_Student_Performance,False,
UCI_0218,por,Portuguese,G3,10,20,50.0,UCI_Student_Performance,False,
UCI_0219,mat,Mathematics,G1,6,20,30.0,UCI_Student_Performance,False,
UCI_0219,mat,Mathematics,G2,6,20,30.0,UCI_Student_Performance,False,
UCI_0219,mat,Mathematics,G3,8,20,40.0,UCI_Student_Performance,False,
UCI_0219,por,Portuguese,G1,10,20,50.0,UCI_Student_Performance,False,
UCI_0219,por,Portuguese,G2,10,20,50.0,UCI_Student_Performance,False,
UCI_0219,por,Portuguese,G3,10,20,50.0,UCI_Student_Performance,False,
UCI_0220,mat,Mathematics,G1,7,20,35.0,UCI_Student_Performance,False,
UCI_0220,mat,Mathematics,G2,7,20,35.0,UCI_Student_Performance,False,
UCI_0220,mat,Mathematics,G3,8,20,40.0,UCI_Student_Performance,False,
UCI_0220,por,Portuguese,G1,12,20,60.0,UCI_Student_Performance,False,
UCI_0220,por,Portuguese,G2,13,20,65.0,UCI_Student_Performance,False,
UCI_0220,por,Portuguese,G3,13,20,65.0,UCI_Student_Performance,False,
UCI_0221,mat,Mathematics,G1,9,20,45.0,UCI_Student_Performance,False,
UCI_0221,mat,Mathematics,G2,10,20,50.0,UCI_Student_Performance,False,
UCI_0221,mat,Mathematics,G3,10,20,50.0,UCI_Student_Performance,False,
UCI_0221,por,Portuguese,G1,12,20,60.0,UCI_Student_Performance,False,
UCI_0221,por,Portuguese,G2,12,20,60.0,UCI_Student_Performance,False,
UCI_0221,por,Portuguese,G3,13,20,65.0,UCI_Student_Performance,False,
UCI_0222,mat,Mathematics,G1,6,20,30.0,UCI_Student_Performance,False,
UCI_0222,mat,Mathematics,G2,6,20,30.0,UCI_Student_Performance,False,
UCI_0222,mat,Mathematics,G3,6,20,30.0,UCI_Student_Performance,False,
UCI_0222,por,Portuguese,G1,11,20,55.0,UCI_Student_Performance,False,
UCI_0222,por,Portuguese,G2,10,20,50.0,UCI_Student_Performance,False,
UCI_0222,por,Portuguese,G3,11,20,55.0,UCI_Student_Performance,False,
UCI_0223,mat,Mathematics,G1,6,20,30.0,UCI_Student_Performance,False,
UCI_0223,mat,Mathematics,G2,5,20,25.0,UCI_Student_Performance,False,
UCI_0223,mat,Mathematics,G3,0,20,0.0,UCI_Student_Performance,False,
UCI_0223,por,Portuguese,G1,12,20,60.0,UCI_Student_Performance,False,
UCI_0223,por,Portuguese,G2,12,20,60.0,UCI_Student_Performance,False,
UCI_0223,por,Portuguese,G3,12,20,60.0,UCI_Student_Performance,False,
UCI_0224,mat,Mathematics,G1,16,20,80.0,UCI_Student_Performance,False,
UCI_0224,mat,Mathematics,G2,16,20,80.0,UCI_Student_Performance,False,
UCI_0224,mat,Mathematics,G3,17,20,85.0,UCI_Student_Performance,False,
UCI_0224,por,Portuguese,G1,13,20,65.0,UCI_Student_Performance,False,
UCI_0224,por,Portuguese,G2,13,20,65.0,UCI_Student_Performance,False,
UCI_0224,por,Portuguese,G3,14,20,70.0,UCI_Student_Performance,False,
UCI_0225,mat,Mathematics,G1,12,20,60.0,UCI_Student_Performance,False,
UCI_0225,mat,Mathematics,G2,13,20,65.0,UCI_Student_Performance,False,
UCI_0225,mat,Mathematics,G3,13,20,65.0,UCI_Student_Performance,False,
UCI_0225,por,Portuguese,G1,10,20,50.0,UCI_Student_Performance,False,
UCI_0225,por,Portuguese,G2,9,20,45.0,UCI_Student_Performance,False,
UCI_0225,por,Portuguese,G3,10,20,50.0,UCI_Student_Performance,False,
UCI_0226,mat,Mathematics,G1,13,20,65.0,UCI_Student_Performance,False,
UCI_0226,mat,Mathematics,G2,13,20,65.0,UCI_Student_Performance,False,
UCI_0226,mat,Mathematics,G3,14,20,70.0,UCI_Student_Performance,False,
UCI_0226,por,Portuguese,G1,15,20,75.0,UCI_Student_Performance,False,
UCI_0226,por,Portuguese,G2,16,20,80.0,UCI_Student_Performance,False,
UCI_0226,por,Portuguese,G3,16,20,80.0,UCI_Student_Performance,False,
UCI_0227,mat,Mathematics,G1,9,20,45.0,UCI_Student_Performance,False,
UCI_0227,mat,Mathematics,G2,8,20,40.0,UCI_Student_Performance,False,
UCI_0227,mat,Mathematics,G3,7,20,35.0,UCI_Student_Performance,False,
UCI_0227,por,Portuguese,G1,8,20,40.0,UCI_Student_Performance,False,
UCI_0227,por,Portuguese,G2,8,20,40.0,UCI_Student_Performance,False,
UCI_0227,por,Portuguese,G3,8,20,40.0,UCI_Student_Performance,False,
UCI_0228,mat,Mathematics,G1,16,20,80.0,UCI_Student_Performance,False,
UCI_0228,mat,Mathematics,G2,15,20,75.0,UCI_Student_Performance,False,
UCI_0228,mat,Mathematics,G3,15,20,75.0,UCI_Student_Performance,False,
UCI_0228,por,Portuguese,G1,17,20,85.0,UCI_Student_Performance,False,
UCI_0228,por,Portuguese,G2,18,20,90.0,UCI_Student_Performance,False,
UCI_0228,por,Portuguese,G3,17,20,85.0,UCI_Student_Performance,False,
UCI_0229,mat,Mathematics,G1,12,20,60.0,UCI_Student_Performance,False,
UCI_0229,mat,Mathematics,G2,11,20,55.0,UCI_Student_Performance,False,
UCI_0229,mat,Mathematics,G3,12,20,60.0,UCI_Student_Performance,False,
UCI_0229,por,Portuguese,G1,10,20,50.0,UCI_Student_Performance,False,
UCI_0229,por,Portuguese,G2,11,20,55.0,UCI_Student_Performance,False,
UCI_0229,por,Portuguese,G3,11,20,55.0,UCI_Student_Performance,False,
UCI_0230,mat,Mathematics,G1,10,20,50.0,UCI_Student_Performance,False,
UCI_0230,mat,Mathematics,G2,8,20,40.0,UCI_Student_Performance,False,
UCI_0230,mat,Mathematics,G3,9,20,45.0,UCI_Student_Performance,False,
UCI_0230,por,Portuguese,G1,9,20,45.0,UCI_Student_Performance,False,
UCI_0230,por,Portuguese,G2,10,20,50.0,UCI_Student_Performance,False,
UCI_0230,por,Portuguese,G3,11,20,55.0,UCI_Student_Performance,False,
UCI_0231,mat,Mathematics,G1,12,20,60.0,UCI_Student_Performance,False,
UCI_0231,mat,Mathematics,G2,10,20,50.0,UCI_Student_Performance,False,
UCI_0231,mat,Mathematics,G3,12,20,60.0,UCI_Student_Performance,False,
UCI_0231,por,Portuguese,G1,15,20,75.0,UCI_Student_Performance,False,
UCI_0231,por,Portuguese,G2,15,20,75.0,UCI_Student_Performance,False,
UCI_0231,por,Portuguese,G3,16,20,80.0,UCI_Student_Performance,False,
UCI_0232,mat,Mathematics,G1,13,20,65.0,UCI_Student_Performance,False,
UCI_0232,mat,Mathematics,G2,13,20,65.0,UCI_Student_Performance,False,
UCI_0232,mat,Mathematics,G3,14,20,70.0,UCI_Student_Performance,False,
UCI_0232,por,Portuguese,G1,14,20,70.0,UCI_Student_Performance,False,
UCI_0232,por,Portuguese,G2,12,20,60.0,UCI_Student_Performance,False,
UCI_0232,por,Portuguese,G3,12,20,60.0,UCI_Student_Performance,False,
UCI_0233,mat,Mathematics,G1,11,20,55.0,UCI_Student_Performance,False,
UCI_0233,mat,Mathematics,G2,11,20,55.0,UCI_Student_Performance,False,
UCI_0233,mat,Mathematics,G3,11,20,55.0,UCI_Student_Performance,False,
UCI_0233,por,Portuguese,G1,12,20,60.0,UCI_Student_Performance,False,
UCI_0233,por,Portuguese,G2,13,20,65.0,UCI_Student_Performance,False,
UCI_0233,por,Portuguese,G3,13,20,65.0,UCI_Student_Performance,False,
UCI_0234,mat,Mathematics,G1,11,20,55.0,UCI_Student_Performance,False,
UCI_0234,mat,Mathematics,G2,9,20,45.0,UCI_Student_Performance,False,
UCI_0234,mat,Mathematics,G3,9,20,45.0,UCI_Student_Performance,False,
UCI_0234,por,Portuguese,G1,13,20,65.0,UCI_Student_Performance,False,
UCI_0234,por,Portuguese,G2,13,20,65.0,UCI_Student_Performance,False,
UCI_0234,por,Portuguese,G3,13,20,65.0,UCI_Student_Performance,False,
UCI_0235,mat,Mathematics,G1,14,20,70.0,UCI_Student_Performance,False,
UCI_0235,mat,Mathematics,G2,13,20,65.0,UCI_Student_Performance,False,
UCI_0235,mat,Mathematics,G3,13,20,65.0,UCI_Student_Performance,False,
UCI_0235,por,Portuguese,G1,13,20,65.0,UCI_Student_Performance,False,
UCI_0235,por,Portuguese,G2,13,20,65.0,UCI_Student_Performance,False,
UCI_0235,por,Portuguese,G3,14,20,70.0,UCI_Student_Performance,False,
UCI_0236,mat,Mathematics,G1,9,20,45.0,UCI_Student_Performance,False,
UCI_0236,mat,Mathematics,G2,7,20,35.0,UCI_Student_Performance,False,
UCI_0236,mat,Mathematics,G3,6,20,30.0,UCI_Student_Performance,False,
UCI_0236,por,Portuguese,G1,9,20,45.0,UCI_Student_Performance,False,
UCI_0236,por,Portuguese,G2,9,20,45.0,UCI_Student_Performance,False,
UCI_0236,por,Portuguese,G3,9,20,45.0,UCI_Student_Performance,False,
UCI_0237,mat,Mathematics,G1,11,20,55.0,UCI_Student_Performance,False,
UCI_0237,mat,Mathematics,G2,9,20,45.0,UCI_Student_Performance,False,
UCI_0237,mat,Mathematics,G3,10,20,50.0,UCI_Student_Performance,False,
UCI_0237,por,Portuguese,G1,12,20,60.0,UCI_Student_Performance,False,
UCI_0237,por,Portuguese,G2,12,20,60.0,UCI_Student_Performance,False,
UCI_0237,por,Portuguese,G3,12,20,60.0,UCI_Student_Performance,False,
UCI_0238,mat,Mathematics,G1,14,20,70.0,UCI_Student_Performance,False,
UCI_0238,mat,Mathematics,G2,13,20,65.0,UCI_Student_Performance,False,
UCI_0238,mat,Mathematics,G3,13,20,65.0,UCI_Student_Performance,False,
UCI_0238,por,Portuguese,G1,16,20,80.0,UCI_Student_Performance,False,
UCI_0238,por,Portuguese,G2,16,20,80.0,UCI_Student_Performance,False,
UCI_0238,por,Portuguese,G3,16,20,80.0,UCI_Student_Performance,False,
UCI_0239,mat,Mathematics,G1,13,20,65.0,UCI_Student_Performance,False,
UCI_0239,mat,Mathematics,G2,12,20,60.0,UCI_Student_Performance,False,
UCI_0239,mat,Mathematics,G3,12,20,60.0,UCI_Student_Performance,False,
UCI_0239,por,Portuguese,G1,9,20,45.0,UCI_Student_Performance,False,
UCI_0239,por,Portuguese,G2,10,20,50.0,UCI_Student_Performance,False,
UCI_0239,por,Portuguese,G3,10,20,50.0,UCI_Student_Performance,False,
UCI_0240,mat,Mathematics,G1,13,20,65.0,UCI_Student_Performance,False,
UCI_0240,mat,Mathematics,G2,11,20,55.0,UCI_Student_Performance,False,
UCI_0240,mat,Mathematics,G3,11,20,55.0,UCI_Student_Performance,False,
UCI_0240,por,Portuguese,G1,13,20,65.0,UCI_Student_Performance,False,
UCI_0240,por,Portuguese,G2,13,20,65.0,UCI_Student_Performance,False,
UCI_0240,por,Portuguese,G3,13,20,65.0,UCI_Student_Performance,False,
UCI_0241,mat,Mathematics,G1,7,20,35.0,UCI_Student_Performance,False,
UCI_0241,mat,Mathematics,G2,7,20,35.0,UCI_Student_Performance,False,
UCI_0241,mat,Mathematics,G3,0,20,0.0,UCI_Student_Performance,False,
UCI_0241,por,Portuguese,G1,8,20,40.0,UCI_Student_Performance,False,
UCI_0241,por,Portuguese,G2,7,20,35.0,UCI_Student_Performance,False,
UCI_0241,por,Portuguese,G3,8,20,40.0,UCI_Student_Performance,False,
UCI_0242,mat,Mathematics,G1,12,20,60.0,UCI_Student_Performance,False,
UCI_0242,mat,Mathematics,G2,12,20,60.0,UCI_Student_Performance,False,
UCI_0242,mat,Mathematics,G3,12,20,60.0,UCI_Student_Performance,False,
UCI_0242,por,Portuguese,G1,15,20,75.0,UCI_Student_Performance,False,
UCI_0242,por,Portuguese,G2,15,20,75.0,UCI_Student_Performance,False,
UCI_0242,por,Portuguese,G3,15,20,75.0,UCI_Student_Performance,False,
UCI_0243,mat,Mathematics,G1,10,20,50.0,UCI_Student_Performance,False,
UCI_0243,mat,Mathematics,G2,11,20,55.0,UCI_Student_Performance,False,
UCI_0243,mat,Mathematics,G3,12,20,60.0,UCI_Student_Performance,False,
UCI_0243,por,Portuguese,G1,12,20,60.0,UCI_Student_Performance,False,
UCI_0243,por,Portuguese,G2,12,20,60.0,UCI_Student_Performance,False,
UCI_0243,por,Portuguese,G3,12,20,60.0,UCI_Student_Performance,False,
UCI_0244,mat,Mathematics,G1,6,20,30.0,UCI_Student_Performance,False,
UCI_0244,mat,Mathematics,G2,0,20,0.0,UCI_Student_Performance,False,
UCI_0244,mat,Mathematics,G3,0,20,0.0,UCI_Student_Performance,False,
UCI_0244,por,Portuguese,G1,14,20,70.0,UCI_Student_Performance,False,
UCI_0244,por,Portuguese,G2,14,20,70.0,UCI_Student_Performance,False,
UCI_0244,por,Portuguese,G3,15,20,75.0,UCI_Student_Performance,False,
UCI_0245,mat,Mathematics,G1,13,20,65.0,UCI_Student_Performance,False,
UCI_0245,mat,Mathematics,G2,12,20,60.0,UCI_Student_Performance,False,
UCI_0245,mat,Mathematics,G3,12,20,60.0,UCI_Student_Performance,False,
UCI_0245,por,Portuguese,G1,15,20,75.0,UCI_Student_Performance,False,
UCI_0245,por,Portuguese,G2,13,20,65.0,UCI_Student_Performance,False,
UCI_0245,por,Portuguese,G3,13,20,65.0,UCI_Student_Performance,False,
UCI_0246,mat,Mathematics,G1,13,20,65.0,UCI_Student_Performance,False,
UCI_0246,mat,Mathematics,G2,12,20,60.0,UCI_Student_Performance,False,
UCI_0246,mat,Mathematics,G3,12,20,60.0,UCI_Student_Performance,False,
UCI_0246,por,Portuguese,G1,14,20,70.0,UCI_Student_Performance,False,
UCI_0246,por,Portuguese,G2,15,20,75.0,UCI_Student_Performance,False,
UCI_0246,por,Portuguese,G3,15,20,75.0,UCI_Student_Performance,False,
UCI_0247,mat,Mathematics,G1,7,20,35.0,UCI_Student_Performance,False,
UCI_0247,mat,Mathematics,G2,0,20,0.0,UCI_Student_Performance,False,
UCI_0247,mat,Mathematics,G3,0,20,0.0,UCI_Student_Performance,False,
UCI_0247,por,Portuguese,G1,12,20,60.0,UCI_Student_Performance,False,
UCI_0247,por,Portuguese,G2,10,20,50.0,UCI_Student_Performance,False,
UCI_0247,por,Portuguese,G3,11,20,55.0,UCI_Student_Performance,False,
UCI_0248,mat,Mathematics,G1,18,20,90.0,UCI_Student_Performance,False,
UCI_0248,mat,Mathematics,G2,18,20,90.0,UCI_Student_Performance,False,
UCI_0248,mat,Mathematics,G3,18,20,90.0,UCI_Student_Performance,False,
UCI_0248,por,Portuguese,G1,15,20,75.0,UCI_Student_Performance,False,
UCI_0248,por,Portuguese,G2,16,20,80.0,UCI_Student_Performance,False,
UCI_0248,por,Portuguese,G3,16,20,80.0,UCI_Student_Performance,False,
UCI_0249,mat,Mathematics,G1,12,20,60.0,UCI_Student_Performance,False,
UCI_0249,mat,Mathematics,G2,12,20,60.0,UCI_Student_Performance,False,
UCI_0249,mat,Mathematics,G3,13,20,65.0,UCI_Student_Performance,False,
UCI_0249,por,Portuguese,G1,9,20,45.0,UCI_Student_Performance,False,
UCI_0249,por,Portuguese,G2,12,20,60.0,UCI_Student_Performance,False,
UCI_0249,por,Portuguese,G3,13,20,65.0,UCI_Student_Performance,False,
UCI_0250,mat,Mathematics,G1,6,20,30.0,UCI_Student_Performance,False,
UCI_0250,mat,Mathematics,G2,8,20,40.0,UCI_Student_Performance,False,
UCI_0250,mat,Mathematics,G3,8,20,40.0,UCI_Student_Performance,False,
UCI_0250,por,Portuguese,G1,7,20,35.0,UCI_Student_Performance,False,
UCI_0250,por,Portuguese,G2,8,20,40.0,UCI_Student_Performance,False,
UCI_0250,por,Portuguese,G3,5,20,25.0,UCI_Student_Performance,False,
UCI_0251,mat,Mathematics,G1,3,20,15.0,UCI_Student_Performance,False,
UCI_0251,mat,Mathematics,G2,5,20,25.0,UCI_Student_Performance,False,
UCI_0251,mat,Mathematics,G3,5,20,25.0,UCI_Student_Performance,False,
UCI_0251,por,Portuguese,G1,10,20,50.0,UCI_Student_Performance,False,
UCI_0251,por,Portuguese,G2,9,20,45.0,UCI_Student_Performance,False,
UCI_0251,por,Portuguese,G3,10,20,50.0,UCI_Student_Performance,False,
UCI_0252,mat,Mathematics,G1,13,20,65.0,UCI_Student_Performance,False,
UCI_0252,mat,Mathematics,G2,15,20,75.0,UCI_Student_Performance,False,
UCI_0252,mat,Mathematics,G3,15,20,75.0,UCI_Student_Performance,False,
UCI_0252,por,Portuguese,G1,11,20,55.0,UCI_Student_Performance,False,
UCI_0252,por,Portuguese,G2,12,20,60.0,UCI_Student_Performance,False,
UCI_0252,por,Portuguese,G3,11,20,55.0,UCI_Student_Performance,False,
UCI_0253,mat,Mathematics,G1,6,20,30.0,UCI_Student_Performance,False,
UCI_0253,mat,Mathematics,G2,8,20,40.0,UCI_Student_Performance,False,
UCI_0253,mat,Mathematics,G3,8,20,40.0,UCI_Student_Performance,False,
UCI_0253,por,Portuguese,G1,7,20,35.0,UCI_Student_Performance,False,
UCI_0253,por,Portuguese,G2,8,20,40.0,UCI_Student_Performance,False,
UCI_0253,por,Portuguese,G3,7,20,35.0,UCI_Student_Performance,False,
UCI_0254,mat,Mathematics,G1,7,20,35.0,UCI_Student_Performance,False,
UCI_0254,mat,Mathematics,G2,10,20,50.0,UCI_Student_Performance,False,
UCI_0254,mat,Mathematics,G3,10,20,50.0,UCI_Student_Performance,False,
UCI_0254,por,Portuguese,G1,9,20,45.0,UCI_Student_Performance,False,
UCI_0254,por,Portuguese,G2,11,20,55.0,UCI_Student_Performance,False,
UCI_0254,por,Portuguese,G3,10,20,50.0,UCI_Student_Performance,False,
UCI_0255,mat,Mathematics,G1,6,20,30.0,UCI_Student_Performance,False,
UCI_0255,mat,Mathematics,G2,9,20,45.0,UCI_Student_Performance,False,
UCI_0255,mat,Mathematics,G3,8,20,40.0,UCI_Student_Performance,False,
UCI_0255,por,Portuguese,G1,7,20,35.0,UCI_Student_Performance,False,
UCI_0255,por,Portuguese,G2,8,20,40.0,UCI_Student_Performance,False,
UCI_0255,por,Portuguese,G3,6,20,30.0,UCI_Student_Performance,False,
UCI_0256,mat,Mathematics,G1,8,20,40.0,UCI_Student_Performance,False,
UCI_0256,mat,Mathematics,G2,9,20,45.0,UCI_Student_Performance,False,
UCI_0256,mat,Mathematics,G3,8,20,40.0,UCI_Student_Performance,False,
UCI_0256,por,Portuguese,G1,14,20,70.0,UCI_Student_Performance,False,
UCI_0256,por,Portuguese,G2,13,20,65.0,UCI_Student_Performance,False,
UCI_0256,por,Portuguese,G3,12,20,60.0,UCI_Student_Performance,False,
UCI_0257,mat,Mathematics,G1,8,20,40.0,UCI_Student_Performance,False,
UCI_0257,mat,Mathematics,G2,12,20,60.0,UCI_Student_Performance,False,
UCI_0257,mat,Mathematics,G3,12,20,60.0,UCI_Student_Performance,False,
UCI_0257,por,Portuguese,G1,12,20,60.0,UCI_Student_Performance,False,
UCI_0257,por,Portuguese,G2,12,20,60.0,UCI_Student_Performance,False,
UCI_0257,por,Portuguese,G3,13,20,65.0,UCI_Student_Performance,False,
UCI_0258,mat,Mathematics,G1,7,20,35.0,UCI_Student_Performance,False,
UCI_0258,mat,Mathematics,G2,9,20,45.0,UCI_Student_Performance,False,
UCI_0258,mat,Mathematics,G3,8,20,40.0,UCI_Student_Performance,False,
UCI_0258,por,Portuguese,G1,9,20,45.0,UCI_Student_Performance,False,
UCI_0258,por,Portuguese,G2,10,20,50.0,UCI_Student_Performance,False,
UCI_0258,por,Portuguese,G3,10,20,50.0,UCI_Student_Performance,False,
UCI_0259,mat,Mathematics,G1,14,20,70.0,UCI_Student_Performance,False,
UCI_0259,mat,Mathematics,G2,12,20,60.0,UCI_Student_Performance,False,
UCI_0259,mat,Mathematics,G3,13,20,65.0,UCI_Student_Performance,False,
UCI_0259,por,Portuguese,G1,14,20,70.0,UCI_Student_Performance,False,
UCI_0259,por,Portuguese,G2,15,20,75.0,UCI_Student_Performance,False,
UCI_0259,por,Portuguese,G3,17,20,85.0,UCI_Student_Performance,False,
UCI_0260,mat,Mathematics,G1,11,20,55.0,UCI_Student_Performance,False,
UCI_0260,mat,Mathematics,G2,11,20,55.0,UCI_Student_Performance,False,
UCI_0260,mat,Mathematics,G3,11,20,55.0,UCI_Student_Performance,False,
UCI_0260,por,Portuguese,G1,11,20,55.0,UCI_Student_Performance,False,
UCI_0260,por,Portuguese,G2,13,20,65.0,UCI_Student_Performance,False,
UCI_0260,por,Portuguese,G3,14,20,70.0,UCI_Student_Performance,False,
UCI_0261,mat,Mathematics,G1,15,20,75.0,UCI_Student_Performance,False,
UCI_0261,mat,Mathematics,G2,14,20,70.0,UCI_Student_Performance,False,
UCI_0261,mat,Mathematics,G3,14,20,70.0,UCI_Student_Performance,False,
UCI_0261,por,Portuguese,G1,16,20,80.0,UCI_Student_Performance,False,
UCI_0261,por,Portuguese,G2,16,20,80.0,UCI_Student_Performance,False,
UCI_0261,por,Portuguese,G3,16,20,80.0,UCI_Student_Performance,False,
UCI_0262,mat,Mathematics,G1,10,20,50.0,UCI_Student_Performance,False,
UCI_0262,mat,Mathematics,G2,9,20,45.0,UCI_Student_Performance,False,
UCI_0262,mat,Mathematics,G3,0,20,0.0,UCI_Student_Performance,False,
UCI_0262,por,Portuguese,G1,10,20,50.0,UCI_Student_Performance,False,
UCI_0262,por,Portuguese,G2,11,20,55.0,UCI_Student_Performance,False,
UCI_0262,por,Portuguese,G3,12,20,60.0,UCI_Student_Performance,False,
UCI_0263,mat,Mathematics,G1,17,20,85.0,UCI_Student_Performance,False,
UCI_0263,mat,Mathematics,G2,18,20,90.0,UCI_Student_Performance,False,
UCI_0263,mat,Mathematics,G3,18,20,90.0,UCI_Student_Performance,False,
UCI_0263,por,Portuguese,G1,15,20,75.0,UCI_Student_Performance,False,
UCI_0263,por,Portuguese,G2,15,20,75.0,UCI_Student_Performance,False,
UCI_0263,por,Portuguese,G3,15,20,75.0,UCI_Student_Performance,False,
UCI_0264,mat,Mathematics,G1,8,20,40.0,UCI_Student_Performance,False,
UCI_0264,mat,Mathematics,G2,8,20,40.0,UCI_Student_Performance,False,
UCI_0264,mat,Mathematics,G3,8,20,40.0,UCI_Student_Performance,False,
UCI_0264,por,Portuguese,G1,10,20,50.0,UCI_Student_Performance,False,
UCI_0264,por,Portuguese,G2,10,20,50.0,UCI_Student_Performance,False,
UCI_0264,por,Portuguese,G3,11,20,55.0,UCI_Student_Performance,False,
UCI_0265,mat,Mathematics,G1,13,20,65.0,UCI_Student_Performance,False,
UCI_0265,mat,Mathematics,G2,12,20,60.0,UCI_Student_Performance,False,
UCI_0265,mat,Mathematics,G3,12,20,60.0,UCI_Student_Performance,False,
UCI_0265,por,Portuguese,G1,10,20,50.0,UCI_Student_Performance,False,
UCI_0265,por,Portuguese,G2,11,20,55.0,UCI_Student_Performance,False,
UCI_0265,por,Portuguese,G3,12,20,60.0,UCI_Student_Performance,False,
UCI_0266,mat,Mathematics,G1,10,20,50.0,UCI_Student_Performance,False,
UCI_0266,mat,Mathematics,G2,9,20,45.0,UCI_Student_Performance,False,
UCI_0266,mat,Mathematics,G3,9,20,45.0,UCI_Student_Performance,False,
UCI_0266,por,Portuguese,G1,15,20,75.0,UCI_Student_Performance,False,
UCI_0266,por,Portuguese,G2,12,20,60.0,UCI_Student_Performance,False,
UCI_0266,por,Portuguese,G3,13,20,65.0,UCI_Student_Performance,False,
UCI_0267,mat,Mathematics,G1,9,20,45.0,UCI_Student_Performance,False,
UCI_0267,mat,Mathematics,G2,10,20,50.0,UCI_Student_Performance,False,
UCI_0267,mat,Mathematics,G3,0,20,0.0,UCI_Student_Performance,False,
UCI_0267,por,Portuguese,G1,11,20,55.0,UCI_Student_Performance,False,
UCI_0267,por,Portuguese,G2,12,20,60.0,UCI_Student_Performance,False,
UCI_0267,por,Portuguese,G3,13,20,65.0,UCI_Student_Performance,False,
UCI_0268,mat,Mathematics,G1,17,20,85.0,UCI_Student_Performance,False,
UCI_0268,mat,Mathematics,G2,17,20,85.0,UCI_Student_Performance,False,
UCI_0268,mat,Mathematics,G3,17,20,85.0,UCI_Student_Performance,False,
UCI_0268,por,Portuguese,G1,15,20,75.0,UCI_Student_Performance,False,
UCI_0268,por,Portuguese,G2,16,20,80.0,UCI_Student_Performance,False,
UCI_0268,por,Portuguese,G3,16,20,80.0,UCI_Student_Performance,False,
UCI_0269,mat,Mathematics,G1,9,20,45.0,UCI_Student_Performance,False,
UCI_0269,mat,Mathematics,G2,9,20,45.0,UCI_Student_Performance,False,
UCI_0269,mat,Mathematics,G3,10,20,50.0,UCI_Student_Performance,False,
UCI_0269,por,Portuguese,G1,11,20,55.0,UCI_Student_Performance,False,
UCI_0269,por,Portuguese,G2,11,20,55.0,UCI_Student_Performance,False,
UCI_0269,por,Portuguese,G3,14,20,70.0,UCI_Student_Performance,False,
UCI_0270,mat,Mathematics,G1,12,20,60.0,UCI_Student_Performance,False,
UCI_0270,mat,Mathematics,G2,10,20,50.0,UCI_Student_Performance,False,
UCI_0270,mat,Mathematics,G3,11,20,55.0,UCI_Student_Performance,False,
UCI_0270,por,Portuguese,G1,10,20,50.0,UCI_Student_Performance,False,
UCI_0270,por,Portuguese,G2,11,20,55.0,UCI_Student_Performance,False,
UCI_0270,por,Portuguese,G3,12,20,60.0,UCI_Student_Performance,False,
UCI_0271,mat,Mathematics,G1,10,20,50.0,UCI_Student_Performance,False,
UCI_0271,mat,Mathematics,G2,9,20,45.0,UCI_Student_Performance,False,
UCI_0271,mat,Mathematics,G3,10,20,50.0,UCI_Student_Performance,False,
UCI_0271,por,Portuguese,G1,10,20,50.0,UCI_Student_Performance,False,
UCI_0271,por,Portuguese,G2,12,20,60.0,UCI_Student_Performance,False,
UCI_0271,por,Portuguese,G3,14,20,70.0,UCI_Student_Performance,False,
UCI_0272,mat,Mathematics,G1,6,20,30.0,UCI_Student_Performance,False,
UCI_0272,mat,Mathematics,G2,0,20,0.0,UCI_Student_Performance,False,
UCI_0272,mat,Mathematics,G3,0,20,0.0,UCI_Student_Performance,False,
UCI_0272,por,Portuguese,G1,8,20,40.0,UCI_Student_Performance,False,
UCI_0272,por,Portuguese,G2,9,20,45.0,UCI_Student_Performance,False,
UCI_0272,por,Portuguese,G3,10,20,50.0,UCI_Student_Performance,False,
UCI_0273,mat,Mathematics,G1,9,20,45.0,UCI_Student_Performance,False,
UCI_0273,mat,Mathematics,G2,9,20,45.0,UCI_Student_Performance,False,
UCI_0273,mat,Mathematics,G3,9,20,45.0,UCI_Student_Performance,False,
UCI_0273,por,Portuguese,G1,11,20,55.0,UCI_Student_Performance,False,
UCI_0273,por,Portuguese,G2,12,20,60.0,UCI_Student_Performance,False,
UCI_0273,por,Portuguese,G3,12,20,60.0,UCI_Student_Performance,False,
UCI_0274,mat,Mathematics,G1,15,20,75.0,UCI_Student_Performance,False,
UCI_0274,mat,Mathematics,G2,14,20,70.0,UCI_Student_Performance,False,
UCI_0274,mat,Mathematics,G3,14,20,70.0,UCI_Student_Performance,False,
UCI_0274,por,Portuguese,G1,16,20,80.0,UCI_Student_Performance,False,
UCI_0274,por,Portuguese,G2,16,20,80.0,UCI_Student_Performance,False,
UCI_0274,por,Portuguese,G3,16,20,80.0,UCI_Student_Performance,False,
UCI_0275,mat,Mathematics,G1,11,20,55.0,UCI_Student_Performance,False,
UCI_0275,mat,Mathematics,G2,11,20,55.0,UCI_Student_Performance,False,
UCI_0275,mat,Mathematics,G3,11,20,55.0,UCI_Student_Performance,False,
UCI_0275,por,Portuguese,G1,13,20,65.0,UCI_Student_Performance,False,
UCI_0275,por,Portuguese,G2,13,20,65.0,UCI_Student_Performance,False,
UCI_0275,por,Portuguese,G3,13,20,65.0,UCI_Student_Performance,False,
UCI_0276,mat,Mathematics,G1,15,20,75.0,UCI_Student_Performance,False,
UCI_0276,mat,Mathematics,G2,14,20,70.0,UCI_Student_Performance,False,
UCI_0276,mat,Mathematics,G3,14,20,70.0,UCI_Student_Performance,False,
UCI_0276,por,Portuguese,G1,16,20,80.0,UCI_Student_Performance,False,
UCI_0276,por,Portuguese,G2,17,20,85.0,UCI_Student_Performance,False,
UCI_0276,por,Portuguese,G3,18,20,90.0,UCI_Student_Performance,False,
UCI_0277,mat,Mathematics,G1,10,20,50.0,UCI_Student_Performance,False,
UCI_0277,mat,Mathematics,G2,10,20,50.0,UCI_Student_Performance,False,
UCI_0277,mat,Mathematics,G3,10,20,50.0,UCI_Student_Performance,False,
UCI_0277,por,Portuguese,G1,15,20,75.0,UCI_Student_Performance,False,
UCI_0277,por,Portuguese,G2,16,20,80.0,UCI_Student_Performance,False,
UCI_0277,por,Portuguese,G3,16,20,80.0,UCI_Student_Performance,False,
UCI_0278,mat,Mathematics,G1,12,20,60.0,UCI_Student_Performance,False,
UCI_0278,mat,Mathematics,G2,12,20,60.0,UCI_Student_Performance,False,
UCI_0278,mat,Mathematics,G3,12,20,60.0,UCI_Student_Performance,False,
UCI_0278,por,Portuguese,G1,12,20,60.0,UCI_Student_Performance,False,
UCI_0278,por,Portuguese,G2,12,20,60.0,UCI_Student_Performance,False,
UCI_0278,por,Portuguese,G3,12,20,60.0,UCI_Student_Performance,False,
UCI_0279,mat,Mathematics,G1,10,20,50.0,UCI_Student_Performance,False,
UCI_0279,mat,Mathematics,G2,9,20,45.0,UCI_Student_Performance,False,
UCI_0279,mat,Mathematics,G3,9,20,45.0,UCI_Student_Performance,False,
UCI_0279,por,Portuguese,G1,12,20,60.0,UCI_Student_Performance,False,
UCI_0279,por,Portuguese,G2,9,20,45.0,UCI_Student_Performance,False,
UCI_0279,por,Portuguese,G3,10,20,50.0,UCI_Student_Performance,False,
UCI_0280,mat,Mathematics,G1,9,20,45.0,UCI_Student_Performance,False,
UCI_0280,mat,Mathematics,G2,9,20,45.0,UCI_Student_Performance,False,
UCI_0280,mat,Mathematics,G3,9,20,45.0,UCI_Student_Performance,False,
UCI_0280,por,Portuguese,G1,11,20,55.0,UCI_Student_Performance,False,
UCI_0280,por,Portuguese,G2,12,20,60.0,UCI_Student_Performance,False,
UCI_0280,por,Portuguese,G3,12,20,60.0,UCI_Student_Performance,False,
UCI_0281,mat,Mathematics,G1,9,20,45.0,UCI_Student_Performance,False,
UCI_0281,mat,Mathematics,G2,9,20,45.0,UCI_Student_Performance,False,
UCI_0281,mat,Mathematics,G3,9,20,45.0,UCI_Student_Performance,False,
UCI_0281,por,Portuguese,G1,12,20,60.0,UCI_Student_Performance,False,
UCI_0281,por,Portuguese,G2,12,20,60.0,UCI_Student_Performance,False,
UCI_0281,por,Portuguese,G3,13,20,65.0,UCI_Student_Performance,False,
UCI_0282,mat,Mathematics,G1,9,20,45.0,UCI_Student_Performance,False,
UCI_0282,mat,Mathematics,G2,8,20,40.0,UCI_Student_Performance,False,
UCI_0282,mat,Mathematics,G3,8,20,40.0,UCI_Student_Performance,False,
UCI_0282,por,Portuguese,G1,14,20,70.0,UCI_Student_Performance,False,
UCI_0282,por,Portuguese,G2,12,20,60.0,UCI_Student_Performance,False,
UCI_0282,por,Portuguese,G3,13,20,65.0,UCI_Student_Performance,False,
UCI_0283,mat,Mathematics,G1,10,20,50.0,UCI_Student_Performance,False,
UCI_0283,mat,Mathematics,G2,11,20,55.0,UCI_Student_Performance,False,
UCI_0283,mat,Mathematics,G3,10,20,50.0,UCI_Student_Performance,False,
UCI_0283,por,Portuguese,G1,10,20,50.0,UCI_Student_Performance,False,
UCI_0283,por,Portuguese,G2,10,20,50.0,UCI_Student_Performance,False,
UCI_0283,por,Portuguese,G3,10,20,50.0,UCI_Student_Performance,False,
UCI_0284,mat,Mathematics,G1,8,20,40.0,UCI_Student_Performance,False,
UCI_0284,mat,Mathematics,G2,8,20,40.0,UCI_Student_Performance,False,
UCI_0284,mat,Mathematics,G3,8,20,40.0,UCI_Student_Performance,False,
UCI_0284,por,Portuguese,G1,11,20,55.0,UCI_Student_Performance,False,
UCI_0284,por,Portuguese,G2,11,20,55.0,UCI_Student_Performance,False,
UCI_0284,por,Portuguese,G3,10,20,50.0,UCI_Student_Performance,False,
UCI_0285,mat,Mathematics,G1,11,20,55.0,UCI_Student_Performance,False,
UCI_0285,mat,Mathematics,G2,9,20,45.0,UCI_Student_Performance,False,
UCI_0285,mat,Mathematics,G3,10,20,50.0,UCI_Student_Performance,False,
UCI_0285,por,Portuguese,G1,13,20,65.0,UCI_Student_Performance,False,
UCI_0285,por,Portuguese,G2,13,20,65.0,UCI_Student_Performance,False,
UCI_0285,por,Portuguese,G3,13,20,65.0,UCI_Student_Performance,False,
UCI_0286,mat,Mathematics,G1,12,20,60.0,UCI_Student_Performance,False,
UCI_0286,mat,Mathematics,G2,12,20,60.0,UCI_Student_Performance,False,
UCI_0286,mat,Mathematics,G3,12,20,60.0,UCI_Student_Performance,False,
UCI_0286,por,Portuguese,G1,17,20,85.0,UCI_Student_Performance,False,
UCI_0286,por,Portuguese,G2,17,20,85.0,UCI_Student_Performance,False,
UCI_0286,por,Portuguese,G3,18,20,90.0,UCI_Student_Performance,False,
UCI_0287,mat,Mathematics,G1,8,20,40.0,UCI_Student_Performance,False,
UCI_0287,mat,Mathematics,G2,9,20,45.0,UCI_Student_Performance,False,
UCI_0287,mat,Mathematics,G3,10,20,50.0,UCI_Student_Performance,False,
UCI_0287,por,Portuguese,G1,12,20,60.0,UCI_Student_Performance,False,
UCI_0287,por,Portuguese,G2,13,20,65.0,UCI_Student_Performance,False,
UCI_0287,por,Portuguese,G3,13,20,65.0,UCI_Student_Performance,False,
UCI_0288,mat,Mathematics,G1,8,20,40.0,UCI_Student_Performance,False,
UCI_0288,mat,Mathematics,G2,9,20,45.0,UCI_Student_Performance,False,
UCI_0288,mat,Mathematics,G3,10,20,50.0,UCI_Student_Performance,False,
UCI_0288,por,Portuguese,G1,14,20,70.0,UCI_Student_Performance,False,
UCI_0288,por,Portuguese,G2,14,20,70.0,UCI_Student_Performance,False,
UCI_0288,por,Portuguese,G3,14,20,70.0,UCI_Student_Performance,False,
UCI_0289,mat,Mathematics,G1,10,20,50.0,UCI_Student_Performance,False,
UCI_0289,mat,Mathematics,G2,9,20,45.0,UCI_Student_Performance,False,
UCI_0289,mat,Mathematics,G3,11,20,55.0,UCI_Student_Performance,False,
UCI_0289,por,Portuguese,G1,12,20,60.0,UCI_Student_Performance,False,
UCI_0289,por,Portuguese,G2,12,20,60.0,UCI_Student_Performance,False,
UCI_0289,por,Portuguese,G3,14,20,70.0,UCI_Student_Performance,False,
UCI_0290,mat,Mathematics,G1,12,20,60.0,UCI_Student_Performance,False,
UCI_0290,mat,Mathematics,G2,10,20,50.0,UCI_Student_Performance,False,
UCI_0290,mat,Mathematics,G3,11,20,55.0,UCI_Student_Performance,False,
UCI_0290,por,Portuguese,G1,12,20,60.0,UCI_Student_Performance,False,
UCI_0290,por,Portuguese,G2,12,20,60.0,UCI_Student_Performance,False,
UCI_0290,por,Portuguese,G3,12,20,60.0,UCI_Student_Performance,False,
UCI_0291,mat,Mathematics,G1,18,20,90.0,UCI_Student_Performance,False,
UCI_0291,mat,Mathematics,G2,18,20,90.0,UCI_Student_Performance,False,
UCI_0291,mat,Mathematics,G3,19,20,95.0,UCI_Student_Performance,False,
UCI_0291,por,Portuguese,G1,18,20,90.0,UCI_Student_Performance,False,
UCI_0291,por,Portuguese,G2,18,20,90.0,UCI_Student_Performance,False,
UCI_0291,por,Portuguese,G3,18,20,90.0,UCI_Student_Performance,False,
UCI_0292,mat,Mathematics,G1,13,20,65.0,UCI_Student_Performance,False,
UCI_0292,mat,Mathematics,G2,12,20,60.0,UCI_Student_Performance,False,
UCI_0292,mat,Mathematics,G3,12,20,60.0,UCI_Student_Performance,False,
UCI_0292,por,Portuguese,G1,13,20,65.0,UCI_Student_Performance,False,
UCI_0292,por,Portuguese,G2,13,20,65.0,UCI_Student_Performance,False,
UCI_0292,por,Portuguese,G3,14,20,70.0,UCI_Student_Performance,False,
UCI_0293,mat,Mathematics,G1,15,20,75.0,UCI_Student_Performance,False,
UCI_0293,mat,Mathematics,G2,14,20,70.0,UCI_Student_Performance,False,
UCI_0293,mat,Mathematics,G3,14,20,70.0,UCI_Student_Performance,False,
UCI_0293,por,Portuguese,G1,14,20,70.0,UCI_Student_Performance,False,
UCI_0293,por,Portuguese,G2,15,20,75.0,UCI_Student_Performance,False,
UCI_0293,por,Portuguese,G3,15,20,75.0,UCI_Student_Performance,False,
UCI_0294,mat,Mathematics,G1,15,20,75.0,UCI_Student_Performance,False,
UCI_0294,mat,Mathematics,G2,13,20,65.0,UCI_Student_Performance,False,
UCI_0294,mat,Mathematics,G3,15,20,75.0,UCI_Student_Performance,False,
UCI_0294,por,Portuguese,G1,17,20,85.0,UCI_Student_Performance,False,
UCI_0294,por,Portuguese,G2,17,20,85.0,UCI_Student_Performance,False,
UCI_0294,por,Portuguese,G3,17,20,85.0,UCI_Student_Performance,False,
UCI_0295,mat,Mathematics,G1,12,20,60.0,UCI_Student_Performance,False,
UCI_0295,mat,Mathematics,G2,11,20,55.0,UCI_Student_Performance,False,
UCI_0295,mat,Mathematics,G3,11,20,55.0,UCI_Student_Performance,False,
UCI_0295,por,Portuguese,G1,15,20,75.0,UCI_Student_Performance,False,
UCI_0295,por,Portuguese,G2,16,20,80.0,UCI_Student_Performance,False,
UCI_0295,por,Portuguese,G3,16,20,80.0,UCI_Student_Performance,False,
UCI_0296,mat,Mathematics,G1,15,20,75.0,UCI_Student_Performance,False,
UCI_0296,mat,Mathematics,G2,15,20,75.0,UCI_Student_Performance,False,
UCI_0296,mat,Mathematics,G3,15,20,75.0,UCI_Student_Performance,False,
UCI_0296,por,Portuguese,G1,17,20,85.0,UCI_Student_Performance,False,
UCI_0296,por,Portuguese,G2,18,20,90.0,UCI_Student_Performance,False,
UCI_0296,por,Portuguese,G3,18,20,90.0,UCI_Student_Performance,False,
UCI_0297,mat,Mathematics,G1,18,20,90.0,UCI_Student_Performance,False,
UCI_0297,mat,Mathematics,G2,18,20,90.0,UCI_Student_Performance,False,
UCI_0297,mat,Mathematics,G3,18,20,90.0,UCI_Student_Performance,False,
UCI_0297,por,Portuguese,G1,18,20,90.0,UCI_Student_Performance,False,
UCI_0297,por,Portuguese,G2,19,20,95.0,UCI_Student_Performance,False,
UCI_0297,por,Portuguese,G3,19,20,95.0,UCI_Student_Performance,False,
UCI_0298,mat,Mathematics,G1,14,20,70.0,UCI_Student_Performance,False,
UCI_0298,mat,Mathematics,G2,13,20,65.0,UCI_Student_Performance,False,
UCI_0298,mat,Mathematics,G3,14,20,70.0,UCI_Student_Performance,False,
UCI_0298,por,Portuguese,G1,14,20,70.0,UCI_Student_Performance,False,
UCI_0298,por,Portuguese,G2,15,20,75.0,UCI_Student_Performance,False,
UCI_0298,por,Portuguese,G3,15,20,75.0,UCI_Student_Performance,False,
UCI_0299,mat,Mathematics,G1,14,20,70.0,UCI_Student_Performance,False,
UCI_0299,mat,Mathematics,G2,12,20,60.0,UCI_Student_Performance,False,
UCI_0299,mat,Mathematics,G3,11,20,55.0,UCI_Student_Performance,False,
UCI_0299,por,Portuguese,G1,14,20,70.0,UCI_Student_Performance,False,
UCI_0299,por,Portuguese,G2,15,20,75.0,UCI_Student_Performance,False,
UCI_0299,por,Portuguese,G3,15,20,75.0,UCI_Student_Performance,False,
UCI_0300,mat,Mathematics,G1,10,20,50.0,UCI_Student_Performance,False,
UCI_0300,mat,Mathematics,G2,9,20,45.0,UCI_Student_Performance,False,
UCI_0300,mat,Mathematics,G3,0,20,0.0,UCI_Student_Performance,False,
UCI_0300,por,Portuguese,G1,14,20,70.0,UCI_Student_Performance,False,
UCI_0300,por,Portuguese,G2,13,20,65.0,UCI_Student_Performance,False,
UCI_0300,por,Portuguese,G3,13,20,65.0,UCI_Student_Performance,False,
UCI_0301,mat,Mathematics,G1,10,20,50.0,UCI_Student_Performance,False,
UCI_0301,mat,Mathematics,G2,8,20,40.0,UCI_Student_Performance,False,
UCI_0301,mat,Mathematics,G3,8,20,40.0,UCI_Student_Performance,False,
UCI_0301,por,Portuguese,G1,13,20,65.0,UCI_Student_Performance,False,
UCI_0301,por,Portuguese,G2,14,20,70.0,UCI_Student_Performance,False,
UCI_0301,por,Portuguese,G3,14,20,70.0,UCI_Student_Performance,False,
UCI_0302,mat,Mathematics,G1,14,20,70.0,UCI_Student_Performance,False,
UCI_0302,mat,Mathematics,G2,13,20,65.0,UCI_Student_Performance,False,
UCI_0302,mat,Mathematics,G3,14,20,70.0,UCI_Student_Performance,False,
UCI_0302,por,Portuguese,G1,16,20,80.0,UCI_Student_Performance,False,
UCI_0302,por,Portuguese,G2,17,20,85.0,UCI_Student_Performance,False,
UCI_0302,por,Portuguese,G3,17,20,85.0,UCI_Student_Performance,False,
UCI_0303,mat,Mathematics,G1,16,20,80.0,UCI_Student_Performance,False,
UCI_0303,mat,Mathematics,G2,15,20,75.0,UCI_Student_Performance,False,
UCI_0303,mat,Mathematics,G3,16,20,80.0,UCI_Student_Performance,False,
UCI_0303,por,Portuguese,G1,18,20,90.0,UCI_Student_Performance,False,
UCI_0303,por,Portuguese,G2,18,20,90.0,UCI_Student_Performance,False,
UCI_0303,por,Portuguese,G3,17,20,85.0,UCI_Student_Performance,False,
UCI_0304,mat,Mathematics,G1,12,20,60.0,UCI_Student_Performance,False,
UCI_0304,mat,Mathematics,G2,10,20,50.0,UCI_Student_Performance,False,
UCI_0304,mat,Mathematics,G3,11,20,55.0,UCI_Student_Performance,False,
UCI_0304,por,Portuguese,G1,14,20,70.0,UCI_Student_Performance,False,
UCI_0304,por,Portuguese,G2,15,20,75.0,UCI_Student_Performance,False,
UCI_0304,por,Portuguese,G3,15,20,75.0,UCI_Student_Performance,False,
UCI_0305,mat,Mathematics,G1,11,20,55.0,UCI_Student_Performance,False,
UCI_0305,mat,Mathematics,G2,11,20,55.0,UCI_Student_Performance,False,
UCI_0305,mat,Mathematics,G3,10,20,50.0,UCI_Student_Performance,False,
UCI_0305,por,Portuguese,G1,12,20,60.0,UCI_Student_Performance,False,
UCI_0305,por,Portuguese,G2,13,20,65.0,UCI_Student_Performance,False,
UCI_0305,por,Portuguese,G3,13,20,65.0,UCI_Student_Performance,False,
UCI_0306,mat,Mathematics,G1,15,20,75.0,UCI_Student_Performance,False,
UCI_0306,mat,Mathematics,G2,12,20,60.0,UCI_Student_Performance,False,
UCI_0306,mat,Mathematics,G3,14,20,70.0,UCI_Student_Performance,False,
UCI_0306,por,Portuguese,G1,16,20,80.0,UCI_Student_Performance,False,
UCI_0306,por,Portuguese,G2,16,20,80.0,UCI_Student_Performance,False,
UCI_0306,por,Portuguese,G3,16,20,80.0,UCI_Student_Performance,False,
UCI_0307,mat,Mathematics,G1,17,20,85.0,UCI_Student_Performance,False,
UCI_0307,mat,Mathematics,G2,17,20,85.0,UCI_Student_Performance,False,
UCI_0307,mat,Mathematics,G3,18,20,90.0,UCI_Student_Performance,False,
UCI_0307,por,Portuguese,G1,18,20,90.0,UCI_Student_Performance,False,
UCI_0307,por,Portuguese,G2,18,20,90.0,UCI_Student_Performance,False,
UCI_0307,por,Portuguese,G3,18,20,90.0,UCI_Student_Performance,False,
UCI_0308,mat,Mathematics,G1,17,20,85.0,UCI_Student_Performance,False,
UCI_0308,mat,Mathematics,G2,18,20,90.0,UCI_Student_Performance,False,
UCI_0308,mat,Mathematics,G3,18,20,90.0,UCI_Student_Performance,False,
UCI_0308,por,Portuguese,G1,14,20,70.0,UCI_Student_Performance,False,
UCI_0308,por,Portuguese,G2,15,20,75.0,UCI_Student_Performance,False,
UCI_0308,por,Portuguese,G3,15,20,75.0,UCI_Student_Performance,False,
UCI_0309,mat,Mathematics,G1,15,20,75.0,UCI_Student_Performance,False,
UCI_0309,mat,Mathematics,G2,12,20,60.0,UCI_Student_Performance,False,
UCI_0309,mat,Mathematics,G3,12,20,60.0,UCI_Student_Performance,False,
UCI_0309,por,Portuguese,G1,10,20,50.0,UCI_Student_Performance,False,
UCI_0309,por,Portuguese,G2,10,20,50.0,UCI_Student_Performance,False,
UCI_0309,por,Portuguese,G3,11,20,55.0,UCI_Student_Performance,False,
UCI_0310,mat,Mathematics,G1,8,20,40.0,UCI_Student_Performance,False,
UCI_0310,mat,Mathematics,G2,8,20,40.0,UCI_Student_Performance,False,
UCI_0310,mat,Mathematics,G3,0,20,0.0,UCI_Student_Performance,False,
UCI_0310,por,Portuguese,G1,12,20,60.0,UCI_Student_Performance,False,
UCI_0310,por,Portuguese,G2,12,20,60.0,UCI_Student_Performance,False,
UCI_0310,por,Portuguese,G3,15,20,75.0,UCI_Student_Performance,False,
UCI_0311,mat,Mathematics,G1,9,20,45.0,UCI_Student_Performance,False,
UCI_0311,mat,Mathematics,G2,10,20,50.0,UCI_Student_Performance,False,
UCI_0311,mat,Mathematics,G3,9,20,45.0,UCI_Student_Performance,False,
UCI_0311,por,Portuguese,G1,14,20,70.0,UCI_Student_Performance,False,
UCI_0311,por,Portuguese,G2,15,20,75.0,UCI_Student_Performance,False,
UCI_0311,por,Portuguese,G3,17,20,85.0,UCI_Student_Performance,False,
UCI_0312,mat,Mathematics,G1,11,20,55.0,UCI_Student_Performance,False,
UCI_0312,mat,Mathematics,G2,11,20,55.0,UCI_Student_Performance,False,
UCI_0312,mat,Mathematics,G3,10,20,50.0,UCI_Student_Performance,False,
UCI_0312,por,Portuguese,G1,15,20,75.0,UCI_Student_Performance,False,
UCI_0312,por,Portuguese,G2,15,20,75.0,UCI_Student_Performance,False,
UCI_0312,por,Portuguese,G3,17,20,85.0,UCI_Student_Performance,False,
UCI_0313,mat,Mathematics,G1,11,20,55.0,UCI_Student_Performance,False,
UCI_0313,mat,Mathematics,G2,11,20,55.0,UCI_Student_Performance,False,
UCI_0313,mat,Mathematics,G3,11,20,55.0,UCI_Student_Performance,False,
UCI_0313,por,Portuguese,G1,12,20,60.0,UCI_Student_Performance,False,
UCI_0313,por,Portuguese,G2,11,20,55.0,UCI_Student_Performance,False,
UCI_0313,por,Portuguese,G3,13,20,65.0,UCI_Student_Performance,False,
UCI_0314,mat,Mathematics,G1,13,20,65.0,UCI_Student_Performance,False,
UCI_0314,mat,Mathematics,G2,13,20,65.0,UCI_Student_Performance,False,
UCI_0314,mat,Mathematics,G3,13,20,65.0,UCI_Student_Performance,False,
UCI_0314,por,Portuguese,G1,15,20,75.0,UCI_Student_Performance,False,
UCI_0314,por,Portuguese,G2,14,20,70.0,UCI_Student_Performance,False,
UCI_0314,por,Portuguese,G3,17,20,85.0,UCI_Student_Performance,False,
UCI_0315,mat,Mathematics,G1,11,20,55.0,UCI_Student_Performance,False,
UCI_0315,mat,Mathematics,G2,9,20,45.0,UCI_Student_Performance,False,
UCI_0315,mat,Mathematics,G3,9,20,45.0,UCI_Student_Performance,False,
UCI_0315,por,Portuguese,G1,14,20,70.0,UCI_Student_Performance,False,
UCI_0315,por,Portuguese,G2,13,20,65.0,UCI_Student_Performance,False,
UCI_0315,por,Portuguese,G3,13,20,65.0,UCI_Student_Performance,False,
UCI_0316,mat,Mathematics,G1,11,20,55.0,UCI_Student_Performance,False,
UCI_0316,mat,Mathematics,G2,11,20,55.0,UCI_Student_Performance,False,
UCI_0316,mat,Mathematics,G3,11,20,55.0,UCI_Student_Performance,False,
UCI_0316,por,Portuguese,G1,11,20,55.0,UCI_Student_Performance,False,
UCI_0316,por,Portuguese,G2,11,20,55.0,UCI_Student_Performance,False,
UCI_0316,por,Portuguese,G3,10,20,50.0,UCI_Student_Performance,False,
UCI_0317,mat,Mathematics,G1,12,20,60.0,UCI_Student_Performance,False,
UCI_0317,mat,Mathematics,G2,14,20,70.0,UCI_Student_Performance,False,
UCI_0317,mat,Mathematics,G3,15,20,75.0,UCI_Student_Performance,False,
UCI_0317,por,Portuguese,G1,17,20,85.0,UCI_Student_Performance,False,
UCI_0317,por,Portuguese,G2,18,20,90.0,UCI_Student_Performance,False,
UCI_0317,por,Portuguese,G3,17,20,85.0,UCI_Student_Performance,False,
UCI_0318,mat,Mathematics,G1,16,20,80.0,UCI_Student_Performance,False,
UCI_0318,mat,Mathematics,G2,15,20,75.0,UCI_Student_Performance,False,
UCI_0318,mat,Mathematics,G3,15,20,75.0,UCI_Student_Performance,False,
UCI_0318,por,Portuguese,G1,14,20,70.0,UCI_Student_Performance,False,
UCI_0318,por,Portuguese,G2,14,20,70.0,UCI_Student_Performance,False,
UCI_0318,por,Portuguese,G3,15,20,75.0,UCI_Student_Performance,False,
UCI_0319,mat,Mathematics,G1,9,20,45.0,UCI_Student_Performance,False,
UCI_0319,mat,Mathematics,G2,12,20,60.0,UCI_Student_Performance,False,
UCI_0319,mat,Mathematics,G3,11,20,55.0,UCI_Student_Performance,False,
UCI_0319,por,Portuguese,G1,13,20,65.0,UCI_Student_Performance,False,
UCI_0319,por,Portuguese,G2,14,20,70.0,UCI_Student_Performance,False,
UCI_0319,por,Portuguese,G3,13,20,65.0,UCI_Student_Performance,False,
UCI_0320,mat,Mathematics,G1,14,20,70.0,UCI_Student_Performance,False,
UCI_0320,mat,Mathematics,G2,15,20,75.0,UCI_Student_Performance,False,
UCI_0320,mat,Mathematics,G3,16,20,80.0,UCI_Student_Performance,False,
UCI_0320,por,Portuguese,G1,17,20,85.0,UCI_Student_Performance,False,
UCI_0320,por,Portuguese,G2,18,20,90.0,UCI_Student_Performance,False,
UCI_0320,por,Portuguese,G3,17,20,85.0,UCI_Student_Performance,False,
UCI_0321,mat,Mathematics,G1,11,20,55.0,UCI_Student_Performance,False,
UCI_0321,mat,Mathematics,G2,10,20,50.0,UCI_Student_Performance,False,
UCI_0321,mat,Mathematics,G3,10,20,50.0,UCI_Student_Performance,False,
UCI_0321,por,Portuguese,G1,11,20,55.0,UCI_Student_Performance,False,
UCI_0321,por,Portuguese,G2,10,20,50.0,UCI_Student_Performance,False,
UCI_0321,por,Portuguese,G3,10,20,50.0,UCI_Student_Performance,False,
UCI_0322,mat,Mathematics,G1,10,20,50.0,UCI_Student_Performance,False,
UCI_0322,mat,Mathematics,G2,9,20,45.0,UCI_Student_Performance,False,
UCI_0322,mat,Mathematics,G3,9,20,45.0,UCI_Student_Performance,False,
UCI_0322,por,Portuguese,G1,11,20,55.0,UCI_Student_Performance,False,
UCI_0322,por,Portuguese,G2,11,20,55.0,UCI_Student_Performance,False,
UCI_0322,por,Portuguese,G3,12,20,60.0,UCI_Student_Performance,False,
UCI_0323,mat,Mathematics,G1,10,20,50.0,UCI_Student_Performance,False,
UCI_0323,mat,Mathematics,G2,9,20,45.0,UCI_Student_Performance,False,
UCI_0323,mat,Mathematics,G3,9,20,45.0,UCI_Student_Performance,False,
UCI_0323,por,Portuguese,G1,13,20,65.0,UCI_Student_Performance,False,
UCI_0323,por,Portuguese,G2,12,20,60.0,UCI_Student_Performance,False,
UCI_0323,por,Portuguese,G3,13,20,65.0,UCI_Student_Performance,False,
UCI_0324,mat,Mathematics,G1,14,20,70.0,UCI_Student_Performance,False,
UCI_0324,mat,Mathematics,G2,14,20,70.0,UCI_Student_Performance,False,
UCI_0324,mat,Mathematics,G3,14,20,70.0,UCI_Student_Performance,False,
UCI_0324,por,Portuguese,G1,15,20,75.0,UCI_Student_Performance,False,
UCI_0324,por,Portuguese,G2,14,20,70.0,UCI_Student_Performance,False,
UCI_0324,por,Portuguese,G3,15,20,75.0,UCI_Student_Performance,False,
UCI_0325,mat,Mathematics,G1,9,20,45.0,UCI_Student_Performance,False,
UCI_0325,mat,Mathematics,G2,8,20,40.0,UCI_Student_Performance,False,
UCI_0325,mat,Mathematics,G3,8,20,40.0,UCI_Student_Performance,False,
UCI_0325,por,Portuguese,G1,11,20,55.0,UCI_Student_Performance,False,
UCI_0325,por,Portuguese,G2,11,20,55.0,UCI_Student_Performance,False,
UCI_0325,por,Portuguese,G3,12,20,60.0,UCI_Student_Performance,False,
UCI_0326,mat,Mathematics,G1,12,20,60.0,UCI_Student_Performance,False,
UCI_0326,mat,Mathematics,G2,14,20,70.0,UCI_Student_Performance,False,
UCI_0326,mat,Mathematics,G3,14,20,70.0,UCI_Student_Performance,False,
UCI_0326,por,Portuguese,G1,15,20,75.0,UCI_Student_Performance,False,
UCI_0326,por,Portuguese,G2,15,20,75.0,UCI_Student_Performance,False,
UCI_0326,por,Portuguese,G3,15,20,75.0,UCI_Student_Performance,False,
UCI_0327,mat,Mathematics,G1,7,20,35.0,UCI_Student_Performance,False,
UCI_0327,mat,Mathematics,G2,0,20,0.0,UCI_Student_Performance,False,
UCI_0327,mat,Mathematics,G3,0,20,0.0,UCI_Student_Performance,False,
UCI_0327,por,Portuguese,G1,10,20,50.0,UCI_Student_Performance,False,
UCI_0327,por,Portuguese,G2,11,20,55.0,UCI_Student_Performance,False,
UCI_0327,por,Portuguese,G3,12,20,60.0,UCI_Student_Performance,False,
UCI_0328,mat,Mathematics,G1,8,20,40.0,UCI_Student_Performance,False,
UCI_0328,mat,Mathematics,G2,8,20,40.0,UCI_Student_Performance,False,
UCI_0328,mat,Mathematics,G3,0,20,0.0,UCI_Student_Performance,False,
UCI_0328,por,Portuguese,G1,10,20,50.0,UCI_Student_Performance,False,
UCI_0328,por,Portuguese,G2,9,20,45.0,UCI_Student_Performance,False,
UCI_0328,por,Portuguese,G3,12,20,60.0,UCI_Student_Performance,False,
UCI_0329,mat,Mathematics,G1,10,20,50.0,UCI_Student_Performance,False,
UCI_0329,mat,Mathematics,G2,9,20,45.0,UCI_Student_Performance,False,
UCI_0329,mat,Mathematics,G3,0,20,0.0,UCI_Student_Performance,False,
UCI_0329,por,Portuguese,G1,14,20,70.0,UCI_Student_Performance,False,
UCI_0329,por,Portuguese,G2,13,20,65.0,UCI_Student_Performance,False,
UCI_0329,por,Portuguese,G3,14,20,70.0,UCI_Student_Performance,False,
UCI_0330,mat,Mathematics,G1,16,20,80.0,UCI_Student_Performance,False,
UCI_0330,mat,Mathematics,G2,15,20,75.0,UCI_Student_Performance,False,
UCI_0330,mat,Mathematics,G3,15,20,75.0,UCI_Student_Performance,False,
UCI_0330,por,Portuguese,G1,11,20,55.0,UCI_Student_Performance,False,
UCI_0330,por,Portuguese,G2,13,20,65.0,UCI_Student_Performance,False,
UCI_0330,por,Portuguese,G3,14,20,70.0,UCI_Student_Performance,False,
UCI_0331,mat,Mathematics,G1,7,20,35.0,UCI_Student_Performance,False,
UCI_0331,mat,Mathematics,G2,8,20,40.0,UCI_Student_Performance,False,
UCI_0331,mat,Mathematics,G3,0,20,0.0,UCI_Student_Performance,False,
UCI_0331,por,Portuguese,G1,12,20,60.0,UCI_Student_Performance,False,
UCI_0331,por,Portuguese,G2,13,20,65.0,UCI_Student_Performance,False,
UCI_0331,por,Portuguese,G3,15,20,75.0,UCI_Student_Performance,False,
UCI_0332,mat,Mathematics,G1,16,20,80.0,UCI_Student_Performance,False,
UCI_0332,mat,Mathematics,G2,15,20,75.0,UCI_Student_Performance,False,
UCI_0332,mat,Mathematics,G3,17,20,85.0,UCI_Student_Performance,False,
UCI_0332,por,Portuguese,G1,14,20,70.0,UCI_Student_Performance,False,
UCI_0332,por,Portuguese,G2,14,20,70.0,UCI_Student_Performance,False,
UCI_0332,por,Portuguese,G3,15,20,75.0,UCI_Student_Performance,False,
UCI_0333,mat,Mathematics,G1,9,20,45.0,UCI_Student_Performance,False,
UCI_0333,mat,Mathematics,G2,10,20,50.0,UCI_Student_Performance,False,
UCI_0333,mat,Mathematics,G3,10,20,50.0,UCI_Student_Performance,False,
UCI_0333,por,Portuguese,G1,14,20,70.0,UCI_Student_Performance,False,
UCI_0333,por,Portuguese,G2,14,20,70.0,UCI_Student_Performance,False,
UCI_0333,por,Portuguese,G3,16,20,80.0,UCI_Student_Performance,False,
UCI_0334,mat,Mathematics,G1,10,20,50.0,UCI_Student_Performance,False,
UCI_0334,mat,Mathematics,G2,10,20,50.0,UCI_Student_Performance,False,
UCI_0334,mat,Mathematics,G3,0,20,0.0,UCI_Student_Performance,False,
UCI_0334,por,Portuguese,G1,11,20,55.0,UCI_Student_Performance,False,
UCI_0334,por,Portuguese,G2,12,20,60.0,UCI_Student_Performance,False,
UCI_0334,por,Portuguese,G3,12,20,60.0,UCI_Student_Performance,False,
UCI_0335,mat,Mathematics,G1,10,20,50.0,UCI_Student_Performance,False,
UCI_0335,mat,Mathematics,G2,10,20,50.0,UCI_Student_Performance,False,
UCI_0335,mat,Mathematics,G3,0,20,0.0,UCI_Student_Performance,False,
UCI_0335,por,Portuguese,G1,12,20,60.0,UCI_Student_Performance,False,
UCI_0335,por,Portuguese,G2,12,20,60.0,UCI_Student_Performance,False,
UCI_0335,por,Portuguese,G3,13,20,65.0,UCI_Student_Performance,False,
UCI_0336,mat,Mathematics,G1,16,20,80.0,UCI_Student_Performance,False,
UCI_0336,mat,Mathematics,G2,15,20,75.0,UCI_Student_Performance,False,
UCI_0336,mat,Mathematics,G3,15,20,75.0,UCI_Student_Performance,False,
UCI_0336,por,Portuguese,G1,16,20,80.0,UCI_Student_Performance,False,
UCI_0336,por,Portuguese,G2,16,20,80.0,UCI_Student_Performance,False,
UCI_0336,por,Portuguese,G3,17,20,85.0,UCI_Student_Performance,False,
UCI_0337,mat,Mathematics,G1,9,20,45.0,UCI_Student_Performance,False,
UCI_0337,mat,Mathematics,G2,8,20,40.0,UCI_Student_Performance,False,
UCI_0337,mat,Mathematics,G3,0,20,0.0,UCI_Student_Performance,False,
UCI_0337,por,Portuguese,G1,10,20,50.0,UCI_Student_Performance,False,
UCI_0337,por,Portuguese,G2,12,20,60.0,UCI_Student_Performance,False,
UCI_0337,por,Portuguese,G3,14,20,70.0,UCI_Student_Performance,False,
UCI_0338,mat,Mathematics,G1,11,20,55.0,UCI_Student_Performance,False,
UCI_0338,mat,Mathematics,G2,10,20,50.0,UCI_Student_Performance,False,
UCI_0338,mat,Mathematics,G3,10,20,50.0,UCI_Student_Performance,False,
UCI_0338,por,Portuguese,G1,11,20,55.0,UCI_Student_Performance,False,
UCI_0338,por,Portuguese,G2,12,20,60.0,UCI_Student_Performance,False,
UCI_0338,por,Portuguese,G3,14,20,70.0,UCI_Student_Performance,False,
UCI_0339,mat,Mathematics,G1,13,20,65.0,UCI_Student_Performance,False,
UCI_0339,mat,Mathematics,G2,13,20,65.0,UCI_Student_Performance,False,
UCI_0339,mat,Mathematics,G3,14,20,70.0,UCI_Student_Performance,False,
UCI_0339,por,Portuguese,G1,14,20,70.0,UCI_Student_Performance,False,
UCI_0339,por,Portuguese,G2,16,20,80.0,UCI_Student_Performance,False,
UCI_0339,por,Portuguese,G3,17,20,85.0,UCI_Student_Performance,False,
UCI_0340,mat,Mathematics,G1,16,20,80.0,UCI_Student_Performance,False,
UCI_0340,mat,Mathematics,G2,15,20,75.0,UCI_Student_Performance,False,
UCI_0340,mat,Mathematics,G3,16,20,80.0,UCI_Student_Performance,False,
UCI_0340,por,Portuguese,G1,15,20,75.0,UCI_Student_Performance,False,
UCI_0340,por,Portuguese,G2,14,20,70.0,UCI_Student_Performance,False,
UCI_0340,por,Portuguese,G3,17,20,85.0,UCI_Student_Performance,False,
UCI_0341,mat,Mathematics,G1,10,20,50.0,UCI_Student_Performance,False,
UCI_0341,mat,Mathematics,G2,10,20,50.0,UCI_Student_Performance,False,
UCI_0341,mat,Mathematics,G3,9,20,45.0,UCI_Student_Performance,False,
UCI_0341,por,Portuguese,G1,14,20,70.0,UCI_Student_Performance,False,
UCI_0341,por,Portuguese,G2,13,20,65.0,UCI_Student_Performance,False,
UCI_0341,por,Portuguese,G3,14,20,70.0,UCI_Student_Performance,False,
UCI_0342,mat,Mathematics,G1,13,20,65.0,UCI_Student_Performance,False,
UCI_0342,mat,Mathematics,G2,15,20,75.0,UCI_Student_Performance,False,
UCI_0342,mat,Mathematics,G3,15,20,75.0,UCI_Student_Performance,False,
UCI_0342,por,Portuguese,G1,11,20,55.0,UCI_Student_Performance,False,
UCI_0342,por,Portuguese,G2,12,20,60.0,UCI_Student_Performance,False,
UCI_0342,por,Portuguese,G3,13,20,65.0,UCI_Student_Performance,False,
UCI_0343,mat,Mathematics,G1,11,20,55.0,UCI_Student_Performance,False,
UCI_0343,mat,Mathematics,G2,13,20,65.0,UCI_Student_Performance,False,
UCI_0343,mat,Mathematics,G3,13,20,65.0,UCI_Student_Performance,False,
UCI_0343,por,Portuguese,G1,9,20,45.0,UCI_Student_Performance,False,
UCI_0343,por,Portuguese,G2,10,20,50.0,UCI_Student_Performance,False,
UCI_0343,por,Portuguese,G3,11,20,55.0,UCI_Student_Performance,False,
UCI_0344,mat,Mathematics,G1,8,20,40.0,UCI_Student_Performance,False,
UCI_0344,mat,Mathematics,G2,7,20,35.0,UCI_Student_Performance,False,
UCI_0344,mat,Mathematics,G3,8,20,40.0,UCI_Student_Performance,False,
UCI_0344,por,Portuguese,G1,10,20,50.0,UCI_Student_Performance,False,
UCI_0344,por,Portuguese,G2,9,20,45.0,UCI_Student_Performance,False,
UCI_0344,por,Portuguese,G3,11,20,55.0,UCI_Student_Performance,False,
UCI_0345,mat,Mathematics,G1,13,20,65.0,UCI_Student_Performance,False,
UCI_0345,mat,Mathematics,G2,13,20,65.0,UCI_Student_Performance,False,
UCI_0345,mat,Mathematics,G3,13,20,65.0,UCI_Student_Performance,False,
UCI_0345,por,Portuguese,G1,8,20,40.0,UCI_Student_Performance,False,
UCI_0345,por,Portuguese,G2,9,20,45.0,UCI_Student_Performance,False,
UCI_0345,por,Portuguese,G3,10,20,50.0,UCI_Student_Performance,False,
UCI_0346,mat,Mathematics,G1,8,20,40.0,UCI_Student_Performance,False,
UCI_0346,mat,Mathematics,G2,7,20,35.0,UCI_Student_Performance,False,
UCI_0346,mat,Mathematics,G3,8,20,40.0,UCI_Student_Performance,False,
UCI_0346,por,Portuguese,G1,9,20,45.0,UCI_Student_Performance,False,
UCI_0346,por,Portuguese,G2,10,20,50.0,UCI_Student_Performance,False,
UCI_0346,por,Portuguese,G3,9,20,45.0,UCI_Student_Performance,False,
UCI_0347,mat,Mathematics,G1,8,20,40.0,UCI_Student_Performance,False,
UCI_0347,mat,Mathematics,G2,8,20,40.0,UCI_Student_Performance,False,
UCI_0347,mat,Mathematics,G3,8,20,40.0,UCI_Student_Performance,False,
UCI_0347,por,Portuguese,G1,8,20,40.0,UCI_Student_Performance,False,
UCI_0347,por,Portuguese,G2,9,20,45.0,UCI_Student_Performance,False,
UCI_0347,por,Portuguese,G3,10,20,50.0,UCI_Student_Performance,False,
UCI_0348,mat,Mathematics,G1,13,20,65.0,UCI_Student_Performance,False,
UCI_0348,mat,Mathematics,G2,11,20,55.0,UCI_Student_Performance,False,
UCI_0348,mat,Mathematics,G3,11,20,55.0,UCI_Student_Performance,False,
UCI_0348,por,Portuguese,G1,10,20,50.0,UCI_Student_Performance,False,
UCI_0348,por,Portuguese,G2,11,20,55.0,UCI_Student_Performance,False,
UCI_0348,por,Portuguese,G3,11,20,55.0,UCI_Student_Performance,False,
UCI_0349,mat,Mathematics,G1,10,20,50.0,UCI_Student_Performance,False,
UCI_0349,mat,Mathematics,G2,9,20,45.0,UCI_Student_Performance,False,
UCI_0349,mat,Mathematics,G3,9,20,45.0,UCI_Student_Performance,False,
UCI_0349,por,Portuguese,G1,10,20,50.0,UCI_Student_Performance,False,
UCI_0349,por,Portuguese,G2,10,20,50.0,UCI_Student_Performance,False,
UCI_0349,por,Portuguese,G3,10,20,50.0,UCI_Student_Performance,False,
UCI_0350,mat,Mathematics,G1,12,20,60.0,UCI_Student_Performance,False,
UCI_0350,mat,Mathematics,G2,13,20,65.0,UCI_Student_Performance,False,
UCI_0350,mat,Mathematics,G3,13,20,65.0,UCI_Student_Performance,False,
UCI_0350,por,Portuguese,G1,12,20,60.0,UCI_Student_Performance,False,
UCI_0350,por,Portuguese,G2,12,20,60.0,UCI_Student_Performance,False,
UCI_0350,por,Portuguese,G3,12,20,60.0,UCI_Student_Performance,False,
UCI_0351,mat,Mathematics,G1,12,20,60.0,UCI_Student_Performance,False,
UCI_0351,mat,Mathematics,G2,12,20,60.0,UCI_Student_Performance,False,
UCI_0351,mat,Mathematics,G3,11,20,55.0,UCI_Student_Performance,False,
UCI_0351,por,Portuguese,G1,15,20,75.0,UCI_Student_Performance,False,
UCI_0351,por,Portuguese,G2,14,20,70.0,UCI_Student_Performance,False,
UCI_0351,por,Portuguese,G3,15,20,75.0,UCI_Student_Performance,False,
UCI_0352,mat,Mathematics,G1,10,20,50.0,UCI_Student_Performance,False,
UCI_0352,mat,Mathematics,G2,10,20,50.0,UCI_Student_Performance,False,
UCI_0352,mat,Mathematics,G3,10,20,50.0,UCI_Student_Performance,False,
UCI_0352,por,Portuguese,G1,14,20,70.0,UCI_Student_Performance,False,
UCI_0352,por,Portuguese,G2,13,20,65.0,UCI_Student_Performance,False,
UCI_0352,por,Portuguese,G3,14,20,70.0,UCI_Student_Performance,False,
UCI_0353,mat,Mathematics,G1,18,20,90.0,UCI_Student_Performance,False,
UCI_0353,mat,Mathematics,G2,16,20,80.0,UCI_Student_Performance,False,
UCI_0353,mat,Mathematics,G3,16,20,80.0,UCI_Student_Performance,False,
UCI_0353,por,Portuguese,G1,19,20,95.0,UCI_Student_Performance,False,
UCI_0353,por,Portuguese,G2,17,20,85.0,UCI_Student_Performance,False,
UCI_0353,por,Portuguese,G3,18,20,90.0,UCI_Student_Performance,False,
UCI_0354,mat,Mathematics,G1,11,20,55.0,UCI_Student_Performance,False,
UCI_0354,mat,Mathematics,G2,11,20,55.0,UCI_Student_Performance,False,
UCI_0354,mat,Mathematics,G3,10,20,50.0,UCI_Student_Performance,False,
UCI_0354,por,Portuguese,G1,13,20,65.0,UCI_Student_Performance,False,
UCI_0354,por,Portuguese,G2,12,20,60.0,UCI_Student_Performance,False,
UCI_0354,por,Portuguese,G3,13,20,65.0,UCI_Student_Performance,False,
UCI_0355,mat,Mathematics,G1,16,20,80.0,UCI_Student_Performance,False,
UCI_0355,mat,Mathematics,G2,15,20,75.0,UCI_Student_Performance,False,
UCI_0355,mat,Mathematics,G3,15,20,75.0,UCI_Student_Performance,False,
UCI_0355,por,Portuguese,G1,15,20,75.0,UCI_Student_Performance,False,
UCI_0355,por,Portuguese,G2,14,20,70.0,UCI_Student_Performance,False,
UCI_0355,por,Portuguese,G3,15,20,75.0,UCI_Student_Performance,False,
UCI_0356,mat,Mathematics,G1,12,20,60.0,UCI_Student_Performance,False,
UCI_0356,mat,Mathematics,G2,11,20,55.0,UCI_Student_Performance,False,
UCI_0356,mat,Mathematics,G3,12,20,60.0,UCI_Student_Performance,False,
UCI_0356,por,Portuguese,G1,13,20,65.0,UCI_Student_Performance,False,
UCI_0356,por,Portuguese,G2,13,20,65.0,UCI_Student_Performance,False,
UCI_0356,por,Portuguese,G3,13,20,65.0,UCI_Student_Performance,False,
UCI_0357,mat,Mathematics,G1,10,20,50.0,UCI_Student_Performance,False,
UCI_0357,mat,Mathematics,G2,10,20,50.0,UCI_Student_Performance,False,
UCI_0357,mat,Mathematics,G3,10,20,50.0,UCI_Student_Performance,False,
UCI_0357,por,Portuguese,G1,8,20,40.0,UCI_Student_Performance,False,
UCI_0357,por,Portuguese,G2,10,20,50.0,UCI_Student_Performance,False,
UCI_0357,por,Portuguese,G3,9,20,45.0,UCI_Student_Performance,False,
UCI_0358,mat,Mathematics,G1,13,20,65.0,UCI_Student_Performance,False,
UCI_0358,mat,Mathematics,G2,13,20,65.0,UCI_Student_Performance,False,
UCI_0358,mat,Mathematics,G3,13,20,65.0,UCI_Student_Performance,False,
UCI_0358,por,Portuguese,G1,15,20,75.0,UCI_Student_Performance,False,
UCI_0358,por,Portuguese,G2,16,20,80.0,UCI_Student_Performance,False,
UCI_0358,por,Portuguese,G3,16,20,80.0,UCI_Student_Performance,False,
UCI_0359,mat,Mathematics,G1,7,20,35.0,UCI_Student_Performance,False,
UCI_0359,mat,Mathematics,G2,6,20,30.0,UCI_Student_Performance,False,
UCI_0359,mat,Mathematics,G3,0,20,0.0,UCI_Student_Performance,False,
UCI_0359,por,Portuguese,G1,8,20,40.0,UCI_Student_Performance,False,
UCI_0359,por,Portuguese,G2,8,20,40.0,UCI_Student_Performance,False,
UCI_0359,por,Portuguese,G3,9,20,45.0,UCI_Student_Performance,False,
UCI_0360,mat,Mathematics,G1,11,20,55.0,UCI_Student_Performance,False,
UCI_0360,mat,Mathematics,G2,10,20,50.0,UCI_Student_Performance,False,
UCI_0360,mat,Mathematics,G3,10,20,50.0,UCI_Student_Performance,False,
UCI_0360,por,Portuguese,G1,10,20,50.0,UCI_Student_Performance,False,
UCI_0360,por,Portuguese,G2,10,20,50.0,UCI_Student_Performance,False,
UCI_0360,por,Portuguese,G3,10,20,50.0,UCI_Student_Performance,False,
UCI_0361,mat,Mathematics,G1,14,20,70.0,UCI_Student_Performance,False,
UCI_0361,mat,Mathematics,G2,12,20,60.0,UCI_Student_Performance,False,
UCI_0361,mat,Mathematics,G3,11,20,55.0,UCI_Student_Performance,False,
UCI_0361,por,Portuguese,G1,7,20,35.0,UCI_Student_Performance,False,
UCI_0361,por,Portuguese,G2,5,20,25.0,UCI_Student_Performance,False,
UCI_0361,por,Portuguese,G3,0,20,0.0,UCI_Student_Performance,False,
UCI_0362,mat,Mathematics,G1,14,20,70.0,UCI_Student_Performance,False,
UCI_0362,mat,Mathematics,G2,12,20,60.0,UCI_Student_Performance,False,
UCI_0362,mat,Mathematics,G3,12,20,60.0,UCI_Student_Performance,False,
UCI_0362,por,Portuguese,G1,9,20,45.0,UCI_Student_Performance,False,
UCI_0362,por,Portuguese,G2,10,20,50.0,UCI_Student_Performance,False,
UCI_0362,por,Portuguese,G3,10,20,50.0,UCI_Student_Performance,False,
UCI_0363,mat,Mathematics,G1,13,20,65.0,UCI_Student_Performance,False,
UCI_0363,mat,Mathematics,G2,11,20,55.0,UCI_Student_Performance,False,
UCI_0363,mat,Mathematics,G3,11,20,55.0,UCI_Student_Performance,False,
UCI_0363,por,Portuguese,G1,10,20,50.0,UCI_Student_Performance,False,
UCI_0363,por,Portuguese,G2,11,20,55.0,UCI_Student_Performance,False,
UCI_0363,por,Portuguese,G3,12,20,60.0,UCI_Student_Performance,False,
UCI_0364,mat,Mathematics,G1,6,20,30.0,UCI_Student_Performance,False,
UCI_0364,mat,Mathematics,G2,5,20,25.0,UCI_Student_Performance,False,
UCI_0364,mat,Mathematics,G3,5,20,25.0,UCI_Student_Performance,False,
UCI_0364,por,Portuguese,G1,7,20,35.0,UCI_Student_Performance,False,
UCI_0364,por,Portuguese,G2,8,20,40.0,UCI_Student_Performance,False,
UCI_0364,por,Portuguese,G3,9,20,45.0,UCI_Student_Performance,False,
UCI_0365,mat,Mathematics,G1,19,20,95.0,UCI_Student_Performance,False,
UCI_0365,mat,Mathematics,G2,18,20,90.0,UCI_Student_Performance,False,
UCI_0365,mat,Mathematics,G3,19,20,95.0,UCI_Student_Performance,False,
UCI_0365,por,Portuguese,G1,15,20,75.0,UCI_Student_Performance,False,
UCI_0365,por,Portuguese,G2,17,20,85.0,UCI_Student_Performance,False,
UCI_0365,por,Portuguese,G3,17,20,85.0,UCI_Student_Performance,False,
UCI_0366,mat,Mathematics,G1,8,20,40.0,UCI_Student_Performance,False,
UCI_0366,mat,Mathematics,G2,8,20,40.0,UCI_Student_Performance,False,
UCI_0366,mat,Mathematics,G3,10,20,50.0,UCI_Student_Performance,False,
UCI_0366,por,Portuguese,G1,10,20,50.0,UCI_Student_Performance,False,
UCI_0366,por,Portuguese,G2,11,20,55.0,UCI_Student_Performance,False,
UCI_0366,por,Portuguese,G3,12,20,60.0,UCI_Student_Performance,False,
UCI_0367,mat,Mathematics,G1,8,20,40.0,UCI_Student_Performance,False,
UCI_0367,mat,Mathematics,G2,9,20,45.0,UCI_Student_Performance,False,
UCI_0367,mat,Mathematics,G3,10,20,50.0,UCI_Student_Performance,False,
UCI_0367,por,Portuguese,G1,13,20,65.0,UCI_Student_Performance,False,
UCI_0367,por,Portuguese,G2,14,20,70.0,UCI_Student_Performance,False,
UCI_0367,por,Portuguese,G3,14,20,70.0,UCI_Student_Performance,False,
UCI_0368,mat,Mathematics,G1,15,20,75.0,UCI_Student_Performance,False,
UCI_0368,mat,Mathematics,G2,15,20,75.0,UCI_Student_Performance,False,
UCI_0368,mat,Mathematics,G3,15,20,75.0,UCI_Student_Performance,False,
UCI_0368,por,Portuguese,G1,16,20,80.0,UCI_Student_Performance,False,
UCI_0368,por,Portuguese,G2,16,20,80.0,UCI_Student_Performance,False,
UCI_0368,por,Portuguese,G3,16,20,80.0,UCI_Student_Performance,False,
UCI_0369,mat,Mathematics,G1,10,20,50.0,UCI_Student_Performance,False,
UCI_0369,mat,Mathematics,G2,10,20,50.0,UCI_Student_Performance,False,
UCI_0369,mat,Mathematics,G3,10,20,50.0,UCI_Student_Performance,False,
UCI_0369,por,Portuguese,G1,8,20,40.0,UCI_Student_Performance,False,
UCI_0369,por,Portuguese,G2,9,20,45.0,UCI_Student_Performance,False,
UCI_0369,por,Portuguese,G3,9,20,45.0,UCI_Student_Performance,False,
UCI_0370,mat,Mathematics,G1,15,20,75.0,UCI_Student_Performance,False,
UCI_0370,mat,Mathematics,G2,14,20,70.0,UCI_Student_Performance,False,
UCI_0370,mat,Mathematics,G3,14,20,70.0,UCI_Student_Performance,False,
UCI_0370,por,Portuguese,G1,17,20,85.0,UCI_Student_Performance,False,
UCI_0370,por,Portuguese,G2,18,20,90.0,UCI_Student_Performance,False,
UCI_0370,por,Portuguese,G3,19,20,95.0,UCI_Student_Performance,False,
UCI_0371,mat,Mathematics,G1,7,20,35.0,UCI_Student_Performance,False,
UCI_0371,mat,Mathematics,G2,6,20,30.0,UCI_Student_Performance,False,
UCI_0371,mat,Mathematics,G3,7,20,35.0,UCI_Student_Performance,False,
UCI_0371,por,Portuguese,G1,7,20,35.0,UCI_Student_Performance,False,
UCI_0371,por,Portuguese,G2,7,20,35.0,UCI_Student_Performance,False,
UCI_0371,por,Portuguese,G3,0,20,0.0,UCI_Student_Performance,False,
UCI_0372,mat,Mathematics,G1,11,20,55.0,UCI_Student_Performance,False,
UCI_0372,mat,Mathematics,G2,11,20,55.0,UCI_Student_Performance,False,
UCI_0372,mat,Mathematics,G3,10,20,50.0,UCI_Student_Performance,False,
UCI_0372,por,Portuguese,G1,14,20,70.0,UCI_Student_Performance,False,
UCI_0372,por,Portuguese,G2,15,20,75.0,UCI_Student_Performance,False,
UCI_0372,por,Portuguese,G3,16,20,80.0,UCI_Student_Performance,False,
UCI_0373,mat,Mathematics,G1,6,20,30.0,UCI_Student_Performance,False,
UCI_0373,mat,Mathematics,G2,5,20,25.0,UCI_Student_Performance,False,
UCI_0373,mat,Mathematics,G3,0,20,0.0,UCI_Student_Performance,False,
UCI_0373,por,Portuguese,G1,5,20,25.0,UCI_Student_Performance,False,
UCI_0373,por,Portuguese,G2,8,20,40.0,UCI_Student_Performance,False,
UCI_0373,por,Portuguese,G3,0,20,0.0,UCI_Student_Performance,False,
UCI_0374,mat,Mathematics,G1,6,20,30.0,UCI_Student_Performance,False,
UCI_0374,mat,Mathematics,G2,5,20,25.0,UCI_Student_Performance,False,
UCI_0374,mat,Mathematics,G3,5,20,25.0,UCI_Student_Performance,False,
UCI_0374,por,Portuguese,G1,7,20,35.0,UCI_Student_Performance,False,
UCI_0374,por,Portuguese,G2,7,20,35.0,UCI_Student_Performance,False,
UCI_0374,por,Portuguese,G3,0,20,0.0,UCI_Student_Performance,False,
UCI_0375,mat,Mathematics,G1,10,20,50.0,UCI_Student_Performance,False,
UCI_0375,mat,Mathematics,G2,9,20,45.0,UCI_Student_Performance,False,
UCI_0375,mat,Mathematics,G3,10,20,50.0,UCI_Student_Performance,False,
UCI_0375,por,Portuguese,G1,14,20,70.0,UCI_Student_Performance,False,
UCI_0375,por,Portuguese,G2,17,20,85.0,UCI_Student_Performance,False,
UCI_0375,por,Portuguese,G3,15,20,75.0,UCI_Student_Performance,False,
UCI_0376,mat,Mathematics,G1,6,20,30.0,UCI_Student_Performance,False,
UCI_0376,mat,Mathematics,G2,5,20,25.0,UCI_Student_Performance,False,
UCI_0376,mat,Mathematics,G3,6,20,30.0,UCI_Student_Performance,False,
UCI_0376,por,Portuguese,G1,7,20,35.0,UCI_Student_Performance,False,
UCI_0376,por,Portuguese,G2,9,20,45.0,UCI_Student_Performance,False,
UCI_0376,por,Portuguese,G3,10,20,50.0,UCI_Student_Performance,False,
UCI_0377,mat,Mathematics,G1,7,20,35.0,UCI_Student_Performance,False,
UCI_0377,mat,Mathematics,G2,5,20,25.0,UCI_Student_Performance,False,
UCI_0377,mat,Mathematics,G3,0,20,0.0,UCI_Student_Performance,False,
UCI_0377,por,Portuguese,G1,10,20,50.0,UCI_Student_Performance,False,
UCI_0377,por,Portuguese,G2,11,20,55.0,UCI_Student_Performance,False,
UCI_0377,por,Portuguese,G3,10,20,50.0,UCI_Student_Performance,False,
UCI_0378,mat,Mathematics,G1,7,20,35.0,UCI_Student_Performance,False,
UCI_0378,mat,Mathematics,G2,9,20,45.0,UCI_Student_Performance,False,
UCI_0378,mat,Mathematics,G3,8,20,40.0,UCI_Student_Performance,False,
UCI_0378,por,Portuguese,G1,15,20,75.0,UCI_Student_Performance,False,
UCI_0378,por,Portuguese,G2,15,20,75.0,UCI_Student_Performance,False,
UCI_0378,por,Portuguese,G3,16,20,80.0,UCI_Student_Performance,False,
UCI_0379,mat,Mathematics,G1,6,20,30.0,UCI_Student_Performance,False,
UCI_0379,mat,Mathematics,G2,5,20,25.0,UCI_Student_Performance,False,
UCI_0379,mat,Mathematics,G3,0,20,0.0,UCI_Student_Performance,False,
UCI_0379,por,Portuguese,G1,7,20,35.0,UCI_Student_Performance,False,
UCI_0379,por,Portuguese,G2,8,20,40.0,UCI_Student_Performance,False,
UCI_0379,por,Portuguese,G3,7,20,35.0,UCI_Student_Performance,False,
UCI_0380,mat,Mathematics,G1,6,20,30.0,UCI_Student_Performance,False,
UCI_0380,mat,Mathematics,G2,5,20,25.0,UCI_Student_Performance,False,
UCI_0380,mat,Mathematics,G3,0,20,0.0,UCI_Student_Performance,False,
UCI_0380,por,Portuguese,G1,11,20,55.0,UCI_Student_Performance,False,
UCI_0380,por,Portuguese,G2,12,20,60.0,UCI_Student_Performance,False,
UCI_0380,por,Portuguese,G3,9,20,45.0,UCI_Student_Performance,False,
UCI_0381,mat,Mathematics,G1,14,20,70.0,UCI_Student_Performance,False,
UCI_0381,mat,Mathematics,G2,16,20,80.0,UCI_Student_Performance,False,
UCI_0381,mat,Mathematics,G3,16,20,80.0,UCI_Student_Performance,False,
UCI_0381,por,Portuguese,G1,10,20,50.0,UCI_Student_Performance,False,
UCI_0381,por,Portuguese,G2,10,20,50.0,UCI_Student_Performance,False,
UCI_0381,por,Portuguese,G3,10,20,50.0,UCI_Student_Performance,False,
UCI_0382,mat,Mathematics,G1,11,20,55.0,UCI_Student_Performance,False,
UCI_0382,mat,Mathematics,G2,12,20,60.0,UCI_Student_Performance,False,
UCI_0382,mat,Mathematics,G3,10,20,50.0,UCI_Student_Performance,False,
UCI_0382,por,Portuguese,G1,10,20,50.0,UCI_Student_Performance,False,
UCI_0382,por,Portuguese,G2,11,20,55.0,UCI_Student_Performance,False,
UCI_0382,por,Portuguese,G3,11,20,55.0,UCI_Student_Performance,False,
