student_id,cgpa,backlog_history,family_income_lpa,at_risk_flag,backlogs,failed_subjects,enrollment_date
S100000,6.54,0,5.8,1,1,0,2023-07-31
S100001,8.93,2,10.7,1,0,1,2023-04-18
S100002,8.25,2,8.9,1,0,0,2023-04-20
S100003,7.06,1,7.3,1,0,0,02/03/2022
S100004,8.28,1,4.3,0,0,0,2021-12-02
S100005,7.31,1,8.3,1,2,0,19/08/2022
S100006,7.35,1,1.0,1,0,1,2022-05-06
S100007,6.76,0,5.3,0,1,0,07-02-2022
S100008,7.64,1,13.6,0,0,0,2021-08-27
S100009,8.07,0,1.3,1,0,0,2021-12-09
S100010,6.82,1,6.7,1,0,0,2021-08-22
S100011,4.98,0,2.6,1,0,3,2021-08-08
S100012,6.35,2,1.0,0,1,1,2022-06-17
S100013,7.51,1,1.8,0,0,2,2022-11-09
S100014,7.15,0,4.5,1,0,0,21/06/2023
S100015,6.57,0,1.0,1,1,0,08-06-2023
S100016,7.39,1,3.5,1,0,0,2022-12-24
S100017,6.38,0,5.3,1,2,1,2022/03/06 19:49:15
S100018,7.47,0,9.4,0,0,0,05-29-2023
S100019,7.94,1,14.8,0,0,1,01-12-2022
S100020,5.38,0,2.1,0,1,0,2023-02-26
S100021,5.59,0,2.3,0,1,1,2022-07-06
S100022,4.83,0,1.0,1,0,0,2023-06-08
S100023,5.92,0,9.8,1,0,1,20/06/2023
S100024,7.38,0,1.7,0,1,0,2023-07-26
S100025,8.41,1,6.7,0,0,0,2023-05-17
S100026,4.69,0,2.0,0,0,1,2023-06-10
S100027,5.87,0,8.6,0,1,1,2023-04-08
S100028,9.53,2,21.5,0,2,0,04/11/2021
S100029,7.76,0,20.0,0,1,1,2023-04-21
S100030,9.09,1,3.3,0,0,1,17/01/2023
S100031,8.79,1,6.5,1,0,0,19/02/2022
S100032,8.27,0,3.3,1,2,1,2021-08-09
S100033,7.19,0,9.6,0,0,1,2022-11-30
S100034,4.95,2,3.7,1,2,1,11/01/2022
S100035,6.18,0,1.0,0,0,1,2023-02-24
S100036,8.2,0,4.0,0,2,0,2021-11-09
S100037,5.77,1,12.2,1,0,0,2021-12-04
S100038,7.27,0,1.0,0,2,1,2021-11-30
S100039,8.27,0,1.0,1,0,0,2022-09-10
S100040,7.67,1,3.9,0,1,0,2022-05-08
S100041,5.24,0,1.0,1,0,0,2022-03-24
S100042,6.53,0,3.4,0,1,0,2023-08-08
S100043,5.64,0,1.0,0,2,0,16/03/2022
S100044,7.47,2,1.0,1,1,0,2021-07-04
S100045,7.75,2,9.7,1,0,1,11/08/2021
S100046,5.64,1,1.8,1,0,0,2023-03-02
S100047,6.29,1,10.4,0,0,1,08/10/2021
S100048,6.83,0,7.3,0,0,1,2022-01-23
S100049,7.28,0,5.4,0,0,0,28/08/2022
S100050,7.91,0,1.9,0,2,0,2023-08-16
S100051,7.33,1,5.4,1,1,0,29/05/2023
S100052,5.8,1,1.0,0,1,0,2022-07-30
S100053,5.55,1,3.0,1,2,0,2022-08-26
S100054,6.16,0,1.9,0,0,0,2023-05-26
S100055,6.29,1,15.5,1,0,0,30/03/2023
S100056,5.38,2,12.4,1,3,0,08/08/2021
S100057,8.26,1,6.8,0,1,0,2023-05-11
S100058,7.05,1,5.5,1,3,0,24/08/2022
S100059,4.42,0,1.5,0,3,1,08/04/2023
S100060,5.33,0,9.4,0,0,0,04-22-2023
S100061,4.14,1,7.6,1,0,1,20/01/2023
S100062,8.4,0,1.0,0,1,0,17/07/2023
S100063,5.29,0,17.7,0,0,0,2022-09-22
S100064,7.29,0,23.3,0,0,0,20/02/2023
S100065,5.78,1,5.5,0,0,0,2023-08-17
S100066,7.33,0,6.1,0,2,0,2023/01/09 12:49:47
S100067,7.99,0,1.4,0,2,0,2023-03-01
S100068,7.13,1,4.6,1,1,0,2022-04-01
S100069,6.18,1,15.8,1,0,0,2023-05-31
S100070,6.54,1,,0,1,0,25/11/2021
S100071,8.51,1,4.2,0,2,0,01-15-2023
S100072,8.38,0,5.0,1,2,0,2022-11-22
S100073,4.61,1,2.1,0,0,0,17/09/2022
S100074,7.48,0,1.5,0,0,0,27/02/2023
S100075,4.71,3,2.8,0,1,1,25/01/2023
S100076,5.81,0,9.3,1,0,0,2023-07-02
S100077,6.21,2,1.0,1,1,0,06/09/2022
S100078,5.13,0,1.9,1,0,0,2022-05-09
S100079,7.29,4,6.3,1,1,0,15/02/2023
S100080,8.49,1,21.5,1,0,0,2021-09-21
S100081,7.98,0,3.2,0,1,0,2021-08-22
S100082,5.33,0,2.3,1,1,0,18/03/2023
S100083,7.52,1,6.9,0,0,0,2023-03-23
S100084,5.25,0,1.0,0,1,0,2022-10-24
S100085,4.75,1,7.5,1,0,0,22/12/2022
S100086,5.46,0,1.0,0,1,0,2023-03-17
S100087,6.36,3,1.0,0,1,2,2023-02-28
S100088,7.28,0,1.7,1,1,0,2021-12-20
S100089,4.22,1,3.6,1,0,0,2022-07-30
S100090,8.2,0,1.9,1,1,1,2021-11-25
S100091,7.45,0,7.6,0,2,0,2022-03-14
S100092,4.72,1,12.0,0,0,0,12-19-2022
S100093,5.29,0,1.3,1,1,0,2021-11-26
S100094,5.46,2,8.1,1,0,0,2022-04-28
S100095,5.8,0,5.2,0,0,0,2022-09-30
S100096,6.49,1,3.3,0,0,0,2021-09-30
S100097,6.09,0,1.0,0,1,0,03/06/2023
S100098,6.07,0,6.9,1,1,0,07/06/2023
S100099,7.87,0,16.8,0,1,0,2021-07-09
S100100,7.26,0,1.1,0,0,1,2023-01-19
S100101,8.11,1,13.3,1,0,0,2022-05-26
S100102,4.91,0,1.0,1,2,0,01/10/2021
S100103,5.43,2,1.0,1,0,0,2021-08-08
S100104,7.57,0,4.4,0,1,0,2022-08-31
S100105,6.19,0,24.2,1,0,0,2022-08-03
S100106,6.15,1,2.9,1,1,0,04/09/2021
S100107,5.32,0,28.1,1,0,0,06-13-2023
S100108,8.11,0,5.9,0,0,1,12-13-2022
S100109,7.44,0,1.0,0,1,1,2022-01-22
S100110,8.89,0,15.0,0,0,1,2022-09-01
S100111,6.1,0,1.0,0,0,0,2022-04-02
S100112,7.11,1,13.4,0,2,1,13/08/2023
S100113,5.86,1,5.3,1,1,0,2022/11/12 11:55:15
S100114,6.04,0,2.6,1,1,0,2022-03-24
S100115,6.54,2,1.0,1,0,0,2023-06-20
S100116,8.33,1,9.4,1,2,0,2022-03-12
S100117,4.94,1,4.1,1,1,0,2022-08-27
S100118,7.55,0,4.2,0,0,1,2022-06-28
S100119,4.67,2,1.0,1,2,0,2022-03-05
S100120,5.02,2,28.4,1,1,0,2022-03-29
S100121,4.97,2,15.0,1,0,0,2023-06-16
S100122,6.39,1,6.4,1,1,0,22/08/2022
S100123,6.96,0,3.1,0,1,0,2023-02-04
S100124,7.35,2,6.1,1,0,0,2022-11-23
S100125,8.29,0,1.0,0,0,0,2022-08-16
S100126,9.29,0,1.0,0,2,0,08-07-2022
S100127,6.49,1,3.6,1,0,0,09/02/2023
S100128,6.11,1,3.1,0,0,0,2023-03-16
S100129,5.57,0,4.4,1,1,1,2022-03-31
S100130,5.84,1,2.1,0,0,1,2021-07-29
S100131,4.6,1,13.1,0,1,1,30/09/2022
S100132,8.58,1,18.5,1,1,0,26/07/2021
S100133,5.3,0,11.3,1,2,0,04-01-2022
S100134,7.85,3,1.0,1,1,1,2022-09-12
S100135,5.87,2,4.5,1,0,0,2022/06/11 14:12:54
S100136,5.2,1,4.3,1,0,1,2022/08/22 20:34:13
S100137,8.37,0,1.0,1,2,0,12-17-2022
S100138,7.47,2,13.6,1,0,0,2021-11-19
S100139,7.36,0,6.2,0,0,1,2023-01-06
S100140,5.79,1,1.0,1,0,1,2021-12-14
S100141,4.91,1,4.9,0,0,0,2022-03-03
S100142,5.42,0,4.7,0,0,0,2022-03-26
S100143,7.87,1,1.0,1,1,0,19/02/2023
S100144,5.96,1,1.3,0,1,1,15/12/2022
S100145,5.98,0,5.3,0,0,0,07-01-2021
S100146,7.54,0,1.0,1,1,0,2023-08-11
S100147,7.04,0,12.8,1,0,0,2021-10-27
S100148,5.05,1,2.9,1,1,0,28/11/2021
S100149,5.08,0,10.0,1,0,0,2022-01-11
S100150,6.36,0,27.6,0,0,0,2021-09-27
S100151,5.81,1,5.0,1,3,0,2022/09/11 15:54:14
S100152,6.84,1,1.0,0,0,0,26/12/2021
S100153,7.05,0,1.0,1,1,0,2022-04-07
S100154,9.13,1,1.7,0,1,0,26/08/2023
S100155,6.72,0,1.0,1,0,0,26/07/2022
S100156,4.77,0,6.1,1,0,0,11/11/2021
S100157,6.7,1,1.0,0,0,0,23/02/2022
S100158,5.98,2,6.0,1,0,0,2021-09-28
S100159,5.82,0,4.1,0,1,0,04/09/2021
S100160,5.4,0,4.4,0,1,0,2021-10-09
S100161,4.12,2,,0,0,0,2022-10-08
S100162,6.16,2,20.2,0,1,0,11-24-2022
S100163,7.48,2,2.2,0,0,0,2023-08-29
S100164,8.72,3,2.6,0,0,1,29/01/2023
S100165,5.41,2,7.8,1,3,0,14/10/2022
S100166,6.5,2,7.3,1,1,0,09-16-2021
S100167,7.33,0,1.7,0,0,0,06-29-2022
S100168,9.55,0,3.1,0,0,0,2023-06-30
S100169,6.99,0,39.2,0,0,0,2022-08-29
S100170,7.17,0,1.0,0,0,0,2022-02-10
S100171,6.59,0,30.4,1,1,1,2022-01-12
S100172,6.77,0,2.0,0,0,0,2022-08-16
S100173,7.22,1,1.0,1,1,1,2022-08-12
S100174,6.28,1,1.2,1,2,1,18/08/2022
S100175,9.43,2,1.0,1,1,0,2022/10/17 11:56:12
S100176,7.16,1,1.7,1,1,0,27/06/2023
S100177,6.95,0,2.1,0,0,3,01/05/2023
S100178,8.26,0,4.9,0,1,0,2021-09-13
S100179,7.2,2,4.4,0,1,0,2023-02-22
S100180,7.6,1,2.0,0,0,0,2022-07-21
S100181,6.17,1,4.4,0,1,1,02/03/2022
S100182,5.44,1,2.8,0,0,0,2021-10-29
S100183,3.98,2,17.5,0,0,0,28/11/2021
S100184,6.27,0,1.0,1,0,0,2021-12-18
S100185,5.71,0,1.6,1,1,1,2023-02-04
S100186,9.52,0,10.4,1,1,0,2023-03-15
S100187,7.78,0,15.2,0,0,0,2022-11-19
S100188,6.49,1,3.1,1,1,0,2021-10-25
S100189,4.96,0,13.7,1,0,0,16/08/2022
S100190,3.5,2,2.6,0,0,0,30/07/2022
S100191,9.37,0,2.2,1,1,0,2022-10-31
S100192,7.07,1,2.0,0,1,0,02/01/2022
S100193,8.64,0,1.0,1,0,1,2022-02-20
S100194,8.25,1,2.8,0,2,0,2023/04/29 00:42:23
S100195,7.66,1,37.1,0,1,0,2022-12-21
S100196,7.84,0,5.4,0,2,0,15/07/2022
S100197,5.73,1,13.3,1,1,0,2022-08-07
S100198,8.45,0,13.2,0,0,0,2021-08-30
S100199,7.33,1,1.7,0,0,0,2022-03-29
S100200,9.38,1,4.0,0,0,0,2023-04-01
S100201,7.62,1,5.5,1,0,1,2022-06-24
S100202,6.46,0,1.0,0,0,0,2021-11-22
S100203,9.14,1,7.4,1,0,1,2023/03/18 01:42:43
S100204,5.68,0,5.0,0,0,1,21/02/2023
S100205,5.35,2,8.1,1,3,0,27/03/2023
S100206,7.0,0,1.1,0,1,0,22/06/2022
S100207,4.85,0,11.2,1,1,0,2022/03/25 09:03:03
S100208,7.02,0,2.9,1,0,0,2022-01-20
S100209,6.97,2,1.7,1,1,0,2023-03-26
S100210,5.42,0,14.6,1,1,0,03-23-2023
S100211,6.14,1,1.0,0,0,1,01/10/2022
S100212,6.8,0,1.0,0,1,0,2022-07-19
S100213,6.48,2,1.0,1,0,2,2021-11-08
S100214,6.48,0,7.4,0,0,1,2022-06-26
S100215,3.67,1,2.1,1,0,1,03-02-2022
S100216,9.22,0,2.6,0,0,0,2022-03-09
S100217,6.29,1,3.8,0,0,0,2021/11/10 18:36:01
S100218,4.76,0,6.9,0,0,0,02-12-2022
S100219,7.67,0,1.0,0,0,0,04/02/2022
S100220,5.85,1,25.5,0,1,0,2022-12-26
S100221,5.41,0,3.1,1,0,0,2022-04-01
S100222,5.48,0,1.0,0,0,0,2023-04-03
S100223,6.47,0,1.0,1,0,0,2022-03-30
S100224,7.9,0,17.6,1,0,0,17/10/2021
S100225,6.25,0,5.8,0,1,0,2021-09-06
S100226,6.04,0,14.9,0,1,0,2022-04-15
S100227,6.42,0,1.2,1,1,0,2023-01-13
S100228,6.96,0,1.0,0,0,0,09-12-2022
S100229,7.12,0,2.6,1,0,0,2023-01-15
S100230,7.13,0,23.7,0,2,0,07-26-2023
S100231,6.34,2,19.6,1,1,0,2021-07-23
S100232,5.78,1,4.5,0,3,0,2022-01-28
S100233,7.61,0,5.7,0,0,1,2022-11-17
S100234,7.09,0,1.0,0,0,0,2022-05-02
S100235,6.86,1,1.0,1,0,1,06/05/2023
S100236,7.6,1,8.6,0,0,0,2022-05-11
S100237,7.01,0,23.6,0,1,0,2021-11-09
S100238,3.5,0,4.2,0,1,1,17/06/2023
S100239,6.53,0,1.8,1,1,0,23/03/2023
S100240,7.28,0,3.7,0,1,0,20/07/2022
S100241,7.0,0,1.0,1,1,1,2023-01-20
S100242,7.38,0,4.4,0,1,0,2022-01-01
S100243,5.37,1,2.2,1,0,1,2022/10/16 10:57:07
S100244,6.0,0,2.0,1,0,0,03-07-2023
S100245,5.38,2,6.1,1,2,1,2021/11/25 01:43:55
S100246,6.96,0,3.9,0,0,0,2021-08-29
S100247,8.18,0,3.4,0,1,0,02/09/2022
S100248,8.78,1,1.0,0,0,1,27/08/2022
S100249,9.61,0,23.2,1,0,1,2023-08-08
S100250,6.77,0,30.0,0,1,0,14/08/2023
S100251,8.57,1,1.0,0,0,1,30/10/2022
S100252,7.83,1,6.9,0,1,1,2023-01-27
S100253,7.04,0,3.6,0,0,0,2022-10-04
S100254,7.72,0,5.7,0,0,0,31/03/2023
S100255,4.95,0,1.0,1,0,0,2023-04-18
S100256,6.65,0,8.6,0,1,1,2022-11-14
S100257,7.5,0,1.4,0,1,0,2021-12-17
S100258,4.67,2,1.5,0,0,0,2022-07-03
S100259,5.71,0,1.0,1,0,0,02-05-2022
S100260,8.31,0,8.5,0,0,0,2023-04-20
S100261,8.39,0,4.9,1,0,0,2021-07-24
S100262,4.6,0,1.0,1,0,1,08-29-2022
S100263,7.91,0,12.4,0,1,0,2022-07-11
S100264,7.02,2,3.8,1,0,0,2022-07-29
S100265,4.02,0,11.1,0,0,0,18/12/2021
S100266,6.0,1,1.0,1,1,0,2023-07-11
S100267,7.73,0,22.8,1,0,0,2023-07-11
S100268,10.0,1,4.4,1,0,1,20/07/2023
S100269,3.86,0,5.0,1,1,0,23/01/2022
S100270,9.14,0,11.2,1,0,0,29/05/2023
S100271,6.98,0,2.4,1,2,0,2021/10/26 23:10:57
S100272,5.47,1,12.4,0,0,0,12/11/2022
S100273,8.77,1,8.0,0,1,0,02/03/2022
S100274,5.6,0,1.0,0,0,2,10-17-2022
S100275,8.1,2,7.2,0,0,0,2023-01-29
S100276,6.76,1,16.9,1,1,0,2023-07-15
S100277,6.73,2,11.3,1,0,1,22/08/2023
S100278,9.12,1,8.3,0,0,0,2023-03-06
S100279,6.36,1,17.6,1,1,0,2023-07-29
S100280,7.26,1,4.3,0,2,0,2023-05-04
S100281,6.68,1,37.1,1,1,0,2022-05-05
S100282,7.2,0,1.0,0,0,0,2022-06-13
S100283,5.65,1,4.0,0,0,0,15/01/2023
S100284,6.52,0,5.8,1,1,0,03-15-2022
S100285,8.34,0,5.4,0,0,0,14/09/2021
S100286,7.61,0,8.0,1,3,0,21/11/2021
S100287,6.82,0,13.2,0,1,1,2022-06-02
S100288,7.22,1,1.2,1,0,0,2022-08-24
S100289,6.71,0,8.5,0,2,0,2023-06-20
S100290,9.71,2,8.8,1,0,0,23/06/2023
S100291,5.02,0,11.8,1,0,1,2023-07-16
S100292,8.52,0,1.0,1,0,0,2023-01-29
S100293,5.84,1,6.4,0,1,0,29/07/2021
S100294,6.62,1,33.1,1,0,0,2021-07-12
S100295,4.58,1,5.0,0,1,1,2021/08/18 10:10:39
S100296,6.44,1,4.6,0,1,0,24/08/2023
S100297,5.13,1,1.7,0,0,0,2023-08-24
S100298,7.93,2,4.6,1,0,1,2022-02-19
S100299,4.94,0,1.0,0,0,1,18/08/2023
S100300,4.66,0,3.5,1,1,1,2023-01-18
S100301,7.27,0,10.5,0,0,0,2023-04-12
S100302,7.72,0,2.8,0,1,1,2022-03-21
S100303,4.88,0,2.4,0,2,0,07-13-2021
S100304,6.97,0,8.1,0,0,1,2022-04-30
S100305,8.64,2,2.1,0,1,0,07-13-2022
S100306,6.7,0,9.8,1,1,0,15/11/2022
S100307,3.54,0,13.6,0,0,0,2022-04-16
S100308,9.49,1,6.9,1,1,0,11/10/2021
S100309,6.33,1,10.5,1,0,1,2023-06-04
S100310,7.68,0,1.0,0,0,0,2023-08-03
S100311,7.79,1,3.7,1,0,0,08/06/2022
S100312,6.82,2,3.2,0,0,0,06/07/2021
S100313,7.29,3,6.9,1,1,1,2022-03-11
S100314,4.87,1,8.8,0,0,0,10-10-2022
S100315,7.26,1,4.0,1,0,2,18/02/2023
S100316,5.6,0,5.5,1,0,1,03-10-2023
S100317,8.23,1,3.3,1,2,0,2023-04-25
S100318,7.56,0,3.5,0,0,0,06-30-2022
S100319,6.85,0,1.8,0,0,0,2022-07-21
S100320,6.25,0,10.2,1,1,0,2022-06-19
S100321,6.81,0,6.9,0,0,0,09/08/2021
S100322,10.0,0,2.3,0,1,0,02/12/2022
S100323,4.55,0,2.3,1,0,1,2022-11-01
S100324,7.73,1,4.2,0,0,0,2023-05-24
S100325,8.79,0,9.6,0,0,1,2021-09-12
S100326,4.62,1,6.7,0,2,1,12/08/2021
S100327,6.33,1,14.4,0,0,0,2022-08-26
S100328,8.53,1,2.5,0,0,0,2021-08-19
S100329,5.6,1,6.6,1,1,0,2021-11-12
S100330,7.68,1,5.9,0,0,1,2022/09/19 14:08:57
S100331,4.68,1,1.2,1,0,1,10/07/2021
S100332,5.21,1,3.1,1,1,1,27/02/2022
S100333,6.55,0,7.7,0,1,0,07-13-2021
S100334,6.2,0,5.9,0,3,1,2021-07-07
S100335,5.67,1,13.5,1,0,0,2022-01-13
S100336,7.96,1,12.4,0,1,1,2023-04-21
S100337,8.14,3,2.1,1,1,0,12/08/2021
S100338,5.37,1,1.0,1,1,0,2023-01-13
S100339,7.97,0,3.8,1,0,0,2023-04-25
S100340,8.21,0,1.0,0,0,0,2021-12-23
S100341,8.45,0,5.5,0,1,0,2023-02-28
S100342,6.93,2,12.1,1,0,0,2021-10-28
S100343,6.86,1,10.6,0,0,0,2022/07/26 00:46:28
S100344,6.37,0,1.0,0,0,0,16/06/2023
S100345,9.39,0,10.9,1,1,1,07-04-2023
S100346,5.92,0,8.7,0,0,1,2021/07/21 05:33:34
S100347,8.67,0,1.0,0,1,0,2022-10-15
S100348,8.95,0,15.2,0,1,0,2023-02-03
S100349,5.84,0,1.0,1,3,0,17/12/2022
S100350,7.73,1,4.8,1,1,0,03-27-2022
S100351,7.51,1,16.1,0,1,0,2022-01-20
S100352,6.41,1,14.9,1,0,1,2023/04/26 08:22:49
S100353,7.69,1,4.7,1,1,0,2022-02-20
S100354,6.66,4,7.0,1,0,0,2021-11-04
S100355,5.39,1,1.0,1,0,2,30/01/2023
S100356,5.88,0,11.7,0,1,1,2022-11-14
S100357,8.23,1,5.8,0,0,0,2023-02-01
S100358,5.08,0,4.3,0,2,2,2023-05-30
S100359,6.5,1,1.8,1,0,0,2022-12-24
S100360,8.31,1,4.1,0,0,1,31/07/2023
S100361,6.89,0,3.2,0,2,0,08-12-2021
S100362,5.49,1,6.2,1,0,1,12-03-2021
S100363,5.74,3,4.2,0,0,1,21/08/2021
S100364,6.95,1,10.3,1,0,0,2023-03-26
S100365,7.1,0,14.5,1,1,0,2022-08-09
S100366,5.44,3,2.2,1,0,1,2021-10-30
S100367,6.25,1,5.5,1,0,0,2022-05-29
S100368,8.27,0,3.1,1,0,0,2022-08-06
S100369,7.49,0,1.2,1,0,2,14/05/2022
S100370,6.94,0,5.1,1,0,0,06-01-2022
S100371,7.19,0,20.6,1,0,0,2023-01-18
S100372,7.57,0,5.4,1,0,0,13/11/2021
S100373,7.01,1,9.9,0,1,0,2023-04-06
S100374,6.94,0,3.4,1,0,0,16/04/2023
S100375,7.85,0,7.6,1,0,0,23/12/2022
S100376,6.3,1,2.2,1,1,1,2021-12-22
S100377,6.0,0,2.6,0,0,1,2023-06-15
S100378,8.98,2,3.8,0,2,0,08-09-2022
S100379,7.62,0,3.7,0,0,0,14/01/2022
S100380,6.52,1,2.1,0,0,1,08-16-2021
S100381,4.46,1,6.6,1,0,2,03/01/2023
S100382,8.44,0,15.9,0,2,0,2022/07/30 01:05:04
S100383,8.38,2,3.9,0,1,0,2022-08-17
S100384,7.98,0,2.2,0,1,1,2022-06-07
S100385,5.18,1,3.1,0,0,0,2022-06-15
S100386,5.22,0,5.8,1,0,0,2021-10-21
S100387,6.49,0,3.8,1,0,0,2022-07-19
S100388,6.55,0,3.1,0,0,0,04/08/2021
S100389,6.0,1,1.0,0,1,0,2022-09-05
S100390,7.25,3,1.0,0,0,1,2022-05-18
S100391,3.71,2,,1,0,0,11-29-2022
S100392,5.29,1,1.4,0,0,1,2021-08-25
S100393,7.51,1,9.2,1,0,0,2021-10-06
S100394,8.18,2,2.1,1,1,0,14/12/2022
S100395,7.48,1,7.1,0,2,0,31/07/2021
S100396,4.26,0,14.9,0,1,0,2022-03-25
S100397,8.81,0,4.9,0,1,1,2022-10-03
S100398,5.66,0,1.0,1,0,0,14/02/2022
S100399,7.42,0,1.0,0,0,0,2022-01-12
S100400,9.78,1,5.3,1,0,0,2021-10-31
S100401,4.79,0,1.5,0,0,0,30/07/2022
S100402,8.42,2,9.8,0,0,0,2023-02-02
S100403,8.38,3,6.3,1,0,0,2021-08-09
S100404,4.26,0,1.2,0,1,0,2021-07-31
S100405,8.74,2,4.1,0,1,0,2022/04/26 06:28:39
S100406,7.53,1,1.0,0,1,0,2023/04/29 08:08:02
S100407,7.1,0,1.2,0,0,0,2023-04-03
S100408,9.54,2,1.0,1,1,0,2022-05-13
S100409,5.74,0,1.0,0,0,0,2021-11-11
S100410,6.78,2,19.7,0,2,0,2021-07-01
S100411,6.56,0,1.8,1,1,0,2023-06-29
S100412,8.63,0,3.6,0,0,1,13/08/2021
S100413,7.45,0,2.3,0,0,0,2022-02-11
S100414,5.27,2,3.2,1,0,1,2022-10-09
S100415,8.93,0,27.4,1,0,0,2021-11-13
S100416,9.66,0,6.3,0,1,0,2021-11-30
S100417,5.02,1,13.1,1,0,0,2022-03-19
S100418,9.87,0,7.6,0,2,0,2023-05-25
S100419,7.24,1,5.7,1,1,0,27/06/2023
S100420,7.77,1,2.5,0,0,0,11/07/2022
S100421,6.65,0,6.8,1,0,0,2022-05-06
S100422,6.54,1,1.0,1,0,0,2023-06-06
S100423,5.7,0,2.9,0,1,0,2022-12-21
S100424,8.25,2,8.0,1,0,0,2021-12-16
S100425,7.61,0,3.3,1,0,0,06/01/2023
S100426,6.02,0,2.7,1,0,1,2022-06-04
S100427,9.57,1,1.1,0,0,0,17/03/2023
S100428,8.57,1,2.8,1,0,0,13/04/2023
S100429,8.3,0,1.8,1,1,0,05-16-2023
S100430,5.59,0,9.1,0,0,1,2022/12/26 17:24:34
S100431,6.05,1,4.5,1,0,0,2022-06-05
S100432,6.32,0,4.3,1,2,0,2022/12/27 02:31:16
S100433,6.42,0,10.1,0,1,0,15/02/2023
S100434,4.13,0,24.9,0,0,0,06/09/2022
S100435,7.26,1,5.2,0,1,0,2021-10-27
S100436,7.93,2,1.7,0,0,1,09-06-2022
S100437,6.91,0,1.0,1,1,0,2022-11-26
S100438,6.12,2,1.6,0,0,0,03/07/2021
S100439,5.05,0,1.0,0,0,0,2022-08-20
S100440,5.56,0,2.4,0,0,0,31/03/2022
S100441,7.3,0,1.0,0,0,0,2022-01-17
S100442,6.35,3,2.3,1,0,0,2023-03-24
S100443,7.97,0,2.4,0,3,1,2023-06-30
S100444,6.44,2,19.2,0,2,0,2022-06-22
S100445,5.69,0,3.2,0,1,1,2021-07-27
S100446,8.64,1,1.1,0,0,0,2023-01-24
S100447,9.47,0,2.7,0,0,0,02/07/2022
S100448,6.7,1,14.9,0,1,2,01/05/2023
S100449,7.78,0,1.0,1,1,0,07/01/2022
S100450,6.41,0,18.0,1,1,1,2022-11-23
S100451,7.2,1,17.1,1,0,1,2022-10-09
S100452,7.15,0,9.3,1,2,0,2023-04-24
S100453,10.0,0,4.6,0,0,0,06-20-2023
S100454,6.67,1,1.1,1,0,0,03-24-2022
S100455,6.87,2,3.2,1,0,0,2021-07-15
S100456,7.53,2,3.5,1,2,0,2022-10-28
S100457,7.59,0,3.1,1,0,1,09-10-2021
S100458,8.42,1,12.6,0,0,0,12-15-2021
S100459,6.99,1,6.9,1,0,0,05-18-2022
S100460,5.33,1,1.3,1,0,2,01/09/2021
S100461,9.59,2,17.8,0,2,1,2023-04-04
S100462,8.63,1,28.9,0,1,0,2021-11-26
S100463,8.42,1,3.2,1,1,0,2021-07-06
S100464,9.99,1,12.7,1,1,1,2021-12-31
S100465,7.24,3,,0,1,0,2023-01-16
S100466,6.05,0,17.6,0,0,1,2022-09-20
S100467,7.66,0,1.3,0,0,0,2022-11-24
S100468,8.63,0,31.7,1,1,0,2022-09-19
S100469,5.25,0,5.8,0,1,0,2022-02-07
S100470,8.11,1,8.9,1,2,0,2022-02-26
S100471,8.25,1,15.8,1,0,0,2023-02-25
S100472,7.68,0,10.5,0,0,0,28/09/2022
S100473,6.11,1,4.8,1,0,1,26/08/2021
S100474,4.25,2,19.2,1,0,1,2023-02-13
S100475,6.03,0,1.0,0,1,0,2022-11-19
S100476,10.0,0,1.0,0,0,0,2023-02-25
S100477,9.71,0,,0,1,0,01/04/2023
S100478,6.86,1,4.0,0,0,0,2023-01-13
S100479,7.63,1,1.2,0,0,0,2021-11-26
S100480,6.15,1,3.9,0,1,0,07-29-2022
S100481,5.21,0,7.2,0,1,0,2021-07-28
S100482,4.35,1,2.8,0,0,0,2023-04-04
S100483,8.3,2,2.7,0,0,0,2022-11-08
S100484,8.3,0,11.4,1,0,0,2022-02-04
S100485,7.35,2,1.2,0,0,0,2022-08-15
S100486,7.37,0,25.6,1,0,0,04-20-2023
S100487,5.6,0,4.9,0,0,1,2021-11-05
S100488,5.04,1,3.6,0,1,0,12/10/2022
S100489,6.85,0,,1,0,0,2022-10-01
S100490,8.25,1,1.4,1,0,0,2023-06-06
S100491,6.37,1,1.0,0,2,0,2022-09-21
S100492,7.42,2,12.4,0,0,0,2023-04-03
S100493,7.67,0,,1,0,0,2023-07-29
S100494,9.81,0,4.6,0,3,2,2023-04-08
S100495,6.98,0,1.0,0,0,0,04-29-2023
S100496,6.07,0,11.6,0,0,0,2021-07-31
S100497,7.84,0,1.3,0,1,0,2023-04-21
S100498,6.58,2,1.5,1,0,0,2022-10-21
S100499,8.35,0,8.6,0,4,2,2022-12-12
S100500,8.62,1,6.4,0,0,1,2023-07-28
S100501,4.78,0,2.6,1,0,0,2022-04-07
S100502,7.63,1,5.9,1,3,1,2022-11-07
S100503,5.61,1,2.1,0,1,0,2023-08-22
S100504,6.78,1,2.6,0,0,0,12/12/2022
S100505,5.88,0,1.0,0,0,0,2021-08-22
S100506,9.56,0,3.0,1,1,0,2022-02-26
S100507,5.73,3,4.2,0,1,0,04/03/2022
S100508,6.09,1,6.9,0,1,0,2021/09/03 09:01:07
S100509,5.98,0,3.6,1,2,0,22/09/2022
S100510,6.8,0,1.0,0,0,0,2022-05-13
S100511,6.29,0,6.7,1,0,2,11/08/2022
S100512,6.6,2,1.0,1,0,0,2022-02-18
S100513,5.61,0,10.0,1,0,0,2023-05-13
S100514,9.67,0,11.6,0,1,1,11-11-2022
S100515,8.99,1,2.8,0,1,0,2021-11-28
S100516,5.01,2,1.0,0,0,0,2023/03/04 10:22:09
S100517,3.5,0,10.3,1,0,0,29/11/2022
S100518,5.86,0,1.0,0,4,0,12/06/2022
S100519,5.79,0,3.7,0,0,1,04/04/2023
S100520,5.38,0,1.0,1,0,1,2023-02-17
S100521,6.29,2,4.9,1,0,0,2021-09-21
S100522,7.78,2,1.0,1,0,1,05-26-2023
S100523,7.82,0,1.3,1,0,0,31/08/2022
S100524,7.81,1,1.0,1,0,0,03-06-2022
S100525,7.82,0,8.1,0,0,1,09-11-2021
S100526,7.36,0,6.9,0,1,0,2023/01/29 15:17:37
S100527,7.49,0,1.4,0,0,0,25/09/2021
S100528,7.08,0,,0,0,1,2021-07-19
S100529,5.73,1,1.3,1,1,0,2022-04-19
S100530,3.93,1,6.7,0,2,1,27/08/2021
S100531,6.23,1,9.7,1,0,1,2022-05-24
S100532,7.32,0,3.2,1,0,0,2021-08-20
S100533,7.63,0,1.0,1,0,0,2022-04-03
S100534,7.45,0,10.3,1,2,0,08-30-2022
S100535,6.64,1,1.4,1,0,0,09-14-2022
S100536,8.39,1,3.1,1,1,0,11/05/2023
S100537,7.32,1,6.6,0,1,0,2023-04-01
S100538,5.15,1,5.7,1,1,0,26/01/2022
S100539,7.16,1,2.4,0,1,0,20/07/2021
S100540,6.78,0,5.3,1,0,0,2021-12-01
S100541,4.37,1,1.0,1,0,0,2022-06-09
S100542,6.34,2,1.0,1,0,0,2022-07-02
S100543,5.45,0,12.2,1,0,0,2022-06-27
S100544,8.01,0,2.4,1,2,0,18/06/2022
S100545,5.33,0,4.7,0,0,0,2022-04-20
S100546,5.37,1,3.2,1,0,0,2021/11/19 16:50:26
S100547,4.2,0,,0,0,1,2023-04-10
S100548,6.56,0,3.8,1,1,1,2022-01-23
S100549,8.69,1,1.0,1,2,0,2021-09-10
S100550,6.39,0,5.9,1,1,1,2023-03-10
S100551,6.74,0,1.0,0,1,1,2022-11-04
S100552,6.52,0,1.2,0,0,0,2021-12-08
S100553,5.69,2,4.3,1,0,1,2023-08-08
S100554,7.83,0,13.7,0,2,1,2022-06-13
S100555,7.38,0,1.0,1,1,0,17/08/2023
S100556,5.43,1,14.1,0,1,0,2023-06-17
S100557,8.64,0,1.0,0,1,0,2023-08-01
S100558,6.59,0,12.3,0,1,1,06/07/2022
S100559,6.76,1,7.2,1,1,0,2022-08-24
S100560,7.99,1,1.7,1,0,0,10/01/2022
S100561,7.06,0,1.8,1,0,0,09-21-2021
S100562,5.37,0,1.0,1,0,0,2022-12-08
S100563,9.06,1,5.9,1,1,0,09-22-2022
S100564,4.49,0,11.6,0,1,0,13/01/2023
S100565,7.08,0,8.9,0,1,0,06-11-2023
S100566,6.25,0,11.5,1,0,1,13/03/2022
S100567,5.26,1,4.1,0,0,0,2021-12-17
S100568,7.72,1,6.8,1,0,0,06-14-2023
S100569,6.2,2,4.5,1,0,0,2023-01-17
S100570,6.87,1,4.2,0,0,1,2023-06-24
S100571,8.48,1,4.1,0,1,0,2023-02-03
S100572,4.72,0,8.4,1,1,1,2022-06-05
S100573,6.77,0,2.7,1,0,0,2023-06-13
S100574,6.71,0,12.1,0,2,0,30/01/2023
S100575,5.44,0,11.0,1,0,0,07-16-2022
S100576,5.98,1,3.3,1,0,0,2022-02-09
S100577,6.45,1,11.3,1,2,0,2023/05/27 10:06:29
S100578,4.35,1,1.4,1,1,0,04-28-2023
S100579,6.77,1,17.9,1,0,0,2021-10-28
S100580,8.41,0,5.6,1,1,0,2022-01-26
S100581,6.44,1,1.0,1,2,0,17/11/2022
S100582,7.83,2,7.6,1,1,0,18/02/2023
S100583,8.89,3,2.4,1,0,1,27/07/2023
S100584,6.77,1,3.4,0,0,0,14/08/2022
S100585,5.57,0,1.2,0,0,0,2022-01-02
S100586,7.61,1,11.4,0,0,0,2023-06-27
S100587,9.19,1,4.3,1,1,0,2023-01-12
S100588,5.21,2,1.0,0,1,0,2021-12-30
S100589,6.99,0,1.4,1,1,0,22/08/2022
S100590,5.92,2,14.1,0,0,0,26/04/2023
S100591,5.6,2,1.0,0,1,1,2022-04-25
S100592,7.21,0,3.9,1,0,0,2022/01/09 20:41:28
S100593,5.58,0,2.2,0,0,0,2021-11-29
S100594,5.03,1,5.2,1,0,1,19/05/2023
S100595,4.48,1,2.3,1,1,0,18/11/2022
S100596,7.78,1,4.4,0,0,0,2023/08/29 03:18:31
S100597,7.72,1,2.6,0,2,2,21/09/2022
S100598,7.9,2,1.1,1,0,1,2021-10-04
S100599,8.35,2,1.0,1,2,0,2022/03/26 23:49:44
S100600,7.25,2,4.2,1,4,0,17/03/2022
S100601,9.46,0,14.6,0,1,0,2023-07-28
S100602,6.51,0,1.0,1,0,0,14/01/2023
S100603,7.01,2,5.7,1,0,0,02-02-2022
S100604,8.39,1,4.2,0,0,0,2022-08-11
S100605,7.0,1,1.0,0,1,0,2022-02-24
S100606,8.55,0,7.1,0,0,0,11/03/2022
S100607,5.1,0,1.2,1,0,0,22/10/2022
S100608,5.12,0,,1,0,0,2022-10-05
S100609,5.95,1,3.8,0,0,0,2023-03-23
S100610,6.66,1,2.8,0,1,0,2021-09-05
S100611,6.24,4,4.4,1,0,1,09/01/2022
S100612,7.32,0,1.0,0,0,0,28/07/2021
S100613,5.3,0,2.8,0,0,0,2021-12-05
S100614,9.19,2,1.8,1,0,0,2023-03-01
S100615,8.68,0,18.8,0,0,0,2022-01-03
S100616,6.09,0,2.7,0,0,0,17/12/2021
S100617,6.19,0,5.0,1,0,0,2021-11-21
S100618,8.65,0,6.1,0,0,3,2022-09-25
S100619,7.52,0,1.0,0,1,0,2022-08-05
S100620,6.29,1,4.0,1,2,0,09/03/2023
S100621,5.15,1,3.7,1,0,3,2021-11-22
S100622,5.46,0,1.0,0,0,0,2021-07-15
S100623,6.06,1,16.6,1,0,0,01-31-2023
S100624,5.74,0,16.4,0,0,0,2021-08-06
S100625,8.67,0,19.8,0,0,1,2023-06-27
S100626,5.3,0,3.0,1,0,0,10-22-2021
S100627,7.64,1,14.0,0,1,0,2021-11-06
S100628,7.81,1,3.4,1,1,0,2021-12-23
S100629,7.17,3,1.0,0,0,0,2022-03-23
S100630,6.78,0,1.0,0,2,0,24/08/2023
S100631,5.48,0,1.0,1,0,0,2022-11-07
S100632,6.56,1,2.3,0,1,1,01/07/2021
S100633,8.81,0,2.4,1,0,0,2021-09-26
S100634,7.6,1,2.0,1,0,0,2022-03-28
S100635,10.0,0,5.5,0,1,1,30/10/2021
S100636,6.24,0,4.2,1,1,1,2022/08/08 11:52:18
S100637,5.77,0,9.7,1,2,1,2021-08-04
S100638,5.67,0,1.4,0,1,0,01/02/2023
S100639,8.6,1,4.0,0,0,0,2021-08-12
S100640,4.32,1,12.4,0,1,0,2023-04-29
S100641,5.67,1,5.8,0,0,0,2022-11-05
S100642,8.92,2,5.8,0,0,1,29/11/2022
S100643,8.75,0,18.9,1,3,2,2021-09-06
S100644,8.16,0,6.6,1,1,0,2023-01-04
S100645,6.68,0,11.8,1,1,0,2021-10-22
S100646,5.13,3,8.4,0,1,0,2021-09-11
S100647,7.55,0,9.5,0,1,0,10-20-2022
S100648,6.69,0,9.7,0,0,0,2023/07/16 12:32:25
S100649,10.0,1,5.5,0,0,0,20/01/2022
S100650,6.23,0,14.6,0,1,0,2023-06-20
S100651,6.84,1,10.2,1,2,0,2023-08-11
S100652,8.16,2,1.4,1,1,1,17/03/2022
S100653,6.42,1,1.4,1,1,1,2023/01/16 10:12:25
S100654,4.88,0,1.0,0,0,0,2022-07-29
S100655,5.96,0,1.1,0,0,0,21/12/2022
S100656,6.76,1,23.1,0,0,1,2022/04/18 03:07:26
S100657,6.22,2,12.5,0,3,0,10-06-2021
S100658,8.05,0,1.0,0,0,0,2021-11-06
S100659,4.93,0,6.0,1,0,0,2022-01-04
S100660,7.82,1,11.4,0,1,0,2021-11-03
S100661,7.97,0,1.5,1,0,0,2023-05-18
S100662,8.07,0,1.4,0,1,0,2022-08-16
S100663,6.31,1,3.7,0,1,1,2023-03-06
S100664,7.61,0,4.8,1,0,1,18/02/2023
S100665,7.22,0,4.1,0,0,0,2022-07-10
S100666,8.7,1,13.9,0,0,0,2022-08-04
S100667,5.79,1,15.8,1,1,0,24/05/2022
S100668,6.49,0,11.6,1,1,0,06/02/2022
S100669,7.85,1,2.4,0,0,0,17/06/2022
S100670,9.4,0,7.2,0,0,0,2022-01-08
S100671,6.85,0,6.5,0,0,1,23/01/2022
S100672,8.4,0,4.6,1,1,0,2022-10-14
S100673,9.24,0,6.2,0,1,0,2023-05-09
S100674,8.64,1,3.3,0,1,1,03/05/2023
S100675,7.54,0,23.7,1,0,0,2021-08-05
S100676,7.28,1,6.4,0,0,0,2023-01-06
S100677,5.47,0,9.0,0,0,0,2022-03-21
S100678,8.96,1,4.3,1,1,0,2022-02-13
S100679,3.82,1,1.7,1,0,0,2022-05-11
S100680,5.79,0,10.5,0,0,0,28/07/2022
S100681,7.48,0,6.6,0,0,0,2023-06-28
S100682,6.93,0,7.9,0,0,1,2022/01/23 02:28:53
S100683,7.06,0,11.7,0,1,0,2023-03-09
S100684,6.76,1,20.4,1,0,0,2022-08-20
S100685,9.54,0,10.2,1,1,0,2022-01-05
S100686,4.2,0,4.4,0,1,1,2022-09-26
S100687,7.62,2,2.9,1,0,0,27/07/2022
S100688,5.68,1,1.4,0,0,0,2023-01-07
S100689,8.26,0,1.0,1,0,2,2023-02-17
S100690,8.37,0,3.9,1,0,0,14/07/2022
S100691,5.66,0,1.8,1,1,1,2022-07-02
S100692,6.7,0,5.8,0,1,0,04-30-2022
S100693,6.22,0,1.6,1,2,1,08/03/2023
S100694,6.26,2,22.8,0,0,0,2022-08-09
S100695,7.41,0,2.7,0,3,0,2021-09-05
S100696,7.91,1,15.4,1,1,0,2021-07-07
S100697,7.5,0,1.0,0,1,0,12/10/2022
S100698,6.29,1,15.0,1,0,0,2021-08-13
S100699,6.78,0,6.0,1,1,0,2023-06-08
S100700,8.32,0,6.2,0,0,0,2022-11-02
S100701,8.83,1,7.8,0,1,0,2022-02-16
S100702,7.69,2,2.0,1,0,2,2023-05-19
S100703,7.08,0,5.2,0,1,0,12/11/2021
S100704,6.29,0,11.0,1,1,2,2022-11-21
S100705,6.71,1,4.7,1,1,0,10-02-2021
S100706,6.34,0,4.7,1,0,1,05/02/2022
S100707,8.52,0,3.8,0,0,0,2021-11-18
S100708,8.52,1,3.8,0,0,0,2023-03-07
S100709,8.4,3,2.9,1,0,0,2022-04-04
S100710,4.76,0,9.9,0,1,0,10/04/2023
S100711,7.81,1,1.3,0,0,1,2022-03-12
S100712,5.83,2,6.7,1,0,0,2023/04/05 17:03:26
S100713,8.5,1,16.9,1,0,0,12/06/2022
S100714,6.14,1,1.9,1,1,0,2021-10-21
S100715,8.65,0,2.5,1,1,0,23/02/2023
S100716,7.25,0,21.8,0,1,1,2021-08-11
S100717,7.33,0,4.1,0,0,0,27/01/2022
S100718,9.66,1,1.6,0,0,0,2022-01-15
S100719,5.56,1,2.6,1,0,0,2021-11-19
S100720,6.02,1,2.3,1,0,0,2023-02-16
S100721,6.36,0,10.5,0,1,1,07-14-2021
S100722,6.16,0,3.2,0,0,0,2023-07-05
S100723,5.8,3,5.5,0,0,0,2023/08/07 13:41:30
S100724,6.45,0,5.0,0,1,0,2023-05-28
S100725,7.5,1,21.7,1,0,0,2021-07-25
S100726,7.08,1,1.3,1,2,0,2023-06-03
S100727,10.0,1,1.0,0,0,0,2022-07-04
S100728,5.86,0,10.5,0,0,0,2023-03-20
S100729,8.3,1,3.7,1,1,1,2022-08-03
S100730,5.06,2,4.2,1,0,1,12/10/2021
S100731,7.95,0,6.7,1,2,0,2022-09-18
S100732,7.71,0,1.0,0,1,0,2022-09-09
S100733,7.57,1,37.3,0,0,1,2021-09-19
S100734,5.26,0,1.0,0,0,0,20/07/2023
S100735,7.37,2,5.3,1,0,0,2021-12-31
S100736,6.8,0,21.3,0,0,0,2021-10-18
S100737,8.66,1,7.3,1,0,0,2022-01-20
S100738,8.05,1,18.3,0,1,1,19/06/2023
S100739,5.92,0,3.7,0,0,0,20/09/2021
S100740,7.4,0,1.0,0,0,0,2021-10-05
S100741,5.68,2,10.2,1,0,1,2022-08-29
S100742,5.89,0,4.6,0,0,1,08-31-2021
S100743,6.29,1,15.2,0,0,0,2021/11/13 05:33:02
S100744,9.15,0,10.8,1,1,0,15/07/2023
S100745,8.35,1,1.8,1,0,0,2023/05/01 05:37:28
S100746,4.79,0,7.1,0,2,0,29/01/2023
S100747,6.08,1,3.2,1,0,1,15/09/2022
S100748,7.09,1,5.9,1,0,0,2021-07-31
S100749,5.52,1,16.0,0,0,0,2023-03-04
S100750,7.93,1,20.8,1,0,0,2022-01-21
S100751,4.35,1,12.2,1,2,1,12/07/2021
S100752,8.05,0,18.4,0,0,0,11-23-2022
S100753,5.31,1,6.1,0,0,0,28/01/2023
S100754,6.63,0,1.6,0,0,1,2021-10-24
S100755,6.0,1,21.0,0,0,0,2021-11-12
S100756,5.94,1,3.1,0,0,0,2023-02-07
S100757,6.92,0,1.0,1,2,0,2022-05-06
S100758,7.27,0,1.0,1,2,0,10/06/2023
S100759,8.17,0,23.0,1,0,0,12-04-2022
S100760,9.67,0,2.0,1,0,0,2023-03-28
S100761,9.36,1,10.1,1,2,0,2021-12-28
S100762,6.17,2,16.2,1,1,0,18/10/2021
S100763,6.7,1,5.4,1,0,0,2022-12-12
S100764,4.68,0,1.5,1,0,0,07-01-2022
S100765,7.53,0,1.0,0,0,0,2021-10-28
S100766,8.66,0,1.7,0,0,0,2021-10-22
S100767,5.46,0,1.1,1,0,0,2022-07-03
S100768,5.92,3,3.4,1,1,2,2023-03-12
S100769,5.36,1,1.4,1,0,0,2021-09-26
S100770,6.38,0,4.0,0,0,0,2022-02-16
S100771,9.29,0,1.4,0,0,0,2022-09-29
S100772,6.69,0,8.3,0,0,0,2022-09-09
S100773,6.97,0,11.0,1,0,0,2022-03-18
S100774,7.84,1,2.1,0,0,0,2022-01-06
S100775,7.86,1,3.6,0,0,0,2021-11-12
S100776,6.38,1,10.4,1,0,1,01/11/2021
S100777,6.7,0,2.2,0,1,0,11-20-2022
S100778,7.19,0,12.7,1,0,2,2021-10-22
S100779,7.47,0,10.6,0,1,0,2022-09-02
S100780,8.3,1,1.0,0,0,0,2022-12-05
S100781,6.52,0,15.1,0,3,0,2021-11-12
S100782,5.75,0,3.0,0,1,0,22/12/2021
S100783,5.32,0,9.5,0,0,0,02/09/2021
S100784,10.0,0,1.0,1,0,1,27/02/2023
S100785,5.77,0,1.5,0,0,0,2022-02-19
S100786,8.95,1,5.4,0,0,0,2022-05-17
S100787,5.54,2,1.0,0,0,0,11-27-2021
S100788,8.0,1,3.4,0,1,0,2023-01-22
S100789,6.34,0,12.3,0,1,1,2021-09-28
S100790,8.95,0,5.7,0,0,0,2022/03/20 10:31:54
S100791,4.59,0,3.4,1,0,1,05/10/2021
S100792,7.35,1,7.3,1,0,0,11/06/2023
S100793,8.04,0,1.1,0,0,0,2021-10-18
S100794,5.71,2,5.7,0,1,0,2022-09-01
S100795,4.79,1,2.0,1,0,0,2022-05-29
S100796,8.4,2,8.0,0,1,1,30/10/2022
S100797,5.9,2,1.7,1,1,0,2022-04-05
S100798,6.98,0,13.1,0,0,1,02/06/2023
S100799,7.88,2,2.9,1,0,0,19/04/2022
S100800,6.81,0,,0,3,1,2022-06-16
S100801,6.36,2,6.3,1,1,0,2022-04-26
S100802,5.88,1,8.3,0,0,0,2022-07-01
S100803,8.91,2,12.8,0,3,0,25/08/2022
S100804,5.96,0,3.6,1,0,0,08/11/2021
S100805,9.17,2,8.8,1,0,0,14/03/2023
S100806,8.33,0,8.1,0,0,1,2022-09-28
S100807,8.44,1,6.8,0,2,0,2022-09-13
S100808,8.63,0,3.2,0,1,0,17/05/2023
S100809,5.9,0,1.8,1,0,0,2023-04-06
S100810,6.68,0,20.3,1,0,2,16/05/2022
S100811,7.69,0,5.9,0,0,0,07/07/2023
S100812,8.72,0,3.4,0,0,0,2022-12-04
S100813,5.33,0,6.7,0,1,0,2022-02-06
S100814,5.71,0,19.4,0,0,1,2023-04-25
S100815,6.42,0,1.0,0,0,0,2022-10-04
S100816,6.87,0,7.5,1,0,0,26/06/2023
S100817,6.27,0,12.3,0,0,1,03/09/2022
S100818,6.85,0,11.2,1,0,0,06-04-2023
S100819,6.7,1,3.0,0,1,0,31/01/2022
S100820,7.05,0,2.6,0,0,0,2022-05-22
S100821,5.85,0,2.3,1,0,0,2022-02-16
S100822,6.16,4,1.0,0,1,0,08/11/2022
S100823,5.7,1,5.0,0,1,1,2022-08-15
S100824,8.53,0,1.6,0,0,0,02/05/2022
S100825,7.04,1,1.0,0,0,0,08/05/2023
S100826,6.93,2,4.4,1,1,0,2021-11-07
S100827,8.09,0,5.7,1,1,0,2021-12-07
S100828,5.61,1,2.8,0,0,0,2023-02-21
S100829,8.55,0,2.4,0,1,0,02-27-2023
S100830,6.77,0,1.0,0,0,1,2023-07-02
S100831,7.61,0,2.2,1,0,0,04-18-2022
S100832,9.53,1,7.7,0,1,0,2021-09-18
S100833,8.71,0,6.3,1,0,0,2023/07/13 15:31:55
S100834,4.8,0,1.5,1,2,0,2022-05-20
S100835,7.77,1,1.0,0,1,0,2023-08-28
S100836,7.99,0,3.3,0,0,0,23/07/2023
S100837,6.21,0,8.7,1,2,0,10-04-2022
S100838,7.39,2,5.3,1,0,0,2023-03-23
S100839,5.75,1,10.5,0,2,0,08/11/2021
S100840,6.86,0,1.6,1,0,1,09-01-2022
S100841,7.4,1,2.6,1,0,0,2022-06-27
S100842,6.15,0,1.4,0,0,0,2021-09-05
S100843,4.17,0,17.9,0,1,0,04-12-2023
S100844,7.19,2,2.8,1,0,0,2022-06-28
S100845,7.45,0,5.2,1,1,0,2023-07-25
S100846,7.39,0,1.0,1,1,0,03/06/2022
S100847,6.44,1,4.1,1,4,1,2022-08-21
S100848,6.25,1,1.4,1,0,0,2022-01-06
S100849,8.3,2,4.6,1,1,2,2021/10/18 02:45:04
S100850,5.86,1,7.5,1,1,1,2021-09-20
S100851,7.64,1,1.0,0,2,0,13/02/2022
S100852,7.01,1,1.0,1,0,0,07/04/2022
S100853,7.87,1,4.2,0,3,1,2021-12-06
S100854,6.48,1,3.7,1,0,0,2022-03-21
S100855,7.75,0,5.2,0,0,0,2021-11-13
S100856,6.58,0,1.0,0,0,0,2021-12-12
S100857,8.87,0,10.4,0,2,2,25/10/2021
S100858,6.06,0,2.3,0,0,0,07/12/2021
S100859,8.08,2,1.4,1,0,1,2023-03-29
S100860,10.0,0,4.9,0,0,0,2023-08-24
S100861,7.72,2,6.0,1,1,0,2021-12-07
S100862,3.88,1,4.4,0,1,0,2021-12-10
S100863,8.84,4,12.1,1,0,1,2023-03-06
S100864,5.41,0,9.1,1,0,0,2023-08-03
S100865,7.28,1,9.8,0,0,0,02/10/2022
S100866,8.67,0,11.1,0,0,0,2023-04-08
S100867,5.29,0,23.4,0,2,0,2022-09-02
S100868,6.67,1,2.4,0,0,1,09/12/2021
S100869,7.08,1,,1,2,0,2021-11-01
S100870,9.26,1,8.8,0,0,0,2022-11-19
S100871,4.78,0,5.3,1,0,0,2021-11-10
S100872,7.15,1,2.3,1,0,0,2021-09-25
S100873,5.84,0,1.0,0,2,1,2021-12-08
S100874,6.11,0,1.0,1,0,1,01-10-2022
S100875,8.65,1,1.6,0,1,0,2023-03-05
S100876,8.04,0,2.8,0,0,0,2022/09/02 03:49:42
S100877,9.05,0,7.0,0,0,0,2023-08-17
S100878,7.36,0,13.1,0,1,0,2022-03-31
S100879,5.6,1,11.0,1,2,0,2021-09-03
S100880,6.45,1,1.0,1,0,0,2022-11-27
S100881,10.0,0,1.0,0,1,1,2022-06-11
S100882,9.51,1,1.1,0,0,1,2023-03-12
S100883,6.63,0,1.2,0,4,0,2021-10-11
S100884,7.3,1,,0,0,0,2022-04-09
S100885,4.55,0,4.9,0,1,1,2021-12-22
S100886,6.42,0,3.8,1,0,0,2022-10-13
S100887,5.68,0,5.2,1,1,0,2023-02-14
S100888,6.43,1,22.3,1,1,1,09/06/2022
S100889,8.11,1,1.2,0,0,1,02-09-2023
S100890,5.02,0,2.3,0,1,0,2021-07-08
S100891,4.76,1,6.7,0,0,0,2023-02-12
S100892,8.0,0,1.0,1,0,1,2023-01-23
S100893,6.11,0,1.7,1,0,0,04-08-2023
S100894,8.15,0,1.2,0,2,0,2022-08-14
S100895,6.99,1,1.9,1,2,0,03/02/2022
S100896,6.08,0,1.0,0,1,0,2021-09-10
S100897,7.22,1,1.0,0,0,1,2023-07-25
S100898,8.6,0,8.5,0,1,0,2022-02-03
S100899,6.58,2,4.5,0,2,0,2022-03-03
S100900,7.28,1,4.9,0,1,1,10-12-2022
S100901,7.33,0,9.2,1,0,0,2023-03-19
S100902,6.75,0,7.5,0,1,1,2022-02-19
S100903,8.0,0,12.9,0,0,0,2021-11-26
S100904,6.07,1,38.4,1,0,0,10/09/2021
S100905,7.14,1,12.6,0,0,1,2021-12-05
S100906,6.37,0,14.2,1,0,0,2023-04-18
S100907,9.0,0,1.3,1,1,0,2021-08-07
S100908,6.5,1,17.8,1,1,0,2022-12-27
S100909,8.18,2,9.4,0,1,0,15/04/2022
S100910,6.57,0,1.9,0,0,0,2023-05-08
S100911,8.89,1,1.0,1,1,0,2023-07-22
S100912,5.34,1,9.6,1,0,0,2021-12-10
S100913,3.5,1,32.0,0,1,0,10-24-2021
S100914,7.0,1,4.8,1,2,1,2023-03-12
S100915,8.49,1,2.8,0,0,0,2022-11-29
S100916,4.76,2,11.5,0,1,1,01-16-2023
S100917,8.29,1,1.6,1,0,0,2022-08-26
S100918,8.71,0,15.4,0,1,0,2022/07/28 02:22:30
S100919,7.07,0,2.1,0,1,1,2023-06-14
S100920,5.76,1,1.0,1,0,0,2023-08-08
S100921,6.74,2,4.3,0,0,1,18/08/2023
S100922,6.13,0,6.7,0,1,1,06-27-2022
S100923,7.62,1,18.3,1,1,1,2023-08-06
S100924,5.9,0,3.5,0,0,1,01-02-2022
S100925,5.9,1,1.0,0,0,0,2022-11-14
S100926,6.46,1,1.0,1,0,0,05/08/2022
S100927,7.87,1,15.6,0,0,0,2021-11-04
S100928,8.03,0,11.5,1,0,0,2023-05-28
S100929,7.72,0,8.8,0,0,1,02-18-2022
S100930,4.84,1,4.8,1,0,0,09-11-2021
S100931,7.32,0,5.4,0,1,0,2023-03-30
S100932,6.34,1,2.2,1,0,0,2022-12-29
S100933,6.7,0,1.0,0,1,1,2023-07-17
S100934,5.61,0,8.0,0,0,0,2023-02-11
S100935,5.58,0,12.1,0,0,1,2023-05-12
S100936,6.61,0,4.2,1,0,0,2023-04-29
S100937,8.08,0,6.9,0,1,1,2021-12-30
S100938,6.06,1,17.8,0,0,0,06/08/2021
S100939,6.61,0,1.0,1,1,0,2022-06-02
S100940,8.85,0,13.0,0,0,1,2022-08-07
S100941,4.99,0,6.0,1,0,0,2022-09-10
S100942,9.52,1,4.7,1,0,0,19/12/2022
S100943,9.34,1,12.4,0,0,0,2022-08-10
S100944,8.01,1,6.4,1,1,0,2023-03-15
S100945,7.17,1,2.8,0,3,0,09/08/2022
S100946,7.3,0,9.5,0,1,1,24/08/2023
S100947,3.73,0,7.5,1,2,0,21/08/2023
S100948,7.79,2,3.0,0,0,1,11-16-2022
S100949,5.89,2,11.5,0,0,0,11/11/2022
S100950,7.28,1,1.0,1,0,2,11/10/2022
S100951,7.39,1,6.3,1,0,0,2022-04-12
S100952,8.69,0,9.2,0,0,0,2023-06-11
S100953,7.73,1,9.6,1,2,0,2022-07-06
S100954,4.69,1,1.1,0,1,0,2023-02-13
S100955,5.99,0,1.6,1,0,0,2022-10-04
S100956,7.52,2,1.0,0,2,0,2021-07-15
S100957,8.52,3,3.0,0,0,0,16/11/2021
S100958,5.74,1,2.8,0,0,1,2023-08-28
S100959,6.37,0,6.2,1,0,0,2022-01-11
S100960,6.89,1,10.2,0,0,0,2023/02/07 22:03:33
S100961,7.79,0,4.2,1,1,1,2022-06-28
S100962,5.88,0,9.1,0,3,0,2022-07-04
S100963,5.31,2,7.2,1,0,0,2022-11-10
S100964,8.9,0,6.2,0,2,0,05-19-2023
S100965,6.08,0,2.6,1,0,1,2023-07-16
S100966,4.18,0,2.3,0,0,0,01/09/2022
S100967,6.37,1,1.0,0,0,0,2023-03-02
S100968,6.13,0,4.6,0,1,1,2022-04-13
S100969,5.1,0,1.0,1,0,0,2021-09-05
S100970,7.18,1,17.8,0,1,0,10/11/2021
S100971,8.71,0,1.0,0,1,1,01/12/2021
S100972,5.99,0,1.5,1,0,0,30/03/2022
S100973,6.27,0,1.0,1,0,0,31/03/2023
S100974,7.89,0,12.0,0,0,0,2021-08-01
S100975,8.09,1,1.0,0,0,0,21/03/2023
S100976,8.23,0,1.6,0,1,0,2022-07-23
S100977,6.2,0,2.6,0,1,0,13/10/2022
S100978,7.62,0,11.1,0,2,0,2022-05-22
S100979,7.69,1,7.5,0,0,0,2021-08-14
S100980,7.06,1,2.9,0,1,0,2022-02-11
S100981,8.07,1,1.1,1,0,0,2023-04-29
S100982,7.86,0,4.3,0,0,0,2022-05-25
S100983,6.59,1,16.5,1,0,0,29/07/2023
S100984,7.84,0,2.7,0,2,0,2021-10-25
S100985,5.31,0,8.8,0,0,0,2022-06-23
S100986,6.35,0,3.7,0,2,0,19/03/2022
S100987,7.16,1,13.8,1,1,0,2022-10-08
S100988,9.15,2,3.9,0,0,0,13/10/2021
S100989,8.17,1,8.0,1,0,0,2023-01-01
S100990,8.16,0,5.4,1,0,0,2023/02/08 12:10:36
S100991,6.51,1,26.7,0,2,1,2022-09-09
S100992,10.0,2,2.6,1,1,1,2023-03-26
S100993,4.53,0,5.4,0,0,0,2021-11-30
S100994,3.84,1,1.0,1,2,3,2022-08-27
S100995,8.85,3,23.8,1,1,1,12-12-2022
S100996,6.22,0,9.1,1,1,0,2022-08-22
S100997,4.35,3,7.2,1,0,0,2023-05-01
S100998,5.0,0,27.7,1,1,0,2023-05-25
S100999,6.88,1,9.3,1,0,0,23/09/2022
S101000,8.17,0,15.5,1,0,0,2021-11-03
S101001,8.37,0,1.0,0,0,0,2022/03/24 02:45:56
S101002,6.89,1,9.2,1,1,0,2022-02-23
S101003,8.08,1,10.2,0,0,0,2023-03-01
S101004,5.65,1,,1,0,0,2022-03-28
S101005,5.26,1,1.0,0,0,0,08/02/2023
S101006,4.78,1,1.9,1,1,0,10-31-2021
S101007,4.7,0,13.0,0,1,1,2022-04-09
S101008,9.39,2,7.1,0,1,0,2022-05-23
S101009,8.09,0,1.0,0,1,1,11/05/2023
S101010,5.66,2,21.5,0,1,1,2022-08-11
S101011,8.41,2,8.4,1,1,0,2023-04-04
S101012,6.2,2,13.6,0,0,2,2022-03-28
S101013,3.5,2,19.9,1,0,0,2022-02-07
S101014,6.08,0,6.9,1,0,0,2022-10-03
S101015,5.26,0,5.8,0,0,0,2021-07-18
S101016,7.15,0,1.0,0,2,0,2021-11-12
S101017,5.72,0,1.0,1,0,0,06/11/2022
S101018,7.0,0,1.1,1,0,1,2023-03-03
S101019,3.64,2,2.5,1,0,0,11/03/2022
S101020,4.74,3,1.5,1,0,1,2021-10-23
S101021,8.16,1,3.0,1,0,0,11/08/2023
S101022,5.23,0,1.0,0,1,1,2022-06-02
S101023,8.59,3,14.2,1,0,0,01/06/2023
S101024,4.05,1,8.2,1,1,0,2022-03-29
S101025,6.03,0,13.5,0,1,0,08-09-2021
S101026,4.98,1,3.7,1,0,1,2022-05-25
S101027,5.53,1,,1,1,0,2022-04-13
S101028,9.19,0,6.5,0,1,1,2021/11/03 06:20:14
S101029,7.49,1,2.0,0,0,0,2023-01-11
S101030,6.62,0,10.8,0,1,0,2023-03-05
S101031,5.39,0,2.3,0,0,0,06-19-2023
S101032,5.72,0,2.9,1,2,0,2022-11-10
S101033,8.5,2,11.1,1,1,0,2022-09-10
S101034,7.02,0,5.3,0,0,0,2021/12/23 14:02:01
S101035,6.56,2,1.0,0,0,0,2022-04-26
S101036,8.25,0,21.0,1,1,0,11-19-2021
S101037,6.55,0,5.0,0,0,0,2022-11-06
S101038,7.26,0,3.4,1,0,0,16/11/2021
S101039,6.56,0,3.5,0,0,0,2022-08-14
S101040,7.33,0,1.6,0,0,0,2022/06/21 12:03:15
S101041,6.82,0,13.3,0,1,0,2022-10-14
S101042,7.19,1,19.7,0,0,0,2022-03-26
S101043,9.01,0,1.0,0,0,0,07/05/2022
S101044,5.12,0,3.7,1,3,0,2021-08-14
S101045,6.2,0,1.0,0,0,1,28/12/2022
S101046,6.62,0,10.4,1,0,0,09-21-2021
S101047,8.89,1,5.7,1,1,0,2023-06-07
S101048,6.6,2,3.2,0,0,2,11/01/2023
S101049,8.18,0,1.2,0,1,2,2021-07-12
S101050,7.61,0,14.2,0,2,0,2022-09-19
S101051,9.48,0,4.2,1,0,0,2021-09-16
S101052,7.55,3,1.1,1,0,0,10/07/2022
S101053,7.09,1,1.0,0,1,0,2022-10-15
S101054,7.32,0,1.0,0,1,0,12/06/2022
S101055,6.16,0,1.9,1,1,0,2022-05-12
S101056,6.58,1,2.3,1,0,1,05/01/2023
S101057,5.2,0,1.0,1,1,0,2022-12-31
S101058,6.59,0,4.6,1,1,0,02/11/2021
S101059,8.85,3,6.4,1,2,1,2023-08-02
S101060,9.63,1,17.5,1,1,1,2023-01-24
S101061,9.5,2,5.5,0,2,0,2023-07-21
S101062,5.6,0,,1,2,1,04/05/2023
S101063,7.05,0,16.1,1,1,0,2021-12-14
S101064,6.75,0,7.3,0,0,0,23/12/2022
S101065,7.45,1,9.8,1,0,0,2023-08-23
S101066,7.04,0,3.1,0,0,0,24/04/2022
S101067,8.94,1,1.0,1,0,0,2022-09-24
S101068,8.91,1,4.4,1,0,0,2023-07-19
S101069,3.5,1,9.9,1,1,0,2023-07-09
S101070,6.7,0,11.2,0,2,0,2022-12-22
S101071,7.99,0,6.8,0,0,0,2022-01-20
S101072,6.2,0,9.7,0,1,1,05-20-2023
S101073,7.6,0,2.4,1,0,0,2023/08/21 07:49:34
S101074,7.74,0,1.3,1,2,1,07/10/2022
S101075,7.34,0,7.0,0,0,0,2023-03-12
S101076,7.6,0,3.3,0,0,1,2022-03-11
S101077,8.25,0,7.3,1,0,0,20/09/2022
S101078,8.81,0,4.9,1,0,1,2023-01-15
S101079,7.1,2,2.8,0,0,0,05-07-2023
S101080,7.16,0,3.7,0,1,1,2022-01-21
S101081,6.14,0,2.4,1,0,0,2022/10/01 06:48:30
S101082,9.04,2,1.1,1,0,0,2022-06-25
S101083,6.12,0,9.0,1,1,1,16/06/2022
S101084,7.49,0,7.1,1,1,1,2022-12-19
S101085,7.75,2,2.8,1,0,0,11-01-2021
S101086,7.83,1,1.8,0,0,0,2023-04-04
S101087,6.81,0,8.8,1,1,0,18/03/2022
S101088,4.34,0,4.8,0,1,1,08/02/2023
S101089,7.26,1,3.4,0,2,1,2023-05-27
S101090,5.43,0,6.5,0,2,0,2023-03-23
S101091,7.85,1,3.2,0,1,1,2023-02-13
S101092,8.78,0,1.0,0,1,0,2023-08-20
S101093,7.29,2,14.4,0,2,0,2022-09-25
S101094,4.42,0,4.4,1,2,0,2021-09-25
S101095,6.56,0,3.0,0,0,1,2022-03-30
S101096,6.15,1,12.3,1,0,0,13/05/2023
S101097,8.16,1,23.1,1,0,1,13/05/2022
S101098,6.77,0,21.8,0,0,2,2022-02-23
S101099,7.45,0,2.1,0,1,0,07-18-2021
S101100,7.45,1,6.9,1,0,0,09-10-2022
S101101,6.79,3,1.2,1,1,0,2021-12-23
S101102,6.58,1,3.4,1,1,0,2022-11-21
S101103,7.08,0,7.0,1,2,0,2023-07-28
S101104,7.91,1,4.1,1,2,1,14/08/2022
S101105,5.71,0,1.0,1,1,0,28/08/2022
S101106,6.71,1,1.0,0,0,0,2021-12-13
S101107,4.04,1,,1,1,0,09/04/2022
S101108,8.87,1,1.1,1,0,0,2022-03-09
S101109,6.0,2,7.9,1,0,0,2022-04-11
S101110,6.29,0,14.9,1,0,0,27/12/2021
S101111,6.82,1,31.2,0,1,0,31/10/2021
S101112,8.36,0,29.7,0,0,1,2023-08-15
S101113,6.11,0,1.8,0,1,1,2022-02-10
S101114,6.17,0,7.0,1,3,0,07-30-2022
S101115,8.3,2,8.5,0,0,0,2023-05-15
S101116,5.59,0,8.4,1,0,1,14/04/2023
S101117,4.56,1,14.4,1,2,0,2022-08-24
S101118,9.85,2,5.4,1,0,0,2022-01-24
S101119,5.29,2,4.9,1,0,1,2021-07-08
S101120,6.36,0,1.0,1,0,1,2021-10-18
S101121,5.21,1,7.2,0,0,1,09/11/2021
S101122,5.4,3,10.0,1,0,0,2022-03-10
S101123,5.83,1,4.7,1,1,0,2022-10-28
S101124,8.62,0,3.1,0,1,1,2022-08-13
S101125,6.09,1,10.7,0,0,0,2022-02-18
S101126,8.89,0,4.3,0,2,1,09-06-2021
S101127,4.05,1,10.8,0,1,1,10/09/2021
S101128,7.44,1,6.3,0,1,1,2023-08-21
S101129,8.62,3,4.4,1,2,0,09/05/2023
S101130,8.59,0,3.3,0,0,1,06/07/2022
S101131,7.75,1,32.2,0,0,1,29/07/2022
S101132,6.03,0,1.0,1,0,0,2023-02-09
S101133,5.07,0,1.0,1,1,2,2021-07-14
S101134,7.45,1,2.3,0,0,1,2023-02-26
S101135,6.61,1,18.0,1,1,1,12/09/2022
S101136,6.44,0,11.2,0,2,0,18/01/2022
S101137,6.85,0,2.0,0,0,0,2022-04-18
S101138,5.89,0,4.8,1,0,0,2023-03-15
S101139,3.81,1,1.0,1,1,0,2021-12-08
S101140,4.46,0,1.5,1,0,0,2023-07-24
S101141,10.0,1,3.1,0,2,0,2021/12/28 10:44:21
S101142,7.29,0,1.7,1,2,0,2021-10-18
S101143,8.43,0,2.1,1,1,0,2022-06-05
S101144,6.07,0,1.0,0,0,1,2021/08/24 05:12:26
S101145,5.56,1,2.0,1,0,1,2022-01-23
S101146,5.1,0,1.9,1,1,0,08/11/2022
S101147,5.91,0,8.9,0,1,0,2023-02-21
S101148,8.73,1,15.3,1,0,0,2023-01-23
S101149,6.91,0,13.0,1,1,0,2021-11-13
S101150,3.79,1,23.6,1,0,0,24/09/2021
S101151,6.25,0,3.6,0,0,0,2021-10-26
S101152,8.66,2,2.7,1,1,0,2022-05-26
S101153,6.3,0,1.0,0,0,0,18/04/2022
S101154,6.15,0,,1,0,1,2022-01-19
S101155,7.24,0,12.4,1,0,0,2023-04-23
S101156,10.0,1,10.5,1,2,1,2022-03-13
S101157,7.3,2,,1,0,0,2022-01-09
S101158,4.94,0,3.4,1,1,1,06/07/2022
S101159,7.07,0,5.3,1,0,0,03/11/2022
S101160,6.79,1,24.3,0,0,0,2021/10/30 20:31:34
S101161,5.92,0,,1,0,1,10/02/2022
S101162,5.24,1,26.5,0,0,0,2021-08-25
S101163,7.87,0,9.6,0,0,0,03-29-2022
S101164,6.02,0,1.0,0,1,0,2022-05-26
S101165,7.29,0,1.0,0,2,0,2022-07-07
S101166,3.93,2,2.2,1,0,1,2022-09-05
S101167,7.39,0,1.8,0,0,0,2022-05-14
S101168,7.99,0,11.5,0,1,0,07/04/2022
S101169,9.06,0,1.0,0,0,0,2022-04-14
S101170,6.62,0,1.0,0,1,2,2023-05-24
S101171,4.83,2,3.6,1,0,0,2023-03-11
S101172,7.97,0,6.3,1,0,0,2022-06-04
S101173,6.18,0,1.0,1,0,0,2022-10-31
S101174,6.03,2,1.4,1,0,0,23/09/2021
S101175,5.42,0,,1,0,0,2022-09-21
S101176,7.94,1,5.3,1,0,0,24/09/2022
S101177,4.29,1,1.0,1,2,1,2022-09-08
S101178,5.83,1,1.3,1,2,0,2022-05-04
S101179,8.27,2,1.5,1,0,0,19/12/2021
S101180,9.29,0,7.3,0,0,0,19/04/2023
S101181,7.99,0,1.0,0,0,1,2021-10-13
S101182,8.12,0,4.0,0,1,2,31/12/2022
S101183,8.23,0,1.0,0,0,0,2022/11/10 22:14:33
S101184,6.28,1,,1,0,0,2022/07/14 21:16:43
S101185,5.88,0,1.0,0,1,0,31/12/2021
S101186,7.3,3,7.8,1,2,0,09/09/2022
S101187,5.67,0,1.0,1,0,0,2022-07-11
S101188,6.81,1,10.2,0,0,1,20/07/2021
S101189,5.86,1,1.0,0,1,0,2022-03-23
S101190,6.54,0,1.2,1,1,1,2022/10/31 01:20:03
S101191,6.33,1,1.3,1,2,0,2022-11-16
S101192,4.35,1,1.7,1,0,0,2022-02-27
S101193,6.37,0,1.2,0,0,0,2022-02-25
S101194,5.45,0,7.9,1,0,0,2021-10-15
S101195,4.7,1,5.7,1,0,1,2023-02-27
S101196,5.3,1,19.0,1,0,0,2023-06-21
S101197,7.91,1,4.1,1,0,0,04/09/2022
S101198,7.59,0,1.5,0,0,0,21/02/2022
S101199,7.42,1,2.3,0,0,0,2021-07-07
S101200,6.55,1,1.0,1,0,1,25/08/2022
S101201,6.45,1,34.4,1,1,0,2022-03-10
S101202,6.61,0,6.3,0,1,0,2021-08-02
S101203,8.44,0,14.5,0,0,0,15/08/2022
S101204,8.52,0,7.2,0,0,2,02/09/2022
S101205,6.49,0,2.4,0,0,1,2021-12-03
S101206,8.2,1,2.7,0,2,0,2022-09-22
S101207,5.97,0,1.8,0,2,0,2023-01-04
S101208,7.49,1,2.4,1,1,0,2022-05-09
S101209,5.4,0,1.8,0,1,1,2021-11-02
S101210,8.49,0,2.1,0,2,0,2021/08/21 04:13:10
S101211,6.43,0,5.3,0,0,0,22/08/2022
S101212,8.0,1,1.3,1,3,0,11/11/2021
S101213,7.36,0,3.2,1,0,0,2022-06-04
S101214,4.52,1,7.1,1,0,2,24/08/2022
S101215,6.95,4,1.0,1,0,1,2023-05-22
S101216,8.51,0,4.2,1,1,0,2022-12-02
S101217,6.25,0,2.6,0,0,0,2022-07-02
S101218,6.69,0,1.1,0,0,0,06/05/2023
S101219,6.57,0,2.0,1,0,0,04-29-2023
S101220,8.53,0,4.5,0,0,0,2022-05-04
S101221,8.39,1,1.9,1,1,0,2021-10-09
S101222,7.71,0,2.5,0,0,0,2023-01-13
S101223,6.9,0,1.0,0,0,0,11/05/2022
S101224,7.9,1,1.0,1,1,0,2023-04-26
S101225,6.84,0,5.9,0,0,0,2021-07-03
S101226,8.05,1,2.6,0,1,0,15/03/2023
S101227,6.3,0,1.0,0,0,1,2022-05-01
S101228,6.43,1,12.7,1,1,0,2021-12-10
S101229,9.79,0,1.4,0,1,0,2023-05-01
S101230,6.47,1,8.3,1,0,0,08/05/2023
S101231,5.37,1,7.3,1,1,0,2023-05-04
S101232,5.78,0,4.9,0,1,0,2022/11/14 18:42:26
S101233,5.85,1,5.0,1,1,0,24/02/2022
S101234,6.93,0,9.9,0,0,0,2023-07-27
S101235,6.18,0,10.9,0,0,0,2021-12-01
S101236,7.15,0,6.6,1,0,1,2022-08-14
S101237,6.31,2,14.8,1,1,0,2022-04-08
S101238,6.93,1,4.4,1,1,0,01-08-2023
S101239,6.56,0,1.8,0,1,0,01/04/2023
S101240,6.17,1,12.2,1,1,0,2021-07-13
S101241,4.96,0,5.1,0,0,0,2021-11-16
S101242,7.56,1,6.3,0,0,2,2022-02-07
S101243,6.93,0,14.1,0,0,1,2023-02-16
S101244,6.08,4,15.2,1,0,1,2021-11-26
S101245,9.65,1,15.4,1,0,1,2021-08-21
S101246,7.29,0,4.4,0,1,0,2022/12/31 00:08:19
S101247,6.59,0,1.0,1,0,1,2021-08-30
S101248,5.8,0,2.6,1,0,0,2023-08-12
S101249,7.06,0,1.1,0,1,0,05-07-2022
S101250,8.57,2,1.1,1,0,0,2023-04-04
S101251,8.61,1,6.4,0,0,1,2021-09-02
S101252,7.11,0,1.4,0,0,0,2022-04-04
S101253,8.56,1,30.1,1,2,0,2023-06-26
S101254,7.29,0,30.1,0,2,0,2023/07/30 22:26:53
S101255,8.52,1,6.1,1,0,1,03-27-2023
S101256,8.88,1,10.1,0,0,0,08-31-2021
S101257,6.38,0,5.6,1,1,0,13/02/2022
S101258,7.49,0,3.8,0,2,0,2021-07-10
S101259,7.4,0,1.2,1,0,0,05-05-2023
S101260,5.8,0,3.9,0,1,0,2023/04/09 11:06:13
S101261,8.43,0,1.0,0,0,0,2022-06-03
S101262,7.17,1,5.1,1,0,0,2022-02-13
S101263,7.26,0,2.8,1,0,0,2021-09-23
S101264,5.15,2,1.4,0,1,1,2023-04-29
S101265,6.27,0,6.5,1,2,1,2023-08-15
S101266,8.55,2,3.8,0,0,0,01-29-2023
S101267,6.01,1,4.3,1,1,1,11-07-2022
S101268,7.01,2,8.2,0,0,0,2023-01-08
S101269,7.65,2,5.7,1,2,0,2022-04-22
S101270,9.69,2,2.6,0,0,1,08/05/2022
S101271,6.49,1,15.7,1,0,0,03/12/2021
S101272,6.92,0,16.2,0,2,0,2022-11-30
S101273,4.54,0,26.5,1,0,1,06/08/2021
S101274,7.98,0,1.0,0,0,0,07-07-2022
S101275,6.17,0,1.3,1,0,0,06-16-2022
S101276,7.79,0,36.8,0,0,1,2023-07-24
S101277,5.56,3,9.0,1,1,1,2021-09-16
S101278,7.04,0,,0,1,1,08-21-2022
S101279,4.69,1,5.9,1,1,0,2022-04-02
S101280,3.5,1,2.1,0,0,0,05/02/2023
S101281,5.2,0,4.0,0,0,0,2023-01-07
S101282,7.09,1,1.0,0,0,1,2022-09-23
S101283,9.5,1,1.1,0,2,0,2022-08-22
S101284,6.75,1,1.4,1,2,0,2023-05-08
S101285,5.38,1,3.5,1,0,0,07-14-2023
S101286,9.64,0,1.6,0,2,0,2021-10-21
S101287,7.2,0,6.4,1,1,1,10-29-2022
S101288,5.71,1,1.0,0,0,0,01-02-2022
S101289,5.12,0,3.4,1,0,0,2023-05-26
S101290,6.34,0,1.3,0,2,0,05/11/2022
S101291,9.5,0,13.3,1,0,1,2021-11-26
S101292,5.34,2,6.9,1,0,0,10/07/2022
S101293,5.8,0,2.0,0,1,2,2022-06-07
S101294,6.16,0,10.5,1,0,3,2021-10-06
S101295,6.77,0,1.0,0,2,0,2023-02-18
S101296,7.74,0,2.6,0,0,0,30/05/2023
S101297,10.0,2,3.6,1,1,0,10-20-2022
S101298,6.35,0,1.1,1,0,0,2022-07-19
S101299,7.06,1,3.6,0,0,1,2022-09-07
S101300,7.7,0,1.9,1,1,0,2022-03-08
S101301,8.07,3,14.3,0,1,0,26/04/2023
S101302,5.22,0,9.0,0,1,0,2021-10-06
S101303,9.06,3,2.0,0,0,0,10/04/2022
S101304,6.93,2,2.7,1,0,1,2022-09-18
S101305,8.5,0,2.5,0,0,1,2023-03-21
S101306,7.59,1,34.2,1,1,1,06/11/2022
S101307,10.0,0,11.4,0,1,1,10/01/2023
S101308,5.98,0,8.5,0,1,0,03/06/2023
S101309,7.05,0,7.5,1,0,0,2022-12-20
S101310,5.2,2,4.2,1,0,0,05-30-2023
S101311,4.31,1,12.2,1,0,1,2023-01-20
S101312,10.0,1,1.1,0,0,0,07-17-2021
S101313,5.71,1,1.0,0,0,1,2021-08-21
S101314,7.39,1,22.9,0,0,1,2022-11-12
S101315,7.28,2,5.3,0,0,0,2022-11-02
S101316,6.19,0,12.1,1,0,0,2021-07-16
S101317,6.82,2,6.2,1,4,0,2021-10-17
S101318,9.03,0,9.9,1,0,1,10-24-2021
S101319,6.85,0,,1,0,0,17/08/2023
S101320,6.61,2,5.8,1,0,0,2022/02/13 04:21:30
S101321,8.27,0,11.6,1,0,0,2022-01-02
S101322,6.19,1,5.5,0,0,1,2022-02-24
S101323,6.67,0,1.2,1,1,2,11-06-2021
S101324,6.03,0,4.2,1,1,0,2023-07-07
S101325,9.45,0,2.8,0,0,0,2023-02-25
S101326,6.59,1,4.9,1,1,0,10-16-2022
S101327,6.1,2,1.0,1,1,0,2022-07-21
S101328,5.79,1,3.6,1,5,1,2023-03-31
S101329,8.9,1,14.2,0,0,1,08-25-2021
S101330,5.5,0,1.0,1,1,1,2022-04-29
S101331,9.07,0,3.4,0,3,1,12-11-2021
S101332,6.43,0,,1,1,0,2022-12-06
S101333,7.0,1,2.3,1,0,0,24/07/2021
S101334,7.82,0,6.1,0,0,0,2022-06-19
S101335,5.91,1,,0,0,0,10/09/2021
S101336,5.53,0,1.0,1,0,0,2022-08-24
S101337,5.66,0,5.0,1,0,0,31/10/2021
S101338,6.01,1,4.0,1,0,0,2023-03-09
S101339,7.58,1,1.5,1,0,0,2022-03-27
S101340,7.17,2,3.8,0,0,0,23/07/2021
S101341,6.75,1,7.4,1,1,0,2022-10-26
S101342,4.75,0,1.3,1,0,0,2023-01-10
S101343,9.13,1,1.5,0,0,0,2022-04-27
S101344,7.63,1,1.0,0,2,0,2023-02-19
S101345,7.33,0,6.3,1,0,0,2021-09-29
S101346,4.43,0,1.9,0,0,1,2022-10-26
S101347,7.69,2,2.1,0,1,1,2023-02-24
S101348,7.74,2,7.6,0,0,1,17/07/2022
S101349,7.81,0,5.0,0,1,0,2022-08-23
S101350,7.99,0,11.6,0,1,2,2022-10-24
S101351,7.22,0,9.8,0,0,1,2021/11/02 01:00:07
S101352,7.01,0,4.0,1,1,0,01-04-2022
S101353,8.13,1,1.0,1,0,0,2021-10-17
S101354,5.68,1,12.2,0,2,3,2022-02-26
S101355,5.03,0,1.0,1,1,0,09-14-2022
S101356,6.96,1,1.0,0,0,0,2023-02-20
S101357,8.83,0,4.7,1,0,0,2023-05-27
S101358,6.25,1,16.7,1,1,0,2021-08-25
S101359,7.28,0,2.7,0,0,0,20/05/2022
S101360,6.78,1,18.0,1,0,0,2023-03-11
S101361,7.47,0,1.0,0,0,0,14/01/2022
S101362,8.66,0,17.3,0,1,0,02/02/2023
S101363,6.49,0,1.0,0,0,0,2023-08-09
S101364,9.03,0,5.7,1,1,0,11-07-2021
S101365,5.99,1,7.2,0,0,0,2022-04-30
S101366,7.49,1,13.0,1,1,0,2023-08-05
S101367,8.28,1,1.0,0,0,0,2022-09-13
S101368,6.07,1,2.9,0,2,0,2022-05-23
S101369,6.41,1,,0,1,0,2023-06-14
S101370,6.54,3,2.6,1,0,0,2022-05-23
S101371,6.35,0,13.4,0,0,1,2021-11-16
S101372,6.48,0,5.2,1,2,0,2022-08-07
S101373,3.61,1,1.0,1,0,1,2022-07-10
S101374,7.29,2,15.0,0,0,0,09/11/2021
S101375,7.46,0,9.8,1,0,1,2023-03-20
S101376,8.44,1,18.4,0,0,1,03/06/2022
S101377,8.1,0,9.3,1,1,1,2022-12-11
S101378,4.06,0,5.8,0,1,0,2022-05-26
S101379,8.91,0,21.0,0,0,0,2021-12-29
S101380,6.86,0,2.3,1,1,1,2022-07-24
S101381,7.97,0,,1,0,1,2023-07-07
S101382,6.86,1,4.0,1,1,0,2023-08-09
S101383,6.52,0,1.0,0,0,0,2022/05/13 17:13:55
S101384,8.62,0,15.1,0,0,2,2021/09/14 03:17:58
S101385,5.87,0,12.7,0,1,0,2022-06-27
S101386,8.93,1,1.1,1,1,0,02/08/2021
S101387,7.27,0,1.0,0,0,1,2022-08-09
S101388,6.03,0,5.4,1,1,1,2023-06-08
S101389,5.46,0,9.0,0,0,0,25/07/2021
S101390,7.4,0,1.5,0,1,0,2022-09-22
S101391,8.94,1,11.5,1,1,0,2023-03-23
S101392,5.45,0,1.4,0,0,2,2022-03-04
S101393,9.21,0,2.1,0,0,0,2022-04-18
S101394,8.58,0,4.4,0,0,0,2021-08-23
S101395,6.28,0,1.7,1,0,0,2022-09-06
S101396,9.2,2,8.2,1,0,0,2022-12-29
S101397,5.89,0,10.1,0,0,0,2022-02-10
S101398,5.87,1,9.0,0,0,0,03/05/2023
S101399,7.08,1,9.7,0,0,0,2023-01-12
S101400,7.29,0,8.9,1,1,0,15/04/2023
S101401,6.45,0,12.1,0,0,0,14/02/2023
S101402,6.28,0,5.2,1,0,1,02/01/2023
S101403,7.55,0,2.9,0,0,0,03/11/2021
S101404,6.73,1,10.3,1,0,0,2022-12-19
S101405,7.18,2,3.5,0,1,1,2023-08-10
S101406,8.06,0,6.7,0,2,0,2023-01-17
S101407,6.69,2,1.9,1,0,1,2022/02/02 16:00:27
S101408,4.31,2,7.9,1,0,1,2022-03-27
S101409,8.48,1,12.1,1,1,2,2023-02-06
S101410,8.43,1,3.5,0,2,1,2023-04-07
S101411,6.26,3,2.2,0,0,0,2022/07/11 12:53:56
S101412,7.42,1,9.0,1,0,0,2021-10-21
S101413,6.79,2,3.1,0,0,0,2022-04-19
S101414,6.61,0,3.0,1,1,0,2021-07-27
S101415,9.01,1,1.7,1,1,0,2021/07/21 21:36:48
S101416,5.9,1,,1,0,0,2022-09-14
S101417,7.75,2,7.0,1,0,1,2022-09-04
S101418,6.69,0,3.7,0,0,0,24/11/2021
S101419,6.79,0,17.1,0,0,0,2023-03-08
S101420,6.78,0,2.1,1,0,0,08-07-2022
S101421,4.62,1,3.7,0,2,0,2023-07-16
S101422,6.06,1,1.0,1,1,0,2022-04-22
S101423,7.95,0,9.0,1,2,0,07-01-2023
S101424,6.41,0,1.0,1,0,0,2021/12/29 17:54:12
S101425,6.58,1,3.4,0,1,0,2022-10-19
S101426,5.79,2,8.6,1,1,0,2022-06-25
S101427,5.22,1,12.8,1,1,0,26/11/2022
S101428,8.79,0,3.7,0,1,0,2021-08-05
S101429,6.97,1,2.4,0,0,0,01-06-2023
S101430,8.42,1,9.3,0,0,0,03-03-2022
S101431,5.64,0,10.8,0,0,2,2023-06-12
S101432,4.82,0,5.4,1,0,0,2022/12/11 10:52:08
S101433,7.43,0,1.9,0,1,0,2023-06-02
S101434,8.72,2,6.8,0,1,0,02/02/2022
S101435,9.09,1,1.0,0,0,0,2022-01-27
S101436,6.29,1,1.0,0,2,0,08-15-2023
S101437,8.47,0,1.4,0,1,0,10/12/2022
S101438,7.59,1,1.4,1,1,0,19/08/2021
S101439,8.48,2,,1,1,0,06-29-2023
S101440,7.36,0,4.8,0,1,0,2021-08-06
S101441,7.49,1,4.4,0,0,0,2022-07-19
S101442,6.07,0,4.9,1,0,1,10-24-2021
S101443,7.26,0,4.6,0,0,0,14/06/2023
S101444,5.94,0,1.0,1,3,0,06-04-2023
S101445,6.16,1,8.9,1,0,0,05-01-2022
S101446,7.86,1,5.8,1,1,0,2021-08-27
S101447,7.54,0,4.8,0,1,2,2021-08-12
S101448,5.79,1,1.0,1,1,0,2021-07-08
S101449,7.27,2,1.0,1,0,1,21/02/2023
S101450,8.2,1,1.5,0,1,1,2022-05-07
S101451,6.54,0,6.9,0,1,1,25/08/2023
S101452,6.81,0,5.7,0,0,1,2022-03-21
S101453,7.33,1,2.6,0,1,0,2022-03-12
S101454,5.88,1,1.0,0,0,0,2022-03-25
S101455,6.04,1,1.0,0,0,0,2022-11-04
S101456,6.89,2,2.8,0,1,0,19/06/2022
S101457,7.97,0,3.5,0,0,1,2022-08-08
S101458,8.19,1,1.0,0,1,0,2023-06-09
S101459,4.11,0,5.5,0,1,0,2021-10-09
S101460,5.83,1,1.3,0,2,0,10/03/2023
S101461,7.44,1,9.3,1,1,0,06/06/2022
S101462,5.64,0,15.8,1,0,0,2021-12-15
S101463,5.89,3,4.9,1,1,0,09/11/2021
S101464,7.89,0,7.0,1,0,0,2023-06-13
S101465,6.79,1,1.8,1,0,0,2022-12-15
S101466,4.97,0,7.7,1,0,0,01/07/2023
S101467,7.37,2,1.0,0,0,1,2023-03-31
S101468,6.89,0,4.7,0,0,0,25/02/2022
S101469,6.48,2,10.4,1,0,2,2021-09-18
S101470,4.73,2,1.0,1,1,1,2021/11/28 23:48:17
S101471,7.38,0,2.1,1,1,0,2023-01-08
S101472,5.56,0,7.3,0,0,0,2022-04-05
S101473,5.8,1,1.0,0,0,1,08-23-2022
S101474,7.93,0,2.2,1,1,0,2021-08-02
S101475,6.48,0,20.5,0,1,0,2021-10-29
S101476,5.73,0,1.0,1,1,0,2021-08-26
S101477,6.31,0,19.2,1,2,0,2022-02-10
S101478,6.7,0,4.8,1,0,1,2022-07-05
S101479,5.52,0,1.5,1,2,0,2023-08-03
S101480,8.22,0,9.7,0,0,0,22/12/2021
S101481,8.0,0,7.8,1,1,1,2023-07-26
S101482,5.09,4,5.7,1,3,0,23/06/2023
S101483,4.67,0,1.0,1,1,0,2023-01-15
S101484,7.41,1,4.4,1,0,0,2021-08-03
S101485,6.67,1,3.0,0,1,0,2023-03-03
S101486,5.39,1,12.0,0,0,0,2021-11-21
S101487,7.3,0,19.1,1,0,0,2022-02-19
S101488,7.32,1,4.7,0,1,0,2022-03-23
S101489,8.09,1,1.0,1,0,0,2021-08-03
S101490,6.59,2,1.0,1,1,0,2023-08-16
S101491,7.82,1,1.0,0,0,0,2023-04-20
S101492,5.35,1,9.7,1,0,0,2022-04-13
S101493,6.26,1,3.6,1,1,0,29/08/2023
S101494,6.21,1,9.7,1,1,0,2023-02-21
S101495,8.33,0,7.5,0,2,1,2022-03-16
S101496,6.21,0,7.9,0,1,1,2021-08-16
S101497,7.16,1,2.7,0,0,1,2022-08-01
S101498,6.59,0,1.1,1,0,1,2022-03-27
S101499,7.95,0,2.6,1,1,0,05-05-2023
S101500,5.9,1,3.7,0,0,0,08/01/2023
S101501,5.79,3,2.3,1,1,0,13/11/2021
S101502,8.06,1,7.1,1,0,1,18/06/2023
S101503,7.55,0,11.6,0,2,0,2022-06-09
S101504,6.74,0,1.6,0,0,0,2022-08-28
S101505,5.0,2,1.2,1,0,0,30/06/2023
S101506,8.03,1,4.8,1,2,0,2022-12-14
S101507,7.52,1,13.1,0,0,0,2022-10-26
S101508,6.61,2,1.0,0,0,0,27/02/2023
S101509,7.21,0,2.8,1,1,0,15/02/2023
S101510,7.29,2,2.9,0,0,0,2022-10-08
S101511,10.0,1,8.3,1,1,1,2021-07-23
S101512,5.06,0,2.5,1,1,1,23/02/2022
S101513,5.18,0,1.8,0,0,0,04/01/2023
S101514,9.65,2,1.2,1,1,0,26/05/2023
S101515,8.29,1,6.5,0,0,0,2021/12/17 21:04:01
S101516,6.45,1,1.1,0,3,0,2022-12-01
S101517,5.6,0,1.0,1,1,0,2022-08-02
S101518,7.26,0,5.3,0,0,1,2021-09-01
S101519,7.79,0,5.9,1,0,1,2023-07-25
S101520,4.07,1,3.4,0,1,0,03-16-2022
S101521,5.89,1,15.3,0,0,0,2021/10/25 22:41:47
S101522,3.5,2,2.7,1,1,1,2022-07-30
S101523,8.56,0,8.1,1,0,0,2023-06-04
S101524,7.77,2,10.4,0,0,1,2023-07-10
S101525,6.7,0,1.0,1,2,0,25/07/2021
S101526,7.08,0,4.2,0,0,1,2022-11-04
S101527,8.54,2,1.0,1,1,0,2022-08-16
S101528,5.86,1,15.4,0,0,2,2022-07-11
S101529,5.45,1,,0,0,1,2022-09-10
S101530,7.12,0,2.6,0,1,2,03-10-2022
S101531,9.71,0,11.9,1,1,0,2022-10-23
S101532,7.42,2,2.1,1,0,0,2022-12-01
S101533,9.54,1,3.0,0,1,0,2022-07-27
S101534,7.35,0,4.2,1,0,1,2022-06-16
S101535,6.44,4,3.6,1,1,1,17/07/2022
S101536,6.74,1,9.0,1,0,1,2022-11-14
S101537,6.04,2,5.6,0,0,0,2022-06-02
S101538,6.54,0,6.2,0,1,2,28/12/2021
S101539,5.81,2,1.0,1,0,0,2023-05-20
S101540,8.08,1,15.0,0,0,1,20/08/2021
S101541,6.22,1,6.3,1,0,1,2022-07-29
S101542,6.85,0,6.3,1,0,0,2022-08-01
S101543,4.94,0,3.9,0,0,0,28/06/2022
S101544,7.27,0,1.0,0,1,0,13/12/2022
S101545,4.51,2,1.0,1,0,1,2023-08-18
S101546,9.81,0,9.5,0,0,0,2023-05-29
S101547,7.11,1,4.6,1,0,0,2023-04-14
S101548,4.83,2,9.3,1,0,0,2023-02-25
S101549,7.93,1,7.4,0,2,1,2022-02-25
S101550,8.41,0,13.3,0,1,0,23/05/2022
S101551,6.07,0,1.0,1,0,0,2023-01-23
S101552,6.81,2,20.8,1,1,0,2023-07-06
S101553,7.02,1,6.1,0,0,0,2021-12-09
S101554,6.5,0,15.3,1,0,0,2023-02-25
S101555,7.16,1,1.8,1,0,0,10/08/2022
S101556,6.06,0,14.2,1,1,0,2023-05-23
S101557,6.83,0,2.6,1,1,0,2021-11-06
S101558,6.82,1,7.7,1,0,0,2022/07/26 19:31:02
S101559,7.77,1,5.3,1,0,0,2023-04-07
S101560,7.39,1,1.0,1,0,1,2022-05-29
S101561,5.77,0,1.8,0,0,1,2023-07-25
S101562,6.56,0,,1,1,1,2022/10/01 15:44:21
S101563,5.71,1,1.4,0,0,1,2022/10/07 18:50:48
S101564,6.42,0,10.9,1,1,0,2023-03-14
S101565,7.48,0,4.4,1,2,0,2022-02-23
S101566,6.17,0,,0,0,0,10-24-2022
S101567,5.3,0,3.6,1,1,0,2022-04-07
S101568,7.54,0,1.0,0,1,0,2023-04-18
S101569,9.0,3,2.6,0,2,1,15/11/2022
S101570,5.86,1,19.8,0,1,0,2022-07-05
S101571,7.1,1,3.4,0,0,0,2023-07-25
S101572,6.8,0,16.9,1,0,0,13/01/2023
S101573,6.09,1,4.5,0,0,0,2021-09-27
S101574,9.65,1,1.5,0,1,1,2023-06-10
S101575,5.54,0,2.0,0,0,0,2023-02-05
S101576,6.94,3,6.7,1,0,1,2022-01-22
S101577,5.42,1,12.2,1,0,0,2022-01-21
S101578,8.24,0,2.0,1,0,0,2021-10-06
S101579,7.77,0,1.9,1,0,0,23/01/2023
S101580,6.73,1,17.8,1,1,1,04-25-2023
S101581,8.07,0,1.7,0,2,0,2023-08-07
S101582,8.17,1,10.7,0,0,0,06/04/2023
S101583,6.32,0,2.0,1,0,0,18/04/2023
S101584,6.47,0,3.7,1,1,0,08/06/2022
S101585,6.98,1,6.5,1,0,2,2022-06-14
S101586,7.84,1,1.0,1,0,1,08-06-2021
S101587,6.89,0,2.2,1,0,0,2023-01-20
S101588,6.7,0,6.6,0,1,0,2021-12-11
S101589,6.99,0,1.0,1,1,0,2022-07-16
S101590,3.53,1,5.3,1,1,2,17/03/2022
S101591,8.71,1,4.5,0,0,0,2022-08-17
S101592,8.56,1,10.1,0,0,1,2022-04-13
S101593,9.5,2,3.7,0,0,1,03/03/2022
S101594,5.06,0,1.0,0,2,1,08-26-2023
S101595,6.92,2,1.0,1,0,0,16/12/2021
S101596,9.0,1,1.7,0,0,0,2022-05-05
S101597,6.64,0,1.0,1,2,1,2022-11-27
S101598,5.47,1,2.1,0,0,0,14/10/2022
S101599,7.84,1,12.9,0,1,1,2022-04-04
S101600,5.37,1,7.6,0,0,0,29/08/2023
S101601,7.66,1,3.5,0,0,0,2023-07-11
S101602,8.38,0,17.4,1,0,1,10-08-2021
S101603,7.83,1,8.6,0,1,0,2022-02-03
S101604,9.2,2,1.4,1,2,0,2022-12-23
S101605,7.65,1,7.4,1,1,0,07-29-2022
S101606,9.06,1,1.0,1,0,0,2023-01-11
S101607,9.58,1,2.5,1,1,0,2022-06-10
S101608,7.9,0,5.0,0,0,0,02/03/2022
S101609,7.04,1,3.1,0,0,1,2022-03-12
S101610,5.91,0,1.0,0,0,1,2023-04-25
S101611,7.89,2,26.5,0,1,1,2022-07-05
S101612,6.15,0,1.0,1,0,0,2023-07-14
S101613,6.63,3,4.9,0,0,1,2023-07-25
S101614,5.01,0,3.1,1,0,0,09/09/2022
S101615,8.45,0,2.0,1,1,1,10/03/2022
S101616,5.95,3,1.0,0,0,0,2021-09-23
S101617,8.58,0,1.9,0,2,0,2023-02-21
S101618,5.33,0,3.6,0,1,0,02-09-2023
S101619,6.43,0,6.1,0,0,0,2021/11/18 10:11:33
S101620,7.43,0,4.8,0,0,0,2023-04-20
S101621,10.0,0,1.0,0,0,0,20/12/2021
S101622,4.04,1,3.4,0,1,0,04/04/2022
S101623,7.07,1,,0,0,0,2023-02-12
S101624,9.02,1,4.1,0,0,0,2022-09-14
S101625,8.58,0,3.3,1,1,1,2022-11-08
S101626,6.43,0,1.5,1,1,0,02/11/2021
S101627,3.8,2,4.4,1,1,0,26/02/2022
S101628,7.1,1,18.7,0,0,0,29/04/2023
S101629,7.67,0,2.1,1,1,0,2023-06-08
S101630,5.66,1,7.9,0,3,0,13/02/2022
S101631,8.12,0,15.7,1,0,0,08/12/2021
S101632,7.15,1,1.5,1,1,0,11-23-2021
S101633,6.72,0,,0,2,0,2023-04-01
S101634,7.39,0,21.0,1,0,0,06/10/2022
S101635,7.68,1,1.0,0,0,1,2022-05-03
S101636,10.0,2,3.2,0,0,1,31/08/2021
S101637,7.13,2,1.0,1,0,0,06/01/2022
S101638,6.55,0,9.0,0,0,0,2022-09-04
S101639,7.28,1,11.8,0,0,0,13/03/2023
S101640,7.3,0,7.9,0,1,0,2023-06-06
S101641,9.08,0,1.0,0,2,0,02/05/2022
S101642,8.05,0,2.1,1,0,1,2022-07-10
S101643,8.6,0,1.0,0,1,0,29/08/2023
S101644,7.71,1,26.0,0,1,0,03-27-2022
S101645,5.95,0,2.5,1,0,0,2022-09-06
S101646,5.91,1,1.5,1,1,0,2023-07-31
S101647,8.49,2,1.9,0,0,0,2022-06-16
S101648,5.86,1,1.0,1,0,0,2022-05-27
S101649,7.81,0,5.5,0,1,0,2022-03-19
S101650,7.49,0,11.0,0,0,0,12/11/2021
S101651,4.45,1,13.1,0,1,1,07-03-2023
S101652,8.04,0,1.9,0,1,0,05-06-2023
S101653,6.0,1,17.6,0,1,0,2022-06-05
S101654,5.3,0,2.7,1,2,0,08/08/2021
S101655,8.55,1,20.7,0,0,0,29/11/2021
S101656,5.81,2,,1,1,0,2021-07-31
S101657,7.1,1,3.5,0,0,0,2022-03-02
S101658,4.2,2,10.0,1,1,0,2022-09-01
S101659,8.93,0,15.2,0,0,1,13/04/2023
S101660,8.69,1,9.9,1,0,0,2022-04-20
S101661,6.23,1,,1,0,0,05/11/2021
S101662,6.45,1,4.7,0,0,0,2022-10-27
S101663,5.53,0,4.7,1,0,0,2023/03/28 14:25:06
S101664,8.24,0,7.1,1,0,0,2022-10-26
S101665,4.2,1,8.6,1,1,0,28/02/2022
S101666,7.6,0,1.0,0,0,1,2022-06-06
S101667,5.97,1,2.1,1,1,0,2023-08-19
S101668,8.03,2,4.9,1,1,0,01/04/2022
S101669,6.99,0,7.1,0,0,1,2023/04/15 06:58:42
S101670,6.66,1,1.5,0,0,0,2022-03-07
S101671,7.99,0,4.2,0,1,0,2023-02-21
S101672,8.8,0,2.6,0,1,1,2022-01-19
S101673,9.02,0,9.8,0,1,0,2022-07-17
S101674,7.17,0,2.8,0,0,1,2021-08-27
S101675,7.54,0,2.9,0,2,1,26/08/2022
S101676,5.55,1,3.8,0,0,1,03-04-2022
S101677,7.71,0,1.0,0,1,0,2021-11-24
S101678,8.92,1,1.0,1,1,0,2022-04-06
S101679,5.37,3,,1,0,1,2021-11-25
S101680,7.52,1,7.4,1,0,0,2021-08-31
S101681,6.55,0,3.0,0,0,1,2021-11-10
S101682,6.02,0,4.0,1,1,1,2022-09-10
S101683,8.48,0,10.0,0,0,0,2022-05-06
S101684,6.6,0,1.0,0,0,0,2022-11-11
S101685,7.94,1,4.1,0,1,0,2022-07-06
S101686,7.2,1,3.7,1,1,0,2022-02-27
S101687,7.16,0,7.9,0,0,0,2021-10-25
S101688,8.64,1,16.8,1,1,1,06-07-2022
S101689,6.56,0,10.7,0,1,1,07/12/2022
S101690,6.52,0,4.1,0,0,0,11-09-2022
S101691,6.16,2,7.9,0,0,2,2023-03-22
S101692,8.83,0,1.0,0,0,0,2022-07-10
S101693,7.36,0,9.3,0,0,0,2022-12-10
S101694,6.84,0,1.0,1,0,2,2021-08-31
S101695,7.38,0,2.7,0,3,0,20/03/2023
S101696,6.71,2,6.0,1,0,0,2023-06-06
S101697,9.66,0,1.0,0,1,0,2023-03-14
S101698,5.81,2,5.5,0,0,0,2023-07-07
S101699,5.51,0,7.7,0,0,0,2022-03-08
S101700,5.76,3,2.7,1,0,1,2021/11/05 13:26:26
S101701,6.52,1,1.0,0,0,0,2023-07-31
S101702,6.5,0,4.8,0,0,0,24/03/2023
S101703,8.25,2,2.7,0,0,0,2022-11-12
S101704,3.95,2,2.6,1,0,2,2022/04/08 23:19:35
S101705,6.82,2,4.0,1,1,1,2022-10-15
S101706,7.04,0,1.8,1,2,0,30/04/2022
S101707,6.73,0,3.6,1,0,0,2022-11-18
S101708,9.4,2,2.4,0,2,1,18/05/2023
S101709,7.61,0,4.8,1,1,0,2021-07-27
S101710,5.02,1,3.5,1,1,0,2022-05-02
S101711,8.09,1,15.8,1,1,0,08-24-2021
S101712,6.76,1,1.0,0,0,0,2021/10/09 00:02:25
S101713,6.86,0,1.0,1,1,0,2023-02-13
S101714,6.72,0,11.7,1,0,0,18/07/2022
S101715,7.24,1,1.4,1,2,2,2023-08-26
S101716,5.85,2,2.9,1,0,0,17/07/2021
S101717,6.98,2,10.6,1,1,1,11/09/2022
S101718,7.42,0,,0,1,0,2023-01-21
S101719,7.94,0,8.8,1,0,0,10-05-2021
S101720,9.3,1,4.6,0,0,0,29/01/2022
S101721,5.09,0,19.7,1,0,1,2023-08-27
S101722,5.97,1,13.6,0,1,1,28/01/2022
S101723,9.67,4,1.2,1,1,1,2022-07-10
S101724,7.07,0,7.0,1,3,1,13/07/2023
S101725,10.0,0,4.9,0,0,0,17/06/2023
S101726,5.26,0,5.8,0,3,0,2023-02-23
S101727,7.5,1,16.1,1,1,0,10/09/2021
S101728,8.62,0,10.4,1,2,0,2023-08-04
S101729,7.0,1,6.3,0,0,0,2022-06-28
S101730,8.83,0,4.7,0,0,1,2022-02-17
S101731,7.56,0,2.0,1,1,0,2022-01-21
S101732,7.41,0,16.7,1,0,1,12/10/2022
S101733,8.26,0,25.2,0,0,0,2022-08-12
S101734,9.09,0,1.0,0,1,0,2022-11-17
S101735,7.35,0,1.0,0,1,0,12/09/2021
S101736,8.83,1,1.5,0,0,1,2023-05-22
S101737,6.42,1,8.2,0,0,0,2021-10-11
S101738,8.4,2,6.5,1,2,0,2022-01-29
S101739,5.25,1,2.7,1,0,1,03/04/2022
S101740,7.39,0,4.9,1,0,0,2022-04-10
S101741,5.36,0,34.9,1,0,0,2022-12-22
S101742,7.16,1,1.0,0,1,0,2023-01-28
S101743,10.0,1,1.0,0,0,0,03/03/2023
S101744,6.95,1,1.1,1,0,0,2022-06-20
S101745,6.5,0,2.1,1,1,0,2022/12/04 06:34:10
S101746,6.87,1,4.2,1,0,0,27/07/2022
S101747,4.52,0,7.3,1,0,1,04-02-2023
S101748,7.39,1,1.0,1,0,0,2023-07-18
S101749,7.58,0,4.9,1,0,1,2023-07-09
S101750,10.0,1,1.9,0,1,2,02-21-2023
S101751,6.97,0,6.6,0,1,1,2022-12-31
S101752,6.1,2,1.0,0,3,1,2022-11-05
S101753,6.71,0,12.0,1,0,0,2022-09-11
S101754,7.72,1,1.0,0,0,0,2023/03/19 01:24:42
S101755,7.17,0,4.3,1,2,1,05/03/2023
S101756,8.87,0,2.0,1,1,0,2022-09-25
S101757,6.59,0,2.7,0,0,0,31/10/2022
S101758,6.41,1,37.6,1,2,0,2022-11-24
S101759,4.91,0,6.5,0,1,1,22/02/2023
S101760,5.93,0,2.2,0,0,0,2021-10-18
S101761,6.5,2,3.1,0,0,0,18/01/2022
S101762,6.74,1,2.5,1,1,0,2022-12-29
S101763,6.97,0,1.1,1,1,1,2023-02-23
S101764,7.08,1,1.8,0,0,0,2022-01-30
S101765,5.09,2,9.4,1,1,0,2022-06-20
S101766,5.43,0,1.0,1,0,0,16/01/2023
S101767,4.67,0,4.0,0,1,0,2021-10-14
S101768,5.45,0,3.2,0,0,0,2023-01-17
S101769,7.94,1,8.5,0,1,0,2023-08-27
S101770,6.82,1,21.8,0,0,0,2021-07-31
S101771,8.29,2,4.5,0,0,0,2022-02-01
S101772,6.37,1,10.1,0,0,0,2021-10-18
S101773,6.12,1,4.8,0,0,0,2023-02-26
S101774,5.96,0,1.0,0,1,1,2022-06-27
S101775,4.48,1,1.0,1,0,0,2021-08-14
S101776,5.65,2,6.2,1,2,0,08-26-2023
S101777,6.25,0,2.2,0,1,0,04/01/2022
S101778,8.37,2,7.4,1,0,1,2022-08-09
S101779,7.04,0,4.3,1,2,0,22/08/2022
S101780,7.97,2,7.1,0,1,0,08/04/2022
S101781,5.55,2,4.9,1,0,0,2021-10-30
S101782,5.54,0,2.0,1,0,0,22/11/2021
S101783,6.91,0,9.8,0,0,0,2022-03-23
S101784,6.82,0,,0,1,0,01/08/2021
S101785,7.44,0,5.0,0,0,1,2021-07-06
S101786,8.26,0,5.5,0,0,3,2023-05-23
S101787,6.11,2,1.0,1,1,1,2022-02-18
S101788,6.32,0,1.0,0,1,0,2022/06/22 17:43:21
S101789,5.14,1,4.6,0,2,1,30/11/2021
S101790,7.24,1,6.5,1,2,0,2023-03-20
S101791,7.44,0,3.5,1,0,0,2023-02-27
S101792,4.7,3,2.1,1,0,0,2021-12-02
S101793,6.46,1,11.3,1,0,0,2023-01-16
S101794,7.06,2,20.2,0,0,1,2023-03-20
S101795,6.09,2,4.4,1,0,0,2023-02-01
S101796,6.43,0,,0,1,1,08-13-2022
S101797,4.32,1,4.6,1,1,0,16/06/2023
S101798,8.61,0,1.0,1,0,0,2022-01-23
S101799,6.53,0,9.8,0,1,0,2023-04-14
S101800,7.78,2,12.4,0,2,0,07-06-2022
S101801,6.43,2,2.2,0,0,0,14/02/2023
S101802,8.1,1,8.4,0,1,0,28/02/2023
S101803,5.65,0,1.3,1,0,1,2022/04/13 23:33:42
S101804,5.0,2,6.1,1,1,0,01/12/2022
S101805,7.72,0,4.6,1,1,1,2022-06-02
S101806,7.83,1,7.2,1,0,1,2021-11-16
S101807,7.38,2,1.0,0,1,0,2022/10/20 10:33:16
S101808,8.48,0,1.0,0,0,0,2022-09-09
S101809,7.39,2,5.6,0,0,0,2023-01-29
S101810,6.93,0,4.3,0,1,1,2023-02-22
S101811,5.38,1,21.7,1,2,1,31/01/2022
S101812,8.76,1,1.0,0,0,0,2022/08/31 11:29:23
S101813,4.55,0,5.2,1,1,2,2023-03-19
S101814,7.6,1,10.6,0,0,0,2022-10-16
S101815,7.0,1,12.6,1,0,0,07-30-2023
S101816,5.24,0,2.5,0,0,0,2022-04-22
S101817,8.26,0,1.8,1,1,1,2021-10-08
S101818,5.2,0,12.5,1,1,0,02-25-2022
S101819,4.93,1,5.8,1,1,1,2022-03-12
S101820,7.38,0,3.9,0,1,0,2021-11-06
S101821,7.24,0,5.8,1,0,0,03/01/2023
S101822,5.37,0,4.8,1,1,0,2022-04-19
S101823,5.77,0,5.9,0,0,0,02-16-2022
S101824,8.56,0,4.2,0,1,0,2022-01-18
S101825,7.19,0,2.3,1,0,0,2023-06-15
S101826,5.45,1,,1,3,0,2022-05-05
S101827,7.11,0,17.5,0,0,0,2023-07-18
S101828,6.88,1,3.3,1,1,0,29/06/2023
S101829,8.35,1,,1,0,0,06/06/2023
S101830,7.15,0,1.0,0,1,0,08-31-2021
S101831,5.77,0,11.0,1,0,0,2022-09-25
S101832,4.34,0,4.7,1,0,1,25/06/2022
S101833,8.58,0,2.6,1,0,2,2022-06-10
S101834,6.3,0,4.5,1,1,0,03/01/2023
S101835,5.83,0,3.2,0,2,0,01/12/2022
S101836,7.53,0,1.4,0,0,2,2022-03-27
S101837,6.86,1,1.0,1,1,0,2022-12-15
S101838,7.14,0,1.0,0,0,2,2022-06-01
S101839,7.74,2,4.3,1,0,0,2022-10-16
S101840,5.71,1,2.3,1,0,0,2022/12/14 23:03:25
S101841,6.79,1,17.8,0,2,0,2022-10-26
S101842,8.43,1,2.0,0,0,0,2021-07-12
S101843,7.88,0,10.5,0,0,0,2023-01-27
S101844,7.45,1,8.7,1,0,0,04/04/2022
S101845,6.13,0,9.6,1,0,1,2023-01-09
S101846,7.97,0,8.9,0,2,1,2022-08-09
S101847,5.59,2,4.3,1,2,2,2023-05-30
S101848,8.75,0,2.1,1,1,0,12/07/2021
S101849,8.56,1,12.1,1,0,0,2021-07-20
S101850,4.98,0,18.6,1,1,0,01/12/2021
S101851,6.46,1,6.2,1,1,0,2023-03-13
S101852,7.08,0,3.3,0,1,0,2022-02-23
S101853,9.54,0,6.1,0,0,0,2022-04-18
S101854,6.74,0,15.0,0,1,1,2021-09-01
S101855,6.83,0,1.4,1,1,2,2021-08-19
S101856,6.24,1,3.0,0,2,0,2021-10-03
S101857,7.21,1,3.1,1,0,1,10/05/2023
S101858,7.71,0,3.3,1,2,1,2022-07-05
S101859,6.15,0,1.4,0,1,0,2022-04-04
S101860,5.73,1,6.5,0,0,0,11-08-2022
S101861,6.22,1,7.4,0,0,0,2023-02-13
S101862,5.54,2,5.3,1,0,0,25/03/2023
S101863,9.58,0,1.6,0,0,0,17/02/2022
S101864,6.5,2,3.4,1,1,0,2023-07-26
S101865,7.88,2,1.0,0,1,0,19/12/2021
S101866,8.09,1,6.8,0,1,0,2022-02-05
S101867,8.66,0,1.0,0,1,0,2022-01-29
S101868,7.93,0,,0,1,0,2021-11-15
S101869,9.68,2,1.0,0,1,0,2022-08-24
S101870,6.37,2,3.1,1,1,1,2023-03-23
S101871,5.22,0,13.5,0,2,0,2023-03-27
S101872,7.55,0,5.0,0,0,0,2021-10-20
S101873,6.7,0,7.9,1,2,2,2023-01-02
S101874,5.83,0,1.0,1,0,0,2022-03-08
S101875,6.11,0,7.8,1,1,0,2021-10-23
S101876,5.81,0,13.2,1,0,0,2022-10-23
S101877,4.55,1,1.0,0,1,0,2022-10-28
S101878,7.89,0,9.5,0,0,0,2022-07-11
S101879,8.22,1,12.1,0,0,0,2023-05-16
S101880,6.49,0,15.8,0,3,0,12-06-2021
S101881,9.26,1,6.3,1,1,0,17/08/2022
S101882,8.21,3,21.7,1,0,1,2023-02-13
S101883,6.73,1,10.1,0,0,2,01/10/2022
S101884,5.67,0,3.8,0,1,0,2022-08-30
S101885,8.32,0,1.0,0,2,2,2023-06-06
S101886,7.89,1,2.5,0,1,0,05-31-2022
S101887,7.5,1,1.0,1,0,0,2022-06-25
S101888,6.49,2,1.0,0,0,1,03-20-2022
S101889,5.58,0,2.6,1,0,0,2022-04-17
S101890,8.79,2,4.1,1,0,0,2023-05-30
S101891,7.39,1,1.0,1,0,0,2022-06-22
S101892,6.0,0,2.2,0,0,0,2022-12-29
S101893,5.83,0,4.3,1,1,0,2022-08-11
S101894,7.95,1,28.9,1,0,0,2022-08-20
S101895,3.5,0,1.6,0,0,0,26/02/2023
S101896,6.81,0,9.3,1,0,0,2021-11-03
S101897,6.54,1,8.4,0,2,0,2021-09-07
S101898,5.2,2,7.2,0,0,0,2021-07-01
S101899,3.5,1,1.0,0,2,0,06-30-2023
S101900,6.46,0,3.6,1,0,0,2023-01-13
S101901,8.18,0,3.8,0,1,0,2021-10-15
S101902,6.88,1,2.3,1,0,0,2023/01/04 20:30:55
S101903,3.68,1,2.5,1,0,2,2022-01-06
S101904,7.16,0,16.1,0,1,0,2022-02-14
S101905,6.52,0,1.0,1,0,0,07/10/2022
S101906,9.2,0,3.5,1,1,0,19/07/2022
S101907,6.44,2,2.7,1,1,0,2022-05-17
S101908,7.46,0,15.5,0,0,0,2022-03-27
S101909,7.54,0,2.7,0,0,0,17/05/2022
S101910,5.53,1,4.7,1,0,0,2022-02-25
S101911,5.37,0,10.8,0,2,0,09-04-2021
S101912,6.76,0,3.0,1,0,0,2023-06-12
S101913,4.65,1,1.0,0,1,0,2021-11-08
S101914,7.97,2,3.8,0,1,0,2021-07-27
S101915,8.72,2,4.8,1,0,0,20/07/2021
S101916,6.36,1,2.4,0,0,2,01-30-2023
S101917,6.67,0,2.0,0,0,0,13/07/2021
S101918,4.15,2,6.5,1,0,0,11-04-2021
S101919,4.2,1,6.5,0,2,0,2022-07-06
S101920,6.14,1,21.4,0,0,1,2022-03-17
S101921,5.96,0,15.9,0,0,0,30/01/2022
S101922,6.95,0,7.0,1,0,0,12-29-2022
S101923,5.56,0,11.0,1,0,0,18/01/2022
S101924,7.36,2,12.7,0,0,1,31/12/2022
S101925,8.31,1,1.0,0,1,1,2023-07-15
S101926,4.69,0,2.5,0,0,1,2022-09-05
S101927,6.64,1,3.7,0,0,0,06-18-2023
S101928,3.5,0,6.6,1,0,1,2022-05-08
S101929,8.23,2,11.4,0,2,0,2021-09-16
S101930,4.92,0,5.9,1,0,0,21/09/2021
S101931,7.33,3,5.4,1,2,0,2021-10-10
S101932,6.67,1,2.5,1,0,0,28/11/2022
S101933,6.72,1,23.2,1,1,0,2023-01-04
S101934,6.86,0,14.5,0,0,1,13/12/2021
S101935,5.08,3,5.8,1,1,0,08/01/2023
S101936,6.23,0,,1,0,0,2023-03-30
S101937,4.16,1,4.0,1,0,0,2022-06-03
S101938,7.28,1,3.3,1,3,0,2022-05-13
S101939,7.07,1,14.3,1,1,0,2021-10-02
S101940,7.8,0,1.0,0,0,0,2022-08-08
S101941,5.3,1,2.6,1,0,1,2021-12-07
S101942,7.78,0,1.0,0,0,0,2022-12-11
S101943,5.91,0,4.3,0,0,0,2023-02-04
S101944,10.0,0,3.8,0,0,1,2023-04-05
S101945,6.35,0,2.3,1,0,0,23/03/2023
S101946,6.7,1,6.5,0,0,0,2023-02-28
S101947,4.34,1,20.6,1,0,0,11-15-2022
S101948,5.55,3,1.0,1,2,2,17/02/2022
S101949,9.66,1,19.0,0,4,0,25/10/2021
S101950,8.19,0,5.5,0,0,1,29/11/2022
S101951,6.54,1,1.1,1,1,0,2022-05-29
S101952,5.72,0,19.1,1,1,1,07/08/2023
S101953,7.38,0,1.4,0,0,0,2022-10-28
S101954,6.69,0,5.9,0,0,0,04-06-2022
S101955,7.33,0,1.4,0,1,0,08-22-2022
S101956,6.55,0,3.4,1,0,0,2023-03-16
S101957,8.75,0,10.8,0,1,0,2022-10-21
S101958,6.25,1,1.0,0,0,0,2023-01-23
S101959,7.69,0,2.4,1,0,1,24/06/2023
S101960,6.09,1,2.3,1,1,0,2022-07-29
S101961,7.33,0,1.9,0,0,1,2021-12-29
S101962,7.32,1,1.0,0,0,0,2023-04-19
S101963,7.11,1,7.2,0,0,0,2022-07-02
S101964,5.89,1,9.3,1,0,0,2023/03/20 20:58:11
S101965,6.02,0,2.5,1,0,0,12/11/2021
S101966,7.84,0,1.0,0,0,0,2023-08-20
S101967,7.32,0,23.5,1,0,2,2021-10-01
S101968,7.69,3,14.0,1,0,0,2021-07-03
S101969,6.99,1,4.5,0,0,0,2022-02-08
S101970,10.0,0,2.9,0,1,0,09/07/2023
S101971,9.03,0,1.0,0,2,0,2023-07-16
S101972,6.62,1,6.8,0,1,2,2023-03-17
S101973,7.16,1,4.1,1,0,0,01-07-2023
S101974,5.58,1,18.0,1,0,1,02-04-2022
S101975,4.78,2,1.0,1,0,0,2021-12-29
S101976,7.51,3,3.2,1,1,0,2022-09-13
S101977,5.31,1,3.3,1,0,0,2022-10-09
S101978,7.41,1,3.6,0,1,0,29/03/2023
S101979,7.04,2,5.5,1,1,0,2023/08/07 08:18:12
S101980,7.24,0,5.1,1,0,0,2021-11-29
S101981,6.75,1,1.5,1,0,0,2022-12-24
S101982,8.25,0,4.4,0,0,0,09-23-2022
S101983,7.65,0,12.5,0,0,0,26/03/2023
S101984,5.93,0,1.0,1,0,0,2022/11/18 14:01:41
S101985,6.2,0,1.9,1,1,0,2021-09-05
S101986,6.44,0,8.4,0,2,1,2021-12-06
S101987,8.95,0,15.5,0,0,0,2022-10-06
S101988,6.23,1,1.0,1,0,1,2022-09-20
S101989,7.22,0,1.4,0,0,0,2022-06-03
S101990,6.81,0,12.2,0,0,0,2021-10-04
S101991,6.81,0,1.0,0,0,0,2023-02-25
S101992,7.14,1,1.0,0,0,0,06-07-2023
S101993,7.67,0,6.0,0,0,1,2022-08-26
S101994,7.58,0,1.9,0,0,0,03/05/2022
S101995,7.52,0,19.8,0,0,0,2022-09-30
S101996,4.54,1,5.3,1,0,0,04/12/2021
S101997,6.17,1,9.8,0,1,0,2022-12-17
S101998,6.43,0,3.1,1,0,0,15/06/2022
S101999,8.69,0,19.0,1,0,0,2023-08-11
S102000,4.66,0,,0,1,2,2021-11-10
S102001,5.36,2,2.4,1,0,0,18/05/2022
S102002,7.79,1,12.1,0,1,0,2022-05-12
S102003,8.41,1,11.8,1,1,1,2022-11-27
S102004,6.35,0,2.1,0,1,0,09-07-2021
S102005,10.0,1,7.4,0,0,0,08-05-2021
S102006,3.94,1,1.0,1,1,0,2021-12-12
S102007,5.66,2,11.4,0,0,0,2023-04-28
S102008,7.22,1,6.3,1,1,1,2022-05-18
S102009,7.1,0,7.3,0,0,0,2021-09-13
S102010,7.81,0,29.4,1,0,1,2023/04/25 09:05:45
S102011,8.63,0,3.3,0,1,0,2021-08-16
S102012,8.84,0,6.8,1,1,1,2022-03-08
S102013,8.51,2,2.1,1,0,0,2023/02/02 21:25:47
S102014,9.45,0,23.8,0,0,1,2021-07-01
S102015,6.43,0,2.3,0,1,0,19/04/2022
S102016,6.06,2,14.8,1,1,0,2022-04-29
S102017,7.39,0,9.7,0,0,0,2022-10-11
S102018,6.33,0,5.1,0,0,0,2023-03-01
S102019,7.58,0,6.7,0,1,0,2021-08-21
S102020,7.42,0,1.9,1,0,1,2021-11-20
S102021,6.61,0,1.5,1,0,1,2021-07-07
S102022,7.36,0,2.1,1,1,1,2022-10-08
S102023,6.97,2,3.1,1,0,0,2021-10-26
S102024,7.41,1,23.3,1,0,0,2023-07-29
S102025,6.23,2,1.8,1,0,1,2021-07-08
S102026,8.49,1,3.4,1,2,0,2021-07-10
S102027,6.03,0,10.7,0,0,1,09/06/2023
S102028,3.5,0,2.3,1,0,1,2021-10-16
S102029,8.98,1,7.0,0,0,0,2021-08-28
S102030,6.81,1,4.7,1,0,0,11/11/2021
S102031,8.9,2,6.1,1,1,0,2022-02-26
S102032,4.44,1,1.0,0,0,0,26/12/2021
S102033,8.11,0,3.2,0,0,1,12/05/2023
S102034,7.21,0,7.0,0,0,0,2022-07-10
S102035,6.69,1,3.0,0,0,1,2021-11-26
S102036,6.21,2,7.2,1,0,0,2022/06/20 17:06:55
S102037,6.02,1,1.0,0,1,1,2023-08-03
S102038,6.07,1,1.2,1,0,0,16/03/2023
S102039,6.97,0,1.5,1,0,1,2022-05-18
S102040,8.5,1,15.5,1,1,1,2022-11-17
S102041,8.68,1,14.4,1,0,0,2023-02-21
S102042,6.93,0,1.0,0,1,0,2023-03-16
S102043,6.37,1,8.5,1,1,1,2022-12-19
S102044,5.55,0,1.0,1,0,0,21/05/2022
S102045,7.6,0,4.2,0,1,2,05-15-2022
S102046,7.39,1,1.0,1,1,0,09/12/2022
S102047,6.47,3,1.0,1,1,1,2021-12-31
S102048,6.96,1,9.9,1,0,1,11-18-2021
S102049,6.18,0,4.5,0,0,0,09/12/2021
S102050,6.02,2,3.1,1,2,1,10-18-2022
S102051,5.82,3,13.3,1,2,0,2023-07-05
S102052,8.2,2,7.3,1,1,0,13/04/2022
S102053,6.68,2,10.0,1,0,0,2021-09-01
S102054,7.67,1,1.0,1,0,0,2022-05-23
S102055,7.36,1,3.6,1,1,0,2023/02/04 14:17:34
S102056,3.5,1,8.4,1,0,0,2021-08-18
S102057,7.34,0,1.8,0,0,1,2022-06-07
S102058,7.88,0,1.0,0,0,0,05-20-2023
S102059,7.61,0,8.6,0,1,0,2023-02-05
S102060,6.96,3,4.4,1,1,0,09-04-2022
S102061,4.58,0,2.1,0,2,0,19/01/2022
S102062,4.61,0,6.6,0,0,0,2023-01-13
S102063,10.0,1,1.2,1,0,1,2022-03-14
S102064,8.57,2,1.0,1,2,0,02/12/2022
S102065,5.5,0,1.5,0,0,0,2023-03-03
S102066,5.58,0,4.2,1,0,2,07-03-2022
S102067,8.94,0,20.8,0,0,0,12-05-2021
S102068,8.05,0,1.0,0,1,0,2022-10-17
S102069,7.15,0,3.6,1,0,1,2022-08-12
S102070,7.21,2,2.3,0,1,1,07-30-2022
S102071,8.75,0,11.7,0,1,0,2022-05-06
S102072,6.97,0,1.9,0,0,0,2023-03-27
S102073,6.07,0,3.4,0,0,2,06/01/2022
S102074,7.05,3,1.0,1,1,0,04-01-2022
S102075,6.65,1,14.6,1,0,0,05/06/2023
S102076,5.52,1,1.0,1,1,1,2022-10-08
S102077,6.1,1,3.3,1,1,0,11/04/2022
S102078,7.96,1,1.4,1,0,0,14/03/2023
S102079,7.79,1,1.4,1,0,0,02-28-2023
S102080,7.6,0,11.1,1,2,1,2022/10/06 21:25:54
S102081,7.04,2,4.5,1,0,0,2023-03-26
S102082,7.09,0,2.2,1,0,0,07/03/2022
S102083,7.39,0,2.8,0,1,0,2023/05/21 04:08:31
S102084,5.44,0,4.6,0,1,1,2022-09-02
S102085,6.24,1,2.7,1,1,1,2022-08-25
S102086,5.29,0,3.1,0,0,2,05-07-2023
S102087,7.31,0,2.9,0,0,0,2022-08-23
S102088,8.71,1,16.2,1,0,1,2022-06-01
S102089,6.02,1,4.3,0,0,0,2022-01-21
S102090,5.78,0,7.2,0,0,1,2021-09-01
S102091,7.62,0,11.6,1,0,0,2021-11-18
S102092,5.9,1,,0,2,1,2021-12-15
S102093,7.53,1,3.5,1,1,0,2022/02/13 18:22:13
S102094,8.51,1,2.1,0,1,0,24/03/2022
S102095,7.49,1,15.9,0,1,0,31/03/2022
S102096,7.32,1,7.9,1,0,0,2022-09-28
S102097,7.75,1,15.3,1,0,0,14/05/2023
S102098,7.35,0,3.4,0,0,0,06/08/2021
S102099,9.79,1,9.2,1,0,0,12/11/2021
S102100,7.56,3,1.0,0,0,2,2021-07-20
S102101,7.59,0,7.0,1,0,0,2021-11-25
S102102,5.69,1,1.0,0,0,0,28/08/2021
S102103,7.61,1,1.0,1,1,0,06/07/2022
S102104,9.07,2,4.4,1,2,0,21/08/2023
S102105,5.9,0,9.5,0,0,0,2023-02-03
S102106,8.54,0,6.8,0,3,0,2021-07-27
S102107,7.93,1,6.6,0,0,0,06/06/2023
S102108,9.99,0,1.8,0,1,2,2022-10-21
S102109,6.17,1,22.4,0,1,0,27/03/2022
S102110,7.26,0,5.1,0,0,0,2021/12/25 13:44:36
S102111,7.95,1,6.2,1,1,1,08/08/2022
S102112,6.78,2,14.3,1,0,1,2021-07-15
S102113,9.06,0,1.5,1,0,1,2022-04-19
S102114,5.36,1,4.1,0,1,0,04/04/2023
S102115,6.76,0,5.0,0,1,0,01-28-2023
S102116,6.72,3,6.3,1,1,0,2022-07-07
S102117,5.3,0,9.5,1,1,1,2023-07-21
S102118,7.07,1,5.7,1,1,0,2022-10-20
S102119,7.44,0,1.0,1,1,0,19/08/2022
S102120,8.19,2,2.1,1,0,0,13/09/2022
S102121,6.86,0,,0,0,1,2021/09/27 10:16:07
S102122,6.66,1,17.2,0,0,0,2021-09-23
S102123,6.09,0,1.0,1,4,0,15/11/2022
S102124,5.92,0,1.7,0,0,2,2022-08-22
S102125,7.69,1,3.7,0,1,0,2023-02-18
S102126,7.77,3,7.4,1,1,1,30/10/2022
S102127,8.16,2,1.8,0,0,0,2022-01-28
S102128,7.24,1,8.2,0,1,0,2023-04-29
S102129,4.11,0,2.4,1,0,1,19/03/2023
S102130,6.45,2,1.7,1,0,1,2023-07-05
S102131,5.13,0,2.3,0,0,1,2022-06-16
S102132,6.14,0,1.9,0,1,1,2023-08-21
S102133,9.14,1,15.9,0,0,0,2022-02-02
S102134,6.23,3,4.4,0,1,0,06-22-2023
S102135,7.1,1,,1,0,0,2021-10-15
S102136,5.63,1,1.2,1,0,0,22/05/2023
S102137,7.04,0,17.1,1,1,0,2022-07-27
S102138,4.79,0,5.9,0,0,0,2021-08-02
S102139,7.1,2,2.2,1,0,0,2021-11-18
S102140,7.62,1,4.8,0,0,1,04-14-2023
S102141,8.67,3,14.6,0,0,0,2022-07-04
S102142,7.98,0,2.8,1,1,0,16/03/2022
S102143,6.42,0,15.0,1,0,0,2022-06-22
S102144,7.65,2,1.0,1,0,0,2023/01/24 05:08:14
S102145,5.12,0,1.0,0,1,0,03/08/2023
S102146,7.75,0,2.1,1,0,0,01/02/2023
S102147,8.2,0,3.8,0,0,0,05-16-2022
S102148,6.07,0,1.3,1,1,0,24/10/2022
S102149,5.83,0,21.6,0,2,1,05/12/2022
S102150,5.0,2,1.0,1,1,1,2022-10-26
S102151,10.0,0,,1,1,0,2022-06-10
S102152,7.93,0,1.8,0,0,1,31/12/2022
S102153,5.32,0,16.5,1,0,0,2022-04-24
S102154,8.57,1,1.5,0,2,0,2022-02-25
S102155,7.2,2,2.6,1,1,0,2023-03-19
S102156,6.6,0,8.4,1,1,0,2021-07-31
S102157,8.09,1,4.1,1,0,0,02/12/2022
S102158,7.49,1,1.5,1,1,1,2023-07-29
S102159,7.51,0,1.1,1,2,0,2022/01/17 04:33:01
S102160,6.16,0,9.7,1,1,0,03-26-2023
S102161,5.05,0,7.8,0,0,0,02-20-2022
S102162,7.44,1,6.4,0,0,0,2023-06-18
S102163,6.87,0,4.4,1,0,1,2023-07-28
S102164,7.6,1,1.0,0,0,0,2022/05/23 06:34:27
S102165,6.78,1,1.0,1,3,0,02-15-2023
S102166,6.43,1,5.2,0,0,0,18/10/2022
S102167,8.46,0,2.0,0,0,2,2022-10-20
S102168,9.63,0,9.2,0,1,0,2021-09-30
S102169,5.7,0,1.0,0,0,0,29/10/2021
S102170,6.09,1,2.4,1,0,0,2022-09-28
S102171,8.82,0,9.6,0,0,1,16/09/2021
S102172,4.28,2,7.6,1,1,0,30/05/2023
S102173,6.69,1,3.0,1,0,1,31/01/2022
S102174,5.72,2,2.8,1,1,0,2022-06-01
S102175,8.45,0,2.9,1,1,2,2023-08-22
S102176,6.97,1,12.0,1,1,0,2022/02/25 16:46:03
S102177,6.59,1,4.9,0,1,0,02/05/2023
S102178,6.48,0,22.3,1,0,0,08/06/2022
S102179,8.54,1,1.3,1,2,0,17/07/2021
S102180,7.98,0,5.1,1,0,0,21/05/2023
S102181,7.49,0,1.0,0,0,0,25/01/2022
S102182,6.91,0,5.0,1,0,0,2023-03-31
S102183,7.42,0,16.5,1,1,0,2022-01-03
S102184,8.23,0,1.2,1,1,0,2023-07-04
S102185,9.45,1,1.0,0,1,1,2022-09-02
S102186,6.79,2,3.2,0,1,0,2021-11-04
S102187,10.0,0,2.7,0,0,1,2022-11-27
S102188,7.25,0,1.0,1,0,0,01-14-2022
S102189,5.71,2,,1,1,0,2022-09-28
S102190,6.66,1,4.6,1,1,0,2021-09-01
S102191,9.24,0,12.7,1,1,0,2023-03-19
S102192,7.27,0,1.0,1,0,1,19/03/2023
S102193,8.14,3,14.1,0,2,0,2021-10-29
S102194,7.43,1,1.0,0,1,0,2022-01-06
S102195,7.23,1,1.5,0,0,0,2022-06-20
S102196,6.25,0,3.2,1,0,1,23/12/2022
S102197,9.18,0,20.8,1,1,0,2023/02/16 21:21:12
S102198,7.48,0,4.8,1,0,0,2022/08/24 00:51:07
S102199,8.02,1,2.4,1,0,0,2022-11-18
S102200,3.5,0,2.3,1,0,0,25/06/2023
S102201,5.99,0,12.7,1,1,0,2022-05-27
S102202,7.87,2,9.1,0,1,0,2023-03-22
S102203,7.0,0,2.5,1,0,2,2022-04-25
S102204,9.2,0,17.0,1,1,0,2021-10-05
S102205,7.06,3,5.4,1,1,0,15/04/2023
S102206,8.53,0,1.2,1,0,1,2021-10-11
S102207,5.3,0,5.8,0,1,0,2022-10-03
S102208,9.9,2,17.1,0,0,0,2021-08-10
S102209,6.23,2,15.0,0,1,0,2023-05-28
S102210,7.04,2,5.8,1,1,0,23/06/2022
S102211,8.5,1,13.9,1,1,1,08/09/2022
S102212,5.72,0,4.5,0,1,0,24/11/2022
S102213,7.75,2,11.0,0,0,0,2021-08-16
S102214,6.89,0,4.5,0,0,1,2023-06-20
S102215,7.64,0,6.1,1,1,1,2021-07-10
S102216,7.6,1,6.2,1,0,0,2023/03/30 20:04:10
S102217,7.11,0,8.1,0,0,0,2023/07/04 16:37:53
S102218,7.27,0,11.4,1,0,0,19/10/2022
S102219,8.59,2,23.1,1,0,1,2022-02-09
S102220,10.0,1,6.4,1,0,0,2022-08-01
S102221,5.96,2,6.3,0,2,1,2022-05-25
S102222,4.21,0,13.2,1,0,1,08-05-2023
S102223,7.53,0,1.0,0,0,0,08/01/2022
S102224,6.27,0,9.7,0,2,0,03-26-2022
S102225,3.5,1,1.9,1,0,0,20/05/2022
S102226,6.64,1,1.0,0,0,0,2022-08-05
S102227,4.8,0,4.5,0,0,0,2022-11-26
S102228,5.09,1,1.0,0,0,1,2022-12-18
S102229,8.23,0,4.5,0,1,1,2023-07-26
S102230,5.25,0,2.5,1,0,2,2023-02-08
S102231,7.1,1,2.2,1,1,0,30/10/2021
S102232,7.17,0,1.0,0,0,1,26/06/2023
S102233,6.17,0,4.6,0,0,1,2022-12-28
S102234,6.85,0,5.7,0,2,0,2022-01-17
S102235,8.72,1,3.1,1,1,0,2022-02-10
S102236,5.49,0,5.5,1,2,0,05/05/2023
S102237,7.65,1,1.0,1,0,1,2022-01-13
S102238,5.72,1,5.5,1,1,0,2023-02-08
S102239,7.61,0,9.1,0,0,0,04-10-2023
S102240,4.72,1,1.7,1,1,0,2022-07-29
S102241,6.36,2,6.0,0,1,0,2021-12-08
S102242,6.49,0,1.2,1,0,0,09/09/2021
S102243,5.55,0,1.0,0,1,0,14/07/2021
S102244,8.61,1,1.6,1,0,0,14/11/2022
S102245,6.95,0,2.0,1,0,0,2023-03-06
S102246,7.37,0,1.0,0,0,1,2022-10-13
S102247,7.54,0,9.9,0,0,0,17/04/2022
S102248,6.18,0,2.8,0,1,0,2021-11-16
S102249,4.67,2,1.5,1,0,0,23/04/2023
S102250,7.29,0,3.8,1,3,0,07-10-2023
S102251,5.86,0,4.5,0,0,0,03-09-2023
S102252,7.44,1,1.4,0,1,0,2022-02-18
S102253,7.57,0,1.0,0,0,0,2021-07-01
S102254,6.75,0,5.5,1,1,1,2021-11-06
S102255,7.06,2,8.4,1,0,1,19/02/2023
S102256,3.5,1,14.4,1,0,0,2022-02-15
S102257,4.84,0,1.7,0,0,0,2023-02-04
S102258,6.33,0,17.8,0,0,0,2022-07-13
S102259,6.72,0,19.3,0,1,0,2023-01-23
S102260,5.12,0,4.1,1,0,0,2022-03-09
S102261,8.11,1,2.5,0,1,1,2021-10-07
S102262,4.0,1,2.6,1,0,1,20/10/2021
S102263,7.03,1,6.2,1,2,0,2022-08-28
S102264,6.03,0,2.3,0,0,0,2021-10-21
S102265,5.95,3,2.9,1,0,0,26/01/2023
S102266,9.32,0,1.0,0,1,0,28/08/2021
S102267,4.67,3,14.2,0,0,0,2021-07-04
S102268,6.25,0,1.4,1,1,1,2023-04-24
S102269,7.12,2,11.2,1,0,1,17/01/2022
S102270,6.91,1,1.8,1,0,0,2021-12-18
S102271,7.59,0,,1,0,0,2022-07-29
S102272,7.31,2,1.0,1,0,2,2023-02-14
S102273,8.21,2,10.8,0,1,0,2022-12-22
S102274,6.55,0,2.5,1,1,0,2021-11-06
S102275,7.29,1,1.3,1,0,1,08-26-2021
S102276,8.9,1,10.3,0,0,2,23/10/2021
S102277,7.43,0,,0,1,1,2021-09-12
S102278,7.96,1,5.3,1,0,1,2022-03-17
S102279,9.28,0,1.9,1,2,0,06/07/2021
S102280,5.43,0,16.6,0,0,0,2021-12-15
S102281,3.5,0,6.1,0,0,0,2021-09-08
S102282,5.63,2,15.9,0,2,1,05/04/2023
S102283,7.19,1,5.4,1,0,0,10-17-2021
S102284,6.7,0,5.6,1,0,0,2022-01-14
S102285,7.82,2,2.4,0,0,0,04/10/2022
S102286,7.58,0,6.9,1,1,0,2022-06-11
S102287,6.94,0,2.0,1,2,1,2022-02-07
S102288,7.75,2,2.3,0,0,1,2022-02-06
S102289,9.93,0,,0,0,0,15/03/2023
S102290,7.14,1,3.3,0,1,0,11/08/2022
S102291,9.98,2,13.7,0,0,0,31/08/2022
S102292,7.06,0,1.4,0,0,0,2022-04-19
S102293,8.35,0,2.7,1,0,2,2023-06-13
S102294,7.18,2,4.7,1,0,0,2023-04-25
S102295,6.38,1,4.2,0,0,0,2022-12-10
S102296,5.38,1,3.7,0,1,0,2022-05-10
S102297,7.06,1,12.0,1,0,0,2022/07/21 01:28:05
S102298,6.22,1,6.5,0,2,0,11/07/2022
S102299,7.53,1,16.2,0,2,0,2023-07-23
S102300,8.75,1,2.1,0,1,0,2023-06-27
S102301,6.75,1,2.6,1,0,0,2023-03-07
S102302,7.8,1,3.8,0,0,1,29/05/2022
S102303,6.79,0,10.0,1,0,0,03/12/2022
S102304,10.0,0,8.7,1,0,0,07/08/2023
S102305,7.87,0,3.5,0,2,0,2022-10-16
S102306,5.52,0,1.0,0,1,0,2022-03-31
S102307,7.9,1,1.1,0,1,1,2021/10/09 05:25:22
S102308,5.69,1,1.8,1,1,0,2023/03/23 02:37:31
S102309,6.5,1,11.0,0,0,0,2023-04-09
S102310,8.6,1,6.2,0,0,0,2022-06-09
S102311,8.06,1,26.0,0,0,0,2022-01-23
S102312,5.15,1,7.0,1,1,0,07-21-2023
S102313,9.04,0,12.6,0,0,1,08/05/2022
S102314,4.18,1,5.2,1,0,0,26/09/2022
S102315,9.61,2,1.1,1,0,0,2021-08-05
S102316,7.72,1,2.6,1,0,1,2022-08-24
S102317,7.41,2,1.0,1,0,0,2022-02-04
S102318,9.2,0,5.0,0,0,0,11-23-2021
S102319,7.69,0,1.4,0,1,1,2022-08-28
S102320,5.92,0,2.5,0,0,1,03/01/2022
S102321,7.67,1,7.0,1,0,0,2022-11-26
S102322,6.62,1,5.2,1,1,0,06-16-2023
S102323,7.39,1,1.2,0,2,1,26/08/2021
S102324,6.52,0,10.5,1,0,1,2023-07-17
S102325,3.51,0,1.9,0,0,0,08-14-2021
S102326,7.62,2,4.2,1,0,0,2021-11-16
S102327,6.65,0,16.6,0,0,1,2023-04-06
S102328,6.67,1,1.0,1,0,0,2022-01-26
S102329,6.29,0,21.5,0,0,1,04-22-2023
S102330,8.73,0,13.6,0,0,0,09-01-2022
S102331,4.95,0,1.6,0,0,0,2021-08-19
S102332,8.98,1,3.1,0,0,0,08/11/2022
S102333,5.95,2,4.1,1,0,1,02/04/2022
S102334,7.69,0,11.7,1,0,0,13/04/2022
S102335,6.19,0,7.9,1,0,2,2022-03-31
S102336,7.15,0,1.2,0,1,1,2022-11-29
S102337,9.51,2,1.0,0,0,0,16/07/2022
S102338,8.23,1,19.4,1,0,1,2021-07-16
S102339,7.75,1,,0,0,0,2022-03-29
S102340,5.53,0,19.0,0,1,1,09/07/2021
S102341,3.5,1,9.8,1,0,0,2023-06-10
S102342,7.71,1,22.4,1,1,0,2021/12/29 20:11:12
S102343,9.75,1,1.0,0,1,0,2021-08-21
S102344,8.71,0,2.6,0,0,0,2022/10/18 15:58:40
S102345,8.13,0,9.2,0,1,0,2023-03-22
S102346,4.72,0,2.4,0,1,0,2023-03-01
S102347,6.52,1,10.6,1,0,0,2023-04-15
S102348,7.43,2,2.3,0,1,0,24/01/2022
S102349,7.27,0,8.9,1,0,1,12/12/2021
S102350,7.89,0,4.9,0,0,0,2022-04-10
S102351,6.77,0,7.3,0,0,1,2021-07-18
S102352,9.62,1,4.1,0,0,0,12/09/2021
S102353,5.05,2,5.9,0,0,1,2022-02-27
S102354,6.08,0,2.3,0,0,0,04/07/2022
S102355,6.37,1,1.4,0,0,0,2023-03-03
S102356,8.1,0,1.1,0,3,1,04/07/2023
S102357,6.41,0,2.2,0,0,0,08/05/2023
S102358,8.48,0,10.1,0,0,2,2023/04/13 01:21:14
S102359,7.28,2,3.9,0,2,0,19/05/2022
S102360,7.53,0,3.6,0,0,0,2022-09-19
S102361,5.85,1,12.4,1,0,1,2023-07-10
S102362,10.0,0,3.3,0,1,2,14/08/2023
S102363,5.91,2,2.7,1,0,0,2023-01-04
S102364,8.54,1,13.1,0,0,0,02-23-2022
S102365,8.09,0,8.0,1,0,1,26/06/2022
S102366,7.12,0,13.7,1,1,0,2021-09-06
S102367,8.39,3,15.7,1,1,0,2023-07-01
S102368,8.25,0,7.2,0,0,0,2022-08-11
S102369,8.03,1,1.0,1,0,1,2023-06-04
S102370,7.85,0,11.0,0,0,1,2023-08-09
S102371,6.88,2,2.5,1,0,1,2023-01-13
S102372,7.53,0,14.4,1,0,0,2022-09-06
S102373,7.76,1,11.7,0,0,0,2021-11-09
S102374,8.28,0,1.0,0,0,0,2021-09-16
S102375,9.6,1,6.8,0,1,0,2023-01-18
S102376,7.88,1,1.8,0,2,1,2021-10-13
S102377,7.09,0,1.0,1,2,1,14/07/2022
S102378,5.07,0,1.9,1,1,1,2022-10-06
S102379,9.77,4,5.9,1,0,0,2022-11-12
S102380,7.83,1,1.0,1,0,2,29/05/2022
S102381,8.02,1,1.0,0,2,0,2022/09/23 11:38:43
S102382,6.65,0,1.0,1,1,0,2022-09-13
S102383,4.41,0,21.8,0,2,2,2022-05-15
S102384,5.24,1,9.3,0,0,0,2021-11-05
S102385,5.86,0,5.2,1,1,0,2023-03-24
S102386,8.14,0,5.1,1,3,0,08-28-2021
S102387,4.75,0,4.0,1,1,1,27/08/2022
S102388,8.41,1,42.8,0,2,0,31/08/2022
S102389,8.08,1,1.0,1,1,0,2022-12-30
S102390,6.18,1,4.9,1,1,0,27/01/2022
S102391,8.31,0,1.3,0,0,0,2022-05-16
S102392,5.66,0,4.1,0,1,0,2023-03-05
S102393,5.99,1,3.5,0,1,0,2023-04-10
S102394,5.89,0,6.4,1,0,0,2022-03-03
S102395,5.61,0,1.8,0,0,0,2022-11-16
S102396,5.68,1,2.2,1,1,1,16/10/2021
S102397,6.72,1,1.8,1,0,1,2023-01-03
S102398,7.65,1,2.6,1,1,0,2023-05-21
S102399,5.34,3,3.6,0,1,0,2022-06-15
S102400,7.02,0,1.0,0,0,0,2023-08-15
S102401,3.77,0,1.0,1,1,0,17/03/2022
S102402,7.1,1,1.5,0,2,0,02/04/2023
S102403,6.9,0,1.4,1,1,0,13/01/2022
S102404,5.79,0,1.7,0,1,1,2021-11-13
S102405,8.92,0,1.9,0,2,0,09/07/2022
S102406,6.51,0,12.8,0,0,0,02-02-2023
S102407,5.86,0,7.2,0,0,0,2022-07-02
S102408,7.28,1,24.1,0,0,0,2023-08-24
S102409,6.92,0,6.8,0,2,1,08-31-2021
S102410,5.99,2,3.3,0,1,1,2023-05-17
S102411,5.74,2,1.0,0,1,1,2023-01-16
S102412,5.41,1,1.7,1,0,0,2023-07-01
S102413,9.05,0,1.0,0,1,1,2023-03-13
S102414,6.84,0,14.1,1,0,2,2022-01-10
S102415,9.06,0,12.9,0,1,0,2022-12-01
S102416,7.91,0,1.2,1,0,1,26/01/2022
S102417,5.43,0,2.0,1,1,0,2022-02-28
S102418,7.13,1,7.0,1,0,0,01/10/2021
S102419,8.42,2,4.4,1,0,0,2023-03-09
S102420,8.51,3,1.1,1,1,1,2022/03/06 04:40:21
S102421,4.83,0,1.0,0,0,0,2022/08/07 05:13:14
S102422,8.64,0,5.7,0,1,1,22/07/2023
S102423,6.62,1,2.6,0,1,0,01-12-2023
S102424,7.48,0,2.5,1,0,0,20/07/2022
S102425,7.68,1,4.6,1,0,0,09-17-2022
S102426,8.08,1,5.1,0,0,0,2022-07-10
S102427,6.24,0,11.6,0,0,0,2022-10-03
S102428,10.0,1,1.0,1,1,0,06/11/2022
S102429,5.8,0,8.7,0,2,0,2023-03-20
S102430,5.48,0,12.5,1,1,0,18/05/2023
S102431,5.48,1,3.2,0,0,1,11-29-2022
S102432,6.44,0,1.0,1,1,0,2022-10-08
S102433,5.88,0,4.1,1,0,0,12/03/2022
S102434,6.3,1,20.5,0,0,0,2022-05-13
S102435,9.28,2,3.1,1,0,0,2023-06-29
S102436,6.11,3,2.0,1,1,0,2023-03-04
S102437,6.06,1,1.0,0,1,1,2022-06-30
S102438,5.49,0,1.1,0,1,0,2021-08-14
S102439,5.91,1,2.8,0,0,2,2023-02-01
S102440,6.08,0,11.2,0,1,1,2022-12-10
S102441,6.65,0,12.3,1,0,1,10/10/2022
S102442,7.53,0,2.2,0,0,0,04/05/2023
S102443,7.33,0,1.4,0,2,0,2023-07-21
S102444,8.66,1,15.6,0,0,0,2023-02-12
S102445,8.34,1,6.8,1,0,0,10-14-2021
S102446,6.35,1,5.8,0,0,0,28/09/2022
S102447,8.64,0,11.5,0,2,2,2022-01-11
S102448,7.52,4,6.5,1,0,0,2023-02-12
S102449,7.22,1,6.1,0,0,0,30/05/2022
S102450,3.84,0,16.6,1,0,0,23/12/2022
S102451,7.47,2,8.1,1,1,0,2022-10-01
S102452,6.07,0,2.6,1,1,0,2022-12-03
S102453,4.9,0,2.4,1,0,0,2021-12-15
S102454,6.74,1,6.4,1,0,1,20/10/2021
S102455,8.05,1,17.7,1,0,0,2022-07-09
S102456,5.39,1,7.7,1,1,0,2021-12-16
S102457,7.74,1,6.2,0,1,0,2023-02-18
S102458,7.72,0,13.5,1,0,0,2023/01/24 02:59:42
S102459,7.95,1,1.6,0,1,1,08/08/2021
S102460,7.21,1,12.1,0,0,0,04/01/2023
S102461,6.77,1,1.0,0,1,0,13/08/2023
S102462,8.11,3,1.0,0,2,0,2021-12-10
S102463,7.26,1,4.3,1,0,0,10-28-2022
S102464,6.94,0,1.9,0,1,0,2022-09-06
S102465,7.16,3,2.4,1,1,1,29/03/2022
S102466,6.53,2,12.3,1,1,0,2021-08-02
S102467,7.7,3,2.9,1,1,0,2022-12-19
S102468,9.37,2,5.8,0,0,0,2022-10-01
S102469,6.94,1,14.2,0,0,0,03/04/2022
S102470,7.55,0,16.8,0,1,0,21/07/2022
S102471,5.79,2,1.0,0,1,0,2023-04-07
S102472,7.36,0,18.0,1,1,0,2022-07-28
S102473,5.42,0,2.3,1,1,0,01-04-2022
S102474,8.03,0,1.0,0,1,0,2021-08-05
S102475,6.97,0,2.3,0,1,0,05/05/2022
S102476,6.0,2,13.0,1,0,0,02/08/2022
S102477,5.52,2,1.0,1,1,0,2022-03-08
S102478,7.77,2,1.0,1,1,1,2021-09-11
S102479,7.69,0,4.7,0,0,0,2022-03-19
S102480,7.28,1,7.3,1,0,0,2023-04-28
S102481,5.03,3,1.0,1,0,1,2022-05-26
S102482,4.1,2,1.2,1,2,0,2022-09-30
S102483,4.89,0,3.8,0,0,0,2023-06-07
S102484,6.21,1,5.7,0,1,0,03/06/2023
S102485,7.39,0,1.0,0,1,0,29/07/2023
S102486,5.49,0,17.3,0,1,0,2022-06-21
S102487,7.39,0,11.8,1,0,1,2023-04-14
S102488,6.77,2,15.4,1,0,2,2023-06-20
S102489,6.94,1,2.6,1,0,0,2022-12-05
S102490,6.29,0,2.4,0,0,0,08/10/2021
S102491,5.99,0,3.5,0,0,0,2022-11-17
S102492,7.81,0,6.0,1,1,0,16/01/2023
S102493,9.38,1,3.0,0,1,1,2022-09-27
S102494,7.13,0,1.4,1,0,0,20/08/2021
S102495,5.8,0,1.5,1,1,0,2022-12-02
S102496,6.93,1,5.7,1,0,0,21/02/2023
S102497,7.05,0,1.0,0,2,0,02-12-2023
S102498,5.03,1,4.1,0,1,1,24/11/2021
S102499,7.6,1,11.5,0,1,1,11/03/2023
S102500,5.33,2,15.3,1,1,0,2023-06-12
S102501,7.44,3,1.8,1,1,1,10-08-2022
S102502,8.09,0,3.8,1,0,0,2022-06-20
S102503,6.65,1,15.8,1,1,0,2022-07-06
S102504,8.82,0,3.2,0,2,0,2023-05-06
S102505,7.02,0,1.1,1,0,1,2021/12/23 07:55:30
S102506,6.99,1,2.3,0,0,0,09-20-2022
S102507,5.07,0,50.0,1,0,0,06-06-2023
S102508,6.29,0,1.0,1,1,0,22/05/2022
S102509,7.83,0,6.6,0,0,0,2021-08-31
S102510,8.98,1,3.9,0,1,0,01-28-2022
S102511,6.61,0,8.2,0,0,0,2021/08/26 14:04:44
S102512,5.95,1,11.1,0,1,0,2023-08-26
S102513,5.44,1,12.1,0,1,0,2022-03-22
S102514,8.3,0,2.4,0,1,0,24/04/2023
S102515,6.5,0,2.0,1,0,1,2022/06/07 21:00:40
S102516,4.6,0,4.5,0,0,1,01-12-2023
S102517,5.36,0,1.0,0,1,0,05-18-2023
S102518,8.14,0,1.0,0,1,0,02-20-2023
S102519,7.31,0,1.8,1,1,1,08-13-2022
S102520,7.55,1,2.6,1,0,0,11/09/2022
S102521,6.35,0,6.6,1,0,0,03/06/2022
S102522,9.28,0,3.9,0,0,0,2023-02-06
S102523,7.79,1,1.0,0,1,0,04/08/2021
S102524,5.77,1,5.7,0,0,0,2022-09-21
S102525,5.12,0,5.8,1,3,0,07-02-2022
S102526,7.44,1,3.3,0,0,0,2021-12-07
S102527,5.88,0,15.1,0,4,0,2022-03-24
S102528,7.35,0,16.4,0,1,0,2021-12-16
S102529,8.97,1,1.0,1,0,0,26/10/2022
S102530,5.83,1,1.0,1,1,0,2021-10-15
S102531,10.0,2,6.5,1,1,1,2022-05-31
S102532,8.08,0,1.5,0,0,1,2022-04-07
S102533,8.26,0,15.3,1,1,0,2022-10-04
S102534,5.84,0,7.4,0,3,0,2023-04-06
S102535,6.37,3,1.0,1,0,0,2021-10-12
S102536,6.87,1,4.2,1,0,0,2021-12-07
S102537,6.39,0,3.3,1,0,0,2022-05-22
S102538,5.01,1,7.1,1,0,1,2021-08-12
S102539,5.84,0,2.8,1,0,0,2023-01-29
S102540,9.41,1,1.3,0,1,0,04-03-2023
S102541,8.45,0,1.0,0,0,0,2023-03-01
S102542,6.46,1,2.6,1,2,0,2023-06-29
S102543,9.56,2,7.3,1,1,0,2022-02-15
S102544,7.37,2,7.9,0,0,0,2021-07-17
S102545,5.07,3,1.0,1,0,0,2022-02-11
S102546,6.41,1,1.0,0,1,0,2023-08-21
S102547,7.96,1,14.1,0,1,0,11/07/2021
S102548,5.85,0,11.3,0,3,0,07/02/2023
S102549,7.28,1,1.4,1,0,1,2022-01-02
S102550,6.23,0,1.6,1,1,0,25/01/2023
S102551,7.84,2,1.0,1,0,0,2023-02-17
S102552,8.29,0,7.0,0,0,1,01-12-2023
S102553,6.7,0,7.9,1,1,0,2023-03-13
S102554,5.11,1,20.9,1,0,0,05/07/2023
S102555,4.39,0,4.8,1,0,0,2022-06-12
S102556,6.6,1,5.0,0,1,1,02-16-2023
S102557,8.31,0,8.7,0,1,0,2021-09-05
S102558,5.07,2,9.2,0,1,0,2022-04-23
S102559,7.64,0,1.5,0,1,0,17/07/2023
S102560,7.9,0,6.3,1,3,1,2022-08-20
S102561,7.81,0,1.0,1,2,0,23/06/2023
S102562,5.34,0,8.0,0,1,0,31/12/2022
S102563,6.73,0,4.4,0,3,1,2022-07-20
S102564,8.44,1,3.9,1,1,0,2023-04-06
S102565,7.32,0,10.8,0,0,0,2023-08-11
S102566,9.16,0,6.0,0,0,0,20/11/2022
S102567,7.25,0,2.3,1,0,0,2021-12-05
S102568,7.93,1,1.6,1,2,0,2021-09-21
S102569,7.32,1,5.5,1,0,0,2023/07/26 12:17:20
S102570,8.67,0,3.3,0,0,0,2021-12-08
S102571,5.76,1,1.0,0,1,0,2022/08/25 18:51:17
S102572,7.68,1,5.8,1,0,1,27/04/2022
S102573,8.13,0,1.7,1,0,0,2022-12-20
S102574,8.59,1,1.6,1,0,0,2022-12-01
S102575,6.81,1,5.6,0,1,2,16/11/2021
S102576,7.52,0,2.2,0,0,0,2021-09-18
S102577,6.48,2,8.2,0,0,0,2021-10-08
S102578,8.44,0,2.3,0,0,0,2023-07-30
S102579,8.45,0,3.7,0,0,2,19/03/2023
S102580,5.28,1,3.2,1,0,0,07/08/2022
S102581,7.2,1,1.0,1,0,0,2021-07-12
S102582,7.01,1,8.8,1,0,0,2022-01-13
S102583,9.31,2,5.7,1,0,0,08/03/2022
S102584,7.52,2,12.0,1,2,0,2022/10/13 00:32:41
S102585,10.0,0,6.4,1,0,0,2022-07-11
S102586,6.6,0,5.4,1,0,1,2023-07-14
S102587,5.27,1,2.9,1,1,0,06-28-2022
S102588,6.22,0,6.0,1,0,0,11/06/2023
S102589,8.74,0,4.6,0,1,0,24/02/2023
S102590,7.33,0,1.0,0,0,0,09-14-2022
S102591,8.44,0,5.9,0,0,0,15/04/2023
S102592,5.88,1,1.0,1,0,0,2023-04-26
S102593,7.14,2,1.0,1,1,0,24/10/2021
S102594,7.51,0,2.2,1,0,0,12/06/2023
S102595,6.43,1,13.6,0,3,0,2023/04/03 20:32:02
S102596,6.91,0,9.6,0,0,0,2022-07-29
S102597,9.45,0,3.7,0,1,0,2022-05-21
S102598,7.98,1,5.7,1,0,1,08/04/2022
S102599,9.64,0,1.2,0,0,0,2021-12-18
S102600,6.33,1,6.4,0,0,0,2022-10-12
S102601,9.71,0,2.3,0,0,1,10-22-2021
S102602,6.43,2,3.8,1,0,0,2022-10-12
S102603,5.04,1,5.5,1,1,1,16/10/2021
S102604,6.59,1,9.1,1,3,1,03-16-2023
S102605,6.92,1,4.9,0,1,0,2022-12-12
S102606,5.86,3,16.6,1,1,0,2022/02/04 16:47:29
S102607,4.62,0,5.1,1,0,0,24/07/2023
S102608,7.58,0,1.5,0,0,0,2021-09-03
S102609,8.65,2,5.1,1,0,0,2021-08-12
S102610,7.98,3,11.5,0,1,0,2021/12/22 11:24:21
S102611,6.63,0,4.4,1,1,0,2022-03-10
S102612,8.84,1,24.8,1,1,0,2022-06-18
S102613,10.0,2,1.5,0,1,0,2023-06-23
S102614,5.81,0,1.0,0,0,0,2022-11-19
S102615,9.08,0,4.4,0,0,0,2022-11-22
S102616,10.0,0,5.8,1,0,0,2022/10/31 23:30:41
S102617,8.42,0,1.0,1,0,0,04-29-2022
S102618,9.74,1,1.0,1,1,1,2022-06-23
S102619,7.48,1,1.0,0,0,1,2023-06-14
S102620,7.62,2,13.2,1,1,0,01/08/2021
S102621,7.18,0,2.4,1,0,0,2023-04-21
S102622,8.12,0,5.8,1,0,0,16/10/2022
S102623,10.0,0,9.0,1,0,0,11-30-2022
S102624,5.92,2,19.6,0,0,0,12-10-2022
S102625,8.56,0,3.2,1,1,0,2023-05-29
S102626,6.89,1,8.2,1,1,0,2023-05-09
S102627,6.29,0,9.9,1,0,0,2023-01-11
S102628,8.39,1,1.0,1,0,0,2022-09-21
S102629,6.0,1,7.6,1,0,0,2022-07-18
S102630,4.85,1,8.3,0,0,0,06-27-2022
S102631,5.57,1,1.0,1,2,1,08-09-2023
S102632,6.34,1,4.0,0,0,0,2021/07/27 01:06:37
S102633,7.08,0,2.7,0,0,0,11-21-2022
S102634,7.05,0,1.5,1,1,0,2021-10-29
S102635,3.5,0,14.4,1,0,0,28/10/2022
S102636,7.41,1,1.0,1,0,0,2023-05-31
S102637,5.43,1,10.3,0,0,0,2022-11-03
S102638,5.16,0,12.3,0,0,0,2022-10-21
S102639,6.94,0,1.7,0,3,0,18/07/2021
S102640,7.33,0,2.2,1,1,0,10/05/2023
S102641,5.43,1,6.1,1,1,1,2021-08-21
S102642,7.67,1,9.2,0,0,0,2021-12-01
S102643,7.27,0,,0,1,1,2023-02-10
S102644,8.02,0,1.0,0,0,0,2022-09-18
S102645,7.62,2,10.6,0,0,0,2022-10-05
S102646,9.31,0,1.0,1,0,0,22/02/2023
S102647,7.3,1,1.0,1,1,0,11/11/2022
S102648,7.76,1,6.1,1,0,0,2022-09-07
S102649,8.03,0,6.8,0,2,0,09/08/2021
S102650,7.64,1,9.0,1,0,0,2022-12-07
S102651,6.84,1,2.6,0,2,1,2021/10/03 16:55:35
S102652,10.0,0,23.5,0,1,1,2021-10-27
S102653,8.49,0,1.6,0,0,0,28/11/2021
S102654,6.51,0,2.1,0,1,1,06-13-2022
S102655,7.54,0,3.7,0,1,0,09-12-2022
S102656,5.62,2,12.6,0,0,0,2023-01-12
S102657,7.33,0,13.9,0,0,0,12/02/2022
S102658,5.79,0,13.1,1,0,0,2021-11-25
S102659,5.39,0,10.8,0,1,0,2022-03-10
S102660,5.93,0,6.1,1,1,0,2022-09-21
S102661,5.7,1,2.4,0,0,0,07-07-2021
S102662,8.45,3,1.0,0,0,0,09-15-2021
S102663,7.35,0,1.2,0,1,0,2023-01-05
S102664,6.1,1,1.0,0,1,0,2021-09-26
S102665,7.99,0,4.2,1,0,1,2023/08/15 13:48:09
S102666,5.63,0,1.0,0,1,1,2021-07-10
S102667,8.33,1,19.3,0,0,0,2022-01-06
S102668,6.1,0,11.1,0,0,0,2021-11-24
S102669,6.24,0,1.0,1,0,0,04/01/2022
S102670,6.6,1,18.6,0,0,1,2022-08-09
S102671,8.87,2,3.0,1,2,0,07/06/2023
S102672,5.81,0,3.3,0,1,1,2022-03-03
S102673,9.79,2,8.6,1,0,0,2021-11-01
S102674,4.18,0,48.8,0,2,0,2021-08-12
S102675,7.19,1,3.4,0,2,0,2022-10-06
S102676,5.54,1,1.5,1,1,0,2022-07-17
S102677,5.54,0,3.7,0,1,1,2021-08-17
S102678,7.6,0,18.9,0,1,0,30/03/2022
S102679,5.1,0,1.0,0,0,0,2021-12-31
S102680,7.82,0,5.6,1,1,1,24/10/2021
S102681,6.66,0,19.9,1,1,0,2021/10/24 05:32:31
S102682,5.3,1,26.3,1,0,0,31/12/2022
S102683,8.07,1,1.0,0,2,0,2021/10/14 20:03:40
S102684,5.86,1,4.1,1,0,2,2023-03-21
S102685,6.91,2,1.7,1,0,1,2022-07-19
S102686,6.19,0,1.6,0,1,1,07-25-2021
S102687,7.87,3,1.0,1,0,0,02-02-2022
S102688,5.83,1,1.4,1,0,0,06-02-2023
S102689,5.52,0,2.1,0,0,1,15/12/2022
S102690,7.76,0,3.7,1,0,0,27/01/2022
S102691,5.81,2,1.1,0,1,0,2021-07-26
S102692,6.43,0,1.0,0,1,0,16/11/2022
S102693,7.16,1,3.1,0,0,0,2022-12-31
S102694,7.25,1,3.0,1,3,1,2022-02-14
S102695,4.82,0,7.1,1,0,0,2023-04-21
S102696,4.75,0,1.4,0,3,0,2023-07-18
S102697,6.48,1,8.4,0,1,0,2022-05-19
S102698,5.33,1,10.7,0,0,1,29/01/2023
S102699,5.59,1,16.3,1,1,0,05-27-2022
S102700,6.64,0,1.0,1,1,0,29/07/2021
S102701,6.26,0,32.1,0,0,1,2022-10-08
S102702,8.92,0,4.7,0,1,1,2023/01/01 16:47:12
S102703,8.92,1,4.0,0,3,1,2022-11-16
S102704,6.09,0,1.0,0,0,0,20/07/2021
S102705,4.66,1,2.3,1,1,2,2022-06-24
S102706,7.64,1,4.3,0,0,1,2022-10-12
S102707,4.17,0,6.7,1,2,0,2021-11-21
S102708,4.14,0,1.3,0,0,0,26/07/2023
S102709,7.01,1,10.0,1,2,0,2022-11-22
S102710,6.34,0,2.3,1,0,0,2022-10-25
S102711,7.42,1,5.3,0,1,0,2022-10-18
S102712,5.43,0,1.8,0,2,1,2022-05-24
S102713,9.06,0,6.3,0,1,1,14/08/2021
S102714,6.03,1,2.6,1,0,0,2021-08-24
S102715,6.11,0,7.7,1,0,0,2021-12-23
S102716,8.59,1,1.2,1,2,1,2023-02-04
S102717,5.87,0,6.3,0,1,0,2022-03-14
S102718,6.36,0,6.8,0,0,0,2023-07-16
S102719,6.35,1,7.9,1,1,0,16/01/2022
S102720,6.48,0,2.3,1,1,1,2023-05-28
S102721,6.75,1,2.2,0,0,0,2022-02-19
S102722,4.78,1,1.0,1,1,0,2023-05-30
S102723,7.03,2,1.4,1,0,1,2023-01-28
S102724,6.22,2,2.9,1,1,0,2021-08-06
S102725,7.33,0,1.0,0,1,0,2021-12-03
S102726,5.92,1,8.0,1,0,0,2022-04-17
S102727,7.85,0,1.0,0,2,0,2023-02-03
S102728,7.29,1,11.0,1,2,0,07-27-2023
S102729,8.01,1,1.0,0,0,0,03/05/2022
S102730,8.39,1,1.4,1,0,1,05/02/2023
S102731,9.28,1,12.7,0,0,1,2022-12-10
S102732,7.33,0,9.6,0,1,0,20/12/2022
S102733,9.76,1,5.5,0,1,0,08-08-2021
S102734,6.75,1,1.0,0,0,0,28/08/2023
S102735,7.0,1,5.9,0,1,0,2023-03-17
S102736,6.95,0,,1,0,0,2022-05-01
S102737,8.6,0,1.2,1,2,1,2021-07-28
S102738,7.55,0,4.6,0,0,0,2023-07-01
S102739,5.69,1,8.7,1,0,1,2022-01-20
S102740,6.69,1,8.6,1,0,0,02-25-2022
S102741,3.54,1,2.6,1,0,1,16/01/2023
S102742,6.6,1,7.8,1,1,2,2022-07-03
S102743,5.13,0,1.0,1,4,0,2021-07-09
S102744,8.07,1,24.3,0,0,0,2021-09-07
S102745,8.19,0,14.8,0,1,0,2022-11-06
S102746,7.6,1,17.5,0,1,0,2022-04-30
S102747,6.24,1,17.0,1,1,0,2021-11-09
S102748,8.84,1,7.1,1,0,0,2022-11-30
S102749,7.95,1,4.2,1,0,0,2023/03/04 21:14:40
S102750,8.01,0,1.0,1,0,0,2021-08-22
S102751,5.06,2,8.5,1,0,1,2022-05-21
S102752,6.49,2,1.0,1,0,0,2022-06-27
S102753,4.12,0,6.2,0,1,0,2023-04-27
S102754,7.12,3,1.7,1,1,0,2021-07-28
S102755,5.59,0,18.9,0,0,0,01/04/2023
S102756,7.3,0,3.6,0,1,1,2023-05-22
S102757,7.31,3,4.2,1,1,0,2022-07-12
S102758,6.64,0,48.4,0,0,0,14/08/2023
S102759,10.0,0,1.0,1,1,0,2023-02-20
S102760,6.82,1,9.4,1,1,0,2022-02-10
S102761,6.31,0,14.8,0,1,0,2022-02-02
S102762,8.17,0,6.4,1,0,0,10/08/2022
S102763,7.03,0,1.2,0,0,1,2021-09-06
S102764,9.46,0,1.0,0,2,0,2022-04-05
S102765,8.2,1,6.5,0,2,0,01/06/2022
S102766,4.18,1,15.9,1,0,0,2022-03-28
S102767,7.14,3,5.8,0,1,2,2022-01-28
S102768,5.66,1,17.1,1,1,0,2021-12-12
S102769,4.71,0,1.2,1,1,0,21/08/2023
S102770,8.73,0,1.1,0,0,0,10-05-2021
S102771,5.97,1,5.9,1,0,0,2023/03/09 05:40:38
S102772,6.82,1,4.6,1,0,0,11-04-2022
S102773,8.26,0,13.4,0,0,0,06/12/2021
S102774,7.33,0,1.7,0,0,2,15/10/2022
S102775,6.1,3,4.5,1,2,0,18/10/2022
S102776,3.78,0,12.1,1,0,0,2023-08-01
S102777,6.68,0,11.6,1,0,0,2022-02-17
S102778,4.59,3,6.7,1,1,0,2022-03-09
S102779,5.21,3,5.7,1,0,0,2023-08-05
S102780,6.48,1,7.7,0,0,0,17/03/2022
S102781,6.18,1,5.3,1,0,1,2022-01-12
S102782,4.61,0,6.5,1,2,1,2023-04-19
S102783,6.57,1,3.6,1,0,0,2023-04-13
S102784,7.23,1,18.6,0,0,1,05-26-2022
S102785,7.42,1,1.0,0,2,0,07/06/2022
S102786,8.19,3,7.6,1,2,0,2022-08-19
S102787,6.36,0,13.0,0,0,0,2023-08-25
S102788,6.69,0,1.0,0,0,0,2021-12-19
S102789,5.89,3,18.2,1,0,1,2021-07-04
S102790,5.93,1,1.2,1,2,0,2021-11-09
S102791,6.47,1,9.5,0,0,0,25/08/2023
S102792,8.23,0,1.4,0,1,0,2023-04-03
S102793,7.8,0,3.7,0,0,0,2022-12-27
S102794,5.51,2,1.6,1,0,0,2021-07-09
S102795,8.35,1,2.8,0,2,0,2023-04-16
S102796,6.87,1,2.9,1,0,0,2022-07-15
S102797,4.56,0,6.4,1,2,0,2022-11-05
S102798,8.43,0,13.2,0,2,2,2021-09-10
S102799,6.45,1,1.9,1,0,0,04/11/2022
S102800,6.63,1,3.4,0,0,0,2023-01-10
S102801,7.61,0,26.8,0,2,0,2022-10-04
S102802,6.14,0,2.1,1,1,0,2022-05-06
S102803,4.2,0,6.8,1,0,0,31/08/2021
S102804,7.49,1,1.0,0,0,0,2022-07-11
S102805,7.33,1,1.0,0,0,0,23/07/2023
S102806,8.27,0,4.9,1,1,1,11-02-2021
S102807,6.19,1,11.0,0,0,0,2021-11-07
S102808,6.42,1,9.0,1,2,1,25/07/2022
S102809,6.28,1,2.6,1,0,0,21/04/2022
S102810,6.55,0,19.7,1,0,0,2023-01-23
S102811,10.0,1,,0,1,0,18/11/2022
S102812,7.13,1,4.0,1,2,0,2023-04-23
S102813,7.41,2,14.8,1,0,0,2022-10-05
S102814,8.05,0,3.8,0,0,0,10/10/2022
S102815,7.83,0,2.1,0,0,0,03/01/2023
S102816,8.63,1,6.2,1,0,0,12-05-2022
S102817,10.0,2,8.9,0,1,0,2021-07-31
S102818,6.89,2,21.6,0,2,0,2023-01-27
S102819,6.15,1,1.5,1,1,0,2023-05-14
S102820,6.55,1,4.7,0,1,0,2022-12-22
S102821,6.75,1,5.6,1,2,0,2023-08-15
S102822,6.72,2,1.0,0,0,0,2023-08-01
S102823,5.25,0,1.8,0,1,1,2023-03-21
S102824,5.22,0,1.0,0,1,0,2022-10-16
S102825,6.26,1,12.1,0,0,1,2022-08-04
S102826,7.9,0,3.1,0,1,0,2023/03/18 12:33:11
S102827,7.7,0,1.9,0,0,2,17/02/2023
S102828,7.68,0,,0,0,0,2023-03-11
S102829,6.68,0,3.9,0,0,0,02-12-2023
S102830,10.0,0,4.2,1,0,0,11/11/2022
S102831,8.74,0,18.1,1,0,0,11-20-2021
S102832,7.55,1,9.9,1,0,0,2023-07-23
S102833,4.18,1,4.8,1,1,1,2022-10-12
S102834,7.87,2,1.0,1,2,0,01-25-2023
S102835,6.74,0,,1,2,0,2023-05-24
S102836,6.95,0,11.5,1,1,1,07-22-2021
S102837,8.03,1,2.2,0,1,2,11/08/2023
S102838,4.81,1,6.8,1,0,0,2023/03/09 02:18:01
S102839,7.07,0,8.4,0,2,0,2022-06-15
S102840,8.43,0,15.0,1,0,1,2021-07-19
S102841,6.31,1,4.7,0,2,0,2022-10-18
S102842,6.56,0,11.4,1,0,0,2023/04/15 01:32:01
S102843,7.04,1,5.8,1,0,0,2022-12-09
S102844,8.13,1,1.0,1,0,0,2023-04-09
S102845,8.45,1,11.7,0,1,1,2023-03-10
S102846,8.34,1,5.8,0,0,0,2023-06-06
S102847,6.28,0,3.4,1,0,0,2021-11-07
S102848,5.5,2,1.0,0,1,1,2023-01-15
S102849,6.92,2,2.0,1,1,1,26/04/2023
S102850,7.52,0,1.0,1,0,0,2021-09-20
S102851,7.8,0,8.4,0,0,0,01-13-2023
S102852,5.26,2,4.9,0,0,0,05/05/2022
S102853,5.38,2,9.2,1,0,0,20/12/2022
S102854,8.11,0,5.7,0,2,0,05/08/2023
S102855,8.01,2,5.6,0,0,1,2022-08-30
S102856,6.97,1,8.2,1,0,1,2022-06-29
S102857,3.76,0,1.0,0,0,1,27/03/2022
S102858,4.48,2,1.0,1,1,0,2022-12-03
S102859,8.24,0,20.4,0,0,0,2022-08-10
S102860,6.98,0,5.8,1,1,1,2023-04-22
S102861,6.83,2,,1,0,0,16/08/2023
S102862,4.98,1,,0,0,0,2022-11-27
S102863,5.71,0,1.8,1,1,0,2021-07-05
S102864,6.48,1,4.2,1,0,0,2022-05-17
S102865,8.06,1,18.0,1,0,1,2021/11/06 12:23:51
S102866,7.93,0,8.0,1,0,0,2023-05-07
S102867,6.76,1,9.5,0,0,0,21/01/2023
S102868,8.57,0,5.4,0,2,0,2022-10-07
S102869,7.41,0,2.9,0,0,0,22/02/2023
S102870,9.56,0,2.1,0,0,0,2022-09-23
S102871,9.24,0,1.0,0,1,0,05/12/2021
S102872,7.29,0,1.2,1,0,1,2023-04-22
S102873,4.96,0,5.7,1,2,0,2021-10-07
S102874,5.46,0,8.7,0,2,1,06/11/2022
S102875,7.31,2,,1,0,2,09/10/2022
S102876,5.84,0,1.0,0,1,0,07/07/2023
S102877,8.59,0,1.0,0,1,0,12-13-2021
S102878,5.14,2,1.0,0,0,0,2022-09-29
S102879,8.11,0,9.6,0,1,3,01-30-2022
S102880,4.14,0,1.0,0,2,0,2023-06-30
S102881,6.38,0,4.4,0,2,0,15/11/2022
S102882,8.19,1,2.2,1,0,0,2021-09-20
S102883,7.12,0,16.1,1,0,2,2022-01-06
S102884,4.06,0,3.0,1,1,1,2023-02-24
S102885,7.25,1,2.5,1,0,0,2022-05-04
S102886,7.07,1,6.4,0,0,0,2021-07-23
S102887,9.07,1,1.0,1,0,0,2022-07-15
S102888,8.23,1,15.1,0,3,1,2023-04-22
S102889,7.74,0,4.0,1,1,1,2023-05-11
S102890,7.55,0,5.0,1,0,0,2023-03-25
S102891,8.4,0,2.9,0,1,0,2022-12-30
S102892,7.18,0,19.9,0,2,1,2023-03-29
S102893,8.26,1,2.4,1,0,1,2022-12-02
S102894,5.93,2,2.9,1,0,0,29/01/2022
S102895,9.38,2,2.4,1,2,1,09-07-2021
S102896,7.6,1,3.3,1,2,0,2023-02-26
S102897,7.9,1,2.9,0,0,0,29/04/2023
S102898,5.63,0,18.5,1,0,0,07/06/2022
S102899,4.87,2,1.3,1,0,0,2023-06-27
S102900,7.22,0,3.4,0,1,0,26/04/2023
S102901,7.75,0,1.0,1,0,1,2022-05-10
S102902,7.08,0,15.2,1,0,0,2021-08-19
S102903,7.96,0,7.3,0,0,0,2023-01-14
S102904,4.89,0,16.8,1,0,0,2021-09-17
S102905,5.25,0,1.0,0,1,0,15/01/2023
S102906,7.44,1,2.3,0,0,0,2023-07-08
S102907,6.35,1,8.0,1,1,0,2022-10-08
S102908,8.38,1,6.8,0,0,1,2021-07-19
S102909,5.17,0,4.3,0,2,1,23/12/2021
S102910,7.47,1,6.0,1,0,0,20/01/2022
S102911,5.77,1,10.6,0,0,0,26/10/2021
S102912,7.39,1,3.0,0,1,0,2023-02-16
S102913,5.24,0,,0,0,1,2022-04-06
S102914,8.81,0,11.0,1,1,1,2022-08-05
S102915,7.87,1,2.7,1,2,0,2022-04-23
S102916,6.5,0,14.4,1,1,0,2021-10-13
S102917,8.7,1,5.7,1,0,0,2021-09-27
S102918,5.62,1,3.0,0,0,0,2022-07-17
S102919,5.38,0,13.1,0,1,0,11-07-2022
S102920,6.17,0,3.0,1,3,0,23/02/2022
S102921,5.91,0,14.9,0,0,0,2021-08-31
S102922,6.48,0,11.1,1,0,1,2022-05-02
S102923,8.22,1,8.5,1,2,1,2023-04-06
S102924,6.54,0,4.5,0,1,1,21/07/2021
S102925,7.24,1,3.1,1,0,1,10/08/2021
S102926,7.95,1,1.9,1,1,0,2023/05/19 21:53:15
S102927,8.4,1,10.2,0,2,0,2022-09-10
S102928,10.0,0,1.0,1,0,0,31/08/2021
S102929,7.26,1,5.0,0,1,0,2022-10-06
S102930,6.98,0,1.4,1,1,0,09-19-2022
S102931,8.19,1,9.1,0,1,0,13/10/2021
S102932,5.63,0,5.9,0,1,0,18/04/2023
S102933,6.24,1,13.3,0,0,0,2023-04-13
S102934,5.62,1,8.1,1,0,0,12/12/2022
S102935,5.66,0,1.0,1,0,1,2022-07-13
S102936,7.55,0,3.3,0,0,0,2023-05-22
S102937,5.02,2,1.0,0,1,0,2023-04-20
S102938,6.11,0,16.3,0,0,0,2022-03-21
S102939,5.85,0,13.2,1,1,0,2023-06-19
S102940,5.88,1,6.1,0,2,1,2021-07-03
S102941,6.48,0,10.1,0,1,0,2023-01-12
S102942,7.35,0,1.0,0,2,0,2021-09-16
S102943,8.06,1,2.2,0,0,0,2022-12-31
S102944,7.55,0,1.0,0,0,0,2022-09-04
S102945,6.36,0,11.9,1,0,0,2022-05-20
S102946,5.46,0,7.4,0,0,1,2023-05-27
S102947,3.95,0,1.5,1,0,0,2021-12-11
S102948,5.29,3,6.0,1,0,0,09/02/2022
S102949,6.09,1,6.2,1,0,1,2022-06-10
S102950,5.07,1,1.3,1,2,0,05/12/2021
S102951,4.73,1,2.2,1,1,0,2021-09-03
S102952,7.01,0,1.4,0,2,0,2023/06/09 05:03:22
S102953,8.38,0,8.0,0,1,1,2022-08-02
S102954,6.39,3,1.0,1,2,1,2022-05-01
S102955,7.62,2,17.5,1,0,0,2022-09-14
S102956,7.37,0,1.7,0,1,0,2023-03-03
S102957,6.0,0,1.0,1,0,0,18/08/2023
S102958,5.47,0,4.1,1,0,0,2021-08-13
S102959,9.05,2,1.4,0,1,0,2022-07-25
S102960,5.94,1,1.0,1,0,1,06-04-2023
S102961,10.0,0,11.7,1,1,0,2021-08-30
S102962,6.44,0,15.6,1,0,0,2022-09-10
S102963,7.49,0,5.8,0,1,0,2022-05-11
S102964,7.7,2,1.8,1,0,0,2021-11-20
S102965,5.98,0,3.8,0,1,0,08-08-2023
S102966,9.46,0,1.7,0,0,0,12/08/2023
S102967,6.01,0,3.3,1,1,0,08/08/2021
S102968,7.43,1,4.7,1,0,0,07-01-2021
S102969,7.58,2,1.0,0,0,0,2022-11-25
S102970,6.47,0,4.9,0,0,0,2022-02-03
S102971,7.87,1,14.0,1,0,1,2022-02-01
S102972,6.37,0,1.1,0,1,0,11/04/2023
S102973,9.53,1,2.0,0,1,0,07-02-2022
S102974,4.54,2,6.4,0,1,0,2022-11-14
S102975,7.21,0,19.0,0,0,1,2023-01-31
S102976,8.66,1,3.5,0,0,0,07-20-2022
S102977,6.26,1,7.5,1,1,0,2021-09-12
S102978,7.9,0,4.8,0,0,0,12-09-2022
S102979,5.22,0,1.0,1,3,0,2021-12-27
S102980,5.98,2,1.0,1,0,0,2022-04-02
S102981,5.53,0,5.6,1,0,0,2023-04-06
S102982,10.0,2,1.0,1,1,0,03/06/2022
S102983,8.38,1,1.2,0,2,0,2023-08-17
S102984,10.0,0,10.4,0,0,0,2022-10-25
S102985,10.0,2,5.2,0,0,0,02-18-2022
S102986,5.98,0,4.5,1,1,0,24/09/2022
S102987,6.07,0,2.7,0,2,0,29/08/2023
S102988,6.67,0,2.1,1,1,0,2023-03-29
S102989,6.32,1,6.1,1,2,0,04-01-2022
S102990,8.82,1,1.7,1,0,1,2021-11-17
S102991,6.28,0,12.7,0,1,1,2022-01-29
S102992,10.0,0,3.2,0,1,0,2021-07-18
S102993,5.83,0,4.6,1,1,0,2021-09-25
S102994,6.67,1,1.4,1,1,1,01-28-2022
S102995,4.73,0,8.4,0,2,0,2023-03-13
S102996,7.42,1,,1,0,1,2023-01-09
S102997,7.42,1,2.7,0,1,0,22/02/2022
S102998,7.47,0,,0,0,1,09/04/2022
S102999,8.78,2,1.0,0,0,3,13/08/2022
S103000,5.73,2,5.5,1,0,2,2023-04-20
S103001,6.72,0,8.5,0,0,0,07/01/2022
S103002,6.8,0,1.0,1,0,0,2023-01-02
S103003,5.63,1,6.1,0,0,0,2023/07/02 19:46:18
S103004,6.6,0,1.0,0,2,1,2021-12-18
S103005,7.51,3,2.9,1,1,0,07/01/2023
S103006,4.9,0,3.5,0,0,0,2023-04-14
S103007,8.23,0,3.5,0,1,0,2023-08-01
S103008,6.3,4,7.2,1,1,1,2022-07-23
S103009,5.8,2,3.0,0,0,0,2023-02-03
S103010,6.81,2,15.2,0,1,0,2023-08-01
S103011,6.93,1,6.5,1,0,1,21/06/2022
S103012,6.2,2,7.4,0,1,0,2022-03-03
S103013,7.2,2,2.1,1,0,0,21/09/2022
S103014,6.65,2,1.8,0,0,0,2022-09-09
S103015,7.15,1,1.0,0,1,0,2023-05-20
S103016,8.38,0,,0,0,0,15/09/2022
S103017,8.64,1,5.7,0,1,0,27/08/2023
S103018,5.6,1,1.0,0,0,0,2021-12-30
S103019,6.65,1,5.7,0,1,0,2023-01-14
S103020,7.66,0,15.9,1,1,0,16/07/2023
S103021,6.55,1,15.8,1,0,0,2021-11-15
S103022,5.94,1,7.9,0,1,3,2022-10-26
S103023,7.9,0,1.0,0,0,1,08/02/2022
S103024,7.18,2,5.0,1,0,0,2023-07-03
S103025,6.22,0,7.0,1,0,0,2022-06-18
S103026,7.23,2,1.0,1,1,0,07-07-2021
S103027,6.8,0,11.2,0,0,0,21/11/2022
S103028,6.27,0,6.3,0,0,0,2022-05-31
S103029,7.04,1,1.0,1,2,1,2021-08-12
S103030,6.64,0,1.2,0,1,0,2022-07-20
S103031,8.22,0,4.6,1,0,0,18/09/2021
S103032,6.07,0,6.6,1,0,0,16/09/2022
S103033,5.56,1,5.3,1,1,0,2022-10-29
S103034,6.12,1,1.3,0,2,1,2021-08-23
S103035,4.37,2,13.7,1,0,0,2023-03-28
S103036,5.75,1,22.9,0,1,0,2023-05-11
S103037,7.38,1,1.6,1,2,0,02/07/2023
S103038,5.05,1,1.0,0,0,0,2022-08-17
S103039,6.14,1,7.8,1,0,0,2023-07-06
S103040,6.58,1,2.9,1,1,0,2022-10-20
S103041,5.71,1,5.0,1,2,0,2022-04-01
S103042,8.01,0,1.0,0,0,1,2023-05-15
S103043,7.1,0,2.4,1,0,0,2022-06-03
S103044,9.68,0,4.8,1,0,2,28/05/2022
S103045,4.12,0,4.6,0,1,0,2022/03/04 08:19:43
S103046,6.31,1,14.4,1,0,1,03-01-2023
S103047,7.16,0,5.7,0,1,0,2023-08-20
S103048,8.9,0,,0,0,1,17/07/2021
S103049,5.13,2,4.6,1,2,0,2022/10/09 01:00:01
S103050,6.59,2,6.7,1,0,0,2021-08-15
S103051,7.24,0,9.2,0,1,0,2023-01-19
S103052,6.89,1,12.4,1,1,0,2021-09-13
S103053,6.91,1,8.5,0,0,1,2021-07-09
S103054,3.5,0,2.0,1,0,1,04/01/2022
S103055,6.85,1,14.7,1,0,0,2021-08-24
S103056,7.4,0,10.3,0,0,0,2022-02-16
S103057,7.7,0,19.2,1,1,0,2023-07-25
S103058,6.03,0,1.5,0,1,0,2021-11-29
S103059,7.27,0,7.5,0,1,0,2022-10-15
S103060,6.13,0,25.3,1,1,0,2022-02-24
S103061,8.04,1,7.7,1,1,1,2023-05-03
S103062,6.53,0,10.1,0,0,2,15/07/2023
S103063,5.73,1,,0,0,0,01/08/2022
S103064,4.98,1,2.6,0,2,0,30/05/2022
S103065,6.27,1,3.7,0,1,0,01/02/2022
S103066,8.19,1,5.7,1,0,0,20/08/2021
S103067,7.13,2,1.4,1,1,0,02/07/2021
S103068,5.12,1,4.4,1,1,0,11/09/2022
S103069,8.58,0,1.0,0,1,0,18/01/2022
S103070,7.68,1,1.9,0,0,0,2022-01-11
S103071,8.51,1,5.7,0,1,0,2021-09-14
S103072,6.17,1,10.3,1,0,0,07/08/2023
S103073,4.25,1,,1,0,0,2022-08-22
S103074,4.03,0,1.6,0,0,0,2021-07-24
S103075,6.79,5,2.9,1,0,0,2021-07-19
S103076,8.14,2,3.2,1,0,1,2022-10-03
S103077,8.16,0,1.0,0,0,0,2022/06/10 12:07:13
S103078,6.18,0,3.4,1,0,0,2023-04-15
S103079,7.68,1,6.7,0,0,0,2021-11-26
S103080,4.45,1,2.3,1,0,0,2023-02-25
S103081,7.15,2,3.1,1,0,0,23/05/2022
S103082,6.99,1,5.6,1,0,0,2022-05-14
S103083,7.75,1,12.7,1,1,1,19/08/2023
S103084,6.45,2,1.0,0,0,1,12/01/2022
S103085,6.71,1,1.1,1,0,0,2022-10-01
S103086,5.95,0,4.0,1,0,0,2022-03-26
S103087,7.99,1,1.3,0,0,0,2023-05-25
S103088,8.13,0,7.4,0,2,0,26/11/2021
S103089,9.0,0,5.6,1,1,1,05/02/2023
S103090,6.93,0,4.2,0,0,0,2022-04-17
S103091,6.71,0,17.7,0,0,0,2021-11-02
S103092,6.5,0,3.9,1,1,0,2023-02-22
S103093,7.74,1,1.8,0,0,0,10/02/2022
S103094,4.1,0,16.0,1,0,1,2022-10-21
S103095,5.32,0,1.0,1,0,1,2022-05-17
S103096,6.24,0,2.9,1,2,0,2022-06-11
S103097,5.45,0,13.7,1,1,0,23/04/2023
S103098,8.28,1,24.5,0,0,0,27/12/2021
S103099,7.47,0,2.1,0,1,0,2023-07-28
S103100,6.47,2,1.0,1,0,1,03/07/2023
S103101,8.93,1,1.7,1,0,2,2022-06-27
S103102,8.63,2,3.0,1,1,0,2023/01/23 06:39:09
S103103,6.93,0,1.6,1,2,0,2023-02-21
S103104,5.92,0,1.0,1,0,0,16/01/2022
S103105,6.49,0,8.6,0,2,1,2021-08-16
S103106,5.63,1,1.0,1,1,1,2022-07-01
S103107,5.13,4,6.9,1,0,0,14/07/2022
S103108,7.54,0,1.4,0,0,0,2023-03-27
S103109,9.23,0,4.8,0,0,0,2022-01-04
S103110,8.67,1,7.5,0,0,1,2022-08-26
S103111,7.29,0,1.0,0,1,0,2023-01-29
S103112,7.13,0,11.1,1,0,0,2023-01-22
S103113,6.82,0,6.4,0,1,1,2022-03-06
S103114,7.74,0,8.0,1,0,0,20/03/2023
S103115,7.1,2,6.3,0,1,0,20/08/2022
S103116,5.03,0,3.4,0,2,0,2022-10-09
S103117,7.56,1,1.0,0,1,0,2021-10-04
S103118,7.41,0,1.5,1,1,0,11-20-2022
S103119,8.87,0,8.2,1,0,1,2021-10-24
S103120,7.94,0,13.5,0,1,0,2021-11-15
S103121,10.0,0,1.0,0,0,0,25/01/2023
S103122,8.16,0,7.7,0,2,1,10/06/2023
S103123,6.88,1,3.0,0,1,0,2023-02-04
S103124,3.5,1,6.3,1,0,0,2023-06-11
S103125,4.2,0,1.0,1,2,1,2022-04-10
S103126,6.71,1,1.4,1,1,1,2022/05/05 18:48:27
S103127,9.27,1,4.5,1,0,1,2021-07-26
S103128,5.34,2,5.1,1,1,0,2021/10/22 06:45:57
S103129,7.17,0,8.3,1,0,0,2022-11-04
S103130,6.81,0,11.3,0,0,0,2021-09-19
S103131,5.1,0,11.0,0,0,0,2023-06-20
S103132,6.06,0,3.4,1,0,0,28/08/2023
S103133,6.56,0,9.3,1,1,0,2023-04-12
S103134,5.91,0,1.9,1,4,0,2023-05-24
S103135,6.18,0,8.6,0,0,0,04-17-2022
S103136,5.06,1,3.5,0,0,1,2022/08/17 11:16:35
S103137,4.48,0,9.6,1,0,0,2022-03-21
S103138,5.71,0,3.8,0,3,0,2023-07-22
S103139,6.62,1,3.3,0,2,0,14/08/2021
S103140,7.64,1,6.8,1,0,0,27/08/2021
S103141,7.27,1,4.5,0,0,0,2023-04-17
S103142,5.78,0,1.1,1,0,1,08-25-2023
S103143,8.52,0,10.4,0,0,0,2021-07-21
S103144,6.7,0,8.7,0,0,0,11/01/2022
S103145,6.73,2,5.1,1,1,0,2021-10-09
S103146,3.5,2,4.2,0,0,0,2022-10-03
S103147,5.64,2,1.0,0,0,1,2023-02-25
S103148,6.98,0,3.7,1,1,0,27/01/2023
S103149,7.28,0,5.0,0,1,1,2022/06/25 17:11:42
S103150,7.57,1,2.2,1,1,1,2021-09-16
S103151,9.98,0,1.6,0,0,0,2022-08-02
S103152,6.84,0,19.1,0,0,2,2022-05-29
S103153,7.3,1,1.0,0,0,0,07-23-2023
S103154,5.83,0,3.1,0,0,0,2021/07/11 04:17:39
S103155,8.36,2,11.9,1,0,0,10/05/2023
S103156,8.97,0,3.9,0,0,1,2021-10-03
S103157,10.0,1,5.5,0,0,1,2021/11/01 14:35:44
S103158,8.47,0,8.9,0,0,0,2023-08-05
S103159,7.79,0,5.0,1,2,1,2022-12-10
S103160,7.52,1,1.0,1,0,1,2021-12-02
S103161,7.74,1,2.1,0,1,0,2022-12-16
S103162,4.12,0,28.1,1,1,0,27/03/2023
S103163,6.39,1,1.0,0,1,1,15/10/2021
S103164,3.5,1,5.1,1,2,1,2021-09-25
S103165,7.34,0,1.0,1,1,0,2022-06-12
S103166,7.72,0,4.0,0,1,2,2021-08-21
S103167,6.52,0,1.8,0,0,0,2022-08-15
S103168,8.06,2,1.0,1,0,1,2022-09-08
S103169,6.71,1,18.8,0,2,0,2022-08-09
S103170,7.48,1,1.0,1,0,0,18/08/2022
S103171,6.31,0,10.3,0,2,1,06-24-2023
S103172,7.33,1,4.0,0,1,1,07-19-2023
S103173,5.31,1,1.7,1,0,1,2022/08/17 12:41:34
S103174,7.03,1,7.3,1,2,0,07/09/2022
S103175,6.53,0,7.4,1,1,0,2022-02-22
S103176,6.24,1,5.7,0,0,1,03-25-2023
S103177,7.24,1,3.8,0,1,0,2022-02-19
S103178,6.49,0,1.7,0,0,1,13/08/2021
S103179,6.33,0,4.8,1,2,0,2022-09-24
S103180,5.48,0,2.7,0,0,0,01/12/2022
S103181,5.11,1,9.1,1,1,0,2023-08-16
S103182,6.65,0,1.0,0,0,0,2023-03-23
S103183,10.0,1,4.5,1,1,0,2023-06-18
S103184,7.89,1,5.7,1,0,0,2023-04-26
S103185,8.52,0,11.1,0,1,1,2023/02/06 02:33:20
S103186,5.57,0,6.2,0,1,0,2022-04-18
S103187,6.61,0,7.5,1,0,1,2021-10-31
S103188,6.73,1,5.0,0,0,1,03-20-2022
S103189,6.7,0,1.0,1,0,0,15/05/2023
S103190,7.24,1,2.2,1,0,0,2023-02-28
S103191,6.57,1,1.2,1,0,0,2023-08-26
S103192,6.51,1,9.5,0,1,1,2023-06-29
S103193,6.79,1,3.7,1,1,0,03-02-2022
S103194,7.94,0,25.2,1,2,0,02/07/2021
S103195,6.3,1,7.7,0,1,0,2023/01/04 07:44:10
S103196,6.68,2,10.9,1,0,1,2023-05-27
S103197,4.41,1,1.0,1,1,0,2023-04-07
S103198,5.28,1,1.2,1,0,0,2021-12-14
S103199,9.72,0,4.0,0,0,0,22/08/2021
S103200,6.55,1,3.7,1,0,1,2023-05-27
S103201,4.84,0,1.0,1,0,1,2022-11-08
S103202,7.07,1,2.6,0,0,1,2022-08-16
S103203,5.11,1,1.0,1,0,0,2022-12-04
S103204,5.07,0,11.3,0,0,0,11/10/2021
S103205,5.9,2,23.8,1,1,0,2023-04-08
S103206,5.79,1,1.0,0,0,0,2022-04-01
S103207,7.29,2,2.1,1,0,1,2023-03-28
S103208,6.17,1,7.7,0,0,1,05-08-2023
S103209,5.14,0,1.3,1,1,0,2021-12-14
S103210,6.92,2,4.0,1,1,1,2022-11-22
S103211,5.97,0,1.1,0,2,1,2022-04-23
S103212,4.34,0,1.0,1,1,0,2023-06-22
S103213,5.72,3,13.2,1,3,0,06-18-2022
S103214,5.73,1,12.1,0,1,0,2022-09-21
S103215,7.18,0,4.1,1,0,0,11-20-2022
S103216,9.35,0,10.5,0,1,1,2022-01-03
S103217,7.84,1,1.0,0,0,0,05-02-2022
S103218,7.97,2,12.5,0,0,1,01/05/2022
S103219,8.63,1,5.9,0,0,0,2022-03-10
S103220,5.13,0,6.5,0,1,0,18/03/2022
S103221,7.24,2,,1,0,0,2023-04-05
S103222,9.12,1,6.0,0,2,0,2022-03-08
S103223,7.71,0,10.0,1,0,1,2022-01-04
S103224,5.63,1,15.4,1,3,0,2021-11-14
S103225,6.52,0,10.5,0,0,1,13/09/2021
S103226,4.63,0,1.3,0,0,0,2023-04-15
S103227,8.14,0,11.7,1,0,1,01/03/2023
S103228,5.86,0,1.0,0,0,0,2021-07-04
S103229,7.06,3,5.1,0,0,0,2023-01-05
S103230,3.5,1,1.5,1,1,0,01-08-2022
S103231,8.41,1,3.5,1,3,0,16/05/2022
S103232,6.21,0,1.0,1,0,0,11/03/2022
S103233,7.52,0,6.6,1,0,0,07/05/2023
S103234,6.35,0,2.0,0,0,0,11-08-2021
S103235,7.06,2,10.7,0,2,0,2021-09-07
S103236,8.25,1,1.0,0,0,0,08/08/2021
S103237,6.93,0,10.5,1,0,0,2023-01-30
S103238,9.73,0,12.4,1,0,0,2023-06-18
S103239,4.85,0,2.6,1,0,0,2021-12-18
S103240,7.39,3,4.0,0,1,0,2023-01-23
S103241,5.58,0,15.0,0,0,0,2021-11-03
S103242,7.97,0,5.1,0,1,0,11-21-2022
S103243,5.49,0,2.0,0,0,1,09/12/2021
S103244,6.36,0,17.2,0,0,0,2022-01-26
S103245,3.5,0,8.1,1,0,0,2022-08-02
S103246,5.33,2,3.7,0,1,0,2022-03-20
S103247,7.42,2,8.0,1,2,0,2022-03-08
S103248,6.86,1,2.3,1,1,0,01/08/2022
S103249,6.48,1,2.2,1,2,0,2022-05-29
S103250,6.51,0,1.0,0,1,0,2021-09-29
S103251,6.93,1,6.4,0,0,0,09-19-2021
S103252,5.63,1,8.1,0,1,0,27/05/2023
S103253,9.9,0,4.8,1,0,0,06/09/2022
S103254,4.09,0,1.0,0,0,0,30/07/2022
S103255,6.22,2,2.2,0,0,0,2022-07-31
S103256,5.75,0,18.8,0,1,0,2022-04-15
S103257,4.79,1,8.9,1,0,0,16/07/2023
S103258,6.0,0,1.0,1,1,0,30/01/2022
S103259,6.85,0,2.3,0,1,0,2022-02-28
S103260,6.58,2,18.0,0,1,2,2023-04-14
S103261,4.6,0,4.7,0,0,0,12/11/2022
S103262,7.54,1,1.0,0,1,0,2023-06-03
S103263,5.63,1,1.0,1,2,1,2022-08-04
S103264,8.08,1,12.7,1,0,0,2023-08-16
S103265,7.37,4,3.4,0,3,1,2022-07-10
S103266,7.41,0,6.2,1,1,0,2023-08-01
S103267,8.58,1,2.4,1,1,0,2022-03-11
S103268,5.68,0,2.3,1,0,1,09/06/2023
S103269,6.3,1,2.1,0,3,0,2022-06-24
S103270,7.79,2,1.0,1,0,0,2022-12-13
S103271,5.84,0,1.3,1,0,0,2022-04-07
S103272,6.2,0,2.3,0,1,0,2021/12/27 23:47:50
S103273,6.15,2,9.2,0,1,0,2023-04-09
S103274,6.77,0,3.0,0,1,0,2021-09-04
S103275,8.54,1,15.1,0,0,0,30/04/2022
S103276,5.64,1,1.0,0,0,2,2022-09-12
S103277,6.55,2,8.3,1,1,0,2023-07-23
S103278,7.03,3,2.1,1,0,0,2021-12-03
S103279,7.86,1,7.2,0,1,0,2022/03/13 12:20:54
S103280,8.65,0,4.0,1,2,0,05-13-2022
S103281,6.6,1,3.0,1,1,0,07-19-2023
S103282,4.72,0,3.2,1,1,2,2023-04-19
S103283,8.56,2,8.2,0,0,0,10-10-2022
S103284,5.49,1,15.6,1,0,0,2021-08-21
S103285,6.18,0,2.5,0,0,1,17/07/2023
S103286,6.75,0,,1,0,0,15/08/2022
S103287,7.18,3,11.5,1,0,1,2021-09-24
S103288,8.58,1,4.7,1,0,0,20/04/2023
S103289,6.58,1,1.0,1,2,1,2023-07-01
S103290,6.16,2,3.3,1,1,0,2022-01-21
S103291,6.52,1,5.1,1,1,0,02-26-2022
S103292,6.86,1,1.2,1,0,0,2021-12-06
S103293,8.49,0,5.3,0,1,0,2022-05-17
S103294,6.66,0,1.4,0,1,1,2022-10-31
S103295,7.28,1,1.3,0,0,1,12-22-2022
S103296,7.16,2,3.3,0,1,1,2022-09-23
S103297,9.75,0,9.6,0,2,0,2021-10-08
S103298,8.33,1,3.0,0,0,0,08-01-2021
S103299,4.83,0,9.1,0,0,0,2023-05-10
S103300,5.66,0,7.2,1,1,0,2022-08-11
S103301,8.26,0,8.7,1,0,0,13/07/2023
S103302,4.54,1,9.6,0,0,1,2023-08-12
S103303,6.91,1,1.2,1,0,2,12/03/2022
S103304,4.47,0,9.4,1,0,0,2022-11-16
S103305,6.96,1,3.3,1,0,0,09-12-2021
S103306,5.28,0,7.2,0,0,0,07-31-2022
S103307,6.43,0,1.0,1,1,1,2022-10-16
S103308,4.22,1,7.4,0,1,1,2023-05-11
S103309,10.0,0,5.5,1,2,0,2023/08/28 04:23:05
S103310,10.0,1,38.3,0,0,0,2022-05-28
S103311,8.76,0,1.8,0,1,0,2022-12-06
S103312,5.21,1,15.0,0,1,0,23/10/2022
S103313,6.11,2,2.4,0,2,0,28/01/2023
S103314,4.41,1,19.4,1,0,0,27/12/2021
S103315,6.15,4,5.9,0,0,0,2023-05-28
S103316,7.29,0,1.9,0,1,1,2022-12-13
S103317,5.91,0,4.0,0,0,0,08-08-2023
S103318,9.03,1,4.9,0,1,0,09/08/2021
S103319,9.14,0,5.7,0,1,0,11/10/2022
S103320,5.91,1,1.1,0,2,0,2022/08/26 19:59:04
S103321,7.87,0,7.6,1,1,0,17/10/2022
S103322,5.85,0,3.8,1,0,1,2022-01-09
S103323,6.48,0,6.6,0,0,0,23/10/2022
S103324,5.47,0,2.9,0,0,0,2022-09-17
S103325,3.5,1,4.8,1,0,0,2022-04-06
S103326,6.18,1,6.0,0,2,0,2023-06-29
S103327,3.73,0,1.4,1,0,0,26/12/2021
S103328,8.87,0,2.9,0,0,0,2023/08/07 17:17:52
S103329,6.79,0,1.0,1,1,2,2021-07-06
S103330,7.45,0,9.8,0,0,0,2023-07-19
S103331,7.41,0,1.0,0,1,0,2022-04-10
S103332,7.89,0,11.0,1,0,0,07/08/2023
S103333,7.9,0,3.1,1,0,0,03/04/2023
S103334,9.38,0,5.0,1,0,0,2022-05-16
S103335,4.75,2,12.1,1,1,0,01/09/2021
S103336,8.26,3,2.5,1,0,0,2022-07-14
S103337,5.18,1,1.1,1,1,1,2022-09-27
S103338,8.75,0,10.9,1,0,0,2023-02-11
S103339,6.72,0,3.2,1,1,0,09-18-2021
S103340,6.6,2,4.9,0,1,2,2023-02-01
S103341,8.65,0,3.3,1,1,0,13/02/2022
S103342,6.58,0,9.0,0,1,0,2023-03-03
S103343,6.33,1,1.0,0,2,1,2023-07-06
S103344,6.54,1,5.7,1,0,0,2022-07-23
S103345,5.8,1,1.0,0,0,1,2023-05-25
S103346,7.7,0,1.0,1,0,0,2023-04-09
S103347,8.3,1,1.0,0,0,1,24/01/2023
S103348,8.21,1,1.4,1,4,0,2023-05-06
S103349,5.78,1,4.1,0,1,0,22/05/2022
S103350,6.84,3,2.2,1,0,0,2022-03-31
S103351,8.63,1,5.2,0,1,1,2021-10-01
S103352,5.55,0,1.0,0,0,0,2022-12-10
S103353,10.0,0,18.4,1,1,0,2021/12/18 07:55:32
S103354,6.47,1,10.3,0,1,0,2021-12-04
S103355,8.3,2,6.5,1,2,3,2021-08-26
S103356,8.77,0,1.5,1,1,0,12-10-2021
S103357,8.62,2,7.4,0,0,0,2022-05-23
S103358,6.64,3,9.0,1,0,0,09/11/2022
S103359,8.24,0,1.0,1,0,1,2023-03-17
S103360,5.5,0,8.5,0,0,0,19/02/2022
S103361,7.91,1,4.2,0,0,0,2022-10-29
S103362,8.52,1,4.3,1,0,0,02-05-2022
S103363,4.95,2,8.4,1,2,1,2021-11-09
S103364,7.3,0,1.4,1,1,0,2022-09-15
S103365,9.05,0,9.6,1,0,0,2021-10-27
S103366,5.16,0,19.0,1,1,0,2022-01-28
S103367,8.85,3,3.1,1,0,0,25/11/2022
S103368,6.33,2,2.8,1,0,1,2021-07-17
S103369,5.57,2,1.0,0,1,1,2023-05-17
S103370,7.78,2,1.0,1,0,0,2022-12-08
S103371,6.4,0,5.3,0,2,0,2022-08-07
S103372,5.73,1,1.0,0,0,2,2023-01-09
S103373,7.78,1,1.7,1,0,1,2022-07-11
S103374,7.43,0,1.9,1,0,0,15/08/2023
S103375,7.24,0,2.2,1,0,0,2023/04/26 12:16:10
S103376,5.91,0,7.3,0,1,0,2023-04-18
S103377,5.6,0,2.2,1,2,2,21/12/2021
S103378,9.34,0,1.0,0,1,0,2023-03-30
S103379,6.24,0,3.7,1,2,0,2023-08-10
S103380,8.9,1,4.1,1,0,0,2022-02-08
S103381,6.86,1,2.6,1,0,0,2022-12-16
S103382,6.75,0,10.2,1,0,0,2021-10-25
S103383,5.71,1,1.0,0,0,0,12-05-2022
S103384,6.86,1,5.0,0,0,1,06-17-2023
S103385,6.78,1,6.0,1,2,0,2022-12-05
S103386,5.48,0,12.7,1,1,0,2022-01-24
S103387,9.04,1,2.9,1,0,0,2022/01/19 01:24:43
S103388,7.37,0,2.9,0,0,1,2023-06-13
S103389,4.82,1,1.5,1,0,0,06/04/2023
S103390,8.39,0,8.8,1,1,0,2023-01-28
S103391,6.93,1,5.5,1,0,0,2023-04-07
S103392,5.43,0,10.6,1,0,0,2021-07-24
S103393,5.64,0,2.7,1,1,0,04-26-2023
S103394,9.79,1,1.3,0,0,0,03-29-2023
S103395,9.61,0,1.0,0,1,1,2022-03-08
S103396,7.08,1,9.0,1,0,0,28/01/2023
S103397,7.79,0,1.3,1,1,0,2022-09-04
S103398,6.08,1,1.0,0,1,0,2022-09-15
S103399,7.13,2,4.9,1,0,0,06/09/2021
S103400,7.03,1,3.3,0,0,0,2022-07-09
S103401,6.16,1,1.2,0,0,0,2022-06-02
S103402,7.21,1,2.0,0,1,0,2022-12-04
S103403,5.2,1,22.3,1,0,0,2023/06/29 16:47:35
S103404,9.3,3,6.4,1,3,0,05-05-2022
S103405,9.09,0,8.0,1,1,1,15/01/2022
S103406,8.89,0,1.5,0,0,0,2023-05-31
S103407,7.4,1,,0,0,0,24/07/2021
S103408,5.4,2,1.5,1,0,0,2022-05-04
S103409,5.96,0,8.5,1,1,0,2022/08/20 18:15:54
S103410,7.89,1,5.2,1,2,0,2022-01-27
S103411,9.85,0,2.6,0,1,0,2022-03-28
S103412,6.18,0,4.2,0,1,0,2023-07-28
S103413,4.79,0,1.4,1,0,0,22/03/2022
S103414,4.63,2,15.9,0,2,0,13/06/2022
S103415,8.16,0,1.0,1,0,0,2021-09-19
S103416,7.3,2,5.9,0,0,0,2022-11-06
S103417,6.18,1,9.1,1,0,0,14/01/2022
S103418,5.99,1,4.7,0,2,0,2021-08-05
S103419,7.58,1,8.8,1,0,0,25/09/2021
S103420,6.55,3,9.4,1,2,0,05-17-2022
S103421,7.47,0,18.1,0,0,1,2022-08-27
S103422,7.28,0,19.3,1,1,1,2023-08-01
S103423,5.98,0,11.8,0,2,0,2023-06-28
S103424,5.79,0,5.6,1,0,1,2023-07-12
S103425,6.06,1,5.6,1,0,0,2023-01-29
S103426,6.52,1,3.0,1,1,0,09/05/2023
S103427,5.35,1,1.0,1,0,0,2022-05-06
S103428,8.94,0,1.4,0,1,0,2022-07-07
S103429,6.64,0,2.5,1,1,0,07/12/2021
S103430,5.23,0,1.0,1,0,1,06/08/2023
S103431,7.29,2,9.6,1,0,0,08-23-2023
S103432,5.06,1,12.9,0,1,0,2021-10-29
S103433,9.04,2,1.0,0,1,0,07/10/2021
S103434,4.44,1,4.7,1,0,1,08-14-2022
S103435,6.02,2,9.8,1,1,0,2022-09-07
S103436,7.67,1,6.4,0,0,0,2023-01-31
S103437,7.25,1,4.4,0,0,0,2021-12-17
S103438,6.87,0,3.4,1,3,1,06-03-2023
S103439,8.09,0,10.3,0,1,0,2022-09-13
S103440,6.39,0,10.1,0,0,0,11-29-2022
S103441,8.58,1,6.7,0,2,2,03/07/2022
S103442,7.75,0,6.8,1,0,1,2022-08-15
S103443,9.4,0,2.4,0,1,1,2021-07-12
S103444,6.48,0,1.3,0,1,0,2022-03-15
S103445,7.07,2,1.7,1,1,0,2022-09-07
S103446,6.27,0,1.0,0,1,0,09/01/2023
S103447,7.88,2,2.5,0,0,0,04/07/2023
S103448,8.29,2,7.9,1,0,0,2021-09-04
S103449,7.52,1,3.8,1,1,0,26/04/2022
S103450,4.56,0,1.9,0,0,1,2021-09-17
S103451,8.23,1,4.7,0,0,0,2022-04-05
S103452,8.2,0,12.6,0,2,0,2022-06-16
S103453,7.68,0,1.1,0,1,1,2021-07-21
S103454,4.73,0,9.9,1,0,0,2023/06/20 09:22:24
S103455,8.57,1,3.3,1,0,0,04/09/2022
S103456,8.05,2,7.7,1,0,1,2022-09-04
S103457,10.0,0,1.0,0,0,1,2022-07-23
S103458,6.98,0,7.2,0,1,0,2022-05-13
S103459,3.78,0,2.5,0,0,1,2022-10-07
S103460,8.08,2,3.6,1,0,0,21/04/2023
S103461,6.98,3,3.3,1,0,0,12-10-2021
S103462,7.43,2,6.7,1,1,0,16/07/2023
S103463,6.59,1,3.3,0,0,0,2022-02-27
S103464,4.18,1,11.5,1,0,0,2021-10-08
S103465,8.9,1,2.4,0,0,0,2023-05-31
S103466,8.14,0,,1,0,0,2023-02-05
S103467,5.17,0,1.0,1,2,0,2021-09-16
S103468,4.57,0,8.1,1,0,0,2023-01-17
S103469,5.21,0,1.0,1,1,1,2022-05-09
S103470,7.07,1,4.0,0,0,1,18/02/2023
S103471,5.87,0,4.8,1,1,0,28/04/2023
S103472,10.0,2,7.6,0,0,0,2021-12-18
S103473,8.44,0,4.8,0,1,0,20/06/2022
S103474,9.07,1,12.9,1,1,0,2021-09-16
S103475,7.76,0,1.8,1,2,1,2023-01-12
S103476,6.37,1,18.7,1,3,0,28/06/2023
S103477,6.07,1,2.2,1,1,0,2021-08-01
S103478,5.77,0,13.0,0,0,0,04-11-2022
S103479,6.79,2,2.2,1,0,1,2021-10-30
S103480,5.73,0,2.5,0,0,2,2022-09-28
S103481,4.25,0,25.3,0,2,0,2022-12-22
S103482,6.94,1,9.1,1,0,3,24/06/2023
S103483,6.2,0,5.4,1,0,3,12/07/2021
S103484,6.29,1,18.2,1,0,1,29/03/2022
S103485,5.84,2,1.0,0,0,1,21/01/2023
S103486,9.02,2,13.3,0,0,0,2022-10-20
S103487,3.5,0,3.4,1,1,0,2023-05-28
S103488,6.18,1,1.2,0,0,2,29/10/2021
S103489,8.91,0,5.1,0,2,0,2022-09-20
S103490,8.83,0,15.1,0,2,0,2022/01/25 01:49:08
S103491,8.92,1,5.5,1,1,0,2023-05-01
S103492,9.23,0,16.8,0,0,0,2023-02-08
S103493,7.37,2,3.9,1,2,0,2022-03-08
S103494,6.91,0,1.0,0,1,0,07-20-2022
S103495,9.21,2,1.1,0,0,0,06-15-2023
S103496,8.79,1,5.0,1,0,0,2022-12-09
S103497,5.81,0,18.5,0,1,1,2021-11-03
S103498,6.56,0,1.0,1,1,0,2022-12-06
S103499,8.49,1,5.6,1,0,0,2023-05-06
S103500,6.66,0,11.9,1,1,1,2023/04/14 02:36:42
S103501,6.71,1,4.7,1,0,0,2023-06-06
S103502,5.02,2,2.6,1,1,0,2023-03-28
S103503,5.95,0,4.3,1,1,1,2022-12-06
S103504,3.5,0,1.2,1,1,0,2023-04-04
S103505,6.25,0,7.7,1,0,1,29/07/2021
S103506,8.89,1,2.0,0,3,0,2021-08-25
S103507,6.43,1,3.4,1,0,1,2021-07-11
S103508,4.38,2,10.1,1,1,1,2023/06/07 00:07:17
S103509,7.42,0,4.6,0,0,0,2022-02-22
S103510,9.39,1,2.2,1,0,0,28/08/2021
S103511,5.58,1,35.2,0,0,0,2023-06-04
S103512,7.5,1,8.6,1,0,0,2023-06-03
S103513,7.84,1,28.9,0,2,0,2023-06-10
S103514,7.67,0,4.1,1,2,0,2022-04-11
S103515,6.55,0,1.3,1,0,0,2022-09-04
S103516,7.27,3,7.9,0,1,0,2022-09-26
S103517,4.14,0,3.2,1,0,0,2022-03-03
S103518,7.0,1,1.1,1,2,0,2022-04-05
S103519,7.57,0,6.0,0,0,0,10/03/2022
S103520,5.19,0,12.3,0,1,0,03-27-2022
S103521,6.08,1,4.4,1,0,0,2021-11-01
S103522,8.97,0,5.3,0,0,0,2021-12-30
S103523,9.22,1,1.3,1,0,0,12/05/2023
S103524,5.97,1,1.0,1,0,0,14/07/2021
S103525,5.64,0,2.8,0,0,0,2023-04-21
S103526,5.29,0,7.1,0,0,1,2023-08-22
S103527,6.31,2,4.4,1,1,0,2023-06-15
S103528,8.78,0,24.7,1,0,1,2023-06-14
S103529,7.19,0,9.3,0,2,0,11-27-2022
S103530,8.31,2,4.3,1,1,0,04/03/2023
S103531,6.49,2,8.5,1,0,0,18/07/2022
S103532,6.63,0,2.6,0,0,1,2022-07-16
S103533,5.39,1,2.9,1,1,0,2023-01-30
S103534,6.74,0,7.5,0,1,1,03-23-2022
S103535,5.77,0,1.4,0,0,0,2021-08-14
S103536,6.27,0,9.6,0,0,0,2021-08-15
S103537,9.29,1,1.3,0,0,0,2022-08-30
S103538,8.9,0,7.6,0,0,0,2023-08-15
S103539,4.18,0,12.5,1,0,0,2022-06-05
S103540,6.83,2,16.1,0,2,0,2023-04-24
S103541,7.18,0,5.0,0,2,1,05-31-2022
S103542,9.38,1,2.2,1,0,0,09/06/2023
S103543,3.93,0,,0,1,0,2022-02-24
S103544,8.58,0,2.0,0,0,0,29/04/2023
S103545,7.52,2,7.2,1,0,0,2023-06-08
S103546,9.18,1,9.9,0,0,1,2022-11-16
S103547,7.39,0,1.0,1,0,1,13/06/2022
S103548,9.6,0,7.5,0,1,0,2021-12-02
S103549,5.23,0,3.8,1,0,1,2022-01-22
S103550,7.9,1,1.0,0,3,0,06/08/2022
S103551,6.19,1,3.9,0,0,1,07-27-2021
S103552,10.0,0,6.1,0,2,0,2022-04-03
S103553,5.89,0,5.6,1,1,1,2023-03-07
S103554,7.31,2,25.2,1,1,1,2021-10-29
S103555,5.67,1,1.0,0,2,0,2022-01-16
S103556,6.46,0,,1,1,0,2023-02-02
S103557,6.89,0,1.0,0,0,2,2022-01-25
S103558,6.59,3,1.1,1,0,1,04/01/2023
S103559,6.69,2,2.2,1,0,0,2022-05-27
S103560,6.84,0,3.7,0,2,2,2021-07-18
S103561,5.82,1,5.7,0,2,0,2021-12-16
S103562,7.53,3,1.7,1,0,0,2022-10-22
S103563,6.1,0,7.0,0,0,1,2022/03/31 06:57:28
S103564,6.8,1,17.8,1,0,1,2022-06-28
S103565,5.44,1,4.4,1,2,1,12-26-2022
S103566,8.52,0,1.0,1,0,0,04-02-2022
S103567,10.0,0,1.4,1,0,0,12/07/2022
S103568,6.25,1,19.1,0,2,2,2023-01-03
S103569,7.88,0,5.2,0,1,0,01-24-2023
S103570,3.53,1,1.0,1,2,1,2023-08-06
S103571,9.16,1,27.3,1,0,0,2023-01-10
S103572,9.38,0,13.2,1,1,0,2023-05-02
S103573,8.84,0,2.4,0,1,0,2023-07-25
S103574,6.7,0,3.7,1,0,0,2023-02-24
S103575,6.24,2,10.0,0,0,1,2022-01-14
S103576,7.68,0,16.8,0,0,0,2022-02-18
S103577,6.76,2,10.3,1,1,0,29/05/2023
S103578,7.97,0,6.2,1,2,0,2022-05-25
S103579,4.93,1,1.7,0,1,0,2022-11-15
S103580,5.13,1,6.8,0,0,0,2023/07/19 12:18:43
S103581,7.09,0,1.0,0,1,0,2021-08-27
S103582,7.48,0,11.6,0,0,0,07/01/2023
S103583,6.77,1,10.1,0,1,1,2021/07/17 13:01:30
S103584,7.05,1,1.0,1,1,0,2023-07-23
S103585,4.33,0,1.0,0,1,0,2021-07-25
S103586,6.14,1,1.8,0,0,0,01-17-2022
S103587,4.64,1,10.4,1,0,0,02-19-2023
S103588,9.66,0,22.4,0,1,1,12/10/2022
S103589,8.09,0,11.6,0,0,0,2023-04-13
S103590,4.95,1,9.0,0,0,1,04-23-2022
S103591,7.26,0,8.9,0,0,0,2022-07-29
S103592,8.14,1,8.7,1,1,0,2021-12-06
S103593,4.69,1,14.0,1,0,1,2021-11-16
S103594,7.93,1,2.4,1,2,0,2021-11-28
S103595,5.84,1,1.4,0,0,0,17/09/2021
S103596,6.88,0,10.1,0,0,0,05/07/2022
S103597,8.9,0,1.5,1,2,0,03/01/2023
S103598,7.2,0,4.2,0,0,1,2022-09-29
S103599,5.73,2,7.8,0,1,0,2021-07-22
S103600,8.02,1,8.7,1,0,0,19/03/2022
S103601,8.88,2,4.6,0,1,0,2022-10-20
S103602,6.52,2,8.8,1,3,0,07-11-2021
S103603,4.72,0,10.4,1,0,1,10/04/2023
S103604,5.19,2,6.3,1,0,0,01/01/2022
S103605,9.65,1,9.7,1,0,0,2022-10-05
S103606,5.75,1,1.0,0,1,0,16/02/2022
S103607,7.84,0,24.0,1,1,0,12-10-2021
S103608,8.42,1,2.8,1,1,0,2021-12-28
S103609,6.53,0,1.3,0,0,0,23/11/2021
S103610,6.69,1,7.5,1,1,0,2022-01-03
S103611,6.1,4,13.6,1,1,0,2022-02-10
S103612,5.9,0,3.9,1,1,1,24/05/2022
S103613,7.38,0,1.7,1,0,0,08/02/2022
S103614,8.36,2,5.4,0,1,0,04-11-2023
S103615,4.73,0,7.5,0,0,1,2022-09-11
S103616,6.19,1,10.2,0,2,0,2021-07-24
S103617,6.24,0,3.9,1,0,0,09/12/2022
S103618,6.39,0,1.7,0,1,0,2022-08-10
S103619,9.91,2,,1,0,0,2022-08-29
S103620,4.84,0,3.7,0,0,0,2022-11-08
S103621,7.59,0,18.3,1,1,0,2023-02-10
S103622,8.52,0,10.8,1,0,0,10/12/2022
S103623,9.36,2,18.3,0,0,0,05/05/2022
S103624,5.77,2,9.5,1,1,0,2021-07-18
S103625,9.89,0,1.0,0,2,1,2022-02-28
S103626,7.54,2,17.7,0,0,0,2022-06-25
S103627,7.45,0,1.0,0,0,0,2023-03-05
S103628,6.19,2,2.9,1,1,0,2023-01-10
S103629,7.82,1,1.8,0,1,1,2021-08-17
S103630,3.6,1,1.0,0,1,0,01/02/2022
S103631,7.26,0,1.2,1,2,0,05/10/2022
S103632,7.72,2,1.7,0,2,1,2022-10-29
S103633,9.11,0,2.2,0,3,1,20/10/2021
S103634,7.95,2,17.8,1,0,0,09-06-2022
S103635,6.58,1,1.7,1,0,2,2023-05-15
S103636,7.4,1,3.3,1,1,1,2022-04-04
S103637,5.39,1,12.5,1,0,0,2021-08-17
S103638,7.36,0,12.7,0,0,0,2023-05-15
S103639,7.66,1,3.5,1,0,0,18/02/2022
S103640,7.87,2,14.3,1,2,0,02/06/2023
S103641,5.7,2,1.3,0,1,0,2022-05-18
S103642,6.24,0,3.8,0,0,0,27/01/2023
S103643,6.38,0,,0,0,2,07/11/2022
S103644,10.0,1,6.4,1,0,0,2021-07-04
S103645,7.7,1,7.6,0,0,0,2022-05-26
S103646,4.36,0,13.5,1,1,0,05-21-2023
S103647,8.51,2,1.0,0,0,0,05-26-2023
S103648,6.82,0,1.0,0,0,0,26/02/2022
S103649,4.45,0,4.5,0,0,1,08-24-2023
S103650,7.14,0,3.9,1,1,0,2021-08-15
S103651,5.73,0,12.1,0,1,2,2023-02-24
S103652,5.09,0,1.0,0,1,0,2022-10-28
S103653,5.37,0,5.8,0,2,1,2022-03-31
S103654,6.47,0,6.1,0,0,0,04/12/2021
S103655,8.01,0,18.3,1,0,0,2021/07/21 03:56:06
S103656,5.82,0,1.4,1,1,0,28/01/2022
S103657,7.54,1,5.3,1,1,0,2023-08-09
S103658,8.72,0,1.0,0,1,2,2022-11-04
S103659,8.06,2,1.4,1,0,1,2021-08-03
S103660,6.72,1,1.0,1,0,0,2023-03-07
S103661,7.35,0,1.0,0,0,0,08/12/2021
S103662,6.91,2,17.4,0,0,1,2022-05-07
S103663,7.13,0,1.3,0,0,1,12-12-2021
S103664,6.43,0,9.8,0,0,0,02-06-2023
S103665,10.0,0,5.0,1,0,0,2022-12-27
S103666,8.37,2,3.3,1,1,0,2022-07-31
S103667,8.22,0,3.2,1,0,0,04/02/2023
S103668,6.87,1,3.8,0,0,0,2021-09-07
S103669,4.85,0,17.8,0,1,1,13/05/2023
S103670,7.0,0,3.3,0,1,0,2022-06-02
S103671,8.64,0,6.2,0,1,1,2021-09-06
S103672,9.4,1,3.9,0,1,1,2021-07-03
S103673,7.23,0,9.2,0,0,1,2023-07-24
S103674,7.56,0,22.5,0,0,0,06-22-2023
S103675,8.64,2,1.0,0,4,1,2021-11-23
S103676,5.84,1,1.0,0,0,0,08-26-2023
S103677,6.65,1,1.0,1,0,0,17/07/2022
S103678,7.7,2,1.9,1,0,2,14/10/2021
S103679,5.55,0,10.6,0,0,1,2023-06-18
S103680,7.59,3,13.4,0,0,0,30/09/2021
S103681,6.03,0,3.2,1,0,4,2021-07-28
S103682,9.1,0,7.9,0,0,0,2023-08-22
S103683,9.46,1,13.3,1,1,0,31/12/2022
S103684,7.96,0,5.9,1,0,0,2022-11-04
S103685,7.09,2,12.6,1,0,1,03-11-2023
S103686,7.53,0,8.3,1,1,0,2023-05-20
S103687,6.47,0,11.3,1,1,1,19/08/2021
S103688,8.3,1,6.8,0,1,0,2022-09-17
S103689,7.7,1,6.2,1,0,0,10/07/2023
S103690,6.04,2,3.7,1,0,0,05-25-2023
S103691,4.8,2,1.9,1,1,0,2022-03-24
S103692,4.91,1,34.2,0,1,0,2022-11-17
S103693,8.84,0,10.4,0,1,0,17/03/2022
S103694,8.52,0,5.1,1,0,0,2023-04-03
S103695,8.12,1,,0,1,1,2023-01-02
S103696,7.6,3,13.8,1,2,0,2021-09-12
S103697,7.32,0,3.2,0,2,0,03-27-2022
S103698,6.13,1,6.6,0,0,1,05-27-2022
S103699,8.97,0,5.4,0,0,0,21/08/2022
S103700,8.0,2,1.0,1,1,0,27/12/2022
S103701,10.0,1,21.4,1,1,1,23/09/2022
S103702,6.6,0,1.0,0,0,0,2022-12-05
S103703,7.95,0,1.0,0,1,0,2021-07-16
S103704,4.79,1,9.8,0,0,0,2023-04-18
S103705,7.91,0,3.1,0,0,0,02-07-2022
S103706,5.65,0,2.7,0,0,0,15/11/2022
S103707,7.12,2,8.4,0,0,0,2023-06-02
S103708,6.67,3,9.6,1,1,2,28/08/2021
S103709,8.45,1,24.1,1,0,0,2022-09-09
S103710,8.34,1,1.3,0,0,0,04/02/2022
S103711,7.78,0,1.0,0,0,0,2021-11-17
S103712,6.65,1,6.8,0,1,0,2021-09-08
S103713,5.89,0,13.1,0,0,0,15/12/2022
S103714,6.71,1,4.1,1,0,0,07/09/2021
S103715,7.82,0,3.1,1,0,0,2022-12-16
S103716,4.54,2,2.3,1,0,0,2023-06-30
S103717,7.69,2,1.8,0,0,1,26/09/2021
S103718,6.8,2,6.3,0,2,0,09/11/2021
S103719,7.93,1,2.3,0,1,0,04-20-2023
S103720,6.9,2,1.0,1,0,0,2021-09-22
S103721,5.66,2,1.0,0,1,0,2021/08/02 11:31:24
S103722,6.76,1,3.2,1,0,0,21/05/2022
S103723,4.31,1,7.6,1,0,0,15/01/2023
S103724,4.41,1,8.0,1,1,0,24/10/2021
S103725,4.62,0,2.1,1,0,0,2021-09-15
S103726,5.14,1,7.1,1,0,1,2021-07-14
S103727,9.28,1,18.6,0,1,0,23/04/2023
S103728,7.45,1,1.2,1,0,0,2023-08-04
S103729,7.85,2,7.2,1,2,1,07/07/2022
S103730,6.46,0,11.6,0,0,0,2023-02-17
S103731,7.28,1,2.0,0,1,0,2021-07-02
S103732,7.9,0,8.6,1,0,0,2023-03-24
S103733,7.39,0,7.9,1,1,1,21/06/2023
S103734,7.49,0,1.0,1,0,0,2022-12-29
S103735,6.98,0,8.7,0,0,0,11/09/2022
S103736,8.45,0,8.7,0,1,1,2022-06-22
S103737,9.54,2,2.8,1,2,0,20/11/2022
S103738,8.09,0,1.7,0,1,1,2022-02-12
S103739,6.39,1,8.6,1,0,1,2021-10-17
S103740,10.0,0,1.4,0,0,1,16/05/2022
S103741,4.94,1,2.5,0,2,0,2022-12-08
S103742,7.83,1,4.3,1,0,0,2023-07-16
S103743,8.62,0,5.2,0,0,0,12-01-2022
S103744,6.0,1,1.0,0,0,2,2023-04-04
S103745,9.09,0,5.3,1,1,0,2021-12-05
S103746,7.8,1,1.0,1,1,0,2021-08-10
S103747,8.66,0,1.0,1,2,1,2023-07-19
S103748,9.45,0,16.9,1,1,0,2022-06-10
S103749,7.95,1,1.0,0,0,0,2023-06-19
S103750,5.16,0,1.9,0,1,0,02/04/2023
S103751,7.06,1,14.6,0,0,0,2023-06-07
S103752,8.95,0,2.9,0,0,2,08/12/2022
S103753,5.6,0,1.0,1,0,0,2022-08-02
S103754,6.07,0,1.0,1,0,0,2023-05-17
S103755,7.27,0,1.0,1,1,0,2022-02-02
S103756,8.69,0,9.0,0,0,0,02/11/2022
S103757,6.47,1,1.0,0,0,0,02/09/2021
S103758,6.3,0,8.6,0,0,0,04/09/2021
S103759,8.97,0,5.1,0,0,1,2021-12-30
S103760,8.94,1,3.0,1,1,0,02/10/2022
S103761,6.9,1,1.0,1,0,0,03/08/2021
S103762,5.98,0,11.3,1,2,1,2022-02-06
S103763,8.26,0,7.2,0,0,0,2023-07-04
S103764,7.09,0,8.2,0,0,0,2022-01-02
S103765,5.62,0,1.8,0,0,0,25/01/2023
S103766,7.59,1,2.2,1,0,0,2022-04-17
S103767,7.71,0,3.6,0,1,0,07/09/2022
S103768,6.58,1,3.8,0,1,1,2023-06-25
S103769,6.1,1,1.0,0,1,0,2021-09-20
S103770,4.91,0,1.0,1,1,0,2022-08-08
S103771,7.07,1,3.2,1,0,0,2022-02-22
S103772,5.49,4,8.2,1,1,0,2023-03-06
S103773,6.71,0,3.1,0,0,0,2021-08-08
S103774,8.68,0,1.0,0,1,0,23/04/2022
S103775,6.3,1,1.0,0,0,1,2021-07-25
S103776,8.08,3,13.4,1,0,0,2023-03-26
S103777,8.24,1,1.0,0,0,0,2021-12-11
S103778,5.88,0,4.2,0,1,0,2023-03-05
S103779,4.71,0,7.3,1,0,0,2021-12-30
S103780,9.32,0,1.2,0,1,0,2022-04-02
S103781,9.13,0,2.7,1,1,2,2023-06-14
S103782,7.88,1,4.9,0,0,0,2021-09-16
S103783,7.39,0,2.8,1,0,1,2023/08/19 05:42:58
S103784,8.37,1,3.3,0,1,0,2023-03-06
S103785,5.91,1,3.0,0,2,1,2021-09-05
S103786,6.32,1,9.3,1,0,0,2023-01-12
S103787,6.37,1,1.0,1,1,0,2023-03-15
S103788,6.02,1,5.4,0,0,0,01-29-2023
S103789,5.49,0,4.3,0,0,0,2022-11-22
S103790,8.83,0,1.8,0,2,0,2023-02-22
S103791,8.34,0,3.1,0,2,0,10/08/2023
S103792,7.66,0,1.7,0,0,0,2021-12-24
S103793,8.21,0,7.5,0,2,0,2022/02/25 02:25:59
S103794,6.98,0,1.0,0,0,1,03-09-2022
S103795,8.56,0,8.9,0,2,0,2023-06-17
S103796,9.05,2,,1,1,0,2022-02-02
S103797,6.96,0,1.0,0,2,0,2022-10-24
S103798,4.49,1,1.0,0,1,0,2022-04-19
S103799,5.85,0,15.9,0,0,0,2022-11-02
S103800,6.3,1,20.7,1,0,0,2022-05-11
S103801,6.2,0,11.1,1,0,0,05-28-2022
S103802,8.61,0,5.5,1,0,0,2022-05-29
S103803,7.28,1,2.2,1,1,0,19/07/2021
S103804,4.43,2,5.4,1,1,1,24/11/2022
S103805,7.49,1,,0,0,0,02-06-2023
S103806,8.68,0,9.9,0,0,1,2021-12-03
S103807,6.14,1,14.5,1,1,0,2023-04-19
S103808,4.78,2,3.2,1,0,0,02/08/2021
S103809,8.55,0,3.6,1,1,0,21/03/2022
S103810,4.63,0,9.7,1,0,0,04-14-2022
S103811,6.7,1,3.0,0,1,0,01/01/2023
S103812,6.58,1,1.4,0,1,0,2022-10-28
S103813,5.4,0,1.0,0,0,0,2021-09-13
S103814,6.5,1,2.9,0,1,0,2023-08-01
S103815,6.96,1,5.1,1,0,0,29/12/2022
S103816,9.41,0,1.9,0,0,0,2022-09-03
S103817,6.87,1,2.9,0,2,0,22/05/2022
S103818,6.73,0,3.1,0,0,1,09-11-2021
S103819,6.34,0,3.2,0,1,0,12/01/2023
S103820,6.73,0,2.7,1,0,0,2022-10-02
S103821,8.25,3,17.1,1,0,0,2022-06-13
S103822,6.83,1,1.9,1,0,0,09-14-2021
S103823,6.15,2,2.5,1,1,0,2021-10-03
S103824,7.3,1,10.5,1,0,0,2022-03-07
S103825,8.1,1,1.0,1,0,0,2021-10-18
S103826,4.61,0,1.0,1,0,0,2022-04-08
S103827,6.52,0,4.4,0,4,0,2021-08-28
S103828,8.71,0,12.4,0,1,1,01-09-2022
S103829,7.35,0,3.9,1,0,0,2023/08/05 02:18:49
S103830,4.76,3,1.7,1,1,0,2023/04/09 01:34:15
S103831,5.33,0,1.0,1,0,0,2022-03-01
S103832,8.35,0,1.6,0,1,0,06-16-2022
S103833,8.21,1,9.6,1,1,0,2022/01/17 11:27:22
S103834,9.55,0,9.0,0,0,1,11-24-2021
S103835,5.37,2,5.0,1,1,1,07/06/2022
S103836,5.95,2,14.8,0,2,0,27/06/2022
S103837,7.16,1,1.4,0,0,1,2022-03-03
S103838,5.75,0,3.3,0,0,1,03-08-2023
S103839,7.89,0,7.0,1,0,0,2022-10-20
S103840,6.68,1,4.3,0,2,0,2023-04-09
S103841,6.52,0,9.0,1,1,0,2022/07/07 01:25:31
S103842,8.04,1,17.5,0,0,0,2021-11-23
S103843,6.55,0,5.9,1,0,1,2023-05-19
S103844,7.4,0,29.7,1,0,0,2021/09/07 12:06:46
S103845,7.08,1,14.2,0,0,0,2021/12/24 18:15:18
S103846,8.9,2,1.2,0,0,1,2023-04-23
S103847,7.71,0,13.4,1,1,0,11-05-2021
S103848,7.23,1,3.3,0,1,0,2021-12-02
S103849,8.42,1,1.0,1,0,1,2022-12-27
S103850,8.44,0,1.0,1,0,0,2021-11-13
S103851,5.09,0,1.6,0,0,0,2022-11-12
S103852,7.83,1,2.5,0,0,1,2022-11-09
S103853,6.83,1,10.7,1,0,0,2021-07-11
S103854,6.59,1,,0,0,1,05-29-2022
S103855,6.33,2,,0,1,0,09/03/2023
S103856,5.06,0,9.6,0,1,1,02-21-2023
S103857,6.52,0,8.5,1,3,0,24/10/2021
S103858,9.07,0,1.3,0,0,0,2023-07-23
S103859,6.07,0,14.5,0,0,0,06-25-2022
S103860,4.34,0,2.5,1,0,1,08-10-2022
S103861,7.66,1,,1,0,0,2023-07-22
S103862,8.16,1,9.6,0,3,1,2023-08-07
S103863,5.74,0,,1,1,1,17/01/2023
S103864,8.33,1,3.8,1,1,0,27/05/2023
S103865,6.26,0,14.8,0,0,0,07-11-2021
S103866,5.11,2,1.0,1,1,0,2023-06-09
S103867,5.32,0,10.7,0,1,0,2023-07-25
S103868,6.64,0,5.1,0,0,0,2021-10-28
S103869,5.79,0,8.2,1,0,2,22/02/2023
S103870,7.3,2,1.7,1,0,0,2022-08-26
S103871,6.45,0,5.9,0,2,0,2022-01-21
S103872,6.85,0,6.1,0,0,0,2021-08-08
S103873,6.69,0,1.0,1,1,1,26/02/2023
S103874,4.76,3,5.9,1,1,1,2022-02-15
S103875,8.58,0,1.0,1,1,2,2023-06-11
S103876,5.26,2,1.0,0,0,0,14/03/2022
S103877,7.44,0,2.2,0,1,0,2022/12/20 10:07:44
S103878,5.13,0,4.1,1,1,0,2023-05-30
S103879,7.06,0,5.3,1,0,0,2022-01-12
S103880,5.75,1,9.2,1,1,1,12-15-2022
S103881,6.85,2,5.2,0,0,0,2022-03-05
S103882,6.87,2,12.8,1,0,0,14/06/2023
S103883,6.73,0,4.8,1,0,1,16/04/2023
S103884,5.16,0,1.0,0,0,1,2023-02-08
S103885,7.8,4,1.0,0,1,1,10/07/2022
S103886,6.49,2,5.2,1,0,0,21/02/2022
S103887,6.49,0,6.7,1,0,0,2021-08-24
S103888,9.21,1,2.7,1,2,0,2021-10-20
S103889,6.12,1,3.1,0,0,0,2023/02/27 17:22:47
S103890,9.42,1,5.4,1,1,0,2021-08-29
S103891,7.51,1,10.8,1,1,1,31/10/2021
S103892,8.15,1,3.8,0,0,0,08-21-2021
S103893,9.46,1,16.4,0,0,0,2022-01-31
S103894,6.72,1,9.3,1,0,1,16/10/2022
S103895,4.69,0,3.2,1,0,0,2022/08/14 17:26:36
S103896,7.37,0,1.0,1,2,0,2022-03-30
S103897,6.42,1,4.3,0,2,0,2023-07-22
S103898,7.96,0,9.1,0,1,0,08-10-2021
S103899,7.44,2,15.7,1,0,0,2022-05-07
S103900,5.6,0,2.6,1,0,0,2023-07-07
S103901,7.51,3,11.4,1,0,0,03-05-2023
S103902,7.38,0,2.8,1,1,1,24/10/2022
S103903,5.37,2,1.0,0,0,0,2021/07/27 06:29:58
S103904,8.85,1,1.4,1,0,0,2021-08-18
S103905,6.53,1,1.9,1,0,0,2021-08-09
S103906,7.97,2,1.0,1,3,0,2022-01-04
S103907,10.0,1,3.5,1,1,0,10/02/2022
S103908,8.38,2,3.2,1,0,1,22/07/2022
S103909,7.65,1,12.0,0,0,0,2023-02-14
S103910,8.19,0,3.9,1,0,1,2021-11-20
S103911,8.14,1,1.0,1,1,0,02/04/2023
S103912,5.32,0,3.1,1,1,1,2023-07-23
S103913,5.71,1,3.8,1,0,0,2021-09-01
S103914,7.16,1,5.0,1,2,0,08-08-2023
S103915,4.74,1,7.1,1,0,0,2023-01-01
S103916,9.05,0,,0,1,0,12/08/2022
S103917,5.88,2,1.2,1,1,0,05-24-2023
S103918,6.72,1,18.8,0,0,0,2022-09-01
S103919,7.1,1,2.0,0,1,0,2022-06-17
S103920,7.81,4,10.8,1,1,0,2023-03-23
S103921,4.82,1,1.0,1,1,0,10-11-2021
S103922,4.7,0,7.5,0,0,0,2023-08-19
S103923,9.91,1,10.9,0,1,0,26/06/2023
S103924,7.8,0,1.6,0,3,0,2023/04/27 05:27:41
S103925,7.84,0,9.7,0,1,0,2022/05/27 04:44:28
S103926,7.27,1,10.0,1,0,0,2021-12-06
S103927,6.58,0,3.4,1,0,0,01/11/2021
S103928,7.61,0,3.0,1,3,0,2022/04/24 19:52:14
S103929,6.44,2,14.1,1,0,0,2023-06-26
S103930,6.11,0,19.8,1,1,0,2023-05-26
S103931,6.95,1,1.0,1,1,0,2023-01-04
S103932,6.55,1,1.0,0,1,1,2023-02-11
S103933,8.99,0,29.8,0,0,0,10-21-2022
S103934,6.45,1,8.3,0,1,0,2021-07-13
S103935,7.79,0,5.6,1,0,0,05-31-2023
S103936,6.48,0,12.4,0,0,0,22/06/2023
S103937,9.56,1,10.4,0,1,0,17/07/2021
S103938,8.82,0,4.9,0,1,0,30/07/2022
S103939,6.53,3,13.4,1,0,0,2021-09-09
S103940,5.39,0,15.5,0,0,0,06-06-2022
S103941,7.98,1,3.3,0,0,0,2021-09-13
S103942,8.61,0,5.4,0,0,0,2022-03-05
S103943,7.14,0,1.6,0,0,0,2021-07-08
S103944,5.72,0,10.6,1,0,0,10-28-2021
S103945,4.35,0,3.2,0,0,0,08-25-2021
S103946,9.92,0,5.0,0,0,0,2022-04-22
S103947,6.77,0,1.0,1,1,1,2022-03-18
S103948,6.12,0,2.0,0,0,2,19/01/2023
S103949,7.86,0,23.8,1,1,1,2023-03-04
S103950,6.39,0,1.0,0,1,0,2021-08-18
S103951,8.37,0,3.2,0,0,0,28/03/2023
S103952,5.16,1,1.5,0,2,0,2022-04-01
S103953,6.05,0,1.7,1,0,0,2022-04-17
S103954,3.5,0,4.7,0,0,1,2023-06-12
S103955,6.7,2,1.8,0,0,0,2022-12-25
S103956,7.07,0,5.6,1,0,1,2023-03-25
S103957,7.53,0,2.5,1,0,0,2021-11-11
S103958,6.57,0,3.7,1,0,0,2023-08-12
S103959,6.58,0,3.5,0,1,0,2021-10-16
S103960,6.54,3,1.0,1,0,2,21/06/2022
S103961,7.85,0,3.4,1,0,0,2021/08/03 15:21:32
S103962,5.55,0,35.9,0,1,0,2022-03-23
S103963,4.75,0,7.3,1,0,0,02-23-2023
S103964,5.49,1,4.7,1,1,0,2022-05-25
S103965,5.44,2,6.8,1,0,0,2023-01-06
S103966,7.62,0,1.0,0,0,1,2021-07-02
S103967,8.7,0,7.2,1,0,0,2022-06-10
S103968,6.37,0,1.2,1,0,0,21/07/2021
S103969,7.16,1,17.9,0,0,0,2022-05-21
S103970,5.26,1,15.0,0,2,0,2021-10-03
S103971,8.27,2,11.5,1,0,0,07-14-2022
S103972,8.11,2,2.9,1,1,0,2022-06-01
S103973,6.21,1,8.9,1,1,0,2021-07-28
S103974,7.58,0,1.4,1,3,0,2023-07-06
S103975,6.01,2,1.0,1,0,0,2021-08-19
S103976,7.57,1,8.6,0,2,0,2022-12-13
S103977,8.58,1,1.8,0,0,0,2021-07-02
S103978,4.09,0,12.4,1,1,0,2023-04-04
S103979,6.29,3,1.0,0,1,0,2021-09-05
S103980,6.4,0,2.3,0,0,0,15/02/2023
S103981,5.93,0,17.8,0,0,1,01/02/2022
S103982,7.39,2,2.0,1,1,1,2021/10/07 09:06:10
S103983,5.79,0,4.2,1,2,0,03-20-2023
S103984,7.6,3,3.7,0,0,0,03-16-2022
S103985,5.88,1,5.3,0,1,0,29/10/2021
S103986,6.55,1,1.0,1,1,0,26/03/2023
S103987,7.47,3,14.1,1,1,1,2023-03-06
S103988,8.74,1,1.0,0,1,0,28/07/2021
S103989,6.37,0,11.6,0,0,2,2021-09-23
S103990,7.07,0,4.8,0,0,0,01-07-2023
S103991,7.09,0,8.6,0,0,0,2022-11-18
S103992,5.44,0,2.5,0,0,0,15/02/2022
S103993,8.51,0,2.0,0,0,0,2022-11-30
S103994,5.92,1,9.8,1,0,0,2022-01-20
S103995,7.46,1,5.6,0,0,1,2022-02-25
S103996,7.96,1,1.6,0,0,0,2022-02-07
S103997,7.95,1,2.1,1,0,0,2021-10-28
S103998,6.22,0,9.0,0,1,0,2021-10-24
S103999,5.92,0,13.4,0,2,0,2021-07-03
S104000,8.44,0,11.7,0,2,0,2023-02-07
S104001,4.51,0,11.9,0,1,1,03-26-2023
S104002,7.22,0,10.0,0,0,0,2022-05-15
S104003,10.0,0,12.9,0,0,0,2023-02-16
S104004,8.68,2,1.0,1,0,0,2021/09/28 17:25:42
S104005,5.45,2,16.9,1,0,0,2022-08-05
S104006,6.61,0,1.0,1,0,0,2022-09-23
S104007,5.86,0,1.1,1,0,0,2022-04-09
S104008,5.04,2,1.2,1,0,0,15/08/2021
S104009,10.0,0,1.5,0,1,0,2023-05-21
S104010,6.53,1,6.7,1,0,0,2022-01-17
S104011,5.55,0,1.1,0,0,1,11/09/2022
S104012,6.49,0,1.3,0,1,0,2021-07-24
S104013,4.92,0,7.3,1,0,1,08-28-2021
S104014,5.22,0,7.1,1,2,0,2021-07-23
S104015,5.63,0,1.0,0,1,0,2023-07-30
S104016,7.53,0,11.4,0,0,0,01/06/2023
S104017,6.45,1,,1,0,1,2022-12-07
S104018,7.95,0,1.0,1,1,0,03-24-2023
S104019,8.61,0,2.3,1,1,0,2022/10/09 01:08:07
S104020,5.08,1,1.0,1,0,0,2022-08-03
S104021,4.23,0,4.0,1,0,1,05-14-2022
S104022,6.69,0,5.7,1,1,3,2022-10-21
S104023,6.98,1,1.1,0,0,0,10-01-2022
S104024,4.17,1,1.4,1,1,0,2023-02-09
S104025,5.86,0,1.0,0,0,0,2023-07-23
S104026,5.25,1,11.5,0,1,1,2022-10-22
S104027,6.65,0,4.5,1,0,1,2021-10-11
S104028,6.45,2,1.0,1,0,0,2023-04-30
S104029,7.34,1,4.8,0,1,0,07-08-2023
S104030,8.44,0,8.7,1,1,0,07-30-2022
S104031,5.27,0,13.6,1,0,0,2021-11-30
S104032,6.88,0,6.1,1,0,0,2022-10-04
S104033,5.78,0,15.2,0,0,0,07-04-2022
S104034,8.42,0,8.4,1,1,1,2022-06-26
S104035,6.42,1,3.5,1,0,0,2021-10-10
S104036,7.39,1,4.4,0,1,0,2022-10-30
S104037,8.4,0,15.5,0,0,0,2021-12-28
S104038,7.06,0,1.5,0,1,1,2021-12-09
S104039,5.54,0,2.6,0,0,0,28/07/2021
S104040,6.19,2,7.8,0,1,0,21/08/2021
S104041,7.69,1,7.2,1,1,0,2022-12-09
S104042,8.75,1,10.8,1,0,0,12-06-2021
S104043,4.74,0,2.3,0,0,0,2023-02-23
S104044,6.56,0,1.0,1,0,0,2022-01-12
S104045,6.03,0,5.0,1,1,0,2023-05-07
S104046,5.91,0,3.7,0,0,2,2023-07-27
S104047,5.2,1,3.7,1,3,0,2022-12-14
S104048,9.21,0,1.0,0,1,0,2022-12-27
S104049,7.9,0,2.1,0,0,1,2022-01-14
S104050,6.76,1,,1,1,0,2022-03-31
S104051,5.76,0,11.9,1,1,0,01/07/2023
S104052,5.77,2,1.0,0,0,0,23/11/2021
S104053,8.0,1,11.7,1,0,0,2023-02-12
S104054,8.41,1,8.9,1,0,0,22/02/2022
S104055,9.66,0,10.6,1,2,0,06-28-2022
S104056,9.23,0,9.8,0,0,0,30/03/2022
S104057,5.95,0,8.6,1,0,1,2021-11-22
S104058,6.77,0,,1,0,2,2022-05-19
S104059,6.33,2,1.4,1,1,2,03-29-2022
S104060,5.64,2,7.6,1,0,1,2021-12-15
S104061,8.25,0,1.1,1,2,1,2022-09-06
S104062,8.98,1,12.6,1,0,1,2022-06-02
S104063,6.41,0,4.1,0,0,0,12/06/2023
S104064,8.21,0,2.3,1,1,0,19/07/2023
S104065,7.31,1,1.3,0,0,2,2022-12-17
S104066,6.06,0,5.6,0,0,0,2022-04-22
S104067,5.98,0,1.0,0,1,1,2022/12/02 22:43:02
S104068,6.55,0,12.5,0,1,0,2023-06-22
S104069,8.29,0,2.2,0,0,1,2023-03-25
S104070,5.44,0,3.4,1,0,0,2022-02-18
S104071,10.0,0,6.6,0,0,1,26/04/2023
S104072,7.99,0,8.9,0,0,1,09/08/2022
S104073,8.16,2,4.0,1,0,0,05-15-2023
S104074,8.15,1,3.3,1,1,1,2023-01-21
S104075,7.75,1,8.0,0,0,0,2022-10-25
S104076,4.45,3,1.6,1,0,1,2023-06-07
S104077,8.66,1,1.0,1,0,0,03-09-2023
S104078,7.38,0,,0,0,0,2022-10-04
S104079,10.0,1,13.0,0,1,0,2023-01-13
S104080,6.31,1,3.2,1,1,1,19/07/2021
S104081,9.8,3,3.1,1,0,1,2022-05-01
S104082,6.88,0,5.9,1,2,1,2021-08-29
S104083,7.98,0,3.5,1,0,0,09-21-2022
S104084,5.19,2,1.3,1,1,0,2022-11-20
S104085,5.21,0,27.4,1,0,0,2022-01-01
S104086,5.32,1,6.6,1,0,0,2022-03-09
S104087,6.7,2,2.4,1,2,0,2022-05-08
S104088,4.27,2,3.6,1,0,1,2023-04-05
S104089,4.97,1,1.1,0,0,0,21/01/2022
S104090,4.84,0,11.8,1,1,1,2021-12-25
S104091,7.25,3,1.0,0,0,0,09-11-2021
S104092,5.21,0,12.8,0,0,0,2022-06-12
S104093,6.69,0,20.3,1,0,0,2023-04-17
S104094,6.59,0,1.2,0,1,0,2022-06-11
S104095,7.35,1,1.5,0,1,0,28/01/2022
S104096,6.28,1,,1,1,0,2022-06-18
S104097,5.13,0,11.4,0,0,0,28/11/2021
S104098,7.52,1,2.7,0,0,0,03/04/2022
S104099,5.0,3,1.0,1,1,1,03-09-2022
S104100,5.89,1,1.5,1,0,1,30/06/2022
S104101,6.83,0,1.4,1,2,1,2022-10-10
S104102,7.46,0,1.2,0,2,0,24/02/2022
S104103,6.69,0,,0,1,0,09-19-2021
S104104,6.85,0,1.1,0,0,0,2022/04/12 19:18:59
S104105,5.01,1,1.0,0,1,0,2023-03-17
S104106,6.56,1,16.8,1,1,0,11/09/2021
S104107,7.6,2,8.3,1,1,1,2022-04-29
S104108,5.31,0,4.5,1,1,0,2021-10-31
S104109,5.46,1,24.7,1,1,0,22/05/2022
S104110,6.51,1,2.5,1,0,1,2022/09/25 17:08:12
S104111,7.86,1,18.7,1,0,0,2022-02-15
S104112,5.87,0,7.8,0,1,0,09-10-2022
S104113,7.75,1,7.2,0,0,0,2023-08-17
S104114,5.47,2,1.8,0,0,1,2022-05-10
S104115,6.39,0,1.0,0,3,0,2022-03-12
S104116,6.36,1,4.7,0,0,1,2022-10-16
S104117,6.12,1,2.6,1,1,0,07-23-2023
S104118,7.4,1,1.5,1,0,0,2022-11-18
S104119,5.92,2,42.4,1,1,0,2022-02-12
S104120,7.03,2,2.6,0,2,1,2023-07-24
S104121,7.62,2,11.2,0,0,1,2021-11-17
S104122,7.09,0,1.0,0,2,0,09-11-2021
S104123,7.47,0,2.8,0,0,1,2021-10-18
S104124,5.69,0,3.2,0,0,0,2021-07-29
S104125,4.56,0,4.3,1,0,0,18/07/2023
S104126,6.19,0,5.3,0,0,1,2023-07-09
S104127,7.37,1,1.2,0,2,0,18/12/2021
S104128,7.35,1,4.1,0,0,0,2022-10-24
S104129,6.79,1,1.5,1,0,0,2022-04-22
S104130,6.74,2,5.2,1,2,1,2022/06/28 00:36:05
S104131,8.03,0,27.9,1,0,0,01/11/2022
S104132,9.74,0,1.0,0,0,0,2021-08-23
S104133,6.28,2,1.2,1,1,0,03/01/2023
S104134,7.36,0,11.2,0,2,0,01-10-2023
S104135,5.04,2,,0,1,0,2022-03-09
S104136,6.04,0,10.9,0,0,0,2021-07-06
S104137,7.42,0,10.9,0,1,0,2022-10-04
S104138,9.3,2,4.6,1,1,1,2023-05-06
S104139,4.9,1,2.2,1,1,0,2023-06-13
S104140,7.58,1,14.8,1,0,0,02-10-2023
S104141,9.77,1,5.3,1,0,1,2023-02-09
S104142,6.62,2,6.1,0,0,0,30/05/2023
S104143,5.27,1,1.0,1,1,2,2021-07-04
S104144,6.39,0,6.6,0,1,0,2021-07-07
S104145,8.59,2,2.1,1,0,0,10/01/2022
S104146,6.68,1,10.3,1,1,0,2023-07-17
S104147,7.04,2,1.3,1,1,0,2021-12-31
S104148,9.02,0,2.7,0,0,1,2022-06-15
S104149,7.78,3,11.5,1,0,0,15/02/2022
S104150,7.35,1,11.6,1,0,2,2022-08-29
S104151,7.45,0,4.5,1,1,0,2023-03-29
S104152,6.17,0,1.0,1,1,1,2023/03/17 18:20:13
S104153,6.01,0,,1,0,1,2022/08/05 09:59:58
S104154,7.46,0,20.8,1,0,1,2021-12-05
S104155,7.33,0,1.0,1,0,0,2023-02-01
S104156,5.55,2,1.0,0,1,0,31/07/2023
S104157,7.51,0,9.8,0,0,0,18/06/2022
S104158,8.45,0,6.7,0,1,0,2023-04-03
S104159,5.63,0,19.2,0,3,0,2022-08-12
S104160,7.92,0,8.8,0,1,1,03/03/2022
S104161,6.39,0,7.3,1,0,0,09-18-2022
S104162,6.85,0,9.8,1,2,0,27/09/2022
S104163,4.79,1,2.8,0,0,0,2021-09-25
S104164,8.11,4,13.8,1,0,1,2021-08-05
S104165,8.32,0,1.5,0,1,0,05/06/2022
S104166,7.94,0,3.1,1,0,0,2023-05-29
S104167,5.74,0,40.5,1,0,1,2021-09-17
S104168,5.6,1,1.8,1,1,0,2022-12-18
S104169,6.18,0,1.0,1,0,0,2022-01-24
S104170,6.82,1,1.0,1,1,0,2022-04-15
S104171,6.9,1,1.9,0,0,0,13/10/2022
S104172,7.13,0,1.0,0,1,1,19/04/2022
S104173,7.59,0,8.5,1,0,0,12-26-2021
S104174,4.66,2,8.1,1,1,1,15/09/2022
S104175,10.0,0,16.6,0,3,0,2021-10-18
S104176,8.8,1,7.8,1,1,2,2023-07-12
S104177,8.07,0,49.0,0,0,0,2022-07-09
S104178,6.04,0,30.2,1,0,1,2023-03-30
S104179,7.08,0,26.2,0,0,1,08-03-2023
S104180,6.22,0,16.2,1,0,0,2022-11-20
S104181,4.74,1,1.0,0,0,0,2021-11-28
S104182,6.66,0,1.1,1,0,0,2022-09-07
S104183,6.2,0,3.7,1,1,1,2023-01-30
S104184,6.9,0,6.4,1,1,2,25/09/2022
S104185,6.78,1,7.4,0,1,0,2021-08-17
S104186,7.65,0,3.1,1,1,0,2022-05-24
S104187,4.9,3,,1,2,0,2022-11-30
S104188,7.8,0,8.0,1,2,0,12-03-2021
S104189,7.82,0,16.6,1,1,0,2022-11-14
S104190,6.4,0,1.8,0,0,0,2023-02-09
S104191,5.45,1,2.1,0,2,2,2023-06-25
S104192,9.06,0,25.3,0,0,0,2021-07-25
S104193,5.69,0,15.7,1,2,0,2022-05-16
S104194,8.43,0,3.2,1,1,0,11/10/2022
S104195,6.21,1,1.8,1,0,0,26/08/2023
S104196,6.94,1,4.6,0,1,0,26/03/2022
S104197,6.56,0,1.0,0,0,0,2023-04-01
S104198,9.29,0,5.3,0,1,0,2021-09-05
S104199,4.55,0,13.3,0,0,0,2021-12-02
S104200,8.17,0,5.4,0,1,1,2022-07-09
S104201,5.73,1,1.0,0,0,1,2022-02-27
S104202,6.96,1,1.0,1,1,1,2022-04-03
S104203,8.6,0,5.4,1,0,0,25/06/2023
S104204,5.46,2,3.4,1,1,0,14/01/2023
S104205,7.66,0,23.2,0,0,0,07-17-2021
S104206,6.57,2,2.1,1,1,1,01/03/2022
S104207,6.53,1,6.5,1,1,0,2021-08-23
S104208,5.92,0,2.4,1,0,0,2022-04-23
S104209,5.73,0,1.0,1,1,1,2023-03-01
S104210,4.9,0,9.2,1,0,0,2022-04-10
S104211,9.58,1,2.4,0,0,1,2023-05-22
S104212,5.34,0,7.1,1,0,0,2023-05-15
S104213,6.7,1,4.8,0,3,1,2023-08-05
S104214,8.99,0,4.0,1,1,0,30/10/2022
S104215,6.73,0,1.0,0,1,0,20/07/2021
S104216,6.43,1,4.9,1,0,1,2022-03-12
S104217,6.61,0,4.0,0,0,0,2021-09-07
S104218,6.42,0,4.5,0,1,0,2023-05-12
S104219,6.95,0,4.1,1,0,0,01/09/2022
S104220,8.7,2,4.6,1,0,0,2023-05-26
S104221,6.63,1,1.0,1,0,2,13/05/2022
S104222,10.0,1,1.5,1,0,0,2022-03-31
S104223,7.64,0,1.7,0,0,0,2023-06-30
S104224,8.25,0,1.4,1,1,0,2022-08-23
S104225,9.32,0,1.0,0,1,0,2022-07-12
S104226,8.76,1,2.6,1,3,0,2023-08-04
S104227,7.62,0,1.0,1,0,0,15/06/2023
S104228,6.87,0,,0,3,0,2022-10-23
S104229,5.9,2,3.6,1,1,0,2021-09-09
S104230,10.0,0,5.4,1,0,0,07-14-2021
S104231,7.19,2,8.3,1,0,0,2022-06-08
S104232,8.17,0,7.2,0,0,0,2023-08-07
S104233,7.1,0,1.0,1,1,1,2022-06-22
S104234,8.17,0,1.2,0,0,1,01/11/2021
S104235,8.45,1,4.8,0,1,1,30/12/2022
S104236,5.09,1,2.2,1,0,0,2021-07-17
S104237,5.25,2,6.6,1,0,0,2022/07/25 22:37:57
S104238,5.58,0,5.9,1,0,1,22/02/2023
S104239,6.67,1,1.0,0,1,0,2022-08-07
S104240,7.44,0,11.9,1,2,0,22/12/2021
S104241,7.63,1,1.0,0,1,1,2022-11-26
S104242,8.1,1,2.9,0,1,0,04/02/2023
S104243,5.66,1,4.0,1,1,0,2022-12-26
S104244,10.0,0,1.9,0,2,0,23/08/2022
S104245,7.57,0,1.0,0,1,2,2023-06-25
S104246,8.48,0,7.0,1,0,1,12-28-2021
S104247,5.23,0,4.1,0,1,0,2021-08-25
S104248,6.18,0,1.7,0,2,0,11/05/2022
S104249,8.0,1,31.2,0,0,0,2022-04-04
S104250,5.38,0,12.3,0,3,0,04-24-2023
S104251,8.52,2,1.6,1,0,0,07/09/2022
S104252,5.58,1,10.7,1,0,1,2021-11-15
S104253,6.16,2,2.8,1,0,0,02-27-2022
S104254,5.0,2,12.5,1,1,0,2023-01-09
S104255,9.71,1,1.0,1,0,0,11/11/2022
S104256,7.43,0,2.0,0,0,1,31/12/2022
S104257,5.21,1,4.5,0,0,0,2022-09-11
S104258,7.01,2,14.8,1,2,0,2021/10/26 18:53:48
S104259,5.38,0,4.1,1,0,1,2021-09-02
S104260,6.53,2,20.4,1,0,0,2022-10-20
S104261,5.68,0,1.9,0,0,0,08-16-2021
S104262,7.04,1,1.8,1,2,0,03/08/2021
S104263,6.15,1,1.4,1,0,0,2023-02-24
S104264,6.2,0,2.2,1,0,1,2022-04-13
S104265,7.64,1,,1,0,0,25/10/2022
S104266,5.84,1,15.4,1,1,0,2022-11-19
S104267,6.94,2,4.2,1,1,0,06-14-2022
S104268,7.45,0,1.0,1,1,1,02/07/2021
S104269,7.37,0,8.8,0,1,1,2023-05-09
S104270,7.61,1,4.0,0,0,0,2022-11-21
S104271,7.57,0,5.8,1,1,1,2023-03-31
S104272,9.0,0,10.7,1,0,1,2022-02-08
S104273,7.56,1,1.0,1,2,2,03/04/2023
S104274,8.39,1,1.6,0,0,0,2022/09/23 20:21:42
S104275,5.97,0,3.8,0,2,0,2021-11-16
S104276,5.66,1,,1,0,0,2022-07-03
S104277,9.6,2,1.0,1,3,0,2023-01-04
S104278,8.95,1,5.7,1,1,1,09/12/2021
S104279,5.8,0,10.3,1,3,1,19/06/2023
S104280,4.15,0,1.4,0,1,0,23/09/2022
S104281,7.82,4,12.2,1,1,0,2022-03-05
S104282,4.38,3,8.0,1,1,0,11-10-2022
S104283,5.78,1,2.2,0,3,1,2023-04-27
S104284,9.05,2,14.5,0,1,1,14/05/2023
S104285,6.42,0,15.3,0,2,0,12/06/2022
S104286,8.18,1,17.8,1,1,0,11/07/2023
S104287,6.71,1,10.3,1,1,0,2021-08-30
S104288,5.87,0,8.0,0,0,0,13/01/2023
S104289,7.03,0,4.0,1,0,0,2021-10-29
S104290,6.48,2,,0,0,1,09/04/2023
S104291,8.65,0,5.1,1,0,0,2021-11-21
S104292,4.6,0,3.8,1,1,1,2022-08-04
S104293,10.0,0,1.0,0,0,0,2022-05-25
S104294,7.54,0,2.8,0,1,1,31/07/2021
S104295,7.92,0,5.7,1,2,0,2021-12-12
S104296,5.71,1,9.6,1,0,0,10/07/2022
S104297,8.85,2,1.0,0,0,0,18/06/2023
S104298,6.93,4,4.7,1,1,2,19/07/2022
S104299,8.84,0,6.2,0,0,1,2022-04-15
S104300,6.71,1,2.4,1,1,0,25/08/2023
S104301,9.45,1,3.3,1,0,1,2021-11-14
S104302,4.43,1,,0,0,1,2022-06-21
S104303,7.16,1,12.4,0,1,0,2022-08-13
S104304,7.34,0,4.9,0,0,0,2022-07-03
S104305,4.13,1,1.0,1,1,0,2021-12-13
S104306,5.58,2,8.3,0,1,0,2022-11-28
S104307,8.33,2,7.6,1,0,2,2022-04-21
S104308,7.21,1,9.1,1,1,0,2022-11-17
S104309,5.43,1,2.2,0,1,0,2023-04-13
S104310,4.15,1,3.3,1,0,0,2022-06-01
S104311,5.56,0,1.0,0,2,0,12-20-2021
S104312,5.3,0,1.0,0,1,0,2023-01-23
S104313,4.77,0,4.1,1,1,0,2021-12-11
S104314,8.79,2,1.0,1,2,0,2022-04-02
S104315,6.76,1,8.7,1,0,1,2023-07-29
S104316,9.33,2,15.3,0,0,0,2022-05-05
S104317,8.58,1,2.2,0,0,1,2023-05-17
S104318,7.5,1,4.0,1,0,0,2022/09/08 18:02:58
S104319,6.12,0,3.2,0,1,0,28/06/2022
S104320,6.89,0,3.1,0,0,0,28/07/2021
S104321,7.57,1,21.2,1,0,0,2023/06/11 14:04:31
S104322,4.47,0,7.1,0,0,0,08-20-2021
S104323,6.34,1,4.4,1,0,0,28/10/2022
S104324,7.47,0,6.6,0,0,1,16/11/2022
S104325,9.39,1,4.7,0,0,0,2023-02-04
S104326,10.0,1,4.8,1,1,0,2022-05-31
S104327,7.34,0,10.4,1,0,0,2022-03-27
S104328,7.88,1,1.0,1,0,0,2023-04-12
S104329,4.75,0,1.2,1,1,0,2022/01/25 11:29:58
S104330,8.72,1,15.3,0,0,0,2023-07-16
S104331,8.04,1,8.9,0,0,0,28/03/2023
S104332,6.99,0,8.3,0,2,0,2023-06-17
S104333,6.14,1,4.6,0,0,0,2022-07-12
S104334,5.27,1,8.9,0,1,0,2022-11-26
S104335,6.22,0,3.2,1,0,0,2021-09-28
S104336,5.44,2,5.9,1,0,1,2021-10-23
S104337,5.08,0,8.8,1,1,1,2022-02-26
S104338,7.21,0,1.0,0,1,0,2022-08-16
S104339,6.28,0,1.2,1,1,0,2023-05-04
S104340,6.33,1,12.6,0,0,1,14/12/2022
S104341,6.23,1,18.4,0,2,0,2023-01-22
S104342,6.01,0,4.4,0,2,0,2023-02-24
S104343,7.8,0,1.6,1,0,2,2021-09-12
S104344,10.0,4,10.4,0,0,0,2021-10-30
S104345,3.96,0,7.9,0,1,1,2023-04-04
S104346,5.75,2,12.2,0,1,0,2023-06-08
S104347,6.55,0,9.7,0,0,0,2023-07-10
S104348,6.29,1,4.9,1,0,1,01-19-2022
S104349,4.95,0,6.3,0,1,0,2022-03-10
S104350,6.8,0,1.0,0,1,0,2023-05-09
S104351,10.0,0,1.0,0,2,0,2021-12-10
S104352,5.87,0,1.2,0,1,2,2022-05-16
S104353,6.53,2,25.6,0,1,2,2023-06-27
S104354,4.83,1,5.0,1,2,0,03/12/2021
S104355,9.61,0,3.1,0,0,0,07/05/2022
S104356,6.3,1,2.4,0,1,0,2022-04-26
S104357,9.1,0,15.1,0,0,0,08-13-2021
S104358,7.66,2,1.6,0,1,1,2022-09-09
S104359,6.79,0,1.2,0,1,1,30/03/2022
S104360,7.28,1,7.8,1,0,0,29/07/2021
S104361,8.03,2,10.5,0,0,0,02/10/2021
S104362,7.48,0,3.7,1,1,1,2021-11-19
S104363,7.37,0,1.0,0,0,0,2021-12-10
S104364,6.36,0,1.0,1,0,0,2023-06-08
S104365,4.49,2,7.6,1,0,0,2022-04-21
S104366,6.17,0,11.3,1,2,2,2022-10-31
S104367,8.57,2,6.8,0,1,0,2022-04-09
S104368,5.64,1,1.0,1,1,0,2021-10-01
S104369,5.8,1,1.0,0,1,1,18/03/2023
S104370,7.09,0,10.3,0,1,1,2023-06-08
S104371,8.82,0,1.0,1,3,0,28/12/2022
S104372,6.82,1,31.2,1,0,0,2021-12-24
S104373,7.77,0,17.3,0,0,1,06-26-2023
S104374,8.11,0,6.5,0,1,0,2022-08-16
S104375,8.04,2,4.4,1,0,0,2022-08-31
S104376,7.19,1,1.9,0,0,1,07-10-2021
S104377,6.97,0,14.1,1,0,3,2023-03-03
S104378,5.08,2,3.6,0,2,0,2021-12-19
S104379,5.31,0,3.9,1,0,0,2022-02-11
S104380,7.84,1,2.6,1,1,0,2021-08-30
S104381,7.81,3,3.4,1,0,0,2022-09-06
S104382,8.08,1,3.6,0,0,2,2021-11-27
S104383,5.93,0,3.1,0,0,0,02-04-2023
S104384,7.71,2,14.2,0,1,0,27/11/2022
S104385,7.69,0,1.0,0,3,0,2022-11-17
S104386,6.0,0,3.2,1,2,0,04/09/2022
S104387,6.17,1,14.8,1,1,0,2023-03-12
S104388,7.0,0,1.5,0,1,0,2022-08-05
S104389,6.06,0,21.2,0,1,0,2021-09-29
S104390,9.14,0,23.1,0,0,1,09/05/2022
S104391,7.68,0,6.2,0,1,0,2022-05-15
S104392,7.3,0,1.0,1,1,1,05/06/2022
S104393,6.36,0,2.6,0,0,1,2023-08-16
S104394,7.14,0,,1,0,0,2022/12/14 19:43:49
S104395,9.48,0,2.9,0,1,0,15/12/2022
S104396,6.87,2,1.4,0,1,0,2021-09-12
S104397,8.94,1,1.3,0,0,0,26/02/2022
S104398,6.23,0,4.5,0,0,1,2023-06-20
S104399,6.92,2,1.0,1,0,0,2021-09-25
S104400,5.99,0,9.8,0,1,1,2022-01-28
S104401,6.28,2,2.6,0,0,0,2023-06-07
S104402,3.5,0,2.3,0,1,0,22/09/2022
S104403,8.75,1,2.2,0,3,0,2021-12-14
S104404,8.44,0,5.1,1,0,0,2021-09-26
S104405,4.84,0,10.6,1,0,0,2023-08-27
S104406,6.96,1,2.1,0,1,0,2023-07-20
S104407,6.73,0,4.6,1,0,0,2022-01-04
S104408,7.58,0,13.8,1,1,0,04/10/2021
S104409,6.34,1,4.9,1,0,0,2021/10/11 19:55:27
S104410,4.13,2,10.8,0,2,1,2022-05-26
S104411,7.99,0,,1,0,0,2022-03-13
S104412,7.45,0,17.8,0,0,0,2021-08-27
S104413,5.26,1,5.3,0,0,0,01/11/2021
S104414,9.36,1,8.3,0,0,1,2023-04-21
S104415,4.3,0,8.0,0,0,0,2021-11-02
S104416,9.45,2,5.0,1,0,0,07/08/2022
S104417,4.9,0,1.5,1,0,0,2022-11-18
S104418,6.59,1,2.3,0,0,1,2022-03-11
S104419,5.49,0,2.1,0,1,0,18/10/2022
S104420,5.7,1,21.4,0,1,0,2021-10-19
S104421,8.87,0,17.1,1,2,0,2022-07-18
S104422,8.86,2,5.2,1,0,0,2021-12-16
S104423,5.75,2,1.0,0,0,0,2022-12-09
S104424,7.05,0,1.0,1,1,0,2021-07-07
S104425,5.27,1,6.7,1,0,0,10-17-2021
S104426,8.87,1,3.0,1,0,0,2023-04-17
S104427,7.02,0,18.8,1,0,1,12/12/2021
S104428,5.92,2,3.3,1,2,0,2022-10-20
S104429,5.89,0,1.0,1,1,1,2022-09-23
S104430,6.53,1,1.1,1,1,0,2021-08-08
S104431,5.82,1,1.0,0,1,0,2022-12-04
S104432,6.59,0,6.6,0,1,0,2023-03-15
S104433,7.76,2,6.9,1,1,0,2022-02-18
S104434,5.52,2,16.1,1,1,1,2023-04-09
S104435,7.67,0,6.0,0,0,1,2023-05-16
S104436,7.4,1,8.4,1,1,1,2023/04/03 14:55:07
S104437,6.88,2,1.4,1,0,0,2021-10-02
S104438,6.07,0,1.0,1,0,0,2022-07-30
S104439,6.35,1,1.0,1,1,0,2022-02-04
S104440,7.72,2,6.9,1,1,0,2022-06-22
S104441,7.22,0,1.0,0,0,0,23/07/2022
S104442,7.82,0,2.0,1,0,0,2021-10-26
S104443,9.2,0,21.5,0,0,0,2022-04-22
S104444,8.86,0,2.9,0,2,0,2021-10-13
S104445,7.25,3,3.2,1,1,1,10/04/2022
S104446,8.82,1,4.5,0,2,0,2021-09-27
S104447,8.36,1,5.3,1,0,0,2022-08-13
S104448,6.05,0,1.0,0,0,0,2021-10-14
S104449,6.79,0,,1,2,0,2022-03-10
S104450,7.5,0,1.0,1,1,0,2022-10-10
S104451,6.87,0,2.4,0,0,1,08-02-2022
S104452,7.34,0,6.6,0,1,0,29/12/2021
S104453,7.57,0,4.0,1,2,1,2023-05-20
S104454,8.6,0,2.3,0,2,0,2023-02-13
S104455,5.94,0,1.4,0,0,0,2023-06-20
S104456,7.67,0,4.2,1,0,2,2022-10-08
S104457,7.41,1,38.0,0,1,0,2021-12-24
S104458,7.59,1,1.0,1,0,0,2022-04-05
S104459,3.5,0,3.5,1,0,0,2023/04/29 17:21:47
S104460,6.28,0,27.2,1,0,1,2022-05-18
S104461,8.98,2,6.6,0,1,1,12-04-2021
S104462,4.89,0,,0,1,1,2022-07-28
S104463,7.49,0,8.9,1,1,1,2022-02-25
S104464,6.64,0,14.1,1,0,0,2023-06-25
S104465,5.97,0,1.0,0,1,0,28/07/2022
S104466,7.25,0,1.0,1,1,0,2022-11-03
S104467,7.23,1,1.1,1,0,0,21/08/2022
S104468,4.93,0,3.8,0,1,1,15/01/2023
S104469,5.32,0,4.2,0,0,0,15/09/2022
S104470,9.74,0,1.4,0,0,0,25/09/2021
S104471,7.19,1,7.3,1,0,1,13/06/2023
S104472,8.1,1,1.0,1,0,2,02/08/2021
S104473,8.13,0,3.0,0,0,1,2022-10-20
S104474,9.13,1,6.4,1,1,1,26/09/2022
S104475,7.04,1,6.3,1,0,0,06-19-2022
S104476,7.45,0,3.5,0,0,0,2023-03-07
S104477,6.72,1,4.8,1,0,2,12-10-2022
S104478,5.46,1,1.3,1,1,1,2022-05-19
S104479,10.0,1,2.8,1,1,0,2023-05-12
S104480,6.29,2,10.0,1,0,0,2021-10-14
S104481,5.76,0,19.1,0,0,0,2022-08-03
S104482,10.0,0,7.8,0,0,1,05/02/2023
S104483,6.85,0,6.9,1,0,1,11-23-2022
S104484,6.41,0,6.8,0,1,0,17/07/2021
S104485,6.4,0,12.1,1,0,1,2022/02/01 10:19:08
S104486,6.01,0,5.7,1,1,1,2023-03-06
S104487,5.39,0,11.0,1,1,0,2022-06-19
S104488,7.44,1,22.0,0,1,1,2023-07-06
S104489,8.15,0,3.2,1,0,1,02/02/2023
S104490,6.33,0,8.2,0,0,0,2022-01-28
S104491,8.49,1,1.0,0,0,0,2022/11/15 04:52:27
S104492,3.5,3,4.4,1,2,1,01/01/2023
S104493,5.74,1,1.3,1,0,1,2023/02/02 23:31:24
S104494,7.12,0,23.2,0,1,0,2023-07-12
S104495,6.91,1,2.2,1,0,0,2023-06-24
S104496,6.3,2,1.0,1,0,0,30/08/2022
S104497,4.03,2,6.8,1,1,0,22/07/2022
S104498,6.42,1,1.0,0,1,0,2022-05-28
S104499,7.7,0,4.2,0,1,0,04-09-2022
S104500,4.93,1,10.6,0,0,0,04-10-2022
S104501,5.18,2,10.6,0,0,0,2022-06-30
S104502,5.99,2,5.3,1,0,0,2022-09-04
S104503,5.84,2,7.2,0,0,1,2023-01-16
S104504,5.42,0,3.3,1,0,0,2021-12-22
S104505,7.84,0,11.8,0,3,0,28/11/2021
S104506,8.81,0,2.5,0,0,0,2023-06-13
S104507,7.14,0,1.0,1,0,0,07/08/2022
S104508,7.42,0,1.0,1,0,0,13/01/2023
S104509,8.3,2,1.7,1,0,1,2022-01-28
S104510,7.34,0,11.0,1,1,0,2023-03-30
S104511,8.06,0,5.4,1,0,1,2022-11-02
S104512,6.8,0,3.3,1,0,1,2022-11-11
S104513,7.01,1,6.1,0,1,0,2023-05-12
S104514,6.59,1,1.0,1,2,0,2023/06/13 14:30:24
S104515,9.21,3,5.8,1,1,0,2022-08-26
S104516,6.24,0,9.3,1,1,0,2023-08-03
S104517,6.73,1,18.7,1,0,0,2023-05-31
S104518,9.23,0,16.1,0,0,0,2023-07-01
S104519,7.56,0,2.2,0,0,0,2023-05-09
S104520,7.2,0,9.5,0,0,1,30/07/2023
S104521,7.46,1,5.2,0,0,0,2021-10-05
S104522,6.2,0,7.6,0,0,0,2023/07/28 07:20:27
S104523,5.58,1,1.0,0,0,0,2022-06-01
S104524,7.37,0,1.0,1,0,1,11-01-2022
S104525,7.13,0,5.3,1,0,0,06-16-2023
S104526,5.47,1,5.3,1,0,1,2021-12-08
S104527,7.45,0,13.8,1,0,1,2022-11-11
S104528,6.81,1,2.8,1,0,2,2023-01-22
S104529,6.85,0,10.7,0,1,0,21/08/2023
S104530,5.78,0,21.8,1,0,0,06-20-2022
S104531,7.82,0,8.3,0,1,0,2022-02-17
S104532,5.74,0,4.1,0,0,1,2023-06-09
S104533,6.27,1,3.0,1,0,1,25/01/2022
S104534,9.04,0,3.1,0,1,0,2023/05/09 04:23:26
S104535,7.56,0,3.1,0,1,0,06/06/2023
S104536,6.22,0,5.2,0,2,0,02-11-2022
S104537,8.34,1,1.6,1,1,0,2022-07-05
S104538,7.12,1,2.4,1,0,1,30/09/2022
S104539,7.57,0,7.5,1,0,0,18/02/2022
S104540,5.88,1,1.1,0,0,0,18/11/2022
S104541,4.35,2,10.2,0,1,0,2022-04-05
S104542,7.35,0,3.6,0,0,0,2022-11-05
S104543,4.9,0,1.0,0,0,0,2021-11-20
S104544,7.97,1,,0,0,0,2023-04-20
S104545,9.1,1,1.0,0,1,1,2021-12-07
S104546,8.51,0,4.7,1,0,0,19/08/2023
S104547,7.57,1,1.0,1,0,0,2022-05-12
S104548,4.96,0,19.9,0,0,0,2021-07-20
S104549,6.77,1,13.3,1,0,0,21/11/2022
S104550,6.95,1,2.7,1,0,0,11-14-2021
S104551,5.7,0,1.8,1,0,0,2022-05-04
S104552,5.96,0,3.5,1,1,1,2021-08-28
S104553,3.7,0,19.2,0,0,1,07-01-2021
S104554,7.43,1,3.7,0,0,0,03-10-2023
S104555,8.94,0,4.2,0,1,0,2023-01-23
S104556,5.29,0,20.1,0,0,0,2022-04-20
S104557,8.3,0,1.0,0,0,0,2022-04-11
S104558,7.23,0,,0,1,0,18/12/2021
S104559,7.03,2,3.0,0,0,1,2022-10-14
S104560,6.81,1,3.0,0,1,0,2022-06-27
S104561,7.76,0,7.8,1,2,0,2023-02-23
S104562,6.9,0,5.1,0,0,0,05-16-2023
S104563,7.6,0,7.2,0,0,0,2023-03-29
S104564,8.11,1,8.3,1,0,0,2023-08-28
S104565,9.19,0,1.0,0,1,0,2022/03/30 01:53:55
S104566,5.12,0,,1,0,0,2022-02-12
S104567,5.77,0,4.1,1,0,0,2023-07-23
S104568,5.48,2,1.3,1,1,0,16/07/2023
S104569,5.64,1,5.8,1,2,0,2022-10-19
S104570,4.94,1,1.4,0,0,0,27/04/2022
S104571,8.43,0,5.4,1,0,0,2022-11-20
S104572,4.72,0,3.9,0,1,0,2022-07-23
S104573,3.73,1,1.0,0,0,1,08-03-2022
S104574,7.38,0,,1,0,0,2023-01-02
S104575,5.17,0,4.1,0,0,0,01/11/2021
S104576,7.37,1,2.9,0,0,0,2023-01-19
S104577,5.91,0,10.0,0,3,0,2023-02-06
S104578,6.64,0,6.1,1,0,0,05/10/2022
S104579,7.05,0,4.1,0,0,0,2022-02-14
S104580,6.31,0,1.7,1,0,0,2021-08-09
S104581,6.84,0,3.2,1,1,0,2021-11-05
S104582,6.75,1,,0,1,1,2021-11-18
S104583,5.34,1,9.3,1,1,0,11/12/2022
S104584,8.45,1,2.0,1,0,0,02/02/2023
S104585,10.0,1,16.6,1,0,0,06/04/2023
S104586,8.14,1,10.7,1,0,0,23/02/2023
S104587,5.39,1,3.2,1,0,0,2023-07-19
S104588,7.56,0,,1,1,1,2023-04-19
S104589,5.79,0,2.7,1,0,0,24/02/2023
S104590,7.65,0,1.5,1,1,0,2023-05-30
S104591,9.43,0,14.4,0,0,0,2021-08-27
S104592,5.74,0,8.3,1,0,0,07-02-2021
S104593,7.75,3,3.1,1,1,0,2022-04-30
S104594,6.48,1,,1,0,0,2023-04-12
S104595,5.86,0,,1,0,0,2022-03-16
S104596,7.75,0,10.3,0,1,0,26/11/2021
S104597,9.78,0,5.3,0,0,0,2023-01-14
S104598,7.73,1,2.8,0,0,0,2021-11-02
S104599,7.67,0,5.4,0,0,0,2022/07/23 02:10:52
S104600,4.31,0,5.5,1,1,0,17/04/2022
S104601,9.5,1,1.9,0,1,0,27/05/2022
S104602,7.29,0,5.8,0,1,0,2023-07-16
S104603,5.39,3,2.4,0,0,0,2022-02-11
S104604,6.82,0,2.2,1,0,0,2023-01-02
S104605,6.49,0,10.4,0,2,0,2022-01-29
S104606,8.57,0,5.5,0,0,0,2023-02-20
S104607,6.88,1,2.1,1,2,0,2021-09-08
S104608,8.95,0,1.0,0,0,0,2023-02-09
S104609,8.02,2,1.0,1,0,1,06/01/2023
S104610,7.88,0,7.0,0,0,0,06/07/2022
S104611,9.02,1,1.5,1,0,0,2022-03-01
S104612,6.18,0,1.0,1,2,0,2022-05-02
S104613,8.28,0,13.4,0,2,0,2023-07-16
S104614,6.9,0,1.0,1,0,0,2022-08-15
S104615,5.36,1,1.9,0,0,0,2023-04-16
S104616,7.56,0,4.6,0,0,0,2022-03-31
S104617,8.61,1,2.9,1,1,0,11-29-2021
S104618,9.31,0,1.2,0,0,1,11/08/2022
S104619,7.41,0,8.3,1,0,0,24/02/2022
S104620,8.06,0,3.4,0,1,0,01-15-2023
S104621,6.98,1,1.3,0,0,1,10/04/2022
S104622,5.9,1,18.7,0,0,0,31/03/2023
S104623,4.62,1,13.9,1,0,0,2022-04-02
S104624,8.43,0,5.2,1,0,0,2022-05-20
S104625,7.9,0,2.4,1,0,1,13/05/2023
S104626,6.06,0,1.0,1,0,2,2022-06-10
S104627,7.89,1,7.1,1,1,0,22/05/2022
S104628,6.57,0,7.4,1,0,0,05-18-2022
S104629,7.21,0,1.0,0,1,1,04/10/2022
S104630,5.87,0,10.0,1,2,0,2021-09-26
S104631,6.8,2,3.9,0,0,1,2022-02-03
S104632,8.82,2,1.9,1,0,0,28/08/2023
S104633,4.92,0,4.1,1,0,0,2022/05/04 16:28:58
S104634,5.62,0,8.6,0,0,0,2022-12-26
S104635,8.08,1,11.5,0,1,0,14/01/2022
S104636,6.42,0,14.4,1,1,0,12-26-2021
S104637,8.59,2,3.3,1,0,0,2023-01-16
S104638,6.85,2,3.7,0,0,0,22/11/2021
S104639,8.86,0,10.1,0,0,0,2021-08-03
S104640,6.35,1,9.7,0,1,0,2021-08-25
S104641,6.83,2,3.1,1,0,0,2021-07-19
S104642,5.11,0,1.0,0,1,1,27/12/2021
S104643,7.0,2,1.5,1,0,0,11/09/2022
S104644,5.92,0,1.0,0,0,1,2023-06-27
S104645,4.38,0,1.0,1,0,0,08-18-2023
S104646,6.99,1,1.1,0,2,0,25/12/2021
S104647,6.74,0,1.0,0,0,1,06/12/2021
S104648,6.68,1,18.8,0,0,0,2021-10-06
S104649,8.02,1,6.8,1,1,0,2023-06-21
S104650,4.91,1,3.5,1,0,1,2022-06-03
S104651,8.54,0,3.9,0,1,0,04-12-2022
S104652,9.9,1,1.0,0,1,1,2022-10-22
S104653,6.55,1,7.1,0,1,0,2023/07/12 17:23:53
S104654,7.42,2,2.0,0,2,0,21/08/2022
S104655,6.35,1,18.1,0,0,2,05/01/2023
S104656,5.83,1,7.3,1,0,0,13/10/2022
S104657,8.25,2,8.1,1,1,1,2022-10-27
S104658,4.2,1,1.0,1,0,0,15/07/2021
S104659,9.99,2,5.6,0,0,0,2022-02-28
S104660,6.76,1,9.8,1,0,0,31/01/2022
S104661,4.71,1,2.6,0,1,0,14/08/2023
S104662,5.99,1,1.0,0,0,0,10/10/2021
S104663,6.04,1,10.1,0,3,1,27/06/2023
S104664,6.29,1,1.0,1,0,1,2023-01-03
S104665,6.79,1,1.9,1,1,1,2023-05-21
S104666,6.25,0,4.8,0,2,0,11/03/2023
S104667,6.39,1,1.3,1,1,0,2023-03-20
S104668,6.25,2,1.4,1,2,0,2023-03-03
S104669,6.57,0,1.8,1,0,0,2023-01-07
S104670,3.88,0,4.3,0,0,0,2022-05-11
S104671,7.38,1,8.6,0,1,1,2021-10-12
S104672,5.94,0,9.0,0,0,0,02/06/2022
S104673,7.29,2,3.6,1,0,0,25/12/2022
S104674,6.71,1,13.8,1,1,0,2021-12-25
S104675,5.24,1,15.9,1,0,1,09-08-2021
S104676,6.51,0,2.0,1,0,0,2022-04-23
S104677,7.48,0,1.0,0,1,0,2022-07-30
S104678,5.14,1,3.6,0,0,0,22/02/2022
S104679,6.6,1,2.7,0,1,0,02/05/2023
S104680,6.46,2,1.1,1,0,0,2022-06-26
S104681,7.16,0,1.7,1,0,0,2023/03/05 23:17:01
S104682,6.06,1,3.7,1,1,1,03-20-2023
S104683,7.89,0,1.0,0,1,0,2022-05-04
S104684,7.01,1,1.4,0,1,0,2021-08-16
S104685,4.92,1,4.6,0,1,0,03/10/2021
S104686,6.26,0,4.5,0,0,0,2023-04-14
S104687,6.86,2,8.6,1,1,0,2023-08-03
S104688,6.21,3,3.1,1,0,0,03/07/2021
S104689,7.27,1,17.2,0,0,0,2022-11-10
S104690,8.76,0,2.6,0,0,1,2023-03-30
S104691,6.4,1,11.1,0,1,0,2022-03-30
S104692,6.01,0,,1,1,0,04/08/2022
S104693,9.27,1,8.2,1,1,1,2022-09-23
S104694,4.07,0,11.1,1,0,1,2022-11-10
S104695,8.19,1,18.8,0,0,1,2023-02-28
S104696,4.48,1,3.6,0,0,0,2021-07-05
S104697,5.47,1,1.1,1,0,0,02-06-2022
S104698,4.62,0,,1,0,0,07-24-2022
S104699,7.53,0,1.0,1,0,1,2022-12-26
S104700,7.19,0,15.3,0,0,0,01/08/2021
S104701,7.24,0,4.9,0,1,0,13/01/2023
S104702,7.25,1,9.6,0,0,0,28/08/2023
S104703,7.54,0,8.4,0,0,1,2022-01-23
S104704,6.37,1,2.4,0,0,0,2022-04-11
S104705,6.61,0,3.5,0,1,0,08/08/2023
S104706,6.09,1,3.4,1,1,0,2022-12-07
S104707,6.89,1,15.1,0,0,1,2023-03-17
S104708,7.04,1,2.7,0,0,0,14/06/2022
S104709,6.69,1,1.1,0,1,0,2022/07/01 22:19:34
S104710,6.31,1,8.0,0,0,0,2022-02-07
S104711,7.26,1,7.1,0,0,0,08/08/2021
S104712,6.91,1,1.0,0,1,0,2023-01-02
S104713,4.48,0,1.0,1,1,0,05-01-2023
S104714,6.64,2,1.0,0,0,0,2022-06-04
S104715,5.97,0,8.6,1,0,0,2023-01-05
S104716,6.18,0,2.5,0,0,1,2023-07-29
S104717,6.78,1,,0,1,0,2021-10-15
S104718,6.15,0,1.0,0,0,0,2021-11-27
S104719,5.94,0,5.7,0,1,0,2023-03-24
S104720,5.46,0,3.0,0,0,0,18/05/2023
S104721,7.56,2,11.8,1,0,0,2021-09-02
S104722,8.32,0,3.5,1,0,0,10/01/2023
S104723,9.86,0,5.7,1,0,0,2023-07-26
S104724,5.56,2,2.2,1,1,0,27/10/2021
S104725,5.93,1,,1,1,1,2021-09-11
S104726,6.12,0,3.4,0,0,0,2021-09-22
S104727,4.98,0,3.5,0,0,0,2022-05-31
S104728,9.05,1,3.3,0,0,0,2023-07-29
S104729,7.6,1,10.9,0,0,1,06/02/2022
S104730,6.14,0,11.4,1,0,0,06/05/2022
S104731,6.13,0,1.4,0,1,1,2021-07-25
S104732,5.4,1,1.0,1,0,1,2023-06-30
S104733,8.58,1,9.7,0,0,0,2023-07-14
S104734,10.0,0,15.9,1,2,0,2023-05-02
S104735,4.33,2,10.4,1,0,0,07/01/2022
S104736,3.95,0,7.4,0,0,0,2023-06-29
S104737,7.13,0,1.8,0,0,0,2022-04-03
S104738,7.33,1,2.6,1,0,1,2021-11-18
S104739,6.49,1,12.6,1,0,1,2022-01-03
S104740,4.93,2,10.1,1,2,1,2022-07-10
S104741,7.93,0,,1,0,0,2022-10-20
S104742,7.8,0,11.2,0,0,0,2023-08-18
S104743,5.75,1,2.9,1,0,0,2021-07-29
S104744,7.98,0,1.0,0,1,0,2023-04-13
S104745,4.7,1,1.0,1,0,0,15/03/2023
S104746,5.3,1,14.0,0,0,0,2022-12-08
S104747,8.37,0,1.0,1,1,0,2021-08-28
S104748,6.36,2,17.3,1,0,1,2022-03-13
S104749,5.74,0,4.2,1,2,0,2023-03-04
S104750,7.23,1,16.9,0,1,0,2022-07-29
S104751,4.76,0,24.3,0,0,0,11/07/2023
S104752,6.96,0,15.1,0,1,0,04-28-2022
S104753,7.46,0,18.9,1,2,0,2021-09-29
S104754,9.43,0,11.2,0,1,0,28/04/2022
S104755,6.22,0,1.9,1,0,2,2022-08-15
S104756,6.03,1,13.6,1,0,0,2022-08-12
S104757,6.36,1,1.8,0,0,0,2021/07/21 20:32:31
S104758,7.11,0,4.0,0,1,0,06/10/2021
S104759,5.8,1,5.4,1,1,0,2023/07/04 13:08:10
S104760,4.02,1,5.9,1,1,1,2022-05-29
S104761,7.85,0,3.2,0,0,0,2022-01-20
S104762,4.0,0,14.3,0,1,0,2021-10-24
S104763,7.63,2,11.5,1,1,0,25/04/2023
S104764,8.2,1,1.3,0,0,1,2023-03-19
S104765,7.52,1,1.1,1,0,0,05-31-2022
S104766,6.84,0,3.3,0,2,0,2022-03-23
S104767,4.71,0,1.0,1,1,0,2022-08-22
S104768,8.09,0,3.9,1,0,1,15/06/2022
S104769,4.27,1,1.0,1,0,0,18/02/2023
S104770,6.34,1,3.7,1,0,0,2022-08-05
S104771,4.49,0,3.3,1,1,1,2023/01/01 03:59:28
S104772,8.2,0,3.1,0,1,0,2021-09-23
S104773,8.43,1,1.0,1,0,0,2021-09-20
S104774,4.95,0,1.0,1,0,0,08-01-2023
S104775,6.57,0,6.4,1,0,0,2023/01/04 11:05:12
S104776,7.33,2,10.8,1,1,0,08/12/2022
S104777,5.89,1,5.0,1,0,1,08-25-2022
S104778,5.45,1,4.4,1,1,2,08/02/2023
S104779,6.75,1,2.1,0,0,1,03-13-2023
S104780,7.43,2,2.5,0,0,0,2023-01-31
S104781,6.96,0,6.3,0,0,0,02/07/2021
S104782,6.54,0,9.9,1,1,0,04/07/2023
S104783,9.41,2,10.8,0,0,3,2022-10-17
S104784,6.45,1,3.8,0,0,0,2022-01-29
S104785,8.14,0,4.2,0,2,0,2022-05-26
S104786,4.63,0,12.3,0,1,0,09/06/2023
S104787,6.71,0,26.6,0,0,0,2021-09-14
S104788,5.04,0,10.5,0,0,0,17/01/2023
S104789,7.24,0,11.5,1,0,0,2023-05-08
S104790,7.07,0,9.9,0,0,0,2022-08-23
S104791,7.04,0,2.1,1,2,0,04-27-2022
S104792,7.1,0,16.7,0,0,0,2022-05-13
S104793,3.88,0,3.7,1,0,0,2023-06-12
S104794,9.38,1,15.4,1,1,2,2022-07-18
S104795,8.23,0,1.0,1,1,1,16/02/2022
S104796,9.34,0,4.9,1,0,1,2022/02/12 14:09:50
S104797,6.48,1,1.0,1,1,0,06-28-2022
S104798,6.94,0,8.9,0,0,0,13/09/2022
S104799,5.76,0,1.0,1,0,0,2023-06-09
S104800,6.86,1,2.1,0,1,0,2022-12-15
S104801,9.31,1,1.7,0,1,0,2022-03-19
S104802,8.42,0,3.9,0,0,1,2023-04-08
S104803,7.73,0,5.5,0,2,1,2021-11-15
S104804,6.32,3,5.1,1,1,1,2022-06-15
S104805,4.5,0,17.1,0,1,2,07/04/2022
S104806,8.16,0,4.8,1,0,0,2023-04-30
S104807,4.34,0,2.4,0,0,0,17/07/2021
S104808,4.5,1,5.5,0,0,1,08-02-2023
S104809,6.01,1,2.6,1,0,1,09/01/2023
S104810,6.91,0,43.7,0,1,0,05/12/2021
S104811,7.06,2,9.1,0,0,2,02/03/2022
S104812,5.59,2,17.5,1,1,0,2021-10-09
S104813,8.56,1,9.3,1,0,0,2022-04-01
S104814,7.45,1,3.1,1,1,1,2022-07-21
S104815,5.74,1,1.0,1,3,0,2022-10-21
S104816,7.62,1,4.3,0,0,0,26/04/2023
S104817,7.79,1,1.3,0,1,0,08-01-2021
S104818,7.11,1,,1,1,0,2023/05/27 10:10:15
S104819,5.27,0,18.0,0,0,0,2022-03-19
S104820,5.8,2,8.0,1,2,0,2022/12/23 01:20:16
S104821,5.28,0,1.0,1,0,1,2023-05-16
S104822,5.8,1,8.1,1,1,2,08/06/2022
S104823,7.64,2,1.0,1,1,0,2021-09-19
S104824,8.63,1,5.7,1,1,2,2022-09-16
S104825,4.81,2,9.8,1,0,0,2022-02-07
S104826,6.62,0,4.7,0,0,1,01-06-2022
S104827,4.24,0,2.4,1,0,0,2022-03-12
S104828,8.5,2,1.6,1,0,0,2022-08-13
S104829,3.5,1,12.3,0,0,1,07-21-2022
S104830,7.67,0,7.2,0,0,0,10-15-2022
S104831,5.65,0,5.3,0,0,0,2023-03-25
S104832,5.46,1,1.9,1,2,0,07/03/2023
S104833,7.73,0,1.0,0,1,1,2022-05-27
S104834,6.66,0,1.0,1,0,0,2023-07-07
S104835,8.27,0,11.7,0,0,0,2021-10-14
S104836,6.9,0,1.3,0,2,1,2023-04-02
S104837,6.24,0,4.5,1,2,1,2022-02-12
S104838,5.15,1,5.9,0,0,0,2022-08-20
S104839,7.24,0,1.8,0,0,0,2021-10-23
S104840,9.37,1,4.1,0,0,0,03/10/2021
S104841,8.6,1,8.2,1,1,0,21/10/2022
S104842,6.33,0,5.6,0,1,0,2023-06-18
S104843,6.78,2,13.3,1,0,0,2021-09-20
S104844,5.65,1,1.3,0,0,0,01/09/2021
S104845,7.09,0,5.6,1,2,2,09/09/2021
S104846,6.74,1,1.7,0,0,0,15/08/2022
S104847,3.76,1,13.0,0,2,2,2022-11-07
S104848,6.98,1,5.6,0,1,0,2023-03-11
S104849,6.8,0,4.6,0,1,1,13/08/2021
S104850,4.17,0,4.7,1,2,0,2023-01-31
S104851,5.8,1,1.0,1,2,0,07-12-2021
S104852,8.41,1,1.0,0,0,0,09/09/2022
S104853,6.97,0,3.1,1,0,0,2023-04-07
S104854,5.02,1,1.2,1,0,0,2021-07-07
S104855,6.56,1,20.6,0,0,1,08/07/2021
S104856,7.4,1,1.6,0,0,0,2022-10-27
S104857,7.01,1,9.6,0,2,0,2023-01-26
S104858,9.28,1,5.7,0,1,2,19/11/2021
S104859,6.25,2,1.0,1,0,1,02/06/2023
S104860,9.11,2,5.5,1,0,1,2022-03-11
S104861,7.61,1,2.2,1,0,0,2021-08-29
S104862,5.11,0,9.2,0,0,1,03-20-2022
S104863,7.81,2,3.2,1,1,0,2022/01/17 13:27:34
S104864,6.6,0,6.2,0,0,1,12/04/2023
S104865,7.05,3,4.7,0,1,0,2023/03/09 01:12:35
S104866,6.68,1,2.7,0,1,2,2022-03-10
S104867,7.0,0,3.9,1,0,1,2022-12-05
S104868,5.26,0,1.7,0,4,1,2023-08-22
S104869,9.16,1,1.7,1,0,1,2022-02-01
S104870,6.12,0,2.7,1,2,0,2023-01-28
S104871,6.56,0,1.0,1,2,1,2023-06-10
S104872,7.08,0,5.3,1,0,0,26/05/2023
S104873,6.38,0,17.1,0,0,0,22/05/2023
S104874,6.34,2,3.0,1,0,0,13/07/2021
S104875,7.92,2,1.6,0,0,0,2021-10-27
S104876,5.51,0,3.9,0,0,0,2022-07-19
S104877,7.15,0,1.5,1,1,1,2023-07-01
S104878,5.59,0,1.0,0,0,0,29/05/2022
S104879,6.87,2,22.2,1,0,0,2021-11-05
S104880,7.53,2,5.5,1,0,0,2022-09-16
S104881,6.37,0,3.1,1,0,0,2021-10-30
S104882,6.61,0,1.7,1,1,0,02/08/2023
S104883,8.78,2,1.0,1,3,0,11-05-2022
S104884,5.8,1,8.0,0,1,0,24/07/2021
S104885,10.0,1,3.6,0,0,1,2022-01-01
S104886,7.04,0,6.5,0,0,0,2022-05-17
S104887,7.67,0,2.9,1,2,1,2023-06-20
S104888,5.93,0,11.0,1,1,1,2022-08-13
S104889,6.03,1,4.5,1,1,1,2022-02-13
S104890,6.37,1,1.0,1,0,1,2021-09-01
S104891,6.24,0,33.2,0,1,0,2022-06-21
S104892,6.66,0,17.7,1,0,0,2023-01-23
S104893,7.61,2,1.0,1,0,2,2023-05-17
S104894,4.69,0,5.3,0,3,0,27/12/2021
S104895,10.0,1,6.4,0,2,0,2021/12/17 13:23:37
S104896,6.64,0,20.5,0,0,0,09-29-2021
S104897,9.39,1,12.5,0,1,1,2023-07-17
S104898,8.43,1,1.0,0,1,0,2022-06-13
S104899,6.38,2,6.7,1,0,0,04-27-2023
S104900,6.16,0,33.0,0,0,0,2022-05-13
S104901,7.03,0,1.7,1,0,2,17/07/2023
S104902,9.19,1,1.0,1,1,0,2022-05-02
S104903,3.88,2,3.0,1,1,2,07-30-2021
S104904,8.6,1,4.9,1,0,0,05-22-2023
S104905,10.0,1,5.4,0,0,2,18/02/2023
S104906,5.33,0,5.2,0,0,0,07/07/2023
S104907,6.39,0,1.0,1,0,2,2022-05-11
S104908,4.77,0,2.7,0,1,0,2022-04-09
S104909,5.7,0,2.7,1,1,1,2022-11-15
S104910,6.82,1,1.0,1,1,1,2022-03-15
S104911,5.08,2,18.9,1,0,0,2023-01-06
S104912,7.1,1,6.4,0,1,0,2021-10-01
S104913,6.9,1,1.0,1,1,0,08-27-2021
S104914,7.33,0,2.4,0,2,0,2021-08-14
S104915,6.77,1,13.4,1,0,0,2022-09-08
S104916,4.27,1,3.5,0,0,0,2022-04-14
S104917,4.32,4,1.0,1,1,1,2023-04-10
S104918,7.85,0,7.3,0,2,0,2021-10-14
S104919,7.78,0,7.5,0,2,0,2022/07/28 18:35:57
S104920,7.01,1,1.0,0,0,0,2022-08-04
S104921,7.28,1,5.5,0,3,1,2021-07-29
S104922,6.37,2,5.0,0,0,0,2021-10-04
S104923,9.69,0,29.4,0,1,0,2022-10-19
S104924,8.14,0,1.2,0,0,0,05/11/2022
S104925,8.19,0,2.0,0,1,1,2021-10-26
S104926,8.45,0,2.0,0,0,0,2023-05-17
S104927,5.67,0,7.5,0,0,1,2022-08-04
S104928,4.87,0,1.0,0,0,1,2021/12/06 01:17:22
S104929,8.41,1,1.0,0,0,0,2022-12-24
S104930,6.6,1,8.2,1,1,0,11-08-2021
S104931,4.99,0,2.3,1,1,1,2023-01-23
S104932,6.51,1,6.6,0,1,3,2022-09-08
S104933,6.11,0,13.4,0,1,0,27/04/2023
S104934,6.01,0,1.0,0,1,0,2023-08-03
S104935,6.48,0,1.9,0,1,1,2023-08-16
S104936,6.27,0,7.7,0,1,1,2022-07-22
S104937,5.2,2,1.6,1,0,0,2023-05-28
S104938,8.23,0,1.5,0,1,0,17/03/2023
S104939,6.09,1,8.3,1,2,0,2021-11-05
S104940,7.28,1,5.2,0,0,0,19/11/2022
S104941,7.01,2,4.0,1,0,1,2023-06-01
S104942,8.03,1,2.2,0,3,1,2023-04-19
S104943,5.99,0,3.6,1,0,0,06/02/2023
S104944,6.81,0,1.5,0,1,0,2021-10-31
S104945,6.55,2,1.1,0,4,0,2021-11-24
S104946,6.3,0,8.7,1,1,0,2023-06-15
S104947,6.14,0,1.0,1,1,0,2022-06-20
S104948,6.48,2,11.8,1,0,1,04-17-2023
S104949,7.08,3,8.5,1,0,0,2023-02-19
S104950,8.0,0,2.5,0,2,0,2023-02-03
S104951,6.08,0,2.5,1,0,1,26/02/2023
S104952,7.35,0,15.9,0,1,0,2021-11-23
S104953,6.21,0,5.1,0,1,0,2022-01-01
S104954,4.79,3,6.6,0,0,0,2022-07-19
S104955,5.66,2,1.1,1,3,0,12-17-2021
S104956,7.81,0,7.2,0,0,0,2021/10/11 02:25:49
S104957,9.27,1,2.8,0,0,0,17/07/2023
S104958,6.24,3,1.3,1,1,1,2022-02-11
S104959,6.18,0,1.5,0,0,0,23/04/2023
S104960,6.35,0,21.6,1,0,0,2022-07-31
S104961,9.19,1,20.8,1,0,1,2021-12-28
S104962,8.05,1,1.1,0,0,1,2022/01/03 05:56:34
S104963,10.0,0,1.2,0,1,2,2023-04-29
S104964,7.63,1,1.3,0,0,0,2023-01-14
S104965,8.35,0,1.0,0,0,1,06-02-2022
S104966,8.17,0,3.2,1,1,1,26/10/2022
S104967,7.14,0,1.0,0,1,0,2021-12-14
S104968,7.26,0,7.8,1,0,1,2023-07-26
S104969,7.05,0,1.9,0,4,0,2022-03-04
S104970,4.91,1,18.5,0,1,1,2022-06-19
S104971,9.35,0,2.3,0,1,0,2023-08-25
S104972,5.84,0,1.0,1,0,0,2023-02-11
S104973,5.96,1,2.9,0,0,0,2021/10/26 11:22:57
S104974,9.37,0,1.0,0,1,0,2021-09-26
S104975,6.49,0,17.6,1,2,0,2022-06-27
S104976,5.54,0,6.0,0,1,0,2022-08-30
S104977,9.04,1,1.4,1,0,0,2023-04-24
S104978,5.8,0,3.0,0,1,0,2022-12-25
S104979,9.15,0,6.8,0,0,1,08-13-2021
S104980,7.62,3,15.4,1,1,0,08-31-2022
S104981,7.8,0,10.2,1,1,0,2023-02-10
S104982,8.49,0,1.5,1,1,1,02-22-2023
S104983,8.84,0,2.0,0,1,1,2022-09-30
S104984,3.68,2,1.0,1,0,0,24/11/2022
S104985,7.45,1,2.6,1,1,0,2021-12-31
S104986,8.61,0,1.0,0,0,0,05-03-2023
S104987,9.27,0,9.4,1,1,0,2023-07-13
S104988,8.43,0,7.7,1,0,1,2022-08-09
S104989,5.67,2,1.2,1,1,0,14/03/2023
S104990,8.49,0,1.2,0,1,1,2022-05-25
S104991,3.5,2,2.2,1,0,0,2022-09-21
S104992,5.32,0,3.1,0,2,1,2022-10-11
S104993,6.61,0,3.5,1,0,0,10/11/2021
S104994,5.25,0,7.5,1,2,0,2021-12-25
S104995,8.23,1,5.3,1,0,0,2022-02-10
S104996,5.59,1,1.0,1,0,3,08-15-2022
S104997,5.63,1,5.7,1,0,0,2023-03-28
S104998,6.87,0,1.0,0,2,1,2021-07-29
S104999,4.17,1,7.0,0,1,0,18/01/2023
S105000,5.13,0,3.6,0,0,0,12/03/2023
S105001,7.37,0,4.0,1,3,0,2023/04/30 03:38:33
S105002,6.46,1,1.0,1,2,0,2021-07-22
S105003,8.25,2,1.0,0,1,0,2022-09-24
S105004,5.78,0,,0,0,1,21/05/2022
S105005,6.07,0,1.0,0,0,0,24/07/2022
S105006,3.5,0,1.0,1,0,1,29/08/2021
S105007,5.86,2,1.7,1,1,1,2023-07-24
S105008,5.63,0,1.0,0,2,0,2022-12-12
S105009,5.67,0,10.7,0,2,0,2023-02-27
S105010,4.11,0,7.9,0,1,0,03-04-2023
S105011,5.22,0,7.5,1,0,0,2021-11-13
S105012,8.8,2,13.1,1,1,0,2021-09-04
S105013,5.85,2,4.4,0,0,0,2021-10-02
S105014,5.47,1,3.2,1,2,1,2022-06-20
S105015,5.66,0,4.5,1,0,0,2022-06-27
S105016,7.11,0,9.0,0,0,0,30/09/2022
S105017,4.37,1,4.1,1,0,0,2021-09-14
S105018,5.43,4,1.3,1,1,0,2021-10-03
S105019,8.24,2,1.0,0,1,0,2022-06-23
S105020,6.97,0,2.4,0,1,0,31/08/2022
S105021,8.55,1,3.0,1,0,0,2022/10/06 20:17:01
S105022,6.86,1,1.0,1,2,0,23/01/2023
S105023,7.07,1,3.6,1,0,0,08/04/2022
S105024,7.45,0,4.9,0,0,1,2021-07-15
S105025,10.0,1,4.7,0,0,0,05/11/2021
S105026,8.01,0,7.3,0,2,0,2022/01/04 04:21:13
S105027,6.38,0,3.4,0,1,0,2021-12-08
S105028,6.23,0,1.6,1,1,1,2022-09-05
S105029,5.28,1,8.4,0,0,1,2022/06/06 21:11:40
S105030,8.02,0,1.0,0,1,0,09/02/2023
S105031,8.24,0,8.0,0,1,1,2022-05-01
S105032,8.04,2,1.0,1,1,1,2022/10/30 00:21:19
S105033,6.06,2,1.3,0,0,1,2021-11-04
S105034,5.6,0,14.8,0,0,1,2023-04-22
S105035,8.34,0,1.0,1,2,1,27/12/2021
S105036,4.68,0,4.2,1,0,0,2022-11-05
S105037,6.37,1,4.9,1,1,0,21/05/2022
S105038,6.58,1,4.2,1,0,0,2023-02-07
S105039,8.32,0,1.9,0,1,0,2023-06-29
S105040,6.92,0,1.5,1,0,0,2023-06-08
S105041,8.52,1,5.0,0,0,0,2023-03-25
S105042,7.97,0,5.1,0,1,1,2023-03-31
S105043,7.24,0,1.4,0,0,0,2022/02/13 11:41:24
S105044,8.55,1,,0,1,0,2022-03-15
S105045,7.39,0,16.5,1,0,1,2022-04-27
S105046,10.0,1,1.8,0,0,0,2023-07-22
S105047,5.73,1,6.8,0,0,2,28/03/2022
S105048,5.52,2,2.1,1,2,0,2022-07-29
S105049,6.41,0,8.7,0,3,3,2023-08-06
S105050,8.53,1,4.3,1,0,0,2022-05-08
S105051,8.85,1,12.9,0,0,1,2022-10-15
S105052,7.64,2,2.8,0,1,0,2021-08-25
S105053,9.28,1,2.7,0,2,1,12/12/2021
S105054,8.68,1,1.0,1,0,0,09-19-2021
S105055,3.5,2,3.5,1,1,0,2022-07-31
S105056,9.44,0,15.0,0,1,2,11-16-2022
S105057,6.99,0,5.5,1,0,0,11-09-2022
S105058,8.63,4,2.4,1,0,1,11-21-2022
S105059,6.41,0,14.3,0,1,0,2022/04/06 12:29:32
S105060,8.79,1,1.2,0,1,0,02/08/2023
S105061,8.38,0,2.5,0,0,0,2023-05-16
S105062,8.26,1,7.7,1,0,0,2023-07-28
S105063,8.24,2,2.1,0,0,0,2022-11-01
S105064,7.66,1,13.7,0,0,1,01-07-2022
S105065,7.23,2,1.0,1,0,1,2023-06-24
S105066,5.84,3,2.1,1,1,0,2021-10-08
S105067,8.43,0,1.4,0,2,0,2021-12-30
S105068,4.93,3,9.8,1,1,0,20/04/2022
S105069,6.6,0,12.3,1,1,0,15/09/2021
S105070,4.99,1,6.4,1,1,0,2022-06-17
S105071,8.39,0,4.8,0,0,0,2022-08-14
S105072,5.73,0,8.9,1,0,1,06/04/2023
S105073,4.37,1,17.0,1,1,1,2022-01-11
S105074,7.22,0,11.8,0,1,1,2023-02-05
S105075,9.82,2,5.7,0,2,0,2022-07-01
S105076,3.5,0,1.0,0,0,0,2021/11/19 00:38:26
S105077,5.41,0,1.0,1,1,3,2022-07-28
S105078,5.2,0,10.3,0,0,0,2022-12-28
S105079,9.02,0,1.3,0,0,0,11/12/2021
S105080,7.1,1,3.9,0,0,0,2022-05-17
S105081,9.01,1,3.3,0,1,0,2023-02-26
S105082,5.71,0,,0,1,0,2022-05-13
S105083,8.54,0,1.6,0,0,1,07-19-2023
S105084,9.05,1,1.4,0,0,0,2022-02-20
S105085,6.56,0,6.7,0,1,0,23/03/2023
S105086,8.39,1,1.0,1,0,0,2022/11/11 19:22:11
S105087,9.62,1,22.3,1,0,0,21/12/2021
S105088,5.55,0,3.2,0,2,2,15/07/2022
S105089,6.64,2,2.5,1,0,0,25/04/2023
S105090,6.28,1,7.0,1,0,0,11-01-2022
S105091,7.31,1,6.9,1,0,0,2021/09/03 02:36:44
S105092,8.14,1,1.8,0,1,0,2022/08/25 07:51:28
S105093,4.95,0,10.4,0,1,0,01/07/2021
S105094,6.58,0,2.8,1,1,0,2023-03-12
S105095,6.74,1,1.0,1,1,1,2023-03-31
S105096,6.98,0,2.1,0,0,0,2023-04-19
S105097,9.34,0,5.7,0,0,1,10-28-2022
S105098,5.02,1,4.6,1,0,0,01-25-2023
S105099,5.8,1,9.9,0,0,0,2022-03-29
S105100,6.03,0,1.3,1,1,1,2021-07-19
S105101,10.0,0,1.0,1,0,0,2023-06-19
S105102,7.31,1,4.0,0,1,1,2021-11-11
S105103,7.92,1,1.1,0,0,1,12/12/2022
S105104,4.43,2,3.8,1,0,0,2023-05-20
S105105,4.66,0,15.8,1,0,1,2022-03-30
S105106,7.31,0,3.6,0,1,2,2023-03-08
S105107,5.7,1,2.6,1,1,0,2021-07-06
S105108,5.97,0,2.8,1,0,0,2022/05/12 16:15:25
S105109,6.32,1,1.3,1,1,0,2022-02-03
S105110,8.07,0,6.6,0,2,0,10-17-2021
S105111,7.41,0,1.0,1,0,0,2022-10-02
S105112,8.2,1,5.5,0,0,0,2022-12-04
S105113,8.63,0,3.3,0,1,0,28/12/2022
S105114,6.05,2,4.6,1,0,0,16/08/2021
S105115,5.93,0,3.9,1,1,0,2022-08-03
S105116,5.04,0,3.5,1,1,1,2022-08-29
S105117,6.43,0,10.9,1,1,0,2023-06-07
S105118,8.66,0,4.4,0,1,0,16/06/2022
S105119,6.95,0,5.5,0,0,1,2023-03-24
S105120,8.55,1,9.9,0,0,0,2023-04-26
S105121,6.39,0,3.2,0,0,0,18/04/2023
S105122,7.37,1,9.1,1,1,0,2022-10-09
S105123,8.08,1,2.2,1,1,0,2021-08-30
S105124,6.44,5,15.1,1,1,0,2022-05-20
S105125,7.43,0,1.2,0,0,0,2023/03/14 09:46:51
S105126,6.38,0,2.4,0,0,0,2023-04-26
S105127,8.68,2,7.1,1,1,0,02-07-2023
S105128,6.17,1,12.2,0,1,0,2022-05-28
S105129,8.75,0,7.3,1,1,1,19/02/2023
S105130,8.89,0,4.7,1,0,0,2023-01-01
S105131,8.52,0,2.7,0,1,0,2023-08-19
S105132,8.9,1,8.2,1,1,1,22/04/2022
S105133,7.99,0,9.6,0,1,0,17/06/2023
S105134,8.03,1,1.5,1,1,1,02/08/2023
S105135,5.97,0,4.1,1,0,0,09/12/2021
S105136,7.6,0,3.4,0,0,0,2021-12-25
S105137,4.8,1,2.7,1,3,0,2023-04-24
S105138,9.17,1,5.8,0,1,0,2022-01-27
S105139,5.83,0,3.1,1,0,0,02-18-2022
S105140,6.47,2,2.0,0,0,0,2022-12-19
S105141,5.21,0,3.4,0,1,0,07-16-2022
S105142,5.19,0,15.0,0,1,0,2023-03-06
S105143,5.78,0,7.0,1,0,1,05/01/2022
S105144,8.83,1,1.9,1,0,0,2023-07-25
S105145,6.84,1,1.9,0,1,0,2022-10-03
S105146,3.97,0,7.1,0,2,0,22/07/2022
S105147,9.12,0,4.6,0,1,0,2022-01-20
S105148,7.43,0,1.0,0,1,0,11-26-2022
S105149,8.01,2,12.2,1,1,0,12/08/2023
S105150,10.0,1,2.3,0,1,1,2022-09-20
S105151,6.15,0,1.0,1,0,0,03-17-2022
S105152,7.6,3,1.5,1,1,0,22/11/2022
S105153,9.11,0,1.0,1,1,0,19/10/2022
S105154,3.54,0,5.1,1,0,1,2023-06-06
S105155,5.39,2,11.2,1,0,1,2022-12-13
S105156,5.61,0,9.9,1,0,0,16/08/2023
S105157,7.41,1,6.2,1,0,1,07-20-2023
S105158,6.78,1,3.7,1,1,0,2021-07-25
S105159,7.13,1,5.1,0,1,3,2022-09-06
S105160,6.58,1,7.7,0,0,1,2022-03-24
S105161,6.82,0,16.6,0,1,0,2022-09-16
S105162,7.37,1,1.8,0,0,0,18/08/2021
S105163,6.56,0,1.0,0,0,0,28/09/2022
S105164,6.99,0,5.1,1,0,1,2022-06-30
S105165,5.23,0,9.3,0,0,0,07-15-2022
S105166,4.29,0,7.2,1,0,0,2022-12-11
S105167,8.48,1,4.0,0,2,0,30/08/2021
S105168,6.01,0,1.0,1,1,0,2023-05-04
S105169,5.13,0,1.0,1,1,1,2021-10-04
S105170,4.07,3,9.9,1,0,0,06-05-2022
S105171,7.18,0,3.2,1,1,0,2022-11-10
S105172,4.62,0,1.0,1,3,0,2022-02-21
S105173,8.07,0,6.3,0,1,0,2021-08-23
S105174,7.66,0,21.9,0,1,0,2022-09-15
S105175,7.93,0,10.1,1,1,0,2023-02-28
S105176,5.98,1,1.5,0,1,0,2021-10-27
S105177,7.78,1,1.4,1,1,0,02-10-2022
S105178,5.69,1,1.5,1,0,0,29/08/2023
S105179,6.22,0,11.7,1,1,0,2022-12-01
S105180,6.96,1,1.0,0,0,0,07/09/2022
S105181,8.32,2,1.5,1,0,1,2021-09-20
S105182,6.76,1,4.8,0,0,1,2023-01-17
S105183,6.86,3,7.0,1,0,1,2022-10-04
S105184,7.03,1,1.0,0,1,0,2022-11-12
S105185,7.68,1,1.0,0,0,1,08-02-2021
S105186,7.06,0,9.4,0,0,1,2022-07-07
S105187,8.15,0,3.4,0,0,1,07/12/2022
S105188,8.21,2,1.8,1,1,0,2022-05-29
S105189,6.44,0,4.5,1,1,1,2021-10-11
S105190,6.24,3,1.0,0,0,0,02/03/2023
S105191,6.84,1,2.3,1,0,0,2021-07-11
S105192,3.5,2,4.1,1,2,1,2023-02-09
S105193,7.28,1,1.8,1,0,0,2021-12-09
S105194,6.74,2,1.7,1,0,1,2022-06-24
S105195,6.4,0,1.0,0,0,2,03-30-2023
S105196,7.06,0,13.1,1,1,1,2021-10-26
S105197,8.14,1,14.2,0,1,0,2022-05-26
S105198,10.0,0,9.8,1,1,0,08-04-2023
S105199,8.67,1,1.0,1,1,0,2022-04-22
S105200,7.23,1,1.0,0,1,0,2022-03-29
S105201,7.26,2,1.0,1,0,0,2022-04-26
S105202,9.34,1,5.0,1,1,2,2021-12-21
S105203,7.46,2,3.1,1,1,0,2022-08-25
S105204,7.41,0,2.3,1,1,0,2023-06-11
S105205,8.61,0,6.9,1,0,1,10-25-2022
S105206,6.1,2,5.8,1,0,0,2023-02-17
S105207,8.62,3,15.3,1,0,0,2021-07-31
S105208,3.5,0,1.3,1,1,0,2023-02-22
S105209,6.96,1,9.8,1,2,0,2022-01-01
S105210,6.62,1,1.6,1,1,1,07-06-2021
S105211,7.43,0,4.2,0,1,1,2023-07-04
S105212,7.69,0,3.7,1,1,0,2022-05-26
S105213,7.14,0,7.1,0,1,0,2021-09-26
S105214,5.49,0,,0,1,0,2023-03-09
S105215,7.32,1,4.3,0,3,0,08/07/2021
S105216,5.52,0,3.6,0,1,0,2023-03-09
S105217,7.6,2,1.0,0,0,0,2021-10-04
S105218,6.6,1,3.9,1,0,0,2022-07-06
S105219,7.75,0,1.0,1,0,0,2022-03-24
S105220,7.04,0,6.3,0,0,0,2022-03-02
S105221,7.36,0,18.4,0,1,1,2023-08-09
S105222,6.59,1,10.8,0,0,1,11-26-2021
S105223,9.7,0,1.0,0,1,0,2023-03-10
S105224,8.81,0,2.7,1,1,0,06-12-2023
S105225,4.48,0,3.6,0,0,0,2022-12-14
S105226,5.62,1,1.0,0,2,0,17/03/2022
S105227,6.52,0,8.7,1,1,1,2022-07-27
S105228,5.94,0,18.4,0,0,0,17/07/2021
S105229,10.0,1,11.6,0,1,1,2023-05-23
S105230,7.28,0,1.8,0,0,0,2021-07-20
S105231,5.25,1,6.6,0,0,2,09/05/2022
S105232,7.13,0,1.8,1,0,0,2021-07-13
S105233,7.99,0,3.1,0,0,0,2021-08-14
S105234,7.59,0,2.5,0,0,0,2023-03-09
S105235,6.12,2,3.3,1,0,0,2022-06-04
S105236,6.46,0,1.0,1,0,0,2023-08-08
S105237,5.05,1,13.5,0,0,0,2022-09-05
S105238,8.1,1,1.0,0,0,0,2023-01-27
S105239,5.62,1,2.6,1,2,0,2023-07-22
S105240,6.67,1,6.1,0,2,0,2021-10-30
S105241,9.87,0,1.0,0,2,0,2022-08-22
S105242,4.63,0,6.9,0,1,0,2022-05-17
S105243,5.23,0,7.7,0,1,1,11-28-2021
S105244,10.0,1,7.9,0,1,0,2023-04-01
S105245,5.29,0,9.4,1,0,0,10-31-2022
S105246,7.67,0,,1,0,0,19/03/2023
S105247,6.8,0,6.3,0,0,0,04-12-2022
S105248,6.31,0,2.5,0,1,0,04/09/2021
S105249,7.57,3,8.7,0,0,0,15/10/2021
S105250,6.66,0,1.4,1,0,0,2022-06-16
S105251,8.19,0,21.6,1,0,0,2021-12-14
S105252,7.48,0,1.0,1,0,2,2023-04-26
S105253,4.55,1,1.0,1,1,0,2022/01/13 15:26:59
S105254,6.13,1,1.0,1,0,0,2022/02/06 06:58:49
S105255,6.31,1,2.4,0,1,0,13/04/2022
S105256,5.69,0,3.3,0,0,0,09-11-2022
S105257,5.78,0,9.0,0,0,0,04-21-2023
S105258,8.83,1,1.4,1,0,0,2023-05-26
S105259,7.41,1,2.8,0,1,0,22/07/2022
S105260,6.58,0,2.4,1,0,0,2023-07-27
S105261,7.03,1,2.1,0,2,0,2021-08-03
S105262,7.84,1,3.3,0,2,0,2023-05-03
S105263,6.91,0,,0,0,0,2022-04-02
S105264,5.55,0,6.3,0,0,0,02/10/2021
S105265,7.76,0,3.6,0,2,0,2023-04-02
S105266,6.97,1,18.6,1,1,0,08-18-2023
S105267,7.73,0,1.0,0,0,0,2022-05-22
S105268,6.99,1,3.9,1,0,0,2022-08-20
S105269,4.58,2,5.8,0,0,1,24/07/2023
S105270,4.8,0,1.0,0,2,0,07/09/2021
S105271,6.06,0,14.6,1,0,1,2022-03-01
S105272,8.3,0,6.9,0,2,0,2021-09-17
S105273,8.46,2,9.1,1,1,0,2022-08-17
S105274,7.21,1,11.4,0,0,0,07-31-2023
S105275,8.47,1,2.5,0,2,0,02/09/2022
S105276,5.59,0,1.0,1,0,0,2023-07-03
S105277,6.44,1,5.9,1,1,0,2021-09-27
S105278,8.46,1,3.9,1,1,0,04-16-2022
S105279,5.77,1,5.1,0,1,1,17/09/2021
S105280,8.53,2,1.9,0,1,1,07/10/2021
S105281,7.07,1,11.2,0,1,0,2022-10-14
S105282,6.38,2,1.0,1,1,1,07-04-2022
S105283,7.08,1,6.0,1,0,0,07/12/2022
S105284,5.02,0,4.0,1,0,0,24/06/2022
S105285,3.5,1,,1,0,0,2023-04-16
S105286,6.68,3,1.2,1,0,0,10-13-2021
S105287,6.38,0,1.0,0,0,0,25/08/2021
S105288,6.49,0,2.7,1,0,1,01-14-2022
S105289,6.63,1,16.4,1,1,0,2021-07-09
S105290,7.21,1,6.4,0,1,0,2022-02-01
S105291,5.67,1,3.3,1,0,0,2022-02-26
S105292,8.33,0,10.1,0,2,0,2022-04-29
S105293,9.49,1,15.6,0,0,0,2022-02-07
S105294,6.32,1,1.1,1,0,0,2021-07-25
S105295,9.03,1,9.7,0,0,0,2022-05-09
S105296,5.84,1,11.6,0,0,0,01/01/2022
S105297,8.15,0,4.3,0,0,1,2021-08-30
S105298,5.78,1,,1,0,1,2023-06-11
S105299,6.48,0,6.6,0,0,0,07-12-2022
S105300,7.83,2,3.0,1,0,0,2021-11-06
S105301,5.23,1,1.0,1,0,0,2023-05-03
S105302,8.25,1,3.6,0,2,1,2022-11-29
S105303,5.74,0,,0,0,1,2021-07-24
S105304,5.81,1,4.1,1,0,0,2022-05-17
S105305,5.57,0,1.0,0,0,1,2022-03-26
S105306,5.95,1,13.5,1,1,0,2022/06/15 22:30:34
S105307,6.9,0,9.4,0,0,0,2022-08-17
S105308,7.95,0,7.4,0,0,1,2022-05-30
S105309,7.31,2,11.9,1,1,1,25/09/2022
S105310,7.97,0,8.5,0,1,0,2023-05-11
S105311,5.53,0,1.0,1,1,0,2023-03-28
S105312,6.53,0,1.0,0,1,0,11-03-2021
S105313,5.15,0,3.5,1,0,0,2022-03-22
S105314,6.8,0,2.3,0,0,0,12-22-2021
S105315,8.27,1,2.6,0,3,0,2022-03-24
S105316,7.93,0,1.3,1,2,1,26/06/2023
S105317,6.92,1,1.0,1,0,0,2021-11-22
S105318,8.59,1,5.3,0,2,1,2022-03-26
S105319,9.41,0,5.7,1,0,1,06/12/2021
S105320,7.02,2,7.9,1,1,0,2022/09/10 07:37:15
S105321,8.63,0,1.3,0,0,0,18/08/2022
S105322,6.16,2,13.1,0,0,0,20/06/2022
S105323,10.0,0,4.9,0,1,1,2022/01/23 13:23:48
S105324,7.27,0,1.0,0,1,1,2022-11-21
S105325,6.17,1,4.2,1,0,2,2022-05-02
S105326,5.27,1,5.0,0,2,0,2022-03-24
S105327,5.66,1,6.3,0,0,0,19/06/2022
S105328,6.66,0,8.7,1,0,1,12/06/2022
S105329,8.35,0,1.6,0,1,0,19/10/2022
S105330,6.77,0,10.3,0,2,0,04-06-2023
S105331,8.96,0,1.0,0,0,0,06/09/2022
S105332,6.08,2,3.8,0,0,0,2022-08-13
S105333,7.57,0,5.5,0,0,1,2021-09-09
S105334,8.13,0,1.7,1,0,0,07-22-2022
S105335,5.63,0,2.6,0,0,0,2022-01-07
S105336,7.19,0,1.6,1,1,0,2021-07-28
S105337,5.58,1,3.0,0,2,0,2022-03-30
S105338,7.47,2,,1,2,1,2021-08-03
S105339,5.04,0,3.0,0,0,0,22/12/2021
S105340,7.87,0,11.9,0,1,0,2023-04-23
S105341,8.65,0,5.8,0,0,1,10-31-2021
S105342,8.34,1,1.1,0,1,2,2023-08-01
S105343,8.37,1,12.6,1,0,0,29/08/2021
S105344,5.44,2,4.4,1,1,0,03/09/2021
S105345,6.93,0,4.8,0,0,1,28/02/2023
S105346,7.55,0,3.1,0,0,0,09-14-2021
S105347,8.58,0,7.5,0,1,0,2023-06-06
S105348,8.83,0,3.8,0,1,0,2023-03-03
S105349,6.98,0,23.3,0,1,0,2023-08-22
S105350,8.83,0,1.9,0,1,0,07-27-2022
S105351,6.99,2,1.7,1,1,0,2021/10/18 10:49:47
S105352,7.49,1,1.6,0,0,1,2022-01-09
S105353,6.82,1,1.0,1,1,0,04/08/2023
S105354,5.26,1,14.0,1,0,1,2022-06-01
S105355,5.24,0,1.0,1,1,0,2022-11-19
S105356,7.47,2,4.9,1,1,0,14/01/2023
S105357,7.35,2,1.0,0,1,0,2021-07-02
S105358,5.81,2,2.1,1,0,0,2023-05-14
S105359,8.01,0,1.0,0,0,0,04/05/2022
S105360,7.48,1,1.0,1,0,0,19/06/2023
S105361,4.35,1,2.5,1,2,0,2022-08-19
S105362,6.2,1,6.5,1,1,0,17/06/2022
S105363,6.75,2,17.0,0,1,0,2022-12-02
S105364,6.16,1,3.7,0,3,0,2022-10-20
S105365,6.14,0,9.0,0,1,0,30/01/2023
S105366,9.7,1,2.4,0,0,0,2022-08-02
S105367,6.42,0,5.2,1,0,0,2022-04-03
S105368,7.02,1,17.1,0,0,0,2023-02-06
S105369,5.89,2,6.7,0,0,0,07-08-2022
S105370,4.03,1,20.5,0,1,0,2023-01-01
S105371,7.09,0,23.1,0,0,0,2023-07-02
S105372,8.02,0,3.2,0,0,0,2022-10-08
S105373,8.6,0,1.0,0,2,1,2022-01-18
S105374,7.38,1,12.0,0,0,0,2022-08-27
S105375,6.15,0,11.7,0,0,1,2023-06-17
S105376,6.17,0,38.9,0,1,1,12/04/2023
S105377,7.22,0,4.1,1,0,0,15/07/2023
S105378,5.61,0,5.7,1,0,0,07/05/2023
S105379,5.0,1,9.5,0,0,0,2021-08-22
S105380,4.52,1,13.7,0,1,1,2022-02-08
S105381,9.33,0,5.5,0,1,0,2022-02-16
S105382,6.26,0,1.8,0,0,0,2022-05-15
S105383,6.27,0,3.1,0,1,0,2022-07-01
S105384,8.14,2,4.5,1,0,0,26/01/2022
S105385,7.81,0,1.2,1,2,0,2022-04-28
S105386,8.07,1,8.4,0,0,0,2022-03-11
S105387,7.2,0,1.0,1,0,2,2022-06-21
S105388,7.41,0,1.6,0,0,0,2022-07-31
S105389,7.64,0,1.2,1,0,0,07-17-2021
S105390,4.58,0,6.4,1,0,0,2022-11-24
S105391,7.45,0,5.0,1,0,0,06-21-2023
S105392,8.07,2,6.6,0,0,0,2023-06-21
S105393,7.33,1,18.3,0,2,0,10-05-2021
S105394,4.39,1,2.3,1,2,0,2023-04-12
S105395,6.91,1,1.0,1,0,0,12-30-2021
S105396,10.0,0,,0,2,0,2022-03-01
S105397,7.72,0,9.0,1,0,1,2022-04-28
S105398,5.58,0,3.5,1,2,1,2021-09-07
S105399,7.19,1,25.5,0,1,1,2022-05-13
S105400,7.18,0,6.2,0,0,0,2023-05-12
S105401,5.86,3,6.4,1,0,0,01/01/2023
S105402,9.28,2,14.6,1,0,0,2022-05-30
S105403,5.48,0,10.5,0,2,0,2022-06-10
S105404,7.8,0,1.0,1,1,1,24/10/2022
S105405,8.16,0,1.2,1,0,0,2021-09-19
S105406,7.92,0,3.6,0,0,0,2023-02-08
S105407,9.57,1,8.9,0,0,0,05-07-2022
S105408,7.66,1,3.2,0,0,0,2022/12/25 13:14:31
S105409,8.21,0,11.1,0,0,0,08-08-2022
S105410,5.8,0,1.0,1,0,2,14/11/2021
S105411,7.01,2,2.3,1,0,0,2021-10-06
S105412,4.97,0,15.6,0,0,0,2023/05/26 04:25:58
S105413,5.15,0,3.7,0,0,1,2021-10-18
S105414,10.0,0,1.3,0,2,0,2022-11-20
S105415,5.2,0,10.3,1,1,1,01/12/2021
S105416,4.56,0,9.9,0,0,0,2023-03-20
S105417,7.99,0,5.1,1,0,0,2022-10-22
S105418,6.3,0,1.3,0,0,0,2021-11-14
S105419,5.3,1,15.9,0,0,1,2021-08-02
S105420,7.71,1,8.2,0,0,0,2023-06-02
S105421,5.56,1,4.7,1,2,0,2022-03-15
S105422,5.97,1,4.0,0,1,0,2022-01-19
S105423,4.8,2,1.0,1,0,0,2023-04-17
S105424,5.11,1,3.5,1,2,0,2022-02-10
S105425,6.92,2,18.7,1,0,0,2021-11-20
S105426,5.37,0,2.0,0,0,0,05-23-2023
S105427,8.14,0,3.3,0,1,0,2022-09-08
S105428,8.12,1,3.1,1,0,0,10-18-2022
S105429,7.5,1,2.1,1,0,1,2022-11-06
S105430,6.52,1,1.5,0,0,0,2023-03-29
S105431,5.95,0,13.2,0,2,0,2021-08-12
S105432,5.31,2,3.0,0,0,0,2021-10-29
S105433,7.62,1,7.3,0,1,0,2022-08-04
S105434,6.24,0,4.9,1,0,1,2022-06-21
S105435,6.56,2,7.2,1,1,0,2023-03-26
S105436,7.68,1,10.8,1,0,0,2022-02-22
S105437,9.04,0,1.0,0,0,0,09/08/2022
S105438,7.97,0,4.0,1,2,0,2023/07/14 17:51:55
S105439,7.02,0,1.0,0,1,0,2021-11-24
S105440,9.21,0,5.4,1,1,0,23/09/2021
S105441,7.73,0,1.7,1,0,0,29/07/2021
S105442,8.15,3,1.0,1,0,0,2022-12-25
S105443,4.28,2,4.8,1,0,0,08-28-2023
S105444,5.75,0,2.0,0,1,1,2022/08/08 05:51:16
S105445,3.76,0,1.0,0,0,0,2023-08-25
S105446,5.08,0,12.6,0,0,0,12/10/2022
S105447,5.67,0,6.7,0,0,0,03/09/2021
S105448,7.36,1,2.6,0,0,0,2022-08-10
S105449,6.75,3,3.2,1,3,0,2023-02-24
S105450,8.11,2,1.0,1,1,0,09-21-2022
S105451,7.5,0,1.0,0,0,0,20/10/2021
S105452,6.5,1,1.5,0,1,0,2022-12-05
S105453,9.05,3,16.4,1,0,1,2023-02-12
S105454,8.16,1,3.1,0,1,0,08-23-2023
S105455,8.12,1,5.9,1,0,0,2022-04-21
S105456,7.18,0,6.8,1,0,0,17/12/2022
S105457,7.7,0,1.0,0,1,0,2022-01-30
S105458,7.98,1,1.0,0,0,0,2022-08-14
S105459,7.3,0,1.0,0,0,0,2021-08-13
S105460,8.12,1,5.2,0,0,1,2023-06-07
S105461,7.38,0,2.5,0,0,1,2022-10-24
S105462,6.42,0,3.3,0,0,0,2023-03-10
S105463,4.3,2,2.8,0,0,0,08/11/2021
S105464,5.34,2,4.8,1,0,0,2022-01-12
S105465,6.91,0,8.8,0,0,0,27/07/2022
S105466,5.98,0,1.3,1,0,1,2022-09-19
S105467,5.54,0,1.0,1,0,0,2023-08-01
S105468,5.9,0,3.9,0,0,0,2023-08-07
S105469,3.56,0,6.6,1,2,0,2023-03-25
S105470,7.91,1,1.0,0,0,2,2021/12/21 21:52:20
S105471,7.91,0,8.9,1,1,3,09/02/2023
S105472,6.82,1,3.2,0,0,0,2021-09-03
S105473,7.52,0,2.4,1,1,0,28/06/2023
S105474,8.45,0,5.3,1,1,0,2023-01-06
S105475,7.43,1,11.4,0,1,0,2022-08-07
S105476,8.05,0,13.6,1,0,0,2022-11-12
S105477,8.68,2,1.9,1,1,0,11/01/2023
S105478,5.94,1,1.3,0,0,1,2021-10-11
S105479,5.91,1,4.5,1,0,1,05-28-2023
S105480,4.07,0,5.0,1,1,0,2022-12-02
S105481,6.84,0,5.0,0,0,0,2021-09-08
S105482,5.79,0,7.5,1,1,1,2022/09/11 01:45:26
S105483,6.57,0,2.5,1,1,0,2023-02-09
S105484,7.62,0,1.6,1,0,0,13/01/2022
S105485,8.09,0,3.2,1,1,0,20/12/2021
S105486,6.43,0,9.8,0,1,0,06-24-2022
S105487,5.71,1,3.8,1,0,0,2022-09-07
S105488,7.27,0,1.4,0,0,0,2022-08-20
S105489,6.67,0,1.0,0,0,0,19/12/2021
S105490,7.8,0,7.2,1,2,1,2021-12-14
S105491,6.24,0,5.9,1,1,0,2023-04-04
S105492,8.9,0,7.7,1,0,0,2022-05-04
S105493,5.91,1,5.1,1,2,1,2021-07-11
S105494,10.0,1,9.5,1,1,0,2021-07-07
S105495,7.61,2,7.4,1,0,0,2022-12-23
S105496,9.41,0,14.6,0,0,0,2022-07-17
S105497,7.4,2,14.9,1,2,0,2022-03-16
S105498,8.05,0,6.1,0,0,0,2022-02-28
S105499,6.81,0,7.0,1,0,0,09/05/2022
S105500,6.26,0,26.3,0,1,1,11/06/2022
S105501,7.49,3,14.1,1,1,0,2023-06-06
S105502,7.27,1,3.3,1,0,1,2022-07-15
S105503,7.37,1,,1,1,0,2021-11-21
S105504,5.5,1,9.2,1,0,0,2023-03-11
S105505,5.83,1,8.6,1,1,0,11/08/2021
S105506,7.13,2,5.4,0,1,0,26/03/2022
S105507,6.79,0,9.7,0,0,0,06-17-2023
S105508,5.78,0,11.0,0,2,0,2022-05-08
S105509,6.62,0,5.2,0,1,2,2022-06-12
S105510,7.64,0,1.0,1,0,0,12/10/2021
S105511,5.68,0,11.8,0,2,2,2022-07-14
S105512,7.69,2,1.0,1,2,0,2021-12-08
S105513,7.97,2,5.7,0,0,0,2023-04-03
S105514,6.04,0,2.4,1,1,0,2022-09-06
S105515,6.16,0,4.9,0,0,0,2022-01-26
S105516,9.48,1,1.0,0,0,0,2022-10-19
S105517,8.05,0,6.5,0,3,0,01/09/2021
S105518,6.55,0,6.0,0,0,0,2022/10/16 00:29:11
S105519,8.25,1,9.4,1,1,0,2022-08-28
S105520,6.76,0,8.9,0,1,0,2023-03-16
S105521,5.29,0,3.2,1,1,0,2022-11-10
S105522,9.99,1,1.7,1,1,0,07-07-2022
S105523,5.49,0,11.2,0,1,0,2023-06-05
S105524,7.7,1,5.8,0,0,0,07-24-2023
S105525,9.6,0,1.3,0,1,0,2023-02-05
S105526,5.78,2,1.0,1,0,2,18/08/2022
S105527,5.19,1,19.4,0,0,1,2022-08-07
S105528,6.48,0,2.4,0,0,0,2022-02-19
S105529,4.2,2,10.8,1,0,0,2023-06-07
S105530,6.91,2,6.8,0,1,1,2023-05-11
S105531,5.74,0,2.8,1,1,0,17/10/2022
S105532,7.86,0,1.4,0,1,0,07/12/2021
S105533,8.02,0,1.1,0,2,0,2021-07-27
S105534,6.67,0,4.1,1,0,0,2021/08/26 15:02:51
S105535,8.39,1,16.2,0,1,0,2023-08-06
S105536,5.82,1,8.2,1,1,0,2023/03/27 12:35:08
S105537,7.72,2,7.2,0,0,0,2023-05-21
S105538,5.31,0,1.0,1,1,0,05-27-2023
S105539,5.66,1,5.0,0,0,0,2023-08-05
S105540,7.94,0,1.9,0,3,0,2021-07-01
S105541,6.77,1,29.4,0,0,0,2022-04-07
S105542,6.11,2,4.1,1,1,0,2021-07-30
S105543,7.51,1,13.3,1,0,1,2022-02-09
S105544,6.59,1,5.3,0,1,0,2022-12-22
S105545,7.23,0,7.5,0,1,0,2022/09/25 17:15:38
S105546,5.97,1,,1,0,0,2023/01/03 11:26:51
S105547,3.68,1,1.8,1,2,1,2023/04/01 10:00:53
S105548,6.95,2,19.4,1,1,0,2022/08/03 13:37:21
S105549,6.5,0,,0,0,0,22/08/2021
S105550,8.64,1,2.4,1,0,0,2022/09/06 10:31:54
S105551,7.24,2,1.7,1,2,1,06-19-2023
S105552,3.93,0,19.0,1,1,1,2022-05-30
S105553,6.21,4,2.0,0,0,2,19/03/2023
S105554,7.08,1,18.9,0,2,1,01-03-2022
S105555,4.26,1,2.4,1,1,1,16/05/2023
S105556,6.78,0,2.5,1,0,0,2022-05-15
S105557,9.45,0,1.0,1,0,0,2023-03-13
S105558,5.76,0,,0,0,0,17/04/2022
S105559,8.02,1,1.7,1,1,0,2023/05/25 17:29:49
S105560,9.01,1,3.3,1,0,0,2022-01-30
S105561,8.88,0,1.1,0,1,0,2021-11-08
S105562,7.65,0,9.4,1,0,0,2022-12-04
S105563,6.69,1,1.0,1,0,0,2022-04-22
S105564,6.19,2,4.8,0,4,0,2023-05-28
S105565,5.02,0,1.0,0,0,1,27/08/2022
S105566,5.27,2,12.1,0,0,1,2022/02/03 21:50:57
S105567,3.58,1,1.5,0,0,0,14/07/2021
S105568,8.77,0,8.5,1,1,2,2023-01-27
S105569,7.1,1,10.1,0,2,1,03-22-2023
S105570,8.36,1,2.7,0,0,0,2022-10-03
S105571,5.72,0,8.2,0,1,0,2023-01-13
S105572,6.07,1,10.6,1,0,0,2023-05-26
S105573,7.78,0,5.4,0,0,0,27/10/2022
S105574,5.8,2,6.1,1,1,0,03/12/2021
S105575,7.83,0,1.0,0,0,0,12-30-2022
S105576,6.43,0,27.8,0,0,0,2022-08-14
S105577,3.5,2,11.5,1,0,0,2022-02-22
S105578,5.38,0,1.0,1,1,3,2022-06-03
S105579,7.5,0,27.1,1,1,0,20/05/2023
S105580,7.64,0,6.5,0,0,0,02/05/2022
S105581,7.71,0,3.8,1,0,1,2023-06-01
S105582,6.86,0,5.5,0,0,1,2022-02-27
S105583,3.84,1,11.5,1,0,2,2022/06/24 13:10:33
S105584,6.72,2,2.8,0,0,0,05-30-2023
S105585,5.97,1,2.9,0,0,1,2023-06-26
S105586,8.5,0,9.8,0,1,0,10/03/2022
S105587,9.32,0,1.0,0,1,0,12/11/2021
S105588,7.94,0,10.4,0,0,0,2022-05-05
S105589,8.74,0,5.5,0,1,0,2023-05-06
S105590,8.36,1,3.1,1,0,0,2022-04-19
S105591,5.9,0,5.5,1,1,0,2022-07-22
S105592,6.92,0,4.5,1,0,0,18/09/2021
S105593,6.99,1,8.1,1,0,0,2021-10-27
S105594,7.52,0,1.2,0,0,0,2021-10-23
S105595,5.71,0,11.3,1,1,0,2021-07-04
S105596,7.51,0,10.5,0,0,1,2023-01-05
S105597,7.76,0,8.7,0,0,0,17/07/2021
S105598,8.44,0,2.5,1,0,1,2022-09-10
S105599,7.67,2,15.2,0,0,1,2023-08-25
S105600,7.26,1,5.0,0,1,1,2022/11/18 08:01:06
S105601,5.3,1,3.4,1,2,0,2022-05-16
S105602,3.63,0,1.2,0,0,0,28/01/2023
S105603,4.82,1,7.5,1,0,0,2023-07-06
S105604,6.19,1,6.6,1,0,1,01-19-2022
S105605,6.71,3,2.7,1,0,0,05/09/2021
S105606,8.25,0,2.5,0,1,0,2022-01-15
S105607,6.4,0,1.0,1,0,1,05/05/2023
S105608,6.82,0,4.4,1,1,0,2021-11-11
S105609,6.66,0,21.5,1,1,0,2021/08/01 23:42:59
S105610,9.46,2,,0,0,0,2022-08-26
S105611,4.41,1,6.5,1,1,1,26/11/2022
S105612,8.31,0,5.1,0,2,0,2022-03-01
S105613,5.99,1,2.4,0,1,1,30/12/2021
S105614,4.4,0,1.2,0,3,0,2022/07/03 10:52:56
S105615,6.06,1,4.5,0,0,1,09-28-2022
S105616,7.45,1,5.2,0,0,0,2023-06-12
S105617,7.74,1,3.6,1,0,0,2022-07-19
S105618,8.12,0,1.4,1,0,0,2023-02-22
S105619,9.12,0,,0,1,1,2022-06-08
S105620,9.57,0,5.2,0,0,0,2022-04-02
S105621,9.24,2,5.7,0,1,0,2022-02-04
S105622,5.33,0,1.1,1,1,1,2023-07-12
S105623,5.85,0,3.8,0,0,1,2022-04-21
S105624,5.64,4,1.2,1,2,0,2023-06-25
S105625,6.48,0,12.8,0,0,0,2021-08-25
S105626,5.85,0,1.5,0,0,1,2023-03-19
S105627,6.81,0,5.8,1,1,1,17/07/2021
S105628,6.44,1,2.8,1,0,0,2023-05-10
S105629,5.29,1,1.0,0,0,0,2022-12-11
S105630,8.31,0,5.7,0,2,1,2023-05-31
S105631,6.27,1,26.4,1,1,0,2022-11-01
S105632,7.85,0,2.4,0,1,0,23/11/2021
S105633,4.64,1,3.0,0,2,1,2022-06-18
S105634,10.0,0,4.9,1,0,0,2022-04-19
S105635,8.01,0,1.0,0,2,0,05-29-2022
S105636,8.46,0,1.6,1,1,1,2023/02/20 03:32:58
S105637,7.78,0,3.0,0,0,0,2023-03-22
S105638,7.86,2,7.3,1,0,0,2021-12-26
S105639,8.61,0,18.1,0,0,0,2022-09-12
S105640,6.42,1,1.0,0,0,0,2023-07-24
S105641,7.31,1,10.1,1,0,1,2022-08-16
S105642,5.55,0,1.2,1,2,1,21/12/2021
S105643,6.96,0,3.0,0,1,1,2022-03-27
S105644,6.5,0,1.0,1,0,2,08-04-2022
S105645,6.4,0,1.4,0,1,0,2022-05-15
S105646,5.44,1,2.9,1,0,0,2022-12-13
S105647,3.5,1,7.3,1,0,0,28/04/2022
S105648,7.57,2,8.2,1,0,0,2022-05-19
S105649,7.05,1,3.8,0,2,1,2021-07-12
S105650,7.69,2,,1,0,0,2022-09-13
S105651,6.61,0,1.4,0,3,0,2021-07-06
S105652,10.0,2,2.8,1,0,0,2021-09-28
S105653,6.19,2,1.6,1,2,0,2022-04-13
S105654,5.45,1,3.3,1,0,0,2022-06-03
S105655,7.65,1,10.2,0,0,2,2021-10-12
S105656,6.33,3,2.2,1,0,0,2022/04/09 14:21:54
S105657,6.08,0,1.0,0,1,0,2022-12-15
S105658,8.45,1,13.1,0,0,0,2021-12-20
S105659,4.64,1,8.3,0,0,1,2023/05/27 23:22:46
S105660,7.42,1,3.9,0,0,1,04/06/2022
S105661,7.73,1,2.4,1,0,0,2023-08-17
S105662,9.45,1,10.0,1,1,0,2022-05-31
S105663,8.91,1,9.2,1,1,0,20/06/2022
S105664,6.78,2,1.7,1,0,0,2023-06-02
S105665,5.4,1,5.7,1,0,0,05/02/2023
S105666,4.07,1,2.9,0,0,0,2023/07/26 08:12:28
S105667,5.84,1,6.7,1,1,0,2022-01-22
S105668,7.35,0,2.4,1,0,0,2022-11-25
S105669,7.02,0,6.2,0,1,1,08/08/2022
S105670,6.12,0,4.7,1,1,1,2022-09-05
S105671,6.59,1,2.1,1,1,1,2022-08-16
S105672,5.34,0,4.6,1,1,0,2022-06-29
S105673,7.74,1,3.0,0,0,1,12/03/2023
S105674,5.05,0,11.8,0,3,1,2021-12-17
S105675,9.41,0,5.5,1,0,0,2021/08/27 02:49:50
S105676,7.23,1,9.9,1,0,0,09/07/2022
S105677,5.76,1,5.4,1,2,0,2023-07-09
S105678,8.62,1,3.7,0,0,1,05/07/2023
S105679,5.94,1,1.0,1,1,0,2023-08-13
S105680,9.45,0,4.7,0,1,0,28/09/2021
S105681,6.52,1,2.1,1,0,1,2021-12-03
S105682,3.65,1,14.8,1,2,0,2023-01-11
S105683,9.04,0,6.7,1,0,0,26/05/2023
S105684,9.62,1,10.2,0,1,0,2023-01-18
S105685,8.35,0,20.4,0,1,0,30/07/2023
S105686,9.33,0,6.1,1,0,0,05/06/2023
S105687,5.74,1,1.0,1,0,0,2023-07-22
S105688,9.22,0,4.2,0,0,0,2022-08-23
S105689,6.55,0,10.4,1,2,0,01-22-2022
S105690,6.45,0,1.0,1,0,1,2023-05-16
S105691,7.02,0,1.0,0,1,0,17/09/2021
S105692,9.26,1,29.0,1,0,1,19/06/2022
S105693,8.06,1,6.0,1,0,0,10-14-2022
S105694,5.91,0,1.0,0,1,0,08/12/2022
S105695,6.94,0,1.4,1,1,1,2021-10-14
S105696,5.03,1,6.9,1,0,1,12-14-2022
S105697,3.84,2,7.7,1,1,0,06/04/2023
S105698,5.0,1,1.0,1,1,0,05/02/2022
S105699,8.72,0,,0,0,0,2022-01-20
S105700,6.66,1,1.0,1,1,1,2023-08-19
S105701,8.2,0,11.2,1,1,0,22/08/2021
S105702,6.4,0,8.6,0,2,0,2023-03-28
S105703,4.11,1,6.2,1,2,0,2021-12-09
S105704,9.11,0,1.1,0,0,0,2021-08-25
S105705,7.82,0,10.4,1,0,0,2022-07-07
S105706,6.41,1,6.7,1,0,0,2022-06-30
S105707,10.0,1,1.7,0,0,0,2022-12-12
S105708,8.13,0,1.7,0,0,0,2022-11-12
S105709,8.75,1,4.1,0,1,0,29/08/2022
S105710,5.32,0,1.0,1,1,0,2022-11-12
S105711,8.16,1,1.0,0,0,0,2023-02-02
S105712,9.0,0,2.8,0,0,0,2022-03-30
S105713,7.28,1,1.8,1,1,1,2022-09-03
S105714,4.22,0,8.8,1,1,0,06/08/2021
S105715,5.72,0,9.6,1,1,0,13/06/2022
S105716,6.64,1,4.9,1,1,1,2022-10-24
S105717,10.0,0,9.5,0,0,0,2023-06-19
S105718,6.72,0,7.7,1,1,0,06-02-2023
S105719,5.27,2,1.0,1,1,0,2023-06-14
S105720,6.98,1,4.5,1,0,1,2023-05-05
S105721,7.2,0,1.0,0,2,0,2022-07-26
S105722,5.15,1,6.8,1,0,1,2022-09-28
S105723,6.57,0,1.0,0,2,0,2022-09-30
S105724,7.53,0,1.0,1,0,1,2023-03-12
S105725,7.49,0,1.6,1,3,0,2022-05-23
S105726,7.37,0,3.3,0,3,0,2022-01-28
S105727,5.16,0,1.2,0,0,1,2021-09-20
S105728,6.48,0,12.7,0,2,0,2022-04-09
S105729,6.09,1,1.0,0,0,0,2022-01-17
S105730,8.9,0,4.7,1,1,0,2022-06-06
S105731,8.31,0,4.2,1,1,0,2021-11-16
S105732,5.58,1,1.4,1,1,0,08/10/2022
S105733,7.36,0,1.0,1,1,0,31/01/2022
S105734,7.15,1,1.3,1,0,0,2023-06-08
S105735,5.39,0,3.2,1,1,0,2021-12-14
S105736,9.76,0,3.3,0,2,0,30/07/2022
S105737,8.38,1,11.4,0,0,0,2022-03-11
S105738,8.46,2,22.3,0,0,1,2023-05-14
S105739,4.64,1,2.4,1,1,0,03/04/2022
S105740,7.56,2,4.8,0,1,0,09-28-2021
S105741,6.76,2,8.5,1,0,0,2021-09-20
S105742,8.86,2,11.3,1,0,0,2022-09-06
S105743,5.44,1,,0,0,0,12-10-2021
S105744,5.69,2,20.3,1,2,0,2023-05-22
S105745,7.31,0,1.0,1,0,0,09-25-2021
S105746,7.73,0,2.6,0,0,2,2023-05-27
S105747,8.79,1,8.3,1,1,0,2023-03-16
S105748,6.2,2,3.7,0,0,0,2023-06-25
S105749,5.7,0,3.5,0,2,0,2021/07/14 16:00:59
S105750,7.9,1,4.8,0,1,0,11-28-2021
S105751,7.25,1,2.7,0,1,1,2022-10-10
S105752,6.53,0,20.5,0,1,0,24/12/2021
S105753,7.51,1,2.5,1,0,0,2022-01-06
S105754,6.25,1,10.9,1,1,0,15/07/2022
S105755,6.87,0,3.6,1,1,0,04/03/2023
S105756,6.18,0,1.5,1,2,0,2022-09-27
S105757,7.08,1,1.0,0,0,0,2022-04-03
S105758,4.89,0,,0,1,0,2023/01/25 08:33:49
S105759,7.65,1,12.0,1,0,0,02-04-2022
S105760,7.88,0,11.6,0,0,1,2022-04-24
S105761,7.25,0,7.6,1,0,0,2023-02-19
S105762,5.54,0,2.5,0,0,0,2021/12/05 12:08:39
S105763,5.84,2,13.3,1,1,0,2021-07-13
S105764,7.13,1,4.6,1,1,1,2022-12-14
S105765,6.69,0,5.1,0,0,1,2022-09-10
S105766,9.78,1,10.1,0,0,1,08-29-2022
S105767,5.84,1,13.5,1,0,0,2023-02-13
S105768,6.5,2,3.0,1,0,1,2022-01-12
S105769,7.88,3,2.4,1,1,0,2023-07-01
S105770,6.4,1,7.3,1,0,0,08-27-2023
S105771,7.32,2,4.3,0,0,0,18/01/2022
S105772,5.81,0,3.1,1,0,0,25/01/2023
S105773,4.12,0,3.6,1,1,1,2023-06-12
S105774,7.91,1,3.4,0,0,0,06-20-2023
S105775,8.38,1,2.7,1,0,1,22/06/2023
S105776,8.36,0,1.0,0,1,0,09/09/2022
S105777,7.36,0,8.5,1,1,0,2021/08/21 17:03:21
S105778,8.29,0,12.0,0,2,0,2022-11-23
S105779,7.92,1,1.3,0,1,0,19/07/2023
S105780,7.41,1,1.0,0,0,0,02-28-2023
S105781,7.27,1,5.7,0,0,0,09/07/2021
S105782,7.85,1,1.4,0,0,0,2021-10-14
S105783,8.46,0,1.0,0,1,0,2022-08-11
S105784,5.47,0,1.0,0,0,0,03/09/2022
S105785,8.66,1,4.2,1,0,0,2023-08-06
S105786,6.82,1,1.1,1,1,1,2022-03-06
S105787,7.74,0,7.9,1,1,0,08-09-2022
S105788,5.95,1,17.8,1,1,1,2022-01-28
S105789,6.52,0,4.3,0,0,0,2022-02-28
S105790,5.44,0,1.0,0,2,1,27/04/2022
S105791,7.49,1,9.2,1,1,0,2022-08-03
S105792,6.02,1,2.2,0,1,1,2022-11-11
S105793,7.72,0,4.2,0,0,0,2021-10-07
S105794,6.98,0,3.3,0,1,1,2023-05-29
S105795,6.99,2,1.0,0,0,0,2023-02-17
S105796,3.5,1,5.4,0,0,0,2021-07-28
S105797,8.03,0,7.1,1,1,0,2022-06-08
S105798,7.59,2,2.3,1,1,0,2023-07-27
S105799,7.65,3,3.9,0,2,1,2022-05-27
S105800,5.96,1,4.7,0,0,0,12-03-2021
S105801,5.32,0,5.8,0,1,1,2022-09-06
S105802,8.44,2,2.7,0,2,0,06/08/2021
S105803,5.78,1,1.0,1,1,0,2021-10-05
S105804,4.17,2,19.8,1,0,2,24/11/2022
S105805,6.59,0,14.7,1,1,0,22/08/2023
S105806,6.8,0,5.9,1,1,1,2022-11-23
S105807,6.33,1,4.0,1,1,1,2023-08-03
S105808,4.37,0,23.8,1,1,0,2022-06-13
S105809,6.87,1,4.1,1,1,0,08/06/2023
S105810,7.21,1,10.5,1,0,0,2022-11-15
S105811,4.9,0,33.7,1,1,0,04-18-2022
S105812,6.76,2,1.2,1,0,0,2021-11-17
S105813,5.99,1,1.0,0,1,0,2021-11-07
S105814,6.2,0,1.0,0,2,0,2021-12-09
S105815,7.64,0,1.0,0,1,0,11-30-2022
S105816,7.0,1,3.8,1,0,1,2021-08-02
S105817,5.24,0,4.6,1,0,0,04/10/2021
S105818,3.72,0,1.0,0,0,0,2022-09-08
S105819,7.39,1,5.5,1,0,0,2021-11-04
S105820,6.23,0,11.2,1,0,1,25/08/2021
S105821,5.05,2,1.0,1,1,2,05-13-2022
S105822,7.1,2,1.1,1,1,1,2022-02-27
S105823,7.96,0,5.3,1,1,1,2022-10-03
S105824,5.38,1,5.9,1,0,0,09/07/2023
S105825,9.87,0,2.6,0,0,0,2023-07-12
S105826,7.76,2,8.3,1,0,0,14/12/2021
S105827,6.7,1,3.2,1,1,0,2023-03-31
S105828,7.39,1,1.6,1,1,1,2023-02-12
S105829,7.83,0,1.0,1,1,0,18/07/2021
S105830,4.15,2,8.6,1,0,0,2022-08-27
S105831,5.7,1,14.4,1,0,0,2022/11/01 09:28:25
S105832,5.96,1,1.2,0,0,0,11/07/2021
S105833,7.69,1,33.8,1,1,0,17/08/2022
S105834,7.9,2,1.0,1,1,0,2023-08-24
S105835,5.74,1,,0,0,0,01-22-2022
S105836,7.55,1,10.2,0,0,1,19/06/2022
S105837,4.1,0,9.2,1,3,0,2023-03-29
S105838,4.5,0,7.7,0,0,0,2022-02-28
S105839,6.15,1,13.8,1,1,0,2023-08-07
S105840,7.32,0,1.0,0,1,0,2021/09/21 14:55:12
S105841,6.62,2,6.3,0,1,0,09-26-2021
S105842,7.99,0,1.1,1,1,0,10-17-2021
S105843,6.18,1,6.7,0,0,0,22/11/2022
S105844,5.94,0,13.1,0,0,0,2022-07-17
S105845,6.8,0,14.0,1,0,0,2022-08-31
S105846,6.89,0,1.0,1,0,0,2023-07-07
S105847,7.56,1,9.9,1,1,0,2023-06-29
S105848,8.31,2,11.1,1,1,0,2023-07-11
S105849,6.47,2,13.5,0,1,0,09-20-2022
S105850,5.7,1,19.8,0,1,0,2022/06/30 16:13:11
S105851,6.84,2,3.7,1,0,0,2021-07-31
S105852,5.5,0,3.4,0,2,1,23/12/2021
S105853,7.75,1,4.1,0,1,0,2022-04-02
S105854,7.95,0,2.6,1,1,0,2022-01-01
S105855,7.73,1,3.6,1,0,0,15/12/2021
S105856,9.23,0,8.1,0,0,0,2023-06-03
S105857,6.65,2,1.2,0,1,1,07-26-2021
S105858,6.67,1,1.0,0,0,0,20/01/2023
S105859,8.61,1,15.5,1,3,0,15/06/2022
S105860,5.45,3,14.6,1,2,0,2022-02-25
S105861,8.63,1,1.0,0,1,0,2022-03-25
S105862,7.46,1,3.6,0,1,2,2022-12-03
S105863,6.59,0,1.0,0,0,0,29/09/2022
S105864,7.44,4,4.8,1,2,0,08-02-2023
S105865,9.01,1,7.9,1,1,0,2021-10-24
S105866,10.0,2,17.9,1,0,0,29/12/2022
S105867,6.81,1,1.0,1,0,1,2023-07-25
S105868,7.5,1,1.0,1,1,1,2023-05-06
S105869,8.39,1,1.5,0,0,0,19/12/2022
S105870,7.95,0,7.7,0,0,0,13/10/2021
S105871,4.75,1,1.6,1,0,1,2021-10-24
S105872,5.28,2,8.5,1,1,0,2022-09-23
S105873,6.09,0,1.6,1,0,1,2022-09-19
S105874,9.47,0,6.5,1,1,0,2023-08-19
S105875,6.43,0,2.3,1,1,0,01-03-2022
S105876,6.16,1,11.6,0,0,0,2022-09-29
S105877,8.7,1,10.5,1,0,0,2022-10-27
S105878,9.2,0,16.5,0,1,1,2022-10-31
S105879,5.72,0,4.4,0,0,0,2021/07/16 13:04:14
S105880,5.6,1,1.6,1,1,0,06/08/2021
S105881,6.56,2,5.4,1,1,0,14/03/2023
S105882,6.73,1,9.1,1,2,0,2022-02-01
S105883,7.45,1,9.4,0,3,1,06-17-2023
S105884,6.82,0,12.6,0,1,1,2023-08-04
S105885,6.32,1,1.4,1,0,0,13/08/2022
S105886,7.33,0,2.9,0,1,0,2021/11/13 14:33:03
S105887,6.83,0,6.4,1,1,0,2021-07-16
S105888,8.69,0,3.1,1,0,1,2021-08-09
S105889,8.79,0,,0,1,0,2022-08-29
S105890,5.28,1,14.0,1,0,0,2022-04-15
S105891,6.59,1,11.8,0,0,0,2023-02-21
S105892,7.45,2,11.8,1,1,0,12-25-2022
S105893,5.95,3,1.2,1,0,0,2023-07-05
S105894,6.39,1,1.0,0,0,0,21/04/2023
S105895,7.6,0,14.5,0,0,0,06-13-2023
S105896,7.09,0,24.1,0,1,1,2023/05/01 17:11:32
S105897,3.69,0,2.6,0,1,0,2022-03-22
S105898,7.91,0,10.0,0,1,0,2023-07-10
S105899,7.65,0,1.0,0,3,0,2023-07-11
S105900,6.94,0,9.0,0,2,0,2022-10-25
S105901,7.18,0,3.6,0,1,2,08/01/2022
S105902,6.47,2,2.9,1,2,1,2023-05-14
S105903,5.83,0,1.0,1,0,1,2022-12-09
S105904,7.21,0,9.7,1,0,0,2022-09-19
S105905,3.56,0,1.0,1,0,0,05/09/2022
S105906,8.9,2,7.3,0,1,0,2022-11-25
S105907,8.3,1,6.3,0,2,0,2022-04-26
S105908,5.67,1,2.7,0,0,0,2022-12-12
S105909,4.92,0,13.3,0,1,1,2022-01-02
S105910,6.56,1,1.2,0,0,0,22/09/2022
S105911,5.06,0,3.5,1,2,2,2022-07-21
S105912,4.93,0,5.6,1,0,0,05/12/2022
S105913,7.06,0,13.5,0,0,2,2022-06-13
S105914,6.8,1,1.8,1,1,0,2023-08-15
S105915,8.34,0,1.6,0,1,0,2022-07-02
S105916,6.43,0,6.8,1,0,0,2022-01-29
S105917,6.29,1,9.2,1,1,0,06/06/2022
S105918,7.34,1,7.3,1,0,0,2023-01-09
S105919,9.46,0,1.1,0,1,0,10/07/2022
S105920,7.06,1,4.3,1,0,0,2022-06-04
S105921,6.33,0,1.0,1,0,0,2023/02/19 15:33:06
S105922,6.94,1,3.1,1,1,0,22/04/2023
S105923,7.5,0,1.5,0,1,0,27/02/2022
S105924,6.71,0,2.7,0,1,0,2023-04-25
S105925,6.16,0,2.4,0,1,0,2022/01/13 03:54:12
S105926,6.35,0,2.0,0,0,0,2022/02/15 00:29:05
S105927,6.15,1,12.3,1,0,1,2022-07-25
S105928,7.85,1,9.6,0,2,1,2022-12-22
S105929,7.04,2,5.2,1,0,1,2022-04-07
S105930,5.88,1,2.0,0,0,1,2021-07-14
S105931,10.0,0,47.9,0,0,0,2023-08-25
S105932,5.79,0,5.2,1,0,0,2022-12-26
S105933,7.94,1,10.0,0,0,1,02-23-2023
S105934,6.35,1,1.0,1,1,0,2022-02-14
S105935,5.92,0,22.1,1,1,1,06/02/2023
S105936,5.72,2,1.1,1,0,0,2021-12-09
S105937,5.38,1,12.1,0,0,1,26/11/2021
S105938,6.19,2,7.0,1,1,0,2023-08-02
S105939,5.99,1,2.0,0,0,0,19/11/2021
S105940,6.33,0,4.5,0,0,0,2022-03-22
S105941,7.62,0,10.9,1,1,1,2022-02-23
S105942,6.83,1,8.8,1,1,0,08-04-2021
S105943,6.34,0,3.9,1,1,0,2022-04-23
S105944,6.13,1,1.2,1,1,0,2022-01-01
S105945,5.98,1,1.6,1,0,1,2022-08-11
S105946,7.99,0,1.0,0,0,0,05-10-2022
S105947,5.71,1,5.5,1,2,0,2021-10-23
S105948,6.18,2,6.9,0,2,0,13/04/2022
S105949,6.53,3,4.4,1,1,0,2022-06-21
S105950,6.1,0,3.1,1,1,0,2021-12-08
S105951,8.39,1,2.4,0,0,0,08-01-2021
S105952,7.93,1,3.7,1,1,0,2022-11-15
S105953,7.59,1,2.3,1,2,0,16/07/2021
S105954,8.22,1,1.0,1,0,0,2021-09-26
S105955,3.58,3,2.8,1,1,0,2021-09-28
S105956,4.29,1,5.4,1,0,0,2022-12-05
S105957,8.81,0,2.4,0,0,0,2023-01-01
S105958,7.83,0,2.1,1,0,1,23/10/2021
S105959,6.7,1,1.4,0,2,0,13/05/2023
S105960,8.96,0,1.2,0,1,0,2023-07-13
S105961,3.5,2,1.7,1,0,0,2021-12-12
S105962,8.4,1,8.3,1,1,0,2022-05-12
S105963,7.41,0,1.0,0,1,0,22/06/2022
S105964,6.23,0,13.5,0,1,1,16/06/2022
S105965,8.4,0,5.7,0,1,1,2023-06-11
S105966,4.98,1,1.0,1,0,0,2023-07-25
S105967,6.2,1,1.8,1,0,2,2022-07-06
S105968,7.35,0,9.5,0,0,0,2022/05/25 13:46:53
S105969,6.6,1,4.6,1,1,0,19/10/2022
S105970,6.33,1,11.4,1,0,0,2021-11-20
S105971,5.57,0,1.0,1,0,0,2023-05-20
S105972,7.96,1,19.6,0,0,0,2022-03-15
S105973,7.9,1,14.8,0,1,0,2022-12-17
S105974,8.29,1,10.2,0,0,0,05/09/2022
S105975,6.67,1,6.4,1,1,0,2021-07-28
S105976,3.5,0,3.0,1,1,1,07-07-2022
S105977,4.7,0,3.3,0,3,0,2023-08-15
S105978,5.63,1,7.4,1,0,0,2022-05-15
S105979,6.55,0,1.0,1,0,0,24/07/2021
S105980,8.61,1,1.0,1,1,1,2021-12-19
S105981,7.23,2,1.0,0,0,1,12-12-2021
S105982,5.58,0,3.3,1,2,0,2022-12-12
S105983,6.64,0,8.4,1,2,1,2023-03-21
S105984,9.69,0,6.2,1,0,0,23/03/2023
S105985,5.57,0,5.4,1,0,0,2022-02-18
S105986,5.01,3,2.7,0,0,0,2023-06-24
S105987,5.73,1,10.5,1,2,0,2022/11/05 16:13:12
S105988,7.89,0,17.6,1,1,0,2022-11-24
S105989,9.23,0,1.3,1,0,0,2023-03-26
S105990,7.76,0,15.1,0,0,0,08-20-2022
S105991,7.36,4,1.0,1,1,0,2021-07-12
S105992,6.15,1,1.2,1,3,1,2022-07-12
S105993,4.6,0,6.5,0,1,0,2021-09-23
S105994,5.91,2,8.7,1,0,0,2022-09-07
S105995,7.31,2,27.8,0,1,1,2022/03/19 06:18:22
S105996,7.14,1,3.8,1,0,2,2023-06-16
S105997,8.52,0,6.9,1,0,0,2022-08-21
S105998,4.62,0,12.1,0,0,0,2021-08-03
S105999,7.05,1,4.4,0,0,0,2023-04-14
S106000,9.55,0,4.3,1,1,0,15/07/2023
S106001,7.44,1,6.0,0,1,1,2021-11-19
S106002,8.29,0,2.7,1,1,1,04/03/2023
S106003,8.72,1,8.2,0,0,0,2021-07-02
S106004,6.15,0,14.1,0,0,0,12/08/2022
S106005,4.82,2,3.5,1,1,0,2021-11-17
S106006,8.09,0,1.0,0,0,0,2021-12-24
S106007,8.34,1,5.0,0,2,0,04/12/2021
S106008,7.75,0,4.7,0,0,1,2022-04-14
S106009,5.44,1,14.7,0,0,1,2022-11-06
S106010,8.59,0,1.0,0,3,0,2021-12-24
S106011,7.63,1,1.8,0,0,1,2023-07-25
S106012,9.69,2,1.0,1,0,1,20/08/2021
S106013,6.65,0,8.8,1,1,0,2023-07-23
S106014,4.49,2,1.0,1,1,0,07-31-2023
S106015,8.76,1,16.2,0,1,1,2021-09-21
S106016,8.81,2,6.0,0,1,0,01-28-2023
S106017,7.78,0,1.0,1,2,1,2021-08-25
S106018,7.0,1,3.6,0,1,0,02-19-2022
S106019,8.65,0,1.0,0,0,0,2022-12-07
S106020,6.49,1,20.1,0,2,0,2022-03-07
S106021,7.57,0,,1,0,0,01-14-2022
S106022,5.87,0,8.7,0,0,0,2023-01-05
S106023,7.17,1,1.0,1,1,0,2021-09-27
S106024,6.4,0,1.7,1,2,0,26/02/2023
S106025,6.71,1,5.0,1,0,0,2021-09-14
S106026,6.74,1,7.9,0,0,0,2022-07-09
S106027,4.8,1,30.1,0,0,0,2022-04-27
S106028,6.78,0,7.2,1,0,0,12/06/2022
S106029,7.07,0,6.5,0,1,0,2022-05-08
S106030,8.6,2,2.5,1,2,2,02-26-2022
S106031,7.18,2,1.0,0,2,1,25/07/2022
S106032,7.96,1,3.2,1,1,0,07/08/2022
S106033,7.54,1,4.6,1,1,1,2021-07-27
S106034,7.18,2,1.0,1,0,1,03-07-2023
S106035,6.47,1,5.9,1,0,1,2021-10-22
S106036,7.4,0,1.0,0,1,0,09-02-2022
S106037,7.56,2,3.8,0,2,0,2022-08-02
S106038,6.74,1,8.2,0,1,0,19/06/2022
S106039,5.61,1,1.1,1,0,0,2023-02-23
S106040,6.62,0,1.0,1,0,1,2022-07-06
S106041,6.55,0,10.1,0,0,0,2021-07-28
S106042,8.49,0,3.3,1,2,0,2022-03-16
S106043,7.27,0,3.6,0,0,2,2021-11-26
S106044,8.73,0,1.0,0,1,0,2023-05-01
S106045,7.2,0,6.6,1,2,1,2023-06-10
S106046,7.67,0,1.0,0,0,0,03/05/2023
S106047,5.9,0,1.0,0,0,0,2021-08-01
S106048,7.09,1,1.6,1,1,1,2022-07-28
S106049,4.5,3,1.4,0,0,0,01/08/2022
S106050,7.06,0,1.6,0,0,1,11-11-2021
S106051,8.95,0,1.0,0,2,0,2021-11-28
S106052,7.72,0,17.9,0,0,0,2022-06-04
S106053,5.85,1,31.9,1,0,0,2023-08-21
S106054,5.59,1,1.3,0,1,0,10/10/2022
S106055,6.0,1,4.1,1,0,0,09/01/2022
S106056,7.18,0,1.0,0,1,1,17/08/2022
S106057,6.39,0,1.5,0,0,0,2023-04-09
S106058,7.53,1,2.7,1,0,0,09/11/2022
S106059,6.8,1,4.4,0,1,1,2022-12-09
S106060,7.51,3,1.6,0,0,0,2023-05-10
S106061,6.12,0,2.4,1,0,0,2021-09-28
S106062,9.33,0,3.7,1,0,0,2022-03-30
S106063,7.59,1,5.0,0,2,0,16/07/2023
S106064,7.04,0,2.5,1,1,0,25/06/2023
S106065,3.5,1,1.0,1,1,0,2022/07/03 08:19:44
S106066,6.67,1,2.8,0,0,1,2023-01-20
S106067,7.2,0,1.0,1,2,0,2022/01/16 00:51:59
S106068,5.77,1,16.1,1,0,1,08/04/2022
S106069,7.9,1,4.8,0,3,0,2021-12-14
S106070,7.38,1,2.6,1,1,0,10-28-2022
S106071,3.5,1,8.5,1,0,0,05/12/2022
S106072,6.71,0,5.8,0,0,0,2023-05-09
S106073,6.98,2,1.0,1,1,1,08-07-2021
S106074,5.25,1,3.0,0,1,0,20/07/2021
S106075,5.57,0,2.1,1,0,0,28/07/2021
S106076,5.71,0,4.7,1,0,0,02-25-2022
S106077,7.24,0,4.0,0,0,1,2021-07-17
S106078,6.66,0,1.1,0,0,0,01/09/2022
S106079,8.49,0,24.3,1,1,0,04/07/2023
S106080,4.76,1,2.6,1,0,0,2021-09-28
S106081,5.51,0,10.9,0,0,0,2022-05-22
S106082,4.91,0,10.2,0,0,0,21/02/2023
S106083,8.93,1,6.9,0,0,0,2023-02-02
S106084,9.67,1,1.0,0,2,0,03/02/2022
S106085,8.06,0,5.1,0,0,0,08-10-2021
S106086,8.75,0,11.3,0,1,0,2022-03-26
S106087,7.6,0,23.8,1,3,0,2022-10-09
S106088,7.41,1,2.5,1,0,0,2021-09-24
S106089,6.17,3,2.0,0,3,0,2022-08-18
S106090,6.55,1,1.2,1,0,1,07-05-2021
S106091,5.72,0,3.3,0,0,0,2022-10-10
S106092,6.9,0,2.9,1,0,0,2023-03-23
S106093,7.08,2,1.0,1,0,0,12/07/2021
S106094,6.32,2,3.4,1,0,0,16/06/2022
S106095,6.94,0,31.8,1,1,0,2023-08-26
S106096,6.74,0,3.2,1,1,2,19/01/2023
S106097,5.41,1,11.7,1,0,0,2022-11-17
S106098,5.61,0,8.3,0,3,1,16/07/2023
S106099,7.01,2,4.9,0,1,0,2022-01-23
S106100,6.42,2,1.3,1,1,1,2022-05-01
S106101,6.82,0,9.5,0,1,0,08-22-2023
S106102,6.29,0,26.7,1,0,0,2022-08-11
S106103,9.15,1,1.9,1,0,1,2022-12-23
S106104,8.09,0,4.0,1,1,0,01-20-2022
S106105,4.89,0,1.0,1,0,0,28/02/2022
S106106,7.66,0,6.6,1,1,0,2022-05-16
S106107,7.14,0,4.3,1,0,0,30/05/2022
S106108,7.82,1,1.0,0,0,0,09-29-2022
S106109,10.0,0,2.9,0,2,0,02/08/2021
S106110,5.07,0,14.6,1,0,0,2021-10-05
S106111,8.59,1,10.0,1,1,0,16/06/2023
S106112,8.74,0,6.9,0,1,0,11/10/2021
S106113,6.0,0,2.8,0,1,0,21/05/2023
S106114,7.8,2,2.3,0,0,2,2021-10-03
S106115,6.35,0,37.6,0,2,0,23/11/2022
S106116,6.41,0,7.3,1,0,0,2021-07-02
S106117,8.03,0,1.5,0,3,1,25/11/2022
S106118,8.03,1,3.4,0,0,0,2022/02/28 10:49:31
S106119,6.88,1,25.3,1,1,0,2023-08-14
S106120,7.78,1,10.8,1,0,0,2022-02-04
S106121,6.47,0,1.0,0,3,1,2022-11-04
S106122,5.09,0,10.1,0,2,1,11/07/2023
S106123,6.91,0,4.7,1,2,1,2022-06-18
S106124,6.13,1,4.5,1,2,0,16/06/2023
S106125,6.8,2,1.0,0,0,1,04-05-2023
S106126,5.31,1,5.6,1,1,1,22/09/2021
S106127,9.29,1,4.0,1,0,2,24/01/2023
S106128,8.42,1,14.8,0,0,0,2021-12-17
S106129,8.25,0,6.5,0,2,0,09-13-2022
S106130,8.33,2,,1,2,0,2021-07-14
S106131,7.82,0,2.9,0,2,0,2023-05-08
S106132,6.56,1,1.7,0,0,0,2022-08-06
S106133,8.17,0,3.2,0,1,2,22/09/2022
S106134,6.15,1,3.8,0,1,0,07-22-2021
S106135,5.82,0,6.1,0,2,0,2022-10-23
S106136,6.68,2,5.2,1,0,0,11/06/2023
S106137,5.75,1,1.0,0,2,0,11/07/2021
S106138,5.93,1,10.2,1,1,1,2022-04-18
S106139,7.83,0,3.1,0,0,0,22/07/2023
S106140,6.49,0,11.7,0,0,0,2021-09-14
S106141,9.97,0,1.7,0,0,1,2021-09-22
S106142,8.03,1,6.5,0,4,1,04-09-2023
S106143,7.53,1,1.1,0,0,1,2021-08-30
S106144,6.99,0,6.0,0,1,2,2022-11-13
S106145,6.09,2,,0,1,0,28/04/2023
S106146,5.63,1,6.8,1,1,2,12-18-2022
S106147,8.39,0,7.0,0,1,0,14/05/2022
S106148,7.61,0,2.6,1,1,0,2022-07-28
S106149,5.65,0,9.5,0,0,0,2021-12-15
S106150,6.03,0,12.5,1,1,0,04/07/2023
S106151,7.06,2,1.0,0,1,0,2022-03-03
S106152,9.12,1,1.0,0,0,1,2021-10-08
S106153,5.18,0,7.1,1,0,0,2022-05-11
S106154,6.28,1,1.1,1,0,0,22/04/2023
S106155,6.53,1,,1,0,0,2023-06-02
S106156,6.53,0,8.1,0,0,0,2022-03-17
S106157,6.84,3,18.1,1,0,1,2023-04-25
S106158,8.64,2,1.1,0,2,1,2021-11-08
S106159,4.6,3,9.4,1,2,0,2022-07-22
S106160,5.46,0,1.1,1,1,2,2023-05-28
S106161,8.8,0,,0,0,0,2023-05-21
S106162,7.47,0,4.3,0,1,0,2022-02-02
S106163,7.87,0,18.2,1,2,1,2023-06-15
S106164,6.61,0,1.4,0,1,0,2022-10-26
S106165,5.63,1,3.6,1,1,1,2022-04-05
S106166,7.54,0,12.2,1,0,0,2022-11-17
S106167,6.89,1,1.0,0,0,0,2023-04-22
S106168,6.31,1,11.9,0,1,0,2023-08-26
S106169,6.22,0,7.0,0,2,0,2022/12/18 03:29:48
S106170,6.69,2,6.9,1,0,0,2022-04-07
S106171,6.82,0,14.1,0,0,0,10-26-2022
S106172,7.16,1,12.8,1,0,0,2023-01-02
S106173,6.78,1,4.8,1,0,0,2021-07-29
S106174,5.69,2,6.5,1,0,0,08/12/2021
S106175,7.67,0,6.8,0,0,1,2023-08-12
S106176,9.37,1,19.5,1,1,0,2023-07-24
S106177,7.79,2,10.5,0,2,0,2022/12/26 23:20:08
S106178,7.0,1,1.2,0,1,0,2022-05-31
S106179,7.5,0,1.0,0,0,0,2022-03-20
S106180,7.31,1,1.0,0,0,0,2023-05-29
S106181,8.64,1,1.0,0,1,2,08-17-2021
S106182,8.17,1,1.0,1,1,1,03-16-2023
S106183,9.3,2,11.1,0,0,0,2022-11-29
S106184,5.53,1,7.1,0,0,0,2021-09-30
S106185,7.68,1,1.0,1,1,0,07/12/2021
S106186,6.55,0,1.0,0,0,2,2021-07-05
S106187,6.88,0,10.4,0,0,0,2022-03-22
S106188,6.26,1,1.0,0,0,0,19/11/2022
S106189,6.72,1,1.4,0,0,0,2021-10-01
S106190,8.88,0,1.0,1,0,0,20/12/2021
S106191,8.74,1,4.4,1,0,0,07-07-2022
S106192,6.16,0,27.2,0,0,0,18/08/2023
S106193,7.12,0,14.6,0,0,1,2023-04-09
S106194,9.03,0,1.0,1,0,0,2023-07-16
S106195,7.51,0,1.0,1,1,0,2021-11-03
S106196,6.7,1,1.0,1,0,0,2022-12-13
S106197,8.59,0,13.1,1,0,0,2023-02-04
S106198,8.33,1,,1,1,1,2023-08-17
S106199,7.31,1,1.0,0,0,0,2022-10-17
S106200,9.31,0,5.4,0,0,2,2021-08-01
S106201,5.36,1,4.0,1,0,1,2023-03-09
S106202,10.0,1,2.9,1,0,0,2022-03-30
S106203,6.24,0,1.1,1,0,0,2023-01-13
S106204,5.39,1,1.5,1,2,1,2023-06-25
S106205,6.82,2,8.8,0,2,0,24/03/2023
S106206,7.89,0,6.4,0,0,1,10/11/2022
S106207,3.5,0,7.9,1,1,0,2022-01-10
S106208,8.28,0,1.0,0,0,0,2022-08-09
S106209,7.47,0,8.3,0,0,0,2021-08-31
S106210,6.48,0,4.6,1,1,0,2022-07-04
S106211,6.34,0,1.0,0,0,1,2023-03-05
S106212,7.27,0,1.8,0,1,0,2022/07/16 23:27:45
S106213,7.61,1,1.5,1,0,0,2022-10-04
S106214,6.43,0,1.8,1,2,1,13/07/2023
S106215,9.37,1,1.7,0,2,0,2021-11-21
S106216,5.76,0,12.8,0,0,0,2023-06-06
S106217,3.98,1,1.3,1,2,0,2022-07-11
S106218,4.4,0,10.1,1,0,0,15/04/2023
S106219,7.23,0,1.7,0,2,0,2021-09-28
S106220,7.95,1,7.3,1,1,0,2022-11-15
S106221,8.69,0,6.6,0,0,0,2023/01/30 07:53:39
S106222,5.99,1,,0,1,1,2023-04-21
S106223,6.58,0,1.0,0,1,0,2021-10-13
S106224,6.38,1,1.0,0,0,0,2022-07-28
S106225,5.95,1,4.2,1,0,0,2023-05-17
S106226,8.17,1,8.2,0,1,0,2022-02-15
S106227,10.0,1,2.3,0,0,1,2023-03-31
S106228,7.94,2,6.4,0,0,0,2023-08-23
S106229,5.73,0,7.3,1,2,0,2022-09-14
S106230,8.84,0,3.5,1,0,0,12/10/2022
S106231,6.98,0,4.5,0,0,0,19/02/2023
S106232,7.14,2,1.0,1,0,0,2022-05-02
S106233,5.33,1,6.0,1,0,1,2021-10-14
S106234,9.66,1,3.9,0,0,0,2022-01-24
S106235,7.67,0,1.0,1,0,1,2022-04-15
S106236,8.2,0,6.0,0,2,0,2023-05-03
S106237,6.63,0,1.0,0,1,0,2023-03-28
S106238,6.94,0,3.0,0,0,0,2023/07/15 12:16:57
S106239,4.45,0,1.0,1,1,0,2022-02-06
S106240,5.56,1,8.1,1,1,2,2022/02/07 08:47:14
S106241,4.89,0,5.8,0,2,0,2023-08-16
S106242,7.56,0,7.2,0,1,0,2021-12-04
S106243,8.02,0,1.6,1,0,0,2021-11-28
S106244,5.48,0,3.1,0,2,0,2022-06-29
S106245,8.72,1,1.0,0,0,1,2022-11-23
S106246,5.99,1,4.7,1,1,0,2023-01-24
S106247,6.41,0,8.7,1,0,0,2021/10/13 06:03:49
S106248,6.63,1,4.8,1,1,0,2023-03-24
S106249,6.42,2,9.4,0,1,0,2022-12-21
S106250,5.13,0,3.1,0,3,0,11/04/2023
S106251,5.57,1,1.0,0,1,1,20/10/2022
S106252,5.4,1,6.1,1,1,0,06/02/2023
S106253,8.04,1,1.0,0,0,0,2023-03-15
S106254,6.16,0,20.2,0,0,2,2023-03-19
S106255,6.31,0,5.2,0,0,0,2023-06-11
S106256,5.46,1,13.3,0,1,0,2022-11-02
S106257,6.2,0,2.0,1,0,0,2022-01-11
S106258,5.84,0,2.3,0,1,0,2021-10-12
S106259,6.34,0,,1,2,0,12-12-2022
S106260,7.34,0,3.5,1,0,0,10-23-2021
S106261,6.3,1,3.3,0,1,0,2023-04-01
S106262,7.69,2,1.4,0,1,1,2022-09-26
S106263,8.48,0,1.5,0,1,1,2023-03-29
S106264,7.48,1,4.8,1,0,0,2022-10-31
S106265,5.57,1,6.4,0,2,0,2021-10-25
S106266,5.06,0,6.2,0,2,0,08-13-2022
S106267,8.46,1,4.4,0,1,1,2022-10-17
S106268,7.93,1,1.1,1,0,0,2023-03-02
S106269,7.75,1,1.0,0,0,0,2023-06-03
S106270,8.08,0,1.0,1,0,0,2022/07/22 21:31:32
S106271,7.4,0,9.4,1,2,0,03-23-2023
S106272,6.08,0,,1,0,1,26/02/2022
S106273,7.11,1,1.0,0,0,0,2022-01-16
S106274,5.7,0,7.2,1,1,0,2021-08-31
S106275,8.57,0,12.6,1,0,1,2022-07-24
S106276,8.57,0,11.9,1,0,0,2022-12-21
S106277,9.62,2,5.9,0,0,1,11/09/2022
S106278,7.71,1,19.8,1,1,0,2022-04-15
S106279,7.63,0,6.3,0,1,0,2022-12-14
S106280,7.73,0,2.3,0,1,0,2022-09-10
S106281,8.16,1,2.4,1,2,0,2022-08-23
S106282,6.47,2,14.1,1,0,1,2022-01-12
S106283,7.39,0,5.7,1,0,2,2022-05-31
S106284,7.12,0,1.0,0,0,0,2021-09-12
S106285,6.49,1,4.0,1,0,0,2021-07-28
S106286,5.51,1,5.6,1,1,2,09-20-2021
S106287,6.03,0,7.0,1,0,0,2023-08-16
S106288,7.45,2,10.4,0,1,0,2022-08-26
S106289,7.9,0,3.2,1,1,0,2022-05-08
S106290,6.19,1,4.5,1,1,0,20/07/2022
S106291,6.82,0,2.9,1,1,0,01/09/2021
S106292,6.46,0,1.0,0,1,0,2022-09-23
S106293,6.88,1,2.4,0,2,1,2021-12-17
S106294,7.66,0,2.9,0,1,0,2023/05/06 19:13:21
S106295,6.91,0,3.2,0,0,0,19/10/2021
S106296,6.53,0,1.0,0,3,0,2022-08-24
S106297,8.37,1,6.9,0,1,0,2023-07-11
S106298,4.58,0,6.9,1,0,0,2021-11-09
S106299,6.88,0,3.8,0,1,0,03/06/2022
S106300,6.97,1,1.0,0,0,1,2023-07-19
S106301,9.43,0,25.1,1,1,2,2022-11-04
S106302,8.69,0,30.1,0,0,0,2023-08-25
S106303,7.44,0,3.5,1,1,1,2023-06-25
S106304,6.18,0,3.0,0,1,1,11/01/2022
S106305,8.0,1,4.4,0,1,1,08-21-2022
S106306,7.45,0,35.6,1,0,0,2022-03-30
S106307,4.2,2,,0,1,0,26/09/2022
S106308,8.21,0,4.9,0,0,0,2022-10-27
S106309,6.5,0,1.4,0,1,0,09-10-2022
S106310,8.12,0,11.2,0,2,2,18/12/2021
S106311,6.07,0,1.8,1,1,2,2022/12/15 16:19:54
S106312,4.21,0,5.9,0,0,0,2021/08/18 06:42:44
S106313,4.35,0,4.2,1,2,1,2023-04-18
S106314,7.8,0,2.3,0,0,0,10/05/2022
S106315,6.22,0,10.6,0,1,0,2022-03-14
S106316,6.2,0,2.6,0,0,0,2022-08-23
S106317,7.01,0,6.4,1,0,0,2022-07-08
S106318,7.46,0,1.5,1,2,0,2023-07-15
S106319,5.75,1,8.7,0,2,0,18/08/2021
S106320,8.51,2,5.4,1,0,0,2022-08-31
S106321,3.53,0,1.0,1,0,1,04-25-2023
S106322,6.74,2,4.2,0,0,0,28/01/2022
S106323,6.18,0,3.7,0,1,0,11/02/2023
S106324,7.51,1,6.1,0,0,0,2023-03-09
S106325,6.97,1,1.4,0,0,0,2022-04-11
S106326,6.63,0,9.5,0,0,0,2021-09-18
S106327,7.43,1,1.3,0,1,0,2021-11-05
S106328,6.85,1,2.0,1,0,0,06/03/2023
S106329,9.13,1,9.0,1,0,0,29/06/2023
S106330,6.24,0,6.9,0,1,0,2021-08-16
S106331,6.19,0,1.0,1,1,0,03/10/2021
S106332,10.0,1,2.1,0,0,0,2022-05-22
S106333,5.69,0,1.0,0,0,1,2023-02-10
S106334,6.73,0,6.4,1,0,0,2021-09-13
S106335,5.46,0,5.6,1,0,0,2023-03-02
S106336,5.78,1,6.1,0,0,0,05/07/2021
S106337,8.3,2,1.0,0,0,0,05/09/2022
S106338,7.04,1,1.0,0,1,0,19/09/2022
S106339,8.01,1,6.9,0,0,1,2022-04-27
S106340,5.34,1,,1,1,0,2021-07-21
S106341,8.74,1,6.9,0,0,0,2022-03-24
S106342,4.52,2,9.1,0,1,0,2021/08/30 16:26:14
S106343,6.37,1,1.0,0,0,0,2023-08-04
S106344,6.37,1,1.5,0,1,0,2022-02-13
S106345,7.81,1,1.0,0,0,0,01-01-2023
S106346,8.69,1,9.0,0,0,0,11/10/2022
S106347,8.17,3,1.8,0,0,2,27/08/2023
S106348,5.5,0,4.5,1,0,0,2023/01/07 10:31:50
S106349,5.53,0,3.6,1,1,1,2023-05-15
S106350,8.34,1,2.5,1,0,1,2022-02-17
S106351,6.83,0,7.9,0,1,1,2023-03-17
S106352,7.07,0,1.9,0,2,0,2021-08-27
S106353,5.75,0,3.5,0,0,1,2022-01-16
S106354,5.89,0,1.8,0,2,0,2021-08-11
S106355,5.38,1,7.0,1,0,0,11/12/2021
S106356,8.69,0,20.9,1,0,0,2023-02-14
S106357,5.22,0,2.1,0,0,0,2022-12-07
S106358,7.78,1,9.4,1,1,1,10/11/2022
S106359,4.82,0,11.9,1,0,0,2022-07-04
S106360,8.43,1,4.5,0,0,0,24/06/2023
S106361,3.98,0,3.5,1,0,0,2022/09/30 06:49:47
S106362,7.66,1,21.6,1,0,0,19/11/2022
S106363,6.18,2,1.0,1,0,0,2022-05-11
S106364,7.45,3,1.0,1,0,1,01-31-2022
S106365,6.93,2,5.5,0,1,0,2022-07-21
S106366,8.61,0,2.3,0,0,1,06/09/2021
S106367,6.95,0,3.5,0,1,0,2023-06-22
S106368,5.92,0,10.8,0,0,0,2023-08-20
S106369,7.06,2,1.9,1,0,0,2022/06/03 06:59:57
S106370,7.57,0,3.6,1,0,0,2022-12-11
S106371,5.58,1,12.3,0,0,1,05/06/2022
S106372,8.08,1,20.4,0,0,0,2022-11-06
S106373,7.0,0,12.7,1,0,0,23/06/2022
S106374,5.04,0,1.7,1,2,0,2023/01/24 05:30:13
S106375,5.74,0,1.2,0,0,0,2021-09-13
S106376,6.24,0,4.2,0,1,1,2021-10-17
S106377,3.5,0,1.0,1,0,0,06/02/2022
S106378,7.61,2,2.9,1,1,0,05-11-2023
S106379,7.25,2,21.8,0,2,0,2023-06-15
S106380,6.33,1,7.0,1,0,0,11/11/2022
S106381,8.88,3,1.0,1,0,0,2023-08-24
S106382,7.23,0,6.5,0,0,0,2021-09-02
S106383,7.71,0,10.0,0,0,0,2023-05-17
S106384,5.69,1,14.2,1,0,0,22/03/2023
S106385,8.82,0,1.0,0,0,0,11-27-2022
S106386,6.5,1,3.2,1,2,0,2022-08-30
S106387,6.9,2,4.5,1,2,0,2023-07-13
S106388,7.19,3,5.5,1,0,0,29/11/2021
S106389,8.39,3,13.5,0,0,0,2022-07-18
S106390,7.68,2,17.3,0,0,0,05-15-2023
S106391,6.4,1,1.0,0,0,0,2022-03-07
S106392,5.65,1,10.3,0,3,0,2022-06-11
S106393,9.95,1,7.9,0,2,0,2023-01-03
S106394,8.16,1,6.9,1,0,2,12-09-2021
S106395,7.79,0,1.0,0,1,0,2023/08/01 02:14:49
S106396,5.93,1,2.9,1,0,1,2021-07-09
S106397,8.72,1,7.4,1,0,0,2021-11-21
S106398,7.03,1,1.0,1,0,0,2022-01-29
S106399,5.37,0,1.1,1,1,0,20/02/2023
S106400,8.06,0,13.8,0,0,0,07/12/2021
S106401,4.7,1,3.1,1,0,0,2022/07/28 23:27:37
S106402,4.42,0,2.6,0,1,2,07/01/2023
S106403,7.11,0,3.0,0,0,0,07-28-2023
S106404,6.58,0,6.0,0,0,1,2021-12-06
S106405,4.96,2,12.3,1,0,1,2022-03-11
S106406,6.44,2,1.0,1,2,0,13/01/2022
S106407,3.87,1,2.3,1,0,0,2021-08-27
S106408,7.7,0,2.4,1,1,0,2022-09-10
S106409,6.68,1,1.0,1,0,2,2022-01-01
S106410,8.8,2,6.2,0,1,3,2021-12-13
S106411,5.91,0,15.7,1,0,0,2021-11-22
S106412,8.7,1,7.4,1,1,0,2022-11-30
S106413,9.21,2,7.0,0,1,0,2023-04-19
S106414,9.81,0,3.1,0,0,2,2023-08-20
S106415,7.42,2,2.1,1,0,0,2022-10-20
S106416,7.71,1,10.0,1,1,0,05/05/2023
S106417,7.07,1,2.9,0,0,1,2021-08-24
S106418,5.61,0,9.2,0,0,1,24/10/2021
S106419,6.87,1,12.2,1,0,0,02/04/2023
S106420,7.22,1,1.9,1,0,0,03/12/2022
S106421,7.29,0,1.2,1,0,0,15/07/2021
S106422,4.98,1,11.2,1,0,0,2022-06-10
S106423,6.89,1,1.0,0,0,0,2022-09-16
S106424,7.59,1,1.0,0,0,0,06/04/2023
S106425,7.12,0,3.3,0,1,0,2023-04-05
S106426,4.11,0,3.0,1,2,0,2022-12-06
S106427,7.8,0,13.6,0,0,0,2021-07-02
S106428,6.22,0,14.8,0,0,0,12-07-2022
S106429,5.83,0,1.0,1,2,0,2021-09-06
S106430,6.21,0,4.1,1,1,0,2022-04-21
S106431,5.05,1,4.5,0,2,0,2023/07/28 22:39:22
S106432,7.3,0,15.5,0,0,0,09/05/2023
S106433,8.42,0,3.0,0,1,0,2022-04-23
S106434,6.51,0,1.0,1,2,0,01-16-2023
S106435,7.29,1,5.0,0,1,0,2022-06-25
S106436,7.83,0,5.2,0,1,0,24/07/2022
S106437,6.4,0,,0,1,0,2022-01-27
S106438,8.79,0,1.8,0,0,0,2022-07-23
S106439,7.51,1,4.0,1,1,0,19/07/2021
S106440,5.07,2,6.9,0,0,1,2021-11-30
S106441,6.37,1,4.6,1,0,0,2022-04-25
S106442,6.87,0,5.3,0,1,1,13/08/2021
S106443,7.12,0,2.8,0,1,0,2023-03-22
S106444,5.56,1,2.3,0,0,0,2021/12/28 06:51:22
S106445,7.16,2,1.0,1,0,0,2023-04-19
S106446,5.39,1,3.1,1,0,0,2021-12-16
S106447,5.35,1,8.6,0,4,0,08/05/2022
S106448,6.59,1,2.1,1,0,1,2023-06-27
S106449,8.81,0,3.2,0,0,0,2022-08-11
S106450,6.95,1,1.2,0,0,0,2021-12-03
S106451,7.08,0,4.2,0,1,0,2023/07/29 07:08:12
S106452,9.18,1,3.5,0,2,1,2022-04-08
S106453,7.17,0,25.8,1,0,0,2023-04-10
S106454,5.98,1,4.3,1,0,1,2022-04-11
S106455,8.54,1,2.4,0,0,0,2022-07-05
S106456,8.45,0,13.2,0,1,0,2022-11-07
S106457,9.89,0,4.8,0,1,0,15/06/2023
S106458,6.57,1,2.3,1,1,1,2021/07/08 17:25:38
S106459,8.09,3,1.4,1,1,0,2022-09-15
S106460,5.59,0,3.9,0,0,0,2023-02-26
S106461,6.63,1,1.9,1,0,0,2022/09/18 18:12:03
S106462,9.02,2,1.0,1,2,0,2022-06-11
S106463,7.47,0,6.3,0,0,2,2022-05-10
S106464,5.05,3,4.8,0,1,0,09-08-2022
S106465,7.67,0,17.9,0,1,0,26/01/2022
S106466,7.18,1,2.1,0,0,0,2023-07-02
S106467,5.93,1,4.2,1,0,0,2023-06-18
S106468,7.28,2,8.8,1,0,0,2023-06-07
S106469,5.24,0,17.0,1,0,0,2022-06-24
S106470,8.42,0,6.0,0,0,1,21/12/2022
S106471,7.29,2,10.1,0,1,0,2022-05-07
S106472,8.44,1,,1,1,0,16/03/2023
S106473,6.34,2,1.5,0,0,0,2022-05-16
S106474,6.86,2,1.4,0,3,1,2023-08-25
S106475,7.04,0,4.3,1,0,0,2023-06-29
S106476,7.06,0,1.9,0,0,1,15/04/2022
S106477,4.28,1,3.5,0,0,0,22/09/2021
S106478,7.76,0,12.3,0,2,0,2023-08-20
S106479,9.27,2,6.0,1,2,0,2022-03-14
S106480,7.62,0,2.5,0,4,0,04/05/2022
S106481,6.29,0,2.8,1,1,0,2022-07-02
S106482,8.73,1,4.3,1,2,0,2022-07-02
S106483,7.11,1,15.6,1,0,0,2021-12-02
S106484,10.0,0,6.3,1,0,0,2022-04-06
S106485,4.93,1,15.9,0,2,0,11/01/2022
S106486,7.36,0,3.3,0,0,1,2021-08-29
S106487,7.04,1,4.2,1,0,1,03/05/2023
S106488,8.01,1,1.3,1,2,0,06-30-2022
S106489,5.02,0,3.1,1,0,0,2022/02/27 10:05:50
S106490,8.8,0,1.8,0,1,0,2023-05-10
S106491,5.66,2,11.7,1,1,0,2023-07-21
S106492,8.71,0,5.3,0,0,0,2023-06-20
S106493,8.15,2,13.8,0,0,0,2022-10-24
S106494,4.84,0,2.7,1,2,0,13/01/2022
S106495,8.22,0,6.8,0,1,1,06-12-2022
S106496,6.69,0,4.6,0,2,0,23/02/2022
S106497,7.05,1,5.0,1,0,0,2023-07-01
S106498,9.54,1,7.0,0,0,0,2021-10-11
S106499,6.6,1,1.0,0,0,0,2022-10-16
S106500,7.46,2,5.0,1,0,0,21/06/2023
S106501,7.3,0,8.2,0,1,0,2023-06-08
S106502,6.7,0,2.2,1,0,0,2023-08-19
S106503,7.99,0,1.0,0,0,0,2022-02-26
S106504,10.0,0,2.4,1,1,0,2022/04/17 06:28:25
S106505,4.91,0,1.9,1,0,0,10/03/2023
S106506,7.49,5,2.2,1,1,0,04-20-2023
S106507,7.41,0,4.7,0,1,2,22/11/2021
S106508,8.44,0,4.5,0,1,0,2021-10-30
S106509,5.0,1,27.1,1,2,0,2022-05-10
S106510,7.53,1,2.8,1,1,0,2022-11-18
S106511,8.21,0,15.8,0,1,1,2023-01-17
S106512,5.41,1,4.2,0,1,1,06-06-2022
S106513,5.44,0,3.0,1,0,3,2022-09-06
S106514,5.12,1,9.7,0,0,0,2023-07-29
S106515,6.45,1,5.2,0,0,0,2021-08-02
S106516,6.61,0,10.9,0,0,0,2021-08-05
S106517,6.83,0,1.4,0,2,0,16/02/2023
S106518,8.03,2,14.6,0,0,0,2022-08-11
S106519,4.57,0,1.0,1,0,0,2021-10-30
S106520,5.69,2,4.0,1,0,0,2023-03-11
S106521,8.28,0,2.2,1,0,1,2022-03-08
S106522,7.23,2,2.1,0,1,0,2022-08-30
S106523,8.21,1,3.4,0,0,0,2023-01-22
S106524,5.08,2,1.0,0,1,0,08-23-2023
S106525,8.92,1,1.1,0,1,0,2022-12-01
S106526,5.7,0,9.8,1,1,1,2023-02-18
S106527,5.74,2,2.5,1,0,0,21/01/2023
S106528,7.71,1,3.0,0,0,0,2023-03-26
S106529,6.92,1,6.8,1,0,0,2022-12-09
S106530,6.72,1,14.7,1,1,0,2022/07/27 19:00:44
S106531,7.18,0,10.3,0,1,0,11/01/2023
S106532,7.59,1,9.7,1,1,0,28/11/2022
S106533,5.12,0,4.7,1,2,0,2021-11-02
S106534,8.71,1,4.1,0,0,0,2022-07-01
S106535,7.25,1,2.8,0,1,0,2022-11-15
S106536,4.9,0,1.7,0,1,0,2022-05-09
S106537,7.77,0,1.0,0,1,0,2022/05/31 13:27:18
S106538,6.97,0,1.0,0,1,1,2023-06-22
S106539,8.37,0,13.4,0,0,0,2022-10-05
S106540,7.39,0,4.5,0,0,0,11-10-2022
S106541,8.27,0,13.0,1,1,0,06/10/2022
S106542,4.77,1,13.0,1,0,0,2023/04/27 08:48:33
S106543,5.5,2,1.0,1,0,1,09/07/2022
S106544,5.64,0,4.3,1,0,0,2021-10-28
S106545,9.16,2,23.0,0,0,0,21/02/2022
S106546,8.04,0,2.1,1,0,0,2022-11-27
S106547,6.38,0,1.3,0,0,1,2021-08-22
S106548,7.67,1,11.7,0,1,0,05/02/2022
S106549,7.41,2,1.0,1,0,0,09/06/2022
S106550,8.92,2,2.7,1,1,0,04-09-2023
S106551,9.68,0,3.9,1,0,0,2022/06/20 01:23:26
S106552,9.93,0,3.0,0,1,0,08-03-2022
S106553,4.23,0,7.8,1,1,0,2021-12-22
S106554,7.23,0,5.8,0,0,0,01/01/2022
S106555,8.23,1,3.2,1,0,1,25/10/2022
S106556,4.58,0,2.2,1,0,0,2022/07/21 20:41:47
S106557,7.3,1,2.7,0,1,1,2022-03-16
S106558,5.19,1,5.7,0,1,1,2023-03-21
S106559,6.76,1,11.8,0,0,0,04-23-2022
S106560,5.15,1,4.2,1,0,0,2022-08-11
S106561,6.52,1,9.9,1,1,0,2023-07-22
S106562,5.3,0,10.6,1,0,0,2022-11-23
S106563,6.67,0,22.7,1,1,1,2023-07-08
S106564,7.25,0,1.4,0,0,0,14/03/2023
S106565,5.96,0,1.4,0,0,0,2022-06-03
S106566,7.08,1,,1,2,1,10/11/2021
S106567,8.2,0,22.2,0,1,0,2023-06-03
S106568,9.09,0,5.7,0,0,0,2021-12-22
S106569,6.03,0,1.0,1,2,2,2022-08-20
S106570,8.55,1,1.0,0,0,0,30/10/2021
S106571,5.46,1,1.0,1,1,2,2022-07-04
S106572,6.67,0,9.6,0,1,1,28/08/2022
S106573,8.07,0,1.0,0,1,0,08/07/2021
S106574,10.0,2,4.9,0,1,0,09/09/2022
S106575,5.83,2,2.1,1,0,0,20/04/2022
S106576,5.36,3,4.5,0,0,0,2023-08-10
S106577,7.36,0,1.9,0,1,0,2022-03-28
S106578,6.4,0,4.4,1,0,1,2022-03-21
S106579,4.62,1,2.2,0,0,0,2022-05-02
S106580,9.53,1,1.0,0,0,0,12-02-2021
S106581,5.72,0,1.0,0,2,0,14/03/2023
S106582,7.52,0,8.8,1,0,0,2023-04-18
S106583,6.0,1,,0,1,1,2021-11-20
S106584,5.98,1,2.6,1,0,0,07-05-2022
S106585,7.31,4,1.3,1,1,0,2023-07-18
S106586,4.93,1,8.6,1,0,1,20/01/2022
S106587,5.22,0,2.7,1,0,0,2023-05-08
S106588,6.74,1,18.5,0,0,1,2021-10-12
S106589,7.1,0,1.0,1,1,0,07-07-2022
S106590,9.54,1,1.3,0,1,1,2023-02-21
S106591,6.78,0,1.0,1,0,0,06/12/2021
S106592,5.73,0,5.8,0,0,1,08-26-2022
S106593,6.11,0,7.9,0,0,1,30/03/2023
S106594,4.52,1,2.3,0,0,0,09/10/2021
S106595,6.11,0,1.9,0,1,1,2021-07-31
S106596,6.59,2,2.8,1,0,0,31/01/2023
S106597,6.38,0,11.4,0,0,0,25/12/2022
S106598,8.35,0,5.2,1,0,0,2022/12/07 13:37:15
S106599,6.52,2,7.1,1,0,0,29/09/2022
S106600,7.75,1,6.0,0,1,1,14/02/2023
S106601,7.4,0,9.9,1,0,0,2022-03-12
S106602,7.37,0,9.0,0,1,1,11/03/2023
S106603,9.11,0,2.8,0,1,2,04/03/2023
S106604,6.58,1,6.9,0,2,0,03/03/2023
S106605,6.93,0,5.0,0,0,0,2022-09-29
S106606,7.14,1,1.0,0,0,0,08-02-2021
S106607,8.73,0,1.7,1,1,0,2023-01-17
S106608,8.28,0,1.0,0,0,0,2022-11-13
S106609,9.49,2,19.6,1,0,0,01/03/2023
S106610,7.07,1,6.2,1,0,0,04/12/2021
S106611,6.71,0,1.0,0,2,0,2021-11-12
S106612,5.91,1,5.1,1,0,1,04/01/2022
S106613,6.15,1,15.0,0,0,0,2021-10-15
S106614,3.5,1,1.0,1,0,1,2022-05-26
S106615,6.31,0,8.7,0,1,0,2023-07-26
S106616,7.1,1,5.9,0,0,0,04-09-2023
S106617,5.78,0,1.4,0,3,0,2022-10-21
S106618,3.83,0,5.4,1,1,1,2021-12-30
S106619,6.55,1,1.2,1,0,0,26/08/2021
S106620,8.26,0,4.4,0,1,0,2021-10-28
S106621,5.22,2,10.6,1,1,1,20/01/2022
S106622,3.5,2,2.1,1,0,0,07-29-2021
S106623,4.95,1,7.5,1,2,0,31/08/2021
S106624,5.07,1,5.6,1,0,0,2022-12-15
S106625,7.49,1,22.2,0,0,0,2021-09-14
S106626,5.76,2,1.0,0,1,0,30/07/2022
S106627,5.2,2,2.4,0,1,0,2021-07-04
S106628,5.71,2,4.8,1,0,0,2023-08-08
S106629,8.11,2,11.1,0,0,1,2021-08-24
S106630,7.24,0,6.8,1,0,0,2022-06-09
S106631,7.38,0,2.3,1,0,1,2022/11/18 13:48:27
S106632,8.19,2,2.5,1,1,0,16/08/2021
S106633,6.41,0,2.1,1,0,0,2021-09-18
S106634,9.18,0,10.4,0,1,0,2022-07-23
S106635,7.67,0,3.9,0,1,0,2021/07/21 01:09:01
S106636,8.38,0,10.7,1,0,0,2022-06-06
S106637,8.48,0,20.4,1,1,0,03/01/2022
S106638,6.38,0,7.0,0,2,0,2021-11-01
S106639,7.2,0,6.4,1,2,0,01-30-2023
S106640,8.46,2,2.5,1,1,0,01/11/2022
S106641,5.76,0,2.0,1,0,0,2021-12-23
S106642,7.36,1,1.0,0,0,0,2023-04-15
S106643,8.4,1,1.5,1,0,0,2023-07-28
S106644,7.12,0,5.1,0,0,0,12-27-2021
S106645,7.45,1,2.3,1,3,0,2022-08-12
S106646,7.14,1,6.8,0,2,0,13/01/2023
S106647,7.06,0,6.6,1,0,0,2022-12-14
S106648,8.37,0,1.0,1,1,0,07-07-2023
S106649,7.41,1,2.9,0,0,1,13/08/2022
S106650,3.5,2,4.3,0,1,0,2022-06-07
S106651,8.86,0,16.3,0,0,0,2023-04-01
S106652,5.28,0,2.0,1,2,0,2022-08-05
S106653,6.86,1,1.0,1,0,0,18/01/2023
S106654,6.65,0,1.6,0,0,1,2022-09-26
S106655,4.6,2,1.0,1,0,1,2022-07-11
S106656,8.92,2,8.1,1,0,0,2021/09/23 12:04:38
S106657,6.78,0,6.9,0,0,1,2021-08-16
S106658,7.83,0,3.0,1,0,1,18/01/2023
S106659,7.05,0,1.0,1,2,0,2023-01-27
S106660,7.08,0,1.0,0,2,2,2023-07-26
S106661,8.44,0,6.6,0,0,1,2021-07-10
S106662,7.6,0,5.5,0,1,0,26/08/2023
S106663,7.17,3,9.5,1,0,0,2022-01-04
S106664,6.16,1,1.0,0,1,0,09-12-2022
S106665,4.93,1,13.9,1,0,0,2021-10-02
S106666,7.22,1,4.9,1,0,0,2022-09-12
S106667,7.28,3,11.2,1,0,0,02-28-2022
S106668,6.09,0,2.0,1,0,0,2023-05-15
S106669,6.31,1,6.8,0,3,0,2022-11-12
S106670,7.17,0,1.0,1,0,0,2021-09-22
S106671,6.15,1,27.1,1,0,0,30/06/2022
S106672,6.29,3,4.0,0,3,0,08/04/2023
S106673,6.18,1,2.0,1,0,0,2022-09-01
S106674,9.18,1,12.6,0,0,0,2022-07-05
S106675,8.99,0,1.1,0,3,1,12/11/2022
S106676,6.61,1,4.2,1,0,0,12-11-2021
S106677,9.06,0,3.8,0,1,1,2022-02-12
S106678,8.24,0,5.9,0,0,0,05-11-2023
S106679,7.47,0,7.3,1,0,0,2022-05-05
S106680,5.8,1,9.7,1,0,2,2022-04-07
S106681,8.13,0,1.0,0,1,0,2022-03-10
S106682,6.78,2,7.2,0,0,1,2021-11-28
S106683,3.5,0,12.2,1,2,0,2023-05-11
S106684,6.77,2,1.0,1,0,1,05-24-2023
S106685,5.92,0,6.3,1,0,0,2023-06-28
S106686,6.28,0,3.4,0,0,1,2022-04-10
S106687,6.88,1,12.2,0,1,0,2022-11-08
S106688,7.25,2,10.6,1,1,0,20/02/2022
S106689,7.48,0,3.5,0,1,0,10-15-2021
S106690,8.0,0,4.4,1,4,0,2022-04-01
S106691,6.67,1,4.8,0,0,0,2022-09-15
S106692,6.28,1,1.6,1,1,1,2022-12-18
S106693,3.58,0,3.1,1,0,0,2022-03-12
S106694,7.57,1,1.0,0,0,0,2021-09-18
S106695,6.17,1,7.1,0,0,0,2021-09-26
S106696,6.7,4,1.0,1,1,0,26/08/2022
S106697,7.46,0,2.1,1,0,0,2022-12-26
S106698,5.22,0,3.7,1,1,0,2023-06-04
S106699,5.71,0,3.7,1,0,0,2022-04-03
S106700,6.51,0,18.0,0,1,1,17/09/2021
S106701,5.39,1,1.0,0,0,0,2022-08-23
S106702,6.16,1,1.0,0,0,0,2023-02-18
S106703,9.03,0,11.7,0,0,0,16/04/2022
S106704,6.91,1,13.3,1,1,0,2022-06-09
S106705,8.49,1,8.3,1,0,0,2021-10-24
S106706,6.34,1,1.0,1,1,1,2021-11-24
S106707,7.52,1,5.5,1,0,0,2023/01/13 05:12:33
S106708,6.39,0,2.7,0,3,0,2022-01-23
S106709,6.52,1,14.1,1,0,0,09-13-2021
S106710,9.32,1,1.3,0,0,0,2022-12-30
S106711,8.09,1,8.6,0,0,0,2023-08-21
S106712,6.48,1,2.5,1,1,0,27/06/2023
S106713,7.32,0,4.0,1,1,0,2023-05-20
S106714,6.56,0,9.0,0,0,0,2023-05-08
S106715,8.69,0,1.4,0,2,2,2022-09-26
S106716,3.53,0,20.0,0,1,0,09-22-2021
S106717,5.91,1,1.0,0,0,0,2023-04-03
S106718,6.29,1,3.0,1,0,1,2021-07-18
S106719,6.76,1,17.3,0,0,1,2023-04-11
S106720,7.46,1,16.4,1,1,0,2023-04-21
S106721,7.31,0,3.0,0,0,0,2023-04-19
S106722,7.84,2,7.5,1,0,0,2021-08-19
S106723,3.5,3,1.3,1,0,0,2021-09-28
S106724,3.61,0,7.9,1,1,0,05/12/2022
S106725,7.3,1,2.4,0,0,0,2022-09-14
S106726,7.56,2,9.4,1,2,0,2023-08-21
S106727,7.36,2,14.6,0,0,0,16/11/2021
S106728,6.52,0,1.0,0,0,0,2022/02/12 23:42:19
S106729,6.82,0,1.7,1,1,0,14/07/2021
S106730,9.73,1,5.5,1,1,0,2022-02-24
S106731,8.33,1,7.8,0,0,0,14/07/2023
S106732,7.39,1,1.0,1,0,2,04-25-2023
S106733,5.82,1,6.6,1,2,0,2022-08-27
S106734,6.1,0,5.6,1,1,0,2022-09-06
S106735,5.54,0,5.1,1,1,0,2022-12-30
S106736,7.2,0,,0,1,0,01-13-2022
S106737,7.75,2,1.1,1,1,0,2021-09-18
S106738,4.07,1,5.8,1,1,0,2022-03-03
S106739,7.07,1,13.3,0,0,0,2021-10-06
S106740,7.16,2,4.6,1,1,0,15/05/2022
S106741,8.22,0,11.5,0,1,0,2022-12-31
S106742,8.54,1,1.2,1,2,0,02/06/2023
S106743,6.4,0,1.7,1,0,0,18/06/2023
S106744,6.49,0,4.2,1,0,0,2021-10-29
S106745,6.31,2,1.0,0,0,0,2023-03-11
S106746,8.58,3,3.6,0,0,1,2022-05-07
S106747,7.8,0,4.0,1,1,0,10-16-2022
S106748,7.62,1,7.9,0,1,0,21/01/2023
S106749,3.81,0,8.4,0,0,0,05-27-2023
S106750,6.63,0,5.2,1,0,0,2022-04-18
S106751,7.58,0,3.8,0,0,0,2023-07-09
S106752,7.08,1,3.2,0,1,0,2023-04-16
S106753,7.77,1,8.8,0,1,0,2022-05-08
S106754,5.34,1,1.0,1,3,0,02-08-2023
S106755,7.42,1,3.6,0,1,0,2023-08-04
S106756,7.18,0,3.6,0,1,0,2022-04-26
S106757,6.21,2,3.0,1,1,0,2023-04-13
S106758,6.88,0,1.6,1,0,0,2023-05-17
S106759,7.03,0,24.8,0,2,0,2021-08-31
S106760,6.7,2,9.8,1,2,0,2022-05-16
S106761,6.77,0,1.0,1,0,0,29/11/2021
S106762,4.81,1,2.0,1,1,0,2022-05-30
S106763,6.2,0,4.0,0,0,0,18/04/2022
S106764,8.48,1,5.1,0,1,1,2022-02-05
S106765,9.18,0,5.4,1,3,0,12/05/2022
S106766,4.0,1,3.9,1,0,2,2021-09-29
S106767,8.04,1,1.0,0,2,0,04-03-2023
S106768,7.25,0,6.0,1,0,0,08/07/2021
S106769,7.43,0,3.7,1,1,0,2022-01-18
S106770,7.73,0,4.5,1,0,0,2021-10-05
S106771,6.06,0,23.2,0,0,0,2021-07-14
S106772,6.85,0,6.4,0,1,0,12/04/2022
S106773,6.02,0,3.5,1,1,0,2021-12-25
S106774,7.81,1,3.4,1,0,1,2022-10-04
S106775,6.5,1,13.9,0,0,0,2023-03-14
S106776,5.92,0,9.5,0,1,0,07-14-2022
S106777,6.84,0,1.1,0,1,1,09-22-2022
S106778,6.59,1,7.4,1,2,0,2022-12-12
S106779,8.78,1,1.0,1,0,0,2023-06-03
S106780,8.16,0,11.4,0,2,0,01/08/2023
S106781,8.59,1,7.7,1,1,0,17/11/2021
S106782,7.54,1,2.3,0,2,0,2021-10-08
S106783,7.49,0,2.1,0,2,0,2023-06-22
S106784,6.57,0,,1,0,1,14/09/2022
S106785,9.25,0,15.3,1,0,0,2021-10-19
S106786,4.96,1,1.4,0,0,0,2021-11-09
S106787,5.09,5,13.3,1,0,0,12/06/2022
S106788,8.76,2,2.5,1,0,0,2022-04-23
S106789,5.15,2,4.2,0,0,0,08-22-2022
S106790,7.5,0,14.7,1,1,1,2022-01-19
S106791,7.01,1,1.3,0,1,0,04-29-2022
S106792,10.0,2,1.0,1,1,0,2022-04-05
S106793,7.58,0,11.1,0,0,0,03/08/2021
S106794,5.63,0,6.7,0,0,0,2022-07-26
S106795,5.91,0,11.0,0,1,0,2023-06-01
S106796,4.85,0,30.3,0,1,0,2023-02-02
S106797,6.06,1,5.4,0,0,0,11/03/2022
S106798,4.88,1,2.0,1,2,0,2022-08-07
S106799,6.6,1,1.0,1,0,1,2022-10-28
S106800,8.53,1,11.2,0,2,0,2022-05-21
S106801,5.19,1,1.2,1,2,0,2023-02-25
S106802,6.53,2,23.7,1,2,0,23/09/2021
S106803,8.96,0,4.4,1,0,0,2023/04/26 23:35:35
S106804,4.78,3,3.9,0,2,0,2022-05-30
S106805,8.95,2,6.5,1,1,0,2021-07-06
S106806,8.03,0,3.6,1,1,1,2022/10/20 01:52:41
S106807,6.0,0,5.9,1,0,0,18/04/2022
S106808,7.81,0,1.0,1,1,0,12/01/2022
S106809,7.65,1,1.3,1,2,0,2023-08-06
S106810,7.4,1,4.9,0,1,0,2022-02-14
S106811,4.84,1,1.3,1,1,0,2022-09-02
S106812,6.98,1,2.5,0,2,0,2022-03-25
S106813,7.51,0,1.0,0,2,0,03/10/2021
S106814,4.96,0,2.7,1,0,1,2023-02-18
S106815,5.71,0,20.3,1,0,1,2021-07-31
S106816,6.66,0,1.5,0,0,0,04-13-2022
S106817,5.84,0,5.3,0,0,0,2022-03-20
S106818,4.11,0,1.7,1,0,0,04-27-2023
S106819,6.06,0,2.5,0,0,0,2022-10-17
S106820,8.01,0,1.0,0,0,0,2022-11-28
S106821,6.03,0,10.7,1,0,0,2023-06-15
S106822,7.94,1,1.0,1,0,0,2022-06-04
S106823,7.52,0,3.1,0,1,1,2021-07-31
S106824,7.37,1,1.5,1,2,0,2022-04-18
S106825,9.24,1,5.5,0,0,0,2021-08-11
S106826,7.19,0,2.0,0,0,0,04/03/2023
S106827,6.82,1,1.0,0,0,1,2022-05-12
S106828,3.94,1,4.0,0,0,1,2022-08-01
S106829,4.87,1,1.6,1,1,0,2023-04-02
S106830,6.22,3,3.3,1,0,0,2022-08-14
S106831,4.5,1,23.7,1,2,0,2022-11-07
S106832,6.68,0,1.0,1,1,1,2022-02-02
S106833,8.39,0,5.5,0,0,0,2023-04-12
S106834,7.17,1,5.3,1,0,1,2022-04-07
S106835,6.28,0,8.7,0,0,1,2021-10-11
S106836,5.37,1,2.4,1,1,0,2023/07/28 02:45:05
S106837,5.23,1,1.0,1,0,0,2022-12-05
S106838,5.09,3,13.9,1,0,0,2021-07-26
S106839,7.3,1,5.0,0,1,0,08-08-2022
S106840,7.23,0,5.4,0,1,0,11-01-2021
S106841,5.01,0,5.3,0,0,1,02-03-2023
S106842,6.51,2,1.9,1,2,0,2021-08-29
S106843,7.85,1,1.4,0,0,0,06/08/2022
S106844,8.8,2,3.9,1,1,0,01/12/2021
S106845,6.0,2,11.4,0,0,0,09/11/2022
S106846,8.52,1,1.0,0,0,0,2022-12-13
S106847,4.34,0,2.8,1,2,0,2023-07-13
S106848,6.5,1,1.0,1,1,1,2022/10/30 08:32:33
S106849,7.61,0,,0,1,0,2023-07-29
S106850,9.1,0,1.0,0,1,0,2022-02-02
S106851,6.71,2,3.3,0,1,1,2021-11-25
S106852,7.34,0,2.9,1,1,0,2023-04-11
S106853,9.6,1,1.1,1,1,0,2023-07-02
S106854,6.15,0,4.6,0,1,0,2022-06-03
S106855,6.28,1,2.5,1,3,0,2022/11/27 06:25:07
S106856,5.91,2,29.4,0,1,0,2023-01-20
S106857,9.03,0,7.1,0,1,0,2022-03-22
S106858,5.05,1,3.6,0,2,0,02/10/2021
S106859,6.59,1,6.1,1,1,1,2022-11-29
S106860,8.08,0,1.0,0,2,0,2021-08-07
S106861,10.0,4,1.0,0,0,1,2022-05-30
S106862,8.69,0,8.3,1,0,0,2022-09-13
S106863,6.05,5,2.2,1,0,0,2023-07-16
S106864,7.81,0,5.8,0,0,2,14/05/2023
S106865,7.23,0,4.6,1,0,0,09-10-2022
S106866,6.36,0,1.0,1,0,1,07/12/2021
S106867,8.98,0,1.9,1,0,0,2023-02-26
S106868,7.49,0,1.0,0,1,1,2022-12-31
S106869,7.76,2,1.0,1,0,0,2021-08-07
S106870,7.06,1,11.5,1,1,1,2023-06-18
S106871,8.93,0,1.0,0,0,1,2021-10-25
S106872,8.56,0,23.3,0,0,0,05-26-2022
S106873,8.79,1,11.2,0,1,0,2022-07-31
S106874,4.88,0,5.4,1,1,1,2023-03-01
S106875,8.21,0,1.0,0,0,0,2022-11-21
S106876,6.05,0,7.2,0,0,0,2022-09-15
S106877,8.92,0,1.7,1,0,0,21/09/2022
S106878,6.98,0,9.9,0,1,0,10-23-2021
S106879,7.72,1,3.3,1,0,0,2021-11-08
S106880,6.52,1,4.2,1,3,0,2023-05-05
S106881,6.93,1,4.6,0,1,0,2021/08/11 05:18:17
S106882,4.47,0,4.4,0,1,0,05/04/2022
S106883,7.51,0,1.0,1,0,1,2023/07/22 13:17:52
S106884,9.14,0,4.8,0,1,0,2023-02-06
S106885,8.95,1,5.3,1,1,0,2022-07-08
S106886,4.88,0,7.6,1,0,0,2023-04-30
S106887,9.82,0,3.4,1,1,1,2022-09-07
S106888,7.24,0,10.5,0,0,0,11/01/2022
S106889,6.66,1,2.7,1,0,0,2022-01-13
S106890,4.52,1,1.3,0,0,0,2022-08-25
S106891,8.51,0,1.0,0,1,0,2021-07-08
S106892,4.52,3,19.0,1,1,0,09/07/2022
S106893,9.79,0,8.6,0,0,0,2022-03-29
S106894,7.37,1,7.3,0,2,0,2023-05-19
S106895,5.88,1,3.4,1,1,1,17/03/2022
S106896,6.04,1,20.8,1,0,0,2022-08-31
S106897,7.55,2,1.2,0,0,0,2022-02-24
S106898,5.76,1,,1,0,0,2023-04-24
S106899,7.39,2,8.7,1,0,1,08-28-2021
S106900,10.0,0,18.6,0,1,0,10/01/2023
S106901,5.37,1,5.4,0,2,0,28/03/2022
S106902,7.35,2,1.0,0,0,1,2023/04/22 02:30:02
S106903,6.83,1,2.0,1,0,0,2023/03/18 05:54:46
S106904,7.21,2,4.5,1,3,0,14/09/2022
S106905,8.5,0,15.0,1,0,1,2021-07-14
S106906,4.93,1,3.2,0,0,0,16/02/2023
S106907,6.57,2,7.0,0,1,0,2022-11-07
S106908,6.55,0,4.1,0,0,1,2023/02/09 14:45:06
S106909,3.95,0,3.8,1,1,0,09/04/2023
S106910,5.7,0,9.8,0,0,1,2023-05-20
S106911,4.65,2,1.0,0,1,0,2023-07-20
S106912,6.09,0,1.0,0,0,0,2022-01-11
S106913,6.56,0,1.3,1,0,1,2021-10-24
S106914,7.93,1,1.7,1,0,0,2023-03-17
S106915,8.42,0,12.6,1,1,0,2022-03-23
S106916,5.87,0,12.5,1,1,0,2023-05-28
S106917,7.2,2,1.0,1,0,0,24/03/2022
S106918,7.81,0,12.9,0,0,0,2022-01-21
S106919,6.97,1,3.7,1,0,1,2022-02-27
S106920,8.76,1,5.8,0,0,0,2022-12-30
S106921,6.38,0,,0,0,0,11-29-2022
S106922,6.91,0,6.6,1,2,0,2021-08-12
S106923,5.82,1,1.0,0,3,0,2022-02-21
S106924,7.0,0,7.3,1,1,0,2022-08-12
S106925,4.95,0,,1,0,1,2021-08-03
S106926,8.04,0,10.5,0,0,1,2022-05-08
S106927,4.56,0,1.0,1,1,0,2022-01-07
S106928,6.61,1,5.1,1,0,0,2023-05-04
S106929,8.08,0,1.0,0,0,0,05/02/2022
S106930,8.49,1,1.2,0,0,0,17/08/2021
S106931,6.37,0,1.8,1,0,0,2023-07-08
S106932,8.84,1,16.7,1,0,0,09/06/2023
S106933,6.96,3,20.5,1,1,0,2022-09-07
S106934,4.6,0,3.6,0,0,0,2022-07-18
S106935,8.07,2,17.8,1,2,0,2023-06-11
S106936,5.85,0,3.2,0,0,0,2022-10-26
S106937,7.14,2,6.6,1,0,0,2022-08-20
S106938,7.58,2,6.3,0,0,0,24/06/2022
S106939,5.49,1,12.6,1,0,1,01-27-2023
S106940,8.53,1,11.4,1,2,0,2021-09-20
S106941,6.58,1,3.4,0,0,0,2022-05-04
S106942,7.55,2,1.5,0,0,1,2022-05-02
S106943,7.18,0,2.7,0,0,1,2021-09-10
S106944,6.82,3,1.0,1,0,1,2023-02-21
S106945,5.44,1,1.0,0,1,2,2022/10/31 21:58:14
S106946,8.38,0,2.7,0,0,1,2022-09-17
S106947,5.87,0,4.2,0,0,0,05/04/2022
S106948,6.89,0,2.7,0,1,2,2021-08-04
S106949,4.62,0,3.9,0,0,0,06/02/2022
S106950,4.14,2,1.4,1,1,0,12-21-2021
S106951,7.59,1,8.0,0,1,2,06/08/2022
S106952,7.12,1,11.3,1,0,0,07-24-2022
S106953,8.04,1,23.4,1,1,0,2021-10-08
S106954,7.47,1,1.9,0,0,0,2022-01-12
S106955,9.32,0,2.5,0,0,0,04/01/2022
S106956,7.41,3,,0,1,2,2023-01-28
S106957,7.32,1,8.5,0,1,1,03-28-2023
S106958,4.74,0,1.6,1,1,0,2022-05-12
S106959,8.45,0,2.3,1,1,0,2023-05-05
S106960,6.17,0,1.0,0,0,1,2022-05-10
S106961,6.59,2,3.8,0,1,0,06-11-2023
S106962,7.12,0,1.0,1,0,0,08-23-2023
S106963,7.96,0,1.1,0,1,0,2022-04-24
S106964,6.65,0,1.5,0,0,0,2023-01-15
S106965,8.95,0,3.1,0,0,1,04/01/2023
S106966,9.95,1,4.4,0,0,1,26/08/2022
S106967,7.82,1,7.1,1,0,1,2022-10-23
S106968,8.52,0,3.6,0,0,0,25/04/2022
S106969,8.6,1,2.8,0,0,0,2021-08-03
S106970,10.0,0,1.8,1,0,0,2023-07-17
S106971,6.94,2,8.9,0,1,0,2021-07-11
S106972,9.28,0,20.2,1,0,2,22/04/2023
S106973,7.03,1,4.6,1,0,0,11/01/2023
S106974,7.59,0,4.3,0,0,0,15/04/2023
S106975,6.74,0,6.6,1,0,0,03/12/2021
S106976,3.5,1,4.2,1,0,0,2022-03-13
S106977,10.0,1,6.5,0,0,0,18/12/2021
S106978,8.38,3,1.0,1,1,1,2022-12-04
S106979,8.75,0,9.0,0,0,0,30/08/2021
S106980,7.21,0,7.2,0,0,2,2022-01-01
S106981,8.17,0,1.0,0,0,1,05/06/2022
S106982,4.3,1,28.4,0,0,0,27/09/2021
S106983,7.25,1,16.5,1,0,1,17/01/2022
S106984,6.43,1,3.0,1,0,0,27/04/2023
S106985,5.97,0,5.0,0,0,0,2023-03-29
S106986,9.14,3,3.1,0,0,0,05/02/2022
S106987,4.24,1,2.1,1,0,1,2021-08-12
S106988,7.71,0,1.0,1,0,0,2022/10/30 21:11:42
S106989,6.91,1,2.8,1,2,0,01/02/2022
S106990,6.46,1,2.9,1,0,0,2022-02-17
S106991,4.79,0,6.3,1,1,1,18/07/2021
S106992,4.0,2,22.5,1,0,1,2021-07-22
S106993,5.06,1,4.1,1,0,0,2022/01/30 11:35:06
S106994,8.96,3,3.3,1,2,0,03/03/2022
S106995,7.95,0,1.4,0,2,0,2021-11-20
S106996,6.42,0,1.0,0,1,0,2021-08-01
S106997,9.65,1,8.0,1,0,0,2022-01-23
S106998,6.61,1,19.2,0,0,0,21/06/2022
S106999,6.34,0,1.0,0,2,0,05/04/2022
S107000,9.39,3,4.3,1,0,1,2023-02-05
S107001,7.55,0,3.4,0,1,0,25/10/2021
S107002,7.71,0,,0,3,0,2022-01-14
S107003,9.2,0,3.0,0,1,0,2022-04-25
S107004,5.87,0,2.5,0,0,0,2023-03-30
S107005,5.76,1,16.9,0,2,2,2022-11-23
S107006,7.35,3,3.3,1,0,1,2023-06-11
S107007,4.46,1,1.9,1,0,1,2022-08-22
S107008,10.0,2,22.9,0,1,0,2022-09-05
S107009,6.3,0,2.5,1,0,0,04-19-2022
S107010,4.99,0,6.5,1,0,0,2022-01-26
S107011,6.64,1,2.5,1,0,0,2023-08-23
S107012,8.95,3,3.2,0,1,1,2022-01-09
S107013,6.11,1,,1,2,1,2023-05-01
S107014,10.0,1,16.2,1,0,0,2022-05-19
S107015,5.01,2,3.6,1,0,1,2023-08-03
S107016,8.81,0,7.9,0,0,0,28/10/2022
S107017,6.63,0,1.0,1,0,0,05/09/2022
S107018,6.73,1,19.6,1,1,0,2022-10-01
S107019,6.09,1,5.6,1,0,1,2023-03-20
S107020,8.94,0,14.1,1,1,0,2023-01-24
S107021,9.32,0,5.3,0,1,0,2022-12-14
S107022,6.73,0,7.1,0,0,1,03/03/2023
S107023,7.93,0,10.1,1,1,0,14/07/2021
S107024,7.52,1,13.2,1,0,0,30/07/2023
S107025,7.69,3,7.1,1,0,0,2023-03-06
S107026,7.31,0,3.8,0,1,0,06-06-2023
S107027,7.53,2,3.9,1,2,0,2021-12-04
S107028,6.78,1,10.9,0,0,0,2022-07-13
S107029,8.82,0,6.4,0,1,0,2022-08-27
S107030,9.12,2,11.7,1,0,0,14/12/2022
S107031,9.62,1,,0,0,0,23/07/2021
S107032,5.94,1,,1,0,0,2023-06-19
S107033,4.78,0,23.0,1,2,0,2021-12-06
S107034,6.44,1,5.7,0,0,1,01/05/2022
S107035,7.22,2,49.0,1,0,0,11-11-2022
S107036,6.54,0,1.6,1,0,1,2023-01-16
S107037,8.13,1,10.7,0,0,1,09/07/2022
S107038,5.13,0,2.7,1,1,0,2022-03-19
S107039,5.75,1,1.0,1,0,0,03/10/2022
S107040,8.88,0,8.2,0,0,0,2023-01-15
S107041,6.85,0,2.4,1,0,0,2022-08-03
S107042,7.54,0,1.4,0,1,0,03/01/2023
S107043,6.89,0,1.0,1,1,0,10-16-2021
S107044,7.07,3,4.5,1,0,1,2021-10-24
S107045,7.77,1,4.8,1,1,0,2021-07-03
S107046,4.82,1,17.1,0,3,0,2022-09-06
S107047,7.07,0,1.0,1,1,0,2023-05-02
S107048,6.42,0,2.3,0,1,0,22/06/2023
S107049,5.04,1,14.3,1,0,0,2022-08-11
S107050,7.61,0,1.6,1,0,0,25/11/2021
S107051,6.31,1,23.3,1,2,0,2021-12-13
S107052,8.26,0,4.1,1,2,0,2022/01/23 03:21:46
S107053,4.69,0,4.0,1,0,0,2022-09-15
S107054,8.27,0,1.9,1,0,0,2022-10-11
S107055,6.85,0,12.8,0,0,1,2022-07-03
S107056,5.53,0,1.2,0,0,0,14/11/2021
S107057,6.04,0,1.0,0,1,1,2021-10-11
S107058,8.2,2,1.0,1,2,0,2023-07-27
S107059,5.67,0,4.5,1,0,1,07-25-2023
S107060,8.88,0,7.4,0,2,1,08-25-2021
S107061,8.47,0,2.3,1,1,0,14/04/2023
S107062,6.6,2,1.6,1,2,0,2021-10-30
S107063,5.53,0,4.0,1,0,1,2023-08-14
S107064,6.3,0,2.7,1,1,1,26/05/2023
S107065,7.3,0,2.9,0,0,2,2021-11-30
S107066,6.29,0,2.5,1,0,1,2023-06-01
S107067,7.14,1,1.0,1,1,1,2023-02-26
S107068,6.49,2,6.2,1,0,0,2021/12/30 02:26:02
S107069,5.64,0,3.6,0,1,1,2022-10-17
S107070,7.32,1,1.1,0,0,0,23/03/2022
S107071,6.86,0,2.3,0,1,0,2021-12-27
S107072,6.53,1,,0,2,0,14/08/2023
S107073,9.03,0,1.0,1,2,0,30/10/2022
S107074,3.5,1,9.9,0,0,0,2023-03-20
S107075,8.18,0,1.0,1,2,0,2022-09-30
S107076,8.28,0,4.5,0,0,1,05/02/2022
S107077,9.34,0,1.0,1,0,0,2022-12-15
S107078,7.36,0,3.5,1,0,0,10/04/2022
S107079,8.12,1,9.5,1,0,0,28/02/2022
S107080,6.11,1,2.1,1,0,0,2023-03-15
S107081,4.29,2,5.2,1,2,0,2023-06-20
S107082,7.8,1,1.0,0,3,0,2023-06-02
S107083,5.6,0,3.6,0,3,0,09/11/2022
S107084,7.1,0,5.1,0,0,1,2021-12-02
S107085,7.09,1,10.1,0,0,0,2022/12/14 01:17:28
S107086,8.09,0,2.8,1,1,1,2022/08/17 12:10:04
S107087,6.27,0,2.1,0,0,2,2022-08-30
S107088,7.27,1,,0,0,0,2022-04-19
S107089,5.58,2,1.0,0,0,0,2023-06-29
S107090,5.53,1,2.4,0,1,0,2021/12/29 18:08:41
S107091,6.22,0,8.3,0,1,0,2022-07-11
S107092,5.55,0,6.9,0,0,0,2023-08-11
S107093,8.59,1,4.1,1,0,0,31/03/2023
S107094,5.98,0,,0,0,0,2022-12-28
S107095,5.51,1,9.3,0,1,0,2023-02-21
S107096,6.75,2,9.1,1,0,0,2023-07-21
S107097,7.99,0,1.5,0,0,0,21/05/2022
S107098,8.53,2,5.8,1,0,0,2022-01-09
S107099,6.22,0,1.0,1,2,0,2023-03-31
S107100,5.22,1,1.1,0,1,0,03-14-2023
S107101,5.6,0,12.5,1,2,0,2023-07-30
S107102,9.37,0,13.2,1,1,0,14/03/2023
S107103,9.14,0,18.2,0,0,0,2023-02-28
S107104,6.95,1,1.0,1,0,1,2022-07-20
S107105,4.53,0,1.8,1,1,0,2021-10-17
S107106,7.26,0,2.9,0,0,0,2023-06-12
S107107,6.8,1,3.0,1,2,0,2022-11-01
S107108,6.39,2,,0,0,0,2022-06-23
S107109,4.98,0,1.0,0,1,0,2022-09-26
S107110,6.76,0,2.1,1,0,0,2023-04-11
S107111,8.15,3,3.5,0,0,0,2022-12-10
S107112,6.3,0,2.2,0,0,0,2022-02-14
S107113,7.79,0,4.1,1,1,1,2022-03-09
S107114,7.45,1,1.0,1,0,0,03/02/2022
S107115,6.53,1,13.3,1,0,0,2022-02-13
S107116,8.67,0,3.8,0,0,0,2022-03-12
S107117,9.93,0,13.0,1,0,0,10/04/2022
S107118,3.5,0,40.3,0,0,0,2022-06-02
S107119,6.28,0,4.0,1,2,0,2021-12-16
S107120,6.38,0,1.0,0,0,1,2021-11-19
S107121,5.88,1,1.3,1,0,0,08-17-2022
S107122,7.29,2,22.0,1,0,0,2022-06-25
S107123,5.22,1,1.8,1,1,1,27/07/2021
S107124,5.83,1,,1,1,0,08/12/2022
S107125,8.65,1,1.5,0,1,0,2021-12-08
S107126,5.74,0,4.7,0,0,0,15/04/2023
S107127,5.53,1,2.6,1,1,0,2022-08-05
S107128,10.0,0,4.3,1,0,0,2023-01-28
S107129,6.3,1,1.0,0,0,0,2021-11-10
S107130,5.96,1,1.0,1,2,0,03/01/2022
S107131,7.84,0,5.2,0,1,1,2022-11-16
S107132,7.37,2,4.6,1,0,0,2022-08-12
S107133,8.26,0,10.6,0,0,0,16/05/2022
S107134,5.84,0,10.4,1,2,0,22/02/2022
S107135,6.9,0,1.0,1,0,0,2022/06/05 18:02:03
S107136,6.14,1,1.0,0,0,0,2022-07-20
S107137,4.93,1,1.8,1,0,0,2022-06-23
S107138,7.46,0,13.4,0,2,1,2022-05-16
S107139,7.51,3,1.3,1,2,0,20/02/2022
S107140,6.18,2,12.6,1,0,0,2023-08-21
S107141,6.68,0,3.8,0,1,0,11-04-2022
S107142,5.56,0,6.1,1,2,0,2022-01-07
S107143,7.59,0,1.5,0,1,0,09-27-2022
S107144,8.81,0,1.6,1,1,0,22/04/2023
S107145,8.7,0,21.5,1,0,0,06-25-2022
S107146,7.07,1,6.6,1,2,1,2023-01-23
S107147,8.77,1,6.7,1,2,1,2022-11-06
S107148,7.19,1,25.2,0,1,0,2022-07-08
S107149,6.23,1,1.2,0,1,1,2022-02-15
S107150,5.8,0,1.7,0,0,1,2022-10-07
S107151,8.48,2,4.9,0,0,0,13/11/2021
S107152,5.89,0,1.0,0,1,0,2022-03-07
S107153,4.94,1,1.0,1,2,0,10-14-2021
S107154,7.42,1,1.0,0,0,1,2022-10-04
S107155,7.2,2,2.6,1,0,1,2022-06-18
S107156,8.68,0,1.4,0,0,1,2022-06-08
S107157,7.05,1,11.0,1,0,0,16/03/2023
S107158,4.74,0,1.4,0,1,0,2022-10-17
S107159,5.41,1,1.2,1,1,0,07-03-2022
S107160,8.24,0,13.3,1,0,1,2023-01-26
S107161,6.34,1,6.2,0,0,0,07-23-2023
S107162,6.06,2,1.9,0,0,0,2021-07-05
S107163,4.81,0,3.1,0,1,0,2022-09-18
S107164,5.45,1,4.2,0,1,0,05/07/2021
S107165,6.57,1,3.9,0,0,0,22/05/2022
S107166,7.14,1,5.9,1,0,0,2021-07-11
S107167,8.06,3,11.3,1,0,1,08-14-2023
S107168,8.06,0,1.0,1,1,0,2021-09-11
S107169,7.2,1,15.1,1,0,1,05/01/2022
S107170,5.34,0,7.0,0,2,0,2022-05-29
S107171,6.59,3,9.4,1,0,0,2022-01-26
S107172,4.66,0,14.6,1,4,0,2022-08-06
S107173,8.37,1,1.0,1,0,0,10-11-2021
S107174,7.69,2,,0,1,0,2023/01/20 04:15:47
S107175,7.15,0,5.1,0,0,0,2023-04-14
S107176,6.38,0,10.6,1,0,0,07-30-2022
S107177,7.24,2,5.9,1,0,0,2023-06-24
S107178,5.01,1,7.3,1,0,0,18/06/2022
S107179,4.98,0,8.6,0,0,0,2022-04-29
S107180,6.17,1,2.2,0,2,0,2023-08-03
S107181,8.78,1,20.8,0,0,0,2023-01-11
S107182,4.24,2,1.0,1,0,1,2023-01-09
S107183,7.42,1,1.0,0,0,1,2022-01-16
S107184,6.0,0,3.8,0,0,1,06/08/2023
S107185,8.93,1,4.4,0,0,0,2022-11-01
S107186,8.21,1,,1,3,0,07-07-2022
S107187,10.0,1,7.7,0,0,0,11/07/2022
S107188,5.17,1,2.7,0,0,0,2022-05-26
S107189,5.53,0,4.7,1,2,0,2022-09-06
S107190,7.81,0,15.1,0,1,0,24/03/2022
S107191,7.67,0,1.0,1,0,0,10-26-2021
S107192,7.62,0,2.0,0,0,0,2022/09/18 11:10:16
S107193,8.23,0,5.0,1,0,0,18/04/2023
S107194,5.27,1,5.8,0,0,0,2022-01-07
S107195,7.15,0,8.8,1,2,0,28/10/2021
S107196,4.78,1,5.2,1,0,0,2022-09-22
S107197,5.52,2,2.1,1,1,1,2021-10-06
S107198,4.85,4,9.4,1,0,0,25/08/2021
S107199,5.48,2,6.2,1,2,2,12-23-2022
S107200,6.41,0,2.2,1,0,0,2022/10/11 10:05:39
S107201,7.46,0,,0,2,0,2022-03-07
S107202,6.09,0,2.1,1,0,2,13/05/2022
S107203,7.26,1,14.8,0,0,0,12-16-2021
S107204,7.28,0,1.1,1,0,1,19/12/2022
S107205,9.18,0,12.6,0,0,0,2022-03-22
S107206,5.51,1,1.2,0,0,0,01/10/2021
S107207,4.02,2,16.8,1,1,0,2022-08-19
S107208,7.53,1,1.0,1,1,0,11/07/2022
S107209,5.94,1,1.0,1,0,0,11/03/2022
S107210,6.1,1,1.0,1,0,0,03/11/2021
S107211,7.38,0,2.0,1,0,0,2022-06-08
S107212,7.33,0,4.6,0,1,0,2023-02-26
S107213,6.87,1,4.8,0,1,1,2021-09-29
S107214,6.17,0,1.0,0,0,0,2021-10-26
S107215,8.09,1,13.8,0,0,0,2021/10/23 13:17:22
S107216,5.71,5,20.6,1,0,0,2021-07-12
S107217,7.95,1,2.0,1,1,0,2022-07-10
S107218,5.39,1,1.0,1,0,0,07-25-2021
S107219,6.86,1,8.0,0,0,0,2023-08-10
S107220,6.95,0,1.2,1,0,0,05/12/2022
S107221,5.53,1,8.3,0,0,1,2023-04-03
S107222,7.57,0,2.6,1,1,0,2022-01-16
S107223,6.59,0,11.1,0,1,1,01-28-2022
S107224,3.5,0,6.0,1,0,0,2022-03-15
S107225,6.87,1,2.2,1,0,0,2022-12-20
S107226,4.87,0,1.0,0,0,0,2023-03-22
S107227,7.1,1,1.6,1,0,2,2022-10-12
S107228,9.07,0,17.3,0,0,0,01-30-2022
S107229,6.9,1,,1,0,0,16/07/2023
S107230,7.78,0,1.8,0,0,0,2023-01-19
S107231,9.03,0,1.0,0,2,0,05/04/2023
S107232,7.62,0,3.0,0,0,0,12/11/2022
S107233,5.51,1,1.0,0,1,0,05-18-2023
S107234,7.95,0,3.1,1,2,1,2022-09-12
S107235,6.48,2,1.0,0,0,0,05-25-2023
S107236,6.96,1,2.6,0,0,0,2023-08-14
S107237,8.44,0,4.8,1,3,0,26/08/2022
S107238,9.5,3,2.1,1,2,0,2021/11/22 17:49:11
S107239,3.5,1,4.7,1,0,0,2022-10-12
S107240,4.73,0,1.0,1,1,0,2022-12-02
S107241,7.92,3,1.0,1,0,0,2021-11-29
S107242,6.74,1,1.9,0,0,0,2022-10-11
S107243,6.64,0,6.3,0,0,0,2023-01-05
S107244,5.98,1,4.1,0,1,1,14/08/2022
S107245,6.55,0,4.5,0,0,0,2022-12-15
S107246,6.5,1,1.2,1,0,0,2023-07-15
S107247,7.3,1,27.5,0,2,1,2023-01-05
S107248,6.37,1,1.0,0,1,0,2022-05-17
S107249,6.26,3,1.2,0,0,0,2022-07-02
S107250,4.33,0,2.4,1,0,0,13/11/2021
S107251,6.52,0,3.1,1,1,2,2022-04-13
S107252,5.02,1,1.0,0,0,2,2023/08/26 18:25:02
S107253,6.57,0,6.0,0,0,0,2022-08-05
S107254,7.46,0,11.8,0,3,0,08-05-2021
S107255,7.83,2,17.3,1,0,0,2022-12-18
S107256,7.77,0,1.5,0,2,0,03/01/2022
S107257,6.76,0,9.7,1,0,0,29/05/2023
S107258,7.94,0,8.2,1,1,0,04/12/2022
S107259,7.55,0,7.1,0,0,0,13/11/2022
S107260,6.52,0,2.0,0,2,0,2021/12/09 16:20:23
S107261,5.4,0,1.0,0,1,0,18/07/2023
S107262,9.46,0,1.4,0,1,0,31/03/2023
S107263,6.95,0,1.1,1,0,0,02-13-2022
S107264,6.76,1,7.8,1,2,0,15/04/2022
S107265,8.21,0,3.5,1,0,1,2023-07-25
S107266,6.53,1,14.2,1,0,0,2021-11-02
S107267,6.65,1,1.6,0,0,1,09-11-2022
S107268,4.81,1,1.0,0,0,0,2022-04-25
S107269,6.89,1,11.9,1,0,0,16/03/2023
S107270,4.98,2,23.1,1,1,0,2022-06-24
S107271,6.47,1,7.9,1,2,0,2021-11-29
S107272,6.68,3,9.5,1,1,2,13/04/2023
S107273,8.41,0,6.6,1,0,0,2023-04-28
S107274,7.01,0,1.8,1,3,0,2022-01-26
S107275,6.5,0,3.7,1,0,1,2023-02-13
S107276,8.32,0,1.0,1,0,0,2021-11-12
S107277,5.92,0,12.7,1,0,0,31/12/2021
S107278,6.1,2,2.1,1,0,1,2023-01-22
S107279,9.31,1,6.1,0,0,0,12/07/2023
S107280,6.06,0,1.0,1,0,0,2023-03-09
S107281,7.09,0,2.2,0,1,0,2022/09/01 04:02:33
S107282,4.77,1,8.0,1,1,0,2022-09-21
S107283,7.84,0,7.1,0,2,0,2022-07-24
S107284,7.3,0,5.1,0,0,0,2023-07-21
S107285,5.86,0,1.3,0,0,1,2021-07-29
S107286,4.49,0,4.5,0,1,0,2023-08-07
S107287,6.23,0,1.1,0,0,0,23/09/2021
S107288,8.77,0,8.0,1,1,0,2021-09-26
S107289,7.39,0,5.9,1,0,0,2022-05-31
S107290,7.15,3,5.7,1,0,0,2023-04-19
S107291,6.56,0,1.0,1,0,0,04-25-2022
S107292,4.54,3,18.5,1,0,0,2021-09-27
S107293,7.85,2,1.0,0,0,0,2023-07-07
S107294,6.29,1,8.3,1,0,1,2021-10-13
S107295,9.33,0,1.3,0,1,0,13/02/2023
S107296,9.21,2,8.4,0,1,1,06/04/2023
S107297,9.08,0,1.3,1,1,0,2022-07-14
S107298,6.64,2,1.0,1,0,0,2023-03-09
S107299,5.07,1,2.5,1,0,2,2023-07-04
S107300,6.33,0,2.9,1,1,0,29/09/2022
S107301,8.1,1,5.3,0,1,0,2022-09-23
S107302,4.87,1,14.6,1,1,0,05-22-2023
S107303,6.21,1,13.8,0,1,0,2022-01-01
S107304,6.73,1,19.3,0,1,1,2023-02-01
S107305,6.14,2,1.0,1,2,1,2021-07-12
S107306,6.65,0,2.3,0,0,1,09/02/2022
S107307,8.09,0,1.0,1,1,0,26/07/2022
S107308,10.0,0,18.5,1,0,0,2022/05/19 09:52:47
S107309,6.31,1,3.8,0,0,0,2021-08-04
S107310,7.71,1,2.1,0,1,0,2022-10-24
S107311,7.12,0,7.5,1,2,0,2022-03-18
S107312,8.28,0,5.4,0,0,0,2021-09-17
S107313,4.87,0,1.7,0,0,1,2023-02-19
S107314,7.39,0,1.0,1,0,0,2023-01-16
S107315,9.55,2,23.2,1,3,0,2021-09-28
S107316,6.62,0,1.0,1,1,0,2021-08-14
S107317,6.75,2,5.7,1,0,0,04/01/2022
S107318,6.65,0,4.1,1,0,1,2021-10-18
S107319,5.52,1,12.3,1,1,0,16/05/2022
S107320,8.56,1,9.2,1,1,0,2021-09-30
S107321,4.96,2,3.4,1,0,0,16/06/2023
S107322,7.62,0,3.0,0,1,0,2021-12-13
S107323,7.95,0,1.0,0,2,0,2022-12-19
S107324,7.85,0,14.0,1,0,0,2022/03/10 04:04:57
S107325,4.48,0,1.0,1,0,0,2023-05-03
S107326,7.55,1,18.6,1,1,0,11/10/2022
S107327,5.79,1,1.2,1,1,0,30/08/2021
S107328,6.89,0,3.3,0,1,0,2021-11-16
S107329,7.3,0,1.0,0,0,1,28/11/2021
S107330,5.69,0,7.7,0,1,0,02-07-2022
S107331,8.47,0,8.9,0,1,1,2022-01-04
S107332,7.64,0,1.9,1,1,1,20/04/2023
S107333,6.4,0,7.7,0,1,0,18/08/2023
S107334,4.65,0,5.3,1,0,0,2022-07-31
S107335,5.66,1,3.7,1,2,0,2022-06-28
S107336,6.75,0,4.3,0,0,0,2022-11-07
S107337,8.75,0,9.3,0,0,1,17/02/2023
S107338,5.19,0,1.0,0,0,0,14/07/2022
S107339,5.33,2,2.9,0,0,0,25/10/2021
S107340,6.98,0,10.7,1,0,0,2021-09-09
S107341,9.24,3,8.6,0,0,0,2022-03-23
S107342,7.02,0,1.0,0,0,0,19/07/2023
S107343,7.26,0,2.6,0,0,0,2022-04-21
S107344,8.3,1,4.6,0,0,1,26/05/2023
S107345,7.4,1,2.1,1,1,1,10/03/2022
S107346,8.64,1,2.9,1,0,0,2023-01-24
S107347,6.39,1,2.6,0,1,0,2022-11-07
S107348,6.65,0,3.2,1,0,0,2021-09-01
S107349,6.04,0,1.7,1,1,0,03/08/2023
S107350,4.52,1,7.7,1,1,1,03-29-2023
S107351,4.74,2,1.9,1,0,0,02/09/2021
S107352,7.21,0,30.0,0,0,0,2022-08-16
S107353,5.19,0,5.3,0,0,0,2022-07-12
S107354,8.85,0,3.8,0,1,0,22/11/2021
S107355,6.35,0,7.9,1,2,1,2022-09-27
S107356,8.42,0,1.0,1,0,1,07/07/2023
S107357,7.25,2,8.2,1,1,1,2023-07-24
S107358,7.1,0,4.8,1,0,0,2021-08-30
S107359,6.25,0,2.3,0,0,1,2021-08-24
S107360,9.28,0,1.0,0,0,0,2022-01-06
S107361,6.76,2,1.0,1,0,1,16/07/2021
S107362,6.2,0,6.9,0,0,2,2022-04-08
S107363,6.38,1,2.5,1,1,0,04-02-2022
S107364,10.0,0,3.0,1,1,0,2023-06-28
S107365,7.72,1,12.0,0,1,0,2022-11-20
S107366,4.5,0,5.2,1,1,1,2023-07-27
S107367,7.48,2,1.0,1,3,0,2022-08-01
S107368,6.87,0,8.3,0,0,0,2022-11-23
S107369,4.4,0,1.9,0,0,0,2022/08/28 21:37:22
S107370,6.57,0,1.6,0,1,0,2022-04-22
S107371,7.53,2,15.1,0,1,0,2023-02-26
S107372,4.57,0,1.0,0,2,0,2021-10-05
S107373,8.03,0,1.0,0,1,0,2022-05-18
S107374,4.15,1,2.0,1,0,0,2023-01-05
S107375,4.01,0,1.0,1,0,0,07-13-2022
S107376,5.39,0,13.7,0,0,0,2022-02-18
S107377,6.8,0,4.1,0,0,0,2022-01-26
S107378,7.13,0,6.6,0,0,0,2023/02/08 05:21:58
S107379,8.87,1,1.2,0,1,1,2021-08-20
S107380,6.92,0,19.8,1,1,0,2022-06-15
S107381,6.47,1,4.3,0,0,0,2022-05-06
S107382,3.94,0,3.8,1,1,0,2023-03-10
S107383,8.51,0,1.0,1,2,0,2023-06-10
S107384,7.39,1,20.6,0,0,0,23/03/2022
S107385,8.85,1,4.4,0,2,0,09/02/2023
S107386,8.31,1,1.2,0,1,1,03/11/2021
S107387,7.71,1,2.6,1,1,0,2021-12-14
S107388,7.33,0,16.9,1,0,0,21/03/2023
S107389,6.52,2,9.2,1,0,0,2021-11-30
S107390,5.31,0,1.0,0,1,0,2022-06-23
S107391,4.38,0,2.9,0,0,1,2022-06-29
S107392,8.57,0,13.0,1,1,0,2021-09-10
S107393,6.16,1,7.9,0,0,0,02-27-2023
S107394,6.95,1,3.4,0,0,0,10/07/2023
S107395,6.75,1,6.0,1,1,0,24/03/2023
S107396,3.5,0,2.0,0,0,2,12/12/2021
S107397,8.35,1,7.0,1,0,0,28/10/2022
S107398,7.77,0,10.8,0,1,0,2021-10-23
S107399,4.88,0,7.2,1,1,0,2022-10-08
S107400,7.2,1,10.3,0,0,0,03/10/2022
S107401,7.72,1,9.7,1,2,0,2021-11-08
S107402,6.39,0,3.3,1,0,0,2022/03/02 18:54:48
S107403,5.62,0,6.2,0,2,1,2021-10-05
S107404,7.02,1,11.3,1,0,0,2022-02-22
S107405,7.61,0,7.7,1,1,0,2023-01-14
S107406,6.15,0,2.9,0,0,1,16/08/2022
S107407,7.07,2,1.4,0,0,0,2022-07-05
S107408,6.71,2,2.0,0,1,0,03/03/2022
S107409,8.11,0,1.3,1,0,0,2022-07-11
S107410,8.34,1,6.3,1,0,0,12/07/2021
S107411,7.97,0,5.9,0,1,0,2023-01-29
S107412,7.04,0,5.9,1,1,0,2022-12-05
S107413,8.36,0,7.9,0,0,1,2023-04-10
S107414,4.46,1,11.8,1,0,0,2022-04-29
S107415,5.82,0,1.0,0,1,0,2022-04-15
S107416,5.62,0,16.3,0,0,0,21/07/2023
S107417,9.07,0,,0,0,0,2022-10-31
S107418,5.49,0,11.5,1,3,1,2023-08-13
S107419,4.7,0,17.5,1,1,0,2022-12-26
S107420,7.21,0,3.2,1,0,0,2022-12-05
S107421,6.71,0,13.2,1,0,1,2022-09-13
S107422,7.28,1,12.4,1,0,1,2023-02-22
S107423,5.5,0,18.1,1,0,0,2021-11-15
S107424,8.74,0,3.0,0,4,1,2021-08-25
S107425,6.1,0,11.7,1,0,0,2021-07-20
S107426,6.81,0,3.3,0,0,0,25/11/2022
S107427,4.71,1,1.4,1,2,0,2022-08-10
S107428,9.42,2,11.6,0,0,2,2023-06-01
S107429,4.14,0,9.8,1,0,0,2023-04-28
S107430,7.06,0,3.5,0,1,1,2022-04-27
S107431,7.08,0,2.2,0,1,0,2023-06-22
S107432,5.02,2,1.0,1,0,0,09/09/2022
S107433,9.67,0,1.2,0,2,0,2022-09-27
S107434,8.92,2,3.3,0,4,0,2022/12/05 08:36:21
S107435,7.34,2,1.0,1,0,0,2021-07-20
S107436,6.63,1,8.5,0,0,0,29/10/2022
S107437,6.08,2,1.6,1,1,1,09/12/2021
S107438,8.08,2,3.2,0,0,0,2023-05-11
S107439,7.63,0,9.3,1,1,0,2022-07-04
S107440,7.84,3,9.3,0,3,1,2021-07-11
S107441,7.07,1,11.6,0,1,1,01-15-2023
S107442,6.18,1,2.9,1,1,1,2022-04-25
S107443,7.33,1,9.8,0,4,0,2022-08-31
S107444,7.22,1,16.2,1,1,0,2022-02-16
S107445,7.32,1,17.3,1,1,0,2021-08-28
S107446,6.74,0,3.1,0,0,0,05-23-2022
S107447,7.28,0,14.8,0,0,0,16/10/2022
S107448,7.09,0,1.4,0,0,1,2022-03-15
S107449,7.16,0,4.9,0,0,1,2021-12-12
S107450,7.99,2,,1,1,0,2023-07-02
S107451,5.47,1,21.5,1,0,0,14/08/2023
S107452,9.95,1,28.1,0,1,1,07-23-2023
S107453,5.71,0,11.7,1,1,0,2022-06-12
S107454,3.75,1,2.6,0,1,0,2022-11-06
S107455,8.2,2,1.4,0,0,0,10-06-2022
S107456,8.53,0,10.7,0,0,1,2022-12-12
S107457,9.27,1,6.4,1,0,1,2022-03-01
S107458,5.43,1,5.0,1,0,0,2023-06-28
S107459,7.83,0,1.0,1,0,0,2023-07-07
S107460,4.19,3,9.3,1,0,0,2021-12-18
S107461,7.21,1,1.5,0,1,0,2023/03/20 17:41:28
S107462,6.22,1,6.1,0,1,2,2023-03-19
S107463,5.04,0,2.8,1,0,0,2022-02-18
S107464,7.22,0,1.0,1,0,0,2022-08-21
S107465,8.82,0,5.2,0,1,0,18/08/2022
S107466,9.26,1,15.5,1,1,1,2022-04-07
S107467,8.32,1,4.8,1,0,0,2021-12-30
S107468,8.71,2,9.5,1,3,0,2022-06-10
S107469,7.19,1,,1,0,0,02/05/2022
S107470,6.59,0,2.6,1,0,0,2021-08-03
S107471,6.7,0,22.2,1,3,0,2022-07-29
S107472,6.58,0,22.1,0,0,0,2021-12-10
S107473,3.5,1,1.7,0,1,0,2023-04-06
S107474,6.04,0,1.9,1,0,0,2023/08/25 23:29:41
S107475,7.13,0,4.1,1,0,1,04/03/2023
S107476,5.47,0,2.6,1,1,0,2023-01-16
S107477,5.62,0,3.9,1,2,0,2022-01-21
S107478,6.71,0,6.0,0,1,0,2022-05-27
S107479,7.56,1,3.1,0,0,0,2023-04-02
S107480,5.96,0,1.0,0,0,0,07/11/2022
S107481,6.98,1,1.2,0,1,0,2022-10-23
S107482,8.68,0,3.6,0,1,3,2021-11-13
S107483,6.47,0,8.4,1,0,0,2022/08/07 04:16:00
S107484,5.88,0,7.9,1,0,0,2023-07-30
S107485,9.18,0,3.0,0,2,0,2021-12-18
S107486,6.19,0,5.5,1,1,0,10/08/2022
S107487,4.42,1,12.9,1,0,1,17/01/2022
S107488,7.7,0,1.0,1,0,1,27/04/2023
S107489,7.31,0,6.1,0,0,0,20/03/2023
S107490,6.51,2,2.9,1,0,0,2023-06-10
S107491,5.97,0,11.4,1,0,0,2021-09-19
S107492,6.12,1,5.5,1,0,0,2022-06-12
S107493,6.38,1,4.7,1,0,1,05/02/2022
S107494,5.34,0,1.0,1,1,0,2022-05-09
S107495,8.28,1,6.8,1,2,0,2023-04-22
S107496,7.56,1,1.2,0,1,0,11-22-2021
S107497,8.2,0,,1,0,0,2022-02-09
S107498,8.23,1,13.5,0,0,0,2023-05-13
S107499,9.13,0,3.2,0,3,1,2021-11-04
S107500,8.51,1,1.0,0,1,0,2021-07-20
S107501,8.73,0,15.2,0,2,0,2023-06-10
S107502,6.95,1,7.6,1,1,0,2022-01-15
S107503,8.88,1,1.0,1,0,0,2023-01-10
S107504,4.85,0,,1,1,0,2022-12-02
S107505,5.67,0,3.0,0,1,0,2022-08-09
S107506,6.99,1,10.7,0,1,0,2023-01-10
S107507,5.04,1,1.0,0,0,0,2022-08-13
S107508,7.78,0,1.7,0,1,1,2021-08-27
S107509,6.38,1,5.7,1,0,1,2022-10-02
S107510,5.68,0,23.5,1,0,0,07-01-2021
S107511,7.12,1,8.6,0,0,1,12-27-2021
S107512,6.06,2,2.3,1,0,0,2021-08-10
S107513,8.15,0,6.4,1,0,0,2023-05-08
S107514,7.51,1,24.2,1,0,0,2022-08-21
S107515,5.17,0,1.2,0,3,1,02/03/2023
S107516,5.34,0,7.9,1,0,0,2021/11/16 10:14:56
S107517,6.39,0,4.7,0,1,1,2022-07-24
S107518,5.71,0,5.9,1,0,0,20/12/2022
S107519,7.33,3,1.0,0,0,2,08-10-2023
S107520,5.95,0,3.1,1,2,0,2022-04-25
S107521,8.23,0,2.6,0,0,1,2023-03-06
S107522,7.28,2,15.4,0,2,0,2022-01-19
S107523,5.72,1,10.6,1,0,0,2023-04-01
S107524,6.43,1,20.5,0,0,0,2023-05-09
S107525,7.55,0,1.0,0,1,1,21/10/2021
S107526,5.53,0,8.9,0,0,1,2023-03-05
S107527,7.85,0,9.6,1,1,0,2022-12-26
S107528,5.25,0,3.4,0,0,1,12-28-2021
S107529,6.55,1,18.1,1,1,0,2023-08-10
S107530,7.91,0,1.1,1,2,1,2023-03-08
S107531,6.37,1,9.1,0,0,0,2021-09-26
S107532,3.77,0,1.0,1,0,0,2022-02-07
S107533,7.16,2,29.9,1,1,0,2022-10-17
S107534,6.17,0,1.3,1,0,0,21/10/2021
S107535,7.12,3,11.0,1,0,0,2022-03-21
S107536,7.63,0,5.8,0,0,0,2023-06-16
S107537,5.75,1,17.3,1,0,0,2022-01-17
S107538,8.17,1,3.6,0,0,1,03-27-2022
S107539,8.31,0,2.4,0,1,1,01/02/2023
S107540,4.87,2,1.0,1,0,0,03-26-2023
S107541,6.35,0,13.3,0,0,0,2023-05-14
S107542,6.26,0,1.0,1,0,0,08/10/2022
S107543,9.64,1,7.9,0,0,1,10-15-2022
S107544,6.18,1,15.3,0,1,0,07/07/2022
S107545,8.53,1,3.6,0,0,0,2022-05-29
S107546,6.89,2,1.0,1,0,0,2023-01-12
S107547,7.08,0,5.9,0,0,1,2022-08-04
S107548,3.5,1,3.6,1,0,0,2022-02-02
S107549,6.37,1,1.0,0,0,1,28/05/2023
S107550,8.89,1,11.9,1,0,0,2022-03-26
S107551,9.05,2,21.8,1,1,1,2022-01-11
S107552,9.17,0,2.8,1,1,0,2023-03-02
S107553,6.88,2,23.2,1,0,0,2022-01-09
S107554,4.83,1,1.0,1,0,0,2022-08-04
S107555,5.77,1,6.6,0,1,0,2023-04-12
S107556,6.91,1,2.4,0,3,0,18/03/2022
S107557,7.78,2,5.5,1,1,0,2022-08-14
S107558,6.8,0,3.4,0,0,0,19/01/2023
S107559,7.48,0,12.2,0,0,1,2023-05-18
S107560,7.4,2,2.3,1,0,0,08-11-2021
S107561,6.71,1,15.3,0,1,1,2023-05-25
S107562,7.43,0,10.5,1,0,0,2023-05-08
S107563,6.0,4,1.9,0,0,0,2023-08-03
S107564,5.46,2,16.3,1,0,0,2022-03-31
S107565,4.99,3,5.5,1,0,0,2021-08-15
S107566,7.7,0,1.0,0,1,0,09/05/2022
S107567,8.07,2,6.2,1,2,0,2022-03-23
S107568,6.51,0,8.4,1,0,0,2021-09-20
S107569,7.45,2,4.8,0,1,0,21/01/2022
S107570,6.85,2,6.0,1,0,0,2022-12-29
S107571,4.44,0,12.5,0,0,0,2023-05-11
S107572,6.89,2,16.5,0,0,0,13/08/2021
S107573,6.81,0,14.4,0,0,0,2022-02-18
S107574,7.4,1,9.5,0,0,0,30/08/2022
S107575,6.61,1,1.2,1,1,0,31/07/2023
S107576,7.98,1,13.8,1,1,0,25/10/2021
S107577,6.31,0,24.2,1,0,0,22/08/2023
S107578,3.74,1,3.8,0,1,0,2022-07-11
S107579,9.07,0,,0,0,0,2021-10-26
S107580,5.15,1,11.4,1,1,0,2022/05/22 04:02:55
S107581,5.56,1,,0,1,0,2022-09-25
S107582,8.8,0,6.1,0,0,0,2022-05-13
S107583,6.5,0,1.0,1,0,1,27/04/2022
S107584,4.63,0,22.7,1,1,1,2023-03-18
S107585,7.85,1,4.7,1,1,0,2021-12-06
S107586,7.57,0,11.8,0,1,0,2021-10-10
S107587,9.61,0,14.6,1,0,0,2021-12-04
S107588,8.27,1,1.0,1,1,1,2022-12-27
S107589,6.18,2,10.1,1,1,0,2023/05/03 22:43:46
S107590,6.88,0,1.9,1,0,1,21/04/2022
S107591,9.8,3,4.1,1,0,0,18/04/2023
S107592,7.1,0,10.1,0,0,1,2023-02-26
S107593,5.53,2,5.7,1,1,0,2023-05-02
S107594,6.36,1,7.3,1,1,1,2022-12-03
S107595,6.76,0,10.8,0,1,0,2022-08-16
S107596,6.84,1,2.4,1,0,0,2022-10-21
S107597,8.36,1,2.6,1,1,0,2021-07-19
S107598,8.07,0,1.6,1,1,0,2023-08-07
S107599,5.19,1,18.0,0,1,0,2022-10-09
S107600,9.84,2,2.8,0,0,0,2023/07/20 22:20:26
S107601,4.66,0,7.0,1,0,1,2022-04-17
S107602,8.31,2,2.9,1,0,0,16/06/2022
S107603,8.19,0,9.7,0,0,0,2023-01-17
S107604,8.14,0,6.2,1,0,0,2023-04-04
S107605,6.58,1,8.1,1,1,0,2023-02-12
S107606,6.74,0,5.0,1,0,0,2023-06-30
S107607,6.73,1,10.4,1,1,1,2021-09-17
S107608,4.53,1,,0,1,0,2023-02-15
S107609,7.28,0,1.0,0,0,0,23/05/2022
S107610,5.36,1,4.5,1,3,0,2022-08-16
S107611,6.85,0,1.9,0,0,1,2022-04-12
S107612,8.24,1,16.3,0,1,1,2022-12-01
S107613,8.18,2,2.5,1,1,0,2023-04-09
S107614,8.84,0,2.4,0,2,0,01/07/2022
S107615,7.12,0,1.0,1,2,0,2021-08-19
S107616,6.7,2,5.0,1,0,0,2021-09-30
S107617,7.03,1,5.9,0,0,0,2023-04-04
S107618,6.13,2,4.7,0,0,0,20/09/2021
S107619,7.01,0,3.5,1,2,0,2021-08-19
S107620,9.51,1,1.0,0,0,0,06-19-2022
S107621,7.84,2,3.7,0,0,0,2022-03-07
S107622,6.78,0,8.4,1,0,1,27/02/2022
S107623,7.48,2,1.8,1,0,0,11-29-2021
S107624,7.63,1,11.9,0,0,0,22/03/2022
S107625,9.48,0,5.5,1,0,1,2021-07-06
S107626,7.1,1,1.0,0,0,0,2022-05-07
S107627,7.92,0,32.1,0,1,0,2021-12-25
S107628,6.01,5,13.0,1,0,0,2021-10-15
S107629,6.17,1,2.3,1,1,1,2021-12-02
S107630,7.29,2,9.7,0,0,0,18/08/2021
S107631,7.94,1,3.3,1,1,0,2021-12-02
S107632,7.31,1,10.2,0,1,0,2022-11-05
S107633,6.41,1,5.6,1,0,0,15/07/2021
S107634,7.76,1,1.0,1,0,0,2022-02-05
S107635,7.04,2,1.0,0,2,0,16/04/2023
S107636,6.66,1,6.8,1,0,1,04-26-2023
S107637,5.3,0,10.6,0,0,0,10-04-2021
S107638,7.63,3,2.2,1,0,0,05/09/2022
S107639,7.39,0,2.1,0,1,0,2021-12-15
S107640,7.67,2,3.6,0,1,0,2022-09-30
S107641,10.0,2,3.5,1,0,0,2023-02-19
S107642,5.69,0,1.8,0,1,0,2022-01-23
S107643,3.54,1,13.9,1,2,1,2023-03-21
S107644,7.96,1,21.4,1,1,0,21/07/2021
S107645,4.96,0,1.7,0,3,0,2023-02-25
S107646,6.25,0,1.5,0,1,1,2022-03-30
S107647,6.7,2,4.7,1,0,0,08/09/2022
S107648,8.09,0,1.0,1,0,0,2022-05-12
S107649,5.33,1,4.2,1,1,0,2021-11-06
S107650,8.03,0,1.0,1,1,2,2021-07-26
S107651,5.78,1,1.0,1,0,0,04/08/2023
S107652,7.37,0,5.4,1,2,0,17/10/2022
S107653,9.33,1,4.1,0,1,0,22/07/2021
S107654,6.18,1,6.4,0,0,0,2022-06-07
S107655,7.96,0,1.0,0,2,0,09/08/2023
S107656,6.38,1,6.4,1,0,0,2022-07-08
S107657,8.23,0,8.3,0,1,1,2023-04-01
S107658,8.29,3,1.0,1,1,1,2022-10-17
S107659,7.0,0,6.8,1,2,0,2023-08-10
S107660,6.2,0,1.0,0,1,0,2022-03-05
S107661,7.14,1,1.2,0,0,1,22/04/2022
S107662,5.1,0,4.6,1,1,1,2022-03-09
S107663,4.73,1,3.4,1,0,0,2022-09-10
S107664,8.42,2,4.3,1,0,1,2022-03-28
S107665,7.33,0,1.0,0,0,0,2022-01-12
S107666,5.82,1,1.3,0,0,0,2021-10-28
S107667,7.49,0,6.4,0,0,0,04-03-2022
S107668,9.16,0,5.9,0,0,1,10/06/2023
S107669,7.27,0,4.8,0,0,0,21/03/2023
S107670,8.15,0,1.0,1,0,0,18/04/2023
S107671,6.99,0,1.0,0,0,0,2022-10-01
S107672,7.33,1,9.3,1,1,0,27/12/2021
S107673,8.26,0,2.6,0,1,0,2022-12-10
S107674,6.82,1,2.9,0,0,0,2022-04-26
S107675,6.94,2,5.1,0,0,0,2023-02-15
S107676,7.99,2,5.1,1,1,0,2022-07-14
S107677,6.5,0,1.3,1,0,0,2022-03-14
S107678,9.42,1,1.3,0,0,0,2022-11-22
S107679,7.35,1,16.1,0,1,0,2021-07-12
S107680,6.38,2,19.1,1,1,0,14/10/2022
S107681,6.88,0,8.1,1,0,0,2023-05-28
S107682,7.79,1,15.9,0,2,1,2023-07-15
S107683,6.09,2,2.0,0,1,0,17/05/2022
S107684,7.06,0,13.4,1,1,1,2022-08-02
S107685,6.95,2,5.9,1,2,0,18/06/2022
S107686,5.74,0,22.2,0,1,0,15/12/2022
S107687,5.82,2,3.9,1,0,1,2021-09-28
S107688,8.44,1,,1,0,0,2022-07-12
S107689,5.58,1,1.0,1,0,0,2022-09-15
S107690,8.48,2,14.1,0,0,0,2022-08-29
S107691,6.54,0,,1,0,1,2022-12-13
S107692,6.07,1,1.0,0,1,0,2022-11-18
S107693,8.25,0,10.8,0,1,2,2022-03-26
S107694,7.61,1,8.3,0,0,1,2022-06-19
S107695,6.6,2,1.0,1,1,1,2023-03-26
S107696,7.78,1,5.5,1,0,0,15/01/2023
S107697,4.13,1,2.9,0,0,0,2022-11-15
S107698,9.3,1,8.6,0,0,0,07/01/2023
S107699,3.66,1,1.0,0,2,1,2023-07-24
S107700,5.11,0,4.2,1,1,2,27/03/2023
S107701,10.0,2,9.3,0,1,1,2023-04-04
S107702,4.85,1,3.2,1,1,0,2022-08-03
S107703,6.11,0,8.3,0,1,0,2022-10-03
S107704,7.5,0,4.5,0,1,0,2021-09-05
S107705,8.47,2,16.3,0,0,1,2023-04-20
S107706,6.6,0,5.7,1,1,0,2022-05-31
S107707,6.45,0,2.6,0,0,2,2021-10-06
S107708,5.61,0,1.0,0,0,0,2021-11-12
S107709,7.18,3,4.5,1,1,0,2023-06-29
S107710,6.51,1,6.8,1,1,0,2021-08-02
S107711,7.02,0,11.5,0,0,0,2022-04-01
S107712,6.88,1,3.3,0,0,0,2022/09/09 13:29:32
S107713,6.7,0,1.0,1,2,0,2023-08-15
S107714,7.88,1,2.1,0,1,0,16/07/2023
S107715,6.76,2,2.8,1,2,1,2022-04-19
S107716,5.21,2,2.7,0,1,0,2023-05-28
S107717,6.35,3,4.6,1,3,0,2022-06-13
S107718,6.02,3,2.9,1,1,0,2023-08-27
S107719,5.84,1,1.0,1,0,0,11-01-2022
S107720,5.78,0,1.0,0,2,0,2022-11-13
S107721,3.5,2,7.4,1,0,0,27/12/2021
S107722,6.41,0,9.2,1,0,0,2022-05-23
S107723,5.55,0,8.6,0,1,1,2023-07-25
S107724,7.4,2,5.8,0,0,0,2023-03-14
S107725,7.62,0,2.6,1,0,0,2023-01-30
S107726,10.0,0,1.0,0,1,0,2022-05-12
S107727,5.54,2,1.5,1,2,0,2021-11-15
S107728,6.58,0,4.4,0,1,0,2021-07-05
S107729,7.64,0,4.3,1,2,0,2022/02/23 18:17:40
S107730,5.28,1,14.5,1,0,0,2023-01-05
S107731,9.92,1,2.4,0,0,1,19/05/2022
S107732,8.06,0,3.8,1,0,0,2022-09-15
S107733,7.76,2,10.0,1,1,0,2022-09-08
S107734,9.15,1,16.9,1,0,0,12-27-2021
S107735,7.82,0,5.4,0,0,0,18/06/2023
S107736,9.88,2,1.0,0,0,0,2022-09-08
S107737,5.88,2,12.1,1,0,0,2023-04-05
S107738,6.83,1,22.7,0,1,0,2022-04-06
S107739,4.4,3,8.2,1,0,0,21/08/2023
S107740,7.42,1,2.4,1,0,0,2022-08-06
S107741,6.3,2,3.6,0,0,0,15/01/2022
S107742,7.95,1,5.7,1,1,0,2022-04-11
S107743,5.05,1,3.5,0,0,2,2021-11-11
S107744,8.9,0,2.7,0,0,0,02-22-2023
S107745,8.05,0,7.3,0,1,0,2021/10/28 18:22:17
S107746,6.83,1,5.6,1,0,0,2022-04-15
S107747,7.93,0,8.5,0,0,0,15/09/2021
S107748,5.26,1,4.5,0,0,0,03/11/2022
S107749,8.59,0,7.5,1,0,0,03/01/2023
S107750,5.92,1,1.1,1,3,0,2022/08/09 02:39:56
S107751,8.26,0,1.0,0,1,0,2022-02-16
S107752,7.47,1,7.4,1,0,0,19/10/2021
S107753,8.21,0,12.4,1,2,0,09/08/2023
S107754,6.46,1,2.2,1,2,0,2022-10-13
S107755,7.3,1,23.4,1,0,1,2022-09-29
S107756,5.82,1,2.2,1,1,0,2022-04-16
S107757,9.68,0,1.0,0,1,0,10/07/2021
S107758,8.38,0,,1,0,0,17/05/2023
S107759,8.45,1,3.3,0,0,0,2022-03-25
S107760,7.34,1,4.0,0,0,0,2022-07-23
S107761,8.11,1,8.6,0,0,0,2022-08-14
S107762,5.42,2,1.9,0,1,0,2022-06-25
S107763,6.84,2,1.8,1,0,0,2023-06-08
S107764,9.29,1,3.5,0,3,0,2023-01-07
S107765,6.88,2,1.0,0,1,0,03/02/2022
S107766,6.54,0,7.0,0,0,0,2023-01-31
S107767,7.42,0,1.0,0,0,1,12-08-2022
S107768,7.24,1,4.6,0,0,0,2023-08-07
S107769,8.79,3,50.0,1,0,0,2021/11/06 13:13:09
S107770,6.27,0,7.5,1,0,0,2022-01-31
S107771,6.31,1,5.0,0,1,1,09/11/2022
S107772,8.43,2,7.8,1,0,0,2023-01-24
S107773,7.68,4,13.9,1,1,0,2022-08-11
S107774,9.02,1,2.2,0,1,0,2022-11-19
S107775,8.39,2,7.7,1,0,1,2021-11-11
S107776,6.83,0,1.0,0,1,0,29/07/2021
S107777,5.49,0,4.8,0,0,0,2022-04-11
S107778,5.86,0,4.5,1,2,1,2023/02/09 12:21:19
S107779,8.13,0,1.0,1,0,0,2022-04-04
S107780,7.54,1,,1,4,0,2022/03/18 02:32:04
S107781,7.16,0,19.9,0,2,0,2023-02-22
S107782,4.25,0,3.3,0,0,1,2021-08-26
S107783,7.31,0,1.0,0,2,1,2023-01-14
S107784,6.89,0,2.9,1,0,0,07-28-2022
S107785,4.27,0,2.0,1,0,1,2023-06-11
S107786,4.08,0,5.7,1,1,0,2023-01-05
S107787,8.91,0,1.0,0,0,0,2022-09-23
S107788,5.71,0,12.2,0,0,0,2022-07-10
S107789,5.17,0,9.4,1,0,3,2022-04-17
S107790,6.38,0,10.4,0,0,1,2022-04-17
S107791,7.9,1,1.0,1,0,0,01/10/2021
S107792,5.18,0,5.6,1,1,0,19/01/2023
S107793,5.53,1,7.5,0,1,0,07-16-2021
S107794,5.4,1,7.5,1,0,1,2023-05-09
S107795,8.35,2,7.9,0,1,0,2022-08-09
S107796,6.11,1,8.5,0,0,0,2023/06/16 23:28:59
S107797,8.27,0,10.4,0,2,1,2022-05-17
S107798,4.48,2,3.8,0,0,1,2021-07-16
S107799,5.55,1,1.0,0,0,1,22/05/2023
S107800,7.58,1,6.9,1,0,0,2023-01-01
S107801,8.24,1,9.5,0,1,1,2022-08-20
S107802,7.9,2,1.0,1,1,2,2022-04-17
S107803,6.84,0,3.0,0,0,1,2023-03-06
S107804,8.9,0,4.7,0,2,0,2022-03-07
S107805,8.94,0,1.0,0,3,0,2022-11-29
S107806,5.25,2,7.7,0,0,0,2022-03-28
S107807,6.27,1,11.4,1,0,1,11/08/2023
S107808,8.08,1,3.2,0,2,0,2023-08-11
S107809,7.99,0,23.4,1,2,1,06/09/2021
S107810,4.91,0,1.0,1,0,0,2021-09-02
S107811,6.45,1,5.0,1,1,0,12/12/2021
S107812,8.94,1,1.0,0,1,0,07-30-2022
S107813,8.13,2,2.4,1,0,3,08/01/2023
S107814,6.85,0,1.5,0,1,1,13/12/2021
S107815,7.69,0,13.3,1,0,1,2023-02-13
S107816,7.86,0,3.4,0,1,1,2023-02-23
S107817,7.51,0,1.0,0,2,1,2023-06-26
S107818,6.0,0,1.2,0,0,1,2023-02-01
S107819,6.66,1,2.6,0,1,0,2022-06-06
S107820,6.15,1,2.9,1,0,1,2022-02-10
S107821,6.84,1,1.7,1,1,1,2022-05-19
S107822,7.71,0,2.1,1,0,0,05-03-2022
S107823,7.85,1,8.4,0,0,0,16/05/2022
S107824,5.85,0,1.2,0,2,0,2023-02-14
S107825,7.03,2,13.8,1,0,1,2023-02-06
S107826,5.87,3,20.2,0,2,0,17/03/2023
S107827,6.83,0,5.4,0,1,1,2023-02-06
S107828,6.97,2,4.2,1,0,0,2022-03-20
S107829,6.69,0,3.7,0,1,1,2021-07-03
S107830,7.81,1,4.8,1,0,0,2022-08-12
S107831,8.09,1,1.0,0,1,0,2022-07-17
S107832,5.01,0,12.0,0,1,0,28/05/2023
S107833,7.62,1,5.5,0,0,1,2022-01-10
S107834,7.12,0,7.6,0,0,0,2021-07-21
S107835,7.75,0,1.8,0,0,0,19/04/2022
S107836,5.8,1,1.0,1,1,0,09/09/2022
S107837,7.94,0,1.7,0,1,0,2021-08-03
S107838,7.8,0,6.7,0,1,0,25/06/2023
S107839,6.69,1,,0,0,0,2023/04/18 15:10:39
S107840,7.07,2,13.3,0,1,0,01-22-2022
S107841,9.32,0,1.0,0,0,0,25/07/2022
S107842,6.83,1,2.4,0,0,0,25/12/2022
S107843,6.96,2,3.5,1,0,0,2023-05-05
S107844,8.68,0,5.9,1,1,0,04/08/2022
S107845,6.43,1,21.2,0,0,1,31/10/2021
S107846,4.22,0,4.3,1,1,0,2021-07-27
S107847,6.31,2,1.0,1,0,0,2021-10-07
S107848,6.54,1,9.7,1,1,0,15/12/2021
S107849,7.09,1,3.8,1,0,0,2021/08/18 23:56:24
S107850,7.83,1,1.9,1,1,0,2022-12-18
S107851,5.83,2,2.8,0,1,0,2021-12-03
S107852,7.43,0,3.3,1,0,0,23/12/2021
S107853,8.27,0,1.6,1,0,1,2023-04-29
S107854,5.41,1,3.4,1,0,0,2023-07-01
S107855,8.88,1,1.0,0,0,0,2021-11-23
S107856,9.27,0,8.5,0,0,0,2021-08-03
S107857,6.77,0,3.6,0,0,0,15/06/2023
S107858,5.38,1,3.7,1,2,0,2022-10-26
S107859,5.63,1,18.9,1,1,0,2022-10-14
S107860,6.57,0,3.2,1,0,0,2023-04-12
S107861,7.5,0,2.0,0,0,2,2023-01-17
S107862,8.38,0,1.0,1,0,0,09/07/2023
S107863,5.1,0,4.8,1,0,0,2023-01-03
S107864,7.13,2,7.8,1,0,0,2022-07-22
S107865,7.46,1,11.0,1,0,1,2023-03-19
S107866,8.02,0,2.4,0,0,1,2023-08-25
S107867,5.59,1,10.9,1,2,0,03/06/2023
S107868,9.25,0,5.5,0,2,1,2022-12-18
S107869,7.9,2,5.4,1,0,1,03/01/2022
S107870,5.75,1,2.0,1,0,2,2023-03-15
S107871,10.0,2,9.9,0,0,0,2022-04-05
S107872,7.48,2,1.0,0,0,1,17/07/2023
S107873,7.33,0,1.0,0,0,0,08-09-2021
S107874,4.23,1,1.8,1,0,1,02-18-2023
S107875,7.67,1,12.6,1,1,0,2023-03-23
S107876,7.62,0,1.4,0,0,1,2022-08-25
S107877,6.05,1,1.7,0,3,0,04-23-2022
S107878,8.12,0,1.5,0,2,0,2021-09-20
S107879,7.52,1,6.3,0,1,0,26/07/2023
S107880,8.06,3,5.9,0,0,0,25/06/2023
S107881,4.54,3,4.5,1,1,0,03-22-2023
S107882,8.0,1,22.0,1,0,0,07-05-2023
S107883,7.51,0,2.5,0,1,1,2022-06-18
S107884,6.97,1,8.6,1,0,0,27/10/2022
S107885,5.66,0,5.3,0,2,0,2023-08-08
S107886,5.96,1,2.1,0,1,1,2022-12-17
S107887,10.0,2,4.5,1,0,0,2022-06-03
S107888,7.64,0,1.5,0,0,0,2021-10-28
S107889,6.73,1,13.0,0,1,0,12/12/2021
S107890,7.2,0,,0,0,0,2021/10/25 22:49:47
S107891,8.79,0,8.7,1,3,0,2023-04-14
S107892,5.41,0,10.7,0,1,2,2021-11-04
S107893,8.69,0,1.4,0,2,0,14/08/2022
S107894,5.04,2,6.1,1,0,0,07-09-2021
S107895,7.1,1,4.4,0,0,1,04/05/2022
S107896,7.15,0,7.0,1,2,2,19/06/2022
S107897,8.49,0,16.9,0,0,1,07-05-2022
S107898,6.31,2,5.4,1,0,2,2021-07-18
S107899,7.78,3,12.4,1,0,0,01-20-2022
S107900,5.73,0,2.3,0,1,0,05-16-2023
S107901,7.6,2,10.8,1,0,0,07-15-2023
S107902,9.27,1,8.2,0,2,0,2021-07-10
S107903,7.15,0,6.6,0,1,0,07-21-2022
S107904,5.33,1,1.0,1,2,0,2022-03-21
S107905,5.65,1,2.3,0,1,0,2022-09-17
S107906,8.83,1,1.2,1,1,0,10/07/2023
S107907,6.54,0,5.6,1,1,0,2022-10-29
S107908,7.89,1,3.2,1,1,0,2022-07-25
S107909,8.35,1,7.0,1,1,0,03/04/2022
S107910,8.18,3,10.9,0,1,0,19/03/2023
S107911,9.68,1,1.0,0,0,0,04/08/2023
S107912,6.4,0,2.0,0,0,0,2022-11-26
S107913,8.59,1,1.0,1,0,0,01/01/2023
S107914,5.24,0,1.0,1,1,0,2021-07-03
S107915,6.49,2,5.1,1,0,0,11/05/2023
S107916,6.06,0,3.3,0,0,0,2023-04-15
S107917,5.78,1,3.2,1,0,1,12/07/2021
S107918,7.37,1,1.2,1,1,0,2022-06-15
S107919,7.86,1,11.7,1,0,0,2022/11/03 00:09:45
S107920,6.94,1,1.6,1,2,1,2022-04-30
S107921,6.12,0,1.0,0,0,0,28/05/2022
S107922,8.07,0,11.4,1,2,0,2022-07-07
S107923,6.01,3,5.7,1,0,0,30/09/2021
S107924,8.53,0,1.0,0,0,0,2022-08-11
S107925,9.17,1,1.3,0,0,0,2021-08-21
S107926,7.57,2,1.0,1,1,0,10/10/2021
S107927,6.86,0,3.0,1,1,1,12/07/2021
S107928,5.98,1,2.8,1,1,2,2023-06-29
S107929,5.53,3,7.3,0,0,0,2022-05-06
S107930,6.88,0,2.4,1,0,0,09/08/2021
S107931,5.98,2,8.5,1,1,0,23/10/2021
S107932,7.97,0,1.6,0,1,0,2023-01-25
S107933,8.29,0,8.0,0,1,0,06-30-2022
S107934,6.41,1,3.1,1,0,0,06-23-2023
S107935,8.13,0,4.1,1,0,0,2022-05-21
S107936,6.1,0,7.8,0,0,1,2023-02-19
S107937,7.54,1,8.8,1,0,0,18/12/2022
S107938,6.48,3,1.0,1,3,2,2022/05/01 16:24:50
S107939,7.53,3,1.3,1,0,0,28/08/2023
S107940,6.6,1,14.2,0,1,0,2021-10-17
S107941,6.97,0,2.3,0,1,0,2023-06-06
S107942,4.7,0,9.1,1,0,0,2022-10-29
S107943,7.56,0,2.1,0,0,1,03/11/2022
S107944,4.68,0,7.4,1,1,0,2022-02-09
S107945,6.75,0,3.4,0,0,0,2022-07-21
S107946,8.68,1,12.1,1,2,1,2023-07-05
S107947,6.93,0,16.3,1,2,0,2021-08-26
S107948,6.32,1,2.1,1,0,0,2022-03-23
S107949,6.64,1,4.4,0,0,0,2023-08-29
S107950,8.27,1,3.0,0,0,0,02-11-2022
S107951,7.06,0,2.6,1,0,1,2023-07-02
S107952,8.66,1,3.7,0,0,1,2021-10-27
S107953,6.95,0,6.2,1,0,0,2023-07-31
S107954,6.92,1,7.9,1,0,0,2023-01-05
S107955,7.86,1,3.6,0,0,0,2021-08-09
S107956,6.42,0,12.8,1,0,1,2022-11-18
S107957,8.28,1,8.5,0,1,0,2022-09-13
S107958,6.14,0,9.8,1,0,0,09-06-2021
S107959,8.58,0,1.0,0,0,0,2022-08-20
S107960,9.24,0,1.3,0,1,1,2022-08-14
S107961,9.37,0,9.0,0,1,0,22/09/2022
S107962,6.46,1,3.2,1,1,0,2022-05-08
S107963,6.3,1,7.7,0,0,0,10/11/2022
S107964,7.89,4,1.0,1,0,0,2022-07-17
S107965,5.17,0,1.1,1,1,1,2022-08-25
S107966,7.33,0,1.3,1,0,0,2021-10-27
S107967,5.98,1,3.0,1,0,0,2022/04/09 09:08:56
S107968,6.68,0,4.2,1,0,0,2022-06-26
S107969,6.9,0,10.8,0,1,0,2023-07-17
S107970,7.76,1,1.0,0,0,0,2023-07-25
S107971,7.05,0,2.3,0,0,1,2023-05-14
S107972,8.05,1,1.0,1,1,0,07-25-2023
S107973,3.98,1,2.0,1,1,1,2022-05-01
S107974,8.0,1,1.0,1,1,2,12-28-2021
S107975,9.2,0,14.8,1,1,0,2021-10-10
S107976,7.1,0,5.8,1,2,0,08-16-2022
S107977,9.05,0,7.1,1,1,1,2021-07-31
S107978,4.14,2,2.9,1,0,0,11-19-2021
S107979,9.37,0,2.1,0,2,0,2021-12-06
S107980,6.1,1,1.7,1,0,0,12/06/2023
S107981,6.69,1,1.8,0,1,1,03/11/2021
S107982,6.57,2,1.0,1,0,1,2023-04-29
S107983,7.55,2,14.2,0,0,1,19/02/2023
S107984,6.85,0,4.2,0,1,0,30/05/2022
S107985,6.2,1,3.3,1,2,0,09-17-2022
S107986,6.34,3,1.0,1,0,0,2022-09-18
S107987,3.91,0,,0,1,0,2023-06-23
S107988,8.18,0,9.1,0,1,0,06-30-2023
S107989,6.78,2,4.5,1,1,0,2021-12-05
S107990,7.05,1,7.3,0,0,0,2023-05-19
S107991,7.73,0,1.0,1,0,0,2021/09/03 04:03:43
S107992,5.63,1,3.8,0,1,1,2022-05-29
S107993,7.57,0,1.9,0,1,0,2021-11-28
S107994,6.62,2,2.3,1,0,0,2022-10-01
S107995,8.37,1,15.6,1,4,0,07-14-2021
S107996,10.0,1,1.0,1,0,0,2022/01/10 07:31:09
S107997,7.11,0,1.0,1,0,0,2021/08/31 01:34:45
S107998,6.51,0,1.0,0,0,0,05/06/2023
S107999,6.13,0,2.6,0,1,0,2023-02-14
S108000,6.65,0,15.8,0,1,0,2023-01-01
S108001,8.14,1,15.1,1,0,0,2022-04-03
S108002,9.14,0,1.0,0,1,0,2022-07-07
S108003,4.87,0,8.8,0,1,0,2022-06-16
S108004,6.51,0,2.4,1,1,1,01-25-2022
S108005,4.98,0,12.7,1,0,0,30/04/2023
S108006,6.65,0,5.5,0,2,0,2023-04-08
S108007,7.44,1,2.7,0,1,0,2022/04/03 16:11:26
S108008,4.9,2,5.1,1,0,1,2022/06/26 09:40:55
S108009,7.29,1,1.0,1,0,0,08/03/2023
S108010,5.52,2,5.8,1,1,0,2022-09-05
S108011,3.89,0,1.0,1,1,0,2021-07-15
S108012,8.68,0,5.6,0,2,0,2023-05-08
S108013,5.74,0,,1,0,0,2021-07-29
S108014,4.78,3,1.1,0,0,0,2022-11-01
S108015,5.63,1,10.4,0,0,0,08-21-2022
S108016,6.51,3,21.1,1,1,1,2021-08-05
S108017,6.4,1,4.3,0,2,1,2023-02-21
S108018,7.12,1,4.0,0,0,0,2022-08-16
S108019,8.73,0,1.0,0,0,0,08/07/2023
S108020,5.04,0,2.3,0,0,1,2023-05-01
S108021,7.59,0,7.7,1,1,0,2022-05-23
S108022,6.77,0,4.2,0,0,1,2023/06/11 09:14:17
S108023,8.02,0,11.3,0,0,1,2021-11-13
S108024,7.54,0,1.9,1,0,0,17/04/2022
S108025,7.58,1,3.7,1,0,0,2022-05-06
S108026,8.6,0,6.8,0,0,1,2023-04-20
S108027,8.77,0,8.4,0,1,0,2021-08-05
S108028,7.4,1,11.1,0,1,0,20/12/2022
S108029,5.46,1,1.0,1,0,1,05-17-2022
S108030,9.03,0,14.1,0,0,0,2022-06-11
S108031,5.15,1,4.7,1,0,1,2021-08-02
S108032,6.3,0,23.7,1,1,2,2022-02-01
S108033,10.0,0,17.7,1,0,0,19/09/2022
S108034,6.17,0,18.4,0,1,1,2022-10-23
S108035,4.17,0,10.1,1,0,0,2023-03-11
S108036,8.31,0,17.3,1,1,2,2023-01-07
S108037,5.13,0,2.6,0,1,0,2021-12-21
S108038,5.88,2,8.9,1,0,0,11-28-2021
S108039,5.67,0,5.0,1,1,0,27/07/2022
S108040,8.33,0,5.2,0,0,0,2022-01-31
S108041,8.01,0,1.0,0,1,1,2022-04-26
S108042,7.59,2,1.1,1,0,0,2022-12-13
S108043,7.54,0,3.6,0,0,0,2023-08-22
S108044,5.54,1,6.7,1,0,0,02/05/2022
S108045,7.64,0,4.0,0,0,0,2022-10-27
S108046,6.53,1,1.5,0,3,0,2022-04-05
S108047,6.64,0,6.3,0,0,0,2022-09-12
S108048,4.2,1,6.3,1,1,0,03/06/2023
S108049,6.09,2,,1,1,0,2022-12-29
S108050,6.82,0,1.0,0,1,1,07/04/2023
S108051,7.05,2,3.8,0,1,1,24/05/2022
S108052,4.46,0,1.0,0,0,0,03/09/2021
S108053,9.05,1,11.0,1,0,0,06/04/2023
S108054,7.23,0,20.3,0,3,0,2021-07-27
S108055,10.0,1,3.5,0,2,0,2022-06-24
S108056,4.42,0,3.1,0,0,0,08-25-2021
S108057,8.01,0,12.8,0,0,0,02-10-2022
S108058,8.46,0,4.7,0,1,1,16/09/2021
S108059,6.77,0,3.3,0,1,0,10/10/2021
S108060,8.37,0,7.4,1,0,0,2022-04-06
S108061,5.63,0,2.4,0,0,0,2023-02-14
S108062,5.25,0,2.5,1,1,0,2022/02/02 22:20:45
S108063,8.25,0,4.4,1,1,0,08-06-2022
S108064,7.4,1,2.7,1,1,0,2021-10-25
S108065,6.62,0,10.9,1,0,0,2022-03-01
S108066,5.03,2,3.3,1,2,0,2022-04-16
S108067,6.77,3,2.4,1,1,0,2021-10-08
S108068,7.13,2,6.2,1,2,1,2023-01-10
S108069,5.72,0,4.6,0,0,0,21/02/2022
S108070,7.89,1,3.9,0,0,0,2022-06-01
S108071,4.47,1,1.0,1,1,0,14/08/2022
S108072,6.68,0,27.9,0,0,0,27/10/2022
S108073,7.94,1,2.8,0,1,2,12/10/2021
S108074,7.08,1,1.2,1,1,0,21/05/2022
S108075,7.67,1,3.8,1,0,0,2023-05-10
S108076,5.51,1,21.7,1,0,0,04/12/2022
S108077,7.74,1,7.4,0,0,0,2021-07-05
S108078,6.56,0,1.0,0,1,0,2022/09/21 21:13:50
S108079,6.29,0,3.1,0,0,1,2023-06-21
S108080,4.86,2,15.3,1,0,0,03-04-2023
S108081,6.17,0,7.6,0,2,1,2022-11-22
S108082,4.39,1,4.4,1,0,0,2023-07-10
S108083,6.71,1,4.8,1,1,0,2022-08-27
S108084,4.75,3,8.7,0,0,1,29/01/2022
S108085,4.97,0,15.4,1,2,0,2021-09-20
S108086,5.54,3,3.4,1,1,0,2023-03-19
S108087,6.7,0,5.2,0,1,0,16/03/2022
S108088,8.84,0,16.8,0,0,0,2023-01-17
S108089,7.77,0,4.4,1,0,0,2022-06-09
S108090,5.2,0,1.1,1,0,0,2022-09-30
S108091,4.74,0,6.0,1,0,0,2021-12-04
S108092,6.96,0,2.6,0,0,1,03/09/2022
S108093,6.25,1,2.8,0,1,0,2022-12-11
S108094,4.47,0,8.0,0,2,1,2023/06/22 13:11:05
S108095,7.71,0,1.0,1,0,0,2022-10-01
S108096,6.49,2,11.9,0,1,0,06/03/2023
S108097,5.76,0,3.6,0,0,1,21/10/2021
S108098,8.4,1,7.3,0,1,0,01-09-2022
S108099,9.19,0,1.0,0,0,2,2022-02-04
S108100,6.87,0,7.9,1,0,0,2022-05-06
S108101,6.93,0,12.9,0,0,0,2021-10-12
S108102,5.05,1,2.6,1,1,0,08-20-2023
S108103,5.14,0,1.0,1,1,0,2023-06-01
S108104,6.94,1,2.9,1,1,1,2022/08/25 03:01:26
S108105,8.25,0,1.0,0,0,1,2022-04-22
S108106,7.47,0,19.1,0,0,1,2021-08-07
S108107,6.84,2,1.3,0,1,0,2021-11-11
S108108,4.94,0,6.4,1,0,0,2022-01-29
S108109,5.87,1,2.3,1,1,0,03-06-2023
S108110,6.77,1,1.0,0,0,0,2023-08-07
S108111,6.33,0,1.4,0,0,0,2023-02-20
S108112,3.74,0,4.9,0,0,1,2022-04-01
S108113,7.0,0,1.2,0,0,1,09/05/2023
S108114,6.22,2,1.3,1,0,0,2023-05-04
S108115,4.83,1,7.0,1,0,0,2022-10-28
S108116,7.13,2,11.7,1,1,0,04/07/2021
S108117,6.76,2,1.0,1,0,0,2023-03-18
S108118,8.82,0,24.3,1,0,0,2023-03-30
S108119,8.09,1,4.7,1,0,0,2021-09-23
S108120,8.47,1,6.5,0,0,0,25/12/2022
S108121,7.91,1,15.5,1,1,0,17/11/2022
S108122,7.42,1,1.2,1,1,1,04-14-2023
S108123,7.58,1,6.1,1,0,0,11/09/2022
S108124,7.85,1,5.0,0,2,0,2022/07/07 04:33:21
S108125,6.29,2,6.2,1,1,0,2022-01-20
S108126,6.56,0,1.0,1,0,0,2023-04-10
S108127,5.28,1,7.2,1,1,1,2022-09-07
S108128,8.39,0,3.0,0,1,0,2023-04-09
S108129,6.32,1,18.5,0,0,0,25/12/2021
S108130,7.41,0,10.5,0,1,0,24/03/2023
S108131,8.79,0,1.0,0,0,2,2022-01-17
S108132,7.1,1,9.7,0,1,2,2023-06-09
S108133,5.27,0,1.4,0,0,0,07/03/2022
S108134,7.53,1,6.0,0,0,0,2023-05-24
S108135,6.08,0,9.0,0,0,0,2022-07-18
S108136,6.08,0,1.0,1,1,0,30/09/2022
S108137,8.16,2,2.7,1,3,0,2022-11-06
S108138,7.59,1,2.4,1,0,0,09-24-2021
S108139,6.71,0,8.5,0,0,0,2023/06/22 19:30:49
S108140,7.61,0,4.3,0,1,0,2023-02-20
S108141,5.43,0,4.5,0,1,0,2021-10-28
S108142,5.48,0,2.6,0,0,1,22/07/2021
S108143,5.88,1,15.7,1,1,0,2022-09-21
S108144,4.35,1,5.7,1,0,0,2022-11-04
S108145,6.66,4,4.2,1,0,0,04-03-2023
S108146,8.48,3,,1,0,0,2023-04-28
S108147,4.43,1,11.0,0,1,1,2022-03-24
S108148,8.59,0,8.6,1,1,0,2023-01-01
S108149,7.01,2,15.0,1,0,3,2023-07-07
S108150,6.88,0,2.3,1,0,0,2022-04-07
S108151,4.87,1,1.0,1,1,1,2023-04-04
S108152,6.27,1,1.8,0,2,0,2022-05-28
S108153,5.26,1,21.5,1,1,1,2023-05-12
S108154,6.86,0,1.0,1,1,0,2022/05/07 09:05:06
S108155,4.35,0,8.5,0,0,1,10-25-2021
S108156,8.66,0,1.0,1,2,1,2023-07-30
S108157,6.41,1,1.0,1,0,0,2022-10-04
S108158,6.55,0,13.0,0,0,0,19/01/2022
S108159,10.0,0,12.8,0,0,0,20/02/2022
S108160,4.93,2,4.3,1,1,0,06-13-2023
S108161,5.39,0,1.0,1,0,1,07/12/2021
S108162,7.93,1,2.3,0,0,0,2022-05-10
S108163,8.16,1,7.4,0,0,0,2021-12-22
S108164,5.12,2,8.1,1,1,1,22/11/2021
S108165,8.0,1,5.1,1,2,1,09-19-2021
S108166,8.32,0,1.6,0,0,0,2022-12-13
S108167,6.87,0,7.7,0,1,1,2022-08-25
S108168,5.33,2,7.1,0,0,0,2022-10-21
S108169,8.33,2,9.0,1,0,0,2023-02-20
S108170,6.09,0,12.0,0,0,0,2021-12-24
S108171,7.16,0,1.0,0,0,0,09-03-2021
S108172,4.46,1,7.1,0,0,0,18/03/2023
S108173,7.7,2,14.9,1,0,0,08-29-2021
S108174,5.76,0,13.2,1,0,2,2022/10/06 09:04:13
S108175,8.77,1,2.2,0,0,0,2022-10-12
S108176,5.57,1,9.3,1,1,0,30/01/2023
S108177,7.21,0,1.0,1,0,1,11-25-2021
S108178,8.07,1,10.4,1,0,0,2022-09-05
S108179,3.77,0,10.8,0,0,0,30/04/2022
S108180,6.43,0,2.4,1,1,1,2023-03-14
S108181,7.23,1,17.1,0,0,2,14/07/2022
S108182,8.36,0,,0,1,0,2022-10-29
S108183,7.82,0,3.0,1,0,0,2022-07-15
S108184,7.28,1,7.5,0,2,0,2023-08-14
S108185,8.52,1,2.1,0,0,0,2023-05-20
S108186,8.66,0,1.0,0,0,0,2022-05-25
S108187,7.4,0,1.0,1,1,1,2021-08-07
S108188,4.14,1,3.7,1,0,1,2022-07-17
S108189,6.23,1,1.9,1,1,0,2022-05-15
S108190,5.25,1,,1,1,0,2023-08-28
S108191,9.34,1,6.3,0,0,0,04/07/2021
S108192,5.09,0,3.1,0,0,0,16/11/2022
S108193,7.27,1,1.0,1,2,0,28/08/2022
S108194,7.1,0,4.7,0,0,0,06-26-2022
S108195,9.46,0,6.5,1,2,0,2021-10-07
S108196,5.47,0,5.7,0,0,0,2023-03-24
S108197,7.15,2,22.6,1,2,0,2023-07-24
S108198,6.95,1,1.7,0,0,0,08-07-2021
S108199,5.74,1,7.5,1,0,0,04/10/2022
S108200,5.95,2,6.4,1,0,0,2022-04-15
S108201,6.88,1,7.6,0,0,0,2021-12-20
S108202,7.48,0,1.0,0,1,1,25/05/2023
S108203,8.2,0,1.6,0,0,0,2022-07-09
S108204,6.86,1,2.1,1,1,0,2023-04-13
S108205,6.74,0,1.0,0,0,2,03-03-2022
S108206,6.24,0,6.8,1,1,0,2022-06-30
S108207,7.41,3,1.6,1,1,0,04-23-2023
S108208,7.57,0,1.0,1,1,0,2022-01-09
S108209,7.0,1,1.0,1,0,0,29/10/2021
S108210,6.65,1,1.0,0,1,0,01-10-2023
S108211,6.49,2,26.1,1,0,0,2022-01-14
S108212,6.49,2,1.0,0,0,0,15/04/2023
S108213,7.94,3,4.4,1,1,0,12/02/2022
S108214,7.94,0,4.9,1,1,2,12-22-2021
S108215,5.57,0,1.3,1,1,0,2021-08-11
S108216,5.37,0,1.0,1,0,2,2021-09-16
S108217,7.99,0,12.4,0,1,0,2022-11-29
S108218,4.79,1,,1,0,0,06-01-2023
S108219,4.79,0,1.0,0,1,0,2023/07/29 08:15:32
S108220,7.45,2,1.0,1,1,0,2023-05-23
S108221,4.93,1,1.0,0,1,0,2023-02-19
S108222,8.14,1,2.4,1,0,0,10-02-2022
S108223,8.53,0,4.6,1,0,1,2022-03-25
S108224,5.47,0,3.6,0,2,0,2022-02-16
S108225,5.54,0,4.4,0,1,0,2022-09-01
S108226,6.86,0,6.3,0,0,0,2022-08-15
S108227,8.03,3,2.9,1,0,0,09/08/2023
S108228,6.45,0,1.0,0,0,0,2022-02-12
S108229,7.58,2,3.4,0,1,0,2022-07-07
S108230,8.56,1,1.0,1,0,1,04-06-2023
S108231,4.22,0,5.2,1,0,0,2023-03-31
S108232,7.71,0,4.0,0,0,1,2022-01-04
S108233,6.64,0,3.8,1,1,0,08-09-2021
S108234,6.16,0,1.7,0,0,1,26/10/2022
S108235,4.89,1,2.9,1,0,0,2021-08-18
S108236,8.18,0,7.9,1,1,1,2021-08-28
S108237,6.04,1,2.4,1,0,0,2023-05-30
S108238,6.04,1,5.3,1,0,0,07/08/2021
S108239,6.51,0,2.1,0,0,0,2022-12-08
S108240,6.08,1,1.8,0,1,0,2021-11-12
S108241,7.15,0,1.0,0,1,0,2023-08-23
S108242,6.56,0,6.3,0,1,0,26/12/2022
S108243,7.0,0,1.9,1,0,1,2021-12-22
S108244,8.38,0,15.8,1,1,0,2023-02-16
S108245,6.75,1,1.0,0,0,0,2022-10-24
S108246,8.4,0,10.8,0,1,0,2022-06-16
S108247,8.32,1,2.3,0,0,0,08/07/2023
S108248,6.61,2,1.5,0,2,0,25/10/2021
S108249,9.12,0,5.8,0,0,2,28/10/2021
S108250,4.96,2,1.0,1,2,0,18/10/2022
S108251,5.91,2,1.0,1,0,1,2023-01-05
S108252,7.58,0,9.9,0,1,0,17/10/2021
S108253,6.28,1,3.7,1,0,0,2022-12-16
S108254,7.19,2,2.2,0,0,0,2021-09-14
S108255,7.7,2,2.6,1,0,0,18/09/2021
S108256,9.76,0,7.9,0,1,0,10-08-2021
S108257,6.06,1,6.8,0,0,0,12/08/2022
S108258,7.53,1,3.5,1,0,0,23/04/2022
S108259,7.04,0,2.3,0,3,0,2022/05/22 00:49:51
S108260,8.16,0,6.6,1,0,0,2022-08-31
S108261,9.34,0,4.1,1,2,0,2022/07/02 03:20:12
S108262,7.6,0,4.2,1,0,2,25/04/2022
S108263,9.02,1,1.8,0,2,1,25/08/2022
S108264,9.43,0,4.6,1,0,0,13/12/2022
S108265,6.65,1,1.0,1,1,0,2023-02-02
S108266,5.11,1,1.7,0,0,1,01/11/2021
S108267,6.79,0,4.5,1,0,0,2022-02-07
S108268,7.31,1,2.5,0,1,0,01-25-2022
S108269,6.44,0,2.0,0,1,0,2022-01-28
S108270,5.97,1,3.1,0,1,1,2023-01-15
S108271,6.53,0,5.7,0,0,0,2023-05-13
S108272,4.29,1,1.6,0,0,0,2022-12-13
S108273,5.8,1,7.3,0,1,0,2022-09-15
S108274,6.48,3,8.2,0,0,0,2022-09-28
S108275,8.81,0,1.0,1,1,0,2022-10-27
S108276,6.86,0,3.5,0,0,0,2021-12-07
S108277,6.07,2,4.5,0,1,0,2023-03-21
S108278,7.27,0,8.2,0,0,2,2023-08-11
S108279,6.74,0,2.3,0,0,0,2023/04/14 21:44:30
S108280,4.42,1,2.2,0,2,0,2022-06-26
S108281,4.42,0,1.1,1,0,0,2022-03-17
S108282,6.31,2,2.7,1,2,0,2023-01-16
S108283,5.39,2,3.7,1,2,0,2021-11-13
S108284,8.51,1,16.4,1,1,0,19/10/2021
S108285,4.55,1,6.3,1,0,0,2022-01-30
S108286,6.55,0,1.7,0,0,2,2022-12-29
S108287,8.73,0,1.8,1,1,1,2022-02-17
S108288,8.87,1,4.9,0,0,0,27/10/2022
S108289,7.36,1,1.1,0,1,1,01/04/2023
S108290,6.76,1,2.7,1,0,1,2022-08-28
S108291,6.72,0,8.6,1,1,0,2023-05-02
S108292,7.9,0,,0,3,1,2022-06-14
S108293,5.83,0,1.0,0,0,1,20/11/2021
S108294,7.02,1,7.5,0,0,0,2023-05-10
S108295,6.23,1,5.7,0,0,0,2021-09-15
S108296,9.47,2,2.3,1,0,0,2021-10-23
S108297,8.1,1,3.9,1,0,0,2022-03-25
S108298,7.96,0,2.6,0,0,0,2022-04-08
S108299,8.0,0,26.5,0,0,0,2023-06-27
S108300,6.2,0,6.0,0,0,1,2023-08-22
S108301,7.18,0,13.1,0,1,1,2023-02-12
S108302,4.71,0,1.5,1,0,0,2023-07-30
S108303,6.1,0,8.0,0,0,1,2022-06-02
S108304,6.93,1,8.8,1,1,0,19/06/2022
S108305,4.79,1,4.4,0,0,1,06/01/2023
S108306,4.18,0,,0,1,0,03/05/2023
S108307,9.46,3,2.6,1,0,0,07-28-2021
S108308,6.8,0,3.4,0,1,1,2023-07-09
S108309,7.05,2,1.1,0,0,1,2022-11-02
S108310,8.52,0,4.4,0,1,0,08/03/2023
S108311,5.86,2,6.2,0,0,0,2022-07-22
S108312,9.18,0,3.2,0,0,1,2023-01-29
S108313,6.91,0,9.8,1,0,1,2022-08-10
S108314,9.59,1,2.3,0,0,0,2022-03-01
S108315,6.46,3,3.1,1,0,2,09-01-2022
S108316,6.5,1,8.2,0,0,0,2023-05-26
S108317,5.17,0,1.0,0,2,1,2022/05/28 18:36:49
S108318,4.74,0,6.6,1,0,0,2021-09-01
S108319,7.67,1,11.0,1,2,0,2023-08-24
S108320,5.32,2,5.3,0,2,0,2023-01-31
S108321,7.21,2,4.9,0,0,0,2021-09-19
S108322,6.73,1,6.5,0,1,1,25/05/2023
S108323,7.91,0,5.3,0,0,1,2021-09-02
S108324,5.77,1,2.2,1,0,0,2023-02-05
S108325,7.51,0,1.5,1,1,0,2022-12-02
S108326,7.32,3,7.5,0,1,0,2022-02-08
S108327,8.87,0,,0,0,1,2023-04-13
S108328,5.93,0,1.0,1,0,1,2022/10/17 10:56:54
S108329,6.15,1,11.1,1,1,0,2022-12-26
S108330,4.2,1,2.6,1,1,0,05-26-2022
S108331,8.79,1,7.3,0,0,1,2022-12-27
S108332,5.89,0,8.2,0,0,0,2022-10-03
S108333,7.42,1,8.6,0,0,0,2022-04-16
S108334,7.83,1,5.9,0,1,0,2023-01-28
S108335,5.06,0,3.9,0,0,0,2022/06/30 07:02:29
S108336,6.38,0,10.2,1,0,0,15/10/2022
S108337,5.78,0,3.6,0,1,0,08-22-2021
S108338,6.56,2,,1,0,0,18/07/2022
S108339,6.01,1,2.2,1,3,1,2022-06-23
S108340,3.76,1,1.0,0,1,0,25/11/2021
S108341,8.49,0,5.0,0,1,0,24/12/2021
S108342,6.33,2,7.5,1,2,0,09/12/2021
S108343,7.01,0,1.5,0,0,0,2022-01-02
S108344,6.7,0,3.5,0,0,1,2023-04-07
S108345,7.38,1,16.7,1,0,0,2023-05-20
S108346,5.07,1,16.0,0,1,0,2023-01-06
S108347,5.66,0,,0,0,1,2022-02-04
S108348,4.65,1,1.0,0,2,0,12-11-2022
S108349,6.8,0,1.9,1,0,0,2022-12-31
S108350,8.3,1,3.7,1,0,0,2022-11-08
S108351,7.8,1,12.0,0,0,0,2021-09-21
S108352,7.49,1,,0,0,0,22/07/2021
S108353,4.95,2,3.4,1,0,0,2022-03-18
S108354,6.29,1,1.8,1,1,1,2022/03/06 04:23:06
S108355,5.71,2,4.3,0,2,0,2022/06/19 13:40:32
S108356,5.68,2,17.3,1,0,2,05-26-2023
S108357,6.04,0,6.3,0,1,0,2021-10-07
S108358,6.68,0,11.7,0,0,0,2023-03-07
S108359,4.66,3,3.1,1,2,0,07-13-2021
S108360,8.25,0,8.7,0,0,0,12/06/2023
S108361,7.6,1,1.3,1,0,2,08-08-2023
S108362,5.98,3,5.0,1,2,0,2021-08-29
S108363,6.68,1,11.8,0,1,0,2023-03-21
S108364,7.3,1,5.1,1,1,0,2022-09-08
S108365,5.45,0,1.0,1,1,0,11/01/2022
S108366,6.9,1,1.0,1,1,1,10/10/2021
S108367,6.43,0,9.0,1,0,0,2021-07-13
S108368,6.62,1,6.4,1,1,0,2023-06-02
S108369,7.58,1,1.3,0,0,0,2021-10-05
S108370,6.91,0,4.2,0,1,0,04/03/2023
S108371,6.61,0,3.6,1,0,0,2021-08-23
S108372,5.34,0,1.4,1,0,1,2023-07-09
S108373,6.51,4,5.3,1,0,1,2022-02-16
S108374,8.81,0,2.0,1,2,0,2023-07-07
S108375,6.27,1,4.0,1,0,0,10-16-2021
S108376,7.22,0,1.0,1,1,0,22/05/2022
S108377,5.55,0,4.8,1,0,1,08/10/2022
S108378,9.34,2,6.5,0,0,0,29/08/2022
S108379,8.92,1,30.7,1,0,0,2021-08-21
S108380,6.73,3,1.0,1,1,0,19/12/2021
S108381,4.85,1,12.5,0,0,0,2022/07/20 07:17:41
S108382,3.93,1,12.7,1,1,1,26/05/2022
S108383,7.21,2,1.0,0,1,0,2021-07-19
S108384,6.64,2,8.3,1,1,1,03/10/2022
S108385,7.05,1,5.8,1,0,0,03-04-2022
S108386,7.91,1,9.3,0,2,0,2023-04-30
S108387,6.81,0,10.7,1,0,0,2023-07-07
S108388,6.25,1,10.2,1,0,0,07-01-2021
S108389,6.43,0,8.7,0,1,1,08-24-2022
S108390,6.43,1,9.1,1,0,0,2021-10-20
S108391,8.08,1,1.0,0,2,0,2021-11-25
S108392,6.23,1,7.1,0,2,2,2023-01-13
S108393,4.65,0,1.0,0,0,0,2022-10-04
S108394,3.5,0,12.4,0,0,0,10-11-2022
S108395,7.61,1,17.1,0,1,1,2022-04-01
S108396,4.87,1,1.0,1,0,1,2023-02-09
S108397,5.84,0,9.6,1,1,0,05-19-2023
S108398,7.01,2,10.7,0,0,0,2022-11-08
S108399,5.67,0,3.0,1,1,0,29/08/2021
S108400,6.45,2,6.9,1,0,0,2021-10-10
S108401,7.4,1,1.0,0,0,2,18/10/2022
S108402,5.98,0,36.2,0,1,0,2023/01/15 17:19:14
S108403,5.81,2,1.0,1,1,0,2021-09-21
S108404,7.88,0,21.0,1,0,0,15/06/2023
S108405,8.0,1,4.5,0,1,1,2021/12/08 09:54:56
S108406,8.4,0,4.9,0,1,0,2023/02/27 01:08:56
S108407,4.81,1,2.7,1,2,0,2021-07-13
S108408,5.18,2,1.6,1,0,0,2021-09-04
S108409,8.48,2,1.0,1,0,0,2023-06-17
S108410,5.56,1,6.9,1,1,0,2022-06-28
S108411,6.7,0,1.0,1,2,0,2021-12-23
S108412,9.26,1,9.5,1,1,0,2023-01-18
S108413,5.71,0,3.8,1,0,0,02/12/2021
S108414,8.67,0,8.1,0,0,0,2023-04-12
S108415,7.2,0,3.5,0,1,2,12-20-2021
S108416,6.09,0,1.0,0,0,1,09/06/2022
S108417,5.95,1,1.9,0,0,1,2023-05-10
S108418,5.15,2,20.0,1,0,0,2022-12-06
S108419,5.62,1,12.5,0,2,0,05/02/2023
S108420,8.31,0,1.0,0,1,0,2022-09-27
S108421,6.56,0,1.5,0,1,0,2022-09-25
S108422,6.62,0,1.0,1,0,0,08-20-2021
S108423,6.33,1,3.0,0,1,1,2022-06-03
S108424,5.82,0,13.9,1,1,0,05-01-2023
S108425,8.14,0,7.2,0,0,1,09-29-2021
S108426,7.81,2,2.3,1,1,0,2022-05-19
S108427,8.6,1,10.0,1,1,1,09/03/2022
S108428,7.07,2,1.0,1,1,0,2022-07-11
S108429,4.08,1,2.6,1,0,0,11-19-2022
S108430,6.63,1,2.0,1,0,1,18/07/2022
S108431,7.6,1,11.4,1,0,0,2023-02-16
S108432,8.16,0,9.4,0,2,0,2021-11-17
S108433,7.38,0,1.0,0,1,0,13/06/2022
S108434,7.12,0,4.4,1,0,0,2022-01-25
S108435,7.85,0,2.9,1,1,0,2022/07/20 12:08:39
S108436,6.0,1,5.6,0,1,0,2022-08-19
S108437,6.12,1,7.9,1,0,0,2021-09-13
S108438,5.2,2,10.6,1,0,2,2023-07-01
S108439,5.58,1,,1,1,0,10/02/2022
S108440,6.15,1,1.0,1,1,0,16/12/2021
S108441,4.94,1,18.0,1,0,0,2022-01-05
S108442,6.24,1,18.4,0,0,0,19/11/2021
S108443,8.77,4,1.2,1,0,1,27/08/2021
S108444,7.72,1,6.7,1,0,0,2021-10-20
S108445,6.95,0,9.2,1,1,0,2022-07-24
S108446,9.09,4,2.9,1,0,0,2022-03-10
S108447,6.71,1,17.2,0,0,1,2021-10-10
S108448,7.21,0,15.7,0,1,1,2022-10-08
S108449,7.54,2,3.1,0,0,0,09-09-2021
S108450,8.23,1,1.0,1,1,1,2023/03/01 06:28:22
S108451,7.15,1,5.7,1,1,0,2022-12-17
S108452,8.99,1,7.7,0,0,0,2023-08-27
S108453,7.12,2,3.5,1,2,0,2023-03-31
S108454,6.78,0,11.3,1,1,0,07/02/2022
S108455,6.15,0,2.5,1,0,0,2022-05-22
S108456,8.06,0,15.1,0,1,0,08/03/2023
S108457,7.92,0,1.0,1,1,0,2021-07-17
S108458,9.25,1,1.0,1,2,0,26/08/2021
S108459,6.06,0,13.1,1,3,1,2021-08-13
S108460,5.9,2,4.9,0,2,0,2022-11-05
S108461,7.86,2,3.0,1,2,0,2023-05-20
S108462,7.49,1,3.7,1,1,0,2022-07-26
S108463,6.3,1,7.3,0,0,0,06-29-2023
S108464,6.41,1,12.2,1,1,0,2022-03-10
S108465,7.44,1,9.2,0,0,1,2022-06-07
S108466,7.19,1,1.0,0,2,1,01-09-2022
S108467,5.23,0,10.5,0,0,1,2022-05-02
S108468,6.43,1,21.0,0,0,0,2023-02-18
S108469,4.02,1,1.6,1,0,0,08-25-2023
S108470,5.77,0,9.4,1,2,0,30/05/2022
S108471,6.86,0,8.2,0,0,0,2021-08-09
S108472,7.82,0,9.4,0,0,0,21/01/2023
S108473,6.29,1,8.4,0,1,0,09/02/2022
S108474,7.73,0,16.1,1,0,0,2023-08-10
S108475,3.57,1,39.7,1,1,1,08/08/2021
S108476,9.49,0,2.4,0,0,0,15/06/2023
S108477,6.28,1,3.3,1,0,0,2023/08/20 07:51:20
S108478,6.32,0,3.2,1,0,0,2023/02/05 03:20:28
S108479,5.5,2,9.0,1,1,1,2021-12-05
S108480,6.56,0,1.0,1,0,0,2022-03-19
S108481,5.86,1,3.5,1,0,2,2021-12-09
S108482,7.02,0,1.9,0,1,0,2023-07-28
S108483,5.99,2,1.4,1,0,0,2021-11-26
S108484,7.88,1,2.9,1,0,1,21/01/2023
S108485,8.11,1,1.2,1,1,0,2022-08-02
S108486,5.93,3,7.5,1,1,0,2022-01-21
S108487,6.1,0,4.3,0,0,0,22/03/2022
S108488,9.41,2,5.3,1,1,0,13/08/2023
S108489,5.8,1,19.2,1,0,0,22/01/2022
S108490,6.97,1,2.3,1,1,0,2023-01-31
S108491,8.38,1,13.3,1,0,1,31/03/2022
S108492,8.04,2,2.6,0,1,0,08-23-2023
S108493,7.74,0,1.5,1,0,0,2023-04-16
S108494,8.05,0,1.3,0,3,0,2023-01-26
S108495,5.98,1,18.5,1,0,0,2022/10/08 14:11:14
S108496,8.11,0,4.3,1,0,0,2022-06-11
S108497,8.45,1,7.0,0,0,0,2023-08-23
S108498,5.47,0,1.1,1,0,1,2022-10-21
S108499,6.3,1,6.4,1,0,0,2023-07-26
S108500,7.56,1,2.6,0,0,0,2022-10-28
S108501,8.04,4,5.1,1,1,0,2022-12-13
S108502,5.64,0,2.5,1,1,0,2022-05-24
S108503,5.84,1,25.6,1,0,0,2022-10-22
S108504,9.16,0,1.0,0,0,0,29/09/2021
S108505,9.56,2,2.5,0,1,0,2023/03/03 10:00:07
S108506,6.65,0,1.0,1,0,0,2022-03-07
S108507,7.35,0,3.8,1,0,0,24/07/2023
S108508,5.96,0,12.1,1,0,0,2023-03-03
S108509,9.23,0,1.0,0,0,0,2022-06-27
S108510,5.8,1,7.4,0,0,0,2022/08/22 17:58:17
S108511,6.88,0,2.4,0,2,0,2021-12-21
S108512,6.61,1,,1,1,1,2022-02-03
S108513,6.71,0,5.6,0,1,1,2022-07-02
S108514,7.18,2,1.2,1,0,1,25/05/2023
S108515,7.47,1,23.4,1,1,0,2021-11-22
S108516,5.78,1,1.0,1,0,1,2021-08-13
S108517,4.8,2,8.9,1,1,0,01/01/2023
S108518,8.21,0,2.3,0,0,0,2023-01-17
S108519,6.86,0,16.4,1,1,0,2021-12-05
S108520,5.7,1,40.1,1,1,0,2022-08-29
S108521,9.94,1,,0,1,0,2021-07-12
S108522,7.85,0,2.0,0,1,0,2021-11-26
S108523,8.7,0,22.0,0,3,1,07/06/2023
S108524,8.45,1,1.0,1,1,0,21/06/2022
S108525,7.99,0,3.3,1,0,0,2022-09-09
S108526,7.93,1,1.3,1,4,0,2022-12-14
S108527,5.69,0,3.3,0,0,0,2022-06-28
S108528,6.54,1,3.2,1,0,0,2022-10-27
S108529,4.46,1,8.9,1,0,0,2021-10-28
S108530,7.83,0,18.2,0,0,0,2023-07-19
S108531,4.21,0,5.8,0,1,1,2022-06-14
S108532,3.9,2,8.2,0,0,0,2022-06-27
S108533,5.82,1,4.0,0,1,0,2022-01-24
S108534,8.5,2,1.0,0,1,0,2023-08-15
S108535,7.22,1,3.3,1,1,0,2021-12-24
S108536,8.32,1,5.7,1,2,0,2021-11-05
S108537,6.81,0,,0,0,2,04/01/2022
S108538,5.35,1,3.1,1,0,1,2023-02-18
S108539,7.43,0,1.0,1,0,1,2022-11-29
S108540,5.42,2,1.0,1,0,0,2022-10-24
S108541,6.95,0,3.5,1,1,0,2021-08-04
S108542,6.68,1,2.1,0,0,2,10/04/2022
S108543,6.32,3,10.1,0,0,0,2021/12/11 08:58:11
S108544,5.06,1,12.5,0,1,0,2022-08-23
S108545,6.24,1,1.0,0,0,0,01/10/2021
S108546,6.04,0,9.5,1,1,0,2022-12-18
S108547,6.11,0,35.0,0,1,0,2022-06-15
S108548,8.36,2,2.2,0,0,0,2022-12-13
S108549,8.46,1,10.7,0,0,0,09-23-2022
S108550,7.71,0,3.3,1,0,0,2023-05-13
S108551,7.69,1,13.1,1,0,1,2022/09/25 09:03:07
S108552,7.63,1,7.7,0,0,0,2023-05-09
S108553,6.11,0,9.3,1,2,0,2023-06-09
S108554,5.69,0,8.2,1,0,1,17/08/2022
S108555,10.0,3,3.7,0,0,1,02-27-2023
S108556,4.25,1,1.0,1,1,0,08/03/2023
S108557,7.51,2,10.6,0,1,0,29/08/2022
S108558,7.61,0,2.3,0,0,0,2022-08-02
S108559,5.87,1,3.2,1,1,0,2023-07-14
S108560,8.03,0,10.1,0,0,0,2023-01-16
S108561,4.76,0,4.3,0,1,0,2022-08-16
S108562,5.36,0,1.1,1,1,0,2022/05/15 21:47:46
S108563,7.61,0,4.1,1,2,0,16/08/2023
S108564,7.92,0,12.1,1,0,0,28/05/2023
S108565,10.0,2,1.0,0,0,0,2023-01-30
S108566,5.47,0,2.6,1,0,0,21/04/2022
S108567,8.52,1,1.5,1,1,0,09-07-2022
S108568,6.76,1,8.7,1,1,0,2023-03-03
S108569,7.64,1,9.6,0,0,0,2022-01-02
S108570,6.46,0,8.5,0,0,1,02/11/2021
S108571,6.85,1,1.0,1,1,0,2023-03-29
S108572,9.98,1,14.2,0,0,1,2021/08/16 18:13:35
S108573,6.77,0,,0,0,0,2021-09-24
S108574,3.5,1,2.2,0,1,0,2022-01-05
S108575,9.51,0,3.7,0,0,0,2022-02-12
S108576,7.54,0,14.6,1,1,0,2021-12-14
S108577,6.02,3,2.3,0,1,0,2021-12-20
S108578,8.27,1,,1,0,1,2023-05-15
S108579,5.16,1,12.9,1,0,1,06-07-2023
S108580,7.74,0,2.4,1,2,0,01-06-2022
S108581,7.74,0,8.5,0,0,1,2023-04-22
S108582,6.67,0,7.4,0,2,0,2022-09-25
S108583,9.19,0,3.9,0,3,0,2022-07-02
S108584,6.23,0,7.1,0,0,0,10/03/2023
S108585,7.11,0,15.3,0,1,0,2022-02-25
S108586,7.32,0,,0,2,0,2021-11-26
S108587,4.44,0,13.5,1,0,0,2023-05-19
S108588,7.16,0,3.0,0,0,1,12/03/2023
S108589,4.25,0,5.7,1,0,0,2021-09-17
S108590,6.8,0,5.1,0,0,1,31/01/2022
S108591,6.43,1,7.2,0,1,0,2022/09/05 22:14:32
S108592,7.8,0,5.5,0,0,0,2023-03-17
S108593,5.01,3,16.0,1,0,0,2022-10-31
S108594,6.59,0,10.7,0,0,0,2022-02-22
S108595,6.44,0,11.8,0,1,1,2022-01-29
S108596,8.61,0,8.5,1,1,0,2021-08-03
S108597,7.26,2,8.0,1,0,0,2021-09-24
S108598,7.3,0,10.7,1,1,0,22/10/2021
S108599,7.52,0,7.0,1,0,1,2021-07-10
S108600,5.47,0,1.0,1,0,1,2022-07-13
S108601,6.99,3,9.4,1,0,0,2023-06-29
S108602,6.84,0,1.0,0,0,0,2022-11-27
S108603,6.45,0,7.9,0,2,1,2023-08-28
S108604,7.57,1,5.0,0,0,1,2021-08-28
S108605,3.77,1,1.0,0,0,0,2023-05-08
S108606,5.42,0,14.3,0,0,0,11-01-2022
S108607,7.71,0,10.6,0,1,0,2022-09-02
S108608,7.36,1,6.3,1,0,0,15/01/2023
S108609,8.69,2,24.6,1,1,0,2021-07-18
S108610,6.77,2,,0,1,0,05/07/2021
S108611,5.01,0,3.9,0,0,1,2022-06-29
S108612,4.82,1,1.0,0,0,0,25/09/2021
S108613,4.37,0,1.5,1,1,0,2023-05-25
S108614,9.67,0,1.4,1,0,0,2022-06-08
S108615,7.22,0,1.5,0,1,2,2021-07-04
S108616,4.36,2,2.9,0,2,0,2023-04-14
S108617,3.5,0,4.8,0,0,0,2023-03-14
S108618,6.17,0,3.9,1,0,0,06-22-2023
S108619,5.43,0,8.2,0,0,0,2022-08-07
S108620,6.98,0,1.6,0,0,0,12/07/2021
S108621,7.86,0,1.9,0,0,0,2023-04-08
S108622,8.41,2,2.7,1,1,2,2022-02-02
S108623,6.83,0,1.5,0,0,0,2023-07-13
S108624,6.53,2,12.3,1,0,0,2023-01-22
S108625,6.63,1,1.4,1,0,0,2023-06-18
S108626,7.15,1,1.1,1,0,1,27/05/2022
S108627,8.54,1,6.3,0,1,0,2022-01-24
S108628,7.31,1,7.3,0,0,0,10/09/2022
S108629,6.71,0,8.1,1,1,0,30/07/2022
S108630,8.56,0,1.0,0,1,1,2023-06-25
S108631,8.31,1,9.2,0,2,0,02/06/2022
S108632,5.28,4,,0,1,0,2023-08-15
S108633,8.25,0,5.7,0,0,1,2022-11-21
S108634,5.25,1,1.0,1,0,1,2021-09-03
S108635,6.99,0,1.0,0,1,0,2021-09-19
S108636,6.47,1,1.6,1,0,0,02/03/2023
S108637,6.87,1,1.0,1,0,0,08-10-2021
S108638,5.94,2,6.6,1,0,2,2022-06-09
S108639,6.24,0,18.0,1,1,0,2021-10-10
S108640,7.08,0,3.5,0,0,1,2023-07-24
S108641,8.95,0,2.3,1,1,0,31/05/2023
S108642,5.02,0,10.8,0,0,1,2023-03-10
S108643,8.47,0,19.9,1,1,0,2023-06-27
S108644,7.87,1,3.4,1,2,0,09/02/2022
S108645,7.76,1,3.0,1,0,1,2022-05-07
S108646,8.08,1,4.3,1,1,0,2021/11/04 03:09:48
S108647,8.57,1,5.6,0,0,2,2022-06-20
S108648,7.75,0,9.2,0,0,0,2023/03/20 04:14:05
S108649,5.66,1,22.6,1,0,0,2022-06-15
S108650,6.72,1,1.0,1,1,1,2022-01-01
S108651,4.33,0,7.3,1,1,0,14/01/2022
S108652,8.84,1,1.0,1,1,1,27/10/2022
S108653,6.47,3,1.6,1,0,0,17/09/2021
S108654,4.83,0,1.6,1,0,0,2022-03-04
S108655,7.91,2,9.9,1,1,1,12-29-2022
S108656,8.15,1,6.3,1,0,0,2021-07-17
S108657,8.9,0,3.5,0,2,0,2023-02-12
S108658,6.64,0,5.6,0,0,0,2022-05-21
S108659,9.23,0,2.3,0,1,0,30/06/2023
S108660,5.94,1,7.7,0,0,1,12/01/2023
S108661,4.35,0,6.8,0,0,0,2022-08-28
S108662,4.13,1,1.0,1,1,1,2023-03-25
S108663,4.41,0,5.7,0,0,1,2022-04-09
S108664,6.13,2,2.0,1,1,0,2022-08-11
S108665,7.7,1,1.0,1,1,0,2022-10-28
S108666,5.71,0,1.0,0,1,0,15/12/2022
S108667,8.9,1,1.0,0,2,0,10/12/2021
S108668,7.26,0,3.9,0,0,0,10-07-2022
S108669,8.01,0,3.1,1,2,0,2022-02-05
S108670,6.41,1,2.2,0,1,0,2021-12-29
S108671,6.47,0,9.5,0,1,0,2022-03-26
S108672,5.67,1,1.0,1,1,1,06/10/2022
S108673,7.17,1,3.7,0,1,1,2021-09-19
S108674,6.35,0,3.9,1,0,0,01-24-2023
S108675,7.2,2,2.9,1,0,0,31/03/2023
S108676,7.04,0,1.6,0,2,0,2022-03-23
S108677,6.48,0,3.9,1,1,1,2021-10-11
S108678,7.7,2,2.7,0,0,0,03/12/2022
S108679,6.11,0,,1,2,0,17/09/2021
S108680,7.81,2,10.3,1,0,0,2022-03-22
S108681,6.61,1,1.0,1,0,0,2023-01-27
S108682,7.19,1,1.0,1,0,0,2023-07-17
S108683,8.47,2,1.0,0,1,1,15/09/2021
S108684,5.94,0,6.3,1,0,0,2023-05-12
S108685,4.82,0,14.1,0,2,0,2022-02-01
S108686,6.83,0,15.6,0,0,0,2023-03-19
S108687,8.08,0,2.1,1,1,1,09-19-2022
S108688,7.67,1,6.0,0,0,0,2023-08-20
S108689,8.81,2,3.4,1,0,1,08/04/2023
S108690,5.73,3,44.3,1,0,0,2022-07-17
S108691,6.32,0,5.5,1,0,0,2022-10-07
S108692,4.64,0,2.3,0,2,1,2023-02-01
S108693,6.35,0,4.0,0,0,0,2022-11-08
S108694,5.77,0,1.0,1,1,0,13/11/2022
S108695,8.03,0,2.5,1,0,0,2021-09-18
S108696,4.12,1,1.4,0,0,0,2023-01-15
S108697,5.74,1,13.2,0,2,1,2021-11-05
S108698,9.55,2,2.9,1,0,0,12/07/2023
S108699,5.38,0,2.0,0,0,0,2022-02-05
S108700,7.49,0,1.9,0,2,0,2023-01-09
S108701,8.18,0,9.7,1,0,1,2022-06-29
S108702,5.63,0,1.8,0,2,0,02-14-2023
S108703,5.92,0,8.1,0,1,0,2022-01-18
S108704,7.24,0,5.7,0,0,0,05/02/2023
S108705,7.72,0,1.4,0,0,1,2022-07-08
S108706,7.01,1,9.9,0,0,0,2022-04-06
S108707,7.28,1,16.7,0,2,1,2022-11-26
S108708,9.21,0,2.2,0,2,0,2022-06-12
S108709,7.3,1,10.7,1,1,0,15/09/2022
S108710,7.73,0,1.6,0,0,0,2021-09-10
S108711,5.38,0,2.2,0,0,0,2023-05-14
S108712,6.68,1,1.7,1,1,0,26/08/2023
S108713,7.29,2,18.5,1,4,3,2021-11-10
S108714,4.92,1,8.6,1,3,0,2022-06-30
S108715,9.12,1,7.2,0,0,0,05-12-2023
S108716,10.0,1,11.9,0,2,0,2023-07-29
S108717,5.2,0,3.9,1,0,0,29/09/2021
S108718,9.78,0,1.0,0,1,0,2021-09-07
S108719,8.22,2,4.1,1,0,0,2021-08-04
S108720,8.62,0,1.0,0,0,2,2022-04-30
S108721,7.98,1,10.0,0,1,1,07-09-2023
S108722,5.51,0,18.4,0,1,0,2021-09-16
S108723,5.37,2,1.0,1,1,0,2021-11-02
S108724,6.15,0,7.4,1,0,0,04/08/2021
S108725,7.56,2,2.7,1,1,1,2021-11-28
S108726,7.94,0,1.0,1,3,0,21/04/2023
S108727,6.06,1,9.0,1,0,0,2022-01-15
S108728,6.76,0,1.2,0,1,0,2021-09-30
S108729,7.53,2,1.0,0,0,0,2022-02-01
S108730,8.23,1,1.0,0,0,0,2023-08-23
S108731,7.6,0,1.0,0,1,0,04/02/2023
S108732,6.66,1,2.1,1,0,1,29/05/2023
S108733,5.96,0,16.3,1,0,0,21/05/2023
S108734,8.22,2,1.0,1,0,0,03-30-2023
S108735,9.07,0,1.8,0,1,0,2022-11-11
S108736,6.45,1,5.6,0,2,1,12-28-2021
S108737,6.88,0,1.4,1,0,0,08-23-2021
S108738,7.79,1,1.0,0,1,0,2022-05-10
S108739,6.56,0,10.0,0,0,0,2022-10-03
S108740,6.73,2,3.5,1,0,1,11/06/2023
S108741,4.47,2,5.5,1,0,0,2023-05-22
S108742,8.44,1,1.3,1,1,0,27/12/2021
S108743,8.07,0,6.6,1,1,0,2023-07-15
S108744,5.34,0,1.0,0,1,0,2021-12-20
S108745,8.39,0,2.3,0,1,0,2022-09-14
S108746,7.97,1,1.0,1,0,1,2021-12-14
S108747,5.47,1,13.7,1,1,0,2023-06-25
S108748,7.3,2,7.5,1,0,0,2022-04-11
S108749,7.6,1,2.1,0,0,0,2021-07-21
S108750,7.41,0,3.0,1,0,0,29/10/2021
S108751,8.71,0,1.0,0,0,0,2022-10-25
S108752,5.1,0,17.6,0,0,0,29/05/2022
S108753,5.19,0,1.0,0,2,0,2022-09-25
S108754,6.01,0,10.2,0,0,0,26/06/2023
S108755,5.21,2,6.6,1,0,0,04-30-2023
S108756,5.12,0,6.9,1,0,0,2021-07-27
S108757,6.37,0,3.5,1,0,0,06-04-2022
S108758,6.27,0,10.2,1,2,1,2021-10-18
S108759,6.11,3,22.0,1,1,0,2022-07-19
S108760,5.39,1,3.5,1,1,0,06-28-2023
S108761,7.03,0,1.0,0,0,1,2023-05-03
S108762,8.7,1,3.2,0,0,1,2023-03-25
S108763,7.25,0,11.7,0,2,0,2021-10-30
S108764,7.06,1,3.4,0,1,0,21/05/2022
S108765,7.31,1,1.8,1,0,1,07/07/2023
S108766,6.61,1,23.9,0,0,0,2023-03-19
S108767,9.48,1,1.0,1,0,0,2021/07/26 11:58:12
S108768,4.38,0,1.0,1,0,1,12/03/2022
S108769,9.45,3,3.3,0,0,0,05-30-2023
S108770,7.81,0,1.0,0,0,2,2022-05-03
S108771,4.59,0,1.0,1,0,3,17/11/2022
S108772,6.62,1,4.6,0,1,0,05-25-2022
S108773,7.58,0,11.4,0,1,0,2021-07-06
S108774,3.81,0,3.4,0,0,0,2022/11/17 21:45:11
S108775,5.52,0,5.6,0,0,0,2021-12-12
S108776,6.16,0,1.0,0,0,0,2021-08-27
S108777,5.02,1,3.6,1,0,0,07-17-2023
S108778,8.28,0,8.5,0,0,0,2021/07/18 16:32:42
S108779,6.21,0,17.9,0,0,1,2022-04-30
S108780,10.0,0,11.0,1,0,1,2023-06-20
S108781,7.44,0,1.0,0,0,0,14/11/2022
S108782,5.98,0,,1,1,0,01-18-2023
S108783,7.55,0,4.2,1,0,2,11/01/2023
S108784,8.64,1,2.2,0,1,1,21/01/2022
S108785,6.02,1,17.9,0,1,2,17/03/2023
S108786,6.09,0,1.9,1,0,1,2021-10-09
S108787,7.32,0,6.3,0,1,0,2023/08/03 11:29:37
S108788,4.97,0,4.3,0,0,2,2021-12-02
S108789,6.32,0,5.3,0,0,0,28/03/2022
S108790,6.23,1,8.7,1,0,1,2022-02-07
S108791,6.04,2,1.1,0,0,1,2021-11-06
S108792,4.88,1,4.7,0,0,1,14/08/2023
S108793,5.87,2,1.0,1,0,0,2021/11/22 10:26:50
S108794,7.99,1,4.2,0,3,1,23/08/2021
S108795,10.0,0,6.6,1,1,1,09/05/2023
S108796,5.14,0,7.4,0,0,1,2021-12-14
S108797,7.43,2,,1,0,0,06/10/2021
S108798,8.4,5,5.0,1,0,0,2023-04-14
S108799,5.13,0,11.4,1,0,0,2021-10-05
S108800,5.57,0,27.1,1,0,0,2021-07-31
S108801,4.76,0,25.5,1,0,2,19/08/2022
S108802,3.98,0,5.9,1,0,1,2023/05/14 00:10:18
S108803,7.36,0,11.1,0,0,0,16/12/2021
S108804,5.14,0,1.0,0,2,0,2022-06-11
S108805,6.03,2,2.3,0,2,0,2022-12-20
S108806,8.98,0,10.4,1,1,0,2021-07-26
S108807,6.21,1,10.8,0,2,1,2022-02-14
S108808,7.7,0,1.0,0,1,1,2023-04-01
S108809,7.82,1,11.5,0,0,0,11/06/2022
S108810,7.11,1,1.0,1,0,0,2022/06/13 13:27:50
S108811,5.84,1,10.7,1,1,2,2023-08-21
S108812,5.6,0,13.5,1,0,1,2022-07-28
S108813,6.43,2,2.8,1,0,0,10/06/2023
S108814,9.08,0,,0,1,0,15/04/2023
S108815,3.9,1,3.8,1,0,0,06-06-2022
S108816,6.05,2,10.5,1,2,0,2022-12-19
S108817,7.79,0,4.8,1,1,0,2023-01-23
S108818,6.51,0,1.3,1,2,0,2022/12/19 01:01:58
S108819,6.11,0,8.0,0,1,0,2023-03-28
S108820,6.97,1,1.5,0,0,0,12/10/2021
S108821,9.15,2,1.0,0,1,0,2022-12-12
S108822,5.77,1,5.8,0,0,0,2023-06-25
S108823,10.0,2,1.0,0,2,1,23/07/2023
S108824,8.09,1,6.2,1,0,1,2022-05-19
S108825,4.78,0,18.2,0,0,0,27/03/2023
S108826,10.0,0,1.0,0,3,0,2022-04-06
S108827,7.44,1,1.0,0,0,0,2023/01/06 07:15:10
S108828,6.14,1,5.3,0,0,0,2022-07-01
S108829,9.21,0,7.4,0,0,0,2021-12-01
S108830,6.11,0,9.4,1,0,1,2021-08-07
S108831,8.04,0,2.9,0,1,1,24/03/2023
S108832,6.49,1,3.0,1,0,0,27/10/2021
S108833,7.87,1,1.0,0,1,0,2021-07-10
S108834,8.68,1,5.1,1,0,0,2022-11-10
S108835,9.35,1,6.9,0,0,0,25/02/2023
S108836,9.03,1,1.5,0,0,1,16/11/2021
S108837,5.82,1,1.0,0,0,0,17/09/2021
S108838,8.18,4,,1,2,0,03/04/2023
S108839,6.28,0,3.7,0,0,0,2023-03-29
S108840,5.6,1,1.5,0,0,1,2023-04-12
S108841,7.51,1,4.2,1,0,1,2022-05-28
S108842,7.05,2,3.4,1,0,1,2023/06/21 15:50:06
S108843,8.4,0,18.8,1,1,0,2021-12-27
S108844,6.06,1,3.5,1,1,0,2022-10-18
S108845,8.18,0,4.2,0,0,1,07-15-2022
S108846,5.78,2,3.8,1,0,0,2021-08-19
S108847,4.65,1,5.2,0,1,1,04/09/2022
S108848,8.41,2,,0,0,0,28/01/2023
S108849,7.19,1,5.9,1,0,1,2022/01/05 09:52:00
S108850,8.83,0,2.7,0,1,0,2022-01-16
S108851,6.78,0,1.4,1,1,0,2021-09-06
S108852,6.75,0,3.8,0,1,0,02-23-2023
S108853,6.89,4,13.4,1,0,0,2021-11-17
S108854,8.05,1,10.4,1,0,0,2022-12-18
S108855,4.2,1,4.1,0,1,0,04/02/2022
S108856,7.14,1,9.0,1,0,1,2023-05-30
S108857,5.51,0,16.0,0,0,0,09-26-2021
S108858,6.69,1,,1,1,0,07/04/2022
S108859,6.49,0,1.0,1,1,0,2023-07-29
S108860,5.85,0,7.9,0,0,0,2021-11-01
S108861,7.21,0,1.4,0,2,0,2023-02-11
S108862,5.89,0,1.0,1,0,1,2022-02-22
S108863,5.79,0,8.6,1,0,0,28/09/2022
S108864,7.12,1,11.4,1,0,0,2023-03-06
S108865,8.55,0,1.3,1,0,0,2023-06-12
S108866,6.91,3,20.8,1,0,0,04-02-2023
S108867,5.66,1,7.3,1,0,0,2023-03-08
S108868,7.04,1,2.3,1,1,0,2022-09-22
S108869,7.87,2,2.5,1,0,0,2022/01/13 17:12:58
S108870,4.92,1,1.6,1,0,0,2023-01-22
S108871,4.88,1,4.4,1,0,0,07-16-2023
S108872,7.44,1,1.0,1,1,1,27/02/2022
S108873,8.62,0,2.6,0,1,0,26/08/2022
S108874,7.3,0,14.3,1,0,0,08/08/2021
S108875,7.93,0,,0,0,0,2021-11-04
S108876,6.36,2,7.4,0,0,0,18/02/2022
S108877,7.34,1,5.5,0,0,1,20/01/2023
S108878,8.37,0,1.7,1,0,0,2022-12-16
S108879,7.89,0,1.0,1,1,0,2021-09-24
S108880,8.3,1,7.3,1,1,0,10-21-2022
S108881,7.13,3,4.3,1,0,0,2021-10-18
S108882,7.42,0,1.0,1,1,1,11-14-2021
S108883,6.96,0,1.0,0,1,1,24/12/2021
S108884,5.35,2,5.5,0,2,2,2023-01-13
S108885,4.88,3,8.4,1,1,0,2021-11-27
S108886,9.43,2,1.0,1,1,1,2022-10-25
S108887,6.01,2,1.0,1,0,0,2022-07-30
S108888,7.86,1,3.8,0,0,0,2022-10-18
S108889,5.46,1,8.7,1,0,0,28/02/2022
S108890,6.18,2,5.3,0,0,1,27/03/2023
S108891,6.27,1,,0,0,1,22/02/2023
S108892,7.23,1,,1,1,0,05/12/2022
S108893,9.87,0,22.7,0,3,1,2023-06-16
S108894,8.9,0,11.8,0,0,0,29/06/2023
S108895,6.42,0,3.9,0,1,0,2021-12-29
S108896,8.5,0,3.1,1,0,0,2023-02-11
S108897,6.85,2,4.9,0,1,0,2023-08-04
S108898,6.14,0,11.3,0,0,0,2023-07-18
S108899,6.5,0,15.8,0,0,1,2022-03-03
S108900,7.34,0,3.6,1,0,0,2023-01-31
S108901,7.02,1,2.6,1,0,0,2021-11-08
S108902,5.75,1,13.0,1,0,1,2021/09/13 00:42:33
S108903,7.04,1,1.0,1,0,0,2022-10-13
S108904,7.29,1,2.0,1,3,0,20/05/2022
S108905,5.29,1,1.5,1,0,0,2022-09-22
S108906,5.31,2,1.0,1,1,0,2021-12-10
S108907,8.31,1,2.1,0,0,0,2023-01-19
S108908,5.56,0,3.1,1,0,0,2022-11-21
S108909,6.84,0,6.1,0,0,0,21/04/2022
S108910,6.14,1,4.4,0,0,0,2023-08-26
S108911,7.53,0,9.5,0,0,0,2022-03-27
S108912,7.73,1,,1,0,0,2022-03-08
S108913,9.01,0,1.0,1,0,0,2022-04-17
S108914,7.26,0,1.0,0,1,1,12/08/2022
S108915,6.54,1,3.8,0,1,0,2022-02-02
S108916,7.49,1,1.0,1,1,0,2023-04-12
S108917,6.7,0,6.8,0,2,1,2023-08-08
S108918,3.5,2,7.2,1,0,0,2021-10-19
S108919,6.27,0,,1,1,0,2021-08-25
S108920,6.53,0,1.0,0,0,0,2022-10-24
S108921,8.02,1,1.0,1,1,0,2021-10-24
S108922,8.86,0,3.1,0,0,0,26/12/2022
S108923,7.73,0,,0,1,0,11/03/2023
S108924,8.0,1,,1,0,1,2023-06-29
S108925,7.66,0,3.0,1,0,0,2021-11-27
S108926,9.8,0,13.5,1,1,0,2023-06-02
S108927,7.35,2,7.9,1,0,0,08/04/2023
S108928,7.27,0,1.0,0,0,0,2021-07-10
S108929,9.22,1,8.5,1,1,1,11-01-2021
S108930,7.68,0,3.7,0,1,0,2022-10-03
S108931,6.75,1,,1,1,0,2022-05-28
S108932,5.69,1,7.1,0,1,1,12/03/2023
S108933,7.42,0,2.3,0,0,0,2022-11-27
S108934,9.27,0,1.8,0,2,1,2021-12-04
S108935,7.06,0,7.4,0,1,0,2022-01-25
S108936,7.71,0,9.5,1,0,0,2023-03-12
S108937,4.39,0,1.2,1,0,0,28/07/2021
S108938,5.59,0,7.3,1,0,0,10/10/2021
S108939,5.4,0,3.2,1,1,1,2022-10-13
S108940,7.66,0,1.0,1,0,0,2023-05-18
S108941,5.15,2,15.2,1,0,0,2023-02-12
S108942,5.23,0,2.0,0,0,0,20/02/2023
S108943,7.89,1,1.0,1,1,1,2023-02-12
S108944,6.96,0,1.0,1,0,0,2022-04-21
S108945,9.95,1,3.5,0,1,0,2023-02-17
S108946,9.5,2,1.2,0,2,0,2021-08-29
S108947,9.34,0,9.2,0,1,1,02/08/2021
S108948,8.72,0,1.0,1,0,0,26/06/2022
S108949,7.58,0,1.0,0,0,0,2021-10-29
S108950,3.89,1,9.7,0,2,0,12/10/2022
S108951,5.47,0,10.2,0,0,0,2022-12-24
S108952,7.09,1,5.4,0,1,0,2022-04-30
S108953,5.39,1,9.1,0,0,0,2023-08-29
S108954,6.62,0,4.3,1,1,0,2021-11-02
S108955,7.65,0,6.0,1,1,0,03/12/2022
S108956,5.82,2,7.2,1,0,0,12-04-2021
S108957,5.62,1,3.7,1,0,0,2023-03-21
S108958,6.53,1,1.0,1,2,1,2022-02-05
S108959,6.83,1,1.9,0,0,0,2021-12-08
S108960,7.63,1,8.5,1,1,0,21/03/2022
S108961,9.41,2,1.0,0,1,0,26/02/2022
S108962,8.66,0,1.5,0,0,0,2023-03-24
S108963,7.95,1,1.0,1,0,0,29/04/2022
S108964,6.58,0,4.6,1,0,0,15/08/2022
S108965,6.85,1,1.6,1,0,0,2022-07-27
S108966,6.68,2,1.0,0,2,1,2023-06-02
S108967,8.63,0,7.2,1,2,0,17/11/2021
S108968,7.29,1,14.4,0,0,0,2021-09-12
S108969,4.8,1,1.9,1,2,0,2021-09-06
S108970,4.43,1,1.1,1,1,1,2021-07-19
S108971,6.45,1,1.9,1,4,0,2022-01-16
S108972,6.57,1,10.5,0,0,1,27/08/2022
S108973,8.61,1,7.5,1,0,1,2022-08-20
S108974,6.51,2,,1,1,0,2023-01-06
S108975,6.79,1,1.0,1,0,0,2021-08-07
S108976,6.63,0,10.8,1,0,0,30/12/2021
S108977,6.68,3,,0,1,0,2023-04-21
S108978,8.16,0,9.0,0,1,1,2021-09-04
S108979,8.76,0,7.4,1,2,1,2022-07-29
S108980,8.3,3,5.0,1,2,1,04/05/2023
S108981,8.61,2,12.6,1,0,0,03-11-2022
S108982,9.24,2,5.3,0,0,0,04-08-2022
S108983,9.72,0,1.1,1,0,0,2022-10-14
S108984,7.99,2,2.2,1,1,0,28/02/2023
S108985,6.46,1,4.0,1,0,1,2021-08-23
S108986,9.61,0,15.0,0,1,0,19/11/2021
S108987,5.44,0,13.9,1,0,1,2021-10-11
S108988,6.98,0,4.1,1,0,0,22/11/2022
S108989,7.5,1,7.1,1,1,1,2022-09-05
S108990,8.85,0,5.6,1,1,0,12-22-2022
S108991,5.66,2,1.0,1,3,0,22/07/2021
S108992,7.42,1,8.1,0,0,0,2023-04-24
S108993,6.08,1,1.0,0,1,0,02-13-2023
S108994,6.65,1,5.6,1,1,0,2022-12-04
S108995,3.77,1,1.3,1,1,0,2022/05/10 08:18:54
S108996,7.35,1,1.0,1,0,0,06/04/2022
S108997,6.36,0,10.7,1,0,1,2022/01/19 08:15:30
S108998,7.62,0,4.0,1,0,1,2023-03-14
S108999,6.49,0,10.7,1,0,1,2021-08-15
S109000,7.75,0,1.5,0,0,0,21/06/2023
S109001,6.62,0,2.5,0,0,1,08-01-2023
S109002,9.25,2,5.5,1,3,1,2022-02-21
S109003,7.83,1,1.0,0,1,0,2022-12-12
S109004,7.18,2,1.6,1,0,0,2022-11-14
S109005,7.6,2,9.4,1,1,0,02-16-2023
S109006,5.27,2,,1,0,0,27/06/2022
S109007,4.98,1,4.1,1,0,0,2022-09-20
S109008,7.45,2,3.1,0,1,0,2022-10-12
S109009,8.34,2,4.4,1,1,0,2021-09-10
S109010,5.54,0,2.9,0,0,1,2022-12-23
S109011,8.01,1,8.0,0,1,0,04/02/2023
S109012,9.35,0,5.0,0,0,0,2022-11-12
S109013,9.37,0,1.0,1,1,0,19/07/2023
S109014,7.73,0,3.7,1,2,0,01-18-2023
S109015,6.96,3,19.6,1,1,1,2023-07-22
S109016,7.63,0,4.7,0,0,0,2021-12-07
S109017,8.64,0,8.6,1,2,0,09/08/2022
S109018,8.37,0,7.8,0,0,0,2022-07-14
S109019,6.96,2,1.0,1,0,0,12-15-2022
S109020,7.39,0,,1,0,0,2021-10-17
S109021,8.57,0,1.0,1,1,0,31/12/2022
S109022,6.58,0,4.9,0,1,0,2022-06-04
S109023,3.97,2,10.7,0,2,0,2023-05-23
S109024,5.82,1,1.0,1,1,0,2021-09-06
S109025,7.43,1,1.5,0,1,2,2022/02/20 15:46:28
S109026,6.65,2,3.0,1,1,0,2021/11/11 11:32:46
S109027,6.44,0,3.9,1,0,1,2023-04-20
S109028,7.14,0,23.9,0,0,1,2022-04-15
S109029,9.15,0,4.0,1,1,0,2022-03-14
S109030,8.84,0,2.5,0,0,0,2022-01-15
S109031,5.71,3,14.9,1,1,3,21/11/2022
S109032,4.03,0,1.5,0,0,2,2021-09-07
S109033,7.58,1,2.1,1,1,0,03/03/2022
S109034,5.39,0,3.3,0,0,0,11/02/2023
S109035,7.99,1,3.0,0,0,0,2022-07-08
S109036,9.92,0,11.3,0,1,1,03/06/2023
S109037,7.92,1,7.7,1,0,0,2022-06-15
S109038,6.92,0,1.0,1,1,2,2022-06-29
S109039,6.01,1,9.8,1,1,0,07/11/2021
S109040,4.97,1,15.7,0,1,0,2022-01-13
S109041,8.39,3,3.2,0,0,0,2023-07-05
S109042,7.76,0,1.0,1,1,0,11-27-2021
S109043,9.32,0,10.6,1,1,0,02/05/2023
S109044,10.0,1,3.3,0,1,0,2023-02-14
S109045,7.82,1,1.3,0,1,1,02/10/2022
S109046,6.99,0,7.6,0,1,0,2023-08-18
S109047,7.12,2,1.0,1,0,0,2021/11/05 01:27:21
S109048,5.02,0,14.6,1,0,0,2023-03-21
S109049,4.59,0,4.1,1,0,0,29/12/2022
S109050,7.5,0,1.0,0,1,0,15/02/2023
S109051,7.22,1,3.7,0,0,0,2021-07-17
S109052,6.07,0,10.7,0,0,0,02/06/2022
S109053,7.53,1,1.5,0,1,0,07-09-2023
S109054,4.77,3,1.4,1,0,0,15/09/2021
S109055,6.01,0,1.0,0,0,0,2021-09-17
S109056,8.14,0,9.6,0,1,0,2022-07-27
S109057,6.03,1,1.2,1,1,1,06-13-2023
S109058,4.83,0,1.0,1,2,0,2023-05-08
S109059,6.92,1,3.6,0,1,0,15/08/2022
S109060,7.31,0,16.0,0,1,3,2023-02-19
S109061,7.03,2,5.0,1,1,0,2021-11-18
S109062,8.82,1,2.8,1,1,3,2021-08-07
S109063,9.55,0,1.0,1,2,0,2022/09/01 09:20:53
S109064,7.43,1,16.2,0,1,0,03/07/2021
S109065,7.53,0,3.4,0,1,2,2022-10-04
S109066,7.07,1,1.0,0,1,1,11-28-2022
S109067,7.49,0,6.8,0,2,0,2023-08-14
S109068,6.58,1,1.0,1,1,0,28/01/2023
S109069,6.86,2,2.1,1,0,0,2021-10-08
S109070,8.17,1,3.2,0,2,0,03-19-2022
S109071,6.78,0,4.3,0,0,1,2021-11-03
S109072,8.62,2,4.7,1,0,0,10/04/2023
S109073,8.39,1,1.4,1,0,1,2022-10-12
S109074,4.72,1,2.7,0,0,1,2023-05-02
S109075,8.25,1,5.3,1,0,0,2021-09-15
S109076,8.08,0,12.9,1,1,0,06-24-2023
S109077,8.17,0,3.5,0,0,0,2021-10-24
S109078,6.41,0,1.0,0,0,0,17/10/2021
S109079,7.37,1,1.3,1,2,0,2022-11-02
S109080,7.28,1,2.8,1,1,1,2023-08-07
S109081,8.03,2,4.9,1,0,0,2021-12-23
S109082,8.57,0,,0,1,0,03/02/2023
S109083,8.04,1,7.5,1,0,2,02/12/2022
S109084,7.84,1,4.8,0,0,0,2022/12/01 00:51:43
S109085,4.2,0,1.9,0,0,0,11-26-2021
S109086,6.53,0,2.5,1,1,1,2023-02-23
S109087,7.41,0,1.0,0,2,1,07/02/2022
S109088,5.4,2,6.2,0,0,0,2021-09-21
S109089,6.2,1,4.9,1,1,0,08-15-2022
S109090,5.33,0,17.1,1,1,0,2023-01-25
S109091,7.55,0,11.5,0,2,0,28/04/2022
S109092,9.92,1,4.2,1,0,1,2022-11-29
S109093,5.61,1,9.7,0,0,0,2022-12-11
S109094,8.74,0,,0,1,0,2021-11-30
S109095,6.49,1,3.8,1,0,1,2023-01-08
S109096,8.71,0,2.2,0,0,0,2023-05-25
S109097,7.73,0,1.0,0,0,0,12/10/2021
S109098,8.09,0,6.5,0,0,1,30/08/2022
S109099,9.15,1,9.7,1,0,0,2022-12-29
S109100,5.92,2,1.0,1,1,0,2022-11-04
S109101,7.3,0,6.0,0,0,0,2022-08-20
S109102,7.56,0,1.0,0,0,0,09-03-2021
S109103,4.39,0,1.0,1,0,0,2021-08-28
S109104,8.24,0,4.5,1,1,0,2023-05-13
S109105,7.7,3,8.7,1,0,1,2023-02-18
S109106,6.16,0,1.0,0,0,0,2021-08-17
S109107,7.87,0,1.0,1,0,0,2021-09-15
S109108,4.27,0,2.6,0,1,0,2023-05-09
S109109,6.73,1,5.0,0,1,0,2023-05-21
S109110,5.79,1,5.3,1,1,0,2021-09-15
S109111,5.05,0,5.1,1,0,0,2021-10-24
S109112,6.83,0,1.0,0,0,0,29/05/2023
S109113,7.53,2,1.0,1,0,3,2023-04-12
S109114,9.26,0,16.3,0,1,0,2021-12-10
S109115,7.07,0,2.4,0,4,0,2023-05-19
S109116,6.55,0,4.2,0,2,1,10-07-2021
S109117,8.61,0,10.6,1,0,0,07/06/2023
S109118,7.38,0,6.5,1,1,0,07/02/2023
S109119,7.11,0,5.1,1,1,0,2022-12-30
S109120,6.96,1,6.1,1,0,0,2022-04-12
S109121,6.77,2,13.2,1,0,0,2022-02-14
S109122,6.27,0,8.6,1,0,1,2021-11-10
S109123,5.43,0,2.7,0,2,0,2023-02-01
S109124,6.94,2,1.0,1,0,0,03-27-2023
S109125,8.34,0,13.2,0,0,0,02-27-2022
S109126,7.95,0,1.0,1,3,1,2022-07-20
S109127,8.58,3,2.5,0,1,1,2023-02-05
S109128,3.5,1,17.1,1,3,0,2023-04-24
S109129,7.55,1,9.4,0,0,1,2021-11-29
S109130,8.53,0,2.2,0,0,0,06-23-2023
S109131,6.09,1,4.0,0,0,1,2022-02-02
S109132,8.49,0,1.6,1,1,0,2022/05/19 10:49:58
S109133,6.85,0,1.0,0,0,0,2023-03-09
S109134,4.15,1,14.2,1,0,0,2022-12-22
S109135,6.57,0,2.6,0,0,0,2022-09-20
S109136,7.38,0,4.0,1,2,0,31/03/2022
S109137,4.97,2,17.0,0,1,0,2023-07-29
S109138,6.54,1,3.3,1,1,0,2022-02-18
S109139,5.0,2,1.0,1,1,0,2022-02-02
S109140,8.47,0,7.8,1,2,0,2022-12-07
S109141,7.16,1,1.6,1,0,0,2021-08-26
S109142,4.53,1,3.6,1,2,0,2023-02-26
S109143,8.18,0,5.5,1,2,1,05/09/2022
S109144,7.82,0,6.0,0,0,1,23/04/2023
S109145,7.62,1,2.4,0,3,1,2022-03-02
S109146,6.77,1,4.4,0,0,0,27/03/2022
S109147,7.94,2,7.3,0,0,0,2021-08-12
S109148,6.78,1,4.7,1,0,0,23/11/2021
S109149,4.43,0,14.7,0,3,0,2022-07-29
S109150,6.36,1,1.0,0,1,0,2022-06-21
S109151,7.45,2,6.5,1,1,0,2023-07-25
S109152,6.75,1,9.6,0,1,1,12/03/2023
S109153,6.28,0,1.0,0,1,0,2021-10-18
S109154,9.1,0,1.9,0,0,1,2022-06-27
S109155,6.03,1,2.3,1,1,0,2022-05-01
S109156,6.62,0,2.7,0,0,0,2022-12-10
S109157,6.17,0,4.7,0,0,0,20/04/2022
S109158,7.93,1,8.5,0,2,0,2023-02-03
S109159,7.5,3,1.0,1,0,0,03-08-2022
S109160,6.52,0,1.4,1,0,0,2022-10-26
S109161,7.0,0,8.4,1,0,1,2022-02-25
S109162,6.63,1,1.8,1,0,2,18/07/2023
S109163,7.22,0,1.2,1,0,0,19/11/2021
S109164,7.79,0,11.0,0,3,0,2022-10-20
S109165,4.12,0,13.5,0,0,0,2022-02-21
S109166,8.37,0,9.3,0,0,1,19/03/2023
S109167,4.06,2,6.8,1,0,0,2022-04-18
S109168,7.69,2,1.8,1,0,0,17/03/2023
S109169,5.46,0,7.7,1,2,2,2021-10-02
S109170,6.7,1,23.6,0,0,0,05-11-2022
S109171,7.12,0,1.9,0,0,1,2022-03-28
S109172,7.66,2,10.4,1,1,1,2023-04-06
S109173,8.52,1,7.6,1,0,1,2021-07-12
S109174,6.07,0,1.0,1,0,0,2021/09/27 16:10:34
S109175,6.75,1,9.3,1,0,0,08/04/2023
S109176,5.85,0,31.5,0,0,0,2022-01-01
S109177,7.47,0,9.4,0,3,0,2023-05-05
S109178,6.5,1,14.4,0,0,0,2022-08-13
S109179,6.89,1,4.0,0,1,0,2023-06-04
S109180,10.0,0,2.7,0,0,1,2023-05-31
S109181,4.72,0,6.9,1,2,0,2022-04-21
S109182,8.65,1,7.9,1,0,0,2022-11-16
S109183,7.95,1,5.2,1,0,0,2022-05-09
S109184,5.73,0,1.0,1,0,1,20/08/2022
S109185,7.14,0,14.9,1,3,0,2022-06-11
S109186,6.74,1,15.4,0,2,0,2023-08-12
S109187,4.49,2,1.0,0,1,0,2021-10-22
S109188,6.98,0,2.2,0,0,0,01/09/2021
S109189,5.89,0,5.5,0,1,2,14/11/2021
S109190,8.85,0,1.7,1,0,0,29/07/2021
S109191,6.16,1,,0,0,2,2022-04-21
S109192,4.96,0,1.1,1,1,0,2022-07-30
S109193,7.69,2,4.3,0,2,0,12-29-2021
S109194,7.47,1,1.7,1,0,0,2023-04-15
S109195,6.64,0,6.2,0,2,1,2023-01-13
S109196,5.39,0,3.7,0,1,0,23/06/2023
S109197,7.69,0,,0,0,1,2023-06-28
S109198,6.79,1,19.3,1,1,1,2022-09-05
S109199,9.23,0,7.9,0,0,2,2022-08-20
S109200,7.11,0,8.4,0,1,1,2023-07-20
S109201,7.37,3,5.4,0,0,0,2023-05-05
S109202,5.06,0,1.6,1,1,0,2023-01-16
S109203,8.09,1,20.3,1,1,0,08-20-2023
S109204,9.38,0,4.5,1,1,1,2023-08-20
S109205,7.18,0,3.3,0,0,0,2021-07-20
S109206,7.98,2,2.8,1,1,0,2023-06-10
S109207,4.72,0,6.1,1,0,0,13/08/2021
S109208,9.26,0,4.6,0,0,0,2022-04-14
S109209,8.15,0,1.0,1,0,0,19/07/2023
S109210,8.62,2,3.1,0,0,0,02/10/2021
S109211,6.59,0,6.3,0,0,1,14/07/2021
S109212,4.54,0,4.5,0,0,1,2023-04-02
S109213,6.01,0,5.8,1,1,0,19/06/2023
S109214,7.01,0,10.0,1,0,0,2023-01-28
S109215,6.22,2,1.0,1,1,0,2023-05-21
S109216,7.89,2,4.4,1,1,2,2022-03-22
S109217,8.11,1,1.0,1,1,0,02-11-2023
S109218,6.57,2,1.0,1,0,0,2021-10-24
S109219,4.41,0,11.7,1,0,0,07/07/2021
S109220,5.57,0,3.9,1,0,0,2022-11-19
S109221,7.32,1,1.0,1,0,0,2022-07-20
S109222,5.7,1,2.9,0,1,2,07/08/2023
S109223,8.94,1,4.1,1,3,0,2022-10-12
S109224,6.13,1,9.1,1,1,0,01/01/2022
S109225,6.32,1,12.0,1,0,1,26/06/2023
S109226,7.04,0,2.0,1,1,0,2022-02-11
S109227,6.18,0,4.8,1,0,0,2023-04-25
S109228,4.18,0,1.0,1,1,1,2023-04-10
S109229,4.5,0,2.9,1,0,0,2023-01-30
S109230,6.61,0,6.5,0,0,0,2022-03-20
S109231,5.81,0,3.1,1,0,0,2021-07-18
S109232,6.07,2,1.0,0,1,0,09-13-2022
S109233,6.58,0,5.9,0,0,0,2022-01-28
S109234,8.31,1,3.5,1,1,0,13/11/2021
S109235,8.26,1,11.8,1,2,0,2023-05-25
S109236,7.81,0,2.3,1,1,0,2023-08-01
S109237,6.92,0,2.8,1,1,1,2023-02-16
S109238,5.86,1,1.0,0,0,0,12/05/2022
S109239,7.82,0,,0,0,0,2021-09-22
S109240,8.36,1,6.1,1,4,1,09/03/2023
S109241,8.95,0,1.7,0,0,0,2022-02-28
S109242,5.47,1,4.3,1,0,0,2022-10-27
S109243,4.35,2,8.2,1,0,0,2023-03-11
S109244,6.03,2,1.0,0,1,0,2023-01-18
S109245,3.5,1,14.4,0,2,1,2022-09-21
S109246,4.0,1,1.0,0,0,0,19/06/2023
S109247,8.07,0,1.7,0,1,1,08-21-2021
S109248,6.71,0,18.5,0,0,1,12/03/2022
S109249,7.89,0,1.0,0,0,0,06/08/2021
S109250,7.46,0,13.6,0,0,0,03-30-2022
S109251,4.97,0,10.1,1,0,0,03-18-2023
S109252,4.89,0,11.3,1,1,0,2021-10-17
S109253,6.74,0,2.5,1,1,0,2022-07-24
S109254,4.6,1,1.0,1,0,0,2023-07-07
S109255,5.92,1,9.2,1,1,0,2021-11-19
S109256,6.13,0,9.1,0,0,0,07-13-2023
S109257,7.71,0,5.1,1,0,2,2023-06-10
S109258,6.64,0,2.0,1,0,0,27/09/2022
S109259,8.12,2,1.2,0,0,1,17/10/2022
S109260,6.57,0,9.3,1,1,0,2022-09-19
S109261,5.58,0,1.5,1,1,0,2023-06-05
S109262,6.07,1,1.0,1,0,0,2021-07-16
S109263,10.0,0,19.5,0,0,1,2022-06-30
S109264,7.69,0,1.0,0,1,0,2022-11-08
S109265,8.05,1,1.1,0,0,1,2021-08-09
S109266,7.99,0,1.0,0,0,0,2022-05-03
S109267,8.64,1,1.9,1,1,1,2021-10-18
S109268,6.67,0,1.2,1,0,0,2022-08-22
S109269,5.74,0,2.4,1,1,0,2022-03-08
S109270,8.32,0,3.2,0,0,0,08-13-2021
S109271,6.99,0,1.7,1,0,0,2023-08-21
S109272,8.4,1,5.5,1,0,0,03-23-2022
S109273,5.87,1,3.1,1,0,0,13/12/2022
S109274,6.49,1,10.0,0,1,0,26/03/2022
S109275,5.77,3,14.3,1,1,0,2021-12-06
S109276,7.18,2,8.6,1,1,0,2022-08-13
S109277,6.89,0,6.1,1,1,0,2021-12-19
S109278,7.93,2,9.9,1,0,0,2023-02-04
S109279,8.26,0,4.8,0,0,1,11-11-2022
S109280,7.56,0,1.9,0,1,0,2021-07-22
S109281,4.42,3,9.5,1,1,1,2022/02/28 22:38:21
S109282,5.04,1,5.7,1,1,0,14/07/2022
S109283,8.9,0,1.0,0,0,1,2023-01-13
S109284,7.92,0,5.9,1,0,0,11/11/2021
S109285,5.68,0,4.8,0,0,0,2023-05-05
S109286,6.58,0,8.6,0,1,0,2021-10-21
S109287,6.69,1,2.1,0,0,0,2022-07-09
S109288,6.17,0,6.9,0,1,0,06-11-2022
S109289,7.15,0,10.3,1,0,0,2022-07-15
S109290,6.86,3,4.0,1,1,0,28/09/2021
S109291,7.41,0,,0,0,0,2021-07-04
S109292,8.18,0,34.6,0,0,0,2022-11-22
S109293,5.72,0,1.0,0,1,0,2022-02-08
S109294,5.48,1,7.7,1,2,0,2021-07-13
S109295,6.4,0,1.0,1,0,0,2021-08-10
S109296,4.63,0,2.0,0,0,0,2023-05-13
S109297,6.23,1,1.0,1,1,0,27/06/2023
S109298,8.12,0,7.1,0,0,0,2021-10-26
S109299,7.1,1,5.8,1,3,0,2023/07/12 13:18:13
S109300,8.23,2,6.2,1,0,0,2022-09-25
S109301,7.92,1,1.0,1,1,0,2023-04-21
S109302,7.08,0,15.6,0,0,1,2022-01-05
S109303,5.85,1,4.1,0,2,0,2022-06-29
S109304,6.62,0,1.0,1,1,0,06-05-2022
S109305,5.0,0,6.5,0,1,0,20/12/2022
S109306,6.19,0,,1,0,0,11/07/2022
S109307,4.51,0,11.7,1,1,0,09-12-2022
S109308,5.72,0,3.7,0,1,1,16/08/2023
S109309,7.95,0,,0,0,0,25/05/2022
S109310,8.94,1,11.9,1,0,0,29/08/2023
S109311,4.95,0,19.6,0,0,0,2022-10-17
S109312,8.4,1,13.1,0,0,0,2021-11-02
S109313,6.55,2,1.6,0,2,1,10/04/2023
S109314,5.97,2,3.2,0,1,0,2023-01-16
S109315,8.15,1,11.7,1,0,1,04-12-2023
S109316,5.75,0,9.9,0,0,0,2023-05-29
S109317,8.31,2,11.9,0,1,0,08-04-2023
S109318,6.7,3,1.0,1,1,0,2022-01-22
S109319,7.05,0,1.6,0,2,0,2022-10-21
S109320,8.82,0,1.5,0,1,0,2021-09-06
S109321,6.41,0,8.0,0,1,0,06-16-2023
S109322,4.99,0,3.2,0,0,0,2023-05-11
S109323,8.69,4,2.0,1,1,0,31/05/2022
S109324,5.01,0,5.1,1,0,0,17/09/2022
S109325,8.04,1,4.0,1,2,0,2022-02-03
S109326,5.34,0,2.0,1,1,0,2023/02/26 12:47:01
S109327,6.47,2,2.1,1,1,0,2021-12-16
S109328,8.1,1,1.0,1,1,0,07/03/2022
S109329,7.19,0,6.2,0,0,0,2022-06-04
S109330,8.73,1,13.7,0,1,1,2023-05-23
S109331,6.16,2,4.6,1,0,0,2023-01-28
S109332,5.52,0,3.8,1,2,0,22/09/2021
S109333,8.66,0,3.1,0,0,0,06-23-2023
S109334,5.63,0,2.3,0,1,2,2023-04-14
S109335,5.45,0,1.9,1,1,0,2022-01-09
S109336,6.35,3,1.0,0,0,0,2021/11/24 00:11:27
S109337,8.4,0,1.0,0,1,1,2023-04-22
S109338,7.49,0,1.0,0,0,0,2023-05-21
S109339,6.24,1,2.3,0,0,0,2022-01-08
S109340,5.0,2,5.1,0,0,0,2021-08-24
S109341,6.54,1,3.5,1,1,0,29/04/2023
S109342,8.5,1,4.3,1,0,0,03-03-2022
S109343,4.27,1,4.7,0,0,0,2021-12-27
S109344,7.94,0,14.1,0,0,0,10/07/2023
S109345,6.63,0,7.2,0,0,1,19/04/2023
S109346,8.75,0,8.9,0,0,2,2021-07-02
S109347,4.51,1,1.0,0,0,0,2022-11-23
S109348,7.09,1,3.4,1,0,1,06/01/2023
S109349,7.42,0,1.2,0,0,0,2022-06-20
S109350,5.95,1,2.6,0,1,2,2022-11-16
S109351,7.91,0,18.1,1,1,0,01-10-2022
S109352,6.43,2,4.9,1,1,0,20/12/2021
S109353,7.16,1,1.5,0,1,0,2022/08/28 18:12:33
S109354,7.5,0,5.2,0,0,0,2022-08-18
S109355,5.0,0,1.8,1,0,0,16/07/2022
S109356,7.52,1,36.3,1,0,0,29/06/2023
S109357,4.83,1,8.3,1,0,0,2023/04/19 04:02:54
S109358,8.88,1,7.3,1,1,0,05-07-2023
S109359,7.29,2,1.7,1,0,2,2022/07/18 02:58:03
S109360,8.14,0,2.7,1,1,0,2022/02/16 02:30:16
S109361,7.41,0,1.0,1,0,0,2021-09-28
S109362,7.1,0,9.3,0,1,0,06/12/2021
S109363,6.32,1,9.7,1,1,1,2023-05-23
S109364,6.62,3,3.4,1,1,1,17/12/2022
S109365,8.4,1,2.3,1,2,0,2021/09/30 13:59:58
S109366,6.48,0,1.0,0,0,0,2023-02-08
S109367,7.05,0,8.4,1,0,1,2021-08-13
S109368,7.93,0,13.7,0,1,1,30/11/2022
S109369,8.35,3,7.8,1,1,1,2022-06-22
S109370,6.02,1,10.6,1,2,0,2022-11-12
S109371,7.59,3,3.2,1,0,0,2022-01-10
S109372,7.6,1,21.1,0,0,2,2023-08-15
S109373,7.06,1,15.2,0,0,0,15/04/2022
S109374,6.6,0,3.5,0,0,0,2022-09-10
S109375,5.16,2,5.6,1,0,0,2022-12-08
S109376,8.38,1,2.0,0,1,0,2023/04/27 15:03:28
S109377,5.45,0,11.2,1,0,0,09/06/2022
S109378,6.06,1,7.1,0,0,1,2021-07-01
S109379,9.03,1,15.5,0,1,0,2022-09-24
S109380,8.16,0,11.4,1,1,0,14/07/2021
S109381,8.84,0,5.8,0,0,0,2021-07-29
S109382,6.91,2,3.5,1,0,0,03/06/2023
S109383,6.89,2,4.0,1,1,0,29/08/2021
S109384,7.22,1,2.9,1,1,0,2022-03-18
S109385,8.0,0,3.6,1,1,0,07-22-2021
S109386,5.52,1,2.6,1,0,1,2022-10-18
S109387,8.31,0,5.0,0,0,0,2022-06-30
S109388,8.43,2,1.0,1,0,1,2021/09/26 13:42:49
S109389,8.78,1,8.2,0,2,1,2021-09-18
S109390,5.67,0,5.4,0,2,0,12/04/2023
S109391,9.43,1,2.1,0,0,0,09/01/2022
S109392,6.98,0,3.0,1,0,0,2021-10-13
S109393,8.38,1,1.7,0,2,0,2021/10/22 06:54:01
S109394,5.67,2,3.8,1,1,0,2023-06-29
S109395,8.55,0,13.1,0,0,1,2022-02-20
S109396,5.13,1,1.0,1,1,0,05-11-2022
S109397,8.71,0,3.4,0,0,0,2022-11-30
S109398,9.53,1,1.0,1,0,0,19/02/2023
S109399,6.42,2,2.6,0,0,0,15/03/2023
S109400,5.94,0,4.2,0,0,1,2021-09-01
S109401,8.56,0,1.5,1,2,0,2021-11-11
S109402,4.66,0,18.9,0,1,0,2022-12-23
S109403,5.75,0,12.4,0,1,0,10-18-2021
S109404,4.66,2,1.0,1,0,0,2021-07-06
S109405,8.2,0,1.0,1,1,1,2023-01-22
S109406,7.97,0,3.4,0,2,0,2023-05-28
S109407,5.64,1,3.2,1,1,0,2023-07-25
S109408,5.5,1,3.2,1,0,0,30/07/2022
S109409,6.67,1,1.9,0,1,0,2022/02/24 11:16:18
S109410,6.94,0,1.0,1,1,0,2023-05-09
S109411,6.28,0,16.2,0,1,0,2023-01-17
S109412,6.02,0,25.3,0,2,0,10/08/2022
S109413,8.6,0,1.0,1,0,0,2021-08-15
S109414,6.64,1,6.7,0,0,1,07-24-2021
S109415,7.6,1,2.0,0,0,0,2021-11-24
S109416,8.35,0,1.0,1,0,0,2023-04-04
S109417,4.93,0,7.3,0,0,0,2021/12/09 20:04:54
S109418,7.73,1,1.5,1,0,0,2023-02-28
S109419,8.13,0,11.7,1,0,1,2022-10-07
S109420,9.14,1,2.4,1,0,2,2022-10-30
S109421,5.92,0,,0,0,1,2022/04/16 01:49:07
S109422,8.2,0,40.4,0,1,2,28/08/2023
S109423,5.56,1,27.3,0,0,0,2023-03-31
S109424,6.64,4,6.3,1,0,0,26/08/2021
S109425,6.49,0,4.1,0,0,0,2023-01-08
S109426,6.08,1,4.7,0,1,0,2022-04-13
S109427,4.91,0,10.5,0,0,0,09/12/2021
S109428,5.97,0,3.1,0,1,0,13/11/2021
S109429,6.59,0,1.3,1,0,0,2023-06-20
S109430,7.4,0,,0,1,0,2023-04-04
S109431,6.5,2,28.6,0,0,0,2021-07-11
S109432,6.28,0,2.6,1,0,2,31/07/2022
S109433,7.28,2,3.2,0,2,0,19/11/2022
S109434,5.18,0,4.1,1,0,0,29/12/2021
S109435,4.17,0,13.6,0,1,0,22/02/2022
S109436,6.07,0,17.1,1,0,1,17/06/2022
S109437,5.58,2,19.3,1,1,2,02-03-2022
S109438,8.54,0,1.0,1,0,0,2021-08-16
S109439,7.3,0,7.0,0,0,0,2023-01-31
S109440,5.7,0,1.8,0,0,0,2021-08-01
S109441,4.64,0,1.0,1,1,0,2023-05-08
S109442,7.91,1,3.3,0,1,0,14/07/2022
S109443,5.4,0,1.0,0,0,0,03-08-2023
S109444,5.69,0,1.0,1,0,0,2023-07-06
S109445,5.67,0,12.2,0,0,0,04-13-2023
S109446,7.85,2,5.8,0,0,0,2021-08-01
S109447,6.99,0,2.3,0,0,0,2022-08-30
S109448,6.92,1,7.9,0,1,0,13/04/2022
S109449,7.55,0,1.1,0,1,0,2022-01-15
S109450,4.52,2,4.0,0,2,0,2021-09-20
S109451,7.65,0,9.4,0,1,1,2023-01-01
S109452,7.67,1,1.0,0,0,0,08-20-2023
S109453,7.78,0,4.9,0,1,0,26/06/2023
S109454,6.03,1,2.2,0,0,0,2021-10-15
S109455,9.57,1,2.2,1,1,2,2022-10-27
S109456,6.71,0,5.4,0,0,0,2022/08/09 10:31:40
S109457,5.29,0,6.7,1,0,0,2021-07-03
S109458,5.14,0,8.7,1,0,0,08-10-2023
S109459,5.73,0,7.4,0,1,1,2021-09-23
S109460,6.09,0,7.3,1,1,0,22/08/2021
S109461,5.84,0,3.8,0,0,0,17/08/2023
S109462,7.11,1,3.8,0,2,0,2023-02-28
S109463,6.63,0,6.9,1,0,0,21/05/2022
S109464,5.93,1,2.8,1,0,0,2022-04-04
S109465,5.75,1,6.7,1,1,0,05/08/2022
S109466,5.23,2,5.5,1,0,0,11/06/2022
S109467,7.32,1,3.9,1,1,1,2022-08-09
S109468,7.17,0,11.9,1,1,1,30/09/2021
S109469,6.9,0,1.7,0,0,0,2022-03-28
S109470,6.35,0,1.9,0,0,1,2021-08-22
S109471,4.76,0,1.3,0,0,0,02/04/2022
S109472,8.48,0,1.0,1,1,0,2021-07-11
S109473,10.0,0,1.0,0,0,0,2022-07-13
S109474,9.17,2,1.3,1,0,0,2023-02-28
S109475,8.64,2,5.4,0,0,0,2023-05-07
S109476,7.21,0,9.4,1,4,1,2022-04-11
S109477,6.6,0,1.5,0,1,0,2021-08-25
S109478,7.16,1,3.8,0,1,2,24/04/2023
S109479,4.9,0,4.2,0,0,0,12/12/2022
S109480,7.05,1,1.6,1,0,0,07-19-2021
S109481,8.13,0,7.0,0,0,0,2021-11-10
S109482,8.02,0,4.5,0,0,0,09/02/2022
S109483,5.76,2,5.2,0,0,1,13/07/2023
S109484,7.62,0,11.6,1,1,0,2021-09-29
S109485,6.93,1,13.9,0,0,0,04/01/2022
S109486,6.92,1,1.4,1,0,0,14/05/2022
S109487,6.91,0,4.5,0,0,0,2021-11-15
S109488,8.05,0,9.0,0,0,0,07/04/2022
S109489,4.37,2,2.5,0,1,0,2022-04-06
S109490,6.65,1,1.0,1,1,0,2023-05-24
S109491,9.12,3,16.8,1,1,0,2022-02-11
S109492,5.72,1,1.7,1,1,1,11-17-2021
S109493,8.05,1,3.7,0,0,2,2022-09-03
S109494,4.84,1,1.0,0,2,1,2021-11-02
S109495,6.18,0,4.9,0,0,0,17/10/2022
S109496,8.77,1,12.3,0,1,0,11/09/2021
S109497,7.22,0,1.0,1,0,0,13/08/2021
S109498,7.33,1,,1,0,0,2022-11-16
S109499,6.53,0,16.7,0,0,0,21/11/2022
S109500,7.39,0,8.6,1,2,0,2023-05-23
S109501,6.25,1,1.1,1,0,0,2021-09-10
S109502,5.79,1,2.2,0,1,2,2023-07-31
S109503,5.47,1,11.9,0,0,0,23/12/2022
S109504,8.97,0,7.1,0,0,0,18/09/2022
S109505,5.33,0,1.5,0,1,0,29/04/2022
S109506,7.06,1,3.4,1,1,0,2022-06-23
S109507,5.29,1,1.0,1,0,0,2022-02-23
S109508,6.58,0,2.2,1,1,0,2022-07-06
S109509,6.31,0,14.2,1,0,0,2022/02/23 12:09:58
S109510,6.24,0,12.4,0,0,0,2023-08-22
S109511,7.06,0,1.4,0,0,0,2021-07-08
S109512,9.04,0,3.6,0,0,0,03/06/2022
S109513,5.0,0,1.0,0,0,0,2021-09-12
S109514,7.09,2,3.6,1,1,1,10-31-2021
S109515,7.69,0,19.5,0,0,0,14/08/2022
S109516,8.22,0,14.5,1,1,1,07/07/2023
S109517,4.81,0,3.9,1,0,0,2022-08-02
S109518,9.11,0,2.9,0,0,0,2023-01-05
S109519,8.59,0,1.2,1,1,0,2023-05-02
S109520,6.59,3,2.2,1,0,0,2023-06-04
S109521,7.46,0,13.0,1,2,0,03/09/2022
S109522,7.96,1,10.7,1,2,0,2022-12-03
S109523,7.92,0,1.7,0,0,0,07/09/2021
S109524,6.57,0,5.5,1,3,0,2023-03-27
S109525,7.4,0,1.0,0,0,0,11/02/2023
S109526,7.2,1,4.5,1,1,0,2021-12-03
S109527,6.06,0,1.6,0,0,0,2023-01-03
S109528,5.19,0,1.8,1,1,0,2022-08-29
S109529,5.89,0,1.0,1,0,0,09-22-2021
S109530,5.17,0,9.2,0,0,0,2023-07-02
S109531,5.96,0,7.0,0,0,0,2022-07-03
S109532,9.96,0,18.4,0,0,1,2023-04-17
S109533,4.35,1,1.9,1,1,0,2023-03-29
S109534,5.86,0,2.6,0,0,1,17/03/2023
S109535,6.57,0,1.2,1,0,0,19/02/2022
S109536,6.85,1,5.8,1,0,0,2022-02-24
S109537,7.95,1,3.8,0,0,0,2022-06-10
S109538,6.62,2,4.6,0,0,0,2022-08-16
S109539,6.48,1,10.7,1,0,1,2023/08/02 04:18:24
S109540,8.54,0,8.0,1,0,0,2023-05-03
S109541,5.41,1,8.5,1,0,1,10/03/2022
S109542,5.41,1,2.6,1,3,1,26/07/2023
S109543,7.33,0,4.8,0,1,0,01-19-2022
S109544,5.96,1,12.8,1,2,0,04-08-2022
S109545,5.56,0,1.0,0,0,0,2022-07-30
S109546,8.08,2,8.3,0,2,0,2021/08/13 04:48:49
S109547,7.39,3,1.8,1,1,2,08-22-2022
S109548,6.98,0,1.0,1,1,1,2022-07-06
S109549,3.96,0,3.2,1,2,0,03/05/2022
S109550,7.72,4,1.8,0,0,1,30/04/2022
S109551,6.5,1,1.0,0,2,0,02/06/2023
S109552,5.99,0,2.5,1,0,0,2021-08-05
S109553,7.72,0,6.7,1,0,0,21/07/2022
S109554,7.52,0,1.0,1,0,0,2022-09-23
S109555,7.76,2,9.2,0,1,0,07/11/2022
S109556,8.18,0,4.3,1,0,0,2023/02/03 13:57:48
S109557,8.99,2,4.4,1,0,0,27/04/2023
S109558,5.88,1,26.6,0,0,0,2022-03-27
S109559,6.41,0,24.0,0,3,0,30/03/2023
S109560,4.1,0,1.0,1,0,2,2021-11-15
S109561,5.6,0,5.1,0,0,0,13/12/2021
S109562,7.48,0,1.7,0,0,0,05/11/2021
S109563,5.06,0,10.3,1,0,1,2023-05-05
S109564,4.49,1,1.0,1,3,0,2023-08-13
S109565,6.76,1,1.0,0,0,0,23/07/2022
S109566,6.6,2,6.9,0,0,0,2021-09-12
S109567,5.85,2,8.4,1,0,1,11-14-2021
S109568,7.06,0,1.0,0,1,0,2023-05-26
S109569,8.94,2,1.6,1,1,0,2023-02-18
S109570,7.41,0,7.0,1,1,1,15/07/2021
S109571,8.31,0,4.2,0,0,0,17/06/2022
S109572,5.78,2,5.7,1,0,0,2023-01-06
S109573,9.73,0,4.7,1,2,0,05/11/2021
S109574,8.43,0,2.5,1,1,0,2022-06-29
S109575,5.96,0,1.0,1,2,1,08/01/2023
S109576,7.74,0,8.3,0,1,0,2023-03-01
S109577,7.75,1,4.4,1,2,0,2022-03-02
S109578,6.47,0,2.1,1,1,0,2021-08-05
S109579,5.71,0,6.5,1,0,0,2022-11-05
S109580,8.24,0,1.0,1,1,0,2022-04-21
S109581,6.23,1,13.7,1,0,0,2022-02-21
S109582,7.1,1,6.5,1,1,0,2023/07/22 18:44:51
S109583,7.97,1,4.9,1,1,1,2022-11-07
S109584,6.92,1,6.6,0,0,1,2022-09-03
S109585,6.5,1,4.3,0,0,2,16/11/2021
S109586,8.39,1,1.0,0,0,1,2022-03-14
S109587,4.08,0,1.5,1,2,1,2021-09-17
S109588,6.82,3,1.0,1,0,0,2023-05-25
S109589,8.05,1,10.3,0,2,0,2023-08-15
S109590,4.88,0,1.0,0,1,0,2021-10-28
S109591,6.64,0,1.0,0,1,0,2023-04-09
S109592,8.65,1,4.2,1,0,1,04-08-2022
S109593,9.38,0,1.0,0,1,0,2022-08-26
S109594,6.78,0,1.4,0,0,0,2022-07-14
S109595,5.55,0,10.8,0,0,0,2023-07-10
S109596,6.61,1,2.4,1,2,0,2022-01-08
S109597,8.74,2,14.1,0,2,0,2022-04-30
S109598,6.02,0,2.6,1,2,1,23/08/2022
S109599,7.81,0,8.7,1,0,0,05-04-2022
S109600,8.32,1,1.2,1,1,1,09/02/2022
S109601,5.93,3,2.5,1,1,1,2022-11-11
S109602,7.5,0,11.3,1,0,0,2023/02/22 06:58:52
S109603,6.97,1,6.2,0,0,0,2022-05-27
S109604,7.62,2,2.3,1,1,0,2022-10-24
S109605,6.96,1,12.8,0,0,1,2023-02-09
S109606,5.29,1,1.0,0,1,1,24/02/2022
S109607,8.76,0,3.4,1,2,1,2022-09-02
S109608,6.41,0,2.6,0,2,0,09/03/2022
S109609,7.37,0,1.8,1,0,0,08-11-2022
S109610,6.09,1,1.9,0,1,0,2021-10-13
S109611,7.06,0,4.8,0,0,2,24/08/2023
S109612,8.46,0,2.5,1,0,0,2021-07-08
S109613,6.1,0,2.6,0,0,0,2021-12-31
S109614,6.3,2,2.6,1,1,0,2023-03-27
S109615,3.62,0,11.7,1,1,0,23/01/2023
S109616,7.53,1,7.7,0,0,0,2021-12-14
S109617,8.47,0,4.0,1,1,1,17/07/2022
S109618,5.39,2,10.0,0,0,0,2022/06/27 02:12:04
S109619,10.0,1,3.0,0,0,0,07-22-2022
S109620,8.29,2,3.6,1,1,0,2021-07-06
S109621,6.71,0,1.8,1,1,1,2022-05-14
S109622,8.39,0,1.0,1,0,0,2022-11-22
S109623,6.95,1,15.9,1,0,0,01/10/2022
S109624,6.54,0,9.2,1,1,1,2021/12/15 08:40:40
S109625,5.69,0,1.0,0,1,1,04/02/2023
S109626,6.95,0,1.8,0,2,1,2022-07-29
S109627,5.74,2,7.6,1,0,1,2021-08-27
S109628,7.11,0,5.2,1,1,1,02/12/2022
S109629,8.54,0,4.6,1,0,0,2021-10-28
S109630,5.62,1,29.4,0,0,0,2022-02-27
S109631,7.66,1,7.0,1,0,0,02-25-2023
S109632,7.11,0,10.6,0,0,0,2023-03-16
S109633,4.93,0,1.0,0,0,0,2021-07-19
S109634,7.45,0,4.0,0,0,1,2022-01-15
S109635,6.49,1,1.0,1,0,0,2022-10-24
S109636,5.35,1,14.0,1,0,0,09/09/2021
S109637,5.54,0,6.4,1,0,2,2022-10-26
S109638,7.64,0,3.5,1,0,0,06-04-2023
S109639,8.85,0,3.5,1,0,0,2023-06-14
S109640,5.98,1,16.8,1,0,1,2023-08-22
S109641,8.8,0,16.3,0,0,0,2022-06-07
S109642,4.45,0,3.1,1,0,0,2023-04-18
S109643,6.5,1,1.0,1,0,2,15/05/2022
S109644,6.35,1,1.0,1,0,1,09/12/2022
S109645,6.56,1,4.4,1,0,0,2021-08-25
S109646,6.39,4,8.5,1,1,1,2023-08-07
S109647,5.4,1,1.6,1,0,0,08/04/2023
S109648,6.26,1,3.9,0,1,0,2022-05-19
S109649,7.06,0,10.9,0,0,1,2021-12-27
S109650,6.54,2,,1,1,0,2022-06-08
S109651,6.54,0,8.8,1,0,1,14/03/2022
S109652,8.99,1,5.4,1,0,0,2021-07-05
S109653,4.61,0,2.5,1,1,0,2022-11-15
S109654,9.61,1,5.9,0,1,0,09/04/2022
S109655,6.04,2,1.0,0,0,0,2022/07/18 13:44:06
S109656,5.6,0,13.5,1,1,1,2022-01-29
S109657,6.45,1,2.5,0,0,1,2023-04-10
S109658,8.13,1,2.6,0,0,0,2021-09-19
S109659,6.17,1,,1,2,0,2022-07-24
S109660,7.03,1,2.8,0,1,0,2021-12-06
S109661,5.56,0,1.0,0,1,0,2021-09-04
S109662,7.08,2,10.1,1,1,0,02-11-2023
S109663,8.13,0,1.0,1,1,1,14/08/2023
S109664,6.35,2,8.6,0,0,1,2021-08-16
S109665,7.8,1,6.6,1,0,0,28/12/2021
S109666,7.77,2,1.0,0,0,0,2023-08-24
S109667,8.34,2,1.0,0,0,0,2021-09-18
S109668,6.08,0,21.5,1,0,0,01-21-2022
S109669,6.58,0,1.3,1,0,0,05-06-2022
S109670,6.31,1,6.2,0,0,1,2021-07-13
S109671,10.0,0,6.3,0,1,0,2022-08-30
S109672,7.52,3,8.5,1,2,0,2022-08-02
S109673,5.11,2,7.7,1,0,0,2023-01-29
S109674,7.84,0,13.0,0,2,1,08-16-2021
S109675,7.99,0,1.5,1,0,0,2021-07-25
S109676,7.77,1,6.2,0,0,0,2022-08-14
S109677,10.0,0,5.4,1,0,0,2022-09-09
S109678,6.44,1,3.8,1,1,0,2021-11-28
S109679,6.46,0,9.7,0,1,0,12/03/2022
S109680,4.68,1,14.3,1,2,1,08/08/2022
S109681,6.87,0,6.3,0,0,1,2023-06-09
S109682,5.14,1,1.7,0,0,0,2022-10-03
S109683,9.49,1,3.8,1,1,0,2022-08-20
S109684,6.48,2,2.9,1,0,1,2022-01-17
S109685,9.44,0,4.2,0,1,0,2023-03-26
S109686,6.9,1,6.5,0,1,0,2022-12-31
S109687,6.07,0,1.0,0,0,0,2022-12-24
S109688,7.04,0,1.6,1,0,1,2023-03-19
S109689,6.72,0,3.4,0,1,1,15/08/2021
S109690,7.51,1,18.3,1,0,0,2021-10-21
S109691,4.67,0,2.9,1,0,0,04/05/2023
S109692,5.93,1,1.0,0,0,0,2023-08-27
S109693,6.13,2,1.0,1,0,0,24/12/2021
S109694,5.38,0,3.0,0,1,0,2023-01-15
S109695,6.53,2,2.1,1,3,1,21/11/2021
S109696,8.93,1,7.4,0,0,0,2022-08-22
S109697,5.34,1,5.8,1,0,1,2021/08/26 02:22:16
S109698,5.79,2,3.0,1,0,0,07/06/2023
S109699,7.8,1,2.2,1,2,0,2023-07-02
S109700,9.01,0,10.9,1,0,1,2022-01-12
S109701,6.35,0,1.8,1,0,2,08-21-2022
S109702,5.37,1,5.8,0,0,0,02-06-2022
S109703,4.05,1,12.1,1,0,0,06-17-2023
S109704,6.23,2,1.8,1,1,0,09/08/2022
S109705,6.86,0,5.9,0,0,1,13/07/2021
S109706,6.06,0,6.8,1,2,0,2023-08-07
S109707,7.53,0,1.3,1,1,0,2023-01-27
S109708,6.37,0,2.0,0,0,0,2022-01-23
S109709,7.02,1,11.2,0,0,0,23/07/2021
S109710,9.14,0,1.0,0,0,0,2022-11-29
S109711,8.95,1,3.1,0,0,0,2021-09-07
S109712,7.74,0,10.6,0,0,0,2022-12-04
S109713,6.85,2,16.6,0,0,0,10/05/2023
S109714,7.52,2,1.8,0,3,1,2022-03-26
S109715,4.94,0,1.0,1,1,0,2022-10-10
S109716,6.06,2,1.8,1,1,0,2023-04-11
S109717,9.03,1,2.7,0,1,0,2023-07-21
S109718,4.51,0,1.0,0,0,1,05-07-2023
S109719,8.6,0,1.0,0,1,0,2022-06-04
S109720,7.54,1,2.7,0,0,0,09-18-2022
S109721,6.42,2,1.0,1,2,0,2023-01-02
S109722,7.27,2,7.8,1,3,1,2022-08-21
S109723,7.34,1,1.5,0,0,0,2021-08-15
S109724,7.7,1,1.8,0,1,2,2023-07-13
S109725,7.28,0,5.7,0,0,0,2022-12-20
S109726,8.23,0,1.2,0,1,0,2022-12-16
S109727,6.6,1,3.2,1,0,0,06-14-2022
S109728,4.63,0,1.6,0,1,0,03-01-2022
S109729,8.18,0,,1,1,2,12-17-2021
S109730,7.23,0,2.2,0,0,0,2022/06/21 17:50:11
S109731,6.09,1,1.0,0,0,0,2023-06-10
S109732,6.27,0,9.5,0,1,0,2023-04-24
S109733,7.42,0,7.2,0,0,1,2022-07-12
S109734,5.88,1,1.6,0,0,0,2021-09-29
S109735,7.17,1,5.0,1,2,1,07/07/2021
S109736,6.79,0,4.1,0,0,0,10-26-2022
S109737,7.9,0,10.8,0,0,0,14/12/2022
S109738,7.55,1,3.6,0,0,0,05/05/2022
S109739,7.81,2,5.6,1,0,1,2023-01-20
S109740,5.76,0,4.6,1,1,0,2022-12-31
S109741,5.75,1,11.0,0,0,0,2023-03-17
S109742,5.71,0,13.1,1,1,1,2021/08/31 21:07:51
S109743,6.11,2,11.4,0,1,0,09-26-2021
S109744,6.39,0,4.1,0,0,0,2021-07-24
S109745,6.43,0,2.7,0,0,0,2021-09-10
S109746,8.91,1,11.2,0,1,0,2023-01-10
S109747,7.93,0,2.6,1,0,1,2023-08-19
S109748,8.73,1,,1,1,0,11-12-2022
S109749,7.09,1,1.0,1,1,0,2022-05-07
S109750,6.73,0,6.7,1,0,0,2022-03-16
S109751,7.38,1,,0,0,1,2023-03-23
S109752,7.85,0,4.8,0,0,0,06-08-2022
S109753,7.47,2,12.8,1,1,0,2023-04-25
S109754,5.49,0,1.6,0,1,0,02/04/2022
S109755,10.0,1,12.1,0,0,0,2022-12-16
S109756,4.8,0,14.1,0,0,2,2022-09-26
S109757,6.46,0,10.1,1,0,0,2021-08-03
S109758,4.62,0,10.2,1,1,1,05/09/2022
S109759,4.05,0,23.7,1,0,0,11-18-2021
S109760,7.13,0,5.7,0,1,0,2021-11-27
S109761,5.52,3,1.4,1,1,0,2021-08-27
S109762,7.22,0,12.1,1,1,0,25/02/2023
S109763,7.39,1,7.9,1,0,0,01/02/2022
S109764,6.43,0,3.1,0,0,1,2022-05-12
S109765,6.12,0,1.0,1,1,0,2021-10-28
S109766,6.84,0,8.8,0,0,0,21/09/2022
S109767,6.74,0,7.1,0,0,0,2023-03-11
S109768,6.33,0,8.7,1,1,0,2021/12/11 19:51:23
S109769,6.82,0,,1,1,0,02-14-2023
S109770,4.76,0,3.8,1,1,0,2021-07-07
S109771,5.32,3,1.0,0,1,0,11/11/2021
S109772,9.12,0,1.0,1,0,1,2022-11-15
S109773,5.83,2,5.1,1,0,0,19/03/2022
S109774,8.21,0,5.1,0,0,0,02/08/2023
S109775,6.02,1,7.9,0,0,0,2023-02-27
S109776,8.17,0,2.0,0,0,0,09-02-2021
S109777,7.16,0,6.4,1,1,0,04/07/2023
S109778,6.11,1,1.0,0,0,0,11-08-2022
S109779,7.91,2,1.6,1,1,0,2022-01-13
S109780,3.5,0,26.8,1,0,0,2022-07-22
S109781,7.74,0,3.1,1,0,0,26/11/2021
S109782,9.32,0,1.3,0,0,0,2023/03/20 06:03:33
S109783,9.38,2,9.1,0,1,0,2022-04-06
S109784,5.19,2,1.0,1,0,1,2021-11-12
S109785,5.47,1,2.4,1,1,0,2022-04-24
S109786,5.06,1,7.6,1,2,1,2021-12-10
S109787,5.33,1,6.3,1,0,0,22/03/2023
S109788,4.86,0,2.7,0,0,0,06/09/2021
S109789,7.02,0,1.0,1,1,0,2023/07/07 09:36:19
S109790,6.11,0,5.4,1,1,0,24/02/2023
S109791,7.74,0,20.2,0,1,1,2022-02-21
S109792,4.45,0,1.7,1,1,1,12/04/2023
S109793,6.63,2,3.6,1,0,1,08/10/2022
S109794,6.82,0,3.5,1,0,0,2023/01/29 01:46:18
S109795,6.87,1,6.8,1,2,0,2021-09-03
S109796,6.52,0,1.0,0,0,0,2023-04-09
S109797,10.0,0,4.4,0,0,0,2023-01-31
S109798,5.36,0,3.5,1,1,0,2023-06-07
S109799,7.19,2,4.9,1,1,0,2021-11-25
S109800,8.02,0,1.0,0,0,1,17/03/2023
S109801,4.35,0,4.1,1,0,0,29/07/2023
S109802,7.27,1,6.1,0,1,1,2022-08-10
S109803,7.44,0,7.9,0,1,0,2022-06-12
S109804,7.66,0,7.5,0,0,0,01-18-2022
S109805,6.23,1,3.3,1,1,1,2023-04-22
S109806,7.33,0,3.9,0,2,2,2021-08-22
S109807,7.65,1,1.0,1,0,0,2023-04-26
S109808,5.75,2,1.0,0,0,1,2022-12-15
S109809,6.82,0,5.8,0,0,1,2022-11-10
S109810,7.12,1,3.6,1,0,0,14/09/2021
S109811,7.34,1,3.6,1,0,0,2021/08/04 01:04:09
S109812,8.27,1,4.5,1,0,0,17/09/2021
S109813,7.81,0,3.2,0,1,0,2022-01-24
S109814,3.5,1,1.0,1,1,0,2022-11-02
S109815,7.5,0,3.1,1,0,0,09-18-2021
S109816,9.09,0,1.0,0,1,3,08-10-2023
S109817,6.79,0,8.4,1,2,0,2021-12-15
S109818,9.08,3,15.9,0,1,0,2023-03-01
S109819,4.86,0,4.8,1,0,0,26/08/2023
S109820,7.36,1,12.5,1,0,2,2022-11-19
S109821,8.02,0,2.3,1,1,0,2021-08-05
S109822,7.34,2,2.8,1,0,0,2023-05-14
S109823,7.75,1,4.9,1,3,0,2023-01-27
S109824,6.41,1,1.0,0,0,3,2022-12-13
S109825,6.99,2,9.4,0,1,0,2023-08-24
S109826,7.06,0,6.4,1,2,1,2022-09-02
S109827,6.46,1,1.0,1,0,0,17/08/2021
S109828,7.95,0,22.1,0,0,0,11/06/2022
S109829,9.31,0,5.6,0,0,1,2023-02-24
S109830,7.72,1,3.8,0,2,0,12-14-2021
S109831,8.41,0,6.1,0,2,0,2022-11-28
S109832,7.78,1,12.7,1,0,1,2022-10-03
S109833,6.6,1,1.0,1,1,0,2023-06-19
S109834,5.59,0,19.4,1,0,1,10/09/2022
S109835,9.07,0,1.8,0,1,0,2021-11-04
S109836,6.72,1,5.2,1,0,0,2022-09-12
S109837,5.34,2,3.7,1,2,0,31/05/2022
S109838,7.49,2,12.1,1,0,0,2021-10-18
S109839,10.0,0,8.6,0,0,1,23/09/2022
S109840,6.86,0,1.0,0,0,0,26/01/2022
S109841,6.14,0,19.4,0,1,0,2022/03/21 03:34:51
S109842,7.24,0,8.6,0,1,0,2021-07-16
S109843,7.09,2,23.5,1,1,1,2021-12-04
S109844,7.09,1,1.8,0,0,0,2023/03/31 09:22:03
S109845,6.74,0,1.0,0,0,1,08/05/2023
S109846,6.26,0,2.3,0,0,0,17/11/2022
S109847,7.73,2,2.2,0,3,0,2021-10-17
S109848,6.96,0,3.7,1,1,1,2023-04-28
S109849,8.41,1,47.1,0,0,1,2021-09-13
S109850,7.61,2,9.7,0,0,0,2023-06-17
S109851,3.87,0,4.5,0,1,2,2022-01-28
S109852,6.14,1,1.0,1,1,0,2022-09-09
S109853,8.7,1,1.0,0,2,0,2023-06-27
S109854,8.39,2,1.0,1,1,0,2023-03-14
S109855,7.76,0,1.6,0,2,0,2023-06-08
S109856,6.39,0,1.0,0,0,2,2023-04-16
S109857,7.01,2,2.0,0,2,0,2022-02-22
S109858,9.6,0,1.0,0,0,1,2022-06-21
S109859,6.29,1,24.4,0,1,1,2022-10-20
S109860,5.76,0,9.7,1,0,0,2022-03-08
S109861,6.27,1,21.5,1,0,0,31/05/2022
S109862,6.8,0,3.4,0,0,1,2022-10-29
S109863,7.97,1,5.1,0,2,0,07/12/2021
S109864,6.06,0,1.0,1,0,1,11-16-2021
S109865,5.86,0,2.8,1,0,0,05/03/2022
S109866,5.25,1,1.0,0,0,0,2022-01-23
S109867,6.22,0,3.6,0,3,0,2022-12-14
S109868,7.31,1,9.0,0,0,0,24/09/2021
S109869,7.55,1,2.7,0,1,0,2023/02/28 14:48:26
S109870,7.25,0,1.3,1,1,0,2022/09/03 17:14:50
S109871,4.91,0,10.5,1,0,0,2022-03-14
S109872,8.48,0,16.6,0,1,0,05/09/2022
S109873,7.32,1,2.4,1,0,0,09-11-2021
S109874,4.76,0,1.0,1,0,0,21/10/2021
S109875,7.78,0,2.9,0,0,0,2021-07-20
S109876,6.74,2,1.0,0,1,1,2021-10-26
S109877,6.44,1,1.0,0,0,0,2023-08-06
S109878,7.43,1,5.8,1,0,0,2023-06-06
S109879,4.77,1,8.6,0,2,0,18/09/2022
S109880,6.86,0,1.0,0,1,1,2022/05/09 14:56:17
S109881,8.79,1,12.1,1,1,0,07-10-2023
S109882,7.46,1,1.0,0,0,1,2022-04-25
S109883,7.59,1,1.2,1,0,1,16/12/2022
S109884,8.97,0,1.0,1,0,0,2021-07-16
S109885,6.39,0,6.6,0,1,1,11/02/2023
S109886,5.55,0,2.9,0,1,0,28/10/2022
S109887,7.31,1,12.6,0,1,0,2021-12-24
S109888,7.2,0,1.0,0,2,1,2022-11-20
S109889,5.09,1,7.1,1,0,0,2022-08-24
S109890,5.49,1,7.6,0,0,1,2021-11-19
S109891,7.1,1,7.1,0,1,0,04-20-2022
S109892,6.13,0,16.7,0,1,0,2022-08-08
S109893,7.7,0,10.0,1,0,0,2023-04-04
S109894,8.49,1,7.5,0,1,0,2021-07-25
S109895,5.29,2,10.8,1,1,0,08-27-2022
S109896,4.64,1,1.0,1,0,1,2021-10-03
S109897,6.08,1,1.0,1,1,0,2021-12-07
S109898,8.22,0,2.3,1,0,1,29/05/2022
S109899,7.39,1,3.3,0,0,1,2023-07-01
S109900,8.12,0,4.6,0,0,2,2022-09-26
S109901,8.38,1,2.7,1,1,0,22/03/2023
S109902,8.56,1,4.8,1,0,0,2023-06-23
S109903,6.9,1,7.4,0,2,0,08-01-2023
S109904,7.01,1,7.3,0,0,0,2021-09-05
S109905,6.49,0,9.7,1,0,0,2023-08-07
S109906,6.95,3,2.0,1,0,0,2023-02-28
S109907,9.45,0,1.4,1,1,1,16/02/2023
S109908,8.0,3,2.9,0,0,1,2022-12-10
S109909,7.45,0,8.0,0,0,1,2021-12-05
S109910,7.93,1,7.3,0,0,0,2023-05-24
S109911,7.13,0,5.7,0,3,1,2022-05-20
S109912,6.2,1,1.9,1,3,2,20/07/2021
S109913,6.7,1,16.9,1,0,1,10-02-2022
S109914,5.02,1,3.5,0,0,0,01/09/2021
S109915,6.92,1,1.0,1,0,0,2022-09-17
S109916,7.21,1,1.0,0,1,1,2021-12-25
S109917,6.31,2,10.5,1,0,0,25/07/2023
S109918,9.36,0,10.3,0,0,0,2021/11/24 23:49:58
S109919,6.43,3,1.3,0,1,0,2022-02-17
S109920,7.48,0,13.0,1,1,0,2022-09-21
S109921,6.7,1,4.9,0,0,1,2021-10-16
S109922,4.64,1,2.3,1,0,0,2023-06-29
S109923,4.78,0,2.8,0,2,1,2023-01-28
S109924,9.37,1,6.7,1,1,0,02-20-2023
S109925,9.23,0,2.7,1,0,0,2023-01-20
S109926,7.31,2,2.6,0,0,1,2021-07-08
S109927,5.87,0,2.0,0,0,1,2021-09-18
S109928,7.15,0,2.7,0,0,0,07-06-2023
S109929,8.35,0,5.7,0,1,1,2022-12-03
S109930,4.89,0,5.9,0,2,1,2021-10-07
S109931,9.02,0,1.0,0,1,0,2022-07-26
S109932,5.42,0,2.0,0,0,0,2021-08-13
S109933,7.86,1,3.1,1,0,1,16/02/2023
S109934,6.07,1,3.4,0,0,1,2023-05-08
S109935,6.59,0,1.0,1,1,2,2022-08-30
S109936,5.92,0,1.0,1,0,1,22/06/2022
S109937,8.39,3,5.5,1,0,1,2022-03-03
S109938,5.76,1,6.5,1,0,1,2023-01-19
S109939,8.32,0,6.5,0,0,0,02-17-2023
S109940,6.95,0,1.5,0,1,0,2022-10-04
S109941,5.94,0,1.6,0,0,0,14/07/2021
S109942,7.01,2,1.6,1,0,0,02/12/2022
S109943,7.64,1,2.7,1,2,1,2023/07/08 20:27:03
S109944,6.54,0,5.1,0,1,0,2022-04-08
S109945,5.96,1,1.0,0,2,0,2021-08-22
S109946,8.89,1,5.8,1,1,0,2023-02-01
S109947,3.57,1,1.1,1,1,0,2022-09-29
S109948,6.68,0,2.4,1,2,0,2022-06-22
S109949,7.3,0,2.9,1,1,1,2022/07/26 05:35:18
S109950,9.73,1,8.3,0,1,0,09-07-2021
S109951,7.51,0,,1,0,0,2022-04-24
S109952,6.35,1,1.2,0,0,0,2022-11-15
S109953,7.34,0,2.3,1,0,0,2021-08-26
S109954,4.44,0,1.0,1,3,0,03-29-2022
S109955,9.19,0,8.6,0,0,0,2023-04-14
S109956,9.7,0,3.8,0,1,0,2021-08-05
S109957,7.49,1,2.9,0,0,0,04-29-2022
S109958,4.49,2,1.3,1,0,0,2023-01-13
S109959,6.79,1,4.7,1,1,0,07/04/2022
S109960,9.82,0,1.4,0,2,0,2022-11-01
S109961,5.64,0,1.6,0,0,0,02/05/2022
S109962,8.77,0,1.2,0,0,0,2023-01-28
S109963,5.19,2,8.5,1,0,1,2023-08-12
S109964,6.84,1,3.2,0,2,1,2021/07/10 09:11:53
S109965,14.5,0,19.3,0,0,0,06/07/2022
S109966,6.86,1,2.2,1,1,0,2022-08-06
S109967,8.24,0,15.9,0,2,0,2023-01-09
S109968,6.23,1,2.0,1,0,0,2022-02-22
S109969,6.14,0,7.3,1,0,0,06/03/2022
S109970,5.61,0,1.6,0,1,0,2023-03-16
S109971,6.63,1,3.2,0,0,0,06/08/2023
S109972,7.09,2,8.0,1,0,0,2022-08-02
S109973,5.95,1,6.8,1,1,0,2022-05-20
S109974,6.39,1,,0,1,0,12/04/2022
S109975,6.44,0,29.8,0,0,0,2021-07-28
S109976,6.91,2,8.3,0,1,0,09-08-2021
S109977,6.36,0,1.4,1,1,0,2023-07-28
S109978,7.07,0,11.8,1,1,0,2023-07-20
S109979,7.16,0,1.5,1,0,0,2022-12-08
S109980,6.65,0,1.8,1,0,0,2023-04-05
S109981,6.04,0,2.3,1,1,0,2021-12-30
S109982,7.85,0,10.8,1,0,0,2023-08-24
S109983,4.21,0,8.3,1,0,1,07/12/2022
S109984,6.16,1,5.2,0,0,0,2023-04-20
S109985,5.54,0,1.0,1,0,0,2022-05-07
S109986,6.89,0,9.9,0,0,0,2022-07-03
S109987,6.33,2,3.5,1,0,0,2022-07-20
S109988,8.07,1,1.0,0,0,1,2023-04-18
S109989,6.52,1,3.5,1,1,0,2022-08-18
S109990,3.5,0,3.1,0,2,1,2021-11-22
S109991,5.6,0,1.0,1,1,0,2023-02-25
S109992,7.71,0,7.3,0,1,1,2021-07-27
S109993,5.87,1,9.2,1,1,1,12/08/2022
S109994,7.82,0,3.3,0,0,0,02/07/2022
S109995,7.39,1,1.7,1,0,0,2023-04-12
S109996,7.96,1,6.3,0,0,1,01-29-2022
S109997,7.13,1,2.2,0,1,0,2022-05-16
S109998,6.03,0,10.1,0,1,0,2022-05-17
S109999,5.69,0,1.0,0,0,0,07/08/2022
S103176,6.24,1,5.7,0,0,1,03-25-2023
S102685,6.91,2,1.7,1,0,1,2022-07-19
S101612,6.15,0,1.0,1,0,0,2023-07-14
S108438,5.2,2,10.6,1,0,2,2023-07-01
S108592,7.8,0,5.5,0,0,0,2023-03-17
S102081,7.04,2,4.5,1,0,0,2023-03-26
S106712,6.48,1,2.5,1,1,0,27/06/2023
S106361,3.98,0,3.5,1,0,0,2022/09/30 06:49:47
S105986,5.01,3,2.7,0,0,0,2023-06-24
S107557,7.78,2,5.5,1,1,0,2022-08-14
S107182,4.24,2,1.0,1,0,1,2023-01-09
S106413,9.21,2,7.0,0,1,0,2023-04-19
S106322,6.74,2,4.2,0,0,0,28/01/2022
S107222,7.57,0,2.6,1,1,0,2022-01-16
S102101,7.59,0,7.0,1,0,0,2021-11-25
S103839,7.89,0,7.0,1,0,0,2022-10-20
S109779,7.91,2,1.6,1,1,0,2022-01-13
S102032,4.44,1,1.0,0,0,0,26/12/2021
S107217,7.95,1,2.0,1,1,0,2022-07-10
S105005,6.07,0,1.0,0,0,0,24/07/2022
S106288,7.45,2,10.4,0,1,0,2022-08-26
S104729,7.6,1,10.9,0,0,1,06/02/2022
S109573,9.73,0,4.7,1,2,0,05/11/2021
S106204,5.39,1,1.5,1,2,1,2023-06-25
S102417,5.43,0,2.0,1,1,0,2022-02-28
S106082,4.91,0,10.2,0,0,0,21/02/2023
S102132,6.14,0,1.9,0,1,1,2023-08-21
S106563,6.67,0,22.7,1,1,1,2023-07-08
S101059,8.85,3,6.4,1,2,1,2023-08-02
S100381,4.46,1,6.6,1,0,2,03/01/2023
S107359,6.25,0,2.3,0,0,1,2021-08-24
S108344,6.7,0,3.5,0,0,1,2023-04-07
S103632,7.72,2,1.7,0,2,1,2022-10-29
S108447,6.71,1,17.2,0,0,1,2021-10-10
S105553,6.21,4,2.0,0,0,2,19/03/2023
S100863,8.84,4,12.1,1,0,1,2023-03-06
S109472,8.48,0,1.0,1,1,0,2021-07-11
S106908,6.55,0,4.1,0,0,1,2023/02/09 14:45:06
S105359,8.01,0,1.0,0,0,0,04/05/2022
S105042,7.97,0,5.1,0,1,1,2023-03-31
S103243,5.49,0,2.0,0,0,1,09/12/2021
S107753,8.21,0,12.4,1,2,0,09/08/2023
S105768,6.5,2,3.0,1,0,1,2022-01-12
S104743,5.75,1,2.9,1,0,0,2021-07-29
S105800,5.96,1,4.7,0,0,0,12-03-2021
S109715,4.94,0,1.0,1,1,0,2022-10-10
S102494,7.13,0,1.4,1,0,0,20/08/2021
S106259,6.34,0,,1,2,0,12-12-2022
S109180,10.0,0,2.7,0,0,1,2023-05-31
S108510,5.8,1,7.4,0,0,0,2022/08/22 17:58:17
S102815,7.83,0,2.1,0,0,0,03/01/2023
S103992,5.44,0,2.5,0,0,0,15/02/2022
S100526,7.36,0,6.9,0,1,0,2023/01/29 15:17:37
S103802,8.61,0,5.5,1,0,0,2022-05-29
S107907,6.54,0,5.6,1,1,0,2022-10-29
S104715,5.97,0,8.6,1,0,0,2023-01-05
S108750,7.41,0,3.0,1,0,0,29/10/2021
S100610,6.66,1,2.8,0,1,0,2021-09-05
S100717,7.33,0,4.1,0,0,0,27/01/2022
S104777,5.89,1,5.0,1,0,1,08-25-2022
S102242,6.49,0,1.2,1,0,0,09/09/2021
S109006,5.27,2,,1,0,0,27/06/2022
S104215,6.73,0,1.0,0,1,0,20/07/2021
S101021,8.16,1,3.0,1,0,0,11/08/2023
S104297,8.85,2,1.0,0,0,0,18/06/2023
S104963,10.0,0,1.2,0,1,2,2023-04-29
S104864,6.6,0,6.2,0,0,1,12/04/2023
S104624,8.43,0,5.2,1,0,0,2022-05-20
S109548,6.98,0,1.0,1,1,1,2022-07-06
S107638,7.63,3,2.2,1,0,0,05/09/2022
S107118,3.5,0,40.3,0,0,0,2022-06-02
S108412,9.26,1,9.5,1,1,0,2023-01-18
S101742,7.16,1,1.0,0,1,0,2023-01-28
S109932,5.42,0,2.0,0,0,0,2021-08-13
S103114,7.74,0,8.0,1,0,0,20/03/2023
S102514,8.3,0,2.4,0,1,0,24/04/2023
S101798,8.61,0,1.0,1,0,0,2022-01-23
S107130,5.96,1,1.0,1,2,0,03/01/2022
S104045,6.03,0,5.0,1,1,0,2023-05-07
S105100,6.03,0,1.3,1,1,1,2021-07-19
