roll_no,attendance_percentage,study_hours_daily,self_learning_hours,study_hours_per_week,last_sync_time
S100000,66.24,3.07,1.97,15.55,01-28-2024
S100001,42.2%,3.9,0.81,18.94,22/01/2024
S100002,0.829,3.96,0.44,17.39,2024-04-06
S100003,97.48,0.92,1.16,6.05,2024-05-03
S100004,95%,2.56,2.03,13.7,03-27-2024
S100005,46.0,1.53,0.05,19.57,2024-02-09
S100006,59%,1.42,0.8,17.93,03-20-2024
S100007,97.7,4.38,6.43,9.53,24/04/2024
S100008,79%,2.49,0.06,17.91,2024-05-09
S100009,51.08,5.0,1.26,21.4,18/02/2024
S100010,65.59,2.6,5.68,8.17,2024-02-06
S100011,97%,5.85,0.03,1.28,03/02/2024
S100012,72.72,1.56,1.69,27.42,2024-04-01
S100013,75.3,1.92,8.0,17.21,2024-04-21
S100014,67.59,2.83,0.61,11.8,2024-04-16
S100015,75.38,2.48,4.95,11.56,2024-05-07
S100016,53.33,3.7,1.24,16.03,2024-05-01
S100017,0.6105,0.0,2.29,22.29,2024-01-29
S100018,79.46,5.72,0.71,4.43,02-22-2024
S100019,91.26,3.61,1.57,12.19,2024-01-26
S100020,87.21,4.7,0.72,26.58,28/05/2024
S100021,84.6%,1.67,1.09,20.77,05-28-2024
S100022,61%,5.34,2.11,20.18,2024-05-15
S100023,63.54,0.32,1.87,17.85,2024-05-01
S100024,74.38,3.87,6.83,17.17,19/05/2024
S100025,81.5%,5.83,0.14,11.72,02/03/2024
S100026,0.782,3.12,5.04,11.09,2024-04-27
S100027,63.8%,3.62,1.23,20.64,2024-04-17
S100028,80.44,4.43,0.55,11.22,2024-05-15
S100029,78%,4.2,0.83,16.99,2024-01-12
S100030,76.62,3.48,1.06,16.06,2024-04-14
S100031,92.08,0.49,3.75,30.34,2024-05-27
S100032,83.9,0.0,0.43,13.88,2024-04-04
S100033,76.31,2.91,0.96,23.18,12/01/2024
S100034,100.0,3.45,0.13,19.95,10/01/2024
S100035,78%,4.63,0.91,14.18,19/05/2024
S100036,91.08,3.18,0.58,6.29,2024-03-18
S100037,83.97,2.63,0.62,14.63,05-05-2024
S100038,0.6816,4.87,1.99,21.29,2024-03-13
S100039,50.58,3.92,0.41,6.43,03-02-2024
S100040,81.7%,2.53,1.64,20.85,14/04/2024
S100041,63.46,3.37,1.48,24.4,2024-04-15
S100042,65%,2.62,2.5,15.67,29/05/2024
S100043,77.99,2.37,3.73,21.4,2024-01-21
S100044,100.0%,4.25,1.41,15.98,2024-03-28
S100045,73.79,2.27,4.17,19.0,2024-02-24
S100046,53.57,3.1,0.38,25.46,27/04/2024
S100047,79.93,4.07,2.26,4.12,03-18-2024
S100048,70.01,2.55,1.93,9.64,04/03/2024
S100049,89.35,4.47,3.56,23.75,04-19-2024
S100050,68.73,6.4,1.25,25.05,2024/05/15 01:41:18
S100051,50.62,0.81,0.53,5.14,2024-05-03
S100052,100.0,3.6,0.08,25.94,2024-04-10
S100053,0.795,1.88,1.27,0.0,24/04/2024
S100054,81.8%,2.91,2.41,19.38,2024-03-06
S100055,79.25,0.0,0.25,16.53,2024-01-25
S100056,66%,3.39,0.11,9.87,22/05/2024
S100057,89.62,3.16,0.56,10.3,2024-05-17
S100058,59%,2.19,0.28,10.56,2024-03-13
S100059,70.82,5.28,0.25,13.57,10/03/2024
S100060,68.7%,2.16,0.36,28.9,2024-04-18
S100061,81%,1.58,4.4,20.76,2024-02-06
S100062,90.32,0.82,1.56,25.04,2024-05-03
S100063,76.2,4.82,1.0,12.75,17/01/2024
S100064,79.45,3.1,1.71,16.61,2024-03-05
S100065,71.06,2.4,0.64,7.5,04/02/2024
S100066,83%,2.85,2.11,13.05,02-05-2024
S100067,65%,1.13,0.53,11.13,20/03/2024
S100068,0.762,2.69,0.53,18.42,01-16-2024
S100069,81.42,3.68,0.33,10.05,01-21-2024
S100070,70.34,3.97,1.03,9.14,2024-04-10
S100071,73.05,4.57,0.09,17.77,22/04/2024
S100072,86.79,2.72,0.67,14.63,2024-01-28
S100073,72.48,4.13,1.56,10.1,2024-05-18
S100074,78.3%,2.33,0.31,9.07,14/03/2024
S100075,82.48,3.41,0.53,10.09,2024-03-12
S100076,79.84,2.34,1.58,20.7,2024-02-06
S100077,66.0,3.54,0.21,17.92,21/04/2024
S100078,83.42,3.59,2.97,9.71,2024-04-18
S100079,74.44,2.31,0.79,9.99,2024-05-18
S100080,83%,3.38,1.08,6.97,03-26-2024
S100081,76.49,1.78,0.31,12.25,2024-03-26
S100082,88.43,0.37,0.19,15.86,08/04/2024
S100083,77.76,3.98,3.39,8.85,2024-05-27
S100084,89%,1.14,1.55,30.31,04-10-2024
S100085,100.0,2.47,2.5,19.37,2024-03-07
S100086,81.9,1.98,0.09,14.77,2024-05-19
S100087,74.66,1.42,1.16,15.6,2024-05-27
S100088,70.27,1.65,0.93,5.26,09/05/2024
S100089,67.46,3.37,,6.61,2024-04-24
S100090,73.45,2.12,1.93,24.26,07/05/2024
S100091,100%,4.06,0.02,26.45,2024-05-10
S100092,78.08,3.59,2.36,0.0,05-11-2024
S100093,70.45,1.48,3.17,18.29,2024-05-02
S100094,80%,3.28,1.12,24.67,2024-02-18
S100095,75.5,5.38,2.31,12.61,27/02/2024
S100096,52.69,2.42,0.15,25.64,19/02/2024
S100097,65.08,4.18,2.56,20.37,25/03/2024
S100098,91.05,1.14,0.97,18.16,2024-05-16
S100099,90.02,3.4,0.75,13.29,12/05/2024
S100100,73.24,6.77,0.23,15.64,2024-05-03
S100101,62.66,1.87,0.79,11.87,2024/04/02 19:08:15
S100102,73.3%,3.73,0.29,17.08,2024-05-26
S100103,76.0%,3.65,6.12,16.77,2024-05-18
S100104,91.46,6.59,0.74,11.96,04-12-2024
S100105,77.26,2.73,1.24,1.37,2024-02-20
S100106,0.6186,3.2,0.52,13.64,2024/01/23 07:28:43
S100107,100.0,3.19,0.83,7.87,15/04/2024
S100108,77.54,4.51,2.52,7.15,11/02/2024
S100109,60.6%,4.56,5.4,10.17,2024-05-28
S100110,64.37,5.93,7.23,20.79,12/04/2024
S100111,78.5,3.63,0.65,7.22,2024-02-20
S100112,60.98,1.06,4.95,8.79,19/01/2024
S100113,80%,3.79,0.19,19.95,2024-03-23
S100114,83.59,4.86,1.36,9.64,2024-02-18
S100115,89.13,5.67,0.39,7.11,2024-04-07
S100116,97.15,3.0,0.31,20.66,21/02/2024
S100117,66.76,0.0,0.32,14.09,07/02/2024
S100118,80.59,5.92,0.4,15.46,15/02/2024
S100119,77.31,2.96,2.94,13.43,2024-02-12
S100120,76.61,3.12,2.23,17.96,2024-04-25
S100121,65.08,2.43,3.43,19.8,2024-02-01
S100122,65.63,3.3,2.8,14.14,2024-03-22
S100123,75.43,1.12,7.61,4.51,01/04/2024
S100124,63.59,0.09,5.51,17.08,2024-03-05
S100125,97.51,3.12,1.89,12.62,2024-01-14
S100126,76.02,5.74,0.07,21.0,03-21-2024
S100127,94.44,3.92,1.89,8.73,2024/01/29 05:03:47
S100128,75%,2.53,0.41,12.8,21/04/2024
S100129,80.23,0.42,4.26,4.63,2024-01-29
S100130,0.9323,2.7,3.48,20.48,2024-03-28
S100131,77.94,5.43,3.15,23.58,2024-01-26
S100132,73.85,4.62,4.3,11.58,02/05/2024
S100133,79.05,0.96,1.68,13.64,2024-02-03
S100134,74.71,2.56,3.62,9.33,2024-04-01
S100135,63.32,1.1,0.52,10.01,2024-04-16
S100136,77.55,1.92,0.34,19.85,31/01/2024
S100137,81.11,1.34,0.01,11.47,2024-05-22
S100138,66.55,4.02,1.34,18.33,2024-05-14
S100139,67%,4.82,4.1,14.89,2024-05-20
S100140,100%,3.27,0.25,20.25,2024-01-11
S100141,91.83,2.88,0.52,12.25,2024-01-30
S100142,72.1,2.04,3.12,22.6,2024-01-30
S100143,78.82,3.39,3.02,28.13,19/02/2024
S100144,76.67,1.57,0.91,3.1,02-02-2024
S100145,93%,3.51,0.02,14.35,01-22-2024
S100146,87.46,4.78,0.88,14.35,2024-01-22
S100147,60.31,2.34,3.66,9.99,2024/04/11 03:56:39
S100148,77.48,1.86,0.73,17.85,2024-03-27
S100149,83.41,4.45,4.36,22.84,22/01/2024
S100150,79.09,2.92,1.38,1.18,25/05/2024
S100151,56.99,2.24,0.99,0.65,2024-01-20
S100152,73.5,3.27,0.53,26.6,2024-04-22
S100153,82.9,3.74,0.62,13.32,02-15-2024
S100154,79.09,3.08,1.2,15.63,08/02/2024
S100155,96.16,3.17,0.98,7.52,2024-03-16
S100156,54.76,4.42,0.11,15.31,2024-04-25
S100157,85.19,2.6,0.98,24.58,16/05/2024
S100158,0.6354,0.41,0.02,18.47,2024/03/23 17:29:26
S100159,59.69,4.05,0.79,16.35,13/02/2024
S100160,94.94,6.5,2.37,2.61,27/03/2024
S100161,0.4479,0.62,2.02,20.2,02-12-2024
S100162,77.21,2.46,0.69,15.07,03/05/2024
S100163,73.83,3.1,0.45,10.74,02-28-2024
S100164,75%,2.02,0.42,19.5,2024-03-15
S100165,83.37,0.88,2.07,9.07,26/01/2024
S100166,0.7751,3.31,0.35,18.93,07/03/2024
S100167,86.97,5.14,1.06,23.52,2024-03-08
S100168,68.8%,2.66,0.12,16.08,2024-04-20
S100169,59.99,6.16,1.04,12.03,01-20-2024
S100170,89.5,3.67,2.06,10.99,2024-01-28
S100171,54.32,1.02,2.8,17.68,2024-04-01
S100172,71.96,3.94,2.31,11.98,23/04/2024
S100173,75.98,2.66,1.86,31.57,2024-02-13
S100174,73.07,3.04,0.31,5.09,2024-03-04
S100175,70.32,1.58,1.41,14.09,04-19-2024
S100176,88.95,5.21,0.51,16.91,2024-03-03
S100177,73.0,4.47,1.58,16.07,2024-04-09
S100178,84.59,2.18,2.37,11.07,2024-02-26
S100179,53.36,3.69,0.8,23.63,03-18-2024
S100180,77.19,3.05,1.42,19.67,2024-04-27
S100181,77.84,0.6,0.62,20.18,2024-02-13
S100182,85.3,5.42,4.95,10.32,2024-04-23
S100183,67.1,2.6,2.7,12.18,2024-02-15
S100184,83.47,3.28,2.14,18.42,2024/04/11 08:12:28
S100185,85.09,3.5,0.35,7.3,03-07-2024
S100186,62.42,2.11,2.97,19.66,2024-01-14
S100187,60.22,3.32,5.07,14.29,19/04/2024
S100188,64.18,3.16,0.06,22.45,2024-02-09
S100189,41.29,2.67,0.44,12.01,2024-02-25
S100190,79.49,2.77,2.11,27.7,2024-03-06
S100191,76.04,4.38,1.27,17.87,18/05/2024
S100192,71.41,4.33,2.94,18.64,2024-03-04
S100193,75.33,2.46,2.27,10.15,21/02/2024
S100194,81.82,2.49,1.16,16.77,2024-02-23
S100195,66.05,3.01,1.82,11.16,2024-03-08
S100196,77.55,3.59,1.57,4.22,03-07-2024
S100197,88.53,0.0,2.68,13.63,2024-01-18
S100198,85.35,4.34,0.86,23.14,16/01/2024
S100199,73.86,5.76,0.36,14.55,04/02/2024
S100200,61%,0.96,1.63,12.94,2024-02-27
S100201,66.8%,1.41,4.4,12.85,05-04-2024
S100202,83.46,2.75,1.64,30.69,16/05/2024
S100203,70.5%,2.05,0.17,19.26,11/01/2024
S100204,0.8021,3.54,2.78,3.87,2024-01-27
S100205,63.24,3.43,0.19,11.2,04/05/2024
S100206,67.17,1.27,3.2,12.19,04/03/2024
S100207,76.0,4.72,0.74,9.95,10/04/2024
S100208,60.22,3.92,1.08,15.45,2024-02-20
S100209,74.88,3.37,0.67,10.98,11/02/2024
S100210,83.13,2.74,2.19,11.41,2024/03/23 00:34:46
S100211,72%,5.15,1.25,16.07,2024-05-16
S100212,66.3%,4.94,4.42,4.21,26/01/2024
S100213,89.35,3.7,0.29,0.0,16/01/2024
S100214,69.32,2.23,0.35,23.7,09/04/2024
S100215,0.9942,6.7,,20.86,2024-03-25
S100216,74.26,2.39,0.12,17.58,20/05/2024
S100217,80.8%,2.99,0.18,17.13,02-08-2024
S100218,0.6121,6.79,0.48,13.68,15/05/2024
S100219,96.59,3.84,8.0,36.11,2024-04-20
S100220,83.23,5.18,6.07,16.35,2024-04-22
S100221,91.05,0.0,1.88,33.26,2024-05-09
S100222,67.51,4.09,0.37,29.44,08/05/2024
S100223,78.28,1.43,0.49,18.23,28/04/2024
S100224,50.36,1.39,3.06,13.53,2024-04-12
S100225,54.21,3.13,6.21,15.11,2024-05-05
S100226,81.44,4.95,1.65,12.19,2024-05-13
S100227,41.67,3.21,3.09,18.23,19/04/2024
S100228,75.68,2.53,1.5,19.72,2024-03-05
S100229,72.71,1.03,5.08,6.43,2024-02-19
S100230,66.49,3.4,2.41,33.3,2024-01-26
S100231,78.01,3.17,1.85,9.53,24/03/2024
S100232,68.88,4.27,2.04,0.0,2024-05-07
S100233,74.31,3.0,0.86,14.43,05/03/2024
S100234,70.6,4.53,8.0,6.96,2024-01-26
S100235,0.7232,2.57,4.11,14.63,2024-01-13
S100236,86.4%,3.98,2.86,15.5,2024-02-25
S100237,82.12,4.48,1.85,18.12,2024-02-21
S100238,78.21,2.15,,22.04,2024-03-20
S100239,49.73,3.04,2.92,7.95,2024-02-25
S100240,74.48,4.21,0.01,12.46,2024-01-19
S100241,66.61,2.13,4.59,19.75,2024-02-04
S100242,80.27,6.15,0.79,10.4,04-21-2024
S100243,84.74,3.14,1.74,1.86,30/03/2024
S100244,66%,1.78,1.81,19.34,2024-01-19
S100245,99.34,1.6,0.8,11.04,2024-03-07
S100246,78%,4.69,2.44,10.58,2024/03/31 20:29:58
S100247,1.0,4.65,0.19,15.84,2024-05-03
S100248,42.55,1.81,0.85,15.03,02-15-2024
S100249,80.66,3.03,1.42,21.98,26/02/2024
S100250,66.84,1.71,2.85,6.26,2024-04-25
S100251,47.98,0.87,0.18,30.84,2024/04/30 07:40:15
S100252,75.19,3.27,1.31,5.1,2024-04-15
S100253,89.5%,4.47,0.01,12.29,2024-04-05
S100254,77.53,5.6,2.94,8.92,2024-02-26
S100255,72.19,1.55,2.73,15.39,28/05/2024
S100256,83.11,3.22,3.67,15.13,2024-04-07
S100257,86.25,3.47,0.85,16.16,2024-02-06
S100258,95.68,4.4,7.49,16.83,28/04/2024
S100259,97.95,1.73,1.32,24.14,2024-02-05
S100260,66.77,4.33,1.44,16.1,2024-04-22
S100261,54.6,1.78,0.18,24.72,2024-02-26
S100262,58.1%,3.55,0.93,2.75,05/03/2024
S100263,87.83,3.21,0.78,0.0,04-02-2024
S100264,73.71,2.74,3.43,15.89,22/04/2024
S100265,1.0,4.66,2.73,17.29,2024-03-18
S100266,62.77,0.74,0.96,11.26,2024-03-25
S100267,63.68,4.09,1.88,14.93,2024-03-19
S100268,83.98,3.19,8.0,22.53,01-22-2024
S100269,100.0,3.41,1.07,19.69,13/05/2024
S100270,100.0,0.58,0.33,12.69,2024-05-04
S100271,83%,3.69,0.39,16.39,2024-03-06
S100272,75.24,1.31,1.94,20.31,2024-03-30
S100273,0.7868,3.45,5.51,6.39,24/04/2024
S100274,66.08,3.31,0.47,9.37,01-11-2024
S100275,81.76,1.68,0.31,21.46,2024-03-22
S100276,56.2,1.2,0.02,2.89,24/01/2024
S100277,73.5%,1.24,2.9,7.37,2024-02-21
S100278,95.74,4.06,0.28,6.51,2024-03-05
S100279,74.5,0.26,4.1,21.42,2024-01-14
S100280,100.0,4.07,2.43,7.41,2024-05-28
S100281,92.84,4.47,0.32,20.54,2024-02-15
S100282,100%,3.16,3.57,12.53,2024-05-04
S100283,58.39,3.79,2.24,27.45,04-09-2024
S100284,64.94,1.64,0.07,15.9,2024-03-10
S100285,64%,2.18,0.14,22.47,2024-04-23
S100286,87.68,2.22,0.57,18.22,2024-05-23
S100287,79%,5.51,1.03,11.84,2024/01/29 04:50:27
S100288,0.8305,2.6,6.61,14.91,2024-05-23
S100289,66.29,4.17,3.91,15.06,2024-05-24
S100290,66.6,3.47,0.34,11.77,2024/04/28 22:48:31
S100291,71%,0.86,1.32,21.22,2024-02-02
S100292,76.02,1.99,1.24,32.57,2024-05-22
S100293,73.73,4.01,3.89,15.81,2024-05-28
S100294,71.18,3.09,1.14,20.02,2024-04-19
S100295,85.7,2.88,3.46,18.7,2024-05-14
S100296,50.58,2.0,0.54,0.0,21/05/2024
S100297,0.9323,5.67,0.59,18.44,2024-04-27
S100298,77%,3.94,0.46,18.09,05-26-2024
S100299,74.4%,4.16,1.23,6.26,2024-01-21
S100300,74.51,0.37,0.25,2.48,2024-03-14
S100301,67.61,2.47,0.81,17.99,2024-03-03
S100302,56.01,4.02,4.63,26.52,2024-01-31
S100303,89.6%,3.49,0.29,12.41,2024-03-25
S100304,0.8597,0.73,1.55,12.68,2024/01/23 11:24:18
S100305,70.91,3.46,3.02,31.16,2024-05-16
S100306,69.96,1.28,1.9,21.27,2024-03-05
S100307,71.17,4.84,2.23,6.5,2024-02-11
S100308,58.97,0.0,1.16,10.01,2024-03-09
S100309,82.38,3.3,7.67,30.25,21/04/2024
S100310,99.89,3.74,0.3,10.36,2024-04-22
S100311,94%,2.38,2.79,11.27,2024-02-19
S100312,84.98,4.22,0.28,19.69,04-26-2024
S100313,74.66,5.71,,13.16,2024-03-12
S100314,0.8553,2.66,2.1,18.1,2024-04-06
S100315,74.28,1.05,,17.02,11/05/2024
S100316,52.38,1.15,0.19,13.98,2024-01-28
S100317,84.28,5.32,2.54,23.47,2024-03-07
S100318,84.92,3.58,1.66,6.07,2024-05-12
S100319,84.39,2.86,4.26,15.82,14/01/2024
S100320,84.86,1.56,0.89,10.94,2024-03-02
S100321,0.8487,4.94,1.12,26.49,01-14-2024
S100322,73.6%,1.49,0.96,13.78,29/01/2024
S100323,96.86,0.87,2.37,28.46,23/03/2024
S100324,67.13,2.73,1.89,12.05,2024/05/25 10:09:00
S100325,68.02,4.32,0.39,15.76,23/04/2024
S100326,70.56,3.31,0.78,22.62,2024-04-12
S100327,61.06,0.96,0.64,8.31,01/05/2024
S100328,83%,1.41,0.81,25.56,04-17-2024
S100329,84.83,3.18,0.19,15.18,2024-05-19
S100330,81.42,5.14,6.45,17.88,28/04/2024
S100331,54.04,2.69,5.86,18.82,2024-04-04
S100332,94.72,4.69,2.24,14.47,01/02/2024
S100333,85%,1.32,0.9,9.33,01/04/2024
S100334,82.0,2.65,3.63,15.66,05-28-2024
S100335,55.57,4.63,2.11,0.92,01/05/2024
S100336,56.4,2.37,0.1,5.83,04-19-2024
S100337,60.49,2.86,0.16,14.02,2024-04-16
S100338,55.38,4.67,2.58,25.83,10/04/2024
S100339,0.5291,2.45,0.37,25.62,2024/01/12 02:13:11
S100340,84.27,4.53,1.87,21.86,09/03/2024
S100341,78.6%,1.31,0.36,4.23,26/03/2024
S100342,82.31,2.83,1.15,17.11,04-17-2024
S100343,71%,2.83,1.48,8.98,2024-04-15
S100344,67.0%,2.61,1.27,14.53,2024-03-21
S100345,55.29,2.52,0.49,21.68,2024/05/16 16:58:08
S100346,76.1%,2.23,0.75,19.61,12/03/2024
S100347,79.48,1.29,1.64,23.98,2024-04-22
S100348,85.05,4.68,5.74,5.14,2024-05-18
S100349,79.04,3.63,3.51,7.84,28/02/2024
S100350,73.59,1.88,0.52,25.55,23/03/2024
S100351,80.07,2.99,0.96,25.65,2024-04-12
S100352,68.79,0.1,1.42,14.89,2024-01-25
S100353,95.28,4.43,0.56,14.84,19/02/2024
S100354,81.43,3.81,0.24,23.21,2024/05/25 00:32:37
S100355,76.01,2.03,0.79,18.72,20/01/2024
S100356,81.6%,1.87,5.05,19.24,11/01/2024
S100357,66.76,4.3,0.48,8.53,2024-05-13
S100358,89.34,4.32,0.43,23.05,2024-02-21
S100359,85.0,0.76,0.57,13.6,2024-04-16
S100360,62%,4.13,3.62,5.25,2024-03-23
S100361,59.36,4.81,3.58,9.53,2024-03-19
S100362,100.0,2.55,0.87,10.82,2024-04-22
S100363,63.38,2.36,5.37,25.35,2024-05-16
S100364,78.03,2.35,0.6,10.12,2024/02/29 15:01:52
S100365,76.98,1.86,1.49,17.69,2024-03-23
S100366,71.41,1.97,2.11,0.23,2024-02-14
S100367,87.32,3.97,0.78,21.56,2024-01-24
S100368,93.18,4.8,3.75,9.46,2024-04-29
S100369,45.45,3.59,0.25,17.74,07/04/2024
S100370,73.1,2.97,4.23,17.73,2024-03-16
S100371,80.99,3.79,0.99,19.43,08/03/2024
S100372,74.82,4.88,1.24,17.33,11/05/2024
S100373,61.21,4.19,3.43,28.4,26/01/2024
S100374,65.45,5.95,1.69,16.46,2024-02-16
S100375,76.48,2.12,0.26,30.74,19/02/2024
S100376,82.71,2.0,0.7,19.46,2024-01-29
S100377,69.09,4.25,3.64,16.92,20/05/2024
S100378,68.7,1.55,0.29,21.24,24/02/2024
S100379,82.23,2.97,0.46,16.38,30/03/2024
S100380,93.01,4.57,1.15,18.14,2024-01-17
S100381,52.12,3.48,1.88,17.43,2024-04-01
S100382,80.92,4.18,0.72,16.73,2024-02-17
S100383,61.47,4.16,2.18,29.83,2024-04-26
S100384,0.8115,4.23,4.23,30.91,27/03/2024
S100385,70.04,3.94,1.12,17.29,2024-05-06
S100386,68.41,2.88,0.28,23.82,13/03/2024
S100387,89.39,4.31,0.68,23.41,2024-02-24
S100388,95.81,5.66,1.05,22.65,13/04/2024
S100389,84.98,2.59,3.48,18.82,2024-05-27
S100390,87.54,2.09,3.75,19.64,21/01/2024
S100391,74.13,4.54,0.2,19.0,14/04/2024
S100392,83.4%,2.93,5.13,9.97,2024-01-28
S100393,65.9%,1.74,0.3,14.54,22/02/2024
S100394,87.7,4.02,0.62,6.62,13/05/2024
S100395,66%,1.73,4.18,19.04,28/04/2024
S100396,77.75,2.26,3.46,18.02,17/03/2024
S100397,81.75,4.31,4.04,19.9,19/05/2024
S100398,94.28,0.73,1.81,9.58,2024-04-21
S100399,66.03,2.91,0.51,21.75,2024-02-12
S100400,76.72,4.77,1.94,18.3,2024/02/21 19:51:30
S100401,88.02,2.2,3.45,30.63,02-28-2024
S100402,77.92,4.62,4.25,20.64,2024-01-17
S100403,67.62,4.48,0.51,10.82,2024-05-27
S100404,55.54,0.77,0.57,5.55,01-13-2024
S100405,75.66,2.83,1.72,16.53,18/02/2024
S100406,70%,3.43,1.17,7.8,2024/04/13 00:00:08
S100407,76.24,4.76,2.6,9.86,2024-05-24
S100408,47%,2.72,0.28,8.24,2024-05-20
S100409,90.0%,3.29,1.27,10.93,2024-02-09
S100410,88.36,0.98,1.98,25.19,04-06-2024
S100411,50.81,2.14,0.08,8.23,2024/05/22 21:45:20
S100412,70.16,1.24,0.08,12.03,2024-02-02
S100413,0.9761,1.63,0.09,4.99,2024-05-19
S100414,92%,1.58,1.77,3.06,2024-04-01
S100415,81.73,5.6,3.57,13.04,03-18-2024
S100416,51.29,3.25,0.45,16.45,2024-04-16
S100417,62%,4.6,0.0,6.95,01-25-2024
S100418,95%,3.17,0.71,4.36,2024-05-15
S100419,67.9,3.07,1.15,1.9,2024-04-02
S100420,75.47,5.22,7.3,16.02,03/03/2024
S100421,82.08,2.54,1.08,21.54,2024-04-11
S100422,75%,2.61,8.0,5.0,2024-02-09
S100423,68.9%,1.23,2.6,10.47,01-17-2024
S100424,67.09,3.65,1.37,22.58,2024-02-06
S100425,65.9%,3.39,1.14,13.51,11/02/2024
S100426,85.79,2.98,0.39,14.3,2024-04-16
S100427,61.9%,3.55,0.11,17.66,2024-03-06
S100428,86.35,2.89,1.8,11.9,2024-05-26
S100429,99%,2.23,1.16,9.56,2024-01-10
S100430,81%,2.24,0.01,17.15,2024-04-09
S100431,78.51,6.25,1.11,5.33,14/05/2024
S100432,81.8,3.39,0.5,3.71,2024-04-06
S100433,63.6%,5.03,5.47,10.16,2024-04-25
S100434,73.47,2.03,0.88,19.98,2024-02-07
S100435,72%,2.45,3.67,23.14,01-22-2024
S100436,76.4%,2.62,0.07,11.68,12/03/2024
S100437,82.61,1.75,1.36,20.81,15/05/2024
S100438,70.7,3.36,6.43,24.67,2024-02-02
S100439,75.1,2.73,2.23,15.26,2024-04-27
S100440,70.61,1.96,4.35,19.45,2024-01-27
S100441,0.5263,1.41,2.41,28.07,2024-04-29
S100442,74.98,4.94,0.47,10.07,25/01/2024
S100443,67.7,2.97,0.02,13.31,2024-04-18
S100444,61.73,5.5,3.87,26.2,2024-03-19
S100445,92.26,1.55,1.55,8.42,2024-03-14
S100446,66.72,2.27,0.03,16.09,2024-05-22
S100447,94.42,2.63,3.69,10.6,12/05/2024
S100448,86.69,3.1,0.14,24.55,24/03/2024
S100449,67.58,5.03,0.63,6.71,2024-04-11
S100450,92.3%,0.51,0.62,14.53,05-21-2024
S100451,0.5174,1.01,0.77,7.67,2024-02-19
S100452,71.56,0.0,1.74,4.73,03-27-2024
S100453,93.27,3.07,1.87,1.71,2024-04-11
S100454,67.94,3.97,2.23,13.85,2024-02-22
S100455,69.24,2.22,0.75,18.39,2024-02-26
S100456,67.38,5.64,1.04,15.13,01-22-2024
S100457,93.56,0.1,1.58,16.64,2024-01-17
S100458,74.64,3.82,2.66,11.96,03/02/2024
S100459,65.5,4.33,2.14,21.89,2024-03-28
S100460,77.11,1.14,0.17,20.09,02-04-2024
S100461,93.58,2.85,3.46,15.88,2024-03-16
S100462,94.51,6.86,3.58,16.44,11/03/2024
S100463,63.95,3.15,0.46,11.74,2024-03-10
S100464,57.2,4.39,0.74,28.62,24/02/2024
S100465,81.6,4.66,0.82,20.66,2024-04-17
S100466,75.14,6.18,1.26,14.28,2024-02-14
S100467,77.23,2.74,6.75,13.79,2024-02-18
S100468,100.0,1.27,0.4,12.27,2024/02/18 00:44:08
S100469,88.88,4.98,,12.91,2024-05-15
S100470,75.39,2.76,0.26,16.72,2024/03/14 17:39:30
S100471,63.04,2.14,0.22,3.05,2024-05-16
S100472,67.18,4.04,1.11,13.26,2024-05-17
S100473,88.19,2.9,0.09,14.08,2024-01-20
S100474,73.67,2.68,0.02,14.94,2024-01-25
S100475,99.1,2.94,0.01,16.22,17/04/2024
S100476,0.7416,3.76,0.29,15.22,2024-02-10
S100477,60.06,1.66,7.11,17.84,2024-03-15
S100478,89.9,4.2,1.95,14.06,2024-03-03
S100479,90.1%,3.66,2.98,21.92,2024-04-11
S100480,70%,4.18,3.51,19.6,27/05/2024
S100481,65.21,4.19,1.42,30.72,2024-03-12
S100482,74.1,0.83,4.04,19.91,2024-01-13
S100483,83.38,0.33,1.78,9.78,2024-02-11
S100484,80.08,2.56,4.47,13.9,21/03/2024
S100485,81.69,4.24,2.66,11.45,2024-05-27
S100486,64.41,4.57,0.42,15.06,2024/05/04 06:53:47
S100487,63.31,2.3,0.66,22.69,18/03/2024
S100488,99.83,2.73,0.87,12.73,2024-05-25
S100489,74.4,0.5,0.01,11.02,02/03/2024
S100490,65.76,2.09,0.66,18.61,15/02/2024
S100491,57.5,2.3,0.81,9.29,18/02/2024
S100492,75.18,2.1,5.42,8.88,2024-02-21
S100493,76.41,1.85,0.9,17.67,2024/01/11 05:07:02
S100494,72.8,5.13,1.37,2.46,2024-02-13
S100495,78.8%,4.3,2.33,11.62,2024-05-04
S100496,50.33,2.57,,20.99,2024-01-23
S100497,73.35,1.68,3.04,2.16,2024-03-29
S100498,82.61,3.46,0.15,2.67,2024-02-07
S100499,0.7066,1.6,1.12,4.96,30/01/2024
S100500,100.0,3.06,2.21,0.0,2024-03-26
S100501,86%,2.54,0.72,28.28,10/04/2024
S100502,94%,3.83,0.5,15.84,2024-04-20
S100503,67.34,3.42,5.26,10.31,2024-04-23
S100504,88.47,4.95,2.34,5.97,2024-03-30
S100505,78%,1.52,7.82,30.41,04/02/2024
S100506,88.5%,0.96,1.78,19.59,2024-05-03
S100507,82.29,4.53,2.52,14.1,28/05/2024
S100508,74.84,1.61,8.0,23.54,04-25-2024
S100509,78.08,1.8,3.69,17.72,2024-03-12
S100510,69.92,1.03,0.36,11.49,2024-04-21
S100511,64.25,1.32,1.17,10.76,2024-02-12
S100512,95.45,4.28,2.85,10.87,2024-04-15
S100513,98.95,1.41,0.45,7.89,2024-04-05
S100514,64.36,4.6,4.35,22.78,2024-05-29
S100515,84.87,2.7,3.03,11.37,20/04/2024
S100516,96.17,5.17,,24.47,2024-05-09
S100517,70.35,1.62,1.2,9.2,23/04/2024
S100518,0.632,6.8,0.85,10.81,09/05/2024
S100519,95.52,4.59,3.33,11.83,01-30-2024
S100520,71.53,5.48,1.78,8.71,05-04-2024
S100521,84%,0.94,0.81,10.9,2024-05-02
S100522,70.57,1.92,0.15,18.85,27/05/2024
S100523,69.0%,2.14,1.48,23.41,2024-05-27
S100524,64.45,2.79,5.65,17.09,15/03/2024
S100525,68.45,1.35,3.83,6.67,2024-02-22
S100526,100%,5.5,4.06,10.8,2024/02/07 20:26:39
S100527,74%,6.08,2.44,10.95,02-04-2024
S100528,85.31,4.82,1.59,26.9,05-02-2024
S100529,80.38,5.68,0.08,21.9,2024-03-07
S100530,87.43,3.17,0.25,23.5,2024-05-08
S100531,61.41,3.87,3.66,10.04,2024-03-28
S100532,79.46,3.93,4.73,6.09,05-29-2024
S100533,54.22,0.91,0.34,19.01,01-20-2024
S100534,77.54,5.04,0.37,11.78,2024-01-12
S100535,87.28,4.17,0.32,17.04,2024-02-13
S100536,39.22,1.33,0.05,17.89,2024-05-13
S100537,0.8351,6.09,2.23,12.23,15/02/2024
S100538,78.13,0.0,1.34,22.03,2024-04-25
S100539,88.98,2.31,3.23,4.78,2024-02-01
S100540,80%,3.56,0.5,15.77,2024-04-19
S100541,89%,2.81,1.59,19.75,2024-03-07
S100542,55.67,3.18,0.2,26.92,04-06-2024
S100543,65.56,1.1,0.64,15.94,09/03/2024
S100544,73.98,2.1,0.65,23.8,01/05/2024
S100545,80.43,2.47,0.2,23.34,01-20-2024
S100546,53.45,3.75,0.06,31.36,2024-01-31
S100547,88.36,3.32,1.55,17.27,2024-05-20
S100548,62.82,1.07,1.84,29.36,2024-04-05
S100549,0.9062,3.27,5.96,20.67,2024-05-20
S100550,77.89,1.91,0.29,4.26,14/03/2024
S100551,100.0,2.15,0.84,15.2,04-03-2024
S100552,99.12,1.38,1.82,8.58,17/02/2024
S100553,79.42,3.34,1.56,25.71,2024-05-10
S100554,100.0,1.53,3.78,16.18,2024-01-21
S100555,48.16,0.0,0.42,5.76,2024-03-11
S100556,57.14,3.2,2.61,21.18,2024-02-07
S100557,61.22,3.77,0.28,24.25,2024-03-02
S100558,88.09,3.39,0.95,12.18,2024-01-29
S100559,93.06,1.09,3.24,11.87,2024-05-19
S100560,77.7,0.86,0.18,16.41,21/01/2024
S100561,73.3%,1.09,0.82,2.33,2024/03/19 08:04:11
S100562,91.1%,1.51,2.86,19.97,06/02/2024
S100563,61.29,2.59,0.13,26.84,2024-02-14
S100564,100.0,3.13,1.25,10.45,2024/05/22 05:13:49
S100565,80.47,4.44,4.18,27.9,2024-03-12
S100566,71.21,4.55,2.62,21.96,28/04/2024
S100567,58.54,0.68,1.1,14.46,2024-05-04
S100568,0.897,2.89,2.51,19.44,2024-04-22
S100569,86.46,1.04,0.37,26.18,2024-03-05
S100570,85.56,3.36,1.3,15.99,05-20-2024
S100571,65.16,1.19,,17.75,12/05/2024
S100572,70.42,0.7,2.49,11.25,2024-04-13
S100573,86.5%,0.7,3.51,14.16,2024-05-02
S100574,80%,3.91,0.42,19.91,2024-04-10
S100575,78%,0.75,3.41,13.74,2024-05-05
S100576,51.74,1.72,1.25,11.48,2024-03-03
S100577,73.85,2.7,0.98,23.06,2024-01-10
S100578,56.53,3.39,4.14,18.38,14/04/2024
S100579,100%,5.05,1.0,11.64,2024-03-25
S100580,88%,2.66,0.96,27.27,2024-02-07
S100581,81%,1.49,2.31,29.8,12/03/2024
S100582,70.22,3.26,3.27,22.1,2024-04-06
S100583,81.64,1.38,6.55,6.64,31/01/2024
S100584,93.7,3.96,2.09,17.85,2024-05-11
S100585,67.92,4.4,1.03,19.12,23/04/2024
S100586,81.11,4.85,2.01,3.91,2024-05-14
S100587,61.18,1.1,1.55,23.34,2024-05-23
S100588,90.41,3.09,1.75,16.46,2024-04-22
S100589,73.98,3.13,1.85,22.86,2024-04-16
S100590,87.66,3.65,4.26,12.86,03/04/2024
S100591,90.77,3.59,0.28,18.39,05-03-2024
S100592,56%,2.95,0.73,18.72,2024-04-28
S100593,53.0,3.2,0.7,16.32,17/02/2024
S100594,49.61,2.68,1.79,18.44,25/03/2024
S100595,75.0%,1.32,1.76,14.04,04-14-2024
S100596,61.02,3.61,0.14,6.72,2024-02-27
S100597,84.95,1.28,0.04,0.71,2024-05-06
S100598,79%,3.41,2.18,10.68,04/04/2024
S100599,65.59,2.79,0.3,20.54,01-28-2024
S100600,72.3%,1.76,6.36,7.73,2024-04-19
S100601,72.04,3.47,0.06,22.43,2024-03-05
S100602,68.52,4.97,1.68,24.74,04-02-2024
S100603,0.588,4.11,4.74,18.31,2024-01-31
S100604,80.99,1.4,0.3,13.84,2024-02-19
S100605,89.52,4.7,0.9,22.17,05/04/2024
S100606,70.23,2.15,0.08,23.1,2024-02-08
S100607,96.61,4.01,3.84,13.42,2024/01/11 22:02:19
S100608,69.2,3.18,3.41,15.59,2024-01-24
S100609,80.04,3.99,3.01,9.31,2024-03-28
S100610,58%,4.29,0.17,17.0,2024-04-24
S100611,53.16,3.63,0.47,0.53,2024-03-05
S100612,80.06,4.3,0.44,12.95,2024-04-29
S100613,80.96,2.9,3.15,9.03,27/01/2024
S100614,49.63,4.2,8.0,14.38,2024-04-05
S100615,0.7214,2.36,2.59,9.43,25/04/2024
S100616,75.99,1.76,5.03,1.61,2024-01-15
S100617,81%,3.57,2.96,10.42,2024-01-12
S100618,96.6,3.65,0.49,11.67,28/05/2024
S100619,77.11,1.3,1.94,22.46,23/04/2024
S100620,72.55,2.18,0.34,10.51,2024-04-06
S100621,65.12,0.0,6.73,9.07,2024-04-09
S100622,42.86,2.79,1.68,6.66,2024-01-30
S100623,57.29,1.98,5.59,23.0,14/01/2024
S100624,77.43,4.05,0.8,13.44,2024-02-20
S100625,75.74,3.36,0.83,16.91,2024-03-19
S100626,85.23,0.39,1.86,4.19,2024-01-11
S100627,83.45,5.65,0.73,2.72,2024-03-21
S100628,0.9825,2.38,3.19,8.69,2024/05/20 10:32:25
S100629,78.1%,3.64,0.32,26.36,2024-01-15
S100630,84.81,3.14,,7.36,2024-05-27
S100631,70.85,3.51,0.14,10.62,2024-03-13
S100632,82.41,4.92,0.15,15.09,16/01/2024
S100633,77.12,2.4,0.38,10.62,23/02/2024
S100634,84.43,0.47,5.7,18.35,22/02/2024
S100635,70.6,2.46,1.68,9.18,2024-05-09
S100636,78.12,4.31,0.07,7.29,2024-04-08
S100637,79.49,2.12,0.35,34.02,2024-01-11
S100638,67.73,2.81,1.67,8.44,26/01/2024
S100639,85.16,2.47,,20.57,2024-05-18
S100640,100.0,3.51,2.27,8.4,2024-02-12
S100641,96.53,3.42,2.49,4.21,2024-04-08
S100642,47%,3.68,0.57,14.37,2024-02-23
S100643,0.8376,1.69,2.35,5.61,2024-04-26
S100644,100%,1.19,3.46,12.25,20/01/2024
S100645,79.83,1.66,0.46,9.43,01/03/2024
S100646,91.13,4.46,0.95,23.76,2024/05/16 00:46:35
S100647,69.67,1.74,1.59,4.21,2024-03-20
S100648,81.0%,2.81,0.32,19.73,2024-01-29
S100649,80.87,1.86,0.08,17.0,2024-03-22
S100650,65%,3.46,0.38,13.4,2024-04-20
S100651,84.81,0.0,4.24,9.69,06/03/2024
S100652,64.71,3.65,0.63,16.21,2024-05-21
S100653,54%,2.88,3.29,16.58,2024-05-03
S100654,100.0,2.4,3.64,17.76,2024-04-29
S100655,80.03,4.84,8.0,13.12,2024-03-24
S100656,93.68,3.6,4.4,6.98,2024-05-03
S100657,97.38,0.84,2.92,21.15,2024-03-03
S100658,64.02,5.81,6.81,14.98,03/02/2024
S100659,70.36,2.56,0.41,10.71,24/05/2024
S100660,53.38,3.18,1.96,7.99,29/02/2024
S100661,61.75,3.07,1.24,21.46,2024-01-17
S100662,96.05,4.07,1.81,24.69,11/05/2024
S100663,100.0,1.48,0.84,19.03,2024-05-29
S100664,82.68,0.0,1.48,19.5,2024-01-31
S100665,88.08,2.52,0.64,23.21,22/05/2024
S100666,68.99,4.8,,12.47,2024-02-26
S100667,0.6977,2.98,0.38,29.94,2024-02-24
S100668,64.39,1.63,2.49,7.58,2024-02-25
S100669,92.09,1.28,2.23,13.3,30/03/2024
S100670,97.3%,3.27,2.5,9.6,2024-03-02
S100671,76%,3.23,3.61,15.45,2024-04-26
S100672,78%,7.8,2.23,27.12,2024-02-27
S100673,74.18,3.62,0.62,13.33,2024-04-20
S100674,47.75,3.88,2.65,17.95,2024-05-24
S100675,94.41,2.7,2.41,0.0,2024-03-25
S100676,100.0,2.13,3.04,17.99,05/02/2024
S100677,77.46,3.99,1.52,21.99,02-06-2024
S100678,96%,3.43,1.22,15.86,23/01/2024
S100679,80%,2.85,3.43,7.54,2024/05/15 16:34:49
S100680,79.8%,2.72,0.77,6.6,07/02/2024
S100681,75.53,4.6,0.48,11.12,19/03/2024
S100682,97.01,3.7,1.94,6.54,2024-02-24
S100683,66.1%,3.84,5.5,26.03,2024-03-11
S100684,79.98,4.24,1.28,18.27,2024-03-20
S100685,87.95,2.06,3.27,25.11,2024-02-15
S100686,93.19,4.77,0.89,12.98,2024-02-16
S100687,75.91,4.39,1.74,9.65,01/05/2024
S100688,80.97,3.71,0.63,10.08,13/05/2024
S100689,72.3,5.52,1.83,11.76,2024-03-14
S100690,73.55,1.41,5.74,11.54,2024-04-24
S100691,82.0,4.61,2.39,23.55,2024-03-01
S100692,84%,5.3,1.12,21.4,2024/03/05 00:02:19
S100693,88.86,3.63,0.56,16.9,04-01-2024
S100694,93.57,4.32,3.71,3.38,2024-05-12
S100695,77.79,5.13,1.39,17.07,22/02/2024
S100696,78.6,3.36,0.33,12.82,2024-02-08
S100697,100.0,1.49,0.06,24.84,2024-03-01
S100698,85.04,0.0,0.88,21.27,15/04/2024
S100699,0.8217,0.62,1.17,16.0,28/02/2024
S100700,0.9462,1.83,,0.32,2024-05-04
S100701,60.17,3.79,4.93,14.05,2024-01-12
S100702,73.06,3.8,1.47,10.43,2024-04-23
S100703,78.25,1.14,4.08,17.84,2024-01-30
S100704,93%,0.0,0.32,7.01,03-08-2024
S100705,82.8%,0.09,2.3,16.84,29/03/2024
S100706,69.77,0.09,0.11,0.0,18/05/2024
S100707,53%,3.36,0.12,5.3,2024-01-17
S100708,100.0,1.38,1.94,8.84,01/02/2024
S100709,78.81,3.84,,11.18,2024-04-27
S100710,64.74,4.35,1.84,17.72,12/04/2024
S100711,62.9%,4.74,,3.41,2024-03-31
S100712,77.26,2.89,3.21,10.51,2024-04-23
S100713,74.43,1.17,0.05,10.69,2024-03-13
S100714,0.8913,1.2,0.39,19.82,2024-03-22
S100715,65.79,0.0,0.85,13.66,28/02/2024
S100716,42.14,7.18,4.28,8.23,05/05/2024
S100717,85.34,3.76,0.5,7.45,06/04/2024
S100718,91.62,4.84,6.89,11.13,2024-03-03
S100719,84.42,3.86,2.16,3.46,30/04/2024
S100720,68.57,3.11,5.46,26.38,2024-02-24
S100721,90.48,3.73,0.86,14.97,2024-02-20
S100722,83.3%,2.13,0.17,8.61,2024-05-26
S100723,73.68,5.94,2.38,7.62,05-03-2024
S100724,0.7399,4.85,1.34,6.55,2024-05-13
S100725,77.45,1.76,0.51,17.6,07/04/2024
S100726,96.29,3.88,2.77,3.43,01-20-2024
S100727,79.7,3.87,0.28,13.75,2024-04-28
S100728,52.29,2.2,0.04,19.02,2024/05/16 16:04:46
S100729,67.4%,2.17,1.58,10.9,2024/02/24 14:52:52
S100730,67%,4.71,0.53,7.92,28/04/2024
S100731,73.32,3.33,0.23,20.86,2024-02-05
S100732,65.83,3.25,0.36,7.08,2024-05-09
S100733,72.69,3.26,0.44,13.06,2024-04-28
S100734,74.37,2.74,2.55,15.81,2024-04-08
S100735,83.15,4.53,1.62,10.77,11/03/2024
S100736,0.6788,4.32,0.75,6.61,2024-02-21
S100737,78.78,5.78,1.15,11.09,2024-05-09
S100738,67.24,4.04,2.81,17.38,2024-02-12
S100739,66.19,4.78,0.71,9.9,2024-04-04
S100740,86.22,2.62,2.17,18.18,2024/05/16 23:18:55
S100741,62.55,4.37,0.61,13.21,30/01/2024
S100742,80.07,5.0,1.53,10.76,11/05/2024
S100743,82.21,3.96,0.5,9.92,2024-03-07
S100744,85.53,1.85,0.07,16.62,18/05/2024
S100745,94.7%,3.42,0.7,22.89,07/05/2024
S100746,80.39,5.86,2.92,15.85,2024-05-03
S100747,85.3%,4.2,4.4,8.25,21/03/2024
S100748,78.64,2.77,1.63,22.65,05-23-2024
S100749,85.0%,1.56,1.72,8.8,2024-04-17
S100750,75.95,3.88,2.21,27.1,2024-03-20
S100751,62.92,4.43,2.5,13.87,2024/02/05 20:58:23
S100752,100%,2.57,,8.85,14/04/2024
S100753,72.14,2.88,0.17,18.91,18/05/2024
S100754,50%,0.98,0.2,12.82,2024-04-11
S100755,88.17,5.39,3.12,18.1,2024-03-23
S100756,80.05,3.71,0.04,15.64,24/04/2024
S100757,86%,1.66,0.05,5.35,2024-01-19
S100758,48%,3.67,1.76,14.51,2024/02/11 06:24:54
S100759,100%,2.3,1.96,18.51,15/05/2024
S100760,0.8971,1.53,0.08,15.79,2024-03-30
S100761,56.83,4.73,0.7,23.79,2024-02-02
S100762,88.49,2.35,3.13,17.18,2024-04-19
S100763,59.78,2.88,7.91,13.31,2024-01-27
S100764,90.61,0.81,0.99,16.47,2024-04-03
S100765,85.47,2.83,0.0,11.55,2024-04-07
S100766,100.0,4.12,0.73,17.52,29/03/2024
S100767,65.96,2.05,0.71,17.51,2024-03-06
S100768,75.77,2.95,1.29,6.33,2024-04-29
S100769,63.22,3.15,1.02,20.41,2024-01-20
S100770,99.68,7.06,4.3,30.63,2024/05/09 01:12:58
S100771,55.64,3.43,5.02,18.82,2024-05-13
S100772,71.81,0.0,8.0,0.79,2024-02-17
S100773,63.76,4.64,0.3,12.01,30/01/2024
S100774,91.88,2.32,2.86,6.04,2024-05-23
S100775,72.0%,3.5,0.78,12.96,2024-02-03
S100776,0.9115,2.79,1.05,19.8,07/03/2024
S100777,97.45,3.4,0.93,9.97,2024-02-24
S100778,76%,0.0,0.33,28.19,2024-05-04
S100779,93.99,2.73,0.45,0.0,2024-02-28
S100780,81.38,2.27,1.35,13.26,2024-05-02
S100781,1.0,5.01,1.27,17.65,29/01/2024
S100782,93.9%,2.53,2.58,6.46,2024-05-20
S100783,65.97,5.14,0.92,7.39,2024-04-26
S100784,73.95,0.74,0.48,20.29,2024-05-28
S100785,100.0,2.3,1.6,28.5,2024-01-10
S100786,65.21,3.09,7.26,29.32,2024-04-26
S100787,71.3%,2.56,3.75,12.57,2024-03-02
S100788,74.5,3.97,0.5,24.46,2024-03-22
S100789,70.36,2.29,0.64,14.52,2024-01-18
S100790,99%,2.04,1.31,21.42,13/01/2024
S100791,100.0,1.98,0.98,13.53,04-19-2024
S100792,82.93,1.93,2.69,7.06,05-07-2024
S100793,90.08,1.15,7.13,26.21,2024-03-21
S100794,72.01,1.85,0.82,28.04,2024-01-18
S100795,88.57,1.42,0.87,12.05,2024-01-18
S100796,100%,5.6,0.9,21.56,2024-04-25
S100797,45.57,1.28,1.68,13.98,2024-02-29
S100798,75.09,2.92,0.16,30.27,2024/01/24 15:07:52
S100799,93.45,4.67,1.62,4.55,05-05-2024
S100800,79.13,4.88,1.13,13.75,2024-03-30
S100801,87.29,2.75,0.71,4.87,2024-02-19
S100802,79.96,5.22,8.0,3.89,2024-01-15
S100803,76.1%,5.21,0.23,14.19,2024-05-17
S100804,63.94,1.94,0.17,11.85,2024-04-03
S100805,89.77,3.35,1.12,7.92,2024-02-18
S100806,87.88,3.25,0.44,20.86,2024-03-29
S100807,80.69,6.11,3.58,24.09,18/03/2024
S100808,78.6,2.77,6.38,18.59,2024-01-16
S100809,90.34,1.77,5.9,1.86,2024-01-17
S100810,87.32,0.0,1.72,17.38,2024-05-08
S100811,73%,5.6,0.91,17.31,2024-03-16
S100812,100.0,2.09,6.52,9.1,2024-03-24
S100813,88.95,5.08,2.99,17.42,2024-05-14
S100814,87.3,4.36,0.53,11.45,06/02/2024
S100815,79.49,0.58,1.21,9.26,2024-01-26
S100816,75.3,2.02,0.13,6.72,2024-03-18
S100817,82.83,5.13,1.06,20.84,11/03/2024
S100818,74.79,1.83,0.61,24.05,2024-01-17
S100819,85.84,4.53,1.23,14.01,05/05/2024
S100820,79%,4.08,3.33,21.89,09/02/2024
S100821,46.04,1.29,1.1,25.69,2024-02-03
S100822,75.98,5.98,3.18,15.92,2024-03-31
S100823,82.54,5.01,3.78,14.46,2024-02-18
S100824,73.7%,2.51,0.17,18.29,03-25-2024
S100825,83.96,6.42,0.48,9.14,2024-02-23
S100826,77.97,1.06,0.15,18.83,2024/02/26 23:50:47
S100827,83.5%,2.95,0.12,16.06,2024-05-21
S100828,65.1%,1.35,0.28,5.85,10/01/2024
S100829,72.45,2.82,1.45,5.94,05/02/2024
S100830,87.68,4.54,0.4,8.1,2024-05-24
S100831,62.04,2.73,0.4,18.59,2024-02-13
S100832,82.76,1.35,0.65,12.64,2024-05-13
S100833,60.23,4.04,0.02,14.82,2024-05-29
S100834,77.98,1.58,0.18,24.56,2024/01/19 11:12:48
S100835,86.07,3.95,0.53,18.1,2024-03-27
S100836,75.24,2.5,1.13,10.5,05-04-2024
S100837,96.21,4.67,2.63,8.09,2024-02-07
S100838,100.0,3.17,0.84,17.14,2024-05-18
S100839,74%,5.74,7.4,8.2,2024-02-23
S100840,80.87,4.41,1.66,23.77,21/01/2024
S100841,72.26,0.0,3.26,16.72,11/03/2024
S100842,77.8%,4.16,0.37,15.9,2024-04-17
S100843,100%,2.15,0.11,8.32,03-21-2024
S100844,63.86,1.24,1.11,19.34,2024-03-30
S100845,76.5,1.96,3.25,22.9,2024-01-28
S100846,100.0,2.42,1.42,14.05,2024-03-11
S100847,65.4%,2.29,5.15,21.5,01-17-2024
S100848,78.38,1.75,0.4,12.17,2024-01-16
S100849,69.78,0.17,2.17,14.56,2024-02-05
S100850,72.19,1.55,1.52,29.6,2024-04-10
S100851,82.19,2.16,0.75,12.4,2024-04-13
S100852,77%,1.16,1.94,18.78,11/05/2024
S100853,100.0,2.25,0.77,12.28,2024-03-24
S100854,66.94,0.71,0.03,16.96,2024-03-29
S100855,85.88,3.61,1.02,19.87,15/03/2024
S100856,56.9%,8.74,1.52,8.69,2024-05-14
S100857,90.26,3.98,0.39,10.06,25/05/2024
S100858,65.61,1.63,0.04,18.97,22/01/2024
S100859,71.78,3.15,2.8,16.13,2024-03-24
S100860,66.4%,1.24,3.73,23.21,2024-03-11
S100861,63.36,4.59,1.96,16.89,2024-05-27
S100862,88.69,4.13,0.26,28.02,03/05/2024
S100863,74.57,5.14,3.91,19.88,2024-02-13
S100864,72.07,3.48,2.81,28.15,24/01/2024
S100865,55.75,1.87,1.93,26.83,2024-02-01
S100866,62.3,2.94,0.16,10.51,2024-02-26
S100867,70.14,1.64,1.29,25.36,12/02/2024
S100868,61.32,3.72,2.38,21.58,2024-05-24
S100869,57.18,2.61,0.22,21.09,2024-01-30
S100870,0.9032,4.35,0.25,23.3,2024-03-08
S100871,80.38,0.9,0.13,12.84,2024-04-10
S100872,70.71,1.27,1.79,17.3,2024-04-02
S100873,86.49,3.59,1.29,12.06,28/05/2024
S100874,100.0,1.49,8.0,31.17,24/02/2024
S100875,52.18,3.73,0.4,9.73,27/01/2024
S100876,100.0,2.27,1.37,6.05,2024-04-27
S100877,82.05,3.29,1.49,9.28,2024-04-24
S100878,0.7753,1.26,0.24,14.62,29/05/2024
S100879,78.95,0.9,0.43,14.57,29/04/2024
S100880,83.27,3.29,0.79,21.23,25/02/2024
S100881,73.93,0.0,1.88,15.22,2024-05-11
S100882,75.43,4.31,1.53,11.54,2024-02-08
S100883,88.2%,2.49,2.39,18.38,2024-04-26
S100884,75.01,3.32,1.38,23.15,2024-02-09
S100885,71.6%,2.76,2.22,16.45,2024/01/12 21:01:33
S100886,85%,3.33,0.05,21.08,2024-05-20
S100887,100.0,1.15,0.07,15.58,15/04/2024
S100888,82.33,2.09,0.28,13.18,03/03/2024
S100889,83.19,4.11,0.58,19.89,2024-05-18
S100890,80.74,3.49,0.36,16.6,2024-02-04
S100891,90.01,0.8,0.11,22.03,2024-02-01
S100892,67.36,0.91,0.52,25.8,2024-02-02
S100893,67.0,2.05,1.28,14.21,2024-01-13
S100894,81.93,2.79,2.05,19.53,2024-05-13
S100895,62.9%,4.74,5.95,22.48,2024-01-18
S100896,67.04,1.14,,17.87,14/03/2024
S100897,66.8%,2.55,0.18,18.57,2024-05-14
S100898,68.78,2.45,1.72,16.0,03-20-2024
S100899,83.79,2.9,0.99,16.79,27/05/2024
S100900,81%,4.04,1.64,18.65,01-22-2024
S100901,62.12,4.12,0.2,10.75,2024-03-03
S100902,80.07,2.1,1.62,3.11,2024-01-22
S100903,68.2%,4.36,0.28,14.39,2024-04-14
S100904,0.7038,4.68,0.94,13.82,10/05/2024
S100905,89.46,4.4,0.87,26.34,2024-05-12
S100906,81.78,2.05,0.02,17.07,2024-04-22
S100907,0.9729,2.22,1.01,18.93,2024/02/28 06:37:22
S100908,57.7%,4.43,1.27,12.12,2024-04-24
S100909,93.94,2.58,3.28,10.83,16/03/2024
S100910,85.41,4.41,3.06,9.16,2024-04-16
S100911,80.27,3.16,1.64,6.18,2024-03-18
S100912,76.14,3.39,0.23,20.09,2024-03-22
S100913,72.67,2.36,0.1,17.15,01/05/2024
S100914,72%,0.0,3.61,25.34,18/05/2024
S100915,0.8431,1.37,5.05,18.85,2024-05-16
S100916,78.98,5.5,1.69,16.7,09/04/2024
S100917,88.47,0.84,2.17,1.13,2024-03-29
S100918,93.74,4.3,0.8,28.36,2024-05-22
S100919,67.55,0.91,0.1,15.27,04-21-2024
S100920,79.18,1.74,0.19,0.41,30/04/2024
S100921,0.6763,4.72,1.51,16.58,05-19-2024
S100922,70%,2.64,1.15,9.32,2024-01-14
S100923,87.42,1.83,5.92,9.07,04-30-2024
S100924,67.93,3.82,3.86,16.87,2024-05-24
S100925,72%,4.23,1.34,10.89,2024-02-08
S100926,74.28,2.74,2.05,22.19,2024-05-24
S100927,70%,2.24,0.74,14.19,2024-02-13
S100928,64.62,4.45,5.63,17.8,2024-05-07
S100929,95%,2.12,2.3,18.97,2024-01-30
S100930,61%,0.0,4.74,16.76,2024-01-18
S100931,0.845,4.94,1.83,16.5,04-20-2024
S100932,75.07,2.69,0.27,15.99,13/01/2024
S100933,90.28,3.54,1.18,25.45,26/03/2024
S100934,79.2%,4.64,0.41,20.91,2024-03-27
S100935,79.0%,2.91,2.0,10.16,2024-01-26
S100936,78.11,5.16,2.55,7.22,2024-03-20
S100937,69.64,1.97,1.37,9.44,2024-04-07
S100938,73.83,3.82,5.03,17.99,24/02/2024
S100939,86.98,0.2,3.83,7.27,2024-03-07
S100940,69.37,2.41,3.3,10.43,21/02/2024
S100941,68.68,6.57,0.07,5.6,2024-04-03
S100942,57.72,5.59,6.2,21.52,21/03/2024
S100943,99.31,2.88,0.98,19.64,2024/01/23 08:49:47
S100944,80.44,0.75,1.7,21.15,05-23-2024
S100945,60.04,4.51,1.76,11.68,14/04/2024
S100946,60%,5.14,0.67,2.69,2024-04-19
S100947,71.84,4.79,0.89,9.16,2024-04-12
S100948,74.57,4.32,3.53,5.57,08/03/2024
S100949,91%,3.02,2.45,5.5,2024-05-17
S100950,74.38,0.12,0.04,22.96,2024-04-17
S100951,87.54,5.18,1.14,13.27,2024-03-03
S100952,72.7%,4.22,3.55,17.03,2024-03-23
S100953,92.96,4.6,2.0,22.72,03-08-2024
S100954,75.82,2.01,0.85,7.86,20/01/2024
S100955,68.45,3.01,4.29,19.3,09/02/2024
S100956,80.17,2.16,1.43,4.83,28/04/2024
S100957,92%,4.43,0.26,16.77,2024-01-17
S100958,60.15,3.0,1.34,22.47,2024/05/19 09:36:38
S100959,69.22,4.5,0.44,7.02,2024-04-05
S100960,71.39,6.31,1.34,20.8,05-27-2024
S100961,88.0%,2.06,0.09,16.57,03-18-2024
S100962,76.12,5.78,2.44,11.82,2024-01-11
S100963,1.0,0.99,0.09,6.6,28/01/2024
S100964,47.3%,2.9,2.63,16.69,20/02/2024
S100965,75%,2.86,2.46,18.46,2024/02/12 13:04:44
S100966,93.93,4.01,0.06,12.78,2024-04-18
S100967,69.94,2.35,0.9,8.13,2024-01-28
S100968,64.83,2.71,1.94,20.34,30/04/2024
S100969,85.82,4.83,0.99,23.29,2024-03-31
S100970,73.88,1.59,0.59,21.68,03-31-2024
S100971,0.7502,3.1,1.29,26.12,2024-05-05
S100972,84.2%,2.52,2.98,10.44,13/02/2024
S100973,85.41,1.78,0.23,5.09,2024-03-04
S100974,82.25,1.75,2.32,17.87,2024-03-06
S100975,79.15,6.56,0.38,12.18,2024-04-15
S100976,80.3,3.28,0.26,21.91,2024-05-18
S100977,66.52,2.47,1.87,7.74,2024/05/02 21:20:10
S100978,66.85,2.02,0.06,8.25,12/05/2024
S100979,69.16,4.13,3.71,15.48,05-10-2024
S100980,77.4%,1.89,1.02,16.22,2024-01-25
S100981,69.98,2.73,2.08,19.72,2024-01-11
S100982,79.87,0.69,3.66,14.31,16/02/2024
S100983,80.28,1.41,,1.58,2024-02-02
S100984,75.8%,4.5,2.34,39.16,2024-02-27
S100985,73.2%,4.26,0.66,15.23,2024-04-07
S100986,0.8622,4.56,0.49,35.22,04/04/2024
S100987,81.53,4.44,2.67,14.12,25/02/2024
S100988,69%,5.47,1.75,7.63,03/03/2024
S100989,48.5,2.5,0.14,12.78,2024-04-19
S100990,0.6691,1.99,0.75,22.7,2024-02-18
S100991,85.48,4.31,0.49,19.33,03-24-2024
S100992,60.26,2.76,0.5,17.15,11/02/2024
S100993,66.04,3.84,2.69,14.57,2024-03-21
S100994,86.18,2.71,3.39,15.91,2024-05-28
S100995,81.94,1.34,2.53,13.96,2024-05-11
S100996,66.2%,2.37,2.31,23.38,14/03/2024
S100997,83.69,2.29,8.0,21.41,2024-03-26
S100998,68.9,4.85,2.7,8.4,2024-01-12
S100999,73.86,4.67,1.9,4.66,27/05/2024
S101000,78.61,6.23,0.52,6.42,2024-02-03
S101001,76.32,4.02,1.68,12.51,2024-03-10
S101002,100.0,3.14,2.63,16.55,2024-04-22
S101003,63.14,3.35,2.13,14.62,21/05/2024
S101004,74%,1.11,4.01,19.41,2024-01-17
S101005,76.05,2.37,0.04,14.9,2024-04-15
S101006,70.08,6.2,2.91,26.17,06/05/2024
S101007,71.06,4.73,0.12,18.56,2024-01-26
S101008,83.5%,5.16,1.21,15.13,2024-03-23
S101009,81.73,2.94,3.2,4.42,2024-01-24
S101010,82.48,3.55,0.48,17.45,2024-03-22
S101011,76.9,0.03,4.16,18.49,2024-03-12
S101012,88.2%,4.06,3.27,10.0,2024-04-14
S101013,74.48,2.19,0.4,6.91,17/04/2024
S101014,93.8%,0.28,1.11,22.66,2024-03-19
S101015,85%,4.51,4.26,8.22,2024-01-22
S101016,100%,2.72,0.9,16.16,12/01/2024
S101017,94.2,4.73,1.23,15.21,2024-01-19
S101018,82.02,3.4,4.48,18.13,14/03/2024
S101019,100.0,3.86,0.26,8.27,2024-03-07
S101020,99.13,5.84,0.4,14.16,16/01/2024
S101021,67.48,3.53,0.44,8.23,2024-05-21
S101022,73.41,3.25,1.82,15.52,2024-05-15
S101023,79.92,2.2,1.33,18.53,2024-03-29
S101024,62.0,5.0,0.46,21.27,2024-02-27
S101025,84.13,0.65,0.63,25.46,2024/01/16 07:08:01
S101026,72.76,2.48,0.78,13.15,15/01/2024
S101027,68%,2.07,0.65,13.03,2024-03-30
S101028,90.68,3.25,0.19,23.91,2024-05-10
S101029,73.58,2.76,1.56,19.03,2024-04-16
S101030,51.86,2.97,1.48,23.66,2024-04-23
S101031,92.85,2.95,0.16,28.67,2024-02-24
S101032,83.3%,3.08,2.04,9.09,2024-01-11
S101033,88.67,3.88,2.04,20.67,14/05/2024
S101034,71.01,4.34,5.09,10.81,2024-01-20
S101035,91.75,4.33,0.48,25.94,2024-04-26
S101036,56.3,3.43,2.03,6.69,21/02/2024
S101037,77.28,2.67,3.29,21.42,2024-05-23
S101038,76.95,4.66,0.96,11.12,2024-01-13
S101039,82.1,1.35,2.68,18.88,2024-05-17
S101040,58.9%,2.09,1.18,23.88,2024-02-13
S101041,76.59,4.72,0.87,10.49,02-28-2024
S101042,72.04,3.8,0.4,4.72,01-21-2024
S101043,89.34,2.12,0.19,13.19,2024-03-03
S101044,69.55,4.93,0.25,12.29,19/04/2024
S101045,0.7284,3.65,0.74,6.01,2024/02/29 00:00:04
S101046,84%,1.04,0.97,0.93,2024-05-04
S101047,69.3%,4.9,0.46,23.52,02-29-2024
S101048,61.8,0.95,0.2,25.44,2024-02-25
S101049,69.43,1.3,1.86,10.79,2024-03-03
S101050,50.89,3.74,2.65,12.95,03-23-2024
S101051,69.54,4.84,1.41,20.65,2024-03-14
S101052,0.9348,3.57,3.89,20.76,23/05/2024
S101053,95.92,2.85,1.65,27.45,2024-05-25
S101054,80.32,3.9,7.16,19.35,03-14-2024
S101055,69.03,1.82,3.93,7.82,2024-05-04
S101056,93.12,5.45,1.11,20.54,2024-04-10
S101057,75.18,2.67,0.53,10.12,2024-03-13
S101058,55.27,3.31,0.54,14.54,2024-03-24
S101059,75.72,2.63,0.2,22.79,26/04/2024
S101060,95.02,0.0,4.97,8.66,15/05/2024
S101061,68.74,3.95,3.99,14.49,2024-03-12
S101062,55.08,0.91,1.6,6.42,2024-02-20
S101063,69.79,5.15,8.0,8.08,2024-02-28
S101064,60.54,4.41,1.77,11.17,2024-04-19
S101065,73.32,3.93,2.42,26.41,04-17-2024
S101066,62.91,6.59,1.45,15.23,2024-04-17
S101067,63.5%,0.61,0.26,33.51,02-06-2024
S101068,86.07,3.15,0.27,21.68,2024-05-21
S101069,94.13,3.77,0.82,21.87,05-20-2024
S101070,57.35,5.12,7.18,7.34,2024-04-30
S101071,79.72,3.29,1.93,13.93,19/03/2024
S101072,61%,2.63,0.81,7.0,2024-04-30
S101073,61%,1.08,0.25,12.83,03-25-2024
S101074,71.93,0.79,1.29,11.8,2024-03-17
S101075,82.78,1.48,2.75,14.71,24/02/2024
S101076,52.09,2.89,0.31,20.78,04/05/2024
S101077,53%,3.0,0.01,13.17,26/05/2024
S101078,76.6,0.0,7.22,20.9,2024-04-02
S101079,63.76,4.73,0.45,4.74,25/03/2024
S101080,73.83,3.66,1.42,18.14,2024-03-28
S101081,85.15,2.26,0.09,11.95,2024-03-04
S101082,76.0%,3.5,2.68,16.77,2024-05-15
S101083,82.1%,1.01,0.96,21.04,16/04/2024
S101084,84.2%,2.87,,4.91,2024-02-05
S101085,50.15,4.28,0.71,25.28,2024-05-20
S101086,66.25,3.56,1.38,13.64,02-10-2024
S101087,68.18,0.15,1.61,28.03,01/05/2024
S101088,86.61,2.9,4.81,15.5,21/04/2024
S101089,100.0,4.29,0.02,24.25,2024-01-29
S101090,51.3%,3.05,6.93,15.42,19/03/2024
S101091,86.72,4.35,3.18,16.87,2024-05-01
S101092,81.0%,5.32,0.46,15.81,2024-04-24
S101093,70.94,2.68,2.19,13.46,2024-05-21
S101094,84.48,3.38,2.0,13.2,2024-02-16
S101095,55.83,2.19,0.06,16.58,2024-03-28
S101096,58.57,2.51,1.05,18.84,2024-05-09
S101097,96.19,4.19,7.31,16.63,03-23-2024
S101098,72.27,1.49,0.2,18.63,25/01/2024
S101099,67.2%,4.05,0.78,4.37,03-06-2024
S101100,60.67,1.14,4.0,21.33,04/02/2024
S101101,60.49,1.42,0.27,9.8,14/05/2024
S101102,48%,3.54,5.4,3.47,2024-04-03
S101103,84.54,2.55,4.76,27.93,2024-02-07
S101104,57.48,0.94,4.26,24.87,2024-04-05
S101105,63.0%,2.55,3.15,14.93,2024-02-16
S101106,50.28,1.97,0.11,22.49,11/01/2024
S101107,46.46,2.3,0.14,12.68,03-20-2024
S101108,86.83,3.45,0.77,11.71,05-26-2024
S101109,86.83,3.56,,10.84,03/03/2024
S101110,70%,2.14,3.19,10.52,2024-02-14
S101111,89.88,2.55,3.75,13.19,2024-01-16
S101112,70.74,3.17,1.0,10.0,05-07-2024
S101113,96.59,3.39,4.2,0.0,31/01/2024
S101114,70.58,3.27,0.24,13.72,2024-02-28
S101115,79.07,4.46,2.71,8.22,2024-03-28
S101116,86.47,2.66,1.28,17.08,21/01/2024
S101117,71.69,1.52,3.77,13.32,2024-05-18
S101118,57.46,1.65,,19.44,01-24-2024
S101119,76.96,3.08,5.18,15.09,2024-05-15
S101120,76.2%,3.77,4.03,6.14,2024-05-05
S101121,89.43,2.87,0.53,6.14,2024-03-12
S101122,77.86,1.56,2.71,6.31,2024-05-02
S101123,58.18,2.8,1.78,8.95,2024-02-14
S101124,59.91,3.19,0.4,10.08,25/01/2024
S101125,88.15,4.8,0.57,21.44,2024-03-17
S101126,81.87,4.48,3.09,16.3,06/05/2024
S101127,72.91,4.87,5.72,1.97,2024-03-18
S101128,82.26,2.12,0.12,8.87,2024-01-30
S101129,63.31,3.37,0.75,14.74,2024-03-27
S101130,64.61,5.48,1.03,7.97,2024-05-03
S101131,71.87,5.6,2.09,15.57,2024-02-01
S101132,80.08,3.53,1.26,9.13,2024-02-17
S101133,82%,0.96,5.11,14.06,2024-03-04
S101134,66.18,4.97,0.56,11.02,2024-05-04
S101135,74.77,3.07,0.3,15.79,2024-05-09
S101136,66.6,6.62,0.71,25.09,05/03/2024
S101137,70.93,4.12,0.38,21.25,2024-04-23
S101138,70.18,1.71,4.54,7.43,04/05/2024
S101139,83%,2.61,0.27,32.58,02/03/2024
S101140,0.6775,2.92,0.91,23.27,04-29-2024
S101141,64.37,3.55,0.64,10.2,2024-02-28
S101142,47.9%,0.85,2.31,8.94,22/01/2024
S101143,100.0,1.07,0.05,17.38,2024-04-28
S101144,50.11,1.0,1.96,19.93,2024-05-21
S101145,0.7112,3.34,4.35,27.37,2024-04-05
S101146,72%,1.85,4.67,18.56,06/02/2024
S101147,68%,4.34,0.66,10.35,12/02/2024
S101148,98.1%,0.86,1.69,11.45,22/04/2024
S101149,61.03,2.49,0.35,19.39,26/03/2024
S101150,70.15,3.59,3.57,5.62,03-19-2024
S101151,85.5%,4.75,1.17,25.46,26/05/2024
S101152,50.89,3.15,0.23,11.19,01-22-2024
S101153,54.88,2.32,0.32,21.72,27/04/2024
S101154,71%,3.86,1.48,23.4,24/01/2024
S101155,88.62,1.94,8.0,36.38,02-02-2024
S101156,91.61,1.59,0.69,12.86,11/05/2024
S101157,80.5,3.61,1.43,13.05,2024-02-13
S101158,79.33,3.35,1.03,12.69,2024-01-29
S101159,0.835,1.91,1.39,16.22,2024-01-21
S101160,57.09,4.71,2.19,10.49,22/02/2024
S101161,84.24,2.68,0.1,23.48,2024-05-14
S101162,79.2%,5.06,3.52,22.06,2024-03-23
S101163,81.78,2.81,0.54,13.2,2024-04-09
S101164,0.7718,0.39,1.59,10.03,2024-02-02
S101165,70.96,6.5,8.0,11.95,08/04/2024
S101166,88.2%,1.15,2.4,11.72,2024-03-20
S101167,48%,2.68,0.16,18.46,15/02/2024
S101168,86.99,2.0,0.85,16.35,2024-04-30
S101169,75.39,3.18,6.34,20.75,2024-01-29
S101170,42.89,5.64,0.31,25.41,2024-05-20
S101171,49.71,0.78,1.88,17.09,2024-05-06
S101172,0.8124,0.0,1.74,19.15,01/05/2024
S101173,88%,0.88,0.81,32.19,2024-05-10
S101174,75.21,3.82,1.15,18.99,2024-04-04
S101175,63.74,2.37,0.84,11.57,2024-01-24
S101176,85.55,4.74,1.75,14.52,2024-05-29
S101177,61.32,2.67,0.81,3.34,13/02/2024
S101178,90.99,5.37,0.34,18.82,2024-03-20
S101179,91.41,3.91,0.1,11.15,2024-05-13
S101180,74%,2.35,6.94,8.76,2024-04-02
S101181,72.71,3.26,0.97,8.94,01-13-2024
S101182,100.0,1.07,0.01,23.0,2024-01-30
S101183,79.6%,1.06,0.67,13.19,03-17-2024
S101184,71.69,4.02,1.02,20.35,14/04/2024
S101185,61.7,4.44,4.22,17.7,2024-04-23
S101186,65.37,4.53,0.4,16.4,2024-05-16
S101187,73.79,5.75,0.19,12.32,19/05/2024
S101188,72.74,2.16,0.0,18.47,2024-02-28
S101189,66.0%,3.93,1.64,12.02,02/02/2024
S101190,81.8,0.8,0.02,16.1,2024-02-20
S101191,75.45,1.41,1.36,22.74,02-23-2024
S101192,67.28,2.11,0.11,24.22,2024-05-05
S101193,63.08,4.4,1.87,11.95,2024-04-25
S101194,92.92,0.0,1.62,17.61,2024/01/25 00:19:16
S101195,0.7929,6.15,1.11,19.09,12/05/2024
S101196,68.25,1.67,0.37,16.66,28/01/2024
S101197,94.37,2.73,2.41,20.34,17/02/2024
S101198,74.26,3.86,6.03,20.42,2024-05-21
S101199,89.3,2.32,5.6,27.86,2024-05-15
S101200,97%,3.31,3.41,30.09,02-11-2024
S101201,85.48,1.7,1.23,13.85,2024-01-24
S101202,94%,6.25,7.0,26.62,2024-03-15
S101203,61.55,3.23,1.17,18.07,2024-05-14
S101204,70.42,4.44,0.11,13.76,05-06-2024
S101205,88.71,3.96,0.57,19.25,2024-01-28
S101206,87.78,2.56,2.1,13.37,15/04/2024
S101207,92.38,2.9,0.15,14.7,2024-05-01
S101208,86.05,3.33,1.09,7.32,16/03/2024
S101209,73%,1.06,0.72,15.56,2024-03-17
S101210,73.4,5.41,0.46,21.53,02/03/2024
S101211,85.26,3.64,1.22,20.04,2024-02-19
S101212,75.03,1.2,0.3,17.55,2024-05-23
S101213,69.19,1.43,1.43,27.16,2024-05-01
S101214,56.01,2.65,2.08,29.94,12/03/2024
S101215,90.17,3.64,0.48,18.49,28/01/2024
S101216,0.4994,3.78,0.08,26.18,2024-03-23
S101217,72.49,1.99,2.84,17.44,20/04/2024
S101218,91.37,2.77,3.27,15.62,24/05/2024
S101219,89%,5.34,6.06,21.73,2024-01-22
S101220,78%,3.04,5.37,14.51,24/02/2024
S101221,75.15,0.0,1.91,0.0,2024-04-21
S101222,64.0%,1.76,1.05,13.19,2024-02-03
S101223,76.12,4.6,1.85,4.46,2024-03-10
S101224,0.8403,0.41,2.19,12.28,07/04/2024
S101225,80.61,2.08,3.55,11.18,2024-05-10
S101226,69.54,2.21,0.01,11.23,2024-01-22
S101227,89.26,3.13,0.25,7.64,12/01/2024
S101228,55.32,0.0,1.54,6.61,2024/05/25 02:11:06
S101229,0.6464,3.52,0.93,10.47,24/02/2024
S101230,58.41,1.82,0.55,12.4,2024-03-11
S101231,83.12,5.94,0.3,12.91,2024-04-03
S101232,100.0,1.26,3.01,16.81,07/05/2024
S101233,79.49,5.94,5.91,19.94,12/04/2024
S101234,0.7692,2.74,0.38,7.93,21/05/2024
S101235,69.24,3.66,0.04,8.88,05-03-2024
S101236,62%,3.08,0.59,26.65,21/03/2024
S101237,92.53,4.23,1.66,20.3,09/02/2024
S101238,92.4,3.49,0.66,9.57,2024-04-14
S101239,76%,4.05,0.05,6.23,2024-02-22
S101240,80.27,2.55,1.1,11.51,2024-03-25
S101241,62.95,0.51,1.15,13.23,12/05/2024
S101242,84.25,2.72,0.79,19.77,09/04/2024
S101243,60.06,5.94,4.43,0.0,2024-04-23
S101244,65%,2.08,0.67,8.25,2024-03-30
S101245,70.64,0.88,3.05,27.6,12/01/2024
S101246,79.9,4.91,0.44,15.11,2024-05-14
S101247,82.87,0.46,2.33,15.44,2024-04-17
S101248,73.56,4.25,0.76,11.05,2024-02-19
S101249,54.5%,3.71,0.61,20.52,05-15-2024
S101250,81.25,1.4,0.44,2.37,2024-01-26
S101251,84.7,5.52,3.44,12.03,2024-04-02
S101252,46.35,1.66,4.38,0.43,02/05/2024
S101253,86.6,0.41,,14.86,2024-04-08
S101254,91.8%,3.09,2.36,11.88,2024-03-24
S101255,96.52,0.0,1.23,3.59,07/02/2024
S101256,57.12,4.32,0.09,22.07,2024/03/09 11:31:16
S101257,90.04,4.53,1.11,19.83,2024-04-29
S101258,90.23,1.46,0.91,22.21,2024-03-17
S101259,88.58,0.65,0.87,4.45,2024-03-07
S101260,79.73,2.29,3.98,7.97,2024-02-29
S101261,86.08,3.26,,23.41,2024-04-16
S101262,0.523,1.83,2.31,20.67,2024-05-09
S101263,79.41,1.37,0.03,24.82,2024-05-15
S101264,86.44,2.85,0.38,13.32,01-23-2024
S101265,0.6637,3.77,1.02,14.23,2024-03-09
S101266,83.5%,3.1,0.56,19.31,13/05/2024
S101267,86.17,1.18,7.4,5.54,2024-01-14
S101268,86.62,5.58,0.38,16.37,17/01/2024
S101269,59%,2.24,0.61,32.75,2024-04-18
S101270,47.59,1.69,1.36,12.5,2024-02-19
S101271,100.0,1.54,,3.78,03-10-2024
S101272,72.42,2.66,2.85,17.88,07/02/2024
S101273,68.95,0.0,0.29,8.69,2024-05-09
S101274,100.0,1.02,0.42,14.25,28/03/2024
S101275,68.58,4.61,1.31,22.61,2024/03/10 18:15:39
S101276,80.56,4.96,2.41,18.91,2024-01-25
S101277,67.93,2.08,,11.58,2024-05-19
S101278,77%,3.63,1.01,20.87,15/02/2024
S101279,56.9%,0.92,1.45,3.32,2024-04-17
S101280,73.82,6.03,1.49,16.38,2024-01-26
S101281,69.01,2.88,0.95,12.31,2024-02-10
S101282,95%,4.11,0.24,0.0,09/02/2024
S101283,90%,4.47,1.67,6.53,14/02/2024
S101284,80.84,3.92,2.56,14.9,03-15-2024
S101285,71.15,3.51,3.01,20.23,2024-03-06
S101286,79.01,6.58,3.03,15.15,2024-05-01
S101287,87.42,1.53,2.27,12.93,2024-05-07
S101288,93.96,1.57,0.5,20.67,2024/04/26 21:33:58
S101289,60.94,0.0,0.35,16.92,2024-01-16
S101290,86.94,5.67,1.51,21.98,2024-03-16
S101291,70.43,3.12,1.16,19.02,12/05/2024
S101292,68.66,3.34,0.23,10.02,05/03/2024
S101293,88.06,1.14,3.5,19.7,24/04/2024
S101294,76.43,2.44,4.52,21.73,2024-05-06
S101295,80.64,2.86,0.23,24.8,2024-04-10
S101296,67.93,4.07,0.87,11.31,20/03/2024
S101297,55.82,3.27,4.33,12.46,2024-05-14
S101298,41.82,4.17,5.63,21.16,2024-03-29
S101299,93.92,1.07,0.26,20.89,2024-05-07
S101300,69.96,1.46,0.14,11.43,2024-01-30
S101301,92.21,5.22,2.93,10.29,2024-02-19
S101302,73.63,1.49,0.04,11.97,01-20-2024
S101303,91.5,1.04,3.17,15.55,2024-02-17
S101304,76.88,1.55,0.45,8.79,2024-01-24
S101305,70.15,2.51,5.73,17.94,2024-04-06
S101306,0.7063,0.99,2.63,2.91,2024/01/11 23:49:36
S101307,83.74,1.45,2.82,9.18,04-08-2024
S101308,73.35,6.59,2.82,16.29,02/03/2024
S101309,68.25,3.86,0.12,8.56,2024-05-11
S101310,67.25,0.54,0.48,12.07,2024-02-15
S101311,66.3%,3.64,8.0,14.11,2024-01-30
S101312,58.58,0.45,1.62,29.85,2024-05-07
S101313,95.42,4.19,5.31,5.86,2024-03-04
S101314,75.6%,6.2,0.73,16.65,2024-05-19
S101315,66.7,3.29,1.03,7.83,2024/04/26 17:23:12
S101316,70.71,3.79,0.82,7.56,07/05/2024
S101317,75.77,1.92,6.72,8.87,2024-03-05
S101318,63.84,4.53,4.93,13.9,28/02/2024
S101319,90.92,3.1,0.91,25.04,2024-04-04
S101320,61.59,1.09,0.88,23.22,27/01/2024
S101321,95.65,3.19,0.88,11.79,05/02/2024
S101322,84%,2.05,0.02,13.13,2024-04-28
S101323,73.26,2.61,1.33,19.14,2024-02-23
S101324,88%,1.28,0.37,15.4,2024-02-10
S101325,81%,4.68,0.49,10.54,2024-01-13
S101326,67.6,1.17,1.13,19.63,2024-03-07
S101327,88.77,2.86,3.55,26.35,2024-04-30
S101328,83.86,4.13,0.99,22.41,21/02/2024
S101329,72.0%,2.31,0.1,24.5,2024-04-11
S101330,34.03,0.83,0.83,14.02,20/05/2024
S101331,100.0,2.49,3.18,7.42,2024-05-28
S101332,54.84,2.91,7.37,1.0,03-09-2024
S101333,53.47,3.92,1.22,0.5,2024-01-12
S101334,72.93,5.5,0.54,13.58,2024-02-15
S101335,82%,3.17,2.45,18.55,2024-03-05
S101336,76.48,2.97,0.08,20.9,2024-03-24
S101337,71.57,1.31,1.3,16.7,2024-02-18
S101338,66.29,2.77,0.53,9.95,26/04/2024
S101339,77.07,1.38,2.0,19.58,2024-02-19
S101340,92.06,2.55,0.45,6.61,2024-04-25
S101341,73.95,3.27,0.33,7.27,2024-04-15
S101342,74.8,2.18,5.02,19.29,2024-03-15
S101343,85.43,1.1,6.82,6.37,2024-04-14
S101344,78.11,2.83,3.42,9.64,2024-03-17
S101345,59.38,0.25,0.24,8.16,2024-04-08
S101346,69.97,3.86,0.59,16.18,04-29-2024
S101347,94.62,1.3,3.14,19.12,2024-04-15
S101348,54.04,6.23,2.04,19.3,2024-02-19
S101349,86.81,2.56,2.14,10.94,2024-03-04
S101350,92.15,2.0,2.8,13.83,2024/03/20 09:35:03
S101351,81.77,3.57,0.02,20.15,2024-02-27
S101352,71.3%,1.9,1.53,11.29,2024-02-29
S101353,55.21,1.69,2.98,8.61,2024-03-24
S101354,69.98,3.85,0.71,10.51,2024-03-12
S101355,82.24,3.42,1.69,10.74,2024-02-14
S101356,66.97,2.34,5.74,15.21,31/01/2024
S101357,65.7%,0.06,1.13,14.81,2024-03-20
S101358,73.4%,0.88,0.14,13.83,29/02/2024
S101359,66.72,2.29,0.57,9.4,2024-04-02
S101360,76.8,1.08,0.58,8.47,2024-01-20
S101361,91.49,2.46,0.16,19.54,2024/03/19 05:43:34
S101362,65.75,2.87,1.12,17.4,2024-01-13
S101363,68.06,3.07,0.14,11.96,2024-01-19
S101364,81%,2.45,0.36,14.6,2024-03-06
S101365,89.31,3.22,0.45,23.48,2024-03-07
S101366,61.99,2.5,0.68,14.5,15/04/2024
S101367,87.4%,6.46,1.15,14.96,2024-02-26
S101368,69.81,5.23,0.45,25.69,25/05/2024
S101369,72.0,5.03,0.63,22.49,2024-04-14
S101370,69.08,1.41,3.31,10.51,2024-04-03
S101371,70.51,2.08,1.75,22.49,2024-01-13
S101372,84.1,4.59,2.45,13.81,05-13-2024
S101373,67.27,4.01,7.85,7.65,2024/01/25 18:46:28
S101374,74.12,1.98,5.63,24.13,2024-04-29
S101375,62.98,3.46,0.23,10.03,2024-03-10
S101376,0.7623,5.19,0.49,11.43,04-23-2024
S101377,87.02,2.39,0.39,12.33,2024-01-19
S101378,75.47,2.28,5.74,29.26,2024-05-14
S101379,52.58,2.29,4.34,8.34,09/02/2024
S101380,37.13,2.21,0.58,10.78,2024/04/12 23:42:45
S101381,83.0%,5.93,1.06,12.6,2024-04-19
S101382,81.83,1.89,0.92,18.69,2024-04-11
S101383,0.698,4.65,,14.51,14/03/2024
S101384,94.25,1.41,1.0,10.33,2024-05-22
S101385,76.75,2.32,0.97,19.37,2024-01-14
S101386,56.89,0.87,0.81,24.5,2024-03-14
S101387,82.84,2.77,4.06,3.64,04-06-2024
S101388,0.7607,1.93,0.15,10.23,2024-04-12
S101389,87.71,3.07,0.03,18.58,2024-03-25
S101390,88.1%,6.95,0.7,6.37,2024-01-27
S101391,65.17,3.83,1.3,13.92,30/04/2024
S101392,69.1%,4.14,2.31,23.9,18/01/2024
S101393,71.79,3.2,0.31,19.36,14/02/2024
S101394,60%,3.81,0.16,18.65,08/05/2024
S101395,61.78,5.75,0.42,20.23,2024-04-30
S101396,70.8,1.38,1.34,17.27,2024-03-20
S101397,94.53,4.09,1.61,12.64,20/01/2024
S101398,77.06,1.6,1.04,21.75,01/05/2024
S101399,90.24,3.97,,11.67,27/03/2024
S101400,70.49,1.22,0.87,13.87,17/04/2024
S101401,53.03,2.69,1.6,3.41,2024-05-13
S101402,87.96,5.3,5.28,11.66,2024-05-11
S101403,98.69,3.32,0.06,15.55,2024-03-16
S101404,64.34,4.5,0.78,15.18,2024-05-09
S101405,77%,1.96,3.19,21.47,2024-01-26
S101406,76.66,5.02,1.16,11.93,25/02/2024
S101407,93.23,0.0,1.08,12.22,07/03/2024
S101408,84.6%,0.97,1.25,11.21,04/05/2024
S101409,79.44,2.09,1.48,16.69,21/05/2024
S101410,88.72,2.79,3.12,25.82,2024-04-06
S101411,56.67,3.16,0.18,0.0,2024-02-08
S101412,70.5%,0.0,0.6,11.59,2024-05-05
S101413,100.0,2.78,2.73,12.54,17/02/2024
S101414,72.62,1.21,2.15,0.08,2024-05-26
S101415,64.91,1.07,0.38,14.13,13/04/2024
S101416,100.0,0.53,1.86,12.53,2024-01-20
S101417,82.6%,4.97,0.13,11.93,2024-05-12
S101418,85.11,0.65,1.33,7.28,02/05/2024
S101419,74.13,2.28,1.51,14.39,16/04/2024
S101420,84.7,1.9,1.34,6.83,2024-02-13
S101421,81.79,1.51,0.34,9.11,27/01/2024
S101422,67.98,5.07,2.94,13.6,11/03/2024
S101423,50.87,0.15,1.22,22.15,17/05/2024
S101424,56.42,3.8,0.64,17.87,2024-02-02
S101425,75.14,6.25,0.09,19.3,2024-01-10
S101426,82%,1.77,1.28,28.73,13/03/2024
S101427,90.98,0.0,0.69,18.08,2024-05-27
S101428,100.0,1.94,1.21,7.67,04-29-2024
S101429,75%,0.33,0.42,11.06,2024-01-19
S101430,69.35,3.3,1.55,9.0,2024/03/07 18:09:13
S101431,92.89,4.99,0.76,14.05,2024-02-02
S101432,99.87,4.74,3.94,12.12,2024-05-04
S101433,69.79,3.68,3.46,8.4,2024-05-29
S101434,96.98,0.22,1.17,21.47,2024/02/28 15:13:09
S101435,60.19,3.01,0.48,21.97,2024-02-23
S101436,64.43,2.57,1.23,16.26,2024-01-19
S101437,77.8%,2.9,2.26,7.99,2024-05-17
S101438,69.95,4.25,2.25,15.85,2024-01-10
S101439,70.46,0.8,0.16,10.72,08/04/2024
S101440,65.79,4.42,0.86,24.0,03-19-2024
S101441,78.2%,4.48,4.48,6.63,2024-03-27
S101442,87.02,3.66,0.88,19.6,2024-04-19
S101443,66.95,3.62,6.84,19.46,2024-01-13
S101444,99.31,0.12,0.65,21.28,2024-05-09
S101445,82.74,2.05,0.85,16.37,05-26-2024
S101446,44.08,4.65,0.55,12.69,2024-05-02
S101447,71.92,3.43,0.03,31.75,2024/02/18 09:18:06
S101448,70%,4.04,1.15,8.86,2024-04-06
S101449,85.63,2.04,0.45,20.03,2024-03-30
S101450,91.46,1.69,1.87,15.13,2024-05-26
S101451,0.8587,2.24,0.05,17.4,09/05/2024
S101452,78.65,3.87,1.21,17.36,2024-01-22
S101453,65.56,3.96,0.59,7.42,2024-02-11
S101454,78%,1.58,3.2,5.6,14/03/2024
S101455,94.18,3.15,2.56,6.06,2024-05-14
S101456,77%,6.09,1.64,11.88,06/05/2024
S101457,95.19,4.73,3.32,16.74,2024-05-05
S101458,74.94,2.63,0.63,10.19,2024-01-15
S101459,78.27,3.05,0.98,4.95,02-03-2024
S101460,91.11,3.3,0.86,21.43,2024-01-31
S101461,73.12,4.16,3.18,4.23,26/01/2024
S101462,70.37,1.88,1.07,18.36,2024-05-28
S101463,59.2%,2.62,0.25,9.74,06/02/2024
S101464,85.08,3.64,0.35,23.52,2024-04-07
S101465,90.68,2.44,6.54,11.32,2024-01-27
S101466,79.86,3.61,0.05,2.68,22/02/2024
S101467,65.95,4.2,0.16,14.72,2024-05-27
S101468,80.99,2.98,0.23,9.12,2024-02-09
S101469,69.24,3.34,1.61,20.68,2024-05-21
S101470,44.22,3.87,0.22,17.31,2024-02-15
S101471,83.8%,1.81,2.17,10.6,2024-03-07
S101472,60.34,3.63,0.81,7.98,2024-05-25
S101473,85.29,4.26,0.08,7.32,2024-03-18
S101474,89.99,3.24,,10.9,03-06-2024
S101475,80.71,4.46,,24.55,2024-04-05
S101476,78.3,0.72,0.94,13.99,2024-01-24
S101477,71.97,5.62,0.42,21.63,02-27-2024
S101478,60%,1.99,2.31,4.63,2024-05-15
S101479,94.24,2.48,0.32,1.55,07/03/2024
S101480,100.0,1.9,2.44,8.38,2024-02-25
S101481,69.02,4.36,5.67,19.6,20/04/2024
S101482,64.14,4.08,1.35,12.98,2024-03-20
S101483,62.69,1.51,1.78,21.23,2024-05-16
S101484,81.07,1.56,0.61,23.85,29/02/2024
S101485,76.4,1.25,3.98,8.3,03-16-2024
S101486,82.46,5.6,1.4,20.84,2024-02-12
S101487,60.6,2.81,2.77,24.72,2024-01-14
S101488,0.7519,5.98,1.04,22.23,2024-04-08
S101489,91.2,3.02,0.29,3.84,02-19-2024
S101490,78.8,6.39,1.24,2.02,03-13-2024
S101491,76.7,3.15,0.39,11.86,2024-04-22
S101492,71.76,0.8,1.79,12.12,2024-02-22
S101493,40.52,1.15,1.31,20.9,2024-04-10
S101494,76.59,5.4,4.48,8.23,2024-05-28
S101495,93.34,4.15,5.18,17.91,2024-03-29
S101496,63.65,4.41,0.55,7.42,2024-02-21
S101497,73.52,1.13,2.61,17.42,2024-03-02
S101498,74.17,4.15,,11.8,2024-03-19
S101499,100.0,3.7,0.21,17.51,10/04/2024
S101500,59.94,4.67,0.49,12.45,10/05/2024
S101501,59.37,5.57,0.58,0.0,11/03/2024
S101502,100.0,3.43,0.15,18.56,21/02/2024
S101503,65.44,3.67,0.94,23.19,2024/03/11 11:46:32
S101504,100.0,0.55,3.77,9.15,2024-01-20
S101505,59.1%,3.22,0.24,20.67,2024-04-16
S101506,97.96,3.54,0.58,10.71,2024-02-15
S101507,93.26,5.14,0.4,5.55,2024-02-07
S101508,68.97,1.49,0.91,10.72,02/02/2024
S101509,78.02,4.94,1.44,13.71,2024-03-27
S101510,70.94,2.14,1.14,5.76,2024-05-17
S101511,79.45,1.52,1.41,24.45,20/05/2024
S101512,94.06,0.2,2.72,4.28,18/01/2024
S101513,75%,3.01,2.75,11.21,19/03/2024
S101514,80.65,3.04,0.05,8.54,2024-05-13
S101515,71.09,4.77,1.47,24.48,16/05/2024
S101516,86.86,2.92,0.73,4.45,2024-02-03
S101517,70.18,5.37,0.9,20.78,2024-05-10
S101518,60.15,5.33,2.39,16.38,2024-04-01
S101519,83.59,4.35,0.86,6.27,2024-02-07
S101520,87.87,2.65,4.54,12.54,2024-02-07
S101521,71.62,4.95,2.62,13.72,2024-05-19
S101522,0.7616,5.94,,19.09,2024-04-27
S101523,55.34,1.65,2.02,10.49,2024-05-17
S101524,97.34,3.17,1.14,19.42,2024/05/11 08:43:43
S101525,0.7142,0.0,2.13,15.34,2024-01-27
S101526,84.38,0.65,4.26,18.16,2024-04-29
S101527,86.56,4.09,0.6,8.83,2024-05-23
S101528,61.17,1.82,5.86,13.31,2024-04-01
S101529,71.16,5.12,0.36,15.77,2024-01-12
S101530,78.59,2.6,1.73,15.57,18/02/2024
S101531,100.0,1.13,2.33,14.72,11/03/2024
S101532,50%,4.18,8.0,29.65,2024/05/17 01:30:17
S101533,0.5915,2.53,2.41,19.02,2024-05-10
S101534,77.38,2.72,2.38,20.09,2024-04-03
S101535,100.0,3.98,0.34,16.73,20/03/2024
S101536,79.82,0.89,0.31,18.73,2024-04-28
S101537,75.81,2.33,2.15,16.39,21/01/2024
S101538,66.32,2.69,0.94,27.72,2024-05-02
S101539,59.05,2.51,1.87,14.58,2024-02-08
S101540,66.61,3.88,0.11,20.82,05-22-2024
S101541,71.19,2.48,1.66,29.6,2024-03-23
S101542,88.82,1.94,2.84,19.57,2024-01-13
S101543,0.7685,6.03,2.3,13.01,2024-05-18
S101544,80.19,2.57,5.09,9.86,2024-05-15
S101545,68.12,1.85,3.25,11.53,2024/04/26 02:38:57
S101546,59%,5.11,1.47,17.74,2024-04-30
S101547,0.6003,3.75,1.13,27.49,2024-05-01
S101548,93.25,1.6,4.14,19.23,2024-01-15
S101549,76.95,3.85,0.37,12.29,2024-05-05
S101550,61.34,1.5,4.01,12.87,2024-04-05
S101551,84.6,2.54,0.07,13.95,19/04/2024
S101552,54%,3.16,0.09,5.62,2024-03-09
S101553,89.88,4.35,0.6,11.8,2024-01-29
S101554,64.7,1.25,5.35,11.49,30/01/2024
S101555,84.52,3.02,3.57,34.45,2024-04-30
S101556,83.79,0.0,1.27,21.49,16/01/2024
S101557,65.25,3.71,1.86,7.49,01-14-2024
S101558,65.57,2.04,0.34,4.02,2024/05/10 04:25:17
S101559,59.78,5.57,1.46,5.86,2024-02-16
S101560,65.04,4.97,3.95,24.9,2024-05-25
S101561,73.35,3.5,1.42,5.56,2024-04-04
S101562,79.5%,1.92,0.87,26.27,2024-05-24
S101563,88.02,3.03,0.08,16.68,03-22-2024
S101564,48.63,2.99,0.63,13.28,2024-01-16
S101565,68.3,4.56,0.18,6.99,2024-03-18
S101566,53.65,4.81,4.3,23.85,2024-05-26
S101567,75.0,2.35,0.22,18.82,14/01/2024
S101568,84.4,4.2,0.87,21.3,04/02/2024
S101569,35%,3.8,1.91,13.09,04-07-2024
S101570,56.76,4.99,0.76,19.67,2024-03-07
S101571,83.44,0.94,0.56,25.37,07/05/2024
S101572,71.12,2.04,0.05,19.17,2024-05-21
S101573,81.78,2.31,0.6,7.61,20/04/2024
S101574,85.09,3.29,0.19,18.64,2024-01-14
S101575,86.92,2.57,0.04,20.28,2024-02-18
S101576,80.7,1.65,0.48,26.74,2024-05-29
S101577,75.58,2.81,2.77,19.09,01/02/2024
S101578,72.07,3.14,3.52,22.71,2024-05-19
S101579,58.1,3.08,0.29,19.31,2024-01-21
S101580,75.49,2.72,1.25,5.52,04-17-2024
S101581,67.1,3.41,2.11,20.81,2024-03-19
S101582,80.5,5.32,1.38,15.84,2024/02/17 03:09:24
S101583,45.39,5.78,1.95,28.98,2024-02-22
S101584,42.73,4.01,0.6,4.93,2024-05-11
S101585,63.43,2.81,0.08,7.07,16/03/2024
S101586,58.04,3.97,4.01,20.08,2024-02-13
S101587,98%,0.88,0.63,25.58,2024-01-21
S101588,0.7812,2.72,0.62,14.16,24/02/2024
S101589,86.25,0.81,0.15,14.2,2024-03-22
S101590,60.86,3.47,1.54,16.45,30/01/2024
S101591,88.7%,3.06,0.37,11.61,2024-05-28
S101592,93.3,2.55,1.66,21.91,2024-05-07
S101593,81.98,3.32,3.72,11.62,2024-01-18
S101594,87.77,5.68,3.46,19.9,25/02/2024
S101595,69%,3.07,3.04,5.74,16/04/2024
S101596,66.64,1.85,0.98,27.03,2024-03-18
S101597,70.68,4.26,5.52,0.16,2024-03-18
S101598,54.9%,1.29,2.96,7.56,2024-05-27
S101599,69.91,4.56,0.34,30.77,11/05/2024
S101600,75.15,3.35,1.43,15.71,2024-01-26
S101601,83.25,3.6,0.01,10.38,2024-03-10
S101602,67.17,1.02,1.09,6.06,2024/03/12 03:12:10
S101603,82.38,3.42,,11.95,04-13-2024
S101604,95.58,4.05,0.15,17.03,2024-03-08
S101605,78.04,1.44,0.07,18.41,01/02/2024
S101606,78.9,0.0,1.77,17.26,2024-03-15
S101607,61.4,4.79,0.73,2.5,2024-02-15
S101608,74.18,4.59,0.72,15.97,22/03/2024
S101609,86.53,1.37,0.26,17.37,2024-04-23
S101610,90.09,1.2,1.54,17.44,2024-03-08
S101611,80.31,1.27,0.04,15.21,18/05/2024
S101612,100.0,2.45,1.25,6.4,2024-03-02
S101613,66.72,4.55,,8.55,2024-05-05
S101614,60.2,3.11,1.09,23.49,2024-01-25
S101615,90.46,1.02,0.57,9.57,2024-02-03
S101616,79.06,7.06,1.29,9.95,12/03/2024
S101617,78.54,3.56,0.25,12.93,2024-04-15
S101618,80.28,4.31,1.45,6.48,2024-03-18
S101619,55.26,2.49,0.74,19.44,2024-04-01
S101620,79.32,4.68,1.97,6.12,2024-05-17
S101621,78.2%,3.99,3.74,22.59,2024-02-05
S101622,91%,4.57,0.32,5.59,2024-05-27
S101623,65.7%,3.34,2.28,13.04,2024-05-17
S101624,84.0%,1.7,0.08,17.41,15/04/2024
S101625,76.74,3.02,2.38,20.53,02-14-2024
S101626,76.1%,1.63,0.26,13.42,11/04/2024
S101627,62.09,4.15,0.59,10.08,2024-05-08
S101628,78.4%,3.02,0.36,24.93,17/03/2024
S101629,74.18,0.4,1.09,16.27,10/02/2024
S101630,100.0,5.73,0.94,13.81,2024-01-23
S101631,82.8,4.73,0.86,2.27,2024-01-24
S101632,62.38,3.98,0.41,16.34,2024-05-08
S101633,71.84,1.75,4.14,14.97,2024-03-24
S101634,45.41,3.64,3.88,5.51,2024-01-14
S101635,0.9017,2.7,3.54,9.53,2024-03-05
S101636,82.37,4.17,0.21,15.65,2024-02-14
S101637,73.55,1.38,2.04,18.27,10/04/2024
S101638,68.59,4.52,3.51,7.87,2024-04-18
S101639,80.04,2.99,0.21,7.94,2024-05-10
S101640,69.51,3.07,4.39,15.81,08/03/2024
S101641,89.17,1.14,1.38,9.11,2024-04-16
S101642,85.99,4.01,,13.6,2024-03-23
S101643,69.33,4.81,4.38,27.43,2024-01-26
S101644,86%,5.51,1.93,14.7,2024-05-12
S101645,74.46,1.75,2.35,22.16,05/04/2024
S101646,77.65,2.01,1.07,6.28,2024-02-02
S101647,87.49,4.56,0.2,9.63,07/03/2024
S101648,71%,2.25,0.75,9.48,2024-03-15
S101649,96.6%,3.11,3.28,7.27,04-27-2024
S101650,62.71,3.25,0.95,2.62,03-02-2024
S101651,83%,2.96,4.13,16.35,2024-01-24
S101652,99.82,4.21,3.28,17.71,2024-04-07
S101653,79.0,2.78,0.08,8.38,2024-02-02
S101654,0.8342,1.44,2.47,9.78,2024-04-25
S101655,90.5,5.36,1.86,15.55,2024-02-23
S101656,67.19,1.86,0.17,15.15,2024-03-09
S101657,94.44,1.51,1.19,22.23,2024-05-07
S101658,88.29,4.13,1.69,22.94,2024-04-03
S101659,72.8,2.31,4.84,10.32,02/03/2024
S101660,74.51,2.95,5.71,14.53,2024-02-06
S101661,63.3,5.21,0.36,7.99,2024-03-19
S101662,56.63,4.91,0.04,25.52,2024-04-08
S101663,61.41,1.62,1.93,16.86,14/05/2024
S101664,63.71,2.03,2.75,21.96,13/04/2024
S101665,76.27,3.2,0.64,12.46,05/04/2024
S101666,76.82,4.17,3.07,22.15,2024/03/27 21:42:22
S101667,87.19,3.71,1.64,20.21,2024-01-28
S101668,73.67,3.29,3.3,23.95,2024-04-12
S101669,72.46,3.49,3.57,5.59,02-09-2024
S101670,86.45,3.81,1.88,15.52,2024-05-21
S101671,79.71,5.21,0.49,22.68,20/01/2024
S101672,0.9512,2.48,7.3,8.45,2024-02-11
S101673,75.78,2.03,4.66,18.65,2024/03/07 12:10:46
S101674,91.51,1.92,2.33,19.0,2024-03-23
S101675,76.92,4.75,4.86,19.91,2024-04-17
S101676,65.56,3.01,4.27,17.34,2024-04-29
S101677,89.39,2.81,8.0,19.32,2024-02-01
S101678,74.69,0.03,0.86,18.03,01-28-2024
S101679,88.05,1.7,0.75,23.29,2024-02-18
S101680,72.21,0.0,1.21,9.98,24/02/2024
S101681,79.44,2.96,0.94,17.38,10/05/2024
S101682,100%,1.42,0.68,23.53,2024-04-22
S101683,90.64,2.53,1.02,9.51,2024/03/26 08:30:13
S101684,64.21,4.38,2.44,10.16,02-25-2024
S101685,60.57,2.34,0.99,18.67,12/03/2024
S101686,64.86,3.17,0.46,24.67,2024/05/23 16:22:04
S101687,86.92,5.22,2.33,14.06,2024-05-24
S101688,89%,0.66,3.3,15.67,2024-04-08
S101689,87.91,1.93,2.63,17.55,2024-04-15
S101690,76.93,3.25,1.34,11.59,02-29-2024
S101691,80.03,0.97,8.0,30.36,22/02/2024
S101692,84.85,2.54,3.53,8.53,04-11-2024
S101693,83%,3.34,1.08,15.63,2024-05-18
S101694,100.0,3.46,2.48,15.74,2024-01-28
S101695,82.7%,5.79,8.0,0.0,2024-04-04
S101696,85.88,2.89,0.33,9.1,2024-02-02
S101697,79.19,2.49,2.61,5.53,04-16-2024
S101698,69.73,3.57,0.12,20.04,2024-01-29
S101699,73.04,5.3,0.45,3.15,28/01/2024
S101700,66.4%,4.51,0.86,21.59,2024-03-07
S101701,47.6%,5.23,5.47,6.74,2024-03-24
S101702,43%,3.2,3.6,21.73,31/03/2024
S101703,55.01,2.93,3.52,5.22,2024-02-25
S101704,81.65,2.14,1.28,17.97,05-14-2024
S101705,61.8%,1.14,0.02,21.55,2024-01-18
S101706,77%,1.79,0.41,19.01,2024-04-29
S101707,92.11,0.0,3.1,6.45,18/03/2024
S101708,52.88,4.46,0.08,22.91,24/01/2024
S101709,67.99,3.65,0.17,18.82,2024/02/18 23:45:38
S101710,88.05,1.96,0.11,0.0,03-17-2024
S101711,81%,4.6,2.08,15.77,2024-03-18
S101712,87.9%,3.52,4.1,34.84,2024-02-14
S101713,50.02,4.99,0.71,22.82,2024-01-11
S101714,64.33,3.04,1.11,11.51,2024-01-31
S101715,83.31,1.23,0.2,18.81,2024-01-27
S101716,76.79,3.96,,12.25,24/05/2024
S101717,55.0%,4.09,0.58,22.1,05-01-2024
S101718,60.7,4.32,5.21,9.3,2024/03/07 00:14:11
S101719,75.96,2.09,4.43,23.46,2024-02-08
S101720,79.27,4.4,,21.44,2024-01-24
S101721,85.75,0.22,2.08,19.5,19/02/2024
S101722,72.07,2.46,8.0,29.5,2024-03-25
S101723,94.96,0.0,2.61,22.04,2024-02-19
S101724,67.47,1.98,2.06,22.15,2024-04-04
S101725,81.67,2.7,0.26,22.88,02-04-2024
S101726,70.7,4.13,0.22,20.0,18/05/2024
S101727,59.51,1.18,8.0,18.25,16/05/2024
S101728,65.33,5.28,0.13,10.26,24/03/2024
S101729,51.39,3.41,0.39,10.36,2024-05-23
S101730,100.0,1.95,3.08,18.02,2024-04-22
S101731,65.51,3.68,6.29,19.26,2024-02-22
S101732,83.99,3.93,0.01,15.12,02/05/2024
S101733,80.22,2.78,6.22,11.63,2024-04-04
S101734,73.14,3.02,1.31,14.05,24/01/2024
S101735,100.0,2.76,0.6,14.63,2024-04-25
S101736,51.91,2.51,0.4,16.93,2024-03-13
S101737,85.44,2.15,1.39,13.44,05/04/2024
S101738,0.8622,2.96,0.84,23.16,2024-02-27
S101739,72.59,0.62,0.11,14.23,2024-05-03
S101740,81.22,4.39,3.82,10.5,04-18-2024
S101741,73.9%,3.16,0.53,14.43,12/02/2024
S101742,85.94,4.53,3.01,7.29,2024-01-13
S101743,99.27,3.2,0.38,29.09,2024-02-25
S101744,72.83,1.6,0.77,19.59,2024-03-13
S101745,62.46,3.56,6.15,14.91,2024-03-30
S101746,84.85,1.47,5.12,24.92,2024-05-02
S101747,47.94,4.07,0.6,13.56,04-26-2024
S101748,0.8679,4.98,5.31,14.77,2024-04-21
S101749,63.79,4.01,0.17,10.07,2024-04-12
S101750,63.92,4.64,1.39,8.42,2024-03-15
S101751,0.7872,1.58,0.68,16.48,2024-03-24
S101752,89.21,1.41,7.22,22.45,2024-01-26
S101753,93.29,1.09,0.09,8.85,2024-01-17
S101754,73.08,7.82,0.65,13.33,2024-03-02
S101755,40.8%,3.81,3.06,13.58,25/02/2024
S101756,71.45,4.06,1.48,20.4,16/05/2024
S101757,87.76,4.39,0.97,11.98,2024/05/21 23:12:22
S101758,72.39,1.29,1.09,20.27,26/02/2024
S101759,84.66,5.83,1.18,20.01,2024/05/23 19:53:34
S101760,65.44,3.06,0.03,10.37,2024-03-27
S101761,91.7,1.98,0.09,12.95,2024-02-22
S101762,65.42,0.0,0.47,15.56,2024-05-21
S101763,89.11,1.54,0.14,11.94,2024-01-16
S101764,64.67,4.23,0.0,8.74,23/01/2024
S101765,69.32,3.16,2.7,25.38,2024-02-12
S101766,81.3%,1.94,1.11,2.52,2024-02-25
S101767,97.2,4.45,0.25,16.63,2024-01-28
S101768,73.47,1.41,6.17,24.55,2024-02-12
S101769,62.2,2.01,2.79,9.36,2024-05-15
S101770,60.52,4.18,0.27,15.18,2024-04-04
S101771,69.76,0.58,0.25,21.32,2024-05-05
S101772,73.73,2.15,1.18,0.0,02-29-2024
S101773,88.86,4.98,0.05,14.65,2024-05-05
S101774,75.88,2.43,1.28,3.99,2024-05-09
S101775,63.16,3.71,0.31,21.74,2024-01-26
S101776,78.74,1.33,0.94,9.45,2024-03-06
S101777,90.03,3.95,0.72,27.49,2024-03-18
S101778,100.0,2.7,2.48,8.32,24/04/2024
S101779,82.37,2.51,1.95,18.15,2024/03/31 21:07:44
S101780,74.82,7.82,0.8,8.87,16/01/2024
S101781,73.31,0.63,2.68,13.34,01-27-2024
S101782,59.32,2.8,0.1,14.97,02/05/2024
S101783,72.45,6.24,6.38,15.18,2024-01-20
S101784,85.2,2.03,2.61,26.58,20/01/2024
S101785,62.68,3.13,2.08,24.99,13/02/2024
S101786,79.98,2.47,1.92,9.75,2024-05-02
S101787,54.65,0.22,2.14,15.3,03-22-2024
S101788,74.74,2.45,0.01,6.85,2024/04/09 07:13:55
S101789,59.2,3.22,7.58,5.26,2024-02-27
S101790,73.59,1.52,0.4,10.33,2024-05-22
S101791,60%,3.03,1.07,26.78,2024-01-23
S101792,83.8,3.88,,3.19,2024-05-24
S101793,51.03,3.68,0.89,19.03,2024-02-14
S101794,88.9,3.42,1.44,18.22,2024-01-20
S101795,89.71,1.97,4.86,9.8,2024-05-06
S101796,71.6%,2.6,5.76,19.51,11/01/2024
S101797,89.61,5.24,0.81,19.48,12/04/2024
S101798,93.0,4.99,1.4,14.74,2024-04-27
S101799,100.0,3.24,2.53,13.95,2024-05-03
S101800,73.83,3.06,0.31,13.28,01-25-2024
S101801,66.09,0.99,1.96,9.09,2024-03-20
S101802,70.37,4.46,0.95,16.16,2024-02-25
S101803,68.33,2.32,0.36,11.46,2024-02-05
S101804,46.64,3.37,1.24,16.13,2024-05-10
S101805,94%,4.66,1.24,10.73,01-11-2024
S101806,89.16,2.75,0.18,10.4,06/04/2024
S101807,68.75,3.2,0.21,11.19,2024-02-26
S101808,86.78,6.29,0.9,23.88,17/02/2024
S101809,97.1%,4.71,0.82,5.36,2024-05-18
S101810,83.86,4.02,0.47,27.41,2024-04-25
S101811,64.35,4.07,0.03,20.38,2024-03-20
S101812,0.7763,4.89,1.22,4.06,2024-05-13
S101813,89.97,1.98,0.98,10.95,2024-03-13
S101814,70.78,3.19,2.89,3.64,2024-04-18
S101815,49.64,4.41,0.67,19.53,2024-02-10
S101816,0.8296,3.34,0.27,23.94,2024-01-23
S101817,58.08,3.32,0.03,16.6,2024-01-22
S101818,84.22,1.6,4.94,23.53,2024-02-13
S101819,57.43,3.84,1.6,16.29,2024-04-25
S101820,56.38,3.73,2.2,21.8,05-14-2024
S101821,70%,1.65,0.11,17.04,2024-04-15
S101822,69.8,1.58,2.0,15.1,2024-04-28
S101823,58.02,0.51,1.81,20.42,2024-02-27
S101824,0.8188,3.23,,13.91,2024/01/18 18:59:55
S101825,91.09,2.36,0.04,25.2,2024-02-23
S101826,69.92,2.86,1.34,12.79,2024-04-23
S101827,65.37,0.85,2.49,18.97,2024-04-07
S101828,77.91,1.59,5.12,10.05,01-27-2024
S101829,92.99,3.79,2.89,3.99,2024-01-30
S101830,64.54,3.43,0.75,17.51,27/02/2024
S101831,74.75,0.8,3.09,2.37,19/04/2024
S101832,55.13,2.95,2.6,30.04,2024-03-19
S101833,89.37,2.15,0.6,12.52,07/02/2024
S101834,72.28,3.88,3.27,14.46,2024-01-27
S101835,79.76,1.36,0.4,12.83,04-07-2024
S101836,84.0%,4.31,0.47,15.99,14/04/2024
S101837,84.04,1.39,0.28,17.38,01-28-2024
S101838,69.34,2.73,0.73,9.12,2024-03-24
S101839,78.27,0.0,2.52,0.0,2024-05-02
S101840,97.6%,3.32,0.27,7.29,2024-04-12
S101841,0.8479,3.03,0.89,11.6,2024-01-27
S101842,82%,3.4,0.48,16.96,2024-05-05
S101843,73.81,4.44,0.23,16.28,05-07-2024
S101844,47.5%,2.81,0.24,20.27,01/03/2024
S101845,64.65,3.23,2.07,3.5,02/04/2024
S101846,58.72,4.09,2.44,8.75,2024-04-05
S101847,62.61,4.92,2.56,11.91,25/03/2024
S101848,68.39,0.14,1.23,25.67,2024-01-10
S101849,83.0%,0.12,0.85,34.04,03-07-2024
S101850,55.97,2.16,,5.56,22/02/2024
S101851,66.16,1.7,3.1,22.64,2024-01-19
S101852,0.8541,1.81,0.96,15.61,03-12-2024
S101853,52%,2.82,1.48,18.89,05-04-2024
S101854,75.6,1.72,1.39,5.73,2024-05-16
S101855,67%,5.34,0.19,24.49,05-28-2024
S101856,69.8%,2.5,1.12,0.0,2024-04-30
S101857,62.09,1.91,2.45,5.8,2024-05-21
S101858,85.06,2.19,0.67,13.11,2024-02-02
S101859,100.0,2.03,1.44,10.85,01-29-2024
S101860,90.21,4.64,0.29,15.18,2024-02-24
S101861,78.91,3.24,0.46,10.21,05-18-2024
S101862,76.46,0.67,0.17,12.5,24/05/2024
S101863,59.41,2.67,2.25,13.71,03-22-2024
S101864,63%,4.31,0.45,13.44,04-27-2024
S101865,82.33,4.18,3.63,16.04,02-17-2024
S101866,82.78,2.39,1.9,21.27,2024-02-15
S101867,78.94,2.63,0.92,9.73,2024-03-23
S101868,87.34,2.36,1.2,24.43,05/05/2024
S101869,0.8749,2.93,3.64,15.34,2024-04-06
S101870,87.51,1.24,0.95,23.83,02-07-2024
S101871,60.1,3.47,0.13,12.6,03-08-2024
S101872,83.28,6.08,0.07,8.94,2024-04-24
S101873,47.97,4.03,6.0,15.56,2024-03-24
S101874,45%,2.69,1.07,32.95,02/03/2024
S101875,0.5635,0.69,0.05,5.44,28/01/2024
S101876,83.36,2.71,0.34,19.74,2024-04-01
S101877,93.41,2.24,3.98,16.24,2024-03-02
S101878,84.22,2.23,1.42,17.83,2024-03-10
S101879,82.62,2.86,1.26,6.56,09/03/2024
S101880,90.93,2.12,1.85,18.2,22/03/2024
S101881,100.0,3.97,1.65,17.07,2024-04-13
S101882,64.49,4.74,,4.62,2024-03-22
S101883,92.3%,1.92,0.41,15.92,2024-03-15
S101884,83.11,3.2,0.31,13.3,2024-03-17
S101885,76.8,4.39,2.12,12.52,13/04/2024
S101886,93.5,3.57,2.43,14.68,2024-04-01
S101887,63.92,2.79,0.31,22.61,2024/02/07 21:12:12
S101888,62%,2.96,4.63,18.21,2024-05-28
S101889,64.05,2.73,0.41,7.7,12/02/2024
S101890,75.54,1.73,0.06,18.48,21/03/2024
S101891,79.02,0.28,1.46,14.69,17/04/2024
S101892,65.22,2.41,0.21,10.69,2024-02-18
S101893,77.79,2.97,1.24,6.32,2024-05-02
S101894,87.82,3.39,2.42,20.65,25/05/2024
S101895,91.33,0.13,2.22,11.01,26/02/2024
S101896,76.34,2.4,0.78,21.36,2024-05-11
S101897,65.46,2.74,1.7,7.46,2024-01-10
S101898,77%,3.62,1.25,28.96,02-26-2024
S101899,99.44,1.43,2.79,33.44,10/03/2024
S101900,85%,1.19,2.01,18.8,2024-05-26
S101901,0.7417,4.16,1.21,24.07,03-09-2024
S101902,84.58,2.09,1.63,11.83,13/01/2024
S101903,0.8664,0.57,0.12,11.13,2024-01-21
S101904,97.55,1.72,0.09,23.36,2024-05-08
S101905,93.1%,3.28,0.32,16.06,05/04/2024
S101906,69.82,3.36,0.54,5.4,02-16-2024
S101907,78.62,4.0,4.03,15.54,2024-02-08
S101908,72.31,3.36,0.64,6.45,2024-04-24
S101909,62.5%,2.79,1.69,13.7,03-15-2024
S101910,58.62,0.91,1.24,22.34,2024/05/03 10:29:43
S101911,68%,4.82,2.75,25.22,2024-02-10
S101912,76.1%,4.88,3.03,16.93,15/01/2024
S101913,79.5%,2.43,0.75,24.37,2024-04-18
S101914,90.06,3.17,3.0,11.78,2024-03-26
S101915,72.7,2.31,0.36,26.9,22/04/2024
S101916,92.29,1.99,3.73,9.94,2024-01-22
S101917,72.54,3.35,0.62,9.34,2024-01-11
S101918,72.16,2.82,0.11,11.77,2024-04-30
S101919,73.63,3.22,2.59,9.77,2024-02-26
S101920,0.6491,4.19,3.64,18.62,2024-02-16
S101921,55.39,4.98,0.04,23.77,2024-03-21
S101922,61.2%,1.41,0.85,15.11,2024/05/26 07:56:22
S101923,60.3,2.93,2.71,17.18,23/03/2024
S101924,60.26,1.74,0.24,5.32,2024-02-21
S101925,74.51,1.99,3.63,15.67,05-20-2024
S101926,0.7871,2.71,0.7,27.4,2024-05-26
S101927,84.66,1.53,0.26,24.89,2024-03-09
S101928,100.0,3.95,,7.34,11/01/2024
S101929,49.0%,3.91,3.44,11.93,2024-05-26
S101930,76.23,2.4,1.99,38.85,30/03/2024
S101931,83.35,3.85,1.45,17.93,15/01/2024
S101932,0.5799,1.53,2.11,25.61,30/01/2024
S101933,100.0,5.52,2.86,26.16,2024-02-20
S101934,56%,5.9,0.74,7.19,2024-02-05
S101935,65.45,3.64,0.2,20.07,02-18-2024
S101936,80.2%,2.49,5.33,16.31,2024-05-09
S101937,76.0%,2.26,4.24,27.19,2024-03-01
S101938,80.78,2.21,1.09,28.74,2024-03-21
S101939,82.45,5.21,0.93,9.18,2024-04-06
S101940,75.04,3.32,2.57,39.09,2024-05-04
S101941,89.4,4.39,0.37,16.18,2024-03-29
S101942,67.01,4.3,1.24,19.43,2024/03/16 13:59:48
S101943,73.7%,1.6,6.03,0.0,2024/04/02 04:23:19
S101944,85.36,5.24,0.88,22.06,2024-03-28
S101945,54.83,5.9,2.63,0.0,2024-02-10
S101946,59.73,4.89,2.17,13.99,2024-05-09
S101947,56.27,5.29,6.13,11.13,06/04/2024
S101948,75.71,2.0,0.65,18.26,2024-02-05
S101949,66.56,4.47,0.79,16.26,2024-02-29
S101950,80.53,3.77,1.15,19.11,2024-04-27
S101951,84.49,2.3,2.99,23.72,2024-05-29
S101952,100%,4.17,0.45,7.97,2024-02-29
S101953,75.35,1.02,1.46,13.57,2024-03-31
S101954,88.06,4.13,2.66,9.08,2024/05/12 19:42:04
S101955,82.84,3.18,0.02,8.56,23/05/2024
S101956,61.95,2.76,0.02,28.53,2024-05-14
S101957,95.74,2.35,5.05,6.12,2024-03-19
S101958,86.42,2.1,0.58,9.25,2024-04-24
S101959,61.59,3.14,0.03,30.36,03/02/2024
S101960,84.65,1.38,0.44,14.11,23/04/2024
S101961,79.01,4.91,0.42,14.55,05-12-2024
S101962,74.48,3.46,5.5,17.8,2024-05-09
S101963,86.22,1.99,1.58,6.57,2024-02-29
S101964,53.54,0.0,5.25,8.55,2024-02-24
S101965,64%,3.69,0.27,10.68,04-10-2024
S101966,95%,2.26,1.14,22.3,2024-02-12
S101967,88.82,1.94,4.81,19.7,26/03/2024
S101968,82.83,3.22,0.7,10.59,2024-02-12
S101969,59%,2.72,0.26,14.07,19/03/2024
S101970,66.88,2.33,1.65,20.46,06/05/2024
S101971,75.41,2.14,3.82,0.0,2024-04-08
S101972,65.64,1.81,1.54,17.12,2024-04-30
S101973,84.35,3.32,0.43,20.31,30/01/2024
S101974,76%,3.2,0.58,8.57,2024-02-27
S101975,71.89,4.84,0.15,19.55,2024-01-19
S101976,89.71,1.35,0.24,15.11,2024-02-01
S101977,91%,0.24,0.52,27.67,2024/04/16 11:15:29
S101978,97.87,2.59,0.24,11.34,2024-05-03
S101979,83.0,1.49,0.53,19.14,2024-04-20
S101980,79.13,2.97,0.61,4.71,2024-02-11
S101981,73.12,2.91,7.74,15.53,2024-05-28
S101982,89.09,3.01,0.07,20.71,2024-05-18
S101983,58.28,0.11,3.77,11.32,03-09-2024
S101984,75.86,1.81,0.56,22.84,2024-01-17
S101985,67.78,1.9,0.28,21.44,2024-05-01
S101986,59.09,2.04,0.78,16.01,2024-04-04
S101987,65.28,2.97,6.15,13.1,2024-02-09
S101988,69.3%,5.21,2.61,0.0,2024-05-27
S101989,85.98,4.11,,10.46,03-10-2024
S101990,97%,2.63,2.62,22.71,2024-03-05
S101991,87%,0.86,7.93,13.09,02-26-2024
S101992,71.8%,4.78,1.06,18.16,2024-01-25
S101993,75.75,1.75,3.09,11.75,26/04/2024
S101994,68.5%,2.62,0.35,5.01,23/03/2024
S101995,68.26,2.45,1.49,20.24,2024-02-28
S101996,68.76,3.53,0.29,6.4,05/05/2024
S101997,82.53,5.26,1.58,13.16,01-17-2024
S101998,58%,1.77,0.52,17.55,2024-01-23
S101999,87.37,4.71,1.69,10.25,2024-03-13
S102000,100.0,4.38,4.92,25.99,01/02/2024
S102001,56.62,3.54,0.46,28.81,2024-03-18
S102002,75.19,4.81,,9.33,2024-02-17
S102003,76.54,3.91,0.8,9.61,2024-03-04
S102004,69.62,3.03,2.74,11.93,28/03/2024
S102005,79.42,0.83,0.83,23.07,06/03/2024
S102006,89.19,2.17,4.3,18.4,2024-04-26
S102007,76%,2.01,1.94,20.26,04-02-2024
S102008,81.72,4.13,4.06,24.21,2024-03-10
S102009,81.7%,3.73,0.65,8.66,06/04/2024
S102010,79.8%,1.37,0.58,18.52,2024-02-21
S102011,68.59,3.1,0.72,15.36,03/02/2024
S102012,51.23,5.1,0.02,18.01,2024-01-16
S102013,84.57,2.88,3.76,23.04,2024-05-27
S102014,93.62,2.94,2.79,13.94,25/02/2024
S102015,89.08,2.89,3.02,10.12,2024-04-12
S102016,82%,2.28,2.23,7.64,2024-01-29
S102017,80.84,1.88,0.41,27.28,2024-05-25
S102018,82.3,1.49,7.92,14.71,09/04/2024
S102019,76.58,1.86,0.66,5.43,25/05/2024
S102020,100.0,3.88,0.61,24.68,03-10-2024
S102021,62.15,3.83,0.78,3.03,04-28-2024
S102022,62%,4.38,0.45,4.15,13/03/2024
S102023,90%,1.9,0.39,12.79,2024-02-10
S102024,71.57,0.66,1.07,11.17,2024-01-27
S102025,67.7,3.83,0.59,17.18,2024-04-20
S102026,43.23,5.97,1.71,1.52,2024-03-04
S102027,94.53,2.47,,17.28,02-02-2024
S102028,86%,3.58,0.23,23.95,06/03/2024
S102029,78%,3.09,0.34,8.13,2024-03-21
S102030,0.6535,3.25,3.78,12.35,02-06-2024
S102031,82%,2.6,0.26,9.39,29/02/2024
S102032,74.58,2.47,5.37,17.24,02-05-2024
S102033,66.91,1.39,1.85,7.47,2024-05-08
S102034,79.18,1.69,2.86,6.59,2024-04-15
S102035,75.98,4.45,1.4,13.94,2024-04-19
S102036,70.83,2.57,2.09,17.36,2024-05-03
S102037,69.63,1.79,0.22,16.05,2024-03-12
S102038,63.52,3.23,3.25,11.92,2024-03-17
S102039,0.5255,1.27,1.8,19.68,01-11-2024
S102040,75.83,3.14,,16.61,2024-01-15
S102041,0.7475,3.92,0.6,6.82,2024-03-25
S102042,87%,4.05,0.35,0.0,04-12-2024
S102043,76.6%,3.41,0.07,18.65,09/05/2024
S102044,0.767,3.53,0.79,13.2,17/01/2024
S102045,99%,3.27,0.21,7.23,29/05/2024
S102046,77.24,4.33,0.42,26.38,2024-02-23
S102047,75.37,0.89,1.23,26.3,2024-02-04
S102048,68.64,1.51,0.06,23.91,2024-02-18
S102049,97.43,3.93,5.91,16.58,2024-02-24
S102050,75.36,0.41,1.15,0.0,18/02/2024
S102051,67.75,2.67,3.0,23.23,2024-05-27
S102052,69.8,3.67,2.05,8.56,2024-01-14
S102053,79.76,5.84,0.48,11.09,15/03/2024
S102054,80%,0.0,0.16,21.29,26/04/2024
S102055,96.03,2.39,2.91,29.22,2024-01-22
S102056,65.64,1.4,1.54,25.79,2024-01-29
S102057,75.7%,3.25,3.85,16.21,2024-01-28
S102058,77.8%,3.0,0.49,20.17,2024-05-13
S102059,81.34,4.92,2.78,7.26,2024-01-23
S102060,94%,3.68,0.2,3.64,2024-05-12
S102061,83.59,0.86,1.58,22.56,2024-03-01
S102062,86.56,4.71,1.25,17.26,2024-02-25
S102063,54.2,2.1,2.17,4.86,2024-05-16
S102064,59%,1.16,0.49,14.66,2024-04-17
S102065,83.15,4.5,2.59,19.32,05-12-2024
S102066,76.0,3.69,0.86,21.35,03/02/2024
S102067,89.81,1.14,0.36,19.4,2024-05-20
S102068,64.29,2.65,2.65,12.46,2024-02-05
S102069,97.5%,1.54,0.1,9.06,2024-03-03
S102070,97.6,2.32,0.95,15.82,2024-03-08
S102071,65.98,0.38,0.78,20.61,2024-05-20
S102072,74%,3.93,0.43,21.34,08/04/2024
S102073,96.0,1.93,0.32,26.06,25/04/2024
S102074,75.89,0.84,0.11,15.25,04-16-2024
S102075,92.62,0.65,0.08,7.23,13/03/2024
S102076,58.05,1.93,0.53,22.61,02-08-2024
S102077,75.1,2.32,0.6,15.58,2024/05/05 03:45:41
S102078,89.6%,1.15,1.43,6.02,2024/01/15 00:57:23
S102079,45.36,3.72,2.12,19.37,2024-01-28
S102080,61.81,2.83,0.31,24.88,2024-01-21
S102081,83.25,3.91,3.47,17.68,2024-01-27
S102082,84.5,0.11,0.25,24.97,2024/02/22 07:49:57
S102083,74.26,6.24,1.35,11.61,2024-01-24
S102084,93.77,4.07,1.04,9.91,2024-04-17
S102085,79.35,1.48,1.48,20.98,2024-05-25
S102086,0.8161,3.8,7.01,12.53,22/03/2024
S102087,84.67,2.32,1.15,23.44,02-26-2024
S102088,75.92,0.0,4.78,16.2,2024-03-23
S102089,0.7803,3.38,0.17,23.53,2024-02-22
S102090,89.57,4.14,1.68,19.42,21/02/2024
S102091,83.24,3.95,1.54,8.7,2024-04-23
S102092,96.2,3.72,2.66,1.06,2024-01-20
S102093,76.94,0.06,0.63,20.47,01-18-2024
S102094,66.72,1.32,0.9,18.96,04/03/2024
S102095,77%,3.71,1.3,7.87,2024-02-08
S102096,78.8,5.09,0.61,20.59,2024-02-11
S102097,78.74,1.35,1.04,24.73,2024-02-06
S102098,72.32,3.79,7.78,10.05,29/04/2024
S102099,70.58,1.05,1.4,1.47,2024-04-30
S102100,67.0%,2.74,1.45,21.79,2024-03-03
S102101,81.78,2.69,0.27,23.91,2024-05-25
S102102,79.73,4.39,0.95,9.86,2024-05-03
S102103,82.2,2.72,4.02,20.42,2024-04-21
S102104,62.66,1.92,0.65,17.32,30/03/2024
S102105,48.44,1.23,3.61,14.23,2024-02-29
S102106,0.6478,1.78,2.73,19.06,01-24-2024
S102107,54.66,0.79,0.12,11.49,12/03/2024
S102108,43.43,4.15,,7.29,2024-05-25
S102109,68%,3.71,0.12,17.84,2024-04-13
S102110,70.17,1.62,0.03,16.88,2024-04-03
S102111,65.19,0.0,0.37,0.0,22/02/2024
S102112,65.42,2.39,0.07,6.73,05/05/2024
S102113,65%,0.4,0.18,10.29,29/01/2024
S102114,94.3,5.0,0.35,18.67,2024-04-28
S102115,78.85,3.22,0.25,4.34,2024-05-23
S102116,69.5%,0.15,0.34,12.76,08/05/2024
S102117,54.1,1.61,4.15,28.56,10/01/2024
S102118,64.35,2.79,0.53,15.47,13/05/2024
S102119,47.0%,0.49,1.5,15.9,2024-04-06
S102120,71.85,2.27,0.12,14.57,2024/04/22 01:00:36
S102121,63.14,2.3,3.25,21.87,2024-03-30
S102122,60.19,5.19,0.64,15.29,2024-05-26
S102123,88%,1.66,4.12,13.46,2024-04-05
S102124,72.08,4.24,2.08,16.07,2024-05-01
S102125,72.43,3.38,0.35,24.28,12/02/2024
S102126,75.33,2.61,0.57,17.81,2024-03-11
S102127,74.51,2.12,,15.4,2024-02-26
S102128,81.4,4.87,2.37,23.24,2024-02-07
S102129,76.77,0.83,6.85,11.34,2024-05-14
S102130,82.98,1.36,0.27,0.0,05-28-2024
S102131,62%,2.95,4.98,18.13,18/04/2024
S102132,78.6%,6.03,0.4,18.05,2024-05-02
S102133,68.34,3.2,1.09,10.64,2024-02-28
S102134,85.44,4.55,1.58,13.12,02-05-2024
S102135,57.77,0.53,0.08,23.81,22/03/2024
S102136,98.46,3.82,4.74,18.18,12/04/2024
S102137,78.22,2.49,0.44,25.32,2024-04-01
S102138,0.7096,1.19,3.33,16.88,30/01/2024
S102139,79.23,1.65,3.99,13.92,2024-01-17
S102140,68.2%,6.55,5.03,19.95,2024-02-15
S102141,83.03,1.55,1.6,17.58,2024-02-05
S102142,56.77,3.04,0.62,18.07,03-08-2024
S102143,83.54,3.19,1.55,13.39,2024-02-13
S102144,0.8745,2.96,0.73,11.0,2024-04-06
S102145,59.3,3.28,1.04,11.26,2024-02-24
S102146,84.63,4.1,0.96,18.64,2024-05-29
S102147,51.38,3.65,1.47,19.55,14/01/2024
S102148,52.8%,1.88,4.09,0.0,2024-05-08
S102149,70.83,5.43,0.31,9.87,31/03/2024
S102150,100.0,2.57,1.18,3.87,18/02/2024
S102151,95.07,2.59,0.18,11.51,2024-01-18
S102152,91%,1.92,1.92,10.78,2024-01-19
S102153,71.76,5.53,,16.04,05-13-2024
S102154,65.78,2.33,1.79,16.3,2024-03-12
S102155,65.73,3.45,1.41,29.91,30/01/2024
S102156,62.27,1.99,1.23,17.61,04-23-2024
S102157,100.0,1.46,4.91,19.47,2024-02-08
S102158,64.79,2.23,4.5,5.05,2024-03-21
S102159,83.12,0.0,0.21,12.66,2024-04-26
S102160,83.17,3.14,0.2,7.42,2024-05-01
S102161,97.5,2.52,6.04,19.19,15/01/2024
S102162,100.0,2.12,0.13,15.36,2024-03-21
S102163,57.01,0.0,3.96,12.61,2024-05-24
S102164,81.72,3.55,0.61,21.7,2024-04-13
S102165,55.84,2.13,3.88,13.11,2024/04/12 05:10:31
S102166,57.37,2.67,0.85,24.34,28/02/2024
S102167,61.05,1.45,3.34,24.24,14/01/2024
S102168,91.83,6.17,,10.55,2024-03-26
S102169,83.75,1.12,2.96,22.79,2024-01-30
S102170,61.42,1.88,2.16,15.79,30/03/2024
S102171,81.11,1.72,0.34,12.24,2024-03-27
S102172,0.8248,2.81,0.25,17.76,2024-02-15
S102173,98.08,6.77,0.13,3.89,2024-05-03
S102174,59.92,1.94,2.69,11.23,2024-02-15
S102175,76%,0.0,1.17,17.92,2024-02-09
S102176,90.02,2.9,1.7,12.94,2024-05-04
S102177,59.64,4.27,2.81,22.55,2024-03-09
S102178,79.6%,0.94,0.38,12.21,10/05/2024
S102179,71.22,2.91,4.44,15.85,17/02/2024
S102180,78.49,2.62,1.88,14.16,03-13-2024
S102181,59.15,4.09,2.39,4.3,2024-04-10
S102182,77.67,3.28,0.49,17.75,2024-01-27
S102183,67.37,0.0,2.06,17.22,24/05/2024
S102184,66.2%,4.66,1.46,1.47,2024-04-24
S102185,74.31,4.84,3.12,0.0,2024-01-20
S102186,77.22,3.86,0.41,11.83,2024-02-19
S102187,62.18,2.63,,23.61,2024-05-24
S102188,82.91,3.98,2.5,34.03,28/05/2024
S102189,82.25,1.07,3.13,2.25,2024-01-18
S102190,59.06,2.75,0.43,26.38,04-26-2024
S102191,60.0%,2.21,0.64,23.13,03/05/2024
S102192,66.85,1.27,4.43,10.92,23/02/2024
S102193,79%,5.97,4.86,28.18,02-16-2024
S102194,65.69,0.0,1.43,18.27,2024-04-30
S102195,72.05,5.1,2.36,13.41,03/03/2024
S102196,62.78,2.57,1.04,2.54,2024-05-03
S102197,67.38,3.52,3.47,15.71,2024-04-29
S102198,60.12,3.66,0.23,15.29,03/03/2024
S102199,100.0,2.81,1.55,30.67,2024-03-07
S102200,92.69,3.67,3.27,8.38,08/05/2024
S102201,90.9%,3.1,0.81,8.8,2024-03-30
S102202,78.6%,3.63,2.2,11.43,2024/03/30 10:50:07
S102203,89.67,1.83,3.57,33.59,2024-04-29
S102204,67.33,1.4,0.75,6.95,2024-01-25
S102205,72.14,5.19,0.33,24.16,2024-01-18
S102206,82.48,2.79,0.83,4.1,12/05/2024
S102207,73.5%,2.33,1.14,18.02,04-02-2024
S102208,80%,0.76,2.87,15.69,2024-03-08
S102209,65.51,3.24,0.77,10.1,2024-04-24
S102210,83%,3.35,3.92,20.02,02-14-2024
S102211,76.36,5.51,1.82,9.4,2024/02/19 21:39:51
S102212,75.0%,3.87,1.97,3.69,2024-01-26
S102213,93%,0.0,0.73,12.82,2024-02-08
S102214,80.98,3.32,0.13,8.58,2024-02-22
S102215,83.7%,2.45,1.79,16.81,2024-03-14
S102216,86.7,2.6,1.43,13.0,2024-05-29
S102217,74.17,2.97,2.44,25.95,2024-03-14
S102218,0.4355,3.1,0.07,12.77,2024-01-19
S102219,79.8,0.54,1.6,16.93,2024-01-26
S102220,42.84,3.53,0.91,6.86,2024-02-25
S102221,71.71,3.37,0.64,12.01,2024-04-24
S102222,53.11,3.44,1.54,8.62,2024-01-24
S102223,80.12,3.05,0.06,23.29,2024-01-13
S102224,99%,1.68,2.26,9.7,2024-02-20
S102225,86.13,4.17,0.93,10.45,15/04/2024
S102226,0.7209,1.73,1.37,17.09,2024-01-27
S102227,77.91,2.86,0.9,10.0,11/02/2024
S102228,96.21,1.97,5.7,24.87,2024-01-17
S102229,74%,2.57,0.5,28.7,2024-05-06
S102230,100.0,4.46,,8.72,31/03/2024
S102231,83.46,3.11,1.55,20.92,2024-03-10
S102232,63.88,2.97,0.1,9.09,2024-03-12
S102233,82.5,4.26,0.86,12.5,2024-01-24
S102234,86.01,1.69,0.17,19.83,2024-03-28
S102235,80.59,3.26,4.38,15.98,2024-02-24
S102236,67.38,1.93,0.02,16.16,2024-04-27
S102237,60.69,4.41,1.84,22.69,02-05-2024
S102238,80.24,5.13,1.27,22.64,2024-04-11
S102239,93.6,0.93,0.22,15.36,2024-01-27
S102240,72.3,2.94,3.42,10.56,2024-02-24
S102241,98.45,3.16,1.69,15.01,2024-03-10
S102242,53.1,2.9,0.58,7.94,2024/01/25 01:49:01
S102243,64%,4.61,0.63,20.5,20/03/2024
S102244,77.33,2.51,1.08,13.68,21/05/2024
S102245,82.75,3.81,2.5,7.26,2024-02-09
S102246,75.48,1.57,2.05,24.39,2024-04-02
S102247,93.27,1.4,3.79,14.9,2024/05/09 23:30:37
S102248,90.03,3.78,5.12,9.76,2024-02-17
S102249,89.26,1.19,7.03,23.0,2024-01-13
S102250,58.89,3.19,3.86,23.8,2024-05-23
S102251,77.16,1.25,7.39,1.79,2024-05-23
S102252,77%,2.2,0.13,22.75,23/02/2024
S102253,54.6,4.72,1.6,16.1,2024-04-01
S102254,81.61,2.27,2.94,21.8,05-26-2024
S102255,84.0,5.78,1.74,14.52,2024-02-26
S102256,0.7727,0.91,2.68,17.65,2024-03-13
S102257,65.0,3.07,0.68,12.87,05-08-2024
S102258,100.0,3.26,3.12,21.95,06/05/2024
S102259,84.53,3.88,0.08,10.3,23/05/2024
S102260,76.09,5.93,3.33,22.18,2024-03-24
S102261,82.2%,5.56,2.53,16.25,2024-02-04
S102262,90.07,1.11,0.09,20.3,04-27-2024
S102263,87%,5.12,0.65,7.94,11/01/2024
S102264,65.14,2.3,0.95,17.96,2024-04-30
S102265,87.94,2.87,1.36,18.73,2024-02-24
S102266,93.21,1.22,0.87,27.98,2024-03-19
S102267,83.46,3.19,0.71,19.88,03-29-2024
S102268,81.13,3.53,1.47,10.88,25/04/2024
S102269,68.81,1.7,1.17,10.59,14/01/2024
S102270,0.9858,3.79,1.33,20.33,18/03/2024
S102271,67.84,3.27,3.28,11.22,01-13-2024
S102272,59%,1.96,2.38,11.36,26/02/2024
S102273,78.7%,1.36,1.13,8.99,2024-03-06
S102274,74.46,2.66,1.21,15.93,2024-02-21
S102275,59.12,3.65,0.7,16.53,16/02/2024
S102276,60.95,4.27,0.78,12.72,2024-04-05
S102277,100.0,2.27,0.99,26.87,27/05/2024
S102278,89.6,1.97,1.91,19.0,2024-04-11
S102279,69.59,4.69,1.06,27.31,2024-03-09
S102280,73.6%,1.75,3.15,15.92,2024-01-24
S102281,61%,2.9,1.22,9.87,2024-01-31
S102282,50.03,3.73,5.25,8.04,2024-05-18
S102283,84.56,4.31,0.25,14.14,2024-01-26
S102284,82.01,1.18,3.42,20.27,2024-02-26
S102285,67.1,0.91,0.0,12.92,2024-05-18
S102286,73.31,1.09,3.44,21.0,02-14-2024
S102287,76.89,1.79,0.2,24.82,2024-02-04
S102288,90.38,2.66,4.5,9.35,2024-02-10
S102289,0.898,4.83,7.98,7.3,2024-05-07
S102290,67.29,3.74,2.03,21.64,01-10-2024
S102291,98.38,5.12,0.27,16.88,2024-04-14
S102292,87.1,3.12,3.5,17.28,2024-01-22
S102293,65.54,1.84,1.71,19.88,06/02/2024
S102294,81.6,0.95,0.33,4.32,2024-04-14
S102295,67.54,3.96,0.82,18.09,01-27-2024
S102296,79.88,4.1,1.26,16.26,2024-04-22
S102297,79.58,1.98,0.11,18.23,2024-04-08
S102298,96.49,1.98,3.74,8.32,2024-03-14
S102299,74.25,2.56,2.73,15.56,2024-03-31
S102300,74.54,2.84,0.26,11.61,2024-02-14
S102301,71.63,4.23,0.44,22.31,2024-03-28
S102302,59.74,3.06,8.0,14.39,30/01/2024
S102303,71%,3.55,0.86,10.8,02-06-2024
S102304,100.0,4.26,,8.06,2024-04-21
S102305,68%,3.77,0.01,21.11,2024-04-27
S102306,69.38,4.47,3.39,21.87,2024-03-05
S102307,96.62,3.99,1.34,28.46,2024-02-15
S102308,77.62,3.2,1.55,12.75,2024-04-09
S102309,65.19,2.72,1.39,7.91,03-26-2024
S102310,77.58,3.61,,14.12,02-28-2024
S102311,73%,2.29,0.42,10.12,05-25-2024
S102312,76.95,5.18,1.31,10.6,2024-01-16
S102313,79.76,2.75,5.56,18.32,2024-02-07
S102314,91.01,0.76,1.31,22.64,2024-01-12
S102315,76.75,5.8,1.71,17.89,2024-05-20
S102316,79.5,1.83,7.84,15.79,2024-01-21
S102317,94.66,3.15,2.35,20.74,24/04/2024
S102318,85.11,4.23,0.86,13.41,10/02/2024
S102319,0.7507,3.28,2.71,25.15,2024-01-21
S102320,83.51,4.3,0.01,35.99,2024-04-22
S102321,58%,0.0,1.18,10.59,2024-03-31
S102322,90.21,1.49,0.16,23.46,2024-04-04
S102323,71.1,1.27,0.26,23.48,2024-03-27
S102324,69.79,5.16,2.31,18.69,2024-04-07
S102325,67.73,2.71,0.98,24.0,2024-04-19
S102326,66.81,1.73,0.22,17.48,2024-03-12
S102327,65.08,3.67,1.71,19.54,2024-03-27
S102328,39.49,1.07,4.94,15.57,2024-04-21
S102329,79.7,3.82,0.83,15.98,05-28-2024
S102330,64.9%,3.78,6.25,19.45,2024-05-05
S102331,0.7246,1.98,2.27,17.95,2024-02-23
S102332,62.34,4.41,1.5,7.67,2024-02-20
S102333,100%,1.35,,18.56,2024/04/06 05:54:42
S102334,56.59,2.52,2.79,13.28,2024/04/09 01:36:05
S102335,79.56,0.0,5.21,11.11,2024-04-03
S102336,65.83,2.67,0.95,21.79,01-30-2024
S102337,80.08,2.18,2.23,8.46,24/03/2024
S102338,85.98,2.78,0.02,13.1,24/04/2024
S102339,55.34,1.85,3.77,7.54,2024-05-20
S102340,67.56,3.83,1.41,12.19,2024-02-13
S102341,69.61,3.36,0.72,31.75,2024-05-27
S102342,55.03,3.59,3.2,9.65,2024-01-15
S102343,0.8809,3.82,1.13,13.94,03-20-2024
S102344,59.16,2.76,0.91,24.74,21/05/2024
S102345,100.0,3.49,0.61,18.07,17/01/2024
S102346,89.24,3.82,5.14,14.03,2024-05-08
S102347,0.7166,2.35,1.96,10.15,2024-03-27
S102348,75.6,0.99,0.34,19.71,2024-01-31
S102349,80.53,4.72,3.1,12.73,02-09-2024
S102350,87.85,3.53,3.28,30.22,13/04/2024
S102351,73.38,4.15,0.01,13.02,2024-01-11
S102352,72.56,5.04,1.44,26.83,2024-02-15
S102353,100.0,2.24,2.93,21.14,2024-02-16
S102354,73.84,3.96,0.43,21.08,2024-04-20
S102355,72%,2.42,0.11,13.89,2024-05-10
S102356,90.24,5.45,7.44,11.78,03-29-2024
S102357,61.95,4.75,0.09,13.18,2024-05-12
S102358,52.8,3.2,1.89,22.32,2024-04-07
S102359,60.02,6.02,0.28,18.67,2024-02-26
S102360,69.86,4.61,0.11,1.94,2024-03-30
S102361,71%,3.11,1.33,5.98,2024-03-13
S102362,78.85,4.78,0.01,14.05,2024-03-19
S102363,60.1,0.3,0.25,18.75,2024-03-07
S102364,92.62,2.3,0.31,13.4,2024-05-28
S102365,85%,4.86,3.12,11.48,01-22-2024
S102366,50.1%,2.82,,8.11,2024-05-28
S102367,0.5667,4.09,0.02,21.39,01-14-2024
S102368,90.37,1.42,0.96,15.7,2024-02-11
S102369,72.22,3.16,2.54,26.76,01-31-2024
S102370,100.0,2.54,0.17,5.9,2024-02-24
S102371,78.1%,3.45,2.46,19.84,07/03/2024
S102372,94.35,1.74,4.7,18.83,2024-04-29
S102373,83.87,2.67,0.59,20.93,2024-01-23
S102374,78.89,7.21,2.93,20.79,2024-03-25
S102375,74.33,4.31,0.35,11.45,2024-02-15
S102376,60.1%,1.74,0.31,13.74,03-23-2024
S102377,71%,2.5,1.95,16.16,2024-01-20
S102378,54.3%,2.91,0.16,7.98,2024/01/17 08:36:23
S102379,92.99,5.5,0.01,22.22,25/04/2024
S102380,46.8%,0.98,0.95,0.0,09/05/2024
S102381,72%,2.82,1.98,6.86,2024-05-05
S102382,76%,3.28,0.57,3.25,2024-04-07
S102383,87.92,1.37,0.02,22.7,2024-01-19
S102384,85.1%,2.86,0.93,16.51,28/01/2024
S102385,62.25,2.42,,11.27,2024/03/24 07:35:30
S102386,55.14,0.55,0.69,15.67,2024-02-20
S102387,59.47,3.34,,16.85,20/02/2024
S102388,73.29,3.3,2.24,6.32,2024-04-20
S102389,82.0%,2.0,1.24,16.02,2024/04/13 12:28:36
S102390,74.26,2.87,1.46,24.72,01-21-2024
S102391,68.59,2.4,4.14,25.95,2024-03-08
S102392,74%,3.12,1.19,20.97,12/01/2024
S102393,100.0,3.35,1.5,16.81,10/03/2024
S102394,62.73,3.04,4.66,21.47,16/02/2024
S102395,85.7%,3.13,0.87,19.94,2024-02-26
S102396,61.45,3.2,1.96,7.13,03/04/2024
S102397,63.8%,1.67,4.1,8.6,2024-05-20
S102398,79.69,5.22,0.82,19.44,2024-02-21
S102399,64.0%,2.77,4.5,10.32,2024-03-31
S102400,88.0%,3.64,4.65,7.82,2024-02-19
S102401,63.02,3.41,0.86,24.03,03-27-2024
S102402,66%,4.38,0.86,15.44,2024-04-12
S102403,55.78,3.84,0.02,14.55,04-29-2024
S102404,55.93,1.6,2.21,6.58,2024-05-12
S102405,77.55,4.19,2.98,11.86,2024-03-08
S102406,69.79,2.44,2.15,12.6,2024-04-21
S102407,70.11,2.73,8.0,8.66,2024-05-12
S102408,86.22,3.94,2.84,6.49,2024-04-14
S102409,76.23,5.62,0.57,27.24,05-06-2024
S102410,59.07,2.96,0.15,24.87,2024-05-17
S102411,88%,2.27,1.49,14.27,2024-05-12
S102412,90.26,3.62,0.61,5.71,2024-05-05
S102413,82.74,5.59,2.43,2.92,2024-05-22
S102414,72.29,3.09,4.9,11.84,02-04-2024
S102415,84.36,3.96,0.44,0.0,2024-05-14
S102416,68.12,2.09,0.02,11.83,25/05/2024
S102417,71.08,3.61,1.09,0.85,2024-01-31
S102418,53.17,2.53,0.17,14.34,2024-02-26
S102419,90.24,2.53,0.9,16.37,03-29-2024
S102420,79.72,3.14,4.05,13.69,19/04/2024
S102421,0.8359,3.82,,30.2,23/04/2024
S102422,88.77,1.39,0.84,13.56,2024-05-09
S102423,100.0%,4.07,0.93,27.11,2024-04-23
S102424,59.31,0.0,1.76,17.07,18/04/2024
S102425,61.15,1.68,4.33,29.09,2024-05-04
S102426,93.5%,3.26,5.28,2.71,2024-03-10
S102427,86.68,4.88,3.04,7.42,2024-03-16
S102428,59.15,1.57,2.03,12.99,04-20-2024
S102429,56.45,2.96,0.41,26.22,02-21-2024
S102430,63.74,3.63,1.96,13.33,2024-02-29
S102431,78.89,3.93,0.77,10.24,13/02/2024
S102432,83.07,0.0,0.7,19.25,2024-03-10
S102433,66.49,2.29,3.62,21.34,02/03/2024
S102434,77.96,3.93,0.54,9.63,2024-02-22
S102435,56.48,2.13,0.55,10.18,06/02/2024
S102436,76%,6.02,0.6,26.86,2024-03-27
S102437,75.66,4.59,2.23,23.74,2024-03-18
S102438,80.37,6.81,0.35,25.61,20/02/2024
S102439,94.5,3.61,0.32,21.58,2024-04-21
S102440,66.0,5.22,1.28,9.02,2024-04-28
S102441,83.3%,0.65,0.79,14.77,2024-01-13
S102442,83.71,2.74,2.84,7.57,2024/03/04 18:05:32
S102443,89.2,2.69,3.2,21.83,02-26-2024
S102444,79.19,3.61,0.17,11.2,20/03/2024
S102445,93.33,3.49,0.62,3.02,02-24-2024
S102446,77.82,4.87,1.07,15.8,2024-04-23
S102447,88.4,2.51,1.65,22.88,2024-02-12
S102448,77.73,2.28,0.25,5.36,02-11-2024
S102449,87.15,4.17,1.29,14.12,2024-03-05
S102450,66.34,0.36,3.14,11.12,2024/05/24 16:02:12
S102451,65.61,5.05,0.94,21.94,2024-02-27
S102452,87.07,3.63,5.55,0.67,2024-01-16
S102453,71.8,0.05,2.47,22.94,2024-03-03
S102454,56.01,2.78,0.07,10.06,2024-04-14
S102455,63.4%,1.54,8.0,13.88,20/03/2024
S102456,88%,1.68,1.86,21.01,2024-02-23
S102457,63.82,3.06,0.36,25.35,2024-01-16
S102458,74.2%,1.85,3.45,15.36,2024-02-16
S102459,82.61,4.54,0.62,9.93,2024-02-04
S102460,63.11,3.62,0.66,11.28,2024-02-19
S102461,90%,2.17,2.1,23.16,2024-03-31
S102462,64.1%,4.47,6.64,8.81,2024-04-25
S102463,66.6,3.73,0.87,17.3,2024-03-20
S102464,100.0,2.03,6.33,15.05,2024-02-27
S102465,45.7,3.96,0.69,20.31,2024-03-18
S102466,62.12,2.76,0.16,15.24,2024-02-04
S102467,76.99,4.7,3.15,11.96,01/03/2024
S102468,87.0,2.67,0.13,11.47,2024-04-21
S102469,77.8%,5.07,4.16,11.34,07/02/2024
S102470,96.32,2.17,0.69,5.34,25/04/2024
S102471,40.5%,3.11,0.55,18.54,2024-02-26
S102472,84.64,4.67,0.15,16.47,2024-03-17
S102473,59.41,2.53,1.47,4.74,2024-04-03
S102474,66.27,3.74,6.72,12.16,2024/05/27 03:29:06
S102475,81.72,3.86,1.36,13.07,2024-04-08
S102476,63.17,4.56,0.92,10.9,01/02/2024
S102477,91.41,3.18,1.17,14.16,06/02/2024
S102478,0.8829,4.83,1.06,14.25,21/02/2024
S102479,82.09,2.73,0.39,21.26,2024-01-31
S102480,68.5%,3.7,0.78,14.97,2024-04-30
S102481,71.08,0.94,5.07,19.16,2024-02-27
S102482,52.72,4.85,0.85,5.26,2024-03-11
S102483,92.25,0.94,1.21,7.57,2024-05-07
S102484,83.0%,3.98,5.68,5.38,21/03/2024
S102485,96%,1.51,0.34,12.23,2024-04-01
S102486,87.7%,1.51,4.74,15.39,03/02/2024
S102487,65.5%,2.01,0.96,26.67,02-17-2024
S102488,63.28,1.25,2.13,9.19,2024-02-18
S102489,69.93,5.22,1.89,20.95,2024-02-13
S102490,76.93,1.95,1.56,9.17,03-05-2024
S102491,67.54,2.67,0.58,15.17,2024-01-31
S102492,84.08,4.24,0.16,13.93,2024-04-04
S102493,0.6899,2.35,0.96,8.53,2024-01-14
S102494,0.915,1.44,1.53,9.08,2024-03-14
S102495,84.96,3.64,1.95,26.18,02-10-2024
S102496,70.33,1.02,4.07,11.27,2024-04-28
S102497,49.76,3.28,1.12,21.99,2024-03-16
S102498,74.54,5.41,1.42,19.75,2024-05-29
S102499,85.14,5.61,3.69,10.72,03/05/2024
S102500,88.3,2.1,3.0,14.98,28/05/2024
S102501,81.3%,4.04,0.82,15.84,2024-02-10
S102502,86.22,3.72,1.35,18.41,2024-03-18
S102503,92.29,2.72,1.08,12.16,2024-03-26
S102504,86.49,4.04,2.76,4.45,09/02/2024
S102505,73.38,1.57,0.67,10.1,27/02/2024
S102506,79.01,2.66,0.81,23.16,2024-05-04
S102507,83.37,2.71,1.86,14.78,2024-01-19
S102508,68.4,3.7,0.72,12.05,2024-04-17
S102509,0.663,3.32,4.12,4.67,17/03/2024
S102510,0.9017,3.46,0.35,23.66,2024-03-27
S102511,74.81,1.18,2.6,13.55,2024-02-07
S102512,0.9075,4.77,3.07,22.61,03-09-2024
S102513,74%,3.38,1.36,19.78,2024-02-11
S102514,62%,2.22,0.95,20.57,2024-05-29
S102515,68.42,3.33,2.78,26.62,05-18-2024
S102516,62.59,1.71,2.96,15.85,2024-02-14
S102517,60.87,6.13,3.16,14.07,2024/05/28 10:22:53
S102518,65.8%,1.34,0.57,25.95,06/05/2024
S102519,0.9174,0.36,1.09,20.84,2024-02-10
S102520,75.15,1.73,0.7,10.07,26/04/2024
S102521,77.52,3.98,1.29,22.3,2024-05-27
S102522,74.21,2.55,0.18,25.6,2024-01-16
S102523,84%,3.69,0.11,0.0,2024-04-22
S102524,58.74,4.73,2.09,6.29,2024-02-10
S102525,68.82,2.66,1.49,9.33,2024/04/22 02:00:03
S102526,100.0,2.97,0.79,20.06,2024-03-29
S102527,70.9%,2.71,4.12,20.52,28/02/2024
S102528,83.45,2.82,0.72,18.64,2024-01-20
S102529,59.81,2.97,0.74,21.13,08/03/2024
S102530,60.17,3.75,2.93,7.24,2024-03-18
S102531,75.01,3.02,0.01,6.56,03/03/2024
S102532,81.16,2.84,0.57,23.77,19/05/2024
S102533,0.5747,2.23,1.46,15.73,2024-03-04
S102534,78.3%,4.55,2.12,23.46,2024-05-19
S102535,92.1,3.24,1.27,10.11,2024-04-13
S102536,86.09,0.0,1.27,7.61,15/05/2024
S102537,81.92,4.26,1.41,6.1,02/05/2024
S102538,0.6965,1.58,2.93,20.61,24/05/2024
S102539,59.95,1.06,0.23,22.92,29/03/2024
S102540,67.23,3.38,4.59,18.79,22/03/2024
S102541,62.85,2.55,0.23,11.62,2024-02-23
S102542,77.64,1.23,1.46,19.46,19/05/2024
S102543,77.84,0.0,0.39,19.27,16/04/2024
S102544,31.76,5.77,2.07,0.82,2024-03-21
S102545,83.01,1.81,0.44,12.55,2024-03-23
S102546,78.73,3.44,0.87,16.96,03-01-2024
S102547,89.22,3.38,2.34,22.76,24/05/2024
S102548,81%,2.53,0.16,14.4,2024/01/18 18:04:20
S102549,54.62,3.41,0.29,16.04,19/05/2024
S102550,72%,2.17,0.04,14.53,2024-02-15
S102551,83.25,0.0,0.68,16.86,2024-05-27
S102552,77.05,3.71,4.79,5.42,22/01/2024
S102553,83.64,2.57,1.79,10.76,03/05/2024
S102554,80.5,0.68,1.07,0.0,2024-01-16
S102555,78.13,2.77,0.07,11.91,2024-04-22
S102556,71.6%,3.22,1.65,18.47,2024-02-21
S102557,0.881,4.96,0.91,9.46,2024-03-06
S102558,58.25,5.01,0.19,13.24,05-19-2024
S102559,76.52,2.58,0.74,17.73,03-13-2024
S102560,48.94,4.55,2.58,34.06,04/05/2024
S102561,0.6943,1.85,0.49,14.43,2024-02-06
S102562,85.7,3.99,0.18,20.03,2024-03-31
S102563,87.37,1.27,0.53,13.69,2024-05-09
S102564,85%,4.15,2.44,17.49,2024-01-27
S102565,69.67,3.22,2.3,14.8,2024-03-29
S102566,51.09,3.81,7.74,12.05,2024/05/29 16:47:25
S102567,61.2,4.51,0.0,13.58,05-16-2024
S102568,79%,2.32,1.34,23.73,2024-01-17
S102569,65.16,6.41,0.1,17.02,2024-04-13
S102570,89.47,4.06,0.81,6.62,2024-05-23
S102571,64.4%,3.9,4.71,12.03,22/02/2024
S102572,98.87,4.0,4.86,8.76,18/04/2024
S102573,66.99,2.56,0.26,21.49,23/05/2024
S102574,100.0,2.86,0.6,9.68,05-21-2024
S102575,81%,3.5,0.65,21.03,2024-02-15
S102576,96.07,5.09,0.3,21.84,2024-03-12
S102577,100.0,2.21,0.93,16.01,2024-02-18
S102578,74.69,3.27,3.48,18.81,2024-02-12
S102579,59.62,1.51,4.27,11.49,14/01/2024
S102580,74.9,0.0,3.48,20.94,2024-05-14
S102581,68%,0.56,0.04,6.32,2024-04-20
S102582,82.6,0.0,0.33,11.76,19/01/2024
S102583,82.35,3.35,2.46,12.85,2024-04-03
S102584,69.82,2.49,0.47,21.91,2024-02-02
S102585,62.59,0.9,1.52,26.94,2024-01-21
S102586,73.55,2.42,,11.82,2024-05-29
S102587,69.1,0.1,0.23,14.32,02-18-2024
S102588,64.21,0.04,4.7,6.73,2024-02-20
S102589,96.63,2.76,0.44,14.42,2024-03-26
S102590,49.51,3.81,,22.71,10/04/2024
S102591,86.56,2.21,2.12,2.43,2024-01-15
S102592,76.32,2.68,0.9,15.13,2024-01-15
S102593,85.92,1.96,0.48,20.03,2024-03-17
S102594,60.96,3.24,2.04,15.4,2024-03-10
S102595,90.75,6.21,0.48,13.67,2024/03/06 08:29:30
S102596,68.4%,2.29,1.74,21.14,2024-03-25
S102597,72%,3.78,3.1,9.34,2024-05-17
S102598,72.76,6.01,1.43,9.54,2024-03-15
S102599,90.08,2.18,8.0,2.08,2024-02-05
S102600,82.97,3.61,0.78,17.28,2024-02-03
S102601,95.82,4.08,3.86,16.55,2024-04-07
S102602,76.64,1.59,2.11,10.99,09/05/2024
S102603,81.32,0.0,2.17,8.74,2024-04-06
S102604,96.7%,2.74,,14.67,2024-01-30
S102605,75.63,4.76,3.67,15.67,13/01/2024
S102606,64.2,3.42,2.86,6.62,2024-05-12
S102607,0.8272,2.59,0.19,1.38,2024-04-02
S102608,69.2%,3.12,0.86,2.92,2024/04/20 16:25:32
S102609,85.7%,0.06,0.69,4.83,19/03/2024
S102610,72.13,6.44,2.15,6.56,2024-03-04
S102611,83.92,1.43,8.0,14.41,13/01/2024
S102612,70.61,1.68,1.48,15.59,2024-03-28
S102613,94.14,3.2,0.87,13.82,2024/02/22 17:08:37
S102614,72.02,4.21,1.06,17.51,2024-05-02
S102615,73.54,5.42,0.56,17.81,14/01/2024
S102616,63.69,2.8,2.12,17.31,2024-04-03
S102617,88.59,2.68,1.49,15.62,2024-02-06
S102618,97.09,3.72,0.5,7.61,10/03/2024
S102619,60.32,5.1,2.43,5.65,04/02/2024
S102620,66%,2.8,0.08,11.07,2024-01-13
S102621,58.3,3.99,0.16,22.95,2024-02-28
S102622,74.1,3.52,,31.41,2024-01-11
S102623,57.79,0.19,0.87,18.9,01-12-2024
S102624,72%,2.21,1.57,17.51,2024-05-24
S102625,57.74,0.63,0.57,22.47,2024-04-22
S102626,100.0,3.9,2.35,25.59,15/03/2024
S102627,94.43,3.66,1.14,8.54,19/04/2024
S102628,54.1%,3.28,1.18,35.32,04-10-2024
S102629,81.33,3.15,2.49,26.12,03-18-2024
S102630,95.73,3.71,0.71,5.43,2024-03-06
S102631,59.05,2.58,0.25,8.01,18/05/2024
S102632,66.18,1.23,1.17,34.72,2024-02-06
S102633,76.99,0.56,2.32,22.26,2024-05-13
S102634,76.11,4.92,0.41,10.82,01/03/2024
S102635,76%,1.38,0.49,15.55,2024-05-03
S102636,85.0%,0.57,0.73,20.28,03-31-2024
S102637,90.63,2.46,0.25,21.22,2024-01-26
S102638,93.2,6.65,2.01,24.58,2024-04-04
S102639,85.74,4.3,0.72,16.7,2024-04-30
S102640,87.93,4.07,0.89,16.96,2024-03-31
S102641,57.85,1.7,0.13,12.45,2024/02/26 09:17:20
S102642,74.44,3.88,1.55,8.5,2024-04-17
S102643,67.55,1.41,0.8,8.17,29/02/2024
S102644,63.95,2.96,,13.99,2024-03-11
S102645,92.14,5.54,0.11,17.41,2024-01-17
S102646,77.37,2.28,1.83,4.81,02-17-2024
S102647,81.16,1.77,5.46,29.32,03-14-2024
S102648,56.9%,3.77,0.35,10.13,2024-02-10
S102649,66.39,3.02,8.0,9.0,19/03/2024
S102650,100.0,0.56,2.26,14.8,2024-01-29
S102651,81.85,2.98,2.0,0.0,2024-02-15
S102652,99.5,2.07,3.34,17.53,17/01/2024
S102653,61.9,3.76,3.16,8.07,2024-04-28
S102654,98.61,2.11,1.14,1.55,04-03-2024
S102655,83.96,3.86,4.03,16.0,28/05/2024
S102656,82.9,4.5,1.44,16.0,19/04/2024
S102657,75.67,3.4,3.58,28.62,2024-05-16
S102658,78.96,4.32,0.12,16.26,2024-03-16
S102659,81%,5.68,0.77,16.21,14/01/2024
S102660,72.91,0.58,1.98,15.29,2024-03-09
S102661,79.65,2.6,0.69,0.0,2024-04-03
S102662,96.46,6.42,1.17,15.54,2024-03-24
S102663,75.81,1.95,1.3,14.66,2024-04-16
S102664,77%,0.92,7.2,13.99,15/02/2024
S102665,58.47,2.77,0.6,9.16,23/04/2024
S102666,94.0%,4.58,0.15,18.96,2024-05-14
S102667,78.0,2.22,,8.16,26/04/2024
S102668,87.7%,3.94,0.84,19.94,02-29-2024
S102669,89.24,4.41,0.09,17.72,21/05/2024
S102670,100.0,2.44,2.47,24.82,2024-03-21
S102671,66.76,3.24,2.65,11.75,2024-02-16
S102672,81.4%,4.21,0.12,24.36,2024-05-26
S102673,0.6794,1.39,0.29,16.49,2024-02-13
S102674,74.32,3.79,4.16,14.47,2024-03-14
S102675,72%,5.22,0.35,9.03,2024-01-27
S102676,91.0%,3.38,0.03,17.77,2024-03-18
S102677,70.95,1.28,0.11,11.67,03/03/2024
S102678,85.28,3.21,0.17,14.8,2024-02-01
S102679,94.08,4.67,0.57,20.44,2024-02-06
S102680,61.15,3.65,0.1,14.78,03-12-2024
S102681,67.37,3.11,1.54,17.22,2024-04-05
S102682,89%,0.12,1.37,25.6,04-02-2024
S102683,69.46,4.11,0.23,18.94,2024-02-12
S102684,0.8933,3.7,3.22,10.25,2024-04-02
S102685,73.7%,1.58,3.37,12.16,2024-02-23
S102686,59%,2.01,0.56,15.98,2024-01-27
S102687,73.8,2.89,3.23,29.85,2024-02-21
S102688,85.1%,4.54,1.44,5.66,04-03-2024
S102689,71.55,6.49,2.85,16.33,25/03/2024
S102690,78.51,1.89,1.18,24.55,2024-04-11
S102691,84.2%,1.72,0.19,19.3,02-24-2024
S102692,73.86,2.54,0.95,14.07,2024-04-27
S102693,76.97,4.81,2.68,2.96,02-23-2024
S102694,68.61,1.07,8.0,25.58,12/05/2024
S102695,68.57,2.14,0.43,11.69,2024-01-28
S102696,86.87,2.59,,8.33,2024-01-25
S102697,76.76,4.12,1.9,16.76,2024-04-09
S102698,54.17,1.35,1.03,24.99,2024/05/03 05:31:39
S102699,83.24,5.09,0.08,17.83,2024-04-26
S102700,93.6%,3.05,0.27,12.45,2024-05-06
S102701,68.81,1.66,0.07,16.74,26/01/2024
S102702,63.27,4.1,0.16,15.83,16/05/2024
S102703,86.81,0.16,4.26,11.72,2024-02-21
S102704,92.76,4.45,0.31,15.47,11/03/2024
S102705,85.2,3.65,0.57,9.23,05-24-2024
S102706,73.4,3.62,0.63,8.08,2024-01-16
S102707,76.3,2.31,1.58,18.87,2024/01/25 21:17:42
S102708,65.91,2.39,0.32,12.24,2024-04-08
S102709,100.0%,5.71,1.15,14.82,2024-03-09
S102710,92.55,1.01,0.24,9.6,2024-02-10
S102711,77.81,2.57,7.26,11.03,2024-03-01
S102712,85.96,2.22,,11.62,2024/03/12 10:33:02
S102713,56.52,4.65,0.63,10.89,2024-02-13
S102714,72.73,0.0,0.22,12.13,2024-01-31
S102715,93.26,1.62,0.28,16.38,2024-02-05
S102716,97%,3.01,0.16,24.73,2024-03-04
S102717,63.93,4.64,2.61,20.33,2024/02/21 12:37:15
S102718,88.32,0.69,0.71,12.66,01/04/2024
S102719,80.35,4.01,1.36,10.57,12/02/2024
S102720,60.3,3.4,0.45,2.55,18/03/2024
S102721,83.95,3.17,1.04,10.29,2024-01-29
S102722,91.86,4.23,2.9,7.31,2024-02-05
S102723,67.74,1.49,2.51,15.38,2024-04-04
S102724,62.84,4.84,0.42,26.68,2024/04/02 18:03:40
S102725,85.77,5.35,2.75,12.23,09/02/2024
S102726,93%,3.76,0.38,4.83,2024-05-24
S102727,71.89,3.9,1.91,13.63,2024-01-31
S102728,69.76,4.57,1.64,11.91,03-06-2024
S102729,75%,2.56,0.24,23.83,2024-02-18
S102730,95%,1.34,1.07,1.81,2024-05-05
S102731,89.81,1.46,0.63,8.06,2024-02-17
S102732,89.1,2.68,2.46,20.33,02-02-2024
S102733,92.69,5.55,0.7,4.01,07/05/2024
S102734,64.94,3.17,0.24,19.02,2024-01-28
S102735,62.11,2.78,1.15,10.34,2024-05-27
S102736,76.47,3.65,2.31,22.18,2024-01-25
S102737,0.7793,6.13,4.64,14.66,2024-03-07
S102738,78.26,4.03,0.42,13.88,05-03-2024
S102739,66.0,1.37,0.07,19.19,03-15-2024
S102740,62.32,2.81,0.27,15.13,2024-02-13
S102741,0.8645,3.78,,6.35,2024-04-22
S102742,85.72,0.34,0.34,11.35,03-31-2024
S102743,61.19,3.37,4.93,3.61,2024-05-02
S102744,72.35,2.2,0.65,8.95,2024-05-14
S102745,74.67,4.26,1.43,0.03,2024-02-29
S102746,0.7946,4.67,1.05,31.37,23/02/2024
S102747,100.0,1.94,3.38,14.82,05-01-2024
S102748,48.5%,3.81,0.55,18.73,2024-04-30
S102749,64.96,1.3,2.2,9.15,2024-01-27
S102750,87.72,4.53,2.85,18.68,2024-03-23
S102751,70.56,3.09,0.49,20.42,2024-05-04
S102752,55.62,1.45,1.15,21.55,02-12-2024
S102753,81.13,2.98,1.3,14.42,2024-02-16
S102754,84.5%,2.94,5.56,22.11,2024-04-17
S102755,89.44,3.19,0.61,10.75,05/04/2024
S102756,61.71,2.83,0.6,17.62,2024-04-25
S102757,90.66,4.25,1.08,15.34,2024-04-27
S102758,63.63,5.28,4.09,6.77,2024-05-21
S102759,74.2,0.11,0.23,2.19,07/03/2024
S102760,75.57,2.61,,12.91,2024-02-19
S102761,84%,0.81,1.01,12.93,2024/03/25 11:43:33
S102762,65.94,2.01,0.06,13.11,2024-03-07
S102763,81.73,3.32,0.68,22.35,01-17-2024
S102764,66.9%,3.54,3.43,24.63,2024-01-21
S102765,86.74,2.71,5.32,19.6,2024-04-09
S102766,81%,1.67,1.35,19.11,2024/01/29 17:12:21
S102767,0.4844,2.6,0.32,14.44,18/05/2024
S102768,81.73,1.28,0.3,16.24,2024-04-06
S102769,61.3,1.5,0.29,18.01,2024-01-23
S102770,100%,2.88,3.59,15.98,2024-05-10
S102771,70.44,2.59,4.63,19.15,2024-04-14
S102772,52.96,5.03,1.89,15.32,01/02/2024
S102773,58.87,2.29,1.67,11.53,04/03/2024
S102774,94.39,3.11,2.33,16.83,2024-03-20
S102775,100.0,0.16,0.03,13.35,2024-03-30
S102776,73.49,1.46,2.19,25.17,2024-05-02
S102777,75.63,2.27,2.46,12.01,2024-01-28
S102778,91.99,3.87,0.45,35.02,2024-02-15
S102779,88.47,5.21,1.43,26.48,2024-02-14
S102780,88.34,2.11,3.31,7.07,10/04/2024
S102781,97.03,2.55,0.09,23.76,2024-04-11
S102782,79.67,4.05,0.09,14.12,2024-01-21
S102783,76%,1.37,3.82,18.96,05-14-2024
S102784,0.9209,5.78,0.62,26.04,23/03/2024
S102785,69.11,6.26,0.0,9.57,2024-02-26
S102786,85.71,2.19,1.98,11.76,2024-02-13
S102787,60.87,5.04,1.79,20.27,2024-02-08
S102788,80.8%,4.46,2.1,12.43,16/04/2024
S102789,45.1,2.8,0.28,0.0,2024-04-02
S102790,96.32,3.56,0.62,21.75,17/05/2024
S102791,73.48,5.34,4.06,17.59,11/05/2024
S102792,67%,2.74,2.63,14.84,24/04/2024
S102793,75.9,2.32,1.43,15.88,2024-03-20
S102794,92.0%,4.62,1.0,30.67,2024-01-16
S102795,59.71,1.21,,22.09,2024-02-16
S102796,75.31,0.71,0.08,8.97,04-13-2024
S102797,90%,4.43,2.07,15.86,2024-04-26
S102798,86.61,3.96,1.54,23.3,15/02/2024
S102799,77.96,2.69,0.48,23.15,2024/04/12 16:01:47
S102800,64.34,4.82,1.06,4.48,03-04-2024
S102801,59.96,6.06,4.89,11.49,2024-05-08
S102802,83.57,2.99,3.02,7.06,15/03/2024
S102803,78.63,3.52,4.85,19.48,23/02/2024
S102804,84.84,3.27,1.56,8.65,03-13-2024
S102805,73.39,2.73,0.34,25.88,2024-01-31
S102806,64.66,0.73,3.35,24.07,04/02/2024
S102807,80.67,5.01,3.53,13.27,2024-03-17
S102808,53.2%,3.29,0.6,6.15,2024-05-15
S102809,54.35,2.72,3.41,9.48,15/04/2024
S102810,54.14,5.02,1.06,18.16,2024-01-30
S102811,65.5,4.85,0.18,20.97,2024-05-20
S102812,52.26,2.96,3.15,14.73,2024-05-18
S102813,81.88,2.14,2.07,0.0,2024-05-04
S102814,74.08,5.43,0.1,19.76,2024-05-13
S102815,86.65,3.51,0.37,0.86,2024/02/02 18:55:56
S102816,85.97,2.77,1.14,0.17,2024-05-02
S102817,76.66,0.95,2.05,21.99,2024-04-09
S102818,96.21,3.12,0.53,6.7,2024-03-18
S102819,84.65,1.0,0.26,16.75,2024-02-02
S102820,61.4%,2.67,0.12,15.64,03-19-2024
S102821,76.99,0.2,1.15,9.36,2024-05-29
S102822,95.67,3.4,1.65,16.44,04/05/2024
S102823,81.89,4.47,3.43,11.15,2024-05-21
S102824,84.28,2.05,0.26,15.33,01/02/2024
S102825,71.38,4.73,0.73,12.3,14/05/2024
S102826,78.88,2.66,1.36,11.49,29/05/2024
S102827,75.72,3.34,0.39,10.38,01-18-2024
S102828,96.46,3.22,5.07,8.71,05-09-2024
S102829,71.97,2.08,1.27,20.97,2024/03/29 21:01:32
S102830,53.23,3.13,1.2,11.83,22/03/2024
S102831,77.43,0.0,1.12,7.08,22/01/2024
S102832,66.57,1.47,1.11,12.14,2024-01-10
S102833,86.67,1.88,0.67,11.31,2024-02-16
S102834,70.08,3.32,3.66,12.24,2024-05-26
S102835,56.7,2.12,0.65,19.99,19/05/2024
S102836,82.59,0.99,0.26,10.61,2024-03-12
S102837,63%,3.69,5.64,12.34,2024-02-08
S102838,0.8468,3.23,0.34,19.5,24/05/2024
S102839,60.3%,3.13,0.67,18.11,2024-03-02
S102840,77.1%,2.23,0.68,10.19,2024-02-23
S102841,74.82,3.11,0.64,21.76,2024-02-06
S102842,71.11,2.5,1.25,21.37,02-09-2024
S102843,47.68,2.7,0.58,20.87,2024-03-08
S102844,74.84,2.59,0.21,17.12,2024-01-24
S102845,59%,4.56,1.68,13.78,2024-03-12
S102846,72.45,4.14,1.44,7.48,2024-01-24
S102847,86.76,0.86,5.25,5.31,2024-02-12
S102848,68.8,4.37,3.48,14.41,06/02/2024
S102849,76.24,1.39,1.66,15.1,2024-04-16
S102850,77.2,0.0,0.83,13.17,29/03/2024
S102851,81.75,2.13,0.49,14.22,04/04/2024
S102852,56.61,1.94,,24.55,2024-02-16
S102853,100.0,2.73,0.36,26.39,01-16-2024
S102854,63.74,1.14,1.48,7.26,14/02/2024
S102855,82.76,0.11,0.19,17.02,2024-05-02
S102856,71.97,2.96,0.26,15.36,2024-02-23
S102857,68.4%,2.45,0.44,19.72,2024-02-11
S102858,63.64,3.33,1.35,27.13,16/02/2024
S102859,57.18,0.94,1.95,30.32,2024-02-18
S102860,83.76,1.94,0.95,20.04,19/04/2024
S102861,100.0%,2.2,3.42,15.28,2024-02-08
S102862,72.4%,1.57,0.26,12.46,2024-02-01
S102863,69.61,0.0,0.91,32.41,2024-03-27
S102864,68.17,1.19,0.06,9.63,2024/01/25 01:36:19
S102865,66.55,3.73,1.48,20.76,2024-03-18
S102866,88.1,1.65,2.62,13.15,03/02/2024
S102867,76.4,4.94,8.0,5.63,18/04/2024
S102868,72.41,1.88,0.65,27.01,2024-05-28
S102869,82.12,4.49,0.44,2.8,2024-02-22
S102870,79.04,1.83,0.68,0.0,29/04/2024
S102871,76.31,3.02,1.16,19.9,22/02/2024
S102872,52.87,3.77,0.0,12.87,2024-03-25
S102873,72.66,1.66,3.53,18.02,04-29-2024
S102874,76.2,1.14,4.1,14.95,2024-02-12
S102875,53.82,0.83,0.54,19.2,2024-05-16
S102876,97%,2.76,0.09,12.93,2024-03-01
S102877,57.77,2.32,4.47,21.32,18/01/2024
S102878,85.4%,3.47,1.2,21.52,2024-03-05
S102879,95.9,1.58,0.3,25.84,24/01/2024
S102880,87.74,3.34,6.97,23.85,2024-05-04
S102881,70.3,1.48,1.97,14.25,2024-04-14
S102882,86.84,3.36,1.43,19.87,18/02/2024
S102883,81.6,1.0,0.41,17.92,02/04/2024
S102884,78.59,1.01,0.04,17.95,2024-01-28
S102885,65.28,4.1,6.97,5.73,2024-04-26
S102886,85%,2.0,0.59,20.27,11/02/2024
S102887,71.86,3.81,1.33,19.26,16/03/2024
S102888,57.21,1.86,0.02,27.74,2024-02-08
S102889,66.6,4.14,0.03,23.16,06/02/2024
S102890,64.6,1.17,0.81,16.05,26/04/2024
S102891,67.23,2.66,3.65,14.29,24/03/2024
S102892,77%,4.38,6.19,7.97,2024-03-22
S102893,82.47,1.48,3.97,27.72,2024-05-22
S102894,84.02,0.0,0.95,7.54,2024-05-13
S102895,82.0%,1.34,0.87,1.92,19/05/2024
S102896,74.86,5.1,1.07,21.3,2024-05-19
S102897,59%,2.61,1.74,15.61,2024-05-06
S102898,69.25,1.48,0.75,16.85,05-20-2024
S102899,78.21,2.58,1.11,16.31,2024-05-07
S102900,100.0%,1.74,0.23,7.59,2024-05-13
S102901,68.88,2.57,2.75,17.58,04-29-2024
S102902,86%,0.66,1.63,12.74,2024-05-24
S102903,76.44,4.41,1.15,11.76,02-09-2024
S102904,90.39,1.4,0.43,24.96,2024-03-29
S102905,92.39,4.95,6.28,20.54,2024-05-17
S102906,85.49,3.46,0.04,0.0,2024-05-26
S102907,0.5113,3.21,0.01,16.51,02-21-2024
S102908,84.08,3.25,0.37,22.46,01/03/2024
S102909,80%,4.71,1.06,6.28,2024-05-15
S102910,56.58,3.13,0.42,8.95,08/02/2024
S102911,68.6%,3.85,,22.0,2024-04-18
S102912,67.76,3.45,1.64,11.82,2024-02-07
S102913,80.84,3.54,2.17,1.15,2024-01-13
S102914,64.4%,2.35,0.31,23.4,04-23-2024
S102915,88%,5.04,0.87,13.78,2024-02-26
S102916,52.73,4.88,2.46,17.62,01-30-2024
S102917,56.5%,2.88,0.75,14.66,2024-02-22
S102918,66%,5.14,8.0,22.85,2024-03-17
S102919,85.92,5.45,0.63,7.31,26/02/2024
S102920,0.8568,0.66,6.97,19.65,02/02/2024
S102921,73.06,3.39,2.68,24.23,2024-05-09
S102922,62.6,3.64,3.68,5.55,2024-02-02
S102923,0.9021,2.12,2.19,9.82,06/02/2024
S102924,59%,3.97,5.83,26.51,2024-04-08
S102925,74.79,0.0,1.23,22.57,2024-01-14
S102926,77.74,2.87,2.26,9.26,2024-04-04
S102927,86.08,5.64,0.5,6.5,06/05/2024
S102928,70.31,1.54,0.9,16.98,2024-02-08
S102929,99.24,3.94,1.71,17.31,2024-01-20
S102930,93.33,0.91,4.64,14.59,2024-03-18
S102931,82%,4.45,1.61,31.33,2024-01-13
S102932,86.61,4.24,0.6,19.53,2024-02-21
S102933,91.72,5.76,0.65,9.12,03-20-2024
S102934,0.7827,4.57,1.32,22.4,2024-02-25
S102935,84%,2.38,1.38,15.41,2024-04-16
S102936,77.58,4.0,2.92,10.26,03-30-2024
S102937,76.61,2.96,3.39,21.31,2024/05/21 23:56:23
S102938,56%,3.31,1.33,25.33,14/03/2024
S102939,83.57,2.91,2.6,16.51,2024/03/05 16:34:34
S102940,100.0,2.98,1.5,8.16,2024-05-29
S102941,82.99,3.74,1.7,15.79,18/01/2024
S102942,98.64,1.75,2.62,8.31,01-24-2024
S102943,72.07,2.08,3.92,16.59,2024-02-19
S102944,100%,5.66,2.45,20.28,2024-03-26
S102945,66.35,4.03,1.73,1.16,28/04/2024
S102946,85.49,3.63,1.3,20.01,2024-05-01
S102947,70%,0.0,0.51,12.38,2024-05-19
S102948,100.0,1.68,1.82,11.06,26/03/2024
S102949,75.18,0.31,0.57,5.71,2024-01-10
S102950,89.7,3.66,0.26,7.49,2024-02-08
S102951,68.7,4.04,0.75,27.35,04-06-2024
S102952,59.6%,3.49,0.43,20.95,2024-01-24
S102953,87.2,5.04,4.7,24.06,03-31-2024
S102954,56.89,3.41,4.3,9.0,2024-01-25
S102955,78.4%,3.0,2.89,27.59,04-23-2024
S102956,67.2%,2.67,0.91,14.53,02-13-2024
S102957,77.33,1.46,0.02,9.48,2024-03-11
S102958,66.77,4.06,2.28,7.45,02-06-2024
S102959,78.73,4.0,3.43,7.66,12/05/2024
S102960,66.4,4.78,0.43,9.77,2024-05-14
S102961,70.21,2.59,0.34,8.74,2024-05-28
S102962,92.1,3.41,1.31,21.33,2024-05-06
S102963,66.3%,4.71,0.26,33.21,22/02/2024
S102964,59.15,3.48,1.72,13.27,2024-02-26
S102965,79.67,3.42,0.9,13.41,2024-03-29
S102966,66.5%,4.68,0.46,2.0,28/03/2024
S102967,98.25,2.84,1.14,8.52,2024-05-09
S102968,62.67,0.76,2.28,3.65,2024-04-29
S102969,99.53,3.12,1.12,20.69,2024-04-01
S102970,86%,5.13,2.29,28.53,2024-02-12
S102971,71.79,2.66,2.29,7.43,2024-02-01
S102972,63.61,4.25,0.48,13.58,01-26-2024
S102973,80.61,3.55,1.55,13.26,19/03/2024
S102974,71.85,2.09,0.23,19.78,2024-05-11
S102975,68%,4.54,5.27,15.74,2024-05-14
S102976,100.0,4.04,0.4,29.8,2024-05-27
S102977,70%,0.87,1.1,9.76,2024-03-15
S102978,77.71,4.36,0.07,21.3,02-10-2024
S102979,63.18,2.96,1.09,10.83,2024-03-04
S102980,70.64,0.0,1.53,3.79,05-10-2024
S102981,91.63,1.99,1.39,24.99,11/03/2024
S102982,79.35,3.14,0.29,28.11,2024-02-14
S102983,69.36,3.54,0.81,17.87,03-16-2024
S102984,95.55,3.74,1.42,10.59,03-28-2024
S102985,83.59,3.04,2.6,7.03,25/05/2024
S102986,85.03,1.49,2.12,18.92,2024-03-27
S102987,63.25,4.24,1.37,0.11,2024-01-27
S102988,81.83,3.26,0.38,21.1,2024-01-17
S102989,64.63,2.0,2.64,12.07,2024-03-28
S102990,70.1,2.56,2.88,11.92,2024-02-07
S102991,78.18,2.93,0.34,7.49,2024-05-20
S102992,84.7%,2.64,0.13,4.94,2024-02-04
S102993,85.98,0.0,0.43,14.59,2024-05-18
S102994,83.43,2.35,0.45,16.37,2024-02-01
S102995,65.03,3.12,2.21,14.36,2024-01-16
S102996,75.55,1.48,1.02,22.66,2024-03-24
S102997,76.78,3.68,1.68,15.42,2024-02-15
S102998,86.84,3.08,1.28,20.01,2024-04-08
S102999,0.7208,3.84,0.61,4.72,2024-04-06
S103000,82.64,2.08,1.21,11.91,2024-05-16
S103001,60.63,0.64,0.99,25.38,2024-02-25
S103002,64.2,0.0,1.21,21.8,2024-02-21
S103003,71.9,2.79,2.48,17.34,2024-04-12
S103004,61.59,2.04,1.04,12.35,21/05/2024
S103005,80.94,0.68,0.46,8.45,2024-02-13
S103006,91.95,2.67,2.45,11.29,02/02/2024
S103007,63.32,1.44,6.27,19.46,05-05-2024
S103008,89.76,3.3,2.68,1.12,2024-02-04
S103009,0.5793,2.38,0.97,27.57,2024-03-02
S103010,100.0,2.07,0.23,23.67,03/02/2024
S103011,72.5,3.98,1.68,23.51,04-30-2024
S103012,80.0%,4.16,3.94,19.3,2024-04-19
S103013,67.94,3.36,0.1,15.76,2024-05-09
S103014,73.49,4.03,,17.64,05-22-2024
S103015,82.26,4.11,3.7,12.44,2024-05-25
S103016,84.87,2.21,2.89,29.82,2024-05-25
S103017,80.59,3.38,1.02,14.03,2024-05-01
S103018,86.84,1.68,0.46,11.67,2024-03-15
S103019,0.7601,2.27,2.52,13.14,22/05/2024
S103020,90.21,4.69,0.08,9.94,22/02/2024
S103021,80.07,3.4,0.18,20.66,2024/03/04 17:22:04
S103022,77.87,2.93,6.09,11.37,2024-05-01
S103023,84%,5.82,0.66,14.12,19/02/2024
S103024,79.51,4.16,1.58,24.35,2024-02-04
S103025,63.62,3.04,3.96,22.5,02-25-2024
S103026,75.81,3.29,2.67,7.83,2024-01-23
S103027,66.2,4.67,2.5,23.27,09/03/2024
S103028,79.86,3.84,0.89,5.08,30/04/2024
S103029,67.27,1.43,2.97,4.49,22/05/2024
S103030,72.85,7.2,0.87,12.71,05-27-2024
S103031,64.5,1.7,1.55,17.05,2024-04-01
S103032,97.97,3.44,0.39,13.43,07/05/2024
S103033,55.4,1.17,0.68,18.07,23/04/2024
S103034,64.18,2.68,0.37,12.36,2024-01-21
S103035,78.96,3.93,0.66,0.58,2024-02-29
S103036,81.71,5.03,2.66,13.67,2024-04-08
S103037,74.8,2.77,0.96,4.36,03/02/2024
S103038,65.0%,2.9,0.99,15.02,2024-02-06
S103039,90.52,3.87,0.23,6.23,06/03/2024
S103040,88.0,2.6,0.52,18.62,2024-05-13
S103041,0.648,0.0,3.83,24.48,2024-05-18
S103042,82.73,5.24,3.2,2.9,2024-04-03
S103043,100.0,4.83,0.62,0.71,2024-05-20
S103044,68.06,2.6,2.55,12.9,2024-02-03
S103045,78.44,4.24,0.17,22.91,05-21-2024
S103046,56.34,1.07,3.9,16.09,2024-03-05
S103047,62%,2.85,1.06,12.01,2024-03-12
S103048,84.2%,3.54,5.66,7.47,04-29-2024
S103049,79.53,4.2,4.45,20.06,2024-05-10
S103050,79.58,3.76,2.23,25.76,01/02/2024
S103051,78.1%,6.56,0.99,1.91,05-26-2024
S103052,86.79,2.81,3.99,17.06,21/01/2024
S103053,87.59,2.99,0.18,32.81,17/05/2024
S103054,90.4,4.69,0.4,10.76,2024-03-03
S103055,71.87,2.31,0.78,13.66,21/04/2024
S103056,69.24,1.6,2.9,14.76,2024/03/10 07:49:35
S103057,65.9%,2.35,0.41,12.14,01-24-2024
S103058,100.0%,2.48,4.43,22.68,24/02/2024
S103059,77.72,4.12,1.28,27.61,2024-03-07
S103060,71.98,4.58,1.66,3.07,2024/01/12 03:37:12
S103061,0.6167,0.0,0.01,8.46,2024-04-23
S103062,85.17,2.4,0.71,23.72,2024-05-26
S103063,57.3,3.66,0.55,19.2,2024-01-31
S103064,93.4%,2.31,0.76,18.06,2024-01-18
S103065,87.53,4.86,0.66,19.88,22/01/2024
S103066,81%,2.6,0.14,15.67,2024-05-13
S103067,81.95,3.98,4.89,18.37,2024-05-15
S103068,0.6653,1.16,2.47,12.72,2024-02-04
S103069,87%,0.59,2.41,13.4,2024-03-06
S103070,62.39,3.17,0.41,14.33,18/02/2024
S103071,88.52,4.31,0.7,12.15,19/03/2024
S103072,82.64,3.24,3.27,18.28,14/05/2024
S103073,0.7764,0.96,4.79,17.08,21/02/2024
S103074,58.38,3.44,8.0,1.94,2024-01-23
S103075,70.19,3.36,2.61,13.58,29/02/2024
S103076,74.39,3.56,4.3,15.14,03/04/2024
S103077,86.18,0.89,0.57,25.71,2024-05-18
S103078,64.5%,5.69,1.75,12.99,2024-02-29
S103079,98.41,1.01,1.25,15.68,2024-01-26
S103080,87.29,2.28,1.73,14.46,2024-04-10
S103081,63.13,2.86,0.48,24.26,2024-01-27
S103082,72.68,2.29,2.11,6.64,2024-05-04
S103083,70.7,2.16,0.71,9.51,2024-04-13
S103084,62.85,2.88,0.93,9.04,2024-04-28
S103085,59.07,2.58,0.1,15.1,2024-03-30
S103086,59.94,0.0,0.82,4.54,2024-01-16
S103087,85.98,4.89,4.48,25.26,31/01/2024
S103088,88.57,2.9,0.0,17.91,2024-02-01
S103089,56.78,3.98,1.85,19.1,01-14-2024
S103090,78.22,3.12,3.11,29.72,01-28-2024
S103091,82.91,3.67,1.27,12.59,28/02/2024
S103092,0.9548,2.75,3.21,20.99,2024-02-25
S103093,86.79,5.15,8.0,19.08,01-22-2024
S103094,70.24,5.5,1.0,25.78,2024-01-20
S103095,76.23,0.0,0.51,19.84,2024-01-20
S103096,57.75,3.69,0.04,11.44,12/05/2024
S103097,72.87,2.98,3.8,17.97,2024-05-20
S103098,62.61,4.83,0.59,10.47,2024-02-18
S103099,97.28,2.32,0.04,11.73,15/04/2024
S103100,83.59,1.57,1.98,14.9,2024-04-09
S103101,86.8%,4.69,0.84,13.7,2024-04-05
S103102,67.55,2.98,1.73,8.74,2024/02/20 20:40:36
S103103,84.1,2.25,3.37,0.0,29/04/2024
S103104,65.01,1.92,0.93,17.08,2024-02-17
S103105,95.19,2.42,3.66,17.57,2024-05-23
S103106,83%,3.82,5.03,17.55,2024-02-17
S103107,89.73,2.67,1.86,28.34,02-13-2024
S103108,74.7,3.7,1.32,4.25,2024-03-23
S103109,63.08,7.98,0.29,25.87,29/05/2024
S103110,86.3,5.6,0.63,32.44,2024/01/16 00:21:56
S103111,67.01,0.92,0.94,27.35,2024/02/20 21:32:55
S103112,73.01,2.58,4.67,12.55,2024-04-02
S103113,81.41,3.81,2.82,18.17,05-13-2024
S103114,80.59,2.23,0.01,9.6,2024-03-24
S103115,77.46,4.68,0.08,10.27,2024-03-29
S103116,81.27,2.13,1.35,27.06,2024-04-20
S103117,96.47,5.2,0.59,19.89,22/02/2024
S103118,86.93,2.59,1.8,20.32,22/03/2024
S103119,84.77,2.65,0.61,7.14,29/03/2024
S103120,88.7,2.35,4.46,4.69,02-26-2024
S103121,70.22,3.88,1.32,22.38,2024-03-16
S103122,98.96,2.5,1.49,17.95,2024-01-20
S103123,86.9%,2.34,1.04,12.91,20/01/2024
S103124,89.96,1.39,0.6,27.15,23/01/2024
S103125,72.79,0.0,0.27,19.15,2024-04-14
S103126,81.32,3.36,0.78,9.05,03-01-2024
S103127,85.15,1.71,0.33,1.43,2024-02-11
S103128,56.44,1.96,0.53,19.19,19/05/2024
S103129,95.81,3.65,2.22,11.71,2024-02-21
S103130,60.98,3.67,8.0,14.03,2024-04-20
S103131,82.92,3.86,4.93,13.45,03-18-2024
S103132,84.87,1.95,0.47,25.02,2024-02-16
S103133,99.56,0.98,0.28,20.9,02-24-2024
S103134,60.85,2.2,0.33,14.33,2024-05-15
S103135,60.82,6.19,4.65,14.14,15/04/2024
S103136,86%,4.49,0.05,17.02,21/03/2024
S103137,86.6,2.28,4.18,24.23,2024-01-26
S103138,65.08,4.58,0.97,15.58,04-07-2024
S103139,87.3,3.22,0.66,10.98,2024-04-15
S103140,71.09,1.93,2.63,6.57,2024-05-29
S103141,51.8,1.26,1.72,14.4,03-07-2024
S103142,64.1%,3.07,1.79,6.61,2024-05-07
S103143,90.05,2.8,0.41,17.39,2024-02-01
S103144,83.9,4.07,0.73,18.17,2024-03-30
S103145,80.24,0.94,1.53,23.34,2024-01-24
S103146,77.82,2.25,0.58,13.53,2024-01-17
S103147,68.39,3.69,2.29,22.23,01-11-2024
S103148,0.6782,4.91,1.66,26.28,2024-02-11
S103149,97.64,4.32,0.46,15.52,2024-05-18
S103150,71.2,3.24,0.67,30.65,04-27-2024
S103151,75.12,4.05,3.4,25.06,2024-03-09
S103152,77.36,5.27,0.58,11.64,26/03/2024
S103153,73.31,2.78,0.01,35.61,2024-03-06
S103154,0.855,5.32,1.89,14.53,09/02/2024
S103155,86.32,3.94,2.54,24.8,2024-03-26
S103156,70.16,6.77,0.57,19.4,26/01/2024
S103157,71%,6.0,0.05,17.12,03-31-2024
S103158,98.5,3.56,4.12,24.16,2024-02-17
S103159,0.5697,0.72,0.31,16.06,2024-05-22
S103160,66.1%,2.91,0.69,14.47,2024/02/09 07:13:51
S103161,72.6,1.55,4.68,14.68,2024-04-19
S103162,94.7,2.96,2.74,6.99,2024-02-24
S103163,73.17,2.24,1.09,22.47,2024-04-12
S103164,98.8%,0.49,1.31,10.38,2024-05-10
S103165,90.29,4.44,0.5,16.47,2024-02-02
S103166,72.45,5.07,0.53,15.14,2024-03-29
S103167,54.17,2.97,1.48,19.25,2024-03-15
S103168,50%,2.76,0.47,14.91,07/04/2024
S103169,69.79,3.48,0.34,13.12,28/02/2024
S103170,73%,1.0,0.48,17.9,2024-04-26
S103171,84.42,3.28,3.42,17.3,2024-04-10
S103172,56.18,3.79,0.5,7.57,2024/05/05 10:18:39
S103173,89.02,4.04,0.83,14.23,2024/02/14 17:41:46
S103174,58.62,6.11,1.26,23.89,2024/04/16 16:13:49
S103175,88%,2.28,0.94,32.2,05-13-2024
S103176,64.55,1.59,3.03,3.05,15/05/2024
S103177,67.15,5.71,1.3,20.79,2024-03-03
S103178,63.98,5.76,1.54,15.74,2024/04/13 19:25:35
S103179,73.72,1.96,,10.86,05/05/2024
S103180,100.0,4.55,1.31,12.0,14/03/2024
S103181,0.6907,2.75,1.19,8.42,21/01/2024
S103182,67.15,3.46,2.42,5.46,2024-01-19
S103183,100.0,4.88,,17.7,2024-01-12
S103184,95.49,3.02,0.95,27.48,2024-05-17
S103185,53.94,2.2,0.72,17.47,2024-02-23
S103186,65.37,1.92,4.28,16.2,2024-02-18
S103187,58%,4.28,0.53,10.63,2024-03-29
S103188,100.0,6.43,1.43,8.49,04-12-2024
S103189,82.41,0.79,4.59,15.15,2024-05-12
S103190,86.19,4.01,0.21,7.79,03-06-2024
S103191,58.26,2.08,,22.86,2024-02-20
S103192,94.87,4.1,0.22,10.96,05-01-2024
S103193,61.67,3.11,5.66,9.1,2024-03-09
S103194,87.16,0.23,3.54,30.75,2024-01-18
S103195,75.0,3.82,,24.09,2024-02-23
S103196,66.2%,3.6,4.58,6.63,2024-03-25
S103197,49.8%,3.0,0.36,8.82,2024-03-08
S103198,58.44,5.47,0.3,13.64,08/03/2024
S103199,65.16,4.11,7.71,13.87,2024-05-11
S103200,60%,0.0,0.44,11.79,04-27-2024
S103201,73.67,2.92,1.17,24.36,11/03/2024
S103202,75.72,5.54,2.15,16.47,2024-04-30
S103203,72.45,1.85,1.21,14.74,09/05/2024
S103204,74.41,3.06,4.84,10.74,2024-01-19
S103205,76.91,0.24,0.45,7.64,2024-04-23
S103206,76.99,3.82,1.29,10.63,14/05/2024
S103207,85.0%,4.2,1.57,8.87,2024-01-12
S103208,89.83,5.75,0.99,6.18,13/02/2024
S103209,55.56,5.77,4.03,22.55,2024-04-11
S103210,75.77,1.5,1.25,21.51,2024-02-14
S103211,85.44,1.99,1.7,12.38,01/05/2024
S103212,100.0,2.8,3.97,24.22,2024-03-03
S103213,50.1%,3.74,0.97,19.13,2024-03-16
S103214,96.28,2.05,1.6,7.44,2024-02-26
S103215,86.87,3.3,0.98,4.79,04/03/2024
S103216,65.67,5.03,4.52,17.14,2024-03-18
S103217,60.18,3.59,0.16,18.33,08/02/2024
S103218,80.46,3.51,5.12,5.95,2024-03-06
S103219,73.19,1.34,0.53,11.32,15/03/2024
S103220,55.01,3.89,0.89,20.97,2024-01-20
S103221,79.72,2.74,0.48,26.0,2024-05-26
S103222,79.72,1.99,3.34,15.59,12/04/2024
S103223,50.7%,4.7,3.02,15.39,2024-03-02
S103224,81.59,0.83,6.4,11.84,2024-03-01
S103225,75.86,5.41,2.98,25.41,2024-01-10
S103226,93.1%,2.29,2.5,18.89,2024-01-19
S103227,0.8709,4.69,2.16,9.11,2024-02-12
S103228,74%,1.73,1.26,20.47,02-21-2024
S103229,54.0,2.32,2.5,10.09,2024-03-16
S103230,88.09,1.36,0.75,8.34,17/01/2024
S103231,80.05,2.87,2.16,11.87,2024-04-02
S103232,67.2,1.78,1.17,8.98,05/04/2024
S103233,92%,0.05,1.4,8.67,24/01/2024
S103234,93.72,1.95,2.55,5.21,2024-04-07
S103235,92.5%,4.8,2.27,10.11,30/04/2024
S103236,84.73,5.14,0.59,11.27,2024-03-20
S103237,90.51,2.11,2.53,5.54,30/01/2024
S103238,65.61,0.0,0.92,18.78,01-29-2024
S103239,51.28,4.36,0.4,2.64,2024-02-27
S103240,87.19,0.89,0.96,12.33,2024-05-27
S103241,60.84,1.47,4.15,19.63,2024-04-27
S103242,48%,2.71,2.96,22.93,2024-02-04
S103243,81.78,2.65,2.36,10.98,2024-05-06
S103244,71.6,3.37,1.13,22.09,2024-02-08
S103245,71.19,1.95,0.6,12.43,03-06-2024
S103246,67.85,3.05,0.07,30.79,2024-05-04
S103247,66.16,3.64,0.54,4.78,2024-05-12
S103248,77%,1.66,0.45,7.95,2024-01-11
S103249,100.0,2.42,0.52,16.13,2024-03-24
S103250,77.1,3.7,2.82,6.17,29/02/2024
S103251,96.79,0.0,2.75,10.04,2024-02-11
S103252,88.15,6.43,0.77,18.17,2024-04-30
S103253,82.75,3.6,0.55,16.34,02/02/2024
S103254,83.18,3.54,0.66,14.75,22/02/2024
S103255,69.07,6.23,3.5,14.83,2024-03-24
S103256,86.65,1.52,1.76,0.0,2024-05-19
S103257,91.87,1.36,1.66,16.04,2024-04-22
S103258,96.19,3.18,2.84,10.55,20/02/2024
S103259,72.09,4.72,0.15,12.41,2024-05-25
S103260,70.79,1.3,1.91,3.87,2024-03-19
S103261,75.04,1.94,0.61,19.71,2024-01-22
S103262,66.55,2.87,0.14,18.86,01-11-2024
S103263,0.68,2.06,2.06,6.85,2024-03-10
S103264,59.21,4.33,0.66,16.26,2024-01-20
S103265,83.19,2.76,2.12,26.53,19/04/2024
S103266,78.66,3.43,0.37,15.98,04-25-2024
S103267,93%,1.6,4.77,0.9,2024-02-03
S103268,65.02,5.03,,11.01,08/05/2024
S103269,98.95,4.46,3.11,15.89,2024-05-21
S103270,77.0%,1.98,1.49,29.81,12/03/2024
S103271,84.95,0.23,5.01,6.54,2024-05-10
S103272,46.7%,1.33,0.54,13.97,05-25-2024
S103273,99.75,3.84,5.12,7.53,2024-04-05
S103274,69.7%,3.25,1.4,21.15,10/01/2024
S103275,66.95,2.72,3.94,12.44,31/01/2024
S103276,78.37,2.27,1.3,0.0,08/05/2024
S103277,52.2,4.0,1.86,12.25,13/02/2024
S103278,68.04,3.12,1.94,14.22,2024-03-21
S103279,80.9,3.0,0.25,17.72,2024-03-22
S103280,87%,2.46,1.05,16.27,18/01/2024
S103281,76.21,1.93,0.79,19.6,05-09-2024
S103282,89.17,1.05,3.12,14.14,2024-01-27
S103283,69.57,2.74,0.63,15.59,2024-01-25
S103284,60.78,2.91,0.58,15.09,13/05/2024
S103285,55.81,4.42,1.11,12.09,2024-02-15
S103286,79.27,1.61,1.08,18.98,2024-01-11
S103287,65.62,1.72,4.53,20.93,2024-02-23
S103288,60.97,2.85,1.16,14.69,10/04/2024
S103289,70.6,0.71,,11.56,11/02/2024
S103290,83.0%,4.42,2.73,7.42,2024-02-13
S103291,64.98,2.94,0.12,17.48,01-31-2024
S103292,0.8661,5.28,2.93,7.98,2024-03-10
S103293,75.72,4.13,3.26,16.12,01-26-2024
S103294,0.765,4.51,4.12,15.92,2024-04-06
S103295,100.0,2.45,0.96,22.47,2024-02-06
S103296,72.56,2.85,3.48,24.71,2024-05-06
S103297,73.07,4.97,0.7,0.0,2024-04-28
S103298,83.2%,6.81,6.43,13.59,02-06-2024
S103299,0.9758,4.26,0.36,0.29,18/02/2024
S103300,80.86,0.0,0.55,23.13,29/03/2024
S103301,62.46,2.8,2.5,14.84,2024-01-10
S103302,80.88,3.49,1.08,23.06,2024-01-14
S103303,67.6%,3.81,0.05,16.81,2024-05-27
S103304,68.95,4.15,0.37,5.55,17/04/2024
S103305,78.62,0.0,,8.23,2024-05-25
S103306,0.882,3.78,1.16,14.06,2024/04/11 03:40:50
S103307,95.92,2.4,2.07,18.99,2024-01-24
S103308,68.61,2.86,0.67,15.4,2024-03-11
S103309,65.85,1.51,5.85,16.24,02-21-2024
S103310,85.84,3.26,0.35,12.5,03/04/2024
S103311,65.2,2.93,2.14,22.91,2024-01-18
S103312,81.39,1.21,0.12,16.02,04-07-2024
S103313,50.17,1.59,1.88,15.34,04-23-2024
S103314,63.7%,3.03,0.41,17.07,01-17-2024
S103315,72.38,3.24,0.96,12.09,03-04-2024
S103316,100.0%,4.32,0.23,12.55,2024-03-18
S103317,73.73,1.37,6.96,18.37,2024-03-28
S103318,87.71,4.64,1.25,20.43,12/04/2024
S103319,84.66,5.56,4.01,21.17,2024-01-26
S103320,66.5,5.12,1.79,13.63,23/05/2024
S103321,78.52,3.99,0.07,15.86,04-18-2024
S103322,67.71,3.48,0.79,10.75,2024-01-18
S103323,71.5%,3.28,,20.51,2024-05-24
S103324,82.4%,2.62,2.98,8.39,2024-04-21
S103325,82.04,2.58,0.88,16.55,2024-01-29
S103326,79.18,2.88,0.86,21.15,2024-04-10
S103327,66.5,3.77,1.39,15.88,16/02/2024
S103328,0.7603,3.86,1.19,17.1,05-08-2024
S103329,88.33,2.78,4.11,13.09,06/02/2024
S103330,75.03,5.47,2.29,2.02,2024-01-30
S103331,83%,1.77,0.67,10.28,30/03/2024
S103332,44.83,4.95,1.18,15.31,2024/03/19 11:21:00
S103333,76.08,3.24,0.15,10.18,2024-01-28
S103334,95.23,5.46,0.24,18.4,24/05/2024
S103335,67.48,0.58,0.63,4.75,2024-05-13
S103336,67.62,2.51,0.3,1.44,25/03/2024
S103337,49.86,3.71,3.9,19.87,2024-04-19
S103338,59.35,6.87,0.15,12.82,2024/01/23 03:09:49
S103339,79.79,1.05,4.32,17.42,2024-05-29
S103340,71.75,3.39,4.64,11.35,2024-04-07
S103341,100.0,5.26,1.95,18.95,2024-04-15
S103342,83.2,2.97,1.75,24.5,10/04/2024
S103343,75.88,4.26,0.95,25.0,19/02/2024
S103344,74.64,1.69,1.23,10.46,2024-02-09
S103345,85.48,2.58,7.97,12.05,2024-02-21
S103346,87.77,0.47,0.47,16.19,2024-03-13
S103347,83.6%,4.28,0.14,28.1,13/02/2024
S103348,76.38,1.64,0.33,6.93,04-10-2024
S103349,90.04,4.05,2.78,6.98,2024-03-19
S103350,79.4,4.37,2.47,21.08,2024-02-16
S103351,70.6,5.88,1.37,10.34,2024-01-10
S103352,87.39,2.32,3.0,19.61,2024-02-09
S103353,100.0,3.76,0.45,10.9,18/03/2024
S103354,91.57,3.39,0.85,17.47,2024-04-09
S103355,88.9%,1.61,1.04,11.43,2024-04-01
S103356,82.26,0.51,0.14,7.97,04-27-2024
S103357,76.86,5.56,1.9,16.02,03/02/2024
S103358,63.97,3.92,1.46,6.51,2024/01/30 08:57:47
S103359,55.94,3.27,0.94,18.19,2024-04-22
S103360,78.2,2.17,0.4,13.36,2024-02-21
S103361,94.01,1.8,2.41,5.47,25/03/2024
S103362,71.03,1.1,0.85,17.1,13/02/2024
S103363,52.01,2.73,2.08,16.95,04-14-2024
S103364,86%,6.91,0.19,0.0,2024-02-29
S103365,64.34,4.78,0.03,14.64,05-11-2024
S103366,85.04,4.41,0.29,15.07,2024-04-29
S103367,100.0%,4.62,0.98,15.65,2024-01-28
S103368,84%,2.61,0.01,2.27,2024-05-25
S103369,58.58,5.28,4.15,17.48,15/05/2024
S103370,69.91,4.06,0.04,18.59,2024-04-24
S103371,64.48,4.52,4.24,8.43,24/01/2024
S103372,79.05,3.49,1.94,5.21,2024-03-25
S103373,80.6%,2.16,0.26,8.14,2024-04-29
S103374,73.23,3.49,1.39,15.9,28/01/2024
S103375,57.74,2.92,2.85,6.34,2024-03-01
S103376,75.32,2.48,5.85,5.52,28/05/2024
S103377,59.45,0.0,1.16,29.7,2024-04-24
S103378,1.0,3.28,2.45,14.96,2024-03-21
S103379,60.0,1.26,4.05,12.82,29/05/2024
S103380,40.11,1.39,0.9,10.31,05-02-2024
S103381,84.86,1.82,0.59,12.04,2024-03-17
S103382,72.17,4.06,,27.61,2024-02-16
S103383,85.86,2.49,1.88,20.71,2024-04-07
S103384,79.89,2.35,3.68,31.71,21/04/2024
S103385,84.01,1.68,0.72,17.74,2024/03/24 04:38:00
S103386,63.09,3.51,0.69,8.31,2024-04-22
S103387,86.93,1.87,1.75,16.9,2024-01-29
S103388,70.83,0.74,0.06,18.84,27/04/2024
S103389,97.07,1.33,0.18,19.3,2024-05-09
S103390,89.33,0.0,0.68,11.9,2024-01-10
S103391,61.8,2.35,1.1,27.63,2024-02-08
S103392,63.42,0.91,0.27,6.11,25/04/2024
S103393,64.23,0.37,0.53,17.38,15/05/2024
S103394,55.73,4.67,0.33,12.95,2024-01-12
S103395,80.67,5.35,0.34,9.56,2024-04-29
S103396,94.63,1.33,1.42,16.73,2024-04-27
S103397,100.0,0.2,0.85,23.8,2024-03-19
S103398,84.58,1.46,1.08,17.83,2024-03-31
S103399,60%,2.07,6.77,16.91,2024-02-23
S103400,64.38,1.77,2.48,0.86,2024-02-04
S103401,72.62,2.16,1.29,21.45,05-17-2024
S103402,57.87,3.31,3.66,12.16,2024-01-10
S103403,0.7592,2.96,0.15,18.74,03-12-2024
S103404,79.14,2.6,5.72,21.44,2024-05-13
S103405,80.15,1.45,0.61,16.35,18/02/2024
S103406,70.2%,2.45,1.43,0.99,03-24-2024
S103407,66.4%,3.01,0.67,24.92,2024-02-08
S103408,75.53,2.13,2.93,27.64,11/04/2024
S103409,69.56,4.03,0.3,20.69,21/05/2024
S103410,92.15,2.81,0.95,9.91,2024/02/15 15:53:08
S103411,82.23,1.52,1.26,23.61,2024-03-14
S103412,88.0%,3.88,0.31,13.03,2024-02-06
S103413,66.82,0.0,0.8,14.53,2024/03/02 20:34:23
S103414,65.82,1.14,2.99,23.38,2024-03-19
S103415,85.86,0.57,2.45,19.53,2024/04/13 00:40:45
S103416,42.83,3.0,3.84,0.0,23/05/2024
S103417,83.18,1.92,2.56,16.45,2024-03-29
S103418,60.66,1.17,2.5,23.3,2024-02-10
S103419,79.14,2.1,1.1,5.45,2024-05-18
S103420,70.51,5.38,8.0,21.84,2024-05-28
S103421,100.0,4.8,3.49,3.31,2024-01-17
S103422,90.47,0.05,,13.5,04-14-2024
S103423,69.3%,2.66,0.4,18.79,2024-03-26
S103424,100.0,5.7,2.03,13.23,2024-04-23
S103425,56.3,4.52,2.26,23.24,2024-02-08
S103426,76.13,2.52,8.0,5.1,16/03/2024
S103427,93.2%,3.24,3.85,20.71,2024-05-13
S103428,71%,3.52,1.26,15.37,26/01/2024
S103429,86.94,2.6,1.72,9.03,2024-03-31
S103430,91.47,0.0,1.8,18.07,01-23-2024
S103431,89.91,0.31,0.26,14.51,09/05/2024
S103432,68.2%,3.22,1.84,25.36,2024-02-04
S103433,79.78,5.15,2.85,19.08,2024-05-16
S103434,78.48,2.27,2.23,17.89,2024-01-13
S103435,92.59,2.71,0.59,10.29,2024-02-17
S103436,80.72,2.85,0.82,16.03,2024-04-08
S103437,71.33,0.84,0.89,10.97,2024-03-08
S103438,51.61,3.52,1.4,14.56,2024-05-22
S103439,80.46,3.39,3.63,23.72,2024-04-01
S103440,51.17,0.0,6.91,13.0,2024-04-19
S103441,95.68,3.17,0.55,4.88,2024-04-04
S103442,65.1%,7.0,0.6,18.46,2024/03/19 08:05:37
S103443,93.15,2.36,0.95,20.51,14/01/2024
S103444,58%,3.73,1.01,26.12,2024-03-22
S103445,0.9453,1.34,1.32,21.05,27/05/2024
S103446,91.66,4.54,0.16,13.1,2024-02-19
S103447,80.08,4.17,1.66,16.83,2024-05-27
S103448,92%,1.73,4.59,17.73,2024/05/13 14:30:26
S103449,0.4819,2.02,0.44,18.04,11/05/2024
S103450,74.27,1.99,0.31,0.0,2024-04-09
S103451,72%,1.75,6.1,10.99,2024-04-08
S103452,58.05,4.18,0.63,18.34,2024-04-15
S103453,71.55,4.07,2.23,22.7,05-11-2024
S103454,0.7885,4.22,0.11,10.56,2024-02-09
S103455,43.8,3.57,2.41,12.1,2024-04-29
S103456,75.73,2.32,3.3,13.33,2024-05-21
S103457,87.75,3.86,8.0,14.06,2024-02-15
S103458,77.12,3.69,2.12,20.98,2024-05-27
S103459,62%,3.35,5.15,9.83,2024-01-12
S103460,72.3%,1.84,0.27,21.05,2024-05-18
S103461,58.04,0.16,0.26,24.93,23/04/2024
S103462,76.71,5.22,0.04,12.24,15/05/2024
S103463,72.62,0.77,0.67,11.99,23/04/2024
S103464,53.33,1.46,0.26,16.1,10/03/2024
S103465,85.31,4.17,0.31,10.89,05-22-2024
S103466,57.36,3.47,1.89,14.38,2024-03-06
S103467,94.41,1.21,4.44,4.71,2024-05-28
S103468,51.83,4.1,2.43,20.99,2024-05-05
S103469,82.84,4.65,1.42,26.64,2024-05-19
S103470,62.52,2.2,2.97,10.29,2024-01-24
S103471,82.79,3.52,3.83,3.48,03-06-2024
S103472,76.3%,4.08,5.38,21.45,2024-04-27
S103473,49.98,3.83,5.19,12.07,2024-03-25
S103474,69.26,2.76,1.52,10.33,2024-05-16
S103475,75.81,0.0,2.4,14.15,2024-04-30
S103476,74.29,1.18,6.36,6.45,2024-01-20
S103477,79.58,2.13,0.23,18.37,2024-02-02
S103478,59.38,4.7,0.64,6.15,05-12-2024
S103479,70.56,3.08,0.36,6.71,2024-03-01
S103480,0.5767,4.98,4.09,6.62,2024-03-24
S103481,84.38,3.83,1.24,16.15,16/01/2024
S103482,83.3,0.0,0.46,2.3,2024-02-26
S103483,82%,1.11,0.7,29.62,2024-01-31
S103484,100.0,2.79,5.12,12.37,2024-04-08
S103485,80.38,3.93,2.4,0.19,20/04/2024
S103486,0.7337,1.96,1.33,7.57,11/02/2024
S103487,74%,2.54,2.19,19.19,2024-03-22
S103488,74.9,4.32,1.43,24.44,05-17-2024
S103489,84.7,6.36,2.1,16.14,2024-03-13
S103490,80.32,2.9,2.46,15.6,27/02/2024
S103491,82.25,2.89,4.5,4.29,12/04/2024
S103492,70.6%,2.92,0.54,25.42,2024-02-23
S103493,72.5,1.48,0.03,18.89,16/02/2024
S103494,83.8,5.62,4.15,17.25,2024-01-16
S103495,90%,0.0,1.85,15.12,2024-03-28
S103496,72.14,3.04,7.21,18.72,2024-01-25
S103497,88%,1.45,1.17,9.4,2024-02-05
S103498,91.66,3.23,0.6,21.58,2024/03/15 11:54:15
S103499,72.43,4.72,0.93,20.62,05-29-2024
S103500,100.0%,1.25,4.43,14.31,2024-02-13
S103501,0.656,2.91,2.23,13.1,2024-03-09
S103502,99.84,2.08,7.78,0.0,2024-03-06
S103503,74.48,1.85,3.04,2.87,2024-03-11
S103504,52.61,2.16,1.77,18.82,01/03/2024
S103505,72.4%,2.68,0.37,21.33,2024-05-04
S103506,100.0,3.21,3.59,22.49,2024-05-27
S103507,57.24,3.91,5.18,5.57,26/05/2024
S103508,78.2%,2.38,2.01,31.05,2024-04-19
S103509,76.74,4.89,1.25,22.0,2024-02-24
S103510,80.65,0.8,1.2,10.99,2024-04-14
S103511,80.06,2.4,0.23,16.14,02/02/2024
S103512,63.97,5.07,0.05,3.12,2024-01-11
S103513,99.47,0.78,3.26,10.68,04-28-2024
S103514,89.42,0.01,0.22,18.77,2024-01-15
S103515,73.07,0.0,3.08,15.44,2024-04-16
S103516,45.06,2.91,5.72,27.2,2024-02-28
S103517,80.02,0.45,1.68,4.64,2024/03/17 11:14:00
S103518,80.85,3.4,0.01,14.18,2024-05-21
S103519,87.54,1.59,0.3,7.04,2024-04-18
S103520,72.46,3.32,1.27,25.75,2024/04/15 20:06:46
S103521,68.9%,1.66,6.7,16.86,2024-01-11
S103522,81.89,3.54,0.56,15.06,2024-02-04
S103523,87.27,4.36,0.35,14.07,2024-03-29
S103524,84.33,2.49,2.54,8.86,2024-05-09
S103525,76.86,1.19,4.45,23.39,21/02/2024
S103526,76.19,3.09,2.18,16.19,2024-04-01
S103527,65.57,2.85,0.11,16.71,2024-04-05
S103528,70%,1.82,2.42,19.08,15/02/2024
S103529,72.91,2.7,1.74,8.97,2024-01-30
S103530,95.78,3.63,5.1,28.97,2024-04-11
S103531,68.41,2.34,0.5,25.99,2024/01/24 04:51:00
S103532,57.54,3.88,3.7,14.75,2024-02-01
S103533,71.21,1.59,0.59,12.89,01/05/2024
S103534,86.83,4.83,0.45,19.48,04-03-2024
S103535,75.42,2.95,3.71,22.84,2024-05-10
S103536,0.697,1.41,0.14,27.25,25/05/2024
S103537,92.77,2.75,2.56,19.51,2024-05-28
S103538,88.7%,2.49,1.35,15.96,2024-02-20
S103539,84.09,0.18,1.93,15.96,14/05/2024
S103540,91%,1.93,0.54,1.84,05-17-2024
S103541,69.98,3.3,2.38,11.99,2024-05-02
S103542,90.57,1.94,0.26,17.53,10/05/2024
S103543,76.34,5.46,0.97,0.0,2024-03-17
S103544,69.51,3.89,1.19,16.26,2024-05-13
S103545,63.34,3.26,0.25,9.32,10/02/2024
S103546,68.04,0.8,0.63,26.04,2024-04-21
S103547,63.92,0.26,0.48,13.01,2024-03-30
S103548,98.1%,0.99,0.15,13.15,2024-02-08
S103549,94.41,3.28,0.67,14.04,2024/05/11 12:01:42
S103550,61.6%,2.57,1.75,14.97,2024-04-23
S103551,100.0%,4.8,2.51,20.55,2024-03-19
S103552,76%,3.01,0.49,12.59,2024-02-23
S103553,76%,0.55,0.58,15.16,2024-05-27
S103554,82.01,0.56,0.01,20.59,2024-04-24
S103555,92.7,2.04,2.24,15.06,10/02/2024
S103556,70.0,3.84,0.06,19.59,2024/01/22 09:48:10
S103557,93%,4.05,2.7,11.88,29/04/2024
S103558,65.2,2.38,1.9,17.46,09/02/2024
S103559,76.16,4.81,0.6,24.16,03/03/2024
S103560,90.87,0.39,1.72,19.22,2024-02-11
S103561,67.26,2.18,0.62,1.9,2024-02-01
S103562,86.15,1.52,1.49,18.89,05/02/2024
S103563,0.5715,0.62,5.49,6.92,2024-04-03
S103564,78.08,3.31,0.16,8.53,2024-05-26
S103565,43.16,4.94,4.63,18.44,2024/02/05 11:20:06
S103566,53.3%,0.97,2.29,8.21,2024-03-11
S103567,70.4%,1.26,1.71,7.23,2024-04-24
S103568,74.77,5.61,0.96,14.98,03-25-2024
S103569,95.31,4.8,0.25,10.71,22/05/2024
S103570,83.3,0.56,5.95,3.59,2024-01-24
S103571,88%,3.45,0.29,18.89,23/01/2024
S103572,83%,2.78,2.39,21.9,2024-04-23
S103573,79.71,2.35,3.83,21.33,2024-03-05
S103574,66.81,4.0,1.73,8.71,2024/03/27 08:17:35
S103575,81.0,2.63,5.95,17.88,10/04/2024
S103576,88.82,3.86,0.11,11.54,03-08-2024
S103577,91.29,1.34,0.49,6.13,11/01/2024
S103578,88.3%,3.2,0.24,9.77,2024-01-28
S103579,100.0,6.82,1.37,0.0,04-24-2024
S103580,52.6%,6.05,0.99,7.6,15/03/2024
S103581,67.09,4.22,4.47,4.73,2024-05-24
S103582,68.44,2.04,0.23,16.42,17/01/2024
S103583,97.02,2.11,0.48,17.04,2024-05-12
S103584,62.57,3.19,0.33,3.17,2024-02-12
S103585,85.88,4.74,0.07,20.8,2024-03-10
S103586,88.31,2.56,2.65,10.75,2024-02-20
S103587,58%,1.17,2.2,7.51,2024-03-25
S103588,87.79,2.14,2.65,2.47,2024-02-28
S103589,84.32,3.58,0.66,9.39,02/02/2024
S103590,79.68,2.71,0.61,14.03,09/04/2024
S103591,75.65,2.86,0.72,21.97,2024-02-28
S103592,62%,3.66,0.55,14.26,2024/03/18 20:15:44
S103593,87.84,3.89,0.51,12.8,17/05/2024
S103594,83.8,1.95,0.29,19.06,11/01/2024
S103595,86.0,3.36,0.02,15.98,2024-02-02
S103596,84.58,2.09,0.49,4.46,2024/05/28 11:41:35
S103597,85.11,1.25,3.0,11.94,2024/02/26 11:07:17
S103598,91.05,4.0,1.43,10.97,2024-03-28
S103599,92.37,1.83,3.47,13.95,2024/03/30 15:14:05
S103600,65.0,3.78,1.8,11.67,12/04/2024
S103601,86.68,2.75,1.73,9.35,2024-03-29
S103602,73%,2.23,6.1,25.25,25/04/2024
S103603,63.42,4.83,,14.68,2024-03-14
S103604,0.842,1.15,2.62,18.34,2024-01-14
S103605,70.69,4.67,0.71,14.18,2024-03-16
S103606,80.11,4.49,5.22,20.71,2024-05-07
S103607,69.36,2.13,2.37,14.36,30/01/2024
S103608,61.38,4.22,0.16,21.81,03-13-2024
S103609,79.1%,3.42,0.68,0.0,2024-03-17
S103610,84.84,3.63,0.02,15.7,2024-04-19
S103611,78.54,2.67,0.63,16.83,19/01/2024
S103612,91.39,2.81,6.75,17.13,2024-05-18
S103613,93.48,3.94,1.22,7.41,09/04/2024
S103614,91%,5.42,3.16,9.94,11/01/2024
S103615,70.03,4.83,3.3,7.7,2024/03/24 05:40:28
S103616,81.92,2.62,4.23,18.41,18/05/2024
S103617,62%,5.55,0.61,21.33,16/05/2024
S103618,58.01,5.05,1.67,3.49,02-18-2024
S103619,75.74,3.76,1.08,16.44,04-16-2024
S103620,70.57,4.37,1.3,8.95,2024-01-30
S103621,73%,3.2,5.4,27.23,2024-02-08
S103622,81.6%,2.81,2.33,18.94,03-10-2024
S103623,57.15,2.89,0.91,12.54,2024/04/19 06:10:47
S103624,0.7003,1.66,0.95,14.06,2024-03-22
S103625,75.96,2.71,1.53,24.08,2024-03-16
S103626,92.75,3.67,4.99,15.4,2024-04-16
S103627,83.87,4.08,0.75,2.48,22/03/2024
S103628,69.72,3.48,0.48,25.62,03-07-2024
S103629,76.76,0.47,0.35,20.69,2024-02-29
S103630,61.39,3.04,1.62,11.24,15/04/2024
S103631,84%,1.91,3.45,19.2,01-30-2024
S103632,95.64,3.7,0.71,10.71,14/04/2024
S103633,71.56,4.46,1.34,10.52,2024-01-26
S103634,77.9,1.37,1.61,14.15,17/03/2024
S103635,66.51,3.66,0.01,19.2,2024-03-17
S103636,82.83,1.8,,18.29,27/05/2024
S103637,0.6919,2.58,2.74,21.57,2024-01-25
S103638,73%,5.75,0.89,18.32,2024-05-08
S103639,67.9%,1.16,0.64,25.17,2024-05-16
S103640,65.81,2.16,0.56,27.07,2024-04-29
S103641,54.27,4.19,0.8,17.12,2024/02/21 01:44:22
S103642,84.33,5.57,3.8,12.65,2024-04-12
S103643,62%,1.3,0.45,13.74,2024/05/25 15:14:48
S103644,58.94,0.0,1.53,1.52,2024-05-26
S103645,67%,2.94,4.55,15.14,2024/05/24 00:18:14
S103646,72.31,0.73,2.09,10.68,2024/02/18 14:06:16
S103647,72.75,3.7,2.42,10.07,2024-02-14
S103648,0.7626,1.79,0.04,14.73,28/05/2024
S103649,59.5,2.85,0.35,0.31,2024-03-31
S103650,72.92,0.0,1.11,13.75,22/01/2024
S103651,59.86,2.15,0.13,16.43,11/05/2024
S103652,89.8,6.16,1.14,4.25,2024-05-22
S103653,50.55,1.16,0.32,24.48,09/03/2024
S103654,55.78,5.03,1.71,18.1,2024-04-24
S103655,72.78,3.18,3.31,24.03,11/01/2024
S103656,78.58,0.0,4.71,18.04,2024-05-13
S103657,86.38,4.57,0.88,17.53,11/05/2024
S103658,86.05,1.96,,25.65,13/05/2024
S103659,100.0,0.92,,24.21,29/01/2024
S103660,76.2,2.5,1.06,28.59,02-18-2024
S103661,0.947,2.98,0.64,14.13,2024-05-27
S103662,92.87,4.56,1.05,9.44,2024-02-14
S103663,70.36,3.82,3.04,6.9,2024-01-21
S103664,66.26,3.28,1.14,8.16,04/03/2024
S103665,100.0,1.44,1.31,19.75,2024/01/29 19:02:23
S103666,69.83,1.44,0.2,34.08,2024-03-14
S103667,95.09,3.76,2.07,25.56,2024-02-16
S103668,82.09,3.57,0.58,13.74,02/05/2024
S103669,57.0%,4.17,0.99,20.36,18/04/2024
S103670,71.06,4.78,2.43,11.13,05/03/2024
S103671,75.49,1.26,4.2,11.56,2024-01-24
S103672,96.09,4.45,0.96,7.76,05-28-2024
S103673,52.21,3.08,3.28,8.23,2024-03-02
S103674,0.7388,5.29,1.49,18.89,2024-02-19
S103675,84.14,1.48,2.33,25.38,2024-01-12
S103676,81.5%,3.66,6.14,22.29,03-01-2024
S103677,72.46,3.52,2.08,25.2,2024-03-15
S103678,57.03,4.5,3.64,20.49,2024-04-06
S103679,100.0,1.33,0.9,14.76,02-26-2024
S103680,81.15,1.28,2.72,11.32,2024-02-14
S103681,84%,2.8,2.62,19.04,02-03-2024
S103682,0.7746,1.49,0.01,3.24,04/02/2024
S103683,78.8%,0.29,3.44,10.77,2024-03-30
S103684,80.7%,2.27,0.59,9.49,2024-03-14
S103685,88.93,4.66,,23.71,2024-04-24
S103686,96.35,6.39,0.75,5.36,2024-04-18
S103687,69.5%,2.41,0.65,21.51,2024-05-04
S103688,66.45,5.76,4.67,17.71,01-20-2024
S103689,84.3%,3.02,0.23,17.8,2024-05-18
S103690,83%,2.94,0.75,11.73,2024-03-15
S103691,96.88,2.26,1.98,4.76,04-25-2024
S103692,76.59,2.42,1.41,18.5,2024-03-25
S103693,77.51,3.45,1.91,21.2,2024-02-03
S103694,77.31,3.87,2.61,18.48,03-13-2024
S103695,65.2%,7.57,1.22,13.99,12/04/2024
S103696,83.41,1.14,2.75,7.03,18/04/2024
S103697,65.78,5.94,0.92,10.64,16/01/2024
S103698,85.86,6.82,3.09,18.15,19/01/2024
S103699,87.92,3.17,4.48,9.47,16/03/2024
S103700,76.99,3.38,0.96,8.27,2024-02-21
S103701,77.73,3.28,0.91,4.87,2024-01-15
S103702,65.16,4.66,2.45,18.75,2024-02-22
S103703,100.0,5.5,1.38,18.6,2024-02-29
S103704,77.8,3.56,4.58,23.08,2024-04-15
S103705,55.07,3.33,2.35,0.0,2024-04-09
S103706,84.48,2.51,1.51,23.2,2024-05-21
S103707,85.35,3.95,0.95,22.79,25/01/2024
S103708,86.37,4.01,0.43,23.46,05-14-2024
S103709,0.7319,3.14,8.0,15.84,14/01/2024
S103710,0.7213,3.96,2.42,16.55,2024-04-11
S103711,93.56,1.11,0.9,16.52,2024-03-29
S103712,72.95,6.11,3.65,8.61,2024-02-17
S103713,65.75,3.38,0.44,8.91,04-05-2024
S103714,74.67,2.83,1.63,16.58,2024-01-23
S103715,98.88,2.73,0.38,13.26,06/03/2024
S103716,0.682,2.77,4.3,20.01,2024-05-29
S103717,81.46,3.92,0.93,12.5,06/04/2024
S103718,76.5%,4.4,2.87,4.72,24/05/2024
S103719,97.04,3.19,1.3,5.05,04/03/2024
S103720,80.01,2.9,0.45,9.67,2024-03-04
S103721,79.86,4.05,0.72,20.08,24/02/2024
S103722,56.45,3.97,2.15,11.37,03-16-2024
S103723,81.48,0.76,2.15,17.09,2024/02/21 04:52:47
S103724,78.03,1.81,1.75,3.29,2024-01-20
S103725,59.85,2.43,1.95,16.13,19/04/2024
S103726,85.71,4.63,,15.26,2024-03-15
S103727,73.4%,1.67,0.47,23.33,03-05-2024
S103728,0.6139,1.86,2.97,16.08,2024/05/19 01:00:29
S103729,77.83,3.15,1.89,20.34,2024-03-28
S103730,78.86,4.81,0.27,28.62,2024/05/27 13:58:01
S103731,79%,3.18,0.97,15.28,15/01/2024
S103732,62.46,0.62,3.82,25.74,30/01/2024
S103733,66.6,4.53,,15.87,2024-01-29
S103734,56.84,2.1,1.52,11.26,2024-04-12
S103735,70.89,3.18,4.54,14.24,2024/04/08 14:19:05
S103736,75.4%,4.53,2.27,11.45,2024-05-12
S103737,90%,3.43,0.39,11.71,18/03/2024
S103738,90.18,2.22,2.33,10.99,2024-01-12
S103739,71.38,3.1,6.02,12.88,10/01/2024
S103740,70.27,2.71,0.76,19.98,2024-03-12
S103741,69.58,3.45,1.44,3.09,2024-05-08
S103742,88.17,2.9,0.94,17.01,05-28-2024
S103743,78.56,1.94,0.02,15.84,2024-04-22
S103744,85.64,4.25,0.62,24.69,2024-01-24
S103745,74.18,2.7,1.73,12.44,04/03/2024
S103746,90.88,2.6,2.16,22.92,2024-01-11
S103747,65.81,0.0,0.81,8.98,2024-03-31
S103748,0.64,2.78,2.99,11.82,2024-05-01
S103749,66.02,0.8,0.03,17.92,2024/04/14 17:25:47
S103750,75%,2.36,1.07,19.25,05/03/2024
S103751,79.34,4.42,1.7,13.14,2024-03-21
S103752,53.01,0.62,0.12,16.56,18/03/2024
S103753,82%,3.35,1.08,13.85,2024-04-03
S103754,80.09,3.32,3.89,20.54,2024-05-29
S103755,84.51,2.84,,13.97,05-26-2024
S103756,94.45,6.03,,13.44,2024-04-23
S103757,83.54,2.33,1.86,21.94,2024-03-14
S103758,65.79,2.62,0.95,16.47,2024-04-04
S103759,67.74,2.6,4.88,19.68,2024/05/10 16:04:56
S103760,78.4,5.01,0.52,32.49,03/02/2024
S103761,67.85,1.45,0.28,1.1,2024-03-20
S103762,88.62,3.89,0.68,7.81,2024-05-28
S103763,86.24,2.73,0.0,8.51,2024-05-12
S103764,80.28,2.26,3.6,9.03,2024-02-05
S103765,63.07,3.86,4.19,24.96,02-29-2024
S103766,80.63,2.34,2.15,0.0,21/04/2024
S103767,93.48,1.01,0.06,18.37,2024/02/17 17:15:48
S103768,80.24,3.36,1.0,4.27,2024-01-16
S103769,88.63,7.43,1.42,15.18,30/03/2024
S103770,72%,3.91,3.64,16.82,2024-05-01
S103771,75.89,0.93,2.48,21.34,2024-03-16
S103772,74.02,1.24,1.31,13.14,13/02/2024
S103773,63.84,0.86,0.76,13.79,2024-02-16
S103774,77%,1.96,,0.65,2024-05-09
S103775,76.55,2.76,2.66,30.96,2024-05-04
S103776,76.13,0.74,1.66,17.14,23/03/2024
S103777,89.64,2.84,0.23,18.07,2024-01-23
S103778,60.27,3.42,0.7,22.51,2024-02-15
S103779,63.94,2.57,0.43,14.53,14/01/2024
S103780,53.73,4.72,0.44,17.97,18/04/2024
S103781,75.82,3.15,0.03,20.01,15/05/2024
S103782,79.23,3.12,0.27,4.68,2024-03-26
S103783,75.93,2.98,2.53,18.71,2024-02-08
S103784,79.66,0.59,1.04,29.53,01-21-2024
S103785,88.64,2.09,0.08,27.23,2024-03-18
S103786,63.8%,3.22,0.04,25.72,2024-04-15
S103787,84%,3.04,0.4,28.37,2024-04-08
S103788,81.72,2.33,3.34,6.18,2024-05-13
S103789,0.8614,2.28,0.66,11.33,2024-04-20
S103790,71.15,4.24,0.59,8.62,03-30-2024
S103791,67.17,2.91,2.38,39.47,2024-03-07
S103792,84.08,4.23,1.7,16.71,2024-01-10
S103793,82.27,3.72,,5.1,2024-04-01
S103794,67.27,4.13,0.31,7.29,2024/05/10 23:47:42
S103795,62.01,2.58,1.79,15.75,2024-01-25
S103796,80.18,2.78,0.37,5.46,2024-04-19
S103797,84.45,4.54,,28.08,2024-05-06
S103798,57.4,3.89,0.69,20.53,2024-03-16
S103799,0.7349,2.33,1.11,17.19,2024-04-20
S103800,0.6679,2.43,0.04,7.62,24/04/2024
S103801,94.87,2.55,7.39,5.75,2024-04-12
S103802,80.03,3.16,4.06,17.44,05-03-2024
S103803,84.39,3.59,1.7,15.96,2024-01-12
S103804,89.3%,4.32,0.28,6.02,06/02/2024
S103805,75.33,4.2,3.54,14.62,2024-05-03
S103806,73.99,4.32,4.35,14.64,03/03/2024
S103807,90.4%,1.33,1.77,20.17,03-18-2024
S103808,1.0,0.86,6.36,29.74,2024/03/18 16:55:51
S103809,74.9%,3.44,0.79,0.44,25/03/2024
S103810,88.96,3.52,0.14,20.61,04-28-2024
S103811,75.88,3.14,0.76,10.12,24/04/2024
S103812,76.29,3.53,4.52,17.95,2024/05/14 19:55:04
S103813,78%,2.14,1.37,15.91,02-11-2024
S103814,80.14,3.02,1.51,18.5,2024-02-05
S103815,76.13,3.64,2.67,6.3,2024-03-14
S103816,64.56,5.67,0.49,21.79,2024-03-02
S103817,72.63,6.16,0.92,15.29,2024-02-18
S103818,75.01,4.26,0.29,24.74,2024-05-10
S103819,80.67,0.99,0.36,26.15,2024-03-04
S103820,69.51,3.68,0.63,16.66,2024-05-03
S103821,77.99,0.67,1.62,21.93,2024-04-19
S103822,77.44,2.97,8.0,21.32,2024-03-25
S103823,71%,5.18,0.57,24.37,04-28-2024
S103824,79%,2.65,2.56,23.86,16/01/2024
S103825,78.93,2.61,2.83,6.85,2024/02/17 04:23:13
S103826,97.58,4.29,1.72,16.95,04-12-2024
S103827,71.91,2.86,0.96,5.28,12/01/2024
S103828,97.36,4.3,0.71,11.35,2024-04-24
S103829,97%,2.81,0.26,11.63,2024-02-29
S103830,96.03,2.61,3.66,19.1,2024-02-21
S103831,66%,3.0,4.7,13.39,03/04/2024
S103832,83.13,0.41,1.62,13.88,2024-03-02
S103833,65.37,3.19,4.08,21.99,2024-05-02
S103834,100.0,3.06,0.65,21.16,2024-01-28
S103835,100.0,1.4,0.01,16.93,2024-04-19
S103836,85.03,3.73,1.62,20.24,2024-04-16
S103837,74.07,5.51,0.54,19.52,13/02/2024
S103838,67.43,3.37,1.11,28.75,18/05/2024
S103839,65%,3.4,1.1,13.54,2024-04-11
S103840,64.24,5.64,1.59,9.74,2024-03-18
S103841,84.85,3.26,1.73,16.43,2024-01-15
S103842,65.97,3.23,0.85,8.35,2024-05-11
S103843,83%,4.31,0.07,12.42,2024-03-08
S103844,98.33,0.0,0.13,18.15,24/02/2024
S103845,76.6,3.44,0.44,11.45,03/05/2024
S103846,70%,2.19,0.13,13.4,2024-04-05
S103847,89.7,3.47,2.29,13.09,27/02/2024
S103848,72.3%,2.14,1.22,11.97,2024-04-16
S103849,69.45,3.98,1.27,7.32,2024/02/14 01:24:56
S103850,90.71,2.47,0.92,22.09,01/02/2024
S103851,75.55,2.27,1.1,24.59,2024-02-27
S103852,66.57,1.91,2.05,21.66,03/03/2024
S103853,58%,2.63,1.25,21.6,2024-01-23
S103854,71.48,1.82,0.13,12.09,05-25-2024
S103855,67.19,2.23,1.93,16.23,2024-05-24
S103856,59.33,4.73,2.03,9.54,2024-03-31
S103857,81.05,3.06,1.47,14.06,2024-05-24
S103858,58.48,3.04,2.38,14.68,2024-05-09
S103859,94.59,3.94,1.29,5.3,16/03/2024
S103860,72.41,1.64,1.45,15.93,05-12-2024
S103861,0.8114,1.08,0.71,11.28,2024-04-29
S103862,90.12,4.79,1.56,16.86,2024-05-07
S103863,45.4%,5.55,1.98,13.35,2024-05-19
S103864,53.7,2.78,0.8,17.42,2024-01-26
S103865,96.57,1.36,3.26,19.88,2024-03-17
S103866,92.07,1.68,2.75,6.23,02-15-2024
S103867,86%,2.35,0.08,12.76,20/04/2024
S103868,72.18,2.16,1.41,10.46,2024-04-02
S103869,68.62,0.0,6.22,23.25,05-08-2024
S103870,87.95,4.61,1.01,26.88,29/03/2024
S103871,83.42,3.06,4.0,15.3,2024-01-25
S103872,93.52,5.49,4.12,17.83,2024-03-30
S103873,85.83,1.2,2.26,4.68,2024-01-31
S103874,75.3%,5.77,1.44,17.12,2024-05-14
S103875,86.71,1.39,1.48,13.19,14/01/2024
S103876,58.51,1.64,0.36,24.51,21/01/2024
S103877,76.0%,2.44,,13.41,2024-01-11
S103878,73.08,4.08,2.53,9.26,2024-01-24
S103879,72.39,1.83,0.62,5.6,2024-03-25
S103880,64.03,5.17,1.17,16.27,2024-03-23
S103881,76.33,1.98,1.3,11.2,2024-01-14
S103882,92.12,2.62,0.04,23.52,04-13-2024
S103883,55.49,4.53,3.92,19.43,2024-02-25
S103884,78.33,2.63,3.6,14.29,03-08-2024
S103885,88.03,4.12,4.03,19.39,21/01/2024
S103886,71%,1.67,1.06,27.2,25/05/2024
S103887,67.24,0.0,0.15,6.88,10/02/2024
S103888,89.3,2.39,1.64,10.55,2024-01-17
S103889,100.0,3.84,1.58,28.59,06/04/2024
S103890,67.87,2.32,0.43,9.72,2024-05-24
S103891,65.0%,2.51,0.38,19.64,2024/03/31 14:20:06
S103892,79.07,1.97,0.34,23.31,12/05/2024
S103893,100.0,3.38,3.34,14.89,2024/04/17 23:56:02
S103894,72.53,2.12,1.97,19.83,03-10-2024
S103895,0.8295,6.53,4.16,12.94,2024-04-22
S103896,52%,3.04,4.52,27.72,05-12-2024
S103897,71.36,2.11,0.35,11.91,2024-03-29
S103898,81.46,2.0,,8.32,20/04/2024
S103899,93%,2.64,0.82,21.22,22/03/2024
S103900,72.91,1.74,1.69,19.97,2024-03-20
S103901,54.36,1.08,3.07,16.04,2024-05-05
S103902,73%,4.69,1.1,15.23,02-08-2024
S103903,81.77,5.91,2.98,11.53,2024-02-15
S103904,74.39,1.8,0.64,9.86,2024-02-25
S103905,78.79,3.94,0.41,10.76,2024-03-02
S103906,83%,2.83,0.98,17.19,07/04/2024
S103907,73.42,4.41,1.32,13.55,05-21-2024
S103908,54.6,3.77,0.9,4.56,2024-05-10
S103909,82.42,2.76,4.5,12.06,2024-04-17
S103910,57.11,1.64,0.76,13.51,03-05-2024
S103911,81.72,4.04,0.84,18.57,2024-05-07
S103912,64%,2.3,0.82,17.04,2024-01-21
S103913,91.73,2.67,1.61,27.29,2024-05-26
S103914,58.49,4.59,6.87,8.14,2024/02/17 02:03:23
S103915,85.17,2.83,0.4,18.87,2024-03-18
S103916,84.16,1.28,0.59,19.44,22/02/2024
S103917,60.77,3.31,1.54,16.95,2024-05-02
S103918,85.39,2.05,4.47,12.92,13/03/2024
S103919,73.17,2.7,4.33,10.22,2024-04-29
S103920,78%,2.58,0.06,14.71,2024-04-07
S103921,60.6%,4.01,1.02,2.48,05/04/2024
S103922,80.79,3.02,1.37,8.53,01/04/2024
S103923,95.34,3.88,0.3,8.18,2024-01-17
S103924,70.76,3.26,0.92,18.53,2024-04-25
S103925,68.1%,4.32,1.17,19.38,2024-03-21
S103926,48.8,1.59,1.33,7.49,2024-03-13
S103927,82%,0.0,2.22,5.85,2024-05-09
S103928,59.46,7.38,0.42,4.76,12/01/2024
S103929,70.18,4.37,,21.84,2024-02-01
S103930,87%,3.87,1.12,21.41,2024-02-22
S103931,74.44,3.44,0.12,19.55,07/04/2024
S103932,96.39,1.63,1.62,25.52,2024/01/30 21:17:37
S103933,61.4,4.56,0.32,27.45,03-18-2024
S103934,68.0,2.16,0.12,8.05,11/03/2024
S103935,70.67,2.89,0.94,12.24,2024-05-25
S103936,90.15,3.1,7.66,20.46,2024-04-07
S103937,79.93,4.87,0.43,0.0,20/04/2024
S103938,91.29,3.58,1.53,13.24,2024-03-10
S103939,88.59,4.29,0.05,21.74,2024-04-03
S103940,60.58,2.28,3.41,12.56,2024/04/07 16:05:34
S103941,71%,3.76,2.6,20.12,2024-03-01
S103942,84.61,1.51,1.49,1.0,04-08-2024
S103943,57.56,2.25,5.6,16.99,2024-05-14
S103944,77.65,4.69,2.06,11.77,2024-01-17
S103945,74.88,4.32,0.23,13.42,2024-02-24
S103946,81.76,5.56,3.45,8.36,2024-05-05
S103947,87.93,0.64,0.07,26.19,2024/02/19 00:48:50
S103948,94.58,2.74,1.8,15.48,2024-05-01
S103949,60.15,4.96,1.51,16.02,11/05/2024
S103950,89.35,4.12,0.67,29.43,06/04/2024
S103951,91.9,4.11,1.64,8.53,17/05/2024
S103952,0.7441,4.09,0.86,15.98,04-04-2024
S103953,66.42,1.86,0.77,10.23,2024-01-26
S103954,83.3,3.09,0.28,9.89,03-24-2024
S103955,0.6736,4.4,2.52,17.15,19/01/2024
S103956,60.06,0.11,0.79,13.03,17/05/2024
S103957,100.0,2.57,0.38,28.85,2024-04-16
S103958,44%,2.05,0.74,27.48,2024-01-23
S103959,53.26,5.09,1.3,13.86,22/01/2024
S103960,66%,3.97,5.75,4.21,2024-02-29
S103961,81.54,0.37,2.35,12.96,2024-01-19
S103962,75.6,4.08,0.13,22.33,2024-04-27
S103963,59.69,3.77,0.97,8.79,2024-05-24
S103964,72.81,2.8,1.66,26.23,2024-02-04
S103965,65.25,1.84,0.33,19.07,2024-03-19
S103966,69.4%,2.88,0.55,6.8,2024-02-20
S103967,96.08,2.15,6.16,10.38,2024-03-20
S103968,71.27,0.89,4.03,11.37,2024-01-14
S103969,94.88,1.17,0.29,9.36,2024-02-03
S103970,62.62,1.41,0.97,6.98,03/04/2024
S103971,85.64,1.61,3.54,10.97,2024-01-29
S103972,95.04,1.22,2.23,12.34,2024-05-07
S103973,70%,1.92,1.3,24.09,2024-03-02
S103974,73%,1.93,0.92,18.07,20/04/2024
S103975,0.9939,2.82,0.09,18.49,2024-03-04
S103976,67.28,5.03,7.49,17.45,2024-05-13
S103977,89%,4.55,3.04,9.43,2024-05-21
S103978,78.56,3.64,0.14,23.03,2024-05-13
S103979,73.57,1.18,0.58,11.96,2024/05/14 10:18:57
S103980,66.06,3.5,5.19,12.65,05-06-2024
S103981,72.3%,1.78,0.29,17.65,17/01/2024
S103982,80.73,0.0,,32.5,2024-04-23
S103983,99.65,2.4,0.72,11.04,2024-02-25
S103984,70.9,3.04,1.6,3.59,15/04/2024
S103985,78.9%,2.17,2.23,17.03,2024-05-28
S103986,58.15,3.23,0.57,19.79,2024-04-07
S103987,80.11,2.66,0.98,11.96,2024-05-24
S103988,73.12,2.34,2.23,10.84,2024-05-29
S103989,59.08,1.94,,6.1,2024-03-26
S103990,93%,2.02,1.5,17.36,16/05/2024
S103991,88.71,2.69,0.18,28.61,2024-05-18
S103992,74.91,1.48,3.18,26.99,04-26-2024
S103993,74.68,0.83,1.2,17.11,2024-04-21
S103994,47.79,3.44,1.41,12.09,2024-02-09
S103995,56.79,4.42,1.1,17.67,10/04/2024
S103996,45.85,3.17,0.9,12.73,2024-02-06
S103997,87.57,2.62,0.87,10.52,2024-04-16
S103998,79.38,2.23,2.29,16.14,2024-05-07
S103999,73.8,4.07,2.67,23.95,2024-03-30
S104000,68.38,2.86,0.62,13.67,27/02/2024
S104001,74.75,4.67,7.29,13.59,2024-03-13
S104002,80.08,3.99,,13.15,2024-05-05
S104003,100.0,3.29,1.26,20.55,2024-01-12
S104004,78.48,1.48,1.35,20.97,2024-04-01
S104005,96.07,2.76,1.82,7.47,28/02/2024
S104006,62.79,1.63,1.98,13.76,04-13-2024
S104007,64.92,3.48,0.97,22.74,19/01/2024
S104008,84.82,2.37,0.5,12.66,2024-02-18
S104009,64.51,1.14,0.94,24.75,2024/02/04 14:44:25
S104010,82.39,0.0,4.12,19.81,09/03/2024
S104011,86.1,3.7,0.41,27.29,26/04/2024
S104012,89.77,3.12,1.7,12.82,17/01/2024
S104013,0.6746,4.71,0.7,19.91,20/03/2024
S104014,76.08,1.76,2.61,20.13,10/02/2024
S104015,78.06,5.48,1.4,22.54,2024-04-22
S104016,66.41,2.41,1.4,17.47,2024-02-09
S104017,80.3,1.19,0.77,22.79,01-15-2024
S104018,76.62,4.43,0.11,10.58,2024-03-18
S104019,79.09,2.77,0.46,14.61,2024-02-07
S104020,86.08,2.68,3.67,4.58,2024-05-29
S104021,67.56,1.47,1.62,13.11,2024-03-14
S104022,77.03,0.38,3.82,9.04,2024-04-29
S104023,97.18,5.45,0.34,17.32,23/01/2024
S104024,49.95,4.59,3.96,21.9,13/02/2024
S104025,72.71,0.65,1.99,18.95,2024-05-25
S104026,93.67,1.87,0.34,20.46,2024-01-25
S104027,77.59,1.69,0.46,15.67,2024-01-13
S104028,57.16,2.89,0.03,14.01,2024-01-22
S104029,73.8,2.13,0.47,6.79,02-10-2024
S104030,56%,2.47,3.04,1.53,26/05/2024
S104031,0.8238,2.36,2.35,4.44,2024-02-18
S104032,69.45,3.37,4.36,10.36,2024-04-14
S104033,62.7,2.46,1.79,21.39,01-14-2024
S104034,93.45,0.82,3.24,6.4,2024-03-18
S104035,100.0,4.79,4.61,9.25,2024-03-08
S104036,78.43,3.2,0.52,11.71,16/02/2024
S104037,69.03,6.27,4.35,24.02,05-02-2024
S104038,80.71,3.0,3.87,14.73,2024-02-12
S104039,79.49,4.18,1.3,15.94,2024-02-08
S104040,67.41,2.02,0.25,17.87,2024-04-04
S104041,63.18,2.39,0.42,24.76,27/01/2024
S104042,72.48,2.94,0.79,15.59,2024-04-25
S104043,78.62,5.69,2.05,2.64,2024-02-01
S104044,70.47,1.64,1.62,15.89,18/02/2024
S104045,87.0,5.13,1.13,25.08,30/03/2024
S104046,0.7181,5.53,0.62,19.49,2024-05-14
S104047,67.53,0.0,1.74,16.51,13/05/2024
S104048,100.0,2.15,1.74,17.48,2024/04/18 07:04:21
S104049,77.5,3.11,0.32,2.14,2024-05-16
S104050,68.62,2.45,1.39,1.16,27/01/2024
S104051,63.96,1.85,1.33,21.26,2024-05-22
S104052,84.71,3.4,1.3,24.0,2024-02-06
S104053,84.3%,0.25,0.21,10.59,2024-04-18
S104054,79.39,0.56,2.18,16.35,21/01/2024
S104055,70.11,1.79,0.16,19.35,2024-05-11
S104056,62.99,2.53,,26.62,2024-02-09
S104057,71.44,1.03,0.0,14.44,2024/03/29 10:46:45
S104058,75.51,1.95,0.95,20.16,15/04/2024
S104059,94.97,2.72,2.58,28.95,2024-04-29
S104060,97.18,0.01,7.6,13.04,23/04/2024
S104061,88.6%,0.26,2.91,15.45,2024-03-18
S104062,84%,1.67,1.34,7.26,2024-01-30
S104063,58.29,4.17,0.11,7.61,2024-04-30
S104064,80.18,2.64,1.17,21.13,2024-01-17
S104065,69.46,4.19,0.06,23.36,05-01-2024
S104066,72.7,2.01,1.56,23.15,2024-02-02
S104067,86.4%,1.61,1.21,7.77,2024-05-10
S104068,89.2%,2.88,0.4,13.56,21/02/2024
S104069,80.97,5.55,1.01,18.35,01-17-2024
S104070,65.52,1.18,0.37,0.0,2024-03-09
S104071,58.87,4.16,0.68,18.2,13/02/2024
S104072,59.61,1.53,1.74,28.16,2024-04-25
S104073,85.94,3.11,0.39,22.96,2024-02-02
S104074,65%,1.61,0.67,0.0,2024-05-18
S104075,65.31,3.0,0.62,17.78,2024-04-24
S104076,82.08,1.52,4.91,16.51,04-26-2024
S104077,95.33,1.16,0.97,16.9,04-06-2024
S104078,66.6%,4.14,0.12,15.75,19/05/2024
S104079,82.8,3.19,4.49,12.71,2024-03-05
S104080,94.05,1.95,2.99,0.0,2024-04-08
S104081,100.0,2.63,0.79,17.18,16/03/2024
S104082,73.8%,2.65,3.9,19.39,2024-03-01
S104083,65.03,1.35,0.1,11.11,2024-02-20
S104084,69.0%,1.85,2.75,23.81,2024-04-22
S104085,61.14,2.0,2.61,3.52,2024-05-01
S104086,75.1%,2.68,1.8,2.92,2024-02-13
S104087,82.44,4.73,3.96,15.59,2024-01-30
S104088,76.52,2.23,0.8,10.23,2024-05-09
S104089,70.42,4.38,4.84,21.8,2024-04-17
S104090,74.22,3.52,1.35,12.01,2024-02-29
S104091,84.31,0.92,0.73,24.51,2024-02-01
S104092,65.0,2.22,0.22,9.95,2024-04-27
S104093,56.85,0.76,1.51,16.01,2024-02-07
S104094,56.87,2.09,2.39,1.11,21/01/2024
S104095,77.52,5.55,3.97,14.63,2024-02-28
S104096,75.34,2.78,3.34,15.51,05-11-2024
S104097,0.9504,6.14,3.12,23.47,09/04/2024
S104098,76.67,4.02,1.24,4.42,01-14-2024
S104099,72.24,2.7,4.02,13.02,03-01-2024
S104100,82.15,3.43,1.05,25.17,01/04/2024
S104101,54.98,3.03,0.17,26.1,21/05/2024
S104102,76.17,3.12,1.75,9.16,21/03/2024
S104103,76%,4.04,1.85,10.2,2024-02-13
S104104,0.6376,6.66,0.54,3.1,01/05/2024
S104105,75%,5.47,1.36,0.14,07/04/2024
S104106,64.35,3.73,0.16,12.28,2024-05-22
S104107,92.08,6.68,1.09,10.48,09/03/2024
S104108,0.6987,2.3,0.33,29.43,02-05-2024
S104109,66.2,2.94,2.47,17.43,2024-02-25
S104110,78.51,3.1,0.48,13.54,2024-03-29
S104111,56.6%,2.25,3.31,19.59,2024-04-15
S104112,58.6%,3.29,1.54,22.2,21/03/2024
S104113,75.05,1.95,0.71,23.5,2024-05-20
S104114,74%,5.14,2.94,16.82,11/03/2024
S104115,90%,3.0,3.02,14.83,2024-01-10
S104116,86.45,3.18,1.25,16.11,2024-03-04
S104117,76.35,0.0,2.71,14.59,08/04/2024
S104118,73.64,1.48,0.47,11.3,2024-02-16
S104119,100.0,2.98,3.31,22.3,04-22-2024
S104120,68%,2.03,3.73,13.65,2024/01/14 09:26:20
S104121,62.22,2.6,2.9,7.9,2024-04-05
S104122,98.03,4.06,2.11,15.14,02-22-2024
S104123,90.92,1.7,,20.02,2024-02-22
S104124,75.55,3.29,0.5,4.81,2024-03-05
S104125,71.91,3.94,0.53,13.12,2024-01-28
S104126,72.59,5.05,1.69,9.39,26/03/2024
S104127,83.9%,3.57,4.93,30.28,28/03/2024
S104128,76.74,4.18,1.61,15.64,2024-05-20
S104129,1.0,4.81,1.25,25.87,2024-02-11
S104130,80.7%,3.98,1.74,16.71,09/03/2024
S104131,89.61,0.71,3.09,17.33,2024-03-17
S104132,82.54,5.27,0.36,14.57,2024-02-14
S104133,87.63,0.43,0.57,13.44,25/01/2024
S104134,88.32,2.09,0.56,14.48,2024-04-27
S104135,76.83,2.05,1.29,10.4,2024-01-17
S104136,76.67,5.44,0.1,14.92,28/04/2024
S104137,87.83,4.97,1.42,3.63,2024-02-27
S104138,97.76,3.6,0.87,16.21,23/04/2024
S104139,75.18,3.04,0.19,6.57,2024-01-22
S104140,89.54,2.84,6.1,15.66,2024-03-16
S104141,100.0,3.32,0.19,17.25,28/03/2024
S104142,84.69,2.73,0.17,24.92,2024-05-22
S104143,74.3%,4.51,1.6,17.22,11/05/2024
S104144,87.76,2.68,3.47,13.14,02-16-2024
S104145,0.7497,1.39,0.51,10.6,05-25-2024
S104146,97.78,2.79,1.12,20.01,14/01/2024
S104147,72.66,0.65,0.72,14.31,2024/02/18 14:48:49
S104148,64.04,3.85,0.91,9.73,2024-03-09
S104149,73.99,2.72,0.82,16.07,2024-05-03
S104150,52.46,1.89,1.99,2.0,14/02/2024
S104151,80%,3.06,0.88,15.56,05-11-2024
S104152,77.09,1.01,0.31,9.54,2024-04-29
S104153,62.56,1.88,2.34,12.72,2024-01-25
S104154,77.06,2.87,,28.96,2024/03/30 11:48:28
S104155,65.54,0.56,1.93,11.6,22/01/2024
S104156,78.53,1.92,2.97,20.53,2024-01-13
S104157,90.27,5.18,0.93,22.34,2024-02-01
S104158,63.19,1.8,3.72,20.98,2024-04-28
S104159,67.93,2.52,0.92,17.6,2024-01-26
S104160,76.03,4.08,0.9,7.25,2024-03-18
S104161,57%,2.73,2.08,10.45,2024-02-23
S104162,67.29,5.21,0.1,6.84,2024-02-23
S104163,83.72,3.61,1.07,12.54,2024-01-12
S104164,0.6741,2.77,0.68,12.62,04-05-2024
S104165,89.7%,0.4,1.87,8.6,15/03/2024
S104166,72%,3.59,0.56,18.83,2024-02-24
S104167,70.69,3.04,0.71,11.55,2024-02-17
S104168,81.16,3.97,0.29,12.46,2024/01/14 18:07:23
S104169,64%,3.06,0.54,4.02,2024-05-14
S104170,72.79,0.96,1.61,15.48,2024-04-03
S104171,71.89,5.18,3.57,14.34,2024-03-21
S104172,0.8366,4.16,1.23,10.8,2024-01-15
S104173,61.41,4.73,3.34,17.67,14/01/2024
S104174,78.11,1.12,1.65,15.83,2024-02-20
S104175,100.0,3.45,4.5,19.11,2024/04/21 05:59:11
S104176,66.0%,2.93,4.02,19.43,2024/03/30 02:02:07
S104177,95.31,2.9,0.02,20.01,2024-02-05
S104178,58.09,4.7,0.85,26.68,2024/05/05 11:33:03
S104179,79.3,1.66,0.69,15.9,2024/04/04 21:04:47
S104180,90.61,1.81,0.23,8.38,11/02/2024
S104181,68.23,1.15,0.65,11.99,2024-02-07
S104182,75.68,2.38,0.98,12.18,2024-02-27
S104183,0.7553,0.56,2.91,8.56,2024-01-21
S104184,75.03,1.81,8.0,0.0,2024-01-10
S104185,89.24,4.33,2.27,16.62,26/03/2024
S104186,96.25,2.66,1.06,15.24,02-14-2024
S104187,88.13,2.96,0.09,28.4,15/02/2024
S104188,75.1,2.16,0.25,27.95,13/02/2024
S104189,82.1,0.92,0.06,19.76,2024-01-10
S104190,0.8796,3.73,0.94,18.94,26/01/2024
S104191,88.05,1.87,1.9,9.19,13/01/2024
S104192,77.6,0.46,0.38,16.32,2024-02-20
S104193,58.9%,0.91,0.12,14.18,27/04/2024
S104194,69%,3.52,3.24,16.02,2024-01-19
S104195,62.2%,1.1,1.11,9.62,2024-05-29
S104196,72.65,3.88,3.33,17.93,2024-03-03
S104197,81.1%,4.14,2.26,5.41,2024-05-13
S104198,57.71,4.41,4.16,36.25,19/05/2024
S104199,41.91,1.75,4.13,25.13,2024-05-05
S104200,57.53,2.6,0.55,24.29,2024-02-13
S104201,74.09,0.98,1.61,6.07,2024/01/30 15:35:20
S104202,88.0,1.92,3.08,3.66,03/05/2024
S104203,78.69,4.79,1.69,16.92,03-28-2024
S104204,65%,1.07,0.51,12.87,01/04/2024
S104205,85.12,0.91,0.01,27.93,2024-05-01
S104206,61.4,0.0,2.11,19.39,02-22-2024
S104207,0.8633,4.6,0.66,14.71,2024/05/15 14:02:00
S104208,100.0,2.58,7.96,25.36,2024-05-03
S104209,0.8583,3.62,0.21,16.27,2024-04-25
S104210,0.5426,2.08,3.54,16.6,2024/03/21 11:28:39
S104211,87.68,5.69,1.88,22.29,2024-02-17
S104212,74.37,2.57,0.62,10.26,12/01/2024
S104213,72.57,5.64,1.67,22.13,2024-05-06
S104214,60%,1.1,0.11,18.96,26/02/2024
S104215,79.3%,0.63,0.68,8.55,03/03/2024
S104216,72.96,4.66,0.54,28.71,05-05-2024
S104217,86.46,4.74,3.26,11.8,11/03/2024
S104218,74.95,5.17,1.48,3.56,2024-05-07
S104219,67.58,3.09,1.74,9.56,2024-03-30
S104220,77.64,1.91,0.07,7.75,2024-03-04
S104221,86.85,1.48,5.6,16.37,2024-01-22
S104222,73%,4.14,0.84,26.36,2024-05-13
S104223,85.07,4.0,0.97,16.74,2024-03-12
S104224,68.94,4.77,1.78,26.1,17/02/2024
S104225,92.26,5.58,0.14,22.47,2024-03-01
S104226,83.45,3.45,0.4,0.0,02-17-2024
S104227,89.39,1.23,3.43,21.3,2024-05-19
S104228,63.67,3.09,0.95,10.93,2024-01-13
S104229,100.0,2.46,0.11,18.59,25/05/2024
S104230,81.92,0.0,0.39,14.59,01/03/2024
S104231,68.24,2.6,0.07,34.5,2024-04-10
S104232,71.2%,4.68,1.0,18.05,2024-03-09
S104233,59.2,2.42,2.59,19.09,2024-02-07
S104234,49.57,4.03,1.44,22.55,06/04/2024
S104235,80.06,5.19,0.68,4.58,2024-01-22
S104236,78.72,2.08,1.92,22.58,2024-05-15
S104237,68.33,3.33,2.81,13.49,2024-01-12
S104238,78.44,0.2,8.0,10.16,2024-05-09
S104239,69.21,4.74,0.67,20.74,2024-02-13
S104240,100.0,2.75,0.3,4.58,2024-04-12
S104241,79.9%,1.22,6.43,21.57,2024-03-11
S104242,78.59,2.15,1.56,13.9,2024-02-21
S104243,69.44,2.66,4.89,14.3,29/03/2024
S104244,93.57,5.37,5.41,0.0,2024-05-13
S104245,90.35,1.84,0.74,21.3,2024-05-01
S104246,94.84,3.18,0.33,16.73,2024/05/26 22:34:41
S104247,100.0,3.58,0.31,11.73,2024-04-02
S104248,65.43,3.23,3.34,8.51,2024-04-12
S104249,70%,5.22,1.48,20.47,2024/04/30 21:22:24
S104250,68.67,8.34,0.12,17.44,2024-02-27
S104251,83.21,1.18,0.64,15.04,2024/01/26 00:46:05
S104252,65.6%,3.66,,8.08,13/04/2024
S104253,59.38,2.83,1.9,17.12,2024-03-10
S104254,73.74,1.11,0.23,16.7,2024-03-14
S104255,93.52,3.21,0.49,24.21,2024-04-29
S104256,61.47,2.35,4.32,6.62,02/04/2024
S104257,88.55,4.19,1.6,9.99,2024-04-03
S104258,100.0,2.79,1.07,28.61,29/05/2024
S104259,77.97,1.45,4.01,16.34,2024/04/29 10:07:40
S104260,53.72,1.37,0.12,16.77,2024-03-31
S104261,69.35,3.79,1.09,21.76,2024-02-19
S104262,82.52,3.55,1.04,27.69,2024-03-17
S104263,57.23,2.19,2.29,6.87,2024-03-20
S104264,77.8,0.32,2.1,30.27,2024-02-13
S104265,69.99,0.0,0.89,14.69,2024-04-07
S104266,62.15,2.33,1.23,16.85,19/04/2024
S104267,92.4%,3.42,0.66,15.42,2024-04-29
S104268,71.51,6.18,4.63,25.48,04-03-2024
S104269,87.42,2.97,0.84,21.71,2024-01-18
S104270,97.13,2.86,3.4,13.99,2024-04-06
S104271,50.19,0.36,0.57,7.11,2024-05-05
S104272,79.3%,3.99,4.66,13.3,17/01/2024
S104273,80.64,1.62,8.0,5.64,11/03/2024
S104274,95.87,4.93,6.33,21.24,01/03/2024
S104275,63.41,2.79,1.62,10.25,2024-03-18
S104276,71.36,1.1,0.38,14.28,03-04-2024
S104277,76.7,4.36,0.32,23.21,2024-01-15
S104278,61.75,2.02,5.96,20.65,2024-02-11
S104279,63.0,3.59,1.11,17.68,01/02/2024
S104280,70.02,2.35,3.1,9.43,03/05/2024
S104281,78.0,1.13,1.22,18.4,2024-01-19
S104282,67.12,4.05,1.25,9.43,2024-04-26
S104283,100.0,6.78,0.61,18.46,2024-01-27
S104284,85.28,4.52,2.92,5.85,2024-02-15
S104285,74.48,2.83,0.21,23.45,10/03/2024
S104286,76%,5.94,0.79,16.4,01/03/2024
S104287,83.33,2.19,0.17,14.91,15/05/2024
S104288,88.48,4.93,0.55,17.74,20/04/2024
S104289,90.3,1.82,0.22,14.19,2024-03-25
S104290,71.24,3.59,1.1,15.48,28/03/2024
S104291,73.63,2.21,0.57,24.04,2024-03-14
S104292,58.87,2.05,0.69,22.4,2024-05-05
S104293,47.73,3.2,6.36,19.99,21/02/2024
S104294,66.38,2.18,3.56,16.76,20/05/2024
S104295,66.49,4.94,2.1,12.78,2024-04-06
S104296,87.44,1.39,0.59,22.51,2024-03-18
S104297,75.51,3.16,0.15,8.63,04-07-2024
S104298,74.38,3.01,1.6,27.49,25/02/2024
S104299,67.45,2.67,0.66,19.98,2024-03-24
S104300,81.9%,0.48,,23.27,2024-05-21
S104301,0.6458,2.6,1.04,18.27,2024-03-27
S104302,77.83,3.15,0.4,14.14,13/05/2024
S104303,0.7124,4.72,0.32,21.64,31/01/2024
S104304,85.07,6.13,2.91,5.15,2024-03-25
S104305,77.13,2.27,0.31,10.88,2024-03-05
S104306,67.37,5.49,2.28,13.66,19/03/2024
S104307,81.91,3.39,0.4,5.33,2024-02-03
S104308,100.0,1.03,0.93,19.46,10/02/2024
S104309,81.6%,3.63,3.65,23.86,2024-03-16
S104310,89.07,3.53,0.51,3.04,07/04/2024
S104311,72.53,3.84,1.2,12.09,2024-01-16
S104312,74.3,2.8,3.87,13.81,2024-04-22
S104313,76%,0.26,0.78,17.26,2024-03-21
S104314,0.7462,2.47,0.87,20.98,03-17-2024
S104315,58.87,4.38,0.05,13.05,2024-03-30
S104316,75%,1.9,0.91,21.59,2024-04-08
S104317,76.3%,3.6,1.81,15.62,2024-03-06
S104318,79.82,5.59,1.6,10.78,2024-04-05
S104319,94%,3.21,0.9,16.61,2024-04-20
S104320,62.93,1.72,0.34,6.16,2024-03-25
S104321,64.4,2.5,0.89,13.22,02-22-2024
S104322,73%,6.25,1.96,13.77,2024-03-19
S104323,69%,3.05,5.69,10.77,2024-03-06
S104324,81.99,2.68,0.23,32.73,2024-03-22
S104325,0.6157,3.61,0.06,24.11,2024-01-28
S104326,76.25,0.0,0.2,16.4,2024-02-05
S104327,72.27,0.0,2.58,17.99,2024-04-20
S104328,41.9,4.38,1.55,18.62,2024-05-26
S104329,84.3%,3.57,0.6,19.37,01-23-2024
S104330,83.56,3.99,5.45,25.93,2024-04-23
S104331,87.23,3.83,4.32,21.49,20/01/2024
S104332,75.47,3.28,4.83,1.1,2024-01-15
S104333,63.12,1.79,0.6,20.84,01-27-2024
S104334,0.8633,3.73,0.32,9.14,05/02/2024
S104335,65.89,2.68,,11.12,2024-05-08
S104336,66.64,3.03,2.49,21.87,2024/05/05 20:11:20
S104337,73.15,3.5,0.75,1.96,2024-01-21
S104338,66.83,0.93,0.11,26.99,2024-03-02
S104339,99.68,5.54,0.42,20.72,2024/05/14 07:12:37
S104340,68.93,1.64,3.91,17.34,2024-04-05
S104341,73.35,4.28,1.2,20.84,19/05/2024
S104342,91.77,3.71,2.24,23.04,2024/05/01 20:14:29
S104343,89.11,3.34,0.96,16.56,18/04/2024
S104344,76.65,2.54,1.2,20.42,28/03/2024
S104345,68.47,3.25,,8.14,21/01/2024
S104346,0.8766,2.38,5.84,20.68,2024-02-28
S104347,75.14,3.36,,19.25,01-27-2024
S104348,88.88,5.06,1.82,25.07,2024-04-02
S104349,90.53,7.28,0.73,16.22,02/02/2024
S104350,75.65,3.76,0.03,17.14,15/05/2024
S104351,76.07,3.67,3.89,8.54,2024-01-20
S104352,77.4%,3.28,0.55,15.0,04-07-2024
S104353,56.9%,5.51,1.04,19.28,2024-04-09
S104354,69%,0.78,0.4,19.94,2024-02-29
S104355,88.56,4.8,0.24,26.99,04/02/2024
S104356,71.85,1.18,1.82,18.23,2024-05-16
S104357,75.7,0.44,0.17,14.35,01-17-2024
S104358,79.97,3.16,8.0,18.9,11/01/2024
S104359,83.7%,2.7,4.46,11.1,2024-02-04
S104360,87.03,5.03,0.56,24.28,2024-03-14
S104361,83%,2.72,0.84,10.15,14/05/2024
S104362,0.922,6.18,1.87,12.16,2024-02-20
S104363,71.37,5.54,0.75,7.47,03-27-2024
S104364,0.9943,3.24,0.04,15.58,2024-03-18
S104365,0.7931,3.33,0.3,19.52,15/02/2024
S104366,90.2%,1.41,2.02,26.57,2024-01-23
S104367,67%,4.17,3.09,14.6,2024-02-08
S104368,64.81,3.6,1.38,13.43,2024-01-14
S104369,85.4,3.87,0.27,0.0,2024/02/12 08:09:50
S104370,44.32,2.08,0.81,16.56,2024-04-03
S104371,72.38,2.79,0.52,15.19,2024-02-25
S104372,94%,2.03,4.35,15.11,2024-05-22
S104373,71.37,2.59,0.9,25.54,2024-01-30
S104374,86.9,5.17,3.96,18.82,2024-05-01
S104375,69.47,3.58,1.16,12.09,2024-03-25
S104376,86.79,3.75,0.71,8.66,02-01-2024
S104377,84.54,3.89,1.43,6.9,2024-04-09
S104378,61.34,5.19,1.58,11.88,2024-04-13
S104379,86.16,4.95,0.87,17.62,2024-01-19
S104380,96%,4.24,5.17,0.23,2024-02-04
S104381,76.67,2.01,0.13,14.05,04-11-2024
S104382,77.58,1.64,0.12,20.61,2024-04-23
S104383,82.71,6.03,0.26,7.75,2024-01-12
S104384,92.13,2.58,2.32,13.75,2024/04/18 04:25:13
S104385,63.8%,5.12,2.98,8.06,2024-04-09
S104386,69.4,1.19,1.97,0.0,2024-04-14
S104387,90.8,2.77,4.79,9.4,02-20-2024
S104388,74.7%,0.39,1.03,7.56,2024-03-12
S104389,79.69,2.75,0.22,20.43,2024-04-13
S104390,55.69,3.03,0.02,18.36,09/04/2024
S104391,52.34,4.65,0.92,7.71,2024-03-20
S104392,72.51,2.04,3.43,24.05,2024-02-01
S104393,96.23,6.12,1.88,20.08,06/04/2024
S104394,77.91,2.13,2.43,13.2,02-14-2024
S104395,71.05,3.14,0.83,17.31,07/02/2024
S104396,55.54,5.45,0.7,8.38,2024-04-17
S104397,76.92,2.97,1.23,0.0,2024-02-12
S104398,87.92,3.35,0.61,15.64,15/02/2024
S104399,72%,2.97,0.89,5.45,2024-01-26
S104400,100.0,3.73,0.96,13.41,2024-03-25
S104401,89.53,3.54,3.14,17.88,14/01/2024
S104402,88.21,3.32,0.4,1.39,18/03/2024
S104403,88.3,1.91,0.11,16.45,2024-02-27
S104404,76.18,2.76,1.53,20.79,2024-01-20
S104405,78%,3.44,0.92,0.45,2024-02-05
S104406,88.74,0.68,0.54,19.94,2024-04-05
S104407,60.23,4.61,1.82,28.29,2024-02-27
S104408,68.48,6.29,2.92,13.21,03-29-2024
S104409,67.69,3.62,0.36,20.18,24/03/2024
S104410,92.99,4.29,4.32,7.97,03-16-2024
S104411,85.62,4.59,0.95,21.44,2024-02-20
S104412,71.5%,1.67,1.53,18.57,2024-05-03
S104413,57%,4.11,2.3,16.52,2024-02-28
S104414,62.51,2.37,4.36,16.13,2024-05-03
S104415,46.29,5.01,0.46,17.76,19/01/2024
S104416,0.5912,3.33,0.08,14.55,2024-04-27
S104417,71.51,3.39,1.06,8.19,2024-04-15
S104418,76.24,1.27,0.06,13.97,05-22-2024
S104419,71.84,2.37,2.06,14.67,2024-04-26
S104420,86.06,1.81,2.64,6.78,2024-03-24
S104421,73.75,4.21,0.77,14.23,2024-01-27
S104422,61.86,1.6,0.24,14.57,02-12-2024
S104423,63.02,3.74,0.04,11.36,03/05/2024
S104424,100.0,2.51,0.31,17.47,2024-03-08
S104425,80.1%,1.21,3.0,19.13,04-03-2024
S104426,72%,3.22,1.78,10.35,13/04/2024
S104427,86.63,1.97,2.84,16.04,17/03/2024
S104428,79.42,2.83,7.68,21.36,2024/03/27 06:36:38
S104429,53.81,0.0,4.05,7.93,2024-05-13
S104430,89.31,4.31,0.22,3.36,2024-03-31
S104431,59%,4.2,0.34,8.41,2024-02-12
S104432,79.76,2.63,0.89,18.69,2024-01-11
S104433,84.94,1.47,1.5,11.8,03-24-2024
S104434,62.14,3.78,0.59,6.33,2024-03-07
S104435,70.24,2.75,0.54,23.89,2024-05-14
S104436,80%,1.79,3.9,6.74,2024-05-28
S104437,60.43,2.39,,13.81,2024-04-11
S104438,51.94,3.33,0.28,20.16,2024-01-10
S104439,82.2,3.98,2.28,19.69,2024-04-19
S104440,86.66,4.98,0.91,17.92,2024-02-09
S104441,72.0,3.26,3.14,10.32,2024-04-06
S104442,65.53,1.17,0.93,18.91,2024-03-03
S104443,100.0,0.32,0.35,15.1,2024-03-17
S104444,62.3%,2.94,0.95,17.85,21/05/2024
S104445,74.87,3.56,1.11,24.59,14/01/2024
S104446,81.26,2.5,2.25,6.64,2024-03-18
S104447,78.6%,4.72,1.52,17.7,30/04/2024
S104448,87.32,1.61,0.23,15.99,2024-01-28
S104449,85.57,2.86,1.33,21.61,05-09-2024
S104450,75.4,1.49,0.76,27.45,2024/04/04 19:50:12
S104451,86.66,7.04,1.58,27.23,2024-02-05
S104452,58.43,3.37,0.97,20.85,15/02/2024
S104453,76.83,3.36,,10.81,2024-01-19
S104454,62%,1.06,0.77,12.04,2024/03/14 02:16:04
S104455,80%,3.34,0.91,20.05,2024-03-14
S104456,86.14,2.05,0.94,5.99,2024-05-20
S104457,86.54,3.87,0.24,13.37,22/02/2024
S104458,74.73,0.68,2.62,9.83,2024-03-23
S104459,75.4,0.71,8.0,6.76,2024-02-07
S104460,54.96,2.34,0.44,16.73,2024-04-27
S104461,65.09,4.02,2.4,20.53,27/02/2024
S104462,70.7,3.96,4.69,19.2,08/05/2024
S104463,84.41,1.87,0.81,15.83,01-10-2024
S104464,66.78,5.02,0.46,12.53,2024-01-21
S104465,72.56,1.15,5.55,11.33,19/01/2024
S104466,0.7234,1.25,0.18,21.1,2024-05-01
S104467,64.7%,3.54,0.29,11.42,18/04/2024
S104468,97.86,1.89,3.98,11.22,2024-04-07
S104469,74.07,3.8,0.52,17.88,2024-01-25
S104470,73.79,0.59,1.81,8.13,22/02/2024
S104471,79.2%,3.51,0.16,15.6,2024-05-16
S104472,64.8,3.6,4.15,11.3,2024-02-14
S104473,61.5%,6.37,0.39,10.3,25/01/2024
S104474,93.59,0.0,0.35,13.25,2024-05-19
S104475,0.8249,2.18,1.85,20.28,2024-05-07
S104476,60.59,5.64,0.96,16.24,2024-01-31
S104477,67.22,2.62,1.96,17.05,27/01/2024
S104478,72.43,4.0,0.88,20.31,2024-05-16
S104479,65.0%,3.17,1.74,19.37,03-20-2024
S104480,60.8%,2.54,0.07,13.75,2024-01-25
S104481,85.09,1.95,1.55,18.9,2024-01-31
S104482,71%,2.68,4.73,13.82,2024-05-21
S104483,69.43,2.02,1.76,18.07,2024-03-31
S104484,0.5665,5.43,3.41,22.29,2024-01-16
S104485,83.8%,4.23,0.58,18.64,2024-02-20
S104486,80.5%,5.17,2.52,6.28,2024-02-26
S104487,56.3,3.83,1.83,11.52,2024-02-19
S104488,78.23,2.37,1.13,19.53,04-25-2024
S104489,79.69,1.48,1.36,0.0,2024-04-06
S104490,76.33,3.11,2.28,17.27,2024-04-09
S104491,85.77,3.21,0.23,16.87,2024-03-22
S104492,82.77,2.51,0.21,34.09,2024-05-08
S104493,100.0,2.38,1.43,18.03,2024-03-31
S104494,81%,1.99,2.06,14.24,12/01/2024
S104495,69.47,1.53,1.88,23.15,10/02/2024
S104496,68.27,4.75,0.25,12.59,2024-05-07
S104497,68.44,2.92,1.23,15.3,2024/02/09 23:33:17
S104498,64.9,3.47,2.78,15.62,2024-02-29
S104499,67.3,1.25,0.59,19.2,20/04/2024
S104500,76.98,3.65,0.15,8.54,2024-04-02
S104501,72.59,4.59,0.63,20.83,2024-04-11
S104502,78.09,2.14,3.33,11.32,02/05/2024
S104503,73.76,3.53,1.33,29.42,2024-01-17
S104504,62.03,3.63,3.1,4.41,2024-05-26
S104505,93.19,0.76,4.9,9.7,19/04/2024
S104506,76.59,1.58,1.93,0.79,29/03/2024
S104507,85.35,5.23,0.54,35.75,03-29-2024
S104508,57%,0.97,1.69,6.41,2024-04-12
S104509,73.23,5.02,1.03,20.32,2024-05-08
S104510,81.26,3.49,3.76,20.09,2024/03/16 18:44:12
S104511,66.59,2.53,0.34,8.66,2024-03-06
S104512,85.1%,5.41,0.07,20.41,2024-05-03
S104513,63.72,0.88,3.9,7.52,2024-05-12
S104514,89.11,0.0,0.07,9.31,12/03/2024
S104515,79.81,3.2,0.79,4.07,2024-05-27
S104516,81.72,4.21,3.22,19.69,2024-01-28
S104517,69.1%,0.91,0.57,1.29,2024-05-04
S104518,76.53,1.46,4.85,17.75,2024-03-23
S104519,83.88,3.25,0.44,14.13,2024-01-29
S104520,99.2%,3.64,5.17,27.2,2024-05-29
S104521,74.89,2.33,1.27,15.23,27/02/2024
S104522,83.07,4.13,0.35,20.94,2024-01-26
S104523,65.11,2.89,0.55,18.58,2024-05-29
S104524,63.95,1.21,2.52,14.28,2024-02-03
S104525,56.56,2.89,0.72,22.8,04-12-2024
S104526,79.91,4.01,0.04,17.66,2024-05-27
S104527,71.05,0.59,0.12,21.29,2024-05-10
S104528,0.609,1.41,2.01,8.51,2024-01-19
S104529,74.82,3.69,0.78,18.7,2024-04-17
S104530,0.6072,3.9,7.38,20.61,21/04/2024
S104531,93.88,1.54,1.44,7.38,24/04/2024
S104532,70.61,1.26,1.25,14.48,2024-04-23
S104533,70.39,1.55,2.64,2.83,02/05/2024
S104534,73.86,3.27,1.46,3.89,01-29-2024
S104535,81.93,5.3,1.92,14.58,02-27-2024
S104536,65.67,4.29,8.0,27.6,2024-05-25
S104537,100.0,2.36,0.88,28.14,2024-05-14
S104538,67%,0.0,1.35,12.87,18/04/2024
S104539,91.16,3.65,3.94,8.34,11/05/2024
S104540,84.27,3.14,1.3,21.49,11/04/2024
S104541,88.5,2.35,1.65,0.98,03-29-2024
S104542,77.33,5.1,0.99,12.18,26/03/2024
S104543,80.14,2.85,5.33,9.76,2024-03-24
S104544,74.1%,4.56,1.84,14.4,2024-01-15
S104545,72.87,3.65,1.62,24.63,2024-01-19
S104546,72.83,1.59,1.3,0.0,2024-03-04
S104547,66%,2.44,0.27,17.17,12/05/2024
S104548,76.05,2.76,1.59,17.4,2024-03-04
S104549,77.72,4.52,4.57,14.57,2024-03-24
S104550,60.9%,3.61,3.42,17.04,2024-04-26
S104551,91.85,4.26,2.38,18.6,02-26-2024
S104552,0.782,1.53,2.16,16.11,2024-05-01
S104553,80.2,3.11,5.26,0.75,2024-01-21
S104554,75.9,1.55,1.39,8.78,02-14-2024
S104555,81.96,4.05,2.5,26.18,2024-02-03
S104556,69.1%,1.58,1.37,6.83,2024-04-21
S104557,77.09,3.95,3.5,15.56,23/02/2024
S104558,91.31,3.98,0.55,9.95,2024-05-16
S104559,85.22,5.46,0.5,19.16,29/04/2024
S104560,99.67,2.97,3.73,13.58,2024-05-27
S104561,53.8%,1.81,0.46,19.58,2024-05-15
S104562,71.65,1.75,8.0,17.68,2024-04-07
S104563,79.93,4.1,0.84,12.27,2024-02-04
S104564,72.12,4.92,1.27,0.0,06/02/2024
S104565,92.55,1.06,1.53,8.94,07/05/2024
S104566,80.32,6.78,0.68,6.56,05-28-2024
S104567,70.21,3.55,0.0,6.5,07/03/2024
S104568,86.78,3.74,1.47,18.52,2024-04-29
S104569,83.87,2.62,0.95,29.17,15/02/2024
S104570,77.59,1.95,4.84,0.0,2024-05-24
S104571,76.93,0.87,0.15,4.46,03-28-2024
S104572,89.75,3.97,2.35,16.62,04/03/2024
S104573,50.68,4.43,3.81,13.23,2024-02-19
S104574,86%,3.31,1.17,18.17,2024-04-24
S104575,84%,1.6,3.33,14.67,2024-05-08
S104576,84.39,4.28,5.38,24.22,2024-02-18
S104577,72.86,2.92,,18.99,2024-05-05
S104578,85.93,2.94,0.56,21.14,04/04/2024
S104579,58.1%,2.05,1.1,22.13,2024-03-12
S104580,67.54,2.38,1.48,6.65,2024-03-31
S104581,87.27,4.39,0.2,19.11,2024-01-14
S104582,50.48,1.81,0.52,19.5,05/03/2024
S104583,85.12,0.67,3.73,12.61,26/02/2024
S104584,75.35,1.05,8.0,12.56,2024-04-25
S104585,71.64,4.38,0.37,12.76,2024-05-02
S104586,80.76,3.05,3.95,8.84,2024-03-04
S104587,75.57,3.08,0.51,5.34,2024/03/30 17:11:58
S104588,58.66,4.84,0.48,30.02,2024-04-15
S104589,76.58,2.47,0.89,22.56,04-29-2024
S104590,71.75,2.68,2.76,15.18,28/03/2024
S104591,65.55,2.06,0.03,4.73,2024-01-10
S104592,93.44,2.32,0.82,18.82,01/02/2024
S104593,62.17,0.56,0.67,12.45,2024-05-24
S104594,60.27,3.09,,13.9,2024/02/20 16:01:27
S104595,67.78,2.44,2.05,30.73,18/02/2024
S104596,58.08,4.15,0.06,28.29,2024-02-19
S104597,83.63,3.46,5.57,0.0,23/04/2024
S104598,86.65,3.67,0.63,17.56,2024-03-25
S104599,76.0,3.83,1.14,16.16,2024-05-08
S104600,46%,2.93,2.92,17.49,03/03/2024
S104601,68.21,2.73,1.98,11.1,2024-03-12
S104602,100.0,6.0,1.4,15.02,2024-04-05
S104603,97.54,2.96,1.42,7.34,29/04/2024
S104604,58.82,2.59,0.74,22.26,2024/03/15 03:31:40
S104605,67.38,2.37,0.42,22.05,05-16-2024
S104606,86.85,3.12,0.83,26.49,19/03/2024
S104607,73.01,2.67,3.47,9.58,2024-05-28
S104608,81.2%,3.31,5.25,16.89,10/05/2024
S104609,74.2%,2.73,2.41,29.3,2024-02-28
S104610,75.67,4.45,0.57,10.27,2024-01-25
S104611,68.12,3.43,0.41,7.93,2024-03-30
S104612,76.32,3.44,1.33,17.1,2024/03/16 06:00:45
S104613,100.0,4.27,2.06,23.16,2024-02-15
S104614,53.43,5.04,1.44,10.33,11/05/2024
S104615,68%,1.64,0.48,28.53,2024-02-01
S104616,65%,3.11,3.16,8.59,2024-02-16
S104617,82.11,1.64,0.66,19.61,2024/03/03 08:24:41
S104618,97.57,3.68,0.32,10.26,27/03/2024
S104619,84.3%,0.83,1.7,11.74,01-19-2024
S104620,66.12,1.41,3.11,20.76,2024-04-07
S104621,75.35,5.18,2.07,13.54,2024-01-23
S104622,88.2%,5.01,1.83,4.37,2024-04-21
S104623,95.59,0.42,1.51,9.41,2024-05-27
S104624,79.87,0.96,3.65,20.05,2024-03-25
S104625,64.42,3.12,1.57,17.78,2024-04-15
S104626,75.24,3.07,7.52,20.08,2024-04-22
S104627,90.11,2.79,1.34,10.78,01-17-2024
S104628,80%,1.72,2.32,7.58,02-13-2024
S104629,79.0%,3.12,4.93,9.27,2024-03-15
S104630,68.02,4.41,5.7,9.75,22/05/2024
S104631,83.67,7.16,2.48,14.67,2024-02-06
S104632,58.82,0.25,0.41,6.71,2024-03-20
S104633,54.97,0.52,0.65,22.46,05-16-2024
S104634,67.18,3.63,0.22,18.61,2024-01-12
S104635,78.29,3.71,0.28,8.95,01/05/2024
S104636,68.12,2.86,0.64,13.61,2024-04-16
S104637,75.55,4.39,1.71,8.79,02/02/2024
S104638,70.88,4.51,2.0,13.95,17/05/2024
S104639,89.32,3.24,0.02,9.16,12/04/2024
S104640,84.89,6.86,3.17,30.0,2024-05-20
S104641,70.07,3.56,0.6,3.86,2024-03-27
S104642,73%,4.06,0.73,6.11,2024-05-26
S104643,64.36,1.93,6.78,13.34,30/01/2024
S104644,81%,3.44,1.67,15.66,2024-05-17
S104645,79.59,5.34,0.63,15.7,2024-02-09
S104646,84.0,2.37,0.13,21.42,2024-04-14
S104647,67.79,4.84,0.82,18.1,2024-03-19
S104648,74.34,0.52,,8.55,31/03/2024
S104649,72.6%,4.14,0.23,22.43,2024-05-21
S104650,77.4%,1.57,7.44,19.4,04/02/2024
S104651,81.47,3.2,4.85,24.71,2024-02-20
S104652,66.96,4.64,1.45,15.36,2024-05-23
S104653,81.8%,6.06,3.8,22.63,2024-01-23
S104654,84.59,1.43,0.74,0.0,2024-04-19
S104655,68.56,3.79,1.69,11.6,2024-03-01
S104656,66%,0.0,1.11,8.61,2024-05-15
S104657,68.16,1.21,1.09,19.91,2024-01-30
S104658,65.16,4.91,0.07,9.82,03/04/2024
S104659,91.41,4.11,1.17,21.83,2024-03-24
S104660,100.0,3.89,0.05,20.51,02-11-2024
S104661,58.96,4.26,1.31,10.75,2024-02-16
S104662,64.4%,3.81,1.89,16.67,21/04/2024
S104663,73.32,2.88,,13.5,31/01/2024
S104664,47.62,1.45,6.77,15.81,2024-01-18
S104665,82.58,4.63,2.21,20.25,2024-01-22
S104666,67.33,5.17,0.58,12.72,2024-05-23
S104667,86.87,2.11,0.89,3.41,02/02/2024
S104668,73.07,2.79,1.15,19.17,2024-03-09
S104669,64.39,4.38,4.93,22.51,2024-04-18
S104670,72.85,4.32,0.38,3.1,2024-03-10
S104671,79.73,5.22,1.25,14.74,2024-04-20
S104672,61.24,6.05,1.06,8.48,2024-04-04
S104673,67.46,4.36,0.45,22.89,2024-02-13
S104674,48.3%,2.62,2.19,23.28,2024/01/10 04:14:11
S104675,90%,4.72,2.25,9.33,06/03/2024
S104676,51.99,3.88,0.93,5.79,2024-03-19
S104677,62.96,3.9,1.41,16.71,2024-02-17
S104678,0.91,3.32,0.21,7.24,2024-04-29
S104679,54.36,1.64,0.68,21.0,2024-04-23
S104680,80.73,1.39,0.27,14.08,2024-02-05
S104681,78.45,4.68,3.28,26.24,2024-04-26
S104682,67.93,6.42,0.28,26.55,2024-05-05
S104683,41.62,3.38,1.51,25.86,02-11-2024
S104684,98.34,3.87,2.49,17.82,2024-02-07
S104685,52.24,5.5,1.35,8.38,2024-02-28
S104686,66.23,2.55,5.45,4.62,30/01/2024
S104687,69.8,5.41,1.72,19.16,2024/04/11 15:03:46
S104688,75.83,4.14,1.11,19.69,2024-02-23
S104689,75.25,2.64,2.16,16.83,31/01/2024
S104690,81.42,2.14,1.88,5.7,18/04/2024
S104691,75.87,2.63,1.8,9.42,04/02/2024
S104692,83.28,5.09,0.58,15.58,21/03/2024
S104693,77.48,4.88,6.59,10.71,04-24-2024
S104694,84.7,2.41,0.67,9.57,2024-04-26
S104695,0.894,4.58,2.54,8.23,2024-03-11
S104696,89.93,4.55,0.02,14.05,2024-02-13
S104697,0.6735,2.44,2.24,13.55,2024-02-20
S104698,81.06,2.1,0.33,9.21,2024-02-04
S104699,57.99,1.31,1.85,15.07,07/05/2024
S104700,88.48,3.92,1.13,16.75,02-13-2024
S104701,0.9517,0.64,1.61,17.47,2024-03-06
S104702,56.47,3.46,2.03,8.3,2024/05/27 14:43:07
S104703,80.96,3.74,0.12,12.85,2024-01-26
S104704,88.02,4.04,1.48,15.11,2024-02-20
S104705,91.16,4.55,0.72,15.88,11/01/2024
S104706,80%,1.64,3.39,5.66,2024-01-23
S104707,0.7747,4.8,1.07,12.61,2024-01-26
S104708,71.58,5.26,,19.15,2024/02/04 04:01:20
S104709,78.79,5.69,0.76,10.84,2024-02-09
S104710,93.45,5.04,4.41,17.49,08/04/2024
S104711,77.71,3.4,5.25,15.1,2024/02/19 06:56:02
S104712,87%,3.1,0.16,11.78,21/05/2024
S104713,72.77,2.45,1.75,23.83,2024-03-28
S104714,78.73,5.24,0.91,12.88,2024-01-30
S104715,88.23,2.52,1.69,13.53,2024-04-16
S104716,92.7%,5.0,1.94,11.61,2024-02-18
S104717,66.57,3.77,0.49,25.36,2024/03/25 12:04:47
S104718,77.11,4.92,1.56,24.74,02-07-2024
S104719,64.83,2.98,0.87,23.03,2024-02-23
S104720,74.19,8.04,3.05,21.09,2024/04/05 10:33:00
S104721,71.72,0.64,3.37,8.81,2024-05-13
S104722,54.72,2.31,1.51,11.85,03/04/2024
S104723,65.11,1.55,0.62,9.61,2024-03-14
S104724,69.66,2.65,0.54,22.21,2024-01-28
S104725,0.8502,1.4,1.0,31.35,2024-04-25
S104726,64.15,1.45,0.23,19.75,22/05/2024
S104727,69.35,3.62,0.78,26.73,2024-03-21
S104728,67.38,3.84,0.19,18.2,02-07-2024
S104729,61.92,4.96,1.22,17.22,01-30-2024
S104730,78.02,3.33,1.66,10.94,2024-01-11
S104731,71.06,1.53,0.11,19.29,05/05/2024
S104732,55%,1.82,0.87,21.39,2024-03-04
S104733,94.13,2.95,1.42,22.38,2024-01-12
S104734,68.73,1.37,0.2,15.72,07/04/2024
S104735,86%,5.09,0.59,16.39,2024-05-29
S104736,0.7963,4.97,,14.57,05-23-2024
S104737,68.89,4.0,5.67,11.05,2024-03-29
S104738,87.6%,3.39,0.57,21.17,2024-05-12
S104739,84%,1.36,4.48,1.73,2024/01/28 09:00:20
S104740,76.27,4.1,1.34,3.29,2024-05-27
S104741,86.0,1.56,0.27,11.17,12/01/2024
S104742,0.8353,1.45,0.14,6.08,2024-04-24
S104743,62.31,5.45,0.45,22.6,2024-03-06
S104744,83.89,2.85,4.42,11.9,2024-05-19
S104745,66.86,2.67,0.35,21.14,2024-01-18
S104746,64.8,3.86,2.83,24.13,24/01/2024
S104747,78.4%,3.56,2.16,15.43,2024-03-08
S104748,69.2,0.5,0.56,17.29,2024-05-12
S104749,60.7,3.03,1.02,23.59,04/03/2024
S104750,81.93,4.31,3.73,21.99,12/01/2024
S104751,89.93,1.2,4.45,0.5,30/01/2024
S104752,85.4%,4.83,3.74,12.11,2024-03-10
S104753,62.36,1.71,0.39,18.59,23/05/2024
S104754,47.8%,0.86,0.14,16.51,2024-05-04
S104755,71.97,1.58,1.87,8.05,2024-01-21
S104756,75.89,2.23,0.21,3.05,04/05/2024
S104757,83.72,1.57,1.7,19.28,25/02/2024
S104758,76.69,3.49,2.57,9.1,19/03/2024
S104759,70.91,2.6,2.07,14.06,2024/05/06 21:34:22
S104760,60.03,4.51,0.24,16.01,16/04/2024
S104761,80.61,1.71,1.77,13.86,2024-02-29
S104762,84.57,3.26,0.67,8.48,2024-04-20
S104763,82.1,3.09,0.09,14.42,2024-01-22
S104764,67.58,2.04,1.18,11.19,2024-03-24
S104765,63%,2.79,2.73,26.59,2024-03-01
S104766,85.7,2.21,1.61,16.49,2024/04/05 22:27:20
S104767,100.0,1.04,7.36,32.97,15/03/2024
S104768,60.57,1.85,0.47,5.77,2024-05-16
S104769,71.57,0.0,4.82,12.89,2024-03-06
S104770,54.03,0.0,5.15,12.87,2024-01-24
S104771,61.41,0.0,4.76,9.56,2024-03-08
S104772,59.79,2.51,0.51,12.54,22/02/2024
S104773,97%,0.76,1.89,11.64,2024-02-10
S104774,81%,3.42,0.69,8.15,03-28-2024
S104775,67.55,4.83,5.81,27.56,2024-05-13
S104776,100%,0.57,2.03,14.42,2024-02-27
S104777,82.2,4.23,2.78,21.49,2024-03-15
S104778,64.88,1.67,3.0,21.93,02-14-2024
S104779,58.83,2.8,0.89,25.0,2024-01-23
S104780,86.47,3.26,0.74,8.12,2024-05-09
S104781,80.54,2.98,0.12,23.86,2024-01-13
S104782,69%,0.0,2.36,14.48,2024-03-10
S104783,76.35,2.55,3.09,29.25,2024/05/11 06:31:40
S104784,65.68,2.7,2.03,18.67,18/05/2024
S104785,52.26,2.14,0.52,6.93,2024-05-28
S104786,74.4%,3.83,2.02,23.8,20/01/2024
S104787,81.77,4.79,3.05,23.11,2024-03-27
S104788,86.77,4.01,0.43,5.96,2024-05-12
S104789,64.4%,2.47,1.37,20.21,2024-02-16
S104790,85.48,0.78,0.1,26.22,17/04/2024
S104791,86.77,3.57,0.12,18.35,2024/01/29 20:04:18
S104792,68.1,3.09,6.11,8.18,02-13-2024
S104793,66.24,5.55,1.91,22.07,2024-03-11
S104794,66.07,2.01,1.33,19.66,25/01/2024
S104795,96%,2.45,0.08,13.38,2024-01-31
S104796,63.3%,2.08,3.58,11.78,03-16-2024
S104797,54.8,1.39,0.06,19.63,2024-03-17
S104798,82.96,4.84,4.7,8.63,2024-02-22
S104799,0.885,5.28,2.94,16.41,02-05-2024
S104800,86.16,1.96,2.02,23.39,2024-02-22
S104801,90%,5.31,0.41,25.64,2024-03-07
S104802,0.8258,1.2,3.27,11.32,2024-04-23
S104803,71.4%,3.98,0.17,3.89,04/04/2024
S104804,75.95,2.78,2.85,10.05,22/01/2024
S104805,90.91,3.28,1.21,20.71,09/05/2024
S104806,68.7,1.13,3.12,9.81,2024-02-05
S104807,88.59,2.55,5.28,22.58,02-15-2024
S104808,97%,2.56,2.13,9.8,2024-04-25
S104809,65.0%,0.86,1.84,11.1,2024-04-27
S104810,100.0,3.69,1.11,13.79,2024-02-24
S104811,91.49,4.36,0.17,21.61,05-20-2024
S104812,67.21,1.81,1.28,3.91,2024-05-02
S104813,70.6%,2.46,0.27,16.96,21/03/2024
S104814,82.36,0.0,0.4,16.83,03-11-2024
S104815,73.3%,2.83,0.62,8.06,2024-03-25
S104816,72.39,2.23,3.45,17.49,10/01/2024
S104817,0.4511,3.77,0.94,13.74,2024-05-08
S104818,77.16,3.97,2.57,7.08,2024-04-24
S104819,92.06,2.47,1.64,14.48,27/02/2024
S104820,73.71,2.67,4.79,7.7,18/03/2024
S104821,82.0%,1.97,0.65,10.52,2024-01-31
S104822,0.7087,4.38,0.84,21.16,2024-03-03
S104823,68.96,3.25,0.28,12.82,2024-05-12
S104824,85.99,4.45,4.14,21.02,2024-02-27
S104825,73.49,4.84,0.22,13.9,2024-01-23
S104826,77.55,3.6,0.45,8.26,2024-04-20
S104827,80.53,2.15,0.69,18.36,2024-03-19
S104828,72.64,1.06,0.39,18.92,06/05/2024
S104829,66%,2.75,0.89,6.39,2024-03-07
S104830,90.03,3.09,1.18,22.95,2024-02-09
S104831,85.46,1.54,2.06,25.65,2024-02-04
S104832,79.32,5.66,2.0,19.39,2024-05-25
S104833,69.9%,1.68,,15.54,02-02-2024
S104834,95.82,0.0,4.07,29.08,29/03/2024
S104835,100.0%,0.79,1.26,18.77,2024-01-31
S104836,57.37,3.96,1.79,16.38,01-14-2024
S104837,88.82,2.04,0.41,26.9,2024-01-20
S104838,86%,1.43,5.51,26.22,2024-02-25
S104839,70%,7.25,0.19,4.93,2024-05-21
S104840,69.98,2.48,0.44,11.47,2024-05-19
S104841,48%,4.68,,19.1,02-05-2024
S104842,71.32,4.87,0.31,23.59,2024-01-16
S104843,100.0,4.26,3.74,6.84,2024-02-18
S104844,55.88,2.61,0.92,21.36,2024-02-14
S104845,62%,3.92,0.88,12.17,12/05/2024
S104846,77.49,1.97,1.51,20.02,2024/03/31 02:07:01
S104847,70%,0.64,3.07,11.03,02-26-2024
S104848,73.89,3.93,0.0,0.0,2024-05-23
S104849,0.9117,4.88,0.61,2.6,28/05/2024
S104850,71.48,3.44,2.17,7.12,2024-02-03
S104851,68.0%,2.91,2.31,10.86,2024-03-17
S104852,80%,3.6,7.42,14.95,2024-02-02
S104853,77.94,2.93,2.88,11.38,15/05/2024
S104854,55.76,2.36,0.72,14.67,2024-02-01
S104855,78.54,2.34,0.5,11.53,14/01/2024
S104856,97.01,1.64,0.02,14.97,12/01/2024
S104857,94%,5.49,0.74,21.51,2024-05-04
S104858,0.8091,3.25,2.35,14.9,2024-01-23
S104859,75.7%,3.4,0.17,18.79,2024-04-07
S104860,59.81,5.23,0.45,20.0,01/04/2024
S104861,80%,0.48,0.84,13.9,17/01/2024
S104862,58.04,5.98,1.26,2.46,17/04/2024
S104863,83.2,2.93,4.91,16.77,29/03/2024
S104864,79.24,2.1,1.71,10.28,27/05/2024
S104865,68%,3.78,6.28,21.04,2024-04-20
S104866,85.22,2.73,2.26,24.56,2024-02-03
S104867,0.5621,0.14,5.97,13.2,2024-03-09
S104868,73.83,3.58,6.28,16.15,02-09-2024
S104869,74.03,0.25,0.62,19.68,2024-01-14
S104870,77.41,2.11,0.39,9.31,2024/01/29 19:43:15
S104871,93.15,1.72,,15.06,2024-03-26
S104872,73.47,1.97,2.24,4.17,2024-04-20
S104873,88.72,2.19,4.03,22.31,2024-04-21
S104874,82%,2.42,2.32,26.8,2024-04-03
S104875,90.32,3.52,0.1,15.7,31/03/2024
S104876,100.0,4.7,0.89,9.74,02/02/2024
S104877,100.0,1.69,1.74,16.83,2024-01-17
S104878,69.3%,3.17,0.75,6.08,2024/04/27 11:16:14
S104879,66.6%,2.38,0.01,11.95,04-07-2024
S104880,86.93,3.22,0.58,12.07,03-19-2024
S104881,81%,0.0,0.69,11.35,2024-04-28
S104882,0.6807,2.44,0.53,16.53,2024-03-31
S104883,72%,0.0,0.63,18.04,2024-01-28
S104884,88.99,4.81,0.29,15.1,2024-04-19
S104885,77.52,4.42,2.5,21.31,2024-02-08
S104886,91.96,2.32,4.92,17.73,05-12-2024
S104887,78.23,3.6,0.26,11.54,2024-01-17
S104888,68%,2.57,,14.24,2024-01-11
S104889,100.0%,3.04,0.49,14.43,01-17-2024
S104890,92%,2.81,0.5,12.32,2024-04-22
S104891,77.62,4.55,1.22,18.57,05-19-2024
S104892,0.4485,4.28,1.1,0.08,2024-04-14
S104893,0.8511,2.39,1.25,15.22,20/03/2024
S104894,100.0%,3.52,2.91,17.17,31/03/2024
S104895,95.68,3.1,2.79,19.19,21/03/2024
S104896,77.08,4.69,0.45,22.76,2024-04-30
S104897,81%,4.97,1.53,14.02,2024-01-16
S104898,59.0%,6.02,2.98,20.82,2024-01-30
S104899,85.36,4.23,0.14,19.27,05-01-2024
S104900,88.05,3.07,0.14,16.85,2024-03-09
S104901,82.2%,2.31,4.17,5.26,07/03/2024
S104902,60.3%,0.0,1.23,22.63,01/03/2024
S104903,65.35,1.41,0.81,15.67,18/04/2024
S104904,62.05,5.17,0.36,13.24,2024/05/18 10:44:22
S104905,77.0,3.25,3.5,6.9,2024-03-15
S104906,78.14,5.36,1.32,0.0,10/01/2024
S104907,98.03,0.5,0.41,28.32,16/02/2024
S104908,96.62,5.1,,17.15,2024-03-23
S104909,75.06,0.3,1.02,7.25,2024/04/01 17:10:55
S104910,83%,3.9,2.34,6.18,2024-03-19
S104911,90.26,3.17,2.04,13.05,20/01/2024
S104912,77.02,2.24,2.75,20.66,2024/03/28 20:23:15
S104913,69.86,1.3,2.65,19.42,27/01/2024
S104914,80.73,2.83,0.12,19.77,2024-01-28
S104915,78.0%,4.09,2.43,8.79,2024-05-07
S104916,100.0,2.28,6.02,13.75,2024-03-01
S104917,93.7%,5.05,1.79,15.89,2024-03-11
S104918,69.5%,2.97,,14.6,30/03/2024
S104919,98.5,4.32,1.09,18.82,06/05/2024
S104920,69.66,2.95,0.51,26.02,02-11-2024
S104921,69.83,3.72,1.26,16.47,2024-03-25
S104922,80.43,2.53,0.55,10.91,2024-03-12
S104923,84.57,1.86,5.04,4.83,2024-05-12
S104924,85.0%,4.94,0.96,16.23,2024-01-16
S104925,100%,2.2,1.0,10.38,2024-04-18
S104926,70.57,3.83,0.45,18.0,2024-01-24
S104927,53.8%,2.86,3.0,17.55,2024-05-13
S104928,77%,3.13,0.09,25.94,2024-02-08
S104929,86.99,1.44,5.17,16.5,2024-04-01
S104930,62.64,2.12,0.14,18.19,2024-03-05
S104931,62%,3.51,0.3,10.41,06/04/2024
S104932,85.6,1.63,6.76,4.97,10/03/2024
S104933,0.9316,1.53,1.71,22.52,2024-04-30
S104934,63.17,0.0,0.71,23.45,2024-03-20
S104935,85.04,1.35,4.12,12.68,2024-02-03
S104936,85.75,5.64,0.64,1.46,2024-04-30
S104937,66%,2.95,0.15,24.53,03-20-2024
S104938,76.67,0.95,0.74,23.32,17/04/2024
S104939,60.99,0.69,5.27,14.18,2024-02-22
S104940,74.18,1.98,2.27,22.48,04-04-2024
S104941,65.2,0.0,1.06,14.71,20/02/2024
S104942,87%,3.52,2.9,16.52,26/04/2024
S104943,61.62,0.95,1.69,3.62,2024-01-23
S104944,88.41,4.72,0.43,23.55,2024-05-11
S104945,85.02,4.95,4.42,2.73,2024-03-10
S104946,83.64,0.72,0.29,27.05,2024-05-24
S104947,85.8%,3.39,2.04,27.76,06/02/2024
S104948,93.85,1.32,1.53,0.0,24/05/2024
S104949,79.5,0.73,0.83,25.9,24/03/2024
S104950,61.51,3.69,1.19,13.33,2024-02-12
S104951,73.93,4.31,1.09,17.96,16/01/2024
S104952,80%,6.62,1.38,5.13,2024-05-18
S104953,98.9%,4.89,0.12,12.74,2024/05/26 12:16:07
S104954,78.96,3.54,0.56,6.73,2024-04-12
S104955,88.58,3.44,1.56,9.48,18/05/2024
S104956,69.42,0.8,0.17,23.56,2024-01-26
S104957,81.14,5.67,0.47,21.99,2024-01-12
S104958,78.29,3.17,3.25,20.74,26/02/2024
S104959,84.69,1.92,1.79,11.23,06/05/2024
S104960,98.3,3.06,1.63,10.17,2024-04-22
S104961,66.99,1.5,0.43,3.45,02/04/2024
S104962,0.6623,3.16,0.17,19.75,2024-01-27
S104963,62.54,4.7,0.98,28.56,2024/05/14 12:17:41
S104964,83.2%,3.2,1.89,25.19,04/04/2024
S104965,0.9411,2.42,0.9,15.21,2024-05-01
S104966,81.74,0.0,5.21,18.45,2024-04-01
S104967,67.4%,3.31,0.03,16.73,2024-03-05
S104968,76.41,2.46,,21.37,2024-04-28
S104969,82.19,4.34,0.11,27.19,2024-04-08
S104970,54.47,0.9,1.89,11.01,2024-03-04
S104971,91.68,3.4,0.93,11.27,2024-04-16
S104972,65.82,2.65,1.99,12.99,2024-05-02
S104973,74.48,1.93,0.79,14.77,23/05/2024
S104974,53.55,3.52,1.12,20.1,2024-03-20
S104975,94.69,2.12,0.15,14.53,23/05/2024
S104976,70.55,1.7,0.2,9.03,2024/02/27 01:11:13
S104977,0.5877,2.15,0.89,9.12,2024-01-21
S104978,80%,1.67,1.15,6.77,2024-02-07
S104979,70.0,5.25,1.67,14.25,2024/02/17 06:09:19
S104980,94.55,3.23,4.67,22.24,2024-05-29
S104981,77.49,0.0,0.78,17.94,17/02/2024
S104982,70.55,3.68,2.07,18.94,2024-04-19
S104983,68.09,3.54,0.54,7.41,06/04/2024
S104984,79.27,0.0,1.96,6.79,2024-03-28
S104985,0.8021,2.14,0.01,16.25,13/02/2024
S104986,81.84,5.18,4.42,23.72,08/05/2024
S104987,91.82,0.0,0.67,20.91,2024-05-23
S104988,66.69,0.23,0.63,10.29,13/02/2024
S104989,71.75,3.44,,31.04,2024-03-15
S104990,100.0,3.8,0.26,0.79,2024-03-02
S104991,76.99,2.52,0.22,15.2,2024-03-02
S104992,0.6848,1.56,0.65,15.72,2024-01-18
S104993,0.6508,2.64,1.2,13.54,15/01/2024
S104994,76.75,2.29,8.0,18.68,2024/02/13 16:38:09
S104995,93.2,5.16,2.68,13.58,01/05/2024
S104996,100.0,3.49,3.08,4.53,26/01/2024
S104997,70.59,2.84,0.56,14.38,15/01/2024
S104998,83.28,4.46,0.69,16.15,04-25-2024
S104999,68.26,2.63,0.15,21.38,2024-05-28
S105000,86.07,1.6,0.27,24.92,15/05/2024
S105001,57.38,3.45,0.04,9.01,2024-01-23
S105002,95%,0.04,0.3,26.71,2024-01-14
S105003,71.26,1.06,1.25,12.0,2024-05-09
S105004,89.98,1.9,2.14,11.43,2024-05-06
S105005,95.02,3.99,1.92,12.12,2024-04-12
S105006,87.79,4.36,4.15,1.34,2024/01/28 07:44:27
S105007,84.0%,3.52,4.06,12.04,2024-02-15
S105008,81.12,3.41,4.92,24.18,10/05/2024
S105009,67.5,3.13,0.42,18.34,02-27-2024
S105010,66.58,4.42,0.25,16.59,2024-01-15
S105011,85.19,4.02,0.49,17.45,17/02/2024
S105012,64.93,4.35,1.13,23.83,2024-02-28
S105013,64.36,2.24,1.05,8.85,2024-01-22
S105014,79.34,3.04,0.57,21.33,03-10-2024
S105015,71.7%,2.49,,15.47,2024-02-13
S105016,79.49,4.03,1.13,9.51,2024-02-25
S105017,0.8431,1.34,1.79,18.25,2024-05-04
S105018,89.7,2.17,0.35,15.59,2024-04-15
S105019,70.21,4.56,5.02,9.35,07/03/2024
S105020,72.16,1.13,1.76,7.51,2024/05/27 19:56:11
S105021,83.24,2.07,1.54,11.96,2024-05-10
S105022,71.47,4.31,0.12,11.42,2024-02-20
S105023,53.67,3.85,5.57,23.55,2024-01-18
S105024,65.56,3.6,3.0,13.5,2024/01/24 12:56:02
S105025,57.76,3.05,0.26,12.39,2024-03-29
S105026,72.08,3.62,0.18,22.9,2024-03-01
S105027,52.0%,1.71,0.75,24.45,26/03/2024
S105028,74.43,4.44,0.35,9.18,2024-03-12
S105029,80.96,3.18,0.43,6.29,2024-01-31
S105030,79.93,2.43,0.25,18.61,2024-04-10
S105031,65.33,0.0,1.68,13.55,2024/01/27 21:23:31
S105032,73.73,1.78,2.53,11.18,2024-03-08
S105033,89.42,5.57,0.08,22.27,2024-04-28
S105034,70.06,3.11,0.38,13.18,13/04/2024
S105035,100.0,1.99,3.61,28.43,2024-02-08
S105036,55.02,3.8,3.5,15.33,03/03/2024
S105037,53.86,5.39,0.13,16.15,2024-02-10
S105038,83.1%,2.64,0.73,30.68,2024-01-19
S105039,77.0%,3.76,2.77,17.17,2024-04-08
S105040,65.69,1.96,1.05,10.06,2024/03/15 07:58:11
S105041,78.13,2.75,4.48,7.86,02/04/2024
S105042,49.98,1.58,0.29,11.77,2024/05/04 02:40:43
S105043,72.88,3.15,1.31,16.65,02-04-2024
S105044,60.11,1.93,0.02,21.38,08/02/2024
S105045,66.3,3.58,2.9,4.47,2024-05-10
S105046,50.19,2.23,5.45,15.02,15/03/2024
S105047,83.2%,4.4,0.35,23.95,2024-04-01
S105048,72%,2.98,0.02,16.84,2024-05-16
S105049,75.2%,4.14,0.03,24.49,03-08-2024
S105050,0.8347,3.03,0.87,4.44,2024-04-19
S105051,32.69,6.92,4.3,13.41,2024-04-30
S105052,83.33,5.76,0.0,15.84,05-27-2024
S105053,78.87,4.46,1.79,18.87,11/04/2024
S105054,68.04,3.73,1.43,9.04,2024-05-09
S105055,85%,1.41,6.48,17.91,2024-03-19
S105056,77.65,2.92,2.6,18.46,2024-04-29
S105057,64.88,3.82,0.53,14.49,21/05/2024
S105058,72%,2.61,3.7,18.29,12/04/2024
S105059,55.76,3.32,4.61,17.21,2024-04-23
S105060,92.19,5.19,1.5,10.39,2024-03-11
S105061,73.88,4.47,1.52,13.89,08/04/2024
S105062,52.29,2.37,0.56,6.26,05-13-2024
S105063,78.39,4.18,0.95,4.53,2024-02-14
S105064,0.9,3.7,2.54,16.78,2024-03-21
S105065,0.8441,4.06,1.41,1.74,24/03/2024
S105066,76.96,3.11,1.75,13.31,2024-04-18
S105067,77%,6.06,0.11,17.89,24/01/2024
S105068,0.5202,1.63,0.63,15.12,2024-01-15
S105069,81.05,4.31,1.43,30.3,2024-04-06
S105070,89.27,1.28,4.04,17.99,02/04/2024
S105071,62.3%,3.15,,13.12,2024-02-29
S105072,77.79,2.44,0.49,19.26,15/05/2024
S105073,60.46,1.71,0.23,5.81,2024-04-30
S105074,100.0,4.42,0.71,22.0,2024-03-03
S105075,71.43,3.03,0.27,11.47,2024-04-03
S105076,72.55,3.81,1.02,22.75,2024/05/14 15:21:21
S105077,89%,2.0,0.32,17.8,05-12-2024
S105078,93.13,1.71,2.6,19.38,2024-05-12
S105079,61.19,2.33,1.48,11.12,2024-03-01
S105080,74.9%,2.15,2.57,6.99,2024-03-05
S105081,50.14,2.79,1.48,6.86,05/03/2024
S105082,77.82,2.33,0.09,2.99,02-07-2024
S105083,59.56,3.12,0.24,12.32,07/05/2024
S105084,77.28,3.64,1.73,10.89,16/02/2024
S105085,65.17,2.57,,22.08,16/01/2024
S105086,46.0,4.53,1.34,7.76,2024-05-05
S105087,83.17,2.19,0.86,30.36,02-18-2024
S105088,68.77,3.03,0.33,7.99,2024-04-27
S105089,90.61,2.29,1.07,8.65,2024-02-17
S105090,69.3,1.03,2.2,4.64,15/02/2024
S105091,74.54,3.77,4.3,15.07,2024/03/14 05:37:21
S105092,84%,2.12,3.2,12.75,2024-03-11
S105093,66.83,3.3,2.02,14.24,2024-04-01
S105094,66.34,0.96,4.4,17.85,2024-04-16
S105095,100%,1.51,1.84,21.88,2024-02-01
S105096,80.29,5.4,1.58,6.81,24/01/2024
S105097,81.58,1.81,2.75,15.14,11/02/2024
S105098,68.91,0.38,0.72,20.99,2024/01/26 08:47:50
S105099,78.39,3.96,4.16,7.34,05/05/2024
S105100,77.56,2.23,1.56,34.35,2024-02-06
S105101,69.05,3.89,0.38,31.39,2024-04-19
S105102,81.53,2.42,0.53,14.47,08/02/2024
S105103,75.78,3.06,2.45,7.25,23/02/2024
S105104,84.68,2.58,0.32,8.15,2024-03-16
S105105,86.6,5.5,1.23,16.64,2024-03-04
S105106,73.28,3.15,0.24,19.48,2024-05-06
S105107,75.3,4.28,1.53,2.1,2024-04-02
S105108,68.93,3.15,1.08,8.38,2024-03-20
S105109,72.53,2.16,0.91,15.99,2024-03-15
S105110,72.94,3.08,1.81,5.17,2024-03-01
S105111,77.34,1.4,0.98,12.92,2024-02-07
S105112,81.81,1.33,0.78,18.02,02/03/2024
S105113,80.7%,0.98,4.26,13.87,2024-03-13
S105114,0.6196,3.82,3.99,9.86,2024-03-19
S105115,62.5,2.87,2.33,15.61,11/05/2024
S105116,67.52,1.46,0.29,18.55,2024-03-20
S105117,91.43,2.5,0.93,8.55,2024-05-26
S105118,81.84,3.71,0.02,17.41,2024-05-28
S105119,80.67,4.98,0.47,17.27,2024-01-26
S105120,0.8641,4.29,5.23,18.63,2024-02-23
S105121,62.94,2.28,0.69,16.84,2024-02-07
S105122,66.51,3.02,1.01,15.91,2024-04-14
S105123,91.66,0.6,1.38,13.91,2024-05-16
S105124,76.57,2.52,4.72,12.91,03/05/2024
S105125,82.21,4.88,0.38,20.06,25/02/2024
S105126,83.6,2.55,1.39,14.33,2024-04-29
S105127,88.45,3.69,0.95,18.75,2024-04-10
S105128,76.4%,3.81,1.39,18.64,2024-03-05
S105129,78.59,3.79,0.57,8.42,09/02/2024
S105130,98.2%,5.04,0.32,12.77,2024-03-03
S105131,75.16,1.38,0.27,14.63,2024-02-27
S105132,91%,2.06,1.75,15.63,04/02/2024
S105133,65%,5.25,1.09,18.0,2024-02-10
S105134,74.4%,3.54,0.38,16.25,2024-05-25
S105135,82.25,0.62,0.4,15.29,2024-01-31
S105136,0.9609,3.35,2.07,11.95,22/02/2024
S105137,84.14,3.07,0.73,22.4,2024-01-17
S105138,76.05,3.75,0.66,17.43,2024-02-27
S105139,80.12,2.32,1.05,14.22,05-16-2024
S105140,100.0,2.03,0.07,12.27,2024-02-29
S105141,76.71,2.49,1.49,16.96,2024-02-27
S105142,64.3,4.29,3.06,15.21,03/05/2024
S105143,90.19,5.13,1.2,4.33,2024-02-13
S105144,74.39,1.89,3.08,8.07,2024-05-17
S105145,78.85,1.79,2.48,24.13,03/05/2024
S105146,78.01,1.44,4.8,17.59,2024-02-09
S105147,57.03,3.53,2.51,10.52,2024-03-22
S105148,73.16,3.2,3.41,12.39,05-12-2024
S105149,69.49,2.52,0.62,8.97,2024-01-12
S105150,78.99,2.56,1.14,11.33,2024-01-27
S105151,67.38,2.7,0.34,22.17,2024-05-08
S105152,82.18,3.32,0.04,13.73,2024-03-16
S105153,68.26,2.66,0.84,20.83,2024-01-23
S105154,71.02,1.76,4.44,26.39,19/02/2024
S105155,64.88,4.23,2.41,12.23,09/05/2024
S105156,69.99,0.0,0.36,5.93,15/05/2024
S105157,79.72,4.29,0.79,18.03,2024-04-09
S105158,84%,3.06,0.82,9.26,2024-03-06
S105159,94.23,4.78,4.08,15.0,2024-01-22
S105160,0.9059,3.03,3.24,16.18,02-04-2024
S105161,88.77,3.89,4.6,28.0,2024-05-11
S105162,71%,4.38,0.34,17.26,01-19-2024
S105163,89%,4.17,5.01,11.8,2024-04-08
S105164,66.37,4.13,1.67,19.38,2024-02-11
S105165,95.3,2.56,3.34,20.71,2024-01-23
S105166,74.5%,3.83,0.51,23.43,2024-05-16
S105167,82.77,4.9,,8.54,05-11-2024
S105168,0.8466,1.56,1.99,24.04,2024-05-22
S105169,80.07,3.6,2.79,31.0,2024-03-13
S105170,92.17,2.61,0.3,23.88,2024-02-03
S105171,91.21,2.64,0.49,25.15,01/03/2024
S105172,62.6%,3.67,0.41,11.96,2024-05-07
S105173,81.86,2.94,0.42,26.83,20/03/2024
S105174,66.31,2.23,0.18,11.67,05-03-2024
S105175,64.1%,5.76,0.69,14.73,2024-04-15
S105176,90.8,2.97,1.58,11.75,04-26-2024
S105177,82.78,3.37,1.12,10.93,2024-02-10
S105178,51.62,4.67,0.59,14.96,02-12-2024
S105179,80.45,2.47,2.2,6.92,2024-01-25
S105180,88.49,4.44,0.65,10.19,05-02-2024
S105181,75.1,4.17,3.55,8.19,2024-01-18
S105182,77.46,3.59,2.61,25.74,26/05/2024
S105183,100.0,0.6,2.88,26.34,2024/02/15 06:40:29
S105184,75.66,1.99,0.48,32.82,04-20-2024
S105185,83.17,3.33,3.31,14.53,2024-04-18
S105186,43.09,5.38,0.29,15.21,2024-04-14
S105187,76%,1.11,6.62,20.4,31/03/2024
S105188,46.8%,1.23,0.51,6.07,16/05/2024
S105189,79%,2.71,0.16,8.15,2024-03-09
S105190,67.77,4.2,1.44,3.82,13/02/2024
S105191,57.62,0.24,0.83,20.86,2024-05-14
S105192,71.59,0.49,3.82,8.97,2024-01-13
S105193,86.91,3.44,1.05,22.01,2024-05-22
S105194,72.01,3.15,3.51,11.77,2024-04-14
S105195,68.03,2.72,0.29,15.03,2024-02-24
S105196,77.17,2.23,3.91,13.8,16/04/2024
S105197,83.91,3.55,2.41,16.33,2024-05-17
S105198,83.9%,1.01,0.68,11.58,08/05/2024
S105199,61.91,1.26,0.51,22.28,05-06-2024
S105200,82.83,2.68,0.59,13.83,2024-01-19
S105201,78.15,3.91,0.94,17.55,13/02/2024
S105202,72.27,6.06,,15.77,2024-01-30
S105203,60%,4.05,0.89,7.9,2024-02-09
S105204,86.21,0.0,0.82,24.44,15/03/2024
S105205,39.4%,4.44,0.82,10.44,09/02/2024
S105206,73.64,0.49,1.2,20.66,2024/01/10 23:51:56
S105207,72.95,1.26,0.19,20.1,12/03/2024
S105208,70.42,2.78,0.7,4.51,12/03/2024
S105209,92.65,2.52,1.31,13.74,13/05/2024
S105210,87.06,3.97,0.27,19.06,2024-05-21
S105211,75.13,3.6,0.67,12.97,2024-02-07
S105212,67.68,2.19,0.5,14.1,2024-02-26
S105213,78.92,2.59,0.41,16.52,2024-04-28
S105214,59.3%,2.07,0.03,12.37,20/01/2024
S105215,87.6%,1.67,0.92,17.5,2024-05-28
S105216,68%,5.5,0.45,15.3,2024-04-17
S105217,69.22,1.76,,13.62,2024-03-08
S105218,65.5%,2.68,4.7,8.21,22/01/2024
S105219,78.36,2.45,0.96,17.84,06/03/2024
S105220,83%,3.69,5.32,0.0,2024-02-12
S105221,74.68,3.99,1.93,16.84,2024-03-05
S105222,51.4,2.28,3.29,15.1,01-23-2024
S105223,80.43,4.61,0.13,9.31,05-01-2024
S105224,69.33,0.0,5.24,5.27,31/03/2024
S105225,76.9,3.1,1.19,17.93,2024-02-18
S105226,66.01,3.26,0.01,13.27,2024-02-28
S105227,79.19,1.77,0.65,15.97,2024-04-30
S105228,89.7,2.39,0.43,2.14,28/02/2024
S105229,67.9,3.49,3.66,18.34,31/01/2024
S105230,100.0,2.65,2.76,21.58,12/04/2024
S105231,78.3%,3.38,4.14,13.93,2024-02-19
S105232,69%,4.31,1.12,8.72,2024-05-23
S105233,79.2%,2.06,2.9,18.04,26/02/2024
S105234,54.48,3.89,2.94,13.01,2024-02-26
S105235,55.37,4.88,0.1,21.04,2024-03-18
S105236,62%,0.47,7.27,15.15,2024-04-03
S105237,87.78,2.81,8.0,0.0,01/05/2024
S105238,73.12,1.08,0.49,0.0,21/01/2024
S105239,77%,3.28,1.78,10.03,2024-04-26
S105240,60.62,5.33,0.67,18.17,2024-04-08
S105241,61.85,2.85,0.33,11.55,26/03/2024
S105242,94.09,4.82,1.44,18.44,2024/01/27 17:22:17
S105243,100.0,3.76,2.07,10.37,04-07-2024
S105244,76.16,2.6,0.64,29.44,2024-03-08
S105245,100.0,3.64,,13.68,2024-02-07
S105246,90%,1.58,5.99,16.88,2024-03-12
S105247,0.7386,4.73,0.46,8.29,2024-03-25
S105248,70.54,5.0,1.53,12.07,2024-02-26
S105249,43.95,1.3,0.39,18.46,15/05/2024
S105250,75.18,2.71,0.17,14.68,2024-05-19
S105251,72.37,2.84,3.34,0.0,2024-05-01
S105252,88.87,1.14,1.33,18.49,19/01/2024
S105253,74.03,3.2,1.55,19.26,15/05/2024
S105254,85%,1.54,0.69,20.12,22/02/2024
S105255,94.52,2.54,0.53,22.7,03-11-2024
S105256,87.3,3.06,0.21,16.27,2024-04-19
S105257,68.34,4.54,0.42,31.77,07/02/2024
S105258,92.0%,1.82,1.04,16.64,2024-05-29
S105259,77.75,5.7,3.37,0.0,2024-01-19
S105260,80.3,2.57,1.81,16.57,2024-03-21
S105261,76.6%,5.72,0.41,22.85,2024-03-30
S105262,77.51,3.17,8.0,5.36,2024-03-20
S105263,68.82,6.2,,13.11,2024-05-04
S105264,69.0,2.38,1.89,23.49,01/03/2024
S105265,84.71,3.9,3.02,11.05,2024-05-08
S105266,100.0%,7.29,0.9,13.34,2024-03-14
S105267,81.93,0.94,5.3,20.47,09/05/2024
S105268,93.78,5.92,0.45,6.03,2024-03-29
S105269,58.07,3.67,0.11,14.92,2024-05-27
S105270,80.77,2.11,0.38,8.2,2024-04-10
S105271,62.65,2.42,1.78,13.12,2024-01-19
S105272,71.56,5.19,1.51,16.66,2024-02-11
S105273,75.43,4.81,1.03,22.42,21/05/2024
S105274,64.28,4.55,5.44,17.19,01-23-2024
S105275,56.0%,3.73,0.88,11.04,20/01/2024
S105276,88.9%,3.88,1.9,23.38,2024-02-10
S105277,65.96,5.21,1.08,19.31,2024-04-01
S105278,0.5925,0.03,3.06,1.41,2024-01-18
S105279,73.33,2.5,0.38,20.87,2024-04-21
S105280,67.5%,4.18,0.77,15.45,2024-02-14
S105281,91.07,2.47,0.3,14.77,2024-01-25
S105282,66.84,5.27,3.55,23.33,05/05/2024
S105283,56.18,4.07,0.0,13.57,2024-02-25
S105284,77.41,3.96,0.89,21.26,05-17-2024
S105285,74.0%,4.14,1.98,23.94,21/02/2024
S105286,68.21,1.52,1.5,15.44,2024/02/03 14:14:35
S105287,0.6392,2.25,1.73,18.13,2024/01/19 11:53:16
S105288,80.07,2.82,4.21,19.86,21/04/2024
S105289,65.15,1.48,0.33,18.24,2024-04-10
S105290,60.8,4.86,2.12,21.23,2024-03-10
S105291,72.14,4.16,0.51,7.69,2024-05-12
S105292,69.21,4.61,1.52,10.51,2024-05-03
S105293,0.9375,2.75,3.94,6.18,2024-04-01
S105294,51.4,3.37,0.7,26.8,17/03/2024
S105295,79.17,3.08,1.77,3.27,2024-05-20
S105296,80%,2.58,0.23,24.25,12/01/2024
S105297,56.8%,2.09,,18.31,2024-01-17
S105298,78.51,2.58,2.46,8.87,19/03/2024
S105299,92.0,3.68,3.62,6.1,2024-04-14
S105300,50.71,3.7,0.34,14.73,2024-01-10
S105301,83.59,0.38,0.45,13.43,2024-03-12
S105302,72.4%,4.06,5.83,17.77,2024-02-01
S105303,67.6,2.35,5.93,0.0,2024-04-07
S105304,76.92,1.94,,13.68,05-21-2024
S105305,74%,4.96,0.71,8.86,2024-03-28
S105306,83.38,2.21,0.95,23.94,2024-05-25
S105307,80.97,2.04,0.78,17.87,2024-01-19
S105308,74.77,1.61,0.59,11.45,13/04/2024
S105309,80.85,0.58,4.59,24.95,2024-05-12
S105310,86.2,1.42,4.25,11.95,2024-02-15
S105311,82.55,0.06,0.2,14.27,2024-01-24
S105312,69.72,4.91,0.67,16.89,2024/05/29 14:22:51
S105313,95.11,2.22,3.93,21.36,2024-01-31
S105314,75.96,2.15,0.9,15.08,2024-05-25
S105315,70%,1.6,3.17,24.94,09/02/2024
S105316,65.14,3.35,2.97,12.19,01/04/2024
S105317,79.87,1.83,1.11,8.13,02-12-2024
S105318,67.64,6.24,2.1,26.15,2024-04-22
S105319,85.61,3.15,0.43,12.81,2024-02-10
S105320,87.16,1.86,1.03,19.15,2024-05-05
S105321,93.6,6.89,2.91,20.38,2024-02-29
S105322,64.8%,1.68,3.68,29.58,2024/02/10 04:00:29
S105323,81.69,5.91,2.77,12.92,2024-01-30
S105324,80.22,3.56,2.2,18.69,2024-03-24
S105325,94.2%,1.88,1.42,9.52,2024-01-24
S105326,0.6746,4.81,2.08,11.63,2024/03/19 10:14:19
S105327,62.33,6.29,6.57,9.7,2024-03-22
S105328,77.29,1.18,3.64,20.93,2024-01-15
S105329,81.05,3.19,0.14,21.44,2024-01-24
S105330,67.76,3.62,3.67,17.58,2024-03-26
S105331,85.29,3.64,1.81,9.57,10/01/2024
S105332,0.7804,1.33,0.44,10.44,11/03/2024
S105333,100.0,1.42,0.84,10.09,2024-04-15
S105334,63.17,1.94,,17.5,02-18-2024
S105335,0.7112,2.15,2.18,3.93,07/05/2024
S105336,100.0,4.53,0.34,12.22,26/01/2024
S105337,85.43,2.75,0.22,5.63,11/05/2024
S105338,64.54,1.37,0.43,18.54,01/02/2024
S105339,66.3,2.17,0.17,8.06,2024-03-06
S105340,78.87,3.93,1.7,28.71,2024-05-23
S105341,0.7702,2.27,2.52,22.32,2024-05-07
S105342,96%,2.19,4.47,14.38,2024-04-24
S105343,63.06,5.08,1.47,17.89,2024-02-04
S105344,76.87,4.15,4.35,18.28,04-08-2024
S105345,89.0,4.25,3.38,8.28,2024-02-06
S105346,66%,1.79,2.51,23.67,07/02/2024
S105347,87.63,3.49,1.96,14.33,2024-01-17
S105348,56.52,2.4,5.63,9.62,2024/01/27 14:27:09
S105349,51.2,2.42,4.11,18.79,2024-03-12
S105350,83.22,3.02,0.49,7.14,2024-04-06
S105351,76.77,2.13,0.06,19.59,2024-04-02
S105352,85.1,3.95,2.79,17.4,2024-02-14
S105353,88.47,3.62,2.68,10.45,31/03/2024
S105354,58%,4.29,1.36,21.7,28/03/2024
S105355,69.92,2.04,1.99,19.94,01-26-2024
S105356,80.01,5.56,0.1,12.75,2024-03-05
S105357,86.05,3.73,2.01,18.77,2024-01-31
S105358,84.97,4.73,1.22,5.67,25/03/2024
S105359,84.69,2.69,1.12,18.44,04-29-2024
S105360,85.26,2.82,0.14,4.79,2024/03/25 20:00:23
S105361,97%,0.0,1.01,15.9,29/02/2024
S105362,78.88,0.0,0.43,19.82,2024-04-16
S105363,70.37,3.24,4.69,17.37,2024-03-20
S105364,81%,3.33,1.13,25.87,2024-03-09
S105365,75.73,3.54,0.01,9.45,2024-03-31
S105366,60.31,3.34,1.24,17.86,2024-05-12
S105367,38.95,4.0,0.89,0.07,2024-02-21
S105368,74.79,2.61,8.0,11.41,2024-01-20
S105369,72%,1.73,3.51,12.88,19/04/2024
S105370,0.953,0.91,2.58,25.97,2024-04-24
S105371,54.23,1.57,4.13,14.83,2024-02-01
S105372,65.37,4.94,3.68,21.39,26/05/2024
S105373,64.32,3.75,0.17,8.67,07/02/2024
S105374,94.3%,5.71,1.84,12.67,2024-03-03
S105375,82.7%,4.27,0.02,9.14,2024-02-12
S105376,73.08,2.48,0.45,8.04,2024-05-01
S105377,86.02,0.82,1.12,8.52,18/02/2024
S105378,95.27,3.44,2.5,10.7,2024-01-23
S105379,53.25,1.86,1.01,29.3,2024-01-24
S105380,82.29,2.81,5.15,14.59,24/02/2024
S105381,96.1%,2.89,0.02,5.53,2024-02-11
S105382,86.17,2.65,2.18,11.33,16/04/2024
S105383,87.66,3.61,2.82,22.12,01/03/2024
S105384,85%,1.71,0.16,10.09,2024-01-23
S105385,78.44,2.23,2.0,25.41,2024-05-18
S105386,56.11,4.97,0.97,22.21,2024-04-17
S105387,79.53,3.67,1.6,13.64,2024-03-22
S105388,74.76,3.02,0.44,10.41,2024-02-07
S105389,58.56,1.67,2.53,8.34,2024/03/10 10:48:47
S105390,67.13,0.17,0.03,16.35,2024-03-16
S105391,76.17,3.27,0.2,17.9,2024-01-23
S105392,62%,3.25,1.1,24.38,2024-05-14
S105393,88.6,4.92,0.65,17.5,2024-03-28
S105394,81%,2.4,1.69,12.53,2024-01-19
S105395,80.62,2.5,1.0,24.62,2024-02-08
S105396,64.93,2.89,1.06,20.73,2024-04-24
S105397,69.2%,2.9,0.88,10.19,2024-04-28
S105398,62.12,3.65,0.33,14.42,2024-05-09
S105399,72.49,0.0,0.43,19.62,2024-01-19
S105400,69.7%,2.61,2.8,17.13,2024-04-24
S105401,88.2,2.4,0.94,7.95,11/04/2024
S105402,63.32,3.15,,16.23,2024-01-14
S105403,77.17,4.6,0.89,10.27,20/04/2024
S105404,94.5%,1.27,1.29,15.44,2024-04-15
S105405,0.7461,1.88,3.01,5.9,2024-04-14
S105406,82.88,3.63,3.75,8.76,2024-03-01
S105407,79.58,3.13,0.45,29.69,2024-02-17
S105408,100.0,4.37,4.95,12.02,2024-03-20
S105409,85.1%,2.79,0.69,22.79,01/05/2024
S105410,100.0,2.54,1.18,14.12,01-28-2024
S105411,0.5797,1.71,0.28,6.58,2024-03-24
S105412,69.49,1.7,0.23,7.44,01-30-2024
S105413,88.28,0.0,2.01,9.45,02-01-2024
S105414,72.76,4.57,0.24,30.02,17/04/2024
S105415,59.62,2.46,0.43,13.38,2024-05-20
S105416,87.28,3.02,3.63,16.27,23/02/2024
S105417,79.54,1.29,0.11,19.77,2024-01-10
S105418,86.26,2.62,1.36,18.53,2024-01-23
S105419,0.6801,1.82,0.86,21.05,01/05/2024
S105420,96.71,7.31,1.65,11.32,02-21-2024
S105421,85.78,3.09,2.07,6.71,2024-03-10
S105422,83.19,3.62,1.79,8.39,2024-01-22
S105423,100%,2.52,1.6,4.28,2024-04-29
S105424,60.67,5.19,0.5,11.36,2024-01-16
S105425,68.43,0.91,1.8,0.0,2024-04-04
S105426,41.57,3.35,1.83,20.07,2024-03-11
S105427,92.6%,0.91,1.94,19.0,17/02/2024
S105428,96.7,1.75,0.2,8.17,2024-03-03
S105429,67.1%,3.1,2.45,5.36,2024-02-02
S105430,91.5%,3.63,2.9,25.7,2024-04-17
S105431,66.7%,2.82,2.47,21.77,11/02/2024
S105432,93.54,1.64,0.93,13.2,28/04/2024
S105433,83.36,4.97,6.38,10.27,28/04/2024
S105434,54.26,2.12,1.54,15.27,2024/02/26 17:13:55
S105435,80.67,3.83,0.29,4.91,2024-03-30
S105436,64.9%,2.78,2.12,17.05,2024-05-27
S105437,85.78,4.89,0.44,6.59,2024-04-01
S105438,0.7663,2.8,0.04,0.0,04-21-2024
S105439,58.8%,3.93,2.89,9.3,2024-02-25
S105440,99.12,1.27,4.69,7.89,03/05/2024
S105441,70.13,4.38,5.42,27.65,2024-03-08
S105442,95.46,4.65,0.8,26.72,2024-03-07
S105443,72.51,4.05,3.16,7.19,01-13-2024
S105444,67.88,1.97,0.06,14.3,2024-03-28
S105445,71.33,2.13,1.78,10.41,08/02/2024
S105446,75%,1.53,1.17,27.86,2024-04-03
S105447,92%,2.67,0.12,2.26,03/02/2024
S105448,74%,4.37,3.68,18.26,2024-02-10
S105449,65.2,4.62,0.11,23.95,02-14-2024
S105450,92.75,5.92,0.79,11.18,2024-02-01
S105451,75.57,0.95,0.56,15.17,2024-01-18
S105452,77.03,2.97,2.09,22.37,2024-04-16
S105453,73.08,5.69,3.29,7.25,2024-02-05
S105454,77.04,2.71,4.54,19.46,2024-04-24
S105455,54.59,4.9,0.85,4.16,2024-04-25
S105456,75.04,2.13,0.64,3.83,2024-04-22
S105457,58.28,3.09,1.8,20.95,2024-02-17
S105458,70.65,1.89,3.19,8.23,2024/05/25 12:05:04
S105459,84.1,4.19,5.4,16.26,2024-04-12
S105460,86.95,4.0,2.93,6.75,2024-02-22
S105461,76.96,5.26,,16.96,2024-04-30
S105462,77.06,4.59,0.07,3.39,2024-05-09
S105463,78.06,4.6,0.56,24.07,2024-04-15
S105464,64.33,0.92,1.33,20.69,01/02/2024
S105465,84.2,1.5,2.01,10.79,2024/03/16 04:09:32
S105466,65.64,2.84,1.88,1.96,04/04/2024
S105467,49%,4.85,0.17,13.57,2024-03-17
S105468,86.26,1.84,0.15,12.49,2024-05-24
S105469,65%,0.18,8.0,11.19,2024-05-24
S105470,81.61,2.6,0.19,22.35,05-19-2024
S105471,53.59,2.65,2.9,23.49,21/04/2024
S105472,76.52,4.11,1.39,17.99,08/04/2024
S105473,53.11,0.0,0.15,25.43,2024-05-05
S105474,82.72,4.46,1.19,0.0,26/05/2024
S105475,100.0,1.89,2.15,12.87,20/03/2024
S105476,71.52,0.24,1.62,12.54,2024-02-02
S105477,75.74,3.41,0.53,20.89,26/02/2024
S105478,76.3,6.04,1.78,12.77,2024-05-18
S105479,88.72,3.86,3.86,18.89,05-17-2024
S105480,68.46,3.26,3.11,11.63,21/03/2024
S105481,57.83,4.25,1.2,10.28,2024-04-19
S105482,83.81,2.39,0.72,20.61,04-03-2024
S105483,66.19,3.32,1.41,14.99,03/05/2024
S105484,55.54,0.44,0.7,17.15,2024-04-06
S105485,88.4,3.43,1.04,6.32,25/04/2024
S105486,63.55,3.0,3.21,19.74,2024-03-19
S105487,67.11,3.63,1.14,7.46,2024-01-12
S105488,79.9,0.63,,26.99,2024-01-17
S105489,87.62,2.97,0.07,13.2,2024-02-17
S105490,69.7,1.32,2.97,12.1,02-01-2024
S105491,64.5%,1.8,0.5,21.25,2024-02-11
S105492,86.0%,1.46,1.52,14.64,25/01/2024
S105493,69.72,0.0,0.7,20.02,2024-01-11
S105494,67.98,3.47,0.21,12.91,2024-02-15
S105495,83.88,3.1,0.07,19.99,2024-05-13
S105496,88%,1.47,2.98,14.46,12/04/2024
S105497,77.23,2.71,6.34,21.07,26/04/2024
S105498,86.18,4.4,2.93,23.06,2024-04-25
S105499,70.42,3.41,0.35,3.91,05-04-2024
S105500,64.82,3.02,6.29,17.5,2024-03-17
S105501,84.53,1.29,1.03,27.81,15/04/2024
S105502,63.91,3.78,3.03,19.32,12/01/2024
S105503,87.5%,0.92,0.1,32.07,2024-05-10
S105504,65.82,1.59,,8.5,04-15-2024
S105505,71.61,2.13,0.03,16.81,2024-02-01
S105506,83.3,2.89,0.27,18.41,22/01/2024
S105507,88.0%,5.66,0.31,11.31,18/02/2024
S105508,81.82,5.46,2.44,6.35,2024-02-18
S105509,100.0,3.31,1.51,30.19,2024-02-22
S105510,84.35,3.01,0.53,22.86,2024/04/08 08:55:20
S105511,88.68,1.81,0.42,18.91,2024-02-08
S105512,79.56,2.45,1.92,15.34,03-19-2024
S105513,77.55,2.57,0.1,15.98,2024-02-25
S105514,63.9,2.69,0.58,19.4,15/03/2024
S105515,100.0,3.08,3.86,25.1,2024-01-22
S105516,88.93,4.35,0.06,10.05,2024-02-24
S105517,71.6%,2.79,0.96,15.74,2024-03-28
S105518,75.35,4.88,0.07,12.41,2024/02/07 10:11:30
S105519,76%,3.84,0.94,7.6,2024-01-23
S105520,58.88,4.31,1.36,10.7,2024-02-02
S105521,61.78,1.4,0.34,16.51,2024-05-13
S105522,70.34,1.79,1.38,12.9,30/04/2024
S105523,59%,3.14,1.38,15.19,2024-01-28
S105524,71.4,1.14,0.31,20.07,2024-03-22
S105525,81%,1.62,1.4,23.09,2024-04-02
S105526,62.52,0.69,0.51,33.58,2024-03-28
S105527,78.97,6.49,6.07,20.4,2024-03-04
S105528,58%,3.65,0.59,10.68,2024-02-12
S105529,0.5824,1.93,1.8,22.72,2024-05-06
S105530,62.97,2.33,0.91,12.77,2024-05-17
S105531,81.57,4.07,2.24,10.11,2024-05-12
S105532,77.87,3.4,0.88,19.36,2024-05-13
S105533,68.25,0.21,1.13,24.9,01-11-2024
S105534,85.8%,4.72,1.93,10.76,11/02/2024
S105535,0.6071,3.23,0.33,17.21,2024-05-12
S105536,83.51,3.61,0.46,18.19,11/03/2024
S105537,100.0,2.01,2.27,8.36,2024-04-21
S105538,66.89,2.06,0.12,4.98,2024-02-11
S105539,85.71,2.44,0.13,5.18,08/05/2024
S105540,76%,3.36,0.87,23.95,2024-05-22
S105541,81.93,3.17,0.08,11.75,2024-04-04
S105542,92.87,1.18,1.51,10.59,02-21-2024
S105543,76.38,4.85,0.8,17.23,2024-03-13
S105544,58.02,7.3,2.79,24.11,2024-05-09
S105545,51.5%,2.07,1.49,6.85,04-04-2024
S105546,88.0,4.56,1.21,1.78,05-15-2024
S105547,69.83,2.6,0.42,25.33,2024-01-24
S105548,70.6,2.56,3.31,18.6,2024-04-11
S105549,0.6816,4.87,1.12,7.49,2024-05-19
S105550,64.43,6.36,0.35,11.93,05-02-2024
S105551,63.04,2.8,0.99,7.98,2024-02-03
S105552,91.99,2.36,1.57,19.48,2024-01-30
S105553,70.3%,3.1,5.22,22.16,2024-03-20
S105554,59.12,2.51,2.95,19.68,03/03/2024
S105555,75.05,2.84,4.19,16.16,09/04/2024
S105556,63.31,1.41,0.28,17.65,2024-04-08
S105557,81%,5.22,0.14,9.81,01-20-2024
S105558,73.09,2.14,1.21,11.89,2024-05-02
S105559,94%,2.1,3.61,15.04,02-16-2024
S105560,75.36,1.9,1.01,13.06,24/01/2024
S105561,98.26,4.1,0.27,15.0,03/03/2024
S105562,73.5,0.64,0.16,3.68,19/04/2024
S105563,79.56,0.58,3.26,21.17,2024-04-04
S105564,89.29,0.7,6.0,7.5,2024-01-10
S105565,82%,2.41,0.72,0.24,18/03/2024
S105566,100.0,4.27,8.0,9.99,2024-05-11
S105567,75.85,0.61,0.01,13.49,2024-04-26
S105568,89.58,2.01,0.56,29.12,2024-03-11
S105569,73.84,3.85,0.66,11.58,24/02/2024
S105570,78.71,5.16,0.8,16.47,29/04/2024
S105571,60%,5.33,,17.24,2024-04-12
S105572,81.4,1.84,0.59,4.4,2024-04-14
S105573,66.68,5.86,4.89,14.26,2024-05-29
S105574,87.52,4.0,0.99,13.15,2024-03-23
S105575,60.74,2.87,0.38,15.59,08/05/2024
S105576,76.35,3.4,2.83,17.96,2024-05-27
S105577,67.66,2.45,3.31,20.96,2024-05-17
S105578,77.66,3.09,6.27,9.0,2024-05-23
S105579,82.04,3.81,2.18,18.38,2024-04-17
S105580,82.13,2.93,0.25,9.9,2024-01-20
S105581,81.4,0.33,1.08,8.63,2024/01/16 09:04:16
S105582,100%,4.13,2.14,27.27,18/01/2024
S105583,67.03,1.43,0.33,2.31,2024-03-06
S105584,93.71,3.92,0.81,11.38,2024-03-05
S105585,97.82,4.07,4.91,16.56,2024-03-23
S105586,87.61,4.0,0.23,10.8,29/01/2024
S105587,68.61,0.46,2.09,16.05,04-13-2024
S105588,64.42,4.47,3.21,5.6,2024-02-10
S105589,73.14,4.35,0.14,2.08,2024-02-14
S105590,54.04,2.09,2.37,8.88,2024-05-04
S105591,88.18,2.14,3.23,16.06,2024-02-03
S105592,64.57,3.1,0.46,13.8,2024-04-26
S105593,87.36,1.65,0.19,19.45,2024-04-23
S105594,67.58,3.05,,5.03,2024/02/24 08:35:23
S105595,0.7939,3.79,0.71,10.97,06/03/2024
S105596,71.12,1.63,0.5,14.5,05-19-2024
S105597,87.0,1.7,1.04,8.22,2024-04-22
S105598,72.84,3.09,0.31,15.97,08/04/2024
S105599,84.7,1.53,1.57,13.03,02-19-2024
S105600,73.53,2.61,0.77,18.41,2024-03-11
S105601,73.65,3.99,0.78,17.02,02-18-2024
S105602,59%,5.39,0.22,2.03,2024-04-24
S105603,80.54,3.59,2.94,25.31,2024/01/26 20:07:14
S105604,66.53,1.02,0.13,0.0,2024-02-14
S105605,90.08,3.02,3.26,4.14,2024-05-13
S105606,70.4,2.97,2.27,14.48,2024-04-15
S105607,68.07,4.36,2.62,17.07,2024-04-28
S105608,80.41,0.31,1.82,13.02,02-22-2024
S105609,96.77,1.21,3.81,11.21,2024-05-15
S105610,85.99,4.61,3.08,14.42,03/05/2024
S105611,0.6032,4.08,4.17,18.69,04-24-2024
S105612,89%,5.09,0.66,6.97,03-02-2024
S105613,78.62,3.31,0.46,7.2,05-11-2024
S105614,65.6%,4.26,3.34,8.94,2024/05/17 03:23:50
S105615,0.99,4.92,0.38,24.24,2024-05-18
S105616,75.8%,3.11,5.16,17.61,2024/01/19 22:27:14
S105617,65.8%,2.28,6.54,19.01,2024-03-08
S105618,0.869,2.71,1.77,26.14,2024-02-20
S105619,85.18,1.48,0.85,20.51,2024-04-27
S105620,54.37,4.58,0.52,16.1,15/05/2024
S105621,76.24,5.5,0.47,25.91,2024-05-08
S105622,100.0,1.51,4.26,8.2,2024-03-22
S105623,65.42,4.14,0.12,13.14,17/03/2024
S105624,67.37,5.69,0.93,23.09,2024-05-12
S105625,96%,3.56,2.97,0.0,2024-03-07
S105626,54.14,3.59,1.55,9.42,2024-05-13
S105627,62.12,2.0,3.52,20.53,2024-05-27
S105628,75.56,3.54,1.39,15.75,2024-05-07
S105629,71.47,3.62,,18.6,2024-02-05
S105630,79.59,4.65,0.87,1.59,2024/04/02 12:59:47
S105631,0.5572,4.87,1.01,9.11,05-10-2024
S105632,76%,4.87,3.47,19.54,2024-04-07
S105633,69.6%,3.39,0.75,8.69,2024-02-26
S105634,61.0%,2.15,0.46,20.77,01-10-2024
S105635,0.5998,0.77,3.61,17.01,2024-02-09
S105636,75.83,3.79,0.0,6.8,29/05/2024
S105637,71.19,2.78,3.89,17.42,2024-02-28
S105638,67.78,0.09,0.34,20.24,10/01/2024
S105639,48.42,3.09,2.29,17.53,2024-02-29
S105640,80.66,2.22,2.23,18.76,06/05/2024
S105641,76.65,2.47,1.84,2.9,03-16-2024
S105642,71.8,2.16,1.49,30.79,2024-05-07
S105643,65.89,2.66,2.68,34.75,2024-01-23
S105644,80.64,1.45,0.51,25.0,2024-02-06
S105645,66.85,2.93,1.7,15.81,01-15-2024
S105646,45.5%,2.9,1.3,12.17,03-27-2024
S105647,68.61,2.73,1.29,12.31,2024-03-20
S105648,50.69,4.71,4.92,20.49,02/05/2024
S105649,76.76,1.76,3.28,22.48,05-13-2024
S105650,73.73,0.0,1.01,10.45,2024-02-04
S105651,77.42,4.38,0.13,14.85,30/03/2024
S105652,67.36,3.55,0.63,23.8,2024-03-14
S105653,79.16,1.84,3.62,14.28,2024-04-29
S105654,80.05,2.37,2.4,15.78,02-23-2024
S105655,75.35,6.3,0.58,24.64,2024-01-13
S105656,79.54,1.46,3.33,23.51,2024-02-18
S105657,57.81,4.36,0.2,20.63,03-04-2024
S105658,66%,5.3,0.14,7.52,2024-03-23
S105659,67.48,3.36,7.46,7.6,2024-03-07
S105660,86.26,2.14,2.95,9.85,2024-04-20
S105661,77.79,0.44,0.44,11.35,2024-03-30
S105662,83.07,5.99,1.43,16.51,2024-04-25
S105663,78.84,4.43,0.62,14.35,09/04/2024
S105664,85.09,0.0,0.95,13.87,2024-05-14
S105665,71.54,2.93,1.36,13.19,05/02/2024
S105666,100.0%,2.41,0.14,8.86,2024-04-06
S105667,84.18,3.96,1.85,11.77,2024-01-27
S105668,81.18,3.46,4.8,32.03,2024-01-11
S105669,62%,1.41,1.38,19.89,2024-04-06
S105670,88.59,1.66,0.72,15.14,04-16-2024
S105671,66.4,3.7,0.36,4.5,2024-05-12
S105672,81.86,2.52,0.89,8.07,2024-01-14
S105673,100.0,3.93,0.9,14.7,17/01/2024
S105674,47.85,3.42,1.75,24.52,03-08-2024
S105675,79.58,3.28,0.81,16.6,2024-01-19
S105676,0.7132,3.58,0.1,16.51,2024-01-30
S105677,71.02,2.99,0.35,22.77,2024-01-16
S105678,78.57,1.15,0.41,8.2,2024-02-01
S105679,84.4,5.58,2.29,24.84,2024-01-22
S105680,88.48,5.15,0.48,12.32,13/02/2024
S105681,80.83,3.85,3.71,23.11,29/04/2024
S105682,67.28,4.41,0.19,26.69,2024-02-26
S105683,77.22,0.0,0.19,8.65,28/02/2024
S105684,67.5%,2.47,2.79,15.0,2024-04-28
S105685,71.07,4.33,,20.52,04-25-2024
S105686,75%,2.86,0.23,12.99,02-08-2024
S105687,72.64,0.3,1.67,13.19,2024-05-08
S105688,100.0,2.78,2.68,12.21,2024-04-30
S105689,61.27,0.91,,1.98,2024/02/13 16:47:55
S105690,81.74,2.73,1.03,22.4,06/03/2024
S105691,0.8099,2.48,3.18,7.93,2024-05-16
S105692,89.02,1.95,1.66,0.0,2024-05-12
S105693,93.04,4.72,0.6,22.33,2024-03-21
S105694,80.08,2.37,0.06,18.39,2024-04-10
S105695,58.98,3.13,0.46,5.77,2024-02-18
S105696,85.9,5.58,2.05,22.6,15/03/2024
S105697,49.86,3.24,1.3,19.66,2024-01-22
S105698,78.32,4.35,0.77,15.0,2024-04-04
S105699,64%,1.68,1.53,12.55,2024-03-04
S105700,66.23,2.8,4.45,14.14,2024-04-10
S105701,96.19,3.89,3.59,16.45,05/03/2024
S105702,95.5%,4.84,0.15,9.48,05/02/2024
S105703,86%,2.61,3.27,22.83,2024-04-21
S105704,77.75,5.29,0.88,18.89,2024-01-30
S105705,67.75,1.73,1.32,14.05,13/05/2024
S105706,79.34,3.69,0.5,27.2,03-03-2024
S105707,95.28,1.68,8.0,12.89,2024-04-10
S105708,95.53,3.34,,25.84,2024-02-19
S105709,65.09,5.46,0.6,17.05,21/02/2024
S105710,75.06,3.12,2.27,20.3,2024-01-27
S105711,71.9,2.41,1.04,12.43,2024-01-10
S105712,71.6,5.16,1.67,1.91,2024-01-27
S105713,59.77,0.35,0.0,18.36,2024-02-19
S105714,69.44,3.01,1.63,6.68,04-07-2024
S105715,85.45,4.44,4.44,10.71,09/02/2024
S105716,0.68,4.06,1.32,15.53,2024-02-17
S105717,86.54,4.81,1.04,10.51,2024/02/07 02:08:33
S105718,88%,2.09,0.89,14.78,2024-04-12
S105719,76.01,2.81,0.71,16.4,2024-04-17
S105720,81.56,3.16,1.23,4.68,2024-05-04
S105721,93.6,2.42,1.79,16.92,17/01/2024
S105722,82.66,4.26,1.03,10.65,2024-03-08
S105723,88.35,3.31,4.16,7.52,01-31-2024
S105724,82.44,2.09,4.25,0.99,2024-05-10
S105725,88.4,4.44,0.94,4.12,03/05/2024
S105726,72.0%,5.25,1.58,15.17,27/01/2024
S105727,98.6,2.85,0.16,15.3,02-13-2024
S105728,74.88,2.95,0.21,18.63,2024-02-25
S105729,84.36,2.73,1.64,27.01,17/02/2024
S105730,54.49,4.16,2.07,24.49,2024-02-07
S105731,67.82,2.03,0.02,21.97,09/03/2024
S105732,66.34,2.81,0.36,23.31,19/01/2024
S105733,85.0%,0.0,0.06,16.27,2024-01-11
S105734,42.27,3.93,2.99,16.14,2024-05-20
S105735,68.08,3.18,0.04,25.76,2024-01-17
S105736,84.78,2.25,,16.51,2024-04-27
S105737,82%,5.04,1.13,16.66,09/05/2024
S105738,68.06,4.64,1.16,23.16,02-11-2024
S105739,79.33,3.11,0.46,13.06,12/04/2024
S105740,80.01,3.34,0.8,14.06,2024-02-22
S105741,98.93,2.73,4.74,5.47,2024/02/12 07:11:47
S105742,71%,1.07,0.26,11.76,2024-04-12
S105743,100%,4.19,2.38,12.69,2024-05-05
S105744,76.61,3.04,0.74,13.09,07/04/2024
S105745,79.91,2.38,5.56,20.67,2024-04-14
S105746,56.86,4.26,4.03,7.94,2024/02/21 02:58:18
S105747,73.8,3.35,0.98,25.42,03-02-2024
S105748,65%,4.35,1.98,0.58,04-11-2024
S105749,60.39,2.09,1.23,19.19,2024-03-09
S105750,85.28,4.99,0.65,20.72,2024-03-23
S105751,98.38,2.29,1.47,19.84,29/03/2024
S105752,100.0%,3.21,0.07,22.67,2024-05-04
S105753,72.5%,0.16,0.26,13.52,06/04/2024
S105754,88%,4.7,0.57,23.77,25/02/2024
S105755,61.64,1.11,,10.16,08/03/2024
S105756,73.04,5.13,1.7,10.75,2024-05-14
S105757,98.04,1.47,0.06,29.48,28/05/2024
S105758,80.35,4.49,3.44,16.24,16/02/2024
S105759,58.44,1.25,2.38,21.66,27/02/2024
S105760,76.58,2.43,8.0,18.47,18/03/2024
S105761,97.72,3.17,0.73,20.06,02-07-2024
S105762,84.34,1.09,2.14,0.96,2024-02-16
S105763,75.86,5.45,0.6,17.63,03-12-2024
S105764,64.09,3.82,1.18,15.11,2024-02-23
S105765,76.71,2.15,2.61,21.81,2024-05-19
S105766,79.05,3.14,1.37,9.43,04-30-2024
S105767,73.76,5.24,1.66,23.35,24/04/2024
S105768,58.4,3.84,1.78,6.56,2024-01-29
S105769,75.0,0.78,0.84,11.84,2024-04-04
S105770,79.25,2.61,0.34,3.95,03-28-2024
S105771,79.9%,5.72,4.98,7.44,2024-01-10
S105772,75.54,2.02,0.66,15.05,19/03/2024
S105773,62.54,3.53,1.18,24.58,19/04/2024
S105774,84.69,1.63,2.17,15.24,03-29-2024
S105775,78.17,2.75,0.13,6.01,2024-02-02
S105776,85.38,3.48,0.09,0.22,2024-01-24
S105777,0.7411,2.35,0.14,19.72,2024-03-11
S105778,69.84,2.71,4.65,10.4,2024-01-25
S105779,57.52,4.55,1.21,11.33,2024-02-17
S105780,72.5%,4.12,0.71,22.54,2024-02-22
S105781,66.0%,2.64,1.23,14.06,2024/02/01 20:21:41
S105782,60.49,3.61,0.5,12.91,20/05/2024
S105783,94.14,3.31,0.03,16.13,2024-03-09
S105784,75.2%,2.83,1.68,25.37,2024-03-08
S105785,56.69,1.95,0.9,16.78,22/02/2024
S105786,80.47,2.9,0.03,0.0,29/02/2024
S105787,90.2%,5.09,1.24,9.27,2024-03-13
S105788,61.55,0.0,1.28,13.01,20/05/2024
S105789,77.0%,2.13,1.8,21.04,2024-04-17
S105790,75.44,3.88,1.25,6.3,2024-02-02
S105791,0.846,1.24,2.37,16.04,27/03/2024
S105792,74.76,3.37,8.0,14.43,2024-05-08
S105793,68.36,2.66,0.06,22.12,02-19-2024
S105794,62.89,4.73,1.57,8.02,2024-05-14
S105795,60.66,2.25,0.41,16.17,2024-05-06
S105796,93.65,3.5,7.41,25.73,2024-05-11
S105797,83.76,3.25,8.0,21.29,2024-04-21
S105798,62.04,2.5,2.35,19.19,2024-02-29
S105799,76%,2.48,2.42,12.83,2024-04-23
S105800,80.15,3.5,2.0,16.06,2024-05-21
S105801,61.45,2.4,0.91,14.21,2024-01-12
S105802,66.44,1.67,4.33,21.0,2024-01-21
S105803,70.06,2.46,2.34,18.69,09/05/2024
S105804,79.47,1.86,2.44,10.61,02-16-2024
S105805,87.27,3.73,0.32,27.22,2024-05-01
S105806,73%,3.35,0.42,23.43,2024-01-12
S105807,95.38,2.54,,8.93,2024-04-08
S105808,0.932,2.74,2.09,12.59,2024-05-25
S105809,89%,3.52,1.27,13.89,2024-04-21
S105810,70.67,2.75,0.52,20.71,2024/03/24 09:23:15
S105811,74%,3.19,1.03,9.34,23/04/2024
S105812,69.75,3.55,2.95,10.32,14/02/2024
S105813,83.5,3.64,0.28,21.15,2024-01-13
S105814,98%,2.62,2.14,18.91,2024-04-11
S105815,69.3,3.25,4.32,1.36,2024-02-09
S105816,0.9074,0.68,1.98,19.6,27/02/2024
S105817,91.01,2.78,0.79,4.68,16/05/2024
S105818,72.57,5.22,3.05,10.56,2024-02-29
S105819,0.9019,2.4,0.31,12.45,2024-01-12
S105820,57.28,1.86,0.35,11.72,2024-03-02
S105821,77.12,1.37,3.7,10.45,05-17-2024
S105822,56%,3.91,3.16,7.74,2024-02-19
S105823,46.85,2.54,2.19,18.59,2024-03-02
S105824,81.45,4.54,0.53,3.71,03-23-2024
S105825,98.76,6.59,3.69,11.28,01-31-2024
S105826,69.22,0.9,0.12,20.54,2024-01-16
S105827,71.55,4.8,2.99,17.78,28/04/2024
S105828,70.37,1.61,0.03,5.31,2024-02-18
S105829,75.33,3.57,0.41,1.49,2024-05-12
S105830,82.17,0.5,0.04,7.38,2024-03-12
S105831,90.15,2.75,0.57,0.0,04/04/2024
S105832,76.7%,2.38,1.05,15.64,2024-04-14
S105833,60.4,1.0,5.72,11.78,2024-01-24
S105834,79.89,2.39,0.17,12.32,18/02/2024
S105835,85.93,5.22,0.19,18.57,16/05/2024
S105836,62.48,3.78,1.69,21.12,27/01/2024
S105837,88.78,2.93,0.35,16.67,2024-05-11
S105838,0.6394,3.2,4.58,13.44,05-27-2024
S105839,82.12,2.85,0.48,10.08,2024-05-03
S105840,70.89,3.3,0.17,12.54,2024-02-16
S105841,80.6,2.02,0.72,16.45,02-07-2024
S105842,77.88,3.13,4.13,21.48,27/04/2024
S105843,75.79,1.64,0.41,5.27,24/02/2024
S105844,100.0,4.66,3.25,7.1,2024-03-28
S105845,89.91,3.85,3.91,14.96,2024-02-18
S105846,68.87,4.0,4.33,0.22,2024/02/13 05:33:02
S105847,69.6,2.21,1.44,17.0,2024-05-02
S105848,76.32,2.36,0.12,22.4,2024-04-26
S105849,0.5677,5.14,3.77,31.51,2024-01-19
S105850,60.0%,1.51,0.37,15.57,2024-04-27
S105851,64.86,4.12,3.7,21.02,04/02/2024
S105852,88%,5.95,3.15,15.15,2024-04-24
S105853,100.0,1.45,7.21,26.34,2024-02-10
S105854,88.17,0.89,4.3,12.04,2024-04-07
S105855,92.5%,6.22,2.62,17.31,05/04/2024
S105856,52.0%,4.71,1.06,19.23,2024-05-04
S105857,72.5%,3.96,0.89,17.72,2024-02-26
S105858,76.5%,3.02,2.91,9.6,08/03/2024
S105859,66.65,1.72,3.05,5.38,09/02/2024
S105860,68.87,1.47,0.38,22.15,11/04/2024
S105861,73.49,3.0,4.07,16.76,2024/03/07 21:11:05
S105862,83.18,2.85,0.93,15.53,01-16-2024
S105863,91.46,4.19,0.34,21.24,04-19-2024
S105864,65.55,3.01,0.3,20.92,2024-03-07
S105865,64.0,0.33,0.14,17.51,01/05/2024
S105866,71.04,3.04,0.27,19.45,2024-04-27
S105867,82.88,3.38,2.01,11.32,26/01/2024
S105868,83.44,2.55,0.59,18.74,27/05/2024
S105869,73%,2.8,3.61,4.01,2024-04-02
S105870,85.58,5.01,3.83,15.14,2024-03-08
S105871,63.0%,4.13,1.1,20.23,05-16-2024
S105872,78.47,3.49,0.71,9.97,2024-05-03
S105873,55.63,2.96,4.01,16.0,2024-04-21
S105874,64.0%,0.0,1.0,17.11,2024-05-22
S105875,43.43,1.77,4.1,8.77,21/05/2024
S105876,42.2%,3.92,2.67,22.9,2024-05-05
S105877,86.2,2.36,0.88,17.24,2024-02-07
S105878,67.8,3.43,0.93,3.27,04-16-2024
S105879,83.65,1.16,0.42,15.63,2024-03-07
S105880,84.61,2.27,,25.18,23/04/2024
S105881,85.08,0.39,7.2,14.97,13/03/2024
S105882,74.92,2.03,1.36,10.45,2024-05-11
S105883,100.0,3.7,0.07,11.19,01-24-2024
S105884,81.03,3.74,5.17,13.88,2024-02-23
S105885,0.699,2.31,2.0,6.51,2024-01-31
S105886,88.46,2.21,0.04,24.82,03-19-2024
S105887,59.33,2.82,0.22,21.47,01/03/2024
S105888,46.2%,4.09,0.29,22.54,2024-04-18
S105889,81.9,2.86,0.84,4.48,2024-01-14
S105890,91.3%,4.61,1.17,15.9,2024-05-19
S105891,67.75,4.06,2.96,22.55,2024/01/24 13:02:39
S105892,68.58,3.73,4.04,8.37,2024-01-25
S105893,81.59,2.74,6.5,14.49,10/01/2024
S105894,75.8,4.6,1.7,7.3,2024-03-27
S105895,100.0%,4.23,0.5,20.84,15/05/2024
S105896,75.78,3.88,1.45,13.5,18/04/2024
S105897,1.0,0.82,6.24,14.35,2024-04-28
S105898,63.66,4.27,1.2,7.1,2024-03-17
S105899,100.0,4.69,1.72,25.84,2024-02-11
S105900,67.8,4.4,8.0,15.36,2024-04-14
S105901,72.84,4.78,0.3,20.54,05-04-2024
S105902,73.39,3.3,0.54,17.69,01-30-2024
S105903,79.46,0.0,3.77,8.64,2024-01-10
S105904,72.58,4.5,0.56,3.51,03-30-2024
S105905,70.93,2.72,1.49,13.66,2024-05-13
S105906,85.69,4.56,0.04,22.75,04-14-2024
S105907,81.04,2.59,2.69,1.21,09/04/2024
S105908,72.37,5.36,0.22,28.64,2024/05/19 04:06:36
S105909,99.9,3.19,5.64,20.84,2024-01-16
S105910,78.01,3.67,2.83,16.33,17/05/2024
S105911,84.16,4.29,0.22,14.19,16/02/2024
S105912,86%,3.59,0.56,21.01,2024-03-03
S105913,49.69,3.66,0.31,6.46,2024/05/11 17:08:15
S105914,83.2%,2.22,2.54,18.1,2024-02-11
S105915,76.82,3.11,0.39,17.16,2024/02/10 03:55:32
S105916,76.2%,2.21,1.54,27.57,29/01/2024
S105917,0.8831,3.71,0.21,12.44,07/03/2024
S105918,72.71,2.79,1.06,15.31,2024-03-19
S105919,73.3,3.91,0.47,14.53,2024-02-07
S105920,43.75,3.94,1.27,11.38,21/03/2024
S105921,100.0,1.37,1.69,25.35,20/01/2024
S105922,71.47,0.0,0.64,8.18,2024/01/22 19:07:42
S105923,59.7,4.24,0.18,4.38,2024-01-25
S105924,0.7223,3.69,2.5,16.71,01-15-2024
S105925,75.53,4.91,3.06,9.93,01-13-2024
S105926,93.7,3.03,0.16,16.78,2024/02/15 11:38:40
S105927,71.33,3.72,,19.43,2024-04-12
S105928,80.73,5.46,1.23,16.02,2024-02-28
S105929,81.5,0.0,2.44,15.17,2024-02-20
S105930,83.86,2.84,1.09,0.57,2024-05-20
S105931,57.27,4.77,0.42,18.92,13/02/2024
S105932,70.58,1.4,0.08,16.37,2024-05-03
S105933,80.71,2.6,2.16,28.12,2024-04-14
S105934,59%,2.17,5.0,22.96,01/02/2024
S105935,71.29,2.58,2.73,4.63,2024-04-17
S105936,43%,5.06,1.22,22.42,2024-02-09
S105937,86%,0.38,7.09,5.9,2024-04-25
S105938,0.7546,1.88,0.88,20.84,2024-02-23
S105939,47.16,2.05,0.75,25.18,2024-04-30
S105940,57.7%,3.96,0.42,28.07,2024-01-26
S105941,85.9,4.15,0.42,12.23,2024-05-03
S105942,59.94,3.2,,19.94,2024-03-05
S105943,88.08,0.93,0.97,22.07,11/02/2024
S105944,95.99,2.03,0.12,18.29,09/02/2024
S105945,98.61,1.05,1.6,3.3,2024-03-31
S105946,83.83,5.42,0.62,16.08,2024-02-04
S105947,74.0%,0.66,0.83,18.98,2024-02-29
S105948,52.45,5.56,1.56,14.99,2024-01-10
S105949,85.49,2.01,1.77,8.99,2024-04-22
S105950,100.0,2.36,0.35,13.59,04-25-2024
S105951,79.33,1.37,8.0,21.31,2024-05-23
S105952,86.59,0.0,0.76,17.75,2024-03-20
S105953,61.8%,3.91,2.18,18.26,2024-04-13
S105954,62.7,3.28,2.36,13.26,04-25-2024
S105955,93.42,1.08,0.01,17.99,2024-04-29
S105956,60.86,5.04,3.21,0.26,2024-03-29
S105957,92.7,2.82,1.68,14.69,2024-04-14
S105958,80.38,2.24,1.65,12.33,30/01/2024
S105959,78.21,3.51,0.4,15.19,02-17-2024
S105960,53.6,3.56,0.54,6.79,2024-05-19
S105961,87%,5.32,2.59,17.59,2024-03-21
S105962,0.7476,1.92,1.56,28.46,2024-02-22
S105963,83.75,3.66,0.33,15.57,2024-02-04
S105964,67.44,3.11,4.79,15.33,2024/04/17 11:00:15
S105965,0.7979,2.81,6.34,32.55,2024-01-29
S105966,74.86,2.39,4.05,8.37,2024-04-06
S105967,62.75,3.9,1.68,18.46,2024-05-16
S105968,86.21,2.46,0.31,26.06,04-15-2024
S105969,77.68,1.41,2.36,12.27,16/01/2024
S105970,100.0,1.06,1.17,20.97,2024-04-02
S105971,73.35,1.95,1.84,16.17,25/03/2024
S105972,73.99,3.82,0.18,7.48,18/03/2024
S105973,100.0,3.3,0.27,13.85,2024-03-04
S105974,66.56,1.71,0.05,14.78,2024-01-30
S105975,73.93,1.71,0.43,10.55,2024/03/31 10:41:33
S105976,0.9286,3.12,0.37,3.75,2024-04-21
S105977,82.34,5.97,2.19,12.12,2024-01-30
S105978,85.9%,4.63,0.14,4.53,2024/05/14 10:52:55
S105979,72.98,2.39,0.38,18.79,2024-04-15
S105980,68%,0.34,0.13,18.84,2024-02-18
S105981,53.39,4.7,1.3,6.08,23/05/2024
S105982,61.24,3.83,3.73,15.57,2024-05-10
S105983,97.54,2.88,0.82,5.59,2024-01-29
S105984,85.85,3.22,1.33,12.47,2024-05-25
S105985,74.28,3.06,0.81,10.32,2024-03-04
S105986,75.38,5.16,3.37,18.36,2024-04-01
S105987,74.3,2.75,1.8,3.66,08/03/2024
S105988,59.52,1.82,0.74,21.88,03-20-2024
S105989,30.0,0.23,0.14,23.59,2024-05-16
S105990,79.6%,4.15,1.03,13.99,2024-05-26
S105991,79.4,3.9,0.37,5.58,03-25-2024
S105992,82.54,2.42,0.89,0.35,2024-03-08
S105993,66.32,2.3,0.95,22.67,22/02/2024
S105994,53.07,0.47,0.13,28.89,08/03/2024
S105995,87.8%,4.79,0.96,15.3,2024-03-25
S105996,96.59,3.12,0.45,6.86,2024-01-16
S105997,92%,4.63,0.33,7.33,2024-02-05
S105998,69.1%,3.08,0.81,23.27,02-27-2024
S105999,0.8008,3.69,0.9,16.18,2024-02-27
S106000,0.6404,0.54,0.18,8.21,24/05/2024
S106001,90.47,2.99,1.06,31.09,17/03/2024
S106002,79.61,0.0,0.48,22.32,2024-02-20
S106003,61.45,3.21,1.6,18.85,2024-05-01
S106004,84.35,3.51,1.28,11.09,2024-02-13
S106005,62.27,2.5,0.39,23.67,01-17-2024
S106006,45.42,0.98,0.96,21.17,17/01/2024
S106007,78.22,3.35,1.22,14.25,2024-02-11
S106008,81.27,2.48,0.63,22.62,2024-04-21
S106009,73.57,4.93,0.35,22.32,2024-04-19
S106010,48.14,1.68,1.67,16.92,2024-02-25
S106011,100.0,0.95,1.69,6.97,2024-05-02
S106012,83.62,2.06,0.09,7.85,03/03/2024
S106013,72.4,1.67,1.27,3.91,2024-01-28
S106014,69.21,3.36,0.32,24.27,04/05/2024
S106015,84.33,2.49,0.33,4.77,2024-04-29
S106016,99.25,4.24,1.17,15.24,10/05/2024
S106017,77.29,2.16,0.28,3.86,03-03-2024
S106018,88.68,2.48,3.0,26.79,2024-05-02
S106019,72.66,3.88,0.2,6.86,2024-03-15
S106020,0.7426,5.18,0.84,17.26,2024-03-13
S106021,81.54,0.14,3.0,4.02,23/03/2024
S106022,98%,5.03,0.51,21.1,05-29-2024
S106023,91.56,3.82,3.11,22.59,2024-05-18
S106024,81.32,4.04,1.53,15.12,2024-02-11
S106025,78.49,6.14,1.15,14.54,14/05/2024
S106026,87.17,3.58,1.59,20.68,2024-03-29
S106027,0.6212,4.18,2.3,10.73,2024-03-08
S106028,81.0,5.84,2.98,22.62,2024-05-07
S106029,80.31,2.37,5.08,17.08,2024-03-05
S106030,83.29,2.1,3.37,3.99,2024-03-22
S106031,82.47,4.6,,27.93,2024-01-11
S106032,87.54,6.21,0.09,16.29,01/04/2024
S106033,61.03,4.04,0.45,12.63,16/02/2024
S106034,62.01,1.44,4.48,16.16,2024-01-28
S106035,0.9336,3.68,2.87,9.97,2024-03-30
S106036,77.2,6.57,1.91,13.93,2024-02-26
S106037,76%,6.97,2.04,20.53,19/03/2024
S106038,81%,3.61,2.49,19.81,05-16-2024
S106039,70.17,3.11,1.37,19.34,2024-02-14
S106040,70.2%,2.42,0.31,10.79,2024-03-17
S106041,77.5%,1.99,0.14,8.97,17/03/2024
S106042,84.71,5.66,1.98,17.72,21/03/2024
S106043,76%,4.43,1.77,20.4,2024-05-22
S106044,72%,2.13,4.55,9.87,2024-02-14
S106045,85.7,4.26,0.66,13.41,15/02/2024
S106046,57.78,5.66,1.28,17.75,2024-05-25
S106047,63.04,2.26,5.8,14.33,2024-03-24
S106048,95.86,0.79,0.32,23.1,2024-05-21
S106049,72.03,3.22,0.48,5.84,2024-05-14
S106050,62.87,3.44,2.02,4.83,2024/01/26 08:17:58
S106051,77%,3.18,0.84,22.67,2024-04-02
S106052,84.85,1.66,0.71,19.32,03-28-2024
S106053,68.66,2.7,0.17,15.63,20/03/2024
S106054,75.86,3.46,1.08,12.66,2024-04-06
S106055,70.2%,1.79,0.15,18.29,10/02/2024
S106056,0.7893,3.25,1.81,16.32,2024-03-07
S106057,90.37,3.11,2.54,17.1,2024-01-18
S106058,73%,2.44,4.59,14.53,2024-03-13
S106059,73.69,3.16,1.23,18.75,2024-04-10
S106060,0.8765,4.45,0.79,21.43,10/04/2024
S106061,63.12,4.26,0.31,21.33,02-27-2024
S106062,52.76,3.39,0.62,18.2,2024-05-27
S106063,58%,4.31,1.22,14.97,2024-04-04
S106064,0.5162,4.98,3.34,18.11,30/03/2024
S106065,74.84,5.56,1.79,23.37,14/01/2024
S106066,86%,2.58,2.33,13.92,2024-02-12
S106067,0.7727,2.59,2.79,13.09,2024-03-14
S106068,65%,5.37,1.15,18.46,2024-03-15
S106069,78.02,4.47,1.16,20.17,08/02/2024
S106070,56.74,2.22,0.23,14.3,27/05/2024
S106071,66.44,0.7,0.44,18.15,2024-05-01
S106072,69.14,2.17,0.91,9.12,2024-05-29
S106073,68.05,0.8,0.15,14.92,2024-04-14
S106074,74.89,0.76,1.14,25.87,05/05/2024
S106075,61.43,2.7,2.25,19.25,01/05/2024
S106076,100.0,1.52,1.32,10.47,10/02/2024
S106077,95.54,1.69,0.02,11.41,22/02/2024
S106078,68%,2.41,2.81,6.3,2024-01-12
S106079,100.0,0.17,1.22,26.36,2024-02-01
S106080,81.63,2.82,0.36,8.04,26/05/2024
S106081,74.62,4.59,0.06,0.0,17/01/2024
S106082,100.0,2.18,0.51,5.15,2024-05-20
S106083,84.51,3.39,1.04,15.37,02-03-2024
S106084,70.4%,2.77,0.51,9.98,2024-03-19
S106085,84.34,1.11,7.08,15.91,2024-02-01
S106086,83.05,2.44,0.17,17.39,2024-01-31
S106087,85.97,3.39,0.67,10.63,2024/03/06 22:56:44
S106088,60.4,3.07,1.39,8.56,2024-05-03
S106089,73.07,5.7,3.46,21.38,2024/03/29 22:47:27
S106090,87.69,3.83,0.0,17.09,29/01/2024
S106091,85.5,0.7,0.33,0.0,2024-03-09
S106092,78.2,2.97,,4.24,2024-03-20
S106093,89%,2.01,0.69,2.45,05-11-2024
S106094,0.9232,2.58,3.81,13.88,2024-04-07
S106095,73.09,3.51,1.61,16.42,2024-04-30
S106096,55.9%,4.16,0.02,13.8,2024-03-12
S106097,68.5,0.46,1.45,10.6,2024-01-27
S106098,72.03,1.38,3.61,22.15,2024-03-10
S106099,83.0%,0.99,0.11,17.24,2024-05-05
S106100,90.0,2.46,6.0,8.62,16/01/2024
S106101,76.11,4.26,0.04,9.07,2024-05-21
S106102,86.57,2.5,0.64,9.66,2024-03-22
S106103,78.1,3.6,0.86,12.57,2024-04-20
S106104,66.46,0.24,0.42,15.25,2024/02/04 22:38:51
S106105,58.44,5.49,0.37,17.89,2024-01-31
S106106,77.5%,4.04,0.67,9.24,07/04/2024
S106107,64.97,3.74,3.6,5.51,2024-03-27
S106108,63.46,5.26,3.46,17.75,2024-02-08
S106109,69.56,1.16,2.25,20.8,11/04/2024
S106110,100%,1.71,1.06,26.97,05/04/2024
S106111,72.86,2.8,0.28,17.83,2024-04-19
S106112,77.64,2.39,0.51,9.89,22/04/2024
S106113,91.09,3.48,1.44,19.27,2024-05-25
S106114,68.77,5.23,1.18,13.94,2024-03-15
S106115,54%,3.94,,5.58,11/02/2024
S106116,62.9,1.97,0.33,14.66,02-13-2024
S106117,100.0,4.07,1.05,16.98,2024-05-28
S106118,64.57,3.25,0.51,25.04,2024-05-24
S106119,75.2%,5.17,0.79,15.5,25/04/2024
S106120,87.96,3.9,0.48,9.29,27/02/2024
S106121,69.64,3.81,8.0,1.79,2024-01-28
S106122,60.16,3.86,1.93,6.4,04/02/2024
S106123,74.42,2.11,0.44,8.21,03/03/2024
S106124,76.2,4.82,1.11,26.66,2024-05-08
S106125,77.1,3.3,0.77,13.66,20/03/2024
S106126,87.77,2.71,2.87,14.37,2024-02-12
S106127,44.92,1.58,2.23,22.71,2024-02-25
S106128,62.86,4.21,1.45,19.22,2024-04-24
S106129,77.68,0.37,,13.17,21/04/2024
S106130,60.36,2.04,0.05,23.03,2024-05-18
S106131,87.4,3.21,1.0,10.21,12/03/2024
S106132,70.08,1.0,,16.99,2024-03-27
S106133,59.6,5.28,1.83,6.21,06/03/2024
S106134,64%,2.8,0.05,16.82,18/05/2024
S106135,62.5%,2.29,3.49,22.12,04-28-2024
S106136,47.91,3.64,0.24,21.1,2024-04-08
S106137,81.76,4.84,1.72,21.32,2024-03-28
S106138,63.81,3.17,0.07,35.21,11/02/2024
S106139,97.32,3.41,1.25,13.13,2024-02-01
S106140,0.6942,4.66,7.03,8.67,2024-04-17
S106141,79.22,3.47,8.0,18.19,05-06-2024
S106142,59.82,7.69,0.1,8.84,2024-04-18
S106143,88.75,1.56,0.95,7.07,2024-02-16
S106144,57.0%,1.38,2.85,13.23,18/01/2024
S106145,61.5,4.56,0.69,28.86,2024-04-24
S106146,88.26,4.62,0.37,19.82,05-13-2024
S106147,64.9,3.25,2.6,17.66,2024-01-26
S106148,0.7954,0.6,0.54,3.29,2024-01-24
S106149,0.9328,3.83,1.24,10.64,2024-05-03
S106150,85.15,1.9,0.44,25.03,01/04/2024
S106151,71.73,2.38,0.59,13.11,2024-02-07
S106152,81.58,7.08,3.02,30.36,2024/05/24 13:15:54
S106153,77.82,4.15,0.39,18.14,15/04/2024
S106154,69.1,4.57,0.6,13.95,17/01/2024
S106155,48.24,1.63,1.2,12.8,2024-04-05
S106156,79.94,4.57,6.47,14.54,24/01/2024
S106157,85.08,1.75,0.14,4.84,2024-04-08
S106158,70%,3.44,0.98,21.81,2024-02-27
S106159,84.45,2.03,3.09,18.09,01/02/2024
S106160,44.35,0.0,0.53,13.21,2024/04/19 02:30:19
S106161,72.58,0.64,3.38,14.22,2024-04-17
S106162,76.74,1.55,2.57,20.67,01/03/2024
S106163,79.45,0.0,0.66,29.21,05-18-2024
S106164,100.0,2.58,2.15,25.72,2024-02-06
S106165,62.3%,4.26,4.43,16.3,2024-02-29
S106166,89.24,4.58,0.65,9.24,18/03/2024
S106167,69.9,3.6,0.59,4.27,2024/05/18 18:17:11
S106168,60.31,6.26,1.29,15.86,04-08-2024
S106169,69.78,3.46,0.93,9.52,2024-02-16
S106170,89.27,0.24,1.91,16.09,03-22-2024
S106171,79.31,3.76,0.12,17.03,2024-05-10
S106172,56.65,3.68,0.85,20.02,2024-05-14
S106173,75.09,4.05,,6.8,06/02/2024
S106174,70.89,3.3,1.35,8.79,18/05/2024
S106175,76.17,2.57,5.49,12.8,2024-02-01
S106176,90.99,1.72,,16.82,2024-03-19
S106177,67.68,2.81,0.62,16.41,2024-04-23
S106178,70.8,3.44,2.07,33.05,2024-03-01
S106179,65.48,3.46,2.54,0.0,05/02/2024
S106180,79.98,2.84,3.12,22.77,02-11-2024
S106181,87.1%,4.31,1.21,22.41,2024-04-28
S106182,69.89,3.5,0.16,8.59,14/03/2024
S106183,100.0,2.33,0.48,11.69,2024-03-08
S106184,75.58,3.47,0.71,27.33,2024-05-06
S106185,72.52,3.11,4.56,10.64,2024-02-07
S106186,63.99,5.0,4.17,10.76,2024-04-04
S106187,0.7726,4.62,2.85,15.84,2024-02-19
S106188,82.55,3.59,1.32,18.59,2024-02-16
S106189,70%,4.63,0.01,21.98,06/04/2024
S106190,81.04,2.49,2.17,22.28,2024-04-03
S106191,79.55,1.5,0.33,20.47,2024/02/04 00:59:27
S106192,76%,3.75,1.84,1.64,2024-03-27
S106193,54.0,2.16,2.25,14.71,13/03/2024
S106194,78.92,3.28,0.36,19.65,2024-02-07
S106195,100.0,1.57,2.56,19.79,2024-05-19
S106196,70.67,2.18,2.04,10.03,2024-03-13
S106197,72.08,2.92,0.44,7.84,2024-03-16
S106198,43.18,3.57,2.93,7.36,2024-05-23
S106199,66.07,3.57,8.0,18.26,2024-01-26
S106200,49.2,4.11,0.75,22.05,2024-01-26
S106201,0.8078,4.65,1.6,15.99,24/02/2024
S106202,70.27,3.42,0.68,7.51,2024-02-25
S106203,84.35,0.0,0.06,16.26,2024-02-21
S106204,68.0%,4.42,6.13,8.34,2024-03-29
S106205,61.39,3.97,4.89,9.84,2024-04-06
S106206,55.21,4.02,3.41,12.42,2024-05-15
S106207,54.05,2.32,1.32,9.41,2024/05/25 18:58:10
S106208,69.69,5.93,8.0,7.09,2024-04-24
S106209,69.34,2.59,0.74,25.85,2024-01-15
S106210,66.69,5.5,1.22,1.79,2024-03-29
S106211,0.823,4.36,3.56,10.86,2024-02-29
S106212,96%,2.68,2.9,13.49,2024-05-23
S106213,79.87,2.0,0.44,23.6,26/05/2024
S106214,79.1,1.38,2.05,17.06,2024-04-03
S106215,76%,3.81,7.23,13.03,2024-02-06
S106216,0.8319,4.88,0.23,9.81,13/01/2024
S106217,79.7%,3.53,1.67,23.03,2024-03-11
S106218,65.03,5.31,1.71,9.35,2024-05-10
S106219,77.96,3.63,0.5,16.48,23/02/2024
S106220,100.0,2.35,1.14,13.81,2024-04-15
S106221,60.71,3.58,0.06,18.36,2024-01-10
S106222,74.28,2.99,1.3,26.0,13/02/2024
S106223,66.57,6.15,0.58,19.94,05-08-2024
S106224,67.4,2.82,4.68,14.1,2024-02-20
S106225,68.44,1.59,2.81,26.73,01/04/2024
S106226,70.5,2.99,2.58,26.06,2024-04-26
S106227,78.26,1.37,3.13,22.98,2024-05-29
S106228,77.52,2.15,5.61,16.97,2024/01/15 01:33:43
S106229,78.06,3.63,0.21,9.6,21/05/2024
S106230,78.79,0.29,1.68,0.0,21/05/2024
S106231,0.5746,3.45,0.15,16.48,2024-05-14
S106232,72.13,3.3,0.17,20.42,04-07-2024
S106233,69.24,2.94,2.67,5.64,2024-02-13
S106234,0.665,2.96,4.47,17.91,23/04/2024
S106235,62.9%,0.98,,11.88,2024-05-03
S106236,92.16,4.1,0.12,18.57,2024-01-13
S106237,64.28,3.8,1.75,10.68,2024-02-12
S106238,74.71,3.87,2.89,9.92,2024-05-17
S106239,59.09,5.09,0.75,14.57,20/02/2024
S106240,77.28,0.15,0.42,6.77,2024-02-12
S106241,83.41,1.08,2.47,21.73,14/04/2024
S106242,76%,3.02,1.88,15.14,02-27-2024
S106243,70%,1.42,0.94,6.99,04/02/2024
S106244,79%,5.68,1.12,10.69,13/03/2024
S106245,73.22,3.65,0.83,19.13,26/04/2024
S106246,65%,3.07,2.99,12.89,03-05-2024
S106247,79.27,1.97,4.26,19.97,2024-02-23
S106248,65.4%,1.46,4.58,8.03,29/01/2024
S106249,71%,3.0,0.1,13.04,2024-03-07
S106250,82.91,4.15,0.78,14.49,2024-04-08
S106251,79.9,2.52,1.02,30.59,2024-05-15
S106252,79.17,1.69,0.94,9.9,02-20-2024
S106253,67.09,4.0,3.29,19.39,2024-01-21
S106254,57.98,3.04,7.61,18.3,2024-03-30
S106255,85.5,4.3,0.59,27.23,2024-03-24
S106256,59.25,0.0,0.45,24.52,2024-03-05
S106257,67.97,2.51,,11.76,03-17-2024
S106258,78.23,2.1,2.83,7.65,2024/02/02 08:38:40
S106259,0.6705,1.83,0.36,5.09,02-13-2024
S106260,100.0,6.05,0.79,16.65,2024-03-19
S106261,65.3%,4.28,2.42,22.1,2024-01-23
S106262,100.0,1.36,5.16,23.01,2024-02-16
S106263,78.5%,0.21,1.31,13.17,17/04/2024
S106264,80.8%,4.27,3.13,15.31,2024-02-19
S106265,69.7%,2.78,0.51,24.98,01-10-2024
S106266,80.09,3.11,7.54,9.66,10/01/2024
S106267,64.08,2.55,1.33,0.0,2024-05-02
S106268,73.07,4.27,0.42,23.07,16/01/2024
S106269,79.65,6.1,8.0,6.88,2024-02-01
S106270,73.94,1.91,1.8,12.97,2024-02-24
S106271,0.7137,3.12,0.23,18.2,2024-04-02
S106272,58.62,0.93,0.74,11.76,20/01/2024
S106273,97.02,3.39,2.13,22.56,02-12-2024
S106274,82.66,1.42,0.19,33.7,2024-02-26
S106275,0.7076,0.0,0.53,9.35,2024-01-25
S106276,76.51,2.62,0.18,15.94,01/02/2024
S106277,78.2%,3.82,2.75,15.03,2024-02-16
S106278,62.78,2.26,,17.19,2024-01-20
S106279,62%,5.76,3.56,10.78,18/03/2024
S106280,78.88,3.6,0.38,10.45,18/01/2024
S106281,78.36,2.05,0.02,10.61,19/03/2024
S106282,75.81,3.53,0.5,11.77,03-17-2024
S106283,60.89,3.82,4.77,11.88,2024-05-22
S106284,69.83,4.06,2.52,0.0,07/05/2024
S106285,0.7094,3.88,3.06,15.62,2024-01-27
S106286,61.4,2.64,5.25,12.89,2024/05/21 14:05:39
S106287,62.61,5.0,0.35,9.97,04-18-2024
S106288,83.56,2.85,2.42,15.65,16/01/2024
S106289,77.99,0.0,0.37,14.96,2024-03-04
S106290,90.56,4.03,0.38,12.22,2024-01-14
S106291,68.37,1.74,0.18,15.06,2024-04-28
S106292,66.71,2.12,0.71,10.93,2024-02-29
S106293,73.66,9.54,1.54,6.82,2024-01-29
S106294,55.44,4.44,4.21,28.73,2024-05-28
S106295,83.92,0.59,3.35,11.53,2024-02-04
S106296,91%,3.31,1.38,16.86,2024-04-26
S106297,0.6915,3.42,3.02,33.18,2024-04-13
S106298,76.25,2.27,4.88,12.1,2024-03-23
S106299,65.87,4.63,1.12,18.22,2024-03-20
S106300,61%,2.49,3.7,31.29,19/02/2024
S106301,89.98,1.96,0.07,3.45,2024-03-10
S106302,85.19,4.0,8.0,24.34,2024-01-16
S106303,92.5%,7.84,0.91,16.55,27/02/2024
S106304,61%,5.06,2.22,11.46,2024-04-22
S106305,65.71,4.13,3.55,15.34,15/03/2024
S106306,67.54,2.98,0.18,12.47,2024-01-13
S106307,72.28,6.11,0.37,26.03,2024-03-22
S106308,81.07,1.02,2.35,14.89,02-02-2024
S106309,42.89,2.75,0.98,19.88,2024-03-04
S106310,89.34,5.46,2.59,11.3,25/04/2024
S106311,76.88,4.12,2.48,17.05,13/05/2024
S106312,80.8,4.52,3.79,12.32,2024-03-17
S106313,73.37,0.0,0.54,5.06,17/03/2024
S106314,66.59,4.25,1.19,24.16,23/02/2024
S106315,83.27,3.88,3.81,17.44,05-04-2024
S106316,100.0,3.95,0.15,20.4,18/02/2024
S106317,76.43,3.61,2.03,9.9,2024-04-11
S106318,74.26,1.29,1.0,23.29,04-16-2024
S106319,85.6%,4.17,2.15,18.27,2024-03-11
S106320,87.5%,4.06,3.19,16.05,02-11-2024
S106321,93.21,0.0,5.85,22.2,23/04/2024
S106322,70.89,3.59,0.78,12.7,13/02/2024
S106323,88.32,2.62,0.34,24.06,2024-02-25
S106324,68.4%,2.28,2.35,10.36,2024-02-04
S106325,75.89,2.32,2.4,15.23,03-31-2024
S106326,94.91,4.26,3.53,8.44,02/03/2024
S106327,67.87,2.19,0.61,6.96,13/01/2024
S106328,78.39,3.21,0.23,11.74,2024-02-21
S106329,81.73,3.54,0.71,13.87,2024-03-14
S106330,71.4%,4.22,0.52,18.86,2024-02-18
S106331,90.76,3.37,0.62,10.5,2024-03-06
S106332,0.6699,1.13,0.07,19.11,2024-05-22
S106333,78.68,0.82,1.33,12.76,04-23-2024
S106334,62.8,1.65,0.34,11.54,2024-03-09
S106335,80.65,0.48,0.17,19.41,2024-01-18
S106336,63.82,3.66,1.04,11.19,2024-04-18
S106337,69.13,6.52,0.09,27.78,03-04-2024
S106338,77.01,2.99,0.32,18.03,09/05/2024
S106339,59.15,5.27,3.07,5.43,2024-05-21
S106340,60.14,0.06,0.83,14.17,18/04/2024
S106341,0.6152,3.24,1.04,10.47,01/05/2024
S106342,74.07,5.26,2.3,3.51,2024-02-13
S106343,61.87,5.21,0.45,22.41,29/04/2024
S106344,73.7,5.0,6.07,22.57,2024-04-10
S106345,68%,6.35,3.35,9.93,2024-04-12
S106346,80.1,1.99,3.79,19.97,2024-05-27
S106347,72%,4.21,1.38,21.14,2024/02/10 16:44:04
S106348,65.82,3.18,0.41,14.91,2024/05/02 16:04:16
S106349,78.06,5.71,2.27,21.67,03-10-2024
S106350,61.61,2.42,0.26,17.06,2024-05-03
S106351,51.79,5.11,4.63,23.02,03-09-2024
S106352,85.84,1.78,0.63,6.79,14/04/2024
S106353,0.8944,4.16,3.33,16.04,2024-04-11
S106354,100.0,4.43,3.65,16.41,2024-01-20
S106355,97.28,2.26,0.15,6.9,20/03/2024
S106356,78.32,0.0,0.1,7.57,2024-04-03
S106357,84.2%,2.73,1.52,3.91,23/04/2024
S106358,86%,0.26,1.68,15.32,22/01/2024
S106359,55.45,4.01,0.63,11.92,2024-02-26
S106360,90.28,4.32,1.76,5.96,04-18-2024
S106361,82.7%,2.02,0.09,23.52,2024-05-01
S106362,69.02,2.38,0.34,17.8,2024-03-10
S106363,78.87,1.89,,9.93,07/04/2024
S106364,93.46,3.63,0.09,16.42,16/03/2024
S106365,92.35,1.58,2.71,13.33,2024-03-29
S106366,72.48,3.25,0.96,4.06,2024-04-28
S106367,92.2%,1.39,1.83,16.92,2024-04-10
S106368,85.51,4.67,1.99,26.48,18/05/2024
S106369,81.98,1.48,0.9,24.88,2024-03-26
S106370,68.23,3.7,2.9,15.72,12/01/2024
S106371,70.25,3.41,0.94,11.95,2024-04-25
S106372,75.87,4.75,0.35,18.94,11/05/2024
S106373,100.0,4.21,0.48,16.87,2024-01-26
S106374,74.89,4.57,1.29,14.03,2024-04-18
S106375,76.72,4.32,2.42,28.02,18/04/2024
S106376,95.11,3.07,0.14,12.23,04/04/2024
S106377,65.55,1.33,1.45,21.7,2024-02-29
S106378,0.7865,2.92,1.09,16.01,2024-05-10
S106379,76.35,1.84,,16.04,2024-05-02
S106380,78%,1.03,1.27,3.44,2024-01-21
S106381,96.95,1.31,0.84,22.71,27/01/2024
S106382,68.03,5.05,0.76,20.86,2024-02-07
S106383,74.95,4.84,5.29,16.32,2024-04-07
S106384,100.0,4.11,1.26,22.24,2024-02-25
S106385,74.4%,3.32,1.85,17.91,2024-04-02
S106386,67.68,4.25,0.19,5.92,2024-05-19
S106387,70.77,3.28,,8.21,02-15-2024
S106388,77.3,5.78,7.5,14.58,2024-01-10
S106389,89.67,4.46,3.5,3.16,2024-05-17
S106390,66.1%,5.01,8.0,22.86,2024-03-13
S106391,86.83,2.69,2.76,13.49,02-28-2024
S106392,91.65,5.9,1.48,15.96,2024/01/22 10:04:54
S106393,71.46,5.5,3.32,8.13,08/03/2024
S106394,67.95,3.73,0.22,19.53,2024-01-26
S106395,89.51,3.11,0.31,14.0,2024-01-23
S106396,86.05,2.58,3.17,12.72,2024-04-22
S106397,73.42,1.79,0.1,24.88,2024-01-20
S106398,85.27,4.62,1.51,24.17,22/04/2024
S106399,86.86,5.87,0.56,20.25,2024/03/11 09:47:24
S106400,108.0,1.04,0.69,16.46,2024-05-06
S106401,84.21,2.58,3.71,11.39,2024-03-10
S106402,62.9%,3.01,3.77,12.98,03-07-2024
S106403,61.96,3.46,0.02,12.66,10/02/2024
S106404,90.76,1.23,0.0,17.75,05-18-2024
S106405,58.77,3.26,0.45,14.78,05-03-2024
S106406,75.47,5.81,1.57,14.95,2024-03-12
S106407,76.5%,4.4,3.24,25.79,09/02/2024
S106408,70.42,2.56,0.36,23.01,19/05/2024
S106409,61.24,1.69,0.25,9.53,24/02/2024
S106410,53.1%,3.01,3.62,17.08,2024-04-06
S106411,63.21,1.85,3.34,9.57,20/02/2024
S106412,62.69,2.57,1.64,19.22,12/02/2024
S106413,50.4%,4.53,0.04,28.5,2024-01-24
S106414,70.13,4.48,0.44,12.51,2024-05-05
S106415,72.71,3.07,0.26,20.53,2024-02-02
S106416,91.5,1.66,3.14,26.29,22/05/2024
S106417,78.74,2.28,1.41,14.05,2024-03-30
S106418,83.65,6.27,0.59,18.46,2024-01-17
S106419,61.09,1.57,0.31,27.0,2024-02-18
S106420,83.1,4.87,1.95,8.45,08/04/2024
S106421,84.29,2.9,0.59,7.74,2024-02-13
S106422,75.22,3.51,4.51,6.29,2024-04-03
S106423,97%,2.23,0.32,20.28,05-10-2024
S106424,80.26,3.32,0.71,7.91,2024-04-01
S106425,63.14,2.77,0.35,18.92,2024-05-10
S106426,44.7%,4.42,0.11,24.52,2024-02-08
S106427,70.81,5.04,0.08,10.37,2024-02-05
S106428,68.2%,3.95,0.44,9.67,2024-03-10
S106429,93%,1.97,0.67,19.69,27/04/2024
S106430,76.92,1.97,1.91,15.34,2024-01-31
S106431,80%,5.5,1.01,0.0,01/04/2024
S106432,82.3,1.63,0.7,25.72,2024-01-24
S106433,72.25,2.32,0.17,18.86,2024-05-08
S106434,85.09,3.44,0.39,12.34,03-16-2024
S106435,63.21,1.7,1.21,12.05,2024-04-14
S106436,78.36,1.86,1.67,19.9,2024/02/28 11:17:07
S106437,67.08,0.72,2.19,14.69,01/04/2024
S106438,74.25,1.92,1.29,15.4,22/01/2024
S106439,72.3,2.05,0.14,16.05,2024-02-17
S106440,85.1%,1.18,4.56,9.27,2024-05-10
S106441,0.9432,0.0,0.48,12.47,2024-04-29
S106442,86.05,3.89,0.01,13.68,2024-04-13
S106443,89.23,1.6,0.71,9.68,2024-01-25
S106444,83.0%,2.47,0.78,16.92,26/01/2024
S106445,71.3%,3.18,2.15,18.39,2024/05/21 10:21:35
S106446,84.73,2.5,1.68,26.81,02-25-2024
S106447,77.85,2.09,,9.67,05/03/2024
S106448,88%,4.61,0.85,21.23,2024-04-25
S106449,84.2,3.68,1.2,24.97,2024-01-14
S106450,72.57,3.91,0.76,21.65,2024-02-08
S106451,76.26,2.34,2.02,11.51,2024-01-28
S106452,62.03,5.07,2.56,12.84,2024-02-12
S106453,58.28,4.47,0.14,25.63,2024-04-12
S106454,70%,2.04,0.55,13.69,2024-04-14
S106455,58.33,4.85,8.0,14.79,2024-05-03
S106456,69.19,1.2,4.56,11.59,30/03/2024
S106457,68.21,6.03,0.65,20.42,31/03/2024
S106458,63.3,3.01,2.43,0.0,2024-03-25
S106459,66.43,1.24,0.39,9.33,2024/05/02 10:33:38
S106460,65.96,5.66,0.42,8.14,2024-02-26
S106461,87.25,0.0,2.77,26.12,2024-02-25
S106462,73.72,3.0,2.73,16.63,2024-01-12
S106463,74%,4.38,0.5,13.59,2024/05/11 02:48:01
S106464,65.03,0.24,2.08,13.57,01-12-2024
S106465,89.33,3.2,0.38,5.33,2024-01-10
S106466,70.25,3.51,0.41,24.49,04-23-2024
S106467,78.39,3.53,0.01,12.54,04/03/2024
S106468,64.29,3.95,0.93,19.15,2024-03-26
S106469,77.03,2.74,3.35,10.4,19/04/2024
S106470,90%,1.78,0.64,14.58,2024-05-01
S106471,69.17,4.16,2.88,8.57,2024-04-19
S106472,71%,1.87,1.83,13.26,2024-03-20
S106473,0.7079,4.67,0.18,22.29,2024-05-20
S106474,63.1,3.53,0.56,15.74,16/01/2024
S106475,61.07,3.8,0.48,17.62,14/04/2024
S106476,63.72,5.23,0.35,15.44,2024-04-16
S106477,77.26,0.6,2.93,26.42,31/01/2024
S106478,62%,4.24,1.0,9.28,2024-03-15
S106479,89.9,4.4,0.62,14.03,2024/03/23 20:09:46
S106480,78.88,2.03,0.66,16.32,2024-03-18
S106481,76.07,2.84,1.06,8.03,2024-04-10
S106482,82.23,3.53,0.25,15.89,2024-05-14
S106483,67.19,3.4,1.39,15.21,2024-01-14
S106484,87.03,3.46,1.57,15.8,2024-02-16
S106485,70.75,3.45,1.96,15.83,2024-04-06
S106486,68.65,3.65,0.14,10.3,2024/05/18 14:15:10
S106487,78.11,3.7,0.06,3.63,2024-04-09
S106488,49.33,0.75,0.95,16.28,2024-03-20
S106489,0.7117,4.44,1.19,8.75,2024-03-04
S106490,67.41,3.58,3.75,14.35,2024-05-01
S106491,75.7,0.0,0.39,9.76,2024-03-16
S106492,64.22,4.91,0.47,4.63,2024-03-03
S106493,84.8%,3.1,4.33,17.52,28/04/2024
S106494,81.47,2.12,0.22,19.9,2024-02-29
S106495,69.82,1.45,0.04,22.72,2024-02-28
S106496,64.04,2.41,0.9,11.87,2024-02-25
S106497,92.23,3.81,4.35,15.28,2024-05-26
S106498,99.1%,3.59,1.41,17.38,2024-01-13
S106499,82.1%,3.59,1.27,22.15,2024-03-19
S106500,87.46,0.0,0.18,2.75,2024-02-28
S106501,80.18,1.23,2.77,4.72,24/03/2024
S106502,1.0,3.69,2.91,24.72,10/05/2024
S106503,77.46,2.35,3.82,3.2,2024-05-08
S106504,65.93,1.73,0.06,21.42,2024-02-05
S106505,72.26,2.15,1.13,24.32,03-10-2024
S106506,77.37,3.05,4.19,20.62,2024-04-12
S106507,83.17,3.31,0.06,7.98,2024/02/23 06:58:18
S106508,66.22,1.53,4.98,8.76,26/04/2024
S106509,57.09,2.95,3.88,14.6,2024-05-05
S106510,76.79,3.83,0.63,27.26,2024-03-19
S106511,83.07,4.65,1.37,27.2,2024-04-13
S106512,66.13,4.28,0.21,17.09,2024-04-20
S106513,72.74,0.23,0.97,3.84,2024-02-23
S106514,46%,1.38,6.68,16.14,2024-03-21
S106515,85%,6.22,0.68,13.55,2024-02-04
S106516,68.42,0.99,,15.16,2024/05/12 04:54:28
S106517,74.22,2.24,5.18,3.4,2024-05-19
S106518,100.0,3.56,0.58,16.71,13/02/2024
S106519,70.45,3.86,0.49,4.48,07/04/2024
S106520,83.94,3.01,0.56,0.0,2024-03-26
S106521,76.8,2.05,1.92,16.57,31/01/2024
S106522,79.3%,4.19,0.89,28.43,2024-04-17
S106523,70.27,2.62,0.03,9.15,25/04/2024
S106524,80.57,2.78,0.05,11.69,05-02-2024
S106525,86.04,3.36,2.72,21.27,2024-02-28
S106526,74.88,2.52,0.82,23.14,2024-04-23
S106527,72.0,2.21,0.16,15.74,2024-02-20
S106528,76.39,2.64,3.15,10.04,05-22-2024
S106529,82.08,0.87,4.31,24.28,22/02/2024
S106530,71%,3.02,,6.39,2024-03-19
S106531,88.89,3.26,0.68,11.35,2024-01-28
S106532,0.8995,4.34,1.82,19.12,2024-02-10
S106533,82.77,2.11,4.97,4.02,2024-04-27
S106534,80.83,2.85,7.63,17.72,2024-04-09
S106535,82.62,0.96,0.74,22.97,2024-03-06
S106536,79.54,3.53,0.58,26.74,2024-04-07
S106537,87.89,3.06,7.8,12.27,04/04/2024
S106538,81.53,1.83,1.11,11.92,2024-03-02
S106539,77.21,3.3,1.87,20.0,2024-04-16
S106540,48.87,4.39,1.19,10.68,2024-03-20
S106541,72.07,1.5,0.43,12.84,2024-04-30
S106542,92.99,3.09,1.47,17.25,2024-04-12
S106543,77%,0.0,1.64,17.61,2024-02-23
S106544,96.98,2.92,3.62,1.65,2024-03-16
S106545,0.7061,1.99,1.48,6.84,29/05/2024
S106546,86.7%,3.63,3.75,2.17,2024-04-23
S106547,77.3%,3.15,2.3,3.33,2024-02-22
S106548,88.36,3.62,0.07,7.17,09/02/2024
S106549,97%,2.36,1.64,13.44,2024-05-19
S106550,66.9,2.22,1.58,14.12,02-13-2024
S106551,70.42,0.85,,0.0,2024/02/04 11:09:34
S106552,63.03,3.17,0.21,8.47,02-03-2024
S106553,0.6894,3.88,4.56,4.37,2024-05-24
S106554,0.7695,3.74,0.91,13.6,2024-05-04
S106555,62.88,2.91,2.59,10.41,20/01/2024
S106556,88.02,2.17,8.0,23.81,2024-02-28
S106557,92.51,1.29,0.08,14.02,2024-03-30
S106558,83%,3.8,1.64,10.75,2024-03-06
S106559,68.0%,2.36,0.23,13.16,2024-04-30
S106560,77.8%,2.75,1.14,10.49,03-28-2024
S106561,91.7%,2.07,1.92,24.39,22/01/2024
S106562,87.05,1.9,1.2,12.65,31/01/2024
S106563,84.2,3.95,0.01,18.19,06/04/2024
S106564,61.18,2.8,0.03,20.53,07/04/2024
S106565,75.99,2.25,0.15,10.37,04-01-2024
S106566,77.36,4.05,2.6,2.37,2024-03-21
S106567,0.704,1.64,2.14,11.64,2024/04/22 05:02:42
S106568,84%,3.92,0.9,19.46,2024-05-20
S106569,0.6595,2.9,2.15,3.13,2024-02-24
S106570,51.67,0.65,5.88,16.77,2024-02-26
S106571,91%,5.24,2.2,20.88,2024-01-28
S106572,72.6%,1.05,6.27,24.74,2024-02-28
S106573,51%,4.07,0.28,19.74,2024/03/08 14:51:12
S106574,64.3,5.22,0.17,17.05,2024-05-03
S106575,70%,2.43,2.66,16.3,2024/02/26 11:48:00
S106576,62.35,1.04,2.36,6.54,15/05/2024
S106577,70.9,4.53,2.6,8.37,2024/02/05 16:24:46
S106578,70.87,4.57,,2.87,03-24-2024
S106579,95.61,3.43,1.03,15.5,25/05/2024
S106580,66.46,3.42,2.43,18.09,2024-01-22
S106581,81.5%,4.76,1.3,15.82,2024/02/03 20:30:50
S106582,91.33,2.28,0.13,16.99,2024-01-24
S106583,60.93,3.47,4.17,20.32,2024-04-06
S106584,54%,1.49,0.76,5.71,2024/03/26 02:16:31
S106585,89.27,5.99,2.92,15.44,2024-02-02
S106586,84.17,3.53,0.34,16.73,2024-03-14
S106587,90.33,2.48,0.58,11.72,22/01/2024
S106588,71.1%,2.72,0.85,0.12,2024-04-14
S106589,94.66,3.32,5.44,7.83,2024-02-03
S106590,77.92,2.81,0.76,11.44,01/05/2024
S106591,66.8%,4.17,0.48,16.05,2024-02-13
S106592,87.33,4.32,1.42,15.23,06/03/2024
S106593,92.61,3.07,0.73,28.46,2024-05-15
S106594,0.8514,2.32,0.13,21.61,2024-05-20
S106595,61.83,5.64,2.45,14.84,04-18-2024
S106596,0.8098,3.97,3.19,15.85,12/04/2024
S106597,96.45,3.52,2.55,23.89,2024-05-25
S106598,66.11,5.97,3.84,24.16,2024-01-23
S106599,87.71,0.0,0.0,17.34,06/05/2024
S106600,72.9%,1.5,0.37,27.13,2024-02-08
S106601,81.91,3.52,2.36,8.71,19/05/2024
S106602,75.67,2.17,0.46,14.8,2024-03-31
S106603,77.12,3.68,6.57,37.16,2024-05-19
S106604,79.4,4.9,3.72,19.97,2024/05/14 02:57:07
S106605,62.4%,3.35,1.33,14.01,2024-02-04
S106606,65.2%,4.0,1.68,15.73,2024-02-02
S106607,94.22,2.01,0.75,16.26,04-26-2024
S106608,100.0%,2.29,2.8,26.69,04-15-2024
S106609,53.05,2.99,1.14,20.63,11/01/2024
S106610,65.37,3.48,1.56,14.45,2024-02-06
S106611,71.6%,3.0,0.65,3.27,14/03/2024
S106612,54.84,0.93,2.08,9.91,2024-03-14
S106613,72.95,3.25,0.93,15.42,2024-03-04
S106614,85.3%,3.39,0.03,14.09,2024-02-02
S106615,70.96,3.6,5.11,22.67,2024-03-07
S106616,67.06,1.96,7.38,13.38,05-25-2024
S106617,92.49,3.49,0.55,20.87,2024-01-31
S106618,75.93,1.76,0.51,4.7,04-02-2024
S106619,66.54,4.52,0.36,11.33,2024-02-25
S106620,0.6559,2.19,2.19,19.86,2024-04-02
S106621,79.59,1.9,0.93,29.47,2024-05-12
S106622,76%,5.73,1.62,14.01,04/02/2024
S106623,91.34,4.68,0.88,20.8,2024-01-15
S106624,92.66,1.36,2.1,24.35,04-23-2024
S106625,95.76,2.44,0.36,21.67,2024-03-08
S106626,70.7%,3.01,2.01,20.24,22/02/2024
S106627,71.48,4.83,1.78,12.52,08/03/2024
S106628,73.52,3.72,2.53,25.64,2024-02-27
S106629,84.12,0.83,0.2,5.77,03-25-2024
S106630,61.9%,4.28,2.56,6.13,2024-04-30
S106631,98.26,1.78,0.58,28.07,18/03/2024
S106632,100%,3.1,0.28,17.53,28/05/2024
S106633,82%,1.04,0.71,6.33,2024-04-01
S106634,82.91,2.69,1.79,4.96,2024-04-09
S106635,74.22,5.35,1.17,4.67,2024-02-19
S106636,65.87,4.59,2.15,29.24,2024-04-10
S106637,65.49,3.39,1.3,14.43,2024-03-24
S106638,78.15,3.33,1.83,11.38,2024-03-05
S106639,93%,4.0,0.5,26.4,23/03/2024
S106640,87.08,6.69,1.82,16.76,15/02/2024
S106641,59.94,3.26,7.22,12.71,2024-01-22
S106642,77.15,4.6,0.7,22.43,2024-03-28
S106643,82.55,3.12,0.14,19.18,22/03/2024
S106644,84%,1.96,2.27,19.2,06/02/2024
S106645,87.93,1.63,0.19,13.11,13/01/2024
S106646,71.19,3.61,3.1,8.73,2024-05-04
S106647,78.14,2.76,2.56,7.93,02-24-2024
S106648,72%,4.76,1.88,15.72,2024-03-20
S106649,50.82,2.52,0.03,15.05,2024-01-29
S106650,92.14,3.29,6.81,18.38,2024-01-24
S106651,79.2,5.93,2.2,12.03,2024/02/25 05:51:25
S106652,82.66,3.55,1.29,23.96,2024-04-21
S106653,66.9%,0.82,0.37,5.72,21/03/2024
S106654,54.33,1.97,6.02,17.93,2024-03-08
S106655,92%,2.41,7.62,8.63,2024-02-22
S106656,57.46,4.0,1.11,13.3,2024-02-26
S106657,88.32,3.98,1.25,8.55,29/03/2024
S106658,73.43,1.26,3.82,12.43,2024-05-15
S106659,87.5,4.01,1.09,7.51,2024-04-19
S106660,65.53,5.72,5.69,7.99,2024-05-11
S106661,72.1%,2.19,0.22,21.75,16/03/2024
S106662,59.4%,2.32,0.81,5.27,2024-02-03
S106663,73.67,3.78,3.3,19.55,2024-02-25
S106664,56.78,3.99,4.11,20.96,2024-05-13
S106665,87.01,3.33,0.25,20.11,2024-05-21
S106666,57.44,2.68,0.04,14.81,12/04/2024
S106667,80.83,0.95,0.2,7.36,2024-05-05
S106668,47.92,2.71,4.6,4.18,09/03/2024
S106669,65.86,2.48,0.15,6.74,2024-04-04
S106670,80.1%,5.25,2.2,6.78,05/03/2024
S106671,70.38,0.09,0.14,16.93,20/04/2024
S106672,64.65,2.46,0.09,5.09,2024-03-27
S106673,83.16,3.75,1.1,13.55,2024-05-01
S106674,96.11,2.41,1.37,15.28,2024-05-01
S106675,68.25,1.33,1.74,12.88,2024-02-06
S106676,81%,0.94,0.42,13.11,2024-04-14
S106677,71.01,3.56,1.49,23.93,2024-04-12
S106678,68.0,5.01,1.72,18.5,2024-02-10
S106679,83.06,7.14,8.0,19.92,2024-04-09
S106680,83.62,2.5,2.07,12.4,2024-02-11
S106681,80.17,1.34,0.02,20.49,2024-02-11
S106682,79.02,3.23,0.66,17.13,2024/03/06 09:14:51
S106683,0.777,4.51,0.49,16.47,2024-01-21
S106684,80.75,4.2,0.05,12.26,2024-02-24
S106685,97.1%,2.47,3.58,16.66,2024-02-18
S106686,77.1,5.64,0.17,29.76,2024-03-25
S106687,81.77,1.89,1.55,19.22,21/04/2024
S106688,48.74,3.21,0.72,26.96,08/02/2024
S106689,78.38,2.59,2.44,1.79,2024-04-01
S106690,81.82,3.6,0.51,15.51,04/03/2024
S106691,91.1,2.6,2.23,20.75,01/05/2024
S106692,0.6799,0.25,1.69,17.71,2024-03-06
S106693,66.95,4.68,0.86,18.61,02-02-2024
S106694,77.54,5.45,3.93,12.28,04-26-2024
S106695,70.62,5.9,0.72,23.48,2024-02-18
S106696,77%,1.12,3.62,3.79,19/02/2024
S106697,87.44,4.58,0.64,13.95,04-06-2024
S106698,46.48,3.73,0.8,15.87,08/04/2024
S106699,69.15,2.03,1.03,10.99,2024-04-22
S106700,73.1,4.17,6.35,15.2,2024-05-07
S106701,67.66,4.66,2.0,1.25,2024/02/13 01:03:44
S106702,78.77,1.77,0.45,5.93,2024-04-25
S106703,74.45,2.46,4.69,23.89,29/04/2024
S106704,66.72,1.38,0.92,16.7,04-08-2024
S106705,63.0,3.28,6.68,12.35,2024-01-13
S106706,64.49,2.88,0.88,21.86,2024-04-07
S106707,99%,3.12,0.11,24.71,2024-03-07
S106708,93.65,5.77,0.8,27.67,2024-01-27
S106709,86.17,1.81,1.15,1.79,09/03/2024
S106710,67.58,3.7,0.81,24.68,03-16-2024
S106711,100.0,1.83,4.04,6.87,2024-04-25
S106712,58.41,2.82,1.15,17.11,27/03/2024
S106713,71.16,2.24,1.23,19.28,2024/04/18 17:28:43
S106714,89.34,2.22,0.61,26.26,02-07-2024
S106715,78.92,4.6,1.27,18.29,2024-05-03
S106716,72.99,4.4,,16.95,01-21-2024
S106717,81.0%,5.2,0.08,9.14,26/04/2024
S106718,77.35,3.62,2.05,3.19,28/01/2024
S106719,67.1,3.5,5.41,8.95,2024-03-07
S106720,77.11,0.52,7.12,24.85,2024-04-09
S106721,77.18,5.97,0.19,15.23,2024-04-03
S106722,78.19,5.62,0.21,26.63,2024-03-23
S106723,83.23,0.62,1.75,9.98,2024-01-20
S106724,72.89,3.89,2.66,20.5,2024-01-17
S106725,94.5%,2.39,4.43,16.17,2024-04-21
S106726,64.5%,1.7,,24.07,2024/04/12 05:25:43
S106727,72.79,6.42,4.3,13.44,2024-05-29
S106728,70%,2.98,2.61,14.11,03-29-2024
S106729,75.73,4.09,1.21,23.52,2024-02-12
S106730,70.0%,4.92,1.29,0.37,13/05/2024
S106731,59.84,1.67,0.68,14.0,2024-05-24
S106732,78.73,2.9,2.81,3.37,2024-05-24
S106733,78.57,2.97,3.91,14.79,25/02/2024
S106734,91.7,2.0,0.24,12.06,10/01/2024
S106735,58.9,2.93,1.44,19.22,13/02/2024
S106736,91.39,1.94,3.63,18.26,2024/05/10 00:12:17
S106737,59.48,2.64,0.71,13.0,2024-02-06
S106738,78.11,4.82,2.05,8.27,2024-02-20
S106739,0.7444,3.66,0.81,15.55,2024-02-09
S106740,75.61,3.05,0.53,24.14,2024-04-25
S106741,85.17,2.7,5.62,8.14,26/01/2024
S106742,80.97,4.07,0.26,4.48,01-15-2024
S106743,87%,3.16,0.21,2.1,13/04/2024
S106744,55.4,1.52,1.61,4.26,2024-03-02
S106745,62.12,4.21,0.98,14.95,15/05/2024
S106746,80.02,3.28,7.15,5.16,2024-03-01
S106747,76.26,2.49,1.1,12.38,08/03/2024
S106748,94.23,2.54,,18.23,2024-05-23
S106749,60.67,2.65,1.28,0.1,2024-04-21
S106750,60.8%,3.06,1.68,21.91,2024-01-20
S106751,63.97,2.54,1.38,24.99,24/03/2024
S106752,66.01,4.46,3.33,28.05,2024-02-19
S106753,65%,3.26,3.5,25.32,24/02/2024
S106754,93%,4.57,0.34,31.89,2024-03-16
S106755,97.7%,2.1,0.49,16.61,04-29-2024
S106756,79.73,4.02,0.11,20.64,2024-04-28
S106757,76.84,1.78,0.46,13.24,19/05/2024
S106758,97.9%,3.06,1.25,19.64,28/01/2024
S106759,63.34,3.44,1.77,15.96,2024-03-11
S106760,100%,2.82,0.07,3.36,2024-03-26
S106761,52.63,2.75,0.48,4.47,2024-01-15
S106762,82.84,2.71,3.41,27.66,2024-03-04
S106763,68.4%,4.04,0.16,16.09,2024-02-23
S106764,82.07,3.12,0.35,24.94,04-07-2024
S106765,65.28,0.44,,11.03,2024-01-22
S106766,53.43,2.9,3.96,8.75,2024-04-25
S106767,64.15,4.52,0.17,14.4,02-12-2024
S106768,93.87,3.63,0.17,20.5,2024-04-20
S106769,70.05,2.87,1.23,24.74,2024-04-11
S106770,77.85,4.58,0.32,16.3,2024-02-24
S106771,0.7003,3.93,0.39,19.58,27/02/2024
S106772,48.89,2.82,0.43,13.99,2024-02-16
S106773,59.33,2.11,1.07,25.19,2024-01-19
S106774,71%,2.41,1.79,25.3,2024-03-31
S106775,85.08,1.09,5.19,9.5,2024-03-31
S106776,81.19,2.67,1.2,17.68,2024-02-24
S106777,83.23,0.0,3.61,8.03,2024-04-26
S106778,100.0,4.12,0.07,20.71,2024-04-18
S106779,70.4%,1.41,0.8,12.24,2024-03-18
S106780,67.7%,1.85,4.54,9.42,12/03/2024
S106781,90.03,2.95,1.11,0.72,20/02/2024
S106782,63%,3.0,1.77,22.58,2024-05-07
S106783,0.7235,3.85,2.93,16.35,2024-05-26
S106784,91%,1.53,2.11,16.76,2024-04-30
S106785,68.39,4.27,1.73,20.82,26/04/2024
S106786,60.97,1.58,0.72,9.67,2024-05-07
S106787,87.46,1.75,0.77,8.57,04-27-2024
S106788,0.8721,3.04,3.04,18.85,2024-01-18
S106789,97.8%,1.73,4.42,23.11,01-21-2024
S106790,57.15,2.82,0.21,18.72,2024-03-02
S106791,76.75,3.49,0.37,26.22,2024-04-24
S106792,76.88,5.54,1.65,18.95,2024/02/18 23:57:39
S106793,72.24,4.96,1.61,18.57,09/03/2024
S106794,81.48,3.61,1.18,20.76,2024-05-27
S106795,53.77,2.31,5.42,13.38,07/03/2024
S106796,54%,2.31,1.12,6.3,2024-01-11
S106797,73.28,5.37,1.59,15.13,02/04/2024
S106798,83.42,1.19,0.02,20.0,2024-05-05
S106799,83.89,3.11,0.3,8.98,2024/04/21 06:52:02
S106800,81.5%,3.48,0.97,5.16,2024-02-12
S106801,94.02,5.71,0.21,9.92,2024-05-27
S106802,72.12,3.65,1.83,24.35,25/01/2024
S106803,71.2%,2.07,1.02,18.47,05-17-2024
S106804,81.6,0.75,0.72,14.12,30/04/2024
S106805,67.83,3.81,1.24,8.23,23/04/2024
S106806,83.61,3.11,0.43,16.93,01-22-2024
S106807,79.08,1.83,0.61,16.3,20/05/2024
S106808,71.01,1.71,0.02,18.19,01/05/2024
S106809,67.72,0.19,4.48,32.53,2024-04-01
S106810,84.09,2.46,3.53,18.46,26/04/2024
S106811,71.54,2.41,0.07,10.14,2024/05/14 12:03:47
S106812,74.46,2.74,0.63,5.3,2024-04-25
S106813,65.64,3.9,1.05,11.08,27/05/2024
S106814,85%,3.24,4.75,11.8,2024-01-20
S106815,52.84,3.03,0.1,20.8,02/04/2024
S106816,76.2,0.0,3.65,10.67,2024-02-01
S106817,92.43,1.08,3.97,8.06,05-09-2024
S106818,88.64,3.66,1.71,18.77,2024-05-14
S106819,64.02,1.86,1.14,10.67,2024-04-08
S106820,51.97,3.04,5.04,19.04,2024/01/14 23:50:35
S106821,89.24,2.52,0.02,9.08,2024-03-22
S106822,0.8978,2.42,0.11,11.7,2024-05-02
S106823,66.03,3.7,0.61,10.93,01-15-2024
S106824,81.33,2.56,7.76,17.88,2024-02-16
S106825,91.54,0.8,0.48,13.99,2024-02-06
S106826,83.5%,2.85,0.43,6.45,02-17-2024
S106827,80.09,4.93,1.46,5.86,15/04/2024
S106828,55.15,1.02,0.62,12.79,2024-03-19
S106829,87.15,0.68,3.09,5.09,2024-05-27
S106830,71.59,3.98,,12.1,19/01/2024
S106831,97.29,2.78,0.49,16.79,19/05/2024
S106832,61.32,2.48,0.33,6.72,29/02/2024
S106833,82.17,2.14,5.72,20.94,2024-04-17
S106834,69.36,3.11,0.54,24.69,13/04/2024
S106835,82.25,1.31,0.04,22.58,19/04/2024
S106836,92.09,1.34,1.13,19.68,2024-05-07
S106837,67.02,2.35,2.34,17.95,05-24-2024
S106838,82.1,3.12,1.57,16.68,2024-04-05
S106839,61.8,1.34,4.13,17.59,2024-01-19
S106840,100%,3.65,2.01,10.77,2024-05-26
S106841,68.16,3.33,0.99,14.82,25/04/2024
S106842,64.38,4.26,3.02,16.04,2024-04-12
S106843,68.23,2.1,3.58,19.49,2024-05-19
S106844,66.19,0.25,0.66,3.87,29/03/2024
S106845,82.61,4.72,7.89,16.48,06/04/2024
S106846,87.77,3.66,0.86,22.43,2024-05-14
S106847,66.4%,2.42,2.36,10.78,2024-03-13
S106848,84.85,2.44,1.53,14.23,15/03/2024
S106849,81.8%,4.19,0.66,1.96,02-06-2024
S106850,92.7,3.01,1.38,15.46,2024-05-04
S106851,0.7799,1.8,1.65,4.58,11/04/2024
S106852,72.0,2.41,0.93,11.13,2024-01-20
S106853,53.7%,0.75,1.67,14.66,2024-05-09
S106854,74.09,4.16,2.33,10.75,2024-02-16
S106855,65.36,3.3,1.01,13.85,24/04/2024
S106856,82.75,3.79,0.02,17.61,2024-03-05
S106857,72.44,5.33,0.56,14.73,2024-03-21
S106858,84.54,3.94,0.12,15.99,01-16-2024
S106859,88%,0.67,0.99,1.91,2024-03-11
S106860,100%,5.69,1.31,13.9,2024-01-10
S106861,74.25,2.51,0.19,0.0,2024-02-01
S106862,81%,2.31,0.07,12.23,2024-03-08
S106863,83%,4.65,0.67,27.89,03/05/2024
S106864,75.83,2.2,5.47,21.56,2024-05-15
S106865,49.05,1.82,0.32,5.01,17/01/2024
S106866,0.8778,5.82,0.79,11.2,2024-01-14
S106867,90.0%,2.93,1.73,13.77,2024-01-10
S106868,65.78,6.27,0.85,18.55,2024-02-14
S106869,85.54,0.57,0.55,20.95,2024/03/21 17:06:37
S106870,0.8724,4.04,0.13,26.41,01-13-2024
S106871,94.41,3.41,0.8,8.32,2024-03-31
S106872,71.83,4.51,1.27,16.53,2024-01-10
S106873,60.09,6.24,3.59,2.66,2024-02-19
S106874,73.2%,5.26,1.52,17.87,2024-02-28
S106875,79.27,4.69,1.38,18.45,2024-02-23
S106876,0.8857,2.39,0.1,15.14,31/01/2024
S106877,73.57,1.52,1.07,19.58,2024-04-16
S106878,75.02,5.82,5.95,8.97,02/04/2024
S106879,71.89,3.01,1.86,5.76,2024-02-05
S106880,63.6%,1.44,1.33,8.35,29/03/2024
S106881,63%,2.15,0.65,17.59,27/05/2024
S106882,61.21,4.67,0.95,24.17,29/05/2024
S106883,0.7102,1.87,0.1,8.99,01-26-2024
S106884,87.15,2.16,0.03,10.22,01-24-2024
S106885,69.2%,2.91,0.33,15.81,03/05/2024
S106886,77.1%,2.2,0.79,39.12,2024-04-22
S106887,60%,6.28,3.45,11.87,2024-04-10
S106888,69%,1.88,4.05,21.75,02-15-2024
S106889,70.14,3.77,0.09,13.75,29/04/2024
S106890,67.51,1.29,2.26,11.22,2024-04-14
S106891,75.43,3.45,2.58,5.69,2024-01-21
S106892,0.8794,1.17,0.1,12.87,09/05/2024
S106893,50%,1.53,0.18,20.94,2024/05/18 13:31:20
S106894,63.89,2.28,0.82,8.91,2024-03-06
S106895,76.81,6.75,0.51,15.67,31/03/2024
S106896,70.03,1.22,6.81,9.02,2024-03-06
S106897,80.97,3.59,0.05,12.08,2024-04-09
S106898,65.2%,4.0,1.89,4.4,2024-03-18
S106899,90.1%,4.02,3.04,31.23,2024-03-14
S106900,82.93,3.37,7.61,17.15,2024-03-23
S106901,64%,3.1,3.43,12.71,2024-01-27
S106902,58.3%,1.98,0.5,24.04,2024-01-13
S106903,41.02,2.49,1.69,14.37,2024-02-21
S106904,79.76,4.49,0.8,18.21,2024-01-18
S106905,93.2%,0.0,2.57,25.94,2024/05/17 18:14:15
S106906,74.24,1.97,2.5,25.32,2024-03-14
S106907,0.73,1.98,0.97,7.0,2024-05-27
S106908,86.9,3.26,0.0,15.09,2024-02-15
S106909,72.74,2.88,3.16,23.94,2024-03-16
S106910,69.61,4.25,1.35,7.43,2024-03-07
S106911,64.72,4.65,4.21,13.2,2024-05-18
S106912,77.97,2.25,3.17,12.94,16/01/2024
S106913,84.64,2.27,0.61,18.51,2024-01-13
S106914,71.17,2.22,3.92,20.62,2024-01-13
S106915,68.79,1.54,2.28,23.05,2024-02-26
S106916,40.1,2.26,2.35,15.58,2024-05-01
S106917,87%,1.68,1.25,7.71,04-07-2024
S106918,66.34,1.92,1.65,12.52,2024-05-23
S106919,66.15,2.65,1.05,7.6,2024-01-27
S106920,88.72,1.8,1.88,10.23,2024-04-04
S106921,84.2,5.54,6.54,19.96,22/02/2024
S106922,77.84,1.45,0.32,4.95,2024-01-31
S106923,89.48,3.88,0.14,11.13,2024-05-15
S106924,77.07,0.0,0.89,21.24,02/02/2024
S106925,0.7416,1.5,1.98,19.79,13/01/2024
S106926,66.35,3.12,3.47,9.38,2024-02-11
S106927,57.93,0.0,8.0,8.7,16/05/2024
S106928,48.19,1.77,0.03,26.03,2024-05-12
S106929,53.51,3.96,2.38,17.62,2024-04-21
S106930,87.88,7.41,2.57,9.31,03-24-2024
S106931,93.64,0.0,0.97,14.71,2024-02-23
S106932,0.769,1.42,3.08,22.61,09/02/2024
S106933,68.96,1.1,0.23,8.74,05/04/2024
S106934,82.32,4.01,2.7,8.6,03-05-2024
S106935,66.73,1.55,1.54,16.54,2024-04-28
S106936,100%,4.09,0.61,5.53,2024-01-16
S106937,69%,1.74,0.7,10.29,2024-04-19
S106938,75%,4.11,0.12,11.95,29/01/2024
S106939,82.78,0.0,0.1,0.0,2024-01-17
S106940,62.34,2.75,0.35,15.58,2024-01-12
S106941,65.57,4.74,0.4,19.29,29/02/2024
S106942,76.48,4.4,3.68,28.65,2024-02-14
S106943,74.91,3.54,1.35,19.18,2024-01-12
S106944,82.8,2.94,0.2,7.82,2024-05-12
S106945,75.5,4.58,1.07,11.84,2024-02-05
S106946,74.43,1.19,1.18,28.03,25/05/2024
S106947,76.3,3.25,3.25,18.18,2024-05-12
S106948,55.26,4.48,4.68,22.34,2024-05-09
S106949,61.19,4.83,2.55,10.99,04-18-2024
S106950,0.7362,5.25,0.32,13.49,2024-03-22
S106951,42.48,3.96,0.73,14.52,29/02/2024
S106952,58.6%,3.18,1.14,21.44,2024-03-07
S106953,88.14,5.73,4.75,12.0,2024-05-26
S106954,87.24,3.66,1.01,19.22,05-16-2024
S106955,82.46,0.75,3.4,15.0,2024-01-28
S106956,96.21,3.07,2.45,6.51,2024-02-28
S106957,82.9%,5.25,4.23,14.98,2024-04-11
S106958,77.71,1.99,,22.73,2024-04-09
S106959,85.19,0.35,1.78,15.04,2024-02-04
S106960,93.3,1.98,0.99,12.7,2024-03-05
S106961,77%,3.18,0.57,24.97,2024-04-05
S106962,0.8528,1.13,0.71,17.73,2024-05-03
S106963,85.94,4.88,2.11,5.33,2024/02/10 19:29:14
S106964,75.73,3.2,3.12,12.98,2024-03-11
S106965,67.62,3.42,1.42,16.88,15/03/2024
S106966,75.98,3.7,0.32,16.65,2024-03-24
S106967,87%,3.73,1.04,18.58,03/05/2024
S106968,82.55,2.27,0.15,13.87,2024-04-20
S106969,0.7189,2.58,1.22,13.52,22/05/2024
S106970,78.02,1.83,0.12,15.1,30/04/2024
S106971,67%,1.52,1.64,20.56,2024-05-22
S106972,57.5%,0.85,1.47,10.21,2024-03-22
S106973,75.73,1.12,0.44,14.5,21/04/2024
S106974,75.37,1.89,1.63,16.74,24/05/2024
S106975,54.56,4.12,0.42,11.23,2024-02-10
S106976,51.41,1.31,0.12,18.24,2024-04-16
S106977,77.43,3.33,1.6,17.44,2024-05-14
S106978,70%,1.19,0.25,0.52,04-19-2024
S106979,73.45,3.76,6.04,15.24,2024-01-22
S106980,60%,4.97,2.86,24.92,2024-05-23
S106981,69.84,1.25,0.04,25.48,2024-04-25
S106982,78.26,2.67,6.11,19.78,09/05/2024
S106983,77%,1.79,0.92,23.89,10/03/2024
S106984,93.09,2.05,1.25,13.93,2024-03-22
S106985,91%,3.88,,18.99,2024-04-08
S106986,79.27,3.42,0.75,16.15,2024-01-20
S106987,65.3,1.01,0.36,19.68,2024-05-17
S106988,81.75,4.26,0.18,27.91,16/03/2024
S106989,74.45,2.51,0.11,22.02,2024-03-19
S106990,70.55,3.73,3.27,12.6,2024-04-26
S106991,60.33,3.43,0.44,26.06,2024-04-02
S106992,65%,3.8,1.46,16.74,2024-04-10
S106993,0.7738,3.4,0.41,19.56,2024-02-25
S106994,0.9357,3.32,1.45,13.35,07/02/2024
S106995,69%,4.43,1.04,20.16,27/04/2024
S106996,80.25,3.19,1.9,17.79,2024-05-29
S106997,71.63,3.99,0.25,22.92,2024-02-06
S106998,79.59,4.65,2.24,11.48,2024-02-28
S106999,78.82,1.89,0.09,21.65,04/05/2024
S107000,88%,2.17,1.11,0.0,2024/03/06 10:04:14
S107001,79.13,1.61,2.82,10.69,2024-01-16
S107002,93%,3.46,0.44,5.58,03-08-2024
S107003,83.71,3.28,5.46,17.36,2024-05-09
S107004,57.77,3.94,3.58,21.73,2024-03-14
S107005,85.87,2.8,1.71,14.94,26/04/2024
S107006,82.4,3.06,1.01,24.49,2024-05-05
S107007,72.2,3.7,0.63,9.58,2024-04-06
S107008,77.65,3.61,2.6,5.19,2024-02-16
S107009,80.59,0.0,1.91,20.06,2024-05-14
S107010,63.71,3.52,2.95,23.19,2024-04-26
S107011,85.86,3.05,0.59,15.74,17/05/2024
S107012,88.49,3.97,5.11,27.76,08/04/2024
S107013,86.95,4.11,3.25,18.56,2024/03/26 16:50:45
S107014,60.7,0.0,0.73,17.78,2024-04-22
S107015,66.02,5.24,1.0,11.99,2024-03-01
S107016,63.16,2.27,0.84,5.88,2024/04/17 19:21:37
S107017,0.5692,2.93,0.12,13.13,13/02/2024
S107018,89.29,3.95,0.3,26.07,2024-02-14
S107019,63.41,2.77,2.67,16.34,2024-03-03
S107020,68.33,1.09,0.83,12.26,2024-02-20
S107021,80.48,4.5,0.85,8.67,2024/04/11 18:34:12
S107022,88.0%,2.38,0.5,18.77,2024-01-11
S107023,69.97,2.43,0.38,7.13,2024-01-24
S107024,53.17,3.69,1.63,17.5,06/05/2024
S107025,69%,0.0,3.38,11.77,2024/03/10 08:47:51
S107026,71%,3.89,1.5,13.18,2024-04-20
S107027,76.21,2.92,0.36,19.49,2024/04/07 10:56:28
S107028,70.7%,2.94,0.77,8.35,2024-01-31
S107029,58.22,3.88,2.89,15.05,17/01/2024
S107030,79.55,0.79,1.77,4.31,2024/04/17 16:32:47
S107031,84.91,3.21,0.71,14.21,2024-02-16
S107032,86.24,1.3,3.22,18.48,2024-03-18
S107033,64.63,0.0,0.21,20.54,17/02/2024
S107034,54.7,5.38,3.1,22.94,2024-01-19
S107035,66.74,5.0,1.14,19.61,2024-03-24
S107036,72.59,2.63,0.03,12.15,2024-01-19
S107037,68.16,3.91,0.11,2.33,02-28-2024
S107038,62.26,1.5,0.75,21.93,2024-05-05
S107039,73.43,2.94,1.05,11.33,30/04/2024
S107040,89.25,4.4,0.55,4.87,2024-05-20
S107041,93.68,1.74,0.27,28.1,18/01/2024
S107042,88.73,0.85,7.29,14.58,2024-04-13
S107043,59.32,2.38,0.55,18.42,2024-03-04
S107044,74.15,0.68,5.73,16.6,2024-05-22
S107045,79.8%,4.83,4.53,14.9,05-11-2024
S107046,76.95,4.5,0.49,12.29,04-25-2024
S107047,88.81,3.4,1.57,10.91,03-27-2024
S107048,80.43,3.64,5.51,30.58,2024-04-27
S107049,0.7988,5.71,5.35,4.8,2024/02/16 21:04:29
S107050,87%,2.39,0.94,11.97,2024-01-25
S107051,85%,4.95,3.33,8.77,2024-05-10
S107052,70.91,3.33,0.72,18.62,2024-04-26
S107053,65%,1.16,1.94,12.1,01-20-2024
S107054,63.08,0.0,2.41,11.51,01/02/2024
S107055,79.76,4.0,1.06,19.49,2024-04-14
S107056,64.82,2.18,1.67,28.55,2024-02-13
S107057,94.15,1.96,0.05,9.19,2024-03-12
S107058,67.92,4.86,5.83,4.14,04-13-2024
S107059,90.8%,0.0,4.62,15.44,2024-03-20
S107060,69.4%,5.88,1.73,20.86,24/01/2024
S107061,68.65,2.19,0.41,13.49,2024-04-08
S107062,84.13,4.39,0.05,19.43,03-05-2024
S107063,93.85,2.52,0.31,11.16,06/03/2024
S107064,56.99,4.47,0.63,31.74,2024-03-04
S107065,83.22,3.56,1.31,19.3,2024-02-19
S107066,53%,0.23,2.61,11.61,03-04-2024
S107067,90.72,1.53,0.68,9.74,2024-02-10
S107068,66.42,1.02,1.9,16.89,2024-04-28
S107069,86.3%,1.43,2.27,19.72,2024-03-25
S107070,64.9%,3.63,0.45,5.85,2024-01-10
S107071,63.05,2.75,2.53,15.08,06/02/2024
S107072,71.22,3.51,0.03,20.2,26/03/2024
S107073,82.54,1.68,,17.34,03-02-2024
S107074,91.04,3.43,5.52,19.37,2024-04-08
S107075,96.25,1.2,0.96,25.44,2024-03-30
S107076,73.87,2.07,0.96,0.0,07/02/2024
S107077,65.27,3.96,3.2,16.53,17/03/2024
S107078,93.8%,3.63,1.94,0.0,2024-03-16
S107079,73.5%,3.21,,14.68,02-29-2024
S107080,76.3%,1.25,2.12,24.09,05/03/2024
S107081,62%,1.22,1.41,14.1,2024-02-24
S107082,82.15,6.11,4.16,8.46,2024/02/08 13:09:29
S107083,79.1,1.56,1.31,20.78,2024/03/09 21:09:03
S107084,69.56,6.22,1.79,15.98,01-13-2024
S107085,60.94,3.43,0.1,16.32,02-19-2024
S107086,70.2%,1.84,2.77,30.1,2024-02-14
S107087,92%,2.08,2.4,4.45,2024/04/12 08:48:51
S107088,98.06,1.81,7.87,10.55,14/02/2024
S107089,64.0%,4.15,2.83,17.63,22/02/2024
S107090,69.63,4.13,1.12,23.53,01-30-2024
S107091,60.29,3.68,2.05,8.28,2024-05-01
S107092,68.0%,2.76,3.05,12.12,01-18-2024
S107093,88.41,1.89,0.73,14.52,17/05/2024
S107094,64.15,4.96,0.11,13.94,2024-02-18
S107095,65.27,4.62,1.97,19.88,15/03/2024
S107096,71.42,4.45,0.89,14.65,07/04/2024
S107097,72.46,1.08,2.56,19.55,2024-01-27
S107098,71.64,4.67,1.16,6.58,2024/04/06 19:22:04
S107099,52.06,1.24,0.34,16.01,2024-04-03
S107100,90.53,4.91,0.89,15.24,01-26-2024
S107101,66.14,3.76,2.25,20.91,07/02/2024
S107102,83.0%,3.13,0.38,32.64,05-23-2024
S107103,61.49,5.05,2.22,21.69,2024-05-02
S107104,75%,4.67,4.09,10.08,09/03/2024
S107105,79.21,3.14,0.43,19.43,14/03/2024
S107106,70.5,2.38,0.15,14.65,26/01/2024
S107107,88%,1.11,2.81,12.63,2024-03-22
S107108,76.24,2.62,1.63,11.3,03-29-2024
S107109,68.83,5.52,1.23,10.93,02-23-2024
S107110,78.51,3.68,0.0,6.99,2024-01-30
S107111,81.22,5.06,0.06,5.93,2024-04-30
S107112,0.6656,5.12,1.08,19.59,2024-04-12
S107113,69.12,0.77,5.29,12.51,2024-04-26
S107114,72.62,4.12,2.22,16.27,2024-02-13
S107115,44.66,1.12,1.9,8.91,03-07-2024
S107116,90.91,3.46,0.55,19.05,2024-05-24
S107117,70.05,6.13,3.2,10.07,05/02/2024
S107118,93.71,2.63,2.24,5.63,24/05/2024
S107119,50.2,0.26,0.5,25.98,2024-02-19
S107120,97.43,3.21,5.11,16.45,2024-04-10
S107121,54.52,0.14,,12.81,04-14-2024
S107122,78.37,4.71,0.65,13.65,2024-02-27
S107123,65%,4.52,0.33,12.49,15/04/2024
S107124,84.04,1.91,0.65,18.45,10/04/2024
S107125,55.71,2.47,2.18,4.17,2024-04-20
S107126,97.21,2.92,1.15,2.36,2024-05-21
S107127,94%,1.79,4.04,15.79,2024-01-14
S107128,64.85,1.13,7.48,2.8,2024-04-14
S107129,71.0,2.58,0.61,1.65,17/03/2024
S107130,66.23,4.06,0.24,21.32,2024-05-11
S107131,92.79,1.38,2.29,16.17,2024-04-23
S107132,79.59,4.13,0.69,16.26,2024-05-09
S107133,85.91,2.8,1.08,7.17,24/01/2024
S107134,68.88,0.07,1.92,24.73,2024-04-16
S107135,78%,2.15,0.6,22.04,2024-02-07
S107136,74.24,3.41,2.93,5.49,2024-02-26
S107137,83%,3.14,8.0,14.24,09/02/2024
S107138,75.9,3.56,1.75,12.13,2024-02-23
S107139,59.4%,4.43,,14.69,09/02/2024
S107140,0.6546,1.35,3.93,22.61,2024-03-15
S107141,78.89,2.34,2.77,12.33,2024-04-04
S107142,93.88,2.6,2.26,21.89,05-09-2024
S107143,77.17,0.46,0.48,2.89,2024-05-25
S107144,91.14,4.41,1.75,10.69,2024-05-25
S107145,0.8289,4.49,0.35,12.19,2024-04-21
S107146,68.43,3.37,3.54,11.22,2024-02-05
S107147,64.96,2.41,0.37,15.17,2024-03-11
S107148,86.2,3.47,2.16,16.11,03/03/2024
S107149,80.36,4.07,2.81,16.61,05/02/2024
S107150,76%,4.25,3.62,21.2,20/03/2024
S107151,75.53,4.45,2.21,20.13,17/02/2024
S107152,73.1%,4.8,0.77,4.49,2024-05-14
S107153,71.43,0.51,0.02,16.05,2024-02-17
S107154,53.13,2.66,0.67,10.72,2024-04-01
S107155,90.88,1.69,1.41,20.74,2024-03-17
S107156,71.09,3.04,1.59,24.07,2024-01-19
S107157,88.0%,3.78,0.0,20.89,23/05/2024
S107158,86.84,3.6,0.49,28.34,2024-05-04
S107159,75.58,3.46,1.14,20.27,2024-02-18
S107160,64.5,1.34,0.46,21.99,2024/04/24 09:18:06
S107161,74.26,3.69,0.27,9.44,2024-03-17
S107162,80.7%,3.28,1.62,14.83,2024-03-09
S107163,87%,3.72,0.4,19.83,2024/01/10 18:57:17
S107164,78.16,3.17,0.64,17.02,2024-04-06
S107165,100.0,3.23,0.06,8.61,2024-03-07
S107166,68.6,0.0,0.24,8.54,2024-05-16
S107167,78%,1.2,3.38,2.33,2024-05-10
S107168,72.18,1.43,0.23,17.6,2024-03-15
S107169,76.02,2.85,0.64,7.79,2024-04-01
S107170,79.44,4.55,0.63,19.7,2024-03-19
S107171,79.21,4.73,2.45,20.07,16/03/2024
S107172,54.73,2.87,0.51,16.55,10/02/2024
S107173,61.58,1.88,3.91,17.76,2024-05-08
S107174,83.03,2.56,4.75,22.13,2024-03-30
S107175,88.6,4.06,0.2,23.05,19/03/2024
S107176,71.24,2.87,1.99,0.0,2024-04-20
S107177,86.3%,2.2,3.44,19.94,05-14-2024
S107178,89.05,3.16,2.44,18.41,2024-05-20
S107179,46.31,4.6,1.19,17.07,2024-04-14
S107180,77.79,4.08,0.24,18.31,2024-03-23
S107181,69%,1.85,2.47,12.79,01-22-2024
S107182,63.55,4.86,2.22,0.0,2024-03-03
S107183,82.14,1.76,3.25,10.76,2024-02-04
S107184,0.8865,2.69,2.31,2.2,2024-03-15
S107185,77.41,5.04,1.98,3.44,2024-04-20
S107186,92.9,3.19,0.31,22.49,2024-04-10
S107187,69.35,1.62,1.8,11.19,18/04/2024
S107188,70.37,3.02,1.08,16.88,2024-02-17
S107189,80.0%,2.33,0.31,15.03,10/05/2024
S107190,86.36,1.13,0.85,24.37,2024-03-20
S107191,52.5,2.03,3.6,15.52,2024-03-13
S107192,75.06,6.18,5.59,10.82,03-10-2024
S107193,81.4,4.87,3.05,25.37,2024-01-27
S107194,59.58,3.57,1.98,11.51,02-01-2024
S107195,93.09,0.22,0.37,17.92,19/02/2024
S107196,68.7%,2.79,0.73,18.48,2024-01-11
S107197,73.8%,2.68,2.25,6.31,2024-03-15
S107198,68.88,5.3,2.27,21.44,20/01/2024
S107199,61%,2.81,2.82,24.48,04-08-2024
S107200,69.18,2.2,1.67,7.06,2024-02-01
S107201,82.07,3.28,0.64,15.21,2024-05-11
S107202,68.75,1.07,0.92,24.38,12/03/2024
S107203,79.68,2.57,0.79,3.62,30/03/2024
S107204,64.6,5.19,0.45,19.4,2024-05-16
S107205,92.92,1.8,0.63,6.26,2024-02-11
S107206,57.28,2.73,3.88,12.76,2024-05-06
S107207,0.5514,0.95,0.37,13.52,2024-03-31
S107208,79.55,2.73,0.5,6.75,2024-01-31
S107209,41.1,2.21,0.19,8.63,20/04/2024
S107210,65.68,3.58,0.67,14.49,2024-01-25
S107211,57.74,1.5,1.2,24.64,24/03/2024
S107212,64.66,2.11,0.76,18.37,2024/02/05 00:39:09
S107213,93.52,3.72,0.23,3.53,2024-04-25
S107214,86.51,2.25,1.61,18.26,12/04/2024
S107215,77%,2.09,0.26,15.29,2024/01/23 07:13:59
S107216,79.4%,2.21,0.6,10.57,11/03/2024
S107217,70.01,2.18,2.48,11.94,2024-02-26
S107218,56.94,5.14,1.84,18.48,04-28-2024
S107219,71.93,3.48,8.0,4.0,29/01/2024
S107220,76.34,1.45,0.22,10.47,2024-02-12
S107221,87.79,2.31,0.83,6.98,2024-04-05
S107222,89.79,1.6,0.73,9.41,28/02/2024
S107223,67.0%,3.18,2.9,17.31,2024-04-26
S107224,61.73,3.71,0.47,15.34,05-02-2024
S107225,70.11,1.69,0.87,19.7,2024/01/21 17:01:13
S107226,100.0,3.35,4.27,0.0,2024-02-07
S107227,75.01,1.14,2.85,13.11,17/05/2024
S107228,100.0%,3.2,1.67,14.25,2024-05-02
S107229,79.57,1.78,1.96,3.53,2024-02-22
S107230,85.57,1.51,0.02,10.18,2024/01/31 18:11:27
S107231,71.39,4.75,0.17,14.85,2024-01-22
S107232,84%,6.06,0.21,17.25,2024-04-11
S107233,73.03,4.38,0.51,17.43,29/02/2024
S107234,68%,1.06,3.93,1.2,2024-02-01
S107235,94.99,2.92,1.31,10.59,18/05/2024
S107236,93.19,2.79,4.96,4.29,02-16-2024
S107237,49.7%,5.84,0.45,14.96,2024-02-13
S107238,85.1%,4.08,0.63,11.98,2024-01-19
S107239,60%,2.67,0.22,10.62,2024-04-01
S107240,73.59,3.39,0.2,37.17,02-12-2024
S107241,66.18,0.1,2.26,7.64,2024-05-27
S107242,80.79,3.58,1.73,14.88,2024-04-05
S107243,63.65,1.22,1.21,18.35,2024-01-24
S107244,69.15,3.29,0.17,17.51,05-11-2024
S107245,68.24,4.95,1.68,19.05,2024-05-21
S107246,70%,4.18,0.02,17.49,2024-01-18
S107247,83.28,3.89,0.56,12.69,2024-03-06
S107248,78.33,4.51,1.24,15.08,12/05/2024
S107249,70.51,2.98,0.31,10.41,2024-01-18
S107250,65.31,4.58,1.7,9.81,01-18-2024
S107251,77.63,4.03,2.44,5.77,2024-04-19
S107252,62.1%,3.15,0.72,20.51,2024-02-22
S107253,63.19,2.07,0.06,22.73,2024-05-12
S107254,63.83,5.63,0.89,10.89,2024-05-01
S107255,92.66,4.27,2.99,14.46,2024-04-22
S107256,79.7%,4.38,1.93,26.2,2024-02-11
S107257,73%,2.84,0.32,22.85,2024-03-26
S107258,50%,0.4,1.9,21.24,2024/01/14 01:19:49
S107259,77.93,1.39,1.16,16.89,04-17-2024
S107260,75.2,3.82,4.2,10.61,2024-03-09
S107261,93%,4.8,1.59,11.39,2024-01-18
S107262,55.97,2.37,0.45,16.65,2024-03-18
S107263,52.46,2.19,1.84,18.07,04-26-2024
S107264,92.11,4.93,1.22,8.22,2024-02-09
S107265,85.53,4.74,0.75,23.72,2024-01-11
S107266,0.5467,3.79,3.52,24.85,2024-05-08
S107267,68.65,4.41,0.57,20.56,14/01/2024
S107268,72%,3.56,0.73,25.52,12/05/2024
S107269,61.2,0.98,,19.47,2024-05-06
S107270,47.3%,6.31,2.26,16.92,2024-02-18
S107271,56.4,0.51,0.59,15.36,13/02/2024
S107272,74.89,3.99,0.27,12.78,2024-05-05
S107273,58.52,0.0,3.26,14.96,2024-01-26
S107274,70.76,4.87,1.37,7.71,2024-05-28
S107275,0.6203,2.04,0.44,14.41,2024-01-30
S107276,61.51,0.24,3.7,6.82,2024-02-04
S107277,72.84,3.45,2.37,9.39,2024-03-04
S107278,71.24,1.55,1.65,23.6,2024-03-11
S107279,87.21,1.94,0.12,23.28,2024-05-29
S107280,50.35,0.48,0.59,9.14,2024-03-17
S107281,75.96,2.05,1.86,21.09,03-18-2024
S107282,77.59,3.3,3.19,10.88,2024-05-02
S107283,95.92,3.29,0.37,10.35,2024-04-21
S107284,74.72,1.69,3.61,24.75,2024-04-24
S107285,73.99,3.99,0.88,7.34,22/01/2024
S107286,97.78,2.96,0.78,2.49,17/02/2024
S107287,92.29,5.46,1.92,10.34,08/04/2024
S107288,54.35,1.35,0.41,10.79,2024-03-05
S107289,67.92,4.67,3.66,12.39,2024-01-12
S107290,71.67,3.35,0.73,2.96,2024-03-04
S107291,86.55,2.53,0.82,17.46,2024-02-22
S107292,72%,3.11,0.06,28.27,2024-04-04
S107293,77.8,2.26,0.07,17.11,05/03/2024
S107294,80.34,3.89,0.86,13.45,2024-02-28
S107295,0.9578,5.67,0.61,19.68,2024-03-05
S107296,100.0,2.46,0.17,15.52,2024-05-22
S107297,77.23,0.05,0.81,15.4,2024-03-07
S107298,88%,4.12,2.87,14.42,2024-04-18
S107299,68%,2.23,1.93,16.52,2024-03-29
S107300,86.13,4.81,1.38,12.12,04-30-2024
S107301,70.88,1.89,1.16,3.6,23/03/2024
S107302,93.76,2.56,7.73,27.94,2024/05/19 17:07:45
S107303,75.96,4.2,1.64,18.71,2024/04/24 13:35:13
S107304,65.02,2.73,2.3,10.09,18/05/2024
S107305,56.08,2.75,2.38,17.46,26/05/2024
S107306,78.04,3.43,0.86,7.09,2024-03-15
S107307,96.85,1.95,8.0,17.66,2024-02-18
S107308,54.64,2.59,0.93,20.2,19/04/2024
S107309,86.59,2.47,1.2,22.23,2024-01-30
S107310,70.53,2.18,1.38,18.98,13/02/2024
S107311,80.12,1.81,3.69,13.67,13/04/2024
S107312,87.58,4.73,0.69,22.17,2024-05-13
S107313,80.59,0.33,2.08,11.14,14/05/2024
S107314,85.55,1.68,0.92,17.09,2024-05-02
S107315,87.33,2.9,0.16,9.89,24/02/2024
S107316,95.28,0.48,1.23,16.61,02-03-2024
S107317,67.71,2.12,0.58,25.46,2024-04-10
S107318,74.33,0.17,6.55,20.41,2024-01-29
S107319,72.02,0.64,2.76,21.45,23/02/2024
S107320,67.6%,2.27,5.14,22.8,2024-04-11
S107321,64.52,5.17,3.08,14.51,2024-01-30
S107322,62.15,0.84,0.37,8.89,2024-05-22
S107323,70.24,5.26,0.53,2.02,23/04/2024
S107324,73.43,0.83,1.24,7.41,08/05/2024
S107325,66.06,2.04,2.82,15.82,30/04/2024
S107326,72.72,3.9,1.34,0.77,2024/01/26 17:27:48
S107327,76.35,2.72,1.49,16.24,2024-03-17
S107328,71.72,3.08,1.1,18.46,03-17-2024
S107329,78.27,2.45,3.59,4.05,26/02/2024
S107330,61.93,4.79,,21.15,11/03/2024
S107331,70.16,3.49,0.89,12.05,17/01/2024
S107332,68.16,4.05,0.84,3.55,2024-03-15
S107333,50.83,5.45,3.56,3.15,2024-04-22
S107334,81.25,4.03,6.92,14.61,03-21-2024
S107335,100.0,1.73,3.64,15.59,2024-02-13
S107336,62.25,3.4,1.61,14.9,2024-04-21
S107337,100%,2.03,0.2,22.26,2024-04-09
S107338,82.25,0.27,1.83,15.43,02/03/2024
S107339,67.1,4.06,0.71,10.94,01-28-2024
S107340,0.6202,3.01,1.09,12.76,2024-02-26
S107341,67.43,2.73,2.35,22.57,2024-02-14
S107342,100.0,1.69,0.5,7.16,2024-01-31
S107343,58.59,5.34,1.65,16.11,01-31-2024
S107344,60.4%,4.38,0.22,16.44,2024-01-20
S107345,80.68,1.48,1.46,22.16,2024-05-29
S107346,84.1,3.72,0.05,15.78,2024-05-27
S107347,79.32,2.8,0.72,8.3,03-31-2024
S107348,91.69,3.88,0.26,16.35,2024-05-14
S107349,68.78,5.86,5.35,20.04,02-13-2024
S107350,55.1%,2.5,1.65,15.98,2024-01-23
S107351,84.85,2.17,0.05,22.67,2024-02-15
S107352,82.64,2.36,0.39,5.85,2024-04-01
S107353,54.64,3.99,1.61,13.9,2024-01-25
S107354,98.32,3.66,1.51,15.04,2024-05-02
S107355,84.5%,3.72,2.15,20.41,10/04/2024
S107356,92.29,2.93,1.06,21.3,2024-05-14
S107357,92.16,3.18,0.46,15.17,2024/02/22 17:29:40
S107358,62%,3.86,3.55,12.47,2024-03-26
S107359,81.84,1.54,0.84,16.32,01/03/2024
S107360,100.0,2.58,2.35,7.02,24/04/2024
S107361,64.21,1.69,0.44,11.58,2024-03-20
S107362,61%,3.22,0.49,18.99,19/05/2024
S107363,84.12,2.98,4.84,17.48,2024-02-03
S107364,77.54,1.84,0.74,10.36,2024-02-20
S107365,88.16,3.13,3.25,9.53,05/02/2024
S107366,80.35,0.35,0.24,9.4,24/04/2024
S107367,59.7%,4.89,0.86,9.89,20/02/2024
S107368,81.54,2.64,3.28,16.03,2024-05-25
S107369,66.91,1.74,5.92,23.41,2024-03-09
S107370,82.13,1.08,0.54,24.25,2024-05-22
S107371,74.01,5.36,,8.55,17/04/2024
S107372,96.25,2.43,7.14,17.31,2024-05-05
S107373,63.09,4.23,1.02,16.97,27/04/2024
S107374,0.6745,5.42,2.16,16.48,2024-02-26
S107375,89.64,4.48,1.41,8.16,2024-01-17
S107376,84.21,3.85,1.52,9.8,2024-04-09
S107377,68.17,1.23,0.1,17.41,2024-01-16
S107378,67.84,3.22,1.31,12.31,22/01/2024
S107379,81.65,1.13,1.85,15.63,2024-01-21
S107380,67.92,3.81,0.64,7.9,2024-03-30
S107381,90.2%,2.53,6.5,11.57,31/01/2024
S107382,78.67,4.26,1.19,5.66,2024-03-28
S107383,52.1,1.7,0.03,16.85,2024-03-25
S107384,60.0,3.44,2.1,12.56,2024-04-27
S107385,66%,6.76,1.85,16.86,2024/02/29 04:39:32
S107386,92.81,2.71,4.34,12.43,2024-05-21
S107387,67.63,3.04,0.49,16.65,2024-04-21
S107388,81.66,1.83,0.84,27.64,2024-05-04
S107389,0.8264,2.48,3.12,11.33,2024-05-23
S107390,68%,2.58,0.43,18.44,2024-01-23
S107391,67.33,5.63,1.89,10.38,2024-03-19
S107392,80.65,2.28,0.17,14.08,18/05/2024
S107393,67.7%,4.16,1.34,18.31,2024-04-09
S107394,90.6%,4.77,3.77,16.98,05-25-2024
S107395,83.69,5.08,2.12,19.84,2024-05-08
S107396,91.9,5.09,5.79,21.7,2024-03-23
S107397,72.76,2.73,1.46,19.65,2024-05-08
S107398,84%,5.65,1.29,21.44,2024-02-06
S107399,68.45,4.13,1.82,16.49,2024-03-03
S107400,91.19,3.46,5.86,9.9,2024-03-11
S107401,72.73,2.55,0.99,20.6,2024-05-24
S107402,73.7,4.24,0.92,12.33,26/04/2024
S107403,99.37,4.07,5.51,19.86,26/05/2024
S107404,71.15,3.92,0.88,6.21,2024-02-29
S107405,81.95,3.23,,12.51,2024-05-02
S107406,65.34,3.94,0.32,10.16,2024-02-08
S107407,64.21,3.77,3.15,17.75,2024-01-10
S107408,69.74,4.71,1.48,10.96,2024-04-27
S107409,78.68,6.78,3.41,14.89,2024-03-19
S107410,46.4,3.6,1.68,13.98,2024-01-22
S107411,64.59,4.68,0.01,22.19,2024-04-20
S107412,70.4%,5.22,2.02,18.3,2024-05-19
S107413,75.95,4.2,5.18,17.03,02-08-2024
S107414,58.2,3.12,2.75,15.14,2024-05-07
S107415,64%,3.58,5.15,9.63,2024-01-29
S107416,92.7,3.86,7.88,8.86,2024-02-24
S107417,67.0,2.13,5.03,16.94,2024-02-06
S107418,85.55,3.44,1.2,5.1,2024-02-17
S107419,94%,2.55,0.55,14.74,05-20-2024
S107420,58.31,3.2,4.89,15.75,2024-04-06
S107421,82.76,2.05,0.11,5.13,05-10-2024
S107422,61.07,3.87,2.44,14.61,2024-02-16
S107423,70.83,2.47,2.28,15.04,2024-04-07
S107424,79.0%,3.3,0.53,29.55,2024/03/02 11:49:02
S107425,78.8,4.08,5.22,15.07,2024-01-30
S107426,100.0,5.2,0.55,21.13,03-19-2024
S107427,72.05,1.28,0.96,18.13,19/03/2024
S107428,58%,3.64,0.09,16.81,2024-01-12
S107429,74.46,4.16,1.54,20.81,20/03/2024
S107430,59.67,3.68,1.01,4.9,2024-02-07
S107431,75.48,0.23,1.62,14.38,2024-03-30
S107432,87.0%,3.37,3.67,16.97,2024-04-27
S107433,68.28,4.4,0.67,8.26,2024-05-20
S107434,73.83,6.86,2.18,14.67,08/02/2024
S107435,79.12,3.09,1.78,15.66,03/03/2024
S107436,88.93,6.02,1.21,13.82,2024-04-02
S107437,79.75,1.42,3.38,8.79,2024-03-11
S107438,79.0,2.1,1.3,9.72,2024-03-16
S107439,73.66,0.03,0.13,12.76,02/04/2024
S107440,83.34,4.2,1.81,17.69,04-04-2024
S107441,47.12,1.87,0.12,15.67,14/05/2024
S107442,0.8055,2.83,0.94,16.39,2024-05-16
S107443,87.12,3.17,0.3,13.38,2024-05-29
S107444,66.17,5.54,,9.12,16/01/2024
S107445,53.45,2.56,0.01,12.85,31/03/2024
S107446,62.07,2.6,0.03,9.17,08/02/2024
S107447,66.02,3.2,1.6,0.0,03-23-2024
S107448,60%,4.24,0.4,14.91,2024-05-15
S107449,60.5,1.52,1.96,13.18,2024-05-24
S107450,67.27,3.13,0.27,23.66,03-08-2024
S107451,94.85,2.65,0.95,19.82,02/02/2024
S107452,90%,2.59,8.0,18.33,06/02/2024
S107453,69.82,2.59,2.34,8.0,2024-02-17
S107454,82%,1.53,4.78,22.14,23/05/2024
S107455,93.9%,0.0,2.11,15.99,14/05/2024
S107456,77.46,4.26,2.92,12.5,27/01/2024
S107457,58%,1.65,0.46,9.52,28/04/2024
S107458,77.76,2.74,3.55,10.42,2024-03-19
S107459,75.46,2.65,1.67,13.2,2024/05/25 15:31:10
S107460,94.09,4.52,0.45,7.81,2024-02-17
S107461,70.15,1.17,2.22,15.27,2024-05-04
S107462,86.01,1.27,1.37,13.84,2024-02-03
S107463,81.15,1.56,2.41,19.81,2024/01/19 11:59:14
S107464,52.87,2.36,1.8,13.96,2024-04-19
S107465,83%,3.5,7.34,2.25,2024-02-12
S107466,59.36,2.74,0.02,12.83,2024-02-06
S107467,86%,2.9,0.86,7.1,2024-04-23
S107468,66.54,3.14,0.01,10.82,2024-03-09
S107469,60.52,2.33,1.31,8.39,2024/04/29 16:08:35
S107470,58%,2.04,6.65,29.63,2024-02-18
S107471,63.1%,6.46,0.65,12.62,2024-01-15
S107472,99.3%,1.43,0.54,20.02,23/01/2024
S107473,93.8%,5.54,2.18,12.86,05/02/2024
S107474,68.67,0.0,0.09,13.41,2024/04/22 06:58:07
S107475,80.49,1.02,0.74,11.67,06/04/2024
S107476,78.57,3.14,0.37,10.13,2024-01-28
S107477,81.59,3.56,1.54,10.28,2024/02/10 17:29:19
S107478,69.27,3.98,0.2,17.62,05/03/2024
S107479,51.89,5.82,,14.58,2024-02-06
S107480,56.38,0.0,1.62,24.3,2024-02-14
S107481,97.86,2.0,0.08,13.46,2024/05/02 08:32:33
S107482,75.68,4.36,0.37,13.07,2024-01-25
S107483,53.08,3.71,1.31,15.28,2024-05-15
S107484,71.34,2.67,,19.24,2024-01-10
S107485,56.9,4.92,2.7,15.81,28/03/2024
S107486,79.07,2.4,1.6,24.42,2024-02-19
S107487,47.13,3.01,0.66,33.05,2024-01-31
S107488,72%,0.77,3.19,20.73,2024-01-20
S107489,64%,3.97,1.08,17.63,2024-03-09
S107490,62.17,4.02,0.44,0.99,2024-05-17
S107491,69%,4.24,0.09,24.69,2024-03-21
S107492,100.0,3.13,0.73,23.59,2024-02-13
S107493,77.3,2.97,0.12,25.74,2024-03-01
S107494,79.14,0.92,1.55,20.57,2024-03-08
S107495,50.76,0.39,2.62,8.36,11/05/2024
S107496,67.31,5.38,0.52,8.24,01-27-2024
S107497,47.65,2.81,,7.37,2024-02-12
S107498,76.96,1.7,1.08,15.56,03-30-2024
S107499,57.89,5.43,0.49,10.09,2024-01-28
S107500,76.96,1.85,3.76,21.01,19/02/2024
S107501,75.15,4.1,5.43,11.0,04-05-2024
S107502,67.44,2.14,0.8,12.72,2024/04/08 00:01:42
S107503,67%,4.75,0.91,16.85,2024-02-29
S107504,72.1,4.13,1.39,11.65,2024-03-18
S107505,62%,4.17,2.0,8.64,2024-04-10
S107506,95.48,4.52,1.05,2.31,2024-05-11
S107507,49.21,4.03,0.27,21.52,04/03/2024
S107508,76.1,2.59,0.42,8.55,01/04/2024
S107509,89.53,3.03,0.2,12.32,2024-05-16
S107510,64.91,0.92,1.81,12.4,03/04/2024
S107511,100.0,2.14,2.15,0.57,2024-03-08
S107512,85.02,0.99,0.72,17.01,25/02/2024
S107513,63.98,2.95,2.18,24.83,2024/01/21 23:19:22
S107514,71.73,0.38,5.41,21.72,11/03/2024
S107515,57.17,2.42,0.7,12.37,17/05/2024
S107516,60.39,0.32,0.25,22.38,2024-04-18
S107517,100.0,4.6,0.39,2.86,2024-05-22
S107518,97.05,0.05,0.09,20.83,2024-04-19
S107519,83.36,0.93,6.5,9.88,05-21-2024
S107520,75.58,0.01,4.38,21.78,2024-04-22
S107521,73.76,7.23,0.33,15.25,09/04/2024
S107522,69.41,1.86,1.86,6.57,2024-03-12
S107523,74.43,1.84,1.21,16.73,30/03/2024
S107524,0.7516,3.09,0.3,15.01,03/02/2024
S107525,80.19,3.27,0.08,16.67,2024-05-08
S107526,75.06,3.2,1.86,9.39,15/05/2024
S107527,91.39,1.17,2.09,6.8,17/05/2024
S107528,0.6894,2.48,2.1,19.3,2024-04-07
S107529,0.864,2.31,0.97,14.53,01-14-2024
S107530,83.7,2.89,,19.01,2024-04-19
S107531,84.35,3.66,1.95,18.88,2024-05-24
S107532,71.31,2.81,1.72,19.96,2024-02-21
S107533,77.49,1.62,2.99,26.33,2024-05-02
S107534,70.37,1.22,2.81,16.39,2024-05-12
S107535,47.16,4.29,6.98,8.02,2024-02-15
S107536,63.43,3.79,1.21,9.58,2024-04-27
S107537,81.86,1.69,1.21,12.97,2024-03-24
S107538,66%,2.75,2.7,16.48,2024-02-13
S107539,85.75,4.01,1.1,24.65,01-21-2024
S107540,75.49,5.95,6.5,14.02,2024-04-29
S107541,90.75,3.32,1.6,26.76,2024-01-26
S107542,74.74,2.99,1.99,27.37,2024/05/15 23:01:33
S107543,87.44,3.58,0.5,18.01,2024-03-26
S107544,71.76,3.93,3.73,19.41,2024-01-29
S107545,88%,3.05,2.57,11.78,05-14-2024
S107546,70.97,3.73,0.41,26.76,03-17-2024
S107547,0.7735,5.32,1.6,10.54,2024-03-23
S107548,91.15,3.16,1.47,23.41,03-19-2024
S107549,0.7821,0.0,1.62,7.77,2024-03-26
S107550,66.16,3.78,0.92,19.48,2024-01-29
S107551,55.9,3.88,0.27,22.8,2024-04-12
S107552,72.81,0.12,2.04,21.36,02/03/2024
S107553,83.21,4.5,4.7,11.73,2024-03-06
S107554,60.69,4.6,0.97,13.11,2024-02-12
S107555,74.92,4.57,1.1,25.77,2024-05-01
S107556,82.09,1.87,0.77,11.46,24/03/2024
S107557,64.88,2.78,0.85,11.7,2024-01-25
S107558,84.26,3.31,1.39,25.53,2024-03-16
S107559,82.7,2.54,1.2,14.56,04-21-2024
S107560,61%,1.48,0.46,14.61,05-05-2024
S107561,59.8,6.26,3.89,27.87,2024-04-28
S107562,68.78,0.73,1.35,10.48,2024-05-11
S107563,75.47,2.31,2.78,9.88,2024-04-11
S107564,58.91,3.56,1.91,16.25,01-24-2024
S107565,69.53,3.64,8.0,15.23,19/01/2024
S107566,56.07,3.23,2.71,9.55,2024-03-04
S107567,73.29,3.79,,20.64,02-13-2024
S107568,92.0%,3.11,2.23,15.11,05-13-2024
S107569,74.82,3.31,1.38,15.45,2024-03-27
S107570,62.58,0.66,1.12,14.97,03-22-2024
S107571,72.26,3.81,4.84,7.68,2024-03-27
S107572,86.26,2.92,0.94,9.28,2024-03-01
S107573,75.4,3.58,5.82,3.93,2024-04-13
S107574,50.39,2.9,1.68,22.97,11/04/2024
S107575,83.84,2.95,3.55,15.01,2024/03/14 22:03:44
S107576,87.97,2.02,0.34,21.96,02-05-2024
S107577,70.83,2.44,2.39,11.85,2024-03-22
S107578,77.6%,3.4,0.36,23.04,2024-03-16
S107579,63.67,5.7,1.27,3.68,04-11-2024
S107580,62.97,4.16,1.12,21.8,10/01/2024
S107581,1.0,4.6,3.34,14.45,2024-03-02
S107582,90.12,3.77,2.3,5.3,2024-04-15
S107583,89.57,2.89,1.95,0.0,2024/03/08 02:38:20
S107584,86.75,2.0,0.31,18.51,2024-04-29
S107585,70.77,5.4,8.0,21.93,2024-01-31
S107586,70.88,2.45,0.42,15.43,24/05/2024
S107587,84.71,3.12,0.63,19.22,03-11-2024
S107588,71.38,0.0,0.69,18.12,2024-02-13
S107589,78.98,2.28,2.25,15.39,2024-03-27
S107590,0.6284,0.16,1.96,21.71,05-03-2024
S107591,89.8%,3.22,1.49,4.66,2024-05-14
S107592,95.82,5.36,0.24,15.69,01-27-2024
S107593,66%,6.15,0.05,19.78,2024-04-18
S107594,78.2%,2.36,0.71,11.88,2024-04-13
S107595,87.34,4.47,3.37,16.79,03-28-2024
S107596,73.3,0.85,5.52,6.76,2024-03-10
S107597,67.29,0.51,0.7,15.53,2024-02-11
S107598,74%,0.0,0.74,9.95,03/04/2024
S107599,55.02,2.11,0.2,11.38,2024-01-18
S107600,85.6,3.57,1.79,19.0,2024-03-09
S107601,82.54,6.77,0.72,2.67,24/02/2024
S107602,87.41,2.75,2.74,7.36,15/05/2024
S107603,74.5%,2.78,0.27,20.07,03-31-2024
S107604,92.8%,4.2,0.53,13.9,2024-04-03
S107605,68.14,3.87,0.01,9.86,2024-04-13
S107606,76.38,1.0,3.5,18.15,06/02/2024
S107607,0.6111,3.49,1.75,7.25,2024-05-01
S107608,52.82,3.79,2.97,7.02,23/03/2024
S107609,96.34,2.21,1.8,13.54,2024-03-10
S107610,87.12,3.77,0.44,14.03,2024-05-04
S107611,82.62,4.79,2.02,9.8,2024-01-31
S107612,78%,1.6,0.23,13.15,2024-02-14
S107613,50.83,0.0,0.92,24.33,2024-04-09
S107614,59.5%,3.36,5.0,14.75,13/04/2024
S107615,83%,0.0,0.16,6.95,2024-04-16
S107616,79.4,2.34,0.01,15.17,19/01/2024
S107617,74.13,2.0,2.45,0.16,2024-04-09
S107618,82.42,2.08,0.82,26.28,2024-01-16
S107619,83.96,6.7,0.72,6.69,04/03/2024
S107620,72.15,4.05,0.27,16.44,2024-05-10
S107621,96%,2.39,2.99,16.14,08/04/2024
S107622,89.47,5.78,0.91,9.53,2024/03/28 19:18:48
S107623,64.3%,3.19,1.5,24.1,2024-04-08
S107624,92.26,3.12,0.9,29.4,2024-05-27
S107625,83%,2.63,2.27,9.76,2024-01-27
S107626,68.98,3.61,0.62,19.98,01-21-2024
S107627,75.23,3.1,1.91,8.09,12/05/2024
S107628,72.53,3.91,0.88,24.25,26/05/2024
S107629,0.8347,0.63,0.64,23.85,03/04/2024
S107630,76.31,3.33,1.25,22.07,01-26-2024
S107631,0.7584,4.96,2.04,3.4,2024-04-18
S107632,72.3%,3.69,0.67,11.2,2024-02-04
S107633,50.4%,2.35,0.17,11.3,01-16-2024
S107634,72.56,2.34,1.48,10.83,02/03/2024
S107635,62.57,2.48,4.0,24.3,2024-02-11
S107636,63.61,3.31,0.15,2.32,05-07-2024
S107637,84%,5.19,2.01,17.73,2024-02-02
S107638,60.17,0.74,0.44,20.21,2024-05-28
S107639,57.16,3.68,3.61,10.08,2024-04-17
S107640,91.67,1.85,3.86,18.53,04-06-2024
S107641,72.31,0.65,4.7,18.09,2024-03-02
S107642,100.0,3.25,1.1,13.1,2024/01/16 05:11:55
S107643,79.6,1.57,0.07,22.61,2024-03-20
S107644,58.41,3.7,1.38,11.2,28/04/2024
S107645,81.4%,2.65,1.33,22.62,2024-05-16
S107646,87.95,1.96,0.63,15.92,2024-05-10
S107647,81.4,0.96,0.5,12.82,2024-04-24
S107648,78.31,1.83,,13.43,01-29-2024
S107649,49.83,2.04,1.37,5.28,2024-05-18
S107650,66.0%,2.49,0.48,12.47,19/02/2024
S107651,91.99,2.24,0.99,7.14,03-25-2024
S107652,83%,4.19,1.53,16.85,2024-05-07
S107653,76.59,3.34,1.32,21.3,2024-03-09
S107654,74.82,3.74,0.35,18.2,2024-03-22
S107655,77.65,4.67,0.5,10.01,2024-05-04
S107656,95.6,1.69,2.29,13.14,08/02/2024
S107657,48.94,2.85,0.85,16.94,2024-04-23
S107658,0.533,4.35,8.0,17.31,2024-02-03
S107659,54.77,1.16,0.31,26.46,2024-02-12
S107660,69%,0.81,0.35,19.36,2024-03-05
S107661,84.63,4.2,0.01,16.04,2024-01-25
S107662,71.41,3.6,1.39,15.73,2024-03-14
S107663,67.17,0.92,0.82,12.56,2024-02-26
S107664,79%,0.38,1.08,15.0,2024-05-11
S107665,81.8%,2.7,0.39,20.02,30/01/2024
S107666,0.6515,2.24,3.84,10.05,02/04/2024
S107667,78%,1.89,0.69,17.87,08/03/2024
S107668,77.75,0.08,1.29,14.24,02-28-2024
S107669,89.17,3.51,0.42,27.02,06/02/2024
S107670,100.0,0.68,1.44,17.07,2024-05-08
S107671,89.07,5.25,5.77,17.29,2024-05-14
S107672,72%,2.56,0.12,9.01,2024-04-24
S107673,48.07,2.15,5.09,25.25,27/01/2024
S107674,70.21,2.82,2.54,18.55,05-08-2024
S107675,78.13,3.98,2.11,24.55,2024-04-27
S107676,68.46,1.95,2.88,13.71,2024-04-09
S107677,84.65,0.55,0.54,14.99,2024-04-26
S107678,0.7018,2.68,2.78,5.41,2024-04-12
S107679,73.98,3.55,1.18,27.91,2024-03-22
S107680,79.32,3.29,1.26,17.59,2024-03-16
S107681,47.82,5.78,0.22,27.99,04-25-2024
S107682,100.0,4.01,1.02,12.56,03-09-2024
S107683,83.03,2.16,0.22,18.3,2024-03-08
S107684,70.08,3.83,0.17,21.95,2024-05-16
S107685,77.16,1.5,0.68,17.31,2024/05/19 03:03:45
S107686,0.8897,6.57,1.16,12.67,03/03/2024
S107687,0.7392,2.02,0.49,11.68,04-06-2024
S107688,73.72,1.45,1.62,12.57,2024-01-24
S107689,78.5,1.58,1.39,33.69,2024-03-11
S107690,49.49,3.01,1.81,10.65,09/03/2024
S107691,76.78,3.52,2.6,1.1,2024/01/12 06:36:58
S107692,97.85,4.27,2.54,15.26,2024-04-20
S107693,76.96,5.95,1.64,15.17,18/01/2024
S107694,73%,2.07,7.83,12.8,2024-05-03
S107695,78.5%,3.46,0.4,10.65,2024-04-19
S107696,60.86,1.81,3.53,13.08,2024-04-02
S107697,100.0,2.8,0.79,5.76,2024-05-13
S107698,92.21,2.11,2.04,27.45,2024-02-09
S107699,80.11,3.79,1.34,16.72,2024-02-09
S107700,74.48,0.0,5.08,15.83,28/02/2024
S107701,76.83,4.17,2.89,22.36,07/05/2024
S107702,0.7553,3.72,3.0,33.97,2024-02-25
S107703,76.32,4.31,1.0,12.19,02-26-2024
S107704,64.8,4.5,1.21,17.15,2024-05-16
S107705,69.89,1.48,1.1,20.61,03/04/2024
S107706,51.11,3.31,1.0,19.84,2024-02-12
S107707,91.94,1.62,0.17,21.33,02-01-2024
S107708,0.7237,5.15,1.74,21.42,2024-05-28
S107709,52.96,3.25,1.86,12.12,2024-05-13
S107710,85.21,0.95,0.42,23.37,2024-05-27
S107711,53.55,3.7,2.03,14.22,2024-05-18
S107712,63.26,5.2,3.93,16.97,2024-01-12
S107713,75.66,2.88,4.0,19.3,2024-03-09
S107714,70.85,4.4,7.38,10.02,2024-03-11
S107715,0.7899,2.32,0.5,18.04,2024-04-19
S107716,81.91,1.81,5.59,19.34,2024-02-11
S107717,95.74,2.11,0.36,1.75,2024-02-02
S107718,67%,2.02,0.42,24.81,04-24-2024
S107719,73.22,3.59,1.06,9.27,2024-02-29
S107720,90.51,3.03,0.35,16.91,2024-05-02
S107721,75.05,0.96,0.6,25.7,2024-05-28
S107722,69.82,0.54,2.83,19.58,2024-03-04
S107723,67.85,5.04,0.84,22.28,2024-04-16
S107724,84.52,1.47,1.65,22.77,2024-04-02
S107725,57.27,2.47,0.9,11.55,2024-04-25
S107726,70.48,5.86,0.39,7.74,05-26-2024
S107727,78.58,4.11,1.68,17.91,2024-02-20
S107728,65.79,6.09,1.51,19.99,2024-02-17
S107729,70.1,4.87,0.43,22.73,17/05/2024
S107730,70.09,3.53,1.17,20.47,05-20-2024
S107731,87.3%,4.93,6.18,11.56,05-01-2024
S107732,61.07,2.17,1.07,21.16,2024-01-10
S107733,78.85,2.82,0.34,0.29,02-20-2024
S107734,0.6552,2.78,0.34,23.91,2024-03-31
S107735,84.39,2.95,0.88,8.77,04-14-2024
S107736,70.2%,4.92,3.98,8.63,2024-03-20
S107737,59.22,4.33,1.03,32.42,2024-05-12
S107738,86.31,4.02,1.79,15.4,2024-05-03
S107739,46.56,3.4,2.6,13.21,2024-04-18
S107740,66.75,2.92,,6.93,03-06-2024
S107741,82.78,3.37,5.01,18.1,2024-01-22
S107742,65.82,2.3,3.79,20.55,2024-03-07
S107743,73.03,5.05,1.44,12.54,2024-03-25
S107744,86.66,2.81,0.59,0.0,2024-05-20
S107745,68.49,3.79,0.51,26.39,2024-04-10
S107746,78.4,3.73,1.05,12.98,2024-03-21
S107747,86.48,2.62,0.33,12.82,2024/01/18 10:52:21
S107748,64.5,3.78,0.75,14.75,2024-02-23
S107749,80.74,3.76,2.29,9.36,24/01/2024
S107750,66.04,2.93,0.65,23.92,2024-01-12
S107751,56.99,2.97,2.53,20.09,2024-05-17
S107752,54.71,1.24,0.34,18.41,2024-02-16
S107753,54.7,2.52,0.13,31.18,02-29-2024
S107754,76.38,4.37,2.9,10.12,2024-02-09
S107755,65.8%,5.07,6.79,23.94,2024-03-14
S107756,66.51,4.96,1.68,0.0,16/02/2024
S107757,80.5,3.96,2.26,19.51,02-23-2024
S107758,67.3%,1.47,5.65,30.81,2024-04-28
S107759,64.26,4.98,0.44,7.65,2024-02-27
S107760,87.13,6.54,3.87,26.51,2024-02-04
S107761,66.6%,0.62,3.68,5.32,2024-05-19
S107762,71.24,0.91,1.26,29.55,10/01/2024
S107763,62.14,4.83,0.43,11.78,18/05/2024
S107764,72.82,0.35,2.64,9.82,2024-04-25
S107765,75.44,1.45,3.09,11.25,10/04/2024
S107766,65.38,1.58,4.08,15.22,2024-04-29
S107767,74.52,2.62,0.94,13.94,2024-02-13
S107768,78.25,2.37,2.79,14.63,2024-04-26
S107769,74.1,2.52,2.67,17.21,2024-03-19
S107770,58%,4.58,0.38,16.68,2024-02-12
S107771,79.49,3.96,1.78,15.04,16/04/2024
S107772,80.71,4.24,1.61,11.9,13/01/2024
S107773,92.95,2.75,2.55,18.0,2024-03-02
S107774,81%,1.92,1.5,17.63,2024-01-20
S107775,61%,1.82,1.91,17.3,2024-01-13
S107776,80.41,3.85,0.05,14.99,2024-05-07
S107777,78.63,0.7,,10.15,2024-04-14
S107778,0.744,1.8,0.51,15.52,2024-04-01
S107779,73%,2.78,0.5,13.06,2024-03-05
S107780,63.67,0.0,2.47,0.54,2024-05-25
S107781,68.69,3.9,3.03,22.0,2024-01-15
S107782,87.96,4.08,2.64,16.82,2024/01/22 15:41:44
S107783,73.36,3.88,0.89,14.86,01/02/2024
S107784,87.27,1.35,0.87,18.67,29/04/2024
S107785,50.07,3.74,1.71,9.72,2024-04-27
S107786,79.53,4.17,0.67,24.52,2024-02-17
S107787,55%,2.94,2.61,23.45,02-18-2024
S107788,65.06,4.29,0.48,6.87,2024-03-18
S107789,49.85,3.38,8.0,10.57,2024-03-19
S107790,82.06,2.49,0.15,19.73,2024-04-06
S107791,0.6421,3.12,0.72,16.73,21/03/2024
S107792,45.28,0.6,0.38,14.88,2024-05-10
S107793,91.3%,5.01,0.6,18.08,05-15-2024
S107794,85.86,3.49,0.45,1.9,2024-04-26
S107795,0.998,4.54,1.46,8.55,2024-03-25
S107796,80.03,3.49,1.26,10.79,2024/04/03 04:24:36
S107797,0.9146,3.01,1.18,20.34,2024-04-07
S107798,74.37,0.71,2.09,0.0,2024-02-02
S107799,76.34,2.92,0.58,16.27,2024-02-13
S107800,89.37,3.2,0.83,12.36,2024-01-12
S107801,73.41,6.14,0.88,19.56,2024-03-11
S107802,58.62,0.0,,20.66,2024-03-27
S107803,82%,0.94,1.09,26.89,2024/03/13 03:55:18
S107804,74.34,5.0,0.86,6.78,2024-05-24
S107805,84.84,4.78,0.24,9.25,01-19-2024
S107806,83%,4.05,0.55,15.34,21/01/2024
S107807,78.23,3.62,0.27,24.87,26/04/2024
S107808,75.2,1.4,0.39,18.06,14/02/2024
S107809,49.98,2.76,2.97,15.74,2024-04-30
S107810,79.37,4.36,0.7,23.57,2024-04-03
S107811,69%,6.32,3.96,12.22,2024-04-11
S107812,85.21,3.08,1.06,23.19,2024-02-18
S107813,56.6,2.7,1.49,27.15,2024-05-12
S107814,85.21,2.92,1.22,13.93,01/05/2024
S107815,65.7,1.86,0.46,4.15,2024-01-10
S107816,95.2%,3.39,4.89,16.02,13/01/2024
S107817,89.34,2.78,2.71,26.51,2024-01-15
S107818,0.8814,4.57,2.48,18.45,2024-02-14
S107819,96%,0.83,3.44,5.37,20/04/2024
S107820,64.4,2.26,0.92,23.89,2024-05-21
S107821,74.16,4.54,2.38,20.57,21/03/2024
S107822,69.46,5.08,0.11,22.0,2024-03-17
S107823,0.9031,3.14,0.84,22.93,27/01/2024
S107824,69.44,0.0,0.35,11.2,2024-01-27
S107825,74.27,1.91,0.08,22.41,26/05/2024
S107826,81.32,2.04,0.94,10.48,2024-02-07
S107827,79.76,2.51,0.1,6.73,05-02-2024
S107828,73.3%,2.09,8.0,9.2,10/05/2024
S107829,74.43,3.84,3.78,19.85,15/01/2024
S107830,60.62,3.49,3.08,12.14,2024-04-23
S107831,87.08,3.07,0.13,25.33,12/02/2024
S107832,0.6636,2.38,1.67,22.8,15/04/2024
S107833,67.87,5.94,0.72,19.72,2024-02-13
S107834,76.36,4.84,5.0,24.66,2024-01-13
S107835,79.48,0.63,2.25,6.77,2024-03-31
S107836,60.45,1.6,1.18,21.7,2024-03-09
S107837,64.29,2.45,2.98,19.02,12/04/2024
S107838,87.2%,1.62,0.39,6.09,22/01/2024
S107839,77.79,4.21,0.6,9.96,2024-03-03
S107840,82.08,1.49,1.58,13.89,2024-03-19
S107841,79.57,4.9,0.72,13.69,2024-02-26
S107842,82.52,2.19,1.25,14.71,2024-05-29
S107843,78.13,2.18,0.13,10.66,2024-03-28
S107844,70.28,1.95,0.74,25.35,2024-02-01
S107845,98.36,1.39,8.0,6.36,07/02/2024
S107846,91.6,3.96,2.05,6.57,2024-02-06
S107847,83.19,3.83,1.72,8.4,2024/05/21 18:50:20
S107848,55.58,0.32,0.47,10.55,05/02/2024
S107849,83.8,0.52,1.32,10.01,2024-04-01
S107850,67%,2.68,0.37,26.76,15/02/2024
S107851,78.6%,2.52,0.76,10.39,2024-04-13
S107852,75.5%,0.43,3.54,14.15,2024/04/05 04:44:45
S107853,64.42,4.93,0.22,6.16,09/03/2024
S107854,68.31,4.2,1.62,11.72,2024-04-20
S107855,56.14,2.84,0.47,19.21,2024-01-15
S107856,93.42,0.23,0.83,19.76,01-24-2024
S107857,61%,3.05,0.57,21.89,02/03/2024
S107858,77.94,1.81,1.42,8.02,2024-05-10
S107859,76.25,3.94,0.38,10.29,2024-04-07
S107860,85.13,2.54,1.19,20.72,03-09-2024
S107861,100%,3.02,0.56,14.83,04-25-2024
S107862,68.87,1.16,1.63,14.58,05-06-2024
S107863,75.8%,4.1,0.41,19.13,03-14-2024
S107864,89.01,3.71,0.4,21.98,2024-02-09
S107865,63.5%,3.26,4.4,10.11,01-26-2024
S107866,100%,3.36,0.26,14.27,2024-02-16
S107867,53.56,5.01,1.13,14.16,20/03/2024
S107868,59.87,2.4,3.53,8.22,2024-03-30
S107869,86.7%,2.65,2.19,17.1,30/01/2024
S107870,60.78,0.13,0.48,11.23,2024-03-17
S107871,47.16,4.44,0.05,14.96,01-24-2024
S107872,77.05,2.7,0.47,19.55,2024-02-23
S107873,89.38,4.29,1.76,16.88,03-09-2024
S107874,56.39,1.8,3.42,8.79,2024-03-08
S107875,86.39,3.52,1.88,16.43,2024-03-17
S107876,84%,4.13,0.27,15.97,22/04/2024
S107877,90.4,2.41,0.98,11.07,10/01/2024
S107878,72.4%,2.06,2.06,8.96,2024/03/07 15:09:06
S107879,51%,0.39,5.2,16.08,2024-01-24
S107880,70.69,2.27,4.2,5.22,2024-03-09
S107881,67%,6.66,0.64,7.52,2024/05/06 09:05:56
S107882,64.12,6.71,1.74,6.02,02-28-2024
S107883,56.17,4.08,0.01,6.52,2024-04-22
S107884,70.95,3.26,1.75,11.65,2024-01-31
S107885,60.93,5.74,0.63,22.43,16/01/2024
S107886,96.5%,5.06,0.61,19.33,01-24-2024
S107887,100.0,4.31,2.41,22.86,2024-04-07
S107888,53.28,4.4,3.19,10.72,07/05/2024
S107889,57.2,3.95,0.39,0.92,2024-05-27
S107890,67.88,4.67,0.69,10.82,2024-01-26
S107891,66.77,3.14,1.72,22.89,2024-05-05
S107892,87.95,4.8,3.88,12.25,2024-05-24
S107893,85.09,2.36,0.12,14.85,2024-03-13
S107894,68.12,4.23,0.78,13.5,2024-04-18
S107895,48.76,3.08,1.95,19.88,2024/03/17 02:54:26
S107896,64.5%,1.93,0.21,20.81,2024-02-13
S107897,63.35,2.03,1.69,4.16,2024-03-01
S107898,0.4188,4.69,0.32,0.0,2024-05-22
S107899,64.5%,5.42,3.32,19.58,07/05/2024
S107900,50.62,4.88,1.43,13.51,13/03/2024
S107901,57.55,1.31,0.03,19.59,2024-03-05
S107902,75.83,1.37,1.89,13.04,2024-05-26
S107903,98.9,2.86,0.58,18.65,2024-01-18
S107904,79.88,4.56,0.64,14.05,03/04/2024
S107905,72%,3.93,0.01,9.96,2024-02-28
S107906,64%,2.82,0.75,12.22,2024-02-20
S107907,0.9441,1.95,1.82,13.82,2024-03-10
S107908,80.38,5.06,0.22,19.28,2024-03-21
S107909,63.11,1.18,3.05,13.8,01/03/2024
S107910,55.08,1.04,0.83,7.5,2024-05-17
S107911,73.34,2.52,0.31,26.65,2024/03/08 14:07:47
S107912,61.5%,3.33,5.73,17.18,2024-02-22
S107913,72.44,1.99,1.4,24.53,2024-02-17
S107914,74.45,3.4,3.62,7.35,2024-01-11
S107915,50.5%,4.08,0.16,13.22,2024-03-04
S107916,99.65,2.5,0.42,16.34,01/04/2024
S107917,87.65,3.89,2.52,19.61,2024-02-11
S107918,76.34,0.0,1.76,1.79,2024-05-03
S107919,71.02,1.09,0.14,2.0,2024-01-22
S107920,85%,1.44,2.61,10.37,2024-03-06
S107921,87.86,5.85,1.58,18.83,2024-04-04
S107922,56.58,1.47,0.64,10.29,2024-01-24
S107923,63.91,1.38,0.56,14.11,29/02/2024
S107924,80.58,3.58,1.55,15.36,06/02/2024
S107925,83.66,2.47,,9.2,03-13-2024
S107926,90%,1.63,0.38,25.25,13/02/2024
S107927,96.31,0.87,0.2,9.43,2024-04-10
S107928,91%,5.74,3.51,0.54,2024-01-17
S107929,73.78,3.81,,8.12,23/05/2024
S107930,66.28,0.19,0.16,9.17,2024-02-20
S107931,79.35,2.71,0.12,16.22,20/04/2024
S107932,94.4%,4.25,2.15,16.58,06/04/2024
S107933,87.5%,4.58,0.95,19.11,02/03/2024
S107934,77.16,2.69,1.45,28.16,2024-04-25
S107935,0.7598,3.6,4.11,15.2,03/04/2024
S107936,58.8,3.27,2.43,20.91,2024-01-28
S107937,66.61,4.31,0.22,11.88,2024-01-26
S107938,82.81,2.19,0.68,17.03,26/01/2024
S107939,84.83,1.39,1.5,12.56,2024-04-28
S107940,89.24,3.57,1.35,13.95,2024-03-07
S107941,73%,1.5,3.36,16.16,2024-05-05
S107942,76.76,3.87,0.23,21.89,2024-02-07
S107943,84.94,1.61,1.73,14.62,27/03/2024
S107944,70.98,1.91,2.05,14.6,27/01/2024
S107945,75.18,3.15,0.44,17.19,13/01/2024
S107946,49.96,0.58,2.21,21.15,02-29-2024
S107947,57.36,3.54,2.05,5.14,2024-02-21
S107948,30.0,4.28,2.55,16.71,18/03/2024
S107949,71.63,5.16,,5.68,2024-03-19
S107950,93.48,3.78,0.41,24.16,2024-03-14
S107951,74%,3.6,1.24,17.37,02/05/2024
S107952,61%,5.69,,23.59,2024-04-09
S107953,65.9,2.71,0.06,3.35,2024-01-15
S107954,0.4774,3.06,0.31,13.82,2024-01-21
S107955,66.4,1.94,2.61,21.09,2024-04-04
S107956,81.02,0.13,1.8,24.83,04-03-2024
S107957,85%,1.33,0.53,17.45,10/02/2024
S107958,87.36,0.37,3.37,12.01,2024-05-20
S107959,53.48,3.06,1.56,13.11,20/04/2024
S107960,71%,1.59,1.21,7.7,22/01/2024
S107961,68.21,0.01,1.94,25.24,2024-03-20
S107962,0.8866,4.37,1.27,19.56,23/04/2024
S107963,86.95,3.8,1.47,13.74,2024-04-04
S107964,81.22,4.47,1.63,18.81,23/02/2024
S107965,75.25,2.77,2.46,14.23,03-22-2024
S107966,63.43,2.56,5.87,12.89,2024-03-18
S107967,78.74,2.3,0.97,9.71,17/03/2024
S107968,56.4%,0.4,,9.83,2024-04-22
S107969,86.75,5.49,1.61,17.66,14/03/2024
S107970,84.63,4.16,3.7,22.33,03-13-2024
S107971,44.94,1.06,1.63,12.65,2024-04-15
S107972,62.94,2.42,0.53,9.45,2024-05-27
S107973,60.9,2.87,0.76,21.67,2024/02/08 10:18:09
S107974,83.04,4.03,1.23,15.55,01-11-2024
S107975,63.99,3.13,4.01,0.0,05-21-2024
S107976,71.65,2.44,4.25,10.06,05-28-2024
S107977,69.29,2.45,0.86,18.28,2024-03-09
S107978,70.52,3.39,0.26,9.47,2024/02/05 06:06:19
S107979,73.31,3.38,2.77,15.36,01-22-2024
S107980,91.9%,1.64,0.71,6.29,2024-02-09
S107981,63.72,2.95,1.42,12.12,03/02/2024
S107982,88.69,6.04,4.11,7.39,11/05/2024
S107983,78%,1.15,0.93,6.38,2024-03-30
S107984,74.24,1.03,2.67,9.69,01/02/2024
S107985,97%,2.44,0.73,21.11,2024-03-17
S107986,70.48,0.73,5.91,17.92,05-25-2024
S107987,72.97,3.45,0.46,29.36,11/04/2024
S107988,72.18,5.82,0.61,10.82,01-27-2024
S107989,61.34,0.0,2.36,22.13,2024-04-20
S107990,0.8644,4.68,0.81,28.01,30/03/2024
S107991,81.41,2.85,2.04,22.83,2024-04-24
S107992,89.17,4.25,0.55,22.95,13/01/2024
S107993,76.89,5.42,3.54,15.85,05/03/2024
S107994,77.52,2.67,0.16,16.62,2024-01-13
S107995,0.8518,1.3,1.16,8.55,2024-03-29
S107996,89%,2.8,0.45,0.0,21/01/2024
S107997,56.06,3.12,2.95,16.43,2024-02-19
S107998,0.6459,3.61,0.02,8.28,2024-04-09
S107999,74.52,5.0,1.55,12.02,2024/04/05 05:00:23
S108000,88.38,3.96,0.78,9.22,28/02/2024
S108001,73.04,4.73,0.59,17.27,2024-03-08
S108002,63.72,5.52,2.16,13.6,03-04-2024
S108003,75.52,2.93,0.23,23.8,2024-01-24
S108004,84.77,1.19,2.21,9.94,02/05/2024
S108005,100.0,3.71,3.74,16.26,02-22-2024
S108006,64.6,2.96,4.08,13.66,2024-02-17
S108007,67.83,4.13,0.29,12.94,2024-01-31
S108008,0.6616,2.97,1.64,14.46,2024-04-12
S108009,89.0,2.99,2.63,25.64,2024/02/28 03:54:05
S108010,61%,2.69,3.31,20.9,2024-01-23
S108011,61.53,3.62,5.23,11.81,2024-03-29
S108012,56%,1.44,2.44,10.72,2024-02-22
S108013,86.63,1.13,0.51,9.52,2024-05-13
S108014,98.43,2.86,0.61,15.81,25/04/2024
S108015,79.39,3.47,0.1,4.39,05-17-2024
S108016,77.91,3.97,2.97,13.49,2024-03-02
S108017,80.18,4.07,4.32,17.67,2024-05-04
S108018,63.03,3.37,0.42,9.92,2024-02-29
S108019,86.8%,1.43,0.38,15.28,2024-02-12
S108020,75.65,1.34,0.31,16.86,2024-02-26
S108021,74.04,3.7,2.79,2.66,14/02/2024
S108022,100.0,2.13,2.17,16.44,04-19-2024
S108023,85.16,3.96,5.64,11.79,2024-05-04
S108024,56%,1.3,2.12,27.93,2024-02-10
S108025,67.51,1.72,0.6,16.39,2024-05-16
S108026,83.0%,5.41,2.14,8.57,01-25-2024
S108027,84.2,2.7,0.63,2.28,05/04/2024
S108028,72.85,3.76,3.23,14.65,24/02/2024
S108029,75.33,2.45,1.74,24.14,13/01/2024
S108030,68.55,2.9,0.74,10.76,02-15-2024
S108031,58%,3.45,0.16,17.2,29/04/2024
S108032,88%,0.93,6.19,20.18,2024-01-27
S108033,47.71,1.3,0.72,19.81,05-25-2024
S108034,93.43,4.51,7.21,14.97,2024-02-28
S108035,74.04,2.6,0.15,10.39,28/04/2024
S108036,67.28,4.53,4.55,13.18,01-11-2024
S108037,100.0,1.13,6.51,7.51,12/05/2024
S108038,97.69,1.88,2.98,8.4,04/05/2024
S108039,66.3%,2.57,1.22,21.93,2024-04-03
S108040,85.14,2.27,5.52,17.35,2024-03-09
S108041,78.3%,1.87,8.0,17.01,2024-04-27
S108042,72.58,1.6,1.36,9.98,2024-01-24
S108043,68.67,3.64,0.04,23.38,06/02/2024
S108044,59.23,2.43,5.96,13.37,2024-05-29
S108045,71.71,4.28,1.94,15.92,05/05/2024
S108046,100.0,3.2,2.81,23.15,23/05/2024
S108047,87.65,5.17,2.63,9.94,2024-02-23
S108048,74.01,0.71,2.43,10.55,18/04/2024
S108049,94.32,3.59,,22.24,19/03/2024
S108050,83.7%,5.91,1.74,20.7,2024-03-19
S108051,85.2%,2.47,0.62,17.41,12/04/2024
S108052,63.05,0.17,1.53,0.0,20/02/2024
S108053,60.4,3.08,2.57,23.95,2024-04-07
S108054,99.55,1.37,0.78,10.73,23/03/2024
S108055,0.5772,1.55,2.07,10.94,09/05/2024
S108056,78.15,2.38,2.45,13.6,2024-02-05
S108057,81.68,3.21,0.61,6.61,03/04/2024
S108058,66.85,2.01,0.69,23.53,2024-04-04
S108059,92.96,3.25,0.73,16.21,2024-04-16
S108060,82.4,3.1,5.05,19.9,2024-02-08
S108061,78.4,2.56,2.77,9.58,23/05/2024
S108062,73.07,4.1,1.16,21.91,2024-05-04
S108063,100.0,0.0,0.12,24.97,2024-02-09
S108064,65.78,2.94,0.46,6.08,2024-05-13
S108065,69.21,5.67,3.25,7.13,29/03/2024
S108066,71.4%,2.09,2.29,9.36,17/05/2024
S108067,82.12,1.26,0.47,21.47,2024-05-05
S108068,64.55,4.54,1.72,16.27,2024-05-03
S108069,63.45,5.55,0.15,14.54,05-16-2024
S108070,54.62,5.12,3.66,17.57,2024-03-19
S108071,67%,3.75,0.17,28.53,2024-05-24
S108072,65.57,3.73,1.26,2.78,04-14-2024
S108073,86%,1.76,0.45,12.83,06/02/2024
S108074,58.02,2.74,2.51,0.0,2024-02-09
S108075,51.34,6.84,1.86,18.55,03-10-2024
S108076,1.0,2.14,0.55,22.61,2024-01-29
S108077,0.8694,1.65,0.6,12.85,2024-03-26
S108078,100.0,3.64,2.17,19.57,2024-05-17
S108079,71.49,3.84,4.61,4.25,2024-05-12
S108080,83.57,4.14,1.43,18.35,17/04/2024
S108081,64.51,2.99,2.79,32.18,24/04/2024
S108082,76%,0.6,2.98,12.33,2024-03-04
S108083,73%,0.0,1.2,17.92,2024-02-09
S108084,86.81,4.27,2.26,10.87,26/01/2024
S108085,95.97,7.79,1.44,16.23,2024-02-05
S108086,75.23,2.72,0.09,22.75,2024-04-23
S108087,55.35,1.69,8.0,19.19,03-25-2024
S108088,91.0%,3.41,0.41,14.28,26/01/2024
S108089,53.19,1.36,3.06,14.17,2024-01-29
S108090,66.11,1.61,1.9,6.59,2024-04-19
S108091,79.89,3.89,2.12,22.13,2024-03-01
S108092,68.04,2.88,,20.24,2024-01-29
S108093,78.87,2.41,1.01,6.21,2024-04-25
S108094,77.3%,4.85,1.8,16.23,2024-01-17
S108095,67%,5.16,4.0,8.51,24/04/2024
S108096,65.83,4.4,1.05,11.81,2024-01-23
S108097,69.63,2.42,0.37,20.68,15/03/2024
S108098,94.67,1.52,0.37,21.93,2024-04-19
S108099,57.11,3.96,0.22,19.98,2024-02-02
S108100,64.53,1.05,1.61,13.11,2024-05-09
S108101,86.62,0.75,1.45,18.22,22/03/2024
S108102,100.0,0.38,1.44,9.59,2024/03/09 12:49:14
S108103,69.95,3.3,6.3,20.27,2024-01-28
S108104,74.1,2.07,2.17,14.87,2024-02-19
S108105,99.11,3.52,1.3,11.68,2024-01-15
S108106,82.51,6.02,4.85,9.9,2024-03-26
S108107,84.45,2.38,0.65,19.75,2024/01/19 06:45:12
S108108,82.8%,2.5,2.97,14.04,2024/04/12 16:27:07
S108109,61%,1.71,1.22,11.57,2024-02-27
S108110,69.88,2.32,3.7,11.55,24/02/2024
S108111,74.6,5.42,3.34,6.3,2024-03-23
S108112,69.29,5.61,2.84,16.17,31/03/2024
S108113,71.9,1.38,1.91,17.01,04-18-2024
S108114,62.6%,2.56,2.13,4.63,2024-02-14
S108115,78.37,3.25,1.0,7.47,2024-03-01
S108116,74.7,3.12,0.98,3.46,2024-03-06
S108117,79.6,3.56,1.09,23.43,2024-02-28
S108118,74.72,5.0,1.63,19.33,2024-03-24
S108119,0.7314,2.71,3.31,22.73,24/05/2024
S108120,68.59,2.76,0.22,26.34,2024-04-02
S108121,88.16,4.44,,18.07,2024-04-05
S108122,53.8%,4.38,0.74,14.58,2024-03-17
S108123,91.23,0.23,3.1,16.37,2024/03/18 12:46:58
S108124,79.42,3.82,1.94,10.49,2024-03-05
S108125,61.87,1.38,0.24,9.37,26/01/2024
S108126,55.02,3.3,5.96,12.06,21/02/2024
S108127,73.19,0.08,5.89,13.26,17/03/2024
S108128,81.31,2.96,0.36,3.38,2024-01-25
S108129,80.27,5.31,1.89,6.35,2024-02-08
S108130,67.89,5.27,,6.11,14/02/2024
S108131,77.5%,1.83,1.77,5.81,04-23-2024
S108132,83.3%,2.86,0.47,19.46,2024/01/17 06:50:50
S108133,83.29,5.06,1.59,12.66,2024-01-23
S108134,88%,3.72,0.51,13.65,2024-04-01
S108135,65.84,2.57,2.86,17.68,2024-01-22
S108136,84.1%,2.34,1.34,20.76,12/03/2024
S108137,69.89,4.28,0.82,18.19,2024-01-26
S108138,80.45,2.38,4.28,26.46,2024-01-22
S108139,66.99,4.32,0.02,15.28,2024-05-05
S108140,74.95,1.75,1.21,16.38,02-15-2024
S108141,87.48,4.86,1.11,10.76,2024-01-23
S108142,69.48,3.92,2.99,1.74,29/05/2024
S108143,62.6%,4.14,0.93,15.55,2024-03-28
S108144,64.0%,1.24,0.25,21.05,2024-02-11
S108145,77.25,0.72,0.5,9.8,2024-04-15
S108146,94.85,2.4,1.55,11.42,06/02/2024
S108147,57.03,6.62,3.23,21.72,2024-05-14
S108148,84.61,1.24,3.99,14.66,06/02/2024
S108149,70.54,1.63,1.69,8.54,2024/02/16 07:38:21
S108150,86%,1.96,1.26,8.29,2024-04-23
S108151,68.9,1.61,0.99,19.59,12/02/2024
S108152,75.27,2.13,7.99,14.08,05/03/2024
S108153,0.6809,7.66,0.64,13.98,2024-01-12
S108154,56.7,0.0,2.4,5.34,2024-05-17
S108155,86.27,3.19,2.92,18.34,02-25-2024
S108156,57.13,2.25,0.94,22.23,2024-05-01
S108157,96.67,3.67,3.81,12.46,2024-02-28
S108158,71%,3.77,7.58,17.87,24/01/2024
S108159,0.9937,3.11,0.93,12.15,2024-04-26
S108160,78.87,3.34,2.31,19.16,2024-01-14
S108161,75.6%,0.27,6.32,18.46,05-20-2024
S108162,80%,2.9,0.23,12.31,2024-02-03
S108163,80.89,1.86,1.32,0.11,2024-05-01
S108164,67.64,2.73,0.85,9.4,2024-02-18
S108165,65.86,1.39,0.91,17.41,2024-02-14
S108166,59.21,1.96,2.12,21.19,2024/03/10 14:50:09
S108167,73.4%,3.68,1.92,10.77,04-12-2024
S108168,99.93,4.37,0.53,24.41,15/02/2024
S108169,85.2,1.86,0.6,25.46,07/02/2024
S108170,77.5%,5.49,2.54,19.89,06/03/2024
S108171,41.64,4.85,0.61,7.05,11/05/2024
S108172,62.52,2.9,0.7,19.98,03/02/2024
S108173,90%,2.87,0.47,11.23,2024-02-01
S108174,80.3,0.84,0.3,10.85,2024-03-25
S108175,86.1%,2.9,1.28,18.17,2024-05-02
S108176,80.03,4.8,0.01,18.0,2024-03-30
S108177,89.07,0.0,1.21,18.19,2024/05/29 00:09:59
S108178,100.0%,1.59,0.41,19.6,28/03/2024
S108179,76.16,1.62,0.07,14.6,2024-05-12
S108180,66.79,4.75,0.26,4.86,2024-05-11
S108181,70.66,5.32,1.17,29.58,2024/01/22 17:46:33
S108182,51.7%,4.31,1.3,12.26,29/04/2024
S108183,72%,3.66,8.0,10.01,2024-01-14
S108184,93.05,4.95,1.79,6.5,2024-04-15
S108185,81.3%,3.62,3.47,16.06,2024-02-22
S108186,67.04,4.15,0.09,15.25,01/02/2024
S108187,65.19,2.98,2.33,14.16,24/01/2024
S108188,78.1,3.37,1.24,25.49,2024-04-12
S108189,75%,0.0,2.19,19.61,2024-02-04
S108190,77.4,1.04,0.18,7.88,2024-01-18
S108191,75.15,2.35,1.34,29.52,29/02/2024
S108192,30.0,3.74,0.33,4.39,01-14-2024
S108193,91.98,2.55,0.04,14.19,02-24-2024
S108194,77.18,2.17,0.49,9.89,07/05/2024
S108195,89.6,0.0,0.51,17.59,18/04/2024
S108196,0.6721,3.49,1.32,19.45,2024-03-21
S108197,71.15,4.09,0.77,12.11,2024-05-03
S108198,98%,4.08,1.06,22.35,2024-01-12
S108199,81.6%,2.15,2.72,16.39,2024-02-20
S108200,58%,2.09,,25.23,2024/01/30 08:13:49
S108201,0.7318,3.86,0.37,21.5,05-23-2024
S108202,93.36,2.27,,11.7,2024-03-26
S108203,81.53,6.69,1.7,22.39,2024-02-13
S108204,76.04,4.4,0.12,10.48,2024-04-04
S108205,80.12,4.77,0.41,19.39,14/02/2024
S108206,71.1%,2.92,4.44,18.69,2024-03-10
S108207,75.5%,1.73,0.3,11.38,2024-01-24
S108208,63.47,2.45,6.91,1.04,11/05/2024
S108209,90.44,4.06,0.35,25.34,01-17-2024
S108210,77.56,4.01,0.35,17.93,2024-02-11
S108211,65.1%,3.85,5.72,15.14,2024-03-20
S108212,74.61,5.06,4.24,15.13,2024-05-04
S108213,88.13,2.37,0.03,21.82,24/05/2024
S108214,83.17,4.55,1.0,30.3,2024-01-15
S108215,63.46,2.11,0.93,21.32,2024-01-23
S108216,80.39,2.16,2.57,17.57,11/03/2024
S108217,82.96,2.54,1.5,17.0,2024-03-17
S108218,75.89,4.06,2.27,17.55,2024-02-20
S108219,65.03,2.73,0.84,7.97,04-23-2024
S108220,61.16,2.34,0.07,19.1,20/03/2024
S108221,0.7461,2.92,0.8,5.83,14/02/2024
S108222,59.6%,4.64,0.59,18.09,2024-02-17
S108223,93.62,6.44,1.13,11.7,05-10-2024
S108224,0.6709,4.62,0.82,21.06,2024-03-24
S108225,75%,4.22,2.11,17.66,2024-02-16
S108226,65.39,2.1,0.04,12.54,2024-05-07
S108227,54.95,2.71,0.7,7.93,02-01-2024
S108228,86.29,5.7,1.5,25.33,2024/05/06 03:25:01
S108229,64.21,3.06,0.68,14.4,21/02/2024
S108230,75.03,5.36,8.0,27.18,2024/05/12 13:24:08
S108231,56.29,1.98,0.75,6.38,2024-02-02
S108232,93.88,1.73,2.07,13.23,2024-03-18
S108233,60.74,5.45,1.24,0.0,2024-03-05
S108234,79.3,4.46,1.29,20.29,2024-03-14
S108235,72.57,4.76,0.29,20.87,30/01/2024
S108236,71.8%,5.29,0.98,10.76,2024-05-24
S108237,88.81,2.56,1.71,10.42,2024-03-31
S108238,73.74,5.04,0.1,12.28,16/01/2024
S108239,74.47,5.44,1.33,13.32,2024-04-08
S108240,78.03,2.24,0.37,11.08,2024-05-29
S108241,43.18,3.62,3.18,22.57,2024-05-07
S108242,61.4,2.93,0.58,11.72,22/02/2024
S108243,78.54,1.01,3.62,1.73,04-02-2024
S108244,78.65,1.76,6.39,13.22,04-30-2024
S108245,53.13,2.96,2.33,11.41,2024-04-18
S108246,66.2,1.61,1.04,5.85,2024-03-18
S108247,86.6,5.48,1.02,16.32,2024-05-23
S108248,78.1%,3.23,1.06,1.52,2024-03-08
S108249,78%,4.59,0.1,17.67,20/05/2024
S108250,57.79,2.57,1.18,14.77,2024-02-14
S108251,85.11,2.67,3.24,11.06,2024-03-10
S108252,99.3%,2.1,0.42,6.98,2024-01-13
S108253,55.98,3.54,1.34,4.76,2024-05-25
S108254,100.0,2.07,3.65,21.17,2024-03-24
S108255,67.72,2.14,0.11,12.9,2024-05-06
S108256,72.86,1.17,4.99,3.25,24/05/2024
S108257,100%,5.79,3.88,14.92,2024-03-21
S108258,56.74,2.0,0.72,13.09,2024-01-21
S108259,59.5,2.88,0.89,24.89,2024-05-21
S108260,74.88,2.52,1.37,12.12,24/02/2024
S108261,63.91,1.65,0.86,21.86,07/02/2024
S108262,68.51,1.92,1.72,13.47,2024-03-30
S108263,85%,1.01,1.43,6.73,2024-01-11
S108264,80%,0.31,6.3,18.3,16/02/2024
S108265,83.14,4.63,4.22,23.52,2024-02-04
S108266,83.88,0.66,0.3,21.35,2024-02-13
S108267,85.06,1.81,1.22,17.2,2024-01-19
S108268,69.15,2.11,1.53,21.98,04-09-2024
S108269,100.0,1.05,4.2,16.19,2024-02-04
S108270,0.8986,6.0,0.01,15.57,2024-02-22
S108271,73.77,1.95,0.84,4.69,10/02/2024
S108272,61.36,4.87,5.66,16.49,2024-05-23
S108273,88.94,4.59,2.02,25.56,2024-05-12
S108274,96.74,3.72,1.7,3.55,03-17-2024
S108275,79.35,3.98,5.21,5.81,2024-03-18
S108276,64.17,3.94,0.75,12.71,2024/02/09 17:21:31
S108277,87.25,1.76,3.79,5.51,24/05/2024
S108278,78.2,1.56,1.02,19.79,01-19-2024
S108279,72.77,3.33,1.37,2.91,2024-01-24
S108280,91.36,1.87,1.87,19.76,2024-05-21
S108281,76.5,3.16,1.24,22.03,2024-01-29
S108282,87.58,2.04,2.67,19.6,2024-03-26
S108283,100.0,5.51,1.88,15.14,2024-04-27
S108284,38.41,1.87,0.21,18.74,2024-01-30
S108285,77.72,3.34,0.89,6.91,2024-03-31
S108286,75.25,1.79,1.65,16.82,2024-03-18
S108287,88.49,3.37,1.96,10.67,05-23-2024
S108288,87.4%,7.82,0.28,21.24,05/04/2024
S108289,83.8%,3.27,0.85,19.97,2024-05-14
S108290,80.85,3.18,1.69,9.33,12/05/2024
S108291,100.0,4.01,0.53,17.46,2024-04-04
S108292,97.0,2.57,3.89,17.75,2024-02-14
S108293,73.07,3.39,1.7,11.68,2024-04-13
S108294,0.7981,3.42,2.72,15.16,04-02-2024
S108295,67%,1.62,3.1,18.58,25/02/2024
S108296,0.5618,2.46,1.28,11.8,2024-03-23
S108297,71.02,0.44,0.57,8.8,2024-02-08
S108298,67.67,5.36,0.4,16.59,24/05/2024
S108299,44.43,3.76,2.73,25.38,2024-03-06
S108300,74%,0.85,8.0,13.93,2024-02-15
S108301,74.4%,4.08,0.88,12.53,2024-04-22
S108302,84.09,4.93,0.09,9.45,2024-01-16
S108303,72.0,4.87,2.07,23.05,2024-01-15
S108304,77.41,3.64,5.85,21.13,2024-05-10
S108305,60.9%,0.83,,13.98,06/04/2024
S108306,67.23,5.17,4.04,9.49,2024/05/23 23:22:08
S108307,85.51,4.63,0.36,9.42,02-11-2024
S108308,67.56,0.72,1.16,9.01,2024-05-22
S108309,69.26,5.37,0.35,11.55,2024-05-24
S108310,69.9,2.61,3.03,11.07,2024-01-23
S108311,76.04,4.44,1.59,9.83,2024-02-03
S108312,71.95,1.98,0.77,22.81,2024/01/28 10:54:31
S108313,62.91,3.25,1.91,26.1,2024/01/23 03:35:40
S108314,81.5,3.85,1.78,7.37,04-25-2024
S108315,73.3%,2.3,3.27,11.0,24/01/2024
S108316,82.13,2.39,1.12,8.36,2024-05-15
S108317,75.01,5.19,0.51,17.23,12/03/2024
S108318,74.06,2.0,6.09,12.62,2024-03-23
S108319,59.46,3.79,0.54,7.79,02-29-2024
S108320,93.11,3.11,2.96,26.57,2024-03-27
S108321,68.41,3.8,2.45,18.41,01/05/2024
S108322,79.79,3.89,0.28,8.14,05-16-2024
S108323,78.24,2.53,2.19,25.55,2024-04-06
S108324,80.26,2.81,1.43,6.97,2024-02-17
S108325,30.34,1.48,0.43,19.3,03-13-2024
S108326,81.3%,2.28,,31.92,2024/04/03 13:42:39
S108327,54.38,4.98,0.44,14.08,06/04/2024
S108328,54.06,4.65,3.21,12.98,01-12-2024
S108329,81.98,1.66,1.91,16.17,01-22-2024
S108330,0.9426,2.47,0.17,30.58,2024/04/05 15:12:24
S108331,0.8517,3.63,8.0,25.33,2024-05-27
S108332,65.93,1.68,0.59,11.9,2024-01-31
S108333,62.34,3.9,0.3,17.13,16/05/2024
S108334,93%,4.93,0.64,21.46,2024-05-11
S108335,61.15,3.84,1.07,12.0,2024-05-05
S108336,87.45,5.3,1.23,7.08,2024-05-11
S108337,83.09,5.99,2.13,22.59,22/03/2024
S108338,65.74,5.68,1.73,18.57,2024-01-30
S108339,95.5%,3.03,0.74,17.23,10/02/2024
S108340,79.98,1.78,6.55,22.75,05-23-2024
S108341,53.92,5.53,0.57,6.98,2024-02-19
S108342,75.6,2.77,0.88,13.38,2024-03-05
S108343,50.67,4.39,2.69,33.47,24/03/2024
S108344,92.9%,3.78,1.62,18.97,2024-01-21
S108345,80.84,2.47,0.32,19.4,2024-03-21
S108346,84.87,2.94,0.7,15.74,24/04/2024
S108347,71%,0.97,1.43,2.11,2024-03-16
S108348,67.85,2.51,0.36,9.27,2024-02-14
S108349,68.06,0.0,0.58,21.39,02-27-2024
S108350,81.12,2.9,2.91,11.21,2024-03-24
S108351,82.1,4.97,1.63,13.81,2024/02/11 12:10:54
S108352,0.835,2.05,1.11,17.04,2024-03-28
S108353,60.04,0.06,2.81,8.16,2024-03-23
S108354,80%,2.76,3.97,6.02,07/04/2024
S108355,84.92,3.56,2.98,14.91,2024-04-25
S108356,96.88,3.05,3.69,12.4,2024-03-02
S108357,43.26,0.88,1.73,16.59,01-28-2024
S108358,87.3,4.65,0.29,4.98,16/01/2024
S108359,73.01,4.43,2.57,11.26,2024-05-12
S108360,61.36,2.94,0.04,19.82,2024-05-23
S108361,92%,2.75,1.06,35.62,2024-04-09
S108362,80.1,3.4,0.47,15.84,26/02/2024
S108363,62.7,2.79,0.16,19.7,2024-04-11
S108364,81.11,2.75,8.0,18.41,2024-05-17
S108365,59.71,3.39,2.26,17.05,2024-04-02
S108366,79.19,5.47,0.17,19.77,2024-03-23
S108367,71.69,4.58,0.02,8.29,2024-04-14
S108368,59.9%,2.01,0.98,12.5,2024-02-11
S108369,100.0,4.59,1.76,16.75,2024-03-29
S108370,55.77,3.24,1.86,8.24,23/03/2024
S108371,76.11,4.4,0.81,18.03,2024-04-02
S108372,79.35,2.56,0.21,1.58,13/03/2024
S108373,69.8%,3.08,1.18,20.69,2024-04-12
S108374,82.32,3.44,0.75,13.95,22/01/2024
S108375,81.72,1.94,0.21,19.86,2024-04-15
S108376,80%,3.57,4.57,21.98,2024/05/26 03:34:51
S108377,64.54,2.48,1.79,24.87,2024-03-04
S108378,77.34,1.78,1.87,16.88,2024-05-25
S108379,67.7,4.39,0.71,2.87,30/04/2024
S108380,91.3,4.21,1.57,2.67,2024-02-23
S108381,92.37,6.26,1.75,6.15,05-09-2024
S108382,68.96,1.48,1.32,20.04,2024-02-12
S108383,58.44,2.13,1.7,5.14,2024-05-16
S108384,57.81,2.05,0.01,13.36,2024-04-03
S108385,73.29,3.73,1.96,12.04,2024-05-05
S108386,59.13,4.62,3.53,17.53,2024-04-14
S108387,73.44,2.44,,20.01,2024-03-26
S108388,62.42,3.47,0.71,15.66,16/02/2024
S108389,100.0,4.4,0.1,20.61,2024-03-02
S108390,89.87,2.36,0.27,7.3,14/01/2024
S108391,55.6,2.82,1.41,22.15,2024-04-30
S108392,83.67,4.42,1.39,15.92,09/03/2024
S108393,69.0%,2.93,2.51,20.32,2024-04-03
S108394,53.59,3.94,6.57,11.38,2024-02-10
S108395,96.72,5.93,2.37,0.64,2024-05-06
S108396,77.8%,3.41,0.39,19.66,10/05/2024
S108397,78.5%,3.85,,14.0,2024-04-02
S108398,95.06,2.28,0.35,23.41,2024-03-13
S108399,79.31,1.98,0.47,17.95,04/05/2024
S108400,74.55,1.09,0.63,35.66,2024-05-02
S108401,77.3,3.54,0.81,23.9,2024-05-23
S108402,49.3,0.93,0.93,13.26,02/03/2024
S108403,71.31,2.4,1.96,3.91,2024-05-20
S108404,57.25,5.55,0.74,8.9,2024-03-13
S108405,93.18,5.65,2.48,8.44,2024-05-06
S108406,65%,2.45,3.97,11.35,05-09-2024
S108407,77.94,6.32,4.05,14.12,2024-05-07
S108408,56%,1.4,0.4,17.22,2024-03-15
S108409,72.5,3.97,0.69,24.62,2024/03/25 22:12:45
S108410,83.62,2.65,0.26,8.9,2024-05-15
S108411,95.2%,2.69,1.46,5.28,2024-02-16
S108412,71.4,4.66,,20.82,2024-04-20
S108413,71.42,3.37,2.0,24.33,2024-02-12
S108414,94.31,3.26,4.1,11.57,2024-04-16
S108415,71%,1.55,2.68,22.29,25/01/2024
S108416,87.38,5.68,1.95,20.39,2024-04-03
S108417,54%,3.33,2.1,3.04,01/02/2024
S108418,48.6%,3.86,2.04,10.54,2024-01-23
S108419,73.44,2.67,0.54,11.66,2024-05-22
S108420,75.7%,1.62,,28.92,03-07-2024
S108421,75.76,5.15,5.49,18.56,2024-01-30
S108422,80.96,0.29,1.36,11.48,2024-02-12
S108423,92.32,4.23,0.63,10.12,2024/02/22 18:01:35
S108424,64.55,3.0,0.09,4.01,2024-05-10
S108425,95.58,4.06,1.91,22.46,03-27-2024
S108426,80.0,3.71,0.39,17.77,26/04/2024
S108427,50.8,3.92,0.2,19.34,2024-05-17
S108428,65.75,3.54,0.74,6.0,01/05/2024
S108429,76.26,2.36,1.36,20.15,2024-02-01
S108430,76.31,3.73,3.59,13.33,16/05/2024
S108431,100.0,4.32,0.1,9.91,21/03/2024
S108432,59.6%,1.71,0.38,18.59,2024-02-23
S108433,60.98,0.0,2.48,6.6,2024-04-23
S108434,73.14,3.99,1.36,16.25,04-08-2024
S108435,69.84,4.8,1.56,13.14,2024/02/29 21:59:41
S108436,88.68,2.75,3.06,22.51,2024/05/24 03:19:12
S108437,64.51,4.14,0.23,21.24,14/03/2024
S108438,62.53,0.46,1.96,15.64,2024-04-28
S108439,70.85,2.96,,16.97,2024-01-14
S108440,98.69,4.66,0.27,19.19,10/03/2024
S108441,58.51,2.56,0.88,14.94,2024-05-11
S108442,73.49,3.17,2.47,9.28,25/05/2024
S108443,55.41,4.02,0.6,11.62,01-28-2024
S108444,74.28,1.72,2.7,6.46,19/04/2024
S108445,87.7,0.0,1.75,21.48,2024-04-01
S108446,81%,1.02,0.43,17.79,26/02/2024
S108447,58.69,5.25,2.29,12.04,2024-03-31
S108448,79.59,3.11,1.06,9.93,2024-02-11
S108449,73.01,5.11,0.56,16.65,06/05/2024
S108450,55.24,1.94,3.67,5.11,24/02/2024
S108451,90.75,3.12,0.54,7.52,2024-04-13
S108452,72.4%,1.69,3.12,14.86,2024/02/13 23:00:42
S108453,67%,1.74,1.05,32.09,2024-05-24
S108454,100.0,0.0,8.0,18.17,19/05/2024
S108455,45.99,4.57,0.58,16.3,01-30-2024
S108456,78.91,0.82,2.22,6.8,2024-04-30
S108457,79.75,3.5,5.15,8.47,2024-04-19
S108458,97.4%,4.87,2.01,24.49,2024-02-02
S108459,85.6,4.63,3.8,11.77,2024-02-13
S108460,85%,4.12,1.59,15.49,2024-03-03
S108461,97.43,3.55,2.48,19.14,2024-04-23
S108462,100.0,2.15,0.35,12.06,2024-03-23
S108463,88.32,2.0,0.12,11.45,31/01/2024
S108464,60.48,3.91,1.5,2.93,2024-03-19
S108465,49.97,6.04,2.05,6.49,29/03/2024
S108466,60.49,4.97,2.76,19.11,05/04/2024
S108467,97.44,0.02,0.88,11.93,27/03/2024
S108468,72.2,4.43,0.55,19.68,2024-05-06
S108469,79.0,0.71,1.28,3.91,2024-03-07
S108470,78.42,3.37,0.35,20.68,21/03/2024
S108471,73.33,5.8,,14.72,2024-04-15
S108472,79.99,3.08,0.93,4.71,2024-05-18
S108473,100.0,2.51,4.49,22.9,2024/04/30 19:34:06
S108474,62.46,4.77,4.14,5.15,2024/05/23 21:45:47
S108475,55%,1.39,2.3,22.54,2024-02-28
S108476,73%,1.42,1.98,14.77,17/05/2024
S108477,92.69,5.41,1.59,8.74,2024-05-12
S108478,78.41,2.63,0.82,27.94,2024-02-14
S108479,79.95,3.28,0.52,17.84,2024-01-22
S108480,74.49,1.88,2.95,23.5,2024-02-27
S108481,75.95,3.04,0.92,18.03,2024-02-07
S108482,71.52,5.92,0.15,13.48,2024-03-06
S108483,0.7171,0.0,0.92,8.9,12/01/2024
S108484,78.76,1.56,0.82,13.73,2024-05-23
S108485,58.48,4.6,1.98,16.14,2024-04-01
S108486,52.5,2.93,1.21,20.72,04-02-2024
S108487,84.7%,3.32,,12.25,2024/01/23 12:02:46
S108488,0.833,4.02,2.6,18.59,27/02/2024
S108489,71.28,2.64,1.18,26.75,2024-03-02
S108490,73.41,3.12,0.03,16.11,17/01/2024
S108491,80.72,2.94,0.64,1.29,2024-01-11
S108492,100.0%,3.72,2.17,15.34,02/04/2024
S108493,96%,2.62,0.28,14.34,2024-03-09
S108494,57.05,3.7,1.92,14.12,03/05/2024
S108495,77%,1.05,2.72,3.83,15/04/2024
S108496,68.29,3.92,0.68,16.94,2024-03-15
S108497,100.0,3.84,0.71,11.28,27/01/2024
S108498,64.08,6.73,2.47,14.26,2024-03-28
S108499,74.37,7.17,0.07,21.64,2024-05-26
S108500,80.52,4.04,1.8,9.32,19/02/2024
S108501,43.63,0.92,2.12,14.28,2024-02-28
S108502,90.89,2.01,1.82,13.58,19/01/2024
S108503,83.4,3.37,0.27,13.84,2024-05-10
S108504,72.31,1.14,5.29,11.89,2024-01-20
S108505,100.0,4.9,3.58,12.27,24/04/2024
S108506,78.98,1.84,5.36,26.73,2024-02-08
S108507,79.03,2.27,3.22,12.04,2024-03-31
S108508,65.02,6.06,1.17,16.9,05-27-2024
S108509,67.64,2.3,4.51,15.73,01-23-2024
S108510,66.89,5.18,2.35,15.51,04-16-2024
S108511,75.81,4.01,0.36,18.36,2024-01-26
S108512,72.23,2.04,1.24,10.57,29/03/2024
S108513,74.58,5.43,1.03,24.81,20/02/2024
S108514,63.56,4.48,2.1,8.56,02-15-2024
S108515,67.56,2.51,,13.85,2024-04-20
S108516,100.0,5.17,0.84,6.69,18/05/2024
S108517,75.37,4.1,6.9,21.28,2024-04-10
S108518,82.04,2.2,0.78,8.55,2024-02-25
S108519,94.19,1.71,0.54,20.29,2024-01-19
S108520,91.3%,3.08,2.74,16.85,20/03/2024
S108521,100.0%,4.48,0.2,16.23,2024-04-06
S108522,87%,2.97,6.09,22.81,2024-01-23
S108523,96.5,3.29,0.53,10.77,2024-05-25
S108524,78.4%,2.16,2.06,25.27,2024-05-29
S108525,66.81,2.41,2.25,12.31,2024-03-25
S108526,58.48,2.37,0.31,18.02,01-11-2024
S108527,94.6%,4.2,2.54,13.65,14/05/2024
S108528,84.5%,0.0,0.65,19.32,2024-05-23
S108529,72.96,5.99,5.05,7.98,2024-05-02
S108530,66.15,1.97,0.29,15.75,05-15-2024
S108531,81.91,3.18,1.75,15.13,02-17-2024
S108532,84.22,2.19,0.73,18.05,17/05/2024
S108533,82.89,2.35,2.51,17.84,2024-03-14
S108534,58.24,4.59,1.53,8.98,18/04/2024
S108535,96.3,1.81,0.9,24.14,16/02/2024
S108536,58.17,3.51,0.25,14.6,2024-03-21
S108537,76.81,4.4,,20.11,24/03/2024
S108538,60.87,2.66,3.66,6.17,2024-05-11
S108539,70%,1.78,4.47,12.1,04-27-2024
S108540,76%,4.59,1.71,22.55,2024/01/20 11:14:20
S108541,100.0,4.01,0.39,26.45,2024-05-21
S108542,100.0,3.67,6.14,17.97,03-07-2024
S108543,74.31,2.18,0.78,14.38,23/02/2024
S108544,83%,3.3,3.51,7.56,01-13-2024
S108545,78.42,3.26,0.02,20.58,03-10-2024
S108546,66.72,3.97,0.02,17.15,2024-05-10
S108547,78.98,5.76,4.64,0.0,2024-05-21
S108548,91.84,3.23,2.26,2.87,2024-02-18
S108549,79%,2.3,2.76,17.45,2024-04-10
S108550,73.75,1.94,3.19,9.17,2024-02-03
S108551,53.39,4.95,4.14,7.72,2024-05-12
S108552,0.7755,5.04,0.21,14.27,2024-05-03
S108553,71.0%,2.37,0.21,17.4,2024-03-15
S108554,77.12,3.58,0.37,25.01,2024-03-20
S108555,99.8,1.51,0.51,9.28,2024-01-29
S108556,52.15,4.22,0.23,18.05,2024-02-24
S108557,63.16,4.2,0.16,7.81,03-28-2024
S108558,80.02,3.19,0.87,11.53,02-25-2024
S108559,84%,1.69,1.26,16.32,2024-02-06
S108560,78.44,3.08,0.6,13.97,23/02/2024
S108561,95.51,3.13,0.28,5.44,02-11-2024
S108562,100.0,2.53,0.14,18.59,2024-01-12
S108563,73.48,1.07,0.31,20.19,20/02/2024
S108564,77.77,0.49,0.1,31.51,2024/01/14 17:18:04
S108565,100%,2.97,2.37,16.55,2024-02-22
S108566,55.7%,1.27,1.41,16.22,2024-02-12
S108567,76.85,4.25,0.96,17.12,08/04/2024
S108568,88.9%,3.78,0.35,5.45,2024-01-16
S108569,59.11,5.51,0.47,5.93,2024-03-16
S108570,61.85,0.78,1.49,14.42,05-28-2024
S108571,92.37,2.36,2.28,0.0,11/02/2024
S108572,77.95,3.35,3.04,7.08,2024-04-01
S108573,97.09,2.78,1.23,11.52,29/02/2024
S108574,71.7,2.06,0.57,22.06,08/03/2024
S108575,67.02,2.22,1.39,16.82,2024-01-15
S108576,63.32,1.45,0.24,4.37,2024-03-16
S108577,82.3%,5.53,7.14,14.72,02-17-2024
S108578,78.02,1.37,6.13,19.08,2024-01-11
S108579,62.95,3.46,2.81,20.0,2024-01-11
S108580,57.97,2.04,1.29,22.32,2024-03-22
S108581,74.63,1.5,0.76,23.39,05-17-2024
S108582,88.26,4.83,1.78,18.99,2024-05-01
S108583,83.17,2.41,0.24,18.41,2024-04-30
S108584,70%,3.4,2.88,16.63,10/04/2024
S108585,84.3,0.88,0.89,20.9,2024-03-09
S108586,48%,4.62,0.92,9.49,2024-04-01
S108587,95.42,3.81,,13.57,2024-01-19
S108588,61.52,3.97,3.3,10.1,2024-02-27
S108589,48.54,3.88,1.63,18.03,2024-05-01
S108590,78.69,4.63,2.16,13.19,2024-02-18
S108591,91.57,3.42,1.42,22.09,19/01/2024
S108592,64%,4.02,0.83,15.37,2024-02-09
S108593,64.17,2.58,3.75,22.44,20/04/2024
S108594,89.68,2.4,0.11,0.22,10/04/2024
S108595,54.12,3.12,0.21,9.96,03/02/2024
S108596,57.69,1.22,1.22,21.57,2024-05-28
S108597,79.37,0.0,0.0,15.14,2024-03-01
S108598,72.85,0.0,1.97,22.39,16/05/2024
S108599,0.9143,3.53,1.18,16.76,2024-03-04
S108600,70%,4.12,2.36,8.46,11/02/2024
S108601,76.85,3.24,0.4,27.55,2024-03-07
S108602,79.89,2.95,2.5,10.36,2024-05-24
S108603,85.22,1.49,1.11,9.78,03/05/2024
S108604,73.22,4.95,0.13,20.74,07/04/2024
S108605,0.8349,3.46,0.77,8.62,26/01/2024
S108606,73.9%,0.0,2.84,5.95,2024-03-27
S108607,70.56,2.0,1.18,9.63,06/03/2024
S108608,81.5%,0.0,0.66,20.74,2024-02-16
S108609,69.54,4.76,1.42,29.98,2024/03/19 23:29:13
S108610,82.2,5.19,2.15,15.03,2024-05-27
S108611,93.29,2.97,2.45,9.93,11/01/2024
S108612,97.44,0.81,0.67,23.64,01-15-2024
S108613,73.82,1.94,2.31,10.69,2024-05-26
S108614,73.0,1.09,0.12,11.89,2024-05-12
S108615,79.5%,2.73,1.81,17.92,03-27-2024
S108616,87.23,6.1,0.5,22.99,21/04/2024
S108617,77.21,2.79,0.23,15.49,2024-01-28
S108618,86.11,1.98,0.98,12.52,23/05/2024
S108619,49.41,3.89,6.01,31.25,08/04/2024
S108620,75.48,3.32,8.0,10.31,2024-05-23
S108621,0.7028,6.21,0.25,11.08,05-06-2024
S108622,54.24,1.21,0.44,12.28,2024-04-21
S108623,66.7%,2.51,8.0,18.86,2024-05-21
S108624,46.0%,6.59,1.37,11.73,2024-04-06
S108625,0.8893,3.47,2.42,20.72,2024/04/05 08:13:12
S108626,57.53,2.99,1.27,14.64,2024-05-05
S108627,0.7939,2.17,1.23,12.77,2024-04-04
S108628,85.0%,2.92,4.69,11.07,15/02/2024
S108629,74.64,3.7,7.0,14.82,2024-01-28
S108630,91.5,3.69,1.84,18.13,2024-04-13
S108631,66.99,2.67,4.05,14.75,2024-02-19
S108632,74.0%,3.23,0.61,16.63,2024-03-13
S108633,74.02,1.59,0.62,9.57,26/01/2024
S108634,71.66,1.63,0.89,9.99,24/02/2024
S108635,78.25,3.33,0.36,14.97,24/01/2024
S108636,99.91,2.11,0.44,15.84,12/02/2024
S108637,96.12,2.84,0.57,15.33,2024-02-13
S108638,75.42,4.62,1.39,10.87,2024-04-24
S108639,74.82,2.06,1.63,15.51,2024-05-13
S108640,62.2%,3.43,1.96,15.18,2024-04-13
S108641,66.29,2.61,1.38,14.15,01-29-2024
S108642,66.5%,3.99,2.42,10.43,27/01/2024
S108643,74.06,4.54,2.35,18.63,2024-02-28
S108644,100%,4.74,1.52,14.92,2024-04-01
S108645,94.01,0.71,4.38,9.75,03-18-2024
S108646,57.66,4.71,0.07,14.13,2024/05/26 14:51:20
S108647,83.92,1.79,2.21,10.92,15/05/2024
S108648,90.43,2.69,0.36,15.02,2024-03-01
S108649,73.24,0.0,1.81,25.0,02-18-2024
S108650,73.4,0.68,2.5,16.04,04/04/2024
S108651,86.4,2.84,0.82,16.41,27/03/2024
S108652,57%,2.29,1.2,24.97,19/04/2024
S108653,59.41,0.64,0.38,16.9,2024-03-06
S108654,78.94,2.38,3.21,18.04,11/05/2024
S108655,71.8%,3.23,0.95,16.01,2024-05-18
S108656,51.87,0.0,5.51,12.31,2024-02-21
S108657,72%,3.62,1.93,18.14,11/04/2024
S108658,76%,1.23,1.16,26.92,2024-03-17
S108659,67.68,2.1,0.34,5.75,2024-05-10
S108660,80.41,3.69,0.4,11.8,2024-04-25
S108661,0.7142,4.41,2.22,9.03,2024/02/09 10:50:55
S108662,88%,4.31,1.34,9.81,05-03-2024
S108663,92.4,4.29,0.55,23.56,2024-02-17
S108664,78%,5.0,0.48,13.89,2024-01-17
S108665,82.93,2.96,1.58,20.06,02/03/2024
S108666,0.7764,5.42,0.3,10.33,24/01/2024
S108667,66.39,3.7,0.87,10.49,04-27-2024
S108668,94.11,1.83,1.67,7.88,2024-05-21
S108669,86.58,2.94,1.62,25.12,12/01/2024
S108670,98.1%,2.75,0.8,20.43,2024-05-02
S108671,94.84,3.95,0.01,7.65,11/01/2024
S108672,80.86,6.6,3.37,23.0,2024-03-25
S108673,42.75,2.62,0.81,13.18,18/01/2024
S108674,53.82,0.37,1.6,18.17,17/03/2024
S108675,73.87,5.3,0.56,15.33,02-01-2024
S108676,71.9%,3.58,1.73,4.94,03-02-2024
S108677,79.11,5.87,2.06,9.21,03-21-2024
S108678,51.28,3.93,0.28,24.48,2024-04-26
S108679,100.0,1.17,1.07,21.58,2024-05-20
S108680,70.82,2.0,3.54,7.85,2024-04-12
S108681,89%,1.26,5.61,16.46,10/02/2024
S108682,74.05,2.64,2.43,13.5,2024-05-07
S108683,86.43,3.72,1.74,22.99,01-19-2024
S108684,85.85,0.99,1.36,13.57,2024-03-13
S108685,80.13,2.9,1.35,9.62,14/02/2024
S108686,66.89,3.98,1.69,20.16,2024/03/03 20:17:46
S108687,0.8017,0.0,3.52,23.32,01-20-2024
S108688,82.25,1.74,4.36,17.75,2024-01-31
S108689,70.17,6.71,0.05,19.0,2024-05-16
S108690,73.54,1.16,0.38,6.63,22/03/2024
S108691,68.35,1.75,1.79,6.05,03/04/2024
S108692,82.09,1.89,0.48,5.55,02/02/2024
S108693,73.72,4.13,0.99,22.36,2024-02-26
S108694,93.57,0.14,2.76,12.29,2024-05-06
S108695,0.6475,5.26,1.41,20.78,2024-03-24
S108696,68.28,5.19,0.29,10.8,2024-04-20
S108697,46%,4.22,0.26,14.9,2024-04-23
S108698,82.3,5.14,0.2,9.36,18/05/2024
S108699,82.26,3.99,0.37,12.71,2024-04-14
S108700,100.0,2.85,1.73,3.03,19/05/2024
S108701,70.26,3.14,1.09,12.78,03-14-2024
S108702,53.0%,4.88,0.25,12.16,2024-05-17
S108703,81.27,4.94,0.7,3.14,2024-04-20
S108704,63.04,2.83,0.4,17.97,2024-04-02
S108705,75.93,2.09,1.7,19.02,2024-05-18
S108706,45.19,3.73,2.8,10.37,2024-02-07
S108707,78%,5.79,0.35,6.56,2024-05-02
S108708,85.42,4.77,6.67,27.11,2024-05-22
S108709,74.73,3.82,1.39,16.79,2024-05-15
S108710,66.1,0.71,1.41,0.0,2024/05/22 20:54:55
S108711,84.59,1.26,1.48,12.0,2024-01-25
S108712,67.3%,2.37,0.73,10.44,2024-04-30
S108713,70%,0.85,0.91,9.92,2024-03-26
S108714,70.5%,2.31,0.01,22.65,2024-04-27
S108715,80.1%,1.84,6.6,16.77,2024-04-30
S108716,72%,1.73,1.49,19.45,2024-01-28
S108717,55.76,3.8,0.21,14.03,01-11-2024
S108718,100.0,1.6,8.0,20.97,2024-02-13
S108719,51.87,1.3,0.36,12.39,2024-01-23
S108720,56.59,2.0,0.07,16.63,30/03/2024
S108721,63.68,3.83,,18.41,2024-04-05
S108722,73.85,2.96,0.84,10.64,2024-04-26
S108723,84%,2.63,1.74,0.32,2024/03/12 10:32:25
S108724,94.22,4.23,1.96,3.15,2024-03-16
S108725,78.12,3.36,0.28,31.18,23/04/2024
S108726,88.78,3.71,0.24,19.56,05/02/2024
S108727,53.1%,3.61,0.69,19.89,2024-02-28
S108728,51.52,1.32,2.55,24.95,2024-02-16
S108729,83.31,3.12,6.47,7.13,2024-05-21
S108730,80.25,4.38,0.79,9.93,2024-05-17
S108731,73.13,1.53,0.9,7.27,2024/02/20 07:30:50
S108732,96.8,2.71,0.33,31.5,2024-05-04
S108733,60.29,3.26,0.79,8.02,13/02/2024
S108734,52.63,2.88,0.3,23.78,13/02/2024
S108735,50%,3.44,1.54,10.39,23/03/2024
S108736,76%,4.27,1.09,15.6,19/02/2024
S108737,91.42,0.0,0.32,23.89,03-13-2024
S108738,75.31,3.48,6.41,17.0,2024-01-20
S108739,85.78,4.29,1.27,14.08,04-16-2024
S108740,77.5%,2.06,3.2,30.88,2024-03-21
S108741,66.61,0.72,0.82,2.16,2024-02-29
S108742,84.47,4.23,0.69,8.39,2024-03-21
S108743,96.25,2.31,2.31,12.83,23/01/2024
S108744,77.37,1.63,4.96,22.31,09/03/2024
S108745,51.3%,3.42,1.65,11.47,2024-04-17
S108746,87.95,2.68,1.03,21.77,2024-02-20
S108747,63.61,5.2,4.14,2.94,2024-03-03
S108748,87.8%,2.78,0.56,23.04,2024-04-24
S108749,55.53,2.2,5.86,21.25,2024-05-07
S108750,69.7,1.85,2.3,7.48,2024-02-24
S108751,88.67,4.09,0.75,14.76,2024-02-21
S108752,68.35,2.23,3.15,13.11,23/02/2024
S108753,72.17,4.84,0.09,18.15,30/03/2024
S108754,66.14,5.36,0.79,23.13,2024-03-24
S108755,64.2,5.81,2.37,10.22,05-03-2024
S108756,80.9,4.77,0.92,17.59,2024-04-23
S108757,63.61,2.61,2.33,16.72,23/04/2024
S108758,67.25,5.48,1.6,15.87,2024-05-24
S108759,82.68,2.59,0.14,25.19,18/03/2024
S108760,57%,3.37,0.61,16.12,29/02/2024
S108761,70.5%,3.73,2.01,6.5,09/05/2024
S108762,72.92,4.62,3.12,20.16,19/05/2024
S108763,86.31,1.25,1.92,26.21,2024-04-05
S108764,90.68,2.8,0.43,15.98,2024-01-17
S108765,74.85,2.91,0.29,24.46,10/01/2024
S108766,85%,3.64,0.88,12.06,09/03/2024
S108767,91.8%,0.8,0.73,17.9,2024-03-29
S108768,54.76,2.46,1.08,4.06,2024-01-29
S108769,64.39,3.26,1.11,10.73,25/05/2024
S108770,70.33,3.74,7.52,16.18,2024/04/22 07:01:40
S108771,56.94,4.13,3.87,19.69,2024-04-14
S108772,72.96,4.3,8.0,18.06,2024-04-12
S108773,84.1%,5.39,0.4,23.96,2024-03-23
S108774,100%,1.46,7.45,4.3,26/02/2024
S108775,100.0,1.91,3.33,25.29,2024-02-03
S108776,83.31,2.34,5.21,10.0,2024-02-05
S108777,62.54,3.58,2.27,6.4,2024-01-10
S108778,86.2%,3.79,5.66,22.26,27/02/2024
S108779,90.4,5.31,0.97,7.21,2024-05-25
S108780,70.31,1.19,1.23,24.9,2024-05-22
S108781,100.0,1.88,4.14,0.0,02-01-2024
S108782,73.59,1.73,1.2,9.71,2024/05/22 10:31:49
S108783,51.81,2.48,0.86,21.14,08/05/2024
S108784,68.92,0.62,1.95,19.71,2024-01-14
S108785,60.68,1.72,1.35,0.0,2024-03-05
S108786,61.82,5.88,1.29,10.35,2024-04-06
S108787,75.72,4.37,1.42,2.99,2024-04-12
S108788,78.23,3.75,3.63,15.97,2024-01-17
S108789,81.09,4.63,4.13,15.36,2024-05-07
S108790,75.46,0.41,1.69,13.27,17/05/2024
S108791,90.41,3.98,0.61,14.25,24/01/2024
S108792,85.29,5.21,1.69,7.29,2024-05-04
S108793,74.75,3.54,1.26,9.86,2024-01-20
S108794,95%,1.45,2.19,22.47,15/03/2024
S108795,89%,1.83,1.53,11.57,2024-05-04
S108796,71.09,0.7,0.92,11.0,2024-01-26
S108797,81.97,1.54,0.42,22.98,2024-03-10
S108798,71.1,4.23,0.21,6.75,2024-04-14
S108799,66.59,4.14,0.9,25.36,16/01/2024
S108800,89.73,1.76,0.22,25.95,06/03/2024
S108801,59.2,1.48,3.47,7.89,2024-01-25
S108802,85.44,3.94,0.84,21.44,19/03/2024
S108803,79.57,0.46,0.75,0.0,2024-05-26
S108804,70.73,3.66,0.58,15.71,2024-03-28
S108805,70.6%,4.73,4.92,7.94,15/04/2024
S108806,71.3%,1.56,4.71,18.54,18/01/2024
S108807,69.69,3.33,0.97,17.2,2024-04-24
S108808,77.61,0.37,5.41,13.06,2024-02-16
S108809,100.0,3.6,5.0,7.35,2024-05-17
S108810,61.29,2.77,1.62,21.42,2024-02-02
S108811,88.0,4.39,0.64,14.78,2024-05-16
S108812,70.9%,4.65,0.37,10.05,2024-01-18
S108813,64.01,1.76,0.57,11.41,25/02/2024
S108814,54.92,3.33,0.13,14.33,31/03/2024
S108815,64%,4.51,0.67,14.3,2024-02-06
S108816,68.41,2.57,0.59,17.17,2024-05-16
S108817,59.62,4.21,1.82,21.69,26/03/2024
S108818,56%,3.38,0.47,22.33,11/05/2024
S108819,82.5%,3.04,0.05,13.42,2024-03-09
S108820,61.0%,3.42,2.9,17.98,28/03/2024
S108821,100.0,3.9,0.98,13.6,04-29-2024
S108822,100.0,1.32,1.08,23.49,2024-04-26
S108823,77.55,2.96,0.08,14.07,18/05/2024
S108824,86%,4.09,2.95,15.85,2024-03-05
S108825,1.0,2.48,0.55,14.82,2024-05-11
S108826,0.8346,3.07,0.84,18.23,2024-01-18
S108827,65.7%,3.47,4.81,19.42,2024-03-13
S108828,68.67,2.3,0.74,24.7,23/02/2024
S108829,54.42,2.94,6.98,23.48,24/03/2024
S108830,75.16,2.07,1.24,15.3,2024-04-07
S108831,38.94,2.12,1.87,14.7,2024-05-20
S108832,0.7025,4.16,0.11,13.42,18/04/2024
S108833,68.38,3.44,1.28,22.06,2024-05-20
S108834,78.81,3.42,2.06,16.72,2024-01-17
S108835,75.26,3.89,0.38,32.23,2024-04-25
S108836,82%,3.88,1.85,14.56,2024-01-21
S108837,80.55,5.4,0.92,25.65,04/03/2024
S108838,73.61,3.47,1.19,25.71,2024-04-01
S108839,79.96,2.46,1.22,25.52,2024-01-29
S108840,0.8056,5.74,2.78,12.69,2024-05-19
S108841,75.9,4.12,0.52,14.41,2024-04-24
S108842,78%,2.9,3.15,13.87,06/02/2024
S108843,81.02,1.47,0.31,25.32,2024-02-26
S108844,76.44,2.94,0.31,11.85,2024-02-28
S108845,100.0,2.56,1.7,10.95,2024-05-21
S108846,78.54,3.64,1.21,19.86,2024-01-30
S108847,77.2%,3.65,3.52,5.71,2024-04-29
S108848,97.62,6.04,4.48,20.38,2024/02/10 07:41:21
S108849,76.68,3.53,0.99,7.01,07/03/2024
S108850,75.23,2.56,4.5,12.12,02-14-2024
S108851,69.01,1.57,0.13,23.09,2024-01-13
S108852,74%,3.6,2.87,11.11,01/05/2024
S108853,58.18,2.39,1.53,17.15,03-04-2024
S108854,66.87,2.77,0.44,23.46,2024-04-24
S108855,64.37,1.46,0.1,7.03,04-14-2024
S108856,0.8595,5.16,0.64,16.21,2024-04-03
S108857,61.83,4.55,7.34,19.53,14/03/2024
S108858,99.88,3.03,0.37,5.06,17/05/2024
S108859,82.19,1.51,1.88,7.74,2024-03-24
S108860,92.16,5.7,0.49,26.31,2024/01/25 19:00:50
S108861,71.4%,1.49,0.99,6.98,02-16-2024
S108862,98.9%,4.71,1.48,12.55,09/04/2024
S108863,81.03,2.67,0.82,0.89,2024-05-09
S108864,82.2,0.79,2.64,9.5,2024-01-28
S108865,68%,0.0,3.83,20.43,2024-04-03
S108866,71.71,1.09,5.12,21.71,04-08-2024
S108867,69.88,4.45,0.79,20.56,2024-03-06
S108868,56.96,0.19,1.74,14.76,18/05/2024
S108869,0.6229,4.52,0.59,7.47,11/01/2024
S108870,80%,5.42,2.48,17.89,2024-04-22
S108871,79.87,1.12,4.04,11.91,2024-01-31
S108872,70.6%,2.71,8.0,3.74,2024-05-27
S108873,97.96,3.78,,15.2,2024-01-30
S108874,91.89,3.92,0.34,23.89,01-10-2024
S108875,77.26,3.04,2.35,22.77,2024-01-11
S108876,91.06,3.42,0.15,23.24,2024-01-18
S108877,94.18,5.04,1.91,17.12,2024-01-14
S108878,58.17,2.92,3.84,8.49,2024-05-27
S108879,70.71,0.0,0.67,19.11,10/05/2024
S108880,94.36,3.66,6.74,16.06,2024-01-29
S108881,89.18,3.28,1.76,13.2,2024-01-19
S108882,85.75,1.53,2.83,19.67,01-29-2024
S108883,86.2%,3.35,0.16,18.2,11/01/2024
S108884,96.56,4.27,0.1,10.66,2024-03-13
S108885,70.52,2.6,2.65,10.34,2024/05/17 17:13:28
S108886,68.81,2.71,1.72,6.93,03-08-2024
S108887,91.04,1.46,0.18,16.8,2024-02-14
S108888,42.59,6.63,2.44,21.35,03-14-2024
S108889,66.9,2.75,1.67,10.86,2024-02-26
S108890,72.44,4.6,1.24,7.54,05-26-2024
S108891,62.51,4.18,1.92,18.52,2024/03/19 01:23:35
S108892,81%,5.3,8.0,26.05,02/03/2024
S108893,79.77,2.57,0.32,28.93,2024-01-19
S108894,63%,4.4,0.33,25.61,02-22-2024
S108895,67.19,1.96,0.85,14.65,2024-03-25
S108896,97.85,5.76,,8.69,2024-02-06
S108897,69.5,3.92,0.24,19.25,2024-04-01
S108898,100.0,3.09,1.67,14.51,2024-03-16
S108899,95.7,2.02,0.07,13.61,01-21-2024
S108900,76.64,2.08,0.01,28.3,19/01/2024
S108901,74.8%,2.1,1.8,24.7,2024-02-17
S108902,71.6%,2.75,3.78,19.46,2024-03-04
S108903,80.2%,0.0,0.05,14.32,2024-05-18
S108904,87%,5.51,0.68,15.05,15/03/2024
S108905,57.09,4.46,3.14,4.19,07/05/2024
S108906,0.6002,2.16,2.0,22.32,2024-03-13
S108907,70.1%,4.28,1.81,24.08,2024-02-22
S108908,70.1,2.78,1.22,9.65,2024-02-13
S108909,67.32,4.38,1.01,10.6,2024-02-12
S108910,93.07,2.63,1.48,21.83,2024-01-23
S108911,76.01,2.46,0.16,12.73,2024-01-28
S108912,78.22,0.09,5.08,22.95,2024-03-12
S108913,49.68,1.08,0.83,9.53,2024-03-12
S108914,77.8%,5.93,1.85,12.82,2024/05/18 00:16:44
S108915,75.08,3.37,0.87,18.63,04-16-2024
S108916,0.5622,0.76,0.47,12.73,20/04/2024
S108917,92.92,5.97,0.36,12.33,2024-02-19
S108918,71.29,3.72,0.65,12.17,06/03/2024
S108919,57.7%,5.79,2.65,19.86,2024/05/25 09:42:19
S108920,72.55,4.2,0.37,21.74,2024-03-24
S108921,77.52,2.65,2.0,18.45,2024-05-18
S108922,77.12,0.7,4.76,10.12,27/05/2024
S108923,99.13,2.98,1.82,24.58,25/05/2024
S108924,94.43,1.55,1.87,16.79,02/02/2024
S108925,65.06,1.79,,22.35,2024-01-19
S108926,98.09,4.54,0.39,5.97,2024-03-18
S108927,72%,0.3,3.22,23.17,2024-04-22
S108928,64.05,3.59,0.07,12.39,2024-03-14
S108929,88.0,2.32,0.86,11.9,2024-02-19
S108930,86.4%,4.38,1.31,17.84,2024-03-07
S108931,78.08,0.94,3.73,0.65,2024-02-05
S108932,63.01,2.19,5.23,17.45,2024-05-18
S108933,74.47,6.4,3.68,13.06,26/01/2024
S108934,60.91,5.28,7.99,24.9,2024-02-08
S108935,81.28,2.05,1.79,16.9,29/02/2024
S108936,79.17,5.59,6.8,8.05,2024-02-06
S108937,96.01,0.49,1.19,9.39,2024-01-24
S108938,82.02,0.89,0.84,0.0,2024-03-29
S108939,90.65,1.71,3.85,32.0,2024/03/22 03:31:54
S108940,69.97,0.82,0.93,0.0,2024-03-21
S108941,77.54,2.97,1.62,11.22,2024-05-10
S108942,64.7,3.0,0.42,20.19,18/02/2024
S108943,83.54,4.11,1.71,25.27,2024-04-05
S108944,61.26,1.69,1.08,27.63,04-22-2024
S108945,59.65,4.14,1.61,14.3,17/01/2024
S108946,0.6133,0.42,3.48,18.52,03-16-2024
S108947,64.49,1.54,2.39,12.86,25/05/2024
S108948,55.55,4.01,0.66,4.11,2024-02-04
S108949,82%,2.03,1.96,7.68,2024-04-06
S108950,91.81,2.15,3.02,2.98,2024-03-15
S108951,85%,2.64,0.08,17.21,17/01/2024
S108952,72.11,4.84,0.13,12.6,27/03/2024
S108953,91%,3.82,2.41,13.69,2024/03/08 13:37:19
S108954,84.0%,1.31,6.46,19.71,02/05/2024
S108955,81.83,2.89,3.91,16.73,2024-03-02
S108956,64%,4.12,4.58,19.64,2024-03-28
S108957,72.77,4.37,6.76,27.68,2024-03-31
S108958,80.42,1.94,3.45,9.44,2024-04-28
S108959,63%,3.86,0.5,1.89,24/03/2024
S108960,57.64,1.48,0.21,10.94,2024-05-25
S108961,89.18,6.05,5.03,13.55,08/05/2024
S108962,72.08,2.91,0.95,18.05,10/02/2024
S108963,59.74,5.46,0.26,20.07,30/01/2024
S108964,74.74,2.21,1.07,7.55,2024/05/12 10:31:53
S108965,90%,3.38,0.35,6.51,03/04/2024
S108966,90.84,3.61,0.82,24.55,10/01/2024
S108967,72.29,3.55,0.1,17.23,2024-05-07
S108968,84.09,3.11,0.29,17.47,03-25-2024
S108969,96.95,5.03,1.01,16.85,2024-03-23
S108970,74.34,1.82,1.04,16.04,2024-04-27
S108971,72%,5.53,0.88,13.43,2024/04/03 19:09:41
S108972,91.45,1.82,0.04,10.04,2024-03-29
S108973,67.3%,2.15,1.09,11.22,2024-03-07
S108974,84.41,2.63,0.71,30.16,2024-05-26
S108975,80.54,2.4,0.09,27.63,2024-04-03
S108976,66.51,1.3,,21.49,16/03/2024
S108977,84.8%,2.28,0.55,14.53,2024-05-06
S108978,85.16,3.62,0.69,18.96,2024-04-16
S108979,60.71,1.69,4.5,5.03,02-08-2024
S108980,64.79,2.62,0.24,21.98,2024-03-11
S108981,86.5%,2.91,1.33,13.32,2024-05-24
S108982,53.14,3.67,0.3,15.11,2024-05-11
S108983,83.92,6.09,0.17,15.69,2024-01-11
S108984,77%,4.43,1.82,13.75,2024-01-25
S108985,74.31,4.1,0.21,20.63,03/02/2024
S108986,71.3%,2.23,1.03,26.16,2024-03-15
S108987,37.63,1.4,3.17,21.0,2024-02-23
S108988,79.55,1.41,8.0,15.46,21/05/2024
S108989,85.78,3.43,0.72,7.54,2024-01-25
S108990,60%,3.49,0.02,15.28,2024-01-11
S108991,76.65,3.62,0.2,14.46,2024-03-11
S108992,91.2,5.45,1.26,20.77,2024-05-24
S108993,80.11,3.85,2.93,10.49,2024-03-21
S108994,73.16,5.88,0.61,8.78,13/01/2024
S108995,68.73,1.05,2.46,17.09,2024-04-15
S108996,89.24,1.7,0.34,21.44,03/02/2024
S108997,71.32,3.5,2.56,16.07,02-04-2024
S108998,77.47,3.12,5.06,21.76,12/01/2024
S108999,85.96,4.33,0.98,6.07,04-25-2024
S109000,78.57,4.94,2.32,18.31,2024-03-02
S109001,0.5173,4.79,2.93,6.03,2024/02/01 17:55:22
S109002,77.67,4.69,3.24,33.67,2024-03-15
S109003,74.5%,4.98,,24.39,2024-05-14
S109004,64.56,3.48,3.41,17.69,2024-02-03
S109005,88.5,0.89,1.06,3.77,15/03/2024
S109006,55.8%,1.25,1.72,5.37,2024/05/20 20:32:29
S109007,79%,5.17,2.7,28.27,2024-04-05
S109008,0.7439,3.89,0.05,6.9,2024-01-29
S109009,97%,3.08,0.8,18.5,2024-02-08
S109010,68.78,3.64,2.13,27.76,2024-05-24
S109011,0.8538,4.52,0.0,15.74,2024-03-17
S109012,100.0,1.79,0.05,6.64,2024-03-18
S109013,95.73,0.0,0.08,2.57,05-15-2024
S109014,68.38,2.25,,17.68,2024-03-06
S109015,94.22,3.53,1.59,7.27,2024-01-13
S109016,89.24,5.01,6.66,15.02,2024-02-27
S109017,59.7%,4.02,0.29,7.54,04-04-2024
S109018,88.98,5.51,2.92,10.79,08/05/2024
S109019,0.7302,2.93,2.05,11.01,2024-04-01
S109020,79.13,3.13,0.9,13.17,09/04/2024
S109021,66%,4.51,1.17,9.82,2024-01-20
S109022,74.06,4.85,2.17,16.99,2024-02-10
S109023,61.88,3.32,0.23,21.98,2024-05-21
S109024,45.07,1.54,0.4,12.48,01-28-2024
S109025,89.18,3.77,0.31,16.83,03-11-2024
S109026,80.58,0.18,0.09,8.45,2024-03-17
S109027,70.4,1.71,0.32,4.03,12/05/2024
S109028,57.24,6.49,0.88,17.81,03/02/2024
S109029,79.62,2.76,0.86,21.16,25/04/2024
S109030,58.48,2.49,0.33,1.6,2024-02-28
S109031,55.01,3.86,,14.36,2024-04-27
S109032,61%,2.78,1.69,18.03,2024-04-16
S109033,90.27,0.46,0.04,17.03,2024-01-20
S109034,49.35,5.02,2.22,10.87,18/03/2024
S109035,87.68,2.27,0.31,15.33,2024-03-22
S109036,100.0,2.2,0.59,21.48,2024-05-19
S109037,75.17,0.83,0.1,8.98,01-31-2024
S109038,70.96,1.44,0.86,25.88,16/01/2024
S109039,88.36,3.67,1.64,5.28,2024-03-18
S109040,60.2,2.04,0.5,21.28,2024-02-22
S109041,67.4%,1.09,2.77,15.38,2024-01-31
S109042,65.67,2.37,0.81,11.4,2024-03-20
S109043,64.1%,2.84,2.1,2.11,24/04/2024
S109044,79.45,2.5,1.55,23.33,2024-05-06
S109045,87.52,4.46,1.44,8.46,2024-01-20
S109046,89.23,4.62,4.8,14.79,2024-03-06
S109047,95.65,0.45,1.71,18.3,15/05/2024
S109048,65.22,3.08,0.94,31.65,01-11-2024
S109049,56%,1.77,0.15,12.51,2024-05-16
S109050,66.37,4.08,0.61,15.36,2024-03-14
S109051,87.43,4.09,2.78,17.9,03-31-2024
S109052,84.72,3.52,0.57,15.81,2024-05-28
S109053,78.78,3.17,1.24,9.67,2024-01-14
S109054,76.0,2.73,2.28,25.4,2024-04-14
S109055,86.83,0.75,0.0,11.77,2024-01-31
S109056,65.84,1.37,0.81,18.28,2024-04-04
S109057,84.47,5.1,0.95,13.48,2024-03-13
S109058,72.38,2.88,0.95,10.76,02-22-2024
S109059,91.9%,3.94,3.8,22.34,2024-03-31
S109060,86.9,5.98,,16.84,2024-04-07
S109061,80.71,3.18,1.91,0.0,08/02/2024
S109062,71.8,5.37,3.59,17.08,29/05/2024
S109063,82.06,3.75,0.2,10.61,2024/03/04 09:03:16
S109064,100.0,3.34,0.14,3.88,2024/02/19 06:56:02
S109065,78.7%,6.21,0.79,21.7,2024-03-03
S109066,58%,2.25,0.02,9.66,20/02/2024
S109067,84.66,3.76,1.3,16.84,2024-04-10
S109068,75.8,1.21,0.46,21.44,2024-02-06
S109069,49.09,1.67,0.26,13.3,2024-05-08
S109070,91.12,3.1,3.46,16.76,15/03/2024
S109071,95.18,1.24,0.19,10.23,2024-05-03
S109072,65.46,3.89,1.12,22.73,2024-03-30
S109073,53.94,4.26,2.13,13.73,2024-04-28
S109074,84.06,4.26,1.18,18.76,07/05/2024
S109075,65.97,3.9,0.54,25.54,2024-04-18
S109076,90.3%,0.82,,2.04,11/01/2024
S109077,89.87,2.5,2.27,10.2,05-11-2024
S109078,74.1,4.13,0.92,13.79,2024-05-06
S109079,0.5134,2.32,0.75,15.89,20/03/2024
S109080,76%,2.61,,19.31,2024-01-23
S109081,95.03,4.11,0.7,23.55,04/02/2024
S109082,0.6969,3.87,3.24,9.78,2024-02-26
S109083,0.7425,3.16,1.66,13.59,03-14-2024
S109084,91%,1.64,5.11,22.85,2024/03/16 00:43:40
S109085,100.0,5.18,0.4,17.37,2024-05-08
S109086,83.25,2.38,1.34,3.1,2024-03-21
S109087,68%,5.79,0.84,2.52,11/03/2024
S109088,74.6%,2.62,1.34,11.58,2024-03-12
S109089,82.41,1.99,0.95,18.86,2024/02/26 03:22:27
S109090,56.51,2.63,1.38,18.73,31/03/2024
S109091,80.9,5.47,0.89,8.75,29/04/2024
S109092,67.32,3.6,5.27,19.65,11/04/2024
S109093,77.82,4.77,0.85,16.76,2024-03-04
S109094,86.47,5.22,6.07,7.43,05-10-2024
S109095,76.66,1.49,0.21,10.79,2024-02-05
S109096,77%,3.32,0.01,1.39,2024-03-04
S109097,83.8,4.75,4.48,6.66,2024-04-27
S109098,80.23,2.08,0.42,1.81,2024-01-14
S109099,100.0,2.6,0.25,4.17,2024-04-09
S109100,79.7,1.8,0.41,26.76,01/05/2024
S109101,82.5,0.83,2.71,12.2,14/04/2024
S109102,100.0,4.68,3.55,2.58,2024-02-08
S109103,68.16,0.0,,17.93,2024/03/21 22:34:03
S109104,87.97,1.73,1.17,17.03,17/01/2024
S109105,69.71,4.27,1.78,16.35,2024-01-30
S109106,62.65,1.89,2.33,8.89,2024-05-09
S109107,0.7253,5.07,0.46,19.36,2024-05-11
S109108,85.18,3.88,0.61,7.32,2024-02-16
S109109,65.47,1.86,0.39,20.56,2024-01-21
S109110,50.16,3.22,0.38,21.19,2024-05-28
S109111,72.05,1.37,2.44,14.55,2024-01-24
S109112,100.0,1.52,2.14,4.75,2024/04/30 06:45:37
S109113,100.0%,3.56,0.65,20.62,2024-05-07
S109114,71.2,4.79,0.39,10.92,2024-01-28
S109115,100%,0.34,1.12,16.92,01/05/2024
S109116,81.68,3.59,0.66,19.84,2024-04-08
S109117,71.16,0.0,1.29,9.33,07/03/2024
S109118,86.48,2.99,0.54,30.02,26/01/2024
S109119,85.84,2.95,0.26,14.69,2024-01-20
S109120,0.6403,2.58,2.81,10.3,2024-04-10
S109121,86.0%,3.25,0.84,22.0,2024-05-05
S109122,90%,2.38,1.15,25.85,17/05/2024
S109123,55.48,4.31,0.02,0.53,29/04/2024
S109124,78.02,0.95,2.33,5.33,03-09-2024
S109125,63.56,3.47,0.09,9.57,04-04-2024
S109126,100.0,2.47,1.33,29.79,2024-01-14
S109127,50.21,3.8,4.38,11.65,18/02/2024
S109128,62.22,4.39,6.96,25.65,01-22-2024
S109129,0.8056,3.78,1.03,16.54,30/01/2024
S109130,77.43,2.9,0.09,4.85,2024-01-27
S109131,68%,3.15,0.21,21.16,2024-04-18
S109132,64.33,1.8,0.44,17.22,2024-02-08
S109133,100.0,2.45,0.09,8.96,2024-04-14
S109134,62.06,1.34,0.0,10.37,2024-03-02
S109135,82.32,2.74,4.12,7.65,2024-02-16
S109136,76.1,2.61,0.82,10.63,2024-05-29
S109137,70.01,2.98,3.57,19.61,05-16-2024
S109138,62.9%,3.46,0.36,8.67,2024-04-01
S109139,59.26,4.63,0.83,15.59,2024-01-18
S109140,70.88,2.07,2.59,17.2,09/04/2024
S109141,79.98,5.01,0.25,14.62,28/03/2024
S109142,76.71,3.75,8.0,3.69,05/04/2024
S109143,82.65,0.46,0.36,20.24,06/04/2024
S109144,76.77,2.53,0.27,6.84,28/05/2024
S109145,58.99,1.56,0.98,10.97,25/04/2024
S109146,79.96,4.31,0.99,11.78,01-20-2024
S109147,84.19,1.85,1.63,14.78,04/05/2024
S109148,63.01,2.71,2.7,15.67,2024-05-13
S109149,66.31,4.84,1.22,19.8,2024-01-21
S109150,55.17,1.62,1.99,12.82,29/04/2024
S109151,72.81,0.77,3.12,6.48,2024-03-14
S109152,74.03,3.07,0.84,22.61,03-08-2024
S109153,100.0,4.49,5.03,12.19,2024-05-19
S109154,97.25,1.77,2.26,13.71,04-06-2024
S109155,0.6205,4.57,0.97,7.99,2024-01-15
S109156,78.62,0.34,0.02,8.94,2024-04-27
S109157,51.01,2.57,1.11,25.1,2024-01-24
S109158,59.86,6.76,1.09,5.37,2024-04-22
S109159,80.55,2.6,0.73,6.41,2024-04-27
S109160,74.0%,3.02,1.9,11.76,2024-04-19
S109161,88.43,2.69,1.58,17.23,02-07-2024
S109162,60.53,5.11,0.56,8.23,2024-02-21
S109163,86.1,1.04,0.4,3.95,04-24-2024
S109164,75.88,1.3,2.82,6.46,2024/05/01 13:50:57
S109165,88.9,2.93,1.35,12.09,2024-05-26
S109166,74.47,3.93,0.61,8.0,21/03/2024
S109167,81.73,0.67,1.08,30.56,2024-03-24
S109168,66.89,1.89,3.27,28.88,2024-05-15
S109169,67.89,2.81,1.29,23.16,2024-05-28
S109170,72.28,2.79,0.56,17.64,2024-01-26
S109171,87.33,2.52,0.47,17.65,12/02/2024
S109172,78.51,3.5,1.98,24.25,2024-02-07
S109173,61.55,0.0,1.67,15.92,2024-04-08
S109174,46.06,3.56,0.25,9.24,05-17-2024
S109175,0.7737,1.83,0.79,29.86,2024-05-07
S109176,78.18,3.52,5.55,19.03,04/05/2024
S109177,90.51,0.6,1.33,25.17,2024/04/04 15:24:31
S109178,69.41,4.17,0.36,27.68,30/03/2024
S109179,89.31,0.89,2.2,2.59,2024-05-12
S109180,72.65,1.86,1.8,8.95,2024-05-28
S109181,87.73,3.55,1.51,13.58,2024-02-12
S109182,78.51,3.41,0.36,18.51,2024-05-20
S109183,66.39,0.02,1.38,21.42,04/04/2024
S109184,76.68,0.69,7.03,14.56,08/04/2024
S109185,0.8533,2.95,0.01,24.05,2024-01-30
S109186,52.22,2.85,0.92,19.27,2024-03-18
S109187,70.44,5.04,7.11,19.18,01-21-2024
S109188,82.77,3.89,1.85,13.06,24/03/2024
S109189,79.39,4.53,0.29,17.21,2024-04-01
S109190,64.33,0.0,6.77,17.16,03-17-2024
S109191,55.67,1.3,2.62,21.74,2024/02/22 11:53:49
S109192,80%,4.64,0.46,5.78,2024-05-05
S109193,72.49,2.86,2.64,19.92,2024-05-01
S109194,77.14,2.74,1.85,3.48,05-10-2024
S109195,0.8089,2.95,0.71,9.03,2024-02-20
S109196,66.4,5.14,2.97,19.25,17/01/2024
S109197,73.28,4.15,1.78,9.13,2024-02-28
S109198,74.3,2.27,0.22,15.19,2024-05-29
S109199,74%,3.33,0.46,8.55,2024-01-24
S109200,76.6,5.76,0.33,19.19,2024-02-26
S109201,63.95,4.11,0.7,15.33,2024-04-02
S109202,75.93,3.01,0.14,14.83,2024-04-12
S109203,83.16,1.36,0.35,22.7,2024-03-07
S109204,67.34,4.79,,17.92,2024-05-25
S109205,83.3%,3.02,0.68,18.46,2024-05-03
S109206,62.67,2.57,0.33,22.76,2024-01-12
S109207,84.94,3.22,0.46,23.48,2024/02/16 02:13:50
S109208,64.52,2.52,5.69,8.35,2024-01-26
S109209,73.91,3.32,1.7,20.16,13/05/2024
S109210,76.58,5.24,0.77,18.03,2024-04-27
S109211,83.22,0.0,,24.18,2024-04-22
S109212,59.4,2.11,1.06,5.99,2024-02-03
S109213,76.3%,2.12,3.63,10.17,2024-02-14
S109214,73.24,0.81,0.99,13.62,28/05/2024
S109215,76.91,0.93,0.74,24.82,2024/03/01 05:57:35
S109216,59.94,2.4,1.91,12.99,2024-05-29
S109217,0.8291,1.28,1.99,14.71,2024-04-17
S109218,67.03,2.59,0.2,10.21,2024-02-21
S109219,57.1,3.02,2.09,20.49,02-16-2024
S109220,60.1,2.21,3.72,19.73,2024-01-25
S109221,54.34,2.68,0.01,11.19,26/04/2024
S109222,99.82,4.27,0.66,7.69,2024-04-10
S109223,71.59,2.51,1.21,20.41,2024-05-10
S109224,80.76,0.84,3.98,18.56,2024-01-14
S109225,0.7613,2.05,2.58,10.35,03-01-2024
S109226,61.38,3.52,1.29,19.86,09/04/2024
S109227,88.2%,4.65,,19.48,2024-02-08
S109228,79.53,1.32,0.97,23.61,2024-01-29
S109229,75%,2.41,0.42,20.93,2024-03-26
S109230,95.33,3.65,,12.63,2024-03-31
S109231,85.95,2.59,1.76,9.67,2024-05-06
S109232,90.24,2.82,1.26,29.11,10/02/2024
S109233,80.43,5.24,2.81,11.4,2024-04-14
S109234,56.5%,3.28,0.17,2.16,03-10-2024
S109235,66.68,3.98,2.0,6.54,20/01/2024
S109236,82.1,2.14,0.37,0.81,2024-02-06
S109237,67.77,2.35,1.02,23.55,23/04/2024
S109238,78.0%,2.14,1.36,27.75,2024-04-06
S109239,69.94,4.76,0.04,16.75,2024-04-07
S109240,71.9%,4.5,0.52,3.77,02/02/2024
S109241,73.29,3.42,1.08,23.41,2024-03-17
S109242,67.31,5.44,0.59,18.26,2024-03-25
S109243,57.5,2.55,1.19,23.62,2024-01-22
S109244,86.7,6.21,4.1,19.13,03-28-2024
S109245,71.1%,1.17,0.04,5.31,2024/04/17 10:32:33
S109246,73.74,0.33,4.26,19.63,10/03/2024
S109247,69.76,2.83,0.58,4.11,2024/01/21 19:05:10
S109248,100.0,3.71,4.38,9.6,25/05/2024
S109249,86.74,5.45,1.4,22.23,2024-05-24
S109250,85.21,3.91,0.1,21.89,2024-04-26
S109251,71.4%,2.11,0.93,8.39,31/03/2024
S109252,82.2%,4.96,0.3,7.02,2024-04-02
S109253,57.6%,1.79,0.21,15.18,2024-02-04
S109254,100.0,2.25,7.18,29.02,19/01/2024
S109255,64.34,0.84,2.2,18.93,2024-03-08
S109256,88.92,0.76,2.81,31.47,01-17-2024
S109257,54.65,2.41,0.27,13.85,2024-05-09
S109258,79.35,1.89,,21.18,2024-05-13
S109259,72.79,3.92,2.79,12.79,2024-05-02
S109260,95.27,4.6,,9.4,10/04/2024
S109261,0.7759,3.41,0.65,8.34,2024-04-12
S109262,59.57,1.65,0.45,17.47,2024-02-02
S109263,74%,3.33,0.22,24.06,13/01/2024
S109264,65.76,4.43,2.61,12.71,2024-01-29
S109265,84.9,2.83,0.06,24.95,25/05/2024
S109266,93%,1.11,0.24,27.82,2024-03-05
S109267,81.13,2.34,3.87,21.07,2024/01/10 01:19:37
S109268,100.0,1.51,0.87,17.29,2024-01-30
S109269,79.35,2.63,5.53,10.31,2024-03-24
S109270,88.85,2.99,2.56,24.12,27/01/2024
S109271,80.72,0.33,3.48,7.01,29/04/2024
S109272,54.22,3.1,0.74,19.25,2024-05-07
S109273,58.43,4.96,0.09,5.98,16/02/2024
S109274,69%,1.41,2.1,7.6,2024-05-08
S109275,77.95,4.13,,14.57,2024/04/17 14:44:18
S109276,79.07,2.99,1.12,19.93,2024-04-22
S109277,87.04,2.24,3.23,22.03,2024-03-20
S109278,77.17,3.99,4.06,15.03,2024-01-20
S109279,100.0,2.63,,12.08,05-28-2024
S109280,65.4%,3.42,0.76,9.47,02-25-2024
S109281,64.76,4.04,1.66,19.9,2024-02-07
S109282,75.4,1.76,2.08,19.63,2024-02-23
S109283,75.71,4.41,0.39,16.24,2024-01-23
S109284,69.08,2.28,0.53,17.11,29/04/2024
S109285,78.29,3.14,0.05,26.21,25/04/2024
S109286,65.63,1.72,0.77,22.12,05-11-2024
S109287,73.25,3.97,1.5,5.09,13/03/2024
S109288,84.08,2.91,0.92,21.21,2024-03-13
S109289,71.34,0.0,0.96,24.67,2024-02-24
S109290,75.95,2.19,0.26,9.26,14/01/2024
S109291,43.6,4.23,3.79,21.64,2024-03-06
S109292,81.06,1.24,0.76,36.04,01-21-2024
S109293,79.02,5.3,0.77,18.38,2024-01-10
S109294,75.17,2.45,0.78,13.35,2024-03-05
S109295,69.32,3.09,0.56,14.29,2024-05-07
S109296,71.5,2.38,3.6,15.92,2024-04-12
S109297,79.61,2.44,0.84,3.96,2024-02-05
S109298,80.2,2.91,7.61,3.64,2024-05-19
S109299,75.98,3.03,0.3,16.89,2024-04-10
S109300,68.98,2.9,0.66,14.66,2024-01-10
S109301,53.12,2.36,0.2,19.64,2024-03-16
S109302,63.63,3.17,3.67,13.02,2024-02-24
S109303,75%,3.33,2.21,15.58,2024-05-10
S109304,74.28,3.91,2.56,21.65,02-08-2024
S109305,87.81,4.36,4.37,0.0,04/03/2024
S109306,68.82,2.85,0.19,8.59,02-16-2024
S109307,53.17,0.94,0.27,11.34,2024/04/25 17:06:20
S109308,80.98,1.8,1.29,13.89,2024-05-24
S109309,30.4,3.28,1.28,5.08,11/04/2024
S109310,48.73,4.11,0.58,8.64,2024-05-06
S109311,77.48,1.91,1.37,19.89,04-02-2024
S109312,88.51,3.11,0.13,18.25,2024-01-23
S109313,86.7,3.3,4.2,0.0,2024-03-16
S109314,73.99,5.71,1.87,13.42,2024/01/29 05:27:18
S109315,100.0,4.04,0.37,14.0,05-29-2024
S109316,85%,4.61,3.24,8.61,2024-04-05
S109317,74%,3.44,0.48,14.01,2024-02-22
S109318,81.1%,3.58,0.53,17.75,28/05/2024
S109319,74.98,6.08,2.72,20.01,2024-02-29
S109320,0.8047,2.58,0.91,15.71,04-20-2024
S109321,79.13,4.41,1.87,19.53,03-30-2024
S109322,76.35,2.3,3.99,15.08,2024-03-03
S109323,70%,0.19,1.77,0.0,2024-05-15
S109324,83.46,1.39,0.64,14.06,2024-01-31
S109325,81%,0.58,0.94,6.4,2024-01-26
S109326,70.1,1.95,0.11,15.79,2024-05-21
S109327,81.15,3.71,1.62,13.46,23/01/2024
S109328,56.6%,2.14,0.78,13.39,2024-04-06
S109329,0.8566,3.84,3.1,9.14,2024-04-27
S109330,93.72,3.83,5.64,12.21,2024-03-27
S109331,65.57,5.9,0.88,17.15,2024-04-05
S109332,79.26,1.39,0.83,8.61,2024-05-28
S109333,81.4%,2.32,1.27,10.65,01-11-2024
S109334,68.19,2.03,3.21,2.73,2024-02-28
S109335,79.41,0.36,0.12,16.95,05-17-2024
S109336,0.7914,4.89,1.24,6.07,2024-03-21
S109337,66.13,1.43,2.61,15.19,29/04/2024
S109338,79.78,1.78,2.39,19.94,2024-05-11
S109339,97.04,3.26,2.72,23.9,05-19-2024
S109340,77.5,4.65,1.11,12.75,04-03-2024
S109341,66.73,2.78,1.95,19.37,28/02/2024
S109342,82.04,5.17,0.13,14.95,2024-01-13
S109343,95.44,4.69,0.56,1.89,2024-02-06
S109344,73.48,1.62,5.73,4.6,2024-03-20
S109345,74.97,3.06,6.18,20.93,2024-05-14
S109346,59.3,2.91,0.46,23.1,08/03/2024
S109347,62.33,3.82,0.77,0.17,02/03/2024
S109348,65.97,3.04,1.6,17.34,2024-03-25
S109349,87.57,1.2,5.21,16.88,2024-04-27
S109350,93.79,3.64,0.56,9.38,2024-03-13
S109351,72.22,4.49,0.17,9.45,15/01/2024
S109352,67.12,3.08,0.18,7.6,2024-02-16
S109353,89%,1.11,1.57,1.55,2024-04-09
S109354,71.05,3.26,0.52,7.62,2024-05-04
S109355,83.87,3.76,0.74,19.87,2024-05-22
S109356,72.61,2.78,7.99,12.55,05-12-2024
S109357,76.64,2.35,4.18,20.14,01/04/2024
S109358,82.47,4.25,1.09,0.99,2024-03-21
S109359,79.79,2.79,1.77,18.08,19/01/2024
S109360,64.68,3.79,1.12,20.44,23/05/2024
S109361,93.54,3.28,4.13,0.0,2024-02-26
S109362,89.01,0.88,0.87,11.31,2024-01-22
S109363,49.68,0.71,2.16,17.41,05-23-2024
S109364,70%,0.39,0.1,24.12,2024/03/31 12:33:51
S109365,87.78,2.87,1.04,5.35,2024-05-05
S109366,79.1%,0.81,0.7,24.71,02/04/2024
S109367,91.68,2.9,0.04,18.07,2024-01-31
S109368,89.5,4.0,8.0,7.98,2024-05-22
S109369,72.9%,2.75,2.52,21.95,2024-05-04
S109370,65.68,1.05,6.5,31.12,2024-04-04
S109371,77.62,2.2,1.72,12.65,2024-04-29
S109372,73.37,2.61,0.67,12.07,2024-04-09
S109373,52.47,2.38,0.64,8.34,2024-04-25
S109374,60.66,3.31,0.49,27.87,2024-02-11
S109375,70.52,2.33,1.91,9.89,15/05/2024
S109376,77.31,5.43,0.02,8.22,2024-01-23
S109377,84.49,4.59,8.0,10.63,2024-01-28
S109378,100.0,3.77,0.95,10.71,05/02/2024
S109379,46.82,5.51,2.76,10.95,04/04/2024
S109380,93.28,0.49,1.27,9.48,2024-04-29
S109381,69.13,2.82,0.06,9.99,2024-05-04
S109382,80.33,1.72,0.83,16.0,03-12-2024
S109383,57.6%,2.32,0.18,24.45,2024-02-06
S109384,94.85,0.93,3.28,8.06,2024-05-13
S109385,74.92,4.18,1.54,5.88,21/05/2024
S109386,73.53,2.41,1.49,17.28,19/05/2024
S109387,81.19,2.42,0.21,18.73,04-16-2024
S109388,80.0%,5.51,1.32,25.79,2024-04-11
S109389,97.3,4.03,0.3,24.86,04-27-2024
S109390,80.75,2.78,8.0,3.9,18/04/2024
S109391,85.33,2.61,0.43,1.02,2024-05-06
S109392,78.84,2.83,1.18,18.96,2024-02-27
S109393,100.0,5.29,6.81,18.77,2024-02-17
S109394,70.76,1.81,,25.37,2024-03-28
S109395,56.11,1.84,,17.75,2024/02/09 12:02:12
S109396,66.54,1.01,1.47,11.06,05/02/2024
S109397,99.46,2.66,0.47,22.28,2024-04-27
S109398,56.83,3.5,2.12,7.69,22/02/2024
S109399,84.3,2.28,1.09,29.05,2024-03-05
S109400,85.04,2.24,8.0,16.91,2024-02-18
S109401,69.66,2.03,2.68,9.84,2024-03-04
S109402,0.7401,2.74,0.39,8.79,2024/03/17 00:27:56
S109403,99%,3.4,0.77,16.37,03-29-2024
S109404,50.24,1.22,0.85,14.44,04-18-2024
S109405,74.89,2.88,2.4,14.04,2024-05-21
S109406,64.9,6.42,2.82,5.83,2024-03-20
S109407,65.67,5.01,0.0,13.87,2024-04-29
S109408,82.02,2.82,3.12,20.79,23/04/2024
S109409,80%,2.25,2.88,9.72,2024-03-30
S109410,75.93,3.52,0.08,16.79,2024-05-28
S109411,82.8%,2.14,0.99,22.83,2024-01-31
S109412,84.84,2.85,1.57,19.41,04-24-2024
S109413,96%,2.14,0.21,6.53,24/02/2024
S109414,76.25,5.09,1.51,17.25,14/02/2024
S109415,84.92,4.74,2.23,25.25,25/04/2024
S109416,52.06,3.36,0.26,18.48,24/01/2024
S109417,74.61,3.25,1.27,23.26,2024-05-29
S109418,82.71,4.6,3.17,21.86,2024-02-06
S109419,69.1,1.91,2.42,7.03,2024-03-28
S109420,64.83,2.72,0.36,27.46,2024-04-04
S109421,89.53,5.23,3.11,23.78,23/02/2024
S109422,75.9%,3.1,0.37,13.02,2024-01-27
S109423,78%,1.92,0.51,24.07,2024-03-07
S109424,84.45,1.94,0.35,14.11,25/02/2024
S109425,72.25,2.76,1.09,14.37,2024-03-13
S109426,74.18,1.56,1.51,8.74,2024-01-15
S109427,82.92,4.06,1.18,7.76,2024-04-10
S109428,99.83,3.66,4.27,16.04,2024-05-05
S109429,74.41,0.24,0.55,13.23,2024-05-21
S109430,87.15,5.12,,4.59,2024-04-11
S109431,89.11,1.59,2.77,17.45,12/01/2024
S109432,84%,2.86,0.87,18.57,2024-04-13
S109433,58.86,1.23,0.1,17.09,2024-03-07
S109434,63.01,0.88,0.77,17.03,28/05/2024
S109435,74.9%,4.69,0.15,17.85,2024/02/09 14:32:29
S109436,82.12,1.61,2.93,16.17,21/04/2024
S109437,60.2,0.69,0.51,17.44,2024-04-03
S109438,51.68,2.83,1.48,18.54,2024-03-23
S109439,80.33,2.45,5.17,10.9,2024-05-04
S109440,69.66,3.03,1.59,6.14,2024-01-14
S109441,61.99,3.46,2.26,17.23,2024-03-30
S109442,100.0,2.72,0.62,16.06,2024-05-06
S109443,94.34,4.84,0.62,18.17,2024-04-09
S109444,81.48,6.29,0.12,22.97,2024-04-12
S109445,67.41,2.31,0.98,14.76,28/01/2024
S109446,82.46,3.62,0.81,14.07,19/04/2024
S109447,83.16,4.16,1.33,18.28,2024-03-05
S109448,0.8915,4.55,0.1,7.86,14/03/2024
S109449,93.25,3.68,0.19,15.29,2024-03-20
S109450,73.69,3.7,8.0,14.28,2024-03-22
S109451,71.74,3.03,0.81,21.14,07/03/2024
S109452,68.71,0.92,1.0,11.79,2024-02-27
S109453,86.37,2.95,0.06,15.64,2024-01-13
S109454,73.92,4.86,,13.91,2024-05-15
S109455,45.39,5.2,0.08,0.0,2024-05-03
S109456,75.64,4.56,1.04,11.3,06/03/2024
S109457,82.29,5.12,3.82,14.94,03-31-2024
S109458,71.73,4.54,0.7,8.76,2024-01-30
S109459,72.05,2.62,0.04,14.14,2024-03-31
S109460,92.0,1.59,3.13,24.37,2024-01-13
S109461,48.22,3.5,1.31,21.74,03-29-2024
S109462,89.86,1.35,2.36,1.94,2024-03-13
S109463,75.21,3.23,1.22,20.32,2024-01-17
S109464,59.29,3.52,0.21,18.93,2024-03-21
S109465,71.51,2.71,0.56,14.35,2024-01-21
S109466,0.7443,3.78,2.65,0.0,03-10-2024
S109467,75.3%,3.43,0.65,20.48,29/02/2024
S109468,68.05,1.91,1.78,12.0,2024-03-17
S109469,64.69,4.23,1.36,16.48,05-21-2024
S109470,66.72,1.36,0.75,8.23,2024-01-27
S109471,57.95,3.19,1.3,9.8,05-10-2024
S109472,74.17,1.55,0.0,21.55,16/02/2024
S109473,100.0,1.36,0.17,26.36,2024-03-27
S109474,82.84,0.23,2.79,12.01,2024-03-25
S109475,89.7,5.25,1.5,25.59,21/02/2024
S109476,78.5,5.12,3.08,12.0,2024-03-15
S109477,83.7,4.85,0.6,11.91,2024/05/26 17:07:49
S109478,84%,4.31,2.44,5.08,17/04/2024
S109479,75.83,3.69,2.3,18.48,20/01/2024
S109480,71.29,0.0,0.02,13.63,2024-03-11
S109481,66.35,2.05,1.02,14.03,2024-03-23
S109482,58.28,2.4,3.99,12.34,25/05/2024
S109483,86.3%,3.79,2.14,8.06,08/05/2024
S109484,62.89,1.96,0.04,19.38,2024-03-28
S109485,56.09,5.82,1.06,14.57,02-05-2024
S109486,79.59,0.98,0.32,20.66,03-27-2024
S109487,68.49,2.92,0.28,8.39,2024-02-23
S109488,0.8064,2.97,0.87,16.67,26/05/2024
S109489,81.38,6.26,3.45,29.96,2024-05-21
S109490,74%,4.42,3.51,10.02,2024-03-25
S109491,68.1%,2.76,4.83,11.61,2024-01-29
S109492,74.3%,4.22,3.54,11.53,24/03/2024
S109493,81.38,3.35,0.46,7.7,2024-04-14
S109494,87.29,5.52,1.67,26.6,21/02/2024
S109495,98.07,4.0,3.04,0.0,11/01/2024
S109496,74.64,3.44,1.75,6.44,2024-02-15
S109497,72.17,3.07,3.91,18.28,2024-02-04
S109498,60%,1.64,,9.89,24/03/2024
S109499,94.07,2.27,1.75,14.79,2024-04-25
S109500,65.35,3.85,2.27,14.8,2024-03-11
S109501,77.0%,2.71,1.8,18.48,2024-04-10
S109502,54.93,4.92,0.01,15.57,2024-05-02
S109503,73.8,5.32,1.62,12.28,2024-04-06
S109504,68.77,2.85,0.35,15.91,2024-05-22
S109505,98.36,2.91,0.99,13.75,2024-01-12
S109506,78.89,1.02,3.28,26.86,2024-03-12
S109507,78.29,2.21,0.65,10.97,03/02/2024
S109508,0.7448,5.38,2.09,18.89,2024-01-15
S109509,100.0,1.45,3.22,21.4,11/04/2024
S109510,58.87,4.22,4.3,5.75,04/02/2024
S109511,79.7%,0.68,1.3,7.21,2024-04-25
S109512,80.11,3.06,0.28,28.52,21/04/2024
S109513,90.1%,3.18,3.25,10.26,2024-04-21
S109514,71.47,2.19,2.78,15.09,2024-01-19
S109515,50.94,1.97,2.14,13.78,15/02/2024
S109516,63.7%,1.55,0.15,14.73,02-06-2024
S109517,86.66,1.18,1.04,12.39,23/01/2024
S109518,79.79,1.94,0.04,15.85,2024-02-15
S109519,77.55,1.44,0.11,9.31,2024-03-02
S109520,43.01,4.63,0.17,13.43,2024-04-28
S109521,69.38,1.35,,1.2,22/03/2024
S109522,0.8497,2.89,2.5,14.19,2024-05-17
S109523,76.44,2.05,1.42,17.34,2024-04-04
S109524,80.46,0.35,1.96,21.71,03/02/2024
S109525,79.11,1.75,3.64,23.03,2024-05-25
S109526,94.61,1.93,,12.36,09/04/2024
S109527,95.82,2.25,1.12,20.88,23/01/2024
S109528,85.1%,3.6,0.48,6.94,01-24-2024
S109529,71.56,2.0,0.42,11.38,2024-01-31
S109530,71.12,1.85,1.44,26.35,2024-02-13
S109531,70%,0.87,0.57,16.28,2024/02/19 01:21:18
S109532,86%,2.26,3.31,16.63,2024-05-21
S109533,76.69,0.63,3.74,13.75,2024-01-30
S109534,70.87,4.82,1.8,28.08,2024-03-19
S109535,68.58,2.83,0.78,18.72,09/02/2024
S109536,0.8913,4.31,0.09,25.39,2024-04-27
S109537,82.53,2.89,2.57,10.86,2024-01-31
S109538,90.15,3.72,1.29,8.19,2024-04-22
S109539,99.4,3.06,0.63,9.64,2024-02-09
S109540,54.72,0.68,1.57,19.4,27/03/2024
S109541,77.23,4.91,1.65,26.53,17/04/2024
S109542,77.4%,3.84,2.3,20.25,2024-02-11
S109543,68%,2.79,3.75,21.14,31/01/2024
S109544,68%,5.03,8.0,16.21,26/03/2024
S109545,0.6985,3.18,2.19,6.09,2024-01-22
S109546,71.79,2.78,0.06,29.16,2024-02-11
S109547,69.28,2.15,5.45,19.65,02/04/2024
S109548,53.61,1.53,2.36,18.66,06/03/2024
S109549,61.94,3.58,5.35,21.12,04-20-2024
S109550,84.6,2.25,0.76,3.0,2024-02-04
S109551,74.96,2.4,0.46,11.49,2024-04-01
S109552,68.45,3.26,0.5,19.35,2024-01-18
S109553,68.83,3.42,0.35,13.99,2024-05-14
S109554,64.4%,2.46,2.53,14.46,2024-05-10
S109555,91.92,3.36,2.63,23.97,09/04/2024
S109556,66.77,2.99,2.77,15.82,2024-04-30
S109557,68.87,0.45,1.14,31.65,2024-01-24
S109558,94.48,2.51,2.08,14.71,03/04/2024
S109559,92.47,3.34,1.58,20.63,2024-04-27
S109560,63%,5.81,0.89,18.39,2024-01-29
S109561,86%,2.59,0.16,10.98,2024-04-10
S109562,66.36,2.54,0.38,7.78,2024-03-24
S109563,62.4,1.98,1.23,15.26,2024-05-10
S109564,58.14,2.59,0.11,28.44,2024-03-20
S109565,79.95,5.87,0.88,12.24,2024-01-11
S109566,57.08,3.49,0.81,18.63,2024-03-11
S109567,89.95,3.24,1.87,13.2,06/04/2024
S109568,67.25,3.12,0.03,16.55,2024/05/12 20:49:07
S109569,79.86,1.75,3.07,22.99,2024-04-14
S109570,0.4966,4.57,0.54,15.8,06/05/2024
S109571,62.95,0.83,0.28,10.69,2024-03-02
S109572,69.58,5.8,5.57,26.24,2024-02-16
S109573,65.96,0.95,0.24,10.77,2024-04-15
S109574,80.65,3.49,1.4,19.74,2024-02-12
S109575,51.12,0.5,1.39,4.57,03/05/2024
S109576,89.02,4.05,0.22,23.99,2024-01-21
S109577,100.0,2.89,2.29,33.23,02-20-2024
S109578,50.54,2.92,1.33,14.81,2024-05-18
S109579,77.72,2.12,2.63,7.82,2024-03-18
S109580,75.35,0.86,3.7,20.37,2024-02-20
S109581,0.7869,3.5,0.31,15.64,01-27-2024
S109582,52.61,1.0,1.48,29.99,2024/01/21 14:27:00
S109583,92.8%,4.7,5.27,10.81,2024-05-12
S109584,69.3%,4.93,0.65,5.64,2024-01-10
S109585,82.11,4.05,3.56,17.13,2024-03-15
S109586,93.1%,2.69,0.87,19.08,12/03/2024
S109587,58.18,0.71,3.35,9.62,11/02/2024
S109588,72.77,3.77,0.79,21.72,2024-03-24
S109589,67.25,5.99,1.38,15.39,2024-02-14
S109590,76.71,5.34,1.87,13.1,2024-04-09
S109591,78%,6.68,2.65,18.81,02/03/2024
S109592,82.44,3.21,1.15,12.99,2024-05-17
S109593,71.85,3.01,1.83,9.85,05-10-2024
S109594,100.0,4.18,1.14,3.7,2024-03-27
S109595,60.31,2.42,0.42,10.68,17/03/2024
S109596,64.54,3.84,0.08,32.46,2024-04-27
S109597,89.2,4.64,1.28,15.25,25/04/2024
S109598,73.45,2.48,0.17,7.88,02-24-2024
S109599,92%,2.75,2.61,23.87,2024-04-23
S109600,74.26,4.37,0.34,14.67,2024-04-10
S109601,76.3,1.97,4.22,17.04,2024-01-12
S109602,68.71,0.77,1.91,16.92,04-30-2024
S109603,69.1%,2.5,0.02,25.4,2024-02-05
S109604,0.713,4.8,5.05,5.7,2024-01-29
S109605,78.81,4.44,2.1,25.22,2024/01/26 18:25:14
S109606,68.88,3.64,0.7,20.22,26/03/2024
S109607,0.7671,1.09,0.55,15.54,16/05/2024
S109608,59.84,2.26,1.84,9.02,03/02/2024
S109609,75.21,2.79,0.99,13.27,2024-05-18
S109610,69.31,4.61,0.5,15.3,05-04-2024
S109611,80%,3.76,0.83,27.66,2024-01-17
S109612,81.01,1.58,0.07,25.05,29/05/2024
S109613,0.733,3.36,1.66,12.29,2024-02-28
S109614,71.42,0.8,2.19,29.07,2024/03/22 05:31:16
S109615,88.89,0.65,0.83,21.66,03-15-2024
S109616,85.84,2.27,2.01,18.3,2024-02-02
S109617,83.6%,6.43,0.11,13.03,2024-02-23
S109618,90.38,2.64,1.15,10.96,05/02/2024
S109619,88.08,2.26,1.51,18.8,2024-02-09
S109620,59.2%,2.23,1.16,17.69,2024-01-30
S109621,78.57,3.15,4.08,12.27,2024-02-22
S109622,82.36,4.47,2.78,22.8,2024-02-12
S109623,73%,3.87,1.3,16.14,02-24-2024
S109624,62.48,2.5,3.47,17.93,03-26-2024
S109625,80.32,4.53,8.0,22.51,2024/04/19 13:02:24
S109626,100.0%,2.64,0.37,20.79,2024-05-13
S109627,87.83,2.9,0.12,3.66,2024-03-27
S109628,64.08,4.45,0.22,20.33,2024-04-25
S109629,73%,1.25,5.32,15.2,18/03/2024
S109630,87.76,3.72,2.28,11.87,2024-05-14
S109631,86.34,4.41,0.15,15.36,2024-01-19
S109632,83%,1.24,0.44,12.86,2024-05-16
S109633,85.19,2.57,0.23,15.89,2024-02-17
S109634,50.73,1.81,8.0,14.85,2024-02-17
S109635,74.53,0.48,0.78,19.81,2024-02-10
S109636,71.81,2.94,2.74,4.28,16/04/2024
S109637,79.0%,4.02,0.05,16.29,10/01/2024
S109638,77.35,3.84,0.02,14.8,2024-02-29
S109639,66.4%,1.67,2.51,30.76,17/05/2024
S109640,78.73,3.72,0.7,1.3,2024-03-19
S109641,53.41,3.23,0.33,21.45,05-22-2024
S109642,68.0%,0.8,1.88,18.03,2024-05-13
S109643,91.39,6.4,0.45,20.36,2024-01-13
S109644,0.8229,2.59,0.42,11.87,2024-03-07
S109645,76.6,4.39,1.79,17.24,2024-05-07
S109646,71.66,3.36,0.24,16.02,2024-04-30
S109647,90.03,4.51,0.39,39.75,2024-05-27
S109648,73%,1.26,3.67,12.84,14/01/2024
S109649,0.9606,3.82,0.79,9.5,03-13-2024
S109650,79.36,1.54,1.57,29.01,27/02/2024
S109651,0.8974,2.78,0.1,17.41,2024-05-25
S109652,90.66,0.0,0.85,18.6,19/04/2024
S109653,73.31,1.45,2.8,22.89,2024/04/25 14:14:34
S109654,0.9013,5.9,1.2,15.54,2024-01-10
S109655,100.0,5.71,7.6,12.07,2024-02-05
S109656,63.99,2.5,3.88,15.93,2024-01-24
S109657,69%,1.5,0.68,9.11,2024-03-12
S109658,71.72,3.83,1.25,4.83,2024-03-11
S109659,75%,3.59,0.27,9.1,2024-02-27
S109660,88.82,1.5,0.5,0.0,04-27-2024
S109661,100.0,2.05,2.42,12.45,27/02/2024
S109662,78.63,3.05,2.02,11.5,2024-04-29
S109663,70.55,2.01,3.16,19.23,2024-04-24
S109664,85.62,3.39,0.26,15.9,2024-04-22
S109665,92.97,4.58,3.19,14.03,24/02/2024
S109666,43.3%,3.44,2.89,23.24,19/01/2024
S109667,77.71,2.37,1.58,12.08,2024-05-22
S109668,79.3%,3.58,0.79,7.23,08/05/2024
S109669,65%,4.58,2.76,0.0,01-15-2024
S109670,62.97,4.39,2.89,15.17,2024-05-15
S109671,100.0%,1.22,2.0,14.63,03/02/2024
S109672,87.52,2.78,0.01,23.88,2024-03-09
S109673,63.01,1.55,5.26,8.93,2024-01-19
S109674,63.05,2.19,0.28,20.25,2024-05-18
S109675,84.9%,1.88,8.0,0.0,2024-02-19
S109676,100%,4.21,0.69,5.91,2024-04-29
S109677,60.62,1.04,7.26,17.68,02-12-2024
S109678,77.28,2.82,1.11,19.83,2024-05-26
S109679,92.99,4.65,0.3,3.38,25/02/2024
S109680,57.39,2.66,0.07,9.44,2024-01-13
S109681,68.69,3.33,2.5,15.32,05-27-2024
S109682,82.01,3.91,4.03,14.33,2024-05-07
S109683,91.26,2.19,0.94,18.83,2024-03-12
S109684,70.47,3.7,0.88,21.39,2024/02/25 11:19:11
S109685,77.76,6.34,1.11,6.05,2024-03-19
S109686,75.98,2.5,2.47,18.11,04-02-2024
S109687,86.65,0.0,1.0,9.96,2024-01-24
S109688,70.61,5.6,0.04,17.35,13/02/2024
S109689,0.8182,4.54,0.47,11.73,13/04/2024
S109690,70.87,4.09,3.48,22.54,2024/03/27 01:00:45
S109691,85.1,0.0,0.4,19.11,2024-02-14
S109692,90.38,5.92,2.71,8.08,2024-04-07
S109693,78.94,3.88,0.61,3.25,2024-03-21
S109694,76.47,3.41,0.87,23.33,2024-05-20
S109695,79.89,5.98,0.47,10.06,06/05/2024
S109696,96.4%,4.37,6.8,10.79,2024/02/09 07:28:19
S109697,60.1%,3.63,0.13,20.19,07/02/2024
S109698,82.61,2.25,2.45,7.84,2024-05-21
S109699,85.57,3.86,3.08,16.39,08/02/2024
S109700,0.7158,1.53,1.09,15.13,20/02/2024
S109701,77.52,4.76,0.29,14.43,2024-03-18
S109702,86.1,3.82,0.22,23.37,2024-05-08
S109703,0.8813,4.24,0.42,18.26,04-14-2024
S109704,93.51,0.0,0.52,21.85,2024-05-29
S109705,100.0%,1.67,1.6,13.25,04/03/2024
S109706,57.63,1.04,3.22,9.93,2024-01-11
S109707,67.48,1.84,0.91,22.27,01/02/2024
S109708,76.86,4.0,1.16,11.01,2024-03-29
S109709,0.7558,2.84,0.12,15.87,29/01/2024
S109710,70.19,3.12,0.1,17.96,2024-04-27
S109711,100.0,1.35,0.97,9.61,2024-05-28
S109712,81.77,3.67,3.89,9.63,2024-02-17
S109713,84.7,4.5,6.89,13.1,2024-05-14
S109714,74.34,5.3,5.38,20.21,04/02/2024
S109715,74.61,2.43,2.37,17.42,2024-05-20
S109716,66.73,2.98,0.39,5.53,30/01/2024
S109717,89.47,5.3,3.06,28.67,2024-03-28
S109718,91.24,3.48,1.69,17.66,2024-04-24
S109719,51%,4.06,0.31,12.03,03/05/2024
S109720,85.65,5.57,2.08,13.93,2024-05-17
S109721,0.77,3.8,1.19,13.3,2024-05-15
S109722,76.54,2.12,1.05,12.39,2024-04-23
S109723,70.03,6.27,0.4,23.16,06/04/2024
S109724,91.22,4.28,1.32,31.64,2024-03-19
S109725,58.18,4.27,0.44,11.41,2024-03-13
S109726,73.32,4.98,0.34,11.8,2024-04-12
S109727,89.61,3.04,2.69,14.37,2024-05-12
S109728,80%,1.96,3.81,5.36,2024-03-18
S109729,76.58,0.0,0.7,18.7,2024-03-04
S109730,82.98,3.13,0.41,16.31,03-28-2024
S109731,68.14,2.71,1.49,16.05,24/02/2024
S109732,95.44,0.43,0.89,2.03,13/05/2024
S109733,66.17,1.52,2.16,0.0,2024-05-25
S109734,67.2,3.33,0.89,12.43,2024-05-24
S109735,71.09,3.26,0.04,19.63,2024-01-17
S109736,90.76,5.5,3.72,2.55,04-09-2024
S109737,72.57,3.8,,21.27,30/03/2024
S109738,66.3,3.39,2.13,12.88,2024-02-22
S109739,80.86,3.01,1.72,9.2,2024-03-15
S109740,70.41,5.36,0.68,15.58,28/04/2024
S109741,68.24,4.88,3.56,5.92,04-12-2024
S109742,100.0,5.1,7.28,0.0,2024-03-12
S109743,73.86,4.03,3.81,23.44,2024-02-16
S109744,76%,6.69,3.57,14.66,2024-04-22
S109745,96%,4.42,5.62,9.95,24/05/2024
S109746,68.86,3.4,2.73,10.95,2024-05-05
S109747,70.13,5.21,1.47,9.58,06/02/2024
S109748,77.01,3.2,2.07,12.53,2024-03-18
S109749,67.62,2.57,0.35,14.21,04-01-2024
S109750,83.72,2.37,0.35,19.81,2024-03-23
S109751,73.23,4.02,2.35,10.13,2024-03-29
S109752,100.0,1.66,1.46,7.6,2024-01-15
S109753,83.7%,1.08,0.22,11.25,18/04/2024
S109754,100.0,1.97,0.22,32.25,2024-04-29
S109755,80.46,4.99,0.0,16.1,01/04/2024
S109756,76.67,2.31,0.06,17.8,2024-04-17
S109757,75.34,2.35,1.41,13.22,03-07-2024
S109758,59.84,1.87,1.88,27.13,2024/05/25 14:57:50
S109759,68.91,0.9,1.33,21.02,2024-03-19
S109760,67.65,3.88,0.11,7.72,2024-04-21
S109761,60%,5.28,1.39,16.1,30/03/2024
S109762,70.24,1.66,1.82,12.29,2024/02/06 18:31:26
S109763,68.47,1.52,3.17,17.88,2024-02-07
S109764,85.61,5.2,0.47,21.98,2024-01-24
S109765,62.5,1.24,0.08,6.44,2024-01-20
S109766,67.24,2.24,2.49,17.51,2024-03-27
S109767,87.17,4.8,2.14,9.35,09/03/2024
S109768,73.23,2.36,1.12,24.91,2024-01-21
S109769,60.02,2.39,,21.77,03-12-2024
S109770,87.61,3.18,2.3,1.07,23/03/2024
S109771,100.0,2.96,0.13,7.11,2024-05-08
S109772,87.57,2.9,1.31,5.59,2024-03-11
S109773,96.35,1.38,0.82,14.57,2024-05-05
S109774,0.6162,4.28,2.4,17.11,2024-03-05
S109775,78.04,1.65,1.08,20.54,23/01/2024
S109776,77.49,0.67,4.74,13.28,27/05/2024
S109777,55.23,3.85,0.7,13.02,2024-03-17
S109778,96.82,2.89,1.65,16.99,03/02/2024
S109779,89.02,2.69,0.93,37.05,2024-04-05
S109780,0.5637,3.8,0.49,4.4,2024/02/14 10:52:24
S109781,68.05,4.99,4.27,1.85,2024-02-01
S109782,74.04,1.54,2.88,11.25,2024-02-17
S109783,86.79,3.0,5.64,9.97,2024/05/01 19:11:07
S109784,53.05,0.28,0.84,9.83,2024-02-27
S109785,65.2,0.84,1.23,14.91,05-15-2024
S109786,64.36,2.41,0.47,6.81,2024-02-22
S109787,100.0,1.38,0.2,10.83,2024-01-29
S109788,66.73,1.82,6.6,12.94,2024-05-18
S109789,69.94,6.35,1.09,13.1,2024/03/11 07:50:47
S109790,84.62,2.38,2.34,14.01,2024-03-12
S109791,84.12,4.32,1.24,13.95,13/04/2024
S109792,75%,4.74,1.99,9.35,2024-02-21
S109793,84.38,1.62,0.39,13.21,02-16-2024
S109794,90.5%,2.82,0.71,14.96,2024-04-07
S109795,68.99,2.48,1.93,21.72,2024-05-17
S109796,79.9%,6.35,2.61,4.63,08/03/2024
S109797,47.34,5.29,4.21,15.17,2024-03-31
S109798,58.29,0.0,1.64,16.15,2024-05-07
S109799,73.27,2.73,2.77,16.29,2024-04-29
S109800,80.76,3.14,0.51,16.62,01-18-2024
S109801,83.04,2.36,0.37,5.81,2024-03-27
S109802,68.51,7.2,0.98,16.13,2024-05-24
S109803,79.58,2.7,4.12,15.74,2024-05-20
S109804,59.05,2.72,0.3,18.84,2024-05-09
S109805,85.38,2.95,,13.84,02-26-2024
S109806,81.01,4.89,2.5,11.22,04/03/2024
S109807,100.0,0.84,0.28,22.01,2024-05-09
S109808,70.78,3.24,0.28,6.47,18/01/2024
S109809,98.54,0.94,0.79,5.38,29/01/2024
S109810,71.92,0.36,0.69,6.32,2024-05-06
S109811,71.38,3.75,1.03,17.42,2024-01-23
S109812,73.8,3.68,1.04,9.94,20/02/2024
S109813,54.89,3.28,1.27,14.22,10/02/2024
S109814,65.85,7.72,1.13,24.7,2024-02-06
S109815,76.98,0.42,3.94,6.76,2024-02-28
S109816,0.7979,2.92,1.76,3.09,26/02/2024
S109817,72.2%,0.35,1.37,20.81,2024-02-11
S109818,66.02,4.51,0.87,9.16,2024-02-05
S109819,78.47,3.87,0.84,6.8,12/04/2024
S109820,71.6,3.34,,14.25,20/01/2024
S109821,86.6,0.14,3.75,13.66,02-29-2024
S109822,90.24,1.98,4.06,8.93,2024-01-26
S109823,80.9%,2.19,1.52,18.93,2024-01-30
S109824,89%,2.31,1.59,9.55,2024-03-24
S109825,76.09,2.77,2.06,9.23,2024-03-11
S109826,82.37,4.25,1.26,1.94,03-13-2024
S109827,79.13,1.8,1.22,0.0,04-10-2024
S109828,62.61,3.91,0.84,16.65,2024-03-05
S109829,71.36,3.09,0.13,5.75,2024-05-13
S109830,80.9%,3.43,5.18,13.93,2024-04-03
S109831,60.99,5.57,3.51,28.49,10/02/2024
S109832,73.58,4.63,1.85,18.26,2024-04-27
S109833,78.1%,2.73,0.93,15.2,2024-02-04
S109834,100.0,1.04,0.29,17.97,22/01/2024
S109835,61.34,6.78,1.44,30.1,01-19-2024
S109836,75.88,0.0,0.61,1.8,31/03/2024
S109837,89.66,5.12,0.21,14.05,2024-05-17
S109838,75.54,3.73,1.04,25.32,29/02/2024
S109839,86.53,4.95,1.75,17.16,2024/03/04 09:53:01
S109840,72.04,3.74,0.39,23.43,01/04/2024
S109841,81%,3.83,4.87,10.62,2024-03-23
S109842,93.91,5.24,0.0,6.25,2024-01-25
S109843,88.75,3.85,1.53,28.38,2024-01-17
S109844,68.96,0.58,7.29,15.53,2024-04-11
S109845,76.67,5.25,0.39,20.78,02-06-2024
S109846,56.48,5.0,0.19,21.22,10/02/2024
S109847,75.4%,2.58,0.82,23.96,2024-04-28
S109848,78.58,2.51,0.09,17.06,05/03/2024
S109849,75.23,3.4,1.34,17.37,2024-05-20
S109850,79.76,2.36,0.32,18.48,2024-01-30
S109851,72.2,2.14,0.36,10.51,26/04/2024
S109852,85.37,5.49,0.63,22.35,2024-03-31
S109853,68.06,1.04,3.38,11.0,2024-02-28
S109854,68.82,1.46,1.77,22.74,2024-02-29
S109855,71.82,3.67,2.14,20.56,08/04/2024
S109856,81.33,2.85,1.32,0.0,28/02/2024
S109857,69.29,4.67,0.6,20.65,2024-01-28
S109858,84.81,3.87,1.63,16.64,2024-04-07
S109859,56.8,2.22,3.23,24.34,2024-02-19
S109860,0.5825,2.79,,27.13,2024-04-16
S109861,89.61,2.76,0.26,15.78,2024-02-20
S109862,78.4,1.33,0.71,17.5,2024-03-19
S109863,78.37,3.83,7.79,6.02,2024-03-14
S109864,85.6,0.0,2.05,13.82,2024-03-24
S109865,61.54,2.36,0.19,26.59,18/04/2024
S109866,58.55,3.53,2.48,15.0,2024-04-20
S109867,60.94,3.88,1.22,21.49,16/05/2024
S109868,71.43,4.06,0.37,14.85,22/05/2024
S109869,73%,3.08,2.5,14.18,2024-04-08
S109870,86.1,2.09,2.76,19.02,2024-01-28
S109871,82.77,0.0,0.89,0.0,06/05/2024
S109872,80.02,0.96,1.02,17.6,2024-05-09
S109873,68.73,2.75,5.62,0.0,2024-05-15
S109874,64.76,0.01,1.47,14.42,05/04/2024
S109875,51.09,1.51,0.62,9.15,2024-04-04
S109876,74.71,0.69,1.0,6.91,2024-05-08
S109877,74.15,2.57,3.36,25.35,2024-03-15
S109878,50.03,2.09,0.77,22.84,2024-03-02
S109879,79.63,2.91,2.73,12.51,2024/01/13 12:46:11
S109880,74.44,4.3,0.21,31.65,2024/04/29 05:10:57
S109881,67.86,0.49,4.11,21.96,02-19-2024
S109882,90.23,3.83,1.01,13.89,2024-04-02
S109883,61.88,2.31,7.41,1.79,2024-04-05
S109884,79.64,1.46,1.02,14.31,2024-04-22
S109885,90.29,1.87,1.06,10.58,2024-01-20
S109886,78.41,3.65,4.11,11.76,2024-02-28
S109887,0.6254,4.76,0.58,17.89,2024-05-20
S109888,90.5%,2.96,0.8,10.6,2024-03-04
S109889,86.73,3.82,2.75,24.25,2024-04-29
S109890,80.0%,4.38,3.43,11.29,02-25-2024
S109891,92.92,3.31,4.95,7.84,2024-03-25
S109892,64.45,2.88,5.52,19.55,2024-03-15
S109893,71.89,0.98,2.55,14.81,2024-04-07
S109894,61.42,5.28,0.84,20.99,2024-05-01
S109895,62.25,1.91,1.38,16.2,08/04/2024
S109896,84.27,1.0,3.7,5.28,2024-04-28
S109897,71.93,1.98,1.35,17.13,2024-03-23
S109898,84.04,2.74,0.55,8.64,29/05/2024
S109899,73.3,3.49,2.92,16.02,2024-02-23
S109900,77.15,0.48,2.65,10.81,2024-03-02
S109901,98%,0.0,1.45,13.56,2024-05-15
S109902,83.64,3.83,2.38,15.3,31/01/2024
S109903,74.77,2.67,5.38,20.14,2024-03-02
S109904,100.0,0.88,2.27,11.14,03-31-2024
S109905,56.7%,4.63,2.07,0.0,2024-04-20
S109906,63.98,3.51,2.35,8.3,2024-05-20
S109907,75.65,4.36,0.16,15.94,2024-03-20
S109908,79.05,0.0,0.09,23.27,2024-02-15
S109909,84.17,3.19,0.17,17.1,2024-04-04
S109910,52.21,2.88,0.81,21.97,23/02/2024
S109911,100.0,1.35,3.46,16.1,2024-01-11
S109912,81.49,3.57,1.67,16.53,2024-03-17
S109913,69%,1.29,1.73,13.31,22/02/2024
S109914,76.98,4.02,3.87,22.35,2024-01-26
S109915,72.4%,5.88,6.18,26.52,03-07-2024
S109916,72.09,4.41,0.99,8.25,26/02/2024
S109917,78.85,3.53,2.04,16.57,14/02/2024
S109918,100.0,0.79,0.34,6.66,2024-01-14
S109919,60.95,3.45,5.04,26.7,12/04/2024
S109920,59.39,1.46,1.68,16.2,02/02/2024
S109921,69.03,2.68,0.22,14.86,2024-03-17
S109922,62.7%,1.45,0.34,7.03,25/02/2024
S109923,62.59,2.77,1.11,13.42,2024-05-14
S109924,68%,2.77,1.92,14.47,2024-03-26
S109925,68.6,3.03,1.24,7.48,2024/01/30 01:30:29
S109926,75.79,2.99,4.59,16.06,2024-04-01
S109927,91.17,2.66,0.43,8.99,2024-04-05
S109928,88.52,4.67,2.0,18.04,2024-02-24
S109929,69.54,2.56,0.53,8.1,2024-03-09
S109930,87.01,1.52,3.33,16.1,05/05/2024
S109931,59.21,4.05,1.51,13.64,15/02/2024
S109932,65.37,1.59,1.18,17.11,01/02/2024
S109933,79.19,0.6,0.4,16.16,2024-03-11
S109934,70.66,5.75,0.51,15.66,21/03/2024
S109935,60.44,2.17,0.53,9.82,22/03/2024
S109936,66.9,3.78,0.06,18.88,2024-05-22
S109937,72.5%,3.27,2.14,17.01,2024-04-16
S109938,80%,0.0,3.14,19.46,04-18-2024
S109939,80.12,3.26,1.48,14.82,2024-01-28
S109940,79.83,4.0,2.59,13.74,03-07-2024
S109941,79.53,4.91,2.77,7.9,30/03/2024
S109942,47.63,4.67,2.32,10.37,24/01/2024
S109943,76.85,2.81,8.0,11.69,2024-02-25
S109944,80.1,3.28,4.68,21.73,2024-02-16
S109945,80%,5.29,0.79,6.29,2024-05-11
S109946,79.1%,3.76,0.75,5.62,2024-02-14
S109947,0.5826,3.17,0.01,14.51,01/04/2024
S109948,53.16,2.99,0.48,9.64,2024-04-01
S109949,76.77,3.12,0.54,12.32,2024-01-29
S109950,76.02,1.5,0.04,11.92,2024-05-06
S109951,75.53,5.78,0.9,10.58,2024/03/31 03:15:34
S109952,63%,5.22,1.03,9.66,02-11-2024
S109953,81.41,4.95,8.0,8.48,2024-01-30
S109954,66.87,3.7,1.93,12.41,17/02/2024
S109955,70.04,5.98,0.11,4.76,16/05/2024
S109956,87%,5.64,0.93,19.24,2024-04-28
S109957,60.97,3.37,2.45,8.81,02-08-2024
S109958,94.8%,2.08,1.4,18.17,21/01/2024
S109959,79.54,3.92,1.09,10.38,18/05/2024
S109960,69.57,2.51,1.88,22.26,06/02/2024
S109961,100.0,4.59,1.98,15.28,2024-05-19
S109962,76.08,4.4,2.9,7.46,2024-05-27
S109963,81.05,2.85,0.36,32.49,2024-03-13
S109964,84.21,2.01,0.46,12.08,16/03/2024
S109965,80.9,1.89,1.88,11.1,2024-04-13
S109966,56.28,1.51,1.67,11.58,2024-05-03
S109967,98.27,6.47,5.74,17.79,2024-03-18
S109968,84.17,4.27,4.61,4.83,24/01/2024
S109969,86.84,1.11,1.59,15.95,2024-01-15
S109970,90.77,1.04,1.94,3.2,07/05/2024
S109971,71%,3.4,0.38,14.48,2024-01-28
S109972,74.17,0.0,2.12,22.89,2024-04-28
S109973,71.0%,2.07,0.7,11.12,2024-02-23
S109974,85.37,1.35,0.42,21.21,03/05/2024
S109975,77.97,4.19,7.89,3.31,2024-05-05
S109976,68.68,3.34,2.86,10.65,2024-03-02
S109977,77.6,0.28,6.75,6.43,03-17-2024
S109978,96%,2.76,1.79,28.36,2024-03-26
S109979,70.76,2.78,1.97,12.15,2024-05-08
S109980,60.87,1.53,3.6,10.45,2024-02-10
S109981,95%,4.27,1.51,13.2,11/02/2024
S109982,69.92,5.25,0.24,15.05,11/04/2024
S109983,56.0%,5.04,4.16,12.4,2024/04/28 10:49:27
S109984,71.51,5.61,2.08,6.66,04/05/2024
S109985,77.02,2.55,3.53,24.45,2024-02-08
S109986,54.54,3.44,1.74,22.62,2024-03-10
S109987,77.95,1.17,0.6,17.33,18/02/2024
S109988,80.3,2.97,1.22,16.96,05-21-2024
S109989,0.8845,1.93,1.08,16.51,01-28-2024
S109990,81.61,5.72,,11.8,24/01/2024
S109991,84.84,3.57,0.15,11.04,04/03/2024
S109992,60.58,2.53,0.49,26.16,09/05/2024
S109993,68.05,2.95,0.56,19.38,12/02/2024
S109994,52.21,5.2,1.28,5.69,2024-02-03
S109995,78.17,2.01,0.9,11.84,2024-03-26
S109996,75%,4.03,1.04,18.41,2024-04-27
S109997,112.5%,2.47,1.68,17.58,20/03/2024
S109998,65.33,4.65,0.96,18.7,2024-01-21
S109999,73.93,0.81,0.48,4.6,2024-03-30
S102550,72%,2.17,0.04,14.53,2024-02-15
S100022,61%,5.34,2.11,20.18,2024-05-15
S108165,65.86,1.39,0.91,17.41,2024-02-14
S103519,87.54,1.59,0.3,7.04,2024-04-18
S104982,70.55,3.68,2.07,18.94,2024-04-19
S100142,72.1,2.04,3.12,22.6,2024-01-30
S104845,62%,3.92,0.88,12.17,12/05/2024
S105172,62.6%,3.67,0.41,11.96,2024-05-07
S101165,70.96,6.5,8.0,11.95,08/04/2024
S105549,0.6816,4.87,1.12,7.49,2024-05-19
S103309,65.85,1.51,5.85,16.24,02-21-2024
S108028,72.85,3.76,3.23,14.65,24/02/2024
S101226,69.54,2.21,0.01,11.23,2024-01-22
S101122,77.86,1.56,2.71,6.31,2024-05-02
S103979,73.57,1.18,0.58,11.96,2024/05/14 10:18:57
S102509,0.663,3.32,4.12,4.67,17/03/2024
S100843,100%,2.15,0.11,8.32,03-21-2024
S105210,87.06,3.97,0.27,19.06,2024-05-21
S106949,61.19,4.83,2.55,10.99,04-18-2024
S108834,78.81,3.42,2.06,16.72,2024-01-17
S106877,73.57,1.52,1.07,19.58,2024-04-16
S109459,72.05,2.62,0.04,14.14,2024-03-31
S106146,88.26,4.62,0.37,19.82,05-13-2024
S106242,76%,3.02,1.88,15.14,02-27-2024
S101082,76.0%,3.5,2.68,16.77,2024-05-15
S105739,79.33,3.11,0.46,13.06,12/04/2024
S107916,99.65,2.5,0.42,16.34,01/04/2024
S101492,71.76,0.8,1.79,12.12,2024-02-22
S109441,61.99,3.46,2.26,17.23,2024-03-30
S105411,0.5797,1.71,0.28,6.58,2024-03-24
S104166,72%,3.59,0.56,18.83,2024-02-24
S105832,76.7%,2.38,1.05,15.64,2024-04-14
S107770,58%,4.58,0.38,16.68,2024-02-12
S102861,100.0%,2.2,3.42,15.28,2024-02-08
S107447,66.02,3.2,1.6,0.0,03-23-2024
S104620,66.12,1.41,3.11,20.76,2024-04-07
S100004,95%,2.56,2.03,13.7,03-27-2024
S103709,0.7319,3.14,8.0,15.84,14/01/2024
S109224,80.76,0.84,3.98,18.56,2024-01-14
S106015,84.33,2.49,0.33,4.77,2024-04-29
S102846,72.45,4.14,1.44,7.48,2024-01-24
S108170,77.5%,5.49,2.54,19.89,06/03/2024
S100860,66.4%,1.24,3.73,23.21,2024-03-11
S108354,80%,2.76,3.97,6.02,07/04/2024
S101591,88.7%,3.06,0.37,11.61,2024-05-28
S106637,65.49,3.39,1.3,14.43,2024-03-24
S103492,70.6%,2.92,0.54,25.42,2024-02-23
S103807,90.4%,1.33,1.77,20.17,03-18-2024
S108478,78.41,2.63,0.82,27.94,2024-02-14
S104151,80%,3.06,0.88,15.56,05-11-2024
S109443,94.34,4.84,0.62,18.17,2024-04-09
S107173,61.58,1.88,3.91,17.76,2024-05-08
S104933,0.9316,1.53,1.71,22.52,2024-04-30
S106210,66.69,5.5,1.22,1.79,2024-03-29
S103613,93.48,3.94,1.22,7.41,09/04/2024
S105820,57.28,1.86,0.35,11.72,2024-03-02
S103574,66.81,4.0,1.73,8.71,2024/03/27 08:17:35
S107252,62.1%,3.15,0.72,20.51,2024-02-22
S103817,72.63,6.16,0.92,15.29,2024-02-18
S104171,71.89,5.18,3.57,14.34,2024-03-21
S104032,69.45,3.37,4.36,10.36,2024-04-14
S103882,92.12,2.62,0.04,23.52,04-13-2024
S106955,82.46,0.75,3.4,15.0,2024-01-28
S103144,83.9,4.07,0.73,18.17,2024-03-30
S106746,80.02,3.28,7.15,5.16,2024-03-01
S101299,93.92,1.07,0.26,20.89,2024-05-07
S105964,67.44,3.11,4.79,15.33,2024/04/17 11:00:15
S108141,87.48,4.86,1.11,10.76,2024-01-23
S104577,72.86,2.92,,18.99,2024-05-05
S109337,66.13,1.43,2.61,15.19,29/04/2024
S109648,73%,1.26,3.67,12.84,14/01/2024
S106897,80.97,3.59,0.05,12.08,2024-04-09
S107220,76.34,1.45,0.22,10.47,2024-02-12
S104473,61.5%,6.37,0.39,10.3,25/01/2024
S101858,85.06,2.19,0.67,13.11,2024-02-02
S104365,0.7931,3.33,0.3,19.52,15/02/2024
S102794,92.0%,4.62,1.0,30.67,2024-01-16
S108935,81.28,2.05,1.79,16.9,29/02/2024
S109535,68.58,2.83,0.78,18.72,09/02/2024
S103455,43.8,3.57,2.41,12.1,2024-04-29
S109336,0.7914,4.89,1.24,6.07,2024-03-21
S106555,62.88,2.91,2.59,10.41,20/01/2024
S106594,0.8514,2.32,0.13,21.61,2024-05-20
S101102,48%,3.54,5.4,3.47,2024-04-03
S106958,77.71,1.99,,22.73,2024-04-09
S107360,100.0,2.58,2.35,7.02,24/04/2024
S101276,80.56,4.96,2.41,18.91,2024-01-25
S105658,66%,5.3,0.14,7.52,2024-03-23
S104060,97.18,0.01,7.6,13.04,23/04/2024
S103797,84.45,4.54,,28.08,2024-05-06
S105052,83.33,5.76,0.0,15.84,05-27-2024
S108045,71.71,4.28,1.94,15.92,05/05/2024
S103365,64.34,4.78,0.03,14.64,05-11-2024
S108421,75.76,5.15,5.49,18.56,2024-01-30
S101924,60.26,1.74,0.24,5.32,2024-02-21
S103901,54.36,1.08,3.07,16.04,2024-05-05
S107535,47.16,4.29,6.98,8.02,2024-02-15
S105280,67.5%,4.18,0.77,15.45,2024-02-14
S104269,87.42,2.97,0.84,21.71,2024-01-18
S109260,95.27,4.6,,9.4,10/04/2024
