STUDENT_ID,resume_score,communication_skills,aptitude_score,mock_interview_score,development_projects_count,ai_ml_projects,git_hub_repos,ai_tool_usage_frequency,prompt_engineering_skill
S100000,51.44,48.52,60.42,60.17,3,1,6,5.06,68.58
S100001,47.61,65.98,58.78,,2,1,7,7.97,32.02
S100002,58.79,40.48,68.58,47.85,1,5,1,7.61,68.62
S100003,59.96,56.21,68.1,79.69,0,1,5,1.29,61.16
S100004,47.04,80.17,36.04,63.5,3,2,1,7.89,53.66
S100005,56.03,87.47,57.39,62.48,4,1,3,6.11,79.42
S100006,92.53,21.24,55.77,60.63,1,1,5,7.39,46.68
S100007,47.07,28.27,62.8,79.82,5,0,4,6.3,41.2
S100008,63.73,70.81,33.23,57.94,6,2,1,5.89,32.6
S100009,64.66,73.89,77.33,51.7,3,2,4,10.0,15.08
S100010,42.96,36.01,35.44,68.8,2,0,3,8.65,56.5
S100011,68.26,73.98,55.4,60.5,4,0,4,9.35,45.51
S100012,48.31,69.75,82.18,18.81,4,0,5,10.0,66.92
S100013,33.52,79.49,57.95,42.69,1,2,4,1.07,34.07
S100014,66.14,73.22,60.96,72.4,4,0,3,10.0,49.36
S100015,55.46,45.63,50.78,29.86,2,0,7,2.64,53.29
S100016,51.21,40.17,43.87,51.95,2,0,7,4.88,23.73
S100017,66.26,73.28,74.33,71.46,4,1,5,3.06,16.58
S100018,37.77,63.51,89.22,42.2,2,0,2,8.88,24.71
S100019,40.42,55.83,44.83,28.44,3,0,2,5.48,53.52
S100020,75.2,48.74,40.64,87.69,6,0,4,2.3,43.03
S100021,73.81,63.88,59.8,29.61,1,0,4,8.15,40.87
S100022,21.98,62.46,83.75,35.53,2,2,1,3.7,44.41
S100023,76.36,87.41,50.29,70.93,1,0,4,7.03,73.63
S100024,65.33,66.34,67.69,96.64,3,1,3,2.56,34.79
S100025,29.07,50.46,70.18,28.74,2,0,3,3.0,69.13
S100026,72.73,71.07,44.41,39.88,3,0,3,4.19,76.8
S100027,53.08,52.67,48.0,52.75,2,1,2,5.97,64.29
S100028,41.79,75.97,48.82,48.27,1,1,2,4.48,78.34
S100029,93.32,56.98,38.24,50.42,3,2,6,7.58,43.01
S100030,85.4,78.5,83.35,65.91,5,1,2,6.37,69.1
S100031,53.11,96.28,91.61,52.2,2,1,2,3.32,59.84
S100032,68.28,57.08,58.76,79.42,0,2,6,9.37,46.71
S100033,41.97,77.78,18.63,94.33,5,1,3,4.49,34.07
S100034,63.72,63.68,36.72,15.83,4,1,3,6.57,67.45
S100035,38.08,55.23,74.44,71.92,2,1,2,6.05,53.07
S100036,44.11,74.57,67.21,34.01,2,0,5,5.62,60.09
S100037,67.41,63.96,67.92,38.89,1,0,4,7.85,57.1
S100038,71.54,79.73,36.79,71.2,1,1,9,8.99,93.73
S100039,60.38,43.52,56.98,44.48,6,2,7,1.67,46.36
S100040,91.0,55.55,72.29,47.84,4,1,3,6.06,43.11
S100041,68.26,80.51,54.22,47.3,2,1,7,8.57,37.14
S100042,43.24,70.88,80.5,61.51,4,0,5,4.13,30.7
S100043,74.21,83.04,50.98,88.27,4,1,4,10.0,56.28
S100044,59.16,77.73,45.56,78.92,3,2,5,5.92,32.4
S100045,66.85,52.89,67.32,36.57,5,2,6,5.69,23.23
S100046,54.95,80.64,56.58,63.36,6,1,2,4.9,40.33
S100047,50.79,51.06,69.55,23.52,3,1,1,3.19,57.02
S100048,41.76,54.89,66.07,67.42,5,1,2,5.85,74.61
S100049,65.66,36.69,81.58,93.67,4,2,1,1.22,80.39
S100050,47.13,60.04,67.57,49.86,3,1,5,6.61,72.77
S100051,71.16,81.51,33.9,64.21,2,0,6,5.84,39.55
S100052,75.4,64.41,87.04,59.06,3,1,1,7.53,66.79
S100053,37.42,71.74,38.14,68.75,2,1,4,5.9,35.65
S100054,46.76,78.54,48.72,92.62,5,0,1,8.67,48.99
S100055,46.95,57.88,49.97,38.14,2,2,3,5.43,0.0
S100056,45.33,74.84,66.06,59.62,1,1,2,5.03,71.59
S100057,46.49,40.25,56.39,56.86,0,1,5,3.79,37.79
S100058,,57.84,33.59,74.96,1,1,2,7.15,51.18
S100059,49.86,51.72,64.8,90.8,3,1,3,7.8,38.56
S100060,68.28,68.4,54.63,60.0,1,1,3,4.55,44.42
S100061,25.64,77.48,78.19,17.8,0,2,0,2.0,53.68
S100062,49.36,42.27,51.87,63.62,1,0,1,0.59,55.94
S100063,53.51,61.46,55.47,69.59,4,1,7,4.27,32.57
S100064,76.06,77.05,66.77,24.73,1,0,5,5.49,38.51
S100065,,52.75,66.49,42.26,3,3,3,2.12,43.79
S100066,56.3,67.53,59.4,56.16,1,0,7,3.4,32.49
S100067,81.63,85.42,41.7,56.51,0,2,2,5.36,28.58
S100068,31.03,76.99,72.1,28.01,3,0,10,4.15,41.93
S100069,59.15,68.21,56.7,26.25,6,0,6,5.23,51.9
S100070,37.84,64.63,37.37,77.07,2,0,1,8.44,72.45
S100071,70.56,41.18,50.13,65.84,3,2,4,3.47,36.11
S100072,82.09,64.86,69.37,46.73,2,0,2,10.0,57.19
S100073,29.53,52.3,74.91,28.52,0,2,4,9.77,65.31
S100074,27.58,55.99,71.39,74.22,2,1,6,4.18,67.46
S100075,73.82,48.56,43.78,62.62,1,0,9,3.74,34.85
S100076,73.28,56.62,63.61,36.49,5,1,4,8.55,58.83
S100077,51.51,53.48,38.21,56.33,1,4,2,3.34,29.77
S100078,0.0,73.27,73.72,45.94,2,2,5,7.74,29.21
S100079,54.65,64.76,64.66,56.82,2,1,0,6.47,70.04
S100080,66.32,88.65,49.83,46.65,2,1,3,6.93,10.32
S100081,43.19,66.04,61.46,70.06,2,1,4,7.44,70.35
S100082,75.91,67.17,52.74,76.22,3,2,6,5.97,28.76
S100083,,42.84,64.32,87.53,3,2,3,4.95,52.69
S100084,55.65,63.51,58.76,49.7,4,0,3,0.0,45.95
S100085,49.1,80.51,78.79,46.61,1,0,3,9.08,60.95
S100086,75.78,77.14,71.15,43.12,2,1,2,3.19,33.45
S100087,74.79,43.93,67.46,27.6,4,0,4,8.12,54.76
S100088,47.27,66.32,58.5,100.0,0,1,10,2.8,74.53
S100089,57.51,70.63,63.32,52.59,3,0,3,5.42,91.49
S100090,44.69,57.92,41.16,71.3,4,1,4,7.39,30.96
S100091,21.24,74.38,29.44,34.19,0,2,6,1.71,54.28
S100092,50.06,74.44,63.11,46.82,0,0,4,6.24,58.96
S100093,35.78,57.25,38.67,61.46,2,1,4,4.47,39.02
S100094,56.4,40.53,54.31,56.06,2,1,2,5.69,66.09
S100095,21.85,49.05,64.58,47.84,2,0,4,2.53,50.14
S100096,75.9,41.05,66.27,74.62,4,0,5,5.76,47.85
S100097,59.56,78.25,73.58,79.91,4,1,6,0.12,37.38
S100098,,62.64,68.8,32.71,2,0,5,10.0,53.93
S100099,53.1,68.05,55.05,44.07,2,1,5,3.82,2.09
S100100,37.8,69.14,87.94,20.9,2,0,1,4.56,48.38
S100101,72.78,50.84,52.87,80.86,2,0,2,7.7,30.76
S100102,63.0,65.1,65.33,51.28,3,0,3,4.33,46.24
S100103,65.38,81.73,61.84,58.15,1,2,2,3.96,51.35
S100104,31.27,76.51,35.07,65.99,1,2,3,5.73,47.38
S100105,78.14,52.28,41.62,79.94,1,1,4,9.24,79.61
S100106,30.64,60.7,52.41,51.62,4,2,5,2.3,42.88
S100107,54.71,72.83,70.59,47.83,5,0,9,0.0,47.79
S100108,55.85,37.12,52.57,51.03,1,3,3,4.0,66.64
S100109,57.88,84.08,65.82,44.56,1,0,4,10.0,100.0
S100110,44.14,48.85,56.45,56.36,2,0,2,5.61,64.4
S100111,50.8,45.28,79.37,41.89,5,0,2,1.26,30.93
S100112,85.77,44.18,89.05,64.12,4,0,4,2.04,37.09
S100113,47.55,65.55,61.29,53.63,1,1,3,2.31,36.15
S100114,32.39,90.04,51.09,65.73,4,2,1,7.4,48.67
S100115,46.59,79.48,42.61,63.61,5,1,6,4.91,69.97
S100116,55.52,43.66,74.09,65.68,4,2,7,4.81,56.97
S100117,47.74,49.42,50.18,77.81,1,0,3,3.75,73.26
S100118,68.5,78.51,50.13,25.64,6,1,3,4.81,31.58
S100119,61.13,71.52,55.95,77.67,3,0,2,6.02,54.18
S100120,60.26,49.45,57.54,48.2,0,1,1,3.17,68.03
S100121,64.95,71.25,64.88,37.88,2,0,3,6.5,51.73
S100122,100.0,53.02,68.24,56.28,3,1,5,5.48,48.45
S100123,34.82,50.65,65.96,86.6,3,0,3,5.89,79.75
S100124,51.9,53.34,81.75,61.15,1,0,1,4.77,62.57
S100125,64.35,43.66,67.56,43.13,5,0,3,5.09,50.65
S100126,66.17,72.0,60.18,72.34,3,0,4,5.58,63.08
S100127,61.97,68.93,55.99,68.28,2,0,2,8.75,48.14
S100128,52.2,38.3,65.73,50.5,5,0,2,6.1,50.07
S100129,64.27,48.14,66.16,45.07,0,0,6,2.27,18.83
S100130,19.44,79.0,63.79,37.16,4,1,8,3.59,66.94
S100131,59.14,40.5,45.39,91.78,1,1,2,2.24,47.95
S100132,69.86,47.94,46.36,55.34,3,1,4,1.16,73.74
S100133,58.78,56.3,49.69,61.04,4,3,3,3.9,36.72
S100134,56.08,35.49,38.13,71.53,4,0,4,5.06,50.33
S100135,14.84,15.12,24.29,68.92,6,1,4,5.59,26.63
S100136,48.1,62.58,62.13,54.03,5,0,4,5.09,43.09
S100137,68.96,41.38,58.82,11.31,5,2,6,6.26,51.49
S100138,53.64,69.1,64.2,27.01,5,0,5,4.2,96.93
S100139,51.78,50.4,91.91,43.74,4,1,5,6.26,53.87
S100140,33.23,54.9,52.93,52.68,1,2,0,5.66,60.11
S100141,24.41,76.72,26.81,36.91,5,0,5,8.84,41.64
S100142,60.5 ,41.62,65.7,39.41,3,1,3,4.27,34.16
S100143,39.03,71.67,54.07,51.06,0,1,6,1.92,72.65
S100144,34.31,66.37,48.24,59.23,2,1,7,2.5,36.87
S100145,46.72,92.85,58.56,98.01,6,0,6,9.42,28.19
S100146,47.82,62.43,52.5,48.43,5,2,8,3.8,62.9
S100147,54.65,100.0,49.01,49.01,3,0,3,5.67,41.86
S100148,44.17,39.83,59.44,58.04,4,1,2,3.49,32.15
S100149,71.58,57.9,59.15,25.99,1,0,4,7.1,43.77
S100150,71.68,43.84,54.31,63.73,4,1,4,8.03,66.23
S100151,50.84,76.72,75.21,48.09,1,1,7,9.58,27.75
S100152,39.31,36.38,63.57,52.47,1,1,3,5.25,82.83
S100153,28.85,91.02,53.35,63.25,2,0,9,6.6,70.99
S100154,57.7,63.77,60.25,47.84,1,2,3,4.55,42.82
S100155,37.84,45.18,47.97,61.4,6,0,3,7.05,7.35
S100156,58.71,57.89,61.91,56.52,0,0,6,9.37,69.96
S100157,38.98,35.56,54.53,34.13,2,0,3,5.94,67.37
S100158,37.73,47.74,44.8,46.15,3,0,6,6.45,45.24
S100159,72.68,31.36,87.01,30.42,2,2,7,0.0,24.51
S100160,69.29,56.63,44.9,30.9,1,0,5,8.74,50.74
S100161,70.25,73.95,100.0,45.26,2,0,2,10.0,51.44
S100162,56.56,57.74,54.84,66.23,5,2,3,7.55,26.17
S100163,60.85,69.46,74.16,19.27,3,0,2,9.76,73.19
S100164,48.95,83.74,55.41,88.32,0,0,6,3.26,51.45
S100165,45.61,63.56,72.04,79.68,4,0,7,2.8,33.9
S100166,64.33,44.47,52.23,76.49,6,0,3,7.17,35.7
S100167,50.63,43.52,26.71,68.21,2,2,1,7.29,81.28
S100168,60.08,48.45,83.62,48.66,0,0,5,5.62,31.41
S100169,34.32,59.0,75.47,51.95,1,2,3,4.23,22.41
S100170,31.74,60.06,79.33,63.34,4,0,5,6.46,66.9
S100171,54.44,62.71,49.77,42.28,1,2,1,3.05,41.12
S100172,55.98,21.18,56.86,5.42,5,0,0,3.11,75.01
S100173,49.99,46.54,39.68,37.03,4,0,3,2.82,27.1
S100174,54.99,59.98,53.97,25.0,2,1,1,0.0,24.51
S100175,48.32,84.51,64.76,38.34,5,0,6,5.33,65.15
S100176,53.76,21.1,61.02,40.27,3,1,1,7.45,82.12
S100177,83.7 ,61.89,59.29,86.45,7,0,3,7.58,37.39
S100178,,60.45,57.65,62.91,2,1,8,6.25,59.24
S100179,48.3 ,39.72,64.5,24.78,1,0,4,6.39,34.08
S100180,84.78,62.42,54.79,53.97,5,1,3,7.88,76.74
S100181,62.1,78.69,27.93,49.88,6,0,6,2.22,55.6
S100182,55.32,72.07,53.28,70.74,1,1,2,5.88,52.61
S100183,38.36,16.4,67.03,55.52,4,1,1,9.6,78.19
S100184,73.34,43.43,62.92,14.81,1,2,3,1.09,54.23
S100185,41.12,77.92,58.98,64.02,4,4,7,1.75,36.29
S100186,71.46,69.14,35.34,46.25,1,1,3,8.69,28.93
S100187,28.84,85.12,40.19,79.04,2,1,4,4.7,30.01
S100188,76.1,59.67,43.8,58.59,2,0,3,4.53,81.63
S100189,29.15,40.89,64.31,42.21,1,3,4,9.85,70.34
S100190,20.1,38.06,42.77,77.66,4,0,3,6.86,68.6
S100191,81.61,49.86,54.76,66.68,5,5,3,8.98,43.96
S100192,68.92,43.77,44.96,17.67,1,0,6,8.31,59.52
S100193,38.97,65.38,51.14,,3,1,8,6.91,17.17
S100194,86.91,32.09,41.3,49.81,1,3,3,8.05,36.4
S100195,40.15,67.9,65.66,61.17,3,1,4,3.42,41.53
S100196,65.6,97.99,77.2,64.01,5,0,3,4.25,54.22
S100197,60.37,43.41,47.34,44.49,3,0,3,9.93,54.33
S100198,82.08,73.95,33.35,30.29,5,0,9,6.57,42.74
S100199,63.99,68.2,48.58,76.64,2,0,3,3.48,33.69
S100200,65.7,61.61,71.8,55.43,2,1,2,7.17,13.81
S100201,50.23,56.0,59.51,60.17,6,1,6,0.23,0.0
S100202,58.26,49.86,33.49,50.42,9,1,5,7.11,43.09
S100203,25.44,56.52,56.39,49.94,3,0,5,3.69,40.91
S100204,41.6 ,68.17,77.16,54.04,5,0,3,2.16,41.19
S100205,42.99,94.1,65.21,64.7,1,0,3,8.36,58.33
S100206,100.0 ,58.3,54.29,38.03,2,1,1,5.33,29.27
S100207,61.05,40.32,45.62,41.13,0,3,5,7.61,32.87
S100208,71.74,68.34,78.72,31.93,4,0,7,4.06,75.95
S100209,57.36,35.36,59.18,70.88,1,0,5,5.45,69.46
S100210,81.91,80.15,56.85,41.9,4,1,4,7.57,58.05
S100211,37.98,72.52,63.65,46.95,3,2,5,2.83,32.66
S100212,17.08,48.49,84.96,50.69,2,0,5,5.33,65.12
S100213,85.31,70.14,63.11,56.39,5,1,8,4.49,59.5
S100214,96.16,94.29,66.97,70.18,1,1,6,7.58,34.28
S100215,,76.85,32.9,45.38,3,1,3,2.62,0.55
S100216,50.07,74.92,53.56,51.15,4,1,5,1.25,52.26
S100217,41.66,45.19,24.76,35.31,3,0,1,5.97,77.62
S100218,46.41,69.72,83.32,72.81,4,1,4,6.6,22.58
S100219,42.98,36.88,49.23,,0,0,3,4.21,67.64
S100220,83.46,82.76,33.8,36.03,1,1,7,10.0,23.02
S100221,45.63,64.32,64.44,59.34,4,1,3,4.64,51.7
S100222,34.98,73.43,32.41,67.06,2,1,3,3.92,56.48
S100223,64.18,34.41,71.28,58.8,1,0,3,9.0,47.05
S100224,83.14,67.95,54.77,53.82,4,0,4,3.13,56.7
S100225,,93.41,65.42,72.74,1,0,2,7.52,72.02
S100226,100.0,94.99,49.03,46.4,3,1,5,6.49,96.91
S100227,28.42,53.7,85.82,54.72,3,0,2,5.2,62.27
S100228,97.77,68.79,58.93,53.37,3,0,5,8.43,62.94
S100229,75.82,64.55,77.77,18.6,3,1,4,4.78,12.8
S100230,43.78,39.31,59.55,29.91,5,3,2,2.7,42.55
S100231,60.42,68.1,44.88,56.82,3,1,6,6.76,64.7
S100232,46.34,42.84,65.54,74.35,3,0,4,0.64,45.92
S100233,69.84,76.69,66.86,48.96,1,1,5,7.35,44.59
S100234,55.75,49.6,59.38,73.62,4,1,2,3.98,79.98
S100235,75.03,49.51,42.12,19.85,3,1,7,4.36,51.2
S100236,66.49,47.48,54.46,40.98,7,0,3,5.73,57.86
S100237,72.57,62.26,57.66,59.15,3,1,2,7.58,70.76
S100238,69.96,81.71,54.64,59.24,2,1,12,6.96,41.42
S100239,33.16,76.31,67.33,23.08,2,0,5,4.06,49.08
S100240,70.22,30.51,65.84,57.52,2,1,4,5.77,63.21
S100241,53.47,97.12,53.74,22.18,1,1,3,7.22,46.42
S100242,41.87,52.0,61.88,39.06,4,1,5,6.61,36.66
S100243,48.2 ,76.58,18.95,59.7,2,0,4,6.63,34.18
S100244,30.97,77.34,57.62,67.05,4,0,4,6.12,97.29
S100245,42.52,60.76,44.16,53.6,3,1,4,6.21,62.05
S100246,38.23,63.66,69.0,51.2,5,1,4,5.71,44.22
S100247,29.26,37.62,90.06,32.85,3,2,4,7.55,47.13
S100248,70.12,46.8,77.53,80.17,3,0,4,6.79,19.42
S100249,57.79,52.35,100.0,43.01,2,1,1,4.71,34.49
S100250,54.39,72.88,83.04,40.33,4,2,6,7.77,51.23
S100251,58.01,76.61,67.87,59.04,0,1,2,7.25,17.95
S100252,30.2,66.84,21.53,57.15,2,3,3,3.2,50.6
S100253,75.27,44.39,50.13,63.77,1,2,5,9.38,40.76
S100254,47.05,55.07,74.83,49.29,2,0,4,7.43,36.8
S100255,72.13,59.88,44.08,41.18,2,1,1,5.68,65.55
S100256,39.53,44.3,59.56,49.75,3,0,6,7.15,62.0
S100257,59.67,87.64,38.41,45.75,2,0,5,3.11,75.88
S100258,34.34,69.69,44.53,37.47,4,0,4,8.0,49.42
S100259,27.25,51.03,42.51,63.24,3,0,5,5.75,46.58
S100260,77.87,42.57,57.02,,4,1,5,7.33,69.52
S100261,60.23,76.97,83.0,37.52,8,2,6,8.71,50.82
S100262,41.51,72.2,49.73,44.77,4,0,5,6.23,34.11
S100263,50.4,51.85,52.73,60.22,2,0,4,7.09,49.12
S100264,80.84,65.01,72.38,31.05,4,1,4,3.11,28.96
S100265,35.11,52.99,60.51,29.27,3,3,2,3.1,28.65
S100266,51.18,68.33,62.64,51.69,4,2,3,10.0,70.98
S100267,68.35,63.64,49.18,47.11,1,0,3,7.35,64.13
S100268,57.1,47.95,73.91,73.05,1,0,4,4.36,76.96
S100269,52.38,44.78,30.98,36.32,2,3,5,5.58,23.04
S100270,18.79,66.16,100.0,50.11,4,0,5,8.93,53.68
S100271,57.55,44.11,75.85,64.19,4,0,2,10.0,61.32
S100272,64.88,48.03,36.8,70.37,3,1,7,3.19,52.09
S100273,43.91,62.1,69.54,56.32,0,1,0,4.26,55.76
S100274,58.6,71.11,29.59,73.19,6,0,4,7.04,51.47
S100275,22.64,49.67,40.68,92.53,4,1,9,10.0,47.4
S100276,40.42,45.68,62.11,54.88,4,2,4,9.91,39.41
S100277,69.2,61.32,66.95,51.5,2,0,2,7.27,27.94
S100278,57.67,57.68,35.77,70.28,2,3,1,7.95,58.73
S100279,,44.37,94.41,48.81,5,0,6,6.76,37.3
S100280,44.48,58.73,28.72,83.59,2,0,3,5.09,30.19
S100281,49.32,58.18,75.56,,2,0,8,8.64,43.65
S100282,20.22,87.37,35.44,61.77,3,1,4,7.41,59.36
S100283,62.79,78.95,55.92,69.76,0,1,8,4.53,87.62
S100284,58.05,58.82,66.15,41.1,4,1,4,6.47,74.4
S100285,76.29,60.21,66.14,28.63,0,0,2,7.79,15.25
S100286,42.56,47.68,70.77,77.22,4,2,3,10.0,42.21
S100287,90.2,84.58,68.96,65.76,3,1,5,8.02,37.19
S100288,72.31,46.48,69.31,48.72,4,0,7,6.41,33.39
S100289,75.65,57.33,64.16,89.16,1,4,1,1.03,77.63
S100290,32.81,33.58,75.07,61.24,0,0,2,6.22,47.75
S100291,69.81,90.42,55.03,29.63,2,1,2,7.65,100.0
S100292,30.37,59.1,50.04,81.33,1,0,2,8.45,56.12
S100293,61.57,69.11,72.62,46.81,3,0,5,4.6,35.14
S100294,99.6,69.43,77.13,57.2,1,0,5,4.6,41.65
S100295,41.45,22.48,72.71,36.85,5,1,3,4.0,35.69
S100296,46.15,61.33,93.67,26.72,1,0,4,6.6,72.6
S100297,74.3,33.62,82.19,81.85,2,0,1,5.6,22.84
S100298,57.53,47.12,85.02,52.14,3,3,6,4.62,50.9
S100299,78.29,95.58,42.24,49.4,3,2,3,10.0,40.25
S100300,51.03,41.19,26.31,66.91,2,1,2,4.94,38.42
S100301,74.58,78.96,63.54,74.77,1,1,4,4.18,47.07
S100302,72.56,60.14,48.54,65.65,3,0,5,6.24,69.91
S100303,68.94,29.44,66.93,80.8,2,0,2,3.91,79.89
S100304,,33.04,91.92,41.93,1,0,1,7.73,34.37
S100305,46.74,52.82,84.87,57.84,1,2,6,3.99,56.64
S100306,31.56,86.96,73.3,51.72,2,1,2,1.89,16.27
S100307,68.03,68.17,64.83,55.29,3,2,4,8.86,49.83
S100308,98.8 ,42.09,59.75,62.16,1,2,3,2.09,58.86
S100309,61.92,78.31,46.89,68.64,0,2,7,6.05,89.88
S100310,58.18,57.68,50.88,68.88,2,2,4,2.57,35.41
S100311,63.4,77.85,63.49,61.02,1,0,5,5.75,54.95
S100312,51.6,49.81,59.07,89.99,3,2,3,5.38,39.0
S100313,61.77,47.3,50.29,65.58,2,1,6,6.55,56.71
S100314,40.58,58.41,46.97,75.61,4,0,7,0.0,31.23
S100315,37.11,71.2,70.15,26.53,2,1,3,3.39,66.25
S100316,55.01,86.43,36.77,21.12,3,0,7,7.76,60.8
S100317,100.0,82.05,57.35,52.21,1,1,1,5.53,84.86
S100318,69.28,43.24,36.41,91.03,6,1,5,8.06,66.84
S100319,50.63,94.53,37.55,46.34,1,2,2,3.73,66.06
S100320,63.58,70.99,34.28,34.58,2,0,4,4.84,44.83
S100321,79.64,62.75,58.97,39.69,0,0,5,3.57,70.19
S100322,67.93,68.83,40.37,15.48,1,0,2,4.89,43.28
S100323,54.2,54.65,59.2,66.51,0,2,4,6.74,46.85
S100324,51.1,67.07,39.55,63.16,2,0,3,4.06,45.21
S100325,47.92,62.16,39.53,59.74,3,4,4,9.12,84.66
S100326,25.64,68.19,72.1,50.18,3,0,3,4.87,46.06
S100327,76.73,69.36,49.98,56.42,5,3,6,6.51,35.08
S100328,74.18,33.93,50.32,53.33,4,0,1,5.2,79.0
S100329,39.9 ,27.96,49.69,64.19,4,1,2,3.13,74.92
S100330,57.7,62.41,81.48,69.15,2,1,3,3.2,24.33
S100331,42.53,53.6,71.71,75.28,2,1,6,4.15,63.86
S100332,75.32,72.41,31.61,38.13,1,1,4,1.96,48.95
S100333,61.2,54.02,62.61,40.88,2,0,4,4.27,38.51
S100334,62.0,47.85,61.77,43.67,1,2,5,2.81,40.25
S100335,17.0,57.32,70.31,59.58,3,0,2,0.56,62.59
S100336,,52.23,40.57,41.68,3,2,2,3.67,49.62
S100337,44.07,84.22,56.24,67.34,1,0,5,0.41,56.52
S100338,79.32,76.13,86.02,71.19,4,0,7,8.18,33.98
S100339,87.97,81.93,56.99,62.69,2,0,1,3.56,70.51
S100340,53.81,42.47,80.88,40.93,5,1,4,7.84,42.45
S100341,64.8,30.01,57.29,26.84,1,0,2,6.45,37.48
S100342,51.35,80.42,58.12,42.23,2,2,1,4.25,67.33
S100343,75.05,54.11,53.45,40.15,6,0,6,9.81,31.31
S100344,83.54,60.6,75.97,56.24,3,0,2,10.0,43.72
S100345,38.57,46.36,62.98,47.23,3,0,6,5.26,80.82
S100346,48.93,67.5,74.7,59.99,3,1,5,3.05,69.22
S100347,50.73,54.85,78.91,48.0,1,1,2,3.03,54.52
S100348,71.3,66.99,49.09,55.73,1,1,0,5.12,23.57
S100349,39.82,31.42,66.77,54.39,1,1,4,6.36,54.27
S100350,37.85,64.25,48.48,61.47,0,0,2,5.53,77.03
S100351,54.6,62.69,59.4,50.64,1,0,6,5.76,63.43
S100352,32.05,41.99,54.7,76.78,1,0,5,6.52,32.56
S100353,48.29,53.97,44.01,62.78,1,1,5,6.26,17.33
S100354,17.26,83.78,72.25,67.84,2,2,5,5.12,53.3
S100355,66.38,46.45,73.13,75.65,3,2,7,5.81,49.37
S100356,95.0,88.19,53.17,75.16,4,1,9,0.58,48.49
S100357,62.73,47.07,42.51,82.92,5,1,6,7.23,54.0
S100358,86.84,87.48,30.66,46.92,3,2,4,10.0,55.24
S100359,42.71,79.28,52.77,40.6,4,1,2,4.19,61.9
S100360,66.01,44.37,64.93,51.75,2,1,4,3.12,28.12
S100361,54.55,63.96,71.17,34.25,0,0,5,5.98,55.1
S100362,63.88,76.21,74.4,66.84,1,2,7,6.02,42.67
S100363,34.99,64.78,48.94,57.92,4,2,6,3.33,38.21
S100364,64.89,47.59,65.06,52.55,4,0,4,9.66,87.43
S100365,25.69,60.34,70.15,52.56,1,2,5,8.26,67.57
S100366,50.62,77.38,77.19,53.98,1,0,4,8.31,83.04
S100367,40.37,56.33,80.73,55.83,2,0,4,10.0,57.3
S100368,92.87,65.15,66.49,87.25,3,0,4,6.01,61.81
S100369,67.56,56.45,36.97,81.33,1,3,2,4.05,78.21
S100370,38.39,65.36,43.23,43.99,0,2,3,5.27,34.53
S100371,58.64,61.25,53.78,26.67,2,0,3,7.07,39.99
S100372,62.95,14.06,29.45,34.24,4,1,4,3.56,30.06
S100373,53.25,67.8,37.93,53.25,0,1,6,2.9,52.76
S100374,28.52,56.64,46.22,34.09,4,0,4,5.81,71.03
S100375,74.62,36.81,50.01,34.76,3,3,8,6.9,53.81
S100376,86.37,63.52,60.71,40.83,3,1,3,8.63,43.07
S100377,46.87,74.41,70.99,49.36,3,3,1,1.27,16.26
S100378,53.67,61.63,35.88,59.84,2,1,5,2.59,36.46
S100379,100.0,31.37,57.55,48.59,2,1,3,6.98,48.67
S100380,43.62,43.38,55.9,67.73,1,3,6,1.01,16.57
S100381,58.39,62.64,82.6,67.15,2,0,5,2.56,51.71
S100382,58.26,63.39,89.62,87.01,1,2,5,5.23,26.05
S100383,76.96,51.08,22.74,52.33,4,0,3,4.89,51.15
S100384,67.42,13.73,60.79,31.3,1,1,3,6.4,24.09
S100385,45.85,100.0,46.99,61.08,5,0,5,4.23,65.29
S100386,52.46,53.02,53.31,46.21,1,0,3,0.0,28.46
S100387,88.23,54.67,57.77,48.6,2,1,3,7.61,41.95
S100388,72.0,40.14,87.88,44.02,1,1,6,4.52,54.82
S100389,71.96,54.92,54.97,20.45,3,0,3,9.7,15.62
S100390,75.95,42.01,46.15,,2,0,3,1.87,31.12
S100391,55.62,50.97,31.1,41.62,1,0,6,5.48,53.81
S100392,78.22,55.75,66.22,50.34,2,3,3,3.37,75.72
S100393,35.42,36.92,60.34,50.22,3,0,5,3.04,54.31
S100394,68.29,74.07,54.19,49.14,2,1,3,1.77,45.95
S100395,91.2,32.36,56.51,30.11,4,1,3,4.07,49.57
S100396,58.47,39.01,75.16,40.74,1,0,2,5.86,54.81
S100397,71.64,58.89,45.02,28.3,5,0,2,6.48,47.6
S100398,37.61,60.51,74.17,20.42,0,1,2,4.76,63.44
S100399,13.19,55.56,57.63,80.06,2,0,3,6.45,43.93
S100400,51.78,57.67,44.78,50.3,1,0,6,8.79,53.96
S100401,69.33,54.58,79.88,53.5,1,1,4,6.78,58.62
S100402,22.12,69.11,65.11,32.21,2,1,2,4.11,65.28
S100403,56.64,84.6,42.23,6.65,1,0,1,9.03,21.73
S100404,16.11,67.5,52.94,32.76,2,1,2,5.85,53.06
S100405,10.11,56.96,55.61,54.5,1,1,6,4.6,66.39
S100406,72.82,70.68,73.58,46.05,2,0,4,5.73,53.22
S100407,38.84,53.8,46.33,41.01,2,0,3,9.01,0.58
S100408,9.98,60.26,30.01,61.64,4,0,7,4.52,33.31
S100409,,74.48,45.01,64.04,2,3,4,4.81,66.05
S100410,62.47,67.32,67.76,52.98,2,0,2,2.91,42.56
S100411,45.42,78.93,44.6,35.33,2,1,4,5.71,66.66
S100412,63.4,72.33,46.07,74.19,2,2,3,3.74,80.72
S100413,36.74,70.54,50.83,49.89,4,0,7,7.94,26.78
S100414,66.21,67.39,51.49,69.11,3,0,5,7.84,86.35
S100415,46.57,51.63,55.3,40.01,0,1,2,7.75,6.85
S100416,56.4,89.87,56.09,45.74,1,0,7,5.33,49.39
S100417,81.39,37.49,67.36,54.19,1,1,7,4.9,66.88
S100418,31.42,67.98,85.24,76.72,3,2,3,4.21,50.95
S100419,42.73,56.39,56.14,74.52,1,0,2,1.05,80.14
S100420,13.65,59.45,47.07,55.72,2,1,2,1.87,78.42
S100421,11.55,46.67,60.74,43.78,5,3,5,3.9,48.42
S100422,61.82,40.43,73.06,68.1,0,0,5,1.41,63.55
S100423,49.36,33.48,57.19,42.41,4,2,4,5.81,4.59
S100424,65.72,59.22,55.72,69.74,5,1,4,4.61,57.08
S100425,93.62,82.96,70.87,38.28,4,1,6,7.1,44.56
S100426,72.3,63.27,68.72,60.68,1,1,6,3.21,44.11
S100427,61.56,53.35,64.12,23.41,2,0,7,6.96,51.63
S100428,61.55,67.72,15.37,64.49,4,1,1,1.87,34.49
S100429,71.76,79.76,42.67,57.64,7,1,3,7.98,49.09
S100430,63.57,64.2,38.98,43.36,1,0,8,2.98,55.43
S100431,83.5,100.0,74.33,49.49,3,0,8,10.0,65.46
S100432,55.95,56.32,70.54,42.06,2,1,9,6.52,89.05
S100433,41.26,77.34,29.23,64.84,2,1,6,3.36,68.04
S100434,34.12,33.7,44.57,62.63,2,2,4,4.46,44.13
S100435,39.82,81.97,53.56,88.45,2,2,2,6.86,70.29
S100436,58.22,81.39,65.5,22.33,2,2,5,3.34,48.71
S100437,66.38,45.51,49.94,60.56,2,1,4,2.73,27.01
S100438,61.91,30.16,64.73,73.11,3,0,7,5.4,40.12
S100439,47.36,69.23,60.93,73.1,3,0,4,8.6,30.73
S100440,77.45,63.27,46.64,43.3,2,1,3,10.0,30.02
S100441,32.03,50.84,38.93,48.88,2,0,4,3.15,44.34
S100442,46.2,73.26,86.83,36.66,3,1,5,7.87,36.93
S100443,59.74,71.07,70.92,61.5,1,0,4,5.61,83.8
S100444,52.47,89.98,66.21,45.31,4,0,8,4.97,64.23
S100445,81.86,36.3,65.15,29.22,3,2,2,2.75,22.7
S100446,55.12,45.37,59.16,66.32,6,0,6,2.55,63.35
S100447,62.14,30.72,51.52,69.1,1,1,3,10.0,96.45
S100448,79.2 ,34.98,67.83,73.21,1,1,6,1.57,91.08
S100449,28.58,97.53,38.93,56.89,1,1,4,2.87,45.53
S100450,18.68,33.43,61.52,28.66,4,1,7,6.06,46.79
S100451,53.29,46.45,79.67,40.2,3,0,9,1.66,54.74
S100452,25.86,54.36,52.65,31.5,0,0,8,5.75,64.24
S100453,52.29,42.17,66.16,60.31,5,1,7,10.0,41.98
S100454,49.91,58.02,48.55,40.93,1,0,1,5.49,47.07
S100455,77.77,62.54,41.82,42.58,1,1,3,3.53,63.4
S100456,51.93,55.39,38.08,48.76,1,1,7,9.17,22.29
S100457,39.4,72.4,45.77,85.83,4,1,6,5.16,26.12
S100458,49.5,66.45,44.01,47.35,3,0,3,6.96,26.28
S100459,58.17,34.53,55.15,32.92,0,2,2,9.33,55.74
S100460,28.78,75.9,70.01,72.53,1,1,4,3.47,65.12
S100461,77.03,71.79,38.04,78.45,3,3,5,6.76,66.25
S100462,55.84,49.94,89.55,70.11,2,1,7,4.96,52.65
S100463,45.56,17.23,70.28,41.88,2,1,3,3.84,23.52
S100464,59.2,59.61,84.36,43.68,4,0,5,1.7,57.82
S100465,36.28,40.19,77.3,51.84,2,0,4,2.54,68.79
S100466,28.03,54.15,40.75,69.53,1,1,2,5.8,37.61
S100467,58.69,81.38,91.28,56.98,1,3,3,6.3,32.31
S100468,31.0,61.44,56.14,57.5,3,3,2,3.94,33.03
S100469,30.04,50.03,27.37,42.97,8,0,1,4.32,57.65
S100470,60.33,46.89,45.67,48.39,3,2,2,3.03,44.43
S100471,49.14,32.26,77.47,49.93,2,0,5,1.14,76.14
S100472,25.5,79.18,41.87,36.21,3,0,2,5.77,49.32
S100473,62.76,82.57,29.74,28.65,1,3,3,2.02,37.21
S100474,67.77,19.36,50.89,58.86,2,2,1,7.12,40.23
S100475,90.33,44.19,74.64,63.89,3,2,6,3.18,88.72
S100476,61.96,52.15,40.59,32.33,1,1,1,7.57,67.68
S100477,57.74,70.28,50.77,69.49,1,0,2,1.81,52.8
S100478,79.02,32.0,55.76,25.96,3,1,6,2.67,45.42
S100479,41.93,83.53,48.2,94.28,2,0,4,5.3,71.78
S100480,11.7,88.65,56.1,25.3,3,0,4,5.58,30.22
S100481,49.64,71.63,60.11,59.49,0,1,3,4.33,77.73
S100482,33.31,22.76,62.79,70.34,0,0,6,3.19,64.89
S100483,58.87,56.69,67.9,77.79,2,2,5,0.65,53.9
S100484,80.23,74.84,59.65,14.82,2,1,4,7.44,48.12
S100485,81.98,50.55,60.52,69.43,2,0,6,4.48,19.39
S100486,60.65,95.54,27.84,39.06,1,1,5,8.93,22.4
S100487,49.07,61.92,73.61,67.03,3,1,2,1.12,49.01
S100488,50.7,56.59,66.52,23.51,3,0,5,8.75,50.86
S100489,64.53,74.72,33.96,51.73,4,0,1,2.59,45.56
S100490,17.43,42.6,60.12,,1,0,4,6.6,47.64
S100491,32.08,61.41,64.52,64.68,3,0,3,4.29,33.02
S100492,59.33,59.52,83.73,44.21,5,0,5,2.35,58.03
S100493,37.69,88.31,36.56,60.74,4,1,1,4.51,25.64
S100494,41.57,33.43,57.23,36.84,1,2,1,7.58,86.45
S100495,77.52,48.88,48.33,47.18,2,1,1,3.42,5.71
S100496,42.78,79.44,51.95,69.94,1,1,4,7.91,76.84
S100497,,45.49,69.45,62.83,4,2,5,8.76,37.47
S100498,22.18,82.89,45.79,35.81,1,0,3,6.72,91.11
S100499,49.66,66.03,45.41,57.08,3,2,5,5.0,27.05
S100500,1.49,75.82,39.04,57.12,1,2,3,6.28,41.76
S100501,47.88,43.27,59.24,61.22,1,0,3,5.51,55.69
S100502,45.76,56.83,50.76,63.85,1,2,4,6.82,23.18
S100503,49.95,60.68,56.14,43.55,3,1,4,4.19,66.96
S100504,,64.36,20.37,42.57,2,1,6,6.95,17.61
S100505,33.78,57.41,75.05,57.73,3,0,6,7.76,56.12
S100506,69.92,47.11,41.34,23.54,2,2,3,9.3,46.93
S100507,94.01,63.35,56.95,82.51,2,1,4,8.18,48.13
S100508,30.11,78.38,79.79,64.63,1,1,8,3.96,72.69
S100509,52.24,66.65,46.51,79.42,3,1,2,4.13,49.45
S100510,62.91,50.61,41.09,37.91,3,2,2,4.4,73.81
S100511,63.05,51.6,66.91,52.84,2,1,4,3.59,41.62
S100512,71.07,81.49,60.61,59.94,2,2,4,5.08,69.52
S100513,68.44,68.45,33.16,36.58,3,0,4,5.98,49.93
S100514,66.97,60.02,100.0,63.14,4,1,7,5.68,84.67
S100515,91.46,50.19,50.18,42.63,3,0,2,4.73,45.77
S100516,38.56,69.31,66.98,55.47,3,0,2,3.8,7.28
S100517,14.86,84.78,50.6,65.28,1,0,2,7.03,45.88
S100518,64.49,68.96,56.86,43.82,6,1,3,9.7,68.25
S100519,57.9,71.96,68.34,37.12,1,0,3,2.82,46.24
S100520,59.61,76.31,54.23,84.89,4,0,2,5.48,58.77
S100521,25.19,58.28,48.83,44.52,2,0,2,4.49,78.23
S100522,37.57,62.37,58.12,29.03,1,0,1,4.07,79.97
S100523,67.32,77.39,68.77,65.35,3,0,6,4.96,62.64
S100524,48.9,58.92,67.85,70.51,2,0,5,3.09,29.77
S100525,42.99,54.91,40.72,58.86,3,1,2,3.05,39.38
S100526,49.66,66.7,60.55,86.93,1,1,0,5.85,34.37
S100527,90.45,55.45,71.99,54.18,1,0,2,8.88,27.39
S100528,38.14,87.51,47.36,34.57,1,1,2,5.8,38.46
S100529,21.83,39.44,41.25,60.46,5,1,0,6.18,83.75
S100530,71.67,55.25,81.89,29.22,2,1,5,3.8,47.13
S100531,70.05,41.34,29.9,54.99,2,0,2,7.13,55.78
S100532,58.98,41.7,65.82,100.0,0,0,6,1.81,69.15
S100533,64.03,61.08,50.37,,1,3,3,6.0,56.32
S100534,51.8 ,74.01,48.5,70.0,2,1,3,2.26,66.96
S100535,69.74,61.59,48.45,48.67,2,1,2,9.57,60.22
S100536,42.84,60.73,33.38,41.3,2,0,2,3.92,36.63
S100537,59.78,59.18,35.19,81.85,2,0,6,6.43,45.82
S100538,72.74,50.83,51.91,26.28,4,1,4,3.35,39.67
S100539,72.62,49.68,79.45,61.61,3,1,2,5.61,71.34
S100540,55.9 ,50.01,51.16,30.94,4,1,3,5.43,82.66
S100541,62.13,70.1,58.9,40.95,2,2,5,9.53,55.43
S100542,40.4 ,58.89,77.71,35.39,3,0,4,9.94,59.66
S100543,37.61,43.43,51.18,41.73,1,0,4,9.49,7.3
S100544,,93.88,46.32,57.9,2,1,3,4.9,37.89
S100545,80.31,87.86,38.38,79.28,2,4,1,5.11,57.13
S100546,53.1,51.06,43.23,33.73,2,0,1,5.33,65.59
S100547,,35.17,44.95,38.22,1,2,2,3.99,52.34
S100548,46.9 ,59.7,83.58,45.36,1,0,4,7.12,31.83
S100549,53.82,45.97,46.61,30.33,3,0,6,3.81,11.88
S100550,98.79,58.56,58.78,43.94,1,0,5,1.83,42.23
S100551,89.61,90.84,60.18,66.18,3,1,6,7.18,70.47
S100552,36.75,87.96,46.17,52.71,2,1,6,0.0,40.01
S100553,74.98,24.58,37.97,63.63,0,3,4,0.0,52.22
S100554,82.5 ,51.73,61.43,64.3,1,2,4,8.3,48.85
S100555,68.78,73.63,52.99,43.09,3,0,9,5.22,46.31
S100556,,43.61,34.33,58.65,1,2,2,8.25,48.81
S100557,55.82,85.79,43.37,74.11,2,0,4,6.34,80.07
S100558,44.71,67.36,67.74,81.67,3,1,4,0.0,37.74
S100559,69.26,79.03,25.23,,4,0,2,5.18,40.8
S100560,73.8,75.49,67.32,52.33,2,2,1,0.75,63.41
S100561,56.82,75.27,43.23,75.2,3,0,1,7.31,69.95
S100562,25.26,62.99,34.63,58.71,3,0,3,8.52,46.13
S100563,78.04,43.8,52.56,46.19,2,1,6,7.99,38.18
S100564,61.5,61.51,52.62,46.41,4,2,9,8.19,49.59
S100565,40.18,47.27,93.15,67.5,2,1,6,7.06,48.47
S100566,68.96,78.77,54.32,67.42,0,0,2,7.95,51.73
S100567,32.3,45.23,51.02,30.31,1,0,3,9.73,61.49
S100568,43.0,52.04,66.98,38.63,2,0,6,4.9,45.3
S100569,86.76,80.8,57.0,24.4,1,0,3,3.67,46.1
S100570,22.97,83.09,48.08,58.48,3,2,1,6.07,60.78
S100571,72.91,100.0,59.84,73.44,4,0,4,7.1,75.28
S100572,45.19,78.31,50.24,42.0,3,0,4,2.35,73.56
S100573,20.45,47.53,33.37,84.09,1,1,6,4.94,33.82
S100574,64.71,38.59,35.7,51.12,1,0,3,5.03,27.17
S100575,29.96,52.98,53.29,43.53,0,1,4,5.31,87.79
S100576,52.85,65.18,48.88,63.95,4,0,5,4.0,20.62
S100577,74.98,62.02,73.95,71.75,1,0,3,3.05,46.43
S100578,72.82,61.54,41.17,60.51,2,0,5,2.08,65.17
S100579,42.74,59.46,64.66,23.49,3,0,4,7.26,39.03
S100580,33.27,59.91,59.75,53.67,2,1,2,3.31,0.0
S100581,32.91,56.41,50.69,65.1,2,2,4,6.58,47.5
S100582,59.72,52.37,41.94,41.34,4,1,4,6.08,37.21
S100583,66.4,66.19,63.93,44.81,1,1,5,10.0,53.36
S100584,73.84,44.29,69.42,60.39,3,0,5,8.21,75.97
S100585,25.02,47.73,66.95,43.04,1,1,6,6.54,48.78
S100586,52.29,57.07,36.7,45.48,3,0,1,8.16,66.16
S100587,69.54,50.36,47.39,29.24,0,0,2,4.73,76.15
S100588,69.99,46.45,38.26,44.62,0,0,4,6.62,59.78
S100589,50.58,57.92,60.18,41.6,1,0,6,8.6,73.41
S100590,77.26,52.53,77.45,64.11,3,0,5,2.12,61.96
S100591,47.45,49.58,67.04,44.86,2,1,4,7.1,54.22
S100592,95.96,18.13,46.98,37.15,3,1,5,7.99,74.13
S100593,86.43,38.34,55.38,54.5,6,0,4,5.31,47.34
S100594,53.59,50.65,63.24,67.18,6,3,2,3.32,57.05
S100595,26.78,66.82,54.55,60.21,1,2,5,6.18,37.44
S100596,81.69,57.12,56.28,51.35,3,1,2,5.78,77.8
S100597,61.08,40.83,55.03,29.38,0,0,4,8.76,67.01
S100598,47.63,72.46,40.68,54.92,5,0,7,4.11,52.16
S100599,49.92,43.28,62.6,69.55,4,0,7,7.72,34.75
S100600,64.7 ,31.17,60.79,48.08,1,1,2,10.0,71.7
S100601,66.34,76.29,46.58,57.48,5,0,2,8.84,15.45
S100602,49.26,67.58,59.46,49.96,1,2,0,2.94,82.09
S100603,58.26,50.99,60.45,70.03,3,0,4,2.99,45.5
S100604,35.03,51.47,58.7,70.99,5,0,5,6.44,9.93
S100605,39.57,53.28,56.78,61.74,4,2,7,8.31,9.79
S100606,29.74,59.73,32.06,32.57,4,1,3,1.6,70.65
S100607,31.69,53.48,69.84,52.78,1,1,3,2.97,45.21
S100608,51.74,61.82,72.91,68.46,1,2,7,4.35,45.4
S100609,49.56,31.46,84.02,51.37,2,2,4,7.74,76.71
S100610,91.51,48.67,27.31,85.48,2,1,4,1.69,57.11
S100611,69.23,59.84,100.0,82.29,5,0,6,6.18,21.71
S100612,50.72,42.39,50.06,40.44,0,1,3,3.96,29.05
S100613,52.1,80.92,38.59,67.75,3,2,2,4.6,56.15
S100614,68.72,73.44,57.36,23.01,1,0,1,6.29,62.67
S100615,13.07,77.22,31.0,80.54,5,0,7,3.05,23.24
S100616,48.5,48.01,47.78,41.73,6,3,7,7.03,53.15
S100617,25.95,66.39,41.38,50.95,6,1,3,8.89,32.66
S100618,74.08,58.51,59.73,30.36,1,1,3,5.49,67.84
S100619,56.39,100.0,45.76,89.86,2,0,6,5.59,78.32
S100620,48.99,51.62,49.39,68.12,1,1,1,5.23,53.58
S100621,21.2,60.72,83.27,66.24,3,1,4,5.76,47.15
S100622,34.44,57.31,77.18,11.28,4,2,8,4.79,68.48
S100623,47.75,57.04,46.32,81.13,4,1,4,8.31,31.18
S100624,72.03,37.75,42.92,34.39,0,2,4,4.28,40.11
S100625,68.78,59.97,50.63,34.06,1,1,4,3.27,39.92
S100626,49.48,45.97,39.49,34.62,4,0,7,4.85,8.81
S100627,60.03,70.46,74.95,33.28,3,0,5,6.97,42.4
S100628,45.78,53.25,87.4,57.44,4,1,5,4.77,92.59
S100629,47.1,56.78,59.32,49.21,3,2,5,4.12,17.31
S100630,31.63,71.71,50.36,62.49,2,0,4,3.25,37.52
S100631,19.31,59.94,59.66,43.4,2,1,4,9.32,37.66
S100632,60.4,53.02,36.45,87.2,5,0,5,5.93,73.13
S100633,43.0,59.88,31.39,37.59,1,0,2,2.93,38.37
S100634,43.18,40.54,61.0,68.91,1,0,6,2.81,72.79
S100635,16.59,66.89,41.99,34.8,3,0,6,7.06,38.78
S100636,82.37,57.28,78.84,72.3,4,1,5,10.0,63.92
S100637,60.47,38.3,63.19,51.27,2,2,4,6.88,72.28
S100638,49.65,62.08,63.22,59.82,2,2,4,5.83,43.36
S100639,47.87,83.53,41.68,62.86,2,0,2,5.26,53.6
S100640,64.6,59.69,47.63,58.7,1,2,2,8.44,34.73
S100641,40.47,38.91,84.45,67.08,3,1,3,6.29,15.24
S100642,65.79,83.1,49.68,59.09,4,1,5,7.71,59.35
S100643,56.83,41.17,69.93,60.38,1,1,4,2.55,40.02
S100644,18.39,86.45,80.64,56.58,1,2,2,6.65,96.38
S100645,68.5,74.75,51.8,68.42,4,0,2,6.36,43.71
S100646,39.6,23.09,65.47,59.67,0,0,2,6.01,55.6
S100647,39.71,47.62,58.54,97.67,0,0,2,7.41,40.74
S100648,52.07,64.14,57.71,,3,0,3,5.49,50.28
S100649,61.67,64.04,69.58,70.52,2,1,2,9.64,50.22
S100650,54.05,64.59,58.04,63.03,1,0,4,2.73,59.83
S100651,87.92,81.21,54.65,60.07,3,0,2,5.1,48.67
S100652,64.58,56.4,26.08,23.88,0,0,2,1.93,51.13
S100653,100.0,92.1,64.82,51.9,2,1,4,1.51,75.65
S100654,54.29,73.04,61.97,45.81,3,1,3,2.34,60.16
S100655,68.18,47.07,40.58,41.22,1,2,1,4.61,98.09
S100656,54.52,70.05,74.83,41.48,2,1,3,8.23,14.84
S100657,52.93,57.64,69.09,32.38,4,1,3,2.53,34.39
S100658,64.63,38.63,46.06,42.44,3,1,4,3.88,85.65
S100659,64.74,44.62,54.59,16.47,1,4,5,6.56,29.8
S100660,61.72,69.17,59.54,28.18,2,3,3,4.38,43.07
S100661,67.26,39.65,55.03,69.62,1,0,1,5.01,41.45
S100662,33.9,75.01,67.12,27.77,4,1,2,6.77,40.69
S100663,72.8,79.0,79.65,,0,1,3,4.19,16.09
S100664,43.53,39.97,55.98,83.4,1,0,5,1.23,40.97
S100665,,78.78,63.45,28.74,0,1,4,7.72,66.7
S100666,40.16,78.15,66.77,86.06,3,0,3,6.12,51.57
S100667,51.36,48.29,79.79,50.57,1,1,1,7.78,44.95
S100668,100.0,75.9,78.38,90.7,2,1,1,7.37,54.98
S100669,64.53,53.2,57.7,66.25,2,1,1,0.23,34.65
S100670,73.86,26.24,18.17,38.31,2,0,3,4.7,36.01
S100671,30.87,51.35,50.03,50.71,4,2,3,1.77,45.97
S100672,36.41,50.87,53.18,59.45,3,2,5,1.41,50.06
S100673,44.31,91.65,35.33,24.09,3,1,2,5.08,52.81
S100674,59.38,89.34,31.99,64.82,1,0,9,5.12,37.26
S100675,21.18,37.69,60.46,65.58,4,0,3,7.96,17.84
S100676,39.73,34.66,20.29,42.08,2,0,2,3.6,100.0
S100677,42.9,54.42,55.91,46.38,0,0,4,5.82,27.94
S100678,,34.61,60.13,71.74,3,0,3,5.26,10.36
S100679,46.87,59.93,49.68,13.12,4,1,2,6.09,69.61
S100680,67.26,44.37,42.11,60.88,4,0,3,9.96,81.15
S100681,55.05,61.99,66.81,65.53,1,1,4,6.54,20.79
S100682,42.97,54.81,90.31,,4,0,3,9.24,41.75
S100683,41.69,34.92,63.78,31.32,6,0,3,7.05,35.46
S100684,44.89,68.55,35.57,69.57,4,1,5,4.79,39.11
S100685,32.6,56.89,76.36,74.84,4,0,5,1.99,55.26
S100686,44.69,39.75,51.3,5.74,4,2,2,1.08,64.77
S100687,49.43,71.11,43.57,76.41,4,0,4,5.18,37.96
S100688,38.57,48.97,61.02,73.43,2,1,2,6.66,27.08
S100689,36.44,71.01,70.18,56.53,0,2,3,10.0,61.15
S100690,59.57,53.97,33.6,68.39,5,0,4,4.52,43.06
S100691,43.1,58.5,47.51,52.4,4,1,4,5.8,16.27
S100692,87.08,56.69,55.83,70.25,2,0,0,5.42,37.03
S100693,69.59,65.84,100.0,63.75,3,1,3,3.75,50.58
S100694,60.82,87.44,63.99,74.69,2,0,3,4.89,0.0
S100695,69.86,40.71,70.08,28.76,3,0,3,2.32,61.5
S100696,52.14,94.31,48.19,67.36,4,1,6,8.03,75.4
S100697,83.73,48.95,33.94,66.55,3,1,5,6.68,9.28
S100698,27.66,53.56,43.51,68.83,4,1,6,3.89,96.01
S100699,46.41,58.59,52.88,80.97,8,1,6,6.21,53.15
S100700,48.96,66.12,46.29,42.82,3,1,3,4.63,60.77
S100701,65.37,66.54,66.23,36.76,0,0,4,5.48,41.93
S100702,57.83,81.53,72.92,70.94,3,2,1,7.69,44.17
S100703,73.24,63.87,96.79,36.85,1,0,1,5.01,63.8
S100704,62.75,51.99,74.56,52.94,2,2,5,4.03,34.95
S100705,63.8,50.3,83.92,54.43,1,2,3,6.82,64.42
S100706,18.53,31.45,60.29,59.43,6,0,10,2.35,42.29
S100707,74.66,84.22,42.59,58.24,3,0,2,5.84,52.18
S100708,100.0,50.34,64.35,16.58,1,0,5,5.25,48.94
S100709,29.63,37.2,64.18,56.68,4,0,1,3.85,64.64
S100710,78.0 ,68.39,48.96,70.81,4,0,6,10.0,38.27
S100711,77.63,68.57,55.93,60.28,1,1,6,0.0,15.24
S100712,55.13,62.25,53.52,68.21,0,0,3,0.89,46.51
S100713,78.94,95.26,65.14,82.36,0,1,2,10.0,32.13
S100714,84.65,60.66,60.04,43.72,1,1,2,6.72,59.52
S100715,67.73,61.51,52.69,63.49,1,1,4,6.15,36.92
S100716,57.67,82.12,77.03,39.19,1,0,3,5.29,75.27
S100717,46.39,63.65,63.97,89.37,3,0,2,4.14,43.75
S100718,51.1 ,28.65,59.66,62.58,3,2,8,5.06,34.04
S100719,91.8,37.9,72.32,29.76,1,0,5,6.15,25.07
S100720,56.23,75.28,43.91,74.04,6,1,2,4.09,67.35
S100721,44.64,52.11,48.39,53.34,1,1,5,2.5,58.42
S100722,51.26,79.3,65.98,,4,0,4,0.4,55.38
S100723,63.73,52.15,76.89,97.47,3,1,8,1.66,63.88
S100724,72.39,50.69,63.68,77.47,2,1,6,1.09,81.01
S100725,48.76,67.06,53.15,88.93,6,0,0,6.09,34.64
S100726,86.9,71.81,44.2,61.86,3,0,3,6.38,75.54
S100727,66.46,44.42,57.92,52.17,3,0,5,3.15,0.0
S100728,75.07,30.41,36.97,76.1,2,1,3,5.48,66.64
S100729,60.37,75.22,85.56,42.56,1,0,2,6.63,67.17
S100730,87.48,39.52,58.26,65.9,2,0,3,1.82,57.17
S100731,58.81,74.46,61.57,53.34,0,1,4,2.39,66.12
S100732,36.3,62.41,62.16,79.4,3,0,11,3.26,41.97
S100733,,92.3,14.83,61.67,4,2,4,8.6,53.52
S100734,88.32,36.39,47.52,37.73,3,1,5,7.4,26.54
S100735,13.83,67.36,64.99,55.65,4,0,6,10.0,81.65
S100736,60.03,9.17,47.24,70.3,2,7,6,4.51,51.43
S100737,73.1,51.02,69.03,51.89,5,0,5,1.78,57.4
S100738,33.18,38.3,58.27,51.8,4,0,2,2.78,64.91
S100739,33.09,56.01,73.43,16.98,1,1,3,8.29,41.53
S100740,36.59,41.6,67.07,52.17,3,1,8,5.68,36.47
S100741,72.08,71.99,62.16,45.38,1,1,3,7.42,56.68
S100742,82.93,66.89,71.17,47.52,2,0,6,10.0,64.44
S100743,78.48,72.78,62.21,62.25,0,2,3,3.79,21.28
S100744,66.18,43.01,46.26,30.22,5,0,3,4.2,53.62
S100745,54.58,49.69,29.48,24.23,1,1,3,6.15,36.25
S100746,26.48,57.73,59.77,39.1,1,0,4,4.07,44.31
S100747,30.95,44.54,61.8,67.02,2,1,1,4.35,57.75
S100748,31.39,59.12,46.88,68.52,2,3,4,6.27,66.71
S100749,45.92,42.3,52.66,47.57,4,1,4,8.24,73.17
S100750,49.62,35.74,35.99,64.31,4,1,1,3.63,44.08
S100751,100.0,44.05,56.14,74.85,2,0,2,6.58,32.13
S100752,50.26,51.49,70.34,49.4,3,2,8,5.58,50.04
S100753,48.56,53.96,35.85,90.22,1,0,6,2.19,60.96
S100754,100.0,53.07,69.19,55.97,2,0,1,7.15,54.74
S100755,77.04,21.92,56.19,73.18,4,0,4,5.07,52.45
S100756,74.34,63.23,43.43,42.15,2,1,5,0.6,69.36
S100757,65.31,62.87,56.72,70.73,2,0,6,5.48,27.94
S100758,17.04,53.16,54.14,68.89,2,1,2,6.62,49.24
S100759,53.62,76.64,68.44,,2,1,0,8.67,39.25
S100760,58.49,64.92,68.02,35.53,2,0,2,3.06,38.41
S100761,62.13,65.15,56.22,16.1,2,0,3,7.69,44.25
S100762,73.73,70.69,54.87,34.16,1,0,2,7.24,41.25
S100763,44.19,43.51,44.2,49.59,1,1,3,3.73,84.45
S100764,43.61,56.94,59.12,76.61,2,0,6,7.17,63.1
S100765,59.61,84.29,59.86,44.39,1,0,3,6.78,56.78
S100766,72.67,72.61,42.14,34.12,0,1,4,4.14,43.18
S100767,76.82,60.99,52.79,41.32,2,0,6,5.58,27.38
S100768,86.55,53.31,67.56,27.71,5,0,4,8.14,25.02
S100769,88.04,99.86,77.24,55.59,2,2,7,3.51,41.91
S100770,55.87,52.95,40.39,12.31,2,0,4,1.81,59.64
S100771,47.75,44.75,47.5,76.81,1,0,4,3.63,60.16
S100772,58.97,72.13,81.41,56.91,3,0,3,0.3,44.79
S100773,34.16,83.02,29.06,71.1,3,1,5,4.59,60.37
S100774,46.24,57.08,68.42,31.79,2,1,6,3.32,38.39
S100775,55.99,54.05,56.67,33.26,1,1,4,5.32,57.72
S100776,51.59,79.94,79.39,29.25,3,0,3,4.76,45.68
S100777,62.24,72.37,45.72,47.88,2,1,6,2.28,56.0
S100778,,55.38,51.66,67.17,4,0,3,7.24,42.91
S100779,56.91,86.26,31.49,41.13,1,1,8,5.19,49.23
S100780,50.36,38.77,62.73,65.04,1,1,2,3.49,44.12
S100781,40.67,40.21,51.34,89.4,1,1,3,6.46,29.69
S100782,50.53,87.53,73.49,19.85,0,0,3,5.29,67.68
S100783,54.98,70.49,65.83,57.1,1,1,2,3.01,62.38
S100784,76.86,57.0,61.65,48.85,1,0,5,4.62,62.82
S100785,44.75,76.42,58.81,50.79,4,0,2,4.37,51.13
S100786,80.67,78.42,42.71,56.58,0,1,5,6.73,15.85
S100787,19.93,69.46,77.85,49.41,5,2,2,4.48,38.87
S100788,81.63,59.6,25.94,64.72,1,1,3,6.25,79.31
S100789,65.04,58.51,52.96,31.32,2,1,6,0.0,57.46
S100790,54.4 ,67.96,36.04,66.26,5,0,5,5.95,20.27
S100791,63.31,39.29,58.28,75.89,3,0,5,7.74,43.53
S100792,73.26,68.09,31.63,49.97,1,0,0,5.82,67.92
S100793,,72.85,63.91,66.62,2,1,6,5.72,29.74
S100794,36.55,63.9,53.97,62.38,1,0,6,8.04,34.82
S100795,51.11,38.5,53.12,58.72,2,0,5,2.22,81.07
S100796,76.92,34.16,58.58,74.06,3,1,4,6.16,52.14
S100797,38.46,56.34,36.86,42.9,2,0,2,5.15,39.89
S100798,,61.91,62.38,59.66,1,1,2,1.47,64.62
S100799,41.26,63.9,33.86,24.77,0,0,5,5.75,38.18
S100800,70.01,41.29,54.94,58.69,6,1,4,1.23,80.39
S100801,58.72,77.81,55.16,85.5,2,1,1,9.34,48.03
S100802,47.84,25.41,45.53,83.67,3,2,3,8.02,38.61
S100803,69.51,67.33,67.89,70.88,0,1,2,5.2,47.83
S100804,68.85,48.82,42.89,76.05,4,0,4,5.97,31.27
S100805,56.4,56.11,40.72,72.11,4,1,2,8.43,76.71
S100806,32.36,57.2,65.44,43.8,4,1,2,5.48,55.67
S100807,94.87,41.29,44.35,73.45,3,1,3,6.61,86.92
S100808,75.32,61.33,41.58,48.9,2,0,5,1.22,65.2
S100809,36.81,49.64,54.07,55.21,4,1,5,6.54,53.07
S100810,63.4,64.43,49.02,54.82,6,0,6,6.67,34.53
S100811,74.45,27.83,19.12,100.0,1,2,11,6.89,65.55
S100812,63.65,51.83,62.32,57.2,2,1,3,10.0,62.02
S100813,56.64,61.98,66.39,50.76,1,1,4,3.85,43.95
S100814,28.13,34.6,50.6,37.38,2,2,2,4.12,33.62
S100815,47.91,71.88,45.27,64.81,7,1,4,4.93,67.85
S100816,48.27,55.24,78.03,44.1,3,1,6,5.79,73.25
S100817,46.33,98.63,38.64,75.97,4,3,4,6.87,38.59
S100818,77.38,52.82,55.66,66.98,2,1,1,3.42,23.51
S100819,94.4,62.93,42.72,49.85,1,0,3,2.84,20.68
S100820,76.25,74.04,81.65,33.55,1,2,6,0.0,41.0
S100821,40.28,65.31,81.56,60.74,4,0,7,2.75,71.28
S100822,40.31,36.99,48.01,67.8,2,1,5,3.37,38.77
S100823,85.96,46.79,62.95,77.94,2,1,4,10.0,74.27
S100824,62.64,59.82,43.05,49.62,1,1,0,3.41,26.56
S100825,36.02,86.88,32.59,61.5,2,0,4,6.62,45.22
S100826,45.95,32.38,60.59,34.68,3,1,0,5.67,29.11
S100827,27.91,16.86,46.07,59.0,6,1,0,5.42,18.45
S100828,70.0,71.82,43.45,41.19,3,0,7,6.95,1.96
S100829,48.42,42.63,36.63,33.45,2,0,8,5.39,48.22
S100830,41.7 ,45.91,46.83,69.16,2,1,5,4.81,72.34
S100831,51.05,47.69,70.04,58.5,1,1,4,7.58,67.63
S100832,71.95,55.16,53.99,58.51,2,1,0,7.98,72.26
S100833,52.55,61.82,53.3,65.59,4,1,7,4.8,50.94
S100834,56.43,74.22,61.26,69.2,2,1,6,8.31,26.58
S100835,54.35,51.44,47.13,38.13,3,0,7,8.74,28.11
S100836,17.46,60.7,49.08,83.67,3,0,10,3.42,30.89
S100837,89.44,100.0,74.94,57.51,4,1,4,3.53,17.76
S100838,42.22,43.31,75.88,17.49,5,3,7,6.43,56.08
S100839,44.31,50.48,62.56,87.28,3,0,1,4.04,20.1
S100840,57.75,79.39,27.05,93.65,3,1,6,8.37,53.52
S100841,77.76,68.74,64.66,55.4,4,2,4,10.0,61.19
S100842,67.4,45.45,58.41,91.7,0,1,8,4.02,25.31
S100843,67.19,80.97,69.26,62.07,2,2,8,3.02,47.57
S100844,47.54,80.7,49.56,63.28,5,3,6,5.11,64.44
S100845,67.36,75.94,51.4,61.42,0,1,5,3.04,24.03
S100846,43.13,39.92,56.47,48.32,0,0,4,4.36,43.35
S100847,52.56,76.99,54.16,56.87,2,0,3,10.0,22.22
S100848,58.23,60.8,44.74,73.7,2,1,1,7.13,53.73
S100849,63.37,28.95,61.96,22.56,0,1,6,5.88,71.37
S100850,62.44,41.86,44.4,67.2,3,0,1,5.08,81.17
S100851,38.31,81.18,67.07,73.59,6,1,7,10.0,55.99
S100852,64.34,49.79,51.66,43.19,5,0,2,4.41,78.45
S100853,68.42,82.36,49.49,70.87,2,1,1,3.2,50.92
S100854,41.61,33.07,44.48,72.18,2,1,4,6.14,22.73
S100855,45.57,74.49,85.68,65.45,2,1,5,0.0,42.96
S100856,40.15,90.6,62.57,75.65,0,0,5,4.62,24.5
S100857,40.17,44.55,56.75,44.74,2,0,4,3.43,39.38
S100858,37.94,48.07,93.91,53.4,3,0,2,4.0,41.58
S100859,39.76,61.14,56.36,36.34,2,1,5,3.31,36.6
S100860,32.42,67.31,91.72,74.53,2,0,3,6.58,50.5
S100861,34.77,70.17,80.14,70.04,2,1,0,3.59,29.89
S100862,69.4,65.59,64.4,41.21,1,0,1,4.16,56.62
S100863,67.3,86.63,51.52,71.88,1,0,2,7.02,31.83
S100864,83.88,81.88,50.35,42.49,0,0,10,7.77,43.05
S100865,88.9,82.31,36.82,50.4,2,1,1,2.02,27.66
S100866,61.93,52.02,63.32,58.32,1,1,1,10.0,32.33
S100867,74.69,30.38,53.51,47.97,3,2,1,8.6,56.29
S100868,64.39,36.11,6.91,85.38,1,3,5,5.76,56.19
S100869,37.39,82.47,60.78,38.72,1,2,3,1.49,30.92
S100870,37.05,46.23,60.05,68.6,2,0,1,8.91,59.07
S100871,55.28,68.03,18.95,65.95,2,1,2,1.95,83.87
S100872,82.56,48.23,66.71,50.56,2,1,2,3.02,49.62
S100873,54.73,81.06,65.11,92.98,5,1,2,6.16,40.05
S100874,8.26,55.42,58.51,20.7,0,1,1,6.42,40.7
S100875,65.98,52.14,59.83,34.74,2,0,1,3.7,27.6
S100876,39.02,55.73,66.69,65.43,2,0,5,1.36,38.92
S100877,60.87,44.12,53.43,68.4,1,0,5,2.68,31.68
S100878,50.81,46.56,45.94,54.52,2,0,5,2.72,30.7
S100879,67.82,68.43,46.46,76.9,2,0,4,5.04,15.07
S100880,,84.94,65.44,58.94,5,0,2,7.88,33.61
S100881,59.52,75.38,58.43,40.28,0,0,2,8.64,52.72
S100882,80.12,58.76,86.75,53.87,2,0,1,4.39,51.92
S100883,58.42,87.59,49.9,40.6,0,1,5,6.64,46.33
S100884,,85.52,65.29,46.64,1,1,4,5.54,62.1
S100885,23.3,51.3,64.73,49.83,2,0,7,5.74,78.98
S100886,60.8,100.0,58.2,41.72,2,2,0,0.31,21.58
S100887,45.46,60.8,63.02,85.32,2,1,6,10.0,56.24
S100888,58.91,66.44,53.41,42.27,3,1,5,0.76,83.69
S100889,57.68,94.25,84.77,77.43,2,0,6,10.0,81.48
S100890,75.2,56.6,82.28,46.18,3,1,0,4.93,50.43
S100891,41.46,26.97,86.41,49.39,4,2,7,10.0,34.51
S100892,32.79,41.12,51.11,76.34,1,2,4,5.71,78.89
S100893,50.96,45.47,69.76,58.88,3,0,7,2.13,22.08
S100894,51.96,30.68,63.11,54.77,5,1,4,4.87,28.44
S100895,45.84,63.78,48.6,87.84,2,0,2,4.27,17.08
S100896,77.76,52.66,46.58,93.25,2,2,1,8.24,33.45
S100897,58.12,78.16,76.58,42.87,0,1,4,1.65,15.41
S100898,59.47,63.76,52.85,75.44,0,1,3,8.92,34.59
S100899,49.43,57.38,71.54,45.68,1,0,3,5.98,47.51
S100900,74.5,40.62,80.45,67.46,4,0,2,7.24,15.42
S100901,65.82,71.83,64.93,51.64,2,0,10,9.46,52.57
S100902,71.76,30.25,38.81,60.85,5,0,2,5.27,22.57
S100903,69.0,85.95,77.29,40.18,0,1,5,5.12,55.23
S100904,57.39,79.49,60.5,69.01,0,0,8,5.54,17.42
S100905,51.01,62.98,75.56,50.59,2,1,4,1.38,35.84
S100906,65.84,59.96,41.34,63.91,1,0,0,3.87,44.72
S100907,39.52,58.3,45.95,62.68,3,1,5,3.47,62.99
S100908,65.64,70.74,69.79,49.23,0,0,5,5.16,72.91
S100909,36.05,69.79,54.27,31.98,2,0,5,7.05,9.98
S100910,66.27,59.24,90.96,40.73,1,0,4,4.37,56.81
S100911,55.11,69.98,37.84,66.79,2,1,3,5.92,67.72
S100912,36.93,46.18,90.01,71.22,4,2,6,2.1,43.95
S100913,51.95,52.3,58.84,56.6,3,0,4,6.97,20.52
S100914,23.14,53.74,45.47,69.27,4,0,3,7.59,13.59
S100915,54.46,69.79,65.85,69.0,3,0,5,7.96,68.19
S100916,37.85,69.07,52.69,51.8,5,2,2,5.65,87.19
S100917,61.77,65.24,95.05,32.23,4,1,2,5.84,22.63
S100918,92.53,62.84,32.03,51.48,7,1,3,3.61,42.69
S100919,15.21,55.8,52.39,77.85,1,0,3,7.31,80.77
S100920,75.67,64.78,70.26,29.31,2,1,3,8.02,38.25
S100921,87.83,57.56,47.04,58.81,3,1,9,5.82,65.04
S100922,46.11,78.84,47.98,69.35,2,0,1,6.53,64.18
S100923,54.31,54.5,58.02,69.88,3,0,9,4.02,82.6
S100924,50.25,69.77,43.15,80.3,5,2,8,5.66,58.41
S100925,71.66,74.13,62.13,65.44,5,1,4,10.0,48.72
S100926,55.22,54.68,77.37,37.8,1,0,3,0.07,37.65
S100927,43.53,76.65,51.71,36.9,2,2,8,2.43,79.46
S100928,46.98,61.89,64.89,66.01,4,0,5,4.1,76.26
S100929,20.57,31.23,67.09,42.24,1,1,4,5.15,83.68
S100930,63.54,66.36,55.77,54.25,2,1,7,8.52,74.43
S100931,59.98,46.57,68.13,65.82,0,0,4,3.73,35.39
S100932,35.22,78.03,29.37,28.01,3,1,4,4.42,58.5
S100933,54.4,36.69,71.64,66.25,3,0,2,3.35,40.57
S100934,39.41,54.5,60.25,38.86,3,1,3,7.64,47.0
S100935,76.92,56.72,67.97,46.23,2,2,6,5.17,16.82
S100936,54.78,66.09,53.12,59.68,5,1,5,5.85,55.44
S100937,44.18,74.7,79.55,67.61,4,0,3,0.6,23.73
S100938,79.74,40.8,55.68,59.11,4,0,3,6.12,62.49
S100939,78.18,42.38,45.28,79.04,4,1,4,6.94,69.47
S100940,44.49,63.56,78.18,58.49,5,2,5,10.0,39.59
S100941,100.0,72.65,83.2,62.0,1,0,5,3.15,39.57
S100942,51.87,55.83,54.17,65.86,0,0,4,2.61,36.91
S100943,86.93,99.39,53.79,48.59,1,1,4,9.8,42.12
S100944,47.81,42.95,48.11,48.23,3,0,5,1.75,39.56
S100945,66.86,42.52,61.05,69.85,3,0,5,4.31,57.28
S100946,28.43,25.02,95.78,72.91,1,1,8,6.3,86.52
S100947,36.38,54.08,95.86,48.24,2,2,3,5.44,81.57
S100948,74.42,70.39,74.01,66.66,6,0,5,2.67,50.62
S100949,37.94,32.52,54.83,26.31,3,0,5,5.87,26.53
S100950,47.65,81.23,51.31,35.76,1,2,3,3.58,7.5
S100951,50.9,96.49,54.1,54.25,2,0,4,3.93,91.36
S100952,80.71,52.07,49.25,70.45,1,1,2,6.49,29.8
S100953,75.89,41.93,53.83,66.1,3,2,5,6.3,55.31
S100954,31.94,45.71,41.97,48.35,1,0,4,6.69,37.21
S100955,41.68,54.18,63.79,45.98,3,1,3,6.4,42.18
S100956,44.03,49.91,73.16,25.7,1,2,1,1.92,59.24
S100957,,37.45,68.53,69.41,2,0,5,2.15,67.76
S100958,85.59,54.01,74.96,56.87,2,1,4,6.11,28.78
S100959,60.77,65.89,68.23,72.79,3,1,6,7.69,5.04
S100960,39.14,70.44,41.21,72.19,3,0,2,6.54,24.62
S100961,47.37,51.87,33.72,81.51,1,1,4,7.75,70.4
S100962,52.15,75.06,75.4,70.0,2,2,10,6.86,59.73
S100963,50.92,75.62,56.42,50.55,3,2,3,9.41,38.7
S100964,20.72,55.45,69.16,66.94,1,3,6,2.99,49.31
S100965,77.53,69.28,60.48,44.22,1,1,1,3.54,60.88
S100966,19.29,50.06,71.19,43.47,0,0,5,5.83,74.75
S100967,59.58,41.23,33.74,42.27,0,1,4,6.52,45.36
S100968,65.6,66.09,58.29,29.6,2,1,4,7.77,34.74
S100969,56.86,50.72,53.54,38.57,3,1,1,5.28,58.88
S100970,22.72,80.08,51.75,67.63,2,1,1,6.24,65.35
S100971,39.47,74.54,45.56,58.87,6,0,3,5.41,88.66
S100972,55.82,43.53,70.08,72.79,2,1,0,3.27,45.55
S100973,68.92,72.19,54.7,37.67,3,1,4,10.0,83.09
S100974,53.9,81.61,53.9,90.63,3,0,3,9.56,49.1
S100975,38.35,19.08,70.42,72.4,1,1,1,4.15,34.79
S100976,55.34,61.55,31.14,59.34,5,0,8,2.97,35.99
S100977,32.37,78.13,39.7,71.19,5,0,3,2.66,45.77
S100978,88.69,57.68,62.75,74.14,2,1,4,4.6,66.82
S100979,85.37,72.1,48.73,56.0,3,0,3,6.92,47.23
S100980,35.27,90.63,74.31,74.45,3,0,8,5.98,27.41
S100981,46.19,54.02,22.04,56.71,1,1,3,1.53,37.47
S100982,39.73,75.72,49.72,33.96,2,0,6,5.26,65.91
S100983,67.7,70.47,93.25,40.55,3,2,3,7.77,51.2
S100984,55.83,68.95,77.68,91.33,2,1,4,7.27,51.17
S100985,52.29,88.18,31.99,98.87,5,0,5,7.62,42.78
S100986,35.39,56.46,49.91,58.2,3,2,2,10.0,39.08
S100987,66.27,66.79,68.86,73.15,3,2,4,0.33,57.08
S100988,51.32,81.51,52.98,26.89,4,0,1,8.16,14.14
S100989,34.3 ,36.85,56.86,42.64,4,1,7,6.82,14.35
S100990,73.77,54.52,44.94,71.92,1,1,5,8.47,61.18
S100991,71.24,54.68,89.54,85.07,2,2,5,7.74,41.14
S100992,74.57,83.63,63.59,45.75,2,1,6,6.26,49.35
S100993,49.59,60.1,91.05,23.12,2,2,7,6.57,42.34
S100994,52.17,70.85,74.53,48.92,1,0,4,4.42,5.74
S100995,33.09,42.89,44.91,40.73,1,0,9,6.59,34.72
S100996,57.38,41.53,65.11,56.81,1,0,8,8.74,83.73
S100997,60.68,50.68,52.7,2.96,2,0,7,10.0,62.69
S100998,64.34,50.43,71.66,86.49,5,0,4,2.47,45.06
S100999,46.45,46.06,45.9,,2,2,6,5.01,14.69
S101000,65.44,34.7,57.45,40.84,2,2,3,3.93,80.67
S101001,45.39,77.46,59.15,68.92,2,2,8,5.63,58.97
S101002,45.56,69.95,66.86,63.52,3,1,6,3.95,52.34
S101003,68.14,38.47,56.37,35.84,2,0,3,6.23,53.14
S101004,54.23,83.8,60.47,31.93,5,3,3,4.08,53.59
S101005,53.72,38.8,52.57,66.77,4,0,6,9.4,51.53
S101006,38.35,70.53,78.74,54.91,2,0,2,3.15,26.2
S101007,47.52,58.06,48.48,100.0,2,0,4,5.37,41.94
S101008,60.78,69.3,48.22,65.85,4,0,3,5.51,42.03
S101009,64.88,52.78,51.15,39.45,1,0,3,4.65,56.25
S101010,66.66,70.4,57.45,74.79,3,0,5,6.17,53.88
S101011,82.37,58.4,44.6,81.96,3,0,2,5.15,63.45
S101012,57.26,74.11,62.08,55.85,7,0,1,2.5,58.12
S101013,89.73,68.94,44.87,25.9,2,0,7,8.23,51.74
S101014,59.62,36.28,50.38,94.06,4,1,6,10.0,81.74
S101015,62.79,45.86,64.68,61.45,4,1,3,9.33,50.59
S101016,46.02,37.18,67.67,75.97,3,0,4,1.35,62.54
S101017,64.97,82.56,68.79,51.56,1,1,5,6.61,39.05
S101018,72.8,52.57,73.64,61.88,8,0,6,6.29,49.56
S101019,71.69,39.2,45.35,76.88,0,1,6,8.51,63.3
S101020,29.05,73.26,63.46,67.96,3,1,2,6.59,55.05
S101021,17.6 ,27.05,58.91,56.9,1,0,2,4.77,62.71
S101022,28.76,46.25,68.97,32.26,2,0,2,6.12,84.03
S101023,51.32,39.44,53.51,62.31,4,1,5,3.18,24.86
S101024,59.58,64.55,77.38,58.94,2,0,2,4.83,43.89
S101025,67.67,82.84,11.47,49.12,2,1,2,7.52,28.7
S101026,76.13,57.69,40.99,35.35,1,1,6,4.57,44.58
S101027,,26.86,33.18,35.69,7,1,2,7.72,72.94
S101028,45.87,26.5,86.45,48.91,3,0,3,6.39,83.01
S101029,39.92,46.21,44.41,93.16,1,1,2,7.03,47.93
S101030,59.69,59.86,68.71,62.13,0,0,3,4.53,77.4
S101031,44.24,71.31,60.93,77.43,3,0,3,4.02,43.29
S101032,42.71,70.17,42.98,70.27,1,1,4,6.05,63.74
S101033,54.22,53.53,72.71,43.95,1,0,4,6.96,50.3
S101034,44.44,30.58,69.03,24.84,1,0,3,4.8,72.15
S101035,59.1,39.52,56.88,66.63,4,1,7,3.35,51.92
S101036,94.28,61.62,83.66,45.04,1,1,4,7.57,48.41
S101037,68.67,46.99,46.0,57.14,8,1,0,1.66,48.43
S101038,64.93,68.58,68.05,44.09,0,0,3,4.88,79.84
S101039,64.28,23.3,76.21,67.25,4,0,3,1.46,46.61
S101040,52.81,68.01,64.22,62.87,4,0,9,3.12,62.28
S101041,54.88,71.35,39.17,57.86,4,0,2,6.21,53.63
S101042,55.43,75.53,27.25,59.78,2,1,8,6.48,54.33
S101043,70.05,49.25,32.0,48.15,1,1,1,8.18,31.97
S101044,51.43,64.87,47.76,43.43,1,0,1,5.49,45.4
S101045,72.46,54.81,41.33,50.89,4,1,7,4.02,52.59
S101046,0.0,74.4,48.27,45.86,3,1,5,2.31,56.4
S101047,37.5,76.61,34.65,,0,0,4,0.33,8.93
S101048,27.27,56.27,61.45,20.33,3,2,5,5.68,52.83
S101049,47.91,67.16,63.1,76.9,4,1,5,8.99,87.28
S101050,25.24,53.25,55.83,26.8,2,1,1,8.74,67.2
S101051,57.14,68.4,50.05,59.08,2,1,6,7.26,58.6
S101052,40.78,40.59,90.71,77.13,2,1,3,5.58,46.98
S101053,47.77,51.22,67.3,99.48,3,0,3,2.35,44.93
S101054,37.01,71.9,74.67,49.91,4,0,6,3.6,65.68
S101055,52.27,70.45,70.63,86.19,4,0,3,2.13,40.32
S101056,41.68,57.54,42.67,57.33,3,2,5,4.66,63.39
S101057,81.52,52.92,23.66,50.0,0,2,6,7.35,79.67
S101058,65.74,82.48,36.98,46.83,1,2,3,5.19,49.11
S101059,40.02,56.68,80.9,53.46,1,2,3,8.3,17.68
S101060,42.53,36.68,61.44,35.97,4,1,6,4.43,18.36
S101061,100.0,79.75,75.32,22.82,3,0,8,5.98,49.08
S101062,44.07,37.78,48.92,38.6,3,4,2,6.54,52.69
S101063,54.26,61.35,77.73,42.03,6,0,4,1.37,36.27
S101064,54.43,28.6,41.02,50.83,6,0,4,5.02,56.94
S101065,64.93,71.14,54.78,74.5,6,0,4,3.75,64.09
S101066,66.21,32.21,72.49,62.78,1,0,7,5.15,13.39
S101067,56.9,30.78,58.34,89.49,3,1,3,9.06,44.28
S101068,65.42,55.45,75.49,69.81,2,0,1,6.37,57.86
S101069,54.07,47.99,31.71,45.07,2,0,2,5.62,83.72
S101070,45.36,61.62,83.35,73.99,1,1,1,5.86,68.76
S101071,62.75,77.07,31.15,55.41,3,0,3,10.0,37.14
S101072,33.46,71.67,38.77,80.0,1,1,3,6.32,37.16
S101073,62.75,83.83,60.28,69.46,1,1,8,2.92,54.86
S101074,57.35,78.76,75.35,40.2,4,0,7,9.22,23.66
S101075,72.21,36.35,22.3,54.42,2,0,8,7.08,48.6
S101076,35.1,46.34,56.22,20.96,2,1,2,8.6,51.6
S101077,97.93,52.47,71.39,56.77,4,0,3,7.11,58.59
S101078,85.63,52.66,36.99,34.34,2,0,5,4.11,46.59
S101079,43.56,68.78,46.34,69.7,4,0,6,3.93,28.51
S101080,81.44,43.21,39.01,63.63,1,1,5,10.0,61.85
S101081,90.13,71.17,72.39,55.08,1,1,4,2.05,55.73
S101082,49.29,51.77,62.83,55.57,4,3,3,1.91,33.52
S101083,45.9,51.96,68.57,57.23,6,1,2,4.81,64.95
S101084,48.54,79.42,64.03,55.83,1,3,6,7.97,44.07
S101085,51.14,46.25,52.16,17.56,6,0,0,7.9,26.66
S101086,26.68,66.48,50.58,54.43,4,0,1,6.19,16.43
S101087,17.18,49.61,60.61,40.56,2,1,5,5.83,37.74
S101088,55.09,55.57,71.66,57.76,3,1,3,0.95,63.12
S101089,40.26,74.64,33.32,72.27,0,0,4,2.37,33.02
S101090,46.43,57.89,39.96,63.84,1,0,3,5.4,86.31
S101091,41.88,30.92,69.33,49.69,0,0,5,4.86,0.0
S101092,70.09,43.59,54.52,33.26,3,0,3,6.07,36.78
S101093,,24.57,65.59,61.11,5,3,2,6.32,73.28
S101094,54.89,54.85,82.81,71.27,2,1,4,7.94,31.09
S101095,50.57,31.96,56.21,81.43,1,2,4,6.04,58.95
S101096,65.88,69.22,46.84,38.32,2,1,1,4.4,72.78
S101097,83.11,35.69,60.21,27.56,3,1,5,4.41,30.79
S101098,69.59,55.52,21.48,62.53,4,1,4,3.86,51.79
S101099,57.77,67.07,42.06,39.02,6,0,4,4.26,50.41
S101100,60.61,50.0,53.4,51.3,3,1,5,8.06,74.43
S101101,54.78,41.53,33.57,69.81,3,0,4,5.44,44.85
S101102,62.03,60.66,79.8,34.71,1,0,3,4.64,61.05
S101103,75.89,51.03,49.8,60.29,0,5,6,5.67,15.38
S101104,52.29,77.18,67.41,60.05,4,1,5,7.82,24.82
S101105,72.51,65.42,49.52,70.94,5,0,2,5.3,61.79
S101106,46.7,76.3,17.15,83.98,1,0,4,0.59,71.69
S101107,66.83,69.24,48.3,23.78,1,0,5,2.34,54.97
S101108,60.11,43.27,59.58,32.27,6,0,4,8.53,41.82
S101109,38.93,77.56,53.12,66.75,1,1,8,7.95,55.13
S101110,24.18,55.14,71.39,52.85,2,1,2,4.99,0.0
S101111,57.53,35.83,54.74,75.74,3,0,2,3.96,36.48
S101112,55.24,77.9,59.96,26.21,3,2,3,6.14,79.99
S101113,56.43,80.06,49.97,20.01,4,1,5,2.28,37.47
S101114,50.31,51.01,85.2,62.01,4,1,5,6.61,64.43
S101115,53.61,85.0,48.24,62.41,3,0,4,2.11,57.21
S101116,62.1,81.33,50.8,46.34,3,1,3,8.13,7.38
S101117,72.64,71.21,59.86,46.46,0,0,8,5.18,52.22
S101118,37.18,44.45,64.04,46.94,2,1,6,5.85,43.81
S101119,59.81,71.11,42.28,44.44,2,0,2,5.54,38.39
S101120,54.99,53.6,63.36,24.89,2,1,5,4.06,40.44
S101121,32.41,70.54,77.58,73.73,2,0,5,6.26,42.33
S101122,85.55,81.86,79.76,54.5,3,0,5,4.38,39.82
S101123,48.55,58.35,77.06,34.27,3,0,1,0.87,23.05
S101124,50.55,79.35,69.15,61.64,7,2,8,4.73,25.54
S101125,61.13,62.39,40.16,45.84,6,1,4,1.24,56.8
S101126,72.47,56.08,53.07,63.7,3,2,7,10.0,84.4
S101127,71.12,62.58,38.77,50.1,0,0,8,7.62,23.83
S101128,61.67,61.03,72.34,44.82,3,0,5,4.13,66.15
S101129,64.45,32.02,70.11,73.73,5,1,6,5.51,74.21
S101130,63.11,76.65,62.07,100.0,1,2,3,2.87,33.49
S101131,,43.61,71.89,68.88,4,0,7,7.41,63.03
S101132,59.42,76.88,44.86,17.34,0,0,2,7.03,43.12
S101133,28.64,58.24,81.94,39.53,3,2,6,6.27,67.76
S101134,57.18,57.38,84.81,77.12,4,1,4,3.69,38.9
S101135,38.64,78.88,61.26,67.3,1,1,6,7.43,35.59
S101136,51.77,60.2,23.26,,1,0,6,9.52,34.94
S101137,52.95,94.22,77.18,48.68,4,0,4,5.17,51.99
S101138,64.37,54.87,60.65,47.34,5,2,5,5.67,38.49
S101139,37.38,41.87,53.54,55.79,0,2,1,4.78,68.65
S101140,50.19,46.32,45.71,53.76,5,0,3,1.63,24.23
S101141,77.89,79.04,41.59,28.76,1,0,0,3.69,53.49
S101142,33.21,64.86,69.29,57.19,3,1,3,1.0,83.3
S101143,85.31,83.09,76.67,60.71,2,1,3,3.77,81.07
S101144,35.96,62.64,40.95,77.43,2,0,5,4.16,59.11
S101145,77.51,43.61,67.74,61.75,2,1,7,7.97,56.82
S101146,58.68,72.44,100.0,63.77,1,1,2,4.01,44.69
S101147,32.47,29.04,42.14,27.6,3,0,1,4.16,41.79
S101148,71.96,80.26,58.57,66.24,4,0,2,10.0,38.41
S101149,61.67,75.44,63.85,43.77,4,1,9,3.21,33.75
S101150,66.9,42.28,54.06,66.04,1,2,7,6.22,32.12
S101151,41.66,61.92,57.61,71.32,6,1,6,5.92,38.07
S101152,28.49,61.06,63.97,76.83,4,2,3,8.25,66.85
S101153,65.38,73.23,83.03,67.29,0,1,2,6.21,45.03
S101154,79.57,59.73,68.9,50.33,1,0,5,8.84,20.86
S101155,50.6,81.55,65.89,27.74,1,2,4,2.73,19.56
S101156,77.88,21.3,67.51,75.77,2,1,2,10.0,75.14
S101157,,69.68,42.97,77.7,2,1,3,0.0,24.79
S101158,52.01,48.15,75.02,45.39,2,1,2,3.18,82.55
S101159,42.12,33.35,94.37,58.91,3,0,7,6.17,82.85
S101160,58.88,49.94,81.6,20.94,4,1,4,4.53,49.26
S101161,58.41,77.24,76.84,70.93,3,0,8,8.18,21.27
S101162,66.77,62.81,21.89,44.99,3,0,4,2.85,39.51
S101163,65.0,45.26,36.16,33.21,2,2,5,2.75,26.08
S101164,100.0,76.48,21.13,67.77,3,0,4,5.95,62.08
S101165,59.75,45.37,64.16,50.78,2,0,2,3.67,25.35
S101166,73.33,69.27,62.83,,2,0,7,3.02,0.02
S101167,24.45,48.89,58.66,69.12,2,0,7,5.1,64.5
S101168,58.98,63.54,52.47,58.42,1,1,7,8.75,57.31
S101169,37.34,37.1,16.53,45.36,5,0,7,2.32,57.21
S101170,74.06,50.67,68.42,35.61,4,0,6,6.32,24.07
S101171,65.25,12.73,65.93,90.92,3,2,3,3.66,58.56
S101172,71.13,64.13,52.63,58.37,0,0,2,4.58,49.74
S101173,64.46,69.74,70.46,44.92,7,0,5,1.75,56.24
S101174,90.19,40.92,53.0,53.37,1,0,5,8.86,28.13
S101175,79.76,86.42,49.56,56.42,2,2,4,6.79,61.74
S101176,47.37,38.64,40.15,80.16,1,0,5,5.91,71.08
S101177,61.62,54.07,50.98,62.41,1,1,0,5.38,64.04
S101178,56.77,79.49,47.82,69.19,3,0,5,8.65,79.64
S101179,45.7,81.95,69.75,25.42,4,1,7,5.15,43.28
S101180,69.14,83.01,54.37,69.56,1,0,4,4.91,85.03
S101181,48.82,64.19,45.79,13.52,4,0,6,7.6,50.63
S101182,93.18,58.21,30.73,60.91,2,0,8,1.6,67.7
S101183,49.39,67.24,41.62,,4,3,7,7.51,41.49
S101184,64.71,61.16,61.52,,3,1,1,9.48,8.69
S101185,63.01,47.08,77.45,66.52,2,0,2,4.35,87.26
S101186,71.83,73.59,56.57,72.86,2,2,5,3.04,17.89
S101187,77.61,28.97,67.1,74.71,3,1,2,3.14,49.53
S101188,78.48,67.57,52.73,56.86,3,0,8,3.29,7.7
S101189,79.02,62.51,62.6,80.05,0,1,3,9.57,36.87
S101190,100.0,47.44,48.92,47.8,1,1,6,3.13,40.3
S101191,55.41,89.01,70.18,61.11,2,0,7,4.57,69.25
S101192,25.04,71.4,57.73,84.19,0,2,2,3.71,70.46
S101193,58.12,49.34,75.77,54.19,2,1,0,2.45,80.45
S101194,54.76,45.52,48.75,85.83,2,0,4,5.15,69.6
S101195,63.68,65.85,68.49,71.08,3,1,7,3.76,20.08
S101196,53.48,47.15,14.41,50.32,3,0,1,6.02,23.44
S101197,37.95,70.01,54.21,59.67,1,1,4,4.41,59.64
S101198,53.73,91.27,69.4,40.95,3,2,5,5.74,56.31
S101199,61.47,65.1,43.53,35.31,1,0,6,6.7,72.39
S101200,13.26,32.42,61.29,54.39,3,1,3,3.48,35.56
S101201,70.13,71.31,100.0,41.65,3,2,0,3.97,63.88
S101202,34.93,65.41,34.82,68.3,0,1,2,9.38,47.72
S101203,20.23,88.27,45.46,55.03,3,1,2,3.43,48.79
S101204,53.42,38.61,36.03,46.76,1,0,5,4.72,55.49
S101205,60.14,32.68,51.23,49.25,3,1,6,4.52,46.86
S101206,76.15,54.93,64.01,62.18,3,1,3,9.76,43.58
S101207,36.67,72.15,77.38,37.55,0,0,2,4.25,89.24
S101208,78.72,57.15,63.34,64.2,2,0,3,3.83,81.86
S101209,64.98,46.89,50.54,68.87,2,0,5,7.78,61.68
S101210,40.69,52.13,36.59,48.32,3,1,2,6.14,39.49
S101211,59.6,54.77,40.23,57.43,2,1,3,0.65,10.33
S101212,70.58,73.75,9.42,70.39,6,0,2,5.0,53.62
S101213,69.68,66.4,42.28,41.2,0,2,9,10.0,63.93
S101214,26.42,50.08,56.55,87.39,5,3,4,4.59,31.11
S101215,62.24,87.4,50.74,69.45,3,2,3,1.86,42.19
S101216,52.83,84.03,52.99,,2,1,3,6.17,65.2
S101217,61.51,58.32,74.38,76.81,2,0,2,2.07,37.17
S101218,31.65,66.86,69.11,54.47,0,0,3,5.55,33.94
S101219,52.38,80.3,45.07,54.9,2,1,3,8.54,17.26
S101220,22.67,63.41,68.68,17.08,3,0,4,4.43,47.88
S101221,19.32,69.58,56.74,39.72,3,0,4,9.06,58.19
S101222,66.25,33.32,36.44,82.41,1,1,2,6.01,81.58
S101223,65.27,55.59,50.82,71.04,4,0,2,5.83,64.35
S101224,24.67,63.44,48.3,58.92,3,0,1,8.55,66.05
S101225,58.41,55.99,44.28,43.91,4,1,2,7.9,75.06
S101226,39.8,32.16,62.0,69.73,3,1,2,3.0,32.05
S101227,34.1,100.0,48.19,66.23,3,1,4,6.66,74.54
S101228,40.49,85.71,44.04,57.95,3,2,4,5.1,83.6
S101229,82.96,70.58,61.97,46.28,7,2,4,8.35,39.55
S101230,40.11,42.91,64.44,65.37,4,0,1,5.06,51.71
S101231,55.46,44.92,25.43,,0,0,7,5.56,54.13
S101232,60.33,38.56,48.07,79.92,2,0,3,4.1,37.24
S101233,76.04,90.32,53.12,75.17,3,1,8,6.14,61.2
S101234,61.76,60.38,96.62,45.55,0,0,1,4.13,70.79
S101235,64.68,58.41,72.21,63.68,3,0,4,5.7,57.67
S101236,57.31,38.85,37.88,96.04,1,1,2,2.29,58.47
S101237,63.2,46.25,57.75,97.91,1,0,1,9.06,43.86
S101238,62.49,84.23,55.08,21.63,4,0,3,7.13,67.57
S101239,57.44,60.21,50.48,68.93,2,1,3,8.29,52.72
S101240,32.03,39.27,57.45,83.76,3,0,6,2.63,51.45
S101241,61.29,86.63,81.94,61.72,1,1,5,3.87,63.94
S101242,93.8,73.01,85.82,42.43,2,1,5,7.01,64.98
S101243,23.79,89.76,48.71,41.16,1,0,6,0.0,66.82
S101244,59.28,60.75,54.67,86.99,1,1,3,3.56,52.84
S101245,29.4,50.28,72.45,44.1,2,1,5,8.15,0.0
S101246,26.79,87.26,84.04,87.33,2,1,7,6.14,19.76
S101247,37.82,74.19,56.62,64.55,1,0,1,7.9,69.7
S101248,65.5,36.64,69.94,40.67,2,1,3,6.06,61.41
S101249,86.21,74.34,76.66,65.45,0,3,6,6.21,100.0
S101250,45.33,89.59,85.22,43.56,1,0,2,1.93,44.23
S101251,42.37,65.84,60.55,53.07,3,0,4,0.0,69.25
S101252,30.79,86.5,58.17,38.52,1,0,2,7.35,17.49
S101253,64.2,49.81,43.95,48.81,3,0,5,1.88,50.05
S101254,33.09,55.36,64.28,39.81,1,2,6,7.17,79.62
S101255,50.95,73.63,62.99,61.26,0,0,2,6.5,24.97
S101256,54.28,39.08,65.53,56.98,1,0,6,0.24,26.08
S101257,88.92,100.0,63.83,23.98,4,2,0,4.08,8.4
S101258,65.91,40.08,58.66,66.26,1,0,7,1.64,64.25
S101259,36.18,72.62,37.09,29.59,4,0,5,6.37,29.6
S101260,70.55,60.63,62.18,30.4,3,0,4,6.47,0.07
S101261,51.14,51.6,79.19,43.62,1,0,2,4.98,37.7
S101262,63.92,55.37,48.87,64.81,1,1,5,5.07,40.27
S101263,68.41,67.37,57.18,41.84,2,0,3,5.75,47.17
S101264,70.56,40.84,55.34,36.94,0,0,4,7.2,69.89
S101265,24.97,81.23,85.9,52.98,2,0,8,5.01,61.13
S101266,48.64,63.68,46.0,35.93,3,1,6,0.55,20.82
S101267,43.4,62.92,69.27,62.35,4,1,4,0.0,14.03
S101268,26.12,28.39,64.53,51.33,2,0,2,0.83,36.86
S101269,54.3,54.79,72.87,59.13,4,0,4,2.85,60.94
S101270,74.72,61.63,55.85,65.58,2,0,8,2.78,53.35
S101271,46.27,67.9,65.32,36.8,1,0,6,8.23,63.52
S101272,12.48,60.36,59.34,89.56,4,1,5,6.19,9.98
S101273,85.52,98.39,84.06,56.13,1,0,7,7.67,74.36
S101274,43.13,43.64,73.73,94.99,1,3,6,5.16,66.76
S101275,73.2,18.43,62.65,43.14,2,2,1,9.95,54.87
S101276,64.66,50.91,52.63,44.24,4,1,3,0.11,54.66
S101277,50.61,32.82,63.17,71.62,3,1,5,4.72,51.96
S101278,14.49,100.0,53.14,31.67,1,0,5,5.36,88.87
S101279,24.46,66.81,100.0,75.45,2,0,1,2.85,16.13
S101280,67.0,84.39,85.4,33.63,3,0,2,7.65,53.38
S101281,57.5,67.36,81.45,73.5,2,0,2,7.34,46.3
S101282,53.75,48.34,67.58,81.06,1,1,1,6.02,74.95
S101283,65.01,71.57,53.29,21.73,3,0,7,9.07,52.66
S101284,30.82,67.3,59.5,55.62,4,1,1,4.19,51.61
S101285,46.46,41.83,68.94,55.34,1,0,8,6.74,67.33
S101286,44.46,92.07,75.48,48.66,2,2,4,6.61,59.94
S101287,56.49,66.57,13.28,60.23,1,1,1,3.83,43.89
S101288,53.81,73.65,43.92,54.54,4,0,3,7.58,62.18
S101289,41.23,97.41,38.38,70.77,2,1,1,4.99,81.36
S101290,43.83,55.8,13.06,77.03,0,1,10,4.36,61.43
S101291,75.83,43.53,32.66,46.99,3,0,0,6.38,35.84
S101292,42.25,71.85,49.05,77.45,2,0,6,7.88,52.43
S101293,67.06,55.53,34.84,19.74,5,0,10,9.23,62.2
S101294,58.71,65.01,82.14,49.02,4,1,5,2.47,54.68
S101295,57.16,58.31,78.07,51.84,2,2,5,10.0,72.17
S101296,55.72,60.57,63.95,52.77,3,0,6,6.04,39.06
S101297,40.11,87.87,42.04,49.08,5,2,4,10.0,48.52
S101298,71.04,50.34,94.79,63.46,4,0,4,5.18,14.29
S101299,72.74,58.31,63.94,52.72,0,0,5,6.22,21.68
S101300,82.71,70.86,61.89,57.22,3,0,3,5.41,33.98
S101301,22.83,77.94,55.04,47.6,3,1,3,6.62,26.72
S101302,48.73,54.23,56.61,57.67,2,1,4,2.94,61.11
S101303,61.4,39.06,32.47,38.59,5,1,4,7.02,47.72
S101304,89.49,55.89,43.4,41.91,3,1,3,4.01,60.89
S101305,82.36,46.41,49.74,30.97,1,1,5,4.45,29.1
S101306,61.06,64.88,67.83,82.83,0,1,4,4.9,46.57
S101307,56.28,44.99,52.48,44.7,2,0,4,3.19,33.46
S101308,52.24,39.55,67.2,,1,0,2,4.4,62.32
S101309,43.15,64.53,40.88,54.49,1,1,6,2.48,75.4
S101310,50.51,75.92,69.23,15.74,1,2,2,9.5,64.52
S101311,61.59,56.69,77.37,76.82,1,0,7,2.49,37.44
S101312,0.0,79.73,46.79,78.89,3,0,3,6.35,44.71
S101313,28.77,24.17,69.84,67.6,1,0,4,1.73,81.4
S101314,38.81,56.08,62.47,41.14,1,2,6,1.16,21.79
S101315,43.94,69.3,51.42,80.28,1,1,1,0.0,48.23
S101316,29.08,61.76,58.17,66.3,3,2,1,2.01,9.0
S101317,53.95,59.89,50.75,48.24,3,1,6,6.06,61.63
S101318,26.29,69.31,37.67,32.39,1,2,2,2.51,53.2
S101319,61.18,74.91,25.33,59.08,2,1,1,2.78,47.46
S101320,54.08,66.27,81.47,31.28,2,0,5,6.31,24.84
S101321,74.79,45.83,71.51,43.68,0,2,6,7.57,43.78
S101322,75.71,77.0,68.9,48.35,3,0,1,9.87,46.95
S101323,57.15,62.15,55.16,72.06,4,1,7,5.33,58.93
S101324,33.55,53.27,56.46,38.77,3,2,1,3.08,67.7
S101325,50.3,60.39,60.14,42.62,3,0,5,1.98,45.67
S101326,21.82,56.63,59.82,39.24,1,1,5,6.9,25.72
S101327,67.12,28.78,61.95,71.1,3,0,7,0.81,41.97
S101328,57.3,48.78,41.38,13.73,0,0,3,5.01,62.69
S101329,50.66,54.65,36.8,32.62,2,1,4,7.45,34.93
S101330,59.92,56.77,64.45,36.95,3,0,4,4.63,64.51
S101331,81.73,59.72,62.27,85.22,2,0,4,6.63,16.49
S101332,52.13,82.26,51.41,70.04,6,0,5,8.45,38.94
S101333,52.69,100.0,67.69,52.62,1,1,0,5.42,90.68
S101334,41.92,64.59,64.16,42.5,1,0,1,4.91,43.7
S101335,14.6,90.96,45.71,37.17,4,2,3,2.29,61.29
S101336,36.26,68.2,78.6,32.06,4,1,4,8.11,62.12
S101337,,88.36,51.67,63.72,5,0,5,6.62,60.63
S101338,23.48,84.66,66.77,27.23,4,1,3,8.05,15.42
S101339,79.67,49.45,49.09,74.12,3,2,2,5.04,96.49
S101340,44.05,58.34,63.57,69.38,7,1,5,10.0,23.24
S101341,50.31,39.5,58.32,69.97,3,0,3,3.81,11.69
S101342,78.87,62.0,49.46,70.57,6,0,3,7.97,40.39
S101343,63.2,60.59,47.69,50.07,2,0,2,6.49,71.3
S101344,15.92,50.58,31.03,76.07,1,2,6,2.73,44.35
S101345,60.7,81.88,72.47,59.46,3,0,10,4.44,44.4
S101346,26.43,66.41,89.53,63.43,1,2,3,5.22,64.2
S101347,77.5,58.95,65.66,63.18,4,0,3,1.22,42.19
S101348,68.39,53.19,76.61,33.73,0,0,4,7.75,46.51
S101349,82.67,65.28,71.54,60.72,1,0,4,1.96,27.02
S101350,67.48,18.4,46.76,37.79,3,0,4,7.68,44.55
S101351,51.61,79.68,66.86,31.06,1,1,7,6.19,79.39
S101352,76.57,51.31,46.96,45.16,2,2,4,2.94,24.0
S101353,36.3,64.52,46.27,58.61,2,0,4,6.77,33.18
S101354,62.17,86.78,75.85,70.43,2,0,3,6.34,80.96
S101355,43.43,71.65,34.31,64.09,4,0,5,5.84,23.2
S101356,50.49,77.54,71.8,38.89,4,1,3,5.18,88.05
S101357,49.27,56.77,59.28,,0,1,2,3.78,45.34
S101358,70.74,74.23,78.45,44.25,3,1,1,8.79,36.39
S101359,49.45,75.03,64.43,55.39,0,1,4,6.77,49.87
S101360,52.09,62.36,60.46,41.17,2,0,6,3.45,62.27
S101361,74.03,72.08,54.31,42.1,0,0,7,4.03,69.56
S101362,58.9 ,53.06,66.43,50.23,3,0,4,2.87,74.13
S101363,69.13,45.01,47.09,67.57,3,0,3,2.71,73.86
S101364,63.12,59.85,41.29,,5,1,5,4.6,44.6
S101365,39.01,47.71,36.84,57.88,3,0,3,6.47,88.78
S101366,62.7,45.37,69.12,37.05,4,1,5,7.56,45.95
S101367,58.88,97.3,53.14,52.03,1,0,2,2.51,20.04
S101368,66.64,43.65,57.4,86.11,2,1,2,6.76,28.94
S101369,74.23,53.41,85.75,76.31,0,0,2,4.14,70.24
S101370,88.65,39.9,70.31,47.89,4,0,8,0.79,31.55
S101371,31.93,81.99,66.49,,2,0,6,6.44,82.05
S101372,63.7,97.03,51.44,47.44,1,0,5,3.84,53.38
S101373,55.75,77.41,34.16,72.34,2,2,0,4.07,48.88
S101374,39.77,37.78,62.85,55.35,2,0,4,8.38,78.75
S101375,53.53,41.19,85.29,49.42,3,1,4,5.37,69.33
S101376,57.76,60.77,48.89,64.84,3,0,3,4.45,79.08
S101377,48.55,54.64,51.94,88.92,3,1,6,8.94,40.07
S101378,37.85,78.87,40.15,42.66,4,1,4,9.47,42.51
S101379,100.0,86.97,67.76,67.58,2,0,0,5.47,51.69
S101380,73.93,58.31,52.63,67.27,4,0,5,10.0,12.59
S101381,37.3,71.68,37.36,73.98,1,1,6,2.53,33.95
S101382,82.76,60.87,57.05,23.68,1,0,6,6.92,32.02
S101383,54.0 ,74.58,92.47,42.93,0,1,4,1.72,32.96
S101384,13.38,54.73,74.82,68.62,1,1,4,4.11,47.48
S101385,19.02,48.87,84.07,44.76,1,0,5,9.27,39.41
S101386,,66.48,100.0,75.23,0,0,8,5.85,94.22
S101387,60.47,73.65,36.13,79.12,3,1,5,4.72,44.55
S101388,28.26,74.55,60.72,71.07,4,1,5,2.89,56.27
S101389,54.54,40.56,56.06,37.96,1,2,4,8.07,40.01
S101390,50.53,68.18,81.41,51.65,1,1,5,3.45,54.47
S101391,66.8,33.39,65.7,58.17,3,0,1,5.99,28.03
S101392,58.38,50.31,60.3,39.47,3,1,5,10.0,57.27
S101393,54.3,73.46,63.48,30.43,1,0,7,7.52,72.57
S101394,29.51,44.9,54.13,100.0,3,4,9,10.0,89.41
S101395,51.85,81.75,46.11,40.4,6,0,5,9.69,44.04
S101396,,36.94,61.41,79.1,5,0,3,4.76,56.27
S101397,86.01,61.66,86.88,43.9,1,0,5,7.35,36.77
S101398,55.58,39.49,48.8,70.78,2,1,8,5.92,62.01
S101399,51.91,63.94,36.67,56.39,3,1,5,8.0,62.45
S101400,66.4,35.84,59.4,,3,1,4,6.89,19.58
S101401,64.29,65.84,57.08,45.99,2,0,4,5.94,34.23
S101402,64.45,79.41,73.7,57.1,2,1,4,8.59,80.73
S101403,64.92,20.25,60.81,13.01,4,1,7,2.34,17.56
S101404,58.93,49.33,79.3,76.41,2,0,3,5.09,38.36
S101405,33.03,84.06,54.96,46.96,1,1,3,9.45,65.76
S101406,48.57,77.42,44.0,46.8,1,1,7,4.83,46.99
S101407,55.37,62.33,37.93,65.27,1,1,5,6.28,39.55
S101408,37.7,22.23,41.43,99.45,3,0,7,2.87,69.01
S101409,63.77,36.73,73.36,59.64,3,0,4,8.79,46.61
S101410,58.66,52.07,63.51,47.66,1,0,6,5.06,41.88
S101411,65.69,35.26,35.94,34.79,1,1,2,1.5,49.25
S101412,56.87,47.16,37.33,68.32,1,0,2,6.61,67.08
S101413,72.97,71.06,65.96,92.08,5,0,7,3.71,58.11
S101414,60.84,74.2,36.72,68.22,3,0,3,5.46,58.72
S101415,34.67,30.98,29.08,52.67,3,1,1,3.27,28.61
S101416,31.64,49.64,48.76,54.74,1,0,2,6.0,35.75
S101417,74.16,77.34,55.2,72.05,4,1,6,3.54,46.98
S101418,45.79,64.65,58.36,49.09,3,1,2,4.16,29.46
S101419,67.3,45.06,72.71,74.42,3,2,1,9.55,74.91
S101420,,54.18,86.45,38.27,4,0,5,3.65,25.27
S101421,64.2,52.81,64.59,65.64,5,0,3,4.03,88.85
S101422,53.36,62.8,46.82,33.86,1,0,6,7.85,48.06
S101423,95.08,84.97,65.6,34.2,4,0,8,1.52,64.76
S101424,90.49,70.32,59.54,75.31,4,0,3,6.74,61.97
S101425,74.87,46.33,45.79,72.1,3,2,2,5.41,76.19
S101426,43.42,71.22,70.95,25.55,2,0,4,3.25,27.7
S101427,50.94,54.43,64.2,76.18,1,2,4,3.36,55.06
S101428,21.62,53.23,81.21,82.79,2,0,5,0.0,46.46
S101429,46.0 ,41.78,67.94,92.52,5,1,3,8.34,44.17
S101430,32.12,58.09,63.77,54.61,2,1,3,3.28,35.0
S101431,39.07,96.04,45.92,67.06,4,2,1,7.53,19.29
S101432,45.61,37.55,46.61,64.35,1,0,3,0.0,38.9
S101433,74.46,55.22,73.37,64.33,3,0,3,3.16,32.02
S101434,59.37,52.28,74.68,62.89,1,0,5,5.89,32.59
S101435,63.22,53.83,52.06,42.59,2,0,2,2.04,75.61
S101436,52.11,81.02,40.89,51.34,3,0,8,7.13,65.56
S101437,48.29,67.92,66.82,76.86,6,0,5,6.37,36.02
S101438,24.11,64.41,52.08,48.21,3,0,3,10.0,42.27
S101439,,82.02,86.25,57.54,2,1,4,4.76,69.11
S101440,62.3,46.95,61.76,28.35,5,2,7,7.28,36.66
S101441,31.56,51.21,62.03,61.97,3,0,8,9.77,49.91
S101442,40.15,46.42,85.73,52.19,3,2,8,4.61,73.43
S101443,72.09,79.83,43.13,100.0,2,0,3,3.51,58.33
S101444,33.4,77.47,76.65,64.26,3,0,6,7.35,21.71
S101445,55.53,56.54,63.15,76.97,2,0,2,3.92,55.75
S101446,35.94,61.84,59.57,57.28,2,0,2,5.58,18.03
S101447,57.75,45.24,20.75,62.9,5,0,6,6.06,43.76
S101448,56.77,49.55,50.66,39.93,2,0,2,3.71,84.54
S101449,50.65,74.33,54.95,83.51,3,1,1,6.27,67.21
S101450,84.75,67.98,57.08,46.55,2,1,3,3.09,23.87
S101451,36.4,65.62,70.18,54.52,3,0,5,5.45,59.31
S101452,45.19,60.6,64.02,67.43,2,0,2,6.23,69.71
S101453,,42.27,54.52,67.66,2,1,3,4.53,59.83
S101454,77.38,83.5,56.11,64.82,2,0,2,2.72,53.68
S101455,63.12,30.88,48.21,66.18,4,0,6,5.61,94.82
S101456,78.36,100.0,73.62,2.37,2,2,7,3.77,50.7
S101457,46.47,61.95,36.0,29.47,2,1,1,5.3,30.65
S101458,48.48,77.49,67.28,45.36,1,0,2,5.84,61.86
S101459,83.09,51.8,76.64,51.77,0,1,4,4.55,57.3
S101460,31.59,39.7,62.34,54.98,2,2,1,5.7,68.79
S101461,64.85,44.18,41.44,43.06,4,1,1,9.57,66.29
S101462,32.37,76.19,60.62,50.57,3,3,5,8.0,32.82
S101463,73.15,38.42,72.42,29.49,1,2,5,7.29,65.21
S101464,51.91,61.03,87.74,45.71,4,1,6,4.87,59.8
S101465,56.64,59.89,55.99,29.47,4,0,3,10.0,28.09
S101466,85.11,58.14,55.35,59.0,2,0,1,4.15,88.49
S101467,48.35,59.65,80.98,83.89,1,1,5,8.56,61.82
S101468,80.7,54.72,68.71,68.75,1,3,4,8.53,60.75
S101469,43.97,50.92,65.41,19.64,2,2,2,6.84,72.07
S101470,83.19,45.35,76.43,33.31,3,0,3,4.32,41.76
S101471,30.83,51.48,95.88,8.57,3,0,6,6.92,64.85
S101472,32.83,59.4,48.47,68.25,0,1,8,4.43,31.19
S101473,99.29,73.52,71.7,74.88,3,0,0,2.76,63.53
S101474,30.87,32.44,45.15,54.73,1,0,5,7.14,47.24
S101475,96.09,57.37,35.85,55.23,1,0,8,1.84,60.53
S101476,57.48,40.39,45.18,60.43,7,0,5,7.99,38.82
S101477,,78.61,45.51,28.98,4,1,4,5.91,44.34
S101478,41.31,67.41,89.21,57.93,4,1,7,6.05,57.2
S101479,62.53,45.72,64.36,62.09,3,1,6,0.83,40.94
S101480,69.31,66.06,39.23,,2,3,2,7.28,33.38
S101481,88.4,77.24,40.14,36.17,1,1,3,8.89,45.57
S101482,64.01,66.83,59.39,37.76,5,1,3,8.92,23.93
S101483,76.97,48.01,59.75,53.99,2,1,9,3.93,23.08
S101484,59.46,33.94,74.23,25.14,0,2,4,5.67,30.29
S101485,68.04,51.22,54.68,,2,1,2,3.36,78.54
S101486,45.15,51.6,45.81,62.64,1,2,6,5.58,23.23
S101487,21.63,49.86,57.29,33.38,0,0,2,4.67,46.25
S101488,84.0,66.56,73.3,,3,0,4,8.99,56.94
S101489,35.69,34.87,40.66,59.99,1,1,2,6.9,56.32
S101490,73.49,74.75,47.67,45.5,3,0,4,7.27,37.81
S101491,50.52,76.69,87.15,54.86,1,0,9,6.07,62.59
S101492,24.08,36.29,67.83,80.2,1,1,4,4.23,70.17
S101493,61.15,71.41,37.1,35.92,2,2,4,5.02,77.61
S101494,48.5,40.53,51.74,93.01,0,1,5,3.99,35.36
S101495,49.45,76.57,56.25,64.27,1,3,6,0.98,36.98
S101496,72.47,73.05,59.8,69.27,1,1,3,5.13,43.66
S101497,38.8,46.89,78.3,45.43,2,0,5,5.26,68.5
S101498,71.79,62.05,51.66,50.61,4,0,5,6.3,42.3
S101499,,48.57,41.84,74.66,2,2,6,5.74,47.62
S101500,63.59,58.05,21.7,42.29,3,0,4,5.24,52.08
S101501,38.32,72.32,50.37,36.4,3,1,6,2.56,73.96
S101502,65.56,64.29,54.76,55.72,3,1,7,7.13,60.53
S101503,44.56,56.69,63.43,44.24,2,0,2,3.46,0.0
S101504,55.9,66.53,48.25,72.93,1,0,3,10.0,34.02
S101505,51.75,83.59,55.6,53.99,3,1,1,8.3,53.34
S101506,40.82,62.48,64.41,71.06,3,0,0,4.77,51.65
S101507,41.04,59.04,45.57,78.05,2,2,6,6.09,62.65
S101508,62.7,82.09,57.55,40.48,2,0,2,7.99,50.02
S101509,88.61,88.11,45.43,47.92,0,1,7,4.46,48.2
S101510,40.95,64.73,88.41,38.32,0,1,4,3.05,71.63
S101511,33.46,82.32,47.96,75.62,1,1,4,8.98,0.0
S101512,62.71,67.87,40.02,60.77,2,1,4,7.71,60.64
S101513,54.3,59.38,65.9,36.64,0,2,3,2.7,51.49
S101514,59.29,53.46,57.73,56.62,3,0,5,2.32,55.5
S101515,48.19,33.88,63.71,78.87,1,1,4,4.8,28.95
S101516,49.3,42.46,35.89,79.86,2,0,8,6.94,14.84
S101517,57.36,66.44,46.06,41.47,2,0,4,4.18,17.85
S101518,75.96,21.89,64.6,53.97,5,1,3,4.05,28.62
S101519,40.87,84.24,54.03,37.69,3,1,3,4.07,38.58
S101520,70.07,76.82,74.96,37.93,2,1,2,1.07,30.33
S101521,50.05,48.56,60.02,85.54,2,2,2,7.3,60.1
S101522,91.68,55.71,49.16,62.77,1,0,5,0.0,62.51
S101523,44.89,65.32,63.88,65.88,3,1,0,8.15,4.85
S101524,90.77,38.14,53.96,,2,2,0,3.05,54.22
S101525,44.51,46.62,69.83,70.21,2,0,2,2.64,40.28
S101526,42.28,69.05,49.51,58.23,3,1,3,6.05,61.69
S101527,29.94,69.03,50.62,66.12,1,2,5,4.78,50.0
S101528,52.93,61.85,76.18,70.66,3,0,3,10.0,38.16
S101529,60.8,69.53,86.84,28.81,0,2,2,4.2,76.94
S101530,45.05,45.77,67.49,33.97,3,1,4,2.0,56.68
S101531,73.0,49.24,63.44,61.02,1,2,2,6.91,94.43
S101532,37.53,54.81,47.38,69.01,3,0,1,2.2,69.27
S101533,66.9,74.47,57.14,71.68,2,0,4,7.04,45.46
S101534,43.35,51.42,68.61,30.11,1,0,3,5.04,53.93
S101535,39.08,44.59,63.97,28.52,4,0,7,6.28,61.37
S101536,30.77,17.61,35.12,69.55,4,1,3,10.0,74.65
S101537,68.81,69.46,62.64,52.14,3,2,7,5.23,46.86
S101538,67.77,87.52,58.09,59.74,2,0,4,0.85,46.04
S101539,73.79,55.42,56.99,72.53,7,0,2,7.02,21.56
S101540,65.18,100.0,52.33,22.56,1,1,3,0.0,92.72
S101541,44.6,61.24,58.81,56.07,1,0,3,4.22,37.5
S101542,20.69,54.16,63.47,63.81,1,0,4,8.69,32.01
S101543,66.13,60.53,88.89,41.6,1,1,3,5.0,86.08
S101544,50.19,73.69,62.27,50.23,1,1,4,3.62,64.35
S101545,39.92,87.15,46.13,57.01,1,1,0,4.31,35.23
S101546,53.63,43.9,51.84,50.46,5,0,2,7.32,38.53
S101547,44.18,42.69,56.97,63.1,5,0,4,7.87,64.34
S101548,76.74,35.81,51.07,87.47,2,1,3,7.8,30.52
S101549,75.81,51.85,64.98,72.45,2,2,9,9.08,49.19
S101550,51.4,44.88,59.19,45.78,2,1,4,3.05,50.6
S101551,60.4,25.31,71.13,67.59,3,2,5,8.04,47.93
S101552,44.7,73.96,70.32,58.76,2,1,6,7.24,39.88
S101553,38.29,67.5,58.23,89.68,5,0,3,9.6,44.37
S101554,57.97,53.44,88.42,64.24,0,2,8,5.41,9.59
S101555,49.12,66.09,56.36,60.0,7,2,8,4.61,53.42
S101556,61.77,79.99,45.22,64.43,2,2,4,4.3,85.31
S101557,64.89,42.58,30.48,95.82,1,0,6,7.18,42.15
S101558,82.11,49.13,75.28,,2,1,4,0.9,34.34
S101559,70.74,67.18,46.4,54.52,1,0,3,3.51,77.93
S101560,65.44,42.45,51.57,41.02,2,0,4,8.26,74.98
S101561,46.51,79.8,17.34,36.22,2,0,3,4.8,54.29
S101562,37.4,33.93,73.72,40.27,1,2,5,3.35,20.38
S101563,40.0,66.01,64.97,44.01,3,0,7,9.39,51.2
S101564,59.93,58.0,12.45,34.58,8,0,3,9.2,42.52
S101565,53.57,69.43,62.37,65.93,3,0,4,8.07,44.93
S101566,48.89,37.14,66.95,29.75,1,1,2,7.51,50.3
S101567,53.59,5.69,39.33,61.71,3,3,2,6.68,41.57
S101568,56.98,56.81,56.82,57.41,4,2,3,4.01,61.91
S101569,78.04,77.74,54.34,58.72,1,2,8,5.68,43.31
S101570,,46.79,51.28,,1,1,4,7.81,36.4
S101571,30.91,65.78,74.32,46.84,1,0,2,6.63,80.13
S101572,60.73,59.25,47.2,63.47,4,2,0,3.06,77.78
S101573,57.28,84.23,51.4,56.1,4,0,1,6.73,73.25
S101574,2.56,64.37,65.61,59.22,3,0,2,4.66,42.18
S101575,53.27,55.69,60.58,69.35,5,2,4,7.7,34.36
S101576,61.08,74.82,54.19,70.77,4,0,7,2.07,63.52
S101577,54.1,4.35,48.51,35.54,4,0,1,5.91,64.25
S101578,32.56,58.17,54.9,51.52,2,1,6,3.92,87.17
S101579,21.57,50.91,28.07,30.46,5,1,3,4.34,55.97
S101580,61.97,58.68,24.4,79.14,2,0,2,7.56,51.9
S101581,53.58,50.62,82.18,60.76,2,0,3,8.14,76.05
S101582,89.9 ,54.33,77.31,45.65,1,0,3,6.93,30.01
S101583,55.51,65.94,78.47,14.66,5,2,4,9.12,53.4
S101584,69.74,49.55,57.95,64.75,1,1,1,2.82,77.52
S101585,51.72,42.12,58.18,41.17,2,1,3,2.91,54.53
S101586,85.93,72.9,62.61,64.37,3,2,4,6.39,28.67
S101587,39.97,58.02,56.39,65.5,6,0,3,6.72,55.74
S101588,78.72,62.23,55.15,44.68,2,1,4,8.25,56.73
S101589,,40.89,74.68,64.24,1,0,10,4.08,46.09
S101590,44.34,69.39,81.77,54.14,2,0,0,2.57,43.11
S101591,85.79,79.06,75.61,71.77,3,0,2,8.59,63.99
S101592,35.71,42.32,49.99,50.24,4,0,4,4.68,58.76
S101593,10.24,20.75,63.91,70.7,5,0,4,8.56,39.31
S101594,61.76,97.81,57.14,63.24,0,2,7,6.54,55.07
S101595,68.92,51.74,77.3,81.7,6,0,3,8.67,46.83
S101596,68.71,52.21,59.06,69.26,2,1,3,5.74,21.39
S101597,60.35,58.64,44.02,42.88,2,2,2,2.76,62.19
S101598,33.78,36.26,98.19,81.53,3,0,5,6.1,38.49
S101599,17.61,87.25,65.38,31.74,0,0,6,3.27,79.99
S101600,65.0,99.37,80.43,22.42,2,1,3,3.6,58.35
S101601,16.37,78.28,40.75,52.48,2,0,7,5.39,55.32
S101602,33.82,51.43,33.88,88.36,5,1,3,8.76,0.0
S101603,33.11,72.17,54.93,70.71,3,1,2,6.73,19.85
S101604,22.31,50.96,84.62,45.86,4,1,7,2.47,35.29
S101605,58.17,63.12,45.28,55.22,1,0,6,4.54,71.84
S101606,35.83,55.91,79.5,62.57,1,1,3,0.29,66.27
S101607,50.93,40.66,92.54,54.73,1,2,0,1.48,82.4
S101608,71.2,61.02,30.3,54.06,2,2,4,7.77,31.65
S101609,64.2,64.56,45.66,55.56,3,0,6,7.24,71.99
S101610,44.53,55.98,68.25,60.15,2,3,9,5.78,11.13
S101611,36.79,44.43,73.12,68.45,1,0,5,6.71,59.98
S101612,48.58,66.65,50.03,74.41,1,3,0,1.96,57.68
S101613,55.33,67.42,73.33,38.31,0,1,2,3.41,52.97
S101614,78.76,85.15,52.84,46.12,2,1,5,4.22,28.44
S101615,53.61,44.02,46.94,45.03,3,2,2,1.57,41.86
S101616,59.28,78.12,38.64,,2,1,3,9.71,59.15
S101617,42.84,47.56,49.36,13.05,4,1,2,4.97,47.98
S101618,53.4,63.68,64.99,76.59,1,0,6,7.56,33.51
S101619,76.69,77.04,60.09,71.07,1,1,5,8.8,24.71
S101620,54.94,15.12,62.88,64.43,1,0,4,10.0,56.52
S101621,53.67,60.93,59.38,39.34,3,0,6,3.25,80.02
S101622,37.5,70.78,67.1,,1,1,7,4.59,48.98
S101623,55.27,43.7,73.08,51.07,4,1,2,0.97,74.77
S101624,50.21,65.09,65.1,49.26,3,0,2,5.75,35.73
S101625,37.24,62.62,43.83,61.39,1,0,5,2.88,83.43
S101626,53.88,43.25,33.31,25.58,4,1,5,4.49,94.85
S101627,71.38,39.81,57.67,96.82,1,1,2,4.99,66.36
S101628,66.3,100.0,66.15,32.58,4,1,4,6.77,43.97
S101629,35.35,66.06,45.66,54.6,2,0,2,5.84,22.05
S101630,42.11,40.04,91.86,,3,0,6,8.73,44.0
S101631,41.61,55.84,53.02,38.82,1,1,3,3.71,36.55
S101632,59.38,81.8,57.45,71.5,2,0,2,2.8,28.51
S101633,54.98,65.52,62.89,45.9,1,2,4,5.57,58.94
S101634,38.57,67.29,67.03,65.02,3,3,2,6.14,69.28
S101635,87.06,43.42,33.28,42.11,0,0,4,5.85,49.6
S101636,59.97,79.46,40.39,40.79,3,1,5,8.01,54.26
S101637,81.22,72.98,62.67,73.54,5,1,5,0.0,86.54
S101638,52.13,68.61,72.84,43.42,4,3,3,7.02,50.5
S101639,60.22,76.35,48.89,93.15,1,2,2,4.26,41.65
S101640,58.8,77.59,66.92,35.66,2,0,2,6.35,67.8
S101641,61.09,54.55,57.32,55.82,3,2,4,3.27,77.58
S101642,63.86,64.92,62.22,62.43,4,0,7,4.88,54.89
S101643,38.16,47.49,74.12,86.06,2,1,4,7.62,82.23
S101644,56.15,57.81,74.29,46.74,0,1,9,6.42,32.82
S101645,54.14,42.04,32.18,42.83,3,0,3,6.86,71.54
S101646,77.93,44.73,59.7,84.71,1,0,5,5.78,44.46
S101647,41.12,94.01,72.15,72.98,0,2,3,6.61,73.15
S101648,81.3,48.91,89.59,60.54,5,2,1,7.55,53.69
S101649,47.85,73.61,51.88,19.57,1,1,5,6.56,52.46
S101650,42.74,84.09,69.9,48.8,4,0,2,1.45,40.06
S101651,68.44,48.45,31.29,61.91,0,1,5,6.11,60.57
S101652,35.21,50.88,53.32,50.59,4,2,5,4.77,33.05
S101653,44.86,54.09,49.64,57.73,1,0,1,5.28,38.66
S101654,49.15,59.21,64.76,57.87,0,0,9,8.86,32.25
S101655,82.86,41.4,17.32,52.87,3,1,5,6.47,33.21
S101656,81.57,61.55,57.59,48.49,0,1,6,8.38,39.51
S101657,57.43,84.72,41.42,58.67,1,0,5,3.69,42.74
S101658,93.16,79.32,87.73,55.88,1,1,6,6.92,54.99
S101659,55.07,78.07,67.45,38.79,1,1,5,6.66,8.81
S101660,57.6,73.65,63.3,30.0,2,0,8,3.47,53.07
S101661,45.07,76.59,56.27,28.67,2,1,5,5.31,73.11
S101662,65.35,54.23,81.31,46.56,1,1,10,3.77,40.09
S101663,60.15,63.1,86.4,44.1,4,0,6,3.62,31.6
S101664,65.41,84.96,69.39,73.57,0,0,8,6.2,69.49
S101665,55.09,53.85,30.51,37.73,3,0,1,3.61,53.99
S101666,27.63,66.84,33.25,72.51,4,1,5,8.89,66.68
S101667,46.07,81.15,34.08,50.16,2,1,1,5.62,47.83
S101668,76.71,75.41,74.59,84.31,0,0,7,8.83,28.38
S101669,32.21,72.49,72.8,65.52,3,0,5,7.05,65.39
S101670,,50.77,54.85,81.55,2,0,5,6.18,47.09
S101671,68.09,53.83,43.67,76.77,3,1,4,4.37,100.0
S101672,47.54,71.72,69.72,59.06,6,1,2,4.89,54.84
S101673,59.07,54.08,25.22,68.58,3,2,5,8.23,32.29
S101674,34.55,66.42,77.48,62.2,3,0,2,5.36,85.59
S101675,37.23,57.63,64.16,51.49,5,1,5,4.03,33.78
S101676,67.62,52.38,65.22,65.63,3,0,5,7.01,58.96
S101677,52.54,65.17,45.91,60.89,2,0,7,3.64,53.85
S101678,77.1,73.39,70.73,61.12,3,0,6,5.13,36.98
S101679,63.1,57.85,84.49,56.95,1,0,3,4.17,50.37
S101680,68.73,82.6,60.9,47.2,5,1,3,7.12,53.44
S101681,81.89,43.77,84.85,56.02,4,0,4,2.01,34.87
S101682,50.15,61.37,52.14,48.93,8,1,5,9.75,34.94
S101683,44.72,70.48,36.5,43.66,0,0,3,3.75,70.44
S101684,54.34,58.17,54.16,23.14,0,2,3,4.88,79.65
S101685,9.69,43.97,52.2,66.98,3,0,2,2.84,49.33
S101686,76.41,61.63,58.8,60.55,6,2,6,7.08,70.63
S101687,27.03,65.04,61.16,61.74,1,1,4,8.0,54.01
S101688,48.48,81.29,52.49,46.7,2,1,4,4.29,33.05
S101689,39.27,75.08,51.17,,2,2,9,3.22,30.98
S101690,22.83,55.5,49.51,32.07,5,2,1,1.15,33.75
S101691,17.29,44.78,49.45,66.25,1,2,1,5.99,59.11
S101692,97.21,46.93,80.39,79.33,1,0,4,6.51,2.8
S101693,51.06,29.9,61.29,79.56,3,2,4,0.76,62.22
S101694,10.15,100.0,53.18,47.47,1,0,6,10.0,56.65
S101695,33.74,42.66,73.85,41.39,3,0,2,5.11,59.14
S101696,52.49,55.18,26.69,36.1,3,1,3,5.44,17.92
S101697,51.71,44.19,56.58,61.32,5,1,3,7.28,48.28
S101698,67.17,63.39,58.49,32.72,1,0,3,1.75,44.15
S101699,27.08,24.22,30.24,36.72,3,2,5,5.85,29.7
S101700,51.06,1.18,36.27,30.59,5,3,5,7.59,47.89
S101701,73.05,66.41,39.34,44.79,4,0,3,6.14,21.83
S101702,44.21,41.27,33.33,58.28,5,1,4,7.64,39.26
S101703,21.75,61.18,62.13,63.81,1,0,1,9.83,20.69
S101704,81.19,51.29,88.23,40.95,4,0,2,5.38,61.83
S101705,85.1,74.86,63.78,74.13,3,2,3,1.92,45.76
S101706,85.93,64.85,41.35,27.96,2,0,2,3.0,22.67
S101707,28.2,48.8,54.4,67.68,1,0,2,5.89,30.47
S101708,69.22,49.86,21.86,87.2,7,1,2,7.7,47.34
S101709,63.63,100.0,59.27,69.61,2,1,5,0.42,24.19
S101710,45.34,58.37,36.03,73.77,4,1,5,7.62,51.3
S101711,37.14,52.54,59.89,34.52,4,1,6,3.62,47.76
S101712,42.46,62.39,54.97,66.81,3,1,5,2.8,28.86
S101713,55.62,62.84,47.9,48.46,3,0,4,5.02,48.63
S101714,41.25,87.62,77.55,54.12,1,0,4,3.53,64.15
S101715,53.57,97.3,41.97,62.79,3,2,3,8.42,59.74
S101716,60.05,56.29,69.08,43.35,2,0,3,3.08,69.71
S101717,67.62,50.73,38.76,33.36,3,0,4,7.75,29.69
S101718,,54.33,73.04,53.77,7,1,5,7.94,55.99
S101719,93.62,68.93,60.34,58.43,6,0,2,1.5,82.69
S101720,91.02,56.78,63.11,28.41,5,2,4,3.79,39.11
S101721,,52.38,71.8,64.15,3,0,7,8.83,65.21
S101722,46.06,73.37,69.86,42.71,4,1,7,8.33,64.66
S101723,51.79,61.95,49.94,39.29,7,1,4,3.93,34.88
S101724,44.8,53.29,59.67,75.55,2,1,5,1.76,50.68
S101725,83.32,100.0,71.18,60.36,3,0,4,4.39,34.58
S101726,80.62,47.06,45.4,50.53,2,0,4,4.17,66.12
S101727,42.99,63.38,75.87,54.48,1,0,4,7.81,35.14
S101728,82.41,70.14,54.85,42.11,1,1,1,5.84,60.06
S101729,43.89,59.01,75.5,40.99,1,1,5,0.84,27.03
S101730,71.37,36.14,32.69,72.4,6,2,6,4.14,75.34
S101731,54.92,56.7,52.42,71.81,2,0,3,3.78,42.83
S101732,54.43,67.8,43.94,27.31,2,1,2,4.95,60.01
S101733,75.17,63.0,46.57,93.78,5,1,3,10.0,51.03
S101734,68.68,57.99,63.34,43.57,1,0,5,1.23,55.43
S101735,81.62,51.02,97.13,78.17,3,1,6,6.75,51.95
S101736,59.82,60.89,56.47,92.48,4,0,4,4.25,55.72
S101737,40.92,75.82,63.31,72.36,2,1,1,7.54,53.25
S101738,52.5 ,79.04,66.54,66.84,3,1,3,4.35,58.13
S101739,52.33,28.45,59.95,57.93,2,1,1,7.68,46.64
S101740,57.32,66.22,47.94,85.29,6,0,7,6.13,15.69
S101741,68.15,43.58,64.85,57.94,2,1,4,8.86,43.7
S101742,54.7,73.79,50.0,61.74,3,0,10,5.5,44.83
S101743,58.02,49.04,80.36,30.66,7,0,1,8.54,78.85
S101744,57.07,86.16,53.65,40.14,0,0,5,6.85,64.86
S101745,6.12,52.78,62.22,55.88,1,1,4,6.95,42.12
S101746,63.49,34.17,62.85,34.57,3,0,6,3.17,21.39
S101747,,48.8,65.1,69.82,3,1,3,6.91,61.09
S101748,38.05,78.51,65.04,53.0,1,1,2,6.87,22.7
S101749,15.06,26.33,39.27,48.38,5,0,3,0.65,41.0
S101750,27.05,67.64,63.29,57.59,2,1,3,6.68,72.02
S101751,64.87,89.19,28.71,74.79,2,1,2,4.93,36.93
S101752,50.98,42.55,59.48,51.82,3,3,4,1.37,66.16
S101753,28.34,67.31,73.67,75.07,4,1,5,3.51,55.27
S101754,15.56,35.31,66.3,63.39,5,3,2,9.11,43.64
S101755,,57.8,19.76,,5,1,5,4.28,63.67
S101756,58.73,42.82,51.89,30.04,7,2,3,3.49,29.31
S101757,15.83,76.61,60.67,48.98,5,0,4,3.42,26.71
S101758,30.76,27.88,64.41,53.16,2,2,4,7.87,27.22
S101759,83.28,63.22,41.03,34.62,2,1,4,4.26,39.8
S101760,67.69,49.48,52.4,,5,1,5,6.98,25.5
S101761,90.23,64.76,57.58,99.4,1,1,3,3.71,31.0
S101762,34.21,85.66,85.81,46.03,3,1,4,6.52,49.28
S101763,54.16,98.89,71.73,59.5,6,1,4,7.18,19.88
S101764,64.79,92.76,47.11,43.79,3,1,5,6.97,53.19
S101765,55.62,78.07,42.34,46.49,3,2,4,3.54,50.32
S101766,,62.58,60.11,38.05,4,0,5,7.98,80.62
S101767,47.41,60.61,48.19,37.31,1,1,4,6.88,15.92
S101768,28.59,63.64,79.02,37.79,0,1,5,1.38,51.25
S101769,58.79,48.78,62.9,28.41,4,0,3,3.77,73.4
S101770,45.63,69.69,46.22,40.16,1,2,4,8.43,51.78
S101771,51.84,55.58,69.57,48.12,2,1,2,7.46,49.16
S101772,38.09,25.92,56.39,42.47,4,2,2,8.37,5.64
S101773,62.75,55.05,100.0,30.46,0,0,4,5.56,57.23
S101774,57.74,71.76,47.96,34.62,2,2,5,6.68,17.72
S101775,50.09,21.88,48.54,51.23,4,1,4,0.0,37.98
S101776,66.72,40.79,85.31,23.38,4,3,2,4.15,70.62
S101777,,28.32,78.86,47.02,3,1,5,5.1,66.64
S101778,29.01,53.66,100.0,34.01,1,1,4,7.07,51.9
S101779,59.26,67.81,87.62,67.9,3,0,5,3.13,23.51
S101780,,78.96,81.98,56.4,6,0,2,2.93,46.82
S101781,47.7,79.77,45.86,48.33,3,1,3,2.6,83.0
S101782,60.99,84.6,56.69,57.78,1,3,4,8.97,53.96
S101783,83.61,88.38,60.5,74.66,2,2,4,1.21,55.66
S101784,75.26,95.64,55.95,27.91,1,1,5,5.94,55.83
S101785,46.74,57.29,63.95,72.09,4,1,3,10.0,74.92
S101786,22.05,34.01,61.79,68.11,3,0,6,7.72,44.78
S101787,67.69,40.66,45.15,30.28,1,0,0,7.73,47.77
S101788,27.44,92.46,39.95,70.66,3,1,7,3.8,69.64
S101789,64.01,45.82,53.51,35.21,1,0,8,6.2,66.89
S101790,43.49,60.3,37.29,48.0,0,0,5,8.86,50.3
S101791,54.89,96.84,41.06,72.35,4,1,5,1.33,31.92
S101792,53.94,76.72,57.59,37.23,3,1,3,4.85,13.1
S101793,50.51,48.77,53.37,40.1,3,1,5,8.79,68.3
S101794,67.92,81.9,41.5,44.51,1,0,4,5.45,76.0
S101795,56.96,49.57,50.27,73.91,3,1,4,9.18,45.47
S101796,70.25,35.75,39.6,100.0,3,1,5,6.4,73.4
S101797,52.51,75.63,64.14,50.44,4,0,1,7.1,2.17
S101798,74.94,32.69,95.83,62.45,3,0,4,4.73,67.44
S101799,62.99,100.0,75.58,82.31,6,0,5,4.99,71.11
S101800,41.82,67.0,32.1,74.79,3,0,4,8.79,37.56
S101801,39.37,70.35,81.03,62.42,3,4,1,2.66,51.37
S101802,43.28,39.45,44.13,66.83,0,1,4,5.37,35.62
S101803,,70.36,56.58,15.56,2,0,1,4.04,35.48
S101804,56.31,65.95,71.75,33.32,3,2,7,5.39,21.31
S101805,62.09,58.6,35.16,55.34,5,1,6,9.27,28.22
S101806,48.53,54.2,47.7,58.7,5,1,8,3.58,77.35
S101807,79.33,72.3,74.29,46.38,2,2,3,9.41,12.22
S101808,77.87,60.22,87.38,63.22,2,0,3,4.78,44.22
S101809,59.26,54.05,80.3,68.26,4,0,4,2.91,28.4
S101810,77.23,51.47,69.2,48.63,2,0,4,3.24,76.47
S101811,59.44,80.48,60.02,67.26,0,0,3,5.6,38.67
S101812,59.32,90.59,73.36,23.81,3,0,5,5.6,62.5
S101813,54.33,76.63,73.13,31.76,2,0,4,4.11,35.54
S101814,26.29,73.81,61.87,46.08,2,0,5,4.29,24.68
S101815,74.18,73.42,100.0,67.65,4,0,3,6.55,20.45
S101816,77.01,51.06,46.12,94.34,2,0,3,5.12,41.68
S101817,57.09,70.91,91.68,23.63,2,1,2,10.0,31.34
S101818,54.82,71.76,59.54,50.78,2,0,4,3.84,35.74
S101819,40.52,31.12,48.86,77.16,3,1,4,10.0,64.95
S101820,72.61,48.09,45.94,50.06,4,1,7,4.81,55.51
S101821,,31.52,62.84,41.06,3,2,8,7.41,17.28
S101822,61.37,62.94,28.33,83.09,4,2,5,10.0,51.68
S101823,63.89,35.64,35.2,63.21,1,1,2,4.57,45.95
S101824,81.05,69.65,65.83,19.7,1,1,3,5.15,70.04
S101825,,36.04,92.1,44.01,2,0,8,7.71,46.02
S101826,32.55,56.19,28.25,43.68,2,1,3,8.72,96.27
S101827,75.81,73.22,23.55,57.57,2,1,6,5.77,72.06
S101828,37.58,43.59,82.33,50.86,2,0,6,6.66,78.09
S101829,54.87,51.62,70.63,73.13,2,1,7,9.75,46.23
S101830,89.57,57.2,59.4,78.05,2,1,3,8.65,89.19
S101831,51.07,42.96,37.19,53.27,1,1,3,5.75,57.23
S101832,42.14,47.17,82.15,71.68,2,1,2,4.67,40.73
S101833,57.17,65.47,58.34,55.91,0,2,2,4.44,69.66
S101834,63.81,38.71,88.08,39.59,2,2,6,4.69,60.07
S101835,44.66,49.71,49.31,40.42,1,0,3,5.97,26.92
S101836,52.31,86.3,52.23,71.57,5,0,4,3.33,27.84
S101837,91.13,51.91,71.02,68.93,1,0,3,5.27,76.14
S101838,66.47,76.29,33.62,88.25,3,2,4,1.49,43.95
S101839,78.2 ,64.48,50.74,63.85,2,1,7,7.03,65.82
S101840,62.23,81.3,51.98,37.76,3,3,6,10.0,47.14
S101841,48.77,92.63,65.98,43.82,2,0,1,4.46,73.76
S101842,5.25,71.8,74.43,51.27,4,0,2,6.67,55.49
S101843,63.14,81.78,63.78,47.43,2,0,6,0.0,49.91
S101844,57.36,76.51,54.72,70.04,1,0,6,2.07,45.5
S101845,93.27,59.08,54.08,71.34,3,0,5,6.94,66.43
S101846,59.63,67.09,57.35,51.0,3,1,4,2.47,73.63
S101847,45.32,42.44,77.02,59.08,1,0,6,6.58,73.25
S101848,40.67,70.19,56.89,42.23,0,1,6,2.1,32.04
S101849,67.91,48.77,55.1,35.56,3,2,2,0.6,62.16
S101850,23.07,79.83,67.64,73.43,2,0,3,6.86,47.97
S101851,67.04,24.97,82.6,45.07,3,2,1,3.94,50.35
S101852,39.45,70.03,42.62,49.51,2,2,3,3.97,57.27
S101853,74.71,73.62,48.23,72.93,2,0,3,6.74,46.43
S101854,91.28,73.3,56.7,87.67,1,2,4,6.39,32.22
S101855,28.74,41.43,51.88,13.4,4,1,5,5.65,52.99
S101856,89.22,67.69,55.65,67.12,7,0,2,4.69,64.41
S101857,38.62,48.45,53.0,69.23,3,0,6,4.97,47.51
S101858,34.23,67.5,62.38,59.13,1,0,2,7.24,51.18
S101859,41.8 ,50.85,61.22,60.82,1,1,2,4.83,61.0
S101860,54.09,21.79,48.3,86.58,1,0,5,4.52,19.82
S101861,46.99,64.08,39.9,55.71,0,0,5,4.77,35.82
S101862,49.27,57.66,59.81,60.27,3,0,7,6.97,27.01
S101863,41.56,41.27,74.01,55.96,3,1,3,6.95,10.72
S101864,93.61,73.76,55.65,50.23,5,1,5,0.0,41.22
S101865,61.34,65.11,36.24,40.66,5,2,3,8.59,55.6
S101866,77.23,48.95,49.74,32.53,4,2,8,8.16,66.05
S101867,30.92,61.63,52.72,68.18,2,1,6,7.38,54.23
S101868,62.92,48.55,59.78,43.97,2,0,5,5.48,75.45
S101869,28.5,60.56,55.05,58.93,2,1,5,7.77,56.7
S101870,65.11,57.73,76.19,36.69,3,1,5,7.11,100.0
S101871,49.47,41.43,50.85,35.73,3,2,5,4.57,40.34
S101872,72.12,46.44,39.29,46.13,3,1,1,4.46,56.55
S101873,100.0 ,63.65,70.93,57.77,2,1,6,6.38,46.11
S101874,48.21,53.95,40.93,53.73,3,0,3,6.66,79.58
S101875,54.73,59.05,39.64,47.28,3,1,5,1.46,44.06
S101876,100.0,54.29,34.71,51.56,3,0,4,6.46,66.91
S101877,86.85,41.78,38.51,46.3,2,1,7,7.89,30.17
S101878,40.93,79.03,40.16,30.21,3,2,5,3.32,41.2
S101879,40.8,64.59,39.2,55.06,5,1,3,3.02,27.76
S101880,36.64,83.92,52.0,57.15,4,1,5,3.38,81.01
S101881,69.5,39.51,48.53,46.51,2,1,5,1.99,58.93
S101882,65.81,36.13,59.07,71.55,2,1,4,3.51,40.6
S101883,74.3,50.03,63.18,65.18,5,0,5,4.18,56.27
S101884,53.98,41.78,50.68,75.21,5,0,2,3.98,75.24
S101885,41.89,84.74,20.28,39.24,1,1,4,6.07,58.97
S101886,57.38,50.93,72.3,45.99,6,0,4,7.68,70.48
S101887,53.07,70.51,53.82,71.95,3,0,2,3.36,50.62
S101888,69.56,76.42,61.36,18.68,1,1,1,3.74,51.04
S101889,63.77,32.29,83.79,25.44,1,1,6,4.16,50.43
S101890,49.37,79.63,52.43,74.08,4,0,2,4.23,42.83
S101891,48.1,41.26,32.8,50.03,1,1,8,6.6,63.63
S101892,52.61,40.3,59.99,100.0,2,0,5,4.17,28.53
S101893,97.13,67.64,27.59,75.79,1,0,5,7.95,52.79
S101894,34.36,63.94,51.85,79.79,3,4,1,0.11,38.95
S101895,59.71,71.04,48.7,66.14,2,0,2,3.39,23.73
S101896,48.64,53.16,55.09,47.58,1,4,3,5.13,66.32
S101897,59.41,73.11,66.78,28.73,6,1,1,4.74,47.07
S101898,50.66,48.36,54.08,80.74,2,0,3,10.0,35.34
S101899,75.15,81.68,86.48,25.24,5,0,4,4.34,88.02
S101900,24.94,95.51,58.53,46.86,3,1,3,7.4,19.86
S101901,60.19,88.66,57.88,40.61,2,0,2,7.4,41.54
S101902,45.03,65.19,69.77,35.64,2,0,3,9.01,74.33
S101903,63.22,61.86,66.75,30.0,0,1,3,3.71,6.97
S101904,21.34,98.31,45.89,69.16,3,0,9,5.54,64.92
S101905,78.38,27.12,90.51,82.67,0,0,5,0.89,40.31
S101906,86.02,97.65,81.73,54.02,1,0,5,5.67,46.01
S101907,45.96,45.2,66.63,15.53,2,2,5,5.21,55.04
S101908,76.25,77.64,70.75,79.78,3,0,6,6.01,66.91
S101909,37.08,66.94,65.32,53.95,3,1,3,5.11,57.81
S101910,58.11,76.56,40.42,68.61,4,1,8,3.88,3.16
S101911,37.85,53.39,47.87,37.5,3,2,4,7.65,15.01
S101912,43.73,69.7,47.01,58.76,2,1,7,7.19,44.86
S101913,85.05,69.63,53.05,37.69,3,1,4,4.12,35.45
S101914,63.06,68.15,58.25,65.63,3,1,4,3.83,58.75
S101915,19.37,85.0,89.86,62.25,1,0,2,7.06,31.26
S101916,73.61,59.32,58.61,43.29,3,1,3,2.56,40.07
S101917,57.25,62.56,34.4,97.14,4,0,4,5.7,70.84
S101918,66.54,97.48,55.71,55.5,4,1,1,7.59,85.05
S101919,68.96,41.08,61.91,37.75,3,0,4,7.69,100.0
S101920,73.09,70.68,48.48,71.87,1,0,2,4.97,55.67
S101921,27.71,39.67,41.57,95.19,3,0,3,5.0,45.86
S101922,,42.09,73.38,43.88,3,0,3,4.68,71.36
S101923,33.75,100.0,58.33,57.35,2,0,3,3.07,25.99
S101924,69.34,70.18,68.27,72.27,4,0,5,4.32,94.44
S101925,,40.5,69.9,49.68,2,2,4,4.24,41.19
S101926,82.0,70.09,35.14,70.49,5,2,5,9.04,42.02
S101927,32.68,49.81,47.55,61.98,3,0,3,4.26,57.52
S101928,40.17,44.12,74.26,61.07,1,1,7,5.84,30.63
S101929,58.19,84.83,71.97,45.21,2,1,2,8.59,21.0
S101930,48.93,92.82,88.01,55.59,4,3,4,10.0,66.86
S101931,26.98,36.32,56.77,49.17,1,1,4,1.12,56.81
S101932,,84.27,65.01,61.43,4,1,4,7.43,66.69
S101933,50.16,55.65,48.15,39.44,1,0,6,9.99,60.56
S101934,33.24,42.37,51.53,50.21,2,0,5,5.33,26.44
S101935,23.12,53.3,28.02,42.31,5,1,2,6.85,69.67
S101936,53.95,81.32,73.16,59.81,2,0,6,8.18,20.32
S101937,69.15,84.3,34.26,73.36,1,0,4,10.0,52.49
S101938,53.55,53.0,30.58,47.49,1,0,1,3.12,22.58
S101939,60.14,37.51,57.91,12.45,4,1,4,6.72,43.6
S101940,20.8,54.11,57.52,48.64,4,0,8,3.66,98.54
S101941,31.15,68.24,62.88,40.99,4,0,3,2.29,56.1
S101942,41.34,42.3,73.73,53.52,5,0,8,7.49,76.59
S101943,48.57,80.7,91.15,45.14,6,2,2,6.85,41.58
S101944,63.53,90.46,80.85,70.07,1,0,3,5.26,38.27
S101945,76.19,29.49,82.41,55.13,5,1,2,5.21,50.81
S101946,56.66,62.09,91.21,79.25,3,1,4,7.15,8.04
S101947,75.88,45.26,90.8,93.46,2,2,5,0.0,15.76
S101948,38.31,76.41,83.7,50.75,2,0,6,8.46,83.23
S101949,57.11,43.63,62.9,48.58,2,1,2,5.31,23.82
S101950,57.32,95.23,54.59,43.24,3,1,7,4.63,67.91
S101951,82.07,36.18,52.85,50.88,4,5,4,8.47,52.56
S101952,31.77,42.85,83.85,38.57,1,0,4,0.96,31.87
S101953,50.04,53.17,50.17,50.55,1,1,3,6.69,63.75
S101954,28.61,78.88,62.3,54.68,1,0,3,3.94,50.05
S101955,53.6,69.32,47.78,67.05,5,0,4,3.74,54.64
S101956,52.02,52.72,100.0,69.68,0,1,6,5.7,92.93
S101957,82.18,35.65,76.45,60.85,2,0,3,8.42,41.84
S101958,66.02,28.32,69.09,39.46,2,1,2,8.45,27.08
S101959,,58.35,81.08,74.08,3,1,2,3.59,48.6
S101960,23.43,50.08,69.15,55.14,4,0,4,7.12,73.58
S101961,93.56,66.77,58.67,73.86,5,1,2,5.83,70.98
S101962,73.18,47.18,50.3,77.59,5,2,3,3.65,48.33
S101963,51.56,60.16,69.09,35.04,2,1,6,5.56,30.65
S101964,54.56,35.34,28.65,66.52,1,3,7,3.72,51.36
S101965,78.88,56.74,47.11,59.75,3,2,4,1.85,11.15
S101966,48.07,48.13,62.78,46.87,3,1,4,5.08,80.4
S101967,33.81,79.04,39.43,51.03,4,0,6,5.05,71.67
S101968,59.38,79.82,76.51,39.07,4,3,8,3.74,62.58
S101969,60.09,56.88,57.03,40.05,6,1,4,5.26,58.46
S101970,74.53,51.34,59.08,53.29,3,1,3,6.84,58.74
S101971,65.63,79.02,48.05,48.13,1,1,3,5.52,20.35
S101972,37.57,38.12,34.94,32.5,5,1,4,1.19,42.72
S101973,67.27,55.32,60.22,53.58,1,1,4,3.74,83.84
S101974,71.87,62.95,44.91,64.79,1,0,3,6.38,18.59
S101975,57.37,55.39,53.45,,3,0,0,1.96,56.33
S101976,45.33,77.47,53.45,48.21,3,1,2,5.71,53.44
S101977,42.66,65.43,65.82,33.49,1,1,2,4.52,50.41
S101978,,76.36,34.29,46.43,4,1,4,4.4,46.72
S101979,72.82,52.94,80.32,63.92,3,0,7,9.06,18.26
S101980,62.24,41.69,76.56,80.18,3,0,6,5.33,56.89
S101981,68.31,86.77,26.28,,2,0,7,5.45,27.84
S101982,60.86,43.41,30.86,35.21,2,0,6,6.26,39.67
S101983,60.45,80.6,52.64,56.08,1,3,3,2.42,34.22
S101984,58.0,55.53,66.29,65.78,3,2,2,7.26,56.62
S101985,62.85,47.79,63.1,76.55,1,0,1,4.84,21.25
S101986,52.34,50.81,67.21,22.0,3,2,4,9.61,44.45
S101987,40.36,40.56,56.6,40.34,2,2,4,3.12,33.41
S101988,32.93,56.79,56.95,63.95,2,1,1,5.36,33.4
S101989,59.89,57.53,73.31,88.62,2,0,0,4.94,34.8
S101990,62.8 ,90.75,52.37,39.1,4,0,2,4.39,19.93
S101991,58.4,28.63,28.91,60.92,3,4,7,5.9,37.4
S101992,29.59,72.44,63.5,53.67,2,0,1,0.64,74.73
S101993,58.25,53.43,35.76,55.3,3,0,4,3.68,53.09
S101994,57.39,60.64,42.97,71.28,2,0,3,8.24,18.55
S101995,74.18,61.86,59.04,48.88,1,1,4,5.2,41.12
S101996,25.78,72.13,59.15,60.25,0,2,3,10.0,40.11
S101997,62.21,42.92,53.39,77.79,2,2,3,4.09,27.15
S101998,62.5,52.42,77.25,43.45,1,2,1,6.54,31.03
S101999,49.15,86.75,34.26,56.83,3,1,3,7.91,52.69
S102000,53.5,55.04,57.43,62.13,4,1,8,4.41,49.67
S102001,79.52,66.92,62.22,62.69,1,1,5,7.29,64.02
S102002,53.64,51.37,68.87,60.88,2,0,1,6.44,39.14
S102003,38.49,54.74,75.25,46.63,4,0,5,1.86,66.46
S102004,53.93,64.12,67.71,60.21,4,4,2,5.4,51.1
S102005,82.56,83.28,55.5,69.31,0,2,2,6.1,33.33
S102006,57.5,76.68,50.19,40.64,2,0,3,4.54,33.1
S102007,35.0,86.42,32.15,40.24,2,0,2,6.65,38.58
S102008,50.47,59.25,96.49,79.91,1,4,6,5.47,23.93
S102009,75.21,42.06,40.48,41.79,4,1,3,5.71,73.82
S102010,60.87,60.23,71.25,68.3,6,0,2,4.52,46.26
S102011,77.1,53.86,43.44,32.02,2,2,3,8.12,42.28
S102012,70.67,69.87,41.91,24.56,1,1,4,2.25,51.27
S102013,67.97,66.72,67.5,39.26,2,2,4,4.18,54.78
S102014,57.76,69.23,32.93,,6,0,7,5.12,90.43
S102015,73.21,90.94,81.17,75.34,3,1,4,5.99,58.28
S102016,45.15,43.92,58.08,44.78,4,0,5,6.54,39.37
S102017,46.57,98.41,84.61,65.35,0,0,3,5.1,68.94
S102018,46.07,54.52,47.53,55.87,0,2,2,9.72,33.05
S102019,58.6,46.06,49.27,55.8,0,1,3,3.88,23.7
S102020,60.8,79.75,65.61,52.4,4,0,4,4.08,44.14
S102021,24.17,61.09,60.37,88.13,3,2,4,4.22,40.41
S102022,43.45,49.3,76.53,47.06,0,0,5,2.02,55.89
S102023,33.48,72.31,47.57,60.35,3,0,3,5.85,70.98
S102024,29.16,78.2,73.52,44.49,5,0,8,3.54,57.98
S102025,42.94,67.44,84.07,18.25,0,0,7,7.62,68.29
S102026,93.99,88.87,48.11,37.96,1,1,4,8.75,52.56
S102027,36.9,37.23,70.43,26.99,3,0,5,6.44,69.76
S102028,8.46,33.52,50.35,56.09,4,0,7,9.74,50.81
S102029,58.24,58.98,32.24,62.83,3,0,6,5.66,41.79
S102030,86.63,33.3,68.69,64.78,1,0,5,5.07,63.88
S102031,79.5,60.23,83.33,52.97,4,1,1,8.15,17.82
S102032,41.43,71.93,70.17,34.62,4,2,4,9.06,21.56
S102033,46.86,77.0,53.31,50.02,2,1,4,4.28,67.93
S102034,67.77,51.59,37.51,100.0,2,2,7,4.36,27.19
S102035,33.02,61.03,76.02,35.64,5,1,2,5.23,39.1
S102036,61.64,75.52,41.38,58.99,1,1,6,7.98,52.86
S102037,85.84,39.95,45.34,61.63,1,0,5,7.25,48.42
S102038,81.36,98.49,66.79,19.74,0,1,2,0.71,26.47
S102039,52.83,56.39,33.71,27.8,3,0,2,2.79,12.77
S102040,69.82,52.06,44.61,65.99,3,0,4,5.12,36.34
S102041,40.94,31.54,45.81,62.39,2,2,2,7.63,39.0
S102042,40.18,77.0,62.36,40.72,1,0,2,6.09,53.77
S102043,79.77,40.6,77.91,58.15,2,2,3,5.73,73.71
S102044,56.17,53.95,69.05,43.92,1,0,3,6.2,54.79
S102045,74.92,63.2,73.37,65.53,2,0,2,8.95,66.0
S102046,48.87,60.74,58.52,47.25,1,0,2,7.65,55.95
S102047,76.27,32.83,75.09,84.85,4,0,5,2.4,26.77
S102048,67.05,67.09,46.34,27.38,0,0,3,8.12,33.61
S102049,67.73,71.59,56.14,76.33,2,1,4,9.84,74.9
S102050,66.26,69.82,84.24,41.66,1,2,3,6.19,62.57
S102051,90.0,51.23,63.81,63.16,2,2,5,4.54,33.38
S102052,37.11,56.58,83.46,63.25,3,2,6,6.21,14.79
S102053,69.72,40.46,46.11,55.98,3,0,4,4.73,25.82
S102054,51.17,67.05,63.43,61.42,3,3,3,3.16,98.48
S102055,59.41,52.61,63.55,59.32,3,1,5,1.91,43.05
S102056,37.4 ,62.96,75.84,68.03,1,0,1,10.0,24.85
S102057,57.68,69.28,59.58,23.01,2,1,5,6.24,31.4
S102058,60.1,51.14,58.28,,2,2,5,4.94,24.41
S102059,75.15,53.46,51.77,69.65,1,1,4,7.96,52.58
S102060,48.28,61.83,57.57,54.56,5,1,2,1.62,44.4
S102061,65.15,48.87,36.9,90.7,0,1,0,8.45,37.25
S102062,25.29,64.34,60.05,39.7,3,1,1,6.2,84.16
S102063,49.21,64.99,55.04,60.12,5,0,1,1.79,51.02
S102064,,83.75,69.04,53.7,1,1,2,5.74,30.31
S102065,70.03,50.83,34.86,55.27,2,1,4,4.01,12.4
S102066,5.46,82.05,53.31,72.02,2,1,6,6.78,26.66
S102067,64.04,79.26,78.59,54.04,1,4,3,5.81,69.05
S102068,80.5,61.22,32.62,45.21,2,0,3,3.94,75.56
S102069,72.38,51.86,57.72,47.78,3,1,0,9.35,71.47
S102070,33.85,84.58,82.04,16.68,1,0,3,0.0,9.67
S102071,41.59,91.21,94.5,77.37,5,0,6,7.44,39.04
S102072,73.46,77.79,84.09,47.85,1,0,5,5.52,45.63
S102073,25.78,40.68,60.75,72.55,1,1,3,9.03,78.93
S102074,74.81,65.3,72.07,17.55,1,0,1,2.76,23.77
S102075,59.36,44.12,68.89,73.08,1,0,2,8.87,13.15
S102076,77.19,74.87,72.08,21.61,6,2,2,6.86,58.63
S102077,55.78,54.59,31.05,58.11,3,1,4,1.25,33.33
S102078,82.91,68.78,68.49,33.72,1,0,10,6.33,56.18
S102079,43.59,58.76,35.38,57.97,3,0,4,4.81,32.1
S102080,52.66,48.33,64.94,75.45,0,0,4,7.75,44.27
S102081,66.44,88.58,59.49,49.18,1,0,6,2.96,82.12
S102082,51.0 ,39.23,82.36,28.84,1,0,5,7.22,79.83
S102083,57.46,31.95,73.18,54.13,2,0,4,8.28,25.94
S102084,37.65,65.71,39.89,56.06,3,0,1,2.14,15.4
S102085,61.21,62.47,32.61,63.44,2,1,6,7.13,15.84
S102086,42.04,38.91,50.7,63.86,1,1,5,7.52,80.58
S102087,53.75,79.87,21.84,55.37,1,0,4,7.48,77.95
S102088,22.17,67.82,58.93,72.4,0,2,3,5.84,59.62
S102089,27.91,70.33,79.16,57.91,2,0,3,7.97,63.51
S102090,48.88,54.51,37.48,30.34,5,3,3,1.85,73.6
S102091,25.1,75.78,81.43,41.31,2,0,4,3.97,21.09
S102092,55.45,79.44,57.82,51.24,2,0,5,6.59,16.36
S102093,51.05,68.92,60.62,82.35,2,0,6,4.13,62.68
S102094,77.18,64.58,46.08,30.82,2,1,2,7.81,79.55
S102095,34.06,72.63,39.09,60.67,2,1,4,0.49,49.97
S102096,64.76,46.7,62.28,39.78,6,1,4,5.81,62.68
S102097,30.92,49.91,97.34,53.44,4,3,4,4.3,13.98
S102098,100.0,72.56,65.68,58.65,4,0,7,6.6,31.23
S102099,48.61,43.85,58.33,56.16,4,0,8,8.44,81.39
S102100,70.42,61.97,81.81,74.93,2,2,7,0.43,53.41
S102101,,0.45,95.21,85.19,3,0,3,7.03,43.22
S102102,62.98,54.59,66.04,84.5,4,2,5,6.81,41.87
S102103,40.07,42.32,56.36,92.33,1,1,1,5.68,59.63
S102104,55.97,63.21,80.9,73.22,3,0,6,0.12,60.88
S102105,27.39,44.74,58.63,59.08,3,1,5,6.19,0.0
S102106,53.7,60.3,51.3,30.13,2,1,2,7.84,26.16
S102107,51.53,59.01,68.49,37.75,4,1,6,3.19,0.0
S102108,38.81,70.13,64.74,65.14,3,0,10,6.59,48.03
S102109,67.12,77.86,39.93,56.46,3,1,9,8.11,58.51
S102110,70.96,69.23,69.46,61.73,2,0,3,7.8,61.64
S102111,84.19,44.16,36.58,58.25,1,2,10,5.75,80.47
S102112,60.61,51.07,73.54,84.29,3,0,4,9.52,47.02
S102113,38.31,100.0,44.36,55.92,3,0,3,5.12,95.94
S102114,88.95,46.18,60.13,30.6,2,1,3,5.91,59.91
S102115,60.94,55.88,46.29,59.41,1,0,2,5.24,27.57
S102116,80.37,55.25,40.12,16.5,6,1,7,5.21,56.04
S102117,66.31,49.16,47.07,38.12,5,0,0,1.48,41.66
S102118,65.9,72.4,55.04,82.96,0,0,2,10.0,46.03
S102119,55.14,39.58,41.32,57.62,3,1,2,6.24,74.19
S102120,98.18,55.28,56.89,36.09,1,0,4,4.76,63.11
S102121,66.12,68.76,44.57,63.27,4,0,1,8.74,31.75
S102122,43.46,58.27,64.96,95.17,3,0,6,6.97,33.39
S102123,55.79,32.13,41.12,60.83,4,1,9,4.53,38.46
S102124,56.24,49.09,65.91,46.42,2,0,9,4.84,52.59
S102125,41.39,41.52,81.26,23.41,2,1,5,6.95,63.72
S102126,,62.34,56.63,77.93,4,1,4,7.18,20.67
S102127,56.07,64.2,48.07,49.93,2,0,2,3.9,43.6
S102128,53.2 ,53.76,50.74,21.87,3,0,7,3.85,58.43
S102129,68.96,31.74,61.57,63.7,0,0,4,3.1,60.38
S102130,49.88,43.71,85.31,26.24,3,0,1,5.98,16.82
S102131,34.92,58.64,73.37,29.72,1,2,4,2.19,63.33
S102132,78.21,44.94,38.35,66.23,2,0,7,8.13,30.3
S102133,43.32,38.77,52.88,61.9,2,4,4,1.42,48.54
S102134,56.15,50.81,91.61,22.51,1,2,2,0.0,34.71
S102135,,78.35,65.23,49.22,1,0,9,4.76,58.06
S102136,33.74,51.44,52.5,68.19,4,1,1,10.0,67.21
S102137,69.33,60.78,76.0,50.66,3,0,3,8.3,33.59
S102138,24.5,47.03,51.27,89.11,1,0,2,4.61,63.5
S102139,56.79,58.17,57.74,73.24,2,1,5,8.47,64.03
S102140,90.6,41.55,27.95,37.22,4,2,4,10.0,47.82
S102141,52.61,63.75,46.81,41.14,1,3,1,4.57,42.26
S102142,62.0,65.32,68.11,77.99,2,1,5,2.1,58.74
S102143,90.47,64.37,49.9,86.01,3,0,6,8.55,52.87
S102144,60.05,74.38,43.99,56.06,1,1,4,9.27,28.51
S102145,71.84,76.24,59.29,61.39,2,0,3,2.46,46.17
S102146,29.05,56.13,71.34,36.85,1,2,5,8.58,15.6
S102147,46.34,62.3,53.15,52.84,4,1,1,3.97,34.16
S102148,52.68,27.51,73.0,57.69,4,2,2,2.53,28.74
S102149,77.11,58.9,57.09,,3,0,3,7.73,67.01
S102150,44.43,57.54,55.02,75.63,1,0,7,4.08,27.49
S102151,26.47,80.02,70.31,,1,1,3,6.16,54.91
S102152,49.82,43.98,47.03,15.2,2,1,3,5.15,75.04
S102153,89.23,38.38,65.37,50.55,1,0,8,5.82,0.0
S102154,49.21,53.8,65.72,69.61,5,1,4,6.62,27.26
S102155,83.78,56.43,31.32,72.06,3,1,5,4.84,44.38
S102156,31.83,47.38,66.24,35.0,0,0,6,5.8,53.98
S102157,36.38,72.92,82.89,,3,0,5,2.81,61.67
S102158,86.15,64.06,23.06,59.05,3,0,5,0.15,60.96
S102159,19.31,13.05,40.76,54.23,2,0,3,3.78,24.85
S102160,62.5,83.0,38.55,20.37,2,0,3,3.12,28.07
S102161,32.86,61.78,60.99,53.83,1,1,3,5.52,94.54
S102162,59.24,44.19,69.67,87.33,1,2,8,10.0,50.37
S102163,34.37,40.89,67.37,21.29,4,1,4,2.49,56.86
S102164,51.42,80.05,43.91,73.24,2,0,7,4.86,59.41
S102165,53.31,34.15,46.46,45.3,3,0,8,3.57,73.23
S102166,56.36,74.88,70.21,67.32,2,1,4,6.7,41.78
S102167,83.49,75.41,42.25,58.44,2,1,4,3.57,75.43
S102168,30.21,70.25,46.55,69.96,3,0,6,3.59,70.96
S102169,36.78,87.39,59.54,16.01,2,0,6,4.82,56.06
S102170,65.01,80.02,97.7,73.25,2,0,4,5.11,39.72
S102171,49.97,26.81,59.48,66.2,3,0,2,9.89,65.93
S102172,51.87,41.58,44.5,78.62,2,2,7,6.08,52.62
S102173,73.03,27.65,41.19,62.41,0,2,6,1.31,37.8
S102174,65.18,75.64,45.21,48.44,1,0,6,2.49,61.77
S102175,44.66,56.3,66.11,83.61,5,0,1,8.05,43.32
S102176,31.52,59.8,64.21,41.78,2,3,3,1.55,37.61
S102177,65.84,44.29,47.28,38.13,5,0,7,2.56,64.55
S102178,43.2,49.08,47.43,38.38,3,1,4,4.5,53.57
S102179,78.64,46.21,82.12,60.52,7,1,6,8.81,84.14
S102180,69.62,77.12,73.33,39.61,3,1,1,6.19,48.71
S102181,39.89,60.28,61.2,43.61,3,1,1,10.0,62.06
S102182,100.0,62.98,63.68,69.76,2,1,8,1.08,44.34
S102183,75.58,56.09,50.7,32.04,2,2,3,2.39,41.37
S102184,52.22,59.48,56.71,35.41,3,0,2,4.25,20.33
S102185,,47.49,57.79,87.44,3,1,4,6.75,28.26
S102186,58.32,45.7,40.84,58.07,4,2,2,6.52,58.97
S102187,23.2,68.53,76.44,36.18,2,0,7,2.12,73.46
S102188,68.81,48.28,49.36,59.81,4,1,6,8.22,31.77
S102189,78.02,63.39,48.63,50.22,2,1,6,10.0,66.33
S102190,35.9,66.63,71.3,35.91,3,1,4,0.97,22.38
S102191,67.43,67.8,73.0,36.88,7,1,6,2.97,31.48
S102192,64.14,35.37,74.47,80.68,2,0,3,6.87,40.13
S102193,42.36,75.95,64.92,64.57,3,0,7,6.08,43.64
S102194,38.05,47.16,77.83,62.1,2,0,3,3.04,27.74
S102195,85.74,53.66,70.06,42.26,2,0,5,2.89,48.41
S102196,40.43,51.9,49.27,62.5,3,0,1,2.89,67.67
S102197,28.08,54.34,81.92,54.6,6,0,6,1.71,65.68
S102198,53.32,74.03,54.35,27.99,2,1,2,5.81,23.15
S102199,54.74,55.9,48.51,34.64,4,1,1,9.01,44.07
S102200,57.35,72.93,56.01,58.3,7,1,1,7.72,80.34
S102201,21.76,53.82,39.74,72.91,7,1,4,2.51,48.37
S102202,30.4,56.31,51.38,51.43,3,3,3,4.8,39.56
S102203,24.11,89.06,99.4,34.71,0,0,6,4.88,34.23
S102204,74.2 ,72.45,62.42,48.96,1,1,3,3.42,59.38
S102205,60.7,77.79,50.65,72.53,2,0,3,9.71,57.57
S102206,59.31,80.15,49.76,68.71,1,3,0,5.36,14.19
S102207,61.73,41.55,81.86,56.13,3,2,4,1.59,53.76
S102208,22.32,60.5,41.49,72.51,0,1,1,4.23,58.21
S102209,35.34,46.9,57.91,64.41,3,1,4,8.72,37.29
S102210,54.12,77.4,78.82,35.41,6,0,2,5.47,59.39
S102211,54.82,74.91,30.45,46.02,3,1,3,6.13,13.52
S102212,56.49,32.01,59.9,34.48,3,1,5,2.8,14.69
S102213,48.78,82.19,61.07,59.66,4,2,8,4.85,37.45
S102214,67.59,89.78,50.26,46.55,2,1,4,5.86,47.43
S102215,45.82,47.56,63.99,77.77,4,1,4,3.67,22.84
S102216,14.68,53.68,41.57,57.5,3,3,4,4.89,36.86
S102217,36.92,41.25,35.87,57.18,2,1,3,6.11,90.33
S102218,75.57,44.58,63.04,47.53,1,1,5,1.39,44.88
S102219,72.17,21.39,30.02,72.23,2,0,5,3.31,29.0
S102220,63.14,57.78,55.12,32.14,1,1,8,5.09,67.45
S102221,60.52,65.85,51.77,88.19,0,1,5,5.35,38.99
S102222,32.81,51.5,47.94,51.72,4,0,4,5.96,65.13
S102223,21.15,79.08,71.28,39.05,4,0,3,4.53,59.16
S102224,45.14,86.69,47.55,74.05,4,1,6,5.39,50.91
S102225,88.31,43.86,67.1,40.85,0,0,8,6.28,62.52
S102226,62.03,56.9,43.22,44.64,2,0,4,4.48,51.45
S102227,59.52,48.89,12.87,67.28,2,0,6,6.89,43.56
S102228,46.93,64.52,66.6,59.03,5,1,2,6.05,72.75
S102229,34.52,56.59,70.66,90.03,1,1,5,7.88,68.59
S102230,63.22,76.69,45.01,57.1,2,1,6,8.4,41.37
S102231,26.6,65.43,60.63,,3,0,4,5.27,14.94
S102232,62.26,58.17,77.05,43.92,3,1,0,4.59,69.87
S102233,36.27,63.73,21.73,43.69,5,0,4,0.0,28.78
S102234,75.26,60.53,55.53,24.91,0,0,5,5.19,14.88
S102235,82.37,58.48,73.84,77.73,2,0,1,9.39,22.79
S102236,56.71,71.68,37.85,62.49,3,0,5,4.25,50.08
S102237,36.36,31.15,57.98,16.89,4,1,5,5.55,73.0
S102238,62.12,86.37,67.8,,3,0,3,6.1,55.86
S102239,29.48,48.91,96.64,85.93,1,0,7,3.34,15.65
S102240,20.6,70.03,56.58,55.45,2,3,2,2.87,35.82
S102241,43.26,62.4,48.94,84.62,3,1,7,6.06,39.2
S102242,31.63,34.24,37.65,46.04,4,0,8,4.59,30.63
S102243,87.58,44.07,57.91,66.03,5,0,0,4.97,32.15
S102244,43.7,89.9,71.0,64.7,2,0,3,3.13,77.0
S102245,,43.0,39.87,60.98,6,0,1,6.71,76.17
S102246,78.39,77.09,100.0,,4,0,4,2.93,37.03
S102247,56.89,81.52,65.34,62.54,0,1,2,6.23,18.33
S102248,87.84,36.22,46.16,33.76,5,0,2,5.74,49.19
S102249,87.86,43.21,7.16,44.96,4,1,4,5.47,41.56
S102250,60.25,74.47,57.97,82.83,4,1,5,9.44,67.03
S102251,67.18,43.56,41.3,77.79,3,2,8,2.48,60.86
S102252,75.64,96.4,72.85,96.04,2,1,3,10.0,14.64
S102253,50.52,42.34,61.65,37.63,4,0,6,8.88,53.67
S102254,51.89,77.26,59.46,68.93,4,0,7,7.57,74.53
S102255,67.95,50.58,67.43,33.86,6,2,5,5.24,50.87
S102256,37.7,52.65,54.61,31.07,3,1,3,5.15,54.2
S102257,82.73,78.59,45.04,75.61,2,0,5,7.63,40.96
S102258,,56.99,61.35,56.53,7,1,3,7.03,67.35
S102259,43.94,41.4,63.98,43.95,3,0,5,5.96,79.47
S102260,54.3,58.86,48.73,63.54,2,0,5,6.28,27.44
S102261,73.76,58.21,73.64,42.1,3,1,2,4.8,27.28
S102262,26.12,54.35,77.21,98.94,3,0,5,5.33,47.42
S102263,72.23,88.41,56.03,57.1,3,1,3,3.87,74.83
S102264,45.18,37.0,71.77,57.88,5,1,3,2.56,22.79
S102265,58.75,40.02,83.82,94.38,4,2,2,4.5,55.59
S102266,62.81,40.51,93.1,96.75,4,0,4,7.45,51.76
S102267,50.43,58.69,46.74,54.14,1,1,2,4.71,66.67
S102268,93.26,42.07,43.72,35.05,1,0,5,7.23,23.38
S102269,50.8,46.91,49.52,62.91,0,1,3,3.39,61.85
S102270,38.25,59.67,55.94,47.32,1,2,6,6.85,78.67
S102271,71.23,62.38,60.86,22.02,1,1,5,6.18,41.23
S102272,71.63,92.75,74.54,47.43,2,0,5,6.93,17.38
S102273,88.06,49.8,78.54,73.13,2,0,2,6.11,89.78
S102274,46.66,1.52,49.48,54.42,2,0,5,4.68,52.36
S102275,64.15,77.47,94.64,42.56,0,0,3,7.85,46.66
S102276,57.88,64.68,41.13,80.74,2,1,4,5.84,42.16
S102277,53.28,40.16,74.6,45.11,4,1,2,3.98,48.09
S102278,58.46,44.03,45.92,45.26,2,1,4,5.26,33.63
S102279,53.74,45.91,89.53,70.28,2,0,5,5.26,62.26
S102280,46.4 ,41.32,66.32,30.81,1,0,0,4.54,24.6
S102281,54.39,47.76,68.06,48.01,3,1,4,1.81,60.78
S102282,56.4,48.33,68.94,46.97,4,4,2,6.45,44.04
S102283,80.24,51.7,70.71,68.25,2,1,1,9.09,54.55
S102284,68.21,58.66,35.54,40.1,3,1,6,7.15,64.78
S102285,49.32,88.41,61.39,31.12,1,0,4,1.95,71.57
S102286,48.37,57.79,98.65,77.68,3,2,2,8.02,47.42
S102287,81.14,70.04,49.41,75.54,5,0,2,4.75,61.38
S102288,36.78,52.05,39.06,63.23,3,0,2,5.63,56.36
S102289,65.26,89.64,70.19,49.14,1,2,4,9.21,42.46
S102290,24.58,36.56,66.55,54.83,3,3,7,6.89,74.74
S102291,66.82,69.26,68.06,75.72,2,0,6,6.29,46.77
S102292,17.44,62.67,68.59,70.54,6,0,5,2.61,81.37
S102293,38.92,61.25,44.97,16.26,2,2,8,8.75,23.2
S102294,77.93,64.08,67.36,56.36,0,0,4,8.99,65.94
S102295,57.04,49.95,46.85,22.34,6,1,3,3.87,61.56
S102296,73.64,80.37,66.05,48.36,2,1,5,3.72,58.49
S102297,53.36,61.32,35.98,86.69,2,1,4,6.56,81.4
S102298,18.15,72.8,28.21,64.06,0,1,5,8.15,31.13
S102299,49.2 ,69.94,48.19,76.28,2,0,2,4.36,100.0
S102300,53.97,59.0,71.52,50.86,4,0,9,6.47,62.63
S102301,51.32,56.44,77.05,76.98,2,2,3,0.0,76.48
S102302,57.48,58.34,64.73,62.05,1,0,3,5.91,37.09
S102303,45.52,48.05,82.4,42.13,1,1,4,5.84,47.41
S102304,57.73,43.23,26.56,45.3,7,3,4,5.76,53.77
S102305,85.24,72.3,65.72,64.75,3,1,3,4.81,27.5
S102306,86.7,81.43,39.26,56.91,3,1,3,3.54,43.17
S102307,,64.64,51.36,38.43,3,1,4,4.02,54.27
S102308,61.25,34.7,47.24,48.02,5,2,6,5.1,34.98
S102309,63.28,72.72,69.78,48.01,3,0,5,9.03,40.65
S102310,100.0,67.49,45.31,9.26,2,1,5,8.3,51.44
S102311,68.35,49.73,59.29,84.8,2,2,5,9.6,58.8
S102312,52.32,78.25,47.08,70.72,1,1,3,10.0,59.91
S102313,80.6 ,66.1,59.26,32.58,2,0,3,6.88,16.93
S102314,21.92,75.15,49.48,36.15,6,1,3,9.26,83.08
S102315,36.42,82.65,73.88,69.79,4,0,3,8.48,100.0
S102316,66.6,22.87,57.24,28.56,1,3,6,7.47,24.13
S102317,60.46,68.64,44.27,47.03,1,3,5,8.23,42.15
S102318,65.36,76.27,50.69,48.17,3,3,2,5.61,53.71
S102319,68.8,39.82,80.02,23.83,2,0,3,4.54,27.07
S102320,53.98,50.42,59.63,,3,1,2,7.48,32.37
S102321,84.04,35.14,46.7,24.95,3,2,4,3.52,79.74
S102322,40.8,54.94,60.39,37.61,1,1,9,2.35,79.19
S102323,60.48,30.07,39.68,26.4,4,0,1,9.73,37.36
S102324,66.64,61.66,82.88,83.71,0,0,1,9.22,11.48
S102325,60.41,48.36,69.2,89.54,5,1,4,5.7,57.47
S102326,15.9,79.52,67.72,59.04,2,2,2,8.83,73.81
S102327,67.89,40.09,63.56,61.44,4,2,3,3.58,27.63
S102328,31.26,46.05,76.45,72.55,1,2,6,3.59,54.72
S102329,63.62,57.2,59.94,79.87,2,0,0,3.07,76.2
S102330,52.06,65.14,86.8,50.43,5,1,8,8.8,58.64
S102331,68.42,68.57,27.43,48.6,1,2,8,2.92,45.86
S102332,46.1,36.69,76.54,53.4,3,2,5,2.47,63.71
S102333,54.29,93.58,67.97,35.8,3,0,8,8.62,40.04
S102334,56.35,69.0,61.92,44.5,2,0,1,8.36,59.12
S102335,67.72,57.18,34.2,73.47,3,0,2,5.74,52.71
S102336,48.35,92.77,58.51,24.67,3,0,3,5.26,58.02
S102337,54.25,80.43,87.86,34.51,2,0,1,10.0,51.04
S102338,40.84,66.5,81.03,22.48,4,1,4,2.93,74.5
S102339,29.38,66.73,69.65,89.75,4,1,4,3.55,33.1
S102340,58.19,29.21,78.69,49.15,4,2,3,3.58,51.63
S102341,64.6,59.49,59.0,56.9,1,0,1,8.0,13.06
S102342,35.84,54.61,57.65,27.15,2,0,4,3.66,53.56
S102343,62.64,80.24,35.16,76.7,2,1,5,1.62,15.56
S102344,,51.11,39.03,,4,3,8,4.27,60.85
S102345,,60.66,91.28,68.95,5,1,3,5.86,39.58
S102346,87.49,67.74,64.33,64.1,2,0,5,5.33,79.36
S102347,44.4,80.41,62.98,62.39,1,1,8,10.0,41.88
S102348,52.91,54.36,48.58,63.17,6,0,2,3.52,25.92
S102349,76.2,75.04,69.1,46.52,3,0,4,8.26,34.04
S102350,45.95,36.87,48.86,68.02,3,1,7,6.0,81.21
S102351,20.22,77.94,70.96,25.93,0,2,1,3.13,18.32
S102352,81.01,62.41,68.23,59.03,3,0,6,5.51,74.99
S102353,49.16,44.81,61.63,57.52,3,1,3,6.04,56.81
S102354,83.46,43.91,61.01,68.28,0,2,4,4.3,86.85
S102355,70.09,49.42,64.49,63.4,2,0,1,5.66,26.23
S102356,16.99,54.49,47.56,58.37,4,0,3,3.94,36.57
S102357,,65.37,75.02,48.97,2,1,9,7.74,88.53
S102358,88.49,62.1,57.96,64.59,0,1,4,9.14,46.73
S102359,56.96,44.65,62.49,51.76,2,2,9,4.5,5.71
S102360,55.92,42.34,97.37,47.1,1,0,3,0.65,34.26
S102361,58.1,64.93,52.16,54.86,1,1,5,4.29,50.21
S102362,68.06,48.6,53.58,49.51,4,1,1,6.17,23.52
S102363,66.9,98.73,44.84,73.35,2,2,3,9.78,32.36
S102364,50.33,72.93,72.59,50.31,3,2,4,9.41,45.82
S102365,62.33,72.78,62.29,54.58,6,0,4,4.6,73.98
S102366,58.2,49.15,86.02,67.24,3,0,6,3.17,63.72
S102367,55.88,51.45,70.77,62.59,2,1,4,8.46,57.68
S102368,68.98,86.73,59.25,29.36,4,1,3,1.12,19.32
S102369,58.01,55.89,78.76,51.2,1,1,5,5.4,43.86
S102370,72.22,73.16,38.72,53.39,3,1,2,2.99,35.23
S102371,67.64,52.91,57.68,47.59,3,0,3,7.9,41.92
S102372,21.87,51.41,77.33,53.34,1,0,2,9.44,58.46
S102373,58.46,80.92,60.53,41.27,0,1,4,3.78,59.79
S102374,90.72,86.34,58.37,88.15,2,0,2,8.77,34.39
S102375,50.08,75.66,59.66,57.91,5,0,0,3.19,57.56
S102376,36.5 ,23.22,65.22,61.22,1,0,3,6.52,100.0
S102377,58.04,69.67,41.8,73.24,2,0,4,3.73,49.48
S102378,61.29,34.32,52.28,42.63,2,2,5,3.56,54.99
S102379,65.02,67.19,50.27,58.64,3,2,3,5.2,50.16
S102380,68.49,55.58,57.09,58.5,4,0,4,2.69,37.96
S102381,21.13,40.22,45.44,41.24,4,0,2,6.73,57.36
S102382,59.03,55.47,57.75,64.68,0,1,2,4.15,66.88
S102383,40.21,90.03,43.27,32.25,3,1,4,6.31,61.14
S102384,38.23,65.16,54.35,51.2,2,0,5,8.83,79.75
S102385,60.19,77.03,31.59,54.91,1,2,5,5.93,31.29
S102386,49.09,73.76,37.76,49.57,2,1,1,8.11,54.82
S102387,52.26,71.43,45.63,71.17,3,1,6,6.08,59.19
S102388,53.49,22.05,75.2,61.99,4,4,2,7.84,45.52
S102389,18.77,64.01,64.57,67.77,3,1,3,3.27,69.99
S102390,43.35,31.63,47.06,38.95,2,0,6,6.03,87.15
S102391,56.87,75.91,44.2,47.7,2,2,4,6.56,71.71
S102392,66.78,70.14,69.63,66.77,1,1,3,3.48,20.6
S102393,71.08,58.04,46.33,33.14,2,1,9,8.51,58.05
S102394,45.13,64.03,73.05,25.56,2,1,4,5.15,72.24
S102395,87.19,56.71,48.68,47.5,4,1,4,2.81,29.59
S102396,84.71,60.09,74.16,74.95,2,0,6,1.53,85.01
S102397,55.31,64.7,79.07,14.15,6,1,2,6.52,18.23
S102398,35.37,59.99,55.58,100.0,5,1,6,5.38,24.91
S102399,61.04,82.37,61.13,59.27,3,1,4,5.16,64.99
S102400,51.94,27.19,88.2,58.4,3,1,2,8.49,65.87
S102401,57.83,56.64,28.67,100.0,3,2,9,2.65,92.47
S102402,53.56,81.46,75.06,45.1,2,0,2,6.48,45.72
S102403,77.9,65.56,54.51,58.2,1,0,3,5.27,53.36
S102404,30.11,82.23,64.11,61.46,2,5,4,6.74,50.78
S102405,58.55,60.64,60.45,73.51,1,2,6,5.88,60.35
S102406,79.27,62.45,57.53,37.59,3,2,4,4.71,29.23
S102407,58.9,58.61,87.9,43.23,1,1,6,7.11,14.8
S102408,31.31,41.97,59.68,58.88,7,1,1,7.62,54.97
S102409,68.7,82.37,45.95,57.5,1,1,5,3.1,65.01
S102410,68.87,29.67,37.61,62.69,2,0,4,3.3,53.19
S102411,25.58,49.99,26.6,40.28,2,0,4,6.73,61.23
S102412,62.93,46.04,66.0,68.61,4,1,6,2.27,82.93
S102413,57.76,84.61,65.94,,5,1,4,2.53,68.66
S102414,76.1,59.11,76.3,93.16,1,2,4,4.4,54.14
S102415,31.46,79.48,24.68,98.87,2,1,5,3.42,40.74
S102416,55.34,66.42,59.73,56.86,3,2,3,1.78,49.03
S102417,81.33,83.57,83.79,56.61,3,0,3,5.75,49.0
S102418,21.12,85.38,39.49,59.31,3,0,4,4.36,83.52
S102419,48.52,93.59,67.97,47.78,2,0,2,8.71,46.37
S102420,59.35,54.32,43.95,86.08,0,0,4,4.13,31.55
S102421,100.0,37.49,72.52,35.52,3,1,0,4.97,72.53
S102422,51.99,73.52,43.17,77.79,0,0,5,0.12,78.34
S102423,55.1,38.8,51.84,62.72,0,2,2,5.79,69.44
S102424,52.33,61.13,64.36,34.51,4,0,1,1.63,97.85
S102425,92.5,62.42,54.4,75.61,1,2,5,9.4,48.43
S102426,51.76,46.71,79.4,48.27,2,2,4,8.97,94.58
S102427,72.43,62.41,65.32,44.26,0,2,3,7.4,81.66
S102428,73.58,65.42,51.71,71.02,2,1,3,6.01,43.55
S102429,70.45,60.07,58.5,61.85,1,0,9,5.98,61.01
S102430,39.71,84.29,72.8,48.08,2,0,3,8.13,51.81
S102431,60.9,97.6,74.46,74.43,2,0,3,2.52,57.12
S102432,85.3 ,40.92,45.31,50.99,2,1,5,6.39,54.61
S102433,45.46,52.94,61.49,71.32,3,1,7,0.65,22.5
S102434,29.37,43.5,41.63,45.11,0,0,3,7.71,26.41
S102435,52.54,88.31,48.32,31.86,0,0,9,5.39,58.87
S102436,29.87,83.23,68.09,68.41,4,1,2,3.12,48.29
S102437,74.32,61.64,34.97,45.24,1,1,5,3.8,40.57
S102438,17.63,77.19,82.4,,0,0,6,7.76,37.19
S102439,46.64,53.98,29.2,33.81,1,2,7,2.87,75.53
S102440,61.3,76.51,37.16,68.4,2,1,6,6.97,61.05
S102441,58.89,68.9,72.29,68.29,4,2,5,4.59,76.93
S102442,64.46,47.3,64.6,52.48,3,0,3,6.74,61.53
S102443,32.23,66.55,44.32,18.27,3,0,4,5.61,97.51
S102444,35.28,28.58,87.76,46.24,1,0,2,4.37,66.29
S102445,,54.81,96.59,65.6,5,0,8,3.81,50.04
S102446,41.9,52.53,81.78,45.5,3,0,4,9.52,62.34
S102447,90.0,76.87,57.58,65.33,2,2,6,7.49,32.84
S102448,,30.68,57.67,84.73,3,1,4,5.29,46.16
S102449,58.15,48.21,39.32,4.81,1,2,2,8.16,90.76
S102450,76.25,73.37,51.29,69.42,5,1,5,6.34,60.8
S102451,65.05,74.82,34.99,68.4,0,1,3,3.85,26.62
S102452,60.11,47.83,39.03,54.92,1,3,4,6.7,32.74
S102453,61.14,88.32,78.28,56.02,4,1,5,6.38,82.68
S102454,66.03,44.43,100.0,41.78,5,2,4,4.84,41.76
S102455,60.29,70.51,31.29,60.16,2,1,7,3.45,19.69
S102456,,76.77,52.55,69.48,4,1,6,6.97,17.48
S102457,63.11,45.1,57.64,36.45,2,3,6,3.56,42.97
S102458,57.8 ,75.24,56.91,71.54,7,0,8,5.22,43.25
S102459,34.69,45.15,69.67,28.6,1,0,4,5.35,18.01
S102460,51.88,50.98,55.91,65.97,4,2,3,2.39,54.75
S102461,63.14,45.13,67.75,48.76,5,2,4,3.76,87.74
S102462,53.69,48.21,73.27,78.77,3,1,3,2.25,73.45
S102463,58.54,100.0,34.8,50.31,1,0,3,9.28,23.72
S102464,1.5,43.64,79.47,57.71,3,0,1,6.55,41.82
S102465,36.57,28.24,62.24,45.52,3,0,5,4.56,72.77
S102466,54.53,20.47,50.07,42.63,2,2,4,1.62,57.77
S102467,,39.48,86.24,39.27,3,2,1,5.2,59.9
S102468,67.37,52.11,37.52,27.13,1,1,3,5.53,40.49
S102469,70.25,59.51,59.04,26.6,4,0,3,3.12,49.83
S102470,73.49,91.61,65.53,39.43,4,0,6,7.2,74.1
S102471,0.54,75.35,71.01,8.33,4,2,2,3.74,32.39
S102472,50.7,67.01,59.94,,5,1,2,6.66,20.19
S102473,49.75,59.25,32.78,49.14,3,1,3,7.63,51.12
S102474,47.72,14.67,28.32,57.16,2,1,4,6.44,32.02
S102475,54.99,43.12,73.65,51.63,2,0,6,6.65,44.05
S102476,44.32,82.71,22.07,46.43,3,0,4,6.22,73.64
S102477,68.6,28.67,55.71,76.47,0,0,4,2.14,72.29
S102478,45.61,78.42,55.07,56.77,0,2,0,2.76,15.12
S102479,62.27,56.69,65.54,76.09,3,0,5,0.99,54.28
S102480,55.41,63.12,49.83,27.48,5,1,5,1.64,89.11
S102481,62.9,46.1,37.69,80.46,3,0,6,3.03,35.04
S102482,43.81,53.71,77.56,75.35,2,1,6,2.62,23.27
S102483,74.49,75.84,56.09,30.76,2,3,2,5.89,31.88
S102484,51.13,39.03,81.62,74.77,2,4,6,5.97,35.34
S102485,0.0,100.0,53.74,35.76,1,2,4,7.01,61.55
S102486,72.56,81.09,60.02,46.16,2,1,5,7.45,58.77
S102487,46.82,47.11,78.89,41.06,0,1,6,7.49,48.52
S102488,64.7,53.17,54.84,43.23,4,0,5,8.49,78.36
S102489,48.71,84.41,40.1,60.21,1,0,3,2.12,24.48
S102490,57.78,69.51,49.39,52.83,1,1,4,0.0,9.0
S102491,55.15,67.62,57.96,78.08,1,2,6,9.4,39.22
S102492,,80.74,93.97,53.76,3,2,6,7.93,35.08
S102493,66.18,61.12,71.81,35.54,2,0,6,0.88,36.34
S102494,51.87,39.4,98.02,65.31,1,1,8,10.0,45.85
S102495,44.48,43.86,22.57,59.97,6,0,6,2.2,52.04
S102496,52.67,62.71,62.18,29.57,2,0,2,5.68,70.99
S102497,45.36,68.04,45.75,100.0,2,0,6,8.29,76.24
S102498,65.52,33.32,47.62,60.27,3,1,6,4.56,22.86
S102499,46.14,76.57,83.21,37.3,1,0,3,10.0,96.99
S102500,53.79,67.67,68.06,58.86,3,0,2,3.3,44.64
S102501,57.11,47.86,80.23,,1,0,3,10.0,50.99
S102502,56.23,58.79,90.01,51.59,3,0,0,6.53,29.22
S102503,65.34,70.26,74.95,57.08,4,3,3,6.86,56.05
S102504,39.66,78.24,72.45,46.72,5,1,8,6.34,8.72
S102505,75.72,44.44,49.51,61.9,4,0,5,7.3,14.0
S102506,80.85,75.7,48.47,56.38,3,1,5,6.58,43.42
S102507,21.58,67.56,42.36,31.34,4,1,3,9.06,62.53
S102508,54.6 ,76.33,53.89,36.49,3,0,7,3.14,34.84
S102509,22.91,72.06,42.57,48.13,3,1,5,8.57,24.17
S102510,72.89,52.63,52.32,48.69,3,1,5,1.33,50.42
S102511,48.09,65.51,21.91,41.3,5,1,2,9.22,25.38
S102512,53.96,45.96,58.59,79.2,1,1,5,4.0,57.75
S102513,50.31,59.52,56.89,71.36,1,2,5,3.67,59.4
S102514,60.72,56.76,50.75,78.55,6,1,4,6.82,47.46
S102515,71.23,62.65,90.02,50.99,3,1,3,10.0,56.58
S102516,76.55,64.6,50.38,64.41,1,0,4,4.78,37.94
S102517,46.69,56.61,52.48,58.93,2,0,3,10.0,59.43
S102518,100.0,97.4,63.78,34.95,4,0,6,7.58,43.17
S102519,47.09,44.19,58.5,18.58,3,0,7,6.15,39.15
S102520,82.49,16.79,62.87,75.01,2,0,4,5.47,65.71
S102521,51.37,31.02,39.17,76.73,2,1,4,2.24,75.81
S102522,34.81,54.27,67.18,67.34,2,1,5,3.68,68.64
S102523,36.17,73.86,76.78,68.73,2,1,3,1.56,42.42
S102524,100.0,57.84,50.65,28.54,6,1,4,4.57,85.62
S102525,44.27,50.51,53.78,52.21,6,0,1,3.35,63.89
S102526,58.37,55.2,76.24,82.79,3,0,4,8.18,56.01
S102527,85.66,63.21,48.66,99.12,1,4,5,10.0,28.58
S102528,42.94,45.23,25.64,87.46,2,0,7,6.05,58.84
S102529,50.33,36.8,41.23,45.22,1,0,5,6.7,77.65
S102530,63.15,44.68,0.0,59.6,1,1,5,8.02,26.98
S102531,92.2,41.56,67.51,47.85,4,1,5,5.65,50.4
S102532,56.01,57.4,43.23,42.29,3,1,4,4.79,18.36
S102533,65.79,50.2,39.08,76.79,1,0,4,9.22,56.03
S102534,73.97,74.99,68.5,57.74,2,0,6,6.63,14.57
S102535,39.47,55.47,79.09,75.96,2,1,6,5.82,40.38
S102536,69.82,35.88,64.22,34.9,4,3,6,7.9,100.0
S102537,57.24,47.03,45.15,,2,0,5,3.28,33.22
S102538,37.71,85.47,48.68,45.49,3,0,1,3.19,24.32
S102539,46.58,29.55,50.4,55.46,3,1,4,4.7,32.36
S102540,48.0,93.34,56.01,64.4,2,2,6,3.77,0.0
S102541,49.63,49.56,55.85,30.8,4,0,6,6.45,49.87
S102542,48.27,96.66,36.93,59.09,2,0,4,7.97,42.47
S102543,43.07,48.51,61.59,46.61,2,0,4,9.45,68.39
S102544,59.86,58.78,65.98,41.87,1,0,3,7.72,38.06
S102545,59.58,70.71,54.06,53.33,1,2,8,5.49,38.7
S102546,67.99,70.31,50.16,14.96,0,0,7,6.34,39.18
S102547,46.1 ,69.94,51.0,31.29,1,1,6,1.02,61.17
S102548,57.24,33.71,37.8,65.39,1,0,4,8.1,49.98
S102549,67.13,46.03,45.36,63.63,3,0,4,5.77,68.73
S102550,39.56,81.0,58.55,61.83,5,3,3,1.04,79.51
S102551,,30.71,63.16,62.25,3,0,3,6.35,46.29
S102552,53.13,55.01,77.73,57.72,4,1,3,4.44,67.74
S102553,43.5,39.61,86.4,61.53,3,0,5,9.24,64.88
S102554,51.66,48.3,61.4,64.27,2,2,8,8.58,78.12
S102555,30.4,54.8,32.83,31.86,2,2,2,0.0,79.97
S102556,51.55,89.82,55.8,44.4,2,1,3,1.42,59.44
S102557,47.33,46.8,48.14,59.4,5,0,6,10.0,39.97
S102558,65.77,53.62,58.78,33.09,3,0,2,4.56,64.48
S102559,73.85,57.82,50.04,32.09,1,2,5,7.33,86.89
S102560,50.6,57.71,65.08,53.11,3,1,3,5.2,40.3
S102561,50.04,100.0,80.93,45.21,2,0,0,6.05,39.38
S102562,62.84,53.95,49.92,44.22,6,0,3,6.98,19.21
S102563,67.2 ,57.7,26.75,10.8,1,1,1,7.52,58.52
S102564,37.57,51.19,54.3,47.4,2,1,2,3.49,92.39
S102565,64.91,62.39,65.73,9.98,4,1,6,3.51,97.95
S102566,26.81,56.07,48.94,82.9,3,2,2,7.0,76.9
S102567,82.52,55.26,44.02,59.52,1,0,5,7.32,70.96
S102568,74.3,94.91,55.84,77.09,4,2,3,4.51,23.82
S102569,85.43,66.78,70.18,38.24,5,1,5,2.1,40.14
S102570,49.52,51.86,45.11,39.14,1,0,4,2.67,47.53
S102571,56.65,100.0,63.25,92.95,1,0,4,10.0,14.0
S102572,80.43,36.49,92.35,34.4,1,2,2,7.78,37.46
S102573,27.64,83.76,66.8,46.38,2,4,7,5.45,51.42
S102574,52.11,91.03,40.11,63.94,1,2,5,4.54,49.88
S102575,38.35,54.62,22.95,71.63,3,0,4,8.8,66.73
S102576,58.54,60.16,68.13,34.02,1,0,0,4.32,81.27
S102577,35.83,52.31,66.12,88.14,1,1,6,6.16,18.44
S102578,77.43,35.47,60.49,65.49,3,2,4,5.75,59.07
S102579,68.28,51.2,67.24,83.42,2,0,3,6.11,43.66
S102580,49.01,41.3,46.17,61.65,2,1,6,5.37,19.08
S102581,72.37,72.75,53.84,73.12,1,0,4,7.0,46.99
S102582,,83.37,62.14,43.22,1,0,5,2.52,31.34
S102583,52.43,54.96,50.45,96.79,0,3,9,6.46,75.02
S102584,72.6,85.66,77.53,52.23,7,1,3,6.88,23.44
S102585,85.53,55.49,81.04,62.83,3,0,6,5.26,26.27
S102586,53.3 ,50.52,66.34,44.77,4,0,2,3.52,69.52
S102587,72.86,59.64,82.64,53.26,2,0,5,10.0,56.55
S102588,57.11,63.51,46.34,47.74,1,1,4,3.26,78.68
S102589,40.46,43.97,57.45,58.7,0,0,4,2.01,53.8
S102590,75.64,44.82,76.97,61.58,1,0,3,5.18,46.32
S102591,44.16,62.13,52.1,53.32,2,1,2,6.7,33.56
S102592,66.31,44.07,60.3,52.76,5,0,2,4.38,17.13
S102593,30.93,60.75,44.12,51.49,2,0,3,1.84,28.87
S102594,49.92,44.79,67.11,30.31,2,0,8,8.85,87.36
S102595,34.31,73.0,34.68,20.5,3,0,4,4.17,40.35
S102596,81.28,81.02,69.66,42.59,3,2,1,1.91,15.19
S102597,40.61,61.17,46.19,71.82,2,1,4,7.78,68.01
S102598,71.67,42.48,83.37,91.83,3,0,3,0.58,53.86
S102599,46.75,47.86,83.43,52.93,3,0,8,1.37,48.96
S102600,28.39,56.75,75.72,29.62,2,1,5,4.53,25.36
S102601,57.87,66.62,54.85,64.46,3,1,3,10.0,57.57
S102602,31.18,57.74,39.64,42.11,5,2,3,8.81,43.07
S102603,70.25,47.01,63.95,22.58,0,1,1,7.0,66.66
S102604,,62.65,84.1,61.1,2,0,8,2.15,41.4
S102605,53.41,59.85,49.06,75.84,4,0,6,5.87,66.94
S102606,45.37,52.4,56.72,80.64,3,1,7,9.52,71.46
S102607,47.87,38.97,28.35,56.25,1,0,7,3.69,41.4
S102608,67.79,51.83,63.75,59.87,0,1,6,7.49,57.03
S102609,37.45,64.49,29.49,64.04,2,1,1,3.75,55.54
S102610,60.13,73.12,57.7,41.62,4,0,3,10.0,50.56
S102611,61.73,86.13,50.09,72.43,2,1,3,5.58,39.51
S102612,40.52,72.34,54.23,75.22,5,1,6,5.27,34.3
S102613,80.86,55.12,52.7,41.09,3,0,3,7.43,18.65
S102614,90.46,90.78,57.9,44.88,2,0,4,7.33,50.64
S102615,34.98,82.79,41.51,57.41,4,0,7,5.52,69.19
S102616,66.18,42.85,64.43,38.23,5,1,3,2.59,62.27
S102617,39.98,66.25,60.23,34.64,3,0,5,5.33,45.09
S102618,57.24,59.16,52.34,27.45,2,3,4,5.96,79.8
S102619,57.06,38.32,61.66,61.18,2,0,6,4.66,42.33
S102620,,49.09,52.86,38.18,4,2,8,8.66,59.34
S102621,72.27,67.99,64.16,83.04,0,1,5,2.37,44.63
S102622,31.38,67.72,62.24,39.2,2,0,1,6.48,0.0
S102623,83.29,72.78,76.0,,2,3,4,5.03,45.35
S102624,73.28,72.7,16.54,87.46,2,3,2,4.86,63.41
S102625,57.86,100.0,41.31,60.74,3,1,5,5.05,23.1
S102626,64.82,53.34,60.0,23.5,2,0,6,7.57,33.49
S102627,58.89,67.53,49.08,38.89,1,0,7,5.17,81.41
S102628,100.0,87.3,48.02,64.18,0,1,7,4.57,65.4
S102629,11.74,48.57,79.6,42.52,3,1,4,5.44,37.45
S102630,62.53,82.56,36.99,51.86,3,1,4,5.43,49.71
S102631,32.46,88.49,70.71,78.74,1,2,2,2.66,30.13
S102632,53.41,65.2,52.14,53.2,2,1,5,3.4,52.33
S102633,64.32,74.86,48.75,61.47,2,0,3,3.09,79.99
S102634,65.41,69.4,53.51,49.99,3,0,4,5.74,70.24
S102635,67.66,67.15,83.77,51.14,4,2,2,4.02,54.11
S102636,23.19,36.41,71.11,43.88,3,0,9,8.01,19.57
S102637,100.0,54.22,47.86,31.44,5,0,3,2.59,63.34
S102638,78.69,65.88,60.84,45.67,3,0,5,7.13,47.41
S102639,63.43,69.49,73.93,54.59,3,0,5,8.29,37.66
S102640,69.24,49.54,68.39,47.83,3,1,2,3.86,40.41
S102641,49.05,56.16,64.98,65.44,2,2,5,4.92,37.14
S102642,27.77,77.21,49.31,35.93,1,1,4,5.27,41.03
S102643,11.45,85.48,61.61,47.59,1,1,1,3.26,57.01
S102644,,33.65,79.66,59.65,2,2,1,0.4,45.64
S102645,77.63,46.63,82.9,54.34,5,0,2,6.22,46.81
S102646,19.36,55.18,66.06,75.45,5,1,2,8.06,39.66
S102647,27.35,91.67,69.11,39.0,2,1,3,6.19,46.3
S102648,75.28,50.91,70.92,69.45,2,3,4,9.47,71.21
S102649,67.83,92.73,45.35,73.38,2,1,2,6.64,30.38
S102650,64.24,32.51,76.36,33.78,4,0,6,8.52,75.16
S102651,52.77,65.18,57.88,85.33,2,1,4,4.37,25.59
S102652,74.16,33.22,58.82,39.55,1,0,3,5.38,11.46
S102653,41.64,85.98,52.04,59.54,3,1,2,5.62,76.0
S102654,39.5,63.9,52.9,78.91,1,0,5,2.17,53.13
S102655,41.76,71.46,70.1,38.06,7,0,6,4.22,41.92
S102656,,41.16,35.76,60.52,3,4,3,2.21,40.17
S102657,21.87,100.0,59.79,59.14,2,0,2,4.25,61.37
S102658,45.48,47.55,54.54,64.94,5,3,2,7.9,44.2
S102659,47.78,96.57,46.24,62.77,4,0,1,6.22,73.65
S102660,,45.85,25.83,34.01,0,3,7,1.37,29.02
S102661,54.33,57.05,78.7,42.77,1,2,2,2.23,66.48
S102662,47.47,34.83,54.14,39.09,3,2,2,6.25,54.73
S102663,54.2,57.72,58.83,50.29,2,0,5,3.1,33.01
S102664,56.92,75.85,55.41,46.2,4,1,5,3.38,75.49
S102665,88.85,49.01,64.74,45.11,1,2,6,9.89,71.51
S102666,53.41,94.09,55.68,80.47,1,2,1,10.0,57.55
S102667,24.62,63.92,97.8,52.53,4,0,6,7.21,89.94
S102668,79.72,39.65,50.0,20.87,7,0,3,5.68,42.04
S102669,19.38,70.56,22.5,63.14,4,1,3,3.81,83.2
S102670,55.85,37.42,37.01,82.04,2,1,3,1.53,76.33
S102671,70.19,47.72,69.01,80.88,3,1,3,6.39,94.87
S102672,76.96,56.77,69.55,66.67,2,0,2,4.1,50.7
S102673,63.13,29.88,69.99,57.58,5,1,4,10.0,63.36
S102674,38.56,24.35,55.68,53.39,4,1,2,7.04,52.87
S102675,76.91,29.19,46.99,78.5,3,0,2,5.12,43.25
S102676,48.59,66.89,69.67,55.37,1,2,6,8.0,23.19
S102677,57.58,71.53,93.45,43.6,2,1,3,6.14,61.03
S102678,75.64,40.39,76.97,56.85,1,2,6,5.49,45.15
S102679,,46.54,54.69,40.22,3,0,4,3.37,76.6
S102680,47.81,64.92,44.45,40.82,0,1,6,6.49,86.39
S102681,32.15,44.03,27.28,46.67,3,1,2,3.93,100.0
S102682,68.22,57.58,58.79,44.2,8,0,5,4.94,34.53
S102683,80.02,36.64,63.26,42.38,7,1,4,2.4,49.24
S102684,83.2,70.13,67.03,50.39,2,3,5,8.9,73.21
S102685,33.2 ,61.15,66.3,56.24,2,0,7,5.46,57.14
S102686,,54.39,52.15,53.8,2,0,1,0.0,51.46
S102687,81.28,49.22,65.56,64.92,3,2,6,1.7,62.17
S102688,36.28,54.8,52.63,91.59,1,1,3,5.64,61.5
S102689,76.11,57.97,80.11,72.69,5,1,3,1.38,15.08
S102690,61.29,75.31,53.0,63.72,2,2,5,3.98,42.26
S102691,94.57,56.86,96.22,70.16,3,0,4,3.93,70.0
S102692,59.27,79.27,49.81,42.95,0,0,3,1.62,52.02
S102693,58.98,38.98,63.23,60.38,1,2,6,5.38,66.51
S102694,67.05,63.78,55.92,75.17,5,1,3,5.1,53.68
S102695,9.62,38.98,63.13,37.22,2,1,2,10.0,46.53
S102696,62.9,77.2,66.92,37.03,1,3,2,4.2,71.44
S102697,54.6,81.71,59.24,93.61,5,1,3,7.48,23.74
S102698,58.33,28.82,71.89,38.39,4,1,4,5.93,31.83
S102699,54.76,76.37,70.84,51.91,1,0,6,2.64,31.34
S102700,29.48,68.06,59.28,40.75,2,1,6,6.08,26.08
S102701,57.79,63.47,62.1,80.64,5,0,2,7.75,68.15
S102702,80.93,46.28,68.42,7.59,3,1,6,6.77,56.76
S102703,54.67,48.39,33.74,58.43,1,0,6,3.09,53.82
S102704,56.81,62.78,49.45,42.07,3,1,4,1.25,51.24
S102705,77.99,71.09,62.73,85.51,1,1,2,5.61,57.99
S102706,76.83,63.46,64.09,69.28,3,1,2,4.57,90.55
S102707,55.6,53.63,78.92,42.59,2,1,4,7.51,41.14
S102708,57.24,59.61,49.36,49.58,0,0,3,7.7,59.72
S102709,57.57,77.6,53.49,50.66,2,1,1,1.76,27.08
S102710,29.21,43.02,64.09,86.44,1,0,3,4.66,55.34
S102711,,69.63,66.75,34.62,5,0,6,6.63,47.39
S102712,41.64,65.7,31.11,64.0,3,0,5,9.94,42.49
S102713,61.94,59.37,82.79,46.88,0,0,1,5.22,47.28
S102714,56.76,86.73,55.12,66.8,4,0,7,5.81,62.93
S102715,63.25,67.51,53.06,25.43,4,0,9,7.25,59.84
S102716,46.82,73.21,84.83,29.86,0,1,4,6.34,54.71
S102717,65.35,81.31,60.18,28.91,4,0,1,6.47,72.99
S102718,39.5,28.11,48.8,53.69,4,1,1,5.47,45.0
S102719,76.6,60.4,44.88,62.07,4,1,8,9.48,45.02
S102720,28.59,83.57,47.11,40.89,3,0,5,10.0,100.0
S102721,47.39,59.63,44.95,66.11,2,1,8,7.91,59.17
S102722,,95.52,75.02,62.43,1,1,2,8.05,80.24
S102723,73.47,62.88,53.96,38.99,3,0,5,4.69,33.66
S102724,46.18,62.85,31.59,63.09,0,0,5,5.67,77.12
S102725,62.8,61.98,33.44,71.41,3,0,3,4.25,72.29
S102726,40.5,73.5,67.03,89.72,3,1,3,7.01,29.0
S102727,35.3,77.2,61.98,63.33,2,0,0,5.27,56.42
S102728,25.48,58.07,49.07,33.26,4,1,1,6.2,34.21
S102729,61.89,41.01,61.92,35.1,2,1,2,3.98,59.93
S102730,41.28,60.93,58.33,47.82,2,0,4,6.06,72.58
S102731,54.57,74.53,77.98,54.84,2,2,5,8.21,69.28
S102732,80.98,42.86,48.99,71.67,3,0,0,3.05,44.54
S102733,73.53,88.66,62.37,62.68,0,2,2,0.71,51.25
S102734,57.11,36.24,50.97,56.48,1,1,4,3.55,56.53
S102735,51.49,71.41,54.49,98.14,5,1,4,6.82,69.24
S102736,50.54,63.6,59.51,59.3,1,1,3,8.48,36.16
S102737,27.44,82.03,99.91,53.86,2,1,2,4.72,12.53
S102738,86.06,77.56,55.79,47.83,6,1,5,4.47,54.2
S102739,82.5 ,60.53,54.39,49.44,1,0,2,2.31,47.62
S102740,42.92,78.47,67.96,36.82,2,0,3,5.07,65.22
S102741,48.96,55.35,49.8,41.55,4,0,3,6.71,31.26
S102742,59.25,90.42,46.94,31.28,3,0,7,3.77,30.1
S102743,76.27,76.52,45.31,88.92,2,1,5,5.87,76.66
S102744,38.46,26.5,18.74,30.26,4,0,2,6.74,74.98
S102745,66.86,48.54,65.46,45.74,1,1,2,8.3,54.4
S102746,47.3,73.13,59.47,47.45,3,0,0,4.55,60.85
S102747,62.29,43.63,66.8,28.48,2,2,3,5.02,54.06
S102748,,32.95,71.04,33.88,2,3,5,7.36,49.6
S102749,67.57,77.32,47.76,70.58,1,2,4,5.27,52.27
S102750,42.64,55.39,53.49,33.26,2,1,4,2.65,45.45
S102751,65.72,37.11,87.12,23.39,7,2,4,7.64,39.1
S102752,80.9,82.75,36.35,33.85,5,0,3,6.98,28.5
S102753,42.61,55.05,74.24,49.92,3,1,3,1.34,70.77
S102754,76.53,63.55,61.18,29.85,4,0,5,6.16,70.02
S102755,29.58,31.91,82.19,,3,0,3,3.04,57.53
S102756,72.24,43.87,43.88,57.08,0,0,2,6.82,20.68
S102757,47.64,62.07,58.71,61.79,2,0,5,5.23,21.34
S102758,38.76,55.14,78.28,68.23,5,1,4,2.17,48.09
S102759,39.66,63.09,32.23,43.1,3,1,5,1.53,72.13
S102760,73.84,70.87,62.08,26.6,2,0,2,4.59,63.16
S102761,57.82,74.26,68.68,59.09,1,1,9,2.17,0.0
S102762,76.35,59.41,37.7,26.76,3,2,2,3.49,54.86
S102763,43.77,83.34,62.33,74.96,1,2,1,7.24,56.86
S102764,64.94,50.88,57.83,28.99,4,1,4,4.49,25.5
S102765,44.02,66.32,88.57,45.07,2,0,7,4.0,75.19
S102766,30.72,51.2,55.43,28.53,3,1,4,3.71,32.33
S102767,52.89,44.28,32.56,42.15,4,0,3,6.82,57.12
S102768,68.94,56.08,31.91,54.11,0,0,0,7.19,65.46
S102769,51.79,66.5,57.29,58.59,3,0,3,6.55,70.34
S102770,38.36,17.39,75.28,84.12,3,1,5,6.51,63.67
S102771,48.34,52.56,54.34,62.74,2,2,3,4.46,28.98
S102772,57.78,87.65,75.47,74.92,2,0,0,7.66,74.56
S102773,58.52,49.18,63.36,47.51,1,1,0,9.44,47.01
S102774,79.2,73.7,81.86,17.95,2,2,4,3.68,44.97
S102775,29.04,77.44,29.71,33.78,3,0,5,2.15,34.02
S102776,51.19,85.51,43.42,44.65,1,2,5,7.88,32.57
S102777,100.0,99.98,67.4,16.35,3,0,5,7.71,65.26
S102778,50.48,60.62,57.15,48.68,8,0,1,7.31,44.6
S102779,35.91,67.55,63.51,70.97,3,1,8,7.37,41.43
S102780,72.32,78.95,20.34,40.77,1,2,6,5.15,40.51
S102781,54.13,79.74,75.27,30.38,3,1,3,2.9,55.99
S102782,47.19,44.79,42.0,54.4,4,0,0,5.56,56.72
S102783,60.82,78.13,33.11,100.0,1,1,3,2.44,54.75
S102784,46.1,80.47,53.91,61.3,1,0,7,6.61,60.98
S102785,36.43,69.58,62.96,32.69,2,1,9,2.89,39.46
S102786,50.48,47.84,48.92,100.0,2,0,5,2.68,13.39
S102787,50.61,53.23,42.2,30.8,3,1,2,5.58,0.0
S102788,,55.92,62.35,42.26,2,1,8,3.86,100.0
S102789,52.54,76.85,35.11,38.54,0,1,3,0.0,19.28
S102790,95.78,82.03,36.14,68.13,7,1,3,6.01,5.98
S102791,61.66,68.64,49.71,55.03,7,0,1,3.9,45.17
S102792,53.52,53.56,69.12,70.17,3,1,2,8.21,46.93
S102793,63.5,43.93,41.31,29.09,2,1,7,5.16,66.86
S102794,87.38,60.37,73.56,15.25,2,0,1,5.58,33.63
S102795,65.68,96.19,69.06,44.52,3,0,4,1.15,44.5
S102796,33.61,61.86,21.07,22.56,11,0,5,6.51,69.86
S102797,49.29,55.56,67.99,43.4,1,2,3,8.88,86.22
S102798,75.39,79.52,65.92,43.55,1,0,1,2.72,22.83
S102799,46.45,68.84,66.05,100.0,4,1,2,3.0,80.73
S102800,52.08,61.68,76.5,64.22,3,1,6,8.44,69.29
S102801,90.26,75.32,68.75,82.54,4,1,5,8.62,37.89
S102802,36.92,65.99,57.05,59.97,4,0,2,6.91,75.3
S102803,64.29,51.88,71.28,54.28,0,1,5,1.25,53.39
S102804,57.6,43.03,61.97,50.41,1,0,4,2.79,66.78
S102805,61.31,49.19,71.36,49.68,2,1,5,8.33,40.09
S102806,29.93,65.49,64.35,40.08,2,0,4,1.65,72.89
S102807,,49.48,71.0,30.09,2,3,2,6.73,16.82
S102808,72.84,56.56,42.96,72.38,2,0,4,5.26,54.79
S102809,61.07,26.94,58.28,66.9,3,0,2,6.16,45.89
S102810,61.36,73.74,64.38,60.18,2,1,1,5.28,92.78
S102811,97.45,78.28,48.72,52.54,3,0,4,5.95,73.07
S102812,66.46,88.44,38.5,84.99,3,1,5,5.63,52.39
S102813,72.35,70.79,59.94,67.81,1,1,4,6.21,29.24
S102814,14.55,53.35,57.72,71.02,3,1,3,5.95,46.39
S102815,46.17,70.64,85.59,23.45,4,1,5,6.56,35.48
S102816,64.8,69.17,51.72,50.64,6,1,4,4.43,23.12
S102817,59.34,42.87,53.26,56.44,2,1,1,6.51,44.7
S102818,36.05,50.35,61.22,48.95,2,0,8,5.73,30.74
S102819,42.1,50.25,69.87,18.49,2,1,1,7.88,13.68
S102820,40.2,65.59,48.21,48.52,5,0,1,0.47,93.99
S102821,36.66,49.9,52.25,72.1,3,1,1,3.85,63.2
S102822,57.6,61.05,66.24,55.82,0,0,1,1.58,0.0
S102823,,93.74,65.55,86.88,3,1,1,5.47,39.03
S102824,92.32,56.13,60.39,52.32,4,0,3,1.08,38.02
S102825,28.95,59.7,73.11,40.6,1,0,10,3.38,47.14
S102826,71.96,51.35,49.18,67.56,2,0,2,4.7,6.08
S102827,63.16,77.76,72.54,77.59,3,2,3,6.45,49.24
S102828,81.17,75.97,56.7,30.24,2,1,3,5.23,26.86
S102829,45.47,61.78,70.21,61.91,3,1,9,5.22,59.6
S102830,71.27,81.75,55.86,26.81,0,0,6,8.16,68.06
S102831,98.33,55.71,47.14,52.05,4,0,4,3.51,50.25
S102832,96.4,53.75,49.89,58.01,3,0,5,0.95,65.61
S102833,52.37,60.23,65.39,58.22,2,0,0,7.23,32.91
S102834,69.6,49.81,67.34,65.9,3,2,3,6.8,54.71
S102835,64.88,52.74,73.42,8.8,2,0,6,5.9,61.13
S102836,29.18,57.85,31.86,72.71,3,0,4,6.16,40.87
S102837,86.01,57.7,74.97,61.79,3,0,2,4.01,45.68
S102838,50.0,49.45,93.81,52.48,1,0,6,0.88,43.39
S102839,75.75,68.56,64.4,48.04,2,0,5,7.06,63.81
S102840,46.45,41.75,28.93,67.54,2,2,2,6.62,45.33
S102841,80.3,53.66,87.7,77.17,3,1,4,4.13,100.0
S102842,57.21,57.09,47.62,63.29,2,2,2,4.96,33.02
S102843,,86.58,53.54,,6,0,5,4.71,37.33
S102844,70.6 ,21.36,66.41,89.66,4,1,3,7.83,59.82
S102845,38.42,39.5,41.71,46.37,3,2,3,9.41,100.0
S102846,73.69,38.41,34.52,43.27,2,0,4,7.05,57.29
S102847,54.83,73.36,74.66,45.78,3,0,4,4.82,38.81
S102848,38.6,73.35,72.88,86.95,5,2,6,5.46,52.71
S102849,62.55,84.17,68.81,60.24,2,0,5,2.94,91.36
S102850,58.59,56.7,5.36,48.95,4,0,4,4.75,33.81
S102851,80.38,48.66,53.45,43.68,1,1,5,3.36,28.66
S102852,69.86,76.59,74.73,50.84,5,1,3,1.06,71.13
S102853,48.97,50.06,72.29,41.57,2,1,8,9.98,69.41
S102854,41.7 ,61.17,84.48,62.19,4,0,3,1.15,28.29
S102855,74.14,43.61,63.07,78.62,3,1,3,5.05,60.04
S102856,49.49,27.89,52.27,89.87,2,1,1,2.58,62.93
S102857,42.08,31.21,61.89,40.08,3,0,2,7.17,58.52
S102858,43.24,60.2,86.98,10.59,4,2,8,1.18,30.67
S102859,35.59,46.94,49.24,64.81,0,0,8,5.34,44.49
S102860,67.13,65.55,56.33,44.64,7,1,4,8.57,62.79
S102861,40.07,52.74,58.84,64.67,1,2,4,4.31,58.83
S102862,49.32,42.57,31.96,72.83,2,1,2,6.58,84.87
S102863,0.0,63.4,74.82,60.32,2,1,2,6.32,39.54
S102864,61.57,45.56,54.02,78.12,4,2,5,2.46,76.39
S102865,45.58,64.28,33.42,46.49,4,0,3,3.02,29.73
S102866,98.68,40.26,85.94,81.51,1,1,4,6.24,60.19
S102867,32.48,49.21,35.53,80.01,0,2,3,3.75,26.87
S102868,46.7 ,56.74,62.48,49.9,0,0,8,4.51,36.97
S102869,46.63,27.67,47.33,45.17,3,1,3,5.8,92.76
S102870,81.7,36.0,37.03,58.05,2,1,2,0.99,46.32
S102871,98.3 ,69.24,41.39,54.79,2,0,8,5.03,26.48
S102872,61.92,50.57,42.36,8.83,2,1,2,5.21,42.61
S102873,47.42,47.08,29.03,58.14,0,1,6,0.03,38.15
S102874,71.1,60.69,75.1,62.22,3,0,1,4.79,60.15
S102875,57.03,47.18,40.27,29.24,1,1,2,4.91,38.65
S102876,64.82,68.56,45.54,43.73,3,0,1,5.39,59.86
S102877,43.9,83.5,47.82,49.8,4,3,6,0.0,70.05
S102878,54.0,76.0,50.66,58.67,2,0,3,8.82,55.84
S102879,33.68,48.25,25.24,60.92,2,0,4,10.0,81.46
S102880,77.3,54.21,51.94,68.59,2,1,1,4.21,28.74
S102881,62.61,90.31,44.27,34.22,4,1,2,7.96,53.65
S102882,78.82,28.94,67.03,48.64,2,0,2,5.87,58.12
S102883,20.56,55.53,65.35,,0,0,7,2.84,58.27
S102884,53.2,73.43,37.93,55.81,4,0,1,3.97,65.75
S102885,32.13,59.7,54.52,74.17,3,1,7,6.84,34.77
S102886,73.82,59.38,83.15,38.27,1,0,1,3.95,69.12
S102887,27.74,75.98,66.48,90.05,2,0,1,5.75,29.71
S102888,72.06,64.01,39.15,53.88,3,4,7,2.89,48.93
S102889,58.85,27.89,58.11,65.53,3,2,4,4.0,54.65
S102890,89.54,76.88,61.12,49.5,2,0,2,4.08,71.01
S102891,58.15,73.39,70.55,28.58,2,0,2,5.91,32.36
S102892,80.66,80.52,61.85,84.36,4,0,5,5.61,18.72
S102893,55.14,81.0,57.25,52.71,3,0,5,4.52,41.89
S102894,55.61,85.62,44.58,33.09,3,2,1,2.52,54.5
S102895,38.87,58.83,58.06,48.93,0,1,3,5.96,29.92
S102896,42.06,61.11,38.82,89.51,3,1,4,4.91,49.01
S102897,42.28,88.06,23.63,43.42,0,5,2,3.44,55.84
S102898,44.39,82.57,91.9,61.96,1,1,1,9.31,45.66
S102899,50.43,29.09,85.21,66.05,5,1,6,2.58,52.12
S102900,67.62,42.08,41.8,67.25,3,0,2,2.4,62.08
S102901,41.14,32.65,42.52,47.04,2,1,5,7.6,58.49
S102902,0.0,87.43,60.3,54.15,3,2,7,2.05,46.45
S102903,43.03,72.28,62.35,62.35,2,2,4,6.0,57.55
S102904,34.93,55.12,36.6,,4,2,2,2.41,45.85
S102905,71.4,86.12,69.06,57.45,2,1,3,6.88,65.75
S102906,40.92,54.55,57.39,75.49,1,0,4,7.66,48.77
S102907,54.84,81.32,53.67,40.92,2,1,6,4.69,39.37
S102908,38.57,59.91,59.46,35.73,5,1,5,5.72,27.57
S102909,74.81,61.39,55.46,45.82,5,4,4,3.69,61.08
S102910,46.62,36.5,55.52,52.07,1,1,2,0.36,57.73
S102911,61.66,67.1,17.7,47.48,3,1,1,5.43,67.72
S102912,59.17,72.87,70.65,56.12,2,0,4,4.8,55.8
S102913,36.74,50.64,60.58,48.99,5,1,3,10.0,90.12
S102914,49.6,58.32,70.54,50.83,3,1,3,10.0,29.61
S102915,55.12,38.57,91.45,26.06,3,3,4,8.32,34.04
S102916,64.39,71.29,43.91,46.14,3,0,5,7.32,58.22
S102917,36.2,73.94,68.36,49.76,1,0,2,5.16,53.81
S102918,71.04,66.4,55.11,53.65,3,0,3,6.75,39.28
S102919,58.41,49.65,88.16,59.07,1,1,1,7.07,37.43
S102920,53.67,93.38,51.73,46.48,0,2,2,6.28,29.07
S102921,55.7,47.98,69.89,60.73,2,2,2,2.69,50.94
S102922,72.98,60.4,41.88,56.77,4,1,5,6.63,74.33
S102923,65.75,52.4,73.21,76.48,1,2,4,10.0,94.44
S102924,40.5,12.72,65.09,46.99,4,2,6,2.31,47.47
S102925,79.98,76.71,63.83,81.85,2,0,6,6.01,50.92
S102926,44.8,85.3,48.04,71.82,0,1,7,2.87,94.45
S102927,39.55,47.3,72.14,66.57,2,0,4,5.33,43.38
S102928,23.84,66.68,69.07,60.37,4,0,8,4.89,61.95
S102929,84.28,53.49,54.7,56.51,2,0,7,10.0,61.04
S102930,41.76,60.46,36.48,73.86,0,1,6,7.84,44.77
S102931,46.22,77.03,43.13,45.07,2,2,6,2.15,34.1
S102932,27.68,58.82,70.31,70.05,2,0,3,3.1,68.38
S102933,,41.58,47.86,42.29,5,1,1,6.34,38.49
S102934,48.19,72.1,35.33,31.0,2,0,4,1.61,5.2
S102935,71.07,41.44,57.98,36.79,1,1,4,6.28,29.59
S102936,66.28,67.6,35.44,58.85,1,2,4,10.0,41.59
S102937,37.95,83.42,51.9,48.28,3,2,3,2.16,33.38
S102938,24.77,51.35,86.05,39.53,3,0,5,6.99,62.12
S102939,68.62,72.33,54.07,71.69,2,0,7,4.73,34.18
S102940,64.57,55.34,54.28,41.52,6,0,5,10.0,72.49
S102941,54.5,75.5,27.01,59.25,2,0,8,5.75,43.94
S102942,59.3,82.89,51.87,45.07,2,2,2,3.57,46.63
S102943,43.32,14.16,58.44,41.44,1,3,0,2.19,72.38
S102944,46.48,94.12,61.42,50.89,0,1,6,3.33,63.44
S102945,73.79,76.78,63.79,43.38,0,1,2,7.1,20.64
S102946,87.82,57.47,59.68,47.4,3,1,1,5.57,40.34
S102947,63.31,13.36,55.16,43.2,3,2,5,5.05,58.03
S102948,35.67,45.26,81.32,52.27,2,0,2,3.81,77.97
S102949,35.53,54.34,13.47,63.11,0,1,2,3.19,100.0
S102950,39.51,57.51,55.99,23.63,4,1,4,8.08,30.68
S102951,79.14,72.65,100.0,69.43,3,1,5,5.95,37.21
S102952,65.98,49.7,47.8,63.69,6,2,4,7.22,59.36
S102953,33.46,74.74,66.03,58.67,2,1,3,4.57,90.86
S102954,68.69,45.21,53.44,77.59,1,0,4,2.93,41.93
S102955,49.45,48.43,40.82,41.38,4,0,6,5.09,29.33
S102956,55.48,64.27,34.12,,3,1,7,6.54,50.51
S102957,94.81,62.63,65.62,58.39,2,1,4,7.96,24.26
S102958,27.27,72.58,49.6,29.99,1,0,4,1.95,50.11
S102959,55.91,47.36,59.65,46.33,2,0,3,4.81,93.86
S102960,59.94,64.47,66.39,72.92,4,0,2,6.65,71.99
S102961,72.66,67.67,50.32,52.12,3,0,4,3.2,15.84
S102962,91.92,81.2,72.52,62.81,0,0,5,3.96,44.91
S102963,60.82,41.36,35.13,57.82,1,2,4,7.07,38.14
S102964,71.53,34.54,51.6,57.95,4,0,3,2.27,65.99
S102965,25.24,63.89,47.88,67.13,1,3,8,5.67,31.43
S102966,68.47,54.25,66.66,34.3,2,0,1,6.03,44.29
S102967,43.38,62.82,13.67,63.15,2,0,3,8.7,46.99
S102968,37.19,63.8,68.34,22.82,3,0,4,3.06,28.49
S102969,59.39,54.44,70.73,79.64,0,0,3,6.53,73.5
S102970,53.4,54.77,80.18,47.31,0,2,3,4.84,60.87
S102971,32.17,47.84,67.3,44.04,3,0,2,5.41,47.99
S102972,63.65,50.58,60.51,62.9,3,1,2,2.67,47.9
S102973,47.73,52.53,53.58,51.7,2,1,4,6.87,66.08
S102974,56.49,62.26,58.12,73.28,4,0,3,2.37,77.03
S102975,63.11,92.38,62.89,78.4,2,0,1,2.74,22.91
S102976,41.11,29.14,46.67,94.75,1,0,3,4.23,39.71
S102977,7.05,84.8,82.17,79.5,2,1,5,5.96,42.56
S102978,80.24,56.88,32.05,32.44,2,0,5,5.23,57.34
S102979,34.43,45.26,66.48,32.19,4,1,2,9.02,53.1
S102980,67.65,65.36,34.69,37.07,5,0,0,3.38,57.19
S102981,31.39,67.28,64.75,87.65,2,1,6,10.0,27.5
S102982,44.82,49.07,67.46,41.97,3,3,3,6.45,38.88
S102983,49.43,72.2,56.18,57.46,2,0,3,6.62,54.24
S102984,78.87,64.26,59.59,54.93,1,2,4,9.37,39.08
S102985,90.24,35.08,67.38,52.7,1,2,0,6.75,69.41
S102986,84.41,42.21,61.17,85.34,4,0,9,2.14,1.15
S102987,64.87,65.95,67.16,31.2,1,0,4,2.11,35.49
S102988,67.03,55.23,61.54,32.08,0,1,6,6.42,33.07
S102989,39.5,51.96,64.3,54.56,3,0,4,8.39,68.11
S102990,87.13,69.64,61.77,68.03,4,0,10,2.56,44.9
S102991,43.5,52.7,54.93,60.8,2,2,2,8.4,58.71
S102992,41.27,82.12,47.84,33.55,1,0,5,6.13,31.46
S102993,78.32,88.25,71.09,42.51,1,1,6,3.57,45.04
S102994,53.06,47.35,80.68,50.27,2,0,4,6.45,31.94
S102995,60.07,74.67,33.33,61.76,1,0,4,6.9,31.6
S102996,82.67,47.93,44.73,76.93,1,2,3,4.94,74.53
S102997,52.37,74.16,58.55,54.72,6,1,5,10.0,26.69
S102998,52.44,72.81,66.1,77.96,3,0,7,3.05,93.63
S102999,54.45,60.2,68.29,73.76,3,1,3,9.06,40.92
S103000,79.93,59.74,77.7,62.73,4,0,3,8.64,56.89
S103001,49.4,100.0,41.68,61.11,2,0,2,4.28,70.11
S103002,61.06,79.95,60.04,75.45,1,2,2,4.46,64.15
S103003,80.1,63.75,67.05,60.9,2,1,5,7.47,11.11
S103004,83.77,56.53,84.84,29.32,1,1,6,7.97,47.28
S103005,47.57,41.84,59.26,49.28,1,0,8,9.63,44.58
S103006,69.02,75.68,51.82,46.98,1,1,7,8.86,56.4
S103007,57.75,52.07,74.05,61.83,3,1,8,4.43,10.16
S103008,72.76,89.04,67.75,58.73,1,1,4,7.22,51.76
S103009,62.38,11.5,50.32,83.57,2,2,4,10.0,51.77
S103010,38.98,80.03,55.12,57.7,1,0,7,5.02,68.7
S103011,82.01,68.08,62.81,37.27,1,3,6,10.0,23.52
S103012,39.49,72.82,24.67,90.58,2,0,4,1.67,11.4
S103013,51.07,73.33,47.93,79.62,4,2,5,6.19,29.37
S103014,79.63,31.69,65.11,28.41,1,1,2,7.35,42.43
S103015,61.63,69.1,65.5,98.99,3,1,3,5.96,35.77
S103016,77.75,49.36,57.11,48.18,7,0,4,3.56,85.11
S103017,38.26,56.12,43.35,47.26,3,1,4,6.18,20.57
S103018,43.88,82.12,71.97,47.24,1,1,4,6.79,26.11
S103019,64.06,57.7,51.61,49.33,1,1,7,6.55,62.52
S103020,92.55,36.17,67.19,66.89,3,0,2,8.91,44.71
S103021,75.25,29.45,48.05,37.47,1,1,5,6.51,34.33
S103022,50.98,72.24,87.66,50.48,5,1,5,3.32,69.92
S103023,74.25,55.53,59.27,73.32,2,1,5,7.31,18.67
S103024,81.14,100.0,32.17,50.65,5,1,4,8.66,75.33
S103025,46.39,67.75,37.51,55.85,8,2,5,5.24,49.13
S103026,63.71,48.61,58.5,77.53,3,2,4,2.6,45.22
S103027,30.4,65.01,42.72,50.77,4,1,6,10.0,37.97
S103028,74.24,62.03,52.34,17.16,3,1,4,8.82,45.3
S103029,75.21,63.48,78.28,56.81,4,0,3,0.0,73.19
S103030,66.38,100.0,59.52,48.15,1,1,3,4.59,66.67
S103031,58.22,82.15,52.18,61.09,2,1,2,3.78,52.47
S103032,72.74,60.69,83.29,17.57,3,2,5,7.22,72.27
S103033,23.32,56.97,79.07,56.66,4,0,6,9.31,56.25
S103034,63.46,52.03,55.71,39.46,2,0,4,4.82,38.2
S103035,100.0,38.46,63.2,68.13,0,1,5,8.44,28.07
S103036,58.7,39.0,29.26,39.51,3,1,4,3.65,29.04
S103037,78.88,30.85,42.75,40.69,2,2,6,3.33,40.27
S103038,31.27,81.58,74.37,,0,0,6,4.18,55.36
S103039,38.45,34.4,96.53,67.59,3,1,3,5.22,73.93
S103040,52.57,59.42,67.28,26.16,0,0,6,3.27,26.59
S103041,63.28,100.0,39.86,59.19,2,0,2,8.66,18.28
S103042,49.32,36.01,47.91,61.31,4,0,4,7.49,55.5
S103043,76.16,53.03,58.8,67.08,3,0,4,8.35,64.89
S103044,36.15,60.25,62.84,54.76,0,0,3,4.13,82.75
S103045,65.64,87.83,39.37,57.42,2,0,7,6.03,29.1
S103046,70.06,57.89,37.99,47.4,6,1,4,2.79,67.35
S103047,53.86,74.63,55.95,37.15,4,0,8,8.55,27.12
S103048,62.87,59.61,39.84,60.89,3,2,7,9.72,72.97
S103049,40.41,60.16,57.41,38.07,5,1,5,4.67,70.45
S103050,66.18,60.24,69.42,67.46,4,1,4,0.0,35.71
S103051,25.42,71.64,93.88,37.87,3,1,4,2.7,60.57
S103052,79.75,80.69,68.71,49.82,1,1,4,6.16,54.25
S103053,52.6,47.12,38.75,18.91,0,2,6,5.27,74.71
S103054,45.39,58.19,69.12,59.97,3,0,4,9.18,69.82
S103055,23.19,61.67,59.73,62.7,3,2,5,4.95,57.55
S103056,46.46,70.58,79.97,35.93,2,1,4,1.53,39.55
S103057,66.9,58.08,31.98,48.32,3,1,8,4.34,9.21
S103058,40.61,25.4,62.02,48.79,1,0,8,1.57,84.07
S103059,46.23,92.32,72.02,59.66,0,0,3,7.36,49.97
S103060,58.63,65.3,55.75,50.95,3,0,4,4.43,49.49
S103061,77.87,71.25,51.26,31.86,4,1,4,5.07,23.43
S103062,23.26,40.67,60.28,40.28,2,2,3,5.03,69.43
S103063,62.22,69.31,77.3,44.56,2,1,3,7.86,59.62
S103064,42.22,30.22,85.87,47.49,0,1,1,10.0,33.74
S103065,53.87,64.82,81.69,36.25,2,1,2,4.88,43.05
S103066,44.36,61.14,60.23,47.91,3,0,1,9.12,44.45
S103067,59.88,56.45,65.3,64.52,2,1,1,7.47,4.64
S103068,40.91,28.33,38.74,48.22,3,2,4,9.52,47.16
S103069,65.87,20.55,63.09,26.53,5,0,5,4.39,54.48
S103070,55.92,67.08,71.21,58.01,3,3,1,7.24,64.34
S103071,54.52,53.8,81.83,52.95,2,2,4,8.41,37.78
S103072,47.13,56.36,43.61,35.66,3,0,4,5.56,70.93
S103073,47.06,52.33,75.14,81.54,2,1,8,8.5,42.68
S103074,18.27,76.38,65.63,47.28,7,0,5,4.96,69.93
S103075,58.45,79.19,46.74,69.7,1,0,7,6.01,38.97
S103076,61.38,52.39,63.04,41.51,1,0,6,7.56,27.65
S103077,44.12,41.0,46.43,34.87,1,0,2,9.89,67.08
S103078,51.97,62.84,47.73,88.12,0,1,5,3.12,48.71
S103079,62.32,85.99,60.16,40.83,1,3,4,2.34,66.64
S103080,63.74,80.31,69.24,67.13,7,0,2,3.06,37.54
S103081,62.71,98.23,52.91,58.31,3,2,5,7.37,50.48
S103082,38.22,55.24,60.24,55.75,3,1,3,5.14,39.58
S103083,57.0,61.56,48.01,68.18,2,2,2,2.42,32.25
S103084,84.11,55.92,49.68,36.61,4,0,2,8.2,79.13
S103085,69.72,75.62,64.74,60.25,3,0,4,6.75,71.71
S103086,66.02,82.56,88.03,91.72,2,0,4,4.82,67.79
S103087,59.86,57.71,41.88,40.09,2,1,3,8.48,39.77
S103088,59.24,59.65,61.99,80.28,1,2,3,6.51,42.48
S103089,63.49,55.74,58.54,51.25,2,0,1,10.0,66.27
S103090,41.18,40.39,81.92,61.59,1,0,0,6.87,72.02
S103091,21.53,50.07,38.66,58.75,1,0,4,3.5,62.3
S103092,20.1 ,48.95,73.09,70.53,3,1,4,5.44,75.63
S103093,100.0,66.68,44.88,80.11,3,0,6,7.09,0.0
S103094,53.26,43.11,47.41,97.32,1,0,2,5.97,40.39
S103095,44.05,42.42,56.41,50.44,1,0,6,3.8,53.12
S103096,66.38,81.16,87.66,62.08,0,2,3,6.06,29.06
S103097,71.77,62.66,63.5,36.54,4,0,6,5.96,51.92
S103098,39.6,54.79,49.31,89.15,2,0,2,2.97,57.6
S103099,54.93,48.4,48.79,66.2,3,0,2,2.77,43.15
S103100,50.58,59.99,76.26,56.62,6,2,6,3.83,51.06
S103101,52.75,47.26,83.63,39.8,4,0,3,9.86,59.99
S103102,,61.1,32.8,58.58,4,0,4,5.76,64.45
S103103,33.26,59.77,43.29,43.65,4,3,9,6.17,46.83
S103104,53.4,87.9,47.57,25.8,2,1,2,5.42,54.87
S103105,85.29,56.14,54.76,30.32,4,3,6,7.2,54.07
S103106,88.66,85.54,47.81,81.32,5,1,5,10.0,38.86
S103107,94.81,71.24,53.18,48.74,2,0,3,5.11,29.0
S103108,64.87,56.93,63.23,49.85,2,1,3,7.56,17.74
S103109,52.67,76.76,63.67,39.31,4,0,2,3.99,47.28
S103110,59.4 ,67.18,33.04,49.88,3,2,6,7.88,65.52
S103111,25.68,54.5,55.02,27.94,0,1,3,8.1,71.72
S103112,58.67,75.38,65.74,43.3,6,1,5,5.6,65.69
S103113,85.56,43.61,68.23,50.52,2,0,6,8.1,72.83
S103114,28.15,62.03,35.06,95.99,2,0,2,7.97,39.72
S103115,41.5,62.96,38.25,47.18,2,0,3,5.96,71.36
S103116,76.38,58.36,53.23,7.78,2,1,6,6.23,81.95
S103117,57.46,69.5,60.95,66.47,2,1,5,6.87,85.13
S103118,29.78,71.52,62.74,44.03,2,0,0,7.15,62.03
S103119,73.33,39.87,67.73,80.15,4,0,3,7.78,7.83
S103120,53.98,74.46,37.55,62.0,1,0,6,7.51,27.51
S103121,61.75,58.97,69.7,45.54,3,3,5,3.91,82.36
S103122,63.64,64.1,54.12,23.11,0,2,4,4.42,28.5
S103123,64.79,54.11,23.87,47.42,3,0,1,9.06,52.0
S103124,68.02,70.45,65.51,53.62,4,1,4,5.03,56.13
S103125,41.79,76.84,65.2,51.27,4,1,6,5.03,74.4
S103126,57.3,72.92,50.06,54.99,2,1,6,6.37,35.6
S103127,60.52,58.05,31.24,56.53,2,1,10,6.5,62.14
S103128,45.49,48.5,59.95,72.28,0,0,6,4.07,38.68
S103129,44.57,58.54,46.75,70.07,4,0,5,6.39,71.9
S103130,70.43,68.7,48.66,65.24,1,4,3,4.75,40.23
S103131,56.69,45.89,61.6,,4,2,5,4.18,18.54
S103132,68.14,45.02,71.85,47.13,2,0,5,2.81,26.27
S103133,63.68,94.11,45.79,62.84,1,2,2,6.79,70.27
S103134,36.17,61.12,64.77,60.04,3,0,4,1.87,62.4
S103135,70.7,60.57,50.72,74.95,1,1,6,2.57,32.75
S103136,66.19,62.05,72.69,30.03,4,2,4,5.49,58.69
S103137,61.38,58.99,46.33,35.69,2,0,5,4.28,38.17
S103138,32.44,66.16,65.09,87.22,2,3,1,3.37,26.02
S103139,53.39,39.02,80.38,17.06,2,1,4,6.47,60.21
S103140,100.0,77.0,44.02,44.9,3,3,4,4.44,62.97
S103141,31.81,66.29,59.89,80.7,2,0,2,1.91,60.57
S103142,60.51,80.5,45.18,75.32,1,0,2,9.83,68.29
S103143,68.4 ,82.1,59.87,47.51,1,0,4,5.09,50.91
S103144,66.87,57.16,54.69,89.34,4,1,2,6.05,74.88
S103145,49.34,59.75,51.55,70.43,2,0,5,6.38,58.39
S103146,,78.54,56.6,46.18,2,4,5,3.31,4.96
S103147,32.92,55.34,73.28,47.45,1,0,5,5.73,43.16
S103148,34.96,62.21,65.29,59.97,3,0,0,7.29,70.25
S103149,,24.99,75.58,49.56,1,1,4,4.26,34.36
S103150,36.36,33.64,60.17,77.84,5,0,9,3.96,60.81
S103151,77.67,76.67,55.31,57.09,5,0,0,4.63,61.35
S103152,43.89,57.82,95.09,78.17,4,1,5,8.26,40.05
S103153,69.46,41.65,45.05,51.38,2,0,4,5.8,64.29
S103154,65.7,91.87,84.03,57.85,1,2,3,9.49,57.3
S103155,61.92,83.21,30.54,46.03,2,0,2,5.92,59.06
S103156,87.81,54.63,39.15,74.05,4,0,5,7.44,39.36
S103157,59.42,76.6,63.97,69.45,2,1,3,4.7,72.89
S103158,39.51,42.71,53.92,66.61,0,0,2,9.62,90.6
S103159,46.69,60.25,70.24,68.91,4,2,3,6.19,29.81
S103160,72.95,74.12,74.18,47.42,1,1,6,7.98,67.47
S103161,30.93,24.05,41.6,55.85,1,1,1,9.12,25.26
S103162,82.87,73.42,52.38,75.46,1,1,4,9.79,59.15
S103163,49.52,41.83,61.84,75.87,0,0,2,5.93,98.5
S103164,58.25,48.4,74.39,53.21,3,0,7,4.47,76.49
S103165,38.96,31.8,37.71,61.32,5,3,4,10.0,48.36
S103166,85.0,42.69,61.79,47.5,2,2,10,1.02,80.26
S103167,75.73,79.63,51.27,17.39,3,2,8,4.43,22.8
S103168,62.46,81.95,68.73,59.51,3,1,4,4.59,7.27
S103169,53.03,48.44,52.01,48.23,1,0,2,7.11,34.35
S103170,52.88,55.89,46.06,65.86,3,1,5,2.85,24.92
S103171,25.8,45.09,80.08,67.32,2,0,5,5.5,46.9
S103172,57.43,56.25,56.32,46.76,2,2,3,5.36,70.29
S103173,62.14,62.35,54.64,48.43,4,4,3,6.67,32.3
S103174,85.02,64.81,55.63,41.01,1,2,4,5.35,47.96
S103175,37.13,74.51,42.92,36.25,7,1,4,9.67,70.37
S103176,52.48,59.03,65.65,89.32,3,2,5,7.61,44.32
S103177,71.17,28.85,30.37,19.15,2,0,6,3.67,67.97
S103178,75.42,55.21,39.23,80.34,2,1,2,4.26,43.55
S103179,34.6,65.32,57.23,60.24,3,1,3,6.45,77.25
S103180,53.83,56.61,51.45,37.12,5,0,4,6.12,26.74
S103181,29.79,39.29,36.86,41.55,1,0,2,1.87,58.33
S103182,62.35,79.32,82.99,62.21,2,0,3,6.05,57.82
S103183,58.6,63.76,55.66,56.9,3,0,7,3.73,62.61
S103184,36.96,48.26,61.89,35.05,5,0,4,6.19,49.51
S103185,91.14,83.32,76.47,59.89,5,0,6,8.18,39.96
S103186,69.34,40.79,51.03,68.46,1,0,6,3.88,55.95
S103187,9.5,77.3,35.13,49.55,0,1,3,5.42,50.86
S103188,33.74,84.77,40.28,12.27,1,1,4,6.22,50.43
S103189,61.82,28.57,79.46,61.7,5,1,3,9.17,31.7
S103190,30.0,63.76,57.97,76.83,3,1,3,10.0,19.96
S103191,42.48,83.55,87.02,43.45,3,2,4,10.0,7.3
S103192,36.45,57.22,64.07,59.08,2,0,4,7.69,23.01
S103193,28.11,77.47,42.86,70.8,1,0,4,4.86,46.41
S103194,54.54,50.87,77.03,69.43,3,0,2,0.0,100.0
S103195,38.19,49.78,34.36,39.8,5,1,3,4.84,49.13
S103196,83.83,66.3,58.01,38.46,2,0,1,5.73,56.3
S103197,44.6,62.69,69.83,37.05,1,3,3,7.71,28.29
S103198,47.62,41.54,74.32,86.68,6,1,2,4.94,73.97
S103199,62.59,55.45,44.0,77.49,4,0,4,1.77,68.82
S103200,66.76,75.08,38.48,52.88,2,0,2,5.73,56.82
S103201,52.28,56.62,77.38,36.02,4,1,6,6.88,64.1
S103202,40.0,33.96,85.49,60.78,0,1,9,3.06,70.88
S103203,62.51,63.64,100.0,43.45,3,1,2,4.48,76.28
S103204,50.37,80.51,49.53,,2,1,4,3.25,14.06
S103205,37.18,51.64,39.89,53.95,3,1,3,6.65,61.08
S103206,69.25,99.34,67.32,52.39,2,0,4,5.65,79.66
S103207,65.38,73.94,26.01,5.69,3,2,5,4.45,44.15
S103208,35.22,93.97,52.96,78.41,4,0,1,6.02,42.01
S103209,24.31,60.89,83.91,39.79,4,0,5,6.69,40.12
S103210,47.61,58.98,37.69,33.63,3,2,3,4.85,69.56
S103211,,52.33,84.77,52.11,1,0,7,0.0,54.56
S103212,68.37,50.66,46.26,43.18,2,0,7,3.68,42.97
S103213,60.66,71.93,50.26,80.4,0,1,3,9.4,42.28
S103214,50.19,55.88,52.9,42.29,2,3,1,5.48,30.54
S103215,47.8 ,59.31,63.52,69.02,2,1,3,5.49,68.33
S103216,65.85,63.3,67.35,48.93,1,0,3,5.21,53.37
S103217,50.71,63.47,89.55,60.26,1,0,5,2.48,59.29
S103218,71.55,76.88,56.45,42.78,2,3,3,1.42,73.47
S103219,60.8 ,33.96,53.87,50.77,2,0,2,5.16,59.66
S103220,65.64,58.28,61.31,53.0,1,1,7,5.33,33.43
S103221,69.52,72.91,44.26,65.14,6,1,6,9.29,55.0
S103222,60.79,46.89,47.5,,3,1,8,5.73,48.72
S103223,56.37,51.9,55.17,55.7,5,1,6,5.69,76.83
S103224,99.46,52.7,55.11,45.47,1,3,6,5.85,29.87
S103225,61.79,42.82,69.58,39.25,1,1,3,4.74,30.25
S103226,40.61,74.34,65.8,56.52,5,1,3,8.3,52.84
S103227,47.04,65.28,61.69,28.23,3,2,1,6.97,76.24
S103228,70.81,41.76,67.73,49.77,1,0,3,7.49,63.94
S103229,58.65,75.66,74.65,79.6,5,2,5,3.19,22.9
S103230,38.76,52.84,51.08,24.24,6,1,4,6.54,71.4
S103231,44.92,100.0,44.77,50.2,0,0,4,3.84,64.38
S103232,43.66,51.96,32.62,39.31,5,0,4,7.46,43.42
S103233,75.71,54.67,73.66,39.34,3,0,5,1.77,69.11
S103234,74.75,65.96,40.86,52.74,1,0,3,1.09,22.62
S103235,35.73,74.5,51.59,52.07,2,0,10,4.17,48.88
S103236,40.49,76.84,55.76,70.97,1,0,7,9.31,46.7
S103237,66.64,75.57,39.41,64.38,1,0,5,7.77,28.31
S103238,54.49,54.17,81.0,49.2,1,1,2,7.94,53.41
S103239,100.0 ,67.81,61.33,61.85,3,0,1,5.4,19.29
S103240,66.25,100.0,57.07,53.94,5,0,6,4.02,53.22
S103241,88.31,56.48,79.07,27.25,0,1,5,6.23,42.43
S103242,17.32,41.01,59.86,57.85,1,0,8,4.88,22.34
S103243,67.56,55.44,69.14,58.35,0,0,5,7.89,31.47
S103244,56.6,74.25,48.35,27.1,3,0,5,5.47,22.9
S103245,23.44,63.21,67.4,3.45,1,1,6,8.33,44.27
S103246,26.71,53.75,63.99,64.58,4,2,5,6.43,45.55
S103247,54.0,54.74,65.62,30.09,2,1,6,3.17,32.85
S103248,51.84,77.47,66.83,68.86,1,2,3,7.49,26.12
S103249,46.53,51.57,34.67,66.75,6,0,3,1.05,63.87
S103250,65.46,89.33,82.0,73.54,1,1,4,10.0,48.34
S103251,59.01,52.87,49.66,,1,0,3,5.57,53.54
S103252,67.6,59.02,85.07,40.88,2,0,4,10.0,36.36
S103253,58.42,0.0,71.69,66.12,2,0,4,2.5,48.56
S103254,27.05,44.22,48.04,65.49,1,0,7,4.98,59.74
S103255,60.42,71.7,67.02,58.55,0,0,6,0.0,43.25
S103256,45.06,33.6,50.17,45.63,0,0,4,6.95,65.47
S103257,51.01,85.91,33.31,50.43,2,1,2,5.1,64.82
S103258,91.26,46.07,92.22,21.07,3,1,4,9.33,43.78
S103259,56.19,48.29,68.65,78.65,3,0,3,6.23,36.05
S103260,69.26,84.33,65.81,73.92,0,1,4,3.9,75.83
S103261,50.38,56.77,55.96,79.87,0,0,5,10.0,16.94
S103262,32.99,75.98,44.22,68.61,2,1,3,4.0,60.37
S103263,78.3,61.88,47.04,59.68,2,1,2,7.66,31.1
S103264,61.27,52.29,48.58,27.7,2,0,5,10.0,59.23
S103265,56.81,72.46,66.48,57.26,5,1,3,8.67,50.17
S103266,58.85,46.85,46.67,64.98,2,2,6,6.58,50.88
S103267,80.97,24.1,66.62,62.81,2,2,1,1.23,34.94
S103268,42.32,50.92,60.49,81.42,2,0,6,7.23,59.82
S103269,68.1,81.25,42.67,38.85,0,1,10,4.05,28.98
S103270,50.42,79.3,65.82,79.8,1,1,4,1.71,61.1
S103271,61.21,43.73,54.81,64.63,3,0,5,5.51,36.73
S103272,57.15,55.41,82.08,41.41,0,2,4,3.18,49.6
S103273,47.33,49.04,67.49,64.28,4,0,4,10.0,26.06
S103274,50.21,50.37,54.93,62.33,2,0,3,5.47,55.56
S103275,60.74,66.54,74.98,60.79,0,0,4,5.33,55.02
S103276,58.1,57.05,51.62,57.95,3,1,3,1.27,48.85
S103277,44.52,92.54,40.38,52.54,1,0,1,4.88,43.94
S103278,62.2,96.59,83.74,47.34,3,2,4,3.92,65.91
S103279,88.05,18.36,80.56,61.51,2,0,4,5.9,66.51
S103280,57.76,39.83,93.86,78.14,2,0,4,8.27,83.08
S103281,29.48,85.62,62.57,46.5,4,0,6,2.94,30.82
S103282,56.78,53.79,75.57,72.23,3,0,5,8.75,20.68
S103283,86.92,75.84,41.27,82.39,1,3,5,4.09,45.71
S103284,57.53,57.02,80.42,62.06,6,1,3,4.02,46.25
S103285,59.06,61.2,62.55,66.58,5,0,2,2.04,21.08
S103286,50.18,56.38,50.63,64.01,2,0,4,5.95,100.0
S103287,47.0,59.31,71.42,41.9,2,0,7,8.55,47.32
S103288,68.61,32.03,54.98,30.2,2,1,5,6.34,49.2
S103289,50.51,72.98,51.01,34.99,1,0,4,3.94,44.15
S103290,66.06,89.99,45.35,30.95,3,0,2,5.18,24.19
S103291,66.87,65.02,36.99,42.7,4,3,4,1.04,44.54
S103292,55.31,46.56,55.05,51.36,2,1,3,6.16,30.18
S103293,36.18,47.21,74.8,30.52,3,0,3,4.68,76.83
S103294,96.39,30.46,39.14,39.02,5,1,6,10.0,23.22
S103295,25.65,31.37,41.25,61.92,5,1,4,0.5,75.16
S103296,53.65,59.4,51.88,26.14,3,0,9,3.84,16.34
S103297,49.85,54.81,54.58,38.57,2,0,2,4.74,81.49
S103298,85.56,43.92,81.13,58.4,4,1,2,2.72,44.04
S103299,75.58,62.58,68.42,90.89,4,1,4,9.06,75.64
S103300,52.1,61.32,54.76,63.7,1,2,3,2.99,47.57
S103301,81.78,59.15,59.11,45.17,1,0,4,5.27,20.57
S103302,38.28,93.23,60.22,58.23,6,0,8,1.83,34.08
S103303,38.22,72.63,63.65,59.95,0,1,2,2.87,35.66
S103304,91.17,58.49,58.55,49.54,0,0,6,0.17,62.08
S103305,,86.72,32.18,26.41,1,1,4,5.0,73.98
S103306,41.37,53.92,8.95,53.05,1,1,4,4.82,33.34
S103307,38.79,86.55,59.63,37.33,2,1,4,4.08,69.94
S103308,48.55,40.36,62.42,55.37,2,2,4,5.41,37.36
S103309,58.23,66.4,71.16,76.94,1,1,3,3.79,33.68
S103310,92.62,74.17,48.11,56.88,4,0,4,7.66,60.3
S103311,57.79,71.76,74.39,68.1,5,0,2,0.26,38.96
S103312,50.43,94.27,40.08,71.33,2,0,7,6.37,47.04
S103313,68.23,64.57,49.52,40.42,1,1,3,7.07,64.99
S103314,66.59,67.57,36.7,71.14,4,1,3,4.56,76.38
S103315,47.43,54.68,42.33,79.04,2,1,3,6.22,48.69
S103316,62.6,38.97,65.08,72.42,2,1,6,0.0,29.95
S103317,75.32,84.38,69.32,70.53,2,1,5,4.0,51.27
S103318,20.5,69.23,88.02,59.91,7,1,4,6.12,49.02
S103319,40.2,24.34,58.23,48.83,1,0,4,6.74,28.81
S103320,60.59,57.8,32.91,77.69,1,1,1,1.9,47.53
S103321,45.3 ,90.65,76.91,37.2,1,0,2,8.19,24.29
S103322,92.47,35.7,35.27,44.94,4,1,5,7.9,56.85
S103323,38.64,71.72,57.18,66.76,1,0,3,1.86,82.53
S103324,70.31,64.1,62.34,73.94,2,1,8,4.82,76.06
S103325,9.4,84.11,60.76,66.6,0,2,1,7.13,63.43
S103326,49.71,32.36,66.24,100.0,2,1,2,4.79,61.43
S103327,63.82,54.05,49.93,56.5,2,0,2,2.48,48.18
S103328,81.09,91.88,86.1,7.4,4,0,7,4.85,40.85
S103329,59.2,49.41,46.37,62.86,3,1,7,7.52,46.19
S103330,61.7,77.12,47.47,67.07,1,0,3,4.83,76.85
S103331,35.9,54.83,46.6,80.89,4,1,3,9.75,69.15
S103332,49.57,81.21,58.46,75.7,0,0,3,3.5,68.55
S103333,30.36,70.65,33.06,58.18,4,0,2,1.77,42.76
S103334,38.92,58.81,64.9,61.6,0,0,6,3.93,84.79
S103335,61.89,66.5,44.01,37.21,0,1,2,7.9,20.93
S103336,61.13,72.96,42.95,28.48,3,0,3,9.9,50.48
S103337,42.74,48.7,69.51,64.8,0,1,4,4.33,65.82
S103338,61.11,62.86,83.55,47.98,2,0,3,6.66,34.22
S103339,39.5,71.84,75.24,47.02,3,0,8,5.45,25.03
S103340,55.49,28.51,38.86,36.87,4,2,5,4.7,36.45
S103341,50.58,47.94,65.14,77.02,3,1,4,3.22,27.28
S103342,44.37,63.48,61.09,32.05,2,0,9,6.19,43.46
S103343,55.17,69.96,64.51,76.64,6,2,8,2.07,58.45
S103344,50.65,53.3,52.73,26.34,1,1,4,1.94,53.31
S103345,73.59,53.44,64.14,30.09,1,1,0,0.0,61.92
S103346,66.9,68.68,74.82,58.9,3,1,5,4.47,46.22
S103347,14.39,67.47,55.52,38.63,5,0,1,5.89,0.0
S103348,42.26,30.93,43.2,69.64,5,2,5,3.63,57.48
S103349,47.98,57.91,34.71,56.07,4,1,4,3.6,20.99
S103350,80.41,65.12,64.76,65.96,1,0,4,5.26,61.82
S103351,48.98,41.89,30.6,55.41,4,1,4,8.29,76.42
S103352,59.31,71.71,47.86,49.68,2,1,3,3.44,42.45
S103353,51.36,89.02,40.8,37.19,4,1,3,4.87,33.18
S103354,70.75,86.66,61.31,36.69,5,1,4,8.32,36.76
S103355,31.5 ,63.67,52.83,46.79,2,2,4,9.85,23.82
S103356,44.82,55.83,63.88,42.0,2,1,1,4.86,40.37
S103357,51.87,28.89,72.99,34.73,2,1,3,4.34,35.43
S103358,,23.91,48.05,97.76,3,0,5,8.43,62.71
S103359,26.25,59.11,35.59,63.96,1,0,8,4.43,76.54
S103360,48.4,59.31,78.54,34.87,0,0,3,5.08,65.71
S103361,41.92,90.2,36.94,46.53,2,0,5,1.97,90.04
S103362,71.99,71.81,53.0,49.66,5,1,3,6.46,59.27
S103363,58.56,70.17,78.33,48.57,1,0,4,7.54,32.67
S103364,56.8,47.23,72.08,62.56,1,1,2,3.02,67.55
S103365,30.43,69.76,57.89,30.22,3,1,3,3.58,21.57
S103366,57.15,68.31,22.1,77.56,5,1,3,1.36,65.14
S103367,40.97,71.9,58.6,57.64,2,0,6,7.73,45.54
S103368,82.03,43.95,79.26,67.16,3,1,8,5.03,53.42
S103369,67.92,43.67,47.81,49.97,5,0,1,6.07,40.02
S103370,69.72,79.26,69.19,55.03,1,1,8,4.82,57.0
S103371,57.46,64.0,50.4,86.55,2,1,6,7.82,34.86
S103372,40.5,41.87,62.96,100.0,2,1,8,5.03,71.93
S103373,46.76,40.42,76.72,98.74,4,0,4,2.73,39.59
S103374,100.0,45.15,84.57,42.82,0,1,1,6.31,40.44
S103375,58.3,17.86,49.83,49.5,5,0,4,9.72,33.88
S103376,49.77,56.97,72.99,30.74,1,1,3,3.03,23.98
S103377,24.9,84.38,40.11,37.59,4,1,5,4.27,79.72
S103378,,29.73,32.48,39.25,3,0,5,3.43,58.18
S103379,46.63,59.38,60.38,50.96,3,0,2,7.93,59.52
S103380,20.19,9.4,72.84,87.47,2,0,7,7.04,55.92
S103381,56.01,61.43,44.95,78.78,2,1,2,8.08,11.87
S103382,68.71,60.59,47.76,57.64,2,0,3,4.13,69.24
S103383,65.87,70.91,100.0,50.17,2,0,1,4.91,55.85
S103384,99.98,47.07,64.92,17.59,2,0,4,7.74,31.82
S103385,62.17,70.69,47.5,,1,1,5,3.22,60.06
S103386,56.59,76.78,58.65,38.77,1,2,4,9.36,63.16
S103387,93.34,36.29,59.14,40.83,2,1,0,5.72,41.88
S103388,52.0,52.84,57.72,58.36,5,0,3,6.96,34.36
S103389,31.25,79.14,55.4,34.07,5,3,3,1.25,80.39
S103390,69.97,46.77,71.2,37.48,4,1,4,1.82,80.27
S103391,64.39,30.66,71.49,59.94,1,1,6,4.94,46.68
S103392,58.16,71.77,53.2,60.95,4,3,2,3.29,44.04
S103393,32.58,34.48,61.6,31.15,4,2,6,6.63,33.11
S103394,75.12,56.28,55.9,36.57,1,0,1,5.02,54.65
S103395,47.35,63.41,29.17,59.11,5,0,4,5.15,50.61
S103396,33.39,70.31,43.39,48.97,1,1,8,7.73,70.86
S103397,44.8,35.63,44.16,51.7,2,1,6,8.66,47.08
S103398,32.8 ,45.22,51.08,18.95,4,1,6,2.55,87.62
S103399,76.0,47.66,45.82,64.88,3,0,4,10.0,39.21
S103400,38.14,80.77,62.74,58.13,4,2,5,8.25,22.52
S103401,23.98,69.59,31.38,95.53,2,0,4,10.0,35.71
S103402,,76.73,51.2,61.0,3,1,3,6.83,71.62
S103403,76.64,63.07,57.63,60.95,0,1,5,0.77,64.2
S103404,91.67,88.65,44.98,83.92,1,1,3,3.22,48.49
S103405,31.6,62.52,33.41,40.84,4,0,7,8.15,39.57
S103406,54.15,49.12,49.25,36.32,4,3,6,7.23,26.93
S103407,94.67,45.6,56.29,48.97,4,1,5,4.55,52.0
S103408,67.32,36.43,61.94,63.44,4,1,3,5.82,49.18
S103409,57.73,23.3,40.95,36.23,3,1,3,4.87,0.0
S103410,100.0 ,70.01,64.64,60.69,5,1,5,5.08,78.79
S103411,63.87,47.22,51.9,56.62,2,0,3,3.14,44.52
S103412,19.72,66.23,53.42,,0,0,5,4.32,61.33
S103413,60.54,75.48,62.8,53.31,1,3,4,4.43,40.68
S103414,58.89,59.52,51.04,41.67,2,1,4,5.96,42.98
S103415,43.75,36.88,66.01,64.55,2,2,4,5.35,69.16
S103416,42.02,59.18,52.24,55.74,2,1,10,5.65,45.97
S103417,54.51,49.45,66.98,45.5,1,1,0,9.65,12.58
S103418,80.22,65.9,70.09,58.17,2,3,4,6.53,37.82
S103419,,31.28,36.47,57.29,2,0,4,2.55,43.69
S103420,51.94,25.82,29.49,44.4,2,1,5,7.4,35.96
S103421,,90.74,29.45,12.27,2,0,1,0.0,38.14
S103422,34.81,62.47,67.7,56.07,3,0,2,6.8,51.43
S103423,32.88,50.85,44.69,54.37,5,2,1,2.68,45.58
S103424,61.55,30.2,55.74,73.6,2,1,5,2.28,82.1
S103425,79.79,86.27,43.22,51.34,2,1,5,6.14,24.59
S103426,62.37,74.35,46.66,32.15,2,1,9,5.71,64.86
S103427,28.71,34.96,83.12,74.07,2,1,4,3.14,33.47
S103428,66.64,36.81,83.78,84.34,5,0,3,7.07,37.67
S103429,26.11,69.05,59.38,91.68,0,1,3,6.04,66.98
S103430,73.67,70.51,84.48,36.36,2,3,3,6.31,34.46
S103431,56.78,52.72,69.97,76.01,4,1,4,9.11,34.23
S103432,54.99,71.78,42.99,30.13,2,0,5,1.71,63.63
S103433,51.4,68.16,40.06,62.1,3,1,7,4.51,57.78
S103434,65.99,58.83,76.18,84.26,2,0,3,4.59,40.13
S103435,55.14,56.7,49.83,,2,2,3,3.89,15.81
S103436,40.63,60.39,31.12,36.19,0,1,3,9.09,52.6
S103437,45.05,51.96,53.08,81.14,4,0,4,4.54,34.5
S103438,59.94,38.76,71.88,44.68,3,2,2,5.57,36.48
S103439,71.71,44.05,79.33,32.39,1,0,6,4.39,42.27
S103440,86.09,48.63,75.24,24.8,1,0,5,6.5,39.59
S103441,62.85,74.65,60.9,76.05,3,2,5,9.24,53.44
S103442,68.23,7.71,38.22,57.69,5,0,4,1.67,60.83
S103443,74.4,25.22,32.2,53.74,2,2,6,10.0,76.92
S103444,47.28,43.43,87.02,69.1,2,1,3,6.95,28.74
S103445,59.32,62.72,78.89,80.48,1,0,2,8.66,76.07
S103446,75.46,57.6,57.92,48.01,1,0,2,4.89,47.71
S103447,79.18,65.14,58.55,52.14,2,1,4,10.0,41.11
S103448,46.82,59.29,44.58,59.57,1,0,3,6.95,42.67
S103449,81.8,74.62,93.38,43.63,3,0,5,4.9,0.0
S103450,40.15,60.62,19.54,56.49,1,0,3,5.18,76.53
S103451,22.66,39.41,87.76,41.26,3,1,6,7.69,64.37
S103452,26.31,58.07,44.33,51.43,2,1,2,5.82,52.33
S103453,76.88,74.41,60.57,36.45,3,0,2,10.0,40.01
S103454,20.12,60.97,89.53,55.97,6,0,8,4.99,70.76
S103455,45.21,100.0,52.73,74.79,3,2,1,4.23,46.05
S103456,55.3,53.27,69.79,72.28,0,1,3,8.82,68.13
S103457,48.44,90.21,65.59,46.34,2,0,8,6.86,68.94
S103458,59.27,77.73,61.28,37.83,1,2,5,2.83,28.38
S103459,45.72,81.26,67.5,38.85,2,0,3,4.14,35.97
S103460,39.01,50.65,39.19,67.38,3,0,7,9.39,62.42
S103461,47.65,62.3,50.09,78.86,1,2,3,5.12,73.4
S103462,,100.0,44.54,55.27,4,2,2,5.01,24.69
S103463,66.64,55.65,70.6,80.86,3,1,4,3.83,46.17
S103464,16.15,21.53,97.88,34.88,1,0,6,3.43,61.13
S103465,48.16,69.32,44.13,58.43,2,1,5,3.07,26.42
S103466,61.21,78.68,71.21,50.27,0,0,2,4.08,64.82
S103467,59.75,77.1,59.26,86.93,2,0,2,7.01,40.47
S103468,28.15,54.16,52.63,54.75,3,1,4,6.99,53.25
S103469,8.39,44.7,63.22,59.52,3,0,6,2.94,42.98
S103470,71.09,81.66,54.64,72.81,3,1,4,1.74,67.92
S103471,64.76,46.67,60.04,68.26,3,1,5,5.14,20.83
S103472,92.99,52.24,59.26,61.34,0,0,6,5.93,52.45
S103473,37.54,68.66,37.07,54.33,2,1,3,1.23,67.85
S103474,90.35,75.37,30.59,54.31,2,0,5,5.39,46.97
S103475,49.84,78.35,38.93,28.06,4,0,3,0.0,44.65
S103476,30.23,35.57,61.02,57.34,4,1,3,10.0,65.62
S103477,19.68,21.83,85.5,40.41,2,0,7,9.15,72.55
S103478,39.35,76.08,21.83,71.74,2,0,3,8.58,100.0
S103479,50.9 ,57.91,55.97,73.98,1,3,8,7.98,24.54
S103480,59.3,48.71,86.49,33.73,5,1,7,5.88,50.26
S103481,57.59,56.42,87.92,73.68,4,1,1,8.17,92.28
S103482,51.02,79.7,54.89,61.48,2,1,3,5.65,67.52
S103483,88.08,58.53,70.81,63.52,1,1,3,4.39,41.36
S103484,80.09,40.76,65.5,13.71,6,0,1,5.73,65.89
S103485,58.66,66.52,82.67,77.2,3,2,5,10.0,25.04
S103486,30.0,40.51,65.47,39.33,4,0,4,8.55,43.2
S103487,59.41,70.4,41.58,53.54,1,1,7,4.22,46.69
S103488,56.21,65.34,54.0,61.43,3,0,4,1.5,75.33
S103489,79.85,45.4,44.74,57.25,4,0,4,3.97,60.88
S103490,68.59,100.0,57.47,82.92,2,5,2,8.45,39.5
S103491,83.89,47.46,65.09,67.74,2,0,3,5.26,65.64
S103492,41.24,42.85,51.31,59.86,4,1,5,3.83,60.08
S103493,79.0,31.7,56.57,77.09,4,0,5,9.55,39.56
S103494,66.87,49.01,75.48,51.62,5,1,0,3.88,73.0
S103495,86.64,64.71,35.64,49.72,3,1,3,3.93,72.26
S103496,46.3,81.41,69.86,58.94,1,0,3,8.9,65.62
S103497,47.51,61.94,67.62,53.33,1,1,4,4.83,74.66
S103498,55.97,81.37,42.93,57.67,3,0,4,2.18,58.18
S103499,66.95,69.66,46.17,51.33,0,1,3,6.91,30.73
S103500,36.38,40.37,59.57,34.06,5,0,4,7.3,69.23
S103501,50.11,71.58,70.06,57.16,2,2,2,6.7,24.41
S103502,66.09,78.79,67.01,44.89,1,0,4,6.83,27.38
S103503,61.16,41.5,79.78,52.09,5,4,3,6.62,47.12
S103504,52.11,73.45,40.94,57.19,9,0,1,4.48,40.24
S103505,79.38,45.32,64.84,33.83,1,0,1,5.56,51.82
S103506,58.84,75.98,20.58,42.45,5,0,1,4.6,55.97
S103507,15.57,71.9,48.07,42.52,2,0,4,4.68,73.78
S103508,57.21,43.48,63.75,40.18,3,0,1,4.84,17.04
S103509,25.2 ,40.22,69.25,54.14,6,0,6,3.83,50.54
S103510,46.15,51.66,27.31,54.21,3,0,5,5.89,52.14
S103511,52.24,56.41,38.44,50.43,3,0,4,8.82,15.41
S103512,64.95,22.38,60.22,74.19,4,0,4,3.43,67.51
S103513,66.16,66.52,29.58,80.15,2,0,5,5.89,49.17
S103514,71.37,60.35,53.52,38.16,1,1,5,5.95,58.98
S103515,52.98,54.61,30.38,21.95,2,0,2,6.67,60.44
S103516,50.39,66.16,88.02,59.42,3,1,2,7.52,43.51
S103517,80.56,54.87,55.99,35.43,4,1,2,5.46,64.09
S103518,86.29,80.53,58.49,71.08,1,1,1,5.48,66.26
S103519,64.15,60.96,72.29,48.99,5,0,7,4.41,23.58
S103520,66.57,34.83,60.72,61.51,0,0,5,7.62,22.07
S103521,65.91,52.59,56.48,27.86,1,0,6,8.37,37.25
S103522,64.24,45.47,46.69,46.17,0,0,6,4.53,89.38
S103523,70.94,57.17,53.64,62.86,5,1,4,6.09,25.75
S103524,49.99,45.11,49.86,41.93,3,0,1,2.68,29.79
S103525,39.52,66.64,85.34,21.98,4,0,1,5.54,67.09
S103526,56.38,32.82,65.4,71.19,3,2,1,7.42,54.27
S103527,66.56,65.86,50.35,49.69,2,2,1,6.79,49.27
S103528,59.62,58.09,68.91,27.84,2,1,3,2.33,10.9
S103529,70.79,60.62,60.92,71.36,4,2,6,1.79,60.17
S103530,78.22,40.21,52.68,77.24,4,0,2,7.43,42.3
S103531,31.79,52.87,55.68,54.01,1,0,6,4.62,55.02
S103532,44.16,24.59,72.04,37.99,3,0,3,7.09,51.49
S103533,49.96,83.98,47.51,57.69,4,1,2,7.42,99.56
S103534,52.96,44.99,66.18,30.61,3,0,2,8.39,56.34
S103535,62.31,54.17,57.93,74.73,2,1,6,6.75,40.42
S103536,35.66,64.47,73.24,65.44,3,2,3,5.23,34.41
S103537,24.17,95.25,60.48,27.88,6,0,6,4.74,12.08
S103538,45.77,65.22,48.42,37.72,0,0,6,5.4,22.13
S103539,73.06,83.88,44.2,29.4,1,0,6,7.81,93.12
S103540,50.49,84.27,55.7,49.85,3,0,4,3.28,49.18
S103541,15.96,30.07,74.61,42.83,5,1,7,8.77,86.58
S103542,60.16,44.36,82.8,45.49,3,0,4,4.96,64.48
S103543,51.13,66.42,68.14,50.01,2,0,4,5.4,54.07
S103544,100.0,83.03,67.5,60.21,3,0,6,5.26,69.06
S103545,,78.22,77.43,72.7,2,0,3,6.17,50.2
S103546,37.46,70.16,40.71,51.46,0,2,2,6.02,46.14
S103547,86.47,68.56,54.18,42.17,3,0,5,6.92,54.07
S103548,62.15,55.19,91.66,35.85,1,0,3,4.08,71.05
S103549,,92.83,57.03,45.64,3,1,5,2.95,32.15
S103550,69.89,27.26,41.49,62.32,3,2,1,5.86,53.14
S103551,55.84,73.1,70.51,45.72,0,0,5,5.47,70.52
S103552,48.0,78.88,55.96,69.42,1,1,2,7.94,52.4
S103553,81.46,30.04,64.55,30.26,1,1,3,3.91,54.45
S103554,83.47,48.55,62.7,68.71,1,1,3,9.62,38.79
S103555,47.46,53.6,90.39,59.02,0,1,3,8.16,58.55
S103556,100.0,69.98,57.76,38.25,1,1,4,4.23,51.75
S103557,55.22,67.78,54.61,85.77,2,2,4,3.63,46.53
S103558,59.71,29.16,84.5,72.05,1,1,3,3.44,68.42
S103559,78.98,61.22,34.44,61.48,3,0,3,3.9,44.92
S103560,57.24,76.32,43.69,69.61,5,1,6,6.21,58.85
S103561,31.59,56.01,40.77,42.38,2,1,1,4.36,62.3
S103562,35.57,28.23,41.29,81.67,1,0,4,9.39,34.6
S103563,72.86,62.26,58.46,61.18,3,0,5,2.98,55.46
S103564,68.4,66.22,56.64,68.1,0,2,5,0.96,34.77
S103565,,85.76,74.29,67.19,6,3,5,4.16,28.78
S103566,65.26,74.22,58.12,72.58,4,1,4,4.68,48.01
S103567,66.77,43.62,79.23,73.69,5,0,4,9.64,39.7
S103568,19.18,43.03,62.86,61.06,1,0,4,3.11,1.78
S103569,68.17,27.48,59.69,49.97,4,0,3,7.42,69.18
S103570,56.21,80.28,92.89,50.66,2,1,5,2.5,25.52
S103571,68.68,67.66,46.43,68.44,2,0,3,4.8,48.21
S103572,61.61,77.12,37.4,62.44,1,1,6,1.87,46.55
S103573,53.13,63.81,30.89,33.15,2,2,7,5.92,86.9
S103574,77.96,39.28,41.04,32.23,4,0,6,0.0,50.56
S103575,41.48,55.22,41.5,63.98,2,0,9,4.88,82.87
S103576,55.77,68.4,61.29,67.29,5,0,4,6.26,82.8
S103577,39.84,64.3,56.51,31.76,2,2,3,7.8,80.47
S103578,41.76,71.02,53.3,25.39,1,0,1,2.32,56.19
S103579,63.47,77.26,51.13,50.11,1,2,6,3.64,31.16
S103580,72.99,51.45,75.51,40.42,2,1,2,1.92,44.31
S103581,31.66,74.66,64.29,41.1,1,1,3,0.03,41.31
S103582,80.26,54.54,34.32,76.67,4,1,4,4.94,42.22
S103583,43.87,48.56,58.23,56.52,1,0,6,5.02,82.59
S103584,37.8,82.04,55.97,1.85,1,1,5,8.45,59.8
S103585,91.73,69.1,65.58,18.21,2,0,2,2.47,84.32
S103586,67.3,61.05,60.35,,2,1,3,9.22,81.34
S103587,72.39,55.04,60.9,44.01,1,1,3,5.44,16.1
S103588,24.51,61.72,67.04,58.13,5,0,3,6.65,51.55
S103589,21.6,46.93,34.31,70.42,3,1,3,7.37,50.42
S103590,46.26,51.29,57.74,56.2,1,0,7,5.46,60.68
S103591,43.76,85.63,60.88,55.77,5,0,5,10.0,37.25
S103592,42.68,41.28,68.77,45.82,4,0,5,4.65,67.38
S103593,53.16,47.53,52.93,33.08,2,0,3,9.06,61.92
S103594,71.23,74.53,53.52,61.59,3,1,3,8.34,62.84
S103595,43.29,81.02,65.66,98.1,3,1,2,5.93,27.51
S103596,44.03,71.64,48.04,61.45,5,1,5,5.04,74.53
S103597,73.32,88.54,63.66,52.15,1,0,6,2.09,54.76
S103598,,75.11,40.82,70.59,3,0,5,3.26,72.21
S103599,59.71,77.34,48.56,51.49,2,2,7,2.12,6.55
S103600,51.04,58.51,77.97,53.17,3,1,4,5.35,37.93
S103601,34.94,69.75,48.06,35.74,1,1,3,3.54,91.75
S103602,11.9,90.41,56.98,24.95,3,1,5,3.41,42.89
S103603,53.53,68.38,56.04,54.8,1,1,2,4.74,36.71
S103604,72.6,63.91,59.3,24.69,3,1,5,7.68,28.13
S103605,46.56,63.47,89.76,40.9,3,0,2,6.84,61.34
S103606,50.64,50.7,52.98,82.78,1,1,3,4.0,81.25
S103607,27.73,60.69,62.14,64.56,1,0,3,5.86,45.66
S103608,65.15,67.79,75.34,48.5,2,2,6,10.0,27.43
S103609,47.16,76.28,54.0,53.14,3,2,5,5.68,33.46
S103610,44.9,60.02,87.92,47.16,4,1,6,3.66,56.52
S103611,21.43,84.73,79.21,54.78,7,0,5,3.88,50.4
S103612,74.57,48.83,50.76,49.33,2,1,6,6.66,35.75
S103613,59.62,61.68,48.03,49.16,0,0,3,5.67,46.04
S103614,33.32,78.77,40.35,32.24,2,1,2,10.0,66.39
S103615,16.83,48.24,71.73,18.96,1,1,4,5.17,34.96
S103616,64.81,69.74,61.78,76.12,5,0,1,5.04,56.56
S103617,39.42,66.2,29.96,49.33,3,1,4,2.94,38.93
S103618,43.94,64.61,71.61,35.29,4,1,6,4.26,50.99
S103619,67.44,45.8,67.69,89.77,3,0,5,1.4,38.16
S103620,35.35,35.16,39.7,53.7,1,1,3,3.47,40.47
S103621,50.2,54.9,33.46,64.64,2,0,1,5.39,43.98
S103622,45.08,51.46,37.56,52.89,4,2,5,9.5,59.09
S103623,66.02,57.78,57.42,66.49,1,1,3,5.96,31.62
S103624,52.69,79.39,76.71,59.72,4,0,4,5.72,29.8
S103625,37.47,65.94,60.0,38.7,2,1,5,3.92,30.6
S103626,59.85,52.58,56.03,59.57,1,2,5,9.54,64.16
S103627,34.29,50.87,74.28,39.58,1,1,1,8.71,59.45
S103628,32.71,66.25,51.87,60.77,1,3,7,6.64,32.25
S103629,57.21,49.09,79.88,65.09,3,0,6,5.06,50.9
S103630,75.52,51.61,47.84,58.9,2,0,2,6.71,57.23
S103631,47.4,51.31,55.28,66.34,5,1,10,10.0,74.57
S103632,99.33,85.62,35.13,67.97,1,0,5,4.7,41.92
S103633,63.61,55.9,74.7,67.72,2,1,8,1.28,42.56
S103634,67.12,52.36,58.55,77.91,2,2,0,6.16,66.45
S103635,41.66,57.51,75.95,32.21,2,1,1,9.46,42.94
S103636,58.48,60.07,70.64,52.64,0,2,3,10.0,45.19
S103637,80.42,86.59,43.12,78.14,5,0,3,8.0,32.46
S103638,62.29,46.31,23.35,57.97,2,0,6,3.85,24.65
S103639,31.68,53.06,43.47,67.95,5,1,4,6.37,63.39
S103640,18.25,88.57,52.94,71.29,3,0,8,0.0,69.38
S103641,48.88,44.64,61.2,18.37,2,0,2,8.01,42.08
S103642,48.65,66.32,53.71,70.46,1,0,5,3.83,48.83
S103643,70.65,54.47,43.42,51.82,1,0,4,8.3,39.15
S103644,47.26,68.18,70.0,62.96,4,0,3,6.13,42.54
S103645,24.63,51.97,51.09,52.46,4,0,3,9.11,39.54
S103646,54.18,61.31,68.04,50.29,1,1,2,4.79,63.45
S103647,57.85,40.2,73.41,19.24,4,1,8,5.77,66.66
S103648,43.23,67.93,85.9,73.36,6,0,5,7.15,54.66
S103649,42.58,79.65,77.66,40.0,5,2,5,3.4,34.72
S103650,45.04,77.07,75.09,42.56,1,1,2,6.91,35.3
S103651,63.11,40.68,46.49,64.11,4,0,3,2.06,42.32
S103652,83.12,46.78,66.12,66.82,3,2,5,6.01,35.02
S103653,48.98,79.02,56.44,26.29,4,1,2,9.33,80.88
S103654,55.78,65.98,48.93,35.84,5,2,2,7.78,94.39
S103655,39.17,39.92,74.06,74.09,1,1,4,0.0,58.77
S103656,,61.27,48.07,61.4,0,0,4,6.74,83.46
S103657,54.12,35.78,58.22,42.72,1,0,2,4.16,27.31
S103658,70.06,51.22,57.03,100.0,0,0,4,4.34,74.54
S103659,65.9,56.91,65.68,,3,1,10,4.07,87.99
S103660,64.6,80.42,40.42,53.09,3,0,2,9.02,54.82
S103661,21.19,61.85,52.21,66.29,4,1,5,4.6,49.69
S103662,42.54,63.55,51.88,53.27,2,0,6,8.89,74.38
S103663,69.66,48.06,62.95,54.48,3,2,4,6.49,19.18
S103664,74.08,48.55,73.96,58.85,1,1,4,7.79,37.88
S103665,67.04,66.52,77.71,,3,1,3,2.22,66.41
S103666,51.46,54.59,71.51,71.23,2,1,5,0.0,17.73
S103667,42.45,52.3,43.86,67.35,2,0,5,2.77,36.86
S103668,57.06,58.49,52.84,40.57,2,3,3,10.0,62.5
S103669,57.47,22.59,82.92,74.15,2,0,6,6.18,77.29
S103670,53.16,61.98,44.6,55.42,2,0,7,6.14,49.61
S103671,58.54,71.86,60.11,76.69,6,1,3,4.42,11.7
S103672,34.08,46.6,50.09,38.04,2,2,3,4.62,48.72
S103673,86.25,56.1,73.67,48.42,3,0,5,6.09,63.69
S103674,49.49,66.24,58.92,50.78,4,0,4,8.8,65.23
S103675,60.94,63.08,49.95,40.88,2,0,6,8.17,65.83
S103676,52.64,76.73,69.62,81.13,3,5,5,5.76,58.16
S103677,70.57,96.03,59.88,46.87,2,2,4,2.8,44.25
S103678,74.18,47.84,68.14,63.33,1,1,8,6.3,32.27
S103679,38.18,53.23,93.26,71.47,1,1,4,5.23,80.7
S103680,37.39,64.45,57.87,68.11,1,1,5,2.44,40.14
S103681,46.76,32.16,56.01,35.91,1,1,4,8.44,84.16
S103682,35.68,41.41,58.7,57.03,3,1,5,6.15,34.25
S103683,86.3 ,60.67,36.29,51.68,1,1,3,6.17,23.06
S103684,94.12,94.47,44.85,88.73,0,0,3,4.84,44.74
S103685,69.87,88.32,54.52,56.88,0,0,1,8.73,49.65
S103686,47.2,55.05,41.3,27.41,4,1,9,2.1,69.07
S103687,43.62,87.41,90.43,48.53,2,0,4,7.57,59.91
S103688,52.34,61.32,61.19,58.32,3,0,2,1.8,76.79
S103689,53.48,37.17,47.04,82.33,2,1,3,7.5,19.34
S103690,6.93,46.5,20.12,61.02,2,1,2,7.81,55.8
S103691,50.29,47.87,90.03,62.65,4,1,3,4.32,35.31
S103692,85.3,60.4,60.81,85.2,5,1,3,4.7,72.43
S103693,41.43,80.94,69.57,31.76,1,1,5,5.25,54.21
S103694,89.73,90.1,54.15,64.55,0,1,2,6.96,77.72
S103695,62.4,31.33,52.37,93.75,4,3,3,4.81,44.61
S103696,75.9 ,67.08,66.64,67.61,1,2,5,5.62,45.93
S103697,41.28,35.83,98.8,100.0,1,1,3,7.48,66.35
S103698,90.5 ,87.24,58.81,43.96,3,1,4,7.24,62.79
S103699,74.7 ,72.01,84.37,21.95,1,0,2,1.14,79.09
S103700,59.87,79.85,58.01,57.51,3,0,4,3.88,48.05
S103701,35.65,40.97,36.91,38.95,3,0,5,6.34,52.43
S103702,45.86,61.82,52.49,63.83,2,2,3,4.72,54.58
S103703,58.9,57.34,45.6,80.62,1,1,4,10.0,35.66
S103704,32.35,54.49,33.24,54.99,1,0,2,2.29,60.31
S103705,68.45,58.79,67.58,71.93,0,0,0,5.31,85.57
S103706,67.57,75.14,68.27,27.63,1,0,2,3.76,59.05
S103707,57.07,66.95,57.24,72.47,3,1,5,7.01,49.85
S103708,89.07,69.46,77.97,26.01,2,3,2,7.45,28.35
S103709,21.28,67.91,65.61,70.71,6,0,3,8.2,68.1
S103710,15.04,32.72,54.21,92.77,5,0,4,0.36,39.85
S103711,85.17,84.51,84.65,17.58,1,1,0,10.0,41.1
S103712,53.75,69.09,55.53,49.25,1,1,2,6.11,54.84
S103713,47.87,36.65,49.28,28.15,4,0,3,4.2,45.71
S103714,58.47,57.92,96.47,44.21,4,0,1,6.67,50.39
S103715,54.52,61.17,55.29,39.75,1,3,3,7.34,68.81
S103716,39.45,80.33,14.08,79.61,5,0,7,3.62,100.0
S103717,25.3,38.53,60.86,62.99,1,0,3,8.89,62.07
S103718,52.05,74.67,75.94,38.97,2,0,1,5.88,66.29
S103719,49.97,42.6,53.38,40.3,1,0,3,6.16,25.67
S103720,36.73,72.14,83.19,66.23,4,1,6,3.87,59.43
S103721,62.96,51.69,63.03,26.55,0,0,8,7.11,34.84
S103722,71.57,24.34,62.09,91.27,2,4,1,2.41,25.44
S103723,60.28,63.43,56.3,54.62,3,0,0,9.0,48.58
S103724,48.78,81.77,56.94,71.22,1,1,3,7.27,61.94
S103725,62.09,79.76,31.43,57.16,5,1,3,7.74,71.84
S103726,26.46,77.94,49.65,54.38,2,0,3,3.2,57.0
S103727,65.84,60.07,61.42,44.8,3,3,3,3.97,65.4
S103728,65.63,65.15,78.91,61.75,2,2,2,5.31,52.94
S103729,53.92,74.37,66.65,36.24,2,0,3,6.16,41.32
S103730,66.29,67.42,55.42,51.43,5,2,8,5.91,30.19
S103731,60.15,56.01,45.1,44.69,7,0,1,4.14,96.65
S103732,85.4,74.83,83.23,54.89,2,1,3,4.8,65.99
S103733,49.64,70.93,59.38,54.47,2,0,2,7.34,42.8
S103734,50.68,61.5,78.69,36.62,1,0,4,4.1,56.93
S103735,48.24,89.4,38.52,52.02,1,0,1,4.02,49.19
S103736,100.0,64.53,31.75,54.26,4,2,1,7.18,73.85
S103737,50.07,35.74,64.14,38.99,1,0,7,4.45,60.64
S103738,71.77,24.83,73.97,50.6,3,0,6,6.32,30.63
S103739,74.48,51.96,56.67,,3,0,5,9.68,40.91
S103740,23.82,35.28,73.97,34.62,1,2,4,8.76,27.0
S103741,70.37,46.89,68.78,49.82,1,0,3,5.37,31.6
S103742,47.3 ,61.1,55.97,78.3,2,1,1,0.0,98.32
S103743,51.79,54.71,82.8,39.2,2,2,7,6.74,67.28
S103744,63.99,49.2,68.79,30.85,3,0,3,3.37,70.68
S103745,54.17,60.13,51.74,50.56,2,0,6,3.95,63.21
S103746,62.79,87.7,52.6,53.36,2,2,5,7.07,41.55
S103747,70.94,87.48,54.78,89.63,1,0,2,8.97,53.13
S103748,62.91,49.21,68.83,52.8,2,0,9,3.28,43.8
S103749,56.85,83.67,75.46,94.15,2,1,5,5.32,84.83
S103750,48.33,79.1,67.76,46.46,4,0,3,3.2,100.0
S103751,60.86,48.63,93.56,35.58,2,0,5,3.98,39.95
S103752,43.19,75.0,61.03,97.93,3,0,6,6.57,37.61
S103753,67.57,55.54,67.1,83.98,1,0,5,2.75,52.04
S103754,21.76,77.18,68.27,45.81,0,3,3,5.35,86.7
S103755,43.02,43.98,67.98,47.19,4,1,2,7.87,60.56
S103756,,29.25,52.83,57.06,2,1,4,3.02,71.15
S103757,29.93,88.47,74.69,100.0,4,1,6,0.0,38.11
S103758,68.55,53.2,52.31,85.02,2,0,3,0.98,84.52
S103759,57.25,45.56,60.37,70.85,3,0,5,2.33,41.5
S103760,33.44,65.3,48.23,49.01,5,2,3,8.42,80.53
S103761,62.37,64.07,56.43,39.61,6,1,3,5.74,57.69
S103762,66.11,54.82,58.76,37.7,1,0,4,5.62,51.41
S103763,96.82,46.66,63.37,98.05,4,0,5,5.97,55.52
S103764,42.54,37.27,61.03,49.24,1,0,1,4.78,38.32
S103765,44.46,78.02,69.24,100.0,3,0,4,1.1,64.38
S103766,60.69,72.99,57.68,20.66,4,0,4,6.51,41.51
S103767,71.06,48.03,67.36,74.86,2,1,4,7.22,74.52
S103768,41.96,72.71,34.55,74.6,1,2,4,4.7,56.29
S103769,20.74,70.74,75.04,78.17,0,1,5,2.23,33.02
S103770,54.64,69.61,66.63,65.16,3,0,5,1.57,54.51
S103771,21.5,71.69,37.74,85.62,5,2,5,4.91,49.9
S103772,40.1,81.47,62.65,34.62,5,0,4,6.2,35.79
S103773,56.7,33.43,65.5,55.81,4,2,7,6.5,28.69
S103774,66.4,88.31,48.97,59.84,7,1,5,7.58,83.49
S103775,55.2,54.77,44.27,47.49,4,0,1,4.56,51.22
S103776,25.6,46.47,21.6,69.12,3,3,2,3.94,55.36
S103777,52.95,39.9,57.89,82.93,1,1,7,3.81,63.49
S103778,77.19,69.71,41.89,20.51,4,0,3,6.47,43.24
S103779,47.69,75.93,54.9,75.43,1,0,3,5.45,50.29
S103780,65.7,44.14,83.65,51.56,2,1,4,5.7,27.23
S103781,85.54,58.1,73.32,64.51,2,1,6,5.41,69.66
S103782,73.21,31.98,25.18,42.91,1,0,1,7.24,38.0
S103783,14.77,94.25,56.73,29.02,1,1,7,9.16,52.81
S103784,89.06,43.59,42.42,52.39,2,1,3,7.07,50.51
S103785,24.88,66.19,70.28,36.44,4,2,4,4.77,82.61
S103786,60.05,63.47,62.6,52.66,4,3,3,4.34,58.55
S103787,49.31,54.4,36.87,45.69,1,1,7,6.26,33.55
S103788,34.29,61.57,64.7,37.69,3,1,2,7.59,49.47
S103789,42.0,89.68,78.2,47.88,5,1,3,2.84,70.29
S103790,88.16,57.54,56.15,55.14,3,2,3,8.77,38.68
S103791,29.12,64.01,73.85,58.61,1,2,2,5.81,5.19
S103792,72.21,64.74,67.78,58.06,2,2,3,4.61,68.98
S103793,48.98,62.01,72.93,65.93,3,1,4,4.83,32.89
S103794,50.15,71.44,53.06,61.33,2,0,2,3.4,46.0
S103795,49.28,43.58,62.21,47.48,2,1,3,8.53,71.67
S103796,75.5 ,92.35,43.56,57.11,6,0,0,8.44,34.41
S103797,56.36,53.61,81.82,68.55,3,0,4,8.24,23.1
S103798,42.08,39.98,54.83,47.66,6,1,2,5.42,44.47
S103799,68.17,47.54,53.86,93.92,2,1,4,6.58,71.53
S103800,46.62,43.07,62.53,76.19,3,0,8,4.54,46.36
S103801,73.41,27.81,60.2,40.07,0,0,3,7.63,56.57
S103802,75.46,62.69,22.54,64.08,5,0,3,8.21,39.81
S103803,86.23,50.01,51.59,94.35,5,0,6,6.42,13.78
S103804,33.6,70.79,42.2,42.26,2,1,6,6.27,52.75
S103805,23.78,47.39,53.24,56.16,2,1,2,0.0,48.73
S103806,48.83,41.75,64.68,34.52,4,1,1,5.52,71.23
S103807,68.52,60.99,63.86,34.07,2,0,2,6.07,64.76
S103808,42.88,68.04,54.68,75.63,0,0,5,4.81,41.86
S103809,35.6,66.6,69.72,57.13,1,1,2,2.93,50.51
S103810,73.31,73.44,34.32,36.25,2,0,3,5.23,22.14
S103811,41.87,22.83,24.47,84.02,2,2,5,1.53,16.4
S103812,60.69,43.4,77.31,73.68,1,0,3,6.25,28.73
S103813,43.18,66.66,62.47,67.91,6,2,5,4.93,34.53
S103814,58.06,67.18,89.78,81.86,3,1,1,5.42,70.84
S103815,36.31,95.07,20.18,58.86,0,2,3,6.29,62.96
S103816,58.42,54.72,47.47,43.14,0,0,2,2.98,80.99
S103817,52.6 ,56.91,46.19,58.15,6,3,2,5.84,85.09
S103818,94.09,73.81,77.91,47.93,6,1,4,7.27,37.87
S103819,45.47,66.08,69.89,59.06,1,1,5,5.72,37.66
S103820,38.73,30.24,57.33,40.41,1,0,3,5.61,62.39
S103821,45.52,78.86,51.85,65.93,1,1,4,3.34,41.99
S103822,87.73,72.72,71.03,55.2,2,1,3,2.35,29.1
S103823,67.9,66.9,60.08,28.58,2,3,1,2.64,45.27
S103824,34.07,75.78,48.01,64.91,1,2,6,7.7,26.24
S103825,74.52,52.43,51.19,29.87,3,2,7,7.99,47.27
S103826,38.95,55.2,55.91,56.27,4,1,3,6.65,42.01
S103827,74.42,59.66,89.54,68.34,1,1,3,4.47,41.95
S103828,41.49,36.69,82.07,39.49,5,0,2,2.0,38.26
S103829,49.74,67.14,74.27,64.27,3,0,4,2.1,56.86
S103830,86.23,94.9,50.88,43.4,1,1,8,6.31,43.23
S103831,68.26,80.94,43.29,34.65,2,0,7,4.53,24.55
S103832,41.55,55.67,69.37,66.19,6,2,3,3.53,34.02
S103833,34.21,56.67,74.27,19.7,2,1,3,7.89,65.5
S103834,54.83,54.27,55.89,41.61,4,1,8,5.4,32.61
S103835,63.57,39.75,67.08,6.39,1,2,4,0.38,57.39
S103836,32.43,59.02,42.9,44.89,3,1,1,7.83,33.2
S103837,83.78,70.09,73.06,55.93,1,0,4,3.32,19.57
S103838,67.16,51.37,68.0,32.25,1,1,0,0.0,21.24
S103839,70.33,52.1,60.72,45.57,6,0,2,5.99,43.43
S103840,60.11,22.89,72.1,61.96,3,2,7,8.71,22.66
S103841,32.29,49.52,39.93,53.58,1,1,4,6.31,36.01
S103842,22.67,64.55,53.72,53.01,0,1,3,4.29,55.02
S103843,56.71,82.15,42.52,40.5,4,1,6,6.4,62.69
S103844,50.17,75.65,51.73,16.88,4,0,5,6.19,85.75
S103845,54.52,69.47,67.47,53.41,3,2,2,3.89,49.1
S103846,44.21,77.74,45.76,33.2,3,0,5,2.62,53.05
S103847,87.64,69.36,58.42,93.0,1,2,6,7.79,46.83
S103848,78.83,50.95,79.39,27.83,3,2,4,0.27,58.11
S103849,22.18,55.68,68.05,65.07,1,1,7,8.0,15.05
S103850,51.8,84.8,85.79,17.22,1,4,2,4.34,49.61
S103851,78.78,49.02,41.6,57.44,1,1,4,10.0,60.39
S103852,69.8,78.8,73.12,43.55,1,1,3,2.48,33.38
S103853,48.54,67.77,57.9,81.89,4,0,6,6.13,62.77
S103854,33.84,43.77,39.35,61.34,4,1,5,4.83,56.31
S103855,62.26,85.53,91.01,62.8,3,1,3,9.28,74.35
S103856,26.34,32.67,73.82,61.86,2,0,1,5.74,66.36
S103857,37.09,72.79,54.32,41.04,5,1,3,7.35,47.56
S103858,45.02,69.07,47.25,54.87,3,0,5,5.18,19.24
S103859,46.0,72.21,57.54,50.12,0,2,2,3.08,41.37
S103860,30.33,62.17,81.42,59.86,7,2,5,5.06,55.86
S103861,27.15,94.99,65.2,58.76,3,1,1,3.04,84.67
S103862,41.17,87.06,82.77,63.47,2,0,4,4.84,100.0
S103863,68.89,91.55,54.9,54.26,1,0,4,0.0,39.29
S103864,64.81,82.6,71.85,41.43,4,0,6,3.14,45.65
S103865,,64.89,55.3,60.84,4,2,4,4.09,27.33
S103866,51.3,71.7,51.79,61.02,1,0,7,1.72,50.24
S103867,59.32,72.02,50.01,47.05,3,1,3,4.1,29.37
S103868,60.63,75.84,68.59,65.37,4,0,2,6.37,61.49
S103869,73.41,84.8,53.55,38.25,5,2,6,6.95,36.22
S103870,,55.1,26.94,62.79,2,0,3,3.01,55.69
S103871,48.46,40.57,29.27,43.54,2,1,3,3.84,68.0
S103872,35.27,73.17,69.86,0.0,4,0,3,5.06,64.72
S103873,47.47,67.59,46.9,53.85,1,1,5,5.86,70.33
S103874,28.58,68.2,68.28,75.14,1,1,4,0.74,64.88
S103875,82.51,84.08,50.27,60.35,1,0,7,6.17,50.89
S103876,64.74,53.97,73.83,29.52,2,1,3,2.24,43.66
S103877,100.0,54.14,57.01,14.02,0,0,2,4.59,35.63
S103878,59.84,53.55,77.47,53.98,5,0,3,2.39,50.53
S103879,64.53,54.7,64.21,73.38,2,2,4,6.67,49.95
S103880,73.21,55.4,89.2,53.86,4,0,4,4.91,78.68
S103881,45.99,66.06,47.58,65.46,1,0,8,6.44,57.08
S103882,75.24,39.42,41.31,52.71,6,2,3,7.87,52.28
S103883,60.63,50.97,36.74,59.05,3,0,5,1.63,53.53
S103884,43.65,67.52,80.37,62.59,4,0,5,3.16,64.03
S103885,30.19,67.04,39.02,58.16,2,3,4,0.0,20.96
S103886,76.64,56.88,48.15,56.07,2,1,2,6.2,34.45
S103887,25.1,72.22,84.23,73.38,1,3,3,7.01,55.79
S103888,52.65,48.18,59.65,94.02,2,2,4,7.8,43.2
S103889,,61.9,60.03,83.33,3,1,8,7.66,32.46
S103890,67.07,53.42,62.73,13.6,1,2,2,5.5,59.39
S103891,84.74,58.18,53.17,34.74,1,0,4,5.12,63.53
S103892,65.41,48.26,38.84,71.43,3,0,4,4.9,44.59
S103893,80.12,56.31,79.37,38.37,2,2,3,5.29,83.87
S103894,52.34,76.29,66.09,41.94,2,1,4,8.42,48.9
S103895,11.15,52.43,66.77,55.83,2,0,5,0.0,48.79
S103896,37.29,61.66,86.79,73.37,0,0,2,4.79,53.95
S103897,62.06,36.87,22.72,43.59,2,0,4,5.12,63.96
S103898,65.25,66.41,65.9,49.91,2,0,9,4.85,66.32
S103899,50.67,51.5,77.25,50.85,5,0,3,7.38,85.03
S103900,43.04,60.18,87.82,43.24,2,1,3,5.13,58.24
S103901,39.41,71.84,86.66,76.02,3,0,8,6.12,20.18
S103902,79.95,81.25,52.5,58.94,2,0,4,10.0,78.52
S103903,83.17,63.26,80.78,,0,1,4,4.54,22.94
S103904,56.05,42.09,67.59,38.92,2,1,2,7.89,32.34
S103905,58.49,54.14,73.83,,1,1,8,3.83,41.52
S103906,63.0,36.57,62.75,26.39,3,1,2,5.52,54.51
S103907,40.4,82.34,37.07,58.86,3,1,0,3.34,61.61
S103908,44.71,71.11,66.64,81.17,4,1,5,6.72,37.89
S103909,41.0 ,85.22,39.43,51.52,2,3,4,6.35,48.13
S103910,60.21,54.45,38.51,36.79,0,0,2,4.33,53.2
S103911,45.02,58.99,90.62,54.72,5,0,3,3.72,21.27
S103912,65.45,63.34,50.12,68.65,2,0,4,6.37,37.02
S103913,64.27,38.22,81.31,38.6,2,0,3,1.04,71.94
S103914,,39.85,62.92,58.68,2,1,3,6.37,65.69
S103915,54.15,76.91,49.02,77.03,2,1,4,7.22,60.68
S103916,22.23,37.73,63.76,35.46,0,1,1,8.15,52.89
S103917,47.47,62.02,56.89,40.96,4,1,4,3.9,71.11
S103918,84.37,70.48,43.59,54.15,7,1,4,8.07,50.91
S103919,33.44,35.78,63.74,29.23,3,1,2,2.49,45.78
S103920,69.18,35.38,50.07,37.11,4,1,1,5.14,40.2
S103921,69.41,66.46,54.22,56.09,0,2,3,7.0,43.44
S103922,71.85,70.24,31.01,24.42,1,2,1,10.0,72.71
S103923,71.52,72.52,71.81,10.79,0,0,3,4.37,15.88
S103924,50.7,33.07,33.75,44.62,1,1,5,9.23,78.62
S103925,76.96,46.27,45.53,73.4,2,2,6,5.22,59.33
S103926,30.79,82.44,74.25,92.23,2,1,6,8.56,52.09
S103927,58.39,67.17,50.27,54.52,6,0,4,5.18,78.29
S103928,59.58,62.63,74.16,44.19,5,2,4,4.86,13.68
S103929,49.09,51.68,57.4,63.47,4,1,5,8.19,4.36
S103930,30.32,60.59,51.7,33.86,3,4,3,1.39,47.93
S103931,43.83,98.43,51.32,32.52,0,0,3,2.1,46.02
S103932,56.08,61.72,32.07,64.03,2,1,5,5.78,49.29
S103933,59.9,57.22,18.83,,2,1,0,7.05,48.58
S103934,39.43,76.1,36.31,62.89,1,3,7,2.59,44.55
S103935,62.15,51.94,68.45,100.0,0,1,4,6.47,48.01
S103936,24.45,40.91,67.2,27.71,5,1,3,7.36,81.62
S103937,56.12,82.64,78.75,38.68,1,1,6,1.89,13.59
S103938,,59.97,57.98,44.83,2,1,2,5.24,59.83
S103939,66.99,70.17,74.69,74.36,1,1,5,4.82,95.73
S103940,52.24,55.22,71.09,77.19,1,1,5,8.39,62.54
S103941,50.64,74.88,44.59,82.15,5,0,7,4.91,53.05
S103942,39.46,46.83,63.09,56.82,2,1,2,6.95,45.56
S103943,54.17,69.87,85.19,55.59,3,1,4,8.67,64.12
S103944,62.71,51.96,62.8,44.3,6,1,5,4.61,12.74
S103945,,48.02,58.56,51.13,2,0,10,5.03,55.42
S103946,75.44,84.78,73.29,67.05,4,1,7,6.96,0.0
S103947,85.48,53.31,71.13,73.63,4,0,3,6.07,27.83
S103948,65.14,55.0,51.41,90.13,2,0,2,4.96,19.21
S103949,58.13,99.65,49.81,70.21,1,3,3,4.21,32.2
S103950,70.8,71.19,74.47,46.67,3,0,7,8.77,77.48
S103951,35.16,54.68,42.64,87.5,3,0,3,4.86,72.61
S103952,62.3 ,77.7,52.28,50.22,3,2,2,7.5,53.91
S103953,81.94,79.75,57.66,53.62,3,0,4,8.67,40.74
S103954,67.48,73.58,81.83,42.38,2,2,3,4.11,30.71
S103955,49.3,39.3,37.19,47.33,2,0,7,8.99,52.27
S103956,42.71,62.4,77.37,50.17,1,1,3,8.11,31.79
S103957,73.43,66.5,48.79,31.77,7,0,5,6.65,76.41
S103958,63.63,56.5,67.18,53.8,2,0,5,3.8,40.32
S103959,85.68,61.7,36.65,59.89,1,0,2,3.08,26.9
S103960,37.48,67.05,33.11,76.57,4,1,12,6.47,62.88
S103961,51.67,79.05,54.42,61.73,1,0,5,4.11,48.33
S103962,59.49,67.89,56.5,80.48,1,1,8,5.37,54.59
S103963,48.3,60.37,69.59,69.52,1,1,3,4.32,37.19
S103964,43.69,63.41,62.97,69.49,0,1,6,1.31,52.29
S103965,48.51,52.82,74.62,73.8,4,0,6,5.65,23.09
S103966,36.28,76.82,64.33,81.66,3,0,2,7.63,30.99
S103967,67.38,80.02,41.5,67.77,2,2,2,4.75,53.68
S103968,32.28,35.95,53.74,44.1,1,1,9,6.18,50.11
S103969,46.02,66.87,37.68,52.53,0,1,10,5.32,21.68
S103970,43.4,59.82,21.32,46.9,6,0,7,5.14,35.74
S103971,59.64,22.91,44.99,51.97,0,1,5,4.34,47.26
S103972,67.75,41.48,53.98,46.69,0,0,2,6.88,58.42
S103973,,77.98,35.62,35.82,3,0,2,2.78,47.7
S103974,75.27,81.41,82.87,44.27,1,2,4,4.13,78.03
S103975,59.37,77.84,41.56,12.9,1,2,3,10.0,33.8
S103976,60.42,88.15,53.88,55.88,0,1,2,2.82,59.21
S103977,57.79,77.88,89.75,32.79,1,2,5,4.6,58.31
S103978,29.9,66.07,74.97,31.79,5,2,3,6.97,55.61
S103979,65.03,70.96,45.05,31.27,2,1,5,2.78,69.93
S103980,61.04,68.32,49.73,43.93,2,2,2,4.83,57.02
S103981,22.4 ,39.54,51.42,39.37,1,1,3,2.11,45.3
S103982,35.2,79.49,69.89,70.38,2,2,4,7.71,62.31
S103983,21.41,21.17,63.04,39.8,5,0,5,6.94,81.24
S103984,37.13,45.51,54.51,57.93,4,3,5,9.7,29.99
S103985,75.33,43.05,65.54,44.8,3,1,3,0.0,52.52
S103986,56.95,68.77,89.04,75.69,2,0,3,4.07,62.11
S103987,46.18,61.48,46.83,83.11,1,0,9,4.98,38.46
S103988,68.99,44.84,59.44,65.51,5,1,4,7.0,68.93
S103989,47.14,57.96,67.03,12.63,3,2,4,4.79,53.29
S103990,57.06,41.78,56.44,43.19,1,0,5,8.09,20.12
S103991,55.49,55.22,49.25,29.26,3,1,3,4.63,31.42
S103992,47.83,46.48,39.61,45.16,2,0,2,2.12,20.39
S103993,70.48,77.96,54.68,64.45,1,2,4,5.33,35.81
S103994,54.23,65.87,48.22,48.85,1,0,11,9.45,46.11
S103995,47.48,41.29,50.12,45.76,4,2,5,6.34,61.58
S103996,53.75,50.55,90.93,63.17,3,1,1,6.61,87.98
S103997,68.32,71.36,74.55,70.48,1,0,2,7.52,3.45
S103998,73.41,58.58,47.01,92.36,1,3,7,8.35,61.64
S103999,58.02,69.06,49.55,88.45,2,0,4,3.8,43.11
S104000,70.29,22.52,40.05,89.08,0,1,6,6.35,41.78
S104001,23.63,44.36,25.57,46.31,1,0,5,5.91,61.83
S104002,46.48,60.8,59.99,70.62,0,2,1,5.27,52.96
S104003,50.45,95.17,49.08,53.41,3,1,4,3.27,61.25
S104004,39.9,56.45,69.02,43.42,0,0,7,0.71,43.44
S104005,61.24,47.29,26.8,38.49,3,0,6,4.78,55.71
S104006,52.33,43.4,63.74,36.23,0,2,1,5.09,57.88
S104007,62.9,70.53,89.98,66.22,1,0,1,5.98,95.22
S104008,38.41,90.02,41.25,50.72,3,1,4,4.68,58.18
S104009,58.49,61.24,90.77,63.88,4,0,2,5.4,49.25
S104010,76.03,84.59,26.99,68.2,3,0,5,8.85,49.03
S104011,76.54,75.97,53.03,57.12,1,0,2,6.58,55.48
S104012,64.58,56.69,46.29,33.93,4,1,5,4.62,39.93
S104013,43.1 ,67.77,57.32,29.37,0,0,3,9.63,33.84
S104014,74.88,17.73,89.36,80.35,3,0,3,7.75,38.74
S104015,36.44,65.4,39.56,40.75,0,1,3,4.66,37.04
S104016,48.38,57.88,37.12,82.63,0,1,5,6.37,79.3
S104017,44.15,69.26,59.77,79.55,1,0,5,5.51,40.45
S104018,63.14,51.87,69.52,,4,2,2,4.77,41.31
S104019,55.29,70.41,85.34,75.12,3,0,4,7.08,46.49
S104020,47.43,64.31,53.64,71.01,3,0,3,7.7,88.83
S104021,48.29,44.69,54.6,46.01,2,1,0,8.76,77.05
S104022,53.63,69.5,70.28,40.28,2,2,7,3.11,34.46
S104023,23.33,73.1,29.8,47.29,1,0,3,5.32,51.3
S104024,45.32,19.45,35.45,72.97,1,0,3,6.09,53.82
S104025,78.6,45.16,64.39,65.03,6,2,6,2.21,95.24
S104026,30.3 ,41.75,74.9,65.93,3,3,5,3.73,67.44
S104027,50.77,61.46,62.26,84.79,1,1,2,2.32,40.87
S104028,75.26,51.26,61.51,53.7,2,0,4,5.4,56.99
S104029,59.01,39.35,54.47,67.87,1,1,8,6.19,48.49
S104030,61.9,54.11,50.51,65.67,2,1,3,10.0,49.97
S104031,30.4,57.57,41.21,54.74,2,1,5,7.42,57.73
S104032,74.14,60.92,58.4,47.34,2,1,1,4.17,71.29
S104033,60.04,74.54,29.58,67.96,2,2,5,4.61,62.58
S104034,48.77,75.87,42.54,55.72,3,1,3,9.53,24.75
S104035,49.91,95.86,47.47,23.4,3,2,5,6.97,38.37
S104036,78.95,80.5,91.2,46.8,0,0,3,4.75,60.33
S104037,53.5,58.28,40.73,53.66,3,1,3,6.16,49.32
S104038,,78.41,59.5,43.61,2,0,6,5.06,38.1
S104039,62.45,71.69,56.24,35.99,4,1,3,4.83,50.88
S104040,91.63,65.63,39.57,63.96,0,1,1,3.92,47.18
S104041,30.64,57.61,66.77,18.23,3,2,2,6.23,29.1
S104042,74.03,81.29,42.53,37.61,4,1,3,8.03,38.74
S104043,45.76,59.81,55.37,72.74,3,0,5,6.35,67.96
S104044,38.62,80.33,56.99,72.42,2,1,4,8.21,67.31
S104045,49.22,66.12,44.7,66.54,4,2,1,2.13,81.08
S104046,76.76,60.71,54.43,36.63,0,1,4,8.26,27.86
S104047,19.39,69.99,65.92,75.54,3,0,2,3.35,66.28
S104048,49.9,61.21,97.74,36.28,2,1,9,8.02,31.72
S104049,27.87,70.07,53.25,57.12,2,1,2,5.73,55.08
S104050,48.97,45.99,72.11,97.25,4,1,8,9.06,26.53
S104051,42.74,53.21,76.69,55.46,3,1,6,7.12,38.03
S104052,53.79,49.53,46.95,48.24,4,2,4,5.72,15.53
S104053,64.62,52.79,43.28,35.38,2,1,2,7.43,67.21
S104054,,87.79,69.66,42.78,0,0,4,0.0,79.11
S104055,87.45,48.55,55.02,50.4,3,2,3,6.95,27.71
S104056,81.91,42.23,54.32,46.72,0,3,5,7.32,21.55
S104057,59.85,50.57,71.46,52.71,3,0,1,6.97,53.55
S104058,42.48,87.54,71.73,63.94,2,2,3,3.67,17.3
S104059,64.53,66.36,32.07,52.17,2,4,6,5.5,48.63
S104060,20.24,43.23,65.37,52.51,1,0,9,7.97,43.32
S104061,36.44,54.02,77.64,48.77,1,2,1,5.0,64.96
S104062,72.91,54.74,26.59,25.49,1,0,3,5.27,79.68
S104063,44.57,63.12,43.62,57.42,3,0,5,7.38,21.01
S104064,53.05,56.52,69.61,45.68,3,0,1,5.4,64.82
S104065,43.45,79.37,71.92,58.62,1,0,5,3.92,41.99
S104066,37.9,43.6,60.32,63.45,1,0,2,7.38,37.39
S104067,82.01,77.3,83.56,40.94,2,1,8,6.89,63.87
S104068,64.46,35.3,73.57,49.39,3,2,2,6.01,63.06
S104069,60.09,71.18,65.23,73.28,4,0,5,4.25,50.27
S104070,66.39,80.91,65.91,70.75,5,1,2,6.15,65.65
S104071,21.75,92.44,33.61,42.38,4,2,4,4.8,37.24
S104072,49.25,88.25,56.38,44.18,2,0,6,4.55,43.07
S104073,47.41,68.26,30.45,44.25,3,1,1,4.38,65.2
S104074,54.41,47.88,50.52,33.13,2,1,3,1.87,16.85
S104075,92.68,76.42,56.46,22.91,2,1,4,4.85,23.85
S104076,60.43,70.18,43.29,72.08,2,2,1,5.79,47.47
S104077,35.73,88.86,87.8,56.26,0,2,7,0.0,47.07
S104078,53.2,39.81,63.69,57.28,1,0,4,6.0,79.8
S104079,84.3,63.0,50.47,36.54,5,0,3,5.06,83.54
S104080,39.87,66.74,70.8,40.25,4,1,1,10.0,36.12
S104081,58.4,66.78,81.87,69.01,1,0,3,4.61,54.94
S104082,38.17,73.46,85.45,29.15,6,0,6,8.67,71.72
S104083,13.68,64.76,60.15,52.06,5,0,5,4.54,33.25
S104084,59.67,44.49,73.03,31.16,3,0,6,6.62,53.89
S104085,48.1,44.72,70.88,,2,0,5,6.59,22.97
S104086,60.22,25.23,75.2,55.04,0,0,5,5.58,40.78
S104087,72.79,53.68,77.8,40.51,1,0,2,10.0,79.58
S104088,38.7 ,63.99,66.41,38.78,5,1,5,6.11,49.8
S104089,71.94,68.79,65.98,33.06,3,0,4,2.16,48.15
S104090,48.6,49.27,61.4,81.3,2,0,4,7.91,52.27
S104091,37.75,80.63,59.24,16.52,2,1,3,0.05,44.7
S104092,50.59,69.83,72.45,25.64,3,1,4,10.0,22.41
S104093,26.56,78.33,56.37,100.0,2,0,2,5.43,75.76
S104094,72.22,48.89,79.61,25.62,2,0,4,6.25,88.07
S104095,53.62,45.7,63.58,23.14,4,0,4,5.21,47.54
S104096,68.35,63.44,46.22,40.82,2,0,6,7.66,38.02
S104097,53.04,49.3,94.81,26.72,6,1,5,6.56,85.53
S104098,57.12,68.33,62.67,73.11,1,0,7,4.73,46.27
S104099,67.77,84.43,65.38,65.8,2,0,9,2.5,36.89
S104100,63.61,50.15,27.17,55.2,0,1,3,4.94,22.09
S104101,75.02,61.65,59.57,70.76,2,1,2,9.96,39.85
S104102,41.14,52.53,49.59,71.18,1,0,6,3.91,42.64
S104103,53.22,44.14,94.2,57.4,0,1,2,7.13,84.01
S104104,32.88,18.43,71.66,26.11,3,2,4,2.12,75.69
S104105,62.56,52.59,56.49,62.61,4,2,2,4.66,73.58
S104106,28.86,77.31,30.24,97.01,3,0,2,3.97,41.52
S104107,41.34,65.78,79.93,59.48,3,0,0,0.0,61.63
S104108,38.56,57.59,50.38,44.62,2,2,4,4.2,63.91
S104109,62.7,66.12,69.59,64.23,3,3,6,4.74,63.66
S104110,50.6 ,67.45,64.13,42.41,6,1,3,9.8,80.33
S104111,56.03,63.88,33.16,46.72,1,0,3,5.69,79.49
S104112,60.15,83.56,89.87,28.44,4,0,1,5.92,62.11
S104113,99.79,64.78,39.48,54.13,2,0,2,6.43,92.99
S104114,49.83,48.82,56.08,20.15,4,0,4,3.32,41.22
S104115,,86.73,48.57,71.06,3,1,10,1.34,37.89
S104116,44.13,56.42,64.92,34.34,0,0,8,5.65,36.44
S104117,36.16,37.92,53.98,55.24,1,0,2,1.96,51.69
S104118,71.87,57.74,51.14,64.58,0,2,3,5.79,42.12
S104119,55.81,73.85,57.05,67.21,6,1,5,3.64,25.01
S104120,72.0 ,70.0,44.88,50.06,3,0,1,7.75,23.33
S104121,38.51,64.13,61.99,80.46,4,0,5,5.95,90.3
S104122,58.42,77.65,49.55,70.09,3,0,1,7.42,76.81
S104123,100.0,42.96,59.01,53.81,2,0,4,3.61,91.05
S104124,55.24,49.0,67.13,34.3,2,1,4,7.45,49.06
S104125,30.72,69.81,39.57,41.51,0,1,2,0.74,37.15
S104126,51.83,95.81,33.25,55.72,2,0,3,5.26,49.81
S104127,50.45,43.76,69.48,74.56,1,0,2,3.93,68.25
S104128,62.59,76.43,56.81,20.81,2,2,2,1.19,53.11
S104129,60.2,57.48,73.63,82.35,2,1,4,7.09,61.08
S104130,10.43,66.5,42.78,59.08,5,1,3,5.36,33.68
S104131,52.14,66.84,73.77,66.02,0,0,2,10.0,66.44
S104132,57.42,85.11,61.98,80.59,2,1,6,9.25,47.68
S104133,100.0,49.83,71.14,78.65,1,1,2,4.84,59.1
S104134,60.38,45.5,59.35,55.49,1,1,3,1.03,55.95
S104135,57.53,55.27,66.28,85.76,3,1,5,5.1,25.98
S104136,95.79,76.51,71.65,69.7,2,0,4,7.65,75.39
S104137,60.22,46.23,63.51,45.35,1,0,5,8.19,62.48
S104138,75.39,96.2,51.72,48.16,3,1,3,1.03,51.9
S104139,60.18,83.56,53.07,74.09,1,4,1,4.27,77.55
S104140,71.67,42.33,82.05,75.55,3,2,4,3.66,47.23
S104141,63.4,75.27,56.37,66.65,2,0,6,3.94,62.48
S104142,81.97,68.77,47.55,79.75,1,2,2,3.72,80.39
S104143,64.94,68.87,37.15,57.53,3,0,2,5.44,64.46
S104144,43.17,80.12,76.35,37.19,0,0,3,3.8,52.03
S104145,74.1,36.81,55.36,52.4,4,2,7,6.05,60.29
S104146,66.05,83.55,40.04,47.5,4,1,7,7.07,46.41
S104147,58.62,23.71,54.59,59.78,2,0,4,10.0,52.46
S104148,71.78,65.37,98.92,78.64,3,1,7,5.98,44.66
S104149,62.94,62.93,58.72,62.28,5,0,4,4.24,47.48
S104150,60.44,78.62,51.69,41.86,5,1,3,0.99,39.83
S104151,61.19,11.32,71.71,76.0,1,0,7,6.67,50.2
S104152,66.08,31.44,53.69,50.2,3,0,3,5.64,21.26
S104153,58.09,87.85,62.46,77.03,1,1,3,9.26,77.49
S104154,52.75,47.28,31.61,100.0,2,2,1,4.04,30.92
S104155,56.27,84.76,72.51,63.98,3,1,5,1.86,63.72
S104156,34.48,79.44,70.7,53.19,0,2,2,2.1,48.21
S104157,53.61,62.51,60.05,39.67,3,0,2,3.52,65.78
S104158,83.78,45.06,97.18,41.03,0,0,4,6.52,37.67
S104159,72.69,48.68,55.44,26.21,4,1,7,3.02,75.16
S104160,59.93,41.74,49.6,74.53,1,0,4,6.09,81.2
S104161,97.64,70.44,63.5,56.43,2,0,2,3.35,30.82
S104162,26.9,87.86,61.82,51.61,2,1,3,2.17,80.75
S104163,71.05,45.46,36.96,72.61,4,1,5,4.99,42.61
S104164,58.68,97.09,64.5,41.89,2,2,3,1.6,71.36
S104165,,26.85,81.8,67.41,1,0,5,3.88,49.03
S104166,68.83,86.22,39.81,35.0,2,0,1,5.06,58.9
S104167,27.79,29.62,11.67,64.66,6,0,1,7.04,40.22
S104168,39.39,69.79,61.92,37.13,2,1,7,3.19,30.26
S104169,45.06,30.73,72.13,74.0,2,0,6,8.11,46.37
S104170,43.57,28.93,48.02,,4,0,3,2.84,55.63
S104171,56.24,31.98,69.87,56.94,0,0,2,6.43,46.69
S104172,63.85,79.26,60.7,38.76,4,0,4,6.83,80.37
S104173,78.39,59.2,55.79,71.53,1,1,6,3.15,76.35
S104174,70.67,53.45,54.84,64.25,2,0,5,6.54,44.89
S104175,45.77,73.45,57.6,77.93,2,1,2,9.96,50.53
S104176,71.76,48.7,56.13,64.19,6,1,2,10.0,28.88
S104177,31.82,70.2,78.3,86.9,4,2,5,1.61,22.92
S104178,64.32,45.57,74.53,58.15,1,1,4,2.31,60.62
S104179,62.73,81.91,45.83,50.3,4,0,4,6.76,24.49
S104180,56.92,39.19,65.65,31.22,4,1,5,7.11,55.33
S104181,75.61,59.08,58.56,16.54,4,1,2,4.57,36.24
S104182,49.11,67.63,67.22,76.3,0,0,4,7.68,39.1
S104183,74.39,57.4,53.86,51.54,0,0,5,4.35,52.12
S104184,67.97,66.42,72.39,39.59,3,0,1,7.4,9.52
S104185,50.84,77.22,64.41,49.49,3,0,2,3.93,42.94
S104186,58.84,69.88,43.87,61.69,1,1,3,5.77,73.83
S104187,42.68,17.08,66.85,76.99,3,2,3,3.54,70.01
S104188,74.66,69.1,57.11,60.26,4,3,4,3.7,28.32
S104189,58.46,56.24,68.26,63.94,3,2,4,4.8,21.06
S104190,88.48,52.75,73.3,100.0,5,2,4,5.71,25.83
S104191,,38.45,74.11,30.91,2,2,6,8.13,21.45
S104192,44.16,18.44,40.03,53.98,2,0,8,5.89,67.19
S104193,37.62,78.63,53.32,40.76,6,1,2,6.6,48.36
S104194,53.77,54.1,67.84,59.99,2,1,5,4.78,52.2
S104195,77.14,34.55,72.38,,3,0,5,4.98,26.54
S104196,50.03,84.88,45.51,53.77,0,2,3,3.72,55.77
S104197,70.96,44.74,43.14,56.92,3,0,4,6.83,42.74
S104198,,59.15,91.36,54.65,5,1,6,4.19,63.68
S104199,42.5,64.55,52.52,47.65,1,0,3,3.69,48.81
S104200,49.24,100.0,53.7,48.37,1,1,4,0.6,43.17
S104201,35.05,91.96,30.78,45.35,3,1,7,7.63,77.07
S104202,46.59,47.41,63.76,52.16,2,0,4,1.86,47.53
S104203,61.26,43.84,53.87,69.46,4,0,4,9.17,67.66
S104204,45.35,67.35,68.28,49.36,1,0,4,6.11,86.21
S104205,40.81,56.98,49.1,66.44,3,1,3,4.5,68.89
S104206,71.35,90.28,77.06,50.16,2,0,4,4.75,45.42
S104207,43.89,52.6,91.12,73.8,1,0,3,3.11,71.01
S104208,69.56,95.37,44.77,83.36,5,0,3,5.43,44.65
S104209,79.86,75.48,42.68,41.82,6,1,3,7.18,70.71
S104210,46.45,17.61,62.32,43.04,1,0,1,10.0,64.99
S104211,31.95,94.01,40.67,32.61,3,1,2,4.78,41.3
S104212,59.06,56.08,65.5,40.95,2,0,3,8.55,39.83
S104213,39.98,25.91,57.58,74.62,3,1,3,5.75,81.26
S104214,62.66,62.02,71.39,49.96,4,2,6,5.25,47.34
S104215,35.46,12.76,61.14,54.96,0,0,3,6.09,87.18
S104216,55.27,49.87,88.6,47.94,4,0,2,4.15,47.76
S104217,48.39,75.67,54.85,23.2,2,0,5,3.08,67.37
S104218,55.96,60.55,85.6,55.88,4,3,2,4.16,41.38
S104219,49.58,43.54,55.7,38.98,2,0,7,4.68,45.14
S104220,45.02,67.09,75.6,33.57,3,2,2,5.86,62.21
S104221,66.2,58.26,39.14,10.53,3,1,2,8.64,97.82
S104222,72.56,54.25,74.94,47.72,4,0,10,5.13,42.69
S104223,60.04,69.55,54.03,63.01,6,1,2,4.55,62.05
S104224,27.04,52.2,93.63,57.84,3,0,4,3.18,43.23
S104225,59.68,81.5,45.99,40.75,1,0,2,7.51,36.04
S104226,67.91,58.36,55.62,44.29,5,0,2,5.05,65.18
S104227,94.95,71.6,81.02,75.58,2,3,7,5.01,16.71
S104228,23.49,72.13,71.3,67.66,4,1,4,0.34,70.59
S104229,48.1,65.3,47.79,73.89,1,1,3,4.17,20.89
S104230,40.9 ,66.81,30.7,45.52,2,1,4,0.0,31.55
S104231,56.05,67.83,51.18,79.6,0,2,4,2.02,69.7
S104232,60.46,68.52,56.7,100.0,0,1,2,4.06,52.41
S104233,72.22,62.57,71.22,11.78,1,1,6,8.84,56.57
S104234,64.85,67.14,73.43,84.17,0,1,6,4.85,24.59
S104235,50.14,83.78,62.38,81.03,1,0,4,6.96,72.26
S104236,33.4,54.6,47.6,57.05,4,0,6,7.86,63.51
S104237,69.5,80.61,52.51,41.58,3,1,4,4.09,52.26
S104238,59.08,20.48,43.11,51.26,1,1,5,4.31,43.43
S104239,51.06,45.36,69.52,47.94,2,1,4,9.32,48.44
S104240,75.57,33.44,38.53,56.97,7,0,6,4.5,44.03
S104241,46.8,49.27,75.07,63.06,4,3,3,8.99,29.0
S104242,92.49,69.38,62.47,39.89,4,0,3,3.52,20.46
S104243,51.13,60.55,39.35,45.06,1,0,2,3.1,22.85
S104244,81.85,60.72,66.56,47.42,4,1,4,10.0,100.0
S104245,54.82,22.24,36.52,37.72,6,1,4,4.51,37.2
S104246,65.27,60.49,53.57,69.93,5,1,2,2.04,53.89
S104247,50.73,81.6,49.35,41.18,4,0,7,9.51,46.3
S104248,79.9,58.47,50.66,39.34,3,2,2,3.93,36.69
S104249,36.59,69.57,68.42,29.88,6,1,3,5.71,53.69
S104250,87.51,65.1,59.71,41.13,2,2,2,6.43,46.54
S104251,51.7,43.75,45.39,44.96,1,1,6,4.18,50.94
S104252,43.45,35.13,53.49,43.21,5,1,6,5.08,89.9
S104253,46.92,73.29,50.19,53.46,2,3,1,3.97,55.13
S104254,5.96,48.36,56.85,47.62,3,0,5,6.67,54.18
S104255,58.39,75.66,61.09,45.06,0,1,2,5.89,48.26
S104256,49.04,55.16,60.14,76.55,4,0,8,4.17,55.3
S104257,60.95,100.0,51.57,59.86,3,0,6,5.78,66.33
S104258,72.48,50.21,53.43,28.9,3,0,6,5.24,39.44
S104259,86.09,67.82,63.54,40.21,1,2,5,6.55,28.01
S104260,71.16,66.43,49.38,61.27,1,2,7,8.06,40.82
S104261,51.74,79.56,58.26,50.25,4,0,6,4.47,78.59
S104262,70.57,55.66,48.4,43.43,3,0,5,7.33,23.08
S104263,60.83,66.13,40.33,73.48,1,2,3,10.0,61.9
S104264,68.74,65.78,82.0,53.42,5,3,3,6.45,72.01
S104265,39.54,43.83,72.33,44.55,1,0,6,1.5,27.87
S104266,43.11,75.36,54.48,67.91,2,1,4,10.0,86.8
S104267,38.06,78.7,59.29,36.24,3,0,5,7.51,22.81
S104268,27.73,58.15,86.0,52.23,1,0,2,8.11,62.11
S104269,50.21,57.42,62.46,51.2,2,0,3,4.16,24.4
S104270,40.88,75.17,81.04,79.0,2,2,4,7.32,71.91
S104271,48.43,52.93,93.67,43.77,5,0,6,0.0,32.07
S104272,35.47,57.7,72.58,74.2,4,0,2,8.27,47.81
S104273,61.44,52.2,66.91,37.94,2,1,2,4.26,37.15
S104274,27.72,49.17,63.03,66.36,4,0,3,4.74,37.16
S104275,36.59,47.43,53.77,33.12,5,1,6,5.86,50.54
S104276,57.13,78.1,79.7,43.55,2,2,4,8.56,7.77
S104277,45.23,78.59,52.1,62.56,4,5,4,1.84,35.63
S104278,56.12,32.09,46.81,60.82,0,1,6,3.69,28.43
S104279,79.7 ,33.05,82.36,77.68,1,0,3,7.81,76.62
S104280,26.03,46.31,60.71,51.03,0,0,5,4.47,26.32
S104281,29.27,42.6,57.07,37.89,2,0,7,2.74,42.76
S104282,36.64,45.9,39.24,45.85,1,2,0,0.0,75.43
S104283,85.73,55.61,42.28,40.42,2,1,3,4.66,39.0
S104284,81.79,81.75,53.69,45.62,1,1,7,7.79,47.05
S104285,54.72,56.85,52.61,68.49,6,1,7,9.98,29.93
S104286,38.96,54.31,79.36,54.43,2,1,3,5.36,39.58
S104287,69.87,38.75,77.55,83.5,2,0,1,8.9,6.0
S104288,87.56,76.25,71.77,41.65,5,1,5,8.23,52.61
S104289,53.79,68.81,88.52,72.33,1,0,2,4.19,35.83
S104290,53.81,52.32,60.56,80.28,2,0,4,5.22,69.73
S104291,78.82,31.5,54.09,90.77,3,0,3,0.91,64.01
S104292,62.64,21.12,42.33,59.62,2,0,0,0.3,49.35
S104293,58.5,66.05,27.55,70.01,0,0,4,6.28,39.06
S104294,36.63,63.84,44.79,44.39,1,0,3,1.91,19.57
S104295,60.53,48.76,55.25,,6,0,2,2.58,55.17
S104296,65.24,59.95,38.61,100.0,0,1,10,2.97,83.59
S104297,41.7 ,67.02,66.46,53.86,2,1,2,5.38,46.6
S104298,64.23,79.52,20.48,54.82,0,0,0,9.33,21.46
S104299,58.28,100.0,31.46,,2,1,6,2.74,47.46
S104300,51.02,70.18,62.43,67.63,5,1,5,1.56,58.82
S104301,,64.75,59.82,53.68,3,2,3,4.56,34.58
S104302,65.96,61.19,81.8,65.94,1,1,6,3.54,97.59
S104303,67.7,58.82,27.23,50.94,2,0,5,9.79,55.72
S104304,74.52,72.47,57.65,32.0,1,2,7,7.93,40.37
S104305,50.64,60.82,100.0,52.34,1,1,3,4.04,74.95
S104306,35.14,83.3,76.42,51.41,3,1,5,3.09,53.16
S104307,37.92,39.22,53.68,78.84,2,2,5,5.46,37.94
S104308,41.36,52.98,41.14,66.41,4,1,7,5.97,32.97
S104309,41.22,56.65,63.28,63.12,6,0,4,1.16,48.33
S104310,75.08,31.53,59.55,51.36,3,2,5,4.79,62.92
S104311,59.29,74.18,50.16,51.23,3,1,4,7.95,43.17
S104312,56.05,53.08,36.55,56.21,1,1,2,6.85,100.0
S104313,62.0,57.62,25.27,30.28,4,2,3,4.89,54.83
S104314,50.2,54.46,73.82,89.97,3,0,1,5.76,66.18
S104315,69.07,42.45,72.64,36.85,3,0,3,7.67,39.38
S104316,70.73,62.48,59.2,40.98,1,2,4,6.45,63.62
S104317,79.53,40.48,30.0,69.99,3,1,8,8.82,54.2
S104318,70.41,76.54,76.64,42.72,4,1,4,5.65,92.86
S104319,52.82,53.28,47.49,39.8,1,2,1,6.06,44.31
S104320,52.73,37.37,50.83,36.62,2,0,3,9.81,57.13
S104321,66.22,55.84,36.16,71.05,2,0,1,5.99,56.63
S104322,75.76,56.46,57.32,73.77,2,1,7,7.2,22.83
S104323,54.24,72.05,75.13,74.3,0,1,4,4.31,21.84
S104324,45.07,40.36,41.41,77.66,5,0,3,9.98,66.01
S104325,35.64,94.27,57.59,67.14,3,1,4,1.2,32.01
S104326,63.44,53.68,50.45,54.99,2,3,4,3.19,53.43
S104327,86.98,76.71,82.43,67.01,4,2,5,8.24,97.74
S104328,72.6,53.03,43.77,49.98,1,1,4,6.9,80.26
S104329,37.97,55.58,43.74,61.26,1,2,3,5.81,40.42
S104330,41.53,64.02,64.67,71.22,3,0,4,2.49,27.73
S104331,55.39,60.34,35.16,63.62,1,0,4,7.05,91.49
S104332,62.99,51.84,76.64,52.12,3,2,2,4.1,47.99
S104333,79.99,100.0,31.07,55.03,3,0,2,1.44,47.49
S104334,54.65,62.51,53.28,81.22,3,0,6,1.17,36.78
S104335,63.0,67.41,68.01,58.45,2,1,2,6.35,57.29
S104336,61.72,68.18,76.15,84.95,0,1,5,3.53,24.22
S104337,58.75,67.87,57.05,28.79,3,0,2,8.01,32.31
S104338,57.48,69.17,66.14,,2,1,2,10.0,69.27
S104339,45.61,59.01,68.78,48.22,2,0,1,3.29,38.18
S104340,61.61,34.47,53.74,58.27,2,0,3,7.37,33.67
S104341,26.27,52.59,83.59,64.55,2,2,2,6.83,61.3
S104342,63.44,56.86,56.61,43.99,1,0,5,9.06,30.79
S104343,83.16,47.52,100.0,75.65,4,1,4,6.43,33.4
S104344,61.53,74.18,49.42,43.15,2,1,2,6.55,45.08
S104345,67.35,72.61,56.48,34.39,2,0,2,10.0,44.05
S104346,64.66,68.15,39.01,56.42,6,1,10,3.94,32.38
S104347,40.0,43.54,60.65,54.28,3,1,3,7.34,43.16
S104348,47.16,69.01,52.28,69.91,0,2,4,8.33,6.49
S104349,9.86,43.09,50.79,89.86,3,3,6,5.79,53.07
S104350,61.98,37.0,54.26,46.32,4,0,4,5.03,41.67
S104351,35.62,35.42,78.42,36.49,1,0,1,8.89,46.41
S104352,71.74,57.3,72.23,30.89,2,0,5,7.22,57.41
S104353,55.64,49.96,42.84,54.6,4,0,1,3.27,59.95
S104354,63.78,74.05,61.2,82.5,4,0,4,5.87,30.2
S104355,20.95,54.24,56.83,47.49,0,3,2,5.66,54.52
S104356,61.98,65.14,72.85,54.78,0,0,5,8.32,52.21
S104357,82.23,69.39,55.43,62.33,6,2,2,4.9,67.68
S104358,85.04,56.77,58.82,56.85,3,1,5,2.49,23.57
S104359,59.85,67.61,63.5,49.93,3,0,3,0.0,47.25
S104360,69.7,49.12,52.89,33.31,3,0,3,5.14,49.82
S104361,44.14,37.53,63.31,60.94,2,1,2,4.3,17.68
S104362,43.74,43.09,29.39,37.3,4,1,6,8.64,39.59
S104363,42.22,61.02,68.99,42.59,1,3,4,6.39,38.04
S104364,46.22,78.48,48.95,36.63,1,1,7,10.0,66.26
S104365,54.98,48.13,38.33,18.23,3,0,3,5.86,64.73
S104366,63.66,55.85,42.99,82.59,2,0,2,7.96,59.26
S104367,77.53,62.39,43.02,51.63,3,1,5,9.9,58.35
S104368,71.12,59.24,65.62,37.44,1,1,5,2.34,55.96
S104369,62.96,71.87,63.87,55.91,0,0,0,4.76,20.38
S104370,73.46,68.45,72.38,66.96,4,2,6,2.52,62.39
S104371,21.63,64.56,59.07,16.08,8,1,7,6.56,20.76
S104372,78.74,40.76,91.54,47.67,1,0,3,6.96,76.79
S104373,45.14,68.87,44.36,48.55,2,0,6,5.47,60.34
S104374,43.29,85.34,29.05,69.08,2,3,2,3.84,23.26
S104375,52.35,58.47,48.88,50.67,4,2,3,5.43,40.0
S104376,36.6,78.86,33.33,81.66,0,1,1,2.02,29.05
S104377,25.38,55.32,55.33,45.87,2,3,6,8.69,83.92
S104378,35.93,26.81,49.15,38.84,1,1,4,9.18,35.3
S104379,57.64,48.03,46.97,57.4,1,0,4,7.85,48.28
S104380,32.9 ,32.62,50.85,60.35,1,0,5,3.42,18.47
S104381,67.64,46.5,51.39,,2,1,2,7.12,51.13
S104382,74.8 ,47.96,54.69,91.38,0,0,6,3.64,57.58
S104383,35.67,55.99,25.12,58.49,2,2,2,6.22,61.93
S104384,57.71,66.71,50.83,24.49,3,1,7,5.25,72.86
S104385,67.2,61.59,79.22,68.0,2,0,6,2.73,37.77
S104386,74.18,45.73,54.06,47.91,6,3,2,5.18,62.4
S104387,86.72,90.03,65.88,51.7,1,0,4,0.93,33.88
S104388,49.9,27.39,72.38,55.79,5,0,5,5.25,45.61
S104389,31.11,63.68,51.51,80.63,5,0,5,5.75,63.13
S104390,52.62,66.1,55.93,55.53,2,1,7,5.3,51.63
S104391,26.04,86.49,31.94,,1,0,3,4.14,70.49
S104392,63.7,51.75,34.27,32.84,3,0,5,5.38,27.62
S104393,56.45,62.16,59.51,0.0,1,0,6,7.03,51.33
S104394,29.58,73.84,67.0,39.18,2,0,4,6.6,67.32
S104395,36.98,42.53,86.64,49.14,0,0,2,3.57,23.77
S104396,87.01,52.82,84.97,54.37,4,0,6,1.92,57.87
S104397,62.51,66.66,60.73,95.21,1,0,7,6.93,77.77
S104398,62.25,63.3,74.31,65.05,2,1,5,3.12,63.53
S104399,17.75,65.91,57.12,54.3,0,2,2,3.01,60.24
S104400,59.86,82.34,44.92,33.51,1,3,1,0.0,35.02
S104401,54.25,31.6,58.31,60.94,1,1,4,4.41,27.75
S104402,65.36,39.39,27.64,84.32,3,0,4,10.0,47.88
S104403,78.24,77.67,58.61,,3,0,4,5.99,68.43
S104404,49.47,61.09,48.45,47.34,8,0,5,4.62,47.81
S104405,67.63,79.46,63.24,83.5,5,0,4,4.46,36.43
S104406,84.67,41.81,44.99,44.99,5,3,7,3.03,82.49
S104407,60.52,81.47,58.68,48.36,2,1,2,8.16,14.35
S104408,35.43,77.73,52.67,56.6,2,0,7,6.68,73.24
S104409,64.17,59.7,57.56,98.13,3,1,2,3.61,27.07
S104410,59.68,50.61,75.69,71.0,0,0,5,9.32,13.2
S104411,35.01,70.89,31.53,28.26,3,0,3,6.86,38.84
S104412,80.49,63.39,32.47,65.22,1,0,5,5.49,51.05
S104413,73.08,74.27,23.05,72.12,2,1,3,9.01,61.0
S104414,76.02,73.86,72.8,71.3,1,1,5,6.71,40.82
S104415,68.68,68.17,71.45,46.24,7,2,6,10.0,35.28
S104416,31.52,38.55,44.61,65.07,1,0,7,6.32,28.68
S104417,37.39,83.19,69.83,67.28,4,2,2,7.81,76.64
S104418,49.03,38.67,26.38,28.68,2,2,4,7.77,37.79
S104419,74.51,75.51,53.87,61.18,2,1,5,7.7,15.33
S104420,76.15,83.2,80.24,40.8,0,1,7,6.95,67.57
S104421,63.8,45.95,65.53,49.52,1,1,6,5.67,18.1
S104422,56.61,76.43,72.38,21.77,1,1,4,4.17,68.49
S104423,94.46,71.08,64.89,58.06,1,0,2,6.92,23.34
S104424,76.25,69.9,43.81,40.52,0,0,3,7.17,18.3
S104425,60.54,45.26,69.72,50.27,2,1,4,6.49,44.38
S104426,37.83,98.5,59.43,21.16,2,0,2,9.21,36.21
S104427,48.71,57.59,46.92,47.96,7,1,3,4.37,69.07
S104428,76.45,51.64,47.34,46.88,2,1,4,5.71,34.01
S104429,66.12,54.97,89.46,57.46,1,1,2,1.18,33.9
S104430,61.73,65.55,53.15,67.31,4,0,2,8.95,53.86
S104431,53.14,90.67,28.82,74.4,1,0,7,1.9,28.7
S104432,52.05,64.04,28.33,57.69,0,0,4,6.65,54.1
S104433,54.43,79.32,66.48,51.34,5,1,4,5.3,83.25
S104434,39.01,13.29,66.96,60.32,1,0,5,2.71,56.24
S104435,85.6,72.26,70.19,48.86,2,1,6,6.2,73.6
S104436,51.5 ,69.27,100.0,56.19,5,1,6,0.34,56.47
S104437,41.53,59.18,90.17,64.8,1,0,0,7.09,47.4
S104438,61.03,68.8,68.9,76.97,4,0,2,9.03,42.6
S104439,75.07,37.3,65.61,65.75,4,1,3,8.49,47.81
S104440,60.91,67.17,75.75,72.77,2,2,2,5.04,70.46
S104441,73.57,86.02,50.16,100.0,3,0,4,4.09,56.94
S104442,52.81,69.34,64.79,46.88,1,0,7,4.49,13.41
S104443,63.3,79.88,56.54,78.96,2,2,5,2.53,49.58
S104444,73.34,78.02,60.59,17.09,3,1,4,5.78,0.0
S104445,68.28,57.25,38.55,49.19,2,0,6,5.87,11.68
S104446,69.64,52.86,41.39,45.96,2,1,5,3.49,65.89
S104447,64.14,57.31,21.62,65.31,0,0,5,3.83,58.42
S104448,58.05,65.42,59.38,22.76,1,0,7,10.0,79.57
S104449,89.26,88.1,78.59,72.53,3,1,12,5.53,59.67
S104450,18.49,60.04,35.83,77.91,2,1,1,3.01,63.24
S104451,40.3,75.57,43.48,72.51,1,0,4,8.4,26.75
S104452,68.64,93.01,42.42,36.33,1,1,2,4.03,54.91
S104453,56.56,63.97,45.08,13.59,5,0,2,7.52,70.84
S104454,39.06,73.72,31.11,75.55,3,0,3,6.31,52.05
S104455,68.14,76.7,45.68,87.07,3,0,4,3.62,77.74
S104456,39.43,31.8,91.71,58.66,3,1,9,7.36,35.98
S104457,69.94,30.49,31.15,62.1,2,0,6,7.85,20.28
S104458,76.21,73.25,44.92,34.13,0,2,6,5.93,42.45
S104459,24.36,99.03,35.64,63.69,3,1,3,5.88,74.39
S104460,37.49,57.24,60.42,50.25,1,4,1,5.65,52.11
S104461,94.37,43.52,45.61,58.49,3,0,2,4.08,67.15
S104462,33.15,49.69,62.14,33.77,5,0,2,4.88,44.45
S104463,36.05,36.17,42.41,72.65,4,2,2,6.02,53.68
S104464,49.84,44.1,39.91,89.81,4,0,6,9.18,28.95
S104465,77.52,57.64,38.71,67.28,1,3,6,5.95,31.39
S104466,22.36,61.06,61.07,24.74,3,0,5,5.51,34.32
S104467,56.68,82.67,94.24,46.62,1,1,2,4.51,39.22
S104468,69.09,49.94,46.91,63.7,1,2,5,7.12,52.03
S104469,24.01,45.07,39.03,73.53,3,0,5,9.6,44.88
S104470,,66.38,70.35,59.06,2,2,5,9.41,50.29
S104471,43.11,65.36,81.29,45.4,2,1,4,0.76,52.27
S104472,60.63,70.13,69.96,70.21,4,0,2,6.99,51.34
S104473,43.95,62.03,66.88,50.55,2,0,3,8.29,71.58
S104474,47.6 ,57.28,75.46,47.98,4,1,4,6.9,25.45
S104475,86.65,84.44,69.56,60.9,3,0,2,8.0,77.16
S104476,28.05,61.27,61.61,70.29,3,0,5,7.04,86.91
S104477,28.55,47.06,51.02,65.35,1,1,2,3.53,58.3
S104478,52.99,57.68,71.64,47.83,3,1,4,6.16,60.52
S104479,71.01,50.97,71.23,38.18,1,1,5,5.51,43.71
S104480,38.86,100.0,21.72,66.41,0,0,1,5.77,67.83
S104481,54.92,70.37,63.26,43.02,2,0,5,7.18,33.75
S104482,16.52,26.38,49.29,33.56,0,1,4,1.29,46.12
S104483,58.38,70.68,53.52,62.34,2,0,3,6.69,72.63
S104484,66.19,88.9,43.19,44.9,6,1,7,5.65,66.03
S104485,,51.44,62.05,45.33,1,0,4,9.2,28.23
S104486,62.96,34.22,64.76,38.44,4,0,1,1.63,59.08
S104487,55.31,53.69,51.46,56.76,1,1,6,5.73,64.32
S104488,49.81,49.52,80.66,32.96,1,1,6,7.01,47.46
S104489,69.75,72.98,34.6,36.54,2,2,1,3.63,68.61
S104490,56.74,75.12,28.02,90.02,1,1,3,1.9,50.95
S104491,41.41,71.32,34.42,54.12,3,1,2,3.51,60.26
S104492,,67.48,71.48,52.59,3,1,6,6.93,3.21
S104493,37.31,82.88,47.13,77.17,1,1,4,10.0,77.93
S104494,36.63,60.53,65.78,91.22,4,1,6,5.45,45.26
S104495,50.38,69.93,74.53,59.29,1,0,3,6.33,15.59
S104496,44.37,65.43,31.36,41.16,4,2,5,0.05,84.98
S104497,54.41,63.02,75.79,52.82,3,0,5,6.87,31.45
S104498,59.64,69.27,29.75,59.45,3,2,2,3.93,60.4
S104499,,46.5,39.86,72.96,2,3,5,4.59,48.08
S104500,,60.22,54.01,32.52,2,0,2,4.09,49.85
S104501,65.5,46.96,53.71,59.32,1,2,3,4.08,59.18
S104502,,56.33,52.06,46.38,3,0,5,5.71,31.75
S104503,42.67,61.26,50.4,65.37,3,0,6,4.23,68.2
S104504,51.62,59.72,54.97,68.19,0,3,7,8.11,51.42
S104505,83.0,97.42,63.84,47.98,2,1,8,5.21,38.36
S104506,66.78,52.38,52.59,61.74,8,3,3,5.48,63.16
S104507,37.87,65.96,94.59,37.05,2,0,4,5.81,43.14
S104508,40.33,68.17,70.37,51.78,3,1,4,4.72,31.24
S104509,51.2,72.8,63.41,51.63,0,1,7,4.82,67.34
S104510,42.21,53.87,46.78,41.37,3,1,5,5.5,37.52
S104511,72.92,86.83,32.68,38.96,1,2,2,3.52,53.29
S104512,70.39,56.49,67.95,20.98,3,0,5,1.29,52.83
S104513,52.59,86.1,44.65,39.0,1,1,4,6.9,58.0
S104514,64.84,67.06,74.16,70.01,3,0,7,7.59,72.07
S104515,35.68,70.81,61.34,50.5,2,1,4,5.4,45.45
S104516,70.99,40.02,82.79,54.66,1,3,5,6.98,44.38
S104517,26.64,71.48,49.3,42.88,4,0,4,5.47,50.66
S104518,72.08,34.71,51.12,59.07,1,2,3,1.17,65.14
S104519,55.77,44.71,65.05,67.38,5,1,2,4.07,56.84
S104520,52.23,83.31,66.93,52.74,1,1,1,2.92,40.84
S104521,24.7,44.49,63.23,95.23,2,1,4,1.23,15.52
S104522,55.19,57.73,51.15,58.86,1,2,1,7.42,66.96
S104523,83.49,51.91,45.09,35.27,4,0,5,2.44,4.54
S104524,66.45,52.57,74.17,58.22,0,1,1,1.91,39.98
S104525,79.19,46.47,51.34,60.27,4,2,4,7.22,93.47
S104526,55.38,65.7,72.64,27.05,3,1,3,5.24,67.24
S104527,60.89,85.05,51.53,34.59,2,0,4,2.79,51.89
S104528,29.42,28.95,49.18,44.15,5,0,5,5.26,54.02
S104529,73.2,76.01,73.83,100.0,2,0,6,6.02,9.93
S104530,41.07,90.1,49.83,58.57,0,2,4,0.0,61.27
S104531,,68.46,61.45,38.05,1,0,4,7.61,29.77
S104532,71.86,39.03,51.72,34.99,4,0,6,8.34,30.43
S104533,58.13,52.88,58.36,,0,0,4,5.86,52.49
S104534,74.3,74.69,48.95,26.78,0,0,3,7.99,57.67
S104535,57.36,42.02,45.88,71.66,3,0,3,4.13,33.59
S104536,44.73,69.71,54.29,,2,1,5,3.48,67.05
S104537,76.18,38.38,44.04,22.12,3,1,2,2.5,68.24
S104538,78.97,62.18,69.85,54.6,3,0,7,6.52,69.71
S104539,62.58,55.83,67.89,89.12,2,1,2,5.92,40.82
S104540,54.23,37.61,80.64,36.27,5,1,6,4.33,38.53
S104541,,69.71,67.79,45.04,2,0,3,2.29,57.15
S104542,51.16,50.69,39.61,43.42,2,2,3,1.4,63.37
S104543,64.84,67.79,54.72,81.06,2,2,6,6.94,29.2
S104544,57.6,66.0,37.44,36.23,0,1,4,4.73,11.54
S104545,62.82,50.52,51.07,84.74,2,1,6,6.69,42.12
S104546,56.36,80.81,49.93,77.51,4,1,4,5.04,45.61
S104547,59.8,51.86,70.74,26.11,1,3,2,3.88,33.15
S104548,61.07,79.79,62.83,39.61,0,2,3,5.98,64.07
S104549,56.7,60.2,84.69,29.79,3,0,4,3.89,49.82
S104550,65.84,82.91,69.62,90.84,2,0,2,9.24,60.23
S104551,56.8,54.54,54.12,69.73,3,1,4,1.24,63.74
S104552,54.78,56.23,73.77,34.36,4,1,5,4.19,41.67
S104553,71.0,31.24,59.36,86.12,4,2,2,8.64,94.79
S104554,11.43,87.13,64.65,12.53,2,1,2,7.16,20.32
S104555,48.64,64.34,52.44,56.18,1,0,5,6.72,62.06
S104556,73.71,58.69,34.34,43.51,2,2,6,0.43,27.22
S104557,53.35,37.39,55.52,59.16,3,2,3,3.53,76.19
S104558,76.25,76.53,69.97,62.39,4,1,3,0.0,46.97
S104559,61.52,24.56,78.0,37.17,2,2,2,4.26,80.96
S104560,48.2,58.28,93.29,68.89,3,0,5,6.25,42.15
S104561,55.19,32.98,100.0,57.6,2,3,3,8.67,13.11
S104562,35.6,39.9,71.9,50.83,4,0,3,4.21,50.17
S104563,77.43,55.0,68.26,54.81,3,2,5,2.21,39.92
S104564,61.91,92.93,37.89,59.57,0,0,4,1.82,35.19
S104565,69.78,50.1,56.27,52.46,2,0,2,7.25,25.27
S104566,30.83,41.5,39.77,33.21,0,2,3,7.73,66.64
S104567,83.59,77.13,13.88,35.85,5,3,7,2.6,46.94
S104568,59.6,44.06,55.69,51.91,2,1,2,6.36,24.25
S104569,46.86,68.26,39.81,42.15,0,1,4,4.79,60.89
S104570,57.15,89.4,48.0,81.03,2,0,2,6.18,47.27
S104571,40.02,66.05,31.63,56.95,2,1,7,8.45,50.82
S104572,75.35,63.29,89.8,70.73,2,1,4,6.55,68.52
S104573,46.24,56.45,51.16,72.24,1,2,6,3.01,41.41
S104574,68.91,60.2,46.73,72.22,6,0,6,8.91,9.71
S104575,,54.84,69.18,59.97,4,0,6,3.96,65.1
S104576,70.16,49.89,68.9,55.91,1,1,3,5.88,7.77
S104577,55.77,70.08,59.15,38.1,3,2,4,7.54,51.93
S104578,66.23,54.32,47.22,63.31,4,0,4,4.47,57.44
S104579,48.5 ,69.82,80.01,44.19,4,2,2,7.05,56.89
S104580,58.11,56.4,47.97,61.96,1,2,6,5.45,55.89
S104581,55.8,20.67,58.31,23.94,2,1,4,7.71,46.64
S104582,45.5,78.66,48.74,,3,1,8,10.0,78.34
S104583,85.02,53.37,42.8,75.45,1,0,6,10.0,44.5
S104584,65.81,70.78,67.57,53.32,1,1,7,8.23,34.94
S104585,59.47,43.54,65.99,40.62,4,2,7,2.81,38.34
S104586,34.75,75.84,54.84,57.61,1,0,5,5.06,10.76
S104587,58.35,67.9,53.93,19.35,4,2,2,6.01,22.27
S104588,41.65,31.62,51.32,42.49,2,0,3,5.95,68.43
S104589,55.75,47.17,61.14,45.88,4,3,4,4.05,62.79
S104590,80.77,59.61,52.53,77.24,3,0,3,7.19,47.18
S104591,75.95,60.46,77.03,,1,3,3,6.48,36.45
S104592,71.96,52.41,65.07,42.44,3,1,6,3.51,76.78
S104593,55.47,68.8,43.74,43.53,2,1,4,5.29,36.88
S104594,52.55,45.95,55.74,25.63,4,0,3,5.55,36.48
S104595,39.37,85.27,88.22,51.06,3,1,3,7.19,23.66
S104596,56.07,53.29,45.29,70.91,3,0,1,7.36,42.18
S104597,63.77,42.38,90.93,47.61,1,1,5,6.53,58.32
S104598,69.62,73.18,43.2,98.24,2,1,2,9.28,94.3
S104599,28.86,63.42,84.9,56.77,1,0,6,4.06,33.07
S104600,69.63,22.0,36.11,77.89,4,1,3,3.23,66.17
S104601,76.36,28.97,63.84,64.47,3,0,2,6.59,64.39
S104602,54.19,41.52,60.24,59.46,2,1,4,5.16,71.01
S104603,71.26,77.96,47.27,59.86,0,0,7,4.03,65.88
S104604,44.96,62.71,94.06,46.84,0,0,1,5.85,48.12
S104605,81.69,50.75,21.93,36.91,1,0,4,4.67,58.82
S104606,79.05,67.65,47.46,31.0,6,1,4,3.79,43.33
S104607,82.43,69.83,30.6,50.19,4,0,5,8.1,11.16
S104608,42.99,59.17,62.4,87.84,0,3,1,8.4,41.63
S104609,55.18,22.27,33.02,38.56,4,3,0,6.87,67.93
S104610,46.55,64.4,57.4,51.71,0,1,4,9.59,43.61
S104611,58.27,68.93,71.69,51.38,3,0,9,4.04,46.82
S104612,38.89,60.41,37.6,60.15,3,1,1,7.39,23.09
S104613,62.28,61.32,89.75,49.36,1,2,3,5.39,65.96
S104614,60.99,59.66,37.43,67.36,4,0,6,6.69,69.55
S104615,68.44,68.11,43.74,2.92,1,0,6,8.37,45.9
S104616,57.52,77.77,60.78,54.92,0,1,4,4.82,41.33
S104617,65.67,48.11,60.42,63.54,1,0,2,7.5,27.37
S104618,65.21,49.64,25.79,46.8,3,0,6,2.69,45.73
S104619,34.24,71.69,79.9,49.99,2,1,5,5.16,32.62
S104620,27.02,59.88,70.42,45.82,3,0,7,4.77,20.69
S104621,54.34,49.34,40.72,63.15,2,1,3,4.35,56.63
S104622,47.62,67.08,62.99,44.8,2,1,2,5.0,55.48
S104623,34.65,61.69,62.76,51.62,2,0,3,8.01,46.83
S104624,39.21,56.52,77.11,45.93,1,0,1,8.6,61.62
S104625,40.25,19.82,52.53,42.46,5,0,6,6.94,15.82
S104626,42.64,67.09,42.09,65.1,2,0,3,5.32,42.25
S104627,,86.73,28.6,36.07,3,1,3,3.3,36.17
S104628,58.58,58.44,66.52,51.73,4,1,4,5.05,37.11
S104629,69.33,48.88,57.56,0.0,4,0,5,3.85,35.99
S104630,34.03,76.76,75.95,,2,0,1,5.33,82.61
S104631,47.14,73.06,40.91,26.77,4,0,3,6.17,31.55
S104632,69.73,91.25,64.47,57.96,6,0,3,6.16,26.8
S104633,61.69,74.18,58.35,55.43,1,2,3,7.95,15.4
S104634,54.48,67.36,75.0,28.44,5,2,10,9.29,53.88
S104635,73.31,36.26,64.0,24.71,2,1,3,6.83,41.64
S104636,80.23,54.47,66.62,65.85,6,1,5,3.53,38.66
S104637,60.53,71.45,15.26,45.57,3,0,5,2.8,45.77
S104638,40.43,57.98,49.53,64.69,4,2,3,8.73,45.01
S104639,63.32,34.09,36.63,69.86,3,0,4,4.33,86.17
S104640,70.33,65.83,48.54,46.37,2,0,7,7.06,61.39
S104641,41.29,86.4,51.06,55.64,4,0,1,9.03,73.83
S104642,75.21,41.98,65.38,10.42,3,1,6,1.02,26.39
S104643,40.35,80.48,32.54,,1,1,1,7.56,62.26
S104644,91.99,70.71,39.67,42.25,3,1,2,5.26,64.48
S104645,54.53,97.24,53.21,65.72,2,1,7,4.82,48.94
S104646,50.05,42.42,48.44,60.56,4,0,8,7.16,63.23
S104647,75.49,48.45,51.15,50.59,1,2,2,1.57,34.07
S104648,36.19,32.78,62.27,51.3,4,0,5,4.38,92.04
S104649,38.37,64.31,54.36,23.2,6,1,6,5.54,45.32
S104650,45.78,73.74,45.9,57.23,3,1,6,8.19,44.23
S104651,62.59,62.85,51.39,38.15,4,1,3,8.18,59.57
S104652,75.62,55.21,65.32,49.18,2,1,3,4.24,54.72
S104653,50.8,51.85,42.98,64.79,3,0,2,7.51,89.4
S104654,58.23,74.17,76.63,27.98,2,3,8,3.85,47.65
S104655,69.1,68.41,21.23,,6,1,5,4.98,50.36
S104656,62.4,67.22,40.77,48.37,3,0,5,6.88,60.26
S104657,53.61,47.82,66.45,,3,4,5,5.16,87.26
S104658,17.6,51.41,62.31,32.8,3,0,3,5.1,55.56
S104659,75.53,74.21,58.89,50.75,1,2,3,0.41,75.29
S104660,59.7,70.08,45.69,37.94,3,1,4,3.74,52.83
S104661,80.13,75.09,72.2,41.68,2,0,7,2.14,41.43
S104662,40.9 ,60.58,50.6,62.94,2,2,1,5.25,46.34
S104663,50.83,53.18,77.74,59.34,2,1,2,2.65,39.92
S104664,35.55,73.22,46.45,58.13,3,1,3,4.53,44.65
S104665,58.19,64.59,83.43,45.93,1,2,5,9.02,53.84
S104666,42.6,56.0,64.92,46.96,6,1,1,3.5,26.98
S104667,72.13,55.1,59.23,33.67,0,0,4,6.82,30.74
S104668,57.57,48.55,62.03,75.85,2,2,7,3.99,59.97
S104669,66.3,62.78,37.07,56.41,3,0,2,3.99,24.2
S104670,75.39,40.67,56.5,62.28,2,0,4,0.0,32.78
S104671,59.11,64.55,89.6,65.64,3,0,6,4.67,69.58
S104672,58.79,48.25,64.67,38.36,1,0,4,5.6,48.93
S104673,,57.4,28.3,46.4,2,1,6,7.05,65.56
S104674,47.56,71.03,52.28,64.65,2,3,3,3.35,32.34
S104675,33.59,81.59,41.87,61.42,4,1,6,8.29,54.3
S104676,61.62,40.52,53.65,69.44,3,2,5,4.46,22.76
S104677,45.82,56.62,48.87,85.65,1,0,1,4.86,39.29
S104678,58.46,81.62,37.77,65.02,1,1,2,8.24,76.14
S104679,68.6 ,14.9,100.0,75.55,4,1,6,5.0,43.21
S104680,70.88,67.23,53.22,76.09,1,1,5,5.32,80.51
S104681,75.13,34.61,73.37,66.12,1,1,4,6.94,37.88
S104682,53.11,53.81,39.11,73.73,3,0,4,6.13,41.21
S104683,35.39,97.59,49.95,69.46,5,1,2,9.83,58.61
S104684,69.79,68.35,54.37,83.03,4,0,4,5.34,21.37
S104685,73.77,53.0,47.39,52.85,2,0,4,6.14,71.43
S104686,52.56,42.57,57.51,11.65,3,2,7,6.91,93.31
S104687,26.24,38.39,83.14,69.18,6,1,2,6.57,50.13
S104688,20.25,96.93,46.58,21.44,2,0,2,4.13,50.75
S104689,60.66,58.01,58.04,61.59,1,0,4,2.48,100.0
S104690,100.0,43.85,95.94,59.48,3,1,3,3.48,46.81
S104691,54.82,51.77,31.68,33.75,0,0,2,7.28,24.88
S104692,49.91,40.42,56.78,33.74,3,0,6,1.55,69.84
S104693,70.54,58.84,58.5,66.25,0,2,5,0.94,41.22
S104694,51.52,29.82,74.11,70.91,6,1,4,4.99,65.6
S104695,81.07,52.99,57.18,30.55,2,0,4,7.28,14.5
S104696,63.56,58.71,26.08,70.26,2,4,4,3.51,65.76
S104697,41.25,62.99,40.33,76.57,2,1,4,6.03,44.99
S104698,9.03,46.14,93.03,27.79,2,0,5,10.0,34.94
S104699,54.33,42.71,56.75,43.89,3,2,7,2.18,70.59
S104700,43.07,63.39,41.61,42.46,2,0,6,6.99,61.17
S104701,54.49,37.28,55.96,49.25,1,2,3,6.21,24.59
S104702,48.77,63.69,50.96,49.63,2,1,3,5.41,23.77
S104703,48.87,72.12,80.59,54.11,2,0,2,4.0,48.66
S104704,77.55,62.25,56.18,46.23,1,3,3,0.48,44.52
S104705,41.96,66.7,63.09,50.86,3,0,1,0.0,44.4
S104706,46.15,62.19,37.99,46.54,2,0,5,6.94,62.01
S104707,66.35,58.96,50.55,29.43,1,0,2,1.58,59.7
S104708,34.26,45.42,39.71,94.71,3,1,5,2.0,53.29
S104709,77.15,70.39,64.94,61.76,6,1,4,5.48,50.75
S104710,81.93,73.92,34.21,32.22,0,0,4,6.84,23.92
S104711,61.03,76.52,83.79,63.43,1,0,4,7.78,66.4
S104712,59.93,80.93,79.82,94.74,3,1,3,6.65,41.31
S104713,72.52,41.35,59.08,67.18,2,1,7,5.03,51.7
S104714,53.57,61.83,69.53,51.92,4,0,0,6.06,61.38
S104715,30.7,66.19,59.76,84.39,1,0,7,9.87,15.26
S104716,53.52,81.66,67.07,52.59,2,1,3,3.26,61.65
S104717,32.03,41.3,65.1,55.58,3,3,5,10.0,60.13
S104718,64.64,62.27,52.26,65.32,2,0,3,7.19,30.18
S104719,58.27,86.33,65.46,61.39,3,1,3,5.31,33.17
S104720,66.95,42.38,47.45,30.93,5,3,2,5.76,0.0
S104721,57.94,63.49,66.5,23.5,2,1,5,6.5,39.58
S104722,82.66,63.27,60.35,42.49,2,0,4,9.85,47.51
S104723,29.25,79.95,81.87,37.75,1,0,4,4.14,48.2
S104724,39.6,44.23,35.96,36.87,2,0,3,6.28,55.4
S104725,79.51,46.82,64.4,54.38,3,3,1,6.25,58.57
S104726,43.49,56.47,34.58,56.57,6,2,6,8.39,21.04
S104727,85.36,41.12,63.6,46.27,3,1,1,7.71,21.78
S104728,84.45,68.6,56.56,28.03,4,2,6,3.3,40.33
S104729,56.97,81.66,40.53,71.83,1,3,6,4.47,54.13
S104730,70.93,90.22,23.26,41.12,5,1,4,8.55,48.4
S104731,75.04,83.39,82.66,40.11,4,1,3,5.92,28.98
S104732,32.14,70.22,56.91,59.25,5,2,2,4.02,73.46
S104733,44.24,41.71,67.26,70.64,4,1,4,4.16,53.56
S104734,77.2,39.48,76.73,72.1,4,0,4,0.79,91.75
S104735,42.47,21.2,61.44,50.81,3,1,2,2.98,59.88
S104736,56.02,68.78,66.59,41.96,2,2,3,4.67,10.94
S104737,76.05,34.42,70.73,33.27,3,0,2,9.16,71.0
S104738,55.79,46.58,61.23,31.76,5,2,5,3.58,14.07
S104739,55.12,69.98,61.54,59.37,4,0,4,4.09,39.91
S104740,84.82,58.74,63.95,15.08,1,0,5,6.93,60.0
S104741,6.82,49.16,58.82,30.12,0,1,2,5.62,43.45
S104742,60.62,39.82,86.61,100.0,4,1,4,8.69,29.14
S104743,64.55,54.57,60.07,49.48,3,0,4,7.24,6.79
S104744,39.82,56.42,35.6,,3,2,6,7.63,46.68
S104745,69.73,75.24,75.53,14.52,1,0,6,5.87,23.65
S104746,22.67,60.9,50.6,54.57,3,1,7,7.24,53.8
S104747,47.91,75.77,44.71,100.0,3,1,2,7.51,44.98
S104748,38.7,50.86,71.88,68.5,1,0,6,8.44,60.63
S104749,44.07,56.79,69.44,31.62,2,2,6,6.8,50.3
S104750,39.73,44.89,88.75,59.17,2,1,3,6.79,47.71
S104751,65.24,70.1,61.71,39.84,0,0,3,8.41,52.62
S104752,37.06,59.93,87.13,43.82,2,1,10,4.14,29.82
S104753,74.45,50.23,27.69,75.92,3,0,2,3.07,34.74
S104754,47.59,73.41,61.76,23.34,4,1,2,6.26,61.15
S104755,30.54,76.9,66.5,71.21,3,1,9,7.84,58.37
S104756,76.97,43.68,49.58,35.61,4,1,11,1.42,85.86
S104757,51.49,83.18,68.07,65.81,3,0,3,5.48,44.22
S104758,72.01,43.24,53.77,43.68,3,0,6,5.07,63.23
S104759,36.73,59.64,80.11,52.69,2,0,1,3.69,6.09
S104760,69.93,77.54,52.93,52.64,5,1,4,2.3,48.49
S104761,78.85,59.28,74.87,0.0,2,1,4,5.01,55.71
S104762,35.55,71.18,59.65,72.85,0,1,6,2.86,45.29
S104763,28.07,67.79,59.48,44.22,4,0,2,5.89,49.95
S104764,14.06,59.72,54.32,57.68,2,0,13,3.35,90.14
S104765,74.6,37.55,63.07,53.54,1,2,3,3.98,54.07
S104766,43.3,53.45,54.47,62.23,1,1,10,2.9,0.0
S104767,28.71,61.68,74.28,65.76,2,1,4,6.08,48.36
S104768,45.94,86.21,14.94,86.19,5,0,1,5.64,81.99
S104769,,72.19,37.35,64.81,4,1,7,4.77,37.76
S104770,28.01,90.8,54.77,55.68,2,1,4,5.65,61.94
S104771,64.07,75.39,44.82,54.12,1,4,8,1.75,51.78
S104772,40.04,46.27,55.37,51.55,1,0,8,5.96,36.7
S104773,74.15,49.77,85.77,36.36,2,0,2,7.77,67.82
S104774,68.37,43.77,36.0,78.44,4,0,5,3.98,72.36
S104775,20.25,49.35,33.89,42.54,7,0,7,7.46,41.09
S104776,42.02,77.75,61.34,33.24,6,0,5,10.0,56.47
S104777,45.89,63.02,62.23,56.51,7,0,3,6.11,67.03
S104778,64.93,62.14,61.11,61.46,9,0,1,3.42,82.3
S104779,36.24,87.22,56.99,56.73,4,0,5,8.97,94.16
S104780,55.22,36.59,38.18,75.72,4,1,5,6.06,76.18
S104781,,37.62,77.75,60.13,4,3,2,4.99,68.19
S104782,48.62,77.92,73.17,64.67,3,2,9,2.8,63.73
S104783,53.19,50.56,76.7,77.9,2,1,2,6.73,56.39
S104784,98.68,45.44,65.53,97.3,0,0,6,8.04,66.0
S104785,54.18,69.69,66.91,63.43,5,0,3,7.72,32.18
S104786,65.42,74.15,45.33,91.84,6,1,8,4.08,47.72
S104787,,71.01,72.89,51.97,1,1,6,4.2,15.07
S104788,63.07,26.68,70.25,36.32,1,0,2,5.27,71.9
S104789,,66.94,56.0,75.81,2,0,4,6.48,54.77
S104790,51.24,52.81,65.7,37.97,6,1,3,5.91,48.83
S104791,65.35,82.74,65.82,100.0,5,0,1,6.89,55.21
S104792,71.67,69.6,61.5,52.56,2,0,0,7.02,84.45
S104793,37.48,86.89,53.95,21.5,5,2,3,5.72,36.82
S104794,42.68,38.06,100.0,34.3,2,0,4,8.12,35.43
S104795,79.0,92.2,16.19,58.86,5,0,3,4.84,46.63
S104796,39.36,43.46,70.05,75.83,2,1,4,8.68,58.91
S104797,43.17,49.8,73.21,47.6,4,0,7,7.12,47.82
S104798,95.53,62.07,58.67,41.58,4,1,3,4.31,51.05
S104799,66.64,43.92,51.49,51.34,4,0,5,6.05,33.78
S104800,45.44,77.3,60.2,49.45,6,1,6,6.22,71.66
S104801,62.83,29.65,50.15,94.94,4,0,2,1.07,78.58
S104802,62.81,52.89,59.94,,2,1,3,3.36,57.16
S104803,57.53,57.61,80.59,30.77,0,1,5,5.83,38.83
S104804,75.3,47.45,77.47,68.14,3,1,5,5.27,68.19
S104805,38.73,61.95,53.21,34.17,2,0,2,8.33,35.76
S104806,49.22,51.46,80.21,46.93,4,0,5,4.57,30.07
S104807,26.56,71.78,63.44,73.62,7,1,2,9.85,59.24
S104808,38.02,82.06,57.1,57.27,5,0,8,6.05,90.56
S104809,23.29,57.49,71.02,30.94,3,1,3,8.3,70.66
S104810,78.02,42.16,72.27,100.0,5,2,2,6.22,62.22
S104811,49.37,47.13,60.94,80.82,2,1,4,6.94,82.8
S104812,39.96,72.93,59.9,70.43,1,1,4,4.5,91.43
S104813,33.69,78.4,71.47,65.77,3,2,8,3.32,66.81
S104814,55.41,66.99,63.65,40.74,3,1,6,1.15,35.62
S104815,32.87,47.4,75.43,83.57,4,0,5,7.33,45.88
S104816,70.91,82.05,75.94,88.39,3,0,7,5.35,67.97
S104817,,70.41,50.97,54.65,2,0,2,8.95,58.58
S104818,21.12,55.25,69.75,67.53,2,0,6,4.22,53.19
S104819,80.51,42.55,56.13,59.15,1,0,4,7.61,71.3
S104820,31.86,73.19,63.5,29.22,2,0,3,3.14,53.13
S104821,80.01,48.18,48.49,59.63,2,3,3,3.18,22.36
S104822,60.13,83.53,51.37,21.09,5,0,3,4.88,62.21
S104823,52.55,100.0,25.07,29.32,8,0,4,0.61,84.33
S104824,89.2,33.72,64.86,58.36,2,1,3,2.72,30.05
S104825,45.22,37.85,59.83,48.5,3,0,4,8.6,67.78
S104826,84.84,41.55,64.3,51.87,1,0,6,3.98,38.35
S104827,46.51,56.43,49.95,71.27,5,0,4,6.99,33.04
S104828,41.89,63.8,76.64,63.97,1,1,3,9.17,71.22
S104829,62.54,38.0,89.0,84.06,0,1,3,2.77,24.09
S104830,,51.06,57.08,81.78,2,0,3,5.67,48.34
S104831,70.77,60.94,66.8,44.49,2,1,5,4.43,74.8
S104832,33.73,39.34,83.09,42.63,2,0,6,3.6,74.09
S104833,56.04,57.74,73.7,56.03,4,0,3,3.56,46.04
S104834,72.32,58.43,30.65,77.63,1,3,6,4.17,64.74
S104835,37.84,75.86,59.6,60.66,1,1,5,3.66,35.95
S104836,65.14,48.44,32.13,54.41,3,0,4,6.01,42.89
S104837,66.33,69.62,61.12,65.56,2,0,3,7.51,42.67
S104838,61.9,47.99,71.84,66.04,3,1,5,4.36,57.37
S104839,54.64,46.87,38.38,46.5,7,1,1,5.06,43.16
S104840,64.74,65.54,55.05,39.3,2,0,3,4.21,44.35
S104841,47.41,95.95,34.4,73.11,2,0,4,3.02,76.22
S104842,83.33,77.43,49.22,60.9,2,0,5,8.87,83.36
S104843,100.0,71.17,44.87,51.55,4,0,3,10.0,48.37
S104844,39.87,43.58,49.51,,4,0,5,8.06,48.68
S104845,61.09,58.12,44.06,57.4,3,0,3,2.63,63.9
S104846,67.32,51.8,52.95,70.68,5,0,5,0.0,44.91
S104847,53.93,46.14,47.27,69.45,2,1,2,1.75,48.13
S104848,56.31,64.78,52.71,25.06,3,1,2,10.0,25.12
S104849,73.76,34.58,82.41,46.76,0,1,4,7.51,53.62
S104850,65.59,81.23,63.69,79.88,2,1,3,8.93,51.72
S104851,45.96,63.29,51.64,72.98,2,1,1,5.03,66.0
S104852,89.1,69.69,70.5,64.85,1,0,6,9.22,21.62
S104853,15.61,74.75,55.32,81.16,4,2,5,1.59,54.94
S104854,6.45,50.17,58.46,60.79,3,2,4,4.0,22.93
S104855,81.21,28.33,95.87,72.23,4,1,4,6.75,51.66
S104856,38.56,41.49,30.67,58.75,6,1,2,6.71,47.53
S104857,41.64,61.03,72.17,57.24,3,1,6,3.17,23.41
S104858,47.07,62.37,35.59,85.71,3,0,2,6.62,40.35
S104859,59.75,37.37,71.14,68.69,3,0,5,5.2,41.5
S104860,39.79,53.02,53.95,54.73,1,0,4,8.75,25.02
S104861,45.92,78.35,35.93,54.71,4,0,3,2.88,46.13
S104862,67.33,68.96,59.45,29.47,3,3,4,2.66,55.34
S104863,46.97,44.16,43.47,57.82,1,0,4,1.55,71.08
S104864,47.73,76.11,49.21,32.09,1,0,3,10.0,23.52
S104865,57.18,29.57,62.7,31.31,2,1,3,0.46,42.24
S104866,40.01,33.28,51.86,49.02,2,3,3,6.88,36.93
S104867,85.21,53.94,42.3,76.85,4,1,2,5.4,68.68
S104868,24.15,58.76,17.5,45.03,4,1,3,9.12,36.8
S104869,36.28,44.95,69.76,66.94,4,0,2,1.98,40.2
S104870,37.81,66.97,54.2,73.02,1,1,4,2.85,51.98
S104871,59.6,72.33,63.81,54.3,3,0,6,3.94,63.96
S104872,84.73,42.18,54.42,58.52,3,0,2,5.29,72.71
S104873,70.65,66.89,53.6,,2,1,3,3.55,71.19
S104874,44.95,52.4,31.65,38.2,1,0,2,8.11,62.04
S104875,15.66,42.44,43.52,32.8,2,0,2,7.47,19.17
S104876,41.68,58.06,53.53,38.23,0,0,5,8.8,29.84
S104877,76.41,36.49,50.34,35.13,4,1,5,3.84,41.81
S104878,60.36,37.45,66.45,43.06,3,0,2,9.4,50.97
S104879,58.36,77.1,42.99,47.41,2,0,5,8.49,38.33
S104880,35.31,76.73,48.45,42.09,0,0,2,8.24,42.0
S104881,46.42,47.19,74.52,36.41,3,1,4,7.48,25.27
S104882,26.54,53.06,64.33,52.29,3,2,3,4.89,72.61
S104883,41.94,38.48,68.16,51.54,2,2,5,5.58,31.25
S104884,45.96,47.46,80.35,55.03,4,0,3,9.47,46.47
S104885,100.0,43.21,74.18,66.28,0,0,4,6.92,24.01
S104886,51.47,40.65,61.65,41.63,1,1,4,6.45,36.83
S104887,48.51,51.11,81.96,51.13,4,1,3,0.24,54.63
S104888,40.84,53.17,50.12,7.46,3,1,2,4.68,42.85
S104889,63.46,38.59,55.81,46.14,4,1,4,5.49,55.37
S104890,96.58,44.22,75.97,38.28,1,2,5,4.05,51.18
S104891,76.75,42.14,64.55,47.27,3,1,5,8.46,10.8
S104892,45.84,87.78,51.83,46.22,2,1,7,4.34,20.86
S104893,64.06,73.49,59.73,64.61,4,1,4,5.42,62.7
S104894,59.46,64.78,39.76,68.36,2,3,4,2.36,34.25
S104895,38.2,25.37,73.04,57.12,2,1,4,9.49,45.47
S104896,74.9,66.52,57.82,56.62,4,1,2,4.65,11.6
S104897,80.22,53.43,62.62,78.05,2,0,3,5.18,46.2
S104898,24.08,30.67,61.77,43.73,2,1,5,4.47,76.74
S104899,54.94,47.42,61.41,49.74,3,0,6,5.86,38.54
S104900,40.67,70.47,43.42,51.52,4,1,5,7.71,20.22
S104901,53.63,80.27,61.13,36.59,1,0,6,6.89,17.6
S104902,43.91,78.85,73.45,58.67,3,0,5,3.6,78.31
S104903,34.65,60.57,69.94,48.12,3,2,4,4.58,75.89
S104904,56.4,54.75,30.98,50.93,3,0,6,3.63,59.33
S104905,58.91,50.96,52.58,44.55,3,3,1,5.1,49.15
S104906,63.54,62.37,43.06,29.53,0,1,3,5.15,7.82
S104907,55.7,63.3,37.29,40.97,2,1,2,1.29,44.11
S104908,15.24,25.24,44.14,82.15,2,0,0,6.01,64.11
S104909,75.22,74.05,66.59,33.26,4,1,2,6.9,3.2
S104910,56.52,31.21,35.5,61.3,1,1,6,2.73,43.91
S104911,58.65,75.59,9.62,41.45,2,0,2,5.01,31.05
S104912,26.06,44.64,50.44,64.36,3,0,1,6.59,34.39
S104913,65.36,75.03,93.95,58.61,3,0,3,5.18,46.94
S104914,34.96,100.0,66.5,45.05,3,0,2,4.54,15.39
S104915,28.34,71.16,57.66,49.67,4,1,6,5.22,16.85
S104916,47.37,63.82,90.04,43.47,2,1,6,3.91,51.98
S104917,52.02,45.56,82.66,44.3,3,1,2,0.0,40.49
S104918,72.12,51.21,69.95,30.0,2,1,5,2.19,73.41
S104919,86.47,59.67,36.49,20.98,1,0,5,5.91,49.88
S104920,52.88,37.05,73.18,38.07,3,0,3,5.23,43.87
S104921,60.05,54.12,100.0,44.29,2,0,6,6.61,34.57
S104922,3.28,71.5,63.54,22.73,5,0,6,7.6,60.66
S104923,89.96,77.15,36.38,47.9,2,1,6,3.22,39.67
S104924,48.95,93.12,45.34,79.69,1,0,6,6.3,80.15
S104925,50.31,87.61,72.92,55.31,3,1,10,2.0,34.91
S104926,57.72,75.68,62.24,72.66,3,0,5,3.04,22.47
S104927,57.63,47.89,55.19,34.95,4,0,2,5.4,36.63
S104928,62.2,53.52,62.33,52.86,3,0,3,9.6,67.34
S104929,69.99,79.46,43.85,31.96,2,1,3,6.08,29.94
S104930,38.69,56.62,20.47,35.01,3,2,1,9.05,67.51
S104931,48.49,67.75,64.39,63.81,3,0,2,6.3,42.79
S104932,52.84,54.06,75.03,57.34,1,2,4,7.2,10.82
S104933,66.04,44.93,56.32,64.86,1,1,3,5.0,41.15
S104934,74.64,28.51,71.7,18.37,1,2,3,3.39,32.63
S104935,41.25,60.0,46.53,40.48,2,0,5,6.08,70.65
S104936,84.17,55.1,36.2,37.14,1,0,5,4.18,45.39
S104937,73.54,55.39,39.51,82.28,2,1,0,5.4,72.5
S104938,95.42,43.74,45.94,76.37,2,0,2,5.17,60.33
S104939,42.1,50.21,57.44,37.17,3,0,4,3.94,53.45
S104940,29.91,81.28,58.46,26.11,3,2,2,4.12,53.51
S104941,67.04,26.45,66.08,47.58,3,1,3,3.43,64.99
S104942,44.62,50.74,59.41,20.58,1,0,6,8.72,42.42
S104943,68.62,55.04,65.11,49.96,3,0,4,4.53,8.28
S104944,43.27,19.13,70.6,83.26,5,0,5,3.77,61.79
S104945,79.08,57.47,54.91,44.93,2,2,5,3.11,82.42
S104946,34.05,46.68,34.47,44.95,1,4,5,4.89,48.36
S104947,22.27,47.58,59.96,65.26,1,0,7,4.72,49.54
S104948,51.9,33.75,51.64,73.32,5,1,3,7.48,40.68
S104949,61.58,81.55,46.93,50.1,5,0,7,4.03,59.86
S104950,54.97,51.21,67.19,49.99,2,2,1,1.89,62.95
S104951,37.26,61.98,71.94,57.65,3,0,8,2.84,42.15
S104952,39.3,83.27,70.03,47.61,1,0,2,5.01,49.15
S104953,39.76,71.09,60.83,60.16,3,0,4,3.94,41.83
S104954,62.07,72.56,50.77,22.06,4,3,5,3.66,24.96
S104955,62.96,53.32,49.43,63.85,2,1,6,5.83,37.51
S104956,82.04,56.0,100.0,61.92,3,1,4,4.19,76.42
S104957,56.96,72.66,39.98,51.4,1,0,4,1.07,62.04
S104958,90.26,71.5,55.68,23.32,4,1,4,2.9,61.27
S104959,8.7,38.19,58.58,56.15,1,0,4,4.55,27.01
S104960,22.01,37.95,63.8,81.58,4,2,3,4.57,84.92
S104961,36.58,64.17,61.0,61.92,0,1,5,3.45,20.53
S104962,50.65,63.9,71.5,46.81,3,0,5,8.41,37.41
S104963,39.52,67.34,69.58,56.1,4,0,3,7.68,61.5
S104964,93.72,76.01,40.59,48.3,3,1,5,5.73,23.34
S104965,84.29,57.62,53.46,49.87,4,0,3,1.71,15.72
S104966,34.51,78.19,41.04,51.03,5,0,4,9.7,26.6
S104967,45.96,61.73,34.98,62.32,0,1,5,2.68,74.92
S104968,83.11,73.36,41.52,50.39,1,0,2,2.69,62.53
S104969,34.2,60.93,56.89,47.27,2,1,7,5.03,14.51
S104970,38.69,32.77,49.73,64.73,0,0,4,5.96,46.46
S104971,74.38,71.9,77.12,74.28,6,1,2,4.66,47.7
S104972,79.32,80.7,50.29,63.3,2,2,5,2.77,30.81
S104973,32.55,63.87,59.15,30.74,4,0,3,3.09,67.22
S104974,38.17,25.72,50.83,60.74,3,2,5,6.04,52.68
S104975,61.95,100.0,67.51,,3,1,7,2.26,90.47
S104976,78.84,36.31,53.78,65.26,1,1,7,6.22,23.7
S104977,56.36,47.63,43.0,65.96,3,0,1,6.96,90.26
S104978,54.22,54.57,54.02,52.9,2,2,2,5.43,50.19
S104979,38.45,37.27,78.25,66.23,6,0,4,3.55,47.87
S104980,59.62,34.71,44.58,79.75,6,0,6,8.48,31.18
S104981,70.6,20.77,56.64,51.4,1,1,2,8.65,55.65
S104982,19.25,70.1,96.27,62.87,1,0,5,7.69,86.84
S104983,71.84,53.61,58.35,51.36,2,0,4,7.85,17.2
S104984,69.15,57.09,61.75,57.1,1,0,5,4.39,13.42
S104985,69.71,96.85,64.88,57.73,5,1,4,4.07,51.67
S104986,100.0,58.26,27.35,77.02,0,1,5,4.17,39.71
S104987,33.44,48.48,48.81,30.95,3,1,8,3.98,100.0
S104988,38.85,58.05,48.71,50.51,3,1,3,2.63,49.51
S104989,56.9,68.86,55.89,75.84,3,0,1,5.23,28.97
S104990,41.99,80.88,54.77,80.99,2,1,5,7.59,53.33
S104991,85.44,66.53,86.26,75.08,2,0,3,8.55,52.69
S104992,33.03,62.35,37.55,47.12,2,0,2,3.17,14.93
S104993,56.51,52.56,78.68,59.05,3,1,0,2.98,48.25
S104994,51.27,65.47,55.53,82.16,0,1,2,1.78,78.92
S104995,62.89,71.31,41.61,47.93,1,1,2,5.02,25.24
S104996,40.4,63.19,44.74,51.15,3,1,4,6.39,53.18
S104997,,46.2,47.7,66.58,2,2,3,9.05,0.0
S104998,28.88,56.2,49.97,60.16,1,2,5,3.86,81.01
S104999,85.04,40.26,40.79,60.52,3,2,4,4.59,72.76
S105000,54.61,57.59,49.37,61.47,2,0,2,2.16,57.02
S105001,32.32,47.54,34.72,61.02,2,0,2,6.5,72.28
S105002,53.69,52.35,53.07,60.85,4,0,6,2.19,53.12
S105003,11.69,65.04,33.92,21.19,4,0,3,4.42,35.85
S105004,35.05,42.57,55.9,57.04,5,0,4,6.76,52.35
S105005,46.65,78.12,46.38,73.79,5,0,4,7.54,58.03
S105006,46.37,99.21,55.94,61.56,2,0,1,8.07,29.62
S105007,52.3,79.69,47.3,38.53,2,1,5,1.89,9.0
S105008,63.71,51.65,48.11,63.72,3,1,1,5.86,90.54
S105009,61.2 ,58.42,47.27,50.57,3,0,3,7.77,70.37
S105010,34.92,61.72,64.63,,5,2,2,2.25,40.41
S105011,41.44,55.97,40.41,36.7,6,1,8,5.74,57.73
S105012,13.13,70.45,56.51,64.19,3,2,3,1.65,39.52
S105013,63.56,66.15,51.95,50.99,5,0,3,10.0,47.29
S105014,38.95,71.9,59.77,59.65,3,1,7,7.95,31.4
S105015,50.09,48.21,42.69,82.62,3,1,0,7.0,55.44
S105016,41.65,53.0,62.35,40.79,4,2,5,7.89,29.6
S105017,65.73,69.42,61.06,36.25,0,1,5,3.66,36.08
S105018,65.6,48.1,38.17,51.7,3,4,4,0.31,58.53
S105019,59.46,67.07,50.77,48.96,4,1,4,1.69,40.03
S105020,52.98,46.11,86.11,79.2,3,2,5,10.0,71.8
S105021,54.07,65.1,45.84,38.12,3,0,4,4.58,34.54
S105022,62.91,50.05,39.25,67.3,1,0,5,4.81,58.1
S105023,50.62,45.18,58.88,83.95,2,1,5,3.68,56.83
S105024,54.72,26.47,51.09,50.4,1,2,6,7.07,49.14
S105025,62.35,46.71,52.43,42.33,2,2,2,3.95,8.3
S105026,22.64,62.53,44.81,64.98,5,1,3,9.48,47.15
S105027,,100.0,47.89,78.62,2,2,4,8.74,38.7
S105028,45.03,89.69,73.51,53.87,2,0,1,8.7,53.83
S105029,60.12,83.36,59.89,72.85,4,1,4,1.91,68.85
S105030,62.78,22.46,58.12,73.22,5,1,5,7.71,42.09
S105031,86.8 ,66.52,60.41,56.81,1,0,9,3.18,55.72
S105032,49.57,70.01,48.86,78.82,0,0,7,4.18,98.57
S105033,44.78,49.36,48.24,52.77,2,1,2,6.13,13.7
S105034,57.77,42.03,54.46,66.1,4,0,8,7.91,50.68
S105035,89.4,46.39,52.32,61.36,2,1,3,7.55,30.35
S105036,73.84,55.5,66.05,46.28,2,0,2,5.77,0.1
S105037,75.5,59.43,70.52,33.41,4,1,3,8.05,46.3
S105038,36.34,51.18,30.28,22.96,1,1,3,8.55,45.95
S105039,55.6,72.13,60.83,40.6,4,1,0,7.18,62.75
S105040,78.18,72.67,56.59,58.83,4,0,2,6.17,61.81
S105041,37.8,59.75,52.13,62.84,2,1,3,7.02,31.99
S105042,75.33,47.01,63.24,52.01,0,0,4,7.24,31.94
S105043,38.7,58.3,46.09,64.05,1,1,2,4.42,58.91
S105044,40.43,52.74,41.7,49.12,3,1,0,1.97,33.96
S105045,99.44,57.24,61.58,69.71,5,0,4,4.16,48.06
S105046,54.33,47.7,44.4,60.19,1,0,2,5.41,75.33
S105047,51.06,44.23,77.38,72.19,3,1,2,7.17,60.75
S105048,47.0 ,67.09,72.77,83.46,2,2,6,8.84,13.94
S105049,79.38,69.61,70.56,96.15,2,0,3,8.78,42.45
S105050,37.94,54.77,32.71,78.23,2,0,4,7.94,54.81
S105051,25.78,45.07,45.56,46.81,3,0,2,6.12,77.79
S105052,53.19,42.22,34.0,59.55,2,0,2,7.4,43.01
S105053,29.75,36.96,60.87,45.1,2,1,5,4.24,37.11
S105054,81.55,44.54,58.93,42.16,3,1,4,0.85,28.21
S105055,55.2,45.1,79.82,43.79,2,0,7,6.78,46.29
S105056,49.63,67.79,39.46,67.43,5,0,6,5.8,70.7
S105057,59.77,62.48,49.39,56.43,1,2,3,2.5,45.22
S105058,54.23,46.09,77.38,55.0,2,2,5,7.3,17.8
S105059,71.04,57.67,60.18,84.38,2,0,3,9.53,42.4
S105060,83.68,76.08,83.2,61.38,4,1,3,0.0,68.22
S105061,47.13,64.77,88.89,,2,1,4,6.93,27.91
S105062,71.26,68.01,85.9,50.95,2,0,8,5.0,50.12
S105063,47.72,65.63,76.9,79.94,2,1,3,7.87,61.37
S105064,77.57,59.51,67.79,48.23,1,1,6,4.18,20.86
S105065,64.13,39.26,45.41,72.87,0,0,5,6.31,93.63
S105066,75.14,64.28,42.44,48.42,5,0,2,10.0,46.47
S105067,32.1,69.97,88.56,61.73,4,0,2,3.02,25.22
S105068,28.58,92.54,67.4,70.03,4,0,4,2.67,33.77
S105069,52.99,47.86,80.38,100.0,0,0,8,5.39,52.36
S105070,40.1,76.23,35.39,82.03,0,2,3,5.43,48.03
S105071,,30.31,40.5,63.29,2,2,3,4.26,54.33
S105072,54.02,70.02,44.89,51.91,1,3,1,3.43,46.12
S105073,31.79,93.1,64.34,18.05,3,0,3,7.27,49.54
S105074,29.77,62.81,50.37,57.46,2,1,4,6.06,39.17
S105075,38.81,72.48,49.0,,3,0,8,3.49,31.45
S105076,63.25,59.18,82.94,43.4,1,1,5,9.62,33.16
S105077,79.35,73.94,82.03,46.39,0,0,8,5.82,61.11
S105078,45.41,58.45,51.61,82.85,3,1,3,4.51,20.64
S105079,62.68,45.84,60.63,52.5,2,2,2,6.08,14.14
S105080,60.26,77.55,70.55,43.79,2,1,5,6.29,12.34
S105081,56.98,35.91,32.22,39.34,2,1,3,4.19,57.27
S105082,33.92,82.16,30.33,71.96,5,2,10,6.18,46.83
S105083,,46.48,54.28,58.37,0,0,9,1.08,30.23
S105084,31.62,24.62,55.35,54.86,5,0,4,5.36,39.61
S105085,67.78,39.34,90.07,68.9,2,1,5,6.45,58.26
S105086,32.2,50.64,61.18,38.47,5,0,1,6.84,51.88
S105087,70.65,47.35,42.85,89.1,5,0,2,8.41,50.09
S105088,45.63,45.14,49.25,49.62,4,1,6,10.0,44.49
S105089,67.62,40.18,70.46,56.13,2,0,6,4.93,59.86
S105090,7.35,72.29,98.43,30.31,3,2,4,7.3,70.52
S105091,81.17,47.15,64.55,87.8,2,0,2,7.17,60.66
S105092,54.2,41.89,62.46,52.19,1,1,5,4.86,68.24
S105093,49.58,60.65,33.92,78.71,5,0,3,8.83,59.41
S105094,43.25,43.97,61.85,33.52,3,0,3,6.75,30.82
S105095,32.91,48.92,49.01,74.84,3,1,2,2.37,21.5
S105096,57.79,50.25,44.85,68.94,2,0,6,4.03,62.38
S105097,62.73,82.74,44.56,50.88,7,0,3,6.21,58.44
S105098,71.01,63.51,63.86,67.32,4,1,3,7.01,69.37
S105099,48.37,39.67,72.09,77.67,5,1,7,6.29,94.58
S105100,71.58,78.9,47.87,43.03,4,1,5,5.3,37.64
S105101,69.47,76.96,58.84,61.87,1,1,3,3.36,0.0
S105102,63.1,46.94,47.43,40.08,2,1,3,8.31,32.87
S105103,32.72,100.0,55.03,59.76,2,0,3,8.74,46.83
S105104,58.43,61.18,43.09,32.94,3,0,9,7.96,75.92
S105105,52.47,87.65,59.31,53.2,0,1,6,4.7,40.18
S105106,52.34,46.18,54.9,45.72,1,0,3,5.42,75.85
S105107,60.69,44.82,56.09,60.99,0,0,8,5.16,63.11
S105108,21.75,53.92,61.09,53.3,4,2,6,4.8,26.44
S105109,50.57,49.9,63.71,64.71,3,1,6,5.64,19.35
S105110,66.15,42.56,55.13,66.91,1,1,3,5.73,69.39
S105111,57.09,37.88,78.2,53.35,2,1,7,2.87,71.05
S105112,45.1,31.35,56.22,74.34,5,0,6,6.08,59.09
S105113,54.83,42.53,89.16,37.18,3,1,2,4.74,58.22
S105114,36.41,53.89,69.15,53.67,7,0,6,4.95,52.07
S105115,71.33,86.74,61.48,52.44,4,0,4,3.72,69.62
S105116,57.1,100.0,52.23,48.9,1,1,6,6.17,50.39
S105117,57.71,8.03,76.32,74.78,2,0,1,6.79,28.6
S105118,53.46,81.11,55.41,54.86,0,1,10,3.15,39.12
S105119,67.46,79.17,57.36,73.21,2,0,6,3.61,48.16
S105120,44.1,66.23,23.79,64.14,5,3,4,1.38,35.09
S105121,62.84,71.26,90.08,98.92,3,1,4,6.85,62.33
S105122,72.6,52.3,84.39,14.33,4,0,3,6.85,44.28
S105123,54.02,80.78,87.82,70.66,2,2,5,3.97,46.54
S105124,,74.63,51.03,26.52,1,0,4,3.01,32.93
S105125,31.47,75.6,43.5,57.78,3,1,2,0.32,35.68
S105126,67.63,68.98,54.97,43.8,2,0,4,5.91,28.57
S105127,23.98,24.31,63.84,53.24,2,0,3,4.15,57.83
S105128,,68.65,52.2,66.1,2,3,3,7.54,40.69
S105129,71.83,35.98,36.5,61.07,3,1,6,10.0,49.14
S105130,65.86,54.46,66.58,91.73,0,0,2,4.54,39.58
S105131,50.66,68.36,72.57,75.72,2,1,3,7.24,80.2
S105132,43.8,46.44,61.83,69.38,0,0,3,9.01,71.9
S105133,65.44,69.29,53.07,74.9,4,0,3,1.99,38.16
S105134,63.97,58.92,69.43,52.18,3,0,5,5.35,63.69
S105135,72.4,61.11,51.92,40.39,1,2,3,4.3,78.48
S105136,53.79,71.98,83.13,56.29,3,0,2,6.03,63.58
S105137,67.6,80.92,71.53,92.73,3,2,4,6.39,15.96
S105138,59.22,55.27,47.31,57.53,3,0,3,2.52,76.68
S105139,60.93,38.54,75.99,,3,0,5,7.73,45.6
S105140,41.05,65.97,70.62,71.64,2,0,1,4.78,24.24
S105141,59.57,41.04,53.45,25.43,5,1,5,7.78,84.84
S105142,35.5,38.41,57.26,25.12,3,0,2,4.59,24.1
S105143,56.66,57.89,64.55,43.61,2,1,4,4.06,72.05
S105144,27.87,44.54,71.93,79.78,4,1,4,7.03,59.9
S105145,66.95,87.65,34.15,60.48,2,0,2,5.72,51.85
S105146,56.6,83.98,43.42,54.06,3,1,2,10.0,52.66
S105147,58.0,75.15,52.31,56.56,4,0,2,4.9,54.92
S105148,57.86,52.83,65.56,69.61,2,0,5,7.58,32.12
S105149,66.61,74.74,49.64,56.86,6,0,5,8.03,64.68
S105150,9.32,63.7,47.24,33.33,2,0,3,6.36,34.51
S105151,63.25,41.8,46.86,59.91,2,1,3,7.96,44.53
S105152,71.51,39.9,62.27,47.48,2,1,4,5.54,37.6
S105153,52.9,60.71,54.17,40.78,3,0,3,5.79,28.1
S105154,71.5,77.78,87.64,68.52,2,3,3,10.0,81.13
S105155,81.23,63.49,51.32,42.42,3,0,6,6.77,53.65
S105156,49.37,54.24,79.37,92.04,6,1,6,4.38,48.56
S105157,47.16,81.92,70.0,75.04,2,0,2,6.19,47.87
S105158,56.47,61.99,25.44,39.97,2,0,3,5.89,49.67
S105159,43.93,76.76,66.64,56.6,0,1,7,6.46,51.53
S105160,30.24,45.44,71.17,71.08,1,1,8,6.05,52.67
S105161,55.48,28.15,35.82,46.11,2,1,2,4.13,31.52
S105162,41.22,50.03,51.13,50.53,0,1,4,10.0,51.28
S105163,44.48,60.79,64.91,67.91,1,1,1,4.23,39.47
S105164,39.94,48.57,75.43,55.73,3,2,1,6.44,78.76
S105165,38.67,63.7,63.6,65.94,2,1,3,9.24,48.58
S105166,77.85,63.14,63.29,54.27,2,1,7,6.52,70.99
S105167,47.48,53.92,72.34,79.4,5,1,2,7.87,26.64
S105168,54.18,44.28,34.32,38.75,2,1,4,5.24,33.72
S105169,34.71,64.74,55.0,55.23,3,0,4,1.12,34.27
S105170,70.27,12.12,47.49,78.81,0,2,3,4.25,51.84
S105171,36.1,57.14,41.98,54.04,0,1,6,7.55,39.09
S105172,46.66,86.06,50.81,26.83,2,2,7,4.58,18.96
S105173,58.87,40.64,62.05,47.89,2,0,2,4.82,14.41
S105174,94.9,73.11,62.03,53.75,2,0,3,1.23,5.86
S105175,45.99,67.72,64.73,73.02,2,0,4,3.66,35.62
S105176,48.37,41.81,53.83,65.97,5,0,5,7.85,77.94
S105177,43.46,57.68,48.7,73.17,1,0,5,0.95,89.13
S105178,40.82,59.16,41.75,55.99,1,1,4,5.22,86.8
S105179,24.46,67.1,81.18,46.56,3,1,2,4.98,61.82
S105180,68.92,33.06,62.55,81.09,0,0,2,5.61,6.84
S105181,5.65,91.49,49.96,58.95,4,1,5,4.68,57.77
S105182,73.57,51.42,70.02,30.79,4,0,5,6.11,93.15
S105183,58.6,84.34,44.14,47.07,1,0,8,4.82,18.15
S105184,36.93,73.1,99.15,56.53,3,1,2,5.3,53.28
S105185,96.64,47.14,41.42,61.71,1,1,6,4.3,65.3
S105186,67.08,34.92,75.02,58.86,1,0,6,3.94,0.0
S105187,54.12,32.32,59.71,73.64,4,1,2,4.77,47.36
S105188,73.7,40.95,67.85,69.98,2,0,1,4.68,29.68
S105189,66.32,70.04,83.38,50.44,1,0,5,8.47,34.42
S105190,39.72,28.56,52.44,70.48,1,0,3,0.37,54.05
S105191,53.87,33.08,46.69,65.42,1,0,1,4.4,51.16
S105192,53.67,71.45,36.17,74.38,2,0,3,5.99,65.76
S105193,76.22,54.55,68.89,67.48,3,0,2,5.12,26.46
S105194,32.89,60.93,45.21,57.52,0,0,5,4.79,71.24
S105195,76.55,52.85,74.67,10.66,3,0,4,2.37,35.59
S105196,80.25,44.4,53.2,56.92,2,0,1,0.0,62.77
S105197,,43.12,29.36,53.31,0,1,6,7.36,14.13
S105198,36.44,40.23,76.96,71.7,2,1,3,5.99,53.32
S105199,26.21,29.85,47.06,26.54,1,2,5,9.06,83.77
S105200,60.98,58.04,39.58,46.65,2,0,2,7.05,52.68
S105201,75.29,82.36,44.62,37.58,0,0,2,6.1,72.9
S105202,39.4,55.12,56.82,64.11,1,1,4,7.02,83.88
S105203,4.28,58.84,56.06,66.69,0,1,7,7.5,23.03
S105204,37.72,17.89,55.86,80.22,8,0,5,8.08,58.73
S105205,50.57,52.16,58.43,55.76,1,1,7,4.33,48.91
S105206,72.25,81.93,39.12,63.09,4,0,2,8.63,0.0
S105207,65.02,34.22,77.6,44.72,2,1,3,7.69,78.28
S105208,40.6,85.64,61.21,53.17,3,3,0,3.6,26.54
S105209,20.77,81.22,58.59,,1,2,4,3.67,70.58
S105210,100.0,72.21,62.8,43.14,3,0,5,6.4,63.71
S105211,51.8,45.3,43.62,43.42,2,1,4,0.0,27.55
S105212,46.14,75.62,82.31,76.81,0,2,1,6.0,30.79
S105213,45.85,48.08,86.28,49.85,1,0,4,3.54,18.6
S105214,59.97,51.69,46.82,59.8,3,1,2,2.53,68.92
S105215,22.64,51.26,80.07,53.4,2,0,6,0.83,95.12
S105216,84.16,60.39,40.15,42.65,3,0,3,6.98,70.77
S105217,47.2,65.92,57.84,40.59,1,1,5,5.75,27.71
S105218,62.65,79.12,52.65,33.03,6,0,4,2.06,21.98
S105219,65.79,69.28,61.17,64.3,1,1,4,3.66,34.02
S105220,76.54,78.45,44.7,25.41,3,0,2,6.53,59.99
S105221,53.76,44.31,42.95,50.79,5,1,3,8.36,54.21
S105222,48.79,85.7,41.13,46.46,0,0,4,4.77,50.86
S105223,49.51,69.43,49.4,69.64,2,0,2,1.2,35.77
S105224,62.07,47.59,99.76,57.66,1,1,6,8.37,47.5
S105225,69.97,87.19,84.83,82.7,0,0,7,1.34,42.71
S105226,,46.78,37.24,46.63,0,2,7,5.43,24.78
S105227,78.51,60.17,77.99,24.63,2,1,3,1.25,67.7
S105228,41.25,100.0,64.51,47.58,2,0,4,4.31,31.97
S105229,17.49,50.77,61.5,92.62,5,0,8,7.25,76.92
S105230,65.43,74.18,65.13,35.62,2,1,1,6.13,47.53
S105231,51.36,58.89,75.34,58.37,1,1,1,3.28,89.25
S105232,48.11,48.73,31.63,93.08,3,2,3,3.34,38.96
S105233,58.49,35.37,60.51,70.12,5,1,4,7.69,42.06
S105234,78.25,46.25,56.79,67.18,1,0,7,6.47,36.05
S105235,62.12,76.5,77.09,72.56,1,2,3,8.3,26.75
S105236,17.3,39.33,58.73,72.77,5,2,5,3.07,46.1
S105237,50.66,73.89,39.26,67.15,3,1,1,6.36,68.27
S105238,43.9,53.45,64.89,40.44,2,0,4,7.3,25.48
S105239,39.73,83.55,49.33,38.69,3,0,5,6.22,73.79
S105240,36.0,58.48,91.19,77.59,2,0,7,4.22,58.51
S105241,49.67,53.38,43.97,56.87,4,0,2,6.28,37.46
S105242,50.87,54.63,49.75,100.0,5,0,4,6.3,24.61
S105243,17.1,76.59,50.33,53.84,2,0,4,6.76,45.55
S105244,40.7,57.5,57.49,57.57,3,2,8,8.28,25.96
S105245,65.72,77.46,44.33,54.53,4,0,3,6.16,53.41
S105246,38.34,56.15,27.24,93.85,2,1,3,3.65,43.46
S105247,45.58,54.65,70.33,49.04,1,0,1,4.15,34.54
S105248,62.66,47.27,55.07,40.21,1,1,2,3.09,33.48
S105249,75.05,53.51,54.52,68.54,4,1,5,6.05,21.73
S105250,,65.87,74.34,64.42,2,2,7,7.69,43.41
S105251,71.85,64.83,72.36,51.84,2,0,3,7.63,49.2
S105252,44.22,69.75,65.48,32.22,1,0,4,3.01,79.1
S105253,33.09,44.43,41.19,56.04,1,1,3,4.5,49.61
S105254,24.7,85.96,91.01,69.65,2,1,5,1.28,37.44
S105255,63.03,55.31,57.08,49.85,1,1,7,3.54,72.68
S105256,50.0,45.61,81.72,76.27,3,3,1,10.0,62.01
S105257,67.28,39.71,50.13,65.01,1,0,5,6.91,45.04
S105258,100.0,79.64,57.85,44.26,1,1,3,5.3,63.08
S105259,62.94,66.35,52.62,36.14,4,1,5,8.39,97.71
S105260,83.63,69.56,59.72,60.11,2,1,8,5.01,53.04
S105261,77.92,68.87,61.67,60.74,1,1,3,10.0,71.39
S105262,82.93,43.35,61.22,44.85,2,0,5,5.93,35.24
S105263,59.01,48.56,56.78,54.01,0,0,4,8.43,56.5
S105264,71.92,58.44,55.59,73.54,4,1,4,7.78,8.38
S105265,76.83,67.91,28.67,54.95,7,0,2,8.63,34.74
S105266,48.55,66.73,54.17,62.34,8,1,4,8.15,32.99
S105267,68.15,65.56,47.13,50.77,1,1,4,6.12,47.52
S105268,72.48,49.2,54.42,51.88,2,1,6,0.13,69.17
S105269,44.42,57.55,50.93,49.18,2,0,4,6.58,69.4
S105270,79.15,54.37,58.73,71.39,6,0,5,4.19,47.4
S105271,40.15,72.07,92.97,35.94,4,2,4,8.25,25.12
S105272,74.68,56.37,19.23,10.9,1,2,4,4.32,47.17
S105273,49.52,50.2,40.15,,4,0,4,7.53,47.9
S105274,70.2,67.53,53.16,56.85,1,0,4,2.71,48.41
S105275,71.09,49.07,48.0,44.2,2,1,2,9.13,75.15
S105276,31.26,41.88,56.37,36.84,4,3,3,4.17,66.42
S105277,44.47,52.54,52.92,83.43,1,1,4,8.13,34.61
S105278,68.37,71.62,62.68,49.88,1,1,6,5.75,31.09
S105279,3.59,59.16,33.42,39.58,3,1,3,5.15,29.58
S105280,35.81,52.98,50.46,47.66,3,0,2,5.52,54.73
S105281,50.1,47.87,67.38,40.84,3,0,10,3.95,77.13
S105282,50.74,62.33,33.66,38.8,1,1,6,6.01,44.98
S105283,71.91,96.02,9.84,66.09,1,1,4,4.41,53.83
S105284,52.0,79.99,55.21,66.73,1,0,2,4.29,58.58
S105285,,84.66,48.51,58.21,3,1,3,2.89,75.16
S105286,57.39,61.93,69.31,39.24,2,2,3,0.78,32.19
S105287,48.49,52.22,24.23,100.0,1,3,5,3.33,37.11
S105288,62.7,78.83,51.2,72.01,1,0,3,7.68,20.32
S105289,66.92,56.04,34.51,88.66,2,0,6,7.15,22.32
S105290,44.5,69.49,59.39,52.29,0,0,1,3.33,71.59
S105291,34.85,31.46,91.92,75.97,3,0,3,7.24,51.74
S105292,72.78,48.26,52.68,96.05,0,2,3,8.61,61.66
S105293,41.52,36.03,30.26,53.88,2,1,6,5.67,54.84
S105294,32.04,48.36,48.97,62.35,3,2,2,6.47,49.1
S105295,60.8,57.62,43.74,51.57,4,1,1,8.38,41.81
S105296,50.05,34.23,42.99,11.25,0,3,4,8.06,39.85
S105297,0.0,29.09,32.24,60.04,5,0,3,0.93,43.09
S105298,54.78,77.45,54.66,58.75,2,2,4,7.26,48.13
S105299,34.43,56.96,42.1,69.59,4,0,4,6.64,29.53
S105300,46.74,60.02,50.97,89.21,2,0,6,8.98,61.21
S105301,55.84,19.07,48.05,94.41,1,3,5,4.68,49.23
S105302,58.06,83.44,66.8,63.33,2,0,3,5.59,43.52
S105303,52.44,86.35,61.7,79.12,3,0,4,5.31,46.25
S105304,34.71,48.69,52.56,11.79,8,1,4,7.79,58.37
S105305,85.19,55.83,46.06,57.81,2,0,2,4.65,56.44
S105306,33.6 ,93.43,75.53,29.59,4,0,5,5.42,100.0
S105307,71.5,53.41,73.97,63.84,3,1,4,1.26,33.05
S105308,72.73,80.04,49.95,77.69,2,0,3,5.93,34.22
S105309,60.25,45.37,54.03,68.7,2,2,4,2.84,70.38
S105310,81.22,62.27,78.57,70.55,3,2,2,6.35,45.38
S105311,61.88,32.34,36.53,62.06,3,0,2,6.74,27.9
S105312,61.38,79.85,67.43,72.73,2,2,5,7.96,80.48
S105313,66.55,53.78,66.73,77.44,7,2,5,4.82,28.31
S105314,58.87,49.5,52.36,56.94,1,1,0,8.66,77.28
S105315,87.5 ,65.66,55.61,75.79,2,1,5,6.31,52.16
S105316,90.97,93.4,67.03,36.78,2,1,1,6.58,49.79
S105317,99.03,65.23,56.42,47.61,6,1,6,2.56,40.55
S105318,38.91,91.16,59.52,60.15,1,1,5,5.2,43.87
S105319,58.11,17.18,74.25,64.12,1,4,4,7.65,71.9
S105320,69.57,64.39,73.18,58.57,0,1,6,0.18,52.26
S105321,77.76,69.65,39.12,23.42,6,0,6,5.17,54.82
S105322,56.04,63.0,49.2,38.35,6,0,2,8.21,76.61
S105323,13.38,41.95,73.57,80.1,3,1,3,3.54,68.96
S105324,38.45,54.25,49.65,54.29,1,0,3,4.23,41.07
S105325,72.5,60.02,54.64,70.26,5,0,6,4.75,53.97
S105326,47.57,76.04,35.48,41.29,0,3,2,4.5,70.6
S105327,48.3 ,74.78,49.22,97.84,0,0,8,6.18,64.55
S105328,51.39,35.33,87.94,67.52,3,2,1,5.97,71.65
S105329,42.21,83.19,41.62,42.1,4,1,4,5.35,52.1
S105330,32.37,62.62,65.39,44.43,1,1,5,6.57,77.48
S105331,75.69,35.58,75.19,47.5,1,1,5,4.95,55.15
S105332,55.3 ,20.48,37.78,42.43,0,0,2,4.15,34.1
S105333,76.95,67.27,32.82,52.29,2,1,2,6.94,87.85
S105334,61.36,82.68,45.67,85.9,1,3,1,5.3,43.37
S105335,50.95,56.62,51.53,41.92,1,0,1,2.35,24.57
S105336,77.7,62.61,74.11,53.88,1,0,3,6.88,58.46
S105337,56.4 ,59.42,59.37,58.35,8,1,3,5.89,24.57
S105338,34.52,61.57,47.5,52.1,1,0,3,4.3,29.5
S105339,67.41,71.43,74.97,48.14,1,1,2,0.97,67.16
S105340,34.19,57.95,65.34,18.45,0,1,4,4.24,39.56
S105341,48.61,53.58,54.63,52.67,1,1,6,5.49,83.89
S105342,50.26,37.58,43.13,58.1,2,2,3,2.88,36.67
S105343,48.01,44.69,57.96,76.16,2,0,3,4.54,44.7
S105344,88.44,89.96,60.61,48.42,2,0,3,1.51,64.88
S105345,32.22,64.54,50.89,77.63,0,2,3,2.68,62.8
S105346,59.82,84.29,66.63,79.5,3,1,3,4.31,45.62
S105347,,53.01,63.1,60.84,2,0,5,4.52,50.79
S105348,56.57,24.55,90.73,79.85,5,1,4,1.77,43.27
S105349,63.48,76.38,59.49,28.67,0,1,3,2.82,70.39
S105350,14.76,54.23,79.26,35.4,2,0,6,5.53,66.75
S105351,69.39,27.66,59.01,47.5,5,0,6,1.88,32.03
S105352,77.55,44.84,76.13,40.8,1,1,7,6.01,58.71
S105353,14.32,19.4,63.66,57.43,6,1,2,0.0,46.47
S105354,32.8,72.66,80.76,35.91,0,1,3,9.8,24.95
S105355,78.28,56.91,54.06,55.75,0,0,5,6.35,67.19
S105356,71.57,67.71,56.56,57.76,1,1,3,5.52,26.13
S105357,38.56,64.46,56.61,75.09,2,0,3,4.27,62.21
S105358,44.93,76.76,57.52,64.2,1,1,1,6.43,43.89
S105359,92.29,46.08,79.16,23.83,1,1,1,4.66,72.13
S105360,46.07,75.74,63.27,100.0,1,0,6,7.27,51.96
S105361,1.86,62.8,50.3,63.42,3,2,4,6.06,26.89
S105362,31.61,100.0,70.47,46.37,3,1,5,0.18,47.22
S105363,50.27,31.05,45.6,33.44,7,0,4,6.48,83.07
S105364,63.21,71.63,50.47,52.18,3,1,5,7.68,39.33
S105365,22.19,62.68,42.99,31.0,1,0,3,5.66,44.12
S105366,61.14,75.36,63.12,77.13,3,2,3,5.16,45.69
S105367,36.95,63.08,64.92,51.39,5,0,7,6.42,79.55
S105368,42.1,73.12,45.46,74.03,3,2,4,3.75,28.46
S105369,22.31,45.55,62.38,43.9,4,0,8,4.05,16.78
S105370,74.03,43.36,65.91,70.27,2,1,9,2.3,65.52
S105371,91.66,59.19,58.38,58.5,2,1,7,5.99,54.6
S105372,74.05,57.06,59.76,50.42,2,2,2,2.53,25.28
S105373,49.33,76.6,84.21,43.28,0,0,4,5.91,70.16
S105374,51.71,52.31,65.76,29.88,2,2,5,5.5,68.3
S105375,58.04,57.87,70.65,50.85,2,2,4,7.06,77.32
S105376,66.69,55.15,81.51,48.36,3,0,10,6.46,59.19
S105377,46.69,81.04,80.95,61.65,0,0,4,5.71,45.91
S105378,38.92,88.02,75.98,70.75,2,1,2,3.51,28.23
S105379,59.5 ,70.73,35.19,22.86,5,1,2,2.61,39.34
S105380,32.68,49.74,66.97,42.31,1,2,3,1.45,60.68
S105381,56.46,85.33,57.77,45.21,0,0,3,7.06,64.01
S105382,45.66,64.97,66.49,66.07,4,1,5,5.23,81.64
S105383,40.09,63.14,48.26,47.11,3,0,5,7.75,85.53
S105384,42.98,72.28,60.5,55.61,3,1,5,0.8,54.09
S105385,40.42,75.24,66.92,62.68,2,2,1,7.4,55.57
S105386,26.81,68.82,60.71,41.67,2,1,8,6.97,21.61
S105387,64.12,36.63,75.38,51.64,5,0,7,4.53,36.96
S105388,40.31,73.45,53.82,59.06,3,1,3,9.02,63.89
S105389,33.65,37.56,71.46,45.91,6,0,5,2.14,50.35
S105390,47.27,57.77,61.43,49.18,2,0,4,5.28,59.8
S105391,49.72,49.3,61.58,56.56,3,1,3,5.98,75.13
S105392,56.77,69.0,53.86,34.79,3,2,3,5.07,16.87
S105393,50.8 ,54.64,66.97,46.17,5,0,5,4.99,40.27
S105394,60.98,94.51,84.2,44.48,4,0,4,3.6,35.11
S105395,53.05,50.01,31.24,60.63,1,1,5,8.22,7.86
S105396,43.23,85.04,56.98,37.26,5,1,3,4.02,57.77
S105397,46.31,79.88,99.2,76.05,2,0,4,3.51,57.58
S105398,50.85,60.6,78.74,33.43,6,3,2,6.43,50.47
S105399,78.65,50.42,61.54,47.93,3,0,2,1.89,33.64
S105400,53.22,83.58,58.13,39.97,1,0,3,3.22,49.26
S105401,50.5,46.13,96.49,55.69,7,0,6,5.32,47.23
S105402,58.14,64.76,33.14,70.61,5,0,7,7.14,59.27
S105403,68.44,43.82,58.81,46.8,4,0,5,6.44,51.17
S105404,49.4,46.66,88.37,65.31,1,0,4,1.14,41.86
S105405,68.97,60.93,82.28,69.77,2,0,4,5.92,42.96
S105406,44.95,88.52,73.49,35.08,2,0,6,10.0,66.11
S105407,46.74,93.86,33.1,73.32,2,1,2,3.9,48.47
S105408,63.47,82.29,70.63,100.0,2,0,3,8.08,76.78
S105409,67.61,61.25,51.74,100.0,2,0,6,0.83,66.71
S105410,64.95,61.59,50.51,83.78,3,1,3,4.47,60.19
S105411,64.53,66.57,44.18,56.68,4,1,7,4.9,31.76
S105412,68.52,30.72,88.74,73.48,6,1,3,4.83,40.7
S105413,83.91,47.63,61.82,56.82,2,1,2,4.53,27.45
S105414,72.66,57.51,56.79,21.17,2,1,3,4.03,69.29
S105415,69.2,92.01,41.19,65.14,2,0,4,10.0,34.66
S105416,67.49,75.14,41.11,55.96,2,2,3,8.71,49.14
S105417,54.01,45.13,57.37,70.01,6,0,5,2.07,20.5
S105418,90.18,51.3,45.69,66.1,3,0,4,6.97,53.92
S105419,72.93,60.41,80.92,42.93,3,1,2,5.38,48.82
S105420,44.84,58.79,65.5,55.35,1,2,7,6.38,72.13
S105421,54.74,100.0,50.85,61.77,2,1,4,8.49,61.88
S105422,31.16,42.95,44.88,74.29,5,1,5,3.93,48.16
S105423,57.04,58.09,58.21,51.18,3,1,4,4.49,76.07
S105424,82.02,32.25,48.22,16.7,4,1,3,3.54,22.87
S105425,75.98,71.47,59.32,33.29,1,1,2,2.0,40.21
S105426,77.11,41.41,39.64,44.15,2,0,2,0.0,55.55
S105427,68.84,68.18,63.26,88.82,1,0,3,4.18,32.36
S105428,42.45,52.9,55.69,43.41,5,1,6,7.03,44.19
S105429,72.49,56.93,61.75,44.77,0,2,5,4.46,63.65
S105430,44.65,36.45,32.19,50.19,3,1,4,4.17,51.6
S105431,53.27,80.45,76.51,84.75,1,1,1,7.3,51.13
S105432,42.6,46.06,59.7,34.92,4,0,3,6.76,69.1
S105433,23.89,46.88,43.46,48.44,6,1,3,5.64,69.64
S105434,,46.03,95.75,64.06,5,0,1,0.0,33.44
S105435,74.23,71.93,52.57,53.73,1,1,4,1.83,45.36
S105436,50.36,43.95,64.11,62.88,1,2,2,7.26,68.42
S105437,5.1,68.91,61.5,63.17,1,1,4,6.9,66.97
S105438,63.95,52.91,28.24,28.61,2,2,2,6.13,51.86
S105439,14.55,44.02,95.46,75.99,5,0,7,2.11,68.19
S105440,54.74,8.47,41.64,59.16,3,2,3,4.7,49.14
S105441,43.67,62.4,42.27,37.76,4,0,3,3.41,68.43
S105442,52.99,59.8,73.6,70.51,2,1,0,3.96,69.08
S105443,40.27,72.16,74.29,46.68,3,0,2,6.54,26.18
S105444,56.33,74.49,57.7,78.22,1,1,4,5.55,86.74
S105445,79.89,90.73,22.8,33.19,4,0,3,5.0,43.26
S105446,63.38,43.94,74.33,67.22,2,1,8,4.88,50.83
S105447,67.31,60.75,49.85,83.69,1,2,1,7.77,68.61
S105448,57.17,83.45,57.81,91.29,4,0,4,3.67,87.94
S105449,41.26,31.13,53.92,47.26,5,1,4,2.6,40.96
S105450,72.85,83.23,64.79,20.36,3,1,4,7.35,86.51
S105451,100.0,80.56,45.1,44.15,1,0,3,5.71,66.64
S105452,27.21,85.9,43.53,,0,3,5,3.9,53.27
S105453,71.34,78.13,47.77,46.4,2,0,3,0.91,78.71
S105454,71.28,45.05,64.23,78.18,7,1,2,8.06,63.99
S105455,51.74,71.02,51.95,69.66,3,4,4,7.21,42.09
S105456,56.79,55.78,57.77,24.69,4,0,1,6.08,30.87
S105457,34.64,50.97,82.31,49.96,1,1,4,5.7,29.83
S105458,38.84,59.28,69.01,55.86,4,0,3,4.27,23.16
S105459,56.06,82.1,60.03,76.56,0,0,3,3.31,50.16
S105460,55.6,38.12,75.7,52.98,0,0,6,3.33,78.2
S105461,65.18,68.45,32.08,87.06,0,0,4,9.33,16.95
S105462,77.66,54.31,54.64,42.44,2,0,1,8.59,50.78
S105463,64.53,60.31,56.29,50.64,0,0,6,9.37,49.26
S105464,52.97,44.74,47.12,91.78,5,1,11,5.08,40.64
S105465,,78.79,64.94,52.22,5,0,4,2.43,66.29
S105466,77.51,76.8,73.6,65.12,3,3,6,3.1,63.18
S105467,66.61,73.84,70.95,54.59,1,0,4,3.3,38.81
S105468,76.43,71.38,75.21,60.13,1,0,3,9.04,51.79
S105469,28.13,67.29,74.94,44.16,6,1,3,4.75,10.53
S105470,58.35,46.28,74.41,49.41,4,0,4,6.89,67.6
S105471,57.86,72.64,52.58,34.78,2,0,5,10.0,59.14
S105472,,38.38,68.43,86.86,2,1,3,6.24,34.8
S105473,70.18,48.78,10.49,73.91,4,2,3,6.36,66.61
S105474,49.38,62.31,50.64,72.12,3,0,1,2.44,47.64
S105475,61.85,67.33,57.57,61.33,2,1,2,8.5,33.74
S105476,,52.31,52.37,40.99,1,1,7,4.77,13.39
S105477,41.39,43.19,45.65,68.69,4,2,6,0.0,37.3
S105478,65.42,47.33,52.92,83.56,0,0,4,8.02,66.51
S105479,52.48,43.73,56.18,48.87,2,0,5,4.04,60.48
S105480,46.03,64.97,34.81,59.63,1,0,4,2.96,34.19
S105481,52.7,74.22,45.29,46.28,3,0,4,6.9,52.03
S105482,85.88,57.22,56.16,71.31,6,1,2,5.84,19.78
S105483,81.05,67.81,62.51,60.74,1,2,5,4.8,72.12
S105484,34.36,61.05,51.62,70.97,4,1,3,8.86,46.65
S105485,52.56,41.22,57.13,42.3,1,0,3,9.68,34.47
S105486,97.74,74.49,69.7,37.23,1,2,4,7.64,81.2
S105487,34.17,59.17,65.47,81.82,0,1,3,4.36,49.63
S105488,63.56,90.81,58.02,63.07,3,1,7,6.06,55.65
S105489,16.19,55.12,36.32,60.15,2,0,5,3.48,27.96
S105490,68.22,31.58,45.44,61.03,1,3,4,6.48,71.88
S105491,49.1,49.02,88.58,52.79,3,0,6,7.59,47.82
S105492,50.05,57.44,60.57,62.54,5,1,1,3.35,35.02
S105493,58.67,25.53,68.59,50.97,3,1,4,5.15,22.89
S105494,71.08,67.31,36.76,21.42,2,1,2,5.9,26.61
S105495,88.26,56.51,73.05,24.98,4,0,3,5.56,40.65
S105496,72.45,64.15,77.94,61.24,3,0,2,8.87,51.54
S105497,65.9,63.39,58.94,49.86,2,1,3,3.26,39.87
S105498,18.0,63.22,76.28,77.06,2,0,3,10.0,48.3
S105499,41.3,39.06,43.91,77.77,2,2,3,2.37,59.51
S105500,32.81,79.53,60.47,61.93,1,0,5,2.39,31.72
S105501,61.33,62.68,35.77,66.28,4,0,3,6.09,90.77
S105502,39.3,87.3,38.62,58.27,0,0,7,3.99,53.89
S105503,81.23,82.62,34.66,49.28,2,0,6,7.24,70.2
S105504,1.41,39.98,65.98,47.02,3,1,3,6.37,62.55
S105505,62.91,58.06,38.97,15.97,1,0,5,4.53,46.77
S105506,51.48,24.73,37.4,56.24,3,2,5,7.46,33.79
S105507,42.47,55.16,60.03,43.15,2,1,4,4.68,70.05
S105508,60.91,55.03,59.73,30.23,1,2,3,0.94,10.67
S105509,52.73,74.42,64.62,21.24,4,0,7,9.31,63.4
S105510,83.67,65.29,39.15,21.0,2,0,5,4.9,100.0
S105511,49.94,65.79,71.08,64.07,4,0,3,1.6,83.76
S105512,72.53,61.41,59.7,31.73,1,1,6,7.69,57.97
S105513,18.29,38.78,75.37,66.83,0,1,3,10.0,47.34
S105514,52.46,70.61,80.21,33.74,0,0,6,7.64,38.17
S105515,51.73,76.54,70.25,68.86,3,0,3,3.34,51.82
S105516,65.44,35.62,81.44,31.09,1,0,7,3.88,50.46
S105517,60.97,88.45,48.9,46.26,2,2,7,0.62,37.9
S105518,47.83,100.0,84.25,49.5,1,0,2,6.68,16.17
S105519,57.98,41.52,50.7,74.2,6,1,4,5.56,68.28
S105520,77.58,10.46,85.14,46.19,3,4,2,3.41,33.56
S105521,70.32,82.0,68.14,54.41,2,1,2,6.06,44.56
S105522,69.41,60.1,53.19,50.49,5,0,5,5.01,41.48
S105523,65.45,41.67,43.25,61.21,2,0,7,4.54,37.19
S105524,41.24,50.11,28.26,42.15,1,0,3,8.37,71.18
S105525,45.82,60.78,82.82,63.15,2,1,5,7.81,27.47
S105526,64.9,71.39,50.11,40.02,1,0,1,4.35,45.58
S105527,92.12,75.49,96.3,49.63,4,1,5,2.83,47.16
S105528,57.5 ,58.56,100.0,70.82,1,1,5,6.25,74.19
S105529,70.69,68.51,27.42,79.08,0,2,5,4.0,29.67
S105530,81.75,88.03,66.41,41.23,7,1,4,2.04,24.85
S105531,64.74,38.45,68.29,54.78,2,1,5,10.0,0.56
S105532,65.97,60.87,78.59,40.86,1,2,6,1.09,52.21
S105533,71.05,72.31,62.06,63.92,1,0,2,2.16,71.25
S105534,31.83,63.48,47.63,48.59,5,1,6,5.26,61.97
S105535,48.96,43.65,63.9,73.64,1,1,1,3.72,28.94
S105536,,29.84,58.98,58.01,5,0,5,5.54,86.81
S105537,73.34,72.87,28.83,39.03,2,1,5,4.39,55.6
S105538,100.0,64.68,66.77,75.39,1,2,4,7.77,56.06
S105539,46.42,55.49,67.62,63.81,0,0,5,5.78,37.8
S105540,57.87,52.63,87.7,,1,0,3,9.0,77.11
S105541,37.81,43.7,66.71,49.75,0,4,4,6.8,48.62
S105542,53.13,48.71,45.2,48.28,2,0,4,9.05,61.69
S105543,13.77,53.88,48.97,83.21,6,1,6,1.8,40.51
S105544,52.3,56.32,70.31,56.96,1,0,6,3.14,100.0
S105545,40.64,33.36,37.34,59.99,0,2,7,0.0,68.99
S105546,40.96,47.09,40.08,74.64,4,0,3,1.37,64.21
S105547,63.53,78.14,43.08,39.07,2,1,2,7.86,56.44
S105548,53.71,57.22,59.64,71.87,4,0,1,6.93,45.48
S105549,34.88,51.65,73.99,46.57,4,1,3,0.0,50.04
S105550,36.5,72.76,60.15,49.29,2,0,3,7.28,63.46
S105551,66.27,88.82,66.83,29.6,6,0,5,7.13,76.51
S105552,56.5,58.27,70.33,81.3,3,3,3,0.0,64.67
S105553,65.81,72.75,43.8,61.63,3,0,3,4.7,61.14
S105554,38.3,67.31,52.48,58.51,3,1,3,5.84,22.04
S105555,93.86,68.12,44.48,47.93,1,2,5,7.79,66.71
S105556,60.17,47.87,66.98,43.56,2,2,6,2.93,100.0
S105557,58.43,79.76,60.04,70.62,6,1,5,4.94,63.97
S105558,34.45,72.63,59.09,71.39,2,1,6,4.21,57.59
S105559,,69.21,48.35,52.07,4,3,3,7.45,80.02
S105560,84.26,70.29,60.49,35.89,2,1,5,6.24,20.81
S105561,36.37,73.9,57.26,65.94,3,0,7,8.41,82.4
S105562,64.47,22.43,46.11,53.66,4,0,5,4.75,58.13
S105563,30.59,47.71,42.25,38.04,2,0,5,5.91,70.36
S105564,57.11,95.1,64.19,,5,0,8,6.33,75.2
S105565,83.37,61.79,87.51,47.48,4,2,3,8.4,30.98
S105566,67.9,64.67,96.08,47.61,1,1,2,7.67,56.47
S105567,54.21,48.87,80.08,61.3,1,0,6,0.0,51.1
S105568,41.67,44.53,57.04,47.13,3,1,2,5.51,65.27
S105569,59.55,84.57,71.46,30.73,6,2,5,5.02,45.27
S105570,60.68,60.38,57.21,60.26,2,1,4,3.31,46.87
S105571,61.23,38.6,75.69,60.24,1,0,4,5.68,67.08
S105572,82.19,41.77,56.59,61.34,5,2,1,5.47,30.9
S105573,46.52,30.11,63.05,43.56,1,3,1,0.69,59.55
S105574,98.08,65.44,66.68,59.89,2,2,3,5.72,96.22
S105575,33.06,45.48,36.32,64.61,2,0,2,7.1,52.84
S105576,46.14,38.64,43.61,65.82,2,2,2,4.24,98.39
S105577,53.79,41.77,68.48,78.18,3,0,9,5.17,37.32
S105578,,72.82,47.57,47.32,3,0,6,3.69,74.75
S105579,72.08,39.85,48.79,42.42,2,1,6,0.0,55.02
S105580,77.88,25.24,45.77,40.58,4,0,4,2.78,29.35
S105581,42.66,53.81,55.35,55.3,3,2,6,7.09,55.12
S105582,70.49,27.13,60.78,50.69,2,0,4,3.53,20.11
S105583,56.31,66.8,50.0,49.72,3,2,4,4.95,65.49
S105584,30.74,80.1,47.24,68.49,7,0,4,5.06,75.6
S105585,46.83,61.5,24.83,74.34,3,1,3,4.2,47.92
S105586,70.67,82.58,88.95,69.49,5,3,4,0.0,12.81
S105587,78.2,79.52,52.43,37.04,5,0,2,10.0,62.51
S105588,60.2,76.0,28.62,35.05,6,1,5,10.0,0.0
S105589,60.23,79.51,50.77,58.59,4,0,4,10.0,29.02
S105590,78.83,64.13,74.94,85.44,3,0,3,3.79,47.05
S105591,65.56,95.71,75.99,45.34,3,0,5,7.39,65.55
S105592,55.67,71.34,53.25,59.44,2,2,4,5.31,46.23
S105593,63.41,55.03,68.03,52.83,0,3,3,0.87,73.8
S105594,74.58,67.14,65.7,46.71,3,2,2,8.43,71.21
S105595,60.52,87.2,85.89,34.23,4,0,2,2.79,28.39
S105596,68.64,48.01,36.22,31.82,5,0,4,0.24,50.2
S105597,64.73,35.93,64.7,59.62,4,0,1,5.53,23.27
S105598,100.0,44.99,32.82,49.47,4,0,5,2.11,63.67
S105599,29.3 ,45.48,59.74,62.75,6,0,1,5.51,59.66
S105600,65.95,65.49,60.89,58.58,2,2,4,5.8,26.49
S105601,43.83,75.8,78.02,43.87,3,1,2,5.97,50.04
S105602,29.97,58.78,59.96,43.37,0,0,4,3.88,69.64
S105603,76.77,63.18,54.69,57.54,1,0,5,1.8,28.54
S105604,65.59,100.0,73.58,42.0,3,3,6,0.0,40.72
S105605,55.84,89.8,81.88,4.23,1,1,5,6.93,55.86
S105606,48.92,59.94,65.67,36.06,0,0,4,4.22,43.72
S105607,40.4,65.61,62.27,,2,0,2,7.26,43.41
S105608,41.14,48.44,70.43,44.13,3,0,4,6.38,49.41
S105609,58.15,79.36,47.75,49.06,2,2,6,5.76,36.84
S105610,54.06,36.64,34.34,58.75,1,0,3,6.63,74.3
S105611,72.64,84.57,61.97,52.47,2,3,3,10.0,34.67
S105612,31.69,71.91,82.28,68.84,0,2,2,2.49,85.9
S105613,70.18,78.65,65.92,,0,0,6,4.29,11.83
S105614,70.84,68.53,79.68,36.26,0,0,4,2.43,19.84
S105615,44.13,86.88,57.57,75.27,1,0,1,6.51,35.67
S105616,95.86,74.51,72.1,65.49,3,0,5,6.06,22.77
S105617,78.05,58.51,59.77,50.95,6,2,3,5.11,45.83
S105618,73.6,64.32,62.28,87.63,2,1,1,5.9,55.21
S105619,99.57,93.16,59.96,64.83,2,1,3,3.61,63.73
S105620,71.1 ,86.25,69.55,77.9,1,1,5,5.51,48.78
S105621,71.04,12.31,42.08,60.98,4,1,5,0.41,45.68
S105622,70.83,73.22,49.73,49.87,2,4,2,0.77,78.17
S105623,76.15,65.57,44.74,74.03,2,0,5,8.87,45.49
S105624,65.95,60.97,78.65,75.49,1,1,6,4.3,25.03
S105625,72.01,34.64,56.39,100.0,2,2,6,3.44,57.84
S105626,28.87,59.3,100.0,18.21,5,0,11,3.47,36.65
S105627,69.73,51.97,57.91,63.1,3,0,6,8.22,54.97
S105628,30.84,71.75,76.92,72.24,0,2,5,4.31,72.38
S105629,87.43,64.75,76.99,27.76,1,1,2,5.56,37.39
S105630,56.88,79.41,45.37,36.03,6,2,3,3.15,52.48
S105631,61.39,48.64,54.65,47.09,3,1,2,2.66,38.22
S105632,43.87,52.31,75.85,86.92,3,0,2,5.92,21.36
S105633,65.18,56.98,50.63,44.9,2,0,4,6.5,51.26
S105634,76.53,53.83,47.65,48.29,3,1,3,5.68,85.79
S105635,65.2,40.36,55.96,96.83,0,0,3,3.08,48.97
S105636,24.86,51.28,54.2,69.37,3,0,5,3.72,22.41
S105637,,96.1,86.24,53.34,2,0,4,1.13,46.53
S105638,35.47,34.43,52.67,62.58,3,1,2,7.54,45.1
S105639,62.69,73.12,70.86,66.76,4,0,2,9.04,20.33
S105640,49.18,61.42,53.68,63.02,4,2,3,3.98,23.86
S105641,26.37,50.27,51.66,53.3,3,0,7,4.43,52.71
S105642,94.74,61.57,57.48,82.09,0,1,2,5.61,25.41
S105643,2.77,59.13,67.44,53.04,1,0,2,6.58,42.02
S105644,70.38,94.6,54.55,48.75,4,0,2,6.84,31.68
S105645,,71.97,85.95,68.27,1,0,2,6.9,28.25
S105646,37.22,57.78,36.21,43.27,1,0,3,4.42,65.14
S105647,82.54,48.05,51.07,74.09,1,0,5,5.35,29.9
S105648,43.5,100.0,87.48,75.37,4,0,2,5.74,44.14
S105649,27.88,57.22,89.75,59.79,4,1,5,2.43,62.96
S105650,80.51,68.53,49.38,62.45,1,0,3,9.03,45.87
S105651,66.67,40.67,52.95,18.25,2,0,3,7.03,7.89
S105652,42.18,61.43,78.83,49.6,2,0,5,6.97,51.27
S105653,57.67,64.69,58.2,74.08,3,1,6,2.44,43.08
S105654,71.63,43.49,74.91,37.65,2,1,3,4.8,50.22
S105655,49.63,72.65,49.66,62.73,2,0,4,8.83,26.56
S105656,75.04,46.11,55.74,40.39,1,0,9,2.64,29.77
S105657,61.66,52.87,63.77,51.32,3,0,5,3.2,63.61
S105658,42.32,54.47,95.33,31.75,3,0,7,2.85,100.0
S105659,41.32,66.38,37.97,63.56,2,1,6,4.37,34.89
S105660,72.5,62.82,44.7,100.0,0,0,3,7.65,47.52
S105661,61.5 ,94.0,45.16,77.52,3,0,3,2.96,70.84
S105662,53.72,52.43,60.21,71.13,1,1,3,7.14,12.52
S105663,,30.26,57.15,48.99,1,0,5,10.0,65.97
S105664,58.05,62.81,60.64,58.36,4,0,7,8.95,59.43
S105665,54.19,80.86,70.19,49.53,1,0,2,9.44,41.75
S105666,72.37,81.24,85.25,51.35,8,0,4,4.67,48.83
S105667,54.99,64.78,70.51,75.83,2,0,5,8.32,46.39
S105668,100.0,92.33,68.97,35.67,4,1,6,5.97,47.18
S105669,51.7,59.89,47.01,48.67,2,0,2,0.0,48.51
S105670,29.12,55.06,72.82,68.28,2,1,4,8.06,13.05
S105671,59.38,58.99,100.0,52.71,4,2,4,6.94,67.44
S105672,34.59,63.3,75.75,73.33,2,1,2,5.76,68.37
S105673,71.6,47.84,71.23,44.15,2,0,5,3.43,55.02
S105674,53.57,59.28,38.84,69.3,4,1,9,1.9,39.46
S105675,39.01,35.51,42.66,65.51,1,0,4,8.44,100.0
S105676,71.07,24.84,75.82,75.28,4,1,4,1.78,58.62
S105677,24.37,96.05,45.93,62.15,3,0,5,0.0,30.02
S105678,89.7,60.69,71.67,31.04,1,1,3,3.11,65.17
S105679,56.88,61.45,65.87,21.13,6,0,4,6.61,45.95
S105680,45.24,99.03,49.25,39.19,1,1,5,4.95,100.0
S105681,,38.21,71.88,93.4,1,0,5,6.39,57.38
S105682,76.88,37.25,47.36,66.5,2,2,5,4.59,52.22
S105683,53.42,47.46,72.1,65.75,2,0,3,5.91,19.12
S105684,63.94,67.05,64.22,59.14,2,1,6,8.97,52.95
S105685,62.21,55.18,52.56,46.93,1,0,3,7.85,5.26
S105686,100.0,61.98,70.37,43.79,2,2,3,8.54,46.21
S105687,37.36,35.47,40.7,48.2,0,2,4,4.95,82.24
S105688,64.07,78.15,59.35,38.98,7,0,3,1.24,32.0
S105689,30.61,35.26,47.55,73.2,1,0,4,5.03,40.23
S105690,69.09,68.4,69.94,47.03,0,0,4,7.28,76.73
S105691,43.06,52.71,68.78,44.92,3,1,3,5.76,45.74
S105692,52.14,83.81,59.25,37.62,1,0,0,5.67,77.44
S105693,20.23,55.09,45.87,62.59,1,1,3,8.66,41.57
S105694,56.25,49.84,62.99,57.33,0,1,3,5.0,26.28
S105695,65.06,80.99,68.0,41.15,1,0,7,4.43,29.67
S105696,27.57,72.74,100.0,,5,1,4,2.44,79.22
S105697,34.78,48.15,52.43,43.48,2,4,4,0.88,68.94
S105698,64.27,79.0,41.24,9.61,4,0,10,6.4,28.05
S105699,49.91,66.39,43.83,77.63,1,0,1,5.86,79.15
S105700,61.28,48.05,58.33,66.22,0,1,2,4.44,14.66
S105701,25.9,36.24,55.49,53.0,5,1,10,8.86,22.2
S105702,56.3,53.36,71.62,44.46,2,0,4,5.72,65.84
S105703,72.38,64.94,56.02,60.83,0,0,3,4.69,39.01
S105704,46.37,43.23,64.1,32.01,2,0,3,6.81,37.96
S105705,47.06,84.09,76.22,58.29,2,1,4,2.78,39.43
S105706,17.43,84.44,44.82,55.24,2,1,3,8.05,50.86
S105707,78.72,54.03,52.16,95.71,3,1,2,6.65,9.62
S105708,71.46,74.4,56.04,60.7,1,2,2,0.88,60.04
S105709,79.01,71.07,84.04,33.36,2,0,3,3.44,50.07
S105710,89.57,58.56,47.64,56.54,3,0,4,4.5,57.18
S105711,80.77,54.29,64.35,47.26,1,0,4,8.46,64.07
S105712,38.91,46.15,48.04,42.95,5,0,5,5.01,69.98
S105713,62.4,26.24,62.36,10.12,2,0,6,4.17,70.28
S105714,54.96,80.08,58.11,46.35,4,0,7,9.08,25.5
S105715,70.15,46.25,47.3,62.81,3,1,1,7.63,46.79
S105716,86.04,79.42,30.63,24.87,0,1,4,8.21,45.93
S105717,51.44,61.45,84.33,43.39,4,2,3,4.97,60.11
S105718,58.85,59.66,47.92,53.67,1,2,3,6.37,39.23
S105719,40.98,75.45,76.99,82.66,7,1,4,5.35,90.83
S105720,33.31,49.78,45.75,32.05,0,0,2,2.65,59.62
S105721,72.85,63.73,69.95,57.23,3,1,5,5.3,46.5
S105722,55.13,38.1,57.2,44.02,3,2,7,6.76,75.72
S105723,49.04,45.82,51.81,50.4,5,1,1,2.28,39.68
S105724,38.4,90.47,52.79,78.46,1,3,1,3.4,42.65
S105725,76.46,82.62,67.78,51.03,1,0,5,6.1,35.91
S105726,79.21,49.27,41.91,59.64,3,1,4,4.59,47.64
S105727,60.35,93.44,36.84,57.4,6,1,3,7.52,55.71
S105728,50.9,67.67,86.26,54.04,3,0,2,5.34,34.74
S105729,61.46,62.48,51.6,58.88,2,0,1,2.95,48.68
S105730,74.15,97.84,58.21,59.69,2,1,4,4.56,21.88
S105731,54.1,47.36,36.25,48.21,2,1,9,6.92,26.33
S105732,41.46,48.97,72.0,51.7,2,1,2,8.72,37.44
S105733,58.22,40.3,64.7,70.92,2,2,6,5.38,18.89
S105734,74.23,79.44,58.49,46.35,6,1,4,6.69,38.86
S105735,66.34,67.37,22.32,35.04,0,0,6,6.65,64.48
S105736,92.22,56.34,55.88,55.48,5,1,5,3.3,91.12
S105737,43.27,49.14,52.01,56.19,2,1,3,7.28,47.78
S105738,46.05,79.62,58.38,23.94,1,2,5,4.43,65.91
S105739,72.26,40.14,27.41,69.1,2,3,4,6.94,82.43
S105740,52.11,58.75,54.31,51.41,2,1,2,6.01,61.26
S105741,80.11,52.7,36.56,27.0,4,2,6,6.74,52.86
S105742,73.25,47.31,71.14,59.74,2,0,2,10.0,45.5
S105743,55.35,52.27,52.27,92.55,5,1,2,2.85,44.98
S105744,68.64,76.83,66.47,59.24,1,0,3,3.11,28.58
S105745,52.38,62.9,48.52,67.4,3,0,5,8.21,71.92
S105746,22.78,92.65,61.18,67.57,4,0,1,3.53,49.01
S105747,64.48,36.65,71.93,78.08,3,1,4,4.0,46.96
S105748,32.79,60.66,68.22,35.48,0,0,1,5.66,19.6
S105749,30.23,83.72,35.99,37.55,2,0,7,2.17,62.8
S105750,77.15,55.66,42.53,44.07,0,1,4,3.03,50.7
S105751,45.43,48.98,48.57,19.7,3,1,2,7.51,59.66
S105752,44.06,66.1,54.83,32.04,2,1,3,7.25,48.54
S105753,39.41,74.9,53.25,58.34,0,0,2,9.86,51.86
S105754,,38.3,40.45,52.81,3,0,5,5.2,32.4
S105755,65.24,57.63,83.21,47.99,2,1,4,10.0,26.16
S105756,16.72,90.78,74.6,64.54,2,0,3,4.24,46.17
S105757,50.24,33.36,55.0,68.33,2,2,5,1.79,71.54
S105758,49.59,55.69,48.18,44.75,1,2,1,3.64,50.0
S105759,45.9,43.32,76.16,78.61,3,2,1,7.27,65.51
S105760,35.95,39.88,44.86,38.68,2,1,7,7.11,53.07
S105761,43.45,46.31,64.75,81.86,0,1,4,2.05,42.46
S105762,30.57,81.34,75.76,45.33,3,0,4,6.59,47.19
S105763,21.93,66.15,55.68,46.56,3,4,6,8.09,75.31
S105764,54.54,71.18,45.87,73.76,4,1,3,0.0,15.62
S105765,35.67,76.36,52.61,47.47,2,1,2,5.19,56.73
S105766,61.5,74.83,58.57,88.27,2,0,4,4.07,23.09
S105767,26.68,60.18,61.58,33.28,0,0,2,3.82,50.93
S105768,3.85,73.35,40.01,75.0,1,1,5,6.2,66.95
S105769,66.58,50.69,61.93,47.35,2,0,4,6.52,39.71
S105770,65.14,71.68,75.06,27.27,1,1,0,9.62,74.54
S105771,95.94,87.05,29.76,54.0,1,0,4,1.84,30.48
S105772,61.7,54.09,50.74,64.32,6,0,2,6.25,63.05
S105773,44.33,55.57,72.58,65.98,0,0,1,7.8,26.12
S105774,37.55,72.29,62.64,54.64,3,2,5,6.04,67.57
S105775,14.05,38.77,75.26,76.91,3,0,9,2.84,77.79
S105776,60.38,53.79,56.03,56.14,3,2,4,10.0,52.36
S105777,42.92,81.51,41.17,46.11,5,0,4,6.08,42.45
S105778,76.1 ,39.56,67.68,94.46,1,1,0,5.59,92.57
S105779,59.19,72.91,48.97,20.2,3,0,6,5.01,85.34
S105780,71.56,47.83,60.43,86.86,1,1,2,3.11,54.62
S105781,60.89,79.26,87.1,81.02,2,2,4,2.95,46.88
S105782,44.6,32.07,59.76,60.56,2,0,1,5.03,30.7
S105783,48.51,63.58,68.92,48.37,1,1,6,4.16,51.08
S105784,59.88,67.82,73.86,64.98,1,0,3,8.75,82.71
S105785,66.87,74.51,71.61,80.33,2,1,7,5.84,42.72
S105786,31.46,44.53,63.95,36.2,0,0,4,4.36,98.69
S105787,59.22,47.04,50.72,42.81,4,4,1,5.3,52.06
S105788,62.94,71.39,55.51,89.19,1,0,0,0.7,45.43
S105789,62.36,67.31,64.71,,4,0,3,7.17,89.64
S105790,45.12,52.81,33.71,83.36,0,2,4,8.43,14.75
S105791,81.5,73.66,55.21,49.98,5,1,4,7.77,70.14
S105792,28.16,39.42,75.4,57.81,1,1,4,6.14,28.62
S105793,25.69,45.58,52.94,56.97,2,0,3,10.0,34.19
S105794,46.87,45.81,68.0,43.17,9,3,2,7.71,13.55
S105795,26.04,60.09,81.19,,2,1,4,8.06,0.0
S105796,87.79,84.47,63.86,44.76,0,1,7,4.45,77.07
S105797,51.42,86.87,54.2,51.78,1,2,4,1.52,62.51
S105798,49.47,47.39,46.57,74.76,3,1,3,7.14,37.31
S105799,20.26,82.26,61.19,71.3,0,0,2,5.67,56.63
S105800,49.52,54.1,41.24,78.38,3,2,3,10.0,54.26
S105801,23.65,91.32,76.83,52.96,3,0,2,8.48,34.62
S105802,33.71,69.6,55.91,63.12,3,2,4,3.86,21.52
S105803,40.99,71.05,38.21,42.31,2,0,0,8.99,90.19
S105804,48.68,20.03,44.51,22.72,4,2,6,7.9,65.3
S105805,65.3 ,64.56,69.65,73.54,4,2,5,4.08,78.01
S105806,36.72,32.9,53.91,68.35,3,2,2,6.37,58.46
S105807,35.33,40.72,89.02,43.33,3,2,3,3.82,32.88
S105808,60.87,74.03,56.55,46.36,2,1,5,7.49,40.96
S105809,77.59,39.25,33.96,22.29,3,2,4,8.34,30.88
S105810,52.26,81.58,55.41,55.6,1,1,6,7.63,59.51
S105811,45.31,71.76,98.17,61.43,1,1,2,4.02,84.1
S105812,67.71,32.55,68.54,32.66,0,4,4,3.67,58.06
S105813,19.59,89.61,81.12,85.4,3,0,0,2.59,66.32
S105814,88.56,60.85,27.8,70.52,4,1,4,8.68,33.8
S105815,90.86,49.36,50.02,78.47,3,1,7,5.85,53.31
S105816,32.94,70.36,61.01,61.19,4,0,3,2.44,100.0
S105817,45.14,49.81,61.66,55.56,2,0,5,6.88,52.96
S105818,54.85,62.1,56.48,35.84,4,0,4,2.57,33.55
S105819,,76.59,40.31,33.78,2,0,3,5.13,37.16
S105820,83.07,47.88,61.66,51.35,2,1,7,9.07,56.83
S105821,60.37,32.92,64.55,45.2,3,1,5,3.89,44.95
S105822,42.84,58.78,75.89,35.97,4,1,6,8.09,87.93
S105823,42.4,42.31,50.56,32.14,2,2,4,5.44,76.87
S105824,9.56,62.26,65.62,64.5,3,2,3,5.39,49.34
S105825,16.52,60.57,65.01,78.27,2,0,5,3.44,0.0
S105826,44.42,100.0,41.34,57.65,4,1,3,0.49,51.85
S105827,66.71,40.74,53.17,59.97,3,3,6,5.69,71.54
S105828,64.13,56.32,66.77,70.77,5,1,5,3.47,32.58
S105829,55.07,54.27,94.17,74.9,1,3,4,6.93,82.11
S105830,56.65,86.0,62.69,84.82,6,0,9,7.31,30.49
S105831,53.99,59.31,61.35,,2,1,1,7.98,44.25
S105832,85.98,36.58,50.53,,3,0,6,2.38,29.77
S105833,39.99,44.45,85.16,62.22,4,2,3,5.56,44.08
S105834,45.3,69.76,60.94,49.93,1,0,3,6.92,75.39
S105835,62.53,62.42,73.25,47.6,3,1,4,7.13,46.46
S105836,,84.92,63.95,54.02,4,1,0,10.0,11.7
S105837,45.9 ,61.01,69.9,66.99,4,2,2,2.02,79.76
S105838,31.13,47.24,40.8,19.5,5,1,6,4.48,63.13
S105839,39.81,73.56,50.78,72.55,2,0,5,4.65,55.87
S105840,39.68,57.13,75.6,47.43,3,0,5,2.81,40.46
S105841,39.95,75.79,64.9,89.14,5,2,2,7.86,61.55
S105842,64.61,28.12,46.16,78.43,2,0,11,9.38,28.35
S105843,41.9 ,36.96,47.64,88.93,2,0,4,3.67,90.05
S105844,41.44,63.67,54.62,,0,0,3,8.45,60.52
S105845,44.07,45.39,60.04,61.99,2,0,1,4.77,43.77
S105846,59.96,20.84,75.87,18.52,4,1,1,5.42,69.99
S105847,62.63,57.09,42.74,38.35,1,1,8,6.2,37.25
S105848,51.45,76.77,91.27,44.85,2,1,10,4.98,54.19
S105849,41.08,89.76,62.37,84.38,1,0,4,5.72,45.08
S105850,48.56,63.24,65.02,58.27,1,1,2,5.39,42.32
S105851,74.78,73.52,27.67,41.33,1,0,5,5.02,20.18
S105852,52.65,91.01,64.67,71.78,5,1,5,5.05,46.06
S105853,33.44,61.68,46.76,48.95,3,0,4,4.75,97.06
S105854,61.62,100.0,38.79,88.9,4,0,5,3.61,14.91
S105855,62.81,72.81,100.0,76.16,1,1,6,1.0,54.97
S105856,40.39,52.38,60.94,50.95,1,3,7,5.4,33.24
S105857,62.45,58.97,72.35,67.44,1,1,4,8.19,37.92
S105858,34.44,63.03,62.57,51.2,2,0,5,7.11,34.78
S105859,83.24,80.3,47.84,59.01,4,0,4,3.78,71.62
S105860,43.83,63.09,51.01,84.66,4,1,6,7.32,71.65
S105861,66.9 ,66.34,63.54,59.57,3,2,3,4.44,81.04
S105862,,37.56,73.18,78.5,0,0,4,2.43,63.17
S105863,66.74,64.09,99.89,,2,2,6,2.81,22.18
S105864,53.82,61.34,87.08,66.98,3,0,4,9.51,50.94
S105865,77.96,61.68,52.25,17.77,3,0,6,7.19,62.63
S105866,46.99,41.22,67.34,57.75,1,1,5,6.22,53.56
S105867,77.24,62.72,58.87,47.11,2,3,4,3.38,78.69
S105868,63.54,46.49,47.05,61.31,2,1,5,4.34,57.88
S105869,43.43,57.86,40.57,46.17,2,0,2,9.35,41.09
S105870,61.73,71.15,82.38,60.99,4,0,1,1.23,33.62
S105871,51.63,41.6,46.46,64.31,4,1,2,7.57,21.89
S105872,70.69,54.4,72.81,30.13,1,1,6,9.52,62.93
S105873,19.34,65.92,47.21,61.2,2,0,4,4.89,39.6
S105874,49.55,53.82,61.67,52.13,2,0,1,9.51,80.64
S105875,57.96,63.4,50.28,27.05,2,0,3,7.92,34.2
S105876,60.46,71.54,78.61,66.47,2,0,4,6.94,94.59
S105877,69.33,55.05,79.88,26.94,4,0,3,7.28,38.78
S105878,71.69,64.53,48.28,68.31,2,3,7,6.47,51.97
S105879,8.57,41.27,53.99,60.13,3,0,2,5.08,43.98
S105880,12.74,38.99,60.78,,5,1,3,5.61,56.26
S105881,51.91,74.72,37.93,64.73,2,1,6,6.22,16.74
S105882,51.5,75.42,63.61,6.41,5,0,6,7.38,14.43
S105883,71.93,84.04,74.88,35.15,2,1,4,8.68,51.35
S105884,49.96,37.02,47.84,27.92,2,1,4,5.01,51.16
S105885,82.78,57.77,51.24,77.29,1,1,2,4.62,60.93
S105886,32.99,41.19,66.28,54.28,1,0,6,8.86,79.15
S105887,51.91,42.3,45.38,56.92,2,1,4,5.53,45.49
S105888,,57.2,83.7,60.07,1,2,3,7.75,45.84
S105889,53.22,56.58,64.37,51.45,0,2,2,5.46,47.73
S105890,57.58,23.71,71.77,47.58,3,2,2,2.34,12.93
S105891,66.65,52.18,61.69,44.66,5,2,3,0.51,63.05
S105892,30.8,33.32,52.02,92.56,5,1,2,1.35,30.42
S105893,64.14,76.99,100.0,65.08,2,1,3,3.22,64.7
S105894,77.46,74.19,21.65,59.66,3,0,7,5.93,71.61
S105895,68.2,74.2,77.47,74.86,5,0,4,2.28,34.02
S105896,54.06,53.22,44.57,52.06,3,4,7,4.75,50.21
S105897,72.14,61.49,64.07,58.82,3,1,1,7.42,36.14
S105898,50.09,54.2,66.9,82.6,7,0,6,7.23,31.68
S105899,57.03,56.73,43.87,60.26,0,0,4,5.03,56.21
S105900,46.91,65.2,79.46,62.73,5,2,2,4.5,43.35
S105901,23.89,70.48,28.82,0.0,4,1,3,2.86,47.01
S105902,13.29,67.17,46.1,81.4,4,0,3,4.86,53.88
S105903,40.7,60.23,81.13,41.33,1,3,3,10.0,64.66
S105904,80.99,48.33,33.53,46.96,0,1,7,10.0,28.48
S105905,43.4,49.18,53.27,53.95,1,0,1,2.84,13.15
S105906,53.5,48.84,39.96,67.98,3,2,3,9.44,13.93
S105907,60.42,63.57,66.41,43.59,0,0,4,5.86,68.3
S105908,49.82,64.15,43.69,14.09,3,1,9,3.97,53.36
S105909,68.61,61.94,55.73,64.61,2,4,2,6.38,23.3
S105910,65.37,72.87,49.83,72.53,1,0,3,2.86,37.64
S105911,47.97,56.34,49.87,50.57,2,0,6,2.62,6.21
S105912,56.64,54.59,50.4,57.89,4,0,5,2.18,66.48
S105913,50.25,38.62,49.28,28.43,6,2,3,6.54,82.41
S105914,60.62,79.89,17.9,57.39,1,2,7,5.47,27.14
S105915,82.61,56.75,56.73,37.79,1,2,1,0.27,64.38
S105916,31.61,42.94,42.69,38.36,2,1,8,0.0,42.27
S105917,38.7,62.01,41.65,70.19,2,0,2,7.3,75.84
S105918,56.09,69.12,72.97,66.66,3,1,5,5.45,58.87
S105919,41.95,45.83,93.33,63.21,2,1,6,3.29,74.82
S105920,53.54,34.11,51.53,71.87,4,0,5,1.99,19.23
S105921,36.94,52.48,100.0,62.77,1,1,3,6.6,85.31
S105922,73.65,59.37,66.2,63.66,4,0,2,5.24,35.89
S105923,43.45,57.3,49.03,61.23,1,0,5,4.63,35.58
S105924,44.95,18.94,32.82,74.5,1,0,0,3.63,42.68
S105925,66.54,36.8,49.9,40.32,3,3,3,4.66,25.08
S105926,60.4,80.75,52.59,58.47,4,0,4,6.48,10.64
S105927,73.44,39.84,57.21,32.3,4,1,4,6.13,89.25
S105928,56.75,58.13,50.09,56.25,2,1,1,8.99,60.41
S105929,69.64,89.88,47.36,46.41,2,1,4,6.37,14.26
S105930,40.61,57.77,46.25,68.46,1,0,4,9.35,44.69
S105931,36.02,48.37,76.47,58.3,3,1,3,6.68,72.26
S105932,75.73,50.89,32.47,75.25,2,2,3,5.87,38.72
S105933,53.72,79.84,36.9,75.46,0,1,2,2.25,21.15
S105934,57.78,55.55,57.3,59.98,2,1,4,3.37,68.23
S105935,33.21,43.11,57.43,30.7,1,1,8,2.66,44.64
S105936,65.42,68.21,50.33,72.85,6,0,4,7.66,73.65
S105937,20.78,42.47,52.27,61.94,2,0,6,2.15,4.25
S105938,61.91,70.78,46.54,24.74,2,1,6,5.03,51.48
S105939,,67.89,46.79,54.42,1,0,5,6.54,35.9
S105940,45.23,66.57,75.65,66.14,1,2,5,6.9,62.15
S105941,51.74,79.52,54.79,58.77,0,2,8,0.75,82.21
S105942,32.6,57.69,29.61,52.91,5,1,2,9.37,46.42
S105943,28.52,41.89,36.46,,5,1,4,0.7,34.08
S105944,27.3,35.29,43.31,68.68,2,1,5,8.74,27.05
S105945,69.31,67.64,42.03,45.11,2,2,1,6.12,58.27
S105946,76.59,100.0,37.33,75.05,4,2,4,6.31,90.12
S105947,72.08,99.26,64.01,81.22,2,1,5,5.07,54.48
S105948,42.08,43.6,71.97,15.05,3,1,5,3.94,25.11
S105949,73.18,59.16,80.72,52.74,1,4,2,4.07,48.05
S105950,74.49,62.9,37.99,58.79,2,1,3,1.15,34.17
S105951,39.09,46.32,82.63,93.8,0,1,3,6.05,32.33
S105952,52.07,64.97,61.6,52.19,1,1,6,7.31,48.85
S105953,35.21,66.95,58.69,61.27,3,2,10,4.36,42.38
S105954,41.89,90.6,57.13,62.0,6,0,1,7.59,41.35
S105955,50.52,68.07,69.56,45.44,5,0,1,2.18,50.66
S105956,50.34,63.86,42.55,42.28,1,0,5,10.0,9.42
S105957,63.21,100.0,64.67,46.18,4,1,3,5.23,63.68
S105958,63.4,81.43,54.6,72.1,2,4,4,8.01,34.86
S105959,22.49,27.16,73.04,54.96,4,1,7,6.26,59.71
S105960,40.1,75.15,97.5,50.85,3,0,3,5.36,48.87
S105961,54.28,59.27,89.64,72.36,6,1,7,5.79,30.64
S105962,30.46,84.26,34.37,68.26,6,2,2,5.87,54.54
S105963,72.89,63.41,32.27,3.9,5,0,3,4.76,61.41
S105964,69.7,77.62,48.82,71.51,4,0,7,1.89,87.7
S105965,45.78,68.08,43.95,75.26,5,1,3,7.19,74.27
S105966,62.95,54.27,61.12,52.1,5,0,6,4.02,29.26
S105967,73.89,64.05,88.26,53.35,2,2,6,1.2,41.53
S105968,51.69,70.65,54.91,27.04,1,1,6,2.44,73.5
S105969,51.77,42.01,49.44,55.32,2,1,7,5.62,47.84
S105970,81.11,70.03,33.76,60.52,3,0,6,3.44,66.36
S105971,40.95,59.85,65.96,56.56,3,1,4,2.55,26.84
S105972,45.2,30.45,43.12,54.57,1,1,1,3.77,17.06
S105973,69.28,53.86,65.59,35.21,1,0,4,4.44,30.3
S105974,46.96,68.76,72.83,53.47,2,1,5,3.34,38.66
S105975,70.88,42.79,66.96,47.59,4,0,3,4.04,67.92
S105976,60.95,53.39,70.5,37.93,6,0,3,4.04,64.53
S105977,61.45,63.93,67.63,31.45,1,1,2,10.0,0.0
S105978,65.6,38.57,63.59,66.01,1,0,2,8.88,21.02
S105979,43.98,41.76,67.7,50.27,5,1,5,8.02,6.42
S105980,73.28,47.4,61.19,69.91,4,2,6,6.81,52.85
S105981,84.73,91.02,68.8,65.94,4,0,4,6.07,88.85
S105982,77.08,64.06,61.37,75.24,3,2,2,3.55,100.0
S105983,42.83,25.32,73.8,47.91,4,1,1,4.68,47.87
S105984,52.97,63.67,34.03,47.08,2,1,6,8.15,63.09
S105985,100.0,60.62,55.28,45.84,0,0,4,3.72,35.24
S105986,65.87,66.62,48.38,37.94,4,0,4,8.23,52.35
S105987,64.29,76.45,47.16,52.03,1,1,0,4.84,18.06
S105988,73.96,80.63,56.3,66.98,5,1,3,5.34,65.67
S105989,51.94,65.82,74.06,,1,1,2,3.41,48.0
S105990,34.44,51.25,58.86,60.27,3,1,3,4.83,25.31
S105991,41.53,58.13,61.51,73.91,4,0,7,4.88,22.85
S105992,68.7,36.16,27.64,91.0,1,0,4,6.96,74.2
S105993,75.85,38.99,50.0,68.27,5,0,3,3.7,52.54
S105994,33.47,66.88,48.86,81.38,2,1,6,6.72,24.3
S105995,43.28,97.79,91.68,85.89,3,0,5,7.14,54.51
S105996,78.53,76.88,80.48,52.96,2,0,1,4.2,60.59
S105997,73.76,60.81,43.2,45.98,4,1,7,7.52,37.16
S105998,42.5,60.97,46.26,62.25,3,0,4,6.49,56.76
S105999,72.28,60.73,41.86,64.7,3,2,4,6.11,94.93
S106000,51.91,51.85,43.84,42.77,5,1,6,5.4,47.2
S106001,55.54,80.85,53.35,65.76,1,1,4,4.65,61.82
S106002,61.89,78.94,50.65,49.39,3,0,2,7.9,63.14
S106003,45.93,89.38,61.47,37.35,1,0,3,4.62,0.0
S106004,58.02,47.97,59.88,38.52,2,3,5,1.3,94.35
S106005,26.14,70.26,57.09,56.71,2,1,5,3.16,73.02
S106006,54.48,49.86,62.98,61.5,1,0,3,0.37,45.42
S106007,73.19,57.11,52.24,60.84,3,2,3,7.09,41.31
S106008,69.01,72.4,76.41,46.95,1,0,5,5.12,23.45
S106009,61.48,56.77,75.83,44.55,1,2,3,7.4,51.73
S106010,73.82,45.58,45.84,,4,0,6,7.82,63.92
S106011,41.96,65.92,63.73,67.04,0,2,5,7.41,37.89
S106012,47.6,75.08,61.42,64.91,5,2,2,2.94,52.88
S106013,60.36,52.86,81.44,58.04,5,2,3,6.49,22.11
S106014,49.78,72.14,39.04,94.75,1,0,4,4.47,33.55
S106015,73.11,51.24,52.77,64.77,3,1,1,2.67,57.99
S106016,40.44,54.89,61.12,69.58,3,0,4,6.93,51.19
S106017,31.56,67.61,80.89,70.22,3,1,3,1.33,17.11
S106018,44.32,58.19,69.21,29.79,5,1,5,4.74,60.12
S106019,70.0,86.75,67.91,58.48,3,2,5,5.38,77.23
S106020,78.19,58.06,43.68,57.95,1,1,1,8.41,45.63
S106021,75.39,42.19,54.75,44.64,3,0,6,8.47,54.51
S106022,63.5,81.4,45.14,43.45,3,0,8,5.55,31.8
S106023,83.36,62.43,36.27,,3,0,3,7.39,44.44
S106024,62.2,43.84,62.27,49.47,6,0,5,3.49,100.0
S106025,65.67,38.47,40.81,94.9,0,1,6,5.95,77.22
S106026,58.59,67.53,38.44,45.98,4,0,10,3.39,60.18
S106027,58.38,88.5,63.4,57.57,3,1,5,10.0,82.5
S106028,100.0,78.64,36.69,51.61,2,0,8,2.98,64.54
S106029,36.89,55.18,48.44,44.61,1,0,1,8.5,33.06
S106030,76.67,69.26,38.48,24.98,1,1,2,4.36,28.04
S106031,55.58,59.27,77.8,86.0,1,0,5,1.64,15.55
S106032,35.72,74.07,50.74,42.09,2,2,2,4.41,30.79
S106033,88.07,77.99,70.06,50.91,3,0,1,4.59,42.72
S106034,69.44,81.46,39.43,71.0,2,0,2,4.57,32.84
S106035,29.83,68.0,37.97,21.74,3,1,2,0.66,73.25
S106036,54.43,53.66,57.64,36.79,6,0,6,10.0,52.94
S106037,62.56,53.47,69.79,56.89,4,1,2,7.51,62.82
S106038,39.31,76.97,60.93,57.97,1,1,7,8.24,52.16
S106039,82.4,61.89,68.54,79.02,2,2,6,9.78,17.25
S106040,32.07,50.97,62.2,78.52,2,0,2,3.5,41.99
S106041,50.49,47.05,75.19,55.27,2,1,4,2.94,31.05
S106042,46.31,38.24,48.08,61.28,1,1,6,2.48,53.76
S106043,,46.91,68.02,46.62,2,1,4,4.42,45.61
S106044,82.83,70.31,70.15,57.6,3,0,3,5.7,29.52
S106045,47.17,44.17,68.82,57.8,2,0,4,4.48,24.86
S106046,39.99,86.0,34.74,60.21,9,1,1,8.38,48.55
S106047,78.16,49.59,48.49,58.6,4,0,3,10.0,40.85
S106048,59.02,53.69,95.53,65.15,2,1,6,1.83,19.06
S106049,26.13,53.35,60.07,45.87,2,1,2,7.17,27.71
S106050,37.0 ,57.15,44.54,57.58,1,1,4,4.17,98.21
S106051,58.82,67.51,42.44,34.83,2,0,3,9.28,34.6
S106052,36.47,48.23,82.25,64.18,1,1,2,2.45,29.4
S106053,62.56,89.25,47.86,49.13,1,1,5,10.0,23.9
S106054,45.68,53.63,55.63,70.72,2,0,3,6.2,41.02
S106055,68.87,58.17,68.07,71.15,0,2,4,7.1,60.96
S106056,65.59,35.78,64.32,69.19,3,1,4,8.93,35.71
S106057,20.74,40.8,23.32,42.88,1,1,6,8.59,70.64
S106058,53.52,84.92,83.35,36.66,2,1,4,6.93,55.7
S106059,,73.3,46.92,79.53,0,2,6,8.36,51.54
S106060,38.82,50.2,45.24,57.69,6,1,2,7.48,52.67
S106061,42.38,66.89,68.57,56.94,3,1,6,7.14,57.25
S106062,30.75,71.6,49.78,73.43,2,0,7,4.13,39.14
S106063,87.55,42.56,48.44,63.61,1,2,5,6.48,71.06
S106064,55.39,58.93,62.87,62.1,3,1,2,6.29,85.05
S106065,58.0,39.72,53.98,46.69,4,1,6,5.54,57.66
S106066,90.96,97.14,58.92,57.85,5,0,3,5.52,38.36
S106067,46.57,64.36,36.64,59.66,1,5,1,9.47,57.53
S106068,63.02,86.2,51.12,62.63,4,1,1,7.15,21.2
S106069,67.21,73.53,72.93,40.88,0,1,5,6.16,58.1
S106070,46.87,52.55,59.91,29.12,1,1,4,5.83,12.29
S106071,86.53,43.14,30.48,59.01,0,0,6,4.4,78.98
S106072,77.12,60.27,73.31,38.38,1,1,4,5.07,45.37
S106073,96.03,89.06,60.39,71.72,2,0,2,4.99,71.1
S106074,72.65,60.26,66.39,35.36,2,1,3,7.24,56.03
S106075,83.9,54.55,60.61,76.23,2,1,4,2.9,60.53
S106076,64.09,35.07,63.72,52.85,3,0,4,9.44,44.22
S106077,40.81,47.23,66.06,52.65,5,2,1,4.99,56.94
S106078,43.61,51.2,43.52,54.81,1,0,1,6.75,37.77
S106079,59.57,56.48,84.14,54.57,2,0,4,4.93,51.67
S106080,74.48,32.54,27.07,51.58,1,0,7,6.02,97.68
S106081,39.93,58.58,36.78,43.94,4,0,4,5.48,49.49
S106082,42.73,48.51,73.98,57.75,4,0,3,7.26,98.48
S106083,41.65,64.29,35.51,57.21,2,1,6,7.33,67.75
S106084,48.62,88.46,77.43,62.61,2,2,2,2.73,74.86
S106085,77.73,37.0,73.99,52.82,5,1,5,4.22,64.41
S106086,22.08,58.93,45.63,59.17,1,0,4,3.66,34.08
S106087,24.22,48.12,67.4,70.94,3,0,1,3.62,45.71
S106088,57.15,77.53,59.28,74.88,2,0,2,5.98,40.85
S106089,51.84,27.9,88.61,55.31,1,1,3,5.34,59.38
S106090,62.06,40.66,58.74,37.18,3,1,4,10.0,33.63
S106091,57.52,67.35,74.17,68.2,1,2,5,7.29,13.94
S106092,68.36,61.58,40.26,71.07,5,2,6,3.34,32.34
S106093,37.92,58.73,62.36,66.47,1,1,7,3.83,39.98
S106094,47.45,56.42,55.25,37.46,1,0,8,6.01,48.94
S106095,36.04,37.21,75.91,66.26,3,1,4,10.0,46.43
S106096,55.19,49.99,46.72,40.26,2,0,5,8.93,40.52
S106097,65.75,42.91,58.77,27.78,4,1,5,4.05,1.55
S106098,58.49,60.98,41.56,68.83,4,1,4,5.27,74.23
S106099,59.25,43.69,47.62,45.89,1,0,4,7.68,14.79
S106100,87.71,66.5,85.27,4.09,0,3,1,5.1,44.55
S106101,61.76,85.02,58.61,48.33,4,2,5,5.45,57.54
S106102,50.69,57.58,69.6,75.37,3,1,2,6.73,62.23
S106103,62.04,53.83,89.59,53.14,2,1,1,8.8,42.01
S106104,56.63,96.39,53.24,83.18,2,0,2,7.58,65.59
S106105,52.33,88.38,62.65,32.6,2,1,3,4.41,19.35
S106106,53.34,76.19,52.5,71.64,2,2,6,8.74,70.58
S106107,74.52,77.38,54.3,27.48,4,2,2,6.25,72.68
S106108,66.56,63.64,40.75,57.45,1,1,7,3.03,25.25
S106109,49.26,81.18,31.24,38.42,2,1,2,1.89,36.05
S106110,77.95,62.98,82.33,50.69,5,2,9,4.89,49.88
S106111,51.95,57.55,30.95,45.43,0,0,1,2.34,75.32
S106112,66.54,71.8,70.71,66.48,9,1,0,5.53,34.74
S106113,78.49,38.32,66.82,69.71,3,1,2,5.36,53.64
S106114,22.7,55.19,62.03,32.99,1,2,2,5.77,60.98
S106115,,74.82,70.61,31.15,2,0,2,1.29,53.23
S106116,41.2,37.19,60.13,54.71,0,0,6,7.91,73.33
S106117,49.7,44.74,45.71,45.95,3,1,3,3.78,52.8
S106118,52.62,51.84,68.18,66.91,3,1,4,7.01,57.47
S106119,51.46,22.19,50.1,50.65,3,1,5,8.09,74.04
S106120,48.93,48.09,64.3,50.98,2,0,3,4.98,66.22
S106121,66.81,42.0,36.29,66.14,4,1,4,7.33,49.95
S106122,64.11,43.43,57.12,33.28,1,3,8,3.6,97.5
S106123,53.44,83.46,66.71,27.8,2,0,2,8.9,45.87
S106124,26.24,25.91,77.48,64.89,2,1,7,9.43,67.17
S106125,32.21,74.27,50.74,31.42,1,2,2,3.33,61.15
S106126,63.84,74.49,69.6,35.29,3,0,3,6.55,76.92
S106127,47.79,26.69,44.73,57.98,0,1,3,5.25,40.03
S106128,30.3 ,50.14,85.48,74.25,1,1,2,5.69,13.95
S106129,57.94,50.1,58.0,51.33,2,1,4,9.25,57.24
S106130,84.56,55.62,78.28,,1,1,4,5.8,65.84
S106131,55.09,64.19,33.44,52.89,0,1,4,8.12,6.88
S106132,83.45,81.78,65.59,34.28,5,1,2,7.26,89.53
S106133,58.61,42.09,39.47,82.92,3,0,7,4.73,63.96
S106134,40.44,50.74,77.12,84.13,3,0,4,0.26,46.55
S106135,34.56,53.5,51.98,45.38,2,1,3,0.71,65.04
S106136,45.99,75.59,68.05,27.56,1,0,2,3.68,67.17
S106137,0.0,44.53,35.5,39.92,4,0,3,4.3,58.47
S106138,43.59,81.45,59.7,52.06,2,1,3,6.29,59.09
S106139,78.65,56.99,73.19,78.9,2,2,6,4.79,35.35
S106140,57.96,72.52,70.9,19.49,5,1,9,5.51,53.53
S106141,33.11,39.6,29.91,35.2,1,0,4,5.09,29.63
S106142,38.71,57.45,91.22,55.64,0,0,4,4.46,51.29
S106143,40.48,100.0,59.28,47.22,2,1,4,10.0,71.79
S106144,76.17,45.52,48.17,27.37,1,0,5,1.17,77.83
S106145,72.63,29.92,46.62,52.05,1,0,3,5.81,34.82
S106146,63.63,79.48,59.77,71.35,2,1,4,5.65,38.77
S106147,37.2,55.32,55.22,33.43,4,0,4,0.62,69.98
S106148,27.24,47.34,48.71,70.35,5,0,2,5.43,80.66
S106149,75.5 ,30.02,71.41,51.72,3,1,3,4.28,77.19
S106150,65.35,54.68,57.95,,1,2,4,0.43,43.43
S106151,56.2,84.88,72.12,,2,1,3,10.0,59.73
S106152,60.08,72.56,31.09,68.13,3,2,4,7.42,60.04
S106153,23.05,30.04,75.9,23.09,3,0,3,4.57,61.17
S106154,79.21,82.58,60.01,47.95,3,1,2,4.29,42.95
S106155,,52.96,29.13,44.76,2,1,6,3.77,49.53
S106156,51.93,67.85,52.13,25.33,3,0,1,6.53,44.69
S106157,37.96,81.4,63.14,42.29,1,1,3,6.54,59.39
S106158,59.97,63.96,67.46,85.0,3,1,1,5.79,31.95
S106159,49.17,68.54,45.98,67.24,1,1,2,8.8,29.08
S106160,50.0,66.42,48.53,68.36,0,2,3,3.43,74.54
S106161,100.0,67.47,68.79,53.89,1,1,6,4.17,75.59
S106162,49.99,83.0,55.49,46.55,3,1,3,10.0,51.41
S106163,51.72,58.69,79.17,54.84,2,0,5,6.92,22.86
S106164,51.12,63.81,57.25,58.42,3,0,1,7.54,56.57
S106165,60.74,83.73,44.01,49.36,1,0,2,2.18,72.94
S106166,54.4,98.39,59.19,58.56,0,0,1,2.35,29.63
S106167,36.03,73.95,50.84,50.3,2,0,3,1.06,60.37
S106168,50.75,56.97,63.35,56.96,2,3,6,10.0,41.71
S106169,75.86,76.94,59.69,24.09,3,1,3,3.54,53.64
S106170,72.48,65.04,47.98,77.86,2,3,0,3.44,29.62
S106171,80.21,43.83,50.81,60.6,0,0,6,2.01,50.45
S106172,42.49,80.84,64.86,59.0,1,0,2,6.71,20.66
S106173,37.85,79.89,74.29,33.77,1,2,7,0.0,50.52
S106174,42.74,66.56,44.64,56.38,3,1,5,8.18,86.2
S106175,14.49,67.2,57.02,48.04,4,1,3,6.14,41.74
S106176,24.8,33.76,74.94,48.67,1,1,3,7.43,65.31
S106177,78.41,57.96,91.92,60.11,2,0,4,4.05,69.12
S106178,76.04,54.39,68.77,55.31,2,1,2,4.09,20.79
S106179,53.3,59.75,69.35,38.51,3,0,4,6.96,85.28
S106180,76.97,59.17,97.51,36.84,3,1,5,6.15,87.81
S106181,38.48,41.72,77.28,54.74,4,0,4,0.88,65.98
S106182,43.05,42.22,81.35,88.79,2,0,6,4.66,53.55
S106183,46.12,76.46,54.47,56.63,5,1,5,8.37,76.08
S106184,61.76,76.97,12.97,25.69,3,1,1,4.69,62.11
S106185,53.78,69.13,48.51,59.15,3,2,3,7.06,51.97
S106186,74.63,66.9,70.23,72.99,5,0,3,4.91,44.68
S106187,63.89,62.78,74.61,65.04,1,0,5,1.31,54.24
S106188,50.43,68.88,48.66,51.84,3,1,7,7.82,39.71
S106189,29.85,100.0,80.72,51.96,3,1,3,7.3,55.17
S106190,40.75,78.66,66.6,73.84,2,0,7,4.04,27.86
S106191,49.5,62.06,67.13,74.31,1,2,8,10.0,38.68
S106192,57.17,42.01,42.49,31.11,4,1,5,7.48,55.04
S106193,77.79,71.55,28.4,67.14,1,2,4,3.02,56.21
S106194,46.54,49.29,51.88,37.51,2,0,7,0.54,26.97
S106195,77.99,52.07,59.52,88.0,1,0,5,6.38,0.0
S106196,77.15,55.75,35.89,50.51,1,0,4,5.24,26.34
S106197,54.86,71.3,51.11,40.2,1,0,4,10.0,88.84
S106198,94.32,70.15,46.84,77.77,2,2,2,5.11,55.66
S106199,37.86,61.95,40.39,43.28,1,0,7,8.23,60.37
S106200,31.16,48.79,61.59,,0,2,2,6.04,41.49
S106201,60.75,47.42,45.53,66.83,0,2,6,4.51,31.46
S106202,73.08,67.71,86.91,84.44,1,1,1,3.26,38.83
S106203,56.16,78.14,78.54,68.1,1,0,4,3.82,26.42
S106204,73.19,70.15,43.66,43.47,2,0,4,9.48,50.81
S106205,33.06,50.12,37.52,49.78,5,2,5,8.81,26.29
S106206,,29.48,69.95,31.08,5,2,3,6.88,40.93
S106207,34.2,80.27,63.94,79.86,3,2,7,6.72,60.46
S106208,64.32,42.36,73.6,68.99,7,0,3,5.77,91.55
S106209,71.12,68.91,56.75,65.42,1,0,4,7.0,77.05
S106210,59.71,52.96,60.95,56.13,2,0,3,5.33,20.55
S106211,43.15,74.8,63.28,55.7,2,0,3,8.4,57.93
S106212,100.0,44.62,60.76,68.82,3,0,7,6.16,55.29
S106213,47.12,95.1,37.83,57.89,2,0,1,5.67,61.59
S106214,58.61,74.81,31.33,63.05,4,0,2,1.71,26.37
S106215,67.14,60.19,36.01,39.48,4,0,4,8.7,22.47
S106216,52.28,50.23,70.5,65.08,3,1,6,3.63,56.91
S106217,54.16,56.36,50.58,35.92,2,3,7,2.7,84.06
S106218,62.12,15.7,44.47,87.45,0,0,5,4.1,49.24
S106219,10.61,61.02,72.89,43.37,1,0,4,8.18,39.12
S106220,41.51,43.88,63.85,65.65,2,0,4,3.52,26.75
S106221,49.27,66.32,66.4,98.93,6,0,4,8.67,55.85
S106222,21.67,63.95,53.71,44.81,1,2,3,8.64,32.31
S106223,55.98,81.9,66.57,37.8,3,2,1,6.86,76.6
S106224,48.81,76.28,63.01,22.11,5,0,5,4.25,63.81
S106225,50.53,48.26,91.88,67.03,4,0,7,9.98,50.77
S106226,30.96,68.3,80.54,46.3,1,1,2,1.08,31.33
S106227,66.61,55.02,68.24,57.04,3,0,4,7.98,46.9
S106228,45.98,77.05,71.18,20.79,5,1,3,6.6,73.26
S106229,63.39,68.28,31.79,86.7,4,2,6,7.67,22.46
S106230,40.9 ,55.65,55.13,77.21,5,1,3,5.22,54.34
S106231,50.76,74.78,96.59,42.75,3,0,4,6.32,42.7
S106232,31.43,47.64,44.55,59.73,5,2,5,3.59,13.05
S106233,67.36,51.26,48.06,47.97,6,3,4,1.74,63.73
S106234,70.35,63.68,54.66,66.39,0,2,5,8.16,18.24
S106235,34.58,46.19,49.23,74.68,2,0,4,9.41,64.09
S106236,44.08,95.88,83.56,79.95,2,0,3,7.84,43.46
S106237,68.77,79.68,44.62,47.11,1,1,2,3.19,71.86
S106238,9.6,60.29,52.18,63.84,3,0,5,8.09,69.19
S106239,44.79,74.21,61.33,62.56,4,1,5,5.59,44.02
S106240,43.9,55.69,59.38,49.37,0,0,4,5.16,55.3
S106241,64.16,63.6,57.96,,2,1,3,5.32,45.6
S106242,10.39,23.85,28.34,51.66,4,3,7,7.91,41.6
S106243,14.01,23.41,67.98,51.19,1,0,1,7.69,17.76
S106244,82.36,60.35,98.87,93.13,0,1,5,5.47,58.09
S106245,35.85,58.92,46.34,53.43,0,1,2,4.69,79.29
S106246,58.61,68.0,84.75,25.37,4,1,4,5.49,57.82
S106247,68.75,85.46,37.81,65.66,1,2,3,8.15,57.96
S106248,84.43,67.03,54.85,56.96,2,0,7,3.75,45.98
S106249,87.03,89.69,24.1,70.34,3,1,3,3.91,60.0
S106250,65.18,80.58,39.45,69.39,2,1,5,3.56,21.96
S106251,78.44,49.15,61.09,53.29,3,0,5,6.56,57.85
S106252,3.07,47.81,79.84,55.15,2,1,1,7.06,45.78
S106253,51.15,63.95,49.41,43.86,1,2,3,3.67,94.54
S106254,51.92,81.84,37.48,30.75,2,1,5,5.78,57.43
S106255,58.33,83.75,69.59,,4,1,6,6.09,85.16
S106256,66.3,58.31,73.52,50.17,2,0,3,9.66,61.4
S106257,59.47,60.49,38.38,72.85,1,0,5,5.4,51.72
S106258,69.73,82.1,95.01,81.93,3,0,5,8.57,57.27
S106259,65.45,47.74,73.14,82.45,5,1,3,2.41,26.75
S106260,56.79,94.0,36.55,22.38,6,2,5,6.12,36.33
S106261,32.33,22.34,63.25,,2,1,4,8.29,77.88
S106262,92.54,57.98,45.21,85.43,2,1,9,4.2,44.57
S106263,63.5,97.3,71.02,11.45,0,0,4,9.07,34.12
S106264,36.94,51.87,17.51,57.23,1,1,4,4.57,59.3
S106265,66.17,85.11,43.72,74.37,4,1,4,5.04,56.58
S106266,77.17,48.0,45.7,55.27,2,2,8,8.39,6.43
S106267,76.26,57.73,54.2,76.42,4,2,3,2.65,41.93
S106268,78.16,54.6,47.46,52.44,3,1,6,3.8,18.53
S106269,36.83,60.36,36.78,28.99,3,1,2,8.66,58.4
S106270,97.29,47.51,66.8,34.16,2,2,5,5.17,55.34
S106271,58.72,76.06,70.43,50.26,2,0,7,6.87,44.49
S106272,53.25,41.99,23.84,53.34,3,0,3,4.54,50.1
S106273,72.87,56.23,59.94,69.85,2,0,3,4.67,31.13
S106274,58.44,87.47,68.08,100.0,1,0,4,8.04,62.63
S106275,37.85,63.94,53.06,45.12,3,0,4,2.52,51.75
S106276,51.12,70.77,68.74,80.08,1,1,4,3.77,35.99
S106277,82.39,45.38,64.39,43.86,0,0,5,5.44,50.69
S106278,32.3 ,65.2,54.63,65.56,1,1,2,6.4,42.24
S106279,77.39,54.53,61.29,48.79,3,1,5,5.98,70.59
S106280,55.27,53.73,61.89,56.49,3,0,3,7.54,40.93
S106281,29.57,53.89,67.46,55.95,2,0,3,2.85,69.12
S106282,9.95,75.36,45.65,47.19,2,0,5,7.05,46.18
S106283,39.72,72.93,59.51,77.36,3,1,1,6.71,26.82
S106284,69.7 ,83.71,43.15,71.1,2,0,4,7.12,52.37
S106285,31.54,75.14,17.34,49.73,7,2,4,5.96,57.83
S106286,72.88,25.41,45.15,61.13,1,1,2,8.99,24.45
S106287,20.08,55.73,80.66,35.38,1,2,2,0.83,39.93
S106288,100.0,46.94,81.83,24.82,2,2,6,3.29,36.77
S106289,79.19,57.37,28.29,61.83,2,2,3,3.59,41.07
S106290,77.51,81.64,49.06,28.07,2,1,4,7.26,71.94
S106291,57.97,56.92,51.1,70.63,4,1,2,4.82,33.91
S106292,45.59,59.8,77.99,45.96,3,0,4,5.37,42.03
S106293,37.86,58.94,44.24,52.84,2,1,3,5.86,75.79
S106294,57.99,77.09,62.84,31.37,2,1,6,6.3,79.26
S106295,79.22,58.68,53.75,56.11,5,0,6,2.99,63.43
S106296,39.28,48.72,55.95,50.74,2,1,4,5.66,79.45
S106297,65.43,62.33,38.85,61.21,1,0,6,1.65,53.07
S106298,44.54,85.56,47.11,71.85,3,3,1,8.33,48.15
S106299,60.25,67.53,57.74,56.97,0,0,1,2.31,81.96
S106300,51.6,57.27,37.21,20.51,5,0,4,1.54,31.65
S106301,42.48,58.82,51.86,30.51,4,0,2,6.2,42.73
S106302,54.94,48.62,74.76,59.05,5,3,3,4.4,32.61
S106303,93.36,46.37,65.24,75.62,1,1,5,3.83,22.11
S106304,40.6,37.78,84.42,64.29,3,0,3,3.1,89.33
S106305,51.96,54.88,59.69,35.23,3,1,5,8.97,85.88
S106306,50.12,49.45,63.47,49.57,0,1,4,4.35,45.92
S106307,68.72,33.78,68.44,84.44,2,0,4,9.18,36.97
S106308,60.54,68.53,49.99,55.32,2,1,7,9.58,55.09
S106309,63.51,51.25,46.01,52.24,6,0,1,2.5,46.46
S106310,91.82,48.67,63.05,76.28,1,1,7,6.03,41.93
S106311,36.02,62.93,53.5,100.0,4,0,2,4.78,58.17
S106312,69.5,52.55,67.42,49.14,0,2,2,4.68,52.43
S106313,51.38,43.65,64.8,22.21,1,2,3,3.47,62.58
S106314,21.62,39.61,38.91,85.53,1,0,5,6.82,62.02
S106315,88.05,51.82,69.21,62.34,2,0,3,6.17,64.65
S106316,60.83,56.2,57.23,55.03,3,0,6,4.86,42.45
S106317,57.3,44.84,56.53,69.68,4,1,4,2.14,53.75
S106318,58.34,51.62,43.23,49.87,0,0,5,7.78,22.07
S106319,60.72,73.32,44.41,66.55,3,2,3,5.6,44.56
S106320,81.06,63.07,98.61,56.92,1,1,4,2.33,46.49
S106321,34.87,73.48,68.46,76.86,3,2,10,9.3,72.6
S106322,72.53,95.91,26.05,42.56,2,1,3,5.57,29.07
S106323,52.34,66.47,59.5,33.53,2,2,2,9.27,36.29
S106324,74.91,63.38,38.12,26.78,4,1,4,1.05,44.99
S106325,54.95,73.36,73.56,35.04,3,2,5,3.0,42.51
S106326,53.82,35.89,73.6,80.06,2,0,4,7.68,35.0
S106327,42.18,46.3,60.74,52.37,1,0,3,3.24,55.04
S106328,47.6,86.2,69.18,33.67,6,1,3,6.6,68.04
S106329,20.72,89.31,77.79,65.53,3,0,4,2.46,69.32
S106330,72.73,78.09,67.26,88.39,5,0,7,5.54,52.9
S106331,32.77,59.44,74.33,49.26,3,2,3,5.73,41.04
S106332,53.36,62.61,75.15,62.64,1,0,3,9.8,52.96
S106333,66.62,48.44,49.47,67.59,2,1,5,2.83,62.26
S106334,76.98,97.76,89.13,39.65,3,1,1,2.71,46.3
S106335,79.38,69.91,54.5,82.44,3,0,1,1.79,48.95
S106336,65.55,75.85,54.24,52.89,1,0,6,10.0,76.03
S106337,45.12,61.43,75.08,55.86,1,0,3,10.0,74.95
S106338,,51.85,62.07,39.24,2,1,4,4.68,43.09
S106339,40.32,27.76,49.28,33.23,0,0,6,7.68,47.87
S106340,77.55,59.06,60.93,65.62,1,0,5,2.45,67.21
S106341,51.59,92.59,60.91,61.43,2,2,4,8.17,29.27
S106342,40.7 ,65.64,75.5,55.11,3,0,4,7.33,20.4
S106343,100.0,60.77,64.71,63.17,3,1,3,4.26,49.65
S106344,66.78,52.97,62.67,45.8,5,1,2,4.93,65.04
S106345,37.98,68.57,26.7,65.59,0,0,1,2.66,35.27
S106346,27.57,100.0,49.89,68.01,1,0,5,7.86,65.25
S106347,56.51,74.95,59.42,38.0,5,1,5,4.66,59.04
S106348,67.74,67.46,72.36,51.91,3,1,6,7.49,82.17
S106349,74.83,61.3,70.12,75.82,3,2,6,5.62,56.49
S106350,60.53,78.85,22.31,60.58,3,4,6,4.62,34.49
S106351,49.94,50.01,68.17,61.33,2,0,3,10.0,56.46
S106352,53.92,33.96,62.48,57.62,7,0,5,5.11,83.4
S106353,76.3,56.83,56.81,48.22,3,2,3,6.69,60.51
S106354,58.83,80.65,55.58,77.57,1,0,5,0.96,29.54
S106355,33.11,37.56,48.75,34.94,0,1,0,3.92,45.86
S106356,59.68,33.39,56.95,35.39,1,0,3,6.53,80.15
S106357,39.05,72.93,79.89,65.81,2,0,3,4.98,55.14
S106358,52.52,31.01,90.98,22.54,3,0,3,3.18,25.84
S106359,66.19,43.91,62.1,,1,0,0,6.73,57.71
S106360,65.5,32.37,31.32,68.02,3,1,7,2.54,28.52
S106361,25.65,71.67,58.69,34.62,2,0,1,6.63,51.25
S106362,55.45,59.09,73.17,44.36,2,0,2,5.58,47.02
S106363,35.68,64.84,54.62,72.91,4,0,4,2.56,77.02
S106364,28.29,66.51,57.74,59.43,2,2,6,6.32,37.9
S106365,52.1 ,60.39,33.88,59.38,0,0,2,8.46,74.45
S106366,30.23,70.43,85.46,39.41,5,1,4,0.0,32.0
S106367,63.11,67.14,58.9,64.14,1,2,1,6.61,31.26
S106368,45.45,46.0,70.2,57.68,3,1,3,6.68,60.92
S106369,67.99,86.57,80.19,73.84,1,1,4,3.79,67.12
S106370,74.05,78.62,48.86,37.79,1,1,5,7.86,58.66
S106371,52.24,75.71,86.92,80.66,2,2,1,10.0,35.32
S106372,50.56,71.45,77.02,40.13,2,0,3,7.98,37.29
S106373,57.74,60.41,50.31,44.94,1,0,3,4.55,52.97
S106374,53.68,36.56,52.66,34.4,3,1,3,9.3,50.31
S106375,69.12,38.97,78.55,55.23,3,0,5,6.87,34.61
S106376,61.24,52.93,36.4,66.6,0,2,5,1.69,44.53
S106377,75.33,70.57,56.76,77.87,2,2,3,5.17,55.73
S106378,34.51,61.7,46.09,74.77,4,2,6,5.83,75.14
S106379,52.56,56.61,48.01,11.97,6,0,6,4.32,64.86
S106380,59.31,85.05,61.06,35.92,1,1,6,3.93,45.15
S106381,,46.96,56.62,28.37,3,1,1,9.1,0.0
S106382,41.43,56.82,63.03,48.46,1,1,5,10.0,40.52
S106383,76.87,61.55,51.67,39.12,4,0,5,1.19,26.69
S106384,65.37,62.61,77.28,78.4,2,1,4,6.17,54.22
S106385,63.53,71.35,69.44,60.43,2,0,8,1.98,50.88
S106386,55.07,72.25,21.26,70.38,3,2,4,1.63,47.24
S106387,47.0,63.21,47.6,73.23,2,0,4,5.94,66.81
S106388,44.12,76.2,27.96,79.99,4,1,2,5.32,35.31
S106389,30.85,61.51,84.4,59.15,3,1,6,3.78,46.21
S106390,70.86,86.21,64.94,73.15,2,0,6,2.46,67.44
S106391,64.12,77.76,68.59,21.74,6,1,3,0.22,25.82
S106392,54.44,50.22,87.25,53.04,5,0,5,8.36,24.53
S106393,61.7 ,56.81,72.8,53.54,0,1,1,6.85,5.17
S106394,39.73,61.64,58.73,58.19,2,0,3,10.0,45.07
S106395,54.85,58.84,87.79,37.8,3,0,4,3.14,43.26
S106396,26.57,76.91,65.98,69.94,3,2,7,8.0,61.58
S106397,47.42,54.33,57.4,29.62,3,1,2,4.5,38.06
S106398,81.02,68.56,79.67,68.88,2,0,3,9.45,0.0
S106399,59.73,61.43,53.77,29.12,2,0,3,4.41,46.06
S106400,46.25,84.43,61.57,40.16,3,1,7,6.55,61.34
S106401,46.0 ,91.29,59.89,61.82,0,0,4,4.36,14.14
S106402,75.27,69.19,76.02,41.42,4,1,2,6.2,68.6
S106403,67.41,64.64,55.29,72.79,1,1,4,4.74,13.03
S106404,61.26,48.75,28.12,80.22,3,0,6,3.25,34.32
S106405,81.66,77.65,45.54,36.76,2,0,5,0.0,42.67
S106406,61.08,89.29,80.09,54.46,4,2,4,7.11,27.89
S106407,40.54,60.61,44.3,56.79,3,1,2,5.08,58.52
S106408,57.68,67.59,66.15,60.67,3,1,2,5.83,63.15
S106409,55.94,53.1,79.02,67.7,2,3,7,1.11,67.46
S106410,36.79,38.86,49.16,43.41,1,0,3,10.0,48.95
S106411,52.5,72.61,48.18,24.86,2,0,5,4.83,7.63
S106412,57.94,85.45,41.98,75.39,1,1,3,0.09,31.1
S106413,57.93,78.91,91.14,69.1,2,3,2,10.0,61.4
S106414,100.0 ,25.03,60.55,74.48,2,1,6,5.59,100.0
S106415,48.99,53.83,69.52,60.42,2,0,2,5.84,71.75
S106416,38.03,43.38,53.25,56.15,1,0,3,6.55,58.31
S106417,76.44,76.19,56.55,69.51,5,0,3,7.78,42.36
S106418,35.23,74.81,92.99,69.34,2,0,3,7.58,44.32
S106419,51.66,56.33,52.46,50.43,1,1,3,5.48,40.21
S106420,50.68,33.03,43.81,49.24,4,2,6,6.8,76.82
S106421,10.27,60.16,81.83,70.7,3,0,4,9.08,31.02
S106422,78.48,70.15,69.92,50.48,3,1,4,6.19,63.81
S106423,44.0,56.61,29.55,83.32,1,1,5,7.91,68.17
S106424,38.25,33.06,81.52,80.82,4,0,4,0.78,74.88
S106425,62.87,52.3,62.51,36.21,2,0,1,6.38,53.02
S106426,69.31,61.09,61.84,54.52,4,0,4,10.0,28.69
S106427,81.3,86.05,38.07,53.99,4,0,5,1.55,38.85
S106428,70.6,38.32,68.0,53.95,5,2,1,5.53,53.73
S106429,48.78,38.32,44.93,74.31,2,1,4,10.0,39.97
S106430,52.65,79.97,20.07,67.26,2,1,2,4.37,57.82
S106431,47.68,46.82,62.62,55.58,4,2,5,6.66,44.12
S106432,43.77,66.77,64.37,58.55,0,0,3,2.49,35.24
S106433,64.04,32.66,80.09,56.13,1,0,4,5.49,57.53
S106434,88.05,72.47,51.43,60.66,2,0,6,8.11,22.42
S106435,42.31,31.68,70.48,41.63,3,1,3,1.47,36.55
S106436,59.86,67.31,59.83,76.63,1,0,5,8.67,3.81
S106437,62.38,53.04,40.46,44.08,2,2,4,4.73,61.92
S106438,0.13,64.41,82.08,51.26,2,1,4,9.87,36.36
S106439,7.6,69.37,79.69,71.83,3,1,4,8.42,33.4
S106440,56.02,54.61,34.59,62.0,3,2,3,0.62,51.62
S106441,48.83,53.07,58.98,65.91,0,1,3,6.78,60.7
S106442,81.55,54.44,72.11,68.86,3,1,1,1.69,60.49
S106443,55.48,51.88,42.82,29.94,0,1,4,4.11,72.33
S106444,48.41,56.5,59.44,68.82,5,4,2,4.43,94.88
S106445,64.98,36.32,77.99,42.14,4,0,4,5.06,76.13
S106446,52.09,20.98,37.46,61.48,3,1,4,6.06,47.35
S106447,37.67,79.21,30.79,4.11,2,1,3,9.74,23.78
S106448,43.32,73.77,57.54,81.92,5,0,3,1.3,51.9
S106449,63.93,45.32,64.88,60.67,5,1,3,2.02,40.58
S106450,90.58,39.94,66.72,20.93,2,0,3,0.45,70.34
S106451,55.49,54.9,77.34,65.18,2,1,2,4.98,60.69
S106452,48.16,45.41,35.61,57.78,2,2,5,2.36,44.72
S106453,62.72,87.88,61.03,51.31,3,2,6,4.2,47.25
S106454,63.72,38.21,65.59,30.55,4,1,5,6.36,22.57
S106455,50.69,59.05,56.14,53.36,3,1,3,8.03,46.52
S106456,30.74,58.47,86.93,47.93,3,2,4,0.73,24.6
S106457,70.63,70.25,36.92,,0,2,4,2.8,34.32
S106458,84.23,20.09,46.53,74.51,2,0,1,5.57,25.95
S106459,73.8,59.45,46.44,74.2,1,2,7,4.76,71.66
S106460,50.33,50.22,35.79,66.13,3,1,4,7.99,45.26
S106461,27.75,74.23,62.33,84.83,3,2,5,8.4,62.88
S106462,57.28,47.02,70.35,80.7,2,0,5,4.73,19.12
S106463,69.4,68.51,59.27,43.97,1,1,1,3.36,48.5
S106464,56.21,41.11,61.39,61.15,0,1,2,7.17,51.47
S106465,56.08,38.43,71.45,35.72,1,1,1,5.76,47.22
S106466,58.74,67.15,66.23,84.61,1,0,7,5.77,50.77
S106467,56.01,59.12,40.82,39.74,5,1,1,6.7,31.14
S106468,82.23,66.73,70.31,72.21,2,3,1,2.75,16.4
S106469,76.06,61.95,31.03,77.18,1,1,1,2.89,59.2
S106470,46.22,51.3,41.26,29.01,1,0,3,7.4,43.95
S106471,64.63,52.55,63.95,49.93,3,0,1,0.02,66.03
S106472,38.57,43.18,64.41,8.85,0,0,3,8.16,45.95
S106473,51.75,51.16,41.64,49.16,2,1,3,0.65,19.71
S106474,37.12,47.24,75.97,50.04,1,1,6,5.75,61.9
S106475,40.31,51.16,71.73,67.72,5,1,5,7.44,33.13
S106476,94.27,29.36,30.81,33.02,4,2,3,4.77,18.55
S106477,47.98,54.2,79.18,57.32,2,0,4,3.28,42.61
S106478,62.03,76.47,51.22,54.78,4,2,4,10.0,76.92
S106479,54.83,88.33,60.29,83.53,3,0,2,2.09,29.78
S106480,48.67,74.68,58.94,52.34,6,1,2,5.93,99.52
S106481,46.9,63.28,17.18,51.77,1,3,3,4.56,34.32
S106482,66.42,47.31,61.33,19.96,0,1,3,6.12,61.0
S106483,43.92,70.9,59.12,44.84,2,1,3,1.63,63.52
S106484,91.51,55.54,87.24,68.49,3,2,5,4.99,33.62
S106485,18.8,60.03,26.98,15.37,3,1,1,1.8,72.75
S106486,71.55,52.49,54.13,47.58,1,0,10,7.5,26.01
S106487,60.78,75.65,42.47,85.41,4,0,3,4.34,68.8
S106488,,64.11,67.3,26.5,3,1,5,4.55,76.78
S106489,47.86,69.66,66.2,69.56,4,1,5,4.26,14.53
S106490,89.19,70.7,53.47,28.41,1,0,7,6.68,22.19
S106491,73.72,56.98,91.04,73.19,0,2,3,6.44,78.77
S106492,77.74,53.88,43.36,46.68,7,0,2,9.35,50.96
S106493,47.6,81.27,46.29,42.75,1,1,3,6.88,92.3
S106494,46.13,63.49,42.36,66.74,2,1,6,8.83,96.95
S106495,49.28,48.67,90.3,59.31,3,2,4,6.44,32.35
S106496,20.48,50.15,65.65,,2,0,4,2.62,44.26
S106497,42.78,78.77,57.9,44.3,1,0,0,10.0,63.18
S106498,31.86,60.3,58.68,62.59,2,0,1,5.46,34.87
S106499,79.8,53.08,50.92,54.95,6,0,5,6.75,42.97
S106500,20.51,64.69,40.24,49.04,2,0,7,5.18,33.05
S106501,34.47,56.86,56.41,35.24,3,0,3,7.02,30.24
S106502,47.82,55.48,59.39,31.72,5,1,3,6.43,23.86
S106503,17.97,25.75,48.51,63.98,1,1,2,5.89,50.92
S106504,40.07,39.65,27.62,42.75,2,2,1,6.54,16.51
S106505,42.0,59.04,74.32,58.74,4,1,3,6.22,72.14
S106506,70.28,48.24,68.64,71.07,3,1,1,4.55,53.45
S106507,49.17,48.61,46.68,53.37,2,2,4,0.36,21.58
S106508,49.3,76.08,80.03,46.53,5,0,5,6.27,50.7
S106509,30.37,58.35,72.68,64.18,5,1,8,10.0,66.04
S106510,88.94,75.95,100.0,35.57,4,1,5,5.13,66.88
S106511,43.72,70.36,38.1,44.95,1,0,4,6.29,47.89
S106512,,50.24,43.89,98.21,4,1,2,7.55,33.57
S106513,61.46,49.26,51.0,67.52,1,1,4,6.56,69.78
S106514,63.96,62.81,75.04,73.87,3,1,5,5.57,33.28
S106515,64.18,56.91,58.45,58.17,3,0,2,7.26,55.27
S106516,64.84,74.69,43.76,43.58,3,0,2,5.25,44.46
S106517,35.8,66.48,83.81,84.29,2,2,2,6.0,41.26
S106518,58.4,74.92,61.42,56.12,1,1,4,1.7,29.26
S106519,61.25,51.75,44.41,49.41,2,1,5,5.88,29.26
S106520,30.7 ,59.06,85.81,59.45,4,2,3,9.82,89.94
S106521,64.35,37.74,45.25,41.92,0,3,7,7.8,58.8
S106522,45.28,60.55,49.99,29.76,7,1,5,6.74,40.71
S106523,64.61,68.69,46.61,,1,3,3,8.42,78.98
S106524,29.2,27.57,44.71,66.57,3,0,0,8.25,68.5
S106525,73.49,55.58,40.81,41.67,1,1,5,5.69,31.87
S106526,66.27,60.94,61.18,61.15,4,2,10,4.11,43.11
S106527,81.99,24.15,47.72,80.3,1,0,5,6.94,45.18
S106528,87.77,42.08,29.07,64.16,1,0,4,6.96,58.89
S106529,43.07,82.08,79.83,50.15,2,0,4,7.49,55.45
S106530,43.41,13.59,40.26,54.38,4,0,1,8.25,66.31
S106531,55.61,79.53,55.99,70.31,3,0,5,7.15,75.58
S106532,70.12,69.26,64.35,13.89,2,0,1,9.04,54.39
S106533,93.94,71.42,61.3,50.86,1,0,3,7.0,52.39
S106534,31.6,72.26,64.64,51.24,2,2,3,3.32,98.75
S106535,69.21,100.0,33.48,36.87,1,1,7,7.47,33.96
S106536,47.87,51.54,56.9,34.43,0,1,2,0.0,25.84
S106537,39.33,44.42,64.96,55.94,3,1,2,1.22,67.64
S106538,97.89,63.34,83.52,23.58,6,0,3,6.32,47.96
S106539,65.5,75.27,58.92,81.57,5,0,6,6.78,67.2
S106540,50.26,41.17,73.48,53.91,0,0,3,0.0,65.77
S106541,74.83,40.64,42.79,41.29,1,0,7,10.0,78.01
S106542,62.95,35.79,59.26,66.25,3,0,6,7.77,48.49
S106543,56.61,65.87,71.88,68.25,1,0,5,4.59,33.23
S106544,57.53,82.9,68.24,44.47,2,2,6,5.06,42.65
S106545,50.33,59.31,54.45,76.84,3,0,4,6.41,61.59
S106546,43.4 ,99.83,54.73,72.19,3,1,5,1.93,47.07
S106547,43.42,45.56,80.51,46.67,3,1,4,4.2,45.37
S106548,51.64,57.33,49.22,44.13,3,1,3,4.67,58.77
S106549,37.73,91.58,63.49,58.61,2,0,3,6.44,31.36
S106550,35.96,45.54,65.44,90.22,4,0,7,3.63,52.84
S106551,55.03,50.02,46.89,93.19,1,1,6,8.24,61.09
S106552,76.37,52.26,67.04,39.16,4,1,2,6.36,11.76
S106553,35.02,57.88,68.27,31.93,4,1,6,10.0,68.47
S106554,38.78,81.07,62.51,54.94,0,0,7,5.86,59.39
S106555,95.45,47.0,46.31,39.55,4,1,2,7.44,61.66
S106556,68.68,67.88,53.4,28.31,1,1,4,7.13,75.04
S106557,58.64,60.38,44.68,58.53,4,0,3,6.25,97.59
S106558,54.67,65.97,48.83,62.06,4,0,2,7.77,73.11
S106559,54.7,89.61,73.08,75.3,1,4,5,2.02,50.82
S106560,73.15,54.14,43.2,63.76,2,0,11,5.57,38.03
S106561,70.46,67.86,41.79,52.76,3,1,3,2.04,37.22
S106562,44.16,84.62,48.32,32.95,1,0,3,9.76,57.25
S106563,60.85,74.31,39.96,40.76,4,0,4,6.08,59.92
S106564,49.06,64.05,44.17,23.43,2,0,4,5.26,34.16
S106565,31.99,32.73,47.6,57.76,2,0,4,3.36,40.06
S106566,55.11,62.99,55.81,30.22,5,0,5,5.99,49.7
S106567,74.63,61.65,64.34,25.13,4,0,3,0.4,70.62
S106568,67.64,40.74,46.38,54.25,7,0,7,4.65,22.24
S106569,85.82,72.97,46.81,34.48,4,0,7,4.15,93.46
S106570,43.02,68.89,60.98,18.33,2,0,1,1.33,60.85
S106571,43.95,53.56,74.5,94.85,5,0,5,1.75,24.95
S106572,37.61,41.83,74.34,20.58,3,1,3,1.24,24.32
S106573,35.97,66.7,86.52,44.73,2,1,1,3.71,53.96
S106574,32.06,58.85,83.13,62.9,2,1,3,0.7,58.03
S106575,37.36,58.15,47.82,79.0,3,0,8,4.53,41.26
S106576,76.91,91.23,34.95,57.01,2,1,3,5.37,41.11
S106577,87.91,71.15,71.89,53.87,0,1,3,3.53,51.25
S106578,62.26,67.45,91.36,51.83,1,1,3,5.85,72.91
S106579,80.22,29.77,61.92,39.7,3,1,1,6.6,49.54
S106580,76.35,78.35,43.44,73.17,2,0,6,6.27,41.78
S106581,75.49,86.11,60.36,62.65,1,0,4,4.84,35.86
S106582,88.74,56.21,77.98,76.54,1,1,5,6.66,58.12
S106583,43.84,14.38,66.68,69.52,0,0,1,4.7,20.08
S106584,70.0,54.24,78.84,40.41,1,1,3,2.77,54.47
S106585,80.26,49.55,49.11,56.55,2,0,3,5.36,19.11
S106586,29.73,31.51,86.91,56.5,3,0,3,3.73,56.81
S106587,69.96,40.63,37.98,42.74,1,1,3,9.16,41.43
S106588,41.4,49.61,50.39,43.98,3,0,5,6.55,37.87
S106589,51.94,78.74,45.59,31.26,1,0,4,2.88,64.75
S106590,66.31,43.04,71.48,50.95,6,1,2,3.72,45.93
S106591,63.57,68.67,67.01,72.16,2,1,8,7.8,77.66
S106592,50.78,51.0,28.63,62.18,3,1,4,3.17,12.27
S106593,45.65,37.73,40.72,53.63,0,0,4,3.13,63.34
S106594,60.02,50.17,56.02,57.41,1,0,2,8.79,65.96
S106595,54.81,55.01,63.98,75.96,2,0,5,7.11,92.95
S106596,77.7,30.95,60.44,28.52,2,0,4,4.06,14.83
S106597,49.05,51.95,62.69,50.79,3,1,2,6.35,32.32
S106598,66.48,57.4,56.36,28.69,3,0,2,3.45,87.42
S106599,61.44,52.15,63.09,37.19,1,2,4,6.28,41.55
S106600,66.96,71.54,19.2,22.74,0,1,5,7.74,30.53
S106601,88.93,85.34,75.87,36.89,1,0,6,2.35,65.96
S106602,45.65,73.13,37.95,35.91,3,0,3,6.21,59.84
S106603,72.92,53.08,58.17,27.35,2,3,6,3.74,63.71
S106604,50.14,39.76,90.15,77.51,3,0,3,7.81,38.6
S106605,40.22,79.13,43.26,53.94,2,1,4,8.31,71.74
S106606,75.14,47.13,92.6,60.41,3,3,7,8.91,31.03
S106607,92.38,68.69,72.49,39.18,2,0,7,2.84,42.05
S106608,35.79,19.86,56.04,82.36,4,1,1,0.0,63.4
S106609,64.94,67.84,66.35,52.0,3,1,6,7.83,44.76
S106610,11.8,67.59,53.51,17.05,3,0,4,8.11,15.29
S106611,27.3,78.64,67.65,63.75,1,0,2,6.98,27.18
S106612,94.49,63.2,65.88,58.77,2,2,6,7.07,23.9
S106613,67.78,25.32,35.8,59.41,2,0,2,4.87,60.56
S106614,54.38,70.58,56.79,30.08,3,1,6,10.0,29.67
S106615,38.28,72.7,44.49,50.84,3,0,4,8.68,51.75
S106616,61.89,68.73,44.8,37.43,2,0,1,4.71,60.57
S106617,67.46,41.46,64.23,59.43,3,0,7,6.93,68.59
S106618,75.55,47.0,59.52,41.89,4,0,6,9.82,35.49
S106619,64.2,60.01,64.39,67.26,2,2,3,1.93,33.83
S106620,48.06,71.84,49.38,61.42,3,0,3,10.0,45.93
S106621,35.94,59.69,62.23,58.84,1,1,4,7.34,25.0
S106622,51.43,52.59,8.56,51.07,1,0,3,10.0,91.94
S106623,61.39,79.03,54.91,46.36,2,2,3,4.35,59.95
S106624,17.03,53.62,84.47,68.39,5,0,3,10.0,20.91
S106625,54.82,29.4,85.71,77.88,7,1,5,3.65,60.83
S106626,37.04,63.3,53.42,39.58,1,1,4,3.48,54.56
S106627,,70.87,87.36,47.72,4,2,2,2.46,51.89
S106628,63.37,52.5,82.67,40.62,3,1,3,6.22,48.79
S106629,64.72,40.55,21.5,54.52,2,1,3,5.62,41.2
S106630,77.36,46.62,52.31,44.28,6,0,2,6.61,69.94
S106631,59.92,34.36,50.89,33.94,1,2,7,4.67,23.63
S106632,35.79,59.61,80.37,60.56,2,1,1,8.32,51.57
S106633,41.09,43.43,62.78,89.16,2,0,4,4.53,71.45
S106634,55.27,85.38,64.67,39.71,1,1,6,5.59,67.31
S106635,79.53,35.12,40.53,87.96,2,0,2,7.29,74.56
S106636,26.92,77.51,60.09,55.23,2,1,5,9.05,44.05
S106637,38.19,67.01,38.14,45.65,4,1,0,4.35,13.99
S106638,43.72,48.53,63.79,32.64,2,2,7,5.94,64.24
S106639,55.61,38.27,59.68,52.26,3,0,3,10.0,64.34
S106640,35.93,36.03,54.95,72.33,2,1,2,5.66,60.37
S106641,,47.75,65.5,77.07,1,0,1,3.19,55.65
S106642,50.53,99.95,87.18,81.63,4,0,4,6.4,44.09
S106643,27.62,99.66,38.52,48.16,4,0,2,4.76,38.02
S106644,61.07,68.34,53.72,74.48,2,1,1,5.54,38.57
S106645,17.03,58.56,55.42,53.32,2,2,5,9.0,28.55
S106646,,52.99,29.19,72.75,2,0,3,3.03,54.43
S106647,72.35,52.55,50.63,71.67,0,1,9,3.0,72.67
S106648,39.77,40.74,26.82,79.4,4,2,2,10.0,12.08
S106649,57.81,75.3,43.3,86.37,2,0,5,1.25,47.44
S106650,48.3,52.94,77.75,,5,1,9,0.0,67.63
S106651,42.66,55.4,71.96,37.02,4,1,10,4.34,35.73
S106652,46.26,69.51,50.93,73.94,2,2,3,3.22,60.25
S106653,56.31,56.19,40.19,31.79,5,1,2,7.85,80.5
S106654,71.63,54.01,62.59,20.0,2,2,5,3.35,41.73
S106655,35.87,54.11,65.69,76.29,3,2,4,3.32,39.89
S106656,76.36,31.65,86.98,64.49,1,2,6,5.38,64.72
S106657,49.04,63.9,65.94,51.48,4,0,5,7.27,42.19
S106658,80.1 ,74.01,49.47,32.59,6,0,1,5.11,73.39
S106659,65.9,54.58,54.41,28.94,3,1,3,5.95,39.74
S106660,46.58,73.81,79.74,10.55,1,0,2,6.36,32.94
S106661,76.03,64.09,50.07,69.5,1,0,4,9.58,11.54
S106662,56.93,56.93,73.32,69.23,4,0,6,7.35,85.0
S106663,79.9,80.45,66.12,33.46,1,0,3,10.0,89.9
S106664,55.73,77.46,67.4,52.82,4,0,1,3.77,57.54
S106665,53.53,72.82,73.34,61.55,0,1,4,6.35,30.49
S106666,72.25,34.39,49.09,47.22,0,0,6,8.22,65.82
S106667,70.99,74.37,55.55,5.95,5,1,3,6.85,66.02
S106668,55.62,60.68,55.91,65.8,1,2,4,0.0,52.71
S106669,46.77,83.82,55.12,48.48,1,1,3,3.83,33.16
S106670,38.76,8.74,33.66,85.98,3,4,6,5.2,82.61
S106671,51.28,38.96,75.7,87.25,2,2,3,8.75,64.59
S106672,35.36,52.47,42.11,59.89,3,1,1,4.0,63.86
S106673,33.51,33.39,66.06,72.39,3,1,1,5.23,100.0
S106674,60.99,88.12,71.01,41.98,1,0,0,5.65,70.42
S106675,29.07,44.48,45.56,50.38,0,1,8,5.5,25.65
S106676,71.26,42.18,46.62,48.9,4,1,5,3.99,48.61
S106677,52.35,79.15,45.13,77.19,5,1,4,5.21,47.74
S106678,35.75,45.25,64.6,4.55,0,1,3,7.66,44.72
S106679,29.59,37.12,58.91,43.06,0,0,2,10.0,38.16
S106680,61.49,54.89,66.21,14.17,2,1,7,7.47,13.39
S106681,53.81,67.81,33.15,56.26,4,1,4,5.71,50.31
S106682,73.05,65.46,34.35,45.37,1,0,3,8.46,55.83
S106683,94.13,22.0,70.38,39.83,1,1,3,6.83,63.14
S106684,37.09,62.55,71.46,56.59,4,0,4,4.1,51.37
S106685,40.16,56.15,74.15,63.02,1,0,1,2.26,60.21
S106686,100.0,48.06,37.82,75.4,1,0,3,6.27,61.88
S106687,68.31,7.78,56.04,59.27,4,2,2,5.22,76.06
S106688,78.1,74.78,61.01,,1,2,6,4.66,79.56
S106689,43.88,45.09,37.21,53.98,3,2,6,3.95,50.38
S106690,65.94,63.29,66.49,50.75,3,1,6,6.16,50.59
S106691,57.87,62.81,59.86,28.41,1,2,5,1.59,22.97
S106692,22.95,79.22,51.1,50.18,2,0,4,2.41,28.78
S106693,59.78,36.97,57.02,61.77,3,0,2,8.27,58.64
S106694,23.06,68.33,69.86,63.89,5,1,5,3.48,32.18
S106695,52.96,53.91,49.87,47.51,3,0,7,4.48,46.39
S106696,55.28,76.82,46.74,55.56,4,1,2,5.8,49.82
S106697,75.01,55.65,58.87,58.27,2,0,5,6.05,20.07
S106698,46.88,35.5,30.4,38.25,6,1,3,10.0,74.55
S106699,37.05,53.28,48.39,66.93,2,1,6,8.41,11.89
S106700,53.95,47.43,45.42,32.17,2,2,6,6.84,0.0
S106701,56.53,69.37,52.84,48.09,1,0,4,6.3,57.81
S106702,75.78,47.73,69.07,60.85,3,2,7,6.04,42.48
S106703,55.75,42.28,80.49,21.57,2,0,2,0.0,39.76
S106704,40.99,34.77,99.52,41.43,2,0,3,9.22,56.96
S106705,50.58,79.02,79.01,43.69,2,2,11,5.02,14.39
S106706,75.62,35.57,63.63,78.16,2,0,3,7.74,38.79
S106707,59.21,57.21,59.08,64.44,2,0,5,1.0,71.53
S106708,74.0,56.22,49.35,53.23,1,0,1,6.57,47.56
S106709,55.04,46.55,31.28,80.3,1,1,3,4.11,85.58
S106710,70.75,80.96,67.76,47.74,2,1,5,4.18,47.55
S106711,71.55,74.28,43.3,85.04,3,1,3,7.65,63.16
S106712,14.37,38.33,68.67,46.7,0,0,4,5.89,38.51
S106713,57.21,73.79,38.36,78.01,1,0,0,7.16,21.87
S106714,,30.07,46.47,30.66,5,1,3,8.13,52.89
S106715,58.69,52.73,79.77,84.69,0,1,3,5.78,70.94
S106716,48.41,78.53,53.03,37.11,1,1,3,3.28,26.49
S106717,60.06,75.72,65.61,56.21,4,0,4,5.97,48.72
S106718,46.81,36.55,52.82,60.43,1,1,4,5.95,61.72
S106719,59.59,85.95,92.48,39.28,2,0,1,2.97,68.47
S106720,52.72,18.76,67.6,88.77,3,0,5,0.0,55.82
S106721,85.97,28.77,100.0,55.67,4,1,6,6.18,34.51
S106722,62.47,68.84,81.84,25.12,3,0,3,3.83,37.69
S106723,51.84,67.88,100.0,66.42,3,2,6,7.74,82.06
S106724,,47.9,66.61,36.32,0,0,5,10.0,87.9
S106725,38.6,35.22,58.58,61.73,9,0,6,2.97,62.04
S106726,33.66,51.06,69.26,63.55,5,2,2,7.47,65.07
S106727,53.98,55.73,69.21,54.21,5,2,4,5.0,36.82
S106728,66.09,45.74,59.54,40.34,3,0,2,6.24,42.84
S106729,51.19,69.21,91.34,53.76,2,0,5,3.39,42.06
S106730,54.72,44.11,64.47,49.69,2,1,5,0.0,59.04
S106731,38.46,84.17,52.89,84.35,2,1,4,6.06,67.33
S106732,70.66,50.78,82.63,53.91,0,1,2,9.9,32.98
S106733,87.76,58.78,63.68,68.6,1,0,4,5.33,85.2
S106734,65.38,77.1,59.8,68.85,2,1,5,6.18,38.32
S106735,20.19,94.09,69.49,66.47,1,0,5,5.08,44.1
S106736,19.29,51.1,33.56,48.8,2,0,7,1.3,36.8
S106737,38.07,71.66,64.53,6.95,2,2,4,7.93,65.96
S106738,37.41,70.31,50.83,27.33,2,1,7,4.68,15.2
S106739,52.14,60.15,40.29,59.81,4,3,4,5.96,65.91
S106740,52.25,64.1,92.07,88.0,2,2,2,6.52,55.77
S106741,37.69,90.83,62.76,53.86,3,0,6,5.14,49.01
S106742,42.69,73.74,47.41,52.26,6,1,3,5.04,49.24
S106743,44.14,46.76,62.32,76.6,3,2,2,4.69,34.42
S106744,80.34,91.34,70.52,74.1,2,0,1,6.88,42.97
S106745,48.85,70.61,53.41,19.47,6,1,8,3.45,54.93
S106746,46.5,55.43,36.27,45.91,2,0,5,10.0,52.98
S106747,61.34,77.68,47.21,68.75,2,1,8,10.0,72.67
S106748,65.36,49.62,32.63,59.37,4,1,5,2.57,16.65
S106749,46.93,77.38,59.67,39.95,2,1,2,8.54,47.62
S106750,22.73,53.09,58.17,18.9,5,2,8,4.79,24.64
S106751,64.0,76.65,52.38,36.38,1,1,8,3.14,59.67
S106752,40.08,48.94,53.94,74.27,0,1,3,4.96,31.46
S106753,54.32,47.71,44.91,53.48,1,1,6,1.36,78.54
S106754,,63.45,41.27,26.24,2,1,4,4.92,30.46
S106755,53.98,75.71,56.12,9.68,2,0,6,4.7,83.36
S106756,72.62,52.43,72.85,37.26,5,1,3,4.7,43.85
S106757,56.32,39.48,37.41,51.47,4,3,5,6.45,43.33
S106758,47.76,47.09,56.1,45.44,2,1,1,8.9,68.67
S106759,62.08,41.31,61.3,45.02,3,2,3,7.22,76.03
S106760,68.76,39.03,34.33,43.47,2,0,4,3.04,66.61
S106761,60.36,49.11,46.17,43.65,2,0,5,4.56,49.38
S106762,74.2 ,49.69,25.45,15.28,2,1,6,6.0,33.65
S106763,53.59,38.54,40.06,30.48,3,1,1,7.42,98.68
S106764,37.74,25.64,54.02,,4,0,2,6.27,45.53
S106765,42.43,72.49,50.82,42.56,2,0,3,4.73,51.89
S106766,40.3,52.11,38.61,20.92,3,0,5,3.78,46.96
S106767,52.37,64.68,47.74,78.6,1,1,6,2.8,47.9
S106768,33.55,85.65,56.55,47.48,7,0,7,3.92,55.72
S106769,35.67,79.43,72.88,43.13,1,0,6,8.04,100.0
S106770,85.91,83.88,51.64,53.12,0,0,5,1.05,54.17
S106771,71.87,36.74,65.84,56.34,1,0,2,2.98,71.13
S106772,43.65,58.94,48.46,44.12,4,0,3,8.66,91.76
S106773,73.28,57.75,52.63,41.18,3,0,5,2.76,37.35
S106774,84.0 ,83.18,63.05,35.26,1,3,5,6.33,78.08
S106775,100.0,19.03,60.29,40.23,3,1,3,7.58,35.5
S106776,79.98,40.88,75.98,42.8,3,1,9,9.49,38.48
S106777,59.18,55.58,64.07,65.65,1,0,2,1.34,24.07
S106778,27.34,47.48,67.4,39.86,0,0,4,8.14,0.0
S106779,85.38,82.1,86.28,53.61,2,0,4,7.51,53.74
S106780,49.25,63.98,81.17,27.46,1,2,5,7.96,55.07
S106781,40.0,36.68,56.66,47.61,3,0,8,10.0,92.31
S106782,33.8,56.78,63.99,49.64,5,1,7,6.6,45.3
S106783,64.6,100.0,45.28,92.47,5,1,5,6.82,55.5
S106784,60.87,36.54,67.54,55.77,1,1,3,3.74,19.11
S106785,86.77,84.57,15.63,68.0,1,1,5,5.47,29.78
S106786,43.99,73.75,67.04,37.9,1,1,3,7.72,38.7
S106787,43.79,46.85,66.09,21.34,1,1,7,3.33,44.8
S106788,52.98,37.33,70.66,27.71,1,0,6,2.38,50.66
S106789,35.87,59.07,44.43,66.12,3,1,1,7.15,86.11
S106790,59.5,30.65,54.88,64.07,6,0,6,0.81,89.0
S106791,51.47,83.34,54.68,53.72,1,0,4,7.32,45.82
S106792,70.29,81.93,37.0,69.67,0,2,3,8.14,58.54
S106793,34.49,83.01,36.22,44.41,1,2,2,3.9,58.21
S106794,56.27,81.56,43.07,73.59,4,1,2,4.82,59.69
S106795,66.9,58.49,60.76,88.33,2,0,4,2.68,54.17
S106796,72.75,54.99,75.43,,4,1,5,9.53,69.89
S106797,37.83,48.34,48.76,21.56,1,1,2,7.64,70.11
S106798,93.48,61.21,59.66,86.02,2,0,4,3.99,25.79
S106799,49.61,64.65,48.56,67.03,1,1,1,1.92,54.98
S106800,59.69,56.13,34.04,62.26,0,1,4,0.0,67.81
S106801,15.39,64.02,75.27,66.84,2,0,2,5.54,77.74
S106802,59.45,44.09,58.71,65.06,4,1,1,5.23,63.18
S106803,36.93,80.78,63.02,44.19,3,1,5,2.65,10.89
S106804,,68.66,49.51,69.04,3,0,4,8.86,28.52
S106805,33.54,48.8,62.88,65.7,3,0,4,6.4,38.73
S106806,52.39,100.0,73.4,44.62,2,0,5,7.93,70.58
S106807,78.78,66.75,67.24,54.64,1,1,0,6.88,41.38
S106808,69.0,73.55,60.62,48.84,0,3,4,0.04,50.99
S106809,64.89,86.18,77.34,45.64,2,0,4,8.45,37.12
S106810,54.64,48.47,37.1,41.19,2,0,1,3.4,51.29
S106811,55.09,44.06,45.48,58.14,1,2,5,9.71,15.81
S106812,56.35,54.11,50.83,58.55,1,0,5,3.13,74.31
S106813,57.6,40.11,54.3,89.3,2,1,9,2.49,56.53
S106814,40.83,62.54,52.0,38.54,1,1,1,5.11,17.86
S106815,11.66,51.59,67.08,34.47,3,1,2,3.84,56.31
S106816,56.86,76.46,59.21,14.41,3,1,3,9.11,18.29
S106817,83.09,60.12,52.95,80.59,1,0,5,10.0,50.89
S106818,59.94,84.63,42.02,10.41,4,1,6,4.12,80.32
S106819,63.46,69.47,53.63,54.93,4,0,5,4.91,51.41
S106820,100.0,68.7,54.83,80.02,4,1,2,5.33,61.26
S106821,58.37,74.02,51.75,21.51,0,0,4,6.07,51.6
S106822,68.05,85.06,68.73,58.93,3,1,4,1.12,48.72
S106823,30.84,59.53,49.48,45.07,3,1,6,5.9,70.3
S106824,53.59,38.12,64.81,63.64,2,1,2,2.68,88.53
S106825,94.61,51.28,80.72,33.31,3,1,8,5.95,80.13
S106826,50.38,79.55,69.62,74.19,4,4,3,10.0,20.55
S106827,,35.68,34.25,30.07,4,1,3,2.12,49.68
S106828,51.36,87.8,58.82,47.78,2,0,4,7.1,47.45
S106829,55.46,91.18,62.13,53.57,3,1,6,4.97,40.9
S106830,34.97,83.86,19.24,76.9,1,1,5,2.29,64.79
S106831,23.14,67.25,59.3,69.29,3,0,3,5.34,52.46
S106832,38.5,78.87,58.59,79.48,0,1,4,4.79,71.56
S106833,55.22,74.84,61.98,80.26,1,1,4,8.59,73.79
S106834,89.79,40.05,38.51,59.67,3,1,5,7.19,60.88
S106835,60.23,30.79,47.98,46.51,4,1,5,8.55,45.01
S106836,37.85,34.7,68.25,65.28,6,2,2,5.72,35.11
S106837,52.22,45.75,37.51,37.87,3,0,4,6.22,61.97
S106838,47.29,68.41,71.07,72.92,4,0,9,6.81,40.58
S106839,47.46,52.94,52.0,55.43,3,1,2,3.84,76.86
S106840,36.05,70.02,50.22,51.01,2,2,3,8.15,62.12
S106841,49.31,50.64,27.21,50.57,3,1,4,5.16,54.23
S106842,50.75,66.3,71.29,72.29,3,1,1,2.22,29.34
S106843,77.88,54.63,48.32,46.26,4,0,4,7.66,30.23
S106844,75.75,47.4,36.21,43.69,2,1,8,5.24,53.24
S106845,73.74,57.58,41.65,92.03,3,2,1,6.18,46.71
S106846,62.42,67.48,31.83,61.89,5,1,7,0.0,41.61
S106847,66.79,21.32,67.55,63.68,1,0,6,1.76,48.44
S106848,32.28,93.89,51.29,62.63,4,0,6,7.57,55.6
S106849,54.64,71.02,34.58,58.56,4,1,2,6.92,83.15
S106850,66.29,65.24,67.07,42.99,2,2,4,1.04,86.0
S106851,55.59,37.67,76.35,91.28,2,0,5,6.51,6.4
S106852,44.84,84.95,73.04,45.51,1,0,7,1.31,56.73
S106853,27.09,62.47,46.45,53.25,1,0,6,1.71,35.28
S106854,53.67,58.62,68.06,50.53,3,1,6,7.85,46.22
S106855,37.01,51.49,46.47,94.78,2,0,5,5.21,65.83
S106856,83.71,39.55,55.07,58.47,0,0,1,5.34,44.35
S106857,83.72,66.67,53.75,92.16,2,1,2,9.12,81.92
S106858,60.15,89.03,55.98,39.32,6,0,5,6.21,17.98
S106859,54.73,39.31,62.55,52.96,3,2,5,5.66,37.4
S106860,72.34,47.93,47.91,55.15,0,1,9,3.06,86.57
S106861,48.42,53.78,75.38,32.51,1,2,9,6.22,13.27
S106862,64.09,86.99,63.57,45.53,1,1,4,3.56,59.73
S106863,59.21,100.0,51.49,,3,1,5,6.51,61.58
S106864,38.8,67.27,56.24,57.72,3,4,4,4.26,37.13
S106865,35.98,75.61,30.02,20.48,5,1,5,4.13,51.18
S106866,51.28,78.34,56.29,45.55,3,2,2,8.85,37.01
S106867,94.69,60.52,67.91,55.49,1,2,1,5.16,58.96
S106868,50.05,37.85,56.61,42.58,2,1,4,2.99,59.33
S106869,73.32,48.52,56.59,70.19,4,0,6,3.37,53.92
S106870,28.3,46.88,62.23,63.51,3,1,5,3.66,45.33
S106871,56.47,55.06,55.55,81.33,3,0,4,7.55,26.19
S106872,45.6,50.31,50.45,68.41,4,4,6,6.32,65.19
S106873,84.51,60.49,50.62,37.58,5,1,2,3.24,63.64
S106874,69.53,64.3,66.15,52.71,3,0,6,8.8,76.24
S106875,44.07,82.01,47.5,90.82,1,0,1,6.76,59.97
S106876,28.7,37.34,68.64,45.84,3,2,0,5.72,8.74
S106877,54.49,61.51,88.84,47.19,3,0,3,4.88,34.72
S106878,80.06,58.05,93.1,89.61,0,1,4,2.81,33.2
S106879,42.6 ,61.48,68.93,31.52,2,1,11,8.68,16.23
S106880,79.84,71.45,57.97,66.65,3,0,3,2.9,60.94
S106881,28.71,57.99,80.48,77.52,3,2,5,9.66,61.18
S106882,46.97,67.68,96.51,71.73,4,2,2,3.5,71.42
S106883,39.37,69.79,77.92,61.13,1,1,5,4.73,86.45
S106884,43.23,72.0,47.23,56.21,1,1,5,3.51,26.09
S106885,42.57,40.46,63.54,47.65,3,0,2,4.83,62.05
S106886,63.99,61.13,59.56,31.23,2,1,4,5.17,78.84
S106887,49.21,70.24,74.31,55.71,2,2,3,6.55,0.0
S106888,59.55,17.26,42.38,50.88,5,0,6,5.28,57.89
S106889,73.91,78.34,46.52,50.36,1,0,3,4.94,68.5
S106890,62.27,66.83,70.96,33.31,1,1,1,6.82,61.57
S106891,49.29,56.4,56.25,68.21,1,0,3,5.41,29.71
S106892,33.79,31.09,43.15,26.52,2,1,3,5.89,27.61
S106893,58.76,80.72,62.98,17.57,1,1,6,4.48,34.47
S106894,37.6,16.15,51.81,45.65,2,1,3,8.56,54.21
S106895,71.92,80.91,48.95,60.22,3,1,2,0.97,53.56
S106896,67.51,52.21,79.99,41.02,2,2,5,9.2,52.42
S106897,35.85,44.7,53.54,,2,0,2,3.53,48.79
S106898,40.46,64.37,30.11,79.92,4,0,4,2.22,68.11
S106899,50.41,66.9,24.49,92.83,2,1,8,7.11,42.64
S106900,68.32,61.98,56.45,34.34,1,2,2,6.52,38.81
S106901,39.67,24.77,38.99,64.31,1,1,2,0.23,36.14
S106902,89.71,83.74,25.11,71.26,3,0,4,5.69,44.17
S106903,49.84,51.64,37.59,38.28,5,1,6,4.36,33.25
S106904,68.45,46.09,58.25,44.3,6,0,2,7.49,40.54
S106905,50.37,35.24,58.89,49.15,1,1,4,3.04,37.48
S106906,65.7,51.76,47.56,48.37,0,2,4,7.14,9.21
S106907,61.6,51.81,66.76,73.41,3,2,5,6.04,58.12
S106908,43.9,84.94,53.25,45.38,3,0,3,9.09,20.04
S106909,54.19,67.4,77.29,65.42,0,2,4,6.57,36.95
S106910,62.94,88.7,86.3,51.4,3,0,5,1.68,48.12
S106911,68.16,66.13,83.22,56.69,2,1,2,0.62,11.47
S106912,58.41,66.09,53.71,50.6,1,1,2,10.0,52.8
S106913,75.28,35.67,59.74,42.62,1,1,3,8.84,48.13
S106914,58.4,77.58,64.74,54.49,3,1,3,7.09,58.7
S106915,37.66,61.57,43.43,40.9,3,1,4,4.23,29.8
S106916,48.9,70.94,65.8,52.82,2,0,4,10.0,17.17
S106917,81.5,67.74,98.27,42.19,0,0,8,10.0,40.27
S106918,45.95,74.25,31.0,58.84,2,0,7,1.92,51.81
S106919,77.7,80.35,56.05,60.01,2,2,0,10.0,84.3
S106920,59.31,69.04,41.6,65.4,6,1,3,6.33,44.65
S106921,52.0,43.04,42.11,28.2,2,1,3,10.0,28.06
S106922,78.3,52.78,45.48,52.71,2,0,2,7.64,60.82
S106923,19.69,57.51,95.37,48.74,2,0,7,7.15,62.76
S106924,33.84,68.59,54.78,70.37,3,1,7,3.17,39.98
S106925,48.56,30.86,57.82,62.48,3,1,2,7.39,45.33
S106926,81.79,30.45,79.26,75.63,3,2,6,6.69,54.79
S106927,30.32,57.14,49.62,67.21,4,1,4,3.2,31.08
S106928,72.47,87.11,55.82,57.21,4,0,1,10.0,69.44
S106929,35.85,28.76,22.43,76.71,5,0,5,4.17,26.51
S106930,68.68,71.48,44.99,35.62,3,1,6,2.61,57.2
S106931,69.71,51.7,50.22,74.93,1,0,7,4.7,64.55
S106932,70.6,79.67,74.41,78.61,0,0,4,3.8,52.88
S106933,76.2 ,43.18,52.69,29.22,3,2,4,9.44,63.09
S106934,53.12,83.92,48.54,61.71,3,0,3,7.5,73.35
S106935,46.94,61.52,38.53,58.78,1,0,2,5.74,17.86
S106936,37.66,33.76,50.01,60.82,3,0,3,2.68,53.84
S106937,37.66,74.44,72.7,44.89,3,1,2,8.01,51.34
S106938,80.26,38.69,46.9,78.41,3,0,4,10.0,17.22
S106939,32.15,46.85,51.59,22.91,3,1,3,1.69,60.98
S106940,90.03,72.08,87.72,57.07,2,0,4,6.98,31.08
S106941,52.11,38.68,63.41,36.8,3,1,3,3.84,75.54
S106942,56.05,55.94,65.16,30.36,0,0,1,1.93,56.74
S106943,100.0,51.74,72.72,54.27,3,1,2,6.44,44.06
S106944,89.65,82.06,70.86,70.89,3,0,7,3.51,59.16
S106945,53.6,72.64,48.7,68.89,3,0,1,4.63,50.15
S106946,50.47,36.45,20.0,78.49,0,1,4,5.22,45.86
S106947,48.71,79.4,69.92,53.79,4,1,4,8.17,68.25
S106948,38.83,32.94,34.47,100.0,2,0,6,1.6,43.11
S106949,23.44,68.64,65.94,66.19,0,0,9,6.36,26.12
S106950,45.41,61.43,50.19,81.62,3,0,6,9.88,85.24
S106951,,51.64,60.22,45.85,3,1,6,6.2,71.77
S106952,64.29,83.54,46.0,38.55,1,0,9,1.08,36.27
S106953,24.54,62.8,42.19,45.47,3,1,7,1.73,24.36
S106954,54.36,74.0,91.15,54.97,1,1,6,6.93,34.58
S106955,80.59,34.39,53.18,4.29,1,1,2,5.06,22.04
S106956,92.54,45.25,68.2,32.77,3,2,3,5.15,45.96
S106957,75.49,64.58,52.19,74.0,3,0,3,8.6,61.41
S106958,42.07,47.43,47.45,52.77,1,1,3,6.39,56.02
S106959,51.74,61.57,69.25,88.91,4,3,5,2.95,50.15
S106960,29.98,95.4,85.42,78.97,5,0,9,8.8,40.44
S106961,62.41,68.2,75.36,66.42,4,0,2,0.0,44.56
S106962,66.58,89.36,69.75,66.48,0,2,4,0.0,37.67
S106963,63.43,56.06,56.3,55.68,1,0,5,4.48,58.11
S106964,60.83,40.55,64.72,36.46,3,0,2,7.68,56.46
S106965,75.91,69.99,69.66,60.93,2,0,1,0.0,30.54
S106966,50.5,82.01,66.8,51.11,1,1,2,7.6,75.53
S106967,37.71,6.93,30.91,37.14,1,1,4,5.21,52.74
S106968,30.74,66.19,50.44,46.29,0,1,11,6.32,63.07
S106969,56.86,42.16,65.59,37.97,0,1,2,2.33,82.4
S106970,55.34,82.12,79.4,36.65,4,0,3,3.32,33.66
S106971,82.07,61.7,62.9,45.46,3,1,3,3.85,48.15
S106972,71.9,62.8,74.18,41.04,3,0,3,5.95,75.15
S106973,48.64,59.86,51.37,61.65,2,2,7,10.0,53.9
S106974,59.73,46.45,62.05,53.3,2,0,5,2.35,55.99
S106975,83.41,44.13,44.31,57.18,4,1,3,4.66,61.92
S106976,39.23,47.37,45.26,,2,0,3,8.08,39.82
S106977,52.42,28.14,73.79,70.22,3,0,6,0.0,31.21
S106978,73.59,49.12,37.63,53.46,1,0,5,7.66,50.96
S106979,100.0,50.39,27.81,43.2,5,1,3,5.9,47.06
S106980,48.78,58.24,70.97,22.67,2,3,4,3.59,30.58
S106981,59.0,77.17,49.66,66.57,1,0,2,9.46,44.08
S106982,73.51,65.2,56.3,50.81,2,0,5,8.09,75.1
S106983,17.8,18.86,63.51,65.88,2,0,2,2.77,54.68
S106984,52.04,39.68,40.86,55.26,3,0,4,8.38,70.73
S106985,71.68,70.19,44.55,39.19,0,1,5,8.69,47.7
S106986,36.57,80.55,49.46,39.59,6,0,2,6.29,14.1
S106987,52.42,64.66,63.31,52.54,3,2,3,9.83,37.18
S106988,62.46,53.2,27.33,71.77,5,0,6,4.25,0.0
S106989,36.43,67.89,63.61,55.51,3,1,2,10.0,55.25
S106990,68.09,55.45,78.51,53.85,2,2,8,6.77,0.0
S106991,61.79,62.96,54.18,13.9,2,0,3,7.2,59.86
S106992,28.08,20.36,36.67,50.64,2,3,5,4.02,42.09
S106993,75.67,54.06,52.09,32.61,3,1,5,3.65,28.52
S106994,52.08,54.73,74.21,100.0,1,1,8,7.33,92.37
S106995,46.58,76.75,82.93,72.43,3,2,2,3.56,49.08
S106996,34.73,20.67,51.59,54.27,2,1,3,7.73,87.44
S106997,39.54,62.38,45.06,70.64,3,0,4,7.08,42.96
S106998,51.51,55.54,46.78,51.9,2,1,4,1.47,34.66
S106999,51.09,58.15,71.07,56.13,5,1,4,4.37,48.24
S107000,63.02,62.21,61.52,57.11,2,2,4,2.97,57.5
S107001,52.86,64.13,51.06,75.22,3,0,3,6.91,19.74
S107002,49.72,18.8,61.92,70.17,6,1,3,8.01,43.51
S107003,45.38,82.87,23.89,46.62,3,1,9,3.09,82.05
S107004,55.72,79.41,65.42,22.65,2,1,3,6.35,28.7
S107005,62.43,47.27,54.24,34.68,4,1,3,9.02,39.15
S107006,47.18,52.26,76.34,40.65,1,1,1,6.02,30.27
S107007,18.6,40.44,32.41,27.7,0,1,10,6.87,58.24
S107008,8.72,78.39,40.51,50.7,5,0,6,6.79,40.87
S107009,60.06,80.1,50.56,,2,0,4,6.63,69.4
S107010,60.2,40.36,59.74,42.03,2,0,6,4.86,53.32
S107011,62.15,50.59,45.7,68.66,0,1,6,1.61,51.12
S107012,65.23,71.63,74.09,46.3,3,2,8,2.35,72.17
S107013,58.17,90.58,74.06,52.61,3,0,1,6.07,79.12
S107014,62.66,81.2,75.5,49.29,3,1,4,6.24,76.37
S107015,98.99,59.5,70.03,85.79,2,0,2,5.98,26.85
S107016,50.36,32.01,78.17,48.97,2,1,2,5.85,35.6
S107017,54.75,47.01,62.53,9.86,6,0,4,3.82,44.19
S107018,65.5,91.58,14.04,57.89,2,2,5,8.09,48.78
S107019,53.85,67.87,76.03,65.09,6,0,6,8.37,70.91
S107020,98.93,55.83,71.73,44.88,2,0,0,4.62,87.54
S107021,39.47,39.12,38.99,,5,0,4,5.44,24.74
S107022,74.78,51.92,36.66,61.09,1,0,3,2.87,25.39
S107023,68.0,51.91,24.72,39.79,5,1,3,6.38,29.03
S107024,65.35,54.29,58.97,59.82,4,0,2,2.67,0.0
S107025,55.91,72.98,76.94,58.47,5,1,7,1.85,58.63
S107026,32.65,65.5,84.51,58.34,5,1,2,4.53,0.0
S107027,80.3,67.49,78.74,57.42,4,2,4,8.83,37.81
S107028,59.78,73.48,68.46,54.11,0,1,6,6.66,0.57
S107029,40.79,50.82,52.69,75.82,2,1,6,4.07,49.67
S107030,71.23,74.19,67.72,77.62,1,5,1,7.52,40.14
S107031,26.33,61.61,22.39,61.55,2,0,4,4.59,14.36
S107032,65.73,75.02,63.36,47.39,1,2,5,4.82,43.16
S107033,43.62,45.29,73.9,57.3,4,0,5,7.81,73.56
S107034,78.63,40.14,51.87,78.08,1,2,7,1.73,39.28
S107035,47.58,61.98,35.56,51.2,3,1,5,7.1,48.82
S107036,59.6,57.38,45.92,60.5,3,1,0,7.43,45.65
S107037,87.75,75.29,40.66,47.42,3,1,7,5.08,50.66
S107038,52.42,62.54,46.23,77.61,2,2,7,6.91,40.96
S107039,57.22,68.4,47.48,58.09,3,1,2,4.82,48.67
S107040,40.3,36.08,52.34,51.46,3,1,3,5.95,12.58
S107041,34.33,60.55,58.71,54.1,4,2,4,4.33,27.39
S107042,60.45,69.5,51.9,31.75,3,1,4,7.09,21.32
S107043,66.11,89.2,72.25,52.24,3,1,4,7.19,30.36
S107044,64.16,69.0,54.53,47.81,3,1,4,4.18,20.48
S107045,32.38,41.37,58.64,38.17,2,0,5,4.88,55.51
S107046,44.22,35.47,24.21,42.87,1,2,3,3.39,39.22
S107047,45.3 ,68.67,75.11,26.74,2,1,4,3.77,72.19
S107048,82.05,47.32,50.57,68.09,2,2,7,2.11,71.87
S107049,45.9,69.21,50.8,36.49,3,1,2,6.69,53.76
S107050,53.95,57.84,54.65,60.56,4,1,2,3.67,57.21
S107051,49.17,64.79,68.76,21.97,2,0,3,3.51,47.02
S107052,49.68,40.67,55.09,44.3,0,1,3,3.9,31.22
S107053,62.01,98.33,51.53,38.9,1,1,9,6.69,18.33
S107054,52.22,86.98,48.54,27.63,2,0,4,7.16,65.26
S107055,62.92,43.73,32.04,100.0,1,0,5,7.03,73.91
S107056,68.44,71.3,71.01,74.71,2,0,3,7.82,50.78
S107057,80.92,76.24,68.16,77.68,1,0,2,8.72,31.92
S107058,61.04,50.73,62.85,78.14,1,1,4,5.38,44.73
S107059,56.42,47.45,36.26,46.26,0,0,5,1.41,11.68
S107060,52.12,77.38,59.57,70.75,2,0,6,7.13,14.73
S107061,46.03,52.44,56.78,85.46,4,0,2,3.57,33.66
S107062,63.16,63.82,51.79,63.54,1,0,6,2.86,44.04
S107063,38.22,60.69,87.68,45.19,0,1,5,5.8,42.16
S107064,100.0,37.93,88.53,50.5,6,0,2,5.23,32.5
S107065,37.42,69.44,93.01,37.19,0,0,4,5.77,51.33
S107066,83.17,57.75,44.69,79.35,4,1,4,6.35,64.72
S107067,91.32,53.02,61.43,43.65,6,1,5,7.34,33.77
S107068,74.02,34.11,76.2,62.39,0,1,3,5.68,66.0
S107069,35.88,44.99,46.06,45.13,2,1,1,6.97,44.58
S107070,95.05,69.44,46.46,28.1,5,1,2,5.51,37.0
S107071,51.58,48.73,81.98,83.2,3,1,3,4.55,54.07
S107072,67.34,72.62,48.49,71.28,1,1,3,2.86,30.36
S107073,60.12,56.73,53.23,70.2,3,1,7,4.55,90.85
S107074,60.1,63.05,42.84,31.59,1,2,6,1.97,40.48
S107075,56.8,73.16,74.35,68.61,3,0,6,7.74,48.5
S107076,54.56,72.79,64.35,49.99,0,1,4,9.85,58.55
S107077,66.92,65.08,44.52,58.86,3,0,0,7.85,33.16
S107078,30.67,78.07,53.14,21.15,4,1,6,10.0,0.0
S107079,68.18,56.21,44.94,8.72,3,2,3,7.53,62.32
S107080,58.47,80.27,48.91,55.13,7,1,4,3.36,48.64
S107081,61.72,35.24,76.83,46.86,2,0,3,8.06,63.5
S107082,55.3,54.21,63.04,28.36,2,1,5,7.9,50.68
S107083,84.62,73.49,51.74,35.85,2,0,3,2.45,32.69
S107084,,100.0,20.01,71.65,4,0,5,5.15,74.99
S107085,44.43,61.38,41.86,91.07,1,3,3,3.15,74.17
S107086,77.46,52.83,59.03,64.86,4,1,1,2.17,45.94
S107087,45.54,67.07,56.2,39.46,3,1,7,7.32,46.8
S107088,49.82,55.17,54.09,67.39,2,0,2,6.51,51.5
S107089,68.18,90.15,56.37,67.33,1,1,5,1.72,73.88
S107090,40.9,40.78,40.16,68.18,3,0,5,4.01,38.68
S107091,56.25,89.6,51.14,69.6,2,0,3,4.18,73.03
S107092,57.31,47.88,48.46,63.56,1,1,2,5.62,40.49
S107093,71.51,68.39,47.88,69.66,5,1,5,5.63,49.06
S107094,35.45,100.0,55.74,72.77,5,1,5,2.95,95.49
S107095,43.61,63.88,28.5,51.75,4,0,2,10.0,73.1
S107096,37.81,46.43,71.87,70.75,2,1,7,7.93,49.88
S107097,,61.41,62.55,51.44,0,2,1,8.1,20.41
S107098,39.33,69.06,82.46,80.2,3,1,2,2.06,64.74
S107099,40.27,50.21,64.83,42.98,2,0,6,9.79,43.83
S107100,66.46,83.7,76.84,47.97,1,2,3,5.52,58.88
S107101,66.2,55.94,61.89,40.19,1,1,3,5.99,48.56
S107102,40.55,49.19,53.07,68.18,4,1,5,6.16,38.71
S107103,35.34,59.69,49.43,54.4,1,1,5,5.79,68.03
S107104,47.19,51.06,43.94,33.67,1,1,6,5.0,32.33
S107105,55.9,48.14,74.96,44.64,2,1,1,2.54,78.88
S107106,56.53,51.54,57.22,87.92,5,1,1,3.79,40.62
S107107,72.36,62.87,63.92,53.49,4,0,1,6.12,75.59
S107108,53.0,87.6,66.84,,3,0,7,6.63,14.39
S107109,65.3,77.72,32.05,53.0,2,0,4,8.12,60.55
S107110,43.18,81.49,64.25,74.06,4,0,9,7.36,37.98
S107111,32.49,76.87,59.72,30.74,1,1,4,5.26,62.09
S107112,20.96,45.62,64.95,23.56,3,0,3,5.76,73.44
S107113,54.35,53.92,58.37,26.36,1,0,6,7.49,44.38
S107114,74.38,68.2,69.02,26.51,1,0,2,6.69,14.35
S107115,50.73,52.58,56.09,9.99,3,3,3,3.33,47.68
S107116,,55.76,74.88,47.08,0,0,2,5.67,60.68
S107117,53.77,38.26,51.67,41.87,2,0,5,5.88,72.23
S107118,43.04,76.16,54.21,43.93,3,0,3,1.05,34.44
S107119,,56.14,80.98,49.27,2,1,5,10.0,59.53
S107120,61.96,87.32,37.16,51.21,6,1,4,6.94,58.62
S107121,56.86,69.34,52.53,54.22,4,1,3,6.7,52.96
S107122,67.48,50.29,52.6,,2,0,3,8.95,63.43
S107123,53.37,48.84,56.72,31.16,1,1,6,3.42,66.02
S107124,64.2,70.65,25.39,45.96,5,0,5,5.73,94.35
S107125,67.01,42.95,50.95,68.81,2,0,7,2.64,42.49
S107126,62.27,52.64,82.0,40.24,1,0,4,0.0,45.71
S107127,57.44,64.93,46.51,80.55,2,1,4,1.91,61.01
S107128,42.9 ,54.77,63.99,33.56,3,1,9,8.89,27.71
S107129,44.79,47.08,32.52,52.93,1,0,5,8.19,70.27
S107130,67.32,74.7,60.4,80.47,2,1,5,4.16,6.79
S107131,45.02,50.95,67.53,65.99,4,1,0,8.55,34.3
S107132,49.78,54.3,66.65,58.72,1,0,8,4.43,63.64
S107133,55.43,39.12,50.25,50.18,1,1,1,3.47,0.0
S107134,35.77,59.74,68.24,60.96,3,0,6,5.25,54.35
S107135,46.87,50.64,54.43,50.16,2,2,7,2.8,77.76
S107136,42.46,86.14,73.41,67.11,1,0,2,5.98,36.75
S107137,51.1 ,76.8,79.57,70.21,2,0,5,5.4,42.07
S107138,33.76,50.8,78.6,47.93,3,0,5,6.76,57.93
S107139,50.27,58.0,48.4,52.53,3,0,2,7.54,53.45
S107140,35.65,40.83,78.61,81.15,1,0,5,5.75,51.6
S107141,34.13,64.73,74.48,72.32,4,0,5,4.82,0.0
S107142,81.4,77.22,75.58,51.06,4,1,2,5.16,50.09
S107143,55.12,25.86,86.54,43.72,1,0,5,5.47,66.42
S107144,64.52,41.3,56.14,36.31,0,1,3,4.65,65.42
S107145,56.41,78.36,68.72,45.76,4,2,4,8.59,34.7
S107146,80.48,73.76,69.14,59.0,3,0,2,4.6,13.79
S107147,65.45,55.17,69.49,46.97,2,0,5,4.63,32.52
S107148,57.15,39.26,87.74,65.51,1,0,7,4.58,67.53
S107149,70.23,67.74,55.46,4.03,3,0,4,1.0,49.38
S107150,78.19,59.08,43.53,50.85,4,0,1,8.42,63.26
S107151,65.36,41.29,46.93,49.32,4,1,4,7.85,57.59
S107152,43.71,87.09,66.48,16.23,1,1,2,4.26,57.86
S107153,82.65,22.12,37.4,41.94,1,1,5,4.1,48.04
S107154,46.4,72.98,53.55,60.39,4,1,8,5.74,47.94
S107155,69.32,32.34,33.41,32.96,3,1,3,5.9,53.95
S107156,54.05,69.31,44.88,59.23,4,2,1,5.88,30.35
S107157,69.99,36.3,78.85,46.03,7,3,2,3.98,92.49
S107158,59.38,58.38,47.59,49.07,5,0,7,4.4,49.92
S107159,50.48,48.54,100.0,67.46,3,1,5,5.41,45.28
S107160,49.44,63.52,55.53,70.76,3,2,3,5.32,69.25
S107161,56.16,39.34,52.32,39.35,2,0,3,1.6,52.72
S107162,60.45,55.81,41.47,43.07,2,1,5,2.8,45.35
S107163,67.68,45.82,63.03,87.75,4,0,3,8.2,70.38
S107164,34.74,66.53,66.49,44.53,3,1,5,3.46,19.75
S107165,52.53,72.69,52.9,51.54,6,0,2,1.73,17.52
S107166,59.39,38.26,40.96,49.37,3,2,2,7.4,82.58
S107167,41.0,42.4,73.69,53.44,3,1,4,6.87,16.29
S107168,37.37,82.64,67.51,77.6,3,2,3,6.52,23.51
S107169,61.37,62.36,42.71,,3,0,8,10.0,75.58
S107170,60.03,63.67,59.26,49.44,3,3,2,0.0,70.73
S107171,24.96,82.04,46.68,66.84,2,1,9,8.27,47.5
S107172,54.4,73.05,38.9,45.7,3,2,3,8.45,28.24
S107173,41.16,12.99,70.66,66.42,4,1,4,7.83,75.35
S107174,27.32,42.36,38.1,100.0,1,1,6,4.19,63.53
S107175,40.32,78.12,58.99,68.58,3,1,7,3.9,43.58
S107176,48.25,53.8,21.52,52.53,4,2,1,4.0,57.19
S107177,69.6 ,75.63,75.91,57.53,3,0,7,3.73,64.44
S107178,42.77,62.04,42.56,72.71,1,1,0,3.78,65.75
S107179,30.39,68.02,91.0,35.04,2,1,2,1.39,25.47
S107180,,53.49,75.13,33.6,3,2,1,5.7,44.47
S107181,71.01,65.0,40.47,37.22,5,5,4,8.52,61.49
S107182,58.29,63.35,57.9,53.5,3,1,0,7.68,63.66
S107183,39.17,70.68,62.92,38.13,4,0,5,7.63,69.91
S107184,68.15,31.18,72.48,61.19,0,1,3,8.3,58.6
S107185,60.88,22.02,57.89,77.06,5,3,5,2.59,16.74
S107186,63.0,51.99,90.84,26.75,3,0,1,1.36,73.82
S107187,87.04,38.22,57.1,29.19,2,0,6,9.13,75.31
S107188,46.15,60.83,79.44,5.02,7,0,4,4.88,42.26
S107189,53.17,81.48,35.86,67.72,2,1,2,3.06,100.0
S107190,58.39,84.42,57.26,74.19,2,1,5,1.44,90.08
S107191,73.43,50.21,45.35,63.16,4,2,5,3.85,14.05
S107192,69.72,93.48,55.74,74.76,5,1,4,4.75,24.42
S107193,92.37,72.58,66.36,52.54,1,1,3,9.86,54.44
S107194,60.38,89.21,77.51,43.68,3,1,0,6.8,90.84
S107195,55.44,86.99,77.77,62.69,1,1,4,2.29,58.64
S107196,60.39,44.23,26.03,33.35,2,0,2,6.44,71.91
S107197,55.14,59.06,73.83,60.91,3,2,3,4.48,59.91
S107198,60.3 ,65.91,66.27,54.5,2,0,5,3.8,59.07
S107199,27.05,57.97,52.13,18.02,5,1,4,7.07,62.57
S107200,91.91,42.95,60.28,73.34,1,1,2,1.85,93.75
S107201,50.81,49.29,65.41,43.75,1,0,1,5.88,43.37
S107202,72.71,34.24,81.51,36.39,5,2,6,6.76,77.95
S107203,52.61,100.0,85.95,51.92,5,2,2,6.9,61.57
S107204,51.29,78.88,44.59,38.77,5,1,3,5.26,49.23
S107205,53.62,40.91,57.5,50.97,3,2,1,2.98,49.52
S107206,15.58,52.01,42.82,48.38,2,1,5,7.31,39.97
S107207,41.54,66.33,55.56,66.89,3,2,2,4.65,59.65
S107208,36.46,61.55,41.22,72.65,3,1,6,1.78,29.34
S107209,67.36,82.31,75.68,75.61,1,0,4,8.59,67.61
S107210,50.55,67.76,45.9,68.81,1,2,2,1.37,59.61
S107211,49.18,49.37,87.78,37.32,3,0,4,3.77,59.25
S107212,23.92,73.91,42.25,55.89,4,0,4,7.78,59.92
S107213,52.85,56.78,34.26,69.71,2,1,5,7.3,47.66
S107214,68.91,46.48,85.1,87.43,3,1,3,5.53,47.2
S107215,52.35,63.8,40.11,54.27,4,1,5,6.87,43.45
S107216,61.39,70.6,81.35,75.18,5,0,4,6.51,56.7
S107217,66.46,82.44,55.96,41.52,3,0,4,0.63,71.39
S107218,57.09,76.58,51.42,61.38,2,0,3,7.08,14.72
S107219,46.68,47.9,47.5,56.71,3,1,1,4.19,48.26
S107220,43.88,65.48,44.5,46.98,0,0,2,5.36,54.88
S107221,51.38,44.89,73.9,69.6,2,1,3,2.46,42.93
S107222,80.55,63.89,65.94,69.86,1,2,2,10.0,42.0
S107223,37.24,73.7,38.15,30.66,2,1,4,5.25,44.32
S107224,38.15,54.7,59.91,56.75,1,1,2,4.95,41.76
S107225,76.87,36.52,56.18,48.83,4,1,1,4.57,56.66
S107226,28.59,64.13,51.15,49.19,3,0,7,8.94,36.61
S107227,62.56,38.17,45.13,53.0,5,1,5,1.84,47.71
S107228,44.16,63.8,60.57,60.84,4,0,3,7.94,0.0
S107229,40.31,61.11,77.92,89.15,1,0,4,6.77,64.3
S107230,7.93,52.83,27.15,92.19,4,0,3,8.51,27.56
S107231,65.72,66.01,30.1,71.18,4,0,4,3.46,99.58
S107232,,51.98,61.21,63.42,4,2,4,4.8,23.57
S107233,75.61,82.85,91.73,75.3,4,2,7,6.15,17.71
S107234,,64.65,49.96,43.81,6,2,4,6.49,65.21
S107235,54.79,49.42,92.12,47.78,3,0,6,6.57,5.14
S107236,42.76,77.42,76.52,49.49,2,1,3,5.6,45.85
S107237,65.48,68.7,49.56,18.36,1,1,7,0.0,37.09
S107238,73.55,76.28,70.85,73.24,2,1,4,2.84,35.89
S107239,67.72,63.55,47.26,49.78,4,1,4,3.6,45.1
S107240,51.69,61.32,48.82,43.52,2,0,4,6.37,70.05
S107241,74.65,62.81,25.22,36.0,4,1,1,10.0,27.1
S107242,29.92,76.79,74.96,54.06,4,1,5,3.03,44.15
S107243,59.13,77.17,38.42,40.46,4,0,2,9.28,52.9
S107244,44.3,65.89,42.03,68.09,1,0,0,2.11,35.57
S107245,66.04,79.27,71.79,41.11,2,1,5,3.94,41.76
S107246,36.7,68.03,40.86,61.53,3,0,5,3.22,93.08
S107247,61.22,62.0,66.89,38.58,0,1,5,3.79,49.53
S107248,52.62,45.65,39.48,63.75,1,1,2,4.43,48.71
S107249,55.59,59.48,81.76,46.54,4,0,6,5.32,52.9
S107250,45.52,56.6,100.0,50.89,2,2,9,8.43,56.18
S107251,61.14,44.46,60.52,64.67,4,1,8,10.0,92.12
S107252,66.54,82.35,51.99,31.57,2,0,3,5.46,37.35
S107253,68.8,68.96,42.81,52.0,3,0,4,3.94,46.11
S107254,47.29,66.75,40.76,57.88,2,2,7,7.6,29.91
S107255,26.92,79.81,52.48,41.56,9,0,3,3.7,52.28
S107256,53.64,59.12,81.58,43.05,3,1,3,2.87,80.18
S107257,47.39,61.13,26.1,66.52,2,0,0,7.98,67.87
S107258,76.11,32.72,57.52,46.94,1,3,2,7.73,70.59
S107259,27.61,35.95,41.19,30.48,2,1,4,3.49,76.71
S107260,60.36,22.61,82.98,55.68,3,0,4,5.22,47.11
S107261,53.02,74.25,50.44,65.62,4,0,5,6.36,57.16
S107262,100.0,58.48,49.1,71.29,3,1,2,5.51,57.08
S107263,44.5,70.38,43.75,86.56,2,0,2,7.03,71.08
S107264,61.81,50.63,35.3,72.08,2,0,4,6.71,82.57
S107265,50.21,73.18,55.99,59.69,3,2,6,4.92,38.56
S107266,70.72,51.82,38.0,66.52,1,2,5,5.2,37.13
S107267,58.22,62.72,68.25,71.41,1,0,3,1.51,52.46
S107268,40.4,55.34,41.68,64.91,2,1,1,7.27,36.71
S107269,44.46,17.42,64.59,35.33,4,1,6,3.96,31.97
S107270,57.97,52.17,52.06,68.77,5,0,5,3.28,21.6
S107271,58.1 ,48.47,89.94,71.83,4,0,2,2.96,74.91
S107272,51.35,79.61,41.94,57.81,0,1,4,0.73,53.65
S107273,72.76,31.35,55.61,68.82,5,0,2,5.19,43.41
S107274,61.21,86.13,61.85,59.58,3,0,7,7.25,31.33
S107275,66.02,30.01,59.35,58.65,2,0,6,4.99,57.85
S107276,59.24,36.12,52.04,60.38,2,1,4,2.21,79.61
S107277,60.98,50.11,57.05,56.12,4,2,5,3.44,32.18
S107278,51.88,55.14,45.48,58.21,0,0,2,5.22,47.65
S107279,67.91,78.76,56.59,50.99,9,2,4,6.43,37.95
S107280,73.05,49.5,37.36,64.07,4,0,4,3.13,58.93
S107281,53.11,63.2,48.72,48.08,4,0,1,4.89,59.87
S107282,47.61,43.17,64.68,85.73,1,1,3,6.01,73.59
S107283,73.52,48.51,61.68,70.6,2,0,4,2.47,23.05
S107284,53.2,32.53,46.49,49.92,6,1,4,3.8,41.04
S107285,,89.97,49.36,19.6,1,0,8,6.37,66.41
S107286,17.31,76.13,58.58,53.8,2,0,5,4.99,59.88
S107287,60.0,40.02,86.15,59.54,3,2,4,6.8,34.05
S107288,49.6 ,25.48,53.97,16.56,3,1,3,4.53,56.63
S107289,28.89,46.68,50.06,60.43,7,0,8,6.82,25.32
S107290,59.04,39.89,56.3,59.48,2,0,6,4.3,85.88
S107291,62.17,57.28,73.13,63.84,4,1,10,6.26,57.74
S107292,52.32,59.04,58.6,66.94,4,2,6,6.43,89.11
S107293,75.31,47.19,62.54,56.96,5,1,3,6.54,72.6
S107294,67.63,81.31,78.17,37.68,3,1,7,2.53,60.6
S107295,60.0,17.34,52.82,67.12,4,0,6,1.59,72.75
S107296,43.82,64.89,62.51,,4,0,1,6.36,15.99
S107297,22.97,75.79,36.15,24.99,4,0,3,5.02,52.13
S107298,38.97,48.25,30.75,58.61,1,1,5,4.58,73.18
S107299,32.78,55.72,61.34,54.18,4,1,4,5.46,84.65
S107300,69.24,86.67,63.69,69.45,3,0,3,1.5,52.44
S107301,27.39,72.57,94.75,62.77,5,2,2,10.0,64.99
S107302,67.71,22.96,78.99,79.39,3,2,1,3.84,22.28
S107303,23.51,48.71,74.74,61.26,1,2,10,4.41,34.86
S107304,50.55,58.17,84.51,48.36,2,0,3,0.06,45.89
S107305,33.04,34.43,63.4,60.18,2,3,3,9.48,75.18
S107306,31.91,64.23,60.61,57.75,3,0,7,7.21,33.36
S107307,53.8,52.05,56.23,82.57,5,1,5,7.76,48.16
S107308,60.33,47.11,79.74,52.51,3,1,2,10.0,20.13
S107309,53.99,68.58,56.61,42.7,5,1,5,6.14,77.03
S107310,56.99,82.07,41.91,24.62,3,0,9,2.03,43.96
S107311,60.61,58.13,51.89,56.65,3,2,3,5.55,36.62
S107312,59.32,57.43,60.99,72.58,1,2,4,4.45,36.59
S107313,42.07,78.73,37.56,57.33,3,2,7,4.44,61.08
S107314,20.1,72.4,58.31,73.16,2,1,6,0.4,28.12
S107315,71.38,72.25,40.53,54.17,3,0,6,6.32,94.58
S107316,57.11,38.45,94.64,31.22,4,0,4,2.49,51.15
S107317,47.49,82.47,59.5,31.16,3,1,6,8.78,38.38
S107318,72.41,61.62,42.0,61.67,3,1,1,7.99,23.3
S107319,59.31,56.71,39.37,57.22,2,2,6,1.48,42.4
S107320,100.0,43.76,87.42,23.71,1,0,7,4.47,18.95
S107321,65.7 ,58.94,62.6,70.68,0,0,3,7.2,17.84
S107322,34.72,47.79,45.27,33.12,1,0,3,8.7,52.06
S107323,85.34,81.15,68.34,90.96,1,1,2,2.35,59.89
S107324,52.3,18.74,68.96,42.57,2,1,3,5.83,63.16
S107325,81.1,34.27,72.92,57.25,5,1,8,0.51,39.93
S107326,51.71,61.93,57.75,92.67,1,0,4,3.51,74.18
S107327,55.38,81.77,49.13,28.42,0,1,8,3.5,72.43
S107328,57.16,48.84,34.6,27.5,4,1,5,3.64,74.78
S107329,52.42,69.12,97.79,47.62,2,4,4,8.32,74.37
S107330,72.57,51.27,35.23,55.02,3,1,3,2.55,44.7
S107331,50.1 ,93.29,40.94,65.58,1,1,7,3.76,61.92
S107332,37.5,42.12,76.46,26.27,2,1,5,5.06,49.0
S107333,42.83,85.32,56.66,48.27,2,2,5,9.27,50.88
S107334,100.0,63.26,57.27,45.14,2,1,4,2.62,56.73
S107335,30.81,54.91,53.96,50.84,3,3,4,5.14,69.94
S107336,68.48,30.83,33.6,57.7,3,0,5,2.5,31.47
S107337,62.4 ,70.81,75.37,,4,2,6,10.0,37.29
S107338,50.46,66.65,54.47,67.85,7,1,6,6.39,82.99
S107339,38.64,76.41,53.18,42.72,4,2,3,6.29,59.16
S107340,63.8,53.8,78.1,66.8,4,1,5,10.0,31.09
S107341,54.17,52.28,28.7,58.28,7,0,4,6.85,46.56
S107342,,74.19,72.78,56.46,4,0,3,6.55,56.65
S107343,17.95,68.89,93.75,47.17,4,0,1,4.16,66.47
S107344,83.31,93.5,33.56,48.38,3,0,2,5.29,47.97
S107345,41.65,27.4,58.82,50.75,4,0,2,6.98,55.55
S107346,90.13,44.8,53.78,,2,0,1,7.35,100.0
S107347,68.96,82.5,94.35,55.61,3,1,1,9.34,71.04
S107348,59.76,42.63,52.84,57.83,2,1,8,9.98,54.64
S107349,32.58,57.46,34.49,48.34,3,0,3,4.1,59.11
S107350,24.13,55.62,60.12,63.48,1,2,1,3.78,78.8
S107351,60.79,66.35,91.46,71.74,3,0,3,5.04,32.5
S107352,43.12,80.32,55.56,47.66,0,1,4,4.74,54.81
S107353,61.61,46.08,67.12,30.17,5,1,4,7.21,63.02
S107354,67.46,65.7,75.24,65.04,1,0,7,5.91,74.53
S107355,32.69,67.44,72.87,72.44,3,0,2,5.79,32.07
S107356,59.66,62.92,74.26,46.23,4,1,5,0.0,74.61
S107357,67.15,65.91,63.94,82.34,5,0,1,6.83,56.84
S107358,76.89,72.99,88.62,62.89,2,0,3,6.32,0.0
S107359,70.36,95.39,49.74,83.67,2,0,4,10.0,82.0
S107360,,37.77,48.96,34.92,4,0,8,3.94,29.13
S107361,53.61,65.53,59.83,64.08,3,1,3,7.3,69.77
S107362,49.24,68.85,81.84,69.39,1,0,6,4.46,44.61
S107363,58.43,72.07,28.5,63.17,4,1,5,3.77,31.59
S107364,65.99,61.6,66.16,46.94,1,1,2,6.1,55.2
S107365,60.08,67.92,50.45,83.23,1,1,3,0.91,66.25
S107366,39.4,74.54,57.43,60.28,5,1,3,4.86,88.3
S107367,51.47,70.32,49.78,49.59,1,0,7,8.27,38.46
S107368,,36.06,59.4,58.89,1,1,7,4.34,31.35
S107369,70.51,59.06,57.47,45.1,1,1,3,4.65,50.67
S107370,38.9,89.14,63.33,38.69,2,2,3,7.2,28.7
S107371,45.95,36.66,44.51,66.98,5,4,1,7.01,21.6
S107372,93.49,42.03,38.35,72.84,2,2,2,5.99,14.91
S107373,54.49,71.48,18.84,34.03,6,0,3,3.97,38.44
S107374,75.77,45.64,52.07,63.41,0,2,3,2.64,40.56
S107375,92.68,36.38,52.7,17.46,1,1,3,8.41,73.55
S107376,43.88,64.12,76.12,51.74,2,0,2,5.67,49.03
S107377,77.59,64.64,64.8,47.71,2,1,6,4.14,95.46
S107378,57.12,56.69,55.36,64.66,3,1,5,9.13,16.61
S107379,57.48,81.65,56.02,41.24,2,1,2,7.5,66.93
S107380,62.68,88.42,52.31,34.11,2,0,5,5.37,59.42
S107381,67.72,63.62,74.76,26.25,2,0,4,9.67,32.84
S107382,56.6,63.98,64.17,79.21,2,2,3,9.22,57.85
S107383,59.85,50.68,45.48,97.77,2,0,5,5.8,14.23
S107384,56.26,71.11,23.75,47.51,0,0,8,8.6,36.0
S107385,45.9,42.36,61.89,41.69,0,3,7,7.82,46.86
S107386,68.48,10.68,53.77,61.61,1,1,5,6.86,75.98
S107387,26.45,23.51,65.1,52.59,2,0,4,2.09,46.98
S107388,44.8,31.55,60.85,77.14,3,0,6,6.35,65.59
S107389,33.71,56.97,47.71,25.71,2,3,3,6.43,38.62
S107390,48.08,47.2,76.94,65.11,4,0,0,7.14,49.26
S107391,53.94,59.3,51.59,55.06,3,1,1,6.17,16.01
S107392,50.87,50.34,68.25,61.83,2,0,4,4.45,58.64
S107393,26.0,47.43,74.0,61.29,0,2,4,10.0,70.66
S107394,65.67,75.47,66.15,38.38,5,0,3,5.07,33.43
S107395,48.9,42.07,77.33,54.67,1,1,5,3.79,56.22
S107396,11.54,51.06,40.35,48.0,4,1,3,5.88,77.65
S107397,75.51,16.07,62.57,60.35,3,0,5,3.99,29.18
S107398,65.08,70.07,43.69,25.16,0,0,2,5.57,48.79
S107399,57.6 ,76.49,59.96,54.37,1,0,6,5.48,16.91
S107400,47.65,37.14,53.62,34.4,2,2,4,6.39,76.24
S107401,66.76,87.64,61.45,75.36,3,4,4,6.3,55.62
S107402,48.02,41.61,53.96,32.05,2,2,1,4.04,34.36
S107403,70.81,30.59,58.25,12.44,1,1,2,3.77,51.31
S107404,49.08,17.9,64.84,47.3,1,4,4,5.72,69.05
S107405,30.3,36.29,69.62,76.84,5,0,2,8.31,22.61
S107406,29.7,58.8,79.45,43.03,2,3,8,6.51,30.73
S107407,53.01,54.49,62.58,59.61,3,1,8,4.86,37.66
S107408,46.97,50.79,79.61,52.58,2,0,5,9.62,38.57
S107409,38.33,68.56,31.42,57.85,5,2,3,1.64,36.45
S107410,76.68,52.02,41.89,98.52,2,3,2,8.96,33.44
S107411,65.49,55.26,59.74,46.6,3,0,2,6.51,30.6
S107412,59.62,71.5,64.38,65.39,1,0,2,5.74,50.42
S107413,29.5 ,39.95,78.38,,1,2,5,2.85,41.67
S107414,52.1,70.12,72.42,61.47,1,1,6,6.96,49.32
S107415,88.61,53.04,66.07,17.81,1,0,7,4.21,41.37
S107416,32.4,52.35,36.47,67.9,2,2,3,8.22,77.95
S107417,80.48,59.27,54.93,32.91,4,1,3,6.7,45.93
S107418,46.87,73.78,61.91,37.16,1,0,3,2.93,36.13
S107419,63.45,56.51,79.03,44.65,5,2,0,3.37,68.03
S107420,66.96,84.35,59.74,31.57,1,2,2,8.08,57.48
S107421,54.04,51.61,38.43,42.16,5,1,2,5.84,50.01
S107422,81.42,54.78,47.53,59.65,2,2,2,6.36,68.66
S107423,23.4,60.07,56.28,41.91,2,2,4,5.33,39.31
S107424,46.46,92.7,62.42,35.72,1,0,2,6.32,24.6
S107425,65.66,68.03,20.27,48.83,5,0,2,7.6,11.96
S107426,,98.62,76.67,59.87,1,0,3,3.89,42.15
S107427,48.08,33.66,37.93,41.04,2,0,2,1.77,52.36
S107428,46.43,47.64,68.95,36.74,0,1,1,3.46,68.11
S107429,,30.66,49.47,50.29,2,0,5,3.25,54.07
S107430,59.1 ,28.56,39.96,58.76,1,0,2,6.41,74.89
S107431,49.57,57.74,61.21,,3,0,2,4.39,40.73
S107432,31.79,42.48,65.42,53.98,2,3,5,4.34,51.15
S107433,63.71,78.55,66.41,76.2,1,1,3,1.71,50.15
S107434,26.84,83.93,35.51,51.0,1,1,2,5.29,57.38
S107435,34.14,72.85,62.61,26.7,3,2,1,4.82,63.46
S107436,65.52,49.33,49.6,64.29,3,0,5,6.6,13.63
S107437,46.6,76.42,23.63,49.44,2,0,5,8.52,68.01
S107438,57.97,78.66,38.63,51.41,0,1,3,4.86,50.81
S107439,45.95,86.25,85.69,32.89,2,2,2,9.12,33.93
S107440,76.46,59.16,49.23,31.46,3,3,4,2.51,70.33
S107441,63.37,59.75,85.89,55.15,1,1,6,5.22,14.53
S107442,47.27,60.61,50.64,51.96,0,0,5,6.98,47.94
S107443,33.67,72.62,58.06,44.88,3,0,1,7.09,25.63
S107444,39.82,57.19,64.45,60.04,3,1,9,2.05,37.84
S107445,40.47,84.62,61.08,52.84,2,2,4,3.47,67.91
S107446,17.3,47.3,68.81,59.66,4,1,4,7.45,48.76
S107447,45.02,72.71,95.9,100.0,2,2,4,6.74,60.38
S107448,51.88,56.89,74.1,40.33,0,1,5,4.19,54.99
S107449,68.28,53.19,59.79,73.88,2,0,3,4.73,27.07
S107450,54.67,57.83,12.34,51.4,3,1,4,4.31,28.22
S107451,43.22,53.95,52.52,70.16,3,0,5,0.93,42.66
S107452,,73.12,78.79,37.21,2,1,2,4.95,45.4
S107453,11.32,50.01,96.78,49.78,5,0,3,4.59,38.63
S107454,30.83,57.96,72.25,26.27,5,0,6,3.4,41.84
S107455,66.15,21.15,65.62,42.01,1,1,4,9.23,36.92
S107456,40.73,68.02,54.87,67.47,3,0,3,4.98,69.39
S107457,76.54,88.06,47.24,80.95,1,1,3,4.11,36.87
S107458,70.4,37.61,54.18,56.02,2,0,5,8.89,37.97
S107459,40.08,68.31,55.01,57.63,3,1,6,2.14,44.76
S107460,81.18,88.34,48.24,81.98,1,1,3,6.94,54.73
S107461,64.6 ,80.45,43.22,40.07,4,1,2,8.23,57.65
S107462,44.88,27.82,60.76,60.03,3,1,5,5.27,29.1
S107463,56.71,42.07,90.64,100.0,2,0,2,7.45,18.93
S107464,51.94,55.94,75.49,,1,0,3,3.3,65.37
S107465,77.11,64.44,46.26,15.98,0,0,5,5.58,42.49
S107466,55.63,52.97,42.62,52.18,4,2,7,6.22,66.1
S107467,50.99,83.03,42.46,45.21,4,1,0,8.7,28.73
S107468,65.4,62.53,56.55,78.41,2,0,4,3.56,34.24
S107469,61.47,80.12,28.58,40.06,2,0,2,5.51,46.65
S107470,85.43,80.15,65.96,92.95,1,1,5,5.31,49.99
S107471,96.09,81.73,57.74,54.41,4,1,1,2.39,36.5
S107472,56.84,60.64,64.31,72.34,3,2,5,6.06,50.45
S107473,90.96,56.55,58.05,61.78,1,2,4,0.12,44.78
S107474,65.97,34.23,64.03,25.02,3,1,5,6.68,72.28
S107475,57.19,45.43,45.7,78.44,2,3,3,5.03,45.16
S107476,46.88,53.3,87.19,100.0,1,1,3,7.39,61.63
S107477,45.65,53.99,69.58,100.0,3,0,6,5.26,48.73
S107478,27.15,81.28,61.06,33.38,3,0,3,5.57,58.75
S107479,33.6,80.89,78.1,44.77,2,1,2,3.91,62.07
S107480,53.9,49.52,64.46,57.1,1,0,3,9.07,39.79
S107481,59.03,52.14,67.72,61.15,2,2,5,2.1,23.01
S107482,43.69,74.26,54.02,22.99,4,1,1,3.79,14.28
S107483,81.73,58.66,73.26,75.08,1,2,5,4.41,36.48
S107484,56.73,100.0,19.07,67.32,2,2,4,4.11,39.06
S107485,81.17,46.86,46.89,100.0,5,1,5,5.34,17.97
S107486,64.74,53.01,66.04,51.36,3,0,3,6.22,79.77
S107487,34.67,40.64,38.32,35.24,1,0,3,4.65,20.26
S107488,48.39,53.8,56.21,66.47,1,0,3,7.77,59.28
S107489,59.22,63.59,55.37,45.68,4,2,1,3.03,42.09
S107490,56.51,67.39,60.23,53.63,5,2,6,8.5,64.97
S107491,33.44,44.67,79.15,82.56,0,2,4,5.22,69.48
S107492,26.68,47.62,28.36,49.33,3,1,7,6.92,26.75
S107493,60.79,60.73,62.78,68.16,3,0,5,0.55,83.89
S107494,58.25,54.24,71.15,74.31,0,2,2,9.85,75.19
S107495,49.48,61.9,34.69,43.85,2,1,2,10.0,58.98
S107496,39.73,81.8,51.96,45.27,2,0,1,4.37,36.62
S107497,66.81,54.38,71.55,65.72,2,0,3,5.27,47.38
S107498,68.59,75.92,42.72,47.69,3,0,2,5.07,50.94
S107499,33.9 ,70.14,34.6,81.93,2,1,6,5.5,50.43
S107500,87.22,100.0,57.86,40.23,4,2,4,0.0,62.61
S107501,44.42,68.02,67.81,24.98,4,1,9,4.32,40.34
S107502,41.17,59.54,85.09,53.83,5,1,5,5.2,13.64
S107503,85.15,54.39,88.36,67.12,3,2,1,4.66,18.96
S107504,77.13,80.83,41.03,29.75,0,1,1,5.61,41.41
S107505,47.57,48.76,82.78,45.55,2,0,5,6.32,29.46
S107506,56.96,26.46,45.91,49.53,4,1,2,5.57,50.69
S107507,70.06,47.49,54.5,93.52,3,0,6,1.83,85.78
S107508,48.68,50.11,65.02,57.98,2,2,4,9.76,98.44
S107509,34.4,66.1,43.66,28.29,3,0,3,5.64,52.28
S107510,55.05,62.63,57.0,29.86,0,0,6,4.86,79.92
S107511,27.48,35.83,52.84,25.87,3,1,2,3.21,27.82
S107512,86.52,79.3,39.57,25.27,0,0,5,7.16,81.82
S107513,40.17,67.02,35.37,39.01,1,0,5,6.01,75.15
S107514,35.37,69.44,56.84,23.7,1,0,5,4.94,31.35
S107515,73.54,34.95,69.75,46.21,1,0,4,6.85,63.94
S107516,97.87,46.78,71.08,87.68,2,0,3,2.75,30.22
S107517,58.22,100.0,58.46,48.55,1,1,6,4.71,54.59
S107518,58.56,77.35,45.19,41.67,0,2,2,3.82,47.63
S107519,62.75,81.28,75.71,51.73,1,0,3,3.5,33.75
S107520,26.7 ,76.03,51.81,72.0,2,0,4,9.54,82.25
S107521,30.04,100.0,54.51,45.44,0,0,3,5.9,47.43
S107522,15.82,78.44,67.4,83.71,3,0,3,5.86,13.58
S107523,61.11,72.74,49.22,56.45,5,1,2,8.31,100.0
S107524,13.96,51.19,50.37,,1,1,6,6.12,53.78
S107525,60.33,72.8,67.74,67.09,1,0,12,4.24,37.71
S107526,69.43,5.78,71.28,49.73,2,0,6,2.41,86.68
S107527,52.15,63.87,40.61,47.89,2,0,0,0.65,82.52
S107528,41.58,48.28,47.89,36.13,1,1,2,9.28,42.98
S107529,52.73,96.94,26.59,100.0,1,0,3,4.32,45.79
S107530,65.48,5.36,69.07,83.41,2,0,5,2.82,57.93
S107531,59.07,45.98,72.35,61.2,1,1,6,6.6,58.14
S107532,43.76,48.57,52.16,42.81,3,2,2,6.72,50.42
S107533,29.69,36.06,44.83,43.07,0,0,3,5.79,43.21
S107534,28.84,42.94,48.81,89.92,2,3,3,2.49,25.94
S107535,55.14,39.01,24.85,63.84,5,0,2,1.59,65.49
S107536,,52.56,56.78,58.28,2,1,4,3.9,47.99
S107537,54.25,41.41,50.34,57.63,1,0,4,5.25,43.41
S107538,61.45,87.33,49.64,58.23,1,1,4,6.49,80.98
S107539,97.3,60.67,71.47,35.01,2,0,3,3.03,41.01
S107540,64.44,48.43,44.5,62.51,2,0,1,4.5,33.68
S107541,18.87,48.74,56.88,41.88,2,2,2,5.63,42.1
S107542,66.26,70.32,35.96,75.45,1,1,4,3.03,54.21
S107543,50.71,34.06,69.83,41.05,5,2,2,5.93,35.02
S107544,34.27,49.1,68.56,42.7,3,1,5,6.02,73.24
S107545,41.31,77.21,69.33,29.5,2,0,6,9.18,40.84
S107546,65.47,29.62,89.08,19.71,3,0,6,10.0,0.0
S107547,52.3,52.45,37.09,44.86,2,0,3,7.56,62.7
S107548,60.3 ,65.57,60.04,31.12,4,1,5,5.94,69.27
S107549,86.65,67.54,44.05,44.26,3,0,5,6.38,50.81
S107550,36.88,77.33,55.93,66.97,4,1,2,9.41,40.93
S107551,52.65,61.51,42.41,54.6,2,1,6,8.65,28.97
S107552,37.68,100.0,37.6,77.14,2,0,2,2.49,48.75
S107553,38.76,37.22,42.85,29.92,3,2,3,6.21,36.84
S107554,64.69,73.29,69.61,41.35,3,1,15,5.38,37.56
S107555,92.37,77.69,73.08,62.63,2,0,6,5.44,18.75
S107556,41.85,45.19,87.3,48.15,2,1,3,7.96,46.58
S107557,29.5,63.59,70.2,88.16,2,2,3,3.14,80.01
S107558,60.91,50.69,59.85,42.16,3,0,9,5.52,57.16
S107559,60.31,61.69,86.03,81.75,4,2,2,0.24,31.26
S107560,42.31,58.29,41.03,44.42,3,0,2,7.27,73.99
S107561,50.34,61.35,74.71,40.22,3,0,8,5.98,24.12
S107562,46.21,80.56,32.3,74.84,4,1,6,6.54,20.7
S107563,26.23,67.79,84.96,31.31,0,1,3,7.29,52.19
S107564,35.74,61.8,74.89,21.68,0,0,6,8.03,60.07
S107565,58.74,53.84,63.78,20.96,1,0,6,7.52,71.32
S107566,68.87,95.66,31.12,64.82,1,2,8,5.24,63.82
S107567,46.18,49.41,53.45,52.1,3,2,5,3.31,58.53
S107568,33.42,71.9,38.7,47.51,2,2,3,5.84,58.45
S107569,56.2,61.51,55.67,70.46,4,1,4,10.0,34.96
S107570,57.99,51.39,59.52,48.88,3,0,6,6.28,52.78
S107571,63.22,62.83,73.51,42.75,0,1,1,4.24,38.01
S107572,88.12,73.46,72.18,64.27,2,2,2,7.86,31.81
S107573,72.93,99.83,83.16,30.36,4,1,1,6.21,37.14
S107574,49.72,58.15,88.96,74.17,3,1,4,10.0,29.78
S107575,68.79,37.19,74.25,62.23,6,0,5,7.37,23.61
S107576,70.0,73.34,44.75,49.17,0,1,3,4.0,53.43
S107577,99.8,46.59,44.82,49.39,0,0,4,6.65,21.56
S107578,87.98,56.7,55.76,86.91,2,1,4,6.55,17.76
S107579,41.52,17.21,45.77,52.51,4,1,3,2.61,44.12
S107580,48.07,48.49,59.14,48.1,2,1,4,3.27,37.55
S107581,49.73,95.82,55.0,42.74,2,0,6,5.02,45.57
S107582,71.31,100.0,67.32,65.27,1,1,0,4.0,70.67
S107583,46.22,67.45,58.74,41.37,2,0,8,7.02,44.56
S107584,50.37,67.31,75.31,45.58,1,0,8,6.25,13.9
S107585,57.85,61.21,49.52,41.29,0,2,2,2.54,1.18
S107586,51.04,35.0,50.47,56.55,1,0,4,7.2,20.57
S107587,71.44,76.6,67.78,46.0,4,2,4,3.64,8.24
S107588,18.14,72.44,74.54,45.26,6,1,7,5.84,47.1
S107589,69.18,55.72,52.94,40.4,3,1,1,3.12,48.75
S107590,62.29,57.21,61.58,49.88,2,0,6,7.26,36.33
S107591,41.94,42.35,38.91,51.42,5,0,3,7.5,42.28
S107592,75.55,66.6,65.38,33.95,5,0,3,2.94,69.82
S107593,75.32,74.61,43.61,45.01,4,1,4,5.67,68.12
S107594,87.7,63.39,61.09,82.11,2,0,8,7.52,71.88
S107595,68.52,46.41,62.82,16.13,2,1,4,3.35,37.31
S107596,40.88,83.84,70.76,53.95,5,2,4,5.61,44.6
S107597,,60.57,34.42,62.81,1,0,5,3.42,89.46
S107598,90.38,58.75,49.08,70.18,3,0,8,1.07,40.7
S107599,33.16,56.18,71.78,53.6,3,0,5,5.06,23.22
S107600,46.42,61.8,68.13,60.4,1,2,6,6.9,44.06
S107601,42.53,65.8,50.89,55.97,2,0,5,3.02,17.2
S107602,68.16,68.93,65.0,46.39,1,0,5,1.7,0.0
S107603,88.91,65.33,70.61,38.1,4,0,4,8.03,72.59
S107604,53.08,54.84,89.63,56.69,3,1,4,3.48,77.08
S107605,47.7,29.16,49.41,88.81,2,4,3,1.14,51.71
S107606,58.47,65.58,33.76,16.02,5,0,4,4.51,77.76
S107607,64.38,50.86,79.53,76.51,6,2,2,4.54,36.56
S107608,77.9,58.53,50.32,83.64,3,0,6,4.33,66.05
S107609,49.6,18.25,99.34,86.45,1,1,6,3.6,56.36
S107610,73.73,41.6,90.27,38.31,2,3,5,2.83,35.24
S107611,30.48,76.6,57.42,28.63,3,0,5,3.35,34.77
S107612,72.15,78.36,68.24,74.1,2,2,7,2.67,86.41
S107613,93.08,42.43,54.9,67.73,2,1,4,3.56,71.38
S107614,55.77,34.08,42.95,30.92,0,0,3,6.24,51.26
S107615,72.67,17.26,72.78,68.07,3,3,4,2.31,1.37
S107616,30.11,33.1,73.49,66.02,5,0,4,8.09,27.32
S107617,55.41,76.92,49.97,71.33,0,2,4,5.39,27.12
S107618,48.88,90.47,80.48,53.78,6,1,5,6.8,50.42
S107619,,86.09,84.4,69.11,2,1,4,4.46,45.28
S107620,24.32,71.09,54.2,65.22,1,0,5,10.0,42.64
S107621,49.63,60.52,54.55,9.35,1,1,7,6.5,49.85
S107622,51.76,69.68,36.62,28.42,2,2,6,5.21,19.46
S107623,79.89,49.1,48.47,62.86,0,1,2,5.29,52.63
S107624,70.27,56.16,57.32,47.51,3,1,5,4.66,65.22
S107625,39.32,20.49,49.8,63.08,2,1,6,4.88,62.41
S107626,39.28,60.38,63.92,88.28,0,0,6,2.42,61.68
S107627,72.15,85.53,47.71,56.43,1,1,4,7.24,42.13
S107628,,55.02,30.43,68.17,1,0,4,3.83,77.87
S107629,54.64,59.51,63.3,48.16,5,1,2,5.5,69.09
S107630,51.12,53.37,86.71,65.39,0,0,6,4.64,28.17
S107631,69.71,64.12,38.05,33.63,1,2,7,6.03,34.33
S107632,82.79,14.32,56.79,53.16,3,0,4,3.28,54.18
S107633,64.3,50.99,69.38,83.86,3,0,5,5.59,26.18
S107634,57.54,83.03,76.74,51.68,3,0,8,8.35,61.5
S107635,43.08,59.79,52.87,43.17,4,0,5,5.26,45.84
S107636,37.4,77.56,41.53,43.22,0,1,5,7.25,71.18
S107637,68.81,64.27,63.82,33.33,3,1,6,10.0,27.41
S107638,38.38,36.29,69.26,33.66,3,0,4,5.22,41.45
S107639,48.4,79.87,79.28,75.27,1,2,4,2.83,9.84
S107640,28.09,50.03,50.32,73.44,1,0,4,2.8,43.72
S107641,70.74,59.24,74.37,37.97,2,0,2,3.31,42.08
S107642,25.82,44.4,34.39,68.63,1,0,4,5.14,63.69
S107643,86.97,49.12,36.24,52.84,5,2,4,7.1,44.99
S107644,70.61,74.61,67.01,37.52,1,1,2,6.07,46.82
S107645,46.1,74.46,36.75,,3,0,4,7.64,35.42
S107646,22.81,60.09,50.9,29.59,0,3,2,2.6,67.19
S107647,37.81,44.69,47.39,51.6,1,1,3,4.65,100.0
S107648,42.11,35.35,52.79,72.7,1,0,1,6.91,52.1
S107649,98.07,57.27,60.81,66.76,1,1,5,4.04,68.86
S107650,88.45,38.28,66.64,60.53,2,2,4,5.83,28.45
S107651,61.82,72.67,49.22,72.23,3,0,5,6.88,66.94
S107652,44.14,48.49,47.18,87.84,1,1,3,3.89,65.77
S107653,53.84,47.17,63.38,60.48,3,1,7,4.82,51.22
S107654,54.45,61.18,57.67,87.18,6,0,4,7.89,73.77
S107655,64.95,41.04,61.45,50.98,3,0,6,6.48,51.63
S107656,45.92,82.46,86.02,64.59,5,1,5,4.46,47.16
S107657,22.61,97.81,57.14,67.35,6,2,8,3.35,26.85
S107658,56.46,84.68,62.24,,1,0,5,0.84,60.66
S107659,71.01,73.59,77.16,63.27,2,1,5,3.21,69.78
S107660,56.8,22.89,51.65,47.93,2,1,2,3.56,58.18
S107661,81.06,88.63,26.36,83.02,4,1,0,8.12,19.93
S107662,15.2,63.33,75.21,58.28,0,1,1,5.99,33.77
S107663,53.6,49.22,77.35,44.13,2,1,1,4.52,58.35
S107664,63.47,59.05,65.8,71.87,3,0,1,9.47,35.07
S107665,31.28,39.13,82.67,61.9,1,4,1,7.1,58.28
S107666,39.1,45.49,57.25,56.76,1,0,4,3.6,38.11
S107667,62.31,46.42,69.65,60.31,3,3,6,6.13,64.08
S107668,72.78,72.76,42.67,64.38,3,2,5,5.46,29.74
S107669,56.9 ,67.29,75.01,55.01,4,1,8,7.83,48.79
S107670,67.58,73.5,52.19,78.7,2,0,5,5.33,30.99
S107671,45.03,65.94,46.7,47.81,1,1,4,1.94,33.83
S107672,49.18,60.16,61.68,52.32,2,2,7,6.83,40.69
S107673,18.12,56.67,87.53,47.04,3,3,4,7.54,54.82
S107674,64.48,47.34,66.28,49.83,3,4,3,3.5,41.2
S107675,78.06,43.24,54.79,49.9,2,1,5,5.32,37.73
S107676,49.88,48.26,46.3,,2,0,1,5.95,47.78
S107677,58.72,64.95,46.12,21.4,3,1,1,7.08,18.2
S107678,59.46,65.4,49.96,56.27,0,1,5,6.36,85.64
S107679,48.13,57.21,73.08,57.46,3,2,2,4.4,50.55
S107680,86.03,43.93,70.34,41.7,0,1,4,4.54,52.83
S107681,32.64,72.84,56.16,56.37,3,0,3,4.05,70.39
S107682,83.33,51.15,61.77,63.07,3,0,6,5.16,64.6
S107683,42.61,62.16,41.87,56.09,2,1,3,6.38,79.11
S107684,54.07,55.05,46.35,95.76,3,0,2,4.11,57.83
S107685,47.88,80.91,47.38,46.21,4,1,6,5.75,37.68
S107686,77.88,61.17,71.6,66.65,3,2,6,5.31,35.52
S107687,66.56,67.65,54.23,46.11,5,3,2,6.65,28.59
S107688,68.18,44.02,65.84,49.63,3,0,7,10.0,51.27
S107689,54.72,87.29,73.53,44.62,3,0,5,6.07,47.56
S107690,0.0,83.39,49.84,64.04,2,1,1,8.16,35.33
S107691,34.2,70.32,29.72,56.03,2,0,2,3.64,44.66
S107692,63.37,66.79,70.02,15.02,1,0,6,7.11,17.83
S107693,16.03,78.69,64.26,37.75,4,3,5,5.93,36.16
S107694,47.08,64.67,72.58,30.17,6,4,6,6.61,80.6
S107695,45.21,61.34,47.84,56.27,2,0,8,0.0,56.69
S107696,20.62,74.46,73.06,31.93,3,1,6,4.94,44.97
S107697,83.17,65.36,39.23,87.11,2,0,7,9.51,94.86
S107698,87.46,28.84,72.38,85.28,3,1,2,4.43,51.81
S107699,57.15,53.95,59.33,54.74,2,0,5,4.14,66.61
S107700,67.9,84.12,69.35,35.97,1,2,4,8.68,61.18
S107701,26.2,56.31,70.52,89.37,2,0,2,4.27,54.68
S107702,,59.15,72.06,44.51,6,0,2,5.84,76.88
S107703,53.46,52.63,61.51,71.76,3,1,5,1.81,100.0
S107704,42.11,48.39,66.45,37.03,3,0,7,5.02,52.08
S107705,36.9,78.48,53.94,57.23,2,0,5,6.25,33.43
S107706,60.19,92.22,42.55,58.96,2,0,0,8.71,67.38
S107707,72.66,69.83,67.34,62.93,0,0,2,4.88,65.39
S107708,24.49,66.51,58.95,46.63,5,1,3,10.0,36.93
S107709,37.58,43.77,53.7,81.23,2,2,9,6.55,41.14
S107710,78.27,81.14,70.06,46.34,1,1,1,1.99,37.75
S107711,55.2 ,72.62,54.34,40.53,1,0,8,1.75,42.91
S107712,75.75,50.33,60.02,67.72,5,0,9,1.13,82.09
S107713,81.62,50.94,51.67,62.22,2,2,4,1.4,3.76
S107714,48.03,70.54,44.36,66.68,2,1,5,0.73,43.97
S107715,43.04,87.05,66.45,16.97,1,2,6,7.88,95.64
S107716,,79.34,80.83,61.59,0,0,6,4.14,61.64
S107717,85.66,82.89,90.09,84.66,3,1,3,6.44,39.35
S107718,70.5,87.13,74.59,45.41,4,1,4,7.14,40.74
S107719,,73.03,64.68,47.05,1,0,6,6.79,49.63
S107720,53.09,48.06,42.9,66.47,2,1,1,10.0,44.51
S107721,66.13,56.42,50.98,49.17,4,1,5,2.24,5.56
S107722,42.59,63.21,74.65,61.31,5,0,5,6.58,75.98
S107723,60.77,59.69,79.64,29.32,3,1,7,2.56,30.71
S107724,49.15,46.32,48.19,48.78,2,3,5,3.64,28.04
S107725,53.0 ,51.05,75.84,45.21,1,1,4,2.64,34.41
S107726,67.69,65.88,66.99,78.81,4,0,3,6.66,72.79
S107727,31.72,66.95,42.73,72.78,2,1,1,3.76,66.02
S107728,34.89,39.2,56.77,11.29,3,2,0,8.75,60.12
S107729,88.53,33.19,53.74,32.48,1,0,4,2.58,59.5
S107730,61.56,56.01,54.41,77.8,4,1,6,6.18,25.02
S107731,59.35,39.44,40.03,50.38,1,2,1,3.04,13.88
S107732,47.94,57.05,55.79,92.8,1,0,7,0.0,43.87
S107733,15.12,75.25,58.54,60.44,1,2,4,0.85,59.68
S107734,68.78,39.24,60.69,44.68,2,0,3,7.48,72.34
S107735,42.83,55.82,54.59,32.7,1,2,3,3.1,19.62
S107736,64.03,43.87,50.64,26.6,4,2,3,1.47,61.96
S107737,56.51,61.92,65.72,44.63,2,1,7,4.72,13.45
S107738,31.54,41.01,68.59,77.51,3,0,1,3.79,28.47
S107739,93.32,26.33,51.18,50.17,5,1,4,10.0,43.21
S107740,73.11,71.86,43.19,,1,3,4,6.84,46.18
S107741,59.89,80.18,34.8,51.6,1,0,7,7.1,37.38
S107742,46.47,42.17,82.81,80.83,2,1,6,5.52,39.64
S107743,47.1,70.46,45.91,63.07,4,0,7,5.0,62.89
S107744,61.72,28.94,89.78,48.15,6,1,2,8.53,49.73
S107745,27.8,63.31,75.82,88.7,6,0,3,0.0,33.93
S107746,69.32,77.98,36.27,76.36,1,0,1,2.22,90.48
S107747,41.67,69.81,37.27,26.21,4,0,4,5.51,44.44
S107748,82.95,23.96,11.86,57.08,4,0,7,3.56,55.87
S107749,56.94,75.89,39.03,76.08,3,1,5,1.89,76.43
S107750,50.84,65.06,68.34,,2,0,6,3.65,59.03
S107751,30.77,68.37,51.14,59.63,4,0,4,1.3,54.05
S107752,56.48,66.54,60.62,54.91,4,0,2,6.65,51.17
S107753,94.62,57.57,62.81,33.08,2,2,4,7.03,52.85
S107754,61.81,29.52,72.4,39.03,2,0,3,4.79,19.43
S107755,62.92,61.59,48.88,76.66,1,0,6,9.1,49.8
S107756,39.86,60.18,55.53,47.16,3,1,4,3.02,40.27
S107757,61.64,32.91,46.62,67.1,4,1,4,2.1,89.62
S107758,72.96,66.25,46.67,97.65,4,1,5,3.14,13.76
S107759,45.67,67.55,77.04,63.59,1,3,1,7.78,40.55
S107760,54.92,78.17,38.68,100.0,1,1,5,6.91,59.55
S107761,36.06,27.77,53.98,32.3,4,1,5,6.78,30.89
S107762,44.06,13.95,26.26,37.54,3,2,4,8.28,31.66
S107763,75.03,57.32,89.24,38.51,3,0,2,6.1,55.93
S107764,43.83,49.13,71.26,61.62,2,2,1,5.37,49.36
S107765,63.72,96.41,68.13,69.48,7,0,2,3.4,84.94
S107766,34.44,69.31,60.17,33.13,2,0,3,5.33,74.98
S107767,66.16,35.9,50.5,82.99,1,1,3,7.04,77.06
S107768,37.05,55.33,49.01,75.96,4,0,4,9.12,13.31
S107769,43.6,56.22,63.59,89.58,1,0,5,0.0,39.96
S107770,94.45,81.63,70.87,59.83,2,0,6,9.61,39.05
S107771,66.15,63.68,83.46,41.15,0,0,1,0.0,48.91
S107772,42.53,63.88,67.59,0.0,3,0,2,7.23,51.42
S107773,51.48,84.36,60.18,66.42,3,0,2,5.62,58.09
S107774,58.62,51.25,59.69,45.25,2,0,5,5.54,56.2
S107775,32.86,91.17,67.28,74.08,4,1,3,4.95,40.33
S107776,55.22,42.53,75.51,85.56,5,2,4,4.54,30.16
S107777,31.35,53.63,56.31,31.6,1,0,3,6.86,52.55
S107778,36.48,62.73,48.57,100.0,4,0,10,3.27,26.51
S107779,31.81,63.63,74.33,68.51,1,1,5,8.4,40.26
S107780,58.38,83.39,56.16,35.11,2,1,4,7.02,59.54
S107781,60.57,54.42,79.74,28.25,3,1,2,7.01,67.87
S107782,61.41,60.3,52.67,57.4,1,1,5,5.02,52.96
S107783,75.32,51.95,47.6,,3,0,1,6.92,18.31
S107784,60.73,87.98,87.61,38.83,1,3,3,6.97,52.89
S107785,85.36,31.14,59.0,27.8,3,0,6,5.65,17.71
S107786,33.33,84.24,66.29,62.54,1,0,2,7.04,68.98
S107787,66.71,71.29,88.05,60.07,5,1,3,10.0,34.61
S107788,,61.05,85.07,,8,1,6,3.18,46.44
S107789,42.47,66.33,42.42,68.8,4,1,7,4.88,67.11
S107790,46.48,54.82,65.06,65.52,3,1,8,5.16,56.45
S107791,73.09,60.52,51.92,73.22,5,0,8,6.21,98.55
S107792,32.46,51.73,75.24,52.09,4,3,4,5.62,7.59
S107793,58.59,58.81,51.39,41.57,3,0,3,3.76,51.3
S107794,91.81,63.17,42.31,8.32,1,0,4,4.69,10.81
S107795,63.1,36.14,74.13,53.22,1,0,0,8.15,65.32
S107796,72.77,91.07,82.45,80.98,3,0,7,5.32,56.44
S107797,,51.29,75.8,75.89,3,1,8,4.22,34.63
S107798,47.17,57.98,59.75,76.25,7,0,8,3.58,72.76
S107799,68.82,37.78,38.34,74.49,3,2,6,6.96,46.53
S107800,32.06,47.09,48.82,75.04,3,1,5,3.12,40.53
S107801,34.51,79.61,65.4,77.43,0,2,9,5.51,32.69
S107802,77.43,35.38,40.81,75.8,2,0,2,7.02,51.3
S107803,64.79,71.23,55.78,69.5,2,2,4,6.59,69.83
S107804,49.23,65.0,73.9,57.14,4,1,6,10.0,52.56
S107805,59.99,34.49,74.43,,3,0,4,2.37,67.71
S107806,37.8 ,63.15,57.7,44.25,0,1,2,10.0,40.13
S107807,43.9,43.31,59.75,63.63,3,2,3,3.78,11.3
S107808,50.11,48.11,50.25,83.51,3,0,2,4.2,64.01
S107809,87.18,59.47,65.76,60.58,3,1,4,4.82,59.0
S107810,74.7,57.08,54.08,63.43,1,1,6,2.2,47.52
S107811,29.99,57.59,35.86,29.9,6,2,5,7.32,23.98
S107812,67.05,59.29,52.59,76.19,0,0,5,7.16,41.88
S107813,44.6,46.54,62.4,59.62,2,0,3,7.23,33.59
S107814,67.19,51.09,43.59,47.69,3,3,1,3.96,66.05
S107815,52.97,65.95,60.25,48.74,5,0,3,5.71,91.85
S107816,61.59,72.85,81.97,40.55,3,0,7,3.74,65.19
S107817,46.4,100.0,51.49,56.14,4,1,2,4.54,16.71
S107818,47.69,57.76,51.45,14.34,2,0,3,4.24,43.01
S107819,49.8,33.4,64.75,51.74,1,0,3,8.12,49.6
S107820,57.25,62.76,48.57,66.26,0,1,2,1.8,37.76
S107821,43.21,91.21,85.19,51.56,4,0,5,6.64,22.12
S107822,58.25,45.3,61.99,54.27,4,1,7,4.81,6.79
S107823,33.25,68.35,73.37,54.07,3,0,2,5.5,44.86
S107824,1.42,72.03,55.18,71.44,5,2,2,2.6,65.21
S107825,54.65,93.71,65.38,61.85,4,0,3,10.0,63.07
S107826,78.71,76.66,57.52,63.34,5,0,4,5.78,47.96
S107827,50.98,51.18,52.73,25.82,4,0,6,8.46,76.35
S107828,4.26,54.79,90.62,87.19,1,0,4,8.46,35.83
S107829,38.68,55.23,59.46,41.36,1,3,3,6.32,44.59
S107830,33.59,44.52,55.34,76.92,2,1,4,9.04,93.33
S107831,53.91,68.24,64.3,63.7,2,0,5,8.35,96.61
S107832,57.07,84.48,67.89,67.53,3,0,5,4.57,38.12
S107833,53.58,38.01,57.28,83.03,2,0,3,0.67,59.32
S107834,100.0,43.6,45.66,88.41,4,0,6,7.77,45.08
S107835,65.28,59.42,67.44,30.12,2,0,5,6.74,67.42
S107836,49.91,70.4,59.41,52.36,4,0,4,6.47,58.62
S107837,43.55,44.53,76.92,85.72,2,2,5,6.53,90.98
S107838,34.84,59.96,45.15,,0,0,3,6.98,67.22
S107839,65.74,90.97,43.62,48.62,2,2,7,8.68,54.28
S107840,72.58,69.72,65.04,50.81,2,0,6,1.84,40.6
S107841,43.48,21.9,69.92,67.55,3,0,5,3.39,52.47
S107842,62.51,76.51,55.2,59.66,4,1,5,10.0,36.8
S107843,42.52,28.26,48.11,89.52,2,0,5,4.68,34.11
S107844,79.79,62.0,58.32,50.52,6,1,3,3.27,40.51
S107845,75.97,100.0,57.08,62.18,3,1,3,7.38,69.92
S107846,41.4,53.74,64.68,40.98,0,3,1,6.46,29.74
S107847,34.3,60.9,68.9,29.92,2,1,3,5.52,44.15
S107848,40.87,74.5,17.75,50.08,1,0,4,8.12,31.06
S107849,44.75,82.97,39.74,71.41,2,1,5,2.36,81.59
S107850,49.57,53.16,50.17,42.46,10,0,2,8.88,72.47
S107851,15.25,73.31,58.69,66.34,0,0,0,3.92,62.39
S107852,65.08,30.98,54.7,51.36,1,0,1,4.8,46.43
S107853,71.92,41.24,30.24,38.81,2,1,1,4.41,53.15
S107854,21.95,29.35,41.07,68.92,5,1,6,5.9,59.96
S107855,41.74,94.63,69.84,57.03,5,0,3,5.94,64.89
S107856,63.32,35.46,60.46,86.52,2,0,4,2.62,57.12
S107857,25.31,59.8,52.9,71.11,2,4,2,4.26,57.4
S107858,0.9 ,72.94,42.49,73.12,4,1,5,3.5,63.96
S107859,47.25,55.27,25.21,56.12,1,2,7,3.87,31.51
S107860,90.56,57.89,55.47,69.18,4,0,4,10.0,58.41
S107861,65.22,68.64,84.38,34.69,3,0,2,4.22,43.78
S107862,47.5,57.66,53.54,55.81,3,1,2,4.88,45.33
S107863,23.59,86.26,42.57,72.34,3,2,1,4.88,61.01
S107864,72.38,47.91,41.41,49.98,4,1,5,6.06,54.55
S107865,28.87,40.36,75.07,71.06,6,1,5,9.87,14.28
S107866,49.78,70.8,69.02,25.51,6,1,3,9.92,56.15
S107867,42.11,51.12,59.18,59.14,6,0,3,2.71,52.85
S107868,53.09,53.8,63.42,63.53,2,0,7,8.18,50.23
S107869,72.0 ,53.47,61.25,71.86,4,1,5,7.13,49.16
S107870,77.19,79.88,69.33,55.47,2,0,1,6.0,61.18
S107871,51.94,88.5,67.09,31.28,2,1,8,7.81,39.23
S107872,51.6,51.58,63.63,56.55,2,1,3,4.38,61.4
S107873,50.78,81.31,34.72,36.69,4,1,4,2.82,14.01
S107874,53.6 ,43.74,50.64,58.35,6,2,7,4.01,32.18
S107875,88.3,96.04,27.89,28.74,2,1,1,8.75,42.39
S107876,46.23,59.87,51.55,1.66,3,0,4,5.96,47.97
S107877,53.45,51.51,61.15,47.17,2,2,7,3.12,22.15
S107878,72.67,99.2,53.94,95.86,3,1,5,2.56,23.92
S107879,96.54,75.75,63.7,51.32,2,0,4,2.98,82.01
S107880,60.23,28.6,74.34,69.5,1,3,4,9.02,37.31
S107881,9.13,42.09,55.15,50.4,2,0,4,4.58,31.73
S107882,56.86,43.47,48.05,82.96,2,1,3,7.97,51.78
S107883,13.05,24.8,71.72,72.4,0,2,3,4.31,84.33
S107884,44.28,27.72,51.01,49.18,1,3,5,2.06,54.16
S107885,46.4,57.72,78.95,38.56,1,3,3,5.32,61.58
S107886,71.95,85.82,40.16,43.68,1,1,2,1.47,25.59
S107887,83.3 ,63.91,55.93,57.53,4,1,5,4.6,27.21
S107888,67.46,70.37,54.9,55.45,0,0,3,4.02,62.5
S107889,61.66,59.17,90.28,59.61,1,0,7,8.71,43.36
S107890,69.64,37.9,56.23,81.42,2,2,6,4.48,44.67
S107891,18.4 ,76.67,52.42,19.78,1,0,6,6.73,39.85
S107892,80.02,79.88,56.07,26.82,1,1,4,7.76,39.66
S107893,57.39,58.64,58.7,72.47,3,1,5,4.48,51.05
S107894,68.19,58.63,44.32,36.1,2,1,4,6.25,41.47
S107895,41.22,75.11,46.67,38.79,3,0,3,2.35,80.75
S107896,33.55,42.72,54.41,83.78,3,1,9,3.47,57.16
S107897,53.15,64.62,81.55,65.46,3,0,4,5.76,37.78
S107898,47.14,86.47,64.47,100.0,4,0,7,3.31,66.74
S107899,36.41,56.95,51.59,51.27,4,2,4,2.37,42.58
S107900,12.73,52.44,55.32,100.0,1,1,2,2.6,61.12
S107901,48.3,52.11,60.95,43.73,2,0,6,7.99,50.91
S107902,39.8 ,23.32,51.97,73.49,2,0,7,10.0,69.07
S107903,82.45,73.5,65.2,57.96,2,1,6,5.64,58.74
S107904,59.2,44.57,48.02,76.59,2,1,4,5.46,64.12
S107905,76.49,54.0,58.89,48.87,0,0,5,8.76,54.56
S107906,67.2,30.18,51.85,55.33,7,1,3,10.0,69.39
S107907,47.02,84.85,47.83,61.78,3,1,4,2.12,41.99
S107908,81.31,56.72,50.84,44.99,1,1,5,6.36,81.15
S107909,62.57,37.0,47.68,3.2,4,0,1,2.87,60.88
S107910,67.2,32.66,65.55,61.83,2,2,3,4.31,45.72
S107911,72.34,46.42,55.24,66.78,4,3,5,4.68,49.69
S107912,63.37,71.25,37.49,65.76,2,0,2,4.46,52.72
S107913,60.57,73.31,37.4,39.75,3,1,3,7.09,53.85
S107914,45.58,39.77,28.09,47.06,1,0,1,6.59,60.86
S107915,40.55,69.49,41.55,26.21,2,3,4,10.0,46.32
S107916,46.51,51.49,52.92,21.79,0,3,3,7.68,42.65
S107917,60.1,59.92,58.47,34.62,0,0,7,9.14,30.65
S107918,79.02,40.37,70.73,16.86,3,0,4,4.81,33.09
S107919,48.49,58.14,55.01,31.81,5,0,4,5.29,41.41
S107920,46.02,57.18,75.39,39.34,2,1,7,6.38,48.31
S107921,47.67,39.35,47.68,45.64,3,0,4,0.54,32.3
S107922,29.35,64.21,71.25,81.91,1,0,5,3.74,20.68
S107923,44.7,61.41,54.68,55.01,3,1,5,6.01,59.59
S107924,61.13,78.43,54.4,44.02,1,0,1,5.07,47.62
S107925,37.96,50.07,51.6,64.12,1,0,5,2.35,0.0
S107926,52.2 ,90.4,54.94,73.33,2,0,6,7.01,30.81
S107927,74.63,100.0,53.65,68.03,4,1,3,3.95,46.63
S107928,65.4,83.13,63.08,54.93,0,0,5,7.4,75.27
S107929,61.08,52.73,77.21,63.14,4,0,7,5.02,35.87
S107930,57.59,38.14,100.0,45.03,4,1,6,5.13,55.7
S107931,47.36,42.1,46.41,69.25,3,1,7,4.25,46.55
S107932,61.68,57.12,50.2,58.88,2,1,4,0.36,55.73
S107933,41.57,37.2,56.11,60.8,3,2,7,5.76,24.61
S107934,87.56,52.41,92.24,41.78,3,1,7,2.43,76.32
S107935,57.3,39.68,58.44,52.72,2,0,8,10.0,29.55
S107936,72.29,62.3,66.77,74.81,4,0,4,5.34,55.64
S107937,34.65,61.37,32.62,63.19,4,0,1,7.38,24.93
S107938,57.75,53.91,86.94,78.35,5,1,1,5.11,33.08
S107939,64.58,93.21,78.57,65.0,3,0,3,0.58,20.33
S107940,61.64,63.28,57.82,33.0,3,0,10,7.87,45.84
S107941,61.14,40.68,61.53,36.01,1,1,6,8.2,31.69
S107942,65.57,47.26,63.66,65.34,3,0,4,6.09,50.98
S107943,48.11,68.37,27.63,74.83,3,1,4,4.43,46.78
S107944,22.25,68.41,39.48,43.57,2,0,4,7.42,35.27
S107945,49.79,62.24,77.82,43.15,3,1,4,4.15,53.93
S107946,25.46,83.84,64.82,,1,0,3,5.29,54.4
S107947,40.72,86.6,54.68,66.03,3,0,5,7.48,27.88
S107948,40.71,59.65,44.35,35.89,2,0,5,7.73,67.85
S107949,64.61,64.85,74.42,88.64,4,1,8,8.34,38.55
S107950,37.34,91.48,49.17,73.01,2,1,4,5.92,63.18
S107951,72.9,48.48,46.14,,5,1,4,2.45,53.54
S107952,65.06,59.34,55.28,51.44,2,0,7,3.73,50.93
S107953,50.52,64.32,67.12,79.0,3,1,1,6.38,20.05
S107954,48.2,41.36,59.34,53.57,0,0,2,4.87,39.95
S107955,83.31,94.18,60.29,52.82,4,0,5,2.35,31.16
S107956,66.78,79.77,56.12,26.53,4,0,5,4.98,71.76
S107957,55.44,57.2,65.06,48.64,3,0,4,9.56,20.64
S107958,40.99,60.98,80.32,57.32,5,0,2,2.18,58.67
S107959,80.79,64.52,81.93,49.76,1,1,5,4.06,62.97
S107960,54.71,42.89,85.09,54.4,5,2,6,4.48,37.92
S107961,58.3,45.54,71.01,70.86,2,1,2,3.47,52.19
S107962,69.31,60.43,44.15,50.03,3,1,3,3.18,28.4
S107963,61.39,72.72,41.53,63.05,5,1,6,7.71,50.49
S107964,48.23,44.86,71.95,47.52,5,0,7,9.63,69.56
S107965,51.51,60.15,43.82,78.9,2,1,6,7.85,43.44
S107966,65.44,80.51,65.94,62.33,1,0,4,4.4,68.2
S107967,73.81,67.07,58.47,40.09,1,0,3,9.16,87.0
S107968,65.49,46.71,58.33,27.64,4,3,2,3.24,70.35
S107969,,52.12,48.44,86.03,2,0,6,4.36,66.16
S107970,62.92,45.32,66.34,86.1,6,1,3,1.15,55.12
S107971,39.69,50.81,66.45,25.82,0,0,3,3.37,9.93
S107972,73.05,74.22,39.56,71.51,2,3,8,5.17,65.77
S107973,75.2 ,79.11,33.4,88.38,4,1,3,3.85,50.36
S107974,29.35,42.22,56.03,66.98,4,1,3,7.03,77.52
S107975,60.52,31.91,66.04,25.39,4,2,5,9.8,32.51
S107976,59.01,59.54,46.79,36.63,6,0,3,5.58,18.18
S107977,73.46,67.58,49.29,25.16,4,1,0,2.29,46.74
S107978,70.88,89.61,72.33,62.92,3,1,3,6.26,19.53
S107979,54.29,32.83,30.85,63.52,4,0,3,4.41,56.44
S107980,29.45,56.29,72.21,43.09,1,1,2,2.17,64.24
S107981,45.4,31.18,48.7,54.06,2,0,5,3.57,28.79
S107982,69.67,33.85,45.5,36.33,2,0,4,5.05,91.43
S107983,45.94,58.97,62.52,53.19,3,0,4,9.96,52.87
S107984,30.02,61.22,53.92,62.51,2,1,4,8.54,60.34
S107985,58.1,84.22,64.81,61.41,2,1,4,5.4,29.41
S107986,33.09,45.74,62.47,35.41,5,1,6,4.46,45.69
S107987,75.32,56.07,28.66,55.89,7,1,2,8.08,35.59
S107988,64.44,100.0,66.77,36.96,3,0,7,7.3,58.78
S107989,79.18,52.64,35.35,62.5,1,1,3,4.72,51.48
S107990,84.64,60.89,50.04,67.09,2,0,4,8.56,40.86
S107991,65.0,57.8,72.01,46.5,2,0,4,7.75,41.56
S107992,63.27,50.31,76.33,57.12,2,2,4,1.92,34.53
S107993,44.48,59.67,87.36,47.01,2,1,7,6.38,42.28
S107994,44.94,51.43,58.04,70.33,0,0,4,6.59,72.22
S107995,47.11,72.16,73.65,77.25,1,1,3,6.88,31.38
S107996,45.44,52.51,44.22,45.92,4,0,2,0.0,12.32
S107997,47.75,62.63,32.81,51.57,3,1,2,4.62,42.91
S107998,82.2,69.48,52.55,63.99,4,0,6,6.07,75.02
S107999,55.1,100.0,71.9,56.82,2,0,3,10.0,7.99
S108000,37.0,42.99,29.42,51.11,0,2,1,1.57,67.5
S108001,35.81,79.4,51.95,25.13,2,2,7,6.51,46.31
S108002,19.03,68.17,62.76,65.7,4,1,7,6.51,64.5
S108003,57.0,81.97,86.93,65.37,1,0,3,9.48,76.52
S108004,60.19,77.83,61.54,52.07,6,0,6,5.25,60.34
S108005,53.49,60.78,62.65,38.21,3,2,2,5.44,60.84
S108006,71.23,87.97,62.97,,4,0,3,1.52,67.81
S108007,72.68,60.23,44.78,47.52,5,1,6,10.0,36.7
S108008,83.0,58.53,55.81,47.38,3,0,2,9.09,57.02
S108009,20.78,60.83,72.24,45.45,1,1,3,7.15,26.43
S108010,45.77,59.5,68.99,44.77,2,0,7,0.0,63.78
S108011,50.47,75.53,69.91,61.19,2,1,2,3.1,23.23
S108012,61.1,49.08,80.91,29.8,3,0,5,4.59,67.32
S108013,43.67,61.44,53.81,61.12,2,2,8,3.35,42.12
S108014,64.09,92.75,83.41,63.43,3,0,5,5.56,31.91
S108015,49.49,66.38,55.27,47.39,3,0,3,2.43,54.68
S108016,45.71,64.75,78.68,47.98,2,0,3,4.88,75.76
S108017,51.32,56.4,54.08,53.23,3,1,6,7.27,48.22
S108018,72.85,42.4,39.46,48.91,4,0,3,9.32,12.79
S108019,46.48,36.7,32.04,77.61,4,1,3,1.22,41.46
S108020,65.36,39.85,63.96,65.35,2,0,3,8.74,29.48
S108021,61.44,77.07,3.44,68.5,1,3,6,2.17,57.81
S108022,45.93,46.08,59.89,47.74,4,0,3,2.46,20.07
S108023,63.7,76.8,42.13,80.67,6,0,3,3.76,16.49
S108024,47.8 ,37.02,63.45,48.38,0,1,4,5.91,49.6
S108025,70.0,50.74,80.26,28.25,3,0,4,0.0,51.35
S108026,73.08,83.11,48.49,58.97,4,2,2,6.58,37.2
S108027,64.6,77.4,40.31,70.87,2,0,5,6.97,60.99
S108028,17.5,45.59,44.23,47.06,2,0,4,6.58,63.17
S108029,49.92,61.25,77.38,88.02,2,1,7,8.46,58.94
S108030,75.41,62.57,75.82,49.04,4,1,4,3.86,75.71
S108031,,51.82,58.91,66.95,4,3,6,9.39,58.86
S108032,52.67,61.32,8.59,47.71,4,0,6,5.12,14.26
S108033,55.02,82.62,27.99,23.86,3,1,1,8.32,60.15
S108034,50.62,48.15,63.27,48.9,1,1,4,5.9,26.9
S108035,46.61,84.69,56.63,37.3,1,0,3,7.03,48.75
S108036,63.75,87.53,61.3,48.48,4,1,3,6.18,35.62
S108037,60.83,76.76,16.1,74.12,8,0,2,2.01,35.75
S108038,21.59,77.09,43.99,40.29,3,0,4,2.04,76.61
S108039,64.11,37.87,49.08,61.89,0,0,4,5.41,42.01
S108040,50.17,49.23,87.55,51.81,1,0,7,5.84,63.53
S108041,45.46,34.66,53.49,42.73,1,0,2,3.43,68.46
S108042,35.46,74.11,49.91,45.13,5,1,7,0.49,63.8
S108043,18.57,86.32,34.27,47.04,2,1,6,1.2,30.88
S108044,30.88,58.68,58.19,17.08,4,0,3,4.33,90.13
S108045,100.0,72.65,80.66,62.23,2,2,6,0.96,37.78
S108046,32.77,71.63,63.01,43.53,3,1,8,2.2,41.38
S108047,19.15,61.89,15.88,38.89,4,0,7,5.82,47.53
S108048,38.02,60.78,45.87,18.58,9,0,5,7.95,43.16
S108049,49.37,89.9,98.78,35.37,3,2,7,7.79,54.1
S108050,58.92,57.79,51.17,68.95,2,0,4,0.59,34.38
S108051,44.2,69.61,83.23,67.47,3,0,1,10.0,52.87
S108052,66.25,57.64,51.65,43.08,2,0,5,6.49,34.06
S108053,53.1,63.11,48.97,35.81,4,0,5,7.85,54.52
S108054,86.09,100.0,67.36,47.79,5,1,1,3.92,16.34
S108055,62.23,77.85,54.22,55.58,3,0,6,4.79,36.56
S108056,67.45,62.81,60.82,21.91,2,1,7,7.03,42.35
S108057,80.86,60.73,44.22,85.92,6,0,4,8.01,73.43
S108058,62.3,59.04,57.53,41.66,2,0,7,5.2,48.88
S108059,59.03,86.96,59.44,64.1,3,1,4,6.76,41.54
S108060,23.18,55.91,56.56,45.97,3,1,2,10.0,39.91
S108061,63.7,53.67,52.0,49.2,1,3,5,6.07,31.9
S108062,84.26,94.0,88.99,46.28,2,1,5,4.55,38.79
S108063,35.38,74.96,74.59,60.15,2,1,5,4.96,45.71
S108064,49.52,75.98,86.35,65.81,2,1,6,7.35,35.01
S108065,39.93,88.14,37.27,57.4,4,1,0,10.0,46.99
S108066,33.57,71.06,58.8,25.61,3,0,6,7.35,48.79
S108067,89.12,53.35,57.46,66.26,1,1,1,8.15,34.05
S108068,43.66,50.11,62.49,72.57,3,0,3,6.67,55.67
S108069,62.59,47.66,36.31,74.91,2,2,1,3.22,19.48
S108070,96.36,58.56,44.17,35.39,1,2,3,4.97,16.74
S108071,32.63,100.0,61.93,67.73,5,1,4,4.28,46.53
S108072,31.41,68.62,75.74,63.83,2,1,3,8.53,48.45
S108073,40.69,70.1,47.81,85.08,0,0,3,7.54,48.46
S108074,66.73,72.49,64.59,41.56,1,1,4,4.02,54.39
S108075,77.08,40.3,57.39,34.32,3,0,2,4.07,62.43
S108076,48.32,64.54,43.25,46.55,2,0,7,5.29,17.42
S108077,35.52,61.26,52.57,45.73,3,2,8,2.63,41.04
S108078,77.28,74.39,78.68,40.91,3,1,2,6.47,51.23
S108079,53.54,24.45,51.48,39.78,1,1,4,5.24,26.91
S108080,46.99,27.28,86.13,48.59,5,1,4,5.76,36.85
S108081,29.36,53.4,63.45,71.11,1,1,4,6.49,37.1
S108082,34.24,32.59,46.89,61.51,2,1,5,10.0,31.81
S108083,55.04,71.29,57.87,62.89,1,1,6,4.28,76.01
S108084,67.61,100.0,83.53,31.44,1,0,2,5.44,68.91
S108085,51.34,42.62,46.42,68.66,5,0,3,3.01,62.9
S108086,58.03,33.41,39.9,24.73,3,0,3,6.74,58.31
S108087,55.38,66.79,72.08,62.35,1,0,3,5.83,94.54
S108088,56.71,61.83,65.68,51.19,1,0,4,5.07,33.92
S108089,70.39,62.45,48.4,87.47,4,1,3,5.74,1.34
S108090,32.84,77.36,53.27,62.03,4,1,4,5.74,36.15
S108091,60.42,58.66,70.83,62.23,6,1,5,3.86,0.0
S108092,38.67,54.96,58.68,54.79,2,1,9,0.49,79.25
S108093,49.11,60.91,43.46,74.48,4,0,2,9.85,87.93
S108094,55.48,56.55,25.78,46.8,2,1,1,3.59,74.85
S108095,85.49,77.35,46.93,64.86,4,0,5,10.0,60.69
S108096,33.63,50.51,68.03,85.16,3,2,1,4.87,64.68
S108097,91.15,93.59,36.14,75.77,4,1,2,7.22,24.53
S108098,35.58,58.09,72.68,50.9,3,0,3,3.89,26.87
S108099,67.67,51.65,67.18,40.81,5,0,5,3.49,59.59
S108100,52.17,29.43,77.89,65.7,1,0,1,3.8,32.29
S108101,91.95,68.53,60.07,71.41,2,0,4,3.96,64.07
S108102,53.7,91.53,66.36,54.52,0,2,4,3.65,71.88
S108103,45.97,39.42,23.63,70.7,3,0,6,3.83,64.75
S108104,82.81,54.48,68.92,80.5,1,3,5,6.62,48.15
S108105,58.91,74.22,46.46,43.73,6,2,4,1.54,48.49
S108106,58.7,51.57,51.52,47.22,2,3,9,4.97,36.79
S108107,92.08,22.08,29.41,33.3,0,1,6,8.31,56.2
S108108,36.45,38.52,31.84,53.31,1,2,4,3.33,41.31
S108109,49.78,39.8,49.61,49.04,2,0,3,7.18,55.36
S108110,69.94,55.6,39.57,66.77,4,2,8,8.12,35.76
S108111,58.88,36.06,53.63,52.96,3,1,5,6.15,68.37
S108112,62.77,56.44,87.65,22.65,1,0,5,7.07,48.49
S108113,49.22,34.87,60.2,86.78,2,0,8,6.71,59.46
S108114,19.91,51.98,57.21,45.5,5,1,6,5.08,0.0
S108115,75.92,45.21,70.61,89.44,0,0,1,0.32,1.33
S108116,76.92,49.84,51.04,66.28,3,1,1,2.67,40.53
S108117,61.76,67.65,62.21,40.99,2,0,8,5.74,25.66
S108118,33.1 ,96.24,52.77,,4,1,4,7.8,43.06
S108119,,39.51,36.25,97.24,1,1,4,9.76,64.04
S108120,40.28,54.16,49.8,,5,1,3,7.41,16.58
S108121,45.61,72.56,100.0,36.62,1,0,2,3.74,52.25
S108122,39.43,45.38,52.38,51.25,0,2,4,5.99,63.85
S108123,59.43,75.19,83.15,69.59,1,1,1,7.3,48.91
S108124,71.38,76.07,55.01,7.64,6,1,3,4.36,43.32
S108125,18.75,50.73,41.2,42.53,1,1,2,4.06,47.34
S108126,68.4,56.96,42.68,0.52,2,2,4,6.05,28.75
S108127,32.65,66.57,54.7,75.82,4,0,5,4.71,43.56
S108128,47.11,64.56,36.54,57.2,3,1,9,2.8,49.1
S108129,92.73,54.32,52.36,53.59,1,1,3,4.18,31.9
S108130,64.3,59.62,80.67,48.46,2,1,5,2.9,82.97
S108131,47.34,59.64,72.37,40.31,0,1,3,7.08,22.97
S108132,37.65,64.58,62.43,68.42,4,0,4,7.01,44.44
S108133,56.8,43.79,56.69,57.08,2,0,7,7.01,31.29
S108134,68.11,66.27,71.38,70.6,0,2,3,9.68,53.03
S108135,44.64,63.27,50.59,95.33,2,1,3,3.3,51.61
S108136,63.0 ,78.93,63.64,69.32,4,0,3,4.28,31.49
S108137,49.35,36.0,78.41,64.21,3,2,6,6.71,18.43
S108138,67.48,66.63,52.86,59.5,6,0,3,6.52,31.19
S108139,43.61,83.95,59.14,60.79,1,2,4,4.87,13.47
S108140,100.0,57.44,53.08,53.13,2,1,3,6.03,49.23
S108141,,26.91,30.06,60.17,1,1,7,6.05,65.49
S108142,63.44,51.83,67.89,47.56,3,2,8,5.77,79.72
S108143,88.15,51.31,61.23,64.28,2,3,7,4.57,34.66
S108144,43.86,47.48,55.74,54.93,0,1,1,4.52,36.3
S108145,58.37,75.59,84.93,12.75,2,1,3,5.43,54.14
S108146,54.13,73.91,82.76,34.64,2,1,5,9.35,84.22
S108147,14.48,76.12,73.11,44.3,1,1,5,9.41,73.68
S108148,58.35,53.78,33.67,52.32,2,2,2,0.0,43.21
S108149,63.02,63.11,65.23,36.84,2,2,6,5.95,42.23
S108150,70.21,59.96,84.07,75.56,2,0,4,7.66,40.07
S108151,93.5,54.36,72.92,61.98,4,2,5,5.97,100.0
S108152,57.28,70.03,45.91,60.02,2,1,5,6.22,66.23
S108153,49.88,73.09,51.5,26.03,0,2,7,6.67,30.91
S108154,65.75,64.99,39.13,69.97,6,0,2,8.74,53.82
S108155,66.32,61.87,50.13,46.1,4,0,5,4.24,33.26
S108156,87.55,60.11,59.78,49.73,3,0,6,5.19,76.55
S108157,68.02,63.83,51.68,20.19,0,1,5,4.51,15.56
S108158,54.61,74.59,50.32,,3,1,4,6.04,38.93
S108159,44.57,59.72,46.31,51.41,0,1,5,6.24,30.76
S108160,37.09,83.93,48.57,55.72,4,1,3,5.77,71.99
S108161,19.38,43.86,74.18,60.3,6,2,3,8.36,47.68
S108162,33.98,64.1,76.63,36.5,5,0,1,7.18,73.42
S108163,6.37,65.78,63.55,35.22,3,0,4,4.76,76.37
S108164,74.71,73.65,28.81,62.12,2,2,6,2.89,57.16
S108165,88.33,49.12,81.02,81.9,4,1,5,8.1,39.25
S108166,64.69,63.28,43.42,27.48,4,2,2,4.3,51.05
S108167,47.94,71.78,71.8,77.73,1,0,4,7.92,11.89
S108168,50.45,32.28,61.3,65.81,2,0,5,6.34,77.09
S108169,40.6,59.15,53.15,63.35,5,0,6,3.92,37.93
S108170,96.77,71.17,26.97,55.64,5,2,8,2.14,63.57
S108171,70.54,61.06,67.7,53.06,4,0,3,3.39,51.87
S108172,43.99,60.96,72.59,58.13,5,0,8,2.19,51.78
S108173,87.25,41.75,57.83,78.05,1,1,4,5.58,76.16
S108174,58.56,47.16,41.6,30.33,2,1,1,8.13,70.48
S108175,56.75,44.49,50.44,42.68,3,1,5,4.85,64.73
S108176,32.02,58.47,41.24,53.67,1,0,6,2.64,19.93
S108177,69.3,75.27,54.12,37.83,1,1,2,7.07,66.32
S108178,57.99,54.65,47.67,56.94,2,0,7,3.63,58.28
S108179,61.48,40.69,68.73,55.6,5,0,3,6.67,40.94
S108180,54.18,58.6,44.12,35.06,6,1,8,10.0,47.47
S108181,52.28,28.43,67.8,44.11,2,0,2,5.81,59.85
S108182,21.63,43.3,21.97,57.96,0,1,1,4.23,14.47
S108183,70.19,56.49,55.55,87.66,2,1,5,5.09,41.28
S108184,64.97,85.69,61.65,30.21,0,1,5,2.58,50.78
S108185,69.09,71.48,84.79,75.45,5,0,4,7.84,58.44
S108186,54.12,76.62,66.08,53.79,3,1,1,1.86,65.84
S108187,57.79,51.17,60.33,70.98,3,1,4,5.3,55.57
S108188,43.81,60.19,55.29,63.78,2,2,4,7.47,86.24
S108189,78.38,38.68,55.54,47.24,3,2,4,3.09,65.68
S108190,43.14,59.52,54.14,44.96,2,0,10,2.49,55.97
S108191,52.69,87.7,48.62,60.79,3,1,4,2.66,56.68
S108192,42.79,50.89,58.64,53.85,4,1,1,5.84,8.86
S108193,28.44,45.34,47.17,47.58,0,0,4,4.88,43.28
S108194,63.94,50.94,55.32,30.83,2,1,4,6.79,73.9
S108195,64.18,55.5,71.1,42.31,2,0,8,8.69,55.5
S108196,48.22,65.74,58.88,45.55,3,0,2,5.05,43.1
S108197,38.41,72.24,71.95,36.84,5,0,3,4.69,100.0
S108198,43.53,56.55,47.55,60.94,6,1,4,5.09,51.57
S108199,50.85,68.0,62.17,62.76,3,0,4,7.31,30.38
S108200,66.48,40.48,51.4,28.73,4,1,4,6.67,43.48
S108201,67.8 ,83.03,72.2,73.54,5,0,5,2.18,32.09
S108202,70.44,48.05,39.54,46.37,4,0,2,5.49,29.64
S108203,3.57,60.79,74.29,64.48,1,0,6,3.54,87.22
S108204,48.96,50.07,26.7,7.84,1,1,7,6.86,35.52
S108205,27.04,59.61,66.0,13.96,2,0,3,5.69,27.88
S108206,85.42,62.64,40.58,58.75,1,1,4,3.73,42.26
S108207,82.05,61.92,64.09,49.94,3,0,2,2.71,67.55
S108208,57.85,30.37,62.12,26.43,3,3,7,6.71,82.89
S108209,44.25,28.6,87.09,66.24,4,0,7,4.11,39.21
S108210,45.74,63.19,70.77,65.85,2,0,4,3.65,99.57
S108211,30.08,67.56,65.05,62.26,2,3,3,6.21,77.46
S108212,58.72,56.95,53.29,33.65,4,0,4,2.06,62.54
S108213,31.4,72.85,41.32,17.85,2,0,2,6.11,33.97
S108214,63.93,52.62,56.0,89.83,1,0,4,5.62,24.13
S108215,52.71,72.28,81.03,75.65,1,0,3,7.37,0.0
S108216,55.39,38.28,74.99,47.32,2,1,2,5.79,41.62
S108217,55.43,23.94,52.43,54.86,2,0,6,3.7,65.13
S108218,55.86,48.07,67.64,42.56,2,1,5,1.78,62.37
S108219,19.99,81.22,66.62,42.9,4,1,4,6.19,36.92
S108220,68.99,67.23,49.36,35.1,3,1,5,6.41,40.19
S108221,68.18,35.01,39.53,33.27,1,0,4,1.68,61.49
S108222,68.8 ,42.04,74.54,79.39,5,0,0,3.0,49.34
S108223,36.96,15.57,48.5,66.04,3,0,2,10.0,49.32
S108224,39.68,77.79,65.66,27.36,0,0,2,5.74,51.49
S108225,100.0,30.16,45.49,48.89,2,1,5,0.46,85.11
S108226,57.94,29.49,77.62,34.51,2,3,5,3.45,70.59
S108227,75.95,55.81,83.07,73.99,4,2,3,4.2,95.17
S108228,51.85,62.55,45.0,41.6,2,0,2,9.77,63.56
S108229,71.81,66.74,53.49,71.96,3,0,6,6.79,75.16
S108230,65.73,70.24,58.06,62.83,1,0,6,6.33,38.86
S108231,34.11,50.58,34.77,37.87,3,1,3,5.5,46.86
S108232,60.2,16.84,39.0,37.71,2,1,3,6.6,57.71
S108233,28.79,79.87,42.42,42.69,2,0,4,8.87,29.26
S108234,55.21,50.07,47.92,78.46,3,1,5,1.32,77.0
S108235,39.62,39.38,34.42,65.98,5,0,2,0.71,77.61
S108236,59.91,73.55,33.41,72.6,4,2,2,8.89,63.82
S108237,37.88,79.29,64.72,35.64,2,1,4,6.76,85.29
S108238,64.91,50.35,32.37,73.02,5,1,1,6.15,67.38
S108239,44.76,83.47,45.83,76.31,0,1,5,8.4,64.87
S108240,48.91,52.47,49.18,83.65,2,0,4,1.28,29.93
S108241,74.31,96.81,66.88,36.6,1,0,2,7.98,33.41
S108242,55.32,60.66,59.59,78.36,1,3,3,6.77,35.81
S108243,4.99,33.5,37.47,52.0,4,1,6,5.01,55.5
S108244,76.15,52.29,39.0,40.34,1,1,4,6.08,32.41
S108245,50.57,68.83,39.58,38.52,5,0,3,7.66,41.8
S108246,57.55,74.24,76.79,59.41,7,0,6,5.12,33.21
S108247,70.99,82.44,58.12,66.56,0,0,0,3.12,22.95
S108248,77.86,28.07,61.57,75.8,2,2,2,4.03,34.72
S108249,29.3,39.14,66.38,57.3,2,3,0,5.16,27.85
S108250,56.07,62.51,73.02,60.28,2,0,5,2.45,47.25
S108251,58.06,31.9,81.02,42.59,1,0,3,10.0,32.39
S108252,24.9 ,58.93,43.61,40.7,5,3,6,5.79,63.42
S108253,85.39,58.78,59.28,46.4,2,1,2,6.7,56.2
S108254,84.24,65.1,43.38,58.11,2,1,2,4.94,48.73
S108255,72.96,47.68,60.02,45.67,2,2,6,5.53,38.86
S108256,38.49,65.57,52.71,68.82,0,4,2,7.41,48.54
S108257,80.7,95.9,44.21,95.1,2,4,8,6.18,42.47
S108258,81.18,72.62,70.43,60.3,1,1,4,9.74,37.27
S108259,31.9,86.22,50.56,61.97,1,0,2,5.08,29.03
S108260,62.61,57.58,37.14,63.95,3,1,2,3.36,0.0
S108261,,72.72,77.03,44.85,2,2,6,2.86,46.26
S108262,73.68,60.09,75.36,69.46,2,0,3,4.02,45.39
S108263,41.1,43.68,41.91,40.61,1,0,4,5.75,84.26
S108264,78.52,63.02,85.86,62.8,1,0,4,6.88,45.99
S108265,90.24,65.97,98.06,91.23,4,0,5,6.39,73.7
S108266,9.98,50.5,55.7,29.84,1,2,2,7.14,54.9
S108267,57.94,45.95,46.98,26.76,2,2,5,5.27,24.84
S108268,44.07,59.43,54.77,36.6,0,2,2,2.78,40.88
S108269,32.74,68.8,41.76,56.47,2,0,2,4.91,51.23
S108270,84.19,55.42,76.66,51.34,2,0,6,3.19,40.08
S108271,61.26,60.39,50.12,84.6,2,1,3,5.4,58.08
S108272,42.13,61.97,82.7,,2,0,2,10.0,42.24
S108273,27.42,55.13,75.22,38.97,2,0,4,1.98,27.6
S108274,38.09,63.66,56.35,40.02,7,2,3,4.21,83.27
S108275,53.87,54.02,73.71,100.0,6,0,6,6.77,64.53
S108276,39.41,71.51,53.05,25.38,4,1,3,5.45,82.69
S108277,33.79,74.37,61.66,25.22,2,2,5,9.61,31.86
S108278,63.78,21.39,11.42,,0,0,3,5.31,46.88
S108279,56.45,58.8,60.1,49.59,2,1,3,2.36,46.73
S108280,53.26,69.87,45.34,71.86,2,0,4,6.13,23.01
S108281,49.71,57.77,43.27,58.07,3,1,2,8.45,1.54
S108282,42.04,56.74,50.0,71.86,6,0,5,4.19,44.76
S108283,81.87,73.86,48.46,38.86,3,0,2,8.84,15.36
S108284,80.93,73.48,48.19,29.11,1,0,4,6.52,44.57
S108285,83.69,51.33,92.3,47.07,2,0,8,4.72,21.76
S108286,55.57,43.24,60.67,81.42,1,2,2,6.01,55.21
S108287,59.2 ,52.48,61.87,,4,0,5,6.67,65.1
S108288,56.2,35.2,61.11,71.6,2,0,4,8.49,66.03
S108289,55.31,61.93,65.33,49.14,0,4,2,7.56,67.31
S108290,58.89,53.96,72.38,100.0,5,0,6,3.63,41.71
S108291,31.82,53.76,63.72,69.57,3,1,1,10.0,61.86
S108292,89.68,58.86,41.26,79.56,3,2,1,8.83,38.82
S108293,,42.92,34.95,86.32,1,1,2,5.82,25.58
S108294,48.64,52.97,42.8,53.36,3,3,4,2.74,55.66
S108295,45.4,100.0,86.27,83.66,0,1,4,2.81,95.97
S108296,47.31,100.0,52.89,51.27,0,0,5,6.55,51.35
S108297,65.41,44.58,51.87,38.96,5,0,0,5.13,61.52
S108298,75.1,76.51,59.96,67.43,3,0,2,3.41,25.75
S108299,53.23,39.55,61.4,82.16,2,1,4,4.82,36.62
S108300,43.84,59.64,80.81,59.68,3,1,2,5.45,43.75
S108301,37.14,16.74,84.5,49.32,4,1,6,4.94,77.6
S108302,72.6,56.55,33.24,29.5,7,0,5,6.3,89.9
S108303,36.86,58.29,74.31,23.39,2,2,1,6.22,72.24
S108304,83.51,40.18,64.47,51.96,6,3,5,5.87,61.67
S108305,67.45,60.65,65.82,71.86,0,2,3,1.13,53.63
S108306,40.48,76.29,58.61,17.04,0,1,5,5.09,20.14
S108307,52.49,67.85,72.93,37.66,2,1,3,7.43,31.84
S108308,61.45,39.86,68.08,70.19,1,2,8,7.61,20.22
S108309,66.33,41.62,88.26,83.41,7,1,1,5.57,46.32
S108310,81.11,68.52,63.47,61.31,2,1,2,1.27,60.03
S108311,55.12,69.45,47.36,27.28,2,1,3,4.66,55.96
S108312,41.88,23.66,50.51,97.32,1,0,2,4.47,17.16
S108313,66.27,29.19,44.23,52.54,1,2,4,6.58,37.69
S108314,51.55,44.29,55.68,21.3,3,1,3,5.89,48.6
S108315,61.19,69.06,66.78,43.79,4,1,6,6.61,50.05
S108316,72.57,75.34,48.37,45.12,3,0,1,4.84,22.62
S108317,20.35,44.09,51.51,50.29,2,0,5,5.56,0.0
S108318,44.95,64.07,46.05,56.89,0,1,6,4.07,35.27
S108319,25.67,65.24,64.47,46.23,2,0,4,5.59,53.14
S108320,43.78,49.62,54.25,28.64,4,1,1,10.0,29.51
S108321,70.25,42.4,56.27,64.04,1,0,3,8.58,12.05
S108322,45.78,90.01,81.84,47.49,3,0,7,4.32,37.8
S108323,44.68,60.2,51.76,62.15,2,1,4,0.23,62.55
S108324,65.52,62.26,37.93,39.89,2,1,2,4.06,56.45
S108325,36.8,51.52,50.51,66.34,3,0,2,6.0,75.0
S108326,27.9,86.45,70.27,34.94,2,0,6,2.81,3.88
S108327,50.4 ,55.54,43.81,88.44,4,1,6,8.2,45.57
S108328,,53.33,64.6,55.24,3,0,4,4.47,73.11
S108329,48.2,85.33,71.48,70.25,2,0,1,7.65,50.41
S108330,26.81,33.67,26.85,61.1,1,1,3,7.14,25.79
S108331,51.8,96.21,76.33,49.38,1,1,5,10.0,75.48
S108332,47.83,47.89,52.66,34.47,4,0,5,3.45,84.95
S108333,64.6,100.0,50.44,81.85,3,1,4,6.2,36.62
S108334,74.91,94.81,42.62,18.06,2,0,5,2.45,67.41
S108335,97.35,54.8,46.04,51.49,4,2,6,8.78,70.43
S108336,33.0,48.32,52.64,33.35,1,0,4,5.4,46.49
S108337,51.83,66.18,61.69,43.21,1,0,0,6.96,59.96
S108338,68.72,43.28,39.92,47.07,2,0,6,2.73,50.52
S108339,63.42,75.71,59.11,33.52,4,0,1,7.11,16.44
S108340,69.42,59.67,77.61,72.64,2,0,4,7.4,46.84
S108341,44.56,82.78,100.0,44.3,1,0,3,0.28,30.7
S108342,51.06,45.44,67.2,22.97,6,0,2,2.91,65.68
S108343,100.0,57.37,78.36,,3,2,4,1.81,55.23
S108344,29.14,82.38,47.42,50.29,4,1,6,5.92,28.29
S108345,,54.16,50.82,85.57,1,1,7,2.19,41.83
S108346,46.71,83.76,32.17,56.16,3,0,1,9.66,37.98
S108347,51.53,52.09,75.28,26.0,0,1,5,4.01,47.89
S108348,38.32,56.85,54.55,54.82,2,1,7,6.2,61.15
S108349,54.49,84.28,72.92,58.36,1,1,6,2.91,62.84
S108350,51.13,83.19,64.71,60.33,2,0,5,9.48,41.77
S108351,44.26,49.43,74.9,68.75,0,1,8,2.95,64.24
S108352,45.16,45.7,64.77,58.71,2,0,6,4.38,38.22
S108353,32.94,36.68,53.25,48.79,3,1,5,6.32,47.0
S108354,43.9,23.36,47.56,46.44,6,1,2,4.12,37.15
S108355,84.71,67.21,77.68,71.23,3,0,1,5.24,18.75
S108356,61.62,80.04,77.96,39.6,1,0,2,7.79,80.35
S108357,73.04,67.36,28.84,54.87,2,2,4,3.24,77.37
S108358,46.76,72.79,77.98,47.23,1,0,2,7.17,69.29
S108359,55.59,45.83,62.36,61.07,1,0,2,4.26,55.92
S108360,33.91,74.05,47.43,66.08,2,3,6,6.23,59.75
S108361,51.16,63.93,74.65,54.74,4,1,5,3.03,51.52
S108362,25.17,40.73,63.98,78.32,1,0,5,6.19,28.1
S108363,55.39,57.54,68.12,40.02,3,2,2,5.24,71.78
S108364,42.01,29.95,78.92,38.79,0,0,2,8.18,53.53
S108365,99.56,65.33,70.54,36.05,4,2,3,2.58,17.9
S108366,82.46,66.63,60.79,79.79,1,2,3,8.61,47.77
S108367,41.02,42.58,37.93,50.71,0,0,6,1.77,35.91
S108368,,68.26,86.25,78.48,4,1,6,2.21,88.49
S108369,19.69,55.65,46.07,5.07,0,1,11,6.89,60.93
S108370,57.46,36.35,47.99,55.02,2,2,4,4.32,23.71
S108371,57.9,92.6,59.55,56.41,3,1,3,5.82,83.72
S108372,40.8,62.41,61.76,38.19,0,0,2,7.81,56.72
S108373,65.7,65.85,23.73,65.43,3,3,3,8.41,33.57
S108374,63.32,56.65,48.3,53.4,4,1,4,8.42,71.89
S108375,62.6,60.63,70.68,48.72,3,0,2,4.6,36.84
S108376,71.82,71.25,44.8,75.22,3,1,6,5.96,53.68
S108377,76.17,43.75,68.74,35.52,3,1,7,2.37,46.17
S108378,45.19,46.79,61.15,47.14,0,0,4,4.0,59.29
S108379,65.59,38.73,50.87,63.97,2,1,4,2.93,95.54
S108380,41.59,75.48,56.12,0.0,1,0,4,6.29,67.44
S108381,49.25,76.44,61.97,78.04,0,1,2,7.49,30.45
S108382,66.54,43.36,58.1,49.83,1,2,3,3.4,40.1
S108383,55.64,44.71,96.91,56.88,2,1,7,5.41,63.56
S108384,,76.87,83.07,41.05,2,0,1,2.73,91.21
S108385,43.84,46.39,49.75,19.08,2,1,6,5.72,53.95
S108386,75.55,58.12,74.75,42.36,3,0,4,2.09,79.33
S108387,47.45,48.24,79.31,47.83,1,0,5,7.9,66.57
S108388,63.92,67.73,77.72,46.86,1,2,8,5.91,66.19
S108389,48.9,66.38,57.82,62.59,2,0,6,8.04,61.31
S108390,35.63,48.39,65.79,82.07,4,1,8,5.16,47.82
S108391,48.46,40.06,35.07,59.45,4,0,2,7.86,69.6
S108392,77.72,43.99,42.69,21.54,3,3,4,2.6,67.25
S108393,54.41,59.11,55.4,57.37,3,1,3,5.94,43.33
S108394,93.79,55.79,77.53,56.15,2,1,2,4.44,39.23
S108395,32.11,52.23,48.24,45.9,0,0,6,6.5,51.47
S108396,29.49,40.36,64.95,80.37,2,0,5,8.56,72.36
S108397,61.3,68.03,91.09,82.88,4,1,4,0.6,82.57
S108398,43.31,70.84,41.1,35.27,0,0,3,6.35,39.13
S108399,82.08,56.78,53.81,44.99,0,1,3,1.43,55.58
S108400,46.66,64.39,70.51,94.09,3,0,6,0.28,43.83
S108401,78.6,53.02,57.09,82.0,2,1,2,4.19,20.81
S108402,51.84,46.52,56.56,45.37,4,0,4,2.55,52.62
S108403,53.11,60.63,70.42,42.78,1,0,8,6.79,85.4
S108404,27.52,34.87,68.09,23.15,1,1,3,3.61,28.55
S108405,68.27,65.35,69.88,35.32,6,1,2,7.47,50.0
S108406,72.6 ,79.89,66.55,51.95,2,1,4,6.61,86.27
S108407,60.63,64.02,32.81,76.81,3,1,4,1.99,61.03
S108408,64.03,68.59,72.9,97.22,2,1,4,1.99,40.58
S108409,42.82,52.13,70.52,60.33,1,1,4,6.07,68.63
S108410,64.64,33.2,68.18,80.14,2,0,5,7.06,56.48
S108411,42.54,50.92,77.11,66.22,1,1,7,4.74,69.33
S108412,42.67,73.3,35.14,,2,1,4,5.85,57.94
S108413,86.26,42.91,80.42,78.11,1,1,3,4.73,41.75
S108414,71.87,78.27,47.98,58.5,3,0,5,9.02,45.99
S108415,72.88,60.5,75.47,,2,0,6,2.67,54.53
S108416,73.21,48.67,38.44,59.65,5,0,4,4.3,67.37
S108417,42.47,55.53,56.83,52.66,6,0,4,2.54,97.44
S108418,53.75,61.72,54.4,45.59,3,0,2,4.29,60.12
S108419,31.03,63.23,60.86,29.65,2,0,5,7.04,75.42
S108420,46.68,74.41,74.37,60.45,4,1,3,2.53,50.35
S108421,30.88,56.71,53.03,66.59,5,0,5,4.89,48.76
S108422,73.54,68.37,40.39,47.05,5,2,6,6.45,73.49
S108423,100.0,57.01,52.9,52.77,1,1,4,4.86,46.41
S108424,65.89,47.48,50.79,65.3,3,4,3,3.22,21.32
S108425,76.91,65.94,39.79,4.01,3,1,3,3.88,51.96
S108426,37.65,51.94,70.21,41.38,6,1,3,5.96,59.12
S108427,73.51,66.03,38.05,42.57,3,1,2,4.1,17.88
S108428,79.03,44.78,61.86,72.22,1,1,5,5.96,39.47
S108429,72.9 ,60.13,65.34,62.64,1,1,2,5.1,82.71
S108430,42.88,91.16,57.71,64.91,4,1,3,2.69,81.93
S108431,44.28,69.83,67.02,63.9,0,1,2,4.98,43.12
S108432,60.63,68.48,27.78,52.67,2,1,1,5.09,27.44
S108433,66.26,40.2,66.58,78.9,2,1,4,8.5,26.1
S108434,65.3,80.81,72.32,45.85,1,1,5,3.47,52.39
S108435,61.8,38.31,67.73,49.41,1,2,2,2.27,78.17
S108436,79.44,40.38,46.56,42.76,3,2,2,1.5,40.03
S108437,45.06,54.56,66.97,72.6,5,0,6,3.7,34.82
S108438,43.34,64.61,38.69,87.88,1,1,2,4.81,38.75
S108439,80.0 ,77.84,75.37,60.08,1,1,2,0.6,61.52
S108440,49.62,100.0,49.55,59.49,3,0,8,7.99,47.27
S108441,50.43,47.43,59.32,82.54,3,0,2,5.27,55.49
S108442,65.12,62.16,64.05,80.87,2,0,4,7.69,8.04
S108443,34.2,48.0,24.85,10.76,3,0,1,8.02,49.92
S108444,74.7 ,66.54,65.03,54.14,2,0,4,8.1,41.62
S108445,41.04,75.93,68.95,37.37,2,0,6,1.83,45.74
S108446,,64.0,57.07,17.79,4,1,5,3.55,61.46
S108447,50.48,55.86,55.53,48.87,3,1,5,5.46,62.28
S108448,56.48,51.2,77.82,54.92,2,4,3,6.28,57.26
S108449,70.32,57.92,19.21,68.47,4,0,6,4.53,19.06
S108450,22.59,49.03,66.54,44.53,3,0,2,4.24,98.29
S108451,52.53,78.54,85.72,84.36,2,1,4,4.46,42.78
S108452,41.52,97.93,66.56,68.74,1,0,2,4.61,72.13
S108453,56.37,79.14,47.54,44.23,4,2,8,6.67,34.42
S108454,45.87,30.74,79.82,73.05,3,1,2,7.24,69.14
S108455,30.45,27.22,46.88,44.09,4,1,6,5.57,48.03
S108456,66.25,72.57,59.13,47.49,4,0,3,6.92,36.97
S108457,58.85,69.18,84.51,75.59,1,0,4,3.05,57.2
S108458,55.64,22.6,60.45,40.28,4,0,2,8.88,38.63
S108459,23.41,73.12,56.49,51.93,2,1,4,4.97,47.67
S108460,77.96,39.7,83.87,15.26,1,1,9,3.12,42.7
S108461,30.86,93.69,66.97,81.99,2,0,4,3.95,66.39
S108462,64.8 ,51.65,69.83,58.27,1,1,8,3.11,46.11
S108463,54.2,60.85,73.37,51.36,3,0,5,3.51,49.17
S108464,68.55,38.79,6.75,37.29,1,0,6,7.87,0.0
S108465,52.2 ,64.38,67.74,93.13,0,3,4,5.19,53.84
S108466,73.37,54.92,67.98,61.75,5,0,5,0.0,31.08
S108467,58.47,41.86,100.0,99.4,4,0,6,6.12,17.06
S108468,26.51,72.65,81.3,59.19,3,1,6,6.3,63.68
S108469,59.52,64.57,41.21,83.63,1,0,4,5.73,29.76
S108470,53.03,88.85,53.89,31.93,7,2,8,3.64,54.15
S108471,64.7,75.89,57.15,41.54,0,1,9,4.1,21.82
S108472,53.37,53.19,60.73,,4,0,8,3.6,25.1
S108473,50.63,27.46,48.89,68.61,0,3,6,5.28,24.66
S108474,27.06,84.55,21.07,70.26,4,3,1,6.4,38.31
S108475,59.33,40.51,89.5,72.51,3,1,5,4.34,100.0
S108476,60.92,85.14,61.01,73.2,5,1,5,2.51,50.95
S108477,51.39,48.13,41.05,81.96,4,4,4,4.62,66.92
S108478,63.83,83.48,45.44,65.04,4,0,7,2.99,79.97
S108479,25.06,39.28,29.96,52.91,2,2,6,6.53,54.45
S108480,47.29,70.27,76.26,37.3,4,0,3,4.91,14.4
S108481,52.45,63.18,65.56,50.67,3,2,5,6.98,66.09
S108482,61.48,73.33,77.42,49.11,0,1,4,5.57,39.15
S108483,74.93,77.18,43.83,83.44,0,3,2,7.35,44.88
S108484,86.78,63.01,58.56,5.16,3,1,0,9.61,28.25
S108485,80.7,44.76,28.4,59.25,1,1,3,2.89,43.49
S108486,54.71,59.89,44.28,62.27,2,1,3,6.8,22.38
S108487,76.18,68.99,65.4,70.64,2,1,4,8.03,65.91
S108488,72.47,24.32,88.94,63.88,4,0,2,9.8,47.17
S108489,94.68,71.85,59.39,62.4,1,1,3,7.86,34.54
S108490,34.53,56.0,44.23,85.88,1,2,3,6.33,36.57
S108491,36.4 ,46.72,76.14,50.03,0,1,5,9.36,21.5
S108492,64.65,47.92,49.76,33.77,2,0,5,7.2,36.37
S108493,43.26,51.18,48.72,61.21,1,0,10,5.65,24.52
S108494,38.12,69.23,48.65,81.46,4,0,6,10.0,56.33
S108495,67.29,25.18,25.57,36.68,4,1,5,4.6,52.5
S108496,64.69,52.52,75.38,93.52,0,0,2,5.07,35.88
S108497,43.09,64.91,76.29,76.81,2,1,3,7.2,37.88
S108498,62.16,57.82,41.93,62.65,3,2,2,7.09,38.37
S108499,89.23,47.59,62.66,41.78,4,1,3,4.81,19.9
S108500,62.62,100.0,49.53,65.04,3,0,2,6.84,30.2
S108501,63.39,48.68,35.42,35.08,3,1,6,8.58,30.17
S108502,55.89,68.42,74.43,63.68,3,1,3,5.7,45.56
S108503,34.28,67.01,37.18,29.35,2,0,6,6.19,50.75
S108504,,81.44,53.43,34.89,3,2,6,4.78,54.51
S108505,50.22,60.09,57.07,,2,1,4,2.27,53.21
S108506,52.98,84.36,75.42,51.56,2,0,5,9.2,54.12
S108507,48.29,50.57,8.3,94.37,0,0,3,4.89,35.4
S108508,22.66,47.03,56.85,55.04,2,0,6,4.13,90.14
S108509,72.31,72.89,65.75,70.44,1,1,5,8.65,4.68
S108510,50.26,62.93,43.8,56.9,5,0,4,7.18,68.76
S108511,52.95,65.94,50.31,69.09,1,1,4,2.76,92.59
S108512,,43.66,46.44,47.99,1,2,5,5.24,48.64
S108513,33.25,100.0,83.33,63.41,3,1,7,4.76,30.48
S108514,40.98,90.65,71.0,75.53,3,2,5,6.93,49.93
S108515,53.39,79.52,72.07,52.31,0,1,2,3.39,69.48
S108516,46.47,41.55,41.37,54.04,4,1,1,4.22,37.01
S108517,40.11,67.16,33.19,57.91,1,0,4,3.52,48.33
S108518,64.9,77.48,55.84,43.84,4,1,5,5.33,46.54
S108519,64.3 ,44.96,67.27,40.47,3,0,2,7.39,75.67
S108520,82.86,29.8,83.4,44.96,2,0,4,8.87,50.0
S108521,,85.85,18.24,47.98,3,2,2,7.11,44.42
S108522,36.32,64.84,63.4,,3,2,5,6.65,18.51
S108523,62.86,59.43,75.69,76.32,4,3,1,3.84,73.87
S108524,46.26,80.06,68.22,79.79,3,3,7,7.41,41.32
S108525,32.7,57.67,71.61,54.61,1,1,5,6.4,49.43
S108526,43.28,52.81,62.52,49.81,2,3,3,6.5,45.49
S108527,85.7,64.61,34.34,35.89,2,1,4,6.1,39.07
S108528,45.87,66.99,73.58,60.25,2,2,3,10.0,58.87
S108529,33.94,62.68,26.83,20.42,2,0,9,2.38,22.94
S108530,28.15,52.14,53.45,34.62,4,0,6,8.76,34.66
S108531,59.8 ,55.76,71.14,72.96,1,2,5,6.7,73.85
S108532,58.19,46.12,48.34,80.35,4,0,2,4.67,85.53
S108533,56.79,51.02,49.16,65.73,2,1,6,8.91,49.02
S108534,41.59,53.24,94.21,68.72,3,0,1,7.61,23.42
S108535,59.77,41.76,44.22,52.74,1,2,6,4.58,36.18
S108536,39.2,71.75,37.2,51.13,6,1,4,4.49,59.92
S108537,59.54,45.51,60.49,60.24,1,0,3,4.8,57.98
S108538,52.52,79.43,56.0,48.4,0,1,2,3.38,53.02
S108539,26.34,43.34,46.19,42.55,0,2,1,7.92,71.2
S108540,,49.64,85.22,81.15,0,0,6,4.1,35.5
S108541,54.39,62.94,58.19,,6,1,4,2.76,47.44
S108542,70.21,60.65,67.28,44.0,2,0,6,5.85,85.87
S108543,75.29,48.09,51.64,20.86,2,1,0,6.2,73.75
S108544,49.99,52.35,68.45,50.71,4,1,6,7.31,71.0
S108545,68.11,35.26,88.79,80.88,1,0,4,6.0,68.67
S108546,16.89,55.03,37.18,31.08,6,0,1,7.03,35.26
S108547,59.75,81.27,72.05,60.26,3,2,2,6.85,100.0
S108548,51.47,92.16,92.95,87.04,1,1,3,7.79,45.47
S108549,82.35,53.7,25.77,53.5,4,1,1,2.78,14.94
S108550,20.6,88.95,54.56,68.16,0,1,5,4.93,20.1
S108551,28.76,45.83,43.22,50.58,5,2,2,6.43,55.02
S108552,32.92,55.79,62.78,58.06,2,2,3,4.75,66.59
S108553,38.68,55.13,64.24,63.45,4,0,6,8.58,77.74
S108554,45.69,48.53,79.24,,3,1,5,5.13,32.83
S108555,59.71,35.42,71.14,80.49,5,1,2,4.38,57.62
S108556,60.93,29.29,85.02,48.16,1,2,3,3.11,31.71
S108557,56.41,12.08,77.47,68.52,2,0,8,4.76,39.82
S108558,,48.28,78.45,77.57,3,0,5,3.98,45.18
S108559,26.82,50.87,44.22,68.78,3,0,5,6.31,40.55
S108560,55.08,75.33,75.78,75.62,3,1,3,2.35,35.88
S108561,48.22,87.9,76.22,46.53,4,1,6,6.35,66.04
S108562,57.1,58.5,85.36,79.1,1,0,8,3.08,31.63
S108563,30.54,96.18,36.14,58.84,5,0,7,6.71,54.48
S108564,58.51,86.01,71.13,63.85,1,1,1,5.37,51.8
S108565,63.96,83.36,47.56,66.29,4,1,4,4.46,63.8
S108566,66.44,64.31,66.55,62.41,1,3,2,3.53,72.76
S108567,63.64,75.34,65.39,41.78,2,0,4,2.84,30.21
S108568,54.75,65.24,66.12,29.96,1,0,6,5.0,26.52
S108569,51.79,51.92,71.79,67.65,2,0,6,8.78,100.0
S108570,62.28,57.37,40.58,72.61,0,1,4,4.91,83.34
S108571,75.61,60.33,57.61,57.44,1,1,7,5.4,65.34
S108572,39.12,67.45,78.76,46.27,4,2,2,10.0,60.38
S108573,75.73,71.11,43.0,53.67,1,0,1,4.13,37.47
S108574,72.05,48.31,19.83,84.15,3,1,2,3.96,72.67
S108575,15.58,64.32,60.04,74.19,1,1,7,5.67,79.26
S108576,63.34,72.53,60.03,43.86,2,0,2,2.03,28.03
S108577,74.72,64.32,64.0,46.05,0,1,7,1.32,71.56
S108578,29.62,61.35,61.1,58.52,3,0,7,1.33,27.93
S108579,16.85,37.2,72.31,34.2,5,0,9,4.8,68.13
S108580,30.11,65.48,58.33,66.63,4,0,5,5.85,80.79
S108581,0.0,56.95,100.0,33.64,4,1,4,4.09,67.8
S108582,56.65,77.31,63.25,49.66,2,1,9,3.93,57.79
S108583,47.4 ,82.18,52.97,62.18,0,0,2,3.34,46.43
S108584,40.86,48.22,81.79,100.0,4,0,6,9.04,0.0
S108585,58.87,29.11,55.44,76.41,3,1,3,7.1,0.0
S108586,62.3,85.03,44.34,39.3,6,1,3,8.67,45.78
S108587,36.89,63.62,71.95,49.97,3,1,5,2.84,40.02
S108588,33.17,44.51,61.8,56.08,2,0,3,1.16,56.84
S108589,32.43,74.37,58.62,89.25,1,2,2,6.36,60.84
S108590,47.57,70.32,49.94,96.13,1,0,4,6.38,50.07
S108591,30.42,68.25,34.38,74.33,3,1,4,6.34,38.89
S108592,31.25,94.93,63.78,39.19,3,0,4,5.32,14.68
S108593,61.59,59.67,70.57,67.93,3,1,4,3.05,46.0
S108594,88.77,58.19,65.64,62.5,2,1,8,3.61,43.34
S108595,94.75,74.32,41.63,67.7,2,0,3,8.03,35.93
S108596,27.92,95.0,61.16,17.37,1,0,3,4.12,46.74
S108597,60.03,69.47,52.81,49.72,2,1,7,3.84,75.08
S108598,65.54,48.1,68.36,53.7,1,0,3,4.05,63.9
S108599,,66.52,76.05,42.78,2,1,3,1.67,30.84
S108600,34.69,89.02,29.64,61.05,7,1,5,7.81,74.77
S108601,46.4,44.42,77.13,49.3,1,0,0,2.6,61.17
S108602,31.45,59.78,57.85,52.25,0,1,7,7.08,42.69
S108603,49.68,55.3,58.14,63.45,2,2,7,3.27,50.35
S108604,96.49,55.83,26.23,30.64,3,0,7,2.94,62.36
S108605,64.77,52.5,64.8,59.63,3,0,4,3.31,9.68
S108606,43.39,73.93,49.61,51.32,3,2,4,9.05,65.95
S108607,67.41,61.06,60.81,42.7,3,0,2,4.44,31.75
S108608,44.21,88.17,21.8,12.32,3,1,3,9.43,19.23
S108609,56.29,59.11,68.41,43.78,1,1,8,7.79,42.17
S108610,59.08,43.66,67.83,47.56,1,1,5,5.71,30.56
S108611,56.3,72.14,30.11,46.53,1,2,2,6.84,75.44
S108612,61.11,81.68,48.28,72.27,0,0,8,7.22,62.77
S108613,34.21,54.57,87.85,60.57,0,3,3,5.05,49.03
S108614,66.91,39.18,24.0,49.57,3,0,4,4.34,58.46
S108615,83.13,76.72,71.08,41.14,1,0,6,5.56,28.34
S108616,8.21,58.8,64.16,40.54,3,0,2,8.29,26.75
S108617,74.93,73.64,100.0,37.62,5,0,4,7.77,88.8
S108618,87.15,59.12,65.53,39.52,3,0,4,7.83,58.14
S108619,54.14,47.99,56.91,45.99,5,2,7,8.28,46.73
S108620,56.39,28.01,61.37,64.65,0,0,3,2.72,68.67
S108621,66.0,63.7,92.98,72.42,0,1,4,5.71,48.91
S108622,82.13,63.83,60.4,51.32,1,1,4,0.03,37.76
S108623,41.82,45.73,35.7,36.95,3,0,1,4.2,57.9
S108624,54.04,60.34,63.27,42.06,1,0,6,7.59,62.54
S108625,57.74,64.06,58.53,58.71,2,1,6,4.54,24.88
S108626,85.01,48.49,61.57,55.29,3,0,4,3.01,26.62
S108627,39.63,78.04,53.79,70.26,3,1,3,1.9,40.72
S108628,84.73,49.43,66.44,59.18,5,2,6,6.88,53.8
S108629,45.49,56.75,71.85,74.64,2,0,7,10.0,75.04
S108630,44.95,33.1,45.39,31.99,2,0,5,8.16,44.98
S108631,43.18,79.4,66.32,45.05,1,0,4,4.8,68.84
S108632,40.14,39.79,100.0,76.83,1,1,5,2.52,51.95
S108633,24.19,61.45,40.7,50.05,3,1,4,3.48,50.58
S108634,59.18,46.59,72.9,47.53,3,0,2,6.84,46.91
S108635,52.16,62.1,85.47,46.2,0,1,4,3.5,49.25
S108636,100.0,73.66,53.25,81.11,5,1,0,4.87,31.37
S108637,79.78,54.53,30.06,59.68,1,1,5,4.39,0.0
S108638,83.45,53.12,54.09,60.84,2,1,1,1.33,28.71
S108639,59.13,65.37,26.42,40.89,3,0,8,0.81,61.46
S108640,70.62,77.5,30.54,65.76,4,2,6,7.32,52.05
S108641,78.53,77.55,54.29,55.68,0,2,3,3.78,41.78
S108642,58.4 ,65.84,84.48,48.8,1,1,4,6.14,40.34
S108643,64.31,55.77,76.88,55.39,4,1,4,10.0,35.53
S108644,57.66,79.08,61.59,62.54,7,0,3,2.73,46.06
S108645,23.08,84.38,78.44,51.63,2,0,4,5.28,36.85
S108646,52.79,52.89,65.81,49.6,3,2,4,6.27,52.84
S108647,57.37,54.39,67.11,39.62,3,0,2,9.67,79.46
S108648,33.69,42.67,55.6,64.5,2,3,6,3.57,16.16
S108649,49.96,37.35,62.32,82.7,1,1,6,6.63,71.7
S108650,57.32,65.56,49.22,88.62,3,0,2,6.26,64.77
S108651,56.55,46.03,77.38,74.93,3,0,2,4.85,47.02
S108652,86.93,65.25,28.18,41.23,1,0,5,5.75,68.31
S108653,55.93,55.89,55.71,44.29,0,2,5,9.34,70.88
S108654,59.78,58.88,68.34,53.38,4,1,4,4.35,92.87
S108655,65.61,66.7,50.02,81.63,1,1,1,9.64,29.59
S108656,59.88,49.17,65.83,32.59,1,0,3,4.14,54.27
S108657,90.37,74.33,59.52,60.19,2,0,4,3.32,43.57
S108658,36.12,51.68,57.58,24.28,1,2,5,6.75,52.13
S108659,45.22,72.69,52.59,73.17,2,2,4,4.77,57.35
S108660,45.87,65.38,43.22,57.71,5,2,3,3.39,63.84
S108661,53.9,73.91,76.33,36.79,1,0,6,5.82,59.02
S108662,61.14,81.8,65.37,56.35,1,1,7,3.72,82.2
S108663,24.91,26.85,67.18,49.79,1,1,1,3.32,7.07
S108664,42.02,60.54,73.08,31.0,3,2,2,2.95,44.85
S108665,73.43,99.36,29.16,82.16,3,1,3,4.83,25.04
S108666,53.17,52.8,78.43,49.91,0,2,1,6.05,48.65
S108667,57.98,70.64,49.28,57.34,1,1,4,4.01,71.86
S108668,57.21,58.26,57.52,61.16,2,1,2,3.85,57.33
S108669,100.0,73.8,50.06,50.51,2,1,6,2.41,60.77
S108670,32.14,71.11,54.98,43.21,3,1,4,6.3,25.2
S108671,74.65,56.14,41.74,65.17,2,1,3,10.0,36.6
S108672,62.88,84.67,56.22,65.82,1,0,3,3.39,43.98
S108673,23.67,57.6,53.39,63.44,1,2,5,6.87,65.76
S108674,43.12,40.66,82.97,33.65,4,2,4,5.96,19.02
S108675,62.63,48.3,67.22,38.95,2,0,3,4.91,48.07
S108676,53.23,100.0,68.35,32.67,3,0,8,1.63,56.78
S108677,55.82,56.2,54.78,51.55,2,0,3,2.85,59.81
S108678,58.67,52.17,81.55,64.78,4,0,2,6.0,75.0
S108679,39.87,40.98,69.2,55.91,0,2,7,7.71,58.81
S108680,58.64,58.0,49.92,48.48,2,0,7,1.75,79.17
S108681,63.78,49.03,52.32,67.4,6,2,4,6.2,47.54
S108682,69.97,56.14,64.92,53.6,1,3,0,6.02,50.41
S108683,87.57,66.77,71.54,77.28,4,1,5,3.61,38.06
S108684,85.98,95.25,64.16,54.0,4,2,1,0.0,41.76
S108685,61.51,46.83,55.68,62.85,1,0,2,5.52,41.96
S108686,48.79,82.88,72.53,33.06,2,0,2,7.33,38.52
S108687,62.23,76.53,55.04,69.82,0,0,2,5.79,29.62
S108688,95.09,55.22,57.41,66.58,2,0,4,6.62,14.98
S108689,50.01,71.53,34.75,57.49,5,2,3,0.95,33.4
S108690,,55.81,67.33,82.17,0,2,5,4.64,100.0
S108691,38.31,45.35,73.95,67.85,0,1,3,4.78,66.55
S108692,58.47,64.28,43.67,65.56,2,1,3,3.27,58.16
S108693,64.65,49.61,84.38,62.68,2,4,2,6.29,64.23
S108694,51.1,65.32,100.0,54.92,4,0,1,4.28,37.42
S108695,47.3,68.43,37.73,63.74,3,0,4,7.63,47.13
S108696,49.91,74.61,57.85,49.36,5,0,3,9.3,54.43
S108697,48.92,57.2,52.85,76.89,4,1,5,1.68,45.03
S108698,37.18,58.46,100.0,69.5,4,1,3,0.08,35.62
S108699,42.02,69.32,40.09,31.71,3,0,7,5.8,78.32
S108700,68.87,65.67,64.42,47.83,1,1,3,2.33,65.82
S108701,60.51,60.09,20.07,75.34,2,0,3,4.19,30.82
S108702,62.12,54.03,77.31,64.32,3,2,4,5.76,62.77
S108703,40.23,45.78,69.9,79.61,1,1,7,5.51,59.85
S108704,55.36,40.03,50.36,72.26,0,0,4,3.37,59.58
S108705,47.58,76.83,48.04,45.8,2,0,4,5.59,66.24
S108706,50.21,25.36,48.58,67.48,4,1,5,2.92,52.52
S108707,38.68,57.19,42.1,18.15,2,2,4,7.06,31.9
S108708,48.48,9.11,74.68,84.25,7,1,4,4.56,42.7
S108709,67.97,85.8,81.35,26.66,3,2,6,5.64,84.39
S108710,82.35,69.04,100.0,80.22,1,0,8,6.88,38.4
S108711,4.07,58.38,72.24,47.2,2,1,4,5.39,51.9
S108712,,21.87,33.22,47.64,1,4,3,9.97,36.8
S108713,52.36,68.88,51.19,55.28,3,0,6,3.52,54.12
S108714,27.72,81.79,56.88,37.13,3,1,5,3.39,33.87
S108715,48.43,71.41,51.37,44.85,0,0,5,4.48,58.16
S108716,90.79,71.87,63.2,35.81,1,1,3,0.68,77.06
S108717,69.95,62.16,42.55,71.61,2,0,6,4.94,50.14
S108718,71.48,64.66,49.68,45.62,2,2,2,9.62,76.92
S108719,75.1,88.38,63.04,71.8,0,2,5,5.74,44.74
S108720,72.18,57.73,61.87,47.3,1,0,3,0.37,70.17
S108721,66.12,44.31,51.89,47.95,5,1,6,0.07,47.26
S108722,71.0,30.38,69.33,34.52,4,1,4,4.13,35.11
S108723,0.42,59.83,51.63,58.87,3,1,2,3.12,16.55
S108724,,80.75,59.48,76.9,0,0,0,9.49,32.98
S108725,0.0,79.05,98.49,52.28,2,0,0,5.23,25.06
S108726,29.79,59.93,70.5,25.99,4,1,2,6.38,95.78
S108727,0.0,94.64,63.8,53.82,3,1,4,7.63,53.32
S108728,70.72,51.25,41.46,22.49,2,0,1,0.0,43.67
S108729,67.38,34.29,92.78,73.97,7,2,2,5.6,9.96
S108730,49.26,65.34,35.43,54.76,1,2,9,2.26,18.74
S108731,93.34,45.31,72.45,72.46,3,1,6,2.27,19.95
S108732,47.06,72.72,38.21,19.08,4,1,3,7.37,57.73
S108733,63.23,73.45,67.69,35.19,1,1,2,3.78,38.36
S108734,32.67,53.7,43.8,72.88,4,1,6,3.19,51.05
S108735,45.55,33.3,48.9,74.03,3,0,10,10.0,69.21
S108736,59.63,74.34,32.35,40.6,3,0,4,5.44,1.79
S108737,39.35,67.98,63.15,62.2,1,0,4,8.39,84.17
S108738,61.27,71.41,81.13,76.45,4,0,6,0.87,36.13
S108739,70.37,42.14,15.8,80.71,3,1,7,9.34,35.97
S108740,40.36,62.4,38.28,99.31,1,1,2,4.94,61.5
S108741,24.25,60.83,14.23,63.15,3,0,3,1.63,49.56
S108742,57.55,33.18,99.08,59.55,2,1,5,1.24,0.0
S108743,64.52,68.11,15.01,37.41,4,3,8,6.55,71.03
S108744,30.02,58.19,57.37,71.88,2,1,2,2.51,63.73
S108745,26.71,59.54,37.21,1.61,4,0,3,7.34,48.66
S108746,71.58,49.24,80.55,67.64,2,0,7,5.15,49.01
S108747,50.91,68.99,58.87,44.76,3,0,4,3.93,64.78
S108748,44.18,73.16,72.57,27.37,6,0,5,7.82,48.69
S108749,78.85,57.71,79.42,54.16,4,1,5,8.92,72.61
S108750,44.6,44.44,46.14,26.73,4,0,5,5.64,54.16
S108751,20.67,80.12,65.24,57.86,3,1,2,3.4,25.12
S108752,38.92,68.84,61.63,49.53,3,0,1,5.01,33.84
S108753,67.53,53.5,59.87,67.36,1,0,4,4.95,62.62
S108754,92.95,81.11,48.16,35.15,0,1,5,5.88,42.8
S108755,88.13,66.82,56.06,62.51,4,0,6,7.49,24.62
S108756,86.93,62.89,39.19,76.86,4,0,1,4.68,37.03
S108757,87.19,68.42,46.88,73.74,5,2,3,7.74,46.23
S108758,59.55,76.08,61.15,60.12,5,0,3,1.6,26.05
S108759,69.75,51.49,26.58,44.97,1,2,2,6.76,64.35
S108760,34.23,77.71,43.95,74.16,1,1,4,0.65,30.45
S108761,53.34,66.94,66.31,49.42,2,0,5,6.44,24.91
S108762,,74.05,45.38,71.04,1,1,4,7.84,57.76
S108763,79.09,55.28,58.92,,2,1,0,2.17,48.43
S108764,67.46,92.86,69.42,71.34,3,1,5,2.21,40.24
S108765,45.13,77.89,75.06,56.44,6,0,4,3.07,58.42
S108766,,70.19,68.58,72.41,4,0,7,7.19,38.32
S108767,37.93,69.37,52.86,72.97,1,1,4,2.89,38.89
S108768,35.32,46.52,40.65,59.1,3,0,4,1.55,41.03
S108769,,73.63,72.3,57.63,3,0,2,7.72,54.91
S108770,32.57,59.92,64.87,59.1,4,0,4,4.79,40.65
S108771,35.32,45.0,46.25,67.69,1,1,4,6.61,50.95
S108772,81.6,84.01,75.29,35.18,1,1,3,7.1,83.38
S108773,50.33,53.99,38.56,36.72,5,2,3,10.0,29.52
S108774,52.07,56.97,49.82,57.9,4,2,5,2.95,37.37
S108775,40.82,76.81,57.5,61.77,7,2,3,5.25,45.33
S108776,56.44,61.63,67.06,36.71,2,1,10,7.48,40.23
S108777,73.08,50.99,64.54,55.84,5,0,4,10.0,72.03
S108778,13.49,56.13,49.01,72.81,5,1,4,2.82,20.2
S108779,38.13,63.57,43.27,58.44,1,2,4,7.35,54.56
S108780,28.3,71.78,56.12,61.44,3,0,6,7.28,53.3
S108781,37.0 ,82.21,44.84,72.0,2,0,3,9.7,72.61
S108782,57.74,96.74,55.15,71.07,2,0,6,5.01,30.29
S108783,27.27,67.51,83.13,58.72,2,2,2,9.05,47.77
S108784,58.09,53.72,39.58,39.77,5,1,4,5.87,27.83
S108785,35.23,32.44,45.54,44.47,2,2,6,2.98,23.82
S108786,60.57,59.25,61.04,35.53,0,1,3,3.69,55.96
S108787,41.1,80.63,69.54,49.41,2,2,3,1.76,65.42
S108788,48.86,70.94,42.38,93.35,4,0,1,4.79,54.55
S108789,97.78,56.5,72.68,55.35,3,0,7,2.21,91.77
S108790,75.82,50.84,57.3,52.45,3,1,3,4.79,78.96
S108791,90.42,85.27,63.1,21.02,1,0,7,3.93,72.79
S108792,,65.87,43.88,29.23,1,0,0,5.02,84.39
S108793,32.06,44.98,70.13,33.88,2,0,5,9.0,66.43
S108794,76.0,90.25,6.01,73.1,3,1,8,4.11,98.84
S108795,53.85,83.45,67.29,65.33,1,0,4,6.55,64.95
S108796,54.42,82.83,52.38,66.47,2,0,3,7.37,21.59
S108797,55.73,48.1,73.69,83.35,3,0,4,4.69,70.74
S108798,81.47,72.22,92.07,63.46,2,2,2,6.53,36.93
S108799,57.5 ,29.91,68.98,58.19,2,0,6,6.11,13.29
S108800,42.84,31.72,63.01,56.87,1,0,3,9.38,98.53
S108801,58.82,75.66,36.12,51.53,2,4,3,7.95,58.82
S108802,52.82,51.97,39.22,16.48,2,2,3,9.41,32.63
S108803,74.75,59.72,45.13,60.18,3,1,3,2.98,81.81
S108804,41.16,61.55,48.34,56.31,1,2,6,4.22,43.1
S108805,70.61,81.2,71.02,97.22,1,2,3,4.32,38.89
S108806,57.57,48.82,59.65,16.98,1,0,6,4.78,78.54
S108807,48.47,92.44,58.21,85.02,4,1,3,7.93,58.08
S108808,38.43,54.77,67.63,48.81,6,2,5,6.11,65.1
S108809,73.23,71.05,72.04,45.98,3,0,2,3.46,26.88
S108810,62.93,72.92,65.97,87.29,1,0,6,3.31,74.78
S108811,28.28,32.74,38.12,39.25,2,0,8,6.12,33.46
S108812,60.94,67.28,75.12,66.93,0,2,4,4.14,48.73
S108813,64.44,77.01,54.94,51.04,4,0,5,5.23,68.91
S108814,64.7,63.63,52.84,77.82,1,0,3,3.24,62.2
S108815,80.2,80.16,83.66,73.08,4,0,5,0.23,45.27
S108816,26.57,38.14,51.51,100.0,0,1,5,3.76,39.22
S108817,56.83,32.48,41.13,33.82,2,2,6,6.23,56.58
S108818,73.64,71.01,73.12,63.9,1,1,2,4.09,41.88
S108819,37.93,69.86,46.85,70.3,3,2,6,4.43,35.54
S108820,72.34,87.2,56.6,,3,0,5,8.83,22.53
S108821,64.49,71.05,53.47,57.99,2,1,4,7.7,45.72
S108822,49.81,41.13,78.13,48.76,1,0,2,3.96,69.54
S108823,90.24,39.03,43.7,30.38,6,2,6,6.67,66.54
S108824,47.95,85.49,40.26,72.82,3,0,3,3.36,32.15
S108825,75.42,65.07,70.3,54.67,2,0,7,3.51,37.65
S108826,70.45,45.55,80.19,52.26,3,2,2,5.53,40.5
S108827,49.63,67.59,63.23,49.26,0,0,8,5.14,26.69
S108828,59.85,58.56,62.23,51.11,3,1,4,7.22,49.18
S108829,50.28,60.2,63.47,54.45,3,0,7,1.16,34.01
S108830,50.25,68.16,38.31,71.06,3,0,3,10.0,16.96
S108831,65.31,78.82,46.97,68.02,1,0,6,4.87,52.47
S108832,52.37,39.99,30.59,59.57,0,0,4,4.46,40.49
S108833,20.28,69.75,56.26,77.78,4,2,1,0.43,18.51
S108834,42.32,68.69,62.5,62.04,2,1,4,1.37,27.23
S108835,64.78,61.98,73.48,50.95,2,1,5,4.78,9.84
S108836,61.42,80.82,76.37,58.14,2,1,8,1.89,66.22
S108837,65.86,59.64,65.82,81.61,1,2,2,4.19,66.05
S108838,69.87,50.91,75.91,79.14,4,0,3,6.24,54.43
S108839,76.66,49.34,55.2,37.76,3,2,6,10.0,50.74
S108840,41.51,68.68,80.05,46.8,1,1,4,4.49,46.4
S108841,73.29,61.05,46.1,26.48,4,2,4,3.64,40.21
S108842,57.33,54.35,40.64,53.56,6,1,5,5.83,48.9
S108843,58.09,57.23,42.68,94.89,2,1,5,6.87,85.63
S108844,45.28,72.99,45.93,27.47,2,1,4,9.26,39.19
S108845,67.84,97.65,48.02,60.44,1,1,5,6.76,38.21
S108846,28.24,69.45,52.69,49.42,1,2,4,5.03,48.31
S108847,55.02,66.39,100.0,53.69,0,2,4,6.86,35.41
S108848,75.11,53.52,59.77,25.91,3,2,2,6.03,52.2
S108849,39.44,65.78,70.64,60.36,3,1,2,8.05,42.46
S108850,52.67,71.86,44.11,85.69,3,3,2,7.42,29.77
S108851,50.48,21.84,49.51,30.31,5,0,2,8.17,43.38
S108852,91.56,59.96,84.63,60.97,2,0,3,3.49,16.55
S108853,62.32,66.77,62.31,35.25,2,0,3,4.24,34.17
S108854,90.19,49.85,41.38,25.37,1,1,6,6.54,13.2
S108855,35.54,60.83,83.78,62.98,3,0,4,2.45,63.96
S108856,48.89,83.85,45.87,66.56,2,0,7,3.02,19.05
S108857,66.9,75.46,41.22,50.43,3,1,3,4.91,0.0
S108858,70.75,53.17,43.71,93.6,5,1,6,7.92,89.52
S108859,91.23,38.36,16.35,67.56,4,2,5,7.22,79.9
S108860,55.45,74.9,53.09,68.8,2,1,5,4.71,39.34
S108861,62.14,74.67,52.6,59.84,3,2,4,8.84,63.46
S108862,47.53,78.22,70.07,42.17,0,2,3,5.97,30.81
S108863,52.87,73.32,35.01,32.98,2,0,3,7.09,54.51
S108864,72.0,27.35,47.44,67.64,1,0,2,7.2,91.91
S108865,65.83,46.81,40.51,51.68,3,3,2,6.79,43.99
S108866,67.56,70.35,54.34,11.67,2,3,4,7.88,58.99
S108867,36.5,32.1,67.78,46.05,3,0,7,7.03,38.32
S108868,43.28,73.04,69.08,63.06,3,1,4,2.41,7.18
S108869,94.11,65.18,62.1,17.5,4,0,5,9.89,45.59
S108870,,60.25,60.28,62.6,4,0,4,4.69,97.66
S108871,44.2,36.77,34.1,63.57,3,2,5,6.65,54.95
S108872,28.45,39.32,53.38,,1,0,8,0.42,40.79
S108873,39.94,35.3,39.51,74.3,0,0,2,3.1,20.06
S108874,59.94,47.78,65.66,62.5,0,1,3,6.07,25.82
S108875,64.56,52.31,66.24,68.35,4,0,2,5.73,69.41
S108876,60.61,77.56,57.72,48.81,1,1,4,8.84,63.32
S108877,88.61,55.17,59.84,33.18,1,0,7,5.31,46.18
S108878,78.57,53.34,41.42,71.83,2,0,5,0.0,29.77
S108879,,46.61,45.79,64.32,0,0,7,0.21,46.67
S108880,48.24,57.09,60.99,51.61,1,1,6,8.0,67.35
S108881,8.07,56.33,39.9,69.89,2,1,5,5.05,59.21
S108882,54.82,43.23,86.05,42.56,3,0,6,9.09,24.27
S108883,55.9,33.96,48.83,62.42,6,0,3,0.0,67.95
S108884,39.22,40.39,74.63,74.33,2,1,1,7.13,49.04
S108885,77.62,100.0,60.42,76.83,1,0,6,5.91,50.26
S108886,29.26,40.85,54.82,56.76,2,0,2,10.0,58.0
S108887,80.43,34.23,57.45,63.28,3,0,5,6.55,41.82
S108888,55.99,12.21,39.23,66.39,3,0,7,4.53,55.03
S108889,56.75,67.63,57.98,71.0,5,0,8,5.12,24.36
S108890,94.82,55.0,92.82,43.41,0,1,8,2.39,41.75
S108891,49.48,79.48,57.42,31.45,2,0,3,7.66,38.43
S108892,67.49,23.22,47.66,46.67,6,3,3,4.28,58.72
S108893,89.18,87.54,62.93,51.79,3,1,5,9.05,44.27
S108894,29.32,33.19,97.33,75.62,3,2,6,6.41,56.71
S108895,87.04,49.12,66.18,66.47,3,0,4,7.28,25.99
S108896,36.88,93.38,53.64,69.47,3,1,2,5.05,65.67
S108897,66.77,63.06,78.9,32.11,2,3,2,2.43,73.78
S108898,41.02,56.93,56.57,70.18,3,0,4,2.04,47.76
S108899,32.74,63.25,43.27,63.59,5,0,10,0.0,20.08
S108900,82.81,63.82,100.0,87.52,3,2,6,1.78,56.11
S108901,65.45,49.69,54.63,,2,1,7,1.59,12.91
S108902,58.6,68.67,57.75,57.69,2,1,1,5.86,47.32
S108903,33.59,49.11,76.79,61.23,2,1,6,6.06,43.5
S108904,88.38,91.66,54.25,67.19,0,0,3,7.87,29.1
S108905,59.63,71.8,49.82,45.8,3,1,4,0.0,23.88
S108906,54.08,20.25,80.07,84.11,0,1,4,4.61,58.25
S108907,33.81,55.11,54.36,68.19,4,0,5,1.48,44.89
S108908,80.79,66.02,64.35,69.67,1,0,3,5.8,45.46
S108909,61.72,56.88,61.03,86.04,2,0,1,2.32,23.73
S108910,65.63,22.48,47.89,65.78,5,2,3,6.97,58.73
S108911,38.83,55.08,60.87,65.03,1,4,5,7.85,26.14
S108912,77.14,78.48,42.16,43.29,2,1,2,6.61,22.9
S108913,85.19,77.83,67.95,45.13,2,1,2,0.49,51.79
S108914,45.49,59.85,47.73,73.01,0,0,4,5.26,76.26
S108915,40.66,85.34,61.49,89.9,4,2,4,7.82,43.15
S108916,,41.83,60.6,31.37,3,2,1,5.54,34.5
S108917,41.8,93.97,72.24,20.3,1,0,6,8.81,41.11
S108918,0.0,94.57,44.31,37.48,7,0,5,5.4,53.02
S108919,50.76,73.97,47.82,,5,0,9,7.19,28.56
S108920,88.64,51.5,80.64,52.45,4,1,6,3.16,42.66
S108921,52.74,42.15,55.19,64.21,1,1,4,4.84,29.64
S108922,53.42,48.3,76.86,69.65,2,2,5,2.48,81.0
S108923,90.02,52.92,56.61,,2,1,3,6.59,47.91
S108924,40.68,66.66,60.06,46.77,0,1,2,5.38,50.88
S108925,62.08,78.27,97.02,95.99,0,0,3,6.9,65.03
S108926,64.3,26.71,39.02,83.3,2,3,4,2.1,53.01
S108927,78.51,22.09,61.08,39.66,2,0,4,7.16,45.73
S108928,25.86,73.11,67.74,46.28,2,0,1,8.8,52.48
S108929,32.67,59.07,37.31,86.52,3,1,3,5.82,61.28
S108930,81.64,77.66,35.83,58.12,1,0,2,5.23,39.41
S108931,55.34,61.69,56.61,60.91,0,2,4,4.78,49.6
S108932,31.35,83.52,46.49,62.05,0,2,3,7.35,62.65
S108933,52.35,39.8,53.52,56.21,3,0,4,9.87,91.46
S108934,64.5,54.65,70.54,65.85,3,1,6,4.75,67.99
S108935,36.76,47.87,46.21,75.81,5,1,2,3.97,40.26
S108936,71.11,57.34,50.52,28.5,1,2,3,1.99,77.89
S108937,100.0,82.83,53.41,60.64,3,1,1,4.86,58.5
S108938,74.34,84.78,79.26,24.55,2,2,5,5.17,48.41
S108939,,53.11,67.26,22.15,2,0,4,6.94,50.54
S108940,30.7,32.28,71.99,54.79,1,2,1,4.52,46.46
S108941,46.04,55.68,40.74,30.63,1,0,2,5.71,56.52
S108942,59.43,71.99,34.1,42.1,1,4,4,4.81,58.91
S108943,72.93,42.94,65.04,49.86,4,1,2,5.79,48.45
S108944,78.98,41.06,62.57,64.09,7,2,2,5.66,52.5
S108945,65.0,18.38,86.88,37.74,3,0,4,7.64,30.37
S108946,61.15,77.56,59.79,66.64,3,1,6,3.34,54.5
S108947,32.98,61.15,75.41,39.44,3,1,4,4.77,74.77
S108948,47.89,52.95,68.58,52.41,3,1,3,5.6,42.21
S108949,50.35,55.36,55.09,73.61,1,1,6,7.44,42.6
S108950,59.53,83.94,59.9,70.48,3,1,2,7.33,33.22
S108951,45.68,68.18,71.51,79.93,4,1,8,5.86,30.53
S108952,49.36,22.69,62.3,72.7,1,0,5,5.31,63.39
S108953,31.69,59.35,70.33,,3,0,3,8.8,43.25
S108954,75.96,100.0,42.02,43.11,2,2,3,5.24,66.51
S108955,67.9,55.11,49.97,55.99,5,1,6,4.7,57.17
S108956,52.48,54.4,57.02,51.25,4,1,3,1.78,35.5
S108957,35.08,53.11,59.5,62.16,1,1,6,5.04,15.38
S108958,91.4 ,68.92,57.2,39.67,1,0,4,3.29,79.01
S108959,51.01,50.15,73.88,65.64,0,0,3,6.85,60.46
S108960,75.2,43.67,51.49,65.6,2,1,2,4.84,85.03
S108961,74.52,76.63,53.24,,4,0,2,3.98,71.65
S108962,51.24,81.04,40.13,22.54,0,0,1,7.61,38.02
S108963,54.17,50.94,67.51,30.83,3,0,4,2.75,64.96
S108964,78.4,61.76,61.57,44.21,3,0,5,6.89,17.08
S108965,,60.29,67.45,44.21,0,0,7,8.04,71.48
S108966,55.06,80.15,26.47,48.32,4,1,5,4.13,61.04
S108967,61.17,52.04,59.22,48.12,0,0,5,2.23,41.84
S108968,63.37,54.16,54.06,,3,0,4,6.55,47.59
S108969,54.89,82.42,59.25,53.59,3,0,2,5.13,58.93
S108970,48.97,65.57,50.32,48.35,2,1,1,8.11,41.84
S108971,,43.52,52.51,73.15,2,0,0,4.46,71.55
S108972,56.17,73.49,65.41,53.37,4,0,4,1.16,57.0
S108973,100.0,95.2,27.1,53.24,3,1,4,3.18,31.44
S108974,36.79,100.0,42.47,37.08,4,0,2,8.43,0.0
S108975,55.23,55.95,45.41,57.71,2,3,2,4.09,77.13
S108976,63.05,44.03,59.45,61.13,4,1,4,7.54,64.38
S108977,50.55,68.01,57.36,51.96,4,0,5,3.79,91.42
S108978,41.08,70.54,96.7,46.58,2,1,2,10.0,65.93
S108979,79.3,32.74,42.28,56.51,3,1,8,9.17,39.14
S108980,54.3,57.15,47.19,56.57,3,1,4,6.11,50.45
S108981,64.57,53.88,44.96,48.11,1,1,3,0.6,70.75
S108982,41.58,49.34,90.32,79.94,3,0,6,5.13,51.37
S108983,53.57,56.87,41.41,50.66,3,0,2,6.85,34.48
S108984,55.04,54.23,72.21,51.62,4,3,1,3.96,78.95
S108985,49.24,40.34,44.46,51.0,5,0,9,4.57,81.68
S108986,44.99,67.56,43.71,35.0,2,0,4,6.31,76.31
S108987,71.08,61.96,72.81,90.25,4,0,2,0.0,45.47
S108988,81.57,55.2,61.19,56.25,2,1,3,3.16,67.75
S108989,42.12,73.52,50.75,27.97,7,0,6,9.1,20.71
S108990,52.83,92.52,48.71,25.62,3,0,1,2.49,37.46
S108991,35.02,45.92,52.57,2.5,3,0,3,5.92,56.96
S108992,31.26,48.91,65.05,61.99,1,1,8,5.49,11.83
S108993,42.94,87.33,66.91,94.73,2,1,3,3.08,51.82
S108994,57.99,42.55,26.54,49.92,2,1,3,6.85,12.13
S108995,71.02,83.44,46.72,43.73,4,0,1,6.23,68.67
S108996,65.3,79.76,49.18,55.25,0,1,4,5.73,45.11
S108997,26.21,92.3,60.37,76.04,1,0,6,7.43,62.16
S108998,54.57,40.84,71.96,43.95,4,1,3,4.9,63.15
S108999,20.15,49.78,76.88,40.25,3,0,4,0.0,63.09
S109000,77.25,56.89,72.02,73.13,3,0,6,10.0,48.63
S109001,71.69,70.61,51.84,39.08,3,0,4,9.94,44.31
S109002,40.08,92.93,54.33,97.3,8,1,9,8.4,61.93
S109003,76.9,39.99,53.41,38.5,3,0,4,2.85,69.17
S109004,68.49,60.15,55.72,72.45,2,0,5,4.21,80.04
S109005,62.87,62.9,73.28,53.0,2,1,6,1.8,23.94
S109006,92.62,47.0,66.65,19.39,3,1,5,10.0,100.0
S109007,55.96,55.09,71.78,34.37,1,0,0,4.47,65.65
S109008,62.06,53.3,60.58,90.1,0,0,5,6.36,58.79
S109009,67.18,57.95,87.62,67.2,4,0,3,5.22,57.91
S109010,27.14,58.57,52.91,67.38,2,2,5,7.67,28.63
S109011,75.81,70.77,61.91,33.69,3,0,5,7.62,38.89
S109012,41.36,62.46,69.46,,3,2,7,8.65,76.89
S109013,50.14,71.72,69.76,72.11,3,0,2,2.94,46.4
S109014,45.81,69.29,65.71,43.77,3,0,4,0.0,41.54
S109015,55.26,59.75,64.19,77.12,3,0,1,2.62,54.96
S109016,38.41,57.29,46.5,61.4,2,0,4,6.07,44.38
S109017,68.79,64.68,78.86,71.02,5,0,2,6.33,48.21
S109018,69.64,54.09,80.53,53.36,3,0,2,2.23,81.35
S109019,49.86,51.55,37.74,60.39,0,1,0,8.3,31.78
S109020,74.54,44.76,56.98,69.05,1,0,6,3.34,9.21
S109021,74.26,36.04,63.29,38.53,3,0,5,3.85,55.95
S109022,41.06,29.57,51.03,32.72,1,0,4,8.52,48.3
S109023,59.68,82.94,72.91,42.6,4,0,4,6.11,15.85
S109024,73.88,57.88,47.44,45.99,2,1,0,5.17,100.0
S109025,81.94,75.75,54.09,64.87,3,3,5,1.86,53.96
S109026,46.0 ,86.75,63.21,87.46,2,1,3,10.0,61.48
S109027,70.19,57.45,47.53,22.99,3,0,5,5.15,57.65
S109028,61.85,35.88,77.82,61.12,7,1,4,9.55,29.88
S109029,41.16,100.0,60.44,70.88,1,1,7,8.59,72.07
S109030,46.5,96.56,56.49,73.95,3,0,3,7.51,41.7
S109031,57.2,100.0,35.28,40.53,2,0,2,4.48,88.39
S109032,51.02,80.29,42.63,59.27,3,1,4,3.55,63.42
S109033,64.51,51.41,54.31,63.97,2,0,3,2.12,47.26
S109034,64.94,74.57,47.0,43.58,4,0,5,3.91,13.26
S109035,79.52,77.91,57.68,45.7,6,1,3,7.53,21.91
S109036,56.23,70.37,69.04,81.81,2,0,6,6.59,80.57
S109037,76.58,68.91,75.27,30.76,4,1,5,1.78,73.13
S109038,39.44,60.7,43.63,65.62,0,0,2,9.63,81.34
S109039,61.06,83.73,39.56,51.11,4,0,3,4.27,27.55
S109040,42.96,66.58,71.25,41.61,0,0,5,6.37,60.72
S109041,61.0,50.85,53.18,41.44,5,1,2,5.53,73.44
S109042,33.85,53.26,61.46,53.89,2,1,8,5.72,57.61
S109043,57.38,67.86,53.09,12.89,4,0,4,6.25,45.18
S109044,59.98,87.36,48.59,61.23,2,0,3,3.66,11.97
S109045,65.53,31.11,65.81,42.15,3,1,3,7.25,51.56
S109046,64.4,22.14,53.56,34.12,3,0,5,8.13,39.02
S109047,55.39,78.89,79.83,49.92,3,0,5,4.09,53.4
S109048,67.52,60.8,66.35,56.44,3,2,0,8.1,66.92
S109049,43.26,66.03,49.66,66.95,7,1,2,4.03,66.16
S109050,35.18,44.82,78.95,60.98,2,1,4,8.52,93.88
S109051,45.42,41.96,82.76,49.03,0,2,2,9.21,32.13
S109052,76.48,50.58,39.58,48.97,6,2,3,2.17,61.37
S109053,66.73,47.04,42.92,60.31,0,1,6,6.82,33.13
S109054,86.3,58.97,67.55,58.38,2,3,3,8.1,62.08
S109055,49.78,36.32,89.24,46.36,2,1,7,4.45,57.52
S109056,41.74,52.92,73.75,31.39,3,0,4,8.85,29.67
S109057,63.25,44.65,44.97,58.01,2,1,5,8.54,48.57
S109058,54.47,49.25,78.09,56.04,2,1,1,3.68,57.4
S109059,48.97,57.46,48.26,57.95,2,1,4,10.0,60.42
S109060,47.76,69.76,64.17,52.07,5,0,3,3.1,17.78
S109061,56.0,61.65,43.67,61.6,3,4,4,5.53,68.63
S109062,39.34,57.86,60.81,59.49,0,0,5,7.52,63.15
S109063,48.77,60.02,55.96,61.31,1,0,4,8.65,38.67
S109064,71.6,47.36,60.91,60.58,2,0,7,4.51,39.5
S109065,87.3,65.33,49.27,68.95,3,0,1,4.67,43.11
S109066,61.16,28.52,60.31,56.43,4,0,0,6.86,57.05
S109067,17.38,73.09,27.2,59.75,5,2,2,7.79,68.72
S109068,77.15,59.19,40.92,40.65,2,1,10,6.94,15.91
S109069,60.18,68.04,71.68,46.82,2,1,6,8.53,46.41
S109070,,43.37,56.07,62.29,5,2,3,4.56,100.0
S109071,42.17,48.66,73.18,54.57,2,1,6,5.71,63.88
S109072,45.53,23.51,59.56,38.36,1,0,0,5.68,81.71
S109073,32.02,62.18,60.7,56.12,4,0,8,8.75,30.84
S109074,62.16,67.97,38.48,0.0,1,1,5,8.48,43.64
S109075,46.98,69.15,34.53,44.85,4,1,2,7.61,45.18
S109076,70.67,71.28,51.11,54.33,3,0,1,6.52,61.17
S109077,100.0,72.59,72.02,22.87,6,0,6,0.36,15.53
S109078,54.68,54.35,66.87,55.29,3,0,4,4.02,65.93
S109079,39.6,76.1,81.25,63.57,3,1,5,8.03,70.33
S109080,46.81,61.29,57.31,41.01,5,3,4,2.93,67.97
S109081,54.27,79.23,51.7,62.97,4,1,3,8.2,55.02
S109082,58.91,76.48,22.2,36.9,2,1,2,7.45,11.87
S109083,82.14,72.57,50.76,51.15,2,0,5,10.0,40.96
S109084,82.46,80.77,43.65,51.88,5,1,6,3.43,51.94
S109085,78.84,64.11,55.03,57.91,0,0,3,2.41,55.09
S109086,55.09,51.08,60.45,83.39,3,0,2,6.96,30.56
S109087,40.55,38.98,55.06,23.13,2,2,6,0.99,55.37
S109088,50.42,73.33,39.24,48.69,6,2,3,8.77,4.15
S109089,53.41,79.92,72.82,38.21,2,3,5,0.67,48.48
S109090,73.85,61.8,33.46,65.06,4,0,2,6.19,87.3
S109091,55.94,66.81,51.34,53.37,3,1,4,5.9,30.57
S109092,60.94,52.11,93.78,41.83,2,1,6,5.79,28.21
S109093,100.0,55.78,81.06,58.59,2,0,3,5.75,47.43
S109094,37.56,52.2,66.3,51.98,3,0,7,3.58,68.84
S109095,49.98,61.95,55.91,46.86,1,2,4,5.65,50.75
S109096,85.81,76.54,64.01,58.27,3,2,2,9.84,58.18
S109097,70.39,40.83,44.85,52.78,0,0,5,6.25,44.2
S109098,34.51,59.62,64.62,53.71,4,0,3,4.82,0.0
S109099,58.34,57.52,61.33,42.04,1,0,3,3.59,53.21
S109100,52.97,28.93,24.97,46.49,1,0,3,5.94,51.36
S109101,74.73,81.89,72.64,49.7,3,1,7,6.83,33.69
S109102,80.81,48.42,78.28,83.72,2,0,6,6.15,100.0
S109103,66.73,39.84,70.55,50.65,4,0,2,5.78,69.68
S109104,84.13,39.96,46.12,68.23,3,0,7,9.41,58.51
S109105,26.65,52.94,66.6,43.25,2,2,8,8.51,46.51
S109106,,41.94,52.44,60.67,6,2,2,4.83,59.3
S109107,54.08,64.49,45.54,63.81,2,1,5,0.04,46.07
S109108,54.8,42.89,89.88,63.87,1,0,4,7.14,44.98
S109109,32.07,45.83,31.95,72.21,2,1,5,0.44,36.14
S109110,37.84,45.7,46.23,59.38,6,1,7,3.61,100.0
S109111,65.22,39.38,60.6,56.67,0,1,2,9.7,74.48
S109112,79.34,83.75,12.63,17.28,4,1,1,5.23,60.44
S109113,52.72,100.0,47.25,79.76,1,0,4,4.7,54.69
S109114,30.87,70.34,64.6,99.47,2,1,4,6.39,17.21
S109115,51.87,74.08,57.93,37.04,2,0,0,4.0,68.27
S109116,38.09,62.71,32.82,43.79,3,0,8,8.69,45.08
S109117,19.79,55.62,75.52,57.52,2,0,4,6.73,47.58
S109118,62.61,71.31,46.89,54.8,1,0,6,4.41,54.27
S109119,43.31,78.28,52.14,50.3,5,0,5,9.39,74.02
S109120,37.11,51.9,58.45,15.95,0,2,3,5.99,38.79
S109121,100.0,55.89,48.7,39.41,2,0,5,8.19,94.29
S109122,50.5,88.12,75.07,61.65,2,3,5,2.7,72.63
S109123,61.48,56.56,9.79,46.78,2,0,4,4.42,14.02
S109124,18.9,77.02,54.31,67.91,3,0,2,0.12,65.96
S109125,25.6,51.82,55.43,48.21,4,0,5,2.95,34.25
S109126,84.32,67.44,56.55,21.53,2,1,5,3.31,78.1
S109127,53.4,54.34,50.91,78.97,5,1,6,6.76,63.83
S109128,49.87,75.71,72.79,58.8,1,1,4,10.0,41.07
S109129,57.3 ,61.14,46.88,64.49,3,2,1,7.04,13.05
S109130,70.7,53.7,63.22,57.1,1,0,10,4.29,87.4
S109131,70.0 ,80.55,79.71,32.01,2,1,3,5.16,82.61
S109132,56.45,63.46,45.45,32.48,2,1,3,5.76,47.41
S109133,82.74,81.56,47.75,63.44,4,1,4,7.8,6.37
S109134,42.6 ,60.48,72.26,39.62,3,1,3,4.58,52.37
S109135,54.9,54.62,57.13,71.93,3,2,6,5.99,16.97
S109136,68.62,83.55,51.48,47.54,2,2,4,3.21,42.77
S109137,63.67,76.23,72.03,67.79,3,0,3,10.0,60.89
S109138,50.87,69.12,69.3,88.44,4,1,0,3.63,59.27
S109139,77.31,48.09,48.28,47.63,1,0,6,7.65,77.53
S109140,91.72,57.45,68.67,56.77,6,1,0,5.68,30.3
S109141,52.81,46.76,52.96,65.28,5,1,2,7.93,66.67
S109142,27.64,61.5,51.43,42.91,1,2,4,3.21,32.15
S109143,48.4,76.24,53.74,94.7,1,1,1,3.3,45.64
S109144,72.74,75.41,28.42,95.69,3,1,6,0.27,45.48
S109145,66.27,59.45,44.42,67.72,2,0,2,7.15,59.93
S109146,39.46,84.54,47.49,63.43,1,0,4,4.46,61.51
S109147,70.98,66.93,86.68,29.16,4,0,4,4.05,70.44
S109148,40.45,70.78,34.59,34.71,1,1,5,9.38,62.02
S109149,94.28,47.28,49.19,47.57,6,1,3,5.0,54.2
S109150,42.98,80.95,27.22,80.53,3,0,4,7.93,33.04
S109151,35.01,35.77,40.64,97.47,3,1,0,2.61,91.02
S109152,41.62,44.55,41.1,36.0,1,2,2,9.83,34.47
S109153,36.96,59.98,60.87,27.99,2,0,2,7.03,44.81
S109154,41.77,74.16,29.21,37.64,2,2,5,5.23,44.07
S109155,89.98,57.5,16.18,49.89,3,0,1,6.51,31.97
S109156,54.69,44.75,37.6,72.48,3,1,2,7.59,34.53
S109157,74.89,72.29,61.9,86.9,4,1,6,3.79,80.35
S109158,79.79,40.23,56.46,57.63,1,1,5,8.1,29.21
S109159,60.12,65.93,53.46,42.33,5,1,8,2.08,30.9
S109160,77.02,61.82,74.81,41.3,3,0,4,7.71,57.34
S109161,57.9,61.47,72.83,,5,2,3,3.72,36.07
S109162,50.76,53.28,35.54,95.25,4,2,1,10.0,97.47
S109163,62.17,64.55,44.43,44.66,5,0,2,8.23,61.32
S109164,67.76,57.01,49.7,69.14,3,1,1,3.01,54.61
S109165,41.52,44.39,45.33,72.05,3,1,4,6.82,6.8
S109166,97.84,59.85,56.99,49.42,1,1,1,3.19,28.65
S109167,58.0 ,62.23,84.3,88.98,1,3,7,3.94,45.29
S109168,71.75,62.59,64.48,26.72,3,0,2,5.16,57.65
S109169,75.25,53.14,51.66,43.17,2,2,4,3.75,64.07
S109170,69.32,71.18,55.13,69.32,3,0,4,6.31,15.31
S109171,87.59,47.02,46.58,19.52,2,0,9,2.95,70.72
S109172,76.04,42.48,40.76,50.71,2,2,4,6.23,61.06
S109173,60.39,52.67,58.0,67.55,3,0,3,6.38,29.12
S109174,52.16,51.01,66.23,37.77,4,2,6,3.99,40.7
S109175,38.59,37.27,84.84,52.99,3,0,1,9.25,47.25
S109176,54.39,55.76,75.87,46.53,3,1,4,6.77,65.8
S109177,43.9,79.49,73.15,69.23,2,0,4,5.78,45.77
S109178,45.82,82.91,68.12,74.63,1,1,3,6.45,51.53
S109179,64.49,58.8,47.86,64.95,4,1,5,4.42,40.8
S109180,55.87,63.68,64.61,73.25,3,0,4,6.12,61.97
S109181,86.54,16.94,61.41,43.75,3,1,5,2.7,56.61
S109182,74.99,27.45,63.46,32.38,2,1,7,4.16,60.72
S109183,37.66,70.63,41.34,37.09,2,2,3,8.32,56.45
S109184,70.59,82.98,60.7,80.25,3,1,3,4.11,45.71
S109185,46.23,56.04,52.57,41.89,1,0,7,0.0,33.62
S109186,65.8,55.79,85.38,75.84,7,1,5,7.45,50.27
S109187,75.42,76.05,50.29,54.34,1,0,4,8.11,53.3
S109188,59.03,66.01,87.11,27.89,0,0,3,3.83,66.93
S109189,66.39,61.84,75.56,65.86,1,1,1,6.89,21.1
S109190,37.13,80.64,81.07,66.92,3,0,3,6.03,28.93
S109191,69.33,53.52,56.59,49.38,3,0,4,4.0,54.14
S109192,83.36,54.72,31.95,67.22,1,0,3,9.12,50.44
S109193,5.06,45.07,86.99,75.09,4,0,2,5.04,56.03
S109194,66.07,54.35,39.72,38.27,4,0,3,6.5,48.57
S109195,98.46,51.26,56.2,62.54,3,1,1,8.91,58.79
S109196,59.0,70.65,58.05,35.97,2,1,4,5.39,65.85
S109197,36.47,69.21,31.82,68.14,2,0,3,4.6,53.39
S109198,85.93,69.7,37.6,44.99,2,1,1,3.98,65.69
S109199,57.92,22.44,44.45,85.6,4,0,2,7.65,50.17
S109200,39.66,89.67,73.95,41.19,3,1,2,8.11,53.67
S109201,65.05,48.38,69.3,87.76,1,0,1,9.05,58.19
S109202,16.71,50.9,46.86,25.42,3,1,3,3.75,56.33
S109203,25.06,66.09,61.24,63.3,1,0,2,5.76,52.55
S109204,86.75,51.53,75.95,53.5,1,0,4,4.45,46.36
S109205,47.56,52.84,26.46,35.42,2,1,2,3.65,39.08
S109206,70.91,31.08,41.16,73.86,0,0,5,6.57,22.2
S109207,46.65,54.38,53.62,36.02,1,0,5,2.31,57.19
S109208,66.43,77.64,44.56,43.96,1,1,1,6.94,73.9
S109209,37.27,51.53,86.22,42.32,5,0,5,4.24,41.8
S109210,40.16,68.9,71.85,63.13,4,1,5,7.99,70.24
S109211,18.46,32.26,55.26,65.75,5,0,2,8.64,52.72
S109212,24.71,72.51,68.94,48.39,3,1,4,4.71,57.45
S109213,47.04,55.09,45.56,60.44,4,3,3,6.18,71.57
S109214,0.91,53.14,36.48,35.72,0,1,4,5.91,16.88
S109215,60.66,55.05,47.86,53.99,5,0,3,10.0,52.2
S109216,54.09,58.15,39.72,100.0,4,0,3,8.9,53.21
S109217,75.35,73.16,76.96,43.58,4,1,3,10.0,66.56
S109218,34.94,65.83,35.88,91.6,3,3,0,7.39,36.11
S109219,42.63,31.42,39.86,66.51,1,0,6,8.46,59.61
S109220,67.4,48.54,63.37,40.21,2,2,2,4.75,66.02
S109221,46.36,52.67,84.88,73.93,2,1,3,7.95,51.42
S109222,65.82,78.03,100.0,84.19,0,1,5,2.46,50.0
S109223,50.84,70.95,88.26,44.53,0,1,3,5.89,27.92
S109224,49.37,60.92,57.91,59.42,3,0,7,6.97,56.83
S109225,55.43,55.86,58.26,41.36,0,2,3,8.22,60.37
S109226,47.79,39.62,48.71,51.87,0,3,3,7.39,30.43
S109227,47.31,55.36,40.95,70.14,3,0,2,3.6,41.98
S109228,63.85,21.37,38.38,58.73,4,0,4,7.42,24.4
S109229,17.73,90.97,33.53,38.84,3,1,3,7.77,54.2
S109230,57.31,84.08,53.15,91.09,7,3,4,9.48,35.83
S109231,58.82,46.04,33.05,66.51,4,0,3,7.16,40.55
S109232,50.96,55.45,63.16,37.76,6,0,1,4.3,32.22
S109233,100.0,100.0,55.18,55.28,1,1,4,5.37,43.55
S109234,95.32,51.51,87.91,76.74,2,0,3,0.0,28.59
S109235,63.73,61.94,51.71,46.66,5,0,2,4.15,78.66
S109236,77.62,65.16,75.45,55.72,8,2,2,6.94,13.84
S109237,,58.61,63.14,,5,0,1,6.23,57.69
S109238,44.5 ,27.0,87.85,51.73,6,0,5,7.55,52.15
S109239,48.51,78.23,80.65,71.67,0,2,5,0.91,37.24
S109240,72.19,69.9,25.85,51.38,2,3,3,7.19,59.49
S109241,49.08,64.76,37.27,58.5,2,0,4,6.24,51.46
S109242,62.78,67.67,52.18,73.92,3,0,5,8.68,92.31
S109243,26.47,78.85,36.0,14.91,1,2,3,2.71,73.25
S109244,89.6,75.04,51.59,53.51,3,0,4,4.17,74.03
S109245,66.81,79.67,41.05,,2,0,6,2.77,50.87
S109246,65.28,81.97,44.7,89.0,4,0,2,4.17,77.39
S109247,80.45,65.57,44.85,45.86,0,0,2,3.29,66.23
S109248,41.67,73.58,40.15,86.15,5,0,5,5.25,60.58
S109249,35.57,64.8,65.58,72.56,1,2,3,8.08,65.21
S109250,66.0,100.0,47.86,65.8,6,0,1,8.61,37.01
S109251,72.19,73.81,64.93,11.68,4,0,3,4.38,63.69
S109252,77.26,63.66,63.41,91.12,1,0,7,3.01,48.15
S109253,76.06,49.78,35.5,57.29,3,0,4,8.2,27.03
S109254,78.74,64.18,76.63,65.59,2,0,8,10.0,59.31
S109255,46.89,45.29,73.82,59.01,1,0,4,10.0,49.25
S109256,26.12,68.69,46.03,46.46,6,1,6,5.25,34.71
S109257,46.67,64.22,69.14,82.46,2,0,2,6.82,26.42
S109258,47.65,65.48,47.84,83.13,2,1,1,5.95,44.03
S109259,66.76,44.12,54.33,38.54,0,0,3,9.01,55.15
S109260,82.57,50.03,61.17,70.28,2,2,3,3.47,63.51
S109261,61.71,58.92,71.57,73.37,2,1,3,5.75,51.88
S109262,79.88,39.05,27.82,45.49,1,0,5,2.22,32.67
S109263,74.41,42.51,76.73,52.13,5,2,4,2.2,68.32
S109264,61.35,63.14,29.5,69.01,2,0,4,8.07,19.26
S109265,42.98,76.28,33.19,34.04,1,3,6,0.27,45.11
S109266,2.67,29.26,70.86,31.11,2,1,2,5.1,42.97
S109267,51.1 ,64.79,68.29,38.54,1,0,1,5.56,86.52
S109268,58.13,58.86,71.18,90.64,2,1,4,6.27,0.76
S109269,50.43,67.71,73.36,26.0,3,0,7,6.26,54.12
S109270,58.15,67.52,48.76,30.17,3,1,4,3.64,54.71
S109271,33.32,58.54,43.54,54.02,5,0,3,3.13,39.45
S109272,49.49,59.01,47.81,92.57,4,0,4,7.33,69.69
S109273,22.82,64.74,39.24,62.11,3,1,3,6.69,36.5
S109274,89.59,66.77,63.63,60.65,0,1,4,1.95,71.3
S109275,74.78,45.86,26.53,100.0,3,1,2,0.36,32.46
S109276,74.93,52.06,38.21,64.86,1,1,6,5.43,45.91
S109277,50.16,58.38,58.45,63.97,1,1,3,5.93,51.64
S109278,58.62,40.63,41.19,38.35,2,0,2,10.0,38.02
S109279,42.69,53.88,74.06,45.57,1,1,4,3.24,57.49
S109280,38.84,55.42,66.99,65.1,1,1,3,10.0,73.98
S109281,33.86,54.1,47.91,55.4,4,2,4,0.0,52.66
S109282,77.23,80.69,47.23,39.66,0,0,7,9.64,46.83
S109283,34.94,63.81,65.31,37.07,2,0,5,8.01,57.87
S109284,70.23,68.47,34.83,47.5,0,2,1,6.34,30.2
S109285,61.18,81.28,83.08,58.68,0,0,2,3.73,42.43
S109286,76.51,46.71,47.34,48.82,2,1,3,5.22,61.51
S109287,52.55,81.64,23.62,60.16,0,0,3,6.31,48.01
S109288,56.8,71.06,39.73,67.91,2,1,6,6.04,46.47
S109289,46.04,75.17,44.82,37.12,6,1,3,2.2,70.2
S109290,31.27,79.84,48.8,37.67,0,0,3,9.67,57.87
S109291,,57.5,72.72,66.61,1,1,2,3.95,50.33
S109292,81.73,74.96,46.24,35.87,3,0,8,9.03,21.49
S109293,56.19,52.75,62.69,46.89,6,1,5,8.9,49.35
S109294,50.41,43.42,47.07,18.44,4,0,2,4.92,35.71
S109295,41.54,60.13,62.88,22.71,3,0,6,6.92,77.64
S109296,61.2,14.03,50.0,42.74,2,1,8,7.83,57.88
S109297,40.01,60.74,42.35,65.89,6,1,2,4.5,47.96
S109298,37.98,23.48,61.59,53.63,4,0,3,4.66,50.65
S109299,65.03,63.9,54.47,42.98,2,0,6,7.52,19.08
S109300,76.62,65.6,37.91,45.11,6,0,4,3.39,52.06
S109301,60.34,61.01,47.97,39.39,2,2,5,9.09,63.27
S109302,48.34,24.43,70.0,31.81,3,1,2,6.69,58.77
S109303,,53.57,62.68,53.61,1,0,3,1.7,66.02
S109304,75.84,34.73,51.8,17.18,4,0,8,4.62,66.72
S109305,33.79,57.31,51.51,43.93,3,0,0,5.09,68.59
S109306,44.83,54.67,48.26,46.0,5,1,3,3.58,69.06
S109307,58.75,54.73,82.38,36.5,4,0,6,5.94,69.51
S109308,33.73,51.78,45.55,54.66,6,0,6,9.8,60.07
S109309,93.3,55.45,43.48,53.7,3,0,4,6.44,44.96
S109310,53.52,26.45,43.06,32.75,3,1,5,4.81,66.71
S109311,29.94,52.56,28.06,44.14,2,0,2,5.18,33.35
S109312,51.25,51.41,43.08,55.17,0,0,5,0.0,40.33
S109313,60.47,76.45,55.12,76.78,2,1,6,8.18,58.19
S109314,86.85,68.65,53.45,81.77,2,1,6,10.0,33.5
S109315,,52.5,51.6,67.55,0,0,2,5.09,52.45
S109316,53.68,57.5,47.31,36.79,3,2,5,6.46,53.29
S109317,57.47,66.3,55.97,45.0,1,3,4,7.03,24.44
S109318,71.38,100.0,40.93,61.66,1,2,1,7.78,35.4
S109319,84.8,66.99,81.37,26.39,2,0,4,5.73,30.97
S109320,51.92,67.64,72.73,70.88,2,3,8,3.4,52.03
S109321,57.32,66.75,34.12,55.23,3,0,3,2.7,59.91
S109322,79.81,71.77,83.67,26.2,2,0,1,6.46,61.61
S109323,,25.18,48.28,43.07,2,0,4,9.06,47.62
S109324,82.53,78.5,55.87,26.97,3,0,2,1.9,59.99
S109325,40.62,25.52,27.66,,2,0,5,2.93,33.82
S109326,67.81,100.0,88.35,76.83,1,0,2,4.69,46.55
S109327,43.1,74.78,45.35,34.92,1,0,2,2.13,65.43
S109328,44.14,41.44,69.77,57.06,3,3,4,8.36,37.83
S109329,70.24,83.85,54.39,56.39,1,2,2,8.17,57.28
S109330,47.39,69.64,55.33,58.72,7,0,6,6.2,31.3
S109331,55.15,75.91,61.08,59.63,2,2,2,8.11,49.53
S109332,73.04,39.39,45.07,36.07,2,0,2,4.72,77.1
S109333,70.68,43.28,50.47,48.21,1,0,4,3.7,22.49
S109334,68.47,59.02,71.15,36.32,0,0,3,8.11,79.19
S109335,55.79,36.44,61.84,49.34,0,1,4,8.3,36.86
S109336,55.88,34.91,40.83,41.79,2,1,4,3.77,29.36
S109337,39.14,78.37,85.6,32.12,4,1,2,8.91,57.51
S109338,36.08,83.16,55.7,82.89,4,1,3,7.47,54.52
S109339,51.54,71.46,62.66,38.04,4,0,5,5.16,44.2
S109340,26.59,62.29,38.23,64.0,2,2,10,2.82,67.73
S109341,34.18,46.25,51.43,22.86,5,1,1,6.05,52.64
S109342,19.2,40.17,57.62,93.73,4,0,3,2.76,47.33
S109343,56.13,42.98,84.83,64.95,2,0,3,6.57,49.94
S109344,55.11,69.19,67.66,42.02,5,0,2,6.05,9.27
S109345,57.21,100.0,56.65,59.76,1,1,3,6.07,46.98
S109346,63.01,50.6,88.6,25.27,2,0,6,7.01,57.93
S109347,43.36,50.68,85.48,57.2,3,2,6,6.27,93.22
S109348,22.26,73.89,62.05,92.9,4,2,8,2.25,60.24
S109349,73.34,72.54,67.17,53.47,8,0,5,3.55,86.32
S109350,69.24,51.9,67.21,51.2,2,0,6,5.36,17.03
S109351,73.18,62.29,57.9,49.86,3,0,7,4.21,53.42
S109352,75.81,78.4,65.56,47.47,2,0,6,6.33,65.84
S109353,41.32,67.63,60.81,62.52,4,1,7,4.6,52.44
S109354,49.2,80.94,47.87,63.37,1,0,3,0.0,29.99
S109355,57.98,9.73,29.63,52.42,3,1,4,7.8,47.25
S109356,20.35,54.97,74.99,65.3,1,1,3,7.55,25.04
S109357,79.95,78.78,35.07,58.93,3,0,4,1.42,70.03
S109358,61.36,66.72,60.74,81.47,1,0,1,6.21,54.7
S109359,44.43,66.62,63.06,74.35,2,1,2,5.19,50.93
S109360,49.02,87.37,67.68,55.11,3,0,3,1.38,47.73
S109361,40.93,68.15,43.09,40.16,1,2,4,5.68,29.7
S109362,59.03,91.18,46.48,34.06,1,2,3,10.0,51.26
S109363,59.02,72.02,24.52,57.01,1,1,7,4.66,80.96
S109364,71.29,58.89,98.36,48.66,4,0,3,5.58,95.67
S109365,70.68,46.16,43.32,51.08,2,1,4,4.38,75.04
S109366,95.22,59.58,17.76,80.07,0,2,4,5.26,71.66
S109367,14.37,75.4,67.66,8.75,2,0,3,8.57,53.78
S109368,44.63,79.52,48.68,62.9,0,1,6,7.6,65.18
S109369,68.43,80.36,80.2,35.68,5,0,2,4.62,48.99
S109370,74.4,79.65,37.18,43.63,1,2,2,6.73,30.42
S109371,25.64,46.24,80.75,35.5,4,1,3,3.17,0.0
S109372,49.82,30.55,72.1,75.04,1,0,3,6.12,57.56
S109373,74.81,55.76,62.49,31.26,2,1,5,3.15,55.75
S109374,61.57,81.46,42.39,49.91,2,0,0,7.8,49.11
S109375,51.92,60.98,27.74,59.65,2,0,9,10.0,51.35
S109376,49.44,52.5,65.05,49.41,1,1,2,9.66,49.34
S109377,70.0,56.03,68.97,78.63,2,0,4,6.93,64.73
S109378,49.1,87.79,35.88,36.25,2,1,5,4.95,38.11
S109379,25.27,67.84,72.17,59.42,2,0,4,3.36,58.97
S109380,46.6,74.99,54.43,81.89,2,2,4,1.48,24.63
S109381,46.62,60.95,71.69,55.85,5,1,4,10.0,41.11
S109382,47.78,25.04,74.98,68.0,3,1,4,2.97,31.82
S109383,26.49,27.86,37.81,58.04,4,2,5,5.41,60.86
S109384,64.06,63.23,77.56,65.65,5,1,3,4.96,50.42
S109385,,60.24,70.45,63.12,1,2,4,5.16,40.16
S109386,73.75,92.88,44.01,44.74,2,1,4,5.38,39.17
S109387,39.69,77.09,89.33,48.75,2,1,3,7.2,27.81
S109388,49.36,93.63,36.95,67.96,2,0,2,6.46,37.02
S109389,33.72,80.41,68.23,77.15,2,4,3,0.12,69.82
S109390,53.31,68.51,52.87,38.83,3,3,4,4.31,55.73
S109391,73.84,100.0,46.72,52.34,1,0,1,6.96,33.89
S109392,92.59,79.37,73.02,47.1,3,0,4,7.19,63.77
S109393,67.39,59.29,74.56,78.31,3,2,8,6.57,77.89
S109394,64.4,56.54,85.95,57.31,5,0,2,6.44,25.06
S109395,36.92,53.54,51.27,36.72,4,0,2,7.45,12.21
S109396,82.61,52.54,31.5,52.65,0,1,1,6.73,67.89
S109397,32.68,60.13,70.42,77.53,1,0,4,5.89,40.95
S109398,62.97,60.23,24.37,30.02,3,0,5,10.0,35.61
S109399,67.88,38.21,65.76,57.64,2,0,1,2.13,41.52
S109400,51.22,38.83,58.87,47.68,3,1,3,1.72,65.61
S109401,67.19,81.99,67.54,78.28,0,0,5,5.41,39.75
S109402,70.9,64.71,60.02,24.07,5,0,3,6.44,55.28
S109403,53.11,77.04,57.69,71.97,5,1,8,0.0,42.95
S109404,50.77,89.63,42.34,53.5,1,0,2,9.3,50.87
S109405,98.1,35.81,72.38,36.73,0,2,6,5.93,65.56
S109406,33.85,94.29,25.13,43.02,8,1,2,0.0,57.32
S109407,84.06,55.42,63.36,57.3,3,0,4,2.35,20.57
S109408,51.21,63.04,81.37,57.3,3,1,3,6.3,54.23
S109409,43.84,65.43,55.41,54.93,2,2,5,9.47,5.33
S109410,50.8,35.73,25.93,42.64,1,2,1,6.91,65.37
S109411,86.17,46.7,44.28,47.48,3,0,1,0.0,46.14
S109412,39.66,69.91,88.27,51.67,2,2,1,0.45,26.53
S109413,47.61,75.24,43.97,21.46,3,1,1,2.62,60.74
S109414,34.53,69.38,82.88,40.26,2,1,2,5.87,66.43
S109415,50.51,46.34,78.37,31.47,4,0,4,6.67,54.41
S109416,50.35,45.85,73.28,56.74,3,0,6,6.2,37.09
S109417,36.47,64.09,61.93,37.83,6,1,2,3.53,46.32
S109418,23.77,88.33,24.07,83.65,4,0,4,4.89,86.39
S109419,62.37,72.66,24.95,49.57,4,0,2,6.54,49.21
S109420,64.83,63.24,61.43,100.0,2,0,3,3.68,47.52
S109421,62.5,83.41,93.49,55.07,5,3,4,7.25,65.33
S109422,56.64,9.52,45.91,31.7,1,0,8,4.77,55.17
S109423,63.98,52.51,65.43,47.75,1,1,6,6.16,30.46
S109424,71.24,51.77,81.05,67.44,3,0,2,10.0,52.93
S109425,39.47,47.95,49.92,56.82,1,0,1,2.56,50.43
S109426,79.92,52.56,42.03,77.96,1,3,5,0.0,50.53
S109427,87.98,67.85,53.71,67.36,4,0,2,5.3,54.89
S109428,84.07,100.0,63.17,70.72,4,1,8,8.06,60.73
S109429,52.76,57.03,38.76,52.07,1,0,6,5.16,70.08
S109430,73.49,56.26,70.11,57.61,4,1,3,4.36,65.99
S109431,20.21,60.92,67.85,48.89,4,1,4,8.67,68.38
S109432,62.99,87.01,59.58,68.87,0,0,6,7.1,12.79
S109433,76.16,81.59,66.32,54.91,1,0,4,7.18,64.67
S109434,38.71,84.19,76.71,32.96,3,1,2,6.45,46.27
S109435,57.94,46.11,56.33,73.61,4,2,6,8.07,42.63
S109436,67.92,64.53,48.48,60.81,2,2,3,1.76,53.17
S109437,81.15,67.73,61.67,63.23,5,2,2,3.11,62.98
S109438,100.0 ,94.39,48.49,72.67,4,0,5,4.93,32.79
S109439,74.34,56.23,61.63,39.77,1,0,1,1.59,47.14
S109440,28.87,56.73,47.57,43.1,2,0,4,5.36,44.62
S109441,54.68,73.76,63.14,47.68,2,0,7,4.64,57.82
S109442,54.89,50.33,45.06,77.63,2,0,3,4.54,56.83
S109443,61.13,75.52,54.61,76.74,1,1,5,6.01,34.0
S109444,,49.34,56.88,34.1,3,1,5,3.35,49.06
S109445,72.14,60.56,51.32,35.82,1,1,6,1.97,52.29
S109446,66.86,60.91,50.2,50.06,1,1,4,7.5,46.53
S109447,77.91,49.85,46.75,85.07,3,0,6,6.48,37.04
S109448,58.48,90.59,52.19,39.09,2,2,1,7.58,50.82
S109449,75.57,69.25,39.65,67.8,1,1,2,7.21,69.48
S109450,58.6,74.23,72.71,69.94,2,1,3,1.77,67.94
S109451,36.12,67.23,60.71,63.57,2,0,2,7.43,13.82
S109452,59.3 ,58.56,51.55,36.56,3,1,6,8.97,43.56
S109453,50.45,34.4,60.64,29.45,1,0,5,2.89,76.09
S109454,72.48,61.43,69.93,29.95,0,0,4,6.57,82.95
S109455,69.32,37.3,46.61,46.76,1,2,6,2.77,44.5
S109456,22.55,54.25,77.83,100.0,3,0,2,5.76,86.16
S109457,41.94,65.81,39.01,36.17,2,0,4,7.04,84.15
S109458,47.84,48.49,64.93,36.79,2,0,7,4.35,18.7
S109459,34.1,85.67,49.47,51.63,5,1,4,3.94,30.06
S109460,77.72,35.31,61.17,51.73,2,2,3,2.24,24.05
S109461,50.45,55.11,60.06,72.91,1,2,4,8.22,41.5
S109462,53.91,55.05,70.12,29.91,5,0,2,10.0,43.96
S109463,55.34,48.14,55.98,57.67,1,0,4,7.45,48.91
S109464,77.41,64.26,100.0,59.58,0,1,6,6.8,65.86
S109465,67.44,65.37,41.53,63.46,2,0,6,7.43,14.02
S109466,16.07,37.48,68.9,71.4,1,2,7,2.85,50.0
S109467,51.49,44.61,54.69,29.4,5,0,6,4.8,15.15
S109468,41.27,76.75,64.94,67.46,5,0,2,0.77,65.93
S109469,49.36,73.95,67.72,61.11,4,2,4,5.71,22.5
S109470,67.36,72.82,27.69,28.32,2,2,3,4.72,49.31
S109471,41.27,32.43,79.1,55.44,0,0,4,3.2,55.07
S109472,55.06,88.02,38.29,65.78,2,0,3,6.05,41.48
S109473,41.16,80.79,82.77,61.55,0,0,4,10.0,28.69
S109474,64.73,69.9,58.44,53.47,2,0,4,2.47,58.66
S109475,,63.04,51.44,78.17,2,2,4,4.94,67.32
S109476,63.53,67.34,53.29,60.82,8,3,2,5.8,64.78
S109477,42.74,61.47,57.11,39.59,1,1,4,5.72,44.74
S109478,,48.23,56.3,29.14,4,0,2,3.3,15.19
S109479,55.49,55.78,48.89,71.74,2,0,6,2.33,41.14
S109480,21.9,83.95,65.23,56.93,2,1,6,3.71,52.45
S109481,53.78,57.54,50.47,68.16,2,0,2,2.01,57.58
S109482,42.21,39.42,54.94,40.21,2,0,4,0.37,71.27
S109483,72.51,49.47,65.71,51.37,1,1,3,3.83,66.8
S109484,69.58,49.24,100.0,64.73,1,1,2,9.54,34.62
S109485,53.84,40.7,58.47,56.49,2,1,6,4.49,40.05
S109486,96.28,52.01,77.59,72.83,1,1,1,6.39,74.44
S109487,33.73,29.74,66.42,100.0,2,0,1,10.0,53.26
S109488,,39.69,58.71,,3,3,6,6.56,79.4
S109489,39.05,53.25,73.14,14.71,2,0,5,6.32,31.64
S109490,35.28,25.0,63.85,30.22,4,1,3,2.75,57.11
S109491,46.11,56.33,25.14,60.14,2,1,4,6.14,61.86
S109492,81.8 ,55.14,39.18,41.25,5,0,4,9.27,65.91
S109493,62.55,67.13,45.9,79.64,5,0,6,5.25,66.84
S109494,76.85,57.94,57.04,64.78,4,2,3,4.34,48.08
S109495,60.55,98.03,74.69,59.87,1,0,5,6.14,70.9
S109496,50.89,58.5,60.43,40.05,4,1,5,4.02,42.7
S109497,75.9 ,40.83,45.34,44.2,5,0,1,7.13,60.56
S109498,54.8,75.68,58.69,62.23,3,0,4,10.0,66.78
S109499,57.74,43.56,51.66,75.47,1,0,3,8.31,34.2
S109500,62.6,34.0,84.29,23.23,3,0,6,0.53,24.44
S109501,60.9,47.02,49.17,69.67,1,1,5,4.18,62.64
S109502,98.06,55.21,46.97,39.03,1,0,3,6.55,56.46
S109503,61.23,42.52,64.02,41.98,2,0,6,3.75,63.72
S109504,41.59,61.48,84.91,55.1,3,0,5,1.84,78.08
S109505,58.79,56.34,79.35,67.92,3,1,4,8.5,11.83
S109506,70.3,88.07,51.19,88.75,2,0,3,8.62,55.12
S109507,65.16,66.02,30.68,38.84,2,0,1,6.46,61.96
S109508,55.96,71.85,48.68,85.05,0,2,3,6.78,72.83
S109509,48.9 ,67.94,62.56,,2,1,2,4.15,39.62
S109510,56.69,91.64,54.81,41.97,3,2,5,6.51,29.52
S109511,73.18,81.16,52.57,57.82,1,1,2,8.66,76.89
S109512,52.97,67.33,51.51,38.84,3,2,5,8.79,27.89
S109513,58.43,59.2,72.56,64.23,1,0,5,4.67,46.15
S109514,78.21,65.69,59.52,100.0,1,1,3,1.71,60.41
S109515,66.69,57.01,81.05,64.45,0,1,4,2.79,1.3
S109516,25.58,66.21,92.08,62.66,0,0,3,4.32,45.71
S109517,55.92,68.65,59.6,71.01,2,0,4,6.44,78.83
S109518,35.0,82.29,63.38,73.19,1,1,4,6.9,55.41
S109519,39.61,44.64,47.04,61.85,3,0,4,5.85,47.13
S109520,39.47,86.17,56.42,40.48,3,0,2,4.94,70.56
S109521,46.6 ,69.53,62.19,46.47,3,0,2,3.98,55.46
S109522,38.8,71.6,32.17,51.17,0,1,4,8.6,52.78
S109523,50.84,60.95,52.71,57.6,5,0,5,1.31,43.13
S109524,46.6,47.02,50.44,56.1,0,0,7,3.98,42.22
S109525,73.55,35.23,64.48,52.01,3,1,3,8.03,56.8
S109526,46.45,16.68,55.23,57.63,2,0,8,9.46,24.36
S109527,68.31,81.42,59.76,53.91,1,1,3,6.44,75.55
S109528,45.12,52.01,61.51,72.63,5,0,3,5.38,85.78
S109529,57.0,99.44,65.78,45.89,3,2,3,6.91,51.43
S109530,56.24,82.34,50.14,68.66,1,0,3,5.48,30.71
S109531,78.27,78.7,70.05,64.09,2,2,3,2.28,26.25
S109532,46.91,26.16,45.18,58.43,0,0,5,3.53,62.81
S109533,40.29,54.4,68.92,86.61,4,2,5,3.81,41.95
S109534,51.59,82.35,38.65,28.38,5,1,3,4.5,81.4
S109535,35.14,61.37,63.34,99.0,1,2,5,5.3,13.55
S109536,63.71,70.97,37.57,57.27,1,0,3,7.06,81.7
S109537,79.42,48.28,40.9,49.49,1,1,5,6.32,72.43
S109538,46.28,75.25,57.15,71.87,3,1,4,8.56,39.08
S109539,78.35,46.71,46.16,29.75,2,0,5,4.75,59.24
S109540,94.2,75.26,50.37,71.79,0,0,5,0.56,34.25
S109541,29.92,72.97,44.89,,3,1,6,5.35,31.34
S109542,58.71,13.98,73.85,91.62,1,0,1,3.13,83.93
S109543,53.6,56.75,73.39,45.03,0,1,3,8.32,27.14
S109544,54.71,33.26,82.75,38.68,3,0,1,6.47,42.66
S109545,42.16,91.84,64.97,35.91,4,0,2,9.08,31.38
S109546,54.72,69.41,49.61,81.44,0,2,5,4.05,56.34
S109547,47.14,87.54,53.04,58.31,1,0,4,2.43,61.61
S109548,62.85,68.98,45.45,,2,1,2,5.67,33.45
S109549,100.0,62.84,64.94,25.41,2,0,5,4.39,63.19
S109550,91.64,69.37,81.39,84.22,3,2,3,7.66,0.0
S109551,60.18,75.69,74.87,68.93,3,2,5,2.19,32.48
S109552,75.8 ,95.41,52.34,60.82,5,1,3,5.59,26.12
S109553,80.1,39.0,49.59,58.6,5,1,2,9.34,5.13
S109554,58.08,57.17,60.92,61.76,4,1,5,4.87,84.1
S109555,40.75,61.54,65.76,88.5,0,0,5,5.02,32.19
S109556,60.0,55.02,77.35,84.64,0,1,6,0.8,44.08
S109557,52.75,64.35,49.97,40.5,1,1,3,4.85,71.43
S109558,30.31,57.83,61.73,37.34,0,0,4,3.14,78.42
S109559,75.83,73.62,70.7,47.78,2,0,4,3.35,16.94
S109560,39.35,56.68,28.35,32.6,2,1,5,7.82,91.76
S109561,83.69,74.01,72.75,71.68,3,2,3,8.41,48.46
S109562,35.5 ,46.59,52.09,52.24,4,0,6,4.59,63.68
S109563,35.6 ,57.28,31.15,60.57,4,1,7,7.98,53.04
S109564,58.65,55.74,35.35,62.63,2,0,2,4.0,32.32
S109565,71.89,57.94,36.93,55.17,3,0,9,8.36,49.59
S109566,70.59,81.87,56.03,41.39,0,1,2,7.21,53.44
S109567,55.01,26.47,55.61,38.79,2,0,6,8.93,80.62
S109568,69.15,59.19,53.18,26.38,2,0,1,5.61,23.36
S109569,57.21,61.37,73.89,65.93,3,1,4,3.65,30.71
S109570,60.26,71.99,61.93,59.05,2,2,4,6.17,47.89
S109571,46.31,39.37,76.29,51.57,0,2,5,7.87,35.59
S109572,53.89,72.54,50.48,22.48,2,0,8,1.83,58.37
S109573,65.82,70.64,75.31,,0,1,3,6.54,42.69
S109574,79.87,65.77,59.53,50.81,4,0,2,5.31,56.85
S109575,78.91,71.16,39.79,80.11,3,0,6,0.0,45.03
S109576,68.37,58.32,68.73,76.88,2,1,10,9.25,69.76
S109577,83.9 ,68.88,43.16,60.94,6,0,1,0.81,16.78
S109578,46.16,55.33,69.72,57.6,4,1,3,8.13,100.0
S109579,56.42,56.14,68.55,78.28,0,0,5,6.92,33.54
S109580,53.9,95.26,51.16,56.32,3,1,7,6.32,57.46
S109581,21.68,63.09,100.0,35.49,1,1,4,8.45,14.28
S109582,25.65,60.86,59.09,53.8,2,0,1,0.0,54.49
S109583,67.39,61.5,38.06,42.52,0,0,6,8.82,28.64
S109584,82.29,49.39,56.75,31.17,2,1,5,4.11,54.47
S109585,,75.24,22.02,54.04,3,0,2,2.77,68.37
S109586,58.47,40.89,67.86,28.18,0,1,4,7.73,51.08
S109587,45.73,78.3,78.27,68.24,1,1,3,8.28,70.55
S109588,66.96,46.47,69.6,72.46,2,0,5,4.2,45.88
S109589,48.06,52.31,43.99,60.18,1,0,6,9.75,61.56
S109590,55.36,53.04,67.9,90.5,4,0,6,3.81,70.16
S109591,73.32,54.92,42.0,64.36,4,0,4,8.99,62.57
S109592,78.97,50.37,22.69,60.11,3,1,2,10.0,39.52
S109593,63.69,67.66,49.06,59.33,1,0,5,4.93,62.69
S109594,49.11,79.84,52.56,57.58,4,0,4,3.58,68.46
S109595,65.4,32.72,75.7,66.8,2,0,4,3.86,51.98
S109596,41.64,95.12,67.39,45.92,1,1,2,10.0,47.28
S109597,59.0,38.92,51.55,33.3,2,0,3,6.38,45.64
S109598,77.76,48.81,62.08,28.4,6,1,4,6.9,40.29
S109599,74.29,70.79,40.22,42.01,3,2,3,6.43,55.44
S109600,56.06,69.55,80.41,,4,0,3,4.34,57.67
S109601,55.69,55.43,47.18,27.34,3,0,7,5.71,61.85
S109602,42.05,26.48,82.35,53.32,1,0,5,9.11,53.93
S109603,72.01,52.61,54.87,,2,3,4,9.77,21.07
S109604,58.24,36.81,43.51,47.57,5,1,7,7.96,100.0
S109605,57.1,38.65,53.42,45.57,0,1,4,8.61,74.59
S109606,51.27,65.06,71.23,81.85,1,2,1,3.01,38.88
S109607,73.0 ,65.19,35.71,30.96,6,1,1,4.93,29.46
S109608,100.0,56.93,93.45,44.52,1,0,5,7.97,61.0
S109609,68.31,41.2,75.1,21.56,1,2,4,7.81,47.63
S109610,74.2,82.18,60.24,50.3,3,2,1,5.66,31.97
S109611,53.95,39.26,62.51,58.99,2,1,6,0.99,64.25
S109612,33.39,69.8,24.22,36.76,3,0,0,5.96,47.7
S109613,25.85,80.17,66.14,26.89,1,0,4,6.71,28.15
S109614,37.3,44.61,69.71,77.14,3,2,5,10.0,22.63
S109615,58.12,16.1,59.98,47.18,2,2,6,6.4,47.11
S109616,45.63,57.79,76.84,61.49,6,0,6,7.98,71.02
S109617,65.52,45.27,41.22,78.99,3,0,2,5.61,81.48
S109618,50.73,12.04,82.0,41.5,8,0,3,0.79,82.9
S109619,32.94,24.6,58.3,79.6,2,0,3,7.52,76.99
S109620,76.14,60.06,58.32,41.22,2,1,4,7.43,41.65
S109621,59.71,49.04,74.6,41.12,1,1,1,5.62,46.95
S109622,20.16,99.17,32.17,61.92,1,0,4,5.07,36.34
S109623,40.83,58.68,46.67,53.86,2,1,4,5.72,76.99
S109624,52.09,71.37,74.99,11.94,1,0,3,2.22,60.64
S109625,58.2,78.18,53.7,70.04,0,0,6,3.3,37.23
S109626,62.49,54.66,65.98,52.18,2,0,1,1.67,42.16
S109627,64.7,68.78,63.66,26.77,2,1,9,2.94,86.57
S109628,76.73,47.69,59.89,25.54,0,0,5,6.73,68.11
S109629,60.76,52.77,56.99,56.52,2,0,5,5.78,26.84
S109630,59.11,88.68,60.13,51.85,2,0,2,2.53,16.1
S109631,35.1,55.21,75.91,27.79,1,0,4,2.55,47.04
S109632,45.41,64.53,67.26,46.04,0,0,7,5.56,28.72
S109633,81.57,86.9,54.09,64.57,5,1,7,0.0,54.87
S109634,53.22,28.85,48.02,60.25,2,1,3,4.74,37.94
S109635,47.63,57.18,61.91,50.91,1,0,4,6.63,52.38
S109636,45.06,43.71,52.47,56.07,4,0,4,1.66,49.15
S109637,37.1,23.08,60.29,63.48,1,0,7,9.38,23.42
S109638,67.21,30.59,62.67,59.17,2,1,2,6.59,46.81
S109639,89.35,90.02,70.87,46.84,0,2,5,8.82,39.16
S109640,69.99,82.57,89.07,60.65,0,2,2,5.81,2.31
S109641,35.68,54.8,36.06,50.09,2,1,2,6.01,46.7
S109642,97.76,87.55,63.92,36.56,3,0,2,6.23,61.13
S109643,59.12,48.21,53.42,79.83,3,0,2,5.1,33.01
S109644,53.71,31.33,25.37,41.75,4,1,2,1.12,43.15
S109645,69.44,87.24,54.96,64.97,1,1,5,7.16,62.68
S109646,74.37,46.92,45.83,28.1,3,0,1,8.27,42.24
S109647,54.64,78.82,68.22,50.23,1,1,2,2.94,66.7
S109648,48.41,62.47,64.11,67.26,3,0,3,7.87,40.8
S109649,68.79,33.98,60.56,62.6,2,2,8,4.42,45.76
S109650,60.49,63.32,68.66,45.77,4,0,3,7.55,59.13
S109651,45.11,55.58,59.74,79.23,3,4,3,4.21,64.17
S109652,41.78,21.85,60.63,50.56,4,0,7,6.13,43.56
S109653,48.66,42.91,50.74,56.88,2,1,3,6.64,58.84
S109654,62.01,76.58,43.99,52.02,3,1,7,4.92,70.72
S109655,17.65,81.29,49.14,40.23,4,1,5,6.56,54.05
S109656,69.81,31.61,47.95,17.52,4,1,5,2.0,35.78
S109657,87.66,79.48,60.9,54.19,1,0,2,6.34,33.91
S109658,49.37,56.16,73.49,39.2,2,2,4,6.39,38.3
S109659,70.98,59.85,46.1,86.47,3,0,4,3.78,97.33
S109660,61.71,92.94,52.94,90.99,4,0,3,3.93,27.81
S109661,31.48,30.94,52.69,54.08,6,1,2,1.67,56.7
S109662,62.93,73.58,100.0,57.45,3,1,4,8.62,91.66
S109663,56.26,53.13,52.6,75.38,4,1,4,3.14,59.62
S109664,77.93,66.23,66.51,61.99,1,0,6,3.56,57.54
S109665,59.77,63.49,58.38,60.34,2,0,8,2.86,49.25
S109666,26.69,38.59,61.92,36.44,1,0,2,3.82,50.52
S109667,51.56,45.43,50.89,67.32,4,1,4,3.52,56.82
S109668,20.26,41.42,68.35,65.47,1,1,6,3.5,88.88
S109669,65.49,64.5,69.8,42.89,2,0,1,3.35,50.5
S109670,54.79,51.42,27.34,47.28,3,0,2,6.15,32.31
S109671,52.28,93.4,81.14,55.62,3,0,5,4.91,51.95
S109672,72.25,48.79,33.99,88.05,3,2,3,6.65,38.36
S109673,24.68,54.31,47.02,44.92,2,0,5,7.54,71.8
S109674,43.54,32.35,60.37,31.15,0,0,4,3.93,36.19
S109675,60.13,78.32,51.96,55.41,1,1,7,6.45,51.09
S109676,59.62,60.1,66.58,,4,1,3,7.9,57.91
S109677,77.57,39.22,56.48,66.59,3,0,3,1.07,75.62
S109678,57.87,48.19,92.72,67.88,4,1,3,3.61,73.42
S109679,44.5,84.62,81.23,81.1,1,2,8,4.49,80.76
S109680,83.15,81.65,63.29,74.68,1,0,4,3.03,13.41
S109681,40.01,69.59,78.73,63.93,3,3,4,6.48,35.88
S109682,51.72,83.57,46.28,25.18,3,1,7,3.73,47.0
S109683,55.86,81.25,66.13,58.74,2,2,3,7.04,85.77
S109684,52.69,36.12,44.7,,3,0,5,2.2,25.64
S109685,52.58,81.65,21.35,14.87,2,1,4,0.84,49.52
S109686,36.76,66.06,38.44,63.69,2,0,1,8.08,33.05
S109687,45.01,68.92,48.89,69.34,5,1,1,7.37,40.86
S109688,40.32,78.33,58.36,46.8,5,0,7,4.34,39.15
S109689,66.38,73.78,69.45,88.98,1,0,3,3.48,58.27
S109690,57.14,37.96,62.58,75.45,3,1,6,8.22,62.23
S109691,41.78,68.38,50.39,41.15,4,0,5,6.51,32.23
S109692,56.34,52.51,23.02,53.42,1,1,3,1.94,66.56
S109693,34.55,57.44,64.55,55.02,4,1,0,4.28,50.97
S109694,67.29,59.93,37.54,32.39,4,0,6,7.02,45.57
S109695,83.17,44.8,68.37,28.06,5,2,5,0.0,69.33
S109696,65.85,46.17,59.12,42.35,0,1,7,4.48,35.1
S109697,54.8,45.12,44.1,34.49,1,0,3,9.64,66.93
S109698,46.51,54.24,69.04,70.13,4,1,4,6.21,24.22
S109699,75.72,48.23,54.25,38.77,3,1,4,6.2,57.38
S109700,25.81,68.89,51.1,42.01,4,2,3,6.91,65.64
S109701,50.55,28.38,47.16,69.69,2,0,4,8.88,78.49
S109702,80.8,52.02,33.56,30.87,2,1,0,4.12,53.4
S109703,60.48,36.72,50.57,44.49,3,0,6,5.07,88.03
S109704,25.94,90.19,74.08,84.97,4,0,3,2.55,50.45
S109705,54.47,51.7,49.57,51.68,1,1,6,6.01,63.75
S109706,43.76,43.84,51.57,76.47,2,0,6,5.86,47.45
S109707,71.18,83.16,70.37,64.28,2,0,2,6.7,66.52
S109708,71.2,77.21,38.3,60.24,1,1,3,0.06,58.75
S109709,30.3,68.66,48.45,75.54,3,1,8,8.13,71.15
S109710,44.78,79.22,65.03,84.52,1,0,6,7.77,63.03
S109711,81.23,51.2,39.88,39.4,1,1,2,0.99,56.39
S109712,74.25,72.23,73.44,81.5,4,2,2,3.39,66.23
S109713,20.29,63.73,81.27,54.34,1,1,2,5.2,35.54
S109714,60.56,83.73,61.8,70.65,2,0,5,4.19,24.56
S109715,47.26,64.73,38.43,45.48,1,3,2,3.38,9.3
S109716,56.61,49.29,52.76,68.83,3,0,3,3.43,43.87
S109717,67.81,55.06,57.45,21.9,4,0,4,4.14,26.29
S109718,45.15,92.57,54.96,48.9,0,0,3,7.11,69.49
S109719,66.0 ,50.48,32.63,57.15,1,2,4,4.76,28.83
S109720,45.97,50.86,67.71,53.67,2,0,5,6.83,28.35
S109721,67.71,74.57,43.52,47.94,1,0,3,4.92,34.94
S109722,75.86,45.22,38.74,65.01,0,1,11,4.91,74.33
S109723,44.46,45.44,32.0,34.68,2,2,2,5.4,61.19
S109724,68.32,61.64,41.45,65.58,3,0,5,1.94,82.03
S109725,84.92,41.68,66.41,44.46,1,2,4,2.72,77.52
S109726,66.72,58.16,56.83,82.42,2,1,3,7.77,66.37
S109727,47.5 ,61.09,56.68,100.0,2,2,5,9.55,78.9
S109728,54.56,60.93,77.53,73.92,0,2,5,4.87,79.73
S109729,26.3,34.02,37.43,56.09,5,0,4,4.72,47.84
S109730,31.56,73.6,53.54,25.72,5,0,6,6.51,20.29
S109731,50.83,64.51,24.15,87.42,0,0,3,10.0,62.62
S109732,53.4,67.58,72.36,67.46,2,0,4,5.65,95.65
S109733,59.16,73.37,72.79,50.62,0,0,2,9.33,62.8
S109734,30.11,43.88,48.62,37.89,0,0,6,6.63,29.18
S109735,33.18,72.05,54.47,63.51,3,0,4,1.89,78.32
S109736,60.09,29.15,63.67,22.59,3,1,5,0.0,81.62
S109737,44.64,63.33,86.42,74.04,5,0,4,3.21,62.82
S109738,66.68,61.87,53.43,53.37,3,0,3,3.38,31.68
S109739,38.14,60.82,30.73,,1,2,6,1.44,28.93
S109740,49.02,55.78,35.75,62.0,1,0,2,1.23,39.41
S109741,28.53,69.66,54.87,71.76,6,1,5,4.6,43.73
S109742,47.38,86.35,64.84,92.09,2,0,2,1.71,56.22
S109743,59.98,46.15,44.54,73.28,3,0,6,7.15,45.49
S109744,38.62,52.42,100.0,44.04,3,0,3,3.82,46.39
S109745,39.18,78.91,78.65,82.45,1,0,3,7.23,46.79
S109746,67.4,61.43,75.91,47.87,3,0,6,5.87,51.57
S109747,64.8,64.6,43.25,43.0,1,2,1,2.26,21.61
S109748,41.59,58.17,56.33,70.38,2,1,8,8.53,51.29
S109749,43.63,83.8,53.58,70.32,2,0,2,0.0,30.21
S109750,65.05,48.88,30.53,6.1,2,2,3,8.2,78.48
S109751,44.73,50.96,65.87,33.5,4,1,4,4.19,35.01
S109752,92.24,47.77,45.19,69.89,1,1,6,6.84,51.85
S109753,65.66,55.13,61.16,70.17,2,0,4,10.0,37.9
S109754,73.8,69.28,54.53,44.56,5,0,6,4.34,25.25
S109755,72.96,59.96,53.34,63.2,0,0,2,8.96,77.57
S109756,65.43,52.35,59.6,81.61,2,1,7,6.94,38.77
S109757,38.63,60.29,58.46,65.98,1,0,5,5.1,40.82
S109758,42.21,63.83,65.6,82.24,1,1,10,2.84,65.44
S109759,55.48,33.04,49.0,65.77,1,0,3,9.53,53.89
S109760,73.37,41.1,79.53,55.73,1,0,4,3.23,59.78
S109761,41.53,21.28,50.49,48.05,3,0,2,0.0,87.7
S109762,70.85,73.66,66.32,64.24,5,0,2,2.97,62.25
S109763,57.31,80.82,78.47,58.02,5,0,4,5.05,38.52
S109764,84.96,84.45,70.13,69.05,7,1,8,3.41,48.04
S109765,70.57,46.14,91.92,20.68,7,0,6,3.29,38.57
S109766,28.76,61.28,57.64,82.11,2,2,5,7.71,43.07
S109767,46.12,52.93,39.76,77.89,2,1,3,1.43,54.75
S109768,27.95,81.03,48.57,69.18,2,1,5,3.6,40.34
S109769,50.45,50.39,50.11,79.78,5,0,1,8.87,21.03
S109770,38.8,41.01,39.81,37.02,3,0,6,8.36,72.82
S109771,49.23,48.31,90.03,51.66,6,0,6,3.61,63.3
S109772,39.68,57.36,37.84,85.02,0,0,2,3.96,33.17
S109773,60.34,53.0,57.93,40.41,3,1,3,6.78,66.04
S109774,64.87,50.81,41.49,56.74,1,0,4,4.99,48.38
S109775,49.35,57.61,45.17,45.75,2,0,4,9.58,39.64
S109776,33.9,91.21,73.08,33.3,4,1,6,0.62,33.52
S109777,39.22,43.61,67.92,31.94,2,2,2,8.21,35.59
S109778,60.43,43.97,82.61,25.93,2,1,5,8.84,69.92
S109779,40.84,42.35,72.29,66.33,2,3,3,0.0,38.75
S109780,15.81,53.07,29.64,37.8,1,1,3,3.85,41.5
S109781,48.71,42.82,70.38,75.94,0,0,4,8.07,73.47
S109782,62.18,49.22,56.55,74.57,1,0,3,6.78,86.2
S109783,63.89,43.96,54.42,68.44,6,0,4,5.85,49.29
S109784,46.95,43.91,31.89,67.75,0,1,5,3.85,53.85
S109785,54.85,61.06,53.2,28.29,4,0,5,6.77,49.21
S109786,19.86,75.71,65.53,33.31,7,0,2,3.08,45.46
S109787,68.43,52.33,64.37,61.04,2,0,5,4.8,42.06
S109788,,68.03,42.57,62.57,3,1,3,6.11,88.24
S109789,66.23,56.84,67.11,77.38,3,0,4,4.54,72.13
S109790,46.84,71.41,62.84,,2,2,6,9.86,47.33
S109791,65.25,61.88,56.58,51.16,2,0,2,3.34,25.81
S109792,59.96,70.74,57.34,20.5,3,1,5,4.88,61.35
S109793,57.7,85.84,42.18,74.85,1,0,2,3.36,60.27
S109794,65.51,89.62,49.34,76.68,1,2,8,2.64,59.23
S109795,71.53,71.38,80.75,34.64,5,2,5,4.6,34.58
S109796,55.5,53.36,53.94,72.54,2,1,2,7.04,53.51
S109797,55.1,32.99,54.72,56.83,3,0,4,3.53,33.1
S109798,49.61,40.26,59.46,50.36,3,1,2,6.54,30.02
S109799,44.24,30.56,66.37,53.56,3,0,3,3.57,49.82
S109800,44.45,94.81,25.82,23.11,3,1,4,4.45,42.77
S109801,38.48,76.61,52.27,40.79,3,0,3,5.19,37.89
S109802,26.17,79.96,29.93,42.35,1,1,3,6.03,39.19
S109803,54.74,55.35,59.69,34.73,1,1,3,8.55,77.82
S109804,53.67,81.27,65.79,34.08,0,0,3,7.6,21.56
S109805,52.22,23.16,66.38,80.21,0,0,4,5.43,84.17
S109806,65.56,46.15,39.91,55.72,3,1,1,5.62,50.05
S109807,64.14,76.07,53.73,42.31,2,2,7,9.77,45.49
S109808,55.31,65.61,41.87,41.98,0,1,1,9.63,41.36
S109809,49.93,70.79,41.02,48.68,1,0,4,6.35,41.83
S109810,55.82,54.67,61.52,58.78,0,0,3,9.42,42.28
S109811,70.65,71.01,60.61,49.16,5,0,5,6.74,61.47
S109812,41.87,74.57,57.48,35.35,4,1,11,6.43,47.89
S109813,49.23,68.88,55.52,61.79,1,1,6,3.48,51.79
S109814,42.14,86.24,69.8,53.21,4,1,5,1.98,43.44
S109815,31.55,52.06,68.81,60.59,2,2,2,3.47,69.47
S109816,62.5,33.63,40.5,46.89,1,1,5,5.81,32.0
S109817,45.9,61.27,57.23,29.25,6,1,4,5.08,51.22
S109818,62.39,38.63,57.9,58.84,1,1,4,3.46,41.99
S109819,27.19,86.7,51.24,59.74,1,0,7,6.44,63.39
S109820,20.96,35.26,48.22,38.66,2,0,4,4.5,36.89
S109821,46.58,84.16,69.79,36.88,2,2,5,4.22,63.35
S109822,83.27,13.22,57.56,63.71,4,1,3,3.2,17.02
S109823,89.73,57.09,61.83,92.13,2,1,6,4.26,47.09
S109824,63.55,72.39,41.29,59.09,1,0,6,9.84,95.34
S109825,76.47,49.12,48.0,40.79,2,0,2,2.09,83.69
S109826,52.82,56.09,48.46,44.23,4,2,2,9.39,59.07
S109827,50.72,62.08,60.35,43.93,1,0,2,4.13,50.87
S109828,66.24,45.83,53.23,68.57,0,0,7,3.96,20.93
S109829,81.5,55.6,59.68,63.06,2,1,2,4.54,15.41
S109830,49.56,88.86,53.75,34.89,1,0,1,6.35,42.03
S109831,60.6,44.31,67.6,27.75,3,2,1,2.59,37.03
S109832,30.89,25.24,69.37,86.6,1,0,10,6.37,17.27
S109833,56.63,68.85,81.52,53.6,1,2,3,4.16,14.23
S109834,59.75,54.39,66.99,14.79,3,0,4,5.6,54.62
S109835,47.48,60.95,50.56,72.44,0,1,5,6.91,43.7
S109836,82.21,60.25,67.54,30.16,1,1,3,4.81,53.49
S109837,35.64,38.94,53.29,13.81,0,1,2,4.03,36.0
S109838,33.22,62.13,100.0,50.25,4,0,4,6.57,63.96
S109839,100.0,76.63,66.12,47.83,1,0,6,7.4,80.71
S109840,70.76,86.9,91.3,39.59,2,0,3,5.6,31.7
S109841,36.8,48.1,56.02,19.68,4,0,3,3.88,59.66
S109842,70.6,42.23,67.14,36.87,5,1,3,4.41,79.94
S109843,50.04,71.28,31.21,81.33,2,0,6,6.31,33.45
S109844,53.91,62.45,60.19,43.02,2,1,1,9.2,33.64
S109845,30.65,32.69,55.04,49.29,2,0,3,7.86,25.07
S109846,39.81,47.78,76.09,28.36,5,0,4,2.95,57.12
S109847,77.43,67.78,60.39,66.84,6,1,4,7.99,33.98
S109848,72.44,48.03,73.96,92.87,2,2,4,5.99,46.29
S109849,36.95,63.15,34.21,60.98,4,2,4,2.49,94.35
S109850,50.3,77.39,52.11,55.19,3,4,7,6.06,36.17
S109851,68.19,70.4,54.57,50.1,0,1,5,7.33,40.98
S109852,67.55,57.58,73.5,41.22,1,2,1,7.02,53.39
S109853,96.44,86.3,59.95,46.0,4,2,5,4.76,37.16
S109854,42.62,68.21,49.37,41.86,3,1,2,8.14,86.42
S109855,75.37,38.91,33.41,21.76,3,0,8,1.23,52.67
S109856,72.19,93.94,51.76,41.69,3,0,2,1.94,53.97
S109857,39.45,46.62,85.75,54.95,1,2,5,6.15,73.38
S109858,81.65,39.71,29.95,58.16,3,1,1,8.48,40.88
S109859,50.48,65.15,40.9,54.08,3,1,5,4.62,40.47
S109860,71.05,77.47,58.79,59.13,1,1,3,3.47,74.67
S109861,49.09,55.81,83.91,51.46,6,1,4,9.97,72.88
S109862,32.17,73.55,68.48,50.67,2,1,4,7.11,20.31
S109863,38.15,60.96,51.83,37.99,1,0,2,2.63,59.19
S109864,93.14,60.76,62.12,30.87,2,1,7,4.99,20.42
S109865,40.93,60.55,50.41,67.11,2,1,7,4.51,58.1
S109866,56.26,63.98,27.31,66.57,1,0,3,5.19,37.97
S109867,22.7,64.41,57.16,69.25,4,0,7,6.56,72.21
S109868,75.32,65.54,61.04,51.85,2,0,5,8.2,21.82
S109869,31.98,53.73,58.41,59.08,5,1,5,3.63,80.87
S109870,70.78,37.18,61.23,44.83,2,2,5,6.65,92.32
S109871,76.41,41.01,70.16,82.06,5,4,5,5.26,45.1
S109872,63.12,90.69,62.8,77.4,5,2,7,8.27,49.99
S109873,33.15,72.89,50.07,31.31,7,1,6,6.97,61.28
S109874,35.7 ,51.24,51.95,51.63,2,1,4,4.48,32.04
S109875,17.19,61.29,65.06,40.27,3,1,4,2.12,63.83
S109876,39.23,65.88,70.55,49.03,1,0,2,5.92,50.93
S109877,46.8,50.77,81.72,74.66,3,0,3,2.19,37.64
S109878,60.04,52.9,39.67,67.35,0,1,3,3.42,37.41
S109879,39.35,40.51,39.4,52.47,3,0,5,6.6,19.37
S109880,38.4 ,70.72,73.88,74.37,1,2,4,6.11,18.34
S109881,71.61,45.99,48.77,59.85,1,0,3,4.87,78.33
S109882,83.28,61.52,73.76,31.73,4,0,0,3.2,68.1
S109883,51.25,64.07,43.13,68.87,3,1,7,6.77,37.51
S109884,41.06,70.38,37.46,36.22,4,0,6,8.41,83.14
S109885,55.21,71.22,40.56,57.44,2,0,10,2.92,70.13
S109886,35.8,84.92,62.05,50.29,4,2,1,7.47,41.54
S109887,20.04,63.08,42.73,58.55,2,1,5,5.22,59.37
S109888,71.29,71.92,75.51,47.35,0,1,4,6.83,83.8
S109889,67.37,65.07,52.82,58.16,2,1,6,5.33,44.3
S109890,64.64,70.18,62.64,67.6,1,1,5,7.03,64.23
S109891,60.25,46.06,62.53,88.27,3,1,1,7.59,28.63
S109892,54.57,63.78,67.14,30.83,2,1,8,6.29,3.9
S109893,57.04,82.97,70.36,61.46,2,0,5,5.48,45.0
S109894,64.3,66.51,43.25,72.7,1,0,2,8.59,59.51
S109895,49.46,62.95,54.86,53.5,3,2,2,7.99,47.85
S109896,62.4,83.31,42.18,39.1,2,0,6,9.95,38.09
S109897,73.95,89.16,75.54,50.77,2,0,3,5.45,25.36
S109898,46.24,56.16,33.72,,3,1,6,3.04,77.4
S109899,90.98,27.38,56.9,82.44,1,1,3,9.18,26.89
S109900,72.67,36.46,47.26,50.02,1,0,5,2.71,73.79
S109901,61.82,88.41,50.27,51.17,3,0,10,4.26,66.94
S109902,63.24,65.95,66.51,39.59,1,1,5,3.08,53.67
S109903,24.19,68.21,55.65,68.1,3,0,5,10.0,68.32
S109904,59.95,65.98,52.74,,3,2,2,6.58,24.6
S109905,50.85,68.98,71.26,49.77,2,0,2,5.89,47.66
S109906,15.26,39.02,83.24,41.22,2,1,4,3.01,82.07
S109907,38.63,54.63,56.72,,1,2,5,7.3,34.9
S109908,51.33,41.47,70.35,70.28,2,0,1,10.0,57.79
S109909,62.75,36.43,48.46,29.22,1,1,7,0.26,66.76
S109910,84.57,34.55,73.23,81.23,3,2,5,3.21,53.88
S109911,54.88,58.59,47.01,64.04,1,0,6,0.0,65.17
S109912,49.95,56.1,49.82,94.52,3,0,3,6.55,71.66
S109913,22.31,80.78,84.1,34.6,1,1,2,6.87,64.07
S109914,46.21,67.16,31.61,70.2,3,0,4,6.68,56.69
S109915,29.95,58.29,46.31,,4,0,3,6.19,51.75
S109916,49.78,40.41,66.21,35.03,0,0,5,7.54,51.08
S109917,58.22,78.77,56.21,26.52,3,0,2,6.89,26.73
S109918,45.28,65.24,74.33,45.17,3,1,6,7.17,52.99
S109919,39.84,33.48,78.79,62.93,0,1,3,0.0,85.99
S109920,47.93,54.32,48.31,43.05,1,0,5,4.45,52.66
S109921,59.74,66.38,53.37,42.55,3,1,3,3.59,39.95
S109922,70.56,72.82,56.74,33.8,2,1,5,2.74,71.78
S109923,36.96,35.71,67.29,48.31,1,1,4,0.59,38.85
S109924,34.14,66.3,43.29,24.84,3,0,3,4.13,72.16
S109925,58.82,33.86,57.99,60.75,2,1,5,0.59,53.31
S109926,50.06,63.12,72.03,58.16,5,0,4,3.97,17.64
S109927,32.13,87.49,76.58,50.22,2,2,3,8.92,43.16
S109928,53.55,73.97,85.15,48.09,2,0,5,3.76,64.71
S109929,54.68,50.66,72.94,70.46,4,0,2,6.94,32.51
S109930,31.81,86.37,48.59,66.15,1,1,3,3.95,20.25
S109931,89.17,85.74,61.54,65.52,1,0,2,5.9,62.33
S109932,36.53,33.75,54.94,100.0,3,0,3,5.16,68.3
S109933,48.78,49.84,59.0,54.63,2,1,5,5.5,65.03
S109934,24.8,81.57,26.15,56.63,3,1,5,2.31,31.61
S109935,27.86,54.04,55.97,43.55,2,1,3,2.87,55.06
S109936,90.44,25.67,58.21,76.59,2,1,6,0.72,29.15
S109937,41.39,47.16,87.71,85.8,6,1,3,0.0,41.99
S109938,69.76,94.06,42.18,,3,0,3,8.34,42.73
S109939,52.89,38.42,24.46,60.61,1,0,2,8.18,90.6
S109940,48.93,70.79,56.51,59.11,3,1,3,6.74,44.98
S109941,77.88,71.98,58.26,57.42,2,0,2,8.93,66.2
S109942,74.1,71.21,76.2,46.59,3,1,2,3.35,53.15
S109943,29.41,58.79,74.53,60.92,2,0,4,4.6,54.14
S109944,68.2,68.12,54.63,64.17,6,0,3,0.38,100.0
S109945,30.0,68.48,49.89,59.43,3,0,2,2.87,14.37
S109946,80.17,77.41,51.56,43.21,2,1,4,6.39,100.0
S109947,61.09,29.18,42.88,55.95,0,3,3,6.28,35.94
S109948,50.99,35.27,27.75,60.69,1,0,2,5.8,67.29
S109949,,25.8,61.74,72.93,4,2,4,2.93,82.03
S109950,41.17,62.45,54.27,44.84,3,0,4,1.73,37.8
S109951,56.24,59.1,52.45,85.99,1,0,1,6.81,32.6
S109952,90.03,74.91,32.12,57.96,6,0,3,2.22,27.79
S109953,59.85,85.2,67.77,51.42,1,0,7,4.04,47.67
S109954,60.15,32.03,85.54,6.4,4,3,5,6.98,68.28
S109955,82.88,83.14,70.27,50.53,3,0,5,2.31,22.66
S109956,72.92,76.81,58.65,36.22,3,1,4,8.41,45.85
S109957,44.95,70.71,66.67,71.07,2,2,3,3.69,68.2
S109958,30.8,76.88,55.32,80.57,2,0,5,5.48,34.01
S109959,60.74,57.88,19.91,74.95,1,0,6,7.84,38.78
S109960,46.72,62.34,88.11,56.34,6,1,0,5.0,57.17
S109961,90.22,63.52,39.29,50.11,5,0,3,8.58,58.88
S109962,40.8,88.74,88.03,44.75,2,0,8,7.11,34.83
S109963,60.72,80.69,49.42,56.26,1,0,3,4.45,2.11
S109964,40.28,77.7,70.16,43.65,3,1,6,7.05,46.05
S109965,37.5,51.37,81.01,18.53,2,0,2,6.09,41.44
S109966,76.34,40.36,41.21,34.98,5,0,7,6.09,40.06
S109967,61.94,86.33,40.38,38.72,4,0,5,7.32,41.45
S109968,62.45,47.14,56.71,95.27,2,1,8,3.68,77.63
S109969,96.39,89.66,64.78,30.75,2,0,0,4.32,37.99
S109970,66.67,48.97,70.4,38.48,0,0,4,7.22,52.68
S109971,81.69,59.96,22.85,67.21,2,0,5,1.54,60.83
S109972,62.46,57.6,53.39,30.77,1,1,2,6.48,53.33
S109973,74.71,75.97,74.08,18.54,3,1,5,8.62,43.26
S109974,51.05,55.87,81.26,47.2,3,2,4,4.7,60.3
S109975,67.94,98.13,84.87,63.66,2,0,7,7.71,41.53
S109976,37.57,56.81,43.26,51.08,4,0,5,4.32,56.63
S109977,32.84,70.62,49.27,75.83,2,0,7,10.0,41.21
S109978,69.6,76.35,47.63,48.5,4,1,7,4.07,62.65
S109979,43.98,80.27,61.06,34.05,3,2,1,9.15,76.1
S109980,79.33,69.0,75.66,73.12,2,0,1,5.26,25.69
S109981,41.9,66.73,53.5,40.48,0,2,4,3.13,76.89
S109982,44.66,47.9,53.53,66.19,3,2,5,7.13,65.09
S109983,73.49,82.42,38.29,49.22,1,0,3,5.75,25.57
S109984,78.17,61.47,67.86,43.12,2,2,5,8.09,14.98
S109985,48.0,47.42,79.52,48.03,2,3,4,2.82,54.84
S109986,53.2,60.19,78.82,53.34,0,1,4,6.41,69.1
S109987,64.02,84.67,73.7,87.3,3,0,3,5.77,46.58
S109988,15.13,86.69,77.94,24.33,2,1,3,8.17,34.93
S109989,100.0,66.22,61.81,97.24,4,2,5,0.0,36.07
S109990,57.25,55.67,23.81,58.8,1,0,1,7.37,91.53
S109991,40.04,65.37,47.53,66.63,5,1,5,7.07,69.61
S109992,45.71,67.3,37.78,50.93,2,2,4,2.75,36.47
S109993,76.77,45.5,61.02,34.07,3,0,5,7.12,48.48
S109994,69.7,46.36,45.86,74.98,1,1,8,6.88,56.16
S109995,46.4,64.32,52.42,37.88,3,0,7,1.33,65.71
S109996,76.37,73.91,66.71,80.41,2,0,4,10.0,42.81
S109997,59.82,38.9,55.93,61.22,3,1,5,8.76,45.78
S109998,75.57,32.33,75.17,,3,0,4,5.27,37.89
S109999,77.47,49.4,57.62,71.69,4,0,8,2.56,82.41
S108834,42.32,68.69,62.5,62.04,2,1,4,1.37,27.23
S105604,65.59,100.0,73.58,42.0,3,3,6,0.0,40.72
S101523,44.89,65.32,63.88,65.88,3,1,0,8.15,4.85
S104961,36.58,64.17,61.0,61.92,0,1,5,3.45,20.53
S102476,44.32,82.71,22.07,46.43,3,0,4,6.22,73.64
S105813,19.59,89.61,81.12,85.4,3,0,0,2.59,66.32
S103846,44.21,77.74,45.76,33.2,3,0,5,2.62,53.05
S103064,42.22,30.22,85.87,47.49,0,1,1,10.0,33.74
S108819,37.93,69.86,46.85,70.3,3,2,6,4.43,35.54
S105278,68.37,71.62,62.68,49.88,1,1,6,5.75,31.09
S100180,84.78,62.42,54.79,53.97,5,1,3,7.88,76.74
S100682,42.97,54.81,90.31,,4,0,3,9.24,41.75
S106638,43.72,48.53,63.79,32.64,2,2,7,5.94,64.24
S102857,42.08,31.21,61.89,40.08,3,0,2,7.17,58.52
S107810,74.7,57.08,54.08,63.43,1,1,6,2.2,47.52
S108020,65.36,39.85,63.96,65.35,2,0,3,8.74,29.48
S100452,25.86,54.36,52.65,31.5,0,0,8,5.75,64.24
S102002,53.64,51.37,68.87,60.88,2,0,1,6.44,39.14
S102364,50.33,72.93,72.59,50.31,3,2,4,9.41,45.82
S108239,44.76,83.47,45.83,76.31,0,1,5,8.4,64.87
S100340,53.81,42.47,80.88,40.93,5,1,4,7.84,42.45
S106756,72.62,52.43,72.85,37.26,5,1,3,4.7,43.85
S106360,65.5,32.37,31.32,68.02,3,1,7,2.54,28.52
S101521,50.05,48.56,60.02,85.54,2,2,2,7.3,60.1
S107682,83.33,51.15,61.77,63.07,3,0,6,5.16,64.6
S102745,66.86,48.54,65.46,45.74,1,1,2,8.3,54.4
S103411,63.87,47.22,51.9,56.62,2,0,3,3.14,44.52
S105706,17.43,84.44,44.82,55.24,2,1,3,8.05,50.86
S108489,94.68,71.85,59.39,62.4,1,1,3,7.86,34.54
S102169,36.78,87.39,59.54,16.01,2,0,6,4.82,56.06
S105716,86.04,79.42,30.63,24.87,0,1,4,8.21,45.93
S107258,76.11,32.72,57.52,46.94,1,3,2,7.73,70.59
S108123,59.43,75.19,83.15,69.59,1,1,1,7.3,48.91
S105446,63.38,43.94,74.33,67.22,2,1,8,4.88,50.83
S109047,55.39,78.89,79.83,49.92,3,0,5,4.09,53.4
S106298,44.54,85.56,47.11,71.85,3,3,1,8.33,48.15
S109389,33.72,80.41,68.23,77.15,2,4,3,0.12,69.82
S100478,79.02,32.0,55.76,25.96,3,1,6,2.67,45.42
S105636,24.86,51.28,54.2,69.37,3,0,5,3.72,22.41
S104623,34.65,61.69,62.76,51.62,2,0,3,8.01,46.83
S105353,14.32,19.4,63.66,57.43,6,1,2,0.0,46.47
S103814,58.06,67.18,89.78,81.86,3,1,1,5.42,70.84
S100043,74.21,83.04,50.98,88.27,4,1,4,10.0,56.28
S109151,35.01,35.77,40.64,97.47,3,1,0,2.61,91.02
S105818,54.85,62.1,56.48,35.84,4,0,4,2.57,33.55
S108973,100.0,95.2,27.1,53.24,3,1,4,3.18,31.44
S109941,77.88,71.98,58.26,57.42,2,0,2,8.93,66.2
S102586,53.3 ,50.52,66.34,44.77,4,0,2,3.52,69.52
S102414,76.1,59.11,76.3,93.16,1,2,4,4.4,54.14
S101996,25.78,72.13,59.15,60.25,0,2,3,10.0,40.11
S109453,50.45,34.4,60.64,29.45,1,0,5,2.89,76.09
S100374,28.52,56.64,46.22,34.09,4,0,4,5.81,71.03
S100560,73.8,75.49,67.32,52.33,2,2,1,0.75,63.41
S102883,20.56,55.53,65.35,,0,0,7,2.84,58.27
S105543,13.77,53.88,48.97,83.21,6,1,6,1.8,40.51
S108431,44.28,69.83,67.02,63.9,0,1,2,4.98,43.12
S103355,31.5 ,63.67,52.83,46.79,2,2,4,9.85,23.82
S102473,49.75,59.25,32.78,49.14,3,1,3,7.63,51.12
S101914,63.06,68.15,58.25,65.63,3,1,4,3.83,58.75
S106287,20.08,55.73,80.66,35.38,1,2,2,0.83,39.93
S109564,58.65,55.74,35.35,62.63,2,0,2,4.0,32.32
S108215,52.71,72.28,81.03,75.65,1,0,3,7.37,0.0
S109449,75.57,69.25,39.65,67.8,1,1,2,7.21,69.48
S101357,49.27,56.77,59.28,,0,1,2,3.78,45.34
S105623,76.15,65.57,44.74,74.03,2,0,5,8.87,45.49
S104868,24.15,58.76,17.5,45.03,4,1,3,9.12,36.8
S100845,67.36,75.94,51.4,61.42,0,1,5,3.04,24.03
S105378,38.92,88.02,75.98,70.75,2,1,2,3.51,28.23
S102016,45.15,43.92,58.08,44.78,4,0,5,6.54,39.37
S108402,51.84,46.52,56.56,45.37,4,0,4,2.55,52.62
